Q_obj 
28 0 2 1 0 0 0 -1 2 0 0 -4 0 1 0 0 0 0 -1 1 -1 0 0 0 2 0 0 0 2 -3 -4 8 -4 0 -2 -1 0 0 0 0 0 0 2 -1 0 7 -2 0 -2 0 -2 0 0 -2 0 0 2 0 0 2 0 0 0 0 6 0 0 0 0 -2 0 0 0 0 0 -1 -4 2 0 0 4 0 0 0 -2 -6 0 -2 2 1 0 0 -3 1 0 3 0 2 -2 -2 0 0 0 2 2 -2 -1 0 2 -4 1 -3 0 0 2 0 0 -2 1 0 0 -3 0 0 0 1 0 -1 -2 2 0 2 0 0 0 6 -2 -1 4 2 1 0 0 2 -1 -6 -2 0 1 -2 0 -2 0 -4 0 0 0 0 0 0 0 0 -2 0 0 2 -1 0 0 0 2 0 0 2 0 0 0 4 0 0 0 0 1 4 -4 0 4 0 0 1 -1 0 -2 0 0 0 0 -2 -3 -1 0 -2 -2 4 0 -1 -1 0 0 -2 0 -3 0 0 0 0 0 0 0 1 0 0 2 0 -3 0 0 -1 0 0 0 0 0 4 2 2 0 3 0 0 0 5 0 -2 -4 -2 1 0 -2 0 0 -1 0 -5 2 0 -4 0 -3 3 0 0 0 0 4 -1 0 0 0 0 0 -2 0 -2 2 2 0 0 0 1 1 1 0 -1 0 0 0 3 -8 0 0 0 2 3 -2 1 1 0 -2 0 1 0 0 0 -3 4 0 -2 4 0
0 16 1 1 0 0 2 0 0 2 0 -2 0 2 -2 2 4 -1 2 0 0 0 0 0 2 0 -2 0 0 0 0 -1 0 0 0 0 0 0 0 0 1 0 0 0 0 0 0 0 -2 0 2 0 0 0 0 0 4 0 0 -1 0 9 0 0 0 0 0 2 0 -4 0 0 1 0 -2 0 -4 0 0 0 0 -1 0 0 -1 1 0 -1 0 0 2 -2 0 0 0 0 0 2 -2 1 0 -3 2 0 2 0 0 0 0 -6 2 0 0 0 -1 0 0 0 1 -2 0 0 0 2 0 0 0 2 0 0 0 0 0 0 0 0 1 0 0 0 0 1 0 0 0 0 2 0 0 2 0 0 4 0 -2 0 0 0 0 0 -2 0 0 0 0 1 -2 -2 0 1 0 -2 0 1 0 0 -2 -1 0 0 0 0 0 0 0 2 -4 0 0 0 0 0 0 0 -1 0 0 0 0 2 0 0 0 -2 2 0 0 0 -2 0 0 0 0 0 -1 0 0 0 0 0 0 0 -1 2 0 0 -2 0 2 -2 0 0 0 0 0 0 0 -4 3 0 0 0 0 0 0 0 0 -2 0 0 0 0 0 0 -2 -4 -1 0 1 0 2 0 0 0 0 0 0 -1 0 1 -2 0 0 0 -2 0 1 -2 2 0 2 0 0 0 -2 0 0 0 2 8 0 -4 0 0 -1 0 0 1 0 -8 -1 0 0 0 0 0 1 1 0 0
2 1 55 0 0 3 -4 0 4 1 7 0 0 -1 -2 2 2 3 0 2 4 -1 1 -1 3 1 0 1 2 1 0 -2 0 -2 0 1 2 2 4 2 4 0 0 3 -3 4 0 0 1 -3 0 0 -1 0 -1 0 4 0 -2 -2 -4 0 0 0 0 2 0 2 -1 -2 0 -3 1 1 -2 0 0 0 0 -1 -10 -3 1 -4 1 0 0 0 3 -2 -1 -4 0 0 1 2 0 0 4 4 -1 0 8 2 4 -1 2 0 -4 0 2 0 2 -1 -4 -1 -5 -2 1 -3 0 -1 6 -2 -2 0 1 0 0 3 -4 -4 -1 0 1 -5 -2 3 0 -4 0 -4 2 5 0 2 8 0 0 7 0 1 0 6 2 0 -6 -2 3 -2 -2 1 0 -2 0 3 0 3 0 -1 1 2 0 0 3 -1 0 1 0 -4 -2 5 4 -3 2 6 0 1 -4 -14 -4 -2 4 2 0 2 4 2 -2 -2 0 -1 -2 0 2 3 0 0 0 4 0 2 2 1 0 0 0 0 -8 0 0 -2 1 0 -2 6 -4 -2 2 0 0 0 0 -2 0 0 0 1 2 0 4 -2 0 -5 2 0 6 0 5 -2 1 -2 4 -11 0 4 5 1 -2 0 -2 -2 0 4 -5 10 3 -3 0 0 0 4 5 1 10 -2 0 0 -6 0 0 1 0 0 0 -4 -2 0 4 0 3 -2 0 -2 0 -2 -1 4 2 0 0 4 2 0 -2 -6 1 -2 6 -3
1 1 0 29 0 0 0 -4 2 0 0 0 0 2 -4 0 0 0 0 0 -2 0 0 -1 -2 0 1 7 0 1 0 -3 -3 0 0 0 1 0 0 0 2 -2 8 0 -4 0 -1 -2 4 0 -2 -2 4 0 0 0 0 0 0 -1 2 1 0 0 0 -1 0 0 0 2 0 1 0 -1 2 -2 -1 -2 -2 0 2 -5 1 -2 2 0 0 -1 -2 0 0 1 0 -5 0 2 0 1 0 1 1 2 -1 -1 3 0 1 2 0 0 2 0 0 -2 -4 0 0 -4 2 -1 0 -1 0 -2 0 1 0 0 0 0 0 0 0 -2 1 -1 2 0 2 1 0 1 0 0 -2 -2 2 0 1 -4 0 -1 -4 0 0 0 0 2 -2 0 -4 0 0 -2 1 6 1 0 0 0 0 2 2 -1 0 0 0 0 0 -1 0 0 -1 -2 0 1 0 2 2 1 -4 -1 0 0 1 0 8 0 -1 2 0 4 -4 0 4 0 0 -2 0 -2 1 0 0 2 1 0 -2 0 2 0 0 -4 0 0 0 0 0 -1 0 -2 0 0 -4 2 4 2 1 0 1 0 0 0 0 -6 0 4 3 0 2 0 0 0 0 -1 2 -1 -1 -4 -4 0 -1 1 0 -2 0 -2 -4 0 -2 0 0 1 0 1 0 0 0 0 2 2 3 0 0 -1 0 0 0 2 1 2 0 2 0 2 0 1 0 0 0 0 0 0 0 0 0 -6 0 0 -2 0
0 0 0 0 52 0 -8 0 0 -2 -2 2 -1 -4 1 0 -2 0 -5 -2 2 0 4 0 2 -4 -1 0 2 0 4 2 -4 0 0 -6 0 0 0 -2 3 0 0 0 2 4 0 -2 -2 2 0 0 0 -2 0 0 -7 0 -4 -2 -4 2 0 0 0 -4 0 0 0 -2 -2 2 -1 0 0 0 -2 2 -2 0 0 0 4 -1 0 1 0 -6 0 2 4 2 -1 2 0 2 0 -3 2 0 2 4 -6 -1 0 2 0 2 1 -6 0 2 2 -2 6 -1 0 2 0 -2 2 0 -4 4 -2 3 0 -2 4 1 -2 -1 0 -3 0 0 0 1 0 0 -4 -6 0 0 0 0 0 0 0 0 2 -2 -2 2 0 0 2 0 0 -4 0 -2 -4 -2 6 0 -2 -2 0 -1 0 -4 0 0 -5 -3 0 4 0 0 -2 6 0 -2 0 -4 -3 0 2 2 0 0 0 2 0 2 0 2 0 0 -4 -2 2 0 0 0 0 0 -4 0 0 2 0 0 0 2 0 1 2 6 0 -2 0 0 0 -2 0 0 1 2 0 -4 2 2 0 -2 -2 0 0 0 0 2 2 -2 1 0 -4 1 0 0 6 0 1 2 -1 0 4 0 0 0 0 0 4 0 4 -2 0 0 -2 0 -2 0 0 0 0 -4 6 2 0 0 0 1 2 4 -8 6 0 0 -2 6 2 0 0 0 -2 -4 0 2 -1 0 1 0 0 -1 0 0 0 0 0 0
0 0 3 0 0 53 0 0 0 -2 -1 2 -2 2 1 1 0 -2 1 1 -2 -3 0 -5 4 1 0 1 -3 -2 0 -4 0 -4 2 0 1 0 -2 0 0 2 -4 -1 -4 2 2 0 3 4 -2 0 1 6 -1 0 2 0 1 0 0 2 1 -2 1 -2 -3 0 0 2 0 0 -1 -1 0 -1 0 0 -1 2 0 0 -2 -2 1 -2 0 -2 0 1 2 -1 -7 -2 2 -3 -2 0 -2 -6 -1 0 4 -1 0 -2 0 -1 1 0 0 -4 2 4 0 0 -2 1 0 0 1 2 0 0 0 -4 -2 0 0 -1 1 -4 0 -4 -1 -2 0 -3 -2 -1 0 -2 0 0 -2 0 0 0 0 1 0 3 0 2 2 2 0 4 0 -2 0 1 -5 0 1 0 0 2 1 -2 4 0 2 3 2 5 1 8 -7 2 0 2 0 -2 -2 0 -4 2 -4 -2 0 0 2 0 -3 -1 0 -2 0 -1 2 0 0 -2 0 -1 4 -1 4 0 0 -4 0 -2 0 1 2 2 -6 -2 0 -8 0 -1 -1 0 4 2 0 -2 2 -2 -6 -2 0 4 1 4 -1 0 1 0 -2 0 -2 0 2 5 -1 -2 0 1 0 -3 -2 -4 4 0 4 -2 2 0 1 0 1 -1 2 2 -5 -2 -2 0 1 0 0 -1 0 3 4 -3 1 0 -2 -9 0 4 1 -3 2 0 0 -2 2 0 -5 -2 -6 1 0 0 0 2 1 0 -4 4 0 0 2 0
0 2 -4 0 -8 0 32 0 0 2 -2 -1 0 4 -10 -2 7 0 0 -2 0 0 0 2 0 0 -2 0 -2 0 6 0 0 -1 0 0 -4 0 -2 2 -2 0 0 4 -2 0 0 0 1 0 0 0 -4 0 1 2 -2 0 2 0 6 2 0 0 0 1 1 2 0 4 0 -2 2 -2 -1 -1 5 0 0 0 1 -2 0 1 0 -2 2 0 0 2 2 0 0 1 5 3 0 2 -4 0 -1 -1 8 0 0 1 -1 0 -2 2 0 -2 0 4 1 0 0 1 0 -3 0 0 -1 -2 0 0 4 0 0 0 4 0 0 0 -3 0 0 1 0 -4 2 2 2 2 0 4 0 0 0 0 -2 -6 3 2 -3 0 1 0 0 0 0 -1 0 0 -2 2 4 2 4 0 0 -1 0 0 0 -3 0 0 0 0 1 -7 0 -4 -2 4 0 0 1 0 -4 2 0 0 0 0 -1 0 0 0 -2 -1 2 1 0 1 0 0 3 -1 4 1 1 0 0 0 0 -2 -2 -2 -6 -1 -4 0 0 0 -1 0 2 -1 0 -1 0 -2 0 0 0 -2 0 0 2 -3 0 0 0 0 0 0 0 -3 0 -1 0 2 2 2 -2 2 0 0 0 1 -2 0 2 -2 -2 0 0 0 -1 0 -1 0 2 4 0 -3 2 0 -1 -3 -4 0 2 2 0 0 1 0 0 -2 2 0 0 0 0 2 0 0 0 0 -4 0 -1 1 -2 0 1 2
-1 0 0 -4 0 0 0 29 0 0 0 0 0 2 0 2 0 0 0 0 0 0 -2 -6 0 0 0 0 3 1 -1 -1 2 0 0 -4 0 2 0 0 -2 0 0 0 0 -2 2 0 -4 1 -1 0 0 -4 0 2 0 -2 -1 0 -1 -4 0 0 0 0 -2 -2 1 0 0 -1 0 0 1 0 0 -2 -2 0 0 -4 -3 0 0 0 1 0 0 0 -2 0 2 5 0 -2 0 1 2 -1 -2 -2 1 -2 0 2 0 2 -1 0 2 0 -2 0 0 0 2 1 2 0 -1 0 1 0 0 0 2 0 2 -4 2 2 -2 2 -3 -1 2 -3 0 -2 0 0 -2 3 2 4 0 -2 -1 2 0 0 1 2 0 1 0 0 0 -2 4 2 -1 0 3 -6 0 0 0 1 0 1 0 4 -6 0 -2 0 2 2 0 0 0 0 -1 -1 2 2 0 2 0 4 -1 0 0 0 -9 0 0 -4 0 0 0 0 0 -1 3 0 -1 -2 0 -2 0 0 1 4 0 -2 0 0 -3 2 4 4 0 0 0 1 0 0 -3 -4 0 0 -1 0 0 -2 0 0 -1 2 -1 2 0 -4 2 0 0 1 -1 -2 0 0 2 0 -1 0 6 -1 1 0 0 -2 0 1 2 1 -2 0 0 0 0 4 0 0 1 0 -2 1 1 0 0 0 0 0 0 0 0 4 0 0 0 1 0 -1 1 0 0 0 0 0 0 0 0 0 1 0 0 2
2 0 4 2 0 0 0 0 42 0 0 -1 0 0 0 4 2 1 1 1 0 0 -6 0 2 1 0 8 0 -2 0 1 0 0 0 2 -6 0 0 0 -4 2 -2 -2 0 0 -4 0 0 0 4 0 0 0 0 0 6 -3 -4 0 -2 0 0 -6 4 0 0 1 0 1 2 1 2 -2 2 -3 2 4 1 -2 0 2 0 4 0 0 0 0 6 -2 0 4 0 0 0 0 0 -6 0 -1 1 2 0 0 -2 0 1 2 0 4 0 0 -2 -4 -4 0 -2 -1 -1 0 2 0 0 -2 0 2 0 0 0 -4 0 0 2 2 2 0 1 0 0 -4 2 2 9 1 0 1 -2 0 0 4 4 -2 0 0 4 0 0 0 0 0 0 0 0 0 0 0 0 0 4 0 2 0 0 -4 2 0 1 0 -2 4 -2 -2 0 4 -1 1 4 -2 0 0 1 5 0 0 3 1 2 3 -2 0 -1 2 4 1 0 3 0 -1 0 0 1 1 0 0 -2 0 0 -2 1 -1 -2 1 -6 1 0 0 0 -2 1 0 0 0 -4 0 -2 -1 0 0 0 -1 2 0 4 -5 0 0 0 0 0 0 0 -6 3 -4 0 -3 0 -2 0 0 -2 2 0 2 0 -2 2 2 0 -2 0 0 4 0 9 0 10 6 -11 1 2 -2 0 -2 2 0 -4 0 -2 0 -2 5 0 0 0 3 -3 0 0 0 1 2 0 0 -2 -2 -3 2 -2 4
0 2 1 0 -2 -2 2 0 0 30 0 -1 -4 2 -2 1 2 -6 0 -2 0 -1 0 -5 5 0 -1 -1 2 -2 0 0 0 0 4 4 0 0 0 0 1 0 -3 0 -2 -4 -2 0 0 -2 -5 0 6 0 -2 4 -2 4 -5 0 0 0 0 0 0 -3 0 0 0 0 2 -3 3 0 0 0 0 0 0 -1 -2 0 2 0 0 1 0 0 0 -2 -4 3 0 -1 1 0 -3 1 -4 1 2 0 0 0 -1 0 0 0 0 -1 0 0 1 0 0 -1 0 -1 -1 0 0 -4 0 0 -1 -2 -1 4 -1 0 -1 0 -4 1 0 -1 -1 0 -2 0 2 3 0 -1 0 0 0 0 -1 1 -4 0 0 -1 0 0 0 0 -4 0 0 0 0 0 1 -4 2 2 0 -4 0 0 0 3 0 1 2 0 5 -3 2 -5 0 0 0 -4 4 -2 -10 -3 0 -6 0 3 0 -2 0 0 0 2 0 -2 0 0 -2 2 1 3 0 -2 4 -1 0 1 0 3 -1 4 -2 3 0 0 0 0 0 0 0 0 1 0 0 0 0 1 1 1 1 -2 2 0 2 -2 0 0 0 -1 0 -1 1 2 -1 0 0 2 0 -1 1 -2 4 0 0 0 0 0 -1 2 -1 0 0 1 -3 -2 0 0 1 2 0 0 -4 0 -4 -2 0 0 -1 1 0 0 -1 0 4 -1 0 0 1 0 -2 0 4 -2 0 -6 0 0 1 -2 0 0 -2 -4
0 0 7 0 -2 -1 -2 0 0 0 20 0 0 -2 -1 -6 -2 0 -1 0 0 0 0 5 0 0 0 1 2 0 0 0 0 -2 0 0 -1 0 0 0 1 0 2 0 0 -1 0 0 1 0 0 0 -4 0 0 0 0 2 1 0 2 0 0 0 0 0 0 4 0 0 -2 0 0 0 0 0 0 0 0 0 -4 0 0 0 0 0 0 -1 0 0 0 -1 0 4 0 2 0 0 5 0 0 -4 0 0 0 -4 2 0 0 0 0 3 0 -2 4 0 1 -2 0 0 0 0 0 0 0 0 0 0 0 0 -2 0 0 0 0 -1 0 0 0 0 0 -4 0 -2 -4 0 2 4 0 1 0 0 0 1 -2 -1 -2 0 -3 0 0 -1 0 -2 -3 -4 0 0 0 0 0 0 0 0 0 0 0 0 0 2 0 -1 4 -1 1 -2 0 0 -2 -4 0 0 0 2 0 0 0 0 2 -1 -4 1 -4 0 0 1 0 0 0 2 0 0 0 0 0 -4 0 0 -4 0 0 0 0 0 2 0 0 0 0 0 0 -5 0 1 0 0 -1 0 0 -1 -5 0 0 2 0 0 1 -1 0 0 0 -4 0 -4 0 0 2 0 0 0 0 2 0 0 -1 4 1 0 0 0 0 0 0 0 0 0 0 -1 -2 0 0 0 -2 0 0 0 0 0 0 0 1 0 0 0 0 0 0 0 -2 -2 2 0 0 -2 0 -4 0 -2 0 4
-4 -2 0 0 2 2 -1 0 -1 -1 0 27 0 1 0 1 -1 0 0 -4 -1 1 0 1 0 0 0 0 -4 0 -2 -5 1 0 0 -5 0 -1 0 -1 0 0 0 0 0 2 0 -1 1 -3 0 0 0 2 -1 0 2 -2 -2 2 0 -1 -2 -6 2 -1 0 2 2 2 -3 -1 3 2 0 0 3 0 1 2 0 0 0 0 -1 0 0 -2 0 1 -1 0 4 0 0 5 0 0 -1 0 0 0 1 -6 4 -2 0 -2 -2 3 -1 0 2 2 2 3 0 3 0 0 -1 3 2 -2 0 0 0 0 2 -2 0 0 1 0 -1 -10 -4 -1 0 -2 -4 0 1 3 0 0 0 0 2 2 0 0 2 2 3 0 -1 0 -1 0 2 0 0 -2 2 8 1 0 0 2 0 0 1 -2 0 1 0 4 0 2 0 0 0 -6 0 0 2 2 0 3 0 0 -1 0 0 1 0 -3 2 -2 0 5 -5 0 -1 1 5 0 -1 0 -2 -1 0 -4 3 0 0 0 2 0 0 0 -4 0 0 -2 -2 1 0 1 1 -2 0 1 9 -3 1 -4 3 0 0 0 -1 1 0 -2 0 3 3 2 0 -2 -6 0 -2 2 1 -1 0 0 -1 0 0 0 1 0 0 0 -1 0 1 2 -1 -2 -2 0 0 0 1 -4 1 -4 0 2 1 -1 1 3 4 -2 1 1 2 3 0 -2 -4 2 0 0 0 2 2 0 0 1 -1 1 0 -3
0 0 0 0 -1 -2 0 0 0 -4 0 0 38 -4 -5 6 0 0 -2 0 0 -4 0 -1 4 0 1 2 -2 2 -4 -2 2 0 -2 -2 1 0 -2 2 0 -4 -4 0 0 4 0 2 -4 0 0 0 1 -2 0 -4 4 0 2 -1 2 -2 0 0 0 4 -2 -2 0 2 2 6 0 0 -4 3 -2 2 2 -2 0 0 -5 1 0 0 -1 -1 0 0 0 0 0 0 0 2 -1 0 -2 0 0 0 0 -1 0 0 1 2 0 -1 4 0 0 0 -2 -2 0 0 -1 0 0 0 2 0 2 3 2 0 0 0 0 0 0 -2 0 -3 -2 3 0 0 0 0 0 -2 0 0 0 0 0 -1 4 -4 0 1 2 2 1 -4 0 2 0 0 1 0 0 2 3 0 0 4 0 0 2 -4 -3 -4 4 0 -4 0 3 2 0 0 1 -2 0 2 6 0 -2 3 -4 -2 2 0 0 -2 0 0 -2 -2 0 0 2 0 0 0 0 3 -2 -4 0 -1 0 0 -4 1 0 0 0 2 0 0 0 2 2 -4 1 -3 0 0 0 0 0 -2 0 0 -4 0 -2 0 -2 4 5 -2 0 1 6 0 0 0 2 0 -1 3 2 -2 1 0 -2 0 2 0 0 0 0 1 1 -1 4 2 2 0 0 -2 -1 -3 0 2 -2 4 -1 1 0 -2 0 0 0 -1 0 0 0 4 0 -2 -6 0 -2 0 -2 0 -1 0 0 -5 1 0 2 6
1 2 -1 2 -4 2 4 2 0 2 -2 1 -4 47 -6 -4 -2 -2 -1 -3 -3 -1 0 -2 0 1 0 1 -3 -4 0 5 -6 -2 -2 5 1 -3 2 4 0 1 4 -2 -2 -2 -2 2 -1 0 0 -2 2 -3 2 0 0 0 0 -1 -2 -2 -8 3 0 6 2 4 -2 0 3 -1 3 0 0 0 10 0 0 3 0 0 0 -1 1 2 0 -1 -1 0 2 -1 -3 -4 -2 2 -1 4 -2 -5 4 1 0 -6 -2 2 0 0 -1 4 0 1 1 1 -4 3 5 1 9 0 -4 1 2 0 3 -4 0 1 -2 -5 -1 0 0 2 1 -2 4 3 0 -1 -1 4 0 -1 2 1 -4 -1 -1 4 2 -1 0 -5 4 0 -3 4 1 3 2 1 0 -2 6 0 0 2 0 2 0 -1 -2 -1 -4 1 -4 -2 0 0 0 -5 -4 -2 -1 7 -1 0 2 0 0 -2 4 -1 -3 2 1 -2 0 5 4 0 0 1 -4 0 0 -1 -4 0 0 -2 -1 -1 3 3 4 0 2 -1 -1 0 0 -2 -2 0 0 1 -1 1 1 -4 1 -2 0 1 0 0 2 1 1 -5 0 -1 1 -1 0 0 -1 0 0 0 -2 0 0 -3 4 3 -2 2 2 1 2 0 2 2 0 0 2 -3 0 -2 0 -1 0 4 0 0 -1 -1 0 3 0 0 0 2 0 0 -3 0 4 1 1 1 2 1 0 0 0 -3 3 -2 0 -4 -2 6 -4 2 0 -2
0 -2 -2 -4 1 1 -10 0 0 -2 -1 0 -5 -6 69 -4 -9 2 0 0 1 4 0 1 -6 0 0 -1 -4 -7 0 -2 0 1 0 0 1 0 -2 4 0 2 2 0 4 -2 2 0 4 3 6 0 0 3 0 0 4 -1 -1 4 -6 0 0 -4 -4 4 0 0 4 -6 0 -4 0 0 0 0 0 0 0 4 2 -7 -3 0 0 -5 0 1 2 -6 -4 0 0 3 -2 0 0 -6 6 -3 4 4 0 0 -2 -1 -1 3 -8 1 -4 0 0 -6 -1 0 -5 -3 -6 2 0 1 -2 4 0 -5 -7 0 -5 4 4 1 0 0 0 0 -2 0 -2 0 -2 0 -1 -1 0 -2 2 1 0 0 2 -4 -2 2 2 0 -1 2 2 -1 0 4 6 2 2 -5 2 0 -2 2 0 2 -1 1 -1 -1 4 0 1 0 -4 0 1 10 -6 -8 8 0 -4 -6 0 4 2 2 2 0 0 -1 0 7 1 0 0 0 -6 0 0 -4 -4 4 -2 0 -1 -2 -4 0 0 3 10 4 7 -6 2 0 -3 -2 0 -2 -5 -2 0 0 -3 4 4 2 -1 4 3 0 1 -4 0 4 2 -1 0 4 0 -1 0 6 -1 -4 -2 5 0 -3 0 0 -1 0 2 5 3 1 4 -1 3 -2 0 3 0 4 0 -4 7 -1 -1 0 -3 2 4 -4 -2 -2 4 -2 -2 -1 0 0 2 -2 0 0 0 -4 1 2 -4 -6 2 2 0 -1 1 -2 0 4
0 2 2 0 0 1 -2 2 4 1 -6 1 6 -4 -4 39 2 0 1 1 2 0 0 0 1 0 2 1 0 2 0 0 0 0 -2 -3 -2 0 -4 -5 0 3 -4 -2 -1 0 2 -3 4 -1 7 0 8 -1 -3 0 4 0 0 -4 -3 5 0 0 0 0 -1 -2 0 2 -1 0 1 2 0 1 -5 0 -2 4 0 3 -1 0 0 0 -1 -1 0 2 0 1 0 0 1 -5 -1 0 0 -2 -3 -1 0 1 5 0 0 0 2 0 0 0 0 -2 0 0 -2 2 -2 -1 0 0 -1 -2 -4 -4 1 2 0 0 2 0 0 -3 2 0 4 6 -2 0 6 -2 -1 -1 4 -2 0 0 0 0 7 0 2 -1 1 0 0 -1 1 0 0 0 -2 3 0 0 -3 -3 -4 0 0 0 2 2 -8 -1 0 0 1 0 -1 2 2 0 -1 6 -1 -4 0 6 0 0 4 0 1 -2 0 1 -1 -7 0 0 0 -2 4 -2 0 0 0 1 3 0 0 0 0 0 -4 3 0 0 2 0 -6 1 4 0 0 2 0 -1 3 4 -2 0 -2 -2 0 -2 -2 0 5 3 -2 0 7 0 0 5 4 1 0 0 2 4 0 0 -3 -4 -4 0 0 1 0 -1 0 -2 0 0 1 1 0 2 2 -2 -1 -2 0 0 -2 2 2 3 1 1 1 -6 -1 0 0 2 4 1 3 0 -1 -1 0 0 1 -4 0 4 0 2 -2 1 0 0 -2 -1
0 4 2 0 -2 0 7 0 2 2 -2 -1 0 -2 -9 2 55 2 4 0 1 0 -2 0 0 0 0 1 0 2 2 -5 2 0 0 -6 -1 0 2 0 0 0 0 6 0 -2 0 1 2 -2 -3 0 0 -4 0 -1 1 0 0 0 0 -3 4 0 0 0 -4 -2 0 2 0 -1 1 -2 0 -2 -7 0 0 0 5 -2 -1 2 2 -4 0 2 0 7 2 0 -6 3 -4 -5 0 9 -5 2 0 -4 5 -1 0 -2 3 6 6 -8 0 0 0 3 0 2 1 1 -3 3 5 4 0 0 -1 0 8 0 4 2 0 0 -2 0 -2 0 1 -3 0 -7 0 2 2 2 3 0 0 -4 -1 2 4 -4 2 -2 3 1 -4 0 0 3 1 0 -4 2 3 -1 -1 0 -3 0 0 1 0 0 0 0 1 0 -1 -2 0 4 -1 -4 -2 0 0 2 1 3 -1 1 -3 -3 0 -6 1 0 1 4 -2 0 -2 -2 1 4 0 6 0 -1 -2 0 0 -4 -4 0 4 -2 0 0 -4 6 1 0 0 -2 0 5 2 2 0 0 -1 1 -4 0 0 0 0 2 2 0 0 -1 0 1 1 0 1 0 -4 0 0 0 2 -4 -3 8 -2 0 2 0 -1 0 -4 1 0 1 1 0 -1 -2 2 1 0 -4 0 0 1 0 1 0 -3 -4 -5 0 0 0 8 8 -2 0 -5 -2 0 1 0 4 0 -3 4 2 0 2 0 -3 5 1 0 0
0 -1 3 0 0 -2 0 0 1 -6 0 0 0 -2 2 0 2 40 0 1 -2 0 -2 3 4 0 1 3 1 -2 2 4 0 -2 0 0 4 -1 1 0 0 0 -2 0 6 0 2 0 2 3 5 0 3 -1 2 0 -1 1 0 0 0 0 0 -1 0 2 0 -2 -1 1 1 0 0 0 0 0 0 0 -1 0 -2 0 4 0 0 -1 0 -3 2 0 0 -6 0 2 0 3 -2 -2 2 -2 -1 1 1 2 2 0 0 0 -2 0 -4 0 0 0 2 3 -1 0 -1 -4 0 6 0 0 -3 2 -1 0 0 0 -2 -2 0 0 0 0 0 4 -1 2 0 0 0 1 0 1 0 2 0 6 0 -3 -4 0 4 2 3 -4 0 -2 0 0 0 0 -4 -3 2 -3 -2 -1 -4 2 -2 -7 2 -2 2 -3 2 0 0 2 -1 0 -2 7 0 0 14 0 0 0 -1 -6 1 -1 0 0 -2 -2 1 0 -4 2 0 2 0 -4 0 -4 4 -4 0 0 -1 -1 -2 0 1 0 0 1 0 0 1 2 -2 -1 0 0 0 0 0 0 2 9 -1 0 -1 -4 0 0 -4 0 1 0 2 -2 2 0 5 0 0 2 0 1 2 0 0 0 0 0 -2 7 1 0 1 2 -3 0 0 -1 1 -4 -1 -1 2 -4 3 2 6 -1 0 -2 2 0 -2 2 0 0 0 0 0 0 0 4 4 2 -8 0 -1 8 -1 0 -2 0 -2 2 0 2
-1 2 0 0 -5 1 0 0 1 0 -1 0 -2 -1 0 1 4 0 33 1 1 0 3 4 2 0 0 -5 4 0 -4 -6 0 -2 2 -1 -2 1 0 0 0 4 -2 -4 -2 -3 2 0 -1 1 -2 0 -2 0 2 2 0 -1 -1 2 0 2 0 0 2 0 8 0 0 -2 0 1 0 0 0 0 -2 -4 1 0 2 0 -4 0 0 3 0 3 0 0 1 0 1 -5 0 -2 -1 3 -2 0 1 0 0 -1 -1 0 1 0 -3 0 2 -1 0 -1 -1 0 -1 1 3 1 -1 0 0 0 -1 -2 0 2 2 0 2 1 4 2 -1 -5 -4 1 0 -1 2 4 1 -4 3 0 0 0 0 0 1 -2 2 2 1 4 -3 0 0 -2 2 2 -2 0 1 -2 -1 -3 0 -2 1 3 0 -2 0 0 4 0 -6 0 2 0 0 1 1 0 -2 -4 0 0 0 0 -2 -2 1 0 2 0 -3 -1 3 4 0 -2 0 0 -7 -4 0 0 6 1 0 -1 0 2 -4 -3 2 -2 2 0 6 -1 -2 0 -2 0 0 0 2 4 0 -3 0 0 1 4 -2 2 7 1 -1 0 0 -4 2 0 0 0 0 0 0 2 0 -1 -7 0 2 0 2 -2 0 0 -1 0 1 -2 -1 -1 2 -1 3 -1 -1 -2 1 0 -1 0 2 0 4 1 0 -2 1 1 3 4 0 0 -2 -1 0 1 0 0 1 -2 2 2 -1 0 0 1 2 -4 0 0
1 0 2 0 -2 1 -2 0 1 -2 0 -4 0 -3 0 1 0 1 1 23 2 0 -3 -4 -2 0 2 0 -2 1 0 0 2 -1 -5 2 0 -1 0 0 0 1 1 0 0 1 2 -1 0 0 -2 1 1 0 1 -4 0 0 2 -1 0 2 0 2 1 0 0 -1 0 1 -1 0 0 3 0 0 0 -2 2 0 0 0 0 0 1 0 0 0 3 3 -4 0 1 2 -2 -1 0 -2 -2 0 0 2 0 2 2 -1 0 0 0 0 0 1 0 0 2 0 0 0 0 0 -2 -1 2 0 -1 3 0 1 0 0 0 0 -3 0 4 4 0 2 -1 0 -4 0 0 1 1 1 0 2 0 1 0 0 -2 -4 0 0 1 0 0 2 0 0 -1 2 0 -4 2 0 0 0 1 0 1 0 3 -1 1 2 0 0 0 6 4 0 -3 0 -2 0 0 1 0 0 -2 0 0 -1 -2 1 -4 -1 0 1 0 0 0 1 2 0 0 2 2 -6 0 -2 0 0 1 0 -2 0 0 6 0 1 0 0 4 0 -2 0 0 2 0 2 -8 0 0 3 -1 0 0 1 0 0 1 -2 0 0 1 0 0 0 2 0 0 -4 -4 4 0 0 -1 0 0 0 -2 0 1 -1 1 0 0 2 1 0 -1 0 0 0 4 1 0 1 -3 -2 0 0 -1 2 -1 0 -4 0 0 0 1 0 0 0 2 1 0 2 0 0 0 4 5 1 -2 0
-1 0 4 -2 2 -2 0 0 0 0 0 -1 0 -3 1 2 1 -2 1 2 38 0 0 0 0 -3 -2 -4 0 -2 -2 -1 -3 2 1 -2 0 -3 0 0 0 1 -2 2 -1 -3 4 0 0 0 2 1 4 1 -2 0 -4 -2 0 1 0 4 2 0 0 2 0 4 -4 0 -1 1 -3 2 -1 0 3 -1 4 0 1 1 0 0 2 0 0 -2 0 0 -1 1 0 2 1 0 0 1 8 -2 2 1 -3 4 4 -1 2 0 1 2 0 0 0 2 0 0 0 -2 0 0 -2 2 0 0 0 2 0 -5 -3 0 0 -2 0 -1 0 0 1 5 1 0 0 2 0 0 -2 0 0 0 0 0 -4 -2 0 0 0 0 -5 -8 0 2 4 1 2 0 1 0 -2 4 -1 -4 2 4 -1 0 -3 -1 0 0 0 0 1 -4 2 0 0 0 0 0 2 -2 -1 0 2 2 0 0 -2 5 2 0 -2 0 1 1 0 1 0 0 -4 0 -2 7 1 -2 -2 0 -2 5 0 1 2 0 0 0 0 0 1 0 0 1 1 4 2 0 0 -1 6 -1 0 2 2 -1 -2 0 2 2 1 0 4 0 2 0 4 -2 0 0 2 0 2 0 -7 0 3 -2 4 1 1 -2 6 2 1 0 0 0 0 0 0 -2 0 0 -6 2 0 0 0 4 0 -5 0 0 0 0 0 0 0 0 0 0 2 2 0 4 0 -2 0 6 0 -3 -1 2
0 0 -1 0 0 -3 0 0 0 -1 0 1 -4 -1 4 0 0 0 0 0 0 33 0 0 -1 -1 -2 -6 0 -2 0 0 0 -2 0 -2 -3 0 0 2 4 1 -2 0 0 0 0 0 -1 0 3 0 0 0 -1 -2 0 2 -3 0 0 0 -2 -2 0 0 1 0 1 2 3 -5 1 4 0 0 0 -4 -2 -3 4 -2 0 0 0 2 0 2 -4 -4 0 0 0 2 0 0 0 -1 0 -3 2 0 2 -4 1 2 0 0 -1 -4 -2 -2 0 -3 -4 1 -1 2 2 0 -2 0 0 2 0 0 4 0 0 -1 2 2 -1 0 2 0 3 4 0 0 0 0 0 -1 0 -2 -6 0 0 1 2 -2 -4 1 -2 -4 2 2 0 1 0 0 -2 -4 1 -2 -4 1 0 1 0 0 6 0 5 1 0 1 5 0 -4 4 0 0 2 0 -1 1 -2 0 4 6 0 1 -4 -2 0 0 0 0 0 0 0 -1 0 0 -4 2 0 1 1 0 0 0 0 6 2 -4 3 0 0 -1 0 -1 0 0 -3 -2 0 -2 0 0 2 0 -2 1 0 1 3 0 0 4 0 -1 -4 -1 0 0 2 2 0 -1 0 -2 0 0 4 0 0 0 0 0 0 -2 0 0 0 0 1 0 1 0 0 0 0 0 2 -1 2 4 2 6 1 1 1 0 3 3 2 4 0 2 0 3 2 -2 -2 0 2 0 0 0 1 0 2 0 2 0 0 0
0 0 1 0 4 0 0 -2 -6 0 0 0 0 0 0 0 -2 -2 3 -3 0 0 29 4 -4 0 4 -2 5 -2 0 -2 0 0 0 0 -1 0 0 0 0 -1 4 0 0 0 2 -2 0 2 2 -2 -1 0 0 0 0 -2 0 0 4 0 -2 0 0 0 6 -2 0 -2 0 -2 0 0 0 4 -2 -4 -6 0 0 0 0 -4 0 0 0 2 -4 0 4 -4 0 -2 0 0 0 2 0 2 -2 -4 -2 0 0 0 -2 -2 -4 1 0 -4 4 -4 0 0 0 0 2 0 0 -2 0 -4 0 -2 1 1 0 0 0 2 4 -4 1 0 -4 0 0 0 0 0 1 -2 0 -2 4 0 -4 1 2 0 0 0 -2 2 0 0 0 0 0 1 0 0 0 -4 -2 1 -4 -2 -1 0 0 -4 -4 0 2 0 -4 0 4 -1 -2 0 2 -2 0 0 0 -4 0 0 0 0 -2 2 2 4 -1 0 2 0 0 0 0 -2 -4 0 0 0 -2 -2 0 0 0 0 -1 0 0 2 0 -2 0 -2 -4 0 0 -2 -2 0 2 0 0 0 0 0 -2 5 -1 2 2 0 0 -2 0 0 -7 0 0 0 0 0 0 0 -1 0 0 -2 0 0 0 4 0 0 0 4 -4 -8 0 0 0 0 0 -4 -2 0 4 0 -1 -2 0 0 0 1 -3 -1 0 4 0 2 2 -2 0 0 0 2 2 0 0 0 1 2 -1 0 0 0 0 0 0 1
0 0 -1 -1 0 -5 2 -6 0 -5 5 1 -1 -2 1 0 0 3 4 -4 0 0 4 37 0 0 0 0 1 0 0 0 -1 -6 0 -2 2 0 0 0 -3 -2 4 1 2 0 2 0 0 -2 0 0 0 -1 0 4 0 0 1 0 -2 0 0 0 2 2 4 0 -3 0 2 0 0 0 4 -2 2 4 3 0 1 0 3 0 0 -2 0 -2 0 0 0 -1 1 -1 2 1 0 -2 1 5 -2 0 0 2 2 -4 -2 -6 1 1 -1 1 3 -2 2 0 -1 -2 1 0 0 0 -4 0 -1 0 1 0 0 -2 -1 0 4 0 0 -1 -6 2 -3 1 3 0 3 -4 -4 0 -2 0 0 0 2 -2 0 0 2 1 -3 2 -2 2 0 -1 0 -1 1 -3 -5 1 0 -2 4 0 -2 -3 0 -2 -1 -4 -2 0 0 0 4 0 1 -5 0 -6 0 2 0 1 1 0 1 1 2 0 0 2 -2 0 -2 -2 0 0 -6 0 0 1 0 0 0 1 -2 -2 -1 -2 0 0 1 1 -2 -2 1 0 -2 -1 0 -2 3 -3 4 -1 1 1 0 4 2 -1 2 0 0 2 0 3 -4 0 -1 -2 1 2 0 2 2 4 2 0 -3 0 -3 2 -1 2 1 0 0 -2 0 0 2 3 0 0 0 0 0 0 2 -3 0 2 -2 5 0 2 0 0 0 2 0 0 1 0 0 2 4 2 -2 0 0 0 -1 0 0 -4 -5 0 0 0
2 2 3 -2 2 4 0 0 2 5 0 0 4 0 -6 1 0 4 2 -2 0 -1 -4 0 58 2 0 7 3 -5 1 0 -4 0 2 2 0 2 1 0 0 1 -4 0 -1 2 0 2 -6 3 -1 -1 5 -1 -1 2 -3 4 1 -2 -5 0 0 -6 0 -1 0 0 -2 0 0 2 -3 0 -4 1 1 0 1 1 -4 0 7 0 -5 -1 4 3 2 -2 5 1 0 -2 -2 1 -3 2 -4 -2 0 2 0 -2 -3 0 0 6 3 0 2 -5 0 -1 1 0 2 3 4 0 0 -1 -2 0 10 3 0 2 0 3 1 -2 -3 1 -4 4 -5 4 0 0 4 0 0 -7 0 4 4 1 0 0 -3 -3 1 2 4 0 1 0 0 0 0 4 -2 -6 0 -5 0 -4 3 0 0 1 2 -2 5 1 3 -2 0 4 6 2 0 -1 0 -1 -7 0 1 0 0 0 0 3 0 0 4 -2 0 1 -4 -6 0 0 2 2 -2 2 6 2 6 0 1 3 0 2 2 5 0 -3 -3 3 2 -2 0 1 -4 2 1 -3 1 0 6 3 1 3 4 0 9 0 0 1 0 0 1 -8 2 3 3 -4 2 0 1 5 0 1 3 -1 2 4 1 0 0 0 6 1 2 -2 0 0 2 0 4 -2 3 0 2 5 -2 3 -1 1 0 0 0 0 1 0 0 0 2 1 0 2 -4 0 -1 3 -5 1 1 2 0 -1 2 -3 5 4 4 -1
0 0 1 0 -4 1 0 0 1 0 0 0 0 1 0 0 0 0 0 0 -3 -1 0 0 2 22 0 2 0 -2 0 0 0 0 0 -2 2 0 0 2 0 3 -4 0 1 0 0 1 1 0 0 4 -2 0 0 0 2 0 0 2 0 2 -4 -1 0 2 0 1 -1 0 0 -4 -1 0 1 1 0 -4 0 0 1 0 0 0 0 0 0 5 -2 0 0 -2 -4 0 0 0 -1 -2 0 4 3 -1 1 0 0 0 0 -2 0 0 0 -4 0 0 0 0 1 4 -2 0 0 0 0 0 0 0 0 2 -4 1 0 0 0 1 2 0 0 2 -2 -1 0 -2 0 1 0 2 0 1 0 2 0 4 -2 0 0 0 -2 -2 0 0 0 0 0 0 -2 4 -2 0 3 -3 0 1 0 0 2 4 0 2 0 0 1 0 0 0 0 -1 0 0 1 0 -1 1 0 -2 2 1 0 0 0 2 0 0 0 1 0 2 0 -4 0 0 0 -2 0 0 0 2 0 0 1 1 0 0 0 0 0 0 0 0 0 0 1 -2 0 0 -4 1 0 0 2 2 2 -1 -2 -1 0 1 0 0 2 0 -2 0 1 0 0 -1 0 2 1 0 -2 -2 -2 1 -4 0 1 0 0 -2 0 0 0 0 1 0 0 0 0 0 -2 -4 0 0 0 -4 0 0 0 0 -2 -2 0 0 0 -2 0 0 -1 0 0 -4 0 0 3 0 0 0 1 -4
0 -2 0 1 -1 0 -2 0 0 -1 0 0 1 0 0 2 0 1 0 2 -2 -2 4 0 0 0 22 2 4 0 0 0 0 1 -2 0 -2 3 0 0 -3 1 1 -4 0 0 0 0 2 0 -1 0 0 0 -1 -2 0 1 1 0 4 -2 0 1 0 0 -1 0 0 4 2 0 1 0 -2 0 1 2 1 -1 0 2 0 -3 1 -1 -1 0 0 4 0 0 0 1 -1 -1 0 2 0 2 -1 3 1 -1 2 2 0 3 -2 -5 -2 2 0 0 1 0 0 0 3 0 0 0 0 -1 -2 0 1 0 0 0 0 0 1 0 -1 -1 0 -1 -1 0 -2 0 0 1 1 -1 0 -2 0 0 2 0 2 1 0 0 1 0 0 2 -1 0 0 2 0 -2 2 0 0 2 0 1 0 0 -3 -2 0 -2 0 1 4 0 2 0 0 2 1 0 0 0 0 -1 0 0 2 -1 0 5 0 0 -1 0 0 1 0 0 -1 -1 3 0 1 -2 0 0 2 0 -4 3 -4 -2 0 2 0 0 0 0 2 3 1 2 5 -1 1 -2 1 0 0 2 0 7 0 0 -1 0 0 -1 -2 0 -2 -1 -2 1 -1 1 1 0 0 -4 0 0 -2 0 0 -1 0 -1 2 0 0 -1 0 1 4 -2 0 0 0 1 0 -2 1 -3 0 -1 0 -1 0 6 0 2 1 2 0 -2 4 0 2 -2 -2 -4 0 0 0 1 0 -1 3 7 -2 -1
0 0 1 7 0 1 0 0 8 -1 1 0 2 1 -1 1 1 3 -5 0 -4 -6 -2 0 7 2 2 59 -6 -4 0 0 0 0 2 0 -4 3 0 -6 0 -1 2 1 0 0 -4 0 3 1 2 -3 7 -4 -4 0 1 -2 1 -3 -4 3 0 -4 0 0 1 0 -3 3 -3 0 -1 1 2 0 0 2 -4 1 -4 -7 -4 2 1 0 0 -3 -2 0 -2 1 0 -7 -2 3 -2 0 0 -1 2 2 2 0 -1 2 2 4 6 4 -3 2 2 -5 1 1 3 0 -8 0 2 2 -2 6 5 2 0 -4 0 4 0 0 -2 -1 0 2 0 0 0 0 -2 -1 0 8 -3 6 5 0 0 0 0 0 -6 6 7 -7 -4 -2 0 0 -4 0 -1 5 3 4 10 -1 1 0 0 -1 0 1 2 1 0 1 -4 1 4 0 -2 -6 0 0 -4 0 2 0 0 0 -2 -1 0 -4 9 -1 2 -3 -4 5 -6 0 -3 0 2 3 0 0 1 -6 2 8 -2 -6 0 -1 0 0 -1 -3 0 0 6 0 -4 2 0 -5 1 0 1 3 2 1 -3 0 5 0 1 -2 0 -5 5 -6 0 1 1 0 2 2 0 3 6 -2 1 2 0 0 3 0 0 -2 -1 -3 2 1 -1 -2 0 4 0 1 6 0 3 6 0 3 4 0 0 0 2 -1 0 7 0 2 1 1 -3 1 0 0 0 3 0 0 2 -4 2 0 -3 2 -6 11 0 1
2 0 2 0 2 -3 -2 3 0 2 2 -4 -2 -3 -4 0 0 1 4 -2 0 0 5 1 3 0 4 -6 40 2 1 4 0 -2 3 4 4 6 3 6 0 4 2 0 1 -3 0 2 -2 0 -1 0 0 2 0 1 1 0 -2 -4 4 -1 0 0 -1 -1 0 0 0 0 0 0 0 0 0 0 -1 2 0 0 -1 0 5 -4 0 0 1 0 0 -2 0 0 -2 2 0 0 -2 3 0 0 -4 -4 -2 2 0 -6 0 0 -2 0 6 0 -4 -1 0 -2 0 -3 5 0 -1 -6 -3 -4 -2 0 1 -4 1 4 0 -1 2 1 0 6 -4 -2 -1 -1 -1 1 1 -1 -4 2 0 1 0 0 -2 3 1 -1 0 0 0 1 -1 -2 2 1 3 -2 -5 -8 1 -1 1 1 0 1 0 0 2 0 -1 0 0 4 0 1 2 3 0 -5 -2 2 0 -2 0 0 -2 0 1 -1 -2 3 0 -2 0 -6 1 0 2 0 -8 -2 0 -1 0 2 0 0 0 -1 2 -2 0 2 2 0 0 0 0 0 1 0 1 0 0 1 1 0 -1 4 0 1 0 5 0 4 2 0 -4 -4 1 -1 -2 0 -3 -6 0 2 1 4 2 -4 6 0 0 1 0 -4 0 0 -2 -2 2 -8 0 -2 1 0 1 -2 1 0 -3 0 -4 0 -1 2 0 1 0 4 -6 0 -2 0 2 -2 -1 0 2 -2 -1 0 0 -1 1 3 0 -7 0 -8 0 1
-3 0 1 1 0 -2 0 1 -2 -2 0 0 2 -4 -7 2 2 -2 0 1 -2 -2 -2 0 -5 -2 0 -4 2 41 1 0 4 -1 0 6 1 0 0 0 0 -4 -2 2 0 0 2 0 0 -3 0 0 -10 -1 -2 0 0 0 0 -4 9 1 4 -4 0 1 2 0 -2 0 0 -2 -3 0 2 0 -4 2 1 -1 -2 0 -1 0 0 2 0 -2 -1 0 2 0 3 2 5 0 2 -1 0 0 -7 -2 -4 1 2 0 2 2 1 -2 4 0 0 0 2 0 1 0 2 1 0 -1 2 -4 -4 0 0 1 0 0 -1 -6 2 0 0 0 -5 -6 0 0 0 -4 0 -3 0 -2 2 0 0 0 1 0 0 0 0 0 2 -4 2 -1 0 0 1 0 -4 -3 7 0 1 1 0 0 -5 -1 -3 0 -2 -1 0 -1 -6 0 1 -2 2 0 2 3 0 4 -1 2 0 0 -2 0 2 0 1 -8 -6 0 0 -2 3 5 0 -1 -2 -4 0 0 -3 1 0 0 0 0 -2 -2 1 0 0 2 6 1 2 -2 0 4 -2 0 -2 0 1 0 0 -3 -2 1 0 -2 6 0 4 2 1 0 -6 0 0 2 0 1 -2 4 -2 0 1 0 0 0 -2 -2 -2 -1 -2 -1 -3 2 1 2 -2 2 -4 0 -4 -4 3 1 3 2 0 7 -1 2 1 2 4 0 0 0 -2 -2 -2 0 0 -2 0 0 0 1 0 0 -1 -3 1 0 -2 -2
-4 0 0 0 4 0 6 -1 0 0 0 -2 -4 0 0 0 2 2 -4 0 -2 0 0 0 1 0 0 0 1 1 34 4 0 2 0 0 0 0 0 0 0 0 -1 1 0 -4 0 0 0 0 1 0 0 0 -2 -1 -4 0 0 0 2 0 3 0 -4 0 0 2 -1 0 6 0 0 0 0 0 6 1 0 -4 0 0 0 2 2 -4 -1 1 0 -2 0 2 0 4 0 -1 1 -2 2 0 0 1 -2 0 -2 -2 -4 1 -6 4 0 0 0 0 -4 0 0 0 0 0 1 0 -1 0 2 2 0 0 0 2 0 -2 1 -2 -2 0 0 4 0 -2 0 -4 0 0 0 4 0 -5 0 4 2 -4 1 0 -2 0 2 0 -2 0 -2 0 -1 -4 0 0 7 0 1 0 0 -7 0 0 0 2 0 0 0 0 0 -1 0 4 0 0 -4 2 -4 0 -1 2 0 0 0 0 0 2 1 4 -2 -3 0 -1 -2 -2 0 0 -2 0 0 0 0 1 0 0 2 0 -2 0 1 0 0 0 -2 0 0 2 -1 0 0 -4 0 0 0 -1 0 0 0 1 3 -4 2 -2 1 5 0 0 0 -4 -1 0 3 0 0 -4 0 2 2 -1 0 0 0 1 0 -1 -4 0 0 0 -2 2 5 4 0 -1 0 -4 2 1 0 0 0 -1 0 1 2 0 2 1 -2 4 0 2 -2 6 0 0 0 0 -2 -2 -4 0 0 -2 -3 0 0 0
8 -1 -2 -3 2 -4 0 -1 1 0 0 -5 -2 5 -2 0 -5 4 -6 0 -1 0 -2 0 0 0 0 0 4 0 4 41 -2 -3 -4 3 -1 0 0 0 -3 0 -1 -2 0 0 0 0 -3 1 0 0 1 -2 0 0 0 0 0 -4 1 3 0 0 -4 -4 -2 -1 -2 0 -2 -4 1 2 0 -2 -2 1 2 0 0 -1 -1 0 -1 0 -2 0 0 -1 0 2 -4 2 0 5 0 0 0 -4 -2 0 -5 2 0 0 0 0 2 0 0 2 1 0 1 -3 1 -1 1 0 0 -5 -1 6 4 2 0 -2 -10 2 0 0 1 2 4 8 -2 -2 0 5 -2 -2 0 2 -6 1 -3 2 -1 0 -2 0 0 -3 -4 1 3 -4 -2 -1 0 -2 0 -1 -1 -3 0 0 0 1 -1 -2 -2 -1 0 0 0 -6 0 1 -4 -4 1 4 -1 2 0 -1 -2 -1 2 1 0 -1 -1 0 -2 2 1 6 0 0 1 0 -1 0 -4 -1 0 0 -1 0 1 2 -4 1 1 -1 -1 0 -2 -1 1 -1 0 0 2 0 -1 -3 0 -2 1 0 1 2 -2 -2 -1 -4 0 -2 0 0 -2 2 -1 0 -2 0 0 -2 -1 -4 4 0 -4 0 -4 4 2 0 0 -1 1 -5 0 2 0 -1 -1 -2 3 -2 1 0 -1 0 0 -2 -2 2 -2 0 0 0 -1 -4 -6 -1 0 1 2 -2 1 7 -2 -4 0 0 1 -2 0 0 -2 5 -4 0 0 0
-4 0 0 -3 -4 0 0 2 0 0 0 1 2 -6 0 0 2 0 0 2 -3 0 0 -1 -4 0 0 0 0 4 0 -2 26 0 2 0 -2 0 0 0 0 0 -2 0 1 4 0 0 -2 0 0 -1 2 0 0 0 4 0 0 0 0 0 4 0 0 1 0 -4 0 0 -2 0 0 0 0 2 -4 -2 0 -1 1 -1 -4 0 2 0 0 -2 2 0 0 0 0 -4 0 0 0 0 0 0 0 -1 2 0 0 4 -1 0 0 0 0 4 -2 1 0 2 0 4 -1 0 0 0 1 -2 -2 0 2 0 0 0 0 0 -1 2 4 0 -1 -6 -2 0 0 -4 0 0 0 1 0 0 0 0 -2 -2 1 -2 2 1 2 0 0 0 0 -1 0 6 -1 -2 0 0 0 0 0 0 1 0 2 0 0 0 0 -4 0 0 0 0 0 0 0 0 0 0 2 0 -1 0 -3 0 4 1 0 0 -4 2 -2 0 3 0 0 -1 0 0 0 0 0 0 2 0 0 0 0 0 1 0 0 0 0 1 0 0 0 -1 0 4 0 0 0 4 1 -2 0 -2 -2 0 0 2 0 1 0 0 3 0 0 0 1 0 -1 0 -1 0 2 -4 1 -2 -2 -4 -6 2 0 0 1 0 1 0 4 0 0 0 -2 0 0 -2 0 -1 0 -1 0 0 1 2 4 0 0 -1 0 0 2 0 -1 0 2 2 0 0 0 0 0 -2 0 0 -4 0
0 0 -2 0 0 -4 -1 0 0 0 -2 0 0 -2 1 0 0 -2 -2 -1 2 -2 0 -6 0 0 1 0 -2 -1 2 -3 0 24 0 0 1 1 0 -2 0 2 2 4 0 0 0 0 0 0 -1 -1 1 2 1 0 0 0 1 2 0 0 0 0 0 0 1 0 0 0 1 0 0 0 -4 0 -2 4 2 0 0 3 0 0 0 -1 0 0 0 2 0 2 0 0 0 0 -2 -3 -1 0 1 0 0 0 0 -4 2 -2 0 1 -1 -1 -1 0 2 0 0 -1 0 0 0 1 4 0 1 0 0 -1 2 0 0 0 0 0 -2 1 0 2 4 0 0 0 0 4 0 0 2 -2 1 0 -2 -2 1 2 0 -2 0 -2 0 5 0 2 2 2 -2 0 2 0 0 0 1 -3 0 2 0 5 2 4 1 0 2 -1 0 0 -1 0 0 0 0 -2 -2 -1 2 0 3 1 0 0 2 0 3 0 0 1 0 1 -1 3 -2 0 -4 1 0 0 0 -1 0 0 4 -1 0 0 0 0 -1 0 1 0 -2 1 0 2 -2 0 0 -3 0 1 0 2 0 -1 0 -4 2 2 -4 0 0 -1 0 0 0 2 -1 0 -2 0 0 0 4 0 2 0 0 1 0 0 2 0 0 0 -6 -4 -2 0 0 1 0 5 -1 -2 -2 0 0 2 3 0 -2 0 0 0 -2 0 0 1 0 0 0 0 0 0 0 0 0 -1 0 0 -2 0
-2 0 0 0 0 2 0 0 0 4 0 0 -2 -2 0 -2 0 0 2 -5 1 0 0 0 2 0 -2 2 3 0 0 -4 2 0 30 0 -2 2 1 2 0 0 4 6 0 0 4 0 2 2 4 0 0 -3 0 0 0 2 -2 0 0 0 0 0 6 0 0 6 2 -4 0 0 0 -2 0 0 0 0 0 0 0 -1 1 0 1 -4 0 4 0 -4 8 4 -1 4 2 -1 -3 0 -2 0 4 2 0 0 -4 2 0 -3 -2 0 -2 2 0 1 0 -2 -4 0 1 0 0 2 0 0 -1 -2 0 0 0 0 2 0 0 1 -2 0 0 2 -1 2 2 0 0 0 -1 -2 0 -1 0 0 0 -4 0 0 0 1 -2 1 0 0 0 0 0 4 -2 -2 -1 0 0 0 -2 0 -1 -4 0 0 0 0 0 4 0 -4 0 2 0 0 0 -1 0 0 -6 0 -4 0 0 0 2 1 0 -2 0 -5 0 4 1 1 2 4 -4 -2 0 5 2 2 0 0 4 2 1 0 0 -2 4 2 2 0 1 0 2 -4 0 0 -1 4 2 2 1 -1 0 2 0 0 0 0 -1 1 -1 -1 0 0 0 4 0 4 0 0 0 -4 0 -4 0 0 0 2 -2 0 0 0 0 -2 0 0 -2 2 6 5 0 0 -4 0 0 0 1 0 0 3 0 0 4 4 4 0 0 -2 1 -2 0 0 1 3 -2 0 0 0 0 -2 0 -2 -4 0
-1 0 1 0 -6 0 0 -4 2 4 0 -5 -2 5 0 -3 -6 0 -1 2 -2 -2 0 -2 2 -2 0 0 4 6 0 3 0 0 0 50 0 0 2 7 0 -4 4 -1 -1 0 0 -1 -3 0 1 0 0 1 -2 0 2 0 1 0 0 1 0 0 -3 0 0 0 0 0 0 2 4 4 -1 -1 2 3 0 0 -3 0 -2 0 0 1 2 4 0 -2 3 -2 2 -2 0 2 0 -3 -2 0 2 0 -6 2 0 3 -1 0 -4 0 0 1 -4 -1 0 1 -1 -3 2 0 -1 0 0 -4 3 -1 0 -1 0 0 1 0 0 2 0 2 -6 -1 -1 0 2 0 2 2 -8 -2 1 0 -4 0 -4 0 0 3 0 0 4 4 0 3 -2 -2 1 1 -1 0 3 -4 0 1 -1 0 -4 -4 2 -6 2 -2 0 2 0 0 0 2 2 -1 -2 -2 -4 -12 0 0 3 0 0 -2 9 0 -1 1 1 0 4 0 0 -2 0 2 2 2 2 -2 0 3 0 -4 3 -2 0 0 0 -9 0 2 1 5 2 0 0 0 2 3 -1 -1 2 -2 0 0 -3 0 -1 -4 2 -4 2 0 -1 -6 -3 -1 4 0 0 -2 -1 1 0 0 4 2 0 1 0 0 0 0 0 0 4 1 1 0 0 0 -1 2 0 -4 -2 0 -3 1 2 -4 0 1 0 0 -4 0 -1 -2 0 -2 -2 1 0 -1 -1 0 1 2 0 0 0 1 0 2 0 4
0 0 2 1 0 1 -4 0 -6 0 -1 0 1 1 1 -2 -1 4 -2 0 0 -3 -1 2 0 2 -2 -4 4 1 0 -1 -2 1 -2 0 42 -5 0 4 0 -2 0 0 1 0 0 0 -4 0 3 0 2 4 2 2 0 0 -1 0 0 -3 0 2 0 0 2 -4 -2 -4 -2 0 0 0 0 -4 2 2 1 -4 0 0 12 0 0 0 0 1 0 0 0 -1 0 0 -4 -2 -1 1 0 1 0 -1 -3 0 2 -4 2 -2 -4 2 0 -2 -1 2 0 1 -1 -9 -4 0 -5 0 0 2 4 -3 0 3 2 4 -4 -1 2 0 -1 2 0 4 2 0 1 4 0 1 1 4 2 0 0 0 0 5 0 0 8 6 -4 0 0 -1 2 0 1 -4 -5 1 -1 0 0 -2 -4 4 0 4 2 0 -1 2 1 -3 0 0 0 -1 -1 -4 -1 6 0 0 4 1 3 -2 1 -4 0 0 1 -1 2 -3 2 0 1 1 -2 -1 2 -4 -2 0 0 0 0 1 2 -8 -2 0 0 0 4 -1 4 2 -2 -4 2 2 -2 0 3 0 0 0 1 0 0 0 -1 -3 -1 -2 -4 -1 0 -1 0 0 -2 -2 0 1 3 1 8 6 0 0 -2 0 0 0 1 2 -2 2 2 1 0 2 -2 -2 -4 0 -4 0 1 0 -3 2 -3 2 0 -2 -1 0 -2 -3 -1 -4 4 0 0 -2 3 0 0 -1 -5 -2 1 0 2 0 4 -4 4 2
0 0 2 0 0 0 0 2 0 0 0 -1 0 -3 0 0 0 -1 1 -1 -3 0 0 0 2 0 3 3 6 0 0 0 0 1 2 0 -5 34 5 -1 0 0 1 0 0 0 0 0 2 0 -1 0 -2 0 0 -2 2 -3 0 -2 0 0 0 0 0 3 -1 -2 -2 0 1 -1 -1 -2 0 0 0 2 -1 -4 -2 0 -6 -4 0 0 0 -2 0 0 -4 0 0 0 0 0 -1 0 0 0 1 1 5 -2 -2 2 0 0 10 0 0 2 0 0 3 -2 -1 4 0 0 2 -3 0 4 1 0 3 -1 -1 0 0 0 0 0 0 4 0 -2 0 0 0 -2 0 3 2 0 0 -1 0 0 -6 3 4 1 -2 -3 1 -2 0 0 4 0 -2 0 5 8 0 2 0 2 6 -3 0 0 0 1 0 0 0 7 -1 0 0 0 2 -3 1 0 0 3 0 1 2 0 0 4 1 2 -2 -1 1 0 -3 -1 4 0 1 0 0 3 0 -2 2 2 0 0 0 -4 0 2 0 0 0 -4 0 -1 1 0 0 3 0 0 -1 -1 0 -1 -1 -1 0 2 0 -1 -2 1 0 -4 11 1 0 1 0 0 -2 1 0 3 1 2 0 0 1 1 2 1 0 1 0 -1 0 -3 0 -2 -3 6 6 0 2 2 0 -4 -1 -1 0 0 0 1 -2 2 0 2 1 0 -2 0 0 2 -1 0 0 0 1 -2 -1 0 0 -1 0 3 -3 3
0 0 4 0 0 -2 -2 0 0 0 0 0 -2 2 -2 -4 2 1 0 0 0 0 0 0 1 0 0 0 3 0 0 0 0 0 1 2 0 5 18 3 0 0 2 -4 0 0 0 4 0 0 0 0 1 1 0 0 0 0 0 -4 0 0 0 -1 0 0 0 0 -2 2 2 0 0 4 0 0 1 0 2 0 -2 1 -3 -4 0 0 -2 0 0 -2 -3 0 2 0 0 -4 0 1 0 0 0 0 4 0 0 0 0 0 2 -1 0 0 0 2 3 0 -2 -3 1 0 0 0 0 0 1 2 3 0 1 0 0 0 0 1 4 0 -4 -2 0 4 -6 2 1 3 -4 -4 0 -2 0 0 0 0 0 -1 2 0 1 -1 0 0 0 0 -6 0 0 2 0 1 -4 0 -2 0 0 0 4 0 0 0 0 0 0 4 1 -2 2 -2 0 0 0 1 0 1 -1 0 0 2 2 -1 -2 0 0 0 0 0 0 0 0 1 2 2 -4 0 2 -1 0 0 2 -1 -2 0 0 0 0 0 0 -1 -3 0 2 -2 0 0 3 0 2 0 -2 -1 0 0 0 0 0 0 -4 0 2 -1 2 0 1 0 0 2 0 0 0 3 4 0 0 0 0 0 1 0 0 0 0 0 0 -1 0 2 4 1 0 -1 -1 0 -1 4 2 0 2 1 0 2 0 0 -4 0 1 0 0 0 0 0 0 0 0 -1 -1 0 0 0 0 0 0 2
0 0 2 0 -2 0 2 0 0 0 0 -1 2 4 4 -5 0 0 0 0 0 2 0 0 0 2 0 -6 6 0 0 0 0 -2 2 7 4 -1 3 31 0 -6 2 0 -3 0 0 1 0 0 0 2 0 3 0 0 6 0 2 -2 0 -4 0 0 -4 1 2 0 4 0 0 -2 0 0 -6 0 2 0 1 0 2 -4 2 -2 0 0 0 0 0 -2 -2 0 0 0 0 0 -2 1 1 0 -2 0 2 0 0 -3 0 0 -4 -2 0 -2 0 0 1 -1 -1 0 2 0 -1 0 0 0 0 -4 -1 0 0 2 0 0 2 2 0 0 0 0 0 0 0 0 0 1 0 0 -2 0 0 0 0 -4 0 -1 0 0 -1 2 2 0 2 0 0 1 -4 2 -2 1 0 0 0 0 0 -6 0 -8 6 0 2 0 0 2 0 0 -1 -3 2 0 -1 -3 0 -1 -1 1 1 1 1 1 -2 2 0 0 6 2 0 0 -1 0 -2 6 0 -6 1 -3 0 2 4 0 0 2 2 1 0 0 0 1 0 -1 0 -3 0 -1 0 0 2 2 0 1 -6 0 0 2 0 0 -4 0 2 2 -1 1 -2 0 0 2 0 0 0 -2 0 0 0 0 -4 0 0 0 -2 0 2 0 0 -2 2 0 2 -2 0 -10 0 0 -1 0 3 0 0 2 0 0 -2 0 0 0 6 0 0 -2 0 0 -3 0 0 2 -2 0 2 1 4 -4 2 -1
0 1 4 2 3 0 -2 -2 -4 1 1 0 0 0 0 0 0 0 0 0 0 4 0 -3 0 0 -3 0 0 0 0 -3 0 0 0 0 0 0 0 0 35 1 -1 0 0 2 0 -1 -2 0 0 2 0 -2 0 0 0 0 0 0 0 0 0 4 0 0 0 0 2 -2 0 2 0 4 0 0 0 -4 -1 2 -3 -4 4 0 0 1 2 0 0 -6 0 1 -7 0 0 0 0 8 7 -2 -1 -4 3 0 0 0 2 0 0 -4 0 -3 0 -2 -4 0 0 -2 0 0 0 0 2 0 0 0 -1 0 0 0 0 0 -4 -3 2 -1 0 2 0 0 0 -4 -8 -2 0 0 0 1 4 -4 0 0 0 2 0 -1 0 0 0 2 0 1 1 -7 4 -1 0 0 0 1 0 0 0 -1 0 0 2 0 0 0 -4 0 0 0 1 3 -1 0 -2 0 1 -1 1 -2 -4 -2 -2 0 0 -4 2 -2 2 0 0 -2 1 4 -1 0 0 -1 1 0 -2 0 4 0 -4 0 2 0 -1 2 0 0 -4 0 4 0 1 1 2 0 0 0 0 0 2 1 0 -1 0 -2 0 -1 0 0 0 0 -2 0 0 -6 -2 0 12 0 1 0 0 -4 -2 0 0 4 0 0 0 0 0 -2 0 -1 1 0 0 -1 -6 0 2 3 0 0 2 0 0 0 0 -6 -2 1 0 2 0 0 0 0 0 3 0 0 1 -4 0 0 -4 -2 2 -2
0 0 0 -2 0 2 0 0 2 0 0 0 -4 1 2 3 0 0 4 1 1 1 -1 -2 1 3 1 -1 4 -4 0 0 0 2 0 -4 -2 0 0 -6 1 24 0 -2 3 0 4 0 2 1 0 0 2 0 0 0 -4 0 0 0 0 2 0 2 0 0 -1 0 0 2 0 1 1 0 3 2 -2 -2 3 3 0 0 0 0 0 0 1 -1 0 0 0 1 0 0 0 0 -1 0 0 -2 2 0 4 0 -3 0 1 0 -2 0 2 0 -4 0 0 -4 0 -3 4 0 0 0 0 4 -4 2 0 0 0 0 0 1 0 -1 4 0 2 0 1 0 0 0 0 0 0 0 1 0 0 1 0 0 0 0 0 0 0 0 0 0 0 0 3 0 0 0 2 0 0 0 1 0 1 4 -2 4 -4 3 0 1 1 0 2 0 0 4 0 -2 0 0 3 3 2 -2 0 2 -4 -1 0 2 0 0 0 3 -2 3 -4 0 0 -4 2 4 1 2 -1 0 1 0 2 1 2 0 4 -1 -4 0 1 2 0 -1 3 0 0 0 -5 -2 0 0 5 0 4 2 -2 2 0 1 0 2 4 0 0 0 2 1 0 0 0 -2 0 0 1 -4 0 0 0 -1 3 0 1 -4 0 0 0 -4 0 0 0 2 0 2 -4 0 -2 -1 0 0 0 0 2 0 -6 2 1 -1 2 0 4 0 2 0 1 0 0 0 -2 0 0 -4 1 -1
2 0 0 8 0 -4 0 0 -2 -3 2 0 -4 4 2 -4 0 -2 -2 1 -2 -2 4 4 -4 -4 1 2 2 -2 -1 -1 -2 2 4 4 0 1 2 2 -1 0 49 1 0 2 0 -1 0 0 4 -4 4 0 0 0 0 -2 2 0 0 0 2 2 1 -2 0 3 0 0 4 2 0 -1 2 -4 2 0 0 2 0 0 2 0 2 -1 0 -1 -2 0 4 0 -2 0 0 2 -5 -3 -4 0 1 0 0 0 2 -1 0 -5 0 0 0 7 0 -2 -4 -2 2 -4 4 0 0 0 0 0 -1 0 -3 0 0 -4 0 2 -1 -2 -4 -1 -1 -6 0 0 0 -2 0 0 2 0 0 -1 0 -2 2 4 0 2 -4 -5 -1 3 -2 0 0 0 6 -4 2 2 -1 0 -2 0 3 -2 -4 0 -2 0 0 0 0 0 -4 -1 -1 0 0 0 0 0 0 0 -3 1 -2 4 -2 0 2 0 -1 -2 -2 0 0 -1 4 0 -1 0 0 4 -2 -2 0 -2 0 -4 2 1 -4 0 -2 2 0 -1 4 0 0 0 -1 0 0 2 0 -1 0 1 -2 2 0 -2 -2 2 0 0 1 2 0 -3 0 0 0 2 0 -4 2 2 -5 -2 0 0 0 4 0 0 -2 5 -2 -1 0 0 0 -2 0 2 -1 1 0 0 0 -2 -2 3 -1 2 0 2 2 2 0 3 0 0 0 -4 4 0 1 -2 0 0 0 0 0 0 -4 -2 0 0 0 3
-1 0 3 0 0 -1 4 0 -2 0 0 0 0 -2 0 -2 6 0 -4 0 2 0 0 1 0 0 -4 1 0 2 1 -2 0 4 6 -1 0 0 -4 0 0 -2 1 42 2 0 6 0 0 -5 -4 0 -4 -9 0 0 -2 0 0 0 1 -4 2 0 0 2 0 0 2 1 -2 1 0 -3 4 1 -2 0 -3 -1 0 -4 0 0 2 -4 2 -3 -3 2 0 0 -3 4 -1 3 -1 -1 1 4 0 0 4 0 -1 -2 1 -5 -2 0 0 0 0 0 1 -5 -6 0 2 1 0 0 0 0 0 0 -3 2 0 0 4 0 0 0 -6 2 0 2 0 -6 2 2 -1 -1 1 4 0 -1 -2 0 2 0 0 2 -1 2 -6 -2 0 1 4 0 2 4 0 2 -1 2 4 1 1 0 -2 3 0 2 -4 0 4 0 0 2 -2 -2 1 -1 0 -2 2 0 -7 -2 8 4 0 0 9 4 -1 7 -2 0 -3 1 0 2 2 8 0 -2 -4 -2 0 2 -2 0 5 2 2 0 -2 0 0 4 3 0 0 0 -1 -2 0 1 -1 6 -4 1 0 0 2 -2 0 2 2 2 2 1 -2 0 -2 4 0 2 0 2 0 0 -4 0 -2 0 -2 -1 0 4 0 5 -2 0 1 2 0 -1 -6 2 -3 3 -5 0 0 1 -1 -5 -5 0 -3 0 3 0 4 0 0 -2 0 -4 -2 0 0 6 1 5 2 0 -1 0 1 -4 1 -3 -4 -2
0 0 -3 -4 2 -4 -2 0 0 -2 0 0 0 -2 4 -1 0 6 -2 0 -1 0 0 2 -1 1 0 0 1 0 0 0 1 0 0 -1 1 0 0 -3 0 3 0 2 25 2 0 2 1 -3 -2 0 -2 0 0 0 -4 1 0 0 0 1 2 0 -1 -1 0 0 -2 0 2 1 0 0 3 1 -2 2 0 -1 0 -1 0 0 0 1 1 -5 0 0 -1 -1 0 1 -1 0 0 0 -2 0 -1 0 0 -2 -2 1 0 0 0 -2 0 0 -6 1 0 0 1 1 0 0 0 0 0 4 -4 1 0 -1 1 2 0 0 0 1 0 -1 -1 -4 1 0 0 -3 0 0 0 0 -2 1 -1 3 0 -4 -2 -2 7 2 0 -2 -1 1 2 -1 1 0 -1 -4 2 -2 0 0 0 -1 -2 2 0 3 -4 0 0 0 1 2 0 0 0 1 0 0 3 0 2 3 -1 0 0 0 0 0 -1 3 1 -4 -5 0 -4 2 0 -1 0 -2 0 -2 0 1 -2 1 -2 0 0 0 0 0 2 0 -1 0 2 0 0 1 -1 0 0 4 0 6 2 0 3 -4 -5 2 2 4 1 0 -2 -2 -1 2 0 0 0 -1 0 0 0 0 0 0 2 -2 -2 6 -2 0 3 1 -2 -1 0 0 0 2 -5 -2 0 3 -4 0 -1 1 -5 -2 0 -1 0 0 0 -1 0 1 0 -1 -1 0 0 0 1 0 -1 0 1 0 0 0 0 0 0 3
7 0 4 0 4 2 0 -2 0 -4 -1 2 4 -2 -2 0 -2 0 -3 1 -3 0 0 0 2 0 0 0 -3 0 -4 0 4 0 0 0 0 0 0 0 2 0 2 0 2 34 0 2 -1 0 0 0 0 0 0 -4 0 0 2 -4 0 1 0 0 3 2 0 0 0 0 0 2 0 0 0 0 -4 0 1 0 0 -2 4 0 0 1 0 0 0 0 0 0 0 2 0 0 0 -4 -6 -2 -2 -2 2 0 0 0 0 0 2 -4 0 0 0 0 5 3 0 2 1 -1 0 0 0 -4 0 4 0 0 -4 0 -4 0 0 0 6 3 -4 -4 0 2 0 0 0 0 -3 -5 0 0 0 2 4 0 0 0 4 0 2 0 0 0 0 -2 -1 4 3 0 -4 0 1 3 0 0 2 0 4 0 0 0 -4 0 0 1 0 0 0 0 4 0 2 -4 0 6 0 0 -1 0 0 -2 -2 0 0 -1 0 0 2 0 -2 -2 0 0 0 -1 0 0 4 0 0 0 0 0 2 -4 -4 0 0 2 -4 -1 0 2 0 -1 0 0 0 0 2 1 0 -5 -4 3 -2 0 0 -2 1 2 0 0 2 0 -1 0 -1 -2 -4 0 -4 0 0 -4 0 0 -8 -2 2 0 0 0 2 0 2 0 0 0 1 1 0 0 0 0 -1 2 0 4 2 4 0 0 0 2 1 -4 0 2 -1 0 -2 -1 0 1 0 -2 0 6 0 2 8 0
-2 0 0 -1 0 2 0 2 -4 -2 0 0 0 -2 2 2 0 2 2 2 4 0 2 2 0 0 0 -4 0 2 0 0 0 0 4 0 0 0 0 0 0 4 0 6 0 0 39 0 0 2 0 0 0 -7 1 0 -4 0 0 2 2 4 -1 0 0 4 0 -2 2 0 0 0 0 0 -2 6 0 0 0 0 0 0 2 2 0 -4 0 0 -4 0 0 4 0 4 0 0 0 0 0 -2 0 0 0 2 4 0 0 0 -2 0 4 0 0 0 4 -8 -5 -4 2 0 0 0 0 0 0 0 -2 0 0 -2 2 0 0 -2 0 0 0 4 -1 1 2 -2 0 2 0 0 0 0 0 1 4 0 0 0 -4 4 0 0 0 -4 1 0 0 4 1 1 0 0 0 2 0 -2 -4 -4 0 -4 -2 0 0 1 0 2 4 -1 -1 -2 0 0 0 -2 -4 0 0 0 -4 0 2 0 -2 -6 0 0 0 4 0 4 2 -4 0 0 -1 -1 2 0 0 -2 2 0 -2 -2 0 -1 4 4 -3 0 4 0 0 -4 0 -2 0 4 0 0 0 0 2 2 0 0 0 4 2 0 -4 0 2 0 0 2 4 4 0 0 0 0 0 0 -2 -1 0 0 0 0 2 0 0 2 0 6 0 0 -8 4 0 -2 -2 2 0 0 0 2 1 0 -2 0 1 0 0 1 0 -2 0 0 12 4 0 2 -2 5 -4 0 2 0 -1 0 0 4
0 0 0 -2 -2 0 0 0 0 0 0 -1 2 2 0 -3 1 0 0 -1 0 0 -2 0 2 1 0 0 2 0 0 0 0 0 0 -1 0 0 4 1 -1 0 -1 0 2 2 0 29 0 -1 2 -2 0 2 0 0 1 0 4 2 0 1 0 -1 0 4 0 2 0 4 -2 -2 -1 0 0 2 0 0 3 0 0 0 0 -1 0 0 -2 0 -3 1 -2 4 -1 -1 1 0 0 0 0 0 0 -1 0 0 1 0 0 -1 0 0 0 0 0 1 2 0 -1 -2 -1 0 0 0 0 -7 -2 -2 0 -1 0 0 0 0 0 3 0 0 -2 -2 0 -2 -4 2 0 0 -4 -2 0 -5 0 0 2 -4 0 6 -1 2 0 -2 0 4 0 0 0 -1 0 0 -1 0 2 0 -2 0 -1 -1 3 0 0 0 0 0 4 0 1 0 -2 -2 0 0 0 -4 2 3 0 0 -6 0 0 -8 0 0 -2 0 8 0 0 -3 -1 -4 1 0 -4 0 0 0 0 1 0 -1 0 -1 0 0 -3 0 0 0 0 1 -2 0 0 0 2 0 -2 4 1 2 0 0 0 1 -2 1 -4 0 2 0 -1 1 -1 0 3 2 -1 -1 0 3 5 0 0 0 0 1 0 0 4 2 -2 0 0 0 0 0 -1 0 -1 1 1 0 -5 0 0 0 2 0 0 0 0 -2 -2 0 -4 0 0 4 2 0 -1 -1 3 1 2 0 0 1 -1 4 -2 2
-2 -2 1 4 -2 3 1 -4 0 0 1 1 -4 -1 4 4 2 2 -1 0 0 -1 0 0 -6 1 2 3 -2 0 0 -3 -2 0 2 -3 -4 2 0 0 -2 2 0 0 1 -1 0 0 42 -2 6 0 0 2 1 0 0 1 1 0 -1 0 0 0 0 0 -2 -4 1 4 -2 -2 -1 0 0 -4 -3 0 -1 4 0 0 0 0 0 -1 -2 0 0 -4 5 2 0 0 0 -4 -5 -6 6 0 -2 1 0 -1 -2 0 0 0 -1 1 0 0 -2 2 2 0 2 2 2 0 -1 2 0 4 -8 -1 -2 -1 0 0 -1 0 -1 0 1 -4 0 -4 -2 0 -3 -2 -2 5 2 0 0 0 0 2 2 0 0 0 -1 1 -1 0 -1 0 0 -5 0 0 -2 1 2 4 0 -3 1 -4 -4 -2 -4 1 4 3 0 2 0 -2 0 -1 -2 0 2 -3 0 1 0 0 -2 0 0 3 -4 0 0 -1 0 0 -1 2 1 1 3 -2 -4 0 1 1 0 -3 -1 0 -1 5 0 4 0 1 -3 1 2 -5 1 10 5 -2 2 0 1 0 0 0 2 2 0 2 0 -1 -1 0 0 2 1 1 -3 2 0 0 -1 1 0 4 -6 -1 0 -5 3 0 0 1 0 -2 0 0 -1 0 -1 0 -2 -2 4 0 0 -1 2 -3 0 -1 0 -2 0 -1 -1 0 2 3 0 0 4 -4 0 0 0 1 0 -1 1 0 0 0 1 -6 0 -2 -2 -4
0 0 -3 0 2 4 0 1 0 -2 0 -3 0 0 3 -1 -2 3 1 0 0 0 2 -2 3 0 0 1 0 -3 0 1 0 0 2 0 0 0 0 0 0 1 0 -5 -3 0 2 -1 -2 21 4 -1 3 -3 1 0 1 1 -1 2 1 1 -4 2 0 -1 0 -2 3 0 0 0 0 0 0 -2 0 0 -1 2 0 1 0 0 -1 0 -2 4 1 -1 2 5 -1 3 0 -1 -1 2 0 -3 -1 -2 -2 2 -2 0 0 3 -1 0 0 0 0 -5 -1 -3 -2 -2 -2 0 -1 2 1 0 1 0 0 0 0 0 2 0 0 -1 0 0 2 0 1 3 5 -2 2 -4 0 0 0 -2 2 0 -4 -2 0 0 0 -2 3 0 0 -3 -4 4 0 2 0 -1 -2 -3 0 0 0 -1 2 -6 0 5 6 -3 0 2 2 -2 0 2 -1 2 0 0 4 0 -1 0 -1 -2 0 0 3 1 2 -6 2 0 3 0 -1 -2 1 -1 0 0 0 0 2 0 0 -1 0 0 3 -1 0 -2 2 -3 0 0 1 0 0 -4 1 0 -2 2 -1 -2 -1 -1 -1 5 -2 0 0 -1 0 0 0 2 2 -6 1 -2 2 0 2 0 -1 0 1 1 3 -2 0 -5 0 -2 2 0 0 -1 -1 0 1 0 0 2 3 0 1 2 1 0 2 -4 -2 -1 0 0 -2 1 -1 0 1 -3 2 2 0 -2 -2 1 -2 2 -1 0 -2 2 1 0 4 3
-2 2 0 -2 0 -2 0 -1 4 -5 0 0 0 0 6 7 -3 5 -2 -2 2 3 2 0 -1 0 -1 2 -1 0 1 0 0 -1 4 1 3 -1 0 0 0 0 4 -4 -2 0 0 2 6 4 58 0 -3 2 1 -1 0 -4 1 -2 0 2 -7 -2 4 3 4 8 2 2 -7 2 0 -2 -1 -1 -3 2 0 0 -2 -2 0 0 -1 -1 -2 6 1 2 8 0 1 1 0 -5 0 -5 0 -4 2 0 -1 0 0 2 2 -5 -2 -3 0 2 -2 1 2 0 0 0 0 -1 1 0 -1 0 -4 -5 0 7 -2 2 3 0 1 1 -3 4 1 -3 0 0 -1 -2 -4 3 2 0 0 0 2 2 -1 4 0 2 0 -1 0 1 1 -1 -4 -4 -2 1 0 1 -2 0 2 -4 0 -1 0 -7 0 0 4 -2 0 2 -4 0 1 2 -2 4 1 -1 8 0 0 0 2 -3 -1 2 -2 -2 3 -6 -1 0 4 0 1 -1 -3 -2 2 2 -1 5 0 2 0 -2 3 -3 0 2 1 0 -4 -5 4 -1 0 2 0 0 -1 0 1 -1 -4 -4 3 -3 -2 4 -1 -1 -3 0 0 -4 0 -1 3 0 -1 4 2 1 -1 -2 0 -2 1 -4 2 0 0 -2 2 0 3 -2 1 -1 0 1 -1 0 4 0 1 4 -1 0 6 4 7 -2 3 -7 0 -4 -1 2 -1 4 1 3 -2 -1 -2 0 -4 -5 -2 3 0 0 0 0 -3 0 0 0
0 0 0 -2 0 0 0 0 0 0 0 0 0 -2 0 0 0 0 0 1 1 0 -2 0 -1 4 0 -3 0 0 0 0 -1 -1 0 0 0 0 0 2 2 0 -4 0 0 0 0 -2 0 -1 0 19 0 4 0 0 -2 0 0 0 -1 0 0 0 0 4 0 4 2 -1 1 0 -4 0 0 0 0 1 1 0 1 2 0 0 0 -1 0 1 3 0 -2 0 1 1 0 -1 0 0 2 0 0 0 1 0 -1 0 0 0 0 0 1 -4 -2 4 0 -1 -2 2 0 0 0 0 0 0 0 2 0 0 0 0 0 0 -1 -1 0 0 0 -2 0 0 0 0 -2 0 1 0 -1 2 0 0 0 0 2 -6 0 0 0 0 0 0 0 0 0 1 0 4 0 0 0 0 0 0 1 1 1 0 -1 2 0 0 0 0 0 1 2 0 0 0 0 0 0 -1 0 0 2 4 -2 -1 -2 0 0 -4 1 0 1 -1 0 -1 -2 0 2 0 1 -2 0 0 0 0 0 -1 2 1 0 0 0 0 0 0 4 1 0 -2 1 -1 -2 -2 1 0 0 0 0 -2 0 2 0 0 2 0 -1 0 -1 0 0 -2 -2 0 1 0 0 0 0 -4 0 1 0 6 0 0 0 0 0 0 1 0 2 0 -2 2 -4 -1 0 0 0 -2 2 -2 0 -1 -4 -1 -2 0 0 0 0 0 0 0 0 3 0 0 -1 0 4 -1 1 0 4 -4
0 0 -1 4 0 1 -4 0 0 6 -4 0 1 2 0 8 0 3 -2 1 4 0 -1 0 5 -2 0 7 0 -10 0 1 2 1 0 0 2 -2 1 0 0 2 4 -4 -2 0 0 0 0 3 -3 0 56 -2 -4 0 0 0 0 -1 -6 0 0 7 0 -2 -4 -2 0 0 4 0 3 2 2 0 2 1 4 3 0 3 0 0 2 0 -1 -2 0 0 -4 1 -1 -5 -8 -2 -1 0 0 -2 0 0 -2 0 0 0 0 1 0 1 0 0 5 3 -4 1 -2 -1 -4 0 0 0 1 1 -2 2 -1 4 -2 -4 0 -2 0 -1 1 0 0 5 0 4 -3 0 2 -2 0 1 0 0 2 1 -1 2 0 -1 1 0 0 0 -6 1 0 0 -2 2 0 -1 3 0 -4 0 3 0 0 0 3 0 0 -6 0 -2 6 2 -1 -7 0 2 -2 -4 6 1 2 -4 -2 0 -2 0 0 -1 0 0 0 -1 0 0 -3 0 -2 0 3 1 -2 2 3 0 0 3 1 0 4 -2 1 4 1 2 0 0 6 2 1 -1 1 6 7 -2 -2 0 4 0 6 -4 2 0 0 0 0 -2 -2 2 -2 4 0 4 0 -3 -1 0 4 0 0 -2 1 0 0 -2 -1 3 0 0 2 -1 0 -2 2 -1 2 0 4 6 2 2 -4 0 -2 0 1 0 -1 0 -4 -1 -2 1 0 0 0 4 0 0 0 0 -6 -2 0 0 -2 0 0 0 0 3
-2 0 0 0 -2 6 0 -4 0 0 0 2 -2 -3 3 -1 -4 -1 0 0 1 0 0 -1 -1 0 0 -4 2 -1 0 -2 0 2 -3 1 4 0 1 3 -2 0 0 -9 0 0 -7 2 2 -3 2 4 -2 52 7 -2 0 0 1 -8 0 -1 -5 -1 0 -2 -2 0 -2 6 -2 -2 0 -2 0 -1 0 -4 1 1 0 -1 -4 -4 2 8 -2 4 1 -2 0 -2 6 -4 1 3 -1 -1 0 0 1 2 0 -1 2 2 0 -1 0 2 0 0 -2 0 0 2 5 -3 -4 0 0 1 -1 -4 1 0 4 -1 4 5 -2 0 1 2 -2 2 -2 -8 -2 0 -8 0 -2 0 -3 2 0 2 -2 -2 -2 0 0 -5 -2 2 0 0 1 3 -1 0 0 -1 -4 1 0 0 -2 3 -2 0 -1 5 0 2 0 6 -2 -2 0 0 0 -1 1 1 -1 0 -1 -6 4 0 4 1 -1 2 -2 -5 2 2 0 0 4 -2 0 -3 -1 -10 -3 0 1 2 -2 -3 4 -2 -4 0 -1 0 0 -2 0 -6 3 -1 0 2 4 4 4 6 -2 -8 -3 2 -2 -2 -3 -2 3 -2 4 0 -4 1 5 0 0 -4 -1 -3 -2 3 -2 0 0 0 2 -2 0 -4 -2 0 0 -2 -1 -1 0 -6 0 1 -4 1 6 -4 0 1 -4 -5 -1 0 -1 0 1 3 -2 0 -1 -2 0 -1 3 2 0 0 -4 -2 0 -4 0 -3 3 4 0 3 2 2 4 -2
0 0 -1 0 0 -1 1 0 0 -2 0 -1 0 2 0 -3 0 2 2 1 -2 -1 0 0 -1 0 -1 -4 0 -2 -2 0 0 1 0 -2 2 0 0 0 0 0 0 0 0 0 1 0 1 1 1 0 -4 7 37 0 1 2 2 -7 0 0 -1 2 6 0 1 0 2 0 -1 0 0 -1 0 0 -2 -4 -3 0 0 1 0 -4 0 4 0 -2 2 -2 4 -1 0 0 -2 -1 -1 0 -3 -2 -1 -2 2 2 0 4 1 -6 1 1 0 0 0 -2 0 0 0 1 2 0 -2 2 1 0 1 -1 0 4 0 0 0 3 0 0 1 0 4 -2 -1 0 0 0 2 -4 0 2 0 0 -1 -1 -4 -2 -2 -2 0 -4 2 -2 0 -2 0 0 1 2 3 0 -2 -1 0 4 -2 0 0 -4 1 2 0 3 0 0 0 4 2 -3 -2 0 -1 0 2 -2 0 -1 0 -2 0 2 0 1 0 6 0 0 4 -1 0 0 4 -5 -2 0 0 0 0 2 0 -3 1 0 2 0 0 1 -2 -3 0 -2 -1 4 2 0 -1 0 1 0 -5 0 -4 0 0 0 -3 1 0 0 0 2 4 -2 6 -2 0 0 -2 3 1 -1 2 2 0 -2 5 -1 0 1 0 -1 0 -1 -2 4 0 0 0 0 2 0 -1 1 2 -2 3 0 0 0 1 0 -2 1 -1 -4 0 0 0 0 2 1 -1 0 -3 0 -1 -1 0 2 -1 1 0 0 1 0
0 0 0 0 0 0 2 2 0 4 0 0 -4 0 0 0 -1 0 2 -4 0 -2 0 4 2 0 -2 0 1 0 -1 0 0 0 0 0 2 -2 0 0 0 0 0 0 0 -4 0 0 0 0 -1 0 0 -2 0 20 -4 0 -2 0 0 0 2 0 0 0 0 0 0 0 -4 -2 0 -2 1 0 0 0 2 0 0 0 0 0 0 0 1 4 0 0 0 0 0 -2 2 0 0 2 0 2 0 1 1 1 0 2 0 0 -2 0 0 0 0 0 -4 0 -1 0 0 1 -3 1 -1 0 0 -2 0 0 0 0 0 -2 0 0 0 -2 -1 -3 -2 0 4 0 0 0 0 0 4 0 0 0 -4 0 1 0 0 1 0 0 0 0 0 0 1 0 0 -5 0 0 0 -4 0 3 0 0 -4 0 0 0 4 0 4 0 0 2 0 0 0 0 -2 1 1 -2 -1 0 0 0 0 0 0 2 0 0 2 0 -2 0 0 0 0 -2 0 0 0 0 0 0 0 0 -2 0 -1 -4 0 0 2 0 -2 0 0 4 -2 -3 0 2 0 0 0 0 0 0 -2 -2 -1 5 0 0 4 0 0 0 1 -2 0 0 0 4 -4 0 0 0 0 0 0 0 0 -2 2 0 -1 2 -2 0 -2 0 -1 0 0 0 -2 1 1 4 0 0 0 2 -2 0 0 0 0 0 0 2 0 0 2 0 0 1 0 0 0 0 0 0 -3 0 -2 0
2 4 4 0 -7 2 -2 0 6 -2 0 2 4 0 4 4 1 -1 0 0 -4 0 0 0 -3 2 0 1 1 0 -4 0 4 0 0 2 0 2 0 6 0 -4 0 -2 -4 0 -4 1 0 1 0 -2 0 0 1 -4 40 0 0 2 -4 2 -2 0 1 -3 1 -4 -1 -2 -4 1 3 1 -4 -2 0 0 -4 4 0 0 -1 0 0 0 0 0 4 0 0 -6 -2 0 2 1 2 0 1 0 -2 0 0 0 2 0 2 -2 1 0 0 1 0 -1 -2 -1 -1 -2 0 1 0 2 0 -1 0 0 0 2 0 -1 0 0 0 2 0 2 0 -1 0 -1 0 4 0 0 0 0 0 2 0 -4 3 0 7 0 2 -1 1 4 2 0 2 0 0 0 -1 3 -3 -3 0 0 0 -4 0 -6 2 0 4 2 0 0 -4 0 0 -3 0 -2 0 -1 3 0 -2 0 -2 -2 0 0 0 0 0 -2 0 0 -1 -2 1 0 0 -1 0 4 -1 -6 0 -3 0 -3 0 -2 3 2 0 0 -3 1 1 0 1 0 0 -2 0 0 -2 -1 0 -2 0 2 -7 0 0 0 -2 -4 1 0 -4 0 2 3 -8 0 -5 -3 -1 2 3 -2 2 -1 0 0 -2 -1 -4 2 0 0 0 2 0 0 -3 -4 4 0 1 -4 1 0 1 -2 3 0 -2 -4 -2 0 2 4 0 -2 -2 -1 0 -4 0 0 -4 -4 -1 5 1 2 0 1 0 0 0 0
0 0 0 0 0 0 0 -2 -3 4 2 -2 0 0 -1 0 0 1 -1 0 -2 2 -2 0 4 0 1 -2 0 0 0 0 0 0 2 0 0 -3 0 0 0 0 -2 0 1 0 0 0 1 1 -4 0 0 0 2 0 0 23 0 0 1 0 0 0 -4 0 0 2 0 0 0 1 0 0 0 0 -1 -2 0 0 0 0 5 0 0 0 0 0 -2 2 0 0 0 0 0 2 -2 0 -4 -2 0 -2 1 6 0 0 1 -3 0 0 0 2 -2 -4 0 -2 0 -1 -1 -1 -2 0 0 0 0 1 0 -2 0 0 0 0 -4 2 0 0 0 0 0 0 0 0 0 1 0 0 0 2 0 1 0 1 -2 -2 0 -1 0 1 -2 0 -4 0 4 1 -4 -4 0 -2 -2 2 -3 -4 -1 0 0 1 0 0 0 2 0 0 0 4 -2 0 1 0 0 0 0 0 0 0 1 -2 -2 2 1 0 0 0 -2 0 0 4 0 0 0 0 5 -3 0 2 0 0 2 9 0 0 1 0 0 0 0 0 0 0 0 0 0 0 0 0 4 1 1 0 -3 1 0 -1 2 0 0 4 0 0 0 0 0 0 0 1 4 -1 -2 0 0 0 0 -2 0 0 0 -2 1 0 0 1 0 0 2 -4 -4 0 -2 -2 4 0 0 0 0 0 -2 0 1 2 3 0 2 -4 0 0 0 -1 0 0 0 -2 -1 0 0 0 -2 0 0 2 0 2
0 0 -2 0 -4 1 2 -1 -4 -5 1 -2 2 0 -1 0 0 0 -1 2 0 -3 0 1 1 0 1 1 -2 0 0 0 0 1 -2 1 -1 0 0 2 0 0 2 0 0 2 0 4 1 -1 1 0 0 1 2 -2 0 0 31 0 0 -2 0 2 0 0 -2 0 0 0 0 1 -2 -2 0 0 -4 2 -3 1 3 0 -4 -5 0 -5 2 -1 0 4 0 0 0 -4 0 0 0 3 0 0 0 0 0 0 0 0 0 0 0 -4 0 3 0 6 4 2 1 0 0 0 -3 -1 0 0 4 1 0 0 0 0 -1 0 -2 0 2 2 -1 0 1 4 1 -4 -3 0 0 -2 0 2 0 -3 4 0 0 5 -2 -2 1 0 -1 -1 0 -2 0 4 0 0 -1 2 0 2 0 0 0 0 -2 0 1 0 0 4 2 2 0 0 0 0 0 -2 1 4 2 -2 3 2 -2 2 0 0 0 -1 -2 2 0 -3 2 4 -2 -3 3 1 -2 0 0 0 1 -2 0 0 0 2 0 4 0 0 0 2 3 0 -1 0 0 0 -1 1 -1 0 -1 2 2 0 -1 1 0 0 0 -2 2 -3 0 -8 0 2 -2 0 0 0 -1 2 -2 1 0 0 2 -2 1 0 4 1 1 4 2 0 1 0 3 0 2 0 4 0 -2 0 0 -2 1 -1 2 2 0 0 -1 -1 0 1 -2 2 2 0 0 0 0 0 -1 0 0 2 -2 2 2 -3
2 -1 -2 -1 -2 0 0 0 0 0 0 2 -1 -1 4 -4 0 0 2 -1 1 0 0 0 -2 2 0 -3 -4 -4 0 -4 0 2 0 0 0 -2 -4 -2 0 0 0 0 0 -4 2 2 0 2 -2 0 -1 -8 -7 0 2 0 0 50 0 1 0 0 0 2 0 0 1 0 0 -2 2 0 0 0 4 9 2 0 2 1 0 4 0 -8 0 3 0 4 4 -1 0 -2 2 0 1 2 -4 1 5 4 -4 1 0 -8 0 -3 -2 0 0 0 0 0 -2 0 2 -1 1 -4 0 0 1 -6 -2 -1 -3 -1 0 0 0 0 0 0 -4 -4 4 2 4 -2 0 1 0 -1 4 -4 0 -2 4 0 -2 0 0 7 -2 0 0 0 -4 0 2 0 3 -4 -1 -4 -2 0 0 4 4 0 0 -13 1 4 0 0 0 1 5 -2 2 -2 -1 0 2 0 0 -3 -1 0 -4 0 0 -2 -2 -2 2 -3 2 0 -8 0 -2 4 2 0 0 4 -4 -1 -2 -1 2 0 -6 0 0 2 0 -1 0 -4 0 0 -2 0 0 5 0 0 0 0 10 -1 0 2 -3 4 -1 -4 0 0 -3 0 0 0 1 0 -2 0 4 -4 -2 0 4 0 4 4 -3 -1 -1 3 -6 2 0 2 0 0 0 2 2 4 -4 0 -1 0 -2 2 0 0 0 -4 0 -2 -1 0 0 0 0 0 0 2 1 1 4 -1 1 0 0 2 2 0 0 0 4 -8 2 -2
0 0 -4 2 -4 0 6 -1 -2 0 2 0 2 -2 -6 -3 0 0 0 0 0 0 4 -2 -5 0 4 -4 4 9 2 1 0 0 0 0 0 0 0 0 0 0 0 1 0 0 2 0 -1 1 0 -1 -6 0 0 0 -4 1 0 0 43 0 1 0 0 -2 -2 2 -2 1 0 -1 2 2 2 1 0 -1 0 2 2 -3 -5 -2 -1 -4 -2 0 -2 -1 0 0 3 6 5 1 0 4 -4 -2 -1 -4 6 0 7 0 2 0 -4 -1 1 -2 0 4 1 0 3 0 0 -2 1 0 3 -4 0 0 0 1 0 0 1 0 2 -4 1 -1 0 -2 1 2 2 0 2 -4 0 -2 0 2 1 0 -4 -4 4 -1 0 0 2 -5 -1 -2 0 1 2 -2 3 -4 1 0 0 -2 0 0 0 1 -4 -2 1 0 -2 2 -4 -2 1 1 0 5 9 -1 0 -1 0 0 -1 0 0 0 2 6 1 0 2 2 -1 2 0 0 2 -1 4 -4 1 0 -3 2 0 -1 0 1 0 -4 -2 -2 0 -2 2 0 0 -1 0 3 0 0 -4 -3 -2 0 0 0 -2 4 2 1 0 2 0 4 -7 -2 0 0 -4 1 0 6 2 1 0 -7 -1 2 0 0 4 -1 0 -3 0 0 -4 0 0 0 -2 0 -2 0 -4 -3 0 0 1 2 -2 6 4 0 0 4 1 -2 4 -4 -2 0 0 0 1 -2 0 -1 3 0 1 2 -1 1 0 0 -2 2
0 9 0 1 2 2 2 -4 0 0 0 -1 -2 -2 0 5 -3 0 2 2 4 0 0 0 0 2 -2 3 -1 1 0 3 0 0 0 1 -3 0 0 -4 0 2 0 -4 1 1 4 1 0 1 2 0 0 -1 0 0 2 0 -2 1 0 35 1 -1 0 1 1 0 -3 -4 0 0 -1 0 2 0 0 3 1 -1 0 3 2 -1 -2 0 0 -1 0 -1 3 4 -4 0 2 -2 0 -2 -2 -3 1 -1 -2 6 7 0 4 1 0 -4 -2 0 -1 -1 2 -1 2 0 0 -2 5 0 0 2 -1 2 0 -2 -2 0 -1 -2 0 0 0 6 0 4 -1 6 0 1 -1 2 -1 -2 0 0 0 0 1 0 4 1 -3 0 4 0 0 0 -2 0 0 -1 -1 2 -2 -2 0 -2 -1 -2 -1 -1 0 2 -1 1 0 0 0 -4 4 0 0 1 -7 0 0 0 -1 1 1 4 -1 0 8 -1 4 0 -2 1 2 -3 0 2 -1 -3 -2 -2 0 2 -1 1 -2 -4 0 0 -3 -4 0 2 4 1 0 -1 0 1 0 -4 0 -1 0 0 0 0 0 -4 0 -1 0 0 -4 -2 2 1 -1 1 4 0 0 0 4 1 -1 -4 -2 0 2 0 1 -2 0 -3 0 -4 2 0 1 1 0 4 0 0 -1 0 2 0 2 0 2 2 -1 0 0 1 -2 0 -2 4 0 -4 0 0 0 1 -2 -3 3 -2 -3 3 0 -2 0 4 -2 0 0 0
0 0 0 0 0 1 0 0 0 0 0 -2 0 -8 0 0 4 0 0 0 2 -2 -2 0 0 -4 0 0 0 4 3 0 4 0 0 0 0 0 0 0 0 0 2 2 2 0 -1 0 0 -4 -7 0 0 -5 -1 2 -2 0 0 0 1 1 35 0 0 -2 -4 0 -1 -1 2 2 0 0 -2 2 -4 0 0 -2 2 0 2 0 2 0 2 -4 0 0 1 -3 -2 2 0 0 0 2 -1 -4 0 4 0 0 2 0 0 4 2 -3 0 0 -1 0 -2 0 -2 -4 0 0 4 6 0 2 -2 0 -2 -4 -4 0 -1 0 0 -2 -1 2 0 -7 -2 2 0 -2 0 0 0 0 0 -2 -2 0 2 -2 0 0 -1 2 2 -2 -1 -6 3 0 1 0 -2 -2 1 0 -2 -2 0 0 0 -1 -2 -2 -4 0 0 0 0 0 2 1 4 0 0 1 -1 0 0 0 -10 0 0 -4 0 -2 -2 6 -4 0 0 0 4 0 0 0 3 2 0 -1 0 0 0 0 0 2 -2 0 0 0 4 0 -2 0 0 2 0 0 -4 -2 2 1 2 2 0 0 0 -4 -3 -1 -1 -2 0 0 0 0 0 3 0 0 2 1 2 -1 -2 -5 0 0 -1 0 -2 2 0 -2 -2 -2 0 4 0 -2 2 1 -2 0 2 0 0 0 1 8 0 0 -3 1 0 0 4 0 0 1 0 2 0 2 0 0 0 2 2 2 0 4 1 -4 0 0 2 0
0 0 0 0 0 -2 0 0 -6 0 0 -6 0 3 -4 0 0 -1 0 2 0 -2 0 0 -6 -1 1 -4 0 -4 0 0 0 0 0 0 2 0 -1 0 4 2 2 0 0 0 0 -1 0 2 -2 0 7 -1 2 0 0 0 2 0 0 -1 0 31 2 0 0 0 0 -4 0 0 5 0 0 0 -1 0 4 2 0 0 0 -1 1 0 0 -1 1 0 -1 0 0 0 0 -3 0 4 0 0 0 1 0 0 -2 1 0 0 0 -4 0 1 0 0 -2 0 0 0 2 0 -1 0 3 -2 0 4 0 3 0 -4 -1 5 -2 -1 0 0 6 0 0 0 4 0 -8 -7 2 0 0 0 0 -4 1 0 0 1 0 0 0 0 0 0 0 0 2 0 0 0 3 0 0 1 2 0 -2 0 0 -2 2 -4 0 -4 0 4 3 -4 6 0 0 -2 4 0 0 -4 0 0 0 2 0 0 0 5 0 -1 0 0 0 0 0 -1 2 1 0 0 0 2 4 1 2 0 0 0 2 4 0 0 0 0 8 2 0 0 0 0 0 0 -3 -2 0 2 2 0 -1 0 0 0 0 1 2 0 1 0 -1 0 4 -2 2 -3 0 -1 -1 0 0 0 0 0 -1 1 0 0 0 0 0 1 0 0 0 0 -2 -4 0 4 -1 0 0 2 0 -4 -4 -2 2 0 -3 -2 0 -6 4 0 4 -1 -1 0 0 -1 -2 1 0 0 2 0 0 -2
6 0 0 0 0 1 0 0 4 0 0 2 0 0 -4 0 0 0 2 1 0 0 0 2 0 0 0 0 -1 0 -4 -4 0 0 6 -3 0 0 0 -4 0 0 1 0 -1 3 0 0 0 0 4 0 0 0 6 0 1 -4 0 0 0 0 0 2 33 0 2 3 -2 0 0 2 0 -1 -1 1 -4 4 0 0 -2 4 1 0 -1 0 0 -5 2 0 4 -1 0 2 0 -4 0 -1 0 0 1 0 0 0 0 1 0 -4 0 -4 -2 -1 -2 0 4 0 0 -1 4 0 0 0 0 -4 -1 2 0 2 0 0 0 2 1 0 0 1 1 3 1 2 0 0 4 -4 0 -4 0 0 0 0 0 4 0 0 0 0 -1 0 -2 0 0 0 1 4 0 0 0 0 2 2 -1 0 0 -4 0 0 0 4 0 0 0 0 0 -1 -4 0 0 1 0 2 0 0 0 -4 0 4 2 0 0 -2 -1 0 1 0 0 2 4 0 0 0 -1 -3 0 0 0 0 2 -2 2 0 -2 0 0 0 1 0 1 2 0 0 2 0 0 6 -4 -2 0 0 2 0 -1 4 -3 0 2 2 6 -4 4 0 0 0 2 3 0 0 1 0 2 -4 0 0 0 0 0 1 0 0 0 0 0 0 0 2 4 4 1 2 -4 0 -1 -1 0 0 2 0 0 3 0 0 0 4 -2 0 0 -2 -4 0 0 1 -2 0 1 -1 0 3 -4 0 0 0
0 0 2 -1 -4 -2 1 0 0 -3 0 -1 4 6 4 0 0 2 0 0 2 0 0 2 -1 2 0 0 -1 1 0 -4 1 0 0 0 0 3 0 1 0 0 -2 2 -1 2 4 4 0 -1 3 4 -2 -2 0 0 -3 0 0 2 -2 1 -2 0 0 57 0 -2 -1 -1 -4 0 -4 0 0 1 3 2 -2 -4 0 0 0 0 0 -2 0 0 0 0 0 6 2 -1 0 0 4 -1 -2 0 -10 0 1 -2 0 0 0 0 0 2 0 -2 -4 0 2 4 -2 -4 0 0 -4 1 0 -8 0 0 0 6 -1 -2 -1 0 0 0 -8 0 0 1 -3 0 0 0 -3 4 6 0 0 -4 4 0 4 -4 1 4 0 0 0 2 -2 4 0 0 2 0 1 5 0 1 0 0 0 0 -4 -6 0 -4 0 1 8 0 -1 -2 0 0 1 -2 4 1 6 3 -1 0 4 0 -3 2 1 -2 -1 0 -4 -5 2 4 3 3 0 -1 -6 -1 1 4 -1 1 2 0 0 4 0 -4 1 0 0 -5 2 0 0 0 0 1 0 -1 -4 0 0 0 -1 6 1 0 -6 -4 2 0 -2 -4 5 0 0 -3 4 0 2 0 0 -4 0 4 0 0 -2 -1 0 0 0 2 0 4 0 -4 0 -2 6 4 0 2 0 0 0 2 -2 -2 0 0 0 -1 1 2 -6 0 0 6 -4 1 1 1 4 0 0 1 -2 -2 -2 -2 2 -2 0 0 0 -2
0 0 0 0 0 -3 1 -2 0 0 0 0 -2 2 0 -1 -4 0 8 0 0 1 6 4 0 0 -1 1 0 2 0 -2 0 1 0 0 2 -1 0 2 0 -1 0 0 0 0 0 0 -2 0 4 0 -4 -2 1 0 1 0 -2 0 -2 1 -4 0 2 0 33 0 0 -2 4 0 0 2 0 0 1 -4 0 -3 0 2 2 4 -2 2 0 -6 0 0 0 -2 0 -2 0 0 0 0 1 -4 1 1 0 -2 0 0 2 -4 1 2 0 0 2 -3 0 -2 0 -2 0 0 0 -4 0 0 2 0 0 2 4 0 1 0 4 0 -2 0 -2 2 5 0 0 0 1 -2 0 0 -4 0 0 2 1 0 0 -4 4 -1 0 0 0 0 0 0 -2 0 0 0 -2 0 0 -2 0 0 0 4 2 -1 4 4 -2 -3 0 0 0 0 2 -2 -1 -2 0 0 0 0 4 -4 2 4 2 0 0 0 0 2 2 0 0 -1 -5 -2 0 0 1 0 0 0 0 -2 -4 -2 0 1 0 0 0 3 0 0 -4 -4 0 -1 1 0 -2 4 0 0 0 4 2 0 6 1 -2 0 2 0 0 1 2 2 0 -1 0 1 -4 0 -2 2 0 0 0 0 -2 0 0 3 0 -2 -1 2 0 0 -3 -3 -4 0 0 -3 0 0 0 2 6 2 2 0 -3 0 0 2 0 0 2 0 1 1 0 2 0 0 1 0 0 -4 0 1 0 0 1 0
0 2 2 0 0 0 2 -2 1 0 4 2 -2 4 0 -2 -2 -2 0 -1 4 0 -2 0 0 1 0 0 0 0 2 -1 -4 0 6 0 -4 -2 0 0 0 0 3 0 0 0 -2 2 -4 -2 8 4 -2 0 0 0 -4 2 0 0 2 0 0 0 3 -2 0 53 -2 0 0 0 2 1 3 1 0 2 2 0 0 0 0 0 0 2 -2 -2 0 1 8 0 -6 -2 4 0 0 1 -3 0 3 -4 7 2 0 3 0 0 -1 -2 0 3 0 4 -2 2 0 2 2 2 -6 2 0 -4 -3 0 2 0 2 0 4 0 3 -2 -2 0 7 2 0 0 0 0 2 0 0 -2 2 4 0 4 0 -4 -2 0 0 -2 -3 0 -2 0 0 6 -2 2 0 4 -2 2 0 2 0 -2 0 0 0 0 -4 0 0 4 0 2 0 0 0 4 0 0 -2 -6 -1 0 2 0 -2 1 0 -1 2 0 1 0 0 0 0 0 0 -4 0 0 1 0 -2 -4 2 0 1 2 1 -2 0 0 -6 -3 -6 0 0 0 -2 2 0 0 0 0 -4 -5 2 4 0 0 2 0 0 4 4 2 -2 0 0 0 -4 6 1 0 0 -4 0 0 0 0 -6 -2 0 0 0 0 1 -4 -2 -2 0 -1 0 0 0 0 0 1 4 0 -4 3 6 0 4 0 0 0 -1 -2 -2 0 0 4 1 1 -2 0 0 0 0 0 2 0 0 0 -2 4 0 6
0 0 -1 0 0 0 0 1 0 0 0 2 0 -2 4 0 0 -1 0 0 -4 1 0 -3 -2 -1 0 -3 0 -2 -1 -2 0 0 2 0 -2 -2 -2 4 2 0 0 2 -2 0 2 0 1 3 2 2 0 -2 2 0 -1 0 0 1 -2 -3 -1 0 -2 -1 0 -2 34 -1 0 0 4 0 0 0 0 -2 -6 0 1 -1 0 -4 -4 -2 0 3 0 0 0 2 2 1 0 0 -2 1 2 -1 1 0 4 -3 -3 0 -2 2 -1 1 0 1 0 0 -3 -2 -7 0 1 0 0 0 0 -2 0 -4 -2 4 4 -1 3 0 0 2 0 1 1 -1 2 1 1 -1 4 -1 0 -2 0 0 2 2 -2 0 -4 -2 -2 0 0 0 1 0 2 1 0 2 0 -1 0 0 0 0 -2 -2 2 -1 0 0 0 -2 0 0 0 -4 0 0 0 -2 5 -3 -1 -3 0 0 0 -1 1 0 1 -2 0 -1 4 3 1 -2 -1 -2 1 2 -4 0 1 0 5 2 4 -2 1 -2 0 0 3 0 -2 5 0 0 -4 4 4 0 0 0 0 4 1 -2 0 0 2 1 -1 2 0 3 0 -4 2 1 0 1 0 2 0 -3 -4 2 -1 -5 2 0 -1 0 1 -2 0 0 0 0 2 2 0 0 0 0 0 0 0 0 -2 0 6 0 0 -2 0 0 0 0 0 0 0 2 0 0 -2 0 0 -1 0 1 -2 4 -4 0 -1 0 2 -1 0 -2
-2 -4 -2 2 -2 2 4 0 1 0 0 2 2 0 -6 2 2 1 -2 1 0 2 -2 0 0 0 4 3 0 0 0 0 0 0 -4 0 -4 0 2 0 -2 2 0 1 0 0 0 4 4 0 2 -1 0 6 0 0 -2 0 0 0 1 -4 -1 -4 0 -1 -2 0 -1 42 1 -2 1 -1 2 0 -2 4 0 4 0 0 -2 2 0 4 -4 -4 2 4 2 -2 1 -4 -4 0 0 1 0 0 -5 0 0 -2 -2 0 0 0 4 0 2 0 0 3 -2 0 0 0 -4 0 0 -2 0 0 -4 0 4 1 2 0 1 0 -2 2 0 0 1 -5 -2 0 0 0 2 2 -1 3 1 0 0 2 0 4 -6 0 0 2 2 0 0 -1 0 0 -4 5 0 -1 2 2 0 0 0 0 0 1 -6 0 1 2 0 4 4 0 0 -5 -2 4 0 -1 1 -4 2 0 2 0 -2 0 4 -2 0 0 0 2 1 -2 1 2 0 -2 0 0 0 -2 0 1 2 0 -2 4 -4 0 -4 0 -4 1 1 0 0 6 4 0 2 0 -1 4 0 0 0 2 5 0 0 -1 -4 -1 0 0 0 0 1 1 0 2 0 6 0 -4 -2 -2 2 -1 0 0 0 -1 -4 -7 1 0 -2 -2 0 -2 0 -2 3 0 -2 0 1 2 1 0 0 -2 0 0 0 3 -2 -4 0 0 0 5 0 0 -2 0 0 3 4 0 0 -4 0 2 2 0 -2 0
0 0 0 0 -2 0 0 0 2 2 -2 -3 2 3 0 -1 0 1 0 -1 -1 3 0 2 0 0 2 -3 0 0 6 -2 -2 1 0 0 -2 1 2 0 0 0 4 -2 2 0 0 -2 -2 0 -7 1 4 -2 -1 -4 -4 0 0 0 0 0 2 0 0 -4 4 0 0 1 38 1 3 2 0 -4 0 0 0 -4 0 4 4 2 0 0 -2 0 0 0 0 2 0 2 0 1 -2 -2 0 -6 4 0 2 -6 0 0 0 0 1 -1 0 -1 2 1 -4 -2 0 -4 0 0 0 0 0 -1 0 5 0 0 -1 -2 3 2 0 -1 6 0 0 0 0 2 -3 0 0 -3 1 -2 -9 -4 -1 4 0 -2 2 -5 4 -1 2 0 -2 1 -2 0 -2 -4 -2 7 2 0 -2 0 1 0 0 1 2 0 1 0 -2 0 4 3 0 3 5 0 -2 2 0 3 -2 2 2 0 3 0 -2 2 0 0 0 -4 1 0 -2 0 -1 1 -2 1 2 -2 0 0 0 0 0 -2 2 4 0 3 -2 2 -4 0 0 0 1 -4 0 2 1 -1 -1 -1 2 -3 2 0 6 2 0 -3 0 -1 0 0 -1 -2 -2 2 4 -3 0 -3 0 1 0 0 0 1 0 1 0 1 0 0 1 2 1 0 4 4 0 0 3 -2 0 0 0 6 2 0 1 4 2 -1 -2 0 0 0 0 0 0 4 0 0 0 2 -2 -2 0 1 -2 -2 4 -1 0 0
0 0 -3 1 2 0 -2 -1 1 -3 0 -1 6 -1 -4 0 -1 0 1 0 1 -5 -2 0 2 -4 0 0 0 -2 0 -4 0 0 0 2 0 -1 0 -2 2 1 2 1 1 2 0 -2 -2 0 2 0 0 -2 0 -2 1 1 1 -2 -1 0 2 0 2 0 0 0 0 -2 1 36 1 0 -1 2 0 4 -1 -4 -2 -2 -3 0 0 0 1 0 0 -2 0 1 4 1 2 -1 -2 0 1 -1 2 5 -2 2 0 0 3 0 2 -2 4 4 0 0 1 -3 -2 0 2 3 0 1 2 0 0 4 -4 -1 6 1 2 2 0 -1 -1 3 -3 -6 0 0 0 -2 0 -3 0 -2 0 2 0 0 3 6 -1 0 2 0 2 0 1 -2 0 0 2 0 1 2 -2 -1 0 -1 0 2 0 2 -6 0 0 -1 -2 0 1 0 -2 -2 0 -1 -1 0 1 3 0 1 4 1 2 -2 -2 2 -1 1 -1 0 -1 1 2 0 -1 1 -2 -2 2 -1 0 -2 0 -2 0 5 -6 1 -1 4 0 0 0 -1 -1 1 0 0 0 0 1 5 -1 -3 0 0 -4 1 -2 1 -4 2 1 1 -1 -2 3 4 0 1 4 0 -1 2 0 -3 0 0 -3 -2 -2 -1 -1 -2 3 0 6 6 1 -4 -1 0 -2 2 0 4 0 0 2 0 1 0 -2 0 1 0 0 0 2 2 -1 0 -4 -2 1 0 0 0 -1 4 -2 -4 -2 0 -2 1 4 3
0 1 1 0 -1 -1 2 0 2 3 0 3 0 3 0 1 1 0 0 0 -3 1 0 0 -3 -1 1 -1 0 -3 0 1 0 0 0 4 0 -1 0 0 0 1 0 0 0 0 0 -1 -1 0 0 -4 3 0 0 0 3 0 -2 2 2 -1 0 5 0 -4 0 2 4 1 3 1 30 1 -3 0 0 -2 3 1 1 -2 -2 0 -3 2 0 -2 4 0 0 0 0 2 2 0 -1 0 -1 0 3 0 0 -2 2 1 0 0 -4 -1 2 0 1 -4 0 -2 -2 -4 0 0 -2 -1 3 -2 0 -2 0 4 2 -3 3 4 0 -2 1 0 1 0 0 -1 0 0 3 -1 0 0 2 0 -1 0 1 -2 0 0 2 2 0 0 -4 0 0 -2 0 -2 1 1 -3 0 0 2 0 0 0 -4 0 -4 0 1 -1 -4 1 0 0 -2 0 0 4 -3 2 0 -2 -2 0 0 0 -4 0 -4 0 4 0 4 1 2 1 0 0 0 0 0 1 -1 0 0 4 -1 0 0 0 3 -2 2 -5 -1 1 1 -1 1 -1 0 1 0 -1 0 3 -4 1 -2 2 0 2 0 -2 -1 -1 -3 -3 -1 2 3 -1 -1 -1 -1 2 2 1 -2 -2 -1 -1 0 0 1 1 -2 1 -1 1 1 0 0 2 0 0 0 1 -1 0 0 1 -1 0 1 0 0 -2 0 3 0 1 -1 -2 0 3 0 0 -2 0 0 2 2 0 2 0 0 1 0 3 -2
0 0 1 -1 0 -1 -2 0 -2 0 0 2 0 0 0 2 -2 0 0 3 2 4 0 0 0 0 0 1 0 0 0 2 0 0 -2 4 0 -2 4 0 4 0 -1 -3 0 0 0 0 0 0 -2 0 2 -2 -1 -2 1 0 -2 0 2 0 0 0 -1 0 2 1 0 -1 2 0 1 33 -2 -2 4 0 0 -2 0 2 1 0 0 2 -2 0 0 -2 -4 -1 -1 2 2 -3 -2 1 0 -1 -2 -1 3 -2 0 1 6 0 0 0 0 -1 0 -3 0 -1 -2 0 0 1 -4 -1 0 0 0 -1 0 0 2 -4 -1 1 0 0 6 0 -1 1 0 4 0 -1 2 0 -4 -4 -2 0 0 0 -4 1 0 1 2 -1 3 0 0 1 -2 -2 -4 0 -4 -1 -1 0 -4 0 1 0 0 0 2 -4 0 1 3 0 1 6 0 0 3 2 -2 -2 0 -2 0 0 3 0 0 0 0 0 1 0 0 -6 1 0 -4 1 -2 2 4 2 4 -2 2 0 -2 1 1 0 0 2 6 -4 0 1 0 0 0 0 0 -3 2 -2 2 0 0 0 0 1 0 1 2 1 0 -2 2 0 0 0 2 -2 -4 -3 -1 -2 0 2 0 -4 2 0 0 -4 0 -2 4 0 0 0 0 0 -2 0 0 2 0 -1 1 -1 0 0 0 4 0 2 2 -2 1 0 0 2 0 4 2 -2 1 -1 1 6 1 3 0 0 2 0 -1 -2 1 0 0 0
0 -2 -2 2 0 0 -1 1 2 0 0 0 -4 0 0 0 0 0 0 0 -1 0 0 4 -4 1 -2 2 0 2 0 0 0 -4 0 -1 0 0 0 -6 0 3 2 4 3 0 -2 0 0 0 -1 0 2 0 0 1 -4 0 0 0 2 2 -2 0 -1 0 0 3 0 2 0 -1 -3 -2 30 2 0 2 0 0 -1 0 0 0 3 1 0 0 -1 0 -4 0 0 -2 0 0 0 0 0 0 0 2 3 0 0 1 -2 0 0 4 -4 0 0 0 -2 2 0 1 2 0 0 0 0 0 0 0 0 2 0 0 2 0 0 0 4 0 0 -3 -3 0 0 0 0 0 0 0 -6 0 0 0 0 0 0 0 0 1 0 0 -1 -1 0 1 0 0 4 1 -2 0 0 0 -1 0 0 6 0 6 -4 -2 0 0 -1 -1 0 0 0 2 0 -1 0 0 2 2 6 -4 0 6 4 4 0 -2 1 2 0 -7 -4 4 0 0 0 -6 0 4 -1 2 0 0 -3 0 2 -2 -1 0 -2 0 5 0 -2 -2 0 0 -1 0 0 -2 -8 -1 0 0 0 0 2 2 4 0 0 1 -2 0 -2 2 0 0 2 0 -1 0 -2 0 0 0 -4 -4 0 0 -2 0 1 2 0 0 1 0 0 4 0 0 -6 5 0 -3 -4 0 -2 0 0 0 0 0 -1 0 -4 0 0 0 0 0 0 -2 2 0 0 0 0 0 1 0 -2 1 -5 0
-1 0 0 -2 0 -1 -1 0 -3 0 0 0 3 0 0 1 -2 0 0 0 0 0 4 -2 1 1 0 0 0 0 0 -2 2 0 0 -1 -4 0 0 0 0 2 -4 1 1 0 6 2 -4 -2 -1 0 0 -1 0 0 -2 0 0 0 1 0 2 0 1 1 0 1 0 0 -4 2 0 -2 2 29 -4 -4 -2 0 0 0 -4 0 0 -5 1 -2 -2 0 0 -6 0 2 4 1 -4 0 0 0 1 1 -1 -2 0 -1 -2 0 0 0 4 0 0 0 2 0 0 5 2 0 0 0 0 -1 0 0 1 2 0 0 0 0 0 0 2 0 -3 1 -1 0 0 1 -2 2 2 0 4 4 -5 -1 0 0 1 0 1 -1 0 0 0 3 2 3 0 4 0 -4 1 0 -4 0 1 1 2 -6 0 2 -2 2 0 1 5 -1 0 0 0 -2 0 1 1 0 1 0 -2 0 -1 1 0 -2 -1 5 -1 2 -1 -4 0 0 2 2 0 0 -1 0 -1 1 0 0 6 4 1 -1 0 -2 1 -2 1 0 0 -2 -1 0 0 0 0 0 -2 0 2 0 0 -2 4 0 -2 2 2 0 2 0 2 4 0 1 1 6 -4 1 0 0 0 2 -7 -2 0 1 -2 0 -1 -3 0 0 1 1 -2 0 -2 0 0 1 -2 2 -4 -1 -1 0 0 0 0 0 0 0 2 -2 -1 1 0 0 6 -2 -2 1 3 0 3 0 2 0 0 1 0 2
-4 -4 0 -1 -2 0 5 0 2 0 0 3 -2 10 0 -5 -7 0 -2 0 3 0 -2 2 1 0 1 0 -1 -4 6 -2 -4 -2 0 2 2 0 1 2 0 -2 2 -2 -2 -4 0 0 -3 0 -3 0 2 0 -2 0 0 -1 -4 4 0 0 -4 -1 -4 3 1 0 0 -2 0 0 0 4 0 -4 45 -2 2 -2 0 2 1 2 -1 0 2 0 2 -6 1 4 1 1 -4 0 0 0 0 0 0 0 1 0 0 2 1 2 0 14 -2 0 0 1 -2 0 0 0 1 -3 0 1 2 0 4 0 -4 0 -2 0 0 -3 0 1 -3 0 -1 6 -1 -4 2 6 0 1 -2 4 -1 2 2 -2 0 2 0 0 0 0 0 4 0 1 2 -6 0 -5 -1 2 -1 6 2 0 0 -2 0 2 2 -4 0 -2 -2 -1 -2 -4 -1 -2 0 -1 -5 3 -1 -1 0 0 1 2 2 2 -2 1 4 4 4 -2 0 -1 -4 0 0 -1 0 3 0 -1 2 0 0 0 -6 -1 -3 1 -3 -1 -4 1 0 0 -2 -2 1 0 -1 -2 1 0 0 -2 2 0 -1 4 2 -5 0 0 -4 1 0 1 -3 -2 0 0 2 -1 0 4 6 2 -4 0 -4 0 2 -1 -2 0 0 2 1 0 -5 -3 2 7 -2 5 0 0 0 0 -2 0 4 1 2 1 1 0 -4 -4 0 1 -2 0 2 1 -1 4 0 4 -2 0 0 -1 2 1 -1 2 -2 0
2 0 0 -2 2 0 0 -2 4 0 0 0 2 0 0 0 0 0 -4 -2 -1 -4 -4 4 0 -4 2 2 2 2 1 1 -2 4 0 3 2 2 0 0 -4 -2 0 0 2 0 0 0 0 0 2 1 1 -4 -4 0 0 -2 2 9 -1 3 0 0 4 2 -4 2 -2 4 0 4 -2 0 2 -4 -2 54 8 0 -2 4 2 0 0 -4 0 0 0 10 0 6 2 -2 0 -3 0 -2 2 0 -3 1 1 6 2 -4 4 -4 0 -3 1 4 0 0 4 0 0 4 2 4 1 2 4 0 4 2 5 -2 2 0 0 0 -1 -1 0 6 -4 1 2 0 0 -2 0 0 -2 -2 -4 -2 4 0 0 0 0 5 0 0 0 0 0 0 0 0 5 4 4 0 6 -2 5 1 6 0 0 0 0 0 0 0 0 0 -2 0 0 1 0 2 0 0 0 -1 0 -2 -3 5 4 2 -3 2 1 -4 0 -4 -1 -2 2 10 0 0 0 -4 0 0 0 -4 -2 0 10 2 0 -4 0 4 0 0 0 0 10 4 0 1 -4 0 -2 4 2 -2 0 2 -1 -3 -4 0 4 4 8 -2 -2 0 -2 -4 2 0 -1 0 0 -2 4 2 4 2 2 0 0 1 2 0 -2 6 0 -1 0 0 0 2 2 0 2 0 -2 -2 -4 -4 -5 2 1 3 0 0 -1 -2 -2 4 -4 0 0 0 0 0 0 0 -8 2 2 -2 -2 -3 0 -4 -2 2
0 0 0 -2 -2 -1 0 -2 1 0 0 1 2 0 0 -2 0 -1 1 2 4 -2 -6 3 1 0 1 -4 0 1 0 2 0 2 0 0 1 -1 2 1 -1 3 0 -3 0 1 0 3 -1 -1 0 1 4 1 -3 2 -4 0 -3 2 0 1 0 4 0 -2 0 2 -6 0 0 -1 3 0 0 -2 2 8 38 0 0 2 0 4 0 4 1 -1 0 2 -2 2 0 3 -4 0 2 -2 1 0 0 0 3 2 2 1 -2 -4 -2 -2 0 1 0 -3 1 0 1 -1 0 0 0 -1 0 0 0 4 1 0 -2 0 2 -1 0 0 0 -1 -7 -1 0 0 -2 1 -4 -1 -2 0 -4 -1 0 0 -4 0 4 1 0 2 0 -1 -2 -1 0 0 2 0 0 -4 2 0 3 1 6 1 -2 -1 2 0 0 -2 2 -4 2 6 3 1 1 1 -3 0 0 0 -3 -2 -2 -2 -1 1 -2 -3 0 -1 0 4 0 0 -1 -1 0 -3 -2 0 -2 1 1 0 -3 4 2 0 0 -1 0 -2 0 1 1 0 5 -5 0 0 0 -1 0 1 0 0 3 1 1 -1 0 0 -2 1 0 0 -2 -2 -4 2 -1 -4 0 0 -1 -2 -2 0 2 0 0 0 0 -1 1 -1 0 1 3 0 0 0 1 -1 -2 0 -2 -3 0 -5 0 2 0 4 2 0 0 0 0 -1 -4 2 0 2 3 0 -5 -6 0 0 -1 1 1 -3 1 0 0 0 -1 0
0 0 -1 0 0 2 0 0 -2 -1 0 2 -2 3 4 4 0 0 0 0 0 -3 0 0 1 0 -1 1 0 -1 -4 0 -1 0 0 0 -4 -4 0 0 2 3 2 -1 -1 0 0 0 4 2 0 0 3 1 0 0 4 0 1 0 2 -1 -2 2 0 -4 -3 0 0 4 -4 -4 1 -2 0 0 -2 0 0 36 0 2 2 0 4 0 0 -1 1 -4 4 1 0 0 -1 0 -1 2 -1 -2 -4 -5 0 4 1 -2 0 2 -2 -2 4 -2 0 0 0 0 -1 0 -2 0 0 0 -5 -2 -4 0 0 0 0 0 1 0 -2 1 0 0 0 -2 -2 2 0 0 -2 0 -2 2 0 8 0 -2 -1 2 -4 2 1 -1 0 0 2 -4 1 0 0 0 0 -5 0 0 0 4 0 0 0 0 -4 0 1 0 -1 2 -4 0 2 0 -2 4 1 -6 -1 0 0 -6 -4 0 0 0 0 -3 0 0 0 2 0 3 0 -4 5 1 2 3 0 0 0 0 1 -2 2 4 8 4 0 0 0 -1 0 -1 -1 4 -2 -5 3 -2 0 0 -4 2 0 0 0 0 2 0 -2 -2 0 -1 0 1 3 2 0 0 -7 0 0 6 -2 -6 0 0 0 0 0 -1 0 0 2 0 -2 0 -1 2 -4 -4 0 0 -1 -6 0 4 -3 0 -4 -2 0 0 0 0 0 -6 0 -3 1 0 6 -2 1 0 -2 0 6 2 0 0 -4 1 0 -2 0 0
4 0 -10 2 0 0 1 0 0 -2 -4 0 0 0 2 0 5 -2 2 0 1 4 0 1 -4 1 0 -4 -1 -2 0 0 1 0 0 -3 0 -2 -2 2 -3 0 0 0 0 0 0 0 0 0 -2 1 0 0 0 0 0 0 3 2 2 0 2 0 -2 0 0 0 1 0 0 -2 1 0 -1 0 0 -2 0 0 33 2 0 2 0 -1 -1 0 2 2 2 0 -1 0 0 -1 -2 2 0 0 2 0 -2 0 8 1 -1 0 4 -2 4 0 -2 1 -3 2 1 3 0 2 0 0 -4 0 0 -2 0 -2 0 0 0 0 -1 0 -2 -2 0 0 3 -2 -1 2 0 3 0 0 -7 0 0 -2 6 -2 1 -7 2 0 -1 2 -1 0 0 0 -2 0 0 0 -4 2 0 0 0 0 0 0 -4 -3 0 0 2 2 1 4 6 6 1 -4 1 -2 -2 5 -1 -2 -2 3 0 0 3 -1 1 3 0 0 0 -3 1 -4 0 1 0 -8 0 2 -2 0 0 2 0 0 2 1 1 0 4 0 -2 0 0 -3 0 1 1 0 0 0 1 0 0 0 4 2 0 0 -2 0 -4 1 -1 -2 2 0 0 1 0 3 1 0 -1 0 -2 0 0 0 0 -4 -4 -2 -1 0 0 0 0 -2 0 0 -2 -6 0 0 6 0 2 4 0 1 2 0 0 4 0 0 -2 -1 -4 0 -1 0 0 1 0 2 2 0 1 0 -2 0 2 -1 1 -1
0 -1 -3 -5 0 0 -2 -4 2 0 0 0 0 0 -7 3 -2 0 0 0 1 -2 0 0 0 0 2 -7 0 0 0 -1 -1 3 -1 0 0 0 1 -4 -4 0 0 -4 -1 -2 0 0 0 1 -2 2 3 -1 1 0 0 0 0 1 -3 3 0 0 4 0 2 0 -1 0 4 -2 -2 2 0 0 2 4 2 2 2 41 3 4 -1 0 -1 1 0 3 -1 2 -1 0 -2 -4 0 0 4 -3 -2 -3 -2 0 0 0 0 0 0 0 0 2 0 1 5 -2 1 1 -1 0 0 0 0 -2 -2 4 -2 -2 0 0 0 0 0 0 2 0 1 0 0 0 2 3 -2 -1 2 -2 -2 1 1 0 6 4 4 -1 1 -1 2 0 -2 0 2 1 -4 6 0 0 0 2 0 4 1 0 0 0 -1 0 0 0 -2 0 4 1 0 2 1 0 -2 0 0 3 -2 -8 -2 -2 8 2 -4 2 0 -4 0 -4 5 -2 -1 2 -3 3 0 3 0 0 -2 -4 2 0 0 0 0 -2 -1 2 0 2 0 1 2 0 0 1 0 0 -1 -2 -6 -1 1 0 3 2 3 -1 0 2 1 0 0 -6 -2 0 0 0 0 2 -4 -2 -4 0 1 0 -2 2 0 -3 2 -2 0 0 0 -4 0 2 1 -2 0 4 0 -3 2 -1 0 2 1 0 3 0 0 2 -4 0 -2 0 -1 0 4 4 1 -3 0 0 -4 0 0 0 0 4 -2 4 -2 0
0 0 1 1 4 -2 0 -3 0 2 0 0 -5 0 -3 -1 -1 4 -4 0 0 0 0 3 7 0 0 -4 5 -1 0 -1 -4 0 1 -2 12 -6 -3 2 4 0 2 0 0 4 2 0 0 0 0 0 0 -4 0 0 -1 5 -4 0 -5 2 2 0 1 0 2 0 0 -2 4 -3 -2 1 0 -4 1 2 0 2 0 3 61 4 0 2 2 -2 0 0 0 0 -2 1 0 1 -3 -4 -2 0 -1 1 0 3 0 -4 1 0 -2 1 0 0 0 -4 0 -1 -2 -3 0 2 2 0 -2 0 -3 2 0 0 -2 2 -4 -2 -1 0 1 -1 0 3 -2 -2 6 4 3 0 0 0 0 0 1 0 0 4 0 0 0 0 2 1 0 5 -4 0 4 -9 -9 2 -4 2 6 2 -7 -4 0 0 0 2 0 -4 0 0 0 0 1 -1 0 1 1 0 0 0 0 0 2 2 2 2 0 3 0 0 0 0 1 0 0 1 0 2 0 -2 2 -1 0 4 0 2 0 3 -2 0 -1 4 -4 0 -2 -1 1 1 0 -2 0 0 1 -4 0 0 6 1 1 0 0 1 4 -4 -2 2 -2 0 -2 -6 -2 -6 -2 -1 4 -3 3 -2 1 2 -2 -2 -2 0 0 0 -2 1 0 -4 -2 0 1 -14 -2 -1 -1 3 -2 0 -8 3 1 0 0 2 0 0 -4 0 -2 0 0 0 0 0 5 0 -2 1 0 0 1 5 -2 1 2 -4 0 2
0 0 -4 -2 -1 -2 1 0 4 0 0 0 1 -1 0 0 2 0 0 0 0 0 -4 0 0 0 -3 2 -4 0 2 0 0 0 0 0 0 -4 -4 -2 0 0 0 0 0 0 2 -1 0 0 0 0 0 -4 -4 0 0 0 -5 4 -2 -1 0 -1 0 0 4 0 -4 2 2 0 0 0 0 0 2 0 4 0 2 4 4 29 -2 -2 -1 -2 -1 3 4 -2 0 2 0 0 2 -2 0 0 -1 0 -4 -1 -1 0 2 1 4 2 0 0 0 0 -4 0 2 0 -2 0 1 1 0 6 0 0 0 1 0 0 0 0 0 0 0 0 0 1 2 -6 -2 4 -5 0 0 0 0 0 -2 -2 -2 -2 5 1 1 0 1 2 1 -1 0 0 0 0 2 2 0 -2 0 -1 1 -4 0 0 -1 0 0 0 -4 0 2 4 0 0 0 0 -1 4 0 0 0 -2 -2 -6 4 -4 -2 -7 2 -3 0 0 0 4 0 1 1 0 0 0 -2 0 -2 4 0 2 0 1 -4 -2 0 2 0 2 2 -1 0 -5 1 2 0 0 0 4 0 0 0 -2 0 -4 2 0 -2 0 0 -1 2 0 -2 0 2 0 4 2 -1 0 0 2 0 0 -2 0 -2 0 0 2 0 -1 0 -4 0 0 0 -2 -4 0 0 0 0 0 1 0 0 0 0 0 0 -4 -1 0 0 0 0 0 0 2 0 0 0 0 -1 0 3 -4 -4 -1 3 4 -4 -2
-2 -1 1 2 0 1 0 0 0 0 0 -1 0 1 0 0 2 0 0 1 2 0 0 0 -5 0 1 1 0 0 2 -1 2 0 1 0 0 0 0 0 0 0 2 2 0 0 0 0 0 -1 -1 0 2 2 0 0 0 0 0 0 -1 -2 2 1 -1 0 -2 0 -4 0 0 0 -3 0 3 0 -1 0 0 4 0 -1 0 -2 16 0 0 1 -3 1 1 1 0 0 -1 -1 0 0 0 4 1 1 2 1 0 0 0 0 0 -2 -2 2 0 0 -5 0 -1 0 4 0 0 0 0 4 0 1 0 -2 -2 0 0 0 1 -2 1 0 0 -1 -3 -2 0 0 0 -1 2 0 -2 0 0 0 4 0 0 1 0 0 -2 0 -1 1 0 0 0 2 0 1 0 0 0 0 0 1 0 0 0 0 0 -1 0 0 0 2 0 0 0 0 0 0 0 0 0 0 0 1 0 0 0 3 0 0 -2 3 -1 2 -2 0 0 1 2 1 0 0 0 0 -1 0 -1 0 4 0 3 0 0 -1 0 0 0 0 -2 1 4 0 0 -3 0 1 0 -1 -2 0 2 0 2 -4 0 4 0 0 1 0 0 0 0 2 -1 6 -1 0 -1 0 0 0 0 1 -2 1 0 1 4 0 0 1 0 0 0 0 -1 0 0 0 0 0 -4 0 0 0 0 0 2 0 0 -2 0 -2 1 0 0 1 1 -2 0 0 0 2 0 -2 -1 0 -2 0
-6 1 0 0 1 -2 -2 0 0 1 0 0 0 2 -5 0 -4 -1 3 0 0 2 0 -2 -1 0 -1 0 0 2 -4 0 0 -1 -4 1 0 0 0 0 1 0 -1 -4 1 1 -4 0 -1 0 -1 -1 0 8 4 0 0 0 -5 -8 -4 0 0 0 0 -2 2 2 -2 4 0 0 2 2 1 -5 0 -4 4 0 -1 0 2 -2 0 39 -2 -6 0 -2 0 0 1 -1 1 -2 0 1 -2 -2 -1 0 0 0 0 4 0 0 1 0 -3 -1 0 -5 -1 1 0 -3 -1 0 0 -2 0 1 -2 1 3 -2 0 0 -1 -1 0 0 2 0 3 -2 0 0 0 1 0 -2 -4 4 2 0 -2 0 0 8 -1 -1 -2 0 1 0 0 -1 0 -1 2 0 -4 -2 -1 0 0 2 -3 -2 0 4 0 0 -2 -2 0 -6 0 0 0 0 0 2 0 -1 -2 -3 2 0 -4 0 -1 0 0 0 2 0 3 0 7 -4 0 -1 2 -1 -2 0 6 -1 0 0 1 0 -2 -2 0 0 0 0 -6 0 1 0 0 0 0 0 0 0 0 -6 -4 0 0 0 -2 0 -4 0 2 0 2 1 -2 2 0 2 0 -5 2 2 -1 -2 0 0 2 -2 0 0 0 0 0 0 0 -2 0 -1 -1 -2 2 -1 -2 0 0 -2 0 0 3 0 0 2 0 5 -2 1 0 -2 1 1 0 -2 2 0 -8 1 1 1 2 0 0 0 1 1 1 3 0 0
0 0 0 0 0 0 2 1 0 0 0 0 -1 0 0 -1 0 0 0 0 0 0 0 0 4 0 -1 0 1 0 -1 -2 0 0 0 2 0 0 -2 0 2 1 0 2 1 0 0 -2 -2 -2 -2 0 -1 -2 0 1 0 0 2 0 -2 0 2 0 0 0 0 -2 0 -4 -2 1 0 -2 0 1 2 0 1 0 -1 -1 2 -1 0 -2 12 -2 0 0 0 -2 -1 0 0 2 0 0 1 0 2 1 0 1 0 0 0 0 0 0 0 0 0 -2 2 0 0 0 0 0 -1 0 1 0 4 0 0 0 0 0 2 0 0 0 -2 4 -5 0 0 -2 1 1 0 0 0 2 0 0 -1 0 0 0 1 1 -1 0 -1 2 0 0 2 0 4 0 0 1 1 0 2 1 0 1 0 0 1 0 -2 0 0 0 -2 -4 0 0 -1 0 -1 0 0 2 1 1 0 -2 1 0 -2 2 -1 3 0 0 -3 0 0 0 -2 0 4 -1 0 0 1 0 0 0 0 -1 0 0 -1 0 0 0 2 0 0 0 -1 0 0 0 0 2 0 1 0 0 0 -2 0 1 2 0 0 -4 0 0 -1 2 1 0 0 -3 1 0 0 0 0 0 -1 0 -2 1 0 0 -1 0 1 0 2 0 0 -1 0 0 0 0 -2 0 1 -3 0 0 -1 -2 0 0 0 0 -4 1 -1 3 1 0 0 0 0 0 1 0 0 0 1 1 0 4 0 0
-2 -1 0 -1 -6 -2 0 0 0 0 -1 -2 -1 -1 1 -1 2 -3 3 0 -2 2 2 -2 3 5 0 -3 0 -2 1 0 -2 0 4 4 1 -2 0 0 0 -1 -1 -3 -5 0 0 0 0 4 6 1 -2 4 -2 4 0 0 -1 3 0 -1 -4 -1 -5 0 -6 -2 3 -4 0 0 -2 0 0 -2 0 0 -1 -1 0 1 -2 -2 1 -6 -2 46 -2 -2 2 3 0 1 0 0 0 -2 0 0 7 -3 0 0 0 -2 2 -3 0 0 0 -2 0 -2 -2 -2 -1 0 0 0 0 2 0 -2 4 -2 0 2 -2 0 0 0 0 2 0 0 0 -5 -2 0 0 -3 -2 0 0 -2 0 -1 2 0 -1 0 -2 0 -2 0 0 0 0 5 -2 0 0 0 -2 -2 -3 0 0 0 0 0 2 1 2 3 4 0 0 2 4 -1 0 2 3 0 0 0 0 -2 -3 0 -1 0 1 -3 0 2 3 -5 2 0 2 3 1 -1 -4 0 0 0 4 4 0 0 2 3 2 0 0 1 0 0 4 -1 0 0 0 0 -1 3 -1 -2 0 -4 -2 -7 0 0 -2 4 1 0 1 -1 0 1 4 0 2 -4 -3 0 0 -1 0 -1 -6 1 -1 2 -1 0 0 -6 -3 -1 2 0 8 0 0 0 0 0 3 -1 3 0 -2 2 0 2 1 -2 -2 -8 4 -2 2 1 0 -1 -1 -2 0 0 0 -1 -1 0 -2 0 0 2 2 0 0 0 0 1
2 0 3 -2 0 0 0 0 6 0 0 0 0 -1 2 0 0 2 0 3 0 -4 -4 0 2 -2 0 -2 0 -1 0 0 2 0 0 0 0 0 0 0 0 0 -2 -3 0 0 -4 -3 0 1 1 3 0 1 2 0 4 -2 0 0 -2 0 0 1 2 0 0 0 0 2 0 0 4 0 -1 -2 2 0 0 1 2 0 0 -1 -3 0 0 -2 32 0 2 0 1 0 -1 0 0 0 4 0 2 6 0 0 0 0 0 0 0 0 0 0 -4 2 0 0 -1 2 0 0 0 0 0 -2 0 2 0 0 0 0 0 0 -2 -2 0 0 2 0 4 0 4 0 1 -4 -4 2 0 0 0 0 0 -2 6 -5 2 4 0 0 1 0 0 0 0 0 0 -2 0 0 0 1 0 0 1 0 5 -2 2 0 0 0 0 0 0 0 -4 0 -1 0 0 0 0 -2 0 0 0 6 2 0 0 3 0 0 0 0 2 0 0 -2 0 -2 2 0 0 0 0 -2 -3 0 2 0 -4 2 0 0 4 0 0 0 0 0 0 0 0 0 4 -5 0 0 0 0 -1 0 0 -4 0 -1 2 0 0 2 0 0 0 -4 1 2 2 -2 -2 0 -4 0 0 -4 0 0 2 0 0 0 0 -2 1 0 6 0 5 0 0 2 -1 2 0 -2 0 0 -2 0 -2 4 -2 0 0 0 0 2 0 0 2 3 0 0 0 -2 -2 0 1 0 0 2
1 0 -2 0 2 1 2 0 -2 -2 0 1 0 0 -6 2 7 0 0 3 0 -4 0 0 -2 0 4 0 -2 0 -2 -1 0 2 -4 -2 0 0 -2 -2 -6 0 0 2 0 0 0 1 -4 -1 2 0 0 -2 -2 0 0 2 4 4 -1 -1 0 0 0 0 0 1 0 4 0 -2 0 -2 0 0 -6 10 2 -4 2 3 0 3 1 -2 0 -2 0 39 6 0 0 0 -1 1 4 -1 0 2 0 0 -2 -1 1 0 0 -1 11 0 0 4 0 4 3 0 1 0 1 2 0 0 0 4 0 1 8 -1 3 0 0 0 0 0 0 0 2 -1 1 -2 0 0 2 0 2 -1 0 -6 0 0 0 0 4 -2 -1 0 -2 4 0 3 0 0 -4 6 1 2 -4 -8 0 0 0 0 0 0 0 1 0 -2 0 0 4 6 0 -2 0 0 0 0 0 2 0 -3 -4 0 4 -3 -2 -3 2 2 1 4 -3 0 0 3 0 2 0 -2 0 -4 -2 0 0 1 6 -4 -4 -4 -2 0 0 0 0 0 4 1 2 9 0 0 -2 -2 0 -2 0 0 -2 -4 0 -2 -1 0 0 0 -2 0 0 -2 0 0 0 -1 0 -2 -6 6 -5 1 0 -2 1 1 6 2 1 0 -1 -2 0 -5 0 1 -6 0 0 0 4 -6 -2 -6 0 2 -1 0 0 0 2 2 0 0 -4 4 1 0 1 2 0 -2 1 0 4 4 -4 6 0 0 0 -2
0 2 -1 0 4 2 2 -2 0 -4 0 -1 0 2 -4 0 2 0 1 -4 -1 0 4 0 5 0 0 -2 0 2 0 0 0 0 8 3 0 -4 -3 -2 0 0 4 0 -1 0 0 -2 5 2 8 -2 -4 0 4 0 0 0 0 4 0 3 1 -1 4 0 0 8 0 2 0 0 0 -4 -4 0 1 0 -2 4 2 -1 0 4 1 0 0 2 2 6 48 0 -10 2 0 0 0 -3 -2 2 3 -2 -4 0 0 4 0 0 1 0 3 4 -1 -3 -1 0 1 0 3 0 -1 0 0 8 -4 0 2 3 1 0 0 -1 4 2 -6 2 4 0 0 2 0 0 1 1 -2 -1 4 0 0 0 0 -4 0 0 0 0 -4 2 4 0 0 0 0 0 0 -3 -1 -2 0 0 0 0 0 0 2 -1 0 -2 0 4 0 0 0 -2 0 0 -5 7 -2 -1 0 2 -4 4 0 -2 2 0 2 -4 0 0 0 2 4 2 0 -4 0 -1 -4 0 -1 -1 0 -2 0 0 2 2 -4 0 4 -4 0 -4 0 2 4 2 1 0 3 0 0 0 -2 0 4 0 1 0 0 -3 0 1 -2 0 -1 0 2 6 0 2 2 5 2 1 0 0 4 0 -2 0 0 -2 0 -2 3 0 0 -5 0 0 -4 0 6 0 2 0 0 6 4 0 -4 1 0 0 0 2 2 -4 0 0 0 0 0 0 0 0 0 2 2 0 0 -2 2 0 0 -2
0 -2 -4 1 2 -1 0 0 4 3 -1 0 0 -1 0 1 0 -6 0 0 1 0 -4 -1 1 -2 0 1 0 0 2 2 0 2 4 -2 -1 0 0 0 1 1 0 0 -1 0 4 4 2 5 0 0 1 -2 -1 0 -6 0 0 -1 0 4 -3 0 -1 6 -2 0 2 -2 2 1 0 -1 0 -6 4 6 2 1 0 2 0 -2 1 0 -2 3 0 0 0 41 0 5 0 -4 -1 0 -1 -3 0 -3 1 4 0 2 6 1 0 -1 0 -1 0 2 0 -4 -2 0 2 2 0 -4 2 -2 0 3 0 -2 1 0 4 2 0 -1 0 4 0 0 -2 2 2 -2 0 2 0 0 -4 -2 6 -1 -2 -7 0 0 -1 -3 -4 0 -1 1 -5 1 1 4 1 0 -2 2 4 2 0 0 0 2 -5 -1 4 -1 0 0 -4 0 0 0 -2 -4 2 -1 -4 0 -3 0 -4 11 -4 -1 2 1 5 -6 0 -1 4 0 0 -2 2 4 -1 1 0 1 2 2 0 2 0 0 -6 -4 0 -1 0 5 2 -4 0 0 5 -5 -1 1 -1 -1 0 -1 0 0 -2 7 1 0 2 -2 0 0 0 3 4 -5 2 0 0 1 1 -7 2 1 0 0 3 0 1 -3 4 -1 4 4 -2 2 1 0 2 2 0 4 0 -2 -1 0 -2 -1 2 -1 1 2 0 -1 0 -2 0 8 -3 -4 2 4 -3 0 3 4 -4 -5 0 4 -2 1 0 0 0 1
-3 0 0 0 -1 -7 0 2 0 0 0 4 0 -3 0 0 -6 0 1 1 0 0 0 1 0 -4 0 0 -2 3 0 -4 0 0 -1 2 0 0 2 0 -7 0 -2 -3 0 0 0 -1 0 -1 1 1 -1 6 0 0 -2 0 0 0 3 -4 -2 0 0 2 0 -6 2 1 0 4 0 -1 0 0 1 2 0 0 -1 -1 -2 0 0 1 -1 0 1 0 -10 0 40 0 1 0 0 -1 2 -1 -2 6 0 0 0 -2 0 -1 -1 -1 -2 -3 0 2 2 2 0 0 0 0 0 0 3 0 3 5 0 3 4 0 1 0 -1 -1 4 -6 -2 -3 0 -5 0 0 -1 0 0 0 1 -2 0 0 0 0 1 0 0 1 2 0 0 -2 0 1 3 -3 -1 6 3 -2 0 1 -5 0 1 0 1 -1 -2 0 0 0 0 0 0 0 -3 0 3 -2 -2 0 0 0 -2 2 0 0 -2 0 -1 0 2 4 -3 0 -1 2 0 -2 0 0 4 0 0 0 6 -1 -6 0 1 0 -1 2 -6 2 2 0 -2 0 0 0 0 0 4 0 3 -2 1 -10 -3 0 0 0 0 0 1 1 0 0 0 0 -1 -2 0 6 -1 1 0 0 0 -2 -1 0 2 0 0 0 0 0 -1 4 1 0 0 2 -2 0 0 0 -2 0 -2 -4 -5 2 0 -3 0 4 3 2 0 0 1 0 0 -1 0 -1 0 -6 -1 3 0 0 0 -1 1 0 -2 0
1 0 0 -5 2 -2 1 5 0 -1 4 0 0 -4 3 0 3 2 -5 2 2 2 -2 -1 -2 0 1 -7 2 2 4 2 -4 0 4 -2 0 0 0 0 0 0 0 4 1 2 4 -1 0 3 1 1 -5 -4 0 -2 0 0 -4 -2 6 0 2 0 2 -1 -2 -2 1 -4 2 1 2 2 -2 2 1 -2 3 0 0 0 1 2 0 -1 0 1 0 0 2 5 0 46 1 -2 0 0 0 -1 -2 0 0 0 0 -4 0 0 -2 0 0 0 -4 -8 5 -4 -4 2 0 0 0 2 2 1 -2 0 2 -3 -4 2 4 0 -4 0 2 1 2 -3 -1 2 1 -2 0 0 -6 -1 -2 0 0 0 2 -6 6 -4 2 0 -2 0 -2 1 2 0 0 2 1 -8 0 -1 0 2 2 0 0 1 -7 0 -4 0 6 -4 -2 0 5 3 2 -4 2 2 -4 -2 -4 4 0 0 2 0 -4 1 0 2 -2 -4 2 0 2 1 5 4 -1 1 2 0 1 -2 0 -2 3 -2 0 1 0 4 0 4 2 0 1 2 1 -4 -2 -3 1 0 -4 1 -1 -4 -1 2 1 1 -4 1 0 2 4 0 -2 4 1 -1 0 0 -4 -2 -2 -2 -2 4 -2 2 -1 4 2 0 0 -1 -2 2 0 -1 0 4 0 4 3 -4 2 -2 -2 1 -1 1 -2 -2 -2 -2 4 1 0 0 0 -3 2 -2 0 0 -2 2 0 0 0 2 -1 -2 0 0 0 2
0 0 1 0 0 2 5 0 0 1 0 0 0 -2 -2 1 -4 0 0 -2 1 0 0 2 -2 0 -1 -2 0 5 0 0 0 0 2 0 -4 0 0 0 0 0 0 -1 -1 0 0 1 0 0 0 0 -8 1 -2 2 2 0 0 2 5 2 0 0 0 0 0 4 0 -4 0 2 2 2 0 4 -4 0 -4 -1 0 -2 0 0 -1 1 0 0 -1 -1 0 0 1 1 34 0 -4 0 -1 0 -2 4 2 2 0 0 2 -1 2 -2 0 0 0 2 0 2 2 -1 8 -1 0 0 1 -4 -1 0 0 2 0 0 4 0 0 0 0 0 0 2 0 1 4 1 -1 -1 -1 -2 1 1 0 -1 0 -6 0 2 0 -3 0 -1 0 0 0 4 0 -6 -2 3 0 0 0 1 -2 0 -1 -1 0 0 0 0 0 1 -2 -2 0 3 2 0 4 0 0 0 -4 0 0 0 0 0 0 0 -4 -2 0 -4 1 0 1 -1 0 -1 -2 0 6 0 -2 0 0 0 0 0 -3 0 0 -5 1 0 0 1 0 0 -2 -1 0 -1 -4 0 0 2 1 0 -2 0 0 2 0 0 -2 4 0 0 4 2 2 -1 1 0 -1 4 0 2 7 0 -4 0 0 -1 0 2 0 0 0 0 4 0 -3 -4 -2 0 -4 -4 0 0 1 0 -1 0 0 3 0 2 -5 2 4 1 -2 0 0 0 -2 4 0 0 0 0 0 0 0 0 -2 0 -2 -2
3 0 2 2 2 -3 3 -2 0 0 2 5 2 2 0 -5 -5 3 -2 -1 0 0 0 1 1 0 -1 3 0 0 -1 5 0 0 -1 2 -2 0 -4 0 0 0 2 3 0 0 0 0 -4 -1 -5 -1 -2 3 -1 0 1 2 0 0 1 -2 0 -3 -4 0 0 0 0 0 1 -1 0 -3 0 1 0 -3 0 0 -1 -4 1 0 -1 -2 2 0 0 1 0 -4 0 -2 0 31 -1 -1 2 1 2 1 0 -3 4 0 -1 0 1 1 -1 3 0 -2 0 0 0 -2 -4 0 0 3 2 0 0 6 1 -5 1 0 -2 1 -2 0 -3 -2 -4 -1 0 -3 -6 -2 1 4 -3 3 1 0 0 0 -1 -2 -2 2 -2 2 1 0 0 -3 0 0 6 2 2 -2 0 -1 4 0 2 0 0 2 0 1 0 6 0 2 0 -5 0 -1 -1 2 0 -1 3 0 -1 0 0 -4 1 2 2 0 -1 0 2 2 -3 2 -2 1 0 -3 -4 -2 2 0 0 2 2 -1 -2 2 1 2 -1 -3 1 0 -3 0 -2 -4 0 0 -3 0 -1 3 4 0 0 0 0 -1 0 0 1 -1 2 1 0 1 2 2 1 0 -2 -8 2 -1 2 -2 -1 4 -1 0 0 -2 0 1 1 0 0 0 0 0 1 -2 -1 0 0 0 -1 0 0 -1 -1 4 -2 5 0 1 -4 -1 4 2 0 2 2 2 0 0 -2 3 4 2 2 0 -2 0 0 1 0 3
0 0 0 0 0 -2 0 0 0 -3 0 0 -1 -1 0 -1 0 -2 -1 0 0 0 0 0 -3 -1 0 -2 -2 2 1 0 0 -2 -3 0 -1 -1 0 -2 0 -1 -5 -1 0 0 0 0 -5 -1 0 0 -1 -1 -1 0 2 -2 0 1 0 0 0 0 0 4 0 0 -2 0 -2 -2 -1 -2 0 -4 0 0 2 -1 -2 0 -3 2 0 0 0 0 0 4 0 -1 0 0 -4 -1 22 1 2 2 -3 -1 0 0 2 4 1 3 2 0 0 0 -1 0 0 2 0 0 -3 -1 0 0 0 0 -2 -1 0 1 0 3 0 0 3 1 -1 0 0 0 0 1 0 4 -2 1 0 0 0 -4 0 -3 -1 0 4 -3 -3 2 0 2 0 0 -1 0 0 0 4 2 -3 0 2 0 0 1 0 0 -2 -3 0 -2 1 -1 0 1 0 -1 -1 0 -3 2 -1 0 1 -1 2 0 0 0 0 0 -1 0 2 1 0 3 -4 -1 0 0 2 0 -2 2 0 1 0 0 0 -2 0 -2 2 0 -2 0 0 0 0 -2 1 4 -1 0 0 0 0 -1 -1 2 -2 -3 -2 0 0 0 -3 -1 0 -2 0 0 0 1 2 -5 0 0 -2 0 -4 0 2 0 0 -2 2 -1 1 0 -1 1 0 0 1 0 0 3 1 0 0 2 3 -2 1 1 0 0 -2 0 1 -2 -7 0 -3 8 0 0 0 0 0 0 -1 0 0 0 3 4 -2 2 0 1
2 2 0 1 -3 0 2 1 -6 1 0 0 0 4 -6 0 9 -2 3 -2 1 -1 2 -2 2 -2 2 0 3 -1 -2 0 0 -3 0 -3 1 0 1 1 8 0 -3 -1 0 -4 0 0 -6 2 -5 0 0 -1 0 2 0 0 3 2 4 -2 2 4 -1 -1 0 1 1 1 -2 0 0 1 0 0 0 -2 -2 2 2 0 -4 -2 0 1 0 -2 0 -1 -3 0 -1 0 0 -1 1 40 -2 -3 -3 -2 0 -1 -1 3 -2 4 -1 -4 -2 -1 0 1 -3 3 0 -2 0 3 -3 1 0 -2 5 -1 2 -1 1 0 3 0 -2 0 1 0 2 0 2 -1 2 0 -6 -1 4 0 2 2 1 -4 2 -4 0 4 1 0 0 0 0 1 0 2 -1 1 -2 -3 4 -2 -3 2 -2 4 1 0 -2 -4 -2 -1 0 -2 0 1 0 -6 1 4 1 2 0 -2 3 -4 -2 -1 -2 0 2 2 -4 -2 2 -2 1 5 0 -1 0 1 0 -1 1 2 1 0 3 0 2 -1 -3 0 -2 0 6 0 0 1 0 2 5 2 0 0 0 0 1 6 0 0 0 4 0 -1 0 2 -2 -2 1 -1 0 -1 -9 0 0 0 0 -4 0 -6 0 2 -1 0 0 0 -2 -2 0 1 0 -2 0 -1 0 0 3 4 0 -2 0 2 0 1 0 -9 1 -2 -6 2 0 -2 0 0 0 0 0 0 0 0 1 1 3 0 0 -2 0 -2 -2 2 0 -2
-2 -2 4 0 2 -2 -4 2 0 -4 5 -1 -2 -2 6 0 -5 2 -2 -2 8 0 0 1 -4 0 0 0 0 0 2 0 0 -1 -2 -2 0 0 0 1 7 0 -4 1 -2 -6 0 0 6 0 0 2 0 0 -3 0 1 -4 0 -4 -4 -2 -1 0 0 -2 1 -3 2 0 0 1 -1 0 0 0 0 2 1 -1 0 4 -2 0 0 -2 1 0 4 0 -2 -1 2 0 -1 2 2 -2 45 0 0 3 -3 0 0 2 3 0 0 1 1 2 -3 2 4 0 0 0 -1 3 0 0 -2 2 2 0 2 -2 0 0 0 1 2 0 0 -2 2 6 0 -1 1 -5 -1 -2 -2 1 0 1 2 0 0 0 1 -4 0 5 -2 -1 0 0 -1 1 1 0 1 6 1 1 0 -2 1 0 0 1 -4 0 4 0 1 0 -2 -2 0 1 -1 -6 0 0 -2 -2 -4 -6 4 0 2 2 -1 3 4 -4 -2 0 3 -1 2 -4 -2 -2 -4 -2 -4 3 0 0 -2 2 3 -2 -4 2 0 0 -2 1 0 2 1 0 0 0 -1 2 1 3 0 2 0 -2 0 1 4 -1 0 3 2 4 0 1 -1 1 0 0 1 -3 0 4 10 0 0 0 -1 3 0 0 7 4 0 -1 3 2 0 0 -2 0 0 0 1 -1 -4 1 -2 0 5 -2 0 -1 0 -2 0 -2 -4 0 -3 0 0 1 0 0 0 2 -4 -1 0 -4 1 1 -4 0 -1 0
-2 1 4 1 0 -6 0 -1 -1 1 0 0 0 -5 -3 -2 2 -2 0 0 -2 -3 2 5 -2 4 2 -1 0 0 0 -4 0 0 0 0 1 0 0 0 -2 -2 0 4 0 -2 -2 0 0 -3 -4 0 -2 0 -2 2 0 -2 0 1 -2 -3 -4 0 0 0 -4 0 -1 0 -6 -1 0 -1 0 0 0 0 0 -2 0 -3 0 0 4 -2 0 0 0 2 2 -3 -1 -1 0 1 2 -3 0 35 -2 0 4 2 -2 0 -2 3 1 0 0 -2 0 0 -2 0 -2 4 1 0 0 0 0 4 0 -1 2 0 2 0 -3 -1 0 2 -2 -4 0 2 -1 -3 -1 2 1 0 2 0 6 0 0 -2 2 4 0 4 -4 0 -4 0 0 0 -2 0 0 1 -1 1 0 0 2 0 0 0 1 -2 -2 0 1 0 2 0 4 3 0 0 1 -2 -1 0 0 1 0 0 1 0 -1 1 0 2 1 0 1 0 -2 -1 0 0 -1 2 0 -2 0 -1 0 0 -2 1 -1 0 1 0 1 0 -2 -2 0 0 0 0 -1 4 -2 0 0 -2 0 -2 0 0 1 -1 0 -1 0 2 -2 3 0 -4 0 0 1 0 0 3 0 3 -2 0 0 0 -1 2 0 2 0 7 -2 0 3 -2 0 4 0 0 0 -2 -2 2 2 -1 0 -6 -2 2 0 0 -2 0 4 2 0 -3 -4 1 0 0 4 5 2 0 0 -1 0 0 4 -4 2 0 0 0
0 0 -1 1 2 -1 -1 -2 1 2 0 0 0 4 4 -3 0 -1 1 0 2 2 -2 -2 0 3 -1 2 -4 -7 0 -2 0 1 4 2 0 1 0 -2 -1 2 1 0 -1 -2 0 0 -2 -1 2 0 0 1 -1 0 -2 0 0 5 -1 1 0 0 1 -10 1 3 1 -5 4 2 3 -2 0 1 0 -3 0 -4 2 -2 -1 -1 1 -1 2 7 2 0 3 0 -2 -2 -2 2 -3 -3 0 -2 46 7 -1 -5 -2 1 0 -1 -3 3 -4 1 2 0 4 -2 0 0 -1 0 2 2 0 4 3 0 1 0 2 2 0 0 0 0 0 0 2 4 1 0 -2 -1 -2 -1 -2 -1 -6 3 -2 4 0 2 -2 -4 0 -4 -3 -2 1 1 -2 -2 2 0 0 6 -4 0 0 -2 0 1 2 3 4 1 1 1 -2 1 -1 0 0 1 -1 -1 -2 0 -1 -6 -1 2 1 -4 1 2 0 1 0 8 0 0 2 3 -3 4 0 -1 1 0 -1 0 2 0 -2 2 1 -4 -1 5 -2 1 2 -1 3 -1 0 -2 -2 -1 1 0 1 4 4 -4 2 -6 1 0 4 -4 0 0 4 -2 2 0 4 0 4 4 0 0 2 0 3 2 1 1 2 2 2 1 0 1 3 -2 5 2 0 -2 -1 -1 2 2 0 1 2 3 1 4 2 0 0 0 0 0 2 2 2 -4 -2 1 0 1 0 1 1 -1 -1 0 0 0 0 1 -1 0 1 0
0 -3 0 2 4 0 -1 -2 2 0 -4 0 0 1 4 -1 -4 1 0 2 1 0 -4 0 2 -1 3 2 -4 -2 1 0 -1 0 2 0 -1 1 0 0 -4 0 0 0 0 -2 0 -1 1 -2 0 0 0 2 -2 1 0 -2 0 4 -4 -1 4 1 0 0 1 -4 0 0 0 5 0 -1 2 1 0 1 0 -5 0 -3 1 0 1 0 1 -3 6 0 -2 -3 6 0 4 1 -1 -2 3 0 7 43 0 0 -4 2 0 0 0 1 -2 0 0 0 0 -1 -3 0 4 -2 0 -1 -2 1 -1 0 0 -1 0 0 2 2 -1 -1 0 0 3 6 -2 0 -4 1 1 0 0 2 -2 -4 -1 0 1 0 0 0 1 1 0 0 2 -2 0 1 0 -4 0 0 1 0 0 -4 1 1 0 0 0 0 0 4 1 -3 0 0 0 1 -4 0 -1 0 0 -4 -2 -4 0 -2 0 0 0 1 -3 7 0 -1 2 -1 -4 0 -1 -8 -1 -2 2 0 0 0 4 -1 -4 0 4 0 0 2 2 1 0 -2 0 3 2 0 -2 -1 0 0 4 -1 2 3 -2 1 -2 -2 -1 0 0 0 0 1 -1 -2 0 4 3 -3 0 6 -1 -1 -1 0 -1 2 0 6 2 4 -1 1 5 0 0 0 0 2 4 -1 1 5 0 2 0 1 0 -2 0 -1 0 0 0 2 -1 2 0 1 -4 -6 -2 -2 1 0 -1 0 0 0 0 -4 -1 0 -4 -4
0 2 8 -1 -6 4 8 1 0 0 0 1 0 0 0 0 5 1 0 0 -3 2 -2 0 0 1 1 2 -2 -4 -2 -5 2 0 0 -6 -3 5 4 2 3 4 0 4 0 2 0 0 0 -2 -1 1 -2 0 2 1 0 1 0 -4 6 -2 0 0 0 1 0 7 4 0 2 -2 0 3 3 -1 1 1 3 0 -2 -2 0 -4 2 0 0 0 0 -2 -4 1 0 0 2 0 0 0 -3 4 -1 0 45 0 4 0 0 0 0 -2 0 -2 0 0 0 0 -4 0 0 -2 0 0 2 2 0 -1 0 0 0 0 4 2 0 1 2 0 4 -2 0 -4 0 0 -1 3 0 -2 0 0 2 0 -2 -3 2 2 0 -1 -4 -2 0 0 1 4 0 2 0 2 0 2 2 0 0 0 4 3 -2 0 0 2 0 0 -2 4 0 0 1 6 -2 0 0 2 -3 1 6 0 -2 5 2 3 -1 0 1 2 -4 0 0 5 0 -3 4 -2 5 -3 0 0 0 0 0 -1 1 -4 1 2 -6 3 0 -2 -6 0 3 -1 1 -4 2 -1 -6 2 -1 4 4 -2 2 4 -4 0 4 0 -1 2 4 0 -2 0 1 1 -4 -3 0 0 -4 2 -6 -4 0 2 0 6 2 2 0 -1 0 0 -2 0 4 0 4 0 0 1 5 1 -2 5 4 0 0 2 2 -2 -2 -3 0 0 0 -1 -2 4 0 1 -1 3 -1 -4 0 -3 0 2 0 2
2 0 2 -1 -1 -1 0 -2 0 0 0 -6 -1 -6 0 1 -1 2 -1 2 4 -4 0 2 -2 0 -1 0 2 1 0 2 0 0 0 2 0 -2 0 0 0 0 0 0 -2 0 2 0 -1 2 0 0 0 -1 2 1 0 6 0 1 0 6 0 0 0 -2 -2 2 -3 -2 -6 2 -2 -2 0 -2 0 6 2 4 0 0 3 -1 1 0 1 0 0 -1 0 4 0 0 2 -3 0 -1 0 2 -5 0 0 33 3 0 4 -2 1 -4 0 0 0 -4 2 -2 0 -2 0 1 -4 -1 0 -1 0 4 0 -8 -3 1 0 0 0 0 0 6 -2 3 -2 0 0 0 5 1 -4 0 4 0 0 -3 0 0 -2 4 -4 0 -1 0 0 0 -2 0 2 0 2 0 0 0 0 0 0 -1 0 0 1 -1 0 0 0 0 -4 0 2 6 -1 4 0 -2 -2 0 1 -4 1 5 0 -1 0 4 2 -1 0 0 1 0 0 -2 2 0 0 0 0 0 0 0 -2 -2 -2 1 -2 -4 1 1 0 0 0 0 0 0 -1 0 -2 0 0 0 0 0 -4 0 -6 0 0 0 3 1 -1 4 -2 0 2 -1 0 0 2 0 5 -2 -1 0 0 0 0 0 0 0 0 0 2 0 -1 0 0 -1 0 -2 -2 0 1 -4 0 0 0 -2 0 -1 0 0 -1 0 -2 -4 -2 0 0 2 0 0 0 -1 -5 -1 0 4 0 0 -2 1 -1 0 0 1
2 2 4 3 0 0 0 0 -2 -1 0 4 0 -2 -2 5 0 2 -1 2 4 1 0 2 -3 0 2 -1 0 2 -2 0 0 0 -4 0 2 -2 0 0 0 -3 2 -1 -2 0 4 1 -2 -2 0 -1 0 2 0 0 2 0 0 0 7 7 2 -2 0 0 0 0 -3 -2 0 0 2 0 0 0 0 2 2 1 8 0 0 -1 0 0 0 0 0 1 0 0 0 0 0 4 2 -1 0 -2 -2 -4 4 3 37 2 0 -3 6 0 1 0 2 0 0 0 2 -1 -2 -1 0 0 4 -2 1 0 0 -3 0 0 1 0 0 0 0 0 -6 4 2 0 -4 0 0 10 0 0 0 0 0 0 0 0 2 1 -1 0 0 0 0 0 0 0 -1 0 0 0 1 -1 0 -1 1 0 1 0 -2 -9 1 4 0 -4 -2 1 6 -2 -2 0 1 -2 -2 2 0 0 4 0 0 0 1 -1 -1 -7 0 4 0 -1 3 0 2 0 2 -3 -1 -2 -1 -2 4 0 0 2 0 0 -3 2 0 0 0 0 -2 -1 0 0 0 0 0 0 -1 0 0 0 -2 0 0 2 -4 -2 2 0 -4 0 2 -1 0 -2 0 0 4 0 0 0 -4 2 -3 -2 0 -4 0 2 -2 0 -1 7 0 4 -2 0 -5 0 0 0 0 -4 1 0 0 9 1 2 -3 0 1 -4 0 -2 0 2 4 0 0 0 -2 -2 0 4 3 2 -2 0 -1 2 0 0
-2 0 -1 0 2 -2 1 2 0 0 -4 -2 0 2 -1 0 -2 0 0 -1 -1 2 0 -4 0 0 2 2 -6 0 -2 0 4 -4 2 3 -4 2 0 -3 0 0 -1 -2 1 0 0 0 0 0 2 0 0 2 4 2 0 0 0 -8 0 0 0 1 1 0 0 3 0 0 0 0 1 1 1 -1 2 -4 1 -2 1 0 -4 0 0 4 0 -2 0 0 4 2 -2 -4 0 0 4 3 2 0 1 2 0 0 2 36 0 2 5 -2 0 2 0 3 -4 2 1 0 -2 -2 0 0 0 2 -1 0 2 0 0 -2 0 0 -1 0 -2 0 1 -3 -2 0 -2 0 0 2 5 2 -2 0 -2 0 0 0 2 0 0 2 1 1 2 2 -4 -1 0 0 4 5 0 0 0 0 -2 4 0 0 -4 -9 0 2 2 -4 0 5 -4 0 1 4 1 -1 1 -6 2 -2 0 0 0 0 0 0 -2 0 0 -2 6 2 0 -6 0 0 0 -4 -1 0 0 0 2 4 0 0 2 -1 -2 -4 1 -1 0 4 0 -1 3 2 0 4 0 -2 -5 1 0 0 0 1 1 0 0 0 2 -1 0 -4 0 -2 2 4 -1 2 2 -1 0 0 0 -2 1 -2 -2 -4 2 -1 6 0 -2 0 -1 -3 4 -2 2 2 1 0 -2 -2 1 1 6 0 0 0 -4 0 2 0 1 2 -4 0 2 -2 2 2 0 -2 0 -2 0 1 -1 4 0 8 0 0
-1 0 2 1 0 0 -1 0 1 0 2 0 1 0 -1 0 3 0 1 0 2 0 -2 -2 0 0 0 2 0 2 -4 0 -1 2 0 -1 2 0 0 0 2 1 0 1 0 0 0 0 0 0 2 0 0 0 1 0 2 1 0 0 2 4 0 0 0 0 2 0 -2 0 0 3 0 6 -2 -2 1 4 -2 0 -1 0 1 2 0 0 0 2 0 0 0 6 0 0 2 -1 1 -2 3 -2 0 0 0 4 0 0 29 0 2 -5 0 2 0 0 0 0 0 -3 -1 0 0 0 0 0 -2 0 0 0 0 -4 -2 0 0 2 0 4 0 0 2 0 -1 -2 -2 -2 0 0 2 0 -1 -5 -4 1 2 0 0 -2 1 -4 0 0 0 -2 0 -2 4 0 -4 2 0 0 1 0 0 -4 0 0 0 2 2 0 0 2 0 -4 -2 0 -1 2 1 0 0 0 -1 4 2 -2 -1 -1 5 0 -1 -4 0 1 -4 0 0 0 4 -1 0 1 0 0 0 1 -1 0 -6 -5 0 1 -2 0 0 0 0 -2 0 2 -2 -1 1 0 0 -2 0 0 -2 1 0 0 0 0 0 -2 0 0 6 0 0 0 0 -4 2 0 2 0 -1 0 1 -3 0 -2 0 0 3 0 -1 0 -2 0 0 0 0 -2 0 4 -2 1 0 -1 0 2 0 0 0 0 0 0 0 4 -3 0 0 0 0 4 0 0 0 0 0 0 0 0 0 -1 0 0
0 0 0 2 2 -1 0 2 2 0 0 -2 2 0 3 0 6 0 0 0 0 0 -2 -6 6 -2 3 4 0 2 1 0 0 -2 -3 0 -2 0 0 0 0 0 -5 -5 0 0 0 -1 0 3 -5 0 1 -1 -6 0 -2 -3 0 -3 0 1 4 0 -4 0 -4 0 2 0 0 0 0 0 0 0 2 -4 -4 2 0 0 0 1 0 0 0 -3 0 -1 0 1 -1 0 -1 0 3 4 0 3 -1 0 0 -2 -3 2 0 48 0 -1 4 0 4 1 0 0 0 0 2 0 10 4 0 -1 4 2 0 -2 0 4 0 0 6 0 -2 0 -2 2 0 0 0 0 -4 2 -1 1 0 1 0 0 0 0 0 2 6 2 0 0 0 0 0 0 0 0 -5 2 7 0 2 0 -5 2 3 0 -3 -4 2 0 -2 0 0 5 0 0 2 0 0 6 2 0 3 4 0 2 0 -4 0 0 1 0 -2 0 0 1 -4 2 0 0 0 0 0 1 0 -2 2 0 -4 0 -1 0 2 2 0 0 0 0 -1 -3 1 -2 -2 0 2 0 -4 2 0 0 2 0 0 0 2 0 -1 -1 6 0 2 2 2 0 0 -2 2 0 2 0 -2 0 -2 2 1 -2 2 0 0 0 0 -6 0 0 4 1 3 1 -2 0 0 2 2 4 2 2 -2 0 -2 0 0 0 2 0 -1 4 0 2 4 0 2 -2 0 1 0 0 0 -2 2 4 0 0
2 0 -4 0 1 1 -2 -1 0 0 0 -2 0 -1 -8 2 6 -2 -3 0 1 -1 -4 1 3 0 -2 6 -2 1 -6 2 0 0 -2 -4 -4 10 2 -4 0 -2 0 -2 0 2 -2 0 -1 -1 -2 0 0 0 1 -2 1 0 0 -2 -4 0 2 0 0 0 1 -1 -1 4 1 2 -4 0 0 0 0 0 -2 -2 4 0 -2 4 0 1 0 0 0 11 1 0 -1 -2 2 1 2 -1 0 1 -3 0 0 1 6 5 2 0 55 0 -1 2 2 4 2 4 2 -1 -2 2 4 -6 0 10 1 1 4 -2 2 -1 0 -1 -2 0 0 4 0 0 0 0 -1 0 3 2 2 0 0 -2 0 -1 -6 2 4 0 0 -1 1 0 0 5 -2 2 -5 -1 4 5 -8 0 0 0 0 0 0 -2 0 -1 0 -2 0 4 -1 0 0 -2 0 -2 0 0 -2 0 0 -3 -2 0 0 -2 0 -4 0 -2 3 -2 -2 0 1 -1 1 -1 0 0 -1 -2 0 -1 0 -1 1 -1 -3 -2 -4 0 -4 -4 0 -4 0 2 4 6 0 0 0 -2 -2 -2 0 1 0 -3 0 2 0 -2 2 -1 8 1 1 0 5 0 -2 0 0 2 0 4 0 0 -2 0 2 -4 0 0 5 0 -1 1 1 -8 0 0 0 -2 -1 0 0 -4 4 0 1 1 0 2 0 -4 2 -4 0 0 -2 -2 3 0 0 1 -2 -1 0 -2 6 0 1 1 3 8 0 0
-4 -6 0 0 -6 0 2 0 4 -1 0 3 -1 4 1 0 -8 0 0 0 2 -4 1 1 0 0 -5 4 0 -2 4 0 0 1 0 0 2 0 -1 -2 -4 0 0 0 -2 -4 0 0 1 0 -3 0 1 2 1 0 0 0 -4 0 -1 -4 -3 -4 -4 2 2 -2 1 0 -1 -2 -1 0 4 0 14 -3 -2 -2 -2 0 1 2 -2 0 0 0 0 0 0 -1 -1 0 -2 1 0 -4 1 0 3 1 -2 -4 0 -2 -5 -1 0 52 2 0 0 0 -6 0 0 0 2 0 2 0 5 0 0 -4 0 -2 -2 1 -2 -2 4 2 -2 -4 0 1 0 -2 -4 0 6 2 0 5 4 0 0 1 -4 2 0 -4 2 -2 0 -2 2 2 2 1 3 -4 0 1 4 3 0 -1 2 0 0 4 0 1 -2 2 -4 0 0 -8 -4 0 -2 0 -3 0 2 0 2 4 1 -5 0 7 0 -1 -2 4 2 -1 0 -2 0 2 2 -2 -2 1 -2 1 0 1 -1 -5 0 0 4 4 0 0 2 0 4 -2 1 2 2 -2 2 4 -1 2 -2 -1 0 -2 -3 -3 -1 -8 0 2 0 -2 4 3 0 -2 0 0 -1 0 -1 6 0 0 -1 0 4 0 -4 3 0 1 -8 -3 3 0 3 4 0 1 1 5 0 3 1 0 -1 -1 1 0 4 1 0 -2 1 -6 -4 -1 1 0 -2 0 0 0 0 6 -1 0 2 0 0 -5 -2 0 -1 2
1 2 2 2 0 0 0 2 0 0 0 -1 4 0 -4 0 0 -4 2 0 0 -2 0 -1 2 0 -2 -3 6 4 0 0 0 -1 -2 0 0 0 0 0 0 2 0 0 0 0 4 0 0 0 0 1 0 0 0 0 0 0 0 0 1 -2 0 0 -2 0 0 0 0 2 0 4 2 0 -4 4 -2 1 0 4 4 0 0 0 -2 -3 0 0 0 0 3 0 -2 0 0 -1 0 -2 1 0 -4 -2 0 0 1 0 0 4 -1 2 34 0 -1 0 0 -3 0 0 2 2 1 -1 -4 -2 -1 0 0 -4 0 0 0 1 -1 0 0 0 -2 -2 2 0 0 0 -2 6 -2 4 4 0 0 0 0 2 -1 0 0 0 0 0 0 0 0 0 1 0 -1 1 2 0 0 2 0 0 0 -3 -2 0 0 0 0 -3 0 -2 2 1 0 0 1 0 0 0 1 0 1 2 0 0 -5 -2 2 2 0 -4 -2 -2 4 0 -2 0 0 -4 3 -1 0 0 0 2 0 -1 0 0 1 2 -2 0 -1 0 0 -3 0 0 -2 0 0 0 -5 3 0 0 1 0 0 0 4 1 0 -4 2 0 4 0 2 0 0 2 0 0 2 0 1 0 0 0 0 0 0 3 0 -2 0 -6 0 0 0 2 0 0 2 -1 0 0 0 0 0 2 -2 -2 2 0 0 0 0 0 0 -1 0 0 6 0 -2 0 2 0 -2 0 -4 0 5 -2 0 0
-3 0 0 0 2 -4 -2 0 0 0 3 0 0 1 0 0 0 0 -1 1 0 -2 -4 1 -5 -4 2 2 0 0 0 2 4 -1 2 1 -2 2 0 -2 -3 0 7 0 0 0 0 0 0 0 2 -4 0 0 0 0 1 2 3 0 -2 0 0 1 -1 -2 0 3 1 0 -1 4 0 -1 0 0 0 4 1 -2 0 2 0 0 2 -1 0 -2 0 4 4 -1 -3 0 0 3 0 -1 2 -2 1 0 -2 0 0 2 2 0 2 0 0 26 0 -1 2 0 2 2 -2 1 0 0 0 2 -1 1 0 -1 0 2 -1 1 1 4 2 0 1 -1 -2 0 1 0 0 -2 1 0 0 -2 -1 0 2 0 1 0 -5 -3 -1 0 0 2 0 0 2 6 4 -2 0 0 0 0 1 0 -2 2 0 0 -1 0 0 0 2 0 0 0 1 -2 0 0 0 0 0 -1 0 4 2 1 -2 2 2 -1 -8 2 -2 0 0 1 0 2 -2 0 -1 2 0 -2 0 -4 0 1 0 0 1 2 0 -1 4 0 1 0 0 2 0 1 -1 4 -2 -1 -2 -2 0 2 -2 1 0 4 0 0 0 -3 0 0 0 3 -1 -2 -1 -2 -2 1 0 2 0 -5 0 0 -6 -4 2 0 0 0 0 -1 0 -1 0 0 -3 0 0 -2 0 0 4 2 -2 1 2 0 -2 0 0 0 0 0 4 1 0 -1 2 0 0 0 0 0 -6 0 0 1 -4 5
0 0 2 0 2 2 0 -2 -2 1 0 2 0 1 0 0 0 0 0 0 0 0 4 3 0 0 0 2 -4 0 0 1 -2 -1 0 -4 -1 0 0 0 0 -4 0 0 -6 0 0 0 -2 0 -2 -2 5 -2 0 0 0 -2 0 0 0 -1 -1 0 -2 -4 2 0 0 0 2 0 1 0 0 0 0 0 0 0 -2 0 0 0 0 0 0 0 -4 0 -1 0 0 -4 0 0 -1 0 -3 0 2 0 0 0 2 0 0 4 2 0 -1 0 33 0 2 0 0 -1 -4 0 0 0 0 2 2 -2 0 0 -2 0 0 0 6 0 3 -3 -2 4 0 -2 0 -1 -4 -5 0 0 0 0 3 -2 0 -1 -2 2 -2 -2 0 0 2 -1 0 0 -2 0 -1 2 1 0 0 -2 -2 4 0 2 0 -2 4 -2 -5 0 0 0 0 -1 -1 0 0 4 1 0 -1 2 -2 0 -1 0 0 0 0 0 0 2 -4 0 -2 -6 0 3 0 0 -2 3 0 0 0 1 0 2 0 2 -2 -1 -6 0 0 0 0 -3 0 0 1 0 1 -4 -1 1 -3 2 -1 0 4 -1 0 2 0 0 0 0 0 0 1 0 0 -4 1 1 -2 0 0 0 -1 0 0 0 0 0 0 -2 0 5 0 0 2 -6 4 0 0 0 6 0 -1 0 0 2 0 -1 1 0 0 2 0 -1 -2 2 0 2 2 0 0 -6 0 2 0 0 0 0 1 4 0 -4
0 0 -1 -2 -2 4 4 0 -4 0 -2 2 0 1 -6 -2 3 0 -1 0 2 -3 -4 -2 -1 0 0 -5 -1 0 0 0 1 0 1 -1 2 0 2 0 -2 0 -2 0 1 0 0 1 2 -5 1 4 3 0 -2 0 -1 -4 6 0 4 -1 0 0 0 0 -3 4 0 3 1 0 -4 -3 0 0 1 0 -3 0 1 1 -4 0 0 -5 -2 -2 2 4 -3 2 2 -8 2 -2 0 1 2 0 0 0 0 -4 0 3 0 1 4 0 0 -1 0 37 0 4 2 2 0 0 1 0 0 1 0 0 4 3 2 0 -2 -2 -1 -2 0 0 -1 2 0 1 -2 1 1 5 3 0 0 -1 0 0 -3 2 3 -2 0 1 1 0 1 5 0 -2 -6 -3 1 2 0 2 0 -1 0 2 2 0 -2 -2 0 0 -3 6 0 -2 -3 -7 0 2 2 -1 3 0 0 -1 0 0 0 0 -2 -4 0 0 0 -3 2 0 2 -3 0 -1 0 0 -1 0 0 -2 0 1 0 -2 -4 0 -4 1 1 1 0 0 0 0 4 0 0 0 1 -1 -2 0 5 1 2 0 0 0 0 3 -1 0 0 0 -1 -4 -2 3 0 2 -6 -1 3 2 0 -2 0 -1 4 -1 0 1 0 0 1 0 0 -3 -3 0 -2 0 -6 3 0 -1 -1 2 1 -6 4 0 4 -1 0 -2 6 3 -1 0 -5 0 0 3 1 2 -2 0 0 -1 0 2 1 0 -2 0
2 -1 -4 -4 6 0 1 0 -4 0 4 2 -2 -4 -1 0 0 2 -1 2 0 -4 0 2 1 0 1 1 0 2 -4 1 0 2 0 0 0 3 3 1 -4 0 -4 1 0 5 4 2 2 -1 2 0 -4 0 0 -4 -2 0 4 -2 1 2 -2 -2 4 2 0 -2 -3 -2 -4 1 0 0 -2 2 -2 4 1 0 -3 5 0 -4 -5 -1 2 -2 0 3 -1 0 2 5 0 0 0 -3 4 -2 4 0 0 2 0 -4 0 0 2 -6 0 2 2 0 49 -1 0 0 -1 0 0 0 -1 0 0 0 2 0 1 0 -2 2 0 0 2 -1 -1 2 -4 0 -4 0 1 4 -8 -5 0 0 0 0 0 0 0 6 0 0 -2 -1 0 0 0 -2 -6 8 -2 1 2 1 0 -1 0 -1 -2 0 2 0 2 2 0 0 -2 -2 2 -5 0 -6 3 0 0 0 -2 -2 4 0 5 1 1 1 -1 -5 -8 0 1 0 0 4 0 -1 0 -2 0 -2 -1 0 -1 0 2 -3 -2 0 -6 2 -8 0 -2 0 3 0 0 -2 0 1 -2 -1 0 -2 0 0 0 0 0 4 4 4 1 -4 0 0 -2 -1 0 2 1 4 4 -2 -2 1 1 0 0 2 0 1 0 -1 2 0 1 1 0 -3 0 0 -2 0 -1 0 2 0 -2 -7 -2 0 0 -3 -1 0 -4 -2 0 0 0 0 0 2 1 -2 -2 -3 -1 0 -1 1 2 6 2 2 0 1
0 0 -1 0 -1 0 0 0 0 -1 0 3 -2 3 0 0 2 3 0 0 0 1 0 0 0 0 0 1 -2 0 0 -3 2 0 -2 1 1 -2 0 -1 0 -4 -2 -5 0 3 -8 0 0 -3 0 -1 1 2 0 0 -1 -2 2 0 0 -1 0 0 0 4 -2 2 -2 0 -2 -3 -2 -1 2 0 0 0 0 0 2 -2 -1 0 0 1 0 -2 0 0 0 -4 2 -4 2 0 2 3 0 0 -2 -1 0 -2 0 2 0 0 4 0 -3 0 0 4 -1 31 6 7 -1 0 0 1 0 -4 4 0 0 1 -2 0 -2 0 0 0 -1 -3 1 7 0 -2 -2 4 -2 1 0 0 0 -2 1 0 0 0 1 0 4 4 0 0 0 1 1 0 0 -7 0 -1 0 0 -1 0 -5 1 2 -3 1 0 0 -4 1 0 0 0 2 0 -1 0 -2 0 0 0 4 2 0 0 -1 0 -2 -1 0 0 0 0 2 0 2 0 -2 -3 0 -4 0 3 -2 -2 4 1 0 0 0 -2 2 -1 -4 -4 4 1 0 1 0 6 0 0 3 -4 0 1 3 1 2 -2 -2 0 0 0 0 0 1 -2 0 0 0 1 1 0 -1 -1 3 1 0 0 0 0 0 0 0 -1 1 2 -2 -3 0 0 0 -6 0 -3 0 2 0 0 1 -1 0 -2 0 4 3 4 -1 0 1 1 -3 2 0 0 -2 2 0 -2 1 0 1 -1 0 0 0 1 -4 2
0 0 -5 0 0 -2 0 2 -2 0 1 0 0 5 -5 -2 1 -1 -1 0 0 -1 0 -1 2 1 0 3 0 1 0 1 0 0 -4 -1 -1 -1 -2 -1 0 0 2 -6 1 0 -5 -1 2 -2 0 -2 -2 5 0 -1 -1 0 1 2 3 2 -2 0 0 -2 0 0 -7 0 0 -2 -2 -2 0 0 0 0 1 -1 1 1 -2 2 -1 0 0 -1 -1 1 1 -2 0 -4 2 0 0 0 0 -2 0 -3 -4 0 2 1 0 0 2 0 0 2 0 2 0 6 27 2 2 -2 0 2 0 0 2 0 5 0 0 -1 -2 0 2 0 0 0 0 2 2 1 -2 0 -5 0 0 2 0 -2 0 1 -4 0 0 0 -4 -4 0 1 0 0 5 0 0 -4 0 -2 1 -1 0 -1 -2 -2 2 1 -2 2 2 0 -2 1 0 -2 0 0 1 1 0 -1 2 0 4 4 0 2 0 1 -3 -1 1 -1 -2 -4 -1 -2 0 -2 -1 -5 0 0 0 -1 -5 -2 0 -2 0 2 -2 0 -4 0 3 -4 0 -1 1 4 -2 4 2 -1 -1 -4 -4 0 -1 -2 -1 -2 1 -1 1 0 0 0 0 -1 0 0 0 0 0 4 0 -3 0 1 1 0 1 0 0 -4 -1 -4 0 0 0 -4 0 1 -1 -4 -1 -2 -1 0 1 -1 2 -1 -2 2 0 4 -1 0 -2 2 0 1 0 2 0 0 -2 -4 0 -2 -1 -1 4 0 0 2 3 0 -2 -3
-2 0 -2 -4 2 1 1 1 -1 -1 -2 3 0 1 -3 2 1 0 1 0 -2 2 0 -2 3 4 0 0 -3 0 0 -1 4 -1 0 -3 -9 4 -3 0 -2 -3 -4 0 1 2 -4 -2 2 -2 0 2 -1 -3 1 0 -2 -1 0 -1 0 0 -4 0 -1 -4 -2 2 0 0 -4 0 -4 0 1 5 0 4 -1 0 3 1 -3 0 0 -3 0 0 2 0 0 0 0 2 -1 -2 0 -2 0 4 0 0 0 -2 -1 0 -3 0 -1 0 0 2 -1 2 0 7 2 45 0 0 0 2 3 2 0 0 0 -1 -2 1 0 0 -2 0 1 -5 2 3 -3 0 4 1 -1 -1 2 0 0 1 0 1 2 5 0 -4 -5 -8 0 0 0 -2 2 0 -4 4 4 -3 0 0 3 0 3 -4 -1 2 -2 -1 0 -2 0 -2 -1 1 0 -2 0 1 -4 3 1 0 0 -4 -1 0 -3 3 0 2 0 2 -1 0 -4 0 0 0 4 -1 0 0 2 -2 0 -4 -1 1 4 4 2 0 0 2 -5 2 5 -1 2 0 0 0 0 0 2 -1 0 0 2 -1 -1 0 2 0 -3 9 4 -2 4 -1 1 -2 0 0 -3 2 -3 0 0 0 -2 0 4 1 0 1 0 -2 2 0 1 0 0 1 2 0 0 0 1 3 3 -1 -2 -6 0 -1 0 2 0 -2 2 -1 2 0 -1 -1 -1 -2 -4 5 0 2 4 0 0 -2 -2 0 0 -1 -6 0
1 1 1 2 0 0 0 2 -1 -1 0 0 -1 9 -6 -2 -3 -1 3 0 0 2 2 1 4 -2 3 -8 5 2 0 1 -1 0 1 2 -4 0 1 2 0 4 4 2 0 1 2 -1 2 -2 0 0 -4 -4 2 0 0 -1 0 1 0 0 0 2 4 0 0 2 1 -4 0 2 0 0 2 2 1 2 0 -2 0 -1 0 -2 4 -1 0 0 0 1 3 2 0 0 8 -4 -3 0 -1 1 -1 4 0 0 -2 -2 -1 2 -2 2 2 -2 -4 0 -1 -1 2 0 57 -2 0 0 0 2 3 1 0 -2 0 -8 0 0 4 -1 -4 2 -2 6 1 1 0 0 -2 -8 0 -6 0 4 1 2 0 -4 0 3 4 -1 4 2 0 0 2 0 0 -4 1 0 2 0 1 5 -1 0 0 1 2 0 -3 -8 0 2 -2 2 0 1 3 2 -2 0 0 2 0 0 0 0 -2 6 -2 0 0 6 -9 0 -2 -1 0 1 -4 2 8 0 2 -3 -2 2 1 0 2 -2 -4 0 2 0 1 0 -2 -3 -1 -2 4 -1 16 -4 1 -4 2 0 0 0 2 -1 -3 4 4 2 0 2 4 -1 3 0 4 2 -1 -3 2 11 0 0 -2 1 0 2 0 0 1 6 -1 0 0 -5 0 2 -1 1 0 1 -2 0 2 0 2 0 0 3 0 1 0 2 -2 2 0 7 0 -10 0 0 -1 -4 0 -8 1 0 0 0 0 -6 -2 -5 0 -8
0 -2 -3 -1 -2 0 -3 0 0 0 0 0 0 0 2 -1 3 -4 1 0 0 0 0 0 0 0 0 0 0 1 0 0 0 0 0 0 0 0 0 0 0 0 0 1 0 -1 0 0 0 0 -1 0 0 0 0 1 1 -1 0 -4 -2 -2 0 0 0 0 0 2 0 0 0 3 0 1 0 0 -3 4 0 0 2 0 2 0 0 0 0 0 0 2 0 2 0 0 -1 0 -1 3 3 0 0 -2 -2 1 -1 -2 0 0 2 0 2 1 0 0 0 0 -2 0 -2 22 -2 0 2 -1 -1 0 4 0 0 0 4 4 -1 0 -1 0 0 -1 0 -1 4 -2 2 1 0 0 0 -2 0 0 2 0 -1 0 0 0 0 -1 0 0 -2 0 0 -1 1 1 0 0 -1 1 3 1 0 0 4 0 0 -6 0 0 0 -1 0 1 0 -2 -1 0 0 1 1 -2 1 0 0 2 0 0 1 1 0 0 1 -1 0 0 0 2 -1 -4 0 0 0 0 0 0 6 1 -4 2 -1 0 -1 0 0 -5 2 3 -2 0 0 0 0 1 0 0 -1 3 1 -3 0 1 2 1 4 0 0 0 0 1 -4 0 0 0 -1 1 0 -2 0 0 0 0 0 -2 4 0 0 0 -1 0 0 0 0 2 0 -3 -2 1 0 -2 0 1 1 -2 -3 -2 1 -2 2 -2 0 2 -3 2 0 4 0 1 0 2 1 0 0 0 2 0 1 0 2 0
0 0 0 0 2 1 0 -1 2 0 0 -1 0 -4 0 0 5 0 -1 -2 -2 -2 0 0 0 0 0 2 -1 0 1 0 0 0 0 -1 -5 2 0 -1 0 0 0 0 0 0 0 0 -1 -1 1 0 0 0 -2 -3 0 -2 -3 0 1 5 4 -1 0 -4 0 -6 0 0 0 0 -2 -4 0 0 0 1 0 0 0 0 2 1 0 0 -1 0 0 0 -1 0 0 0 0 0 0 -3 0 0 2 0 0 -4 0 0 0 10 4 2 1 0 0 1 0 0 0 0 0 -2 37 -1 -1 2 -1 0 0 -1 -2 0 0 -2 3 0 0 0 -3 1 0 0 -2 0 -1 0 -5 0 0 0 0 0 0 0 -1 0 0 2 0 -2 1 -3 0 1 -1 -1 -3 0 1 0 0 0 -2 0 0 0 0 1 3 0 -3 0 0 0 0 -1 0 0 0 0 2 -2 -2 5 -5 -1 0 -1 0 -1 3 0 2 1 -2 0 0 4 1 0 4 0 0 0 0 5 0 0 0 -1 3 0 0 0 0 0 0 -2 0 -2 0 0 0 0 0 0 2 0 0 -4 1 0 0 0 0 -2 4 5 1 0 0 0 1 0 0 0 -2 0 1 0 0 0 -2 0 -2 -3 0 -2 0 -1 2 0 -2 1 0 0 0 0 2 -1 2 0 -4 6 -2 0 0 0 0 0 1 0 3 0 1 -4 0 3 0 0 0 -2 0 -1 1 4 0 0 -7 -2 0 0
-3 0 -1 -1 0 2 0 0 0 -4 0 3 0 1 1 0 4 6 0 -1 2 0 -2 0 -1 0 0 2 -6 -1 0 -5 0 1 2 0 0 -3 0 0 0 0 0 0 0 0 0 0 2 2 0 0 0 1 2 1 2 0 -1 0 0 0 6 0 0 1 -4 2 0 -2 0 1 -1 -1 0 0 1 2 -1 0 0 0 0 1 0 -2 0 2 0 0 0 -4 0 2 0 3 0 1 0 0 2 -1 0 -1 0 0 0 4 -6 0 -1 0 0 0 0 1 2 2 0 0 -1 25 0 -1 3 0 0 -3 0 2 0 0 1 0 0 -5 0 1 0 0 -2 0 -3 0 0 -1 0 -1 0 2 2 -3 0 2 2 0 2 0 3 0 4 0 1 6 0 3 0 -2 -2 -2 -1 -2 0 0 0 0 0 0 0 -1 0 0 1 -4 2 5 0 0 6 -2 0 2 1 -8 0 -4 0 0 0 4 0 0 1 2 -1 1 5 -2 0 1 2 1 0 0 0 -2 0 0 2 -1 0 0 2 0 3 -1 0 1 0 0 0 0 1 0 0 0 0 -2 0 0 0 0 0 1 0 0 0 0 2 0 0 2 0 0 2 -6 0 -2 -1 0 -2 0 -2 0 -1 0 0 -1 -1 0 0 1 -1 0 0 1 0 0 2 0 2 1 1 0 -2 2 0 0 4 0 0 0 0 2 0 0 0 2 -4 1 0 4 1 0 0 6 -2 0 0 0
0 0 6 0 -4 0 -1 1 0 0 0 2 2 2 -2 -1 0 0 0 2 0 0 0 -4 -2 0 0 -2 -3 2 -1 -1 1 4 0 0 0 0 0 0 2 0 0 0 0 0 0 0 0 1 -1 0 1 -1 1 -1 0 0 0 1 3 0 0 3 0 0 0 0 0 0 0 2 3 0 0 0 2 4 0 -5 -4 0 -2 0 0 0 1 0 0 0 0 2 3 2 1 2 0 0 -2 0 0 -2 2 0 4 0 0 0 0 5 -4 0 0 0 -1 0 0 3 0 2 -1 0 38 0 0 0 0 3 0 -4 0 0 0 0 0 -2 -1 -2 0 -4 -1 0 0 6 0 -2 5 0 -2 2 -2 -2 1 2 2 -2 0 0 2 0 2 5 3 1 4 0 0 0 0 0 0 1 0 -2 1 0 0 0 0 -3 -1 0 -4 -5 1 4 4 0 6 -4 0 0 0 0 0 0 -4 0 0 -1 6 4 0 0 0 2 0 -4 -2 4 0 0 -2 -5 2 1 0 2 -2 0 0 10 -1 -2 2 1 2 2 -1 0 0 7 -2 -2 -1 -4 0 2 -1 -2 -1 0 0 2 2 7 2 0 1 0 1 1 -1 -2 2 -1 0 0 0 0 -1 -1 0 1 0 1 -2 0 1 4 1 0 0 0 0 0 0 -2 -2 -2 1 -1 0 -1 0 2 -4 0 3 4 3 1 0 0 -1 3 -1 0 -2 0 0 0 1 1 -2 -3 3 0 2 2
0 2 -2 -2 4 0 -2 0 -2 0 0 -2 0 0 4 -2 0 0 0 0 0 2 -4 0 0 0 -1 6 -4 -4 0 6 -2 0 0 -4 2 4 0 0 0 4 0 0 4 -4 0 -7 4 0 0 0 1 -4 0 0 -1 0 0 -6 -4 2 2 -2 -4 -8 0 -4 -2 0 -1 0 -2 0 0 -1 0 0 0 -2 0 -2 0 6 4 1 0 -2 -2 4 8 -2 0 1 -4 0 0 -2 2 4 4 1 2 -1 -2 2 0 -1 10 0 -2 2 2 1 0 -4 0 2 2 -1 2 -1 0 55 4 0 0 -2 0 0 -2 2 0 2 0 0 1 0 -1 3 0 0 0 4 0 -1 0 0 0 0 -4 0 4 -4 -5 0 0 2 0 4 -4 0 0 0 0 10 1 0 0 -2 0 -1 0 5 0 0 0 2 0 -1 -4 0 0 -2 0 0 -2 0 0 -2 -1 0 -3 0 4 -4 0 -3 0 -2 2 0 -2 2 -4 2 0 1 0 0 -2 0 0 -1 -10 0 0 -2 4 -4 -2 0 4 -2 0 -4 -2 0 2 -2 -2 -1 2 0 0 -2 -2 0 2 -2 -3 3 -1 3 0 -2 0 0 -3 0 2 0 -4 2 4 8 0 2 0 0 8 0 0 -1 0 0 4 -2 7 2 0 -2 -1 -1 -1 0 2 0 9 -4 1 0 -4 0 0 0 -2 -8 2 4 0 -2 4 -4 2 0 0 2 0 -1 -3 -1 -2 0 0 -2 0 2 0 -2
0 0 -2 0 -2 0 0 0 0 -1 0 0 2 3 0 -4 -1 -3 -1 -1 0 0 0 -1 10 0 -2 5 -2 -4 2 4 -2 1 -1 3 4 1 1 0 0 -4 -1 0 -4 0 0 -2 -8 1 -4 0 -2 1 1 0 0 0 4 -2 0 -1 -2 0 -1 0 2 -3 0 -4 0 0 0 0 0 0 4 4 0 -4 0 -2 -3 0 0 -2 4 4 0 0 -4 0 3 -2 -1 0 -2 5 2 0 3 -1 0 0 1 -1 -2 4 1 0 -1 -1 2 0 0 4 2 0 3 -1 -1 3 0 4 35 3 1 -2 0 -2 2 0 0 0 2 8 -9 5 2 2 2 2 -1 -2 0 0 0 3 -1 2 0 2 0 7 0 1 1 2 0 0 2 2 1 -1 -1 4 6 -2 0 0 -2 0 0 1 4 0 -1 0 0 -2 -4 3 0 2 2 -4 0 4 0 -3 0 3 0 -1 0 0 2 0 0 0 -2 0 4 0 -1 2 1 0 6 0 0 0 0 3 0 0 2 -3 0 -2 -1 2 2 0 0 1 0 -4 0 -2 -2 0 0 2 0 -3 1 -1 4 0 0 0 0 0 -1 -4 1 0 -2 -2 0 -2 -2 0 2 -2 5 6 0 2 0 0 3 -4 1 2 0 2 4 2 2 0 0 0 0 1 0 -2 0 -1 -1 -2 -2 6 0 0 0 0 0 0 -2 0 0 1 0 0 0 0 0 0 -2 -2 1 0 0 2 1 6 -2 0
1 0 0 1 3 -4 0 0 2 -2 0 0 3 -4 -5 -4 0 2 -2 3 2 0 -2 0 3 0 0 2 0 0 2 2 0 0 -2 -1 -3 0 2 -4 0 2 0 0 1 4 0 -2 -1 0 -5 2 2 0 -1 -2 0 1 1 -1 0 2 0 4 2 0 0 0 -4 0 5 4 -2 -1 0 0 0 2 4 0 -2 4 2 0 1 1 0 -2 2 1 0 3 5 0 0 6 -1 -1 0 -1 0 0 -1 4 0 0 0 2 1 -4 0 1 -2 0 0 0 0 0 1 0 0 0 0 0 3 31 0 -3 -1 0 -2 -1 0 0 0 2 0 -1 -1 0 -2 0 0 0 0 0 0 0 0 5 2 3 0 1 3 1 1 0 -3 -2 0 0 0 0 1 0 6 -2 0 2 0 -1 2 -2 2 1 0 0 -2 0 0 6 4 2 5 2 0 0 1 3 0 1 -3 1 0 1 -4 2 0 -1 -2 0 0 0 -1 2 0 0 0 0 0 0 0 -1 -1 0 2 0 -2 -2 -1 0 -2 2 -4 0 2 0 0 -1 -1 0 0 0 -2 0 2 -4 3 0 0 0 2 0 0 2 0 -3 1 0 0 -2 0 -6 0 -3 0 0 0 2 0 0 0 0 0 0 1 0 -1 0 1 0 3 -1 0 4 1 -4 -2 0 -2 0 1 2 0 6 0 4 -2 0 -8 0 0 0 0 2 -1 0 -3 4 1 1 0 0 -2 1 -1 0 1 1
0 0 1 0 0 -2 4 2 0 -1 0 0 2 0 -7 1 8 -1 0 0 0 4 1 1 0 0 1 0 1 0 0 0 2 0 0 0 0 3 3 -1 -1 0 -3 -3 0 0 -2 0 -2 0 0 0 -1 4 0 0 0 0 0 -3 0 0 -2 0 0 0 0 2 -2 4 0 -4 0 0 0 1 -4 5 1 0 0 -2 0 0 0 3 0 0 0 8 2 0 0 2 0 1 0 2 2 2 1 0 0 0 0 2 0 0 4 0 0 0 0 4 2 0 5 0 0 4 0 0 0 0 1 0 28 0 2 0 0 0 0 0 3 -1 0 2 0 0 0 -2 3 2 -2 0 0 -4 0 2 -2 -4 0 1 -2 0 1 0 0 0 0 1 -5 0 0 -2 0 -1 0 0 0 0 4 1 1 2 0 0 -2 -2 0 1 0 -2 0 1 0 0 0 -2 0 3 0 0 1 0 0 0 2 0 0 0 0 -2 2 -2 -1 0 2 -4 -1 0 0 0 0 0 6 -6 0 2 -4 0 0 -2 -3 0 2 2 2 0 0 0 0 -1 -4 0 0 -1 -3 -4 0 0 0 0 6 1 1 0 2 -4 0 -2 0 0 0 0 0 4 0 0 0 0 0 -4 6 -2 0 -2 0 0 0 5 2 0 0 0 0 0 0 -2 -1 2 -2 0 0 0 0 0 0 4 0 0 0 0 0 0 0 -2 0 0 0 -2 2 0 0 0 4 0 0 3
-1 2 0 0 -2 0 0 0 0 4 0 0 0 1 0 2 0 0 2 1 -5 0 1 0 2 2 0 -4 -4 1 0 -2 0 -1 0 -1 3 -1 0 0 0 0 0 2 -1 0 0 -1 -1 0 7 0 4 -1 4 0 2 -2 0 -1 1 -2 -4 3 2 6 2 0 4 1 0 -1 4 0 2 2 0 -2 0 0 -2 -2 0 1 -2 -2 0 2 0 -1 3 -2 3 -3 2 -5 1 -1 -2 0 0 -1 0 -8 -3 0 0 -2 -2 -2 -4 -1 0 3 0 1 0 -1 -2 0 -1 -3 3 -2 -2 -3 0 39 4 -2 1 0 0 0 0 0 2 3 -2 0 2 2 -4 0 8 0 0 0 0 1 0 0 2 2 1 -2 0 0 0 2 0 0 3 0 -1 0 -1 1 0 0 0 -1 0 -7 1 4 0 -2 0 1 0 1 0 -3 1 0 0 0 7 2 -1 0 4 -3 0 1 2 -2 0 -4 0 4 0 0 0 0 0 -7 3 0 0 0 4 0 2 0 4 5 0 0 -2 0 -1 0 2 0 1 1 0 0 0 0 2 -2 -3 -4 4 -1 4 0 4 -1 2 0 0 0 0 -2 0 4 -2 -4 1 0 -3 -1 1 0 0 -2 2 2 -1 -1 -2 -2 0 3 -1 6 -1 -3 0 1 -2 0 -4 0 0 1 0 -1 -1 0 0 -2 0 0 -4 -1 4 -1 0 0 0 -1 0 0 0 0 -2 0 -1 0 0 0 2 -2 -2 -4
-2 0 0 0 4 0 0 2 0 -1 0 2 0 -2 -5 0 4 0 2 0 -3 0 0 0 0 -4 0 0 1 0 0 -10 0 2 0 0 2 -1 1 0 0 0 0 0 1 -4 0 0 0 0 -2 0 -2 4 0 0 0 0 0 0 0 -2 -4 0 0 -1 4 2 4 2 -1 6 2 2 0 0 -2 2 -2 0 0 0 -2 0 -2 0 0 -2 0 3 1 1 4 -4 0 1 0 1 0 2 2 0 0 -3 0 0 0 0 2 -2 0 0 -2 2 1 -2 0 -2 0 0 -2 0 0 0 0 -1 2 4 29 0 0 0 0 0 -6 -2 0 0 0 0 0 0 1 1 4 0 0 0 0 0 0 0 0 4 0 0 -2 0 4 2 0 0 -1 4 0 0 0 -1 0 -2 0 -2 0 12 0 1 0 4 0 0 0 2 -2 -2 -2 -2 0 0 0 1 0 0 0 0 2 1 0 -4 0 -4 0 0 0 0 2 0 2 2 0 -2 4 0 0 -2 2 -2 0 -1 -2 0 -4 -1 0 0 2 0 0 -2 2 0 0 0 -4 0 0 0 0 0 -2 0 0 2 0 0 0 -4 0 0 0 0 0 4 0 0 -2 0 4 5 4 0 0 0 0 0 -2 2 0 2 -1 2 0 -1 -6 0 -2 -2 0 0 0 0 0 -4 -2 2 0 0 -2 -1 0 0 0 0 0 2 -1 0 0 0 -1 0 0 4 0 0 0 2 4 1 0 -2
2 0 3 0 1 -1 0 -4 -4 0 0 -2 0 -5 4 0 2 0 0 0 0 -1 0 -2 3 1 0 4 4 0 2 2 0 0 0 0 4 0 0 2 0 0 -4 0 2 0 -2 0 0 0 2 0 -4 5 0 0 -1 0 0 0 0 0 0 -4 0 -2 0 0 -1 0 -2 1 -3 -4 0 0 0 0 0 0 0 0 2 0 0 0 0 0 0 0 0 0 0 2 0 0 3 0 0 0 2 0 0 1 0 -2 -4 4 -1 1 0 2 0 0 0 0 -1 1 -8 0 0 2 -4 0 -2 0 0 -2 0 41 2 0 3 0 2 -2 -4 -8 0 0 2 -4 0 1 0 2 0 0 0 -3 -2 0 0 0 0 -2 -4 0 0 0 -1 0 0 4 -6 3 2 -2 0 -2 0 -2 0 2 -2 0 0 0 -2 -2 0 0 0 10 -2 0 -2 0 -4 0 0 0 0 -2 0 1 0 0 0 4 0 0 -2 0 -2 0 -2 -2 -4 0 0 2 0 0 0 -2 0 0 0 0 4 -4 0 0 2 -2 0 0 0 0 0 6 2 2 -4 -3 0 0 0 0 0 -1 0 -1 -1 -2 0 0 1 0 -1 -1 1 2 0 -4 0 3 2 0 0 -2 0 2 2 0 -1 0 1 -4 0 -1 2 2 0 1 -4 0 -2 2 1 2 0 -2 0 -2 8 -4 -5 0 0 -9 2 4 0 0 0 1 0 0 1 0 0 -1 -2 4 0 -2 0 4
0 0 -4 0 -2 1 4 2 0 -1 -2 0 0 -1 4 2 0 -2 2 0 0 2 0 -1 1 0 0 0 0 -1 0 0 0 0 2 1 -4 0 0 0 0 0 0 4 0 -4 2 0 -1 2 3 0 0 -2 0 0 0 0 -1 0 1 -1 -1 -1 0 -1 1 4 3 1 3 2 3 -1 2 0 0 0 2 1 0 0 -4 0 0 -1 2 0 0 0 0 4 1 4 4 -2 0 3 0 -3 0 2 4 0 1 0 -2 0 0 -2 0 -1 0 -2 -2 -2 -2 0 0 4 0 0 0 -2 2 -2 0 1 0 2 22 5 0 0 0 2 -2 0 1 0 1 0 -1 -1 0 0 0 0 0 0 -1 -4 0 1 0 0 -3 0 0 0 0 0 -2 2 0 3 5 0 0 0 0 0 3 3 0 -1 0 -3 0 -2 -2 0 0 0 0 0 0 0 0 1 -5 0 2 0 0 0 3 2 0 0 2 0 0 0 2 -1 0 1 0 1 5 0 2 1 0 0 0 0 0 0 -1 0 2 4 2 -4 0 2 -2 -2 0 3 0 2 -2 0 0 0 0 1 2 1 0 0 0 -3 0 -2 0 2 -1 1 0 -1 0 0 0 0 0 0 1 0 0 -1 0 0 0 0 -1 1 1 0 0 0 0 2 -2 -1 0 0 0 1 0 -1 0 -5 -1 0 0 2 -1 -2 0 -1 -1 0 0 1 2 1 -2 0 0 1 0 -2 -2 2 -2 0
2 0 -4 0 -1 -4 0 2 0 0 0 0 0 0 1 0 0 -2 1 0 -2 2 2 0 -2 0 0 0 -1 -6 -2 0 0 0 0 0 -1 0 0 0 0 1 2 0 0 0 0 0 0 0 0 0 -2 0 3 -2 0 0 0 0 0 -2 0 5 2 0 0 0 0 0 2 2 4 1 0 0 -3 0 -1 0 0 0 -2 0 0 -1 0 0 0 0 -1 2 0 0 0 1 0 0 1 -1 0 2 2 0 0 0 0 0 -1 -2 1 1 0 -2 2 0 0 0 0 4 -2 0 0 2 0 -1 0 0 0 0 5 19 0 0 1 0 3 0 0 1 0 0 0 0 0 -1 -2 0 0 0 1 0 0 0 0 0 -1 0 0 -1 0 -2 2 2 1 0 2 0 0 0 0 0 0 0 2 -2 0 -1 0 0 0 2 1 0 0 0 2 0 -1 0 0 0 0 0 0 2 -4 0 0 -2 0 0 0 0 0 0 0 0 0 0 0 0 0 0 0 2 0 0 1 0 0 0 2 -1 0 -4 -1 2 0 -2 -1 0 0 0 -1 0 -2 2 0 0 0 5 0 -1 0 0 0 -1 2 0 0 0 0 0 0 -4 0 0 0 0 0 0 0 -1 0 0 0 0 1 0 0 1 0 0 0 0 0 0 0 0 1 0 0 2 0 -4 1 0 -2 0 0 0 -2 0 3 0 0 -1 1 0 0 2 0 1 0 1 0 0 0 0
0 0 -1 0 0 0 0 -2 2 -4 0 1 0 0 0 0 -2 0 4 -3 0 -1 4 4 -3 0 1 -2 2 2 1 1 -1 0 0 0 2 0 0 2 -4 0 -1 0 0 0 0 0 -1 0 1 -1 0 1 0 0 0 -4 -2 0 2 0 0 -2 1 0 4 3 0 -2 0 0 0 0 0 0 0 -1 0 -2 -1 0 -1 0 1 0 0 0 -2 0 4 0 -1 -4 0 -2 3 -2 2 0 0 -1 0 0 0 -1 0 6 -2 4 -1 1 6 -1 0 0 2 -2 4 -1 3 1 0 0 0 0 0 0 0 3 0 0 27 0 -3 -2 -6 1 0 0 -2 0 6 -2 0 0 0 -1 0 3 -2 0 0 3 0 2 -1 0 0 0 3 0 0 0 -2 8 0 0 1 -2 -3 0 0 0 -1 0 2 -2 -4 -3 0 1 0 -3 0 0 1 -2 2 -1 0 9 -1 0 0 0 0 0 1 0 0 2 0 0 -3 -4 -4 1 2 0 -4 2 0 3 -2 0 0 -4 1 0 1 -2 0 -1 0 0 0 -2 0 0 6 0 0 -1 3 0 0 1 1 1 2 0 1 0 -2 0 0 0 0 0 -3 3 0 0 0 1 -1 -4 0 0 0 0 0 0 0 0 -1 -2 1 0 0 0 -3 -6 0 1 0 5 2 1 0 -2 2 2 0 1 0 -1 -1 0 -2 0 2 -3 0 2 2 -1 0 -4 0 0 0 0 0 1 0 -2 0 1
0 0 0 -2 -3 -4 0 2 2 1 0 0 -2 2 0 -3 0 0 2 0 -1 0 -4 0 1 1 0 -1 1 0 -2 2 2 0 1 2 0 0 1 2 -3 -1 -2 0 1 0 -2 3 0 -1 1 -1 -1 2 0 0 2 2 0 0 -4 0 -2 -1 0 0 0 -2 2 2 -1 -1 -2 0 0 0 1 -1 0 1 0 0 0 0 -2 0 0 2 -2 0 2 -1 -1 0 0 0 1 0 0 2 0 -1 1 0 0 0 2 0 0 2 0 4 0 -2 0 0 0 0 -1 0 0 0 0 2 0 0 0 0 0 0 0 0 0 20 -2 2 0 0 0 0 0 1 0 4 0 0 0 0 -2 0 -4 0 0 0 0 1 0 1 0 0 0 0 0 4 -2 0 0 0 0 1 0 0 0 -1 0 0 1 0 2 0 0 -1 0 0 0 -2 -1 0 0 -1 0 0 0 0 1 0 0 -1 0 0 -2 -2 1 1 0 0 0 0 0 0 0 2 0 2 0 2 1 -1 2 1 0 0 0 0 0 0 0 0 -1 0 -1 0 0 0 -2 4 0 0 0 2 -2 0 0 4 0 0 0 -3 0 0 0 0 0 -1 0 -1 -2 1 1 0 -1 -4 -2 0 0 -4 1 0 1 0 0 0 0 0 0 1 0 0 0 0 0 -1 -2 0 0 1 0 0 0 0 -2 -2 -1 0 0 0 -2 0 -1 0 0 0 0 0 2 1 0 0 0 -1
0 0 1 1 0 -1 -3 -3 2 0 0 -1 0 1 0 2 -2 0 -1 4 0 2 1 0 -4 2 -1 0 0 0 -2 4 4 -2 -2 0 -1 0 4 0 2 4 -4 -6 0 6 0 0 1 0 -3 0 1 -2 1 0 0 0 2 -4 1 0 -1 0 0 -8 -2 -2 0 0 6 -1 1 6 4 2 -3 0 0 0 -2 2 1 0 1 2 -2 0 0 0 -6 0 4 2 0 -3 -1 1 0 -2 0 0 2 0 0 -2 0 -2 0 -2 0 2 3 0 2 -1 0 1 -4 -1 0 0 0 0 2 0 3 0 -6 2 0 1 -3 -2 39 2 -2 2 -2 6 0 0 1 -8 -4 -6 0 0 -1 2 -2 -2 0 -7 -1 0 3 0 2 -1 0 1 -5 4 5 0 0 1 -4 0 0 -1 2 -1 2 0 0 0 -3 2 0 5 0 2 1 1 0 3 0 -4 0 4 -2 -4 -1 2 0 2 0 0 3 2 0 1 0 5 -2 1 -2 2 4 -1 0 0 0 1 0 -2 4 4 2 1 -2 2 -1 -1 0 1 0 0 -4 0 1 -1 -4 -2 2 -6 0 -1 8 2 -1 0 0 0 -1 0 0 -1 -2 -4 2 0 1 -2 -4 0 -3 0 -4 -4 0 0 0 -3 0 -2 0 0 0 2 4 0 -2 2 1 0 -1 0 -4 3 -2 -2 2 0 1 -2 0 0 -4 -2 2 0 2 0 1 1 -2 2 -1 1 0 0 0 2 -3 0 -4 2
6 0 -5 -1 0 -2 0 -1 0 -1 -1 -10 -3 -2 0 0 0 0 -5 4 0 0 0 -1 4 0 -1 2 6 0 0 8 0 1 0 2 2 4 0 0 -1 0 -1 2 -1 3 0 0 -4 0 4 0 0 2 0 -2 2 0 2 -4 -1 6 2 0 1 0 0 0 1 0 0 3 0 0 0 0 0 6 -1 0 -2 0 -1 0 0 0 4 0 0 0 2 4 -6 1 0 -2 0 0 -2 -4 0 0 0 6 0 0 4 0 4 -4 0 0 -3 0 -1 -3 0 -5 2 0 0 -5 -2 0 8 2 -1 0 -2 -2 2 0 -2 2 2 45 -4 4 0 4 0 0 0 2 -4 0 -2 3 -1 -3 -2 3 -2 -8 -2 0 0 0 -1 1 0 0 2 2 -1 -6 -1 0 0 0 0 -1 0 -2 0 0 -2 2 0 4 -2 0 -4 0 1 -4 -1 2 0 2 0 0 -2 4 1 0 0 0 0 3 0 -6 2 0 0 -1 -7 -1 4 -2 0 -3 0 2 0 -1 3 0 -6 -3 0 0 8 0 0 0 2 0 0 4 -2 0 -1 2 -6 -2 0 4 -2 0 -2 0 0 0 2 -5 -1 0 -2 0 0 0 2 0 -1 -3 0 0 -4 0 6 0 -1 -2 2 -1 1 0 4 -1 2 -6 -2 0 0 0 0 0 0 0 3 1 -3 1 0 2 -2 1 -4 -3 -3 0 0 -6 0 0 1 -2 0 5 -2 0 0 0 0 0 -4 6 0 -2
-2 1 -2 2 0 0 0 2 1 -1 0 -4 -2 4 -2 4 1 0 -4 0 1 3 -4 -6 -5 0 0 0 -4 -5 0 -2 -1 0 0 -6 0 0 -4 0 0 2 -1 0 -1 -4 0 -2 0 2 1 0 0 -2 4 -1 0 0 -1 4 0 0 0 6 1 0 -2 7 1 1 0 -3 1 -1 0 -3 -1 -4 -7 0 0 1 0 0 0 3 -5 0 2 2 4 0 -2 2 0 -4 0 2 2 0 2 3 4 -2 -6 1 0 -2 0 0 -2 1 -2 -1 -1 1 0 2 -2 0 -3 0 -1 1 -9 0 0 2 0 -4 -2 3 -6 0 -2 -4 45 5 0 -2 8 -2 0 -3 2 1 0 -4 0 0 0 0 -1 0 -1 -1 -1 -2 0 -1 0 1 -1 0 3 -3 0 0 -3 2 -2 -2 4 -2 -2 0 -3 -2 2 -1 4 4 1 -2 3 4 0 4 -1 0 -2 -4 8 1 -1 0 -1 3 4 2 -2 2 0 0 2 1 4 0 -2 1 4 -2 0 0 3 1 0 0 0 0 -1 0 -1 -3 -2 0 0 2 -2 0 -1 0 -2 -2 -5 1 -2 -6 1 2 -1 2 0 0 4 8 4 0 3 2 -1 2 6 -2 -2 -2 1 3 -4 0 0 2 0 1 2 0 1 1 -1 -1 -2 1 1 2 0 0 -2 0 6 4 -1 1 4 -3 0 0 -3 -2 1 0 2 -2 1 -2 2 -1 0 0 0 0 1 0 -3 1 0 2 -1 -3 0 0
-1 0 3 0 1 -3 1 -3 0 0 0 -1 3 3 0 6 -3 4 1 2 5 4 0 2 4 2 -1 0 -2 -6 4 -2 -6 2 2 -1 4 -2 -2 0 2 0 -6 2 -4 -4 4 -2 -4 0 -3 -2 5 -8 -2 -3 -1 0 0 2 -2 4 -7 0 3 1 2 2 -1 -5 0 -6 0 1 -3 1 6 1 -1 -2 0 0 3 1 -1 -2 0 -5 0 -1 0 0 -3 -3 2 -1 0 0 6 2 4 6 -2 3 4 -3 0 2 0 1 -2 -1 4 2 2 7 2 3 6 -1 1 1 -2 0 5 -1 2 3 0 -8 0 0 1 0 2 4 5 65 1 0 1 11 -2 2 4 1 0 -1 1 0 0 -2 1 0 1 0 -3 0 -1 -1 1 1 -3 -4 -3 -1 0 2 0 0 -6 -1 4 -4 2 -2 -2 -4 0 0 0 1 4 -1 0 1 -2 2 1 0 -4 -2 2 -2 2 0 -2 3 -2 -5 4 -3 4 0 -3 0 0 2 0 0 -3 0 2 1 0 0 0 -5 4 1 2 2 0 2 -2 0 0 -2 -1 0 0 0 1 2 0 2 0 0 4 5 5 2 2 0 8 -2 0 -2 2 -1 -1 2 5 -6 1 2 4 1 -2 -2 -2 4 2 1 8 3 -6 2 0 0 -1 8 2 -3 1 1 1 2 2 2 -1 -2 0 0 1 9 -2 0 -2 -2 0 1 -2 -1 0 1 -4 2 2 0 -3 5 0 -4 1 1 -4 -1 0 2
4 0 0 2 0 -2 0 0 0 -2 0 0 0 0 -2 -2 0 -1 0 -1 1 0 0 -3 0 -2 -1 0 -1 0 0 0 -2 4 -1 -1 2 0 0 0 0 1 0 0 1 0 -1 0 -2 1 0 0 0 -2 -1 -2 0 0 1 4 1 -1 -2 0 1 -3 5 0 2 -2 0 0 0 0 -3 -1 -1 2 0 -2 3 0 -2 2 -3 0 0 -2 4 1 0 -2 0 -1 0 0 0 2 0 -1 1 -2 0 -2 2 -2 2 0 0 0 2 -2 0 0 -4 0 2 -3 1 0 0 0 0 -1 2 -1 0 -2 0 0 1 0 0 0 -2 0 0 1 31 1 3 0 0 -2 -2 -1 2 0 1 0 -2 -2 0 -2 0 0 -1 0 0 -3 0 0 0 -2 -4 0 4 1 -1 0 0 0 1 1 2 0 0 3 0 -2 0 0 1 0 0 -4 -4 -1 -2 2 1 0 4 -4 0 5 0 -1 0 0 3 -1 -4 4 0 1 0 0 0 -2 1 0 1 -2 0 0 -2 -4 2 0 2 -1 0 2 3 0 0 -3 0 0 3 2 0 4 2 0 0 1 -1 0 2 1 2 0 0 0 -1 0 0 2 0 2 -2 -2 0 -2 2 2 -2 1 0 1 0 -4 2 4 0 -2 0 -4 0 0 0 -1 2 0 2 2 0 4 1 4 0 2 0 0 0 0 3 4 0 0 0 0 -1 0 1 0 1 -2 -1 -1 0 -6 0 0 0 -2 2 0
2 0 -4 1 0 -1 -4 -2 -4 0 0 -2 0 -1 0 0 -7 2 -1 0 0 0 0 1 0 -1 0 0 -1 0 -2 5 0 0 2 0 0 0 4 0 0 0 0 -6 0 2 1 -2 0 3 0 0 4 0 0 0 -1 0 4 -2 2 6 2 0 2 0 0 0 1 0 2 0 -1 4 0 0 -4 0 0 2 -2 0 -2 -6 -2 0 -2 0 0 -2 2 2 -5 2 1 -3 1 -1 -1 -3 0 0 -4 0 0 0 0 0 0 -2 0 0 -2 1 0 -2 1 0 1 -1 0 0 -4 3 2 0 0 0 0 0 0 1 0 0 6 4 -2 0 1 28 1 -4 1 0 0 -6 0 2 0 0 -3 0 0 -2 1 0 4 1 0 0 0 0 -4 5 0 -4 -1 0 -5 0 0 2 0 -1 0 0 0 -2 4 0 -2 0 0 0 2 1 2 0 -2 0 -2 0 -2 0 -4 0 1 0 0 -2 0 0 2 -1 0 0 1 0 0 2 1 0 1 -1 0 0 0 0 2 2 3 0 7 0 0 0 0 0 0 -4 0 0 0 2 0 0 0 0 0 -2 0 2 0 0 0 1 0 0 0 0 1 0 -5 -1 1 0 0 0 2 0 1 1 0 -3 2 -4 0 0 1 5 0 0 -1 1 0 4 1 0 1 0 2 4 2 0 2 2 0 0 -3 -6 0 0 2 -1 0 0 0 -4 0 5 -3 -1 0 0 2 8 -1 -4 4 0
1 0 0 0 -4 0 2 0 2 2 0 -4 0 -1 -2 6 0 0 2 -4 0 0 0 3 4 0 -2 -2 -1 0 0 -2 0 0 2 2 1 0 -6 0 0 0 0 2 0 0 2 -4 -3 5 -1 0 -3 -8 0 4 0 0 1 0 2 0 0 4 0 0 0 0 1 0 -3 0 0 0 0 0 2 0 -2 0 -1 2 6 -2 0 0 1 0 4 0 0 2 0 1 4 -6 0 2 1 -1 -2 -4 0 0 -4 -2 -1 0 -1 -4 0 1 0 -2 -4 -2 -2 4 0 4 -2 -2 -1 0 2 -2 0 2 0 2 1 0 -2 0 0 0 8 1 3 1 43 -2 4 -12 4 -1 0 2 0 0 0 -4 0 0 -1 0 1 2 -2 -2 0 4 0 2 -1 1 1 -5 2 0 0 0 0 0 -1 0 -1 -8 0 4 -2 -2 0 5 0 2 2 2 0 -2 -2 0 4 4 0 3 5 4 -1 2 0 0 -1 2 1 -2 -1 2 1 0 4 0 0 3 0 0 0 0 -4 -3 1 -4 2 -1 2 4 0 0 -2 -2 0 -2 -4 2 -4 2 4 0 -1 -1 0 1 -1 0 4 2 -4 0 0 -2 0 -4 4 1 0 4 0 1 -2 4 -4 -1 4 -4 0 0 0 2 0 1 0 0 4 -4 0 4 -2 0 -4 5 1 4 2 -2 0 -2 2 0 0 4 4 -2 -1 -1 0 4 0 0 0 -2 0 0 -4 -2 2 -2 -2 0 0 0
0 1 -4 1 -6 -2 2 0 2 3 -4 0 0 4 0 -2 2 0 4 0 2 0 0 0 0 -2 0 -1 1 -4 -4 -2 -4 0 0 0 4 -2 2 0 -4 0 -2 2 -3 0 -2 2 -2 -2 -2 0 0 0 0 0 4 0 -4 1 0 1 -2 0 0 0 0 0 -1 0 0 -2 0 -1 0 1 6 -2 1 0 2 3 4 4 0 1 1 -3 0 0 0 -2 0 -2 1 -2 4 0 -5 2 -1 1 0 0 0 0 -2 0 0 0 0 0 -1 1 0 4 0 1 0 -2 0 0 0 0 2 0 -2 2 0 -4 0 0 0 1 0 0 -2 11 0 -4 -2 36 0 0 -2 0 1 -2 -1 -4 0 1 4 1 0 3 -4 4 0 0 0 0 0 0 0 2 0 3 1 1 -4 2 0 0 2 0 -1 -1 -2 0 0 -1 0 0 0 -1 -3 0 -1 1 1 0 0 0 4 0 -2 -1 -1 5 4 0 -1 2 -4 1 0 2 0 -2 2 0 0 2 -2 -1 -4 0 6 -1 0 1 0 0 0 0 -1 0 0 -1 0 4 1 0 0 -1 0 1 1 -1 0 1 0 0 -6 0 2 -2 -3 2 -4 0 5 4 0 -1 0 0 0 0 1 0 2 -1 -3 -2 -2 2 0 -4 2 0 0 -4 0 0 0 0 6 1 0 -1 -1 0 0 2 0 0 -4 -2 -2 1 -2 3 0 2 2 3 0 0 1 0 0 0 4 8 1 6 -4 -4
0 0 2 0 0 0 2 -2 9 0 0 1 0 0 -1 -1 2 0 1 0 0 0 1 3 0 0 0 0 1 0 0 0 0 0 0 2 0 0 1 0 -8 0 0 -1 0 0 0 0 -2 2 -4 -2 2 -2 2 0 0 0 -3 0 2 -1 0 -8 4 -3 1 2 4 2 0 0 3 2 0 -2 0 0 -4 -2 0 -2 3 -5 0 0 0 -2 1 2 1 0 -1 0 -1 1 -2 -6 -1 1 -2 1 -1 5 0 0 -2 -4 3 6 -2 0 -4 1 1 -2 -5 -1 -2 2 -1 -3 0 0 -1 0 3 -4 1 0 -1 0 6 0 1 0 0 -2 0 1 4 0 42 0 -4 0 0 0 0 12 -1 -2 -6 -4 0 0 0 0 -1 -1 -4 3 -2 1 2 -1 0 -1 0 0 2 0 0 0 0 0 -4 0 -1 0 0 -3 0 -2 -3 0 3 -6 -2 -4 0 6 1 2 0 -2 2 2 0 0 0 2 2 -1 0 -1 0 0 0 0 0 0 0 0 -4 -2 -4 -1 0 -2 -1 0 0 -4 -4 1 0 6 2 0 2 0 0 0 2 -2 -4 3 2 0 0 0 0 -1 0 1 -4 -1 0 -2 1 0 0 -1 0 2 0 1 0 2 1 0 2 0 0 -2 0 -1 -1 0 0 -3 1 4 -2 -2 1 8 -1 0 -1 2 0 0 0 -4 0 0 2 -2 0 0 0 0 0 0 -4 0 0 -2 2 0 -1 0 0 0 -1 0 0 9
2 0 5 0 0 0 2 3 1 -1 -2 3 -2 -1 -1 -1 2 1 -4 1 0 -1 -2 -4 -7 1 1 8 -1 -3 0 2 0 4 0 2 1 3 3 1 -2 0 0 -1 0 0 2 0 5 -4 3 0 -2 0 -4 0 0 1 0 -1 -4 2 0 -7 -4 4 -2 0 -1 2 -3 -3 -1 0 0 2 1 0 -1 0 3 -1 0 0 -1 -2 0 0 -4 0 1 2 0 0 -1 4 1 -1 -2 0 -1 0 3 1 10 2 -2 2 2 2 6 -2 -5 5 4 1 0 -1 -8 1 0 0 6 4 -2 0 2 0 1 1 -1 0 -2 4 -8 2 -3 2 -2 0 -12 0 0 51 0 2 0 0 -3 0 0 4 0 2 0 -2 -1 3 1 2 0 -2 0 3 -5 3 2 5 0 0 2 0 -2 -4 0 0 -2 4 3 -2 0 0 2 -3 -4 0 2 -2 0 -2 2 0 3 4 2 -7 -4 1 -1 -7 5 0 2 0 0 1 2 0 -2 -3 1 -1 3 -2 0 1 0 -1 -2 2 -4 3 -5 2 -6 -1 -2 -1 2 -5 -1 0 1 -2 2 1 -2 2 0 2 -2 -1 0 -6 1 -2 -1 0 -4 2 -1 -6 -2 1 0 0 0 0 -2 -4 3 -1 0 4 0 0 0 1 2 -2 0 -4 -2 2 8 0 -4 0 -2 -4 2 -3 1 2 0 2 -1 0 2 -6 2 1 2 0 0 -1 0 0 5 2 2 2 1 1 -5 2 -2 2 0 3
-1 0 0 -2 0 -2 0 2 0 0 -4 0 0 2 0 4 3 0 3 1 -2 0 0 -4 0 0 1 -3 -4 0 0 -6 0 0 -1 -8 1 2 -4 0 0 0 2 1 0 -3 0 -4 2 0 2 1 0 -3 0 0 0 0 0 4 0 -1 0 2 0 6 0 0 0 -1 1 0 0 -4 0 2 -2 -2 -2 -2 0 2 0 0 2 -4 0 0 -4 2 -2 0 0 -6 -1 -3 0 4 -2 2 -2 0 0 -4 0 5 0 -1 2 0 -2 1 0 3 -8 0 0 2 0 0 -5 0 0 0 0 0 -2 8 4 0 0 0 0 0 -4 -4 2 4 -2 0 4 -2 -4 0 38 0 -1 0 0 0 4 0 6 6 1 0 2 0 2 2 0 0 0 -1 3 6 0 0 -2 0 0 0 1 -6 -4 0 -1 0 1 -2 0 0 -4 -1 0 6 0 2 6 4 0 -1 0 0 0 0 -2 2 -4 -4 0 -2 2 0 0 -1 2 -2 0 2 2 0 0 -6 0 2 4 4 0 -2 4 7 0 0 0 0 -1 0 0 2 0 0 -1 -1 -2 -3 4 -1 1 1 2 -1 0 1 4 -3 0 0 1 2 -4 1 -1 0 -2 0 2 0 -2 0 0 -2 0 2 0 1 0 4 0 0 0 3 0 0 0 0 0 2 -2 -3 0 -2 2 0 0 -2 0 0 -4 0 4 0 0 2 0 -1 0 0 2 2 0 0 0 0 0 2 4 1 0 0
-6 0 2 -2 0 0 4 4 1 0 0 0 0 1 -2 -2 0 1 0 1 0 -2 -2 0 4 2 -1 6 2 -2 4 1 1 0 -2 -2 4 0 -4 0 0 0 0 4 0 -5 0 -2 0 0 0 0 1 2 2 0 0 0 -2 -4 -2 -2 0 0 -4 0 0 -2 -2 3 -2 -2 0 -4 0 0 4 -2 0 2 0 -2 0 0 0 4 2 -2 2 -1 -1 0 0 -1 -2 3 0 0 1 0 -1 2 -2 0 0 2 0 1 0 5 4 0 0 0 -5 0 2 0 -6 0 0 -1 -2 -1 0 0 0 0 0 2 0 -1 0 0 -6 0 1 1 -1 -6 -1 0 0 2 0 21 -1 0 -1 0 0 2 0 0 -2 1 -4 0 0 0 0 -2 4 -5 0 -1 0 0 4 -2 -1 0 0 0 3 0 1 0 0 -1 2 -4 0 -1 -3 0 -5 0 0 -1 1 0 -2 0 0 0 -4 -1 0 4 0 0 2 -2 0 -1 0 4 1 -2 1 -1 2 0 0 2 0 0 0 0 -2 2 -2 0 -1 0 0 0 0 0 -1 0 2 0 -3 0 0 -2 1 0 0 -6 0 -1 -2 -2 -1 0 2 0 0 0 -1 1 1 0 0 2 3 -1 2 0 0 0 0 1 -1 0 0 0 0 0 0 0 1 0 -2 2 0 1 -1 -4 -2 0 -2 0 0 0 0 0 0 -5 0 0 0 -2 -2 0 0 0 1 0 0 0 0 -4 -2 0 0 0
-2 2 8 2 0 0 0 0 -2 0 2 0 0 -4 2 0 0 0 0 0 0 -6 4 -2 4 0 0 5 0 2 0 -3 0 2 0 1 2 0 0 -2 0 1 0 0 -2 0 0 0 0 0 0 -1 0 0 0 4 0 0 0 0 0 0 0 0 0 0 -4 2 0 1 -9 0 2 -2 -6 4 -1 -4 -4 0 -7 -2 0 0 -2 2 0 0 0 0 4 -4 1 -2 1 1 0 2 0 6 -6 -2 0 4 0 -2 2 0 0 4 4 0 0 0 0 0 0 0 0 0 0 0 5 0 0 0 0 0 0 0 0 -2 0 0 0 -2 0 0 2 0 0 1 0 0 -1 -1 30 0 -4 0 0 1 -2 9 -4 -1 1 -2 2 0 0 0 1 2 -1 -2 7 0 -4 1 0 0 0 -4 -4 0 0 0 -4 -4 4 -4 0 -3 -2 2 2 0 2 -4 0 0 0 4 0 0 2 -2 2 0 0 2 -2 2 4 1 0 0 0 4 2 0 -1 2 0 -4 0 0 -2 0 0 -1 -2 -2 2 0 0 2 -2 4 0 0 -1 1 1 0 0 2 2 0 0 -2 0 3 2 0 2 0 1 0 0 0 0 0 1 1 2 0 -2 0 0 0 0 -1 0 -1 2 -6 0 0 -2 4 0 1 -2 0 4 0 0 3 0 -2 0 0 0 0 -4 1 0 0 2 -1 0 -2 0 0 2 1 0 0 2 0 0 0 0 0 2 0 0 0
0 0 0 0 0 0 0 -2 0 0 4 0 0 -1 1 0 -4 2 0 2 0 0 0 0 1 1 -2 0 1 0 -5 2 0 -2 -1 0 0 -1 -2 0 1 0 -1 -1 1 0 0 -5 0 -2 0 2 0 2 0 0 2 2 2 -2 2 0 -2 0 0 -4 0 4 0 0 -4 2 0 0 0 4 2 -2 -1 8 0 1 0 0 0 0 0 -1 0 -6 0 -2 -2 0 1 0 -4 2 1 0 3 -4 0 0 0 0 0 1 -2 0 0 -2 0 -1 0 -2 -2 1 4 -2 0 -1 0 0 3 0 -4 0 0 0 0 0 -1 0 0 3 -4 -1 0 2 2 -2 0 0 0 0 0 33 0 2 -2 1 -7 -3 2 -3 0 0 0 -4 2 -4 0 3 -2 -6 1 1 -1 0 0 3 0 2 -2 -2 0 0 0 6 -4 1 0 -1 0 0 -1 -2 1 0 1 0 4 0 0 0 0 1 0 0 0 0 -4 1 1 4 0 0 3 2 2 0 0 0 0 1 -3 0 -1 5 0 2 0 0 0 0 -1 -2 4 -4 0 0 -1 0 -1 5 -1 1 -1 0 0 -1 -2 0 0 -1 2 0 0 2 2 0 -4 4 2 3 4 -2 -2 2 -4 -2 0 2 -3 0 0 0 0 0 0 2 -5 -4 1 1 2 1 -2 5 0 2 2 0 0 1 -2 0 0 -1 6 -2 -2 0 0 -4 0 0 0 -2 -2 2 0 0 -1 0 -2 -2 4 0
1 0 0 1 0 0 0 -1 0 -1 0 2 0 -1 0 0 -1 0 0 0 0 0 -4 0 0 0 0 0 0 0 0 -1 0 1 0 -4 0 0 0 0 4 0 0 -2 -1 0 0 0 0 2 2 0 2 -2 -1 0 0 0 0 4 1 0 -2 0 0 4 0 0 2 0 -1 0 -1 0 0 -5 2 4 0 0 0 1 1 -2 0 -2 -1 2 0 0 0 6 0 0 0 0 0 1 2 0 -2 -1 2 0 0 -2 -1 0 0 0 0 -1 3 0 0 1 0 0 1 0 0 0 -2 0 -1 0 0 0 0 0 0 0 0 -2 -1 -1 0 1 1 0 0 -1 0 -3 0 -1 -4 0 16 1 0 0 -2 0 0 -1 0 0 0 0 -2 0 0 -2 -1 0 -1 0 4 0 2 0 0 9 0 0 2 0 1 0 -4 -1 0 0 0 3 1 2 0 1 0 1 -2 0 0 0 2 3 1 -5 0 0 -5 -1 0 3 -1 -2 0 0 0 1 0 2 0 -1 0 -1 0 -2 0 -2 0 2 0 0 0 2 2 0 0 0 0 0 2 -2 -1 2 0 2 -2 0 0 0 0 0 0 0 1 -2 1 0 0 -1 0 0 0 0 0 1 2 0 0 -1 0 0 1 4 0 -1 0 0 0 1 0 0 0 0 2 1 0 0 1 0 1 -1 0 0 -2 -2 0 3 0 -1 0 0 0 0 0 0 -3 0 0 -2 1 0 -2 -2 0 -5
-2 2 7 -4 0 1 0 2 4 1 1 2 -1 4 0 0 2 6 0 1 0 1 1 0 0 2 0 0 0 0 4 0 0 0 0 0 0 0 0 0 -4 1 -2 0 3 2 1 0 2 0 2 0 1 -2 -1 0 -4 1 -3 0 0 0 0 -4 0 0 2 4 2 2 4 0 0 0 0 -1 -2 0 0 -2 -2 0 0 -2 0 0 0 0 0 0 0 -1 0 0 -1 0 -3 -4 0 -2 4 0 0 -3 0 0 -5 0 -1 1 0 0 -2 0 0 0 1 1 2 0 0 2 2 0 2 5 2 1 0 -3 0 0 3 0 2 -3 0 0 0 0 0 -4 12 0 0 0 0 2 1 31 0 0 -6 -2 3 1 0 -6 0 -2 1 2 0 0 -3 0 6 2 0 0 0 0 0 0 0 0 -2 0 0 1 -1 2 4 1 -1 2 1 -1 2 -12 2 6 0 -1 0 0 -4 1 0 0 0 0 0 -1 0 3 2 0 0 2 0 -1 0 0 -2 1 1 -2 0 0 0 -2 0 0 -5 1 0 2 0 0 0 -2 0 0 0 4 2 0 3 0 0 -1 0 0 1 0 -1 -1 1 0 4 0 0 0 0 -4 0 4 0 0 1 0 0 2 -2 0 1 -5 0 0 -1 1 0 0 -2 0 0 -1 0 0 2 1 0 0 -1 0 0 1 2 0 -1 2 -1 2 0 0 -2 1 0 -2 0 0 -1 0 -2 4 -1 0 3 4
0 0 0 0 2 0 -2 0 4 -4 0 0 4 2 2 7 4 0 1 0 -4 2 2 2 -3 0 2 0 -2 1 2 -2 -2 -2 0 -4 0 -6 0 0 0 0 2 2 0 4 4 2 2 -4 -1 0 -1 -2 -4 -4 3 0 4 -2 -4 1 2 1 0 4 1 0 -2 0 0 3 1 -4 0 0 0 0 -4 -1 6 6 0 -2 4 0 0 -1 0 0 0 -2 0 2 0 -1 -1 2 0 2 0 1 -2 0 0 0 -4 0 -6 -4 0 2 0 -3 0 0 -4 2 0 2 0 2 -2 -4 0 2 -2 0 0 -2 -1 1 -2 -4 -2 -2 0 0 -2 -3 0 0 -1 0 4 0 0 -2 0 0 48 -2 -1 -2 1 0 0 4 0 0 0 0 0 0 1 0 -2 2 0 4 0 1 -6 1 -4 -8 0 0 1 -8 -2 0 0 -2 2 -2 1 2 2 2 0 2 2 0 1 2 0 2 0 0 0 2 0 0 3 4 -1 2 2 0 -2 -2 0 -4 0 0 0 0 0 0 -1 4 -4 5 2 1 0 -1 0 0 0 -2 0 1 0 0 0 0 9 3 4 0 0 -4 0 0 -6 -3 0 0 -1 0 1 1 -1 -1 0 3 -1 2 0 2 0 0 -4 -1 0 2 -1 2 2 -2 3 0 0 -2 0 2 3 2 0 2 1 6 0 0 0 8 0 0 0 0 -2 0 0 -2 4 3 0 0 3 2 -2 0 0 0 0 0 0 0
-2 0 1 -1 -2 3 -6 0 -2 0 0 0 -4 -1 -4 0 -4 -3 -2 0 -2 -2 0 -2 -3 4 0 0 3 0 -4 0 -2 -2 -4 0 5 3 0 -4 0 0 4 0 -4 0 0 -4 0 -2 4 0 2 0 -2 0 0 1 0 0 -4 0 -2 0 4 -4 0 -4 0 4 -2 6 -2 1 0 0 2 0 0 2 -2 4 4 -2 0 8 0 0 -2 0 -4 -7 0 -6 -6 -2 0 -4 0 4 2 0 -3 0 0 0 1 0 2 2 2 0 -1 2 0 0 0 5 -4 0 0 -3 -2 0 2 3 -4 0 0 0 -4 0 0 0 -2 3 0 -2 -2 0 -4 1 -2 4 0 2 1 1 0 0 -2 50 -4 2 -5 -4 1 0 -2 -2 0 -6 2 0 -4 2 0 4 2 0 0 0 0 2 -4 1 -1 0 0 0 0 0 0 1 0 -1 -4 0 -1 2 7 0 1 -2 4 0 -4 0 3 -2 2 0 2 -4 0 2 0 -2 0 0 -4 -2 0 0 0 0 4 4 -6 5 -2 1 -6 2 -2 2 0 0 -2 0 0 0 0 0 -2 -4 0 2 0 0 -2 1 0 -4 0 -2 4 -4 -2 4 0 -2 -2 -3 -2 4 0 0 0 -4 -2 0 2 -4 0 0 0 0 2 0 -4 -4 -1 2 0 3 0 0 -2 0 0 -3 0 3 0 0 1 0 -1 -2 0 0 4 0 0 -2 3 0 0 0 0 0 0 0 0 2 -6 0 0 -2
0 4 0 -4 -2 0 3 1 0 0 0 2 0 0 -2 2 2 -4 2 -2 0 -4 0 0 1 -2 2 -6 1 0 1 0 1 1 0 0 0 4 0 0 0 0 0 0 -2 0 0 0 0 0 0 2 0 0 -2 1 7 -2 0 0 4 4 0 0 0 1 0 -2 -4 -6 2 -1 0 0 0 1 0 0 4 -4 1 4 0 5 0 -1 1 -2 6 4 0 0 1 6 0 -2 4 0 1 0 -2 0 2 -2 2 2 2 0 4 0 -1 1 -2 3 0 1 0 0 0 -1 -1 0 1 4 0 0 0 2 0 0 0 0 0 0 0 -2 -1 1 0 0 0 4 -6 0 6 0 -2 -7 -2 -6 -1 -4 31 -1 2 4 0 4 0 4 0 0 1 -2 1 6 -2 -2 0 0 0 -1 0 -3 0 -2 0 -2 0 0 0 4 0 2 0 2 -3 4 -1 0 0 -3 0 0 0 0 -2 -2 1 0 0 -2 6 0 1 0 0 -1 2 0 -2 0 0 -4 0 0 -2 0 1 -6 0 2 0 0 2 0 0 -4 0 4 0 0 2 -3 -1 -6 2 -2 -3 2 1 0 0 2 0 0 0 0 -2 0 -3 0 -2 0 -3 0 -1 0 0 0 -2 0 0 0 0 1 0 0 0 2 0 -1 0 0 0 0 0 0 -2 -6 1 -2 -1 -1 2 1 -2 -2 1 4 0 0 0 0 0 2 0 0 0 -1 -2 0 0 0 2 0 1 2 0 0
-4 0 6 0 2 2 2 2 0 -1 1 2 1 -5 2 -1 -2 0 2 -4 0 1 0 0 2 0 1 6 -1 0 0 -3 -2 2 0 3 0 1 -1 -1 2 0 2 2 -2 0 0 6 0 0 2 -6 -1 -5 -2 0 0 -2 5 7 -1 1 0 1 0 4 -4 0 -2 0 -5 0 0 1 0 0 0 5 1 2 -7 -1 0 1 1 -1 1 0 -5 -2 0 0 0 -4 2 2 -3 4 -4 4 -4 0 2 4 1 0 0 2 0 -4 0 0 2 -2 6 0 0 -4 3 0 0 2 2 -4 7 1 1 2 4 0 1 0 3 0 -7 -8 0 0 -2 -2 0 1 -4 2 6 0 9 -3 0 -2 -2 2 -1 54 -3 0 1 0 2 0 0 -2 1 -2 1 0 4 0 3 -2 0 0 0 -2 0 -1 1 -1 0 -3 -2 1 0 0 0 4 1 -1 2 -6 2 1 4 0 -1 -2 -3 0 1 -7 -8 1 0 0 -2 4 2 -4 6 4 1 0 0 3 1 2 0 3 1 0 -1 0 0 0 2 0 0 0 -4 -2 4 -1 0 -1 1 0 0 -1 1 0 3 2 -1 0 2 -1 2 0 -2 0 0 0 1 -2 -2 -4 4 0 6 0 0 4 0 0 0 0 6 6 0 0 0 0 0 1 0 0 1 -2 2 0 0 -5 -1 3 0 -1 0 0 -7 -4 2 2 2 -4 0 4 0 -2 0 -6 0 -1 1 -2 0 0 5 4 -4 -2
0 -2 2 0 0 2 -3 0 4 0 -2 3 2 4 2 1 3 4 1 0 0 -2 -2 2 4 0 0 7 0 0 -2 -4 2 0 0 0 8 -2 2 0 0 0 -4 -1 7 4 -4 -1 -1 0 0 0 1 -2 0 0 2 0 -2 -2 0 -3 -1 0 0 0 4 0 -2 0 4 2 2 2 0 1 0 0 0 1 2 1 0 1 0 -2 -1 -2 2 -1 0 -1 0 2 0 -2 -3 1 0 -4 0 1 0 -4 -1 0 0 6 0 2 0 -5 -2 0 0 4 -4 -5 4 0 0 2 2 -5 0 3 -2 1 0 0 0 0 0 0 -1 -2 -1 1 0 1 -1 0 0 0 1 -2 -4 2 0 3 1 -5 2 -3 45 7 0 0 0 0 2 0 -2 2 2 -4 4 0 -3 0 -2 3 1 0 0 -1 1 0 0 1 0 6 -2 2 3 0 0 -1 0 0 1 0 0 -3 0 -4 0 1 1 4 0 1 -1 -1 -1 2 -2 3 2 1 0 0 0 3 4 4 -4 0 0 0 2 0 5 0 0 4 -5 -1 1 0 0 2 2 0 2 4 6 2 7 -1 4 0 1 -2 2 0 2 2 1 3 4 1 -2 0 0 -1 0 2 0 0 -2 3 -2 5 0 0 -2 0 -4 0 0 0 -2 -1 2 -2 1 1 0 0 1 4 1 -2 1 0 1 8 -5 4 0 1 -2 0 -2 -1 0 0 2 0 0 -3 4 0 0 2 -1 0 4 0
0 0 0 0 0 2 0 1 0 0 -1 0 2 0 0 0 1 2 4 0 0 -4 2 1 0 0 0 -7 0 0 0 1 1 -2 1 0 6 -3 0 0 -1 0 -5 2 2 0 4 2 1 -2 -1 0 0 2 -4 1 -1 -1 -2 0 0 0 2 0 0 0 -1 -2 0 2 -1 0 2 -1 1 -1 0 0 2 -1 0 -1 0 0 0 0 0 0 4 0 0 -3 1 0 -3 2 2 0 5 0 -4 1 -1 0 0 2 -2 2 -1 -2 0 -3 -2 1 0 4 -4 -8 -1 0 2 0 -2 0 1 1 0 -2 0 -2 0 0 2 1 0 0 -1 0 0 0 0 3 0 -2 0 1 -1 -3 -1 1 0 -4 4 0 7 36 0 0 -1 0 2 -3 0 -3 1 1 1 0 0 2 -2 2 0 0 0 -2 -2 0 0 0 0 -2 0 0 1 0 0 0 1 -2 0 1 0 -4 -1 -4 0 -2 -3 5 3 2 3 0 1 2 -2 -2 0 -4 1 0 1 0 0 4 -4 0 0 0 -1 0 2 0 -8 3 2 0 0 0 0 -1 2 -1 1 3 5 -2 0 -3 2 0 0 2 -3 5 -6 3 -2 2 0 0 3 -1 0 0 1 0 0 0 2 0 0 1 2 0 1 1 0 0 1 0 0 -2 0 -2 -2 0 -2 3 0 0 -1 2 0 0 0 0 -2 2 -1 2 1 1 0 2 2 -2 0 0 -3 4 -2 0 0 0 0 4 2 1
0 0 -6 0 2 0 1 0 0 0 -2 -1 1 -3 -1 0 -4 3 -3 1 -5 2 0 -3 1 -2 1 -4 0 2 2 3 2 0 -2 4 -4 1 1 -1 0 0 -1 -6 0 2 0 0 -1 3 0 0 0 0 2 0 1 0 1 0 2 4 2 0 -1 0 0 -3 0 2 2 2 0 3 0 0 0 0 0 0 -1 2 2 1 -2 1 -1 0 0 -2 -4 -4 2 -2 0 1 0 0 -2 -4 -3 0 -4 -1 0 1 1 0 1 0 0 -1 0 1 -2 0 0 0 4 0 0 2 0 0 1 1 1 0 -2 -4 -3 -1 -1 0 3 0 -1 -3 -1 4 1 -4 0 -1 2 -4 1 0 0 0 0 1 0 1 0 0 28 4 1 0 0 -2 -2 0 0 1 -2 -6 0 2 -2 -2 0 -2 -1 0 0 0 1 0 2 -4 -2 0 0 8 0 2 0 -1 0 1 0 -2 0 -1 3 0 -2 0 -2 0 2 0 0 0 0 -3 4 0 1 1 0 0 0 0 2 -3 0 0 0 3 -4 1 -4 0 0 0 1 -2 0 -5 -2 0 0 0 0 -1 0 0 0 2 -2 2 0 4 -1 1 1 -2 0 -2 0 -1 -1 1 -1 0 2 0 0 1 -1 -3 0 -5 0 0 0 0 -3 0 0 2 2 0 0 0 0 0 0 -2 -1 0 0 2 0 2 -2 0 0 6 0 0 0 0 0 -4 0 0 0 0 1 0 0 -1 2 0 0 0
0 0 -2 2 0 4 0 0 0 0 0 0 -4 4 2 -1 0 -4 0 0 -8 2 0 2 0 -2 0 -2 1 -4 0 -4 0 -2 1 4 0 -2 -1 2 0 0 3 -2 -2 0 0 -2 0 0 1 0 0 0 -2 0 4 1 0 0 -5 0 -2 0 0 2 0 0 0 0 0 0 0 0 0 0 4 0 -1 0 2 0 1 2 0 0 2 0 0 4 2 0 0 0 -1 0 2 0 -1 0 -2 0 -2 0 0 1 -4 0 0 -2 0 0 0 0 -1 0 1 0 2 -1 -2 0 0 2 2 0 0 0 0 0 0 0 0 1 0 0 -2 0 0 1 2 4 0 3 0 0 -2 0 0 -6 4 0 4 0 0 0 4 27 0 2 0 0 -2 1 0 0 -2 -7 0 0 -1 -2 0 1 0 0 0 0 2 0 -2 2 -1 0 1 0 1 0 -7 0 -2 -1 0 0 0 -3 3 -1 1 0 0 0 0 0 0 0 0 0 2 2 0 -2 -1 0 0 0 4 -4 0 0 1 1 0 0 0 0 0 -1 0 -3 0 -2 -2 0 0 -4 0 0 -1 0 0 1 0 0 0 4 -1 -1 0 0 -4 0 -1 0 1 0 0 -1 -2 0 0 2 0 -2 0 1 0 2 -2 0 0 -2 0 0 0 1 1 2 0 0 0 0 4 0 0 1 0 0 0 1 0 0 0 0 0 0 0 0 0 -1 0 0 1 -2 2 -2 0 0 2 -1
0 0 3 -2 0 0 0 0 0 -4 -3 -1 0 1 2 1 0 0 0 0 0 0 0 -2 0 0 0 0 -1 2 -2 -2 0 0 0 0 0 0 0 2 0 0 -2 0 -1 0 0 0 -1 0 1 0 -6 1 0 0 2 -2 -1 -4 -1 0 -1 0 -2 -2 0 -2 1 0 -2 1 -4 0 -1 0 0 0 -2 2 -1 -2 0 1 -1 0 0 0 1 0 4 -1 0 -2 0 0 0 0 0 0 1 2 0 0 0 2 0 0 0 2 0 0 2 1 0 0 0 0 0 0 1 3 2 0 0 -3 0 0 4 0 0 0 0 0 2 -1 0 -1 0 0 -2 0 -1 1 2 0 2 0 0 0 0 -2 0 2 0 -1 1 0 16 1 1 0 0 4 1 1 0 0 0 -4 -1 2 0 8 0 0 0 0 0 0 0 0 -2 -1 0 4 -3 5 0 -3 0 4 0 -1 0 0 0 0 -1 -3 0 1 2 0 2 0 1 0 1 2 4 0 0 0 0 1 1 0 0 0 1 0 0 0 2 -1 0 0 0 0 0 0 0 0 1 -1 -2 -2 0 0 0 0 -1 0 0 -2 3 2 0 1 0 5 -2 1 1 1 0 -1 0 0 0 -1 -2 0 -2 -2 1 -1 0 0 0 0 -4 -2 0 -2 0 0 -1 0 0 2 1 0 0 0 0 0 0 0 1 -1 0 0 0 -2 0 0 1 1 1 3 1 0 0 2 2 0 0 -2
0 0 -2 0 -4 -2 0 -2 0 0 0 0 2 3 -1 0 3 -2 -2 2 2 1 0 2 0 0 2 0 -2 -1 0 -1 0 5 0 3 -1 0 0 0 2 0 0 1 1 0 -4 4 0 -3 -1 0 1 3 -2 0 0 0 -1 0 -2 0 -6 0 0 4 0 0 0 -1 1 -2 0 1 -1 3 1 0 -1 -4 0 0 5 -1 1 -1 0 5 0 3 0 1 -2 1 0 -3 0 1 0 0 1 -2 0 0 0 2 0 0 5 2 0 2 -1 5 0 1 0 -2 0 0 -3 0 0 4 0 -2 0 2 2 0 0 -1 0 0 -1 1 -1 -1 -3 0 -2 0 -1 2 2 0 0 -4 0 -2 0 -2 4 0 0 0 0 2 1 42 -4 0 4 0 -3 4 0 0 0 0 -3 2 0 2 0 -2 0 2 0 0 2 -2 -2 -4 -2 0 0 1 1 -2 0 2 4 0 5 -2 0 -2 0 5 -1 0 1 0 0 1 1 11 -4 -1 0 0 0 0 -2 0 4 4 4 -4 0 6 0 -1 -1 -1 0 -1 0 4 0 0 0 -4 -1 -2 2 -1 2 2 1 0 2 0 -2 3 0 0 0 -2 0 2 -2 3 -5 0 2 4 0 0 0 0 -1 -1 0 1 0 2 3 -2 2 -7 -4 -4 4 2 -2 2 0 -4 -4 -4 0 -2 0 0 0 0 0 0 2 0 2 0 0 0 0 0 0 1 0 0 3 -1 -2 0 2 2 0 0
0 -2 -2 -4 0 0 0 4 0 0 0 2 0 2 0 0 1 0 2 0 4 0 0 0 0 0 -1 -4 2 0 -2 0 0 0 0 -2 2 4 0 2 0 0 0 4 2 0 1 0 0 -4 -4 0 0 -1 0 0 2 -4 0 2 0 -2 3 0 0 0 0 0 2 0 -2 0 0 -2 0 2 2 0 0 1 0 2 -4 0 0 0 2 -2 0 0 0 -5 0 2 0 0 -1 0 -1 -2 -2 0 1 -2 0 -4 0 0 -2 2 0 0 0 0 0 1 5 2 2 -2 0 4 2 -4 2 0 0 0 0 -1 0 0 3 0 0 0 0 1 0 0 0 0 -4 0 0 0 0 2 -2 1 0 0 0 0 2 2 0 0 1 -4 25 0 -4 0 3 -5 2 0 0 0 2 0 0 -2 0 0 -4 0 0 1 0 0 -2 0 1 0 4 -1 -4 0 0 4 0 0 0 0 0 0 -2 2 0 1 -3 0 0 2 0 -1 1 0 0 -1 0 0 4 0 0 -4 0 0 0 2 0 0 -1 -2 1 0 0 4 0 -2 0 1 0 2 0 -2 -2 -6 0 0 -3 0 -2 -4 0 2 -2 5 -1 -1 -2 0 0 -1 0 -1 0 0 -10 0 0 3 0 0 -5 0 1 0 0 -2 -2 -2 0 2 2 0 -4 0 -4 -2 -2 0 0 4 0 0 -1 0 0 0 2 2 -2 -2 0 -2 0 0 2 2 0 0 0 4 -1 -2 0 0
0 0 1 0 -2 1 -1 2 0 0 -1 0 0 1 4 0 0 0 2 0 1 0 1 -1 4 0 0 0 1 0 0 -2 -1 2 0 -2 0 0 0 0 1 0 0 0 -1 -2 0 0 -5 4 -4 0 0 0 0 0 0 0 -2 0 1 0 0 0 0 0 0 6 1 0 0 0 -2 -2 1 3 -6 0 0 0 0 1 0 0 0 -1 0 0 0 0 0 1 1 0 4 0 0 2 1 0 -2 1 4 0 0 -1 -2 0 2 1 0 0 0 -2 -2 0 0 0 0 0 1 0 5 0 2 0 1 0 0 0 0 -2 0 0 1 0 1 1 0 0 4 0 3 -2 0 -2 0 -4 0 2 0 -6 0 -2 0 -3 -2 0 0 0 0 24 2 2 2 0 0 -3 0 0 0 0 0 2 -2 3 0 1 0 0 0 0 0 0 -1 0 1 0 0 -4 -2 -2 -2 0 0 -1 4 1 -4 1 4 2 -1 -2 -2 -4 1 -2 -2 0 0 0 -3 0 0 -1 1 0 0 -5 0 0 8 -2 -2 0 0 0 0 0 0 1 0 1 -2 0 0 2 0 3 1 1 0 -2 4 0 -1 -1 0 -2 0 1 0 0 0 -1 -4 0 4 3 -4 2 0 0 0 0 0 -2 -1 0 5 0 2 -4 0 0 4 0 0 0 0 0 0 0 0 0 0 0 2 0 0 0 1 0 0 0 0 -2 0 0 -1 -1 0 0 0 -1 2 1 0 5
-2 0 0 0 -4 -5 0 -1 0 0 0 0 1 0 6 -2 -4 0 -2 -1 2 -2 0 0 -2 0 0 -1 3 1 -1 0 0 2 0 1 1 -2 -6 0 1 3 6 2 1 -1 0 0 0 0 -2 0 -2 0 1 1 0 4 0 3 2 0 1 2 1 2 -2 -2 0 -4 -2 2 0 -4 0 0 0 5 2 0 -2 -4 4 0 0 2 4 0 0 -4 0 1 3 0 0 6 0 -1 1 0 2 0 0 2 -1 0 0 0 -5 3 1 2 -2 -6 -6 0 0 -4 0 0 -1 1 3 0 1 0 -5 3 -1 0 -2 2 0 0 -5 2 -1 -3 0 -4 0 0 -2 0 0 4 1 0 0 0 0 2 1 1 -2 0 -2 -2 0 4 -4 2 35 0 -4 -2 2 0 4 0 -4 1 -4 0 -2 -1 0 0 0 0 0 -6 0 4 -4 -2 2 2 0 -3 1 1 -2 -2 0 0 -3 0 2 0 4 -2 0 0 2 2 -2 -4 -2 -2 1 2 5 0 0 -2 2 7 2 2 3 -1 0 -2 6 0 2 0 -4 0 0 0 2 0 0 0 0 1 0 0 0 0 2 0 2 4 2 0 0 0 1 -4 2 0 -1 2 2 -2 0 0 0 0 0 0 0 0 0 0 2 -3 0 -4 0 -4 0 0 -2 -1 -2 0 2 -4 -5 4 -2 0 0 0 2 -1 4 1 0 -1 5 0 0 -3 -1 1 -2 0 0 0 0 0 1 -2 -1 0
0 0 -2 -2 -2 0 0 0 0 0 -2 -2 0 -2 2 3 2 0 0 2 0 -4 0 -1 -6 0 2 5 -2 0 -4 -1 6 2 4 1 -4 0 0 1 -7 0 -4 4 0 4 4 -1 0 2 1 1 2 -1 2 0 0 1 4 -4 -2 -1 0 0 4 0 0 2 2 5 -4 0 -2 0 0 4 -5 4 0 0 0 6 -9 0 2 0 0 0 0 6 0 4 -3 2 -6 2 0 1 0 1 0 -4 2 0 0 0 -2 0 -1 -4 0 6 0 -3 8 -7 -4 4 -4 -1 -1 6 1 0 -1 0 0 0 4 4 2 2 0 4 4 2 0 -4 -2 5 2 0 1 3 -1 -5 2 3 -2 0 0 0 -2 -2 2 -3 0 1 4 0 0 2 0 47 -2 -4 0 -2 -2 -4 0 -2 0 6 -2 0 0 0 0 0 4 0 0 -1 0 -2 5 0 0 1 -4 -4 -2 -3 2 0 4 2 0 0 0 4 -2 0 -2 2 2 2 -1 0 4 0 1 4 0 0 0 3 0 0 2 -3 -2 2 0 1 2 0 2 -4 0 2 -3 5 1 0 -2 0 -1 2 2 0 0 -1 4 1 1 0 1 0 1 6 0 4 -2 -8 -4 0 0 0 -3 -2 0 -1 -6 -5 0 0 1 2 0 0 0 2 1 4 2 1 -2 1 0 -6 0 0 0 0 0 1 0 -2 0 0 0 -2 2 0 0 0 2 1 -2 0 0 1 -2 12 0 0 2 0
0 0 0 1 6 1 -2 3 0 1 -3 2 0 6 2 0 3 -4 1 0 1 1 0 1 0 -2 0 3 -5 -4 0 -1 -1 -2 -2 -1 -5 5 0 -4 4 0 2 0 -1 3 1 0 -2 0 0 0 0 -4 3 0 -1 -4 0 -1 3 -1 -2 0 0 1 0 0 0 0 -2 1 1 -4 4 0 -1 4 0 0 0 0 -9 2 0 -4 0 -2 0 1 0 1 -1 1 -2 2 4 -2 1 -1 0 0 0 2 0 4 4 -5 4 0 -1 4 -1 1 -2 0 0 4 1 1 -3 0 4 0 -1 1 0 -1 0 -6 0 1 -2 -2 5 -1 3 -3 -4 0 -1 0 2 -5 3 0 -1 -2 -1 -3 1 -4 1 1 2 1 0 0 1 -3 3 2 -4 -2 54 1 -6 1 0 0 9 2 5 2 -1 2 -1 -1 1 1 0 -1 -2 -4 1 5 0 0 0 0 -1 -1 0 -4 0 -2 -5 0 0 1 2 3 1 -4 -2 -1 -1 2 -2 4 -2 0 -2 -4 2 2 0 -2 -1 -1 1 4 0 -1 -1 1 -2 1 0 1 1 -2 1 -1 0 -1 1 0 -1 0 0 2 -1 3 4 -5 -1 2 1 2 4 2 0 -4 -1 0 1 0 0 2 -1 -1 3 1 -2 0 2 -2 -2 -2 2 0 1 9 -4 -2 6 1 -1 -3 1 -1 3 2 -2 5 2 2 0 0 -2 1 -5 0 1 0 -3 -4 -7 0 0 2 0 2 1 4 -2 6 2 -2
2 1 3 6 0 0 2 -6 0 -4 -4 8 2 0 -5 0 -1 -3 -2 -4 0 -2 -4 -3 -5 4 -2 4 -8 -3 0 -3 -2 0 -2 0 1 8 2 2 -1 0 2 2 -4 0 1 0 1 -1 1 4 -1 1 0 -5 3 -4 0 -4 -4 2 -2 0 0 5 0 4 -1 -1 7 2 1 -1 1 -4 2 0 -4 -5 0 0 2 2 1 -2 1 -2 -2 2 -3 0 6 -8 3 -2 2 -3 6 1 6 0 2 0 0 5 0 2 5 1 1 -2 2 2 1 -1 -2 -3 0 1 0 3 0 10 4 0 -2 0 0 3 3 0 8 0 0 -6 -3 -1 0 -4 1 2 -1 3 6 -1 -2 -6 0 0 0 2 6 0 -4 1 1 0 1 4 -5 0 -2 -4 1 66 3 1 0 0 -1 -2 -2 1 4 -2 0 0 -1 -1 -4 -2 -4 -4 2 3 -2 -1 1 1 -1 1 5 -1 4 1 5 -3 -1 2 1 4 5 2 1 -4 2 0 -2 0 -1 3 1 1 -4 -2 1 -8 1 -4 0 3 -9 -3 -2 0 2 1 -3 -3 1 1 0 -2 6 -6 0 -6 1 -2 0 2 0 -2 -4 2 1 0 1 0 2 0 -2 1 7 0 4 1 -1 0 2 -2 2 -3 0 2 0 0 3 0 0 0 -2 -2 2 0 -1 0 2 -3 -3 -4 4 2 0 -4 0 -4 2 0 -3 -3 -1 7 1 0 2 7 2 -3 0 0 -3 0 5 4 1 2 0 -5
-1 -2 0 1 -2 0 4 0 0 2 0 1 3 0 2 -3 -1 2 -1 2 -2 -4 -2 -5 0 -2 2 10 1 7 7 0 0 2 -1 3 -1 0 0 -2 0 2 -1 -1 2 -4 0 -1 2 -2 -2 0 3 0 -2 0 -3 0 -1 -2 1 -2 1 3 0 0 -2 -2 0 2 2 -2 -3 -1 -2 1 -1 6 2 0 -4 0 -4 0 0 -1 1 -3 0 -4 -1 -2 3 0 0 0 -3 4 1 0 -4 1 0 0 1 0 -4 7 -8 4 2 0 1 0 2 0 1 0 2 0 1 0 0 1 6 6 0 -1 0 2 5 2 0 0 0 -1 0 0 4 -1 1 0 0 2 0 0 7 1 -1 6 -2 0 -2 4 4 1 -2 -2 0 0 2 0 2 0 -6 3 45 0 0 0 2 2 0 0 0 -2 -2 5 -5 -1 -2 5 5 4 0 0 2 5 2 -2 1 2 -2 0 0 -1 0 0 -2 -1 -6 -1 -1 4 2 2 0 0 -2 -2 0 0 0 2 0 -4 2 0 -2 -2 0 0 3 0 2 0 6 1 1 -3 -2 1 1 0 0 2 0 0 8 -1 -2 0 4 0 3 -4 2 -2 -5 2 0 0 -1 1 -1 -2 5 0 4 0 2 0 0 1 0 -1 -5 0 0 -2 0 6 1 -3 2 1 0 -4 1 4 1 2 -3 3 0 -5 -2 0 -1 -3 -4 -2 2 -3 -2 0 0 -1 2 -1 -2 -1 -4 0 -2 -4 -3 2 -2 0
0 -2 3 0 -2 2 2 0 0 2 0 0 0 2 0 -3 0 -3 -3 0 4 1 1 1 -4 0 0 -1 -1 0 0 0 0 0 0 -4 0 2 1 1 0 0 0 2 -2 0 0 0 4 -3 0 0 0 0 -1 0 -3 -2 2 0 0 -2 0 0 0 1 0 2 0 2 0 -1 0 0 0 0 6 -2 0 0 2 2 2 -2 0 0 0 0 0 -8 -2 2 -2 -1 0 -1 0 -2 1 0 0 0 2 0 -1 0 2 0 0 3 0 0 0 2 1 0 -1 0 0 0 0 -2 0 0 -2 -2 -1 1 -1 -2 0 0 0 0 1 0 0 2 1 0 -5 3 -1 5 0 0 0 1 0 2 2 4 -2 0 0 0 -6 -7 0 0 0 -3 0 -2 1 1 0 22 0 0 4 0 0 2 -2 0 0 0 0 0 0 -1 0 -1 0 -2 -1 -2 0 -2 0 0 3 2 0 6 -5 1 -1 0 0 0 0 0 0 0 0 3 0 2 0 0 1 1 0 1 -5 6 -1 4 -2 0 -4 2 -2 0 0 0 0 -1 0 2 1 0 0 1 0 4 6 2 0 0 0 0 -2 -4 0 -2 0 4 0 0 0 0 0 0 1 0 -2 -4 0 -2 0 -2 -3 0 0 -2 1 -1 0 0 -2 0 3 2 0 0 2 1 -2 2 0 0 1 1 0 0 -1 -2 0 0 0 0 1 0 0 0 2 4 1 -2 -1 0 5 0 -2 0 0 0
0 0 0 0 0 1 4 0 4 0 0 0 0 0 -2 -4 -3 -2 0 0 -1 0 -4 0 3 3 0 1 1 1 1 0 0 0 0 0 0 0 -4 0 0 0 -2 4 0 1 0 2 0 0 2 0 -4 -2 0 0 0 -2 0 0 0 0 -2 0 2 0 0 0 0 0 -2 0 0 -4 0 -4 2 5 3 0 0 0 6 0 0 0 2 0 0 0 0 4 0 0 0 4 2 -3 0 2 0 0 2 0 0 0 0 2 0 0 0 0 0 0 0 -1 0 3 1 -1 0 -2 0 0 0 0 0 0 0 0 0 0 1 0 -4 0 -3 0 -1 -5 2 1 0 0 -2 4 -4 -1 4 0 0 2 0 3 -3 0 0 0 0 0 0 0 4 -2 0 0 0 0 19 0 0 1 0 4 1 0 0 2 0 0 -4 -4 0 0 -2 0 0 0 0 0 0 0 -2 1 0 0 1 3 0 -2 0 0 0 0 -1 2 0 -2 0 -2 -2 0 0 1 0 0 0 -1 0 0 -1 0 0 2 0 2 0 -1 2 0 0 0 1 0 -2 0 4 1 0 2 0 0 0 0 -2 0 0 0 0 0 2 0 0 0 0 2 0 0 2 0 0 0 0 0 0 0 0 4 0 0 0 0 0 -5 2 0 0 3 -2 1 1 -6 -2 3 -1 0 0 0 -1 0 -2 4 -1 2 0 -2 -2 0 0 0 -2 0 0 0 0 -2 1 0 0 0
0 1 -1 0 -1 -2 0 1 0 -4 0 2 4 2 2 0 0 -1 -2 0 -4 1 -2 -2 0 -3 2 0 1 1 0 1 0 0 0 1 -2 2 0 0 1 0 0 1 0 3 2 0 -3 0 -4 0 0 3 4 -4 0 2 2 4 -2 -2 -2 1 2 0 -2 2 0 0 0 -1 2 0 0 0 0 1 1 4 0 4 2 -1 0 2 1 0 1 0 0 2 1 2 1 0 0 2 -2 0 -2 -4 0 0 -1 0 0 0 0 -1 2 0 -2 -1 -1 0 -1 0 5 1 0 -2 0 -2 0 2 0 0 -2 -2 0 0 -2 1 0 0 2 0 0 0 0 1 0 0 0 -2 1 0 0 0 4 0 0 -2 0 2 2 0 -4 0 0 0 0 -4 0 0 0 0 0 30 0 0 0 -8 0 1 -4 0 -2 0 0 -1 0 -2 0 2 -2 0 2 0 0 2 -4 1 0 1 -1 0 0 4 2 0 0 0 0 0 2 2 0 2 0 -4 0 0 1 0 0 0 0 0 0 0 0 0 0 0 0 1 0 0 -1 1 0 -2 0 3 -2 -2 -1 1 0 1 4 1 0 3 2 0 2 0 0 -4 -4 -2 1 0 0 -1 0 0 0 0 -2 0 2 0 0 1 -4 -2 2 0 4 4 -3 -1 0 -4 0 0 -1 -1 0 0 1 0 1 4 0 0 -2 4 0 0 4 1 2 2 0 0 1 -5 0 2 0 0 1 5 2 0
2 0 1 0 0 4 0 0 2 0 0 0 0 0 0 0 0 -4 1 1 2 0 -1 4 0 0 0 0 0 0 0 -1 0 1 -2 -1 -4 6 -2 0 0 1 3 1 0 0 0 -2 1 0 0 0 3 -2 -2 0 0 -3 0 4 0 -1 0 2 -1 0 0 0 -2 0 1 0 0 1 -1 1 0 6 6 0 0 1 -7 1 0 -3 0 0 0 0 0 0 -5 2 -2 2 0 -2 1 0 0 1 0 0 1 -2 1 -5 0 2 0 1 -2 0 0 -5 -2 3 -1 3 -2 -1 0 0 -2 0 0 0 0 0 0 0 -3 0 0 0 -2 -6 0 0 0 -4 2 2 0 -1 0 0 2 0 0 0 0 0 -2 -2 -2 -1 -1 -3 2 0 -4 0 9 -1 2 4 0 0 31 -2 0 3 0 0 0 0 0 0 0 3 1 -2 2 0 0 -3 1 1 -2 -4 2 0 0 0 1 1 0 1 -2 0 -2 0 0 3 -1 0 0 4 -2 0 0 2 -2 0 2 -1 0 0 0 0 -2 0 1 -2 4 -1 0 0 0 1 -1 0 2 -1 2 5 1 0 1 0 -2 0 0 -6 -2 2 0 -2 -4 0 0 -3 0 1 0 -6 0 3 2 1 0 0 0 0 0 -2 0 0 0 0 0 10 0 -1 2 0 2 1 1 2 1 2 0 -2 0 -8 0 -3 -3 0 0 0 0 1 -1 0 0 0 0 0 0 0 0 -2 0 -2 0 -2
0 -2 2 2 -4 0 -1 1 0 0 0 0 0 -1 2 0 1 2 3 0 4 0 0 0 1 1 1 -1 1 0 -7 -2 0 -3 0 0 4 -3 0 0 0 0 -2 0 -1 0 -2 0 -4 -1 -1 0 0 0 0 3 -4 -4 0 0 0 -2 0 0 0 0 0 -2 -2 0 0 2 0 0 0 1 -2 0 1 0 0 0 -4 -4 1 -2 1 0 0 0 0 0 0 0 0 0 1 4 0 0 1 1 0 -1 0 4 0 2 0 0 0 0 4 2 -1 1 -2 -4 0 1 0 -2 1 -1 0 -1 0 -1 -2 -2 0 0 0 0 -1 -1 -2 -1 0 2 0 2 0 0 0 0 0 3 0 0 1 0 -1 0 3 2 -2 -2 2 2 0 0 1 -2 2 -2 2 0 1 0 -2 30 0 0 0 -4 0 0 1 1 2 2 0 -1 0 0 1 0 1 0 2 0 2 2 0 -4 0 1 -2 -1 -1 0 2 2 1 -2 -2 0 1 0 0 0 0 -3 -1 1 0 0 6 0 0 -2 1 0 1 2 -2 0 3 0 0 4 2 3 0 4 -4 2 2 0 2 0 0 -2 -2 0 2 0 1 -1 3 0 1 -2 -2 3 -1 0 0 0 -2 2 0 1 0 -1 0 0 0 0 2 0 -1 1 1 2 0 1 -4 0 0 1 2 0 0 0 -1 0 2 0 1 2 0 0 0 0 0 0 0 0 -2 0 2 0 3 0 2 0 4 1
0 0 0 2 0 2 0 0 0 0 0 1 2 -2 -1 2 0 -2 0 1 -1 6 0 -2 2 0 0 0 0 -5 0 -2 1 0 -1 -4 0 0 0 0 0 1 -4 -2 -2 2 -4 -1 -4 2 0 1 0 -1 0 0 0 -1 0 0 0 -1 0 -2 0 -4 0 0 2 0 0 0 0 0 0 2 0 0 -2 0 0 0 0 0 0 0 0 2 1 0 0 0 1 0 -1 0 0 1 0 1 2 0 4 0 1 0 0 3 0 0 0 -2 0 2 -2 2 2 -1 0 0 0 0 0 0 0 2 4 0 0 0 3 0 0 0 2 0 4 4 1 0 0 0 0 -2 1 0 0 0 0 0 -6 0 0 0 1 0 0 0 0 0 0 0 -4 0 5 -2 0 0 0 0 0 0 27 2 1 4 0 1 -4 0 0 0 0 0 0 2 0 0 0 0 4 0 0 -2 2 0 -2 0 0 0 2 0 0 -4 2 -5 0 -1 0 0 -2 0 1 -2 3 0 0 0 1 0 1 2 0 -2 -2 0 -3 -4 0 1 0 0 0 0 -2 -2 1 0 -2 0 0 4 0 -2 2 0 0 2 8 0 0 0 0 0 0 0 0 0 -2 0 -2 0 0 0 0 0 -2 0 -1 -2 0 2 1 0 -2 0 0 0 0 6 0 4 1 -4 0 -2 1 2 0 0 -2 0 0 1 -2 0 -4 -2 -2 1 0 0 2 0 0 -2 1 0 0 4
2 1 0 -1 0 3 0 4 -4 3 0 -2 -4 -1 1 2 0 -7 -2 0 0 0 -4 -3 -2 0 0 1 0 -1 0 -1 0 2 -4 -4 4 0 0 -6 -1 4 0 3 2 0 -4 -1 -2 -6 -7 1 0 5 -4 0 -6 0 0 -13 1 -1 -1 0 -4 -6 4 0 -1 1 1 2 -4 0 6 -6 2 0 -1 0 0 0 0 0 0 4 0 1 0 0 0 2 0 1 -1 2 0 0 1 -2 3 0 3 0 0 0 -4 0 -2 4 -3 2 2 0 0 -3 1 2 1 0 0 0 -2 5 1 -2 1 -7 12 2 3 0 0 -1 -1 -2 -2 -4 1 -1 0 0 0 -4 -6 0 -4 2 9 0 1 2 -3 -2 0 0 -2 1 8 2 -2 2 0 6 2 1 0 2 4 -8 3 0 2 78 0 2 -5 8 -4 -2 -8 2 0 2 2 0 -6 4 -12 -2 0 0 3 0 2 0 2 4 0 6 0 0 -6 -6 4 0 1 -1 0 -4 10 5 0 0 -2 -1 -1 -2 2 3 -4 1 4 10 1 -1 0 1 2 -2 1 0 2 -1 -2 -1 -4 0 4 0 1 2 0 2 0 -2 0 0 -2 0 0 8 -1 -4 -1 4 0 0 1 6 4 4 0 2 -2 2 -1 2 -2 -2 0 -1 -7 -2 0 0 0 4 1 0 -4 5 0 2 0 -2 -2 -2 -4 4 0 2 0 0 -2 -2 -6 -1 8 -3 0 -4 0 0 0 0 0 0 -6 -2
0 0 3 0 -5 2 0 -6 2 0 0 0 -3 -4 -1 -8 0 2 0 3 -3 5 -4 0 5 2 -3 2 2 -3 0 0 2 0 0 2 2 0 4 0 0 -2 -2 0 0 4 0 3 -4 0 0 1 3 0 1 -4 2 0 -2 1 -4 0 -2 0 0 0 2 0 0 -6 2 -6 0 2 0 0 2 0 2 -4 -4 -1 0 -1 0 0 1 2 5 0 2 -5 1 -7 0 0 -2 -2 -4 -2 4 0 -2 1 -2 -4 0 -3 0 0 -2 0 0 -2 2 1 -2 -2 2 4 0 0 1 0 4 2 1 1 0 -2 0 2 -1 0 2 0 -2 2 2 0 -1 2 0 0 -4 3 -4 -2 0 0 -4 -4 0 0 0 0 -1 0 0 0 0 -2 -2 -2 -1 4 0 -2 1 0 0 0 1 0 53 2 2 -4 0 -2 0 0 0 -1 -2 -6 -4 6 -4 0 3 -2 -4 1 0 0 -2 -4 0 0 0 -2 0 2 2 2 0 -2 1 0 -2 -1 1 -1 0 0 0 -9 2 0 -1 1 -2 0 0 0 0 -4 -3 -4 -2 0 4 0 0 0 0 2 -2 -4 -4 3 2 -4 -4 -2 2 4 0 0 -2 0 0 -2 1 4 4 5 6 -1 0 -4 -1 4 -6 4 2 0 -2 0 0 4 2 2 2 0 -1 2 -4 1 -3 -4 0 -1 -2 -2 4 -4 0 1 -6 -2 0 -2 0 4 -1 0 0 1 -2 0 1 0 0 -1 0 0 0 0
0 0 -1 0 -3 5 -3 0 0 1 0 1 -4 1 -1 -1 0 -2 0 -1 -1 1 0 -2 1 4 -2 1 0 0 2 0 0 5 0 -6 0 1 0 -8 0 4 0 2 3 0 -4 0 1 5 0 0 0 2 2 0 0 1 0 4 -2 2 -2 -2 0 -4 -1 0 0 0 0 0 -4 -4 6 2 -4 0 0 0 -3 0 2 0 0 0 0 3 -2 1 -1 -1 -1 0 0 1 -3 -4 0 0 1 0 0 -1 -9 -9 0 -4 -1 1 0 0 -2 -2 0 0 2 -1 0 0 1 0 0 0 0 1 2 4 1 0 -1 -2 0 0 0 0 0 -2 0 0 0 0 0 0 0 0 0 -2 0 0 -8 1 -2 -1 -1 -2 0 0 0 -2 0 3 -1 0 2 -2 -2 0 0 1 0 -4 4 2 2 43 -4 2 -4 2 4 -2 0 0 0 4 -3 0 2 1 -5 1 2 2 0 0 2 -1 2 0 0 3 -2 -7 0 -4 0 0 0 -5 0 2 -2 2 -3 0 2 0 0 -3 0 0 1 -4 -2 0 0 0 -1 0 1 0 0 2 2 -4 0 0 2 0 -4 -1 0 0 2 1 0 2 0 4 -5 0 0 1 -4 0 2 0 0 0 0 -2 0 -2 -8 0 0 0 -2 0 2 2 -1 2 -4 -2 0 6 -2 -2 0 0 -4 0 0 -4 5 0 2 0 -6 0 0 -2 -3 2 -4 -8 6 2 0 -1 2 -2 -2 -1 0 2 3 -1
0 -2 0 0 0 1 0 -2 1 2 0 0 4 -4 4 0 1 2 4 1 0 0 2 -1 3 0 0 0 -1 -2 0 0 0 2 0 2 -1 0 0 6 2 -4 0 -4 -4 0 -2 0 4 6 4 -1 0 0 0 0 4 0 1 0 1 -1 -4 2 0 0 4 -4 0 1 1 0 0 0 -4 -2 0 0 0 1 0 0 0 0 0 -2 -2 4 2 0 0 4 -2 -4 0 0 0 -2 4 1 1 0 0 0 1 0 0 2 0 -2 0 -1 4 0 2 0 2 0 -3 0 3 0 0 0 -1 0 0 0 0 0 0 0 2 1 0 -2 -3 -2 0 0 -1 -1 -4 -2 -1 1 0 0 2 -2 0 -1 0 1 1 -2 0 0 0 0 -4 0 0 0 -1 0 -2 0 0 -4 0 0 0 -5 2 -4 28 0 -3 0 0 -1 0 0 -1 -6 0 0 0 1 0 -1 -2 0 2 0 2 0 3 -8 0 -2 3 0 0 -1 -4 2 0 4 1 -4 -1 -1 -1 1 -1 1 3 1 -3 -3 0 0 0 0 0 -2 0 0 2 0 -4 0 2 -2 0 4 -4 4 2 0 0 0 0 1 -2 0 3 -4 0 -4 0 1 0 4 0 -1 0 0 2 1 0 -3 -1 0 2 -2 0 2 -2 0 -1 -4 1 1 3 -6 0 1 0 2 4 -3 0 0 -2 0 0 0 0 0 0 -2 0 3 0 0 -2 0 -4 0 1 0 0 0 0 -2 0 -3
4 -1 1 0 4 8 0 0 0 0 0 4 0 -2 0 0 0 -3 0 2 0 1 0 -4 -2 2 -2 1 0 -1 0 -6 0 4 0 -2 2 0 0 0 0 3 0 0 0 0 0 0 3 -3 -2 2 -6 6 3 0 2 0 0 0 0 1 0 -4 4 1 4 0 -2 2 0 -1 1 1 -2 2 -2 0 -2 0 0 0 -4 0 -1 -2 0 0 0 -2 -2 -1 0 0 0 6 -2 -1 0 0 1 4 2 0 4 2 2 0 -2 2 0 0 -2 0 2 -4 0 -2 -8 -6 0 0 0 2 0 0 0 -2 4 0 -3 -1 -2 0 0 2 -2 -4 3 -2 -8 -1 0 4 0 0 0 0 0 0 0 0 -2 -1 0 0 0 0 0 2 0 1 0 0 -1 0 5 0 2 0 0 0 1 8 -4 2 0 46 0 0 0 0 0 0 -4 -2 -3 0 0 0 -1 0 0 -2 2 0 0 0 0 -1 2 0 -4 2 -2 3 5 -1 -6 0 4 -4 -1 -2 2 -2 1 0 4 0 0 0 2 -1 2 2 -3 -1 4 -1 -8 0 -2 6 1 0 0 0 -2 5 0 2 -2 0 2 0 0 0 2 2 0 4 -5 0 -2 -4 -1 0 2 -1 4 0 0 1 0 2 0 1 0 0 0 0 -4 -4 0 0 1 0 2 0 2 -1 0 0 0 -2 -2 2 -2 0 -4 2 2 2 1 -8 0 2 0 4 0 0 2 0 0 -2 0 0 0 2
0 0 0 0 0 -7 0 2 -2 5 0 0 -4 0 1 1 -1 2 -6 0 0 5 -4 -2 0 0 0 -4 0 0 0 0 0 1 0 0 1 0 0 2 0 0 0 4 0 -4 0 0 0 0 0 0 0 -2 0 4 0 0 0 0 -2 0 0 0 0 8 -2 0 0 0 -2 -2 -1 3 0 0 -2 0 2 -1 2 -2 0 -4 0 0 0 0 0 0 0 0 0 6 0 0 1 0 1 2 -2 1 0 0 0 2 2 -2 0 -4 0 0 -5 -3 0 1 -2 0 0 0 -3 0 0 0 0 -2 -2 0 0 -2 0 0 -4 2 -3 0 2 0 0 4 0 -2 -1 3 1 0 -4 0 1 0 1 0 0 0 0 0 1 2 0 0 0 0 0 0 1 -1 -5 0 0 -2 0 1 -4 -4 0 -4 -3 0 30 -2 0 2 0 0 2 -2 -1 0 -4 2 0 -3 0 0 -4 0 -2 0 -1 0 -1 0 0 1 -4 5 3 0 2 0 -1 1 0 4 0 6 -2 0 -1 2 0 0 0 1 1 0 0 0 0 0 -2 -1 0 2 0 0 -1 -2 2 0 -4 0 0 0 0 -1 0 1 0 1 1 -1 -4 0 0 0 0 0 0 0 0 0 0 0 0 0 -2 2 1 3 -2 -6 -3 4 0 0 0 -1 0 2 -1 -5 0 1 0 0 -1 0 0 0 0 3 0 0 1 -5 4 4 0 0 -2 0 -2 0 0 0 -2 -4 2 -4
0 0 -4 -1 0 2 0 2 4 -3 2 2 0 0 0 0 -2 0 0 0 0 0 0 0 4 0 1 1 4 -1 0 1 -4 0 4 2 -3 7 0 0 0 1 0 0 0 0 1 0 2 2 2 0 -2 -2 0 0 0 2 4 1 2 0 0 -4 0 0 -3 4 0 4 0 0 -4 0 0 1 -1 0 -4 2 2 0 0 0 0 -6 0 2 0 0 4 0 0 -4 1 2 -1 -2 0 0 1 -3 0 0 -4 -4 0 0 4 0 -3 0 0 6 0 0 1 -2 2 0 0 -1 -3 -1 -2 0 -2 1 0 -2 -2 0 -3 0 2 4 -1 0 -2 0 4 0 0 -2 -2 -1 -4 6 0 1 -8 0 0 -3 1 0 0 0 0 0 1 0 0 0 1 -1 -1 0 0 0 0 1 0 -2 -2 2 0 0 -2 41 1 -2 -1 7 -1 -4 -4 5 0 3 -1 4 -2 0 0 0 0 0 2 -6 0 -1 -4 2 0 -3 0 0 -2 -2 -1 0 0 3 0 0 0 2 0 2 0 -2 3 -2 0 0 0 3 1 0 1 -2 0 0 0 0 0 0 1 -2 1 0 0 0 0 0 1 0 1 -2 0 -2 0 0 0 2 -2 -4 -1 0 0 -1 0 4 0 -3 -2 0 0 -2 0 0 -2 -1 2 0 0 2 -6 2 -1 2 0 -5 0 0 2 2 -1 2 -1 1 0 6 -1 1 -4 0 0 -2 -1 2 2 0 2 -2 -1 0 2 4
0 0 -2 0 -2 0 1 0 -2 2 0 0 3 0 -4 -1 0 0 2 0 1 -4 4 0 6 1 4 4 0 -6 0 -4 0 2 0 0 0 -1 0 0 -4 1 -4 0 1 0 0 4 0 2 -4 0 6 0 0 4 -4 0 2 5 -4 0 0 0 0 -1 0 0 0 4 4 1 1 1 -1 5 -2 -2 2 -4 1 4 0 2 0 0 -2 4 0 4 0 -4 0 -2 -2 0 0 0 -2 4 -1 0 -2 -4 -2 0 0 0 -1 0 0 2 0 0 -2 0 0 -1 -2 0 0 0 -1 -4 -4 0 0 0 0 0 -2 0 0 0 0 -2 4 0 0 -2 -2 0 0 0 0 2 4 -4 -4 -1 -2 0 0 -2 0 0 2 -2 0 2 0 0 0 4 0 -4 -2 0 -4 0 0 2 0 -8 0 4 0 0 0 1 33 0 0 0 0 -2 -6 0 0 0 0 1 0 0 4 2 -1 -2 0 4 0 1 0 1 0 1 -2 2 2 -1 0 0 2 0 0 1 -1 2 -1 1 0 -2 0 -4 0 0 2 0 0 0 1 0 2 2 0 0 0 0 2 0 -1 0 -6 0 0 -3 4 0 2 1 0 0 2 4 -4 1 -8 0 0 0 0 0 0 -1 0 -2 1 -3 0 0 0 0 -2 0 0 0 1 5 0 0 -2 -2 0 -1 0 1 2 0 0 2 0 -2 1 0 1 2 2 0 1 0 2 0 1 0 1 -2 2 0 3 2
0 0 5 0 6 2 -7 0 -2 -5 -1 0 2 -5 0 2 4 2 0 6 -4 4 -1 0 2 0 0 0 1 0 -1 -4 0 -1 -4 0 0 0 4 2 0 0 -1 2 2 1 2 0 -2 -2 0 0 2 0 4 0 0 0 2 -2 -2 -4 0 4 0 -2 0 2 -4 0 3 0 0 6 -1 -1 -4 0 6 0 4 1 0 4 2 0 -4 -1 0 6 0 0 0 0 -2 -5 1 1 -2 3 0 0 4 0 1 5 2 5 0 -8 -2 0 0 -2 -2 0 -2 1 2 -1 0 0 0 0 3 6 1 1 2 0 0 2 1 -1 5 0 4 1 0 0 -2 -1 -3 0 0 -4 -4 1 -1 2 0 0 4 1 6 -2 -4 2 0 -2 0 0 -6 0 -1 -2 5 -1 -4 -1 3 2 0 2 0 -2 -1 0 2 -2 0 49 6 -2 6 0 -2 4 -4 -5 -1 -4 0 4 0 -1 4 -2 -2 -1 -4 1 -2 3 0 0 -1 2 0 4 0 -4 -1 0 0 5 3 0 0 0 2 0 -1 0 -2 0 4 -6 -1 0 0 0 0 -1 -2 0 -4 0 6 1 1 4 -2 0 -1 -1 -1 -1 0 -2 0 2 -1 0 0 0 0 4 -2 0 -2 0 0 4 2 3 1 -2 -2 0 -1 -2 -1 2 -1 -3 -2 1 6 0 2 4 3 2 3 0 -5 0 2 -1 -4 -2 0 -4 -4 0 0 6 0 0 0 0 0 2 -1 1 -1 -3 0 3
1 0 4 -1 0 0 0 0 0 0 4 0 0 -4 1 2 -1 -1 0 4 2 0 -2 4 0 0 2 -2 2 1 0 1 0 0 0 0 0 0 1 0 0 2 -1 -2 0 0 4 1 0 0 1 0 -1 0 2 0 0 0 0 2 1 4 2 3 0 0 0 0 0 0 0 -2 0 0 0 0 -1 0 3 2 6 0 1 0 0 0 0 0 0 0 0 0 0 5 0 0 0 0 0 0 0 0 0 2 6 -4 0 0 0 -4 2 0 0 -3 2 2 0 0 0 0 0 1 -4 0 0 4 0 0 -2 0 0 1 0 0 0 -4 1 4 1 0 0 0 0 2 -4 0 0 0 0 4 0 0 0 0 -2 0 -2 -1 -2 -2 -2 0 0 0 -2 -4 5 0 0 0 1 0 0 0 0 0 0 0 0 -1 0 6 25 4 2 -4 0 0 -1 0 2 1 0 0 0 0 -2 0 0 -2 0 0 0 0 0 0 0 3 0 -1 0 4 0 0 0 -2 2 -1 0 0 0 2 0 0 0 0 0 0 0 0 0 -4 1 0 2 0 -2 0 2 4 0 0 0 0 0 0 1 0 4 0 1 0 4 2 0 0 0 0 0 0 -2 2 0 -1 1 0 4 -1 -3 0 0 5 0 0 0 0 0 0 2 0 2 2 -1 1 0 0 -3 0 0 -1 -4 0 0 0 4 0 0 0 0 0 0 5 0 1 -2 -2 0 -2 0 0
4 0 -3 -2 -2 -2 -4 0 4 0 -1 -6 0 -2 10 0 -4 0 1 0 0 0 0 0 -1 0 0 -6 3 -2 4 4 0 0 2 2 -1 0 -2 0 0 0 0 -2 0 0 -1 0 -1 2 2 1 -7 -1 -3 2 -3 4 0 -2 1 0 1 -4 -1 0 0 0 0 -5 3 -2 -2 0 0 0 -2 1 1 0 6 2 -1 0 0 0 0 2 0 -2 -2 0 0 3 3 -1 -1 -6 1 0 1 1 0 6 -2 0 -4 0 -2 0 1 0 -1 -7 -5 0 0 -2 1 1 -1 -4 -5 -2 2 2 -2 -3 -2 10 0 0 -3 0 2 0 -2 -1 0 0 5 0 -2 -3 -1 -1 -3 -1 0 1 -2 1 2 0 2 0 0 0 -1 -4 0 0 4 -1 -4 -4 4 -1 0 -2 -2 -1 0 2 -1 0 0 0 0 7 0 -2 4 43 -4 -2 1 0 -5 2 1 0 -1 0 0 0 -2 2 0 1 0 -3 1 0 0 -1 -4 0 -3 -4 0 4 -1 -2 0 -2 3 2 2 0 4 -2 1 0 0 -1 0 0 -4 0 0 0 -1 0 -2 0 0 0 -3 -4 0 1 0 1 -2 2 1 0 -3 0 4 -4 0 0 2 -3 -5 2 0 0 0 0 0 2 7 0 -1 0 -2 -6 0 0 4 -1 2 0 0 -7 -6 -2 2 1 0 -4 -1 0 5 -3 -8 2 -2 0 2 0 0 0 0 -2 0 0 0 3 -1 -1 0 -1 0 -2 0 0
-4 0 2 0 0 -2 -2 -1 -1 0 1 0 1 -1 -6 -1 -2 -2 1 -3 0 2 2 1 0 0 0 0 0 2 0 -1 0 -1 0 2 -1 2 2 -1 1 0 0 1 0 0 -1 -2 -2 -1 -2 2 0 1 -2 0 0 -2 0 -1 0 0 4 6 -4 1 2 0 0 -2 5 0 0 3 0 0 0 0 1 -2 1 1 0 0 0 0 -1 3 -4 0 0 -2 -3 2 2 -1 -1 1 -1 1 -1 -4 1 -1 -2 1 -2 2 0 -2 0 1 -1 0 0 -1 1 0 3 0 0 2 1 0 2 5 0 1 -2 -2 0 0 0 0 1 1 3 0 0 2 0 0 -3 -4 0 -3 -2 0 0 -1 2 0 0 0 3 1 0 1 0 -2 1 -1 -4 0 1 2 0 0 -2 0 2 0 0 2 -2 0 -1 -4 2 -1 0 6 2 -4 36 0 0 0 3 0 0 0 1 0 1 3 0 0 0 1 -4 -2 -3 0 -2 -2 -2 1 1 3 -1 5 0 2 -2 3 2 -2 -4 0 1 1 0 2 -3 0 1 3 0 -1 0 1 1 -3 -1 -4 0 0 3 -1 0 0 1 2 0 -2 1 0 2 -2 0 0 2 -2 -1 0 0 -4 0 0 0 0 0 0 0 2 -1 -2 0 0 0 -2 -2 2 -1 0 -2 0 0 1 0 6 3 1 1 3 -5 -2 2 0 0 -2 4 0 0 0 0 0 0 3 0 0 -1 0 -2 2 1 0 0 -4
0 2 6 1 -4 0 4 -1 1 -4 -2 0 -2 7 -8 6 0 7 0 0 0 0 -2 -5 -1 -1 2 0 -5 0 0 2 0 0 0 -1 -4 -3 -2 -3 3 4 0 -1 1 0 -2 -2 0 2 4 0 2 1 0 0 -2 0 0 0 5 1 0 0 0 -2 -2 4 -2 4 0 -1 0 2 2 -2 -1 2 1 4 -4 0 1 0 0 2 0 0 0 0 0 -4 0 -4 0 2 0 4 -6 -2 -1 0 6 4 0 4 0 0 -2 0 0 -2 0 2 -6 0 1 1 2 -2 0 5 4 0 -4 2 1 0 -2 0 0 0 0 -2 1 -4 4 1 -4 1 2 -1 0 0 6 0 2 0 3 2 -2 -1 2 4 0 0 8 0 4 0 0 0 -2 -2 5 3 0 -2 0 2 0 0 2 0 -6 4 -6 -2 -2 -4 -2 0 -4 -2 0 40 0 -4 8 -4 0 0 4 -4 -2 0 0 2 -4 0 0 0 0 -2 0 -1 0 -3 4 2 2 1 0 1 2 0 0 4 2 -5 2 2 0 1 -5 0 0 4 1 0 3 0 -1 -2 0 0 0 -1 -1 -2 0 0 0 0 2 0 0 0 0 0 -2 0 0 0 2 -5 -4 -4 -2 0 0 -4 0 0 0 -2 2 2 0 -2 0 1 0 -2 0 0 4 -2 0 -1 4 1 -1 -2 4 0 0 2 0 0 4 1 0 0 0 2 -2 -2 -3 1 3 6 2 0 0 0 0 2 0 0
4 -4 0 0 -3 -4 0 2 4 4 0 2 0 -1 8 -1 0 0 -2 -2 0 -1 0 0 -7 0 1 -4 -2 2 -4 0 0 0 0 -2 -1 1 0 2 -1 0 0 0 0 4 0 0 2 0 1 0 -2 -1 -1 0 0 1 0 2 9 -7 0 0 0 4 -1 0 5 0 -2 -1 4 -2 0 0 -5 0 -3 1 1 -2 1 -1 0 0 -1 0 -1 0 -5 2 3 2 4 0 -3 1 0 -1 -2 -1 -2 0 1 1 -1 0 0 -3 1 0 0 2 3 -2 0 -4 -2 -1 0 0 4 -2 0 0 0 0 0 -2 0 2 1 -1 0 -1 0 -2 -4 2 2 -3 3 2 0 -5 2 -1 1 1 1 -4 -3 1 0 0 0 1 -3 0 4 1 2 5 0 -2 2 -1 0 -2 0 1 0 -6 -4 -3 0 -3 -1 -4 -6 -2 0 1 0 0 46 -8 0 -1 0 -3 -2 1 0 -4 -4 1 -1 -7 2 2 0 1 0 0 1 0 -2 0 0 0 -2 0 6 0 0 -1 0 0 0 0 0 -1 -2 0 0 2 0 5 -1 0 -12 -1 3 0 0 -2 0 1 1 2 0 3 0 3 -4 1 -2 -2 0 -3 -1 2 2 1 3 0 2 2 -3 0 2 0 0 4 0 0 -1 -1 0 0 0 0 1 -2 -2 -4 -6 0 -2 -5 0 -2 0 -1 -3 0 0 -2 3 0 2 -2 2 2 -2 -6 -2 1 1 -2 0 3 -2 1 5 0 0 0
0 0 1 2 0 2 0 2 -2 -2 0 2 2 0 0 -4 2 0 -4 0 0 1 0 -6 0 0 0 0 2 3 2 -1 0 0 -1 -2 6 0 0 0 0 -2 0 -2 0 0 0 0 -3 0 -1 0 -4 0 0 0 -1 0 -2 0 -1 0 1 -2 1 1 -2 0 -3 -1 2 0 -3 -2 -1 1 3 0 0 -6 -2 0 0 4 0 -1 0 0 0 0 7 -1 -2 2 0 -1 2 2 0 0 0 0 0 -2 -2 -1 2 6 0 0 0 0 4 -1 0 0 -1 3 0 0 0 0 0 0 4 0 0 0 0 0 0 0 -2 0 3 2 4 2 -1 0 2 0 -6 -2 2 0 0 -2 2 -1 2 0 4 -1 -1 0 2 0 5 1 -1 0 2 0 0 -1 5 -2 0 0 -3 0 0 4 6 0 0 0 0 5 0 4 0 0 0 -4 -8 40 -1 -3 0 4 -6 0 0 -2 0 -2 0 -6 -1 -5 -4 2 1 2 0 0 -1 0 -2 0 0 -3 2 2 4 -4 -2 0 0 2 0 1 1 0 4 -8 0 0 -2 0 1 0 0 0 0 2 1 0 -3 0 -1 2 0 -1 7 0 0 1 0 0 2 0 0 0 8 7 4 0 -4 0 0 0 0 -1 0 0 0 -2 0 0 4 4 0 0 0 0 2 0 -1 3 -6 0 0 0 0 1 0 -2 0 -1 0 2 0 2 -2 0 0 -1 -6 2 0 0 0 0 0 2 0 -4
0 0 -4 2 2 -4 1 0 0 -10 -2 0 6 2 -4 0 1 14 0 0 2 -2 0 0 1 1 0 2 0 0 -4 -2 0 0 0 -4 0 0 0 -1 -2 0 0 2 3 2 0 0 0 4 8 0 6 -1 2 -2 3 0 1 0 0 0 -1 4 0 6 0 -2 -1 1 0 1 2 0 0 1 -1 0 0 -1 -2 0 0 0 0 -2 0 0 0 0 -2 -4 -2 -4 0 3 -1 0 -2 0 -1 0 0 -2 -2 1 1 2 -2 2 0 0 1 3 0 0 2 1 0 0 2 6 6 0 0 1 0 7 0 -4 0 -1 2 0 0 0 -1 1 -2 -2 0 -1 -2 0 6 0 2 1 0 2 2 -1 -1 2 0 1 0 -7 0 1 -4 0 0 0 0 1 2 0 0 2 1 1 0 -12 -4 2 0 0 -4 0 0 -4 -1 -5 3 8 0 -1 51 4 -1 2 0 -8 0 0 -2 -2 0 0 1 0 0 0 2 0 0 -6 0 0 -1 1 0 -1 0 -3 -2 8 6 0 0 3 0 1 0 0 0 3 0 0 0 2 2 0 0 2 4 2 1 0 2 -3 0 0 0 -8 0 0 0 0 2 0 0 2 0 -1 -2 0 0 0 4 -2 0 0 0 -4 0 4 1 0 1 4 1 0 -1 0 0 0 6 0 13 0 0 0 0 0 -3 0 -2 4 1 4 0 -1 0 -2 0 0 -8 1 0 8 0 -1 -2 -9 0 1 1 0
1 0 -14 1 2 -2 0 2 0 -3 -4 3 0 0 -6 6 3 0 0 1 -2 0 -4 2 0 0 0 0 -2 4 0 -1 0 -2 0 -12 0 3 1 -3 0 0 0 0 0 -4 -2 -4 1 0 0 0 1 -6 -2 1 0 0 4 -3 -1 0 0 0 2 3 0 -6 -3 -4 3 3 0 -2 0 0 -1 -1 0 0 5 3 0 0 0 -3 2 -2 0 2 -1 0 0 -2 0 0 0 -2 -2 1 -6 -4 2 0 2 -6 0 0 0 0 0 0 0 0 0 0 0 0 2 1 -2 -2 -4 -2 -3 3 -2 2 1 0 1 0 -1 -1 -4 2 0 0 2 0 -2 1 -4 -2 4 -1 -4 0 1 -12 2 2 0 -6 0 -2 -1 0 -3 -2 0 -4 -3 1 0 1 -2 -2 0 0 1 0 0 -2 0 1 1 0 2 3 0 -5 0 2 0 -4 -1 -3 4 56 5 1 1 -1 2 3 0 4 0 -5 0 0 -7 0 4 3 0 1 2 -4 -1 0 -2 0 0 1 -1 2 0 3 -1 10 0 -2 8 -6 4 0 0 0 0 -2 -1 2 -1 0 0 -3 0 0 2 5 0 1 0 0 4 2 0 0 0 -1 0 -4 0 0 0 4 -4 1 2 0 0 -4 4 -1 -3 8 0 0 0 3 0 1 0 2 0 0 0 0 3 0 0 4 0 0 0 0 -2 0 -4 -2 0 4 0 0 1 0 0 1 -2 0 1 1 0 -2 -2 -2 -6 -6
-1 0 -4 -4 0 0 -4 0 1 0 0 0 -2 0 0 0 -1 0 0 0 -1 4 0 0 0 -1 0 0 0 -1 -1 2 2 -2 -6 0 4 0 0 0 1 3 -3 -7 2 0 -4 2 0 -1 0 0 2 4 0 1 -2 0 2 -1 0 -1 0 0 0 -1 0 -1 0 2 -2 0 -2 0 2 1 0 0 -3 0 -1 -2 0 0 0 2 1 -3 0 0 0 -3 0 -4 -4 -1 1 3 -4 0 -1 -2 -3 1 0 2 0 3 0 2 1 0 -1 0 -2 4 4 0 0 1 -2 0 0 -1 0 0 0 -1 0 0 -5 0 0 0 0 0 -2 -4 1 -2 -2 1 0 2 0 1 0 1 0 2 0 7 0 2 1 0 0 -2 0 0 0 -2 1 -4 -1 -1 1 0 0 0 -2 2 4 0 3 -5 0 -1 0 -1 0 -1 2 1 0 0 0 0 -1 5 33 8 1 0 0 1 -8 -2 -1 0 2 0 1 -1 0 1 -2 -5 0 0 -4 0 0 -2 0 0 0 -2 1 0 0 5 2 -4 -1 -2 4 0 3 4 0 0 0 -4 -2 1 0 0 0 -6 -2 3 0 1 -3 -1 0 2 0 0 2 0 1 0 0 -1 0 4 1 0 -2 -6 1 0 2 -1 0 0 -1 -2 0 0 0 -1 3 -3 0 0 0 4 -2 0 1 0 0 2 -2 0 0 -4 -2 -1 0 8 1 0 0 0 2 -1 0 0 0 0 0 4 0 0 -6 0
0 0 -2 -1 0 0 2 4 5 -6 0 0 3 -2 4 0 1 0 0 0 0 6 0 1 0 1 -1 0 0 2 2 1 0 -1 0 0 1 1 1 -1 -1 3 1 -2 3 6 0 3 0 0 0 -1 -4 0 -1 -2 0 0 -2 0 0 1 0 -4 0 0 0 0 0 0 2 1 -2 0 2 0 0 -2 -2 -6 -2 -8 0 -2 0 0 1 0 -2 -3 2 0 0 4 0 0 -1 -4 -6 0 2 -4 1 -4 0 -2 0 4 -3 4 0 -1 2 -1 -2 2 4 -4 0 -2 5 2 0 0 3 1 3 0 0 0 0 0 9 0 4 0 -4 -2 0 0 0 0 6 0 -1 0 0 0 1 6 2 0 -3 1 0 1 1 -1 4 2 4 -2 1 -4 -1 1 2 0 0 2 -4 0 0 0 -2 1 -1 0 -3 4 1 -4 1 0 0 0 -3 4 2 1 8 41 1 -2 -1 0 -6 -1 1 -4 0 0 0 -1 0 4 -4 1 2 0 0 0 3 0 -2 1 -2 -3 0 0 0 1 0 0 0 0 -1 2 0 0 0 0 1 0 -2 -1 0 -3 0 -4 -2 0 0 0 0 -1 0 0 0 0 0 0 1 0 2 -1 1 4 0 0 -3 -6 4 -1 -4 -2 -1 1 0 0 1 1 1 -5 0 2 2 5 0 0 -5 5 0 1 0 4 0 0 0 3 -1 1 1 2 0 1 0 0 2 2 0 0 0 0 2 2 0 0 1 2
-2 0 4 0 0 2 0 -1 0 0 0 -1 -4 4 2 4 -3 -1 -2 -2 2 0 0 1 0 0 0 -2 -2 0 0 0 -1 2 -4 3 3 2 -1 -1 1 2 -2 8 -1 0 0 0 -2 -1 2 0 -2 4 0 -1 -2 0 3 -4 -1 1 -10 0 0 4 4 2 0 2 2 4 0 3 6 -2 1 -3 -2 -4 -2 -2 2 -2 0 -4 0 -1 0 -4 -4 -4 -2 0 0 0 2 -2 4 1 1 0 6 1 4 0 -1 0 -2 1 1 0 -2 0 4 0 0 -1 0 1 -5 1 0 -3 0 -3 0 4 0 0 2 0 -1 0 -2 -2 8 2 4 -2 4 0 1 3 0 -2 0 4 -2 0 2 1 0 4 0 0 0 0 0 4 0 -2 -2 -2 0 5 -2 3 -2 -4 2 2 0 3 -4 2 -2 0 0 -2 0 0 0 -1 1 4 -2 -6 0 1 1 1 55 0 3 3 6 8 3 0 -2 6 1 1 1 2 0 -4 1 -4 0 1 2 2 0 0 -4 -2 0 -1 2 1 0 0 2 0 -3 0 0 -2 5 2 -1 2 -4 0 0 -2 3 0 6 0 2 0 4 4 4 0 0 -2 0 0 8 0 2 1 2 4 -4 1 0 -2 0 -2 0 2 4 0 3 0 0 0 -2 0 2 0 -2 5 0 0 -2 2 7 1 0 0 0 -4 0 -2 2 0 0 2 -4 2 3 0 1 2 4 0 -1 -4 0 0 1 6 -6 2
0 0 2 0 2 0 0 0 0 3 2 0 -2 -1 2 0 -3 -6 -2 0 2 1 0 0 3 -2 0 -1 0 0 0 -1 0 0 0 0 -2 0 0 1 -2 -2 4 4 0 0 0 0 0 -2 -3 0 0 1 -2 0 -2 0 2 0 0 4 0 0 -4 0 -4 0 -1 0 0 1 0 0 -4 0 2 5 -2 0 3 -2 2 -6 1 0 -2 0 0 0 4 11 2 0 0 -4 0 -1 0 0 -4 -2 0 5 0 0 4 2 0 -5 2 4 0 0 0 0 2 0 0 0 -1 -8 0 0 -1 1 0 -3 0 -2 0 0 0 0 -4 4 1 -2 -4 0 4 0 2 4 0 0 4 0 0 -1 0 -2 0 0 -3 -4 -2 0 -1 0 0 0 -2 -3 -4 -1 0 2 1 1 0 2 -2 0 1 2 0 -2 0 0 0 4 0 0 0 -4 1 0 -8 -1 0 -2 0 39 0 0 4 2 1 -3 -4 0 0 0 5 -2 -2 4 0 0 0 0 -2 0 -1 -2 0 0 -6 -4 2 -1 0 -2 0 1 0 0 0 0 -2 0 0 -4 1 1 -2 4 3 0 -2 0 2 0 0 2 -5 1 2 0 0 1 0 1 0 1 2 1 0 0 0 0 4 0 -2 -2 2 0 0 1 1 0 0 1 3 -2 2 0 -2 0 -4 0 0 0 1 0 0 0 0 -2 0 -2 0 -4 -2 0 0 0 8 2 0 -2 -1 4 0 -2 5 0 0 1
0 -1 0 1 0 -3 0 0 3 0 0 0 2 -3 2 1 0 1 1 0 0 -4 -2 1 0 2 2 0 1 -2 0 -1 -3 3 0 0 1 0 0 1 -4 0 -2 0 0 -1 -4 -6 0 0 -1 2 -2 -1 0 0 0 1 -2 0 0 -1 0 0 0 -3 2 -2 1 -2 3 2 0 0 0 -1 2 4 -1 0 0 8 2 4 0 -1 1 1 0 4 0 -4 0 2 0 1 0 -2 2 -1 1 0 -2 0 0 0 2 0 0 0 0 2 -1 0 5 -1 0 -3 -2 0 0 0 0 4 0 0 1 0 2 0 0 0 0 1 -1 1 -1 2 0 -4 0 4 0 2 0 0 0 0 0 0 1 4 0 -1 0 -1 0 0 0 5 0 0 0 2 0 4 0 0 0 0 0 0 2 2 0 0 2 2 -4 0 4 0 0 0 1 -2 0 0 0 2 0 -1 3 0 25 2 0 2 -1 4 1 0 -4 2 1 4 0 3 0 0 -1 1 0 0 -1 -1 0 -2 0 -2 0 5 0 0 -4 0 2 -2 0 0 0 -2 -3 0 0 0 0 0 0 2 0 0 2 0 2 0 0 0 2 0 0 0 4 -1 2 5 -4 0 0 2 0 -2 0 0 0 -3 1 0 1 -3 0 -4 -2 0 4 0 1 0 0 2 -1 -4 0 0 0 0 -1 0 0 0 0 0 4 0 0 2 2 0 0 0 -1 -1 0 2 0 0 2 3 -4 -2
0 0 2 0 2 -1 0 0 1 -2 0 1 0 2 0 -2 -6 -1 0 -1 0 -2 2 1 0 1 -1 -4 -1 0 0 0 0 1 0 -2 -4 4 2 1 -2 2 0 0 0 0 0 0 3 0 2 4 0 2 2 0 0 -2 2 -2 0 0 -4 2 4 2 4 1 0 0 0 -2 -4 0 6 1 2 2 1 0 0 2 2 -4 0 0 0 -3 6 -3 -2 -1 0 0 0 2 0 0 2 1 2 0 5 -1 0 0 -2 -4 -2 7 0 1 0 0 1 0 1 3 6 2 -1 -4 0 -4 0 1 0 1 1 1 0 2 0 0 2 0 0 0 5 0 3 0 -2 -7 0 0 0 0 0 0 2 0 0 -2 -4 -4 -1 -3 0 -2 0 -1 0 0 -2 1 -1 6 0 1 0 -4 0 0 0 0 0 0 0 0 2 -1 0 0 3 0 -4 -2 0 3 1 0 3 0 2 37 1 1 -1 6 0 -4 -2 -2 0 3 2 0 0 0 0 0 1 0 0 0 0 2 1 0 -2 0 1 0 4 -2 1 -2 0 -1 0 0 -3 3 -2 -2 0 0 3 0 0 2 0 2 0 0 9 1 4 2 0 2 2 0 -2 0 -2 0 -2 0 0 -2 0 -4 0 4 0 0 0 0 0 0 0 0 2 1 4 0 0 1 -2 0 0 2 2 0 -2 0 -5 5 -2 -1 -1 0 0 0 0 0 0 0 2 1 -1 -2 4 0 0 2 -4 1
0 0 4 8 0 0 -1 -9 2 0 0 0 0 1 0 0 1 0 2 -2 -2 0 2 2 4 0 0 9 -2 2 0 -2 4 0 2 9 0 1 2 1 -2 -4 2 9 0 0 2 0 -4 3 -2 -2 0 -2 0 0 0 -2 0 -2 2 8 0 0 2 1 2 0 1 4 -2 -2 0 0 4 0 -2 -3 -2 0 3 -4 0 -2 0 0 -2 0 2 -2 2 2 -2 -4 0 2 0 2 -1 0 0 0 2 0 1 0 -1 0 0 0 -5 -2 0 -2 1 -2 -3 0 -2 0 0 0 -4 0 2 -4 0 2 0 0 3 -4 0 0 0 0 -1 -2 0 1 5 -2 2 -4 -2 -4 2 0 2 -4 0 -4 -2 -3 0 0 3 3 0 0 0 4 -3 4 -5 5 0 -5 1 -1 1 0 -2 2 -2 2 2 0 -2 0 -1 4 -2 -2 0 0 -4 0 -2 0 -8 -6 6 4 0 1 56 5 -1 0 -2 3 -4 0 4 -1 1 0 0 -1 -1 0 0 9 0 -8 1 -2 0 -4 -1 -6 4 0 4 0 0 -1 0 -3 5 -1 -3 2 -2 0 0 0 0 1 1 2 0 -10 0 2 1 0 3 -5 0 0 0 0 4 0 1 -4 0 4 0 0 -1 -2 0 -2 0 -1 0 3 0 0 2 0 4 2 -4 1 -2 2 0 0 0 -2 1 -3 0 2 1 2 4 0 0 -4 -2 0 0 0 0 3 0 0 -1 0 2 -6 0 2 -4 -3
-2 0 2 0 2 -2 0 0 3 0 0 -3 -2 -2 -1 1 0 0 0 1 5 0 4 0 -2 0 5 -1 3 0 2 2 1 0 1 0 0 2 -1 1 0 -1 0 4 0 -2 0 -8 0 1 -2 -1 -1 -5 1 0 0 2 0 -2 6 -1 -2 0 0 -2 0 -1 -2 -2 2 2 -4 0 4 -2 1 2 -3 -3 -1 2 3 -7 3 0 2 2 0 -3 0 1 0 1 0 0 0 2 3 2 1 1 3 4 -1 0 -1 0 -4 -1 -2 2 0 -4 1 -1 -1 2 0 0 -1 0 0 -3 0 2 0 -2 -4 0 2 0 0 -1 2 0 3 3 -1 0 4 -1 2 1 2 -1 -2 1 3 1 2 0 -2 0 1 -2 0 -1 0 -2 0 1 0 2 0 -3 0 1 3 0 1 1 0 4 -4 -1 0 0 0 0 -2 -2 0 2 0 2 1 -2 -2 4 -2 -1 8 2 2 1 5 29 -1 0 0 1 -4 -1 0 2 0 -1 0 0 2 0 1 0 -2 -1 1 0 0 1 2 0 0 1 4 1 0 1 1 0 -1 0 -1 -2 -2 0 1 -2 -1 6 2 2 2 -1 2 6 -3 -2 -2 0 -1 0 0 -3 2 0 -3 -2 -2 0 0 4 0 0 0 -1 0 2 2 0 0 0 0 -3 2 0 -2 1 0 0 2 0 0 0 -2 0 0 4 0 1 1 0 -2 0 1 1 -1 0 1 0 -3 0 -1 0 2 2 0 0 -6 4
-3 0 -2 -1 0 0 0 0 -2 0 2 2 0 0 0 -1 1 -2 -3 -4 2 0 -1 0 0 0 0 2 0 1 1 1 0 2 0 -1 1 -2 -2 -2 0 0 -1 -1 -1 -2 -2 0 0 2 3 -2 0 2 0 0 0 1 0 2 1 4 -2 0 0 -1 0 2 0 0 0 -1 0 1 0 -1 4 1 0 0 1 0 0 2 0 2 -1 3 0 2 2 5 -1 0 -4 -1 -1 -4 4 1 0 -3 -1 2 -1 -2 5 1 0 -2 2 2 0 0 -1 0 1 0 0 1 3 0 0 0 0 0 2 0 0 0 0 0 1 0 0 0 4 -2 0 0 -1 -1 0 -1 -4 0 2 0 1 0 0 3 1 1 1 -3 -2 1 -1 0 -2 -4 2 0 0 -1 -2 -1 0 0 0 -2 0 0 0 2 3 0 -1 2 0 -2 0 0 0 -4 -1 0 0 0 -1 1 3 1 -1 -1 -1 -1 26 -2 0 2 -1 -3 0 1 0 0 0 0 0 0 -1 0 0 0 0 0 0 -3 0 -2 -4 0 6 0 -2 0 -1 1 -1 1 2 0 3 -4 0 -4 1 2 0 -2 2 0 1 6 1 0 2 -4 0 -1 0 0 0 2 4 0 -4 0 1 0 0 -2 0 1 2 0 0 -1 -4 0 0 4 -2 -3 0 0 1 -1 0 1 2 2 -1 -1 3 -4 0 0 0 0 -2 -1 0 0 1 0 -2 -1 -1 -4 2 0 -2 4 1 0 0 3
-1 2 -2 2 0 -1 0 -4 0 2 -1 -2 0 5 7 -7 4 -2 -1 -1 0 0 0 2 1 2 0 -3 -2 -8 4 6 0 0 -2 1 -1 -1 0 2 -4 2 -2 7 3 0 -6 0 -1 -6 -6 0 0 2 6 2 -2 0 -1 -3 0 0 6 5 -2 0 0 0 -1 0 0 1 4 0 -2 5 4 -4 -1 0 3 -4 0 -3 0 0 3 -5 3 2 -4 -6 0 2 -2 0 0 -2 -4 0 8 7 0 -1 -7 0 0 0 -2 4 2 -1 0 0 -5 0 -1 2 6 1 0 4 -1 -2 0 -1 0 -4 -4 4 0 -2 0 0 0 3 2 -5 0 -2 2 5 0 -7 -4 4 0 0 -5 0 0 -2 0 -7 4 5 0 0 -3 5 2 1 0 0 1 2 -1 0 -2 4 1 -1 0 6 0 0 -8 -1 0 -6 4 -1 -2 1 1 0 -7 -6 0 -5 0 -4 0 -3 4 6 0 0 -2 67 2 0 -3 0 -4 0 -1 4 1 0 0 0 0 1 -4 2 1 0 0 2 1 5 0 0 -6 0 1 0 0 -4 2 0 2 1 2 3 1 0 0 -6 -2 -8 -2 0 -1 5 8 3 6 2 0 7 0 0 0 -4 -6 0 -4 3 2 0 0 7 1 -1 -1 0 0 0 1 -6 0 1 4 -2 0 0 4 2 0 -2 -2 0 -3 -1 3 0 0 4 0 -1 0 1 0 1 0 2 -1 0 4 -4 -1 4 -2 0 -1 0 2 0
0 0 0 0 -4 2 -2 0 -1 0 -4 0 -2 4 1 0 -2 1 3 0 -2 0 2 -2 -4 0 -1 -4 0 -6 -2 0 -4 3 0 1 2 1 0 0 2 0 -2 -2 1 0 0 -2 0 2 -1 0 0 0 0 0 0 0 -2 2 2 -2 -4 0 -1 -4 0 1 4 0 0 -1 0 0 1 -1 4 0 0 0 0 0 0 0 -2 3 0 2 0 1 0 0 2 -2 0 2 2 2 -2 1 0 0 1 0 0 0 -1 -2 3 2 0 -8 0 0 -8 0 -2 -1 -9 0 2 0 6 2 -2 -2 0 0 0 0 2 0 0 -2 3 0 -2 4 3 0 0 4 0 5 0 0 0 0 0 0 0 2 0 -8 0 3 -2 0 0 -1 0 4 4 0 2 1 -6 0 0 2 -2 -1 2 0 0 0 0 2 -1 0 0 -4 0 0 -4 0 2 -1 1 0 2 0 -2 -4 1 0 -2 0 0 2 35 0 -1 0 -4 -1 0 -2 -4 0 3 -3 2 -2 0 2 -2 0 0 0 0 0 0 0 -4 0 0 0 0 2 -8 2 0 -2 0 1 1 0 -4 1 1 0 0 -4 0 0 -2 2 -2 1 0 0 0 1 0 0 2 0 0 0 0 2 2 0 2 2 0 0 0 -1 0 -1 1 0 0 0 2 0 0 0 1 0 0 -2 0 0 0 2 -2 0 1 0 2 4 1 0 0 2 0 4 0 0 2 0 0 2 0 2 0 1
-2 0 -1 4 -2 0 -1 0 2 -2 1 5 -2 0 0 0 0 0 4 1 0 0 0 0 -6 0 0 5 -6 0 -3 0 2 0 -5 0 -3 0 0 0 -2 0 0 0 -4 -1 0 0 0 0 0 -4 -1 0 0 0 0 0 2 0 2 1 0 -1 0 -5 2 0 3 2 -4 0 4 -6 2 2 -2 -4 4 2 0 -4 0 0 3 0 0 0 0 4 0 -1 4 -4 -4 2 1 -2 0 0 0 -1 2 0 4 -2 -4 0 -2 -1 -4 2 2 -3 0 0 -4 0 0 0 1 0 4 0 0 0 0 4 0 0 0 0 2 -2 2 -6 2 -3 -1 0 0 0 2 0 -2 0 2 0 0 0 2 0 -2 1 1 2 0 0 1 0 1 2 -2 4 3 4 -1 0 0 0 0 0 0 0 -2 3 -2 0 0 -1 1 1 0 -3 -2 0 2 -5 0 0 0 0 6 0 0 -4 3 1 2 0 0 48 -4 0 0 0 0 0 3 3 0 -2 0 4 0 0 -4 -2 2 -2 4 -2 -1 0 0 0 -4 0 -2 0 0 0 -2 0 8 -4 0 -5 2 0 3 0 -1 -4 0 4 -6 0 -2 6 1 0 -2 -6 4 1 -8 3 -4 2 0 1 0 -3 -6 -6 0 0 0 8 2 0 -6 -3 -2 0 2 -1 6 2 1 -4 6 2 0 -1 0 2 4 -2 -1 -5 0 0 1 -1 0 -8 1 0 4 1 -2 0 2 4 -2 2 -2 2
-2 0 -2 -4 2 0 2 0 4 0 -4 -5 0 0 0 0 -2 -4 0 0 1 0 0 -2 0 0 0 -6 1 0 0 1 -2 0 0 4 2 -3 0 6 2 0 0 -3 -5 0 0 8 -1 3 4 1 0 4 4 2 -1 -2 0 -8 -1 2 0 0 1 2 2 0 1 1 1 -1 1 1 0 -1 0 -1 0 0 0 5 1 0 -1 7 -3 2 0 -3 0 4 -3 2 1 -3 0 1 3 -2 2 2 -4 1 0 6 0 0 -2 0 -2 -2 -4 2 1 2 -1 -4 -2 1 -2 1 0 -2 4 0 0 0 0 -2 0 0 0 1 0 2 0 4 -4 2 -1 -1 2 2 2 2 -2 -4 -5 0 0 2 6 0 -1 3 2 0 2 1 -3 -1 0 -2 1 5 -1 0 0 0 -2 2 0 -6 0 -2 3 -4 0 -4 0 -2 0 1 -3 0 0 -4 0 -7 1 0 1 0 -4 -2 -4 -4 -1 -3 -1 -4 48 2 0 -5 -3 -1 0 0 -4 0 0 -4 -2 0 4 1 2 2 -1 2 0 0 0 3 0 0 0 -2 -2 1 3 -5 -6 -3 0 0 0 2 -2 1 -1 0 2 0 -1 -1 -3 0 0 -1 0 5 -4 -1 1 -1 3 -2 0 1 -2 -4 0 -2 1 0 1 2 0 0 2 -2 -1 0 4 -4 -2 -2 -3 0 1 2 0 4 -1 -2 -2 0 0 0 -4 1 0 -2 -2 -2 0 4 1 -1 1 1 1 0 0 4 4 1
4 -2 0 0 0 -2 1 0 1 0 0 0 0 1 0 -2 -2 2 -2 0 1 -1 0 -2 0 1 1 0 0 -2 -1 0 0 1 4 0 0 -1 0 2 0 3 -1 1 0 0 4 0 2 0 0 0 0 -2 -1 0 -2 0 -3 0 2 -3 0 0 0 4 0 0 -2 -2 0 1 2 0 -7 -4 -1 -2 0 3 -3 -2 0 4 2 -4 0 3 0 0 2 0 0 0 0 2 3 5 -1 -1 3 -1 0 0 -1 2 1 1 0 -2 -2 0 0 0 0 0 -2 0 -1 -1 0 2 0 2 0 0 -2 0 0 0 0 0 0 1 1 0 0 0 4 -1 2 2 -1 0 0 -2 2 1 -1 -1 0 -4 0 0 -1 0 0 0 0 0 0 -2 0 0 -4 2 4 0 0 0 0 2 -4 -6 2 -7 0 2 1 2 1 3 0 0 0 -2 1 2 0 0 -1 -1 1 0 2 -2 0 -1 -3 0 0 0 2 31 0 4 -1 -1 0 0 0 2 0 0 0 1 -2 0 2 3 0 0 2 -1 4 0 1 -1 0 -1 1 0 0 0 0 5 0 0 2 -1 0 1 -2 0 -1 0 0 1 2 0 0 0 2 0 0 2 1 0 -2 -2 1 0 -2 2 2 -1 1 0 0 -3 0 -2 1 -4 2 7 0 -2 -2 8 0 -4 -1 -4 -1 0 -2 -2 -1 -2 0 -1 8 0 0 0 4 4 0 2 2 0 -2 0 0 1 1 2 0 0
0 2 2 4 0 0 0 0 0 -2 0 -1 2 -4 -6 4 1 0 0 0 0 0 0 0 2 0 0 -3 2 3 -2 -1 3 0 1 0 1 4 0 0 0 -2 4 0 -4 2 0 0 1 -1 1 1 -3 0 0 -2 1 0 2 -2 0 0 4 0 0 3 0 0 -1 1 -2 2 1 -4 -4 0 -4 2 -1 0 1 -1 0 0 -2 0 0 1 2 0 4 0 -1 2 1 -2 -4 0 2 0 -3 -4 0 0 3 0 -4 -4 1 0 4 0 -2 2 0 2 0 0 0 0 0 -1 0 -4 -1 -1 2 0 2 -2 2 0 -3 0 0 0 2 -3 0 0 1 -4 0 0 0 0 4 1 0 0 3 0 1 -2 -1 1 0 0 2 0 0 -2 2 -2 -2 1 2 0 -1 0 0 1 2 4 2 0 0 -2 -4 0 0 0 0 0 -2 0 0 1 2 4 0 0 1 5 1 0 4 0 0 -4 -4 0 0 0 34 2 0 -1 -3 0 1 0 0 -3 2 0 0 0 0 4 -2 0 0 -4 2 0 0 0 0 0 0 0 0 0 -1 0 1 2 5 0 0 2 -1 -4 -1 0 4 0 2 0 0 0 0 3 0 2 3 0 0 3 -4 0 -2 0 -1 -1 -4 -2 -2 0 1 0 -1 -1 0 0 3 0 0 -2 -1 2 0 -2 0 -2 0 0 4 0 0 -4 0 -3 0 0 0 0 0 1 0 0 0 0 1 -6 3 0 -1 -2
-1 0 3 0 0 -1 1 -1 3 2 1 1 0 0 0 -2 4 2 0 1 1 0 -2 0 2 2 0 0 0 5 -2 0 0 1 1 -2 1 0 0 0 -2 3 0 2 2 0 4 -3 1 -2 -1 -1 0 -3 0 0 0 4 4 4 0 2 0 0 2 3 -1 0 -2 2 0 0 0 1 4 0 0 10 -1 -4 -4 2 1 1 0 -1 0 -1 0 3 2 -2 2 1 -1 1 -1 -1 -4 0 4 0 5 -2 0 -6 0 2 -1 2 0 1 -6 -3 4 0 -2 0 1 0 4 1 2 2 2 2 -2 0 0 0 -1 0 -4 0 5 -1 1 0 1 0 -2 1 -1 1 -1 -1 1 4 3 3 4 2 0 4 2 2 0 0 0 1 2 -4 2 2 -1 -4 2 0 2 0 3 -2 -5 0 2 -4 -1 3 5 -3 1 0 0 -1 -2 -1 0 2 0 3 1 4 2 -2 4 3 -1 2 1 0 -1 0 -5 4 2 45 3 0 2 2 0 -2 -1 0 0 1 -1 0 3 1 0 5 0 1 8 -5 1 1 -1 0 -2 -2 -1 8 -2 -2 3 -4 2 0 3 0 0 -1 4 1 4 4 0 -2 1 0 2 -1 -2 1 4 2 0 3 -4 -4 -2 -1 -4 2 1 2 0 0 1 -2 1 6 4 0 3 0 0 2 -3 -2 0 1 -2 0 0 1 -1 3 -1 0 2 -4 0 0 4 0 1 0 -2 2 -1 -4 1 1 0 -2 0 -5
-1 0 0 0 0 4 0 3 0 1 0 5 0 0 0 0 0 0 -7 2 0 -4 -4 -6 -2 0 -1 2 -8 0 0 -4 0 -1 2 0 -2 1 0 -1 1 -4 -1 2 0 -2 2 -1 3 1 -3 0 -2 -1 4 0 0 0 -2 2 2 -1 0 0 4 0 -5 0 1 0 -1 -1 0 -2 0 2 0 0 0 5 0 -3 0 1 0 2 -2 -4 0 0 0 2 0 5 0 0 0 0 -2 -1 0 -1 0 2 2 0 0 0 1 2 -2 0 0 0 0 -2 -1 4 -4 0 1 5 0 0 1 0 -1 0 2 -2 0 0 -4 0 -2 -7 4 0 0 1 -1 0 0 2 2 0 0 0 -1 2 -1 0 0 2 -2 -2 0 0 1 1 0 1 -2 2 -1 2 0 0 0 2 -1 -2 0 1 0 0 -4 5 3 0 -2 -1 0 -4 -2 0 1 0 0 0 -2 -4 0 -2 0 2 1 0 0 -1 0 0 -3 -1 0 3 30 2 -2 0 -2 -4 1 1 0 -2 3 2 2 0 -2 -1 0 1 2 -2 1 2 0 -2 -2 0 -1 6 0 -1 0 -6 0 1 -2 0 0 1 0 1 3 -1 3 -1 0 0 0 -1 0 0 2 0 2 1 1 0 -2 0 0 1 0 1 -1 5 -1 0 0 4 0 2 -2 0 0 -1 0 0 0 0 0 1 -1 2 4 -6 1 0 2 2 0 -2 -2 2 -2 1 3 0 1 0 -2 1 2 2 -2 0
0 0 0 -2 0 -1 0 0 -1 3 0 0 0 -1 -4 0 6 -4 -4 0 0 2 0 0 2 -4 -1 3 -2 -1 0 -1 -1 3 4 2 -1 0 1 0 4 0 0 8 -1 -2 -4 -4 -2 -1 -2 -1 0 -10 -5 0 -1 0 -3 0 -1 -3 0 -1 0 -1 -2 -4 2 -2 1 1 0 2 0 2 -1 0 -3 1 1 3 2 0 1 -1 0 0 -2 2 -4 4 -2 4 -1 -3 0 1 -2 2 -1 -8 -3 0 0 0 0 0 -1 -2 0 2 3 -1 -1 -3 -5 -1 2 2 0 -2 -4 1 0 0 0 -7 2 -2 1 0 1 0 1 -1 0 2 0 0 2 2 0 0 -2 4 0 0 -2 0 2 -2 -1 -4 3 -2 -3 0 0 11 -1 -2 -4 2 2 0 0 3 -2 2 0 0 -1 -1 -2 0 2 -1 0 0 2 2 3 0 1 -3 0 0 -6 1 -5 1 -4 4 3 0 0 -1 0 4 -2 0 -1 -1 -1 0 2 61 0 0 0 0 -1 4 -4 3 4 -4 3 0 0 4 0 3 0 0 -7 -4 -1 -3 0 -2 -1 6 3 1 -2 -3 0 4 -3 3 1 0 -6 -1 -2 -4 2 0 1 6 -2 4 1 -2 -1 0 -1 0 0 0 1 -2 1 3 -2 -4 3 2 1 2 0 0 2 6 -6 0 3 0 -1 0 1 -1 1 1 1 2 4 0 -4 -1 0 -2 2 -4 -1 4 2 2 1 -1 2 2 -3 -2 2 -4 4 -2
0 -2 0 0 -4 4 3 -1 0 0 0 -1 0 -4 -4 0 0 0 0 0 -4 0 0 0 6 0 3 0 0 -2 -2 0 0 -2 -4 2 2 0 2 -2 -1 0 0 0 0 0 0 1 -4 0 2 -2 3 -3 -2 0 0 0 3 0 4 -2 3 2 0 -6 0 0 -4 0 -2 -2 0 4 0 0 0 0 -2 2 0 0 0 0 2 -2 4 0 0 0 0 -1 0 -1 -2 -4 2 0 -4 0 1 -1 4 0 2 0 4 0 0 -2 0 -2 0 0 0 0 0 0 8 -1 4 0 -2 0 6 0 2 3 0 -4 0 0 2 0 -2 4 -2 0 0 0 1 0 0 -2 0 1 0 3 0 0 2 0 2 6 2 0 4 2 1 -4 1 -2 -2 -1 -2 -2 -2 0 0 0 0 1 0 0 1 0 0 -6 2 -2 2 0 0 -3 1 4 -2 -1 0 2 0 2 1 0 0 0 0 0 0 1 -4 3 0 0 -3 2 -2 0 38 0 0 -2 1 1 0 0 0 0 0 -4 0 0 0 0 0 0 1 0 -2 0 8 -2 2 -2 -1 0 0 0 1 0 0 1 1 0 0 -6 0 0 0 1 0 0 0 -2 2 5 2 1 0 1 0 2 0 -4 0 -2 0 2 -4 4 2 0 -2 -2 -5 0 1 4 2 2 -2 -2 -2 0 4 -3 0 0 0 -4 -4 4 0 -4 0 -2 0 -2 0 -4 0 -3 1 4 0 0 0 4 0 -4
-2 0 4 -2 0 0 -1 -2 0 -2 2 0 3 0 4 1 -1 -4 0 2 0 1 0 1 2 0 0 0 -1 -4 0 0 0 0 -2 2 -4 3 2 6 0 -4 4 -2 -2 0 0 0 0 0 2 0 1 0 0 -2 4 0 1 4 -4 -2 2 1 0 -1 0 0 0 0 1 -2 0 2 -6 0 3 -4 0 3 -8 3 -2 0 1 0 -1 0 -2 -2 -1 1 0 1 0 -2 0 -1 -2 -2 0 -2 -2 0 -3 -4 -1 0 0 1 -4 0 0 0 -2 -4 0 0 0 -4 0 1 4 0 0 0 -4 0 -2 0 1 0 0 0 2 -2 1 0 -2 2 0 -2 0 -3 2 -2 4 2 0 2 0 0 0 4 1 -4 0 2 2 -1 0 0 -2 0 4 0 -2 2 -2 2 4 0 0 -4 0 -5 4 0 0 -2 -1 4 -1 -4 3 2 0 0 0 -4 0 0 -4 0 0 0 -1 0 0 0 0 3 0 0 0 2 0 0 0 32 -2 -6 0 -2 0 0 -6 0 0 0 5 0 0 0 0 0 -2 3 -1 -2 0 0 1 0 -1 0 0 0 -4 4 1 0 0 0 -4 0 0 2 1 1 0 0 -2 -2 0 0 -3 0 -1 0 0 1 0 0 -6 0 -2 -3 -1 0 0 1 -2 4 -1 0 0 -6 2 0 -2 4 4 -2 1 1 0 0 0 0 2 0 1 0 2 2 -6 0 -2 0 0 0 0 0 4 2 0 0 0 0
0 0 0 1 0 0 4 0 1 4 0 -2 -2 0 -2 3 -2 4 6 2 -2 1 -2 0 6 0 1 1 0 0 0 -1 0 -4 0 2 -2 0 -4 0 0 2 -2 -4 0 0 -1 -4 1 0 -1 2 -2 1 0 0 -1 5 -2 -4 1 0 0 0 -1 1 1 1 1 0 2 2 1 4 0 -1 0 0 -2 0 0 0 2 -2 0 6 0 4 2 0 -4 0 4 2 6 2 -2 1 -4 0 -1 2 5 0 -1 -1 0 0 -1 -2 3 -1 -2 -1 0 0 0 2 2 0 0 2 0 -2 0 0 -1 0 4 0 5 0 -4 0 4 0 4 -3 1 1 4 2 0 1 2 1 2 2 0 0 -2 -4 -2 1 0 1 1 0 4 0 0 0 1 4 -2 -1 0 0 -2 0 -2 0 -2 10 -2 0 1 4 -1 -1 0 0 0 0 -1 2 0 -2 -1 -1 -4 0 0 0 -1 0 -1 2 0 0 3 0 -4 0 1 0 -2 0 0 -2 38 -4 0 1 0 0 0 3 2 0 1 -2 -4 0 2 0 0 2 -2 0 0 0 -2 -4 0 1 -1 -4 -1 0 0 0 0 0 2 0 0 -1 -2 4 0 1 0 0 0 0 1 -2 -4 0 0 1 0 0 -2 2 1 1 0 -3 0 0 2 -1 -3 0 0 -1 0 -1 2 -2 -2 1 0 -4 -1 2 1 0 8 2 0 0 1 0 1 4 0 0 0 0 0 0 2 0 0 0 0 -1
-3 0 2 0 2 -4 1 -2 1 -1 0 -1 -4 -2 0 0 0 -4 1 -6 7 0 -2 0 0 -2 -2 -6 2 0 0 0 0 1 5 -2 0 -2 0 -6 -1 4 -2 -2 -2 -1 -1 0 1 0 5 0 2 2 0 0 -6 -3 0 -1 0 2 -1 0 -3 4 0 0 0 -2 -2 -1 -1 -2 4 0 -1 0 1 0 2 0 -1 0 0 -1 0 4 0 -4 0 1 0 0 0 0 2 2 3 -1 0 0 -3 0 -2 0 1 1 -2 1 -1 2 3 0 -2 3 -1 -2 -3 0 0 1 0 0 0 0 0 0 0 2 0 0 2 2 -1 -3 -2 0 0 0 0 0 0 -1 0 -1 0 0 1 -1 -2 -2 0 0 0 0 1 -2 0 0 -1 0 2 0 0 3 0 0 0 -4 0 0 0 5 -1 2 -4 -4 1 0 0 -4 4 4 5 1 0 0 1 0 0 0 1 0 1 0 0 0 0 0 -3 -2 0 2 0 -2 -4 0 -2 -6 -4 35 0 2 0 0 0 -2 0 -2 -2 1 0 0 2 0 0 0 2 0 -1 2 0 -8 2 -1 1 2 4 1 -2 0 0 0 -2 0 0 0 0 -2 7 0 2 -2 0 -1 2 -4 -1 0 0 0 1 0 2 -2 1 -1 0 1 0 0 -1 -2 8 0 0 3 0 0 0 0 -2 0 0 2 0 -5 2 0 -2 0 0 0 0 0 0 0 2 0 0 0 -1 0 -1 -4 1 -6 -1 0
0 0 2 0 0 0 1 0 0 0 0 0 0 -1 -1 0 0 0 0 0 1 0 0 0 1 0 0 2 0 -3 0 1 0 0 2 0 0 2 2 1 1 1 0 0 0 0 2 0 0 2 0 1 3 -2 0 0 0 0 0 -2 -3 -1 0 0 0 -1 0 -2 5 0 0 0 0 2 -1 -1 2 0 1 0 -2 -2 0 -2 0 0 1 0 0 -2 -1 2 0 1 -2 0 0 1 0 0 2 0 0 0 -1 0 0 0 0 0 0 0 0 0 -1 -2 -5 0 -2 0 0 0 -2 0 0 0 0 4 0 0 2 0 0 0 0 0 0 2 1 1 0 0 0 3 0 2 -1 0 0 0 0 0 0 0 0 1 0 -1 0 0 0 -3 5 1 -2 1 0 1 0 0 0 0 1 0 1 -2 -1 -1 0 0 2 -1 0 -1 0 0 -2 0 0 -2 0 3 2 -2 0 1 0 1 -1 0 2 0 0 0 0 -1 1 -1 1 0 0 0 13 1 0 0 0 -1 0 1 2 0 0 2 0 0 0 0 0 -3 0 0 4 2 1 0 0 -2 1 1 3 0 0 0 -2 -3 1 0 0 -2 0 -4 0 -2 0 0 0 0 0 0 1 0 2 0 2 0 0 0 0 1 -1 -4 0 -1 2 2 -1 2 0 0 0 0 0 -1 0 0 0 0 0 0 4 1 0 1 1 0 0 2 0 3 0 0 -2 0 -1 0 0 -1 0 1
0 0 1 2 0 -2 0 0 0 1 0 -4 -1 -1 -2 0 -4 0 -1 -2 -2 0 0 1 3 0 0 8 0 1 1 2 0 0 2 3 0 2 -1 -3 0 2 -2 2 1 0 0 0 -3 0 2 -2 0 -3 2 0 -3 2 0 -1 2 1 0 2 0 1 0 -4 2 1 0 -2 0 0 2 1 0 -4 0 0 0 -4 4 4 0 0 0 0 0 0 -1 2 0 -2 0 2 1 0 0 0 0 0 0 0 -2 0 0 -2 -1 1 0 -2 0 -2 0 -2 -2 -4 2 0 5 0 -5 -1 3 -1 0 0 -2 0 1 0 3 2 0 2 0 1 -2 -1 3 2 0 -2 -6 0 2 0 2 0 -4 0 -4 3 3 0 0 0 0 0 0 0 0 4 -4 1 2 1 1 0 2 -3 -2 0 -1 2 -1 -2 4 3 0 0 0 -2 2 1 0 -3 -1 0 -2 0 2 0 0 0 9 0 0 1 -2 4 -4 0 -3 0 1 4 1 -2 1 2 1 38 0 2 -2 -3 -4 2 1 -8 1 1 0 0 2 -2 1 -3 0 0 -3 4 3 0 0 0 3 1 2 0 0 -6 0 0 0 0 2 0 0 0 2 2 4 0 0 -4 0 0 -2 -2 0 -2 1 -2 -2 0 1 5 0 1 0 -2 0 2 -1 2 -1 5 1 0 -1 2 0 -3 0 0 -2 0 0 -1 0 2 0 0 0 0 1 1 0 0 1 0 -2 0 0 -2 0 -6
0 -1 0 1 0 0 0 1 -2 0 0 3 0 3 -4 0 -4 -1 0 0 -2 0 0 -2 0 0 2 -2 0 0 0 -4 2 0 0 0 0 0 0 0 -2 -1 0 -2 -2 4 0 0 -1 0 0 0 0 4 0 0 0 0 1 2 0 -2 0 4 0 2 0 2 4 2 0 0 4 -2 0 0 0 -2 -3 1 0 2 0 0 -1 1 0 2 0 0 0 0 6 0 0 2 0 3 -2 -2 -2 4 0 -2 4 2 0 2 0 -1 0 0 0 0 -1 4 0 -1 1 0 0 0 2 -10 0 -1 0 2 2 0 0 0 -2 0 0 0 3 0 0 0 0 -2 -4 0 0 0 0 0 0 -2 0 0 0 1 4 0 0 0 0 -2 4 0 0 0 2 -4 0 0 0 1 -2 -1 3 -2 0 -3 -1 2 0 0 0 0 0 0 -2 2 6 2 0 0 0 -2 0 -1 -1 0 0 -2 0 -4 0 0 -2 0 2 0 0 -4 0 0 0 0 0 0 22 0 -4 0 0 0 1 0 0 0 0 0 0 0 1 6 0 0 0 0 -2 0 2 0 -2 0 0 0 0 -2 0 -2 2 0 0 1 0 0 0 0 4 -2 -1 0 0 0 -7 0 0 0 0 2 -2 0 -1 -1 0 0 0 0 0 0 0 -2 -4 0 0 -1 0 -1 0 0 2 4 0 0 0 0 0 1 4 0 0 -2 -4 -2 1 0 0 2 0 0 0 1 0 -2
0 0 0 0 2 1 0 4 0 3 -4 0 0 3 0 0 0 -1 2 0 0 6 0 -2 2 2 0 -6 -1 0 0 1 0 -1 0 -4 1 0 0 2 0 0 -4 0 1 0 -2 1 0 -1 -2 0 3 -2 -3 0 -3 0 -2 0 -1 -4 0 1 0 0 -2 0 -2 0 0 -2 -1 1 0 0 0 0 4 -2 2 0 2 2 0 0 0 3 -2 1 -2 2 -1 -2 0 -1 0 0 2 1 2 -1 0 -2 0 4 1 0 -1 -5 2 -4 1 1 0 1 -2 1 0 0 0 -2 1 0 0 0 0 0 -2 -2 0 2 0 2 1 -1 1 0 0 0 0 -1 -2 1 2 2 -4 1 -1 1 0 0 0 2 4 4 0 0 1 0 0 -1 -2 0 2 -2 -4 1 0 0 0 1 0 -1 0 0 1 -2 6 0 1 5 -2 -2 3 0 0 2 -3 1 0 1 0 -2 -1 0 -8 -1 0 2 2 0 0 1 0 1 -2 3 0 0 0 0 0 2 0 23 -2 0 -2 1 0 2 0 0 -4 0 0 -3 0 0 -2 0 1 -2 -2 4 2 0 0 0 2 0 1 2 0 0 0 2 0 -2 2 0 0 0 1 -4 0 1 1 0 -1 -1 1 1 2 0 -1 0 0 -2 0 -4 2 0 -1 0 1 0 -2 0 -3 0 1 0 0 0 -1 0 0 2 0 0 0 0 0 0 0 0 3 0 0 -2 0 2 0 3 0 0 0 -2
0 0 0 -2 0 2 0 0 0 -1 0 0 -4 4 0 -4 4 -2 -4 1 -2 2 -1 -1 2 0 -4 0 2 0 2 1 0 0 4 3 2 0 2 4 4 1 2 5 -2 0 2 0 -1 0 3 0 1 -4 1 0 0 2 0 -6 0 0 0 2 2 0 -4 1 1 -2 0 0 0 1 -3 6 -6 10 2 2 0 0 0 0 -1 -2 0 2 -3 6 0 0 -6 3 0 -2 0 2 3 -1 1 -4 0 -2 0 0 -1 -4 1 0 0 0 0 0 2 0 0 4 2 6 0 0 0 0 2 2 6 4 0 0 0 0 0 1 0 3 0 0 -2 0 0 -4 -4 0 4 0 0 -3 0 1 0 4 -2 0 -4 -4 2 4 1 4 0 1 2 0 0 1 2 -5 0 0 2 0 0 -1 0 2 -1 1 -2 0 -1 3 2 3 2 0 0 4 -2 -1 0 -2 -4 0 0 0 1 1 0 1 -2 -4 4 -2 0 -1 3 4 0 -6 0 0 0 -2 -4 -2 45 -2 5 -1 0 0 0 0 2 0 9 0 0 0 0 -1 -3 0 0 -3 4 0 1 -6 -2 0 -4 0 6 4 2 -2 0 0 0 0 0 0 1 0 0 0 0 1 0 1 1 -2 9 0 1 0 2 -2 0 2 -4 0 0 2 -1 0 0 -3 0 0 -6 1 0 2 2 0 2 -4 -2 0 0 0 0 -1 0 0 -1 6 -4 0 0 0 -1 2 0 -4 0 2
0 0 0 0 1 2 -2 -2 -2 4 0 0 1 0 3 3 -2 0 -3 0 5 -4 0 -2 5 0 3 -1 -2 0 0 -1 0 0 2 -2 -8 -4 -1 0 0 0 1 2 0 0 0 -1 5 0 -3 0 0 0 0 0 -2 9 0 0 1 0 2 0 -2 4 -2 2 -2 4 -2 5 0 0 0 4 -1 2 0 4 0 0 3 1 0 -2 -1 0 0 -4 0 0 0 -2 0 2 -2 -1 -2 0 -4 0 -1 1 2 0 0 0 -1 0 -1 1 2 -2 -3 0 2 4 -2 1 -1 0 2 -2 -3 0 -6 5 -1 0 0 0 -4 -1 -2 0 0 -5 -4 0 0 0 -1 -1 4 0 0 0 -1 -2 0 4 0 3 0 0 -3 -4 0 4 -4 0 7 3 -2 -8 0 6 -1 0 -1 0 0 -2 -9 0 1 0 0 2 2 0 -1 2 -2 4 -1 -4 8 2 -2 -3 -2 0 -2 2 -2 0 0 0 0 -2 1 0 0 0 2 -4 0 0 3 -2 -1 -3 0 0 -2 38 -2 0 -2 0 0 0 0 0 0 6 -1 1 2 2 2 0 2 -2 0 0 1 0 2 -1 0 2 0 0 0 0 0 0 0 0 0 2 -5 0 -4 -7 0 0 2 -2 0 0 0 -4 0 4 -1 2 0 -4 2 -6 -2 0 -2 -1 2 0 0 -2 0 -1 -1 1 0 0 -3 1 4 -2 0 1 0 0 0 0 0 1 2 0 1 0 1 -4 1 2 0 1
0 0 -8 2 2 -6 -2 0 1 -2 -4 2 0 2 10 0 0 1 2 -2 0 3 0 0 0 1 -4 0 0 -2 -2 -1 0 4 1 0 -2 0 -2 0 -4 2 -4 2 0 0 -2 0 0 3 0 0 4 -1 2 -2 3 0 0 0 0 -3 -2 0 2 0 0 1 0 -4 2 -6 0 0 2 1 -3 0 0 8 2 0 -2 -4 4 0 0 0 2 -4 2 -6 1 0 -3 1 0 -3 -4 1 -1 4 1 -2 0 2 -6 -1 -3 4 0 0 0 -4 -2 0 -2 2 -4 -4 3 2 -2 4 0 -2 0 0 -2 0 0 1 1 2 4 -6 0 4 2 2 -4 6 0 -2 0 0 -2 -1 0 0 0 -6 1 1 0 0 0 0 0 4 0 0 2 0 -1 1 -2 -1 0 0 0 6 1 2 2 0 3 4 -1 0 -1 0 0 2 -4 2 0 -2 6 0 1 0 0 -6 0 1 0 0 0 0 0 2 2 2 0 3 2 3 0 0 2 0 0 -4 0 -2 5 -2 52 4 4 0 2 0 0 0 1 0 -4 -2 2 2 -2 0 1 -3 0 -2 1 0 2 1 0 -2 4 3 -5 0 -2 0 0 0 1 8 0 6 -6 -2 2 0 -2 0 0 -1 0 -3 -2 0 4 0 1 6 -6 2 0 2 5 0 5 0 -6 0 -3 0 0 -3 2 0 2 -2 -2 -2 -4 0 0 -3 0 0 -3 2 0 2 2 2 3 -3 0 -2 0 4
1 0 0 0 6 -2 -2 0 -1 3 0 0 0 -1 4 0 0 0 -2 0 1 0 2 0 -3 1 -2 0 2 -2 0 0 0 -1 0 0 0 2 0 2 0 1 0 0 0 0 -2 -1 4 -1 2 -1 -2 0 0 0 2 0 2 2 -4 -4 0 0 0 -4 1 -2 0 0 4 1 3 2 -2 -1 1 -4 -1 4 1 -2 0 -2 0 0 0 1 0 -4 2 -4 0 1 0 2 -2 0 2 0 5 0 -4 -4 0 -1 -5 0 -2 4 0 0 2 0 0 -2 0 0 0 2 0 -1 0 -4 -2 -2 2 0 0 0 0 0 0 1 4 -3 0 1 0 2 -3 -1 -2 2 -2 0 0 5 -2 0 0 5 -6 0 0 0 0 0 0 -4 0 -5 2 0 -1 -4 -2 4 0 0 0 0 0 3 0 -3 1 0 2 2 1 0 0 0 0 -5 0 0 0 3 0 0 -1 -4 -2 0 -4 1 -3 2 0 -2 2 3 4 1 0 0 -4 0 0 -2 1 2 0 1 -1 0 4 32 0 0 -4 -2 0 0 0 0 0 -5 3 0 0 2 0 4 1 -2 0 -2 5 1 -2 -1 0 1 6 0 0 2 -1 0 0 0 -2 3 0 0 0 -4 0 0 -2 0 2 0 -2 0 0 4 -1 2 -1 0 0 2 2 -2 0 5 0 0 2 -2 -6 0 0 0 0 1 0 -2 4 0 0 -2 0 2 0 0 0 0 0 0 -1 1 -3 -5 4 -2
0 0 0 0 0 0 -6 -3 -2 0 0 0 0 -1 7 2 -4 0 2 0 2 0 0 1 -3 0 0 -1 2 1 1 -2 1 0 0 0 0 0 0 2 2 2 -2 -2 0 2 0 0 0 0 1 2 1 0 0 -1 0 1 0 0 -2 0 0 2 -2 1 0 0 3 -4 0 -1 -2 6 -1 0 -3 0 0 0 1 -1 -1 0 3 0 -1 0 -4 -2 -4 0 -1 0 0 -1 2 -2 0 1 -2 0 1 1 -3 -2 0 2 -4 0 1 1 -2 -4 -6 2 -4 0 2 -1 0 0 0 -2 -1 -1 -4 -2 -4 4 -1 0 1 0 2 0 -1 2 2 3 1 0 -1 -4 4 -2 0 0 0 0 -1 -2 0 -1 2 -1 0 1 1 0 0 0 3 2 1 0 0 -2 -1 0 0 0 1 -4 -1 0 -3 0 0 0 0 2 0 4 1 2 0 0 0 -1 0 0 2 2 0 -2 -1 2 0 1 0 4 -1 0 -2 0 -2 0 0 5 1 -2 2 1 1 0 0 -2 4 0 27 0 -2 -2 0 0 0 0 -4 1 2 0 0 0 -1 0 1 0 -2 0 0 -1 0 0 0 3 0 2 2 0 -3 1 -1 -3 0 -1 0 -1 0 0 -1 -5 0 0 0 0 -2 0 1 -2 0 4 0 0 0 -2 -3 0 0 0 1 2 1 -1 1 0 3 2 0 -2 0 0 0 1 0 0 -2 0 0 1 0 0 0 0 -2 0 2 -2 0 1
0 0 -2 -4 -2 -8 -1 2 1 0 0 0 2 0 -6 0 6 1 0 6 0 -1 -2 1 3 0 2 -3 0 0 0 -1 0 0 -2 -9 0 0 0 1 0 0 2 0 0 -4 -1 0 1 -2 0 1 4 -2 1 -4 0 0 4 -1 -2 2 0 4 0 0 0 0 0 0 3 4 2 -4 0 -2 -1 4 -2 0 0 2 4 2 0 0 0 0 2 0 0 -1 2 4 -5 -3 0 0 0 0 1 2 2 1 2 -4 1 2 0 0 2 2 -1 1 2 -1 0 2 0 0 0 0 10 0 2 0 0 0 -1 -4 0 0 -2 0 1 0 0 2 -1 0 -4 1 0 3 7 2 -1 2 -2 -2 4 1 2 0 0 0 3 1 0 6 2 0 -1 -3 4 3 0 0 0 0 0 -2 2 1 1 0 -3 0 0 -2 -2 0 2 -2 1 2 0 2 3 10 5 1 1 -1 5 0 -6 0 -2 5 0 -2 2 0 0 5 -1 4 0 0 -2 1 0 -8 0 2 0 0 0 0 0 48 0 0 -6 -6 4 2 0 0 0 -2 5 1 -2 -3 0 0 -1 0 0 3 0 5 1 0 0 4 -1 -1 0 6 1 3 2 -5 0 3 -2 0 -1 -1 0 1 4 1 1 0 0 0 2 -2 0 -1 7 0 1 0 0 0 1 -3 2 4 0 -4 -5 0 1 -2 0 -3 -2 2 0 0 0 0 2 0 0 4 -1 0 -6 -7 4 0 -6 2
2 -1 1 0 0 0 -4 4 -6 0 0 -4 0 0 2 -6 1 0 6 0 0 0 0 -2 2 0 0 0 0 0 0 1 0 0 4 0 4 0 0 0 -1 4 0 0 2 -4 4 -3 -3 2 -4 0 1 0 -2 0 -3 0 0 0 0 4 4 0 0 0 0 -6 -2 -4 -2 0 -5 0 -2 1 -4 0 0 0 4 0 -4 0 0 -6 0 4 0 0 4 0 -6 0 1 1 -2 6 -2 -2 2 2 -6 0 0 1 -2 0 -4 2 -2 0 -6 1 -8 -4 3 -5 1 -1 0 2 -1 4 2 -2 0 -1 0 0 2 2 0 0 -2 8 -1 0 0 7 2 0 0 -5 0 -2 -2 0 0 0 -4 -6 0 0 5 2 -4 0 0 0 0 8 0 -2 0 -9 3 -4 0 0 -2 1 0 4 -2 1 0 2 0 3 0 -1 0 1 0 0 0 0 0 0 2 0 0 0 0 1 4 0 -4 0 0 -1 0 2 0 0 0 0 0 0 -4 0 0 1 0 0 0 0 2 -4 -2 0 63 0 -2 1 2 0 2 0 0 0 0 3 0 0 0 -2 -2 2 2 0 0 0 0 -2 0 -1 1 -4 -1 0 1 0 2 -2 0 2 1 4 6 0 0 -3 -4 0 0 0 -2 0 4 0 -1 -3 -2 -4 1 -2 -1 1 2 0 0 0 0 0 0 2 0 7 0 0 -4 0 1 -2 4 0 2 8 -4 -3 2 0 0 -2 0 2 0 0
0 2 0 0 0 -1 0 4 1 0 0 0 0 -2 0 1 0 0 -1 1 0 -1 -2 -2 -2 0 0 0 0 2 0 -1 0 0 2 2 -1 -4 0 0 2 -1 -1 4 0 0 4 0 1 -3 -5 0 2 -6 -3 0 1 0 0 -4 -2 1 0 0 0 -5 3 -3 5 1 2 0 -1 1 0 -2 1 0 1 -1 0 2 0 2 -1 0 0 -1 0 0 -4 5 2 4 0 0 0 0 1 -2 -1 1 3 0 0 -1 0 0 -4 0 0 -1 0 1 0 -4 -4 2 0 0 0 0 -2 -2 0 2 -2 0 0 0 4 -1 -1 0 2 0 -3 2 2 0 -1 0 -4 2 0 0 -2 0 2 0 5 2 0 0 0 0 1 0 0 -1 0 -2 -2 2 -1 -3 0 2 2 0 0 0 -2 10 0 -4 0 -1 1 -2 -4 0 0 0 2 1 -1 1 1 -2 -4 0 0 -2 0 0 0 1 0 0 0 0 0 -1 -4 1 1 3 0 0 0 0 2 1 0 0 0 0 0 -2 -2 0 0 28 -2 0 -3 0 5 -4 0 0 0 6 1 0 0 3 5 2 2 -2 0 0 0 -2 -4 1 -2 2 -2 -2 0 0 -4 0 0 0 2 -2 2 2 0 2 0 1 0 2 -1 2 0 0 -1 0 0 4 0 0 0 0 3 -1 -2 2 0 2 0 0 0 4 0 1 0 -3 -5 -2 -1 0 0 3 -3 0 0 -2 -1 0 -1 0 -4 0
-3 0 -2 0 0 -1 0 0 0 0 2 0 0 -2 -3 4 0 1 -2 0 0 0 -4 1 0 0 0 6 0 6 -2 0 0 -1 2 1 4 0 0 0 0 -4 4 3 -1 0 -3 0 2 0 4 0 0 3 0 2 1 0 0 0 2 0 -2 0 1 2 0 -6 0 1 -4 0 1 0 5 1 0 0 1 0 -2 0 -2 2 0 1 2 0 4 0 0 2 2 2 0 -3 0 0 0 0 3 0 0 0 0 0 0 0 0 4 -1 4 0 0 -2 4 0 5 -2 0 0 3 2 0 0 -4 -3 2 2 2 2 0 0 0 -1 0 -2 -2 3 0 2 0 -4 -6 0 -1 2 0 0 -5 2 -2 2 2 0 -8 -4 0 2 -1 -1 -2 6 0 -1 -2 2 -2 0 0 1 1 -2 1 0 -2 0 2 1 0 0 -2 0 0 -3 -5 -2 1 0 8 -1 0 2 0 -4 4 4 4 6 -6 -4 0 0 4 2 8 2 0 0 0 2 2 0 0 0 -4 2 0 0 0 0 -6 -2 -2 54 -2 -4 0 0 0 0 2 0 -4 -4 0 -2 -4 1 0 -1 2 -4 0 4 0 12 -2 0 4 2 4 0 2 -2 0 0 0 -1 -1 -4 0 -4 -4 -2 0 0 2 0 0 0 3 1 2 -4 0 0 2 -1 1 6 3 0 -2 0 -4 0 -2 -2 4 0 -1 0 -4 0 0 -2 0 -2 -4 2 -4 3 -2 4 4 3 0 -4 -2
0 0 6 0 -2 0 0 0 0 0 0 -2 2 0 -2 0 -2 2 0 0 0 0 0 0 1 0 0 0 0 1 0 0 1 0 0 5 2 -1 -1 1 0 0 0 0 0 2 0 0 -5 0 -1 0 0 -1 -2 0 0 0 2 0 0 -1 0 0 0 0 0 0 0 0 0 -1 1 0 0 0 0 0 0 -1 0 1 -1 -1 0 0 0 0 0 0 -4 -4 0 0 1 0 0 1 2 0 -1 -2 -2 0 0 4 0 0 -4 -2 0 0 0 0 0 1 -1 -1 -3 -5 -2 -1 1 -4 1 0 0 0 0 -2 -4 -4 0 0 -1 0 0 0 0 0 4 0 1 -1 0 0 0 0 0 1 1 2 0 0 4 3 0 0 -1 -1 -2 0 0 1 1 0 0 0 2 0 -2 2 0 -1 0 0 0 2 0 0 0 0 0 -1 0 0 0 0 0 -6 -2 0 0 1 0 -2 0 1 0 0 0 0 3 0 0 -5 -2 0 0 0 0 0 0 0 0 0 0 0 0 0 0 -6 1 0 -2 20 -3 -3 -4 0 0 4 -1 -2 0 0 2 2 0 0 0 -1 0 1 0 1 -2 -4 1 0 2 0 1 0 -2 0 0 2 -1 0 0 0 2 2 -4 0 0 1 1 2 1 0 -1 -2 0 0 -1 1 -1 0 -2 0 0 2 0 0 1 4 -2 2 0 1 -1 -1 0 0 -1 0 0 0 -1 -2 -1 0 0 2 0 0 5 0
0 -2 -4 0 0 4 -1 0 0 0 0 -2 2 0 0 0 0 -2 -2 4 1 -3 0 -2 -4 0 2 -4 1 2 0 2 0 1 1 2 -2 1 -3 0 -4 1 0 0 2 -4 4 0 1 1 0 0 6 0 -1 -2 1 0 3 -2 0 0 0 8 1 0 -4 0 -4 0 0 -1 -1 0 -2 0 -2 10 5 -1 0 2 1 0 0 0 0 0 0 4 0 0 -2 1 0 -2 0 0 1 0 0 0 -6 0 -2 0 0 -1 0 1 0 1 0 0 3 0 1 2 -1 2 0 0 2 -2 0 2 2 1 0 0 0 -1 0 0 0 2 0 0 0 0 0 -1 0 -2 -1 0 0 -1 0 0 0 0 0 0 -5 2 0 0 0 0 1 0 2 2 -2 2 6 0 0 0 4 -2 -3 0 0 0 0 -3 0 0 2 4 0 0 1 0 0 4 0 4 4 -1 -3 0 2 1 0 0 -2 1 0 -4 0 1 0 1 1 -7 1 -2 0 0 0 2 0 0 9 0 1 0 0 4 2 -3 -4 -3 35 1 -4 0 0 3 -3 0 -4 2 0 2 -2 -4 -4 0 0 1 4 0 -3 0 -6 0 -2 1 2 -3 4 -2 3 0 2 0 -1 0 0 1 5 0 -2 0 0 -2 0 0 0 0 0 0 1 0 -1 1 -6 -3 -7 2 0 0 -1 -2 0 -2 -4 -3 -2 2 -1 0 0 0 0 0 -5 2 -2 1 0 1 2 0 -8 0
-1 0 -2 -1 0 2 0 1 -2 0 0 1 -4 1 -2 2 5 -1 0 0 0 -2 -2 -1 2 0 3 2 0 -2 2 0 0 0 0 0 -4 0 0 -1 0 2 0 0 0 -1 0 1 10 0 2 0 2 2 4 0 0 0 0 0 -1 1 2 2 2 0 -4 0 4 6 0 1 1 0 -2 -2 -2 4 -5 4 -3 0 1 -5 0 0 0 0 0 1 2 0 0 2 0 -4 -2 2 0 0 -2 3 0 0 -1 -1 -2 -3 2 2 -3 0 -3 0 0 1 4 0 -2 3 -2 1 2 0 -4 0 2 1 -2 0 2 2 -2 0 1 0 2 -2 -3 0 0 0 6 -1 0 0 2 -2 2 2 -1 0 -4 0 -1 0 0 -1 0 -1 0 0 0 0 1 1 1 0 -1 1 -1 0 -4 1 -4 0 -2 -1 0 3 0 -6 0 0 3 4 2 -8 3 0 0 2 0 0 -2 -2 -1 1 0 0 0 0 0 -1 0 1 2 -4 0 3 2 0 0 -2 0 -3 0 6 0 0 0 2 0 0 0 -3 1 36 -3 0 2 0 1 2 -3 -1 0 -2 1 2 -1 0 -2 0 -4 0 -1 0 -4 -4 -2 0 -2 0 0 0 -4 -6 1 0 4 -2 0 -1 0 -4 -4 0 -2 -2 0 0 1 0 2 0 1 0 -1 -4 -2 0 1 -7 0 2 -2 -2 1 2 -4 0 -1 0 0 -1 -2 0 0 0 -1 0 0 -2 2 0 3 0 0 -4
0 2 2 0 1 0 2 0 1 1 0 0 1 -1 -5 0 2 0 0 -2 0 0 -2 0 1 0 1 0 1 0 -1 -1 0 -2 2 0 2 0 2 0 4 0 -1 -1 0 0 0 -2 5 0 0 4 1 4 2 0 0 0 -1 0 0 0 0 0 0 0 0 -2 4 4 1 0 -1 0 0 -1 1 0 0 -2 0 0 0 1 -2 0 -1 -1 0 2 4 5 0 1 -2 0 1 5 0 -1 -2 2 3 -1 0 3 0 1 4 2 0 0 0 4 0 0 -2 0 4 -2 0 0 -1 2 0 0 2 0 2 0 -2 0 0 -1 0 0 -2 -1 0 0 -2 0 2 2 0 0 -2 4 2 0 0 -2 0 -4 1 0 1 0 0 0 0 0 -4 2 0 -3 1 0 2 0 0 3 0 2 -3 -1 0 4 0 1 0 -1 0 -4 0 1 0 0 0 0 3 0 0 0 0 0 0 1 -1 0 0 -2 0 0 0 -1 0 -1 -2 -1 -2 2 0 1 1 0 0 -1 -4 0 -4 0 2 5 0 -4 -4 -3 27 0 0 0 2 -2 3 1 0 0 4 0 2 -2 -2 0 -1 -1 0 0 1 0 0 0 0 -1 -3 -2 1 0 2 0 0 -4 0 1 2 0 0 2 -2 0 0 -2 0 0 4 1 1 2 -6 0 4 -1 4 0 0 0 -2 0 0 -1 -2 2 0 0 -2 -2 -1 0 0 0 -1 0 2 2 0 -5 -1 0 4 0
0 -2 0 -2 2 -2 -1 0 0 0 0 1 -3 1 -2 -1 2 0 0 0 1 -2 0 -2 -3 0 2 -5 0 4 0 -3 -1 1 -4 0 2 3 -2 -3 0 -1 0 -2 1 2 -4 0 -2 -4 0 1 -1 4 0 4 -2 0 0 5 3 -4 0 0 0 1 -1 2 0 0 -4 0 0 -3 0 0 0 1 0 -5 1 1 -2 2 1 0 0 3 0 9 2 -5 0 -4 -1 0 4 2 0 4 -1 0 -1 0 0 2 2 -2 6 -2 0 2 0 0 -2 6 4 0 -1 0 0 0 0 -2 -2 -1 0 0 0 0 -2 -2 0 0 0 4 0 0 0 -4 -2 -1 0 -5 2 0 4 -4 0 0 0 0 4 -2 0 0 -2 -3 0 4 4 0 0 -4 1 -3 -3 -1 0 0 0 0 1 -2 -4 0 0 -1 0 0 0 0 0 0 -1 0 5 0 0 0 4 0 -2 0 0 -1 -3 0 1 -4 2 0 -2 -1 0 0 -2 -3 0 -2 0 0 -3 -3 6 0 0 1 -2 -5 1 0 0 -4 0 0 0 0 0 32 -1 0 0 -4 0 -4 1 0 -4 -1 0 -3 0 4 -2 0 -1 -2 0 0 0 0 -1 -1 0 -2 -2 0 -1 0 -1 0 0 1 0 2 0 0 -2 -2 0 -4 -1 0 -2 -4 1 2 -4 -4 0 -3 0 -1 0 0 -3 2 2 0 0 -1 -7 0 0 1 4 0 0 -2 0 0 1 0 2 -2 -1 2 -1 -2
0 0 0 0 0 2 0 -3 0 0 0 1 0 1 0 3 0 0 2 0 1 0 2 3 1 1 5 1 0 -2 0 0 0 0 0 2 -2 0 0 0 1 3 0 0 -1 0 0 0 2 1 -1 0 1 4 -1 -2 0 0 0 0 0 0 -4 0 2 0 1 0 0 2 0 0 1 2 -1 0 -1 -4 0 3 1 0 0 0 4 0 0 -1 0 0 1 -1 0 -2 0 -3 -1 0 -1 -2 1 -2 1 -2 0 0 -2 -2 0 2 -2 0 1 0 0 0 2 0 16 0 0 0 0 -2 -2 -1 0 0 0 0 0 -1 6 -1 -4 -2 -1 0 3 0 0 0 2 -1 0 -1 0 0 0 0 0 0 0 4 0 0 0 0 0 0 0 0 0 0 1 1 -2 0 0 -1 0 0 0 1 -2 1 2 -8 -2 1 1 0 0 0 0 3 -1 -2 0 0 0 0 5 -2 0 0 5 -1 -1 2 -8 0 -2 1 0 -2 -2 0 8 0 0 -1 0 0 0 -2 0 2 2 3 2 0 0 0 0 0 0 2 0 -1 28 2 0 -4 1 -1 0 2 1 0 5 0 4 -1 0 1 0 2 1 0 -2 0 0 1 0 9 0 -2 0 0 1 -2 0 0 0 -1 0 -1 0 -4 0 0 0 -3 2 0 0 0 0 0 0 0 0 -1 0 0 0 0 0 0 0 1 1 -8 0 1 -2 -4 0 -7 1 0 1 0 -2 0 -1 0 1 -5
0 0 0 0 -4 -2 -1 -4 0 0 -5 -2 0 -4 0 4 0 0 4 2 4 0 0 -3 0 -2 -1 0 1 0 -4 -2 4 2 0 3 0 0 0 -1 1 0 2 1 0 -1 -2 0 0 0 0 -2 6 6 0 -3 0 0 0 0 0 -1 -2 0 0 -1 0 0 0 0 2 0 0 -2 0 0 -2 0 -1 -2 0 0 0 0 0 0 0 -2 0 0 0 1 0 -3 -1 0 0 0 2 0 0 -1 -4 0 0 4 -1 0 0 4 0 1 0 0 1 0 -1 0 -4 0 0 0 7 -1 0 0 0 0 0 6 3 0 0 0 0 0 0 0 2 0 -2 4 0 0 0 0 0 0 0 -2 -2 0 0 -1 2 -1 -5 -2 0 0 -2 1 0 2 -2 1 1 2 0 1 1 4 0 0 0 0 0 0 -1 -2 0 0 -4 0 1 0 0 0 2 -2 0 0 2 0 -2 0 -1 0 1 0 2 0 1 0 0 -2 0 -2 -2 0 0 2 0 0 0 0 -1 2 2 0 0 -2 0 0 2 4 3 0 0 0 2 31 1 -3 0 0 0 0 0 -2 6 0 3 -2 0 -2 2 -4 0 0 0 5 0 1 1 0 0 0 0 -4 0 -1 0 3 0 4 -4 0 0 -2 2 0 0 0 1 0 -2 0 0 0 -3 0 0 0 0 -1 0 0 0 0 0 -4 0 0 -4 0 2 0 0 0 -4 -3 0 4 -2 2 4 0 0 2
0 0 0 -4 2 -6 0 0 -4 0 0 0 0 1 -3 -2 -1 0 0 0 2 2 0 4 6 0 1 1 1 -2 0 1 0 -2 -1 -1 3 -1 3 0 2 0 0 -1 0 0 0 2 1 -2 1 1 7 -2 1 0 -2 0 -1 0 -4 0 2 0 0 -4 -2 0 0 -1 1 1 -1 2 0 0 1 -2 0 0 0 -1 1 0 0 0 0 0 0 -2 3 -1 4 1 -4 -1 0 0 1 0 1 0 2 0 0 0 1 2 0 -1 0 -1 1 1 -2 3 -1 2 1 0 0 1 -2 2 0 0 0 2 -4 2 0 0 0 0 1 -1 -2 1 0 0 -4 1 0 1 -1 2 -1 -1 0 0 0 0 2 0 2 2 -2 -2 0 0 0 0 2 -3 1 0 1 1 1 0 -1 2 0 2 4 0 -4 -2 0 0 2 0 1 -1 1 -1 -12 1 2 -1 0 1 -1 0 -3 -3 -3 -1 2 2 0 -2 3 0 0 -1 -1 -1 2 1 -2 0 4 -3 0 1 -3 2 -2 0 0 5 0 0 0 -1 -3 1 2 0 0 1 27 -1 -2 0 0 -1 2 0 1 0 0 0 0 -7 0 0 -1 0 0 2 2 2 0 2 4 -2 2 0 -1 -1 0 1 0 1 0 -1 0 0 2 -2 4 0 0 0 2 4 0 -1 0 6 1 6 0 0 2 1 0 0 0 0 0 0 0 -2 2 4 0 -1 1 0 0 -2 0 -1 0 2 2 0
4 0 -2 2 2 -2 -2 0 0 1 1 1 0 -2 4 0 1 0 -3 2 0 0 0 -1 3 0 -2 3 0 0 0 0 0 0 4 -1 0 -1 0 0 0 0 -1 6 4 0 4 0 0 2 -1 -1 -2 -8 0 2 -1 0 1 0 -3 0 1 0 6 0 4 0 4 4 -1 5 0 0 -2 0 0 4 1 0 0 -2 -4 4 -3 -6 2 -4 0 -2 0 -1 0 0 0 3 0 0 3 -2 4 0 -1 0 0 -2 0 0 -2 2 0 4 -4 -1 -1 -4 -4 -1 -4 1 0 0 -2 0 2 0 -1 -2 0 2 2 0 -1 0 -1 2 -2 2 4 2 2 0 0 -2 -1 0 1 0 0 0 1 0 -3 -1 0 -1 0 0 0 -4 1 1 0 5 -1 -2 0 0 0 -2 0 3 0 -1 0 2 0 6 2 0 2 -1 0 0 -3 -2 -1 0 0 2 -4 0 2 -4 0 3 2 -2 0 1 -2 0 -5 0 0 8 6 6 -2 0 -4 -8 2 4 0 -2 0 0 0 2 0 1 3 6 -4 -2 0 2 -2 -4 -4 -3 -1 46 4 -2 0 0 0 1 0 1 -5 1 0 -7 2 1 1 2 -2 2 1 0 1 2 -2 0 0 0 0 0 -2 -1 -4 0 0 0 0 6 1 -2 -2 2 -4 6 2 0 -4 2 1 1 1 0 -2 -1 1 3 -2 -1 -1 -2 0 0 0 0 -2 1 0 4 -2 1 0 -12 -2 0 0 4 2 1
2 0 0 4 0 0 0 -1 -2 1 0 9 0 0 4 -2 -4 2 0 -8 0 -2 0 1 1 -4 1 2 -1 1 0 1 0 0 2 2 0 0 2 2 0 -5 0 -4 0 0 0 -2 0 -1 -4 -2 -2 -3 -5 0 0 4 -1 10 -2 0 2 -3 -4 0 0 -4 1 0 -1 -1 3 0 -8 -2 0 2 0 -4 1 -6 0 0 0 -4 0 -2 4 0 0 0 3 -4 0 4 0 1 0 0 4 4 -6 0 -1 -5 0 -4 -2 -2 -5 -2 -1 -2 0 0 -4 0 2 0 2 0 -1 0 0 -2 -4 -3 0 -4 -2 -1 3 -2 -4 -6 -5 0 2 0 -4 0 2 2 -2 -3 1 -1 2 0 0 -2 -1 1 2 1 0 0 1 -1 0 -2 0 1 0 6 0 0 -2 0 2 0 -2 -2 0 2 2 1 0 0 0 -2 2 -2 -1 0 3 0 0 -1 -2 -2 -4 1 0 -2 -2 -2 3 2 0 8 -6 0 -1 -2 0 3 -1 -1 0 2 1 3 -2 -2 0 2 1 0 -1 -2 0 1 -4 0 -4 -3 3 0 1 0 -2 4 58 -3 0 -9 4 0 -4 -6 0 -2 0 1 0 2 0 0 2 3 -4 3 2 2 1 -6 -2 2 6 6 0 2 2 -3 0 0 0 0 -1 0 0 0 -3 -2 8 -2 2 0 4 -6 1 -1 -2 -2 -4 2 2 -2 3 -3 0 0 -3 0 0 0 4 0 -2 2 1 -1 0 -2 -5 -4 4 0
2 0 0 2 -2 4 0 0 -1 1 0 -3 -2 1 2 -2 0 9 0 0 -1 1 0 1 3 1 0 1 4 0 -1 2 4 -3 2 -2 0 -1 0 2 0 -2 1 1 6 0 0 4 0 -2 -4 -2 0 2 0 0 -2 1 0 -1 0 0 2 -2 -2 0 0 -5 -2 0 -1 -3 -4 0 -1 0 -2 -2 0 2 0 -1 0 0 1 0 1 -7 -5 -2 0 -1 -2 1 2 0 -1 6 2 -2 -4 -1 2 0 0 1 -2 2 -2 -1 3 -1 1 0 -2 1 0 0 0 0 0 0 -4 -2 -3 0 0 -4 0 -3 0 0 0 4 -2 -2 1 2 0 0 2 -1 -2 1 -3 0 0 5 -2 4 0 -4 -6 0 4 3 0 -4 -1 -2 2 0 0 0 -1 -6 2 1 0 3 -1 4 -2 -1 0 -4 -2 0 0 0 0 0 0 0 -4 0 0 0 2 0 1 -1 0 1 0 -2 0 0 -4 3 1 -4 -3 5 0 -2 -1 1 0 0 1 -1 0 0 0 4 -3 -2 -3 4 0 -3 0 0 0 0 2 -1 1 -4 -1 0 0 -2 -3 44 -1 0 0 -3 -2 0 0 0 -1 -1 0 0 -3 4 6 0 0 3 -1 -2 0 3 6 0 1 2 -1 7 2 -1 -1 0 -4 -5 0 1 0 0 -1 4 0 0 0 3 2 0 -2 -6 0 7 -2 2 2 0 2 1 0 1 0 0 2 0 -2 0 1 0 1 0 -1 4 1 1 0 -2
0 0 0 1 -2 1 0 0 0 1 -1 1 0 0 -1 0 0 -1 1 0 6 0 -2 0 4 0 0 -3 0 0 0 -2 1 0 1 0 1 -1 -2 0 0 0 -2 0 2 2 0 1 2 -1 3 1 4 -2 -4 0 0 1 -1 0 0 0 0 0 0 -1 0 2 0 0 2 0 1 0 0 2 2 0 3 0 0 1 6 0 0 0 0 0 0 0 -2 0 1 -1 1 0 -1 0 0 0 2 2 -1 -4 0 0 0 0 0 0 0 -2 -3 5 0 3 -1 2 0 -1 0 0 0 -2 1 2 0 4 0 0 0 -2 0 0 2 0 -2 0 0 0 4 0 -4 -2 4 0 0 -1 -1 2 0 0 2 0 6 5 0 0 -2 2 0 0 0 -2 1 0 0 0 4 -2 2 -4 1 -4 0 0 0 0 -1 0 0 -4 -2 0 0 0 0 0 4 0 0 0 0 -2 0 0 0 1 0 1 1 0 0 0 1 3 0 -2 0 0 -1 1 0 0 2 2 4 0 0 1 1 0 0 0 -2 2 0 0 0 1 0 0 0 0 0 -1 23 -2 0 0 3 0 0 1 -1 0 0 1 0 -1 -2 0 0 -1 0 0 0 0 0 0 0 0 0 -2 1 0 0 0 2 2 0 0 -1 -4 0 0 -2 2 0 0 -2 0 0 0 2 0 3 0 0 -1 0 -1 -2 0 0 0 0 -1 0 2 0 0 0 -2 0 0 0 -2 -4 0
3 -4 1 0 0 4 -2 -2 0 -2 0 -4 0 0 4 -2 0 0 4 3 -1 1 5 4 0 0 2 0 1 -3 0 -2 -2 1 -1 0 0 -1 -1 1 0 0 2 0 0 1 0 2 2 -1 -3 0 0 -2 0 0 2 0 2 2 0 -4 0 2 0 6 4 4 0 2 -3 0 -2 1 0 0 0 2 1 0 0 0 1 -2 -1 0 0 0 0 0 0 0 -10 -4 0 0 2 0 -2 0 -6 3 4 0 0 0 0 0 1 -2 0 -2 2 1 0 1 -2 -1 0 3 -4 -2 2 0 -1 -4 -1 -1 0 0 0 2 1 0 -6 4 -6 0 1 0 0 1 3 2 -1 -2 2 1 2 0 0 2 -2 -1 2 -2 -1 0 -2 -1 -2 2 1 0 0 -6 0 4 1 -2 5 2 0 0 2 0 4 0 -2 0 0 0 0 0 0 -1 -2 2 2 -3 0 -3 -2 4 0 0 0 -2 -4 0 0 -5 0 0 2 -4 -6 -3 0 0 -4 2 -2 0 0 0 0 0 -2 -2 0 0 -2 3 -4 2 2 -2 0 0 2 0 -1 0 -9 0 -2 41 0 0 -2 1 0 0 0 -3 -4 0 0 2 2 0 0 0 0 -1 -2 -2 2 -2 -4 0 4 0 2 0 0 1 0 -2 1 0 -1 -2 0 -1 4 2 2 0 3 5 0 0 0 -1 0 -3 0 0 -2 6 0 -2 -1 2 0 0 -1 0 0 2 -3 0 0 0 1 0 2 0
0 3 2 1 0 -1 0 0 0 2 0 3 -4 2 3 -2 0 -1 -2 -1 0 3 -1 2 9 2 0 5 0 -2 0 -1 0 0 0 -3 0 0 0 -6 2 5 0 2 3 0 2 0 0 -1 -2 0 6 -3 0 0 -7 -3 2 -3 -2 0 0 2 2 1 2 0 2 5 2 -4 2 0 0 0 -1 -1 1 0 4 3 1 0 -2 -2 0 -2 0 -2 4 -2 -3 -1 -2 0 -2 0 0 1 1 -2 4 -6 -2 0 -2 2 0 -3 1 0 -1 2 0 2 -1 -1 2 1 1 0 -1 2 4 3 -3 4 -2 0 0 0 1 0 0 -2 1 4 -1 0 -1 1 2 0 1 1 2 -1 0 3 9 0 -3 1 7 0 0 -1 0 2 -2 0 0 -1 -1 1 8 6 0 -1 1 2 -2 4 -2 2 -4 -2 2 1 2 6 2 -3 3 -1 0 1 1 0 0 0 3 3 0 3 0 -1 1 0 -4 2 0 2 5 2 0 0 1 -4 -1 4 1 3 -2 0 1 1 1 0 -2 -1 -2 5 1 0 -2 1 4 -4 1 0 2 0 4 0 0 0 42 0 0 1 0 0 1 -2 0 -5 0 4 0 1 1 0 -6 0 5 1 2 0 2 0 0 -4 0 0 0 -2 2 -3 -1 -1 0 0 3 0 -1 8 6 1 4 2 -2 2 1 -1 0 4 -3 -2 -1 0 0 -1 -2 0 0 3 4 3 2 -3 0 0 2 0 1 0 0 0
0 0 0 0 0 0 0 0 -1 0 -1 0 0 1 0 0 2 -4 2 0 2 0 2 -1 0 2 7 0 5 1 1 -4 -2 2 2 0 0 2 0 0 1 0 -2 -2 -4 -5 2 0 2 5 4 0 -4 -2 0 0 0 1 0 4 4 -1 -4 0 0 0 0 0 1 0 0 1 0 1 0 -2 4 -3 -1 0 2 2 0 -4 0 0 -2 4 0 -4 0 7 0 2 0 -1 -3 4 1 -1 0 1 -2 0 0 1 1 0 -3 -3 0 2 0 0 0 -2 -2 0 -1 -3 0 0 -2 -2 0 0 -4 0 0 0 1 0 1 2 -1 0 2 5 0 -2 -1 -1 0 2 1 0 0 0 2 0 3 0 2 0 -1 -3 0 0 0 2 -6 3 0 2 0 -2 -1 2 2 1 0 0 0 0 -4 0 4 5 0 -2 0 1 4 -4 -1 -2 1 0 0 0 -6 -4 0 0 2 0 1 6 2 -6 1 0 2 -1 0 0 1 4 0 4 0 1 1 1 0 0 -6 0 0 -2 0 0 2 2 0 0 -4 2 0 -1 0 -2 0 1 0 -3 0 0 0 33 4 0 2 -2 -2 0 -4 0 2 -6 -2 2 -3 0 1 1 0 -2 2 0 2 2 0 -3 -4 -2 5 0 0 1 0 -1 -1 0 1 0 0 0 2 0 -1 1 3 0 0 1 0 4 0 0 -2 0 0 -5 4 -4 2 0 0 1 -3 -1 0 2 0 -1 1 1 0 0
0 0 4 0 0 1 2 -1 2 2 -5 0 -2 1 1 5 2 0 7 0 2 0 2 2 0 2 0 1 0 0 3 0 -2 0 0 -1 -1 0 0 0 0 4 -2 0 -5 -4 0 0 0 -2 -1 0 2 3 -3 -2 0 0 -1 -1 2 0 -3 -1 -1 -6 6 2 -1 0 6 -2 2 2 2 4 2 -4 0 2 0 3 0 2 2 -4 0 1 -1 0 1 1 0 1 0 0 -2 0 4 0 4 -2 2 0 0 1 0 0 0 -1 0 -2 4 0 0 -2 1 2 -3 0 0 0 -1 -3 0 0 0 4 0 0 2 0 2 -2 8 -2 -1 5 2 0 0 0 0 -2 2 0 0 0 -2 0 4 -2 1 3 4 2 0 0 0 1 0 1 0 2 0 0 -2 0 0 0 1 2 0 1 -4 -4 2 0 -4 1 -1 1 0 0 0 0 1 -3 2 2 -2 -2 6 -2 0 0 1 2 0 -2 1 3 -2 0 0 3 -2 -3 0 1 0 -2 3 2 0 2 -2 2 2 5 0 0 2 2 -1 0 -4 -1 2 0 5 6 1 0 -4 -2 3 -2 0 4 39 -1 0 -2 0 -1 0 1 0 -2 -2 2 0 0 0 0 -4 0 0 0 -4 1 0 1 7 -1 0 1 -2 0 -1 -2 0 -2 2 0 0 -2 -4 0 -4 0 6 1 0 0 0 0 -1 2 -2 -2 0 0 1 1 0 2 0 0 0 0 4 2 -1 0 0 -1 -2 0
5 0 -2 0 2 0 -3 2 0 -2 0 0 0 -5 -4 3 0 0 1 1 -1 4 0 0 1 -1 0 -2 4 -2 -4 -2 0 -1 0 -4 -3 -1 0 2 -1 2 2 2 2 3 0 1 -1 0 -1 -2 0 -2 1 -2 0 -1 1 -4 1 0 -1 0 4 -4 1 0 2 -1 2 1 0 1 2 0 -5 0 0 0 0 -1 1 0 0 0 1 0 0 -2 0 0 0 1 2 0 0 -1 -1 -1 -4 -2 4 0 2 0 0 0 2 -8 0 1 -1 0 4 0 -1 0 4 1 0 0 0 3 0 0 0 -1 2 -1 1 5 0 0 2 0 2 2 1 2 1 1 0 -1 -1 -6 -2 -1 0 -1 0 1 0 2 0 0 2 1 0 0 0 1 0 0 2 2 0 0 0 1 0 0 4 2 3 -1 0 2 0 0 0 4 0 1 0 0 2 0 -3 5 3 0 0 0 0 2 2 2 -2 -8 0 0 1 1 2 0 0 3 1 0 0 0 0 0 0 0 0 -1 1 1 -1 3 0 -2 2 -1 0 0 -2 -3 0 0 0 1 -6 0 0 1 1 0 -1 29 0 -1 0 -2 0 -1 4 0 0 -3 0 -2 0 1 -2 -1 0 0 0 2 -2 -4 2 3 0 -2 0 0 0 0 1 0 -1 -4 -2 -3 2 0 0 0 1 2 0 0 2 1 2 -2 0 1 1 1 0 -1 -1 0 0 1 -1 0 0 0 2 3 2 0 -6 0
0 0 0 0 2 -2 0 -1 4 0 0 -1 -2 0 0 -2 0 -4 -1 0 -2 0 0 0 0 -2 -1 0 2 6 2 0 0 0 0 2 -1 -2 0 0 0 -2 0 2 2 -2 0 -2 -1 0 -3 0 0 4 0 -1 -2 2 0 0 0 -4 -1 0 -3 2 -2 0 0 -4 0 -4 -2 0 4 -2 0 4 -2 -2 -2 0 4 -2 2 2 2 1 0 -1 0 2 0 -4 0 1 0 0 0 0 0 -1 -4 3 -4 0 0 2 0 0 4 0 0 0 4 0 1 -3 4 2 0 0 0 -1 0 2 0 2 0 0 0 0 1 0 -1 0 0 2 2 0 -1 0 0 0 0 0 0 -2 0 0 0 0 0 -1 1 0 -2 0 -1 2 -3 0 2 0 -1 0 4 0 0 4 -2 0 0 0 2 0 0 -2 0 0 -6 -2 0 0 1 0 0 -1 0 0 0 0 2 2 2 0 0 2 2 -2 0 -1 -1 -2 -1 0 0 1 1 0 0 0 0 0 0 1 -4 0 0 -2 0 0 0 0 -4 0 0 -2 -2 0 4 3 0 -5 0 0 0 0 0 2 0 0 31 0 0 0 -4 0 -4 -3 0 0 2 -1 4 3 0 1 0 0 0 4 1 0 0 -1 -2 0 0 -4 0 0 2 0 1 0 -1 0 0 0 -2 0 0 0 -2 2 2 0 0 0 0 1 0 -2 0 2 4 -1 0 -1 -2 -3 0 8 -1 2 0 0 -2 -1
-2 0 -5 -6 -2 0 0 2 -5 0 2 1 4 -1 4 0 -1 0 0 0 0 -1 -2 2 0 -1 0 -5 0 0 -2 0 2 -4 0 -4 -2 1 0 0 -2 2 0 2 4 0 4 1 0 -1 0 2 0 0 0 5 -4 0 0 0 2 -2 -2 0 0 0 0 4 3 -1 -3 2 -1 -2 0 2 0 4 1 -2 0 2 -4 0 -4 0 0 -1 -4 0 -3 -2 0 1 0 -1 0 2 3 2 0 0 0 1 -2 0 0 0 -2 2 1 4 2 3 4 0 0 9 2 1 -2 1 2 3 0 0 0 0 0 -1 0 -1 0 4 0 0 0 0 0 0 0 0 -1 -6 1 -1 3 0 0 0 -4 -4 2 0 -2 2 2 0 0 0 0 -2 0 -1 3 -2 0 0 0 1 0 -2 -2 2 -4 0 0 0 0 0 0 0 0 1 2 0 3 2 0 1 1 0 0 0 0 2 -10 -1 0 0 -4 -4 0 0 -4 -1 1 0 0 0 0 0 0 -6 -2 2 0 2 -2 -1 0 5 0 0 0 1 1 0 0 4 -1 -2 0 1 -2 0 1 0 0 -2 -2 -1 0 35 0 2 1 0 1 0 -1 2 2 4 -2 0 0 -1 0 0 7 0 0 1 0 1 4 0 3 0 2 0 0 0 -4 0 -2 0 1 -1 0 0 0 0 2 2 -5 -1 0 -1 0 2 0 0 0 0 -2 0 0 1 1 0 0 0 0 0 0 0 -2 0
-4 0 2 0 1 -2 0 0 0 0 0 0 5 1 2 7 0 1 0 1 2 -4 0 0 1 0 0 5 -4 4 1 -2 0 2 -1 2 -4 0 -4 -4 0 0 1 2 1 0 2 -4 0 0 0 0 0 -4 0 0 1 0 0 -3 0 2 0 0 2 -2 2 4 0 0 0 1 -1 2 0 2 -4 8 0 0 -4 1 -2 0 0 2 0 0 0 0 0 0 1 0 -2 2 -3 -2 2 -2 4 0 4 -1 2 2 0 -1 2 0 0 0 0 -1 1 0 0 4 0 4 4 0 2 0 -1 0 6 0 0 -1 0 0 -2 0 0 2 4 8 0 0 4 -6 0 1 4 -2 2 0 0 1 0 0 0 2 2 -3 0 0 0 -2 -2 4 2 4 4 -4 3 -2 -2 0 0 -2 2 0 -4 2 0 2 0 0 0 -1 0 -2 0 2 0 0 0 0 -3 0 4 0 2 0 0 2 1 -1 0 0 2 -1 -1 4 0 -6 0 -4 2 -2 -2 0 0 0 6 0 4 0 0 1 0 0 4 0 4 -4 -1 -2 0 0 0 0 0 -1 -1 0 1 -2 0 0 0 0 43 3 0 -1 5 0 2 2 1 2 -2 0 2 0 4 0 -5 0 0 0 6 1 2 0 -1 0 -2 2 1 2 -1 -1 6 0 0 0 -6 5 -3 0 0 0 1 0 2 0 4 0 -4 -8 0 0 0 0 1 0 1 2 2 1 0 -6 -2 5 2 4
-2 0 0 4 0 0 0 -4 0 -1 0 -2 -2 -1 -1 0 1 0 -4 -2 2 -1 0 3 -8 1 -1 -6 -4 2 5 2 1 2 1 0 -1 -4 0 0 -1 1 2 1 0 -2 0 0 2 0 -4 0 -2 1 2 0 0 4 -2 0 4 1 0 1 2 -4 0 2 -4 0 -1 1 -3 0 1 0 1 -2 0 -1 1 0 2 -1 4 1 -4 1 -1 0 1 0 1 2 4 1 -1 -2 4 3 -2 0 0 4 0 -1 -2 -1 -1 -2 -4 0 0 0 -4 0 0 -2 2 0 5 0 7 -2 -4 2 1 0 -4 -2 -3 0 0 0 0 -5 8 -2 0 1 2 0 1 -2 -3 -2 0 -1 0 0 0 -2 0 -1 0 5 4 4 -2 3 -4 0 4 1 -5 2 -4 -4 0 3 -6 0 0 -2 -2 1 1 0 -1 0 -3 -1 0 2 -2 0 3 -1 -8 0 -1 -1 4 2 0 0 2 6 6 5 0 4 0 0 0 1 1 -1 -6 0 0 0 -3 0 -2 0 4 0 3 1 3 0 -2 -2 0 1 0 0 -1 0 1 -2 -7 -7 1 -1 0 -3 -2 0 -1 -2 0 2 3 50 1 0 5 0 1 0 1 -2 -2 0 2 0 0 0 1 2 -2 -1 0 1 1 0 2 4 -2 2 -2 -4 -1 -3 -4 -4 0 0 -2 2 0 0 0 2 2 -2 0 0 2 2 0 0 0 3 1 0 0 -1 0 0 0 0 0 4 -2 -6 1 2
1 0 6 3 -4 2 0 2 0 0 1 0 0 0 0 0 1 2 2 0 1 0 -7 -4 2 0 -2 0 1 1 0 -1 0 -4 -1 -1 0 11 2 2 0 0 0 -2 -2 1 -4 2 1 0 0 2 -2 5 4 4 -4 0 2 0 -7 -1 0 2 6 5 0 -2 2 0 0 -1 -3 0 -2 2 0 -2 -2 0 -1 0 -2 2 0 -2 0 4 2 -2 -2 0 0 4 0 0 0 1 0 0 2 0 -1 -2 -4 0 0 6 8 4 2 0 0 0 0 1 0 4 4 0 1 0 2 0 1 0 1 0 0 0 0 0 0 0 -1 -1 4 0 -1 0 -4 2 -4 -1 0 -1 2 2 0 -1 -6 4 0 2 2 -6 -1 -1 3 0 0 -1 2 1 -1 1 2 0 0 2 -2 2 0 0 2 0 -2 0 0 1 4 -1 1 1 1 0 -4 7 0 4 0 0 4 -5 0 9 1 -3 1 8 -2 -6 -1 0 4 4 3 -2 0 0 0 0 1 0 2 0 2 0 -5 6 0 0 0 -4 12 -2 -3 -1 0 -1 0 2 0 2 0 0 0 -4 0 -4 0 0 -4 1 0 1 54 0 4 2 2 0 1 -2 0 2 -4 2 4 -2 -1 0 -4 0 0 1 3 0 0 0 1 0 6 0 2 -2 1 0 2 0 1 2 0 -7 0 0 1 -4 -2 2 1 4 0 0 0 2 1 0 0 -1 3 -4 3 0 -2 1 0 4 -2 0
0 -2 0 0 1 5 0 0 0 -1 -1 3 1 0 4 5 0 -2 0 0 0 0 0 0 3 0 0 1 -1 0 0 0 0 0 -1 -6 -1 1 -1 2 0 2 -3 0 -2 2 0 0 1 2 -1 0 2 0 -2 0 0 0 -3 0 -2 1 0 0 -4 0 1 0 1 0 0 -2 -1 0 0 0 1 0 -2 1 -2 -6 0 0 0 2 0 0 0 0 0 3 0 0 0 1 -2 -1 1 -4 0 1 2 0 0 -4 0 0 1 3 0 -3 0 0 0 -2 -1 -1 -1 0 0 0 0 0 0 -3 0 -2 0 0 -2 -1 0 -3 0 0 0 -2 0 0 0 -2 -1 0 0 0 0 0 0 -1 -3 -4 0 0 2 3 1 -1 2 0 2 -1 0 0 2 0 -2 -2 0 0 2 0 2 0 4 2 0 0 1 0 0 -1 0 0 0 0 1 0 0 2 2 0 0 1 0 1 0 -2 0 3 2 0 -1 1 0 4 -1 -4 0 2 -1 0 0 0 0 2 -2 0 0 0 2 4 -1 1 -2 -4 0 0 0 -2 2 -4 0 1 2 0 1 0 -5 0 1 -1 0 0 -1 0 0 25 0 0 0 1 1 5 0 1 3 0 0 0 2 0 0 4 1 0 0 -1 -1 0 1 0 0 2 0 -5 0 0 -4 3 2 -4 0 0 -1 1 0 -4 0 -1 0 2 2 0 0 0 -1 0 -1 2 -1 2 0 0 -3 1 5 2 0 -3
-2 0 5 2 0 -1 0 0 0 1 0 3 6 -1 0 4 1 2 0 1 4 2 0 -1 3 2 -2 1 -2 -6 0 -2 3 0 0 -3 0 0 2 -1 0 4 0 -2 -1 0 2 -1 -3 2 3 -1 -2 0 6 0 2 0 0 1 0 4 0 1 4 0 2 0 0 1 -1 3 2 2 -2 2 -3 -2 -4 3 2 -2 -2 -2 1 0 -1 2 0 0 -1 4 0 -2 4 2 0 0 -1 0 4 -1 4 2 2 0 6 2 1 0 4 0 0 -1 -2 0 0 1 3 0 0 2 1 -3 -2 1 2 0 0 1 0 2 0 0 0 -2 3 2 0 0 0 -3 0 -4 1 2 1 0 1 1 0 -2 -2 -2 1 -2 1 0 0 0 -2 0 0 1 1 1 -5 0 0 2 0 1 8 -2 0 0 3 2 0 1 2 0 4 -3 2 0 -2 0 0 0 0 0 0 2 2 4 3 -2 2 6 -2 -2 -3 2 2 0 3 2 0 1 -2 0 0 2 0 0 0 0 -2 0 2 -1 1 -2 0 1 -6 -4 1 0 1 0 -1 1 0 -3 0 0 0 2 0 4 -4 1 5 5 4 0 39 -3 2 0 3 4 2 -1 -1 0 0 0 1 0 -1 -2 1 1 4 0 1 0 1 4 0 2 0 0 0 0 -2 5 -2 2 1 0 0 0 -1 1 4 0 0 0 2 -1 2 0 -1 5 1 0 1 4 2 0 0 -1 0 0 2 4
0 0 -2 0 0 -2 -3 1 0 2 0 2 0 0 -1 1 0 0 0 0 0 2 0 -2 -4 0 -1 0 0 0 -4 0 0 -1 0 -1 0 1 0 1 0 0 0 4 2 0 0 1 2 -6 0 0 4 -4 -2 0 3 0 -8 0 0 0 3 0 0 -3 2 0 1 1 -2 4 3 -2 2 4 -2 -4 2 2 0 0 -6 0 0 2 2 -4 2 -2 0 -5 0 4 2 2 0 -1 1 0 0 -2 0 -1 -1 -2 0 2 0 -2 0 0 0 -4 -1 0 0 -2 0 1 0 0 0 0 -2 0 -4 4 0 0 2 0 0 0 -1 0 2 -1 2 0 -2 2 -2 2 2 0 0 2 -2 0 0 4 0 0 3 2 -2 0 1 -2 5 -2 0 0 2 0 2 4 0 0 -2 -1 0 0 0 4 -4 2 1 -2 1 -2 0 0 -2 0 -2 1 0 0 0 0 -2 0 0 2 -5 0 -4 2 1 6 0 0 0 -2 -1 0 1 1 4 -2 -2 0 1 -2 0 0 0 2 0 -1 -4 2 4 0 0 -4 0 0 0 0 0 2 0 4 -1 2 4 -6 -2 0 -3 0 0 0 2 0 -3 44 0 3 0 0 0 5 -1 -1 0 -5 -5 1 -2 -2 -4 0 2 0 0 4 2 0 -5 -2 -6 0 2 -2 1 0 6 1 -4 1 0 -1 -2 0 -2 2 4 -1 -2 2 2 -1 0 -3 0 -1 6 1 0 -5 2 -1 -2 2 2 2
0 0 1 0 6 0 0 -1 0 -1 0 0 0 0 0 0 -4 5 0 0 2 0 0 1 2 -2 -2 2 -3 0 -1 0 0 0 0 4 -2 0 1 -2 -2 0 0 0 0 2 0 -1 0 1 -1 -1 0 -1 0 1 -8 0 0 -2 -4 0 0 -1 0 4 0 -4 0 0 -2 0 -1 -4 0 0 0 2 -1 0 0 0 -2 2 0 0 1 -3 0 0 2 2 -1 1 2 1 0 -9 0 1 4 0 -2 0 0 2 0 2 5 0 2 0 1 -2 0 0 0 0 4 -4 1 0 1 2 0 0 0 -2 0 -1 -1 0 -3 0 -2 0 -1 -1 0 1 0 -4 1 -1 -4 0 0 2 1 4 -1 0 -3 0 4 0 0 -4 0 0 -1 0 1 1 4 2 0 0 2 0 -4 3 0 0 -2 -5 0 0 1 0 0 0 1 4 0 -2 0 0 2 0 2 0 0 0 0 0 0 -1 0 0 0 1 0 0 0 1 0 1 0 0 0 7 0 0 0 2 0 0 0 -1 -3 0 -1 -2 2 2 -2 -2 0 0 -2 0 0 -2 2 6 -2 2 0 -2 -2 0 0 -1 2 1 2 0 2 0 32 1 0 2 0 0 0 9 0 0 -1 4 2 2 5 0 1 0 0 -1 0 0 0 -1 0 0 2 -2 0 0 2 0 0 4 -2 4 0 2 -3 3 0 1 0 0 0 0 0 0 0 -2 0 1 -2 0 -2 0 1 2 0 0
-1 0 -2 0 0 1 -1 -2 -6 0 -4 -2 0 0 6 0 0 0 0 0 0 -1 0 2 0 0 1 2 -6 2 0 -2 0 0 4 0 -2 0 0 0 0 0 2 2 0 0 2 0 0 -2 4 0 4 -3 0 -2 0 0 2 0 1 0 0 0 0 0 -1 6 2 2 2 1 -1 -3 0 1 0 0 -4 0 1 0 -6 0 0 -5 0 0 0 0 6 0 -2 -1 -1 0 1 0 0 0 4 4 0 0 -2 4 0 0 0 0 0 3 0 3 2 1 0 0 2 0 0 2 1 0 -2 -2 -2 -4 4 -1 1 0 3 0 -4 0 2 2 2 0 -4 0 0 -6 1 0 0 0 0 0 0 -2 0 0 1 0 -2 0 5 2 -1 1 -4 6 2 0 0 0 0 -4 0 0 0 8 0 0 -4 4 -1 -2 0 2 0 -4 0 0 -3 0 0 -1 0 0 0 1 0 2 0 0 -1 7 0 0 -1 0 0 0 0 6 0 0 1 0 -4 0 0 0 0 0 0 0 1 6 0 -2 4 0 1 0 0 0 0 5 2 2 3 0 0 0 1 2 2 -3 0 2 2 0 0 1 0 3 1 40 0 5 0 -2 0 0 0 -2 -2 0 0 2 -2 0 1 0 -1 0 2 4 -4 0 -2 -2 2 1 6 0 3 2 4 1 0 -1 1 0 1 2 -4 0 -2 0 -1 0 0 0 0 -1 -5 0 0 1 0 2 4 2 0 0
0 0 4 0 1 0 0 0 3 0 0 -6 2 -2 -1 2 0 0 0 2 4 0 0 0 1 1 -1 0 0 0 3 -1 1 0 0 0 0 -2 0 0 0 2 0 0 0 -1 4 3 -1 2 2 0 0 -2 -2 0 -5 0 -2 4 0 4 2 4 2 2 0 1 0 0 4 4 -1 -1 2 1 2 -1 0 -7 0 0 -2 4 0 2 0 0 0 0 0 0 0 0 1 -2 2 0 1 0 0 3 1 2 0 -1 0 0 -2 -1 0 -1 0 0 1 1 0 -3 -1 0 0 0 -1 -4 -2 0 0 1 0 1 0 0 0 0 2 2 6 5 -2 -5 4 5 0 -2 -1 -1 0 -4 0 0 1 -2 -2 1 -2 3 0 -1 -2 -2 -2 0 2 0 0 -2 -1 0 0 -4 0 1 0 -1 0 0 0 -5 -4 0 2 -1 4 0 2 0 -1 2 0 0 1 1 8 0 4 2 0 0 0 0 0 -2 0 2 0 2 0 -2 0 -2 0 2 0 2 0 0 0 0 1 0 -1 1 1 0 0 1 2 -2 0 -1 0 0 2 1 -4 0 0 0 1 -3 0 0 2 2 1 1 1 1 3 0 0 0 34 0 -1 -1 0 2 -2 0 -3 -2 0 -1 0 0 4 0 5 -4 1 5 4 4 -1 0 0 4 0 7 0 -1 -1 0 0 -3 -2 2 0 1 0 0 -2 2 -4 6 0 2 2 2 3 2 -2 -1 0 2 1 7 -4 0
-5 0 -11 -1 2 -3 2 0 -4 2 -4 0 0 0 -4 4 0 2 2 0 -2 -2 0 2 5 0 1 3 2 1 0 -4 0 2 4 -2 1 1 2 2 -6 1 -4 2 -1 0 4 2 1 0 1 -2 -3 3 3 0 -3 1 0 -4 6 1 1 -2 3 0 1 0 -3 6 -3 0 -1 -2 0 6 -1 0 0 0 3 2 -1 2 2 2 -3 -1 -4 -1 2 1 6 0 0 -8 -5 0 -3 3 0 -3 1 0 0 2 -4 -2 0 0 2 -2 -4 2 4 0 4 2 -3 0 0 0 -2 2 0 -6 0 0 0 2 -1 0 0 -1 0 0 -2 -6 -2 -1 1 4 -1 1 0 1 0 4 -1 0 1 -3 0 -2 0 -1 -1 0 1 3 0 0 0 4 -4 1 1 0 0 -2 -3 -2 0 -4 -2 1 1 0 0 0 4 0 2 0 -2 0 2 0 2 -4 0 0 0 1 -1 0 0 -3 0 0 1 -6 5 0 3 -1 -1 4 -2 -2 0 -2 -2 2 0 0 0 2 8 0 -3 3 0 0 2 0 -3 0 -1 -1 1 1 2 0 3 3 -1 0 0 0 0 -2 -1 4 2 -2 -2 5 4 0 2 5 0 55 0 -2 -1 0 2 -5 -3 -1 4 1 2 -8 0 0 2 -3 1 0 -3 -1 -4 -1 1 0 4 0 -1 1 -4 4 -1 -2 0 2 3 0 8 -2 -1 0 0 -2 1 0 0 -1 -4 3 3 1 -1 3 2 6 0 -1
2 -2 0 2 -1 -2 2 2 0 0 0 -2 -1 0 -2 0 2 0 0 0 0 0 -1 2 0 0 1 6 1 -2 0 4 -1 -1 0 -1 3 0 0 0 -2 0 2 0 0 -1 0 -1 0 2 -1 -2 -1 -2 1 0 -1 4 0 -2 2 -1 2 2 0 0 -4 0 -4 0 0 -1 2 0 -1 -4 0 0 -1 0 1 -4 4 -1 -1 -1 1 0 1 0 2 1 -1 -4 -1 2 0 0 0 0 2 0 -4 5 4 2 2 2 0 -1 0 -1 1 -6 4 -1 0 -3 2 -1 -2 2 2 4 2 0 0 -3 -2 0 0 0 0 0 1 -1 -2 1 0 1 0 0 0 0 -2 1 1 2 0 0 -1 -2 -3 -2 0 0 -1 1 1 -5 0 0 -1 -2 -1 7 -1 0 0 1 0 -2 0 -1 1 -4 0 -2 0 0 -4 0 0 2 -1 2 2 0 0 0 0 2 2 0 2 -2 4 2 0 0 0 4 -4 0 0 -2 0 1 2 0 0 0 0 4 4 1 1 -5 0 -2 0 2 2 -4 -2 -2 4 0 -3 0 0 1 0 1 2 -1 0 0 -6 1 0 0 4 -2 -2 -2 0 0 2 0 0 0 -1 0 30 2 -2 0 0 0 0 0 0 -2 0 0 0 0 0 0 0 0 2 -1 0 0 1 0 1 2 -5 2 -1 0 1 0 1 2 0 0 0 -1 0 2 6 0 2 1 -4 0 0 -1 0 4 0 0 -1 0 0 0
0 -4 4 -1 0 -4 2 0 -3 -1 0 2 3 -3 5 0 -4 1 -1 -4 0 0 0 4 1 -1 0 -2 4 4 -4 0 0 0 0 1 1 3 0 0 0 0 2 0 0 -2 0 -1 4 0 -2 0 0 0 -1 4 2 -1 0 0 1 -4 -1 -3 0 -4 0 -4 2 -4 -3 2 2 2 0 1 4 -2 -2 6 0 -2 -3 0 6 -2 0 -1 2 -2 5 -7 1 -2 4 -1 0 -4 4 3 0 6 -3 -2 0 -1 0 0 2 6 0 -2 1 -1 -2 -1 -3 0 11 1 0 -6 -1 8 -2 -3 0 -1 0 -4 0 -4 1 -1 -2 -3 -2 2 -2 0 4 -1 2 0 0 0 1 3 0 -4 -1 4 0 -4 -1 0 1 0 1 0 -1 -1 2 -8 0 0 -2 0 2 0 1 3 0 4 4 0 4 -4 0 2 1 0 0 -3 0 -5 1 0 -1 0 -1 -1 1 1 5 0 0 0 2 -4 0 1 -1 2 2 1 0 -2 5 0 0 -1 0 0 -2 -4 0 0 6 3 -1 -5 -2 0 0 0 -2 0 -2 -2 9 0 2 2 2 -2 0 -1 0 1 0 1 3 0 0 0 2 1 -1 5 0 -2 -1 -2 2 53 0 -2 -3 0 -2 2 -1 0 0 6 -2 1 4 6 -1 1 -2 0 0 -1 0 3 0 0 -3 5 -4 1 1 2 0 0 1 0 0 -5 3 -2 0 -3 1 -2 1 -2 -2 -1 1 0 0 -9 -2 -2 0 -2
-4 -1 5 -1 4 4 -2 -1 0 1 2 1 2 4 0 -3 -3 2 -7 -4 2 4 0 2 3 0 0 1 2 -2 0 -4 -1 -2 0 0 8 1 0 0 12 0 -5 -4 0 -4 0 0 -6 -1 0 1 4 0 2 -4 3 -2 -1 4 0 -2 -2 0 1 0 -2 0 -1 -2 0 0 1 0 -2 0 6 4 -2 -2 -1 -4 3 0 -1 0 0 -6 2 -6 2 2 0 -2 0 2 -2 0 10 -2 3 -1 0 -1 0 0 2 2 0 0 2 -2 -2 3 -2 3 0 0 0 0 1 0 0 0 5 0 0 1 4 0 0 0 -1 -2 -4 0 1 4 2 0 0 0 0 0 2 0 2 4 0 0 0 0 -1 4 0 1 -1 0 0 2 0 -4 2 -4 1 4 5 1 0 0 0 -1 0 0 4 2 0 -1 0 -2 -8 0 0 -5 0 -4 3 8 -2 0 0 1 2 2 -4 -2 1 -3 4 -6 2 -8 1 1 3 4 2 -1 2 -3 1 2 0 0 -1 0 0 -4 -6 0 0 0 0 0 0 0 3 -4 1 -2 0 0 4 -2 1 0 0 -2 5 0 -4 -2 0 0 2 2 -4 3 -1 -1 0 0 0 -1 -2 0 53 2 6 2 3 0 1 0 0 10 0 0 0 -3 0 0 4 0 2 0 2 2 -6 0 -2 2 -4 2 0 0 -2 -2 -3 -4 1 2 0 2 0 0 1 0 0 2 -5 0 1 1 -4 -1 5 2 0 -5
0 0 1 -4 0 0 2 0 -2 -2 0 -1 -2 3 -3 -4 8 0 0 4 0 0 -2 0 -1 2 -4 2 -4 0 2 0 0 0 -4 0 6 2 3 -2 0 -2 -2 0 0 0 0 3 -1 0 -2 0 0 0 2 0 -2 0 2 0 -7 0 -5 -1 0 4 2 0 -5 -2 1 -3 -2 -4 0 0 2 2 0 -6 0 0 -2 2 0 0 0 1 -2 6 1 1 0 -2 2 -2 0 -6 0 0 2 -1 0 0 0 0 0 0 4 0 0 1 0 2 1 1 1 0 0 -2 0 -2 0 2 6 0 4 0 5 3 0 0 -4 1 0 0 3 1 2 0 1 0 1 0 0 2 0 -2 0 4 3 0 0 0 2 0 0 -1 -1 4 -1 0 -2 0 0 1 0 0 0 -1 -6 0 0 0 5 0 -1 0 0 -4 0 4 0 2 -4 -4 0 7 0 4 4 4 4 1 0 0 -4 -2 0 0 0 3 -1 0 0 2 0 0 1 0 -2 -4 0 -4 0 1 0 -7 -2 0 -1 3 2 0 0 2 0 -6 0 0 -2 0 -2 0 -6 3 0 -2 1 -2 0 -1 1 -1 0 0 2 0 0 -1 9 0 2 0 0 -2 2 40 1 0 0 -1 0 0 0 3 0 2 0 0 0 -1 2 4 -2 0 -3 -2 4 0 -2 -4 -2 2 0 0 2 2 -4 2 0 -1 0 0 0 2 0 0 -1 0 -2 -5 3 -2 0 8 0 0 0 0
-3 1 -2 -4 0 4 0 6 0 4 0 0 1 -2 0 -4 -2 0 2 0 2 0 0 -3 2 1 0 0 6 1 2 -4 2 0 0 4 0 0 4 0 1 0 0 -2 0 -4 0 5 0 1 1 0 0 2 0 0 2 0 -2 4 -1 2 0 -1 2 0 0 0 2 2 0 0 -2 2 0 0 -4 4 2 0 -2 1 1 0 -1 2 0 -1 -2 -5 0 0 0 -2 7 -1 -4 0 0 0 1 -1 -4 0 -4 0 -1 -2 0 -1 1 0 0 0 1 0 1 -2 -2 0 0 -1 0 0 0 0 0 0 4 2 0 0 0 1 -3 -4 -4 -2 -2 2 -2 0 0 -2 -2 3 -2 -2 0 0 -1 0 0 6 0 0 2 -2 0 0 0 4 0 0 0 -1 4 -2 2 0 0 0 -2 1 6 0 0 2 0 -1 0 -2 0 0 0 -2 2 4 0 -4 1 0 -4 0 0 -2 0 -2 -4 -4 0 -4 3 -2 0 0 2 -1 0 -1 -4 -1 0 0 0 1 0 0 2 0 0 -2 1 2 -1 -1 2 1 2 -1 0 0 2 0 -2 6 0 2 2 2 0 0 0 0 4 0 4 0 0 0 0 0 -2 2 0 -3 6 1 42 -2 0 0 0 -1 2 0 0 0 -1 -2 4 0 3 -4 0 0 3 0 -1 0 -2 2 -2 -6 0 4 0 -2 -2 2 -4 2 -1 -2 -1 0 0 -2 -1 0 0 0 2 2 0 0 6 0 0 0
3 0 0 0 0 -2 0 -1 0 0 0 0 0 2 0 0 0 0 0 0 0 0 0 0 4 0 0 0 0 0 -1 4 -4 0 -4 2 0 0 0 0 0 0 0 0 0 0 0 0 -5 1 -4 0 -2 -2 -2 0 -1 0 1 4 2 0 0 0 -4 0 0 0 0 -1 0 0 -1 0 0 2 0 2 0 0 0 0 2 0 0 -2 0 2 0 1 0 0 -2 4 0 4 0 2 0 0 1 0 2 0 2 -2 0 0 0 0 0 2 0 -2 0 0 0 0 1 0 0 0 0 0 2 2 0 -2 0 0 0 0 0 0 0 0 0 -2 1 0 4 0 2 -4 0 -1 0 2 1 0 2 -4 0 0 0 0 0 0 0 0 0 3 0 0 2 0 0 -4 0 0 3 0 0 6 -1 0 0 -1 0 0 0 0 0 0 0 0 2 0 0 1 0 0 1 0 2 0 4 0 0 3 0 2 -2 -2 3 3 1 0 1 0 0 0 0 0 0 0 1 0 0 -4 0 0 4 -2 -1 0 0 0 0 0 0 -4 0 0 2 0 0 -2 0 0 0 0 0 0 0 0 -2 0 0 -5 0 -2 0 -5 0 0 2 0 -2 17 0 0 0 0 0 -2 0 0 0 0 0 0 1 -1 0 0 2 0 -1 0 -1 2 2 2 0 0 0 0 -4 -1 0 -2 0 0 0 2 1 0 0 0 2 0 0 0 0 0 2 -2 0 -2
0 2 -2 -1 0 2 0 1 -2 0 0 -1 -2 2 -1 0 2 0 2 -1 -7 0 0 -3 1 -2 -2 3 0 0 0 2 1 4 0 0 -2 1 0 0 0 1 0 -2 2 0 -2 0 3 3 2 0 1 0 5 0 0 0 0 -3 0 1 -1 0 0 -2 0 -6 -1 0 0 -3 -1 0 -4 -7 -4 2 0 0 0 -2 -2 -2 0 0 -1 -1 -4 0 4 3 -1 -2 -4 -1 2 -1 -1 -1 2 -1 -6 0 -3 1 1 -2 -2 4 0 0 -1 0 0 0 1 4 0 0 -2 -2 -1 8 0 0 0 2 0 0 1 0 0 -1 -4 6 0 -2 0 1 -4 1 1 3 0 2 0 -4 2 1 0 -2 -2 0 -2 2 0 0 0 0 -10 -4 0 -3 -1 2 2 0 0 0 2 -2 -2 4 0 0 2 4 0 0 0 -2 -2 0 0 0 -3 -4 4 2 -2 -3 0 0 0 0 0 0 1 2 0 0 0 1 -4 -4 1 0 0 0 0 0 1 -2 -7 -1 0 2 -2 0 -1 -1 6 2 -4 0 -1 4 0 -1 1 0 -1 0 6 1 0 -4 2 2 -4 0 0 7 -5 1 -1 2 1 -5 -1 -2 -3 -3 0 -2 3 0 0 0 54 4 -4 3 0 0 5 0 0 0 1 -4 2 -4 0 0 -8 0 4 4 9 -4 1 1 0 1 0 0 0 -2 0 1 3 -7 0 0 3 2 -1 2 0 -2 0 2 -2 -4 0 0 -2 -3
0 0 -2 1 0 0 1 0 2 0 2 0 0 1 0 1 0 0 -2 0 0 0 4 2 0 -2 0 0 1 0 0 0 -2 0 0 1 0 1 0 0 -4 -4 4 -1 -2 -4 -1 0 0 -2 0 -4 0 -4 -1 0 0 -2 0 -1 0 -2 0 0 0 -1 0 -2 0 0 1 -2 0 -4 -4 -2 0 0 0 0 0 2 -2 0 0 0 0 0 0 -2 0 0 0 2 0 0 0 0 3 2 2 2 -4 0 -2 -2 -3 2 0 0 0 -5 0 -1 2 0 0 1 2 0 0 0 -1 0 0 0 0 2 0 -2 0 0 0 -4 -4 0 2 4 1 1 -1 0 0 -1 -2 0 0 -2 0 0 2 0 0 4 3 0 1 2 -1 0 0 2 0 -2 -1 -2 0 -2 0 0 1 2 0 4 -4 -2 1 0 0 -1 0 0 2 0 0 -4 0 0 -2 0 -6 -6 -2 0 -2 -2 0 4 0 0 2 1 1 0 0 -4 0 0 2 1 1 0 0 -2 0 -1 1 -2 0 0 -5 -1 0 2 0 0 0 -2 -4 0 -2 -1 -1 0 6 2 0 0 0 2 1 2 4 0 0 2 0 0 0 1 4 0 -2 -1 0 2 0 -1 0 0 4 30 0 1 4 4 -2 0 0 0 0 0 -2 1 -2 0 3 -2 5 0 6 0 -1 1 0 1 -2 0 1 0 4 0 0 0 -1 0 0 0 -1 -2 -2 0 -2 0 2 -2 0 0 -6 2
0 0 0 0 4 1 -2 0 0 0 0 0 2 2 2 0 -1 -2 0 0 3 0 0 -1 0 -2 0 0 0 -2 0 0 -2 2 0 0 0 2 0 -4 -2 0 0 0 -2 0 0 0 0 0 0 0 0 -2 0 0 -2 0 2 -1 4 0 -2 0 0 0 -2 0 1 0 0 -2 0 0 0 0 2 0 0 0 0 0 -2 -2 0 0 -2 0 0 1 -2 1 2 -1 0 0 0 0 0 0 2 0 0 0 0 -2 0 1 2 -4 0 0 0 4 0 0 0 0 0 0 -2 -2 0 0 3 0 0 -1 0 0 0 0 0 -2 0 -1 0 2 0 0 4 2 2 0 0 0 0 0 0 0 0 2 0 0 -2 0 -1 0 -2 -1 0 0 0 0 3 2 0 0 0 -2 0 0 0 0 -1 0 0 0 0 0 0 0 0 0 0 0 2 0 0 0 1 4 0 4 0 0 -1 0 0 0 2 0 -2 -2 -2 -2 -2 1 0 0 0 1 2 0 0 1 1 0 0 -2 0 0 0 0 -4 2 0 0 0 0 0 0 0 -2 0 -1 0 4 0 0 0 -2 1 0 0 -2 -4 0 -1 -2 2 0 0 4 0 -1 1 0 0 0 -4 0 21 -2 2 0 0 2 2 -2 0 1 -2 0 0 0 0 4 0 0 -1 3 0 1 0 2 0 0 -2 0 4 0 -4 2 0 2 -2 0 0 4 0 0 -2 2 0 0 0 0 -2 1
0 0 4 -2 0 0 0 -2 2 0 0 0 0 0 5 -1 0 7 0 0 -2 -2 0 2 0 1 -1 -2 -4 -2 1 -1 -4 0 2 0 0 1 0 0 0 0 0 4 6 0 0 1 1 -5 -2 1 -2 0 1 0 -1 0 -2 3 -1 -3 2 0 0 0 0 0 -2 -1 1 -1 1 -2 0 1 -1 1 -1 -1 -4 -3 0 0 1 0 1 -6 -4 1 0 -3 0 4 -1 -2 -2 0 0 2 1 6 2 0 -4 -4 -2 -2 -4 3 0 0 0 -1 1 0 -4 1 0 -2 -3 0 1 -1 -4 0 -4 -1 0 2 -1 -1 0 0 0 -2 1 1 -4 -3 -4 -1 0 4 2 0 -1 2 -1 2 0 -4 0 0 5 1 -3 -2 0 -1 3 0 0 -1 1 -3 1 -2 0 0 0 1 0 2 4 -2 -3 1 0 4 -1 4 -1 2 0 0 0 0 0 -4 0 -1 -2 0 0 -4 -2 0 -2 7 0 -3 -4 2 0 -1 0 -2 -4 0 0 0 0 -2 0 1 -2 0 -1 0 0 1 -3 2 -4 2 1 -1 1 1 0 3 1 -1 2 7 -2 0 -4 -3 1 -4 0 1 0 -1 0 4 -2 -2 2 2 -1 1 -2 0 0 0 -1 0 3 1 -2 34 0 4 -5 0 -7 -2 0 1 -3 0 2 0 -4 0 -5 1 1 -7 1 -3 -2 1 -1 -5 2 -3 -1 -2 0 1 -3 -2 0 2 0 2 1 1 0 3 -1 -2 -2 0 -2 0
4 0 -5 0 4 1 2 0 0 -1 -1 1 0 2 3 0 -4 1 -1 -2 4 0 0 1 6 -4 0 -1 0 -2 0 1 -6 0 -2 0 1 0 1 0 0 0 -2 0 -2 -8 0 0 0 0 2 0 -1 0 0 0 -4 0 1 -6 0 0 0 -1 0 0 0 0 0 -4 0 -1 1 4 -2 -2 -2 2 1 0 -4 2 0 0 -2 0 0 -3 0 6 0 4 0 2 0 0 2 -2 7 0 0 2 0 0 0 2 0 2 0 0 0 -6 0 0 0 0 -1 0 1 4 0 -1 0 0 1 0 6 -2 -2 2 0 0 0 0 0 2 2 8 2 2 0 -3 0 0 0 0 0 -3 0 -2 -4 0 0 0 0 2 0 0 -2 0 0 0 0 -6 -2 0 0 -3 0 2 0 0 0 -2 -6 -8 -1 0 0 0 0 2 1 7 0 0 0 0 0 4 2 -4 0 -2 0 0 0 0 0 1 2 -6 0 2 -1 -4 0 1 0 -6 -2 2 2 1 0 2 9 0 0 2 0 4 -4 0 -2 -4 5 0 2 0 0 0 0 -4 2 2 1 2 0 -4 7 2 0 0 6 0 0 1 1 -4 5 -2 0 2 0 0 0 0 2 0 0 4 2 0 45 0 0 0 0 -4 -2 0 3 0 0 4 2 0 -2 -3 0 0 0 -4 0 4 0 -4 0 0 0 -2 4 2 -2 0 0 4 -2 0 -2 1 0 4 -2 0 0 -2 -2 0
-1 0 10 -2 -2 -1 -2 1 -2 2 4 0 0 2 1 -2 1 0 0 0 1 0 4 0 1 0 -1 -3 0 -1 -1 -5 2 1 0 0 2 1 0 0 4 -1 5 5 0 -2 0 0 -2 -2 0 6 3 -2 -1 -2 2 -2 0 2 -3 -4 -2 1 1 2 3 0 0 -7 1 -2 -2 0 0 0 0 0 -1 0 -2 -2 0 2 1 0 0 -1 0 2 -2 -1 0 0 2 1 -1 -2 4 7 1 4 6 0 2 -1 0 0 0 1 3 -4 0 1 -1 -1 -4 -2 6 0 -2 0 1 0 2 0 -2 -2 2 0 0 0 0 -4 -3 -1 0 3 4 -4 0 -2 -2 0 1 1 -1 0 0 0 -1 0 1 0 0 0 -5 1 -2 1 0 0 0 -5 0 2 -1 0 0 0 0 -1 0 2 4 0 0 2 0 -3 -2 3 0 0 2 -2 4 -1 -4 -1 -1 -2 2 -2 -3 4 -2 -1 1 -1 2 -6 -2 -1 -1 2 1 3 -2 0 2 -2 0 -2 2 0 0 -4 -3 0 0 1 0 1 0 0 0 -4 0 2 -1 4 1 0 -3 -1 0 0 0 -2 -1 3 -1 1 1 1 1 0 1 0 0 0 0 -8 0 6 10 3 0 -2 0 4 0 4 0 35 -2 -2 0 0 1 0 0 2 -1 -1 -1 0 -4 -1 -1 -2 0 1 0 -2 1 -1 2 -1 1 0 0 1 2 0 -2 4 -2 0 0 -1 0 -3 0 -7 0 -2 0 0
0 0 3 -4 0 2 -2 2 2 -1 1 0 0 0 4 0 0 1 1 1 1 0 -4 0 2 1 2 2 -2 -2 -4 0 0 0 0 0 -2 0 0 -2 0 3 -2 -2 3 2 2 4 0 2 3 0 0 -1 0 2 0 1 4 0 0 2 -2 0 0 0 0 1 0 1 0 3 1 0 1 -1 0 -2 0 2 -1 0 -2 0 0 0 -1 2 2 1 0 4 0 0 0 1 1 0 0 -2 3 -1 2 2 -2 6 3 0 5 -8 0 2 0 0 2 1 0 2 -1 0 0 0 -2 4 0 1 0 0 0 -1 0 0 -1 1 0 1 1 -6 0 0 0 -2 0 0 0 -1 2 0 1 1 0 0 0 6 -2 1 0 0 1 0 -5 0 0 0 2 0 -5 0 0 0 0 0 -2 -1 2 0 2 0 -2 -2 1 1 4 -1 -1 2 0 0 0 -3 0 -1 4 2 1 0 0 0 2 -1 0 0 1 1 -4 1 0 -2 0 -2 1 1 0 -2 -2 -1 1 0 -2 -2 -2 1 0 0 0 0 -2 -4 0 0 0 -4 0 0 0 -1 0 0 0 5 0 0 -2 4 2 1 3 0 4 2 1 1 4 0 0 -2 0 0 0 0 5 -2 0 -5 0 -2 29 0 1 0 0 -1 0 0 -1 0 2 0 0 3 1 0 -1 0 0 -2 0 0 1 0 5 0 -2 -3 5 4 6 0 0 0 3 0 2 0 0 0 0 6 1 2
0 -1 -3 0 0 2 0 1 2 0 0 0 1 0 -1 0 1 2 -2 -1 -2 0 -8 -2 -2 0 0 1 -2 -1 0 2 0 0 0 0 2 -1 0 0 0 0 -1 0 1 0 0 2 0 0 -2 0 0 -1 -1 0 0 0 1 2 0 0 -2 0 0 4 -2 -4 0 0 0 0 -1 0 2 -3 2 6 1 0 0 0 1 -1 1 -2 0 0 0 0 -2 4 0 -1 0 0 0 1 -1 0 -2 1 2 0 0 0 0 0 0 -3 -2 0 -2 0 0 2 0 0 0 0 -1 -1 0 -2 2 0 -2 3 2 0 0 0 -2 0 -2 0 1 2 -2 0 2 2 -1 1 4 0 -6 0 4 -5 2 0 0 6 0 1 0 2 -1 2 0 -2 0 0 -2 0 0 -2 4 1 -2 0 0 2 0 0 -2 1 2 0 -3 -2 -1 0 -2 2 0 0 4 8 0 1 0 0 0 0 -1 2 0 0 0 0 0 0 -2 2 1 -4 2 -3 1 -1 0 0 0 0 0 4 0 0 0 0 0 2 2 1 0 0 2 0 -1 0 -1 0 0 0 0 1 -2 0 1 -2 0 0 0 0 0 -1 0 0 0 0 0 0 0 1 0 2 0 0 0 0 2 0 0 -2 0 20 -2 0 0 0 0 0 0 0 -1 2 0 0 -2 -2 -1 0 0 0 0 0 -4 0 0 2 1 0 0 -1 -1 0 0 0 -2 0 0 0 0 0 -1 0 1 -1
0 0 0 -2 -2 -5 0 -2 0 0 0 -1 1 2 3 1 1 -3 -1 1 6 1 0 0 0 0 0 -1 2 -3 0 0 1 2 0 4 2 0 0 2 0 1 0 1 -2 0 0 -2 -1 0 1 0 2 0 -2 -1 0 0 1 0 -4 1 0 0 0 0 -1 -2 2 -2 1 6 1 0 0 0 1 0 3 -2 0 0 0 0 4 0 1 8 0 -1 3 -2 -1 -2 0 0 -1 0 3 3 5 5 0 -1 -1 -2 -1 0 -1 3 0 0 0 1 1 -2 0 1 0 -1 2 -1 1 7 4 -1 0 -1 -1 1 -1 1 1 1 0 4 -1 0 0 1 0 0 -1 2 0 0 0 0 0 0 -1 2 0 0 -4 0 0 -2 0 3 1 -1 2 1 -2 3 0 1 0 -4 0 0 -1 -2 -2 -2 0 0 1 0 0 -2 -3 -2 0 0 -1 0 1 0 -1 0 3 0 1 0 0 2 0 0 0 0 1 0 -2 0 -1 3 -4 -1 0 0 0 1 -1 0 2 -1 4 0 1 0 -2 -1 0 1 0 -2 -2 -2 0 0 0 0 0 -4 2 0 2 0 -2 0 0 3 -1 2 0 -1 1 0 0 -1 5 2 0 4 0 0 -1 0 0 0 2 -7 0 0 1 -2 31 0 1 0 0 0 2 0 0 2 2 0 -2 2 -4 0 1 0 1 2 -2 -2 0 -2 2 -3 -4 -2 -1 0 0 -1 -2 1 0 -1 0 0 0 -1 -2 0
0 1 0 0 0 -2 0 0 -2 1 0 0 -1 -3 -2 1 0 0 -1 0 2 0 0 0 0 -2 -1 -2 -8 2 0 -1 0 0 -2 1 1 -3 0 0 0 -4 0 2 -1 0 2 0 0 -1 -1 0 -1 -6 4 2 2 1 4 0 0 1 4 0 0 -4 2 -2 2 -2 2 6 1 0 0 0 0 -1 0 0 0 -4 -4 -4 0 -1 0 0 0 -2 0 2 4 2 0 0 1 -2 2 -2 2 0 -1 0 7 0 0 -6 1 0 -6 0 5 0 1 -3 -4 0 -5 0 0 0 4 2 2 0 0 6 2 -4 1 0 0 0 0 -1 -1 0 -4 5 1 -4 0 -2 0 0 0 0 -1 0 2 0 2 0 0 0 0 0 0 -2 0 0 -3 2 -2 0 -2 -1 0 -2 0 0 -2 -2 0 0 2 0 3 -2 0 0 0 -6 0 -2 -1 -2 0 0 -2 0 0 1 -3 0 3 0 -1 0 -1 8 2 -3 0 0 5 2 4 0 -3 1 1 5 -1 -2 -2 2 0 4 -2 0 0 2 0 2 -2 -2 0 -2 -4 -2 0 6 0 -5 2 -2 -3 1 0 0 -4 0 0 4 0 0 0 4 -1 0 -4 -3 0 6 -3 0 -2 0 0 0 -2 -2 -4 0 0 0 0 39 0 0 -2 0 -8 2 -2 0 2 0 2 0 3 4 0 0 0 2 1 -1 -2 -1 0 1 0 -2 0 0 0 -1 0 2 0 -4 0 0 -2 -3 4 0
0 -2 0 0 -2 -2 -1 0 0 -3 0 1 4 0 0 0 -1 0 2 0 1 1 0 2 2 0 0 0 0 1 -2 -1 1 0 0 1 0 0 0 0 0 0 0 0 0 2 0 0 -1 -1 0 0 0 0 0 -2 0 0 2 0 0 0 0 0 0 0 0 0 0 0 1 1 0 -2 1 1 -5 0 0 -1 0 0 -2 0 0 -1 2 0 0 0 0 1 1 0 4 0 0 0 0 0 0 0 0 0 0 -1 -2 0 1 3 0 0 0 0 0 0 0 0 0 0 -2 0 1 0 2 1 0 -1 0 0 1 0 0 0 0 2 -2 -1 0 0 0 2 0 0 0 0 -2 0 0 -1 2 -4 0 0 0 1 -3 0 0 2 0 5 0 0 2 0 0 0 0 2 0 2 0 0 0 2 -2 0 -2 0 0 -1 0 0 0 0 0 0 1 0 0 1 0 1 0 0 0 0 -4 1 0 2 0 0 1 1 -1 1 2 0 0 0 -1 0 0 0 0 0 1 -1 0 2 4 0 0 1 0 0 0 0 0 2 2 1 -1 0 0 1 -1 0 -1 0 0 2 -2 -2 1 1 1 2 0 2 1 1 0 -1 0 0 4 0 1 0 0 0 -2 1 0 0 1 0 12 0 1 -4 0 0 0 0 0 0 2 0 1 2 1 -1 0 0 0 -2 -1 0 0 0 0 0 -1 -2 0 2 0 0 0 0 1 1 2 3 1 0
-2 0 4 1 0 0 0 0 0 -2 0 2 2 -2 3 2 -2 -1 -1 2 0 0 0 3 0 0 1 4 -2 2 2 -2 0 0 0 0 2 -2 -1 -2 -2 0 -2 -1 0 0 6 0 0 0 1 0 -2 1 0 0 0 0 0 2 0 4 -2 1 0 -2 0 -1 0 -2 0 -4 0 0 0 1 -3 0 0 2 -2 2 0 0 1 -2 0 0 -2 -5 -5 0 0 -1 0 0 0 -1 0 4 -2 0 0 -1 4 -3 0 0 -8 4 0 -1 0 -3 -3 0 1 1 2 0 1 1 0 -2 0 0 5 -3 -1 -1 0 1 0 0 2 -6 1 8 0 0 0 0 -3 -4 3 0 4 2 0 1 -2 -4 -1 0 0 0 0 -2 0 -7 -2 0 -4 0 0 0 6 0 0 0 0 0 2 -1 4 2 0 0 -6 0 0 -2 5 0 -2 1 0 0 4 3 0 1 0 0 -4 0 0 0 0 -6 -1 0 0 -2 0 -2 0 2 0 1 0 0 -4 1 0 -4 2 -4 6 2 4 -2 0 0 3 0 0 0 -2 -4 0 0 -2 -2 0 1 0 0 -1 -1 -2 0 0 0 2 2 0 0 4 0 0 4 5 0 0 1 0 -1 0 0 -4 0 1 1 0 0 -1 0 0 0 0 35 0 0 -4 0 0 0 0 1 3 4 0 0 0 0 -3 0 2 4 -4 0 0 2 -1 0 0 -1 2 1 0 4 -1 1 2 -2 0 -1 0 1
0 0 5 0 0 1 -1 0 4 0 0 -1 2 0 0 2 2 1 3 1 0 0 0 0 4 0 4 0 1 -2 5 3 4 -6 -2 0 -2 -3 0 2 0 0 0 -6 0 2 0 0 -2 1 -1 1 2 -4 0 -2 -3 2 1 2 -2 0 2 0 0 6 -3 0 0 0 4 -1 2 0 0 -2 2 0 1 -4 0 1 1 0 0 2 0 0 1 0 0 2 0 0 -3 1 1 0 -2 0 -1 0 -2 0 -2 4 0 4 0 0 0 0 2 -3 0 0 -1 2 -1 0 0 -1 0 -1 0 3 2 0 -6 2 0 0 -3 0 4 -2 1 2 0 -1 4 0 1 -2 0 0 0 -5 0 0 3 -1 0 0 -2 0 0 0 -4 -4 -2 2 0 0 1 -2 1 -2 0 4 0 -1 1 -7 2 -1 -1 -4 -3 -2 -2 -1 0 4 -2 0 0 4 1 0 0 1 -2 0 -2 0 2 0 0 0 1 -6 2 1 -1 1 0 0 -2 -2 2 -1 0 0 0 2 -4 2 -6 -1 0 0 -1 -1 1 -1 0 1 0 -1 0 0 4 -2 0 0 -1 -1 0 -1 0 1 2 0 1 -2 6 0 0 -5 0 -4 4 -3 2 -2 4 2 3 1 2 -2 -2 -3 3 0 0 0 0 -2 1 0 34 4 0 -1 1 -2 -4 -2 1 0 0 -4 0 -2 2 -2 0 1 -2 4 3 0 0 1 0 0 0 -1 2 -1 0 0 0 0 2 4 4 -4
-2 0 1 1 0 0 0 4 0 0 0 -2 0 -1 4 -2 1 -4 -1 0 0 0 -4 0 -2 0 -2 1 0 2 4 -2 0 -4 2 0 -2 6 2 0 -1 -4 2 2 2 0 0 0 -2 0 0 0 -1 1 0 0 -4 -4 0 4 0 0 1 0 2 4 -3 0 0 -2 4 0 0 2 4 0 7 2 -1 -4 0 -2 -14 -2 0 -1 -1 0 0 1 0 2 2 4 -4 -2 0 0 0 0 -1 2 0 -2 0 -2 0 1 0 1 2 -1 -6 0 0 -6 -4 0 1 2 0 0 0 -1 0 -1 0 1 0 2 0 0 -6 0 0 0 2 -3 -1 1 -4 -4 4 2 0 0 1 -4 1 0 0 2 0 1 -1 -2 2 0 -2 -4 -2 -4 -4 2 9 -2 -3 0 -5 4 10 1 0 -2 2 2 -4 -4 4 -1 0 2 0 -1 2 -2 0 4 0 1 -1 -5 0 1 0 0 0 -3 4 1 0 -3 -2 -4 -1 6 4 0 -2 4 -1 -2 -1 -2 0 0 0 -6 2 0 0 -1 -3 0 2 -2 0 0 0 0 -3 0 0 2 0 0 -4 -2 0 0 -2 0 0 0 2 -4 0 2 2 -2 -1 0 4 -1 -1 0 0 4 -4 -1 -4 1 0 0 0 2 0 0 0 0 -4 0 4 42 -2 -2 2 -2 -2 -4 -1 1 -1 1 1 -4 0 0 3 0 0 1 2 -4 -1 1 -1 -1 0 0 -1 -5 0 0 2 2 -1 -2 0 -2
2 -2 10 0 0 0 2 0 9 1 0 -2 0 0 0 -1 0 -1 -1 -1 0 0 -2 0 3 1 0 6 1 -4 0 1 0 -2 6 -1 -4 6 4 2 1 0 -1 -3 -5 0 -8 -1 4 0 4 2 2 6 2 -1 4 -4 3 -4 -2 -1 -2 0 4 0 -4 0 0 3 0 -2 0 0 0 -2 -2 2 -2 0 -2 0 -2 -4 0 -2 0 3 6 -6 -4 0 -2 0 -2 -1 0 3 0 0 2 4 4 -2 -5 2 0 3 0 1 0 0 4 -2 -2 0 -1 0 0 0 0 0 0 -1 0 0 0 -2 -2 0 0 0 0 0 -2 0 0 1 2 0 0 0 -2 8 0 1 -2 1 0 -2 0 0 0 0 2 0 2 0 0 4 0 0 0 1 -4 2 2 3 2 -3 0 1 -2 0 2 -4 1 0 0 2 0 -1 0 2 -1 0 1 0 -1 0 3 0 2 3 4 2 4 2 -2 4 0 -2 -1 2 0 4 0 2 -5 -1 -3 8 2 0 0 -1 0 -2 0 0 0 7 -2 0 -4 0 0 2 4 -2 2 1 0 -4 -3 -1 0 0 3 1 2 -1 1 -4 -1 -1 2 0 0 -6 0 -2 -1 -4 0 0 2 -2 0 0 0 -2 0 2 0 -1 -1 0 2 -8 0 -4 0 -2 49 1 0 3 -4 1 -2 -2 2 0 2 1 -2 0 -3 2 0 2 0 0 0 0 0 -4 4 2 -1 -2 -2 0 -3 -2 0 0 2 2
2 0 -2 0 -4 -1 4 0 0 2 0 0 -2 4 -4 -2 -4 -1 -2 0 0 0 0 0 0 0 0 0 -2 0 -1 0 0 0 5 2 0 0 1 -2 0 0 1 3 -2 0 4 0 0 2 0 0 0 -4 0 0 0 0 0 0 0 0 0 0 4 2 0 0 0 0 0 2 0 -1 0 0 5 0 0 0 -6 4 -1 0 0 0 0 -1 0 0 0 4 0 4 0 0 3 4 0 -2 2 -1 0 0 0 2 -2 1 -2 5 0 0 0 0 0 -3 -2 0 1 -3 0 1 0 0 1 4 0 0 -2 1 2 0 1 1 2 0 0 1 0 4 4 0 -2 0 0 0 0 1 0 0 -2 3 0 0 -2 -2 0 1 -2 2 2 0 0 4 -2 0 1 2 0 -1 -1 2 0 0 0 -2 1 0 0 0 0 -3 0 0 0 0 -2 0 0 2 -3 2 0 -2 0 1 2 0 -3 -2 0 0 0 7 0 0 2 6 0 0 0 0 2 2 0 0 2 0 2 2 -2 0 -4 4 0 0 0 0 1 -4 0 0 0 6 -2 4 0 -1 0 0 0 -4 0 0 -1 -3 -2 -5 0 0 0 -2 0 -1 0 -1 0 0 0 0 0 0 0 0 4 -1 0 0 0 2 0 0 -1 -2 1 25 0 0 0 2 0 -1 1 -4 0 3 -2 0 0 0 0 -1 8 -2 2 0 0 0 0 2 -2 0 0 0 0 0 -4 0 0 0
0 1 0 0 6 0 0 1 10 0 0 0 -1 0 7 0 0 2 1 0 0 2 4 0 2 0 0 3 1 -4 0 -1 -2 0 0 0 -4 2 0 0 0 0 0 -5 0 1 0 -1 0 3 1 -2 4 0 -1 0 1 -2 2 -1 -4 2 2 -2 1 0 0 0 0 -2 3 0 1 1 -6 0 0 2 -2 -1 0 0 -1 0 -1 0 0 3 5 0 6 0 0 3 -4 0 1 0 1 -2 0 1 4 1 0 1 0 -2 -1 0 2 -3 0 -6 -1 0 -1 1 -2 -2 2 0 0 2 0 1 0 -4 0 -4 -2 0 0 0 1 0 -2 1 2 1 -2 0 1 -4 0 -2 4 2 0 0 0 0 0 1 1 -2 0 1 0 -2 2 4 -2 2 6 -1 0 0 0 0 2 0 0 0 -1 0 3 1 0 0 1 -2 0 0 -2 4 -2 0 0 0 0 2 -2 2 1 4 -4 -2 0 0 2 2 4 0 3 3 -2 -6 1 0 0 0 -1 -1 0 1 -1 -2 5 2 -3 1 1 0 0 -1 1 1 1 1 0 -2 2 2 8 0 -2 4 -1 0 0 -2 -1 -2 6 -4 1 0 0 2 2 2 0 1 1 0 2 -3 3 2 -8 3 0 -4 2 -1 2 -1 0 -2 0 0 1 2 0 0 45 -2 -1 0 -1 2 0 -3 -4 0 -6 -2 0 8 0 0 -2 0 0 0 1 0 -3 -2 0 2 1 -1 1 -1 -3 2 4 2
0 -2 0 0 2 3 -3 0 6 0 -1 0 -3 0 -1 0 0 -4 0 0 -2 -1 0 0 5 0 1 6 0 -4 -4 0 0 1 0 -4 0 2 -1 -10 -1 2 0 0 3 1 -2 1 -1 0 4 2 6 1 1 0 -4 -2 0 0 -3 0 0 -4 2 0 -3 1 0 0 -2 4 -1 -1 5 1 0 0 -3 -6 0 -3 3 0 0 -2 0 0 0 0 0 -2 0 -4 -4 0 0 -2 -1 2 1 5 0 -4 0 0 4 0 0 3 -1 0 0 3 0 2 0 3 0 1 -1 0 -2 0 -2 -4 0 0 0 0 -1 0 5 0 0 0 0 2 2 0 0 0 8 0 2 2 0 1 0 -1 2 0 0 -2 1 0 0 2 0 2 0 0 -1 1 1 0 -4 0 3 -4 0 1 0 4 2 6 -6 0 -1 2 5 1 0 -7 0 -2 -4 0 0 0 0 5 5 0 0 0 1 1 0 0 0 -1 -4 -2 0 0 0 0 4 -6 -1 3 2 2 -2 0 0 -1 0 -2 0 0 -2 0 2 1 0 0 2 2 0 0 4 0 -2 0 2 2 8 0 -2 -3 0 0 0 -4 0 0 0 -2 -2 1 4 0 0 3 2 -2 0 0 0 -2 4 0 0 0 0 2 2 0 0 0 -2 -2 3 0 -2 38 -4 0 -2 0 -2 -1 1 0 1 0 -2 0 0 4 -4 0 -5 0 -2 0 6 0 0 -2 1 0 0 -2 0 0 1 2
0 2 -6 2 0 4 2 -2 -11 -4 -2 1 0 -1 -1 -2 1 3 -1 4 0 2 -1 2 -2 0 0 0 -3 3 2 0 0 0 -4 -2 1 0 -1 0 -6 0 0 0 -4 0 -2 1 2 1 -1 -4 2 -4 2 -2 1 4 4 -2 0 2 0 0 -4 0 0 4 -2 1 0 0 0 0 0 -2 0 -2 0 0 6 2 -2 0 0 0 -2 -2 0 4 2 -1 -2 2 0 -1 0 0 -4 2 2 0 0 0 0 -2 -2 0 0 1 0 0 6 0 2 0 1 3 2 0 2 2 -2 9 0 -2 0 0 0 -2 0 0 2 0 -1 0 6 2 0 1 -4 6 -1 -2 -2 0 0 -2 2 0 3 -2 -2 2 0 -2 0 0 -1 0 -4 0 -2 -2 -1 2 1 2 -2 0 2 -4 0 1 -4 -2 0 2 0 -6 0 6 2 -6 0 0 -6 2 6 0 0 0 0 -2 0 0 -2 0 1 4 0 6 -2 -2 0 0 0 3 2 2 0 0 0 -1 -4 -2 0 2 5 0 0 0 -1 0 -1 -1 -1 -1 -6 -4 0 0 0 -4 2 0 0 2 6 2 -4 2 0 1 0 0 2 -4 -2 1 0 6 0 4 1 0 -6 4 -1 -1 4 5 0 -5 -2 -4 0 0 2 2 0 0 -4 -2 -4 0 -1 -4 49 0 1 4 -1 1 0 0 0 4 2 0 0 -4 0 0 0 0 0 2 -3 0 -1 -1 -3 0 0 3 -2 2 -4 -2
1 0 0 2 0 -3 0 1 1 0 0 -4 2 -1 0 2 0 2 0 1 0 4 -2 -3 3 0 -2 3 0 1 1 -2 -2 5 0 0 0 -4 0 0 0 2 -2 1 0 0 2 0 -3 2 0 -1 2 -5 -2 1 0 0 0 2 0 0 0 4 0 2 0 0 0 2 0 0 0 0 -3 2 0 -2 -5 4 0 -1 0 0 0 0 0 2 2 -6 0 0 0 -2 0 0 2 2 1 -1 3 2 1 0 -4 -2 1 2 -4 0 0 -2 0 -1 0 0 -1 -1 0 -2 0 0 -2 -4 -1 0 -2 1 0 2 0 0 1 0 0 0 4 2 4 0 5 1 0 -4 -3 1 3 5 1 0 2 0 -6 0 0 3 0 0 0 -4 0 0 0 1 -3 -3 4 1 1 0 1 0 6 0 1 -2 1 0 2 2 0 0 0 -2 1 -1 0 0 0 0 4 0 0 0 2 1 2 0 -1 2 0 2 -2 8 -2 2 -1 0 2 0 -1 0 0 5 0 0 -3 0 0 5 0 0 1 0 1 0 1 -4 0 -4 0 0 -1 2 0 3 0 0 1 0 0 0 0 -1 0 0 0 3 5 0 0 0 7 0 2 0 0 0 0 0 4 0 0 1 -3 -1 3 0 0 0 0 1 -2 -4 1 2 0 0 0 30 1 1 0 -1 0 -2 0 1 -2 1 0 -2 2 2 0 0 4 2 0 0 0 0 -3 0 0 0 0 0 0 4
1 2 0 3 0 1 -1 1 2 -4 0 1 -2 0 -3 2 1 6 2 0 -6 2 0 0 -1 -2 1 4 -4 3 0 -2 0 -1 0 -3 -3 -1 -1 -1 2 -4 -2 -1 -1 0 0 -5 0 1 6 0 -4 -1 3 1 1 0 -2 0 1 2 1 -1 -1 -2 0 -4 6 1 0 2 1 0 -4 -4 -2 -4 0 -3 2 0 -8 1 0 3 1 0 -1 -2 0 -2 -2 -2 1 0 3 0 -2 0 1 0 5 0 1 1 0 2 4 -1 0 0 -1 -1 -2 1 2 -2 2 0 -4 2 1 1 -1 -2 -1 0 0 1 0 1 0 0 -4 3 -1 -1 1 2 1 0 -1 2 0 -1 0 0 0 2 0 0 1 0 1 0 0 0 0 -4 -4 0 2 0 1 -3 1 -2 1 -1 1 0 0 -4 -3 0 0 2 -1 -1 -2 2 2 2 0 4 -2 -1 13 3 -2 -5 -2 -4 -1 -2 0 2 0 0 1 1 -3 0 -1 -3 0 -1 -2 -2 2 0 0 1 0 -3 0 0 -6 0 1 1 2 3 6 -2 -6 -2 4 0 0 -3 0 1 4 2 -2 3 4 -1 -4 0 -2 0 -6 -2 1 2 -2 6 2 3 0 -1 -5 -3 -2 -2 -2 -1 9 6 -1 1 0 -1 1 -2 -2 2 2 3 1 -1 -2 0 -1 -2 1 1 48 0 2 2 0 -1 -1 1 1 0 4 2 0 2 -2 0 -2 0 -4 2 -2 8 -5 -5 -1 -2 3 2 0 -2
1 0 1 0 1 0 -3 0 -2 -2 0 -4 4 3 2 3 0 -1 0 1 2 6 0 2 1 -4 -3 0 0 2 0 2 -1 -2 0 1 2 -1 4 0 3 0 3 -5 1 0 0 0 -1 0 4 0 0 0 0 4 -2 0 0 0 2 2 8 0 -1 -2 2 3 0 0 6 0 -1 4 0 -1 0 -4 2 0 4 2 3 0 0 0 -3 2 2 -6 6 -1 -4 1 0 -1 -2 1 0 -6 4 1 1 -2 0 1 -1 4 0 -1 0 0 0 2 -7 -1 -1 -6 0 1 6 1 -1 0 -2 0 2 -1 -4 2 1 0 -2 -1 3 1 1 -2 4 4 4 -1 2 -3 -2 -4 -2 2 0 1 2 -3 -2 -5 4 0 -2 0 2 -4 -2 0 -4 -6 -1 -4 2 2 -6 -1 2 1 4 5 -4 0 2 -1 -5 2 -2 4 2 1 6 1 -5 3 0 0 0 5 2 0 -4 0 0 0 1 -2 0 -4 0 -4 2 -2 0 0 -2 4 -2 0 0 0 -1 0 0 -2 0 0 2 -3 0 -1 3 0 -3 0 -1 -3 0 0 6 1 -6 0 0 5 2 1 0 0 0 0 5 2 2 -4 2 1 0 2 -1 1 2 5 2 -4 2 2 -4 0 3 -7 0 -2 0 -2 2 0 0 4 0 1 -2 -1 2 0 4 1 0 46 7 1 4 1 1 4 -2 2 4 -2 2 0 0 2 -3 -2 0 -1 1 1 1 -1 1 -2 -1 0 0 3
0 0 0 0 2 -2 -4 0 0 0 -2 0 -1 0 4 1 -3 0 4 -3 0 1 0 -2 0 0 0 0 -1 0 0 -2 0 -2 1 2 -3 0 2 3 0 -2 -1 -5 -5 -1 0 0 0 2 7 0 -2 -1 0 0 3 0 0 0 -2 -1 0 0 0 0 6 6 0 0 2 1 0 0 -2 -1 4 -5 0 -4 0 1 1 0 -4 0 0 1 0 0 4 2 -5 -1 -1 -1 1 0 5 -2 2 0 -2 0 0 6 0 2 1 1 0 4 0 1 -2 0 -2 0 0 1 -2 1 0 -4 -2 1 -2 -1 -2 0 0 0 2 -2 -2 -3 4 0 0 2 2 -1 0 1 2 -2 0 2 1 0 1 0 -1 -1 1 -1 -1 4 1 0 -2 0 -5 0 3 4 -3 0 -2 0 1 2 1 0 0 -4 4 0 0 0 0 3 -1 0 3 -1 0 -6 0 0 1 0 7 0 0 0 0 0 2 -2 0 6 1 -1 0 0 0 1 -2 4 -2 -2 0 -1 0 1 -6 0 -3 2 1 2 0 -2 0 0 -7 1 4 0 0 0 1 1 1 -2 0 0 -2 3 6 1 0 0 -3 0 0 0 1 -4 0 4 -1 -4 -1 -4 -4 -2 -2 2 1 -1 0 1 0 0 -1 -1 -4 3 1 0 0 -1 2 1 0 -2 -1 0 2 7 34 0 -1 -1 -2 -1 -2 2 -2 2 -2 -1 0 1 0 0 0 0 4 0 0 0 2 0 0 0 0 0
-1 0 0 -1 4 -9 0 0 -2 0 0 2 1 0 -4 1 -4 -2 1 -2 0 1 1 5 0 0 -1 0 2 7 -1 0 -1 0 0 -4 2 0 0 0 0 -1 2 0 -2 2 2 0 -2 -4 -2 -2 0 0 0 0 0 0 -2 -4 6 0 0 2 0 0 2 0 -2 -2 0 0 1 2 0 0 1 2 4 -2 1 0 0 0 0 2 0 -2 -2 2 0 -1 2 1 0 4 1 -9 -2 2 0 -2 5 -1 9 0 2 2 1 0 2 2 2 -6 0 -2 2 -1 3 -2 0 0 -1 0 6 2 0 0 2 -2 -1 2 2 0 -2 1 -3 0 2 0 -2 0 0 2 0 0 0 0 0 0 6 3 -1 3 -2 2 0 0 0 -2 0 0 4 0 2 2 3 0 3 0 2 0 -4 2 -1 0 -3 0 1 -5 -1 2 1 -4 1 -2 -2 0 0 4 0 1 1 0 0 2 -2 0 2 0 -2 2 2 -4 -2 1 0 -1 0 -2 1 0 -1 2 -1 0 1 -1 0 -2 -1 4 0 2 -2 2 2 -7 0 -1 -1 0 6 0 -1 -6 0 0 2 0 1 2 0 0 0 0 -7 0 0 1 4 1 0 4 0 1 2 2 -6 2 1 1 1 -3 -4 1 0 0 0 4 2 0 -4 1 0 -4 -3 -1 1 -1 2 1 0 41 0 0 -1 4 0 -2 0 -4 -2 2 4 -2 1 -2 0 -2 -2 2 0 0 -2 0 0 0 -2 0
0 -2 0 0 -8 0 2 0 2 -1 0 1 0 0 -2 1 -5 2 0 0 0 1 -3 0 0 0 0 2 0 -1 0 0 0 0 0 0 0 0 2 0 2 0 0 -3 0 0 1 2 0 -2 3 2 1 1 1 0 -2 -2 1 0 4 0 -3 0 2 0 2 4 0 0 1 -2 0 2 0 0 2 1 2 0 2 3 0 0 0 0 -1 -2 0 -1 -4 1 0 -2 0 -2 0 1 0 0 0 0 4 0 1 0 0 -2 0 4 -2 -2 0 4 0 0 0 0 0 -3 0 -2 0 0 0 0 0 0 0 0 0 0 0 0 2 0 0 1 0 2 0 0 0 0 0 -2 0 0 1 -1 0 0 2 0 1 0 0 0 0 0 0 0 -2 0 -2 0 0 1 -1 1 0 0 0 0 -2 0 0 0 0 0 0 3 0 -1 1 4 0 0 0 0 0 0 0 1 0 2 1 -2 -1 -3 0 0 0 -1 0 -2 0 1 4 1 0 0 0 0 0 0 0 -1 0 -6 1 0 0 0 0 0 0 0 0 0 0 0 0 -2 -2 0 2 0 1 0 0 0 -2 2 0 0 0 -1 0 0 -2 0 0 -1 1 1 0 0 0 0 0 0 0 -2 0 0 0 0 1 0 1 0 0 1 2 0 -4 1 0 0 0 4 -1 0 16 0 -1 2 -1 -6 0 2 0 0 0 0 0 0 0 2 0 -3 0 -2 0 0 -3 0 0 0
0 0 -4 0 6 4 2 0 0 1 0 -1 -2 2 -2 -6 0 0 -2 0 4 0 -1 2 0 -4 -1 -1 1 2 1 0 0 2 3 1 -2 1 1 2 0 0 2 0 -1 4 0 0 -1 -1 -7 -2 0 3 0 2 -4 0 -1 -2 0 1 1 -4 0 -1 0 0 0 0 4 0 0 -2 0 0 1 3 0 0 0 0 2 0 0 5 -2 -8 0 0 1 2 -3 -2 3 5 0 -2 -1 0 0 -1 0 0 2 0 0 0 2 1 -2 1 -1 0 -3 4 4 2 1 -2 0 2 2 0 0 6 0 -2 0 -2 -5 -4 1 1 0 2 0 9 0 2 -2 2 -4 2 -2 0 0 1 -1 0 0 0 1 -1 0 0 2 1 0 0 4 0 0 0 5 -4 -5 1 0 0 -2 0 -2 -2 -2 -4 0 -2 0 0 1 0 0 0 3 0 -1 0 0 0 2 4 0 0 0 0 -3 0 -1 -1 0 -1 4 0 -2 0 1 1 -3 1 -4 2 0 -3 0 0 2 1 -3 0 0 -4 0 2 -4 0 0 2 0 0 0 -1 0 -1 -2 7 0 -1 -1 1 0 0 2 2 0 2 0 1 0 -1 4 -1 -3 -2 0 2 0 0 4 0 1 1 2 1 4 -2 -2 0 0 0 -1 0 -2 -4 1 3 0 0 0 -2 -1 1 -1 0 0 35 0 0 0 0 -1 1 0 0 0 1 0 0 -2 4 -2 0 1 0 -2 6 0 -2 0 1
0 0 -2 0 0 1 0 0 -4 0 0 1 0 0 4 -1 0 -2 1 -1 0 3 0 0 1 0 0 0 0 1 2 -1 1 3 0 0 -1 -2 0 0 0 0 2 3 0 2 -2 0 -1 0 0 0 -1 -2 -2 -2 -2 1 2 -1 0 -2 0 -4 0 1 -3 0 0 0 2 1 -2 1 0 0 1 0 0 0 0 0 0 0 0 -2 0 4 -2 0 0 0 0 -2 0 0 -2 -6 0 -2 0 0 0 -1 -3 -4 0 -2 0 0 2 2 1 4 -1 3 -1 0 0 1 0 0 -4 -2 0 0 0 0 -2 8 -1 1 0 0 1 -2 -3 -2 0 0 2 0 0 -1 0 0 -4 -2 0 0 0 1 -2 0 1 0 0 0 0 0 0 0 0 0 2 0 -2 0 0 1 0 -1 1 -2 4 5 -2 -2 -1 2 2 -5 -3 5 -5 0 -3 0 -3 0 -2 0 0 0 -1 -2 0 0 3 3 0 0 -1 -2 0 0 -1 1 0 0 -1 0 0 0 2 -1 2 0 2 0 3 -5 0 0 0 1 -1 -2 -2 -3 0 0 2 1 -4 -2 3 0 0 0 0 2 2 -5 1 2 1 0 -1 -2 0 1 -2 0 1 0 -2 2 0 0 0 -2 0 -1 0 1 0 0 1 0 0 -3 2 0 -2 -2 -6 1 0 0 -1 1 -2 -1 -1 0 25 2 -1 0 0 0 0 0 -1 -1 0 0 -1 0 -1 -2 0 -1 0 0 1 0 2 0
3 0 0 2 0 -3 0 0 0 0 0 3 0 0 -2 0 0 2 1 2 -5 3 4 0 0 0 6 7 4 2 0 -4 2 0 0 0 0 2 2 0 0 0 2 0 0 4 0 0 0 0 -4 -1 0 0 1 0 0 2 2 0 4 0 0 -2 3 2 0 0 0 3 -1 0 0 0 0 0 0 0 0 0 4 2 0 -4 0 1 0 -2 0 0 0 -1 4 -2 2 1 0 2 -2 0 0 0 2 0 0 0 0 0 -4 -2 0 0 0 -1 0 4 0 -2 2 -2 0 0 0 -8 0 4 0 0 -1 -4 0 0 -1 0 -2 1 -2 0 0 0 0 0 0 0 0 0 1 0 0 1 8 0 -2 0 8 0 2 0 0 0 0 0 0 1 2 -4 0 0 0 4 -8 0 2 -2 -4 0 0 2 0 2 0 0 0 -3 -2 2 0 1 0 0 0 0 -4 0 0 0 2 4 -4 0 2 2 -2 -2 0 1 2 2 0 0 2 -5 0 0 4 0 0 0 0 0 2 0 2 0 -2 4 -2 -2 0 2 0 0 1 3 2 2 0 -3 4 4 0 1 0 -1 0 -2 -4 -4 1 0 2 0 2 2 2 0 -2 2 -2 0 0 0 0 -5 -4 -1 0 0 2 2 0 0 -2 0 0 0 -2 0 4 1 1 4 -1 4 2 0 2 34 -5 4 0 0 0 3 0 0 -2 0 1 1 0 0 0 0 0 -2 0 4 0 0
-8 2 4 1 -2 2 1 0 -2 -1 0 4 0 -3 -2 0 8 0 3 -1 0 2 0 0 0 0 0 0 -6 4 2 -6 4 -2 4 -4 -2 0 0 -2 0 2 0 4 0 0 1 0 2 -2 -1 -4 -4 -1 -1 0 2 3 0 0 1 -2 4 2 0 -6 0 -1 0 -2 -2 0 3 0 -1 0 -4 -1 0 0 0 -4 -4 -1 2 0 0 2 -2 2 0 0 3 4 -5 -4 1 0 0 4 2 0 2 -2 1 2 0 0 2 1 0 -2 0 0 -4 -1 -2 2 -2 2 1 4 3 2 0 -2 0 -4 0 -5 0 -2 -1 0 0 -4 1 -2 3 -3 0 -4 2 2 -4 0 0 0 -2 2 0 -1 1 -7 -5 -2 -2 0 0 0 -1 2 2 0 0 2 -1 -1 -1 0 0 2 0 -4 0 2 0 -2 0 -1 0 2 0 -8 2 0 0 0 -2 -2 0 0 0 0 0 -5 1 0 0 0 -2 4 -2 -1 4 -1 4 4 0 0 1 2 0 -2 0 0 2 -3 2 0 0 1 0 0 -2 -2 0 1 0 2 0 0 0 -2 2 2 0 0 -3 0 -1 2 0 0 2 0 -2 0 4 -2 -3 1 0 3 0 1 -3 -4 -2 -4 0 1 -2 2 0 2 1 -4 -2 1 0 2 0 3 -3 0 0 -2 2 -2 1 -2 -2 0 -1 0 -1 -5 44 -2 0 -2 -1 0 0 -3 2 6 0 -2 -3 -1 0 0 2 -9 0 2 0 0
0 8 0 2 6 0 0 4 0 0 0 -2 -1 0 -1 2 8 0 4 0 0 4 2 2 0 0 2 2 0 0 1 -1 0 0 4 0 -3 2 0 0 -6 0 3 0 -1 0 0 -2 3 1 2 -1 -1 -2 -4 0 4 0 0 0 -2 4 0 0 0 0 2 -2 0 -4 0 0 0 2 0 0 -4 -2 -1 -6 0 0 0 0 0 -2 0 1 4 2 2 -2 2 1 2 -1 -2 -2 -2 2 2 2 -2 -4 -4 0 0 0 -4 -6 0 0 2 -2 -2 0 2 -1 2 -2 0 0 4 4 0 0 4 -1 0 0 2 0 0 0 0 -3 0 -2 4 -6 4 -2 -2 -6 0 0 0 -1 -2 0 0 -2 4 -4 4 2 0 1 0 0 0 0 -1 -2 0 0 -3 -2 0 0 -3 0 0 4 1 0 0 0 0 2 2 -1 -1 2 0 0 -2 -2 4 0 -4 3 -2 -2 0 5 2 1 0 4 0 -2 0 -2 0 3 -6 0 -4 0 0 0 0 0 0 2 -4 1 -2 1 -2 -2 7 4 4 2 -2 2 -1 0 0 0 0 -1 -2 0 -1 0 -2 0 2 -2 0 -1 0 0 2 -1 0 2 3 2 1 0 0 0 -4 2 2 -1 -2 0 0 -3 0 -1 0 0 -2 -1 -2 4 1 0 2 0 8 0 0 1 0 2 2 -2 -6 0 0 4 -2 50 2 2 0 0 0 0 4 0 2 -10 0 0 0 2 2 -4 6 2 0 0
0 0 3 0 2 0 0 0 -2 4 1 1 0 4 0 4 -2 0 0 -4 0 0 2 0 2 -2 1 1 -2 0 -2 0 0 0 4 -1 -1 1 -4 0 -2 -6 0 0 0 0 0 -2 0 -1 -1 -2 -2 0 0 0 0 2 -1 0 4 0 0 -3 0 0 0 -2 0 0 0 2 1 0 -4 2 0 -2 -4 0 -2 -2 -2 0 0 1 -4 0 -2 0 2 0 0 0 4 4 -7 0 -4 0 2 -1 -2 -2 0 1 0 2 0 -4 0 0 0 6 0 1 0 2 0 0 3 0 3 0 -2 -8 0 4 0 0 -1 0 -2 -2 -4 -3 2 0 0 0 4 -2 0 2 4 0 2 6 0 -1 0 0 0 2 0 -1 0 0 1 2 0 0 4 0 -2 -3 -4 0 -2 -2 -3 1 -2 0 -6 -6 0 -4 0 -1 0 -4 -4 -2 0 4 3 0 1 -4 -2 -1 2 0 0 -2 4 1 0 0 1 -1 0 0 0 -1 1 -4 -4 2 8 -2 4 0 0 0 -2 4 -2 0 0 0 0 0 0 0 -4 -4 -2 0 0 0 0 -1 3 2 0 -2 -1 -2 -2 0 0 0 4 2 1 0 0 4 0 -4 0 8 0 0 1 0 -4 0 0 4 4 -1 0 1 5 0 0 -2 -1 -4 -2 0 0 0 0 0 0 0 4 4 -2 0 0 -1 0 0 0 2 46 0 -2 0 2 0 0 0 -2 -2 4 0 0 1 0 0 -2 -2 0 0
0 -4 -2 2 0 -2 -2 0 5 -1 0 1 0 1 0 1 0 0 0 0 0 2 -2 0 1 -2 2 1 0 0 4 1 -1 0 0 -2 -4 0 0 0 1 2 0 -2 1 2 1 0 0 0 4 0 1 -1 0 0 -2 -4 -1 0 -4 -4 1 -2 4 6 0 0 2 0 0 2 -1 4 0 -2 1 4 2 -3 -1 0 0 0 -2 1 1 -1 0 0 -4 8 0 0 1 2 0 0 0 -3 -4 2 -3 0 -2 2 4 0 0 -1 0 0 -1 3 0 1 1 0 7 2 0 0 1 -2 0 0 0 -1 0 -9 -2 0 0 -2 -2 0 -2 1 0 0 -2 1 0 1 0 -5 -1 -2 3 2 0 0 0 2 1 2 6 0 -1 0 0 0 1 0 1 -3 -2 0 4 4 0 2 0 2 -2 0 0 2 3 1 -2 -2 0 0 -2 1 0 -1 4 -2 -1 1 0 -2 0 -1 0 0 0 -1 0 -5 0 -1 -4 0 0 -1 4 0 2 0 1 -1 0 0 0 -2 -2 -2 0 -3 0 1 -1 1 -3 0 2 -1 1 -4 0 -2 -3 1 -1 6 0 0 -2 1 1 2 0 2 4 2 0 -1 1 0 0 -2 -1 -5 2 -1 2 -2 1 0 0 -2 -2 0 0 2 -2 -1 0 0 4 1 2 -1 0 4 -4 -2 2 -2 2 -4 2 1 0 0 -2 2 0 36 1 1 1 2 -1 2 0 0 -1 -1 1 0 -2 0 -1 0 3 -1
2 0 0 0 0 2 2 0 0 0 0 2 0 1 2 3 -5 0 -2 0 0 0 0 1 0 0 0 -3 2 -2 0 2 0 -2 0 0 4 -2 1 6 0 1 0 0 0 1 0 -4 4 1 1 0 0 3 0 0 -2 0 0 0 -2 0 0 0 -2 -4 2 0 0 0 0 -1 -2 2 0 -1 -2 -4 0 1 -4 -1 0 0 0 0 -1 -1 0 -4 0 -3 1 0 -2 0 -3 0 -3 -4 -2 0 0 0 0 -4 -3 -1 -2 1 0 0 -2 -1 0 -3 0 -1 0 -3 1 0 0 4 0 0 0 0 0 2 0 -2 2 -1 2 0 1 -2 0 2 -1 -2 0 2 0 0 0 -2 0 -1 -2 4 0 2 -2 1 0 0 0 2 2 1 0 0 -5 -1 2 0 -1 0 0 0 0 0 0 0 0 2 0 0 1 0 0 2 4 0 2 0 0 0 0 1 0 0 4 -1 0 -2 -2 0 2 0 -4 8 0 2 2 0 0 1 0 0 0 0 0 0 0 0 -4 4 0 -2 -4 0 0 -1 -2 -1 0 -7 1 0 0 0 0 0 -2 0 0 0 0 1 0 0 -4 0 0 2 2 -2 0 -2 -2 -1 0 3 0 0 -1 0 3 0 -4 0 4 0 -2 1 2 0 0 0 3 2 0 8 -2 -4 0 2 0 2 -2 -2 0 0 0 0 -1 0 -2 1 41 -4 0 -2 0 0 0 0 -2 -2 -1 -2 -3 2 2 -4 2 -3
3 0 -2 2 0 0 0 1 0 0 0 3 4 1 -2 0 -2 0 -1 0 0 3 0 0 2 0 -2 1 -2 -2 2 -2 0 0 -2 -2 0 0 0 0 2 -1 -4 -4 -1 -4 -2 0 -4 -3 3 0 0 2 0 2 -1 0 1 2 0 0 2 -6 0 1 0 4 0 5 0 0 0 -2 0 1 0 0 2 0 0 0 0 0 -2 -2 3 -2 0 4 0 -4 0 -3 0 2 8 0 0 1 1 1 0 2 2 0 0 4 -2 0 -1 0 2 0 0 2 2 -1 -10 2 -4 2 0 -4 1 0 0 0 2 4 -1 0 -3 0 0 -6 -2 -1 0 -1 -1 3 0 0 2 0 -2 0 -1 2 0 0 0 -4 0 1 0 0 0 0 2 0 -1 -2 0 7 -3 0 2 0 0 0 1 0 -2 -2 -2 2 0 6 0 -4 0 0 0 0 -2 2 -1 4 8 2 2 -4 0 0 -4 0 -1 1 4 0 1 0 -3 -4 2 -2 -4 0 0 0 1 2 1 0 0 1 0 0 1 2 0 -3 -4 -1 2 0 0 0 -8 0 0 0 0 1 0 -2 -1 -5 0 1 -2 0 -8 0 0 0 -1 2 0 0 2 0 2 -2 2 0 -2 0 -7 0 2 1 2 1 -3 0 -3 1 0 2 0 -4 0 -2 0 0 0 2 2 0 -1 2 0 0 0 3 0 0 0 1 -4 44 2 0 -10 4 0 5 1 0 0 0 0 4 0 2 -3 4
-2 -1 0 0 -2 -5 0 0 0 1 0 0 0 2 0 -1 0 0 0 1 0 2 0 0 -4 0 4 0 -1 -2 -2 1 2 0 1 -2 0 0 0 0 0 2 4 -2 -1 0 0 0 0 2 -2 0 0 0 2 0 0 0 -2 1 0 0 0 4 0 1 1 1 -2 0 0 -4 3 1 0 0 2 0 3 6 -1 4 0 0 1 2 1 0 0 1 0 2 0 2 0 2 0 0 0 0 0 -4 0 0 4 2 0 0 3 -2 0 4 0 -5 0 0 0 -1 0 0 0 0 -1 2 0 0 0 0 -1 0 -1 3 0 0 2 0 2 0 -1 0 0 0 0 0 0 0 0 0 0 0 0 0 0 0 -2 0 0 0 0 0 -2 0 5 2 1 1 -2 1 0 4 0 0 -2 -2 0 -3 0 1 1 -1 1 -4 4 0 0 0 2 0 0 0 1 0 -4 -2 0 0 -2 1 0 0 1 1 0 0 0 0 0 2 0 2 1 0 1 0 4 0 0 0 0 0 0 0 1 -5 0 0 -1 0 -2 0 0 -4 0 0 -3 0 0 -1 -2 4 1 0 0 0 0 0 0 0 2 2 0 -1 -4 0 6 0 0 0 -1 0 0 -1 0 -3 -2 2 5 0 -4 0 0 -1 0 -1 0 2 0 -5 0 0 -2 0 0 4 0 0 -1 0 0 0 2 1 0 2 24 3 0 -2 -3 0 0 0 2 2 0 0 0 0 0 0
1 0 -2 1 -4 -2 0 -1 3 0 0 -2 -2 1 0 -1 1 4 1 0 0 -2 2 2 0 -2 0 0 0 0 6 7 0 1 -2 1 -2 2 0 -2 0 0 0 0 0 2 0 4 0 2 -1 0 4 0 1 0 -4 -1 2 1 0 1 2 0 -2 1 1 1 0 0 4 -2 0 -1 0 0 1 0 0 -2 0 4 0 2 0 0 0 0 2 0 0 4 -1 -2 0 2 0 0 1 0 1 -6 -1 0 0 -2 0 2 0 0 0 1 2 0 2 0 0 -2 0 4 3 0 3 0 0 2 0 -1 0 0 0 0 2 0 0 0 -1 1 0 0 4 2 0 -1 -1 -2 0 -4 0 0 -2 -2 2 4 -1 2 0 0 -2 0 -2 0 0 0 0 0 0 0 -2 1 1 0 0 -2 4 2 3 -8 -5 1 2 0 0 0 0 2 2 2 -2 0 0 1 2 0 2 0 0 1 0 1 0 -1 -2 0 0 0 -2 -4 -2 2 0 0 0 0 0 0 -1 0 -3 -2 0 0 -2 -2 0 0 0 -1 -2 1 1 0 -2 0 0 0 0 2 0 -4 1 -1 2 0 0 3 2 0 0 -1 0 0 6 -2 0 -3 0 2 0 2 0 0 2 -2 0 0 4 -1 -2 -2 0 0 1 1 0 0 0 0 0 0 0 2 1 -2 0 1 -1 0 -3 0 0 2 -2 0 3 27 1 0 0 0 1 -2 0 0 0 1 1 6 -1 2
1 0 -1 0 0 -6 0 1 -3 -2 0 -4 -6 0 0 0 0 4 0 0 0 -2 2 4 -1 0 2 0 2 0 0 -2 -1 0 0 0 3 -1 0 0 0 4 1 0 0 -1 12 2 0 0 -2 0 0 -4 -1 2 0 0 2 4 1 -2 0 4 -4 4 0 -2 0 -2 0 1 0 1 0 6 -1 0 -5 1 0 1 5 0 0 -8 0 0 0 1 0 -3 0 0 -2 0 0 0 0 4 0 -2 -2 0 0 2 0 4 0 0 6 0 2 0 1 -2 -2 -4 -1 0 0 0 -1 0 0 -1 0 0 0 0 0 0 2 -2 1 1 0 -4 1 0 0 2 -4 0 0 -2 2 0 0 -2 4 3 0 0 0 2 0 0 0 0 0 0 0 0 -3 2 0 0 -2 2 -1 0 -4 -6 -1 -4 0 0 4 -4 2 0 0 0 0 -2 -2 -2 0 1 0 0 3 0 2 0 0 -1 1 0 0 0 -2 4 0 4 -2 -1 0 -6 1 0 0 0 0 0 0 0 0 0 -2 0 4 -1 -2 -1 0 -2 -1 4 -2 2 2 -2 0 2 0 0 0 2 0 -1 4 -2 0 1 1 -1 -1 0 0 0 0 1 2 1 1 0 0 1 3 0 -2 0 0 -2 6 -1 -1 0 -1 0 0 -1 0 0 1 -2 0 4 -2 -3 0 1 0 0 0 -2 2 4 0 -1 0 -10 0 1 44 4 -2 0 1 -2 -2 4 0 2 2 0 0 -1
0 1 4 0 2 1 2 0 0 0 0 2 0 0 -4 0 4 2 0 0 0 0 0 2 3 0 -2 3 -2 -2 0 -4 0 0 0 -1 0 0 0 0 0 0 -2 6 0 0 4 0 1 -2 0 0 0 -2 0 0 0 0 0 -1 -2 -3 0 -1 0 0 2 0 -1 0 0 0 -2 6 -2 -2 4 0 -6 0 1 -3 0 0 1 1 0 -1 0 2 0 0 -1 0 4 0 0 0 0 5 1 -2 4 -1 0 2 4 0 1 0 0 -1 0 3 -2 2 -4 5 -4 1 0 2 0 2 0 0 -2 0 0 1 1 -1 -1 0 1 -2 0 2 0 -4 0 3 0 0 0 0 1 0 0 1 3 0 0 -2 0 -2 -4 0 0 0 -2 -2 -3 0 -4 7 -1 0 0 2 0 0 -2 -1 0 -8 0 2 4 0 0 6 0 -2 0 -2 -6 0 0 0 0 0 0 0 0 0 0 0 0 2 2 -8 -2 4 0 0 2 4 -2 0 4 0 2 0 -2 0 0 0 0 2 0 0 0 0 0 0 0 0 0 0 -4 0 4 1 0 0 -1 0 3 0 2 0 -1 0 0 0 0 0 5 -3 0 0 2 0 1 -2 0 0 -2 0 2 0 0 2 4 4 0 0 0 0 -2 -1 0 -1 -4 0 0 0 2 2 0 -2 0 -2 0 0 0 0 6 0 0 2 0 4 -2 0 4 30 0 2 2 0 -2 -2 -2 -4 0 -2 2 1
-2 0 2 0 -1 0 0 0 0 4 -2 0 -2 0 1 1 0 -8 1 2 2 2 0 -2 -5 -1 -2 0 -1 0 0 0 2 0 1 -1 0 0 0 -3 0 2 0 1 1 -2 0 -1 0 -2 -4 0 0 0 -3 0 -4 0 0 1 0 3 0 -1 0 0 0 0 0 0 0 0 0 1 2 -2 0 0 0 -2 0 0 -2 0 1 1 0 -1 2 0 0 3 0 -2 0 -2 0 1 0 2 1 1 0 -5 -2 0 0 2 -2 0 -2 2 0 1 -2 0 0 0 0 0 0 -4 -2 0 0 -3 0 0 -1 0 2 1 0 -1 -2 0 0 2 1 0 0 0 0 5 2 0 0 0 0 0 0 0 0 0 2 0 0 0 1 0 0 0 -1 2 -7 2 2 2 0 0 0 0 -2 8 0 6 -2 0 0 0 1 0 0 0 0 -3 -2 0 -8 0 2 2 1 8 0 0 0 1 -2 -1 0 1 0 0 0 1 -2 2 0 -2 0 2 0 1 -4 3 -1 0 -3 0 0 2 2 0 -2 0 0 0 0 0 0 0 0 0 4 -2 0 -1 4 0 0 0 0 0 1 0 0 -1 1 0 0 0 2 0 -4 1 0 -1 -1 0 -1 -1 0 0 -2 -2 0 0 0 0 0 2 0 0 4 0 -3 6 -3 0 -4 0 0 0 0 -2 -1 1 0 2 -2 0 0 0 -3 0 -2 0 25 0 0 -4 0 -2 1 -1 -1 0 -2 0
0 -8 0 0 0 0 0 0 0 -2 -2 0 0 -3 2 -4 -3 0 -2 1 2 0 0 0 1 0 -4 0 0 0 0 0 2 0 3 0 -1 0 0 0 3 0 0 5 0 -1 2 -1 -1 1 -5 3 0 -4 0 1 -4 -2 0 0 -1 -2 2 0 1 1 0 0 1 3 2 0 0 3 0 1 4 0 0 0 2 0 1 0 -2 1 0 0 3 -2 0 4 -6 2 0 3 0 1 2 0 -1 0 1 -1 -2 -2 0 -2 -1 6 0 0 -6 2 -3 -2 -2 2 -8 2 -2 1 0 -1 0 4 0 0 0 0 1 0 -4 0 2 5 0 0 -2 5 -2 0 -2 2 2 0 0 -2 0 -2 0 0 -1 -6 0 0 0 -1 1 1 0 0 1 1 0 -3 -1 4 0 0 0 0 1 -3 1 2 0 4 0 -2 0 0 0 0 3 1 1 -1 1 1 -1 2 2 2 0 0 3 0 -1 0 4 0 4 2 1 0 1 2 -4 0 0 0 3 1 -2 0 6 1 2 0 1 0 8 3 -4 0 0 0 0 -2 -7 0 -1 4 0 0 2 0 3 1 0 1 -1 1 0 -1 -1 2 0 -1 -2 -1 2 -1 0 -2 2 0 0 0 2 -2 4 2 0 0 0 0 -1 -1 2 1 -1 0 2 2 -2 0 0 0 2 -1 0 -2 2 4 0 1 -2 -10 -2 0 0 5 0 0 0 2 0 36 3 0 1 1 1 0 1 -2 0 0
1 -1 0 0 1 0 0 0 1 0 2 0 -2 3 -4 0 4 -1 2 0 0 0 1 0 1 0 0 2 0 0 -2 1 0 0 -2 1 -5 1 0 0 0 1 0 2 -1 0 -2 3 1 -2 -2 0 -6 0 -1 0 -1 -1 0 0 3 -3 2 0 -2 -2 1 0 -2 4 -2 -1 2 0 0 3 -2 -8 -1 6 2 -4 0 -1 0 2 1 -2 0 1 0 -4 -1 0 0 4 -1 3 -4 0 -1 -1 -1 0 0 0 0 0 0 -1 2 0 0 -2 -1 1 -1 4 1 1 0 0 0 -3 -2 1 0 -2 0 1 -2 0 0 0 -1 -2 1 -3 -1 -3 0 1 2 2 0 1 2 -2 -3 0 3 0 -2 0 0 -3 0 0 1 0 2 -1 -2 -2 0 0 -2 1 -2 1 0 -2 0 0 -2 0 -4 0 -2 -1 2 0 0 0 0 3 1 -6 0 -2 0 0 4 0 -1 2 0 -3 -1 4 0 4 1 2 0 -2 3 1 0 0 0 0 0 0 1 0 -4 2 0 0 0 0 -4 -3 2 -1 -5 -1 -1 0 1 -4 1 -2 -2 1 0 0 2 -3 0 -1 -2 1 1 0 3 -1 1 6 0 -5 3 -4 0 -2 -5 -2 0 2 0 -2 0 1 -2 0 3 -2 -2 0 0 0 2 -1 -1 -2 0 0 -1 0 -2 1 4 -2 0 -2 -1 0 -3 0 4 -1 -2 1 0 1 1 2 0 3 34 0 1 -3 1 0 0 1 -2 -2
0 0 4 0 0 2 0 0 2 -6 0 2 0 -2 -6 4 2 8 2 2 4 0 2 0 2 -4 0 -4 -1 1 -2 -2 0 0 0 2 -2 -2 -1 2 0 0 0 0 0 1 5 1 0 2 3 0 -2 -3 -1 0 5 0 0 2 0 3 2 -1 0 -2 0 0 4 0 -2 4 2 0 0 0 0 2 1 2 0 0 0 0 0 0 0 0 0 0 2 -5 3 0 0 2 0 0 -1 -1 0 0 3 4 4 -2 0 1 -2 0 0 0 2 0 0 0 -1 0 0 0 -1 4 0 -1 -2 1 -2 0 4 0 0 2 0 0 1 0 0 5 -1 -1 0 0 0 2 0 0 0 2 0 0 2 0 0 -1 -3 4 0 0 3 0 2 -1 0 0 2 0 -1 -2 0 -5 0 0 0 -4 0 -1 0 0 0 2 0 0 5 3 0 6 -2 2 8 0 0 0 0 -2 -1 1 0 0 -4 -4 0 1 -1 0 0 2 0 -1 -3 0 0 0 0 0 0 -2 0 0 2 0 0 4 -3 0 -4 -2 2 0 0 0 0 -3 0 1 2 0 0 2 -3 -1 0 0 -3 0 2 0 -4 2 4 1 1 0 2 3 -1 -1 0 -5 0 0 -2 0 0 1 1 -1 0 0 1 2 0 4 -1 -5 -2 0 2 -2 -1 0 8 1 0 2 -3 0 -2 0 -1 0 0 -1 -2 0 0 -2 -2 0 -4 0 0 38 -4 -2 0 0 0 0 0 0
0 0 2 0 0 1 -4 0 0 0 0 2 -1 0 2 0 0 -1 -1 0 0 1 -1 -1 0 0 0 2 1 0 -4 0 0 0 0 0 1 -1 -1 -2 1 0 0 -1 1 0 -4 2 0 -1 0 -1 0 3 0 0 1 0 -1 2 1 0 0 -2 1 -2 0 2 -4 0 0 -2 0 2 0 3 0 2 1 0 1 0 1 3 0 0 0 0 0 4 2 0 0 0 0 2 0 0 0 0 0 0 -1 0 3 0 0 0 6 2 -2 0 0 0 -1 1 4 0 0 0 1 1 1 -2 1 0 2 -1 0 0 0 0 0 0 0 0 -3 0 0 0 -4 0 -1 1 0 0 0 0 0 -1 -2 0 0 1 4 -2 1 1 1 3 0 0 0 0 0 -3 -4 -1 0 0 0 2 2 0 1 2 1 2 -2 2 1 0 0 -1 -1 2 0 0 0 1 0 0 -1 -1 0 -1 -1 -1 2 -1 2 -2 1 -2 0 -1 1 2 1 0 0 -1 -2 1 0 0 0 1 2 0 0 -1 2 0 3 -1 -2 0 2 1 1 0 0 0 1 1 0 -3 0 0 4 0 0 0 2 0 3 0 2 0 -2 0 -2 3 0 1 1 3 2 0 0 -2 -2 0 0 0 2 0 0 0 0 -1 0 0 -2 0 1 1 -3 -3 -5 1 0 0 0 1 0 0 0 0 0 1 -1 0 2 0 -2 -2 0 1 1 -4 19 1 0 -1 0 0 0 -1
0 0 0 0 -1 0 0 0 0 0 -2 0 0 -4 2 2 2 0 0 0 -2 0 0 0 -1 0 1 0 3 0 0 0 0 0 0 0 0 0 0 0 -4 0 0 0 0 -2 0 0 0 0 0 0 0 4 2 0 2 0 0 0 2 -2 4 1 -1 -2 -4 0 0 -4 1 -4 2 0 0 0 -1 -2 -3 0 0 0 5 -4 2 0 0 2 -2 4 0 4 0 2 0 0 0 -2 -4 0 0 0 -4 0 2 1 0 0 0 0 0 0 0 -1 1 -1 0 -2 0 0 4 0 1 0 0 0 0 0 0 -1 1 1 0 0 0 0 1 -4 -6 0 -2 0 0 1 0 0 0 0 -2 0 0 0 0 -2 0 0 0 -2 0 -1 0 0 0 1 2 0 0 0 0 2 0 0 0 0 0 -2 0 0 0 0 0 2 1 -1 0 0 3 0 -1 1 0 0 -4 4 2 -2 0 0 0 4 0 0 1 0 0 -4 0 2 4 0 0 0 0 0 2 2 0 0 2 0 0 0 0 -2 -2 0 1 -2 2 0 0 4 -2 -12 -1 0 -2 0 0 2 2 0 8 0 1 0 0 0 0 -5 0 1 -1 1 4 0 1 -2 2 0 2 0 2 3 4 -3 0 0 -1 -4 0 1 0 0 0 0 -1 0 0 0 -5 -1 0 0 -2 0 -1 0 0 2 1 0 -2 0 2 0 4 -2 -2 1 -3 -2 1 30 0 -1 4 0 0 0
-3 0 -2 0 0 -4 -1 0 -2 1 0 0 0 -2 0 -2 0 -2 0 0 0 2 0 0 2 3 0 -3 0 -1 0 -2 0 0 0 0 2 0 0 2 0 -2 -4 1 0 0 2 0 1 -2 0 4 -2 0 -1 0 0 -2 0 0 -1 0 1 0 0 2 0 0 -1 0 -2 -2 0 -1 1 2 2 -2 1 -4 -2 0 -2 -4 0 1 1 2 -2 -4 0 -2 0 -1 0 -2 3 0 1 4 0 0 0 -2 -2 -1 0 0 1 0 -4 -6 0 0 2 0 0 -2 0 2 0 0 -2 0 0 -2 0 0 0 -2 0 0 0 2 0 0 0 1 0 2 2 4 0 -5 0 0 0 -1 1 -2 0 0 2 0 0 0 0 2 0 -2 0 0 0 -2 1 5 -2 5 0 0 0 3 0 0 0 -2 0 0 0 2 1 -1 -2 0 -2 0 -2 0 -2 0 0 2 0 0 0 4 2 2 -2 -2 0 2 1 0 1 1 -2 -3 0 4 2 -1 -1 -2 0 0 -1 1 3 -1 -2 -6 0 -1 4 0 0 2 0 2 -2 -2 0 -2 0 -1 0 0 2 0 -1 2 -1 0 0 0 -2 -3 0 2 -2 0 0 -1 0 0 -4 0 0 0 -2 2 0 -1 -2 0 0 0 0 0 1 2 0 2 -3 0 1 0 0 0 -1 1 2 -2 0 -2 0 0 2 2 0 -2 -3 0 0 0 0 -2 1 1 1 0 0 0 31 0 0 1 0 -5
4 0 -6 -6 0 4 1 0 -2 -2 -4 1 -5 6 -1 1 -3 0 1 4 6 0 0 -4 -3 0 -1 2 -7 -3 -2 5 -2 -1 -2 1 0 -1 0 1 0 0 -2 -4 0 6 0 1 -6 2 0 -1 0 3 1 0 1 0 2 0 1 4 -4 0 3 -2 1 0 0 2 -2 0 0 -2 0 0 1 -3 0 1 0 4 1 -1 -2 1 1 0 0 6 -2 1 -1 -2 0 0 4 -2 1 -4 1 -4 -3 1 0 4 0 -2 1 -5 0 0 0 2 6 0 2 0 -6 0 0 6 -3 -2 2 1 0 0 2 4 -2 1 1 1 2 0 2 1 0 8 -2 8 0 2 2 -4 0 0 0 4 0 2 0 0 2 0 -1 -2 2 0 4 -1 0 12 4 4 -4 0 -2 0 -2 0 -2 0 -1 -1 0 -2 0 -2 -2 1 -2 -1 2 0 1 0 -9 -2 4 2 0 -2 0 0 -6 2 4 0 2 4 0 1 -6 1 1 -2 0 2 0 -4 0 0 0 3 2 -4 -3 1 0 -7 -2 0 4 2 1 0 -5 -2 0 2 -1 0 -2 4 0 0 0 -1 0 3 2 0 -6 4 1 1 -1 -1 0 2 2 3 0 -9 -1 8 0 0 -4 -2 0 -2 0 -7 0 0 0 0 1 -2 0 2 -2 0 -1 -2 3 0 -2 -2 0 0 0 6 0 -2 -9 -4 0 0 2 4 0 1 2 -4 -1 0 0 0 -1 -1 0 63 -2 0 1 0
0 1 1 0 0 0 -2 1 -3 0 0 -1 1 -4 1 0 5 -2 2 5 0 2 0 -5 5 0 3 -6 0 1 -3 -4 0 0 0 0 4 0 0 4 -4 0 0 1 0 0 -1 -1 0 1 -3 1 0 2 0 -3 0 0 -2 4 0 -2 0 2 -4 0 0 -2 2 2 4 -2 1 1 -2 0 -1 0 0 0 2 -2 2 3 -1 1 0 0 1 0 2 0 1 0 -2 0 -2 -2 -4 2 -1 -1 0 -1 -1 0 0 2 3 -2 5 0 1 1 2 0 3 0 -2 1 -7 -2 3 0 1 -1 4 2 4 0 -2 0 0 0 -3 -4 -1 -4 0 -1 -2 1 -1 -2 4 -2 2 -2 -2 -1 0 -6 1 5 -1 0 2 0 2 2 -1 2 1 0 -2 1 -3 -2 1 1 0 2 1 0 0 0 0 0 -2 -1 2 -1 0 0 1 0 5 0 0 -2 0 0 1 5 2 0 0 0 1 -1 0 -2 0 1 3 0 2 2 0 0 0 1 0 0 0 0 0 1 0 -3 2 4 0 -1 3 0 2 3 -1 -1 -1 4 0 0 -5 1 0 1 1 1 0 2 0 0 -2 -2 0 5 0 -2 1 4 1 2 -1 -2 5 0 6 2 0 0 0 -2 0 0 0 -1 0 -2 2 0 2 -1 0 -4 -3 0 -2 0 3 -1 0 0 -3 0 1 0 0 6 -2 -1 2 0 0 1 2 0 -1 1 0 0 0 4 0 -2 41 2 -2 0
-2 1 -2 0 0 0 0 0 2 0 -2 1 0 2 -2 0 1 2 -4 1 -3 0 0 0 4 0 7 11 -8 0 0 0 0 0 -2 2 -4 3 0 -4 -2 -4 0 -3 0 2 0 4 -2 0 0 0 0 2 0 0 0 2 2 -8 0 0 0 0 0 0 0 4 -1 0 -1 1 0 0 1 1 2 -4 0 -2 -1 4 -4 4 0 3 4 0 0 0 0 0 0 0 0 1 2 2 0 0 0 0 2 0 2 8 -1 4 8 0 -2 1 4 0 2 1 0 -1 -5 0 -2 0 0 2 6 0 0 -2 1 -2 2 0 -2 0 0 6 -3 -1 -2 -4 0 6 0 2 1 0 0 -2 -2 0 0 0 2 4 0 4 0 0 0 2 -2 1 -2 0 6 2 2 0 0 5 -2 0 0 0 0 2 -2 0 -4 0 0 -3 -2 -2 0 2 0 2 1 -2 0 0 6 0 3 2 2 0 0 0 2 2 4 2 0 -2 2 -4 4 0 0 -6 -1 -2 1 0 -4 2 -2 -5 -2 0 2 0 0 0 0 0 0 2 0 0 2 4 -4 1 -2 0 0 1 -1 0 0 0 5 -6 4 2 0 2 2 2 7 6 0 -2 2 0 0 -2 0 0 0 0 -2 -2 6 0 -1 -3 3 -1 4 -2 0 0 2 0 2 0 2 0 0 0 0 -2 0 4 2 2 -2 0 -4 2 0 6 0 -2 0 -2 1 0 0 0 1 0 2 42 -4 0
4 0 6 -2 0 2 1 0 -2 -2 0 0 2 0 0 -2 0 0 0 -2 -1 0 0 0 4 1 -2 0 0 -2 0 0 -4 -2 -4 0 4 -3 0 2 2 1 0 -4 0 8 0 -2 -2 4 0 4 0 4 1 -2 0 0 2 2 -2 0 2 0 0 0 1 0 0 -2 0 4 3 0 -5 0 -2 -2 -1 0 1 -2 0 -4 -2 0 0 0 0 0 0 0 -2 0 -2 0 0 0 -1 0 1 -4 0 0 0 0 0 0 0 -1 0 -4 0 -2 0 -4 -2 -6 0 2 0 0 2 0 -2 1 0 -2 0 0 -2 0 0 0 -4 0 0 0 2 4 0 -4 0 0 0 0 0 4 0 3 0 0 0 -4 4 2 0 2 0 0 0 0 -1 2 2 0 -2 0 0 2 0 4 0 -6 0 3 0 0 2 2 3 0 0 0 0 0 0 0 1 -6 -6 1 -6 0 -4 -4 -4 -6 0 2 0 -2 4 0 -1 0 -2 4 0 0 0 -1 0 0 0 0 0 0 0 4 0 -6 0 -4 -4 5 -8 0 4 -1 1 0 2 2 4 0 -4 2 0 0 -2 -6 -2 -2 2 1 -2 0 2 2 0 0 -4 0 0 0 0 0 0 0 -2 -6 -2 -2 -2 0 1 1 -2 4 1 0 4 0 2 0 4 1 -4 0 0 0 0 -2 0 0 2 0 0 0 0 3 2 -3 0 -1 0 2 -2 0 -2 0 0 0 0 1 -2 -4 45 0
0 0 -3 0 0 0 2 2 4 -4 4 -3 6 -2 4 -1 0 2 0 0 2 0 1 0 -1 -4 -1 1 1 -2 0 0 0 0 0 4 2 3 2 -1 -2 -1 3 -2 3 0 4 2 -4 3 0 -4 3 -2 0 0 0 2 -3 -2 2 0 0 -2 0 -2 0 6 -2 0 0 3 -2 0 0 2 0 2 0 0 -1 0 2 -2 0 0 0 1 2 -2 -2 1 0 2 -2 3 1 -2 0 0 0 -4 2 1 0 0 0 0 0 2 0 5 -4 0 1 2 -3 0 -8 0 0 0 2 -2 0 1 3 -4 -2 4 0 0 1 -1 2 -2 0 2 0 0 0 -4 9 3 0 0 0 0 -5 4 0 -2 0 -2 0 1 0 -1 -2 0 0 5 0 0 -2 -5 0 0 0 0 -2 1 4 -2 0 -1 -3 2 -4 4 2 3 0 0 -4 0 0 -4 0 -6 0 2 2 1 -2 1 -3 4 3 0 1 2 1 0 -2 -5 0 -2 -4 0 -1 0 1 -6 -2 -2 2 1 4 -2 1 2 0 0 -2 0 0 -4 0 -2 -5 2 0 1 0 -2 0 0 0 0 0 0 -1 0 4 2 0 -3 4 2 0 0 0 -1 0 -2 -5 0 0 -2 -3 2 1 0 0 0 2 -1 0 0 0 1 -4 -2 2 0 2 2 -2 4 -2 3 0 0 0 1 0 0 0 0 0 -1 -3 4 0 2 -1 1 0 0 -2 0 -1 0 -5 0 0 0 0 46

Q_cnstr 
15 1 0 1 -1 0 1 0 -2 1 2 -1 -1 1 -1 0 -1 1 -1 -1 0 0 0 0 0 0 0 0 1 0 -2 -1 0 1 2 0 -1 0 0 1 -1 -2 0 0 0 0 0 -1 0 0 0 0 0 2 0 0 0 0 0 -1 0 0 0 1 0 1 0 0 1 0 -1 0 0 1 1 0 0 2 0 0 0 0 0 -1 1 0 2 1 0 0 1 1 -1 0 -1 1 0 -1 -1 0 -1 1 0 0 0 1 0 -1 -1 0 0 1 1 0 1 0 0 0 0 0 0 2 -1 0 0 -1 1 -1 0 1 1 0 0 0 0 -2 -1 -1 0 0 0 1 0 0 1 0 0 0 0 1 0 0 3 1 -1 0 -1 -1 0 1 -1 0 0 0 0 0 1 1 -1 0 2 0 1 -2 0 1 -1 1 2 0 0 0 0 0 0 -2 2 1 0 1 0 1 1 0 1 0 -1 -1 0 0 -1 1 0 1 0 -1 0 -1 0 0 0 -1 0 -1 1 0 -1 -1 -1 -1 -1 0 2 0 0 0 -1 0 0 0 0 -1 0 -4 -1 1 0 1 1 1 -1 0 0 0 1 -1 0 0 0 2 -1 0 0 0 0 -1 0 1 0 0 1 0 -1 -1 0 -2 0 0 0 0 0 1 0 0 0 0 0 0 0 0 0 0 1 0 0 0 -1 0 0 0 0 0 0 0 0 0 -1 0 0 -2 0 -1 0 0 -1 0 -1 1 0 -1
1 16 0 0 0 -2 -2 1 0 0 -1 -2 0 0 1 1 1 1 0 0 0 2 -1 0 1 0 -1 0 2 1 0 1 -1 -1 3 4 0 0 0 0 -1 0 1 0 0 -1 -1 -1 1 2 0 -3 1 -1 0 1 0 1 0 1 0 0 0 1 0 2 -1 0 0 0 -1 0 -1 0 0 -1 -1 0 0 0 0 1 0 0 0 0 0 -1 0 0 0 0 0 0 -1 0 -1 -1 0 0 2 0 2 -1 -1 0 -1 0 0 1 0 1 0 2 1 0 -1 1 0 0 -1 0 0 -2 0 1 0 -1 -1 1 1 -1 -2 -2 0 0 0 0 -1 -1 0 0 1 0 0 2 1 0 0 0 -1 0 -1 0 1 -2 -1 1 -1 0 0 -1 0 0 1 0 0 -1 0 1 0 0 1 0 1 -3 0 0 0 0 0 -1 1 -3 0 0 0 1 1 -1 0 0 0 0 1 0 -1 0 0 0 1 2 0 -1 0 -1 0 0 0 2 0 -1 1 0 -1 1 1 -3 0 0 -1 0 -1 -1 -1 -1 1 1 0 0 -1 0 -2 -1 1 0 0 0 0 0 1 1 -1 0 0 -2 1 0 1 0 -1 0 0 4 -1 0 0 2 2 1 -1 0 0 0 0 0 -1 -1 1 0 -1 0 -1 0 0 -2 0 0 1 0 0 0 0 0 -1 0 -2 0 -1 0 0 -1 0 0 -1 0 0 0 0 -2 1 -1 0 -1 1 -1 2 2 0 -1
0 0 12 0 0 0 1 -1 0 0 0 0 0 2 0 0 -1 0 1 -1 0 0 0 1 1 0 0 0 1 0 0 0 0 0 1 0 0 -1 0 0 0 1 0 -1 0 0 0 0 1 0 1 -1 0 0 1 1 -2 0 0 0 0 -1 0 0 1 0 0 1 0 0 0 -3 -1 0 0 3 -2 2 0 0 -1 1 0 0 0 0 -1 -1 0 1 1 0 0 0 0 2 0 0 0 1 1 -2 0 -1 0 0 0 0 0 1 0 0 0 -1 0 0 -1 -1 0 0 -2 1 1 -2 -1 2 0 0 -1 -4 -1 0 -1 0 -1 0 0 1 0 0 0 0 0 -1 0 2 0 0 0 1 0 0 -1 1 0 1 -1 3 0 -1 0 1 0 0 -2 0 -2 -1 0 -2 0 1 0 0 1 0 0 -1 0 -1 -1 0 0 0 0 0 0 0 0 -1 -1 0 0 1 0 0 0 0 -2 1 1 -1 0 0 0 1 1 -2 0 1 0 0 1 0 0 -1 0 2 0 0 0 0 1 0 0 1 0 2 -3 0 0 0 -2 -3 0 0 0 0 0 0 1 -1 0 0 0 0 0 0 0 0 -1 0 1 0 0 0 -1 0 0 1 0 -1 1 -1 1 0 0 0 -1 0 1 0 0 0 0 0 0 0 0 0 0 0 0 0 0 0 0 0 0 0 -1 -1 0 0 -1 0 -1 0 0 -1 0 0 -1 -2 1 -3 0 0 0 1
1 0 0 15 0 0 0 0 -1 0 0 -2 -2 0 2 1 -1 0 0 0 1 0 0 0 0 0 0 0 0 1 2 1 0 -1 0 1 0 0 1 1 -1 0 -1 0 0 1 0 0 0 0 0 0 1 -1 1 -1 0 0 0 0 -2 -2 0 0 0 -1 0 1 0 0 0 -1 0 0 -1 0 -2 1 0 0 0 -1 0 1 1 -1 1 1 0 0 -1 1 -1 1 0 1 1 0 0 0 0 0 1 1 -1 1 0 1 0 0 1 1 0 0 2 1 0 1 -1 2 0 1 1 -1 0 1 -1 1 0 0 0 0 -1 0 1 0 0 -1 0 0 1 2 1 0 0 0 0 0 1 -1 0 0 0 0 -2 1 0 -1 -1 0 1 -1 -1 0 1 0 1 0 0 0 0 -1 0 0 0 1 0 0 0 -1 0 1 0 0 1 1 0 0 0 0 0 -1 -1 0 0 1 1 -1 -1 1 0 0 0 0 0 2 0 0 0 1 0 0 0 0 1 0 -1 0 0 0 2 0 0 -2 0 0 0 -1 0 0 2 2 1 0 0 1 0 0 0 0 0 1 3 0 1 0 1 1 0 0 -1 0 0 1 0 -1 0 1 0 0 0 0 1 0 1 -2 0 1 -1 0 0 -1 0 1 1 1 2 1 -1 0 1 0 0 0 -1 0 0 0 1 1 1 0 0 0 1 -1 3 0 0 -2 0 0 1 -1 0 0 0 0 -1 0
-1 0 0 0 17 -3 1 0 2 0 1 0 1 -1 0 1 1 0 1 0 -3 -1 0 2 0 0 1 1 1 0 1 0 1 2 0 0 0 0 1 -1 -1 1 0 0 0 0 -1 1 -1 1 -1 1 0 -1 -1 0 1 -2 0 2 0 -1 0 -1 0 -1 -1 3 0 0 -2 0 2 0 0 -2 0 0 1 0 0 0 0 0 0 0 0 0 0 0 -1 0 0 -1 0 0 -2 0 -1 0 0 -1 0 1 -1 0 0 0 0 0 1 0 1 1 -1 0 1 -1 -1 1 0 1 1 -3 0 0 -2 1 1 -1 0 0 1 -1 0 -1 0 0 1 -2 0 0 1 0 0 -1 0 -1 1 -1 1 1 -1 2 1 -1 1 0 0 0 0 -2 0 -1 1 -1 -1 0 0 -1 0 0 1 0 0 -1 -1 -1 0 0 1 0 0 0 -1 1 0 1 0 0 1 0 -1 0 -1 0 0 -2 0 0 0 0 -1 0 1 1 -2 0 0 -1 -1 0 1 -1 0 0 0 -1 -1 -1 1 1 0 1 0 0 2 -1 1 1 0 -1 0 0 1 -1 0 3 0 1 0 1 0 0 -1 0 -3 1 2 -1 0 0 1 0 0 0 0 0 -2 1 0 -1 0 -1 0 -1 0 0 1 3 -1 0 0 0 1 0 -2 0 1 0 0 0 -1 0 -1 -2 0 0 -1 1 -1 -1 0 1 -1 0 0 0 -1 2 1 0 0 1 -1 1 1 -3 2 0
0 -2 0 0 -3 23 0 1 0 1 -1 5 -1 0 -2 -2 1 0 0 0 1 0 -1 1 0 0 0 0 -2 0 1 1 0 0 0 0 0 0 0 0 -1 0 -3 1 0 0 0 0 1 -1 -1 2 1 -1 0 -1 -2 1 0 1 0 0 1 0 0 1 1 0 0 0 0 1 1 -1 0 1 0 1 -1 0 1 -1 -2 -1 -1 -1 1 0 -1 -1 1 1 -1 2 -2 -1 0 0 0 -1 2 1 1 -1 0 0 -1 -1 0 1 -1 0 0 0 1 0 1 2 0 -1 0 0 0 0 -2 -2 0 0 0 0 0 0 1 2 0 2 0 0 -2 3 1 0 0 0 0 0 0 2 -2 -3 0 0 0 0 0 3 1 -1 2 0 -1 1 0 1 0 0 0 0 0 1 1 2 0 -1 1 0 -1 1 0 0 -1 -1 -2 0 0 -1 0 0 -1 -1 0 0 0 1 1 -1 3 1 1 1 0 0 1 0 -2 0 2 0 0 1 0 1 0 0 0 1 -2 1 0 1 0 0 0 0 1 1 -1 0 4 0 1 0 -2 0 0 -1 -1 0 0 -1 -1 -1 1 0 1 0 0 -2 0 -1 0 0 0 -1 2 2 0 2 -2 -1 0 1 1 0 0 1 0 0 -1 1 1 1 -1 1 0 0 0 0 2 0 0 -1 0 -1 0 -1 0 -2 1 0 -1 0 1 0 2 0 0 1 0 1 1 0 0 0 0 0 1 2 -1 1
1 -2 1 0 1 0 22 2 0 1 -1 1 0 0 0 1 0 0 1 -1 1 0 1 1 0 -1 1 -1 1 1 0 -1 0 -1 3 1 1 0 0 -1 0 -1 1 0 0 -3 2 0 -1 0 -1 1 -1 2 4 -1 1 1 0 0 0 0 0 -1 -1 0 0 0 2 0 0 0 0 1 0 1 2 1 -1 1 0 0 0 -2 -1 0 -2 -1 0 0 -1 3 0 -1 0 1 0 0 -1 2 1 2 -1 0 -3 -2 0 -2 1 1 1 0 0 1 1 0 -2 1 -1 0 -1 -1 1 0 -1 0 0 0 0 0 -1 0 0 0 -1 1 -1 1 0 0 0 0 1 0 2 0 1 -1 -1 1 0 0 -2 0 0 1 0 0 0 0 1 3 0 0 1 0 0 -1 -1 2 1 -1 0 0 1 0 -2 -2 0 -1 1 -1 0 2 -1 0 0 -1 0 0 0 0 -4 2 0 -1 1 0 -2 0 -1 0 0 1 3 3 0 0 0 2 -1 0 0 0 0 -1 -2 2 0 -2 -1 0 1 2 0 1 1 -1 3 0 0 0 0 0 -1 1 1 -1 2 -1 2 -2 0 -1 -1 0 -1 -1 0 -1 2 1 0 -1 0 -3 -1 0 1 0 0 -1 0 2 1 0 0 1 0 1 -1 2 1 0 1 1 0 0 0 1 -2 2 -1 0 1 -1 0 -1 2 0 1 -1 0 0 0 0 -1 2 0 -1 0 0 2 0 -1 1 -1 1 0 0
0 1 -1 0 0 1 2 16 1 2 -1 0 0 0 1 -1 1 -1 -2 0 0 1 0 0 0 2 0 -1 0 -1 2 0 0 0 -2 0 2 0 0 0 1 0 1 1 0 -1 1 0 -1 0 -1 2 -1 1 3 -1 0 1 1 1 0 0 0 1 1 1 0 -1 1 -1 0 0 0 -1 -2 1 0 -1 0 -3 0 0 -2 1 1 -2 -1 0 0 0 0 0 0 0 4 -2 0 0 0 1 -2 2 0 0 1 1 0 -1 0 0 0 2 2 1 0 0 -2 0 0 -1 3 0 1 -1 -2 1 0 0 0 1 -1 0 0 0 -1 2 -1 -1 2 0 1 0 0 0 -1 0 1 0 0 1 0 1 1 0 2 -1 0 -1 0 1 -1 -1 0 -1 2 0 0 2 1 0 -1 0 0 0 0 0 0 -1 0 -1 -2 0 -1 1 0 1 0 -1 0 1 3 0 -1 0 0 0 1 -2 2 0 -4 -1 0 0 -1 1 1 0 0 2 0 1 3 0 0 1 -1 0 0 1 0 0 0 0 0 0 1 0 2 0 0 0 1 0 0 0 0 -2 -1 -1 1 -1 1 0 0 0 0 0 0 0 1 0 0 0 0 -1 0 1 0 -1 0 -2 0 1 0 1 1 -1 2 0 2 -1 1 0 0 -2 0 0 0 1 0 -1 1 -1 0 -1 1 0 1 0 0 0 1 0 0 -1 1 -4 1 -1 -1 0 2 -3 -1 -1 1 0 0 -1
-2 0 0 -1 2 0 0 1 17 1 0 0 0 -1 0 0 1 0 -2 0 0 -1 0 -1 2 1 0 1 -1 0 1 0 0 -1 -1 0 1 1 0 -1 0 -1 2 1 0 0 2 0 1 0 2 0 0 1 0 0 1 1 0 0 1 1 -1 -1 1 0 0 -1 0 0 1 -1 0 1 0 0 0 -1 0 1 0 0 -1 0 -1 -3 0 -2 0 0 0 0 0 -1 1 -1 0 0 1 1 -1 1 2 0 1 -1 1 -1 1 -1 0 0 1 1 0 0 1 0 0 2 1 1 0 0 1 0 -2 1 1 1 1 2 -1 1 1 -1 2 2 -1 1 1 1 1 0 -1 0 1 0 0 0 2 -1 -2 0 -1 1 0 1 0 0 1 -3 1 1 -2 0 0 1 0 -1 0 0 0 0 0 1 0 0 -1 0 -1 -1 1 1 0 1 -1 2 -2 2 2 2 0 3 1 1 -1 -1 1 1 0 -1 -1 0 -1 0 -1 0 1 -1 0 1 0 -1 0 -1 0 0 1 -2 -2 3 -1 0 0 0 0 0 1 0 0 2 3 0 0 1 1 2 0 1 0 -1 1 -1 0 1 1 0 0 0 0 0 0 1 -1 0 1 -1 0 0 0 1 0 -2 1 1 2 0 1 0 0 0 1 0 1 0 0 0 0 0 0 0 0 0 -1 0 0 0 0 0 -1 0 0 0 0 1 0 2 1 1 0 0 -1 -1 0 -1 0 0 1 1
1 0 0 0 0 1 1 2 1 18 1 1 0 0 0 0 2 2 -3 -1 1 0 2 1 0 -1 1 -1 -1 0 0 1 0 0 -1 0 1 0 0 0 -1 1 0 -1 0 1 0 2 -1 -1 0 1 1 -3 1 1 0 0 0 0 1 -1 2 -1 0 0 1 0 0 0 -1 0 1 2 0 1 -1 1 0 -1 -1 0 0 0 0 0 1 0 0 0 -2 1 -1 0 0 -1 0 0 -2 0 0 0 0 0 1 0 0 -1 0 0 0 1 2 0 0 1 1 1 2 0 0 0 2 0 0 0 0 0 -1 1 0 1 2 1 -1 3 1 0 0 -1 -2 0 -3 0 -2 1 0 0 0 1 0 2 2 0 0 0 0 0 1 0 0 1 0 -1 1 0 0 4 1 0 1 1 0 0 1 0 0 2 3 -1 -1 0 0 0 0 0 1 0 -1 0 0 0 0 0 0 1 1 0 0 0 0 0 1 0 0 0 0 0 1 -2 0 1 -1 0 0 -1 1 -1 0 0 1 1 1 0 0 0 0 0 0 2 -1 4 0 0 1 1 1 0 0 -1 1 0 0 0 1 1 0 1 0 0 0 0 0 0 2 3 0 1 1 0 0 0 0 0 0 2 0 0 1 0 3 -1 1 0 0 0 0 0 1 -3 -1 -1 0 0 1 0 1 1 1 -1 -2 -1 0 -1 1 0 0 0 -1 0 -2 0 2 -1 0 -1 -1 -1 1 0
2 -1 0 0 1 -1 -1 -1 0 1 12 0 0 -1 0 0 0 0 1 0 1 1 0 1 -1 -1 0 0 -1 0 -1 1 0 1 -1 0 1 0 0 0 0 0 2 -1 3 1 -1 0 1 1 -1 1 1 0 0 2 0 0 -2 0 0 -1 -1 0 -2 0 0 0 0 0 2 0 0 1 0 0 0 1 2 0 0 0 1 1 0 0 2 0 0 0 1 0 0 -2 -1 0 1 0 0 0 1 0 -1 -1 0 1 0 0 1 0 0 0 0 0 -1 1 0 -1 0 2 1 0 0 -4 0 -1 -1 0 2 -1 0 0 0 1 0 1 1 0 0 -1 0 1 1 1 0 0 0 0 2 1 1 2 0 0 -1 0 0 2 -1 0 0 -1 0 0 0 0 1 2 0 0 0 0 0 0 0 0 -2 0 0 0 1 0 0 0 0 0 2 0 1 0 0 1 1 1 0 1 0 0 1 0 0 -1 -1 0 0 0 -1 0 1 -2 -1 0 0 0 1 0 0 -1 0 0 1 0 2 0 0 1 0 -2 0 0 0 0 0 1 -1 1 1 1 1 2 0 -1 0 0 0 1 0 1 1 0 0 0 0 -1 0 1 1 0 -1 1 -1 1 -1 0 1 0 1 0 0 0 0 -2 1 -1 0 0 1 0 1 0 -1 0 0 0 1 0 0 0 -1 0 0 -1 0 -1 0 0 0 0 -2 1 0 0 -2 0 -1 0 0 -1 1 2
-1 -2 0 -2 0 5 1 0 0 1 0 18 -1 0 -3 0 1 1 0 0 0 0 1 0 -1 0 1 0 -2 1 0 2 1 1 0 0 0 0 0 0 -1 0 1 -1 -1 1 0 1 -2 -2 -1 1 0 1 0 0 0 0 0 1 1 0 0 0 1 -2 0 0 0 0 0 1 0 2 0 -1 0 -1 0 2 0 -1 1 0 0 0 -1 0 -1 -1 1 -1 0 1 0 1 0 0 3 -1 2 0 -2 0 2 0 4 0 -1 0 -1 -2 0 -1 0 3 0 0 -1 -1 0 0 0 0 -2 1 1 -1 1 1 0 0 0 3 -2 1 0 0 -1 1 1 0 0 0 0 1 0 1 0 0 2 0 0 0 2 -1 0 -1 0 2 0 3 0 0 0 0 0 1 0 1 0 0 0 0 1 -1 1 1 -1 0 0 1 -1 0 0 -2 -1 0 0 0 0 0 1 0 1 0 1 1 0 1 0 0 0 0 -1 0 3 -1 1 0 -1 -1 0 0 -1 -1 1 0 1 -1 0 2 2 1 0 1 -1 0 1 1 0 1 0 0 1 -1 0 1 0 0 0 0 1 0 0 2 -1 1 2 -1 0 1 -1 -1 1 0 0 0 0 0 0 2 0 0 -2 3 0 1 -1 0 2 1 -1 0 0 0 0 0 1 0 1 0 0 -1 1 -1 1 0 1 2 -1 1 2 0 0 0 -1 0 0 2 0 1 -1 1 -1 0 -1 -1 1 0
-1 0 0 -2 1 -1 0 0 0 0 0 -1 17 -1 0 0 1 0 0 0 2 1 -1 -2 1 0 -1 -1 3 0 0 1 1 0 0 1 0 -1 0 -1 0 1 1 0 0 0 1 0 0 0 -1 0 0 0 0 1 -1 0 2 0 0 -1 0 1 1 0 0 1 0 1 0 0 1 0 1 0 1 -1 0 -4 0 0 0 0 1 2 -1 0 1 1 1 -1 0 0 1 -1 -1 1 1 2 -1 -1 3 0 1 -1 0 0 1 0 -1 0 -2 0 0 -1 1 -1 1 1 0 1 -1 0 1 -2 1 0 0 -1 0 0 1 0 0 0 1 0 2 0 1 -1 2 1 0 0 0 0 0 1 1 0 1 1 0 1 -2 1 0 -1 -1 -1 0 0 1 0 -1 0 0 0 1 -1 -1 0 0 0 0 0 -1 0 2 -1 0 0 -4 -1 1 1 -1 -2 -1 -1 0 0 0 -2 -1 0 1 -1 1 2 1 -2 1 1 0 -1 0 1 1 1 1 -1 0 2 0 1 2 1 1 -1 0 -1 0 0 0 0 0 -1 -1 0 1 2 -1 0 0 1 1 0 1 0 -1 2 -1 -1 3 -1 0 0 0 1 -1 -1 1 2 0 0 0 0 -1 0 -1 1 0 -1 0 -1 1 2 -1 1 0 2 1 0 1 1 1 1 1 2 -1 1 -1 0 0 -1 -1 1 -4 0 0 0 0 0 2 0 0 3 0 0 0 0 0 0 0 2 -1 0
1 0 2 0 -1 0 0 0 -1 0 -1 0 -1 11 0 0 0 0 1 0 0 1 1 0 -1 0 1 -1 -2 0 0 -1 -1 -1 0 0 0 0 0 0 1 0 1 0 0 0 2 0 -2 0 1 0 0 0 0 0 1 0 0 -1 0 1 2 1 0 -1 0 0 0 -1 1 -1 0 0 0 1 -1 -2 -1 -1 1 1 1 0 0 -1 0 -1 0 0 0 0 0 1 0 0 -1 0 -1 0 -1 0 1 1 0 1 0 -1 0 -1 -2 0 1 0 0 0 0 -1 0 1 0 -1 0 -1 -1 0 1 1 -1 -2 0 0 -1 0 -1 -1 -2 -2 0 1 -1 0 0 0 -1 2 1 0 -1 0 -2 -2 0 0 -1 1 -1 1 0 0 -2 1 0 1 -2 1 0 -1 0 1 0 0 -1 0 -1 0 0 0 0 -1 0 0 0 0 1 0 0 -1 0 0 0 0 0 0 0 0 0 0 1 -1 0 -1 1 0 0 0 0 -1 0 0 1 1 0 0 0 -2 0 0 -1 0 0 0 0 0 -1 1 0 2 -2 -1 0 1 0 -2 -1 0 -1 -1 0 0 -1 0 0 0 0 1 0 0 0 -1 0 1 1 2 0 2 0 2 0 0 4 0 0 0 0 0 1 0 0 -1 1 0 0 0 -2 0 -1 0 -1 -1 1 1 -1 0 0 1 0 0 0 0 1 1 0 -1 0 1 0 0 1 -1 0 1 1 -1 0 -2 1 -1 0 -1
-1 1 0 2 0 -2 0 1 0 0 0 -3 0 0 21 0 -1 0 -1 1 -1 1 0 0 0 0 0 0 2 3 -2 0 0 0 2 0 0 3 0 0 1 0 0 2 0 0 -1 -1 -1 1 2 0 0 0 0 1 -1 0 0 2 0 0 0 1 0 0 -1 0 -1 -1 1 0 2 0 -1 1 -1 -1 1 -1 0 2 -1 0 -2 0 0 0 2 -1 1 0 -1 1 0 1 1 0 1 0 1 0 1 0 0 0 0 0 0 -1 3 1 0 2 -1 1 0 1 2 2 -1 0 1 1 1 1 0 1 1 -1 0 -2 0 0 0 1 1 0 -1 2 0 1 1 0 0 0 1 1 0 2 -1 -1 1 0 0 1 0 -1 1 1 1 0 0 3 0 0 1 -1 0 0 0 0 0 -1 0 1 0 0 0 -2 1 -1 0 0 1 2 0 0 0 0 0 0 -1 -1 0 1 0 2 2 0 0 0 0 0 1 1 -1 -1 0 1 1 0 1 0 0 1 -1 0 1 0 0 -1 -1 0 1 0 2 0 0 0 1 2 0 2 0 0 -2 -1 -1 0 -1 3 0 -2 1 0 0 0 1 0 -1 0 0 1 0 1 1 2 1 0 0 -1 2 -2 1 0 -2 2 1 0 0 0 0 0 0 -1 1 0 -1 -1 0 -1 -1 2 2 0 0 0 0 1 1 0 0 0 1 0 4 1 1 2 0 0 0 0 -1 0 0 0 -1 0
0 1 0 1 1 -2 1 -1 0 0 0 0 0 0 0 13 1 1 -1 1 0 -1 0 1 0 0 0 0 0 0 2 1 0 0 2 0 -1 0 0 -1 1 0 2 1 -2 0 0 1 0 1 -1 -1 1 -1 2 0 -1 1 1 0 -1 0 1 0 -1 -1 1 0 1 0 0 0 1 1 -1 1 1 0 0 0 0 1 -1 -1 1 0 0 0 0 -1 -1 2 0 0 0 0 0 0 -1 0 1 0 0 0 1 0 1 1 0 0 0 0 0 1 0 0 -1 0 -1 0 -1 -1 -1 0 0 1 1 1 0 0 -1 -1 0 -1 0 1 0 0 0 0 1 0 0 0 0 0 1 1 -1 1 0 0 0 0 0 0 0 0 -1 -1 -1 0 1 0 1 0 0 1 0 0 0 -1 0 0 1 0 -1 1 -1 0 0 -1 0 -1 1 1 0 0 1 0 0 0 0 0 0 0 -2 0 0 0 1 1 0 0 0 2 0 0 0 0 0 1 0 2 -1 0 1 -1 0 3 0 1 0 0 0 2 0 0 -2 1 0 0 -1 1 0 0 1 1 -1 0 0 1 -1 0 0 0 0 1 1 0 0 0 0 0 0 0 0 1 0 1 0 0 0 0 0 -1 0 0 0 0 1 0 0 0 2 0 0 1 -1 -1 -1 2 -3 0 0 0 -1 0 0 0 0 0 -1 0 -1 0 0 0 0 0 1 1 0 2 -1 1 0 0 0 2
-1 1 -1 -1 1 1 0 1 1 2 0 1 1 0 -1 1 21 2 3 2 0 -1 -1 0 -1 0 0 -1 1 0 2 0 0 -1 0 0 1 3 -1 1 -1 0 -1 5 0 0 2 0 0 2 1 -2 1 -2 -1 0 0 -2 1 0 1 -1 0 -1 0 0 -1 0 1 0 0 0 0 -1 0 0 1 -1 -1 1 -1 0 1 0 1 0 1 -1 -1 -1 1 1 1 0 0 1 2 0 0 -2 -2 -1 -1 1 0 0 0 0 1 -1 3 0 0 -1 0 1 2 -1 1 0 0 0 0 -2 -1 0 1 -1 0 1 0 1 0 0 -2 1 0 0 0 -1 0 1 0 1 1 -2 1 2 0 -1 1 0 -2 1 -1 -2 1 1 -1 1 1 -1 0 -1 1 0 0 2 1 1 1 -1 0 1 0 0 0 1 1 1 1 0 0 -1 0 1 0 0 0 0 0 1 0 -1 1 -1 -2 1 1 0 -1 1 -1 1 1 0 1 -1 0 1 1 0 1 0 0 0 0 0 -1 0 1 1 0 0 0 0 1 0 2 0 -1 1 0 0 1 1 1 1 1 2 3 -1 0 0 -1 0 0 0 1 0 0 1 0 -1 0 0 0 1 -1 0 -1 0 0 0 -2 0 -1 -1 1 0 0 0 0 0 0 0 2 0 0 -2 0 0 1 -3 0 1 0 1 1 -1 -1 -1 1 2 0 0 0 3 1 2 1 0 -2 0 0 0 1 1 0 2
1 1 0 0 0 0 0 -1 0 2 0 1 0 0 0 1 2 15 1 0 1 -1 0 0 0 0 -1 2 -1 0 -1 0 -1 0 -1 1 0 -1 0 1 0 0 0 -1 0 -1 -1 0 0 -1 0 0 2 0 0 0 0 -1 0 0 0 0 -1 0 -1 0 0 0 0 0 1 0 -1 0 1 0 -1 0 1 1 0 1 0 0 -1 0 0 0 -1 0 0 0 0 0 0 0 0 0 -1 -1 1 0 0 0 0 0 -1 0 0 1 2 0 0 -2 0 0 2 0 0 -1 0 -1 0 0 0 1 1 -1 -1 0 0 1 0 -1 0 0 -1 0 -1 0 -1 1 0 0 1 1 -1 2 0 0 -1 -1 0 0 0 2 0 -2 0 1 -1 2 0 1 3 0 0 0 -1 -1 0 0 -1 0 0 -1 -1 0 0 0 0 1 0 -2 0 0 -1 -1 0 -1 -2 0 1 1 1 1 -1 0 0 0 0 0 0 -1 -1 -3 1 0 0 -1 0 0 1 1 3 0 0 0 0 0 1 0 0 -1 0 -1 0 2 0 0 0 0 -1 0 0 0 0 1 -2 -1 0 0 -1 1 0 0 -1 0 0 -1 0 0 0 0 1 0 0 0 0 0 0 0 0 0 0 0 0 -1 -2 0 0 0 0 -1 1 0 0 0 0 -1 0 -2 1 -1 0 1 1 0 0 0 -2 0 -2 -1 0 0 0 2 0 0 0 -1 0 1 1 0 0 -1 1 1
-1 0 1 0 1 0 1 -2 -2 -3 1 0 0 1 -1 -1 3 1 19 2 2 1 0 1 1 -1 0 -2 1 0 -1 1 0 0 -1 1 2 1 0 1 -1 0 1 1 0 1 2 2 0 -2 1 0 1 -3 -1 1 0 0 -1 0 1 0 0 -1 -2 1 0 2 0 0 0 2 0 -1 0 1 1 1 0 0 0 1 -1 -1 0 0 1 0 0 -1 2 0 0 1 -2 2 0 0 -1 0 1 -2 -1 0 0 0 -3 1 0 -1 1 0 1 -1 0 0 0 1 0 1 1 0 2 0 -1 1 0 0 0 -3 0 1 0 0 0 -1 0 0 0 0 0 1 0 0 4 1 0 1 -1 1 1 0 -2 2 -1 0 1 1 0 0 0 0 1 0 1 0 0 -1 0 0 1 0 0 -1 0 0 0 0 -1 2 3 0 -1 0 -1 0 1 0 1 0 1 0 -1 0 1 1 0 0 -2 0 -2 3 -1 0 1 0 -1 -1 0 -1 0 -1 2 0 0 0 0 -1 -1 0 1 1 1 0 0 1 0 0 2 -1 0 0 -1 -1 -2 -1 1 1 0 -1 1 1 0 0 0 0 0 -1 1 0 0 0 0 0 0 0 0 -1 0 0 1 1 1 2 -1 0 0 -1 0 1 1 3 -1 0 1 1 -1 1 0 1 0 0 1 -1 -1 0 1 0 -2 1 0 0 1 0 1 0 0 2 1 0 -1 0 0 -1 0 0 0 0 0 1
-1 0 -1 0 0 0 -1 0 0 -1 0 0 0 0 1 1 2 0 2 11 0 0 0 -1 0 0 -1 0 0 0 0 0 0 0 -1 0 0 0 0 0 0 0 0 2 0 0 0 1 0 1 -2 0 0 1 -1 1 -2 -1 0 -1 0 0 0 -1 -1 0 0 0 0 0 1 1 1 -1 -1 0 1 -2 -1 -2 0 1 1 0 -1 0 0 0 0 -1 2 1 0 2 0 1 0 -1 0 -2 2 0 -1 0 0 0 0 0 0 0 0 0 0 -1 -1 0 0 2 1 1 -1 0 0 0 -2 0 0 1 1 -1 0 0 -1 -1 1 2 0 0 0 0 0 2 1 -1 0 0 -1 1 0 1 0 0 0 1 -2 0 2 0 0 0 0 -1 0 0 0 0 2 0 0 0 0 1 0 -1 1 0 0 1 1 2 0 0 -2 0 1 0 0 0 -1 -1 0 -1 -1 -1 0 0 -1 0 0 -2 0 -1 0 1 1 0 0 2 0 -1 -1 1 0 1 1 0 0 0 2 0 -1 -1 0 0 0 -1 0 1 0 0 0 0 0 0 0 0 0 0 0 -1 0 1 0 0 1 -1 0 0 1 -1 -1 1 1 0 0 1 0 1 0 1 0 -1 0 0 0 0 0 -1 0 1 1 1 0 0 1 1 0 0 0 0 0 0 0 -1 -1 0 0 0 0 1 0 0 0 0 0 0 2 0 0 2 0 0 -1 1 0 0 0 0 -1 -1
0 0 0 1 -3 1 1 0 0 1 1 0 2 0 -1 0 0 1 2 0 25 2 2 -4 1 1 1 -1 -2 0 -1 0 0 0 0 3 -2 1 0 0 3 1 0 2 1 1 1 1 0 2 0 0 2 0 0 1 0 1 -2 1 -1 0 0 1 -1 3 2 0 -1 0 -2 0 1 0 -1 1 -1 1 -2 -1 0 0 1 -1 0 0 1 0 -1 0 1 1 0 2 1 -2 0 1 -2 1 2 0 0 0 0 0 0 0 -1 1 1 0 0 1 2 -1 -1 1 0 1 0 -2 -1 1 0 0 0 1 -1 3 0 1 0 -3 0 -2 1 0 0 0 1 0 -1 0 1 1 0 -1 -3 0 0 1 2 0 1 2 -2 1 0 -1 -3 0 -1 0 0 2 -1 0 3 0 0 -1 -1 0 -1 1 0 0 1 1 1 0 0 1 0 2 3 0 -1 0 0 0 1 0 -1 -1 1 0 0 -1 0 0 1 1 0 -2 -1 0 -1 1 0 3 2 2 -1 2 0 1 -1 3 0 -1 0 -2 0 -1 -1 -2 1 0 1 0 1 -1 -2 -1 1 2 0 0 1 0 2 1 0 0 0 -1 0 1 1 -1 0 0 1 0 0 0 2 1 0 1 0 2 2 0 1 -1 2 0 0 2 1 0 0 -2 1 0 0 0 0 2 0 0 0 -1 0 -2 0 1 -2 -1 3 0 1 1 5 3 -1 2 0 0 0 -1 2 0 -1 -2 0 3
0 2 0 0 -1 0 0 1 -1 0 1 0 1 1 1 -1 -1 -1 1 0 2 15 0 -1 0 0 0 0 0 0 1 0 0 1 0 1 0 -1 0 0 1 1 -1 2 0 0 0 0 0 1 1 -1 0 -1 0 0 0 0 -2 2 -1 0 0 0 -1 1 -1 1 0 0 0 0 0 0 0 -1 0 0 0 -1 -2 0 0 0 1 -1 0 0 0 0 1 0 0 0 0 -1 -1 -1 1 0 0 0 1 -1 0 0 0 0 0 2 0 0 1 0 0 -3 -2 0 0 0 0 0 0 -1 1 0 -1 0 -1 0 0 -3 -1 0 0 1 0 -1 1 0 0 0 0 0 0 0 0 -1 0 0 1 0 0 1 2 -1 2 1 0 2 0 1 0 -1 -1 0 0 2 0 0 1 0 -1 -1 0 0 0 1 0 0 -1 0 1 -1 0 0 0 0 -1 0 -1 1 1 -1 0 0 0 0 0 1 1 -1 1 0 -1 0 -1 0 -1 0 0 1 2 0 0 -1 0 0 1 0 0 0 0 0 -1 -1 0 0 1 -1 0 1 0 0 1 -2 -1 -1 0 -1 0 -1 0 0 0 0 1 1 0 0 -1 0 1 0 0 1 0 1 1 0 3 0 0 0 0 0 0 0 1 -2 0 0 0 0 0 -1 -1 0 -1 0 -1 0 0 0 0 0 0 -1 -1 0 0 0 1 0 -1 0 1 -1 0 0 -1 0 0 1 0 0 -1 -1 1 -1
0 -1 0 0 0 -1 1 0 0 2 0 1 -1 1 0 0 -1 0 0 0 2 0 17 0 0 -1 2 0 -3 -2 -1 0 1 2 1 -2 0 0 3 -1 1 1 0 -1 0 0 -1 1 2 0 0 1 0 1 0 0 0 0 1 0 -1 1 0 -1 0 2 0 0 0 0 -1 0 0 1 0 0 0 -2 0 0 0 2 2 0 0 1 0 0 -1 0 -1 1 0 0 0 0 1 0 -2 0 0 -1 1 -2 0 4 0 0 1 1 0 0 1 1 -1 1 1 0 -1 1 0 1 0 1 2 1 -1 0 0 0 0 0 0 1 -1 1 1 -1 0 0 1 0 -1 0 2 1 0 0 0 2 -1 0 0 0 0 0 -1 -1 0 1 0 0 0 0 0 2 0 1 2 0 -1 0 0 0 -1 -1 0 1 -1 1 0 1 0 0 0 1 0 0 0 1 1 -1 2 1 0 0 -2 0 4 0 0 -1 0 1 0 0 0 1 -1 -2 0 0 0 1 0 1 0 1 0 0 0 -1 0 4 2 1 1 -1 -1 0 0 2 1 2 0 -2 0 0 -1 -1 1 1 1 0 1 1 1 0 -1 3 0 1 0 0 1 0 0 0 0 0 0 0 0 2 2 0 1 0 1 0 1 0 0 0 0 0 1 -2 0 -1 -2 0 0 0 0 0 0 0 1 -1 0 -1 0 0 -1 0 -1 0 0 0 -1 0 0 0 0 0 0 -1 0 2
0 0 1 0 2 1 1 0 -1 1 1 0 -2 0 0 1 0 0 1 -1 -4 -1 0 15 0 -1 0 -1 1 0 1 2 0 0 1 0 0 0 0 0 -1 -1 1 1 1 0 -1 -1 1 -1 -1 0 0 -2 2 -1 0 0 1 0 0 0 0 -1 -1 -2 0 -2 0 0 0 0 0 0 0 0 2 1 1 1 0 1 -2 0 0 0 0 0 0 0 0 0 0 -1 0 1 0 0 -1 0 0 -1 1 -1 0 1 -1 1 1 0 0 0 0 0 0 1 0 0 1 0 0 1 1 0 1 1 -1 0 -1 -1 0 0 -1 2 0 2 0 1 0 -1 -1 1 0 0 0 0 0 -1 0 -1 0 0 -2 0 0 0 -1 1 0 0 1 1 0 -1 0 -1 0 0 0 0 0 -1 2 0 1 1 0 0 2 -1 0 0 1 0 0 1 0 0 -1 0 0 0 0 1 -2 1 0 1 1 1 0 0 0 -1 0 1 0 0 0 -3 0 0 1 -1 -1 -1 1 1 0 -1 0 0 0 3 0 0 0 1 0 0 0 -1 -1 0 1 0 1 0 0 0 0 1 0 0 -1 1 -1 0 0 0 0 1 0 0 1 -2 0 0 -1 0 -1 -1 0 0 0 0 -1 0 -3 0 0 0 -1 0 0 0 0 0 1 0 -1 -2 0 0 0 0 0 1 0 1 0 0 0 -1 -1 0 0 0 0 -1 0 -1 0 -1 -3 1 1 0 1 0
0 1 1 0 0 0 0 0 2 0 -1 -1 1 -1 0 0 -1 0 1 0 1 0 0 0 13 1 -1 1 1 0 -1 1 0 0 2 0 0 -1 1 0 -1 1 1 1 1 0 1 0 3 0 1 1 0 0 0 1 1 0 0 0 0 0 0 -1 0 0 0 1 0 1 -1 0 0 2 0 1 1 1 -1 0 -1 0 1 1 1 0 -1 -1 0 1 -1 0 0 0 1 2 -1 -1 1 0 0 0 1 1 0 -2 0 -1 0 -1 0 0 -1 0 2 0 0 2 1 0 0 1 1 0 -1 0 0 0 0 1 -1 1 0 0 0 -1 0 1 0 0 1 1 0 0 0 -1 1 -1 1 1 0 -1 1 0 1 1 -1 -1 0 0 0 0 2 0 1 0 0 0 1 -1 1 2 0 0 0 0 -1 2 0 1 0 0 1 0 0 1 1 -1 0 0 0 0 1 1 0 1 0 -1 1 0 0 1 0 0 -1 1 0 0 -1 1 0 1 0 -1 0 1 0 0 -1 0 -2 0 1 2 2 1 -1 -1 0 0 1 1 -1 0 0 -1 1 0 -2 0 -1 0 0 0 -1 1 1 0 0 0 0 0 1 0 2 -1 0 0 0 1 1 1 0 0 0 0 3 0 0 0 0 1 2 0 0 1 -1 2 2 0 1 0 -1 0 -1 0 0 0 1 0 -1 0 0 0 0 -1 1 0 1 1 0 -1 0 0 1 0 0 1 0 0
0 0 0 0 0 0 -1 2 1 -1 -1 0 0 0 0 0 0 0 -1 0 1 0 -1 -1 1 14 0 -1 1 1 -1 0 1 0 0 1 0 -1 0 0 1 1 0 0 0 1 0 0 0 2 0 1 2 1 1 0 -1 1 1 -1 0 0 1 1 0 1 1 0 1 0 -1 0 1 1 0 1 1 0 0 0 0 0 0 0 0 0 1 0 0 1 0 0 0 1 1 -1 0 1 1 0 0 0 0 2 1 1 1 0 -1 0 0 0 0 0 0 1 -1 2 1 0 0 0 0 -2 0 1 0 0 0 -1 0 0 -1 0 -1 -1 0 0 0 1 2 0 0 0 0 -1 1 1 0 -1 -1 -1 -1 0 3 -1 0 0 0 0 0 -1 0 1 0 1 0 0 0 0 0 -1 0 0 0 1 1 1 1 0 0 0 1 0 0 0 -1 0 1 2 1 0 1 1 0 0 0 -1 0 0 -1 -1 0 0 -1 1 0 0 0 0 0 -1 0 0 1 1 0 0 -1 1 0 1 0 0 1 0 -1 2 0 1 1 1 1 -1 1 0 0 -1 0 0 1 -1 1 0 0 -1 0 0 0 0 0 0 0 0 1 0 1 -1 1 1 0 1 1 1 -2 2 1 0 1 0 -1 0 0 -1 0 -1 -1 1 0 1 2 0 0 1 0 0 0 0 0 0 -1 2 1 -1 0 0 -1 -1 1 0 2 0 0 -2 1 2 -1 0 2 0
0 -1 0 0 1 0 1 0 0 1 0 1 -1 1 0 0 0 -1 0 -1 1 0 2 0 -1 0 14 1 0 1 0 2 -1 0 -1 0 0 0 -1 0 -3 1 0 -2 -1 0 0 2 0 -2 0 -1 -1 -2 0 0 1 0 1 0 0 0 1 0 -1 0 -1 0 0 0 -1 0 1 1 1 0 1 -1 -1 0 0 1 1 0 0 1 1 0 0 1 0 0 0 1 -1 0 1 0 1 2 -1 -1 0 -1 0 2 -3 -1 0 0 -1 -1 1 2 0 1 0 0 0 0 1 0 1 0 0 1 -2 0 1 0 -1 1 1 2 0 0 0 -1 1 0 0 -1 -1 0 0 0 0 0 0 1 -1 -1 0 0 0 1 0 0 -2 0 0 1 0 1 -1 0 0 0 0 0 0 0 0 0 -3 2 -1 1 1 0 0 1 1 1 0 -1 0 0 0 -1 0 -1 -1 0 0 1 0 0 0 1 -1 -1 0 -1 -1 0 0 1 1 -2 -1 0 0 -1 0 0 -1 0 1 2 0 -1 0 1 1 0 0 -1 0 0 -1 0 0 -1 0 -1 0 2 0 0 0 0 0 0 -1 0 1 0 1 0 -1 1 0 0 0 -2 0 -1 0 -1 0 0 1 1 0 0 0 0 0 0 0 -1 0 0 0 2 1 0 -1 0 -2 1 0 1 1 -1 0 0 -1 0 1 -1 2 -1 0 0 -1 1 0 0 0 -1 0 0 -1 0 0 0 0 1
0 0 0 0 1 0 -1 -1 1 -1 0 0 -1 -1 0 0 -1 2 -2 0 -1 0 0 -1 1 -1 1 18 0 -1 0 0 -2 2 0 0 0 1 0 1 1 1 1 0 0 0 -2 -1 0 1 0 -1 -1 -2 0 -1 1 0 -2 0 0 0 0 -1 -1 0 0 0 0 2 -1 -1 -1 0 -1 -1 0 0 0 0 -1 0 0 0 1 1 1 0 -1 0 0 0 0 0 0 1 -1 0 2 -1 1 -1 0 -2 0 -1 1 0 0 1 -1 0 -1 -1 0 0 0 0 0 0 -2 0 0 0 0 0 -1 0 0 1 0 0 0 -1 1 0 0 1 0 -1 0 0 0 0 0 1 -1 1 0 -1 1 -1 1 0 0 0 0 0 0 0 0 0 0 0 1 1 0 -1 0 -1 1 0 0 0 0 -2 0 1 0 1 1 0 1 1 0 0 -2 0 0 -1 1 -1 -1 -1 0 0 0 0 0 1 0 1 -4 2 -1 -1 0 1 -1 2 0 -1 0 -1 2 0 0 0 0 0 0 -1 -1 0 1 0 1 1 0 0 0 0 0 1 1 1 1 -1 -1 -1 -1 -1 -1 0 1 0 -2 0 0 0 0 0 -1 0 1 -1 0 1 -1 -2 0 0 0 0 3 -1 0 1 0 0 0 -1 1 -1 0 1 0 0 -1 -2 0 -2 -1 1 0 -1 -2 2 0 0 -3 0 -2 2 -2 0 1 -1 1 -1 2 0 -1 1 -1 0 1 0 0 1
1 2 1 0 1 -2 1 0 -1 -1 -1 -2 3 -2 2 0 1 -1 1 0 -2 0 -3 1 1 1 0 0 22 1 0 1 0 1 4 2 -1 0 1 0 0 0 -3 -1 0 2 -1 -2 0 1 1 -1 0 1 1 0 0 -1 1 0 0 -1 -2 0 1 1 1 0 0 2 1 0 1 -2 0 1 2 1 -2 1 -2 0 0 1 1 1 0 1 3 0 0 1 0 0 -1 1 0 -2 1 1 0 0 -1 0 0 -1 1 0 1 0 -1 1 -1 0 -1 0 1 -1 1 2 0 -2 0 1 3 2 1 0 0 -1 1 0 0 0 0 0 0 0 0 -1 0 2 1 0 0 -2 1 0 0 -1 -1 -2 1 0 0 0 0 0 -1 -1 1 0 0 -1 1 -1 1 0 -2 0 0 1 2 -1 2 2 -1 -1 1 -2 0 1 -1 -1 0 1 0 0 0 0 0 -3 0 1 1 0 -1 0 -1 0 -1 3 -1 0 -2 0 -1 0 0 1 0 -1 -1 -1 -1 0 0 -1 0 -1 0 0 1 -1 0 -2 2 0 1 0 0 0 0 -1 0 0 1 0 1 1 2 2 0 0 0 -3 -1 0 -2 0 0 1 0 -3 0 -1 -1 -1 0 0 -1 -1 1 0 -1 0 -1 0 -3 -1 -1 1 0 1 0 0 0 0 2 0 1 0 2 2 1 0 0 2 0 -1 -1 1 0 -1 1 1 3 0 0 -1 1 0 1 0 1 -1 -1 2 -1 0
0 1 0 1 0 0 1 -1 0 0 0 1 0 0 3 0 0 0 0 0 0 0 -2 0 0 1 1 -1 1 16 0 -1 -1 1 2 2 -1 2 0 -1 1 0 1 1 0 -1 0 1 -3 0 1 -2 0 0 0 -1 1 0 0 -1 2 1 0 -1 0 -1 -1 0 0 0 0 0 0 1 -1 0 0 1 0 0 1 0 1 -1 -1 0 -1 -1 0 0 1 1 0 -1 -1 -1 -2 0 0 -1 2 1 0 -1 0 0 0 0 -1 0 1 -1 0 1 1 1 -2 1 1 1 -1 0 0 0 -3 0 -1 1 0 0 0 0 -2 1 -1 2 0 0 1 0 -1 1 -1 0 0 -2 0 1 0 1 0 -3 0 0 0 -1 1 0 0 0 0 0 0 -1 0 0 -1 1 -1 2 0 0 0 1 1 0 -1 0 0 0 0 1 1 0 1 1 0 0 1 -2 0 0 -1 1 2 0 1 1 -1 -1 1 0 0 -1 0 0 1 1 0 1 0 0 -1 -1 0 0 -1 0 0 0 0 1 -1 -1 1 0 1 1 -2 1 0 -1 -1 0 1 1 0 -1 1 0 0 1 2 0 0 0 0 0 0 -1 1 -1 0 2 0 -1 1 0 1 2 0 0 0 -1 0 1 0 1 0 0 -1 -1 0 1 1 0 0 1 0 0 0 1 -1 2 1 0 1 1 0 2 -1 0 1 -2 1 0 2 0 0 -4 0 -2 0 1 1 1 1 2 1 0
-2 0 0 2 1 1 0 2 1 0 -1 0 0 0 -2 2 2 -1 -1 0 -1 1 -1 1 -1 -1 0 0 0 0 14 1 0 0 0 0 0 0 0 -1 1 -2 0 1 0 -1 1 1 -1 0 1 1 0 -2 1 -2 0 0 1 1 0 0 1 0 2 1 0 1 -1 0 1 0 -1 -1 1 0 1 0 0 0 1 0 0 -2 3 0 -1 0 0 0 3 1 1 0 1 -1 0 -1 0 0 0 0 0 -1 0 -1 0 1 1 0 0 0 0 0 0 -1 0 -1 1 0 0 1 -1 -1 -1 0 -2 0 0 0 0 -1 0 0 0 1 0 1 1 0 0 0 1 0 1 0 -1 1 0 -2 0 1 0 -1 0 0 0 -1 -1 -1 -1 1 0 -1 2 1 0 1 0 1 0 1 0 0 0 0 0 0 1 1 -1 0 0 0 0 0 0 0 0 1 0 0 0 0 0 0 0 -1 1 3 0 0 0 0 0 3 2 0 0 0 0 0 0 0 0 0 0 -1 0 1 0 1 -1 1 -1 0 0 0 2 0 -1 1 0 0 2 1 1 -1 0 1 2 0 0 1 -1 0 0 1 1 -1 0 0 1 0 -1 1 -1 1 0 0 0 -2 0 -1 1 0 0 -1 0 0 0 0 0 2 0 0 -1 0 0 0 0 0 -2 0 0 0 0 -1 0 0 0 0 0 0 0 0 1 -1 2 -1 1 0 1 0 -1 0 1 2 0 -1
-1 1 0 1 0 1 -1 0 0 1 1 2 1 -1 0 1 0 0 1 0 0 0 0 2 1 0 2 0 1 -1 1 16 0 -1 2 2 1 1 0 0 -3 -1 1 0 1 1 0 2 1 1 0 0 0 -2 0 -1 0 0 -1 0 0 -1 1 0 0 0 0 -3 -1 0 -2 1 -1 0 0 0 1 0 0 0 -1 1 0 1 0 0 0 0 0 1 0 -1 -1 0 0 1 0 1 2 -1 0 -1 1 0 1 1 0 1 1 0 0 1 0 0 -1 2 0 1 1 1 0 1 1 -1 0 1 -1 0 1 -1 0 1 0 1 0 0 5 0 0 0 1 1 1 0 0 3 1 0 0 -1 1 1 1 0 -1 1 1 0 0 1 1 1 0 1 0 0 0 2 0 -1 0 -1 0 0 1 -1 -1 0 3 0 0 1 -1 0 0 -1 0 0 -1 0 0 0 0 -1 -1 0 1 1 0 1 0 0 0 -2 1 0 0 0 2 0 0 1 1 0 0 1 1 -2 1 0 0 2 0 0 1 1 0 1 1 0 0 0 0 1 -1 0 3 1 -1 0 0 0 0 0 0 -1 1 0 1 -2 0 1 -1 0 2 1 0 1 -1 2 -1 0 2 0 -1 1 1 0 -3 2 2 0 0 1 0 1 3 1 0 0 -1 1 0 1 0 1 -1 0 -1 0 -2 1 -1 0 1 -1 0 -1 0 0 0 -1 0 0 -1 -3 0 1 0 0
0 -1 0 0 1 0 0 0 0 0 0 1 1 -1 0 0 0 -1 0 0 0 0 1 0 0 1 -1 -2 0 -1 0 0 11 -1 -1 1 1 -1 0 1 -1 0 -1 0 0 0 0 0 -1 1 0 2 -1 0 0 -1 0 0 0 0 0 -1 0 0 0 0 0 0 0 1 0 1 0 1 -1 0 0 1 1 0 -1 -2 2 0 0 0 1 0 1 0 0 0 1 0 0 0 1 0 0 3 -1 0 0 0 2 0 0 0 -1 0 0 -1 0 1 0 0 0 0 0 1 1 2 0 -3 -1 0 1 0 0 1 0 -1 0 2 0 -2 0 0 0 0 0 0 -1 0 0 0 0 -1 0 0 1 0 0 1 1 -1 -2 0 0 0 0 1 0 1 0 0 0 0 0 0 0 0 1 -1 0 0 0 0 0 1 -1 -1 0 1 -2 1 1 0 1 0 0 0 0 0 0 1 -1 0 0 0 0 0 0 0 0 -1 0 0 0 0 -1 -1 -1 0 0 -1 0 0 -1 0 1 0 1 1 0 1 -1 -1 0 -1 1 0 3 0 1 0 0 0 0 1 1 0 -1 0 1 1 -1 -1 0 0 0 -1 -2 1 0 0 0 -1 0 2 0 -2 0 1 0 0 -1 1 1 0 0 1 0 0 -1 1 0 0 1 0 0 0 2 -1 0 0 0 0 0 0 -1 1 -1 1 -1 -1 0 0 0 2 0 0 -1 1 0 1 0 0 1 -1
1 -1 0 -1 2 0 -1 0 -1 0 1 1 0 -1 0 0 -1 0 0 0 0 1 2 0 0 0 0 2 1 1 0 -1 -1 20 1 0 0 0 1 -2 0 0 1 1 0 0 -1 0 -1 1 0 1 0 1 0 0 -1 0 3 1 0 1 0 -1 0 1 0 2 0 -1 0 1 -1 -1 0 1 0 1 1 -2 1 1 1 0 1 0 0 0 0 0 3 1 0 2 1 0 1 -1 -1 -1 1 -2 1 0 0 0 1 0 -1 1 0 0 0 0 0 0 1 0 0 -1 1 2 0 4 0 0 0 2 0 -1 0 0 0 -1 0 0 0 1 1 0 0 2 2 0 -1 1 -2 0 -1 0 0 0 0 1 0 0 0 0 -1 0 -1 0 0 1 1 -1 0 1 1 0 0 3 -1 0 1 0 0 0 0 0 -1 0 0 0 0 1 1 0 -1 1 0 0 1 0 -1 0 1 0 -1 1 1 -1 0 0 -1 -1 1 0 -1 0 0 0 -1 1 1 3 0 1 3 1 1 1 1 1 -1 -1 0 -1 0 1 0 1 -1 0 -1 0 0 3 -1 0 0 -1 2 1 -1 -1 0 1 -1 2 0 0 0 2 1 0 0 0 0 0 -1 1 -1 2 0 -1 0 1 0 0 0 1 0 -1 2 0 0 0 0 0 0 0 -2 0 1 1 -1 3 3 0 0 0 1 1 -2 2 0 0 -1 0 1 0 -1 2 1 0 0 -1 2 1
2 3 1 0 0 0 3 -2 -1 -1 -1 0 0 0 2 2 0 -1 -1 -1 0 0 1 1 2 0 -1 0 4 2 0 2 -1 1 32 4 -1 4 1 0 0 0 1 0 -1 -1 1 -1 2 2 2 0 1 1 -1 0 -2 0 0 0 0 3 0 2 1 2 1 1 -2 0 -3 0 -1 0 1 1 0 -1 -1 1 0 2 1 0 2 1 -1 -1 0 1 1 2 -1 0 0 1 -2 -1 0 -1 3 1 1 -2 -1 1 0 0 1 -3 0 -1 0 -1 0 2 -1 0 0 0 -1 3 1 4 0 -1 1 -1 2 -1 0 0 3 0 2 1 0 1 0 1 0 2 1 1 0 -1 2 -2 -1 0 1 0 0 0 0 -1 -1 0 3 -2 1 -1 0 0 0 0 0 -2 0 2 -1 3 0 -1 -1 0 -1 2 2 1 0 -1 0 0 1 -1 1 1 -1 2 0 0 -1 -2 0 0 0 1 0 5 1 0 0 0 1 0 -2 1 -1 3 1 -1 0 0 0 -2 -1 1 0 0 -1 1 0 0 1 0 1 1 -1 1 0 -1 -1 1 0 1 1 -1 1 0 1 1 0 0 0 0 0 1 -1 0 -1 2 0 0 1 -1 -1 0 0 1 0 3 0 -1 2 0 0 0 -2 1 0 0 -1 -1 1 -1 0 0 3 0 0 0 -1 0 0 0 -1 0 0 3 2 0 0 0 0 0 -2 1 0 -1 0 -1 1 2 0 0 2 -2 0 -1
0 4 0 1 0 0 1 0 0 0 0 0 1 0 0 0 0 1 1 0 3 1 -2 0 0 1 0 0 2 2 0 2 1 0 4 17 0 1 0 0 1 1 0 0 0 0 1 0 -1 0 0 -1 1 1 0 -1 0 1 -1 1 0 0 1 -2 0 2 0 -1 0 0 -2 2 0 0 -1 0 0 1 0 0 -1 0 1 -1 -1 0 0 0 1 0 1 1 0 0 -1 0 0 1 0 2 1 0 0 0 0 0 0 0 3 0 0 -1 0 1 2 0 0 0 -1 0 0 0 1 -2 -1 0 1 0 0 -2 1 -1 0 -1 1 0 1 0 1 0 1 2 1 1 -1 1 1 2 0 0 0 1 -1 0 1 -1 -1 1 0 -1 0 1 0 2 0 0 0 0 -1 2 0 1 0 0 0 0 0 0 0 2 -1 0 0 0 -1 0 0 -1 -1 -1 0 -1 -1 0 -1 1 0 1 -1 -1 0 1 0 -1 2 -1 0 0 0 1 -1 0 2 0 1 0 -1 0 0 0 1 1 0 -2 0 -1 1 0 0 0 2 0 0 1 0 1 1 1 1 0 1 0 0 1 0 0 0 0 -1 -1 -1 -1 0 0 0 -1 -1 1 -2 1 0 0 0 3 0 -1 0 0 -2 2 -1 1 0 -1 0 -2 2 2 1 0 1 1 1 2 0 0 0 0 -1 2 1 0 0 0 0 0 2 3 0 -1 0 0 0 1 0 0 0 -1 0 -1
-1 0 0 0 0 0 1 2 1 1 1 0 0 0 0 -1 1 0 2 0 -2 0 0 0 0 0 0 0 -1 -1 0 1 1 0 -1 0 17 0 0 2 0 0 2 -1 0 -1 0 0 0 1 0 1 0 1 1 2 0 0 0 0 -1 1 0 0 0 0 -1 1 0 0 0 -1 -1 2 1 0 -1 1 1 0 1 1 0 0 0 -2 0 -1 0 1 0 0 0 -1 -1 0 1 -2 0 1 0 0 1 2 1 0 -1 0 0 0 0 0 0 0 0 -2 1 1 0 0 2 0 1 -1 0 -2 0 0 0 1 0 0 1 0 1 -1 3 1 1 1 0 0 0 1 2 0 0 0 1 1 2 0 -2 0 0 0 0 0 0 0 0 0 -1 3 0 0 0 0 0 2 0 0 0 0 0 0 1 0 1 1 1 1 0 0 0 0 1 0 0 1 0 0 1 0 1 1 0 1 1 0 -1 1 1 0 0 3 1 -1 0 2 0 0 2 0 0 -1 1 0 0 0 0 0 2 -1 0 1 0 0 2 1 -1 0 0 0 0 1 -1 0 0 1 1 1 -1 -1 1 0 0 1 -1 -1 2 0 -1 1 1 -1 -1 0 0 1 -1 0 1 3 0 1 1 0 0 0 0 1 1 0 1 0 1 -1 0 1 0 1 1 0 -1 -1 1 -1 1 -1 1 2 -1 0 0 1 -3 0 0 3 -3 1 -1 -2 0 1 1 1 0 0
0 0 -1 0 0 0 0 0 1 0 0 0 -1 0 3 0 3 -1 1 0 1 -1 0 0 -1 -1 0 1 0 2 0 1 -1 0 4 1 0 33 0 2 -1 -1 0 -1 0 0 1 -2 1 1 1 -2 3 -1 0 0 1 -1 -4 0 0 1 -1 1 1 1 0 -1 0 0 -2 0 0 -1 0 1 0 0 2 2 0 0 0 -2 0 0 1 0 0 -3 2 0 1 -1 0 -1 1 1 0 0 0 2 0 1 0 0 0 -2 1 1 6 0 -1 2 0 0 0 -1 0 0 0 -3 0 3 0 -1 -4 0 0 1 1 -1 0 0 0 0 3 0 1 0 0 0 -1 3 0 -5 2 6 -1 1 1 0 1 0 -2 1 1 0 1 1 2 0 0 0 -2 -1 -1 1 0 0 0 1 0 2 0 -1 0 -1 1 1 0 0 0 0 3 0 0 2 3 0 0 1 0 0 3 -1 1 0 -1 0 2 1 -1 0 0 -1 2 0 0 0 1 0 -3 0 0 1 -1 -1 3 0 0 1 1 -1 0 0 1 0 1 0 0 1 0 1 2 2 0 1 0 0 2 2 0 -1 3 0 -1 0 0 1 1 2 0 1 0 0 0 0 -1 1 0 1 3 -1 3 0 0 0 1 -1 0 -3 0 1 0 1 2 -3 1 -1 -1 1 -1 -1 0 0 1 2 0 0 2 1 0 1 1 0 -2 2 0 0 1 0 0 0 2 -3 1 0 -1 1
0 0 0 1 1 0 0 0 0 0 0 0 0 0 0 0 -1 0 0 0 0 0 3 0 1 0 -1 0 1 0 0 0 0 1 1 0 0 0 10 0 0 0 1 -1 1 0 0 0 -1 0 0 1 1 1 0 2 0 -2 1 0 -1 -1 0 0 0 0 0 2 1 0 -1 1 0 -1 0 0 0 0 0 0 0 1 0 1 0 0 -1 0 0 0 0 1 0 0 0 0 0 0 -1 0 0 0 1 -1 0 1 0 1 0 0 0 0 0 -1 1 1 1 0 -1 -1 -1 0 -1 -1 0 1 0 0 0 0 1 0 0 0 0 0 1 0 2 0 1 1 0 0 0 0 0 2 1 1 0 0 0 1 0 1 -1 0 0 0 0 1 0 0 0 0 0 -1 -1 0 0 0 -1 1 1 -1 -1 -1 -1 0 -2 0 0 0 0 0 0 0 0 0 0 0 0 1 0 0 0 -1 0 -1 0 0 0 0 0 1 -1 0 0 3 -1 1 0 0 0 0 1 0 0 0 0 0 0 1 0 0 0 -2 0 2 -1 0 1 1 0 0 0 -1 1 0 0 1 0 0 0 0 -1 0 0 0 1 1 0 0 1 -1 0 1 1 0 0 0 1 0 0 0 1 0 0 0 0 0 1 3 0 0 0 0 1 0 0 0 0 1 -3 0 0 0 0 2 0 1 -1 0 0 0 1 1 0 -3 0 0 0 0 -2 0 0 1 -1 1
1 0 0 1 -1 0 -1 0 -1 0 0 0 -1 0 0 -1 1 1 1 0 0 0 -1 0 0 0 0 1 0 -1 -1 0 1 -2 0 0 2 2 0 15 1 0 0 -1 0 1 0 0 0 0 1 1 0 1 0 0 0 -1 -1 -1 0 1 0 0 0 0 0 0 2 0 0 -2 0 -1 0 2 0 0 2 1 0 0 0 2 1 0 0 0 0 1 2 -2 0 -1 0 1 -1 0 1 0 -1 1 0 1 1 1 0 0 -1 -1 0 2 0 1 0 0 1 1 0 0 0 -1 0 1 0 0 1 -3 0 0 -1 0 0 -1 0 0 1 0 -2 0 1 -1 0 1 0 0 0 -1 2 -1 1 0 -1 1 0 1 0 0 0 1 1 -1 -1 1 -1 0 -1 1 1 -2 0 0 0 1 -1 1 0 0 0 0 1 -1 -1 0 0 -1 0 0 1 -3 0 0 1 0 3 1 -1 1 0 0 -1 0 -1 0 0 -1 -1 0 0 3 0 -1 -1 0 0 -3 0 0 1 -1 0 1 0 0 0 0 -1 1 -2 0 1 0 0 0 1 0 0 1 2 1 0 1 -2 -1 1 2 -1 0 0 0 0 0 -1 1 1 -1 0 0 -1 0 0 0 -1 0 1 0 1 0 1 0 0 0 0 0 0 0 1 0 -1 1 0 -3 1 -2 1 -1 1 0 1 0 0 0 0 2 1 -1 0 2 0 1 0 0 -1 0 1 0 0 0 -1 -1
-1 -1 0 -1 -1 -1 0 1 0 -1 0 -1 0 1 1 1 -1 0 -1 0 3 1 1 -1 -1 1 -3 1 0 1 1 -3 -1 0 0 1 0 -1 0 1 23 1 3 0 0 0 1 -3 -2 2 2 -1 -1 2 0 -1 1 0 1 1 2 1 1 -1 0 -1 2 0 0 0 1 0 1 0 0 1 3 2 0 0 2 1 -1 0 0 1 -1 -1 1 0 -1 1 -1 -1 0 -1 0 0 -4 0 1 -1 1 1 2 0 1 0 1 2 -1 -1 0 1 0 -3 0 0 1 1 1 -3 0 -2 0 1 1 -1 -2 -1 0 -2 0 1 0 2 0 0 -1 1 2 -1 -1 1 -1 0 2 1 -1 0 0 1 0 0 1 -1 0 0 0 -4 0 -1 0 1 -1 2 0 0 0 0 -2 -3 0 0 1 1 1 0 0 0 0 2 0 0 -1 1 2 0 0 1 0 0 1 0 2 0 -1 1 0 -3 0 0 0 0 -3 1 -1 0 -2 1 1 0 1 0 1 -2 2 1 -3 2 1 0 0 1 0 0 3 1 -2 0 0 2 -1 1 0 1 0 -2 0 0 0 1 -1 0 0 0 0 0 -3 0 -1 -2 0 2 0 -1 -2 1 0 0 2 -1 -1 -1 3 0 0 -1 1 1 0 0 0 1 -1 -3 0 0 0 -1 0 -1 0 2 2 0 1 0 1 -1 1 1 -1 1 1 0 2 -2 0 -3 0 0 0 2 -1 1 -1 0 -1 0
-2 0 1 0 1 0 -1 0 -1 1 0 0 1 0 0 0 0 0 0 0 1 1 1 -1 1 1 1 1 0 0 -2 -1 0 0 0 1 0 -1 0 0 1 14 0 0 0 0 1 1 1 2 1 -1 0 1 0 0 0 0 0 0 1 0 0 0 0 1 0 1 0 1 0 0 0 0 -2 0 0 0 -1 2 -1 0 1 1 2 1 0 0 0 0 -3 0 -1 0 0 -1 -1 0 1 0 -1 -2 0 0 -1 1 0 0 0 0 0 0 1 0 0 0 0 2 0 1 0 1 1 1 -1 0 0 1 -1 0 0 -1 1 1 1 0 -1 0 0 -1 -2 0 0 0 -3 -1 -1 -3 2 -1 0 -2 0 2 1 0 -1 2 1 -1 0 0 -1 -2 0 -1 0 1 -1 1 -2 0 0 2 0 -1 2 2 0 0 0 0 -1 0 0 1 0 0 1 -2 -2 0 -1 1 0 0 1 -2 0 1 1 0 0 1 0 2 0 0 0 0 1 -1 0 2 0 2 0 1 0 1 1 -2 2 0 2 0 1 0 0 1 1 0 0 1 1 1 0 -1 0 -1 0 0 0 0 0 -1 0 0 0 0 0 0 1 0 1 1 0 0 0 1 1 0 0 2 0 -1 0 0 -2 0 0 0 0 0 0 2 0 0 0 0 0 1 0 0 0 -1 1 0 0 -1 0 0 -1 0 -1 -1 -1 1 0 0 0 1 0 -1 2 0 1 -1 0 1
0 1 0 -1 0 -3 1 1 2 0 2 1 1 1 0 2 -1 0 1 0 0 -1 0 1 1 0 0 1 -3 1 0 1 -1 1 1 0 2 0 1 0 3 0 28 -1 0 -1 3 2 1 1 0 -2 0 0 2 1 0 1 1 -1 1 0 0 1 0 0 1 -1 0 0 0 -1 0 0 0 3 1 -1 1 0 2 0 -1 0 1 -1 0 -1 0 0 1 0 1 -1 2 -1 -1 1 -1 0 1 -1 -1 2 1 -1 1 -1 1 -2 0 0 1 0 0 0 0 1 0 1 -1 0 -1 -1 -2 -1 0 0 1 -4 1 0 1 0 -1 2 3 1 1 0 2 -2 0 1 0 5 1 1 -1 0 1 -1 -1 0 -1 -1 -2 0 -1 -2 -1 0 0 1 0 0 0 1 -1 2 -1 -3 0 0 0 0 -1 0 1 0 1 1 2 0 -1 0 0 0 -1 -1 0 2 -1 1 0 0 -1 -2 1 0 0 1 -1 -1 0 0 2 -1 1 -1 0 3 0 -1 2 0 2 2 1 1 -1 0 0 0 2 2 -1 0 -2 1 -2 1 0 -1 -1 0 -1 -1 1 0 -2 0 -1 0 -2 1 0 -1 1 -2 4 0 0 3 -1 -2 -1 1 2 -1 -2 1 1 1 0 2 1 0 1 -1 1 0 2 0 0 -1 1 1 2 0 -2 0 0 0 0 0 -1 2 1 2 -1 1 1 0 0 -1 -1 -1 0 1 0 -1 0 -1 0 0 2 1 1 0
0 0 -1 0 0 1 0 1 1 -1 -1 -1 0 0 2 1 5 -1 1 2 2 2 -1 1 1 0 -2 0 -1 1 1 0 0 1 0 0 -1 -1 -1 -1 0 0 -1 22 1 0 2 1 1 0 1 0 -1 -1 1 -1 -2 1 1 2 1 0 0 0 0 -1 1 -1 2 0 1 -1 0 -1 -1 0 0 -2 0 -2 -1 0 0 -1 0 0 0 -1 0 -1 0 0 0 0 3 0 1 0 0 -3 -1 1 -2 0 0 -2 1 1 1 -2 0 1 1 0 0 1 0 1 2 2 -1 -1 0 1 0 0 1 1 -1 0 0 -1 0 0 0 0 -2 0 -1 0 0 0 0 -1 0 -1 1 -2 1 -2 0 -2 -1 1 1 0 0 0 0 2 0 -3 0 0 0 -1 1 1 1 -2 0 0 0 -1 0 1 0 2 0 1 0 0 0 2 0 0 -2 0 0 1 0 1 0 -1 0 -1 -1 0 0 1 0 0 -1 2 1 3 -1 -1 0 3 1 1 3 1 0 -1 0 0 0 1 1 0 -1 -1 -1 1 0 0 3 0 1 0 1 2 1 1 0 1 2 -1 0 -1 1 1 0 0 0 -1 -1 0 -1 2 1 -2 1 2 1 3 0 0 1 0 0 -1 -1 0 1 0 1 0 -1 1 0 0 0 -1 0 0 -1 0 1 -1 -1 -1 0 0 0 0 1 1 1 0 1 0 0 0 1 0 0 1 0 0 0 1 -2 0 -2 0 0 1
0 0 0 0 0 0 0 0 0 0 3 -1 0 0 0 -2 0 0 0 0 1 0 0 1 1 0 -1 0 0 0 0 1 0 0 -1 0 0 0 1 0 0 0 0 1 14 0 0 0 1 2 1 1 0 3 -1 0 0 0 -1 0 1 0 -1 1 1 -1 0 -2 -1 0 2 0 0 -1 0 -1 0 0 1 0 0 -1 1 1 -1 0 1 0 0 0 1 0 0 -1 0 0 0 0 0 -2 0 -1 0 0 0 -1 0 0 0 0 0 0 -1 0 0 1 0 0 0 -1 1 -1 0 0 0 -1 -1 0 0 0 1 0 0 0 0 0 0 0 0 -1 0 0 0 0 0 0 0 0 3 -1 0 1 0 0 0 0 0 0 -2 1 0 0 -1 -1 0 0 2 -1 0 0 0 -1 0 0 0 0 -1 0 1 1 1 2 0 0 1 0 0 0 0 0 1 0 2 2 -1 1 1 0 1 0 0 -1 0 -1 0 0 0 0 0 0 0 0 0 0 0 1 1 0 0 1 0 -1 0 0 0 -1 0 -1 0 2 0 0 0 2 0 0 0 -1 0 2 -1 0 0 0 0 0 0 -1 0 0 0 0 1 0 0 1 0 0 1 -2 0 0 0 0 -1 -1 2 0 -1 0 -1 1 2 0 0 1 1 0 0 0 1 -1 0 0 2 1 -1 0 1 0 -1 1 1 0 0 1 0 0 0 0 0 -1 0 0 0 1 -1 0 0 0
0 -1 0 1 0 0 -3 -1 0 1 1 1 0 0 0 0 0 -1 1 0 1 0 0 0 0 1 0 0 2 -1 -1 1 0 0 -1 0 -1 0 0 1 0 0 -1 0 0 14 0 1 0 0 -1 0 1 1 0 1 -1 1 -2 0 -1 0 0 0 1 -1 0 1 -1 -1 1 0 0 0 0 0 1 0 0 2 0 -3 1 1 0 0 1 0 -1 1 1 -1 0 -1 0 0 0 0 0 0 -1 1 0 1 3 0 0 1 0 -1 -1 1 0 1 0 1 1 0 0 1 0 -2 0 0 0 2 0 0 0 0 1 0 -1 0 0 1 0 -1 -1 0 0 0 0 2 -1 -2 0 1 0 -1 1 0 0 0 0 0 0 1 0 1 0 0 1 -1 -1 0 -1 -2 1 0 0 0 0 0 0 2 0 1 2 -1 1 -1 0 1 0 1 0 0 0 0 0 -1 0 0 0 -1 1 -2 0 -1 -2 0 0 0 -2 -1 -1 0 1 0 0 0 0 0 0 0 -1 0 0 2 1 1 0 0 0 1 0 0 0 1 -1 1 0 0 -1 0 0 1 -1 0 2 1 0 0 0 -1 2 0 -1 0 -2 0 1 0 0 0 1 0 0 1 0 1 -1 0 -1 1 0 0 1 0 1 0 -1 0 0 -3 2 0 -1 -1 1 -1 0 0 1 -1 1 0 0 0 0 1 0 0 0 0 0 -1 -1 1 0 0 0 0 0 -1 0 0 0 1
0 -1 0 0 -1 0 2 1 2 0 -1 0 1 2 -1 0 2 -1 2 0 1 0 -1 -1 1 0 0 -2 -1 0 1 0 0 -1 1 1 0 1 0 0 1 1 3 2 0 0 17 2 0 0 2 0 0 0 1 0 0 1 0 -1 2 1 0 -2 0 1 0 2 0 0 1 1 0 0 -1 1 2 0 -1 0 1 0 0 0 0 -1 0 -1 0 0 2 0 0 1 0 0 0 0 0 0 -1 1 0 0 0 -1 -1 -1 0 1 0 0 0 -1 1 0 1 0 0 0 2 0 0 -1 0 0 1 0 0 0 -1 -2 1 1 -1 0 0 0 0 0 0 0 0 0 0 -1 1 2 2 0 2 -1 -1 0 -1 -1 0 0 0 -1 1 1 1 0 1 0 0 1 0 -1 0 0 0 0 0 0 1 0 0 0 -1 0 0 2 -1 -1 1 1 -2 2 -1 1 -1 0 0 0 0 0 0 -1 1 1 -1 0 2 3 0 -1 0 -1 1 -1 0 -1 2 -2 -1 1 -1 0 0 0 0 0 0 1 0 1 3 0 0 0 -1 1 0 3 2 1 -1 0 1 2 0 -1 -1 2 1 0 0 0 0 1 1 3 0 0 0 0 0 0 2 0 1 1 0 0 0 -1 0 -1 2 0 0 1 -1 -1 0 0 0 -1 0 0 0 -1 0 1 0 0 0 0 3 2 1 0 0 0 -1 0 1 -1 -1 0 1 0 -1 0 0 1 1 0
-1 -1 0 0 1 0 0 0 0 2 0 1 0 0 -1 1 0 0 2 1 1 0 1 -1 0 0 2 -1 -2 1 1 2 0 0 -1 0 0 -2 0 0 -3 1 2 1 0 1 2 17 -1 -1 0 0 -2 0 1 -1 -1 -1 0 0 0 0 0 -1 0 2 0 0 0 0 1 1 0 0 0 0 1 -1 1 0 -1 0 1 0 -1 0 1 0 -1 0 1 0 1 0 1 -1 -1 1 2 0 -1 -1 0 0 0 0 0 2 1 0 0 -1 1 0 1 0 0 1 0 0 0 1 0 1 0 -1 -1 0 1 -1 0 0 -1 1 0 1 0 -1 1 -1 -1 0 0 0 1 1 1 -1 0 0 1 0 -1 0 0 1 1 -1 0 1 -1 0 1 -1 1 0 0 1 3 -2 0 1 0 0 0 0 1 0 1 1 0 0 -1 0 -1 0 -2 1 0 -1 0 1 0 0 1 1 0 1 1 0 0 -3 -1 -1 3 1 0 -1 3 0 -1 1 0 -1 0 0 -2 -3 2 1 0 0 -1 0 0 0 -1 2 -2 1 -1 0 0 -1 1 0 3 3 -2 0 2 2 0 0 0 0 0 0 1 1 -1 0 1 0 0 1 0 1 1 1 0 1 0 2 -3 2 2 -1 2 0 0 1 -1 0 0 2 0 1 0 1 -2 0 0 -1 0 1 0 0 0 0 -1 -1 2 0 1 0 1 -1 -1 1 0 0 1 0 1 0 0 0 0 0
0 1 1 0 -1 1 -1 -1 1 -1 1 -2 0 -2 -1 0 0 0 0 0 0 0 2 1 3 0 0 0 0 -3 -1 1 -1 -1 2 -1 0 1 -1 0 -2 1 1 1 1 0 0 -1 17 1 0 0 1 0 0 0 0 0 -1 0 0 0 -1 -1 -1 1 0 -2 -1 0 -1 -1 1 1 0 2 0 0 0 1 -1 0 0 0 2 0 1 0 -1 0 0 -1 -3 0 -1 0 0 0 0 -1 0 0 0 1 -2 1 1 0 1 -2 -1 0 0 1 -2 0 -1 0 -1 -1 0 0 0 0 2 1 0 1 0 0 0 0 2 1 0 0 1 1 -1 0 1 0 0 1 0 1 1 0 0 0 1 0 -1 0 -1 2 1 1 0 0 1 -2 1 -3 0 -1 0 0 1 1 -1 2 0 0 0 1 0 0 2 0 2 0 0 0 0 -2 0 1 -1 0 0 1 2 1 0 0 -1 -1 1 0 0 1 0 0 0 0 -1 0 0 -2 1 0 0 0 -1 0 -1 0 0 0 -1 -1 2 1 0 1 -2 1 1 1 0 0 -2 0 0 -2 0 -1 1 -2 0 -1 0 0 0 2 1 0 0 2 0 1 1 0 0 -1 0 0 0 -2 -2 1 0 -1 1 0 0 0 -1 0 0 1 1 0 1 0 0 -2 1 0 -4 -1 -1 -1 -1 0 0 0 0 -2 1 1 0 1 0 0 -2 0 0 0 0 0 -1 -1 1 -1 0 -1 1 1
0 2 0 0 1 -1 0 0 0 -1 1 -2 0 0 1 1 2 -1 -2 1 2 1 0 -1 0 2 -2 1 1 0 0 1 1 1 2 0 1 1 0 0 2 2 1 0 2 0 0 -1 1 21 0 0 2 3 -1 -1 1 1 1 0 0 0 1 0 0 2 1 -2 0 0 2 0 -1 0 0 1 0 0 1 0 -1 0 2 2 1 0 -1 0 0 1 2 2 -1 1 0 0 -1 -2 -1 0 0 2 0 2 -1 1 3 0 -2 1 3 0 0 1 0 -2 -1 -1 -1 0 0 -1 0 -2 0 -1 1 1 -1 0 1 0 -1 -1 1 0 0 -1 0 0 0 0 0 -1 -1 -2 0 0 -1 -2 2 0 0 0 0 0 1 0 1 -1 -1 -1 0 -1 -1 -2 0 3 0 0 -1 0 1 1 0 -1 1 0 1 0 1 0 0 0 2 2 1 0 1 0 0 -1 2 1 1 1 0 0 0 -1 1 0 0 -2 2 0 0 0 0 1 1 1 -1 1 1 0 0 -2 -1 1 -1 0 1 0 0 1 0 0 -1 0 0 0 -1 2 -2 1 1 1 0 -1 1 -1 0 0 1 0 0 0 -1 -2 0 -1 1 0 1 1 0 0 -2 1 -1 0 1 1 0 1 2 0 1 0 0 2 -1 0 0 -1 0 -1 0 0 -1 3 -1 -1 0 -1 -1 0 0 0 1 3 -1 1 0 1 1 0 -1 0 0 0 -1 -1 2 0 1 0 0 0
0 0 1 0 -1 -1 -1 -1 2 0 -1 -1 -1 1 2 -1 1 0 1 -2 0 1 0 -1 1 0 0 0 1 1 1 0 0 0 2 0 0 1 0 1 2 1 0 1 1 -1 2 0 0 0 20 1 -1 -1 -1 0 0 0 0 0 1 1 -1 0 2 0 0 1 0 -1 0 0 0 0 1 1 -1 1 0 0 1 0 0 1 1 0 2 1 1 0 0 1 0 0 3 1 1 1 1 0 1 0 0 2 0 2 0 -1 2 0 1 -2 0 0 1 0 0 -1 1 0 2 0 0 1 -1 1 1 0 1 0 0 -1 0 0 1 -2 0 1 -2 0 0 0 -1 1 0 -1 1 0 2 -1 0 -1 0 1 -1 0 -1 1 0 -2 0 1 1 0 0 0 0 1 0 0 -1 1 0 1 0 0 0 -1 -2 0 1 3 0 0 1 1 0 1 0 2 0 0 1 0 1 1 -1 -1 0 0 1 0 -2 -1 0 -1 0 -2 1 0 1 0 -1 -1 0 0 0 0 1 -1 0 0 3 1 0 0 1 1 0 1 0 0 0 1 0 -1 0 -3 0 2 0 1 -1 0 1 2 1 2 -1 0 -1 0 0 2 1 0 0 0 0 0 2 1 0 0 0 0 1 0 0 -1 2 0 0 -2 0 2 -1 0 1 1 0 0 1 1 2 1 -1 -1 0 -1 0 2 0 0 1 2 3 2 1 -4 1 0 0 0 0 1 -1 -1 0 0
0 -3 -1 0 1 2 1 2 0 1 1 1 0 0 0 -1 -2 0 0 0 0 -1 1 0 1 1 -1 -1 -1 -2 1 0 2 1 0 -1 1 -2 1 1 -1 -1 -2 0 1 0 0 0 0 0 1 18 1 0 1 0 0 1 0 -1 -1 1 0 0 0 0 0 0 0 0 0 1 1 0 1 -1 -2 -1 0 -1 1 0 1 1 1 1 0 0 0 0 1 0 0 -2 3 -1 0 1 0 0 1 1 1 -1 0 1 1 0 1 -1 -2 -1 0 1 0 1 0 -1 0 0 2 -1 1 0 1 1 2 0 1 0 0 -1 2 1 0 1 1 1 0 1 1 2 -1 1 0 1 0 1 2 -1 1 2 0 0 1 2 0 -1 1 0 0 1 0 0 1 1 0 -1 1 -2 0 1 0 -2 1 0 -1 0 0 0 1 0 0 1 0 -1 -1 -1 0 1 1 0 0 -1 0 2 0 0 1 1 0 -1 0 1 0 -1 -1 0 0 2 1 1 0 0 0 -1 0 0 -1 1 0 -1 2 0 1 0 0 0 3 0 0 -1 0 1 -1 -1 0 -2 -1 0 0 -1 0 0 1 1 -1 0 -1 0 0 1 0 1 1 0 0 0 -1 -1 0 0 0 1 0 -1 2 1 0 0 1 1 1 1 0 1 0 -1 0 0 1 0 0 1 0 -1 0 1 0 0 2 2 -2 0 0 0 0 -1 0 -1 0 0 1 0 1 1 0 0 1 0
0 1 0 1 0 1 -1 -1 0 1 1 0 0 0 0 1 1 2 1 0 2 0 0 0 0 2 -1 -1 0 0 0 0 -1 0 1 1 0 3 1 0 -1 0 0 -1 0 1 0 -2 1 2 -1 1 14 -1 0 1 1 0 -1 -1 0 0 0 0 -1 1 2 0 0 0 0 0 0 0 0 1 -1 0 0 0 0 0 1 0 2 0 1 0 -1 0 1 0 0 0 1 0 -1 0 0 -2 1 0 1 -1 0 0 0 -1 0 1 1 0 0 -1 0 1 0 -1 1 0 0 1 0 0 1 0 0 0 0 1 0 0 0 -1 -1 0 0 1 1 0 1 1 0 1 0 -1 -1 1 0 0 -1 0 0 0 0 2 1 1 0 0 1 0 0 0 0 -1 0 1 1 0 0 -1 0 1 0 1 0 -1 0 0 2 -1 0 -2 1 0 -1 0 0 -1 0 0 1 2 0 1 0 0 -1 0 0 0 2 -1 0 0 -1 0 0 1 1 2 1 0 1 1 0 0 0 1 0 -1 1 -1 0 -1 -1 1 2 0 0 1 -3 -1 -1 0 -1 0 0 -1 1 0 0 0 1 0 0 1 0 0 0 2 0 2 0 1 0 -1 1 1 -1 1 1 1 1 2 0 0 -1 0 0 -1 0 1 1 0 0 -1 0 0 0 1 0 1 0 0 0 0 0 0 2 1 -1 0 0 -1 0 -1 -1 1 0 0 1 -1 0 0 0 0 -1 2
2 -1 0 -1 -1 -1 2 1 1 -3 0 1 0 0 0 -1 -2 0 -3 1 0 -1 1 -2 0 1 -2 -2 1 0 -2 -2 0 1 1 1 1 -1 1 1 2 1 0 -1 3 1 0 0 0 3 -1 0 -1 25 0 0 1 0 2 0 -1 1 -1 0 2 -1 0 -2 1 0 5 0 3 1 2 1 1 1 0 2 0 1 1 0 0 -1 0 1 0 0 1 0 -1 0 1 0 0 0 1 0 0 0 0 1 0 0 3 -1 3 0 0 1 0 -1 1 2 0 0 -1 2 1 -1 -1 0 -1 -1 0 0 0 1 1 -2 2 0 1 -2 -2 1 0 0 1 0 1 1 -2 0 0 2 0 1 1 -2 -3 0 0 0 0 0 -1 1 0 0 0 0 -1 -1 2 1 0 1 -1 0 -1 0 -1 0 1 -1 0 -1 0 2 -1 0 1 -1 0 0 0 -1 1 0 2 1 0 0 0 -1 -1 -2 0 1 -1 0 0 -1 0 0 0 1 0 1 0 0 -1 0 0 2 0 1 0 0 1 2 1 1 -1 -1 -2 0 0 0 0 2 -1 1 0 0 1 2 2 1 0 0 0 -1 0 0 -4 1 1 0 0 0 1 -2 1 0 0 0 0 -1 -3 2 0 -2 2 0 0 -2 -1 2 -1 0 0 0 -2 0 0 0 1 -1 1 0 1 0 0 0 5 0 1 2 3 -2 -1 2 0 1 -2 0 -1 0 -2 0 2 1 1 1 0 -1
0 0 1 1 -1 0 4 3 0 1 0 0 0 0 0 2 -1 0 -1 -1 0 0 0 2 0 1 0 0 1 0 1 0 0 0 -1 0 1 0 0 0 0 0 2 1 -1 0 1 1 0 -1 -1 1 0 0 17 0 0 1 0 -1 -1 -1 0 2 0 0 0 -1 -1 0 1 -1 1 0 0 2 0 1 0 1 0 0 -2 1 1 -1 0 -1 1 0 -1 0 0 -1 1 0 0 1 -1 2 -1 -1 -1 -1 0 0 0 -1 0 -1 -1 0 0 -2 1 0 -2 3 0 0 -1 -2 0 0 -1 3 -1 -1 0 0 -1 0 -1 0 -1 1 0 0 -1 0 0 1 0 1 -1 0 0 1 0 1 1 0 -1 0 1 0 0 0 0 2 0 2 1 0 3 0 0 1 0 1 0 -1 -1 0 1 -1 0 -2 0 -2 0 -1 0 1 -1 0 0 0 0 0 -1 1 0 0 0 -1 1 -2 1 0 0 -1 -1 0 0 0 -1 0 0 1 0 0 2 0 0 0 -1 0 0 4 0 0 0 0 0 1 1 -1 0 0 0 0 0 0 0 1 1 -3 1 -1 1 2 0 -2 0 0 0 0 0 -1 3 1 -1 -1 1 -1 0 1 0 0 0 0 1 1 0 0 2 -2 0 -1 0 -1 1 -1 0 0 -1 1 -1 0 0 0 -2 0 1 -2 0 0 1 0 0 0 0 0 1 -1 0 0 -1 -1 0 0 2 1 0 -1 0 0 0 0
0 1 1 -1 0 -1 -1 -1 0 1 2 0 1 0 1 0 0 0 1 1 1 0 0 -1 1 0 0 -1 0 -1 -2 -1 -1 0 0 -1 2 0 2 0 -1 0 1 -1 0 1 0 -1 0 -1 0 0 1 0 0 19 -1 1 1 1 -1 0 0 2 -1 2 -1 0 -2 -1 0 0 -1 0 1 0 0 0 -1 0 0 1 0 -1 0 1 0 0 0 1 0 -1 0 1 0 -2 3 -1 1 0 1 0 0 1 1 0 -1 0 -1 0 -1 0 0 0 0 -1 0 1 0 2 -1 1 -1 2 1 0 2 2 2 2 0 -1 1 0 -1 -1 1 1 0 1 1 1 1 1 0 0 -1 -1 -1 1 0 0 0 -1 0 -1 0 1 -1 0 0 0 0 1 -1 0 -1 -3 0 1 1 -1 0 -1 1 -1 0 -1 -1 0 1 -1 1 -1 0 -1 1 0 1 0 0 1 1 1 -1 0 0 1 0 -1 0 -1 -1 0 -1 1 0 -1 -1 0 2 0 1 0 0 0 0 -1 0 1 0 0 1 -2 1 0 0 -3 1 0 0 0 0 -1 -1 2 1 -1 0 0 1 0 0 0 1 1 1 2 0 3 2 0 0 0 1 1 1 0 0 1 0 1 0 2 0 -1 0 0 1 0 1 1 2 -2 0 0 0 -1 0 0 1 0 -1 0 -2 0 1 0 0 -2 1 0 0 -1 0 1 0 2 -1 3 -1 1 0 2 2 0 0 0 1 2
0 0 -2 0 1 -2 1 0 1 0 0 0 -1 1 -1 -1 0 0 0 -2 0 0 0 0 1 -1 1 1 0 1 0 0 0 -1 -2 0 0 1 0 0 1 0 0 -2 0 -1 0 -1 0 1 0 0 1 1 0 -1 14 0 -1 -1 1 -1 0 0 -1 -2 1 -1 1 0 0 -1 1 2 1 -1 0 0 -1 2 0 0 0 1 0 0 0 0 0 1 -1 -1 0 0 0 -1 0 0 -1 1 0 0 2 1 -1 0 0 0 0 -1 -1 0 0 0 -1 0 -1 -1 -2 0 0 -1 0 -2 0 1 -1 0 -1 1 -1 1 1 2 -1 0 0 0 2 0 0 1 0 0 0 0 1 0 0 0 0 0 0 0 0 0 0 1 0 0 0 0 0 -2 -1 1 1 1 1 1 0 0 0 1 1 0 0 1 0 0 1 2 2 0 -1 1 0 0 0 0 2 -1 0 -1 0 2 1 0 1 -2 -1 0 0 -1 0 -2 -1 0 0 -1 0 0 -1 -2 0 0 0 0 -2 0 0 0 0 0 -1 1 0 -2 0 0 0 1 0 -1 0 0 1 1 0 1 0 -1 1 -1 0 1 -1 1 0 0 1 0 -1 0 0 -2 -2 -1 0 0 2 0 -1 0 -1 0 0 0 -1 -1 0 -1 0 0 0 1 -1 -1 0 -2 -2 0 0 1 0 0 0 1 0 0 0 -1 0 -1 0 0 0 -2 0 -2 -1 0 0 0 0 0 0 0 1 -1
0 1 0 0 -2 1 1 1 1 0 0 0 0 0 0 1 -2 -1 0 -1 1 0 0 0 0 1 0 0 -1 0 0 0 0 0 0 1 0 -1 -2 -1 0 0 1 1 0 1 1 -1 0 1 0 1 0 0 1 1 0 13 0 -1 -1 1 0 1 0 1 1 -2 -1 0 1 -1 -1 1 0 0 0 0 0 1 0 0 0 -1 -2 -1 2 0 0 0 1 1 0 0 0 -1 0 1 1 0 1 1 -1 -1 0 0 -1 0 0 -1 -1 0 0 0 1 0 -3 2 -1 0 0 1 1 1 -1 0 0 1 0 0 0 0 0 1 0 1 0 0 0 0 0 -1 0 1 0 0 0 -3 -1 -1 0 0 -1 -1 1 -1 0 0 0 0 -2 0 0 0 -2 0 0 0 1 1 0 1 1 -1 -2 0 0 0 0 0 1 0 2 0 2 1 1 0 -2 0 0 0 -1 1 0 1 2 -1 0 -1 0 0 0 1 -1 0 2 0 0 0 1 1 0 0 0 -1 -1 -1 -1 1 -1 1 -1 -1 0 0 1 0 1 0 1 -1 0 0 -1 0 0 -1 -1 -2 0 -3 1 -1 0 0 1 -1 0 0 1 0 1 -1 0 0 0 -1 0 -1 0 0 0 0 0 0 0 0 1 0 0 0 -1 -2 0 -1 0 -1 0 0 0 1 0 0 0 -1 0 -1 -1 -3 1 0 1 -1 1 1 1 -1 0 1 0 0 0 0 -1 0 0 0 0 -1
0 0 0 0 0 0 0 1 0 0 -2 0 2 0 0 1 1 0 -1 0 -2 -2 1 1 0 1 1 -2 1 0 1 -1 0 3 0 -1 0 -4 1 -1 1 0 1 1 -1 -2 0 0 -1 1 0 0 -1 2 0 1 -1 0 21 0 0 -1 3 0 0 -1 0 0 1 0 0 0 2 2 0 0 1 0 -1 -1 4 3 -2 0 1 0 -1 -1 0 -1 -1 0 1 1 0 0 0 -2 0 -1 -1 1 0 -1 0 1 2 1 -2 1 0 0 -1 1 0 0 1 1 1 -1 -1 0 0 0 -1 0 0 1 1 0 0 0 1 1 0 0 0 2 0 2 0 2 1 1 0 0 0 1 0 1 0 1 0 0 0 0 -1 -1 -1 -3 0 0 1 1 -1 0 1 1 0 1 0 0 0 1 1 2 1 1 0 -2 -1 0 0 0 0 0 -1 -1 1 0 0 -1 0 0 0 0 -2 0 0 0 0 1 0 0 -1 1 1 0 0 -4 0 0 0 0 0 0 2 0 -1 -1 0 3 2 1 1 0 0 0 -2 0 0 -1 0 2 2 0 0 1 0 -1 1 0 0 0 -2 0 2 0 1 3 0 2 0 0 2 0 0 0 0 -1 -1 -1 -1 0 -1 -3 0 0 0 2 0 2 0 0 0 0 -1 0 0 0 0 1 1 0 0 0 -1 1 0 1 1 0 0 0 0 0 0 -1 1 0 0 -2 0 0 -1 2 1 0 2 -1
-1 1 0 0 2 1 0 1 0 0 0 1 0 -1 2 0 0 0 0 -1 1 2 0 0 0 -1 0 0 0 -1 1 0 0 1 0 1 0 0 0 -1 1 0 -1 2 0 0 -1 0 0 0 0 -1 -1 0 -1 1 -1 -1 0 13 1 1 -2 0 1 3 0 0 -1 0 -1 2 0 0 0 0 0 1 0 -1 0 0 1 -1 1 2 2 0 0 0 -1 0 0 3 -1 -1 0 0 1 0 -2 0 -1 0 0 1 1 0 1 1 0 0 0 1 1 -1 0 1 0 1 0 1 0 -1 0 0 1 2 1 0 -1 -1 -1 0 1 -1 0 0 0 0 0 0 2 0 0 0 0 0 1 1 -1 0 1 -1 2 -1 0 0 0 0 0 0 0 1 -1 0 0 0 1 0 1 0 0 0 0 0 0 0 -1 0 -1 -1 0 0 0 1 0 1 4 0 0 2 1 0 0 -1 0 -1 0 -1 0 0 0 0 1 0 0 0 0 1 0 1 1 1 1 1 1 1 0 -1 2 2 2 0 1 1 0 -1 1 0 1 0 -1 0 1 0 0 1 1 0 0 0 0 1 0 0 0 -1 -1 -1 -1 0 0 0 1 -1 0 1 0 1 -1 0 0 -1 0 -1 -1 1 1 1 0 0 0 0 0 0 0 0 0 0 -1 -1 0 1 0 -1 0 -1 1 0 0 -1 1 0 0 1 0 1 0 1 -1 -1 0 1 0 1 0 1 0 1
0 0 0 -2 0 0 0 0 1 1 0 1 0 0 0 -1 1 0 1 0 -1 -1 -1 0 0 0 0 0 0 2 0 0 0 0 0 0 -1 0 -1 0 2 1 1 1 1 -1 2 0 0 0 1 -1 0 -1 -1 -1 1 -1 0 1 13 -1 2 -1 -1 0 1 0 1 0 -2 0 -2 0 1 0 1 0 1 -1 0 0 0 0 1 0 0 -1 0 0 1 0 0 0 0 0 -1 1 0 -1 -1 0 0 0 0 0 1 -1 0 0 2 1 0 0 -2 1 0 -1 0 0 0 1 0 0 0 -1 0 1 0 0 0 1 -3 1 0 1 -1 0 -1 1 -1 0 0 1 0 0 0 0 1 1 -1 2 0 0 0 0 1 0 1 -1 0 0 -1 0 0 0 0 1 0 -2 0 0 0 1 3 0 0 0 0 1 0 1 0 0 1 -2 0 0 2 1 0 2 0 1 1 1 0 0 0 -1 -1 0 0 0 -1 -1 -1 1 0 0 0 1 -1 1 0 -1 1 1 0 -1 0 0 -1 1 0 -1 0 0 -1 1 0 0 -1 0 0 2 1 0 0 1 -1 -1 0 1 2 0 0 0 -1 0 -1 0 -1 2 0 1 0 0 0 0 0 0 0 -2 -1 1 0 0 -2 0 0 0 0 1 0 0 0 0 3 0 0 1 0 0 2 1 0 0 0 1 0 0 0 0 1 0 -1 -1 1 -2 0 -1 1 0 0 0 -1 2 0 1
0 0 -1 -2 -1 0 0 0 1 -1 -1 0 -1 1 0 0 -1 0 0 0 0 0 1 0 0 0 0 0 -1 1 0 -1 -1 1 3 0 1 1 -1 1 1 0 0 0 0 0 1 0 0 0 1 1 0 1 -1 0 -1 1 -1 1 -1 16 0 0 0 0 -1 0 0 0 0 0 0 0 2 -1 -1 0 0 0 1 0 1 3 0 0 1 0 0 0 2 -1 -1 -2 0 -1 -1 0 1 0 1 2 1 0 -2 2 -1 0 1 1 0 -1 -1 -1 1 1 0 2 0 0 0 0 0 3 1 1 1 1 -1 1 0 -1 0 -1 3 1 1 0 0 0 1 -2 2 0 1 1 -1 1 1 0 -1 -1 0 1 1 0 0 0 0 1 1 0 0 0 0 0 -1 2 1 2 0 1 0 1 -2 1 1 0 1 0 0 0 0 0 0 -1 0 0 2 1 2 0 0 3 0 1 1 1 3 0 1 1 -1 1 0 0 0 1 0 0 1 -1 -1 -1 0 0 -1 1 0 -1 0 1 0 1 2 0 1 3 -1 -1 0 0 -1 -1 0 0 0 -1 0 1 -3 3 -1 0 0 0 0 -1 0 -2 2 -1 0 2 0 -1 0 0 -1 0 1 1 0 1 1 0 0 0 1 1 1 1 1 1 0 0 0 0 0 0 1 0 -2 -1 0 0 0 1 0 1 1 1 0 0 0 0 0 0 0 -1 0 -1 2 0 0 2 1 -1 0 0
0 0 0 0 0 1 0 0 -1 2 -1 0 0 2 0 1 0 -1 0 0 0 0 0 0 0 1 1 0 -2 0 1 1 0 0 0 1 0 -1 0 0 1 0 0 0 -1 0 0 0 -1 1 -1 0 0 -1 0 0 0 0 3 -2 2 0 18 -1 -1 -1 2 0 0 -1 -1 2 1 -1 0 1 -1 0 0 -2 0 2 0 0 -2 0 0 1 0 0 0 0 -1 1 0 0 0 0 0 1 0 0 2 1 0 0 0 -1 -1 0 1 0 0 1 0 0 0 0 0 0 1 -1 0 0 -1 1 2 0 0 0 0 1 0 0 1 -1 -1 0 2 1 0 0 0 0 -1 1 0 -1 0 0 0 2 0 0 1 2 -1 0 0 -1 0 2 1 1 -1 0 0 0 0 -1 0 0 -1 0 1 0 1 0 1 -1 -1 -1 1 -1 1 -1 0 -1 1 0 0 1 0 0 0 -1 1 0 2 0 0 0 -1 0 0 1 1 0 0 0 0 0 -1 0 0 0 1 1 0 0 1 1 0 0 0 0 0 1 -1 1 1 1 1 0 0 1 1 1 0 -1 -1 -1 0 1 1 0 0 -1 0 0 -1 0 0 2 1 2 0 3 0 0 2 0 -1 0 -1 1 2 0 0 2 2 0 0 1 0 -1 1 0 0 0 2 0 0 1 1 0 0 -1 0 1 -2 1 0 0 0 -1 2 -1 0 0 -1 2 2 1 1 -2 -1 1 -1 0
1 1 0 0 -1 0 -1 1 -1 -1 0 0 1 1 1 0 -1 0 -1 -1 1 0 -1 -1 -1 1 0 -1 0 -1 0 0 0 -1 2 -2 0 1 0 0 -1 0 1 0 1 0 -2 -1 -1 0 0 0 0 0 2 2 0 1 0 0 -1 0 -1 14 0 -1 -1 0 0 -1 0 0 2 0 1 0 -1 0 -1 0 0 0 -1 0 0 0 1 0 1 0 -1 -1 0 0 0 -2 2 1 0 -1 0 0 0 0 -1 0 0 0 -2 0 0 0 0 0 -1 0 0 -1 0 0 0 -2 0 0 0 0 0 -1 -1 1 1 -1 0 -1 0 -2 -1 -1 1 1 0 1 0 0 -1 0 0 0 -2 1 -1 -2 3 0 2 0 -1 0 0 1 0 0 -1 0 0 0 0 -2 0 2 0 0 0 0 -1 0 0 -1 0 0 0 1 1 1 0 1 0 1 0 1 0 0 0 1 0 0 2 -1 1 1 0 0 0 -1 0 -1 0 1 0 2 1 0 1 1 1 0 -1 -1 0 1 0 0 0 -2 0 0 0 -1 -1 -1 0 0 0 -1 -1 0 -1 -2 0 -1 -1 0 0 0 0 -1 0 0 0 0 -1 0 0 0 1 0 0 0 0 0 1 1 0 -2 0 -1 -1 0 0 0 0 -1 -1 0 -1 1 -2 0 0 1 0 1 0 0 -2 0 1 0 0 0 1 1 0 -2 0 1 0 0 0 0 0 0 1 -1 1 1 1 0 0 0
0 0 1 0 0 0 -1 1 1 0 -2 1 1 0 0 -1 0 -1 -2 -1 -1 -1 0 -1 0 0 -1 -1 1 0 2 0 0 0 1 0 0 1 0 0 0 0 0 0 1 1 0 0 -1 0 2 0 -1 2 0 -1 -1 0 0 1 -1 0 -1 0 15 -1 0 1 -2 0 2 0 0 -1 -1 1 0 -1 -1 3 0 -1 2 -1 1 0 0 -1 0 0 0 1 1 0 1 1 0 0 0 0 -2 0 1 1 -1 1 0 0 3 0 -2 0 0 0 1 0 0 0 0 -1 2 0 0 0 0 1 0 0 0 -1 -1 0 -1 0 1 -2 1 0 0 0 0 1 0 -1 0 0 1 2 1 -1 0 -1 0 -1 2 1 0 -2 0 0 -1 0 0 -1 1 0 0 0 0 3 -1 1 0 2 0 0 0 1 -1 0 -1 1 -1 0 0 1 0 1 1 0 2 -1 0 1 1 -1 0 1 0 1 1 1 1 0 0 -1 2 0 0 1 0 0 1 0 0 2 0 0 1 1 0 3 1 0 0 1 0 0 0 0 0 3 1 1 0 0 0 1 1 1 1 2 0 -1 0 0 1 3 0 0 1 0 0 1 0 3 -1 0 0 -1 0 0 1 0 1 1 0 0 0 0 0 0 0 1 0 1 0 1 0 1 2 -1 0 1 0 0 0 1 0 2 0 1 0 0 1 0 0 1 2 -1 2 0 -1 0 0 0 1 2 -1 0
1 2 0 -1 -1 1 0 1 0 0 0 -2 0 -1 0 -1 0 0 1 0 3 1 2 -2 0 1 0 0 1 -1 1 0 0 1 2 2 0 1 0 0 -1 1 0 -1 -1 -1 1 2 1 2 0 0 1 -1 0 2 -2 1 -1 3 0 0 -1 -1 -1 20 0 1 -1 0 -1 0 -1 -1 -1 0 1 -1 0 -1 -1 2 0 -3 0 0 1 1 0 1 1 0 0 1 0 -2 0 -1 1 1 2 0 1 1 -2 1 -1 0 1 0 0 0 0 0 0 0 0 0 1 0 1 2 -1 1 1 0 1 1 1 -1 2 0 0 -1 -1 0 0 0 1 0 0 1 0 0 0 0 -1 -3 0 0 -1 0 0 0 0 -2 0 -1 0 0 0 0 0 2 -1 -1 0 0 0 -1 1 0 0 -1 -1 -1 0 -2 -1 0 -1 -2 1 -1 2 0 0 1 1 0 -1 2 1 0 1 0 -1 0 -1 1 0 0 0 1 1 0 -1 0 -1 -1 0 0 -1 1 0 0 0 -1 0 -1 0 0 0 0 1 -3 1 0 1 0 1 -2 0 0 -1 -1 2 3 -1 0 1 -2 0 0 0 0 0 -1 -1 1 0 0 0 0 1 -1 0 -1 1 1 -1 0 0 2 0 0 -1 0 1 -1 1 1 0 -1 0 0 1 -1 1 0 -2 1 0 0 0 -1 1 0 0 -2 -1 0 0 1 1 0 -2 1 0 0 0 1 1 -1 1 1 2 1 0 0
0 -1 0 0 -1 1 0 0 0 1 0 0 0 0 -1 1 -1 0 0 0 2 -1 0 0 0 1 -1 0 1 -1 0 0 0 0 1 0 -1 0 0 0 2 0 1 1 0 0 0 0 0 1 0 0 2 0 0 -1 1 1 0 0 1 -1 2 -1 0 0 14 0 0 0 0 -1 -2 0 0 2 0 0 1 -1 0 0 1 -1 0 -1 -1 0 0 0 -1 2 0 0 0 0 0 0 1 0 -2 0 -1 -1 -2 0 1 0 -1 1 1 -1 -1 1 0 1 0 0 1 0 2 0 0 1 -1 0 1 0 0 0 0 1 0 0 1 0 0 0 3 0 2 0 1 -1 0 0 0 0 0 -1 0 3 0 0 0 1 0 0 1 0 0 0 0 0 0 0 -1 1 1 -1 -1 0 1 -1 1 1 0 0 -1 0 0 0 1 1 0 0 0 -1 0 -1 1 0 2 2 0 0 0 0 -1 0 -1 -1 0 0 0 0 1 0 0 1 1 1 0 0 1 0 0 1 0 0 0 0 0 0 1 0 -1 1 0 1 0 2 1 -1 0 0 1 1 1 -1 2 -1 1 1 2 0 0 0 -1 0 -2 1 -2 -1 0 1 -1 0 2 -1 0 0 -1 -1 0 3 1 -2 0 0 1 0 -1 0 0 -1 0 0 1 0 0 0 0 1 1 0 0 0 1 -1 0 1 1 -3 0 0 1 0 0 2 0 0 1 -1 0 -1 -2 0 -1 1
0 0 1 1 3 0 0 -1 -1 0 0 0 1 0 0 0 0 0 2 0 0 1 0 -2 1 0 0 0 0 0 1 -3 0 2 1 -1 1 -1 2 0 0 1 -1 -1 -2 1 2 0 -2 -2 1 0 0 -2 -1 0 -1 -2 0 0 0 0 0 0 1 1 0 18 1 -1 0 -1 1 -1 0 0 0 1 -1 1 0 0 0 0 -1 1 -2 -1 -1 -1 2 0 0 2 0 1 -1 0 -2 1 0 -1 2 0 0 1 -1 0 0 0 0 0 1 1 0 0 2 0 0 0 -1 1 0 -1 0 -1 1 0 1 -1 -2 0 0 -1 0 0 1 -1 1 1 0 -1 1 0 2 0 0 0 2 2 0 -1 0 2 2 0 0 0 0 0 1 0 1 0 1 0 0 -2 0 0 0 1 0 0 0 0 0 0 0 0 -2 -1 1 0 -1 1 1 1 1 0 -1 0 0 1 0 0 1 0 0 2 0 2 0 2 -1 0 -2 -1 -1 1 1 -1 1 0 0 0 0 1 0 0 0 -1 1 0 0 -1 2 -2 1 1 0 1 0 0 1 0 0 3 0 0 1 2 0 0 -1 1 -2 0 1 1 0 -1 0 0 1 2 0 0 1 -1 2 1 -1 -1 2 -1 -1 0 1 1 0 1 1 0 0 1 -1 1 1 -1 0 0 0 0 0 1 1 0 -2 2 0 -1 0 1 0 0 0 1 2 0 1 1 0 0 -1 1 0 1 0 2
1 0 0 0 0 0 2 1 0 0 0 0 0 0 -1 1 1 0 0 0 -1 0 0 0 0 1 0 0 0 0 -1 -1 0 0 -2 0 0 0 1 2 0 0 0 2 -1 -1 0 0 -1 0 0 0 0 1 -1 -2 1 -1 1 -1 1 0 0 0 -2 -1 0 1 14 1 0 -2 0 0 0 -1 1 0 0 -1 0 0 -2 1 1 0 -2 0 1 1 0 0 0 -2 0 1 0 0 -2 1 0 0 1 1 0 0 0 0 1 -1 0 0 1 0 0 0 1 -1 0 -1 -1 -2 0 0 0 -1 0 1 -1 0 0 -1 0 -1 0 0 -1 0 3 0 0 0 0 0 0 0 0 0 0 1 -1 0 -2 1 0 -1 0 0 0 -2 0 -1 0 0 0 0 0 3 0 0 0 0 0 1 -1 1 0 0 -1 0 -1 0 0 0 -1 0 -1 -1 1 2 1 0 0 0 1 0 -1 1 0 0 -2 0 0 0 0 1 -1 0 0 2 -1 1 0 0 0 -1 1 0 0 -1 1 0 0 0 -1 0 0 -1 0 0 0 0 0 0 1 0 0 1 0 0 -2 0 1 0 0 0 -2 -1 -1 1 0 0 0 0 0 0 0 0 0 0 0 0 0 -1 0 -1 1 1 0 0 0 -1 0 0 1 1 -2 0 0 1 -1 1 1 0 1 0 1 0 1 0 0 0 0 0 0 0 0 -1 1 0 -1 0 0 -2 0 1 0 0 0 1
0 0 0 0 0 0 0 -1 0 0 0 0 1 -1 -1 0 0 0 0 0 0 0 0 0 1 0 0 2 2 0 0 0 1 -1 0 0 0 0 0 0 0 1 0 0 0 -1 0 0 0 0 -1 0 0 0 0 -1 0 0 0 0 0 0 -1 -1 0 0 0 -1 1 9 0 0 0 0 0 0 0 0 0 2 0 0 0 -1 1 1 0 0 1 0 -1 0 0 -1 0 0 0 0 1 1 0 -1 0 -1 -1 -1 0 0 0 0 1 0 -1 -1 0 0 1 0 0 1 1 -1 0 -2 2 0 -1 0 0 0 0 1 0 0 1 0 0 1 1 -1 0 -1 0 0 1 0 0 0 0 -1 1 0 1 1 0 0 0 1 0 -1 0 0 0 0 0 0 0 1 0 -1 1 -1 1 0 0 0 -1 2 0 0 0 1 0 0 0 0 0 0 0 0 0 0 0 1 0 0 0 0 0 1 0 1 0 1 0 0 0 2 0 -1 -1 0 0 -1 0 0 1 0 0 0 0 -1 0 -1 1 0 1 0 0 0 0 0 0 0 0 0 1 -1 0 0 -1 -1 1 -1 0 -1 0 -1 0 -1 0 0 0 0 0 1 0 0 0 0 0 0 1 1 1 0 1 -1 0 -1 -1 -1 0 0 0 1 -1 -1 -1 1 0 0 1 0 0 -1 1 1 0 0 -1 0 0 0 0 1 0 0 -1 0 0 0 -1 0 0 0 0 1 0 0
-1 -1 0 0 -2 0 0 0 1 -1 2 0 0 1 1 0 0 1 0 1 -2 0 -1 0 -1 -1 -1 -1 1 0 1 -2 0 0 -3 -2 0 -2 -1 0 1 0 0 1 2 1 1 1 -1 2 0 0 0 5 1 0 0 1 0 -1 -2 0 -1 0 2 -1 0 0 0 0 20 1 1 1 1 1 0 -1 0 2 1 -1 -1 1 -1 0 1 0 1 0 2 0 0 -1 0 -2 1 -2 0 0 -1 0 1 -1 0 0 0 0 1 1 -1 1 0 1 0 0 1 1 0 0 0 0 0 0 0 -1 0 0 1 -2 -1 -1 0 1 0 1 -1 -1 0 -1 0 2 0 -2 -1 -1 0 -1 1 0 0 -4 0 0 0 1 0 0 0 -1 -1 0 1 1 0 -2 2 -1 -2 3 0 -1 0 0 -1 0 1 0 0 -1 1 0 1 0 3 0 -1 0 0 1 0 0 0 2 0 0 0 1 -1 0 1 1 0 0 0 0 1 0 2 -1 1 0 0 0 0 0 0 0 1 1 0 -1 0 -1 0 0 -1 1 4 -2 0 3 0 3 1 2 -1 0 1 1 0 3 -1 0 -1 1 1 1 -3 -2 0 1 2 -1 0 2 0 1 0 0 1 0 -1 1 1 -2 3 -1 -1 -2 0 -1 1 -2 0 0 0 -1 -1 0 1 -1 0 -1 0 3 0 0 1 -2 1 1 1 -1 1 0 1 -1 -1 1 0 1 -2 1 -1 0 1 1 -1 0
0 0 -3 -1 0 1 0 0 -1 0 0 1 0 -1 0 0 0 0 2 1 0 0 0 0 0 0 0 -1 0 0 0 1 1 1 0 2 -1 0 1 -2 0 0 -1 -1 0 0 1 1 -1 0 0 1 0 0 -1 0 -1 -1 0 2 0 0 2 0 0 0 -1 -1 -2 0 1 15 1 0 0 -1 1 1 0 -1 1 0 1 1 -2 2 0 0 0 -1 2 0 -1 2 -2 -1 1 0 0 1 0 2 0 0 1 1 -2 -1 0 3 0 0 0 0 0 1 1 0 1 1 2 -1 0 -1 0 0 0 0 0 0 -1 0 0 0 1 -2 0 0 0 0 0 1 -1 1 2 1 0 1 0 0 0 0 1 0 1 0 -1 -1 0 0 0 2 0 1 1 0 2 0 0 -1 0 0 -1 0 1 -2 1 0 0 1 0 0 -1 0 0 0 1 0 1 0 0 0 0 0 0 1 1 -1 2 -3 1 2 0 0 2 -2 0 1 0 0 -1 3 -1 0 0 0 -1 0 1 0 2 1 0 1 1 0 -1 0 2 -1 0 -1 0 2 0 0 0 -1 0 0 1 1 0 1 0 0 0 1 -1 -1 1 0 1 -1 2 3 0 1 0 1 0 0 0 2 0 -1 0 0 0 -1 1 1 0 0 0 1 0 0 0 1 0 0 1 1 -1 0 -1 0 0 0 0 0 0 -1 0 1 1 0 1 -2 -1 0 1 3 0 1 0 0 0 1
0 -1 -1 0 2 1 0 0 0 1 0 0 1 0 2 1 0 -1 0 1 1 0 0 0 0 1 1 -1 1 0 -1 -1 0 -1 -1 0 -1 0 0 0 1 0 0 0 0 0 0 0 1 -1 0 1 0 3 1 -1 1 -1 2 0 -2 0 1 2 0 -1 -2 1 0 0 1 1 23 1 -2 0 0 0 0 -1 -2 1 -1 -2 -2 1 2 0 1 -1 0 0 -1 0 0 0 -1 0 0 1 0 0 2 0 0 0 1 0 1 1 1 1 1 1 0 1 0 2 1 0 0 -2 1 1 0 2 1 0 0 -1 -1 -1 3 1 0 0 0 0 -1 -1 0 0 0 0 -1 0 1 0 -1 3 -1 -2 0 0 1 0 0 0 0 1 0 -1 -1 -1 2 0 3 -1 0 1 0 0 0 -2 1 1 0 1 3 -2 0 0 -1 0 0 -1 1 0 0 0 0 0 0 -1 -1 1 2 -1 0 -1 0 2 0 1 1 -1 -2 0 0 -1 2 2 0 0 -2 1 1 0 1 1 1 0 0 0 0 1 1 1 -1 0 1 0 0 2 2 -1 -2 0 1 1 -1 2 0 -1 -2 2 -1 0 0 0 -1 0 1 0 2 -1 0 0 -1 -3 0 0 -1 0 0 -2 0 -1 0 1 0 0 1 0 1 2 0 0 1 1 0 -1 -1 2 -1 0 0 0 0 0 0 -1 1 2 2 0 1 1 1 1 1 1 -1 2 1 1 1 -1 0 1
1 0 0 0 0 -1 1 -1 1 2 1 2 0 0 0 1 -1 0 -1 -1 0 0 1 0 2 1 1 0 -2 1 -1 0 1 -1 0 0 2 -1 -1 -1 0 0 0 -1 -1 0 0 0 1 0 0 0 0 1 0 0 2 1 2 0 0 0 -1 0 -1 -1 0 -1 0 0 1 0 1 13 0 -1 -2 1 0 1 0 1 0 0 0 0 1 -1 0 0 -1 0 0 0 -3 -1 0 -2 1 -1 0 1 -1 0 0 1 0 0 -1 0 0 -1 0 0 0 1 -1 0 0 0 1 -2 0 -1 0 0 0 0 0 -1 0 1 0 1 0 0 1 0 1 0 0 1 0 1 0 0 0 2 0 4 0 0 0 -1 -1 0 0 0 0 -1 1 0 0 0 -1 0 0 1 1 2 0 0 0 0 1 0 0 2 1 0 1 1 2 0 0 -1 1 -1 0 0 0 0 0 0 0 2 0 1 0 0 1 0 0 0 0 0 1 0 0 0 0 0 -1 0 0 0 0 0 -1 2 0 1 1 2 1 1 0 1 1 0 0 2 1 1 0 0 1 -1 0 1 0 0 1 0 0 1 1 2 0 0 0 0 0 0 1 0 0 -2 0 1 1 -1 0 0 0 -1 0 1 0 1 0 0 0 0 0 0 -1 0 0 0 -1 2 -1 1 0 -1 0 0 0 -1 2 0 1 -2 -1 0 0 -1 -1 -1 0 -1 -1 0 -1 1 -1 0 1 0
1 0 0 -1 0 0 0 -2 0 0 0 0 1 0 -1 -1 0 1 0 -1 -1 0 0 0 0 0 1 -1 0 -1 1 0 -1 0 1 -1 1 0 0 0 0 -2 0 -1 0 0 -1 0 0 0 1 1 0 2 0 1 1 0 0 0 1 2 0 1 -1 -1 0 0 0 0 1 0 -2 0 17 -2 0 1 1 0 1 -1 0 1 1 0 0 0 1 1 2 -1 -1 0 0 1 0 -1 0 2 1 -2 2 -1 0 -1 1 0 2 1 1 0 0 0 -1 0 1 0 0 0 0 0 0 1 0 1 -1 1 1 0 0 0 1 0 1 0 0 0 -1 0 1 -2 1 0 1 1 0 0 0 -2 1 0 0 1 0 1 -1 0 0 0 0 0 0 0 1 -1 0 0 0 -1 2 2 0 1 -1 0 -1 0 0 1 2 0 1 0 -2 -1 0 2 0 1 0 1 2 0 0 0 1 0 2 0 0 -1 0 -1 0 0 0 1 0 2 -1 0 0 -2 1 0 0 0 0 -1 0 0 0 0 0 0 0 1 1 -1 0 0 0 -2 -1 0 -1 0 -1 0 1 1 0 2 2 0 0 0 -2 0 0 0 0 -1 2 2 0 -1 0 0 0 1 0 -1 0 0 1 1 0 -1 0 0 0 0 2 0 0 1 1 0 0 0 -1 1 1 1 0 -1 0 0 0 0 1 0 0 0 1 1 -1 0 0 0 1 0 1 0 0 0 -1 0
0 -1 3 0 -2 1 1 1 0 1 0 -1 0 1 1 1 0 0 1 0 1 -1 0 0 1 1 0 -1 1 0 0 0 0 1 1 0 0 1 0 2 1 0 3 0 -1 0 1 0 2 1 1 -1 1 1 2 0 -1 0 0 0 0 -1 1 0 1 0 2 0 -1 0 1 -1 0 -1 -2 17 -1 2 0 0 0 1 1 0 0 1 0 1 -1 0 0 0 -1 -1 1 0 -1 0 0 -2 1 0 1 -1 2 0 0 -2 0 -1 -2 1 -1 -1 0 -1 0 0 1 -1 0 0 1 -1 0 2 2 1 0 -1 -1 1 0 1 0 -1 0 -1 -1 0 0 -1 0 1 1 2 0 0 -1 -1 0 -1 0 -1 -2 1 0 1 0 -1 -1 -1 2 1 -2 0 0 0 0 0 0 0 -1 0 0 2 -1 0 1 0 -1 -2 -1 1 1 0 1 -1 0 0 0 0 1 -1 1 -1 0 -2 0 0 0 1 0 -1 1 -1 0 -1 0 0 -1 0 0 1 1 -2 -1 0 0 2 -1 3 0 0 0 2 -1 1 -3 1 0 3 -1 -2 0 -1 0 0 0 -1 0 1 -1 0 -1 1 0 0 0 2 1 0 0 0 0 -1 0 0 1 0 0 0 0 -1 1 1 0 0 1 0 1 0 1 0 -1 -1 -1 1 -2 0 0 -2 0 0 0 -1 0 -1 1 1 1 -1 1 1 0 0 0 2 0 -1 0 -1 0 -1 0 -1 -1 0 0 -1
0 -1 -2 -2 0 0 2 0 0 -1 0 0 1 -1 -1 1 1 -1 1 1 -1 0 0 2 1 1 1 0 2 0 1 1 0 0 0 0 -1 0 0 0 3 0 1 0 0 1 2 1 0 0 -1 -2 -1 1 0 0 0 0 1 0 1 -1 -1 -1 0 1 0 0 1 0 0 1 0 -2 0 -1 18 0 0 1 0 -2 0 -1 -1 0 0 -1 0 0 0 1 0 -1 -4 0 0 0 0 1 -1 0 -1 0 1 -1 1 0 1 0 -1 1 -1 0 0 -1 -1 0 0 0 -1 -1 -1 0 0 -1 1 0 -1 1 0 0 0 1 0 0 -1 0 0 -1 1 0 0 1 0 -1 0 -1 -1 1 3 0 0 0 0 0 0 -1 0 -1 1 1 0 0 1 -1 0 -1 0 0 0 -1 1 0 -1 0 1 0 0 0 0 0 0 3 -1 1 0 0 0 1 0 -1 -1 1 -1 0 -1 -1 -1 0 0 1 0 0 0 2 0 0 0 -1 0 1 0 0 0 -1 0 0 0 1 -1 1 -1 5 -1 1 0 -1 -1 2 0 1 0 1 2 0 1 2 0 -1 1 -1 1 0 -2 0 0 -2 -1 1 0 1 0 0 0 -1 0 1 0 1 -1 -1 0 0 0 0 1 0 1 0 -1 -1 -1 0 0 1 0 1 3 0 0 -1 0 1 2 1 0 2 1 1 3 0 1 0 0 1 0 1 1 0 1 0 0 1 -1 3 0 0 0 0
2 0 2 1 0 1 1 -1 -1 1 1 -1 -1 -2 -1 0 -1 0 1 -2 1 0 -2 1 1 0 -1 0 1 1 0 0 1 1 -1 1 1 0 0 0 2 0 -1 -2 0 0 0 -1 0 0 1 -1 0 1 1 0 0 0 0 1 0 0 0 0 -1 -1 0 1 0 0 -1 1 0 1 1 2 0 12 0 1 1 -2 0 0 0 1 0 0 0 0 1 0 0 1 -2 1 1 0 -2 1 2 0 1 0 0 2 0 0 0 3 0 0 -1 1 1 -1 0 1 0 0 0 0 1 -1 -1 -1 0 0 -1 2 0 -1 -1 1 1 -2 2 0 -1 0 1 0 0 1 0 0 0 0 0 1 0 1 0 0 0 0 0 0 0 0 0 1 1 0 0 0 0 1 1 0 1 1 0 -1 2 0 0 -1 1 0 0 0 1 0 -1 1 4 1 0 0 -2 1 -1 1 0 0 1 -1 -2 -1 0 0 0 1 1 0 0 0 -1 1 -1 -1 0 0 0 1 0 0 -2 0 1 0 1 0 1 1 0 0 1 0 0 0 -2 -1 0 0 0 0 0 0 1 0 0 0 0 1 0 -1 -1 0 0 -2 -1 0 1 -2 0 0 0 0 0 0 0 0 1 -1 0 0 0 1 0 0 0 0 0 -2 -1 2 0 0 1 -1 2 1 0 0 0 0 0 -1 0 -1 1 1 0 0 0 1 1 -2 0 0 0 1 -1 0 0 -1 1 0
0 0 0 0 1 -1 -1 0 0 0 2 0 0 -1 1 0 -1 1 0 -1 -2 0 0 1 -1 0 -1 0 -2 0 0 0 1 1 -1 0 1 2 0 2 0 -1 1 0 1 0 -1 1 0 1 0 0 0 0 0 -1 -1 0 -1 0 1 0 0 -1 -1 0 1 -1 0 0 0 0 0 0 1 0 0 0 17 1 0 0 0 1 -2 -1 0 0 0 0 4 1 0 -2 -1 0 0 1 0 0 0 0 0 0 1 0 1 0 0 0 2 1 0 1 0 0 0 0 0 0 0 0 0 -1 0 -1 0 -1 -1 -2 -1 1 -1 0 2 0 0 0 -1 0 -1 0 0 1 -1 0 1 -1 3 1 0 1 -1 0 0 0 -1 1 2 -1 0 0 1 0 1 -1 0 -1 0 0 -1 0 0 0 0 0 0 0 -1 0 0 0 1 0 0 -2 0 2 1 0 0 0 0 0 1 3 0 -1 0 1 0 0 -1 0 0 0 0 1 1 0 0 2 0 0 0 2 0 -1 3 0 0 1 -2 0 -1 0 -1 1 0 -1 0 1 0 1 1 0 0 1 0 1 0 0 1 1 1 3 -1 1 1 -1 0 1 -2 1 -1 2 0 0 1 -1 -1 -1 1 0 -1 0 0 0 1 0 0 -1 0 0 0 -1 1 0 0 2 0 -1 1 0 3 -1 0 0 0 0 0 1 0 0 0 0 0 -1 0 0 0 1 -1 1 -1 -1 -1 -1 0 1
0 0 0 0 0 0 1 -3 1 -1 0 2 -4 -1 -1 0 1 1 0 -2 -1 -1 0 1 0 0 0 0 1 0 0 0 0 -2 1 0 0 2 0 1 0 2 0 -2 0 2 0 0 1 0 0 -1 0 2 1 0 2 1 -1 -1 -1 0 -2 0 3 -1 -1 1 -1 2 2 -1 -1 1 0 0 1 1 1 27 0 0 -1 1 -1 0 0 0 0 -1 -5 0 1 -1 -1 0 0 2 0 -1 2 0 -1 0 -2 0 0 1 -3 -2 -1 0 0 0 0 0 1 1 -2 0 0 -4 0 -3 -1 0 0 -1 0 1 1 -1 1 0 1 0 1 0 -1 0 -3 1 0 0 0 -1 -2 -1 -2 0 2 -5 -1 -1 0 0 0 -1 0 0 2 1 1 0 1 0 0 -1 -1 3 -1 -3 1 1 -2 0 1 1 1 0 0 1 2 0 1 0 0 1 0 0 -4 0 0 1 2 1 0 0 0 1 0 0 0 1 -2 0 0 -1 0 0 0 -2 0 1 -1 -1 -1 -1 -1 1 -1 1 -1 1 0 -1 3 -1 0 0 0 2 0 -1 0 1 -1 -4 0 0 0 1 0 -3 -1 1 -1 3 1 -1 -2 -1 1 0 0 -1 -1 0 1 -1 -2 0 1 0 1 0 0 -2 -2 0 0 -1 -1 0 1 2 1 0 0 -1 -1 1 1 -2 0 -1 0 2 0 1 2 0 -2 0 1 0 -1 1 0 0 0 0 -3 1 2 0 0 0 1 0
0 0 -1 0 0 1 0 0 0 -1 0 0 0 1 0 0 -1 0 0 0 0 -2 0 0 -1 0 0 -1 -2 1 1 -1 -1 1 0 -1 1 0 0 0 2 -1 2 -1 0 0 1 -1 -1 -1 1 1 0 0 0 0 0 0 4 0 0 1 0 0 0 -1 0 0 0 0 1 1 -2 0 1 0 0 1 0 0 14 0 -1 0 0 -1 0 -2 0 0 3 0 -1 0 -2 1 1 0 0 0 1 1 1 0 1 0 -2 0 -1 1 0 0 -3 0 0 -1 0 0 0 0 1 -1 -1 -1 -3 -1 0 -1 1 1 0 0 -1 0 1 0 0 1 0 3 0 0 0 0 0 0 -1 2 0 0 0 0 1 0 0 -1 -1 -1 1 -2 -1 1 0 3 -1 0 0 0 0 2 0 -1 0 1 1 0 0 0 -1 0 0 0 1 0 0 -1 0 1 1 0 0 -1 0 0 1 -2 0 0 1 0 0 1 1 0 0 0 0 0 0 0 0 0 -2 0 0 0 0 1 0 0 0 0 0 0 0 1 1 0 1 -1 0 0 0 0 0 0 -1 0 0 0 0 0 0 0 0 0 0 0 -1 -1 0 0 -2 2 0 1 0 1 0 1 0 0 0 0 0 0 0 0 0 2 0 0 0 -1 0 -1 0 1 0 0 0 0 0 0 0 -1 -1 -1 0 -1 2 0 0 0 0 0 0 1 1 1 0 -1 3 0 -2 1 2 1 1 0
0 1 1 -1 0 -1 0 0 0 0 0 -1 0 1 2 1 0 1 1 1 0 0 2 1 0 0 1 0 0 0 0 1 -2 1 2 0 1 0 1 0 1 0 0 0 -1 -3 0 0 0 0 0 0 0 1 0 1 0 0 3 0 0 0 2 0 -1 2 0 0 0 0 -1 0 1 1 -1 1 -2 -2 0 0 0 14 -1 0 0 0 -1 0 1 1 1 0 0 1 1 0 -1 0 0 0 1 -1 0 0 0 0 -1 0 0 0 2 0 0 -1 -1 0 0 1 1 1 0 -1 1 0 1 1 0 0 0 -1 -1 1 1 -1 -1 0 0 0 0 1 0 2 0 0 0 1 0 1 0 2 -1 0 1 0 0 0 2 0 0 -1 0 0 0 1 1 0 -1 0 0 0 0 0 -1 -1 1 -1 0 0 0 -1 -1 1 1 -1 2 1 0 0 0 0 0 1 0 0 -1 1 -2 1 1 0 1 0 0 0 1 0 0 0 0 -1 0 1 1 0 0 -1 1 0 0 0 0 0 1 1 0 0 2 1 -1 0 0 -1 1 -1 0 0 1 1 0 0 -1 1 1 0 -2 -1 0 1 2 1 0 1 1 1 0 0 -1 0 0 -1 0 -1 -1 0 0 -1 0 0 -2 1 0 0 0 1 0 1 0 -1 0 0 -2 2 -1 2 -1 0 0 0 0 0 0 0 0 0 -1 1 -1 1 0 0 -2 0 0 0 -1 0 0 0 0 0
0 0 0 0 0 -2 0 -2 -1 0 1 1 0 1 -1 -1 1 0 -1 1 1 0 2 -2 1 0 1 0 0 1 0 0 2 1 1 1 0 0 0 0 -1 1 -1 0 1 1 0 1 0 2 0 1 1 1 -2 0 0 0 -2 1 0 1 0 -1 2 0 1 0 -2 0 -1 1 -1 0 0 1 0 0 0 -1 -1 -1 23 1 -1 1 -1 0 0 0 2 1 0 1 0 0 -1 0 1 -1 -1 0 -1 -2 2 2 1 -1 2 1 2 -1 -1 0 0 1 0 -1 0 0 0 3 0 1 -2 2 -1 0 0 2 -1 0 -1 1 3 -1 -1 1 -2 0 -2 1 -2 -1 0 -2 0 1 2 0 0 0 1 0 0 -1 2 0 1 1 0 3 0 -1 0 -1 0 -1 0 0 0 1 0 0 -1 1 -1 0 -1 0 1 0 1 0 0 0 1 0 1 -3 -1 0 0 0 0 0 0 0 -1 -1 1 -1 1 1 0 -3 -1 1 0 -2 1 0 -1 0 -1 -3 0 -2 0 2 1 -1 1 1 0 1 -2 0 -2 0 -1 0 -1 -1 -1 -1 0 3 1 1 0 -1 -1 1 -1 0 -1 0 0 1 0 -1 2 -1 0 1 0 -1 1 3 0 0 -1 0 1 1 0 2 1 -1 0 0 1 0 0 -3 -1 0 0 0 1 1 1 -2 1 1 0 -1 -1 -1 0 1 0 -1 0 2 0 1 -1 1 0 -1 0 1 1 -1 0 1 0 1
-1 0 0 1 0 -1 -2 1 0 0 1 0 0 0 0 -1 0 0 -1 0 -1 0 0 0 1 0 0 0 1 -1 -2 1 0 0 0 -1 0 -2 1 2 0 1 0 -1 1 1 0 0 0 2 1 1 0 0 1 -1 1 -1 0 -1 0 3 0 0 -1 -3 -1 0 1 -1 1 1 -2 0 1 0 -1 0 1 1 0 0 1 19 -1 0 0 0 1 1 3 -2 -1 -1 -1 0 0 2 0 1 -3 0 0 0 2 3 0 -1 1 -1 0 1 0 -1 -1 0 0 1 -1 0 0 0 1 -1 0 1 -1 0 0 -1 -1 0 1 0 1 -1 1 0 0 0 0 0 0 0 -2 -1 -1 1 3 0 0 1 1 1 0 0 0 0 0 -1 0 0 1 -1 1 -2 0 3 1 -1 1 0 -1 3 0 0 -1 0 -2 1 0 2 0 -1 1 1 0 1 1 0 0 0 0 0 0 2 0 0 2 0 0 -1 0 0 -1 -3 -3 -1 1 0 -2 0 0 0 1 0 0 2 -1 0 0 0 2 0 -1 0 0 0 0 0 0 0 0 1 0 0 -2 -2 -2 0 -1 1 0 0 -1 1 0 1 -1 -1 -1 -1 -1 0 0 -1 1 0 -2 -1 -1 0 -1 -2 0 0 0 0 0 1 1 -1 2 -1 0 0 0 0 1 0 0 -1 0 0 1 0 -1 -1 0 0 -1 1 -1 0 0 0 0 -2 0 -3 0 0 1 0 0 -1 -2 -2 0 -1
1 0 0 1 0 -1 -1 1 -1 0 0 0 1 0 -2 1 1 -1 0 -1 0 1 0 0 1 0 0 1 1 -1 3 0 0 1 2 -1 0 0 0 1 0 2 1 0 -1 0 0 -1 2 1 1 1 2 0 1 0 0 -2 1 1 1 0 -2 0 1 0 0 -1 1 1 -1 -2 -2 0 1 0 -1 0 -2 -1 0 0 -1 -1 20 2 1 -1 0 1 -3 1 -1 -2 3 0 0 0 0 0 0 0 1 0 0 0 0 0 0 -2 0 0 0 1 0 0 -1 0 0 1 0 4 0 1 2 0 0 0 2 1 0 -1 1 -1 0 -1 1 0 -1 0 1 0 0 0 1 1 0 1 1 -1 0 0 1 -1 0 0 -1 0 2 1 -1 0 0 -2 2 -1 -2 3 1 1 0 0 1 1 0 0 1 0 0 1 0 1 0 -1 0 2 -1 0 3 0 0 0 1 0 0 -1 0 -2 0 1 -1 1 0 -1 0 2 0 -1 -1 -1 2 -2 1 1 -1 2 1 0 -1 1 0 -2 4 1 1 0 -1 0 1 -1 0 0 -1 0 1 0 0 -1 2 0 1 0 -1 2 0 -1 2 -1 1 0 1 2 -2 2 1 1 0 1 0 2 0 -1 0 0 -1 0 0 -1 -1 -2 -2 1 0 0 0 0 -2 0 0 -1 0 -1 -2 0 0 -1 1 2 1 1 1 0 0 1 -1 0 0 -2 1 -1 1 -1 1 -1 0 1 2 -2 0 0
0 0 0 -1 0 -1 0 -2 -3 0 0 0 2 -1 0 0 0 0 0 0 0 -1 1 0 0 0 1 1 1 0 0 0 0 0 1 0 -2 0 0 0 1 1 -1 0 0 0 -1 0 0 0 0 1 0 -1 -1 1 0 -1 0 2 0 0 0 0 0 0 -1 1 0 1 0 2 1 0 0 1 0 1 -1 0 -1 0 1 0 2 13 0 1 0 0 -1 0 0 2 1 -1 0 1 0 0 0 -1 0 -2 1 1 -1 1 -1 1 -1 0 -1 0 0 -1 0 0 0 0 -1 0 1 0 1 2 0 0 1 -1 -1 -2 0 -1 1 0 0 0 -1 -1 0 0 0 1 2 0 0 0 -1 1 0 0 1 0 0 0 0 0 0 0 1 0 0 -1 0 0 0 0 1 -1 0 -1 0 0 0 0 0 1 1 1 2 0 0 0 -1 0 0 0 1 0 -1 0 -1 0 0 -1 0 0 2 1 2 1 -1 2 2 0 0 -1 0 1 0 -1 -1 0 0 1 -1 1 0 1 1 -1 2 0 1 -1 0 0 -1 0 0 1 -1 -1 1 1 1 0 2 0 0 1 -1 2 -1 1 0 -1 0 1 1 0 -1 0 2 1 0 1 0 1 0 0 0 1 1 -1 0 0 1 0 0 1 0 1 0 0 1 0 0 -1 0 1 -1 0 -1 0 -1 0 0 2 -1 -1 0 0 1 1 0 0 1 -1 1 -1 0 2 0 0 -1 0 0 1
2 0 -1 1 0 1 -2 -1 0 1 2 -1 -1 0 0 0 1 0 1 0 1 0 0 0 -1 1 1 1 0 -1 -1 0 1 0 -1 0 0 1 -1 0 -1 0 0 0 1 1 0 1 1 -1 2 0 1 0 0 0 0 2 -1 2 0 1 0 1 0 1 -1 -2 -2 0 1 0 2 1 0 0 0 0 0 0 0 -1 -1 0 1 0 17 0 0 -1 0 0 0 0 -1 -1 1 1 0 0 1 0 -1 0 0 1 -1 0 0 0 -1 0 0 0 0 0 -1 2 0 1 0 1 0 0 0 1 0 1 -1 -1 2 0 0 1 0 -1 0 0 -1 0 0 1 2 0 0 0 1 1 1 0 0 0 0 -1 0 0 0 2 -1 -1 0 -1 -1 0 0 0 1 1 0 0 3 -1 0 -1 0 1 1 2 0 1 1 2 0 0 2 0 0 1 1 0 1 0 0 1 0 0 1 -1 0 0 1 0 -1 0 1 0 -1 -2 2 -1 0 0 -1 2 -1 2 0 1 -1 1 0 0 1 0 0 0 0 2 0 1 1 0 1 -1 0 -1 0 -1 0 1 -1 -1 -1 0 1 0 1 1 0 0 -1 0 0 0 0 0 1 0 0 1 0 0 0 0 0 0 0 0 0 1 0 0 1 -2 -1 1 0 0 0 -1 0 -1 0 0 0 0 0 1 1 -1 0 0 -1 0 0 0 1 -1 -1 -2 2 0 -1 0 0 1 -1 -1 0 1
1 -1 -1 1 0 0 -1 0 -2 0 0 0 0 -1 0 0 -1 0 0 0 0 0 0 0 -1 0 0 0 1 -1 0 0 0 0 -1 0 -1 0 0 0 -1 0 -1 -1 0 0 -1 0 0 0 1 0 0 1 -1 0 0 0 -1 0 -1 0 1 0 -1 1 0 -1 0 0 0 0 0 -1 0 1 -1 0 0 0 -2 0 0 0 -1 1 0 12 0 1 -1 0 0 0 0 -1 0 0 -1 0 0 0 0 2 0 1 0 1 0 -1 0 1 0 0 0 2 1 -1 1 1 1 1 0 0 1 1 0 2 0 0 -1 0 0 0 1 -1 -1 1 0 -2 0 -1 0 0 0 0 -1 1 0 -2 0 0 2 0 1 0 0 0 0 -1 1 1 0 1 0 0 0 0 -1 -2 0 0 -1 0 -2 0 0 0 0 -1 0 0 -1 0 1 0 0 -1 -2 2 0 1 0 -1 -1 1 0 1 0 -1 0 1 -1 1 0 0 0 0 0 -1 0 1 0 0 0 0 0 0 0 0 1 0 0 -1 2 -1 0 0 1 0 0 0 1 -1 -1 0 1 -1 0 1 0 3 -1 0 1 0 0 0 0 1 0 0 0 -1 1 -1 0 -1 1 0 0 0 1 0 -1 0 -1 -1 0 -1 0 -1 0 0 0 0 1 0 -1 0 -1 0 1 -1 1 0 1 -1 -1 0 0 0 0 0 1 0 0 1 -1 -1 -1 1 1 0 0 1 -1 0 1 -1
0 0 0 0 0 -1 0 0 0 0 0 -1 1 0 2 0 -1 -1 0 0 -1 0 -1 0 0 0 0 -1 3 0 0 0 1 0 0 1 0 0 0 0 1 0 0 0 0 -1 0 -1 -1 0 1 0 -1 0 1 0 0 0 0 0 0 0 0 1 0 0 0 -1 1 1 1 0 1 0 1 -1 0 0 0 0 0 1 0 1 0 0 0 0 8 0 0 0 0 1 0 0 1 0 0 3 0 0 0 0 -1 1 0 0 0 0 1 0 1 0 0 0 2 -1 1 3 0 0 0 0 1 -1 -2 -1 0 0 0 0 0 0 0 0 0 0 1 0 1 0 0 0 -1 0 0 0 0 0 0 0 0 0 1 0 -1 0 0 -1 0 -1 0 0 0 -1 0 1 -3 0 0 0 0 -1 0 0 0 0 0 -1 0 0 0 0 0 1 1 0 0 0 0 0 0 0 0 0 0 -1 -1 0 0 0 0 0 0 -1 0 0 0 -1 0 0 -1 0 -1 0 0 0 0 0 0 0 0 0 0 0 1 0 0 -1 1 0 1 0 0 0 0 0 0 1 -2 1 0 1 0 0 0 0 0 -1 -1 0 -1 1 0 1 0 0 0 0 0 -1 1 0 0 -1 0 0 -2 1 0 0 0 0 0 0 -1 0 1 1 0 1 0 2 1 0 0 0 0 1 0 1 0 -1 0 0 1 0 0 0 0 0 0 -1 0 0 0 0 0 0
0 0 1 0 0 -1 0 0 0 0 0 -1 1 0 -1 -1 -1 0 -1 -1 0 0 0 0 1 1 1 0 0 0 0 1 0 0 1 0 1 -3 0 1 0 0 0 -1 0 1 0 0 0 1 0 0 0 0 0 1 1 0 -1 0 0 0 0 0 0 1 0 -1 1 0 0 -1 -1 0 1 0 0 0 0 -1 0 1 0 1 1 0 -1 1 0 10 0 -1 0 -1 1 0 -1 0 0 2 -1 0 2 1 0 0 -2 0 1 -2 -1 0 0 1 1 1 0 1 0 0 1 1 0 0 1 -1 1 1 -1 -2 -1 0 0 1 0 0 -1 0 0 -1 0 -1 0 -1 0 -1 0 -2 0 1 -1 0 0 0 -1 0 0 0 1 0 0 0 0 0 0 0 -2 0 0 0 0 0 0 0 -2 0 -1 0 0 0 0 0 1 0 -2 1 -1 0 -2 0 0 1 0 0 1 0 1 0 0 0 -1 1 0 -1 0 0 1 0 1 1 0 0 1 -1 1 -1 0 0 0 0 -1 0 0 0 0 1 0 -1 0 0 0 0 0 0 -1 1 0 2 -1 0 0 1 0 0 0 0 1 0 0 -1 0 0 0 -1 0 0 -1 -1 -1 1 -1 0 0 0 0 -1 0 0 0 1 0 0 0 0 0 0 1 -1 0 0 0 0 0 0 0 0 2 0 0 -1 0 0 0 0 -1 0 -1 0 0 -1 -2 1 0 0 0 0 0 1 0 0
1 0 1 -1 -1 1 -1 0 0 -2 1 1 1 0 1 -1 1 0 2 2 1 1 -1 0 -1 0 0 0 0 1 3 0 0 3 1 1 0 2 0 2 -1 -3 1 0 1 1 2 1 0 2 0 1 1 1 -1 0 -1 1 -1 -1 1 2 0 -1 0 1 -1 2 0 -1 2 2 0 -1 2 0 0 1 4 -5 3 1 2 3 -3 -1 0 -1 0 0 28 -2 0 1 -1 1 0 0 2 0 1 0 1 -1 0 1 0 0 -1 0 2 1 -1 0 0 0 0 0 1 0 -1 1 -1 1 -1 -2 -2 -1 1 -1 -1 0 0 0 1 0 1 1 -1 1 3 0 1 3 1 2 -2 1 4 0 0 3 -2 0 0 0 0 -1 -1 0 -1 1 1 1 0 0 0 2 2 2 2 1 0 -1 2 0 -1 -3 0 0 0 1 0 -1 1 0 2 2 -1 0 2 0 -3 0 1 2 0 2 1 2 1 -1 1 0 -1 -1 1 0 0 1 -1 2 -2 -1 1 -2 -1 0 3 -1 -1 1 -1 -1 -2 -1 -2 0 1 0 -2 -1 -2 0 0 0 0 4 -1 2 0 0 -1 1 0 2 0 0 1 0 -1 0 2 -1 -2 1 1 -2 0 -1 0 -1 -1 2 2 0 0 2 1 2 -1 0 2 0 1 -1 1 1 0 3 0 -1 1 1 0 1 -1 0 -1 1 -1 0 1 1 0 1 1 1 1 -1 1 1 0 0 1 -1 0 0 0 1
1 0 0 1 0 1 3 0 0 1 0 -1 -1 0 0 2 1 0 0 1 1 0 1 0 0 0 0 0 1 1 1 -1 0 1 2 1 0 0 1 -2 1 0 0 0 0 -1 0 0 -1 2 1 0 0 0 0 -1 -1 1 0 0 0 -1 0 -1 1 0 2 0 0 0 0 0 0 0 -1 0 1 0 1 0 0 0 1 -2 1 0 0 0 0 -1 -2 14 0 0 0 1 -1 0 -1 -1 1 0 0 0 0 0 1 -1 1 0 0 -1 0 0 0 0 -1 1 -1 0 0 1 0 0 0 -1 0 1 0 0 0 0 -3 -1 -1 1 -1 0 0 0 -2 1 -2 0 0 0 1 0 -1 0 -1 0 1 0 0 1 0 0 2 -1 -2 1 0 0 1 0 0 -1 -1 1 -1 0 0 0 1 0 -1 1 -1 0 0 0 0 1 2 2 0 0 0 0 0 0 -1 0 0 0 0 1 0 0 -1 0 0 1 0 1 1 0 0 0 0 2 1 1 0 1 0 0 0 4 0 2 0 1 0 0 0 0 1 1 -2 1 0 0 0 0 0 0 2 -1 2 0 0 0 -1 -1 0 0 0 0 0 0 0 0 0 2 0 0 0 0 0 0 1 0 0 -1 0 -1 0 0 0 0 -1 0 1 0 0 0 0 -1 0 2 0 1 0 0 0 0 0 -1 1 1 2 -2 0 1 1 2 1 0 0 -1 0 0 0 1 1 1 -1 1
-1 0 0 -1 0 -1 0 0 0 -1 0 0 0 0 -1 0 1 0 0 0 0 0 0 0 0 0 0 0 0 0 1 -1 1 0 -1 0 0 1 0 0 -1 -1 1 0 0 0 0 1 -3 -1 0 0 0 -1 0 0 0 0 1 0 0 -1 -1 0 1 0 0 0 0 0 0 -1 -1 0 -1 -1 0 0 0 1 -1 0 0 -1 -1 0 0 0 0 0 0 0 7 0 0 0 0 0 0 0 1 0 -2 0 -1 -1 0 1 -1 0 0 -1 0 1 0 -1 0 0 0 0 0 1 0 0 -1 -1 -1 -1 0 0 0 0 -1 0 -1 1 0 0 0 0 0 0 0 0 1 -1 1 0 0 0 0 1 0 -1 1 -1 0 0 0 0 0 0 1 0 -1 1 0 -1 0 -1 -1 0 0 0 0 0 0 0 0 0 0 0 1 1 0 2 0 0 0 0 0 0 0 0 1 0 -1 1 0 0 0 -2 0 0 0 0 3 0 0 0 -1 0 0 0 1 0 1 0 1 0 0 0 -1 0 0 0 -1 -1 0 0 0 -1 0 0 0 0 0 1 -1 1 0 0 0 -1 0 0 0 0 1 -1 0 0 0 0 -1 -1 -1 -1 0 0 0 -1 1 0 -1 0 0 0 0 0 -1 -1 0 0 0 -1 0 1 0 0 1 0 0 0 0 0 0 1 0 0 0 -1 0 0 1 0 0 0 0 0 0 0 -1 0 0 0 0 1 0 0
0 0 0 1 -1 2 -1 0 -1 0 -2 1 0 1 1 0 0 0 1 2 2 0 0 -1 0 1 1 0 0 -1 0 0 0 2 0 0 -1 -1 0 -1 -1 0 -1 0 -1 -1 1 0 0 1 0 -2 0 0 -1 1 0 0 1 3 0 -2 1 0 0 1 0 2 -2 -1 -1 2 0 0 0 -1 -1 1 -2 -1 0 1 1 -1 -2 2 0 0 1 -1 1 0 0 22 0 1 1 0 0 2 0 0 -1 1 1 1 0 0 0 3 0 0 1 1 1 -1 1 3 -1 3 1 1 0 1 0 1 3 0 0 0 -1 2 0 -1 1 -1 1 0 0 1 1 1 0 1 -1 -1 -1 -1 -2 1 -1 -2 1 0 -1 1 1 0 -1 1 0 2 0 0 -1 0 2 -1 1 0 0 3 0 -1 0 0 1 1 0 1 0 0 0 0 0 -1 2 1 1 0 -1 0 -1 0 0 -2 0 0 1 -1 0 1 -1 1 2 -1 0 -1 0 1 1 0 1 0 1 1 0 0 0 1 0 2 1 0 -2 0 0 0 3 0 0 1 0 0 0 2 1 0 1 -1 -1 1 1 1 0 0 0 -1 0 2 -1 0 1 1 1 1 1 0 0 0 0 2 1 0 0 -1 1 1 1 1 2 3 -1 -1 0 0 2 0 -1 0 0 0 0 0 -1 2 0 -2 1 1 0 1 2 -1 0 1 0 1 1 0 1 2 -1 1 2 0 -1 1 0 -1
-1 -1 0 0 0 -2 0 4 1 0 -1 0 1 0 0 0 0 0 -2 0 1 0 0 0 1 1 -1 0 -1 -1 1 0 0 1 0 -1 -1 0 0 0 0 0 2 3 0 0 0 1 -1 0 3 3 1 1 1 0 0 0 0 -1 0 0 0 0 1 0 0 0 0 0 0 -2 0 -3 0 1 -4 -2 -1 -1 -2 1 0 -1 3 1 -1 0 0 1 -1 0 0 0 20 -1 -1 2 -2 0 -1 0 3 0 1 0 2 0 4 0 0 -2 2 0 0 -1 1 0 0 0 0 2 0 2 1 2 0 0 2 1 0 -2 1 -2 0 0 -1 0 1 0 1 0 0 0 -2 0 0 -1 0 0 0 0 0 1 2 1 0 1 0 -1 -1 -1 0 0 1 0 0 4 1 0 -2 -1 1 -1 1 0 0 0 -1 -1 0 0 -1 -1 0 1 -1 -1 0 0 0 0 1 1 0 0 0 -1 1 0 -1 -1 -1 0 0 0 0 0 1 1 1 1 1 -1 0 1 1 -1 0 0 0 -2 1 -1 0 0 -1 -1 -1 0 0 -1 0 0 0 0 0 -1 -1 0 0 1 -1 0 1 -1 -1 0 0 0 0 0 1 -1 0 0 0 0 0 0 0 0 0 0 0 0 1 -1 0 0 1 1 0 1 0 1 0 -1 0 0 0 0 0 -1 -2 0 0 0 0 2 -1 0 0 0 0 0 1 -4 -1 1 1 0 0 0 1 0 0 1 -1 0
1 0 2 1 0 -1 1 -2 -1 -1 0 1 -1 0 1 0 1 0 2 1 -2 -1 0 1 2 -1 0 1 1 -1 -1 1 0 0 1 0 0 -1 0 1 -1 -1 -1 0 0 0 0 -1 0 0 1 -1 0 0 0 -2 -1 -1 0 -1 0 -1 0 -2 1 -2 0 1 1 0 -2 -1 0 -1 1 0 0 1 0 0 1 0 0 0 0 -1 -1 -1 0 0 1 1 0 1 -1 17 0 0 1 0 0 -1 -1 1 0 -1 0 0 0 0 3 0 0 0 0 2 0 1 0 -1 0 1 1 1 -1 0 1 0 0 -1 0 2 0 1 -1 -1 1 -1 0 -2 -1 0 1 -1 0 -1 -1 0 2 0 0 0 -1 0 -1 1 0 0 0 0 0 1 1 2 1 0 1 -1 0 -1 0 3 0 0 0 1 -1 0 0 0 1 0 -2 0 -1 -1 1 0 -1 1 0 0 1 -2 0 0 0 2 0 1 -1 0 0 0 0 1 2 1 -1 1 0 0 1 -1 0 0 0 0 0 -1 0 1 1 2 -1 1 0 0 -1 0 -1 -1 -1 -1 1 0 1 0 0 0 -1 0 0 0 1 0 0 -1 -1 1 -1 0 0 0 -1 0 0 0 2 1 0 0 0 0 1 -1 0 0 -1 1 0 0 0 0 0 0 2 1 0 0 1 -1 -1 -1 0 1 -1 -1 0 1 -1 0 0 2 -1 0 0 2 0 0 0 1 1 -1 -2 0 -1 1 0 2
0 -1 0 1 -2 0 0 0 0 0 1 0 -1 -1 1 0 2 0 0 0 0 -1 1 0 -1 0 1 -1 0 -2 0 0 1 1 -2 0 1 1 0 -1 0 -1 -1 1 0 0 0 -1 0 -1 1 0 -1 0 0 3 0 0 0 0 -1 -1 0 2 0 0 0 -1 0 0 1 1 -1 0 0 -1 0 1 0 0 1 -1 -1 0 0 0 1 0 1 -1 0 -1 0 1 -1 0 14 0 1 1 0 0 -1 2 -1 0 -1 0 -1 0 0 0 -2 1 -1 2 2 -3 -1 0 0 1 -1 -1 1 -1 1 -1 1 2 0 -1 0 1 -1 0 0 0 -1 2 0 1 -1 -1 0 0 2 1 0 0 0 1 0 0 -1 0 -3 0 0 0 0 0 0 1 0 0 1 0 0 0 1 0 1 1 0 0 2 0 -1 1 -1 1 -1 0 -2 0 0 0 0 2 0 0 0 1 0 0 0 1 -1 0 0 -1 0 -1 0 1 0 -1 -1 -1 0 -1 -1 0 0 3 -1 1 0 0 1 -1 1 0 0 0 0 0 0 -1 0 2 1 1 -1 1 1 0 -1 1 1 -1 2 0 1 0 2 0 -3 0 0 -1 -3 0 0 1 0 0 0 0 1 0 1 3 0 0 0 0 0 0 0 1 1 -1 0 0 2 0 0 0 0 0 1 0 0 0 1 0 0 -1 1 0 1 -2 0 -1 0 0 0 0 0 1 0 -1 -1 0 0 2 0 2
-1 -1 0 0 0 0 0 0 0 0 0 0 1 0 0 0 0 0 0 -1 1 -1 0 0 -1 1 0 0 -2 0 -1 1 0 -1 -1 1 -2 1 0 0 0 0 1 0 0 0 0 1 0 -2 1 1 0 0 1 -1 0 1 -2 0 1 0 0 1 0 -1 0 0 0 0 -2 0 0 -2 -1 0 0 0 1 2 0 0 0 2 0 1 1 0 0 0 0 0 0 0 2 0 0 12 0 1 -1 0 0 0 0 0 0 0 0 0 0 -1 0 0 0 2 -1 0 0 1 -1 1 0 0 0 2 0 -1 0 1 -2 -1 1 1 0 1 1 0 0 0 -1 0 -1 -1 0 1 0 0 0 0 0 0 0 0 1 0 0 0 1 0 1 0 2 0 0 0 -2 0 1 -1 0 -1 -1 0 0 0 0 0 0 0 0 1 0 1 0 0 1 1 0 -1 0 0 0 0 0 1 1 -1 0 -1 -1 1 0 0 2 0 -1 -1 0 0 0 1 1 0 0 0 0 1 1 1 0 -1 1 -1 -1 -1 0 0 -3 0 1 0 0 0 -1 0 0 -1 0 0 0 0 -1 0 -1 0 -1 1 0 0 -1 0 -2 0 0 0 0 1 1 0 0 0 0 0 0 0 0 0 0 2 0 0 0 -1 -1 0 1 2 0 0 0 0 0 1 -1 0 0 0 0 0 0 0 0 0 0 0 -1 1 0 1 -1 1 0 0 0 0 -1 -1 0 0
-1 0 0 0 -1 0 -1 0 1 -2 0 3 1 -1 1 -1 0 -1 -1 0 -2 1 -2 -1 1 1 1 2 1 0 0 2 0 -1 0 0 0 0 -1 1 -4 1 -1 0 0 0 0 2 0 -1 1 0 0 1 -1 1 -1 1 0 1 0 1 0 0 0 1 1 -2 -2 1 0 0 0 1 0 0 0 -2 0 0 0 0 1 0 0 0 0 -1 0 0 2 -1 0 0 -2 1 1 0 17 -1 0 1 -1 0 0 0 1 0 -1 1 0 0 -2 0 0 2 -1 0 -1 0 1 3 0 1 0 0 1 1 4 2 1 -1 -1 3 0 -2 1 1 -1 0 2 0 1 0 -1 -1 -1 -1 0 0 1 0 2 -1 1 0 1 1 -1 3 0 1 1 0 0 0 0 0 1 0 -1 0 2 0 0 0 0 -1 -1 0 -1 -1 0 0 0 -2 -2 0 0 -2 0 1 -1 -1 0 0 1 -1 1 1 1 1 0 0 -1 1 2 0 2 0 0 0 -1 -2 0 0 -1 0 3 0 0 1 0 0 0 -1 0 1 -1 -1 -1 0 -1 0 1 0 0 -1 0 2 0 -3 0 0 0 1 1 0 2 0 1 2 -1 0 -1 0 0 0 0 0 0 0 0 1 -2 0 0 1 0 0 -1 0 0 -1 -1 2 0 -1 0 1 3 -1 0 0 0 0 1 0 0 -1 -1 0 0 0 -3 1 1 1 0 1 1 1 1 0 0 -1 1 3 0 -1
0 0 1 0 0 -1 2 1 1 0 0 -1 2 0 0 0 -2 -1 0 -2 1 0 0 0 0 0 2 -1 1 -1 0 -1 3 -1 -1 2 1 0 0 0 0 0 0 -3 -2 0 0 0 -1 0 0 0 -2 0 2 0 1 0 -1 0 -1 0 1 -1 0 1 0 1 1 1 0 1 1 -1 2 -2 1 1 0 -1 0 0 -1 1 0 0 0 0 3 2 0 -1 0 2 0 0 1 1 -1 17 -1 0 1 1 1 1 -1 0 1 1 0 0 3 2 0 0 1 0 0 2 0 1 0 -1 1 1 0 0 0 1 1 -1 2 1 0 0 0 0 0 1 1 -1 -1 -1 0 0 0 0 0 1 0 1 0 1 -1 0 -1 1 1 0 -1 0 0 1 0 0 -1 -1 0 0 0 1 -1 -1 0 0 1 -1 -1 0 -2 0 0 2 -2 -1 2 -1 2 2 0 1 -1 1 0 0 0 0 1 1 -1 2 0 -1 1 0 0 -1 0 -1 -2 1 -1 -1 0 1 0 0 0 0 1 -2 1 1 0 0 0 0 0 0 1 0 3 0 0 0 -1 1 0 1 -1 0 1 0 -1 0 0 -1 0 0 1 0 -1 0 -1 -2 0 0 0 1 0 0 0 2 0 -1 1 0 1 0 1 1 0 0 1 0 2 1 2 0 0 0 1 0 -1 0 1 -1 -1 -1 -1 1 0 1 0 0 0 2 1 1 0 2 -1 0 0 1 0 0 -1 -1
-1 2 1 0 0 2 1 -2 -1 0 1 2 -1 -1 1 1 -2 1 1 2 2 0 0 0 0 0 -1 1 0 2 0 0 -1 1 3 1 0 0 0 -1 1 -1 1 -1 0 -1 -1 -1 0 0 1 1 1 0 -1 1 0 1 -1 -2 -1 1 0 0 -2 2 -2 0 0 0 -1 0 0 0 1 1 -1 2 0 2 1 1 -1 -3 0 0 1 0 0 -1 1 1 1 0 -1 0 0 -1 0 -1 23 0 1 -1 -2 -1 -1 0 0 0 -1 0 0 0 -2 0 -1 0 -1 1 -1 -1 1 0 -2 1 -1 1 0 0 1 0 1 0 1 0 1 1 -1 1 1 0 -1 0 1 2 0 0 -1 -2 -2 0 -2 1 -2 0 1 0 0 0 -1 0 1 0 1 0 0 -1 1 1 -1 0 1 0 1 -2 0 0 3 -1 1 0 0 0 0 0 0 1 -2 0 0 1 -1 -1 2 0 1 2 0 0 1 -1 0 0 0 1 -1 1 -1 0 0 1 -1 0 -1 0 1 -1 1 1 1 -1 0 -1 1 -1 1 2 2 0 0 0 -1 2 -2 -1 0 -1 0 1 0 1 0 0 -1 1 0 0 2 0 0 -1 0 1 0 -1 0 0 0 1 0 2 1 0 1 3 -2 1 0 0 0 -1 1 0 -1 -1 0 1 -1 0 1 1 0 0 1 0 0 1 1 1 2 -1 -1 -1 1 1 1 0 -2 0 0 0 1 -1 0 1 0 -1 2 1
1 0 -2 0 -1 1 2 2 1 0 0 0 -1 0 0 0 -1 0 -2 0 0 0 -1 -1 0 0 -1 -1 0 1 0 -1 0 -2 1 0 0 2 0 1 -1 -2 -1 1 -1 1 1 -1 0 2 0 1 0 0 -1 0 0 1 1 0 0 2 0 0 0 0 0 -1 0 -1 0 2 0 1 -2 0 0 0 0 0 1 -1 0 0 0 -1 0 0 0 0 0 0 0 0 0 -1 0 0 1 0 0 19 0 0 -2 1 0 2 0 1 0 0 0 1 0 1 -1 0 0 1 2 -1 0 1 -1 0 1 0 1 0 0 0 0 -1 -1 -1 -1 -1 0 1 0 1 0 0 1 -3 0 -1 -1 1 0 0 2 -1 0 -1 1 -1 0 1 0 0 1 -1 -1 1 1 0 0 0 1 1 0 0 0 0 1 -1 0 -1 -1 0 0 1 1 0 0 -1 0 -2 0 0 1 1 2 0 1 -1 1 -1 0 0 -1 0 0 0 0 0 1 0 -1 1 -2 -2 0 -2 -1 -2 0 -1 -2 1 0 0 0 0 -3 1 2 0 0 -2 0 2 0 0 0 1 1 0 -1 -2 -1 0 0 1 -1 -1 0 -1 0 1 0 0 1 0 0 0 -1 0 0 0 0 -2 0 1 0 1 1 0 0 0 1 0 -1 1 0 0 0 0 0 1 -1 -1 0 -4 1 -1 1 1 3 1 0 -3 1 0 0 0 1 0 0 0 1 2 -2 -1 0 0 1 -1
0 2 0 1 0 1 -1 0 2 0 -1 -2 3 1 1 0 -1 0 -1 -1 0 1 1 1 1 0 0 0 -1 0 0 1 0 1 1 0 1 0 1 0 1 0 -1 -2 0 0 0 0 0 0 0 1 1 0 -1 0 2 -1 0 -1 0 1 2 0 1 1 -1 2 1 0 1 0 2 -1 2 1 -1 1 0 -1 1 0 -1 0 1 0 -1 0 0 2 1 0 -2 -1 3 -1 -1 0 -1 1 1 0 23 -1 2 2 0 0 3 2 -2 0 -1 2 0 0 1 3 0 0 0 1 0 0 2 -1 -1 1 -1 0 0 0 0 0 1 -3 2 1 -1 0 -1 2 0 -1 0 1 1 -1 0 1 0 1 0 1 -1 2 -1 2 0 -1 0 -1 0 -1 -2 2 -1 -1 0 0 1 -1 0 0 1 1 0 1 -1 0 -2 0 0 -1 0 -1 0 2 0 0 -1 1 1 -1 0 1 -1 1 1 -1 2 2 0 -2 0 -3 -1 -1 0 3 0 0 0 -1 -1 0 -1 0 1 -1 -1 1 0 0 2 -1 1 0 1 0 1 1 -2 0 1 0 0 4 -2 1 -1 1 0 1 -1 1 0 0 -1 2 0 0 -1 3 0 0 1 2 -1 -1 2 2 0 -2 2 0 0 0 1 1 0 0 0 0 0 2 2 0 1 -1 1 0 0 0 -1 1 0 -1 0 2 0 0 0 2 -1 1 0 0 0 -1 0 2 1 1 1 -1 1 1 0 0
0 -1 -1 1 1 -1 0 0 0 0 -1 0 0 1 0 0 1 0 0 0 0 -1 -2 -1 1 2 -1 -2 0 -1 -1 0 0 0 -2 0 2 1 -1 1 1 0 2 0 0 1 0 0 1 2 2 -1 -1 1 -1 1 1 -1 -1 0 0 0 1 0 1 1 -1 0 1 -1 -1 0 0 0 -1 -1 0 0 0 0 0 0 -2 0 0 -2 0 2 0 1 -1 0 0 1 0 1 2 0 0 1 -1 0 -1 19 -1 1 2 -1 -1 -2 2 1 0 0 -2 1 1 -1 0 1 1 -1 0 0 0 -2 1 1 0 0 0 -1 1 -1 -1 0 0 -1 0 0 0 1 -1 1 0 -1 3 0 -1 0 0 -1 0 -1 1 1 0 0 1 -1 -1 -1 0 -1 0 0 1 -1 0 1 0 1 0 1 0 0 2 1 0 0 0 2 -1 0 -1 0 0 0 -1 2 0 1 0 -1 0 0 0 0 0 -1 0 2 2 -1 -1 0 -1 -1 0 0 0 0 0 0 0 1 0 1 0 0 1 0 1 0 1 1 0 0 0 0 1 0 0 -1 -2 0 -1 -1 2 -1 -1 1 0 0 0 0 2 1 0 -1 3 -1 -1 0 -1 -1 0 1 0 0 0 2 1 2 -4 0 0 0 -1 -1 0 2 0 1 0 0 1 1 -1 1 1 0 1 1 1 0 1 1 1 -2 0 1 0 1 0 -1 -1 0 0 0 -1 2 0 0 2 2 1 -1 0 -1
0 -1 0 -1 -1 0 -3 1 1 1 0 2 1 0 0 1 0 0 0 0 0 0 0 0 0 1 0 0 0 0 0 1 2 0 -1 0 1 0 0 1 2 -1 1 0 0 3 0 0 -2 -1 0 0 0 0 0 1 -1 0 0 0 0 -2 0 -1 -1 -2 -2 0 0 -1 0 1 0 0 0 2 1 0 1 -2 1 0 2 2 0 1 0 0 -1 0 0 0 -1 1 1 0 -1 0 0 1 -2 -2 2 -1 20 -1 0 -1 1 0 -2 1 1 0 0 -2 -1 1 1 0 -1 2 -1 0 -1 2 1 1 0 -1 -1 0 1 1 -1 -2 0 0 -1 1 1 0 -1 1 0 0 1 1 -1 -1 1 -1 0 -1 0 0 0 1 0 0 -1 2 0 1 -1 0 0 0 1 0 2 0 0 0 0 1 0 1 -1 0 0 1 2 0 -1 0 0 1 1 0 0 1 0 -2 -1 1 0 -2 1 -1 0 1 1 -1 -2 -4 -1 -1 1 0 0 -2 1 1 -1 -1 1 0 -1 1 1 1 0 -1 -1 1 -1 0 -1 -1 -1 1 1 0 1 0 0 1 0 -1 1 0 0 0 -2 -1 1 0 0 3 2 0 0 2 0 -2 3 0 0 1 0 -1 0 1 1 0 0 1 3 0 1 0 0 1 0 -3 1 0 -1 0 1 -1 1 -1 0 1 1 -1 -1 -1 -1 1 0 1 -1 0 0 -1 0 2 0 0 1 3 -2 -2 -1 0 0 -1
1 0 0 1 0 0 -2 1 -1 0 1 0 -1 1 0 0 0 0 0 0 0 0 4 1 -2 1 2 -1 -1 0 -1 1 0 0 1 0 0 0 1 1 0 1 -1 -2 -1 0 -1 0 1 1 2 1 0 0 0 0 0 0 1 1 0 2 0 0 1 1 0 1 0 -1 0 1 0 1 -1 0 -1 2 0 0 0 0 2 3 0 1 1 1 1 0 1 0 -1 1 0 -1 0 0 0 1 -1 1 2 1 -1 17 0 -1 0 1 0 0 0 -1 -1 1 0 -1 -1 1 1 0 0 -1 0 -1 0 0 0 0 -1 0 -2 2 1 0 3 -1 1 0 1 -1 0 0 0 1 -1 0 0 1 -2 -1 -1 1 1 0 0 0 0 0 0 0 0 -2 0 0 1 2 2 0 -1 -2 0 0 -1 0 -1 0 1 0 0 1 0 -1 0 0 2 1 2 0 1 1 0 0 0 0 0 0 2 -1 0 -1 0 0 0 -3 -1 2 0 -1 0 0 0 1 0 1 0 0 0 3 1 0 2 0 1 0 0 0 -1 0 -1 0 0 2 0 0 0 -1 0 -1 0 2 0 0 0 1 0 2 0 0 0 1 -2 0 2 -1 0 0 0 0 0 0 0 0 0 -1 0 0 0 0 2 0 -1 0 0 0 1 -1 -1 0 0 -1 2 0 0 0 0 0 0 1 0 1 0 0 0 1 -1 -1 1 -2 1 -1 0 1 -1 2 0 -1 0 0
0 -1 0 0 0 -1 0 0 1 0 0 4 0 0 0 1 0 -1 -3 0 0 0 0 -1 0 1 -3 1 1 0 0 0 0 1 0 0 -1 0 0 0 1 0 1 1 0 0 -1 0 1 3 0 1 0 3 0 -1 0 -1 2 1 1 -1 0 0 0 -1 1 -1 0 0 0 -2 1 0 1 0 1 0 1 0 -2 -1 1 0 0 -1 -1 0 0 -2 0 1 0 0 2 0 -1 0 1 -1 -1 0 0 2 0 0 19 2 1 1 0 0 -1 1 -2 0 -1 -1 0 -1 -1 1 0 0 0 0 1 1 0 2 1 0 -1 1 -1 0 0 1 -2 0 0 3 0 0 -2 0 1 1 -1 0 4 0 -1 0 1 2 0 0 1 0 0 1 0 -2 0 1 1 2 0 -2 -1 0 0 0 2 0 1 0 0 -2 0 0 1 0 1 0 0 0 0 1 0 0 2 -1 -1 0 -1 0 -1 0 0 -1 -1 1 1 -1 -1 -1 2 0 0 1 -2 1 0 0 0 0 0 -2 1 2 2 0 0 0 0 -1 0 2 1 0 0 0 0 -1 0 0 0 0 1 -1 2 0 0 1 -1 1 -1 1 0 -1 -1 -1 0 0 1 0 0 -1 0 1 0 1 -1 -1 1 1 -1 1 -1 -2 -1 0 1 1 0 1 1 0 0 1 0 2 1 -1 0 0 1 3 -1 2 1 0 1 1 1 0 -1 0 3 1 0 -1 1 1 0 -2 -1 1
-1 0 0 1 0 -1 -2 -1 -1 -1 0 0 0 -1 0 1 0 0 1 0 0 0 0 1 -1 0 -1 0 0 0 1 1 0 0 0 0 0 -2 1 0 0 0 -1 1 0 1 -1 2 0 0 -1 0 -1 -1 -1 0 0 0 1 0 -1 0 -1 0 0 0 0 0 0 0 0 -1 0 0 0 -2 0 0 0 1 0 0 -1 -1 0 1 0 1 0 0 0 -1 1 0 0 0 0 0 0 0 0 2 0 -1 -1 -1 2 14 -1 -2 1 1 0 1 -1 0 1 0 0 -1 0 0 1 0 0 0 0 -1 0 0 1 1 1 0 0 0 1 -1 -3 0 0 1 1 0 -2 -1 0 2 0 -1 2 1 0 1 1 -1 1 0 0 0 0 -1 0 0 0 1 0 -2 0 0 0 0 0 0 1 1 1 0 0 -1 0 -1 1 0 0 0 1 0 0 0 -1 0 1 0 0 0 -1 1 -1 1 -1 -1 -1 2 1 1 0 -1 1 0 0 1 0 -1 1 1 1 -1 0 -2 1 1 -1 0 1 0 1 0 0 0 1 0 0 2 0 -1 1 1 0 1 -1 0 0 0 0 2 0 0 0 -1 -1 0 0 -1 0 -1 0 -1 0 1 0 0 1 0 -1 1 -1 0 1 1 -1 0 -1 1 0 0 -1 1 1 0 0 1 -1 -1 0 0 0 0 0 2 0 -1 0 0 1 0 1 0 -1 0 0 2 0 0 -1 0 0 -1 -1 1
-1 0 0 0 0 0 1 0 1 0 1 -1 1 0 0 0 1 0 0 0 -1 0 1 1 0 -1 0 0 1 -1 1 1 -1 -1 1 3 0 1 0 -1 1 0 1 1 0 0 0 1 1 -2 2 1 0 3 0 -1 0 0 -2 1 0 1 -1 -2 3 1 -1 0 1 0 1 0 1 -1 2 0 1 0 0 -3 -1 0 2 1 0 -1 0 0 0 1 -1 1 -1 0 4 0 -1 0 -1 1 0 0 3 -1 1 0 1 -1 20 -1 0 -1 1 0 0 -2 0 0 -2 0 2 2 -1 -1 1 1 0 2 0 -3 1 0 1 1 2 0 0 1 -1 -1 0 0 -1 0 -1 0 2 1 1 1 -1 0 -1 0 1 0 0 1 -1 -1 -1 0 0 0 2 -1 0 1 0 2 0 0 0 -1 0 0 -1 -2 -1 1 1 0 0 0 0 0 -2 0 0 0 0 1 -1 0 0 0 -1 0 1 -1 1 1 -1 -1 1 0 -1 0 1 0 0 1 1 -2 -1 1 2 1 -1 -1 1 2 -1 1 0 0 1 2 0 0 0 0 0 3 1 0 1 1 0 2 1 0 0 0 0 -2 0 0 -1 2 0 -1 1 0 0 1 1 0 -2 0 0 2 -1 -1 1 -2 0 -1 -1 0 1 -1 0 0 0 1 0 0 1 -1 0 -2 -1 0 0 0 0 0 -1 0 1 1 0 -1 0 0 0 1 1 -1 1 0 2 0 0 -1 0 1 -1 1
0 1 1 0 0 1 1 0 -1 0 0 0 0 -1 -1 0 -1 1 -1 0 1 2 1 0 -1 0 0 1 0 0 0 0 0 1 -3 0 0 1 0 -1 2 0 -2 -2 0 -1 1 0 -2 1 0 -1 1 0 -1 0 -1 -1 1 1 0 1 0 0 0 0 1 0 -1 0 1 3 1 0 1 -1 0 3 0 -2 1 0 1 -1 -2 1 0 -1 0 -2 0 0 0 3 0 0 0 0 1 1 0 1 2 -2 0 1 1 -2 -1 18 0 -1 1 1 0 -1 1 1 1 1 0 0 0 0 1 0 0 -1 -1 2 -1 1 -1 -1 0 0 1 1 0 1 1 0 0 -1 1 -2 -1 1 0 0 0 1 1 1 0 -1 2 0 0 2 1 1 0 0 0 1 1 1 0 -1 0 -1 0 0 2 0 0 -1 0 -1 0 0 -1 0 0 -1 1 0 1 0 1 -2 0 1 0 0 0 0 1 -1 1 0 0 0 2 0 0 1 0 0 0 2 0 0 0 0 0 0 1 0 1 0 1 0 1 -2 0 1 2 -1 0 0 -2 -1 1 1 0 -1 -1 0 1 1 0 0 0 0 -2 0 -1 0 -1 0 1 1 1 0 -1 0 0 2 1 0 0 0 1 -2 0 -1 1 0 0 -1 0 0 0 0 1 -1 -2 1 0 0 1 0 -1 0 -2 0 0 -1 0 0 0 -1 0 1 -1 0 0 -1 1 -1 0 1 -1 1 0 0 0 0
0 0 0 1 1 -1 1 0 0 0 0 -1 -1 -2 3 0 3 2 1 0 1 0 0 0 0 0 -1 -1 -1 1 0 0 0 0 0 0 0 6 0 0 -1 0 0 0 0 -1 0 0 -1 3 1 -2 1 0 -1 -1 -1 -1 0 0 2 0 1 0 -2 0 1 0 0 1 -1 0 1 0 1 -2 -1 0 2 -1 0 2 2 0 0 -1 -1 0 1 -1 2 0 0 0 0 3 0 0 0 0 -1 0 -2 2 -2 0 0 1 0 0 18 0 0 1 0 1 0 -1 0 0 1 -1 0 2 1 -2 -1 -1 0 1 0 1 1 -1 2 0 0 -1 -1 -2 -1 -1 0 1 1 -2 -1 0 1 0 0 1 0 0 1 0 2 0 0 0 0 0 0 0 3 -2 0 0 0 -1 0 1 1 0 0 -2 -1 -1 -1 0 1 1 0 0 2 1 0 0 1 0 0 2 -1 0 0 0 0 0 0 1 0 -1 0 0 0 1 2 1 0 -1 1 0 0 1 0 1 0 2 1 -1 0 0 1 0 0 0 1 2 -2 0 0 -2 0 1 -1 0 0 1 0 0 -1 0 0 2 2 0 0 0 1 0 -1 0 0 2 1 1 1 0 0 1 -1 -1 -1 0 0 0 0 0 -1 -1 -1 0 1 0 1 -2 0 0 1 2 0 2 2 -1 1 0 0 0 0 1 0 1 0 2 1 1 1 1 0 1 0 0 0 -1 1 0 0 1 0 1
1 1 0 1 0 0 0 2 0 1 0 -2 0 0 1 0 0 0 0 0 0 0 0 0 0 0 -1 0 1 -1 0 1 -1 0 -1 -1 0 0 0 2 -1 0 0 1 0 1 0 -1 0 0 -2 -1 0 1 0 0 0 0 0 0 1 -1 0 0 0 0 -1 0 0 0 1 0 1 -1 0 1 1 0 1 0 0 0 -1 1 0 0 0 1 0 0 1 -1 -1 0 -2 0 0 -1 0 0 0 0 0 1 1 0 0 1 -1 -1 0 12 0 0 -1 0 1 0 0 1 -1 0 2 1 0 0 0 0 -1 0 0 1 1 -1 0 1 0 0 -3 0 0 0 1 0 0 0 0 0 0 -1 -1 -1 0 0 0 0 0 0 0 1 0 -1 -1 1 0 0 0 -1 0 -2 0 0 0 1 0 0 0 0 1 0 0 -1 -1 0 1 -1 0 0 0 1 0 0 -2 -1 0 0 0 -2 1 1 0 1 0 2 -1 -1 -1 1 0 0 1 0 0 0 0 0 0 0 0 0 0 1 -2 0 0 1 1 0 0 0 1 0 0 1 1 1 0 0 0 1 0 -1 1 0 0 0 1 1 -1 1 1 0 0 0 0 0 1 1 0 0 0 0 0 0 0 0 0 0 -1 0 1 2 0 1 0 0 0 0 0 0 0 0 0 -1 1 1 0 -1 1 0 -1 -2 -1 1 1 -1 0 0 0 -1 1 0 0 0 1 -1 0 1 0 0
1 0 0 0 1 0 0 2 1 2 0 0 -2 1 0 0 0 0 1 0 0 1 1 0 -1 0 1 -1 -1 0 0 0 0 0 0 0 0 -1 0 0 0 1 1 1 -1 0 0 1 0 0 0 0 0 0 0 0 0 0 -1 0 0 -1 0 0 0 0 -1 1 1 -1 0 0 1 0 0 -1 -1 -1 0 0 -3 0 -1 0 0 -1 0 0 1 0 -1 0 0 1 2 0 -2 0 -2 3 0 0 -1 0 1 0 -1 0 1 1 0 0 12 1 0 -1 2 0 1 2 -1 0 1 1 0 0 -1 0 0 -1 0 0 3 0 0 -1 0 -1 0 0 1 0 -1 -1 0 1 0 -2 0 0 0 0 -1 1 0 0 -1 0 0 0 0 -1 0 -1 0 0 1 0 0 1 -2 0 0 -1 0 0 0 0 1 0 -1 0 -2 0 0 0 0 -1 0 2 1 0 0 0 0 2 0 0 -1 0 -2 -2 1 0 0 1 0 0 0 -1 0 0 1 1 0 -1 1 -2 -1 0 0 0 0 0 0 0 0 0 -1 -1 0 -1 1 -1 0 1 0 0 0 0 0 -1 1 -1 0 1 0 0 0 0 0 0 2 0 0 -2 0 0 0 0 0 0 0 0 0 0 1 0 0 0 1 1 0 1 0 0 -1 -2 0 0 0 -1 0 -2 0 0 0 0 0 -3 0 0 0 0 0 -1 -1 -1 0 0 0 0 0 0 1 -2 0 -2 0 0
0 2 -1 0 1 0 1 1 1 0 0 -1 0 0 2 1 -1 -2 -1 -1 1 0 1 0 0 0 2 -1 0 1 0 0 1 0 -1 1 0 2 -1 1 1 0 0 0 0 1 -1 0 1 1 0 1 -1 -1 -2 0 0 0 1 1 0 -1 1 0 0 0 1 1 0 -1 1 0 1 0 0 -1 0 1 1 0 0 -1 0 -1 1 0 0 0 0 1 0 0 1 1 0 0 1 0 0 2 0 1 2 0 0 -1 1 1 0 1 1 0 1 20 0 0 0 0 0 1 1 2 0 1 1 1 2 0 0 2 0 0 0 0 1 0 2 -1 1 -1 0 1 0 0 -1 0 2 -1 0 0 0 2 1 0 1 1 -1 0 1 0 0 0 1 0 -1 1 -1 0 0 0 0 1 1 -1 2 0 0 -1 0 -1 1 0 0 2 0 1 2 1 1 -1 -1 0 0 1 0 0 0 1 -1 0 -1 0 0 1 0 1 1 0 0 0 0 0 -1 1 -1 2 0 0 0 0 0 0 0 0 1 0 0 0 2 -1 0 1 -1 1 0 0 0 3 0 1 0 -1 -1 0 3 1 3 0 1 1 -2 0 2 2 0 1 1 1 0 1 0 0 1 0 1 1 0 0 3 0 -1 0 1 -1 0 -2 0 0 2 0 0 0 -1 0 2 0 2 0 -1 0 0 0 0 0 -1 0 0 -1 0 0 0 1 0 1 2 1 0 0 0 0
1 1 0 2 -1 1 1 0 0 0 -1 0 0 0 -1 0 0 0 0 -1 2 0 -1 0 2 0 0 0 -1 1 0 -1 0 0 0 2 0 0 1 0 0 0 0 0 0 0 1 1 -2 0 1 0 0 1 1 0 -1 1 0 1 -2 1 0 -1 1 0 0 0 0 0 0 0 0 0 -1 0 0 1 0 0 0 -1 0 -1 0 0 0 0 0 1 0 0 0 1 0 0 -1 0 0 0 -2 0 0 -2 0 -1 -2 -1 0 0 0 -1 0 0 10 0 0 3 0 0 0 0 -1 0 -1 0 1 0 0 0 0 0 -1 0 1 0 -1 0 0 0 1 0 0 1 0 0 0 0 1 0 0 0 -1 -1 1 0 -1 0 -1 0 0 0 0 2 0 0 0 0 0 1 0 1 0 0 -1 0 0 0 -1 0 1 0 1 0 0 1 0 0 2 0 0 0 -1 1 1 0 1 -1 -2 0 0 1 0 0 1 2 1 0 0 2 0 -1 0 0 0 0 -1 0 0 0 -1 -1 0 -1 0 1 0 0 0 0 0 0 0 0 0 2 1 1 0 0 1 1 0 0 1 0 0 -1 -1 -1 0 0 0 0 1 -1 0 0 0 0 0 0 -1 3 1 0 3 1 1 0 0 1 0 0 0 0 -1 1 0 0 1 0 0 1 -1 0 0 0 1 1 0 0 0 0 0 0 3 -1 0 1 1 0 0 0 0 0 0 2 0 0
0 0 0 1 0 0 0 0 0 1 1 3 -1 0 1 0 1 0 0 0 -1 -3 1 1 0 1 1 0 0 1 -1 2 0 0 2 0 -2 0 1 0 -3 0 0 1 1 1 0 0 0 -2 0 1 1 2 0 -1 0 0 0 -1 1 1 0 0 0 0 1 0 0 0 0 1 1 1 0 -1 -1 -1 0 0 -1 0 1 0 0 -1 0 2 0 1 0 0 -1 -1 -1 2 2 2 2 0 0 1 0 1 -2 1 0 0 -2 -1 1 0 -1 0 0 21 0 0 0 1 0 0 0 1 0 0 0 1 1 0 -2 2 -1 2 -1 2 0 1 -1 -1 0 0 -1 -1 0 2 0 1 3 0 0 1 -1 0 -1 0 -2 0 0 1 0 2 1 0 0 0 1 0 0 -4 0 1 0 1 -1 -1 0 0 0 0 0 1 -1 -1 1 -1 -1 -1 0 0 0 1 0 0 -1 0 1 0 1 1 -2 2 -1 1 1 0 -1 1 1 0 1 1 0 0 -1 1 -1 0 1 0 0 0 -1 0 1 1 0 1 0 0 1 0 -1 0 -2 1 1 -1 1 1 0 1 0 0 1 0 0 0 2 0 0 2 -2 -1 2 1 0 1 -1 0 -1 0 0 1 -1 0 0 0 -1 0 0 0 1 -1 0 1 1 2 0 -1 0 0 0 0 2 0 1 0 0 1 0 1 0 0 2 1 -1 0 0 1 -1 1 -1 -1 -1 2 0 1 0 1
0 -1 -1 0 1 1 -2 -2 1 1 0 0 1 0 0 -1 2 2 0 0 -1 -2 1 0 0 -1 0 0 1 -2 0 0 0 1 -1 0 1 0 1 1 0 0 0 0 0 1 1 0 -1 -1 0 0 0 0 -2 0 -1 -3 1 0 0 0 0 0 0 0 0 2 1 1 1 1 0 -1 1 0 -1 0 0 1 0 0 0 0 -1 0 -1 1 2 0 0 -1 0 1 1 0 2 -1 -1 1 -1 -1 1 1 -1 0 -1 1 0 1 0 1 2 0 0 0 16 0 1 1 1 1 0 0 4 0 -1 -2 0 1 1 0 1 -1 2 -1 0 0 -2 0 1 -2 0 3 -1 -1 0 2 1 -2 0 1 0 1 1 1 -1 0 0 -1 1 0 0 2 0 0 1 0 0 -2 0 0 0 -1 -1 0 0 1 0 0 -1 -1 -2 0 0 -1 0 0 0 2 0 0 0 1 0 0 -2 0 1 0 0 1 0 0 1 0 0 0 0 -1 0 1 0 0 1 1 1 0 0 -1 1 0 0 0 2 0 1 -1 1 -3 0 0 1 0 0 1 0 3 -1 0 0 2 0 0 0 1 0 1 -1 1 -2 1 0 -1 0 3 0 -1 0 0 -1 0 0 2 0 0 0 0 0 0 2 1 -1 0 0 1 0 -2 0 -1 0 0 1 -1 0 0 0 -1 1 0 -1 0 0 0 0 -2 0 2 0 1 -1 0 -1 -1 0 0 0 0 0 1
0 1 -1 1 -1 2 1 0 0 1 -1 0 -1 -1 1 0 -1 0 1 2 1 0 0 0 2 2 0 0 -1 1 -1 1 0 0 0 0 1 -1 0 1 0 2 1 1 0 0 0 1 0 -1 -1 -1 -1 0 3 1 -1 2 1 1 -1 2 0 -1 0 0 0 0 -1 0 1 0 2 0 0 0 0 1 0 1 0 1 -1 1 0 0 2 -1 -1 1 0 1 0 3 0 1 -3 0 0 0 0 0 3 -1 1 -1 -1 0 0 1 -1 0 0 0 3 0 0 20 0 0 0 0 1 1 0 1 1 2 1 0 0 0 0 0 2 0 1 0 -1 -1 1 0 3 1 0 1 1 1 0 1 0 -1 0 0 2 0 2 0 1 1 0 2 -1 -1 -1 1 2 0 0 2 0 1 0 2 0 0 0 2 1 0 0 0 2 0 1 0 0 1 1 1 -1 0 -1 1 1 -2 1 -2 1 0 0 2 0 0 2 0 1 0 0 2 -1 0 0 0 -2 2 0 -2 0 0 -1 0 0 0 2 0 0 0 2 2 2 1 0 1 1 1 0 1 1 -1 -1 2 1 0 1 0 0 -2 -1 0 2 1 2 -1 1 -1 0 0 1 -1 0 0 0 1 -1 0 2 -1 1 2 0 0 0 -2 1 0 0 1 0 0 1 -1 -1 -2 -1 0 0 -1 1 1 0 0 1 1 1 -1 -1 -1 0 0 0 0 0 2 0 0 0 -1 0 0
0 0 0 -1 -1 0 -1 0 0 2 0 -1 1 0 2 -1 1 0 0 1 0 0 -1 1 1 1 0 0 1 1 1 1 0 0 0 -1 0 0 -1 0 1 0 0 2 0 0 0 0 -1 -1 1 0 1 -1 0 0 -2 -1 1 0 0 0 0 0 0 1 1 0 0 0 0 1 1 0 0 1 0 0 0 -2 0 1 0 -1 0 0 0 1 1 0 1 -1 0 -1 0 0 -1 0 -1 0 -1 0 0 0 1 -1 0 0 -2 1 0 0 1 0 0 0 1 0 15 1 0 0 0 0 0 0 0 -1 -1 0 -1 0 1 0 0 -1 0 0 1 0 0 0 -1 0 1 0 -1 0 1 -1 -1 0 -1 1 0 -1 0 0 0 1 1 0 0 1 -1 2 0 0 0 0 0 0 -1 0 1 2 -2 1 1 -1 0 0 0 1 2 0 1 0 -1 1 0 0 3 0 0 0 -1 1 0 1 1 0 1 2 0 1 1 1 -1 0 0 0 1 0 0 -1 0 0 1 -1 0 0 0 0 1 0 0 1 2 0 0 2 0 -2 2 0 0 0 0 0 0 2 -1 1 -1 -1 1 1 1 -1 -3 1 1 1 2 0 0 0 3 0 0 -1 0 0 0 1 1 0 0 1 0 1 0 1 0 1 1 -1 0 0 -1 -1 -1 1 1 0 0 1 1 -2 0 0 0 0 1 -2 1 1 0 1 0 0 0 -1 -1 -1 0 -1 0 0
0 0 0 2 1 -1 0 -1 2 0 2 -1 1 1 2 0 0 -1 1 1 1 0 1 0 0 0 0 0 2 1 0 1 1 -1 0 0 0 0 -1 0 1 1 1 2 -1 1 0 0 -1 0 0 0 0 2 0 2 0 0 -1 1 0 0 0 0 -1 0 0 0 -1 1 0 1 0 0 0 -1 0 0 0 0 0 1 0 0 1 0 1 1 3 0 0 0 0 3 0 -1 0 1 0 2 1 1 0 1 0 1 -1 -1 0 1 0 1 2 1 0 1 1 0 1 19 0 1 0 -1 0 0 -2 0 0 0 -1 -1 0 0 1 0 0 1 0 0 2 0 0 1 0 1 -1 0 1 -1 0 -1 0 1 -2 0 -2 0 -1 0 0 -2 0 0 -2 0 2 0 1 0 0 -2 0 -1 0 -1 1 0 1 1 1 2 0 1 2 3 0 0 0 1 0 -1 0 1 0 0 0 -1 1 0 0 1 -2 1 0 1 -3 2 0 0 -1 0 -1 0 -1 0 -1 0 1 0 -1 0 0 -1 1 0 1 -1 1 -2 0 1 1 0 0 2 1 0 0 1 1 1 0 0 0 0 -1 1 0 0 0 1 1 2 0 0 1 1 -1 3 0 0 0 -1 1 1 0 0 1 0 1 2 0 0 0 0 -1 0 0 1 0 0 2 1 2 0 1 0 0 0 0 0 0 -1 0 -1 1 0 0 0 1 0 -1 0 0 0 -1 0 0 0
0 -1 -2 0 0 0 -1 3 1 0 1 0 0 0 -1 -1 0 0 1 -1 0 0 0 0 0 0 1 -2 0 -1 0 0 1 1 -1 0 2 0 -1 0 1 0 -1 -1 1 0 2 0 0 0 2 2 0 1 -1 -1 0 0 -1 0 0 0 1 0 2 1 2 -1 -1 1 0 2 0 1 0 0 -1 0 0 0 1 0 0 0 0 -1 0 1 0 1 -1 0 0 1 0 0 0 -1 1 0 -1 2 0 1 -1 1 -1 0 2 0 1 -1 -1 1 0 0 1 0 0 0 18 -2 1 -2 -1 0 1 1 1 -1 -1 1 0 -1 0 0 -1 0 2 -2 0 0 0 2 -1 0 1 1 1 0 0 1 2 1 1 -2 0 0 -2 0 0 0 1 0 0 0 0 0 0 1 -1 0 0 0 -2 0 0 -1 0 -1 1 1 0 1 0 0 0 1 -1 0 1 1 1 1 0 0 0 0 2 0 0 0 -1 0 0 1 1 0 0 -1 -1 0 1 -1 0 1 0 0 2 1 1 1 0 0 -1 0 0 0 3 0 0 1 1 0 -2 1 1 1 0 0 0 0 0 1 1 2 0 1 0 1 -1 -1 -1 1 0 1 0 -1 0 -1 0 0 -2 0 0 1 -1 -1 0 0 1 -1 -1 0 0 0 0 0 0 1 0 1 1 0 1 0 2 -1 2 -1 3 0 0 -2 0 0 0 1 0 -1 -4 1 3 -3 1 0 0 0 0 0
2 0 1 1 1 0 -1 0 1 0 0 0 1 -1 0 -1 0 -1 0 0 -2 0 1 1 1 0 0 0 -2 0 1 1 2 2 3 0 0 -3 0 -1 -3 1 0 -1 -1 -2 0 1 0 -1 0 -1 1 -1 -2 1 -1 1 0 1 1 0 -1 -2 0 2 0 1 -2 -1 0 -1 -2 -2 0 0 -1 0 0 -4 -1 -1 3 0 4 0 1 1 0 1 1 1 1 1 2 1 1 1 3 1 -1 -1 1 -1 2 0 1 0 2 0 -1 0 0 2 0 0 1 0 0 1 -2 26 0 4 -1 -1 1 0 3 1 -1 -1 0 3 0 1 -1 0 1 0 0 0 0 -1 0 0 0 -4 3 -1 2 1 0 0 0 1 -1 1 5 1 -2 0 1 1 -1 0 -1 0 -1 -1 1 1 1 -2 1 0 0 -1 0 1 0 -2 -1 2 -3 1 0 1 -1 0 0 2 0 0 0 1 0 0 -3 1 -1 0 0 0 1 1 0 -1 0 0 0 -1 1 -1 0 5 0 0 1 -1 0 -1 1 1 1 -1 0 1 0 0 0 -2 0 -2 0 0 0 3 0 0 2 -1 1 0 0 -1 2 -1 1 2 -1 0 -1 1 0 1 1 0 0 4 -1 0 0 1 0 0 0 0 1 0 0 2 1 1 0 -2 -1 1 1 0 0 -1 1 -1 0 1 0 -1 0 0 -2 0 0 0 0 -1 0 2 1 2 1 0 0 -1 -1 0 3 -1 0 1
-1 0 1 1 1 0 1 1 0 2 0 0 -1 0 1 -1 0 0 2 0 -1 0 0 1 1 0 1 0 0 0 -1 1 0 0 1 1 1 0 -1 0 0 1 -1 0 0 0 0 0 0 0 0 1 0 -1 0 -1 0 1 0 0 0 0 0 0 0 -1 0 0 0 0 0 0 1 0 0 1 -1 1 0 0 -1 1 0 1 0 1 0 0 0 0 -1 0 0 0 0 1 -1 0 0 0 1 0 0 0 -1 0 0 1 -1 0 0 2 1 0 -1 0 0 1 0 0 1 0 9 1 -1 2 0 0 0 0 -1 0 1 0 0 0 0 0 0 -1 0 2 0 0 0 0 0 -1 0 0 0 0 0 0 0 0 1 0 -1 1 1 0 1 -1 0 0 0 0 0 0 0 1 0 0 -1 0 0 0 1 0 0 0 0 0 0 0 0 0 0 0 0 0 -1 0 -1 1 0 1 0 1 0 0 0 1 0 -1 0 0 0 -1 0 1 0 0 0 0 1 0 0 0 0 1 1 0 0 1 1 0 -1 1 1 0 -1 0 1 -1 0 0 0 0 0 -1 1 0 0 2 0 0 0 0 0 0 1 0 0 -1 0 1 0 -1 0 0 2 0 0 0 0 1 -2 0 1 0 -1 1 0 0 0 0 0 0 0 0 1 0 1 0 0 0 0 0 1 -1 0 -1 1 0 0 0 0 -1 0 0 0 0 0 0 0 -1 0 0
0 -2 -2 -1 -3 0 0 -1 0 0 -4 0 0 -1 1 0 -2 0 0 0 1 -1 1 0 0 -2 0 0 1 0 -1 -1 -3 4 4 -2 -1 3 -1 1 -2 1 -1 1 0 0 -1 1 0 -2 1 0 0 0 0 2 -2 1 0 -1 0 3 0 0 0 1 1 -1 0 -2 0 -1 1 -1 1 -1 0 -1 -1 -3 -1 0 1 -1 1 0 0 0 0 0 1 0 0 1 2 1 -1 0 1 -1 0 1 0 0 0 -1 0 0 -1 0 2 1 1 1 0 1 0 1 0 -1 -2 4 1 27 1 1 4 0 0 2 0 2 1 -2 1 -1 0 0 0 0 1 0 0 -1 0 -2 0 -3 1 0 -1 -1 0 -1 -3 2 0 -1 1 0 -1 2 0 0 0 0 0 -2 1 0 0 3 0 -2 0 2 0 0 1 0 0 -1 1 0 1 -1 -1 0 2 1 0 1 0 0 0 0 2 1 2 2 0 0 1 2 0 -1 -2 2 0 -1 3 -1 -1 1 0 1 0 1 3 1 0 0 -1 0 2 1 -1 1 1 1 1 -1 0 0 2 -1 -1 1 0 -1 0 0 1 1 0 -1 1 0 -1 2 1 0 1 1 1 1 0 -1 0 1 -1 0 0 0 0 0 1 1 -3 0 0 2 1 0 1 -1 4 0 -1 0 0 1 -1 0 0 0 0 0 0 1 -1 1 1 0 1 -1 0 2 0 1 1 0 1 0 4 -1 0 -1 -2 1
0 0 -1 0 0 -2 -1 -2 1 0 0 -2 1 -1 1 0 -1 0 -1 -2 0 1 2 1 -1 0 0 0 3 -3 -1 0 -1 0 0 -1 0 0 0 0 0 -1 -2 0 0 0 0 0 2 0 -1 1 1 -1 -1 1 0 -1 -1 0 0 1 -1 0 0 1 -1 0 0 2 0 0 0 0 0 0 0 -1 0 -1 -3 1 -2 0 2 1 0 1 1 1 -1 0 -1 0 1 -1 1 0 0 1 -2 -1 2 0 -1 0 0 0 1 1 1 0 0 1 -1 0 4 0 0 0 -1 -1 -1 1 20 0 0 0 -1 1 0 1 -2 0 0 1 0 -1 0 -1 2 -2 0 2 1 1 1 0 0 -1 1 1 0 -1 -1 2 0 1 0 -1 2 0 -1 -1 -2 0 1 0 1 -3 0 -2 1 0 1 2 -1 1 -1 -1 0 1 1 -3 0 0 0 0 0 2 0 0 1 1 0 0 -1 0 2 1 0 2 -1 0 0 0 -1 0 0 -2 1 0 1 0 0 0 1 0 0 0 0 1 0 1 0 -2 0 0 2 0 0 1 1 0 0 0 1 3 0 1 -1 1 0 0 0 -1 1 1 0 3 0 1 0 1 0 4 0 -1 0 -1 0 1 0 1 1 -1 1 0 -1 -2 -2 0 0 0 0 -1 0 -3 -1 1 -1 0 1 0 -1 1 0 2 -1 0 1 0 0 1 0 1 -1 0 0 -3 0 0 -2 -1 1 1 -2 0 0 1
-1 1 2 1 0 -2 0 1 0 0 -1 1 -2 0 1 1 0 1 1 0 0 0 1 1 0 1 1 0 2 0 0 1 0 0 -1 0 -2 -1 1 0 1 0 -1 0 -1 2 0 -1 1 -1 1 1 0 -1 3 0 1 0 0 0 -1 1 1 0 1 0 0 -1 -1 0 -1 0 2 0 1 2 -1 -1 -1 0 -1 1 2 1 0 2 1 1 -1 -1 -2 -1 -1 1 2 0 -1 2 0 1 1 0 -1 -2 2 -1 0 0 1 0 -2 0 0 1 0 0 0 1 0 0 0 -1 2 1 0 22 0 1 1 0 -2 0 -2 -1 1 0 -1 1 0 0 -1 0 0 0 0 1 0 3 0 0 0 -2 1 0 1 0 2 2 -1 0 2 1 2 -1 1 0 2 0 0 -1 0 1 0 1 1 0 0 -1 1 -1 -1 -1 0 0 0 0 0 0 0 0 2 0 0 1 -1 0 1 -2 0 0 0 1 -1 1 -1 -1 -2 1 0 1 -1 -1 0 0 1 -1 0 0 0 1 1 1 2 1 -1 2 2 2 2 1 1 1 1 0 0 -1 1 -2 0 0 1 0 1 0 -1 1 1 2 0 1 1 0 0 0 0 -2 -1 0 0 0 0 1 2 0 0 0 -1 1 0 -2 3 0 0 0 0 0 1 1 -1 -1 0 0 1 1 -2 -1 0 1 -1 2 0 1 0 0 -1 0 0 1 0 -2 0 0 1 1 1 -1 -1 0 0 0
1 0 0 -1 -2 0 0 0 -2 0 -1 1 1 1 0 1 1 1 0 0 0 -1 -1 -1 0 0 -2 -1 1 -1 -2 -1 1 0 1 1 0 -4 0 1 1 0 0 1 -1 0 1 -1 0 1 1 2 0 0 -1 2 -1 0 0 1 0 1 2 0 0 1 1 1 0 -1 0 0 1 0 -1 2 1 0 0 0 0 0 -1 -1 0 0 0 0 -2 1 -2 0 -1 3 0 1 1 0 1 0 -1 1 -1 1 1 0 1 0 0 0 -1 0 -1 2 1 0 -1 1 0 -2 1 1 0 4 0 0 19 0 1 0 -1 1 1 0 0 -2 -1 0 1 0 0 0 0 0 -1 -1 1 0 -1 0 -2 0 0 1 -1 0 -1 -1 0 0 0 2 0 1 1 -1 0 -1 0 0 -1 1 -1 0 1 1 0 0 -1 0 -1 -1 1 2 -2 -1 0 -1 3 1 0 -1 1 0 1 0 0 1 1 -1 0 2 0 1 2 1 0 -1 0 0 1 0 1 1 1 0 1 0 0 2 1 2 2 0 0 1 0 2 1 1 1 0 1 1 0 2 1 0 0 0 -1 1 0 1 0 0 -1 0 -1 0 -1 0 1 0 0 0 -1 0 0 1 0 0 -1 0 -2 -1 1 0 1 1 1 0 0 0 0 2 4 -1 0 0 0 0 1 0 1 0 1 0 0 0 1 2 0 0 0 0 0 0 1 0 1 1 0 2 -1 0 0 1 0 0
-1 -1 0 1 1 0 0 0 1 0 0 -1 0 1 1 1 -1 -1 0 1 1 0 0 0 0 0 0 0 0 1 0 0 0 2 -1 0 0 0 0 -3 -1 1 0 1 0 0 0 0 1 1 0 0 0 0 -1 2 0 1 1 2 1 1 0 -1 0 1 0 0 1 0 0 0 0 0 1 1 0 0 -1 -1 -1 0 0 0 0 0 1 2 -1 1 -1 1 -1 0 0 0 -1 -1 1 0 1 0 1 1 1 0 1 -1 2 -1 -1 0 0 0 0 1 -2 2 -1 0 1 0 0 0 0 1 0 12 1 -1 1 -1 -2 0 1 -2 0 1 0 -1 0 1 2 -1 -1 0 -1 -1 -1 0 -1 -1 0 0 -2 1 0 1 0 -1 -1 -1 0 0 1 0 1 0 0 1 -1 1 0 1 -1 2 0 0 0 0 0 0 0 0 0 1 0 0 -1 0 1 2 -1 1 -1 0 2 0 0 0 1 -1 0 0 0 1 0 1 0 -1 0 2 0 0 0 1 0 0 -1 0 1 2 0 0 0 0 0 0 1 0 0 0 0 -1 -1 0 0 0 0 0 -1 0 0 0 1 0 0 -1 -1 3 1 0 0 0 0 -1 0 0 1 0 0 0 1 1 1 -1 0 1 -1 0 0 0 0 0 1 1 0 0 0 -1 0 1 -1 0 -1 0 2 0 0 -1 0 0 0 0 -1 1 1 0 0 -1 -1 2 1 1 0 0 1 0 2 1
0 -1 -1 0 1 0 0 0 1 -1 2 1 0 -1 1 0 0 -1 0 1 -1 -1 0 -1 0 0 1 0 0 0 0 1 0 0 2 0 0 0 0 0 -2 -1 1 -1 0 0 0 1 0 -1 1 1 0 0 0 2 -1 0 1 1 0 -1 0 -1 0 1 0 1 -1 0 1 0 0 0 1 0 -1 -1 -1 0 1 0 0 0 2 1 -1 0 0 -1 1 0 0 0 2 0 1 0 4 0 0 1 -1 0 0 0 0 0 0 -1 0 -1 0 0 0 1 0 1 -1 0 1 3 0 0 -1 1 1 1 13 1 -1 -1 1 1 0 -1 0 -1 0 0 0 0 1 0 0 0 0 0 1 0 1 1 0 -2 0 0 0 -1 0 0 0 -1 3 1 1 -1 1 0 0 1 -1 2 0 -1 0 0 1 -1 0 0 0 -1 -1 -1 0 -1 -1 0 1 0 0 1 0 0 1 -1 0 0 0 1 0 -2 0 0 1 0 0 0 1 1 -1 0 0 -1 -1 0 -1 -2 2 0 1 -1 1 0 1 0 0 -1 0 0 0 -1 0 1 0 1 0 0 2 0 0 -1 -1 0 0 3 0 -1 0 0 1 1 -1 -1 0 0 0 0 0 0 0 1 0 0 -1 0 1 0 1 1 -1 0 1 0 1 1 1 1 1 0 0 0 0 0 -1 0 -1 0 -1 0 0 0 0 1 0 1 1 0 -1 1 1 0 0 0 -1 0 0 1 -1 0
1 1 -4 0 -1 0 0 1 1 1 -1 1 -1 -2 -1 0 1 0 -3 -1 3 0 0 -1 1 -1 0 1 -1 0 0 -1 1 -1 -1 -2 1 1 0 0 -1 0 -4 0 0 0 0 -1 0 0 0 0 1 1 0 2 1 0 0 0 0 1 0 1 -1 -1 0 -1 0 0 -2 0 -1 -1 0 -1 1 2 -2 1 1 -1 2 -1 1 -1 -1 0 0 -2 -1 0 0 0 1 -1 2 1 2 1 0 0 0 0 -1 0 2 0 -3 2 1 0 -1 2 0 0 1 0 0 0 -1 1 0 2 1 0 0 -1 1 20 0 -1 -1 0 1 -3 -1 0 0 1 0 0 -1 2 -1 -2 -2 -1 -1 0 0 0 2 -1 2 0 0 -1 1 0 0 0 0 -1 1 -3 0 0 0 0 0 0 1 0 1 0 1 -1 0 0 -1 0 0 0 -1 0 2 0 2 1 0 0 1 1 0 0 -1 0 0 0 0 0 0 1 0 -1 1 0 -2 -2 1 -1 -1 1 -2 0 -1 0 -1 1 0 1 0 -1 0 -1 0 -3 1 0 0 0 0 0 1 0 0 0 -1 0 1 0 0 0 0 0 1 -1 0 2 2 -1 -2 1 0 -1 1 0 1 1 1 1 0 1 -1 0 0 0 0 -1 0 0 0 -1 1 0 -1 0 0 0 0 1 2 0 0 1 -1 -1 1 0 -1 0 0 1 0 -1 -1 2 -1 -2 -1 -1 0 1 1 2 0 0 1 -1
1 1 -1 0 0 0 -1 -1 1 0 0 0 0 0 0 -1 0 0 0 0 0 0 0 0 -1 0 -1 0 1 0 0 0 0 0 0 1 0 1 1 -1 0 0 1 0 1 1 -1 0 0 1 0 0 0 1 -1 0 -1 0 0 -1 0 0 0 1 -1 2 0 -2 0 0 -1 -1 -1 0 0 -1 0 0 -1 1 0 -1 -1 -1 0 -1 2 -1 0 -1 -1 0 0 -1 0 0 0 -2 1 1 1 0 0 0 -1 -1 1 1 1 -1 0 0 0 0 0 -2 1 0 -1 -1 -1 -1 -1 0 0 -2 -1 1 -1 0 14 0 0 0 0 -1 1 0 0 0 0 1 0 -1 -1 -1 -1 -1 -2 0 1 1 1 0 -1 0 0 0 1 1 -1 0 -2 0 0 0 0 1 -1 1 0 0 2 -1 0 0 0 -1 -1 2 0 1 -1 0 1 -2 -1 0 -1 -1 -2 0 0 0 1 0 -1 -2 0 2 0 -1 0 -1 -2 0 -1 0 0 1 -1 0 -2 0 1 1 0 -1 -1 1 -1 -1 -1 0 -1 -1 0 0 0 1 -1 0 0 0 0 -1 -1 -1 0 0 0 -2 0 0 1 -2 0 -1 0 1 0 0 0 0 -3 0 2 0 0 0 0 0 0 0 0 1 1 0 -1 0 0 0 -1 0 0 -2 0 -3 0 -1 1 0 -1 0 -1 0 0 0 1 -2 0 0 0 1 0 0 1 0 0 -1 1 0 0 -1 1 0 0 0 0 -1
0 -1 0 0 0 0 0 0 2 1 0 0 0 0 -2 -1 1 1 1 0 1 -3 0 0 1 0 1 0 0 0 -1 1 -1 0 0 -1 0 -1 0 0 -2 -1 0 -1 0 0 -2 0 0 0 -1 -1 0 -2 0 -1 1 0 0 -1 1 -1 1 -1 0 0 1 0 -1 1 -1 0 -1 1 0 1 0 -1 1 -1 0 1 0 0 -1 -2 0 0 0 0 0 0 0 2 -2 2 -1 -1 -1 -1 0 0 0 -1 0 0 0 1 0 1 1 1 0 0 0 2 0 0 0 -1 1 -1 0 2 1 0 1 -1 -1 -1 0 17 -1 -1 0 -1 1 0 0 -1 1 0 0 1 0 -1 1 -3 0 0 2 2 1 0 -1 1 1 1 0 1 0 0 0 0 -1 1 1 -1 1 0 0 0 -1 0 0 1 -2 0 1 -1 1 0 1 -1 2 1 1 0 1 -2 0 0 0 1 0 1 0 -1 3 0 -2 -1 -1 1 0 -3 -1 2 0 -1 0 1 1 0 0 0 0 0 0 0 0 3 -2 0 -1 -1 0 0 3 1 0 1 0 1 -1 0 4 1 0 1 -1 -1 2 0 1 0 1 0 0 0 -1 1 1 -1 0 1 1 -1 0 2 1 0 1 0 0 1 2 0 -1 1 -1 -2 0 -2 0 0 2 0 0 1 0 1 0 0 2 -1 1 -1 -1 2 1 -1 0 -1 1 1 -1 1 -1 -1 -1 0 1 -2 1 0 -2 0 -1 1
0 -2 -1 -1 1 1 0 0 -1 2 0 0 1 -1 0 0 0 0 0 -1 0 -1 0 -1 0 -1 1 0 0 -2 0 0 0 0 3 0 1 0 0 0 0 1 1 0 0 -1 1 -1 2 -1 0 2 0 2 -1 1 1 0 1 -1 -3 0 0 0 -1 0 0 0 0 0 0 0 3 0 1 0 0 -1 -1 1 -1 1 -1 1 1 0 0 0 0 0 0 -3 -1 0 1 0 0 1 -1 2 1 0 0 1 1 -2 -1 1 1 -1 1 1 3 0 -1 -1 1 0 1 0 0 0 1 1 -2 -2 1 -2 1 -1 0 -1 21 1 0 -2 0 0 0 -1 -1 -1 -1 -1 0 0 -1 -1 -1 1 0 1 0 0 1 0 0 0 0 0 0 -1 0 0 1 0 -1 0 1 3 0 0 0 -1 -1 -1 0 1 3 1 1 1 -2 1 -1 -1 0 0 -3 1 0 -1 0 -2 0 1 0 0 0 1 0 0 -1 -1 1 1 0 -2 0 -1 2 -1 0 -1 -1 0 1 0 0 -1 0 -3 1 0 1 -1 0 0 0 1 0 -1 0 2 0 -1 0 0 2 0 -1 -2 0 0 0 1 -1 1 0 0 0 0 3 -1 0 -2 0 0 0 0 0 0 0 1 0 0 0 0 0 1 -1 3 1 1 -1 1 0 0 0 0 0 0 -1 0 0 0 0 0 0 -2 2 1 -1 1 0 0 0 0 0 4 0 1 1 0 0 -1 -1 -1 0 -2
0 -2 0 0 -1 2 0 0 1 1 1 3 0 0 0 -1 0 -1 0 -1 -3 0 1 2 0 0 2 -1 0 1 0 1 2 -1 0 -1 0 0 0 -1 1 1 0 0 0 0 1 1 1 -1 0 1 -1 0 0 0 2 1 1 0 1 -1 0 -1 0 -1 0 -1 -1 0 1 0 1 1 0 1 1 1 0 0 0 -1 1 0 -1 -1 1 0 0 1 0 -1 0 -1 -2 1 1 1 3 1 0 -1 0 -1 1 2 1 0 1 -1 -1 -1 0 0 0 2 -1 0 0 0 -1 3 0 -2 0 -1 0 0 1 0 0 -1 1 17 -1 2 1 0 -1 1 0 -2 -1 -1 -1 0 1 -2 1 1 1 0 -1 -2 0 1 -1 0 0 1 -1 1 0 1 -1 1 0 1 0 0 -1 0 1 0 0 0 1 0 1 1 1 0 0 1 -2 -1 0 0 0 1 0 0 1 0 0 0 1 0 -2 0 0 0 1 -1 -1 2 2 0 3 -1 1 -1 0 -1 -1 -2 0 0 1 1 1 0 2 0 -1 1 1 1 -2 0 0 0 1 2 0 1 0 -1 1 -1 1 -2 1 0 1 0 0 1 2 1 0 1 -1 -1 0 -3 0 -1 0 0 1 0 0 0 -2 0 0 0 -1 0 0 0 0 0 -1 1 0 0 -1 -1 0 -2 0 2 0 0 0 1 0 0 0 1 0 1 1 -1 0 1 0 0 0 0 0 1 -3 0 -1 2 0 -1
0 0 -1 1 0 0 -1 -1 1 -1 0 -2 0 -1 0 0 -2 0 0 1 0 0 -1 0 0 -1 0 1 0 -1 0 0 0 0 2 1 1 0 0 0 0 1 -1 0 0 0 -1 0 0 1 1 0 -1 1 -1 -1 -1 0 0 1 0 3 1 0 1 -1 1 0 0 1 0 1 0 0 1 0 0 1 2 1 1 -1 3 1 0 1 0 1 0 0 1 -1 -1 1 0 -1 -1 0 0 0 1 -1 1 -1 -1 1 -1 0 2 0 2 0 0 1 1 -1 2 2 0 1 0 0 0 1 0 1 0 1 0 1 0 0 0 -1 16 -3 1 1 0 0 1 1 1 1 0 0 -4 1 0 0 0 0 0 0 1 0 0 0 1 1 0 2 0 0 1 -1 1 1 1 0 -1 -1 0 -1 0 0 0 1 0 1 0 0 1 0 0 -1 0 0 -1 2 0 0 -1 0 -1 0 0 0 1 2 1 1 0 1 0 0 -2 0 0 1 0 1 0 1 -1 1 0 -1 1 -1 -1 -1 0 -1 2 0 1 1 0 -2 1 0 0 0 -1 1 0 3 0 2 -1 2 -1 1 2 0 0 1 0 -1 0 1 2 0 0 2 0 0 1 1 -1 0 0 0 1 0 0 0 0 -1 0 1 -1 0 0 2 0 1 0 1 1 -1 0 -1 0 0 0 0 -1 1 1 0 -1 -1 0 1 1 1 0 0 0 0 1 1 0 1 0 0 1 0
-2 0 0 0 -1 2 1 2 -1 3 1 1 0 -1 1 1 1 0 -1 2 -2 1 1 2 -1 -1 0 0 0 2 1 0 -2 0 1 0 -1 0 0 0 2 0 2 0 0 1 0 1 0 0 -2 1 0 -2 1 -1 0 1 0 -1 1 1 -1 -2 -2 0 0 0 0 0 1 -2 0 0 0 -1 0 -2 0 0 0 0 -1 -1 -1 0 -1 -1 0 0 0 1 1 -1 0 -1 0 1 -2 0 0 -1 -3 0 -2 0 0 0 0 0 0 1 -1 0 0 2 -1 0 -1 0 0 1 0 -1 1 0 -2 -2 -1 -3 -1 -1 -2 2 -3 23 1 1 1 1 -1 -1 -1 -1 2 1 1 1 1 0 1 0 -1 0 -1 0 1 2 1 -1 1 -2 -1 -1 0 1 0 1 1 0 0 0 -1 2 1 -1 0 1 2 0 1 0 0 0 0 1 0 0 0 -1 -1 0 -1 -1 2 -1 1 1 0 0 0 0 0 -1 -1 3 1 1 1 -1 -1 -1 -1 -1 0 1 0 2 1 2 -1 -3 -2 1 0 -1 1 1 -2 2 -1 1 -1 0 0 1 0 -1 0 -1 1 1 0 0 1 -1 0 0 0 -1 1 0 1 -1 0 1 -1 0 -1 -1 -1 -2 -1 0 0 0 0 0 -1 0 2 0 0 1 2 -2 0 3 0 -1 -1 -1 -1 -1 1 0 0 1 0 1 0 -2 0 1 1 -1 1 -1 0 1 -1 -1 -2 -1 0 3 1 1 -1 2
-1 0 0 0 0 0 -1 -1 2 1 1 0 1 -2 1 0 0 -1 0 0 1 0 1 0 0 0 0 0 0 0 0 5 0 0 0 1 3 3 1 1 0 -1 3 -2 0 0 0 0 1 0 0 1 0 -2 0 1 0 0 0 0 -1 1 -1 -1 1 0 0 1 -1 0 -1 0 0 1 0 0 -1 2 0 1 0 0 -1 1 1 0 0 -1 0 -1 1 -1 0 1 -1 1 0 1 1 0 1 -1 2 0 0 3 0 1 0 1 0 0 0 2 -1 0 0 1 0 0 -1 -1 0 0 0 -1 -1 0 0 -1 1 1 0 1 1 1 14 1 0 0 2 0 1 1 0 2 0 1 0 1 0 1 0 0 0 1 1 0 1 1 2 0 0 1 0 1 0 2 1 0 0 0 0 0 2 0 0 0 3 0 0 0 0 0 0 -1 2 1 1 0 0 0 0 0 0 0 0 0 1 0 0 0 0 0 1 -1 0 0 0 0 0 2 1 0 0 1 1 0 0 0 0 1 1 0 2 0 0 0 1 0 0 0 0 0 1 0 0 -1 1 1 0 1 0 -1 0 0 1 0 0 0 1 0 -2 0 1 0 0 0 0 0 -1 0 2 0 0 0 0 0 0 1 0 0 1 0 0 0 2 1 0 0 1 0 0 1 -1 1 0 0 -1 0 -1 0 0 1 1 0 0 0 0 0 0 0 -1 0 0 0 0 0 0 1
-1 0 1 -1 0 0 1 -1 2 0 0 0 0 -2 0 0 0 0 0 0 0 -1 -1 1 1 0 -1 1 0 0 1 0 0 1 1 0 1 0 0 0 0 0 1 0 0 -1 0 -1 1 -1 1 1 1 1 0 1 0 0 2 0 0 0 0 -1 0 0 0 -1 0 1 -1 0 0 0 0 -1 0 0 0 0 1 0 1 0 0 0 0 1 0 0 1 0 0 0 0 -1 0 0 1 0 1 -1 1 -1 0 -1 1 -1 1 1 -1 0 -1 -1 0 1 0 0 0 1 0 0 0 0 -1 1 0 1 -1 0 0 0 0 0 1 1 1 12 -1 1 0 1 0 0 1 -1 0 1 -1 0 0 1 0 1 0 0 -1 1 0 -1 2 0 -1 0 0 0 0 0 0 -1 1 0 0 0 0 0 0 0 -1 0 0 1 0 0 0 0 0 0 0 0 0 0 -1 0 0 0 -1 0 0 0 1 1 0 0 0 -1 -1 0 0 -1 0 1 -1 -1 -1 0 0 2 0 -1 -1 2 1 0 1 0 0 0 3 0 0 -1 0 -2 1 1 0 0 0 1 1 0 0 0 0 -2 -2 -1 0 1 1 1 0 -1 0 -1 0 0 0 0 -2 0 0 -1 2 -1 0 0 -1 -1 0 -1 0 0 1 1 0 -1 0 0 0 0 0 1 1 0 0 -1 0 0 0 -1 0 -1 0 1 0 1 0 0 0 0 -1 0 1 0 0 1 1 1
0 -1 0 0 1 -2 0 2 -1 0 0 -1 2 0 -1 0 0 -1 0 0 0 1 0 0 0 0 1 0 0 1 1 0 0 1 0 1 1 1 2 -2 -1 0 1 -1 0 -1 0 1 -1 0 -2 0 1 0 -1 0 2 0 0 0 -1 0 2 1 0 1 3 1 3 1 0 0 -1 1 -1 -1 0 -1 -1 -1 0 0 -2 0 -1 -1 -1 0 1 0 -1 0 0 0 1 0 -1 0 -1 0 -1 0 -1 0 -1 1 -2 -3 -1 0 -1 -3 0 1 0 -1 -2 -1 1 0 2 1 0 0 0 0 1 0 0 0 0 0 0 -1 0 1 0 -1 25 1 1 1 0 1 1 0 -1 0 0 2 -2 1 1 1 1 0 1 0 0 -1 0 2 0 -2 -1 -1 0 1 -1 2 0 0 0 1 2 0 -1 0 1 0 -1 1 3 1 -1 -1 -1 -1 0 -1 -1 0 2 1 0 0 1 0 0 0 0 0 1 0 -1 2 1 1 -1 1 0 1 0 0 1 3 -2 1 0 3 -1 0 0 1 0 0 0 0 0 -1 -1 1 2 -1 1 0 0 0 -1 -2 0 1 2 0 1 -2 -1 1 -1 0 1 0 1 -2 -1 0 -1 1 1 0 0 -1 0 1 -1 1 0 -2 0 0 0 0 0 2 0 -1 -1 0 -1 0 0 -1 0 1 0 0 0 2 0 -1 0 1 2 -4 -1 -2 1 -2 0 -1 -1 -2 0 -2 -1 1 0 1 1 0
0 -1 0 0 -2 3 0 0 1 -1 -1 1 0 1 2 0 -1 0 0 0 0 0 0 -1 0 1 0 -1 -1 0 0 0 0 0 1 0 1 0 0 0 1 -1 0 0 -1 0 0 -1 0 0 0 1 0 0 0 1 0 0 2 0 1 0 1 1 0 0 0 1 0 -1 -1 0 -1 0 0 0 -1 0 0 0 3 1 0 0 0 -1 0 -2 0 -1 1 0 0 1 0 -2 2 0 0 1 1 1 0 0 1 0 0 0 -1 1 -2 0 0 -1 0 -1 0 -1 0 0 -2 0 -1 0 -1 0 0 -1 0 1 0 -1 -1 1 0 1 0 1 1 14 0 0 0 0 0 0 0 1 0 0 -2 0 2 0 0 0 1 -1 0 0 -1 1 0 2 0 0 1 0 0 2 0 0 0 0 2 0 1 1 -1 0 -1 0 0 1 0 0 0 0 0 1 -1 0 0 0 2 0 0 1 0 1 0 0 2 0 0 1 -3 -1 0 0 1 0 0 0 0 0 0 1 0 0 0 0 -1 -1 0 1 1 0 2 -1 1 0 0 -1 -1 0 -2 2 -1 -1 0 1 -1 0 1 0 0 0 -1 -1 0 0 -1 -1 0 0 0 1 -1 -1 1 0 1 0 -1 0 -2 0 -1 0 0 2 1 0 0 0 0 0 -1 -1 0 0 1 1 0 0 0 0 0 0 1 0 0 -1 3 0 1 0 1 -1 2 -1 0 1 -1 -1 1 1 1 0
0 0 0 1 0 1 0 1 1 -2 0 1 1 -1 0 1 0 -1 0 0 1 0 1 -1 1 2 0 0 0 -1 0 1 0 0 0 1 0 0 1 1 2 -2 2 0 0 0 0 -1 1 0 0 1 1 1 0 1 0 0 0 0 -1 1 0 0 0 0 2 0 0 0 0 0 0 0 1 0 1 1 -1 -3 0 0 -2 0 1 0 0 0 1 0 3 -2 0 1 1 -1 0 -1 2 1 1 0 -1 0 1 1 0 0 0 1 -1 0 1 0 1 0 1 1 0 2 0 0 0 1 2 -1 0 0 0 0 0 1 -1 0 1 -1 2 0 1 0 15 1 1 2 0 1 1 3 -1 0 1 2 -1 0 2 1 0 -1 -2 1 0 0 -1 1 -1 1 0 1 3 0 0 -1 0 0 1 1 0 -1 -1 0 0 1 2 0 -1 1 0 -2 0 0 2 -1 0 3 -1 -1 0 -1 1 0 0 0 0 0 -1 1 0 -1 0 0 0 -1 0 0 1 1 1 1 0 1 0 1 0 0 1 0 0 -1 1 -1 -1 2 0 1 0 0 0 0 -1 2 1 0 0 0 -1 -1 1 0 0 0 0 1 0 1 0 -2 0 0 0 -1 0 0 0 0 1 0 1 0 1 1 -1 1 0 0 0 -2 0 0 0 1 1 -1 0 0 -1 0 0 0 0 1 0 0 1 -1 0 0 2 0 0 0 1 0 0 0 0 0 0 0 0 0
1 0 0 2 0 0 0 0 1 0 1 0 -1 0 1 0 1 1 1 2 0 0 0 1 1 0 -1 0 2 1 0 1 0 2 2 2 0 0 1 -1 -1 0 -2 0 0 0 0 0 0 0 0 2 1 0 1 1 1 -1 2 0 0 -2 0 1 1 1 0 -1 0 -1 2 1 0 1 -2 -1 0 0 0 1 0 2 1 0 0 0 1 -1 0 -1 0 1 0 1 0 0 1 0 0 -1 0 1 2 1 0 -1 3 1 0 0 -1 0 0 1 0 0 -2 0 0 0 0 0 2 0 -2 0 0 1 0 0 1 0 -1 -2 1 -1 0 1 1 0 1 18 1 -1 -1 0 0 3 0 3 0 0 0 0 0 1 1 0 0 3 1 0 0 -1 1 0 1 0 0 2 0 2 1 -2 4 0 1 0 -1 0 0 1 1 0 1 1 0 0 0 0 -3 0 -1 -1 -1 1 -1 0 -1 0 1 1 0 0 0 -1 -1 -1 0 0 1 0 -1 1 0 2 -2 0 0 -1 0 1 0 -1 0 -1 -1 0 1 0 1 1 -1 1 0 0 1 0 -1 2 0 1 3 0 0 0 1 0 -1 1 0 0 0 1 0 -2 0 2 -1 0 0 1 1 0 1 0 1 1 -3 0 1 0 0 -1 0 0 0 -1 0 0 0 1 1 1 -2 0 0 1 1 -1 1 -1 0 -2 0 1 1 0 0 -1 0 0 0 0 -1 0 1 0 1 0
0 1 0 1 1 0 1 0 1 -3 1 0 2 0 1 0 0 0 0 1 -1 0 -1 0 0 0 -1 0 1 -1 1 1 -1 2 1 1 0 -1 0 0 -1 0 0 0 0 0 0 0 0 0 -1 -1 0 1 0 1 0 0 1 2 0 2 0 0 0 0 1 1 0 0 0 -1 0 0 1 0 0 0 0 0 0 0 -2 0 0 0 2 0 0 0 1 -2 0 0 0 1 -1 -1 1 -1 -1 0 0 -1 -1 0 0 1 -1 0 0 1 -1 0 0 -1 0 3 -1 0 0 0 0 0 0 0 0 2 1 -1 0 0 -1 -1 1 -1 1 0 0 0 1 1 14 0 0 1 -1 0 0 0 0 0 -1 0 0 0 0 0 -2 0 1 -2 0 0 0 0 2 0 0 0 0 2 0 0 0 1 1 0 0 0 1 -1 0 -1 -1 0 0 0 1 -2 1 0 0 0 0 0 0 0 0 1 0 -1 0 0 2 0 0 0 0 0 0 -1 2 0 0 3 0 0 0 -4 0 1 0 0 0 0 0 -1 -1 0 1 0 0 0 0 0 0 1 1 0 -1 0 0 0 1 0 1 0 -1 0 0 1 -1 -1 1 -1 0 1 1 0 -1 0 0 -1 0 0 1 -2 0 2 -1 0 0 -1 1 0 0 1 1 1 0 1 0 1 -1 0 0 1 0 2 0 -2 0 0 0 0 0 -1 0 1 2 1 -1 1 -1 1 0 -1 0 0
0 0 -1 0 0 0 0 0 0 0 1 0 1 0 0 0 1 0 0 -1 0 0 0 0 0 0 0 0 0 0 0 0 0 0 1 1 1 3 0 1 1 0 1 -1 0 2 0 0 1 -1 1 1 1 1 1 1 0 1 1 0 1 0 0 0 -1 0 -1 0 0 0 -2 1 0 1 0 1 1 1 1 0 0 0 -1 0 0 1 0 0 0 -1 3 0 0 1 0 -1 -1 -1 0 -1 0 0 -1 1 1 0 0 0 0 -1 1 0 -1 0 1 -1 3 1 0 1 2 -1 0 -1 2 0 0 -1 0 2 -1 1 -1 -1 1 -1 1 0 1 0 2 -1 0 15 0 1 0 2 0 0 0 1 0 -1 0 1 1 0 -1 0 0 0 0 0 -1 0 0 0 1 0 0 -1 0 0 0 0 -1 0 0 0 1 0 0 0 1 0 0 0 1 1 0 1 0 0 0 1 -1 -2 1 0 0 0 -1 1 0 -1 0 0 0 0 0 2 0 0 0 -1 -1 0 0 1 1 4 -1 0 0 0 0 -1 2 0 0 0 0 -1 0 0 1 0 0 0 0 0 0 0 0 1 1 1 0 2 0 2 1 0 1 -1 1 -2 0 -1 -1 0 0 1 -1 0 1 0 1 0 1 -1 0 0 0 0 0 0 0 1 0 1 3 0 0 0 0 -1 0 1 1 -1 0 0 1 0 0 0 0 -3 0 -1 0 1 1 1 0 0 1 0
1 0 0 0 0 0 2 -1 -1 -2 0 0 0 -1 0 0 1 1 4 0 1 0 2 0 0 0 0 0 0 0 1 0 0 -1 0 -1 2 0 0 0 -1 -3 0 0 0 -1 0 1 0 -1 0 0 0 -2 -1 0 0 0 0 0 0 1 -1 -1 0 0 0 2 0 1 -1 2 -1 0 1 1 0 0 -1 0 0 0 0 -2 1 2 0 0 -1 0 1 0 1 -1 -2 0 0 0 -1 0 1 1 0 0 0 0 -2 -2 -1 1 1 0 0 -1 0 0 -1 0 1 0 -1 0 0 0 1 0 -1 -1 0 -1 -1 0 0 -1 0 2 0 1 1 0 0 -1 0 0 15 1 -1 1 0 0 1 0 -1 -1 0 0 0 -1 0 2 1 0 0 0 1 3 0 -2 2 -1 2 0 1 -1 -1 0 -2 0 -1 2 2 1 0 0 0 1 0 0 0 1 1 0 1 0 0 0 -1 1 2 0 -1 2 0 0 0 -1 1 1 0 -1 -1 -3 0 -1 0 -2 0 0 -1 -1 -1 0 0 1 1 0 -1 0 0 0 0 0 0 -2 1 0 0 1 -1 1 1 0 0 0 0 -1 0 0 0 1 2 1 1 -1 0 0 0 0 2 0 -1 0 1 -1 0 -1 0 0 1 -1 -1 2 1 1 2 -1 2 1 0 0 1 0 2 0 0 0 -1 1 -3 0 0 -2 0 0 1 1 0 -1 2 0 0 -1 -1 0 0 0 0 0 0 1
0 2 2 0 -1 0 0 0 0 1 0 1 0 2 0 0 -2 1 1 0 1 0 1 0 -1 -1 0 1 -2 -2 0 3 0 1 -1 1 0 -5 0 0 0 -1 5 -1 0 -2 -1 1 1 -2 -1 1 -1 0 0 0 0 0 0 0 0 1 1 0 0 0 0 0 0 0 -1 1 0 0 1 2 -1 0 0 -1 0 1 -2 -1 1 0 0 0 0 -1 2 0 -1 -1 0 -1 0 1 -1 0 2 -3 1 -1 0 1 0 -1 0 -2 -2 0 1 0 0 2 -1 1 0 1 0 0 0 -2 1 1 -1 0 0 -2 -1 -1 0 0 0 1 2 -1 0 0 1 0 1 1 1 21 0 2 0 0 1 0 -2 0 0 2 -2 1 0 0 0 1 0 1 0 1 -1 2 1 0 -1 0 1 1 0 -3 0 1 2 0 -1 0 -1 -2 -1 0 1 0 0 0 0 1 -1 0 -2 0 1 1 0 0 2 1 -1 0 1 -1 -1 0 0 1 -1 1 0 1 -1 0 0 0 0 -1 0 0 -2 0 1 0 0 2 -2 0 -1 2 -1 -1 -2 -1 0 0 1 0 -1 -1 1 1 0 1 0 0 2 0 5 0 -1 2 2 2 0 1 0 -3 -1 0 0 2 -1 0 0 0 -1 1 1 1 1 1 0 0 0 3 -1 0 0 0 0 2 0 1 -1 3 0 1 0 0 0 2 -2 0 0 0 0 0 0 -1 0 -1 0 -1 1 -1 0 1
0 1 0 0 0 0 1 1 1 0 0 0 0 1 1 1 1 -1 0 -1 0 0 0 0 1 1 0 -1 1 0 -1 1 0 -2 2 1 0 2 0 0 2 -1 1 1 0 0 1 1 1 0 1 0 -1 0 0 -1 1 0 0 0 0 -1 0 0 1 -1 0 0 0 0 0 0 1 0 0 0 0 0 1 -2 -1 0 0 -1 0 0 1 -1 0 0 -2 1 1 -1 0 -1 2 0 -1 0 0 0 1 3 1 -1 1 0 2 -1 -1 0 0 2 0 0 0 1 -1 -1 1 0 0 0 1 0 1 -1 0 -2 -1 1 -1 1 -4 1 0 0 -1 0 1 0 -1 0 -1 0 15 2 0 0 1 1 0 0 1 1 -1 0 2 -1 0 -1 1 -1 -3 1 0 -1 0 0 0 1 0 1 0 1 1 2 0 -1 0 1 1 1 0 -1 -1 0 2 0 2 0 -1 0 1 0 0 -2 -1 -2 0 1 1 0 2 0 -1 0 1 0 0 1 1 -1 -1 0 0 0 -1 0 1 1 0 0 1 1 0 1 0 0 1 0 0 0 -1 0 0 1 1 -1 0 0 0 -1 1 0 2 0 1 0 0 -1 -2 0 1 -1 0 0 -1 -1 2 1 0 1 -1 0 0 0 1 1 0 -1 0 1 -2 -2 0 1 1 0 0 1 1 0 0 0 0 0 0 1 0 0 1 1 0 -1 -1 -1 0 -2 0 0 0 -1 0 -1 0 0 -1 1
0 0 0 0 -1 2 -1 0 0 0 0 1 0 0 1 1 2 2 1 1 -1 -1 0 -1 -1 1 0 1 0 1 1 0 -1 0 -2 2 0 6 2 -1 1 -3 1 -2 0 1 2 -1 0 0 0 1 1 2 1 -1 0 -3 1 0 0 1 -1 0 2 -3 0 0 0 0 -1 1 0 2 0 0 -1 0 -1 -1 2 1 1 1 1 0 1 1 0 -2 1 0 0 -1 -1 0 1 0 -1 0 0 -1 -1 0 1 0 1 2 1 1 0 0 -2 -1 0 1 2 1 0 0 1 -4 -1 -3 0 3 0 -1 0 -1 -1 -3 -1 -2 1 1 1 1 0 1 3 3 0 2 1 2 2 30 0 -1 2 1 0 0 2 3 0 -1 1 -1 1 1 0 1 2 2 -1 1 0 0 1 1 -1 3 0 0 0 2 -2 -1 -1 0 0 -1 -1 -1 1 -1 2 2 2 0 2 0 0 -2 0 -2 -1 -2 2 4 1 -2 1 -2 1 1 1 0 -1 0 -1 1 0 -1 -2 2 0 0 2 1 0 0 1 1 0 0 1 0 -2 3 0 2 -1 1 0 1 -1 2 1 3 1 0 -1 -2 0 1 -1 0 2 0 0 0 -1 0 -1 -1 0 -1 0 0 0 -3 0 0 -1 -1 1 1 0 -1 0 2 1 1 0 2 -1 -3 0 0 0 0 -1 3 -1 2 0 2 0 0 -1 -1 -2 1 -1 1 -1 -2 0 -3 -1 -1 -3 0 1 2 0 1
0 0 0 1 1 -2 -1 0 0 0 2 0 0 -1 0 -1 0 0 -1 0 -3 0 0 0 1 0 0 0 0 0 0 0 0 -1 -1 0 1 -1 1 2 -1 2 -1 1 3 0 2 0 0 -1 2 2 0 0 0 -1 0 -1 0 1 1 1 0 -2 1 0 0 2 0 0 1 0 -1 0 0 -1 -1 0 3 -2 0 0 2 3 1 -1 1 0 0 0 4 -1 0 -2 0 2 0 0 0 0 -1 -1 0 -1 -1 0 -1 0 1 0 1 0 0 0 1 3 1 0 1 1 1 3 0 1 0 0 -1 -1 1 -1 -2 0 -1 1 0 1 0 -1 0 0 -1 0 0 0 0 0 0 0 16 -1 0 2 -1 0 0 0 0 0 0 0 1 0 1 2 -1 0 0 0 0 0 -1 1 0 0 0 0 -1 0 0 0 0 1 0 0 1 0 0 2 3 0 0 1 0 0 0 2 -1 0 0 0 0 0 0 0 0 3 0 1 0 -1 0 -1 0 -1 1 1 2 0 1 -1 1 0 1 1 0 0 0 0 1 2 0 -1 1 1 2 0 0 0 0 1 0 0 0 0 0 2 1 0 -1 -1 0 0 0 0 0 0 0 0 1 1 0 0 0 0 -1 -1 0 0 0 0 0 0 3 0 0 0 0 1 0 1 0 -3 1 0 2 0 0 0 0 -1 0 0 0 0 0 -1 0 0 0 0 1 0 0 -2 -1 0 0 -1 0 1
1 0 1 -1 -1 -3 1 1 0 1 1 0 1 0 2 1 -1 0 1 1 0 0 2 -1 1 -1 1 -1 -1 1 -2 -1 0 0 0 0 1 1 1 -1 0 -1 0 -2 -1 -1 0 0 0 -2 -1 -1 0 1 1 1 0 -1 1 1 1 0 0 1 -1 0 -1 2 1 -1 0 0 3 4 -2 -1 1 1 1 0 0 2 0 0 -1 1 0 -2 0 1 0 0 0 1 0 0 0 0 0 1 -2 1 1 0 -1 1 0 -1 1 0 0 -1 0 0 0 0 -2 1 -1 -1 0 -1 0 0 -1 0 0 0 0 0 0 0 1 1 0 0 1 0 2 0 0 3 0 0 0 0 0 -1 -1 16 -1 0 1 0 -1 1 1 1 0 0 0 0 0 1 2 0 1 2 0 1 0 0 0 -1 1 -1 0 -2 0 0 -1 0 1 1 -1 -1 0 0 2 0 -1 0 -1 2 0 1 0 1 0 -1 1 1 0 1 -1 0 0 0 0 1 0 2 0 0 0 2 -1 1 1 0 -1 -1 1 2 0 1 0 0 -1 0 0 0 0 0 1 0 -1 -1 1 0 0 -1 1 0 1 1 0 0 1 0 0 0 1 0 0 -1 0 1 0 0 0 0 1 0 0 -3 1 0 -1 1 0 1 0 0 0 2 1 1 1 0 -1 1 0 1 -2 0 0 1 0 2 1 -1 1 -1 -1 0 0 -1 2 -1 0 0 1 2 -1 0 0 1 -1 0
0 -1 0 0 1 0 0 0 2 0 1 2 1 -2 -1 0 1 -1 1 0 0 1 -1 0 0 -1 -1 1 -1 0 0 1 1 0 1 0 2 1 0 1 0 0 1 0 0 1 2 1 1 2 0 1 -1 1 1 0 0 0 0 -1 -1 -1 0 -1 0 -1 0 0 -1 1 0 0 -1 0 1 0 3 0 0 2 0 -1 0 0 0 0 0 0 0 -1 0 -1 0 -1 0 0 0 0 1 0 -2 0 0 0 1 -2 4 2 -1 0 0 -1 0 0 0 0 0 0 -1 0 0 2 0 -1 1 0 -2 -1 1 0 1 2 0 1 0 1 0 0 -2 -2 1 0 0 0 1 1 1 2 0 -1 19 1 1 0 0 1 0 2 0 0 1 0 0 -1 -1 0 -1 0 -1 -1 1 0 1 0 0 1 1 0 0 -1 1 1 1 1 0 0 1 1 -1 -1 0 -1 1 0 -1 0 0 -2 1 0 0 1 -1 -2 2 0 -1 0 1 2 -1 -2 0 0 1 0 -1 -1 0 -2 -1 2 1 1 -2 0 0 -1 -1 1 1 1 -1 0 -1 1 3 1 1 1 1 -1 1 0 2 2 2 0 0 1 1 0 0 0 0 1 1 0 0 0 0 0 0 1 1 1 3 1 1 1 -1 0 -1 0 1 -1 0 1 3 0 1 0 0 0 0 -1 0 0 0 4 2 1 -1 0 -1 0 0 0 -3 2 0 1 -1 -1 1 0 0 -1 -2 0
0 0 0 0 1 0 0 1 -1 2 2 0 0 -2 -1 0 0 -1 0 0 1 0 0 0 -1 -1 -1 -1 -2 -3 1 1 0 0 0 1 0 0 0 0 1 -2 -1 -2 1 0 -1 0 0 0 -1 2 0 -2 0 0 0 0 1 0 2 -1 2 -2 -1 0 3 -1 0 0 -4 0 -2 0 0 -1 0 1 1 -5 0 0 0 1 0 0 0 0 0 0 3 0 1 -2 0 0 1 0 0 1 0 0 1 -1 -1 -1 0 1 0 1 1 -1 0 2 0 1 1 -1 0 -1 1 1 0 -1 1 -2 0 -1 1 0 1 2 1 0 0 0 1 1 1 0 2 0 0 1 0 0 1 1 2 0 1 18 0 0 -2 0 0 0 -1 1 -1 0 1 0 -1 1 0 2 3 0 0 0 0 0 5 0 0 -1 0 2 0 1 -1 0 0 -1 1 -1 1 1 1 0 1 0 0 1 -1 1 0 1 0 -1 1 1 0 0 1 -1 0 0 -2 0 -2 1 0 1 1 0 0 0 0 0 0 0 0 0 0 -1 1 2 -1 -2 0 0 0 0 1 2 0 0 1 -1 0 -1 2 0 1 0 1 1 -1 0 0 -1 -2 1 -1 0 0 0 0 -1 0 1 1 3 1 -1 2 1 -1 0 1 0 0 -2 0 -1 1 0 0 0 0 0 3 0 0 0 0 -1 1 -2 1 -1 0 1 1 0 -1 1 0 0 2 -1 0 0 -2 -2 0 -1
3 -1 -1 0 -1 0 -2 1 -2 2 0 0 1 0 1 0 -2 0 -2 0 2 0 0 -2 1 -1 0 1 1 0 0 1 0 0 0 -1 -2 1 0 -1 0 0 -1 -1 0 0 -1 -1 -1 0 0 0 0 -3 -1 0 0 -1 0 1 0 0 0 3 0 0 0 0 -2 1 0 1 0 0 0 0 0 0 -1 -1 1 1 1 1 1 1 0 2 0 0 -2 1 0 1 0 -1 0 0 2 0 -2 2 0 0 0 -1 -1 0 -1 1 0 0 -1 1 -1 -1 0 0 -1 0 2 0 0 0 0 1 0 0 0 2 1 1 0 -1 0 -1 0 0 1 2 -1 0 -1 0 -1 -2 0 0 -1 1 1 0 18 0 0 -1 1 0 1 0 -1 0 0 -1 0 0 0 0 -2 1 1 0 1 0 0 0 0 1 1 0 -1 0 0 1 1 0 0 0 2 -1 0 0 -1 0 0 1 0 -1 1 0 0 1 1 -1 1 -1 -1 0 0 -3 0 0 -1 0 0 3 0 0 0 0 0 0 1 -1 -1 0 1 -1 1 0 1 1 0 -3 0 0 -1 0 0 1 -2 0 0 1 1 -1 1 0 0 0 1 0 0 -1 -2 1 0 1 0 1 2 0 1 -3 0 0 -1 -1 0 0 1 -2 0 0 -1 0 -1 0 0 -1 1 2 0 0 0 1 0 0 -1 1 0 0 0 1 -1 0 2 0 0 0 -2 0 2 0 0 0 0 1 0 -1
1 0 1 0 2 0 0 0 0 0 0 0 1 0 0 0 1 0 2 1 0 1 0 0 0 0 0 0 0 0 -1 0 1 1 0 0 0 0 1 1 0 2 0 1 0 0 0 0 0 0 1 0 0 0 0 -1 0 -1 0 -1 0 1 0 0 -1 0 0 2 1 1 0 0 0 -1 1 -1 0 0 0 -1 0 0 0 1 -1 0 -1 0 0 0 0 0 -1 0 1 0 0 0 -1 1 1 -1 1 -1 -1 1 0 1 0 1 0 0 1 0 -1 0 1 0 1 1 1 0 0 -1 -1 0 1 0 -2 -1 0 0 0 -2 0 0 0 1 1 0 0 0 0 -1 -1 0 0 0 0 0 0 0 0 11 -2 0 -2 1 0 -1 1 0 -1 0 1 0 1 1 0 0 0 0 0 0 0 0 -1 0 0 0 0 0 0 2 -1 0 0 1 -1 0 0 0 0 1 1 0 0 1 0 0 0 0 -2 1 1 0 -2 1 0 0 -1 1 0 -1 0 0 0 2 0 0 1 1 1 1 1 -1 0 -1 2 0 0 0 0 -1 0 1 0 1 0 0 0 1 0 0 0 -1 -1 0 0 -1 -1 0 1 0 0 0 0 1 0 0 1 -1 0 0 0 0 -1 -1 -1 0 0 0 0 0 1 0 0 -1 1 0 -1 2 0 -2 0 0 0 0 0 1 -1 0 0 0 0 0 0 1 0 1 0 0 0 0 1 0 0 -1 0 0
-1 1 0 -2 1 0 0 2 -1 0 -1 2 0 -1 0 0 -1 0 -1 -2 1 2 0 0 1 3 0 0 0 0 0 -1 1 0 0 1 0 -2 0 0 1 1 -1 1 0 0 -1 0 -1 0 -1 1 0 0 1 0 0 1 0 2 0 1 1 2 2 0 0 2 0 0 0 1 1 -1 0 -2 0 0 0 0 0 0 0 0 0 0 0 1 1 -1 0 0 1 -1 2 -1 -1 1 1 -1 -2 0 -1 1 0 1 1 1 1 0 1 0 0 1 1 -1 1 2 0 -2 1 0 0 -3 -1 1 -1 -2 0 2 -1 -1 1 0 1 -1 0 0 1 0 2 0 0 0 0 0 1 2 0 -1 0 -2 0 -2 19 -2 1 0 1 2 0 1 0 0 1 0 0 1 0 -1 0 1 0 -1 0 -1 1 1 -1 -2 0 0 1 1 0 2 0 0 0 0 0 -1 0 1 -1 0 1 -4 2 0 -1 0 1 0 0 0 1 1 -1 1 1 0 2 0 -1 2 1 0 -1 0 1 -1 0 0 2 0 0 0 -1 -1 2 0 0 2 0 -1 0 0 0 0 1 1 0 1 0 0 0 1 0 0 0 -1 -1 -1 2 2 0 1 1 -1 1 1 0 0 -2 0 -1 0 1 1 0 0 0 -2 0 0 -4 1 0 0 2 -1 0 3 0 0 0 0 0 1 -1 0 0 0 0 -1 0 -1 1 1 1 0 1 -1 0 1 1 1 1 1
0 -2 1 1 -1 3 1 -1 1 0 0 -1 1 1 1 0 -2 2 0 0 2 -1 0 0 1 -1 1 0 0 -1 0 1 -1 0 -1 -1 0 1 1 1 -1 0 -1 0 0 0 -1 1 2 0 0 2 2 0 0 -1 0 -1 0 -1 0 0 2 0 1 -2 1 0 -1 0 1 0 0 0 1 1 0 0 0 0 -1 0 -1 0 0 0 0 0 0 0 0 1 -1 1 1 1 0 0 0 0 0 -1 2 1 0 0 2 -1 0 -1 0 0 0 1 0 0 1 0 -1 0 -2 1 0 2 2 0 0 1 0 0 0 1 0 1 0 0 1 0 0 0 1 1 0 1 0 2 1 3 0 1 1 0 -1 0 -2 16 0 -1 1 -1 0 0 0 1 1 0 0 0 1 -2 0 1 0 1 0 1 -1 0 1 0 1 1 -1 -1 -2 0 0 0 0 0 0 0 1 2 0 0 2 0 -1 0 1 -1 1 -1 0 -1 1 -1 1 3 0 3 0 1 0 0 -3 0 1 0 0 0 0 2 0 0 -2 0 0 0 0 1 1 0 -2 1 0 1 1 0 0 0 2 1 1 0 2 0 -1 1 2 1 0 1 0 2 0 1 -1 -1 1 0 2 2 1 1 3 0 -3 0 0 1 0 3 1 1 2 1 1 1 1 0 0 1 0 1 0 0 -1 1 0 0 -1 0 -2 0 4 0 0 0 1 0 -1 0 1 -2 0 0 -2 3
-1 -1 -1 0 1 1 0 0 0 0 0 0 -2 -1 0 0 1 0 1 2 -2 2 -1 -1 -1 0 0 0 0 1 0 1 -2 0 -1 -1 0 1 -1 0 0 -1 -2 0 0 0 0 1 1 1 -1 0 1 0 0 0 0 0 -1 0 1 0 -1 -1 0 0 0 0 0 0 0 -1 0 0 -1 0 0 0 -1 0 -1 2 2 0 -1 0 0 0 -1 0 0 0 0 1 0 0 -3 0 1 -1 1 1 -1 0 0 0 0 1 0 2 2 0 -1 -1 -1 -2 -1 2 0 -2 0 -1 1 0 0 2 -1 0 0 0 0 1 0 -1 0 1 1 -1 1 1 0 1 0 1 0 -2 -1 0 0 1 0 0 1 -2 1 0 17 -1 0 4 1 -1 1 -1 0 -1 0 0 0 -1 0 0 -1 -1 1 0 0 0 0 -1 1 0 -1 1 1 -1 0 0 -1 0 0 0 -1 0 0 1 0 0 0 0 0 -1 1 1 -1 0 0 1 0 -1 0 1 0 0 0 -1 0 -3 0 1 -1 0 0 0 1 -1 0 0 2 0 1 0 0 2 0 -1 0 0 0 0 -1 0 1 0 -1 1 0 1 0 0 1 1 1 -2 0 2 0 0 0 0 1 2 0 -1 -1 0 0 1 1 1 2 0 0 0 0 -1 -1 0 -1 0 0 1 -1 0 0 0 0 0 0 1 2 1 0 0 0 1 0 0 0 1 0 0 0 0 -1 0 -1 0 0 0
-1 1 3 -1 0 -1 0 -1 1 0 2 -1 1 1 -1 0 1 -2 1 0 1 1 -1 1 -1 0 0 0 0 0 -1 0 0 0 0 1 0 0 0 0 0 2 0 0 0 1 0 -1 1 0 1 -1 1 0 0 1 1 0 -1 0 0 0 0 0 -2 -1 0 0 0 1 0 -1 0 0 0 1 -1 0 1 -1 -1 0 0 0 0 0 2 0 0 0 -1 0 0 0 1 0 0 0 1 1 0 -1 2 0 1 0 0 0 1 0 0 0 0 0 0 0 0 0 0 0 0 1 0 -1 1 2 -1 1 -1 -1 0 1 0 0 0 2 0 1 0 -1 -1 0 0 0 -1 1 0 -1 0 1 2 0 0 1 0 -1 -1 13 -1 -2 0 0 -1 0 -2 0 0 0 0 2 0 -1 0 1 0 0 0 0 0 0 1 -1 1 0 0 0 0 1 0 -1 1 3 -1 0 -1 0 1 0 1 0 1 2 -1 0 0 0 -1 0 1 -1 0 -1 0 0 0 1 0 2 0 0 0 -1 0 0 0 1 1 3 0 0 0 0 0 -3 -1 0 1 -1 2 0 1 -1 1 0 0 1 1 0 0 1 0 0 0 1 0 0 1 0 0 1 0 0 0 1 1 -1 1 1 0 -1 0 -1 0 0 0 0 0 -1 0 0 -1 0 0 0 0 0 1 0 -1 0 0 -1 0 0 -1 0 -1 1 -2 -1 -1 1 0 -1 1 -1 0 1 2 1
0 -1 0 -1 0 2 0 0 0 1 -1 0 0 0 1 -1 -1 0 0 0 0 0 0 0 0 0 -2 0 -1 0 -1 0 0 -1 3 0 0 1 0 0 0 1 -1 0 -2 0 0 0 0 1 0 1 0 -1 0 -1 0 0 -1 0 1 0 0 0 0 0 1 0 0 0 0 0 0 0 0 0 0 0 2 0 1 0 1 0 2 0 -1 0 0 1 -1 2 0 -1 0 0 0 1 -1 1 0 0 0 1 0 0 1 0 -1 0 0 0 0 1 -1 0 0 1 0 -1 -2 5 -1 1 0 -1 0 0 0 1 1 0 0 0 1 1 1 0 0 0 -2 0 -2 -1 0 0 2 1 0 0 0 -1 1 0 1 1 0 -1 14 0 0 0 0 0 0 0 -1 0 0 0 -1 1 0 0 1 0 0 2 0 0 0 0 0 1 0 -1 1 0 0 0 0 0 0 0 1 0 1 -1 -2 0 0 0 1 0 1 -1 0 0 0 1 0 1 0 0 0 2 -1 0 0 1 0 -1 0 0 1 0 0 0 2 0 1 2 0 0 0 -1 -1 0 -1 -1 0 1 1 0 1 0 0 -1 0 -1 1 0 0 0 1 2 -1 0 -1 2 0 1 1 0 -2 0 -1 0 0 1 0 0 0 0 0 -2 -2 1 0 -1 1 0 0 0 0 0 0 -1 0 0 0 1 0 2 0 -1 -2 1 0 0 -2 0 0 0 -1 0 2 -2 0 0
1 0 -1 0 0 0 0 1 0 0 0 2 -1 0 1 -1 1 1 0 0 -1 2 1 0 0 0 0 0 -1 0 -1 1 0 0 -2 -1 0 1 0 1 -4 -1 -2 2 1 1 -1 1 0 -1 -2 0 0 1 2 0 0 0 -3 0 -1 1 -1 1 0 0 0 0 -2 -1 -1 0 1 -1 0 -1 -1 0 -1 0 -2 -1 1 -1 1 0 -1 -1 -1 0 0 -1 0 1 -1 0 0 0 3 0 0 1 -1 -1 0 0 0 0 -1 2 0 1 0 0 0 1 -1 1 1 0 0 1 1 0 -1 0 0 -1 0 0 1 1 0 1 1 -1 1 -1 -1 0 1 3 0 0 2 0 -1 -1 0 0 0 1 0 -1 2 -1 4 -2 0 19 1 1 1 -1 1 2 0 0 3 0 0 0 0 -1 0 -1 0 -1 1 0 0 0 0 1 0 -1 -1 0 0 -1 -2 0 0 0 0 0 1 -2 2 1 0 1 1 0 0 -1 0 0 0 1 1 0 0 0 0 0 0 -2 1 0 0 -1 -1 1 0 0 0 0 1 0 1 1 0 0 0 -1 0 0 1 1 1 1 1 0 0 1 0 -2 2 0 0 2 0 -1 0 -1 1 1 2 0 0 2 1 1 -2 2 0 1 2 -2 0 1 0 0 0 -1 0 0 -3 0 2 -2 0 0 -1 0 0 0 1 -2 0 -1 0 0 0 0 0 1 0 1 0 0 1 0 -1 -1 0 0 0 0
-1 0 0 1 0 -1 1 -1 1 0 0 0 -1 -2 1 -1 1 -1 0 0 -3 0 0 1 0 0 0 0 1 0 -1 1 0 -1 1 0 0 2 0 1 0 0 -1 0 0 0 1 -1 1 -1 0 0 1 0 0 0 0 -2 0 0 0 1 0 0 -1 0 0 1 0 0 -1 0 0 1 0 -1 1 0 0 2 -1 0 0 0 -1 1 0 1 0 0 -1 -2 0 0 -1 0 0 1 0 -1 -1 0 0 -1 -1 0 0 0 -1 1 0 0 0 0 0 0 1 0 1 0 0 -2 1 -1 2 2 0 -1 0 0 -1 0 0 -1 0 1 2 2 0 -1 0 1 1 0 1 0 0 1 1 0 1 -1 -1 1 0 0 1 0 0 1 11 0 0 -1 -1 0 0 -1 0 -1 0 -1 1 0 0 0 0 0 0 -1 0 0 1 0 -1 0 0 1 0 -1 0 0 -1 1 0 1 0 1 -1 0 1 0 -2 1 1 0 0 0 0 0 1 -1 0 -1 0 -2 0 0 0 -1 0 0 1 2 1 -1 0 0 1 0 1 2 0 0 2 1 2 0 0 2 0 1 1 0 0 0 0 0 0 0 0 1 -1 0 2 -1 0 0 0 0 -1 0 1 0 1 0 -1 2 0 1 0 -1 0 0 1 1 0 0 1 0 0 1 0 0 0 1 0 1 0 0 3 0 0 1 0 -1 -1 0 -1 -1 -1 0 -1 0 0 0 -2 1 0 3
0 -1 1 -1 -2 1 3 -1 -3 1 -1 3 -1 1 0 0 -1 2 0 -1 0 1 0 1 0 -1 1 0 0 0 1 1 1 0 -1 1 0 0 1 -1 -1 0 0 -3 0 0 1 0 -2 -1 1 1 0 0 2 0 0 0 0 0 0 0 2 0 0 0 0 0 -1 0 0 2 -1 0 0 -1 1 1 0 1 1 0 3 0 0 0 -1 1 -1 0 1 1 0 2 -1 1 0 0 1 0 0 0 -1 -1 2 0 1 -1 0 1 0 -1 -1 0 0 2 0 2 0 -2 0 0 0 2 0 1 2 -1 -1 0 0 0 -1 1 2 -2 0 0 2 1 0 0 -2 0 0 1 -1 1 0 0 0 0 0 0 1 0 -1 0 0 1 0 19 0 2 -1 0 1 -1 0 1 0 -1 1 2 1 -3 -1 -1 0 -1 -1 1 1 -1 0 -1 0 1 0 -1 -3 0 -1 0 -1 -1 1 0 2 0 1 1 1 2 0 -2 0 0 0 -1 2 0 1 1 0 -1 0 -1 0 1 1 -1 0 2 0 0 0 1 1 -1 1 1 -1 0 0 0 0 -2 0 -1 1 0 -1 0 -1 1 0 0 -1 -1 0 0 1 1 1 0 0 1 2 2 0 -1 1 2 -1 0 -1 1 0 -2 1 0 0 1 0 1 1 -1 -2 -1 0 0 1 -2 1 1 0 -1 -1 0 0 3 1 -1 0 0 0 1 0 -4 -1 0 3 2 0 -1 0 1 1 0
0 0 0 -1 0 0 0 0 1 0 0 0 0 0 0 1 0 0 1 0 -1 0 0 0 2 0 0 0 0 0 0 0 0 0 0 0 -1 0 0 -1 0 -1 0 0 -1 1 1 1 1 0 1 0 0 0 1 0 0 0 1 0 -1 0 1 -1 0 0 0 1 0 0 1 0 -1 0 0 2 0 1 1 1 0 0 0 1 0 0 -1 0 0 0 1 0 1 0 0 1 0 2 1 0 1 1 0 0 0 0 0 0 0 0 0 -1 0 1 0 1 0 -1 0 0 1 1 1 0 -1 2 0 0 3 0 -2 0 0 0 0 -1 0 -1 0 0 -1 0 0 0 0 0 1 0 1 0 0 1 0 -1 0 0 1 -1 0 1 0 0 9 0 0 0 0 0 0 -1 -1 1 0 -1 0 0 0 -1 0 0 0 -1 0 1 0 0 0 1 0 0 0 0 0 0 1 0 0 0 0 0 0 0 0 0 0 0 0 0 0 0 0 0 0 -1 0 0 0 -2 1 1 0 1 1 0 0 2 0 0 1 0 0 -1 -1 1 0 -1 0 1 0 0 0 0 -1 -1 -1 4 0 0 1 0 0 0 0 0 0 -1 0 0 1 0 0 1 0 0 0 0 0 0 1 0 1 0 1 0 0 -2 0 2 -1 0 0 0 0 0 0 -1 0 0 -1 0 0 1 0 0 -1 1 0 0 0 1 0 0 0 0 -1 1 0 0 0 0
0 0 0 0 -1 1 0 -1 1 -1 0 0 0 1 3 0 -1 1 0 0 0 -1 0 -1 0 1 1 0 -1 -1 -1 1 1 1 0 2 3 0 0 1 1 -2 1 0 -1 -1 0 -1 -3 -1 0 0 0 0 0 1 -2 0 1 1 0 0 1 0 -1 2 0 0 0 0 1 1 -1 0 0 1 0 0 0 0 3 1 -1 -1 -2 -1 0 1 0 0 1 0 0 0 0 2 1 0 0 1 0 -1 -1 -1 1 -2 -2 0 0 0 0 1 -1 0 2 0 2 -1 1 0 0 1 -1 0 -1 -1 1 0 1 -1 0 0 0 1 0 -1 1 0 -2 2 1 -1 0 0 0 1 -1 1 2 1 -1 0 -1 0 0 1 -1 0 0 -1 -1 2 0 17 0 1 0 0 0 0 0 0 -1 -1 -1 0 0 -1 0 -1 -1 -2 0 0 0 0 0 0 0 2 0 1 0 1 0 1 -1 3 1 1 0 -1 1 1 -1 1 1 0 1 0 0 0 -1 0 3 -1 0 1 0 0 1 0 0 0 2 0 0 0 0 -1 1 1 3 0 -1 1 -1 1 0 2 0 0 -1 -1 0 0 0 0 -1 -1 -1 0 -1 0 1 0 0 1 1 2 0 0 0 1 0 -1 0 0 0 0 0 0 0 0 0 2 3 0 0 0 -2 1 1 -1 0 1 0 -1 0 0 1 0 0 1 1 0 0 3 0 5 0 0 1 1 0 0 1 3 0 0
0 1 -2 1 1 0 1 2 -2 1 0 0 1 -2 0 1 1 3 1 0 0 -1 0 0 1 0 -1 1 1 0 2 0 0 1 0 0 0 -2 0 -1 -1 0 0 0 0 -1 1 1 0 -1 0 1 0 -1 3 -1 -1 -2 -1 -1 0 0 -1 0 1 -1 0 1 0 0 0 1 2 -1 1 -2 1 0 1 1 -1 1 0 1 2 0 0 0 0 0 0 1 -1 -1 1 1 0 0 0 0 1 -1 -2 0 -1 0 0 0 2 0 3 0 0 -1 0 0 0 -1 -1 -2 0 -1 0 0 -2 1 1 1 1 1 0 -1 1 -1 1 0 0 0 -1 0 -1 1 0 -1 1 0 -3 2 -1 2 -1 -1 0 1 1 1 0 -2 0 1 -1 -1 0 0 19 -1 0 1 0 1 0 0 1 -1 0 -3 -1 -1 -2 0 1 1 -2 0 -4 0 0 -1 0 0 1 0 0 0 0 2 0 0 2 1 0 0 -1 -1 0 0 0 1 0 1 0 0 1 1 0 2 -1 0 0 1 2 -1 0 1 0 0 0 0 2 0 0 -1 0 2 0 1 1 -2 -1 0 1 1 0 1 -1 1 -2 1 1 0 0 0 1 -1 -1 1 -1 1 1 -1 -1 1 0 0 -1 0 0 -1 -2 -1 -1 0 1 2 2 4 0 3 0 -1 0 0 -1 1 0 1 0 3 0 0 -2 0 -1 0 -1 0 0 0 1 0 2 0 2 2 -1 1 1 0 0 0
0 0 0 0 -1 0 0 0 0 0 0 0 0 1 0 0 0 0 0 0 2 0 2 -1 0 1 0 1 -1 0 1 0 0 -1 0 0 0 -1 0 0 2 -1 0 -1 0 0 0 0 -1 -2 0 1 -1 -1 0 0 1 0 0 0 0 0 0 0 0 -1 0 0 0 0 -2 0 0 0 -1 0 -1 0 -1 0 0 0 -1 -2 -1 0 0 0 -1 0 0 0 1 0 0 0 0 0 0 0 0 1 2 0 0 0 1 1 -1 1 -2 0 0 1 0 0 0 1 2 0 0 0 0 0 0 0 -1 0 -1 -3 0 1 0 1 -1 1 1 0 -1 0 1 0 0 0 3 1 1 2 0 0 0 1 0 0 0 0 -1 0 0 2 0 0 0 1 -1 11 0 0 2 0 0 0 0 0 -1 0 -1 1 0 0 -1 0 0 1 0 0 0 0 0 0 0 -1 0 0 0 0 0 0 1 -1 0 0 0 1 -1 -1 1 1 1 1 -1 0 1 -1 1 -1 0 0 -1 0 0 0 -1 1 1 -1 0 0 0 0 0 1 0 -1 0 0 0 0 0 1 0 -1 0 0 0 0 -1 1 0 1 -1 1 1 0 0 -1 0 0 2 0 1 0 0 0 0 1 0 0 1 1 0 0 0 1 -1 0 0 1 0 -1 1 0 1 0 0 -1 0 0 1 0 -1 -2 -1 0 0 0 0 0 1 1 0 0 0 0 1 0 1 0 -1 0
1 0 -2 1 -1 0 0 0 0 0 1 0 -1 0 1 0 0 0 0 2 -1 0 0 0 0 0 0 0 1 -1 0 0 0 0 0 0 0 -1 0 -1 0 0 0 1 2 -1 0 0 0 0 0 0 0 2 0 -1 1 0 1 0 0 -1 0 0 0 0 -1 0 0 0 2 2 3 0 0 0 0 0 0 0 0 -1 0 0 -2 0 1 0 0 -2 0 0 0 2 0 1 1 -2 0 -1 0 1 -1 1 0 1 1 0 0 1 0 0 1 -1 0 1 1 2 0 2 0 -1 0 0 1 2 0 1 1 0 0 1 -1 0 1 0 0 0 0 1 0 1 2 0 0 -1 0 -1 0 1 -1 0 0 1 0 0 0 0 -1 0 0 1 0 0 0 0 15 0 0 1 0 0 0 -1 1 0 1 0 1 0 0 -1 0 -1 -1 0 -1 0 0 1 0 0 1 2 1 0 0 0 2 1 0 0 0 3 -2 0 -2 2 0 0 -1 -1 -1 0 1 1 0 1 0 -1 0 -1 -1 0 -1 0 -1 0 1 0 0 0 0 3 1 0 -1 -1 0 1 -1 1 0 0 1 0 -1 1 -1 0 0 0 0 0 0 0 0 1 0 -1 0 0 0 1 0 -1 1 0 0 -1 1 0 0 -1 2 0 0 0 0 -1 0 0 2 0 -1 0 -1 0 0 0 0 -1 2 -1 2 0 2 -1 2 -1 2 1 0 -1 0 2 -1 0 0 0
1 -1 -1 0 0 0 -1 2 1 4 2 1 0 -1 -1 1 2 0 -1 0 0 2 1 0 0 0 0 -1 0 1 1 2 0 1 -2 0 0 1 -1 1 0 1 1 1 -1 -2 1 1 0 3 1 -1 1 1 1 -3 1 0 1 0 1 2 0 -2 0 0 1 -2 3 1 -1 0 -1 1 0 0 -1 1 -1 -1 0 0 -1 3 3 0 1 0 1 0 2 -1 -1 -1 4 -1 0 0 0 -1 -1 0 -1 -1 0 2 2 -2 1 1 0 -1 0 0 0 0 0 0 0 0 0 0 0 -2 0 0 -1 0 0 0 1 -1 0 1 1 1 2 0 1 0 1 0 0 0 -2 2 -1 1 0 2 0 2 0 1 1 0 0 0 0 0 -1 -1 0 0 1 0 0 22 1 1 0 0 0 3 1 -1 0 0 1 -1 -1 2 -1 -1 0 2 0 0 1 0 0 -1 1 1 0 1 0 0 2 1 2 0 0 0 2 0 -1 -2 1 1 0 2 -2 1 0 2 -1 1 0 0 0 -1 2 -1 0 1 -1 0 -1 1 0 -1 0 1 1 0 1 1 0 1 0 1 -1 0 2 0 0 0 0 -1 1 0 1 0 1 2 1 -1 -1 0 -1 0 1 0 -1 0 -1 -2 -1 0 1 -1 -1 0 0 1 -1 0 0 1 -1 1 0 -1 1 -1 0 1 2 0 0 -1 0 0 1 0 0 -1 0 0 2 -3 1 0 0 1 1 -1 0 0
-1 0 0 0 0 0 -1 1 0 1 0 0 0 0 0 0 1 -1 0 0 3 0 2 0 1 0 0 0 -2 -1 0 0 0 1 0 -1 0 0 -1 1 0 -1 -1 1 0 1 0 3 1 0 0 1 1 0 0 0 1 1 0 1 0 1 0 0 0 0 1 0 0 0 -2 0 0 1 0 0 0 1 0 -1 0 0 0 1 1 1 0 -1 -3 0 2 -1 0 1 1 0 0 1 1 0 1 0 0 0 1 2 0 0 0 0 0 0 0 0 0 0 0 0 0 1 0 -1 0 1 1 0 0 0 0 0 -1 1 1 0 1 1 1 0 -1 0 3 0 0 1 2 1 0 0 0 0 -1 3 -2 0 0 1 0 0 0 3 0 0 0 0 0 2 0 1 14 1 0 1 1 -1 0 0 0 1 1 2 0 1 0 -1 1 0 1 0 0 0 2 1 0 0 0 1 0 1 4 -1 0 0 0 0 1 0 -1 0 1 1 1 0 0 0 0 -1 0 0 0 0 1 0 0 0 0 -1 0 0 0 0 -1 1 -1 1 0 0 1 0 0 0 3 1 1 -1 -1 0 0 1 0 2 -1 1 0 1 1 0 0 0 0 0 1 0 0 0 0 1 0 0 4 0 0 0 0 0 0 0 0 0 0 0 0 -2 0 -1 0 0 0 0 0 -1 1 -2 2 1 0 1 1 0 0 4 0 0 1 1 -1 0 -1 0 0 0
0 1 -2 0 -1 1 2 0 -1 0 0 1 0 1 0 0 1 -1 0 0 0 0 0 0 -1 0 0 -1 0 2 1 -1 0 0 2 2 2 0 0 -2 0 1 2 -2 0 0 -1 -2 1 0 0 -2 0 1 1 1 1 1 1 0 -2 2 -1 2 3 -1 -1 0 0 -1 3 -1 1 2 -1 0 0 0 0 3 2 0 0 -1 1 -1 0 -2 0 0 2 1 -1 0 0 -1 0 -1 0 0 1 0 0 1 0 0 -2 0 2 -1 -1 -2 1 0 1 -4 -2 2 0 0 1 -1 0 0 -3 -1 0 1 1 0 1 0 3 0 0 0 0 -1 2 2 0 2 0 0 -1 0 0 0 0 1 -1 0 1 0 -1 -2 -1 2 0 0 -1 1 -1 0 1 0 1 1 1 22 -1 0 0 2 0 0 0 0 1 0 1 3 1 0 1 -1 1 0 0 0 1 0 -2 3 0 0 1 0 1 1 2 4 2 -1 1 1 1 0 0 -1 1 -2 0 0 0 2 0 0 0 1 0 0 0 0 -1 0 1 0 1 1 -1 2 1 1 2 0 -1 -1 3 -1 -1 3 1 0 -1 1 1 0 1 -1 1 0 1 1 -1 -2 0 1 0 -1 0 0 -1 2 0 0 -2 1 1 2 -1 0 0 1 0 0 0 0 1 0 0 0 0 0 0 1 2 1 0 0 3 0 0 -2 -1 -1 0 1 0 -1 0 1 0 0 0 1 2 0 0 0
2 0 0 0 0 1 1 -1 0 1 0 0 1 0 0 0 1 0 1 0 0 1 -1 0 1 0 0 1 0 0 0 0 0 0 -1 0 0 0 0 0 -2 -2 -1 0 0 0 0 0 -1 -1 -1 0 0 -1 0 1 0 0 0 1 0 0 0 0 -1 1 -1 0 0 1 0 0 0 0 2 0 0 1 -1 -1 0 0 0 1 0 0 3 0 0 0 2 -1 -1 0 -2 0 1 0 -1 0 -1 1 1 0 2 -1 -1 0 0 0 0 0 -2 0 0 0 0 0 0 0 -1 1 0 0 0 0 -1 -1 -1 0 0 0 0 -1 -1 0 0 1 0 0 0 0 0 0 2 -1 0 1 -1 0 1 0 1 0 0 0 0 0 -1 0 0 0 -1 0 0 0 0 0 0 -1 11 0 0 -1 0 0 -1 1 -1 0 -1 0 1 0 0 0 0 1 1 1 0 1 1 0 -1 1 -1 0 0 0 -1 1 0 0 0 -1 -2 0 0 0 -1 0 0 0 0 -1 0 1 -2 -1 -1 0 0 0 0 0 -1 0 0 -1 1 1 0 0 0 0 0 1 1 0 0 0 0 0 0 -3 1 0 0 1 0 0 1 1 0 2 2 0 1 0 1 1 -1 -1 1 0 0 0 1 0 0 0 1 1 0 0 0 1 0 0 0 1 0 2 0 1 -1 -1 0 0 -1 -1 0 0 0 -1 1 1 1 0 0 -1 0 0 0 0 -1 0 0 0
0 0 1 -1 0 2 -1 0 0 1 0 0 -1 0 0 -1 -1 0 0 1 -1 0 0 -1 2 -1 0 0 1 0 1 -1 0 3 3 1 0 1 0 0 -3 0 -3 0 -1 0 0 1 2 0 1 1 -1 0 -1 -1 0 1 0 0 0 1 0 0 1 0 0 1 0 -1 -1 0 0 0 2 0 -1 1 0 -3 -1 0 1 0 0 -1 -1 0 0 0 1 0 0 3 -1 3 0 -1 0 1 0 1 -1 1 0 -2 0 0 0 -1 1 0 0 1 1 1 0 1 0 -2 0 1 1 3 -2 1 1 1 2 0 0 0 0 0 -1 0 0 0 0 0 -1 2 2 -1 0 0 1 1 1 0 0 0 0 0 1 1 0 -1 1 0 -1 -1 1 0 0 0 0 0 1 0 0 16 0 1 0 0 0 1 0 0 -1 0 -1 0 1 0 1 0 1 0 0 0 0 0 1 0 1 0 0 0 0 0 0 1 1 -1 1 3 1 0 0 0 0 0 1 0 -1 1 0 -1 0 1 2 0 0 1 -1 0 1 0 -1 -2 -1 0 1 0 0 2 1 -1 1 0 1 1 2 1 0 0 -1 1 1 0 -1 0 0 -1 0 0 -1 -1 0 0 0 0 0 -1 1 1 1 0 0 0 0 -2 1 -1 0 0 2 0 -1 0 -1 2 0 0 1 0 1 0 0 0 0 -1 0 0 1 0 0 2 1 1 0 -1 1 -1 0 0 0 -1
1 1 0 0 1 0 0 0 0 0 0 0 -1 -1 0 0 0 -1 0 0 -1 -1 0 2 0 0 0 0 2 0 0 0 1 -1 0 0 0 0 -1 0 0 0 0 0 0 0 0 0 0 1 0 0 0 -1 -1 0 0 1 0 0 0 0 -1 0 0 0 1 0 0 1 0 -1 0 0 0 -1 1 0 0 1 0 -1 0 -1 1 0 0 -1 0 0 0 0 0 0 1 0 1 -1 2 -1 1 0 0 0 0 0 0 0 0 0 1 0 0 1 0 0 0 0 -1 0 0 1 0 0 1 0 -1 0 0 1 2 -1 0 1 0 -1 0 0 0 0 0 1 0 0 1 1 0 -1 0 0 1 0 1 0 0 0 -1 0 0 0 1 1 0 -1 1 0 0 0 1 0 0 0 10 -1 0 0 -1 0 -1 1 0 1 0 -1 -1 1 -1 1 0 -1 0 0 0 0 1 0 0 -1 -1 -1 0 0 0 0 0 0 0 0 0 0 2 -1 0 0 0 -1 0 -1 0 -1 0 0 1 0 -1 0 0 0 0 -1 1 0 -2 0 0 0 0 0 0 0 1 -1 1 0 0 0 0 0 0 0 1 -1 -1 0 -1 -1 0 0 -1 0 0 0 0 0 0 0 0 0 0 -1 -1 0 0 0 -1 0 0 -2 0 0 1 1 2 0 0 0 0 2 0 0 1 0 0 1 -1 0 1 0 0 2 0 0 1 0 0 -1 0 1 0 -1
-2 0 0 0 0 -1 0 0 0 0 0 0 0 0 -1 0 1 0 -1 -1 0 -1 0 0 0 0 0 0 -1 1 0 0 -1 0 -1 0 0 2 1 1 0 2 0 -1 0 0 0 0 0 1 1 -2 1 0 0 -1 1 -1 1 0 1 1 0 0 2 -1 -1 0 1 0 0 0 -2 0 1 0 0 -1 0 1 1 -1 0 3 1 0 -1 0 -1 0 -1 0 0 -1 -1 0 1 0 0 -1 0 0 0 1 0 0 0 0 -1 0 0 1 -1 -1 0 1 -1 2 0 -1 0 -2 0 -2 0 1 0 1 -1 0 -1 0 -1 0 -1 2 0 0 1 0 0 -2 0 0 -1 1 1 3 0 -1 0 0 0 0 -1 1 -1 1 0 -1 0 2 -1 -1 -1 0 -1 3 -1 2 -1 1 -1 15 0 0 1 0 0 0 0 1 0 0 0 0 -1 1 1 -1 1 -1 0 1 0 -2 1 1 0 0 2 1 1 0 0 1 0 1 0 0 -1 -1 -1 1 1 1 0 0 0 0 0 1 1 0 -1 0 0 0 0 1 0 1 -1 2 -1 2 1 0 1 0 0 0 0 0 0 1 1 0 -1 0 2 0 0 0 0 -1 0 0 0 0 0 0 0 2 0 0 0 1 0 0 0 0 0 1 0 2 0 1 -1 1 0 1 0 -1 1 0 1 0 1 1 0 1 0 0 0 0 -1 -1 0 -3 -1 0 0 0 0 0 2 1 0 1
0 1 1 0 0 1 1 0 0 1 0 1 0 -1 0 1 0 0 0 1 -1 0 -1 1 0 0 -3 0 2 1 0 1 0 1 -1 0 0 0 1 -1 1 0 0 0 0 0 0 0 0 0 0 1 0 -1 1 1 1 -2 1 0 3 -2 1 -1 0 -1 1 0 -1 0 -1 1 1 1 -1 0 -1 2 0 -2 1 1 -1 0 0 0 0 -2 0 -2 2 1 0 0 1 0 0 0 0 0 1 0 1 0 0 -1 2 1 0 2 0 0 0 2 -1 -1 -1 0 1 0 -2 1 -1 0 1 1 1 -1 0 1 0 0 -1 0 0 1 2 0 2 2 1 4 0 0 -1 0 0 0 0 1 0 5 0 0 0 0 1 0 1 0 0 1 0 -1 0 -1 1 1 0 0 0 0 0 0 15 0 0 -1 1 -1 0 1 0 0 1 1 0 0 1 1 -1 -1 0 0 1 0 -1 1 -1 1 0 0 0 1 1 0 -1 -1 0 1 0 1 -2 2 0 3 1 0 1 0 0 0 0 0 1 1 0 1 2 1 0 0 -1 1 1 0 1 -1 0 1 0 1 1 0 2 -1 1 1 0 0 0 0 0 1 0 0 -1 1 0 -1 0 0 0 0 0 1 0 0 -2 1 0 1 1 0 0 0 -1 0 0 1 1 0 0 1 0 0 -1 1 0 0 1 0 0 0 1 0 0 -1 0 -3 1 -1 1 0 0 0 -1 1 0 0
1 -3 0 1 -1 0 0 0 1 0 0 -1 0 0 1 0 0 -1 0 0 1 0 -1 1 0 1 2 -2 2 0 0 -1 0 0 0 0 0 -1 -1 1 1 -1 0 1 0 2 0 0 1 -1 0 0 1 0 -1 -1 0 0 2 0 0 1 0 0 0 -1 1 0 1 0 0 -2 1 0 0 2 0 0 0 0 0 -1 1 0 0 0 1 0 0 0 0 0 0 0 0 1 0 0 0 0 -2 0 1 0 1 0 0 1 0 0 -2 0 0 0 0 -1 0 0 2 -1 0 0 0 2 2 0 1 2 0 0 0 1 -1 0 0 -1 0 0 0 0 1 0 1 0 0 -3 1 0 0 -1 1 0 0 0 -1 1 0 0 0 -1 0 -3 0 0 -3 0 0 -1 0 0 0 0 0 0 0 13 0 1 1 -1 0 1 2 0 0 -1 0 0 0 0 1 -2 1 1 0 0 -1 1 0 1 -2 -1 1 0 -1 0 -1 0 0 -1 0 0 0 0 1 0 0 0 0 -1 0 2 1 0 0 0 -1 -2 0 0 0 1 0 -1 0 0 0 0 0 0 -2 0 0 0 -2 0 1 0 -2 2 0 0 0 0 -1 -1 0 -1 1 0 0 0 -1 0 1 1 0 0 0 1 -1 0 0 0 0 -1 1 0 0 0 0 0 0 0 -1 0 1 0 0 1 1 0 0 0 0 0 0 0 0 1 -1 0 0 0 1 0 -2 0 0 0
-1 0 0 0 -1 -1 -2 0 0 0 -2 1 0 0 0 -1 0 -1 0 0 0 0 0 0 -1 1 -1 0 -1 -1 0 -1 0 0 -1 0 1 0 -1 0 1 2 -1 0 -1 0 1 1 0 1 0 -1 0 1 0 0 0 0 1 0 0 1 1 0 0 0 0 0 0 -1 1 1 0 0 -1 -1 1 0 0 1 0 0 -1 -1 1 0 1 0 0 -1 -1 -1 0 1 0 -1 2 0 0 1 0 1 0 2 0 -1 1 1 -1 0 -1 0 0 0 0 0 0 0 -2 1 0 0 0 0 -1 0 0 0 1 1 0 -2 0 1 0 0 0 0 -1 1 0 1 1 -1 -2 0 1 0 -1 0 1 0 0 -1 1 -1 0 0 0 0 0 -1 0 0 -1 -1 1 0 0 0 -1 0 -1 1 0 0 13 1 1 0 0 -1 0 1 -1 0 -1 0 1 1 0 0 -1 1 0 0 0 1 -1 0 0 1 1 0 2 1 0 -3 0 0 1 0 -1 1 -1 1 0 0 0 -1 1 -1 0 0 0 0 0 2 0 -1 1 0 0 2 0 1 0 -1 0 -1 0 0 0 0 0 1 1 -1 -1 1 2 0 -1 0 0 0 0 0 0 0 1 0 1 2 0 1 0 -1 0 0 1 2 0 0 -1 0 -1 0 1 0 0 0 0 0 0 0 0 -1 1 0 0 1 2 -1 1 -1 0 -1 0 1 0 2 0 0 1 0 0 -1 1 -1
1 0 -1 0 -1 1 -2 -1 0 2 0 1 0 0 0 1 1 0 0 1 0 1 1 0 2 1 1 1 -1 0 0 0 0 0 2 0 0 -1 -1 0 0 2 0 2 0 1 0 0 0 0 -1 0 -1 -1 -2 -1 1 0 1 0 0 0 0 -1 1 -2 0 0 0 2 0 0 1 2 0 0 0 -1 0 1 0 0 0 0 0 1 2 0 0 0 -3 1 0 1 0 0 0 0 -1 -1 0 -1 1 1 1 0 0 0 -2 -1 -1 0 0 -1 0 0 1 2 1 0 -1 -1 0 0 1 -1 0 0 -1 -1 -1 0 1 0 1 1 0 0 0 1 -1 0 0 0 0 1 2 2 0 -2 0 -1 1 0 1 0 0 0 2 -1 0 -1 -1 -1 -1 1 0 0 1 0 1 1 0 0 -1 1 1 14 1 1 -2 0 0 -1 0 0 1 0 1 0 0 0 0 -1 0 1 0 -1 1 1 0 1 0 1 0 0 0 0 0 0 -1 0 1 1 -1 0 1 0 -1 1 0 -1 1 0 2 0 0 0 1 0 1 3 0 0 0 0 1 1 0 -2 0 3 0 0 -1 -1 0 1 0 0 0 0 0 0 1 2 0 0 0 0 1 1 1 1 -1 0 0 0 0 0 2 1 0 -1 0 0 0 0 0 -1 1 -1 0 0 0 0 0 0 0 0 1 0 0 0 -1 -2 -1 0 0 1 -1 0 -3 0 0 0 0 0 0 1
2 0 0 0 0 0 0 0 -1 3 0 -1 -1 0 0 -1 1 0 -1 1 1 0 -1 2 0 1 1 0 1 0 1 3 0 0 2 0 1 1 -1 0 0 0 1 0 1 2 0 1 2 1 -2 0 0 0 0 -1 0 0 0 -1 0 1 1 0 -1 -1 -1 0 -1 0 0 0 3 1 0 1 0 1 -1 1 -1 0 -1 -2 0 1 0 0 0 0 0 -1 0 0 -1 0 -1 0 -1 -1 3 0 -1 0 -1 1 0 0 -1 0 -1 1 1 0 -1 0 0 1 1 1 0 0 1 1 -1 1 -1 0 0 0 -1 1 3 1 0 2 3 -1 1 -1 -1 -1 0 0 -1 2 0 -2 0 0 0 0 1 0 -1 1 0 0 0 1 0 0 0 0 -2 0 1 1 1 1 -1 0 -1 0 1 1 1 1 19 0 -1 -1 0 0 1 0 2 -1 -2 1 0 0 0 1 1 0 1 0 0 1 -1 0 0 -1 0 1 0 1 1 0 1 -1 0 0 0 0 -1 0 1 1 -1 -2 -1 -1 0 -1 0 1 1 1 0 0 0 -1 0 0 0 -1 2 -1 1 0 0 0 -1 -1 1 0 -1 0 0 0 1 0 0 -1 -1 0 0 0 0 -1 2 1 0 0 0 -1 0 1 1 2 0 0 -1 -1 1 0 -2 0 -1 0 -1 -1 0 1 0 0 -1 0 1 1 0 0 1 -2 -1 -1 0 1 0 -2 2 0 0 0 0 -1 0 -1
0 0 -1 -1 0 0 -1 -1 0 -1 0 0 0 -1 -2 0 1 0 2 2 1 0 1 -1 1 0 0 1 -2 0 1 0 1 0 1 2 1 1 0 0 0 0 0 1 1 -1 0 1 0 0 0 0 0 -1 -2 0 0 0 -2 0 1 0 -1 0 0 0 0 0 0 0 -1 1 -2 0 1 0 0 0 0 0 0 -1 0 1 1 1 1 -1 -1 0 0 0 0 1 -1 0 1 0 0 0 -1 -1 0 0 0 0 -2 -1 1 -1 0 0 0 -1 0 0 0 0 -1 1 -1 1 0 0 -1 -1 0 0 0 0 2 -1 1 1 1 0 0 0 0 0 0 0 0 0 2 0 -1 -1 0 0 -1 2 0 0 -2 0 -1 0 0 0 -1 -1 0 -1 0 0 0 -1 2 0 0 0 1 0 -1 -1 0 1 0 12 1 1 -1 -1 0 -1 0 -1 0 0 0 0 0 0 0 0 -1 0 0 0 0 1 0 0 0 0 0 0 0 1 -1 -2 0 0 0 0 -1 0 0 1 -2 0 -1 0 0 0 0 0 1 0 0 0 0 1 0 0 -1 0 0 0 2 -1 0 1 1 0 0 1 0 1 0 -1 0 0 -1 -1 0 0 -2 1 0 0 1 0 0 1 2 0 1 0 0 3 0 -1 0 -1 1 0 1 0 0 0 0 0 0 0 0 0 -1 0 -1 0 0 1 0 0 0 0 2 2 1 0 -1 1 0 1 -1 -1 0 -2
0 0 -1 0 1 -1 1 -2 -1 -1 1 0 2 0 1 0 1 0 3 0 1 -1 0 0 0 0 0 1 0 0 -1 0 -1 -1 0 -1 1 0 -2 1 0 0 1 0 1 1 -1 0 2 1 1 1 2 0 0 1 1 1 -1 -1 0 0 -1 0 -1 -1 0 -2 -1 0 1 0 0 1 2 -1 0 0 0 0 0 -1 1 0 0 2 1 0 0 0 0 0 0 0 0 1 -1 0 -1 -2 1 -1 -2 0 0 0 0 0 1 0 1 0 -1 1 1 0 -1 0 0 1 1 0 0 0 0 -1 -1 0 0 -1 0 1 1 1 0 1 0 0 -1 -1 0 0 1 1 2 -1 0 -1 0 -1 1 0 -1 0 0 1 1 1 0 0 0 -1 0 -1 1 -1 0 -1 0 1 -1 -1 0 0 0 0 0 -2 -1 1 16 0 -1 0 -1 0 0 1 -3 0 1 0 1 0 0 -1 0 0 0 0 0 1 0 0 2 0 0 0 0 1 1 -1 0 -1 -1 1 1 0 1 0 0 -1 0 0 0 1 0 1 1 -1 -2 -1 -1 0 -2 0 0 -1 0 0 1 -1 -1 1 3 0 1 0 -1 0 0 0 0 0 2 -1 0 1 1 0 0 1 -1 1 0 0 2 0 0 0 -1 2 0 0 1 -1 -1 0 0 0 0 2 -1 0 1 -1 0 0 -1 0 -1 0 0 0 2 0 1 -1 0 0 -1 0 0 -2 0 0 0 0 0 1
0 -1 0 1 0 -1 -1 0 -1 0 0 1 -1 0 -1 -1 0 1 0 0 0 0 1 0 0 0 1 0 1 1 0 1 -1 0 -1 0 1 0 0 -1 2 0 1 0 2 -1 0 0 0 0 3 0 -1 2 -1 -1 2 0 0 -1 1 0 -1 1 1 -2 0 -1 0 1 0 0 0 1 0 -2 0 0 0 1 0 1 0 2 1 0 2 0 0 0 1 0 0 0 0 0 1 1 -1 0 0 0 0 2 1 1 0 -1 0 0 1 -1 0 0 0 1 -1 0 0 2 1 -2 0 -1 1 -1 -1 0 -1 0 1 0 1 0 0 0 0 1 1 0 1 1 -1 0 1 0 1 0 1 0 1 1 0 0 0 1 0 -1 0 0 0 1 -1 -2 1 0 -1 2 1 3 0 0 1 1 1 1 -1 0 -1 1 0 15 2 -1 4 0 0 1 0 1 0 -2 0 0 0 1 0 0 0 0 1 1 1 -1 0 0 0 -1 0 -1 0 1 0 0 0 1 0 -1 0 1 0 0 1 0 0 -2 -1 -1 1 1 0 1 1 0 -1 0 1 0 0 0 0 0 1 0 0 1 1 1 0 0 0 0 0 0 0 -1 0 0 0 0 1 0 0 1 0 1 0 0 -1 -1 -1 -1 0 0 0 1 -1 0 1 0 0 0 1 2 1 1 1 2 1 0 0 2 -1 -1 0 2 1 -2 -1 -4 1 -1 0 1 1 0 -2 0 0 0
0 1 0 0 0 -2 0 -1 1 0 0 -1 0 0 0 0 0 0 -1 -2 0 1 0 1 1 1 1 1 -1 1 0 -1 0 0 0 0 0 0 0 -1 0 -1 2 0 0 0 0 -1 0 0 0 0 0 -1 0 1 2 2 0 0 0 0 1 1 -1 1 1 1 0 0 1 -1 -1 2 1 -1 0 1 1 2 1 1 1 0 0 0 0 -1 0 1 0 0 1 0 -1 -2 -1 0 0 0 0 0 0 -1 2 0 1 1 0 -1 0 -1 -2 0 1 -1 -2 2 0 0 0 -1 0 1 1 0 1 0 -1 0 -1 1 -2 0 1 0 0 0 3 0 2 1 0 0 0 -1 1 0 0 1 1 -1 0 0 1 -1 -1 1 0 0 1 1 0 0 -2 0 0 -1 0 1 1 -1 0 0 0 2 0 0 0 -1 -1 2 15 0 3 1 0 1 1 0 0 1 0 1 0 0 0 0 2 0 0 0 -1 1 -1 -1 -1 0 0 0 1 -1 0 0 1 1 0 0 -1 0 0 1 0 -1 0 0 0 -1 1 1 0 0 1 1 1 0 1 0 -1 1 1 0 1 0 0 1 1 1 0 0 1 0 1 0 1 -1 0 -1 1 0 0 -1 0 1 0 0 -1 0 0 0 -2 -2 0 -1 0 -1 0 1 0 -1 -1 0 1 2 0 0 0 1 0 1 1 0 0 -3 1 1 0 0 1 -1 1 -1 0 0 1 1 0 1 1 1
0 -3 0 0 0 0 2 1 1 0 0 0 0 0 0 -1 -1 -2 0 0 1 -1 0 0 0 0 1 1 -1 0 0 0 1 0 0 0 0 0 0 0 0 0 0 2 0 1 2 0 0 0 0 1 -2 0 1 -1 0 0 0 0 0 0 -1 1 0 -1 1 0 0 0 0 0 0 0 0 1 3 0 0 0 0 -1 0 -1 -1 0 0 0 0 0 -1 1 1 0 -1 0 0 1 0 2 0 1 -1 0 0 -1 0 0 0 0 0 0 0 2 0 -1 0 0 1 1 1 2 0 0 -3 0 2 0 -1 0 0 -1 1 1 0 0 0 0 1 1 0 0 -1 0 0 -2 1 -1 0 1 1 0 1 2 1 -1 1 0 1 1 0 -1 1 0 0 1 -1 -1 -1 0 0 0 -1 0 0 0 1 -1 0 -1 0 -1 0 16 0 0 0 0 0 1 0 -2 -1 0 0 0 0 -2 -1 0 0 1 0 1 2 2 -1 1 0 -1 -1 1 0 -1 1 0 0 0 0 2 0 0 0 1 1 2 0 0 0 1 2 -1 2 0 0 0 0 0 0 0 0 0 0 0 -1 1 -1 -1 1 0 -1 0 2 -2 0 -2 0 0 0 0 1 0 0 -1 0 0 -1 0 -1 1 1 0 0 0 -1 -1 0 1 0 0 0 2 -1 1 0 0 0 -1 1 1 1 0 2 0 1 0 1 2 0 0 -1 0 1 0 -1 0 -1 0 1 -2
0 0 0 1 -1 0 -1 0 0 0 0 0 -4 1 1 1 0 0 -1 1 0 0 0 0 0 0 0 0 0 1 0 0 -2 0 1 -1 0 3 0 0 -1 0 -1 0 1 0 -1 -1 0 2 1 0 1 1 -1 0 -1 2 0 0 1 0 1 0 0 2 0 -1 -1 0 3 0 0 0 -2 1 -1 -1 0 1 0 2 0 1 0 -1 2 1 0 -2 1 2 0 0 0 -1 -2 0 0 -2 0 1 0 -1 -1 0 1 0 0 0 2 1 0 0 0 1 0 1 2 2 0 -3 0 1 0 0 -2 0 0 -1 1 2 -1 -2 0 0 0 0 -1 0 -1 1 -1 1 0 -1 0 -1 1 -1 0 0 1 -1 0 -2 1 0 0 0 -1 0 0 0 -4 0 -1 0 1 1 0 1 -1 0 1 0 -1 0 1 0 -1 4 3 0 19 0 0 -1 1 2 0 0 0 -1 0 1 -1 -1 1 0 0 0 1 3 0 -1 -1 2 0 -1 -1 2 -1 1 -1 -1 0 -1 0 0 -1 2 -1 -2 0 0 0 0 1 2 0 -1 0 0 0 -1 0 0 0 1 -1 0 0 0 1 0 0 1 0 1 -2 1 2 0 1 0 0 0 0 0 0 0 0 -1 0 1 0 -1 -1 0 0 -1 0 -3 -1 0 0 -3 0 0 0 -1 -1 0 0 0 0 0 0 -1 1 1 -1 -1 2 1 0 0 -1 -2 1 -1 0 -1 0 0 -1 0 0 0
-2 0 0 1 1 -1 0 1 1 0 0 -2 -1 0 2 1 1 0 0 0 2 0 1 1 1 0 -1 0 1 1 0 -1 1 1 -1 0 0 0 0 -1 1 1 0 0 0 1 -1 0 -2 2 1 -1 0 -1 0 -1 1 1 0 1 -2 -1 -1 1 1 0 0 1 0 0 0 0 -1 -1 -1 0 1 1 -2 0 -1 1 0 1 2 0 0 0 1 1 0 2 2 -1 1 -1 0 0 -2 -1 0 0 -1 0 0 0 0 0 0 -1 1 -1 0 1 1 -1 -1 0 0 3 0 1 0 -1 0 0 -1 1 -1 0 -2 1 -1 -1 -1 1 -1 0 -1 0 1 1 0 0 1 0 -1 -1 0 -1 0 -1 0 0 2 0 -1 0 -1 -1 0 -1 0 0 0 0 0 2 0 -1 0 0 1 0 1 -1 0 0 0 -1 0 0 1 0 0 17 1 1 -1 -1 0 0 0 0 0 0 2 1 1 -1 -2 -1 0 0 0 1 1 0 -1 0 0 -1 1 0 0 0 0 0 -1 1 0 0 1 0 0 0 0 -1 0 0 0 0 0 0 -1 -1 1 2 -2 0 1 1 0 0 0 -1 1 0 -1 -1 0 -1 1 1 1 -1 -1 -1 0 1 0 -2 0 1 2 0 0 -1 0 0 0 -1 0 -2 1 0 -2 0 0 0 0 1 0 1 1 0 1 1 0 0 0 -1 0 0 0 1 2 1 1 1 1 0 -1 -1 1 0 1 -2 0 1
2 0 0 0 0 0 0 0 -1 1 2 -1 1 0 0 0 0 -1 1 0 3 0 0 0 1 -1 0 -2 0 0 0 0 1 1 1 0 1 0 0 0 2 0 0 -2 0 0 1 -2 0 1 0 -1 -1 0 0 1 0 1 -1 0 0 0 0 0 0 0 0 1 -1 0 -1 1 1 1 0 1 0 4 0 0 0 0 1 0 -1 0 0 0 1 -1 2 0 0 2 -1 1 0 1 -2 2 0 0 0 0 0 2 0 1 -2 1 0 0 0 2 0 -1 0 0 1 0 0 0 0 -1 0 0 0 0 -1 2 -1 1 0 0 0 0 2 0 -1 0 0 0 0 0 0 1 -1 1 0 0 1 1 0 0 0 0 0 0 1 -1 0 0 0 0 0 0 -1 0 1 1 0 1 -1 -1 0 0 -1 1 2 0 0 0 0 0 0 1 13 0 -2 0 0 0 1 0 0 0 0 0 0 -2 -1 1 1 0 1 0 1 1 -2 0 -1 1 -1 0 -1 -1 0 0 -1 1 1 0 1 1 0 0 1 -1 1 0 0 0 0 0 0 0 0 0 -1 1 0 0 0 -1 0 0 2 0 -1 0 0 -1 0 0 1 0 0 -1 0 -2 0 0 1 1 1 -1 0 0 1 0 -1 0 0 -1 0 -1 0 2 1 0 0 -1 -1 0 0 0 0 -1 -2 0 0 0 1 0 0 1 0 2 0 1 -1 1 -1 1 0 0 0 -1 0 0
1 1 0 0 1 0 -1 -1 2 0 0 0 1 -1 0 0 0 -1 0 0 0 0 0 0 -1 0 0 0 0 0 0 0 0 0 1 -1 0 2 0 0 0 0 0 0 0 0 1 1 1 0 1 -1 0 0 0 0 0 0 -1 1 0 0 -1 1 1 1 -1 1 -1 0 0 0 0 -1 2 -1 0 1 2 1 1 0 0 1 0 0 1 -1 0 0 2 0 0 1 -1 0 0 1 0 -1 1 -1 2 0 1 1 0 0 0 0 0 0 -1 1 0 -1 0 1 0 0 1 1 0 0 0 0 -1 0 0 0 0 0 0 0 0 0 1 0 -1 0 -2 0 0 0 0 0 0 -1 2 0 1 -1 0 1 0 0 0 1 0 0 1 1 1 0 -1 0 0 0 0 0 1 0 1 1 0 0 0 0 -1 -1 1 1 1 0 -1 1 0 12 0 0 -1 1 0 -1 2 0 1 0 0 0 0 0 0 0 0 0 0 0 0 -2 1 0 0 0 0 1 0 -2 1 1 1 0 0 -1 -1 0 0 0 1 1 1 2 1 0 0 0 1 0 1 0 -1 0 0 0 0 2 0 1 0 1 0 0 0 1 0 0 1 0 0 0 -1 0 0 0 1 0 -1 0 1 -1 0 0 0 0 1 2 0 1 0 0 0 -1 0 1 0 0 0 -1 0 0 -1 0 1 2 0 0 0 1 1 -1 0 2 0 1 0 -1 0 2 0 1
0 1 0 0 0 -1 0 0 -2 -1 1 0 -1 0 0 1 0 0 1 -1 -1 -1 0 -1 0 1 0 0 0 1 0 -1 1 -1 -1 -1 0 3 0 1 0 1 -1 0 0 0 -2 0 -1 1 0 0 0 0 0 1 0 -2 1 4 2 2 1 0 1 1 0 1 1 0 0 1 0 0 0 0 0 0 1 0 1 0 1 1 3 1 1 -2 0 -2 -1 0 0 1 0 -1 0 0 0 2 -2 0 0 -1 1 2 0 0 0 1 1 0 0 1 2 0 0 1 -1 0 -1 -1 0 2 0 0 3 -1 1 2 -1 1 -3 0 -1 0 1 0 0 0 0 0 1 1 0 0 2 2 3 2 -1 1 2 -1 0 0 -1 0 0 0 0 0 0 0 0 0 0 1 0 0 1 1 0 1 1 0 1 1 -2 0 -3 0 1 0 1 -1 -2 0 22 -2 1 0 0 1 2 2 0 0 0 -1 -1 2 0 1 2 -1 0 0 0 -2 0 1 0 2 0 3 1 0 -1 0 2 0 2 0 0 2 0 0 -1 0 2 0 1 0 2 2 0 -1 3 0 1 2 0 1 0 0 0 -1 -2 0 1 0 0 2 0 1 1 0 0 4 0 0 -1 1 0 1 1 1 0 1 1 0 1 0 0 2 0 0 1 0 0 2 0 1 1 0 0 0 2 1 0 0 0 1 -1 0 -1 -2 0 0 2 0 -1 2 0 1 0 1 -1 1
1 -1 -1 0 0 -1 0 1 2 0 0 0 -2 0 0 0 0 -1 0 -1 0 0 1 0 0 2 -1 -1 0 -2 1 0 0 1 2 -1 1 0 0 -3 1 -2 -1 1 0 0 2 -1 0 0 2 1 -1 -1 0 0 0 0 0 0 1 1 0 1 0 0 -1 0 2 0 1 0 0 0 1 0 1 0 0 0 0 0 -3 0 0 0 0 2 0 0 0 0 0 0 0 1 2 -1 -2 2 0 -2 0 2 0 0 1 0 0 0 0 1 2 -1 0 0 2 1 1 1 0 0 0 1 2 0 1 0 0 1 -1 -2 1 1 2 -1 0 0 -1 1 0 0 -2 1 1 0 0 2 0 0 -1 1 -1 0 0 0 0 -1 0 -1 -1 -1 0 2 0 0 1 0 0 0 1 0 -1 -1 1 0 1 0 1 0 0 1 0 1 2 -1 0 0 -2 19 2 0 1 0 -2 0 -1 2 1 2 -3 2 1 3 -1 2 0 1 0 0 -1 0 -1 1 -1 0 1 0 0 0 0 0 0 0 1 2 1 -1 2 0 0 0 3 1 1 1 0 0 -1 0 -1 2 4 0 0 -2 1 0 -1 1 0 0 1 -1 -1 0 -1 0 0 -1 1 1 1 0 -1 -1 2 -1 0 -2 0 1 0 1 0 -1 1 -1 0 1 0 -1 1 0 0 2 -1 0 0 0 -1 0 0 -1 3 -1 0 -1 2 -2 1 -1 1 -2 -1 1 -1 -1 2 1
0 0 -1 0 1 0 0 3 2 0 0 0 -1 0 0 0 0 -2 1 0 0 -1 1 0 0 1 0 1 0 0 0 0 0 0 0 0 0 0 0 0 0 -2 0 0 1 0 -1 0 0 0 0 1 0 1 -1 0 2 0 0 0 0 2 0 0 2 -1 1 -1 1 0 0 0 0 0 0 0 0 -2 0 -4 0 0 -1 0 0 -1 1 0 0 0 2 0 0 -1 0 0 0 0 0 0 0 0 -1 0 0 1 0 -1 0 1 0 0 1 -1 0 0 0 -1 0 0 1 0 0 0 0 2 0 1 0 0 -2 0 0 0 0 -1 0 0 -1 -1 2 -3 1 0 1 0 2 2 0 -1 0 1 0 0 0 0 0 1 0 -2 0 -3 0 0 1 0 0 0 2 1 0 0 0 1 -1 1 0 0 0 0 1 0 0 0 0 0 0 -1 1 2 16 0 0 1 0 2 0 2 0 0 -3 0 0 0 0 0 0 1 0 -1 0 0 0 0 0 -1 0 -1 -1 -1 0 3 2 0 0 1 0 0 0 0 0 -1 2 -1 0 0 0 -2 0 0 -1 0 1 -1 0 0 0 2 0 0 0 0 -1 0 0 0 0 -1 0 -1 0 0 -1 0 0 -1 1 0 2 1 0 0 0 0 0 2 0 1 0 0 0 -1 0 0 -1 0 0 1 0 3 -1 2 1 0 0 0 0 0 1 0 -1 0 0 0 -2 0 0 0 1 0
1 0 0 -1 0 0 0 0 2 0 1 0 -1 0 0 0 1 0 0 -1 0 1 -1 0 0 0 -1 -1 -3 0 0 0 0 0 0 -1 0 1 0 0 0 0 2 1 0 -1 1 1 1 -1 0 0 0 0 1 1 -1 0 -1 2 2 0 1 0 -1 2 0 0 0 0 0 0 0 0 1 0 -1 1 0 0 -1 1 0 0 0 0 0 1 0 1 0 0 0 0 0 0 0 0 1 1 1 0 1 1 1 1 0 0 1 -2 2 0 0 0 0 1 0 0 0 -1 1 2 0 1 0 0 -1 2 1 0 0 0 -1 0 0 0 0 0 0 0 -1 0 0 1 0 1 0 0 1 0 -1 0 0 0 -1 0 0 3 0 0 0 0 0 1 0 -1 0 -1 1 0 1 0 0 -1 -1 -2 0 0 0 0 0 -2 1 -2 0 0 0 1 0 0 0 13 0 -1 1 0 0 1 1 1 1 0 0 1 0 -1 0 0 0 0 0 1 0 0 0 0 1 1 -1 0 1 1 0 -1 1 0 0 2 1 0 -1 0 0 -1 -1 0 0 0 1 0 0 1 0 -1 0 1 1 -1 0 2 0 0 -1 2 0 -1 2 0 0 0 0 0 0 0 1 0 0 0 2 -1 0 0 1 0 0 -1 1 0 0 0 -1 -1 1 -1 0 1 1 0 0 -1 0 1 1 0 0 0 -2 1 -1 1 -1 1 0 1 0 -1 0 0 3 1
1 0 0 -1 -1 0 -4 -1 0 0 1 1 0 0 -1 0 0 1 -1 -1 1 1 2 0 1 1 -1 -1 0 -1 0 0 0 1 -1 -1 1 0 0 1 1 -1 -1 0 2 0 -1 0 2 2 1 0 1 2 0 1 0 -1 0 1 0 0 0 0 0 1 2 0 0 0 0 0 0 0 2 1 -1 -1 0 0 0 0 0 0 1 -1 0 0 0 0 -3 -1 0 -1 1 1 0 0 -1 -1 -1 1 1 0 0 0 2 1 -1 0 -1 -2 0 0 -1 0 0 -1 3 0 1 0 -1 0 1 0 1 -1 0 1 0 0 0 1 -1 -1 0 -1 2 0 0 -1 0 0 1 -1 -1 2 0 -1 1 1 -1 0 0 1 -1 -1 0 0 -1 -1 0 0 0 0 1 1 0 -2 1 0 0 0 0 1 -1 0 0 0 1 0 0 -1 0 0 1 0 0 1 0 0 15 1 1 0 -2 0 0 0 0 0 1 0 -1 -1 1 0 -1 2 0 0 0 0 1 -1 0 0 1 0 0 1 0 0 0 0 -2 -1 0 0 0 0 0 -1 1 -2 0 0 0 1 0 -1 0 0 2 -1 0 1 -2 1 0 -1 0 0 1 0 -1 0 1 0 0 0 0 -1 -1 1 2 -2 0 -1 0 2 0 0 0 1 0 0 0 -1 -1 -1 -2 0 2 -1 0 0 0 -3 -1 0 -1 -1 1 0 0 0 0 1 0 -1 0 0 1 0 -2 -1 0 0
0 0 1 0 0 1 2 0 3 0 1 0 0 0 -1 0 -1 1 0 -1 0 -1 1 1 1 1 0 -1 1 1 0 -1 0 0 -2 0 0 0 1 0 0 1 1 -1 2 0 0 0 1 1 0 -1 2 1 0 1 -1 1 0 0 1 3 0 1 1 0 2 1 0 1 2 0 -1 0 0 -1 1 1 0 1 0 0 0 0 0 0 1 -1 0 0 0 0 0 0 1 -2 1 0 -1 1 -1 1 -1 -1 -2 0 -1 0 0 1 0 -1 0 1 1 0 1 1 0 1 1 0 0 0 1 1 0 1 0 1 0 1 -2 0 0 -1 0 0 1 0 3 -1 0 0 0 0 0 0 0 2 0 0 0 1 1 2 0 0 0 0 1 0 0 1 0 0 2 1 0 3 0 0 0 1 0 1 1 -1 1 0 0 0 1 0 -1 0 0 -1 1 0 1 -1 1 18 0 0 0 0 0 0 1 0 -1 1 -1 -1 2 1 1 1 0 0 0 0 0 0 0 2 0 -1 -1 -1 0 2 1 0 0 0 1 0 0 2 1 2 0 2 0 0 1 1 0 -2 1 0 0 -1 0 -1 0 -1 1 0 0 1 0 1 0 0 1 -1 0 0 1 1 0 0 4 0 1 1 0 1 0 1 0 0 0 0 3 0 -1 2 0 0 -1 0 1 0 0 0 0 0 1 -4 0 -1 2 1 1 0 0 -1 0 -1 0 1 0 0 -1 2
1 1 0 0 -1 1 0 0 1 0 0 1 0 0 0 0 1 1 1 0 -1 0 0 -2 0 0 0 0 1 2 0 -1 0 -1 0 -1 1 3 0 3 2 0 0 0 -1 0 0 1 0 1 1 0 0 0 0 -1 0 0 0 0 1 0 0 0 1 1 0 0 1 0 0 0 -1 0 0 1 -1 0 1 2 1 -1 0 0 0 0 0 -1 0 1 1 0 1 0 0 0 0 0 0 0 2 2 0 0 -1 0 -1 0 0 0 0 0 0 0 1 -1 0 1 0 0 0 0 -1 0 0 -1 1 -1 1 0 1 0 0 0 -1 2 0 0 0 2 -1 -1 0 0 0 -2 1 0 0 0 -1 0 0 1 -1 0 0 -1 1 0 0 -1 1 0 0 0 1 0 0 0 -1 1 1 0 1 0 0 0 1 0 0 0 0 0 0 0 0 2 2 -2 0 1 1 0 14 1 0 0 0 0 0 0 -1 0 0 0 1 0 -1 1 -1 0 0 0 1 -1 0 -1 1 -1 0 1 0 -1 0 0 0 0 0 0 0 0 -1 0 0 1 -1 1 1 0 1 0 -1 0 1 1 -1 1 -1 0 0 0 0 0 1 0 -1 0 0 1 0 0 0 -2 1 1 1 0 1 2 0 -1 1 0 1 0 0 0 -1 0 0 -1 0 -1 -1 0 1 0 -1 0 0 0 -1 0 3 0 0 0 0 -1 0 0 -1 0 1 -1 0 3 0 0
0 0 0 1 0 -1 -1 0 1 1 1 0 -2 0 1 0 -1 1 1 0 -1 0 0 1 1 0 1 0 0 0 0 0 1 0 0 1 1 -1 0 1 0 0 0 -1 1 -1 0 1 0 1 1 2 1 0 -1 0 2 1 0 -1 1 1 -1 0 -1 0 0 0 0 0 0 1 1 2 0 -1 0 0 3 1 -2 1 0 2 -1 -1 0 1 0 0 2 0 0 -2 0 0 0 1 0 0 0 0 1 0 1 0 0 0 0 0 0 0 2 0 0 0 0 -2 0 0 0 1 1 0 0 0 0 0 -1 0 0 1 1 0 0 -1 0 0 0 0 -1 1 0 1 0 0 0 -2 2 1 0 1 1 0 0 0 1 0 0 0 1 -1 0 1 2 0 0 1 1 0 1 0 0 -2 0 0 0 1 0 0 -1 1 0 0 1 0 0 0 2 0 2 0 0 0 1 15 -1 0 0 -1 -1 -1 0 0 0 0 -1 0 0 -4 0 1 1 0 1 0 0 -1 -1 -1 0 0 0 0 0 -1 0 0 -2 0 1 2 -1 0 1 0 1 0 0 0 0 1 1 -1 0 0 0 0 0 0 0 0 1 0 0 0 0 0 2 1 1 1 1 0 0 -1 0 0 0 0 0 0 1 1 1 3 -1 0 2 0 -1 -1 0 1 1 2 1 1 -1 -1 2 0 -1 -1 0 0 0 0 0 0 1 0 0 1 0 0 1 -1 1 0
-1 -1 0 1 0 3 1 1 -1 1 0 1 -1 0 0 -2 -2 -1 0 -1 1 0 -2 0 0 0 0 0 -1 1 0 1 -1 1 0 0 0 1 0 -1 -1 1 -1 -1 1 1 0 0 -1 0 -1 0 0 0 1 0 1 2 -2 0 0 1 1 2 0 -1 0 1 -1 0 0 1 2 0 1 0 -1 1 0 0 0 -2 0 0 0 0 1 0 0 1 0 0 -1 0 0 0 0 1 1 0 1 1 -1 0 0 0 -1 -1 -1 0 0 0 0 0 1 1 -2 1 -1 0 0 0 0 2 -1 1 0 2 0 -1 -1 0 0 1 0 1 0 -1 1 0 0 -1 0 -1 -1 1 0 0 -1 0 0 -1 0 0 1 2 0 1 1 1 0 1 0 -1 0 0 0 0 0 1 -1 1 0 1 -1 -1 0 0 1 -1 0 0 0 0 -1 2 0 1 0 -1 0 0 -2 0 0 -1 13 -1 -1 0 0 1 0 -1 0 2 0 0 0 1 1 0 0 -1 -1 1 -1 0 1 2 0 -1 0 -1 0 0 0 0 1 0 0 0 0 0 -1 1 1 -1 0 -1 -1 0 1 0 0 1 -1 0 0 -2 0 -1 0 1 2 1 0 0 -1 0 1 -2 0 2 0 1 -1 1 -1 1 1 0 0 -1 0 0 0 1 0 0 2 0 -2 0 0 -1 1 0 0 1 -2 0 0 0 -1 0 1 -1 0 0 1 1 0 0 0 -1 1 1 -1 1
-1 0 0 -1 -2 1 0 -2 -1 0 0 1 0 0 2 0 1 0 0 0 0 0 0 1 -1 -1 0 0 0 1 -1 1 0 0 1 1 1 0 -1 1 1 -2 -2 0 0 -2 0 1 -1 0 -1 0 0 -1 -2 1 0 -1 0 -1 0 1 0 -1 1 0 0 0 1 0 1 -1 -1 1 0 -2 -1 -1 -1 0 0 1 0 0 -2 0 -1 1 -1 0 2 1 1 0 -1 2 1 -1 -1 0 2 -1 1 0 -2 0 0 1 0 0 0 -2 0 1 -1 0 0 -2 1 -1 0 0 1 1 0 -2 1 0 0 0 -2 -1 0 0 0 1 0 0 0 1 -1 0 0 -2 1 1 -2 -2 0 1 -2 1 -1 1 -4 0 0 0 -1 -2 1 0 0 3 0 0 0 0 1 0 0 0 -1 1 1 1 1 -1 0 0 0 0 0 -2 -1 1 0 0 0 2 2 1 0 0 0 0 -1 21 0 0 0 -1 -1 2 0 2 -1 -1 0 0 -1 0 0 -1 -1 0 0 0 0 1 0 1 2 1 1 0 0 0 1 -2 -2 -1 -1 0 0 0 1 0 -1 1 0 1 -1 -2 1 0 0 2 0 0 0 0 1 0 -1 1 0 -1 0 0 0 -1 0 0 1 2 -1 0 -2 -1 -1 -1 0 0 0 0 3 0 1 0 -2 0 0 -2 1 1 0 0 0 0 1 2 1 -1 1 1 0 0 0 2 0 1 0 0 -1 1 0 1 2 1
0 0 -2 -1 0 1 -2 2 1 0 1 0 1 1 2 0 1 0 -2 0 0 0 4 1 1 0 0 0 -1 -1 1 0 0 -1 0 -1 1 -1 0 0 0 0 1 0 1 0 0 1 1 0 0 1 -1 -1 1 0 1 0 0 0 0 3 2 1 0 -1 -1 0 0 0 -1 2 0 0 2 0 -1 -2 0 0 1 1 -1 2 0 2 0 0 -1 0 1 0 0 1 1 0 -1 0 1 1 0 1 1 0 1 2 -1 -1 1 1 0 1 -1 -1 -2 1 1 1 0 1 2 -3 0 2 2 0 1 0 0 0 0 3 0 -2 1 0 1 0 0 0 1 -1 0 1 2 0 -1 -1 0 0 1 0 1 0 2 -1 0 1 -2 2 -1 2 0 1 2 1 2 2 4 1 0 0 -1 0 -1 0 -1 1 0 0 0 0 2 -1 1 1 0 0 0 1 0 1 0 0 0 0 -1 0 21 1 0 0 -2 2 -1 -1 1 2 0 -1 0 0 1 0 2 0 0 1 0 0 1 0 -1 1 0 0 -1 0 0 0 1 1 1 1 1 0 1 -1 -1 1 -1 4 0 1 0 1 0 -1 0 3 1 1 1 0 1 4 0 2 0 1 1 0 0 0 0 0 0 -1 1 0 0 0 0 0 0 2 4 -1 1 -1 -1 -1 0 0 0 -1 0 -1 0 0 1 -1 0 -2 1 0 -1 0 1 -1 1 0 1 -1 0 1 0 1 0 0
0 0 1 1 0 1 0 0 1 0 0 1 -1 -1 0 0 0 0 0 -2 -1 1 0 1 0 0 1 1 0 -1 3 1 0 1 5 -1 0 0 -1 0 -3 1 0 1 0 -1 -1 0 0 -1 0 1 0 -2 0 -1 -2 -1 0 -1 -1 0 0 1 1 1 0 2 0 1 0 -3 -1 0 0 0 0 -1 1 1 0 0 -1 0 1 1 0 -1 0 0 2 0 0 -1 0 1 0 -1 1 1 0 -1 -1 -1 -1 -1 0 1 -1 -1 1 1 0 0 0 1 0 0 1 0 0 1 1 2 1 0 -1 0 1 0 2 0 1 0 2 0 0 0 0 1 0 0 1 0 0 0 -2 -2 0 -1 0 1 0 0 0 0 0 0 0 1 0 0 0 1 1 -1 1 1 -1 1 0 0 -1 0 1 1 0 1 1 0 0 0 0 0 0 -1 -2 0 -1 2 0 1 0 0 0 -1 0 0 1 16 1 -1 0 4 -2 0 -1 0 1 2 1 -1 -1 2 1 1 2 0 1 0 -1 -1 -1 0 1 -1 0 0 2 1 0 1 1 0 1 0 0 0 0 0 0 -1 0 0 -1 1 0 0 1 1 1 1 0 1 -1 1 0 0 0 0 -1 1 0 1 1 0 0 0 0 0 1 0 0 1 2 1 0 1 0 1 1 0 1 0 0 0 0 0 0 0 1 -1 0 0 1 -1 -1 0 0 -2 0 0 -1 -1 1 1 0 0 1 3
-1 1 1 0 0 0 -1 -4 0 0 0 0 1 0 0 1 -1 0 -2 0 0 1 0 0 0 -1 -1 0 -1 1 0 0 0 1 1 0 -1 2 0 -1 0 1 0 0 0 -2 1 0 0 1 1 0 0 0 0 0 -1 0 0 0 -1 1 0 0 1 0 -1 0 -2 0 1 1 0 1 0 0 0 0 0 0 0 1 1 0 -1 2 1 0 0 -1 1 -1 0 0 -1 -1 0 -1 1 -1 1 0 2 0 0 0 0 -1 1 1 0 0 -2 -1 0 -2 0 0 1 0 0 -1 0 0 0 0 0 1 0 0 0 -2 0 0 1 0 0 1 0 0 0 1 0 0 -1 2 0 2 0 1 0 0 0 0 -1 1 0 1 0 0 1 1 0 0 0 0 0 2 0 2 -1 0 0 2 0 -2 0 0 -1 0 0 1 0 0 0 -2 -1 0 -1 -3 -3 1 0 1 0 -1 0 0 0 1 14 0 0 0 0 0 1 -1 0 1 0 0 -3 0 0 0 0 1 1 -1 0 1 0 0 1 0 -1 1 -1 0 0 1 -2 1 3 0 0 1 0 1 -1 0 -1 1 0 1 -1 0 1 0 2 0 2 1 0 0 0 1 0 1 0 1 1 0 0 0 -1 2 -1 0 0 0 0 1 0 3 1 0 0 -2 0 0 -2 0 -1 0 -1 2 0 1 0 0 0 0 -2 0 0 1 -2 0 0 -1 0 2 0 0 1 -1 0 0
1 2 -1 0 0 0 0 -1 -1 0 -1 0 2 -1 0 1 1 0 3 -1 0 -1 -1 0 1 -1 -1 1 3 0 0 0 0 -1 0 1 1 1 0 0 0 0 1 0 -1 0 1 -3 1 0 0 -1 0 1 -1 -1 0 0 1 0 0 1 0 0 1 0 -1 2 0 1 1 2 2 0 -1 1 1 0 0 0 1 0 -1 -1 1 1 0 1 0 1 -1 0 -2 1 -1 0 -1 1 1 2 -1 0 2 2 1 -1 -1 -1 1 0 -1 1 -2 0 1 2 1 2 0 1 0 0 0 0 2 1 2 -1 -2 0 -1 -1 0 0 1 0 0 1 0 0 0 1 -1 0 2 1 1 4 0 1 1 -1 1 0 0 -1 -1 2 0 1 0 1 0 -1 0 0 0 0 0 4 1 0 0 1 0 -1 1 1 0 1 1 1 0 1 0 -1 1 0 2 2 0 0 0 0 0 -1 1 -1 0 -1 0 17 1 1 1 0 0 -1 0 1 1 -1 0 -1 -2 0 0 1 0 -1 -1 0 0 0 1 2 1 0 3 0 0 1 0 1 0 0 0 0 1 0 0 4 0 0 -1 -1 0 -1 0 0 2 0 0 0 1 0 0 1 0 -1 0 -1 0 1 0 -1 -2 0 1 -1 1 2 0 0 -1 -1 0 1 1 0 0 0 0 0 0 1 1 0 -1 1 -3 0 0 0 -1 0 0 1 1 -1 0 1 0 0 -1 1 0 2 1 0
0 0 0 0 -1 1 0 0 -1 1 -1 0 1 1 0 0 -1 0 -1 0 1 1 0 0 0 0 0 -4 -1 0 0 0 0 0 0 0 1 -1 0 -1 0 0 -1 -1 0 0 -1 -1 0 0 -2 0 2 -1 -1 -1 0 0 0 0 0 -1 -1 0 1 0 0 0 0 0 0 0 0 0 0 0 0 0 -1 0 1 0 1 0 0 -1 -1 -1 0 0 1 0 0 -1 -1 0 0 0 0 0 0 -1 0 2 1 0 -1 -1 -1 0 0 0 1 0 0 -1 0 0 1 -2 -1 0 0 1 -1 -1 0 0 0 0 0 -1 -1 1 0 0 0 0 1 2 0 0 0 -1 0 -1 1 1 0 0 -1 1 1 -2 1 1 1 -1 1 1 -2 1 0 1 -1 0 0 0 0 2 0 0 0 1 0 1 1 0 0 0 0 1 -1 0 1 0 1 0 0 1 0 0 1 -1 -1 0 0 -1 -2 0 0 1 13 -1 -1 0 1 0 -1 0 0 1 0 1 -1 0 0 0 0 0 0 -2 0 -1 -2 2 -1 1 -1 -1 1 1 1 -1 -2 -2 -3 0 0 -1 0 -1 0 0 0 -1 2 -1 -1 -1 0 0 0 -1 0 0 -1 0 1 0 1 0 0 2 0 1 0 0 0 0 -1 1 0 1 0 0 0 -1 -1 1 0 -1 0 0 -1 1 0 0 -1 -1 0 0 0 1 0 -1 1 -1 0 1 -1 0 0 -1 0 -1 1 0 1 -1
1 -1 0 0 0 0 1 0 0 0 0 0 -2 0 0 0 1 -1 0 1 1 0 1 -1 0 0 -1 2 0 -1 0 -2 0 0 0 -1 0 0 0 0 0 1 -1 2 -1 0 0 -1 0 -2 -1 1 -1 0 0 0 -1 1 0 0 0 1 0 -1 0 1 0 2 0 1 0 0 1 0 -1 -1 0 1 0 1 0 0 1 0 -1 2 0 1 0 -1 0 1 0 1 0 0 -1 0 0 -1 0 0 -2 -1 -1 0 1 2 -1 0 0 2 0 1 0 1 0 0 2 1 0 0 1 2 0 1 1 0 0 1 -1 1 -1 -1 1 -1 0 0 0 0 0 0 0 1 0 0 0 -2 0 1 -2 1 -1 1 0 -1 1 0 0 0 1 2 0 1 -1 1 3 0 0 -1 0 1 0 0 1 0 0 1 -1 0 0 -1 1 1 3 0 0 0 1 3 0 1 0 1 0 0 -1 2 2 4 0 1 -1 17 -2 1 -1 2 0 0 -1 0 1 1 1 0 1 1 -1 0 0 -1 -1 0 3 1 0 0 2 -1 0 0 2 0 2 0 -1 0 1 1 0 1 0 0 0 1 -1 1 1 1 0 0 0 -1 2 -1 0 1 0 0 0 0 0 1 1 -2 0 0 1 0 0 1 0 0 -1 0 1 -2 2 -1 0 1 1 -1 0 0 0 0 0 -1 0 -2 1 1 3 -1 -1 0 1 -2 1 1 1 0 0 0 -1 0 1 1
0 0 0 0 1 -2 3 -1 -1 0 0 -1 1 0 1 0 1 -1 1 1 0 -1 0 0 -1 -1 -1 -1 -2 0 0 1 0 -1 1 2 0 0 0 0 -3 0 0 1 0 -2 2 3 0 2 0 0 0 0 0 -1 0 -1 -1 1 -1 0 0 0 0 1 0 -1 0 0 0 2 1 0 0 1 0 1 0 -2 0 1 0 -1 0 2 1 0 0 0 -1 0 0 2 0 0 0 2 -1 1 0 0 0 -1 -2 0 1 1 1 2 0 -1 0 0 1 1 1 2 0 0 0 1 0 0 0 -1 2 0 1 0 -2 0 1 -1 0 -1 1 0 -1 0 -1 0 2 0 0 1 2 1 0 -1 2 0 1 1 0 0 -1 0 1 0 1 0 0 -1 0 -1 -2 2 1 1 0 1 0 0 1 -1 2 0 0 0 2 0 -1 2 0 0 1 0 2 -1 0 0 -1 -1 0 0 0 0 -1 -2 0 1 -1 -2 21 1 -1 -2 1 0 0 4 1 0 0 1 -2 -1 1 -1 1 1 0 0 1 3 1 1 -1 0 1 0 0 -2 -1 1 1 2 3 0 0 2 0 0 -1 3 1 0 -1 0 -1 0 -1 0 2 0 -1 0 1 0 1 0 0 0 -1 0 1 -1 1 1 -1 0 -1 0 0 1 0 1 1 1 -1 2 1 0 0 0 -1 -1 1 1 1 0 0 1 0 1 0 1 -1 0 0 0 0 0 -2 0 1 -2 0 0
-1 -1 1 2 1 0 3 1 0 0 0 0 1 0 1 2 0 -3 0 0 -2 0 0 1 1 1 0 -1 0 0 3 0 -1 -1 0 -1 3 -1 1 -1 1 2 0 3 0 -1 3 1 0 0 -1 -1 0 -1 0 1 -2 0 1 0 -1 0 1 -1 -1 0 0 0 1 0 0 -2 -1 0 0 -1 2 0 0 0 0 0 -3 -3 2 0 0 0 -1 0 -1 1 0 -1 0 1 1 0 1 0 1 0 -3 0 -4 -3 -1 1 0 0 1 -1 1 1 2 0 0 0 1 1 1 1 -1 -1 0 -1 1 1 0 -1 0 -3 1 2 0 3 -1 -1 2 1 1 -1 0 -1 -1 -1 0 -2 3 0 0 0 -1 0 0 -1 0 0 -1 -1 0 -2 0 1 0 -1 0 0 0 1 -1 -1 0 1 0 0 1 0 1 0 0 0 -1 2 -1 1 0 0 -1 2 0 -1 -1 -1 0 0 2 2 -1 0 0 0 0 1 1 22 1 -2 0 0 0 -2 1 -1 -1 2 0 -1 0 2 -1 -2 2 0 -1 1 1 2 0 0 -1 0 0 0 0 1 0 -1 2 0 0 1 -1 0 1 0 1 1 2 -1 -2 0 2 -1 0 -2 -1 0 0 2 0 -1 0 1 1 0 0 0 0 1 -1 3 0 1 0 0 -1 0 0 0 1 -1 -4 0 -1 -1 1 0 0 -1 1 1 0 0 -1 -2 -1 -1 2 3 0 2 1 -3 -2 1 0 2 0 -1
0 0 1 0 -2 2 0 1 -1 0 -1 3 0 0 -1 0 1 1 -1 0 -1 -1 0 0 0 0 0 0 -1 1 2 0 0 1 -2 0 1 2 -1 -1 -1 0 2 -1 0 -1 0 0 -1 0 0 -1 -1 0 -1 0 -1 2 1 0 -1 0 1 0 2 -1 1 -2 -1 0 1 0 -2 1 0 0 0 0 0 0 0 0 -1 -3 0 0 -1 0 0 1 1 1 3 0 0 2 0 -1 2 0 -1 0 -1 -1 -1 -1 -1 0 -1 0 2 -1 0 1 1 -1 0 1 1 -3 1 0 0 -2 -1 -2 0 0 0 1 -1 -1 0 2 -2 1 0 -1 1 -3 0 -1 0 0 1 -1 -1 1 0 0 -1 1 -1 -2 1 1 0 -1 0 0 0 0 0 1 0 1 -2 -1 -1 1 -2 1 0 0 -1 -1 0 0 0 0 0 0 -1 -1 -1 1 1 0 0 0 0 0 1 2 1 -1 0 -1 1 -1 1 0 1 -1 -1 1 21 0 1 0 -1 -1 1 0 1 -1 0 0 1 0 0 1 0 0 0 1 -2 1 -1 1 -1 0 1 0 3 2 0 0 -1 0 0 -1 1 1 0 0 1 -2 0 0 0 0 -1 0 1 1 -2 0 -1 -1 0 -2 0 1 0 0 0 0 1 -1 0 1 0 -1 1 0 0 1 1 0 2 -2 -1 -2 0 -1 0 1 0 -2 -2 -1 1 0 -2 0 -1 1 1 1 -1 0 -1 0 0 0 1 0 0 -1
-1 0 -2 0 0 0 0 0 0 0 0 -1 -1 -1 -1 0 -1 0 -1 2 0 0 1 0 0 0 1 1 0 1 0 0 0 0 1 0 -1 0 0 0 0 0 -1 -1 0 0 -1 -1 0 0 -2 0 0 0 0 -1 0 0 0 0 1 1 0 1 0 0 0 -1 0 2 0 1 0 0 1 -1 0 0 1 -1 0 0 1 -1 -1 -1 -2 0 0 0 0 0 0 -1 0 1 -1 -1 0 -1 1 0 -1 -1 -1 2 -1 -1 0 1 1 1 0 0 0 1 0 0 1 2 0 -1 0 2 0 1 -1 1 0 0 0 2 -2 0 0 1 0 0 1 -1 -1 -1 0 0 1 0 0 1 1 0 0 -1 0 1 1 -1 1 0 0 0 0 0 0 0 1 1 2 -2 0 0 0 3 0 1 -1 0 -3 0 1 0 0 -1 0 1 2 0 1 0 0 1 1 0 0 1 0 0 0 -1 2 0 -1 -1 0 2 -2 -2 0 16 0 0 -2 0 0 0 2 -2 1 0 0 1 0 1 -2 -1 0 1 0 -1 1 -2 -1 -1 0 2 1 0 1 -1 0 -1 0 -1 1 0 2 -1 0 2 0 1 -1 1 1 0 0 0 0 0 0 0 0 -1 0 -1 0 -1 2 1 0 0 1 -1 1 0 1 0 1 0 -2 0 0 1 1 1 0 -1 1 0 0 0 0 -1 -1 0 0 -1 0 -2 -1 0 1 -1 0 0 0 1 0 1 0 0
0 0 0 0 0 0 0 0 1 1 1 1 0 0 0 0 0 0 0 0 -1 -1 -1 0 -1 0 1 -1 0 0 0 2 0 -1 -1 0 0 0 0 0 -2 0 1 0 0 1 0 3 0 0 1 0 0 0 0 -1 0 0 0 0 0 0 0 0 0 -1 0 -1 0 0 2 0 0 0 0 0 0 -1 1 0 0 0 0 1 -1 0 2 0 0 1 0 0 0 0 1 -1 -1 0 2 0 -1 1 0 0 1 0 2 1 1 0 0 0 0 0 0 1 0 0 -1 0 0 0 0 0 0 0 0 0 1 -2 0 0 0 3 0 1 0 0 -1 0 0 0 0 0 0 0 1 1 0 0 1 0 0 0 -1 1 0 1 0 0 0 0 0 1 0 1 0 1 1 0 0 1 0 0 0 0 0 0 1 0 0 0 0 0 0 -1 -2 0 0 0 0 0 -1 1 -1 0 0 0 0 1 0 0 -1 0 1 0 1 0 9 -1 0 0 0 0 0 -2 0 0 1 0 0 0 0 0 0 1 -1 0 0 0 -1 0 1 0 0 1 0 1 1 0 1 0 0 0 0 -1 -1 0 2 -1 0 1 0 0 -1 0 0 0 -1 0 -1 0 0 -1 -2 0 0 0 1 1 0 0 0 0 0 1 1 0 0 0 -1 1 1 1 1 0 0 0 0 0 0 0 0 0 0 0 0 0 0 1 0 0 1 0 0 0 -1 1 -1 -1
0 2 1 1 -1 1 2 2 -1 -2 -2 0 1 0 1 0 1 -1 -1 -1 1 0 -2 -3 1 0 -2 2 1 1 0 0 0 0 3 1 2 0 3 3 1 0 -1 3 0 0 -1 0 -2 1 0 2 1 1 1 0 -1 0 -4 1 0 0 0 2 1 -1 1 1 2 -1 -1 0 -1 0 2 0 -1 1 0 0 0 -1 -2 0 -1 1 -1 -1 -1 1 1 0 0 1 1 1 -1 0 0 -1 0 0 3 0 0 -1 0 0 0 0 -1 0 -1 0 2 0 -1 2 0 0 -1 0 -1 -1 -2 1 0 -1 1 -2 1 -1 -1 -1 1 -1 0 -1 1 0 0 0 0 0 -1 1 0 0 -1 1 2 0 -3 0 1 3 -1 -1 1 1 0 -1 0 0 1 1 0 1 1 -1 0 0 0 0 1 -1 0 0 0 1 1 -1 0 -1 -1 0 0 -2 -2 0 -1 0 2 1 1 -4 1 0 -1 2 1 1 0 0 0 0 0 0 -1 29 -1 1 1 0 -1 -1 -4 1 2 -1 -1 -1 -1 -2 -1 0 0 1 3 1 -1 -2 0 0 -2 1 0 -1 0 0 2 0 0 0 3 -1 0 -1 -2 -2 0 0 0 1 3 1 0 2 0 -1 0 1 1 2 2 3 2 1 2 0 0 2 1 2 0 -1 1 2 -1 1 2 -1 0 -1 -2 -2 -2 0 4 1 0 0 -1 2 0 0 3 1 0 2 0 0 1 -1 2 0 -2 -1 -5 2
0 0 0 0 -1 0 -1 0 0 0 -1 -1 1 1 1 0 1 0 0 -1 0 0 0 0 0 0 -1 0 0 0 0 0 -1 0 1 -1 0 1 -1 0 1 1 0 1 0 0 1 -1 1 1 1 1 1 0 0 2 0 1 0 0 0 1 0 1 0 0 1 1 -1 -1 1 -1 2 0 -1 -1 0 -1 0 0 0 0 1 -2 2 0 0 0 0 0 -1 0 -1 1 1 0 0 0 0 -2 0 -1 0 0 0 0 0 0 0 0 1 1 0 0 0 1 0 -1 0 -1 -1 0 0 3 1 -1 1 0 -1 1 -1 0 2 1 0 -1 0 0 0 1 0 1 0 0 -1 -1 0 -1 0 0 -1 -2 0 -1 1 0 0 0 0 1 1 2 0 0 0 -1 -1 0 1 1 -1 0 2 -1 0 0 1 -1 1 -1 1 0 1 -1 -1 0 -1 1 0 -1 0 0 0 0 -1 0 1 -1 0 1 0 1 0 -1 0 0 -1 -2 0 -1 13 0 0 1 -1 0 0 0 0 1 1 0 -1 -1 0 -1 1 1 0 0 1 0 0 1 -1 1 1 -3 1 0 0 0 1 0 0 0 1 0 -1 -1 0 0 0 1 1 0 0 0 0 1 0 0 0 1 0 0 0 -1 0 0 1 0 0 0 -1 1 0 -1 -1 -1 0 2 -1 0 0 1 0 0 1 -1 0 1 -1 0 1 1 1 0 1 0 -1 0 0 1 1 0 0 2 0 2
-1 -1 0 0 0 1 0 1 1 1 0 -1 1 1 0 1 0 0 -1 1 3 1 0 0 1 -1 0 -1 -1 0 0 1 -1 0 -1 0 0 0 1 -1 0 -1 3 1 0 0 -1 1 0 1 0 1 2 1 0 0 0 1 0 1 1 -1 0 0 0 0 1 -1 1 0 0 3 2 0 0 0 1 -1 2 -2 0 1 0 0 -2 -1 0 1 0 0 2 2 0 0 1 0 -1 1 0 1 1 1 0 0 -2 0 1 1 1 2 0 0 0 0 -1 1 1 0 0 0 0 -1 1 -1 0 -1 0 2 0 -1 0 1 -1 -1 1 -1 2 1 1 0 -1 0 -1 2 -3 1 1 0 -1 2 -2 0 0 1 0 3 1 -1 1 0 -1 0 0 0 0 0 -1 2 0 -2 0 0 -1 -1 1 0 0 0 -1 -2 -1 1 -1 1 2 -1 1 0 1 0 0 1 0 0 0 1 0 0 0 -1 0 -1 1 0 4 -2 -1 0 0 1 0 21 0 0 0 0 1 0 1 2 1 2 -1 1 2 0 -1 0 0 -1 0 0 0 0 0 -1 -1 0 1 0 -1 0 1 1 0 2 0 -1 -1 1 2 2 1 -2 0 3 -1 -1 0 -1 0 0 2 0 0 1 1 0 0 -1 0 -2 0 1 -1 3 0 0 1 1 -1 1 0 2 1 0 0 -1 1 -1 1 -1 0 -2 1 2 3 0 -1 0 -1 0 0 2 0 0 0 0 -1 3
0 1 1 0 1 0 0 3 0 -1 0 0 1 0 1 0 1 1 2 0 2 2 0 1 0 0 0 0 -1 -1 0 1 -1 -1 0 2 2 -3 0 -1 1 0 0 3 0 0 0 0 0 -1 -1 0 1 0 2 1 -1 0 0 1 -1 -1 -1 1 1 -1 0 1 0 0 0 -1 0 -1 0 0 0 0 0 0 -2 1 -1 0 1 -1 -1 0 -1 1 -2 1 0 1 1 1 -1 1 -1 -1 -1 -2 0 0 1 0 -2 0 1 0 0 0 1 -1 0 0 0 0 1 -1 1 1 0 -1 1 0 1 0 0 -1 -2 1 0 0 0 -1 1 -1 0 0 0 -1 2 0 0 0 1 -1 0 0 0 -2 -1 0 2 0 0 0 0 0 0 1 0 -1 1 1 -1 -2 0 0 0 0 0 -1 -2 0 -1 1 0 0 0 0 0 0 -1 1 -1 0 0 -1 0 0 0 0 0 1 0 0 1 -1 -3 0 0 1 1 1 1 0 0 1 0 0 16 0 0 0 0 0 0 0 0 0 0 0 -1 0 1 0 0 -1 0 0 -1 -2 -1 1 -1 1 1 -2 1 2 0 1 -1 0 -1 0 0 0 -2 1 -1 -1 1 1 -1 1 0 1 0 0 0 -1 0 -1 1 -2 1 3 0 1 0 -1 0 -1 0 1 -1 1 1 0 1 1 -1 0 1 0 -1 0 1 0 -1 1 -1 0 -1 0 1 -1 -1 1 -1 -1 -1 0 1 0 0 0
-1 0 0 0 -1 0 0 0 -1 0 0 0 -1 0 0 2 0 1 0 1 2 0 1 -1 -1 0 -1 -1 -1 -1 0 0 0 1 0 0 0 0 0 0 0 2 -1 1 0 0 -1 -1 0 1 -1 0 0 0 0 0 -2 0 0 1 1 -1 0 1 0 1 0 0 0 -1 0 0 0 0 -2 1 0 0 0 1 0 0 0 0 1 0 2 0 0 -1 -1 1 0 0 -1 -1 0 0 -2 -1 0 -2 -1 0 1 1 1 -1 -2 0 1 0 1 1 0 0 0 0 0 0 -1 -1 0 1 0 0 1 0 -1 1 0 0 -1 -1 1 -1 0 -1 0 0 0 1 0 0 -1 1 -1 1 -1 0 0 1 0 -1 0 1 0 0 0 0 -1 1 -1 0 1 -1 0 1 0 0 0 0 0 1 2 0 1 1 0 0 -1 0 0 -1 1 0 0 0 2 1 0 0 0 0 0 0 -1 -1 0 2 0 -1 1 1 0 -1 0 0 0 0 1 0 0 11 0 1 0 1 0 1 1 0 0 -2 -1 0 1 -1 -1 0 1 0 0 2 0 1 0 -1 0 -1 0 0 0 0 0 0 0 0 0 1 0 0 0 0 0 1 0 1 0 0 -1 0 0 0 0 -1 0 -1 0 0 0 0 0 0 2 0 0 0 -1 1 1 1 0 1 0 1 0 0 0 0 2 0 -1 0 -1 -1 -1 0 0 0 0 0 0 0 1 0 0 -1 0 0
1 -1 0 1 0 0 0 0 0 0 1 -1 0 0 0 -1 0 3 0 1 -1 0 0 -1 0 1 0 2 -1 0 0 0 0 1 0 1 0 0 0 0 1 0 2 0 0 0 2 0 -1 1 0 0 1 -1 0 0 0 0 0 1 0 0 0 1 0 0 1 0 0 0 0 0 -2 0 1 1 0 0 0 -1 0 0 -1 1 -1 0 -1 0 -1 1 1 0 1 1 0 0 0 0 0 0 -1 0 -1 0 -1 0 0 1 -1 0 0 0 0 -1 0 -1 1 -2 0 -1 0 0 0 0 0 1 1 0 -1 -2 1 0 -1 -1 -1 0 0 -1 1 0 1 0 0 0 0 -1 -1 0 1 0 1 0 0 0 -1 0 0 0 0 0 0 0 0 3 0 1 1 0 0 0 0 1 0 1 0 1 -1 -1 0 0 -1 0 1 1 -1 0 -1 0 0 -1 0 0 1 0 1 1 -1 -1 2 1 0 -2 -1 1 0 -1 1 2 0 -1 -1 0 0 0 17 0 1 1 0 0 1 1 1 0 1 0 0 1 1 -1 1 2 0 1 0 0 0 0 -1 -2 0 -1 -1 0 0 2 1 1 0 -1 0 0 -1 0 1 1 0 -1 -1 1 0 1 0 1 1 -1 0 0 0 0 1 0 0 1 1 3 2 0 1 0 0 -2 2 1 1 0 1 -1 2 0 1 0 0 -1 0 0 0 -1 0 -1 0 0 0 1 1 0 1 0 0 0
0 1 -1 0 0 1 -1 1 -1 -1 0 -1 2 -2 1 0 0 0 0 0 2 -1 1 -1 1 1 0 0 0 0 0 1 -1 3 -2 0 -1 1 0 -3 -2 2 0 -1 1 0 -2 0 0 0 0 -1 1 0 0 0 0 -1 0 1 -1 0 0 0 2 0 0 0 -1 0 0 0 1 0 0 -2 -1 1 2 -1 0 -1 -3 0 2 1 2 0 0 -1 -2 1 0 1 1 0 3 0 0 1 0 -2 0 1 -1 1 0 1 1 0 1 0 -1 2 0 1 1 2 -1 0 1 5 0 1 0 -1 0 1 0 0 1 0 0 -2 1 1 1 0 3 0 1 2 3 -1 -2 0 0 -1 1 2 0 1 3 0 2 0 -1 1 2 0 -2 -1 0 -1 2 -1 1 2 -1 2 -1 0 -1 1 3 0 1 0 0 0 1 1 1 0 -1 0 -1 1 3 0 -1 0 -1 0 -1 0 1 0 0 1 0 0 0 0 1 2 -1 -2 -2 -1 0 0 0 1 0 23 0 0 1 2 0 -1 1 -1 2 1 2 0 1 0 1 1 1 -1 0 -1 0 0 -2 1 0 1 3 1 2 1 3 0 -2 0 1 0 0 0 1 2 1 2 0 0 -2 1 1 4 -1 0 0 -1 0 1 -1 2 0 0 1 1 -1 1 0 1 1 0 0 1 1 0 1 0 1 1 -1 0 1 -1 1 -1 0 -1 1 1 4 2 0 0 0 1 2 0 0 2
-1 1 0 -1 0 -2 -2 -1 0 1 0 1 0 0 -1 1 0 0 0 0 0 0 0 1 0 0 -1 0 0 -1 0 1 0 0 -1 -1 1 -1 1 0 2 0 2 0 1 -1 -1 -2 -1 0 0 0 0 0 -1 0 0 -1 2 1 1 -1 1 -1 0 0 0 0 1 1 0 -1 1 0 0 -1 0 0 0 -1 0 1 0 0 1 -1 0 0 0 0 -1 0 1 0 1 0 -1 0 -1 0 1 -1 -1 0 1 0 0 1 2 0 0 0 1 0 -1 -1 1 0 0 -1 0 0 1 0 1 0 1 0 -1 -1 0 0 1 0 0 0 1 0 -2 0 1 -2 0 -1 0 0 0 -2 2 -1 -1 1 0 0 1 -3 0 0 -1 0 0 0 0 0 -1 0 0 -1 0 0 0 -1 0 0 1 0 0 1 -1 -1 1 0 0 0 0 0 0 0 1 1 0 1 0 0 0 0 -1 0 0 2 0 0 0 1 -2 0 0 1 0 -4 0 1 0 0 1 0 14 0 0 0 1 0 1 0 0 0 0 -1 -2 1 0 0 0 2 1 0 0 0 -1 0 0 0 -1 0 -1 0 0 -1 -1 -1 0 0 0 1 0 0 0 0 2 0 0 0 0 0 -1 -2 0 1 0 0 0 0 1 1 -1 0 0 -1 1 0 1 -1 0 1 0 -1 1 0 0 -1 1 0 0 -1 2 0 0 -1 0 0 -1 1 -1 0 0 0 1 0 1 0
-1 -3 2 0 -1 1 2 0 0 -1 -1 0 1 0 0 -1 0 0 -1 0 1 0 1 1 0 0 0 0 -1 0 -1 -2 0 1 1 0 0 -1 0 0 1 1 2 0 0 0 1 -3 0 -2 0 0 0 2 0 -1 0 -1 0 1 1 1 1 -1 0 -1 1 1 0 0 0 0 0 0 0 0 0 0 -1 -1 1 0 -2 2 0 1 1 0 0 0 0 0 0 0 -1 0 1 1 0 0 -1 -2 0 1 0 0 0 -1 1 0 2 0 -2 0 0 0 0 -2 0 0 0 0 0 1 0 0 0 0 -2 0 -1 0 0 0 -1 2 0 2 1 1 1 0 0 0 0 0 0 2 0 1 -1 0 0 2 0 0 -3 2 0 -2 0 -1 -2 1 0 0 1 1 0 0 1 1 -1 0 0 0 0 0 0 0 0 -1 0 0 -1 0 0 -2 0 0 -1 1 0 2 -1 -1 0 0 1 0 1 1 0 1 -1 -1 0 0 0 1 0 0 0 1 1 0 0 17 1 -1 0 -1 0 1 0 0 0 0 0 -1 0 0 0 -1 0 0 -2 0 0 0 0 0 0 1 0 -3 0 0 -1 0 0 0 -2 2 1 -2 1 1 1 -2 0 -2 0 0 0 -1 -1 0 -2 0 0 1 1 0 0 -2 1 0 1 0 0 1 1 2 1 0 0 0 2 2 -1 -2 1 -2 -1 0 0 1 1 0 0 -1 1 -2 2 1 0 0 0 0
-1 0 0 0 -1 0 0 0 1 0 0 1 2 -1 1 0 -1 0 -1 2 -1 1 0 0 -1 -1 1 0 0 0 0 1 -1 3 0 0 0 3 0 1 -3 0 1 0 0 0 -1 2 0 -1 1 -1 0 0 0 0 -2 -1 -1 0 0 0 0 0 1 0 0 0 0 0 1 1 1 -1 0 0 0 -2 3 -1 0 0 0 -1 -1 0 -1 0 0 0 3 0 1 0 0 0 0 1 3 0 1 0 1 0 -1 0 0 0 -1 1 1 0 -1 0 0 1 0 0 1 1 2 1 0 3 0 0 0 -1 2 -1 -1 0 0 1 1 1 0 0 0 0 0 0 0 0 -1 0 -1 0 1 1 0 0 0 0 -1 1 0 0 0 1 0 0 1 0 0 -1 0 0 0 0 -2 0 0 0 1 0 0 -1 1 0 1 0 -1 0 0 -1 -1 1 -1 0 -1 -1 1 0 1 -1 1 0 0 1 1 0 0 -1 1 0 1 0 1 2 0 1 0 0 0 1 0 1 12 0 0 -1 0 -1 -2 0 0 1 0 0 0 0 0 1 0 0 0 1 0 0 0 0 0 1 0 2 -1 1 1 -2 -1 1 0 1 -1 1 -1 1 0 0 -1 0 0 0 -1 1 0 0 0 0 0 0 0 0 1 1 3 0 0 3 0 1 0 0 0 0 0 1 2 1 0 0 0 0 1 1 1 1 0 1 0 1 0 0 0 -2 0 2 -2 0
-1 0 0 0 -1 1 -2 1 -2 0 0 -1 1 0 0 3 0 0 0 0 3 0 0 -1 0 1 2 0 -1 0 1 0 0 1 0 0 0 0 0 -1 2 1 1 1 1 2 0 1 0 1 -1 1 1 1 4 1 0 1 -1 -1 -1 -1 0 1 1 -1 0 0 -1 0 1 0 1 2 -1 2 1 0 0 1 0 0 2 0 1 1 1 0 0 0 -1 4 0 1 0 -1 0 1 0 0 1 -1 -1 0 1 3 -2 -2 -1 0 -1 0 0 0 0 0 -1 0 -1 0 1 -1 0 1 0 1 2 0 0 1 1 0 -1 1 -1 2 0 -1 3 0 1 -1 -4 1 -1 -1 0 0 -1 0 -2 0 0 0 0 0 1 0 1 0 -1 1 1 0 1 0 -1 0 0 1 -1 -1 -1 0 0 -1 -1 1 1 1 0 1 0 2 0 1 1 1 0 0 -1 0 0 -1 -1 -1 2 1 0 0 -1 -1 0 0 -1 2 0 1 0 -1 1 2 0 1 0 2 0 -1 0 19 1 0 0 0 0 1 1 0 0 1 -2 2 1 1 -1 0 0 -2 0 -1 1 1 0 0 -1 -1 0 2 1 0 0 0 0 0 0 2 0 -1 0 -1 0 0 0 1 0 -1 1 -1 1 -1 0 1 0 0 0 -2 0 0 -3 0 0 1 -1 0 2 -1 0 -1 1 -2 2 1 2 -1 1 0 0 0 0 -1 1 -2 0 1 0 1 0 2 1 0
-1 -1 0 2 1 0 -1 0 -2 1 1 0 1 0 0 0 1 1 1 -1 0 0 0 0 -2 0 0 0 0 0 0 0 1 1 -1 1 0 0 0 0 1 1 -1 1 0 1 0 0 -1 -1 0 0 0 0 0 0 0 -1 0 2 0 0 1 0 0 0 0 0 1 0 0 2 1 0 0 -1 -1 1 0 -1 0 0 1 0 0 1 0 1 0 -1 -1 0 0 0 0 0 1 0 0 1 1 -2 -1 1 1 1 1 1 1 1 0 0 0 0 -1 0 1 -1 0 -1 1 0 0 0 0 1 1 1 1 0 -1 0 0 1 -1 -1 0 -1 -1 0 0 0 0 1 -1 0 1 2 1 -1 -1 0 0 1 1 0 -1 0 0 0 0 1 0 1 2 0 0 0 1 0 -1 0 0 0 0 0 1 0 -1 -2 0 0 0 0 -1 0 1 1 2 0 0 1 0 -1 0 0 0 0 1 -1 0 -1 0 0 1 -1 0 0 0 -1 1 1 0 1 1 0 1 0 0 1 10 0 0 -1 0 0 1 0 1 0 1 0 0 1 1 0 0 -1 1 0 0 0 0 0 0 0 1 -1 -1 0 0 -1 -1 1 1 0 0 0 0 0 0 0 0 1 -1 -1 -1 -1 0 0 0 -2 0 0 1 2 2 0 -1 -1 0 0 1 0 0 0 0 1 -1 -1 -2 0 0 0 0 1 0 0 -1 -1 0 0 1 1 0 0 0 0 0 2
0 0 0 0 1 0 0 0 3 1 0 2 -1 0 -1 1 1 0 1 -1 -1 0 -1 0 0 1 -1 -1 0 1 1 2 0 1 1 1 0 1 0 1 0 -2 0 0 -1 1 0 0 -1 0 0 -1 -1 0 0 0 0 1 3 2 0 1 1 0 3 0 0 -1 0 -1 -1 1 0 1 0 3 1 0 1 1 0 0 -1 0 -2 -1 0 0 0 0 1 2 0 2 -2 1 -1 -1 1 -2 -1 1 1 0 1 0 2 1 2 0 0 1 0 0 -1 0 0 0 0 0 1 -1 1 0 1 1 2 2 -1 1 -1 3 -3 0 -1 -3 1 2 0 0 1 1 1 4 0 0 1 1 0 -1 2 0 0 1 -1 0 0 -1 -1 -1 0 -1 1 0 -1 0 -1 -1 0 0 0 1 0 1 0 2 -1 -1 -2 0 -1 0 1 0 2 0 0 0 0 0 3 1 1 -1 1 0 -1 1 0 -1 1 0 -2 -1 1 -2 1 1 0 -1 0 2 0 0 1 -1 0 -1 -1 0 0 20 0 0 -1 1 0 -1 1 0 -1 0 0 -1 1 2 2 2 0 1 0 0 1 0 0 0 1 2 0 3 -1 0 0 -1 1 0 1 -1 0 0 0 0 1 -3 -1 0 0 0 0 1 1 -1 0 0 0 0 0 1 -1 0 1 0 1 0 1 -1 0 0 0 4 0 1 0 -2 2 1 -1 2 0 -3 0 -1 0 0 2 -1 0 0 3 -2
2 -1 1 0 0 0 1 0 -1 1 2 2 0 0 -1 0 0 0 1 0 0 0 0 0 1 0 0 -1 1 -1 -1 0 1 1 0 0 2 1 0 0 0 2 0 -1 0 0 0 -1 2 1 3 2 1 1 0 1 0 -1 2 2 -1 0 0 0 1 0 0 1 0 0 0 0 0 1 0 0 -1 1 -2 -1 0 1 1 2 4 2 1 0 0 0 -1 0 -1 1 1 1 1 1 0 1 0 0 0 1 0 2 2 -1 -1 1 1 -2 0 0 0 -1 0 0 0 0 0 1 1 -1 0 2 2 0 1 0 -1 -2 1 2 0 -2 1 1 0 -1 0 0 0 -1 0 -2 0 0 1 1 1 0 1 1 0 0 0 0 0 -1 1 0 1 0 0 -1 -1 2 0 0 0 2 1 1 0 1 0 1 -1 -1 0 1 0 0 -1 1 1 0 2 0 2 0 0 0 0 0 0 2 -1 -1 0 0 0 -1 0 2 0 -2 0 -1 -1 -1 0 0 1 1 1 0 0 0 0 0 16 1 0 1 0 0 1 0 0 0 -1 0 0 0 0 -1 1 -1 1 1 -1 1 -1 1 -1 1 0 0 1 1 0 0 0 -1 0 0 0 2 0 0 -1 1 1 0 0 1 0 -1 0 0 0 -1 0 2 0 -1 1 1 -1 0 1 0 0 0 -1 1 1 2 1 4 0 0 -1 1 0 0 0 4 -1 1 -1 -1 -1 0 0 0 0 0
0 -1 0 -2 1 0 2 0 0 0 0 1 -1 0 0 0 0 -1 0 0 -2 0 4 3 2 0 1 0 -1 -1 1 0 1 1 0 -2 -1 -1 1 0 1 0 0 -1 0 0 0 0 1 0 1 0 -1 2 0 -2 0 -1 1 0 1 1 0 -2 0 0 0 0 0 -1 -1 1 0 2 0 0 5 0 0 1 0 1 1 0 1 0 0 -1 0 0 -1 1 0 0 -1 2 0 -1 0 1 -1 0 0 0 -1 0 0 0 1 0 0 0 0 0 -1 0 0 0 0 -1 0 1 0 0 1 1 0 0 0 -1 0 0 0 0 -1 1 0 0 1 -1 0 -1 0 0 1 0 0 0 1 2 1 0 -1 1 0 2 0 0 0 1 2 2 0 0 1 1 0 -1 0 0 0 0 0 0 0 0 0 0 -1 0 0 0 -1 1 -2 0 1 -1 0 0 0 -1 0 2 -1 0 -1 1 1 0 0 0 -1 0 0 0 0 -1 0 -2 -1 1 0 -2 0 -1 0 1 -1 0 -1 0 1 16 2 1 0 1 -1 0 0 0 1 0 1 -1 0 -1 0 1 0 -1 1 1 -1 0 1 0 0 0 2 1 0 0 0 0 0 1 2 0 0 0 0 0 0 0 1 0 0 0 -1 1 -1 3 0 0 -2 1 4 0 -1 -1 1 -1 1 0 -1 1 2 0 1 1 2 0 -2 0 2 1 1 0 0 -1 0 -1 -2 2 1 1 -1 2
0 -1 0 0 0 1 0 0 0 0 0 0 0 -1 1 0 0 0 0 0 0 -1 2 0 2 1 1 1 0 1 -1 1 0 -1 1 0 0 0 0 0 0 2 2 -1 0 0 0 0 0 0 0 1 0 1 0 1 -1 0 1 1 0 2 0 0 0 1 1 0 -1 1 0 1 0 1 0 0 -1 1 -1 0 0 0 0 -1 1 1 0 2 0 0 -2 0 0 -2 0 -1 0 -1 0 0 1 0 2 1 -1 1 0 1 0 1 0 0 0 1 0 1 2 2 1 1 -1 1 0 2 0 -1 0 0 1 0 -1 -1 1 -1 2 0 2 1 0 0 1 0 0 0 1 1 1 1 0 0 -2 0 -1 1 2 0 1 0 1 0 1 0 0 2 0 1 -1 0 0 -1 0 0 -1 -1 1 0 0 2 0 0 0 0 0 1 0 0 0 -1 0 1 0 1 0 1 0 0 0 1 0 1 1 1 -2 3 1 -1 0 0 0 -1 0 2 -1 -1 1 2 0 0 -2 0 0 -1 0 2 13 0 0 0 2 -1 1 0 1 0 0 0 0 0 0 1 0 1 0 0 0 1 1 0 0 -1 1 0 0 -1 3 1 0 0 0 0 0 1 1 1 0 -1 0 0 0 0 1 0 0 1 0 0 1 1 1 0 0 1 0 0 1 0 0 1 -1 0 -1 0 0 0 1 -1 -1 0 0 1 0 -2 0 0 1 1 1 0 0 2
0 -1 1 0 0 1 1 0 0 0 1 1 0 1 0 2 0 -1 1 -1 -1 -1 1 0 1 0 0 0 -2 0 0 1 1 -1 0 -1 1 0 0 0 0 0 2 1 -1 1 1 0 1 1 0 0 -1 1 1 0 1 0 0 1 -1 0 0 0 1 -3 0 -1 0 0 0 0 1 1 0 2 1 1 0 -1 1 0 1 0 0 -1 0 -1 0 1 -1 0 0 0 0 1 0 -1 -1 0 -1 0 -1 1 1 0 0 0 0 -2 0 1 0 0 1 1 0 0 0 0 0 -1 1 1 -2 2 1 0 0 -1 -1 -1 -1 1 0 -1 0 0 0 1 0 -1 0 0 0 0 1 1 0 1 0 0 0 -1 0 0 -1 1 0 0 -1 0 2 0 0 -1 0 1 -1 0 0 1 0 0 1 0 0 0 -1 0 1 -2 0 2 0 0 0 0 2 2 1 0 0 0 0 -1 0 0 0 -1 0 2 2 1 3 1 1 1 1 0 -1 0 0 0 0 1 0 0 0 1 0 1 1 1 0 14 0 0 0 0 0 0 1 -1 1 -1 -1 0 1 0 0 1 0 0 0 1 1 -1 1 -1 1 0 0 -1 0 -1 0 1 -1 -1 -1 0 0 0 0 0 0 1 0 -1 0 1 0 0 0 -1 1 -1 -1 0 0 0 -1 1 0 0 0 0 0 0 0 0 0 0 0 -1 0 0 0 1 0 0 0 0 -1 0 1 1 2 0
-1 1 0 0 2 -1 1 1 0 0 0 -1 0 0 2 0 1 0 0 0 -1 0 1 0 -1 -1 0 1 2 1 0 0 -1 0 1 1 0 1 0 -1 3 1 -1 0 0 0 0 -1 -2 0 1 0 -1 -1 1 0 0 1 0 0 0 1 0 0 0 1 -1 2 0 1 -1 -1 1 0 0 -1 0 0 -1 3 1 2 -2 0 -1 0 0 0 1 0 -2 0 -1 0 -1 0 0 0 0 0 1 -3 1 0 -1 0 0 1 1 0 1 1 0 0 0 0 1 0 0 1 0 0 1 -1 0 2 0 0 0 0 0 0 0 1 1 1 0 0 0 1 0 -1 0 0 -1 0 0 0 0 0 0 0 1 0 0 -2 0 1 0 0 0 0 0 0 0 0 -1 -1 0 1 -1 -1 0 0 0 -1 0 0 0 0 0 -1 0 0 0 0 1 0 0 1 0 0 -2 0 0 0 0 0 -1 0 -1 1 -1 0 1 1 -2 0 -1 0 1 -1 1 1 0 2 0 0 0 1 1 0 0 0 0 0 12 1 1 1 0 -1 0 0 0 0 0 -2 0 0 1 0 1 -1 0 0 0 0 0 -1 0 -1 0 1 0 0 0 0 -1 0 0 1 0 0 1 -1 -1 -2 1 1 0 0 0 0 0 0 0 0 0 0 0 1 0 1 1 0 0 0 -1 0 1 0 -1 2 0 0 1 2 0 -1 0 1 1 1 0 0 1 0 0 1
0 1 2 -1 -1 0 -1 0 0 0 -2 0 0 2 0 0 0 2 0 1 -2 0 -1 1 -1 2 -1 1 0 1 0 1 -1 -1 1 0 0 0 -2 1 1 0 0 0 -1 0 1 2 1 0 1 0 1 -1 -1 -3 -2 0 0 -1 0 3 1 -1 0 0 1 -2 -1 0 1 0 1 1 1 1 -1 0 1 -1 0 1 0 0 0 0 2 0 0 -1 0 0 -1 0 -1 0 0 0 1 0 2 1 0 0 0 0 -1 0 2 1 2 0 0 0 0 1 -1 0 1 -1 0 1 0 1 0 2 2 0 -1 -3 0 0 0 1 1 1 0 0 0 0 -1 0 -1 -1 0 2 1 0 0 0 -1 -1 -1 -1 0 0 0 3 0 0 0 1 0 0 0 0 0 0 0 0 0 0 0 0 1 -2 2 0 1 0 1 -1 -1 0 0 -1 -1 0 0 -1 0 2 -1 0 0 0 0 0 0 0 1 0 1 0 1 2 1 -1 0 1 1 0 0 -1 1 0 -1 0 1 0 0 -1 0 1 0 0 1 17 -1 -1 0 0 0 -1 0 -1 -1 -3 0 0 0 0 -1 1 1 -1 1 -1 1 -2 -2 0 0 1 1 0 0 0 -1 0 0 1 -1 1 2 1 1 0 0 -1 0 0 0 1 0 -1 1 0 -1 1 0 -2 1 -1 0 0 0 0 0 -1 1 3 0 1 0 -1 -1 -1 1 -1 0 0 1 -1 -3 -1 0 0 0 0
0 0 -3 0 1 4 3 2 1 0 0 1 0 -2 0 -2 2 0 2 0 1 1 -1 0 0 0 0 0 1 -2 2 1 0 0 -1 0 2 1 0 -2 -2 0 -2 3 0 0 3 -2 1 -1 0 3 2 -2 0 1 0 1 -2 1 -1 -1 -1 -1 0 1 0 1 0 0 4 2 -1 1 1 -3 -1 1 0 0 1 -1 -2 0 1 -1 0 1 0 0 1 1 0 3 -1 -1 0 -3 -1 0 2 2 1 0 -1 -1 0 0 0 2 -2 0 -1 2 0 0 1 2 2 1 3 0 -1 1 2 2 1 1 0 1 0 3 0 -2 0 -2 1 3 0 2 1 1 -1 2 0 -2 0 1 1 -1 -1 1 1 2 -1 0 2 0 2 1 1 1 1 0 2 0 1 -1 0 1 0 1 0 0 2 0 0 1 1 1 1 1 1 0 1 0 1 1 -1 2 0 1 0 1 0 -2 1 1 0 2 -1 3 -1 2 -1 0 -1 1 0 3 0 0 0 -1 1 1 -2 0 0 0 1 1 1 -1 2 0 1 -1 29 0 0 0 0 2 -1 1 0 -1 1 0 2 -1 1 0 -1 1 1 -1 0 -1 1 2 2 1 0 0 0 -1 0 -1 0 0 3 0 1 0 -1 1 -1 -3 0 -1 3 -2 1 0 1 -2 -1 1 -1 2 1 -1 1 0 1 -2 0 -1 3 0 0 0 1 0 -1 1 0 0 -1 1 2 0 0 0 -2 0 2 1
0 0 0 0 1 0 0 0 0 2 0 1 -1 -1 0 1 0 0 -1 0 0 -1 0 0 0 1 0 0 0 1 0 0 -1 1 1 0 1 0 2 0 0 1 1 0 2 1 0 1 1 0 1 0 0 0 0 0 0 0 0 0 1 -1 1 -1 0 0 1 1 0 0 -2 -1 0 0 -1 1 2 0 -1 0 -1 0 0 0 -1 0 1 0 -1 0 0 1 0 0 0 0 -1 0 -1 0 0 0 0 0 -1 0 2 0 0 -1 0 0 -1 -1 0 0 -3 2 0 -2 0 0 1 1 0 1 1 0 0 0 1 1 1 0 -2 2 0 0 -1 -1 -1 0 0 0 0 0 0 0 2 0 1 2 0 0 -1 0 0 0 0 0 0 -1 0 -1 0 0 0 1 0 1 -1 0 -1 1 1 0 -1 0 1 0 -1 1 1 1 2 0 0 1 0 0 0 0 0 0 0 0 0 -2 0 1 0 0 -1 -1 0 0 1 -2 0 1 0 -1 -1 0 -1 0 1 -1 0 1 0 0 0 0 -1 0 1 -1 0 14 0 0 1 0 2 0 1 0 0 1 0 0 2 0 -1 0 0 -2 0 0 0 -1 1 0 0 -2 0 0 1 0 -1 2 0 0 0 0 0 0 0 0 0 -1 0 0 2 0 0 2 0 0 0 -1 0 0 0 1 0 0 1 1 1 1 1 0 0 2 0 2 0 0 1 0 0 0 1 3 -1 -1 0 1
0 -1 0 2 0 1 0 0 0 -1 0 0 -1 0 1 0 -1 0 0 0 1 0 0 0 1 1 -1 0 0 0 -1 0 1 0 0 2 -1 0 -1 1 0 1 -2 1 0 -1 0 -1 0 0 0 0 0 0 0 0 0 1 0 1 0 0 1 0 0 1 0 0 0 0 0 0 1 0 0 0 0 0 0 0 0 0 -1 0 0 0 1 0 1 0 -2 -2 0 0 0 -1 0 1 -1 1 0 0 1 1 -1 -1 1 1 0 0 0 1 0 0 0 1 0 2 0 0 0 0 1 1 0 1 1 0 0 0 -1 0 0 0 1 -1 0 0 -1 1 -1 1 1 0 0 -1 1 -2 0 0 1 -1 1 0 2 0 1 0 1 1 1 1 0 1 0 0 0 0 -1 -1 1 -1 1 0 0 0 1 1 0 0 -2 0 0 2 0 0 0 1 2 0 0 -1 0 0 0 1 0 -2 1 0 0 0 1 0 1 -1 -1 -1 -1 -1 1 0 0 1 1 1 0 0 0 -2 1 -1 0 0 1 0 0 0 0 0 13 1 2 0 -1 0 0 0 -1 0 -2 0 3 1 0 2 0 0 -1 0 0 0 0 -1 1 0 0 1 -1 1 1 1 1 1 -1 0 0 1 -2 1 0 0 0 0 0 3 1 2 1 0 1 1 1 1 0 0 0 0 1 2 1 0 1 2 1 -1 1 0 0 1 0 2 -1 2 0 1 0 -1 0 0
-1 0 0 2 -1 0 0 0 2 4 0 1 0 1 2 0 1 0 0 0 0 1 2 -1 1 1 0 0 0 -1 1 0 0 1 -1 0 0 1 0 0 2 0 1 0 0 1 0 0 0 0 0 -1 1 0 0 0 1 -1 -1 0 0 0 1 0 3 -2 2 1 0 0 3 -1 0 2 0 3 1 0 1 2 0 -1 0 0 0 1 0 0 0 0 -1 1 -1 1 -1 -1 2 0 0 0 0 -2 1 0 1 0 0 0 0 0 -2 0 -1 1 0 0 0 1 2 1 1 -2 0 -1 1 1 0 0 -1 0 0 1 -1 0 0 1 0 -1 1 0 2 1 0 0 0 2 0 3 -1 0 1 -2 1 0 0 1 0 0 2 1 2 1 -1 1 -1 1 0 -1 1 2 1 -2 0 1 0 1 0 3 0 0 -1 1 0 -1 -1 0 0 2 0 0 -1 0 0 2 0 2 0 -1 1 1 1 1 1 0 0 0 0 -1 0 -2 0 0 0 0 2 1 0 0 0 2 0 0 0 0 0 0 -1 0 0 0 1 22 0 0 -1 0 0 -1 0 0 0 3 1 1 0 -1 1 1 -1 0 1 0 -1 2 0 4 1 2 1 1 2 0 2 1 1 1 2 1 4 0 1 0 0 0 0 1 1 0 1 -1 0 -1 0 0 0 2 0 0 0 0 2 0 1 1 -1 -2 2 0 0 0 -2 1 -1 0 0 -1 0 0 1 0
0 -2 -2 1 0 -2 0 1 3 0 0 0 1 0 0 -1 0 -1 -1 0 1 0 1 -1 -1 1 0 0 0 -1 0 0 3 -1 -1 0 0 0 1 0 -1 0 0 1 0 0 -1 0 -2 -1 0 0 -3 0 0 0 0 0 0 -1 -1 -1 1 0 1 0 1 0 0 0 0 0 0 1 0 -1 0 -2 0 0 0 1 -1 0 -1 -1 1 1 1 0 -2 0 0 0 0 -1 1 0 -1 3 -1 0 -2 0 1 0 0 0 0 -2 0 0 1 -1 0 -1 1 0 0 1 1 0 -1 0 1 1 1 0 0 0 0 0 0 1 0 -1 0 0 2 0 0 -1 0 0 0 -1 0 0 1 0 -1 0 0 0 0 1 0 0 0 0 0 -1 -1 3 0 0 0 0 -1 1 0 -1 -2 -1 -1 0 0 0 0 0 -1 1 1 2 0 0 0 1 1 3 2 0 0 1 -1 -1 0 -1 1 1 -2 0 1 2 0 0 1 0 1 0 0 0 -1 0 0 1 0 0 0 1 0 0 -1 1 1 1 0 0 0 1 2 0 17 0 0 2 0 0 0 1 0 1 3 0 -2 0 0 1 -1 0 -1 0 -1 -2 0 1 0 0 1 0 1 0 -1 1 0 1 1 0 1 0 -1 0 0 1 -1 1 3 0 1 0 -1 0 0 0 -1 0 0 0 0 0 -1 0 0 0 -1 -1 1 2 1 1 1 0 0 -1 0 0 -1 -1 0 0
-4 -1 -3 0 0 0 0 0 0 0 1 0 2 -2 2 1 0 0 -1 0 -1 0 2 0 0 -1 -1 1 -1 0 0 1 0 0 1 1 0 1 1 0 1 1 -1 2 2 0 1 -1 0 2 1 1 -1 2 0 -1 -1 0 2 0 0 -1 0 -1 1 0 -1 0 0 0 3 2 2 1 -2 -2 1 -1 1 -1 0 -1 -1 1 0 -1 -1 -1 0 0 0 0 0 0 0 -1 1 0 0 0 2 2 0 -1 0 2 0 2 3 -1 1 1 -1 1 0 0 0 1 -2 0 0 -2 0 0 0 0 1 -1 1 0 0 1 2 2 0 0 0 -2 -1 -1 1 1 0 -1 -2 -1 0 2 1 0 0 0 -3 -1 2 0 2 -3 0 0 0 0 1 0 2 -1 3 1 1 1 0 0 0 2 1 -1 2 0 -1 1 0 0 1 0 0 0 0 0 0 1 -1 -1 -1 2 0 0 0 0 1 0 1 1 -1 0 -2 0 0 2 0 0 1 0 -2 2 1 -1 2 -1 1 1 1 -1 0 0 0 -1 0 -1 2 0 0 0 0 24 0 0 0 -2 -1 1 0 0 0 0 -1 2 2 1 -1 -1 2 0 1 0 1 3 1 0 -2 0 1 2 0 1 0 -2 1 0 1 -1 0 0 0 -1 0 0 0 1 0 0 1 -1 -1 1 1 1 0 0 1 2 1 1 1 -2 0 -1 1 0 1 3 1 1 0 2 -2 1 0 0 -2 0
-1 1 0 0 1 0 -1 0 0 1 -1 1 -1 -1 0 0 1 0 -2 0 -2 1 0 1 0 1 0 1 0 1 2 -1 1 -1 0 0 0 2 0 1 0 1 -1 1 0 -1 0 1 0 -2 0 -1 -1 -1 0 -1 0 -1 2 1 0 0 0 -1 0 -1 0 1 1 0 1 0 2 0 -1 0 2 0 1 0 0 0 -1 0 1 1 0 -1 0 -1 0 0 0 0 0 1 -1 -1 1 0 -2 0 1 -2 1 0 0 0 1 1 -1 1 0 0 0 -2 0 1 2 0 -2 0 1 2 0 0 0 -1 0 1 0 -1 0 0 -1 0 1 1 1 -1 0 0 0 0 1 -2 -1 -1 2 1 -1 0 0 0 0 -2 0 -1 0 0 2 0 0 -1 0 0 1 1 0 2 0 1 0 -1 1 0 0 0 0 0 -2 -1 1 0 0 -1 0 0 2 1 0 -1 1 0 0 1 -1 0 1 1 3 0 -2 2 -1 0 3 1 0 -2 -1 0 -1 0 0 0 1 0 0 -1 1 1 0 1 0 1 0 0 -1 2 -1 -1 0 0 18 0 -1 0 -1 0 -1 0 0 0 -1 0 -1 -1 0 1 0 0 1 2 -1 0 0 0 0 -2 -1 -1 0 -3 0 -1 -1 0 0 0 -1 -1 -1 -1 1 0 1 1 1 -3 1 -2 -2 1 0 1 -1 0 0 0 -1 -1 1 -1 0 -1 0 0 2 0 4 -1 -1 1 0 3 0 -2 -1 1
1 0 0 1 -1 -1 1 0 1 1 1 -1 0 0 0 0 1 0 -1 0 -1 -2 -2 0 -1 0 -1 1 0 1 1 0 0 0 1 1 1 2 0 0 1 1 0 1 0 0 3 0 -2 1 -1 -1 0 1 1 2 0 0 0 0 2 0 1 0 0 -1 0 0 0 0 2 0 -1 0 0 -1 0 0 0 1 0 0 -1 0 0 1 -1 0 0 1 0 0 0 2 0 0 1 0 0 0 -1 0 0 0 0 0 -1 -1 0 1 0 1 1 0 2 1 1 1 0 2 1 0 -1 -1 0 -1 2 0 1 0 -1 0 -1 1 1 1 0 1 0 0 0 0 0 0 0 -1 0 1 0 0 1 0 0 1 -1 1 -1 0 -1 -1 1 0 -1 1 1 0 0 0 0 0 0 0 0 2 0 0 1 0 0 0 0 0 0 0 -1 -1 0 0 2 1 0 0 -2 2 1 0 1 0 0 0 0 0 -2 0 1 1 2 0 1 1 1 -1 1 1 0 -1 0 0 0 0 0 2 0 -1 0 -1 0 -1 1 0 0 0 2 0 0 14 3 0 1 1 1 2 0 0 0 -1 0 1 -2 0 0 1 -1 0 1 1 -1 2 0 0 0 0 0 -1 1 0 1 0 0 1 0 -1 0 1 0 0 1 0 0 0 1 1 0 0 0 1 0 0 0 0 1 0 -1 -1 0 0 -1 -1 0 0 0 0 0 0 2 0 0 3 0 1
0 0 0 0 0 -1 1 0 1 1 1 0 0 -1 -2 1 1 0 1 0 1 -1 0 1 1 0 0 1 1 0 1 3 0 0 1 1 -1 0 0 0 0 0 -1 0 0 0 2 3 0 1 0 0 -1 0 1 1 1 0 0 0 1 0 1 -1 0 2 1 0 0 1 -1 0 -2 1 -1 0 1 0 0 -1 -1 1 0 -2 0 1 0 1 0 0 0 0 0 1 0 1 1 0 0 -1 0 0 0 -1 0 0 0 1 1 0 0 0 0 0 1 1 0 0 0 1 1 0 0 -1 1 1 1 0 0 0 -1 4 0 0 0 0 0 0 0 -2 0 1 0 1 0 0 0 0 0 -1 3 1 -1 0 0 0 0 1 -1 0 2 0 0 -1 1 0 -1 1 1 -1 0 0 0 1 1 0 0 1 0 -1 0 1 1 0 0 1 0 1 0 0 0 0 0 0 -1 1 1 1 1 0 0 0 -3 -1 1 0 0 1 0 0 1 -1 -1 0 0 0 0 -2 0 0 0 2 0 0 0 -1 0 -1 0 1 0 0 0 0 -1 3 12 2 0 1 1 0 1 0 1 0 0 1 0 2 0 0 0 0 1 0 1 0 0 3 1 0 0 2 0 2 1 0 -2 1 1 0 0 0 0 1 0 0 0 0 0 0 -1 0 1 0 0 0 0 0 0 1 -1 -1 0 0 0 0 -2 -1 0 0 1 0 0 -1 -2 2 0 2
1 0 0 0 3 0 -1 -2 2 0 1 1 1 -1 -1 1 1 1 1 0 2 -1 0 0 0 -1 2 -1 0 -1 -1 1 0 3 -1 1 0 1 -1 1 -2 -1 -1 1 -1 1 1 3 -1 1 -3 -2 0 0 -3 -1 1 -1 1 1 0 -1 1 -2 1 3 1 3 1 -1 0 -1 0 -1 0 0 2 0 1 -4 0 1 3 -2 -1 0 -1 -1 0 2 4 0 1 0 -1 0 0 -1 -1 1 -1 1 4 -1 1 -1 0 1 1 -1 1 0 0 3 1 -1 3 1 0 0 1 3 0 1 3 -2 0 0 0 0 -1 1 0 -1 3 -1 -1 0 0 2 0 0 1 0 1 0 1 1 0 -1 1 2 0 1 0 1 0 -1 0 0 0 -2 1 1 -2 0 -1 1 0 -1 1 2 0 0 -1 0 -1 1 -1 0 -1 0 0 0 0 2 0 0 -1 0 -2 0 0 0 1 0 -1 0 -1 0 1 0 0 0 2 -1 0 -1 1 -1 -3 0 1 -1 0 0 0 0 1 -2 -1 2 -1 -1 0 0 -2 -3 -1 0 0 -1 0 -2 0 0 2 28 0 1 1 1 1 3 1 0 0 -1 2 2 -2 0 0 -1 0 1 0 0 0 1 0 1 -1 0 -1 0 0 2 0 1 -1 1 -2 -1 1 -2 1 -1 1 0 0 2 -2 -1 3 1 1 1 0 3 0 -3 2 0 0 1 0 3 -1 2 1 0 -1 -1 0 -1 0 -2 0 0
1 0 0 0 0 0 2 -1 0 0 1 0 1 0 -1 -1 1 -2 0 0 0 0 -1 0 -2 0 0 -1 1 1 0 -1 0 -1 1 1 0 0 1 2 0 0 1 2 0 -1 -1 -2 1 0 0 -1 0 1 1 0 0 -1 0 1 0 0 0 0 1 -1 1 0 0 0 1 0 1 0 -1 0 0 0 0 0 0 0 1 -2 2 2 0 0 0 -1 -1 2 -1 1 -1 0 -1 0 0 0 0 1 -2 2 0 0 0 0 0 -1 0 0 0 0 0 1 -1 1 0 0 0 0 0 0 0 0 0 0 2 -1 0 0 2 1 0 0 1 0 -1 -1 -1 -1 1 0 -1 1 1 -1 0 1 1 0 0 0 0 1 0 2 -1 1 0 0 0 0 -1 0 0 0 0 3 1 1 0 1 0 0 0 0 2 0 0 0 -1 0 0 -2 -1 1 3 -1 0 1 0 1 1 0 0 -1 -1 0 0 1 0 1 3 2 -1 0 1 0 1 1 1 0 -1 -2 -1 0 0 0 1 0 1 0 0 1 0 0 1 0 -1 0 0 -1 -1 1 0 0 17 -1 1 -1 -1 1 -1 0 1 0 1 1 0 1 -1 0 -1 -1 1 1 0 1 -1 0 0 0 1 1 1 -1 1 0 -1 1 0 2 -1 -1 0 0 0 1 0 0 -1 1 0 0 0 1 0 1 1 0 0 -1 0 0 -1 1 0 0 1 -1 0 1 0 1 -1 0 -1 0
1 0 0 0 1 -1 -1 -1 1 -1 2 0 0 0 0 0 2 -1 -1 -1 0 -1 -1 0 0 0 0 -1 1 0 1 0 1 0 0 0 1 0 0 1 0 -1 0 -1 2 0 0 0 -2 -1 2 0 -1 2 -1 0 1 -2 -1 0 1 1 -1 -1 1 0 -1 0 0 0 1 0 1 1 0 -1 -1 0 1 0 0 0 1 0 0 0 1 1 1 0 2 -1 1 -1 0 0 1 0 2 1 1 0 1 -1 -1 -1 0 1 2 0 0 1 0 1 0 1 0 -1 0 1 0 0 0 -1 1 0 0 0 0 0 0 1 0 -1 2 -1 1 1 -2 -1 2 2 0 0 1 0 -1 2 1 0 1 0 1 0 0 0 0 0 -1 1 2 -1 0 2 0 1 1 1 0 -1 0 -1 0 0 1 0 -1 -2 -1 0 0 0 1 0 1 0 1 0 0 0 0 0 1 1 0 0 -1 1 1 0 1 0 -1 1 0 0 0 -1 0 0 0 0 -2 -1 -2 1 0 0 0 -1 0 1 -1 1 1 0 0 0 0 1 0 0 1 1 0 1 1 1 -1 16 0 0 0 0 1 1 0 2 1 -1 0 -1 0 1 0 -1 0 0 0 0 0 1 -1 -1 1 0 0 1 -1 1 -1 -1 0 -1 0 0 1 1 2 1 2 0 0 -1 0 1 0 0 0 0 0 -1 0 1 0 1 1 1 0 2 1 0 0 -1 -1 0 0 2 0 2
-1 1 1 0 0 -1 2 1 0 1 0 0 1 -1 -1 0 3 0 1 0 1 0 1 0 -1 1 0 -1 2 0 2 0 1 0 1 1 1 2 0 0 0 0 -2 0 -1 2 1 2 0 1 0 0 1 2 1 1 0 0 1 0 -1 -3 -1 -1 1 1 2 1 -2 -1 0 1 -1 0 1 0 1 1 0 0 0 -1 0 -1 1 0 -1 0 -2 0 0 2 0 -1 0 -1 1 0 0 -1 0 -1 -1 -1 1 0 1 -1 1 1 -1 0 0 0 1 0 0 -1 0 1 0 2 0 0 -1 1 -1 -1 0 1 0 -1 -1 1 -1 1 0 1 0 0 1 0 -1 0 1 -1 0 1 0 0 1 1 -2 0 1 0 -1 1 0 1 0 1 0 0 1 0 -1 0 3 -1 0 1 1 0 0 -2 0 0 1 2 1 0 1 0 -1 1 0 -1 1 -1 -1 0 0 0 1 0 -1 0 -1 0 -1 0 0 0 0 0 0 0 1 2 0 -1 1 0 0 0 0 0 0 1 0 0 1 0 0 0 1 0 2 0 -2 0 0 0 -1 1 1 1 1 0 19 1 0 0 1 -1 0 1 -1 1 -1 1 -1 -3 1 2 0 -1 1 1 -1 0 -1 2 1 2 0 -1 2 -1 0 0 0 0 0 -1 0 -1 -1 -1 -1 0 2 0 0 0 0 0 0 -1 1 -2 1 -2 0 -1 -1 1 0 1 0 -1 1 -1 1 -1 1 0 1 0
0 1 -1 1 1 -1 -2 -1 -1 0 -1 0 0 0 3 1 -1 0 1 1 0 -1 1 1 0 -1 0 -1 2 1 0 0 0 -1 1 0 1 2 1 1 1 0 0 -1 0 1 2 2 -1 -1 1 -1 0 1 2 0 -1 -3 0 0 -1 3 -1 0 2 -2 -1 2 0 -1 3 1 2 0 1 1 -1 0 0 1 0 1 -1 1 0 1 -1 3 1 1 0 0 0 1 1 0 -1 0 -3 0 1 -2 1 1 0 2 -1 0 0 1 0 -1 -1 -1 1 1 2 2 2 1 0 -1 -1 0 1 0 1 0 -1 0 -2 -1 -2 -2 2 1 1 0 1 1 0 1 0 0 0 -1 0 3 0 -1 -1 -1 0 1 1 0 0 -1 1 1 1 0 0 0 1 -1 1 1 1 3 0 0 -1 0 1 0 0 3 0 -1 -1 0 0 0 0 1 0 0 2 2 0 1 -1 -2 0 1 0 1 4 -1 0 4 -1 1 2 1 -1 -1 0 0 0 0 2 0 -1 1 0 0 0 1 0 0 1 -1 1 1 0 0 -1 0 0 3 1 0 0 2 0 1 -1 0 1 21 -1 0 0 0 -1 0 0 0 -1 1 0 1 1 2 0 1 0 0 0 -1 0 1 1 0 -3 -1 0 0 1 -1 0 0 0 0 1 -1 -1 0 0 -1 0 1 1 1 0 0 0 2 2 0 1 0 1 0 0 0 -1 0 -1 0 -1 -1 -1 2 0 0 0 0
0 -1 0 3 0 1 0 1 1 0 0 1 -1 0 0 -1 0 -1 0 0 2 0 1 0 0 1 0 -1 0 2 0 0 -1 2 0 0 -1 0 0 -2 -1 0 -1 1 0 0 0 0 0 0 -1 0 0 0 0 0 1 1 0 0 0 -1 0 0 0 0 1 0 1 1 -1 0 0 1 0 -1 1 0 1 0 0 1 -1 0 -1 -1 -1 -1 0 0 -1 0 0 1 -1 0 2 -1 0 1 0 -1 0 0 0 0 2 0 0 0 0 1 1 -1 0 0 0 1 -1 0 0 1 1 1 0 1 0 0 -1 0 0 2 0 1 -1 0 0 0 2 -1 0 3 0 0 0 1 0 1 0 1 1 0 0 0 0 2 1 1 1 1 1 -1 -1 -1 0 0 0 -1 1 1 0 1 1 0 1 0 0 0 0 0 -1 1 1 0 0 0 0 0 0 4 1 0 0 1 -1 1 1 -1 0 0 -1 0 0 0 0 -1 1 1 0 0 1 1 0 0 -1 3 -1 0 0 0 0 1 -1 1 0 0 1 -1 1 2 3 1 3 0 0 0 1 1 -1 0 0 -1 14 1 -2 -1 1 0 -2 0 2 0 0 0 -1 1 0 1 -1 0 0 1 1 1 -1 0 3 1 0 0 0 -1 0 1 1 0 1 0 0 0 0 1 0 2 0 0 0 1 1 0 0 0 2 -1 1 0 3 0 0 1 0 0 0 -1 0 0 0 0 0 2
0 0 0 0 0 0 -1 0 -1 0 0 0 2 0 -2 0 0 1 0 0 1 0 0 0 0 0 0 0 0 0 1 0 0 1 0 1 -1 -1 0 -1 0 0 0 1 0 0 -1 0 0 0 0 0 0 0 -2 0 -1 -1 0 1 1 0 1 0 -1 0 1 0 0 -1 0 1 -1 0 2 0 0 0 1 -3 0 0 1 0 2 2 0 0 1 0 1 0 -1 1 0 0 0 0 0 0 0 0 1 0 0 0 0 0 0 0 2 0 -1 0 0 0 0 0 1 0 1 0 0 1 0 0 1 0 0 0 0 0 0 0 1 0 -1 0 0 0 0 0 0 0 0 1 -1 0 0 0 0 -1 1 0 1 1 0 0 0 0 0 0 -1 -1 1 0 0 0 -1 0 0 1 0 0 0 0 0 0 0 1 1 0 0 0 0 0 -1 0 1 0 -1 -1 0 0 0 -1 0 -2 1 0 1 0 0 0 0 0 1 0 0 0 0 1 1 0 0 1 0 1 1 0 0 0 1 1 0 0 -1 1 0 0 1 1 0 0 0 0 0 3 1 0 0 0 1 10 1 0 1 0 -1 1 1 0 0 0 0 1 0 2 0 1 0 0 -1 0 0 0 0 1 -1 2 0 1 0 0 0 0 1 0 0 0 1 2 0 1 0 1 0 0 1 3 0 0 0 0 0 0 2 0 0 -1 0 0 0 -1 0 0 0 0 0 1
1 0 0 1 -1 1 -1 0 0 1 0 0 -1 0 1 0 -1 0 0 1 0 0 1 -1 -1 0 -1 1 0 0 -1 0 1 -1 0 0 1 3 0 1 0 0 -2 0 0 0 -1 0 0 1 1 1 1 0 0 1 0 0 -2 0 2 0 1 0 0 0 2 -1 0 0 -1 0 -2 0 2 -1 -2 0 1 -1 0 -2 -1 -1 0 -1 1 1 0 0 0 -1 0 0 1 1 1 -1 0 -1 -1 0 -1 0 -2 0 0 0 0 0 2 0 0 3 1 1 0 1 -1 0 1 0 0 0 0 -1 0 1 0 0 1 1 0 1 2 1 0 0 1 1 -1 0 1 0 0 0 1 -1 0 1 2 2 1 0 0 1 -1 0 1 0 0 -1 -1 0 -1 0 1 2 -1 -1 0 2 0 0 2 -2 0 -1 -1 1 3 0 0 -1 1 0 0 0 0 0 0 0 2 0 1 0 0 1 0 -1 0 -1 0 0 -1 1 0 2 0 3 0 0 -1 0 0 2 -1 0 0 -1 0 0 -1 -1 0 0 0 1 -1 -1 0 0 -2 -1 -1 0 1 1 -1 1 1 0 -2 1 15 -1 0 0 -1 0 -1 0 0 0 2 1 0 0 0 0 0 -1 1 2 0 1 2 0 -2 0 0 1 -1 -1 0 0 -1 -1 0 0 0 0 0 0 2 -1 0 0 0 0 0 0 -2 0 2 0 2 -2 0 -1 1 0 1 -1 1 0 -1 1 0 0
-1 -2 0 0 0 0 0 0 1 1 1 2 -1 1 0 0 0 0 0 -1 0 0 1 1 1 -1 0 0 -3 0 0 -1 1 -1 0 0 0 0 0 2 0 -1 1 0 0 -1 2 0 2 0 2 1 0 -1 0 1 1 0 0 0 0 0 0 -1 0 0 0 1 0 -1 1 0 2 1 0 1 0 1 3 1 0 -1 0 1 -1 1 0 0 0 0 2 -1 0 0 -1 0 0 0 1 0 1 1 1 0 -1 1 1 2 -2 0 0 0 1 1 0 0 1 0 -1 0 2 -1 2 -1 -1 1 0 0 3 0 -2 0 1 0 0 -1 0 -2 -2 0 -1 0 0 1 -1 1 0 -2 2 1 2 0 -1 -1 0 0 1 1 0 1 0 1 4 0 1 0 0 0 0 1 -3 1 0 1 -1 0 1 -1 -1 0 0 1 1 1 0 -1 0 2 0 -2 0 1 -1 -1 1 0 1 0 1 1 1 -1 -1 1 3 0 0 -1 -1 -1 0 2 0 0 2 1 0 -3 2 -1 0 0 1 0 1 1 0 -1 1 0 2 -1 0 2 0 -1 0 0 0 1 -1 0 -1 0 -1 20 -1 2 0 0 1 0 0 0 1 -1 -1 -1 -1 -1 0 1 0 1 1 0 -1 2 2 0 2 -1 1 0 0 2 -1 1 1 1 -1 -1 1 -1 0 0 1 0 1 1 1 0 0 2 -1 2 -1 0 0 0 1 3 0 2 0 0 1 -2 1 0
0 1 0 1 -3 0 -1 0 1 0 0 -1 3 0 0 0 0 -1 0 0 0 1 1 -1 1 0 1 -2 -1 0 0 1 -1 0 0 0 0 -1 -1 -1 0 0 0 0 0 2 1 0 1 0 1 -1 0 0 0 1 -1 1 2 0 0 0 0 0 1 0 0 -2 -2 0 1 0 -1 1 0 0 0 0 -1 -1 0 0 -1 0 2 0 1 0 0 1 0 0 0 0 -1 0 2 -1 1 0 0 -1 0 2 1 0 -1 0 0 -2 0 1 0 3 0 0 0 0 1 -1 0 2 0 1 1 1 -1 0 0 1 0 1 -1 0 0 0 1 -2 -1 0 1 1 1 1 0 0 2 0 1 0 2 1 1 -1 0 2 0 1 0 0 0 0 0 0 -2 -1 -1 0 0 1 1 0 0 1 1 1 1 0 1 0 1 1 1 -1 0 1 2 0 0 1 0 1 0 0 -1 0 -1 0 0 0 -1 0 2 -1 1 1 1 0 -1 0 1 0 -1 0 1 3 0 0 -1 0 1 1 -1 1 1 1 0 1 1 0 0 1 0 2 -1 0 0 0 1 0 0 -1 1 1 0 -1 17 0 -2 1 0 0 0 2 1 1 1 1 0 -1 1 1 1 5 0 0 0 -1 1 -1 0 1 0 1 -1 -1 1 0 0 1 1 0 1 0 1 1 1 0 1 0 0 -1 1 -1 0 0 0 0 0 -1 -1 -1 0 1 2 1 0 0 0 1
0 0 0 1 1 -2 -1 0 0 1 1 1 -1 0 0 1 0 0 -1 0 -1 1 0 0 0 0 0 0 0 0 1 0 -1 1 1 0 1 0 0 0 0 0 -1 -1 -1 0 0 0 0 0 2 0 1 0 0 2 1 -1 0 -1 0 -1 -1 0 3 -1 0 0 -1 -1 1 1 0 2 0 0 -2 -1 1 3 0 1 0 1 -1 -1 1 0 0 0 0 0 0 -1 0 -1 0 1 0 -1 0 -1 0 1 0 2 1 0 0 0 0 1 0 0 -1 0 1 -2 1 1 1 -1 0 0 1 2 0 -1 -1 -1 -1 0 1 1 1 0 0 -1 1 0 0 0 0 1 0 0 0 1 0 0 0 0 0 0 1 0 1 0 -1 -2 0 0 0 0 1 1 1 0 1 0 0 0 0 0 1 0 -1 1 0 1 0 1 1 -1 1 0 0 1 -1 0 2 -1 1 -1 1 0 0 2 -1 0 0 -1 -1 1 0 1 -2 2 0 -1 0 -1 0 0 1 0 -1 0 1 2 -1 2 1 0 0 -1 0 -1 -1 -2 0 1 1 1 -1 1 1 -1 0 2 1 0 0 0 0 2 0 18 2 1 -3 0 1 0 0 0 1 0 0 1 0 0 0 0 0 1 1 0 -1 2 2 -1 0 0 0 0 0 1 0 0 0 1 1 1 -2 0 0 0 0 3 0 1 -1 -1 0 -1 0 0 0 0 0 0 0 1 1 1 -1 0 0 0
0 1 0 0 2 0 0 0 0 0 1 2 0 0 1 1 1 0 1 1 0 0 -1 0 0 0 1 0 -2 0 1 1 0 -1 -1 -1 -1 0 0 0 -3 0 1 -1 0 -1 0 1 0 -1 -1 -1 0 -4 0 0 0 0 1 -1 -1 0 0 0 0 -1 -1 1 -1 0 -3 -1 0 0 -2 0 -1 -1 1 1 -1 2 0 -1 1 0 0 0 0 0 1 0 1 0 0 -1 -3 0 2 0 2 0 -1 0 0 0 -1 0 -1 -1 1 -1 0 1 -1 2 -1 -1 1 0 0 1 0 -1 0 0 -1 -1 0 0 0 0 0 2 0 0 0 0 -1 -1 0 -1 -1 0 0 2 1 -1 -1 1 0 1 0 0 0 -1 0 0 0 2 0 -1 1 -1 1 0 -1 0 0 1 0 -1 0 -1 0 -2 -1 0 -1 0 -1 0 0 1 0 -1 -1 0 -2 -1 0 0 -2 0 -1 0 0 0 0 1 1 0 -1 1 -1 2 0 0 2 -2 -1 -1 0 0 0 -2 -1 -1 1 1 -1 0 0 0 0 1 0 1 0 0 -1 -1 -1 -1 0 -2 0 2 1 1 -1 0 -2 -1 -1 0 -2 2 18 0 0 0 0 0 -1 1 0 0 -1 -1 -1 1 0 -3 -1 0 -3 1 0 2 0 -2 0 0 0 0 -1 0 -1 0 0 0 -2 0 -1 0 0 0 -1 3 0 0 0 1 0 -1 0 1 0 1 -1 0 -1 -1 -2 0 -1 0 0 -1
2 0 0 0 -1 -1 -1 0 0 0 0 -1 0 -1 0 0 0 -1 0 -1 1 0 3 0 0 0 0 0 0 -1 -1 -2 0 2 0 -1 -1 1 0 0 0 0 -2 0 0 0 0 1 2 -2 0 0 0 1 -1 3 0 0 3 -1 0 -2 0 0 0 1 0 1 1 -1 -2 -1 0 0 0 2 1 0 -1 -1 -1 1 1 -1 0 1 0 1 -1 -1 0 0 -1 2 0 1 0 0 0 0 0 -1 2 -1 3 0 1 -1 2 0 0 1 0 1 -1 0 1 0 -1 0 1 2 0 2 3 1 0 3 0 2 1 0 0 1 -1 -1 0 1 0 -1 0 1 0 2 1 0 0 0 -1 0 1 1 0 -1 0 1 0 1 -1 0 0 -1 0 -1 0 1 0 -1 2 -1 1 1 0 0 0 2 1 0 0 1 0 0 0 0 1 -1 0 1 0 1 0 2 1 -1 0 0 -2 0 3 1 0 0 -1 1 0 -1 0 1 -1 -2 -1 1 0 1 -1 0 -1 0 -2 0 0 3 0 0 -1 -1 -1 -2 -1 0 0 0 0 -1 1 0 2 2 1 -1 1 0 0 1 0 0 1 1 0 16 0 1 0 0 0 -1 2 -1 1 0 0 0 0 0 2 0 -1 1 1 0 1 1 0 -1 0 -1 -1 -1 -1 -1 0 -1 1 1 0 1 0 0 0 -1 0 -1 0 -1 0 0 -2 0 0 -2 1 0 0 0 2 0 -1 0 2 -1
-1 -1 -1 -1 0 0 2 1 0 0 0 0 0 0 -1 0 0 0 0 -1 1 -1 0 0 0 0 -1 0 0 1 0 0 0 0 -1 -1 2 1 1 0 -1 0 4 -1 0 -2 0 -1 0 0 -1 0 0 1 3 2 1 1 0 -1 -1 2 -1 -1 1 0 -2 0 0 0 0 1 -1 0 0 1 0 0 0 -2 0 0 0 -1 1 1 -1 0 -1 0 -1 0 0 -1 0 -1 0 -1 1 1 0 0 0 3 2 0 0 -1 0 -1 -1 1 0 -2 0 0 -2 2 -3 0 -1 -1 0 1 0 1 -1 1 1 2 0 -1 0 0 0 1 1 1 1 0 0 0 0 0 2 5 0 2 0 0 1 -1 1 -1 0 2 1 0 1 0 0 0 0 -1 0 -1 0 1 -1 1 0 1 1 2 0 0 2 0 0 0 0 0 1 -1 -2 0 0 0 1 0 0 0 0 1 0 0 0 0 1 1 2 2 0 0 -1 -2 0 -1 0 0 0 2 -2 0 0 1 0 0 -1 0 0 -1 1 2 1 1 0 -2 1 0 0 1 -1 2 0 0 0 -2 0 0 -1 -1 2 1 -1 1 0 -3 0 0 23 0 -1 1 -1 2 0 -1 0 0 0 0 1 2 0 0 0 0 -1 -2 0 1 3 1 0 1 -1 0 0 -1 1 0 0 0 0 0 0 1 0 -1 0 0 0 2 -1 -1 3 0 0 2 0 0 0 1 0 1 2 0 0 2
0 0 0 0 0 0 1 0 0 0 0 1 1 1 0 0 1 0 0 1 -1 0 1 1 0 0 1 0 1 -1 0 1 -1 0 2 -1 0 2 1 0 -2 0 0 2 0 0 1 0 1 -1 0 1 2 0 1 0 0 0 2 0 0 -1 0 0 0 0 1 -1 0 0 1 0 0 0 0 0 1 -2 1 -1 0 1 -1 -1 2 0 0 0 0 0 0 0 0 0 0 0 -1 0 2 0 -1 1 0 -1 0 1 -1 0 -1 0 0 0 0 0 0 2 1 1 1 1 -1 0 0 0 1 0 0 0 1 -1 0 1 0 1 1 0 0 1 0 0 1 0 1 2 1 0 -1 0 0 0 0 0 0 0 -1 1 1 0 0 2 1 0 0 0 0 1 0 0 1 0 0 0 -1 0 0 0 0 0 0 -1 0 0 0 0 1 -1 -1 0 0 0 0 0 -1 0 0 0 -1 0 1 1 0 0 0 0 0 0 0 1 1 0 0 2 1 0 0 0 0 0 1 0 -1 0 1 1 0 0 -1 0 2 -1 0 0 0 0 0 1 0 0 1 -1 1 1 0 0 0 0 0 0 0 1 0 10 2 -1 1 1 0 0 2 0 -1 -1 0 0 -1 0 1 -1 -1 0 0 0 0 1 0 1 0 -1 0 0 0 0 1 0 0 -1 0 0 1 1 2 0 0 0 0 1 -2 -1 0 0 0 0 -1 2 -1 0 1 1 0 -1
0 0 1 0 1 0 0 0 0 0 0 -1 -1 1 0 0 0 0 0 1 0 1 0 0 1 0 0 -1 0 0 1 -1 -2 0 0 0 -1 0 0 -1 0 1 0 1 1 1 1 1 1 1 0 0 0 0 -1 0 -1 1 0 0 -1 0 0 0 0 0 -2 0 0 0 2 1 1 0 0 0 0 -1 -2 1 -2 1 2 -1 -2 -1 0 0 -1 0 2 0 0 1 1 0 -3 -2 -1 -1 0 0 -1 -1 0 -2 -1 0 1 1 0 0 2 2 0 -2 0 2 1 1 -1 -1 1 1 0 0 1 0 -1 -2 0 1 3 -1 2 1 -2 0 1 -1 0 0 -1 1 1 -1 -2 0 0 1 0 0 0 1 -1 0 1 0 0 0 -1 1 0 -1 1 1 0 1 0 1 1 -1 -1 0 0 0 -1 0 1 0 0 0 1 2 2 1 0 0 0 1 -1 -1 0 0 0 1 0 1 1 0 2 0 0 0 -1 2 -1 1 0 0 0 1 -1 0 -1 0 0 -2 0 0 -1 0 0 0 0 0 0 0 2 1 0 -1 -1 1 1 -1 0 0 -1 0 -1 0 0 0 0 0 0 1 0 0 -1 2 16 -2 -2 1 0 0 1 2 0 0 1 0 0 0 0 0 0 -1 -1 1 1 2 1 1 0 -1 0 0 0 0 -1 -2 0 1 0 0 -1 0 0 0 0 -1 -1 1 0 0 0 1 0 0 -1 1 1 0 0 -1 0 -1
0 4 0 1 0 -1 -1 0 1 0 -1 -1 -1 2 1 0 -1 0 0 0 0 0 0 0 0 0 0 0 -3 2 0 0 1 2 0 0 1 1 0 1 2 0 3 -2 0 0 3 0 0 0 2 1 2 0 -1 0 0 -1 0 0 2 2 2 0 1 0 -1 0 0 0 -1 -1 0 0 -1 0 0 0 1 0 2 1 -1 0 2 0 0 -1 1 -1 -1 0 0 1 -1 0 0 0 0 0 1 0 3 0 2 0 -1 -1 0 1 2 0 0 2 0 -1 -1 -1 1 2 1 1 0 1 1 0 0 0 -1 1 0 -1 -1 -1 0 -1 0 -1 -2 -1 1 1 -1 0 -1 2 0 0 0 0 0 -1 -1 0 -1 1 -2 1 0 -1 0 1 0 0 -1 0 0 0 1 1 1 0 0 0 1 0 0 0 0 0 0 0 0 -2 0 1 0 1 2 -1 0 2 0 1 0 0 1 0 0 1 1 0 -1 -1 0 -1 0 0 0 1 1 -2 -1 0 0 0 1 2 1 0 1 -1 0 0 -1 -1 1 1 1 0 -1 2 -2 0 2 0 0 -1 0 1 -3 1 0 0 0 0 2 0 0 0 1 -1 -2 22 0 1 3 0 1 0 0 -2 -1 0 0 1 -1 1 0 0 1 0 0 0 0 -2 1 0 2 0 0 1 -1 1 1 0 -1 0 2 1 1 3 0 1 -1 -1 1 1 1 -3 1 -1 0 -1 1 0 1 1 1 0
0 -1 0 0 0 2 0 0 -1 2 0 1 1 0 0 0 0 1 0 0 1 0 1 1 2 1 0 1 0 0 -1 2 0 1 1 0 1 0 1 1 0 1 -1 1 0 0 0 0 0 1 1 1 0 1 1 1 0 0 2 1 0 0 1 1 0 1 0 1 0 0 0 2 2 1 2 0 0 1 -1 0 0 0 0 0 1 2 0 1 0 0 -2 0 -1 1 0 -1 0 0 -1 -1 0 1 0 -1 0 2 0 0 0 1 1 0 0 0 1 2 0 1 2 0 0 0 0 1 0 0 0 0 0 0 -3 0 0 0 0 0 1 0 -1 0 0 0 1 1 0 2 1 -1 0 0 0 -2 -2 0 2 0 0 0 1 0 2 1 0 1 -1 0 0 1 1 -1 0 0 -1 0 0 -1 0 1 0 -1 2 0 1 0 1 1 1 0 0 -1 0 0 1 0 1 0 2 -1 1 -1 0 1 0 2 2 0 1 0 -1 3 1 0 1 0 1 1 0 1 -1 0 1 1 0 0 3 0 0 1 0 0 1 0 0 1 -1 1 1 0 -1 0 1 1 -1 0 2 1 1 0 -1 0 -1 1 -2 0 15 2 0 1 0 0 0 1 0 2 0 -1 1 0 0 1 1 1 1 -1 0 1 -2 1 1 0 0 0 0 0 0 -1 0 -1 0 0 -1 0 0 0 4 0 0 1 0 0 0 -1 0 1 1 1 0 1 0 2
-1 0 0 -1 0 2 -3 -1 0 3 1 0 2 2 1 0 0 0 0 1 0 1 0 -2 -1 0 -2 -1 -1 -1 1 1 0 0 -1 -1 -1 0 -1 -1 -1 1 -2 2 1 0 0 1 -1 1 0 0 1 -2 -1 1 -2 0 0 -1 1 -1 2 0 3 -1 1 2 0 1 2 3 -1 0 2 -1 -1 -2 2 -1 1 0 1 -1 1 1 0 -1 1 0 1 2 -1 1 0 0 1 0 0 -2 -1 0 0 -1 -2 -1 0 -1 1 0 1 0 -2 1 -1 1 3 -1 0 0 1 1 -1 1 4 -2 0 -1 0 -1 0 1 -2 -3 2 1 0 -1 0 0 -2 -2 -1 -1 0 2 -1 0 0 -1 1 1 1 0 2 2 2 0 2 -1 -1 0 -1 0 1 -1 0 2 0 -2 2 -1 -1 -1 0 -1 0 2 -1 -1 -1 -1 -1 -2 0 -1 0 0 1 0 0 -1 0 1 0 0 1 1 4 1 0 0 0 -1 0 -2 1 0 0 1 0 3 1 1 1 2 0 -2 1 2 0 0 -1 0 1 -1 0 0 0 -2 0 4 1 3 0 1 0 1 -1 -1 2 2 1 1 1 -1 1 0 1 -1 2 1 1 1 2 28 1 1 0 1 2 1 0 0 0 0 1 -1 0 0 0 0 1 -1 1 0 0 0 1 0 1 1 -2 1 1 1 0 -1 0 0 0 0 0 -3 1 0 3 0 2 1 0 1 -2 -2 0 -1 1 0 0 3
0 0 -1 0 0 0 -1 0 1 0 1 0 0 0 1 0 0 0 0 0 0 0 0 0 0 1 0 0 -1 1 -1 0 0 0 -1 -1 -1 0 0 0 -2 0 -1 1 0 1 0 0 0 0 0 0 0 1 0 1 -2 0 0 0 0 0 0 0 -1 0 -1 0 0 0 0 0 0 0 0 0 0 0 0 -1 0 -1 0 1 0 0 1 0 0 -1 1 0 -1 1 0 0 0 0 0 0 0 0 1 0 3 0 1 0 1 -1 1 1 0 1 0 0 0 0 0 1 0 1 0 0 0 -1 -1 0 0 1 2 1 0 0 0 -1 0 0 -1 0 0 0 0 1 0 0 0 -1 0 0 1 -1 0 0 0 0 0 1 -1 1 0 0 0 0 -1 0 0 1 0 0 2 0 0 0 -1 0 0 0 -1 0 0 0 0 0 0 -1 0 1 1 -1 0 2 -1 0 -1 0 0 0 0 0 0 0 -1 0 -1 -1 -2 0 0 0 0 -1 -1 0 0 1 0 1 -1 0 0 1 0 0 0 0 0 0 0 0 0 1 0 1 0 -1 1 0 1 0 0 0 0 0 0 -1 1 1 0 2 0 0 0 3 0 1 10 0 0 0 0 0 -1 1 1 0 0 1 1 0 1 0 0 -1 0 -2 0 0 1 0 1 0 0 0 0 0 0 -1 0 2 0 2 0 -1 0 0 1 1 0 0 1 0 0 0 1 0 0 -2 0 0
1 2 0 1 0 2 0 1 -1 1 0 0 0 2 2 1 1 0 -1 1 0 1 0 0 0 -1 -1 1 -1 0 1 1 -1 0 0 1 0 0 1 0 1 0 1 3 0 0 0 1 0 0 0 0 -1 0 1 0 -1 -1 0 1 0 0 3 0 0 -1 0 0 0 0 1 1 0 -2 -1 0 1 0 0 0 1 0 -1 0 1 1 0 -1 0 -1 -2 0 -1 0 0 0 0 1 0 0 0 0 2 1 0 0 0 -1 0 0 0 1 0 1 0 1 -1 0 0 1 -1 0 1 -1 -1 0 0 0 0 0 0 -1 0 -1 0 0 0 0 1 1 0 2 1 -2 0 1 0 -1 0 1 0 0 1 1 1 1 0 0 0 1 0 1 0 1 1 0 1 -1 0 1 0 0 0 0 1 -1 0 0 0 0 1 0 -1 0 0 -1 -1 0 0 0 -1 0 0 0 0 0 0 -1 2 0 1 1 0 1 0 0 0 0 0 2 0 -1 1 1 -1 2 0 1 1 -1 0 -1 0 1 0 1 0 0 -1 0 1 2 0 0 0 2 0 0 1 0 -1 1 1 2 0 -1 1 0 0 -1 -1 0 0 0 1 1 0 14 0 1 1 0 1 0 0 0 1 0 1 0 1 0 0 1 0 -1 1 0 0 0 1 -1 0 0 0 1 0 1 1 2 0 0 -1 1 0 0 2 0 0 -1 0 1 0 -1 -1 -1 1 1 -1 0
0 2 0 0 -2 -2 1 0 0 1 -1 0 0 0 1 0 -1 0 0 0 2 1 0 -1 0 1 0 -1 0 1 0 -1 0 0 0 -2 0 -1 1 -1 0 0 2 0 1 0 0 1 0 -2 0 -1 1 0 0 0 0 0 0 0 0 -1 0 0 0 1 2 1 0 0 0 0 -1 0 0 1 0 0 1 1 0 0 1 -2 0 0 0 1 0 -1 0 0 0 0 0 2 0 1 0 0 0 -1 -1 0 0 0 0 0 -2 0 0 0 0 0 0 -1 0 1 3 -1 0 0 0 0 0 0 0 1 0 1 0 0 0 0 1 -1 0 0 1 -1 0 -1 1 0 2 0 -1 0 1 0 0 0 0 0 1 -1 0 0 -1 2 0 2 1 1 1 2 0 -1 0 0 1 -1 -1 0 0 1 0 0 0 -2 1 0 1 0 0 0 0 0 0 0 0 0 1 1 0 2 -1 0 0 0 0 0 1 0 1 0 -1 0 -1 0 0 0 0 0 -1 0 2 1 0 0 0 0 0 2 0 -1 -1 -1 0 1 -1 1 1 -2 0 0 0 0 0 0 1 0 -1 0 0 -1 0 0 -1 1 0 2 1 1 0 0 0 0 16 2 1 1 1 0 -1 0 0 0 0 -1 0 0 0 3 0 0 -1 0 0 0 0 1 1 1 0 1 0 0 2 0 0 0 0 -3 -1 0 0 0 0 0 0 -1 2 -2 0 0 1 1 1 0
0 1 1 0 1 -1 0 -1 0 0 1 0 0 0 0 1 0 0 0 1 1 0 0 0 1 1 -1 -2 0 2 0 2 2 0 1 1 1 1 0 0 0 1 -1 0 -2 1 0 1 -2 1 0 -1 1 0 0 1 0 -1 -1 1 0 0 0 0 -1 1 -1 -1 0 0 0 1 -3 1 0 0 1 0 -1 -1 1 -1 3 -1 2 1 1 0 0 1 -1 0 0 0 0 1 0 0 0 1 1 0 -1 0 1 0 -1 1 0 2 1 0 0 1 0 0 0 -1 0 3 -1 4 -1 1 -1 0 1 0 0 1 0 2 0 0 1 -1 0 0 0 -1 -1 0 0 -1 0 -3 -1 -1 1 0 0 0 1 0 -1 -1 0 1 2 0 0 2 0 2 -1 0 -1 0 0 -1 0 -1 0 0 -1 0 0 0 0 1 0 0 0 0 0 1 -2 0 4 -1 -1 0 0 -1 1 1 0 0 1 0 1 -1 0 0 0 2 -1 0 0 -1 1 -1 1 0 1 0 0 -2 0 -1 0 0 2 0 0 -1 0 0 -1 0 1 1 0 0 -2 0 3 1 1 0 1 0 0 1 0 -1 -1 1 -1 0 0 0 2 0 0 1 0 1 2 18 1 1 1 1 0 2 0 0 1 0 0 1 0 0 0 0 0 -1 0 0 0 2 -1 -1 -1 0 0 0 1 0 -1 1 -2 -1 -1 0 0 0 -2 0 -1 0 0 1 1 -1 1 0 0 0
1 -1 0 0 0 0 0 0 0 0 -1 0 -1 4 0 0 -1 0 1 0 0 3 0 -1 1 0 0 0 -1 0 0 -1 0 -1 0 0 -1 0 0 0 2 1 -2 1 0 0 2 0 -2 -1 2 0 -1 0 0 0 2 0 -1 -1 0 1 2 1 0 -1 0 2 0 0 1 0 0 1 0 0 -1 0 -1 -2 0 0 0 -1 0 0 0 0 0 -1 0 0 0 0 0 0 1 0 0 0 0 0 2 0 0 0 0 0 0 1 -1 0 0 0 0 -1 -1 0 0 0 0 -1 0 -1 0 0 0 0 0 1 0 1 0 1 -1 -1 -1 -2 0 1 0 0 -1 -1 -1 -1 2 0 0 0 0 0 2 1 1 1 1 0 0 0 -1 0 0 0 -1 1 0 -1 1 0 1 0 0 0 0 0 1 1 0 0 0 1 0 1 0 0 0 -1 0 1 0 0 0 0 0 1 1 0 1 -1 0 0 1 0 1 0 0 0 -1 0 0 0 0 -1 0 -2 0 0 -1 0 0 0 0 0 0 -1 0 0 0 -1 1 2 1 1 -1 0 1 0 -1 0 -1 0 0 0 0 0 1 0 -1 0 0 -1 0 0 0 2 0 1 1 1 11 0 0 0 0 0 1 0 0 0 0 0 0 0 -2 0 -2 0 0 -1 1 1 -1 0 0 1 0 0 0 0 0 0 0 0 0 0 2 0 0 -2 0 1 1 0 0 -1 0 0 0 -1
0 0 -1 0 -1 1 -1 -2 1 0 1 2 0 0 -1 0 0 0 1 -1 1 0 0 -1 1 1 0 0 -1 0 -2 0 -2 1 3 0 0 1 0 0 -1 0 1 0 0 1 0 1 1 0 1 0 1 -1 0 1 0 0 -1 0 0 1 0 1 0 0 0 1 0 0 0 0 0 -1 1 0 -1 0 -1 0 0 -1 0 0 -1 0 0 0 -1 0 -1 0 -1 2 0 0 0 0 0 0 2 0 2 2 -1 0 1 0 2 0 -1 0 0 0 0 0 0 0 -1 0 0 0 0 0 1 1 0 0 1 1 0 0 0 0 0 -2 0 0 -1 0 0 1 0 0 0 0 1 0 0 0 0 -1 0 -1 1 0 2 0 1 2 0 -1 1 0 1 0 0 0 0 0 1 0 0 0 0 0 0 1 -1 0 1 0 -1 0 0 -2 0 0 0 1 0 0 0 0 0 1 -2 -1 0 1 1 -1 0 0 0 -1 -2 -1 0 1 0 0 0 0 1 1 0 -2 0 0 0 0 0 0 1 0 1 1 0 2 1 0 0 2 -1 0 0 1 0 1 0 -1 1 0 -1 1 1 0 1 0 0 -1 0 -2 1 1 0 0 1 1 0 14 0 -1 0 0 1 0 1 -1 0 0 0 1 1 2 0 1 -1 1 1 0 1 2 -1 3 0 0 1 0 2 1 1 0 1 0 -2 2 -1 1 -1 0 1 0 -1 0 0 -1 0 1
-1 0 1 1 0 1 0 0 0 0 -1 0 -1 0 2 0 0 0 1 0 0 0 0 0 0 1 1 0 1 0 0 2 0 -1 0 0 1 3 1 -1 -1 0 1 0 0 -1 1 0 0 1 0 0 1 -3 1 0 -1 0 -1 0 0 0 -1 0 1 0 -1 -1 0 1 -1 0 -1 0 0 0 0 0 1 1 0 -1 -1 -1 0 0 0 1 1 0 -1 1 1 1 0 0 1 0 0 0 1 0 0 1 0 0 0 1 -1 0 -1 0 0 1 -1 0 0 0 0 0 -2 0 2 0 0 2 -1 1 0 0 0 1 0 0 0 -1 2 0 0 1 0 1 0 0 1 0 0 0 0 1 0 0 1 0 0 2 0 0 1 1 1 1 0 0 0 0 0 1 0 -1 -1 0 0 0 0 -1 1 1 2 1 -1 0 0 0 0 0 1 0 -1 1 -1 0 0 1 0 1 0 0 0 0 1 0 0 0 0 0 0 0 0 1 0 2 0 0 0 1 0 0 0 0 0 1 -1 0 1 0 0 -1 3 0 1 2 -1 0 0 0 0 -1 0 -1 -1 0 1 -1 1 0 1 0 0 0 1 0 1 -1 0 0 -1 1 1 1 0 0 13 0 -1 0 0 1 0 -1 0 1 0 1 0 0 0 0 1 1 0 0 0 1 0 0 0 1 -3 0 1 0 0 -2 2 0 1 -1 0 0 1 0 1 0 1 0 0 1 0 1
-1 0 -1 0 -1 0 2 1 -2 0 0 0 1 0 -2 0 0 0 2 0 2 0 2 0 0 1 1 0 0 -1 -1 0 1 2 -1 3 3 -1 0 0 -1 2 1 -1 0 0 1 2 -1 1 0 1 1 2 1 2 0 0 0 -1 -2 1 0 -2 0 2 -1 -1 -1 1 1 2 0 0 -1 -1 0 0 0 0 0 0 0 -2 0 1 0 0 0 0 2 0 0 0 0 0 3 0 1 2 0 -2 -2 2 1 0 1 0 -1 0 0 0 0 0 3 1 2 1 0 -1 0 1 0 0 1 0 0 1 0 1 0 0 1 0 0 0 0 -1 1 0 0 0 -1 1 -1 2 1 -3 0 0 1 1 -3 0 0 2 -1 1 0 1 0 2 0 1 0 0 1 0 0 2 -1 0 0 2 0 0 2 1 1 0 1 1 1 -1 -1 1 1 0 1 0 0 0 -1 1 -2 0 2 0 0 1 0 1 2 1 0 1 1 -1 -1 2 1 0 -1 0 1 4 0 0 0 1 1 -3 1 0 1 0 0 1 0 0 1 1 1 1 -3 -1 2 0 0 -1 2 1 1 0 2 1 5 0 -3 0 2 0 0 0 2 0 1 0 0 1 0 -1 0 20 1 0 2 1 0 -1 0 4 0 0 -1 1 0 0 0 1 0 0 1 0 0 -1 0 1 2 -1 0 2 1 0 -1 -1 1 0 0 2 0 2 0 2 2 1 1 -1 0 2
0 0 1 1 0 0 1 0 1 0 1 -2 0 0 1 0 -2 0 -1 0 2 0 2 0 0 -2 0 3 -1 0 1 -1 0 0 2 0 0 3 0 1 3 0 0 -1 -1 -1 0 -3 1 0 0 0 1 0 0 0 -1 0 -1 0 -1 1 -1 0 1 0 0 2 0 1 1 0 0 0 0 1 0 1 -1 1 0 0 1 0 -1 1 0 -1 0 0 2 0 -1 0 0 1 0 0 -2 0 1 0 2 -4 1 0 -1 -1 1 1 0 0 0 1 1 -1 0 -1 0 1 0 0 0 0 1 0 -2 1 -1 -1 0 0 0 -2 1 0 0 2 -1 -1 1 1 0 -1 0 -1 -1 0 -1 0 1 1 0 0 -2 1 -1 1 -2 -2 1 -1 0 0 -1 0 0 -1 0 0 1 0 0 0 0 1 0 -1 0 0 0 0 0 0 0 2 1 1 0 -1 0 1 -1 0 1 0 0 1 0 1 0 0 0 1 -1 1 0 0 -2 2 0 0 0 0 1 -1 -1 0 -1 0 -1 -1 1 0 0 0 1 2 1 0 -1 1 0 0 0 1 0 -1 1 1 1 1 -1 0 0 1 0 0 -1 2 0 -1 0 0 0 0 1 0 -1 0 0 0 -1 1 14 1 1 1 1 0 0 -2 1 0 0 -1 -1 -2 0 0 -1 -1 0 0 -1 1 0 0 0 0 1 0 -1 0 0 1 1 0 0 0 0 0 0 0 -1 0 0 -1 0 2
-2 0 0 -2 -1 1 0 1 1 2 0 3 -1 0 0 -1 0 0 0 0 0 0 0 0 0 2 0 -1 0 1 0 1 0 -1 0 -1 1 0 0 0 0 -1 2 0 -1 1 0 2 0 1 0 -1 2 -2 0 -1 0 0 -3 -1 1 0 1 -1 1 0 3 -1 -1 0 -2 -1 -2 -1 0 1 0 -1 0 0 0 -1 1 0 0 -1 0 0 -1 -1 0 -1 0 -1 0 -1 0 0 0 -1 3 1 0 0 0 -1 -1 1 -2 -2 0 0 0 1 0 0 0 0 1 1 1 0 0 0 -1 0 -1 -1 0 0 1 1 0 0 0 0 0 -1 1 0 0 0 0 0 -1 0 0 0 -1 -3 1 3 0 0 0 1 0 -1 0 2 0 0 0 -1 0 1 -1 0 1 0 0 -1 0 0 1 1 1 0 0 1 0 1 0 0 1 0 -1 0 1 -1 -1 0 1 0 1 -1 1 2 0 0 0 -1 1 -2 0 0 0 -1 0 3 0 1 -1 -1 -1 0 -2 -1 1 -1 -1 0 0 0 -1 0 -1 1 0 0 0 1 1 -2 -1 0 2 0 1 0 2 0 0 0 1 0 0 1 0 0 0 0 0 1 -1 0 0 0 0 2 0 0 0 0 1 20 0 0 1 0 1 -1 0 1 -2 -3 -1 0 1 0 0 -1 0 1 1 0 0 0 3 0 -2 0 -2 -1 0 -1 1 -1 -1 1 -1 0 1 -2 0 -1 -2 -1 0 1
0 -1 0 0 0 0 0 1 2 0 1 0 0 1 -2 0 -1 0 0 0 1 0 1 -1 3 1 0 0 -1 0 0 1 -1 0 0 0 1 0 1 1 0 0 1 1 2 0 0 2 0 2 1 2 0 2 2 0 0 0 0 -1 0 0 2 -1 0 -1 1 -1 1 1 3 0 0 0 1 0 1 0 0 0 0 0 0 0 0 0 0 -1 0 0 0 0 0 1 1 0 0 0 0 1 -2 0 0 0 0 0 1 -1 0 0 0 0 1 0 3 0 0 2 1 0 -1 0 0 1 1 -1 1 0 1 0 1 2 0 0 0 0 0 0 0 -2 1 1 1 1 0 0 0 -1 0 1 3 1 -1 -1 -1 3 0 1 -1 0 -1 -1 0 0 0 0 1 -1 0 -2 0 1 0 0 0 0 0 0 0 2 2 0 -1 -1 0 0 0 -1 1 2 1 0 2 4 1 0 -1 -1 0 0 -1 -2 0 0 1 0 0 2 0 2 0 1 1 0 0 0 0 -1 0 1 -1 0 0 1 0 0 -1 1 -1 0 0 2 1 1 -1 1 1 0 1 0 0 -3 3 0 2 -1 0 1 -3 -1 0 1 0 -1 1 1 0 1 0 0 1 1 0 2 1 0 18 -1 0 0 0 0 0 1 0 0 1 0 1 0 0 0 0 0 -1 0 0 0 0 0 0 0 0 0 2 -1 2 -2 0 1 1 1 0 0 0 -1 0 -1 0 0
0 -1 0 1 0 0 1 -1 0 0 0 1 -1 0 2 0 -1 -1 -1 -1 -1 0 0 0 0 0 0 1 0 1 -1 0 1 1 0 0 0 0 0 0 -1 0 0 0 0 0 -1 -1 0 0 0 1 0 0 -2 0 0 0 0 1 0 0 0 0 0 0 -2 0 1 -1 -1 0 -1 1 1 0 0 0 0 -2 0 0 2 0 -1 0 0 -1 0 0 2 -1 0 1 -1 0 0 0 1 0 1 1 0 0 1 0 1 0 -1 -1 0 0 0 0 1 0 0 -1 0 0 -1 0 1 1 0 1 0 1 0 0 0 0 0 0 0 0 0 0 -2 0 0 1 -2 0 0 0 0 -1 0 0 1 -1 -1 -1 0 0 1 1 0 1 2 1 0 0 -1 0 0 -2 0 1 0 1 0 1 0 0 -1 0 -1 0 0 0 0 0 -1 -1 0 0 1 -1 0 0 -2 0 0 0 1 0 -1 0 2 0 0 0 -1 0 0 1 0 1 -1 0 -2 -1 0 -1 1 0 0 -1 -1 0 1 0 0 1 -2 0 1 0 1 1 0 0 0 0 0 2 -1 1 -1 -1 1 1 0 2 -1 0 1 1 0 -1 0 1 0 -1 1 0 0 0 0 0 1 1 1 0 -1 11 0 0 0 0 1 0 0 0 0 0 0 0 0 0 0 2 0 1 1 0 1 1 1 1 -1 0 -1 0 1 -1 -1 1 -1 1 0 -1 0 0 0 1 0 0
0 1 -1 -1 1 -1 0 2 1 1 0 -1 1 0 1 0 1 -2 0 0 2 1 1 -3 0 1 0 0 -3 0 0 -3 1 0 -2 -2 0 1 0 1 1 -2 1 1 -1 1 0 2 -1 1 0 0 -1 0 0 1 -1 1 0 1 -2 1 0 0 0 1 0 1 0 0 -1 0 0 0 0 1 1 0 1 -2 0 -2 1 0 -1 1 0 0 -2 0 1 0 0 1 0 -1 0 0 0 1 0 1 1 -1 3 0 -1 1 -1 1 -1 -1 0 3 1 -1 0 1 0 1 0 1 -2 -3 -1 0 1 -1 1 0 -1 -1 0 -1 0 -1 0 -1 0 -1 1 -3 0 1 1 -1 1 1 0 -1 1 2 0 -1 1 -3 1 0 0 2 0 0 1 0 -2 1 0 -1 4 1 1 1 0 0 -2 0 0 0 0 1 0 -1 0 -1 -1 0 1 1 0 0 2 2 0 1 1 0 -1 -2 1 0 -1 1 0 1 1 0 1 0 1 2 0 0 1 0 0 0 0 -2 0 1 0 0 0 0 0 0 1 0 -1 0 -2 4 1 1 0 0 -2 0 1 -1 2 0 0 -1 -2 2 1 -1 0 1 -1 -1 0 0 0 0 1 1 0 1 0 1 0 0 1 1 0 0 19 -1 0 0 0 0 0 -1 -1 0 1 1 -1 -2 1 -1 0 0 1 0 0 -1 -1 0 1 -1 -1 0 1 0 0 3 0 2 1 1 0 1 0 -1 1 0
0 0 0 0 3 1 1 0 0 0 0 0 2 -1 0 0 0 0 1 1 0 -2 0 0 0 0 0 0 -1 0 0 2 0 0 1 2 0 -1 0 0 1 0 -1 0 0 0 -1 0 0 0 -1 0 0 -2 -1 0 -1 0 2 1 0 1 2 0 0 -1 0 1 0 -1 -2 -1 1 1 -1 0 0 1 0 0 2 1 -1 1 -2 0 1 -1 1 1 2 0 0 1 0 1 0 2 0 0 0 0 1 -1 0 0 1 1 0 0 -1 0 0 0 0 0 0 2 1 0 0 0 0 0 -2 -2 1 0 1 -1 0 1 1 0 -1 0 1 -1 0 0 1 0 2 0 -1 1 1 1 0 1 1 1 0 0 1 0 1 -1 1 -2 1 -2 0 0 -1 1 -1 0 0 2 0 0 -1 0 1 1 0 0 1 0 0 -1 0 1 0 0 0 -1 1 -2 1 -1 -1 1 2 0 1 -1 0 0 0 -1 0 0 1 1 -1 0 1 0 0 -1 3 0 0 1 0 0 0 -1 0 1 -1 0 0 -1 1 -1 -3 0 1 0 0 -1 0 1 1 1 0 1 -1 0 0 2 0 0 -1 2 2 0 -2 0 -1 0 1 0 0 0 -1 0 0 -1 -1 -1 0 0 0 0 -1 17 1 1 0 0 0 0 1 1 1 0 1 2 -2 2 -3 -1 0 -1 -1 2 0 0 -1 2 0 -1 0 0 0 -1 1 0 -1 0 0 0 0 1 -2 1
0 -1 1 0 -1 1 -1 2 0 3 0 2 -1 1 0 1 0 0 1 1 0 0 1 0 0 -1 0 0 -1 -1 0 2 0 0 0 -1 0 0 0 0 0 0 1 -1 -1 1 2 0 0 0 2 1 0 -1 0 1 0 0 0 0 0 1 2 0 0 1 1 0 0 -1 0 1 0 0 0 1 -1 0 0 0 0 0 0 1 -2 0 0 0 0 0 -1 0 -1 2 1 0 0 0 -1 1 0 0 0 0 1 2 -1 -1 1 0 -1 1 1 -1 0 0 2 0 0 1 1 0 1 0 -2 3 1 0 -1 0 0 -1 -1 0 0 2 0 0 0 0 -1 1 -1 1 -1 1 0 0 0 0 -1 -1 1 0 0 0 2 0 0 0 0 1 1 0 -1 0 1 1 0 -1 0 0 -1 0 0 -1 1 2 1 0 -1 -1 -2 1 0 0 -1 0 1 0 0 0 0 0 0 0 1 -1 0 1 0 1 -1 0 -1 -1 0 1 0 0 1 0 0 0 1 -1 0 0 0 0 0 1 0 -1 1 0 0 0 0 0 0 1 -1 0 -1 0 1 -1 -1 -1 0 1 0 0 0 2 0 2 0 1 0 0 -1 1 1 0 1 1 0 0 0 0 0 0 0 1 0 0 0 1 15 1 -1 0 1 0 1 -1 -1 -1 0 1 0 -1 0 0 0 -1 1 -1 -2 1 -1 -1 -1 -2 0 -2 1 -1 -2 0 -1 0 1 -1 0 0 0 1
1 0 0 -1 0 1 2 -1 0 -1 -2 1 1 0 0 0 0 0 3 1 2 0 0 0 1 0 -1 -1 1 -1 0 0 1 1 0 1 1 -3 0 0 0 0 0 1 1 0 0 1 1 2 0 1 -1 2 -1 1 -1 0 2 0 0 1 0 -1 0 1 0 1 -1 -1 -1 1 0 0 0 0 -1 0 -1 -1 0 0 0 -1 1 1 0 -1 0 0 0 0 -1 3 1 0 1 0 0 1 -1 0 0 2 0 0 -2 0 -1 -1 0 2 1 0 1 0 1 0 1 2 -1 2 0 2 0 0 0 0 0 0 0 -2 3 0 1 0 0 -1 0 2 1 0 0 -1 2 1 -1 -1 0 1 0 0 -2 0 0 1 0 -1 0 1 -1 0 0 0 0 0 0 -1 0 0 0 0 0 0 1 0 2 1 2 3 2 -1 -2 0 -1 -1 0 0 0 1 0 0 2 1 -1 0 0 -1 0 0 0 2 1 1 0 3 1 -1 0 2 0 -2 1 0 0 2 0 1 0 1 -2 -1 0 1 0 1 0 0 -1 -1 0 0 0 0 -1 -1 0 1 1 -1 0 -1 -1 1 1 -1 1 -1 -2 1 1 0 1 0 1 0 0 0 0 1 0 0 1 4 -2 -1 0 0 0 1 1 18 0 0 0 0 0 0 1 0 1 0 0 -2 1 -1 0 0 -1 -2 -2 1 1 0 0 -2 1 0 3 3 1 1 0 1 2 -1 0 0 0 -2
0 -1 0 0 0 -1 1 1 1 1 1 -1 0 0 0 0 0 0 -1 0 1 0 0 -1 2 0 0 1 0 0 0 0 0 0 -1 0 1 0 1 0 0 0 2 0 2 -1 0 -1 1 -1 0 1 0 -1 1 2 0 -1 0 0 0 1 0 -1 0 0 -1 1 0 0 1 0 1 0 0 1 -1 0 0 -1 0 0 1 2 0 0 1 0 0 0 2 -1 0 -1 0 0 1 0 0 0 1 1 0 0 0 -1 -1 -1 0 0 1 0 0 1 0 1 -1 0 0 0 -1 1 -1 1 0 0 0 0 1 0 -1 0 1 0 -1 0 1 0 0 1 0 0 0 0 1 1 0 0 3 0 -1 1 0 0 0 0 0 0 0 0 0 0 1 0 1 0 0 -1 0 0 1 0 0 0 1 0 0 0 0 0 0 0 0 0 0 0 0 0 1 0 0 1 0 0 1 1 0 0 0 0 0 0 0 0 -1 0 0 1 0 1 0 0 0 0 0 0 1 1 0 0 0 0 0 -1 0 0 0 0 3 0 0 0 0 0 -1 0 0 -2 0 0 0 0 0 0 -1 1 0 0 0 0 3 0 1 0 1 1 0 0 0 0 0 0 0 0 1 0 0 1 0 0 -1 0 9 0 0 0 0 1 -1 0 0 0 0 1 0 0 0 0 0 0 0 -1 -1 1 0 0 0 0 0 0 0 0 0 1 1 -1 0 -1 1 1
0 0 0 1 0 1 0 0 0 0 -1 0 2 0 0 0 0 -1 0 0 0 0 0 0 0 -1 0 -1 1 1 2 1 0 -1 -1 -1 0 1 3 0 1 0 0 0 0 0 1 0 0 0 -2 1 1 0 -1 -2 0 -2 0 0 1 1 1 0 1 -1 0 0 0 0 -2 0 0 0 0 0 0 0 0 0 -1 1 0 -1 0 1 -2 0 0 0 0 0 0 -1 1 0 -1 -1 -1 0 0 0 0 1 1 0 0 1 0 0 0 1 1 -1 0 -1 0 -2 1 0 0 1 1 0 0 0 0 0 0 -1 0 -2 1 0 0 1 0 0 2 0 0 -1 -1 0 1 1 1 2 0 0 0 0 0 0 -2 3 0 0 0 0 0 1 0 0 2 1 -1 0 0 1 1 -2 0 1 0 0 0 -1 0 -1 0 0 -1 0 -3 -2 -1 0 0 1 0 0 0 1 0 1 -1 0 0 1 1 0 1 0 0 1 -1 0 0 2 0 1 -1 0 1 0 1 0 0 0 0 0 -1 3 1 0 0 1 -2 0 0 0 1 -1 -1 1 0 -1 2 -1 0 0 1 0 -1 0 1 0 0 -1 1 1 2 0 -1 -1 -1 1 3 0 0 1 1 0 0 1 1 0 0 0 0 0 0 16 0 1 1 1 1 1 -1 0 1 2 -1 1 0 1 1 1 0 0 0 -1 -1 -1 1 0 0 -2 0 -1 1 0 -2 0 2 2 -1 1
0 0 0 1 1 0 1 0 1 0 0 0 1 -2 0 2 0 1 1 1 0 0 0 0 0 0 0 0 0 1 0 0 -1 2 1 0 1 0 0 0 -1 0 0 0 0 0 -1 0 1 0 0 0 1 0 0 0 0 0 0 0 0 0 0 -1 0 0 0 0 1 0 0 0 1 0 2 -1 0 0 0 1 0 0 0 0 0 0 -1 0 0 0 1 1 0 0 0 0 0 -1 -1 1 -1 -1 0 0 0 0 1 0 0 0 1 0 0 0 0 0 0 1 0 0 0 0 0 1 0 0 0 1 1 1 0 0 -1 -1 0 2 0 1 0 0 0 0 1 0 2 0 -2 1 0 0 1 0 -1 1 0 1 0 0 0 0 1 0 0 0 2 -1 2 0 0 0 0 1 -1 0 0 0 -1 0 -1 0 1 0 0 -1 -1 1 0 1 0 0 0 0 0 0 1 1 0 0 0 2 0 -1 0 -1 0 0 1 1 0 0 -1 -1 0 2 1 1 -1 0 1 0 1 0 0 0 0 0 0 0 1 2 0 0 -1 0 1 0 0 1 -1 0 0 0 1 0 0 0 -1 0 0 0 0 0 1 0 0 1 0 0 0 0 -2 1 0 -1 0 -2 0 0 0 0 1 0 0 0 11 1 1 1 0 1 0 0 0 0 0 1 0 0 -1 0 -1 0 0 0 -1 0 1 0 0 0 0 0 -2 -1 0 1 0 0 -1 3
0 -2 0 1 0 0 1 -2 0 0 0 0 0 0 -1 0 0 0 1 1 -2 -1 0 0 1 -1 2 1 0 0 0 1 1 0 -1 -2 0 1 0 0 -3 2 -1 -1 1 -3 -1 2 0 -1 2 1 0 0 0 0 1 -1 0 0 0 0 -1 1 1 0 -1 1 1 1 0 1 2 0 0 -1 1 -2 -1 2 -1 1 -3 0 0 0 1 0 0 0 -1 0 -1 0 1 0 0 0 2 0 -1 1 2 0 -3 0 1 0 1 0 -2 0 0 -2 0 1 1 0 1 0 0 -2 0 -1 -1 0 2 1 1 0 -2 0 1 1 2 -2 0 1 -1 0 -2 0 0 0 -1 0 -2 1 0 2 -1 -2 0 0 0 1 -1 0 -2 -1 1 1 -2 2 4 0 0 1 0 0 0 -1 0 2 0 -1 0 0 -1 -1 -1 1 -1 -1 0 0 -1 2 2 -1 2 -1 1 0 0 3 0 0 2 1 3 -1 0 0 1 0 0 0 1 -1 1 3 -1 0 3 1 0 -2 1 -2 2 0 2 0 0 -1 0 -1 0 0 3 1 1 0 0 0 1 -2 -1 0 -1 0 0 0 0 2 -1 0 0 -1 1 1 1 -2 1 0 -2 -1 0 0 0 2 0 1 -1 -3 0 0 -1 0 0 0 0 1 1 25 1 1 0 -2 -3 1 0 1 1 1 1 2 0 0 0 -1 0 2 -2 1 -1 0 0 0 0 2 0 3 -1 0 0 2 -1 1
0 0 0 2 -2 0 0 0 0 0 1 0 1 -1 1 0 2 0 -1 0 1 -1 1 0 -1 -1 1 0 0 0 -1 3 0 0 0 2 1 2 0 1 0 0 1 0 1 2 0 0 0 0 -1 0 0 -2 -1 0 -1 0 -1 0 0 0 1 -2 0 1 0 -1 -2 -1 0 0 0 -1 0 -1 0 -1 1 1 0 0 -1 0 -2 1 0 1 -1 1 1 0 0 2 0 2 2 1 0 2 0 0 2 1 1 1 0 -1 0 1 0 0 -1 0 -1 1 0 0 1 -1 0 -1 0 4 0 1 4 0 1 -1 0 2 0 0 0 0 2 0 -1 0 0 0 0 0 2 0 0 0 0 1 0 0 -1 0 -4 2 -1 0 -2 0 0 1 0 3 0 0 0 -1 0 0 0 0 0 0 -1 1 -1 0 1 1 -1 -1 0 0 0 -2 0 0 0 1 0 1 0 0 0 -1 0 3 4 0 1 0 0 1 0 -1 0 1 1 1 0 0 0 0 2 -1 0 1 3 0 2 0 0 -2 1 1 0 1 1 0 1 1 3 0 1 1 0 1 0 1 0 1 1 1 -1 -1 1 0 -1 -1 -1 0 0 1 -2 0 0 1 -1 0 -2 0 0 0 -1 -1 1 0 -1 1 1 0 0 1 1 1 20 -1 0 -1 -2 2 1 0 0 0 0 0 -1 1 0 0 -1 0 0 -1 -1 1 0 1 0 1 -1 0 -1 -2 -1 1 -1 1
0 0 0 1 0 0 0 0 0 0 0 0 1 0 0 1 0 0 1 0 0 0 -2 0 2 1 0 0 0 1 0 1 0 0 0 2 -1 -3 0 0 0 0 1 0 0 0 0 1 -2 -1 0 -1 -1 0 1 -1 -1 -1 0 0 0 0 0 0 1 -1 0 1 0 -1 -1 0 0 0 1 1 1 2 0 0 1 -1 0 0 0 0 0 0 0 -1 1 0 1 0 -1 1 0 2 -1 1 1 0 0 1 0 -1 1 1 0 -1 0 0 -2 0 1 2 -2 1 -1 0 0 1 0 0 -3 1 -1 0 1 0 -3 0 0 0 1 3 1 -1 0 0 0 -1 1 0 1 3 1 2 1 1 1 -1 0 -1 1 1 0 -1 1 0 0 -1 2 0 3 1 0 0 0 0 1 0 -2 1 0 0 0 0 0 0 0 0 1 1 -3 0 2 1 0 -1 1 0 0 0 0 0 1 0 -1 1 0 1 -1 -2 1 0 1 0 0 2 -1 0 1 0 0 1 -1 0 0 0 0 1 -1 1 1 -1 0 0 -2 2 2 0 0 1 1 0 0 -1 0 1 -1 -1 0 0 -1 1 0 1 0 -1 0 -1 -1 0 1 0 0 0 0 -1 0 1 0 0 -2 0 0 0 0 1 -1 0 1 1 1 1 -1 16 0 0 3 0 0 3 0 0 0 0 0 6 -1 0 1 0 -1 0 1 1 1 1 2 0 0 0 0 3 0 0 -1 1
0 1 0 -1 1 2 0 0 0 1 1 1 1 -1 -1 -1 0 0 0 0 0 -1 0 1 2 0 -1 -1 2 0 0 0 1 0 3 1 0 1 1 -1 0 0 2 -1 0 -1 0 0 1 0 1 0 0 0 -1 0 0 0 0 0 3 0 0 0 0 1 1 1 0 -1 -1 0 1 0 1 -2 3 0 0 0 0 0 0 1 0 0 0 -1 1 0 0 0 0 -1 0 0 0 0 0 2 -1 0 1 -1 -1 -1 1 1 1 -2 1 0 0 2 0 0 0 0 0 0 0 1 0 -1 -1 -1 0 0 1 0 0 0 0 -1 0 0 0 0 -1 -1 0 0 1 0 0 -1 1 -1 0 1 3 1 0 1 0 1 -1 0 0 -3 1 -2 -1 0 0 0 0 0 0 1 0 2 0 -1 0 0 1 0 -2 1 0 1 0 0 0 0 1 0 1 0 0 0 0 3 -1 2 0 1 1 0 0 1 -1 2 1 0 1 -2 0 -1 -1 1 -1 -1 1 0 1 1 0 -3 -1 -1 1 4 1 -1 0 -1 -1 0 1 1 1 0 1 0 0 1 0 2 -1 -1 0 0 0 1 0 0 -1 -1 0 0 0 2 1 1 1 0 0 0 0 -1 1 0 0 1 1 0 1 1 -1 1 -1 1 0 0 0 0 16 0 0 0 0 0 0 1 1 -1 0 2 0 0 0 -2 0 0 2 0 0 2 0 2 0 -1 1 0 2 -1 -1 2
0 0 0 0 0 0 1 1 0 -3 0 0 1 -1 -1 -1 -2 -1 1 0 0 0 -1 0 0 1 0 -2 0 0 0 0 0 0 0 0 1 -1 0 1 -1 0 0 0 0 -1 -1 1 0 0 1 0 0 0 0 0 -2 0 0 0 0 0 0 1 1 0 0 -1 1 1 0 1 1 0 0 0 0 0 2 -1 0 0 0 0 -1 -1 -1 0 1 0 3 -1 0 0 0 0 0 0 1 0 0 0 -1 1 0 0 0 0 -1 1 2 0 0 0 0 -1 -1 0 0 1 1 0 0 0 1 -1 0 -1 0 0 -1 1 0 -1 1 -1 0 0 0 -1 1 0 1 1 0 0 0 -3 1 0 0 0 -1 0 0 1 0 0 -1 0 0 -1 0 0 -1 -1 -1 1 0 0 0 0 0 1 1 0 0 -1 0 0 0 0 -1 0 0 0 0 0 0 1 0 0 -1 0 0 0 0 0 -1 1 -2 0 1 -1 1 0 0 0 0 1 -1 1 1 1 0 1 0 0 3 0 -1 0 1 0 0 0 0 1 1 0 0 -1 0 0 -3 0 0 0 1 1 -1 0 0 0 0 1 1 0 0 -1 -1 0 0 0 0 0 0 0 0 0 -1 1 1 1 0 0 0 0 1 0 -1 0 0 1 1 -2 -1 0 0 11 0 1 3 0 0 0 1 -2 0 0 2 0 0 0 0 0 0 0 0 1 0 0 0 -2 0 0 0 0 0 0
0 0 0 1 0 0 -2 0 0 -1 -1 1 1 1 0 -1 0 0 0 0 0 -1 -2 -1 1 2 -2 0 1 0 0 -1 0 0 0 1 0 -1 0 0 0 0 -2 1 1 1 0 -2 -4 -1 0 1 0 1 0 1 -2 0 0 -1 0 1 2 0 2 -2 0 0 -1 0 1 0 0 -1 0 0 0 1 0 -1 0 -2 1 0 0 0 0 -1 0 0 0 0 1 0 0 1 0 0 3 0 1 0 1 1 1 0 0 0 0 0 0 0 0 0 1 0 0 1 -1 0 0 0 0 0 -1 0 0 0 0 0 1 0 0 0 1 -1 1 0 0 0 1 0 0 0 1 0 0 0 0 -1 1 0 1 -1 2 1 0 -1 1 2 0 0 0 -2 0 1 0 -1 0 0 0 -1 1 0 1 0 0 1 -1 0 0 0 -1 0 0 0 0 0 0 0 0 -1 -1 -1 0 -1 2 -2 -1 1 0 0 0 0 -1 1 2 0 -1 2 0 -1 1 1 0 1 1 0 0 0 0 1 -1 -1 0 0 0 0 -1 0 1 0 -1 1 1 1 0 0 0 2 -1 0 0 1 0 -1 1 0 0 0 1 0 0 0 0 1 1 1 0 0 1 1 0 0 -1 0 0 0 -1 1 0 1 0 -1 0 -3 -2 3 0 0 14 -2 0 0 0 1 0 0 0 1 0 0 0 0 -1 0 1 0 0 -1 0 1 -1 0 1 -1 0 0 -1 0
0 0 0 0 0 -1 2 -1 0 -1 0 0 2 1 -1 2 0 -2 0 0 2 0 0 -2 0 0 1 -2 0 1 0 1 0 0 0 1 1 1 0 -3 -1 1 0 -1 -1 -1 0 0 -1 3 0 0 1 -1 0 0 0 1 1 -1 1 0 0 1 -1 1 0 0 1 0 -1 0 -1 2 0 -2 -1 -1 -1 1 0 2 1 -1 -1 1 -1 0 1 0 -1 2 0 0 0 -1 0 0 -1 0 1 1 0 0 -1 -1 1 1 -2 0 2 0 -1 0 0 0 0 -1 -1 0 1 -1 0 1 0 0 0 1 0 1 0 1 0 -2 -1 -1 0 0 -1 0 -1 1 1 1 0 0 1 0 -3 1 0 0 2 2 -1 0 1 0 0 -2 1 0 0 1 0 0 0 1 -2 0 1 0 1 1 0 0 0 -1 0 0 2 0 0 2 -1 1 -1 -1 2 -1 -1 -1 -1 2 -1 -1 0 0 -1 0 0 0 -1 1 2 -1 -2 1 1 -1 2 1 0 1 -2 0 -1 1 1 1 0 0 0 -1 1 0 1 -2 2 -1 1 -1 0 -1 -2 1 0 2 0 0 0 -1 1 2 0 -1 0 1 0 -1 0 0 0 1 0 1 0 -1 1 2 1 0 0 0 -1 -1 0 0 -2 2 1 0 0 0 0 1 2 0 0 1 -2 20 0 2 0 0 -1 -2 0 2 1 0 -1 2 0 1 -1 0 0 0 0 0 0 -1 2 0 -1 2 -1 1
1 0 0 0 -1 0 -1 1 0 0 0 0 -1 -1 -1 -3 1 1 1 0 0 0 0 0 -1 0 0 -1 2 -1 -2 0 2 -2 -1 1 1 -1 0 1 0 0 0 -1 0 0 0 0 -1 -1 1 0 0 1 -2 -1 0 0 1 0 0 -2 0 0 0 0 0 0 1 1 0 1 -1 -1 -1 0 0 2 1 1 0 -1 1 0 -2 -1 0 1 0 0 1 0 0 0 0 -1 1 0 0 1 0 -1 0 1 1 2 0 -1 -1 1 2 0 0 -1 0 0 1 -1 -1 2 1 1 1 -1 1 1 1 -1 0 2 -1 0 -1 0 0 -1 0 0 0 1 0 1 0 3 2 0 1 0 1 0 0 0 0 0 0 0 -1 0 0 0 0 1 0 1 -1 1 2 0 0 0 0 -1 2 0 0 0 0 0 -1 0 -1 1 1 -1 -1 0 -1 0 0 1 0 1 -2 0 0 0 -2 0 0 1 -2 0 0 1 1 -4 -1 1 1 0 -1 0 1 0 2 0 0 1 0 -1 1 1 1 1 0 -1 0 1 1 0 1 0 0 -1 -2 0 -1 -2 -1 0 2 0 0 0 0 1 1 1 -2 1 0 1 -1 -1 0 -2 0 0 1 -1 -1 1 0 1 0 0 0 0 1 -2 0 0 0 1 0 0 1 0 0 3 0 0 18 0 0 1 1 0 1 0 1 0 0 1 2 1 -1 -1 1 -1 -2 0 -1 -1 -1 1 2 0 1 0
0 0 0 0 0 -1 0 -1 0 0 0 -1 1 0 2 0 -3 -1 -1 -1 0 0 0 0 0 1 1 1 2 2 0 1 -1 0 0 2 0 -1 1 -2 2 0 0 -1 0 0 -1 -1 -1 -1 1 1 1 0 0 0 1 0 0 1 0 -1 1 0 1 0 1 0 0 0 -1 1 2 1 1 0 1 1 0 -2 0 2 -2 0 0 0 0 -1 2 0 1 1 0 0 -1 -1 0 1 0 0 0 -1 0 1 -1 0 2 -1 0 0 -1 -1 -2 0 1 0 -1 -2 1 1 0 -1 0 0 0 1 0 0 0 0 0 0 0 2 -1 -1 1 1 1 1 0 1 1 0 0 2 0 0 0 1 0 0 0 -2 3 1 0 0 0 0 0 -2 0 -1 1 0 0 -1 -1 0 2 2 0 -1 1 0 0 0 -1 0 0 2 2 1 0 1 0 1 1 0 0 -1 0 0 -1 1 0 -2 0 0 0 0 0 -1 0 0 -2 1 1 -1 0 2 1 1 1 1 1 2 0 0 0 0 0 -1 0 1 1 -1 -1 0 1 0 0 1 1 0 0 -1 1 -1 0 1 2 1 0 -1 0 1 0 1 0 0 -2 1 0 1 0 0 1 -1 0 2 1 0 0 1 0 2 -1 2 -1 -2 1 2 0 1 0 3 0 0 0 2 0 19 1 1 0 1 2 2 0 0 -1 -3 0 1 2 -1 1 -2 1 0 0 0 0 1 0 1 -1 0
0 -1 0 -1 -1 0 1 0 -1 1 1 1 -1 0 2 0 0 0 -1 -1 0 0 0 0 -1 0 1 0 1 1 0 0 0 1 0 0 -1 0 -3 1 2 0 0 0 2 1 0 0 -1 0 2 0 0 1 1 -2 0 0 0 0 2 0 1 -2 0 0 1 0 1 0 0 -1 -1 0 1 0 2 0 3 0 0 -1 1 1 0 -1 0 1 1 0 0 0 0 -1 -2 0 0 -1 0 -1 1 0 -1 1 0 0 1 0 0 -1 1 1 0 2 -1 2 0 -1 1 2 1 0 1 0 -1 -2 1 -1 -1 0 -1 2 0 0 0 1 -1 1 0 0 -1 -2 -1 0 0 0 0 -1 2 -2 0 3 0 0 0 0 0 0 0 -1 0 1 0 0 0 0 -1 1 0 0 0 0 0 1 0 -1 0 0 0 0 1 1 0 0 0 1 0 0 1 0 -1 0 2 -1 -1 1 0 1 0 0 -1 0 -1 0 0 -1 0 0 1 -2 0 1 -1 0 1 1 0 1 0 2 0 1 0 1 1 0 1 0 1 0 0 0 -1 1 0 0 1 3 0 0 0 1 0 0 2 0 1 -2 -1 0 0 0 0 1 0 1 0 0 0 -1 0 -1 0 0 -1 1 -1 0 0 -3 0 1 0 -1 0 1 0 0 0 0 0 0 0 1 16 0 1 0 2 -1 0 0 1 -1 0 0 0 -1 0 1 1 0 1 0 0 0 -2 -2 0 0
0 0 0 0 -2 -1 -1 -1 0 0 0 -1 0 1 0 0 1 1 0 0 -1 0 0 0 0 0 -1 -1 0 0 0 1 0 1 0 0 -1 0 0 -1 0 -1 0 0 1 -1 1 1 0 -1 1 -1 0 0 -2 0 0 -1 0 -1 1 0 0 0 0 -1 0 1 0 -1 3 0 0 -1 1 -1 1 0 -1 -1 -1 0 1 0 -1 0 0 0 0 0 1 0 0 2 0 1 0 0 0 0 0 -4 1 0 1 0 -1 0 0 0 0 1 0 0 0 0 0 0 0 0 0 1 0 0 1 -1 0 0 0 1 0 -1 0 0 0 0 1 0 0 0 0 0 0 0 0 1 0 3 0 0 -1 0 1 0 0 1 0 0 0 0 1 1 -1 1 1 -1 0 -1 0 1 1 0 0 0 0 0 0 0 1 0 -1 1 0 0 0 0 0 0 0 2 0 1 -1 0 0 2 -1 1 -1 0 0 1 1 0 0 -1 -1 -1 0 -2 1 0 0 1 0 0 -1 0 0 -1 0 -1 0 0 0 0 0 0 0 1 0 2 0 1 1 1 0 1 0 1 0 1 0 1 -1 0 1 0 0 1 0 -1 1 0 -1 1 0 1 1 0 1 3 0 -1 1 0 0 1 0 -1 0 -1 0 1 1 1 0 0 1 0 1 0 1 1 0 13 0 0 0 -1 0 0 -1 1 -1 0 1 1 -1 0 -1 1 0 0 0 -1 0 1 1 1
-1 -2 0 0 0 0 0 1 0 1 0 1 0 0 0 -1 0 1 1 0 0 0 0 0 0 0 0 -2 0 1 0 -1 0 -1 -1 0 1 1 0 1 1 1 -1 0 -1 1 0 0 0 -1 -1 0 0 0 0 1 0 0 -1 0 0 0 0 1 0 1 0 1 1 1 0 -1 0 0 0 0 0 0 0 0 -1 0 0 -1 1 -1 0 1 0 2 -1 0 0 0 0 -1 1 0 1 1 0 1 0 1 1 0 0 0 0 -2 0 0 0 2 0 1 0 0 0 1 2 0 0 0 0 0 1 2 -1 -1 0 1 0 0 0 0 0 0 0 0 0 0 0 0 -1 -1 0 -1 0 0 0 0 0 0 0 0 0 1 0 0 0 0 0 0 0 0 -1 0 0 2 -1 1 0 1 -1 1 0 0 0 0 0 1 0 0 0 1 0 0 0 -1 0 1 0 1 1 1 1 0 0 0 -1 1 0 0 -1 1 0 1 0 -2 0 0 1 0 1 1 1 0 0 0 0 0 -1 -1 0 0 0 0 1 0 0 0 0 0 -1 0 0 1 0 0 0 0 0 0 0 1 1 0 0 0 0 0 0 -1 0 0 0 0 0 0 0 0 0 0 0 0 0 1 1 0 0 0 0 0 0 1 0 0 1 1 0 -1 1 0 1 0 10 -1 0 0 2 0 0 -3 0 0 -1 0 0 1 -2 3 0 -1 0 0 1 0 1 0
0 0 0 0 0 -2 -1 0 0 1 0 0 -1 0 0 0 1 0 0 0 -2 -1 0 1 0 0 0 2 2 1 -1 0 0 3 0 0 -1 2 0 0 0 0 2 0 0 0 0 0 0 0 -1 1 0 0 0 0 1 -1 1 -1 0 1 -1 0 1 0 0 0 0 1 0 0 0 0 -1 -1 2 0 0 2 -1 0 -1 -1 2 0 1 -1 0 0 0 0 1 -2 0 -1 0 0 0 -1 1 -1 -1 1 -1 0 0 0 0 0 0 -1 0 0 0 0 -1 -1 1 0 -1 -1 0 0 2 1 0 0 0 -1 0 -1 0 1 0 1 0 -1 2 0 0 1 1 -1 1 3 0 2 0 1 0 0 0 0 0 0 0 0 -1 0 1 -1 0 -1 3 0 0 1 0 1 -1 0 2 0 1 0 -1 0 0 0 0 2 1 -1 0 1 -1 -1 0 0 1 0 0 0 0 1 0 0 -1 0 2 0 0 0 -1 0 1 0 0 0 0 -1 0 0 -1 0 0 0 1 -1 1 0 1 1 1 0 0 0 -2 0 0 0 0 0 0 0 0 1 1 0 0 0 1 0 0 0 0 0 0 0 1 0 0 0 -1 -1 -1 1 0 0 0 0 1 1 0 0 0 0 0 -1 -1 0 0 1 0 2 0 0 -1 -2 0 -2 0 1 0 0 -1 13 0 0 0 0 -1 0 -1 1 0 -2 0 -1 2 -1 0 0 0 0 1 0 0 0
0 -1 0 1 -1 1 2 1 0 1 -1 1 -1 0 0 0 1 0 -2 0 0 -1 1 0 1 0 -1 0 0 0 0 -1 0 3 0 -1 1 0 0 1 1 0 1 1 1 0 0 0 0 0 0 0 0 5 1 0 0 -1 0 1 0 0 0 0 0 0 1 -2 1 0 1 0 0 0 0 1 1 0 0 0 0 0 -1 0 1 0 1 -1 0 0 -1 0 0 1 0 0 0 0 0 -1 1 1 0 1 -1 0 1 0 -1 0 0 1 0 -1 1 0 1 1 1 0 2 0 0 0 -1 -1 0 0 -1 1 1 -1 0 0 -1 0 -1 0 0 0 0 1 0 0 -3 0 0 0 0 0 0 0 -1 0 0 -1 0 -1 0 1 0 -1 -1 0 0 1 0 2 0 0 0 1 0 1 0 0 1 0 -1 -1 -1 1 0 1 0 0 -2 0 2 0 0 0 0 0 -1 -1 0 0 0 0 0 -1 -1 0 1 0 0 0 0 4 1 1 -1 0 2 1 0 2 2 1 -1 0 1 2 -1 0 -1 0 0 1 1 0 0 1 0 0 0 0 0 0 0 0 1 1 0 1 1 0 -1 0 0 1 -1 2 0 0 0 1 2 1 0 1 -3 2 0 3 0 1 0 -1 1 -1 0 1 -1 0 -1 0 0 0 0 0 1 2 2 0 0 0 18 1 0 1 1 -1 1 1 0 2 -1 1 0 0 0 1 0 1 1 -1 0 0
0 0 0 1 1 0 0 0 0 -1 0 2 1 0 1 0 -1 0 1 1 1 0 -1 1 0 0 0 0 -1 2 0 0 0 0 3 2 -1 0 2 0 -1 -1 2 1 0 0 0 0 -2 0 -1 0 0 0 0 -2 0 -3 1 0 1 1 1 0 2 -2 -1 2 0 0 -2 0 0 -1 0 1 1 -1 0 1 -1 0 -1 0 1 2 -1 0 1 -1 1 -1 0 1 2 1 -1 0 -1 -1 1 1 2 -2 -1 1 3 2 0 -1 1 0 -3 0 1 1 0 1 -2 0 -1 0 0 1 0 2 0 -1 0 0 -2 2 -2 0 1 1 0 0 -1 0 1 -1 2 1 0 1 1 2 -1 2 4 -1 1 1 1 1 1 0 0 -2 0 0 0 0 0 0 0 0 -1 0 0 0 0 1 0 1 0 0 0 0 0 0 1 1 -1 0 0 0 1 0 3 -1 -3 0 0 -1 1 0 0 0 1 1 -1 -1 1 -1 -2 0 0 1 -1 -1 0 0 0 1 -1 2 1 -2 -1 4 2 0 0 0 0 -1 -1 1 2 0 0 2 0 0 0 3 1 0 -1 2 0 3 0 1 0 3 3 -1 -1 1 0 1 0 0 2 2 0 0 0 0 0 -1 0 0 0 1 -1 2 -1 -2 0 1 0 0 1 6 2 0 1 2 0 2 -1 -1 0 0 1 23 0 2 1 0 -1 1 1 0 0 -3 1 0 0 -1 -1 2 0 -2 -1 -1
0 0 -1 1 -1 -1 1 0 -1 -2 0 -1 -4 1 1 0 -1 -2 0 0 -2 0 0 0 -1 -1 1 -3 -1 -1 0 -2 -1 0 2 1 1 2 0 0 1 0 -1 1 -1 0 3 -1 1 1 0 2 2 1 0 1 0 1 1 0 0 1 -2 1 0 -1 0 0 0 -1 1 0 0 2 0 1 3 0 0 2 2 0 0 -1 1 -1 0 0 0 0 -1 1 0 0 -1 -1 1 0 -1 -1 2 3 0 0 -1 0 -1 0 1 0 0 -1 0 0 0 0 -1 0 0 0 3 -2 1 -1 1 0 1 0 0 -1 0 1 2 0 1 0 -1 0 0 1 0 1 0 1 0 0 0 0 0 1 2 1 0 -1 -1 0 2 0 0 0 3 0 0 1 -2 -1 0 0 1 3 -1 0 1 0 1 1 0 1 1 -1 -1 0 1 1 1 0 0 -1 0 -1 -1 0 -1 0 0 2 -2 1 1 1 0 -3 0 0 1 1 -2 0 0 0 0 1 1 2 1 -1 1 -1 0 2 -2 0 1 1 -1 0 1 1 3 1 1 2 -1 1 -1 1 0 0 1 0 1 2 0 0 0 1 0 0 0 0 0 2 0 1 -1 0 0 0 0 -1 0 2 1 0 1 -2 0 1 -1 0 -2 -2 0 0 -1 0 0 -1 0 2 0 1 1 0 0 0 2 0 0 0 21 0 0 0 1 0 -2 1 -1 0 -2 0 1 -1 -1 1 0 -1 0 0
0 -1 -1 0 -1 0 -1 0 0 -1 -1 1 0 1 0 0 -1 0 0 0 -1 0 -1 0 0 2 -1 0 1 0 0 1 1 0 0 0 2 1 1 0 1 0 1 0 1 1 2 -1 1 3 2 2 1 2 0 0 -1 0 0 -1 0 1 1 1 1 0 1 -1 0 0 1 0 -1 0 0 -1 0 -1 1 0 0 0 1 1 0 -1 0 0 1 0 0 1 -1 1 0 0 0 0 0 1 -1 1 0 1 1 1 2 -1 1 0 1 -2 0 0 0 1 0 0 0 0 0 0 -1 1 0 1 2 0 0 0 0 -1 1 1 0 -2 0 -1 1 0 0 -1 -2 -1 -2 0 0 0 0 -1 1 -2 0 0 0 0 1 -1 1 -1 0 3 1 0 0 -2 -1 -1 -2 0 -1 0 0 1 0 0 1 0 1 0 0 2 0 0 1 -1 0 0 0 0 2 1 0 0 0 0 0 2 -1 -1 0 0 0 -2 0 1 -1 -1 0 0 1 -1 0 0 0 0 0 -2 0 1 0 1 4 1 0 0 0 3 0 1 0 0 0 1 -1 0 1 -3 0 -1 -2 0 0 0 0 0 -1 1 0 -1 0 0 0 3 0 0 2 0 0 1 0 1 0 2 0 0 0 1 0 0 1 1 -1 0 0 -1 0 0 0 0 0 0 0 0 0 0 0 0 1 2 0 15 -1 0 0 1 0 0 0 1 0 1 0 0 -2 0 0 1 0 0
0 0 0 0 0 1 0 1 0 0 0 2 0 0 0 -1 1 -2 1 0 3 1 0 0 0 1 2 -2 0 1 0 -1 -1 1 0 0 -1 0 -1 0 -1 -1 1 1 1 0 1 2 0 -1 0 -2 -1 3 0 0 0 1 0 1 0 0 0 0 0 0 1 0 0 0 1 0 1 1 1 1 1 1 0 -2 0 0 0 -1 0 0 -1 0 0 0 1 2 0 2 0 0 1 0 0 0 -1 0 0 0 0 0 1 0 0 0 0 -1 0 0 0 0 0 1 0 0 0 0 0 1 0 0 0 0 0 0 0 0 -1 0 -1 0 0 0 2 0 1 0 0 0 0 0 1 -1 0 1 -1 1 0 0 0 -1 0 0 0 0 0 1 0 0 -1 -1 2 0 2 0 0 0 0 0 0 0 2 0 0 0 0 -1 0 2 -1 0 1 1 0 0 1 1 -1 1 -1 -1 0 1 0 0 0 0 0 1 0 0 1 -1 0 -1 -1 0 -1 -1 0 1 0 1 0 2 0 0 0 2 0 0 -1 0 0 1 1 1 0 1 1 -1 -1 2 0 0 1 1 2 0 -2 0 1 -1 0 0 0 0 0 0 0 0 0 -1 0 -2 0 1 0 1 -1 -2 0 -1 1 -1 -1 1 -1 0 0 0 -1 1 0 0 0 -1 0 -1 1 -1 0 -1 1 1 0 -1 14 -2 1 0 1 2 0 2 0 0 0 0 -2 1 0 -1 1 -1
0 0 0 0 1 0 0 0 0 -1 -1 0 0 -1 0 0 2 -1 0 0 0 0 0 -1 0 -1 -1 2 -1 -2 0 0 1 1 0 0 0 1 0 2 1 0 0 0 0 0 0 0 1 1 0 0 0 -2 0 -1 -1 -1 0 0 0 0 0 -2 0 1 -3 1 0 0 -1 -1 2 -2 0 1 0 1 0 0 0 0 -1 0 1 0 0 0 -1 0 1 -2 0 -1 0 2 -2 0 0 1 -1 -3 2 1 1 0 0 0 -1 -1 2 1 0 0 0 0 0 1 0 -1 -2 0 -1 0 1 0 0 0 1 1 1 -1 1 1 -1 1 1 -1 -4 -1 -1 -2 0 0 0 2 1 -1 0 -1 0 -1 1 0 0 0 0 0 2 0 1 -1 0 1 0 0 -1 0 1 -2 0 -1 1 0 0 0 -1 0 0 1 0 -1 -3 0 -1 0 0 2 1 -1 0 0 -1 -4 0 -1 0 -1 -2 0 0 0 1 1 1 0 0 0 0 2 0 -2 1 0 -1 -1 -1 -2 0 -1 0 -2 0 0 0 0 2 1 0 0 2 1 0 -2 -1 -1 -1 0 -1 1 -2 0 -1 0 0 2 -1 -1 1 -1 2 0 -1 1 0 -3 -1 1 -3 -1 0 0 -2 0 0 -1 0 0 -1 2 -1 0 1 -1 0 2 0 0 -2 0 0 2 1 -3 -1 1 -3 0 -1 0 0 0 -2 20 -1 -1 -1 1 0 1 0 2 -1 3 -1 0 -1 0 -2 -1
0 -1 -1 1 -1 2 0 0 0 1 0 0 0 0 1 -1 0 0 1 0 1 -1 -1 -1 0 0 0 -2 1 1 0 1 -1 -2 0 0 0 1 0 1 1 -1 0 0 0 0 0 1 0 0 1 0 0 -1 1 0 0 1 0 0 1 0 0 0 1 1 0 0 0 0 1 0 2 -1 0 0 0 0 0 1 0 -1 0 0 -1 1 0 1 0 -1 0 0 1 0 0 -1 0 0 -3 0 1 1 -1 0 -1 0 1 1 0 0 1 1 0 -1 0 2 0 1 1 0 0 0 1 1 0 -1 0 -1 0 0 0 1 0 1 0 1 1 0 -1 3 0 0 0 1 1 -2 0 -2 0 -1 -1 0 -1 0 0 -2 0 -1 0 0 0 0 -1 1 -1 0 2 1 0 -1 0 0 -1 0 1 0 1 -1 1 0 2 0 1 1 2 0 0 0 -1 3 0 0 1 0 3 0 -1 1 1 1 -2 -1 0 3 0 -1 -2 0 0 0 1 1 -1 -1 0 1 2 -1 1 1 0 2 -1 -2 1 0 0 0 1 0 1 -1 -1 0 0 0 0 0 0 0 0 1 1 0 2 -1 0 0 0 0 -1 0 -1 -1 4 1 0 0 -1 -1 0 1 2 -1 0 0 2 -1 -1 0 -1 0 0 -1 -1 -2 0 -1 0 0 -1 0 2 0 0 -1 0 -1 1 -1 1 0 1 -1 18 0 2 0 0 -2 1 -1 0 0 -1 0 -1 2 0 -1
0 0 0 -1 0 0 0 -1 1 0 0 0 0 1 0 0 0 0 0 0 1 0 0 0 -1 0 0 0 1 0 0 -1 -1 2 0 0 1 0 0 -1 0 -1 -1 0 1 0 0 0 0 1 2 0 -1 2 -1 1 0 1 0 1 0 0 -1 1 0 0 0 0 0 1 0 1 0 0 0 0 1 0 0 0 0 1 2 0 0 1 0 0 0 0 1 1 0 1 0 0 -1 0 1 0 1 0 1 -1 0 1 1 0 0 1 1 -1 -1 0 0 1 -2 -1 -2 -1 0 -1 0 -1 1 0 0 1 1 -1 0 1 0 -1 1 -1 0 1 -2 0 0 1 0 0 1 0 -1 1 -1 0 0 1 0 0 -1 0 1 0 -1 0 -1 0 1 0 0 0 0 0 1 -1 -1 0 0 0 0 0 -1 -2 -2 0 0 2 1 0 1 1 1 0 0 -1 0 0 0 -1 0 0 0 1 0 -1 0 0 -1 -1 1 -2 0 -1 0 0 1 2 0 -1 0 -1 0 0 1 0 1 1 1 0 -1 -1 0 -1 0 2 -1 -2 -1 -1 -1 0 0 1 0 1 -1 0 0 0 0 2 0 -1 -1 0 -1 1 1 -1 0 0 0 0 0 0 0 0 0 -1 1 -1 -1 0 0 -1 -2 -2 0 -1 0 1 -1 0 0 0 0 1 1 1 0 0 0 1 1 1 0 1 0 -1 0 13 1 1 0 0 0 0 -1 1 1 2 0 0 0 0
-1 0 -1 3 0 0 -1 1 0 0 0 -1 2 0 4 0 0 0 0 2 5 1 -1 0 1 -1 -1 1 3 2 1 0 0 0 -2 2 -3 -2 1 0 2 -1 -1 1 0 0 -1 1 -2 1 3 0 0 0 0 0 0 1 0 0 -1 0 2 0 0 -2 1 0 0 0 1 1 1 0 1 0 0 0 0 -1 0 -1 0 0 0 0 1 0 1 -1 1 1 0 0 1 0 0 -1 1 0 1 0 0 -1 0 -1 1 1 0 -1 1 0 -1 0 3 -1 0 -1 1 1 0 0 0 0 -1 0 0 1 1 -1 1 -1 0 0 1 1 0 0 1 1 2 1 0 0 0 0 -1 -1 0 0 0 1 2 0 0 4 0 -1 -2 0 -1 0 0 0 0 0 2 0 1 0 1 1 1 -1 0 0 0 -1 -1 0 1 1 0 1 0 2 0 0 -1 0 0 -2 0 2 0 0 1 0 -1 -1 0 0 1 -1 0 -1 -1 0 0 3 1 3 -1 -1 0 0 0 0 1 0 0 -1 0 2 -1 0 1 -1 -1 0 1 2 1 1 0 -1 0 0 -1 1 -1 0 3 2 2 -1 0 0 0 -2 3 -2 0 1 0 3 1 2 0 0 2 -2 1 1 1 1 2 1 1 0 0 1 0 1 1 -1 -1 1 2 0 1 -1 -1 2 0 1 -1 0 0 1 -2 0 1 -1 2 1 22 0 0 3 1 1 0 -1 0 -1 0 1 -2 3
0 0 0 0 0 1 2 -4 2 0 0 0 0 0 1 0 3 2 2 0 3 -1 0 0 0 -1 1 -1 0 0 -1 -1 0 0 1 3 0 2 1 2 -2 1 -1 0 0 -1 0 -1 0 0 2 -1 -1 1 0 2 -2 -1 -1 1 -1 0 -1 0 1 1 0 1 -1 0 -1 0 1 -1 1 2 1 1 -1 1 1 1 1 -2 -2 0 -1 1 0 0 1 2 0 1 -4 2 0 1 1 2 0 0 0 0 -1 -1 0 0 1 0 1 0 -1 -1 -1 0 2 -1 1 0 1 2 0 2 0 1 0 0 0 2 0 1 0 1 1 -1 0 1 -2 0 0 0 -1 0 -1 0 -1 1 0 -1 0 0 0 1 -1 0 0 1 1 1 0 1 0 3 0 0 -1 -1 0 1 1 0 0 -1 -1 0 -1 0 -1 0 -1 -2 0 2 0 1 2 1 -2 -1 0 1 0 1 0 0 -1 0 0 0 1 1 -1 0 1 -1 1 -2 0 1 0 0 0 0 -1 -1 -1 1 1 0 0 2 0 1 0 0 2 -1 1 2 0 0 2 0 0 -1 0 3 1 1 1 0 0 0 -2 0 0 0 1 0 0 -1 0 1 1 0 1 0 0 0 0 2 -1 0 0 -1 -2 -1 0 0 -2 0 0 0 0 0 1 1 0 0 0 0 -1 -1 -1 1 0 -2 2 0 1 0 2 1 0 1 0 20 1 2 -2 0 0 0 1 1 0 -1 0 1
0 0 0 0 -1 0 0 1 1 -1 -2 0 0 1 1 0 1 0 1 0 -1 0 0 0 1 1 0 1 0 0 2 0 0 -1 0 0 0 0 0 0 0 0 0 0 0 -1 1 -1 0 -1 1 0 -1 -2 -1 -1 0 0 1 0 1 0 0 0 2 0 0 2 1 -1 -1 1 1 -1 -1 0 1 1 0 0 1 0 -1 0 1 1 -1 -1 0 0 1 1 0 1 -1 0 0 0 0 1 -2 1 0 0 0 1 -1 -1 1 0 0 0 0 0 0 0 0 0 0 0 0 1 0 0 0 0 1 0 -1 -1 0 -1 0 0 0 0 0 0 0 1 0 0 0 0 2 0 0 -1 0 2 -3 -1 0 0 1 0 0 -2 0 0 -1 0 0 0 1 1 2 0 0 0 1 0 0 0 0 0 0 0 0 2 0 -1 1 0 -1 1 0 1 0 2 1 -1 0 1 0 0 0 0 1 0 -2 1 0 1 -1 2 1 -1 0 0 1 -1 1 0 0 1 0 1 0 0 -1 0 0 1 0 0 0 1 0 0 0 0 1 1 2 0 -2 -1 0 0 0 -1 0 0 0 0 0 0 0 0 0 0 0 1 0 2 0 0 0 -2 0 -1 0 0 0 -1 0 -1 0 0 1 3 0 0 0 0 0 1 0 0 0 0 1 1 0 -1 0 0 -1 0 -1 0 0 0 0 0 0 1 11 0 1 0 0 -1 0 1 1 0 0 -1
-2 -2 -1 -2 2 1 -1 -1 1 0 1 2 3 -1 2 0 2 0 0 2 2 0 0 -1 1 0 0 -1 -1 -4 -1 0 2 0 -1 -1 3 0 -3 1 -3 0 1 1 0 1 -1 1 0 0 -4 -1 1 0 -1 3 -2 1 0 1 -2 -1 0 0 -1 0 2 0 0 0 1 -2 1 -1 0 -1 0 -2 0 0 1 0 1 -3 -1 -1 -2 -1 0 -1 -1 0 0 0 1 0 0 1 1 1 0 0 -1 0 2 -2 0 0 -1 -1 1 -1 0 0 1 1 1 0 1 0 -1 2 -1 1 -3 -2 0 -1 1 -2 -1 -1 4 0 0 1 0 0 -1 -1 0 -1 1 -3 0 0 -2 -2 0 -1 2 1 0 1 1 0 1 -1 0 1 -1 -4 1 5 0 1 -1 0 4 -1 0 2 2 -3 -3 1 1 1 1 2 0 -4 -1 0 -2 1 1 -1 0 -2 0 1 1 0 -1 0 0 2 -1 -2 0 -1 1 -2 0 3 1 0 1 2 0 0 -1 0 -1 1 0 0 1 -1 -1 -3 4 0 1 1 -1 -1 0 0 1 0 1 3 0 0 -1 2 0 2 1 0 1 -1 -1 0 -1 0 1 -2 2 0 1 -3 0 1 0 -1 0 0 -2 1 0 2 0 1 1 1 3 -1 -1 3 0 -2 0 0 1 1 2 1 -1 0 -1 -2 1 0 1 -1 1 -3 0 1 2 1 -2 0 3 2 0 36 -1 2 1 1 1 1 0 -2 -1 0
0 1 0 0 1 1 0 -1 0 -2 0 0 0 0 0 1 1 0 -1 0 0 -1 -1 0 0 2 0 2 1 0 1 0 0 1 0 0 -3 1 0 0 0 0 0 0 0 0 -1 0 0 0 1 0 0 -1 0 -1 -1 0 0 -1 0 0 -1 0 2 0 0 1 -1 0 0 -1 1 0 0 0 1 0 0 0 0 -2 0 0 1 1 2 -1 0 -2 1 0 0 1 1 0 0 -1 1 0 0 0 0 -1 0 1 3 0 1 1 0 1 0 0 1 -1 -1 0 0 1 -4 1 0 1 0 0 1 -1 1 -1 1 -1 0 0 0 -1 0 0 -1 2 1 0 2 0 0 0 0 0 1 0 0 0 -2 0 1 1 0 -1 -2 0 -1 -1 0 0 2 0 2 2 0 0 0 1 0 -1 1 -1 0 -1 0 1 -1 1 1 -1 1 1 -1 0 2 1 -1 -1 0 0 0 1 1 0 1 0 0 0 -1 1 0 0 -1 1 0 0 -1 -1 -1 0 0 4 -1 0 0 1 0 0 -1 0 0 0 0 0 -1 1 0 -2 1 1 4 0 0 1 1 1 0 -1 0 0 1 1 -1 0 -1 1 0 0 0 1 0 0 1 0 0 -1 0 -1 1 0 0 -1 1 -1 0 1 -2 1 0 0 0 0 0 2 0 0 0 0 -2 1 1 -1 -2 2 0 1 -2 0 0 0 1 0 1 -2 1 -1 17 -1 -1 2 0 1 1 0 -1 0
-1 -1 0 0 0 0 0 0 0 0 0 1 0 1 0 1 0 -1 0 0 0 0 0 -1 -1 0 -1 0 0 -2 0 -1 0 0 -1 0 1 0 0 0 0 1 -1 0 -1 0 0 0 0 0 0 0 0 0 0 1 0 0 -2 -1 -1 -1 2 0 0 1 0 1 0 0 1 0 1 -1 0 -1 0 0 1 0 -1 0 -1 0 -1 -1 0 1 0 1 1 -1 0 2 0 1 1 1 1 2 0 0 2 2 0 -1 1 2 0 -1 0 0 0 1 0 1 0 0 0 0 1 0 0 0 0 0 1 2 0 -1 0 0 1 0 0 -1 0 0 -2 -1 0 0 1 -1 -1 -1 0 -3 0 0 1 0 0 0 0 0 0 1 0 0 0 0 0 0 0 0 1 -3 0 1 -1 1 0 0 -1 0 2 0 -2 0 0 -1 -1 0 -1 0 1 2 0 -1 0 1 -1 -1 0 0 1 1 0 0 -1 1 0 1 0 2 0 -1 0 0 0 0 1 0 0 2 1 -1 1 -2 0 -1 1 -1 -2 0 1 0 1 0 2 1 0 1 -1 0 0 0 -1 0 -1 0 0 0 0 3 -1 0 0 0 0 0 0 -1 -1 1 0 1 -1 0 1 0 0 2 0 0 1 1 2 0 0 1 0 -1 0 2 1 0 2 0 1 0 0 0 0 1 3 -1 0 0 0 1 0 2 -1 0 1 0 0 2 -1 11 0 1 0 -2 0 -1 0 0
0 0 -1 1 0 0 2 2 -1 2 -2 -1 0 1 0 0 -2 0 0 -1 0 0 0 0 0 0 0 -1 1 0 1 0 -1 -1 1 0 -1 0 0 -1 0 0 0 0 0 0 1 1 -1 -1 0 1 1 -2 2 0 0 0 0 0 1 2 2 1 -1 1 1 0 0 -1 -2 1 -1 -1 1 0 0 0 -1 -3 3 0 0 1 1 0 -1 1 0 0 0 0 -1 -1 0 1 0 0 1 -1 1 1 1 0 1 0 0 0 2 0 0 0 0 0 0 -1 -1 0 0 -1 3 0 0 1 -2 1 0 1 0 0 0 1 1 0 1 -2 -1 -1 0 0 0 0 -1 0 -1 0 0 -1 0 1 -1 2 2 0 1 -1 0 0 0 1 -1 3 0 1 2 0 0 1 1 0 0 0 1 0 1 0 0 -3 2 -1 0 0 0 1 0 -1 -1 0 -1 1 0 0 0 0 -1 0 0 0 1 -1 0 0 0 1 0 1 -1 0 1 1 0 0 -1 0 0 0 -1 1 0 0 1 0 -1 0 0 0 1 1 2 0 -1 -1 0 0 -1 0 1 -1 0 0 1 -1 0 0 1 0 0 0 -1 0 0 -1 -1 0 0 -2 0 0 2 0 1 1 1 0 0 1 0 0 1 -1 -1 0 0 1 -2 0 -1 0 0 0 -1 0 -1 0 1 0 0 0 0 0 1 0 0 -1 0 -1 0 0 0 1 -1 0 14 -1 0 -1 -1 0 1 -2
0 -1 -2 -1 1 0 0 -3 -1 -1 0 1 0 -1 0 2 0 1 -1 1 -1 1 0 -1 0 -2 0 1 0 1 0 0 1 2 2 1 -2 0 0 0 2 -1 -1 1 0 0 0 0 -1 -1 0 0 -1 0 1 2 0 0 0 1 0 0 1 -1 0 -1 -1 0 -2 0 1 3 2 0 0 -1 1 1 1 1 0 0 1 0 -1 2 0 0 -1 0 0 0 0 1 0 -1 -1 0 0 0 -1 2 1 0 3 1 -1 0 0 1 -1 0 0 1 0 -1 -1 2 -1 0 -3 -1 0 0 -1 1 2 1 0 1 -1 -2 0 1 1 -1 0 0 -2 1 0 0 1 1 0 -1 -1 -1 -2 2 -1 -1 0 0 -1 0 0 -1 0 0 0 2 0 1 2 0 -1 0 1 0 0 -1 0 0 0 0 0 0 0 1 -2 1 0 0 -1 -1 1 1 2 -2 0 1 0 -1 0 1 0 0 -1 -1 2 0 -1 0 0 -3 0 0 0 -1 1 2 -1 0 1 0 0 -2 0 1 1 0 -1 -1 0 0 1 -1 0 0 2 0 -1 2 1 0 0 -1 1 -1 -1 -1 -1 -1 -1 2 1 1 -1 0 1 2 1 -1 1 -2 0 -1 -2 1 0 0 0 2 0 -2 0 -1 1 0 0 1 1 0 -1 3 0 0 -1 -2 0 -1 -1 0 0 0 -1 0 1 -1 -1 0 0 3 0 1 -1 0 -1 1 2 1 -1 21 0 0 0 0 1 -1
-1 1 1 0 -1 0 -1 -1 0 0 -1 -1 0 0 -1 -1 0 1 0 0 2 0 0 -3 1 1 -1 -1 1 1 -1 -1 0 1 0 0 0 2 -2 1 -1 2 0 -2 0 0 -1 1 1 2 0 1 0 2 0 2 0 -1 -1 0 0 0 1 1 0 1 0 -1 0 0 -1 0 1 -1 1 0 -1 -1 -1 2 -2 -1 1 0 0 0 0 0 0 0 1 0 0 2 1 -2 -1 0 0 0 0 -2 1 2 -2 -1 1 -1 0 -1 1 1 1 2 0 -1 0 0 -1 0 1 -1 0 4 1 1 -1 0 -1 1 1 1 0 -3 0 0 0 1 -1 -1 0 -1 -1 1 0 0 0 -3 -1 -1 1 0 0 1 0 1 -1 1 -1 -1 0 0 -1 0 -1 1 0 0 -1 0 0 1 0 0 0 1 1 0 0 0 0 1 1 -1 0 1 0 0 0 -1 -2 0 1 0 1 0 0 -1 0 1 0 -1 0 0 -2 -2 0 0 0 2 1 0 -1 1 1 0 0 2 0 0 0 2 -1 -2 1 -1 0 -3 0 1 0 0 0 -2 0 2 0 0 0 -1 1 -1 0 0 1 0 2 1 -2 2 0 -1 1 1 1 0 1 -1 0 1 0 -1 1 2 -1 0 0 0 0 0 1 2 1 -2 0 -1 -1 0 1 0 1 2 -1 0 0 0 0 0 0 -1 -1 -2 -2 -1 -1 1 0 1 0 1 0 0 0 0 21 -1 0 0 0 1
0 -1 -3 0 1 0 1 -1 -1 -1 0 0 0 -2 0 1 0 0 0 0 0 0 0 1 0 2 0 0 -1 1 0 -3 1 0 0 0 1 -3 0 0 1 0 0 0 1 -1 0 0 -1 0 1 1 0 1 -1 0 0 0 2 1 0 2 -2 1 0 1 -1 1 1 0 0 1 1 1 0 -1 3 0 -1 0 1 0 -1 -1 1 0 1 1 0 0 -1 1 0 0 0 0 0 0 -1 1 1 -1 -1 2 -2 2 1 0 -1 1 0 -1 -2 1 0 2 0 0 -1 0 0 0 0 -1 1 -1 0 0 0 2 0 0 -1 0 1 3 0 0 1 -1 0 0 1 1 0 -1 -1 0 0 0 0 0 0 0 1 -2 0 -1 0 -1 0 -1 1 0 1 0 2 1 0 1 0 -1 -1 0 0 0 0 0 0 1 0 0 1 0 0 0 0 -1 1 1 0 -1 0 1 -1 0 -1 1 1 1 0 1 -1 0 0 1 0 1 0 0 0 0 0 0 0 1 0 1 -2 1 0 -1 0 2 1 0 0 -1 0 3 1 -1 0 1 3 0 -1 -1 1 0 -1 2 0 0 0 0 1 1 0 0 1 0 0 0 1 -1 0 -1 0 -1 -1 0 0 1 0 -1 -1 0 1 0 -1 -1 -1 0 1 0 -2 3 0 0 -1 0 1 1 0 -1 0 0 1 2 1 0 1 0 0 2 -1 1 1 1 1 -2 -1 0 -1 15 0 0 0 1
-1 2 0 0 1 1 -1 1 0 -1 0 -1 0 1 0 0 1 0 0 0 -1 -1 0 1 0 -1 0 1 -1 1 1 0 0 0 2 0 1 1 0 0 -1 1 2 -2 -1 0 0 0 0 1 -1 0 0 1 0 0 0 0 1 0 -1 1 -1 1 1 2 -2 0 0 0 1 0 1 -1 0 -1 0 0 -1 0 2 0 0 -2 2 -1 -1 -1 0 0 0 1 0 -1 0 -1 0 -1 1 0 0 0 1 1 -1 0 0 0 0 0 0 0 0 0 0 0 0 0 0 -1 0 3 0 0 -2 -1 0 1 0 0 0 -2 -1 -1 0 1 0 0 0 1 0 1 0 0 0 1 0 1 0 0 0 -2 0 0 1 0 -1 0 2 0 -2 0 0 1 1 1 -1 1 -1 2 -1 0 0 2 -1 -2 0 0 0 -1 0 -2 0 -1 -1 1 0 0 0 -1 0 0 -2 0 0 1 1 0 0 0 1 0 1 -1 1 0 1 0 -1 -2 0 0 1 0 1 2 1 0 0 0 0 0 0 1 1 1 1 0 -2 -1 0 0 -1 0 0 0 -2 0 -1 0 1 0 0 0 -1 1 0 -1 -1 -1 2 1 0 1 0 1 0 1 1 1 0 0 0 1 0 -2 0 0 0 0 0 0 0 2 0 0 -1 0 2 0 0 -1 2 0 -2 0 1 1 1 0 0 0 0 -1 -1 0 0 0 1 0 1 0 -1 0 0 0 14 -1 1 0
1 2 0 0 -3 2 1 0 0 -1 -1 -1 2 -1 0 0 1 -1 0 0 -2 -1 -1 0 1 0 0 0 2 2 2 1 0 -1 -2 -1 1 0 1 0 0 -1 1 0 0 0 1 0 -1 0 -1 0 0 1 0 0 0 0 0 1 2 -1 1 0 2 1 0 1 0 1 1 0 -1 0 0 0 0 -1 -1 0 1 0 1 -2 -2 0 -1 0 0 1 0 1 1 1 1 1 2 -1 3 0 -1 0 1 -1 0 -1 -2 -1 1 0 1 1 -2 0 2 1 0 -1 -1 0 0 -1 -1 -1 0 0 1 0 1 0 0 0 -1 2 0 1 0 1 1 1 0 0 -1 0 0 -1 0 2 -1 1 -1 -2 1 -1 1 0 0 1 -2 0 1 1 0 3 0 0 0 -1 0 0 0 0 1 1 1 0 -1 0 -1 -1 0 0 1 0 0 -2 -1 2 1 -1 0 0 -1 0 3 -1 1 1 1 0 -1 2 0 0 -2 2 0 1 1 -1 2 0 0 -1 0 0 0 0 2 2 0 0 0 1 0 1 0 0 0 -1 -1 0 -1 0 -2 3 2 -2 0 2 0 0 0 0 1 -2 0 0 0 0 0 1 -1 1 1 0 -2 1 1 0 0 -1 1 -1 -1 -1 -1 1 -1 1 0 0 -1 2 0 2 1 0 -1 0 0 2 0 1 -2 1 0 0 -1 -2 -1 1 -1 0 2 0 1 -1 0 -2 0 -1 0 0 0 0 -1 20 0 2
0 0 0 -1 2 -1 0 0 1 1 1 1 -1 0 -1 0 0 1 0 -1 0 1 0 1 0 2 0 0 -1 1 0 0 1 2 0 0 0 -1 -1 -1 -1 0 1 0 0 0 1 0 1 0 0 1 -1 0 0 1 1 0 2 0 0 0 -1 0 -1 0 -1 0 0 0 -1 0 0 1 -1 0 0 1 0 1 1 0 0 0 0 0 0 1 0 0 0 -1 0 0 -1 0 0 0 0 -1 2 1 0 0 0 0 -1 -1 -1 0 0 0 0 0 0 0 0 0 0 0 0 0 0 -2 0 0 0 2 -1 1 0 -1 0 0 1 -1 0 1 1 1 0 1 0 1 0 0 -1 0 0 -1 -2 0 0 0 1 -2 0 2 0 0 0 1 0 0 0 -1 0 0 0 0 0 0 0 0 0 0 1 0 0 0 0 0 1 1 0 0 0 0 -1 2 1 3 0 -1 0 1 -1 2 0 1 0 1 1 1 0 0 0 0 -1 -5 0 -1 0 0 0 0 1 0 -2 1 0 3 0 -1 0 2 0 0 2 0 0 1 0 -2 -1 0 0 0 -1 0 1 0 0 0 0 1 0 0 0 2 0 0 0 1 0 0 0 -1 1 0 0 0 0 0 0 0 0 0 1 -2 0 0 1 -1 -1 -1 -1 -1 -1 0 -1 -1 1 -1 0 1 1 0 0 -1 0 0 1 -2 0 0 -2 0 0 -1 -1 0 1 1 0 0 1 0 14 -1
-1 -1 1 0 0 1 0 -1 1 0 2 0 0 -1 0 2 2 1 1 -1 3 -1 2 0 0 0 1 1 0 0 -1 0 -1 1 -1 -1 0 1 1 -1 0 1 0 1 0 1 0 0 1 0 0 0 2 -1 0 2 -1 -1 -1 1 1 0 0 0 0 0 1 2 1 0 0 1 1 0 0 -1 0 0 1 0 0 0 1 -1 0 1 1 -1 0 0 1 1 0 -1 0 2 2 0 -1 -1 1 -1 0 -1 -1 0 1 1 1 0 1 0 0 0 0 1 1 0 0 0 0 1 0 1 1 0 0 1 0 -1 -1 1 -2 -1 0 2 1 1 0 0 0 0 0 0 1 1 1 1 1 0 0 -1 -1 0 1 3 0 1 0 0 3 0 0 0 0 0 0 0 0 0 0 -1 -1 1 0 0 -1 1 -1 -2 1 0 1 -2 0 1 0 1 1 1 0 1 0 2 0 0 1 1 0 3 0 0 -1 1 0 -1 -1 0 -1 2 2 3 0 0 0 2 0 0 0 0 2 -2 0 2 2 0 1 0 1 1 0 0 0 0 1 1 2 0 0 2 0 0 2 1 0 0 1 0 -1 -1 2 -1 -1 0 2 3 0 0 0 0 -1 1 1 2 2 1 0 0 0 1 1 -2 1 1 3 1 1 1 2 0 0 1 0 0 0 1 0 0 0 -1 0 0 -1 -1 -1 0 3 1 -1 0 0 0 -2 -1 1 1 0 2 -1 17

