Q_obj 
33 2 -1 4 2 0 0 4 0 -5 0 1 0 0 1 0 0 -2 0 3 -6 0 0 0 -1 0 2 1 0 4 -1 -4 0 0 0 0 0 2 -1 0 0 2 -2 2 6 0 0 -2 0 0 0 0 0 2 -1 0 -6 1 6 0 0 0 -1 -1 0 7 0 -1 2 0 -3 0 2 0 2 -5 0 0 0 -1 6 -1 0 0 0 2 0 -2 -4 0 7 3 0 0 2 0 -3 0 2 2 1 0 0 0 0 1 2 -2 -2 -3 -4 0 0 0 1 0 1 0 0 0 0 4 4 1 -2 2 1 -1 0 -1 0 -2 0 -3 0 0 0 5 0 0 0 0 -4 0 -2 0 3 1 -3 0 0 0 -1 0 0 0 -2 0 0 0 0 -1 0 0 0 -1 0 0 0 2 0 0 2 3 -2 0 4 2 2 1 0 0 -4 1 1 0 -5 0 0 -4 -2 0 2 3 0 6 0 3 -2 -2 -3 2 2 0 2 0 0 0 -3 2 0 -1 -2 -2 0 0 0 4 -2 0 0 0 -4 -3 -2 1 -2 1 2 0 0 -2 2 2 -2 0 0 2 -4 -2 1 -3 0 0 0 3 4 0 -1 2 -1 2 0 -2 0 2 0 0 0 -1 -2 0 1 -2 1 0 0 4 0 0 -2 0 2 2 -3 2 -2 3 -2 0 0 -2 0 0 1 -4 -2 -1 0 0 -3 2 0 1 0 0 0 0 -2 0 0 3 0 0 1 0 0 0 0 2
2 49 1 5 1 3 0 0 3 -6 0 3 0 0 0 0 0 0 1 1 4 2 0 2 -2 -2 -1 0 3 5 -2 -3 2 0 1 0 0 -1 3 0 1 0 2 4 0 0 -4 -3 0 -2 2 0 0 -7 0 1 -5 -2 -2 1 0 -4 0 -2 -2 4 0 -5 5 -2 1 -1 6 -1 2 0 0 2 0 0 0 0 2 0 0 -5 0 2 1 4 4 2 0 -1 0 -1 -1 0 -4 3 1 0 2 3 0 -2 -3 0 0 -9 2 0 -5 0 4 -2 0 0 3 2 0 -4 3 1 -1 4 -2 1 6 0 2 2 1 3 3 -6 3 0 4 4 -1 -2 -3 0 -3 0 0 2 0 2 -4 0 4 -2 1 5 2 -3 1 0 -5 -2 0 -1 0 2 0 0 0 -1 7 0 4 2 -2 1 0 -1 0 -1 3 0 -4 2 6 -1 -3 -1 0 1 -1 0 -3 2 0 -2 -2 -4 1 0 0 0 0 -3 0 8 1 0 0 -2 2 -1 0 1 -1 -2 1 -1 -2 0 0 0 0 4 1 -2 -3 -4 -2 0 -1 -3 4 4 2 0 5 -1 -2 1 0 0 -1 -2 -4 0 0 2 -2 0 -3 0 -2 -2 4 -2 0 0 -7 0 1 -4 1 0 2 3 1 6 -3 0 0 -3 0 2 0 1 0 0 -4 0 2 0 0 -2 -1 -6 0 4 0 0 4 0 -4 0 1 -1 0 0 -4 0 0 -1 0 0 2 0 6 0 4 -3
-1 1 41 0 1 1 0 0 0 0 1 -1 1 0 3 5 0 -2 0 0 5 2 -1 -3 4 0 2 2 0 -4 0 0 0 1 0 1 4 -1 0 -2 0 0 2 -2 2 0 1 0 3 2 0 2 0 0 -2 1 0 8 2 0 0 0 0 0 0 0 1 0 0 -1 -5 0 -2 -1 0 -3 0 -2 4 0 1 -1 1 2 -1 -4 1 0 0 4 0 2 2 0 4 0 1 6 0 0 -3 0 0 1 -2 2 -2 -2 1 1 -2 0 0 0 2 2 0 0 -2 2 1 -2 4 0 0 -2 0 0 1 3 4 2 0 5 0 0 -1 0 0 1 -4 0 -1 0 1 -1 2 0 2 2 2 0 0 2 0 -2 -2 6 0 -4 4 2 2 0 -1 0 0 1 -2 -2 0 -2 0 -3 1 2 3 -2 0 -3 -2 0 1 0 -4 1 -1 0 0 0 0 2 0 0 3 -2 0 6 -2 -1 2 2 6 2 2 3 -2 -3 -2 -6 0 -1 -4 1 -3 -2 -4 -2 4 0 0 0 -1 0 0 0 2 0 1 0 2 1 -1 -1 2 0 3 -1 0 0 5 2 -2 0 2 0 2 3 0 0 -3 0 0 -6 -2 -4 0 0 2 0 4 2 0 0 2 -6 -2 0 0 1 -2 3 2 -1 -1 0 -2 0 -2 1 -1 0 2 -3 3 0 0 4 -1 0 8 0 0 -1 5 -3 3 -1 0 -1 -2 6 -6 -2 -1 0 -4 2 4 0
4 5 0 30 0 0 1 -4 -1 0 0 -1 3 4 0 0 0 0 0 0 -1 0 3 0 0 0 0 0 2 -1 -4 0 0 -3 0 0 -2 0 -5 0 -4 0 2 0 1 -2 2 0 0 0 0 -1 0 0 -2 -1 -2 -4 0 -4 1 -3 0 -4 -2 0 0 0 4 0 0 1 5 0 -3 0 0 1 0 1 4 -1 4 0 0 0 0 0 1 0 2 0 0 -2 0 -2 0 0 2 2 0 -1 2 -2 2 -1 0 0 2 0 5 0 0 0 2 2 0 0 1 0 0 2 0 4 -1 -2 0 0 0 -2 0 -2 2 -5 -2 0 1 0 0 0 0 -3 -4 0 0 2 3 2 3 0 0 0 0 1 0 -4 -3 0 -2 0 -4 0 1 0 -2 0 0 0 4 0 1 1 4 -4 5 -2 0 0 4 -1 -2 0 0 0 -1 -2 2 0 -2 -4 0 -3 0 0 2 -2 0 0 -5 -2 0 0 4 -1 0 3 0 -1 2 2 0 0 2 1 0 0 0 0 0 0 0 0 2 4 -3 0 -6 -2 0 0 0 -2 0 -4 -2 -2 2 1 2 0 -2 0 0 0 2 1 -4 2 -1 0 0 0 -2 0 -2 0 -3 -1 -1 0 2 1 0 2 -1 6 4 -1 -1 0 0 -1 0 -1 0 1 0 -2 -2 0 5 0 0 2 -1 0 1 0 1 0 4 2 0 0 2 0 0 0 -1 1 -1 0 0 7 0 0 0 2 2 0
2 1 1 0 46 0 0 0 0 0 -1 -1 -2 -1 0 0 2 0 -4 3 -2 -1 4 0 -3 -1 -2 3 0 0 0 1 0 0 -4 -2 4 0 0 0 0 -2 0 0 -3 0 -1 0 -4 4 0 0 0 1 -1 1 -9 2 2 0 2 0 2 0 0 0 2 0 0 2 0 -2 4 0 0 1 4 -2 2 0 0 0 0 -1 -4 0 -6 0 2 0 4 0 -1 0 0 0 0 0 -3 2 -1 -1 0 0 2 1 0 6 0 0 1 1 -1 0 3 0 2 0 0 0 0 4 -3 4 0 1 1 -2 0 0 8 0 2 5 0 0 0 -2 0 0 2 -1 -2 6 2 -12 -1 7 2 -1 -2 0 -2 1 4 -1 2 0 0 0 2 1 0 -1 -1 0 0 1 4 0 0 -2 0 2 1 2 0 4 -4 0 0 4 2 -2 1 -4 0 2 3 -2 2 1 0 0 -2 -4 2 -2 -2 -1 2 0 0 0 0 0 -1 -1 0 0 4 -2 4 -6 -2 0 1 0 0 0 -4 -4 0 -1 0 1 -1 2 -2 0 3 1 0 0 4 -2 -4 0 -2 0 2 0 0 -3 -4 1 -1 0 -6 4 -4 0 0 0 -2 -2 0 0 0 1 1 -1 5 0 2 0 -2 2 0 6 -6 2 1 0 -4 0 -2 -4 0 0 2 1 0 -2 0 0 6 -1 -4 -2 0 -2 0 2 1 -5 4 -2 0 -2 0 2 2 -1 0 0 2 1 2 1
0 3 1 0 0 29 1 -2 -2 0 2 8 -1 0 0 -2 -3 -1 2 1 -2 1 -1 0 0 -2 2 0 2 0 0 -1 -5 0 -2 1 3 0 0 -4 -1 2 0 5 0 -2 0 0 0 1 -2 3 2 1 -1 -2 -2 0 -6 1 0 1 1 0 1 0 0 0 5 -4 -4 0 0 -1 1 0 -1 2 0 2 0 0 -2 1 0 -4 0 4 0 0 0 0 0 0 0 -1 2 0 1 -4 -1 0 4 0 -4 0 0 -2 -1 0 1 0 1 0 -1 -4 1 0 0 -2 -2 2 0 1 -3 0 0 0 -1 -2 -2 5 -4 2 0 -2 3 0 2 0 0 -1 1 0 2 0 0 2 0 2 0 -4 1 -2 0 -2 0 1 0 1 1 0 1 -1 0 -1 -4 0 -1 -2 0 0 0 0 0 0 -2 2 0 -1 -3 -4 0 -1 6 -2 -2 1 0 -2 0 1 -2 1 0 -2 2 2 -3 0 1 0 1 0 -3 0 -1 -1 -3 -3 1 -2 -2 0 1 0 0 -1 0 0 0 -2 0 1 -3 1 0 -2 0 0 2 -1 0 3 -1 8 1 1 0 0 0 2 -1 2 -6 -3 -1 2 1 1 1 0 -2 0 -2 0 0 0 0 1 4 -4 -4 0 0 -2 2 0 -4 -2 0 0 0 0 1 0 -1 1 0 0 0 0 0 1 -2 -2 -2 5 1 0 -3 0 -3 1 0 1 1 3 0 0 0 0 3 2 2 1 0 0 0 -1
0 0 0 1 0 1 22 -3 0 0 0 0 -3 0 0 0 -3 0 -1 1 0 0 0 0 0 0 0 -1 2 0 2 1 0 0 5 0 -6 0 0 2 -3 5 0 -1 -1 0 0 0 0 0 0 -1 0 -1 0 3 0 -1 0 2 0 -2 -2 0 0 0 2 2 0 2 2 -1 0 -4 0 1 -2 0 2 -1 0 -1 4 1 2 1 0 0 0 0 -2 0 3 0 0 0 0 0 2 0 0 -1 5 2 3 0 0 2 0 0 0 1 0 2 1 2 0 1 -2 0 -1 0 0 1 -2 2 0 0 0 4 -2 -1 -1 1 0 2 0 2 0 5 -1 0 0 0 2 0 0 0 -5 2 -3 2 2 0 0 -1 0 2 -2 0 2 0 0 0 0 0 0 2 1 -1 4 0 2 0 2 0 -4 1 2 -3 2 0 0 0 3 2 -2 1 2 2 0 1 1 -4 2 2 0 0 -1 -2 -1 -2 -1 1 2 0 0 -3 -4 0 0 0 1 0 0 1 0 1 2 1 0 0 -1 0 0 1 -1 0 -2 0 1 1 0 2 -1 0 -2 1 1 0 -2 4 -1 0 -1 4 2 0 1 0 0 2 -2 2 -2 0 -2 0 0 2 0 -2 2 0 2 1 1 0 0 -2 0 -1 -2 0 1 0 1 0 1 0 0 1 0 -2 0 0 0 1 1 0 0 4 0 -1 1 -1 4 2 2 0 0 -2 2 -2 0 0 0 0 0 -1
4 0 0 -4 0 -2 -3 41 0 -2 -4 1 -4 1 4 0 0 0 4 0 -4 0 -2 0 4 -2 0 6 0 0 0 0 0 6 -1 10 2 0 -2 2 2 0 0 4 1 -2 0 1 6 0 4 -2 0 -4 3 -2 2 0 2 4 0 0 -4 0 0 -4 -4 0 -4 0 2 -2 2 0 0 1 0 0 0 0 0 0 -5 0 0 -1 0 -4 -4 0 4 -2 0 0 -2 0 0 0 -4 4 0 4 -2 0 -1 -4 0 2 4 1 2 -3 0 -4 1 4 0 0 -4 4 0 7 1 0 0 0 -2 -2 -2 2 2 2 0 0 0 0 -6 0 0 -2 4 0 0 -1 0 -2 1 2 2 0 0 1 0 0 0 4 0 0 0 -2 0 1 0 2 1 0 0 0 0 0 0 4 0 -2 0 0 0 0 0 0 0 0 1 2 0 0 -2 0 2 2 0 -4 -2 0 0 0 0 2 4 0 0 0 -2 0 4 0 2 4 2 0 4 1 -1 3 0 0 0 0 4 -1 0 0 0 -2 4 4 0 0 0 -1 0 -1 0 0 0 2 0 -1 -6 0 2 0 1 -1 0 0 0 0 0 4 -2 0 0 0 0 -2 4 0 -5 0 0 0 -2 0 1 -6 0 0 0 -1 0 0 0 0 4 0 1 -1 0 0 0 -1 0 0 -2 0 0 -5 5 0 -2 -2 -4 0 -6 0 -3 0 0 0 -2 4 -4 0 0 0 -4 0 -2 2
0 3 0 -1 0 -2 0 0 20 1 0 -1 0 -2 1 0 0 3 0 0 0 0 1 0 0 -1 0 -2 0 1 0 0 0 0 1 0 1 0 2 0 0 -2 0 0 0 0 4 -1 0 0 0 0 1 -2 0 0 -4 3 0 -1 0 -1 0 0 0 0 0 0 0 0 2 -2 0 0 0 -1 0 0 -7 0 -2 -2 -2 0 0 0 0 -1 0 2 0 -2 0 0 0 1 -2 0 0 0 2 0 -1 0 2 2 0 1 1 0 0 0 0 1 2 0 0 0 0 2 0 1 1 0 1 1 0 0 2 0 0 1 0 -6 3 -2 0 1 -4 -1 0 0 0 0 0 0 0 0 -2 4 -2 0 -1 0 0 1 0 -1 1 0 0 0 -2 0 0 0 0 0 0 0 5 -1 0 0 1 0 1 0 0 0 4 -1 0 0 -1 0 0 1 0 -2 1 -2 0 0 0 0 0 2 5 1 2 0 4 -1 8 -2 0 0 2 5 -1 0 4 -2 0 -1 0 0 -2 0 0 0 0 0 0 0 -2 2 0 0 0 2 -5 1 0 0 0 0 0 0 2 0 2 0 -3 0 0 0 1 0 -2 0 0 0 0 0 0 0 2 2 0 0 0 0 0 5 -2 1 -1 -2 2 -1 1 0 -2 0 0 0 2 2 0 0 0 -3 0 -1 0 0 0 0 1 0 0 4 1 0 4 0 0 0 -2 4 -4 -2 0 0 2 0 0 -1
-5 -6 0 0 0 0 0 -2 1 23 0 0 3 -2 0 3 0 0 2 0 0 0 0 0 0 0 1 -2 0 0 0 4 0 0 1 0 0 -2 0 0 -4 -2 0 -1 -2 -1 2 -4 0 0 0 0 0 1 0 1 3 0 -2 0 0 0 1 0 0 -4 0 0 0 0 2 1 0 1 -1 0 0 0 0 2 -2 0 -2 0 0 0 -2 2 0 0 1 -4 1 0 -4 0 0 0 0 -1 2 0 2 1 -1 0 -1 1 0 4 0 -2 0 0 2 4 1 0 0 0 0 2 -3 -4 1 -2 0 -1 0 -3 1 2 0 -2 -1 -1 -3 2 0 0 4 1 2 1 0 -2 0 1 0 0 6 0 2 -2 0 0 3 1 2 0 0 1 0 4 0 0 0 0 -1 0 -1 0 -1 -2 1 -2 3 0 0 0 0 -2 4 0 -4 3 1 0 0 0 6 0 1 0 -2 0 0 0 0 0 0 2 1 1 1 0 0 0 0 -1 0 -2 0 -1 0 1 0 4 2 3 0 0 1 3 0 -1 -2 -1 0 0 0 1 -2 -2 1 -1 0 0 5 -1 2 0 0 1 0 -1 0 3 2 -1 3 0 0 -2 0 2 2 -2 4 0 0 0 2 3 2 1 0 -7 3 -1 2 -1 0 1 1 0 2 0 2 0 0 0 0 2 0 -4 0 2 0 1 0 0 0 0 0 0 1 0 2 -1 1 0 0 2 0 0 0 1 0 0
0 0 1 0 -1 2 0 -4 0 0 36 -2 4 2 -4 1 -2 0 0 -3 0 -5 0 0 0 1 0 0 -2 -2 0 0 0 -1 0 -3 3 1 0 4 -1 0 2 0 -4 2 0 -4 0 2 4 0 0 0 0 -3 0 1 1 0 0 1 2 7 6 1 -2 -1 0 0 1 0 0 0 -2 1 0 -1 -1 0 0 -4 -2 0 3 0 1 1 0 -1 1 0 1 0 0 0 -4 1 -2 0 0 -1 0 2 0 0 0 -1 0 0 -1 -1 0 -4 0 0 0 0 0 0 1 -1 0 0 4 0 -4 0 0 -7 -4 -3 0 0 0 0 8 -2 0 2 1 -1 0 0 1 4 -2 -6 0 1 0 -1 0 0 0 -4 -2 2 0 0 2 0 2 -1 -3 1 0 -2 2 0 1 -4 0 -1 0 0 0 0 0 0 0 0 2 0 0 0 0 0 0 0 0 6 -4 0 2 0 0 6 0 0 2 -2 0 4 0 1 2 -4 1 0 0 -1 0 1 0 -2 4 0 2 0 -2 0 -1 0 -1 -3 2 -2 0 0 2 2 4 -2 1 0 -2 0 3 0 0 -2 0 0 0 0 0 -4 4 0 2 0 -8 -5 0 5 -4 1 -3 0 0 -1 0 -2 0 4 -1 -4 3 -2 -1 0 -6 1 3 1 0 0 -2 0 -1 -1 2 1 0 2 4 0 0 0 1 0 1 0 -2 0 2 -2 0 0 0 0 -3 -2 -1 0 -4 -2 2 -2
1 3 -1 -1 -1 8 0 1 -1 0 -2 30 1 -3 2 1 -4 -3 4 0 -2 2 -2 0 1 -2 0 0 -4 2 0 -2 -2 0 -2 2 6 -1 0 0 0 -2 0 2 1 0 0 1 0 0 0 0 3 -1 0 0 0 -4 -2 1 -1 0 2 2 0 -4 0 0 1 -4 -2 0 -1 0 2 0 0 -4 0 4 2 0 -1 -2 2 -2 0 -1 0 4 0 1 -1 0 0 2 -2 0 0 1 2 0 3 0 1 0 0 -2 0 0 2 0 0 5 -1 -4 0 0 -1 0 2 -2 0 0 4 -1 0 0 0 0 0 3 -2 4 1 -1 2 0 0 0 1 -1 1 0 -2 0 4 -4 3 1 -2 0 2 -2 -1 0 0 0 0 -2 0 1 0 -1 0 0 -4 -2 -2 -4 1 -1 0 0 0 2 -2 0 0 3 -3 -2 0 0 2 0 0 0 2 2 -4 -1 1 0 -2 1 0 0 -1 1 1 4 0 -2 0 2 0 0 0 4 5 2 -2 0 0 0 0 0 0 0 0 -4 0 0 0 0 0 2 0 0 0 -1 0 4 1 -2 0 3 -2 0 0 0 0 0 -1 -3 0 4 0 2 0 -1 -2 0 0 2 0 -3 0 -2 0 2 0 1 0 4 0 0 -4 0 0 -1 0 -2 2 1 0 0 0 0 0 0 0 -1 1 0 0 2 2 1 -3 0 -2 1 0 1 0 0 0 -1 1 0 4 0 0 0 0 1 0 1
0 0 1 3 -2 -1 -3 -4 0 3 4 1 37 0 0 1 0 2 2 -4 0 2 0 3 4 0 0 0 2 0 0 0 -1 -1 0 -2 1 -1 1 -1 1 -4 0 -5 -1 0 0 -2 -3 1 0 0 4 -1 -1 1 -1 2 0 -1 0 -1 -1 0 -7 0 -1 0 0 -2 2 2 0 3 1 0 0 -1 0 2 -1 -1 -2 -2 0 0 0 0 0 2 2 2 -4 3 -2 -4 0 1 0 -1 -4 0 0 0 1 0 0 -2 0 0 0 0 -2 5 0 1 -4 2 0 0 1 4 0 -2 3 0 -4 0 2 0 0 -1 0 -4 -2 0 2 0 0 1 3 -3 2 0 0 2 0 -2 4 0 2 0 0 -4 -2 -1 0 0 0 2 0 0 -1 0 0 0 -1 0 0 0 0 -1 0 1 0 -2 6 0 -2 2 0 0 0 0 0 1 -1 -2 -1 -2 -1 -2 4 3 -2 1 0 0 -1 0 -3 5 3 0 0 1 0 -1 2 4 1 2 1 0 2 0 3 -1 1 4 0 0 1 -4 -3 0 -1 -1 0 3 3 2 0 0 0 3 2 0 7 0 2 0 1 -2 0 2 2 -1 4 0 0 1 -1 1 2 0 -1 2 3 -1 0 0 3 1 2 3 1 -2 0 0 0 2 2 -2 -1 -1 -2 2 -2 0 2 0 0 0 0 4 0 0 0 -6 -2 -1 0 0 1 2 2 0 -2 0 1 1 0 2 0 -1 0 2 -1 2
0 0 0 4 -1 0 0 1 -2 -2 2 -3 0 61 0 0 2 0 0 0 -4 -6 4 0 0 0 -2 2 4 0 0 -1 0 0 0 2 -2 2 0 0 0 0 2 1 -1 2 0 1 0 1 1 -3 2 -4 0 2 0 0 -4 -8 2 -4 -2 0 0 0 0 0 0 3 0 0 0 0 0 0 -2 0 -4 0 0 -2 -1 -6 -8 -2 2 -4 1 0 0 0 2 0 -4 -7 0 0 0 2 0 -2 10 4 0 -4 3 -2 2 0 6 -1 0 5 8 -2 0 1 0 2 -4 1 0 0 6 1 -2 5 0 0 -2 0 -4 0 -2 0 -2 -1 4 2 0 2 0 -2 0 0 -2 0 10 0 0 0 -2 -4 0 -2 0 0 -6 0 4 -3 2 -6 -2 1 0 0 4 -4 -1 0 0 0 4 6 0 0 6 0 0 2 -2 4 4 2 0 0 4 0 -2 -10 -1 -1 3 -2 -4 2 -3 3 0 -6 0 5 0 -4 1 -1 0 -5 0 0 0 4 -3 0 0 -2 2 2 -6 0 2 2 1 5 0 1 2 0 -3 0 0 -6 -2 4 -2 -5 0 0 0 0 1 0 -4 -2 -6 0 0 0 0 0 -2 4 0 -2 0 -2 0 0 -2 0 -4 -3 1 4 0 -4 2 8 -4 0 -2 0 -2 -2 0 0 -6 -2 0 -2 -4 0 0 0 0 1 0 0 -2 -3 -2 4 0 1 -2 0 0 -2 0 2 -2 12 0 1 -2 2 0 -2
1 0 3 0 0 0 0 4 1 0 -4 2 0 0 44 0 4 4 2 2 -2 -1 0 -2 0 1 0 0 4 4 0 0 0 3 0 0 1 -2 -1 2 0 2 3 0 0 3 4 2 -2 0 0 2 2 2 0 -5 0 -2 -8 -5 0 0 0 0 -2 -2 0 0 -1 1 -1 -3 -3 6 2 0 -6 0 0 0 -1 1 0 0 0 0 0 -3 4 2 2 0 0 3 2 0 -2 0 0 0 0 2 0 4 -4 -2 0 0 -2 0 0 -8 0 -1 0 2 0 2 -4 4 1 1 2 3 0 -2 0 0 4 0 2 2 0 -5 0 0 -2 0 0 1 -6 0 3 0 -2 0 -2 4 2 2 4 -6 -4 0 -1 -1 0 0 -1 0 0 2 0 0 0 4 -2 0 0 0 0 0 0 0 -1 4 2 2 0 -1 0 -1 1 0 0 0 1 0 -4 -2 1 0 4 2 -1 0 0 -3 5 0 0 2 0 -2 2 1 0 -2 4 2 6 2 1 6 0 1 -4 0 5 2 0 0 0 6 3 4 0 1 0 0 -4 0 1 2 0 1 2 -2 -6 0 4 1 0 -2 0 -4 -2 3 0 -1 -1 0 -1 0 2 0 0 0 4 2 4 0 4 0 0 -4 0 0 5 2 1 0 0 0 -2 4 -2 0 0 0 0 0 -1 -5 1 0 0 4 0 0 3 0 -2 3 -4 -4 -7 0 -2 0 0 -3 0 0 0 0 9 -5 3 -2
0 0 5 0 0 -2 0 0 0 3 1 1 1 0 0 55 0 0 0 -4 0 0 1 0 0 0 0 -2 -1 -2 0 -2 0 0 -4 -4 0 1 1 0 2 -6 0 0 0 -2 1 -4 0 0 8 -1 0 0 0 1 4 0 1 6 0 0 4 2 0 0 4 -1 0 0 0 0 0 2 0 0 4 -3 2 0 0 -2 8 -1 4 0 -1 -1 0 -5 1 -1 0 -2 2 0 -2 2 0 4 0 0 4 2 1 10 0 -1 5 -1 -4 -1 -2 5 0 4 0 0 1 0 0 -8 2 -4 2 6 0 0 0 -2 -2 2 0 4 0 -4 -3 1 -4 1 -1 2 0 0 -4 0 4 0 4 0 -2 0 -1 -2 0 0 -10 2 -4 0 2 1 0 4 0 0 4 4 0 -4 -2 0 0 -1 0 -8 1 0 0 0 -2 0 -2 4 2 -5 0 -2 0 0 7 -4 0 -2 5 5 0 0 0 0 0 0 0 2 -2 1 -2 -4 -4 -3 2 0 0 0 -1 0 -8 2 0 0 0 0 1 2 -2 0 0 0 0 -4 0 2 1 0 2 -2 -2 -6 0 1 4 0 0 1 -2 1 0 0 0 0 -4 2 1 3 -8 -1 4 2 1 2 0 -2 0 2 -1 0 -5 -2 3 1 -3 2 -6 1 1 0 1 0 0 0 2 1 1 0 0 4 0 2 -7 0 2 0 -2 2 0 -4 1 -2 0 4 0 2 6 2 2 0 6 2 2 0
0 0 0 0 2 -3 -3 0 0 0 -2 -4 0 2 4 0 27 0 -2 -2 2 -2 0 0 -1 0 -4 1 6 0 1 -1 0 4 -4 0 0 -1 0 0 2 1 0 3 0 0 0 -2 0 -2 0 0 -2 1 -1 -4 0 4 2 1 0 2 2 -2 -1 0 -2 0 1 0 1 0 0 0 0 0 2 -2 0 0 -2 0 -2 0 -2 0 -4 0 0 0 0 -1 0 -2 2 4 -2 0 -2 0 -2 1 0 5 0 1 -1 0 -4 0 0 0 0 5 1 1 0 0 2 0 -1 0 2 1 -3 0 2 -2 2 -4 5 0 0 2 2 0 4 1 -2 0 0 0 0 4 4 2 0 4 -4 0 1 2 0 0 0 4 0 -7 0 6 0 0 0 0 0 1 0 -4 2 -1 -4 0 0 0 0 2 -2 -1 -1 1 0 0 1 -2 2 -2 2 0 2 0 0 2 5 0 0 0 0 -4 2 -2 0 -5 0 -4 0 0 0 0 1 2 0 0 0 0 2 3 2 0 0 0 0 0 0 2 4 1 4 -2 0 -4 -4 -1 0 1 4 -4 2 -2 0 0 6 0 -2 -2 1 0 0 -2 1 0 -1 0 -4 0 0 0 0 0 4 1 0 -2 0 1 0 0 0 2 2 0 0 2 0 0 0 0 0 1 1 -1 -2 -2 0 0 0 0 1 0 0 3 1 -1 -1 0 0 3 -7 2 0 -2 0 2 -2 -2 -1 2 0 0 0 -3
-2 0 -2 0 0 -1 0 0 3 0 0 -3 2 0 4 0 0 40 2 -2 4 -1 0 -2 2 3 2 0 -2 -8 1 0 -2 0 -2 0 2 0 0 1 0 -6 0 2 2 0 6 -2 2 0 0 2 4 0 -2 0 1 0 0 -5 -2 0 0 -2 -3 -5 0 -1 0 -1 5 -1 0 0 -1 -4 0 0 0 0 -2 0 0 -5 0 0 -2 -11 0 0 2 0 0 0 0 0 0 0 1 -2 1 2 0 0 1 -5 0 0 0 0 0 2 0 -2 0 0 -1 0 0 6 -2 3 0 5 -2 0 1 0 -2 0 0 0 0 -3 1 0 1 -2 0 2 -2 -2 1 -4 0 -2 0 1 1 -1 -2 0 0 0 -1 1 2 -7 4 0 0 0 -1 2 0 0 -2 0 -4 -1 -2 1 -2 0 1 -1 5 2 -4 0 2 1 2 0 0 0 -4 0 0 -6 -2 -3 0 -7 1 0 -4 3 7 -1 0 0 0 2 2 -2 0 0 4 4 -1 1 2 0 -1 -1 0 1 0 4 0 0 0 0 2 0 -2 0 4 0 0 -2 -2 0 0 2 0 0 0 0 -2 3 5 2 0 -4 -1 0 2 -1 0 -1 -2 2 0 0 0 0 0 6 4 0 0 0 0 4 0 0 2 0 0 0 -2 0 2 0 4 -2 1 0 0 0 1 -3 0 0 -2 -2 2 0 1 0 0 1 0 0 -2 2 0 1 0 -2 0 0 0 0 0 -3 -2 -3
0 1 0 0 -4 2 -1 4 0 2 0 4 2 0 2 0 -2 2 51 2 0 -2 3 0 0 2 1 0 -1 5 1 0 1 -2 0 0 3 -4 -3 -2 -1 0 0 -8 2 -4 0 -3 -1 0 0 0 -1 1 -4 0 0 -3 0 2 -4 0 3 0 0 -4 1 0 1 -4 -5 0 -2 0 0 0 -5 -1 0 -1 2 0 1 -1 -2 0 0 0 0 3 1 1 -3 1 -2 -2 0 -2 2 -1 0 0 0 0 -2 -4 0 1 6 3 0 5 1 -4 1 0 1 -2 -6 1 3 0 -5 0 2 -3 1 0 -4 1 -2 0 0 -7 0 0 -5 0 2 0 4 -1 0 -4 2 2 2 1 1 4 -4 0 1 0 0 -4 0 1 2 -3 -1 -5 0 0 -2 -1 0 -2 0 -1 1 0 0 0 2 4 4 2 0 0 -3 -3 0 1 0 0 2 0 -2 -2 1 2 -1 -2 -1 -1 0 -3 0 3 4 1 0 -6 2 -1 -1 0 -2 1 6 0 0 0 0 2 0 11 -2 2 2 2 -5 1 -2 4 -2 -2 -4 0 0 -2 0 -1 -2 2 4 -3 -4 -4 -1 -2 0 0 4 -2 -2 6 2 0 3 -4 0 0 2 0 2 1 2 0 -1 0 0 0 -2 5 0 3 0 -1 0 -2 0 -4 3 0 -2 0 1 0 1 -4 0 4 0 2 -8 1 0 -4 0 0 3 -2 -2 2 1 2 -6 1 2 0 0 0 1 1 1 3 -2 -1
3 1 0 0 3 1 1 0 0 0 -3 0 -4 0 2 -4 -2 -2 2 48 -3 0 0 0 -5 0 5 0 4 0 2 -1 0 0 4 2 2 2 -1 2 1 1 0 0 0 -1 -2 -2 -2 3 0 0 -4 -2 0 2 0 0 2 -4 0 0 1 0 5 0 0 -2 -2 -4 0 -2 0 0 3 1 -4 -2 3 2 1 0 -4 0 2 4 -2 4 0 -2 6 0 0 2 4 0 -1 0 1 3 0 4 0 0 0 0 -2 -1 0 1 4 3 -6 -2 0 0 6 -2 -2 0 -5 2 0 0 7 -1 5 2 0 6 -2 0 0 -1 2 2 -4 0 0 3 -2 -2 2 0 -3 2 0 0 0 0 0 -1 1 -2 -2 0 2 0 0 0 4 2 0 -1 -2 -3 -2 -4 2 4 0 -4 1 2 -1 3 0 5 0 -4 0 -5 -2 -6 1 4 -3 0 0 -4 4 4 2 1 0 1 0 6 0 -4 -1 1 1 2 1 0 1 0 3 -4 0 2 0 0 0 0 -1 0 0 -2 0 -2 1 6 1 -1 0 -1 -1 0 4 -2 2 -4 0 0 0 3 -4 0 -1 0 0 -4 0 2 0 0 -4 -2 0 -4 0 0 4 -1 0 2 -2 -2 0 -1 8 -2 2 4 0 4 3 2 0 0 3 -11 3 0 0 -1 2 0 -5 1 3 2 0 -2 0 -1 4 0 -4 0 1 2 0 2 -1 2 -2 0 4 0 0 -2 0 0 1 1 -2 0
-6 4 5 -1 -2 -2 0 -4 0 0 0 -2 0 -4 -2 0 2 4 0 -3 49 1 0 1 2 0 -1 0 0 0 6 0 2 1 2 0 1 -2 2 0 4 7 0 0 1 4 0 3 -3 0 0 1 2 0 0 0 0 -2 2 -4 0 2 3 -4 2 0 0 -2 1 2 -2 4 0 2 -2 -1 1 0 5 -4 -5 0 1 0 0 -2 0 -4 0 0 0 0 -4 0 10 2 6 -6 5 4 -2 -2 0 1 0 -2 -2 -4 0 0 -1 0 -2 0 0 -3 -2 4 0 2 0 -8 0 3 -2 5 -2 -1 2 0 -1 0 0 2 8 -1 2 2 0 0 0 -4 0 0 0 -2 2 0 0 4 0 0 -2 4 2 2 1 0 0 -2 -2 -2 0 0 0 -8 0 -1 -2 -2 0 0 -1 0 1 -1 0 -4 -2 -5 -1 -4 0 2 2 0 -1 -1 -2 6 0 0 4 0 -4 -1 -4 0 2 -5 2 -3 0 1 -3 -1 -2 1 -4 -5 1 -4 0 0 0 2 0 -3 -1 1 0 4 -6 0 0 -2 3 0 2 0 0 4 0 4 0 5 1 0 6 4 -2 0 0 4 -2 2 4 2 2 -2 0 -2 0 -1 2 0 1 0 -4 2 0 0 0 2 -4 0 0 5 2 0 1 0 -1 -1 0 0 0 -1 3 0 -1 -2 0 1 6 2 -1 2 1 5 2 0 2 0 2 0 -2 -8 0 -2 -2 1 0 -5 0 0 0 4 0 -2
0 2 2 0 -1 1 0 0 0 0 -5 2 2 -6 -1 0 -2 -1 -2 0 1 49 4 0 0 0 0 -2 0 0 0 1 0 0 -2 -3 0 -3 1 -6 0 2 -2 -3 8 1 -4 1 -3 1 -6 0 0 -4 0 0 0 -2 0 2 0 0 -1 3 6 0 -3 0 0 -7 -1 0 2 0 0 -2 3 0 0 0 1 -2 0 -2 1 0 0 0 0 -1 -5 -3 0 2 0 0 2 0 -1 -1 0 0 -2 -2 0 0 1 4 2 -2 -2 1 -4 -4 0 1 0 0 0 4 6 0 0 0 1 1 0 0 -2 4 -1 -2 2 4 0 -2 -10 0 -2 -2 -2 -2 -4 4 0 0 2 0 -2 0 -4 0 2 0 -1 3 0 4 -6 -4 0 8 0 3 2 0 0 2 0 2 -6 0 0 0 1 -1 2 2 0 0 3 -1 -2 -1 3 0 0 1 0 4 -2 0 -2 5 -2 -2 -2 -3 0 -2 -2 2 0 -4 0 -2 0 0 0 0 -1 6 -2 0 0 1 2 2 -3 0 0 4 0 0 0 -2 0 0 -2 0 0 0 0 2 0 -4 -1 0 3 1 0 3 -2 1 4 0 0 4 2 2 -2 -2 2 0 0 -4 4 1 -2 0 -1 0 0 0 0 0 2 0 -5 2 -1 0 4 0 0 4 0 2 0 0 1 3 2 -6 2 -2 0 0 -1 -3 -1 4 0 4 0 0 3 0 -2 -2 -2 0 -1 0 2 0 2 0 -2 1
0 0 -1 3 4 -1 0 -2 1 0 0 -2 0 4 0 1 0 0 3 0 0 4 56 -2 0 0 0 0 0 0 4 5 2 0 1 6 3 -4 0 0 0 0 0 0 -3 4 2 -2 0 0 0 0 -2 -4 -2 4 0 -1 0 6 0 0 -2 -6 -1 0 0 4 0 5 -1 0 -2 0 0 0 0 -3 0 2 0 -1 0 0 0 0 0 1 0 -8 -8 0 2 0 0 -4 0 -1 -4 0 0 -3 0 0 -2 -2 0 0 0 -2 0 -4 0 -6 0 -3 -2 0 0 1 -4 5 -4 0 -4 2 0 4 0 -4 0 0 1 -1 0 0 1 0 0 1 0 -1 -1 -8 0 4 0 2 1 0 0 -2 1 -2 0 0 2 0 0 0 0 -2 0 -1 0 0 4 0 4 2 -4 0 -2 0 -2 1 0 0 -1 0 2 -4 -1 0 4 -4 0 0 -2 0 0 -1 0 0 1 -2 -8 -4 -2 -2 0 0 0 -1 0 0 -1 -2 -1 1 0 -2 0 -2 0 0 8 -1 -4 0 4 -4 2 1 -3 0 0 -6 0 2 -2 -2 0 0 -2 -6 0 0 -2 -4 0 0 -2 -2 1 0 0 -1 0 0 0 0 0 2 -1 0 -4 -2 0 0 0 -1 0 0 -4 4 0 0 2 5 0 -2 0 0 0 0 0 3 2 -2 0 -2 -4 2 4 0 0 4 0 0 0 -3 -2 8 0 0 1 -2 -1 2 0 0 1 0 0 0 0 0 0 0
0 2 -3 0 0 0 0 0 0 0 0 0 3 0 -2 0 0 -2 0 0 1 0 -2 23 0 0 0 2 -1 0 -1 0 0 0 0 2 4 -1 0 2 0 0 0 -4 0 0 0 1 0 -2 0 0 2 0 -2 2 0 0 0 0 0 0 0 1 -2 0 0 -4 1 -3 1 2 0 -1 -1 0 0 0 0 0 0 0 1 -1 0 4 0 0 0 0 -4 -3 0 0 0 0 -2 0 0 0 0 2 0 2 0 -1 0 0 0 -2 -2 -1 0 0 2 -1 -2 0 0 0 -1 0 0 2 -1 5 2 0 -1 0 -1 0 0 -4 2 -1 0 0 0 0 4 0 4 0 0 -5 0 -1 0 0 0 0 0 1 0 3 0 0 0 1 0 0 2 0 0 0 0 0 0 -1 0 0 0 0 0 -1 -2 0 0 0 0 0 -3 2 0 -1 2 0 0 0 2 0 1 2 0 0 0 -4 0 0 0 1 -1 -2 -3 4 0 2 0 -2 1 0 0 0 1 0 2 0 1 0 0 0 1 0 0 -1 0 0 -1 0 0 1 2 0 0 0 3 0 1 2 0 0 -1 -1 0 2 3 1 1 -2 0 0 2 0 0 0 1 3 0 0 0 -2 -2 0 -2 0 0 1 -2 0 0 2 0 0 -2 0 1 1 0 0 1 0 0 0 0 0 0 -4 -2 1 -5 1 0 0 0 0 2 -1 0 2 0 -1 0 0 0 2 0 0 2 0
-1 -2 4 0 -3 0 0 4 0 0 0 1 4 0 0 0 -1 2 0 -5 2 0 0 0 27 0 0 0 0 4 0 0 0 0 0 2 4 0 3 -1 0 0 -2 1 2 0 -2 2 4 -4 -4 0 4 -2 -2 2 0 1 0 -2 0 0 -1 0 -3 0 -1 2 0 0 1 2 0 4 0 2 0 0 0 0 0 0 0 0 0 -1 0 0 -2 0 1 -2 -1 0 -3 0 0 0 2 0 2 0 0 0 0 -1 0 0 -1 0 0 -4 0 0 -1 0 -2 0 -1 0 0 -2 2 0 2 0 0 2 2 0 0 2 -2 2 -2 0 0 0 2 -2 0 0 0 -2 4 0 0 -1 0 0 -1 0 -1 2 0 0 1 -3 0 1 0 2 0 4 2 0 0 0 0 -4 -2 0 0 -3 0 -4 4 4 0 0 0 -2 2 0 1 0 0 0 0 0 -1 0 0 2 0 -1 0 0 0 0 1 0 0 4 0 0 0 1 1 4 -1 -2 -2 1 -1 0 0 0 0 0 0 -1 0 0 0 -5 0 0 0 0 0 -1 0 0 0 1 -1 0 -2 0 0 0 0 2 0 -2 0 0 3 0 1 0 2 0 0 6 0 0 -2 1 0 4 3 0 2 0 0 0 0 -2 2 -2 0 -4 4 0 0 0 -2 1 -2 -2 -2 0 0 0 0 4 2 1 -1 1 2 0 0 0 -1 -2 2 0 2 0 -2 0 0 0 0 -1 0 3
0 -2 0 0 -1 -2 0 -2 -1 0 1 -2 0 0 1 0 0 3 2 0 0 0 0 0 0 19 0 0 -1 0 0 0 0 -2 0 2 0 0 -1 1 0 -4 0 -4 1 0 2 0 -2 0 0 -1 1 0 0 0 2 -2 2 -1 0 1 0 0 0 2 1 0 -1 0 0 0 0 -2 1 -2 0 -1 0 0 0 2 0 0 0 2 0 -1 0 -1 0 0 0 0 1 -3 0 0 0 0 0 -1 -3 0 0 -2 -2 -1 0 1 0 0 0 0 2 0 1 0 0 1 0 0 2 0 -1 3 0 0 1 2 -2 -2 0 -1 -3 3 0 -1 0 0 -2 0 0 0 0 0 2 -2 1 2 1 0 0 -1 0 -1 -2 0 -1 0 0 0 0 0 -1 0 -2 1 0 0 -4 0 0 0 -3 -1 0 0 0 0 1 0 -2 2 -2 1 1 -2 2 -1 -1 2 0 0 -1 0 0 0 3 0 0 0 0 1 -2 -2 -4 0 2 -2 0 1 0 0 0 2 0 0 0 0 1 0 1 1 0 -1 1 0 0 -1 -2 -3 1 4 0 0 0 1 0 0 -1 2 2 -1 4 0 0 0 -2 0 -1 -1 0 0 1 0 1 0 0 2 -1 0 2 0 0 2 3 0 2 1 -3 2 -2 1 0 0 0 0 4 -4 0 0 0 2 -1 2 0 0 0 1 1 0 3 0 -1 0 1 0 -1 -3 0 0 0 -2 0 0 0 -1 0 -2
2 -1 2 0 -2 2 0 0 0 1 0 0 0 -2 0 0 -4 2 1 5 -1 0 0 0 0 0 23 0 -3 0 -1 0 0 0 0 2 0 0 -2 0 0 1 -2 0 -2 -2 2 2 4 0 0 0 0 4 0 0 -2 -1 2 0 0 0 0 0 0 0 0 0 0 -1 0 0 0 0 1 0 0 -4 0 2 -1 0 -2 0 -4 3 2 0 0 0 2 -2 4 0 0 -4 2 2 1 4 2 0 0 0 0 0 0 1 0 3 2 0 0 -1 0 0 0 -2 1 -1 2 0 3 0 0 1 0 0 -6 2 0 2 1 1 0 -1 0 0 0 1 1 0 0 -4 -4 0 0 0 0 2 0 0 -1 -4 0 -2 0 -2 1 2 0 6 2 -2 -1 0 0 0 2 -1 -1 0 0 0 1 0 3 2 -1 0 -1 0 0 0 0 1 -1 -1 -2 4 0 0 2 -2 2 1 0 3 -1 2 1 1 -1 -2 1 0 0 0 0 0 0 0 -1 0 0 0 -2 -5 0 0 -1 0 0 0 0 0 -3 0 3 0 0 0 4 -4 0 -2 0 0 0 0 -2 0 1 0 2 0 0 0 0 0 1 0 2 0 0 0 0 4 1 0 0 2 -2 -4 0 0 0 -1 4 0 0 2 2 0 0 0 0 1 0 0 0 0 2 2 0 -2 0 0 2 0 0 0 -2 0 0 0 1 0 1 0 0 0 0 2 0 0 -1 1 0 0
1 0 2 0 3 0 -1 6 -2 -2 0 0 0 2 0 -2 1 0 0 0 0 -2 0 2 0 0 0 26 0 0 0 0 0 0 0 0 -2 0 0 0 0 0 0 2 0 2 0 2 0 0 0 0 0 0 -1 0 2 -1 2 0 0 -2 0 0 1 0 0 0 0 2 0 -2 0 -2 2 -2 0 0 -2 -2 1 0 -4 -3 0 0 0 0 0 0 2 -2 0 2 2 0 1 1 0 -1 0 1 2 0 0 0 -1 -2 0 1 0 1 0 0 0 0 0 2 0 0 2 4 0 0 0 -2 0 -1 2 1 -2 0 2 -2 -2 0 -2 1 0 0 0 0 0 0 0 -1 0 1 1 0 0 0 -2 0 -2 0 0 -1 -4 0 -4 0 0 1 0 0 0 0 0 -4 0 0 0 0 0 4 0 -2 -1 0 0 -2 0 -1 0 0 0 -2 0 0 0 2 -1 0 -2 0 0 0 -2 -2 2 4 0 0 -2 0 0 0 0 0 0 -1 0 4 0 1 -2 0 4 -4 0 0 2 0 -1 0 0 0 0 2 0 0 0 3 0 0 3 0 -4 0 0 0 3 -1 4 1 5 2 -1 0 -1 0 0 0 0 -4 0 -1 -4 0 0 1 -3 1 -3 2 0 2 2 4 -4 3 0 0 0 0 -2 -1 1 0 0 0 0 0 0 0 0 -1 0 0 0 -2 -1 0 0 2 -1 1 0 0 -2 2 -2 2 -1 1 0 0 0 1
0 3 0 2 0 2 2 0 0 0 -2 -4 2 4 4 -1 6 -2 -1 4 0 0 0 -1 0 -1 -3 0 42 0 2 2 0 0 0 -4 -5 0 0 0 -4 2 0 -2 5 0 1 0 0 0 0 -2 0 -6 2 0 -2 2 0 2 0 -2 0 -5 -4 0 0 0 0 2 0 -2 0 2 6 0 -4 0 0 0 -2 -2 0 1 -6 2 0 -1 0 1 0 0 0 -4 0 0 0 0 -4 4 -1 2 -3 4 0 -4 1 0 0 0 0 1 0 0 0 -2 2 0 -1 -3 -1 0 -2 -2 -8 -6 -2 0 0 -4 1 -2 0 -6 0 0 2 0 2 0 -1 -4 0 -2 -2 -6 0 0 -4 -6 0 0 2 0 0 4 0 0 6 0 0 -1 -8 1 1 0 2 -1 0 0 0 4 -2 0 0 0 -2 2 2 -2 1 0 1 0 4 0 -4 0 0 -9 0 -4 0 1 -2 0 0 0 0 -1 -1 -4 1 0 0 0 -4 4 -4 0 0 2 0 0 3 -1 0 1 0 0 2 0 2 4 -2 2 0 -3 -2 1 -2 -2 2 0 2 0 0 -4 0 0 4 0 -1 -2 0 4 -2 0 0 2 3 0 -6 4 7 0 0 -4 -3 2 2 -4 4 4 2 -4 0 0 3 2 0 -2 2 -2 0 -2 0 4 -4 0 0 -2 0 -2 1 -2 -2 0 0 4 -4 0 6 -4 0 4 0 6 -5 0 0 3 -2 4 2 0 2 0 -2 -4
4 5 -4 -1 0 0 0 0 1 0 -2 2 0 0 4 -2 0 -8 5 0 0 0 0 0 4 0 0 0 0 51 -1 0 4 0 2 0 -4 -2 4 2 3 0 0 0 0 0 0 -1 0 0 0 0 -1 0 -4 -1 0 0 0 -6 -2 0 0 1 -2 6 0 2 0 0 -6 0 -4 0 0 2 -4 1 1 3 0 0 0 0 3 2 0 3 0 -5 2 -4 0 0 0 -1 -3 0 0 4 5 0 0 0 0 6 0 4 0 2 -1 0 2 -1 0 2 2 2 0 4 0 0 -2 -2 2 2 2 0 2 0 -2 0 1 2 3 0 3 0 0 1 0 -2 2 2 -4 1 2 0 0 4 2 0 -4 -1 1 1 0 -9 -2 4 -4 2 -1 -2 1 0 0 0 0 -4 3 0 -2 2 -4 4 0 -4 6 -4 2 -1 0 0 0 2 4 0 0 0 -4 0 0 6 -2 0 0 -4 -3 1 3 0 -2 1 -6 -8 0 0 -2 0 2 -5 -3 0 0 -1 0 2 0 0 0 4 -6 4 0 -4 -1 4 -4 0 0 -2 0 -2 0 2 1 -1 0 -2 2 -2 -4 0 1 5 2 2 0 -2 0 0 -4 -2 1 0 0 -1 -2 -2 -7 0 2 -2 0 -3 2 4 -4 -2 2 -3 0 -1 -8 2 -5 1 1 0 -1 -2 -4 0 -1 0 0 0 0 0 0 0 2 0 -5 0 -4 0 -6 0 1 1 0 -1 2 0 8 0 -4 0
-1 -2 0 -4 0 0 2 0 0 0 0 0 0 0 0 0 1 1 1 2 6 0 4 -1 0 0 -1 0 2 -1 42 0 1 0 2 3 6 3 0 -2 2 4 0 0 0 0 0 0 0 0 -2 0 0 2 3 0 0 2 0 10 1 0 -2 4 0 0 1 0 -2 0 0 0 0 -2 1 -1 0 -2 -1 -1 -2 -4 0 -1 0 1 4 -3 -2 0 -5 1 -2 0 4 2 0 -1 1 0 -1 -2 -2 4 0 0 4 -2 2 0 -2 0 1 -2 -2 5 1 0 0 0 -2 2 0 0 4 1 1 4 1 0 1 2 5 1 2 3 -1 0 -2 0 0 -2 -1 1 0 0 0 0 -3 -2 0 0 0 4 2 2 0 0 0 0 0 0 -2 4 -4 0 2 0 0 0 0 0 2 0 2 -3 0 -2 1 -2 -2 -2 -3 2 2 3 0 0 0 -2 6 5 0 0 0 4 0 0 2 0 0 0 4 0 2 -4 2 0 0 1 0 2 2 -2 -1 1 0 -1 0 0 2 -8 6 -1 1 -2 0 2 1 0 0 -4 -1 4 4 3 -7 0 0 0 1 1 -1 4 0 0 0 -2 3 1 -6 -1 0 -4 3 2 0 -2 4 2 1 -2 0 -1 0 0 0 0 0 0 0 5 0 -5 3 0 0 0 -1 -2 0 1 0 2 4 4 0 0 4 -2 2 4 2 0 0 0 0 -4 -4 -1 2 0 0 -4 -4 0 0 0 0 5
-4 -3 0 0 1 -1 1 0 0 4 0 -2 0 -1 0 -2 -1 0 0 -1 0 1 5 0 0 0 0 0 2 0 0 43 2 0 1 0 1 -1 0 0 0 4 0 1 1 1 0 0 4 1 0 0 -2 -1 0 0 4 4 -2 3 0 0 -3 -9 0 -4 0 0 -4 2 6 0 -6 0 0 0 -2 2 0 4 0 2 0 0 -1 0 0 2 0 -8 -4 -2 0 3 -1 0 -1 0 -2 -5 4 1 -4 -2 -6 0 0 1 -1 1 0 0 -1 -4 -2 -1 0 2 0 1 1 0 -4 1 -5 -1 0 4 0 0 -5 1 1 0 -6 0 0 0 0 -1 0 0 -2 -2 0 -9 -2 0 -2 0 4 0 0 6 0 1 0 3 4 -6 0 0 1 0 0 4 2 0 1 2 2 0 -3 -9 0 0 0 1 4 -5 2 -2 6 -2 5 -6 -9 -6 -1 0 2 -6 2 0 0 0 -2 0 -1 -3 -2 0 6 2 0 0 -3 -2 0 0 0 -2 -2 0 0 0 2 -6 2 0 2 -2 0 -1 0 1 0 -8 -1 8 0 0 -2 -6 -2 2 0 0 8 4 0 0 -1 -2 1 0 0 -3 -4 -2 -2 0 -2 6 0 -4 0 1 0 -1 2 -6 -2 4 0 0 0 -3 7 0 2 0 2 0 0 0 0 1 0 -2 5 1 0 -2 0 4 0 0 2 0 0 2 0 2 2 1 0 6 2 6 0 -1 -4 -4 0 0 -2 0 -5 0
0 2 0 0 0 -5 0 0 0 0 0 -2 -1 0 0 0 0 -2 1 0 2 0 2 0 0 0 0 0 0 4 1 2 21 0 6 0 0 0 0 0 2 0 0 0 0 0 0 0 0 -1 0 0 0 -1 0 0 0 0 -1 0 0 0 3 0 0 -2 0 2 -1 4 0 1 0 0 1 0 0 0 2 -2 0 0 2 0 0 0 4 4 0 0 0 0 0 0 0 1 -2 -4 0 2 4 0 0 0 0 0 0 0 2 0 0 0 0 -4 0 0 1 0 0 2 0 0 0 0 -3 0 0 0 0 1 0 0 4 2 2 2 2 0 0 0 1 2 2 0 -4 -2 0 0 -1 3 0 0 0 0 2 0 0 4 0 0 0 -1 0 -2 0 -3 4 0 0 4 2 -2 0 0 0 1 0 1 0 0 4 -2 0 1 0 0 3 0 0 2 0 2 0 2 0 2 0 1 0 -2 2 5 -1 3 0 2 0 0 2 0 0 -2 -4 -2 0 0 0 -2 0 0 0 -2 0 0 -4 0 0 2 0 0 -2 1 0 -4 0 1 0 -1 0 0 0 0 0 1 4 1 0 2 0 -1 -1 0 -4 0 0 0 0 0 0 0 0 -4 0 -1 0 0 3 4 -2 0 0 -2 0 2 1 1 0 0 2 0 0 1 0 0 2 0 0 0 0 0 2 0 0 1 -2 2 0 -2 0 -1 2 0 -2 -1 0 1 -4 0 -1 2
0 0 1 -3 0 0 0 6 0 0 -1 0 -1 0 3 0 4 0 -2 0 1 0 0 0 0 -2 0 0 0 0 0 0 0 25 0 -1 1 -3 0 0 -3 2 0 0 0 2 0 -2 0 0 2 -1 -2 -2 1 0 1 4 -2 -1 1 1 -1 0 0 -1 1 2 0 2 0 0 -1 0 -1 -2 1 0 -2 0 0 -1 -4 0 1 1 0 -6 0 1 -1 0 0 -1 0 0 0 0 -2 0 0 4 0 -2 -2 2 0 0 -4 0 0 -3 -2 0 0 0 0 0 0 9 0 0 0 2 -2 -2 -4 0 -2 0 4 2 0 -4 0 4 2 0 0 0 2 0 1 0 -1 -2 1 0 1 0 0 -2 0 -2 0 7 -2 -4 7 2 1 0 0 0 0 1 0 -1 0 -1 -1 -4 0 0 -1 0 -2 0 0 0 -1 -2 0 0 1 -2 -2 2 0 2 1 0 0 1 -1 0 0 -2 2 0 -2 0 -1 0 0 -1 0 -2 -3 3 -3 0 -1 2 0 -2 -2 -1 0 1 0 0 0 0 5 2 7 0 3 0 -1 -2 0 0 5 2 0 3 -1 0 6 0 0 -2 2 0 0 -1 0 0 -2 0 -1 0 -4 0 -2 -1 0 0 0 0 0 1 4 -2 -1 0 1 -1 0 1 1 -2 0 0 0 0 0 0 0 0 0 -2 0 2 0 -4 0 1 0 -1 1 0 0 -1 0 0 -1 0 0 1 0 2 0 1 -6 -2 2 -2
0 1 0 0 -4 -2 5 -1 1 1 0 -2 0 0 0 -4 -4 -2 0 4 2 -2 1 0 0 0 0 0 0 2 2 1 6 0 43 6 -3 0 -3 0 -2 3 0 -2 -2 0 2 0 2 -4 1 2 0 -1 2 2 4 -1 -1 -4 0 -4 -2 -4 -2 -2 0 2 -1 2 0 0 -4 -2 2 -2 -5 0 0 1 0 0 0 -2 -2 3 4 8 0 -2 -4 -3 0 0 3 2 -1 -4 0 -4 0 -2 -2 -1 -1 -1 0 -1 0 3 0 -1 0 -4 3 2 2 0 -2 4 2 0 3 -1 3 -2 -3 0 -1 3 1 1 1 1 5 -1 -2 -1 2 0 -3 1 1 0 -2 7 -1 -4 2 2 -2 0 -1 0 0 1 0 7 -2 2 0 0 1 0 -2 2 2 2 0 6 8 -2 0 2 -4 -1 0 -2 0 -7 2 1 0 0 -2 2 -2 1 1 2 0 0 1 4 2 5 -4 0 -2 2 0 0 0 1 -3 0 -2 -1 0 1 -1 -4 -1 4 0 1 0 -6 0 -1 0 0 1 5 -4 0 0 0 -1 0 -2 4 -4 -4 -1 0 3 -2 -2 0 -3 0 0 2 -2 -3 2 0 1 2 0 -2 0 0 -2 0 0 0 0 0 0 -2 5 -2 5 0 -3 2 1 0 -4 -3 0 -2 0 0 -1 0 2 2 -5 -4 0 1 0 -1 0 0 5 0 0 0 2 -1 0 -2 6 -1 -2 -1 0 -2 0 0 -1 0 0 2 0 0
0 0 1 0 -2 1 0 10 0 0 -3 2 -2 2 0 -4 0 0 0 2 0 -3 6 2 2 2 2 0 -4 0 3 0 0 -1 6 42 1 -4 -2 3 -1 0 0 0 0 0 0 0 0 0 6 3 0 -4 -1 0 -1 1 0 1 1 0 -8 1 0 0 -7 0 0 0 2 0 0 -4 2 1 -4 0 0 0 1 2 0 0 -2 0 0 0 -2 -6 0 -2 0 0 0 -1 -3 0 0 3 -2 0 0 2 1 -2 0 0 6 1 0 -5 0 0 0 0 2 1 0 1 0 2 0 0 0 2 2 2 0 -2 0 5 0 3 6 0 -2 -2 -1 0 -1 2 0 1 1 1 -1 0 2 0 0 0 -1 -3 0 0 2 -1 0 6 1 -2 0 -1 0 0 0 0 0 0 4 6 3 -3 -5 4 0 0 0 -2 0 -4 -1 0 0 2 0 0 3 1 -1 -1 2 2 2 -6 -2 0 3 0 0 0 1 2 -4 0 2 1 0 0 0 4 0 2 2 0 2 0 2 0 0 -1 1 1 0 2 0 1 1 0 0 1 2 -4 -1 -4 0 4 -4 0 0 0 -6 2 -2 0 2 -2 2 0 -1 1 -2 0 1 -3 0 0 0 0 -2 0 0 -1 4 4 -2 1 -1 1 4 2 0 1 4 0 0 1 1 1 0 1 0 0 -3 0 4 0 2 0 2 0 -4 -1 0 1 -2 -1 0 0 0 1 1 1 -2 4 -6 0 -2 2
0 0 4 -2 4 3 -6 2 1 0 3 6 1 -2 1 0 0 2 3 2 1 0 3 4 4 0 0 -2 -5 -4 6 1 0 1 -3 1 72 -3 2 0 4 -1 1 4 -1 2 0 0 0 0 0 0 9 -1 -4 0 0 2 4 0 0 7 3 5 -1 0 2 0 -2 0 -3 -5 2 -4 -5 -3 5 -10 1 7 -1 4 0 1 0 -3 0 -4 0 0 -2 2 -4 0 0 0 -2 1 -4 -4 0 1 3 0 0 2 -6 0 -4 0 -4 -2 2 -6 -3 -10 2 0 4 0 0 0 2 3 0 3 -3 4 2 -3 1 0 1 1 1 -4 -4 -2 -1 -4 -6 0 -4 -3 2 -2 0 4 4 0 0 0 0 2 0 -5 4 0 -1 2 2 4 5 -1 0 4 0 3 4 -2 -2 -1 1 0 0 5 3 6 0 -2 -1 0 -1 4 2 -4 4 0 -6 0 0 0 -1 0 0 0 0 2 1 0 -1 -4 5 0 -6 4 4 4 6 3 0 -1 -2 -2 0 0 2 -2 -2 3 0 -8 1 0 1 -6 0 1 7 0 2 -6 -3 1 7 0 -4 0 0 0 7 -4 4 -2 0 0 0 -1 0 0 -4 0 1 4 -1 0 -6 2 6 0 0 0 0 -2 -2 2 0 2 -1 -3 0 1 0 0 0 0 4 0 -4 0 4 2 1 0 0 6 0 0 1 -1 -3 0 2 0 0 -2 1 2 -2 0 2 -6 0 -2 -6 0 0 2 1 -1
2 -1 -1 0 0 0 0 0 0 -2 1 -1 -1 2 -2 1 -1 0 -4 2 -2 -3 -4 -1 0 0 0 0 0 -2 3 -1 0 -3 0 -4 -3 24 0 0 0 -1 -1 0 0 0 0 0 -1 1 -1 0 0 2 0 0 0 0 2 0 1 0 -6 0 2 0 0 0 0 1 4 0 0 -2 0 1 3 0 0 0 1 1 2 2 0 0 0 0 0 0 -2 -1 -1 1 -2 0 1 0 1 0 1 0 0 0 0 1 0 -3 0 0 0 2 0 -3 -1 1 0 0 0 -2 -2 0 0 0 -3 0 0 0 0 2 1 0 2 2 0 0 1 -1 -2 0 1 1 0 -1 0 -4 0 -2 0 0 0 0 -1 4 0 2 -2 0 -3 -1 0 0 -2 -2 0 -1 1 0 0 0 0 1 0 0 2 -5 2 0 0 0 -2 5 1 1 -1 2 1 0 0 0 3 0 -2 -1 -2 4 0 3 2 1 0 1 0 5 0 2 -2 0 1 1 -1 3 0 1 0 2 -2 0 4 0 0 -2 3 0 0 1 1 -2 1 0 2 -1 1 0 -1 7 -1 1 2 0 -2 0 0 2 -2 -1 0 -1 2 0 -1 0 2 0 0 2 2 2 -2 0 0 0 0 -2 0 -5 -2 2 0 1 0 -1 1 1 3 0 -6 2 0 0 -2 0 -2 -2 0 2 0 2 -1 -1 2 0 1 0 -2 0 0 0 0 0 0 -1 0 -2 0 -1 -2 0 3 2
-1 3 0 -5 0 0 0 -2 2 0 0 0 1 0 -1 1 0 0 -3 -1 2 1 0 0 3 -1 -2 0 0 4 0 0 0 0 -3 -2 2 0 25 -2 0 -4 -2 -1 -4 0 2 0 -1 0 0 0 0 -2 0 0 0 0 0 0 0 3 0 -2 0 2 0 0 0 0 0 0 -4 2 -2 0 1 3 0 0 -1 -2 0 -1 0 -1 0 0 0 2 0 -2 -2 0 0 -1 2 0 0 0 0 0 2 1 0 2 0 0 1 -2 0 1 -2 2 0 0 -1 0 2 1 -1 -2 2 -4 1 1 2 0 5 1 0 0 2 4 -3 0 -1 1 -2 1 -2 1 0 -4 1 -2 0 0 0 0 4 0 1 0 0 6 0 -4 5 1 4 3 0 0 2 0 0 0 0 -6 4 0 -4 0 2 1 2 0 0 1 2 0 0 0 1 0 0 0 0 -5 -2 2 0 4 0 0 0 4 0 -2 -1 0 0 0 2 0 2 0 1 0 -2 -3 1 0 0 -3 0 2 1 -1 0 0 2 -4 1 -3 -2 0 0 0 0 0 0 0 0 1 -1 0 3 0 -2 0 -2 0 -1 -2 0 -2 0 0 -2 0 2 0 0 -1 0 0 -2 1 0 1 -2 0 0 3 0 0 2 0 1 0 -1 0 0 1 0 1 0 0 0 0 -1 0 0 -4 0 1 -1 -3 -4 0 -1 0 4 0 0 0 -2 2 0 0 0 -2 0 0 6 0 1 0
0 0 -2 0 0 -4 2 2 0 0 4 0 -1 0 2 0 0 1 -2 2 0 -6 0 2 -1 1 0 0 0 2 -2 0 0 0 0 3 0 0 -2 28 2 -1 0 -1 -7 3 2 0 -3 0 5 1 0 0 -1 -3 2 0 0 0 0 0 -3 -1 -2 0 -2 0 0 -1 1 -1 0 -2 -1 3 0 0 0 0 0 0 0 2 0 0 -2 0 0 -4 1 0 2 1 -2 -2 -5 0 -2 9 -1 3 0 0 0 1 -2 -1 3 0 1 -2 -1 0 0 1 -1 1 2 0 1 -1 -2 1 0 2 1 0 0 -4 1 0 0 -2 0 4 4 0 0 0 -2 0 0 -1 0 -3 0 1 0 0 0 0 -2 0 0 0 -3 -1 -4 -1 2 -1 0 0 0 0 0 -3 0 0 0 2 0 2 0 0 2 -4 -1 0 4 -1 2 1 0 1 -4 0 1 -2 0 -1 2 1 -1 0 -1 0 1 -7 -3 0 2 -1 0 1 0 0 2 0 0 2 0 0 0 2 0 0 2 -1 -1 0 2 2 -1 0 0 0 0 0 0 0 0 -4 0 0 1 4 -4 0 0 -2 1 0 0 4 0 -3 2 -1 2 4 0 0 0 2 1 -1 0 -1 -4 2 4 0 0 0 0 1 0 1 0 2 -5 0 0 0 -1 -2 2 0 -2 0 2 0 0 0 0 -3 -2 6 1 -1 -2 0 0 -1 -4 0 0 1 0 -2 -2 0 -2 0 0 3 -2 0
0 1 0 -4 0 -1 -3 2 0 -4 -1 0 1 0 0 2 2 0 -1 1 4 0 0 0 0 0 0 0 -4 3 2 0 2 -3 -2 -1 4 0 0 2 39 4 0 1 0 1 0 0 -2 1 0 2 0 1 1 -1 0 -3 -2 -4 2 1 0 4 0 4 2 0 0 -4 0 0 0 3 2 -1 4 0 3 3 0 0 -2 0 1 -1 0 2 4 0 2 2 0 2 0 0 1 0 0 -1 0 0 0 4 0 0 0 0 0 0 -2 0 1 -4 0 0 6 -1 1 -4 -1 -2 0 4 3 2 0 0 3 -2 0 1 0 4 5 -4 0 0 0 0 2 0 -2 0 1 0 0 2 -1 4 1 -1 0 0 0 2 2 0 -8 0 -1 -2 0 0 1 2 2 -2 0 0 -2 0 2 2 1 2 2 3 0 7 0 0 -2 -1 4 4 0 0 -4 -4 -6 0 4 -1 -4 4 0 0 1 -8 0 0 1 4 0 -5 0 3 2 0 4 -3 -1 0 0 0 0 -4 0 0 -1 0 -7 -4 6 0 5 1 0 -1 -1 2 -2 2 0 -1 4 0 -1 0 0 0 0 0 -6 0 -1 4 -1 0 0 -1 0 0 0 -1 8 0 2 -2 0 -1 -2 0 -2 0 1 2 1 -4 -1 1 1 0 -2 4 -2 0 -2 0 -1 2 2 0 1 -2 -1 0 4 0 0 -1 0 0 3 1 -2 0 2 -2 0 0 0 -2 0 0 8 2 -4 4
2 0 0 0 -2 2 5 0 -2 -2 0 -2 -4 0 2 -6 1 -6 0 1 7 2 0 0 0 -4 1 0 2 0 4 4 0 2 3 0 -1 -1 -4 -1 4 50 0 3 3 -4 -4 2 2 0 0 -4 -1 0 2 -4 -2 -6 -2 3 0 0 2 -1 2 0 0 0 -2 0 2 0 -2 -6 0 0 0 0 0 -2 1 -3 2 0 2 0 0 2 1 -4 -2 0 -4 6 3 1 -2 -8 -1 -1 0 -1 2 -4 -6 0 0 1 0 0 0 -2 0 -4 1 5 0 1 0 -5 -1 -2 -2 7 -6 -2 -1 0 2 -1 1 0 0 3 2 0 -1 0 0 -3 -2 3 6 4 2 0 4 4 -4 6 0 -4 0 4 2 1 0 0 3 0 0 0 0 -2 0 0 0 0 1 4 0 0 1 0 2 1 3 4 2 0 0 -4 0 -3 -4 3 -1 -5 0 10 -4 -2 1 -2 3 1 0 0 -2 0 2 0 0 0 3 6 0 0 -4 0 0 4 2 4 0 -2 0 -4 0 2 -1 4 -2 0 4 -1 0 3 2 0 0 2 1 0 -2 3 0 -2 0 0 -2 0 0 8 0 2 2 5 4 -1 1 0 -2 0 -2 0 -2 0 1 -5 1 -2 -2 -2 -6 -2 1 0 0 -3 0 1 1 0 0 0 1 2 0 0 1 0 0 0 2 -2 0 -1 0 3 -2 0 0 2 1 1 0 0 4 -5 2 -4 0 0 1 1 0 -2 0 6
-2 2 2 2 0 0 0 0 0 0 2 0 0 2 3 0 0 0 0 0 0 -2 0 0 -2 0 -2 0 0 0 0 0 0 0 0 0 1 -1 -2 0 0 0 18 0 0 1 0 -2 0 0 0 0 0 -1 2 0 2 -1 0 0 -2 1 0 0 0 0 0 -2 1 1 0 2 -3 0 0 0 0 0 0 0 0 1 0 0 0 0 0 -2 0 4 0 0 0 0 -2 0 0 0 0 0 0 0 -1 0 0 0 1 0 2 0 0 0 2 1 0 0 -2 0 -1 0 -2 0 0 2 -1 -2 0 0 -1 -4 0 2 -2 -2 0 0 0 -3 0 0 -4 0 0 0 -1 1 2 -2 0 0 2 0 -2 -1 0 -4 0 0 -1 0 -2 -4 2 -2 0 0 0 0 0 1 1 0 3 1 0 0 0 0 1 0 1 0 0 0 -4 -1 0 1 0 0 0 0 -2 0 0 0 -2 -1 -1 0 0 6 1 2 0 0 0 0 0 0 0 -2 1 0 0 0 -4 0 4 0 1 0 0 2 0 0 0 0 0 0 0 0 0 0 0 2 0 0 0 0 4 0 0 2 -4 0 -2 1 0 0 1 0 0 0 2 0 -4 0 0 0 4 0 0 0 0 -3 0 0 0 0 0 -1 0 0 0 0 -2 0 1 0 0 0 1 -2 0 5 4 4 0 -2 0 0 0 0 0 0 -1 0 0 0 -1 0 0 0 0 0 1 2 0 0
2 4 -2 0 0 5 -1 4 0 -1 0 2 -5 1 0 0 3 2 -8 0 0 -3 0 -4 1 -4 0 2 -2 0 0 1 0 0 -2 0 4 0 -1 -1 1 3 0 40 2 5 -2 0 5 -2 0 3 0 1 -2 -3 3 0 2 1 0 1 1 0 -3 0 0 0 0 5 1 -3 5 2 0 0 -1 0 0 0 2 4 0 0 1 -4 0 5 -5 -3 -2 -1 2 0 -4 0 0 2 0 0 2 2 4 0 0 0 1 2 -5 0 0 -1 0 -2 0 -2 -2 1 1 4 -1 0 -1 1 -2 -1 -2 0 4 -2 0 3 0 10 0 -2 -2 -1 0 1 0 0 -2 0 0 0 -4 10 -3 2 -2 0 0 0 0 0 1 0 0 0 0 8 0 0 0 0 -4 0 1 1 -2 0 0 0 -4 1 2 3 0 0 2 0 0 0 8 -1 -6 -2 0 0 -2 0 -1 0 4 0 0 1 -1 0 0 -8 0 0 0 -4 0 0 0 0 4 0 0 0 0 -4 0 0 0 -4 -2 0 0 0 0 2 0 1 6 0 0 0 0 0 -1 0 0 0 -1 0 -2 0 1 0 0 -2 -1 0 -4 0 -2 0 -4 0 -4 0 -1 0 -2 1 0 -2 -2 1 -2 -3 0 0 -4 -2 0 -1 1 0 0 0 1 -5 0 0 -2 -2 0 -3 0 0 4 3 2 4 0 0 -4 2 0 2 -3 2 0 -1 3 1 0 0 -1 0 0 -2 0 0
6 0 2 1 -3 0 -1 1 0 -2 -4 1 -1 -1 0 0 0 2 2 0 1 8 -3 0 2 1 -2 0 5 0 0 1 0 0 -2 0 -1 0 -4 -7 0 3 0 2 44 0 -2 0 -2 0 -3 0 0 0 0 0 0 6 -4 -5 0 0 -1 2 7 0 0 -6 0 0 2 1 0 4 2 -3 2 2 1 1 1 0 1 -2 0 2 0 -1 -4 0 3 3 0 2 2 4 3 -2 8 -2 2 2 -3 -3 0 0 2 -5 -2 1 0 0 0 0 2 -2 1 0 0 0 1 -2 4 2 0 -2 1 0 0 -6 -1 -1 0 -2 0 0 -5 0 0 0 0 -1 1 4 0 0 2 -1 2 -4 0 0 0 2 0 1 -2 1 0 -2 0 -3 -5 1 0 0 0 1 0 4 0 0 -1 -4 -2 -4 1 2 2 0 0 1 0 0 -1 1 -2 -4 1 -4 2 0 -1 1 -1 -2 1 2 0 -1 1 0 0 2 0 -1 -1 0 0 0 0 6 0 0 -10 3 0 8 0 1 3 0 0 -6 0 -2 0 2 0 0 1 -2 0 2 0 3 1 -2 2 0 0 2 -1 -3 -1 2 4 4 -3 0 0 4 0 -1 -1 -1 0 -4 0 0 2 -2 3 1 -2 2 0 1 0 3 0 -4 5 1 0 0 0 1 -3 0 2 -1 0 -4 0 0 -3 2 4 0 0 1 1 0 0 2 0 0 0 0 0 0 2 2 0 0 0 -2 -2 0
0 0 0 -2 0 -2 0 -2 0 -1 2 0 0 2 3 -2 0 0 -4 -1 4 1 4 0 0 0 -2 2 0 0 0 1 0 2 0 0 2 0 0 3 1 -4 1 5 0 48 -1 -7 -6 -2 0 3 0 0 -1 6 9 5 1 3 0 -1 -1 0 0 4 0 2 5 0 -1 -1 2 2 0 0 -2 0 0 0 -1 0 -6 -1 0 -1 0 4 2 4 -2 -1 0 0 0 0 0 6 2 8 0 0 -4 3 0 3 0 -2 -4 -1 2 0 2 -1 -2 -4 -4 2 2 4 2 0 -4 1 2 0 0 0 6 0 0 1 2 0 0 0 4 -1 2 0 -3 0 -2 1 0 0 0 -4 -2 4 1 0 0 -4 0 3 -1 2 0 2 3 10 1 2 0 0 -2 4 0 1 0 4 2 0 2 1 4 0 0 4 0 2 0 2 1 -2 0 9 -1 0 -4 2 -5 -1 -2 0 -4 2 1 0 0 -2 0 0 -3 -2 -2 1 0 0 -4 2 1 0 0 0 3 -4 0 -2 6 -2 -3 1 -4 0 2 -2 2 -2 -2 1 0 0 0 -1 2 -2 -1 0 -1 0 0 -5 0 4 0 -4 0 2 -1 4 0 0 -2 0 4 10 -2 0 -5 0 1 6 -1 -6 -2 1 1 0 1 0 2 1 -2 -1 0 1 0 -2 0 0 -4 -2 0 0 0 -2 -4 -2 3 -5 -1 0 -1 0 0 2 1 -2 -1 4 -2 1 2 0 4 -4 0 0
0 -4 1 2 -1 0 0 0 4 2 0 0 0 0 4 1 0 6 0 -2 0 -4 2 0 -2 2 2 0 1 0 0 0 0 0 2 0 0 0 2 2 0 -4 0 -2 -2 -1 33 0 2 0 0 1 2 0 0 0 -2 -4 0 2 0 0 0 0 -2 0 0 0 0 0 -2 0 0 -4 0 0 0 -4 0 0 -2 0 0 0 -2 0 0 -2 2 -1 -2 0 2 0 0 4 0 1 -4 1 0 0 -6 -2 0 0 -2 0 2 2 -3 1 5 0 0 0 -2 0 -1 4 0 4 1 -1 0 4 0 0 0 0 1 4 0 -9 0 0 0 0 0 -2 -1 2 4 0 0 0 0 2 0 0 3 0 1 1 0 0 1 0 5 0 -2 4 0 -1 1 0 0 2 0 0 0 0 0 4 0 2 2 -4 0 0 0 0 1 2 -1 0 2 3 0 -4 -2 0 0 0 1 0 -2 0 4 0 0 0 0 0 -1 -8 0 0 4 0 2 0 2 0 1 0 0 -2 2 0 0 0 0 -1 0 0 0 4 1 0 0 -2 2 4 2 2 0 0 0 0 4 0 0 1 0 -1 0 0 0 0 0 0 1 0 0 0 0 -2 0 4 0 2 0 1 0 0 2 -1 5 0 0 5 0 0 0 0 0 -2 8 0 4 0 0 -2 0 -2 0 -2 -4 0 2 0 2 0 0 -1 0 0 0 0 0 0 2 2 0 0 2 5 0 -2
-2 -3 0 0 0 0 0 1 -1 -4 -4 1 -2 1 2 -4 -2 -2 -3 -2 3 1 -2 1 2 0 2 2 0 -1 0 0 0 -2 0 0 0 0 0 0 0 2 -2 0 0 -7 0 35 -4 0 0 0 3 0 0 0 -4 -2 0 0 0 0 0 -3 0 0 3 1 -4 2 -3 0 0 -2 4 0 0 -1 0 0 1 4 0 -2 -1 -2 0 0 0 1 0 0 0 3 4 0 0 -4 4 0 0 0 0 0 0 0 0 -6 4 1 2 -5 2 -4 -2 -2 0 -1 -2 0 0 -3 4 0 2 2 0 0 -2 2 -1 0 -1 2 0 0 2 2 0 0 -4 0 4 0 0 0 0 1 0 0 2 2 -2 1 -5 -5 0 3 0 -1 0 1 0 -2 0 0 0 0 0 0 -2 0 -2 0 -6 1 -1 0 0 0 0 -1 0 0 -2 6 0 -3 0 0 -4 -2 5 2 0 0 0 2 -1 0 2 -2 0 1 0 0 -2 -1 2 0 0 0 -2 0 0 3 -4 0 -1 1 -2 0 0 0 0 -2 -1 2 0 0 1 1 0 0 -2 0 -2 -1 -2 2 -2 2 0 -4 1 0 0 1 0 1 -2 1 4 0 0 -2 0 2 -2 2 0 0 0 -2 -1 3 0 -1 -2 0 -1 0 0 2 0 0 0 1 0 0 1 0 4 0 0 2 -4 2 2 4 -1 1 1 4 1 0 1 0 1 0 0 -2 0 0 0 0 -5 2 2 0
0 0 3 0 -4 0 0 6 0 0 0 0 -3 0 -2 0 0 2 -1 -2 -3 -3 0 0 4 -2 4 0 0 0 0 4 0 0 2 0 0 -1 -1 -3 -2 2 0 5 -2 -6 2 -4 34 -4 0 -4 -2 0 2 0 3 0 0 0 0 0 0 -1 0 0 0 0 -4 0 4 1 0 0 0 2 0 -4 0 1 0 0 0 0 -5 0 0 0 0 -3 -2 -2 6 -3 -2 0 0 2 -4 -4 0 -1 0 0 0 0 0 6 0 -2 0 -1 0 0 2 4 0 0 -1 0 1 0 2 0 1 0 -2 0 -4 0 0 0 0 0 0 2 -4 0 0 -1 0 0 0 -2 0 4 -3 -2 0 -2 -4 0 0 0 0 2 0 0 0 4 0 4 0 4 2 0 0 0 -2 0 0 0 0 -1 2 2 -2 0 0 -4 0 2 2 -1 0 -1 0 -2 2 6 0 0 0 0 6 6 -2 2 0 3 -4 0 0 4 4 0 2 0 0 0 -1 -5 0 0 0 -6 0 -4 0 0 -2 0 0 0 4 0 0 -2 1 0 -1 0 2 0 0 2 4 0 -1 0 0 -2 0 2 0 0 0 0 -2 0 0 0 2 2 0 -2 -2 0 -2 1 2 0 -3 -1 -2 -5 0 -2 0 -5 -1 2 1 0 0 0 0 -1 0 0 0 -1 -1 0 0 0 0 0 6 3 0 0 -1 0 2 0 1 0 -1 4 0 0 0 0 0 -2 0 0 1 2
0 -2 2 0 4 1 0 0 0 0 2 0 1 1 0 0 -2 0 0 3 0 1 0 -2 -4 0 0 0 0 0 0 1 -1 0 -4 0 0 1 0 0 1 0 0 -2 0 -2 0 0 -4 29 -1 0 0 -1 0 -4 -4 -1 2 2 -2 0 -2 0 1 -1 0 1 -2 1 0 0 8 2 1 0 2 0 0 0 0 0 -2 -1 -2 -2 0 0 2 -2 -2 3 0 0 4 1 0 -4 0 1 0 0 0 1 0 0 0 0 0 5 2 4 0 -2 0 0 0 0 0 -4 -2 0 0 0 -3 -1 0 1 0 1 -2 0 0 0 -1 0 0 0 3 0 0 -1 0 -1 0 -3 2 -4 0 -3 0 2 0 1 0 -1 0 -2 0 0 4 -8 1 -2 -3 0 0 -4 0 -2 -1 0 0 0 0 1 0 3 0 0 0 0 -2 0 3 0 -1 0 -2 0 0 0 -2 2 -1 -4 -4 6 0 2 0 0 0 4 2 -2 2 1 0 -1 5 2 2 -2 -1 0 2 1 0 0 1 -1 4 0 0 0 0 -3 -4 -1 7 1 0 0 -1 0 2 1 0 0 -2 0 0 -3 0 0 4 0 0 0 0 0 0 0 0 0 -2 1 1 0 -1 1 -1 -1 0 0 0 0 0 2 3 0 -2 -2 3 1 0 1 0 0 0 0 0 0 -4 0 0 0 0 -2 -4 -1 1 2 0 -2 -1 0 1 2 0 0 0 2 2 0 1 -4 0 0
0 2 0 0 0 -2 0 4 0 0 4 0 0 1 0 8 0 0 0 0 0 -6 0 0 -4 0 0 0 0 0 -2 0 0 2 1 6 0 -1 0 5 0 0 0 0 -3 0 0 0 0 -1 25 0 0 0 0 4 2 0 0 0 -1 -2 -2 0 0 0 -2 -2 0 0 0 -2 0 1 0 0 -2 0 0 0 0 1 -2 1 2 0 0 0 0 0 0 0 0 0 0 0 -4 0 -2 0 -2 0 0 0 2 4 0 1 4 2 -2 -1 0 0 1 0 -2 0 0 2 0 -4 -2 0 0 1 0 -3 0 -4 0 0 -2 0 0 0 4 0 1 0 0 1 0 -1 -4 -2 0 0 0 0 0 0 0 0 0 0 -4 1 -2 0 -2 1 0 -2 0 4 -3 -2 0 1 1 4 1 -2 0 -4 -2 -3 0 0 1 1 0 -4 0 0 0 -2 -2 0 -2 0 0 -2 1 0 1 0 3 0 -2 0 -2 1 0 0 0 -2 0 -1 0 2 4 0 1 0 -4 0 4 1 0 0 0 0 0 0 0 4 0 0 0 0 0 -4 2 0 -1 -6 0 0 0 -6 0 -2 0 0 0 -4 0 0 -4 0 0 0 -4 -2 0 1 0 0 0 -6 1 1 0 0 0 0 0 -2 0 2 -2 2 -4 0 2 0 0 0 -2 0 0 0 -1 -2 0 -2 0 0 -1 2 -6 -1 0 -2 0 0 -2 0 0 0 0 2 0 0 -2 0 -2 -4
0 0 2 -1 0 3 -1 -2 0 0 0 0 0 -3 2 -1 0 2 0 0 1 0 0 0 0 -1 0 0 -2 0 0 0 0 -1 2 3 0 0 0 1 2 -4 0 3 0 3 1 0 -4 0 0 28 0 1 -6 0 4 3 -3 0 -2 0 -2 0 0 0 -4 -2 4 -1 -2 2 -2 0 0 4 0 0 0 0 -2 1 0 -2 0 0 0 0 0 1 0 0 4 0 0 2 -2 4 4 1 2 0 -4 0 -2 0 0 -4 2 1 0 1 0 0 -2 -4 0 -1 -1 4 1 0 0 0 -1 -2 4 2 0 0 1 -2 0 0 2 0 6 -1 0 -1 -1 -2 0 0 0 1 -2 2 0 -6 0 0 1 0 0 -3 1 0 4 -1 3 1 0 3 0 0 -4 -1 0 1 2 -2 0 -3 0 0 2 0 0 1 4 4 1 0 0 0 0 6 -2 -1 1 0 0 2 -2 2 0 0 2 0 0 2 0 0 -6 -1 -6 0 0 2 -2 2 -2 2 -1 0 0 -2 0 2 0 -4 -2 0 -2 -1 2 3 0 1 4 0 0 1 2 -1 0 0 0 0 2 2 0 0 -2 -2 -1 0 -4 0 4 0 2 0 2 -1 0 0 0 0 0 0 0 0 4 0 0 1 2 2 -1 -1 -4 -2 4 0 0 -4 -4 0 0 0 0 0 1 -2 0 -1 -3 -4 0 -2 0 1 0 0 0 -3 0 0 0 0 0 -1 0 0 0 0 -1 -4
0 0 0 0 0 2 0 0 1 0 0 3 4 2 2 0 -2 4 -1 -4 2 0 -2 2 4 1 0 0 0 -1 0 -2 0 -2 0 0 9 0 0 0 0 -1 0 0 0 0 2 3 -2 0 0 0 21 0 2 0 0 -2 0 -3 0 -1 4 0 -4 0 1 0 0 1 -3 2 0 0 0 0 0 -4 0 3 0 -2 1 -1 0 -1 0 -1 0 2 2 0 0 1 -1 1 0 0 0 2 0 -3 0 0 -2 0 0 1 2 0 -4 -4 0 0 0 -6 -2 2 0 2 0 1 2 0 0 -1 0 0 -2 0 1 2 0 -1 2 0 -2 0 2 0 1 0 2 1 0 -1 6 0 1 0 2 0 2 2 0 -1 0 2 0 -1 2 0 1 0 2 -2 0 0 0 -4 0 0 0 0 -1 1 5 0 0 2 0 0 0 6 -3 -2 4 0 0 -2 0 0 0 0 -1 0 0 1 2 0 -1 0 0 0 -2 -2 0 0 2 6 0 0 2 0 1 1 -2 -2 0 0 0 -5 -1 2 -2 -2 -2 3 1 0 -1 2 0 0 -3 -4 -2 -2 2 4 -3 1 0 0 0 2 0 -1 4 0 -1 0 0 0 -1 0 0 1 0 2 -1 0 -1 0 0 2 0 2 0 0 0 0 0 0 0 -1 2 -1 -1 0 0 0 0 -3 0 -1 0 0 0 0 1 0 0 -2 0 0 0 4 0 0 0 0 0 2 0 0 1 1 0 -1
2 -7 0 0 1 1 -1 -4 -2 1 0 -1 -1 -4 2 0 1 0 1 -2 0 -4 -4 0 -2 0 4 0 -6 0 2 -1 -1 -2 -1 -4 -1 2 -2 0 1 0 -1 1 0 0 0 0 0 -1 0 1 0 42 0 0 2 -1 -2 3 -2 2 2 0 0 0 0 0 -1 1 3 0 0 0 0 0 0 0 2 0 0 0 2 0 0 -2 0 0 2 -2 0 0 1 0 0 2 1 0 12 2 2 0 -1 0 2 1 0 0 0 2 -2 0 0 -2 1 0 1 -1 1 -4 1 0 4 -1 -4 1 1 0 2 1 0 0 -2 3 1 0 0 -2 2 2 2 0 0 0 -1 -1 0 1 -2 4 4 -2 -4 -2 0 -1 0 1 1 -1 2 0 5 0 -1 2 0 -3 -4 4 -3 2 -2 4 4 -4 -2 0 -2 1 -2 1 0 0 -2 0 6 0 1 8 2 5 2 -4 0 2 0 2 -1 0 2 -2 -1 0 0 -2 0 2 -5 0 0 4 0 -2 -1 -1 -4 -1 1 1 2 -4 -1 0 0 0 2 4 0 0 -2 1 0 1 0 4 -1 1 0 -1 0 2 2 5 0 -2 -2 -1 0 0 3 0 0 -6 -2 2 0 4 2 0 0 1 0 -2 -4 0 0 -1 3 -4 -4 1 -1 2 -6 0 0 0 0 1 2 0 0 4 0 -2 0 0 0 -1 0 4 -4 -1 0 1 2 -1 2 0 0 1 3 2 0 0 6 -1 2 2
-1 0 -2 -2 -1 -1 0 3 0 0 0 0 -1 0 0 0 -1 -2 -4 0 0 0 -2 -2 -2 0 0 -1 2 -4 3 0 0 1 2 -1 -4 0 0 -1 1 2 2 -2 0 -1 0 0 2 0 0 -6 2 0 28 0 -1 -2 -2 1 -2 0 0 1 4 0 0 -2 -3 0 1 -1 -1 0 1 1 -2 0 -2 1 0 0 -2 1 0 1 0 -2 -6 0 0 0 -2 0 0 3 0 -2 -2 0 -4 -3 2 0 1 0 2 2 2 0 0 0 2 0 2 4 0 -2 0 -1 1 0 4 -1 2 -2 -1 -2 -1 0 0 3 0 -3 -3 0 -2 -1 -2 2 0 -6 -1 0 -1 3 1 -1 -1 2 0 0 0 1 2 3 0 0 -2 0 2 0 0 4 0 1 2 -4 0 0 1 0 -2 -1 0 2 -1 -2 2 -2 1 -2 0 2 0 0 0 -3 1 1 2 -1 0 0 -1 0 -2 0 -1 2 -2 0 3 0 3 0 1 -1 1 0 0 -1 1 0 0 -1 0 -3 0 -1 0 -1 0 0 2 4 1 -5 4 0 -1 -3 0 -1 4 -1 -3 0 -1 4 -4 1 0 2 -2 0 -1 -6 3 1 -2 0 0 0 -4 0 2 0 0 6 2 0 -4 -1 -1 -3 -3 -2 0 0 0 -1 0 -2 0 0 -1 0 -2 1 0 0 -1 2 1 -1 0 2 3 2 0 -1 -1 0 -1 0 1 2 0 0 -3 0 2 2 -2 0 0 2 0 2
0 1 1 -1 1 -2 3 -2 0 1 -3 0 1 2 -5 1 -4 0 0 2 0 0 4 2 2 0 0 0 0 -1 0 0 0 0 2 0 0 0 0 -3 -1 -4 0 -3 0 6 0 0 0 -4 4 0 0 0 0 35 0 -1 2 -2 -1 -3 -4 0 0 -1 0 4 0 0 0 -2 -3 0 0 -1 0 0 4 0 0 0 -4 0 -1 0 1 0 2 3 0 0 0 -1 2 0 0 0 -2 1 0 1 0 0 2 1 0 0 0 0 -3 1 1 0 0 -3 -1 0 -1 0 -2 0 0 -3 0 2 0 1 8 1 4 1 1 -2 0 0 -1 2 4 1 2 0 0 0 -2 0 -2 2 -1 0 -1 0 2 -1 0 0 0 3 0 -2 0 4 -1 0 -1 5 0 2 1 0 0 2 0 0 0 4 0 0 0 -1 2 0 -4 -4 0 3 0 5 -2 0 3 0 0 -1 -1 0 0 -6 1 0 -4 0 0 0 2 -1 0 -2 -1 4 -1 0 0 -4 -4 2 1 3 0 0 4 0 2 -2 1 2 0 8 0 2 -4 0 0 0 0 4 -2 -3 0 0 2 -4 -4 -2 0 2 3 -5 0 1 -2 1 4 -2 0 -2 4 -1 0 0 -1 -2 0 0 3 2 0 0 0 3 -4 -2 -1 0 1 0 3 1 -2 2 -2 0 -1 0 4 0 0 0 0 0 1 3 1 0 0 -3 3 -1 0 0 1 4 -2 -2 4 0 0 -2 -1 2
-6 -5 0 -2 -9 -2 0 2 -4 3 0 0 -1 0 0 4 0 1 0 0 0 0 0 0 0 2 -2 2 -2 0 0 4 0 1 4 -1 0 0 0 2 0 -2 2 3 0 9 -2 -4 3 -4 2 4 0 2 -1 0 37 2 -4 0 0 0 0 1 0 -4 3 -4 0 0 0 0 -6 0 2 2 0 0 4 0 0 0 0 0 0 0 0 2 0 0 -4 -3 0 0 2 -2 0 0 1 1 -1 4 -2 0 0 2 0 0 0 4 0 0 1 0 0 0 -2 0 -1 3 0 -2 -10 0 0 0 1 0 4 1 -4 0 0 0 0 0 0 -4 4 0 -2 0 0 0 3 8 2 0 3 -2 6 0 0 0 0 -2 -2 0 -4 4 0 0 0 0 1 1 -2 0 0 2 0 2 4 -4 1 -4 2 0 0 0 0 0 4 3 0 0 -1 4 0 4 0 4 -4 0 1 4 0 4 1 0 3 0 2 4 -2 0 0 -1 2 0 -4 -1 -2 6 2 0 -2 -1 2 -2 2 0 0 0 1 0 0 -1 0 0 0 1 -4 -2 2 -2 0 -2 2 0 0 0 0 4 0 0 1 -2 0 0 -1 2 0 2 -2 0 -1 0 -2 0 -1 0 0 2 -4 0 -1 -6 0 1 -2 0 0 -1 0 0 0 -1 0 0 -2 0 -2 4 0 0 0 0 0 -2 2 -1 0 -3 0 1 0 1 0 6 -1 0 0 0 0 -2 4 -2 -2 -3
1 -2 8 -4 2 0 -1 0 3 0 1 -4 2 0 -2 0 4 0 -3 0 -2 -2 -1 0 1 -2 -1 -1 2 0 2 4 0 4 -1 1 2 0 0 0 -3 -6 -1 0 6 5 -4 -2 0 -1 0 3 -2 -1 -2 -1 2 43 0 3 0 0 -1 1 0 4 0 2 0 0 2 0 0 -2 3 3 0 0 0 5 0 -2 -1 -3 -1 1 0 3 -2 -2 4 2 3 -2 0 1 0 9 2 -2 3 -2 -6 -1 0 1 -1 2 -2 -1 -2 1 0 0 1 2 0 -1 0 0 -2 0 0 0 0 -2 1 0 0 -4 0 0 2 -3 -2 -1 4 0 -2 0 0 0 1 0 1 -4 -2 -2 4 -7 2 0 -1 1 1 3 0 -3 2 0 1 0 -2 1 1 -1 0 2 0 -1 2 0 0 0 1 -1 0 -4 0 0 0 4 0 -1 -2 0 -2 5 2 -4 2 0 1 2 1 0 -2 3 2 -2 3 -3 6 1 1 1 0 0 1 1 -4 2 2 0 0 4 2 4 -1 -1 0 -6 -3 -6 7 -2 6 2 2 0 0 3 -3 -2 4 0 0 4 6 0 8 1 0 -2 -2 4 -2 -4 -3 0 -3 2 0 0 -1 0 -2 3 0 0 0 -2 0 0 4 -6 -4 -1 3 -3 2 1 0 1 -3 -2 0 3 -1 2 -6 0 0 -6 3 -1 1 0 0 -4 7 -1 3 -2 4 2 3 2 -1 0 -3 5 -2 0 0 -1 -6 -4 -2 -1
6 -2 2 0 2 -6 0 2 0 -2 1 -2 0 -4 -8 1 2 0 0 2 2 0 0 0 0 2 2 2 0 0 0 -2 -1 -2 -1 0 4 2 0 0 -2 -2 0 2 -4 1 0 0 0 2 0 -3 0 -2 -2 2 -4 0 40 0 -3 0 0 0 2 2 0 -1 -4 0 0 -4 9 0 2 0 1 1 0 0 2 3 2 0 0 5 0 -5 0 0 2 -1 0 -3 2 0 -1 0 2 0 1 2 -4 0 4 0 -2 -1 -4 -1 -2 4 0 -2 0 0 -3 0 0 0 -2 0 2 -3 3 1 2 0 5 0 0 -4 0 -2 0 2 0 1 0 -1 6 0 -2 0 0 -2 -3 0 -1 -3 0 4 2 0 0 0 0 2 0 0 2 5 0 0 0 0 0 0 0 0 0 0 2 2 0 0 4 4 -2 -2 -3 0 -2 -4 -3 -1 0 0 0 0 -2 2 2 -2 1 -2 0 0 -2 -4 0 -2 0 -1 2 1 0 3 1 0 1 -1 2 -6 8 0 0 -4 -1 0 0 0 0 -1 -2 0 -3 0 2 0 0 -1 1 1 0 0 3 0 -1 0 0 2 0 0 2 4 3 -4 0 0 -2 0 0 -1 -4 2 0 0 1 0 -2 0 0 1 1 0 -1 6 4 -2 0 0 2 0 0 2 0 2 2 0 0 0 -1 0 0 -4 2 -6 0 0 -1 0 6 -2 -2 -2 -2 2 -2 1 0 2 0 -4 -1 0 -2 4 1 -2
0 1 0 -4 0 1 2 4 -1 0 0 1 -1 -8 -5 6 1 -5 2 -4 -4 2 6 0 -2 -1 0 0 2 -6 10 3 0 -1 -4 1 0 0 0 0 -4 3 0 1 -5 3 2 0 0 2 0 0 -3 3 1 -2 0 3 0 48 0 0 -2 4 -2 -2 0 2 1 0 -1 0 2 -8 -2 -1 0 0 1 -4 4 0 -2 0 -2 0 4 6 -4 -4 -8 1 -2 0 -2 0 0 4 -8 0 4 -2 -8 3 0 2 0 0 2 1 0 0 0 0 0 0 0 1 0 -6 -1 1 0 0 -3 1 0 0 0 0 0 1 0 0 0 -2 0 0 0 0 0 6 0 -4 1 0 1 0 -3 -2 0 1 1 0 -2 4 -2 -1 2 0 0 0 0 0 -2 -2 0 2 1 -1 0 0 0 2 1 0 0 -5 0 -1 0 -4 -4 2 2 -2 -2 4 4 2 0 10 -1 0 0 4 -6 2 1 1 0 0 -1 -2 2 2 0 2 0 -1 -1 -1 -1 1 6 0 4 0 0 0 2 -4 2 0 0 1 1 -4 -2 -1 1 1 0 4 -1 1 -4 -1 -1 1 -1 0 1 0 -3 0 0 -2 2 2 -4 5 -2 -4 0 2 4 2 0 -1 0 -2 0 1 -2 2 -1 0 0 0 0 4 -2 6 5 -4 0 3 0 0 4 -1 0 1 -3 -1 1 -3 -12 0 1 3 0 0 -1 5 0 2 0 0 0 1 0 -4 0 0 -4 2 0 1
0 0 0 1 2 0 0 0 0 0 0 -1 0 2 0 0 0 -2 -4 0 0 0 0 0 0 0 0 0 0 -2 1 0 0 1 0 1 0 1 0 0 2 0 -2 0 0 0 0 0 0 -2 -1 -2 0 -2 -2 -1 0 0 -3 0 25 0 -2 -3 0 7 0 0 0 2 -1 0 0 3 0 0 0 0 1 0 4 -2 0 0 0 -4 0 1 0 0 1 4 0 0 2 0 2 0 -2 -1 1 0 0 0 -1 1 2 -1 0 -2 -3 -1 0 0 -1 0 1 2 1 0 -2 0 6 2 2 1 -6 0 0 0 0 -2 2 3 2 0 -3 3 1 2 0 0 0 2 -2 2 -1 0 3 0 0 0 -2 1 -1 0 0 0 0 2 0 0 1 0 2 0 1 0 0 0 1 -1 0 -1 -2 2 0 0 2 4 -3 0 0 -2 0 0 0 0 3 1 1 -1 0 0 0 0 0 -2 -1 -1 0 -4 -2 2 0 2 0 -2 2 6 0 1 2 0 0 0 0 -2 4 -4 -2 0 0 4 0 2 0 -2 0 -2 -2 0 2 0 -1 0 5 -3 0 0 1 -2 0 0 -2 1 2 0 0 2 0 1 -3 -2 0 0 0 -1 0 -2 -1 0 0 -1 4 -2 0 0 0 1 -2 2 1 -1 -1 0 -2 2 0 0 0 2 0 0 0 2 2 2 0 0 1 0 0 1 -2 -1 0 1 3 0 -2 1 0 2 -6 0 0 -2 1 2
0 -4 0 -3 0 1 -2 0 -1 0 1 0 -1 -4 0 0 2 0 0 0 2 0 0 0 0 1 0 -2 -2 0 0 0 0 1 -4 0 7 0 3 0 1 0 1 1 0 -1 0 0 0 0 -2 0 -1 2 0 -3 0 0 0 0 0 23 1 0 2 0 0 0 0 5 0 5 -2 0 -3 2 4 0 1 0 0 1 0 3 0 -1 0 0 0 0 1 0 0 2 0 0 4 0 1 0 0 0 -1 1 -1 -2 0 0 -2 1 1 0 0 0 0 0 1 0 1 0 0 0 0 0 -1 0 -4 0 0 -2 0 -2 0 2 1 0 -4 0 -1 0 -2 2 0 1 0 -4 0 0 1 -4 1 0 1 4 0 -2 4 -1 4 0 0 0 1 -1 0 -2 0 -4 0 -2 -2 3 -2 -3 1 -1 0 0 1 1 -2 2 -2 3 1 1 4 0 1 0 0 2 0 0 -4 0 2 2 0 0 1 0 0 1 0 1 0 0 0 0 -2 0 0 -2 0 2 0 -1 0 2 0 1 2 -1 1 0 0 -2 6 0 1 1 0 1 -1 0 0 1 0 0 -2 2 -1 -1 0 -2 -1 -1 0 0 2 0 3 0 0 0 -2 0 -3 0 1 0 1 0 0 1 0 -4 -2 -2 0 1 0 -1 0 2 -1 0 0 0 0 0 2 4 0 -2 0 1 0 2 -3 0 0 0 -1 1 -2 -2 0 0 4 1 0 -10 0 -1 1 1 -1 -4
-1 0 0 0 2 1 -2 -4 0 1 2 2 -1 -2 0 4 2 0 3 1 3 -1 -2 0 -1 0 0 0 0 0 -2 -3 3 -1 -2 -8 3 -6 0 -3 0 2 0 1 -1 -1 0 0 0 -2 -2 -2 4 2 0 -4 0 -1 0 -2 -2 1 45 2 0 1 9 0 0 4 -1 2 0 2 2 1 2 -6 -1 2 0 0 2 0 0 0 0 0 -2 1 3 -1 0 0 0 0 0 0 4 0 0 -4 0 -1 0 0 2 2 -2 0 0 6 0 -2 2 -2 0 2 2 2 -3 1 0 0 -7 2 0 -1 0 0 -2 -1 -4 0 2 4 0 0 0 4 0 0 0 7 1 1 2 -2 0 0 1 1 1 0 0 0 0 0 0 0 0 -1 0 -2 0 -7 -2 -2 0 0 -3 -4 -1 3 1 4 2 6 0 1 2 -3 6 1 -1 -2 1 2 0 0 -3 4 2 -1 4 1 3 6 -8 -2 2 0 -1 1 0 -1 0 -2 1 1 4 -6 0 0 1 0 -2 -2 -4 1 0 -5 -8 6 -4 -2 0 4 4 0 -2 2 0 4 0 3 -1 -2 2 2 0 0 0 1 0 1 -1 4 -2 0 0 0 0 0 0 3 -1 5 -4 0 0 -1 0 -1 -2 2 0 1 -4 0 0 1 -3 -1 2 0 6 -1 0 0 -3 -2 0 -4 1 -4 0 -2 0 0 2 1 3 -1 2 -1 -2 0 0 0 4 -3 -2 2 0 -2 0 2 -2 -4
-1 -2 0 -4 0 0 0 0 0 0 7 2 0 0 0 2 -2 -2 0 0 -4 3 -6 1 0 0 0 0 -5 1 4 -9 0 0 -4 1 5 0 -2 -1 4 -1 0 0 2 0 0 -3 -1 0 0 0 0 0 1 0 1 1 0 4 -3 0 2 43 4 0 0 -1 0 0 -2 1 0 -4 0 0 0 -2 1 1 5 -4 0 0 6 0 2 3 -1 4 -1 2 0 -3 0 0 -1 4 -4 2 1 4 3 -3 6 2 -1 0 3 0 -1 0 4 -4 0 1 2 -1 0 0 3 2 -7 0 6 0 0 0 2 2 0 5 1 2 2 0 0 0 1 -1 0 4 0 2 2 6 2 3 -4 0 2 -2 2 1 -3 -2 0 -1 -3 2 0 1 0 4 1 1 0 0 2 4 0 -4 2 0 -1 0 0 1 0 -1 0 4 -4 2 2 10 3 4 -2 2 2 9 0 0 2 3 0 0 0 1 -1 2 -5 2 0 -2 2 -2 0 0 1 2 0 0 0 -2 2 0 2 -2 -2 2 2 -6 0 -1 0 0 2 0 1 -3 4 2 2 -2 -1 6 -3 0 6 1 0 1 0 0 0 0 1 1 1 2 -4 -4 2 0 0 2 4 -1 -3 2 0 1 -2 8 -2 -1 -2 0 1 0 -2 0 0 0 0 2 0 2 -5 4 0 -2 0 0 4 0 -2 0 -2 -1 0 4 -2 0 0 -3 -2 -1 -2 0 3 0 1 0 2 -3 -3 1
0 -2 0 -2 0 1 0 0 0 0 6 0 -7 0 -2 0 -1 -3 0 5 2 6 -1 -2 -3 0 0 1 -4 -2 0 0 0 0 -2 0 -1 2 0 -2 0 2 0 -3 7 0 -2 0 0 1 0 0 -4 0 4 0 0 0 2 -2 0 2 0 4 40 0 0 -1 0 -5 3 0 0 2 -1 0 2 2 1 0 1 4 0 0 0 0 0 0 -3 0 2 2 -2 6 3 -6 -2 0 2 0 0 -1 2 2 0 2 -1 -2 -1 0 0 0 0 2 4 3 2 -2 0 0 1 0 -2 -1 4 0 0 0 2 0 -2 0 1 3 -2 0 -1 -1 -4 2 0 3 -1 4 2 -2 -2 -2 0 0 0 0 0 0 0 1 1 0 -2 -3 0 0 1 6 -2 3 -2 0 0 4 0 1 -2 -2 4 2 -4 3 -1 0 0 2 0 -2 4 0 0 -2 -1 2 1 6 -2 1 1 0 0 2 0 -2 1 0 0 3 0 0 5 0 2 -2 -4 4 0 0 -2 -1 0 1 0 -2 1 -2 0 0 2 -2 0 -4 -4 0 0 -4 0 1 1 0 -1 1 0 0 -4 0 0 0 2 -4 1 -3 4 0 0 0 -2 0 0 0 0 0 -2 0 -2 0 -6 1 0 4 -4 0 0 0 0 -2 -6 1 1 2 0 0 1 0 2 0 -1 -2 0 0 0 3 2 0 2 0 2 -2 1 0 0 4 1 -3 -8 0 0 -6 -2 0 -1 -1 0 0
7 4 0 0 0 0 0 -4 0 -4 1 -4 0 0 -2 0 0 -5 -4 0 0 0 0 0 0 2 0 0 0 6 0 -4 -2 -1 -2 0 0 0 2 0 4 0 0 0 0 4 0 0 0 -1 0 0 0 0 0 -1 -4 4 2 -2 7 0 1 0 0 32 0 -1 0 0 -3 0 2 2 1 1 2 0 0 0 0 0 0 0 0 -2 -2 0 2 -1 8 2 0 0 0 0 0 2 0 1 0 -2 -2 1 0 7 -2 0 0 -2 -4 1 0 4 0 0 -2 0 4 0 -1 0 4 0 2 5 0 0 0 0 2 -1 0 -3 2 0 3 0 0 0 0 0 0 0 0 0 0 0 0 0 -4 0 0 0 0 0 0 -2 -2 2 0 0 0 0 2 0 0 2 0 0 1 1 0 4 0 1 2 2 6 0 0 2 -4 -2 4 0 0 0 -2 2 0 0 0 1 1 0 0 -4 2 -1 2 0 0 1 1 2 0 0 1 4 -6 5 0 0 0 0 0 1 -2 -2 -2 0 0 0 2 -6 0 0 0 -2 0 2 2 2 0 0 2 0 2 0 -1 -6 0 -2 0 10 3 -4 0 0 0 0 0 -6 0 0 0 5 0 0 -6 0 0 -2 0 -8 0 2 0 0 0 0 0 2 -5 2 -6 0 -1 0 0 0 0 0 0 0 0 0 0 0 5 0 -1 0 4 -2 0 0 0 0 0 3 0 0 0 0 2 0 0 0
0 0 1 0 2 0 2 -4 0 0 -2 0 -1 0 0 4 -2 0 1 0 0 -3 0 0 -1 1 0 0 0 0 1 0 0 1 0 -7 2 0 0 -2 2 0 0 0 0 0 0 3 0 0 -2 -4 1 0 0 0 3 0 0 0 0 0 9 0 0 0 28 4 0 0 0 -2 0 0 1 0 0 0 0 1 0 0 1 0 1 0 0 0 0 0 0 1 0 1 0 0 0 0 5 -1 0 0 -2 0 0 -2 -1 0 -2 0 0 0 1 -2 0 0 -1 0 -1 -1 0 -2 0 0 0 0 0 0 1 0 0 0 4 2 0 2 2 0 0 2 2 -1 -1 -2 -1 2 3 0 2 -2 -2 1 -2 2 0 0 -2 6 0 1 2 0 0 -2 0 2 -1 0 4 -2 0 -4 1 3 -2 -1 1 0 0 -2 2 1 4 0 4 1 0 0 0 0 1 -2 2 0 0 -3 0 4 -7 0 0 0 1 0 0 1 1 -1 -4 0 0 -4 0 2 0 0 -3 0 -5 -2 0 1 -6 -2 -2 0 -2 0 0 1 0 1 0 -1 -1 2 0 -2 2 -1 -4 2 2 1 0 0 0 1 0 0 -2 0 2 0 -2 0 0 -2 2 0 0 0 -1 -2 0 0 0 0 0 -4 0 2 -1 -1 0 0 0 0 -1 0 0 1 0 -4 0 0 -2 0 1 0 0 2 4 0 1 -1 0 0 0 0 0 0 -4 0 0 0 -3 1 1 -2
-1 -5 0 0 0 0 2 0 0 0 -1 0 0 0 0 -1 0 -1 0 -2 -2 0 4 -4 2 0 0 0 0 2 0 0 2 2 2 0 0 0 0 0 0 0 -2 0 -6 2 0 1 0 1 -2 -2 0 0 -2 4 -4 2 -1 2 0 0 0 -1 -1 -1 4 52 -2 2 0 1 2 0 0 0 0 -1 1 0 0 -2 -6 0 -1 -2 2 7 0 1 0 1 0 0 -2 0 0 6 0 0 -1 -4 0 -2 -2 -2 1 3 0 -3 0 0 -2 -4 -5 0 -2 0 4 0 1 0 0 0 0 -2 0 1 6 1 0 8 -1 0 0 2 1 0 0 0 0 0 -2 0 -3 -2 0 4 0 1 0 0 -2 0 -4 1 2 0 0 0 0 5 4 -6 -1 0 0 4 0 -2 -2 -1 2 3 6 0 0 5 -2 0 -2 -3 0 0 0 -3 0 3 0 0 0 0 0 0 -1 1 4 1 4 5 -2 0 0 1 1 -1 0 -1 -4 4 -1 -1 -2 0 2 0 0 -1 0 3 1 -1 -4 0 -2 2 0 1 3 0 -3 0 0 0 -1 2 -4 -2 0 0 0 0 0 2 4 0 0 -2 -1 1 2 -5 0 1 0 0 1 0 -1 0 -8 3 0 0 0 2 1 1 -2 -12 -1 4 0 -1 1 0 0 1 1 0 0 -2 -5 -4 4 -2 0 4 0 0 5 0 5 -2 0 0 1 -3 1 0 0 0 -2 0 0 0 4 -1 6 3
2 5 0 4 0 5 0 -4 0 0 0 1 0 0 -1 0 1 0 1 -2 1 0 0 1 0 -1 0 0 0 0 -2 -4 -1 0 -1 0 -2 0 0 0 0 -2 1 0 0 5 0 -4 -4 -2 0 4 0 -1 -3 0 0 0 -4 1 0 0 0 0 0 0 0 -2 24 0 -1 2 -2 0 0 0 2 0 -2 2 4 -1 1 0 0 -2 0 2 0 0 0 0 0 0 0 -1 0 0 4 2 0 0 2 5 0 0 2 0 2 0 2 0 2 1 1 -6 1 0 4 1 1 0 -1 -1 0 1 0 -2 -2 0 0 0 0 2 -1 -2 4 0 0 0 0 0 -8 0 1 2 4 1 2 3 -1 0 1 -2 4 0 0 0 -4 2 0 -2 0 2 0 1 0 0 0 -1 1 0 0 -6 4 0 0 0 0 0 1 0 0 0 2 0 1 2 -2 -7 0 0 2 -2 -4 -2 0 4 0 1 0 2 1 0 -5 0 -3 0 0 -1 1 0 0 0 0 2 2 -2 0 0 0 0 0 0 -4 0 -2 0 -1 -4 0 1 0 0 1 -2 2 -5 0 -3 0 0 0 -3 0 -1 -2 0 0 0 1 0 0 0 2 0 0 0 0 0 0 0 0 3 0 -2 0 0 0 0 -4 0 0 -2 1 2 0 0 0 0 -2 -2 -1 1 -3 0 0 2 -4 0 2 0 -2 -4 0 0 0 4 0 -1 0 0 0 1 0 0 0 2 0 -2
0 -2 -1 0 2 -4 2 0 0 0 0 -4 -2 3 1 0 0 -1 -4 -4 2 -7 5 -3 0 0 -1 2 2 0 0 2 4 2 2 0 0 1 0 -1 -4 0 1 5 0 0 0 2 0 1 0 -1 1 1 0 0 0 0 0 0 2 5 4 0 -5 0 0 2 0 42 1 2 -2 1 -3 -4 2 0 0 0 2 0 0 2 -2 0 0 0 0 0 -6 -2 4 -2 0 -2 0 -1 4 0 0 -2 0 0 -1 0 1 -2 0 2 2 -2 -1 -2 1 -3 3 1 0 2 -3 2 0 4 -5 -2 -6 0 0 -2 -1 0 0 0 0 0 -3 1 5 3 0 2 -1 3 0 -5 0 8 2 0 4 0 0 1 2 -1 0 -4 0 0 -4 -2 -4 -2 0 0 6 -3 0 5 1 0 1 -2 -5 2 -4 0 0 0 2 -1 0 -5 -2 -2 0 2 3 4 0 0 -4 0 1 0 0 2 0 9 1 -4 1 4 0 -1 -1 -2 -7 0 6 0 0 0 0 1 0 -1 2 0 2 0 -1 0 -1 1 0 0 14 0 2 1 0 -4 -1 5 -3 0 0 0 0 3 -1 0 4 0 -2 2 -6 4 0 0 -2 -1 0 0 0 0 -3 2 2 -2 -2 0 4 -2 0 4 -2 0 0 -2 0 0 1 -4 -1 0 0 0 -2 -1 -5 -2 0 0 0 3 4 2 -2 0 0 0 0 1 -1 0 0 0 4 1 -2 0 -2 0 -1 -1 2 -4
-3 1 -5 0 0 -4 2 2 2 2 1 -2 2 0 -1 0 1 5 -5 0 -2 -1 -1 1 1 0 0 0 0 -6 0 6 0 0 0 2 -3 4 0 1 0 2 0 1 2 -1 -2 -3 4 0 0 -2 -3 3 1 0 0 2 0 -1 -1 0 -1 -2 3 -3 0 0 -1 1 34 0 0 0 0 -2 4 0 -4 2 0 1 1 -2 1 -1 1 0 -1 -1 1 -1 0 0 1 -4 -2 1 -2 -1 7 0 2 2 2 -1 0 -2 -3 -1 2 2 -3 0 0 4 0 2 0 0 0 -2 0 -1 -3 -1 2 0 0 0 1 -2 0 0 -4 0 -2 0 0 0 0 1 2 -2 3 -4 -2 0 -3 0 -2 0 0 0 0 1 -1 0 0 -1 0 0 -2 0 0 0 0 0 -4 -1 0 0 -3 -2 1 0 2 2 1 0 4 -1 0 0 0 0 4 -4 1 0 2 -4 0 -4 0 -2 0 0 2 1 -3 -2 0 4 4 0 -1 0 6 3 -2 0 4 1 1 1 -2 -1 2 1 0 -3 4 -1 1 0 2 -3 0 0 1 2 2 0 1 6 2 -1 5 1 -1 1 0 4 0 0 0 0 1 -2 -1 0 0 2 0 0 0 0 0 0 1 0 -2 1 1 6 0 -2 7 0 0 -2 0 2 4 0 -1 0 0 0 0 0 0 0 0 0 0 1 4 1 -1 0 1 0 3 2 -2 0 3 0 0 -3 2 -2 0 2 0 -1 0 1
0 -1 0 1 -2 0 -1 -2 -2 1 0 0 2 0 -3 0 0 -1 0 -2 4 0 0 2 2 0 0 -2 -2 0 0 0 1 0 0 0 -5 0 0 -1 0 0 2 -3 1 -1 0 0 1 0 -2 2 2 0 -1 -2 0 0 -4 0 0 5 2 1 0 0 -2 1 2 2 0 28 -4 0 0 -1 1 0 0 1 0 -2 2 0 0 0 2 -1 -1 0 -1 1 -2 -2 -1 0 4 0 0 4 4 -4 -1 -1 0 -2 1 0 2 0 -1 0 0 2 0 -4 -2 4 0 2 0 1 0 0 -1 0 2 1 -3 0 0 -2 0 -2 4 0 0 1 0 -1 -3 0 0 4 1 0 4 -2 1 1 0 0 2 -2 0 0 4 0 0 0 0 -5 0 0 0 -4 -4 0 -2 -4 0 2 0 -2 -1 0 -1 -1 1 4 -1 2 -3 5 1 1 0 -1 0 2 0 1 -1 1 -1 0 0 0 0 4 0 4 0 1 0 -4 0 1 -3 0 -2 0 -2 0 2 0 0 0 0 2 -2 1 -2 1 0 0 0 1 0 -2 0 5 1 -2 -2 0 7 0 1 4 0 2 0 -4 1 0 1 1 -2 0 0 2 1 -2 5 2 0 4 -2 1 -2 2 1 4 3 3 1 -4 -3 0 0 0 2 -2 1 0 0 -2 0 0 0 0 2 0 0 -4 0 -2 0 0 0 -4 1 1 2 2 1 -4 1 -1 5 -2 0 2 -2 0 0 7 1 7
2 6 -2 5 4 0 0 2 0 0 0 -1 0 0 -3 0 0 0 -2 0 0 2 -2 0 0 0 0 0 0 -4 0 -6 0 -1 -4 0 2 0 -4 0 0 -2 -3 5 0 2 0 0 0 8 0 -2 0 0 -1 -3 -6 0 9 2 0 -2 0 0 0 2 0 2 -2 -2 0 -4 30 0 0 0 0 -2 0 0 0 2 0 0 0 0 0 0 0 -2 2 1 0 -1 -1 0 0 0 0 4 0 0 2 0 0 -1 0 4 -4 0 -1 2 -4 -4 0 0 -2 0 0 0 0 2 1 3 0 2 0 0 5 0 2 -1 0 -4 2 0 -1 0 -2 0 4 -1 -1 0 0 -5 -2 4 -1 -4 -5 4 0 -4 0 0 0 2 -2 0 -4 4 2 1 0 0 0 0 2 0 -3 0 4 7 4 -4 0 0 -1 0 -1 0 -2 0 0 6 2 0 -2 0 -1 0 0 -1 -1 -4 2 0 0 -1 0 -6 0 0 0 1 0 2 0 0 4 1 4 -4 0 0 2 4 -3 2 0 0 2 4 -1 0 0 -2 0 -2 4 4 1 3 -1 0 0 0 -1 0 -4 0 2 0 2 0 0 1 0 0 -2 0 0 -4 -4 4 -1 1 0 0 -2 0 0 1 0 2 0 -2 0 2 2 1 0 0 0 2 1 0 0 0 0 0 -2 1 -4 -5 0 -4 0 0 8 0 -2 0 0 0 0 0 2 1 0 1 0 4 1 0 0 -1 3 0
0 -1 -1 0 0 -1 -4 0 0 1 0 0 3 0 6 2 0 0 0 0 2 0 0 -1 4 -2 0 -2 2 0 -2 0 0 0 -2 -4 -4 -2 2 -2 3 -6 0 2 4 2 -4 -2 0 2 1 0 0 0 0 0 0 -2 0 -8 3 0 2 -4 2 2 0 0 0 1 0 0 0 38 -1 0 -2 4 0 0 0 -3 -2 1 -2 2 0 0 2 2 4 0 0 -1 1 0 3 6 4 0 0 1 -4 2 -1 0 4 1 -2 0 0 -2 -1 2 1 0 -2 2 0 -2 -1 -2 6 0 0 0 4 -4 0 2 0 2 -6 0 -2 4 -1 4 0 0 0 -2 0 0 -3 1 0 0 8 0 0 0 -2 0 0 0 0 0 -4 0 -1 0 0 2 0 2 -2 0 0 0 0 0 0 -4 4 0 0 9 -2 -2 1 -4 0 0 6 -4 0 -4 -2 0 0 0 0 2 0 0 -2 0 0 0 0 0 0 2 6 0 -2 0 0 0 2 2 2 -1 0 0 0 0 -1 -2 0 0 -3 5 0 3 0 0 -4 0 0 2 2 2 0 0 7 -3 0 0 2 0 -1 -2 0 -2 -2 -1 1 2 2 0 0 0 2 0 0 0 -2 0 0 0 -2 1 4 1 2 0 1 1 0 -8 0 0 0 4 0 0 0 -4 0 0 0 0 0 -2 0 6 4 0 -2 0 -2 0 0 -4 -4 -2 -4 0 0 1 0 0 -4 0 5 -2 0 -2
2 2 0 -3 0 1 0 0 0 -1 -2 2 1 0 2 0 0 -1 0 3 -2 0 0 -1 0 1 1 2 6 0 1 0 1 -1 2 2 -5 0 -2 -1 2 0 0 0 2 0 0 4 0 1 0 0 0 0 1 0 2 3 2 -2 0 -3 2 0 -1 1 1 0 0 -3 0 0 0 -1 24 0 -1 -1 0 0 1 3 0 0 0 0 0 0 2 -1 0 0 1 -2 2 4 2 0 2 3 0 -2 -2 1 0 -4 0 0 -1 0 0 0 0 0 -1 -1 1 0 2 1 -2 0 -2 -6 2 -2 0 0 1 0 0 2 0 1 1 2 6 0 0 0 -2 -1 0 1 0 1 0 -4 -1 1 0 1 2 0 0 0 0 0 6 0 0 0 0 3 0 0 0 1 0 2 0 -2 2 0 -2 2 1 5 0 0 1 -2 0 0 2 -2 -7 0 -2 0 0 -1 0 1 0 1 0 0 0 0 0 2 0 1 2 0 -1 0 -4 0 1 0 0 0 3 0 -1 1 0 -1 0 -2 1 0 -1 0 0 0 -2 0 -2 2 4 -1 1 -1 4 0 0 0 2 0 1 0 -2 2 2 4 0 0 -1 0 1 0 0 0 -5 -2 -3 0 0 0 2 1 -2 0 -3 -2 0 -1 0 1 2 -2 1 1 0 3 0 0 -4 0 -1 3 0 -4 -2 2 1 0 0 0 1 0 1 0 1 0 0 -1 2 2 1 2 4 0 2 -3 -1 2
-5 0 -3 0 1 0 1 1 -1 0 1 0 0 0 0 0 0 -4 0 1 -1 -2 0 0 2 -2 0 -2 0 2 -1 0 0 -2 -2 1 -3 1 0 3 -1 0 0 0 -3 0 0 0 2 0 0 4 0 0 1 -1 2 3 0 -1 0 2 1 0 0 1 0 0 0 -4 -2 -1 0 0 0 35 2 6 0 1 -2 0 -1 0 0 -2 -4 2 0 -1 1 -1 0 0 -2 2 -2 -2 0 0 -2 -2 -1 0 0 1 0 2 2 0 1 0 0 0 0 0 -2 1 0 1 0 -3 0 -2 4 -2 1 2 0 -6 0 5 0 0 -1 0 2 -4 0 1 0 0 0 1 0 0 -1 0 2 0 -4 0 0 4 1 0 0 -1 -1 0 8 0 0 6 1 0 0 -1 0 -2 3 1 -1 -2 0 -4 -5 -2 0 0 0 0 7 -3 -1 2 6 0 0 0 2 -1 0 2 -5 0 -2 2 1 0 2 0 0 -3 0 0 0 0 2 2 1 -4 3 2 -2 6 -4 -2 0 0 0 0 -2 0 2 -2 0 0 -4 0 0 1 0 -3 0 -1 0 -2 2 0 1 0 -2 4 -4 0 0 -1 1 0 3 1 2 1 0 2 0 1 -1 1 0 0 2 0 0 0 0 -1 -2 0 0 0 -6 0 2 0 0 0 -1 0 -1 1 0 0 -1 0 2 0 0 0 4 -4 -1 0 -3 0 1 0 2 0 0 1 -1 8 0 -1 -2 1 -1 -2
0 0 0 0 4 -1 -2 0 0 0 0 0 0 -2 -6 4 2 0 -5 -4 1 3 0 0 0 0 0 0 -4 -4 0 -2 0 1 -5 -4 5 3 1 0 4 0 0 -1 2 -2 0 0 0 2 -2 0 0 0 -2 0 0 0 1 0 0 4 2 0 2 2 0 0 2 2 4 1 0 -2 -1 2 32 -1 0 0 0 0 2 0 -1 -3 -2 -1 0 0 0 0 -4 -1 0 0 0 -2 0 0 1 -2 0 0 -2 2 0 -4 1 0 0 2 0 2 0 1 0 0 2 0 0 0 1 1 1 0 -1 -4 1 0 3 0 2 2 0 0 -1 0 -2 -2 0 0 0 2 2 2 0 0 2 0 0 0 0 4 0 0 0 -1 0 -2 0 -4 0 0 0 -2 4 -2 0 -1 -4 0 -2 0 0 0 0 0 -2 4 -3 3 0 2 -1 0 6 0 0 0 6 -2 -4 -1 -2 2 1 -1 0 -2 1 0 0 2 0 0 -3 5 2 0 -2 -3 0 0 0 4 0 -1 0 2 1 -4 0 -2 0 -2 0 1 1 -8 2 -1 -2 0 2 0 0 0 2 0 8 2 -3 -6 0 0 0 0 0 0 0 0 0 1 0 0 -1 0 0 1 -2 0 -1 1 -1 1 -2 0 0 -2 0 1 0 2 -1 0 2 -2 0 0 -4 0 0 0 2 2 0 -1 -5 0 1 0 0 2 4 -2 0 0 2 3 0 0 -4 0 1 -1 -2 0 0 -2
0 2 -2 1 -2 2 0 0 0 0 -1 -4 -1 0 0 -3 -2 0 -1 -2 0 0 -3 0 0 -1 -4 0 0 1 -2 2 0 0 0 0 -10 0 3 0 0 0 0 0 2 0 -4 -1 -4 0 0 0 -4 0 0 0 0 0 1 0 0 0 -6 -2 2 0 0 -1 0 0 0 0 -2 4 -1 6 -1 36 0 -4 -2 1 0 0 4 2 0 -1 1 0 0 0 -2 2 0 -2 2 -4 0 -2 2 0 0 0 0 0 2 -2 -2 0 0 0 1 -2 0 -2 0 0 1 0 2 0 -2 0 0 -2 0 -4 2 -6 -2 4 1 -5 0 4 0 0 0 0 0 4 0 0 0 0 -4 0 -2 2 4 -4 -2 1 0 1 -6 1 -1 0 2 -8 -4 0 2 0 0 -1 -2 0 2 0 0 -2 -3 -6 -4 0 2 0 0 -5 2 -1 0 -3 0 0 0 0 0 2 0 -2 -5 0 -1 0 0 0 -1 0 4 -4 0 2 -2 0 -2 -4 -1 -5 0 -1 0 1 -4 4 0 0 3 4 -3 -4 1 4 -1 -1 -2 0 0 -2 -4 -3 -2 4 0 -1 2 0 -4 0 0 2 -4 -2 0 0 0 0 0 0 -1 -1 -2 0 0 -1 0 0 4 -3 1 -1 0 1 -1 4 2 -1 -1 -4 3 1 -1 1 0 2 -2 0 4 0 1 0 -1 -2 -6 0 2 0 -4 0 1 0 -1 2 0 0 0 0 0 0 0 4 2 1 -4 1 2 0
0 0 4 0 2 0 2 0 -7 0 -1 0 0 -4 0 2 0 0 0 3 5 0 0 0 0 0 0 -2 0 1 -1 0 2 -2 0 0 1 0 0 0 3 0 0 0 1 0 0 0 0 0 0 0 0 2 -2 4 4 0 0 1 1 1 -1 1 1 0 0 1 -2 0 -4 0 0 0 0 0 0 0 23 -4 0 0 0 2 0 0 0 2 0 0 0 0 0 0 0 2 0 0 0 0 -1 0 -1 1 -2 2 0 4 0 0 0 2 0 0 0 0 -2 0 0 -2 -1 0 0 2 1 1 2 0 2 0 0 0 1 6 1 -2 0 0 5 2 0 0 0 0 -1 0 0 2 0 0 4 -1 0 0 -2 0 0 2 0 0 0 2 2 2 0 -4 0 0 0 4 0 0 0 0 2 0 0 1 0 0 -4 1 -2 0 0 1 0 0 0 4 0 2 0 0 0 0 0 0 -1 0 0 0 -4 1 -4 0 0 0 0 -1 3 -1 -4 -2 0 0 0 0 0 -2 1 0 1 0 1 0 0 1 -4 0 0 0 0 1 1 1 1 -1 0 0 2 0 -2 1 -1 2 1 -2 0 -2 0 0 0 -1 0 -1 4 0 0 0 -1 -1 4 0 0 -4 0 1 0 -2 -1 0 0 1 0 0 0 1 0 0 -1 2 0 0 4 -1 -1 0 0 0 1 0 0 -4 0 0 0 -5 0 0 0 0 -1 -4 0 0 3 3 0 0
-1 0 0 1 0 2 -1 0 0 2 0 4 2 0 0 0 0 0 -1 2 -4 0 2 0 0 0 2 -2 0 3 -1 4 -2 0 1 0 7 0 0 0 3 -2 0 0 1 0 0 0 1 0 0 0 3 0 1 0 0 5 0 -4 0 0 2 1 0 0 1 0 2 0 2 1 0 0 0 1 0 -4 -4 29 0 0 0 1 1 2 -1 2 0 0 5 1 0 -6 1 -2 0 -1 0 2 3 1 0 -2 0 -2 1 -1 2 0 1 -2 1 -1 0 -4 3 -1 0 0 0 0 0 0 0 0 1 0 1 0 0 0 -1 -1 -6 2 3 0 0 0 -1 -2 -1 0 -4 -5 4 0 4 0 0 0 2 -2 0 5 0 4 0 0 0 0 0 -4 -2 5 0 0 1 0 0 0 -1 0 -1 -2 0 -1 0 -2 0 -4 0 0 -1 1 0 0 0 -4 2 0 0 0 2 0 -2 2 -2 -2 0 0 5 2 -2 0 0 0 0 2 0 3 0 0 0 4 0 0 0 0 0 -4 0 3 -1 0 0 0 0 0 0 1 0 -4 0 -1 2 0 5 0 -2 1 0 2 1 -4 0 -8 2 0 -2 0 0 0 4 0 0 1 2 0 0 -2 0 -2 -2 -2 0 0 8 0 0 0 1 -2 -4 0 0 -2 -1 0 0 1 0 0 -4 0 0 0 1 0 0 0 -1 0 0 -4 0 4 -1 0 0 0 0 4 0 -2 0 0 -2 0
6 0 1 4 0 0 0 0 -2 -2 0 2 -1 0 -1 0 -2 -2 2 1 -5 1 0 0 0 0 -1 1 -2 0 -2 0 0 0 0 1 -1 1 -1 0 0 1 0 2 1 -1 -2 1 0 0 0 -2 0 0 0 0 0 0 2 4 4 0 0 5 1 0 0 0 4 2 0 0 0 0 1 -2 0 -2 0 0 24 0 2 1 1 0 1 4 0 0 2 4 -1 0 0 0 0 5 1 0 2 0 -2 -2 0 2 4 -4 2 2 0 0 0 0 0 0 0 3 0 0 1 0 -2 0 0 0 -4 0 0 0 0 -1 2 -1 0 2 -5 2 0 1 0 3 -4 0 0 0 2 0 1 0 0 0 0 0 -1 1 0 0 -3 -2 0 0 1 0 0 0 0 0 0 2 0 1 1 -4 -2 2 1 0 0 0 0 -2 0 0 0 0 -1 0 1 -4 0 4 -1 1 0 1 0 4 -2 -2 1 -1 2 0 1 1 0 0 -2 0 0 0 -1 1 0 -2 0 3 3 -4 0 -1 0 -1 -1 2 2 -1 1 0 0 0 0 0 1 -2 4 2 -1 0 1 0 0 1 0 1 0 -2 0 0 0 3 -4 0 0 0 0 0 0 0 0 0 0 2 -1 8 0 2 -3 0 -1 -1 1 2 1 2 0 1 0 0 0 1 0 2 0 -2 0 2 -4 0 0 -2 -1 0 1 0 0 0 -1 0 0 0 1 -2 0 1 -1 -2 -1 1
-1 0 -1 -1 0 0 -1 0 -2 0 -4 0 -1 -2 1 -2 0 0 0 0 0 -2 -1 0 0 2 0 0 -2 0 -4 2 0 -1 0 2 4 1 -2 0 0 -3 1 4 0 0 0 4 0 0 1 1 -2 0 0 0 0 -2 3 0 -2 1 0 -4 4 0 0 -2 -1 0 1 -2 2 -3 3 0 0 1 0 0 0 32 0 3 4 0 0 0 0 -3 2 2 0 2 -2 -2 0 0 2 0 0 3 -2 0 4 0 0 1 -3 0 0 -2 2 1 0 0 1 0 -4 1 0 0 0 0 -3 2 -8 0 2 -2 -1 0 -2 0 2 -2 3 -4 0 0 0 4 -3 -1 0 0 -7 2 -6 -1 0 2 2 2 0 -1 0 0 0 0 -3 0 0 0 0 0 -1 0 0 1 2 0 0 0 -4 0 -1 2 0 0 1 0 3 0 6 0 0 0 -4 0 -2 -2 0 2 0 -1 0 -1 -1 0 -1 -2 -2 0 -6 0 -2 -1 2 0 -1 0 -4 0 0 -2 -2 4 -1 0 0 0 3 0 1 0 0 -1 -2 0 0 0 4 -2 2 2 2 0 2 0 -2 0 2 0 0 -2 -1 0 0 0 -2 0 4 -2 -2 1 0 0 0 0 0 0 4 -2 0 2 -2 0 -1 2 0 -2 -3 0 1 1 -3 0 0 0 1 1 -1 2 0 -2 -2 1 1 0 0 0 2 0 1 0 -1 0 0 -2 0 -2 0 -2 0 0 0 2 4 -2
0 2 1 4 0 -2 4 -5 -2 -2 -2 -1 -2 -1 0 8 -2 0 1 -4 1 0 0 1 0 0 -2 -4 0 0 0 0 2 -4 0 0 0 2 0 0 -2 2 0 0 1 -6 0 0 0 -2 -2 0 1 2 -2 -4 0 -1 2 -2 0 0 2 0 0 0 1 -6 1 0 1 2 0 -2 0 -1 2 0 0 0 2 0 35 -2 1 0 0 0 -2 0 0 4 0 1 -2 0 0 -4 0 4 1 0 6 1 0 0 0 4 2 -1 -2 1 0 0 2 0 0 -4 0 0 0 0 -1 0 -6 5 0 0 0 0 0 -4 6 6 0 1 -4 0 -4 0 0 0 0 0 0 -2 1 2 -2 1 2 0 0 0 1 -6 0 2 0 -1 0 -1 0 3 0 0 0 0 0 0 0 0 -1 0 -3 0 0 5 1 0 -2 5 0 4 0 1 2 -4 0 0 0 0 -1 -4 0 4 0 0 -3 -6 0 -1 2 0 0 0 0 -1 0 -1 1 1 2 0 4 -1 4 0 0 1 -4 0 0 0 0 0 0 2 -1 -4 -2 1 0 2 -2 -2 0 -1 2 0 -3 1 2 1 1 -1 0 7 0 4 0 0 0 0 0 -1 -4 2 0 0 0 -2 0 -2 0 -2 -2 2 0 2 0 2 2 4 0 0 0 0 0 0 1 0 0 0 0 4 0 0 -4 0 6 2 3 2 2 0 0 -2 1 0 0 -4 1 0 -2 -2 1 2 -2 0
0 0 2 0 -1 1 1 0 0 0 0 -2 -2 -6 0 -1 0 -5 -1 0 0 -2 0 -1 0 0 0 -3 1 0 -1 0 0 0 -2 0 1 2 -1 2 0 0 0 0 -2 -1 0 -2 0 -1 1 -2 -1 0 1 0 0 -3 0 0 0 3 0 0 0 0 0 0 0 2 -2 0 0 1 0 0 0 0 2 1 1 3 -2 26 0 1 0 0 0 0 0 0 -3 -1 -1 1 0 -1 0 0 -1 2 2 1 -3 0 0 -2 -1 1 0 0 2 0 0 0 0 2 0 0 0 0 0 -4 -2 0 1 0 0 0 1 0 -1 2 2 2 3 0 -1 0 -3 0 2 -1 0 0 1 2 -4 2 -1 0 0 4 2 1 0 1 2 0 -1 -2 -2 0 0 0 -2 0 0 5 0 0 0 -2 0 0 -1 -2 0 0 0 -4 0 0 2 -2 -2 -2 0 0 2 1 0 0 0 -2 2 0 1 -2 -1 0 1 -2 -2 1 0 -2 -2 -2 -1 0 -2 -4 0 0 -2 4 0 0 0 3 -1 0 -3 0 0 0 0 0 1 0 0 2 0 2 0 2 4 0 -2 0 -1 -2 0 1 1 -2 2 0 0 2 -1 2 0 1 0 0 0 0 1 0 1 2 0 -3 0 -2 0 -4 0 1 0 -2 0 1 0 0 -1 0 -2 3 0 1 0 0 2 0 3 2 -1 0 -2 1 0 0 0 0 -1 0 0 2 0 -4 0 1 0 0 0 1
0 0 -1 0 -4 0 2 0 0 0 3 2 0 -8 0 4 -2 0 -2 2 0 1 0 0 0 0 -4 0 -6 3 0 -1 0 1 -2 -2 0 0 0 0 1 2 0 1 0 0 -2 -1 -5 -2 2 0 0 0 0 -1 0 -1 0 -2 0 0 0 6 0 0 1 -1 0 -2 1 0 0 -2 0 0 -1 4 0 1 1 4 1 0 26 0 0 0 0 -1 0 0 -4 0 2 0 0 2 0 2 0 0 -2 -2 0 0 0 -4 0 0 0 0 -3 0 -3 0 0 0 0 1 0 -2 -2 -4 -1 0 0 0 2 -2 1 0 0 0 0 0 0 0 0 0 0 0 2 0 -1 9 3 -2 -6 1 4 0 2 2 -4 -2 -2 1 0 0 -2 0 0 0 0 0 0 2 2 1 0 -6 0 1 0 -4 0 -1 1 0 0 0 2 2 0 2 0 0 -3 0 0 0 0 -2 -3 0 0 1 -1 1 0 1 0 0 -2 0 0 -5 -2 0 1 0 0 0 0 0 -2 4 0 0 -2 1 0 1 0 -4 0 1 1 0 1 0 2 2 1 0 0 0 0 0 0 0 1 1 0 2 0 1 4 -1 -1 -2 -2 -2 -2 0 0 0 0 0 0 1 0 2 0 4 0 1 -1 0 1 -2 0 -1 -4 0 0 -1 2 0 1 2 1 0 0 0 0 -1 2 1 0 0 0 2 0 -1 -1 -2 1 -1 0 3 1 0 -1 0 0 0 3 1
2 -5 -4 0 0 -4 1 -1 0 0 0 -2 0 -2 0 0 0 0 0 4 -2 0 0 4 -1 2 3 0 2 2 1 0 0 1 3 0 -3 0 -1 0 -1 0 0 -4 2 -1 0 -2 0 -2 0 0 -1 -2 1 0 0 1 5 0 -4 -1 0 0 0 -2 0 -2 -2 0 -1 0 0 2 0 -2 -3 2 0 2 0 0 0 1 0 24 -2 -4 0 0 2 -5 0 0 1 0 0 0 0 5 1 -2 -4 -1 1 0 2 0 0 -1 4 -1 -1 0 0 2 0 -3 0 0 0 4 0 -1 -1 -2 1 0 0 -1 0 -4 0 -6 1 4 0 0 -2 0 4 -1 0 1 0 0 1 -4 -1 -4 2 0 1 0 1 2 -2 0 1 0 -2 0 -3 0 -1 0 0 2 2 0 0 -2 1 1 1 1 2 0 1 -2 -2 0 -1 1 -5 -1 0 0 -3 -4 0 0 1 -1 2 0 2 0 -2 0 -1 0 0 -2 -2 -2 -1 0 -2 -1 0 -2 0 0 0 0 0 0 0 -1 1 1 0 1 -1 3 2 0 0 1 0 1 0 -4 0 0 0 1 0 0 -5 0 0 -2 0 0 0 0 0 0 0 0 0 0 -2 0 0 0 0 -2 2 -4 1 -3 1 0 0 0 7 0 1 -2 0 0 0 1 0 0 0 0 0 0 0 0 0 0 0 -5 1 0 -4 0 4 0 0 0 2 0 -3 0 0 0 0 -2 1 0 0 2 0 0
0 0 1 0 -6 0 0 0 0 -2 1 0 0 2 0 -1 -4 -2 0 -2 0 0 0 0 0 0 2 0 0 0 4 0 4 0 4 0 0 0 0 -2 0 0 0 0 0 0 0 0 0 0 0 0 0 0 0 1 0 0 0 4 0 0 0 2 0 -2 0 2 0 0 1 2 0 0 0 -4 -2 0 0 -1 1 0 0 0 0 -2 20 4 0 0 -1 0 4 0 0 -4 0 -3 0 -1 4 0 0 0 0 0 0 0 0 0 -3 0 0 0 0 -2 0 1 0 0 2 2 -2 0 0 0 0 1 -4 2 -4 -2 0 0 0 0 -2 -1 0 0 0 -1 0 -4 -4 0 0 0 0 2 0 0 0 0 0 0 0 4 0 0 0 0 0 -1 0 0 0 -2 0 0 0 -2 0 -2 0 4 2 0 4 0 0 -2 -4 2 0 0 0 0 -2 0 0 2 0 2 0 0 -2 -2 0 2 -2 0 0 0 0 -2 0 0 0 1 0 -2 0 1 0 -1 0 -2 0 0 6 0 -1 0 -4 0 0 0 0 0 0 0 -1 2 1 0 0 0 -1 -1 1 0 0 -1 0 0 0 -2 0 0 -4 0 0 0 0 0 0 -1 0 0 0 2 0 2 0 0 0 4 -2 2 -2 0 2 1 2 0 0 4 2 0 0 0 0 0 0 0 0 -2 4 -2 0 0 0 0 1 4 -1 0 -2 0 0 0 0 -2 0 2 0 0 0 0
-2 2 0 0 0 4 0 -4 -1 2 1 -1 0 -4 -3 -1 0 -11 0 4 -4 0 1 0 0 -1 0 0 -1 3 -3 2 4 -6 8 0 -4 0 0 0 2 2 -2 5 -1 4 -2 0 0 0 0 0 -1 0 -2 0 2 3 -5 6 1 0 0 3 0 0 0 7 2 0 0 -1 0 0 0 2 -1 -1 2 2 4 0 0 0 0 -4 4 49 0 -2 -2 -1 2 1 -1 0 0 -1 -2 0 1 -4 0 1 0 0 2 -1 0 2 0 0 0 2 0 2 0 0 4 -6 1 -3 -3 0 0 1 1 0 1 2 -4 3 0 9 0 -4 -2 0 1 0 -2 2 -3 4 0 0 0 4 0 4 -1 0 -2 0 -3 2 0 6 -4 2 2 2 2 -1 -2 0 0 0 0 6 0 -2 -4 -3 0 1 2 1 0 0 3 -2 2 0 5 -1 2 0 0 0 0 4 0 3 1 2 0 0 -2 6 0 -2 -4 0 0 -1 0 -1 0 -1 -4 -2 0 0 6 1 2 -2 -1 0 -2 0 0 4 -6 2 0 0 -4 0 -4 2 -1 -1 0 0 4 0 -1 0 -2 -2 -4 2 -1 4 0 -4 0 2 2 -4 0 -1 2 0 2 4 1 -4 -7 0 0 1 1 1 -1 2 0 1 -1 0 2 2 -6 0 1 0 2 0 -4 0 1 2 4 -1 2 6 0 0 3 -1 -4 -4 0 0 0 0 0 0 0 0 0 0 0 0 0 -1 -2 1
-4 1 0 1 2 0 0 -4 0 0 0 0 0 1 4 0 0 0 0 0 0 0 0 0 -2 0 0 0 0 0 -2 0 0 0 0 -2 0 0 0 0 4 1 0 -5 -4 2 2 0 0 2 0 0 0 2 -6 2 0 -2 0 -4 0 0 -2 -1 -3 2 0 0 0 0 -1 -1 0 2 2 0 0 1 0 0 0 0 -2 0 0 0 0 0 18 0 0 -2 0 0 0 -2 0 0 -2 0 0 0 -2 2 0 0 -2 0 1 0 0 0 0 1 0 0 0 1 1 0 0 0 0 0 -1 0 0 0 0 0 0 0 0 -2 4 0 0 0 0 -1 0 5 0 0 0 0 0 -1 0 2 0 0 0 0 0 0 -1 0 -3 0 -2 0 -2 -2 2 3 0 4 0 0 0 0 1 2 0 3 0 2 0 1 0 0 0 0 4 0 4 4 -4 0 0 0 0 0 0 0 0 0 0 0 0 0 0 3 2 2 0 0 0 0 2 4 0 0 0 0 0 0 0 0 2 4 0 0 1 -4 0 2 -4 0 0 2 0 -2 -4 0 4 0 0 0 0 0 -1 0 -1 0 0 1 0 0 0 0 0 0 0 0 0 -2 -1 -2 0 1 2 0 -1 1 1 0 0 0 -2 0 0 0 -2 4 0 -2 0 0 0 2 0 0 -1 0 0 -1 -2 0 0 0 0 0 0 -3 2 -2 0 -2 0 4 0 0 3 1 6 -3 0 0
0 4 4 0 0 0 0 0 2 0 -1 4 2 0 2 -5 0 0 3 -2 0 -1 -8 0 0 -1 0 0 1 -5 0 -8 0 1 -2 -6 0 0 2 -4 0 -4 4 -3 0 4 -1 1 -3 -2 0 1 2 -2 0 3 0 -2 0 -4 0 0 1 4 0 -1 0 1 0 0 -1 0 -2 2 -1 -1 0 0 0 0 0 -3 0 0 -1 0 0 -2 0 41 4 0 -2 -4 -4 0 1 0 -4 2 2 2 -4 2 4 -4 0 0 1 2 4 1 2 0 1 -2 -1 -2 -1 1 -1 0 2 2 7 -2 0 0 0 1 1 -3 4 0 -2 0 0 1 5 -1 2 -1 0 6 0 0 0 -4 -4 0 4 0 7 0 -2 0 2 0 -2 2 0 1 0 -1 -2 1 0 -2 0 0 -3 0 0 0 2 0 0 0 0 2 0 -1 -1 2 -4 -2 4 6 2 0 -2 2 -3 -1 -3 6 4 -1 0 0 2 4 -2 0 6 0 0 2 -1 0 -1 -4 -1 0 1 0 -8 1 3 -1 0 3 2 -4 0 2 0 0 0 0 1 -2 -4 4 2 0 0 0 1 0 6 0 2 -4 0 0 0 2 1 5 0 1 2 -1 4 0 1 -3 0 0 4 0 -2 0 0 -2 1 1 0 0 2 0 0 -1 -1 0 -2 0 0 0 0 0 0 -2 1 -2 0 4 -1 -2 -2 -2 2 -4 -1 0 7 -1 0 0 0 2 -4 -2 2 0 0 2 0 -4
7 4 0 2 4 0 -2 4 0 1 1 0 2 0 2 1 0 2 1 6 0 -5 -8 -4 1 0 2 2 0 2 -5 -4 0 -1 -4 0 -2 -2 0 1 2 -2 0 -2 3 -2 -2 0 -2 -2 0 0 2 0 0 0 -4 4 2 -8 1 1 3 -1 2 8 0 0 0 -6 1 -1 2 4 0 1 0 0 0 5 2 2 0 0 0 2 -1 -2 0 4 47 3 -2 2 0 0 1 0 0 5 2 2 -1 -3 -2 3 0 0 0 -6 1 -3 0 0 0 1 1 -1 -2 0 0 4 4 -2 2 4 -2 -2 0 2 -1 -1 -2 -7 -2 -1 -2 0 0 3 0 0 1 4 0 -2 0 2 3 -1 -2 0 0 2 2 0 4 1 2 0 0 0 0 0 0 -1 0 0 1 -4 -1 0 -1 5 0 0 3 0 4 0 0 -4 -2 2 -2 2 0 0 2 -4 3 -1 4 0 1 -4 8 2 0 -9 3 0 1 1 0 2 0 0 5 0 -5 2 0 -2 0 1 -4 3 -2 0 0 -2 0 3 0 -2 0 4 -2 0 0 0 -1 -4 0 -2 4 0 3 2 4 -2 0 0 2 2 1 0 1 3 1 2 -2 -2 0 1 0 -4 0 -2 -3 -1 4 -5 3 3 0 6 7 1 -2 0 1 1 -1 0 -1 -4 0 0 1 0 3 2 0 0 0 2 0 1 0 -4 -1 -4 0 2 -3 0 0 -1 -2 5 0 4 0 0 0 -1 -4 0
3 2 2 0 0 0 0 -2 -2 -4 0 1 2 0 0 -1 -1 0 1 0 0 -3 0 -3 -2 0 -2 -2 0 -4 1 -2 0 0 -3 -2 2 -1 -2 0 2 0 0 -1 3 -1 0 0 -2 3 0 0 0 0 0 0 -3 2 -1 1 4 0 -1 2 2 2 1 1 0 -2 -1 1 1 0 0 -1 0 0 0 1 4 2 4 0 0 -5 0 -1 -2 0 3 23 0 0 1 0 4 0 0 0 0 0 0 -1 1 0 0 -2 -2 -3 0 3 5 -1 0 -1 1 1 0 0 0 0 -1 2 1 2 -4 -2 1 -1 2 0 2 0 -2 2 4 0 0 0 -1 1 -1 1 0 0 -2 0 0 0 -2 0 0 -2 -1 -1 0 0 0 -1 0 -4 0 -2 -1 0 0 0 0 0 0 0 1 2 0 0 -6 0 0 4 0 0 -2 0 1 1 -2 0 0 0 0 0 0 2 0 1 0 2 0 -2 0 1 1 1 1 1 0 -1 0 0 -1 6 -1 0 -1 0 0 2 -1 2 0 0 0 -4 0 0 4 0 -2 0 0 -1 1 1 0 -3 0 0 -1 0 0 0 2 -1 0 2 -1 0 1 0 0 0 -2 0 0 2 0 0 5 1 -2 1 4 -1 2 0 0 4 2 1 0 2 0 0 0 0 0 1 -1 0 3 -2 0 2 0 0 0 0 3 -1 2 0 0 0 0 0 -3 0 4 0 -1 0 0 0 -2 -2 0 -2 0 0
0 0 2 0 -1 0 3 0 0 1 1 -1 -4 2 0 0 0 0 -3 0 -4 0 2 0 -1 0 4 0 0 0 -2 0 0 0 0 0 -4 -1 -2 2 0 -4 0 2 0 0 2 0 6 0 0 4 0 1 -2 0 0 3 0 -2 0 0 0 0 -2 0 0 0 0 4 0 -2 0 0 1 0 -4 -2 0 0 -1 0 0 -3 -4 0 4 2 0 -2 -2 0 35 2 0 0 0 6 4 0 -2 0 2 0 0 1 0 0 0 0 -1 -2 0 0 1 -2 0 0 0 1 0 -1 2 0 0 3 -2 0 -2 0 -6 -1 0 6 0 -2 0 1 0 4 2 0 0 1 0 0 -2 1 -2 -4 0 0 3 0 -1 -3 0 0 4 0 -1 4 0 3 0 0 4 -4 0 -1 0 0 3 -2 0 0 -5 0 4 0 0 2 0 0 0 1 2 4 6 0 0 -1 0 0 0 0 -2 0 0 2 -1 0 -2 0 1 -1 -2 -3 -6 0 -2 0 0 0 0 0 0 -4 2 0 5 0 -1 0 0 0 -1 -2 2 0 4 2 4 0 1 0 -2 -1 -2 0 2 0 0 5 0 -2 -2 5 -4 0 0 -3 2 2 0 -3 0 0 0 0 4 0 2 1 0 1 0 -2 0 -1 0 1 0 0 2 1 1 2 -1 0 2 0 0 4 0 -2 1 4 4 2 -4 0 0 -2 0 4 -2 0 0 0 0 0 0 0 -1 2 0 -2 0 -2
0 -1 0 -2 0 0 0 0 0 0 0 0 3 0 3 -2 -2 0 1 2 0 2 0 0 0 0 0 2 -4 0 0 3 0 -1 0 0 0 1 0 1 2 6 0 0 2 0 0 3 -3 0 0 0 1 0 0 -1 0 -2 -3 0 0 2 0 -3 6 0 1 0 0 -2 0 -2 -1 -1 -2 0 -1 2 0 -6 0 2 1 -1 0 0 0 1 0 -4 2 0 2 27 1 0 0 -2 0 0 -5 1 0 0 -4 0 0 0 2 0 0 0 0 2 0 0 0 2 0 0 0 4 -1 1 -1 0 -1 0 -1 0 2 0 0 2 0 -4 -6 0 0 1 -2 4 1 2 2 2 0 0 0 0 0 -2 0 0 0 -2 0 0 2 -3 0 0 0 4 0 0 0 0 0 2 0 0 0 1 2 4 2 0 0 0 1 1 2 0 -4 3 -5 -6 0 0 -3 2 2 1 -6 -8 4 0 0 -4 0 0 6 0 0 1 -2 -3 2 0 0 0 4 2 0 0 2 0 0 6 0 -2 0 0 2 -1 -2 0 0 4 0 1 0 0 -2 0 -1 -3 0 2 -9 -2 0 0 0 -4 0 4 -2 0 0 0 2 0 0 0 0 0 0 -1 4 0 1 -2 3 1 0 0 0 0 0 0 -4 0 0 2 0 0 0 -2 0 0 1 -2 0 4 0 2 0 0 0 2 2 0 0 4 0 0 3 -1 0 -2 -2 -4 0 0 1 0 0 0
2 0 4 0 0 0 0 -2 0 -4 0 0 -2 -4 2 2 2 0 -2 4 10 0 0 0 -3 1 0 2 0 0 4 -1 0 0 3 0 0 -2 0 -2 0 3 -2 -4 2 0 0 4 -2 4 0 0 -1 0 0 2 2 0 2 -2 2 0 0 0 3 0 0 -2 0 0 1 -1 -1 1 2 -2 0 0 0 1 0 -2 -2 -1 2 1 0 -1 0 -4 0 1 0 1 40 -1 0 -2 2 0 0 2 0 2 0 2 -2 -1 -1 0 -4 3 -3 -2 -2 4 2 -1 0 2 0 0 -1 -2 0 0 0 2 0 2 0 -2 -4 6 0 0 4 4 0 0 -7 -1 0 2 0 1 0 -1 2 0 -1 0 0 2 1 -1 -1 0 -4 0 0 0 0 -4 -4 0 0 2 -4 0 0 0 0 -4 0 -1 0 2 -2 -2 0 0 -3 -3 -4 3 0 -1 0 2 -2 6 4 -2 -2 0 0 0 -1 -6 0 0 0 0 0 -1 0 0 0 0 0 -2 -2 0 0 2 -2 0 2 -2 2 2 0 0 1 0 0 0 0 0 -2 1 -1 2 0 4 2 -1 0 -2 2 0 -1 2 0 -2 4 0 0 0 -1 -2 0 0 0 -4 -4 0 0 -1 2 0 0 1 0 0 0 6 -2 2 -4 -4 0 0 0 0 -1 -2 2 0 0 -1 0 3 2 0 -4 3 2 1 0 0 2 0 0 0 -4 -2 1 -1 0 1 4 -2 2 0 0 -2 0 0
0 -1 0 -2 0 -1 0 0 1 0 0 2 -4 -7 0 0 4 0 -2 0 2 0 -4 0 0 -3 -4 0 0 -1 2 0 1 0 2 -1 0 0 -1 -2 0 1 0 0 4 0 4 0 0 1 0 2 1 2 3 0 -2 1 0 0 0 0 0 0 -6 0 0 0 -1 -2 -4 0 0 0 4 2 0 -2 2 -2 0 -2 0 1 0 0 -4 0 -2 0 0 0 0 0 -1 29 0 0 2 0 -2 0 -2 0 0 1 4 0 0 0 0 0 2 -4 -4 0 -3 0 -2 0 0 0 6 0 -2 -3 0 -1 3 0 0 2 0 0 4 -1 0 0 3 0 0 -1 0 6 3 2 2 -2 -2 0 0 0 0 0 0 1 0 0 4 0 2 0 0 2 -4 -2 -2 0 0 1 3 -2 0 0 0 1 0 0 0 -1 0 0 0 -1 -4 -1 0 0 2 3 0 -1 0 1 -1 0 0 0 0 -2 1 0 -1 0 0 -3 -2 0 0 2 0 1 0 -2 -1 1 2 -2 0 0 0 1 -1 0 2 0 0 0 0 0 0 2 0 -2 0 -7 1 0 0 2 0 0 0 0 -1 1 0 -2 1 -1 0 0 0 0 -1 0 -2 -2 2 0 1 -5 3 1 0 -4 -1 0 0 -2 2 5 0 0 2 0 2 0 -1 3 0 0 0 -2 4 -2 0 0 0 1 -1 -1 0 0 0 -2 0 -2 0 -1 0 0 0 1 0 0 0 0 0 0
-3 -1 1 0 0 2 0 0 -2 0 -4 -2 0 0 -2 -2 -2 0 0 -1 6 2 0 -2 0 0 2 1 0 -3 0 -1 -2 0 -1 -3 -2 1 2 -5 1 -2 0 0 3 0 0 0 0 0 -4 -2 0 1 0 0 0 0 -1 0 2 4 0 -1 -2 0 0 0 0 0 -2 4 0 3 2 -2 0 2 0 0 0 0 0 0 0 0 0 0 0 1 1 4 0 0 0 0 31 1 0 -2 0 0 0 -2 0 -2 2 0 -3 0 0 0 -1 0 0 0 1 0 4 -2 0 -2 3 1 2 -2 -5 -2 1 0 1 -1 -1 -3 -5 2 -4 0 1 -1 0 0 3 0 0 0 1 0 0 -4 0 0 2 -2 0 0 2 0 0 -1 -1 0 0 -2 0 0 0 2 0 2 0 4 0 1 2 0 1 2 1 -4 -2 1 0 0 2 -5 -3 1 0 -2 2 0 -2 0 0 0 -2 0 1 1 0 0 0 0 3 -2 -1 0 -3 -4 -2 2 -1 0 0 0 0 0 0 0 0 0 2 0 1 3 0 0 0 2 -2 -4 0 6 0 0 0 0 6 0 0 1 4 1 -4 0 -2 4 -1 0 -1 0 0 0 0 -3 0 -1 -6 0 0 2 4 -1 0 0 0 -4 0 2 0 0 5 0 0 0 0 0 0 0 2 0 0 12 -1 -4 0 0 3 -2 0 0 0 -3 0 2 0 2 2 1 4 0 4 1 -2 -4 2 0 0 0
0 0 6 0 0 0 0 0 0 0 1 0 1 0 0 2 0 0 -2 0 -6 0 -1 0 0 0 2 1 0 0 -1 0 -4 0 -4 0 1 0 0 0 0 -8 0 2 -2 6 1 -4 2 -4 0 4 0 0 -2 0 0 9 0 4 0 0 0 4 0 2 0 6 0 -1 1 0 0 6 0 -2 -2 -4 0 -1 5 0 -4 -1 2 0 -3 -1 0 0 0 0 6 -2 -2 0 1 38 -2 -2 0 0 0 0 0 2 0 -2 0 -2 -2 0 0 4 -1 2 0 2 0 0 -2 0 1 -2 0 -2 -1 0 1 0 0 2 1 -2 0 0 1 2 0 0 0 3 2 0 0 2 -2 -2 2 -6 2 0 0 0 -6 -2 0 -2 0 -4 0 10 0 0 0 0 0 6 0 4 0 2 4 0 4 2 2 -4 0 0 0 4 0 1 4 -6 0 4 0 0 4 4 0 -2 1 0 0 2 0 -2 0 -4 2 0 0 0 0 0 2 0 0 2 0 1 2 -2 2 0 0 0 0 -4 -2 0 5 0 2 0 3 2 0 2 2 0 1 0 6 2 -1 0 3 0 2 -2 0 0 -2 0 -2 2 0 2 1 1 1 0 2 1 0 0 0 1 0 4 4 6 0 -4 -2 -5 0 -1 0 0 0 0 0 1 -2 -4 -2 0 0 -4 4 0 0 0 -4 -2 4 1 2 -3 5 0 0 1 -2 -2 -4 5 0 -2 -3 0 0 0 4 -2
2 -4 0 2 -3 1 2 -4 0 0 -2 0 0 0 0 0 -2 1 2 1 5 -1 -4 0 2 0 1 0 -4 0 1 -2 0 -2 0 0 -4 1 0 -2 0 -1 0 0 8 2 -4 4 -4 0 -2 4 0 12 -2 -2 1 2 2 -8 -2 1 4 -4 2 0 5 0 4 4 -2 0 0 4 2 0 0 0 0 0 1 2 0 0 0 0 0 -2 -2 -4 0 0 4 0 2 2 0 -2 39 0 -1 0 -2 0 3 -3 0 -4 2 1 1 0 0 0 -2 -4 -2 -2 0 0 2 0 4 -2 2 0 2 0 0 -1 -2 0 0 4 0 0 4 0 -4 5 0 -2 0 2 0 0 0 0 5 0 0 1 -2 0 1 0 2 0 0 0 0 0 0 -1 2 -1 0 -2 -2 -1 0 2 3 -4 4 -6 -2 4 0 2 0 0 2 -2 -2 0 -1 -1 1 0 0 -3 3 0 0 1 0 2 -3 0 1 1 -2 0 -3 0 -3 3 -6 0 1 6 0 1 -1 0 -1 2 1 0 0 2 0 0 -4 -2 0 2 3 0 0 2 0 -1 2 2 -1 0 0 0 2 6 0 1 0 0 0 1 0 -1 0 0 4 0 -4 0 0 0 -2 -2 0 4 0 0 -2 -2 0 0 -2 -4 0 -4 -1 -1 0 0 -1 1 0 0 0 0 0 0 0 -2 -2 3 2 0 0 0 2 0 1 -2 0 -4 -2 0 0 0 0 0 0 0 -1 -3 0 0
2 3 0 2 2 -4 0 4 0 -1 0 1 -1 2 0 4 0 -2 -1 3 4 -1 0 0 0 0 4 -1 4 4 0 -5 2 0 -4 3 -4 0 0 9 -1 -1 0 0 -2 8 1 0 -4 1 0 1 2 2 0 1 1 -2 0 0 -1 0 0 2 0 1 -1 0 2 0 -1 4 4 0 3 0 0 -2 0 2 0 0 4 0 2 5 -1 0 0 2 5 0 0 0 0 0 -2 -2 0 48 2 -4 6 0 0 -4 -5 2 3 0 6 0 0 0 -1 -6 0 2 4 -2 3 2 -2 -3 -6 5 0 0 0 2 2 0 2 5 6 2 6 0 0 -2 -1 0 -1 0 -2 -3 6 6 -1 0 1 0 0 -4 3 0 -3 -2 6 -1 0 -2 0 2 -1 -4 0 -3 3 0 -1 2 0 3 2 2 1 0 2 0 0 -2 0 8 -4 6 -1 1 2 0 0 0 0 4 0 0 -2 2 1 0 1 -1 3 -1 1 -1 0 0 -8 -2 1 4 -2 0 4 1 1 4 2 0 1 0 -2 0 0 0 0 4 2 -3 0 3 8 -4 0 -2 2 4 0 3 -1 -2 0 0 1 2 1 0 4 2 -1 0 -2 -6 0 3 0 2 -3 0 -6 2 3 -2 1 0 1 1 5 4 0 -1 -2 -1 -1 1 -2 -2 0 0 0 2 -1 -4 0 -4 0 0 0 0 1 -2 -2 0 -2 2 -1 -2 0 0 0 5 -2 3 6 0 2 6 4 0
1 1 -3 0 -1 -1 0 0 2 2 0 2 -4 0 0 0 -2 1 0 0 -2 0 0 0 2 0 2 0 -1 5 -1 4 4 0 0 -2 0 1 0 -1 0 0 0 2 2 0 0 0 0 0 -2 2 0 2 -4 0 -1 3 1 4 1 0 0 1 0 0 0 -1 0 0 7 4 0 0 0 -2 1 2 -1 3 2 0 1 -1 0 1 4 1 0 2 2 0 -2 -5 0 -2 0 0 -1 2 27 -2 0 -2 1 1 1 0 -2 1 -1 0 1 -4 0 -2 0 -2 0 2 1 -1 -1 0 -3 0 2 1 -1 -2 0 -6 0 0 0 0 4 0 1 0 0 2 2 -2 -9 -4 0 1 1 0 0 0 0 0 1 0 0 1 0 0 0 -2 -3 -1 0 -1 -2 -1 -2 1 2 0 -3 0 -1 -1 1 2 0 0 1 -4 -2 1 0 0 2 3 -1 0 0 2 0 -1 3 2 0 0 1 -2 1 0 0 2 2 0 0 1 -1 2 -1 -4 -6 0 1 3 -5 0 0 -4 0 0 0 0 -1 0 1 2 0 -4 -1 0 -1 2 0 0 4 0 6 0 0 1 2 0 2 0 1 0 0 -1 -4 1 -3 0 -1 2 0 0 0 -2 -2 -1 -1 0 1 4 0 0 6 2 0 -2 1 1 1 2 1 -1 0 -1 0 0 0 0 0 -4 -2 -2 -2 -1 0 0 -2 1 -4 0 0 0 1 0 0 0 0 0 1 0 0 -2 -2 2
0 0 0 -1 -1 0 -1 4 0 0 -1 0 0 -2 2 0 1 2 0 4 -2 0 -3 2 0 -1 0 1 2 0 -2 1 0 4 -2 0 1 0 0 3 0 -1 0 2 2 0 0 0 -1 0 0 0 -3 0 -3 1 4 -2 2 -2 0 0 -4 4 -1 -2 0 -4 0 -2 0 -4 0 1 -2 -2 -2 0 0 1 0 3 0 2 0 -2 0 -4 0 2 2 0 0 1 2 0 0 0 0 -4 -2 37 4 -2 2 0 -1 0 0 0 0 -2 4 0 0 4 0 -4 0 4 2 2 2 2 1 5 -2 0 -2 5 3 2 0 -1 -4 0 0 1 0 2 4 0 0 -1 3 -4 -2 0 2 1 0 0 0 0 0 0 -2 0 -2 0 0 0 0 0 -1 6 -1 0 0 0 -2 4 2 0 -3 0 1 0 -2 -2 0 0 0 -6 1 5 0 2 0 0 -1 2 3 0 0 -2 0 -4 4 -6 -2 0 0 2 0 -2 0 -1 0 -2 -2 2 -2 0 -2 1 -1 1 0 0 0 0 1 2 0 3 -3 -2 -1 0 -2 -6 1 -1 1 2 3 -2 2 -4 4 0 0 -4 1 -1 1 -2 -1 0 0 0 0 0 0 0 0 -2 0 -1 4 0 3 -1 0 -3 2 2 0 -1 0 0 -2 -2 0 0 0 -1 1 0 -1 2 4 5 0 0 0 -8 0 0 0 0 1 0 -1 0 -1 0 1 2 0 0 0 0 0 0 1 -8 -1 -3
0 2 0 2 0 4 5 -2 -1 2 0 3 0 10 0 4 0 0 0 0 0 -2 0 0 0 -3 0 2 -3 0 -2 -4 0 0 -2 0 3 0 2 0 0 2 -1 4 -3 -4 -6 0 0 0 0 -4 0 -1 2 0 -2 -6 -4 -8 0 -1 0 3 2 -2 -2 0 2 0 2 -1 2 -4 -2 -1 0 0 -1 0 -2 -2 6 2 -2 -4 0 0 -2 -4 -1 0 2 0 0 -2 0 0 -2 6 0 4 72 -1 -2 4 -2 0 0 -4 0 -4 0 -2 0 -2 3 -4 4 0 0 1 0 -2 2 0 0 0 -1 0 0 9 0 4 1 2 2 0 0 2 2 -2 2 -2 -2 0 0 5 0 4 -2 0 -6 -8 0 -8 0 2 -3 3 4 -4 -2 10 0 -2 0 -1 0 0 -2 -1 -4 3 2 0 -1 0 1 -2 2 -1 -6 0 -4 10 0 1 2 -1 0 -5 0 -6 0 0 4 2 -3 0 -2 -2 2 -1 0 0 0 -4 -2 0 0 2 2 0 0 0 0 6 0 4 -2 4 1 -5 0 4 -2 -1 0 0 2 -6 0 -1 -6 -2 0 4 6 -2 0 0 1 0 0 0 0 -1 0 0 0 -4 0 -2 1 2 -3 -1 0 0 0 0 -4 0 -1 5 0 0 -8 2 0 0 0 -1 1 0 0 0 0 0 2 4 -1 0 2 4 -2 2 0 0 -3 -2 -12 0 2 0 0 6 0 0 -4 -2 0 6 -4 0 4 -2 6 0
0 3 1 -2 0 0 2 0 0 1 2 0 0 4 4 2 5 0 0 0 1 -2 0 2 0 0 0 0 4 0 4 -2 0 -2 -1 2 0 0 1 0 4 -4 0 0 -3 3 -2 0 0 1 0 0 0 0 0 0 0 -1 0 3 0 1 -1 -3 2 1 0 -2 5 0 2 -1 0 2 1 0 0 0 1 -2 -2 0 1 1 -2 -1 0 1 2 2 -3 -1 0 0 2 0 -2 0 0 0 -2 -2 -1 36 0 0 -1 0 0 0 0 0 -5 0 2 0 0 0 0 2 0 -1 0 0 4 2 2 0 1 0 0 1 -1 2 -2 -3 4 0 -1 1 0 -5 -2 0 1 -2 0 -5 0 1 -4 0 0 2 -2 0 4 -1 -8 1 0 -2 0 0 0 1 -2 1 0 -7 0 0 -3 -1 2 2 0 2 1 1 0 -1 0 -8 4 1 0 0 -3 -1 -6 0 5 1 -10 2 -1 0 0 0 -2 -5 2 2 -1 4 2 0 1 -2 3 0 0 0 1 -1 0 0 0 -1 0 0 0 3 1 0 0 -2 -1 0 1 1 1 2 0 -1 0 -2 0 -8 0 0 -4 -7 -2 0 1 0 9 2 4 0 -1 0 0 0 2 -1 0 0 -1 4 -4 1 0 1 -1 -1 2 0 -4 2 0 0 0 2 -1 0 -2 1 0 -4 1 0 0 -1 0 0 0 1 -1 -1 0 0 0 -2 0 -2 0 -2 0 0 -2 -2 -1 2 4 2 2 -4
0 0 -2 2 2 -4 3 -1 2 -1 0 1 1 0 -4 1 0 1 -2 0 0 0 -2 0 0 0 0 0 0 0 0 -6 0 -2 -1 1 0 0 0 0 0 -6 0 0 0 0 0 0 0 0 2 -2 -2 2 1 2 0 0 4 0 -1 -1 0 6 0 0 0 -2 0 -1 2 0 0 -1 0 0 -2 0 -2 0 0 4 0 -3 0 1 0 0 0 4 -2 1 0 -4 0 0 0 0 3 0 1 2 -2 0 32 0 0 0 0 1 -1 2 0 7 1 4 3 1 0 0 -2 0 0 0 2 2 -2 0 0 0 -2 0 0 1 0 0 0 0 0 0 1 0 -4 2 4 0 -4 -2 0 0 0 0 0 -2 0 0 -2 -1 -2 4 0 -2 -1 0 0 4 0 0 0 2 1 2 0 0 2 -4 0 0 0 0 2 0 -2 0 6 0 3 4 0 5 -1 3 1 0 0 5 0 0 2 0 -3 0 -4 4 2 0 0 6 4 2 0 0 -4 1 0 0 0 0 0 -3 -2 2 0 0 0 1 0 2 -2 0 0 -1 1 -2 2 2 0 0 0 0 -3 -4 1 -1 -2 5 2 2 0 0 -3 0 -2 4 -1 0 0 2 0 2 -2 0 4 0 3 1 0 0 -3 1 0 1 -2 0 0 0 0 1 0 2 2 3 2 1 -2 0 3 -3 1 -1 0 -2 -1 -1 0 0 0 -3 0 0 0 0 2 0 0 0 -1 2 1 0
1 -2 2 -1 1 0 0 -4 2 0 0 0 0 -4 -2 10 1 -5 -4 0 -2 0 -2 -1 -1 -2 0 0 -4 6 0 0 0 2 -1 -2 2 1 2 1 0 0 0 0 0 3 0 0 0 0 4 0 0 1 0 1 2 1 0 2 1 -2 0 2 2 7 -2 -2 0 0 -1 -2 -1 0 -4 1 2 0 2 -2 2 0 0 0 0 0 0 0 0 -4 3 0 1 0 2 1 -2 2 -3 -4 1 0 4 0 0 39 -2 0 1 -1 -2 0 2 2 1 2 4 1 4 3 0 -6 2 3 0 1 0 0 0 0 3 -1 0 -1 2 -1 0 0 0 0 -1 3 0 2 -2 2 2 1 -1 2 0 0 -3 0 -1 -2 -7 0 -6 0 0 0 0 4 0 -2 0 1 -2 0 2 3 -1 0 0 -4 0 -1 2 0 0 1 1 0 -5 0 6 0 2 0 0 3 -2 2 0 0 2 -2 1 1 0 0 0 0 -1 -2 0 -3 9 6 -5 2 0 -2 -1 0 -4 0 0 -6 2 0 0 -1 0 -4 0 0 -2 0 2 4 -5 -2 5 0 2 -4 6 0 1 -2 -2 0 -2 2 1 0 1 0 -2 1 0 -2 -4 -2 1 1 4 0 -2 0 0 0 0 2 -2 3 1 0 2 -1 0 -1 5 0 -2 1 0 2 2 0 0 -2 0 1 0 0 -2 -1 2 0 0 0 4 -4 -2 2 0 -1 -2 -1 2 1 -4 0 0 -1 6 0
2 -3 -2 0 0 0 0 0 0 -1 0 0 0 3 0 0 -1 0 0 -2 -2 1 0 0 0 -2 0 -1 1 0 4 0 0 0 0 0 -6 0 0 -2 0 0 1 1 2 0 -2 0 0 0 0 0 0 0 2 0 0 -1 -2 0 2 0 2 -1 -1 -2 -1 1 2 1 0 1 0 4 0 0 0 2 0 1 4 0 0 0 0 2 0 2 -2 0 0 0 0 0 -2 4 2 0 0 -5 1 -1 -2 -1 0 -2 22 0 0 -1 0 0 -2 1 0 0 1 1 -2 2 0 -1 0 0 2 0 -2 -3 0 0 0 -1 -1 -2 0 2 -2 0 0 3 0 -1 -4 0 0 0 1 -1 0 -2 -2 0 0 -1 0 1 -4 2 0 0 0 1 0 0 -4 0 0 -1 0 0 1 0 0 -2 0 0 0 1 1 0 0 2 0 2 0 -2 0 1 0 -4 1 -2 -1 -1 0 0 2 2 -2 2 0 -2 -3 2 0 -4 -2 0 0 0 1 0 -2 -2 0 -1 0 0 2 0 0 0 1 3 0 5 -1 -1 0 1 0 -1 0 -1 0 0 -3 -6 -1 1 2 0 0 0 2 0 -1 0 -5 0 0 0 -2 0 0 2 0 2 2 0 0 -5 2 0 0 1 0 -2 0 0 -1 4 0 -4 -1 1 0 0 -6 0 0 0 0 1 3 0 0 1 0 0 0 2 0 0 0 0 1 0 1 0 -1 0 0 2 0 0 0 0 0 1
-2 0 -2 0 6 -2 2 2 1 1 -1 -2 -2 -2 0 -1 0 0 1 -1 -4 4 0 0 0 -1 1 -2 0 4 -2 1 0 0 -1 0 0 -3 0 -1 0 1 0 2 -5 -2 0 -6 6 0 1 -4 1 0 2 0 0 2 -1 0 -1 0 2 0 -2 0 0 3 0 -2 -2 0 4 1 0 2 -4 -2 4 -1 -4 1 4 -2 -4 0 0 -1 0 0 0 -2 0 0 -1 0 0 -2 -4 2 0 0 0 0 0 0 0 43 0 -3 -6 4 -1 -4 3 4 -1 -4 4 0 0 -2 1 4 -2 0 1 0 -2 2 0 2 -3 0 2 -1 -6 0 -4 2 1 -2 -6 0 0 -5 0 4 0 -2 -6 0 0 2 8 0 4 2 0 2 -2 0 0 4 2 0 -1 0 0 0 -2 0 0 1 9 -1 1 9 0 2 1 3 0 -2 2 1 0 -2 2 0 -4 0 -2 -4 -2 0 0 -2 0 1 0 0 -2 -2 4 0 2 2 4 0 1 0 0 0 0 -2 6 6 0 0 -1 4 2 0 6 0 -2 -4 -4 0 0 1 0 1 0 0 0 -2 0 0 2 0 0 0 0 0 -4 4 -4 4 0 -4 0 -1 0 -4 -1 1 -1 2 0 0 4 1 0 -10 1 -3 0 0 1 2 0 -4 2 4 0 0 4 0 0 2 -3 -2 0 -2 0 0 0 0 2 0 3 -4 -2 0 0 0 1 0 0 -2 0 0 2 -2 2 2 -2 0
-2 0 1 2 0 -1 0 4 1 0 0 0 0 2 -2 5 -4 0 6 0 0 2 0 0 -1 0 0 0 0 0 2 -1 2 -4 0 6 -4 0 1 3 0 0 2 -5 -2 -4 2 4 0 0 4 2 2 0 2 0 0 -2 -4 2 0 -2 -2 3 -1 0 -2 0 2 0 -3 2 -4 -2 -1 2 1 -2 0 2 2 -3 2 -1 0 0 0 0 1 1 0 -2 0 2 -1 0 -3 0 2 3 -2 0 0 0 0 1 0 0 37 2 2 0 -2 1 1 3 0 -2 -2 -2 0 0 5 0 4 0 0 0 -4 2 -3 5 1 -2 -1 0 -6 0 1 -1 0 0 -1 2 0 -3 4 -4 2 2 0 0 -1 0 0 -4 -3 4 0 -4 0 -2 0 0 -3 2 0 0 1 -2 0 3 0 0 2 1 5 -2 4 0 0 2 0 1 -2 2 4 2 0 0 6 -2 0 0 2 0 0 2 -1 1 0 6 0 -1 -5 0 -3 0 2 0 1 6 3 -4 3 0 0 4 4 0 0 2 2 1 -4 2 -4 2 0 0 0 4 0 0 -4 2 0 -6 0 2 -2 6 0 0 2 0 -2 2 2 0 -1 0 1 1 4 -3 0 1 2 1 0 0 0 0 -4 0 4 1 1 0 0 3 -2 -4 0 -2 -1 0 0 0 -3 3 2 -3 1 3 0 -1 -3 0 0 0 -2 2 4 0 0 0 -2 2 -2 -1 -1 1 0 2 4 -1 -2 0
-3 -9 1 0 0 0 0 1 0 4 0 0 0 0 0 -1 0 0 3 1 0 -2 -2 -2 0 1 3 1 0 2 0 1 0 0 3 1 0 0 -2 0 0 0 0 0 1 -1 2 1 -2 5 2 1 0 2 0 0 4 -1 -1 1 -2 1 0 0 0 -2 0 -3 0 2 -1 0 0 0 0 0 0 0 0 0 2 0 -1 1 0 -1 0 2 0 2 -6 -3 0 0 0 0 0 -2 1 0 1 0 -4 0 1 -1 -1 -3 2 23 -1 1 0 0 0 0 -1 1 -1 -2 -1 0 -4 -1 0 -2 1 0 0 0 1 -1 0 -1 0 0 0 0 2 -1 -1 -1 0 0 0 0 2 0 0 0 3 1 0 0 1 -3 0 0 -1 1 0 1 0 -1 -1 2 0 -1 0 0 0 0 -1 -4 -2 0 0 -3 0 0 -1 -3 5 -2 -2 1 0 0 -1 1 1 0 -1 -3 0 -2 -2 4 2 1 2 0 0 1 1 -3 0 0 -2 0 2 -4 0 1 1 0 -2 4 1 0 0 1 0 -1 -1 0 0 2 2 -1 2 3 -2 -1 0 0 0 -1 3 0 -3 -2 2 0 0 1 0 -2 1 -2 0 0 0 -1 0 0 0 0 3 0 0 1 0 2 -1 2 0 -5 1 2 0 -1 0 0 0 0 1 0 0 0 0 0 0 4 -2 -2 0 -2 0 0 2 0 0 0 -1 0 0 0 0 1 0 0 0 1 1 1 -1 1 -2 0
-4 2 -2 5 1 1 0 2 0 0 -1 2 0 6 0 -4 0 0 0 4 -1 -2 0 -2 0 0 2 0 0 -1 -2 0 0 0 0 0 -4 0 0 1 -2 0 0 0 0 2 -3 2 0 2 -2 0 -4 -2 0 -3 0 -2 -2 0 -3 1 0 -1 0 -4 0 0 2 2 2 -1 -1 0 0 1 0 0 0 1 0 0 -2 0 0 4 -3 0 0 4 1 0 -1 0 -4 0 0 -2 1 6 -1 0 0 0 -1 -2 0 -6 2 -1 32 0 -1 2 2 1 2 -1 0 0 0 2 0 0 -2 0 0 0 4 0 0 0 6 3 -2 0 2 0 2 0 1 0 0 0 2 0 0 0 -1 0 4 0 1 0 0 -2 2 -2 0 2 2 3 1 -1 -7 -2 0 -3 3 2 2 -2 0 -4 4 0 0 2 4 0 -2 0 2 -3 0 2 -4 2 1 0 2 -1 0 2 1 -4 0 2 -3 2 1 2 -1 0 4 -2 0 -2 6 -4 0 0 0 0 0 0 0 -4 0 0 2 0 4 0 0 2 0 -2 -1 2 0 2 0 -2 0 0 -1 -3 -2 2 -1 2 0 -1 0 0 -4 1 0 0 3 0 0 0 0 0 0 -1 0 0 2 0 0 -1 0 0 0 -2 2 0 4 1 0 -1 2 -3 -3 0 0 0 1 0 0 1 -2 0 0 1 6 0 -2 0 0 0 -2 1 0 -4 0 0 1 -1 -4 -1 0 0 1 0 0 0
0 0 0 0 1 0 1 -3 0 -2 -1 0 0 -1 -8 -1 0 2 5 3 0 1 -4 -1 -4 0 0 1 1 0 0 0 0 -3 -1 -5 -2 2 1 -2 0 -2 0 -1 0 0 1 -5 -1 4 -1 1 -4 0 0 1 0 1 4 0 -1 0 6 0 0 1 0 0 0 -2 2 0 2 -2 0 0 2 0 2 -2 0 -2 1 0 0 -1 0 0 0 1 -3 3 -2 0 3 0 0 0 0 0 0 -2 -4 0 2 0 0 4 0 1 0 35 0 0 0 -2 0 1 -2 2 2 -1 -2 -2 0 0 3 -2 -2 0 1 -3 0 0 0 0 -2 0 0 1 3 1 -2 3 0 -3 0 0 -2 0 -4 4 1 0 -1 1 -4 -1 0 -2 0 2 0 -3 -2 -1 0 0 0 2 -1 0 -1 0 3 -2 -2 2 0 0 0 6 0 -2 0 1 -2 0 0 0 -2 0 -1 0 -1 2 0 0 -2 0 2 0 0 0 1 -1 0 1 1 0 1 2 -2 -2 1 -2 0 4 4 0 0 0 -4 2 -2 1 0 0 -2 0 0 -1 2 0 2 6 4 1 0 0 -3 -2 0 -3 0 0 0 2 -1 0 -4 -1 0 0 0 0 0 5 2 2 -1 0 2 2 0 -6 0 0 3 2 0 4 0 1 0 0 5 1 1 0 0 -1 0 0 1 -2 0 -2 -2 -3 0 0 1 1 4 3 -3 -2 0 0 1 2 -2 0 0 0 0 5 -6 0
0 -5 0 0 -1 1 0 0 0 0 0 0 -2 0 0 -2 0 0 1 -6 -2 -4 0 0 0 0 0 0 0 2 1 -1 0 -2 0 0 2 0 -2 -1 1 0 2 0 0 2 5 2 0 0 0 0 0 0 2 1 1 0 0 0 0 0 0 4 0 0 1 -2 2 -1 -3 0 -4 -1 0 0 0 1 0 1 0 2 0 2 -3 -1 0 0 0 2 0 5 0 0 -3 2 -1 0 0 0 1 4 0 -5 0 2 -2 -1 -2 0 -1 0 32 -2 0 0 -2 0 0 0 0 4 0 0 0 0 0 0 -2 0 2 -1 2 -1 2 0 0 0 0 -4 0 2 3 1 0 2 0 2 2 2 4 0 0 1 0 0 -2 0 -4 0 -1 -3 -4 0 1 0 0 1 0 0 0 8 4 -2 -4 2 -2 0 2 0 2 0 0 2 -1 1 0 0 0 0 -2 0 2 0 2 0 -2 0 -1 -1 1 0 1 0 0 -5 0 0 1 -2 0 0 0 0 0 0 0 0 0 2 0 -2 -2 -1 -1 0 -4 2 0 0 1 -2 0 -3 0 -4 0 -2 0 2 0 0 0 1 -4 -1 0 0 -3 2 -4 3 -2 0 0 2 2 -1 4 0 0 0 0 -2 0 -2 0 0 -3 -3 -2 -2 0 0 0 0 2 2 3 0 0 -2 0 0 0 2 0 0 3 0 -2 0 -1 0 0 -2 2 -1 1 2 0 0 0 1 0 0 0 -3 -4 0
0 0 0 0 0 0 2 -4 1 0 -4 5 5 5 -1 5 5 -2 -4 -2 0 -4 -6 0 0 0 -1 0 0 -1 -2 -4 -4 0 -4 0 -6 -3 2 0 -4 -4 1 -2 0 -1 0 -4 0 -2 0 0 0 -2 0 0 0 0 -2 0 0 0 -2 -4 2 4 -2 -4 1 -2 0 2 -4 2 0 0 2 -2 0 -1 0 1 0 0 0 0 0 2 1 0 0 -1 0 2 -2 -4 0 4 0 0 -4 0 -2 0 7 2 1 -4 1 0 2 0 -2 51 4 4 2 2 4 -2 0 4 0 0 5 0 -2 0 -4 0 8 0 -2 2 0 0 2 1 4 -1 1 -2 2 0 6 -1 0 -2 0 0 3 2 0 -2 0 -1 0 -4 -1 0 0 -2 -2 -2 -1 -1 -4 0 1 -4 5 0 0 0 0 2 0 -2 -2 0 -4 0 0 0 6 -6 0 -2 0 4 3 2 4 0 0 1 0 -4 2 -1 0 2 0 -3 0 0 0 0 5 1 -3 2 0 0 0 0 2 0 0 2 -4 0 0 0 -1 -4 1 0 0 4 -4 0 0 2 0 -2 0 0 3 0 0 -2 0 0 -1 1 0 0 -2 0 1 0 0 4 2 0 0 -3 0 0 0 4 0 2 3 6 0 0 -2 0 0 0 -3 0 -4 -4 1 0 2 0 3 0 5 0 0 3 1 -4 -2 0 1 0 -2 0 4 1 -2 0 -2 0 0 5 4 -1 -3 1 2 6 -2 0
1 4 2 2 3 -1 1 1 2 2 0 -1 0 8 0 0 1 0 1 0 0 0 0 2 -1 2 0 0 0 0 -2 -2 0 0 3 0 -3 -1 0 0 0 1 0 0 2 -2 0 -2 2 0 1 -2 0 1 2 0 0 1 0 0 -1 0 2 0 4 0 0 -5 1 1 0 0 0 1 -1 0 0 0 0 0 0 0 2 0 -3 0 0 0 0 1 0 0 1 0 -2 -4 0 -1 -2 -1 0 0 0 2 1 1 0 3 1 0 2 0 0 4 27 4 -1 0 0 0 0 0 0 2 4 3 0 -2 -1 -3 -1 0 -1 -3 0 -2 -4 2 0 0 2 0 -1 0 0 -1 -2 3 2 1 -1 0 0 0 2 0 -2 0 0 2 0 -3 -1 0 -2 -1 -1 -2 1 0 0 0 0 0 2 0 1 -5 0 0 1 0 0 -1 4 0 2 -1 5 0 -2 1 0 1 1 2 0 2 -2 -1 1 1 2 0 2 0 -1 -3 1 -2 4 0 0 0 0 2 0 1 -1 -1 2 0 0 -1 2 0 0 0 -2 -4 0 2 -2 0 1 0 2 0 0 0 -2 0 0 0 0 -1 -2 0 -2 0 -1 2 0 -1 -2 0 1 0 1 0 0 0 0 0 1 4 -2 0 -1 1 0 0 -4 0 0 0 -1 2 -4 -1 0 0 -1 0 0 -2 0 2 2 -1 0 0 0 2 0 0 2 0 0 -4 0 1 -2 0 0 0 0 0 1 -1
0 -2 2 2 0 -4 2 4 0 4 0 -4 1 -2 2 4 1 0 0 0 -3 1 -3 -1 0 0 0 0 -2 2 5 -1 0 0 2 0 -10 1 0 1 0 5 0 -2 -2 -4 0 -2 4 0 0 -4 -6 0 4 -3 0 2 0 0 0 0 -2 1 3 0 0 0 -6 -3 4 -4 0 0 -1 0 1 -2 0 -4 0 0 0 0 0 2 -2 2 0 -2 1 -1 -2 0 4 0 0 2 -4 -6 -2 4 -2 0 4 2 0 4 3 0 1 -2 0 4 4 45 2 -5 -4 0 -2 0 1 0 2 1 -2 2 0 1 1 0 1 1 -2 0 -6 0 0 0 2 -2 0 0 4 2 -4 0 -1 0 0 0 -4 4 2 0 0 0 0 -2 0 4 4 0 -2 0 0 0 -1 -1 0 0 0 0 4 -4 5 -2 2 0 0 0 -1 -3 -1 4 0 -2 0 6 0 0 0 -2 5 0 0 0 -1 0 0 -1 -3 3 10 2 2 0 7 -1 -2 2 0 0 -2 0 -2 2 0 0 0 4 2 1 4 0 1 -4 -1 0 -2 -3 0 0 0 4 1 0 0 -4 2 0 0 4 0 0 -2 -1 2 1 0 0 0 5 2 0 1 0 1 -1 -3 0 0 0 2 -4 0 -1 -4 -4 4 -3 -2 0 2 0 0 1 0 0 -6 0 0 5 4 0 4 0 5 0 5 0 -2 0 2 0 4 -4 1 0 -4 5 0 0 0 0 2 -2 0 2
1 0 0 0 2 1 0 0 0 1 0 0 -4 0 0 0 0 -1 1 6 -2 0 -2 -2 -2 1 0 0 2 2 1 0 1 0 2 2 2 0 -1 -1 6 0 -2 -2 1 -4 -2 0 0 0 -2 0 -2 1 0 -1 -2 0 -3 0 1 1 0 2 2 -2 -1 -2 1 3 0 -2 -2 -2 1 -2 0 0 -2 3 0 1 0 0 0 0 0 0 0 -1 1 1 0 0 2 -3 1 0 -2 0 0 0 3 0 3 4 1 -1 0 -1 2 0 -2 2 -1 2 38 -1 0 1 0 1 0 0 -1 -2 -3 0 1 1 -1 1 -1 2 2 0 1 -2 -2 0 6 1 0 -4 2 0 0 2 0 0 0 -2 0 1 0 0 1 0 1 0 4 0 -3 0 -2 0 6 -2 0 -2 1 -4 0 -1 -3 5 -3 0 1 -4 0 0 -2 -3 -2 1 0 -1 0 -1 4 1 -2 2 -2 4 0 0 -1 0 0 0 4 4 -2 -5 0 0 0 -2 0 1 0 -2 0 -1 0 -1 0 0 -2 0 -1 -1 0 0 0 3 0 2 0 -1 0 -1 0 -1 0 1 2 -2 2 0 0 -2 0 1 3 4 0 5 2 -4 0 2 0 1 0 -5 2 0 0 0 2 -9 5 0 2 2 0 -1 -1 -4 -1 -1 -1 0 0 -2 -1 1 0 2 2 0 -2 0 -2 -2 5 0 0 3 2 -2 4 8 1 2 -2 -3 0 2 0 -7 0 0 0 2 -1 0
0 0 0 0 0 0 1 0 0 0 0 0 2 1 2 0 0 0 -2 -2 4 0 0 0 0 0 -2 2 0 2 0 2 0 0 0 1 0 0 0 1 -1 1 0 1 0 2 0 -1 0 0 0 -1 2 -1 -2 0 0 -1 0 1 2 0 2 -1 -2 0 0 0 0 1 2 4 0 2 0 1 0 0 0 -1 3 0 -4 2 0 -3 1 0 1 -2 -1 1 0 2 -1 0 0 2 -2 2 -2 -4 -4 0 1 1 1 -4 -2 1 -1 1 0 2 0 -5 -1 20 0 0 0 2 0 0 -2 2 -2 -2 0 0 0 0 1 0 4 0 -2 4 0 0 0 2 0 0 1 0 0 0 -1 0 -2 2 -2 0 -1 0 0 -1 1 0 0 -2 0 -1 0 -2 0 0 -1 2 0 0 1 0 -1 0 -2 -4 2 1 0 -4 1 4 0 0 -1 -1 0 0 -1 -2 0 2 -3 0 -2 -2 -1 0 0 -2 1 0 0 1 -2 0 -4 0 0 -1 -2 0 2 1 -3 -1 2 0 0 -1 -3 2 -2 1 0 -1 -2 2 0 5 0 2 0 0 0 0 0 6 1 -2 0 -1 0 2 0 -3 -1 -5 0 1 -2 0 1 0 0 0 0 1 -1 0 2 2 1 8 1 0 -1 0 0 -1 0 0 1 0 0 0 0 -2 0 2 0 -3 -3 2 1 1 0 -1 1 1 -6 0 0 0 -4 -2 2 0 2 1 0 0 1 2 -2 5 0 0
0 3 -2 1 0 0 -2 -4 0 0 0 -1 0 0 -4 1 2 0 -6 -2 0 0 0 0 -1 0 1 0 -1 0 0 0 0 0 -2 0 4 0 2 2 1 0 -1 1 0 2 -1 -2 -1 0 0 -1 0 1 0 -1 -1 0 0 0 1 1 2 0 0 4 -1 4 4 0 0 0 0 0 2 0 2 1 0 0 0 -4 0 0 0 0 0 4 1 -1 -2 0 0 0 0 -2 4 0 0 4 0 0 4 0 0 4 -2 4 -2 -1 0 -2 0 4 0 -4 0 0 32 2 -1 0 2 0 -3 0 4 0 -2 -4 1 2 -2 0 0 2 0 1 0 2 2 0 -4 0 0 -2 1 0 1 0 2 0 -2 0 4 0 0 -3 0 0 0 -1 0 3 2 4 0 -2 -2 4 -2 0 -1 1 6 1 1 2 0 1 0 0 -1 1 0 -8 0 1 0 0 1 1 2 -2 0 3 0 0 0 4 0 0 -3 0 -2 2 -1 0 0 0 -3 3 -1 1 1 2 4 -4 0 -1 -3 1 -2 0 0 -6 0 0 2 0 -4 -2 -2 0 -2 -1 0 -4 6 0 0 0 -2 -2 -5 3 -1 0 0 0 2 -3 0 0 0 1 0 -1 -1 0 -6 1 1 1 0 -2 0 0 1 1 0 -1 1 -2 0 0 0 0 0 0 4 2 -1 2 3 2 0 0 2 2 0 0 0 -4 2 0 -2 0 0 2 -1 -3 4 0 0 0 -2 0 0 0
0 2 2 0 0 -2 0 4 2 0 0 0 0 2 4 0 0 6 1 0 2 4 1 0 0 1 -1 0 -3 4 0 1 2 9 4 1 0 -2 1 0 -4 -5 0 4 0 4 4 0 0 -4 2 4 2 -4 -1 0 3 0 0 -6 0 0 2 0 0 0 -1 0 1 2 0 2 0 -2 1 1 0 0 -2 0 0 1 0 0 1 0 0 -6 0 1 0 0 1 0 2 0 -2 0 0 -2 2 4 0 2 0 3 2 0 -2 -2 0 2 0 -2 0 0 1 0 2 42 2 2 -2 0 6 -2 -2 0 -2 0 4 0 1 0 4 0 0 -1 -2 3 3 3 0 -2 -1 -1 1 0 -2 4 0 0 1 2 -2 1 -2 0 3 0 0 0 0 0 1 2 -2 0 0 1 2 0 -1 0 -1 -2 2 1 0 0 3 2 0 0 0 -1 2 2 0 -1 -9 -2 0 3 0 0 0 0 4 -1 -1 0 0 1 -3 -5 -2 -1 5 2 0 1 2 0 0 0 -1 1 1 0 -1 2 -10 2 0 0 0 3 -4 0 0 1 0 -3 1 3 0 -5 -1 2 1 0 -3 -4 3 0 -2 0 0 3 -4 0 0 2 -4 -1 -4 0 -1 4 0 -1 2 0 0 0 -1 0 0 0 0 1 0 -1 0 0 3 -4 0 0 2 0 0 -3 -1 2 0 -5 0 0 6 -2 2 2 1 -1 1 -2 -1 -2 0 -2 -1 0 0 0 -4 0 -2 -4
0 0 1 0 0 -2 -1 0 0 0 1 2 1 -4 1 0 -1 -2 3 -5 0 6 -4 -1 0 0 2 2 -1 0 -2 1 0 0 2 0 0 -2 -1 1 -1 -1 -2 -1 1 2 0 0 1 -2 0 1 0 1 1 -2 0 -2 -2 -1 -2 0 -3 3 1 -1 0 1 1 -3 0 0 0 -1 -2 0 0 2 -1 0 1 0 0 0 0 0 2 1 0 -1 0 0 0 0 0 0 0 -2 2 3 1 2 0 0 -2 0 0 0 0 -1 0 2 0 0 0 -2 0 0 -1 2 28 0 -1 -2 5 -2 0 0 1 -2 0 0 4 0 0 -4 -1 0 0 -1 0 0 -1 0 1 1 1 0 2 3 0 1 0 0 0 0 0 2 -3 0 0 2 -2 0 0 2 0 0 -1 -2 1 -1 0 0 0 -3 0 -3 0 -1 0 4 2 1 -2 3 1 0 0 0 0 -4 1 0 0 2 0 -2 -2 1 -2 2 2 -2 0 0 -1 -1 0 0 0 2 -1 0 0 -1 0 2 0 0 0 4 -2 0 -3 -1 0 -1 0 0 0 -1 0 1 1 -7 1 0 0 0 4 0 1 0 4 -2 -1 1 -1 0 0 -2 2 1 -1 1 -1 2 0 -1 0 3 2 2 2 0 1 2 1 1 -1 2 0 5 -2 0 0 -1 1 0 1 -4 1 0 0 0 -2 2 1 0 2 0 0 1 5 1 2 -3 0 -1 -2 0 0 0 0 0 1 4 0 0
4 -4 -2 2 4 2 0 7 1 2 -1 -2 4 1 1 -8 0 3 0 2 -8 0 5 0 -2 0 0 4 0 0 2 0 0 0 0 2 0 0 -2 -1 -2 -2 0 0 -2 0 4 -3 0 0 -4 0 1 0 0 0 -2 0 0 1 0 0 1 2 0 0 -2 0 0 2 -2 1 2 -2 0 -3 0 0 0 0 0 0 0 0 -2 4 2 -3 0 0 4 0 -1 4 0 0 -2 0 0 2 -1 2 1 -1 0 -6 -1 -2 0 0 2 -1 4 4 0 0 1 2 0 2 0 38 0 0 0 -2 -1 -2 -3 2 2 2 1 1 4 0 2 0 0 -2 1 -1 2 0 4 0 -2 3 1 0 2 0 1 0 0 0 5 0 0 0 0 2 0 0 0 0 0 0 4 0 0 0 1 0 0 4 0 0 0 0 0 0 -2 3 -2 0 0 -1 -4 -1 -2 2 1 0 -4 0 4 0 -2 -2 -1 0 2 0 0 -4 0 1 -2 0 0 0 0 0 4 -1 6 -4 0 4 0 0 0 0 -5 2 1 0 0 4 -2 0 0 -4 -4 0 0 3 0 -2 0 0 0 -2 3 0 0 -1 2 4 0 0 0 0 3 1 -2 -2 4 0 0 -3 2 0 2 0 0 0 -1 -1 -4 -2 0 2 0 -1 2 -2 2 0 0 0 0 -1 0 4 0 -4 2 0 1 0 -4 0 0 2 0 0 0 1 0 4 0 0 1 0 0 1 -2 -1
4 3 4 0 -3 0 0 1 1 -3 0 0 0 0 2 2 2 0 -5 0 0 0 -4 0 2 2 3 0 -2 -2 0 -4 0 0 3 0 2 0 2 -2 0 -2 0 -1 4 -4 1 4 2 0 -2 0 2 4 4 0 -10 0 2 0 6 0 0 -7 -2 4 0 0 -1 0 0 0 1 6 -2 0 1 -2 0 0 -2 0 -1 0 -2 0 -2 -3 0 2 4 -1 2 -1 -1 6 3 1 4 -2 -1 2 0 0 0 2 0 1 5 -4 0 -2 0 0 0 1 0 0 2 -2 -1 0 44 2 -2 1 0 0 -2 4 0 -2 -1 0 0 -1 -3 2 0 0 0 0 0 -1 -1 -1 1 -1 6 1 -3 0 -3 0 0 0 -4 0 -3 -2 0 2 0 2 -3 0 0 1 0 -2 -1 0 -2 4 1 0 4 1 0 0 0 2 -3 1 -1 2 2 -6 4 -4 0 -2 4 0 1 0 0 -2 0 1 -2 2 -2 -4 -4 0 -2 0 2 0 0 2 2 0 3 0 -1 -6 0 0 -2 0 2 8 0 1 0 0 1 0 -3 1 5 4 0 -2 6 -6 -2 6 4 3 0 -3 0 0 2 -2 0 3 -4 0 1 1 -2 -2 0 0 0 1 2 -1 1 -2 4 -1 4 4 0 -4 0 2 -3 0 0 0 -1 0 -2 0 1 0 2 3 0 -2 0 2 0 5 -2 0 0 0 2 -1 1 3 0 1 0 -1 1 0 -8 1 -4 0 0 -2
1 1 0 4 4 1 1 0 0 -4 0 0 -2 0 3 -4 1 5 0 0 3 0 0 2 0 0 0 0 -2 -2 0 1 0 2 -1 0 3 0 -4 1 4 7 2 1 2 1 -1 0 0 0 0 0 0 -1 -1 -3 0 0 -3 0 2 0 0 0 -1 0 0 0 -1 4 -1 0 3 0 -6 -2 1 0 2 0 0 0 0 -4 -4 -1 0 0 0 2 -2 2 0 1 -2 0 1 -2 -2 -3 0 2 -2 0 0 3 0 4 0 -1 0 -2 0 0 2 0 0 0 0 0 -2 0 2 27 -2 2 -3 0 -2 0 0 0 2 -5 0 0 -4 0 0 -2 -1 0 0 0 -1 -6 -1 4 2 0 -3 -2 -1 0 2 0 1 0 -8 0 -4 0 0 0 0 0 0 -2 1 1 0 0 4 2 0 0 0 1 0 1 -1 0 0 -2 2 0 4 1 0 0 -5 0 1 1 0 2 0 -4 1 -1 0 0 0 2 1 1 0 0 2 0 0 2 0 2 -2 0 0 -5 0 1 0 0 -4 4 1 1 0 0 3 0 2 -1 -4 0 -1 2 0 1 0 -1 0 0 0 2 0 0 0 3 -4 0 0 0 -2 -4 0 0 0 0 2 1 0 -2 0 -1 -2 0 0 2 0 -2 1 0 0 2 1 0 -2 0 2 0 0 0 1 0 0 0 -2 -2 0 1 4 0 0 0 0 -1 0 2 2 1 0 -5 -2 -1 -5 0 0 -2 1 -2
-2 -1 0 -1 0 -3 -2 0 1 1 4 4 3 6 0 2 -3 -2 2 7 -2 1 -4 -1 2 -1 0 0 -8 2 4 -5 -3 -2 3 0 0 -3 1 0 3 -6 -1 -2 0 2 0 2 1 -3 0 -1 0 -4 2 0 0 0 3 -3 2 -1 -7 6 4 2 0 0 0 -5 -3 -1 0 0 2 4 1 0 1 0 0 -3 -6 -2 -1 -1 0 0 -1 7 2 1 0 -1 0 -2 2 0 2 -6 -3 1 2 4 2 0 2 -2 4 0 -2 0 0 5 4 2 -1 -2 -3 6 5 0 -2 -2 62 1 -1 0 1 1 0 4 2 -2 -1 -2 0 3 0 -3 0 0 1 1 0 9 -4 -4 9 3 0 0 2 -1 -4 -2 0 -1 0 0 2 3 0 5 -1 4 0 0 0 -3 1 -4 3 1 -3 0 0 -2 0 2 -1 2 0 -3 -1 2 -3 -2 6 0 1 0 -1 1 -1 0 2 -1 -1 7 1 1 0 -2 2 -1 -2 1 0 1 -2 1 4 -1 -2 -2 -3 -2 0 0 -3 2 -3 0 0 0 1 -1 -5 -1 5 -1 2 -1 4 -4 1 1 -5 0 0 4 2 -7 2 2 -4 4 1 3 1 0 4 -4 0 0 2 -1 5 -2 -2 4 3 4 -3 8 0 -8 -1 -2 -2 0 -3 -8 0 0 0 -1 0 0 -1 -4 1 6 1 -5 0 -2 0 2 -2 0 0 1 0 -2 1 -5 1 0 0 0 0 2 0 -2 4 3 2 -2
2 4 -2 -2 1 0 2 0 1 -2 0 -1 0 1 -2 6 0 0 -3 -1 5 1 2 5 0 3 1 -2 -6 2 1 -1 0 -2 -2 2 3 0 1 2 2 -2 -2 -1 -2 0 4 2 0 -1 1 -2 -1 1 -2 2 0 -2 1 1 1 0 2 0 0 5 0 -2 1 -2 -1 0 2 0 -2 -2 0 -2 1 0 0 2 5 0 0 -2 0 1 0 -2 4 2 3 0 0 -3 -2 -2 0 5 0 5 0 2 2 1 0 0 0 -2 0 0 0 0 3 1 -2 2 0 -2 -2 -2 1 2 1 41 0 -3 0 2 -5 -1 2 2 -2 -2 0 4 -2 0 0 1 0 2 0 -4 -2 1 -1 2 -2 4 -1 0 0 -1 4 0 -6 0 -2 -4 2 0 0 0 0 0 0 0 -3 0 2 2 4 0 2 0 1 -4 0 0 -2 5 6 1 0 2 0 4 0 3 4 1 1 0 0 -2 0 0 1 -2 4 0 0 0 4 -1 -3 -4 -4 -3 -2 0 1 2 2 2 -3 0 0 0 0 0 0 -1 0 4 -2 -4 0 -1 1 7 1 2 2 0 -1 0 3 -2 0 -1 1 2 1 4 1 0 -5 0 0 -2 -2 -2 4 4 0 1 -6 -2 0 -5 0 -1 2 0 0 0 -2 3 2 0 -1 0 1 0 4 -2 3 -4 2 1 0 0 2 -5 2 -4 5 3 -2 2 0 0 0 -2 4 3 -2 1 0 4 2 0 2 0 0 2
1 -2 0 0 1 0 0 -2 0 0 -4 0 -4 -2 0 0 2 1 1 5 -2 0 0 2 0 0 0 0 -2 2 1 0 0 -4 -3 2 -3 0 2 1 0 -1 0 -2 1 0 0 0 -2 0 0 4 0 1 -1 0 1 1 2 0 -6 -4 0 0 0 0 0 0 0 -6 2 2 0 4 0 1 -1 0 2 1 -4 -8 0 1 0 1 0 1 0 0 -2 -4 -2 -1 0 0 -5 -1 2 0 2 -2 0 2 -2 0 -2 1 0 1 0 3 0 -2 0 -2 -3 -2 4 -2 0 -1 0 -3 -1 0 33 0 2 2 -2 0 -1 -2 2 2 5 0 -2 -1 -4 -2 0 0 -2 4 1 1 1 0 0 0 -1 0 0 0 0 0 0 2 0 0 0 0 1 0 -2 2 0 0 0 0 0 0 5 -1 1 0 0 -2 1 0 0 -1 0 0 0 -1 0 -3 0 1 3 -2 0 0 0 0 2 0 0 2 0 -1 4 0 0 1 -2 0 0 -2 0 0 2 4 0 0 -4 2 1 0 0 4 -1 -6 0 5 -8 0 0 1 -2 0 0 0 1 0 -4 0 0 2 -6 -1 0 0 3 0 2 0 0 0 4 -2 -1 0 1 0 0 1 -2 0 -6 4 0 0 2 1 0 1 0 0 0 0 0 0 0 -2 2 0 0 1 0 0 0 0 0 -2 0 0 0 0 -2 1 0 0 -2 0 -2 2 0 0 0 0 1 4 0 0 0 5
-1 1 0 0 -2 0 0 -2 0 -1 0 0 0 5 0 0 -2 0 0 2 -1 0 4 0 2 0 0 -1 0 0 4 4 0 0 0 2 4 0 0 0 0 0 0 0 0 0 0 0 0 1 -3 2 0 0 -2 1 0 0 0 0 0 0 -1 0 0 0 0 1 -2 0 0 1 0 -4 0 2 -4 -4 0 0 0 0 0 0 0 0 1 0 0 0 -2 -2 0 0 2 -1 -2 0 0 0 1 0 0 0 0 0 -3 0 0 0 0 -2 0 0 -2 2 0 -2 0 0 0 -2 0 0 0 -3 0 21 0 -1 2 0 0 2 0 -4 0 0 0 0 0 -3 0 0 1 -4 0 -1 -1 0 0 0 0 0 2 0 4 0 2 -4 2 2 0 2 0 2 0 0 1 0 1 0 0 0 -1 -2 2 1 0 0 0 0 -2 -3 0 2 -4 1 0 0 0 -2 0 -3 -1 0 0 0 0 0 0 0 -1 0 0 -4 2 0 0 1 0 2 -2 0 -1 -3 0 0 0 0 0 -2 2 0 0 -4 0 2 0 8 0 0 0 0 -2 0 0 0 0 0 0 0 0 0 0 0 0 -2 -1 -2 1 0 0 0 0 2 -1 0 0 -2 2 2 -1 0 -1 0 0 1 -4 2 0 -4 -2 -2 3 0 0 1 0 -2 4 2 0 2 0 0 0 0 0 0 0 -1 1 0 0 0 3 0 1 4 0 -2 0 -2 0 0 0 0 0 1
0 6 1 0 0 -1 0 -2 2 0 0 0 2 0 4 0 2 -2 -4 0 2 -2 0 -1 2 1 -6 2 0 2 1 0 0 -2 -1 0 2 0 5 0 3 2 -1 4 0 6 0 -2 -4 0 0 0 -2 2 -1 8 4 0 5 0 0 0 0 2 2 0 1 6 -2 0 0 -3 5 0 1 0 1 2 2 1 0 2 0 0 2 0 -4 1 0 0 0 1 -2 -1 0 3 1 1 0 0 -1 -2 -1 1 0 0 0 -2 -4 0 4 -2 -2 -4 -1 0 1 0 -2 -2 1 -3 -2 -2 1 0 2 0 48 0 0 0 2 -2 -2 0 0 -2 2 0 -2 2 8 4 9 -2 -4 2 1 0 10 0 0 0 -2 -2 -4 0 0 -2 -1 8 2 0 0 0 0 0 0 4 4 0 1 5 -2 1 0 0 -1 1 -2 -2 0 -3 0 1 -4 1 2 -2 0 0 -2 0 0 0 0 2 3 0 0 -2 3 -2 2 0 2 1 0 4 0 0 2 0 -2 -1 2 0 3 0 2 0 5 -1 1 2 -2 2 0 0 0 0 0 2 0 3 -5 -2 -2 0 0 4 1 3 1 2 4 -3 1 -2 0 0 4 1 -3 0 -4 -2 0 0 -4 -1 1 0 1 3 -1 -6 1 0 -2 3 -2 0 -1 0 -2 0 -3 2 2 1 -4 0 0 -5 0 0 1 -2 2 2 0 0 2 0 0 -6 0 0 0 1 -2 0 0 0 10 0 0 2
-1 0 3 -2 0 -2 4 2 0 -3 -7 0 0 0 0 -2 -4 0 1 6 0 4 -4 0 0 2 2 1 -4 0 0 0 1 0 3 -2 -3 2 1 -4 -2 -1 -4 -2 -6 0 0 2 0 1 -4 0 0 1 0 1 1 -4 0 0 0 -2 0 2 0 0 0 1 0 -2 0 0 0 2 0 -6 0 -6 0 0 0 -2 0 0 -2 -1 2 2 0 1 2 -1 0 0 2 0 0 0 -1 2 -2 5 0 0 0 0 0 2 2 0 0 0 0 0 -3 1 1 0 -4 0 -2 2 4 0 1 2 2 -1 0 52 -4 0 0 3 -1 4 -2 -1 0 -1 2 -1 -2 -2 0 -2 2 1 3 5 -2 0 2 -2 0 5 0 2 2 0 0 5 4 0 0 0 0 8 -1 -4 4 2 0 0 4 4 1 6 -2 -2 0 -4 -4 4 0 7 -1 -1 -3 8 0 4 0 0 0 0 0 -1 0 2 0 -1 -4 4 -4 0 0 3 0 2 -1 11 0 0 0 2 1 -2 0 0 1 -4 0 5 0 -1 1 -2 -2 0 0 2 -4 4 0 0 0 2 0 -2 4 2 0 -9 4 -1 0 3 0 2 1 -2 0 4 2 -6 3 4 1 0 -5 0 -1 1 1 -2 3 -2 4 1 -2 -2 0 -10 0 0 0 -1 2 0 2 0 -2 -1 0 -4 4 -4 -2 0 0 0 -4 -1 -1 0 3 1 -6 0 4 -2 0 -4 0 0 0 0 -1 -1
0 2 4 0 8 -2 -2 2 0 1 -4 0 0 -2 2 -2 5 0 -2 -2 -1 -1 0 -1 0 -2 0 -2 1 -2 1 -5 0 4 1 0 1 1 0 1 0 1 0 0 -1 0 1 -1 0 -2 0 1 1 0 0 4 -4 0 0 0 0 0 -2 0 -2 2 0 0 0 -1 1 0 2 0 0 0 3 -2 0 0 0 -1 0 1 1 0 -4 -4 0 1 -1 2 -6 2 0 0 1 0 -2 2 0 3 0 0 -2 3 0 0 -3 1 0 1 2 8 -1 1 -1 0 1 4 0 2 0 0 0 -5 -2 2 0 -4 51 -2 0 0 1 0 3 0 0 -2 4 0 3 0 2 -2 2 4 0 0 0 0 1 -2 1 0 -2 0 0 0 0 3 0 -1 -6 2 0 3 0 -1 -1 0 -1 6 2 7 -2 -2 -9 0 0 2 2 -4 -4 3 -1 3 -1 2 0 0 0 0 -1 0 2 -4 0 -1 2 0 -1 -4 8 0 -4 0 2 1 -2 5 2 0 -7 0 0 2 -1 0 -6 0 2 0 0 -2 0 3 1 0 -4 0 0 -2 1 -2 0 -2 2 0 0 -6 0 -2 0 2 0 -4 4 0 -8 0 -1 -10 -2 4 -2 -2 4 0 3 0 -2 -2 8 1 0 0 1 0 1 0 -1 0 -2 0 2 -3 2 0 2 3 1 4 0 -6 0 -4 -1 0 0 0 0 0 2 -14 -2 0 0 0 0 2 0 -4 0 -2 2 5 2 0
-2 2 2 -2 0 5 -1 2 1 2 -3 3 -1 0 2 2 0 0 0 0 0 -2 0 0 2 -2 2 0 -2 0 2 1 0 2 1 5 0 0 0 0 1 0 2 3 -1 1 4 0 0 0 0 -2 2 0 3 1 0 0 -4 1 -2 -2 -1 5 0 -1 0 8 0 0 -2 -2 -1 2 2 5 0 4 0 0 -1 0 -4 0 0 -4 -2 3 0 -3 -1 0 -1 0 -2 2 -1 2 0 0 -6 2 9 1 0 -1 -1 2 5 -1 0 -3 -1 0 0 0 1 0 2 0 0 2 -2 0 4 -1 0 0 0 0 -2 47 -3 2 4 -2 2 0 0 -2 2 3 2 0 1 -2 0 4 -1 4 2 0 -2 2 -1 2 -1 0 0 1 0 -1 0 -1 4 3 0 2 0 0 -1 -2 1 0 2 -4 -4 0 0 4 2 -5 -2 0 1 0 -2 0 -1 0 4 0 -2 0 -1 -4 -4 -2 3 0 -2 2 -1 0 0 -1 0 1 -1 0 4 2 2 -2 -2 4 -6 0 2 0 0 -2 0 -4 0 2 1 0 0 0 -1 -2 1 -4 -6 0 -2 2 1 0 2 2 -2 1 0 4 0 0 6 -1 2 1 -2 0 0 0 1 -2 2 0 0 1 0 0 -2 -3 -1 0 -5 -4 0 0 0 -5 -2 0 -1 0 2 2 0 1 0 -3 0 6 0 10 1 0 -2 -3 -5 0 -3 0 -2 -5 0 -1 -2 0 0 5 0 0 0 3 2 0
0 1 0 2 2 -4 -1 0 0 0 0 -2 0 -4 0 0 0 0 0 0 0 2 1 0 -2 0 1 2 0 1 5 1 4 0 1 0 1 2 2 0 0 0 -2 0 0 2 0 -1 0 0 -2 0 0 -2 0 1 0 2 0 0 2 0 -4 1 1 0 4 -1 0 0 0 0 0 -6 0 0 2 1 1 -1 2 -2 6 -1 0 0 0 0 0 4 -2 2 0 0 -4 0 -1 1 0 2 0 0 0 -1 0 0 -1 -3 1 0 6 0 2 -2 -1 1 -1 1 -2 1 4 1 -1 2 2 2 -1 0 2 0 0 -3 37 0 0 1 3 2 -4 -2 2 2 2 0 0 0 0 1 -3 0 6 2 -6 0 0 1 2 3 0 0 0 5 0 2 -2 0 4 -2 5 0 2 0 0 0 1 0 -1 -2 2 0 -2 5 0 2 0 0 0 2 0 0 4 0 0 -2 -4 0 0 -2 -1 -2 0 2 0 -4 -2 0 2 0 1 2 0 0 0 0 0 0 0 1 0 -4 1 0 0 0 1 0 1 0 0 0 0 0 0 -2 1 -4 -2 0 0 0 1 0 2 0 4 -2 -2 0 -2 0 0 0 0 0 0 -2 0 0 0 0 0 -1 0 0 0 3 -4 1 -1 0 2 0 0 0 1 0 -4 0 2 0 0 0 2 0 0 6 0 -6 -1 0 4 -3 0 2 1 0 4 4 0 0 0 0 -13 -2 0 0 2 -1 -2 6
-3 3 5 -5 5 2 1 0 -6 -2 0 4 -4 0 -5 4 2 -3 -7 -1 2 4 -1 -4 2 -1 1 -2 -6 2 1 0 2 -4 1 3 1 2 4 -2 4 3 -2 10 -2 0 -9 2 0 0 0 0 -1 3 -3 -2 0 -3 -2 0 3 2 0 2 3 -3 2 0 2 0 0 -2 -4 0 1 0 2 -5 6 -1 -1 0 6 2 0 -6 0 9 -2 0 -7 0 6 2 6 0 -3 -2 4 5 0 -1 4 2 1 -1 -2 0 -2 -1 3 0 -1 2 -3 1 2 0 0 0 0 1 0 -5 -2 2 -2 2 -2 3 0 2 0 84 2 -4 3 1 2 1 -2 -1 -1 6 1 0 3 4 -3 4 -6 4 1 1 -3 1 2 2 0 4 6 5 5 1 -1 0 -2 -1 0 -1 1 -1 -4 -6 -2 -2 -1 5 1 4 4 4 0 -2 6 3 0 -4 4 10 -3 3 -2 -1 0 0 0 6 -4 2 2 -1 -4 6 1 -3 1 -2 -2 -4 2 -6 -6 0 6 -2 -2 -3 1 0 -4 5 2 -6 0 -2 0 -2 -2 -4 2 1 -2 -1 -1 0 0 0 0 1 -4 2 2 5 -2 -3 -1 -2 1 1 0 -4 -2 0 -3 2 -1 4 -1 -6 4 2 -4 0 -6 -2 0 0 -4 -1 0 -2 0 0 2 1 2 3 -2 0 0 0 2 2 1 0 10 6 4 0 -4 4 -6 5 -2 1 0 -7 3 -2 0 -3 0 -3 0 0 -2 1 3 1
0 3 0 -2 0 0 0 0 3 -1 0 1 -2 -2 0 0 2 1 0 2 8 0 0 2 -2 -3 0 -2 0 3 2 -6 2 0 5 6 1 0 -3 0 5 2 0 0 0 0 0 0 0 -1 0 2 2 1 -3 0 0 -2 0 0 2 1 2 2 -2 2 0 0 -1 0 -4 4 2 -2 1 -1 0 0 1 -6 0 2 0 2 0 1 0 0 4 -2 -2 -2 0 0 0 4 -5 0 0 6 0 -4 1 -2 0 2 0 2 -1 0 -2 0 2 0 0 -2 2 4 0 4 0 4 0 0 -1 -2 2 0 -2 -1 1 4 0 2 45 -2 2 -1 3 1 1 5 1 -2 -4 6 0 0 -3 0 0 0 0 4 1 0 3 -2 2 2 -2 0 -2 0 5 -4 0 4 -2 2 4 0 2 2 -2 -1 -2 0 0 4 0 5 0 3 -2 3 1 2 0 3 -2 0 2 0 -6 0 -2 0 3 2 1 -2 -2 -2 -1 -1 -4 2 -2 2 0 4 -1 -2 4 -2 0 2 0 3 -1 4 -12 0 2 -4 4 1 -4 -1 -2 8 -2 -3 -4 2 2 0 -6 4 0 0 -4 2 -9 4 2 0 2 3 1 0 -2 -2 4 2 0 0 0 -2 0 -4 0 0 0 4 -3 2 -6 -2 3 -3 0 0 0 1 2 0 0 4 0 0 0 -3 0 -4 0 0 2 2 0 0 -3 0 -2 0 1 -3 0 -3 -2 0 -2 -2 0 4 0 2 2 0
0 -6 0 0 0 -2 2 0 -2 -1 0 -1 0 0 0 -4 0 0 0 2 -1 -2 0 -1 0 3 -1 0 0 0 3 0 2 4 -1 0 -4 0 0 4 -4 0 0 -2 0 0 0 0 2 0 0 0 0 0 0 0 0 -1 2 -2 0 0 4 0 0 0 2 2 -2 0 0 0 0 4 2 0 0 4 -2 2 2 -2 1 2 0 4 0 -4 0 0 -1 2 -2 -4 0 -1 2 0 0 2 0 0 2 -3 0 -1 2 -1 0 0 0 0 0 0 -2 0 0 0 2 0 -4 0 -1 0 -2 -2 2 -4 0 4 0 -2 1 -4 -2 29 0 0 0 0 -2 0 0 0 0 0 0 -2 2 -1 1 0 0 0 0 0 -4 0 0 0 2 0 0 0 0 -2 0 0 0 0 -2 0 0 0 -1 2 -1 2 0 0 3 -4 0 0 -2 -2 -3 -1 0 0 0 5 0 0 4 4 -4 0 0 -5 -2 0 0 0 0 0 -2 0 0 2 -5 0 -4 0 0 1 0 -1 0 0 0 -4 2 -2 0 2 2 0 1 0 0 -2 0 2 0 0 -2 6 0 -2 0 0 -1 1 4 4 0 0 -1 0 0 4 0 0 0 0 -4 0 0 0 0 0 0 1 -4 -2 2 1 2 0 -2 1 2 -4 2 0 0 0 2 -2 0 0 0 0 0 3 0 -2 0 0 0 0 0 0 0 0 0 0 -2 1 4 0 0 0 0 0 -4 -3 0 0
0 3 -1 1 0 3 0 -6 0 -3 8 2 2 -2 -2 -3 4 1 -5 -4 2 -10 1 0 0 0 0 -2 2 3 -1 0 2 2 -2 -2 -4 1 -1 4 0 -1 0 -2 -5 4 0 2 -4 0 4 6 -2 0 -2 -1 0 4 0 0 -3 -4 0 0 -1 3 2 1 4 -3 -2 0 -1 -1 6 2 -1 0 0 3 -5 3 -4 3 0 0 -2 -2 0 0 -2 4 0 -6 4 0 -4 1 4 6 4 0 2 4 0 0 -2 -6 -6 0 2 -2 0 2 -4 -6 1 -2 0 0 -1 2 -3 -4 0 0 5 0 0 -2 3 2 3 3 2 0 59 -2 2 -2 -2 1 2 0 -2 1 -2 2 -2 -1 0 0 -2 1 2 1 0 -2 3 4 0 -4 0 -7 0 0 0 0 4 0 5 0 -2 0 0 -4 -8 -2 0 0 0 -2 1 0 -1 0 -2 2 -3 0 0 0 1 -2 -3 -4 0 0 4 -1 1 2 0 0 -4 0 0 0 -2 0 -2 4 -4 1 3 0 0 0 -4 -1 2 0 0 -4 1 -3 4 2 -6 0 -1 0 3 -4 4 0 0 5 6 -4 3 -2 0 2 2 -3 0 -8 6 0 2 0 -2 -2 -2 4 -2 2 -3 0 2 0 0 -2 0 -2 0 -4 -2 -2 0 -1 -4 -2 0 0 0 1 -3 0 -2 -3 -2 0 0 0 0 0 -2 -2 0 0 0 0 -2 -3 -1 0 0 -2 -1 1 -8 2 1 1 -2 0 0 2
5 0 0 0 -2 0 2 0 1 2 -2 0 0 -1 0 1 1 -2 0 0 2 0 0 0 0 -1 0 1 0 0 0 0 0 0 -1 -2 -2 -1 1 0 0 0 -3 -1 0 -1 0 2 0 0 0 -1 0 -2 -1 2 -4 0 1 0 3 0 0 0 -1 0 0 0 0 1 0 1 0 4 0 -4 0 0 0 0 2 -4 0 0 0 0 -1 0 0 1 0 0 1 0 4 0 0 2 0 0 0 1 0 0 0 0 0 0 0 0 0 0 0 1 2 0 -2 4 1 -1 0 0 2 0 3 4 0 0 -2 -1 0 0 2 1 -1 0 -2 20 0 0 0 -1 0 1 0 0 0 0 -6 0 4 4 2 0 0 0 0 2 1 0 0 0 0 5 1 -2 0 0 -2 0 1 0 0 -1 0 0 0 -4 -1 0 0 0 0 -2 0 3 0 1 0 0 1 2 3 -1 0 1 0 0 -3 -2 -2 -2 -1 0 3 0 0 0 0 -1 1 0 -1 -2 0 3 0 4 2 -2 -1 1 0 0 -2 1 1 -1 -2 0 0 2 1 1 -3 -1 3 0 1 1 0 0 0 -2 0 0 2 3 -2 0 0 0 0 -2 1 0 0 1 0 0 0 1 -2 2 -2 0 1 1 0 -1 0 -2 1 1 3 0 0 0 1 -2 0 0 1 2 0 -2 -2 3 0 3 -4 4 0 1 0 0 -2 0 2 0 0 0 0 -2 0 0 -2 0 0 2
0 4 0 0 0 2 0 0 -4 0 0 0 0 4 0 -4 -2 0 2 0 0 -2 0 0 2 0 0 0 2 0 -2 0 0 0 2 -1 -1 -2 -2 0 0 0 0 0 0 2 0 0 0 3 1 0 2 2 -2 4 4 -2 0 0 1 -1 0 1 -4 0 0 0 0 5 0 0 -2 0 0 0 -2 0 5 0 0 0 -4 -1 0 -2 0 1 0 5 0 0 0 0 0 3 1 0 -4 0 1 0 0 -1 0 0 0 -4 1 2 2 0 0 4 0 0 -2 0 0 -2 0 0 0 0 0 -2 -2 0 2 0 0 0 -4 2 3 0 2 0 33 -1 0 0 0 -1 -2 4 0 0 0 0 8 0 2 1 -1 0 0 -2 0 -2 4 0 2 -2 -2 0 -2 0 0 3 2 0 -1 0 0 0 0 1 0 0 2 -1 0 0 -2 0 0 0 0 2 2 0 -2 2 2 -4 -4 0 0 0 0 0 -3 0 0 0 -6 0 0 0 0 -5 -1 0 -2 2 0 1 0 0 0 -2 2 0 0 0 0 -4 -1 0 -2 -1 0 0 -1 4 3 0 0 0 0 0 0 0 -2 0 0 0 0 0 5 0 4 0 5 0 0 0 1 -2 -3 -2 0 3 0 0 6 2 0 0 0 1 0 0 0 -6 0 1 0 2 0 0 0 0 1 -4 0 0 1 2 -5 2 0 -4 0 0 0 0 1 0 0 0 0 6 -2 0 0 0 0 -1
0 4 1 0 0 0 5 -2 -1 0 2 0 1 2 1 1 0 2 0 3 0 -2 1 0 -2 0 1 0 0 1 0 -1 0 0 0 0 -4 0 1 0 0 -3 0 1 0 0 -2 0 -1 0 0 -1 0 2 2 1 0 0 -1 0 2 0 4 -1 2 0 2 0 0 3 0 -1 0 0 0 1 -2 0 2 0 1 0 0 0 0 0 0 0 -1 -1 3 0 4 1 0 0 -1 0 5 -2 0 2 2 1 0 0 3 2 -1 -1 0 1 -4 -1 0 0 0 0 2 3 -1 -2 0 -2 -3 0 -1 0 0 -1 -2 -2 -2 1 1 0 -2 0 -1 27 0 1 -4 0 0 0 0 -2 0 0 -3 0 0 -2 0 0 2 -2 3 0 0 -2 0 2 0 0 0 -1 0 2 -1 0 1 3 2 2 -2 1 -1 -1 0 1 0 2 0 1 0 1 1 -2 1 0 2 0 0 2 0 0 -1 -3 1 -2 -2 -1 1 5 1 -1 -2 0 3 0 2 0 0 0 0 1 6 -2 -2 2 -6 1 0 1 0 -3 -2 0 -1 -4 0 -1 0 2 0 1 3 0 2 4 1 0 0 4 0 0 0 0 -1 0 -2 0 0 0 0 0 -2 0 0 -2 -3 -1 -1 1 -2 1 0 1 1 0 -1 0 0 0 1 0 -4 0 0 1 1 0 -1 0 0 1 0 0 1 0 -1 0 0 0 0 2 0 -3 -2 0 0 0 -1 0 1 -1 4 0
0 -1 -4 0 2 0 -1 4 0 4 1 1 3 0 -6 -1 0 -2 4 -2 0 -2 0 4 0 -2 1 0 -1 0 0 0 1 2 -3 -1 -6 1 -2 -2 2 -2 -4 0 0 -3 -1 -4 0 0 0 -1 1 2 0 2 -2 0 6 0 0 -2 0 0 0 0 2 0 0 0 0 -3 4 0 -2 0 0 0 0 -1 0 0 0 -3 0 4 0 -2 0 2 0 -1 2 -2 -7 0 0 0 0 -1 0 4 2 0 1 -1 0 1 0 -1 1 3 0 1 2 2 6 0 2 3 0 1 0 -1 0 0 -4 0 -2 2 4 2 2 -2 1 -2 -2 0 0 0 35 0 -3 -4 0 -3 0 0 -4 -3 1 4 1 4 0 4 0 0 2 0 -1 -1 -4 1 1 0 2 -1 2 0 0 0 2 0 1 0 2 1 0 -2 -3 0 0 0 0 0 2 4 0 2 -1 0 0 -4 0 1 2 -4 -1 5 2 2 0 -1 -1 -2 0 2 -1 0 3 3 2 -6 0 0 0 -1 0 -2 -1 0 -1 -2 -2 1 -1 0 1 2 -2 1 0 0 0 -2 -2 -1 2 0 0 0 1 1 0 1 0 0 0 0 2 -6 0 0 -2 0 6 -4 3 0 -2 -2 0 -5 0 1 1 -1 0 0 2 0 -2 0 0 1 0 0 -2 0 2 0 -2 2 2 -4 0 -4 0 0 -2 4 0 0 2 2 0 1 1 -1 0 2 -2 -1 -1 0 0 4 -3 -2
0 -2 0 -3 -1 -1 0 0 0 1 -1 -1 -3 2 0 2 0 -2 -1 -2 -4 -2 -1 0 0 0 0 0 -4 -2 -2 0 2 0 1 2 0 1 1 0 0 3 0 0 -1 0 2 0 0 -1 1 -2 0 0 -6 0 0 0 0 6 0 2 0 4 3 0 -1 0 0 2 1 0 -1 -2 -1 0 0 4 0 -2 3 4 0 0 0 -1 -1 2 5 -1 0 1 0 4 -1 -1 0 3 -2 0 2 0 -2 -5 0 3 -1 -2 0 -1 0 1 2 -2 0 -2 1 2 0 3 0 -1 0 0 0 1 -2 -3 2 -1 0 3 2 -1 5 0 1 -1 0 1 0 31 4 0 2 0 -2 1 0 0 4 0 0 -2 -3 -2 0 0 -1 -1 -4 1 -2 -4 0 0 4 5 -2 6 -1 0 0 0 1 -2 -4 1 0 1 0 1 1 8 0 0 0 0 2 0 1 8 1 2 1 0 0 0 1 2 2 0 0 0 0 0 1 0 1 -1 0 4 0 -1 3 2 -2 0 1 0 -2 2 0 0 2 -4 0 2 -6 0 -1 2 0 -3 -4 0 4 1 0 0 -2 -2 -1 2 1 -4 0 3 0 1 0 4 2 0 -2 0 -1 1 0 -1 -1 0 2 -1 -1 4 0 0 2 0 0 2 -1 5 -3 2 0 1 2 0 3 0 0 0 0 0 0 0 -6 0 0 1 3 0 0 0 -1 -2 0 -6 0 0 -3 -2 1 1 0 -2 -2 0
-4 -3 -1 -4 -2 1 0 0 0 2 0 1 2 0 3 0 0 1 0 2 0 -4 -1 4 0 0 0 0 0 2 -1 -2 2 1 1 0 -4 0 0 0 -2 6 0 -2 1 -2 4 4 0 0 0 0 2 0 -1 0 0 1 -2 0 0 0 0 0 -1 0 -1 -2 -8 -1 2 0 -1 0 0 0 0 0 0 -1 -4 -3 0 2 2 0 0 -3 0 0 1 -1 0 1 0 0 3 2 0 -1 2 0 2 -2 -4 0 -4 -6 -1 0 0 -2 3 2 -1 0 0 0 -4 0 -1 2 0 0 1 0 0 0 8 -2 3 2 2 -1 1 0 2 0 0 -4 -3 4 35 -1 2 0 2 0 1 0 6 -2 1 0 -5 0 -4 0 0 0 0 2 0 -2 0 0 0 0 0 2 1 0 -1 7 -3 0 -1 -1 1 0 0 0 0 1 -4 -3 0 -1 0 4 2 0 2 3 0 0 0 -4 1 -2 1 0 -1 0 1 -1 0 -1 0 0 0 0 2 2 1 0 -1 2 2 0 1 0 3 1 3 -1 2 0 1 0 2 -1 0 0 -2 -3 0 4 4 0 0 0 0 0 -1 3 0 1 2 -2 -1 2 -2 1 1 1 -4 0 -2 0 0 2 0 -2 0 2 0 -4 -4 -1 0 -1 1 2 -1 -1 0 2 5 0 3 1 2 -1 -2 0 0 0 0 0 0 1 0 4 -2 2 0 0 0 1 0 0 1 0 0 0 0 -2 -3 0
0 0 0 0 6 0 0 -1 0 1 0 0 0 -2 0 0 4 -4 -4 0 0 4 -8 0 -2 0 -4 0 -2 2 1 -2 0 0 0 1 -3 -1 -4 -1 0 4 0 0 4 1 0 0 -2 -1 -1 0 1 0 0 0 0 0 0 -4 2 1 7 2 4 0 -2 0 0 3 -2 4 0 0 1 1 2 0 0 0 0 -1 0 -1 0 1 -4 4 0 6 4 1 1 2 2 6 0 0 2 0 -2 -1 -2 0 2 2 0 0 2 0 0 3 1 0 0 0 -4 0 0 -2 0 0 -1 0 1 2 0 0 4 -2 0 0 0 6 -2 0 0 1 -1 0 -4 0 -1 39 4 0 0 0 0 4 0 0 2 -4 0 0 0 0 0 2 -2 0 -1 1 -1 0 -2 0 0 4 -2 0 -1 1 0 -1 0 -2 0 2 0 -2 -1 -4 -2 0 4 2 4 6 2 0 0 0 0 0 6 0 0 -1 1 0 1 4 1 -6 2 -1 2 0 2 5 -3 0 0 0 -2 -2 0 0 0 1 5 0 1 -2 0 4 1 -2 1 3 0 0 1 -4 2 0 -2 0 0 0 -4 -3 -4 0 0 5 0 0 0 2 0 0 -1 0 0 2 -3 0 1 -2 3 3 -2 0 0 2 -4 2 0 2 0 0 0 1 1 0 0 0 -1 -2 0 -2 3 -2 6 0 1 1 2 -4 0 -1 0 -1 -1 -2 0 -2 0 0 -2 -2 0 0 0 0 2 5
-2 -3 1 0 2 2 2 0 0 0 1 -2 0 0 -2 -4 4 0 2 -3 0 0 0 0 4 0 -4 0 -2 -4 0 0 -4 -1 -2 1 2 0 1 0 1 2 -1 0 0 0 0 0 0 0 -4 0 0 -1 -1 -2 3 1 0 1 -2 0 1 2 2 0 -1 -3 1 0 3 1 0 -3 0 0 2 0 -1 -4 0 0 0 0 -1 0 -4 0 0 0 0 0 0 2 0 3 0 0 0 -2 -9 3 -2 1 4 -2 0 0 0 0 2 0 0 6 0 4 2 1 0 -1 1 4 -1 -1 0 0 -2 1 9 0 2 1 0 1 -4 0 -2 0 -2 0 0 2 2 4 33 -2 -1 -2 -2 0 0 1 2 1 -2 -4 -2 0 0 0 0 0 0 2 0 0 1 0 0 -1 -3 0 2 2 0 3 0 1 0 3 0 0 2 0 0 -1 0 0 1 3 -1 2 -1 0 -1 -2 0 0 0 1 0 0 1 2 0 0 2 1 6 0 0 -2 1 0 0 -1 5 0 2 2 0 0 4 -3 -1 0 0 -3 0 2 0 1 -2 0 -1 0 -3 3 0 1 0 0 0 0 -1 2 0 2 -2 -1 1 0 4 4 -4 3 -2 0 0 0 2 2 -1 1 0 0 -1 -4 0 -1 0 2 -2 -1 2 -2 0 2 -1 0 1 0 0 0 0 2 0 0 0 2 0 0 1 0 4 1 0 -1 2 0 1 0 0 0 2 2 -1 3 0 -1
0 0 -1 2 -12 0 0 -2 0 -2 4 0 2 0 0 0 2 -2 2 2 -2 0 4 -5 0 0 0 -1 -6 1 0 -9 -2 -2 7 1 -2 -4 -2 -3 0 0 1 0 0 0 0 0 4 -3 -2 1 -1 -1 3 0 8 -4 -2 0 2 -4 1 6 -2 0 2 -2 2 -5 -4 0 -5 1 1 0 2 0 0 -5 0 0 -2 0 9 0 0 0 0 0 -2 0 0 2 1 2 0 2 0 -3 -4 -4 0 -2 0 2 0 -5 -3 0 0 -3 2 -1 -1 2 0 0 -2 -1 1 0 -1 -6 9 -4 4 -4 -2 -2 -2 -2 0 0 6 0 1 0 4 0 -3 0 0 0 -2 56 2 -4 -4 -2 4 0 0 -2 -4 -2 0 -3 -3 9 0 0 -2 2 -1 -4 0 2 2 0 0 -6 2 1 0 4 0 0 5 -4 3 0 0 1 0 4 3 -2 1 6 0 -2 -2 0 2 2 -2 3 -4 3 0 -3 -2 2 4 0 -4 -4 1 4 -4 -4 -4 6 -1 2 -1 2 -7 -2 -4 0 -1 2 0 0 0 -2 -6 -8 0 1 2 2 0 -5 1 1 -8 0 0 2 -1 -2 -4 -2 -2 0 3 2 3 0 0 -2 0 1 0 1 1 0 0 1 2 1 0 7 0 -2 -6 0 -2 -3 0 -2 -2 1 -1 0 0 0 -6 -1 -2 0 0 2 2 2 0 -2 -2 0 1 1 0 1 0 -2 -2 -2 0 3 0 1 -2 -3 0 -6 4 4
3 0 2 3 -1 0 0 1 0 0 -2 4 0 -2 -2 4 0 0 2 0 2 2 0 0 0 2 0 0 0 2 0 -2 0 1 -1 -1 0 0 0 0 0 4 2 -4 2 0 0 0 -3 2 0 -2 6 0 1 -2 2 -2 -3 1 -1 0 2 2 -2 0 3 0 4 0 -2 4 -2 0 0 -1 0 -4 0 4 2 -7 1 1 3 1 0 0 0 0 0 -2 -2 0 0 2 1 -2 0 6 0 -2 0 0 -4 2 1 0 4 2 0 0 0 0 -2 -4 0 0 1 1 1 -2 1 -1 -4 -2 1 0 -4 2 2 0 0 3 0 0 -2 0 0 0 0 -2 2 0 -1 2 29 0 1 2 0 1 2 0 0 1 -2 0 0 0 0 -4 0 0 0 0 -4 1 0 0 0 0 0 -2 -4 0 2 1 0 -2 4 -2 0 1 -6 0 0 -2 0 -2 0 -1 0 0 0 0 0 4 0 -1 0 4 1 0 0 0 0 0 0 4 2 0 4 1 0 0 -2 0 0 0 0 -2 0 2 0 0 -1 0 4 -1 2 0 4 2 -2 -6 0 -2 0 0 -4 5 5 0 0 0 1 2 2 0 1 -2 0 0 2 -2 0 0 0 0 -2 0 2 3 -2 -1 0 0 0 2 2 0 4 -1 0 1 0 0 0 0 1 2 2 2 -2 0 1 -1 0 2 0 0 0 1 0 -1 0 0 -3 0 0 0 1 0 1 0 0 -2 0 1
1 2 0 2 7 2 0 2 0 1 -6 -4 -2 0 4 0 4 1 1 0 0 0 2 -1 -1 -2 0 1 0 0 0 0 0 0 -4 0 4 -2 0 1 2 4 -2 10 -1 -4 2 1 -2 -4 0 2 0 1 -1 2 0 -2 0 0 0 0 -2 3 -2 0 0 4 1 8 0 -2 4 0 -4 0 0 0 2 0 0 2 2 2 -2 -4 0 4 -1 -4 2 0 1 0 -1 -2 0 -2 0 6 1 0 5 -5 -2 1 -1 4 -4 0 0 0 2 -2 3 0 2 0 0 0 0 3 -1 4 -4 1 1 -1 2 1 4 4 1 4 0 -2 2 0 0 -2 0 1 0 0 -2 -4 0 45 1 4 -3 -2 0 1 6 0 0 0 0 0 0 5 -4 0 0 2 -2 0 0 0 -1 1 0 0 0 4 1 -2 0 0 2 0 -4 -1 4 2 -1 -2 0 0 4 1 4 0 3 0 0 -4 0 0 0 -4 2 -4 0 -2 -1 -1 0 0 2 0 0 0 0 0 0 0 0 0 2 0 0 0 2 0 0 3 2 0 -2 0 4 0 0 0 0 -2 0 2 0 0 1 4 0 0 -1 0 -4 4 -3 0 0 -2 -4 -4 7 3 4 0 0 -1 1 2 5 -1 1 0 -4 0 0 0 0 0 0 0 0 -4 2 0 3 0 -6 0 0 0 0 8 4 -1 1 1 -6 1 0 0 -2 1 0 0 0 0 0 0 -2 0 2 6 -1 2
-3 0 2 3 2 0 -5 2 -2 0 0 3 4 10 2 4 -4 1 1 0 0 -2 1 0 0 1 0 1 -4 0 -3 -2 -1 1 2 2 4 0 0 0 -1 -4 0 -3 2 -2 0 0 0 0 0 0 1 -2 -1 -1 3 4 -1 -3 3 1 0 -4 0 0 2 0 2 2 -3 1 -1 8 -1 2 2 -2 0 4 1 -6 -2 -4 -6 -1 0 0 0 -4 3 0 -2 0 2 -2 0 2 5 -1 1 2 0 0 0 -1 0 0 2 0 -1 -2 2 0 2 -1 0 -1 1 -2 2 1 6 2 9 -1 1 -1 1 3 0 -1 -3 -3 -3 2 -2 -6 0 0 -4 0 1 0 -2 -4 1 1 50 -2 -6 -4 -3 -4 -1 -1 -2 1 -1 -2 2 0 0 0 -4 3 0 3 0 -1 0 2 0 0 5 1 0 -4 2 1 -2 0 -2 1 -2 2 0 -4 6 -1 1 0 1 5 0 0 0 0 1 1 2 0 2 2 -3 4 0 1 -2 -3 0 0 2 5 0 0 0 -5 0 -1 -1 -2 0 5 3 0 -1 0 4 0 2 -2 2 2 5 -1 6 -5 0 0 0 2 -1 -2 2 -3 -3 1 -1 4 -1 2 4 0 0 -1 0 0 0 -4 -2 4 1 0 6 0 2 2 -1 -1 -6 0 -1 2 -1 0 0 -1 2 -2 -1 0 0 -1 -1 1 -3 -2 2 1 5 -7 0 0 2 -3 2 2 0 2 -2 1 4 3 -4 0 0 -1 0 -3
0 2 2 0 -1 2 2 0 4 0 1 1 0 0 2 0 0 -1 4 0 4 0 0 0 0 2 2 0 -6 4 -2 0 3 0 2 0 0 0 0 0 4 6 0 2 -4 4 0 0 -2 -3 0 -6 0 4 2 0 -2 -7 -3 -2 0 -4 0 0 0 0 -2 1 3 0 0 1 -4 0 1 0 0 2 0 0 0 -1 1 2 1 -4 2 4 2 0 -1 0 -4 0 0 0 -4 -6 0 0 0 1 4 1 0 2 -2 -2 2 0 0 0 2 0 1 0 0 0 0 4 3 0 1 0 3 2 0 0 0 5 0 4 0 4 0 -1 -1 0 0 0 -3 0 0 4 0 -2 2 4 -2 37 -1 0 -2 -4 0 2 -6 2 -2 -2 0 -1 4 0 -1 1 -2 2 0 0 4 -3 0 0 -4 5 0 2 -1 4 1 -6 0 0 2 0 -1 -4 -4 8 -2 0 0 -1 0 2 0 -1 0 1 0 -1 2 0 3 -6 -2 0 -1 0 3 -1 0 0 0 0 0 -1 -1 1 0 2 -8 1 -2 -1 1 4 0 -4 -2 -3 -2 -2 0 0 4 0 0 -2 -2 0 0 -2 0 1 -2 2 4 0 -1 2 0 0 0 0 0 6 4 0 0 0 0 2 -4 0 3 11 -1 -2 0 0 0 5 -1 2 0 0 9 0 0 0 0 -1 -2 4 0 2 0 3 0 -4 -4 2 1 0 2 0 -1 -3 -4 2 -2 0 0 1 2 6 -1 7
0 -4 2 0 -2 0 -3 0 -2 6 0 -2 2 0 4 -2 1 -2 -4 0 0 -4 0 0 -1 1 0 0 0 2 0 4 0 0 -2 0 0 0 4 0 1 0 2 -2 0 1 3 2 -4 0 0 0 2 4 0 -1 6 2 0 0 0 1 1 2 0 -4 -2 0 -1 4 -2 0 -5 0 0 -4 0 4 4 0 0 0 2 -1 4 2 0 -1 0 4 -2 -2 0 0 -1 0 0 2 0 1 0 0 -2 -4 0 0 -2 -6 0 3 4 -4 4 3 -1 0 0 -2 2 0 0 2 -3 -3 0 -2 0 0 10 -2 0 2 6 -6 0 1 0 4 8 -3 1 4 6 0 0 4 0 -3 -6 -1 43 -2 -1 0 -3 0 1 -9 0 0 0 2 0 -2 0 0 0 -3 -3 4 4 0 0 -4 -4 0 0 2 0 1 -1 -2 4 6 -8 -1 1 1 0 0 1 1 0 0 0 2 0 2 -2 0 -1 2 0 -3 0 -3 -1 -1 1 -1 0 -2 0 -2 0 0 0 2 4 1 0 -2 0 0 -1 0 -2 2 0 0 0 1 -2 -2 -2 1 -4 0 2 0 2 2 1 0 -3 0 -1 2 4 2 0 1 0 2 0 -1 0 0 0 0 2 0 0 2 0 -1 0 -4 2 0 1 2 1 0 -2 -4 -3 0 4 0 2 0 0 -1 0 -4 -1 -1 0 -1 -5 -2 5 -3 2 1 -2 0 0 0 0 3 -2 -1 -1 -1 4 1 -4 3
0 0 0 0 0 -4 2 1 0 0 -1 0 0 0 -6 0 2 0 0 -1 0 0 -2 0 0 0 0 0 0 0 0 0 0 -2 0 0 0 0 0 0 -1 -4 0 0 0 0 0 2 0 2 0 0 0 -2 0 0 0 0 4 1 0 0 1 -2 0 0 1 0 0 0 0 0 4 0 1 0 0 -4 -1 0 0 2 0 0 0 0 0 0 0 0 0 0 0 -2 0 0 0 0 1 0 0 0 0 0 0 0 0 0 0 1 0 4 0 2 0 0 -2 2 0 0 1 0 0 -2 0 4 0 0 0 0 0 0 2 4 0 0 0 4 0 0 4 0 -2 0 1 0 1 -2 -4 0 -2 15 0 0 0 0 0 0 0 0 0 0 0 0 0 0 0 0 2 0 0 0 0 0 0 0 0 0 0 0 0 4 2 0 0 -1 0 2 0 0 -2 -1 0 -2 0 0 0 2 -2 0 0 0 0 0 0 -2 -1 1 2 2 0 0 0 -3 0 2 -1 2 -1 0 0 0 -1 0 -3 0 0 -1 0 -1 2 0 0 -1 0 -4 1 0 0 0 -1 0 1 0 2 0 0 -2 0 0 -1 0 2 0 0 1 -2 0 0 0 0 5 0 0 0 0 0 0 0 0 0 0 0 0 2 0 0 0 0 0 1 0 0 0 -2 0 0 -1 0 0 2 2 0 0 1 0 0 0 0 0 0 2 0 0 -2 0 0 5 -1 0
-1 4 0 0 -2 1 2 0 -1 2 0 2 0 -2 -4 -1 0 0 1 1 -2 2 1 0 -1 0 -1 -2 2 -4 0 0 0 0 -1 -1 0 -1 1 -2 0 0 -2 0 0 0 1 -2 0 0 0 1 2 -4 0 2 0 -1 2 1 -2 1 1 2 0 0 -2 -2 1 0 0 2 0 -2 2 0 0 -2 0 2 0 2 0 0 2 1 0 -2 0 7 0 0 3 0 0 0 2 0 -2 0 0 0 -6 0 0 -3 0 0 -1 0 1 1 0 0 0 -4 0 -2 -2 1 0 1 -3 -1 2 -1 -1 0 0 2 1 -2 -6 1 0 0 -2 2 2 0 1 0 1 2 2 0 2 0 -3 -2 -1 0 25 1 0 4 2 -2 4 0 -1 1 -2 6 0 0 0 0 -2 -1 0 1 2 -2 -1 1 0 -1 0 0 1 1 2 1 0 0 0 -1 -3 0 -1 0 -2 2 4 0 0 0 0 -2 -2 0 0 0 6 0 -1 0 1 1 -1 -1 -1 0 1 0 0 1 0 1 1 -2 2 -5 0 -2 -1 -2 -1 0 2 2 -1 0 4 -2 -2 1 0 1 0 0 -3 1 0 1 0 6 0 1 -2 2 0 0 2 1 2 0 -3 -1 2 0 0 3 -6 0 0 -5 0 -2 0 -2 0 0 1 1 4 0 0 0 0 0 -1 4 -2 -10 0 1 0 2 -1 4 2 -2 0 0 4 -1 -1 0 2 0 6 0 1 0 0 0 0 -3
0 -2 2 1 1 -2 0 0 0 -2 0 -2 -4 -4 0 -2 0 0 0 -2 4 0 -2 1 2 -1 -4 0 0 -1 4 6 0 -2 0 -3 2 4 0 0 0 4 -1 0 2 -4 1 1 0 1 0 0 2 -2 1 -1 0 1 0 0 1 4 0 1 0 0 2 0 -2 1 0 -2 -4 0 0 4 4 1 0 -2 0 2 0 4 2 0 0 0 0 0 2 -2 0 0 2 0 -2 0 0 -4 0 0 -8 2 -2 0 -1 2 0 0 0 0 1 -2 0 4 1 0 0 2 0 0 0 0 -1 0 0 0 0 -2 -2 2 0 1 4 0 1 0 1 -2 4 -2 0 -4 1 -2 0 1 -4 -4 0 0 1 43 0 0 0 0 -1 -2 -3 -1 1 2 5 0 2 1 0 -8 2 4 0 -6 -1 0 0 0 2 0 -2 0 3 1 1 -2 -2 0 -2 2 2 0 0 0 0 -2 0 0 2 -2 0 0 0 -1 2 5 -2 0 2 0 -2 -1 0 0 0 4 0 -3 0 -2 4 0 -2 2 0 -2 0 -2 0 2 2 -1 0 0 -1 8 -2 0 0 2 0 0 -4 3 0 0 0 0 0 2 2 -2 4 4 0 -4 1 -2 1 0 2 0 4 -1 0 2 0 0 0 0 0 1 -2 0 0 0 0 0 -1 0 -3 0 2 2 2 4 0 0 -2 0 -1 5 0 0 -2 -1 0 -7 2 2 0 0 0 -5 0 -2 0 2 -6 -4
0 1 0 0 4 0 0 0 0 0 0 -1 -2 0 -1 0 0 -1 0 -2 2 -1 0 0 0 0 0 -2 0 1 2 0 2 0 0 0 0 0 0 0 0 2 0 0 0 0 0 -5 0 0 0 0 0 0 2 0 0 1 0 -2 -1 0 0 -3 0 0 0 -4 4 2 0 0 0 0 0 1 0 0 -2 0 -1 0 1 2 -4 1 0 -3 0 -2 2 -1 -1 0 1 0 0 -6 1 3 1 0 0 -2 0 -1 0 8 0 1 0 -1 0 0 2 2 0 -1 4 -2 0 0 0 2 -4 0 0 2 -2 0 1 -1 0 -3 1 0 2 0 -1 0 0 -3 -5 0 -2 -4 0 6 -1 0 -3 0 0 0 17 0 0 0 0 0 0 0 0 2 0 0 0 -1 0 -1 1 0 -1 0 3 -1 2 -1 0 0 0 0 -1 -2 0 1 0 1 0 0 2 -2 0 -4 1 0 0 0 0 0 1 0 0 -1 0 0 0 0 0 0 0 1 -2 0 -1 0 2 0 -1 0 0 -2 0 0 0 0 0 0 0 0 0 0 0 -2 0 -2 -3 -4 2 0 0 0 0 1 1 0 0 0 -4 -2 0 0 -2 -1 0 2 0 0 0 1 2 0 0 0 0 -6 0 -1 0 2 1 -3 0 -4 2 1 0 -1 -1 0 0 0 -2 0 0 0 1 0 2 0 0 -2 -1 -4 -2 0 2 0 0 0 0 -2 0 0 0 0 0 0 -2 1
0 5 -2 -4 -1 -2 -1 4 1 0 -4 0 -1 -2 -1 0 4 1 -4 0 2 3 0 3 0 -1 -2 0 4 1 2 1 0 7 1 0 -5 2 6 0 2 1 -4 0 1 3 0 -5 2 -1 0 -3 -1 -1 3 0 -2 3 0 4 0 -2 0 -2 1 0 0 1 0 -1 1 0 0 0 0 0 0 1 0 5 1 -1 -6 1 -2 2 0 2 0 0 0 -1 -3 -2 -1 1 0 -2 0 0 0 0 -8 0 0 -2 1 0 -4 -3 -2 1 0 -1 0 0 0 0 0 1 0 0 0 0 -2 -1 0 0 -2 5 0 2 1 1 0 0 1 0 0 0 4 -2 0 0 -4 -2 1 0 -1 2 0 0 4 0 0 32 0 -4 2 0 1 0 -2 2 2 2 0 0 -1 -2 2 3 -1 0 1 0 -2 0 0 0 2 -2 0 1 0 -4 2 -3 1 0 -2 0 -1 5 0 0 0 -3 3 -2 -1 0 -2 -2 -2 0 0 5 -2 0 0 2 -2 0 -2 -2 0 3 0 0 2 0 -2 4 4 -1 5 -1 0 0 -2 -2 -1 0 4 3 2 4 -2 0 5 -1 -2 0 -1 0 1 -6 2 0 -1 0 0 0 4 1 8 1 -2 0 1 -1 0 0 -2 -5 -2 1 1 -2 0 1 0 0 -2 0 1 -2 0 0 0 0 -2 -7 0 -6 0 0 0 1 0 0 0 0 -1 0 0 3 -2 -1 0 0 -1 0 0 -2 0 0 -3 1
-2 2 -2 -3 2 0 0 0 0 3 -2 0 0 0 0 -10 0 2 0 2 1 0 2 0 1 -2 0 0 0 0 0 0 0 -2 0 2 4 -2 0 -3 2 0 0 1 -2 -1 1 0 0 0 -4 1 0 0 0 0 -2 0 0 -2 0 4 0 0 1 0 -2 2 0 0 -1 4 0 0 0 0 0 -6 0 0 0 0 0 0 -2 -2 0 0 -1 2 4 0 0 0 -1 0 2 0 2 -3 0 -2 0 4 -2 -7 -4 4 -3 0 2 -4 -2 0 -2 0 1 0 0 -2 0 5 -4 1 0 4 0 4 -4 0 -2 -1 2 2 3 -4 0 0 0 2 0 0 -4 0 -2 0 -2 0 -2 -6 1 0 2 0 0 0 41 0 0 0 0 2 0 1 2 0 0 1 -2 0 0 2 -3 -6 0 3 0 6 0 1 0 2 0 0 2 2 0 -1 -2 0 0 0 0 -2 -4 0 -2 -2 0 0 0 0 0 0 1 -1 2 3 0 0 -2 0 0 -2 0 0 4 0 -2 2 0 0 -8 -2 2 -4 0 2 0 0 4 0 -2 4 -2 -2 0 4 0 -2 8 0 0 0 -2 -2 -4 0 2 0 8 -4 0 0 6 -4 0 -4 -4 0 2 0 0 0 0 2 -4 -1 -2 0 1 -2 4 2 0 0 0 0 8 0 0 0 0 2 0 -4 0 1 3 0 0 0 0 0 2 2 0 -1 0 -1 4 0 -2 -2 0 0 0 -1 0 2
0 -3 6 0 0 1 2 0 -1 1 2 0 0 0 0 2 -7 -7 1 0 0 4 0 0 -3 0 -2 -1 0 -9 0 3 4 -4 7 -1 0 0 -4 -1 0 0 0 0 1 2 0 3 0 -2 1 0 2 1 0 3 0 -3 2 -1 0 -1 0 -1 0 -2 6 0 0 -4 0 0 2 0 0 -1 -1 1 2 4 0 0 2 1 1 0 4 6 0 0 1 0 0 0 0 0 0 -2 0 -2 1 0 2 -1 -1 0 2 2 4 0 -2 -1 0 -4 0 0 0 -1 -3 0 2 0 0 0 -1 0 0 0 0 2 0 0 3 2 -2 0 -2 2 -2 -2 0 0 0 0 0 -3 0 0 1 2 -9 0 -2 0 0 -4 0 38 -2 -5 4 3 2 0 0 2 0 4 4 5 0 -2 -2 -2 1 -2 2 0 0 -1 -2 2 0 0 2 -1 0 0 0 0 2 1 0 -1 0 -4 3 1 -4 1 0 0 -1 -1 -2 1 2 0 0 -2 -1 0 -2 0 -1 3 0 -2 0 -1 0 0 0 2 -8 4 -1 0 2 0 0 2 0 0 -4 2 -2 -6 3 0 -6 0 0 1 1 -2 1 0 -1 -1 0 -1 2 -2 0 -2 1 1 2 0 0 -3 -1 1 0 -3 -2 4 8 0 -2 -1 1 2 0 4 0 0 2 1 0 2 4 0 1 2 -1 -1 0 1 0 2 0 0 -1 -3 2 0 0 -1 0 -2 -5 0 1 0 -4 0 4 1
0 1 0 -2 0 0 -2 0 1 2 0 0 0 -6 -1 -4 0 4 2 0 0 -6 0 0 0 -1 1 -4 6 -2 0 4 0 7 -2 0 -1 -3 5 -4 -8 3 -1 0 0 0 5 0 0 0 -2 4 0 1 -2 0 -4 2 0 2 0 4 0 -3 -2 -2 0 0 -4 0 0 0 -2 -4 6 -1 0 -1 0 0 -3 0 0 2 0 1 0 -4 -3 -2 2 0 4 2 -4 4 0 0 0 6 0 -2 -3 -8 -2 -6 0 0 0 -1 0 0 -4 -1 0 0 1 1 0 3 -3 0 -3 -8 0 -6 0 2 0 2 0 0 0 0 2 0 3 1 0 3 2 -1 0 0 0 -3 0 0 -1 -2 0 0 4 -1 0 2 0 -2 59 -1 4 0 0 8 0 -2 0 0 0 4 1 -2 2 0 2 -2 3 -3 0 1 -4 0 -1 -1 -5 -2 -7 -4 4 0 -1 -5 -4 2 2 -2 2 2 0 4 2 0 2 -1 0 2 0 -1 -7 5 -6 1 3 -4 1 0 0 0 3 1 0 -1 1 -1 0 0 1 2 2 0 -3 3 8 2 2 1 -4 0 0 5 -1 0 2 -2 2 -4 0 5 0 0 2 -4 0 0 0 0 -4 0 -3 0 3 0 2 3 -2 2 1 -3 7 -5 8 -2 -5 -1 4 -4 0 0 -2 -1 0 2 0 0 0 -2 0 0 0 0 -2 -1 0 0 0 7 0 -2 -2 -2 2 4 -1 -6 7 0 -5 -1 3 0
0 0 -4 0 0 1 0 -2 0 0 0 -2 2 0 0 0 6 0 -3 0 -2 -4 0 1 1 0 2 0 0 4 0 -6 0 2 2 6 2 -1 1 -1 0 0 0 0 -2 2 0 -1 4 0 0 -1 -1 -1 0 -2 4 0 0 0 2 0 0 2 -3 2 1 0 2 0 -1 0 0 0 0 0 -2 0 0 0 -2 0 -1 0 0 0 0 2 0 2 0 -1 0 -3 0 0 -1 -4 0 -1 0 0 3 1 4 0 0 2 -4 1 2 -2 0 0 2 -2 0 0 0 0 0 0 -2 0 0 0 2 -4 -2 0 0 1 0 4 2 0 4 0 -2 0 0 -1 0 2 0 9 0 0 -2 -2 0 0 0 -2 0 0 0 -5 -1 33 0 1 -2 -1 0 -2 0 1 0 -2 4 -4 2 1 0 0 0 4 0 0 0 -1 -1 0 1 0 6 2 0 6 -3 1 1 -1 0 2 0 4 0 0 -2 3 -4 9 0 0 0 1 -1 0 -2 -2 0 0 6 4 0 -2 -2 -1 0 3 0 0 2 -2 0 0 -2 -8 0 0 0 0 4 -2 -1 2 0 -1 4 0 -2 0 -4 2 1 -2 1 0 -1 0 -2 0 0 1 0 2 0 0 -1 0 -1 0 0 -2 0 -2 0 2 0 2 0 0 -1 0 0 2 0 0 -2 -1 -1 2 -6 0 6 0 1 1 -3 -2 2 0 -5 0 0 -2 0 0 4 -2 5 1 0 0 0 0 3 -1
0 -5 4 -4 2 1 2 0 0 0 2 0 0 4 0 2 0 0 -1 4 -2 0 0 0 0 0 0 -4 0 -4 0 0 0 1 0 1 2 0 4 2 -1 0 -2 0 0 3 -2 0 0 4 -2 3 2 2 2 0 0 1 2 0 0 0 0 0 0 0 2 0 0 -4 0 0 -4 -1 0 8 0 2 0 0 0 -3 0 -1 -2 -2 0 2 -2 0 0 0 -1 0 0 2 -1 0 0 0 0 0 4 0 0 0 0 -2 0 0 2 0 -1 0 0 0 4 0 0 0 0 0 0 -4 2 -2 0 2 -1 0 0 0 0 6 -2 2 0 0 4 0 -1 -4 0 -2 0 0 0 0 2 0 0 0 -1 -3 0 1 0 4 4 0 29 2 3 4 -2 0 0 -4 0 -1 2 -4 -4 -2 0 2 0 0 0 0 2 0 -1 -4 2 -2 -2 0 2 0 4 0 0 2 0 0 -2 4 -1 -2 -3 0 0 0 0 2 0 0 -2 2 -2 -2 0 0 -2 0 0 0 0 0 0 -4 1 -4 -1 4 0 0 2 0 -2 0 0 -2 2 1 0 1 0 0 0 0 0 -2 -4 4 0 -2 1 0 0 2 0 -2 0 0 0 0 4 1 -2 0 -2 -2 0 -1 -2 0 1 -2 -2 1 -4 0 4 -2 0 0 1 0 0 0 2 -2 0 0 0 0 0 0 -4 -2 0 0 0 2 0 0 0 1 1 0 1 2 0 0 -4 1 4 0
-1 -2 2 0 1 0 0 1 0 1 0 1 0 -3 2 1 0 0 -5 2 -2 8 -2 0 2 0 6 0 -1 2 0 0 -1 0 0 -2 4 0 3 -1 -2 0 -4 8 -3 10 4 1 4 -8 1 1 0 0 0 4 0 0 5 0 0 0 -1 1 0 0 0 5 -2 -2 0 -5 4 0 0 0 -4 -8 2 0 0 0 -1 -2 0 0 0 2 0 1 0 -4 4 0 0 0 0 10 0 -2 -2 0 -4 -2 -2 0 1 0 -2 1 3 2 -3 -2 -3 4 0 -2 -1 0 2 2 2 0 3 -4 0 2 8 5 3 -1 5 5 0 0 -4 0 0 -2 -1 1 2 0 0 0 -4 5 0 -1 2 0 1 -1 0 0 2 3 0 1 2 61 4 -1 -1 -4 0 7 0 -4 0 -2 0 0 -2 0 -2 2 4 0 0 3 1 -6 1 0 2 0 0 0 2 0 -3 1 1 -1 1 1 -2 0 0 -4 -8 -2 4 -1 0 -1 1 4 0 8 4 0 1 2 0 -6 2 1 -4 0 0 0 0 -2 0 -1 10 0 0 3 4 0 2 -2 -1 -5 1 -4 0 4 4 -1 4 1 0 -9 -2 0 -2 -2 4 0 -4 -4 2 1 0 0 -4 -1 2 3 0 -2 -1 2 3 0 -2 2 0 0 0 0 0 0 2 0 0 1 -1 2 4 -2 4 -8 0 6 2 1 4 0 -2 -1 2 -2 0 -3 0 0 -2 -5 -4 0 5 0 -1 -2
0 0 2 1 0 1 0 0 -2 0 2 0 -1 2 0 0 0 -1 0 0 0 0 0 2 0 0 2 0 -8 -1 -2 1 0 0 1 0 5 -2 0 0 0 0 2 0 -5 1 0 0 0 1 0 0 1 5 0 -1 0 -2 0 0 1 1 0 0 1 0 0 4 0 -4 -2 0 2 0 0 0 0 -4 2 0 1 0 0 -2 0 -3 0 2 -2 0 0 0 0 0 0 0 0 0 0 0 -3 0 -2 0 -1 0 0 0 0 0 1 0 -4 -2 -1 4 -3 0 0 0 -2 0 0 0 0 2 0 0 2 4 0 0 0 5 -2 0 0 0 2 0 -4 -2 0 -1 0 -2 0 -4 0 4 0 0 -2 1 0 -2 0 2 0 -2 3 4 27 -2 0 2 0 -2 0 0 1 1 -1 2 0 1 0 0 -4 0 -6 1 0 0 0 0 0 0 1 8 0 1 -1 3 0 0 2 0 2 0 1 0 -6 0 -2 0 0 0 2 -2 1 0 -2 0 -2 2 0 1 0 0 0 -3 0 2 0 2 0 1 2 0 -1 0 0 0 2 0 2 1 0 0 0 0 -1 0 4 -1 2 0 0 -4 0 0 0 0 2 0 -4 4 0 1 -3 0 -1 0 -4 0 1 0 1 0 0 3 0 -1 0 -1 0 -2 0 1 0 0 2 0 0 2 4 0 -4 0 -2 0 -4 -2 0 0 0 0 0 1 0 -2 0 4 0 0 0 1 -1 0
0 -1 0 0 -1 -1 0 2 0 4 -1 -1 0 -6 0 4 0 2 0 -1 0 3 -1 0 4 0 -2 1 1 -2 4 0 -2 0 0 -1 -1 -2 0 0 0 -2 -2 0 1 2 -1 -2 4 -2 -2 3 0 0 4 0 0 1 0 0 0 -1 -2 4 6 0 -2 -6 2 -2 0 0 1 2 3 6 0 0 2 -4 0 0 3 0 0 0 -1 -1 -2 -1 0 -2 3 4 -4 2 -2 0 -1 2 -1 0 10 0 0 4 0 4 0 -1 -1 -3 0 -2 0 0 0 -1 3 0 0 0 2 0 5 0 0 2 0 0 -1 -1 2 1 0 0 -7 5 -2 2 1 -4 -2 1 2 2 0 0 0 0 -2 0 6 2 2 2 1 0 8 -1 4 -1 -2 46 2 0 0 -1 -2 0 0 0 0 0 3 4 0 0 0 -2 0 2 -1 0 1 5 0 0 0 0 0 0 0 1 -3 0 -2 -2 2 0 -1 0 -1 0 3 0 0 0 -2 5 0 -3 4 0 -3 0 1 0 0 -2 2 0 4 0 2 0 0 -2 -2 -2 0 -4 1 0 7 -3 0 -2 0 1 0 0 0 -1 -1 0 0 11 -2 0 0 0 2 0 5 0 2 2 -2 0 0 -1 -4 3 -6 -2 -2 -6 -2 -4 0 -3 -4 0 5 1 0 1 0 -2 0 0 -2 6 0 -6 0 4 -1 3 1 -1 -3 -1 2 4 2 2 -2 0 -4 0 0 -1 -4 0 2 0 -2 0
0 0 -1 -2 -1 0 0 1 0 0 -3 0 0 -2 0 0 0 0 -2 -2 0 2 0 0 2 -1 -1 0 1 1 -4 0 0 0 -2 0 0 0 2 0 1 0 0 0 0 0 1 0 2 -3 0 0 2 -1 0 -1 1 1 0 -2 2 0 0 1 -2 2 0 -1 0 0 0 0 0 0 0 1 0 2 0 -2 0 0 0 0 0 -1 0 -2 2 -2 0 -1 0 0 -4 -4 0 0 2 -1 0 -1 0 0 0 0 -4 2 -3 -1 -7 -2 1 -1 -2 -2 -2 0 2 1 0 0 -3 0 -1 0 1 0 0 0 -6 4 -2 -1 5 0 0 1 -2 0 1 0 0 -1 0 -1 0 0 -4 -1 0 0 0 5 0 2 2 0 0 0 -2 -1 0 2 23 -2 1 1 -2 0 0 2 0 0 -4 -2 -1 0 -2 4 1 1 1 0 -1 0 0 2 0 0 -3 0 1 1 0 -1 0 0 4 0 -1 0 0 1 0 5 1 0 0 2 0 1 1 2 -2 0 0 1 0 0 -1 0 0 -1 0 0 -1 2 1 -1 2 -1 0 0 0 0 0 0 0 -1 0 1 -1 2 -2 3 4 0 -2 0 2 0 2 2 -2 0 0 1 -4 0 -1 3 0 1 -1 0 -2 0 0 -1 -1 -4 2 0 0 0 -1 0 0 0 -1 0 0 -3 -2 1 0 0 -2 0 -1 0 0 3 -1 1 1 0 -1 0 0 -1 0 2 0 0 0 -1 0 2
-1 2 0 0 0 -1 0 0 0 0 1 0 0 1 4 0 1 0 -1 -3 -8 0 0 0 0 0 0 0 0 0 0 4 -3 1 2 0 4 -1 0 0 2 0 0 0 0 0 0 0 0 0 4 0 -2 2 1 5 1 -1 0 -2 0 -2 -7 1 3 0 2 0 1 0 0 -4 0 2 0 0 -2 0 -4 5 0 0 0 0 0 0 0 0 3 1 -1 0 0 0 0 -2 0 0 -1 -4 -1 6 -2 1 4 -2 0 0 2 2 -2 -1 0 -1 -1 0 0 -2 4 2 2 0 0 0 4 0 0 2 0 0 2 3 0 0 -4 -2 0 -2 0 0 0 0 0 0 0 -4 0 2 3 1 0 0 0 0 0 2 0 2 -2 -2 0 -4 2 0 -2 36 0 0 0 4 -1 0 -2 0 0 1 0 0 0 0 0 4 0 -8 4 -4 -4 0 -4 -4 2 -2 4 0 1 0 0 -4 0 0 -4 0 2 0 -3 0 0 0 -1 0 0 3 -2 1 -2 -2 2 0 0 0 0 2 2 4 1 2 0 4 0 4 -2 -8 0 -2 -1 0 2 -1 0 0 0 -7 0 -2 0 -2 0 0 5 2 -2 1 -4 0 2 0 0 -3 2 0 0 -2 0 0 1 -4 0 -2 0 0 0 0 0 -1 -2 2 2 0 0 0 6 4 0 6 -8 0 0 -2 0 -2 0 0 0 -2 0 -1 -1 4 0 2 -2 -2 -2 2 0 1 1 -4 -1 0
0 0 0 0 0 -4 0 0 0 0 0 -4 -1 0 -2 4 0 -2 0 -2 0 0 4 0 0 -2 0 0 2 0 2 2 4 0 2 0 0 1 0 0 2 0 0 -4 0 -2 0 0 0 0 -3 -4 0 0 2 0 -2 0 0 0 1 0 -2 0 -2 0 -1 0 0 6 0 -4 0 -2 0 0 4 0 0 0 0 -1 0 -2 0 0 0 0 0 0 0 0 4 0 0 -2 0 0 0 0 -2 -1 0 -2 0 0 0 -1 0 0 0 0 0 -4 -1 0 6 0 0 -2 0 0 0 0 0 0 -2 0 0 0 0 0 4 -2 0 0 0 0 -2 0 2 4 0 -2 1 0 -4 -2 0 -2 0 0 0 2 0 0 0 0 0 0 0 0 0 0 1 0 28 0 0 2 0 0 0 0 4 0 -3 -1 0 0 -1 -1 0 2 -2 0 0 2 4 0 2 -4 0 0 -4 0 0 0 1 0 0 0 0 3 2 -1 -3 0 -2 0 0 -2 0 0 -2 0 0 0 0 0 0 0 0 -1 0 -1 0 -2 0 1 4 2 -1 -4 0 0 -1 0 0 -1 6 -5 -4 1 2 0 -2 2 0 0 1 1 0 2 -2 0 0 -2 0 2 0 -2 -2 -4 1 0 0 0 0 -1 0 -2 -1 0 0 0 0 4 0 0 0 0 0 4 0 2 0 0 0 0 -2 2 0 -2 -2 0 0 0 -1 4 0 0 -2 -4 0 0 -1 0 0 0
0 0 1 0 1 0 2 0 0 0 -2 -2 0 0 0 4 -4 0 -2 -4 -1 2 0 0 0 1 0 0 -1 0 0 0 0 -1 2 0 3 0 0 -3 -2 0 0 0 1 4 2 0 0 -4 -2 -1 0 -3 -4 2 0 2 0 2 0 -4 -2 0 0 2 0 4 0 -3 0 0 0 0 1 -1 -2 -1 0 0 0 0 0 0 2 2 -2 0 4 -2 0 0 -4 0 2 0 2 6 -2 -3 -1 0 -1 1 0 1 -1 0 0 -1 -3 0 1 0 -2 0 -2 0 -2 0 0 0 1 -2 0 0 2 0 0 8 3 2 -2 -1 4 0 0 0 0 -1 -1 5 0 0 0 2 1 0 3 2 -3 0 0 1 -1 0 1 4 0 1 -4 7 -2 -1 1 0 0 27 0 0 4 2 0 1 1 4 4 1 -2 -2 1 2 0 2 -1 1 0 -1 -8 1 -3 0 0 0 0 0 1 2 0 0 1 0 1 0 -1 0 0 0 2 0 -2 5 0 0 0 0 0 1 -1 -1 -3 4 0 2 0 -4 0 1 -3 -1 0 0 0 2 -4 -1 0 0 0 0 0 -1 2 -4 0 1 2 0 0 0 0 1 0 0 0 -2 2 2 0 -2 0 0 -1 3 -1 -2 0 -1 0 -3 -1 -2 -1 5 -2 0 0 -2 4 0 3 0 0 0 -1 0 0 -2 -4 1 1 0 1 0 0 -5 4 0 0 -4 -2 -2 1 2 -2 -1 0 -1 2 2
0 0 -2 4 4 -1 1 0 0 -1 2 -2 0 4 0 0 2 -4 0 2 -2 0 4 0 0 0 2 0 0 0 0 1 0 0 0 0 4 0 0 0 0 1 0 1 0 0 0 0 -2 0 0 0 0 -4 0 1 0 0 0 1 0 0 0 2 0 0 4 0 0 0 -4 -2 2 0 0 0 0 -2 0 1 0 0 0 0 2 2 0 0 0 0 1 0 0 0 -4 0 0 0 -2 3 -2 0 0 0 0 -2 0 0 1 0 3 0 0 1 1 -1 0 -1 -2 0 -1 4 0 1 0 0 0 1 0 -1 0 0 5 0 -2 0 4 -2 0 0 2 -2 0 0 0 2 0 0 0 0 -3 2 -2 0 0 -1 -2 4 0 0 0 0 0 -2 -2 0 0 0 30 0 0 -2 4 0 2 2 0 5 2 -1 0 2 0 0 2 -3 -4 0 -4 0 0 0 0 0 0 -4 4 2 -3 0 0 0 0 0 0 -2 2 -2 1 1 0 4 0 0 0 1 4 0 0 -6 -1 -2 0 0 0 1 -2 2 0 0 0 0 2 -2 1 -2 -4 0 -2 0 -1 0 0 -4 1 -2 -2 0 0 0 0 0 -2 2 -2 2 -2 -1 0 1 0 0 0 -2 0 2 0 0 2 2 -2 0 0 0 0 0 0 0 0 0 0 0 0 0 0 0 1 0 1 0 1 0 0 1 0 1 -1 3 0 2 0 0 -4 0 -1 0 0 0 1 0
2 -1 -2 0 0 -2 -1 0 0 0 0 -4 0 -4 0 -4 -1 -1 -1 4 -2 2 2 -1 -4 0 -1 -4 0 -4 0 2 4 -1 6 0 -2 0 -6 0 0 4 1 1 4 1 0 0 0 -2 1 1 -4 4 0 0 2 -1 0 -1 0 -2 0 4 4 0 -2 -2 -1 5 -1 -4 0 0 2 -2 -1 0 4 0 2 1 0 5 1 0 0 6 0 0 -4 0 -1 2 0 1 2 4 -1 0 1 0 0 -7 2 0 0 0 -2 0 2 2 0 -4 0 -1 -2 2 4 1 -2 0 -2 1 -3 0 0 0 4 -4 -1 0 0 -1 2 0 0 0 3 2 0 6 2 4 -1 0 0 0 -1 0 4 0 -1 -8 -1 -2 0 5 4 -2 -1 -4 0 0 0 4 2 0 0 61 0 0 0 6 0 0 0 0 -4 0 4 0 -1 4 0 -3 -6 0 0 4 2 4 1 -2 0 2 0 2 3 -1 2 0 0 -2 6 1 0 0 0 -1 0 4 -4 -4 3 0 0 0 0 0 1 -2 0 -4 0 4 0 0 2 0 0 -7 0 -2 0 1 2 1 -2 3 0 -4 5 0 -4 0 0 0 0 1 0 -1 0 -2 2 1 1 -2 0 0 0 -2 -2 1 2 -2 0 -2 -2 -2 0 1 2 -3 -3 0 -2 -1 0 0 -4 6 -3 2 -4 0 0 -1 4 -1 -1 2 0 -2 0 0 -1 4 0 -3 0 0 0 -2 -1 0 -3 -4 0 0
0 7 0 1 0 0 4 0 5 -1 1 1 0 -1 0 -2 -4 -2 1 0 0 -6 -4 0 -2 -4 -1 0 0 3 0 2 2 -1 8 4 -2 0 4 0 -2 0 1 -2 0 0 0 -2 0 -1 1 2 0 -3 1 0 0 2 0 0 1 -2 -3 0 0 1 0 -2 1 1 0 0 -3 0 0 3 -4 2 0 0 0 2 0 0 0 0 0 0 0 -3 -1 0 0 0 0 3 0 0 0 -1 2 -2 -2 0 1 2 1 -2 0 0 2 -1 0 5 0 0 1 0 -2 2 1 0 -1 0 1 -3 0 1 4 4 -1 -1 2 1 4 -2 5 1 2 -1 0 -1 1 -2 -3 0 0 -1 0 4 4 0 0 2 1 2 0 0 1 4 2 0 1 0 0 -1 0 4 0 0 34 0 2 -2 0 0 0 0 0 -2 -2 0 2 0 1 -1 -1 2 -4 0 1 0 0 1 1 0 0 2 0 0 1 0 0 -2 0 0 -1 0 3 3 1 0 -2 0 -1 -2 0 -2 0 -1 -2 -4 -1 0 0 -2 -1 -1 0 0 0 4 -2 -4 0 0 0 1 0 -4 0 0 0 0 -5 -1 0 0 2 0 0 0 -2 -2 0 -2 0 1 0 0 2 0 0 0 0 2 -4 0 -4 0 4 -4 -3 0 2 -1 0 0 1 4 0 1 2 0 -2 -4 0 -2 0 -2 2 -1 -1 -2 0 -2 2 0 0 0 -2 -2 0 0 -1 0 4 2 -2 0
0 0 -2 1 -2 0 0 4 -1 0 -4 -1 -1 0 0 0 0 1 0 -4 0 0 0 0 0 0 0 0 4 0 0 0 -2 -4 -2 6 -1 1 0 2 0 0 0 0 0 4 0 0 0 0 4 -2 0 2 0 2 2 0 0 0 -1 3 -4 -4 1 1 -4 -1 0 0 0 2 0 0 -2 1 0 0 0 0 1 0 0 0 -6 -2 -2 -2 0 0 0 0 0 0 0 -2 4 2 2 2 0 4 -1 0 2 3 0 0 3 0 -2 0 8 0 0 0 -4 0 0 0 -1 0 0 0 -4 0 0 0 0 2 0 -2 0 -1 0 0 0 0 0 0 0 0 0 0 0 -6 0 1 2 -3 0 0 1 4 0 3 2 -2 -2 -4 -4 -2 1 0 2 0 0 2 -2 0 0 30 0 0 0 -2 0 0 0 0 -4 1 0 4 -2 0 0 0 1 0 -4 0 -1 0 0 0 0 0 6 -1 1 0 0 0 2 2 4 6 4 -2 -1 5 0 0 -2 2 0 2 4 0 2 0 0 0 2 0 -4 0 0 0 -4 0 -4 0 0 0 0 -2 0 0 0 -2 0 2 0 -2 0 0 0 0 -3 2 1 4 0 -2 1 1 -2 0 0 0 0 0 0 -4 0 -4 -3 -2 0 0 -1 -1 0 0 0 0 -1 0 0 0 0 2 0 -2 0 0 0 0 0 0 -4 -2 -1 -2 0 6 2 0 2 0 0 0 0 -1 0 -4 -5 0
2 4 0 4 0 0 2 0 0 -1 0 0 0 0 0 0 0 -2 0 1 -1 0 -2 0 0 0 0 0 -2 -2 2 -3 0 0 0 3 1 0 -4 0 2 1 3 0 -1 2 0 -2 0 0 1 0 0 -2 -2 0 4 0 2 0 0 -2 -1 2 -2 0 1 2 0 1 -3 0 4 0 2 -1 -2 0 0 -1 1 0 -1 0 0 1 0 -4 1 0 -1 1 3 0 0 0 0 4 3 0 -3 2 -4 -3 0 -1 0 0 0 -1 0 -1 4 0 0 0 0 1 -1 -1 0 1 -2 4 3 2 0 0 1 0 -1 1 0 -4 2 0 -2 0 -1 1 2 0 -1 -1 2 2 0 0 0 0 0 0 2 0 -1 -1 -3 -2 2 2 -4 0 -1 0 0 -2 0 0 4 0 2 0 28 0 5 0 0 3 0 -1 0 1 0 0 0 -1 -3 1 1 0 0 0 -3 0 2 1 4 -4 1 1 1 1 1 -1 2 2 2 0 -4 0 0 0 1 0 0 -2 0 0 1 -4 1 0 -2 1 3 0 0 1 4 0 -1 2 0 0 1 -2 0 0 -3 2 0 2 2 2 0 0 0 5 -2 2 -3 0 0 0 1 0 2 0 2 0 2 -1 2 -1 -2 0 1 -2 -8 -5 0 0 1 0 0 0 1 3 -1 0 -1 1 -1 2 -1 -4 0 4 2 -3 6 2 -1 -1 0 0 0 0 0 1 2 0 3 0 1 0 2 -1 2 0
3 2 -3 -4 2 0 0 -2 0 -2 -1 0 1 0 0 -1 0 0 0 2 0 0 0 0 -3 0 0 0 0 2 0 -9 0 0 2 -3 0 0 0 2 2 0 1 0 -4 0 4 0 -1 0 -2 -3 0 4 -1 0 -4 0 2 2 -1 -3 3 0 -2 4 3 3 -6 -2 -2 -2 7 -4 0 -2 0 -2 0 0 -4 0 0 -2 1 1 -2 -3 2 0 5 2 -2 1 -4 0 1 0 -4 3 0 0 3 -1 0 0 -2 1 0 -4 -4 0 -2 0 0 0 -1 0 1 0 0 0 4 2 1 2 0 0 5 0 6 0 0 -6 2 0 0 -1 0 3 0 0 7 1 2 1 -2 0 0 0 -4 0 -2 -6 0 0 -6 -2 0 1 -2 0 2 0 0 0 0 1 0 6 -2 0 0 36 0 3 1 -4 -4 0 -3 1 -4 0 -2 8 0 4 1 2 1 -1 4 0 1 5 3 -4 1 -6 1 0 -2 0 1 -1 2 1 -2 0 2 0 0 0 0 0 0 2 -2 2 -3 1 -1 1 0 0 2 3 0 0 -1 -2 2 4 0 1 0 2 -2 -2 0 -1 1 0 2 4 -1 1 0 0 -2 0 0 -3 0 5 0 0 -1 -1 -2 1 -1 -6 0 -1 1 0 -2 0 1 5 0 0 -3 -2 0 -2 0 0 0 -2 -1 -2 0 -5 2 -2 -6 0 0 0 2 0 0 -2 0 3 0 0 0 1 0 4 0 -1 2 1 3 0
-2 -2 1 5 1 0 2 0 1 1 0 0 0 4 -1 0 0 1 2 -1 1 1 -2 0 0 -3 1 0 0 -4 2 0 0 -1 -4 -5 0 2 2 0 1 2 0 -4 -2 2 0 -6 2 0 0 0 -1 4 0 0 1 1 0 1 -2 1 1 -1 4 0 -2 6 4 -5 1 -1 4 4 -2 0 0 -3 2 -1 -2 -4 -3 0 0 1 0 0 0 2 0 0 0 2 0 0 2 4 4 2 -1 -3 2 2 2 0 0 9 2 -2 4 3 -4 0 2 4 -3 -1 6 -1 0 0 1 0 -3 4 5 -1 -2 4 2 2 1 -2 -2 -1 0 0 0 2 1 1 -3 0 0 0 -4 0 5 -4 -4 0 -1 -1 3 1 0 1 2 0 0 -2 0 3 -4 0 4 1 2 0 0 0 5 0 49 -8 3 2 4 0 -4 1 -2 2 1 -1 -2 1 0 0 0 0 2 -4 0 2 2 -1 -3 3 2 0 -1 1 4 3 -4 4 0 1 -4 0 0 1 0 -1 2 -1 1 0 -1 0 5 0 5 1 0 -5 -7 0 -2 4 0 3 1 0 0 -1 -1 0 4 -5 -4 -2 -1 0 -4 2 9 0 1 -1 -2 0 2 0 1 2 0 0 -4 0 -4 1 0 -4 2 -6 -1 -1 0 0 -2 -3 0 0 0 2 0 0 2 -1 -2 2 3 0 -1 4 2 0 6 1 -3 -4 0 0 -2 2 0 -1 -4 -1 0 -2 0 0 2 2 2 -1
0 1 2 -2 2 0 0 0 0 -2 0 2 -2 6 4 -8 2 -1 4 3 -1 -1 1 -1 -4 -1 0 4 0 4 -3 0 1 0 -1 4 5 -5 1 0 2 1 0 1 -4 1 2 1 2 1 -4 0 1 -4 2 4 -4 -1 0 0 2 -1 4 0 2 1 -1 0 0 2 0 0 -4 0 2 -4 0 -6 0 -2 2 0 0 0 -4 1 4 1 3 0 0 0 0 4 -1 1 0 2 -6 2 -1 0 0 2 -4 -4 0 -1 1 0 0 -2 2 2 0 -4 5 0 1 -2 -3 4 0 0 0 0 -1 -2 1 4 7 -4 0 -2 -1 2 -4 0 0 2 0 -2 0 -1 3 4 0 4 1 5 0 0 1 0 -1 0 3 -2 -2 0 2 0 1 4 -2 1 0 4 2 0 0 -2 0 3 -8 57 2 0 0 1 0 -6 0 0 2 0 0 1 -8 -1 1 3 2 1 5 -1 -2 -2 0 -2 0 0 -1 -1 5 -6 2 -2 0 -1 2 0 0 2 -4 -4 8 0 -3 0 -1 -2 -8 3 0 0 0 8 0 0 -3 -4 0 0 0 -3 1 3 -4 0 0 0 0 -6 1 0 0 2 -4 2 -2 0 2 -4 5 -2 -1 -2 2 0 -1 1 -3 -2 6 2 -1 4 0 -1 -5 2 2 0 2 1 0 0 -4 2 0 0 -2 0 0 0 2 -1 -4 0 -4 0 1 0 2 0 -3 0 -2 0 2 1 0 -2 0 0 3 3 0 0
4 0 3 0 0 -2 -4 0 1 3 0 -2 6 0 2 1 -2 5 4 0 0 2 0 -2 4 0 3 0 -2 0 0 0 0 -2 0 0 3 2 2 2 2 3 0 2 1 4 2 -1 -2 0 -2 2 5 -2 -1 0 2 0 4 0 0 0 2 0 -4 2 1 0 0 -4 2 -1 0 0 1 -5 0 -4 0 0 1 -1 0 -1 0 2 2 2 0 0 3 -6 -5 2 0 0 1 2 -2 1 1 1 -1 0 0 0 0 1 5 0 0 -2 -2 0 1 5 -3 -2 1 2 0 0 4 0 0 2 1 2 0 1 -2 -4 -1 -1 -2 -1 -8 0 0 -2 2 -4 -1 0 0 0 2 1 0 0 0 0 0 0 2 -2 0 2 3 0 0 -2 0 0 -1 0 -3 4 0 0 0 0 0 1 3 2 38 5 -1 0 0 3 -1 5 0 1 -2 -2 -2 -2 0 0 6 -5 1 2 0 0 -1 -3 0 3 4 -1 0 -2 -1 0 6 4 0 -2 1 2 2 -4 4 0 -1 0 0 0 0 0 -2 1 -4 1 2 0 0 1 -1 2 0 -1 0 -2 -4 1 -3 -2 0 -1 0 2 1 5 4 0 -1 0 0 0 0 -4 3 2 1 -3 0 0 3 0 -1 -1 0 -3 -1 2 1 -4 3 1 1 0 -1 0 0 0 1 -3 1 -4 0 -4 -1 0 -1 0 1 0 0 1 4 -2 3 2 -2 0 0 0 1 0 0 0 2 3 -1 0
2 -1 -2 0 4 2 1 0 0 0 0 0 0 0 2 0 -1 2 2 5 -4 2 0 0 4 0 2 -2 2 -4 -2 1 1 0 -2 0 6 0 0 -4 3 4 0 3 2 0 -4 0 0 3 -3 0 0 0 -2 0 0 -4 4 -5 0 0 6 1 3 2 0 5 0 0 2 -1 0 9 5 -2 0 0 1 -1 0 2 5 -2 -1 0 0 1 2 0 0 0 0 0 2 0 2 -4 4 0 2 0 0 2 0 -1 1 9 -2 -3 2 2 0 -2 -5 -2 0 -4 2 1 -3 0 1 1 -2 0 0 1 0 6 -2 0 -2 5 0 2 -2 -4 1 1 1 1 -1 -2 1 0 1 -2 -4 2 2 0 -1 0 -1 0 6 0 -3 4 0 2 0 0 0 0 -1 1 5 0 0 0 3 -4 2 0 5 44 0 -1 1 2 0 0 6 -4 -4 -2 -4 0 -2 2 -2 -2 0 0 0 0 0 2 0 6 -4 4 6 3 0 0 3 0 0 0 -2 0 0 0 4 0 1 0 -1 -4 -2 0 2 2 -2 -1 1 0 0 -1 0 1 3 1 -1 2 -3 0 1 1 2 0 0 -2 -4 6 -1 4 1 -6 -2 4 -2 -4 0 0 -2 -1 -3 0 0 0 0 -4 0 0 0 1 0 -1 4 -4 5 4 3 3 4 0 3 0 0 2 -2 -6 0 1 4 0 -4 0 6 0 -3 -3 1 2 1 -1 6 -2 1 0 0 -2 3 -2 -2 -1
2 0 0 4 -4 0 2 0 0 0 0 0 -2 6 0 0 -1 -4 0 0 -2 0 -1 0 0 0 -1 -1 2 6 1 4 0 0 0 0 0 0 0 -1 0 2 1 0 2 0 0 0 0 0 0 0 0 -2 2 0 0 0 -2 0 2 1 0 0 -1 6 0 -2 0 0 1 1 -1 -2 0 0 -2 2 0 0 0 0 1 0 1 1 4 0 0 0 4 0 4 0 -2 0 1 0 0 2 0 -2 1 1 0 2 1 0 4 0 4 0 2 -2 0 2 1 2 0 0 0 0 0 0 0 1 0 0 -1 -2 -9 0 2 1 0 0 0 -1 0 -1 0 0 1 0 0 5 0 0 2 -1 0 0 0 2 0 0 0 0 0 0 0 4 -4 0 -2 0 0 -2 2 -4 0 0 0 -4 4 0 -1 0 31 0 1 -2 0 2 0 0 0 -2 0 -4 0 -6 -1 2 0 0 -4 -4 -4 4 -2 -1 0 0 4 0 -4 0 0 0 0 0 0 0 0 -1 0 1 0 1 2 0 0 1 0 0 0 -6 0 0 0 2 0 -1 0 0 -1 0 2 0 4 0 -1 2 -2 5 -3 0 0 0 0 0 0 -4 0 1 0 0 0 0 -4 0 2 -1 2 -4 0 -2 0 0 0 -1 1 0 0 0 -6 4 -1 0 -2 0 1 0 0 3 0 -4 6 0 2 0 3 0 0 6 1 -2 3 0 0 0 0 4 0 2 0 -3 0 0
1 -1 -3 -1 0 -1 -3 0 0 0 0 3 2 0 -1 0 1 0 0 -4 -5 0 0 0 0 0 0 0 -2 -4 -2 -5 0 0 -7 -2 -2 0 1 0 7 0 0 0 0 4 0 0 -4 0 0 1 2 1 -2 -1 0 0 -2 -1 4 1 1 -1 0 0 -2 0 0 0 0 4 0 -2 0 0 4 0 0 -2 0 0 0 0 0 -2 0 0 1 2 0 4 0 0 -2 -1 -4 0 2 0 0 -2 -2 1 0 0 0 2 0 0 0 0 0 0 0 0 -4 1 1 0 -1 0 0 1 2 -4 -2 0 1 -2 0 4 0 4 4 0 0 0 0 -1 -2 1 0 2 3 -4 -2 0 1 4 1 0 0 0 0 0 1 -1 1 0 0 0 0 -2 4 0 0 -2 -1 0 -2 0 -1 0 0 1 0 -1 0 38 0 0 0 0 -2 -1 3 0 0 -1 0 0 -2 0 -2 -4 0 0 2 0 4 0 -2 0 0 -3 -2 1 6 6 0 0 0 0 0 -1 0 2 0 0 0 0 -4 -2 2 -1 2 2 -2 -2 0 0 -2 0 1 0 1 0 -6 0 0 0 0 -2 -1 4 -1 1 2 0 4 2 2 -2 0 0 0 4 0 -1 0 3 -3 8 0 0 0 1 0 -2 0 -1 3 0 0 0 0 0 0 0 0 0 0 -6 3 0 0 0 -3 4 -4 -4 0 3 -2 0 -2 -4 6 0 2 1 0 -1 -1 0 -2 0 0 2
0 3 -2 -2 0 -3 2 0 4 0 0 -3 0 0 0 -2 0 2 -3 0 -1 3 2 0 0 1 -1 0 1 2 -2 2 4 -1 2 0 -1 -2 2 4 0 0 1 2 0 0 0 0 0 0 1 4 0 -2 1 2 0 0 -3 0 -3 -2 2 0 0 0 2 -2 1 2 4 -1 -1 1 1 0 -3 0 -4 0 0 1 -2 0 0 -2 0 3 0 0 0 0 0 1 0 0 -2 0 0 0 1 0 2 0 2 0 0 1 0 -1 -2 0 2 -4 1 0 0 0 0 3 0 0 0 -1 -1 0 1 0 -2 0 0 2 -2 4 0 3 0 0 2 0 -3 0 0 0 0 3 4 2 -2 1 -1 0 1 -2 0 2 0 -2 -4 0 2 0 -6 0 1 0 -1 1 0 4 -2 -4 0 -3 -4 0 0 1 1 0 31 0 0 -1 2 0 -5 0 0 0 -3 -2 0 3 0 -2 -2 0 -1 -5 -3 0 0 2 2 0 -4 -1 -4 4 -2 0 4 0 0 0 0 2 0 -1 0 0 2 0 0 0 0 0 -3 0 4 0 0 -4 0 0 0 0 0 0 -2 4 5 2 0 6 0 0 0 0 3 2 0 0 0 0 0 0 -1 0 -2 -2 0 0 -1 1 2 0 -2 0 0 -3 0 2 0 0 0 0 2 0 0 0 0 -2 0 -3 0 4 1 -1 -1 0 -2 0 0 0 0 -2 -1 0 2 0 -2 -4 0 0 0 0 0 0
0 0 0 0 4 -4 0 0 -1 -2 0 -2 0 2 -1 0 0 1 -3 -5 -4 -1 -4 0 -2 0 0 -2 0 -1 -2 -2 -2 -2 1 -4 0 5 0 -1 0 -4 0 0 1 2 0 -1 2 0 1 4 0 1 -2 0 0 4 0 -4 0 2 -3 4 2 2 1 -3 0 -1 -1 2 0 -4 -2 0 3 -5 1 -4 -2 0 5 -4 0 0 -2 -2 0 -1 -4 0 2 1 0 0 1 4 0 -2 -4 0 -1 -1 0 1 2 3 2 -3 0 6 0 0 0 0 0 -4 0 2 4 0 2 0 2 0 0 0 -2 -4 2 -5 5 4 5 -4 -2 0 -1 1 0 1 0 -2 0 0 -2 0 0 -6 -2 4 1 0 0 -2 2 2 0 -1 0 3 1 2 1 4 -1 2 2 0 0 1 1 1 1 -6 3 2 -2 0 0 44 0 0 1 0 0 2 0 0 -1 -4 0 -1 -2 0 2 -1 -2 2 1 0 -4 -1 -2 -1 -1 0 7 4 -3 0 1 0 -2 -5 4 0 4 -1 -2 -2 -2 2 0 1 -2 0 2 0 0 1 0 0 -1 0 1 -4 -4 1 -1 0 0 -1 2 0 -2 5 -8 6 0 0 0 0 0 0 0 3 -2 0 0 4 0 0 3 -10 0 -2 -6 0 0 2 0 6 -4 0 0 -2 0 0 0 0 0 -2 -1 -2 2 -4 -2 -4 3 1 4 2 3 -2 2 4 0 0 -2 0 -1 0 -2 -3 1 2 0 -2
-4 -4 1 0 2 0 0 1 0 4 2 0 0 -2 1 -2 1 2 0 -2 0 -2 -1 -3 2 -2 0 0 1 0 -3 6 0 0 0 -1 -1 1 0 2 -2 0 0 0 0 0 1 0 2 -2 0 1 0 0 0 -4 4 0 -2 -4 0 -2 6 -4 0 -4 4 0 0 0 0 -3 -2 0 0 7 0 2 -2 0 0 3 0 0 2 -1 -4 2 0 -1 -2 -2 0 2 -3 0 0 0 2 0 -2 0 -6 0 -2 1 0 0 0 5 2 0 0 0 0 -1 -2 1 -1 0 2 -2 -3 0 0 -2 0 -2 0 -4 2 -2 0 0 0 0 1 0 0 0 0 1 0 -1 2 0 0 -4 -2 0 4 2 2 3 -1 0 0 0 -1 -1 -1 1 0 -1 1 0 0 0 0 -1 2 0 0 -4 -2 0 -1 0 0 0 0 0 28 -4 -3 -2 -2 -2 -2 0 0 -3 0 1 0 -2 0 4 -4 0 0 0 2 -2 0 1 0 -1 0 1 0 -5 1 0 1 0 0 0 2 1 0 -1 -4 0 -2 -2 0 -2 0 0 0 0 -3 -2 2 0 0 -2 2 1 -1 0 0 5 0 0 0 1 0 0 4 0 -1 -2 0 2 -4 0 -1 1 0 2 0 2 0 0 0 -4 2 -1 0 2 0 2 2 0 0 1 0 -1 2 0 0 0 0 -2 0 0 0 0 0 1 2 0 0 0 -3 2 2 0 0 0 -3 4 0 0 -4 0 -1 0
1 2 0 0 -2 -1 0 2 0 0 0 0 0 4 0 4 -2 0 1 -6 2 -1 0 2 0 2 0 -1 0 0 2 -2 1 0 0 0 4 1 0 1 -1 -3 0 0 0 2 2 0 -1 0 -4 0 6 0 2 -4 3 -1 -4 2 -2 3 1 2 -2 -2 0 0 0 -5 0 5 0 0 0 -3 2 -1 0 0 0 0 4 0 2 1 2 0 0 2 2 0 0 0 -3 -1 0 1 -2 8 1 -6 0 -8 0 0 2 -2 1 -2 -3 -2 2 0 -1 -3 -3 4 1 0 1 3 1 -2 -3 5 -1 -3 -3 4 -4 0 2 -2 3 0 0 -2 0 2 0 8 1 -4 0 1 1 -1 1 0 6 0 1 1 -2 1 0 0 -1 0 -4 -6 0 0 0 -8 2 2 0 4 0 4 0 0 2 0 5 0 2 0 -1 0 -4 56 -3 -1 5 -1 2 0 0 -3 1 0 -2 2 0 0 -2 2 5 0 2 -3 2 -1 -1 2 0 -2 -2 -4 0 0 2 -2 0 0 0 0 1 0 -1 0 0 -2 0 -5 -4 1 -2 4 -1 -2 0 -2 -3 1 2 4 2 4 0 3 0 -2 -2 1 2 2 -2 0 0 2 2 0 2 2 4 2 -3 0 5 -1 1 4 -2 -7 4 1 -1 1 0 1 -1 0 0 -1 -2 0 0 -4 0 -6 0 2 0 2 -1 1 3 0 2 0 0 -2 2 2 -1 3 0 3 0 8 0 0 2 4 0 -1
1 6 -4 -1 1 6 3 0 -1 -4 0 2 0 4 0 2 2 0 0 1 2 3 4 0 1 -2 0 0 4 0 2 5 0 1 -2 0 2 -1 1 0 4 -4 -4 8 -1 1 -1 -2 0 3 0 0 -3 -2 0 0 0 -2 -3 2 0 1 -1 2 4 4 4 0 2 -2 0 1 0 6 2 -1 -1 0 0 -1 0 6 0 2 0 -5 0 5 4 -4 -2 1 0 -4 -4 -4 2 4 -2 -4 0 1 -4 4 6 -5 0 2 -2 -2 0 0 -1 6 4 -1 -2 0 0 0 -2 -2 -1 2 -1 6 0 0 0 0 -4 1 0 6 -2 -2 -1 0 -2 0 0 0 -4 -2 0 0 -6 4 -2 2 -8 0 0 1 0 0 2 2 -5 1 2 1 0 1 -1 4 -2 -1 2 0 1 -2 0 -2 1 2 0 6 0 -2 2 1 -3 -3 46 -12 -2 2 -4 0 6 3 2 0 -1 4 -2 0 0 0 1 -4 -2 2 2 -2 1 1 1 0 1 1 -4 2 0 -2 6 -4 -5 -3 0 1 0 0 -2 1 0 -4 -2 0 0 -1 1 3 0 4 2 2 -1 -1 -5 0 0 -1 -1 1 0 1 1 0 -1 2 -6 3 0 -4 0 1 -2 2 -5 -4 0 0 0 6 0 0 -5 0 0 -1 -4 0 0 6 2 1 0 1 0 0 0 4 0 2 0 1 0 0 0 -1 -4 2 1 -1 0 4 -2 -2 2 2 1 -5 1 1 4 -2 -5 0
0 -1 1 -2 -4 -2 2 0 0 3 0 0 1 2 0 -5 -2 0 0 4 0 0 -4 -1 0 1 1 0 0 2 3 -6 0 -2 2 2 -4 2 0 1 4 3 -1 -1 1 -2 0 6 -1 0 0 0 -2 0 0 3 0 0 -1 -2 0 1 -2 10 0 0 1 -3 0 -2 0 1 6 -4 -2 2 0 -3 1 1 0 0 1 -2 2 -1 0 -1 0 -2 2 1 1 3 3 -1 -5 -6 0 6 0 5 10 1 0 0 -2 1 2 1 2 1 1 -6 0 4 1 0 -8 -1 3 0 2 0 2 1 0 2 1 7 3 0 0 3 3 -2 0 3 0 1 0 0 -3 0 -1 4 0 2 2 0 -1 -1 0 -2 1 -4 2 -1 -2 0 -2 0 0 5 0 -4 0 1 -3 -3 -1 0 -1 8 -1 0 1 -4 0 -1 0 0 -2 -1 -12 50 1 0 0 -2 -4 0 4 0 -1 -2 0 0 0 -4 0 0 0 2 3 3 1 -2 2 0 1 -2 -1 0 -2 4 -2 6 0 3 -3 4 5 -1 3 -1 0 6 0 0 0 -2 2 -2 0 -1 4 -2 1 0 4 0 -1 -2 4 0 1 0 0 0 1 0 3 -9 6 4 2 -1 1 -1 -2 -1 1 -2 2 3 1 -1 0 2 1 -1 -1 0 0 0 -1 0 -1 1 -7 1 1 0 0 -6 0 0 -1 3 0 -2 -3 1 -2 -1 2 -3 -2 1 0 1 -2 2 -5 -2 0 0 0 0
-5 -3 -1 2 0 -2 -2 -2 0 1 0 0 -1 0 1 0 2 -4 2 -3 -1 0 0 2 0 1 -1 0 -4 4 0 -9 3 -2 -2 0 4 1 0 -4 0 -1 0 -6 -2 0 2 0 0 -1 0 0 4 6 0 0 -1 -2 0 -2 0 4 1 3 0 0 0 0 1 0 4 0 2 0 -7 6 6 0 0 0 -1 0 2 -2 0 0 0 2 4 4 0 -2 2 -5 0 0 -3 0 -1 -1 2 0 0 0 3 6 0 0 4 0 -4 -2 0 0 2 0 0 -1 0 2 1 0 2 4 -3 0 0 -4 -4 -1 -1 -2 0 0 1 -3 -2 0 0 0 2 0 0 4 0 3 0 -1 0 -1 1 0 0 -2 0 2 0 0 -7 6 -2 2 0 0 0 -4 0 0 -4 -6 -1 0 -3 0 -2 0 -2 -4 0 3 -5 0 -2 5 -2 1 49 8 0 0 0 2 -2 0 -4 3 0 2 0 2 2 1 -4 0 -3 -4 2 2 10 2 0 0 2 -4 -2 4 -4 2 0 -1 0 2 -3 0 0 -2 2 4 -5 -8 0 3 -4 0 2 2 0 -4 0 -4 2 2 -4 5 0 -4 0 2 -2 0 -2 -4 0 -2 -1 2 1 2 2 0 -2 0 0 0 -2 2 5 2 3 0 0 0 -1 2 0 -2 2 -4 -2 2 -2 2 0 -3 3 0 0 -2 0 1 2 -2 3 3 0 -2 0 4 0 -4 0 -3 2 2 -4 2 0 2 3 0
0 -1 0 0 2 1 1 0 1 0 0 0 -2 0 0 -2 0 0 0 0 -1 1 0 0 0 -2 -1 -2 0 0 0 -6 0 2 1 0 0 0 0 0 0 -5 1 -2 -4 9 3 -3 -2 0 -2 6 0 0 -3 5 4 5 0 4 0 0 2 4 -2 0 0 3 2 2 -4 -1 0 -4 0 0 0 0 0 0 0 0 -4 -2 0 0 0 0 4 6 0 0 4 -6 -1 0 1 4 -1 1 3 2 1 0 4 0 1 -2 2 0 2 0 0 -2 -1 -2 -1 -1 1 2 0 -1 -6 1 -2 2 -1 1 1 -1 3 0 2 -4 2 -1 2 1 0 1 4 0 -1 2 0 -2 -2 -2 -4 -4 1 2 -1 0 1 -3 -1 0 -4 2 0 0 0 0 2 0 2 -1 0 0 2 0 1 4 1 1 -2 -2 -2 0 0 2 -2 -1 2 0 8 38 -1 1 1 6 -2 0 1 4 0 2 0 3 0 0 -4 2 3 -2 3 1 0 1 1 0 -1 -4 -4 1 -1 0 -1 -4 4 -2 0 0 -2 -1 0 4 3 -2 -2 2 -2 -4 0 2 0 -2 2 -4 3 -2 -2 1 -2 0 -2 3 -3 0 0 -2 0 0 -1 4 0 0 -2 0 -5 3 0 0 6 2 2 2 -1 0 4 3 0 -2 2 -2 0 0 0 4 0 2 -1 0 2 -3 0 -4 -6 -5 0 -1 1 0 -4 0 0 0 0 1 0 4 0 -1 4 2 4 -3 0 -2
0 0 0 -2 3 0 2 2 0 0 0 2 -1 4 -4 0 2 0 -2 0 -2 0 -2 0 0 2 -2 0 0 0 0 -1 0 0 1 3 -6 0 0 1 -4 0 0 0 1 -1 0 0 2 -2 -2 -2 0 1 1 -2 0 2 0 4 3 1 0 -2 -1 -2 0 0 -2 3 1 0 -2 -2 -2 0 0 0 0 0 1 -4 0 0 -3 -3 -2 0 -4 2 2 0 6 0 0 2 0 0 1 2 -1 0 2 -3 0 2 0 2 0 -1 1 0 0 0 5 0 0 0 0 0 0 -4 4 0 6 0 0 0 2 -3 -1 -1 0 4 0 0 -3 0 0 1 0 2 0 4 1 1 0 0 6 -4 0 0 -3 -2 0 1 -2 0 4 0 2 0 1 0 0 -4 4 -8 -4 0 -4 1 1 1 0 -8 -2 -4 0 0 0 0 -2 2 -4 0 0 -1 39 1 -1 0 -1 1 -2 0 0 0 1 2 4 0 -1 0 0 0 -3 0 -3 0 -2 0 1 0 -2 0 1 2 1 0 0 4 0 1 2 4 0 -2 0 0 5 0 1 2 2 1 -2 -2 0 4 1 4 0 7 -2 0 0 3 0 1 1 0 0 0 0 0 2 2 0 0 0 0 1 0 2 0 -1 1 0 4 0 1 -1 0 0 -4 -1 1 0 0 1 0 0 4 0 0 3 1 2 3 -4 0 0 1 0 4 0 0 -2 -4 0 1 0 0 -2 0 -3 -1 2 1
-4 1 0 -4 -2 -2 2 2 -2 0 0 2 -2 0 -2 0 0 -6 -2 -4 6 4 0 0 0 -1 4 0 -9 0 -2 0 2 2 2 1 0 0 -5 -2 -4 10 0 0 -4 0 -4 0 6 0 0 -1 -2 8 1 0 4 -4 0 2 1 0 0 2 2 2 0 0 -7 4 0 2 0 0 0 0 0 0 4 -4 -4 0 0 0 0 -4 0 0 0 0 -4 0 0 0 2 3 -2 0 0 0 0 0 -1 -1 5 0 -4 0 0 1 0 0 0 4 0 6 -1 0 0 -1 0 -1 -4 0 0 4 -3 0 -2 8 2 0 0 10 3 0 0 0 2 -2 2 0 4 6 3 6 -2 0 -1 8 0 0 0 2 0 0 0 0 0 6 0 0 8 0 0 -4 0 1 0 4 0 0 0 2 0 -1 -2 0 -4 -1 0 0 0 0 0 -2 0 1 1 50 -2 2 -4 -1 0 0 0 0 -3 8 0 0 -4 8 1 4 -2 0 -4 0 0 4 0 0 0 1 0 0 0 0 0 0 0 0 0 -2 2 0 0 -1 0 1 0 0 0 2 1 0 0 0 -2 0 0 1 -3 2 0 0 0 -1 0 0 0 4 -1 0 0 8 0 -2 0 -1 -1 -2 2 -4 1 -2 0 1 1 1 0 2 0 -2 0 1 4 0 0 0 -2 -3 4 0 3 -2 0 0 -2 0 -8 1 0 0 0 -7 0 1 0 0 0 -2 0 -2 0 4 3 2
-2 -1 0 0 2 0 0 0 1 6 0 -4 -1 -2 1 7 0 -2 1 4 0 -2 0 2 -1 -1 0 0 0 -4 6 2 0 1 0 -1 0 3 -2 0 -6 -4 0 -2 2 -4 -2 -4 0 0 -2 1 0 2 2 3 0 2 -2 0 1 0 -3 2 1 0 1 0 0 0 2 0 -1 0 0 2 6 0 0 2 0 -2 0 2 0 0 0 0 0 -2 3 0 0 -3 -2 0 2 4 0 0 0 -1 0 -6 -1 0 1 -4 6 1 2 -2 -2 3 -2 0 4 -1 1 -9 0 -2 0 -5 1 0 0 0 0 0 0 4 4 -3 -2 0 0 1 2 1 -1 1 2 2 -1 0 0 4 1 -2 1 -2 -1 2 2 -2 0 2 -1 -3 4 2 0 0 -3 2 2 -3 0 2 1 -4 0 1 0 1 0 -2 0 0 -3 -1 0 0 6 -4 0 1 -1 -2 47 -1 0 -1 3 1 0 0 3 -1 2 0 -1 -2 1 3 -2 0 1 0 1 2 2 2 0 0 0 5 0 -2 4 -1 2 0 -1 0 1 0 0 -1 2 0 0 0 0 1 0 2 2 0 0 2 -1 -2 2 5 0 1 3 -2 3 0 0 0 0 0 0 0 1 0 0 0 3 2 3 0 0 0 0 2 0 -1 1 -5 0 0 3 0 -4 0 0 0 -1 2 3 2 -3 0 0 0 0 0 1 -1 1 2 0 1 -1 4 0 1 0 -2 0 0 0 -3 0 6
0 0 2 -3 1 1 1 -4 -2 0 6 -1 -2 -10 0 -4 2 -3 2 4 0 0 -1 0 0 2 0 2 -4 0 5 -6 2 0 0 -1 0 0 2 -1 0 -2 0 0 0 2 0 -2 0 0 0 0 0 5 -1 0 4 0 2 10 -1 2 4 9 6 0 -2 0 0 0 -4 1 0 0 -1 -1 -2 2 2 0 4 -2 0 1 0 0 2 4 0 2 -1 0 -1 2 6 -1 0 4 -3 0 2 2 -5 0 3 3 -2 0 -2 0 -1 0 0 2 1 0 1 -2 1 -2 -4 2 -2 0 0 3 1 -2 0 4 0 0 0 3 0 5 0 2 0 0 0 8 0 0 2 -2 -1 1 0 0 1 -1 0 0 -2 0 0 1 -5 1 0 0 1 0 0 -2 -4 0 0 4 0 0 0 -1 0 3 0 2 -6 0 -2 -4 -3 -3 3 0 2 6 0 2 -1 47 2 0 0 1 0 0 -1 -3 0 0 -2 1 -2 0 7 0 2 -4 0 0 -2 0 2 3 1 -1 1 -1 2 -7 1 2 1 -2 2 4 0 0 2 -1 -3 3 1 -1 5 0 -2 -1 -9 0 -2 0 0 -6 2 0 0 2 -3 2 0 -4 0 0 0 0 0 -2 -3 0 1 3 1 2 -2 4 0 0 0 -4 -2 -2 2 2 0 0 2 2 2 0 0 4 0 0 1 0 -4 1 2 3 2 0 -1 0 -2 0 -1 -1 4 0 1 -8 0 0 0 2 -1 0
2 -3 0 0 0 -2 1 -2 0 1 -4 1 4 -1 4 0 5 0 -1 2 4 -2 0 1 0 0 2 -1 0 0 0 2 0 0 1 2 -1 -2 0 2 4 1 -2 -1 -1 -5 0 5 0 -2 0 0 0 2 0 0 -4 1 2 -1 0 0 2 0 -2 0 2 0 2 -4 0 -1 0 0 0 0 -4 0 0 0 -1 0 -1 0 0 1 0 0 0 -3 4 0 0 2 4 0 -2 0 3 0 0 3 0 5 1 -2 -1 -2 0 -1 0 -1 2 4 0 0 -2 0 2 0 1 1 4 1 -1 4 3 0 -2 0 0 -2 0 -2 2 0 1 3 -2 2 0 1 2 0 -1 -2 0 4 1 0 0 0 -2 0 0 -1 0 0 -4 1 0 -3 -1 0 1 4 0 0 0 1 0 -1 -3 4 2 2 6 -2 -1 -2 0 0 0 1 2 4 -2 -2 -1 -4 0 2 32 -1 -4 4 0 -4 0 -11 -3 -1 0 -4 0 0 0 -3 2 0 0 -2 -2 1 3 -1 0 -4 0 1 -2 0 -2 0 0 0 0 2 0 4 -4 2 0 1 -1 0 1 -2 0 -5 -3 0 -2 -4 0 0 2 4 0 -1 0 1 0 1 -4 0 0 0 6 -2 0 0 2 0 3 2 0 -1 0 0 -4 0 0 0 -3 0 -1 0 1 0 3 -6 4 -4 0 0 0 0 4 5 0 0 -1 0 1 0 -3 0 0 2 1 0 0 2 0 2 -2 0 -3 1
3 2 0 0 0 1 -4 0 0 0 0 0 3 -1 2 -2 0 -7 -2 1 0 5 0 2 2 0 -2 0 1 6 0 0 2 1 4 2 0 -1 4 1 -1 -2 0 0 1 -1 0 2 0 2 -2 2 0 -4 0 -1 0 2 -2 0 0 0 -1 0 1 1 0 0 -2 0 -4 1 -1 2 1 2 -1 -2 0 0 1 2 -4 0 -2 -1 2 3 0 -1 0 2 0 1 -2 1 0 -2 0 4 -1 0 -6 1 0 2 -1 -4 0 -3 2 0 0 0 1 -2 2 2 -2 3 0 0 0 1 1 1 -2 -3 0 0 0 0 -2 -1 0 0 -2 -1 2 0 -4 2 3 0 0 0 0 0 5 -1 0 -2 2 0 -4 5 -2 -1 2 -1 2 1 3 1 1 0 0 0 0 -2 1 0 0 0 -4 1 -5 -2 2 0 3 -1 1 0 0 0 0 0 1 -1 -1 0 -1 30 -1 -2 -1 -3 0 -1 -1 2 1 1 -2 3 0 0 0 -1 0 1 0 2 -3 1 -1 2 0 -3 1 0 0 0 -1 -2 0 1 0 1 0 -1 1 0 0 0 2 4 0 0 4 -4 -2 0 0 2 4 1 2 0 -2 2 1 -4 1 2 0 -1 -2 2 -8 2 2 0 0 -2 1 2 2 0 0 4 -2 2 0 0 -4 0 -1 0 0 -1 0 -4 0 -2 2 0 1 0 1 -2 1 2 0 0 -2 -2 -4 0 0 1 0 0 0 0 1 -2 2 0
0 0 3 2 -2 0 2 0 0 -2 2 -2 -2 3 -1 5 0 1 -1 0 -4 -2 1 0 0 -1 2 -2 -2 -2 0 0 0 -1 2 2 0 -2 0 -1 -4 3 0 4 -1 -2 1 0 6 -1 1 -2 -1 0 -1 -1 1 1 1 0 0 -4 4 2 1 1 0 -1 -4 1 0 -1 -1 0 0 -5 -2 -5 0 2 0 0 0 0 -3 2 0 1 0 -3 1 0 0 -6 -2 -1 0 1 0 0 3 0 0 -10 0 0 0 -2 2 0 1 -1 2 0 1 5 -2 -3 0 0 0 -4 1 0 -1 1 0 -1 0 0 -1 -1 -4 0 -6 4 -3 0 2 0 0 1 0 0 -1 2 0 3 0 0 0 0 4 0 1 0 -4 0 2 0 0 1 0 -3 0 1 -4 0 0 0 1 0 2 1 0 5 1 0 0 -2 0 -2 0 -2 -1 -1 -4 1 -2 0 3 0 -4 -1 41 3 -4 2 0 -1 2 0 -1 2 4 3 1 -2 2 -1 0 0 -4 0 0 -2 -1 -2 -2 -2 -1 0 9 2 -4 -2 -4 1 1 -2 -2 -2 2 0 0 -2 0 0 -1 6 0 0 -2 2 4 -1 1 -2 -3 -1 -4 0 1 -1 -4 0 -1 1 1 0 0 0 0 0 -4 -2 -1 -4 2 -1 3 1 0 1 -2 -2 4 -2 -2 0 -4 2 0 0 0 -2 0 2 -4 0 2 5 -3 -1 0 0 0 0 -1 2 0 0 4 2 -1 0 2 -3 2 -1
6 -2 -2 -2 -4 -2 2 0 0 0 0 1 1 -2 0 5 0 0 -1 1 -1 -2 -2 0 -1 0 1 0 0 0 4 0 2 0 5 -6 0 4 0 0 4 1 0 0 -2 0 0 0 6 -4 0 2 0 2 0 0 4 0 -2 4 0 0 1 3 0 0 -3 1 -2 0 -2 0 -4 0 1 0 2 0 0 0 1 -1 4 -2 0 0 0 2 0 6 -4 1 0 -8 0 0 0 0 1 0 2 -2 0 2 5 0 0 0 0 -2 -4 2 0 1 2 0 4 0 3 0 2 0 0 2 0 0 0 0 0 0 0 -4 0 0 0 4 -4 1 -4 2 1 0 0 0 -2 2 0 0 0 2 2 0 0 -2 0 0 0 -4 -2 2 0 -1 0 0 -1 0 0 0 -4 2 0 0 1 5 2 -1 2 0 0 -4 -2 0 -2 2 4 -2 3 4 0 0 1 1 4 -2 3 46 -4 0 0 -2 -4 1 -4 2 1 -4 -2 2 -6 0 -1 0 -8 4 2 0 0 -2 2 0 0 3 -6 0 0 0 0 0 0 0 0 0 -2 8 0 1 -6 2 3 -4 2 0 2 0 -2 5 0 7 0 0 0 0 2 2 0 2 0 0 0 0 0 0 -1 -2 -4 -2 -2 0 0 0 -2 0 3 0 -2 0 0 1 0 0 2 0 0 0 0 2 0 0 0 0 3 -2 -2 -2 6 4 0 0 -2 -2 0 0 6 -4 2 0 0 -1 -2 4
0 -2 0 0 2 2 0 0 0 0 0 0 0 -4 0 0 0 -4 0 0 -4 -2 -8 0 0 0 0 0 0 0 0 -2 0 0 -4 -2 0 0 0 -1 0 0 -2 0 1 -4 -2 0 -2 -4 1 0 0 0 -2 0 0 -2 0 -6 0 2 3 0 0 0 0 4 0 0 0 0 2 -2 0 -2 1 -1 0 -2 0 0 0 2 0 2 -2 0 0 4 8 0 -2 4 0 0 -2 0 0 -2 0 0 4 -1 0 2 2 0 0 -2 0 0 -2 0 0 0 0 -2 0 0 0 4 0 0 2 0 0 0 0 0 2 -4 0 0 -2 -4 0 0 -4 0 2 0 0 6 0 -2 0 0 0 0 0 0 0 0 0 0 -2 3 2 0 -2 1 2 -2 0 0 0 1 4 0 0 0 4 3 2 -2 0 0 -4 0 -2 2 0 0 -2 0 0 0 0 0 0 0 0 -1 -4 -4 34 0 2 0 1 0 -2 1 0 -1 0 0 0 0 -4 2 4 0 0 0 -4 0 0 -3 -3 2 0 2 -2 0 0 5 0 0 2 0 0 -4 0 0 -1 -2 0 0 0 0 0 0 4 0 0 0 0 0 0 -2 0 0 0 0 0 -1 4 0 2 -2 2 0 4 2 0 2 -2 0 2 2 -2 0 -1 2 0 -4 0 0 0 0 0 0 2 -2 -2 0 -2 0 0 1 2 -4 0 -2 0 2 2 0 0 -2 0 -4 0 -1 4 -2 0 0
3 -4 6 0 -2 2 0 2 2 0 6 0 0 2 -3 0 -4 3 -3 6 0 -3 -4 -4 0 0 3 0 0 -4 0 0 1 -2 0 0 2 3 4 0 0 0 -1 1 2 2 0 2 2 6 0 0 1 2 0 -6 4 3 0 2 -2 2 6 0 2 -4 4 1 4 2 0 0 0 0 0 2 -1 0 0 2 4 -1 0 0 1 0 -2 0 0 -1 2 2 0 0 0 0 0 2 2 2 0 -4 2 0 0 -2 2 -2 2 4 2 0 0 -4 2 0 0 -2 0 0 -2 0 -2 -4 -1 -2 0 0 2 -1 -4 -2 -2 6 0 0 0 0 0 0 -4 0 -4 0 0 3 4 -4 0 -1 2 2 0 0 0 -3 -2 1 2 4 4 1 0 -2 0 -4 0 2 2 2 2 0 -4 -4 -1 -2 0 0 -4 0 0 -1 4 0 0 0 2 2 0 0 0 0 -4 -3 2 0 0 46 -3 0 5 1 4 12 4 0 0 0 3 0 2 0 0 0 0 1 0 0 -1 0 0 0 2 -4 0 -4 -2 3 2 -2 8 0 -2 -4 0 3 -2 1 0 0 -6 5 3 0 -2 -4 0 -2 0 0 -2 2 0 4 0 2 1 4 -4 0 4 2 0 -1 0 6 2 -2 3 0 0 0 0 2 3 1 4 0 -2 0 0 1 -1 2 -4 0 0 -3 0 1 -2 0 0 1 0 0 3 0 0 3 0 0 -2 0 -1 -1 -7 0 0 0
-2 1 -2 -5 -2 -3 -1 4 5 0 0 -1 -1 -3 5 0 2 7 0 0 2 0 -2 0 0 3 -1 -2 0 -3 2 -1 0 2 -2 3 1 2 0 1 1 -2 -1 -1 0 1 4 -1 0 0 3 2 2 -1 -1 1 1 2 -2 1 -1 0 -8 0 0 2 -7 4 0 0 2 0 0 0 0 1 0 0 -1 -2 -2 -1 -3 1 -1 -2 0 -2 0 0 0 0 0 0 -1 0 1 0 -3 1 1 4 -3 0 2 1 -2 0 -1 2 -3 -2 -1 2 -2 -1 -1 -1 0 4 -2 -2 0 1 -1 0 2 0 3 0 0 3 -1 -4 3 0 4 -3 0 -1 -1 1 1 0 0 -4 0 0 1 0 -2 -2 0 2 0 3 0 -4 0 0 -1 -2 2 2 4 0 1 0 -3 3 0 6 1 1 -3 0 -1 0 -4 2 -1 -2 -4 -2 0 0 0 0 1 -3 3 -1 0 0 0 0 2 -3 34 1 0 2 -1 2 4 -3 0 1 4 0 -1 2 1 1 0 0 0 -1 0 2 0 0 0 -2 5 -1 -1 3 0 0 -1 -1 0 3 4 3 0 0 -1 0 1 -2 1 -1 2 2 2 0 -1 0 -1 0 2 0 0 -1 3 1 -2 4 0 0 0 -2 0 2 -1 0 -2 -4 1 2 0 0 2 0 1 0 0 0 0 0 -1 -2 0 0 0 -2 -1 0 4 -2 -2 0 -1 0 -1 0 2 -1 0 -1 1 -2 0 0 1 -8 0 -1
-2 0 -1 -2 -1 0 -2 0 1 0 0 1 0 3 0 0 -2 -1 3 -4 -5 -2 -2 0 0 0 2 -2 -1 1 0 -3 -2 0 2 0 0 1 -2 -7 -8 0 0 0 -1 0 0 0 3 2 0 0 0 0 2 0 0 -2 -4 1 -1 0 -2 1 -2 -1 0 5 1 9 1 4 -1 0 0 0 -2 0 0 -2 -2 0 -6 -2 1 0 2 6 0 0 -9 -2 2 -4 -6 -2 1 -2 0 0 -2 -6 0 0 0 1 2 1 1 1 2 0 -1 -1 -1 0 0 0 4 -1 1 -2 1 -1 7 0 0 0 0 2 -1 0 -2 2 2 -5 -1 -2 0 -3 5 2 -2 -1 1 3 -1 0 1 1 0 0 -2 -2 0 -2 0 1 4 0 -2 0 0 0 0 0 0 0 0 -1 0 -1 1 -6 3 -2 -3 2 4 0 -5 2 0 2 0 -4 2 3 2 8 -1 -3 -11 -1 -1 -2 0 0 1 45 2 -2 -1 -1 0 -2 1 0 -7 -2 0 1 0 0 0 -4 0 -2 0 0 -4 0 0 0 -3 2 -2 -2 2 0 1 1 0 -2 2 3 -2 -3 -3 1 0 2 2 0 0 -3 -2 0 0 1 4 -8 0 0 0 2 1 2 1 4 -4 2 -6 0 0 -2 0 -3 -2 0 0 0 0 -3 1 0 -2 0 -1 0 -1 0 -3 2 4 1 -1 0 2 0 -4 0 -2 0 0 1 2 0 2 -3 0 -1 0 5 0 0 2 1 4 0
-3 0 2 0 2 1 -1 0 2 0 2 1 -3 0 0 0 0 0 4 -1 2 -2 0 0 1 0 1 2 -1 3 0 -2 2 -2 0 0 -1 0 -1 -3 0 2 0 0 1 0 0 2 -4 0 -2 0 -1 2 -2 -4 3 3 0 0 0 1 2 -1 1 2 0 -2 0 1 -3 0 0 0 0 2 1 -1 0 0 1 -1 0 -1 0 -1 -2 0 0 2 3 0 -1 0 0 1 0 0 1 1 1 -2 -2 -2 -3 0 0 0 0 2 1 2 1 0 1 0 0 0 0 -1 -2 -1 -2 0 1 1 0 0 0 0 2 -2 0 2 1 -2 1 -2 0 1 2 2 1 1 0 0 0 0 2 0 -1 0 -2 0 1 -1 0 0 2 -2 -3 0 1 -1 -1 -4 0 1 0 2 1 1 1 1 2 0 0 0 -2 4 -3 1 0 5 1 0 2 0 4 0 2 0 -3 -1 2 -4 1 5 0 2 24 0 2 -1 3 0 0 0 3 0 2 0 -2 1 -2 0 0 3 -1 0 -3 2 -1 0 2 -5 0 -2 0 0 0 0 -2 0 1 -1 0 -1 0 0 0 2 1 1 3 -2 0 1 2 0 2 -2 -2 -2 1 0 0 2 1 0 2 0 -3 0 0 1 0 0 0 0 0 -1 0 2 -2 1 0 -2 0 0 0 0 0 2 0 1 0 2 -4 1 2 -1 -1 0 -4 -3 2 2 1 0 0 2 -2 0 0 -1 1 0 0 -2
2 0 2 0 0 0 -2 0 0 2 -2 4 5 -6 2 0 -5 0 1 1 -3 2 0 1 0 0 1 4 -4 0 0 0 5 0 0 0 -4 1 0 0 0 0 6 -8 0 -2 0 -2 0 0 0 2 0 -2 0 0 0 -3 -2 0 -4 0 0 2 0 0 0 0 2 -4 -2 4 -6 0 2 0 0 0 0 0 -1 -2 -1 0 1 0 0 -2 0 4 0 1 0 0 0 0 0 -4 1 -1 0 0 -2 -5 0 0 -2 0 6 0 2 0 0 2 1 -1 0 -2 0 0 2 0 2 0 1 -2 2 0 -2 -1 0 2 2 -1 -2 0 2 -2 0 -2 2 0 0 0 0 -3 4 -4 0 -1 2 0 0 0 0 0 0 0 0 3 0 -4 0 0 0 0 0 0 0 0 0 0 1 0 0 0 3 6 -1 0 0 0 0 0 -4 0 1 0 0 0 0 0 -1 2 0 1 0 1 2 -2 0 33 -2 0 1 4 0 0 3 0 0 0 0 -2 -1 0 -4 0 2 3 0 0 2 -2 0 -2 -2 5 -1 0 0 -1 0 0 0 1 0 3 0 0 4 0 4 2 0 -1 3 2 -1 0 1 0 4 0 4 0 1 0 1 0 4 -2 2 0 0 -2 2 0 -4 0 0 4 1 0 0 -1 -2 1 0 0 2 3 2 0 -4 -2 0 2 0 -1 -4 0 0 1 -4 0 0 0 -1 0 4 -2 2 0 0 -1 -4 2 0 2
2 0 6 4 0 1 -1 -2 4 1 0 0 3 0 0 0 0 0 0 1 0 0 0 -1 0 0 -1 0 1 -2 4 6 -1 -1 0 1 5 0 0 2 1 0 1 0 0 0 0 0 0 0 -2 0 0 -1 3 0 2 6 0 -1 -2 0 -1 -5 0 0 1 0 1 1 0 0 0 0 0 0 0 4 -4 5 2 -2 2 1 0 0 0 -4 0 -2 1 1 -2 6 0 -1 0 2 -2 3 0 0 2 2 -4 0 -3 -2 0 0 -1 0 1 0 2 -3 4 1 -3 0 2 2 -2 0 0 4 0 -1 3 -4 -1 -1 0 -4 -2 0 0 -1 -3 -2 0 0 -1 1 1 -2 1 2 2 2 0 0 0 0 0 -2 0 -1 2 -4 0 -8 -6 -1 0 2 0 1 0 0 0 0 1 -2 -1 -1 4 -4 0 -2 0 -4 2 2 -2 0 -4 -4 -1 -4 -1 -2 0 1 -1 -4 -2 4 -1 -1 2 -2 33 -1 4 2 2 -3 2 0 0 -4 2 0 0 0 0 0 -3 2 1 -2 0 -1 0 0 -1 0 2 2 1 0 -4 0 0 -2 1 6 4 2 -2 -2 0 2 0 -1 0 0 3 2 -5 0 0 0 -3 0 -1 -2 2 4 8 3 -2 -1 2 5 1 -1 0 0 0 1 0 1 -2 1 0 -2 -1 -2 -1 -1 0 -2 0 2 -4 0 4 -4 4 1 0 2 3 0 4 2 0 0 -2 6 -6 3 0 0 2 2 0 1
0 -3 2 -1 0 0 1 0 -1 1 4 -2 0 5 -2 2 -4 2 -6 2 1 -4 -1 -2 4 1 -2 0 0 1 0 2 3 0 1 2 0 5 0 -1 4 0 2 0 2 0 0 1 4 4 1 0 0 0 0 0 4 1 -1 -2 2 1 1 2 3 1 0 1 0 4 4 1 0 2 1 -3 2 -4 1 2 0 0 0 -2 0 -2 0 0 3 0 1 1 0 0 0 0 0 0 0 -1 2 2 -1 2 4 0 2 -2 -1 1 0 0 0 -3 0 3 4 0 0 1 -2 0 -4 2 -2 0 -1 0 -2 4 -4 0 -4 6 -2 0 0 0 0 -1 -1 0 0 4 2 2 0 -4 2 0 -3 0 0 -1 -1 -2 0 -1 -1 9 0 -2 0 0 1 0 3 0 0 -2 -2 0 -1 0 1 -1 -1 4 0 0 2 -1 -2 -3 2 2 0 2 0 8 -2 1 -4 1 2 2 1 12 2 -1 -1 0 -1 36 3 -3 1 -1 2 0 1 1 0 0 -2 3 0 0 0 1 0 -2 1 1 1 -5 1 0 0 0 4 1 0 -4 0 5 1 1 3 -1 2 -1 0 -1 -6 0 0 2 -2 -1 0 0 0 1 0 0 0 -1 -4 0 0 -3 3 0 4 -1 1 -2 4 2 0 2 -2 1 2 2 0 2 1 0 -3 -2 -4 0 0 2 5 0 0 0 2 1 1 2 0 1 0 -2 -1 3 0 2 -1 -2 0 -1 0 1 1 2
2 0 2 0 0 -3 2 4 8 1 0 0 0 0 2 -2 0 2 2 1 -3 0 0 -3 0 -2 1 -2 0 -6 2 0 0 0 -3 -4 -6 0 2 0 0 3 0 0 0 -3 -1 0 4 2 0 -6 -2 0 3 2 -2 1 2 2 0 0 0 0 0 1 0 1 -5 0 4 0 0 6 2 0 0 0 -4 -2 1 -6 0 -2 -2 -2 0 0 2 6 0 1 1 0 0 0 3 0 -3 1 2 0 0 -1 2 -1 0 4 -5 1 4 1 0 0 2 10 -2 0 -2 -3 0 0 -4 1 2 0 4 0 2 -4 8 0 -2 1 -1 0 -4 3 0 1 -1 0 1 1 0 4 0 0 -3 3 0 0 6 2 0 -2 1 -2 0 0 0 4 -2 3 0 -3 2 -1 0 6 0 2 2 1 4 5 0 6 4 0 2 -2 0 2 2 3 -3 3 0 1 1 -2 0 -2 4 1 0 4 4 0 3 1 4 3 50 0 6 -1 2 4 -1 -2 4 0 -7 0 -2 2 -2 0 -4 0 0 0 4 -1 0 0 1 0 -2 0 -4 0 1 1 2 0 -1 -2 0 -3 0 2 -2 0 0 3 0 1 -6 0 0 -4 0 0 0 -1 0 0 2 1 -4 1 4 4 2 -3 -2 -1 1 -1 1 0 2 2 3 1 0 0 -4 0 0 4 1 -4 0 -2 5 1 2 4 -3 -2 -4 -6 2 -3 0 -1 0 8 -1 -1 0 0 2 0 0 0
0 8 3 3 0 0 0 0 -2 0 1 2 1 -4 1 1 0 -2 -1 0 -1 -2 0 4 0 -2 0 0 0 -8 -4 0 2 -1 0 0 4 2 0 1 -5 6 0 -4 -1 -2 -8 0 0 -2 0 -1 -2 -2 0 -1 0 1 1 2 2 1 -1 -2 0 2 1 -1 0 -1 0 -4 1 0 0 0 0 2 0 0 1 0 0 1 0 -2 -2 -1 2 0 2 1 -1 1 -1 -3 -2 0 0 -1 0 -2 0 4 0 -2 -4 0 0 -3 -2 -1 -5 0 0 2 -5 1 2 -5 0 -4 0 1 -1 0 0 -4 0 0 0 -1 0 -3 -1 0 0 0 0 5 -2 0 -1 -6 0 0 0 -2 4 -6 -3 -2 0 5 0 0 -1 1 2 0 2 -1 0 0 5 0 -1 0 -2 1 0 2 2 -1 3 -6 -2 3 0 -3 0 -1 1 -1 -2 3 -4 -2 0 4 3 0 0 3 3 -4 -1 0 -3 -2 0 4 2 -3 0 48 0 -1 -2 2 -1 0 0 4 0 2 2 -1 1 -1 -1 -2 6 0 -1 0 -2 -6 2 0 0 -3 0 0 1 -1 0 3 -1 0 1 0 4 1 0 2 0 -3 2 0 2 0 4 -1 -2 0 0 -2 -2 -3 -1 0 -1 0 0 0 -3 -3 2 -3 2 0 -1 0 0 0 0 2 -4 0 0 0 -1 2 -2 0 0 0 -1 0 -1 -1 -1 0 -6 -4 0 0 0 1 0 -1 0 -1 0 -2 -6 -1 7 -4
0 1 -2 0 -1 -1 0 2 0 0 2 0 0 1 0 -2 0 0 -1 1 -2 0 -1 0 0 -4 0 0 -4 0 2 -3 0 0 -2 2 4 -2 2 0 0 0 0 0 -1 -2 0 -2 2 2 0 -6 0 0 1 0 0 0 0 0 0 0 0 2 5 0 1 0 -3 -1 -1 0 0 -2 -1 0 -3 -2 0 0 0 -2 0 0 0 -1 0 0 0 0 0 0 -2 -2 0 -2 -1 0 -3 0 0 0 0 2 0 0 -2 2 -3 0 0 0 0 0 -1 2 0 -2 -1 -2 -1 0 -2 0 -2 4 0 2 2 0 -4 0 2 1 -4 -2 0 0 -6 1 0 1 0 2 2 -4 0 -1 0 -2 -1 -1 -1 -2 0 0 2 2 0 0 0 0 0 0 1 0 -3 0 2 0 -1 4 2 2 -4 2 -1 0 -4 -2 -4 -1 0 -1 1 1 2 3 -3 -2 -2 7 0 0 1 -2 0 0 0 1 0 0 2 1 6 0 33 0 2 0 0 0 0 0 -2 -2 1 1 1 -1 -2 0 2 0 2 -3 0 4 2 0 -7 -1 0 1 0 0 -3 0 0 -1 -6 -3 1 2 2 -1 2 -1 -4 0 -6 0 -2 -1 -2 -1 0 0 0 -1 0 2 -4 -3 1 0 0 0 0 0 0 1 0 0 0 0 0 0 0 0 0 0 0 -2 0 0 2 0 4 -4 4 0 0 0 -3 0 0 2 -1 0 0 0 -2 0 0 0 0 -3 -1 3
0 0 -3 -1 -1 -1 -3 4 0 0 -4 0 -1 -1 -2 -4 0 0 0 0 1 0 -2 2 1 0 0 0 4 0 0 -2 0 -2 -1 1 4 0 0 0 3 0 0 0 0 1 0 -1 0 1 -2 0 0 2 -1 -2 -1 0 3 2 -2 0 -2 -2 0 0 -1 -1 0 -2 0 1 2 0 0 0 5 0 0 0 0 -1 -1 -2 -5 0 0 -1 0 2 0 -1 -3 -3 0 0 0 0 3 0 1 -1 -4 0 6 -3 0 2 0 0 -2 1 0 0 -3 0 0 0 0 -1 -1 1 0 0 1 -1 1 0 1 3 0 1 0 -2 2 0 0 0 0 -1 2 0 -1 -1 1 -4 0 -1 1 0 -1 1 0 0 0 5 3 0 -1 1 0 -1 0 0 0 0 0 0 -2 0 0 6 0 1 4 -2 0 0 0 1 -1 0 -1 2 1 -2 2 1 0 0 0 0 -3 0 -2 2 0 0 1 0 0 0 -3 -1 -1 -1 0 24 0 0 -1 0 -1 1 0 0 2 0 0 1 2 1 -3 0 2 0 3 0 -2 -1 1 -3 -4 -1 -1 1 1 3 -3 -1 6 2 1 -2 -2 2 1 0 0 0 1 0 -2 4 8 2 2 0 2 0 -3 -1 0 0 -1 -6 -1 -1 1 0 0 0 -2 1 0 0 2 0 0 1 -3 -2 0 0 -2 0 0 -3 -3 1 -2 -2 0 -3 -1 1 0 3 0 0 0 0 1 -1 0 0 0 0 -2 0
-3 0 -2 2 0 -3 -4 2 2 0 1 0 2 0 4 -4 1 4 -2 3 -4 0 -1 0 1 2 0 0 -4 -2 0 0 2 -3 0 0 6 1 1 2 2 -4 0 0 0 0 4 2 0 0 0 0 2 -5 1 -1 2 1 1 0 2 0 1 0 2 1 -4 -4 0 -7 6 -3 0 0 -4 2 2 -2 0 0 -2 2 0 -2 -2 -2 0 0 0 -1 5 0 -6 2 0 0 -3 2 -6 -8 -1 0 -2 1 4 9 0 4 2 -2 6 1 1 5 1 7 0 -4 0 5 0 -2 2 2 0 -3 -2 0 0 0 2 -1 1 -2 -2 0 -2 0 0 -2 -1 1 0 2 6 1 0 0 -2 -1 1 2 1 2 0 -2 0 0 -7 -1 -2 1 2 -2 0 -1 -2 2 1 0 3 4 -4 -2 0 0 6 3 0 6 -4 7 0 0 1 2 10 0 -3 -4 1 2 2 0 2 -6 0 3 4 -7 3 3 2 2 2 -2 2 0 59 5 1 0 0 -2 -2 0 4 1 -2 0 0 -2 8 0 5 -3 0 1 -2 4 1 2 -4 0 0 -3 0 -1 -4 2 0 -4 -2 0 1 -4 0 1 0 4 -1 2 0 4 0 0 0 -1 2 3 4 5 2 2 2 -2 1 0 -1 4 0 2 0 0 2 -1 -1 0 0 0 0 1 2 -4 2 0 1 1 2 0 5 0 5 1 -1 -4 0 4 1 1 -2 -2 0 4 -7 -1 -2 2 -1 -3
2 -2 -6 2 0 -3 0 0 5 -1 0 4 4 -5 2 -3 2 4 1 -4 -5 0 1 -2 4 -2 0 0 0 0 1 0 0 3 1 0 3 1 0 0 0 0 0 0 0 0 0 0 0 -1 -1 2 6 0 0 4 0 1 0 -1 6 0 1 0 -2 4 0 4 -1 0 3 0 0 0 0 2 0 -4 -1 2 0 0 -1 -2 0 -1 1 -1 0 0 0 0 0 0 0 2 -4 0 0 -2 2 -2 0 -2 2 6 0 0 0 0 -4 0 -2 1 -2 -1 -2 0 0 2 0 0 0 0 1 -4 0 1 4 2 1 0 2 -4 2 2 0 -1 0 0 0 -1 0 0 0 4 4 0 -3 0 -1 2 1 0 0 0 0 -2 5 0 2 4 -2 5 2 0 0 0 1 -1 3 -2 0 0 1 -1 4 0 0 6 4 4 1 -2 0 0 2 1 0 0 0 -4 0 -1 -1 0 0 0 0 -2 0 0 0 0 4 2 0 0 5 37 -4 0 4 0 -1 0 0 0 0 -4 0 -2 -1 1 0 0 2 0 1 -2 -4 2 -2 -2 0 -2 -2 -1 -4 -1 0 0 2 0 0 0 2 -4 5 0 0 0 0 0 0 0 -2 0 0 0 0 2 0 1 0 4 -2 0 1 1 -2 -1 -2 -1 3 0 0 1 -2 2 0 0 0 -4 2 0 3 -2 0 0 3 -1 0 2 0 0 0 -2 -5 0 0 0 -2 0 -1 0 0 -3 0 0
0 2 0 0 4 1 0 4 -1 0 0 5 1 0 6 2 0 -1 6 0 1 -1 0 1 -1 0 0 0 0 2 0 0 0 -3 -1 0 0 -1 -2 0 4 0 0 4 0 -4 2 0 -1 5 0 -2 0 0 0 -1 -4 -4 1 -1 0 -2 4 1 -4 -6 0 -1 1 6 -2 -2 4 2 1 1 -2 -1 3 0 0 -1 1 -1 1 0 0 -4 2 -1 -5 -1 -2 0 0 0 -2 0 1 1 -1 -2 0 3 0 -5 1 1 1 2 0 1 0 -3 4 -2 0 0 -3 0 0 0 0 0 -2 -4 0 0 0 -1 -2 4 0 2 0 -5 -2 1 0 3 3 0 0 2 0 -4 2 2 0 3 0 0 -1 -2 0 0 -2 -1 -6 -2 -2 0 1 0 0 0 0 -2 0 0 1 -1 0 2 -4 2 0 0 0 0 -2 -3 0 -2 1 1 0 1 -2 0 1 0 0 0 0 -1 -4 2 -1 0 2 0 0 1 -1 -1 0 -1 1 -4 37 -2 2 -4 0 0 0 0 0 2 0 1 -2 -1 0 2 0 0 6 0 1 0 2 0 0 -1 4 -2 -2 1 0 0 -1 1 -1 -1 0 5 -4 0 0 0 0 1 0 0 2 -3 -1 0 2 0 -1 1 0 0 1 2 -3 0 2 0 0 -1 2 2 -2 0 0 0 0 1 -1 -6 0 1 -2 0 0 0 -2 0 -1 0 -4 -2 0 0 -4 0 2 0 0 0 0 0 6 3 -2 0
-1 -1 -1 0 -2 -2 0 1 0 -2 -1 2 2 0 2 0 0 1 0 2 -4 6 -2 0 -2 1 0 -1 2 -5 2 -2 -2 0 -4 4 -1 3 -3 2 -3 4 -2 0 6 2 0 0 -5 2 2 2 0 4 -1 0 -1 2 -1 -1 1 0 -6 2 4 5 -4 -1 0 0 0 0 1 2 0 -4 -3 -5 -1 3 0 0 1 0 0 -2 -2 -2 4 -4 2 6 0 0 -2 1 2 2 6 4 -4 2 2 0 0 2 0 0 6 -4 0 2 0 2 0 2 1 -1 3 1 2 0 2 2 1 -3 -2 2 0 11 5 2 0 -6 4 0 4 0 -5 0 3 4 0 5 -2 -4 0 0 0 -1 -2 0 -1 -1 1 2 0 0 1 -2 -2 8 0 -3 1 3 -2 5 4 4 0 5 0 0 0 0 -2 0 0 0 0 0 -5 -4 1 -2 0 0 0 4 2 0 -2 1 0 0 2 0 2 1 0 0 -4 1 -2 0 0 0 0 0 -2 55 1 0 0 2 1 5 3 -1 0 4 1 0 2 -8 0 4 -4 0 0 3 3 3 -4 -1 -1 1 3 0 0 2 0 -2 0 0 0 -4 2 0 0 -3 0 0 2 0 0 2 1 0 -5 0 6 0 0 1 0 -1 0 3 0 0 2 -4 0 0 0 -1 -2 0 3 0 -1 0 1 -2 3 0 0 0 1 0 -3 0 6 0 -1 0 1 -4 0 -3 -1 -6 -2 0 4 -2 -2 2
-2 0 -4 2 4 -2 1 -1 4 0 0 -2 1 0 1 0 0 2 0 0 0 -2 0 0 -2 0 -1 0 0 -3 2 -2 -4 -1 -1 0 -2 0 1 0 -1 2 1 0 0 1 2 -2 0 2 4 -2 2 0 1 0 -2 2 2 -1 2 0 0 0 0 0 0 -2 0 0 4 -2 4 2 0 3 0 0 -4 0 -1 -4 2 -2 0 0 0 0 0 -1 0 -1 0 4 -2 0 -1 0 0 -2 -6 -2 2 0 -4 0 -2 0 3 0 0 -2 0 0 0 0 0 -2 -1 2 -1 0 2 0 4 -2 0 -2 2 0 2 2 0 -6 -1 -4 -4 -1 -1 2 2 0 2 -3 1 -4 4 0 2 0 0 0 -1 0 -2 -2 0 -2 3 0 0 4 -2 4 1 -2 0 0 0 -4 -2 0 1 0 0 0 1 -2 0 0 4 1 1 0 -4 -1 2 -1 1 0 2 -2 -2 0 -4 -8 4 0 1 0 -2 0 2 0 4 0 0 -1 0 4 2 1 38 -4 0 0 0 0 1 0 1 0 -2 2 0 0 -1 0 2 0 1 4 1 0 -2 -4 2 -2 1 -4 0 6 2 3 -2 0 0 0 4 1 -1 0 4 0 -2 -4 -2 0 -1 0 0 -4 0 0 6 6 1 0 4 -1 3 2 -2 0 -2 -2 0 0 0 0 0 -4 -1 -2 3 0 0 0 0 0 0 1 2 0 5 0 1 1 0 0 0 0 0 0 -2 0 3 0 1 -2
-2 1 1 1 -6 0 0 3 -2 -1 1 0 0 4 6 0 0 0 0 0 0 0 -2 0 1 0 0 4 0 0 -2 0 -2 2 4 2 -2 1 0 0 0 4 0 0 0 0 0 0 0 -2 0 2 0 -2 0 -4 6 0 -6 1 0 -2 0 0 0 0 2 0 0 0 1 0 -4 -1 0 2 0 -1 -2 0 1 0 0 -4 0 0 1 0 0 0 -2 0 0 2 0 -2 0 1 1 0 0 0 0 0 1 -2 -2 0 -4 1 0 -2 0 0 0 0 -2 0 1 0 0 0 0 2 -1 0 0 0 0 0 0 -2 0 0 -2 0 1 -2 0 0 -6 -1 2 0 0 6 1 0 5 0 -2 -3 0 0 0 0 -2 0 -4 0 0 0 0 0 2 1 0 0 0 -4 0 0 0 0 1 2 2 0 0 0 0 0 0 0 2 0 -4 -4 0 0 2 0 1 2 0 4 0 0 1 0 1 -2 0 0 0 4 0 1 -2 0 -4 0 -4 23 0 -2 2 -1 0 0 0 0 0 0 3 1 0 -2 0 -1 2 0 1 -2 2 -2 0 2 -1 0 -3 0 1 0 -1 0 0 2 0 0 0 1 0 0 0 0 0 2 -1 0 0 1 0 0 2 -1 -4 0 0 4 0 -2 0 0 3 2 0 0 0 0 0 -2 0 0 -3 0 0 -1 0 0 2 -1 0 -2 1 0 -2 0 0 0 0 -2 -2 2 0 -2 -2 -4 1 -1
0 -1 -3 0 -2 1 0 0 0 0 0 0 2 -3 0 -1 2 -1 0 0 0 0 0 1 -1 0 0 0 3 0 -1 0 0 0 0 2 0 0 0 0 0 0 0 0 -10 0 1 0 0 -1 1 -1 1 -1 0 -4 2 0 8 6 0 0 1 0 -2 0 0 2 0 0 1 2 0 0 3 -2 0 0 0 0 0 0 4 0 0 0 0 6 0 1 0 -1 0 0 0 -1 0 2 -1 4 1 -2 0 1 0 -1 0 0 3 1 0 1 0 0 0 -2 0 2 1 0 0 4 3 -2 -2 1 2 -1 -2 0 -7 -2 0 6 4 0 3 0 -2 0 0 3 1 0 0 -1 0 0 0 0 0 0 1 0 -1 -2 0 -1 1 6 -2 1 -2 -3 -2 -2 -2 0 0 3 -1 -2 0 0 0 -4 2 0 0 0 0 -2 1 2 0 -2 -2 -4 -2 0 0 2 3 -3 0 2 0 0 0 0 -2 -1 0 -2 -7 0 -2 0 -2 -1 0 0 0 0 40 -4 0 -10 0 0 0 0 -1 0 0 2 0 0 -2 0 -1 2 2 0 2 -2 3 0 0 4 0 2 -2 0 2 0 1 0 1 1 1 1 -2 4 0 4 0 0 -1 0 -2 0 -2 0 -6 4 0 0 1 -4 0 0 2 1 -2 0 0 0 0 -1 0 0 0 -1 0 -2 0 0 -1 1 2 0 2 -4 4 5 0 0 0 0 0 1 1 0 2 2 0 0 0 -1
0 -2 -2 0 0 0 1 0 -1 1 -2 0 0 0 1 0 3 -1 2 0 2 1 0 0 0 2 0 1 -1 -1 1 0 0 -2 1 0 0 2 -3 2 0 -2 0 -4 3 0 0 3 -6 0 0 0 1 -1 -1 2 0 4 0 0 0 2 0 -2 -1 0 0 0 2 1 1 0 0 0 0 6 4 1 0 4 -2 -2 -1 0 0 0 -1 1 0 0 1 0 0 0 2 1 0 -2 0 1 3 1 0 -1 0 0 -1 -2 0 0 0 -2 0 0 2 0 -1 1 2 0 -1 -1 0 0 -2 2 4 -3 -1 2 0 4 0 -2 -2 1 0 3 2 0 0 2 0 0 -1 2 0 0 0 0 0 2 0 4 0 -2 0 3 0 4 0 2 2 0 0 -2 0 0 1 0 -2 2 -2 0 -1 -4 -4 0 -1 -1 0 -5 0 -2 -2 4 4 1 0 1 0 3 -1 1 -2 0 0 1 0 -4 0 0 0 3 0 2 -2 0 0 0 0 2 0 -2 -4 29 -4 2 0 0 2 0 0 0 0 -2 1 3 0 -8 0 0 -1 1 0 0 0 0 8 0 0 1 -1 0 -1 0 1 0 0 -2 0 0 4 0 1 -1 2 0 0 0 -2 -3 1 2 0 3 1 2 6 5 -2 0 0 0 -1 0 0 0 1 0 -4 0 0 0 0 2 2 0 0 0 0 1 1 0 -5 0 -2 0 0 -3 0 0 0 -2 0 -2 -2 0 -2 0
0 1 -4 0 1 0 0 0 0 0 4 0 3 0 -4 -8 2 0 0 -1 0 2 8 2 0 0 -2 -2 0 0 0 2 0 -2 0 2 2 -2 0 0 0 0 -4 0 0 3 0 -4 0 2 -4 0 -2 -4 0 1 -2 2 0 4 0 0 -2 2 0 0 -3 0 2 0 -2 0 2 0 -1 -4 0 -4 0 0 0 -2 4 -2 -2 0 0 2 0 -8 -4 0 0 2 -2 2 0 2 -1 1 -5 -1 0 0 0 -4 0 6 0 -2 0 0 0 2 0 -2 0 -3 4 -1 0 6 -1 0 -3 2 0 0 2 1 0 -6 0 -2 0 0 0 0 0 0 0 -2 -1 -2 5 -1 -2 0 0 0 0 -1 0 0 2 0 4 0 0 0 0 0 0 1 0 2 0 0 4 0 0 0 0 0 2 8 4 4 0 0 0 4 0 0 6 -2 -4 -1 1 0 0 1 0 -1 -1 0 -4 0 0 0 0 -4 0 0 -2 2 1 2 4 0 0 1 0 2 0 -4 30 0 -3 2 0 0 0 0 2 0 -2 -4 0 2 0 0 0 1 0 0 -1 2 -2 0 -4 0 0 -4 0 -1 0 4 -1 4 3 0 -2 0 4 0 0 2 0 0 -4 -1 1 0 0 -4 0 0 1 0 0 2 -1 1 2 0 2 3 0 0 2 0 -2 2 0 2 2 -4 0 1 0 0 5 2 1 2 0 0 0 0 0 -2 0 -4 0 -2 0 -2 -1 0
4 -1 -2 0 0 -1 1 0 0 4 0 0 -1 -2 0 2 0 1 11 0 -3 2 -1 0 0 0 -5 0 1 2 -1 -6 -2 -1 -6 0 -2 0 2 0 -4 -4 0 0 8 -4 -2 0 -4 1 0 -2 -2 -1 -3 3 -1 4 -4 0 -2 -1 -2 0 1 1 0 -1 -2 -1 -1 0 4 0 1 -2 -1 4 0 0 3 4 0 4 4 0 -2 -2 0 1 3 2 -4 0 0 -2 0 0 2 4 0 1 6 0 0 0 0 6 4 4 -4 4 0 0 1 2 -1 -1 -4 1 2 -4 -6 -5 -2 2 0 0 0 -2 2 0 1 -3 2 -1 0 4 1 1 -1 0 2 -2 0 2 0 0 -5 -1 2 2 1 -3 0 3 0 -2 0 -2 0 -6 1 0 1 0 0 1 0 0 -2 2 0 2 -1 0 0 0 1 2 2 0 0 0 -4 6 2 0 2 0 5 -1 -4 2 -2 -2 0 0 -1 -2 3 0 0 0 2 -1 1 0 1 0 0 5 0 -1 -10 2 0 51 0 1 0 2 -2 -6 3 2 0 2 -5 0 0 3 -3 0 -2 4 0 2 4 -4 2 0 0 2 -2 2 0 4 1 0 1 -2 -2 -5 2 2 0 2 0 0 0 0 0 1 2 0 0 -2 0 4 0 -2 0 -1 1 0 2 0 1 0 2 0 0 -2 0 -2 0 0 -3 -1 -2 2 4 0 3 2 0 0 -2 -1 2 0 0 4 0 0 0 0 4 4
-2 -2 4 0 0 0 2 4 -2 2 2 0 1 2 5 0 0 0 -2 0 -1 -3 -4 1 0 0 0 4 0 0 0 2 0 0 0 2 -2 4 1 2 0 0 4 0 0 0 2 -1 0 0 4 0 0 1 0 0 2 -1 -1 0 4 0 -4 2 0 -2 -5 0 0 2 2 0 -3 -1 0 0 0 0 0 0 3 -1 0 0 0 0 0 -1 0 3 -2 -1 2 0 2 0 0 0 1 2 0 0 0 0 0 0 2 0 4 1 0 4 0 0 -1 0 0 2 0 1 0 0 0 0 0 -3 -4 0 3 0 -1 2 0 1 0 0 -4 2 0 6 0 1 2 0 2 -7 0 0 0 -1 4 -1 0 0 -1 0 -2 0 3 -2 0 2 0 0 0 0 0 -1 0 0 0 4 1 -2 1 -3 -1 1 0 0 0 4 2 0 -5 0 0 -1 1 0 0 1 0 0 -2 2 0 -1 0 0 -1 2 -3 0 -2 1 1 0 -2 0 0 3 1 0 0 0 -3 0 25 -4 0 0 3 0 0 2 0 -2 -2 0 0 0 1 1 0 5 0 1 0 0 5 2 1 0 0 1 2 3 0 0 2 0 -6 0 0 -4 0 0 0 0 3 0 0 1 0 -6 0 -4 3 0 0 2 0 0 1 0 -2 0 0 0 0 0 0 -2 0 0 2 6 0 0 0 0 -4 0 -1 0 -2 0 0 -1 0 -2 2 0 0 0 1 0 -2 0
0 0 0 0 0 0 1 -1 0 3 0 0 4 2 2 0 0 4 2 -2 1 0 0 0 0 0 0 -4 0 0 0 0 0 1 -1 0 3 0 -1 -1 0 2 0 -4 1 -2 0 1 0 0 1 2 0 1 -1 0 -2 -1 0 0 -4 2 1 -2 -2 -2 -2 3 0 0 1 2 2 -2 -1 0 2 0 -2 0 -4 0 1 0 0 -1 0 0 0 -1 0 2 0 6 -2 0 0 0 0 0 -4 0 4 -1 -3 -6 0 0 0 0 0 0 2 2 -1 0 0 0 -1 0 0 4 0 1 0 0 2 0 0 0 0 0 -4 0 3 0 -1 -2 0 -2 -2 0 0 0 2 -2 0 0 -1 1 1 0 1 -2 0 0 2 -1 1 -1 0 1 0 -2 0 0 0 -1 -6 0 -1 0 -4 2 0 0 0 0 1 0 -1 -1 1 0 -3 3 -1 -4 0 0 -2 -1 1 -3 -2 0 -3 0 2 0 0 3 2 1 0 -1 -1 1 0 -4 2 -1 0 0 0 0 2 1 -4 29 -2 -2 0 0 0 0 0 3 3 4 1 -1 0 0 -2 0 -1 -2 -2 1 2 0 0 0 0 2 0 -1 -4 1 0 1 4 -2 2 3 1 1 4 0 1 -2 5 0 3 -1 0 -1 0 0 0 0 0 0 0 0 1 1 0 -1 0 0 0 0 0 2 0 -2 -1 1 0 2 0 0 -2 0 1 -3 1 0 2 0 1 2 0 0 0 2 2 -2
0 0 0 0 -4 0 0 0 0 0 -2 0 0 -6 0 0 0 0 2 0 0 0 4 0 0 1 -1 0 2 0 2 2 0 0 0 0 0 0 0 -1 -1 -1 1 -2 3 6 0 -2 -2 1 0 0 0 2 0 4 2 0 0 2 -2 0 0 -2 1 -2 0 1 0 2 0 -2 0 0 0 0 1 3 1 0 0 0 -4 0 -2 1 6 -2 2 0 0 0 5 0 2 0 0 0 0 1 0 0 -2 0 -2 2 0 -1 0 0 2 0 0 -4 2 0 -2 0 -3 -1 0 0 -2 0 -3 0 1 0 2 1 -6 0 1 -4 -1 0 2 -1 0 -2 -1 -2 1 0 0 -4 0 2 -1 0 0 0 1 4 0 2 0 0 0 0 0 -4 0 2 -1 0 0 -3 -1 1 -2 2 1 -3 -1 -1 0 -1 2 0 0 -2 0 1 0 -3 0 4 0 0 4 2 -2 1 -1 0 -3 0 0 -4 -3 0 1 0 -4 -1 -2 2 0 0 0 0 1 0 0 2 0 0 0 -2 32 -2 0 0 0 -1 0 -3 -1 1 4 0 -2 0 1 0 0 0 0 0 0 0 -4 -2 0 0 0 0 0 0 -1 2 0 0 0 1 1 0 0 0 2 0 7 2 0 2 0 0 0 1 1 0 0 0 3 0 0 6 0 0 0 -2 -5 0 -2 0 0 8 6 -2 0 2 0 -1 0 6 0 1 0 4 0 4 0 0 4 3 2 -4 -1 0
0 0 0 0 -4 -2 0 0 0 0 0 -4 0 0 0 0 0 0 2 -2 4 4 -4 0 -1 0 0 0 0 4 -8 -2 -2 0 0 -1 -8 -2 0 0 0 4 0 0 0 -2 0 0 0 -1 0 -4 -5 -4 -1 0 0 -6 0 -4 0 1 -5 2 -2 0 1 -1 0 0 -3 1 0 0 -2 0 -4 4 0 -4 -1 0 0 3 1 1 0 0 4 3 -2 0 0 -2 2 1 0 -4 2 0 0 0 4 0 2 0 0 4 2 1 0 0 -2 0 0 4 0 -1 1 2 4 0 0 0 2 0 0 -2 0 -4 0 -2 0 5 4 -4 0 1 -2 2 0 2 0 1 0 0 -2 0 -2 2 -2 0 -2 0 -2 0 0 0 -1 3 -4 0 -3 0 0 2 0 4 -2 -2 -4 0 0 1 0 -2 0 -4 0 0 0 -2 -1 0 1 4 2 -2 4 0 -1 -7 0 0 0 3 2 0 0 0 2 0 -2 -2 0 -2 0 1 -2 -2 1 4 0 0 0 0 0 2 0 -2 -2 39 -3 -2 0 -4 0 0 -4 0 0 0 0 0 -6 3 2 0 3 3 0 0 0 0 0 2 2 1 4 -1 0 -3 0 2 1 -2 -1 0 0 -2 0 0 0 0 -5 0 0 1 0 0 0 0 0 2 -2 1 0 -1 0 2 0 0 0 2 0 0 0 0 0 6 0 -1 1 2 -2 0 -1 1 -1 -2 -6 0 -1 -2 0 0 0 -2 0 2
-4 0 -1 2 0 0 -1 0 0 1 -1 0 1 2 0 1 0 0 -5 1 -6 0 2 1 0 1 0 2 2 -6 6 0 0 0 1 1 1 3 2 2 -7 -2 0 0 0 -3 0 0 0 4 0 -2 -1 -1 0 2 0 -3 0 2 0 2 -8 2 0 0 -6 -4 0 -1 4 -2 2 -3 1 -2 0 -3 1 0 0 3 0 -1 0 0 -1 0 0 2 0 0 -1 0 0 -1 2 -2 0 -2 0 1 1 0 0 0 1 2 2 0 4 -4 -2 0 0 2 -1 -3 -2 -10 -2 0 2 -4 -3 0 0 2 5 0 2 0 0 2 -12 2 0 0 2 -6 -1 0 3 5 4 -1 0 0 0 -8 0 -1 2 -2 0 -2 -8 0 1 0 1 0 0 4 0 2 0 0 0 0 -1 0 -2 -1 5 -8 0 -2 0 -4 2 -2 -4 -1 0 5 -3 0 0 0 2 1 -2 0 9 -6 0 2 0 0 -1 2 0 1 0 6 2 -3 8 -1 -2 1 -2 0 -1 0 0 -2 3 0 0 -3 64 -2 -7 0 -8 -3 2 0 0 -1 1 2 4 -6 1 0 -6 1 0 0 1 0 8 0 6 0 0 0 2 2 0 0 -4 -1 2 1 0 0 -2 -1 2 4 2 -3 0 -12 0 6 0 -1 0 0 3 0 -6 0 2 1 -2 -2 0 6 2 0 0 4 -4 0 -2 0 -2 0 -2 0 0 0 -1 0 -1 1 0 2 -4 0 0 -8 4 0
-3 4 0 4 -1 1 0 -2 0 3 0 0 -4 2 6 2 2 0 1 6 0 0 1 0 0 1 0 0 4 4 -1 -1 0 0 5 1 0 0 -4 2 -4 0 2 0 -6 1 -1 0 0 0 0 0 2 0 0 -2 0 -6 -1 0 4 -1 6 -6 0 0 -2 0 0 0 -1 1 4 5 0 0 -2 -4 0 3 -1 0 0 0 1 1 0 4 0 -4 3 -4 0 0 0 0 0 0 0 0 0 2 -5 3 0 -1 3 0 1 -1 0 2 -1 0 -1 1 -1 2 0 2 0 0 8 4 0 0 4 0 -1 5 0 -4 0 -6 0 -2 -4 0 0 1 -2 0 1 0 -3 2 2 0 5 1 0 0 -5 2 0 4 -2 2 -1 0 -4 0 2 0 -1 4 -1 2 0 -4 0 0 1 1 0 3 0 0 1 -2 0 2 0 0 0 -1 0 0 1 0 0 2 0 0 2 0 2 -4 -2 0 0 -2 -1 1 0 0 0 0 0 1 -1 0 2 0 0 0 0 -6 0 0 0 -2 -2 48 0 -1 2 -1 0 0 0 -2 3 4 0 1 4 -8 -6 1 0 0 -1 -3 0 -3 0 4 0 0 0 0 0 0 2 0 0 0 -2 0 0 2 2 2 4 1 1 2 3 0 1 0 -4 0 -4 0 0 0 3 0 0 -2 1 1 0 0 0 0 -1 0 7 0 0 0 -1 0 -4 0 -1 0 0 2 -3 0 -4 0 3 0 -2 -2
-2 1 0 -3 0 -3 0 4 0 0 -1 0 -3 1 3 -2 4 2 -2 1 0 0 -3 0 0 0 0 -1 -2 0 1 0 -4 5 -4 0 1 0 1 -1 6 4 0 0 0 -4 0 0 4 0 0 -2 -2 0 2 1 1 7 -2 0 0 1 -4 0 2 2 -2 -2 -4 -1 1 0 -1 0 -1 2 0 1 1 -1 -1 1 0 -3 0 -1 -4 -6 1 0 0 0 0 2 1 2 1 5 -4 0 -1 0 0 1 0 0 0 6 -4 -1 0 -2 -1 -1 2 4 0 -2 0 0 -3 -5 0 1 0 0 -1 0 1 0 0 0 1 0 2 0 1 -2 0 0 -2 2 3 1 -1 0 0 2 3 -2 -1 -3 0 0 0 4 2 -8 0 2 -1 0 0 2 0 1 0 0 0 0 0 2 3 0 5 0 -2 2 0 2 0 0 -2 0 -2 3 0 -2 2 0 -1 1 0 -1 -4 0 -2 0 5 -3 2 0 0 1 4 -1 2 2 5 0 0 2 0 3 0 0 2 3 0 0 0 0 -7 0 32 0 8 1 0 0 1 -2 0 0 5 -3 0 3 0 0 5 0 0 0 -4 -3 0 1 -1 2 0 0 1 0 6 -1 2 -2 -2 0 0 1 0 -1 1 0 0 -2 -3 -2 0 3 -1 -2 0 1 0 2 -2 0 -1 0 0 0 0 0 0 4 6 0 2 1 4 0 0 0 0 0 1 0 0 0 0 -4 0 0 -2 -2 1 1
1 -2 0 0 1 1 1 4 0 -1 -3 0 0 5 4 0 1 0 4 -1 -2 -2 0 -1 -5 -1 0 0 2 -4 -2 1 0 2 0 2 -6 1 -3 0 0 -1 0 2 -2 0 0 -2 0 0 0 -1 -2 0 4 2 0 -2 0 1 2 0 -2 -1 -2 -6 0 2 0 1 0 0 0 3 0 -2 -2 4 0 0 2 0 0 0 -4 3 0 2 -4 2 -2 0 0 -1 0 0 3 0 -2 0 0 3 4 0 1 -4 5 0 2 0 2 1 0 -4 0 0 0 1 -6 0 -1 2 1 1 0 -1 -6 -4 2 -1 -2 2 0 -2 -4 2 -3 1 0 1 1 -4 -1 -2 0 0 0 0 0 -1 0 0 -2 -2 0 -1 -4 4 0 -2 4 -2 2 0 0 2 -1 -4 1 4 -2 0 0 0 1 0 1 2 0 -1 0 1 -2 -2 1 -1 -2 -1 4 -2 0 -2 0 -2 -2 0 0 -4 -1 2 -5 -2 0 -5 -1 0 -3 0 -3 0 2 -8 0 1 2 -2 0 2 2 0 -1 -4 0 -1 0 37 -1 -1 5 0 0 0 3 0 3 0 0 0 -5 1 -2 1 2 0 0 0 0 0 0 0 -2 -2 -4 0 0 0 0 -1 0 2 -2 -2 -2 -2 -1 -3 -2 -1 0 0 0 0 2 -2 0 0 -1 0 0 0 0 2 2 1 2 0 0 0 0 0 0 0 2 0 -1 1 0 0 0 1 2 0 2 0 0 0 -2 2 0 1
-2 -3 2 -6 -1 0 -1 0 -2 -2 2 0 -1 0 0 0 4 -2 -2 0 3 0 0 0 0 1 -3 0 0 -1 0 0 0 7 0 0 0 1 -2 0 5 0 0 0 0 2 0 -1 0 0 0 2 -2 2 1 0 0 6 -3 1 0 0 0 0 0 0 -2 0 -2 0 2 0 0 0 0 0 0 -1 0 0 2 0 0 0 0 2 0 0 0 0 0 4 -1 -2 0 0 0 2 0 0 1 -3 -2 0 0 0 -1 -2 -4 0 0 0 -4 1 0 1 0 0 0 0 0 1 0 0 1 0 0 0 -2 1 0 1 1 0 4 2 4 1 0 0 -1 0 2 0 0 0 -1 0 -1 1 -2 0 -1 0 0 5 0 -1 1 0 0 0 0 0 -1 0 0 0 -2 0 -1 -4 0 2 0 0 -4 -2 0 2 0 -2 0 0 0 0 2 0 0 2 1 2 0 0 -4 0 0 -2 -1 -2 0 -2 -1 1 0 -2 0 3 0 2 0 0 -1 0 0 1 -2 0 0 0 0 0 -8 2 8 -1 25 0 1 0 -3 -2 0 0 4 1 1 6 -1 0 6 0 0 1 -3 0 0 -2 0 0 0 0 0 0 4 0 2 0 0 0 0 0 0 1 0 -4 0 4 2 2 0 0 -1 0 0 -2 0 0 0 0 -1 0 0 -1 2 2 0 0 2 0 3 -1 0 0 -1 0 0 0 -2 0 -2 1 0 -2 1 0 -4 2 0 -1
1 -4 0 -2 2 -2 0 0 2 -1 -2 2 -1 1 1 0 -2 0 -2 -1 0 0 -6 0 0 0 0 0 -3 4 2 -8 2 0 0 1 1 -2 0 0 1 3 0 1 2 -2 4 2 -2 -3 4 3 3 4 -5 8 -1 2 0 -4 -2 -2 4 0 -4 0 0 1 0 0 -3 1 -2 0 0 0 1 -1 1 0 -1 -1 2 0 1 0 0 0 2 0 4 0 -2 0 0 0 0 0 2 4 2 -2 -1 -2 2 0 -1 -4 2 2 -2 0 2 0 0 -4 3 -1 0 3 -1 0 0 0 -1 4 5 2 2 -2 3 0 0 -2 1 0 2 -1 -4 -3 0 2 0 4 -3 -2 0 3 0 4 2 -1 -2 -2 0 -1 2 0 2 0 0 -1 1 -2 2 4 -2 1 2 0 -1 0 1 3 -5 8 1 -1 -6 2 0 0 -2 -5 -4 6 4 4 -2 0 0 4 2 1 1 0 5 3 3 -2 -2 5 0 0 0 -6 4 0 1 0 0 4 0 -2 0 3 -4 2 -2 3 -3 0 -3 -1 1 -1 0 46 0 0 -2 0 0 2 2 2 0 1 0 0 2 -3 0 0 0 0 5 3 0 0 -3 2 2 -2 -2 3 2 -4 0 0 -2 -1 3 -3 0 0 5 2 -1 2 -4 1 0 2 -1 -1 5 -8 2 1 -1 2 0 0 0 -2 0 -4 -2 0 -2 0 2 -4 1 -2 -2 -4 -6 0 4 0 1 2 0 0 -2 2 -1 4
2 -2 1 0 -2 0 -2 0 0 0 0 0 0 2 0 0 0 4 -4 -1 2 -2 0 -1 0 0 3 0 -2 -4 1 -1 0 3 -1 1 7 1 0 0 0 2 0 6 0 2 1 0 1 -4 0 0 1 0 4 0 0 2 2 -2 0 6 4 2 -4 0 0 3 -1 14 0 0 0 -4 -2 -4 1 -2 -4 0 1 -2 -1 0 1 0 0 -4 -4 0 -2 -2 2 0 0 0 0 3 3 2 0 -1 0 -1 -2 -2 0 -4 0 2 -1 -2 0 0 -2 -1 0 -2 2 -4 0 0 1 3 -5 -2 -8 0 0 -2 1 0 0 -2 -4 1 -6 -2 -1 -2 1 -6 1 1 0 -6 4 2 4 0 0 0 -1 0 0 0 0 2 2 -2 2 10 2 -2 1 0 0 -3 0 2 0 0 4 0 -7 0 2 1 0 -2 -3 2 0 -4 -2 0 -5 3 0 0 0 0 0 0 1 0 0 2 0 2 0 -1 2 0 1 2 2 -2 -2 1 6 -4 2 0 -2 0 0 -5 -2 3 -1 -4 2 0 0 5 1 0 50 0 -1 -4 4 2 3 -2 -1 -2 2 0 -4 0 6 3 0 0 0 2 -4 0 -1 -2 1 0 -1 0 2 -2 -4 0 0 0 -4 1 0 0 0 4 -4 0 1 4 1 0 0 0 0 1 0 4 -3 -1 0 -5 4 -2 0 -2 1 3 3 0 0 2 2 0 0 0 0 2 4 1 2 0 -2 0 0 1 0 -5
0 0 0 0 0 0 0 -1 0 0 0 0 3 0 0 -4 -4 0 0 0 0 0 2 0 0 -1 0 2 1 0 0 8 0 0 0 0 0 0 0 0 -1 0 0 0 0 -2 0 0 0 -1 0 1 0 0 0 2 0 0 0 -1 -2 0 0 0 0 -2 1 0 -4 0 0 -2 -2 0 0 0 -8 0 0 0 0 0 -4 0 0 1 0 0 0 0 0 0 0 4 0 0 2 2 0 -3 -4 0 0 0 0 0 1 0 0 -1 2 0 0 4 -4 0 2 2 0 0 0 4 0 0 -1 -4 0 8 0 0 0 0 0 -4 -1 0 0 0 0 0 2 0 0 -2 2 -8 -1 0 0 -4 0 -1 0 2 0 0 0 0 0 -8 0 0 0 -2 -1 4 1 -1 0 0 0 0 0 0 0 0 0 0 0 -2 0 0 0 1 0 0 -8 -2 0 -1 -1 0 4 1 -2 0 0 -2 0 0 0 0 2 0 0 0 0 -1 4 -2 0 0 0 -1 0 -8 2 0 0 4 1 0 0 0 0 0 0 0 0 28 -2 0 0 0 -4 0 -1 0 0 0 1 0 -1 1 0 0 0 0 -2 0 0 -1 0 0 0 0 0 -4 0 0 0 2 0 -2 0 0 0 0 0 0 1 0 -1 -2 0 0 0 0 -4 0 8 0 0 0 3 4 0 1 0 0 0 2 0 -2 0 0 0 2 0 8 0 0 0 0 -2 0 0 2 0 -2
0 -1 2 0 3 2 1 0 0 0 2 0 3 -3 -4 0 -4 0 0 4 0 0 -2 0 0 -2 0 0 -2 0 0 0 -2 -1 -2 0 2 2 0 0 -1 0 0 0 1 -2 0 1 -1 7 0 4 -1 -2 -1 -4 0 0 0 1 -2 1 -2 1 0 0 0 -3 0 2 1 0 4 0 -2 0 2 0 0 0 0 0 -2 1 1 0 0 -4 0 1 0 0 4 0 -2 0 -2 0 0 0 -1 -2 2 1 0 2 0 0 0 2 0 0 1 -4 0 -2 0 0 -4 0 0 -2 -3 2 5 0 0 0 0 0 -4 -1 0 2 -2 0 -1 0 -2 -1 -2 -1 2 1 0 0 2 -2 2 -2 0 2 2 2 0 -2 4 0 -3 0 -2 0 -1 0 2 -2 4 0 0 0 0 -4 -1 -1 -2 -3 0 0 0 0 4 0 0 -2 0 0 0 -2 5 0 2 2 -4 0 -2 0 2 8 -1 1 0 0 1 4 -2 0 -7 1 1 -4 1 0 1 2 -1 0 0 0 0 1 4 0 0 0 1 0 -3 -2 -1 -2 40 0 0 2 2 -1 0 2 1 0 -2 2 1 -4 0 0 0 3 0 1 2 5 0 0 0 0 -1 0 -3 0 5 3 3 4 0 2 -3 -1 0 0 1 0 4 -4 2 1 -1 1 0 0 1 1 0 2 -8 0 -2 -2 0 0 -8 1 4 0 3 -1 3 -3 0 2 0 0 0 -2 -2 0 -2 4 1 2
-2 -3 1 -2 1 -1 1 -1 2 1 2 -1 2 0 0 2 -1 -2 -2 -2 4 0 -2 1 -1 -3 0 0 -2 -2 -4 0 1 -2 4 1 -6 -1 0 0 2 2 0 0 -2 1 -2 1 0 1 0 0 2 1 -3 0 1 3 -1 1 0 1 2 -3 -4 2 1 0 1 1 2 5 4 2 2 1 -1 -2 0 1 0 0 1 0 0 1 0 2 2 -2 0 -1 2 1 1 2 -4 2 2 3 0 -6 -6 1 -1 4 -1 1 4 3 2 -1 -2 0 2 -3 -1 5 -2 1 -1 0 1 -1 -1 -1 1 0 0 2 0 -2 0 1 8 -2 0 2 -1 -4 1 2 -1 3 1 1 0 0 -2 -3 1 0 2 -1 0 -2 0 2 3 0 0 3 0 -4 -1 -8 2 0 0 -7 4 0 2 -2 4 -4 1 -1 2 0 0 1 0 4 -1 -2 3 2 0 1 0 -1 2 -1 -2 0 0 0 -1 1 0 -1 0 1 0 -3 -1 -3 2 2 0 3 4 0 2 0 0 3 0 -1 0 0 -1 -2 -2 0 -2 0 -4 0 0 45 -2 -2 -6 -1 0 -3 2 1 -6 4 -4 3 -2 -2 1 8 3 0 0 0 0 1 -10 -2 -1 3 1 1 0 0 2 3 3 4 -2 -8 2 1 5 -3 0 0 1 0 -1 1 -1 2 0 -4 0 -5 4 -4 0 0 0 3 4 0 4 0 2 2 0 -4 7 1 4 0 -1 0 6 2 1 0 -2 3
2 4 -1 0 0 0 0 0 -5 -2 4 0 0 0 1 1 0 -2 0 2 0 0 0 2 0 1 4 0 2 0 -1 -2 0 0 -4 2 -3 1 0 0 -2 1 0 0 0 0 2 0 2 0 0 0 0 0 0 0 -4 -3 1 0 2 0 0 4 0 2 0 0 0 0 2 1 1 2 4 0 -2 -4 0 0 0 4 0 0 2 0 -1 -1 0 -4 -1 1 4 0 -1 0 0 2 0 8 -1 1 0 1 1 -5 0 0 0 -2 0 2 0 0 -2 0 0 0 -2 0 0 0 5 -4 2 1 -2 0 0 -4 0 1 0 -2 -2 0 3 1 0 0 0 0 0 0 -2 2 4 4 2 -2 -2 0 -1 0 0 -1 -2 0 8 0 0 4 0 1 0 0 -1 0 2 0 -2 -4 0 2 0 0 -1 0 0 -2 0 0 -3 -1 1 2 -4 -2 1 0 0 -3 0 1 2 -2 0 -2 0 0 -2 0 -4 0 -4 0 0 -4 -4 -2 2 3 1 1 2 -1 0 -3 1 0 -2 0 1 3 0 3 0 0 4 0 0 -2 30 1 0 0 2 -2 -1 1 -2 0 0 1 2 0 0 0 -1 1 1 0 2 -4 2 0 0 2 -2 0 0 0 2 0 2 3 2 2 1 1 0 3 0 1 3 0 0 0 0 -1 0 2 0 -2 0 1 0 2 0 -1 0 0 0 2 0 2 -3 -3 1 -2 0 -2 4 0 1 0 1 0 3 0
2 4 -1 -4 0 3 2 0 1 -2 -2 4 0 -6 2 0 1 0 -1 -4 4 2 0 0 0 4 -4 3 0 -2 4 -6 -4 0 -4 -4 1 0 0 -4 2 0 0 0 2 0 4 0 0 0 -4 1 0 1 -1 0 -2 -2 1 4 0 1 4 2 1 2 -1 0 0 -4 0 -2 3 2 -1 -3 0 -3 1 -4 0 -2 2 2 2 -4 2 -1 -2 4 -4 1 0 0 2 -2 6 0 -1 -4 2 -1 -1 2 -2 -2 -1 1 0 -1 -2 0 -3 2 0 0 -1 2 0 -3 1 -4 4 0 -1 7 0 0 2 4 -2 -4 -2 -1 -3 2 -4 1 0 -1 0 -3 0 0 0 2 2 0 2 -2 -2 -1 0 0 -2 0 4 0 2 0 -2 0 0 0 0 -2 -4 2 -2 -2 -4 0 0 4 3 0 2 1 -1 0 -4 0 -2 -2 3 -2 0 -4 2 0 0 3 1 0 0 8 -4 -4 3 -2 0 0 0 -4 0 0 1 -1 0 -2 0 3 0 -2 0 1 1 0 1 0 0 0 2 4 0 0 0 2 2 0 2 -2 1 51 0 0 -4 -1 -4 0 5 2 2 0 0 -2 0 6 -2 0 1 0 0 0 0 -8 0 3 -4 0 2 4 0 5 -2 0 4 2 -1 1 -6 2 4 0 0 0 0 0 5 -6 4 0 0 0 0 2 2 0 0 0 2 0 0 1 -1 -2 -1 -1 1 1 0 -2 4 -8 2 -2 0 -2 1 0
-2 2 2 -2 4 -1 -1 0 0 1 1 1 0 -2 0 2 4 0 -2 0 0 0 -2 0 0 0 0 0 2 0 4 -2 0 5 -1 -1 7 -1 0 0 0 -2 0 -1 0 0 2 -2 0 -1 2 2 -3 0 4 0 2 4 0 -1 -1 -1 0 2 1 0 -1 -1 1 -1 1 -2 -1 0 1 0 2 -2 1 0 1 2 -2 0 1 0 1 0 -4 2 0 0 1 -2 0 0 0 1 2 0 0 1 -6 0 2 5 0 0 -4 0 0 2 0 0 1 0 0 0 -2 1 1 -4 0 -1 4 1 0 -2 0 0 1 -6 1 -1 -4 0 4 -3 -1 0 0 -4 -2 1 -1 0 -2 0 5 0 -2 0 4 -1 0 4 -2 -4 2 4 2 2 2 7 0 -1 0 -4 1 0 0 0 1 0 1 0 0 3 0 1 0 -1 2 0 0 0 2 0 2 0 0 1 -1 0 0 0 0 0 4 2 1 0 0 0 1 1 0 -1 0 0 0 -4 -2 2 2 0 0 -2 0 -2 1 -6 4 0 5 3 4 2 3 -4 2 -6 0 0 31 1 -4 2 -3 0 6 0 0 0 0 0 0 1 0 0 -1 0 2 4 0 0 1 1 -1 1 0 2 0 1 -2 0 0 -2 2 -1 0 -1 0 -1 1 0 0 0 0 0 -2 0 0 2 0 -6 -1 0 0 1 2 -1 4 0 1 -2 0 -2 -4 -1 2 0 2 -2 -4 0 -2 4 0 -1
0 0 0 -2 -2 8 0 2 0 -1 0 -2 3 4 1 -2 -4 2 2 0 5 -4 -6 0 1 0 -2 0 0 2 3 2 1 2 0 -4 0 7 1 0 -1 3 2 0 3 -1 2 0 2 0 0 -1 -4 4 -1 4 -2 0 0 1 0 0 3 -2 0 0 2 2 -2 5 6 0 0 0 -1 -1 0 4 1 -1 -2 2 -2 2 0 0 0 0 0 0 -2 -3 0 0 4 -7 0 0 2 -2 0 2 -2 -1 2 0 0 0 2 0 0 6 -4 -2 0 4 -1 0 -1 3 -7 0 -2 2 -4 2 0 0 3 0 -2 0 -4 0 2 0 0 -1 4 2 -2 0 -3 -4 0 -5 -6 0 -1 0 1 -4 -2 8 -2 3 -2 2 1 -2 1 -2 0 -3 0 0 0 -1 -2 1 0 0 -2 1 0 -3 -1 1 0 0 0 0 0 -2 4 -1 2 2 1 2 1 -1 0 0 -2 1 0 3 3 3 -1 1 -2 5 1 -1 0 1 -3 -2 -1 -1 -4 -2 -2 0 0 4 5 0 0 3 -6 1 -3 0 1 2 -2 0 -1 -1 0 0 1 57 -2 -1 3 -4 0 0 0 5 -6 0 0 3 0 2 3 -1 4 -1 2 0 2 0 -2 0 4 -4 -5 -1 2 -6 1 4 2 -5 1 3 0 1 0 -1 0 0 4 2 -4 0 -2 -2 2 4 -3 -1 -1 -1 -2 3 0 1 0 3 -2 -4 0 -2 0 0 0 0 2 1 -1 0 -1 2
0 5 3 2 -4 1 -2 0 0 0 -2 0 2 -2 2 -2 2 0 4 0 1 -1 0 3 -1 0 0 3 0 1 -7 0 0 0 3 0 -4 -1 -1 1 4 0 0 0 1 2 0 -2 4 2 -1 0 -2 -1 -3 -2 0 0 3 -4 5 0 -1 -1 -1 2 0 -4 2 -3 2 7 0 7 4 0 0 0 1 2 4 2 0 0 0 0 0 4 4 0 4 0 -2 -1 2 1 0 6 -1 2 4 3 0 0 0 2 -3 0 0 0 -1 4 0 0 2 1 0 0 0 0 1 0 6 0 1 2 1 0 -5 0 0 -2 -2 0 2 -2 0 3 3 0 -2 4 0 2 -3 1 0 0 6 4 -4 1 -2 -2 -3 2 0 -2 -4 -1 0 -1 2 0 0 2 -1 0 -4 2 0 0 0 0 0 1 0 -1 -1 1 0 1 0 -3 2 4 0 0 -2 1 0 5 1 2 0 -6 -1 -2 0 -2 0 0 1 1 2 0 -3 1 0 -2 4 -1 2 0 3 0 -1 0 0 -1 0 2 1 4 0 0 1 0 -1 -1 0 0 2 -4 -4 -2 43 -2 2 0 0 0 1 -5 1 0 7 1 0 4 -2 3 0 -4 2 0 0 1 0 -2 -3 1 0 3 5 4 5 2 0 0 0 2 1 2 0 4 0 -3 1 1 -1 0 0 -1 2 -2 -2 -2 -3 0 1 -4 1 -4 3 -4 -1 2 0 0 -2 1 0 2 -4 0 4 1 -1 1
2 -1 -1 1 0 1 1 -1 0 0 0 3 0 -5 -2 -6 -2 0 -3 3 0 0 0 0 0 1 0 0 -4 -1 0 0 -1 3 -2 4 0 1 0 4 0 -2 0 0 -2 -2 0 -1 0 1 -6 0 -2 1 0 -3 -2 4 0 -1 -3 1 -2 6 1 0 -2 -2 -5 0 -1 0 0 -3 0 -2 0 -1 -1 0 2 0 -1 2 0 1 0 0 0 0 0 0 -1 -3 -1 0 0 2 0 4 0 -2 4 -2 0 -4 -6 -2 -6 -1 -3 1 -2 0 0 0 1 0 -4 -5 0 3 -6 1 1 0 0 0 -2 2 -2 2 0 0 0 6 5 0 0 1 -1 1 4 0 3 1 -2 -2 -5 0 0 0 1 0 -4 4 4 -6 0 2 1 -5 1 -2 0 -1 0 0 0 1 1 -2 0 2 -1 3 -2 2 0 0 0 -4 -2 1 2 -2 -4 -2 -2 0 2 0 -2 4 0 2 -2 1 0 -3 -1 3 6 1 0 3 0 3 -1 -1 -2 1 -2 2 0 0 2 2 1 -2 0 0 0 -8 3 0 6 1 -2 0 2 -3 -2 -1 2 -1 -2 39 -1 -3 7 0 0 0 0 1 -1 0 4 -2 3 2 0 0 4 0 0 -2 -2 0 2 4 -2 1 -4 3 -2 0 -3 1 1 1 0 2 0 1 0 0 2 0 0 1 2 0 0 0 0 0 -2 0 -1 -2 1 3 0 2 1 -1 -3 -1 -1 1 3 0 4 -1 -4 2 0 2
-4 -2 0 2 -2 0 1 -6 0 5 3 -2 7 0 -6 0 0 0 -4 -4 6 3 -2 1 -2 0 0 -4 0 0 0 8 0 -1 -2 -4 0 2 3 -4 -1 0 0 -1 2 -1 0 -2 -1 0 0 0 2 0 -1 0 2 6 -1 -1 0 0 2 -3 0 2 2 0 0 0 5 1 -1 0 0 2 2 2 0 5 -1 2 2 4 0 0 -1 -1 0 1 3 -1 -2 0 0 0 6 -1 0 0 6 2 6 0 0 6 -1 0 0 3 -2 0 0 3 0 0 2 0 6 -1 0 0 -2 0 -5 -1 -4 0 -2 0 2 1 0 0 -6 0 6 1 0 3 2 0 4 -2 0 -8 0 0 0 0 2 0 0 0 2 -2 0 3 0 0 0 1 0 0 0 0 0 0 -2 -2 0 0 -3 -2 -1 -4 -4 -3 2 -6 0 -4 2 2 -1 1 0 2 0 0 2 -2 0 0 -1 3 0 0 -1 -3 0 0 4 3 -1 -1 0 -3 -4 -4 -2 3 1 -1 0 8 -2 4 0 -2 0 3 -6 -6 0 -5 -1 0 2 0 1 2 -1 -4 -3 3 2 -1 46 0 -1 0 0 0 0 4 0 1 0 -3 -3 0 0 -2 1 6 -2 1 0 0 0 -3 -2 -1 0 2 1 -3 9 0 2 0 2 0 1 0 1 1 -2 0 2 4 0 4 -2 0 0 0 0 -3 0 1 0 -2 4 4 1 2 0 1 0 0 0 2 0 0 0 0 2 0
-2 1 0 0 0 0 0 0 0 -1 0 0 0 0 0 1 0 0 -4 0 4 1 -4 2 0 0 0 0 0 -2 0 4 0 0 0 0 0 0 0 0 0 0 0 0 0 0 0 2 0 0 0 0 4 -1 4 0 0 0 0 1 0 0 2 0 0 0 -1 0 -3 0 1 4 0 0 0 0 0 0 0 0 0 0 0 0 0 0 -1 0 0 0 2 0 0 2 -2 2 0 0 0 3 0 -4 -2 -8 0 0 1 0 2 0 2 0 2 0 0 -4 -2 6 0 2 0 -2 6 -1 0 0 0 0 0 -2 0 0 0 1 4 -2 -4 1 0 0 0 0 0 0 1 0 0 2 0 -2 0 0 1 2 0 0 -2 0 5 -1 0 -4 0 1 -1 0 -1 0 0 3 -4 0 2 -2 0 0 1 0 0 0 0 1 1 4 -1 0 -4 -4 4 0 0 -1 -5 0 6 -4 0 0 0 1 0 0 2 -1 -2 0 -1 -1 2 -1 1 0 -4 0 4 0 0 -4 0 1 0 3 1 1 0 1 0 0 0 0 0 1 1 0 0 -4 0 -3 0 33 -1 -3 0 1 0 0 0 -5 -4 0 -7 0 0 0 0 0 2 4 0 0 1 0 0 1 -1 4 0 0 -2 0 4 0 0 1 2 0 0 0 -2 -1 2 6 0 -2 -4 -2 0 2 0 0 -2 3 -2 0 2 0 0 2 2 2 0 0 -1 0 0 0 0 4 0 0
1 0 5 -2 2 0 -2 2 2 2 0 0 2 0 4 4 6 -2 -1 -1 -2 0 0 0 0 -1 -2 0 4 2 1 0 0 6 -3 0 7 -2 -2 0 0 -2 4 -2 0 -1 4 -2 0 -2 0 2 -3 0 -4 2 0 8 0 -1 1 -2 0 6 -4 -1 -4 0 0 0 -1 0 -4 2 2 1 8 -4 2 -2 1 -2 -3 -2 0 -5 1 -2 0 6 4 0 2 -9 2 0 0 3 2 -1 0 4 0 0 -3 1 2 2 -2 -3 -1 -3 0 0 -2 2 2 1 0 1 4 0 4 0 0 3 0 0 0 4 0 2 1 -4 0 0 3 0 0 2 0 -2 0 0 0 0 -4 0 0 -2 2 -1 0 0 0 5 8 -6 -1 4 0 0 0 0 0 0 6 0 -1 0 0 0 0 0 4 0 -3 1 4 0 -2 -1 -1 2 -5 4 2 3 1 -2 0 -9 -3 4 0 2 0 -6 1 0 0 4 -2 2 0 1 -6 6 0 0 0 0 0 -3 0 0 -4 2 5 2 0 0 0 0 5 -2 6 2 -4 1 -2 -6 -2 5 6 0 0 7 -1 -1 58 -4 -3 0 0 6 0 -2 -2 0 4 1 -2 0 6 0 0 -5 0 3 1 0 2 2 0 0 -1 0 0 0 -2 2 2 0 -1 -2 -1 0 4 1 -2 1 0 -3 2 0 0 5 -3 -2 1 -1 1 -1 0 0 0 0 0 1 0 1 1 4 0 0 -3 3 0 -1
-3 0 2 0 0 2 4 0 0 0 -2 0 0 0 1 0 0 3 -2 0 0 3 0 0 0 2 0 0 0 -2 1 0 0 0 0 0 -4 0 0 -2 0 0 0 0 2 0 0 2 -2 0 -6 2 1 2 1 -4 0 1 2 0 -2 2 0 1 0 -6 2 0 0 3 1 2 0 0 0 0 2 0 0 1 0 0 1 0 0 0 0 -2 0 0 -2 0 0 -2 0 0 1 0 6 -2 1 0 0 0 -4 -2 0 0 6 -2 2 -2 0 -2 0 0 0 -2 0 0 0 0 3 0 4 -2 2 0 4 2 -6 2 0 2 0 0 -2 0 0 4 0 -2 0 0 0 2 5 0 2 0 2 0 0 0 0 -1 0 0 0 0 0 4 0 0 1 -7 -5 -1 0 -4 0 -2 2 -1 -5 0 -2 1 0 0 4 0 0 4 0 0 2 -2 4 0 2 0 0 -4 0 0 0 5 -2 2 2 0 -2 -1 -3 0 -3 2 -4 0 0 2 6 0 2 1 0 0 2 0 0 0 0 0 0 1 0 -3 0 0 2 4 0 2 0 0 0 0 0 -3 -4 33 4 -2 0 -4 -2 2 1 0 3 -2 0 4 -2 -2 0 2 0 0 0 0 0 0 1 4 0 0 2 1 0 0 2 -2 2 0 0 0 0 0 -1 -4 0 -2 4 2 0 -2 0 2 -2 0 2 0 2 0 0 -1 0 0 0 -4 1 2 0 0 2 -6 0 0
0 -1 -2 0 0 -1 -1 1 2 0 0 0 1 1 0 0 -2 5 0 0 0 -2 -2 -1 0 2 1 3 -1 -4 -1 -1 0 0 0 -6 4 0 -2 1 0 0 0 1 -1 0 0 0 0 0 0 0 0 2 0 -4 0 0 0 1 0 -1 0 0 0 0 2 0 0 -1 0 0 2 -1 1 -2 -3 0 -2 0 0 2 2 -1 1 0 0 -4 -1 2 0 2 0 0 -1 0 4 2 0 0 2 0 1 -4 1 -2 0 0 0 2 0 0 0 0 0 0 0 0 -2 -3 1 0 0 0 2 0 -6 0 1 0 0 -2 2 2 -4 -1 0 0 0 1 1 -1 0 -4 0 -1 5 1 -1 0 1 1 -3 -4 0 -2 0 0 2 -2 0 4 -1 0 -1 0 -4 2 0 5 0 0 2 1 -4 0 0 2 -1 0 5 0 0 0 0 -1 -4 -2 0 0 -1 -2 -2 -2 -2 2 0 3 1 2 1 4 0 0 0 4 1 1 -2 2 -1 0 2 1 -2 -1 0 0 1 0 -4 0 1 -1 0 2 0 0 6 -1 1 -4 0 2 0 0 1 0 0 0 -3 4 23 2 0 0 0 1 -2 0 1 -2 1 0 0 0 1 0 1 0 1 0 2 -1 0 0 0 0 0 0 0 2 0 0 0 0 -2 0 0 -1 0 0 -1 2 -2 0 0 -3 0 -1 0 -2 0 1 0 0 0 2 1 -4 0 -2 -2 0 -2 -4 0 1 0 1
0 -2 0 0 -3 2 0 -1 0 1 0 0 -2 0 -2 1 -2 2 0 -4 4 1 -2 -1 2 -1 0 -1 -2 0 4 -2 1 -2 2 2 -2 2 0 0 0 8 2 0 -3 -5 1 -4 2 -3 -2 0 0 5 2 -2 4 -2 0 0 0 -1 1 1 0 -2 1 2 -3 0 4 -4 0 -2 0 4 -6 2 1 2 1 0 1 -2 1 -2 -1 2 0 -4 0 -1 5 0 2 0 1 -2 1 0 0 -4 0 -7 -1 0 0 0 0 0 -1 -3 1 0 0 4 -2 -1 -2 -4 0 -2 -3 2 -7 -1 -1 0 3 -9 -2 1 0 5 2 1 2 -2 0 0 1 2 0 -3 0 -2 0 4 -2 -2 0 0 1 3 1 0 0 1 -2 0 -2 -1 0 -1 2 -2 1 -4 -4 0 0 2 2 0 -2 -6 -1 0 2 -2 2 -1 5 3 -1 -2 5 1 7 1 -2 0 -4 0 2 0 0 0 -1 0 1 2 2 -1 2 1 2 -2 0 0 1 -2 3 0 0 0 -4 2 0 0 -2 0 0 -3 0 0 1 0 3 1 -4 3 1 0 0 5 -5 0 0 1 0 -2 2 51 0 -3 0 0 1 0 1 -1 0 -1 1 0 0 -5 -1 0 4 0 -4 -4 2 2 0 1 -1 1 0 1 -1 5 2 1 -1 0 1 2 0 1 -2 2 2 0 -1 9 1 -4 1 2 4 0 0 -3 1 -4 4 -6 0 0 1 6 -1 0 5 0 0 1
0 -4 2 2 -4 -6 -1 0 -3 0 0 -1 0 -4 0 -2 1 0 4 0 -2 4 1 0 0 4 2 4 0 1 0 1 4 2 -2 -2 0 -2 -1 0 -6 0 -4 0 -1 0 0 1 0 0 0 -2 0 0 -2 0 0 -2 2 -3 -2 0 0 0 2 0 0 4 0 4 0 1 2 0 -2 -4 0 -4 -1 1 0 0 1 0 0 0 0 -1 -1 0 2 0 0 0 0 -1 -4 0 0 1 2 1 0 -2 -2 -2 2 0 2 0 0 0 -4 -1 0 0 0 0 -5 3 4 3 0 0 2 1 0 0 1 4 0 0 4 -2 -9 4 2 0 -2 0 0 1 -1 -4 -1 -4 0 0 2 0 -3 2 0 0 1 -1 -2 1 2 -4 -4 4 4 -1 -2 0 2 0 1 -4 -5 0 0 2 -1 1 0 0 -2 -1 0 2 0 0 -1 4 0 -2 -2 -3 2 0 0 0 4 -2 4 -2 2 0 3 0 0 -6 -2 0 2 -2 1 0 -1 0 -2 -1 2 -1 0 -2 0 0 0 0 8 0 -4 0 -3 0 0 0 0 -2 2 0 0 -6 1 0 0 0 0 0 0 0 37 0 0 0 -3 0 0 0 -2 0 -4 1 -2 0 1 0 0 1 -1 0 0 1 3 -2 2 -3 -4 3 0 0 0 1 0 -2 0 -4 0 0 2 -2 1 3 -5 0 -4 0 1 0 0 -2 -3 0 2 2 0 0 0 0 -3 4 -1 0 -2 -1 -2 0
3 0 0 1 1 -3 4 0 0 -1 0 -3 2 -2 -4 1 0 -4 -2 2 2 0 0 2 -2 0 0 1 4 5 0 0 1 0 -3 0 0 -1 -2 4 0 2 0 -2 2 4 -1 0 0 0 0 -2 2 -2 0 2 0 4 4 0 1 -2 1 0 -4 10 0 0 -1 0 0 0 0 -2 2 0 0 -2 2 -4 1 -2 -1 1 2 0 0 4 0 0 2 2 -2 -4 -2 1 0 0 0 2 0 -1 0 0 5 2 0 0 0 1 0 0 -1 1 -1 0 1 2 3 0 -2 0 0 0 2 2 0 0 2 -1 2 4 -2 -3 4 4 -3 0 0 4 1 -4 3 0 2 -2 0 0 -3 1 0 0 1 0 0 0 -2 -2 -4 2 4 1 -1 0 3 -2 0 1 -2 0 -1 -2 0 4 0 0 2 -2 5 4 6 0 0 -2 1 0 -4 0 0 2 5 -6 0 2 -1 5 0 -4 2 -3 -2 -1 -1 0 0 2 -1 2 -4 0 -1 0 0 0 0 0 -1 2 1 2 0 2 0 -3 -3 0 0 0 0 0 0 -2 0 -2 0 0 0 1 4 0 6 -4 0 -3 0 39 4 -6 0 -3 0 4 -2 -4 0 1 0 4 0 0 -7 0 -2 -1 0 -8 0 -2 -2 0 0 -2 2 3 -4 -2 -4 1 4 0 2 0 0 0 2 0 0 0 2 0 4 0 -2 -2 0 1 0 0 1 0 1 2 2 0 0 1 0 0 0 0
4 0 2 -4 -1 -1 2 0 0 0 0 0 2 -6 -2 0 0 -1 -2 0 4 0 0 3 0 0 0 5 -2 2 0 0 0 0 2 2 0 0 0 0 -1 2 -2 -1 4 0 0 0 0 4 0 -1 0 -2 -1 3 1 -2 3 0 2 -1 -1 0 1 3 0 0 -2 -2 0 1 0 -2 2 0 0 0 1 0 0 -1 0 1 0 0 0 0 0 0 1 -1 -2 0 4 0 -2 -2 0 1 1 1 0 1 2 1 -1 -4 -2 0 -4 0 0 0 -2 -2 3 0 -1 -2 -1 0 2 0 -4 1 3 0 4 0 0 0 -2 -1 2 0 0 2 0 0 0 0 0 0 0 -2 1 -1 -3 -2 -1 0 0 0 0 1 -4 1 0 1 0 0 2 0 4 0 -2 2 -2 0 0 0 0 -1 -4 0 1 -4 -3 -1 0 -2 0 -2 0 1 0 -2 0 0 0 2 2 4 1 0 0 0 2 -2 0 3 0 0 0 0 2 1 0 2 0 0 0 0 1 1 0 0 2 0 0 2 6 0 0 0 0 5 0 0 0 1 0 0 0 0 7 -1 0 0 0 -2 0 0 0 4 29 0 3 0 0 4 0 -2 0 4 0 0 0 0 -2 0 -2 1 -2 -2 2 2 -1 0 -1 3 -1 0 -1 0 -2 -6 -4 2 0 0 0 1 0 0 -2 0 -2 3 -2 0 1 -3 0 -1 1 0 0 0 0 0 -1 -2 0 2 1 -4 -2 1
0 2 3 2 0 2 0 0 0 3 -4 4 -1 0 3 0 -2 0 6 0 2 4 -1 1 0 0 0 2 0 2 -2 -3 2 -1 0 -2 -1 -1 -2 -3 4 5 1 0 4 -4 0 1 0 0 -4 0 -1 -1 -6 -5 -2 -4 -4 -2 0 -1 4 0 -3 -4 1 -2 0 2 0 1 1 -1 4 -1 0 0 -2 -8 -2 0 7 -2 1 0 -2 -4 1 2 0 0 5 4 0 -2 4 0 1 0 0 -2 -1 0 2 0 0 4 2 -2 1 2 0 0 0 -1 4 -3 0 0 1 -1 -2 3 4 4 0 -2 -3 3 -4 0 0 -2 0 0 -8 3 0 0 0 3 1 5 2 0 2 0 1 2 2 -2 6 0 0 -6 0 0 5 -2 -2 -9 0 11 0 0 2 0 0 0 0 0 5 1 2 2 5 6 0 1 0 5 1 1 1 0 2 3 3 0 1 0 4 1 -2 7 0 -2 0 0 1 2 0 2 3 -3 -1 0 1 -4 5 -4 0 2 0 0 4 4 3 -1 0 1 0 4 1 0 -2 3 2 0 3 8 0 6 1 3 1 0 1 -5 -2 2 1 0 0 -6 0 57 -2 4 4 0 0 0 -2 -4 2 -4 -2 0 -3 1 2 3 -6 -2 3 -6 -2 -1 2 1 4 -2 2 0 0 2 4 1 3 -4 0 4 0 -4 0 0 0 3 -4 -1 4 0 4 8 0 0 -1 -2 2 0 5 4 1 0 -1 -2 0 5
-1 -2 0 -1 -6 1 1 0 1 2 4 0 4 0 0 0 1 2 2 -4 2 2 0 1 3 -2 0 -1 0 0 3 -4 0 0 1 2 0 2 0 2 -1 4 0 -4 -3 0 0 0 -2 0 0 -4 4 0 3 0 0 -3 0 2 0 0 -2 1 4 0 0 -1 0 -6 1 -2 0 1 0 1 0 0 0 2 0 0 0 2 4 0 0 0 0 1 1 1 -4 -2 0 1 -1 -2 0 4 0 -1 0 9 0 1 -5 -4 2 1 0 -1 -3 -2 -2 2 0 -1 0 0 -1 2 0 -4 1 1 2 -1 1 0 4 6 -2 1 2 -1 6 -2 0 0 0 0 2 0 -2 3 2 -4 -1 4 4 0 0 0 -4 2 2 -1 0 1 1 -2 0 -2 -2 5 0 0 0 0 2 0 -2 0 9 -4 4 -1 0 2 0 -8 0 2 1 0 -2 -3 0 0 3 0 0 2 -3 0 0 0 -1 0 2 -1 3 -2 0 2 -4 0 0 5 -4 2 4 0 1 0 -1 1 0 -4 0 4 0 0 -1 0 0 0 -4 -2 0 3 -1 -2 0 0 0 4 0 -4 -2 1 -2 1 -3 0 3 -2 42 0 4 0 -4 1 0 -2 0 -2 2 0 -2 0 -4 -2 -4 0 -2 -2 -1 0 2 -1 0 0 -3 0 0 0 0 2 2 0 0 6 0 -3 0 2 -1 5 -1 -2 -1 0 -1 -2 -1 -2 -1 -2 -4 2 0 -2 0 2 0 -1 0 1
2 0 0 0 4 1 0 4 0 -1 0 2 0 0 -1 0 0 -1 0 -2 -2 2 0 -2 0 0 0 0 2 -2 1 -2 -1 0 2 0 0 0 0 -1 0 -1 0 0 0 2 0 1 0 0 0 0 0 0 1 1 0 0 0 2 2 0 0 1 0 0 0 1 0 4 -2 0 0 2 0 0 0 0 -2 0 0 0 4 0 -1 0 0 2 0 5 3 0 0 0 0 -1 0 2 -1 2 -1 0 0 2 0 0 0 4 0 -2 0 0 2 0 0 1 5 -5 0 3 0 4 3 0 3 0 0 -2 -2 2 0 -1 0 1 3 0 0 0 0 0 0 1 -2 0 -1 2 0 4 4 0 2 0 1 2 -2 0 0 -1 0 0 0 0 -4 0 0 2 0 0 0 1 0 0 2 0 0 2 0 4 0 0 0 6 0 2 0 0 0 0 1 -1 -2 2 -1 0 -1 0 0 0 0 1 0 0 2 -1 1 0 0 0 4 0 0 0 1 0 1 -2 4 0 0 1 0 -1 0 0 2 0 0 0 0 0 1 0 1 0 0 2 4 -2 -3 0 0 0 0 0 0 -3 0 4 0 21 -1 2 0 0 0 0 3 0 0 0 0 1 2 0 8 -2 0 -1 -3 0 -4 2 0 1 0 0 0 -1 0 0 -1 0 0 1 -1 0 0 0 2 0 -1 0 4 0 0 0 3 0 0 -1 0 6 0 1 -2 -2 0 0 0 -1
-1 -3 -3 0 -4 1 0 -2 -2 3 2 0 0 0 -1 -4 -1 0 3 0 0 -2 0 0 1 -1 1 -1 3 0 -6 -2 -1 -2 0 -1 -4 -1 -2 2 0 1 1 -2 0 -1 0 -2 0 0 -4 4 -1 3 -2 -2 -1 -3 -2 -4 0 2 0 1 0 0 -2 2 1 0 -1 0 -2 2 -1 3 0 0 0 -2 0 -2 0 0 -1 0 -4 2 0 0 1 0 0 0 -1 0 -1 0 0 -1 -4 0 0 4 -3 -2 0 0 -1 0 3 -4 -4 1 -1 0 2 0 2 -4 0 0 -4 0 1 -5 0 1 0 1 -8 2 0 0 1 0 2 0 5 -1 2 0 -1 0 1 3 1 -3 -1 -1 0 -1 -2 2 0 -1 8 0 2 -1 0 -2 0 0 2 -2 1 0 0 0 0 -3 -3 -2 1 -2 -1 1 0 4 3 0 4 -2 -1 1 -2 0 1 0 3 -3 0 -2 -4 0 0 -2 -1 4 2 1 -5 0 -6 2 -6 1 -1 0 0 0 -1 0 1 0 3 1 2 0 -1 0 2 0 0 -2 0 -3 -1 0 2 0 1 1 -1 3 -2 3 -3 -7 4 3 1 1 0 0 0 4 4 -1 40 -2 2 4 7 0 0 -4 1 0 -3 1 -1 4 -4 2 -2 0 -2 0 2 -2 0 1 1 1 -1 1 1 1 0 -1 1 0 3 1 2 1 -2 3 -4 1 0 -1 -4 5 -2 -2 1 -3 0 -4 2 -2 0 -2 1 -1 -2 -1
2 0 0 0 0 0 2 0 0 0 0 -1 1 0 0 2 0 -1 -4 -4 -2 -2 0 0 0 -1 0 0 0 0 -1 0 0 0 -2 1 0 0 0 4 -1 0 0 0 4 4 0 1 0 0 0 0 0 0 0 1 2 2 0 5 1 0 0 2 0 0 0 -5 0 0 0 2 0 0 0 1 0 0 0 0 3 0 0 2 -2 0 0 -4 0 1 2 0 -3 0 -2 0 0 2 0 0 1 0 -4 0 0 1 0 -4 0 0 0 -1 3 0 2 0 -4 1 -3 0 -2 0 0 0 0 0 0 0 0 -2 0 1 0 -4 0 4 0 0 0 0 -6 4 2 2 0 0 -2 0 2 2 1 0 2 -2 0 0 -4 -1 -4 0 2 -2 0 0 0 1 1 1 0 -1 0 2 0 0 -1 0 0 -6 0 2 2 0 0 0 2 0 -4 -2 0 0 0 2 1 2 0 0 -2 2 0 -8 -2 0 0 0 0 0 0 0 2 0 0 -3 0 1 1 0 0 -2 0 1 2 -3 2 0 0 -2 0 2 -2 -1 5 0 0 0 0 -1 3 2 0 0 1 -2 -2 -1 0 4 4 0 0 2 -2 22 0 0 0 4 1 1 0 0 4 0 0 1 -1 0 0 -1 0 0 0 0 0 3 0 0 0 1 -2 0 2 2 0 0 -5 0 1 0 -4 0 0 -4 0 0 -2 -1 1 0 0 0 -1 1 0 0 0 0 -2 0 -1 2
0 -2 0 -2 0 -2 -2 0 0 0 -8 -2 -1 -2 -1 1 -4 -2 0 0 0 2 0 2 2 0 2 0 -6 -4 0 -2 -4 -1 0 -2 1 2 2 0 0 -2 0 -4 0 0 1 4 2 0 0 2 0 0 0 4 0 0 0 -2 -3 3 0 -4 -2 0 2 0 0 -2 0 1 0 0 1 2 0 -1 0 0 -4 4 0 -1 -2 0 0 0 0 2 -2 -2 2 2 0 0 0 1 4 -2 -3 0 0 -1 -2 0 -2 0 1 0 0 0 -2 0 0 0 0 -2 0 0 2 0 1 -2 4 0 4 0 4 0 -1 -2 0 -2 -2 0 -2 0 4 -2 0 2 -2 0 4 0 0 0 4 0 0 2 0 4 -2 0 0 2 0 -2 0 4 0 2 2 -4 0 0 -2 0 -2 1 0 0 -2 2 0 -2 0 2 0 0 -1 0 -6 3 0 0 0 0 0 0 0 1 1 2 0 0 2 0 -2 4 0 0 0 4 -2 -2 0 0 0 0 4 0 -2 4 -2 -2 -6 4 0 0 0 0 1 -4 0 2 1 0 0 0 2 0 2 4 0 0 0 0 -2 0 1 0 -2 -2 0 0 -4 0 2 0 34 0 0 -1 0 0 0 -2 1 6 0 0 0 0 0 2 -1 0 0 3 0 0 0 -1 0 0 0 1 0 1 0 0 0 0 -4 -2 -1 0 0 2 0 2 4 -2 1 -6 0 0 0 0 0 -6 1 -2 0 2 1 2
-2 -2 -6 0 0 0 2 0 0 -2 -5 0 1 4 0 3 0 2 0 0 -1 0 2 0 0 0 0 0 4 -2 -4 6 0 0 0 0 4 0 0 0 0 0 0 0 -1 0 0 0 2 0 0 0 0 -6 0 -2 2 0 -1 -4 -2 0 0 -4 0 -6 0 1 0 -1 2 -2 -4 0 0 1 1 -1 -1 0 0 -2 0 2 -2 0 0 -1 0 -1 -2 0 2 0 0 0 0 1 0 -6 0 0 -2 0 4 -2 0 -1 1 -1 0 0 0 4 -1 5 2 0 0 2 1 0 1 -4 -4 -2 -2 0 1 4 -10 0 0 0 -2 0 -2 -2 0 0 0 0 1 0 4 -2 0 -2 0 0 2 0 0 4 -1 0 0 -2 0 0 -2 0 0 0 2 0 2 0 2 -2 -2 4 0 -3 0 -4 0 4 -4 -2 0 0 -2 2 3 -9 -2 0 0 4 0 -4 1 -4 -1 2 0 4 0 0 -2 0 0 1 -4 -1 -1 4 4 0 1 0 0 0 4 0 0 -5 0 -2 0 2 0 0 0 0 0 -2 0 0 0 1 -4 0 4 -1 -4 0 -2 0 0 4 0 -1 0 -4 -2 0 1 0 4 0 0 37 -2 -6 0 0 -1 1 2 0 0 0 -2 0 1 -1 2 0 1 1 0 -1 1 0 4 0 -1 0 0 0 -1 0 0 4 1 0 1 0 -2 -4 0 -2 1 4 2 2 0 2 0 -1 4 -4 0 0 2 2 -8 0
0 4 -2 -2 -2 -2 -2 0 0 0 0 0 2 0 2 -8 0 0 2 4 2 0 -1 0 0 1 0 0 7 1 3 0 0 -4 -2 1 -1 0 0 0 0 -2 2 -4 -1 -2 0 0 0 0 -4 2 -1 -2 -4 0 -2 -1 -4 0 0 0 0 2 0 0 -2 0 2 0 0 5 -4 2 0 0 0 -2 0 4 0 -2 0 0 -2 -2 0 2 0 4 0 0 0 0 0 -1 0 1 -4 0 -1 0 1 0 -1 -4 0 0 4 0 0 0 0 2 -2 2 0 1 0 -4 -1 3 -2 0 0 -2 -1 0 -3 2 -2 0 0 -3 4 0 -2 1 5 0 -2 -2 1 -1 -4 0 2 -4 0 0 0 0 2 0 0 4 6 0 0 0 0 -4 2 5 -2 2 -2 0 -2 2 0 0 1 0 2 5 0 -2 0 0 0 0 0 2 0 6 -1 -1 0 -1 0 0 -4 1 -4 0 0 0 0 0 1 4 -3 0 0 -2 -2 8 0 0 0 2 -2 0 0 1 4 2 0 2 0 1 -4 2 6 0 4 -2 -1 0 0 -10 2 0 0 2 2 4 1 0 6 -2 0 1 -4 0 0 -2 0 0 7 0 0 -2 39 0 0 0 0 0 -2 0 4 2 -2 0 0 4 -3 1 0 -1 0 2 0 0 2 -1 1 0 0 2 2 1 -2 1 2 4 -1 1 -2 1 -1 0 0 2 0 0 -6 0 0 0 0 -2 -4 -2 2 0 0 -3
2 -2 -4 0 -2 0 0 -2 0 2 5 2 0 -2 0 -1 0 0 0 -1 0 -4 0 0 6 0 0 -4 0 0 2 -4 0 0 0 -3 0 2 -1 2 -1 0 0 0 -1 0 0 -2 -2 0 -2 -1 0 2 0 -2 0 0 2 2 0 0 3 0 0 0 0 0 0 0 0 2 4 0 0 2 0 0 -1 0 0 1 -1 1 0 0 0 0 0 0 1 2 -3 0 -4 0 -3 0 0 3 2 0 2 0 0 -2 2 -4 -3 0 0 0 2 0 0 0 1 0 1 -1 1 1 -2 0 0 -2 0 2 0 -6 4 0 -2 2 2 0 4 0 0 0 0 0 1 0 3 1 -2 -4 -1 0 -1 1 1 -4 2 1 -4 -2 0 1 0 -4 0 0 0 0 0 -2 2 1 -2 -2 0 5 0 -2 -4 -4 1 0 0 0 2 0 -4 4 2 4 0 0 0 0 0 2 0 2 0 2 -1 2 0 0 0 0 0 0 -1 2 0 0 0 0 -4 0 4 -1 0 2 -4 3 1 -2 -1 0 -1 0 0 3 0 0 0 -2 0 -8 0 0 0 0 6 0 0 -2 0 0 1 1 4 -4 -2 0 0 4 -1 -6 0 35 -2 0 0 0 0 5 0 0 0 0 0 0 0 -3 2 0 -3 -4 2 0 0 0 -4 0 -5 -1 0 0 0 -4 0 0 1 2 0 2 4 0 0 2 0 0 2 0 0 0 0 4 0 0 0 0 5 2
0 0 0 -3 0 0 -2 4 0 2 -4 0 -1 0 0 4 0 0 2 0 1 4 -4 1 0 1 0 0 0 0 0 0 0 -2 0 0 -6 2 0 1 8 -2 -4 -1 0 4 0 0 -2 -2 0 0 0 0 2 4 -1 -2 0 4 0 -2 -1 0 0 0 0 1 0 0 0 0 -1 0 -5 0 -1 0 4 0 0 0 -4 0 0 0 0 2 0 1 0 0 0 0 -4 -2 0 2 0 0 0 0 -3 2 0 1 0 -1 0 0 0 0 2 0 1 1 0 0 0 -4 -1 -2 0 0 2 4 1 -1 -4 3 -2 1 0 -1 0 -4 -2 0 0 0 6 -1 -4 0 -2 0 0 7 0 0 0 -2 2 1 0 8 0 1 -4 0 0 2 -4 2 0 0 0 2 -2 1 0 1 2 0 1 -1 3 0 0 0 0 0 -4 2 0 2 1 0 2 0 0 0 0 0 -1 0 0 1 3 1 0 1 -1 0 0 0 0 2 0 -2 2 0 -2 0 0 2 0 0 0 1 1 -1 2 0 2 0 2 2 2 0 -1 -1 0 0 1 2 0 0 -2 2 0 0 1 0 -2 0 0 2 0 3 0 1 0 0 0 -2 29 4 1 0 0 -2 0 1 0 -2 -1 -2 0 1 0 0 0 0 0 0 0 0 0 0 -1 -2 -2 -2 0 -6 0 -1 0 1 1 -1 0 0 -2 0 1 0 0 -2 0 0 0 2 -1 0 4 4 1 0
0 0 0 -1 0 0 0 0 0 -2 1 -3 2 -2 0 2 0 0 1 2 0 1 -2 3 0 0 4 -1 -4 -1 -2 1 0 -1 0 0 2 2 0 -1 0 0 0 0 -4 10 -2 2 0 1 1 0 1 4 0 -1 0 3 0 2 -1 0 5 2 0 5 -2 0 0 0 0 4 1 0 -2 1 0 -1 0 1 0 0 2 0 0 0 -1 4 -2 -3 -4 0 0 0 0 -2 -1 1 0 2 0 -2 -1 -1 2 1 2 1 1 0 -1 5 -1 -3 0 0 -5 0 -1 0 2 -2 0 0 -1 4 0 0 -2 4 -2 -2 0 4 0 0 2 1 0 0 -4 1 0 2 0 1 0 3 0 6 0 0 0 -2 0 1 -4 1 0 2 0 1 4 2 1 -3 -2 2 -1 -2 1 1 0 0 2 -2 2 0 0 4 0 3 0 2 1 -1 2 0 2 8 0 0 0 -1 1 0 -1 4 1 2 2 0 -2 -1 -1 -2 0 0 -1 0 -3 2 0 2 0 0 2 2 0 1 0 0 1 0 -2 -1 0 -4 -2 -4 0 3 2 3 1 0 1 -2 1 4 -5 2 0 -5 0 4 0 -4 -2 0 -4 1 0 0 0 0 4 36 0 0 0 -3 1 4 -2 -6 0 -1 2 1 0 -1 2 3 -2 0 0 1 0 -2 1 -2 0 0 0 1 0 0 0 0 2 -1 -6 3 2 -1 0 3 1 -1 1 -5 0 1 1 -2 0 -3 0 4
0 -7 2 -1 0 0 0 -5 2 4 -3 0 3 0 4 1 4 0 2 -2 -4 -2 0 0 -2 0 1 -4 -3 -2 4 0 0 0 0 0 6 -2 -2 0 2 1 0 -2 0 -2 0 -2 -2 1 0 0 0 2 0 0 -2 0 1 0 0 -3 -4 4 -2 0 2 -1 0 -3 0 -2 0 -2 -3 -1 0 0 0 2 0 0 0 0 0 0 0 1 -1 0 0 5 0 0 0 2 -6 0 -2 -3 0 0 0 0 0 4 2 -1 2 3 0 2 4 0 1 1 2 0 -1 -1 0 4 0 2 5 0 0 0 0 1 4 2 0 -1 0 0 -3 0 1 -2 3 0 -2 -3 0 1 0 4 0 4 0 0 -3 1 0 -2 -4 2 -3 0 4 0 0 -2 -4 2 0 0 0 0 0 -2 2 -1 0 2 1 -2 0 0 -1 -2 -1 4 -2 1 2 -2 0 0 1 0 6 -2 1 0 4 -4 -2 1 1 1 2 -4 0 -2 0 2 2 0 -1 1 -1 -1 -1 0 0 0 0 4 0 0 0 -2 -2 0 0 0 -4 0 -3 1 -2 -4 -1 -2 0 -2 0 0 0 0 1 -1 1 0 0 -2 2 0 1 0 0 -1 0 0 1 0 31 0 0 -1 4 0 4 0 -1 0 6 1 -1 2 0 0 -2 0 0 0 -2 0 0 2 1 -2 1 4 0 0 2 0 0 0 -2 0 0 -1 -3 0 2 0 -2 -1 0 0 -2 0 0 0 2 0
-1 0 0 0 1 1 2 0 2 0 0 -2 -1 0 2 2 1 6 0 -2 2 0 0 0 1 2 0 0 2 -2 2 -1 0 0 0 0 0 0 1 -1 -2 -5 0 1 0 0 4 2 1 0 0 0 2 0 6 0 0 0 0 -1 -2 0 0 -1 0 0 0 0 0 2 0 1 0 0 0 1 1 0 0 0 0 0 0 0 0 -2 0 -4 -2 0 -2 1 0 -1 -1 0 0 0 -2 0 -2 -1 0 0 2 0 0 2 1 0 0 2 0 0 0 -1 0 1 0 4 -1 0 1 1 -2 1 1 -2 0 0 0 0 0 -6 -2 0 0 0 -2 0 0 -1 0 0 0 0 0 0 -4 0 0 0 -1 0 1 0 0 0 0 0 1 0 1 0 0 0 2 -2 1 0 0 0 0 -1 0 0 -3 -1 0 -1 0 0 1 2 2 -1 0 0 0 -2 0 -2 -2 2 0 0 0 0 4 4 0 0 4 0 0 -3 -1 0 3 0 0 0 0 0 0 0 0 0 0 0 0 -2 0 0 0 2 0 0 0 0 0 1 0 0 1 0 -2 0 0 0 3 0 0 0 0 0 0 0 0 0 0 0 -2 1 0 0 0 0 0 16 1 -2 3 0 0 -1 0 0 2 0 0 3 0 0 0 0 0 -2 0 0 0 1 -1 -2 0 0 0 1 0 0 2 0 0 0 0 1 -2 0 0 3 1 0 1 0 0 0 0 0 1 -2
-2 1 4 2 1 4 0 0 0 0 0 0 0 -2 4 0 0 4 -1 0 0 -1 0 0 0 -1 0 0 2 -7 1 2 0 0 0 -2 0 0 0 -4 0 1 4 0 2 -5 0 0 2 -1 0 0 -1 0 2 -1 -1 0 -2 0 -1 1 0 -3 -2 -6 0 -8 0 2 1 -2 -2 0 0 0 -2 4 -1 0 0 0 0 1 0 2 0 -7 0 4 -3 -2 4 4 2 1 0 0 0 -6 -2 4 0 -1 -2 -2 0 0 0 0 2 -1 0 0 0 -3 0 -1 -6 0 0 0 2 0 -2 -6 -2 2 -4 -5 3 0 0 4 0 0 2 0 -3 0 -2 -1 0 1 2 0 -2 0 -2 0 2 0 2 2 2 1 2 0 3 -1 -2 -4 -3 0 -1 0 0 0 0 0 2 0 2 -2 -4 -1 0 -3 -4 0 -2 0 0 -3 -5 -2 -2 -5 0 0 0 -3 0 -8 0 0 2 4 0 -4 2 4 8 0 2 -1 0 -3 4 0 2 -5 0 0 -2 -2 -4 0 3 1 2 0 -2 0 0 -2 0 -2 0 0 5 0 0 2 0 4 -3 2 0 1 1 0 1 4 0 -7 -2 -3 -2 0 -3 4 1 2 -2 0 0 0 0 1 41 0 -3 0 0 2 0 2 -2 -2 0 0 0 -2 2 1 2 -1 0 -2 -1 0 0 -6 -4 0 -4 8 0 -1 -2 1 0 0 0 -2 2 0 0 -1 0 -2 -1 2 1 0 0 2 0 -2
0 -4 2 1 -1 -4 -2 0 0 0 -1 2 0 0 0 -2 -2 0 0 -1 0 0 -1 -2 4 0 2 1 -4 0 -2 -6 -4 0 -2 0 0 0 1 2 -1 -2 0 -2 -2 0 2 0 0 1 -6 0 0 1 0 -2 0 -2 0 -2 0 0 -1 2 0 0 0 3 0 -2 0 2 0 0 0 0 0 -3 -1 -2 0 0 -2 0 1 -4 2 0 1 0 -1 1 0 0 0 -5 2 1 4 2 -1 0 0 4 0 0 -5 0 0 1 0 0 0 4 0 0 0 0 1 -1 3 -3 -1 -2 4 -2 0 2 -1 0 0 1 -1 2 -4 0 0 1 -2 -2 -2 0 2 -2 2 1 0 -1 4 0 0 5 0 0 0 -1 0 -3 0 0 0 -1 0 -1 3 -2 -2 0 0 -2 0 0 -1 1 0 1 0 0 0 3 -2 4 2 0 -4 -1 0 3 0 -1 0 0 0 2 0 0 -2 2 0 2 0 -2 3 -3 1 0 2 -1 5 2 0 0 -4 1 0 -3 -1 0 0 -2 0 0 -1 2 1 -2 0 -1 0 2 3 0 0 4 2 -4 1 4 -3 0 0 0 0 0 1 0 0 1 0 1 1 0 6 0 0 5 -2 -3 -1 -2 0 32 -4 0 0 0 -1 1 -2 0 0 -2 1 -4 2 0 -2 0 2 0 2 0 0 0 -1 0 2 0 0 -1 4 -2 6 0 0 -2 0 -3 2 0 0 1 1 0 -3 0 2 0 -1 2
1 1 0 0 5 -4 2 -2 0 2 0 0 3 -4 4 0 0 0 0 8 0 0 0 -2 3 2 -2 -3 4 2 0 -2 0 0 5 0 0 0 -2 4 -2 -2 0 -2 3 1 0 0 -3 -1 1 0 -1 0 -4 0 0 0 0 0 0 1 0 0 -6 0 -1 0 0 -2 -2 1 0 -2 2 2 -1 1 4 0 0 4 0 1 0 1 0 0 2 -2 4 4 2 1 0 3 4 0 0 3 -1 3 -4 -4 4 0 2 4 0 0 0 2 0 0 0 0 2 2 1 2 2 2 1 0 3 0 -6 -1 1 -1 -2 0 0 -4 0 0 0 -2 0 -3 0 2 0 3 -1 2 2 1 1 0 0 0 0 4 0 0 0 -1 2 -1 -2 2 -1 -4 0 0 -2 -1 0 -2 0 0 2 -1 -4 -3 3 0 2 -3 0 0 0 5 0 1 0 0 1 -1 3 1 2 2 0 -1 2 0 0 -6 -3 2 -2 3 -4 -1 -4 0 2 0 -1 6 0 0 -2 1 1 0 0 5 7 0 2 2 0 -2 0 3 -4 0 3 2 2 0 0 -5 0 -2 -2 0 2 0 2 -4 -1 -2 -2 2 -4 2 -1 0 0 0 4 0 0 1 4 3 -3 -4 45 2 5 1 1 0 0 4 -2 0 -1 0 1 1 0 1 0 0 0 1 0 0 0 0 0 0 2 -1 0 1 2 0 0 2 2 -8 -2 4 6 2 0 -2 2 -3 3 2 -1 0
-2 0 0 2 0 0 0 0 0 3 -2 1 1 -3 0 2 1 0 0 -2 2 0 0 0 0 0 -4 1 4 -2 -1 4 -1 1 -2 -1 -2 -2 0 0 0 -2 0 1 1 6 1 -2 -1 -1 1 0 0 -2 -1 0 2 0 1 1 -1 0 -1 1 1 -2 -2 0 3 0 1 4 1 1 1 0 1 -1 0 -2 2 -2 -2 2 2 -3 2 1 0 0 -5 -1 1 -2 1 1 -1 4 0 -2 0 -1 0 1 0 0 0 1 0 2 -1 2 -2 2 0 0 -9 2 1 0 2 0 -2 -1 4 -5 4 0 0 1 -2 0 0 0 0 1 -2 2 3 -1 -5 -1 -2 3 1 1 3 2 0 2 2 0 3 -1 0 0 0 1 3 0 -2 3 0 3 1 0 -4 3 -2 1 0 0 -1 -6 1 -2 0 0 -1 8 0 0 2 -1 0 -2 0 0 0 -2 2 3 0 0 0 -2 0 -1 -2 0 0 0 -1 0 1 0 -3 0 2 1 1 0 0 0 0 2 0 1 1 0 2 0 4 2 -1 -2 1 -3 1 -2 4 3 0 5 1 -1 3 1 -1 1 2 0 -1 -4 0 -1 1 3 -2 0 4 1 0 0 2 0 1 4 0 0 0 0 2 30 -2 1 0 -3 -3 1 1 -1 2 -2 1 1 0 0 2 0 0 -1 0 3 0 -2 0 -1 -2 6 -5 -4 0 0 2 0 -1 0 -1 2 1 1 0 1 -1 0 0 1 0 2
1 2 2 -1 2 0 2 1 0 2 0 0 2 1 0 -1 0 0 -2 2 -4 0 -4 -2 2 0 0 -3 2 0 0 0 0 4 5 4 -2 0 0 0 -2 -6 0 -2 -2 -1 0 -1 -2 0 0 4 0 -4 -1 3 -4 4 1 -2 4 0 -2 -2 0 0 0 0 0 4 1 3 0 4 -2 0 -1 0 0 -2 -1 0 0 0 0 1 0 1 -1 0 3 2 0 3 0 0 0 4 -2 1 1 0 -1 0 3 0 0 0 -4 -1 0 0 0 3 1 2 5 1 0 0 2 2 4 -2 -3 0 0 -1 1 1 8 -2 0 -6 0 -4 0 -2 0 -1 0 -1 0 -2 0 0 -2 5 6 -4 0 0 -6 0 0 -2 0 0 -2 0 0 0 -4 -6 -1 1 1 -1 0 2 0 0 -2 0 0 6 -1 0 2 0 -1 3 0 1 0 2 -2 6 2 2 3 1 3 0 -4 -4 4 0 0 0 0 0 2 4 4 0 1 -1 2 0 0 0 6 2 -6 0 0 2 0 3 0 -5 2 4 1 -1 0 0 0 0 0 3 2 -2 -2 2 5 -4 0 -1 0 1 0 2 0 0 -2 -6 -4 8 -4 -1 0 -2 -2 0 0 -2 4 0 0 0 5 -2 50 0 0 4 1 3 2 2 -1 -2 4 0 0 -1 0 0 -3 0 0 -6 0 4 0 -2 7 -6 0 0 5 -2 -2 -3 -4 2 3 0 2 8 -4 0 -4 1 -4 1 0 -2
0 3 -6 6 0 -2 1 -6 5 1 4 4 3 4 -4 0 0 4 5 4 0 0 4 0 0 2 0 2 -4 -3 0 0 0 -2 0 4 2 -5 3 0 0 -2 -3 -3 2 -6 0 3 -5 0 0 0 2 0 -3 2 0 -6 0 2 -2 1 2 8 4 -8 0 2 -2 -2 6 3 2 1 0 0 1 1 -4 -2 8 2 -2 -3 4 0 0 1 1 -2 3 0 1 1 0 -4 0 6 -2 0 4 -3 5 1 1 2 1 -10 0 2 0 -6 -2 6 4 -4 0 8 -2 0 0 0 -1 0 8 -1 0 0 3 -2 1 -3 3 -2 4 -2 -2 0 0 1 1 4 2 0 0 7 -1 -1 0 0 -1 0 0 2 -6 -5 2 -3 2 -2 -1 -2 0 -2 0 -4 0 -2 2 -2 2 -4 0 -1 -4 2 -1 -4 -4 0 1 -10 0 4 6 3 2 2 0 -4 0 2 2 -2 -2 -2 2 6 2 -2 1 -2 5 -1 4 0 0 -6 -2 4 0 1 6 -1 4 3 -4 0 -6 -1 2 0 -3 1 0 -3 -4 0 0 0 2 4 3 0 0 -6 4 3 2 4 0 4 0 2 1 -8 -2 -2 0 -2 2 0 0 0 0 0 -2 -6 0 -1 2 0 1 1 0 62 2 0 -2 2 0 -1 -4 2 4 1 5 0 -1 0 0 0 4 -2 0 -3 0 -2 -4 0 -4 2 -4 6 5 0 0 -4 0 0 0 0 0 0 2 2 2 2 1 0
0 1 -2 4 -2 2 1 0 -2 0 -1 0 1 0 0 -5 0 0 0 0 0 2 0 0 0 3 0 0 0 2 0 0 3 -1 -3 -2 0 -2 0 0 1 1 0 0 0 -2 2 0 0 0 0 0 0 0 -3 0 -1 -4 -1 -1 0 0 0 -2 -4 0 0 1 0 0 0 1 0 2 -3 0 -2 -1 0 0 0 -2 -2 0 0 0 0 -1 1 1 0 0 0 0 0 -1 0 0 0 1 0 2 0 -1 0 -2 0 1 4 0 0 0 0 0 -2 0 2 1 0 -1 1 0 4 0 0 2 2 0 -1 3 0 -1 -4 0 -3 2 0 1 6 -2 1 0 0 0 -1 0 0 1 2 3 0 0 0 0 0 -2 -4 -2 1 0 -2 -1 1 -2 -2 0 0 0 0 0 -4 0 1 1 2 -1 0 0 0 0 2 0 0 -2 0 1 5 2 -1 1 0 -2 0 1 -1 -2 0 2 -1 0 0 2 1 1 2 -3 0 -1 1 -2 1 0 1 -4 0 1 0 0 0 0 0 0 0 1 0 -2 0 5 0 0 -3 -2 2 4 0 1 5 -2 1 0 -1 0 0 0 3 0 2 3 -2 0 -2 0 0 1 0 0 -1 0 -1 0 0 -1 1 0 0 2 26 0 -2 0 -3 2 -4 0 0 -2 0 -3 0 -3 2 2 -1 2 0 -2 0 0 2 0 -3 1 -1 0 1 2 -1 -2 0 1 2 0 0 0 1 2 2 2 -3 0
4 6 0 -1 2 0 0 0 1 -7 -4 0 -2 -4 0 -2 2 0 3 4 5 0 0 1 0 0 -1 2 0 4 0 -3 4 0 2 1 2 2 0 1 2 0 0 0 1 1 -1 -1 -2 0 0 1 2 -1 -2 0 -6 -1 6 0 0 -4 1 -1 0 2 0 1 0 4 -2 -4 -2 0 -2 -1 0 4 1 0 2 0 2 -2 1 0 4 2 0 1 6 4 -2 0 6 0 -4 -4 0 1 0 2 0 -1 0 3 -2 -3 1 -5 -2 0 0 0 0 -1 2 0 0 0 2 0 4 2 -8 0 1 1 -6 -2 0 0 1 0 2 1 -4 1 2 1 -1 0 -4 2 -4 -2 0 0 2 11 -4 0 -5 0 -1 1 -1 4 -3 -2 0 2 0 -6 0 -2 0 -1 0 -2 0 -4 -2 0 -6 4 -3 0 -2 1 0 -2 -4 -7 0 -1 2 2 1 -2 0 4 -1 2 -4 0 2 -2 0 -3 0 0 -1 -2 -3 -3 0 -1 0 0 2 -1 0 0 0 2 0 -2 -4 -1 0 1 -12 2 -2 -1 4 2 4 0 -1 -8 2 2 -2 4 2 0 -3 0 0 0 0 1 -2 -2 2 -6 -2 -1 0 -1 2 -1 4 0 -2 -1 0 0 2 1 0 -3 4 0 0 45 -2 0 1 2 2 3 0 0 1 -1 6 0 2 2 0 -6 0 8 -1 0 1 -2 -4 0 4 1 0 0 -3 3 -2 -2 -4 0 0 -7 0 1 -2 0 0 -1
0 -3 0 -1 0 -4 0 0 -1 3 3 -4 0 2 5 3 2 2 0 3 2 -5 2 -2 0 2 4 2 3 -4 0 7 -2 1 1 -1 -1 0 2 0 1 0 0 -4 0 1 5 -2 0 0 0 2 0 3 0 0 0 3 4 0 0 -2 -4 -2 0 0 0 -2 0 -2 7 -3 0 1 0 -2 0 2 0 8 -3 -1 0 0 -1 7 -2 0 0 0 7 2 0 0 -2 0 0 -2 -2 5 6 0 -8 2 -3 1 0 0 1 1 2 3 -3 -2 -1 -4 0 -1 1 0 1 -1 0 0 -1 0 0 -4 1 4 1 -5 -1 -4 -6 2 -2 0 0 0 0 2 -4 -4 0 -6 0 -4 -1 -1 2 0 0 0 0 1 -2 8 7 0 1 3 1 -2 0 0 0 0 2 -2 -4 -3 -8 -2 -1 0 -1 0 0 0 -2 -6 2 4 -5 0 3 -1 0 0 0 0 0 2 2 0 -2 3 -2 -2 0 -4 0 4 -2 2 0 1 -1 1 -3 0 4 0 1 6 1 0 3 0 0 0 0 3 -3 0 2 -1 -4 0 0 2 1 -1 2 2 0 -3 9 -2 0 2 0 -1 2 -2 -1 -2 -1 -3 -2 0 -1 2 -3 0 0 2 6 2 -2 -2 0 -3 1 -2 -2 -2 55 3 0 4 0 -1 1 0 0 -2 0 0 -1 -3 1 -3 2 0 0 -8 0 1 0 -2 7 -1 0 0 -5 1 -1 0 -2 -2 4 0 0 0 0 2 5 -1
0 0 1 0 6 -2 -2 -1 -2 -1 -2 0 0 8 2 1 0 0 -1 2 0 2 5 0 -2 1 0 4 2 -2 0 0 0 -1 0 1 -3 1 0 1 -4 -3 0 -2 3 0 0 0 -5 2 -2 2 0 -4 0 3 1 -3 -2 0 1 -2 0 0 0 0 -4 -12 0 0 0 0 2 1 -1 0 -2 -1 -2 0 0 2 2 -4 0 0 2 1 0 0 1 1 -1 0 2 -2 2 -5 -4 4 2 -1 2 0 1 0 0 0 0 2 0 2 -3 0 1 -4 -1 0 1 0 1 -1 -4 -2 -2 0 1 2 0 1 0 -4 0 -1 -2 0 -2 -1 0 1 0 0 -1 2 -1 0 2 0 -1 -2 0 0 -2 0 2 -2 0 0 -5 2 -2 0 0 -4 -1 0 -1 -3 2 -2 0 -2 -5 0 -1 -1 2 1 0 -2 0 0 -1 1 0 2 0 0 4 1 2 0 0 0 -1 0 0 0 -4 0 0 0 0 2 -1 -3 0 0 4 1 0 3 -1 4 -4 5 0 4 0 0 1 0 6 0 -2 0 2 2 0 0 0 1 1 1 -1 -5 0 1 0 0 0 1 0 1 -3 0 0 -1 0 0 0 0 0 0 1 -3 1 1 1 0 -2 0 4 1 3 2 0 0 3 33 -4 0 2 0 0 0 1 0 0 0 1 0 0 2 0 2 3 -2 0 -1 2 -1 -3 1 0 0 -3 -1 -1 0 0 0 1 4 0 0 1 1 -3 0
-2 0 -2 0 -6 0 0 0 2 2 -1 0 0 -4 1 -3 0 0 0 0 1 -1 0 0 2 -3 0 -4 0 2 0 2 0 0 -4 4 0 0 1 0 -1 0 0 0 0 1 0 -1 -1 3 0 -1 0 -4 0 -4 -2 2 0 0 -2 0 0 1 0 0 0 -1 -4 0 0 0 2 0 0 0 0 -1 -1 0 -1 0 0 0 1 1 -2 -1 -2 2 -2 0 0 0 -4 2 0 0 0 0 0 0 0 -4 0 2 -1 1 0 0 4 0 -2 0 0 4 -1 0 0 0 -1 -4 0 1 -2 -2 0 0 -2 -2 1 0 2 0 3 -2 0 0 0 1 2 0 0 0 0 -2 2 0 -6 0 1 0 0 0 1 0 1 -2 8 0 -2 -2 0 0 -1 0 0 -1 -2 0 4 0 0 1 0 -5 1 0 0 0 0 0 0 -1 0 1 0 4 0 1 0 0 -4 0 3 -2 2 0 1 0 0 0 0 0 1 2 0 0 0 -2 2 0 3 0 0 -2 0 0 0 0 1 0 0 1 0 0 0 -4 1 1 1 5 0 -6 0 1 0 1 2 4 -2 0 0 0 -4 0 -1 2 2 -4 2 0 0 1 0 2 0 0 -1 0 0 0 -2 1 2 0 -3 1 0 -4 30 -2 0 0 4 0 0 2 1 4 0 3 -1 0 0 -2 0 0 0 0 -1 0 0 0 0 0 -2 1 0 0 0 -4 -5 -1 0 0 -2 -1 -1 0
0 -3 3 -1 2 0 -1 0 -1 -1 0 -1 2 0 0 2 2 0 -2 0 0 0 -2 2 -2 2 2 3 -2 -3 5 0 -2 1 -3 2 1 -1 0 2 1 1 -1 -1 -4 0 5 0 2 0 2 -1 0 1 -1 -2 0 1 0 4 2 1 1 0 -2 0 2 4 0 -2 -2 0 1 -8 1 0 1 -4 0 0 -1 -2 2 1 -2 -2 0 0 0 0 0 2 1 0 -4 5 0 -1 -4 -1 -2 0 0 2 1 -1 4 2 3 -1 1 4 -2 0 0 -3 -4 -1 -1 1 2 -2 2 0 0 3 0 -4 3 -2 0 0 0 -2 -3 1 -1 -2 1 0 0 2 -1 2 2 -3 0 0 0 0 2 0 -2 1 -3 1 -2 -1 -2 2 1 2 3 -3 -4 0 -2 -2 0 1 -4 0 0 5 0 2 -4 -1 -1 -1 -3 2 2 1 -1 -1 0 3 1 1 -1 -4 0 4 1 0 2 0 2 0 -1 4 1 2 -1 0 1 0 2 -1 0 0 2 -2 0 0 2 -2 2 0 0 0 -1 0 3 0 0 1 4 0 0 -3 3 2 -1 3 2 1 0 0 2 0 2 1 3 -2 3 1 -1 2 -2 0 3 1 -1 0 0 -1 2 3 0 -2 0 -1 2 -1 2 2 4 0 -2 38 1 -1 0 -1 3 1 0 0 0 0 0 -4 2 2 3 -3 -3 -3 0 0 2 1 3 1 -6 -1 0 2 -1 1 0 6 0 -1 0 2 -1 1
2 0 2 0 1 0 -2 0 1 0 -6 0 2 -2 0 -6 0 -2 0 3 -1 4 0 0 0 -2 2 0 2 0 0 2 0 1 0 0 0 1 -1 -5 1 1 0 1 5 2 0 0 1 -2 -2 -4 0 -1 0 -1 0 0 2 -2 1 0 -3 -2 -6 0 -1 0 0 0 0 2 0 0 2 -6 0 3 0 1 1 -3 2 0 0 0 2 2 0 0 1 0 0 -4 0 0 5 0 -1 -2 1 -2 0 0 -2 0 0 0 -2 0 0 0 0 -3 -4 -2 -1 0 1 0 0 0 -3 0 -3 2 0 -2 -2 0 -1 0 0 0 0 2 -4 1 0 -1 -2 -1 1 0 -2 0 4 0 -1 0 1 0 0 -2 0 0 4 1 -5 0 -4 0 0 -4 2 0 -1 -1 0 2 -3 -1 1 0 -2 2 3 4 1 3 0 0 0 0 -4 -1 -1 0 -1 0 1 -2 0 -2 0 3 -2 0 0 0 0 1 0 -2 1 -1 0 -2 0 -2 0 2 -2 0 2 0 -1 0 0 0 0 0 0 -4 -1 2 -1 0 1 -1 4 0 0 4 0 0 1 0 2 0 2 2 0 -1 0 2 -1 4 0 0 0 0 0 0 0 -3 0 2 0 0 0 1 -1 2 -1 -4 -4 2 0 2 0 1 30 -2 -4 -1 0 1 0 0 4 0 0 -2 0 -2 0 0 2 -1 0 0 -1 0 2 3 -2 0 -1 0 0 1 2 2 0 0 -4 0 0 4
2 2 -1 -1 0 0 0 0 0 1 1 -2 -2 0 0 1 0 0 -4 -11 -1 0 0 0 -4 1 0 0 -2 -1 -5 0 2 -2 -2 1 0 1 0 0 0 0 0 0 1 1 0 2 0 -2 2 -2 0 2 -2 0 -1 1 0 6 -1 -1 -1 0 1 2 -1 -1 -2 0 2 -2 0 0 -2 0 2 1 1 -2 2 0 4 -2 -1 0 1 2 0 -1 1 0 0 0 0 0 0 0 -1 -1 1 -2 -1 0 0 -1 -4 -4 -4 0 -1 1 0 0 0 0 -1 0 -2 -1 5 2 0 2 -8 0 0 -2 0 -10 0 -5 0 0 0 -4 -2 1 0 0 0 5 2 0 -1 -2 -1 0 2 5 0 0 0 0 -4 0 2 2 -1 0 0 0 -1 0 0 -1 0 5 0 -3 0 -1 0 0 -3 0 1 -4 0 0 2 6 2 1 0 0 2 -2 0 2 -5 -2 0 2 1 0 0 2 0 -3 2 0 1 1 0 0 0 1 0 -1 -1 -4 0 0 1 0 1 -1 0 0 0 2 0 0 -2 -2 0 2 0 -2 -4 0 1 0 -1 1 2 2 0 1 0 -2 0 5 0 3 0 -2 0 1 1 3 0 -1 2 -4 0 3 0 0 -2 -4 0 -2 -2 2 0 3 -1 0 0 -1 -2 35 -4 0 0 0 10 0 4 0 1 0 -2 0 -1 2 -6 0 5 0 -3 2 1 1 0 0 1 0 -3 0 0 0 0 0 0 0 0 -2
-3 0 -1 0 -4 1 1 4 -2 1 3 2 -1 -2 -2 1 0 2 3 3 0 0 0 -2 4 0 0 0 0 -8 3 0 1 0 0 4 0 3 0 0 -2 0 0 0 0 -2 0 0 0 3 -4 4 0 -6 0 1 0 -3 0 5 -1 0 2 0 1 -5 0 1 1 1 4 1 0 0 1 2 -1 -1 0 -4 1 1 0 0 -4 0 2 -6 -2 -1 -1 0 2 0 0 2 0 0 0 -1 1 0 1 0 0 5 -1 2 0 0 2 0 0 -4 0 2 -1 1 0 0 -2 0 0 1 0 -1 0 3 -1 0 -2 -2 1 2 0 2 0 3 0 0 0 -3 -1 0 2 -2 0 0 -1 -1 -2 2 1 0 2 -2 0 0 4 -1 4 0 0 5 0 -2 0 -2 0 -3 2 0 0 -3 0 2 1 5 0 0 0 -4 2 -1 0 0 0 2 0 0 0 2 -3 0 -2 -2 -1 3 2 1 -2 0 -2 2 2 0 0 0 2 3 2 0 -2 3 -2 -1 2 1 1 0 3 -2 3 -4 0 0 0 -1 0 0 2 1 3 0 1 0 0 0 1 2 -1 2 0 2 0 -4 -1 2 -3 0 1 0 0 1 0 2 0 -2 -2 0 2 2 1 1 4 4 0 0 1 0 4 0 -4 -4 32 0 2 4 0 0 0 0 0 0 0 0 0 2 2 0 -2 -1 2 0 1 2 -5 0 3 0 2 -4 -2 -2 0 1 -5 0 4 1
2 1 0 1 0 0 0 0 0 0 1 1 -1 -2 4 0 0 0 0 0 0 4 0 0 0 0 0 0 -2 2 0 0 1 0 0 0 0 0 1 0 4 0 0 0 0 -1 0 0 0 1 0 0 -1 0 0 0 0 -2 2 -4 0 2 0 0 2 2 0 0 2 -4 0 0 2 4 1 0 0 1 0 0 2 1 0 1 0 1 0 0 4 0 0 0 1 2 0 0 0 0 0 1 2 0 0 2 0 0 1 4 -2 0 -3 0 0 -4 0 0 0 0 0 0 0 -1 0 0 0 0 0 0 0 0 0 0 0 1 1 0 0 0 -6 0 1 2 -1 1 -2 1 1 0 0 2 -4 0 1 0 1 0 0 4 -4 0 -2 0 -1 1 0 2 0 0 0 0 -1 0 0 -2 0 1 0 4 0 0 0 0 0 0 6 0 -2 -2 -4 -2 0 2 0 0 -2 0 2 1 0 0 1 -1 1 2 2 0 0 0 -1 0 2 0 -2 2 0 0 0 0 0 0 0 1 0 0 1 0 -2 -1 0 0 1 0 0 0 0 -1 4 1 0 0 -2 0 0 1 1 -2 0 0 0 0 1 0 -1 0 0 0 0 0 0 0 1 0 1 1 0 1 -2 0 0 0 0 -1 -1 0 0 14 0 0 0 0 0 -1 0 1 0 0 0 0 0 0 0 0 0 -1 -2 -4 0 0 0 0 0 0 0 -4 1 -1 4 0 0 0
-2 0 -2 0 -2 -1 1 1 0 2 0 0 -2 0 -2 1 0 4 -2 0 0 0 0 1 0 0 0 -2 0 -5 0 0 0 0 -1 0 4 -6 0 -1 -2 1 -2 1 0 0 0 0 0 0 2 0 2 0 -1 3 0 0 0 0 -2 -1 6 0 0 -6 0 0 0 -1 -1 0 1 0 0 0 2 0 0 0 0 -3 0 0 0 0 0 1 0 -2 -1 0 1 0 -1 2 0 0 -1 -2 1 0 0 -1 0 -2 0 0 -1 1 -3 5 2 1 -1 0 0 0 0 3 0 2 -1 -2 0 1 0 0 -2 0 2 -1 -4 2 2 0 0 0 0 1 0 0 0 1 0 -1 0 0 0 0 -3 0 4 0 0 1 0 0 0 0 0 0 0 0 -1 2 0 0 0 -2 0 0 1 0 0 0 -1 3 -6 0 0 0 0 0 2 -1 2 0 -1 0 3 0 -1 -4 4 0 0 4 1 -2 0 -2 0 0 3 0 0 2 -1 0 -2 0 0 0 0 0 2 2 -2 1 0 0 -6 0 0 -1 0 5 0 0 -1 -1 0 0 0 0 0 0 1 0 -1 0 -2 -1 0 -4 -2 0 0 0 -1 0 0 4 2 0 0 0 0 0 2 -2 0 0 0 5 0 1 0 1 0 3 0 0 2 0 26 0 0 0 1 0 0 1 0 -1 1 -4 -1 0 -2 4 -2 -2 3 -1 0 2 2 0 0 -1 4 -1 0 0 -1 1 -6 -2
3 0 0 -2 -4 1 0 -1 0 0 0 0 2 0 0 0 1 -2 0 -1 -1 2 3 1 0 0 1 -1 4 1 0 1 0 0 0 1 0 2 1 -2 0 2 0 -5 1 1 -2 1 -1 1 0 -4 -1 0 0 1 -1 3 2 3 2 0 -1 2 0 0 0 1 0 0 0 -2 0 0 3 0 -2 2 1 -2 1 0 0 0 -1 0 4 0 -2 0 -4 1 2 0 -2 0 0 1 1 -2 -1 -1 0 0 1 1 0 0 0 0 0 1 2 0 2 1 -2 0 0 -4 -1 -2 0 0 -1 0 -2 1 0 -1 -3 0 0 3 0 0 1 0 1 0 0 1 2 0 2 0 0 -4 -1 0 0 0 0 0 -1 -2 0 0 0 2 0 0 -2 1 0 0 4 -2 0 -1 0 0 3 -2 2 0 0 3 4 0 0 -2 1 -1 1 0 -4 0 1 1 0 0 0 0 -2 1 -4 0 0 0 -2 1 -2 2 1 2 0 0 0 1 0 -1 0 0 0 0 3 0 0 1 6 -1 0 0 2 0 0 -8 1 0 1 1 0 0 0 0 -3 0 1 0 0 0 0 0 -2 1 -6 2 0 -1 1 1 0 0 -1 0 0 1 0 -2 -1 0 1 0 -1 0 -3 -1 -2 0 2 1 1 0 4 0 0 25 0 -2 -2 -1 -1 0 0 -2 3 2 4 -3 0 1 0 5 0 4 2 -2 0 0 0 -2 0 0 0 3 0 -2 2 0
-2 -4 -2 -2 0 0 1 0 2 2 -2 0 -2 -6 0 0 1 1 1 2 3 0 2 0 -2 4 0 1 -4 1 -1 0 2 0 2 1 -4 0 0 2 -2 0 1 0 -3 0 8 0 0 0 0 -4 -1 0 -2 -2 0 -1 2 0 0 0 0 0 1 -1 -1 1 0 0 0 0 0 0 0 -1 0 -2 0 -1 0 0 0 -1 2 0 2 2 0 0 0 -1 -1 0 2 -1 0 -2 0 0 0 1 0 -2 0 0 -6 4 0 0 0 1 3 2 -4 0 -1 0 0 0 1 2 -2 2 0 4 2 0 -3 2 2 2 2 -2 0 2 -3 1 0 -4 -2 2 5 0 -1 0 0 2 2 9 4 0 0 -1 -1 0 8 2 -2 0 1 2 0 0 0 0 0 4 0 0 1 -1 -1 0 0 -4 0 4 -1 0 2 0 0 -2 0 -1 -2 0 0 4 -4 2 1 -1 -2 0 0 -2 0 -1 0 0 -1 1 0 -4 0 0 0 -2 0 -2 0 0 0 1 0 1 0 0 0 0 2 3 -2 0 0 2 0 -4 0 -1 0 5 0 4 1 2 -2 -2 4 0 0 1 0 4 -4 4 0 0 1 -2 0 -1 1 -4 0 0 -2 0 0 2 0 2 0 -1 0 6 0 0 1 0 0 10 0 0 0 0 41 0 0 -1 2 0 -4 1 -1 0 3 0 -1 0 1 0 0 0 -1 1 0 0 -1 0 1 -2 0 0 -1 0 -4 0
0 0 1 0 0 0 0 0 2 0 0 0 0 -2 0 0 -1 0 0 0 0 0 -2 0 1 -4 0 0 0 0 -2 -2 0 0 2 1 0 0 0 0 0 0 0 0 0 -2 0 0 0 0 0 0 0 1 1 2 0 2 0 0 0 0 0 2 0 0 0 0 0 0 0 0 0 -4 0 0 0 0 0 0 0 0 0 0 0 0 0 0 0 0 0 0 0 -2 0 3 0 -4 0 0 -1 0 0 1 2 2 0 0 0 0 0 0 0 0 -1 0 1 -2 0 0 0 0 0 0 0 -2 0 -2 2 0 0 2 0 0 4 -2 0 -2 2 0 0 0 0 0 0 0 0 0 -2 0 0 0 0 0 0 0 0 1 -1 0 0 0 1 -2 0 0 0 0 0 0 4 0 0 0 0 2 0 0 0 0 0 0 -1 0 1 1 2 4 0 0 0 2 0 0 0 0 0 0 0 0 0 0 -2 0 0 0 0 1 0 2 0 0 0 0 -1 0 0 0 0 -1 0 2 1 0 0 0 0 1 4 0 0 2 -1 -6 0 2 1 0 0 -1 1 0 -1 2 -4 0 2 1 2 0 1 0 1 0 0 0 0 -2 0 0 -2 0 0 0 0 0 -3 0 0 0 4 0 0 0 0 0 0 -2 0 13 0 0 0 0 0 -2 0 0 0 0 0 0 0 -2 0 0 0 0 0 0 0 0 1 0 -1 0 0 0 -1 1
0 2 -1 5 2 0 0 0 0 0 -1 0 2 0 0 2 -2 0 1 -5 -1 1 0 1 -2 0 0 0 0 -1 0 5 0 0 -5 0 4 -2 0 -2 -1 1 0 -2 2 0 4 1 0 0 -2 0 0 2 0 -2 -2 -6 0 4 0 0 -3 -5 2 0 0 0 -2 -2 0 0 0 0 -4 -1 -4 4 -1 0 0 1 1 -2 1 0 0 -4 0 0 1 3 2 0 0 0 2 -2 0 0 0 -1 2 0 2 2 0 0 -3 0 1 0 0 3 0 -6 0 0 4 2 1 0 1 0 -1 3 0 4 2 2 2 0 0 0 0 0 -2 0 0 0 2 3 3 -1 1 -6 1 3 -1 0 2 1 0 -3 0 0 0 0 0 -2 0 0 0 0 -1 6 0 3 0 -4 0 0 -1 0 2 0 1 3 -2 0 0 0 2 0 0 -7 -2 0 1 0 0 2 3 0 -4 2 0 0 0 -1 0 2 -1 -3 -4 0 0 -3 0 0 0 3 0 0 0 -4 2 2 0 0 0 0 -2 0 -1 0 -1 -1 -3 8 1 0 0 4 -2 -4 -1 0 2 2 -2 -1 0 0 0 2 0 3 2 -1 0 2 0 0 0 -5 -1 1 0 0 -1 2 0 0 -3 0 2 2 -1 1 0 0 4 4 0 0 1 -2 0 0 38 2 0 3 -2 -1 0 0 -4 -2 -3 1 2 0 -2 0 0 1 0 4 0 -3 1 -1 0 0 -4 6 3 0
-2 0 0 0 1 0 1 -1 0 0 -1 0 0 -2 0 1 -2 0 -4 1 -2 3 -2 0 -2 0 0 0 -2 -2 1 1 1 0 -4 1 2 0 0 0 2 0 0 -2 -1 0 0 0 -1 0 0 0 0 0 0 0 0 0 0 -1 2 0 -2 4 0 0 1 -2 -2 -1 0 0 0 0 0 1 0 0 2 1 1 1 0 3 2 0 0 0 2 0 0 -2 0 0 -1 0 0 0 0 2 0 2 4 -4 3 0 0 2 3 0 0 -1 -2 0 0 0 2 2 2 0 -4 0 0 0 -4 -4 1 2 1 0 3 1 0 0 0 0 -3 0 0 1 0 0 1 -2 0 -1 2 0 0 0 0 0 0 0 0 0 0 2 2 -1 0 1 0 0 0 4 0 0 0 6 1 0 1 -2 -1 0 -3 0 0 0 0 0 0 -4 0 1 2 2 0 0 0 0 -6 -1 2 0 0 1 0 0 0 3 -1 -2 0 0 0 -2 1 0 1 0 -4 -2 0 0 0 0 0 0 -2 0 -2 -2 0 2 0 2 -1 0 1 -4 2 0 0 0 0 1 4 6 1 -4 0 1 0 0 0 -4 0 0 -1 2 1 0 2 -1 -2 -2 2 1 0 0 1 -1 0 0 2 2 -3 0 3 0 0 0 0 -1 0 -1 -1 0 2 26 3 6 -4 0 0 -2 0 -2 0 0 -2 1 -4 -2 0 0 0 0 -2 0 1 -4 0 1 -1 1 0 1
0 0 2 0 0 0 0 0 0 0 2 0 0 -4 -1 1 0 1 0 3 0 2 -4 0 -2 0 2 0 0 -4 0 0 0 0 0 0 1 -2 -1 2 2 0 1 0 0 -4 0 4 -1 0 0 0 0 0 -1 -1 -2 0 -1 0 0 2 0 0 -1 0 0 -5 -1 -5 0 2 -2 0 -1 0 0 1 0 0 0 -1 0 0 1 0 0 1 0 0 3 0 0 1 0 0 0 0 0 -1 0 4 -1 1 2 0 0 -3 2 0 0 0 0 5 -1 0 2 0 -1 0 1 0 2 1 1 2 0 0 -4 -2 1 0 2 2 0 0 -2 1 0 1 -2 0 2 0 0 -2 2 -6 0 0 0 0 -1 2 -2 -2 0 4 0 -1 2 -1 2 -2 0 0 0 0 0 -3 2 0 -1 -1 -2 -2 1 0 1 0 0 0 0 0 0 1 0 -1 0 -2 -1 0 4 0 0 0 0 -1 -1 -3 0 2 0 -4 0 -1 0 0 2 0 -1 -1 -1 0 0 0 -2 0 0 0 -5 0 0 1 0 2 0 0 0 0 0 0 0 0 0 -2 0 2 0 0 0 0 -1 -2 2 0 0 0 0 0 1 0 0 -1 2 0 -2 0 1 -1 0 0 0 0 0 4 -1 0 1 0 -1 0 0 1 0 0 0 -1 2 0 0 3 16 0 0 2 0 -6 2 2 -1 0 0 2 0 0 1 -2 0 1 0 0 0 0 0 0 -4 1 1 0
0 -2 -3 2 -2 1 -2 0 -3 2 1 -1 0 0 -5 0 0 -3 4 2 1 -6 2 0 0 2 2 0 -2 0 2 -2 0 -2 1 0 0 -2 0 0 0 0 -2 -3 -4 -2 -2 0 0 0 0 0 -3 4 2 0 4 -6 0 1 0 4 -4 -2 -2 0 -4 -4 1 -2 0 0 1 0 3 0 0 0 0 0 2 2 0 1 0 0 0 2 0 -2 2 2 4 -2 3 -2 12 -4 0 -4 0 5 0 0 1 -2 1 -2 -3 4 1 0 0 0 0 5 0 -3 2 -3 0 -1 3 0 6 1 0 2 0 -1 4 -3 0 2 -3 0 0 2 0 0 2 0 -1 -2 0 0 2 0 -1 -1 -1 0 4 2 0 -7 2 0 0 2 -2 2 0 6 -3 6 4 0 0 2 0 2 2 -2 2 0 -4 2 0 -6 -2 -2 0 -6 4 0 -3 0 4 -3 2 4 -4 -4 0 0 0 2 -2 2 2 0 -2 0 4 2 -2 0 -4 -4 -6 0 -2 0 -1 0 2 -2 -2 0 0 2 6 1 0 1 -1 0 -5 0 2 -5 -2 0 2 -2 -1 0 4 -2 -3 -2 2 2 -2 0 1 4 6 1 0 0 0 0 1 0 -2 0 -2 -2 -6 0 0 3 -6 -2 2 -6 -3 2 0 -4 -2 0 0 1 1 0 0 0 3 6 0 57 -5 -8 0 -2 1 5 -7 0 -1 -1 -3 0 0 -2 0 3 2 -1 1 -4 0 0 0 -4 0 1
1 -1 3 -1 0 -2 0 -2 0 0 0 1 0 0 1 0 0 0 0 0 6 2 4 0 0 -1 0 0 1 -1 4 0 2 0 0 -3 0 0 0 0 1 2 0 0 0 0 0 0 0 -4 -1 1 0 0 1 4 0 3 0 -3 0 0 1 0 0 0 0 4 -3 0 0 0 -4 0 0 -1 2 -1 4 -4 0 0 0 0 0 0 0 4 -1 1 0 0 0 0 2 4 -1 4 0 0 0 0 2 0 -2 0 3 0 1 -2 -2 1 0 0 0 4 -2 -3 3 -1 0 0 0 0 1 0 0 0 0 0 0 0 0 1 0 0 0 0 1 -1 2 0 -2 3 0 0 -2 0 -1 -2 0 -2 -2 2 0 0 0 1 0 -6 0 4 0 0 -2 -8 0 -1 0 -4 -2 0 -1 0 3 0 0 -2 0 3 0 -1 0 0 0 0 3 2 0 4 3 0 0 0 0 0 2 -4 0 4 0 -4 0 0 1 -2 0 -2 2 2 0 1 3 -3 0 0 0 0 0 0 -2 0 2 0 0 2 2 0 4 3 -8 4 0 0 0 2 2 0 -2 -4 2 4 -2 2 1 2 0 0 0 -1 3 -5 0 0 -2 0 0 0 1 0 -4 -1 0 0 0 0 0 0 2 0 0 2 0 -2 0 0 0 0 -4 0 -2 -4 0 -5 27 0 -1 2 0 2 4 0 2 2 4 0 0 -6 0 -1 -4 1 -2 -2 0 0 2 0 0 0
-4 -6 0 0 0 -2 0 0 -1 -4 2 0 4 0 0 4 0 0 2 -2 2 -2 0 0 0 2 -2 0 -2 0 4 4 0 2 -1 0 6 2 -4 0 -2 -2 5 0 0 0 -2 2 0 0 -2 -2 -1 -2 -1 0 0 -1 -4 -1 2 -2 -4 0 0 0 0 -2 0 0 0 -4 -5 -2 -4 0 2 -2 -1 0 -2 -2 4 0 0 0 0 -1 0 -2 0 0 -2 4 0 -2 -4 0 -2 -4 -4 0 4 -1 0 1 0 -2 3 -2 0 -2 2 3 -2 0 0 2 2 2 0 4 -2 0 -5 0 0 0 -5 -4 -6 6 6 0 -4 3 0 -2 -4 0 -4 0 0 -2 2 2 0 0 1 4 -4 0 -10 4 0 -6 -4 2 -2 0 0 -2 2 -6 1 0 2 0 0 0 -4 -2 -4 -5 0 0 -4 -6 3 0 -3 -2 -2 2 2 -6 0 -3 0 0 2 0 0 -2 -2 2 -2 0 0 1 1 -2 2 2 -4 0 0 0 0 0 1 -2 0 0 -2 2 2 -2 0 2 0 0 0 0 0 0 2 -2 -2 4 0 -4 1 2 -6 4 -2 0 0 -2 0 2 0 0 3 0 0 -4 -3 0 1 0 0 4 1 -4 -6 1 4 0 0 0 0 -2 4 -3 -2 8 0 2 -2 2 -2 0 0 0 -1 -2 1 -2 -1 0 2 -8 0 45 0 0 -2 -2 0 0 -4 0 -2 0 0 0 0 0 -4 -1 0 -3 0 0 -6 -1 -4 4
-2 0 0 1 6 -2 0 0 0 0 4 0 0 0 0 0 1 -2 -8 0 -1 0 0 0 0 0 0 0 -2 0 0 0 0 0 0 4 0 0 0 0 -1 0 4 4 -3 0 0 -4 0 0 0 0 0 0 0 0 0 1 2 1 2 0 0 4 0 0 -2 0 0 0 0 0 0 0 -2 2 0 -6 -1 0 0 -2 0 2 0 0 0 2 0 0 0 0 1 0 -4 0 0 0 -2 0 -2 0 -2 0 3 0 0 0 0 0 0 0 0 1 0 4 -2 1 0 0 -2 0 0 -2 0 2 0 0 0 4 0 0 0 10 0 0 0 -2 0 0 0 0 0 6 0 2 1 0 -3 0 -1 0 0 0 1 0 0 -1 0 6 0 4 4 0 0 0 0 0 1 0 0 0 0 2 -1 2 -1 0 0 0 0 2 0 0 0 0 0 0 3 3 -3 1 0 2 0 0 -2 0 0 -1 0 0 -4 5 0 0 2 0 1 3 -2 3 0 0 0 2 2 0 2 0 0 0 0 0 0 0 0 0 0 0 -2 0 0 2 -1 -3 -2 0 0 0 0 0 0 -1 -5 0 -2 0 0 0 2 1 -4 1 2 0 0 0 0 0 -4 2 0 0 0 0 0 -1 0 3 0 3 0 -1 0 0 1 3 -1 0 0 0 0 0 -1 0 26 0 0 0 1 0 0 3 -2 0 0 -3 1 0 0 1 0 0 -1 0 -2 -4 1 0
-1 4 4 0 -1 5 1 -5 0 2 0 2 0 1 4 2 0 -2 1 -1 2 0 4 -4 4 0 0 -1 0 0 0 0 0 -4 0 0 0 2 1 -3 0 -1 4 3 2 -2 -2 2 0 0 -2 -1 0 0 2 0 0 0 -6 -3 2 1 -2 0 3 0 0 4 2 3 1 -2 -4 6 2 0 -1 0 0 0 2 1 0 0 -1 -5 -2 6 -1 4 2 0 4 2 3 0 0 0 3 0 -2 -8 2 0 -3 0 1 0 -1 -2 1 -2 0 -4 2 0 -2 1 0 -5 2 -4 2 -2 -2 -5 -2 0 0 -4 -4 10 -6 6 0 -2 0 3 0 1 -4 0 0 0 0 2 -1 8 -2 2 -1 -1 1 0 0 0 1 -1 0 0 0 -8 0 4 0 -2 0 -2 0 -1 -2 0 4 -2 4 -1 0 1 -4 0 4 -4 0 2 1 0 -2 -4 1 -2 0 0 0 0 2 0 0 -3 -2 0 2 2 0 0 -2 0 0 -3 1 -2 0 0 0 -1 0 0 -4 0 6 -2 8 0 4 0 4 0 0 -4 -2 1 -2 0 2 0 0 -1 -2 0 0 2 5 -2 -3 9 0 0 0 0 2 0 1 0 -2 0 4 0 -1 0 0 1 8 0 0 -1 -2 -2 0 0 -8 -2 0 -3 0 2 2 0 -4 2 0 0 0 -2 -6 -2 2 0 0 48 2 -1 -2 4 -4 -1 -1 0 -2 -4 4 -1 0 0 2 0 1 0 1 1 2 -1
0 0 -1 1 -4 1 1 5 0 0 0 2 0 0 0 -7 0 2 0 4 1 -1 0 -2 2 0 2 0 0 0 4 2 0 0 5 2 1 -1 -1 -2 4 0 0 2 4 -4 -4 2 6 0 0 -3 0 0 3 0 0 0 0 -12 0 0 0 -2 2 0 1 0 -4 4 4 0 0 4 1 0 -5 2 0 1 -4 1 -4 3 2 1 4 0 -2 -1 0 3 4 0 2 0 3 -4 2 0 -2 0 0 0 1 -2 0 0 -3 0 6 -2 3 -2 2 5 5 0 2 0 1 2 0 0 0 2 0 0 1 -2 -1 1 -1 4 2 0 -2 0 1 0 0 -6 0 1 0 0 0 4 2 0 0 0 0 -2 2 0 3 0 0 1 0 0 -4 -1 -2 0 0 -4 1 4 0 0 2 -6 2 -4 -1 4 6 -3 1 -2 0 -1 0 -1 0 -6 2 0 0 -4 4 1 -4 0 -2 0 -1 2 -4 0 4 0 5 -1 4 -3 2 0 0 0 0 0 -1 0 0 -3 0 -1 6 0 -4 -1 6 0 2 -2 1 0 0 0 0 0 0 -1 -3 -2 0 0 -3 0 0 1 -4 2 -2 0 -1 2 -2 -4 -1 1 -1 1 0 0 2 0 0 0 2 -2 7 -4 2 1 0 0 0 -3 2 -6 2 0 -1 4 3 0 -4 0 2 1 0 -2 0 2 42 -2 1 0 0 0 1 4 0 0 0 0 0 2 1 0 0 2 0 -2 0 3
0 0 0 0 -2 0 0 0 0 1 0 1 -6 0 0 0 3 0 -4 0 5 -3 0 1 1 1 0 0 4 0 -2 0 0 1 0 0 -1 -1 -3 6 0 3 -2 4 0 -2 0 4 3 -2 0 -4 0 -1 2 0 -2 -4 0 0 0 2 0 0 0 0 0 0 0 2 1 0 0 0 0 0 0 0 0 0 0 0 0 2 1 0 -2 0 0 -2 1 -1 2 0 1 1 -2 -2 0 0 -1 0 0 1 -1 -1 0 0 0 0 0 -3 0 0 -1 0 0 -1 2 0 0 0 5 1 2 -4 0 0 -2 0 0 0 0 0 2 0 -2 3 2 0 0 0 0 1 2 -2 2 -1 1 3 -1 0 2 0 0 1 0 1 0 1 0 6 0 3 0 -2 0 1 0 -1 -2 0 -3 0 0 0 0 0 0 4 -1 -4 0 1 0 3 1 -5 3 0 0 1 5 0 0 0 0 1 0 0 1 -1 -4 0 1 0 -4 1 0 0 0 0 0 0 1 0 1 -1 0 1 -2 6 0 0 0 0 0 0 3 0 0 3 -1 0 1 -1 0 0 -3 0 -2 2 -1 -4 0 0 3 3 5 0 3 0 0 0 1 2 1 0 0 0 -1 -1 -1 6 -6 0 0 -2 1 -1 0 -3 -1 0 0 0 0 -3 0 0 -2 -2 2 5 2 -2 0 -1 -2 30 -4 0 1 2 0 0 -3 0 0 0 0 0 0 0 -1 2 -4 0 0 -2
-3 4 8 4 0 -3 0 -2 1 0 1 -3 -2 -2 3 2 1 1 0 -4 2 -1 0 -5 -1 1 0 0 -4 0 2 0 2 0 0 2 -3 2 -4 1 0 -2 0 0 0 3 2 -1 0 -4 -1 0 1 0 0 1 2 7 -1 1 1 -3 2 -2 2 5 0 5 2 -2 -1 0 8 -2 0 4 1 -4 1 0 0 0 6 -1 0 -4 0 3 0 -2 0 2 -4 0 0 -1 0 4 0 1 0 0 -3 -1 0 2 0 2 0 2 -2 0 -2 1 0 5 0 1 0 6 2 1 -2 4 -2 5 0 0 2 0 0 -2 4 -4 0 0 0 -4 -5 1 -2 0 0 2 0 -2 0 1 5 0 -5 2 -1 -1 0 0 0 0 -2 -3 -4 2 -2 1 -1 0 -2 1 1 -1 2 0 6 0 6 -4 1 -4 2 -4 -1 3 0 3 0 0 2 0 -4 -2 0 2 0 1 2 3 0 -2 4 -4 2 -4 4 2 2 -1 4 -2 5 3 -2 1 0 2 2 0 0 -2 0 0 0 0 -2 7 2 0 3 -2 3 0 -8 4 0 2 2 -2 1 -1 0 -2 1 -2 0 1 1 4 -2 -4 -1 -1 -4 0 0 -2 -2 0 1 2 0 2 -2 4 0 -5 0 -4 -3 -4 0 2 -1 0 0 5 -2 0 -2 0 -1 0 -3 0 -1 -7 4 0 1 -2 1 -4 49 -3 -2 -2 4 0 -1 0 4 0 -4 3 -1 -2 -1 0 1 0 0 -1
2 0 0 2 -2 0 4 -2 0 0 0 0 -1 -3 0 0 -1 0 0 0 0 4 -3 1 1 0 0 -2 0 0 4 2 0 -1 0 0 0 0 0 -1 -1 0 0 0 1 -5 0 1 0 -1 2 -2 0 4 -1 3 -1 -1 0 3 0 0 1 -1 0 0 2 0 0 0 0 -4 0 0 0 -4 0 0 0 0 -2 0 2 0 0 0 0 -1 0 -2 -4 0 0 2 0 -1 0 1 0 -2 0 0 -2 -1 -2 0 2 0 0 0 0 0 0 0 0 0 3 1 0 -2 0 0 0 0 0 3 0 -1 2 0 0 -3 -3 4 0 0 0 4 2 0 4 1 1 -4 0 0 0 1 -7 -4 -2 2 4 5 -2 0 0 2 -1 -2 -2 1 0 -1 0 0 2 0 0 2 -1 0 2 0 1 0 0 0 0 -4 0 1 1 0 -1 -2 -2 -1 0 0 0 3 0 -2 5 -2 1 0 -2 0 -1 0 1 1 4 -1 0 -2 0 -1 0 0 1 -1 0 1 0 2 0 2 2 -1 0 0 1 0 -1 0 0 2 1 0 0 0 -1 3 -4 -2 1 3 -1 0 -2 2 0 0 0 -1 -2 0 1 -4 2 -4 1 2 -1 -1 0 0 1 -2 1 -4 0 2 1 0 -2 -1 0 0 0 0 -1 0 4 1 0 0 1 0 0 0 0 0 0 4 0 0 -3 25 0 -2 1 0 0 1 0 0 0 0 3 0 0 0 0 0 0 -4
0 -4 0 0 0 -3 0 -4 0 0 1 -2 0 -2 -2 -2 -1 0 3 1 2 0 -2 0 2 3 -2 -1 6 2 2 0 0 1 2 -4 2 1 -1 -2 0 0 0 -4 1 -1 2 1 -1 1 -6 0 0 -4 -1 1 0 3 6 0 0 0 3 0 2 -1 4 5 -2 0 1 1 -2 -2 1 -1 0 1 0 -1 -1 2 3 -2 0 4 0 -4 0 2 -1 0 0 2 2 0 0 2 2 -2 -2 1 -12 0 -1 0 0 3 -2 0 0 1 -1 -2 0 -2 2 -6 0 2 0 -4 0 0 0 -2 -2 1 0 -4 0 -5 0 -6 -3 0 0 0 0 -1 0 3 0 0 1 1 0 -6 0 -4 5 0 2 0 -1 0 0 0 0 2 0 4 -4 -3 0 0 0 1 0 0 -1 -4 -1 2 -3 1 0 6 3 0 -2 4 2 2 -4 -3 3 1 0 -8 1 2 -1 1 -3 -2 2 0 -2 -2 -1 0 0 1 -3 -1 0 0 5 0 -1 -3 2 0 2 1 5 4 -4 0 0 1 -2 0 4 2 0 2 0 0 4 4 0 0 4 0 1 1 0 -2 1 2 0 4 0 -2 1 4 -1 4 0 0 0 0 -1 4 0 -6 -2 0 0 6 2 0 5 -4 -1 4 7 -3 0 2 -1 -3 2 0 -2 0 1 0 2 -2 0 -1 2 -4 0 -4 0 1 -2 0 40 0 0 0 1 0 0 0 0 -2 0 -2 0 -2 -1 1 4 1
1 0 -1 0 2 1 -1 0 4 0 0 1 0 4 3 2 0 1 -2 2 0 4 8 0 0 0 0 0 -4 0 0 2 1 0 -1 -1 0 0 0 0 0 2 0 2 0 0 0 4 0 2 -1 1 -2 -1 0 0 -3 -2 -2 0 1 0 -1 4 -2 0 0 -2 -4 0 0 1 0 0 0 0 2 0 -4 0 0 0 2 1 2 0 0 -4 0 -4 -4 0 -2 0 0 0 -3 -3 0 0 1 0 0 0 -1 0 0 -4 2 0 0 1 0 0 2 0 -2 0 -4 2 1 0 0 0 1 2 1 0 0 -1 0 0 2 5 0 0 0 1 -4 0 0 0 4 -1 0 1 1 1 0 2 -3 0 -2 0 -4 0 0 0 0 0 0 0 -2 -1 3 -2 -2 0 1 -2 -2 -2 -1 0 -4 0 1 0 0 3 0 2 0 0 2 1 3 0 1 1 -1 0 0 2 -1 -2 -4 1 0 0 0 1 2 2 -2 0 0 -3 1 2 0 0 0 -2 -4 0 2 0 0 0 -1 2 0 0 0 0 0 -4 2 -2 0 0 2 1 0 1 -4 3 -2 0 -1 0 1 0 -2 -2 -3 0 0 0 -1 0 2 -2 0 0 0 3 0 0 0 0 0 0 -2 6 0 1 -1 1 0 1 0 2 0 -1 -2 5 0 -2 0 1 2 -1 2 0 3 -1 0 2 -2 -2 0 31 0 0 0 -4 0 0 0 0 -4 0 1 1 0 2 4 2
0 1 5 2 1 0 1 -6 1 0 -2 0 1 0 -4 0 0 0 -2 0 2 0 0 0 0 -1 0 0 0 -5 0 2 -2 0 0 0 0 -2 4 0 3 1 0 0 0 -1 0 1 2 0 0 0 0 0 -1 0 0 4 -2 -1 -2 -1 2 -2 1 4 1 0 0 0 3 2 0 0 1 -3 4 -1 0 0 1 1 2 0 0 0 1 0 0 -1 0 0 0 0 0 0 0 5 1 -2 -4 -1 2 0 0 4 0 -2 4 -1 -2 4 0 4 0 2 4 0 2 1 5 0 2 0 0 0 0 0 2 -1 2 -3 1 -2 -2 0 -2 0 0 0 2 0 -2 0 4 0 0 0 2 1 2 1 0 -2 -2 -1 2 -1 0 -5 0 -2 0 2 -1 0 -2 0 0 0 0 -1 0 0 0 2 4 -3 0 -2 0 3 0 0 1 -2 0 -4 0 0 1 -1 1 0 0 6 0 0 -1 0 -4 -4 3 0 -4 -6 -3 -1 -1 0 -4 6 5 1 4 -5 1 3 -1 -2 0 -2 -2 -1 0 -1 -1 1 2 0 3 2 0 -1 1 0 3 0 4 2 0 2 0 0 -3 0 0 4 -1 0 -4 -2 4 1 0 0 -2 2 0 0 0 0 0 2 -2 5 1 0 0 0 0 3 2 1 1 -2 3 0 0 0 -2 -4 0 -3 4 -2 -2 -1 1 0 4 1 0 0 33 6 0 0 0 -2 -2 2 0 0 0 1 2 1 -2 5
0 -1 -3 0 -5 1 -1 0 0 0 0 1 2 1 -4 -4 3 0 2 2 0 0 0 0 0 0 0 2 4 0 0 1 2 -1 -2 1 -2 0 0 -1 1 1 0 2 2 0 -1 0 0 -2 -2 0 0 1 0 -3 1 2 -2 5 -1 1 -1 0 0 -2 -1 0 0 1 2 2 0 -4 0 0 -2 2 0 -4 0 0 0 0 -1 0 4 0 -3 0 2 0 4 4 0 -2 2 0 -2 2 0 0 0 -2 0 -4 0 0 0 0 1 3 -2 1 0 0 8 0 0 -1 1 2 -1 -1 -2 0 0 0 0 0 -14 0 0 1 0 0 -3 0 0 0 2 0 2 -1 1 1 -1 0 -3 0 1 0 0 -1 0 0 2 -3 7 0 2 -1 0 4 1 -1 0 -5 1 0 -2 -2 0 -2 0 0 -2 -3 6 0 0 -2 0 -2 -1 -1 -2 0 4 0 2 0 0 0 0 4 -2 0 0 1 -3 0 0 1 -6 -4 0 1 -4 0 -2 0 0 0 5 0 2 2 0 0 6 0 0 0 0 1 0 -2 0 0 -1 2 2 -2 -2 3 -4 2 4 0 0 0 0 -3 0 1 -1 8 -2 0 5 -1 -2 4 2 2 0 -1 -1 1 -2 -2 2 0 -3 0 2 0 0 0 0 1 3 1 2 -4 -1 4 0 0 0 -2 0 0 0 0 0 0 4 0 0 0 0 0 6 32 -2 2 0 -2 1 4 0 -1 2 3 -4 0 -2 4
0 0 3 0 4 1 4 -3 4 1 2 0 2 -2 -7 1 -7 -2 1 -1 -2 3 1 2 -1 1 1 -1 0 -4 0 0 0 0 6 -2 1 0 0 -4 -2 0 -1 -3 0 0 0 1 1 -1 0 0 0 2 1 3 0 3 -2 0 0 -2 -2 0 0 0 0 1 0 -1 -2 1 0 -4 1 1 0 0 0 0 0 -1 0 0 -1 2 -1 0 2 7 -3 -3 -2 0 -4 0 0 0 0 -1 0 -1 0 0 0 -2 1 0 0 0 0 -3 2 -2 2 4 1 -4 -2 1 2 0 1 0 1 0 -2 3 0 3 -2 -2 4 0 1 0 -1 -2 0 0 0 -1 0 -1 0 0 0 -2 2 2 -2 0 4 0 2 0 0 2 0 0 0 2 0 2 1 -1 0 4 -1 -1 2 0 0 0 -2 -3 3 1 1 -2 0 2 -3 2 0 2 0 0 0 0 0 -2 -3 -2 0 0 0 3 -1 2 2 0 4 0 2 0 0 0 0 0 0 -1 1 -2 0 -2 0 0 -2 1 0 -1 0 -4 0 0 0 -2 0 0 3 0 -3 -1 0 -2 -1 1 1 0 0 0 0 1 2 0 1 0 -1 3 -2 1 1 2 0 0 1 0 -3 -2 2 0 2 -1 -4 0 -1 -3 -5 -3 -2 -6 -2 0 -5 0 0 2 -1 0 0 0 1 0 0 0 0 -2 0 -3 -1 0 1 0 0 -2 31 -1 0 0 0 2 2 2 0 0 4 0 1 0
0 0 -1 0 -2 3 2 0 0 0 -2 0 0 0 0 -2 2 2 2 2 -8 0 -2 -1 -2 0 0 1 6 0 -4 6 -2 0 -1 -1 2 0 0 0 0 0 0 2 0 2 0 0 0 0 0 -3 4 -1 2 -1 1 2 2 2 1 -2 0 -3 4 0 0 -3 4 0 0 -4 0 -2 0 0 0 0 -5 4 0 0 -2 0 -2 0 0 0 -2 -1 0 0 0 0 -2 -2 2 1 -4 -2 0 0 6 -2 -3 2 0 0 0 0 -4 -2 -1 0 0 -4 2 -2 0 -2 -3 0 3 2 -5 -2 0 0 -6 1 0 -5 4 -7 -3 0 0 0 0 2 1 -2 0 -2 -1 -2 0 1 2 0 0 0 -1 -7 0 3 -1 0 -2 -2 0 -2 0 2 0 4 0 0 3 4 0 6 0 3 2 0 2 2 -2 -4 -2 4 2 2 4 -3 4 0 0 -7 1 0 0 -2 0 0 2 0 0 0 2 0 2 -2 -3 0 2 3 4 -2 0 0 1 0 0 0 0 0 0 -3 1 1 0 0 0 0 0 -4 0 2 -3 -4 -3 -1 -2 -4 2 -1 2 2 0 -1 2 -4 2 0 0 0 -2 0 -2 0 -6 2 0 0 0 3 0 0 0 -3 -8 0 2 -4 -2 3 1 -1 1 -1 0 0 0 0 2 -2 1 0 1 0 -2 -2 -6 0 -3 -4 0 0 0 1 0 -4 0 2 -1 47 0 2 -4 0 1 2 -5 0 -1 -2 -4 0
-2 -4 0 -1 0 0 2 0 0 2 0 0 -2 0 -2 0 0 0 -6 -2 0 -2 -1 0 2 -1 1 0 -5 -6 -4 2 0 -1 -2 0 -2 0 -2 0 2 4 0 0 0 1 0 1 -1 1 -2 0 0 2 0 0 0 -1 -2 0 3 0 0 -2 1 0 0 1 0 0 3 1 2 -4 0 2 2 0 0 -1 -1 0 1 -1 1 -3 -2 0 0 0 0 4 0 3 1 0 2 -2 -2 0 1 1 0 0 0 0 1 1 -2 0 0 0 1 -2 0 1 -2 2 0 -1 0 0 0 2 1 4 -2 1 0 -6 0 0 0 3 0 -2 0 2 1 0 1 0 0 0 2 -2 -3 0 0 -1 0 0 -1 2 0 -2 0 0 -2 0 0 0 0 -2 -1 0 -1 0 0 0 0 2 0 0 0 -2 -2 1 3 6 -1 0 2 -1 -2 -2 0 0 -2 0 -1 -1 0 -4 -1 -2 2 0 2 2 1 -1 0 -1 0 0 -1 0 1 -5 -4 1 0 0 0 0 0 -2 0 1 0 -1 -1 -1 1 0 -2 -6 0 0 0 7 1 1 -4 0 0 -3 0 2 0 0 1 4 0 1 0 -1 -1 0 1 0 0 0 -6 2 0 1 2 0 0 2 -2 -1 3 0 0 -2 -1 -1 0 0 -1 1 3 0 2 0 0 0 0 0 0 0 0 0 1 4 0 0 4 0 0 0 0 0 0 0 30 0 0 -1 0 2 2 0 -1 -1 0 1
0 0 -1 1 -2 0 0 0 0 -1 0 -1 0 -2 0 4 -2 1 1 0 -2 -2 2 2 0 -3 0 0 0 0 -1 6 -1 0 -1 0 0 0 2 1 -2 -5 0 -1 0 -2 0 0 4 2 0 0 0 0 0 0 6 0 1 0 0 0 0 -1 -3 0 0 0 -1 0 0 -1 1 0 -1 0 3 0 0 0 0 -2 0 0 -1 0 0 0 -2 0 -1 0 0 -1 -1 -1 1 -2 0 0 0 2 0 -2 0 -1 0 0 2 1 0 0 2 0 -4 0 -3 0 2 -2 -1 1 1 1 0 3 2 4 0 0 0 -1 0 -2 -3 1 -2 0 0 -3 -1 -6 1 -2 0 -2 0 0 2 -3 0 0 0 2 0 -1 -1 -1 -2 0 1 -3 1 0 0 2 4 -4 2 -3 0 0 1 0 -1 0 0 -1 0 0 0 0 0 3 -2 1 -4 1 -4 1 4 -1 2 0 2 -2 0 3 -1 -3 0 0 0 3 -1 1 0 0 1 0 0 -4 0 0 0 -3 0 -1 -1 0 4 -2 0 0 0 1 0 0 2 8 2 1 -2 1 -1 -2 0 -1 1 2 1 0 -4 -6 0 0 0 -2 -2 -1 -3 0 0 2 0 0 -2 -1 0 3 -1 0 4 2 0 0 1 -2 0 0 0 2 0 0 0 0 0 0 0 0 4 0 1 3 -1 0 0 -1 0 0 0 0 0 0 -2 -2 0 2 0 31 1 0 1 0 1 -2 0 1 1 -2
0 0 -2 -1 0 0 0 -2 -2 1 0 1 1 0 0 0 0 0 2 4 -2 -2 0 0 2 0 0 -2 0 1 2 0 2 0 0 0 2 0 0 0 0 2 -1 3 0 -1 0 0 0 0 0 0 0 0 -3 1 -1 -3 0 0 -2 4 4 -2 -8 0 0 0 0 4 0 5 0 0 2 0 0 0 0 0 0 0 0 0 0 0 0 0 0 0 -2 -1 0 0 0 0 4 -4 0 0 0 0 -4 0 0 -2 -1 0 -2 0 1 1 0 0 0 -4 0 2 -1 0 -2 0 0 0 0 -2 0 0 0 4 0 -2 0 0 -2 4 -1 0 0 -2 0 0 0 0 1 0 0 0 -2 -4 0 0 2 0 0 0 4 0 2 4 1 0 0 -4 0 -2 0 -2 0 0 -2 2 2 0 -4 2 0 6 0 2 2 -2 0 0 2 0 0 0 0 0 0 4 1 0 0 0 0 0 0 0 0 4 -2 0 0 0 0 0 -2 0 2 0 0 0 0 0 0 2 0 2 0 -6 -1 0 0 2 -2 4 4 0 0 4 0 0 2 0 -2 -1 0 0 0 0 0 0 0 1 0 2 -4 0 0 -1 0 0 0 0 0 1 -2 1 0 0 6 1 2 0 2 -4 -2 0 0 -1 0 -3 2 0 0 0 -1 0 0 -2 0 2 -4 -4 0 0 0 0 -4 0 0 0 -2 1 0 -4 0 1 25 -2 1 -2 2 0 0 1 0 0
3 -1 6 0 2 0 -2 4 4 0 0 0 1 2 -3 2 2 -2 0 0 1 0 0 -1 0 0 0 2 3 1 0 -1 0 1 -2 1 -6 -1 0 -2 0 -4 0 1 0 4 0 -2 0 0 0 0 0 1 0 4 0 5 2 1 1 1 -3 0 0 3 0 0 0 1 -3 -2 1 1 2 1 0 0 0 0 0 -2 -4 2 3 0 0 0 4 2 5 0 0 -2 1 0 0 5 0 5 0 0 -2 0 0 -1 0 -2 -1 0 -1 2 0 5 1 5 2 1 -3 -2 0 4 -1 -5 0 1 0 -2 1 -2 2 0 0 -3 0 0 1 0 0 0 2 0 0 0 0 3 0 0 1 2 3 2 0 0 -2 0 0 -2 4 -2 0 0 -2 0 -1 -2 0 -2 0 0 -2 0 0 1 -1 1 0 -2 0 1 0 0 0 3 2 1 -3 4 1 0 1 0 0 1 0 0 -2 0 -1 -1 2 -2 6 2 8 -1 0 0 -2 0 0 -3 0 -2 1 0 -2 0 -2 0 4 0 1 2 0 0 1 0 1 0 0 0 -2 -2 0 0 1 1 0 0 1 -4 -2 0 0 2 0 0 2 6 -4 1 0 -1 0 0 0 -5 -1 0 -2 1 2 1 8 0 0 0 -2 0 -4 1 1 0 -4 0 -1 -2 0 0 -3 0 0 -1 1 -1 1 0 2 0 3 0 -2 0 2 4 2 0 -1 0 -2 32 -4 -1 6 2 -2 0 0 0
0 0 -6 0 2 3 2 -4 -4 0 -3 4 0 -2 0 6 -2 0 0 0 0 -1 1 0 -2 0 0 -2 -2 0 0 -4 -2 0 0 1 0 0 0 -2 0 0 0 0 2 -2 2 0 0 0 0 0 0 3 2 -2 0 -2 0 0 0 0 -2 3 0 0 -4 -2 0 -2 2 0 0 0 1 -1 -4 0 -1 0 1 0 1 0 1 0 0 0 0 -4 0 0 0 -2 4 0 4 0 0 -2 0 0 0 -2 2 2 0 0 -1 0 -4 -2 0 4 -2 0 0 0 4 -1 0 0 1 -2 0 0 0 0 -2 0 0 0 -13 0 -2 0 -8 0 0 0 -2 -3 1 -2 0 0 1 0 4 -2 -2 0 6 0 0 -1 -2 -5 -1 5 1 -2 0 0 0 -2 -2 1 -4 0 0 0 3 0 0 0 1 1 0 0 -2 -1 -3 0 1 -2 2 0 0 0 0 1 0 0 4 6 0 -2 1 0 -2 2 -6 -1 -1 0 -2 1 0 -2 0 -1 0 -2 1 0 0 0 2 1 0 -1 0 -3 0 2 0 1 2 0 0 -1 4 4 2 0 0 3 0 -1 1 1 -2 1 -3 2 -1 5 0 0 2 0 0 4 0 0 0 0 0 1 -1 1 0 0 -4 0 0 0 4 1 -5 0 2 0 -2 0 4 0 1 1 1 1 0 1 -2 0 0 2 1 0 -1 3 0 -4 0 0 2 1 0 1 1 -4 36 2 0 0 3 1 0 -1
0 0 -2 7 -1 2 -2 0 -2 2 -2 0 2 12 0 2 -2 0 0 -2 -5 0 0 0 0 -2 2 2 4 -1 -4 -4 -1 2 0 1 -2 -2 -2 0 -2 0 0 0 2 1 2 0 0 2 2 -1 2 2 2 -2 0 0 -4 -4 2 -10 2 0 -6 0 0 0 1 0 -2 2 4 0 2 8 0 4 -4 4 -2 -2 0 -4 0 -2 -2 0 0 -2 4 0 0 -4 -2 1 1 -2 0 3 0 0 6 -2 0 1 2 0 1 1 -1 0 1 -1 0 0 -7 0 0 0 0 0 0 -1 2 4 0 -2 0 -4 -4 5 -2 -3 -2 0 2 -2 6 0 -1 -2 0 -2 0 1 0 0 3 0 -1 0 0 -5 0 0 -2 0 -6 1 2 -5 4 -1 2 2 -4 2 0 -2 0 0 0 4 -2 -2 0 0 4 -1 -4 0 4 8 -5 2 2 -1 0 -2 -2 -8 2 0 2 -4 -4 0 -2 5 0 0 3 -2 -1 -1 0 -1 4 0 0 -6 0 2 0 -2 -4 4 0 2 0 -2 2 0 -4 0 -2 2 0 0 -2 0 0 -8 -2 0 2 0 2 0 4 2 0 6 4 0 -2 4 -2 1 -2 0 -6 -4 -2 4 2 1 0 0 2 0 -2 1 0 0 0 -7 0 4 -1 6 2 0 -2 -4 -1 0 -2 0 -1 -4 0 -4 -2 -3 0 0 0 0 -2 0 -2 0 0 -1 2 2 2 0 -2 -1 2 54 0 2 0 -2 6 0
1 2 -1 0 0 2 0 0 0 0 -1 0 0 0 0 2 -1 0 1 0 0 2 0 0 0 0 0 -1 2 2 -4 0 0 0 -1 -2 -6 0 0 -2 0 1 0 -1 0 2 0 0 0 2 0 0 0 0 -2 4 0 0 -1 0 -6 0 0 1 -2 0 0 0 0 -2 0 -2 1 -4 4 0 1 2 0 0 0 0 -2 0 -1 1 0 0 3 2 0 -2 -1 0 2 0 -2 -3 0 6 1 0 -4 -1 0 -4 0 2 0 1 0 0 0 -3 0 0 0 1 0 0 0 1 -8 -5 0 2 1 0 0 0 0 0 0 0 0 0 1 0 -2 -1 -1 1 0 0 2 -2 1 -2 -4 0 -1 -2 1 0 0 0 0 1 7 0 0 -4 0 -4 0 0 0 -2 -1 -1 -1 0 1 0 0 0 0 0 0 -1 0 -2 0 0 1 -5 -4 4 -2 0 0 0 0 0 -1 2 0 -1 0 0 0 0 0 0 0 0 0 0 -7 -1 0 -2 -2 0 2 0 0 0 0 0 4 0 -4 -4 0 0 1 0 -2 -2 -2 6 1 2 -4 2 -4 4 0 0 0 0 -2 -1 -1 0 0 1 0 -2 0 0 1 0 -4 0 -1 1 -2 0 1 -3 2 -1 -4 2 1 0 0 0 0 0 0 0 0 1 0 0 0 -1 0 0 0 0 0 0 -1 1 0 -1 -1 0 0 1 0 2 0 -5 2 1 2 6 0 0 24 0 0 -4 0 0
0 0 0 0 0 1 0 0 0 0 0 0 -1 1 0 0 2 0 1 0 0 0 0 2 0 0 0 1 0 0 0 0 1 1 0 4 0 -1 0 0 0 1 0 0 0 0 0 0 -2 0 0 0 0 0 0 0 -2 -1 0 0 0 -1 -2 0 0 0 0 0 0 0 2 0 0 0 0 -1 -1 1 0 -2 1 0 -2 1 0 0 2 0 1 0 0 -2 2 0 0 0 -4 0 0 0 0 0 0 2 0 0 0 -2 2 1 0 0 0 1 0 0 0 2 0 0 0 0 1 0 -2 0 4 0 0 0 -2 0 0 0 4 0 1 0 0 0 0 1 0 0 2 -3 0 0 0 1 -1 0 0 -2 0 -2 0 0 0 0 0 0 0 0 0 1 0 -1 0 0 0 -1 0 -1 0 0 0 -2 2 0 0 -3 0 0 1 -2 2 2 0 -2 0 0 2 0 0 0 -1 -1 0 0 -1 -1 0 -1 0 -2 0 0 -1 0 0 0 0 -2 2 -2 -2 0 0 0 3 0 0 0 0 0 0 0 0 0 0 2 0 -2 0 1 0 -1 0 0 0 0 -4 0 0 1 2 0 2 -2 -2 0 -2 0 -2 0 0 -2 0 0 0 0 -3 0 1 2 2 1 0 0 0 -1 0 0 1 -1 0 3 0 0 0 1 0 0 0 0 0 0 2 2 0 0 -2 1 1 3 0 0 0 -2 0 2 0 2 0 11 0 0 1 0
0 6 -4 0 2 0 0 -4 2 0 -4 0 0 -2 9 6 0 0 1 1 0 2 0 0 0 0 -1 0 2 8 0 -2 -4 -6 0 -6 0 -2 6 0 8 0 1 0 0 4 2 -5 0 1 -2 0 1 6 0 0 4 -6 -2 -4 0 1 0 2 -1 2 -3 4 0 -1 0 0 0 5 2 -2 -2 -4 3 0 -1 0 1 0 0 0 0 0 6 0 0 0 0 1 0 0 2 0 -1 2 0 1 4 4 -1 0 0 2 4 -1 1 0 0 2 0 2 0 -2 -2 -4 1 0 -4 0 4 2 0 0 10 0 2 0 2 -2 0 -4 -2 -2 0 1 0 0 0 0 -1 0 0 2 0 2 4 0 0 0 0 0 0 -4 -5 0 -4 5 0 2 0 1 -1 0 0 -3 4 0 2 2 2 3 2 3 0 -2 0 1 -4 2 4 0 0 4 -3 0 0 0 -2 1 2 0 4 -7 1 2 1 -4 2 0 2 -6 0 0 -2 0 6 4 3 -2 0 -2 0 0 1 0 2 0 0 3 -2 -2 -4 -2 0 0 -2 1 1 0 -2 -1 4 -4 0 0 -3 2 0 5 -2 0 1 -1 0 0 1 -2 0 2 2 0 4 0 0 0 0 2 3 0 -4 2 2 -2 0 1 -2 0 -4 0 -5 4 -1 0 -1 0 -4 -1 -4 0 2 -6 -2 1 0 -4 1 0 -1 0 2 -4 4 -1 -1 0 0 -2 3 0 0 0 48 2 -3 0
0 0 2 2 1 0 0 0 0 1 -2 1 2 2 -5 2 0 -3 3 1 4 0 0 0 -1 -1 1 0 0 0 0 0 0 -2 2 0 2 0 0 3 2 -2 2 -2 -2 -4 5 2 0 -4 0 0 1 -1 2 -2 -2 -4 4 2 -2 1 2 -3 -1 0 1 -1 2 -1 -1 7 -1 -2 -3 1 0 1 3 0 -2 2 2 0 0 2 0 -1 -3 2 -1 -2 -2 0 -2 0 0 0 -3 6 -2 -8 -2 2 2 -1 0 2 -1 1 0 5 -3 6 0 -2 2 5 0 0 4 1 0 -2 3 0 0 0 0 0 5 3 -1 1 2 -3 0 0 0 -1 4 -2 -2 0 3 -6 -2 6 -1 6 1 5 0 2 0 0 -1 0 -1 0 1 0 1 0 -1 -4 0 -1 0 -4 2 -4 -1 1 2 3 3 -2 -3 0 0 2 0 4 -2 0 2 -3 -1 4 -3 2 0 -2 -3 -1 -2 0 -8 1 0 2 2 1 0 -1 -3 0 2 -3 3 -2 0 -4 0 0 -2 0 0 2 -4 -2 -8 0 -2 2 2 2 1 2 4 0 0 -2 4 0 1 2 0 4 3 -6 1 0 -1 0 -4 -2 -1 0 -1 0 2 2 0 0 4 -3 0 0 2 0 2 1 1 2 2 0 2 1 -1 2 0 0 0 0 1 -2 0 0 6 1 1 -4 0 -1 -4 1 -2 0 0 0 1 2 1 0 0 -2 -1 1 1 0 1 -2 -4 0 2 47 1 1
0 4 4 2 2 0 0 -2 0 0 2 0 -1 0 3 2 0 -2 -2 -2 0 -2 0 2 0 0 0 0 -2 -4 0 -5 -1 2 0 -2 1 3 1 -2 -4 0 0 0 -2 0 0 2 1 0 -2 -1 0 2 0 -1 -2 -2 1 0 1 -1 -2 -3 0 0 1 6 0 2 0 1 3 0 -1 -1 0 2 0 -2 -1 4 -2 0 3 0 0 -2 0 0 -4 0 0 0 0 0 0 4 0 4 -2 -1 6 2 1 6 0 -2 -2 -2 0 -6 -4 -2 1 0 -1 0 0 -2 0 -2 0 1 2 0 0 0 0 -1 2 2 -2 3 2 0 0 0 0 4 -3 -2 -3 2 0 4 0 -1 0 -1 -4 -1 0 -6 -2 -3 0 4 3 3 4 -1 -1 -2 0 -1 0 2 1 0 -2 -5 2 3 2 0 -1 -2 0 0 0 0 -1 0 -5 0 3 0 2 3 0 -1 -3 2 2 -2 0 0 0 4 0 0 0 1 0 7 -1 -2 -1 0 -2 -2 1 1 0 -2 -1 4 -2 2 -1 0 4 -2 1 0 0 -1 0 0 1 -2 3 1 0 -1 -1 0 2 0 0 0 0 0 -2 0 -2 0 0 0 -2 -1 1 -8 0 5 1 0 2 1 0 -1 -1 0 0 1 -3 0 5 -3 -1 -1 0 0 4 0 -6 2 -4 -1 3 0 1 0 0 -4 1 2 0 0 0 0 4 4 -2 -2 1 -4 0 1 0 0 0 6 0 1 -3 1 38 -2
2 -3 0 0 1 -1 -1 2 -1 0 -2 1 2 -2 -2 0 -3 -3 -1 0 -2 1 0 0 3 -2 0 1 -4 0 5 0 2 -2 0 2 -1 2 0 0 4 6 0 0 0 0 -2 0 2 0 -4 -4 -1 2 2 2 -3 -1 -2 1 2 -4 -4 1 0 0 -2 3 -2 -4 1 7 0 -2 2 -2 -2 0 0 0 1 -2 0 1 1 0 0 1 0 -4 0 0 -2 0 0 0 0 -2 0 0 2 -3 0 -4 0 0 1 0 0 0 0 0 0 0 -1 2 0 0 0 -4 0 -1 -2 -2 -2 2 5 1 2 -1 0 0 6 1 0 0 2 2 -1 0 -2 0 0 5 -1 4 1 2 -3 7 3 0 -3 -4 1 1 2 1 0 -1 0 -2 0 0 2 0 0 2 0 0 0 0 0 0 -1 0 0 -1 0 2 0 -2 0 -1 0 0 0 -2 1 2 6 0 1 0 -1 4 0 0 -1 0 -2 2 1 2 0 -4 3 0 -3 0 0 2 -2 -1 -1 0 0 4 0 -2 0 2 0 -2 1 1 -1 4 -5 -2 2 3 0 0 -1 2 1 2 0 0 -1 0 1 1 0 0 1 5 1 -1 -1 2 2 0 -3 2 0 4 0 -2 -2 2 0 2 -2 0 0 -1 -1 0 0 1 4 -2 1 0 -2 0 0 1 0 1 0 1 0 4 0 -1 3 -2 -1 -4 1 2 5 4 0 0 1 -2 0 0 -1 0 0 0 0 1 -2 29

Q_cnstr 
18 0 0 -1 0 0 -1 0 -1 0 0 0 0 -1 0 0 1 2 0 0 0 1 1 0 0 1 -1 1 0 0 1 0 0 1 1 0 0 -1 2 0 0 -1 2 0 0 2 0 1 1 2 1 2 -1 0 0 0 -1 0 1 1 0 0 0 1 1 0 1 0 0 0 0 0 1 0 0 2 0 1 0 0 2 1 0 1 1 0 -1 3 0 0 0 -1 2 0 0 0 -1 1 -1 0 0 -1 1 0 -1 0 0 -1 0 1 -1 0 0 2 0 0 0 1 1 0 -1 1 0 1 2 0 0 0 1 0 -1 2 1 1 -1 2 0 0 1 0 -1 1 -1 1 0 -1 0 0 1 -1 2 2 0 -1 0 1 -1 0 0 -1 0 0 0 1 1 0 -2 1 1 0 0 -1 1 -1 -2 -1 0 0 1 0 0 -3 -1 2 1 -1 -1 0 0 0 -1 -1 -1 0 -1 -1 -1 0 1 0 0 0 0 2 0 1 0 -1 0 -1 0 0 0 1 1 2 -1 0 1 0 1 0 1 0 1 3 -2 -2 0 0 1 1 0 0 -1 0 0 -2 1 0 0 0 0 0 -1 0 0 0 0 1 0 0 1 1 -1 2 -2 0 1 1 1 -1 2 1 0 2 1 0 1 0 1 0 2 -1 -1 -1 0 0 -1 1 0 -1 0 1 1 1 -1 2 0 -1 0 0 0 -1 0 0 0 -1 0 1 1 0 0 0 0 2 -1 -1 1 -1
0 13 0 0 0 0 0 1 0 0 0 0 0 -1 1 0 2 0 0 -1 1 1 -1 1 1 1 0 0 1 0 -2 0 0 0 -1 0 -2 0 0 1 0 -1 0 1 2 0 -1 1 0 1 1 1 0 0 0 0 0 0 1 0 0 0 0 0 -1 -3 -1 1 1 1 0 0 1 1 0 0 0 0 0 0 1 0 1 -1 0 0 0 0 0 0 0 0 0 1 -1 0 -1 1 0 0 0 -1 1 0 -1 1 1 0 0 0 1 -1 1 1 -1 0 0 1 1 0 1 0 0 0 0 0 0 1 1 0 0 -1 0 0 0 0 0 0 0 1 0 0 0 1 0 0 -1 0 0 0 0 -1 0 1 1 0 0 0 0 0 1 0 -2 1 0 1 -1 -1 -1 0 -1 0 0 0 0 -1 -1 1 0 0 0 0 1 1 0 0 -1 -1 1 -2 0 0 2 0 -1 0 -2 0 0 0 0 1 1 -1 1 0 -1 0 1 -1 0 -1 1 0 0 0 2 0 0 0 1 0 0 -1 0 -1 0 -1 1 -1 -1 0 0 0 0 -1 -2 0 1 0 0 -1 0 0 0 0 0 0 0 0 0 0 1 0 0 0 -1 0 0 1 0 1 0 1 0 0 0 1 -1 1 0 1 1 1 0 0 0 0 0 0 1 -1 0 0 0 0 0 -1 0 0 0 -1 1 1 -1 1 0 1 1 0 2 0 0 0 -1 0 -1 0 -1 -1
0 0 14 1 0 1 -1 0 -1 2 -1 0 2 0 3 -1 2 0 -1 0 -1 1 -1 1 -1 0 0 1 0 1 2 1 1 0 0 2 0 -1 -1 0 1 0 1 0 0 -1 -1 1 -1 0 0 0 0 0 1 0 1 0 0 0 0 0 0 1 -1 -1 0 -1 0 0 0 0 -2 0 1 -1 1 0 0 1 1 1 0 -1 0 1 2 0 1 0 -2 -1 0 1 1 0 0 -2 0 1 1 0 0 0 0 0 0 0 0 0 -1 -1 0 1 1 0 0 0 0 0 0 0 0 1 0 1 -1 2 1 -1 3 -1 -1 0 1 2 1 0 0 0 -1 0 0 0 2 -1 1 0 0 1 0 1 1 0 -1 -1 -1 0 0 -1 0 0 1 -1 0 0 0 0 0 1 0 0 0 0 1 1 0 0 -1 1 0 0 0 0 -1 0 0 -1 0 0 -1 1 1 0 0 -1 -1 0 -1 0 3 0 0 1 0 -1 0 0 -1 0 0 1 1 -3 1 1 -1 0 1 -2 0 -2 1 1 0 1 1 0 0 -1 -1 1 0 0 -1 0 0 0 -1 -1 -1 0 -1 0 1 0 0 0 1 -1 -1 0 -1 0 1 -1 0 0 0 1 -1 1 0 0 1 0 0 0 0 3 1 1 0 0 1 0 -1 0 0 0 -1 -2 1 1 0 0 0 -1 -1 0 -2 0 0 0 0 0 1 0 0 2 0 0 0 0 1 -1 0 0 -1 1
-1 0 1 16 -1 0 -1 0 0 0 0 -1 2 0 -1 -1 -1 0 0 -1 2 -1 -2 1 -1 0 0 1 0 0 -1 0 0 2 -1 2 1 0 0 0 0 0 1 1 0 0 0 -1 1 -3 0 1 0 0 1 0 1 0 0 0 1 1 1 0 0 1 2 -1 1 0 0 1 3 0 -1 0 0 2 1 2 0 0 1 0 0 0 2 -1 -1 0 1 0 0 0 1 1 1 1 -1 -1 1 1 -1 0 0 0 0 1 -1 -1 0 1 1 -1 1 0 0 0 0 3 1 0 1 0 -1 0 0 0 -1 1 -1 -1 -3 2 -1 0 0 -1 -2 -1 0 0 0 -1 1 2 -1 1 0 0 0 2 1 -2 0 -1 2 0 0 0 0 1 1 -1 0 -1 -2 -1 1 1 0 0 -3 0 1 -3 0 0 0 0 0 0 0 -1 -1 1 0 1 -2 1 0 0 0 1 0 0 2 -1 -2 -1 1 0 2 2 1 -1 0 1 -2 1 2 0 -1 -1 2 1 -2 -1 0 -1 1 1 1 1 0 -1 1 1 2 1 0 -1 0 0 0 0 1 0 0 1 0 0 -1 0 2 0 0 0 0 -2 0 0 0 0 0 0 0 1 1 1 0 2 0 -1 1 -1 1 0 0 -1 1 2 0 -1 1 0 -1 0 0 0 -1 1 0 0 0 1 0 0 1 0 0 0 3 0 1 -1 1 0 0 2 0 1 0 -1 2 1 -1 0 -1 0
0 0 0 -1 17 1 0 0 -1 1 1 1 -1 1 1 1 0 1 0 0 0 -2 0 2 1 1 -2 0 0 3 0 0 1 1 1 0 -1 0 1 0 0 0 0 1 0 0 0 0 -1 2 2 0 -1 0 0 0 0 2 1 1 -1 3 -1 1 0 1 0 -1 -1 1 -1 -1 1 0 0 1 0 0 0 0 1 2 0 0 1 -2 0 2 -1 1 2 0 0 0 0 0 1 1 0 0 1 2 0 0 0 0 -1 1 0 0 -1 0 1 1 -2 0 0 0 -1 -1 1 0 0 0 0 0 0 0 0 0 1 -1 1 0 0 0 1 0 0 0 1 0 0 2 0 -2 2 1 0 0 0 1 -1 1 1 1 0 1 -1 1 2 -1 0 0 0 0 0 2 0 0 -1 -1 1 0 -1 1 0 -1 0 1 0 0 0 -1 0 0 -1 -1 -1 0 1 0 -1 -1 -1 0 -1 2 1 0 -1 0 1 0 -1 1 -2 2 -1 -2 -2 0 1 1 -1 -1 1 0 3 2 0 -1 1 1 0 -1 1 0 0 1 0 -5 0 0 0 -1 -1 1 -1 0 0 -1 -2 0 2 1 0 0 0 0 0 1 1 0 -1 1 0 2 0 0 0 0 1 0 0 1 0 2 1 0 0 0 1 1 -1 -1 0 0 0 2 0 0 -1 2 0 1 0 0 0 0 -1 -3 -2 1 2 -2 1 -2 1 0 0 0 0 -2 1 0 1 3 -1 0
0 0 1 0 1 19 2 -1 0 0 0 0 1 0 0 0 1 0 -1 0 0 1 1 1 0 2 0 0 0 0 1 1 -1 0 2 2 1 1 0 1 0 0 0 2 1 0 0 -2 -1 1 0 -1 1 0 0 -1 -1 0 0 0 1 0 -1 0 1 1 0 1 -1 -1 -2 1 1 0 0 -2 1 1 0 0 2 0 2 0 2 0 2 -1 -1 0 -1 1 -1 0 1 1 0 -1 0 1 0 0 0 -1 0 1 0 0 0 0 0 1 1 1 0 0 0 -1 0 0 0 0 1 1 0 0 0 0 -1 0 -1 0 0 0 0 0 0 3 1 0 2 1 2 -1 0 0 0 2 -1 1 2 1 -1 1 0 0 1 1 1 1 1 0 0 0 -1 -1 -1 0 1 0 0 0 1 0 0 -1 2 -2 1 2 0 0 1 0 0 0 0 0 1 0 0 0 0 0 1 0 1 3 0 0 0 -2 -2 1 -1 1 -2 3 -1 1 -1 -1 0 -2 1 0 0 0 0 0 0 0 -1 -1 0 1 1 -1 1 0 0 -1 1 1 1 1 0 2 -1 -1 0 1 0 0 0 0 -2 0 0 -1 -1 -1 0 -1 -1 0 0 2 1 -1 0 -1 2 0 0 0 -1 0 1 -1 0 0 1 0 -2 0 0 -1 0 0 0 1 -1 0 0 0 1 0 -2 1 -1 3 0 1 -1 1 -1 0 -1 1 0 0 1 -1 0 0 0 2 1 0
-1 0 -1 -1 0 2 16 1 0 0 3 0 1 -1 0 1 0 0 1 0 -1 0 2 0 -1 -1 -2 -1 2 0 1 1 0 0 -1 0 1 2 0 0 0 0 -1 2 -1 -1 0 0 2 0 -1 0 1 -2 2 -1 0 0 0 0 0 1 0 -2 0 -1 0 -1 0 0 0 0 -2 0 0 0 0 -1 0 -1 3 1 2 0 0 -1 0 0 0 0 0 1 1 -1 0 1 -1 1 1 0 1 0 0 -1 1 0 -2 -1 1 -1 1 1 1 0 0 0 0 1 1 -1 0 0 1 2 1 1 0 0 0 0 0 2 0 0 0 1 -2 0 0 1 0 -3 0 0 0 0 1 0 0 0 0 2 0 0 0 1 1 -1 0 0 3 1 -1 2 1 0 1 1 3 0 1 1 0 1 0 0 0 0 2 0 0 0 0 2 0 0 -1 -1 1 0 0 1 1 0 1 0 0 0 -1 1 0 0 1 0 0 -1 0 1 0 0 0 0 2 0 1 0 0 -1 2 0 0 -1 -2 0 0 0 0 0 1 -1 1 0 1 0 0 1 0 0 0 0 1 3 0 0 0 0 0 0 1 0 0 0 1 0 -1 -1 0 1 1 2 -2 0 2 0 1 -1 0 0 1 2 -1 -2 -1 1 0 2 2 0 0 0 -1 0 1 -1 1 1 0 0 0 1 1 0 -1 -1 0 0 0 -1 0 0 0 0 0 0 0 2 1 0 0 -1
0 1 0 0 0 -1 1 12 0 0 0 0 0 0 0 0 0 -1 0 -1 0 1 0 0 0 0 0 0 1 0 -1 1 0 1 -1 0 0 1 0 0 0 0 0 0 0 0 0 0 2 0 1 0 1 -1 0 0 0 1 0 1 -1 0 -1 -1 -1 1 0 0 0 2 0 0 0 0 1 0 0 2 2 -1 -1 0 0 0 0 -1 0 1 0 -1 -1 -1 0 0 1 2 0 2 0 1 0 -2 0 1 -1 0 -1 0 1 0 1 0 2 0 -1 -1 0 -1 1 0 -1 0 1 0 1 0 0 0 0 0 0 0 0 0 -2 0 0 0 0 1 0 1 1 -1 -1 -1 -1 0 0 0 0 1 0 1 0 1 0 1 0 0 0 0 0 0 0 1 0 0 0 0 -1 -1 -1 1 0 0 0 -1 0 1 0 0 1 1 1 0 0 0 -1 2 1 0 1 0 0 0 1 0 0 0 0 0 1 0 0 -1 0 0 -2 0 0 -1 1 -1 -1 -3 0 0 1 0 0 0 1 -1 0 -1 -2 1 -1 -1 0 1 0 0 1 -2 0 0 1 0 -1 2 0 0 0 0 1 0 1 -1 0 0 1 0 0 0 -1 0 1 1 1 -2 0 0 0 1 1 0 0 1 0 0 1 1 2 0 1 1 0 0 -1 0 1 0 1 0 1 0 0 0 -1 0 0 1 0 0 1 0 0 2 0 1 0 0 -1 1 0 1 0 -1
-1 0 -1 0 -1 0 0 0 21 0 1 0 -3 -2 0 -1 1 0 1 0 -2 0 1 1 -1 1 1 0 -1 0 1 -1 0 -2 0 0 0 2 0 0 -1 0 0 1 2 0 1 1 -2 -2 1 0 -2 0 0 0 0 -1 1 1 0 0 -1 1 1 3 1 0 0 1 0 1 0 -1 -1 0 -1 0 1 1 0 0 -1 -2 1 -1 0 0 1 1 -3 0 -1 0 0 0 1 3 1 -2 0 -1 0 -1 1 0 -1 0 0 0 0 0 -1 -2 0 1 1 1 1 -1 1 0 -1 1 -1 0 0 -1 -1 0 0 1 -1 0 0 -3 0 0 -1 1 0 -1 -1 1 -2 0 0 0 0 0 0 0 0 0 0 0 0 -1 0 0 0 1 0 0 -2 1 1 -2 0 1 2 0 1 -1 -1 1 0 0 0 -2 -1 -1 1 1 0 0 0 -2 1 1 1 1 2 0 0 0 0 -1 -1 0 -1 -1 0 -2 -1 0 0 -2 0 1 -1 0 0 -1 -2 -1 0 0 0 -2 -1 2 -1 1 -1 0 -1 1 0 3 0 0 -1 -1 2 0 0 -1 1 0 0 1 1 0 1 0 0 0 0 -2 -1 -2 -1 -1 -2 1 1 0 -1 2 0 -1 0 -1 0 2 0 1 0 0 0 0 0 1 1 -1 -1 0 0 -1 0 0 -1 0 0 3 0 0 0 1 2 0 1 0 2 1 0 -1 0 0 0 1 1 -1 0 0 0 0 0 1
0 0 2 0 1 0 0 0 0 16 1 0 0 -1 0 0 -1 -1 -1 -1 0 -1 0 -2 0 0 0 0 1 -1 2 1 0 0 0 1 0 -2 0 0 -1 0 0 0 0 0 0 0 0 1 1 -1 0 -1 0 0 -1 0 1 1 0 0 -1 1 -1 0 0 0 1 0 2 0 0 0 -1 0 2 0 0 0 0 0 -1 0 0 0 1 1 -1 1 2 1 -1 -2 0 -1 0 0 -2 1 0 -1 0 0 0 -1 1 0 0 1 1 0 0 0 -1 -1 -2 0 0 -2 0 0 2 0 -1 -1 0 0 0 1 1 0 0 0 0 -1 2 0 1 0 0 0 -1 -2 0 0 2 2 2 -1 0 -1 1 0 1 0 0 -1 0 0 -1 0 1 -1 -1 -1 1 0 -1 0 0 0 0 0 -1 1 0 0 0 2 1 1 1 0 0 0 0 0 0 0 -2 -1 0 1 1 1 0 0 1 0 0 1 0 0 0 0 0 0 0 1 0 -1 0 0 0 0 0 0 0 2 0 -2 0 3 1 0 -2 0 1 0 1 0 0 0 1 1 0 1 0 0 1 0 2 1 0 -1 0 -1 1 -1 -1 -1 -2 0 -1 0 -1 0 0 -1 0 1 0 -1 0 0 -1 0 0 2 1 -1 0 2 -1 1 -2 0 -1 2 -1 0 0 0 1 1 -1 0 1 -1 -1 -1 0 0 1 0 0 1 0 0 1 0 0 0 1 0 0 0 0 0
0 0 -1 0 1 0 3 0 1 1 20 0 2 0 2 0 0 0 0 2 0 0 2 0 0 1 -1 1 0 0 0 0 1 0 -1 -1 3 1 0 2 0 0 0 1 0 1 0 0 1 0 1 -1 0 -1 0 0 0 0 -1 0 1 0 0 0 0 0 0 0 0 0 1 2 1 0 0 1 -1 0 1 1 1 0 1 0 0 0 0 2 0 0 1 1 0 0 0 2 -1 0 2 -1 0 -1 1 -1 0 1 -2 -1 1 -1 0 1 0 1 0 2 0 -2 -1 -1 0 0 0 3 -1 0 0 -1 0 0 1 0 -1 0 2 1 0 0 -1 0 0 1 -1 0 -1 1 0 1 2 0 -1 -2 0 0 -1 0 -1 -1 0 0 1 1 2 1 -1 1 1 0 0 0 0 0 -1 -2 1 1 0 0 1 -1 -3 0 0 0 0 -1 2 0 -1 -2 0 0 1 0 0 0 0 0 1 1 0 1 0 1 0 1 -2 0 1 0 -1 1 0 2 0 -1 3 0 -1 0 0 0 1 1 0 0 2 0 0 3 0 1 0 -1 1 0 1 0 1 -1 1 1 0 -1 -1 0 0 0 2 0 1 0 -1 -1 2 0 0 0 0 2 1 -2 -1 0 0 0 -1 -1 0 0 0 1 0 1 -1 1 3 1 0 0 0 -1 0 0 0 1 1 0 0 0 1 0 -1 -1 1 0 1 2 0 -1 0 0 0 -1 0 0 0 -1 0 0
0 0 0 -1 1 0 0 0 0 0 0 13 0 1 1 0 -3 0 1 0 0 -2 0 1 0 -1 1 0 0 0 -1 0 0 -2 0 0 1 -1 -2 0 0 -1 0 0 1 -1 0 2 0 0 -1 1 -1 0 -1 -1 0 1 1 0 0 0 -1 0 -1 -2 0 0 0 1 0 -1 0 0 0 -1 0 2 1 0 0 0 0 1 0 0 1 0 0 -2 1 1 -1 0 0 0 0 0 0 1 0 0 0 1 0 -2 -1 1 -1 0 0 0 0 -2 0 0 0 0 -1 1 0 0 0 0 -1 0 0 -1 0 -1 0 1 0 0 0 0 0 0 0 1 0 -2 0 0 1 -2 0 -1 0 0 0 -2 -2 0 1 0 -2 1 0 -1 -1 0 0 -1 0 1 0 -1 -1 0 0 0 0 0 1 0 0 -1 0 1 -1 0 0 0 0 -3 -1 0 0 0 1 -1 0 0 1 0 1 0 0 0 0 -1 -1 0 0 0 -1 0 1 0 -1 0 0 0 1 0 1 0 0 1 -2 -1 1 0 -1 0 1 1 0 1 0 -2 0 1 1 0 1 1 0 0 0 0 -1 1 1 1 -1 -1 -1 1 0 -1 -2 0 -1 -1 -1 -1 -1 0 -2 0 0 -1 -2 0 0 0 0 0 0 0 0 0 1 1 2 -1 1 -1 0 0 0 2 0 0 -1 0 0 0 -1 0 0 0 -1 0 -2 0 0 1 0 1 0 0 -1 0 0 1 0 -2
0 0 2 2 -1 1 1 0 -3 0 2 0 19 1 -1 0 2 0 0 1 0 -2 0 3 1 1 1 1 0 0 0 0 2 1 -2 -1 0 -1 0 0 -1 0 2 0 0 0 0 -1 0 -1 0 -3 0 0 1 0 -1 0 1 0 1 1 3 1 0 -1 -3 0 -1 0 0 0 -1 0 -1 2 -1 0 0 0 1 0 0 0 0 0 1 0 -2 -1 -1 -1 -1 0 1 -1 -1 0 0 0 -1 0 -1 -1 -1 2 -1 0 -1 0 1 0 0 0 0 2 0 0 0 0 0 0 1 1 -1 2 0 -1 -1 3 1 1 -1 0 0 0 -1 -1 -2 0 1 -2 0 0 1 0 0 1 1 1 -1 0 0 -1 0 1 0 2 1 -1 -2 0 0 2 -1 0 -3 1 1 0 2 0 0 0 2 -2 1 1 0 -2 0 1 0 1 0 0 1 1 -1 1 0 0 0 1 0 0 0 -1 0 1 1 0 -2 0 -1 0 0 2 2 0 2 1 0 0 3 0 0 0 0 1 0 0 0 1 1 0 1 1 1 2 1 2 1 1 1 0 1 1 0 0 0 0 2 -1 1 0 -1 0 2 2 0 0 2 1 0 -1 0 0 1 1 -2 1 -4 0 0 0 -1 1 -1 0 0 1 -2 -2 0 -1 0 0 0 0 1 0 0 0 1 0 0 1 1 0 0 0 0 -1 -2 0 2 -1 -1 0 0 0 0 0 0 0 0 2 0 -1
-1 -1 0 0 1 0 -1 0 -2 -1 0 1 1 19 -2 1 -1 0 0 0 0 -2 0 1 1 0 -1 0 0 0 0 1 1 1 1 -1 0 0 1 2 0 0 1 0 1 0 -2 1 0 3 1 0 1 0 -2 0 0 0 0 1 -1 1 0 0 -1 0 -2 1 0 1 1 0 1 0 2 -1 0 -2 1 0 1 0 1 1 -1 1 0 0 0 0 1 0 -1 -1 0 1 1 0 2 0 1 2 0 0 0 1 1 0 1 -2 1 1 -1 0 -2 0 0 0 -2 1 -1 0 0 -1 1 0 0 0 -1 0 0 -1 -1 -1 0 0 -1 2 0 -1 0 -2 0 0 1 0 1 -1 1 0 1 -2 -1 0 1 0 -1 -1 0 1 0 -1 1 0 0 1 0 2 0 1 0 0 3 -1 1 0 0 4 1 1 -1 0 0 2 1 -2 1 0 1 1 0 0 0 0 1 0 0 0 0 -1 0 0 0 0 0 1 -1 1 0 0 0 1 2 1 4 -1 1 0 3 1 0 -1 -2 0 1 0 2 0 0 -1 0 1 0 0 -1 0 1 1 0 -1 -1 0 0 2 0 0 0 0 0 1 0 1 1 0 2 1 0 -1 -2 -3 -1 0 0 1 0 1 0 1 0 0 1 0 1 -2 0 0 1 -1 0 1 0 -1 0 0 1 0 0 2 0 0 -1 1 0 0 -2 0 0 1 -1 -1 -1 1 0 -1 1 0 1 -1 2 0
0 1 3 -1 1 0 0 0 0 0 2 1 -1 -2 17 -1 0 1 1 1 -1 1 0 1 1 -1 2 1 0 2 -1 0 0 0 -1 2 -1 0 0 2 0 0 -1 0 0 -1 0 1 0 -1 -1 -1 -1 0 0 0 -1 0 0 0 -1 1 0 1 0 -3 0 1 1 1 0 0 -2 0 1 0 1 2 0 0 0 1 0 -1 1 -1 0 1 0 -1 0 0 -1 1 0 0 0 0 0 0 0 -1 0 1 0 0 0 1 0 0 0 -1 0 1 2 3 0 -1 1 0 0 0 0 1 -1 0 0 0 1 1 0 -1 0 0 0 1 -1 0 0 0 0 2 -1 3 -2 0 2 0 0 0 1 1 0 1 0 1 0 -1 0 -1 0 0 1 2 1 0 0 -1 0 2 0 -1 -1 0 0 0 2 1 -2 0 0 0 0 0 1 0 -1 0 2 -1 1 0 0 0 0 0 1 1 0 -1 2 0 1 3 1 -1 0 0 -1 -1 0 2 0 0 -2 0 0 0 0 -2 0 -2 -1 0 -1 0 2 0 0 0 -1 0 -1 -1 0 -1 -1 0 0 0 0 0 -1 0 0 1 -1 0 0 0 1 0 0 0 1 -1 0 0 0 0 -1 -1 0 0 0 0 -1 0 0 3 0 0 0 1 0 1 1 0 0 1 -1 0 0 -1 0 1 1 -2 0 0 -2 0 -1 0 0 0 0 0 0 1 0 0 0 1 -2 0 0 -2 0 0
0 0 -1 -1 1 0 1 0 -1 0 0 0 0 1 -1 12 0 -1 1 0 1 -1 1 1 2 -1 0 1 0 -1 1 0 1 1 0 0 0 1 2 0 2 0 0 0 -2 -1 0 0 0 -1 1 -1 0 0 0 -1 0 0 -2 0 -1 2 1 -2 0 0 1 1 0 0 -1 0 0 1 -1 0 0 -1 1 0 1 1 0 0 0 0 0 0 0 0 1 0 0 0 1 2 -1 0 0 1 2 1 0 -1 0 0 2 -1 0 -1 0 0 0 0 -1 0 0 0 -1 -1 0 0 0 1 0 -1 -2 0 -1 0 -1 0 0 0 0 0 1 0 0 0 0 -1 1 0 0 0 3 0 0 0 0 0 0 0 0 1 0 1 -1 0 2 0 0 1 0 0 0 0 0 0 2 0 0 0 1 0 1 0 1 0 1 1 -1 1 0 0 -1 1 1 0 0 1 1 -1 0 1 0 -1 1 0 -1 0 1 0 1 0 0 0 1 -1 0 0 1 0 -1 0 1 -1 3 1 1 0 0 0 0 2 0 0 -1 0 1 1 -1 0 0 1 0 0 1 1 0 1 1 -1 0 0 0 0 0 0 0 0 2 0 0 2 1 1 1 0 0 0 1 1 0 0 -1 1 -1 0 1 2 0 -2 0 0 2 -1 0 -1 0 -1 0 0 0 0 0 0 0 -1 0 0 -1 0 -1 1 0 1 0 0 0 2 0 0 0 0 0 0 0 0
1 2 2 -1 0 1 0 0 1 -1 0 -3 2 -1 0 0 22 1 0 0 0 -1 2 1 -2 2 -1 0 2 0 1 2 -1 0 -1 1 0 1 2 0 1 -1 0 0 0 1 1 -3 -1 -1 0 -1 1 0 2 0 1 1 -1 0 2 0 1 1 0 1 0 -1 2 0 0 1 1 0 1 0 1 -1 -1 1 2 0 0 -1 0 0 1 1 1 1 0 0 0 1 1 1 0 0 1 0 -2 2 3 0 0 1 1 0 1 1 0 0 0 0 0 0 1 1 -1 0 -1 0 1 -1 0 2 0 1 1 1 -1 -1 0 -2 0 0 0 0 0 0 0 2 -2 1 1 -1 1 0 1 0 0 -2 3 0 -1 1 -1 0 0 0 1 1 0 1 0 -1 1 0 1 1 0 0 0 -3 -1 1 -1 -1 1 -2 0 -3 1 0 0 2 1 0 -1 -1 1 1 2 -2 1 1 -2 0 0 0 0 0 2 -2 0 0 -1 0 -2 2 1 1 0 -1 0 0 -1 0 0 0 1 0 0 1 -2 0 2 -3 2 0 0 1 -2 -2 0 -2 -1 -1 3 0 1 0 1 0 0 -1 0 1 0 -1 -1 1 0 0 -1 1 0 0 3 1 1 0 -1 1 2 1 1 1 0 0 0 -1 0 -1 0 0 0 0 1 0 0 1 0 0 0 0 1 -1 1 1 0 0 -1 0 1 1 0 2 0 -1 0 0 0 0 -1 1 0 0 0 2
2 0 0 0 1 0 0 -1 0 -1 0 0 0 0 1 -1 1 11 1 0 0 -1 -1 0 0 1 0 0 -1 2 0 0 0 1 1 0 -1 1 0 0 0 0 2 0 0 1 0 0 1 0 -1 0 0 2 -1 0 0 0 -1 0 1 0 0 1 0 -1 0 0 0 -1 -1 0 -1 0 0 -1 0 0 2 2 2 0 0 1 0 -1 2 1 1 -1 -1 1 1 1 -1 0 0 1 0 -1 1 -1 0 0 0 -1 -1 1 1 -1 -1 0 -2 1 0 0 1 2 0 0 -1 2 -1 0 0 0 1 -1 1 -1 0 0 -1 0 0 0 0 0 0 0 -1 0 0 1 1 0 0 0 2 0 1 -1 -1 0 1 1 0 0 0 1 0 0 0 1 2 0 0 0 0 0 1 1 0 1 -1 0 0 0 1 0 0 -2 0 0 0 -1 0 -1 1 0 0 0 0 0 0 0 -1 0 0 1 0 0 0 1 -1 1 0 0 -1 0 0 0 0 0 2 1 0 0 1 0 0 0 0 -1 -1 0 1 0 0 0 0 0 -1 -1 0 2 -1 1 0 0 1 -1 0 0 1 0 -1 -1 -1 1 0 0 0 0 0 0 0 0 0 0 0 0 -1 0 0 1 0 0 0 0 0 0 0 -1 0 0 0 -1 0 1 0 0 0 -1 2 0 1 0 0 0 1 -1 0 -1 1 2 0 0 -1 0 1 1 0 1 1 1 -1 0 1 0
0 0 -1 0 0 -1 1 0 1 -1 0 1 0 0 1 1 0 1 19 0 0 -1 0 2 1 0 -1 0 0 1 0 2 -1 1 0 0 0 1 -1 -1 1 1 0 -1 -1 0 0 0 1 0 2 0 0 0 2 0 -1 0 -1 0 0 2 1 0 0 0 0 0 1 1 0 -1 1 0 -1 1 0 -1 0 1 1 0 0 0 0 0 0 0 0 -1 0 -2 1 -1 -1 0 1 1 1 -1 1 0 1 1 0 -1 1 0 -1 0 1 0 -1 1 0 0 0 1 0 0 0 0 1 1 1 -1 1 -1 1 0 1 -1 1 1 1 2 1 1 0 2 0 -1 0 1 0 -1 1 1 0 0 -2 -1 -2 0 -2 0 0 0 -1 0 3 0 0 1 1 0 1 0 1 0 -1 0 0 0 0 0 0 1 1 -1 0 0 0 2 1 0 -1 -1 0 -2 1 2 -1 -1 -1 0 0 -1 -1 1 1 -1 0 1 0 0 0 0 0 0 0 0 0 0 2 0 1 0 0 0 1 0 0 0 -1 0 -2 1 -1 0 1 1 0 -1 1 0 0 -1 0 -1 0 0 1 0 0 1 -1 -2 1 0 1 0 0 2 1 0 0 1 1 3 1 -1 0 0 -1 0 1 0 1 0 0 0 -2 0 1 -1 0 1 1 1 0 -1 0 1 0 2 1 0 -1 1 1 0 1 0 1 -1 0 1 0 0 1 1 -1 0 -2 0 1 -2 0 1
0 -1 0 -1 0 0 0 -1 0 -1 2 0 1 0 1 0 0 0 0 18 -1 0 -1 -1 1 0 0 -1 0 0 0 -2 0 1 0 -1 0 0 0 1 -1 0 -1 0 -1 0 0 -1 1 0 -1 0 0 0 0 -1 0 0 -1 -1 0 1 0 1 1 -2 0 -1 0 -1 -1 3 0 0 0 2 0 0 0 0 0 1 0 0 1 0 0 1 0 -1 -1 0 -1 0 -2 0 0 0 -1 0 1 1 -1 0 0 -1 0 -1 0 -1 -2 1 -1 0 0 1 0 -1 0 0 -1 -1 0 1 0 1 1 0 0 2 -1 1 -1 0 0 2 -2 0 0 -1 1 0 0 0 0 1 0 -1 -1 0 0 0 0 0 0 1 -1 1 0 0 0 0 -1 0 -1 -1 -1 0 -1 -2 0 -3 1 0 0 -1 0 0 0 0 0 0 -1 -1 0 0 -1 0 0 0 0 -1 -3 0 -1 1 0 0 0 2 0 -1 0 0 1 1 0 3 0 0 0 0 0 1 -1 0 -1 0 -1 0 1 -1 -1 0 0 -1 1 0 0 -1 1 2 2 -1 0 -1 0 -2 -2 0 0 -1 0 0 2 0 -3 -2 0 -1 0 0 0 2 0 1 0 1 -1 0 0 -1 -2 -1 0 0 0 -1 0 -1 -2 -1 1 1 2 0 -1 1 0 -1 0 0 -2 -1 0 -1 1 0 0 -1 0 1 -1 0 -1 0 2 2 0 1 0 0 -1 -1 0 2 0 0 0 0
0 1 -1 2 0 0 -1 0 -2 0 0 0 0 0 -1 1 0 0 0 -1 14 0 0 0 -2 1 0 1 0 0 0 0 1 0 0 1 2 0 0 0 0 0 1 1 -1 1 0 0 0 1 2 0 1 1 1 1 0 1 1 0 0 -2 0 0 0 -1 2 -1 -1 0 0 -1 1 0 0 0 0 0 0 1 0 0 1 -1 0 -1 -1 -2 1 1 2 1 -1 -1 0 0 0 0 0 1 0 1 0 1 0 0 1 0 -1 1 0 0 1 0 0 0 0 -1 -1 -1 0 2 0 0 -2 -1 0 0 0 1 0 -1 -1 0 0 0 0 0 0 -2 1 0 1 0 1 0 0 0 0 1 0 0 0 0 0 -2 0 1 0 0 2 1 -1 0 1 0 0 1 0 0 -1 0 1 -1 1 0 0 0 1 1 0 0 0 1 0 -1 0 0 1 0 1 0 0 1 1 0 -2 0 -2 0 -1 0 0 0 0 1 1 0 -1 0 0 0 -1 0 -1 0 1 0 0 1 0 0 1 0 2 0 -1 0 0 1 0 0 0 1 -1 0 0 2 -1 -1 0 0 0 0 0 0 0 0 1 1 0 0 1 0 1 1 1 -1 2 0 -1 1 0 0 0 -2 1 0 1 -1 -1 0 -1 0 -1 -1 0 1 0 -1 -1 0 1 0 0 0 1 0 0 -1 -2 0 -1 1 1 1 0 0 1 0 1 0 -1 1 -1 2 0 0 1 -1
1 1 1 -1 -2 1 0 1 0 -1 0 -2 -2 -2 1 -1 -1 -1 -1 0 0 16 0 -1 0 0 1 1 1 -1 -4 0 -1 0 0 0 -1 0 0 0 0 1 -1 0 0 2 -1 0 1 0 -1 1 -1 0 1 0 -1 0 0 1 1 -1 0 1 0 0 0 0 0 0 0 0 0 -1 0 0 1 0 1 -1 0 0 0 0 1 0 -1 -1 1 1 0 0 0 2 0 0 1 1 -1 0 1 -2 0 1 -1 1 -1 0 1 2 0 0 0 0 -1 -1 -1 -1 0 -1 1 0 0 2 1 1 1 1 1 -2 -1 3 2 0 0 2 -3 0 0 1 -1 0 0 1 0 1 2 0 0 0 2 1 0 1 0 0 0 -1 0 0 0 0 -1 -1 0 0 -1 0 0 0 -1 0 0 0 1 0 0 0 -1 0 1 -1 -1 0 0 0 0 0 0 1 0 0 1 1 1 -1 -2 1 0 1 0 1 -1 0 0 0 2 -1 -2 0 0 0 -1 0 -1 -1 1 1 1 -2 1 0 0 -2 1 0 -1 0 0 -1 0 0 1 1 1 0 -1 0 1 1 0 0 2 0 -1 -1 0 0 1 0 0 -1 0 -1 2 -1 -1 0 0 2 1 -1 -1 0 0 0 0 0 0 1 -1 1 2 3 0 0 -1 0 0 0 1 0 1 -2 -1 0 0 1 -1 0 -1 2 0 -1 -1 0 0 1 0 -2 1 0 0 2 -1 1 -1 -3 0 0
1 -1 -1 -2 0 1 2 0 1 0 2 0 0 0 0 1 2 -1 0 -1 0 0 16 -1 -1 0 1 3 1 -1 0 0 0 0 0 1 0 1 1 1 0 1 1 1 -2 1 2 -1 -1 0 0 -1 0 0 1 -1 0 0 0 0 0 0 1 1 -2 1 -1 0 0 0 -1 -1 -1 0 0 -1 -1 1 0 1 3 0 1 1 1 1 1 0 0 1 0 1 1 1 0 0 0 0 2 0 -2 0 0 -1 0 -1 -2 0 -1 1 2 0 0 0 0 0 1 1 0 -1 -1 0 0 1 0 0 0 0 -1 -1 0 0 -1 -1 -2 0 2 0 1 0 1 0 0 0 0 0 0 1 0 0 1 -1 0 0 2 0 -1 0 0 0 2 0 0 0 1 0 0 0 0 0 1 0 0 0 0 4 0 0 2 0 1 0 0 0 0 1 -1 1 0 0 0 0 -1 1 0 0 -1 -1 -1 0 0 0 0 -1 0 0 -1 -1 0 0 0 1 0 0 -2 0 0 3 -1 0 0 0 0 2 1 0 -1 -1 0 0 3 -1 2 0 -1 0 1 0 -1 0 0 1 1 0 0 0 1 0 -1 1 0 0 1 0 1 0 0 -1 -1 0 -2 -1 1 -1 0 2 0 1 0 0 0 -1 0 1 -1 1 0 0 0 -1 -1 2 0 0 0 0 0 0 0 -1 0 1 -1 0 1 1 -1 0 0 -1 -1 0 1 1 -2 0 1 0 0 1
0 1 1 1 2 1 0 0 1 -2 0 1 3 1 1 1 1 0 2 -1 0 -1 -1 21 1 0 0 0 0 1 0 -1 1 1 -2 0 -2 1 2 1 0 0 1 0 1 0 -1 1 0 -1 2 0 -1 -1 2 1 0 1 1 0 0 2 -3 0 1 -3 0 1 0 0 0 0 0 0 -1 2 -2 -2 0 1 0 0 0 0 -1 0 0 0 0 0 0 -3 -1 0 0 1 0 0 0 -2 0 2 0 0 0 -1 1 -1 -2 0 1 -1 2 1 1 1 0 -1 3 1 0 1 -1 0 -2 -1 0 -2 -1 1 2 -1 1 0 0 0 0 -1 1 0 2 -2 0 1 3 -1 2 0 0 0 1 1 -2 0 -1 -1 -1 0 0 0 -1 -1 0 1 0 1 -2 -2 -1 0 0 0 1 1 -1 0 -1 2 0 1 0 0 0 1 0 0 0 -1 0 1 1 1 0 -2 -3 0 0 -2 1 0 2 -1 0 1 -1 0 -1 4 1 -2 1 0 3 -1 0 0 -3 -1 2 1 -1 2 1 0 0 0 2 0 2 0 -3 0 -1 0 1 -1 1 0 -1 0 0 -1 -2 0 -1 1 0 1 0 0 1 0 0 0 0 2 1 2 0 3 1 -1 0 0 0 -1 0 0 1 0 0 0 0 0 -1 -1 0 -1 0 1 0 -2 0 1 0 0 0 0 0 1 1 -1 1 2 1 1 0 0 0 1 0 1 0 -1 -2 0 0 2 0 -1
0 1 -1 -1 1 0 -1 0 -1 0 0 0 1 1 1 2 -2 0 1 1 -2 0 -1 1 14 1 0 0 -2 0 -1 -2 0 1 0 0 0 0 1 0 0 0 0 0 0 0 0 2 0 0 1 0 -2 0 -1 0 0 0 -1 0 -2 1 1 -1 0 -1 -1 4 0 1 0 0 0 0 -1 1 0 -1 0 1 0 0 0 -1 0 -1 -1 1 0 0 -1 -1 0 0 -1 1 0 1 0 -1 0 0 0 -1 0 0 1 -2 0 -1 1 0 0 -1 -1 0 1 0 0 1 0 0 0 1 0 0 1 1 1 0 -1 0 0 0 0 0 0 1 0 0 0 1 -1 2 -2 0 2 -1 0 0 1 -1 -2 1 1 0 0 0 0 0 0 -1 1 1 0 0 0 0 0 1 0 0 0 -1 -1 0 0 0 0 0 0 0 0 0 -1 -1 0 1 2 0 -1 0 1 0 0 0 0 1 0 0 0 0 1 0 0 0 2 0 1 0 0 0 2 -1 -2 0 2 0 2 2 1 1 -1 -1 -1 -1 0 0 0 -1 0 0 0 0 2 0 0 0 0 1 -1 -1 0 0 0 0 -1 -2 0 0 0 -1 1 0 0 0 0 0 0 0 0 0 0 1 0 0 -1 0 0 0 -1 0 -2 -2 0 0 -1 -1 0 0 0 0 -1 -2 0 1 0 0 2 -1 1 0 -1 0 -2 0 0 1 0 -1 0 1 0 -1 0 0 0 1 0 -1
1 1 0 0 1 2 -1 0 1 0 1 -1 1 0 -1 -1 2 1 0 0 1 0 0 0 1 18 -1 0 -2 1 -1 0 0 1 3 0 1 0 -1 0 -2 -1 0 1 1 -1 1 0 0 1 0 1 0 2 0 0 0 0 0 -1 0 0 2 0 0 0 -1 1 1 -1 0 -1 -1 0 0 0 0 1 0 0 0 0 1 -1 0 -1 1 -1 0 0 -1 0 0 0 0 0 0 2 -1 1 0 0 2 0 1 1 2 2 1 0 0 1 -1 0 0 0 2 -1 0 -2 1 0 0 0 0 0 0 0 1 0 1 0 0 1 0 0 0 0 0 0 0 0 2 0 0 -1 1 1 -1 -1 1 -1 0 0 1 0 -1 -1 2 0 -1 -1 0 0 -1 -2 0 -1 2 0 0 -1 0 0 1 -1 0 -1 1 -1 0 0 0 1 0 1 0 -1 0 0 -2 0 1 1 1 1 0 0 1 3 0 0 -2 1 -1 2 -1 -2 -1 1 -1 0 1 0 1 0 -1 0 0 0 0 0 -1 1 -1 0 -1 0 0 1 0 1 2 0 -2 0 -1 0 0 -1 0 1 0 0 2 0 1 0 2 -1 0 0 0 2 1 1 -1 0 0 0 2 0 -1 0 1 1 0 1 1 0 0 0 0 -1 1 0 0 3 0 -1 1 0 -1 -1 0 0 0 1 2 0 1 1 0 1 -1 1 0 0 0 0 0 0 -1 -1 1 1 1 0 0 1
-1 0 0 0 -2 0 -2 0 1 0 -1 1 1 -1 2 0 -1 0 -1 0 0 1 1 0 0 -1 13 1 0 0 0 0 0 0 0 0 0 -1 -1 0 0 0 0 0 0 -1 0 0 0 -1 -1 -1 0 2 0 1 0 -1 0 -1 0 0 -1 1 -1 0 0 0 0 -1 1 0 0 0 0 0 0 0 0 1 0 0 0 2 0 0 1 -2 0 -2 -1 2 1 0 0 -1 0 -1 -2 0 -1 0 0 0 -1 -1 0 3 -1 1 1 -1 -2 0 1 0 1 -1 -1 0 0 0 1 0 -1 0 0 0 0 0 0 0 -1 -1 0 -2 0 1 1 0 0 -2 -1 0 0 0 0 0 0 1 3 -1 0 0 1 0 0 0 1 0 -1 1 0 0 -1 0 0 0 -2 0 1 0 -1 0 1 1 1 0 0 0 0 0 0 0 1 -1 0 0 1 1 -1 -2 0 0 0 -1 1 0 0 1 0 1 0 0 1 -1 2 0 0 0 1 0 0 1 -3 -1 1 0 -1 1 -1 0 1 1 0 -1 0 1 0 -1 -1 1 -1 -1 1 1 0 0 1 1 -1 0 1 0 0 0 -2 0 -2 1 0 -1 0 0 0 0 0 -1 -1 0 -1 0 0 0 0 0 0 0 0 -1 1 1 -1 0 1 1 0 -1 1 0 0 1 0 -1 0 0 -1 0 0 -1 -2 1 1 2 0 0 0 0 -1 0 -1 0 1 0 0 0 0 -1 -1 0
1 0 1 1 0 0 -1 0 0 0 1 0 1 0 1 1 0 0 0 -1 1 1 3 0 0 0 1 17 0 -1 1 1 0 1 1 0 4 0 1 0 0 0 1 0 -2 1 2 0 -1 0 0 1 0 0 0 1 0 -3 1 -2 0 0 -1 0 -1 -2 1 0 2 0 0 3 1 1 0 -1 0 -1 0 1 0 1 0 0 0 1 0 -1 0 1 0 0 0 1 0 0 0 1 0 0 1 0 0 1 -1 1 0 1 0 1 2 -1 -1 1 -1 0 2 -1 -2 -1 1 1 0 0 -2 -1 1 1 0 1 1 0 0 0 1 1 2 -1 -1 -1 0 0 0 1 1 0 1 1 0 0 1 1 0 1 0 0 2 -1 1 -1 1 1 1 1 0 -1 1 1 0 1 -1 1 1 0 1 0 1 1 -1 0 0 0 0 1 0 1 -1 -1 -1 -2 1 0 -1 0 0 0 -1 -1 0 1 0 0 1 2 0 1 1 0 0 -1 1 2 1 1 0 0 -1 0 1 1 0 0 0 0 0 -1 0 0 0 0 0 -1 1 -1 2 2 0 0 -2 0 1 0 0 0 1 -1 1 0 0 2 0 -1 -1 0 1 1 -2 0 0 1 0 0 0 0 1 -1 0 0 0 1 0 1 0 0 -1 0 0 -1 0 0 -1 -2 0 -1 0 0 0 -1 0 -2 0 0 0 2 -1 0 0 0 0 1 -1 0 1 0 0 -1 3 0 0 0
0 1 0 0 0 0 2 1 -1 1 0 0 0 0 0 0 2 -1 0 0 0 1 1 0 -2 -2 0 0 17 0 0 1 0 0 -1 0 -1 0 0 -1 1 0 0 2 1 1 0 -1 2 1 -2 -1 1 -2 1 1 0 1 0 0 0 0 1 1 0 0 0 0 -1 0 -1 0 0 1 0 0 1 0 -1 -1 -1 0 0 1 -1 0 0 1 0 -1 0 -1 2 0 0 0 0 0 1 0 -2 -1 -1 0 0 1 -1 1 1 0 0 1 0 0 -1 0 0 0 -1 0 1 0 1 1 -1 1 1 1 0 1 -3 0 3 0 0 0 -1 0 1 -1 0 1 -1 -1 -1 -1 1 0 -1 0 -1 1 0 2 3 0 0 0 0 0 0 -1 -2 0 1 0 1 1 -1 -1 -1 0 1 2 1 1 0 1 -1 2 0 -1 0 2 0 0 0 -1 0 0 2 0 -1 1 0 2 1 2 0 1 1 1 0 0 -1 0 1 0 0 1 0 0 1 1 0 -2 0 0 0 0 0 -1 0 1 1 0 -1 0 1 -3 0 0 0 -1 1 1 0 -1 2 0 0 4 1 1 0 1 0 2 0 0 0 0 0 1 -1 0 0 0 1 -1 1 0 0 -1 0 0 0 0 0 0 0 2 1 1 0 0 0 -2 0 0 1 0 0 0 0 0 0 0 0 0 1 -1 -1 1 1 0 0 2 1 1 1 0 2 0 -1 1 -1 0 -2 -1
0 0 1 0 3 0 0 0 0 -1 0 0 0 0 2 -1 0 2 1 0 0 -1 -1 1 0 1 0 -1 0 9 0 -1 -1 1 0 0 -1 1 0 0 0 0 0 0 1 0 1 -1 -1 0 0 0 0 1 0 1 0 1 1 0 0 2 0 0 0 0 0 0 0 1 1 -1 -1 0 0 0 -1 1 0 1 1 1 0 0 1 0 1 -1 1 0 -1 0 0 1 0 -1 0 1 0 0 -1 0 0 0 0 0 0 1 1 -1 0 0 -1 1 1 1 -1 0 0 0 0 0 1 0 0 0 -1 0 0 -1 0 0 0 0 -1 0 1 -1 0 1 1 0 -1 0 0 0 -1 0 0 0 0 1 0 -1 1 0 0 0 -1 1 0 0 1 1 1 0 0 2 0 1 -1 0 1 0 0 0 0 0 -1 0 -1 -1 0 -1 0 0 0 -1 1 0 1 -1 0 -1 -2 0 0 -1 0 1 1 1 2 1 0 1 -1 1 -1 0 0 0 -1 0 0 -1 0 0 1 0 0 0 0 0 0 0 0 0 0 0 0 0 0 1 -1 0 -1 0 0 0 0 0 -2 -1 1 1 -1 -1 0 2 0 0 1 0 0 1 0 0 0 0 0 0 0 0 -1 1 0 -1 0 1 0 0 0 -1 0 -1 0 0 0 1 0 0 -1 1 -1 0 0 0 0 0 0 -1 0 1 1 -1 0 -2 0 0 1 0 0 0 0 0 0 -1 0 0
1 -2 2 -1 0 1 1 -1 1 2 0 -1 0 0 -1 1 1 0 0 0 0 -4 0 0 -1 -1 0 1 0 0 19 0 2 1 1 0 2 0 0 -1 1 0 1 0 1 0 0 0 -1 0 0 0 3 -1 0 -1 0 -1 -1 -2 -1 -1 -2 0 -1 3 0 -1 1 0 0 1 0 0 2 0 0 0 -1 0 0 1 0 0 1 0 1 0 0 0 0 0 0 -2 0 0 0 -1 0 0 1 2 0 0 1 -1 -1 0 0 2 0 1 0 1 0 0 0 0 -2 -3 -1 0 0 0 2 1 0 -1 -1 1 1 0 -1 0 0 0 1 0 0 -1 1 1 0 1 0 1 2 0 1 0 2 0 0 0 -1 0 2 0 -1 0 -1 1 2 0 0 0 0 -1 1 0 0 0 0 0 1 -1 -1 -2 0 0 0 0 0 1 0 0 1 -1 2 0 -2 0 0 -1 0 0 -1 0 -1 0 0 0 0 0 0 -1 -1 -1 0 -2 0 0 0 0 0 1 0 -1 1 0 -1 0 0 4 0 1 0 -1 0 0 0 0 0 0 0 2 1 0 0 0 -2 0 0 -1 0 -1 -1 0 -1 0 0 0 -2 0 0 0 1 1 1 2 2 0 0 1 0 -1 0 0 0 3 0 -1 0 -1 0 0 1 0 -1 2 -1 0 0 0 -1 0 0 0 0 -2 0 0 0 -1 0 0 1 -2 1 4 0 0 0 1 4 0 1 2 1 -1
0 0 1 0 0 1 1 1 -1 1 0 0 0 1 0 0 2 0 2 -2 0 0 0 -1 -2 0 0 1 1 -1 0 14 0 0 0 1 1 0 -1 0 1 0 0 0 0 0 0 0 1 0 0 0 3 0 0 0 0 -2 -1 0 0 0 1 -1 0 0 0 -1 1 1 0 0 0 2 0 -1 0 1 -2 -1 -1 0 1 0 -1 0 1 0 0 -1 0 0 0 0 2 1 0 -2 0 0 0 -2 0 1 1 0 0 0 0 0 1 0 -1 2 0 0 0 0 -1 0 0 0 1 0 0 1 0 -1 2 0 0 1 -1 0 1 1 0 1 1 0 -1 0 0 -1 1 -1 -1 1 2 0 0 1 0 -1 -1 0 0 0 1 0 0 0 0 0 0 1 0 0 1 0 0 0 1 0 2 -1 0 0 1 0 1 0 0 0 2 1 -1 -1 0 0 0 1 4 0 1 0 -1 -1 0 0 0 1 0 1 0 0 0 0 -2 2 0 0 1 0 0 0 1 0 1 0 0 0 0 0 0 1 0 0 1 0 0 0 1 -2 0 0 1 1 1 -2 1 1 0 1 1 1 2 -1 1 0 0 0 -1 0 0 0 0 -1 2 0 0 0 0 0 1 0 1 0 0 0 0 0 -1 0 0 0 0 0 0 0 0 0 2 1 0 1 0 0 0 2 0 -1 1 0 -2 -1 0 3 0 0 -1 0 0 1 0 0 1 0 0 0
0 0 1 0 1 -1 0 0 0 0 1 0 2 1 0 1 -1 0 -1 0 1 -1 0 1 0 0 0 0 0 -1 2 0 16 1 2 0 -2 0 0 1 1 0 -1 2 1 1 0 1 1 -1 1 -2 0 0 -1 0 -2 0 1 0 0 -1 -2 0 -1 0 0 0 0 0 1 2 0 0 1 3 0 -1 -2 -1 3 0 0 0 0 0 0 1 1 0 1 0 -1 0 1 -2 0 0 0 0 0 0 -1 0 0 1 0 0 -2 1 -1 0 0 1 2 2 2 1 0 0 0 1 -1 0 0 -2 0 0 0 1 0 0 0 0 0 -1 1 0 -1 0 1 -1 0 0 1 0 0 0 0 0 -1 0 0 -1 2 1 0 0 0 -1 1 1 0 -1 0 1 0 -1 -1 -1 1 0 1 1 1 2 0 0 0 -1 0 1 0 0 0 0 2 0 0 0 0 1 0 -1 0 0 -2 -1 0 0 0 0 0 2 0 0 0 0 3 0 0 1 -1 -1 -2 0 1 0 0 -1 0 0 0 1 1 0 -1 0 0 -1 0 1 0 0 1 0 0 1 1 -1 0 0 1 -2 1 0 0 1 0 -2 0 1 1 0 0 0 1 -1 0 0 0 0 0 -1 0 2 -1 -1 1 0 0 1 1 0 -1 -1 0 1 0 0 -3 2 0 1 -1 0 0 0 1 0 -1 0 0 0 0 1 -1 1 -1 2 0 1 0 1 0 0 0 2 0 0
1 0 0 2 1 0 0 1 -2 0 0 -2 1 1 0 1 0 1 1 1 0 0 0 1 1 1 0 1 0 1 1 0 1 21 0 2 -1 1 0 0 0 0 1 1 0 0 0 -1 2 1 -1 0 1 -1 1 0 -1 1 0 2 0 1 2 -1 0 1 2 1 1 -1 0 0 3 0 0 2 -1 -1 -2 -1 3 2 0 0 0 0 0 1 -1 0 0 -2 1 0 0 -1 1 2 -1 0 1 1 1 0 1 2 1 1 0 0 0 0 2 2 0 1 1 1 1 -1 1 0 2 1 1 1 1 -1 0 1 0 0 0 0 0 1 0 1 2 -1 -1 1 0 0 1 0 -1 1 0 -1 -1 0 -1 1 4 1 0 1 0 0 1 3 -1 1 1 0 0 1 -3 0 0 -1 -1 -2 3 1 -1 1 0 1 0 -1 0 0 0 0 0 0 2 -1 0 -1 0 0 1 -1 2 -1 0 1 1 1 1 3 0 1 0 0 -2 -1 0 -1 1 0 0 1 -1 0 0 0 0 1 1 4 -1 0 -1 1 -1 -2 0 1 1 0 1 0 -2 1 1 0 0 0 1 -1 1 0 0 0 0 -1 0 1 1 1 1 1 1 -1 -1 0 2 0 1 2 0 3 -1 -1 0 0 0 2 3 -1 0 2 -1 2 1 3 -1 0 0 -1 0 0 1 0 1 -2 1 0 2 1 0 1 2 2 1 2 0 1 0 -1 1 1 -1 -2 -2 1
1 -1 0 -1 1 2 -1 -1 0 0 -1 0 -2 1 -1 0 -1 1 0 0 0 0 0 -2 0 3 0 1 -1 0 1 0 2 0 18 0 1 1 0 -1 0 0 0 2 1 0 1 1 1 1 0 1 -1 1 -1 0 0 -1 2 0 1 0 0 0 -1 2 0 0 0 2 0 0 2 0 1 1 2 1 -1 1 0 0 0 0 1 0 -1 1 0 2 0 0 1 2 -1 1 1 1 0 2 1 1 -1 0 0 0 -1 0 0 0 -1 2 1 1 -1 1 3 0 1 0 0 0 -2 0 2 0 1 0 1 1 1 1 1 1 0 0 1 1 1 0 0 1 1 2 1 -2 1 2 0 0 0 1 0 0 0 1 0 -1 1 1 0 0 -1 3 0 0 2 1 0 0 0 1 1 0 1 0 0 -1 -1 0 1 0 1 2 0 1 0 0 0 -1 0 -1 0 0 1 0 -1 -1 0 1 0 0 -1 1 0 0 -2 1 -1 0 -3 0 -1 0 -1 0 2 0 1 -1 0 0 -1 0 0 0 1 0 2 1 1 1 1 0 -1 1 0 0 0 0 0 0 2 1 1 0 0 1 0 2 0 0 0 1 1 2 -1 0 0 0 3 -1 0 1 0 0 0 1 0 0 0 0 -2 -1 1 0 0 0 0 -1 0 -1 -3 0 -1 0 0 1 0 0 0 3 0 0 0 0 0 2 0 2 1 0 0 0 3 -1 0 0 0 0
0 0 2 2 0 2 0 0 0 1 -1 0 -1 -1 2 0 1 0 0 -1 1 0 1 0 0 0 0 0 0 0 0 1 0 2 0 18 0 1 1 0 0 0 -1 1 0 1 0 0 0 -1 2 0 -1 0 0 0 1 2 0 -1 0 2 1 2 0 0 1 0 2 1 1 -2 -2 0 -1 1 -1 1 0 3 1 -1 1 -1 2 1 3 -1 1 0 0 2 -1 0 1 -1 1 -2 -1 0 0 -1 -1 2 0 1 2 1 0 -1 1 1 0 2 0 0 1 1 0 1 0 0 1 0 -2 0 0 1 1 -1 -2 -1 -1 0 1 0 -1 0 0 -2 0 1 0 0 -1 2 1 0 -1 0 0 2 0 -1 0 0 0 0 1 0 0 3 1 1 0 0 -2 0 0 -1 1 0 -2 1 0 0 0 -1 -1 0 -1 -1 1 0 -1 0 0 -1 1 0 0 1 0 1 0 -1 1 0 1 0 1 0 0 0 0 0 0 0 0 2 2 0 0 -1 -2 2 -2 -1 1 -1 0 1 -2 0 0 0 0 0 -2 -2 0 0 0 0 0 0 0 0 -1 -1 0 1 1 0 0 2 0 0 -1 0 1 0 -1 -1 3 0 1 0 1 -1 -2 1 0 -1 0 0 1 -2 1 -1 -2 2 1 0 -1 1 0 0 1 2 0 0 0 2 -1 1 0 0 -1 1 -1 -1 -1 0 1 -1 -1 1 0 2 0 1 3 0 0 2 0 0 -1 2
0 -2 0 1 -1 1 1 0 0 0 3 1 0 0 -1 0 0 -1 0 0 2 -1 0 -2 0 1 0 4 -1 -1 2 1 -2 -1 1 0 25 0 1 1 0 1 -1 0 0 -1 0 0 0 -1 1 0 0 3 0 0 0 0 0 0 0 0 3 0 1 2 0 -2 3 0 3 2 1 0 0 0 -1 0 0 3 -1 0 0 -1 0 -1 0 -1 -1 -1 -1 0 -1 -1 -2 4 -1 0 -1 1 -1 2 0 0 -1 1 0 1 1 -1 1 1 2 -1 -1 0 0 -2 -3 -1 0 0 0 2 -1 0 -1 -1 0 -3 0 0 -1 -1 2 0 0 0 2 -1 0 -1 0 0 0 -1 -1 0 -1 1 1 0 0 0 0 -1 0 0 2 1 1 0 1 2 0 -2 1 2 2 1 1 1 1 0 0 -1 0 0 1 -1 0 0 0 -1 0 1 2 1 -1 -2 -1 1 -2 -1 2 0 1 1 -1 1 -1 -1 0 0 0 3 0 3 0 0 2 -1 1 0 0 0 1 -1 -2 2 0 -1 -1 -1 0 1 1 0 -1 -1 -1 1 1 -1 0 2 0 0 1 0 1 1 2 2 1 0 0 0 0 0 0 -3 0 0 0 1 1 -2 0 3 -1 0 2 -2 2 -2 0 -1 0 0 0 1 -1 0 0 0 2 -2 1 0 0 -2 -3 1 -1 0 0 0 1 -2 0 1 -1 -2 0 -1 -1 1 0 -3 -2 0 1 -1 -1 1 0 1 0 0
-1 0 -1 0 0 1 2 1 2 -2 1 -1 -1 0 0 1 1 1 1 0 0 0 1 1 0 0 -1 0 0 1 0 0 0 1 1 1 0 17 1 0 1 0 0 2 0 0 0 1 1 -1 1 0 0 1 0 1 0 0 -1 -1 0 -1 1 0 0 1 -1 1 3 0 -1 -2 -2 0 1 0 -2 0 1 1 1 0 1 -1 0 1 -1 -1 0 0 0 0 0 1 0 0 1 2 1 0 0 0 0 -2 1 0 -1 2 0 -2 0 0 0 -1 0 1 1 0 -1 -1 0 0 0 1 -1 0 -2 -1 1 -1 -1 0 0 0 -2 0 0 0 0 0 0 2 0 2 2 0 0 0 0 0 -1 -1 -1 -1 0 3 0 0 0 0 1 2 0 2 1 0 2 0 2 0 0 0 -1 2 0 1 0 0 1 -2 0 0 0 0 -1 1 0 0 2 -1 1 0 -2 1 0 0 0 0 -2 1 0 0 0 0 -2 0 0 1 1 0 -1 0 1 1 2 0 1 0 0 0 1 2 1 0 0 1 1 0 0 -1 1 2 0 -1 -1 0 2 0 0 2 0 0 1 0 0 0 0 0 0 -1 0 2 0 -1 0 2 0 -1 -1 1 1 1 0 -2 -1 1 0 0 0 0 3 2 0 -1 1 1 0 1 0 -1 0 0 0 0 0 0 -1 0 0 0 1 0 -1 0 0 1 0 0 1 3 0 2 1 -1 0 0 -2 2 -1 -1
2 0 -1 0 1 0 0 0 0 0 0 -2 0 1 0 2 2 0 -1 0 0 0 1 2 1 -1 -1 1 0 0 0 -1 0 0 0 1 1 1 12 0 -1 1 0 0 -1 1 0 1 0 -1 2 -1 0 0 0 0 0 1 1 1 0 0 -1 0 1 1 0 0 1 0 1 0 1 0 0 2 0 0 0 1 3 -1 0 0 1 1 -1 1 0 -1 0 1 0 0 0 1 0 1 0 0 0 2 -1 -1 0 0 1 -1 0 0 0 0 1 0 0 0 1 0 0 1 0 0 0 0 0 0 0 1 0 2 1 -1 0 0 -1 1 1 0 0 0 0 1 0 1 0 0 1 0 0 -1 0 1 0 1 -1 1 0 0 0 2 0 -1 -1 2 0 1 -1 0 1 0 1 0 0 0 0 0 1 0 0 -1 0 -1 0 1 0 2 -1 0 -1 0 2 0 1 -1 -1 1 0 -2 1 0 1 0 1 0 0 -1 0 0 0 0 0 0 2 0 0 1 1 0 2 1 1 0 0 0 1 0 0 0 0 0 0 1 0 -1 -1 -1 1 0 1 1 1 -1 1 0 0 0 0 -1 -1 0 0 0 1 0 0 2 0 0 1 -1 -1 0 1 1 1 -1 1 0 0 0 0 1 0 0 0 0 0 -1 0 -1 0 1 1 -1 0 0 0 0 0 0 -2 0 0 1 0 0 0 0 0 -3 0 1 1 0 0 2 0 0 0 1
0 1 0 0 0 1 0 0 0 0 2 0 0 2 2 0 0 0 -1 1 0 0 1 1 0 0 0 0 -1 0 -1 0 1 0 -1 0 1 0 0 12 0 -1 0 -1 0 0 0 0 0 1 -1 1 -1 0 0 1 -1 0 0 0 0 1 0 0 0 -2 0 1 0 0 0 1 0 0 0 0 1 0 0 1 0 0 0 1 0 0 0 0 0 0 0 0 1 0 -1 -1 0 0 1 0 -1 0 0 0 0 -1 1 -1 1 -1 1 0 0 0 -1 1 -1 -1 1 1 0 0 0 0 -2 0 0 -1 0 -1 -1 0 0 0 0 -1 0 0 1 -1 0 0 0 0 0 0 0 -2 0 0 1 -1 0 0 -1 0 0 -1 0 0 0 0 0 1 1 0 0 1 0 0 1 0 2 0 -1 2 0 2 0 0 0 0 0 0 0 1 0 0 1 0 0 0 -1 0 1 0 0 -1 -1 0 -1 0 0 0 1 1 0 0 1 0 1 0 0 0 -1 0 1 0 0 1 0 0 -1 1 -1 0 3 0 0 0 -1 0 0 0 0 -1 0 0 0 0 0 0 1 -1 1 0 -1 2 -1 -1 -1 0 0 -1 0 0 0 0 0 -2 -1 0 -1 -1 0 0 0 0 0 0 0 0 2 0 1 -1 0 0 0 0 -1 1 -1 1 0 0 1 0 0 0 -1 -1 0 -1 0 1 0 1 -1 0 -1 0 1 0 1 0 1 0 2 0
0 0 1 0 0 0 0 0 -1 -1 0 0 -1 0 0 2 1 0 1 -1 0 0 0 0 0 -2 0 0 1 0 1 1 1 0 0 0 0 1 -1 0 13 0 0 0 0 0 -1 0 0 1 0 0 0 -1 0 0 1 2 0 0 -1 0 2 0 0 0 1 1 0 0 -1 0 1 0 0 -1 0 0 1 -1 1 1 0 -1 -1 1 -2 0 0 1 1 -1 0 0 1 1 0 0 1 0 0 0 1 0 -1 0 0 0 0 1 0 0 1 1 0 0 1 0 0 0 0 1 0 0 -1 -2 -2 1 0 -1 -1 0 0 0 0 -1 1 -1 1 0 0 -1 1 2 0 0 0 0 0 1 1 0 0 0 0 2 1 1 -1 -2 0 0 2 1 0 1 2 1 1 1 0 0 1 -1 1 1 0 0 0 0 0 1 0 1 0 1 0 0 1 0 0 2 2 0 1 0 0 1 -2 0 0 1 1 1 2 0 0 0 0 0 0 0 1 0 1 0 2 0 0 0 1 0 -1 -1 0 1 1 0 0 0 -1 1 1 0 0 0 1 0 3 2 0 0 1 -1 -1 1 0 0 -1 0 0 1 -1 1 0 3 1 -1 1 0 0 0 0 0 0 0 0 -1 0 0 1 0 0 0 -1 0 0 0 0 0 -1 -2 0 -1 0 -1 -1 -1 1 0 0 0 0 -1 1 -1 0 1 0 3 0 1 0 1 0 0 -2 0 0 0
-1 -1 0 0 0 0 0 0 0 0 0 -1 0 0 0 0 -1 0 1 0 0 1 1 0 0 -1 0 0 0 0 0 0 0 0 0 0 1 0 1 -1 0 9 0 0 0 0 1 0 0 0 0 0 0 0 0 0 0 1 2 -1 -1 0 0 0 -1 1 0 0 0 0 1 0 1 -1 0 1 1 1 0 -1 -1 0 0 0 0 0 0 0 0 1 0 0 1 0 1 0 1 0 0 0 0 0 -1 0 0 0 0 0 1 2 -1 2 1 0 -1 0 0 -1 1 0 0 1 -1 2 2 0 0 0 0 0 1 0 0 0 0 0 0 1 -1 0 0 1 -1 0 0 1 0 0 -2 0 0 1 -1 0 -1 0 0 0 -1 -2 0 0 0 1 1 1 -1 0 1 0 1 1 1 2 0 0 0 0 0 0 1 0 0 -1 0 1 0 1 0 2 1 1 -2 1 1 0 0 0 -2 0 0 0 0 0 -1 0 0 1 0 0 0 0 1 1 0 1 1 0 0 0 1 0 1 0 0 1 0 0 0 0 0 0 2 0 0 0 0 0 0 0 0 1 1 2 0 -1 0 0 1 0 1 0 1 1 0 1 0 0 0 1 0 0 0 0 0 0 0 1 0 0 0 0 -1 0 1 2 0 0 0 0 -1 1 0 0 0 0 1 0 0 0 0 0 0 2 1 0 0 0 0 0 -1 -1 0 0 0 0 -1 0 0 0
2 0 1 1 0 0 -1 0 0 0 0 0 2 1 -1 0 0 2 0 -1 1 -1 1 1 0 0 0 1 0 0 1 0 -1 1 0 -1 -1 0 0 0 0 0 16 1 -1 1 0 0 2 1 -1 1 -1 -2 2 0 1 0 1 0 0 -1 1 0 1 0 0 1 1 0 0 1 1 0 0 -1 1 0 0 2 0 0 0 1 0 1 0 2 -3 0 -1 -1 1 -1 -1 0 0 1 1 -1 1 -2 1 0 0 2 1 0 0 1 -1 0 1 -1 -1 0 1 3 0 0 0 1 1 2 2 -1 2 0 0 0 -1 2 0 1 0 0 -1 0 0 0 -2 0 0 0 1 -1 0 0 1 0 1 0 -1 0 0 0 1 0 0 1 1 0 1 0 0 -2 1 0 0 0 0 1 2 -1 0 1 1 0 -1 0 -1 0 0 0 0 -1 -2 0 1 -1 -1 2 -1 2 1 0 0 0 0 0 -1 0 0 2 1 0 0 0 0 0 0 1 1 1 3 0 -1 2 1 0 0 0 1 0 0 0 0 1 1 1 2 1 -1 -1 1 1 1 0 -1 0 0 0 1 0 -1 1 0 0 0 0 0 0 0 0 -2 -1 -1 -2 1 1 2 -1 0 1 1 -1 -1 2 0 0 0 0 0 -1 2 1 0 0 0 1 -2 -1 -1 -1 2 0 1 0 0 0 2 -1 -2 0 0 1 1 -1 0 -1 -1 1 1 -1 2 0 1 1 2 0
0 1 0 1 1 2 2 0 1 0 1 0 0 0 0 0 0 0 -1 0 1 0 1 0 0 1 0 0 2 0 0 0 2 1 2 1 0 2 0 -1 0 0 1 14 0 0 0 0 1 1 0 2 1 2 1 0 0 0 0 0 0 0 1 1 0 0 0 -1 1 0 1 0 0 1 0 -1 0 0 -1 1 0 -1 0 0 0 1 0 1 0 0 0 0 -1 2 1 0 1 -1 0 0 0 -1 0 -2 -1 2 -1 2 0 0 0 1 0 0 0 0 1 0 -1 0 -1 1 0 1 1 1 1 0 0 3 0 0 0 2 0 0 -1 0 0 1 0 0 0 0 -1 -1 -1 1 0 0 0 1 0 1 2 0 0 0 -1 1 3 1 0 0 -1 1 0 -1 0 0 0 1 0 0 1 1 -2 -1 1 0 1 0 1 0 1 1 1 0 1 -1 0 0 0 0 1 1 0 1 0 0 0 0 1 0 -2 1 -1 1 0 0 0 0 0 0 0 0 0 1 0 0 0 1 -2 1 3 0 0 0 0 2 0 0 1 0 0 0 0 1 0 -1 0 0 -1 1 0 2 -2 0 0 -1 1 0 1 0 -1 0 0 0 0 1 2 1 2 -2 0 0 0 1 1 0 1 3 0 0 -1 0 0 -1 0 -1 0 1 -1 0 1 0 0 0 0 0 2 -1 0 0 1 -1 0 0 0 1 0 0 1 1 0 2 -1 0 -2 0
0 2 0 0 0 1 -1 0 2 0 0 1 0 1 0 -2 0 0 -1 -1 -1 0 -2 1 0 1 0 -2 1 1 1 0 1 0 1 0 0 0 -1 0 0 0 -1 0 12 0 0 -1 -1 0 0 0 1 1 -1 1 -2 0 2 0 0 0 -1 0 1 0 0 0 0 0 1 1 0 0 0 1 0 0 0 1 1 -1 0 0 0 -1 0 0 0 0 -1 0 -1 0 -1 0 -2 0 1 0 0 0 0 0 0 -1 0 0 -1 0 0 1 1 1 -1 1 -1 -1 0 -1 2 0 0 0 -1 1 0 0 0 0 -1 0 1 0 0 -1 -1 0 0 -1 1 0 0 1 0 1 -1 0 1 0 0 1 0 0 0 0 -1 0 1 0 -2 0 0 -1 0 0 -2 0 0 0 1 0 0 0 1 0 -1 1 -1 -1 -1 0 0 1 0 0 1 1 1 0 -1 -1 1 1 0 0 0 1 0 -1 0 0 -2 1 -1 0 -1 0 1 1 0 -1 -1 0 0 1 1 0 0 -1 -2 0 1 0 0 0 0 0 0 0 0 0 -1 0 0 -1 1 -1 1 0 0 0 0 1 1 0 1 0 0 -1 0 0 0 -1 0 0 0 3 -1 -2 0 -1 0 -1 0 1 0 -1 -2 0 1 3 0 0 0 0 0 -1 0 0 1 0 0 0 0 0 1 0 1 1 0 0 1 1 0 0 0 0 1 0 1 0 0 -1 1 1 -2 1 -1 0
2 0 -1 0 0 0 -1 0 0 0 1 -1 0 0 -1 -1 1 1 0 0 1 2 1 0 0 -1 -1 1 1 0 0 0 1 0 0 1 -1 0 1 0 0 0 1 0 0 11 0 0 1 -1 0 -1 0 0 0 0 0 0 0 0 2 0 0 2 0 0 0 -1 -1 1 0 0 1 -1 0 0 0 1 0 0 0 0 0 1 1 0 0 2 0 1 0 0 0 1 0 0 1 1 0 -2 0 -1 0 1 -1 1 0 -1 0 2 -1 1 -2 1 0 0 -1 1 -1 0 0 0 -1 0 -2 1 0 0 1 -1 -1 0 0 -1 0 0 0 0 -1 0 0 2 0 0 0 0 1 1 1 0 -1 0 0 0 0 -1 1 0 0 0 0 0 0 -1 -1 1 -1 -1 -1 -1 -2 -1 0 0 0 1 0 0 0 0 0 -2 0 -1 -1 -1 0 0 0 0 1 0 -1 0 0 -1 0 1 0 0 0 0 1 1 0 1 0 0 0 0 -1 1 -2 0 0 1 0 1 1 1 0 0 1 0 1 -1 -2 0 -2 0 1 0 1 0 3 0 1 -1 1 0 0 0 2 -1 0 0 0 1 0 1 0 0 -2 0 1 0 1 1 1 -1 -1 0 -1 0 1 0 0 0 -1 1 -2 -1 0 3 -1 -1 -2 1 0 0 0 0 0 1 -1 0 0 -1 1 0 1 0 0 0 1 0 0 2 0 -2 0 0 1 0 0 1 0 -1 0 0
0 -1 -1 0 0 0 0 0 1 0 0 0 0 -2 0 0 1 0 0 0 0 -1 2 -1 0 1 0 2 0 1 0 0 0 0 1 0 0 0 0 0 -1 1 0 0 0 0 14 0 0 0 0 -1 0 1 0 0 -1 0 2 0 1 0 1 0 1 0 1 0 0 0 0 2 -1 0 -3 -1 1 0 -1 -1 0 1 1 0 0 0 1 -1 1 1 0 1 1 2 0 1 1 2 0 0 -2 0 0 0 1 0 1 0 -1 1 0 1 2 0 0 1 0 0 -1 0 1 0 0 0 0 -1 1 1 1 0 1 1 1 0 0 -2 0 -1 0 0 0 1 0 -1 0 0 0 0 -1 0 0 -1 1 0 1 1 -1 0 0 1 0 0 -1 1 0 0 0 1 3 1 1 0 0 1 1 1 0 -1 0 -1 0 0 1 -1 0 1 1 1 0 0 1 0 1 0 -1 0 0 0 -1 1 -1 0 1 1 -1 0 2 1 1 0 -1 -1 0 1 0 0 1 1 -1 2 0 1 -1 2 0 0 0 0 0 0 1 -2 0 0 2 1 1 0 1 -1 -1 1 0 0 0 -1 0 0 0 0 -1 0 0 -1 -1 1 0 -1 0 -1 0 -2 0 1 0 1 1 0 0 1 2 1 0 -1 2 1 -1 2 0 0 0 0 0 1 -1 1 0 -1 2 0 0 1 1 1 0 0 0 2 -1 0 1 0 0 -2 1 1 0 0 0 0
1 1 1 -1 0 -2 0 0 1 0 0 2 -1 1 1 0 -3 0 0 -1 0 0 -1 1 2 0 0 0 -1 -1 0 0 1 -1 1 0 0 1 1 0 0 0 0 0 -1 0 0 21 0 0 2 0 0 0 -1 0 0 1 0 2 -3 1 1 1 0 0 -1 0 0 2 0 -2 0 0 0 1 0 0 0 0 -1 1 0 0 0 0 -1 2 1 0 1 -2 0 0 0 0 0 1 -1 0 -1 0 1 1 1 -1 1 0 -1 0 -1 -1 -1 0 2 0 3 0 2 0 0 0 -1 0 3 -2 1 -1 3 -2 0 1 2 -1 0 0 4 0 0 1 0 1 0 2 -1 0 0 0 0 0 2 -2 0 -1 1 0 0 0 0 -1 0 0 0 1 -2 0 -1 -1 1 0 0 1 0 1 -1 1 -1 0 0 -2 0 1 -1 -1 -1 -1 -1 0 2 2 2 1 0 0 -2 -2 2 -1 0 -1 1 0 -1 2 -1 0 0 1 1 -1 0 0 4 1 1 0 1 0 0 1 0 0 0 0 0 1 3 1 -1 0 -1 0 1 -1 0 0 0 0 -1 1 0 -1 2 0 0 0 0 3 0 0 -1 -2 0 -1 0 1 0 0 0 -1 -1 1 0 1 1 0 0 0 0 0 -2 -1 0 -1 0 0 1 0 0 1 1 -1 0 1 1 0 -2 0 1 2 0 1 0 1 0 1 1 -1 2 1 1 1 -1 1 2 -1 -1 1 0 1
1 0 -1 1 -1 -1 2 2 -2 0 1 0 0 0 0 0 -1 1 1 1 0 1 -1 0 0 0 0 -1 2 -1 -1 1 1 2 1 0 0 1 0 0 0 0 2 1 -1 1 0 0 18 0 0 0 1 0 1 1 -1 0 0 0 1 0 0 -1 0 0 -2 1 -1 1 0 2 0 0 0 0 2 0 0 0 -1 0 0 2 0 1 0 3 1 -2 2 0 1 0 0 2 1 0 -2 -1 0 -3 -1 -1 0 0 0 1 -2 1 0 1 1 1 0 0 1 1 0 0 -2 0 -1 1 0 0 2 0 0 -1 1 0 0 0 0 -2 -3 0 -2 0 0 0 0 0 0 -2 -1 -2 1 0 0 0 0 0 1 1 -1 0 0 0 1 -2 -1 1 0 1 3 1 1 -1 0 -1 -1 -2 1 0 -1 0 0 2 0 0 0 0 0 -1 -1 -1 1 0 0 -1 0 1 2 -1 0 1 0 1 -1 0 0 1 1 -1 0 0 -1 0 0 0 0 2 2 0 -2 0 2 -1 0 0 -1 0 0 0 -1 2 1 -2 1 2 0 0 -1 0 1 0 1 0 0 -1 1 0 0 2 1 0 1 -1 1 0 -2 0 1 0 0 0 2 1 1 -1 0 -1 0 0 1 -1 1 3 1 3 0 -1 2 0 3 0 0 -1 1 -2 1 0 1 0 0 0 0 -1 1 1 0 0 -1 0 1 3 1 -1 1 0 0 1 0 3 0 -1 0 -2
2 1 0 -3 2 1 0 0 -2 1 0 0 -1 3 -1 -1 -1 0 0 0 1 0 0 -1 0 1 -1 0 1 0 0 0 -1 1 1 -1 -1 -1 -1 1 1 0 1 1 0 -1 0 0 0 21 -1 2 2 1 -1 0 1 0 0 0 0 0 0 1 0 0 0 3 0 -2 -1 1 0 0 1 0 1 -1 -1 2 -1 1 0 1 2 2 0 0 0 2 1 0 0 0 -2 1 -1 0 3 2 2 1 2 -1 0 0 -1 -2 0 2 3 1 0 2 -2 -1 0 0 0 0 0 1 -1 -2 3 0 1 1 0 0 -1 1 1 1 0 1 0 1 0 -2 1 0 2 -2 0 -1 0 0 0 1 -1 1 -1 0 0 0 0 1 0 -1 3 1 0 0 0 1 0 3 0 1 -1 0 1 -1 -1 -1 1 2 0 3 0 0 0 3 1 -1 1 -1 1 0 -1 0 1 0 1 0 0 -1 0 0 -1 0 -1 0 0 1 1 -1 0 0 1 1 1 3 2 0 -1 0 0 0 2 -1 -1 2 0 1 0 0 2 0 -1 0 1 0 -2 0 -1 0 2 0 0 0 -1 -1 -3 0 -1 0 2 1 -2 2 0 2 1 0 -1 1 0 -1 2 -1 0 0 -1 0 -1 0 2 -1 1 -2 4 0 -2 0 1 2 0 2 -1 0 3 0 0 -1 0 0 -1 0 0 1 -1 1 -1 -1 0 0 0 0 1 0 0 0 0 -1 0 0 0 0
1 1 0 0 2 0 -1 1 1 1 1 -1 0 1 -1 1 0 -1 2 -1 2 -1 0 2 1 0 -1 0 -2 0 0 0 1 -1 0 2 1 1 2 -1 0 0 -1 0 0 0 0 2 0 -1 26 0 -1 0 1 0 0 1 1 1 1 1 0 1 1 0 0 0 1 2 0 -1 1 0 0 0 0 -2 0 4 1 0 1 0 0 -2 -1 0 0 -2 0 0 -1 -2 1 3 0 1 -3 1 1 0 1 0 1 1 1 1 -1 2 -1 0 2 1 0 -1 2 -1 -2 1 0 1 0 2 0 0 0 1 2 2 -1 -1 -1 0 -1 1 2 1 0 0 3 -2 2 1 -1 0 -2 2 0 1 -2 2 -1 -3 0 2 0 1 -1 0 4 2 1 0 -1 0 1 3 0 0 1 1 0 0 0 0 0 1 1 1 0 0 -1 -1 0 -1 2 -2 -2 -1 0 1 0 0 -2 -1 1 -2 -1 -1 3 1 -1 0 -2 1 -1 -1 0 -1 -1 0 -2 1 0 1 1 0 1 -1 0 1 -1 0 1 -1 -1 0 -1 0 0 0 2 0 1 1 -1 1 0 1 0 -1 0 1 -2 1 1 -1 1 -2 0 -2 3 -2 0 0 1 0 0 2 2 1 2 1 -1 0 1 1 1 1 0 1 0 2 1 -2 2 0 -1 -1 -1 -2 1 3 -1 0 0 1 0 1 -1 0 -1 3 1 -1 -1 0 -1 0 0 1 0 -2 -2 1 1 0 0 0
2 1 0 1 0 -1 0 0 0 -1 -1 1 -3 0 -1 -1 -1 0 0 0 0 1 -1 0 0 1 -1 1 -1 0 0 0 -2 0 1 0 0 0 -1 1 0 0 1 2 0 -1 -1 0 0 2 0 18 0 -1 0 1 0 1 0 0 1 1 1 0 0 -1 1 0 1 1 1 -1 0 1 1 0 -1 2 1 0 -2 0 0 0 1 0 0 0 0 1 0 0 1 1 0 1 0 0 -2 1 1 0 0 1 1 0 -2 0 2 0 0 0 0 1 0 0 1 0 2 0 0 0 0 -2 1 0 1 0 1 0 0 1 1 3 0 2 -1 1 1 0 0 2 0 0 0 -2 -1 0 -1 0 0 0 0 0 1 1 -1 -1 -1 2 1 0 0 -1 0 1 1 0 0 0 -1 1 0 0 -3 -1 -1 3 0 3 0 -3 -1 1 -1 -2 2 1 1 1 1 -1 -1 0 0 1 2 0 -1 0 1 0 0 1 1 1 -1 0 -3 -1 0 0 0 0 1 0 0 1 0 0 -1 1 0 -1 1 -1 2 0 1 -1 -1 0 0 1 -1 1 1 -1 -1 0 0 0 -1 2 1 1 1 0 0 0 0 -1 0 0 1 1 -2 2 0 2 2 1 1 0 0 -1 1 2 1 -1 -1 0 -1 -2 0 0 -1 -1 0 0 -2 0 -1 0 1 -1 0 2 -1 0 0 -1 0 1 -1 -1 0 1 1 2 0 -1 1 1 1 1 0 -1 0 -2
-1 0 0 0 -1 1 1 1 -2 0 0 -1 0 1 -1 0 1 0 0 0 1 -1 0 -1 -2 0 0 0 1 0 3 3 0 1 -1 -1 0 0 0 -1 0 0 -1 1 1 0 0 0 1 2 -1 0 16 0 0 0 -1 0 -3 0 0 -1 -1 -1 0 0 0 0 0 0 0 1 0 0 1 0 0 0 1 0 1 0 1 2 0 1 -1 0 0 1 0 1 0 0 0 1 0 0 0 1 0 -1 0 0 2 -1 1 0 0 1 1 1 -2 1 1 0 1 -1 0 0 -2 1 0 -1 1 2 0 0 1 2 0 2 -2 0 -1 0 1 0 1 0 1 0 2 -2 2 0 0 1 1 0 0 0 0 -1 2 0 2 0 1 0 0 0 0 -2 0 0 0 0 1 1 0 -1 0 0 0 0 0 -2 0 0 0 0 0 0 0 -1 0 1 1 1 1 0 1 -1 2 0 1 0 0 1 1 0 0 0 -1 -1 0 1 -1 -1 2 2 0 2 2 1 0 0 1 0 -1 0 0 0 3 0 -1 -1 0 0 0 1 1 0 -1 -2 1 0 0 0 0 1 0 1 0 0 0 -1 1 0 -1 1 -1 1 2 0 0 1 1 0 3 -1 0 1 0 -1 3 -1 0 0 2 -1 -1 0 -1 0 0 0 0 2 1 1 2 -1 0 -1 0 -1 1 1 1 3 0 1 1 0 1 3 0 0 0 0 -1 2 1 0 1 0 0 -1
0 0 0 0 0 0 -2 -1 0 -1 -1 0 0 0 0 0 0 2 0 0 1 0 0 -1 0 2 2 0 -2 1 -1 0 0 -1 1 0 3 1 0 0 -1 0 -2 2 1 0 1 0 0 1 0 -1 0 15 1 0 0 0 -1 -1 1 0 3 0 -1 -1 0 -1 1 0 1 -1 -2 0 0 -2 -1 0 0 3 0 -1 0 0 0 0 1 -1 1 0 0 1 -1 1 -1 0 0 -1 1 0 1 0 0 0 0 1 0 1 -1 -1 0 -1 0 0 -1 -1 -1 0 -2 0 -1 0 0 -1 -1 1 0 -1 1 0 1 0 1 -1 0 -1 0 0 -1 0 -1 -1 0 2 1 -1 -1 0 0 1 -1 -2 0 0 1 0 0 1 -1 1 -1 -1 -1 0 0 -1 -1 0 0 0 1 -1 0 0 0 0 1 -1 1 0 0 -1 1 1 0 1 0 1 0 -1 -1 -2 1 -1 1 0 -1 0 0 1 -1 0 1 0 0 1 1 1 0 1 1 -1 0 -2 0 1 -1 0 0 0 0 0 -1 1 -1 3 1 0 0 0 0 1 1 0 -1 -1 0 0 1 0 0 -1 -1 0 -1 0 -1 0 -1 1 1 0 0 -1 0 1 0 0 1 0 -1 0 0 0 0 1 0 -2 0 -1 0 1 0 -1 0 0 -1 0 0 0 2 1 0 0 1 1 0 0 -1 0 -1 1 1 1 0 -1 0 1 1 0 0 0 -2 0 1 3 -1 -1 0 1
0 0 1 1 0 0 2 0 0 0 0 -1 1 -2 0 0 2 -1 2 0 1 1 1 2 -1 0 0 0 1 0 0 0 -1 1 -1 0 0 0 0 0 0 0 2 1 -1 0 0 -1 1 -1 1 0 0 1 14 0 0 0 -1 0 1 1 -1 0 -1 -1 0 -1 1 1 0 -1 -1 -1 -1 0 0 0 -2 0 1 0 0 -2 0 0 0 0 0 1 0 -2 1 -2 3 0 1 0 -1 0 0 -1 1 0 0 2 0 0 0 1 0 0 1 0 -1 -1 1 0 0 1 0 1 3 2 0 0 1 0 2 0 0 1 1 0 0 1 -1 0 0 0 -1 -2 -1 0 0 0 0 1 -1 0 0 1 1 1 0 0 0 0 -1 1 2 0 0 -2 0 0 1 1 1 0 0 0 0 -1 1 2 0 0 0 0 0 1 -1 0 0 2 -1 -1 0 -1 0 1 0 3 0 -1 0 0 -1 1 0 0 0 -1 0 0 1 -1 -1 0 -1 0 0 0 1 1 -2 2 0 0 0 0 -1 0 -1 -1 0 0 2 1 1 -1 3 0 0 0 0 0 -1 1 0 0 0 0 -1 0 0 1 0 0 1 0 0 0 0 0 1 1 0 3 0 0 0 0 0 0 0 0 2 1 0 0 1 1 0 2 -1 1 0 0 -1 1 0 0 2 0 0 0 0 0 1 -1 0 3 4 0 1 -1 1 -1 0 -1 1 -1 1 0 0 0 1 0
0 0 0 0 0 -1 -1 0 0 0 0 -1 0 0 0 -1 0 0 0 -1 1 0 -1 1 0 0 1 1 1 1 -1 0 0 0 0 0 0 1 0 1 0 0 0 0 1 0 0 0 1 0 0 1 0 0 0 11 -1 0 1 -1 0 0 0 0 0 0 0 1 -1 1 0 0 -1 0 0 1 1 -1 0 0 0 0 0 0 0 0 0 1 0 0 0 0 1 1 1 0 0 0 0 -1 0 0 0 -1 0 1 -1 1 2 0 0 0 0 1 0 0 0 0 -1 0 1 0 0 0 -1 0 0 1 0 1 2 0 0 0 0 0 0 0 1 0 0 1 0 0 0 0 -1 -1 0 0 0 -1 0 0 0 2 0 0 0 1 0 0 0 0 1 0 0 -3 -1 0 -1 0 0 1 0 1 0 2 -2 1 -1 0 1 1 -1 1 1 0 1 0 1 0 -1 0 0 1 2 0 -1 2 0 0 1 0 -1 0 1 0 1 1 0 0 0 0 2 0 0 0 0 -1 0 1 0 -1 1 0 0 1 0 0 -1 0 0 0 0 0 -1 0 0 0 0 1 1 0 0 0 3 2 0 1 0 0 0 0 -1 3 1 0 0 1 1 0 0 -1 1 0 0 -1 0 1 2 2 1 0 3 1 0 -1 0 0 1 0 0 0 1 0 0 0 0 -1 0 0 0 1 0 1 1 -1 0 0 0 0 1 0 0 -1 -1 0 -1 1
-1 0 1 1 0 -1 0 0 0 -1 0 0 -1 0 -1 0 1 0 -1 0 0 -1 0 0 0 0 0 0 0 0 0 0 -2 -1 0 1 0 0 0 -1 1 0 1 0 -2 0 -1 0 -1 1 0 0 -1 0 0 -1 13 -1 0 -1 -1 0 0 0 0 0 2 0 1 0 0 -1 -1 0 0 0 -1 0 -1 -1 -4 0 0 0 0 0 0 0 -1 -1 -1 -1 0 0 0 0 0 -1 4 0 1 1 -1 1 0 0 0 0 -1 0 0 -1 0 -4 0 -1 0 0 1 2 0 0 0 -1 1 1 -1 1 0 0 0 0 1 0 0 1 0 0 0 0 0 1 0 -1 0 2 0 0 0 0 0 1 0 -1 -2 -1 1 0 -1 0 0 0 0 1 -3 0 1 0 0 0 -1 0 -1 2 -1 0 0 -1 0 0 1 0 0 -1 -1 0 0 -1 0 0 1 0 0 0 0 1 0 -1 0 0 1 -1 0 0 2 0 1 0 -2 0 0 1 2 -1 1 0 1 0 0 0 0 0 1 -1 0 0 0 -1 0 1 0 1 0 0 0 0 1 -1 0 0 0 0 -2 -1 -2 0 0 -2 1 0 0 -1 0 0 0 0 0 0 1 0 0 0 0 -1 0 -1 0 1 1 0 -1 -1 -1 -1 -1 0 0 0 1 0 -1 -1 1 -1 0 -1 -1 0 -1 0 0 0 -2 0 1 0 0 0 0 0 0 0 1 -1 -1 -1 0 -1 -1 0
0 0 0 0 2 0 0 1 -1 0 0 1 0 0 0 0 1 0 0 0 1 0 0 1 0 0 -1 -3 1 1 -1 -2 0 1 -1 2 0 0 1 0 2 1 0 0 0 0 0 1 0 0 1 1 0 0 0 0 -1 19 0 0 -1 1 0 0 1 2 1 0 2 -1 -1 0 0 -1 0 3 0 1 1 0 2 0 0 1 0 -1 0 2 0 1 0 -1 0 1 1 2 0 1 -1 0 0 -1 1 0 -1 0 1 -2 0 0 -2 2 4 -1 1 0 0 0 1 0 0 0 2 1 -1 -1 0 -1 0 -1 1 1 0 0 0 -1 0 0 1 1 2 -1 0 0 -1 -1 1 1 0 -1 0 0 -1 0 1 1 0 3 0 0 0 1 0 -1 0 1 0 1 -1 0 1 -1 0 0 -1 2 0 0 0 -1 0 0 1 0 0 0 1 1 1 2 0 1 -1 0 0 1 2 2 0 0 0 1 1 0 0 1 -1 -1 0 2 -1 0 -1 1 1 0 -1 0 1 1 1 0 0 -2 -1 0 4 1 0 0 -1 -1 1 0 1 1 0 -1 1 1 1 -1 0 1 0 1 -1 0 -1 -1 1 1 -1 1 1 0 -1 1 -1 2 0 -1 -1 2 -1 0 0 0 2 0 -1 0 0 2 0 0 -1 0 1 2 0 2 0 2 1 0 -1 0 1 -1 -1 0 0 2 1 -2 0 -1 1 0 1 0 0 0 0 0 1 1 0 1
1 1 0 0 1 0 0 0 1 1 -1 1 1 0 0 -2 -1 -1 -1 -1 1 0 0 1 -1 0 0 1 0 1 -1 -1 1 0 2 0 0 -1 1 0 0 2 1 0 2 0 2 0 0 0 1 0 -3 -1 -1 1 0 0 18 0 0 0 0 0 1 -1 1 0 1 1 1 0 2 0 1 1 1 0 -1 -1 -1 0 0 0 0 1 0 0 -1 0 1 1 1 -1 0 -1 -2 0 0 2 0 2 0 0 0 1 0 0 0 3 0 0 1 -1 -1 1 0 1 1 -1 1 0 -1 2 0 0 0 0 0 1 0 2 3 0 1 -1 -1 0 0 0 0 2 0 1 0 0 -1 0 -1 -1 0 2 0 0 0 0 -1 0 0 1 -3 0 0 2 0 0 0 1 1 0 1 0 1 0 1 0 0 2 -1 -1 0 0 2 1 1 2 0 -1 -1 0 1 -1 0 2 0 0 0 1 -1 0 0 -1 0 3 0 1 0 0 2 1 0 0 -1 1 0 -1 0 0 1 0 1 2 1 0 0 1 0 1 0 0 0 0 0 -1 2 -1 0 0 0 0 0 0 1 0 0 1 0 1 0 0 -1 1 1 2 -1 2 1 -1 0 0 0 1 0 1 -1 -1 -1 1 0 0 0 2 0 1 0 0 -1 0 0 1 0 -2 0 0 0 0 0 0 1 0 0 -1 0 2 1 1 0 -1 0 0 1 0 0 -1 1 0 0 1 1 0
1 0 0 0 1 0 0 1 1 1 0 0 0 1 0 0 0 0 0 -1 0 1 0 0 0 -1 -1 -2 0 0 -2 0 0 2 0 -1 0 -1 1 0 0 -1 0 0 0 0 0 2 0 0 1 0 0 -1 0 -1 -1 0 0 13 0 -1 1 0 1 1 1 1 -1 0 0 1 2 0 -2 0 0 0 -1 2 2 1 0 0 0 -1 -2 2 0 0 -2 -1 0 0 0 0 0 0 -1 0 1 0 1 0 0 1 0 -1 0 -1 0 -1 2 0 1 0 1 1 1 0 0 0 1 0 0 -1 -1 0 0 -2 1 0 1 0 0 0 1 0 0 0 0 2 0 1 0 -2 0 0 1 0 0 0 1 1 1 -2 0 0 0 1 0 0 -2 1 0 0 1 1 1 0 0 0 1 0 -1 -1 0 0 0 0 0 -1 1 0 0 1 0 0 2 3 1 -1 2 0 -1 0 1 0 0 -2 1 0 1 0 0 0 -1 0 -1 -1 -2 -1 0 0 0 -2 1 0 0 1 -1 -3 1 0 0 -1 0 1 0 0 2 2 -1 0 0 -1 -1 0 0 0 0 -2 0 0 0 0 0 -1 0 0 -1 -1 0 0 1 0 0 -2 0 0 0 0 1 0 -1 1 0 1 0 0 -1 -1 1 0 -1 1 0 0 0 1 2 1 0 0 0 0 0 0 0 2 0 0 0 0 0 1 0 1 0 -2 0 -1 -1 0 -2 0 1 -1 0 0
0 0 0 1 -1 1 0 -1 0 0 1 0 1 -1 -1 -1 2 1 0 0 0 1 0 0 -2 0 0 0 0 0 -1 0 0 0 1 0 0 0 0 0 -1 -1 0 0 0 2 1 -3 1 0 1 1 0 1 1 0 -1 -1 0 0 16 -1 0 2 -1 0 0 -2 -1 0 0 0 0 0 0 -1 0 1 0 1 0 0 0 -1 1 -1 0 -1 0 0 -1 2 0 0 -1 0 0 0 -1 0 1 0 0 1 0 2 0 0 0 1 0 1 1 0 0 1 -1 1 0 0 -1 0 0 0 -2 2 1 1 1 -1 -1 0 -1 0 0 1 -3 1 0 0 0 0 1 -1 0 -2 1 1 0 0 -2 -1 1 -1 0 0 -1 2 0 0 1 -1 0 0 3 -1 2 0 -1 -1 1 0 2 -1 2 0 0 -1 -1 1 0 -3 -1 0 1 1 1 0 -1 -1 1 -3 0 0 0 1 0 1 0 0 0 0 -2 0 -1 0 0 -1 -3 2 0 1 -2 0 1 2 -2 0 -2 0 0 0 0 1 0 0 -1 1 0 1 0 1 0 0 2 0 -1 0 2 0 2 -1 0 0 0 0 -1 -1 0 0 0 0 0 1 0 0 -3 -1 0 -2 2 -1 1 -1 0 0 1 0 0 0 0 0 2 1 -2 0 2 0 0 0 0 -1 0 0 -1 0 1 -1 -1 0 0 0 1 0 1 0 0 3 -1 -1 0 -1 1 0 0 0 0 -2 0 0
0 0 0 1 3 0 1 0 0 0 0 0 1 1 1 2 0 0 2 1 -2 -1 0 2 1 0 0 0 0 2 -1 0 -1 1 0 2 0 -1 0 1 0 0 -1 0 0 0 0 1 0 0 1 1 -1 0 1 0 0 1 0 -1 -1 15 3 1 0 0 0 -1 0 1 0 1 0 0 -2 0 0 1 1 -1 0 0 0 0 0 1 2 0 -1 0 0 1 0 0 0 0 0 0 0 -1 0 0 0 1 0 0 0 -1 -1 0 2 0 -1 1 0 0 1 1 1 2 0 0 0 0 0 1 -1 0 -1 0 0 0 0 1 0 1 2 -1 -1 0 1 1 -1 1 0 0 0 0 -1 0 -1 1 0 0 0 1 -1 0 0 1 1 0 0 2 0 0 -3 2 0 0 1 0 1 0 0 0 1 1 0 -1 0 0 0 0 0 0 0 1 0 1 0 -1 -1 -1 -1 0 1 0 0 1 1 0 0 0 0 0 -1 1 -1 -2 1 0 0 0 1 -2 0 0 1 0 0 0 -1 0 0 0 2 0 1 -1 1 0 0 0 1 0 -1 -1 0 0 0 0 0 1 0 1 -1 0 0 0 0 0 1 0 0 1 0 3 -1 0 0 -1 0 1 1 1 0 1 1 -1 0 0 0 -1 0 -1 0 0 0 2 0 0 -1 1 0 0 0 0 0 0 0 -1 -1 0 1 -1 0 1 0 0 0 0 0 -1 2 0 0 0 0 0
0 0 0 1 -1 -1 0 -1 -1 -1 0 -1 3 0 0 1 1 0 1 0 0 0 1 -3 1 2 -1 -1 1 0 -2 1 -2 2 0 1 3 1 -1 0 2 0 1 1 -1 0 1 1 0 0 0 1 -1 3 -1 0 0 0 0 1 0 3 22 -1 2 0 0 -1 0 1 0 -2 1 1 0 -3 0 0 -1 -1 -1 -1 1 0 -2 -2 0 -1 -2 1 0 -1 1 2 -1 1 0 0 0 1 0 0 1 -1 0 2 1 -1 1 0 1 -1 0 1 -1 1 0 2 0 -1 0 0 -1 -1 0 -1 0 0 0 -2 -2 0 1 1 -1 0 0 1 0 -1 -2 1 -1 0 1 -2 0 0 -2 1 -4 -1 0 1 1 0 0 2 0 0 -2 -1 0 3 0 -1 2 0 0 0 0 -2 0 0 2 -1 -1 1 1 0 0 0 0 1 0 -1 1 2 2 -2 0 1 0 0 2 1 1 3 0 1 -1 0 1 0 1 1 0 3 0 1 2 0 0 -1 0 -1 0 1 1 2 2 0 0 0 0 2 2 1 -1 -1 2 2 2 1 0 1 0 0 0 2 0 0 3 0 0 2 0 0 0 0 0 0 1 1 -1 1 1 -2 -1 0 -1 0 -2 0 1 0 -1 -1 0 0 0 0 1 -2 2 0 1 1 1 -1 0 1 -1 0 0 1 1 0 2 0 0 0 -1 -2 -2 0 0 0 1 0 0 0 -1 -1 0 1 0 -1 1 0
1 0 1 0 1 0 -2 -1 1 1 0 0 1 0 1 -2 1 1 0 1 0 1 1 0 -1 0 1 0 1 0 0 -1 0 -1 0 2 0 0 0 0 0 0 0 1 0 2 0 1 -1 1 1 0 -1 0 0 0 0 0 0 0 2 1 -1 19 -1 1 -2 0 -1 1 0 0 -1 1 0 1 0 -1 0 0 0 0 0 2 0 0 0 0 1 0 1 2 -2 1 -1 0 0 0 0 1 0 1 0 0 0 1 1 2 0 2 -1 1 0 1 0 0 0 0 -1 1 -1 1 -1 0 1 0 -2 0 0 -1 0 0 0 0 0 -2 0 -1 1 0 1 0 0 0 0 2 1 3 2 1 1 0 0 0 0 1 0 0 0 0 3 1 0 1 0 -2 1 0 -2 1 0 1 1 -1 -1 1 0 1 0 1 0 -1 0 0 0 0 0 -2 0 0 0 0 0 0 0 0 1 1 0 0 1 0 0 2 0 1 0 1 -1 -2 0 0 0 2 1 0 2 1 0 1 0 0 -1 -1 0 0 2 0 0 1 -1 -1 1 2 1 1 0 -1 2 -1 -1 -1 2 0 0 1 0 1 1 1 1 0 -1 0 0 0 0 1 -1 -1 0 1 1 0 2 1 -2 0 -1 -3 0 0 -1 1 -2 0 0 0 0 0 -2 -2 0 -1 0 0 0 0 1 0 -1 0 2 1 1 1 0 2 -1 0 0 1 -1 -1 0 -1 1 -1 -1 1
1 -1 -1 0 0 1 0 -1 1 -1 0 -1 0 -1 0 0 0 0 0 1 0 0 -2 1 0 0 -1 -1 0 0 -1 0 -1 0 -1 0 1 0 1 0 0 -1 1 0 1 0 1 0 0 0 1 0 0 -1 -1 0 0 1 1 1 -1 0 2 -1 18 0 3 -1 0 0 -1 1 0 0 -1 1 1 -3 0 1 0 -1 0 -1 -1 0 -2 0 0 -1 0 0 0 -2 2 0 1 0 1 -1 0 0 -1 0 0 0 0 -1 -2 0 -1 1 1 1 3 0 0 -2 -1 0 1 0 -1 0 -1 0 1 2 0 1 -4 2 1 0 0 0 -3 0 0 0 -1 0 0 0 0 1 1 0 0 0 -2 2 0 0 0 0 -1 0 0 2 -1 0 0 2 2 -1 0 1 1 0 0 1 0 1 0 -1 -2 1 0 0 -1 0 0 0 0 0 0 0 1 1 -1 2 -1 -1 -1 0 0 0 0 0 0 -2 -1 1 0 1 2 0 0 -1 0 0 -1 1 0 1 0 -1 0 1 0 2 -1 -1 0 1 4 -1 -1 -1 -2 0 -2 1 1 1 1 0 0 0 1 -3 1 1 0 0 1 1 -1 -1 0 -1 1 0 -1 0 2 1 1 -1 0 1 -1 0 0 -2 -1 0 1 -1 1 1 2 0 2 -2 -1 0 0 1 1 -1 0 0 -1 1 1 0 0 2 1 0 0 0 2 0 0 -1 0 -2 0 1 0 0 0 1 0 0 0 -1
0 -3 -1 1 1 1 -1 1 3 0 0 -2 -1 0 -3 0 1 -1 0 -2 -1 0 1 -3 -1 0 0 -2 0 0 3 0 0 1 2 0 2 1 1 -2 0 1 0 0 0 0 0 0 0 0 0 -1 0 -1 -1 0 0 2 -1 1 0 0 0 1 0 18 0 0 0 0 0 0 1 -1 0 3 0 0 0 1 0 0 0 0 1 -1 0 1 0 0 0 0 -1 0 0 1 0 0 -1 0 -2 -1 0 -1 0 1 -1 0 1 0 -2 4 2 -1 1 0 1 -1 -2 -1 0 -2 -1 1 1 -1 -1 1 -1 0 0 -1 -1 0 -1 -1 0 0 0 0 1 0 0 -1 0 0 -1 1 0 1 1 -1 0 -1 -1 1 2 0 0 0 0 0 0 1 -1 0 0 0 0 2 2 2 0 0 0 0 0 -2 1 0 0 0 0 -2 0 1 1 1 0 2 0 2 0 -2 1 0 1 0 1 -2 0 0 0 0 1 -1 -1 -1 1 0 0 0 3 1 -1 -1 0 0 -1 -1 2 1 0 0 0 -1 0 0 0 0 2 -1 0 -2 0 3 0 -3 3 0 0 1 1 0 -1 0 0 0 0 -1 0 -1 0 -1 -1 1 -1 -1 0 0 0 -2 1 -1 1 2 0 1 0 -1 0 1 0 1 0 0 0 0 0 0 0 2 -1 0 0 0 -1 1 0 0 1 1 0 -1 1 0 -1 -1 0 0 0 1 2 1 0 0 0 2 -1 1
1 -1 0 2 0 0 0 0 1 0 0 0 -3 -2 0 1 0 0 0 0 2 0 -1 0 -1 -1 0 1 0 0 0 0 0 2 0 1 0 -1 0 0 1 0 0 0 0 0 1 -1 -2 0 0 1 0 0 0 0 2 1 1 1 0 0 0 -2 3 0 14 -1 0 0 0 1 0 0 -1 1 0 0 0 0 0 2 1 -1 0 0 0 1 1 0 0 0 1 -1 0 2 -1 1 0 -1 0 0 1 1 0 0 1 -1 0 0 -1 0 1 1 1 0 -1 0 1 0 2 0 1 0 -1 0 0 0 0 1 -1 0 1 -1 1 1 0 0 0 -1 0 0 0 -2 0 0 0 0 0 0 -2 0 0 0 -2 -1 0 0 0 0 0 1 1 0 1 0 1 0 0 1 0 1 0 1 -1 0 0 0 0 0 0 -2 0 0 0 1 0 0 0 1 0 0 0 -1 0 2 0 2 -1 0 0 0 0 2 1 0 1 0 -1 0 0 0 0 0 -1 0 0 -1 1 1 1 1 1 1 0 0 1 0 1 -1 -1 1 -1 -1 1 1 -1 0 0 0 0 0 0 0 1 -1 0 0 0 -1 -2 0 -1 0 0 2 0 1 2 1 0 -1 1 1 0 0 0 0 1 0 0 0 1 1 0 0 -2 0 0 1 -1 1 0 0 0 1 1 0 0 1 0 0 0 0 2 -1 0 0 0 2 0 0 0 0 -1 1 0 -1 -1 0
0 1 -1 -1 -1 1 -1 0 0 0 0 0 0 1 1 1 -1 0 0 -1 -1 0 0 1 4 1 0 0 0 0 -1 -1 0 1 0 0 -2 1 0 1 1 0 1 -1 0 -1 0 0 1 3 0 0 0 -1 -1 1 0 0 0 1 -2 -1 -1 0 -1 0 -1 18 0 1 0 1 0 0 0 0 0 0 0 1 1 -1 0 1 0 0 0 1 -1 0 -1 -1 -1 0 0 1 0 0 2 1 1 -1 0 -1 0 -1 1 0 0 -1 1 -1 3 0 -2 0 1 0 2 0 -1 -1 0 -1 2 -2 -2 0 0 -1 0 0 1 2 1 -1 1 1 0 -1 0 0 1 1 -2 0 -1 0 0 0 0 0 -1 0 0 -1 0 0 0 1 -1 0 0 2 -2 0 0 0 0 2 0 0 -1 0 1 -1 0 2 0 0 0 1 1 1 0 -3 1 0 1 1 -1 0 0 0 0 2 0 0 0 0 0 -1 -2 1 0 1 0 -1 2 -2 -1 0 1 2 1 0 1 0 0 -1 0 2 0 0 -1 0 -2 1 1 1 0 1 1 0 1 -1 0 1 2 0 0 0 1 -2 -1 1 -2 -1 0 1 0 -1 -1 1 1 0 0 -1 0 0 0 0 -1 0 1 0 -1 -1 1 0 1 0 0 -1 0 0 0 0 0 0 1 0 -1 -2 1 0 0 1 0 -1 2 2 0 0 -2 -1 -1 3 0 1 0 1 0 1 0 -1 0 1 1 0
0 1 0 1 -1 -1 0 0 0 1 0 0 -1 0 1 0 2 0 1 0 -1 0 0 0 0 1 0 2 -1 0 1 1 0 1 0 2 3 3 1 0 0 0 1 1 0 -1 0 0 -1 0 1 1 0 1 1 -1 1 2 1 -1 -1 0 0 -1 0 0 0 0 18 0 0 1 0 0 0 1 -3 -1 -1 3 1 -1 0 -1 0 2 0 -1 0 -1 0 0 -3 -2 0 0 1 1 2 -1 2 0 2 0 0 0 0 1 -1 0 0 0 1 0 -1 -1 0 2 -1 0 0 0 3 0 0 0 1 -1 1 0 0 0 0 0 1 0 0 0 1 2 0 1 -1 0 0 2 0 0 3 0 1 -1 0 -1 0 2 1 0 0 0 0 5 0 0 0 -2 0 0 1 0 0 0 0 0 0 0 -1 2 -1 -2 0 1 1 0 1 0 0 1 0 -1 0 0 -1 1 1 1 2 -1 0 0 0 1 1 0 0 0 -1 -1 0 0 1 0 0 0 0 0 0 0 0 1 0 -2 -1 0 -1 0 3 0 0 -1 0 1 0 -1 -1 0 1 0 1 0 1 0 -1 1 0 1 0 -2 1 -2 1 0 0 0 -1 -1 0 -1 -1 3 1 0 -1 -3 0 0 0 0 1 0 1 2 -1 0 0 1 1 -1 1 1 0 0 -1 0 0 0 0 0 0 0 1 0 2 1 0 0 0 0 0 -1 0 0 0 0 0 0 0 1 -1 1
0 1 0 0 1 -1 0 2 1 0 0 1 0 1 1 0 0 -1 1 -1 0 0 0 0 1 -1 -1 0 0 1 0 1 0 -1 2 1 0 0 0 0 0 0 0 0 0 1 0 2 1 -2 2 1 0 0 1 1 0 -1 1 0 0 1 1 1 0 0 0 1 0 14 0 -2 1 0 0 0 0 1 -2 0 0 0 2 -1 2 -1 0 1 0 1 0 -1 -1 0 2 0 0 0 0 0 0 -1 -1 0 1 1 -1 -1 0 0 0 0 1 0 -1 0 0 0 2 1 0 0 0 1 0 1 0 -1 2 0 1 2 2 1 0 0 1 0 0 1 0 0 0 0 -1 0 -2 -1 0 1 -1 1 0 0 0 0 0 0 -1 2 0 0 0 3 -1 0 0 1 -1 1 0 -1 1 0 0 0 -1 1 1 0 0 0 1 1 0 -1 -1 0 1 1 0 1 1 1 -1 1 1 0 0 -1 0 0 1 2 0 0 0 1 -2 -2 0 0 0 -1 1 -1 1 0 1 1 0 0 1 0 2 0 1 1 1 0 0 1 0 0 0 0 0 -2 0 0 0 0 0 2 1 -1 2 2 1 1 0 0 1 -1 1 1 0 1 0 -1 1 -1 1 2 1 0 1 0 0 2 -1 0 -1 0 2 0 1 1 0 1 1 0 -2 0 0 2 1 2 0 0 -1 -1 0 1 0 0 1 0 0 1 0 0 0 -1 1 0 2 0 0 -1
0 0 0 0 -1 -2 0 0 0 2 1 0 0 1 0 -1 0 -1 0 -1 0 0 -1 0 0 0 1 0 -1 1 0 0 1 0 0 1 3 -1 1 0 -1 1 0 1 1 0 0 0 0 -1 0 1 0 1 0 0 0 -1 1 0 0 0 0 0 -1 0 0 0 0 0 13 -1 0 0 0 -1 1 0 -1 0 -2 -1 -1 0 0 0 0 0 0 -2 0 0 -1 -1 -2 -2 0 0 0 0 -1 0 -1 0 -1 1 0 0 0 0 0 0 -1 -1 -1 0 0 0 0 1 0 0 -1 0 1 -2 0 0 0 0 -1 -1 0 1 0 0 0 0 0 0 0 -2 -1 -1 0 0 1 0 1 -1 0 0 0 0 0 0 -1 -1 1 0 0 0 1 1 0 0 0 0 0 1 0 1 0 0 1 1 0 1 0 0 -1 -1 -1 0 0 -1 0 0 -1 0 -1 0 1 -1 -1 0 0 1 2 0 0 1 -1 0 0 1 0 1 0 0 -1 0 0 -1 0 0 1 0 0 0 0 0 0 0 0 1 -1 0 0 0 0 1 0 0 0 -1 0 1 0 0 0 0 1 1 0 -1 -1 0 -2 0 -1 0 0 0 0 1 -1 -1 0 0 0 0 1 0 0 -1 1 1 1 0 0 -1 -1 0 0 0 0 0 0 0 0 1 0 1 0 1 2 0 1 0 0 0 0 0 1 -4 0 1 -2 0 -1 -1 -1 1 -1 0 2 -1 0 0
0 0 0 1 -1 1 0 0 1 0 2 -1 0 0 0 0 1 0 -1 3 -1 0 -1 0 0 -1 0 3 0 -1 1 0 2 0 0 -2 2 -2 0 1 0 0 1 0 1 0 2 -2 2 1 -1 -1 1 -1 -1 0 -1 0 0 1 0 1 -2 0 1 0 1 1 1 -2 -1 23 1 0 -1 -1 1 1 -1 1 3 1 -1 0 0 1 -1 -1 3 0 -2 1 2 -1 -2 1 0 -1 1 0 1 0 1 -1 -1 -1 1 -2 0 1 0 0 0 3 1 0 0 0 -2 -1 0 2 0 0 -1 0 2 1 0 3 2 2 0 0 1 1 0 -1 1 -2 1 2 0 0 0 0 1 0 3 0 0 2 0 0 -1 0 0 1 0 -1 -1 0 1 0 -1 0 -1 2 -1 3 1 2 3 1 1 -1 0 -2 -1 -2 -1 0 1 1 1 1 3 -1 1 -1 0 -1 -2 2 2 2 0 0 1 1 0 -1 1 2 2 1 1 1 1 -1 1 0 0 -1 0 0 2 -1 0 -1 0 0 1 1 0 -3 -1 0 1 -1 0 0 -3 1 2 1 2 0 0 0 1 1 0 0 0 0 -2 0 2 -1 1 -1 -1 0 -1 0 -1 -1 0 0 1 -3 -1 -3 0 1 0 -1 0 2 0 0 1 1 0 -1 -2 0 0 2 -1 -1 -2 0 -1 1 1 -1 0 0 -1 3 1 0 0 1 1 2 -1 0 0 -1 0 0 0 1 -1 2 1 -1
1 1 -2 3 1 1 -2 0 0 0 1 0 -1 1 -2 0 1 -1 1 0 1 0 -1 0 0 -1 0 1 0 -1 0 0 0 3 2 -2 1 -2 1 0 1 1 1 0 0 1 -1 0 0 0 1 0 0 -2 -1 -1 -1 0 2 2 0 0 1 -1 0 1 0 0 0 1 0 1 17 0 0 0 2 0 -1 0 0 0 1 0 1 -1 -2 0 -2 1 1 -1 0 0 0 0 0 2 0 1 1 1 1 0 -1 -1 0 0 0 1 1 0 1 0 -1 -1 0 0 0 1 1 0 0 2 -1 0 0 -1 -1 0 0 1 -1 0 0 0 1 1 0 0 0 1 0 1 -1 -1 0 0 0 0 0 -1 0 -1 0 -1 1 0 0 0 1 2 0 2 -2 1 0 1 -1 -1 -1 1 1 -2 0 -1 0 0 0 0 0 1 -1 2 2 0 0 0 0 0 1 -1 0 0 1 -2 1 0 1 -2 -1 0 0 0 1 0 -1 1 -1 0 0 -1 -2 1 -2 -1 2 0 1 1 0 -1 1 1 -1 0 -1 1 1 2 1 1 -1 1 1 0 -1 0 1 0 0 1 0 0 0 -1 0 1 0 0 1 1 0 2 0 2 0 -1 1 0 2 1 1 0 0 0 -1 -1 0 -1 -1 0 0 1 0 1 0 0 0 3 0 0 -1 0 -1 0 1 0 -1 0 0 0 2 0 0 1 0 2 0 0 0 0 0 0 3 1 0 1 0 0
0 1 0 0 0 0 0 0 -1 0 0 0 0 0 0 1 0 0 0 0 0 -1 0 0 0 0 0 1 1 0 0 2 0 0 0 0 0 0 0 0 0 -1 0 1 0 -1 0 0 0 0 0 1 0 0 -1 0 0 -1 0 0 0 0 1 1 0 -1 0 0 0 0 0 0 0 6 0 0 0 -1 -1 0 0 0 0 2 0 0 0 0 0 0 0 1 0 0 0 0 -1 -1 0 0 0 -1 0 0 0 1 0 0 0 -1 1 -1 0 2 0 0 1 0 0 -1 0 0 0 1 0 0 1 0 -1 0 -1 0 0 0 0 0 0 1 0 1 0 1 0 0 -1 0 0 0 2 0 0 0 0 2 0 0 0 0 0 0 0 0 0 1 1 -1 0 0 0 0 0 0 0 0 1 0 0 0 0 0 1 0 0 0 0 0 0 -1 0 -2 0 0 1 1 -1 1 0 0 0 0 0 0 0 0 0 0 0 1 0 0 1 0 0 -2 0 0 0 -1 0 1 0 0 0 0 0 1 0 0 0 1 0 1 -1 0 0 0 1 0 0 -1 0 -1 0 0 0 1 -1 0 0 0 0 0 1 0 0 0 0 0 0 0 0 0 1 -1 0 0 0 0 0 -1 0 1 0 -1 0 0 1 0 0 0 0 -2 0 0 0 0 0 0 0 0 0 -1 0 0 -3 -1 0 0 0 1 0 1 1 0 0 0 0 0 -1 0
0 0 1 -1 0 0 0 1 -1 -1 0 0 -1 2 1 -1 1 0 -1 0 0 0 0 -1 -1 0 0 0 0 0 2 0 1 0 1 -1 0 1 0 0 0 0 0 0 0 0 -3 0 0 1 0 1 1 0 -1 0 0 0 1 -2 0 -2 0 0 -1 0 -1 0 0 0 0 -1 0 0 13 0 0 3 0 0 0 1 0 1 -1 0 -2 0 0 0 2 0 1 -1 0 0 -1 -1 0 1 1 1 -1 0 0 0 -2 0 3 1 -1 0 -2 0 0 0 0 1 1 -1 0 0 0 -1 3 0 0 -2 1 -1 1 1 0 0 0 0 1 2 1 0 0 -1 1 -1 1 0 0 0 0 0 0 1 0 1 0 1 0 0 1 0 -1 0 0 -1 0 0 2 -2 -1 1 0 0 -1 -1 1 1 -1 0 1 0 1 -1 1 3 0 -1 0 0 -1 -1 -2 -1 -1 1 2 -1 0 0 0 -2 1 1 -1 0 -1 -1 -1 -1 -2 1 0 2 0 0 1 1 -1 1 0 -3 0 0 1 -1 0 0 0 0 -1 0 -2 1 0 1 -1 0 0 0 0 0 1 -1 0 0 0 0 0 0 0 0 1 0 0 0 -1 -1 0 -2 0 1 1 0 1 0 1 0 0 -1 0 0 0 0 0 0 -1 -1 0 0 0 0 -1 0 1 -1 1 -1 0 1 -1 0 -1 0 -1 0 0 0 0 -1 -1 2 -1 0 0 1 0 0 0 0 -1 0
2 0 -1 0 1 -2 0 0 0 0 1 -1 2 -1 0 0 0 -1 1 2 0 0 -1 2 1 0 0 -1 0 0 0 -1 3 2 1 1 0 0 2 0 -1 1 -1 -1 1 0 -1 1 0 0 0 0 0 -2 0 1 0 3 1 0 -1 0 -3 1 1 3 1 0 1 0 -1 -1 0 0 0 21 -2 -1 0 1 1 1 0 1 0 -1 -1 2 0 1 1 -1 0 1 2 -1 -2 1 -2 0 -1 0 0 0 0 0 2 -1 1 1 0 2 1 0 1 2 0 0 2 0 1 -1 1 1 2 -1 -2 0 0 2 0 2 1 0 2 1 0 1 1 0 1 -1 -1 0 0 1 1 -2 0 0 0 0 0 0 -1 2 1 0 1 1 1 1 -1 0 -1 0 -2 0 -1 1 1 1 -1 -1 0 -1 0 2 -1 0 0 -1 0 0 -1 1 1 0 1 0 0 1 0 2 0 1 2 0 0 0 0 0 0 1 1 -2 0 0 2 -1 0 1 0 4 -1 0 0 0 1 0 1 0 -1 2 0 -1 1 1 -1 0 0 -1 2 -1 0 0 1 -4 -1 1 0 0 1 1 1 0 1 0 0 -1 1 0 -1 1 1 -1 0 1 0 2 0 -1 0 0 2 -1 1 1 1 0 -1 1 -1 1 0 2 -1 0 1 0 -1 2 0 2 1 0 -4 0 1 1 0 0 -1 2 0 0 1 1 0 -2 1 0 1 0 0 0 -2 1 -1 2
0 0 1 0 0 1 0 0 -1 2 -1 0 -1 0 1 0 1 0 0 0 0 1 -1 -2 0 0 0 0 1 -1 0 0 0 -1 2 -1 -1 -2 0 1 0 1 1 0 0 0 1 0 2 1 0 -1 0 -1 0 1 -1 0 1 0 0 0 0 0 1 0 0 0 -3 0 1 1 2 0 0 -2 13 -2 0 -1 -1 0 0 1 -2 0 0 1 0 0 0 0 1 -2 0 -1 1 0 -1 0 -1 -1 -3 0 0 0 0 0 1 1 -1 1 1 1 0 -2 0 1 -1 1 0 0 0 0 0 0 1 2 0 0 -1 0 1 0 -1 0 0 0 0 -1 0 1 0 -1 -1 -1 2 1 0 -1 0 0 2 0 0 0 0 0 0 -1 0 -2 0 1 0 1 1 0 1 0 0 0 0 0 0 0 1 -2 0 0 -1 2 1 0 0 0 -2 -2 0 0 0 1 0 -1 0 0 0 0 0 0 0 -1 0 0 0 -1 -1 1 1 1 -1 0 0 0 1 -1 2 0 2 0 0 -1 -1 -1 -2 0 0 -1 0 0 1 0 0 0 0 0 0 0 1 0 0 -1 0 0 0 0 0 2 -1 -2 -1 0 0 0 -1 2 0 1 0 -4 2 -1 0 0 0 1 -1 0 0 1 0 -1 1 1 1 0 -1 2 0 -1 0 0 -1 0 1 0 0 0 0 0 0 1 -1 0 1 0 0 0 1 0 0 0 -1 1 1 1 0 0 0 0
1 0 0 2 0 1 -1 2 0 0 0 2 0 -2 2 -1 -1 0 -1 0 0 0 1 -2 -1 1 0 -1 0 1 0 1 -1 -1 1 1 0 0 0 0 0 1 0 0 0 1 0 0 0 -1 -2 2 0 0 0 -1 0 1 0 0 1 1 0 -1 -3 0 0 0 -1 1 0 1 0 -1 3 -1 -2 26 1 -2 1 1 0 1 2 -2 0 -1 0 0 1 1 1 -1 0 0 0 0 0 0 0 -1 0 3 -1 -2 0 2 2 0 -1 0 0 -2 0 2 0 0 2 -1 -1 0 1 0 1 2 -1 -2 1 1 2 1 0 1 0 0 2 0 0 0 0 1 3 0 0 0 -1 1 -1 -1 2 0 1 -1 2 -1 -2 1 0 0 0 1 0 -1 0 0 -1 0 1 1 1 -1 0 0 1 -2 0 0 -1 1 1 -1 1 0 0 1 -2 2 -1 3 0 -1 0 0 1 1 1 1 0 0 2 1 -1 -1 0 1 -1 2 -3 0 1 1 -2 0 0 2 -1 0 -3 -1 -1 0 2 -2 -1 0 -1 0 1 0 1 3 0 0 -1 1 1 1 1 1 0 1 1 -1 0 0 0 2 0 -1 0 0 -3 0 2 0 -1 1 1 1 0 -2 0 -2 0 -1 1 2 -1 1 0 0 0 0 0 0 0 0 1 1 0 5 0 -1 0 0 0 -1 0 0 -4 0 -1 0 0 0 0 1 1 6 0 -1 3 0 2 2 0 -1 1 -2
0 0 0 1 0 0 0 2 1 0 1 1 0 1 0 1 -1 2 0 0 0 1 0 0 0 0 0 0 -1 0 -1 -2 -2 -2 -1 0 0 1 0 0 1 0 0 -1 0 0 -1 0 0 -1 0 1 1 0 -2 0 -1 1 -1 -1 0 1 -1 0 0 0 0 0 -1 -2 -1 -1 -1 -1 0 0 0 1 17 0 0 0 -1 0 0 0 0 0 0 -3 0 2 -1 0 -2 0 0 2 -1 1 0 -2 0 -1 -1 0 1 0 0 0 0 1 0 0 0 0 1 0 -1 0 0 0 -3 0 -1 1 -1 1 0 1 0 0 -3 0 0 0 0 0 0 2 0 0 2 0 0 0 1 1 0 -1 1 -2 0 0 0 1 0 0 1 0 0 1 1 1 0 0 0 -1 1 1 0 0 0 1 -1 0 0 1 0 0 -2 -2 0 1 0 -1 0 0 0 2 0 0 0 -1 0 -1 0 0 0 1 1 -1 0 0 1 -1 0 -1 -1 0 0 0 0 0 2 0 1 0 0 0 2 0 0 -1 -1 1 2 -1 -2 0 0 -1 1 1 0 -1 0 0 -1 1 -1 0 1 0 1 1 -2 -2 0 0 0 0 -1 0 0 2 -1 1 0 1 0 0 -1 -1 0 0 0 0 0 0 2 -1 0 1 -1 -1 2 -3 0 0 1 -1 0 0 2 0 1 1 2 0 -1 0 0 -2 0 0 0 -2 0 0 0 0 0 3 1 0 -1 0 0 1
0 0 1 2 0 0 -1 -1 1 0 1 0 0 0 0 0 1 2 1 0 1 -1 1 1 1 0 1 1 -1 1 0 -1 -1 -1 1 3 3 1 1 1 -1 -1 2 1 1 0 -1 0 0 2 4 0 0 3 0 0 -1 0 -1 2 1 -1 -1 0 1 1 0 1 3 0 0 1 0 0 0 1 -1 -2 0 24 4 0 0 0 2 1 0 -1 1 0 -1 0 0 -1 0 3 1 0 2 0 1 0 1 -1 0 0 0 0 1 -1 1 0 2 1 2 -1 0 0 0 0 0 -1 3 0 1 -1 1 1 0 1 -1 0 0 0 1 -1 0 1 -2 0 0 -1 1 5 0 0 0 -1 0 2 0 -2 -1 -1 0 0 0 1 2 0 0 3 1 1 0 -1 -1 2 0 2 2 0 -2 1 1 2 -1 1 -1 0 0 1 0 1 -1 0 1 0 0 0 0 0 -1 0 0 -1 -1 -2 0 -1 2 0 0 1 0 4 1 -1 0 0 1 0 0 0 1 -1 -1 0 1 3 -1 0 0 2 -1 -1 0 1 0 2 0 0 0 0 0 0 0 -1 2 0 2 -2 -2 0 1 0 1 -2 -1 -1 0 -2 0 0 -1 0 0 0 5 2 1 2 0 -1 -1 0 0 -1 -1 0 1 3 2 2 0 -1 2 -1 0 0 1 0 -1 0 3 1 0 0 -3 3 0 1 -1 1 1 1 0 1 0 -1 -1 0 1 -1 1 0 0 0 1 0
2 1 1 0 1 2 3 -1 0 0 1 0 1 1 0 1 2 2 1 0 0 0 3 0 0 0 0 0 -1 1 0 -1 3 3 0 1 -1 1 3 0 1 -1 0 0 1 0 0 -1 -1 -1 1 -2 1 0 1 0 -4 2 -1 2 0 0 -1 0 0 0 0 1 1 0 -2 3 0 0 0 1 -1 1 0 4 23 0 1 0 1 0 -1 -1 0 -1 1 1 0 -1 1 0 0 1 -1 0 0 0 2 -2 0 0 -1 -1 1 -1 -1 0 0 3 2 0 2 1 0 0 0 -1 4 1 0 -1 -2 -1 1 0 0 1 -1 -1 -1 0 1 0 1 0 0 -2 0 3 1 2 0 0 0 0 0 -2 0 1 2 1 -1 1 2 1 1 0 1 0 1 0 -1 1 1 0 3 -1 0 0 2 0 -1 -2 1 -2 1 1 0 1 0 -1 0 0 0 1 1 1 0 -1 0 0 0 -1 1 0 0 -1 3 -1 -1 -1 0 -2 1 0 -1 1 0 -1 1 2 0 0 0 1 -2 0 0 2 1 0 0 -1 0 -1 0 -1 1 -1 0 0 0 0 2 1 1 -1 -2 -2 2 0 0 0 0 0 0 0 2 1 1 0 1 -1 -2 0 -2 0 0 0 0 0 0 -1 -1 0 0 0 1 0 0 0 0 0 1 1 -1 -1 0 -1 1 1 0 1 0 1 -1 0 1 -1 0 3 0 -1 0 0 1 2 0 0 1 1 0 1 0 1
1 0 1 0 2 0 1 0 0 0 0 0 0 0 1 1 0 0 0 1 0 0 0 0 0 0 0 1 0 1 1 0 0 2 0 -1 0 0 -1 0 1 0 0 -1 -1 0 1 1 0 1 0 0 0 -1 0 0 0 0 0 1 0 0 -1 0 -1 0 2 -1 -1 0 -1 1 0 0 1 1 0 1 0 0 0 10 0 0 0 0 0 1 0 0 0 0 2 0 0 0 0 1 0 -1 1 1 0 0 0 0 0 0 0 0 0 1 0 0 1 1 -1 0 0 -1 1 0 0 1 0 0 0 0 0 0 1 0 0 0 0 0 2 -1 0 0 1 0 0 1 0 0 1 0 0 0 0 -1 0 0 0 -1 0 0 0 -1 2 2 0 0 -1 0 0 1 0 2 0 -1 0 0 0 0 0 0 1 0 0 -1 0 -1 0 0 -1 0 1 1 0 1 -2 0 0 0 0 0 -1 0 1 0 0 2 0 0 0 0 0 0 0 1 0 0 0 0 0 0 1 -1 0 0 1 1 0 -2 0 0 0 0 0 0 0 0 0 1 -1 0 -1 0 -1 1 0 -1 1 -2 0 1 0 0 -1 0 0 0 1 1 0 -1 1 1 0 0 2 1 0 0 -2 0 0 2 -1 -1 0 0 1 0 1 0 0 2 0 0 0 0 0 0 -2 0 0 0 1 0 0 0 0 0 1 0 -1 -1 0 0 0 -1 -1 0 -2 -1 0 0
0 1 0 1 0 2 2 0 -1 -1 1 0 0 1 0 0 0 0 0 0 1 0 1 0 0 1 0 0 0 0 0 1 0 0 0 1 0 1 0 0 0 0 0 0 0 0 1 0 0 0 1 0 1 0 0 0 0 0 0 0 0 0 1 0 0 0 1 0 0 2 -1 -1 1 0 0 0 0 0 -1 0 1 0 8 -1 0 0 0 0 0 1 1 0 1 0 0 1 0 0 0 1 0 0 0 0 1 0 -1 -1 0 0 0 0 0 0 0 0 0 0 0 1 0 0 2 1 0 1 0 0 0 1 0 0 0 0 0 0 0 1 0 -1 0 -1 0 -1 0 0 0 0 -1 0 0 1 0 0 0 0 0 0 0 0 1 -1 -1 2 0 0 0 0 -1 -1 0 -1 0 0 1 0 0 1 2 0 -1 0 0 0 0 -1 0 2 0 0 0 1 1 0 1 -1 -1 0 -1 0 0 0 0 1 0 0 0 0 -1 0 0 0 0 0 1 0 1 0 0 0 1 0 0 0 1 0 0 0 1 -1 0 0 0 1 0 0 0 -1 0 0 0 1 0 2 0 0 0 0 0 0 0 0 1 0 1 0 0 0 0 0 0 0 1 2 0 0 -1 -1 0 0 0 1 -1 0 1 2 0 1 0 1 0 1 0 0 -1 1 0 1 0 0 -2 0 0 0 0 0 0 0 0 2 0 0 0 -1 0 0 2 0 0 -1
1 -1 -1 0 0 0 0 0 -2 0 0 1 0 1 -1 0 -1 1 0 0 -1 0 1 0 -1 -1 2 0 1 0 0 0 0 0 0 -1 -1 -1 0 1 -1 0 1 0 0 1 0 0 2 1 0 0 2 0 -2 0 0 1 0 0 -1 0 0 2 -1 0 -1 1 -1 -1 0 0 0 2 1 1 1 1 0 0 0 0 -1 14 -1 0 0 2 -1 -1 0 2 1 0 -2 0 0 -1 -2 -1 0 0 0 0 1 -1 0 1 0 0 0 0 0 0 -1 0 1 0 0 -2 0 1 0 0 1 0 -1 0 0 0 0 1 0 1 0 0 0 0 1 2 0 -3 0 -1 1 0 0 0 3 -1 0 0 0 0 1 0 1 0 0 1 0 1 0 1 -1 -1 0 1 0 -1 0 0 0 1 -1 0 0 -1 1 3 0 0 0 0 0 -3 -1 -1 -1 0 0 1 0 0 0 1 1 0 1 1 0 0 1 1 0 0 0 2 0 0 1 1 0 1 1 0 -1 0 2 -1 0 0 0 1 0 0 -1 0 0 -2 1 -1 1 0 1 -1 0 0 0 -2 0 0 0 0 0 0 0 0 0 1 0 -1 -1 0 0 -1 0 1 1 1 1 -1 0 0 0 0 0 0 0 0 1 0 0 0 0 0 0 0 0 0 0 1 1 0 3 -1 0 0 0 0 2 1 0 0 0 0 0 0 0 -1 -1 2 0 0 1 2 2 0 -2 0
1 0 0 0 1 2 0 0 1 0 0 0 0 -1 1 0 0 0 0 1 0 1 1 -1 0 0 0 0 -1 1 1 -1 0 0 1 2 0 0 1 0 -1 0 0 0 0 1 0 0 0 2 0 1 0 0 0 0 0 0 0 0 1 0 -2 0 -1 1 0 0 0 2 0 0 1 0 -1 0 -2 2 0 2 1 0 0 -1 13 -1 0 0 1 0 0 1 0 0 0 0 -1 0 -1 0 0 -1 1 0 0 0 0 1 0 0 1 1 -1 0 0 0 0 -1 1 0 -1 0 0 1 0 1 1 0 0 0 1 1 0 0 0 1 0 0 0 0 1 1 2 1 -1 0 0 0 0 1 2 1 0 -1 0 2 1 1 0 1 0 1 0 1 -1 0 -2 2 -1 0 0 0 -2 0 0 1 1 -1 0 0 1 -1 -1 -1 -1 0 0 1 0 0 0 -1 0 1 1 0 0 -1 1 0 0 1 -2 0 0 -1 -1 0 1 0 0 0 0 -1 1 0 -2 0 1 0 1 0 0 1 1 -2 -1 0 0 1 0 0 1 0 0 0 1 0 1 0 1 -1 1 0 0 0 -1 0 0 2 0 -1 1 0 1 1 0 0 0 0 -1 -1 0 0 0 0 1 0 0 0 -1 -1 3 1 0 0 1 2 0 1 0 1 -2 0 0 0 0 0 -1 0 0 0 0 1 -1 0 0 0 0 -1 0 0 1 0 1 1 0 0 0 0
0 0 1 0 -2 0 -1 -1 -1 0 0 0 0 1 -1 0 0 -1 0 0 -1 0 1 0 -1 -1 0 1 0 0 0 0 0 0 0 1 -1 1 1 0 1 0 1 1 -1 0 0 0 1 2 -2 0 1 0 0 0 0 -1 1 -1 -1 1 -2 0 0 -1 0 0 2 -1 0 1 -1 0 0 -1 0 -2 0 1 0 0 0 0 -1 15 1 0 0 1 0 0 0 0 0 -1 1 0 2 0 0 1 0 0 0 -1 0 1 -1 1 1 -1 1 0 0 0 1 0 1 0 -1 0 0 -2 1 0 0 0 0 1 1 0 2 0 0 0 1 0 -1 0 0 0 0 -1 1 0 0 -1 1 1 0 -1 1 0 0 -1 -1 0 1 -1 0 1 1 -2 0 0 -1 0 -1 0 1 0 0 -2 0 2 2 -1 0 -1 -1 0 1 1 -1 0 -2 0 -3 0 0 1 0 0 0 -2 -1 -2 0 2 0 0 0 1 2 0 0 -2 0 1 1 0 0 1 1 0 0 0 0 0 0 0 0 0 0 0 0 -1 1 0 2 -1 0 0 0 0 0 0 0 0 0 0 0 0 0 1 0 0 0 0 0 0 0 -1 0 0 0 -1 1 0 2 0 0 0 -1 1 0 0 1 0 3 2 1 -1 0 -1 -1 0 0 1 0 -1 2 1 0 -1 -1 0 0 -1 1 2 0 -1 0 -1 0 0 0 0 0 0 -2 0 0 -1 0 0 -1 -1
-1 0 2 2 0 2 0 0 0 1 0 1 1 0 0 0 1 2 0 0 -1 -1 1 0 -1 1 1 0 0 1 1 1 0 0 -1 3 0 -1 -1 0 -2 0 0 0 0 0 1 -1 0 0 -1 0 -1 1 0 0 0 0 0 -2 0 2 0 0 -2 0 0 0 0 0 0 -1 -2 0 -2 -1 0 0 0 0 -1 0 0 0 0 1 16 1 0 -1 0 1 -1 0 1 0 0 0 0 -1 0 0 -1 0 1 0 -1 2 0 0 1 1 0 1 -1 0 2 0 0 2 -1 0 0 1 0 0 0 0 0 0 -1 -1 0 0 0 0 0 -1 -1 0 0 -1 0 -1 0 2 0 -1 0 1 0 1 0 0 1 -2 0 -1 1 1 0 0 1 -2 0 0 -3 0 0 -1 -1 0 -2 -1 -2 -1 1 0 0 1 -1 1 1 -1 0 1 0 -1 -2 1 0 0 0 -1 -1 1 0 0 0 1 -1 1 -1 0 0 1 -1 1 -1 2 2 0 1 -1 0 -1 -1 -1 -1 -1 0 1 0 1 -1 0 1 0 -1 0 -1 0 1 -1 0 1 -2 0 -1 -1 -1 2 0 1 1 0 0 -1 -2 0 -1 1 0 -1 -1 0 0 0 -1 1 -1 -1 0 -1 0 2 0 0 1 1 -1 0 -1 0 1 0 0 0 1 -1 -1 0 0 1 1 1 -1 0 -3 -2 0 0 1 0 1 1 -1 1 1 0 -1 1 2 0 1 0 -1 0 -1 1
3 0 0 -1 2 -1 0 1 0 1 2 0 0 0 1 0 1 1 0 1 -2 -1 0 0 1 -1 -2 -1 1 -1 0 0 1 1 1 -1 -1 -1 1 0 0 0 2 1 0 2 -1 2 3 0 0 0 0 -1 0 1 0 2 0 2 -1 0 -1 0 0 1 1 1 -1 1 0 -1 0 0 0 2 1 -1 0 -1 -1 1 0 2 0 0 1 20 -1 0 1 -2 1 -2 0 0 0 0 -1 -1 0 -1 0 0 -1 0 -1 0 1 0 0 0 0 0 -2 1 2 0 1 1 1 0 -1 1 1 0 1 1 0 0 -1 -1 0 0 1 0 -1 1 1 1 0 0 0 1 0 0 0 -2 1 0 0 1 1 1 1 1 2 0 0 -1 -1 1 -1 -2 0 1 1 0 -1 1 -1 0 0 1 -1 1 0 0 1 1 0 -1 0 1 0 1 0 0 -2 1 0 1 -1 0 -1 0 1 1 0 -1 1 -1 1 -1 -1 0 -2 1 -1 0 -1 0 1 0 1 0 1 2 1 -1 1 0 0 0 1 0 3 1 -2 1 1 -2 1 -2 1 -1 -1 0 0 -1 0 -1 2 1 -1 0 1 1 0 0 0 -2 1 0 0 1 -1 1 0 2 3 0 1 1 3 0 -1 1 0 1 -1 -1 0 0 3 1 0 -1 0 1 0 0 -1 0 2 0 0 0 -2 1 2 -2 0 0 1 0 0 -1 -1 -2 0 0 0 0 0 1 0 1 -2 2
0 0 1 -1 -1 -1 0 0 1 -1 0 0 -2 0 0 0 1 1 0 0 1 1 0 0 0 0 0 0 0 1 0 0 1 -1 0 1 -1 0 0 0 0 0 -3 0 0 0 1 1 1 0 0 0 0 1 0 0 -1 0 -1 0 0 -1 -2 1 0 0 1 -1 0 0 0 3 -2 0 0 0 0 0 0 1 0 0 0 -1 1 0 0 -1 16 0 -1 2 -1 2 -1 1 -1 0 0 0 -1 0 0 -1 0 -1 -1 0 0 1 0 0 -2 3 2 0 0 0 -1 0 0 0 -1 1 0 0 2 2 0 -2 1 -1 0 -2 0 0 0 0 0 -1 2 0 1 -1 1 1 0 0 1 0 0 2 1 1 0 -1 0 1 0 0 3 -1 1 0 1 1 0 1 0 -1 0 1 1 -2 0 0 0 1 0 -1 0 -1 0 -1 0 2 1 -1 1 2 1 0 0 0 -1 0 0 -3 1 0 1 0 0 0 1 0 0 1 0 2 0 -1 0 -1 0 1 1 -1 0 1 0 0 0 0 0 -2 2 0 0 -1 0 0 -3 2 -1 0 2 -1 1 0 0 0 -1 1 0 1 0 0 1 1 0 0 0 0 0 1 0 1 0 0 -2 1 0 0 -1 2 0 -1 0 1 0 0 -1 -1 -2 0 1 0 -1 0 -1 0 2 1 -1 0 -1 0 -1 1 0 0 2 -1 0 0 -1 0 0 2 0 0 -1 0 1 2 -1 0 0 0
0 0 0 0 1 0 0 -1 1 1 0 -2 -1 0 -1 0 1 -1 -1 -1 1 1 1 0 0 0 -2 1 -1 0 0 -1 0 0 2 0 -1 0 -1 0 1 1 0 0 0 1 1 0 -2 2 -2 1 1 0 1 0 -1 1 0 0 0 0 1 0 -1 0 0 0 -1 1 -2 0 1 0 0 1 0 0 -3 0 -1 0 1 -1 0 1 -1 0 0 19 1 0 1 0 0 0 1 1 -1 1 1 0 0 -1 1 -1 0 -2 0 0 1 -1 3 0 0 0 -1 0 2 -2 -1 0 3 1 0 -1 0 -1 -1 -2 0 1 1 0 1 -2 2 1 0 0 1 0 -1 -1 1 1 1 1 0 0 1 -1 0 1 1 0 1 1 0 0 0 0 0 -3 0 0 0 -1 0 2 -1 0 -1 0 -1 -1 0 0 0 0 1 1 0 0 -1 0 0 0 0 0 0 0 0 2 4 0 0 1 0 1 0 2 2 -1 -1 2 -1 2 -1 0 0 1 0 -1 0 0 -1 0 0 0 0 1 0 0 0 0 -2 0 1 2 1 -2 0 1 0 0 1 0 -1 1 -1 3 -1 1 0 -2 2 1 1 0 0 2 0 1 0 1 0 2 0 0 0 -1 -2 1 0 0 -1 -1 0 0 -1 0 0 1 -2 -1 -2 2 -1 1 0 1 -1 -1 -1 0 0 -2 1 -1 1 1 0 0 0 1 0 1 1 0 1 0 1 -1 2 -2 1 0 -1 -1
0 0 -2 1 2 -1 0 -1 -3 2 1 1 -1 1 0 1 0 -1 0 -1 2 0 0 0 -1 -1 -1 0 0 -1 0 0 1 0 0 0 -1 0 0 0 1 0 -1 0 -1 0 0 1 2 1 0 0 0 0 0 0 -1 0 1 -2 -1 0 0 1 0 0 0 -1 0 0 0 -2 1 0 2 1 0 1 0 -1 1 0 1 0 0 0 0 1 -1 1 17 1 -1 0 1 0 0 0 0 2 0 0 0 0 1 -1 0 0 0 0 1 0 -1 0 -1 0 0 -1 -1 0 1 -1 1 -1 0 -1 -2 -1 0 1 0 0 0 0 -1 -2 2 1 0 0 0 0 1 0 2 1 1 0 1 0 0 -1 1 2 1 2 0 0 -1 0 -1 0 1 -1 2 -1 1 0 0 0 -2 -1 1 -1 0 1 -1 0 0 1 1 0 0 1 0 -1 0 3 0 -2 1 1 -1 -1 1 0 0 0 1 0 -1 0 0 0 1 0 -1 1 0 0 1 2 0 1 -1 0 0 0 0 1 2 0 -1 0 1 1 1 0 1 1 1 -2 1 0 0 1 0 1 1 0 0 -1 -1 0 -1 -1 1 1 0 1 -1 0 -1 -1 0 0 1 1 -1 1 1 0 0 1 0 -1 0 -1 0 -1 0 0 0 -1 0 0 0 0 0 1 0 1 0 0 1 2 -1 0 0 0 -1 -1 2 0 2 -2 0 -2 0 2 1 1 1 1 0 1 0 0 0 0
-1 0 -1 0 0 1 1 -1 0 1 1 1 -1 0 0 0 0 1 -2 0 1 0 1 -3 -1 0 2 0 -1 0 0 0 0 -2 0 2 0 0 1 0 -1 0 -1 0 0 0 1 -2 0 0 0 0 1 1 -2 0 -1 -1 1 -1 2 1 -1 2 0 0 0 -1 0 -1 0 1 -1 1 0 -1 0 1 2 0 1 0 0 2 1 0 1 -2 2 0 1 19 0 0 -1 1 0 0 -1 1 1 -1 -1 0 1 1 0 1 1 1 1 2 1 1 -1 0 0 0 -2 -1 0 1 0 1 0 1 0 0 -1 1 0 0 -3 -2 0 0 1 0 0 1 0 1 1 0 0 1 0 1 2 1 2 -1 0 0 1 0 1 0 -1 3 -1 0 0 0 1 -2 -1 0 1 0 1 1 1 0 1 0 1 -1 0 -1 0 -2 0 0 1 -1 1 0 -1 2 2 -2 0 1 1 1 -2 0 0 0 0 0 0 0 0 -1 0 2 0 0 1 0 -2 -1 -1 1 3 0 0 0 1 1 0 1 1 0 2 -1 1 0 0 -1 -1 0 0 1 1 0 1 0 2 -1 1 1 0 0 0 0 -1 1 0 1 0 0 1 -1 1 0 1 -1 -1 0 0 0 0 1 0 0 0 0 1 0 0 -1 0 0 0 0 1 0 1 -2 0 -2 0 -1 -1 0 1 0 -1 0 0 1 0 0 0 -2 -1 0 1 2 3 -1 2 1 1 -1 -1 -1
2 0 0 0 0 -1 1 0 -1 -1 0 -1 -1 -1 -1 0 0 1 1 -1 -1 0 1 -1 0 0 1 0 2 0 0 0 -1 1 1 -1 -1 0 0 1 0 1 1 -1 -1 0 1 0 1 0 -1 1 0 -1 1 1 0 0 1 0 0 0 1 -2 0 -1 1 -1 -3 -1 -1 2 0 0 1 0 1 1 -1 0 0 2 1 1 0 0 -1 1 -1 1 -1 0 16 0 1 -1 -1 0 1 1 -1 0 -1 0 0 -1 0 0 1 -1 0 0 -1 2 0 0 0 0 1 -1 0 1 1 -1 0 1 1 1 1 0 0 0 0 1 0 0 1 1 2 0 -1 1 -2 0 0 -1 1 1 -3 -1 -1 0 -2 0 1 0 0 0 0 0 -1 -3 0 1 0 0 2 1 0 0 0 2 0 4 0 1 0 -1 0 -1 0 0 -1 0 1 0 1 -1 0 1 1 1 -2 1 0 1 1 0 0 1 1 0 0 0 0 0 1 0 0 0 -1 1 0 1 -1 1 0 0 0 0 0 1 1 2 0 0 -1 0 0 0 0 -1 0 -1 0 0 -1 1 0 0 0 0 0 0 -2 -1 0 1 -1 0 0 0 1 0 0 1 1 0 1 1 0 0 1 3 0 0 0 2 1 1 0 2 1 0 2 0 -2 1 0 2 0 1 -1 1 0 0 1 0 0 1 0 0 -1 0 0 1 0 -1 0 -1 -1 0 2 0 1 0 1 -1 1 0
0 1 1 0 0 0 -1 0 0 -2 0 0 0 -1 1 0 1 1 -1 0 -1 2 1 0 0 0 0 1 0 1 -2 0 0 0 2 0 -1 1 0 0 0 0 -1 2 0 1 2 0 0 0 -2 1 0 1 -2 1 0 1 -1 0 0 0 2 1 -2 0 -1 0 -2 0 -1 -1 0 0 -1 1 -2 -1 0 -1 -1 0 0 0 0 0 0 -2 2 0 0 0 0 17 0 1 1 1 2 1 1 0 0 1 0 1 0 0 0 -1 0 1 -1 2 -1 0 1 1 0 2 1 -1 -3 0 1 3 -1 1 1 -1 1 -1 0 1 -1 1 1 0 0 -1 0 2 1 1 1 -1 -1 1 0 0 0 2 0 1 1 -1 -1 0 0 0 2 0 0 4 -1 2 0 -2 0 0 0 1 0 0 -1 1 0 0 0 0 0 0 0 0 0 1 2 1 2 0 1 0 0 -1 0 0 0 -1 1 1 0 -1 1 0 0 0 0 1 -1 2 1 0 0 0 -2 0 2 1 2 0 0 0 -1 -1 1 -1 0 0 1 1 1 0 -1 -1 -1 0 -1 -2 1 1 -1 2 0 1 0 0 1 0 1 2 0 -1 -1 0 1 0 -1 0 -2 0 0 0 0 0 0 2 1 1 -1 1 2 1 -1 -1 1 0 -1 0 2 0 0 1 1 -1 -1 0 0 0 2 0 -1 0 0 0 -1 0 1 2 0 0 2 0 0 1 0 -1 -1 0 0 1
0 -1 1 1 0 1 0 1 0 0 0 0 1 0 0 1 1 -1 -1 -2 0 0 0 0 -1 0 0 0 0 0 0 2 1 0 -1 1 -2 0 0 -1 1 1 -1 1 -1 0 0 0 0 -2 1 0 0 -1 3 1 0 1 0 0 -1 0 -1 -1 2 0 0 0 0 2 -2 -2 0 0 0 2 0 0 -2 0 1 0 0 -2 0 0 1 0 -1 0 1 -1 1 0 19 0 1 0 1 0 0 -1 0 0 0 1 1 1 1 0 0 -1 2 1 2 -1 1 0 1 1 -1 0 1 3 1 -1 0 1 3 2 2 -1 1 0 0 -1 1 2 0 0 0 1 0 0 -2 1 -1 0 -1 0 -1 0 -1 1 -1 1 0 0 0 0 0 0 -1 -1 -1 1 1 -1 2 0 0 1 -1 -1 0 0 0 1 -1 0 0 0 1 1 -1 0 0 0 1 2 0 1 2 2 -1 -1 1 0 1 -1 0 0 0 0 1 0 -2 -3 1 0 0 0 0 0 0 0 0 0 0 0 0 0 0 0 0 0 1 -2 1 4 0 -1 0 1 0 0 0 0 0 0 0 -1 0 0 1 0 3 2 -1 0 1 0 0 1 1 0 2 -1 0 1 0 2 0 -1 0 0 2 0 0 0 0 2 -1 0 0 1 0 3 0 0 0 1 1 1 0 0 -1 0 -1 1 0 -2 1 3 1 0 0 -1 0 0 -1 1 1 -1 1 0 -2 0 1 0
0 0 0 1 0 1 1 2 0 -1 2 0 -1 1 0 2 1 0 0 0 0 0 0 1 1 0 -1 0 0 -1 0 1 -2 -1 1 -1 4 0 1 -1 1 0 0 0 0 0 1 0 2 1 3 1 1 0 0 0 0 2 -1 0 0 0 1 0 0 1 2 1 0 0 -2 1 0 0 0 -1 -1 0 0 3 0 0 1 0 0 -1 0 0 1 0 0 1 -1 1 0 22 -1 1 -1 0 0 0 2 2 0 1 0 0 0 0 0 0 0 1 -2 0 2 -1 -1 0 0 0 1 0 0 1 0 2 0 1 2 1 2 0 0 -1 1 0 0 -1 1 0 1 1 -1 -1 -1 1 -1 0 0 1 0 0 -1 1 0 0 1 0 0 0 -1 1 1 2 2 -2 2 0 1 0 0 1 -1 -4 0 -1 2 -1 1 0 0 0 2 0 3 3 0 0 1 1 2 0 1 1 1 1 -2 -1 0 0 1 1 1 2 0 0 -1 0 0 0 2 1 3 -2 1 0 3 0 1 0 0 -1 0 1 1 0 0 1 0 0 -1 0 1 0 0 -1 2 1 0 3 1 0 -2 0 0 1 0 1 0 -1 1 0 0 2 1 2 2 6 0 0 1 0 1 1 1 1 0 -2 0 2 1 1 0 0 3 -4 0 -1 0 -1 1 0 0 0 0 0 1 0 0 0 1 1 0 0 1 2 0 0 1 1 0 -2 2 1 0 -1 1 -1
-1 -1 0 1 1 0 -1 0 1 0 -1 0 -1 1 0 -1 0 0 1 0 0 1 0 0 0 0 0 0 0 0 0 0 0 1 1 1 -1 1 0 0 0 1 0 1 -2 1 1 0 1 -1 0 0 0 0 1 0 0 0 -2 0 0 0 0 0 1 0 -1 0 1 0 0 0 0 -1 -1 -2 1 0 0 1 0 0 0 0 -1 1 0 0 -1 1 0 0 -1 1 1 -1 13 1 0 0 0 0 0 0 0 0 0 1 1 0 1 -1 1 0 1 -1 0 0 -1 1 -1 0 0 0 0 0 0 0 0 0 0 0 0 0 0 -1 2 0 -2 0 -1 0 0 1 0 -1 0 0 0 0 0 0 0 1 0 0 0 0 0 0 0 2 0 -1 0 0 0 0 2 0 -2 0 0 0 0 2 -1 -2 0 2 -1 0 2 0 -1 0 1 0 1 0 0 2 0 1 0 0 -1 1 -1 2 0 -1 1 -1 0 1 0 1 -2 0 -1 0 1 -1 -1 -1 1 2 0 0 0 0 0 0 0 -1 0 0 1 1 0 -1 1 1 0 -1 0 0 0 0 -1 1 0 1 -1 1 0 1 0 -1 0 1 -1 1 1 1 0 1 0 0 1 0 0 -1 0 0 -1 1 0 1 1 1 0 1 2 0 -1 1 0 0 0 0 0 0 -1 -1 0 0 -1 0 0 1 -1 1 2 -1 0 1 0 -1 0 0 0 0 0 0 0 0 -1 0
1 1 -2 1 1 -1 1 2 3 0 0 0 0 0 0 0 0 1 1 0 0 1 0 0 1 2 -1 1 0 1 -1 -2 0 2 1 -2 0 2 1 0 0 0 1 -1 0 1 2 1 0 0 1 0 0 -1 0 0 -1 1 0 0 0 0 0 0 0 0 1 0 1 0 0 -1 2 -1 -1 1 0 0 2 0 1 1 0 -1 0 0 0 0 0 1 0 0 0 1 0 1 1 15 0 0 0 -1 1 2 0 0 0 0 0 0 0 1 2 -2 0 0 1 0 1 0 2 0 0 2 0 -1 0 0 -1 0 0 2 0 0 -2 0 0 0 0 1 0 0 0 0 0 0 0 0 -1 0 0 0 -1 -1 1 0 1 0 1 0 0 2 0 0 1 -1 0 0 2 1 0 -1 0 -1 0 -1 0 0 0 -1 -1 0 -2 2 1 1 0 -1 -1 0 1 0 0 1 1 0 0 0 0 2 0 1 1 0 -2 2 1 1 -1 0 0 0 0 1 0 -2 1 0 0 0 1 0 0 0 0 -1 1 0 0 0 0 1 0 -1 0 1 -1 0 1 1 -1 1 0 1 1 -1 0 1 -1 -1 -1 0 0 1 0 3 -1 -1 0 1 0 1 0 1 0 1 0 1 0 0 1 -1 0 2 1 0 0 0 0 0 0 0 0 -1 1 2 0 0 1 0 0 1 2 1 1 1 -1 1 0 0 1 3 0 0 0 0 0 0 0 -1
-1 0 0 -1 0 0 1 0 1 -2 2 0 0 2 0 0 1 0 1 -1 0 -1 2 0 0 -1 -2 0 1 0 0 0 0 -1 0 -1 -1 1 0 1 1 0 1 0 1 0 0 -1 -2 3 -3 -2 0 1 -1 0 4 -1 0 -1 -1 0 0 0 1 -1 0 2 2 0 0 1 0 0 0 -2 -1 0 -1 2 -1 0 0 -2 -1 2 0 -1 0 -1 0 -1 1 2 1 -1 0 0 26 0 3 0 1 0 0 1 -2 0 -2 -3 0 1 0 0 -1 0 -1 2 0 2 0 1 -1 2 2 1 0 1 0 1 0 -1 1 1 0 -2 1 0 -1 0 0 4 0 1 0 1 0 0 1 0 -4 -1 -2 0 -1 0 -1 0 0 0 0 0 -1 1 0 0 1 -1 0 1 -1 0 2 -1 1 2 -1 1 -1 -2 -1 1 0 1 0 0 0 2 0 -2 2 1 0 1 0 0 0 -1 1 0 -1 -2 -2 0 1 1 1 0 3 0 1 1 2 0 1 -1 4 0 -2 0 -1 -2 -1 0 0 -1 0 0 1 5 1 0 -3 0 -1 -1 -1 2 1 -1 0 1 0 -2 -1 0 2 1 0 0 0 -2 0 -2 0 0 0 0 2 0 -1 0 0 0 -1 0 0 0 1 -1 0 0 -1 -1 0 0 -1 -1 1 2 0 0 2 -1 0 1 3 0 -2 2 0 1 0 0 -1 -2 0 1 0 0 -1 1 0 0 0 -1 1 0 3 0
0 0 1 -1 0 1 0 1 -2 1 -1 1 0 0 0 1 0 -1 -1 0 1 0 0 -2 -1 1 0 0 0 0 0 0 0 0 2 0 1 0 0 0 0 0 -1 0 0 -2 0 0 -1 2 1 1 1 0 0 -1 0 0 2 0 0 -1 1 1 -1 0 -1 1 -1 0 0 0 1 0 1 0 0 0 1 0 0 -1 1 -1 0 0 -1 -1 0 1 2 1 1 1 0 0 0 0 0 12 0 1 0 -1 0 0 0 1 1 0 0 0 0 0 0 -1 1 -2 0 -1 0 -1 1 1 1 0 -1 2 0 1 -3 0 0 1 0 0 0 3 1 0 0 0 2 -1 2 -1 0 0 -1 0 0 0 1 0 0 1 0 0 0 0 -1 0 0 2 -1 -1 2 0 0 -1 0 0 -1 0 1 0 0 0 0 1 1 0 0 1 0 1 1 1 1 0 0 0 2 0 1 0 0 -1 1 0 0 0 0 1 0 0 0 1 0 0 0 0 0 1 -2 0 1 0 -1 0 1 0 0 0 1 2 0 0 1 1 0 -1 0 1 -2 -1 0 0 0 1 0 1 1 -1 0 0 0 0 0 0 -2 0 1 0 0 2 -1 -1 0 -1 1 0 0 0 -1 0 -1 0 0 0 1 0 -1 -1 0 0 0 1 0 2 -1 0 0 1 -1 0 1 1 -1 0 -2 0 0 0 0 1 0 0 0 1 0 0 0 0 1 0 2 0 1 0
0 0 1 1 1 0 1 0 0 0 0 0 -1 1 0 2 -2 1 1 1 0 1 -2 0 0 0 -1 1 -2 -1 1 0 0 1 1 0 -1 0 0 -1 0 0 1 0 0 0 -2 -1 0 2 1 1 0 1 0 0 1 0 0 1 1 0 0 0 0 -2 0 1 2 0 -1 1 1 0 1 -1 -1 0 0 1 0 1 0 0 0 0 0 0 -1 1 0 1 -1 1 0 0 0 0 3 0 14 0 0 1 1 0 1 0 0 0 0 0 2 0 -1 0 0 1 0 -1 0 1 0 0 1 0 1 0 0 0 1 0 0 1 0 1 0 1 0 2 0 1 0 2 0 1 1 1 1 0 0 1 -1 1 0 0 2 1 -1 0 1 3 0 -1 -1 0 0 0 0 0 -1 0 0 0 0 -1 1 1 -1 1 0 0 0 2 0 0 0 1 1 1 0 -1 -1 1 1 -1 -1 0 0 0 0 0 0 2 1 0 1 0 -1 1 0 1 0 0 1 2 0 -1 2 0 -1 -2 0 0 0 -1 1 1 1 0 0 0 -1 0 0 0 -1 1 0 0 1 0 -1 0 1 0 1 -2 1 0 0 0 -1 0 1 -1 0 1 0 1 0 1 1 0 0 0 -1 -1 0 2 0 0 0 0 0 0 1 0 0 1 0 -1 2 -1 1 0 1 -1 0 -1 -1 1 2 1 0 -1 0 1 0 0 0 0 0 0 2 -1 0 -1 1 0
-1 -1 0 1 2 0 0 -2 -1 -1 -1 0 0 2 -1 1 2 -1 0 1 1 -2 0 2 0 0 0 0 -1 0 2 -2 0 1 1 -1 2 0 2 0 0 0 -2 -1 0 -1 0 0 -3 1 0 0 -1 0 -1 0 1 -1 2 0 0 0 0 1 0 -1 0 -1 0 -1 0 0 1 -1 1 0 -1 -1 -2 0 0 1 0 0 -1 1 0 -1 0 0 0 -1 0 0 -1 0 0 -1 0 1 0 13 0 0 1 -2 0 0 0 -1 0 -1 0 -2 -1 0 -1 -1 1 0 0 0 0 -3 1 0 -1 0 0 1 0 0 1 0 0 0 1 0 0 -1 0 -1 0 0 2 1 1 0 -1 0 1 2 0 -1 0 0 -1 0 0 0 1 0 0 -1 0 -1 0 0 0 -1 1 -2 0 -1 -1 1 0 0 0 0 1 0 0 1 0 2 0 0 -1 0 0 0 0 -3 -1 0 0 0 -1 0 0 0 -1 0 0 1 0 1 -1 0 0 0 1 2 0 0 0 0 0 1 -1 0 0 1 -1 0 0 -1 0 -1 -1 0 -1 0 0 -2 0 0 0 0 0 -1 0 0 1 -1 1 2 0 0 0 1 0 1 0 0 1 0 0 -1 -1 0 0 1 1 -2 0 1 0 0 1 -2 -1 -1 0 0 0 -1 0 0 0 1 1 0 -2 -1 1 0 0 0 -1 2 0 0 -1 2 1 0 0 -1 0 1 -2 -2 0 1 1 0 0 1
1 1 0 -1 0 0 0 0 0 0 1 0 -1 0 0 0 3 0 1 -1 0 0 0 0 0 2 0 0 -1 0 0 0 -1 1 -1 -1 0 0 -1 0 1 -1 1 0 0 0 0 1 -1 2 1 0 0 0 1 0 -1 1 0 1 0 0 1 0 -1 0 1 0 2 -1 -1 1 1 0 -1 0 -3 0 0 1 2 0 0 0 1 0 -1 0 0 0 0 -1 -1 0 0 2 0 1 1 0 0 0 13 0 0 0 2 0 1 1 1 0 0 0 0 0 0 0 0 -2 0 1 0 1 0 0 0 -1 0 0 0 0 0 -1 2 0 0 0 0 1 0 0 1 0 0 1 0 0 1 -1 0 -2 0 0 0 0 -1 0 1 0 0 3 0 -1 -1 -1 0 0 0 0 0 -1 1 -2 0 2 1 1 1 0 -1 -1 0 2 1 1 1 2 2 -1 -1 1 1 0 0 0 0 1 0 2 0 0 0 0 0 2 0 -2 0 1 0 0 0 1 1 0 -2 0 0 0 0 -1 -1 0 -1 0 0 0 0 0 0 1 1 -1 1 0 -1 0 1 0 0 1 0 0 -1 1 0 0 0 0 0 0 -1 2 -1 -1 0 1 0 3 0 0 0 0 0 0 0 0 0 -1 0 1 0 0 -1 2 1 0 0 0 0 0 0 0 0 1 0 0 2 1 0 0 2 1 0 0 0 1 0 -1 0 0 -1 0 -1 -1 1 0 0 0
0 0 0 0 0 -1 -1 1 -1 0 -1 1 -1 0 1 -1 0 0 1 0 1 1 -1 0 -1 0 0 1 0 0 0 1 0 0 0 2 0 -2 -1 0 0 0 0 -2 0 1 0 1 -1 -1 0 1 0 0 0 -1 1 0 0 0 1 1 -1 0 0 -1 1 -1 0 0 0 -1 0 0 0 0 0 3 -1 -1 -2 0 0 0 0 0 0 0 -1 -1 0 0 0 1 0 2 0 2 0 -1 1 0 0 15 0 0 1 2 0 0 0 1 -1 -1 -1 1 0 0 1 0 -1 0 0 0 0 1 1 1 0 0 0 2 1 0 -1 1 0 0 0 -1 1 1 0 0 0 0 1 0 -1 0 0 1 0 -1 0 -2 1 0 -1 -1 -1 1 0 -2 0 0 1 0 0 -1 0 0 0 0 0 0 0 -1 -2 -1 -1 0 0 0 1 0 0 0 -2 -1 1 0 0 0 -1 0 -1 -1 0 0 0 0 1 1 0 0 -1 0 -2 0 1 0 1 0 -1 -1 -1 -1 0 2 -1 -1 0 -1 0 -1 0 0 -1 -1 0 1 0 -1 0 1 0 -1 0 -1 0 0 -1 1 0 0 0 1 1 0 0 -1 -2 -1 2 -2 0 1 0 -1 0 -1 0 0 0 0 1 0 0 -1 -2 -1 0 1 1 0 0 0 1 1 -1 0 1 0 -1 0 0 0 0 0 -2 0 0 1 2 1 0 0 2 0 0 0 0 0 -1 1 1 0 1 -1
-1 -1 0 0 0 0 1 -1 1 0 0 0 -1 0 0 0 0 0 0 0 0 -1 0 0 0 1 -1 -1 0 0 1 1 0 1 0 0 -1 1 0 0 -1 0 0 -1 0 -1 1 1 0 0 1 1 2 0 0 0 0 -1 0 0 0 0 0 0 0 0 0 0 0 1 -1 -1 -1 0 0 0 0 -1 -1 0 0 0 1 1 0 0 1 -1 0 1 1 1 0 0 0 0 0 0 0 0 1 1 0 0 10 0 0 0 0 0 0 0 1 -1 0 0 1 0 1 0 1 1 0 0 0 2 0 0 1 0 -1 1 1 0 -1 0 1 0 1 -1 0 0 0 -1 0 0 0 0 0 0 0 1 0 0 0 0 0 0 -1 1 0 0 -2 -1 0 -1 0 0 0 0 -1 0 0 0 -1 0 0 -1 0 1 0 0 -1 0 0 0 1 0 0 0 2 0 2 0 0 0 0 0 0 1 1 0 1 2 -1 0 0 0 0 0 1 1 0 2 2 0 0 0 0 0 -1 0 -1 1 0 0 0 0 1 0 1 -1 0 -1 0 -1 0 0 0 0 0 0 0 1 0 -1 2 0 1 0 -1 0 1 -1 0 0 2 1 0 -1 1 0 0 0 0 1 0 1 0 0 0 0 0 -1 0 0 0 1 0 0 0 0 0 -1 -1 1 0 0 1 0 0 0 1 0 0 0 0 0 1 1 0 1 1 0 0 0 0 0 1 0
0 1 0 0 0 1 0 0 0 -1 1 -2 2 1 0 0 1 -1 -1 -1 0 1 -1 -1 0 1 -1 1 1 0 -1 0 1 2 0 1 1 0 0 -1 0 0 2 2 -1 1 0 -1 0 0 1 0 -1 1 2 1 0 0 1 1 2 0 2 1 0 1 0 -1 0 1 1 -1 -1 1 0 0 0 -2 0 0 0 0 0 -1 0 -1 0 0 -1 -1 -1 1 -1 1 1 1 0 0 1 0 0 -2 0 0 0 16 0 0 1 -1 -2 1 0 2 0 0 3 0 0 1 0 0 0 3 3 0 1 1 -1 1 -1 0 -1 0 0 0 -2 0 -2 0 -1 1 0 0 -1 -1 -1 1 -1 0 -1 0 0 2 0 1 1 0 0 1 0 1 0 1 -1 0 0 0 0 0 0 0 0 -2 1 -1 1 -1 0 0 0 0 0 0 1 1 0 0 0 -1 2 1 0 2 0 1 0 0 0 0 0 1 2 0 0 0 0 1 0 -1 1 1 1 -1 1 0 2 0 0 -1 1 0 -1 0 1 0 1 1 -1 0 -1 1 0 1 1 1 -2 0 0 0 0 0 1 -1 0 1 -1 0 1 0 0 -1 1 1 0 0 0 -1 0 0 0 0 2 1 0 1 -1 0 0 -1 0 2 0 -1 0 1 0 0 0 -1 0 -2 0 -1 1 0 0 0 0 0 1 -1 -1 1 0 -1 1 0 1 0 0 -1 1 0 1 0 0 -1 0 1
0 1 0 0 -1 0 -2 -1 -1 1 -2 -1 -1 1 0 2 1 -1 1 0 1 -1 -2 1 1 2 0 0 -1 0 -1 0 0 1 -1 2 0 -1 1 1 0 0 1 -1 0 0 1 1 0 -1 1 -2 1 0 0 -1 0 1 0 0 0 0 1 1 0 -1 1 1 0 -1 0 1 0 0 -2 2 0 0 1 0 -1 0 -1 0 0 0 -1 -1 -1 0 0 0 0 0 1 0 0 0 -2 0 1 0 2 1 0 0 19 0 -1 0 0 -1 1 0 1 0 1 0 0 1 -1 0 1 1 -1 0 -1 2 1 -1 1 0 0 0 1 0 0 0 0 -1 0 0 0 1 0 0 0 2 -1 1 1 -1 0 0 -1 0 2 0 0 0 -1 0 0 -1 -2 0 0 1 1 1 0 0 0 0 -1 1 1 2 -1 -1 -1 -1 1 2 0 0 1 0 1 0 -1 2 1 0 1 0 0 3 0 1 1 -1 0 2 1 -1 -1 0 1 0 -1 0 2 2 1 0 -1 0 2 2 1 0 0 0 -1 1 -1 -1 -1 0 0 1 1 -1 1 -2 0 0 0 0 0 0 0 0 0 0 -1 0 -1 0 0 0 -2 1 1 0 1 1 1 -1 0 0 -1 0 1 0 1 0 0 0 1 1 0 0 -2 0 0 2 1 -1 0 -1 -1 0 1 0 0 0 2 0 -1 2 0 0 0 1 -2 1 0 -1 0 0 0 0 1 0 0 0 0 1
-1 0 0 1 1 0 -1 0 0 0 -1 1 0 0 1 -1 0 1 0 -1 0 0 0 -1 -2 2 3 1 1 1 0 0 0 1 0 1 1 2 -1 -1 0 0 0 2 0 -1 0 0 1 -2 1 0 0 1 0 1 0 -2 0 -1 0 -1 -1 2 -1 0 -1 0 1 -1 0 -2 0 0 0 -1 0 2 0 0 -1 0 -1 1 1 1 2 0 0 -2 0 1 0 0 1 0 1 0 0 1 0 0 0 2 0 0 0 18 0 0 -1 0 -2 0 0 0 0 -1 -2 -1 0 2 0 1 -2 -1 -1 0 -1 1 -1 -1 0 0 0 -1 0 0 0 0 0 1 0 1 1 -1 0 0 0 1 0 -2 1 -1 3 2 0 -1 -1 0 0 1 0 -1 -1 0 0 0 1 -1 0 2 -2 0 -2 -1 -1 -1 0 0 0 0 0 0 1 0 -1 -2 0 0 0 1 -1 2 1 -1 1 1 1 2 1 1 0 -3 -1 0 1 1 0 0 1 1 0 1 1 -1 1 0 0 0 -1 0 0 0 1 0 2 0 0 1 -1 0 0 1 0 1 0 1 0 0 0 0 0 0 2 1 1 1 1 0 0 1 -1 -1 0 0 0 0 0 0 2 1 1 -1 1 1 0 0 -2 0 1 3 -1 1 2 1 1 -1 1 0 0 0 0 1 0 -1 0 1 -1 -2 1 0 0 1 -1 1 0 0 0 1 0 0 1 0 0 0 -1 0 -1 0
0 0 0 -1 0 0 1 1 0 0 1 -1 -1 1 0 0 1 1 -1 0 -1 1 -1 -2 0 1 -1 0 1 1 0 0 -2 0 0 0 1 0 0 1 0 1 0 0 -1 0 -1 -1 -2 0 -1 2 0 -1 0 2 -1 0 0 0 0 -1 1 0 -2 1 0 0 -1 0 0 0 0 0 3 1 1 2 0 1 1 0 0 0 0 -1 0 1 0 0 0 1 1 0 1 0 1 0 -2 1 0 0 1 0 0 1 -1 0 17 -2 -1 1 -1 0 -2 0 -2 0 2 -3 1 0 2 1 3 0 -1 -3 1 0 0 0 0 -1 0 3 0 2 2 0 0 0 1 0 0 0 0 0 0 0 1 0 0 0 0 0 1 -2 0 0 0 1 1 0 1 0 2 -1 1 0 0 0 1 0 0 2 1 0 1 1 0 0 0 2 0 2 2 0 -1 0 0 1 0 0 -1 1 1 0 0 1 0 0 1 0 0 1 0 1 -2 0 -1 0 0 0 1 -1 1 0 0 -1 1 0 -1 0 0 3 0 0 0 0 -2 1 1 1 1 2 0 -1 0 -1 1 0 1 1 0 0 1 1 1 0 0 0 0 3 -1 1 0 -1 0 3 2 0 0 0 2 -1 -1 0 0 0 -1 0 1 0 1 1 0 0 0 1 -2 0 0 -2 2 -1 -2 1 -1 0 0 -1 0 2 0 0 0 0 -1 1 -1 0 0 1 0 0 -1 1 -1 1
1 0 0 -1 0 0 -1 0 0 1 -1 0 0 -2 0 -1 1 -1 0 -1 1 2 1 0 -1 0 1 1 0 -1 2 0 1 0 0 -1 -1 -2 0 -1 1 2 1 0 0 2 1 0 1 2 2 0 1 -1 1 0 0 0 3 -1 1 0 0 2 0 0 0 -1 0 0 0 1 1 -1 1 1 1 0 0 -1 -1 0 0 0 0 1 0 0 1 0 0 1 -1 -1 0 0 0 0 -3 0 0 -1 1 0 0 -1 0 0 -2 15 0 0 1 0 0 0 1 1 -1 0 0 2 -2 2 2 1 0 1 1 1 1 1 1 0 0 0 -1 0 0 -1 1 0 1 0 -1 0 1 0 1 1 1 0 0 0 0 0 0 0 -1 0 2 -2 1 0 0 0 -1 0 -1 0 -1 0 0 0 0 -1 0 2 0 1 1 -1 0 1 0 1 0 -1 0 1 -1 0 1 1 0 -2 0 -1 0 -1 0 0 0 -1 2 0 0 -1 -1 0 -1 0 -1 -1 0 1 0 1 0 0 1 0 1 0 1 -1 -1 0 1 -1 -1 -1 2 1 1 0 1 1 2 2 0 0 1 1 0 0 0 0 1 -1 0 0 -1 -1 -1 0 0 0 0 0 1 0 -1 0 -1 1 1 1 0 2 0 0 0 2 -1 1 0 0 0 0 -2 0 1 0 -1 0 -1 0 0 0 0 0 0 0 2 1 0 0 0 -1 1 0 -1 0 1 -1 -2 -1 0 0
-1 1 -1 0 -1 0 1 1 0 1 0 0 1 1 0 0 0 -1 1 -2 0 0 2 1 1 0 1 2 0 0 0 1 -1 0 -1 1 1 0 0 1 0 -1 -1 0 0 -1 0 -1 0 3 -1 0 1 0 0 0 0 -2 0 0 0 2 1 -1 -1 -2 -1 1 0 0 0 0 1 1 -1 0 -1 -1 0 1 -1 0 0 0 1 1 1 0 0 1 1 1 0 0 0 0 1 0 0 0 0 0 1 0 0 -2 0 -1 -1 0 14 -2 -1 0 -2 0 -1 -1 -1 1 0 0 0 -2 -1 1 1 0 -2 0 0 0 1 0 0 0 2 -1 0 0 0 1 0 1 -1 -1 0 -1 -1 0 1 1 0 1 1 0 1 0 0 0 0 1 0 1 0 1 -1 0 0 0 -1 0 0 0 -1 0 1 0 0 0 0 0 0 2 1 1 1 -1 0 -2 0 0 1 1 1 0 0 0 0 1 0 0 -1 0 0 0 0 -1 -1 0 2 0 -1 1 -2 0 0 0 0 0 1 0 0 1 0 0 0 0 0 0 1 -1 0 -1 0 0 0 0 0 0 0 0 1 0 -3 0 0 -1 0 1 0 0 0 0 0 0 0 1 1 0 1 0 0 0 0 0 1 2 -1 0 0 0 1 -1 -1 0 -1 1 0 1 1 0 1 0 -2 0 -1 0 0 0 -1 -1 0 0 -1 -1 0 0 0 0 0 0 1 0 -1 0 0 0 0 -1
0 -1 -1 1 0 1 1 0 0 0 1 0 0 1 -1 0 0 0 0 1 0 0 0 -1 0 1 -1 -1 1 0 1 0 0 0 2 1 1 0 0 0 0 2 0 1 1 1 1 -1 1 1 0 0 1 -1 0 0 -1 2 0 -1 1 0 -1 1 1 4 0 -1 0 0 0 0 0 -1 0 2 1 0 1 0 0 1 0 0 1 -1 1 0 0 -1 0 2 0 1 -1 0 -1 1 1 0 0 -1 0 1 0 1 -1 0 1 0 -2 14 -1 0 -2 0 -1 0 -2 1 1 0 0 0 0 0 0 0 0 1 0 1 -3 0 0 0 -3 0 0 0 1 0 0 -1 0 1 0 1 0 0 0 0 0 -2 0 1 0 0 0 0 1 0 1 0 0 0 0 0 2 1 1 1 -1 0 0 2 0 0 0 0 -1 0 0 -2 1 0 1 1 0 2 0 2 -1 0 2 1 0 -1 -1 0 0 0 1 1 0 0 -1 0 0 1 0 0 0 2 1 0 -1 0 0 -1 0 1 -2 0 0 0 0 0 0 -1 0 0 2 0 0 2 0 -1 0 0 0 1 0 0 1 0 0 0 0 0 0 0 0 0 0 0 0 0 -1 0 0 -1 1 0 0 0 0 -1 1 0 -1 -1 0 1 2 0 0 0 0 -1 0 1 -1 -1 0 0 0 0 0 0 0 1 0 1 1 0 0 1 0 0 1 1 3 0 0 0 -1 1 0 0
0 1 0 1 1 1 1 2 -1 0 0 0 0 -1 0 0 0 -2 -1 -1 1 0 0 2 0 -1 -2 -1 0 -1 0 -1 0 2 1 0 2 0 1 0 1 1 1 0 1 -2 2 -1 1 0 2 0 -2 0 1 0 0 4 1 2 1 -1 0 0 1 2 1 3 1 1 -1 0 1 0 -2 1 1 0 0 2 0 0 0 0 -1 1 0 0 -2 3 -1 1 -1 -1 2 0 1 2 0 0 2 0 0 -1 1 0 1 -2 -1 1 -1 -1 31 0 1 0 -3 0 3 -1 -1 0 2 1 1 -2 0 -1 2 0 1 2 0 0 -1 0 0 1 1 0 -1 -1 0 -1 -1 3 -1 0 0 1 -1 -1 0 1 0 1 -1 1 0 1 3 0 0 -1 1 -2 0 2 4 1 1 0 0 -2 2 0 0 0 -1 1 1 0 1 0 0 -1 -1 0 0 1 -2 -2 2 -1 -1 -1 -1 1 0 0 0 -2 0 1 0 2 -1 1 0 0 -1 -4 2 -1 1 0 2 0 1 -1 1 1 0 -1 0 -1 2 1 3 0 0 0 2 1 0 -1 0 1 2 1 -2 0 0 2 0 -1 0 -2 -1 -1 1 1 1 -1 -2 2 1 -1 1 0 0 0 1 2 0 4 1 -2 0 0 0 1 0 1 2 0 0 0 1 0 1 0 -1 0 2 0 1 -1 1 -4 0 3 0 0 0 0 0 2 2 1 1 1 0 0 -1 1 -1 2 0 1
2 1 1 -1 1 1 0 0 -2 0 1 -2 0 0 1 0 0 1 1 0 0 0 0 1 -1 0 0 1 0 1 1 2 1 2 1 2 -1 -1 0 0 1 0 -1 0 1 1 0 0 1 2 1 1 1 0 0 1 -4 -1 -1 0 0 1 1 1 1 -1 1 0 0 0 -1 3 0 2 0 0 1 -2 0 1 3 0 0 0 0 0 1 0 3 0 0 1 2 2 1 1 0 -2 0 0 0 -2 0 -1 -1 2 0 0 0 0 0 0 0 20 1 0 1 0 -1 0 0 0 0 0 1 2 1 -1 1 -2 0 -2 -1 0 1 0 2 1 0 -1 1 1 0 2 0 -1 0 0 0 0 -1 0 -1 3 1 1 0 0 0 0 0 0 0 2 1 0 -1 1 1 0 -1 1 0 1 1 -1 -1 0 0 -1 -1 2 0 2 0 0 1 -1 0 -3 0 0 -2 -1 -3 0 1 -3 -1 -1 0 0 1 1 0 -1 -2 1 0 1 1 0 0 0 -1 1 0 -1 2 2 0 0 -1 1 1 1 -1 0 1 0 1 0 2 1 -1 0 -1 -1 -1 -1 0 -1 1 0 0 2 0 1 0 0 2 0 1 -1 0 0 0 1 -1 -1 0 -1 0 0 0 2 0 -3 0 0 0 0 0 0 -1 -2 -1 0 -1 0 -1 -1 1 3 0 0 0 2 0 1 1 -1 0 0 -2 0 0 0 0 4 0 -1 -1 1 1 1 0 0 0 2
0 -1 1 1 -2 0 0 -1 0 -1 0 0 0 -2 2 -1 0 0 0 0 0 -1 0 1 -1 0 1 -1 -1 1 0 0 2 0 -1 0 -1 0 0 -1 0 -1 -1 0 -1 0 0 2 0 -2 0 0 1 -1 -1 0 0 1 -1 1 0 0 -1 0 3 1 1 -2 -1 -1 -1 1 -1 0 0 1 0 0 0 2 2 1 0 -1 0 0 -1 -2 2 0 -1 -1 0 -1 2 -2 1 0 -1 0 -1 -1 0 -1 0 0 1 0 -2 0 -2 -2 1 1 16 2 1 0 -1 0 -2 -1 1 0 -1 0 1 1 0 0 0 2 -1 -1 0 -1 0 0 0 0 1 -1 -1 -1 0 0 -2 0 0 0 0 -3 0 1 0 0 0 0 1 0 0 1 1 0 0 1 -1 0 0 1 0 1 -2 0 1 -1 1 -1 1 0 0 1 0 -1 -1 1 0 0 2 1 0 0 -1 -1 0 0 1 -1 0 0 3 0 1 3 0 -1 0 0 3 0 0 1 -1 -1 -1 -1 0 0 -4 -1 -1 1 0 0 1 -1 2 0 0 1 0 0 -1 0 0 0 0 0 0 0 0 -1 -2 -1 3 0 0 0 1 -1 0 -1 -1 0 -1 2 0 1 1 0 -1 1 0 0 0 1 0 -1 0 0 0 0 -1 0 -1 -1 1 1 0 0 -1 0 -1 0 -1 0 -1 1 0 1 2 4 1 2 0 0 0 1 0 1 -2 -1 0 1 -1 0 0 -1 0 0
0 0 0 0 0 0 0 -1 1 -1 2 0 2 0 3 0 0 0 0 1 0 -1 0 1 0 0 0 0 0 1 0 0 2 1 1 0 0 1 0 1 0 0 0 0 1 0 1 0 0 -1 -1 0 0 -1 -1 0 -1 0 1 0 1 0 1 0 0 0 0 0 -1 0 0 0 -1 0 0 2 -2 2 0 -1 0 1 0 0 0 0 0 1 0 0 0 0 0 0 -1 0 -1 0 0 -1 0 0 0 1 0 0 0 0 0 0 0 0 0 0 2 10 0 -1 0 -1 -1 0 0 0 0 0 -1 0 -1 0 0 1 0 0 0 0 -1 0 0 0 0 0 0 0 1 0 1 0 0 1 0 0 -1 1 1 0 0 0 0 0 0 0 0 0 0 0 0 0 -1 1 1 0 0 0 0 0 0 1 -1 -2 0 0 0 0 0 0 0 0 0 -1 1 0 0 1 0 0 0 -1 0 0 1 -1 -1 4 0 1 1 0 1 0 0 1 -1 0 0 0 1 0 -1 -1 0 1 1 2 1 0 1 1 0 0 0 0 0 0 1 0 0 1 0 0 0 0 1 0 2 0 0 0 0 0 0 0 0 0 0 0 0 0 0 1 -1 -1 0 -1 0 0 -1 0 0 1 0 1 0 0 0 0 0 0 0 -1 0 1 0 1 0 0 1 0 1 0 1 0 0 0 0 0 0 0 0 0 0 0 0 0 -1 -1 0 0 1 0
0 0 0 0 0 0 0 0 1 -2 0 0 0 0 0 0 1 1 0 0 0 -1 1 0 1 2 1 2 0 -1 0 0 2 1 3 1 0 1 1 -1 1 0 1 1 -1 -1 0 3 1 0 2 1 1 -1 1 0 0 0 0 1 -1 1 0 0 0 1 -1 1 0 0 0 0 0 1 0 0 0 0 1 0 2 -1 0 1 0 1 2 2 0 -1 0 0 0 1 1 2 0 1 -1 1 0 -1 0 0 1 3 1 0 -2 1 -1 -1 -3 1 1 0 19 -1 0 1 -1 0 -2 2 2 1 2 2 1 2 -2 0 0 1 -1 0 0 0 1 0 0 -2 2 1 -1 -1 0 1 1 0 3 0 -1 0 2 2 3 -1 1 1 0 1 -1 3 0 1 0 0 2 0 0 2 -1 1 0 -2 1 -1 1 -1 0 0 0 1 0 1 -1 0 0 0 3 2 1 1 0 -2 1 -2 0 -1 0 -2 1 1 -1 0 0 -1 0 0 0 2 1 1 -1 0 1 0 1 -1 -1 0 1 1 -1 -1 1 0 0 0 0 0 0 0 -1 1 0 0 -1 0 0 0 2 0 0 0 -1 0 -1 2 -1 -1 -1 0 0 0 -1 -2 -1 0 1 1 0 -1 0 0 1 1 3 0 0 0 0 -1 0 0 0 0 1 -1 -1 -1 0 -2 1 0 0 1 0 1 1 -1 0 0 2 2 0 0 -1 0 0 1 1 0 1 -1 0 0 -1 0
1 1 0 0 0 -1 1 -1 1 0 -2 0 0 0 -1 0 1 2 1 -1 -1 -1 1 -1 0 -1 -1 -1 0 0 0 0 1 1 0 1 -2 0 0 -1 0 -1 3 0 -1 1 0 0 1 0 -1 0 -1 0 0 0 0 0 1 1 1 1 2 0 -2 -1 0 0 2 0 0 0 0 0 1 0 1 0 0 0 1 0 0 0 -1 0 0 0 0 0 -1 0 0 1 0 -1 0 0 2 -2 1 -1 0 0 0 0 0 -1 0 1 -1 0 0 0 0 -1 -1 12 1 1 0 1 1 0 2 -1 1 -1 0 -1 1 0 0 0 1 0 0 0 1 0 -1 1 -1 0 0 -1 -1 0 1 0 -1 1 0 0 1 0 -2 0 0 0 1 -1 1 1 1 -1 1 -2 0 0 0 0 0 -3 1 0 1 2 -1 0 0 -1 2 0 0 -1 -1 0 0 0 -1 -1 1 1 0 0 1 0 0 -1 0 0 0 0 0 0 -2 0 1 1 0 0 0 -1 3 -3 -1 1 0 0 0 0 0 0 0 0 -2 0 -1 0 3 0 -1 0 0 0 -1 1 0 0 0 0 0 0 0 0 0 0 0 1 -1 0 -1 0 -1 -1 0 -2 -1 -1 -1 0 0 0 0 1 0 0 0 0 -1 -1 0 0 0 0 0 -1 1 1 0 1 0 0 1 0 0 0 0 1 1 0 0 0 0 0 0 0 0 1 1 0 0 0 1 0 0 1 1 2
1 1 0 0 -1 0 1 1 1 0 -1 -1 0 -2 1 -1 -1 0 0 0 -1 0 0 3 0 0 -1 -2 -1 0 -2 -1 0 1 1 0 -3 -1 0 1 0 1 0 -1 0 -1 -1 2 0 0 -2 2 0 -2 0 -1 1 1 1 1 0 1 0 -1 -1 -2 1 2 -1 2 0 -2 0 0 1 2 -1 2 -1 0 0 0 0 0 1 1 0 1 -1 2 -1 -2 1 0 1 -1 -1 1 0 0 0 1 0 1 1 0 0 -2 2 -1 -1 -2 3 -1 -1 0 0 1 19 0 -1 0 0 0 3 -2 0 -3 2 0 2 0 1 0 0 0 1 0 1 0 1 -1 0 -1 0 1 -1 0 -1 0 0 2 -1 -1 0 0 0 0 0 0 0 0 0 0 -1 1 0 0 -2 0 0 0 -1 0 -2 2 0 2 0 1 2 0 1 0 -1 1 -1 1 0 0 0 0 0 0 -3 1 0 0 0 -1 1 -1 0 0 -1 -1 -2 2 -1 -1 1 1 1 0 0 0 -1 0 0 1 0 1 1 0 0 1 -1 -1 2 0 0 1 1 0 0 0 0 0 -2 -1 0 0 0 1 0 0 1 0 0 0 0 -1 0 3 0 0 0 0 0 -1 1 -1 0 1 1 -1 1 0 1 0 1 -2 -1 0 0 0 0 0 0 2 0 1 0 -1 2 0 2 1 0 2 -1 0 1 0 1 0 0 2 0 1 0 0 -1 0 -2 0 0 1 1 0
0 0 0 3 -1 0 -1 0 -1 -2 -1 1 0 1 0 -1 0 0 0 0 -1 -1 -1 1 1 -2 0 -1 0 0 -3 0 0 -1 0 1 -1 -1 1 1 0 0 0 0 -1 0 0 0 0 0 1 0 0 0 1 0 2 0 -1 0 0 2 -1 1 0 -1 0 0 0 1 1 -1 1 -1 -1 0 1 -1 0 0 0 -1 1 -2 0 0 2 1 0 -2 0 -1 -1 2 1 0 1 0 2 -1 -1 0 -2 0 0 1 1 -1 -3 0 1 1 -1 0 0 -1 1 1 0 17 1 0 0 -3 1 1 -1 2 0 0 -1 0 -1 0 0 -1 0 -2 -1 -1 0 0 1 -1 -1 1 -1 1 -1 0 -1 3 0 -1 -1 1 0 1 0 0 0 0 1 1 0 2 -2 -1 -1 0 -1 1 -1 0 -2 -1 0 0 0 0 -1 0 0 0 0 -1 0 0 -1 0 2 0 0 0 -1 0 1 -1 0 -1 0 -1 1 -1 1 -1 0 1 -1 1 2 1 1 2 1 0 3 0 0 -1 0 0 0 -1 1 1 0 0 0 0 1 0 0 0 -1 -1 0 0 0 1 -1 1 -2 1 0 1 0 0 -1 0 0 -1 -1 0 0 0 0 1 -1 0 0 0 0 1 0 0 1 -1 0 -2 1 -2 0 -1 1 0 -2 -1 2 0 1 2 0 -1 0 0 -1 1 -1 1 -1 0 1 2 0 0 0 1 0 0 0 0 1 0 0 0 -2 -1 0 0
-1 1 0 1 1 0 0 -1 1 0 0 0 0 -1 0 0 -1 -1 0 -1 0 1 -1 0 0 1 0 1 1 0 -1 0 0 1 0 0 0 0 0 0 0 0 0 -1 2 0 1 0 -2 0 0 0 -2 -1 0 1 0 0 1 0 -1 0 0 -1 1 0 2 -1 0 0 0 0 1 0 0 1 0 -1 0 0 0 1 0 0 -1 -1 -1 1 0 -1 1 0 0 1 -1 0 -1 2 0 0 0 0 0 -1 1 0 -1 0 1 0 0 1 -1 0 -2 -1 -1 0 -1 1 14 -1 -1 0 0 -1 0 1 0 -1 -1 0 0 0 0 -1 0 0 0 0 1 0 1 1 0 0 0 0 -1 0 -1 0 0 0 0 -1 0 -1 1 0 0 2 0 1 1 0 0 -1 0 1 0 0 1 1 0 1 0 1 -1 -1 0 0 -1 0 0 0 1 0 -1 0 1 0 0 1 0 1 1 0 0 0 0 0 0 0 -1 0 1 0 2 1 0 0 0 2 1 -1 1 0 1 0 -1 1 0 1 1 -1 2 0 0 -1 0 -1 -1 0 2 2 0 0 0 0 0 1 0 0 0 -3 2 0 0 0 -1 0 1 -2 -2 0 0 0 0 0 0 2 0 0 0 -2 0 0 0 0 1 1 1 0 0 0 -1 -1 1 0 0 0 0 0 -1 0 0 0 0 0 0 -3 1 2 0 -1 0 -3 -1 1 1 0 1 -1 0 0 -1 0 -2 1
1 0 0 0 0 0 0 0 0 0 0 0 0 0 0 0 0 2 0 -1 2 0 0 1 0 0 0 1 0 0 0 0 1 0 0 0 0 0 0 0 1 1 1 1 0 0 0 0 0 1 1 0 1 0 1 0 0 0 0 0 0 0 0 1 0 -2 0 -1 0 0 0 2 0 0 0 -1 0 0 0 -1 -1 0 0 1 0 0 0 0 0 0 -1 1 1 -1 0 0 0 0 1 -1 1 0 1 0 1 0 0 2 0 2 0 0 0 0 -1 0 0 1 0 0 -1 10 0 2 -1 0 1 0 0 1 0 0 0 0 -1 0 0 -1 0 0 -1 1 -1 -1 1 0 0 0 1 0 1 1 -1 0 0 1 0 0 -1 0 1 1 0 -1 1 0 0 0 0 1 0 1 3 -1 -1 0 0 -3 2 0 0 -1 0 2 1 0 0 0 0 0 0 0 1 3 0 0 0 0 0 1 0 0 0 0 0 0 0 1 1 0 1 1 -1 0 2 0 0 0 0 0 1 -1 0 -2 1 -1 0 0 0 0 -2 0 0 1 1 1 1 2 -1 -1 1 0 0 2 0 0 0 0 0 0 0 1 0 0 0 0 0 0 0 0 1 -1 0 0 0 1 0 1 1 0 0 -1 1 0 -1 1 0 0 0 0 0 0 0 0 0 0 1 0 0 0 -1 0 0 1 0 1 0 0 1 0 0 0 0 2 0 0 1 0 0 0
0 0 0 1 0 1 1 1 -1 2 0 0 1 0 0 0 1 -1 1 0 0 0 0 -1 0 0 1 0 1 1 0 1 -1 2 -2 1 0 0 0 0 0 -1 1 0 0 -1 0 -1 -1 -1 0 0 0 0 3 0 0 2 -1 1 0 0 -1 -1 -1 -1 1 0 3 0 -1 0 0 0 0 1 0 1 -3 3 4 0 2 0 0 0 0 -1 -1 3 1 0 1 -3 1 1 0 0 -1 1 0 0 0 0 0 0 1 0 2 -2 0 0 2 0 1 0 -2 1 0 0 -1 0 15 -1 0 0 0 -2 -1 1 0 1 0 -1 1 1 0 2 1 1 -1 -1 -2 0 0 1 0 1 0 -1 2 -2 0 1 0 1 1 1 1 0 -2 0 1 -2 0 -1 0 0 0 -1 1 0 -2 1 0 0 1 -1 -1 -1 0 2 0 0 0 0 0 2 1 -1 0 -2 0 1 1 1 1 0 -2 0 1 1 1 2 0 0 0 0 -1 1 0 0 0 -1 2 0 0 0 0 1 0 -1 0 0 0 0 -2 0 1 0 1 0 2 1 0 0 0 1 0 0 1 1 -2 -1 0 0 1 0 -1 0 0 0 1 1 -1 0 1 0 1 1 -1 -1 0 0 0 0 -1 -2 1 1 -1 -1 2 0 0 -1 -1 1 1 1 1 2 -1 0 1 0 -1 0 -1 0 0 0 0 2 0 0 0 1 0 2 -1 0 1 0 1 1 1 0 0 0
1 0 1 0 0 1 2 0 1 0 3 0 1 -1 1 1 -1 0 1 1 0 2 1 0 1 0 0 0 1 0 0 0 0 1 0 0 2 1 0 0 0 2 2 1 0 0 0 0 1 -2 2 -2 -1 -1 2 0 -1 1 2 0 0 0 -1 0 0 1 0 -1 0 1 0 0 2 1 -1 1 0 0 0 0 1 1 1 0 1 -2 1 1 1 1 -1 1 -1 0 3 0 0 2 2 1 0 -3 1 0 0 3 1 1 1 2 -2 0 1 0 0 0 2 0 0 -3 0 2 -1 21 1 0 1 0 -1 1 0 1 -1 0 0 1 -1 1 0 -1 0 0 1 1 -1 1 1 1 0 1 1 0 -2 2 -1 1 0 -2 0 1 2 1 0 1 1 0 -1 1 1 -1 1 1 1 -3 3 0 0 0 0 0 1 -1 0 2 -1 1 -1 -1 1 0 -2 1 1 4 1 0 0 0 0 0 0 0 0 0 -2 -1 -1 1 0 0 1 1 0 -2 0 0 0 0 1 -1 1 1 0 1 0 -1 -1 1 0 2 -1 1 1 1 0 0 0 0 0 1 1 3 0 1 1 0 -1 0 0 -1 0 0 1 0 1 0 0 -2 0 0 1 -1 0 0 -1 0 -2 0 1 1 0 2 -1 3 0 2 2 2 0 1 -2 -1 0 1 1 2 0 0 -1 0 2 -2 -1 -1 1 0 1 0 0 0 -1 1 -1 -1 2 1 -1 -1 -1 -1
2 0 0 -1 0 0 1 1 -1 -1 -1 -1 -1 1 -1 0 0 0 1 0 -2 1 0 -2 0 0 -1 -2 -1 0 2 0 0 1 2 -2 -1 -1 0 -2 -1 2 2 1 -1 -2 0 3 0 3 0 1 1 -1 0 -1 1 -1 0 0 -2 0 0 1 -1 1 -1 2 0 0 1 -1 -1 0 3 2 0 1 -1 1 0 0 0 1 0 1 0 1 0 0 0 0 0 1 1 0 0 0 2 1 1 1 0 0 0 3 -1 -2 3 2 -1 0 1 1 -1 0 2 2 3 1 0 -1 0 1 19 0 0 -1 0 0 2 1 1 2 0 1 0 1 1 2 -1 0 1 -1 0 0 0 0 0 0 1 1 -1 0 0 0 1 1 0 1 1 0 1 1 0 1 -2 -1 0 1 -1 0 -1 -1 1 0 0 0 0 0 1 0 1 0 0 -1 -2 0 0 0 -1 1 0 -1 0 0 0 -3 -1 -1 0 -1 0 1 0 1 -1 -1 0 0 0 -1 2 1 1 0 2 0 0 0 1 1 0 0 0 2 0 0 1 0 0 0 0 1 -2 1 -1 1 0 1 0 -1 1 2 0 -2 0 0 0 0 0 -2 2 1 -2 -1 -1 0 -1 1 1 -1 1 1 0 0 0 -1 2 0 1 -1 0 -2 0 2 0 0 1 -1 -1 1 1 -1 1 -1 0 1 0 1 0 2 0 1 -1 -2 1 0 0 1 1 0 -1 0 2 -2 -2 -1 0 0
0 0 1 0 0 0 1 0 0 -1 0 0 2 0 0 -1 2 0 -1 1 -1 1 0 -1 0 0 0 -1 1 0 1 1 -2 1 0 0 0 0 0 0 -2 0 -1 1 1 1 -1 -2 0 0 0 0 2 1 0 0 1 -1 0 -1 2 1 -1 0 0 -1 0 -2 0 1 -2 0 0 0 0 -1 0 2 1 -1 -1 0 1 0 1 0 0 0 0 -1 -1 1 1 3 -1 1 0 -1 1 0 0 0 0 1 2 0 0 -1 0 1 1 0 -2 2 0 0 1 -1 -2 1 -1 0 0 0 0 18 1 1 1 0 0 1 0 1 0 1 -1 0 0 0 1 1 1 -1 0 1 1 1 1 0 1 1 0 0 0 1 1 0 -1 -2 0 -1 -1 2 -1 0 0 0 0 0 0 -1 0 0 0 0 0 -1 0 -1 0 0 1 0 0 2 1 0 0 1 1 -1 2 -1 0 0 1 -2 -1 1 1 0 0 2 -1 -1 -1 -2 -3 2 3 0 -2 1 0 1 2 -1 0 -1 0 0 -3 0 0 2 -2 0 0 -1 1 1 0 -1 0 -1 1 -1 0 1 0 0 1 2 0 0 0 0 2 0 0 -1 1 0 0 0 0 4 0 0 0 0 0 0 1 3 0 2 0 0 0 0 -1 -1 1 0 0 1 1 1 0 0 0 -2 -1 0 0 2 2 0 0 0 1 1 0 0 0 1 1 0 0 -1 1 0 2 1 0 -1 1 0
0 0 -1 0 0 0 0 0 0 0 0 0 0 0 0 -2 0 1 1 1 0 1 0 0 1 0 0 1 1 -1 0 0 0 1 1 0 -1 -2 0 0 -2 0 2 1 0 0 1 1 2 1 0 1 0 0 1 0 -1 0 0 -1 1 -1 0 -2 1 -1 0 -2 1 0 0 2 0 1 0 -2 1 -1 -1 1 -2 0 0 -1 1 0 0 1 2 0 -2 0 1 -1 0 0 0 0 0 -1 1 -1 0 1 0 1 -1 -1 -1 0 1 0 0 1 1 -1 2 1 0 -1 0 1 0 1 0 1 15 0 0 1 1 0 1 -1 0 0 -2 1 0 0 1 0 0 0 -1 -1 0 -1 0 -1 0 0 -2 1 1 1 1 1 0 -1 -1 -1 -1 -1 0 -1 0 0 -1 0 0 2 -1 0 2 0 0 0 -1 0 0 -1 0 0 0 1 0 1 -1 0 0 -1 0 1 0 1 0 0 0 1 -1 0 -1 1 -1 0 0 1 -1 2 1 0 0 -1 1 0 -1 0 -1 0 0 1 -1 0 0 -4 0 -1 0 1 2 -2 -2 0 0 0 0 1 -1 -1 0 0 1 1 -1 1 -1 0 0 0 0 0 0 1 -1 -2 -1 0 1 0 2 0 -1 -1 -1 0 0 0 0 1 -1 1 1 -1 0 0 1 0 0 1 -1 0 0 0 -1 0 1 0 0 0 0 -1 1 1 1 -1 0 0 1 1 -1 -1 1 0 0 2 -1 -1 2 -1
0 1 2 0 0 0 0 0 -1 0 -1 -1 -1 0 0 0 1 -1 -1 0 0 1 0 -2 1 0 0 1 1 0 -1 -1 0 -1 0 1 -1 -1 1 -1 1 0 0 0 0 0 1 -1 0 1 1 0 0 -1 0 1 1 -1 0 0 1 0 0 0 2 1 0 0 -1 -1 0 1 -1 0 -2 0 2 -2 1 1 -1 0 0 0 0 0 0 1 2 -1 -1 0 1 1 1 2 0 0 1 2 0 0 -1 1 0 1 2 0 -3 1 0 0 -1 -1 1 0 2 -1 -3 2 1 0 -2 0 -1 1 0 19 0 0 -3 -1 2 1 0 0 -3 0 0 0 0 2 1 0 0 0 1 1 0 0 -1 3 2 0 0 0 1 0 0 -1 -1 0 0 1 0 0 1 -1 1 0 0 0 0 -1 -1 1 -1 -1 -3 0 0 -1 -1 -1 0 1 1 0 0 0 0 1 1 0 -1 0 0 0 1 0 0 -1 1 0 1 -2 2 0 0 0 0 0 2 -1 -1 1 2 0 -1 0 1 -1 -1 0 0 0 0 0 -1 -1 0 -1 -2 0 0 -1 0 1 1 0 -1 1 1 0 0 0 1 -1 0 0 -1 0 1 0 0 2 0 -1 -1 0 -2 2 2 -1 0 1 0 0 0 0 1 1 0 0 0 0 0 1 1 0 -1 0 0 1 -1 1 1 0 -1 0 0 0 0 2 1 1 0 -1 0 -2 -1 -1 1 0 1 2 -1 0 0 1
1 1 1 -1 0 -1 0 0 -1 0 0 0 -1 -1 1 -1 1 1 1 0 0 1 -1 -1 1 1 0 0 0 0 -1 2 0 0 1 1 0 1 0 0 0 0 0 0 0 1 1 3 0 0 2 1 1 1 2 0 0 0 0 0 1 -1 0 0 0 -1 0 0 1 2 0 0 -1 -1 1 0 0 1 0 0 1 0 0 0 0 0 0 0 0 -1 0 -1 1 1 3 0 0 -1 0 0 0 0 0 0 1 -1 1 -1 1 1 -2 0 2 1 0 -1 1 0 2 0 0 0 -1 -1 0 1 0 0 15 0 0 1 1 0 0 0 0 1 1 0 0 0 0 0 -1 0 0 0 0 0 0 1 1 -1 1 0 0 0 0 0 1 0 1 1 -1 0 3 0 0 1 0 0 0 1 -1 1 1 0 0 0 0 -2 0 0 0 0 0 0 0 0 0 0 1 0 -2 -1 1 0 0 0 0 -1 0 1 0 -1 0 0 -1 0 -2 0 1 0 0 1 0 0 -1 0 0 0 -1 0 -1 -1 0 -1 -1 0 0 -1 1 -2 0 0 0 -1 -1 -1 0 -1 0 1 0 0 0 0 0 0 1 -1 -1 0 0 1 0 -1 1 0 1 0 -2 1 0 0 4 0 0 1 1 0 -2 1 0 0 -2 1 0 1 0 0 0 -1 1 0 1 0 2 1 0 1 0 -1 0 2 0 1 0 -1 1 1 0 0 0 0 1 0 0 1
0 0 -1 1 0 0 0 0 0 1 0 -1 3 0 1 0 1 -1 0 2 1 -2 -1 1 0 0 0 1 1 -1 1 0 1 1 1 -1 -3 -1 2 -1 -1 0 0 3 0 -1 0 -2 -1 0 2 0 2 0 0 1 0 -1 1 -2 -1 0 -2 -1 1 0 1 -1 0 0 0 3 0 0 -1 2 0 1 1 1 0 0 1 0 0 1 0 0 -2 -2 1 1 0 -1 2 1 0 0 1 1 0 1 0 0 0 1 -1 1 0 1 0 1 0 -2 0 0 2 -1 0 0 -1 1 1 1 0 0 1 0 0 26 1 0 0 0 -1 2 -1 0 2 0 0 1 0 1 -1 -1 0 1 0 -2 1 1 0 0 2 2 0 -1 0 0 -1 1 -2 2 1 1 -2 -2 -1 0 0 2 3 1 0 -1 2 -1 1 1 -1 1 0 2 1 3 1 1 0 -2 1 0 0 0 0 2 0 -1 0 1 1 0 1 1 1 0 0 0 0 -2 1 0 0 0 -1 0 0 0 -2 -1 1 1 0 1 2 0 0 -1 3 3 -1 -1 -1 0 2 0 0 0 0 -1 0 0 -2 0 0 0 0 0 0 0 0 0 1 0 1 1 0 0 0 1 2 0 0 1 0 0 -1 0 0 0 2 0 -1 2 2 0 -2 0 -1 1 0 2 1 0 0 1 0 -1 -1 1 0 0 0 1 1 0 5 -1 0 3 0 0 0 1 1 4 0 0 0 0
-1 0 3 -1 1 -1 0 0 0 1 1 0 1 0 0 -1 -1 0 1 -1 0 -1 0 2 -1 1 0 1 -3 0 1 0 0 0 1 -2 0 -1 1 -1 -1 1 -1 0 -1 -1 1 0 1 -1 -1 0 0 1 0 2 0 1 0 1 -1 0 -2 0 -4 0 -1 0 0 1 -1 2 0 -1 1 0 -1 2 0 -1 0 1 0 0 1 1 -1 -1 1 0 0 0 0 1 2 2 0 0 0 -3 1 0 0 0 -1 -1 1 -1 0 1 0 0 1 0 0 0 -2 1 2 -1 -1 0 0 0 2 0 1 -3 0 1 25 0 1 0 1 0 2 -1 1 1 0 0 1 1 0 -2 -2 2 1 0 -1 -1 0 2 -1 -1 -1 2 1 0 2 -1 -1 -1 -1 -1 -1 -2 2 0 -1 0 1 0 0 1 1 1 0 0 0 1 1 2 1 0 -1 0 -1 0 -1 -1 1 -1 1 1 0 -1 -1 0 1 2 1 1 2 0 -1 -1 -1 -1 -1 -1 1 -3 3 0 0 0 0 -1 -1 -1 1 1 0 -2 -2 0 1 2 1 2 -1 2 -1 -2 0 0 0 -1 -1 -1 -2 0 0 0 0 0 1 1 1 0 -2 0 1 -2 1 -1 0 1 1 -3 1 1 1 0 1 -1 1 3 -1 2 -1 0 0 1 0 1 0 0 2 0 0 -1 1 0 0 0 0 -2 -1 1 2 2 -1 -1 0 1 1 -1 0 -2 -2 0 1 0 -3 0 2 0
2 -1 -1 -1 -1 0 2 0 1 0 0 1 1 -1 -1 0 -1 0 -1 1 -1 3 0 -1 0 0 0 0 0 0 0 1 0 0 1 -1 0 0 -1 0 0 0 2 0 0 0 1 1 0 1 -1 1 2 0 1 0 0 1 2 0 0 0 0 0 2 -1 0 0 0 2 -1 2 1 0 1 2 0 1 0 0 1 0 0 1 1 0 -1 -1 -1 1 0 0 0 -1 -1 1 0 2 -1 0 0 0 0 2 1 0 0 -1 0 1 0 1 2 -2 2 1 0 0 0 0 0 0 1 1 1 1 0 -1 1 0 0 18 1 0 -1 0 -2 0 0 0 -1 -1 0 -1 1 1 1 0 0 0 1 1 0 0 1 0 0 0 0 1 0 0 0 -1 1 0 -2 4 2 0 1 -1 2 0 1 -2 0 0 0 0 0 0 1 1 1 -1 0 -1 1 0 0 -1 2 3 4 -1 0 1 0 1 0 0 0 1 1 1 2 -1 -1 0 0 0 0 1 1 -3 0 2 1 -1 -1 1 -1 0 0 2 1 0 -1 0 0 2 1 2 2 2 0 -1 0 1 0 0 1 1 -1 -1 0 1 1 1 1 0 0 0 -1 1 -1 0 0 0 1 0 1 0 0 0 2 0 0 0 -1 -1 0 2 1 1 -2 0 0 1 0 0 -2 -1 1 0 -2 1 1 0 1 3 -2 1 0 1 1 0 -1 0 1 0 1 1 2 2 0 0 1 0
1 0 -1 -3 1 0 0 0 -1 0 -1 0 -1 -1 0 0 0 -1 1 -1 -1 2 -1 1 0 0 -1 0 3 0 -1 -1 0 0 1 -1 -1 0 0 0 0 0 0 0 1 0 1 2 0 1 -1 1 -2 1 1 0 1 0 3 1 -1 0 1 0 1 -1 1 1 0 2 0 0 -1 0 0 1 1 0 -3 0 -1 0 0 0 0 2 0 0 0 1 0 -3 0 0 1 2 0 0 1 0 0 1 0 1 1 -1 0 0 0 1 1 -3 0 -1 -1 0 0 0 1 -1 0 0 0 -1 1 0 1 2 1 0 1 1 16 1 0 0 1 0 0 0 0 0 0 1 -1 -2 0 0 0 -1 -2 0 0 2 0 0 0 0 0 1 0 1 -3 2 0 0 0 0 0 0 1 0 1 1 -1 0 -1 1 0 -1 1 1 0 1 0 1 0 0 0 0 0 1 0 0 0 1 0 1 1 1 0 0 -2 2 2 1 1 0 0 -1 -1 0 1 1 0 -1 0 0 0 1 0 -2 0 -1 0 1 0 -1 0 0 0 0 -1 0 0 0 0 -1 0 1 0 0 2 0 -2 0 1 3 0 1 0 0 0 0 0 1 0 0 0 0 2 0 1 1 -1 1 0 2 0 0 0 1 2 0 -1 0 0 1 0 0 0 0 0 1 0 2 0 0 1 0 0 0 0 2 1 1 0 1 0 0 1 -1 -2 -3 0 1 1 2 -1 0
1 0 0 2 0 0 0 0 0 0 0 0 0 -1 0 0 -2 0 1 0 0 0 -1 0 0 1 -1 0 0 0 0 0 0 0 1 0 -1 0 0 0 0 0 1 2 0 -1 0 -1 0 1 0 3 0 -1 0 0 0 0 0 0 0 1 1 0 0 0 -1 2 0 1 1 0 0 0 0 0 0 1 0 0 -1 0 0 1 0 0 0 0 -2 0 0 -2 1 1 0 0 0 0 1 1 1 0 -1 0 0 0 0 0 -1 0 0 0 0 0 -1 0 1 0 0 0 0 0 -1 0 2 1 -1 1 0 0 0 0 1 8 0 0 0 0 0 0 0 0 0 0 0 -1 0 1 0 0 -2 2 0 0 0 0 1 0 0 0 1 0 0 2 -1 1 0 0 0 0 0 -1 0 0 0 0 0 0 0 0 0 0 0 1 0 -1 0 0 1 0 -1 1 0 -1 0 0 2 -1 0 0 1 0 0 1 -1 1 0 -1 -1 1 0 0 0 0 1 0 0 1 0 -1 0 0 0 0 0 -1 -1 1 1 0 0 0 1 0 -1 0 1 0 0 0 0 0 0 0 0 0 0 0 0 0 0 0 1 0 0 0 -1 1 0 0 1 0 0 0 0 0 0 2 2 0 0 0 0 0 0 0 0 0 0 0 0 2 0 0 1 1 1 1 0 0 0 -1 0 0 0 0 0 0 -1 1 0 0 0 0 2 0 0 0 0 0
-1 0 1 -1 0 0 0 -2 0 0 2 0 0 0 0 0 0 0 1 0 0 0 -2 0 0 0 0 1 0 -1 0 1 0 0 0 1 2 -2 -1 0 0 0 0 0 0 0 0 0 0 0 -1 0 -1 0 0 0 0 0 1 0 0 0 -1 0 0 -1 1 1 1 0 0 1 0 0 0 2 -1 0 0 1 -1 0 0 0 0 0 0 1 0 1 -1 0 0 -1 0 0 0 -2 0 0 0 0 2 -1 -1 0 1 0 0 0 0 0 -1 1 0 0 -1 1 0 0 0 -1 1 0 0 0 0 0 0 -1 1 -1 0 0 13 -1 -1 0 1 0 -1 -1 0 0 0 0 -1 0 0 0 0 -1 0 1 0 -2 0 0 1 0 0 0 0 0 -1 1 0 0 0 0 -1 1 -2 0 0 2 0 1 0 1 -2 -1 1 0 -1 0 1 0 1 0 -1 0 0 0 0 1 1 2 0 0 0 0 -1 1 1 1 0 0 0 0 -1 0 1 1 0 2 0 0 -1 0 0 1 0 0 -1 0 0 0 -2 1 1 0 0 0 -1 -1 0 0 -2 -1 0 1 0 -1 -1 0 1 -2 0 0 2 0 -2 0 0 0 0 1 -1 2 0 -1 -1 0 1 0 0 -1 0 -1 -1 1 -2 0 0 0 1 -1 1 0 0 1 0 0 0 0 0 -1 -1 1 2 0 0 -1 0 0 0 1 0 0 -1 -2 -1 -1 1 -1 0 -1 0 1
2 0 2 0 0 0 1 0 -3 -1 1 0 0 0 1 0 0 0 2 2 0 2 0 0 0 0 -2 1 0 0 0 1 -1 1 0 0 0 0 1 -1 -1 0 0 0 -1 0 -2 0 -2 1 1 2 0 -1 1 0 1 -1 -1 0 1 1 0 -2 0 -1 1 -1 0 0 0 1 0 0 0 1 0 0 0 -1 0 0 0 0 1 0 0 0 0 -2 -2 0 0 1 -1 -1 -1 0 -2 0 1 0 0 1 0 0 0 -1 3 0 0 0 0 0 -1 0 0 0 0 -1 -1 0 1 1 1 1 0 0 0 2 0 0 0 0 -1 15 0 1 1 0 -1 -1 0 2 0 0 1 0 0 0 -1 3 0 -1 -2 -1 0 -1 -1 0 1 -1 0 0 0 0 -1 -1 -1 0 0 0 0 0 0 -1 0 0 0 -1 0 -1 -3 0 0 0 0 -1 0 -1 0 -1 0 0 0 1 -2 -2 0 1 2 0 0 1 -1 0 0 0 -3 0 0 0 0 -2 1 0 0 0 1 -2 2 -1 2 0 0 1 0 -1 0 0 0 1 1 -1 0 0 0 0 -2 0 1 0 -1 2 0 0 -2 0 1 0 0 0 1 3 1 -1 -2 1 1 2 0 -1 0 0 0 0 0 0 0 1 -1 -1 1 1 0 0 -1 1 0 0 -1 0 1 0 0 -1 0 0 -1 1 -1 -1 -2 0 0 0 0 -1 0 1 0 -1 0 1 0 0 -1 1 -1 0
0 0 1 0 1 0 -2 0 0 2 0 0 -1 -1 -1 1 0 0 1 -2 0 -3 2 0 0 0 0 2 -1 1 1 0 1 0 1 -1 0 0 1 0 1 0 -1 -1 -1 0 0 4 -3 0 2 -1 1 0 -1 0 0 0 -1 1 -3 2 0 0 -3 0 0 1 0 1 0 0 1 0 1 0 0 2 0 0 1 2 0 0 0 1 0 -1 0 2 2 1 1 1 1 1 2 0 1 0 0 1 0 0 1 -2 0 0 0 -1 2 -3 0 2 0 -1 0 0 1 0 0 0 0 -1 0 -1 -2 -3 0 -1 2 -2 1 0 -1 0 24 0 0 0 1 3 0 1 0 0 -1 1 0 0 0 1 0 0 0 0 3 0 0 0 0 0 0 0 -3 -1 0 0 -3 0 -1 1 1 0 0 0 0 0 2 0 1 2 0 -1 -1 0 2 0 1 0 1 0 1 0 0 -1 1 -1 1 0 0 1 0 1 1 0 -2 0 0 -2 -1 0 0 -1 -1 0 0 2 0 0 0 -1 0 0 0 1 0 -1 1 0 3 -2 0 0 -1 0 0 -1 1 0 1 2 -1 -2 0 -1 0 3 0 0 -1 0 0 -1 2 0 1 0 1 -1 1 0 1 0 2 0 1 0 0 -1 -1 -2 -1 0 0 -1 0 0 0 0 0 1 0 0 0 -2 -1 0 1 0 -1 -1 -1 1 1 -1 0 0 -1 -1 0 1 -1 0 0 0 0 1 -1 0
0 0 0 -1 0 3 0 0 0 0 0 0 -1 2 0 0 0 0 1 0 0 0 0 -1 1 0 1 -1 0 -1 0 1 0 1 1 0 0 0 0 0 -1 1 0 0 0 0 -1 0 0 1 1 1 0 0 0 0 0 0 0 0 1 -1 1 -1 0 0 0 1 0 0 0 -1 1 1 2 1 0 0 0 1 0 -1 1 0 0 0 -1 1 0 1 1 0 1 0 2 0 0 0 0 3 1 0 0 0 0 0 0 0 2 0 -1 0 1 1 0 0 0 0 0 -2 0 -1 2 1 1 0 1 0 1 0 -1 0 0 0 0 1 0 13 1 0 0 1 0 -1 0 0 0 -1 0 0 -1 0 0 2 0 0 0 0 0 0 1 0 0 0 0 -1 3 0 1 -1 0 1 0 0 0 2 0 0 0 -1 0 -1 0 0 0 0 0 0 1 -1 -1 0 0 0 2 -1 1 0 1 0 1 0 -1 1 0 0 0 -1 -1 1 -1 1 0 0 1 0 0 0 -1 1 -1 0 0 1 0 2 1 1 0 0 0 -1 0 1 0 0 1 0 2 0 -1 1 0 2 0 1 -1 0 0 0 -1 0 0 2 0 0 1 -1 0 0 1 0 0 0 0 0 0 0 0 0 0 0 1 0 0 1 0 0 0 1 0 0 0 0 1 1 1 -1 -1 0 0 2 0 1 -2 1 0 -1 -1 0 0 0 0 0 1 0 0 1 1 0
1 0 0 -2 0 1 0 0 -1 1 -1 0 -2 0 0 0 0 0 0 0 0 0 1 1 0 0 1 -1 1 0 0 1 -1 2 1 0 2 0 0 1 1 -1 0 0 0 -1 0 0 -2 0 0 1 1 -1 0 1 0 1 0 0 0 -1 0 1 0 0 0 0 1 0 0 1 0 0 1 1 0 0 0 -2 1 0 0 1 0 -1 -1 1 0 0 0 0 2 0 0 0 -2 0 -1 1 0 0 0 0 1 -2 0 0 2 0 0 0 1 0 0 0 1 1 1 -1 0 0 1 0 1 0 0 0 1 2 1 0 0 0 1 1 0 1 14 0 0 -1 1 -1 0 0 0 0 0 -1 2 0 0 -1 3 0 0 0 0 0 0 -1 -1 -1 0 0 2 -1 1 0 0 0 2 0 1 2 1 1 0 1 0 0 -1 0 0 1 -1 0 1 0 -1 0 1 -1 1 0 1 1 1 0 1 -1 0 -1 -1 0 0 2 0 0 0 -1 0 -1 -2 1 3 0 0 1 0 0 0 2 1 0 0 0 -1 0 0 -1 0 1 -1 1 0 1 1 0 0 0 0 3 1 -1 0 0 1 1 0 -1 0 0 0 1 1 -2 -2 0 0 1 0 0 0 1 -1 0 0 0 -2 -2 0 0 -1 0 -1 1 1 2 -1 1 -1 -1 0 0 0 0 1 -1 1 0 1 0 0 0 0 1 0 0 -1 0 1 0 -1 0 -1 0 0 1
0 1 0 -1 0 0 1 1 1 0 0 1 0 -1 0 0 0 0 2 -1 -2 1 0 0 0 0 0 -1 -1 1 -1 0 0 -1 0 -2 -1 0 0 -1 0 0 0 1 -1 0 0 1 0 -2 0 0 0 0 0 0 0 1 0 0 0 0 -1 0 0 0 -1 -1 2 1 0 -2 0 1 0 0 -1 0 2 0 0 0 -1 2 0 0 0 1 -1 0 0 1 0 -1 0 -1 0 1 0 0 2 -1 1 -1 -1 0 -1 0 0 -1 0 0 0 -1 0 0 0 0 0 -1 0 0 1 -1 2 0 0 0 0 0 1 0 0 0 0 0 0 0 0 12 -1 0 -1 0 -1 1 0 1 2 -1 1 0 0 0 0 0 0 1 -1 0 0 2 0 1 0 -1 1 -2 0 0 -1 0 0 1 0 1 0 0 0 -1 1 0 0 -1 0 0 -1 1 0 1 0 0 1 0 0 0 0 -1 0 1 0 0 -1 1 0 0 1 1 1 1 0 0 -1 -1 1 0 0 0 -1 0 1 -1 0 -1 0 0 1 0 0 1 0 0 0 1 0 0 0 1 0 -2 0 0 0 0 1 0 0 0 -1 0 0 0 0 0 -2 0 -1 0 -2 5 0 0 1 0 -1 0 0 0 1 1 0 0 0 1 0 -1 0 0 0 0 2 -1 0 0 2 0 0 0 -1 0 1 0 1 0 0 -1 -1 -1 -1 0 1 1 1 1 0 -1 2 -1 -2 0
-1 0 -1 0 1 2 0 0 0 0 0 0 1 0 0 0 0 -1 0 1 1 -1 1 2 0 0 0 0 0 1 1 -1 1 -1 0 0 0 0 0 0 0 0 -2 0 1 0 0 0 0 1 3 0 1 -1 -1 0 0 2 0 0 0 1 -2 1 -1 1 0 0 0 0 0 1 0 0 0 1 0 0 0 0 0 1 0 0 1 0 0 0 2 1 0 0 -1 0 0 1 -1 0 0 0 0 0 0 1 0 -1 0 0 0 1 0 1 -1 1 1 0 0 -1 1 0 1 -1 -1 0 -1 1 1 0 0 0 0 -1 0 0 -1 -1 1 0 0 -1 12 2 2 0 0 1 0 0 0 1 0 1 0 -1 1 -1 1 1 0 -1 2 0 0 -1 -2 1 0 1 0 1 0 1 0 0 0 0 0 0 -2 0 0 0 0 -1 0 0 1 -1 0 1 0 1 -1 -1 -2 1 2 0 0 1 1 0 0 -1 0 0 -1 3 -1 0 0 0 0 1 1 1 -1 0 0 1 0 0 0 1 0 -1 0 0 2 0 1 -1 0 0 1 -1 1 0 0 0 0 0 -1 1 0 1 0 0 0 0 0 -1 -1 1 0 1 0 2 -1 0 0 0 0 0 0 0 0 1 0 -1 0 0 -1 0 -1 -2 1 -1 0 1 -1 0 1 1 -1 0 0 0 0 -1 -1 -1 2 2 1 -1 -2 0 0 0 0 0 0 -1 -2 0 0 2 0 -1
1 0 0 0 0 1 -3 1 -1 0 1 -2 -2 -2 2 -1 2 0 -1 0 0 0 0 -2 1 0 -2 0 1 0 1 0 -1 1 1 1 -1 2 1 0 -1 1 0 0 0 2 1 1 0 0 -2 2 0 -1 -2 1 1 -1 2 2 0 1 1 0 0 0 0 0 1 0 -2 2 1 1 -1 -1 1 1 0 -1 -2 0 -1 -3 1 0 -1 0 0 0 0 1 1 2 1 0 0 0 4 0 1 -1 0 1 0 1 0 1 0 0 1 0 -1 1 -1 0 -2 1 -1 0 0 1 -1 0 0 1 0 2 0 1 0 -1 0 0 -1 -1 3 1 -1 0 2 25 -1 2 -1 -1 0 0 0 0 -1 1 2 0 0 -1 -1 -1 -1 0 -1 -1 0 2 1 0 0 -1 0 0 -2 -2 0 -2 -1 -1 0 -1 -3 -2 -1 0 1 0 0 2 3 0 2 0 3 -4 -3 1 -1 -1 1 1 0 1 0 -1 0 1 0 0 0 0 -1 0 -1 0 0 1 -2 -1 2 1 -1 2 1 -1 2 0 -1 0 1 0 0 0 0 0 -2 0 0 0 1 0 1 -1 0 0 -1 0 0 1 1 1 1 -1 0 0 -1 0 2 0 0 0 0 -1 2 0 0 0 -1 2 0 1 -1 0 -1 1 1 -2 0 1 0 -1 1 2 1 1 -1 0 -1 -1 0 -1 0 -1 0 -1 0 0 -3 1 1 0 2 1 0 1 1 0 1 -1 -1 1 0 0
-1 0 0 0 0 2 0 1 -1 -1 -1 0 0 0 -1 1 -2 0 0 0 1 0 0 0 -1 2 -1 0 -1 -1 0 0 0 0 1 0 0 0 0 0 1 -1 0 0 0 0 0 0 0 2 2 0 2 0 -1 0 0 0 0 0 1 -1 -1 0 0 0 0 1 -1 0 -1 0 0 0 1 -1 0 3 2 1 0 0 0 0 2 0 0 0 1 -1 1 1 -2 1 0 1 0 0 0 2 0 0 1 0 0 0 0 0 1 1 0 0 0 0 -1 0 2 -1 0 1 1 -1 -2 1 1 1 0 1 0 0 1 0 0 0 0 0 0 0 1 -1 2 -1 15 1 1 1 2 0 2 0 1 0 0 0 1 0 1 1 1 2 2 0 0 -1 -1 -1 0 0 2 0 1 0 -1 -1 1 0 0 1 1 1 2 0 1 1 0 1 -1 0 -1 0 0 1 1 0 0 -1 1 0 0 1 0 -1 -2 1 -1 0 0 0 -2 -1 1 -1 -1 0 1 1 -1 -1 0 0 0 2 1 -1 0 0 0 0 -2 1 1 1 2 1 0 -1 1 0 1 0 0 1 0 -1 0 1 2 0 0 0 -1 0 -1 1 -1 0 1 0 0 0 2 -1 -1 -1 0 0 0 1 0 -1 1 0 2 1 0 0 2 0 1 1 2 0 1 0 0 0 0 0 1 0 1 0 0 2 -1 -1 0 1 0 1 1 1 -1 -1 0 0 0 0 0 0
1 1 0 -1 2 -1 0 -1 1 -2 0 0 0 0 3 0 1 1 1 0 0 1 0 1 2 0 0 1 -1 0 1 -1 0 0 2 0 0 2 1 0 2 0 0 0 1 0 -1 2 0 -2 1 0 -2 2 0 0 -1 0 1 1 -1 1 0 0 0 -1 -2 1 0 0 -1 0 1 0 -1 0 -1 0 0 5 3 1 -1 -1 1 -1 -1 1 -1 -1 0 0 0 1 0 1 1 0 1 -1 2 0 0 0 -1 0 1 1 0 0 1 -1 -1 2 -1 0 1 0 -1 -1 1 -1 0 1 -1 -1 0 0 0 1 1 -1 1 0 0 2 1 -1 -1 0 0 2 1 18 -1 -2 1 0 0 1 2 -1 0 1 1 0 0 -1 0 -1 1 1 -1 1 1 1 0 0 0 1 1 1 -1 0 1 0 0 1 -1 -1 0 0 0 0 0 0 1 0 1 0 1 0 -2 -1 0 0 -2 2 -2 0 0 0 0 0 0 0 0 -1 -1 -2 -1 0 1 0 -1 -1 1 0 2 1 0 0 0 0 -1 0 1 0 -1 1 1 1 1 0 1 -2 0 0 2 0 1 -2 0 -2 0 0 0 1 -1 0 1 0 1 0 1 0 0 1 3 1 0 1 1 1 0 0 0 1 -1 1 -1 0 2 0 -1 0 0 0 0 0 0 -1 0 -1 0 1 -1 -1 -2 1 0 -1 -1 -1 0 0 0 0 0 2 0 -1 -1 1 3 2 -2 0 2 1
0 0 2 1 0 0 0 -1 -2 0 -1 1 1 1 -2 0 1 1 0 0 1 0 0 3 -2 0 0 1 -1 0 0 1 1 1 1 -1 0 2 0 0 0 0 1 -1 0 0 0 -1 0 0 -1 0 2 1 0 0 0 -1 0 0 0 0 1 0 0 0 0 -2 0 -1 0 0 -1 -1 1 0 -1 0 0 0 1 0 0 1 -1 1 0 0 1 1 2 0 0 1 -2 -1 0 0 0 2 0 2 0 0 0 -1 0 1 0 -1 -1 0 -1 0 0 1 -1 0 0 -1 0 1 0 -1 0 0 -1 0 -1 -1 0 1 -1 0 0 0 0 0 0 -1 0 -1 1 -1 13 -1 1 0 0 0 0 -1 0 -1 1 0 0 0 1 0 -2 0 -1 -2 1 -1 0 0 1 0 0 0 0 0 0 1 -1 0 0 1 1 -1 0 1 -1 0 0 1 0 -1 1 1 0 0 2 0 0 1 1 0 0 0 1 -1 0 -1 0 2 0 0 1 0 2 1 1 0 -2 0 1 0 0 0 1 0 1 0 1 0 1 -1 0 0 0 -1 0 -1 1 0 0 0 0 0 0 0 1 0 2 0 0 0 -1 1 0 0 0 0 0 0 -1 1 0 0 0 1 0 0 0 0 0 0 1 -1 0 -1 0 0 1 1 0 0 -1 0 1 1 0 -1 0 0 0 0 -1 1 0 0 -1 2 0 1 0 1 0 0 -1 -1 0 0 1 1 0 0
-1 0 -1 2 -2 0 0 -1 0 0 1 -2 0 0 0 0 -1 0 -1 1 0 1 0 -1 0 -1 0 0 -1 0 1 -1 0 0 -2 2 -1 0 0 0 0 1 -1 -1 1 0 0 0 -2 -1 0 -2 0 -1 0 0 2 -1 0 -2 -2 0 -2 2 1 0 0 0 2 0 0 0 -1 0 0 1 -1 0 0 0 2 0 0 0 0 0 2 0 1 1 1 1 -1 -1 1 -1 -1 0 1 -1 1 1 1 0 0 -1 0 -1 0 0 -1 1 3 -1 0 0 -1 -1 1 1 0 0 1 1 0 1 -1 0 0 -1 -2 1 -2 -1 0 0 0 0 0 1 1 -1 1 -2 -1 17 0 0 2 0 2 3 0 -2 0 -1 1 0 0 0 0 2 2 -2 -2 -1 0 1 0 0 1 0 -1 0 0 1 0 1 0 -1 1 0 0 -1 0 -1 0 1 0 2 0 -2 0 -1 -2 0 0 -2 0 0 0 0 -1 0 -1 1 0 -1 1 0 0 0 0 0 1 1 -1 0 -1 -2 0 2 0 0 0 0 1 -2 -2 1 1 0 1 0 1 0 2 -1 0 0 0 1 0 0 -2 -1 1 1 0 0 0 0 2 0 0 0 2 1 -1 0 -2 0 -2 -1 0 0 -1 -2 -1 -1 0 0 0 1 2 0 1 0 0 0 0 0 -1 -1 1 0 0 -1 0 0 0 0 1 0 0 1 0 -1 -2 -1 0 2 2 0 1 -1 -2 -1 0 1
0 -1 1 -1 2 0 1 -1 0 2 0 0 0 1 2 3 1 0 1 0 0 2 0 2 2 1 0 1 1 -1 2 -1 0 -1 1 1 -1 0 1 0 0 0 0 -1 -1 1 0 0 -1 0 -2 -1 0 -1 0 -1 0 1 -1 0 1 0 0 1 1 -1 0 -1 0 -2 1 1 0 0 0 1 2 -1 1 0 0 1 0 0 0 0 0 0 0 1 1 0 1 -1 -1 -1 0 0 0 0 1 1 0 1 0 -1 0 0 0 1 0 0 -1 0 -2 1 0 -1 -1 -1 0 0 0 1 0 1 0 1 0 0 -2 1 0 0 -1 1 -1 0 0 0 0 0 2 1 1 0 15 -1 1 -2 0 1 0 0 -1 0 -1 0 1 -1 -1 0 1 0 1 -1 0 0 0 -1 1 0 0 1 -1 0 0 0 0 0 1 -1 0 1 -1 0 -2 -2 1 -1 0 1 1 0 1 1 -1 0 1 1 0 -1 0 0 0 -1 0 -1 -1 0 0 0 0 0 0 0 -1 -1 5 2 0 -2 0 0 -2 -1 -1 0 -1 0 -1 -1 0 0 1 1 0 0 1 0 0 0 1 1 0 0 0 1 0 0 0 0 0 1 0 -1 -1 0 1 -2 1 -1 -1 -1 0 -1 -1 2 0 2 0 -1 0 0 0 0 0 1 0 2 0 -1 1 1 -1 1 0 0 2 1 -1 0 -1 0 1 -1 0 1 0 -1 0 1 0 2 0 1 1 -1 0 -1
0 0 0 1 1 2 0 0 0 2 1 -1 1 -1 0 0 0 0 1 -1 0 0 1 0 -1 1 0 1 0 0 0 1 0 1 2 0 0 0 0 -2 0 0 0 1 0 1 0 0 -2 0 2 0 1 0 1 -1 0 1 0 0 1 0 0 3 0 1 0 0 0 -1 0 0 0 0 0 -2 1 1 1 -1 0 0 0 0 0 -1 -1 -2 0 1 0 1 1 1 0 1 0 0 0 0 1 0 0 0 0 1 2 0 0 0 -1 1 0 0 0 0 1 0 0 1 0 0 1 1 0 1 -1 1 0 1 2 0 0 1 0 0 1 -1 0 1 0 0 0 0 0 0 -1 16 0 0 -1 0 -1 1 0 0 1 2 0 0 1 1 0 1 1 0 0 -1 0 -1 -1 0 -1 0 0 2 0 0 0 0 1 0 0 0 1 0 0 0 1 1 1 0 0 0 0 0 1 0 0 -1 1 0 -1 1 0 0 -1 0 -2 0 -1 1 0 0 1 0 2 1 1 -1 0 0 -1 0 0 2 -1 -1 0 0 0 1 1 1 1 0 0 1 0 0 1 1 1 -2 0 0 0 0 0 0 0 0 0 0 0 0 0 1 2 -1 0 0 1 0 -1 0 -1 1 1 -1 2 0 -1 1 -2 -1 -1 0 1 1 -1 0 -1 -1 0 0 0 0 0 0 0 2 1 1 1 0 0 0 0 0 0 0 0 0 1 0 -1 -1 -1 -1
1 0 0 0 0 -1 0 0 0 2 2 0 1 1 0 0 1 2 0 -1 0 0 0 0 0 -1 0 0 -1 0 1 2 0 0 0 -1 -1 0 0 0 0 -2 1 0 1 1 -1 0 1 0 0 -1 1 0 -1 0 0 0 -1 1 0 -1 -2 2 0 0 0 0 3 0 1 3 0 2 0 0 0 -1 0 0 0 0 -1 3 0 1 0 1 1 0 1 2 -3 0 -1 -1 0 -1 1 -1 1 -1 1 -1 0 -1 -1 0 0 1 -1 0 0 0 0 0 1 1 -1 -1 -1 1 0 0 0 1 0 0 0 0 1 0 0 0 0 0 0 0 0 2 0 0 2 0 0 2 1 0 15 0 2 0 1 0 1 1 1 0 0 2 0 2 2 0 -1 -1 1 0 0 1 0 0 1 -2 0 -1 0 0 1 -1 1 -1 1 0 1 -1 -1 0 0 0 0 -1 1 0 0 0 0 -2 1 0 0 1 0 0 1 0 1 0 -1 0 0 0 -1 -2 2 0 1 0 1 0 0 0 1 -1 1 -1 1 0 1 0 1 0 -1 1 0 1 2 1 0 -1 0 0 0 0 1 0 0 0 0 1 -1 0 -1 0 0 -1 1 0 0 1 0 0 0 -1 0 1 -1 0 0 2 0 -1 1 0 -1 1 0 -1 0 1 1 -1 0 0 1 2 0 0 0 0 2 0 1 1 1 -1 1 0 -1 -1 1 2 -1 1 0 1 0 0 -1 0
-1 0 1 0 0 1 0 0 0 -1 0 0 1 0 0 0 0 0 0 0 1 0 0 0 0 -1 1 0 0 0 0 0 0 -1 0 0 1 0 -1 0 1 0 0 0 0 0 0 0 0 1 1 0 0 1 0 0 0 -1 -1 0 0 0 1 1 0 1 0 0 0 1 -1 0 0 0 0 0 -1 -1 -1 2 0 0 0 -1 1 1 1 0 0 0 0 1 -1 0 0 0 0 0 0 0 0 0 -1 0 0 0 1 1 0 1 0 0 1 0 0 1 0 0 0 0 0 0 -1 1 0 0 -1 0 0 -2 0 0 -1 0 0 0 0 0 -1 -1 1 0 0 1 0 0 -2 0 0 9 1 0 0 0 0 0 1 0 -1 -1 2 0 1 0 0 1 0 1 0 2 0 0 -1 -1 0 1 0 1 0 1 0 0 0 0 0 -1 0 -1 0 1 0 0 0 1 0 -1 0 1 -1 -1 0 0 -1 0 0 1 0 1 -1 -1 0 0 0 0 0 -3 1 0 0 0 0 0 0 1 1 0 2 1 1 -1 0 0 0 0 0 1 0 0 0 1 0 0 0 -1 1 0 0 0 1 0 0 -1 0 -2 1 0 2 0 2 0 -1 -1 1 0 0 0 0 0 0 -1 0 0 -3 0 0 0 1 0 2 0 -1 -1 0 0 1 0 0 -1 -2 0 0 1 0 1 0 0 0 0 0 1 0 0 0 -2 0 -2 -1 0 1 0
2 0 0 0 0 2 0 0 0 0 -1 0 -1 1 1 0 0 1 -2 0 0 2 1 1 1 1 3 1 -1 0 2 0 -1 -1 0 0 1 -1 0 1 1 0 1 0 0 -1 0 2 0 -1 -2 0 0 -1 0 0 0 0 0 0 -2 -1 -4 1 -2 1 -2 0 1 -1 0 0 0 0 0 0 0 2 1 0 0 0 0 0 2 0 0 0 0 1 0 2 -1 0 -1 0 0 0 -4 0 0 1 0 0 0 -1 1 0 1 1 1 0 -1 -1 0 0 3 -1 0 -1 -1 1 2 1 1 1 0 -1 0 1 -1 1 -2 -2 0 -1 0 -1 2 1 0 -1 1 2 0 2 0 -1 2 1 21 0 0 0 1 1 1 0 0 0 0 -1 0 -3 -1 -1 0 -1 1 1 0 1 0 0 1 -1 2 -1 1 0 1 0 0 0 0 1 -3 0 1 1 -1 -1 1 1 0 -1 0 0 0 -1 0 0 0 1 0 0 0 0 -1 -1 0 0 1 1 1 1 0 0 0 -1 0 1 -1 -1 0 0 1 0 0 0 0 -1 -2 0 -1 2 1 1 0 -1 0 1 0 0 0 -1 -1 1 0 0 0 -1 0 -2 0 0 0 0 0 0 -1 -1 0 0 1 1 1 1 0 0 0 -1 1 1 0 -1 0 0 0 0 -1 1 0 -1 -1 -2 -2 0 0 0 -1 1 1 -1 0 1 1 0 0 0 0 0 0 -1 1 0 2 -1 1 1
2 -1 1 2 1 1 2 1 0 -1 -2 -2 0 -2 1 0 -2 -1 -1 0 0 1 -1 1 -1 -1 -1 1 1 1 0 1 0 0 1 2 0 -1 1 -1 0 1 0 1 1 0 -1 -2 0 1 2 0 0 -2 1 -1 1 0 2 0 -1 1 -1 0 2 -1 0 0 -1 1 0 2 -1 0 1 0 0 0 -2 -2 -2 -1 1 0 1 -1 1 1 2 -1 -1 -1 0 2 0 1 0 0 -1 0 1 2 -2 1 1 0 -1 -2 0 0 1 0 -1 0 -3 0 0 1 2 3 0 1 -2 0 1 1 0 3 1 1 -1 1 0 2 -1 3 1 0 0 0 1 1 0 -1 -1 3 1 0 0 0 0 24 1 -1 0 0 0 1 -1 0 0 0 1 1 1 0 0 0 0 0 -1 -1 1 0 -1 1 1 -1 -1 -1 1 -1 -1 1 1 2 0 0 -1 1 -1 0 0 -1 -1 0 1 -2 1 -1 0 0 -1 1 -2 1 -1 1 -4 1 1 0 -1 0 0 0 -1 0 1 -3 1 0 2 0 0 -1 1 0 0 -1 1 0 0 0 0 0 1 -2 1 0 -1 2 1 3 -2 2 1 1 0 2 0 0 2 1 2 -1 1 1 -2 1 0 0 1 0 1 -1 0 1 1 0 0 0 -1 0 1 -1 0 0 0 0 2 0 1 -1 0 0 1 0 0 1 -2 -1 0 1 2 -1 0 -3 -1 0 1 1 2 1 0 2 0 2 1 0
0 0 1 1 -1 -1 0 0 0 1 0 -2 0 -1 0 0 3 -1 -2 0 0 0 0 -2 -2 0 0 0 0 0 0 0 0 -1 0 0 0 -1 0 0 0 -1 -1 0 0 0 1 0 0 -1 -1 0 0 0 1 0 0 -1 0 1 1 0 0 0 0 0 0 -1 0 0 0 0 0 0 0 0 2 1 0 -1 0 0 0 0 0 1 0 1 1 0 1 0 -2 0 -1 0 0 -1 -2 1 -1 0 0 0 0 0 0 1 0 0 0 0 0 -1 0 -1 -1 0 -1 0 0 -1 0 -2 -1 0 -2 2 1 0 0 0 0 0 0 0 0 0 0 0 0 2 0 0 0 0 0 -1 1 0 0 1 9 0 0 -1 0 0 0 -1 0 0 0 0 0 -1 1 0 1 0 0 -1 0 -2 0 0 0 -1 0 0 0 -1 1 -1 1 1 1 0 -1 0 -1 0 2 -1 -1 0 0 0 0 1 0 0 0 0 0 0 0 1 -1 1 0 0 -1 -1 -1 -1 0 0 0 0 -1 -1 0 0 0 0 0 0 -1 0 0 0 -1 0 -1 0 0 -2 1 0 0 0 0 0 0 0 0 1 1 0 -2 -1 0 0 0 1 0 1 0 -1 0 0 0 0 1 1 0 0 -1 0 0 0 0 -1 0 0 0 0 0 -1 0 0 0 0 0 0 -1 0 0 0 -1 0 0 0 1 0 1 0 0 0 0 -1 0 1 2 0 0 0 -1 1
-1 1 0 -2 1 1 0 1 0 0 0 0 -1 0 1 0 0 0 0 0 0 1 0 0 1 0 0 1 2 -1 0 -1 -1 1 0 -1 0 -1 1 0 0 0 0 1 0 0 0 -1 0 0 -3 0 -1 0 1 0 -1 0 0 1 -1 0 1 0 0 -1 0 0 -1 0 0 0 -1 2 1 0 0 -1 0 -1 1 0 0 0 -1 0 0 1 1 1 2 0 0 1 1 0 1 -1 0 0 1 -1 0 -1 0 2 0 -1 0 0 1 -2 1 3 1 1 0 0 -1 -1 0 0 1 2 0 0 1 0 -1 0 2 0 2 0 1 -1 0 2 -1 0 -1 0 0 1 -1 -2 0 1 0 0 0 -1 0 15 0 0 0 1 0 2 -1 0 -2 0 0 -1 1 0 0 1 -1 -1 1 -1 1 0 0 0 0 1 0 0 2 2 0 0 -1 -1 0 -2 -1 1 0 1 0 1 0 2 -1 0 0 0 -1 1 1 0 0 0 -1 1 -1 1 0 -3 -1 -1 0 0 0 1 0 -1 0 0 1 0 0 0 0 1 0 0 0 1 1 0 -1 0 0 1 0 -1 1 1 1 0 -2 0 -1 0 0 -1 0 -2 0 0 1 0 0 0 0 -2 0 0 0 0 0 0 0 0 0 1 0 1 0 1 0 0 0 -1 0 -1 0 -1 2 1 0 0 0 0 1 0 0 0 0 -1 1 -2 1 1 0 -2 0 1 1 0 0 0 0 -1
0 1 -1 0 1 0 0 0 0 1 -1 1 0 1 0 0 -1 1 -2 0 0 0 2 -1 1 1 1 0 3 1 -1 -1 2 4 0 0 0 0 -1 -1 0 -1 0 2 0 0 1 1 1 0 0 1 2 1 0 0 -2 1 0 1 0 0 1 0 0 -1 -2 0 0 0 0 -1 0 0 0 -1 0 2 0 0 2 0 0 1 0 0 1 1 0 1 1 1 1 1 -1 -1 0 1 -1 0 0 0 0 0 0 0 -1 3 0 0 1 0 0 1 0 1 2 1 0 -1 0 0 0 -1 0 0 1 0 1 2 -1 1 0 0 0 -2 0 0 3 0 1 0 1 1 1 0 -1 0 1 0 1 0 0 0 16 1 -1 0 0 2 1 0 0 -2 0 0 0 0 -2 0 0 0 0 0 0 2 1 0 -1 1 0 0 0 0 0 -1 0 1 0 0 1 0 -2 0 1 0 1 2 0 1 1 1 0 -1 -2 3 1 0 -1 1 0 -1 -1 1 -2 0 -2 1 0 0 -1 1 -1 2 2 0 1 0 0 -2 2 -1 1 1 1 1 -1 1 0 0 0 0 1 2 1 0 0 0 -1 0 0 0 0 0 -1 0 1 -1 -3 0 1 0 0 0 -1 3 -1 0 0 0 0 0 2 -1 0 0 1 -1 0 -1 1 2 0 0 0 0 0 0 0 -1 2 0 1 0 0 2 0 0 0 1 0 1 0 -1 1 1 0 0 1 0
1 0 -1 -1 1 0 1 1 0 0 0 0 1 0 1 1 1 1 0 1 -2 0 0 -1 0 0 0 0 0 0 0 0 1 1 1 0 -1 3 1 0 2 0 0 0 0 -1 1 0 1 0 2 1 0 0 0 2 -1 1 0 -2 0 1 0 1 0 1 -1 -1 2 0 0 0 -1 0 1 2 0 -1 1 0 1 -1 0 0 2 -1 -2 1 -1 0 2 0 0 -1 1 1 0 0 0 1 0 0 0 -2 0 1 0 2 0 0 0 1 1 1 0 0 2 0 0 1 -1 1 1 1 0 1 1 0 0 2 -1 0 0 0 -2 -1 0 0 0 0 -1 -1 0 0 0 -1 0 0 1 0 1 0 -1 0 1 20 1 0 0 2 0 1 -1 1 1 -1 0 0 1 1 1 0 0 -1 0 1 1 0 -1 0 1 -1 0 2 1 -1 1 1 1 -1 1 0 0 1 2 0 2 -1 0 0 -1 0 1 2 0 -2 0 0 0 -1 0 0 0 0 1 1 2 0 1 -2 1 0 -2 -1 1 2 0 0 2 -1 0 -1 0 1 0 1 0 0 1 2 1 0 1 0 1 0 1 0 1 0 0 0 1 0 -1 2 0 1 1 0 1 0 -2 1 2 1 1 -1 1 0 2 0 1 0 1 2 2 0 -1 -1 0 0 1 -1 1 0 0 1 2 0 -1 0 1 0 0 1 1 0 0 1 -1 1 0 0 0 1 0 1 1 1
-1 0 -1 2 0 1 1 0 0 0 -1 -2 0 -1 0 0 -1 0 0 -1 0 0 -1 -1 0 -1 0 2 0 0 2 0 0 0 0 0 0 0 0 0 1 0 1 0 -1 1 -1 0 -1 0 0 -1 2 0 0 0 1 0 -1 0 -1 -1 0 0 -1 2 0 0 1 0 -1 0 1 0 0 1 0 -2 0 0 -1 0 0 1 1 -1 0 2 0 1 0 1 0 -1 0 0 0 1 -1 0 2 -1 -1 1 0 1 2 0 1 0 1 0 -1 0 0 0 3 -2 0 0 0 0 1 0 1 1 1 1 0 0 -1 0 0 1 0 0 3 0 0 0 1 -1 1 0 0 1 -1 1 1 1 1 0 0 0 -1 1 17 -1 -2 0 1 0 0 0 -2 2 0 0 -1 0 -1 2 0 2 -3 -2 1 -1 0 0 1 0 0 -1 0 1 1 0 0 1 1 2 0 1 0 0 2 0 -1 0 0 -1 4 3 2 -2 0 0 0 0 0 1 1 0 0 2 0 -1 1 0 1 0 -1 1 0 1 1 1 1 -1 1 -1 1 -1 0 0 1 0 0 0 1 1 1 -1 -1 1 0 0 -1 1 0 0 0 0 0 0 1 1 2 1 0 1 0 0 1 0 0 0 1 0 -1 -1 0 1 -1 0 0 0 0 0 0 -1 -1 0 0 0 0 -1 0 1 1 0 1 0 0 -1 0 0 0 1 -1 0 0 -1 0 0 0 0 0 1
0 0 0 0 1 1 -1 1 -1 -1 -1 1 2 -1 -1 1 0 0 0 1 1 -1 0 0 0 -1 0 -1 0 0 0 0 0 1 -1 0 0 0 0 -1 1 0 0 0 0 0 0 0 0 1 1 -1 0 1 0 0 0 3 0 0 2 0 2 0 0 0 0 0 0 0 -1 1 0 0 0 0 0 1 0 1 1 0 0 0 1 0 -1 0 1 1 0 0 0 0 0 0 0 0 0 0 1 0 0 0 0 0 0 -1 -2 0 0 0 1 0 0 0 -1 0 0 1 -1 0 1 -2 1 0 1 0 0 -1 2 0 0 0 0 -1 0 0 0 1 1 -1 1 -1 0 0 0 2 0 0 0 1 0 1 0 0 -1 12 0 0 0 0 0 -1 -1 0 0 1 0 0 -1 -1 0 0 2 0 0 -2 0 0 0 0 0 0 0 -1 0 1 1 0 0 -1 0 0 1 1 0 -1 0 1 0 0 -1 0 -1 0 -1 1 -1 1 -1 0 0 -1 1 0 -1 0 0 0 0 0 1 0 0 0 0 0 0 2 2 -2 -1 0 0 0 0 0 1 0 0 -1 0 0 -1 0 0 0 -1 -1 0 1 1 1 -1 0 0 0 0 0 0 -1 0 0 0 0 0 0 0 -1 0 0 3 0 0 0 0 0 0 0 1 1 0 1 0 0 1 0 -1 0 -2 1 2 1 0 -2 0 -1 0 0 1 0 0 0 0 -1 0 1 1 -2
0 0 0 0 -1 1 0 0 0 0 0 0 1 0 0 -1 0 0 -1 0 0 0 0 0 0 2 1 1 0 -1 -1 1 0 0 1 1 2 0 0 0 -1 -1 0 -1 1 0 0 0 0 0 -1 -1 1 -1 -1 0 -1 0 0 0 0 0 0 0 0 0 0 0 0 -1 1 0 0 0 1 1 0 0 1 2 2 0 0 0 0 1 1 0 0 0 -1 -1 0 0 0 1 0 1 0 0 -1 0 1 -1 -1 0 0 -1 0 -1 0 0 0 0 1 0 1 0 0 0 1 -1 1 0 0 -1 0 0 0 0 1 0 0 0 1 -1 0 0 0 -1 0 -1 1 0 1 0 1 0 0 -1 0 -1 0 0 0 0 -2 0 10 0 -1 1 0 1 1 -1 -1 0 0 1 1 0 -1 0 2 0 1 0 0 -1 0 1 1 0 0 0 -1 0 0 1 -1 0 0 0 0 0 0 0 1 1 0 0 -1 -1 0 1 0 -1 0 2 0 0 1 0 0 0 0 0 0 0 -1 0 -1 0 -1 -2 0 0 -1 1 -1 1 0 -1 0 -1 0 0 0 0 0 0 1 -1 1 1 0 0 0 0 0 1 0 2 0 0 0 -1 0 0 0 0 -1 0 1 0 0 -1 0 0 0 0 0 0 -1 -1 0 0 0 0 0 0 0 -1 0 0 0 -1 2 0 0 0 0 1 0 0 0 3 -1 -2 -1 0 0 0 2 0 1 0 0 0
-1 0 -1 0 1 1 0 0 0 0 0 -1 -1 1 -1 0 0 1 0 0 0 0 0 0 0 0 0 -1 0 1 0 0 -1 0 1 0 1 0 2 0 -2 -2 1 1 0 0 1 -1 0 -1 0 2 0 1 1 1 0 0 1 1 0 1 0 0 2 0 0 1 0 2 0 -1 0 0 0 1 -1 0 0 0 1 -1 0 1 1 -1 1 -1 0 0 0 3 0 0 0 0 0 0 0 0 0 0 0 -1 1 1 0 0 0 0 0 0 1 0 0 0 1 0 0 0 0 0 0 1 1 -2 -1 -1 0 0 0 1 1 0 0 0 0 0 0 0 -1 0 2 -1 0 0 -1 0 2 -1 0 0 -1 2 2 2 0 0 0 16 0 0 -2 0 -1 0 0 2 1 0 0 1 1 0 0 -1 -1 0 0 0 0 -1 0 0 0 -1 0 0 0 0 1 -1 -2 0 0 2 0 1 1 0 0 -2 0 0 0 0 0 0 0 -1 -1 0 -2 0 0 -1 -1 0 1 -1 0 2 1 -1 2 0 1 1 1 0 0 1 0 -1 0 0 -1 0 0 0 1 0 0 0 0 0 0 -1 -3 1 0 1 2 -1 0 0 2 0 0 -1 0 1 -1 1 0 -1 1 0 0 0 0 0 2 0 0 1 0 -1 -1 0 3 2 -1 -2 1 1 0 -1 0 0 0 0 0 -2 0 1 1 0 1 -2 3 3 0 -1 1 1 0 0 0 0
0 1 0 0 2 1 3 0 0 -1 1 -1 -2 0 0 2 1 0 3 0 2 0 2 -1 0 -1 -1 1 0 0 -1 0 1 1 0 0 1 1 0 0 0 0 1 3 -2 0 0 0 1 3 4 1 0 -1 2 0 0 0 -3 0 1 1 -2 3 -1 0 0 -1 0 0 0 -1 1 0 -1 1 0 0 0 0 1 2 1 0 0 0 0 -1 3 0 -1 -1 -1 2 0 0 0 0 0 -1 1 1 0 -1 0 0 -1 0 0 2 0 1 3 0 0 0 0 1 0 0 0 1 -2 2 1 0 -1 -1 1 -1 2 0 0 1 0 1 0 1 0 0 2 -1 2 1 -2 0 -1 1 0 2 0 0 0 -1 1 0 1 0 -1 0 24 2 1 1 2 2 2 2 0 -1 -2 0 1 -1 -1 -1 2 1 2 2 0 -1 -1 -3 1 0 -2 -2 1 0 -1 1 -1 -3 0 -1 1 -2 0 0 0 0 2 1 0 0 1 -3 -3 2 0 -1 0 1 0 0 0 2 1 -1 0 0 0 0 0 -2 0 0 -1 -1 1 -1 1 1 -1 -1 0 0 0 -1 0 0 0 0 1 0 1 1 2 0 -1 3 0 -1 0 0 0 1 1 1 0 0 5 1 1 2 1 2 1 -2 0 1 -1 0 0 1 1 0 0 -1 -2 0 1 1 0 0 1 -1 0 -1 1 -1 0 0 0 -1 0 0 0 0 -1 0 -2 -2 0 1 1 -1 1 2
0 0 0 1 -1 0 1 0 1 0 1 0 0 -1 0 0 1 0 0 0 1 0 0 -1 -1 -1 1 1 -1 0 1 0 1 3 0 3 0 2 -1 0 0 0 0 1 0 0 0 0 -2 1 2 0 0 -1 0 0 0 1 0 0 -1 0 -1 1 0 0 1 0 5 0 0 0 2 0 0 1 -2 1 1 3 0 2 -1 1 1 1 0 1 -1 0 0 0 -3 0 0 0 2 2 0 0 3 0 3 1 0 1 0 1 1 -2 1 0 0 0 1 0 1 -1 0 0 2 1 0 1 0 -1 -1 0 0 1 -1 0 1 0 0 -1 0 0 -1 2 0 -1 0 1 0 2 0 1 2 0 -1 0 0 0 0 1 0 0 1 0 2 20 0 0 1 1 0 1 0 1 1 1 0 1 -1 1 0 0 2 0 0 0 -1 2 1 0 0 1 1 -1 0 1 -1 1 0 0 0 0 0 1 1 1 1 0 -1 0 0 0 -1 0 0 0 -1 2 0 -1 0 0 2 -1 -1 -2 0 1 0 0 3 1 -1 0 0 0 0 -1 0 1 -1 -1 2 -1 0 1 0 0 0 0 0 1 0 -1 0 1 0 1 1 0 0 1 1 3 1 0 0 -2 0 0 -1 0 0 0 1 1 0 0 -1 0 1 1 0 0 0 0 0 0 0 1 1 0 0 0 0 1 3 1 0 1 0 0 -1 1 0 -1 0 2 0 1 1 1 -2 0
0 -2 1 1 0 0 -1 0 0 1 2 0 0 1 1 0 0 0 0 -1 -1 -1 0 0 1 0 0 1 -2 1 2 0 0 -1 -1 1 1 0 -1 0 2 0 1 0 0 0 -1 0 -1 0 1 0 0 -1 0 0 0 0 0 -2 0 0 0 0 0 0 1 0 0 0 1 1 0 0 0 -1 0 0 1 1 1 0 -1 0 0 1 1 -1 1 0 1 0 0 0 -1 -1 0 0 -1 0 0 0 0 0 -2 0 0 0 1 1 0 1 0 0 1 0 -1 1 0 1 0 0 1 0 1 -1 -1 0 1 -2 -1 0 -3 0 0 0 0 0 -1 0 0 0 0 -1 -1 2 1 0 2 1 0 1 0 -2 0 -1 0 0 0 -2 1 0 14 -1 0 0 0 -1 1 2 0 0 -1 -1 -1 1 1 1 0 0 0 0 0 -3 0 0 0 -1 0 0 -1 -1 0 -1 0 0 1 -1 0 0 0 0 1 1 0 0 0 0 0 2 1 0 -1 0 0 0 -1 -1 -1 0 0 2 1 -1 1 0 0 0 -1 -1 0 0 0 -1 0 0 0 1 0 0 0 0 -2 0 0 0 0 -2 1 0 -1 0 -3 1 -1 0 -1 0 1 0 0 -1 0 0 0 -1 -1 0 1 0 0 0 0 0 1 0 0 -1 0 2 -1 -2 0 -1 1 0 0 1 0 0 0 1 0 0 1 -1 0 0 1 2 0 1 1 0 2 0 0 1 0 1
1 1 -1 -1 0 0 2 0 0 -1 1 -1 2 0 2 1 1 1 1 0 0 -1 0 1 1 0 0 1 0 1 0 0 -1 1 3 1 2 2 2 1 1 1 0 0 -1 -1 1 1 1 0 0 -1 -2 0 -2 0 1 -1 2 1 0 2 3 1 2 1 0 2 0 3 1 0 2 1 -1 0 1 -1 1 1 0 0 2 1 1 -2 -2 -2 0 -3 -1 0 1 4 -1 1 -1 0 1 2 -1 -1 -1 -2 -1 1 -1 -1 0 0 1 0 -1 2 0 0 3 1 0 1 1 -1 -2 1 1 2 -1 1 1 2 -1 -1 2 2 0 0 0 0 -1 1 -1 2 -1 1 -2 -2 0 1 0 0 -3 1 0 0 -2 1 0 -1 1 0 1 0 -1 24 2 0 0 3 -1 -1 2 2 1 1 0 -2 -1 1 1 1 0 1 0 1 2 1 1 1 3 -1 2 0 0 -1 -1 0 0 -4 1 -1 0 -1 -2 3 0 0 0 2 0 1 1 0 1 0 -1 -2 3 -1 1 0 1 0 -1 0 -1 1 -1 0 1 -2 -1 1 -1 -3 0 1 -1 -1 1 0 0 -1 2 -2 -1 0 -1 0 0 3 0 -2 2 0 1 4 -1 -2 1 0 1 0 1 2 0 0 0 0 0 0 2 1 -2 -2 0 1 -1 1 1 3 2 -2 -2 -1 1 2 1 1 1 1 -1 -2 0 0 -1 0 1 0 -2 1 0 1 0 0 0 1 1 0 -1 -2
1 0 0 0 0 -1 1 0 -2 -1 -1 0 -1 0 1 0 0 2 1 -1 1 0 1 0 0 -1 -1 0 1 1 0 0 0 1 0 0 0 1 0 1 0 1 0 -1 0 -1 0 -2 0 0 -1 0 0 0 0 1 -3 0 0 0 3 0 0 0 2 -1 1 -2 0 -1 0 -1 -2 1 0 -1 0 0 0 0 1 -1 0 -1 -1 0 0 0 1 0 2 1 0 -1 -1 1 0 1 0 -1 -1 0 -1 0 0 -1 -2 -1 1 0 0 0 1 1 0 0 0 1 -1 0 1 1 0 1 0 -1 0 0 -1 1 -1 1 0 -1 -1 0 -3 0 0 0 -2 1 -1 1 1 -2 1 1 -1 0 -1 1 0 0 0 1 -2 -1 1 -1 2 1 0 2 23 1 0 1 1 0 1 1 2 1 0 0 0 0 0 2 0 -2 -1 1 0 2 0 0 2 -1 -1 0 0 2 0 0 0 0 0 0 0 1 0 -1 1 0 0 -2 0 0 1 0 0 -1 1 -1 0 -1 -1 1 1 0 1 0 0 0 0 0 0 0 -1 1 -1 2 0 0 -2 2 1 0 0 0 1 1 1 0 -1 1 -2 1 0 0 3 -1 0 1 -1 0 -1 0 0 1 3 1 0 -1 0 0 0 -1 2 1 2 -2 1 2 1 0 0 1 1 0 0 1 -1 0 2 0 0 -1 0 0 2 -1 0 0 1 -1 0 1 0 0 0 1 0 0 0 -1 0 1
0 1 0 -1 0 -1 0 1 1 -1 1 1 0 1 0 0 -1 0 0 -1 0 0 0 1 0 -2 0 -1 0 0 0 1 1 0 0 0 -2 0 1 0 1 1 -2 1 0 1 0 0 1 1 0 1 0 -1 0 0 0 1 0 0 -1 0 -1 -2 -1 0 0 0 -2 0 0 0 1 -1 0 0 1 0 0 -1 0 0 0 -1 0 0 0 1 1 0 -1 -2 0 2 1 2 0 -1 0 -1 0 -1 -1 0 -1 0 0 0 0 0 1 0 -2 0 1 0 1 -1 1 2 0 0 -1 0 1 0 -1 0 0 1 -1 0 0 1 1 0 -1 -1 0 -1 1 0 -1 1 -1 -1 -1 0 -1 1 -1 0 -1 -1 0 -1 2 0 -1 0 2 1 0 0 1 16 0 0 -1 -1 0 1 0 2 -1 0 1 0 2 1 -1 0 0 0 0 -1 1 -1 2 1 1 1 -1 0 1 1 0 0 -1 1 1 0 1 -1 1 -2 0 -1 1 1 -1 0 1 1 0 0 2 1 1 0 0 0 2 0 -1 0 3 0 -1 0 0 0 1 1 -1 0 0 1 0 1 0 1 -2 -1 0 1 1 0 -1 0 1 1 0 0 2 2 1 2 0 0 -1 0 0 0 0 1 1 1 0 0 0 0 0 0 -1 1 0 0 0 -1 0 1 1 2 0 0 0 -1 0 0 0 -2 1 -1 -1 -1 0 1 -1 3 1 -2 0 -1 0 0 -1 -1 1 -1
-2 -1 0 -2 0 -1 1 0 1 1 1 0 -3 0 0 0 1 0 1 -1 0 -1 0 -2 0 0 0 1 1 0 0 0 0 0 2 -2 1 2 -1 0 2 -1 1 0 -2 -1 0 -1 3 0 1 1 0 -1 1 0 1 0 0 1 2 -3 2 1 0 0 1 0 0 0 0 -1 0 0 2 -2 1 -1 0 -1 -1 0 0 0 -2 -1 -3 1 0 0 1 -1 2 0 1 2 0 0 1 2 0 0 0 1 0 0 0 0 2 -1 -1 0 0 -1 -1 0 0 1 0 -2 0 0 0 -1 -2 0 0 1 3 -2 -1 -2 0 0 0 -1 0 3 2 1 0 0 0 0 0 0 0 0 1 0 0 0 1 1 0 0 0 0 -1 0 2 0 0 0 0 0 16 0 0 0 0 0 1 -2 0 3 -1 0 0 0 0 -1 0 0 0 0 0 -1 0 0 0 0 1 -1 0 1 1 2 0 1 0 0 0 1 0 0 1 -1 -2 -1 -2 1 1 0 0 -2 0 0 0 1 0 0 1 0 -1 -1 1 0 0 0 0 0 -1 0 0 1 -1 0 0 -1 0 -1 -1 0 -1 1 0 0 0 -1 -1 0 0 0 -1 1 0 -2 0 2 2 0 1 0 0 0 0 0 0 0 0 -1 0 -1 -1 0 1 0 0 0 -2 -1 0 0 0 0 1 -1 0 0 0 -1 0 0 1 0 -1 -2 -1 0 0 0 -1 0 0 -2 3 -1 0 0
1 -1 0 -1 2 0 1 0 -2 0 0 -1 1 2 -1 0 0 0 0 0 1 0 0 -2 0 -1 0 1 1 2 -1 0 -1 1 1 0 2 0 0 1 1 0 0 -1 0 -1 1 -1 1 3 3 0 0 0 1 -3 0 1 1 1 0 2 0 0 1 0 0 0 0 1 0 2 1 0 -2 0 0 0 -1 2 1 1 0 1 2 0 0 0 1 -1 0 0 1 -2 -1 -2 0 0 -1 0 0 0 0 0 0 0 1 0 -1 0 0 0 2 1 0 0 0 -2 0 -1 -1 0 0 1 -1 0 0 -1 0 -2 -2 4 0 0 0 -1 0 0 -1 -2 1 -1 0 0 0 1 0 -1 0 1 -1 0 0 0 0 0 0 1 0 2 2 1 -1 3 1 0 0 21 1 -1 2 0 4 -1 1 -1 0 2 1 3 0 0 0 0 0 0 1 -1 -2 -1 1 -2 -1 0 1 0 -1 0 0 0 1 1 -1 1 0 1 1 0 -1 0 1 0 1 0 0 -1 0 0 3 3 0 0 1 0 0 1 0 0 0 -2 0 1 1 0 0 0 0 -1 0 0 0 -2 0 1 -2 -1 -1 0 1 2 -1 0 3 0 2 0 -2 0 1 -1 0 -1 0 0 0 0 0 0 0 1 0 0 -2 0 1 1 0 0 -1 2 -1 0 -2 0 2 0 0 -1 1 0 0 0 -1 -2 0 -1 0 -1 0 -2 -1 0 1 -2 1 1 1 -1 2 -1
1 -1 0 1 0 1 3 0 0 -1 0 -1 1 0 0 0 1 0 1 -1 0 0 0 -1 0 2 -2 0 -1 0 1 1 -1 -3 0 0 2 2 1 0 1 1 0 0 0 -1 3 1 1 0 0 0 1 0 1 -1 0 -1 1 1 -1 0 0 -2 1 0 0 0 1 -1 0 -1 -1 0 -1 -1 1 1 1 0 1 0 -1 0 -1 -1 0 -1 0 0 0 1 0 0 2 2 2 2 0 0 0 0 0 0 0 0 1 1 1 -1 0 2 4 1 0 -1 2 0 -2 -1 0 0 0 1 0 0 -1 1 0 -1 2 2 0 0 0 -1 -3 1 1 0 0 0 2 0 1 0 0 0 0 0 1 0 1 0 -2 1 -1 0 0 1 0 0 1 -1 1 -1 0 1 23 0 1 0 0 -1 0 0 -1 -1 0 -3 0 0 0 -1 0 3 0 -1 0 0 -1 1 3 0 1 -1 1 2 -3 0 0 -1 -1 -1 -1 -1 -1 1 0 -1 0 1 1 -1 1 -1 1 0 2 -1 0 -1 1 -1 0 1 0 -1 0 1 -1 3 1 2 -1 -1 0 -2 1 0 -2 1 1 1 0 -1 0 0 -1 -1 0 1 -1 1 1 2 0 -1 1 1 -2 1 1 1 1 0 2 0 0 -1 0 0 -2 0 0 -1 1 2 0 0 1 0 1 0 1 0 0 0 0 0 1 1 0 1 0 0 -1 0 1 -1 2 0 0 0 1 2 0 2 -1 0
0 0 1 1 0 0 0 0 1 0 0 0 0 1 2 0 1 0 0 -2 0 0 0 0 1 0 0 1 -1 1 0 0 -1 0 0 -1 1 0 0 0 1 0 0 0 0 -1 1 0 -1 1 0 0 1 0 0 0 0 0 0 0 -1 0 0 1 0 2 1 2 0 1 1 3 -1 0 1 1 0 1 1 2 0 2 -1 -1 0 0 -1 1 -1 2 0 0 0 0 0 0 0 1 1 -1 0 -1 0 -1 0 0 1 -1 0 0 0 1 1 0 1 1 0 0 0 0 1 1 -1 -1 1 0 0 0 1 0 0 0 0 0 0 0 0 -1 0 0 1 0 0 1 0 0 -1 -1 1 2 1 0 0 1 0 1 0 0 1 0 -1 1 2 -1 0 -1 0 -1 0 16 0 3 -1 0 0 0 0 1 0 -2 0 0 0 -1 0 -1 1 0 0 1 -1 0 1 0 0 0 0 1 0 0 1 1 1 1 0 1 0 0 1 -1 0 0 0 0 0 -1 2 0 0 -1 0 0 0 0 1 -2 0 0 0 1 0 -2 1 -1 1 1 1 0 0 1 1 -1 0 1 -1 -1 -1 0 1 0 0 0 0 1 0 0 0 0 2 0 0 0 0 1 0 0 0 2 1 2 0 0 0 0 -1 0 0 0 1 -1 0 0 -1 -2 1 0 0 -1 3 0 -1 1 1 0 0 -1 0 1 0 0 0 0 2 1 -1 -3 1 1 1 1
0 -1 0 0 -1 0 1 -1 2 0 0 0 2 0 0 2 0 1 -1 0 -1 -1 1 0 0 0 1 -1 -1 -1 0 0 1 0 0 1 1 0 1 1 0 1 0 0 1 -2 1 0 0 -1 1 -1 0 1 0 -1 -1 1 1 0 1 1 0 0 0 2 0 0 0 0 0 1 -1 0 0 1 0 1 0 2 3 0 0 0 0 1 -1 -1 0 -1 -2 1 0 0 0 1 -2 0 -1 0 -1 1 0 0 -1 0 0 0 0 -1 -1 1 1 -1 0 1 0 0 0 -1 0 0 1 1 -1 0 0 0 0 0 -1 1 1 0 -1 0 -1 0 0 -1 0 -2 1 1 0 1 1 -1 0 0 0 -1 0 -1 0 1 -1 -1 1 0 -2 1 0 2 1 0 0 2 1 0 13 0 1 -1 1 1 0 1 1 -3 2 0 0 0 0 0 0 0 0 2 -1 0 -1 0 1 1 -1 -1 0 0 1 0 -3 0 0 -1 0 0 1 -1 1 0 -1 0 1 1 0 -2 1 -1 0 0 0 0 0 1 2 0 1 0 0 2 0 0 0 0 0 -1 0 0 1 0 2 0 0 0 -1 1 0 -1 0 0 2 0 0 0 0 -1 0 0 -1 -1 0 0 0 -1 1 1 0 0 1 1 0 -1 0 0 0 1 0 0 0 1 1 0 1 0 0 1 2 0 0 -1 0 0 -1 1 0 0 -1 1 0 0 0 -1 1 1 0 2 0 0
-1 0 0 0 -1 0 1 -1 0 0 0 0 0 0 -1 0 0 1 0 -3 0 0 0 0 0 -1 0 1 0 0 0 0 0 -1 1 0 1 0 0 0 0 1 1 1 0 -1 0 1 -1 0 1 1 -1 -1 0 0 0 -1 0 0 0 0 -2 1 1 2 1 0 0 -1 1 2 1 0 0 1 0 -1 0 0 -1 -1 -1 0 0 0 0 0 1 0 -1 1 2 1 1 0 0 -1 0 0 0 -2 -1 0 0 0 0 2 0 0 0 1 0 1 1 0 2 0 0 1 0 1 0 1 0 -1 2 0 0 2 0 -1 0 -1 1 0 1 1 0 0 1 -2 0 1 0 0 0 0 0 0 1 -1 -1 -1 0 0 2 -1 0 1 0 1 0 2 1 1 0 0 0 3 0 19 -1 1 -2 0 -1 0 1 0 0 -1 0 -1 -1 1 3 0 1 0 0 3 2 2 0 0 1 0 0 0 0 0 1 0 0 0 0 0 1 0 0 0 0 0 1 2 1 0 1 0 0 1 -2 0 1 -1 2 0 2 0 0 -2 -2 0 -1 2 0 1 2 -1 0 1 0 -1 -3 0 0 0 1 2 0 0 1 0 0 0 0 1 0 1 1 1 1 0 0 0 2 2 0 0 1 0 1 1 0 0 -1 -1 0 1 0 -1 0 0 -1 0 1 -1 -1 1 1 0 0 -1 0 0 -1 0 0 0 0 0 3 2 0 1 -1 1 1 0
1 0 0 -3 1 1 0 -1 1 0 -1 0 0 3 -1 0 0 0 0 1 1 0 0 1 0 0 -1 1 1 1 0 1 1 -1 1 -2 1 -1 0 2 1 1 2 0 0 0 0 0 -1 1 0 0 0 0 0 0 -1 0 1 1 2 1 0 1 0 0 0 -1 0 1 0 3 1 0 -1 -1 0 0 0 -2 0 0 0 0 -2 0 -2 0 1 -1 1 1 0 0 -1 0 0 0 2 -1 0 0 1 0 0 0 0 -2 1 0 0 -1 0 0 -2 0 -1 0 -1 -1 1 3 -2 1 -1 0 -1 0 0 3 1 2 1 0 -2 0 1 0 2 0 0 0 -1 -1 0 -1 0 -1 1 -1 0 1 0 1 0 0 0 0 -1 1 1 0 -1 1 2 0 1 4 0 -1 1 -1 20 1 1 1 2 -1 1 -1 0 -1 0 1 2 1 0 -1 0 0 0 -1 -1 -1 0 1 0 0 0 1 0 0 0 0 1 2 1 0 -1 -2 -1 0 -1 1 1 -1 1 0 1 2 1 -2 0 0 1 2 1 0 1 1 0 1 -1 0 1 1 -1 0 0 -1 0 0 0 3 0 0 0 1 1 1 0 -1 1 0 0 2 -1 0 0 0 0 0 1 0 0 -1 0 2 0 -1 -2 -2 0 0 -1 1 0 0 -1 1 0 0 -1 0 0 1 1 1 -1 1 -1 0 0 0 0 0 0 -1 0 1 0 -1 1 1 1 1 1 0 2 1
-1 0 0 0 0 0 1 1 -1 0 -2 0 0 -1 0 0 -3 1 0 0 -1 0 0 1 -1 0 0 0 2 0 0 0 1 -2 0 1 0 2 0 0 -1 2 -1 0 0 0 1 1 -2 -1 0 0 0 0 -1 1 2 0 0 0 -1 0 0 -1 1 0 1 0 0 0 0 1 -2 0 -1 -1 0 0 1 1 0 0 0 1 0 -2 -1 1 -2 0 -1 0 4 0 -1 1 0 -1 -1 0 0 -1 -2 0 0 -2 0 0 0 0 0 0 -2 1 0 0 1 -3 0 0 1 -1 1 -3 -1 0 0 -1 1 1 0 0 1 0 0 0 0 0 0 1 0 -2 -1 0 0 0 1 0 -2 -1 0 0 -2 -1 0 -1 2 0 0 0 -1 1 -1 1 1 2 -2 -1 -1 0 -1 1 1 27 -1 -1 1 -1 1 0 2 3 -2 -2 -2 1 1 1 1 3 0 2 -5 0 -1 4 0 -1 -1 2 1 -1 2 -2 1 0 2 0 1 0 -1 1 1 1 1 1 0 0 0 0 0 1 1 0 0 0 -2 0 0 -2 1 -1 2 0 1 -2 -1 0 -1 2 0 1 -1 -1 -1 -1 0 2 -1 -1 0 -1 1 -1 -1 1 0 2 0 1 0 0 -1 -2 -1 1 0 1 0 1 -1 0 1 0 1 0 -1 0 0 0 1 -1 -2 -1 -1 -1 2 0 0 2 -1 0 -1 -1 1 1 -1 -2 -1 1 1 1 3 0 -1 -1 0 1 0 1
-2 0 1 1 -1 0 0 0 -1 -1 1 1 2 1 0 1 -1 -1 0 0 1 1 0 -1 -1 1 1 1 1 0 1 2 1 3 1 0 0 0 0 -1 1 0 0 1 1 0 1 -1 1 -1 0 -3 0 0 1 0 -1 -1 1 -1 2 0 2 -1 0 0 -1 1 0 0 1 1 0 1 1 0 0 1 -1 1 2 0 1 -1 0 0 -2 -1 0 -1 0 1 0 -1 0 -1 0 0 1 1 0 -1 0 0 -1 1 -1 -2 0 0 -1 0 2 1 1 0 0 1 -2 -2 0 -1 0 3 1 0 2 -1 -1 0 0 1 -1 0 0 0 0 0 1 0 0 -1 1 1 0 0 -1 0 0 0 1 -1 0 1 0 0 -3 2 2 0 -1 -1 -1 0 0 -1 0 1 0 0 1 -2 1 -1 22 -2 0 0 -1 -1 0 1 1 1 -1 1 -1 0 0 -1 0 -1 2 2 1 0 -1 0 -2 1 0 0 -2 0 -1 0 1 -1 -1 0 0 0 0 -2 2 0 -1 1 -1 0 0 2 0 3 1 0 -1 2 0 3 0 1 0 1 0 0 -1 1 2 0 1 -1 0 0 4 0 -2 -1 0 -1 1 -1 -1 0 3 0 0 -2 1 -1 0 1 1 1 -1 0 -1 -2 -1 0 0 2 2 0 1 0 1 1 -1 0 -2 0 0 -1 -1 1 0 -1 -1 -1 -1 -1 -1 0 0 -2 0 2 -2 0 0 0 1 -1 2 1 0 -1 1 1
-1 -1 1 -3 1 -1 0 0 1 1 1 0 -2 0 0 0 1 0 0 -1 0 0 4 0 0 -1 1 0 1 0 -1 -1 2 1 0 0 -1 1 0 2 1 0 1 1 0 1 1 1 0 -1 0 -1 0 0 2 1 0 2 0 -1 0 0 -1 1 -1 0 0 -1 0 0 1 -1 -1 0 1 -1 0 -2 0 2 0 0 0 0 1 2 -1 1 0 -1 1 0 1 1 0 -4 2 -1 2 0 -1 1 2 0 0 -1 1 -1 2 -1 0 2 0 -1 -1 0 -2 0 2 -1 1 0 0 0 0 0 0 1 1 -1 1 -2 0 0 2 -1 0 2 2 1 0 -1 0 0 1 1 0 2 -1 1 -1 1 0 0 2 1 -2 0 0 -1 -1 1 1 -2 0 0 3 -1 0 0 1 0 1 -1 -2 25 1 0 0 0 -1 -1 0 -1 -3 0 1 1 2 -2 -1 1 0 -2 0 -2 0 1 -1 1 0 0 -2 2 -1 0 -1 0 1 0 0 -1 0 0 -2 2 -1 2 -1 2 -1 0 0 1 0 1 -1 1 1 0 1 0 0 0 3 -1 1 -1 1 -1 0 0 1 1 -1 0 2 -1 0 0 0 1 0 0 -1 0 0 -1 -2 0 -1 -2 1 0 1 -1 -1 0 1 0 1 0 -1 1 0 1 2 2 1 1 0 -1 1 0 0 0 1 -1 -1 0 0 1 -2 1 1 1 -2 -1 0 0 -1 0 0 -1 0 -2 -1 0 -1 1
0 -1 0 0 0 2 0 0 0 0 0 0 1 0 2 1 -1 0 0 0 0 0 0 -1 0 0 1 1 0 0 -1 0 0 -1 0 0 0 0 1 0 0 0 1 -2 -1 0 0 -1 -1 1 0 -1 0 1 0 0 0 0 0 0 0 1 -1 0 -2 0 0 0 -1 -1 0 0 0 0 -1 0 1 0 0 -1 -1 0 0 0 1 2 1 0 0 0 -1 1 0 0 0 0 -1 0 -1 0 1 0 1 0 0 1 1 -1 1 0 1 0 0 -1 1 0 1 1 0 0 0 0 1 0 0 0 0 -1 1 2 1 0 -1 0 0 0 0 0 1 0 0 0 0 0 -1 0 0 0 0 0 2 1 0 0 1 1 1 0 1 -1 2 0 1 -1 0 1 -1 0 -1 0 0 -1 2 1 0 1 12 0 0 1 -1 0 1 0 0 0 -2 1 -1 0 0 0 0 -2 0 1 1 -1 0 2 0 0 1 3 2 0 0 0 0 2 0 0 0 0 1 0 0 1 -2 0 0 -1 0 0 -1 0 0 1 0 0 2 0 1 1 1 0 1 0 0 0 0 0 -1 0 0 -1 0 0 1 1 0 0 0 0 0 0 0 0 2 0 -2 -1 0 2 0 1 0 1 1 0 -1 -1 0 0 0 1 0 2 0 0 0 1 0 -1 0 -1 -1 0 0 -1 0 1 -1 0 -1 0 0 1 0 0 0 0 0 0 1 0 0 0 1 1
0 1 0 0 -1 -2 0 -1 0 0 0 -1 1 4 1 0 -1 0 1 0 0 0 0 2 0 -1 0 1 1 0 -2 0 0 1 -1 -1 0 0 0 2 0 0 0 -1 1 0 -1 0 0 2 1 3 -2 -1 0 2 -1 0 2 0 -1 1 1 1 1 -2 0 2 2 1 1 -2 0 0 0 2 -2 0 1 1 -2 0 1 -1 -1 -1 0 0 1 0 0 -1 -1 0 1 -1 -2 0 1 0 1 0 1 -1 -1 -1 2 -1 0 2 0 0 0 0 -1 1 -1 2 2 0 1 -3 -1 0 0 -1 0 -1 0 -1 1 0 1 0 1 0 0 0 1 0 0 -1 1 1 0 1 0 0 0 1 -1 -1 -1 0 0 0 -1 -2 0 0 1 0 1 1 0 0 0 2 -1 1 1 0 -1 -1 0 0 0 22 -1 4 0 0 0 0 -1 -1 0 0 0 1 1 1 -2 0 1 0 0 1 0 -1 0 0 -1 2 3 1 0 1 0 -1 0 -1 -1 1 2 -1 -1 0 0 1 0 0 -2 0 0 0 2 -1 1 -1 0 2 1 1 0 0 0 0 -1 1 0 0 1 1 1 0 1 1 1 0 0 -1 -1 0 2 0 1 0 0 1 -1 1 0 0 0 -1 0 0 1 1 0 2 -2 0 0 0 1 -1 0 0 0 0 0 -1 1 0 0 2 1 0 -1 0 1 -1 0 1 0 2 -2 1 1 0 2 -2 0 -1 0 -1 0 0
1 0 -1 0 0 1 2 0 0 0 1 0 0 1 -2 1 1 1 1 0 1 -1 2 0 0 1 0 -1 -1 -1 0 1 0 0 -1 -1 1 1 0 0 0 0 -1 1 -1 0 0 0 0 0 1 0 0 1 0 -2 0 0 -1 0 -1 0 1 0 0 1 0 0 -1 1 0 -1 0 0 1 -1 0 -1 0 -1 1 1 2 1 0 0 0 1 0 0 0 0 0 0 -1 2 0 0 -1 0 -1 0 1 -2 0 0 -1 0 1 0 0 0 -1 0 1 -1 1 -1 0 0 -1 2 -1 0 0 0 -1 -3 0 1 0 0 0 0 0 0 2 0 0 0 -2 -3 1 -1 0 0 0 0 1 0 1 -1 0 0 -1 -1 0 0 0 0 2 2 0 1 0 2 0 1 0 0 1 1 1 1 -1 0 0 -1 13 0 1 0 0 0 1 -1 0 0 0 0 -1 2 0 0 1 0 0 -1 0 0 0 1 1 0 0 1 -1 0 1 -1 0 0 0 -1 1 0 0 0 0 0 0 1 1 -2 2 0 2 0 0 0 0 0 0 0 0 1 0 0 0 -1 0 0 0 1 0 -1 0 0 0 0 -1 0 0 0 -1 1 0 1 0 1 0 0 1 1 0 1 0 1 0 -1 0 -1 -1 0 1 1 0 0 0 0 0 0 -1 -1 0 0 0 2 0 1 1 0 0 0 0 -1 0 1 1 -1 1 0 -1 1 0 0 1 0 -1 0
0 0 1 0 1 2 0 1 -2 2 -1 1 -2 1 0 0 -2 0 -1 0 1 0 0 1 0 -1 0 0 2 0 0 0 -1 1 0 0 -1 -2 -1 0 0 0 0 0 -1 0 -1 -2 2 3 1 3 0 0 0 1 0 -1 -1 0 1 -1 0 1 0 0 0 0 -2 0 0 -2 0 0 0 0 0 1 0 0 -2 0 0 3 0 -1 1 1 -1 0 1 -1 -1 0 0 -1 2 -1 -2 1 1 0 0 -1 1 0 -1 0 1 1 0 0 1 -1 0 -2 -1 0 1 0 -1 0 -1 0 0 -1 0 0 0 1 0 0 -1 0 1 -1 0 -1 1 -1 0 -2 1 -1 1 -1 0 0 -1 1 0 -1 0 1 1 0 0 0 -1 0 2 0 0 1 2 1 0 3 -3 -2 -3 0 -1 0 -1 0 1 4 0 21 -1 0 0 1 0 -1 0 -1 0 1 0 0 0 0 2 1 1 3 0 1 -1 -1 2 0 2 0 0 3 -4 -1 0 -1 2 0 -1 0 -2 0 -1 -1 0 -1 -2 0 0 0 -2 0 -2 -4 0 -1 1 1 0 1 -1 2 -1 0 0 0 -2 -1 0 0 2 -1 1 0 -1 -1 1 -1 1 -1 0 2 2 0 1 -1 1 -1 1 0 0 0 0 -1 0 -1 -2 0 0 2 1 1 0 -1 -1 -1 1 0 3 0 1 -1 -1 0 -2 0 0 0 0 0 0 1 0 1 0 0 0 -2 -2 2 0 -2 0 -3
0 0 0 0 0 0 0 0 -1 1 -3 -1 0 -1 0 1 0 0 0 0 0 1 1 0 0 0 0 0 0 -1 0 1 0 0 1 -1 0 0 0 0 0 1 -1 1 -1 0 0 0 0 0 0 0 0 0 0 -1 1 0 0 0 0 0 0 0 -1 0 0 0 0 0 -1 -1 0 1 1 0 -1 1 -2 0 1 0 -1 0 1 -1 -1 0 0 1 1 0 0 0 0 1 -1 -1 -1 1 0 1 -1 -1 0 0 -1 0 0 1 0 -1 1 -1 0 0 0 0 2 -1 0 0 0 1 1 0 0 0 0 -1 0 0 1 0 -2 0 1 0 0 1 0 -1 2 0 1 1 1 1 1 0 1 1 0 0 0 1 1 0 0 0 0 0 0 0 0 -1 0 0 0 0 2 0 0 2 0 -1 -1 0 1 -1 11 0 -1 -1 0 1 0 1 0 1 0 -2 0 0 0 1 0 -1 0 -1 0 1 0 -2 -2 0 0 1 0 -1 1 0 -1 -1 0 0 0 0 0 0 0 1 0 1 1 0 -1 0 1 0 -1 0 0 0 -1 0 -1 1 0 1 1 0 0 0 0 -1 0 1 1 0 -1 0 1 1 -1 0 0 -1 1 1 0 0 0 0 0 -1 1 2 0 0 0 0 0 0 0 -1 0 0 0 1 0 0 0 0 1 0 1 1 0 0 1 0 0 0 -1 0 0 0 0 0 0 0 0 0 0 0 0 0 0 0
-3 0 0 0 0 0 0 0 -1 1 0 0 1 0 0 1 -3 -2 0 0 0 -1 0 0 0 0 0 0 -1 -1 0 0 1 -1 0 -1 0 0 -1 0 1 0 0 0 0 -2 0 1 0 0 0 -3 0 -1 1 0 0 0 0 -1 -3 0 0 -1 0 0 -2 1 1 0 -1 0 1 0 -1 -1 2 -1 -2 1 1 -1 0 0 -1 0 1 -1 -1 1 0 -2 0 0 0 0 0 0 1 0 0 0 -1 0 0 0 -1 0 0 -1 0 0 0 2 1 0 0 -1 0 0 0 -1 2 -1 0 0 -1 -1 -2 1 1 0 1 0 -1 -1 2 -1 0 0 0 0 0 0 -1 0 -1 0 -1 0 0 -1 -1 0 0 -1 0 0 1 -1 -1 0 0 1 -2 0 -1 0 0 0 0 -1 -1 3 1 -1 0 0 0 0 0 13 -1 0 0 2 0 0 -1 0 0 1 -2 0 1 0 -1 -2 1 0 0 0 0 0 1 0 0 1 1 1 0 0 1 1 0 -1 0 0 -1 0 -1 0 -2 0 -1 0 0 1 0 0 0 0 1 0 0 0 0 1 0 0 0 0 -2 -2 0 0 1 1 1 -2 1 0 1 0 -1 -1 1 -1 -1 0 0 0 -1 -2 -1 1 -2 -1 0 0 0 0 -1 1 0 -1 0 1 0 -1 0 0 0 0 1 0 0 1 0 -1 0 0 0 1 0 0 0 0 1 0 0 1 -1 -1 0 -1 1 2 0 1
-1 1 0 0 0 1 0 1 1 1 0 0 0 0 0 -1 1 0 0 -1 0 -1 0 0 0 0 0 0 0 0 0 0 0 0 1 1 0 0 0 0 0 0 0 1 0 0 1 -1 0 0 -1 -1 0 1 -1 1 0 1 2 1 -1 0 0 0 0 0 0 1 1 1 -1 1 -1 0 1 0 1 1 0 0 0 0 0 0 -1 1 1 0 0 0 0 0 -1 0 1 0 2 -2 0 0 0 0 0 0 -1 0 1 0 0 0 0 0 1 0 0 0 0 2 1 0 -1 0 0 0 1 1 0 -1 0 0 1 1 0 0 1 -3 0 0 -1 0 0 1 1 0 0 0 0 0 1 0 0 -1 1 2 0 0 0 0 1 0 -1 -1 0 0 -1 0 0 0 0 0 0 0 0 -2 1 0 1 0 0 0 -1 -1 12 1 -1 0 0 -1 2 0 0 2 2 -1 0 2 0 0 -2 1 0 -1 1 1 0 0 -1 0 1 1 0 0 0 -1 1 -2 0 0 0 2 0 1 1 0 0 1 1 0 0 0 -1 1 -1 1 0 1 1 0 0 0 0 -1 1 0 0 0 0 0 0 0 1 0 0 0 0 0 1 0 0 -1 1 -2 0 0 0 0 -1 -1 1 1 2 0 0 0 1 1 0 0 0 0 0 0 0 1 0 0 -1 -1 1 0 -1 0 0 2 1 0 0 0 0 1 1 -1 -1 -1 0 0 0 0 0 0
2 1 0 -1 -1 0 2 1 1 0 0 0 1 2 0 1 0 0 2 -1 1 0 0 1 0 1 0 1 2 -1 1 0 0 0 2 0 -1 0 1 0 1 -1 0 0 1 -1 -1 -1 0 3 -1 1 0 1 0 1 -1 0 1 0 0 0 1 0 0 -2 0 1 0 1 0 1 2 0 3 0 0 0 1 1 1 -1 0 0 -1 1 -1 1 -1 0 1 0 0 0 1 0 0 2 1 1 2 1 2 0 0 0 2 0 2 1 2 -2 0 2 -1 0 1 0 0 0 0 2 0 2 0 0 0 -1 0 2 2 1 1 1 0 0 -1 0 0 -1 -1 0 1 0 1 -1 1 0 0 0 0 1 -1 2 0 2 -1 0 0 0 -3 2 -3 1 1 0 0 0 -1 -1 0 -1 1 -2 1 -1 0 0 0 1 -1 0 1 20 2 0 1 -2 1 -2 -2 -1 1 1 0 -1 1 0 1 0 0 0 -2 0 -1 1 1 0 -2 0 0 1 1 0 0 0 0 1 2 0 1 -1 0 0 0 2 0 0 2 1 -1 2 0 1 -1 1 1 0 1 0 0 1 0 2 1 0 1 0 0 0 1 1 0 1 1 0 -1 1 1 1 4 0 -1 0 0 -1 -1 -2 1 1 2 1 0 -1 -1 1 1 0 0 0 0 -1 1 0 2 2 1 1 0 0 -1 0 1 0 -1 1 1 0 -1 2 0 0 -2 1 -1 1 0 -1 0 0
1 0 -1 -1 0 0 0 1 0 0 0 0 0 1 1 0 0 0 1 0 0 0 0 0 -1 0 1 0 0 0 0 2 0 0 0 -1 0 -1 0 0 0 0 0 1 0 -1 0 -1 0 1 0 -1 0 0 0 -1 -1 0 1 0 1 0 0 0 0 0 0 0 1 0 0 1 2 0 0 -1 0 0 0 -1 0 0 0 0 -1 -1 0 0 0 -1 0 1 1 0 -1 2 -1 1 0 0 0 0 1 1 0 1 0 1 0 0 1 1 0 0 -1 0 0 0 -1 0 0 1 0 -1 0 0 0 0 0 1 1 1 0 0 -1 0 -1 0 0 0 0 0 0 0 -1 0 -1 1 1 0 0 1 1 0 0 1 0 0 0 0 1 1 0 2 0 0 0 0 0 0 0 -1 2 -2 -1 -3 0 -1 1 0 0 0 -1 2 11 0 0 -1 -1 0 1 0 0 0 -1 0 1 0 1 -1 0 0 -1 0 0 1 1 0 -1 0 0 0 0 1 -1 -2 0 0 0 -1 0 -1 0 0 1 1 1 0 -1 0 0 0 0 -1 1 0 0 1 0 -1 0 0 1 0 0 0 0 1 1 1 0 0 0 2 0 0 1 1 -1 0 0 0 0 1 0 0 0 0 0 0 1 0 0 0 1 1 1 -1 0 0 1 0 0 -1 0 2 0 0 0 0 0 0 2 1 0 0 1 0 1 0 0 -1 0 1 0 0 0 0 0 0
-1 0 0 1 0 0 0 0 0 0 -1 -3 0 -2 0 0 2 -1 0 0 -1 0 1 0 -1 1 -1 1 0 0 0 1 0 0 1 0 1 1 2 1 1 1 -1 1 0 -1 1 -1 -1 -1 -1 -2 -1 1 2 1 0 0 2 1 1 0 -1 0 0 1 1 -3 0 -1 -1 1 0 0 -1 1 0 1 -1 0 -1 0 -1 -3 0 0 1 1 2 0 -1 -1 0 1 0 0 0 1 0 1 0 2 1 0 0 1 0 0 2 1 1 0 -1 0 1 0 1 -1 1 -1 0 0 0 1 -1 2 1 1 0 3 0 -1 1 -1 0 0 0 0 1 0 0 2 1 0 0 -1 0 0 -1 -1 1 2 1 0 -1 -1 1 -1 0 -1 0 0 0 1 2 -1 0 0 3 -1 0 1 1 1 1 0 0 -1 -1 -1 1 2 0 0 0 16 0 0 -1 -1 0 0 2 0 -1 0 0 -2 -1 0 0 0 2 0 0 -1 0 2 0 1 1 0 0 1 -2 -1 -1 0 -1 1 1 0 -1 0 -1 0 0 0 1 1 -2 1 0 -2 -1 -1 0 -1 1 0 0 0 1 -1 0 0 0 2 0 -1 0 1 -1 1 0 2 -1 -1 0 0 1 0 2 -2 0 1 0 1 0 0 0 0 1 0 1 1 0 0 -1 0 0 0 1 0 -2 0 -1 0 -1 1 -1 0 0 2 1 0 0 2 0 -1 -1 0 0 0 0 1 -1 0 -1 1
-1 -1 0 0 -1 0 -1 0 0 0 2 -1 1 1 -1 -1 1 0 -1 -1 0 0 -1 0 0 0 0 -1 0 0 1 -1 2 0 0 0 2 0 -1 0 0 0 -2 1 1 0 1 -1 -1 1 2 2 0 0 -1 1 0 1 0 0 1 0 1 0 0 1 0 1 0 -1 0 3 0 0 0 1 -2 -2 0 1 0 -1 0 -1 0 -2 0 0 1 0 0 1 1 2 0 3 1 0 0 1 0 0 1 0 1 0 1 -1 2 0 1 1 -1 1 0 0 -1 -1 -1 0 1 0 0 -1 -2 1 0 1 0 1 -1 0 0 0 1 0 2 0 -1 -1 1 3 -1 1 0 0 -2 0 -1 0 -3 0 1 -1 0 1 1 0 -1 0 -2 0 0 1 0 1 0 1 0 1 0 3 0 1 -1 1 -2 0 0 0 0 0 0 1 0 0 17 1 1 -1 1 -1 -1 1 0 0 1 1 -1 0 0 0 -1 1 -1 0 0 0 0 1 0 1 0 0 -2 0 2 1 -2 0 0 1 0 1 1 1 -1 0 0 0 -2 1 0 0 2 2 0 -1 1 0 0 1 0 -1 -3 0 1 1 -1 0 0 0 2 0 1 0 1 1 -2 3 1 0 0 -2 1 1 0 0 2 -1 0 0 0 0 0 0 0 -1 0 0 -1 0 0 0 0 -1 0 1 0 1 -3 -1 1 0 0 0 -2 -1 -2 2 0 0 1 0 0 -1 -1 1 0 0
0 -1 -1 1 -1 0 -1 0 -2 0 0 0 1 0 0 1 0 -1 -1 0 0 0 1 -1 1 -1 0 -1 -1 -1 -1 -1 0 0 0 -1 1 0 0 0 0 1 0 0 1 0 1 0 -1 -1 -2 1 1 1 -1 0 -1 1 -1 0 0 1 2 -2 0 1 0 0 1 0 0 -1 0 -1 0 0 -2 2 0 0 0 0 2 -1 1 0 -1 0 -1 0 3 0 -1 1 0 3 0 -1 2 1 1 0 2 0 0 0 0 -2 0 -1 -1 1 0 -1 0 0 0 0 1 0 0 0 2 -1 0 0 1 0 0 1 0 -1 0 0 0 -1 0 0 0 1 -1 0 0 0 1 1 -2 0 0 -1 0 0 0 -1 1 1 0 1 0 0 -2 1 -1 1 0 -1 -1 -1 -1 0 0 0 -1 1 0 1 1 0 0 -1 1 0 -1 -2 -1 0 1 15 0 2 0 0 -1 0 1 0 -1 0 -1 -2 -2 -1 -1 0 0 -1 -1 1 2 1 1 0 0 1 0 1 1 1 -2 0 1 -1 -1 0 1 0 1 0 1 0 2 -1 1 0 0 0 1 0 0 0 0 2 0 0 -3 0 0 0 -1 0 -1 0 2 0 0 0 0 0 -1 2 -1 0 0 0 0 0 0 0 -1 -1 0 1 1 -2 0 0 1 -1 0 0 1 3 -1 0 0 0 0 0 0 0 -1 0 2 -1 1 -1 0 0 -1 2 -1 0 1 0 -1 1 -1 0 1 0
0 1 0 -2 -1 1 1 -1 1 0 -1 0 -1 1 2 1 -1 1 0 0 1 0 0 0 2 0 1 -1 0 1 2 0 0 2 0 1 -1 2 -1 1 1 0 1 1 1 0 0 2 1 1 -2 1 1 0 0 1 0 1 -1 2 -1 0 2 0 1 0 0 1 0 1 -1 1 0 0 -1 1 0 -1 0 0 0 1 0 -1 0 -3 -2 -2 1 0 0 -1 0 2 1 0 1 -1 0 1 1 -1 2 -2 0 0 1 0 -1 0 0 0 0 0 2 0 0 0 0 -1 -1 0 1 1 0 0 -1 0 0 0 -1 1 0 1 1 0 1 1 1 0 0 2 -1 1 0 0 1 1 0 0 1 -1 -1 0 0 1 0 1 0 0 1 1 0 3 2 2 0 -2 0 0 0 1 0 1 0 2 -1 0 0 0 0 -1 2 1 -1 -1 1 0 20 0 -1 0 0 1 2 0 1 1 0 0 0 -1 0 -1 1 0 0 -1 0 0 0 0 1 -1 -1 2 2 1 1 0 1 -1 0 0 0 0 0 1 2 -1 2 2 -2 -1 -2 2 1 1 0 2 0 0 1 -1 0 0 -1 -1 1 1 0 1 -1 0 1 3 1 1 -1 -1 -1 0 1 0 0 0 -2 1 0 1 0 -1 1 -1 0 2 1 0 0 1 0 1 -1 1 0 1 0 0 0 1 -1 0 0 1 0 0 1 0 0 0 1 0 0 1 0 -1 0 0 2 0
0 -2 0 1 0 0 0 2 1 0 -2 0 1 1 -1 0 -1 0 -2 0 0 1 0 1 0 0 1 -2 0 0 0 0 0 -1 -1 0 -2 -1 0 0 0 2 -1 -1 0 0 0 2 0 0 -1 1 1 -1 -1 0 0 2 0 3 -1 1 -2 0 1 2 1 1 -1 1 0 -1 0 -2 -1 0 0 3 2 0 1 1 0 0 0 0 1 1 2 0 -2 2 1 0 2 0 0 0 -2 0 1 0 -1 -1 0 -1 0 0 0 1 -2 2 1 -3 1 -1 0 0 0 0 0 0 -1 0 0 1 0 0 0 -2 0 0 0 0 0 -1 0 -1 0 1 1 0 0 0 -1 2 -1 1 0 1 1 1 0 -2 0 -1 1 0 1 0 0 -1 0 -1 -1 1 0 -1 0 1 2 0 0 3 -1 -2 0 1 0 1 1 0 0 -2 0 -1 -1 2 0 21 0 0 -2 0 1 0 0 0 0 1 1 -1 -1 -2 0 0 0 0 -1 -1 -2 -1 0 0 1 -2 2 0 0 0 -1 0 -1 0 0 -1 5 -1 -1 -1 0 0 0 2 0 -1 -1 0 0 2 0 2 0 0 1 0 1 0 0 0 0 1 0 0 -1 2 1 2 1 0 0 0 -1 0 -1 1 1 1 0 0 0 0 1 -1 -2 -1 1 0 1 1 1 1 0 -2 0 0 0 0 0 0 0 0 1 0 2 -1 0 -1 -1 1 0 0 1 0 3 -1 0 -1 0 0
-1 0 -1 0 1 0 0 1 1 -2 0 1 0 0 1 0 1 0 1 0 1 0 0 1 -1 -2 -1 1 2 1 -2 0 0 0 0 0 -1 1 2 0 0 1 -1 0 -1 1 1 2 0 -1 0 1 1 -1 0 1 1 0 1 1 1 0 0 0 -1 0 0 -1 0 0 -1 0 1 0 -2 0 0 0 0 0 1 0 0 0 0 0 0 0 1 0 1 2 1 1 0 1 0 1 2 0 0 0 -1 1 2 2 -1 0 0 -1 0 0 -2 0 0 1 3 -1 0 2 1 0 0 -2 -1 1 0 0 0 1 -1 0 0 -1 -1 0 1 -1 -1 0 0 3 0 1 1 0 0 1 0 0 -1 -1 -1 -1 1 1 1 0 -1 1 -1 0 -1 2 -1 1 0 1 -1 -1 -1 0 0 0 0 -1 0 1 -1 0 0 0 0 -2 1 0 1 0 -1 0 17 0 0 0 0 1 2 0 0 -1 0 -1 2 1 0 0 1 2 1 -2 0 1 0 0 1 -2 1 0 0 0 -1 1 0 0 0 0 2 0 -1 -1 1 0 0 -1 3 0 0 0 0 0 1 0 -2 -3 0 -1 1 0 1 0 1 -1 0 0 0 1 0 0 0 0 0 0 0 0 -1 -1 0 0 0 0 -1 0 0 -2 0 0 0 -2 1 -1 1 -1 0 -2 -1 0 -1 -1 0 1 -1 0 -1 1 0 1 0 0 1 0 0 0 1 0 -1 0 0 -1 0 0
-1 0 1 0 0 0 1 0 1 -1 0 -1 0 0 0 1 1 0 2 -1 0 0 0 1 0 0 -2 0 0 -1 0 1 1 -1 -1 1 1 0 0 0 2 1 2 0 -1 0 0 1 -1 0 1 -1 0 -2 1 0 0 1 -1 -1 -3 -1 1 0 2 2 0 0 0 1 0 -1 -1 0 -1 1 1 -1 0 0 1 1 1 1 -1 1 0 1 0 0 1 -2 1 0 1 1 2 0 1 0 -1 0 1 0 0 1 2 1 1 0 0 2 -2 0 0 0 2 -1 0 0 0 0 -2 1 1 -1 -1 1 0 0 -1 -1 1 1 0 -1 0 0 0 0 1 -4 1 0 1 -2 1 0 -1 0 -1 0 0 1 0 0 2 -1 0 -1 1 1 -1 0 0 1 0 -2 1 0 0 3 -1 2 -1 1 0 1 2 0 -2 1 2 -1 0 0 -1 0 0 0 0 18 2 1 1 1 0 0 0 1 0 -1 1 1 3 0 0 0 2 0 1 0 1 1 1 1 -2 0 0 0 1 1 -2 0 0 -2 2 0 1 0 1 -2 0 0 1 1 1 0 2 0 1 0 2 0 0 0 0 1 0 -1 0 0 -1 0 0 -1 2 1 0 2 0 0 1 1 0 0 0 3 0 1 0 0 0 0 1 0 1 0 0 -1 -1 -1 0 1 0 1 1 0 0 1 1 0 -1 -1 1 -1 -1 0 0 0 0 1 1 0 -1 0 1 2 0 0
-1 2 1 0 -1 0 1 1 2 0 1 0 0 0 0 1 2 0 -1 -3 0 1 -1 0 1 1 0 -1 -1 0 0 4 0 0 0 0 -2 -2 1 -1 2 -2 -1 0 1 -1 1 0 0 1 0 -1 1 1 0 -1 0 -1 0 2 0 -1 0 0 -1 0 0 0 -1 1 1 -2 0 1 -1 0 0 0 0 -1 0 -2 1 0 0 0 0 -1 0 0 -1 0 -2 0 2 2 0 0 0 2 -1 0 1 0 2 0 1 -1 0 1 1 -1 2 -2 -1 0 1 1 0 0 0 1 0 1 0 2 0 1 1 0 1 2 0 0 0 0 1 0 1 1 -1 -3 1 -2 0 0 1 0 1 0 1 0 2 0 -2 0 0 0 0 -2 -1 -1 0 0 0 -1 1 -1 3 1 -1 2 -1 -5 2 0 0 -2 0 0 0 -2 2 1 0 2 -1 -1 0 -2 0 2 24 1 -2 -1 0 1 1 0 0 0 1 1 0 -1 0 -1 -1 0 -1 -2 2 -3 -1 -2 0 0 2 -1 0 -1 -2 0 0 2 -1 0 1 1 -1 -1 -2 0 0 0 0 0 5 0 0 -1 0 -1 -2 -1 1 0 1 -1 -2 1 -1 0 1 0 -1 -2 0 0 0 0 0 1 1 0 0 1 0 0 0 1 -2 0 0 1 0 2 0 0 -1 -1 2 -1 -1 0 1 0 1 0 0 0 0 -1 -2 1 -1 3 1 -2 -1 0 0 2 0 2 2 0 0 0
0 0 0 1 -1 0 0 0 0 1 0 0 1 0 0 -1 -2 0 -1 0 1 1 1 -2 0 1 0 0 1 -1 -1 0 -1 0 0 1 -1 1 -1 0 0 1 2 0 1 0 0 0 1 0 0 0 -1 -1 3 0 0 0 2 0 0 -1 0 0 -1 -2 -1 0 1 1 -1 2 0 1 1 2 -1 0 -1 0 -1 0 0 0 1 0 -1 0 0 2 -1 1 1 -1 2 0 1 1 1 0 1 -3 0 0 0 2 0 2 0 1 1 0 -1 -1 -1 1 1 1 0 0 1 3 1 4 -1 -1 1 0 0 0 -1 3 0 -1 0 0 0 0 -1 0 -1 1 0 -1 0 -1 0 0 0 1 1 -1 -1 1 0 1 1 0 0 0 -3 1 -1 -1 2 0 -1 0 0 0 0 2 -1 0 2 -2 -2 0 0 0 0 0 -1 1 0 0 1 0 1 0 0 1 1 18 2 -1 0 3 -1 0 0 0 -1 -1 1 -1 1 -1 1 0 0 1 -1 -1 1 0 0 1 0 -1 1 0 1 1 1 -1 0 2 0 1 1 -1 0 2 0 0 0 2 -2 0 0 2 0 1 2 1 0 0 0 -1 1 -1 -1 0 0 0 1 0 -2 0 0 1 1 -3 0 0 0 0 0 0 1 2 0 1 -1 2 0 1 0 0 0 -1 0 -1 0 0 0 0 0 1 0 0 -1 1 0 0 1 0 0 0 1 0 1 -1 0 -1 0 0 0 0
-1 -1 0 0 -1 1 1 0 0 1 0 1 0 1 0 0 1 0 -1 -1 1 1 0 -3 0 1 0 0 0 -2 0 1 0 1 1 0 2 0 -1 1 1 1 1 1 0 0 -1 -2 2 1 -2 0 2 1 0 0 0 0 0 -1 0 -1 2 0 -1 1 0 0 1 -1 -1 2 1 -1 2 0 0 1 0 0 0 0 1 0 1 0 -1 -1 -1 4 1 1 0 0 -1 1 0 1 0 1 1 -1 0 -1 0 0 1 1 -1 0 1 2 -1 -3 0 0 0 0 -3 -1 0 0 1 1 0 0 0 -1 -2 0 1 4 0 0 0 0 0 2 1 0 -2 -1 0 0 2 -2 1 0 0 0 0 -1 -1 0 1 2 0 1 0 0 0 0 0 -1 0 1 0 1 1 0 1 0 0 -1 1 0 0 1 1 2 0 1 0 0 -1 -1 0 1 2 1 0 1 -2 2 21 1 0 2 0 0 -2 1 0 1 0 0 0 -2 1 1 2 0 0 0 1 0 -1 1 1 0 0 0 0 0 0 0 1 1 -1 0 2 1 -1 0 0 0 1 1 0 1 0 4 0 1 2 -2 -1 0 0 0 0 0 0 0 0 0 -1 -1 2 0 1 0 -1 -2 2 0 -1 0 0 0 0 0 1 0 1 1 0 1 0 0 0 0 -1 -3 1 0 1 -2 1 -1 0 3 0 -2 0 2 -1 1 -1 0 1 1 1 0 1 0 0 0 -1 0
-1 0 -1 0 0 0 0 0 0 1 0 0 0 0 0 1 1 0 0 1 0 -1 0 0 0 1 -1 0 2 0 0 0 0 -1 0 -1 0 0 1 0 0 0 0 1 0 -1 0 -2 -1 0 -1 1 0 0 -1 1 1 1 0 0 1 0 1 0 0 0 2 2 1 1 0 2 -2 1 -1 1 0 1 -1 -1 0 0 -1 1 0 -2 1 0 0 0 0 1 1 0 -1 1 0 0 0 0 -1 0 0 0 0 1 0 -1 1 -2 0 1 -1 0 0 0 -2 0 1 0 1 0 1 0 0 0 1 0 -1 2 1 -1 1 0 1 1 -1 -1 0 0 1 -1 -1 0 0 0 1 0 0 -1 -1 0 0 1 0 0 0 1 0 2 -1 0 0 0 0 1 1 0 -1 0 1 0 1 4 0 -2 1 0 0 1 1 0 2 -1 0 0 0 0 0 0 1 1 -1 -1 1 19 0 0 0 4 0 0 0 2 2 0 0 2 0 0 1 0 1 -1 2 -1 0 -2 -1 0 1 1 0 0 0 1 0 0 1 1 2 0 -1 0 0 0 0 0 0 0 1 0 -1 0 -1 -1 -1 1 0 -1 0 -1 2 3 0 3 0 0 0 1 0 -2 0 0 0 0 0 1 0 -1 1 0 1 -1 0 0 1 0 0 0 -1 2 -1 0 1 0 0 0 0 2 1 0 1 1 1 0 0 0 1 1 0 -1 0 0 0 2 0 1 -1 -1
-1 -2 -1 2 -1 1 0 1 0 0 0 1 0 0 1 0 -2 -1 0 0 -2 -2 -1 0 0 0 1 -1 1 0 -1 -1 -2 2 -1 1 1 0 0 0 0 0 0 0 0 0 0 2 0 0 1 2 1 -1 0 2 0 2 0 1 0 1 1 1 0 1 0 0 2 1 0 0 1 0 0 2 0 1 0 -1 0 0 -1 1 0 -1 0 1 0 0 0 -2 1 0 1 1 -1 0 0 0 -1 0 0 -1 0 0 0 1 1 0 0 0 -1 1 1 0 1 1 0 1 1 0 1 0 0 1 0 0 1 0 0 0 0 2 1 -2 1 1 1 0 2 1 1 -2 0 0 -1 1 0 0 0 1 0 0 1 2 2 0 0 0 1 0 1 0 0 0 1 -1 1 0 -1 1 0 0 -1 0 1 0 0 1 0 -1 0 1 1 0 1 -1 1 0 2 0 0 0 0 0 16 1 0 -1 1 0 0 2 0 -1 0 -1 0 0 0 1 0 0 2 -1 -3 0 -1 1 -1 1 0 -1 0 0 1 2 -1 0 0 1 1 -1 0 0 1 -1 0 0 -1 2 -1 0 0 0 2 1 0 0 0 -1 -1 0 -1 1 0 2 -2 0 2 0 0 -1 2 -1 0 1 0 -1 0 0 -1 0 1 3 1 -2 2 1 0 0 -1 0 1 0 0 -1 1 0 2 0 1 1 0 0 0 1 1 0 0 0 0 0 2 0 -1 0 -1 2
0 0 0 -1 2 3 0 0 -1 0 0 0 -1 0 1 -1 0 0 -1 0 0 1 -1 -2 1 0 0 -1 2 -1 0 -1 -1 -1 -1 0 1 0 -2 -1 1 0 0 1 1 1 0 -1 1 -1 -2 0 0 0 0 0 -1 2 1 0 1 0 3 1 0 0 2 0 -1 0 1 0 0 0 0 0 0 1 0 -2 -1 0 0 0 -1 -2 0 1 -3 1 0 0 0 -1 0 1 1 0 -1 -1 0 0 1 -1 0 0 3 1 0 -1 0 -1 1 -3 -1 -1 -2 0 0 -1 0 0 0 0 -3 -2 0 0 0 -1 -1 1 1 -1 2 -2 -1 0 1 -1 0 1 0 2 1 -2 0 0 -2 1 0 -2 0 2 2 -1 0 -1 0 1 -2 0 -1 -4 0 0 2 0 2 1 -1 0 0 -1 0 1 -1 1 -1 3 -1 -2 0 0 0 -2 1 0 1 0 0 0 1 3 2 0 1 21 0 0 0 -1 -1 -1 -1 0 1 0 -1 -3 -2 1 1 1 0 0 0 0 1 1 0 -1 2 0 0 1 1 0 -2 -1 0 0 1 0 2 -1 -1 0 1 0 0 1 0 1 0 0 0 -1 -2 -1 0 1 -1 0 1 1 2 2 -1 0 0 0 1 -1 0 0 0 1 -1 0 0 -1 -1 1 -2 0 2 0 1 0 0 -1 -1 -1 0 0 1 -3 1 -1 0 1 -1 -2 -2 0 0 1 0 0 1 -1 0 0 0 0 1 -1 0 0
1 0 -1 -2 1 0 -1 0 -1 1 1 0 0 0 0 1 0 0 -1 0 -2 0 -1 1 0 1 0 0 0 0 -1 0 0 0 0 1 -1 -2 1 -1 -2 -2 0 0 0 0 -1 0 0 0 -1 -1 0 0 -1 -1 0 0 -1 0 0 0 0 0 0 1 -1 0 0 0 2 1 1 0 0 0 0 0 0 0 1 -1 -1 1 1 0 0 0 1 0 1 0 0 1 1 -2 -1 0 1 1 0 -1 0 0 0 0 0 1 0 0 0 -1 0 -1 0 0 0 0 0 0 0 0 -2 0 -1 -1 0 1 0 0 -1 0 1 0 0 0 1 1 1 0 0 0 0 -2 1 0 1 0 1 -1 0 1 0 -1 0 0 -1 0 1 1 0 0 0 1 0 -1 0 0 -3 0 0 0 0 -1 -2 -1 0 0 0 0 0 1 -2 1 1 -1 -1 -1 0 0 0 0 1 -1 0 0 0 0 14 -1 0 0 0 0 2 1 0 0 1 0 0 0 1 0 -1 0 0 0 0 0 -1 -1 0 0 0 -2 0 0 -1 0 0 -1 -3 -1 0 0 1 0 2 0 0 0 -1 -1 0 1 0 0 1 1 0 1 -1 0 0 1 -1 0 -1 -1 1 0 0 0 -1 1 0 1 -1 0 -1 1 0 0 -1 0 0 0 0 2 1 1 0 0 0 0 1 0 0 0 0 0 0 -1 1 1 0 -2 0 -4 0 1 0 0 -1 -1 2 1 0 0
0 0 0 -1 0 0 1 0 0 0 1 0 1 -1 -1 0 0 1 1 2 0 1 0 0 0 3 1 1 1 1 0 0 0 1 1 0 1 1 0 0 0 0 0 0 -1 0 1 -1 1 0 -1 0 1 1 1 2 0 0 0 -2 0 1 1 0 0 -2 0 0 0 -1 0 1 -2 0 -2 0 0 0 1 -1 0 0 0 1 0 2 1 -1 0 1 0 0 1 1 -1 -1 2 2 0 0 0 0 2 0 1 0 1 2 1 -1 1 0 0 -1 0 0 -1 -1 -1 -1 0 1 0 0 -1 1 1 0 0 1 0 1 1 0 0 1 0 0 0 1 1 1 1 0 0 0 1 -1 0 -1 -1 -1 1 0 1 0 0 1 1 0 0 1 0 -1 0 1 1 0 0 0 0 0 1 2 1 1 2 -1 0 1 -1 0 1 0 -1 0 0 -2 0 1 -1 1 0 0 0 4 -1 0 -1 15 0 1 0 1 1 2 2 3 -1 1 1 1 0 1 2 -1 2 0 -1 0 0 1 -1 0 -1 0 0 0 0 -1 1 0 1 1 1 -1 -1 -1 0 0 -1 1 0 1 1 1 -1 0 0 0 0 0 0 3 0 2 0 1 0 2 1 -2 -3 1 0 1 1 0 0 0 1 1 1 -1 1 1 0 0 0 0 0 0 0 0 0 0 0 1 2 -1 0 1 0 1 0 0 0 1 0 0 1 0 0 0 0 0 2 1 -1 -1
0 0 3 1 -1 0 0 0 -1 0 0 0 1 0 2 -1 0 0 1 0 -1 0 0 2 0 0 0 0 1 1 0 0 0 1 0 1 -1 0 1 -1 0 0 -1 0 0 0 -1 1 -1 -1 3 1 1 -1 0 0 1 0 0 1 0 1 -1 1 0 0 0 0 0 0 0 0 -1 0 1 0 0 2 1 2 0 1 0 0 0 0 -1 1 1 0 -1 0 1 0 0 0 0 0 -1 0 0 0 0 0 1 0 1 1 0 0 0 0 0 0 3 1 0 0 1 0 0 0 1 0 0 1 -1 0 0 1 1 0 0 1 0 2 0 1 1 0 1 0 0 0 0 0 0 1 0 0 0 0 0 0 1 -1 0 0 0 0 0 1 0 0 0 1 0 1 0 1 1 0 0 1 0 0 0 0 0 -1 0 0 0 0 0 0 0 -2 0 1 0 0 0 0 -2 0 1 0 0 0 10 0 0 1 -1 0 0 0 -1 0 0 1 0 -1 3 0 0 0 1 -1 0 0 2 -1 1 0 1 0 0 0 -1 1 0 0 0 0 0 0 0 0 0 -1 0 1 0 0 1 0 0 0 0 -1 0 1 0 1 0 2 0 0 1 0 0 0 0 1 0 1 0 2 0 0 0 1 -1 0 -1 0 0 0 0 0 0 0 0 0 0 0 0 1 1 0 1 1 0 0 0 0 0 1 0 0 0 0 0 -1 0 -1 0 0
0 1 0 0 0 -2 0 0 -1 1 1 -1 0 0 0 0 0 0 -1 -1 0 1 0 -1 0 0 1 0 1 1 0 1 0 1 0 0 -1 0 0 0 1 0 0 0 0 0 0 0 0 0 1 0 0 0 0 0 -1 1 -1 0 0 0 0 0 -2 0 0 -1 1 0 1 -1 0 0 1 0 -1 1 -1 0 -1 0 0 0 1 0 1 -1 0 2 0 0 0 -1 0 0 -1 1 -2 0 0 0 0 0 0 1 -1 1 0 0 0 0 -2 0 0 -1 -2 0 -1 -1 0 0 1 0 -1 0 0 -1 -1 0 2 0 0 0 0 0 1 0 -1 0 0 -1 -1 0 0 0 -1 0 1 0 0 0 0 0 1 0 -1 0 0 -2 0 1 0 -1 1 0 0 1 -1 1 0 0 0 -1 0 0 0 0 1 -1 1 0 -1 0 0 0 0 -1 -1 -1 -1 -1 0 0 1 0 0 -1 0 1 0 13 0 -1 0 0 0 -2 -1 0 1 0 0 1 0 0 0 0 0 0 0 0 0 -2 0 -1 0 -1 1 -1 0 1 0 0 0 -1 -2 -1 1 0 1 -1 0 0 0 0 0 0 0 0 0 2 0 0 0 -1 0 -1 0 0 0 0 1 1 0 1 1 0 0 1 0 0 0 1 0 1 0 0 -1 0 0 0 0 0 0 0 0 0 0 0 0 0 0 1 -1 -1 0 1 0 0 -1 -1 0 0 1 -3 0 -1 -1 0
0 1 0 2 1 -2 1 1 0 0 0 -1 -2 0 1 1 2 0 0 0 0 -1 0 0 1 -2 0 1 0 2 0 0 0 1 -1 0 0 0 1 0 1 0 0 1 -2 1 1 -1 0 -1 -1 0 0 1 0 1 0 1 0 1 -2 0 1 0 -1 0 0 -2 1 1 -1 1 0 0 -1 0 0 -1 0 0 3 0 0 1 -2 0 -1 1 0 2 0 0 0 1 0 1 1 1 -2 0 0 -1 0 1 1 2 0 0 1 0 -1 1 0 1 1 -1 1 0 0 1 0 0 1 0 0 0 -1 1 0 1 1 0 -2 0 -1 0 0 -1 0 -1 0 0 -2 0 1 -1 0 -1 0 -1 0 -1 0 -1 0 1 4 -1 -1 0 2 1 1 -2 0 1 0 -1 -1 1 -3 1 0 2 -2 -2 1 -1 1 2 0 0 1 -2 -1 2 -1 -1 0 -1 2 1 1 -1 0 0 0 -1 0 0 0 0 19 -1 1 -2 -1 1 0 -1 1 -1 2 -1 -1 0 1 0 2 1 1 0 0 0 0 0 1 1 0 -2 0 -1 -1 -1 0 -1 1 0 -1 2 -1 0 -5 -1 1 0 1 -1 2 -1 0 1 0 1 0 0 0 1 2 1 -1 1 0 1 1 2 0 0 0 1 -1 -1 -1 0 2 0 -1 0 0 0 -2 -1 -1 0 -1 0 0 -1 3 -1 -1 -1 0 1 0 1 2 0 1 -1 1 0 0 0 0 2 0 -1 1 1
2 -1 1 2 0 1 0 0 -2 0 1 0 0 0 3 0 -2 1 1 0 0 0 -1 1 0 1 0 2 0 1 0 1 2 3 1 0 0 0 0 0 1 0 2 0 1 1 1 2 1 0 0 1 0 0 -1 0 0 0 3 0 0 0 0 2 1 0 2 1 0 2 0 2 0 0 0 1 0 -1 0 1 -1 2 1 1 0 1 0 -1 0 -1 0 0 0 0 0 1 -1 0 0 1 2 0 0 1 2 0 2 -3 0 -1 0 1 1 1 3 4 1 0 0 -1 0 0 2 0 1 2 1 0 1 1 1 1 2 1 1 1 1 1 -1 1 -1 1 1 0 -1 0 0 1 0 0 1 1 0 1 -1 2 3 0 -1 0 1 0 1 3 -1 -1 1 1 -1 1 0 0 0 -2 0 2 3 2 0 0 -2 0 1 0 0 0 1 0 -1 -2 1 1 1 -1 1 2 2 -1 0 1 1 -1 -1 24 3 2 0 0 0 0 0 1 0 3 2 -1 0 0 -1 0 0 1 2 0 0 2 -1 1 0 -1 3 0 1 0 1 1 1 -1 0 -1 0 0 1 -1 1 -2 0 1 0 1 -1 0 0 1 -1 2 0 1 2 -1 -1 -1 2 0 1 1 -1 0 1 1 0 1 1 0 0 -1 0 0 0 0 -1 0 0 -1 1 0 0 0 3 0 1 2 1 0 1 -1 0 1 0 1 -1 0 0 0 0 2 1 -1 1 -1
0 1 0 1 -1 -1 0 0 -1 0 0 0 -1 0 1 1 0 -1 0 1 0 0 0 -1 0 -1 1 0 -1 0 0 0 0 0 0 0 0 -2 0 1 2 -1 1 -2 -1 0 -1 -1 1 0 -2 1 -1 0 0 -1 2 0 0 0 -1 0 1 0 0 1 1 0 0 0 0 2 1 0 -1 1 0 0 1 0 -1 0 0 0 0 2 0 -1 1 -1 1 0 0 0 1 1 0 -2 1 0 1 0 0 0 -1 0 1 -1 0 2 0 0 0 0 0 0 -1 0 -1 1 -1 0 0 -2 0 -1 -1 1 0 1 2 1 2 -1 1 -1 1 0 -1 0 0 0 -1 0 0 -1 0 0 1 0 0 -2 0 1 -2 0 2 -1 0 0 0 -1 0 0 1 1 0 0 -1 0 0 0 1 1 -1 -1 2 3 0 2 -2 1 0 -1 0 0 -1 0 1 0 0 3 0 1 0 2 0 -1 2 1 -1 0 1 3 17 -1 0 0 0 0 0 0 1 -1 0 1 0 -1 -1 0 1 -2 -2 0 -1 1 0 0 2 0 2 1 -1 3 0 0 0 0 1 1 0 0 0 -2 0 1 -1 0 0 0 1 0 -2 -1 1 1 1 0 0 0 -2 0 1 0 0 1 0 -1 -1 2 -2 0 -1 0 0 1 0 0 0 0 -2 -1 0 0 0 -1 -2 0 0 0 -2 1 0 -1 1 0 0 1 2 0 1 0 0 0 0 1 -2 -1 0 0
1 0 -1 -1 1 1 -1 -1 0 0 1 0 0 1 -1 0 0 1 0 1 1 0 0 0 0 2 -1 1 0 1 -1 0 0 1 0 0 3 0 -1 1 0 0 0 1 0 1 0 0 -1 1 1 1 -1 1 0 0 0 1 1 0 0 0 1 1 1 -1 0 1 0 0 1 1 0 0 -1 -2 -1 1 -1 4 -1 0 0 0 -1 0 1 0 0 2 0 -1 0 0 0 2 1 2 1 0 0 1 2 0 0 0 -1 0 1 0 0 0 2 -1 -1 1 0 0 -1 -1 0 0 0 -1 1 -1 0 -2 -1 0 0 1 1 1 1 0 0 0 0 0 0 0 0 0 -1 1 -1 0 0 1 0 1 0 0 3 -2 -2 0 1 0 0 0 0 0 0 -2 0 1 -1 1 -1 0 2 0 0 0 0 1 1 0 0 0 0 1 1 -1 0 -1 0 0 0 0 -1 -1 0 0 -1 0 1 2 0 0 -2 2 -1 17 1 1 -2 0 1 0 -1 1 1 -1 0 1 -2 1 -1 0 0 0 0 0 -1 0 1 0 0 0 -1 1 0 1 -1 1 0 0 -1 1 1 2 1 0 0 0 1 1 0 -1 1 0 -1 2 0 0 2 2 0 0 0 0 -1 1 -3 0 1 -1 -2 1 1 0 0 -2 1 -1 0 0 1 2 -2 0 1 1 0 0 -3 1 0 1 0 1 1 0 0 1 -1 -1 1 0 1 -1 0 0 0 0 1 0
0 -1 0 0 -2 -2 0 0 0 0 -2 -1 0 -1 0 0 -1 0 0 0 1 2 -1 -1 2 -1 2 1 1 -1 -1 0 0 0 -2 0 0 0 0 0 0 0 0 -1 -1 0 2 0 0 1 -1 -1 0 1 1 1 1 -1 0 -1 0 -1 0 0 2 -1 1 0 -1 0 0 1 -1 0 -1 0 -1 -1 0 1 0 0 0 0 -1 0 -1 -2 0 -1 -1 0 1 0 -2 0 0 1 1 0 1 0 0 -1 0 0 -1 1 0 0 0 -1 -1 -2 0 1 0 -2 -2 0 1 0 0 -1 -1 -1 0 2 0 0 -1 2 1 0 0 0 -2 0 0 1 -1 0 0 0 0 0 0 -1 1 0 0 -1 0 0 1 0 0 -1 0 0 1 0 0 0 0 0 1 1 -1 0 0 0 1 2 1 -1 0 0 -1 0 0 0 -1 1 1 0 0 -1 0 0 1 0 0 1 0 0 0 1 0 2 0 0 -1 0 0 1 15 0 -2 0 1 1 0 -1 0 2 0 1 0 0 0 1 1 2 0 0 0 0 0 -3 -1 0 -1 0 2 0 -1 0 1 0 0 0 0 -1 1 -1 0 0 0 0 -1 0 0 0 -2 1 0 -1 0 2 -1 1 0 1 0 0 0 0 1 0 0 1 1 0 0 1 -1 -2 0 1 0 -1 2 -1 0 1 0 0 1 -2 0 0 0 -1 0 1 0 1 -1 0 -1 0 0 -1 0 -1 1 -1 0 -1
-1 0 0 1 2 3 1 0 -2 0 0 0 2 1 0 0 0 0 0 3 0 -1 -1 4 0 -2 0 0 0 1 -1 0 0 0 1 0 3 1 0 0 0 1 0 1 0 0 1 1 0 -1 -1 0 1 1 -1 0 0 -1 0 0 -1 1 3 1 0 -1 0 -1 -1 1 1 1 1 1 -1 0 1 2 -1 -1 -2 0 0 2 0 -2 1 1 1 2 1 2 0 1 -3 0 1 1 0 1 0 1 -2 0 0 1 0 1 1 -1 -1 0 1 1 0 0 -1 0 2 1 0 1 0 1 -1 -2 1 0 0 0 -1 -1 0 -1 0 0 0 -1 2 1 3 0 0 -1 2 -1 -1 0 0 1 0 1 1 0 0 0 0 1 -1 0 -3 0 0 2 -2 -1 -1 0 1 0 0 0 0 0 -1 0 0 1 0 3 1 1 0 0 0 2 0 1 -1 0 2 0 -1 -1 -2 2 -1 0 0 3 0 -2 1 0 0 1 0 25 0 -2 2 0 0 -3 0 0 2 0 0 0 -1 0 0 0 2 0 1 0 2 0 1 0 0 -1 0 2 1 2 -1 -1 -1 1 0 1 0 0 -1 1 0 -1 -1 1 -1 1 0 2 0 1 0 0 -3 -1 -2 2 2 -1 -1 0 0 0 0 0 -1 -1 1 -1 0 0 0 1 0 -1 0 1 0 0 -1 1 -2 0 0 0 0 1 1 0 0 2 0 2 0 1 1 -1 -1 2 0 0 -2 -2
0 1 -1 -2 -1 -1 0 -2 0 0 1 1 2 0 -1 1 -2 -1 0 0 -1 -2 0 1 1 -1 0 0 0 -1 0 -2 3 -2 -1 0 0 1 0 1 0 0 0 0 1 0 1 1 -1 0 0 -3 -1 0 -1 1 -2 0 2 -1 -3 -1 0 -1 0 1 -1 2 0 -2 0 1 -1 0 -2 2 1 -3 -1 0 1 0 -1 0 1 0 -1 -1 0 -1 0 0 0 -1 1 -1 -2 -1 3 0 -1 -1 0 -2 0 0 1 0 -2 -1 -1 0 0 0 3 1 0 1 -1 -1 2 1 -1 0 0 -3 -1 0 -1 0 -1 -1 0 -1 0 -3 0 -1 0 1 -1 -1 -2 -1 0 1 -1 -2 -1 -1 -1 -4 -1 -1 -1 0 0 -1 0 0 -3 -1 0 0 0 1 -2 -1 0 1 1 1 -1 1 -1 1 0 0 1 -4 0 1 1 -2 -1 0 0 2 0 -1 1 2 -1 1 1 0 0 -1 1 -1 -1 -1 0 0 0 -2 -2 0 22 0 0 0 -1 1 0 -1 1 0 -1 2 0 2 -1 -1 1 -2 0 0 0 0 0 -1 0 0 1 1 2 0 -1 1 1 1 2 -2 -1 -1 0 1 -2 0 0 -1 0 -1 -1 1 0 -1 -1 -1 -2 2 -2 0 -1 -1 0 -1 0 1 1 1 4 0 1 1 0 0 0 0 2 -1 -2 1 0 -1 -2 0 1 0 2 1 -1 1 -2 0 0 1 0 0 0 1 1 0 -1 -2 0 1 0 0
-1 -1 0 1 -2 1 0 0 1 1 0 0 0 0 -1 -1 2 0 0 0 0 0 0 -2 0 1 0 -1 1 0 -2 2 0 -1 0 2 0 0 0 0 0 0 0 0 1 0 0 -1 0 0 -1 -1 -1 1 0 1 0 2 1 -1 2 -2 1 -2 -1 0 0 -2 0 -2 0 -1 0 0 1 -1 1 0 0 0 0 0 0 0 0 1 2 0 2 0 0 0 0 2 0 0 0 0 0 0 1 0 1 0 0 -1 0 0 0 0 0 1 0 1 0 0 0 1 -1 1 1 0 1 0 0 2 2 0 0 -2 -1 0 -1 1 0 0 -2 1 0 1 0 0 -1 -2 0 0 0 0 0 -1 -1 1 1 1 1 -1 0 1 2 -1 2 0 2 1 0 1 -1 0 -1 -1 -1 0 -2 0 0 0 2 -1 -1 -1 -1 1 1 0 0 1 1 1 0 -1 -2 0 0 0 1 0 0 -3 0 1 0 0 -1 0 0 0 0 -2 0 20 4 1 0 0 0 0 -1 1 0 -1 0 1 -1 0 -1 0 -1 0 -1 -1 1 0 1 -1 0 0 0 0 2 0 1 1 0 1 0 0 1 0 1 0 0 0 0 0 0 0 0 0 -1 -1 -1 0 0 -1 0 3 0 -2 1 1 0 0 0 1 1 0 0 0 0 -1 0 2 1 0 1 0 0 1 2 0 0 -1 1 0 0 0 -1 0 1 0 0 1 2 0 1 1 0 0 0 1
0 0 0 2 -2 -1 0 0 -1 0 -1 -1 2 0 0 0 1 0 0 0 0 0 0 1 0 -1 1 1 0 0 0 0 0 0 -3 2 2 -1 0 1 0 0 0 0 0 -1 -1 0 0 1 -1 0 2 1 -1 0 0 -1 0 -2 0 1 2 0 0 0 0 -1 1 0 -1 1 0 1 0 0 -1 1 0 1 -1 0 0 1 0 1 2 -1 0 0 1 1 -1 1 0 0 -1 0 1 0 0 0 0 1 1 1 -1 1 -1 -1 2 0 -1 1 0 0 0 0 1 2 0 1 0 1 0 3 1 0 -2 1 -1 0 -1 0 -1 0 -1 -1 0 0 0 -1 1 -1 1 0 0 -1 0 0 0 1 0 -1 0 0 0 -1 0 -1 0 0 1 1 1 -1 -2 1 0 0 1 0 -1 -1 0 0 0 0 0 0 1 0 0 0 0 1 0 1 0 -2 0 1 -1 0 2 1 0 -2 0 1 0 1 1 0 0 1 1 2 0 4 16 1 0 0 1 1 -1 -2 0 0 0 1 0 -1 1 0 -1 0 1 -1 1 3 -2 0 -1 -1 0 0 0 1 0 1 0 1 1 0 0 0 1 0 -1 -1 1 0 0 0 0 2 0 0 1 -1 2 0 2 1 0 0 1 0 0 -1 1 -1 1 0 1 0 0 3 0 1 -1 -2 0 0 0 0 0 0 0 -1 0 0 -1 -2 0 0 2 1 0 1 2 0 0 2 -1 -1 1 0
0 -1 1 0 0 -1 0 -1 0 -1 1 0 1 1 2 0 1 0 0 0 0 0 1 0 0 0 0 2 0 0 0 0 1 -1 0 0 -1 0 0 0 0 0 1 0 -1 1 -1 0 0 1 0 0 2 -1 0 0 1 0 0 -1 1 0 0 0 0 0 0 0 0 0 0 0 -1 0 2 1 0 1 0 0 1 1 0 1 0 0 0 0 -1 1 2 0 1 0 0 0 0 0 1 0 1 0 0 0 1 1 0 1 0 0 0 0 -4 0 1 1 2 0 1 1 0 1 0 1 -1 0 0 0 0 0 -1 0 0 0 0 0 0 1 -1 0 0 0 -1 0 0 0 0 1 0 0 0 0 0 1 -1 0 1 0 0 0 -1 0 0 0 0 0 1 0 1 0 0 0 0 1 0 -1 0 -1 0 -1 0 0 0 1 0 0 1 0 0 -1 1 0 -2 1 0 0 1 1 0 1 1 0 -1 1 0 0 1 0 0 1 1 11 0 3 1 0 1 0 0 -1 0 0 1 1 0 1 0 0 0 0 0 1 0 0 0 0 -1 0 -1 0 0 0 -1 -1 0 0 0 1 0 0 0 0 0 0 1 0 0 0 0 0 1 -1 0 0 0 -1 0 0 0 1 0 -1 0 0 0 0 1 -1 0 0 -1 1 1 0 1 0 0 0 0 1 0 0 0 1 0 0 0 -1 -1 0 1 0 0 1 -1 -2 1 -1 0 0
0 1 1 -1 1 0 2 1 0 0 0 0 0 2 0 1 0 0 0 0 -1 -1 0 3 2 1 0 1 1 -1 0 1 -1 1 -1 0 1 1 2 0 1 1 1 0 -1 -2 0 4 0 1 -2 0 0 0 0 0 2 -1 -1 0 -2 0 0 0 -1 3 0 1 0 0 0 0 -2 0 0 0 0 -2 0 0 0 0 0 0 0 0 1 1 0 0 0 -2 0 0 0 2 1 0 2 0 0 1 0 1 0 1 2 0 0 -1 -1 0 2 0 -1 -1 1 0 1 1 0 -1 0 0 2 -2 0 2 1 0 1 0 1 0 1 0 0 0 0 -1 0 0 -1 1 2 0 0 0 -1 0 1 -1 -1 0 -1 0 1 0 1 -2 0 -1 -1 1 0 1 1 1 1 0 -1 0 -1 1 0 0 0 -1 0 2 -1 1 0 1 0 0 0 0 1 0 0 1 2 -1 0 1 0 1 1 0 0 0 2 0 1 -1 0 0 -1 0 0 0 16 0 1 0 0 0 2 1 1 -2 0 0 0 0 2 0 0 -1 -1 0 0 -2 -1 -1 0 0 1 0 0 1 -2 0 0 0 1 0 0 0 0 0 1 0 0 1 -2 0 0 1 -2 0 1 0 2 2 0 -1 -1 0 0 0 -1 0 0 0 0 -1 0 0 -2 0 0 0 2 0 0 -1 -1 0 0 0 0 -1 0 1 0 -1 0 -1 -2 1 -1 0 1 1 0 2 0 1
1 0 -3 -1 1 -2 0 -1 -1 0 2 0 0 1 0 0 -1 0 0 1 0 0 0 -1 -1 0 1 1 1 0 0 0 -1 0 0 -1 0 1 0 0 0 1 1 0 0 0 1 1 2 3 1 0 2 -2 0 0 -1 1 1 0 0 0 -1 2 1 1 0 2 0 -1 -1 -1 1 -2 0 4 0 0 0 0 -1 0 0 1 -1 1 -1 0 -1 -1 1 -1 1 0 0 1 -1 1 0 1 0 2 1 0 2 -1 2 1 0 -1 1 2 -1 0 -1 0 1 -1 0 2 2 0 -1 -2 1 1 -1 -1 0 0 -3 1 1 0 1 -2 -1 0 -1 -1 1 1 0 0 1 0 0 0 -2 0 1 0 -1 -3 1 0 0 -1 0 0 1 2 0 0 -1 1 0 0 -1 0 0 0 1 1 -2 0 0 1 -1 0 -1 1 -1 0 1 1 0 1 -1 0 0 1 -3 -1 0 -1 0 1 0 1 -1 1 -1 3 -1 1 -1 -3 1 0 0 3 0 25 2 -1 0 0 2 0 -1 1 -2 1 0 0 3 1 0 -2 2 -2 1 -1 0 0 0 -1 0 0 0 -1 1 -1 -1 1 1 0 0 0 2 0 -1 0 0 1 0 1 1 0 2 0 1 0 -1 0 0 2 0 0 0 -2 2 -1 -1 0 1 0 0 0 0 1 1 1 1 0 -1 0 0 1 1 3 1 1 -1 1 0 -1 -1 1 1 0 1 0 1 1 1 1 2 0
1 0 1 2 -1 1 1 -1 -2 0 0 1 3 4 -2 -1 0 2 2 -1 -1 -1 -2 0 -2 1 -3 0 0 0 0 0 -2 0 -1 -2 0 2 0 -1 1 0 3 0 0 0 0 1 2 2 0 1 2 0 1 2 1 1 0 0 1 1 0 1 0 -1 -1 1 0 1 0 0 -2 0 1 -1 1 0 2 1 1 0 1 1 1 1 0 1 0 0 -1 -1 -1 -2 0 3 -1 0 1 -2 1 0 1 -1 2 1 1 1 1 0 -2 1 1 -1 -1 0 -1 3 0 1 1 2 2 0 1 0 1 -1 0 -1 3 1 0 1 0 1 -1 1 -2 1 1 -2 1 -1 1 1 0 1 2 0 1 0 -1 -1 -2 1 0 1 0 0 0 0 0 -1 1 0 0 0 1 0 1 1 1 1 2 -2 1 2 1 -1 0 0 1 0 -1 -2 -2 0 -1 1 1 1 -1 1 1 2 2 0 -1 2 3 0 -1 2 0 1 0 0 0 0 1 1 1 2 24 0 -1 0 1 0 0 1 0 -1 1 1 2 0 1 1 2 0 0 1 0 -1 2 1 1 0 1 0 0 1 1 -1 0 0 0 1 0 -1 0 1 0 0 0 1 0 0 0 -1 0 1 0 0 0 1 0 2 2 0 3 0 0 0 2 -1 0 1 2 -2 1 0 2 -1 1 1 -2 0 1 1 2 0 0 0 0 -1 0 1 2 0 0 -1 1 1 0 0 2 0
2 0 1 1 -1 0 0 -3 -1 0 -1 0 0 -1 0 0 0 1 0 0 0 -1 0 0 0 0 -1 0 -2 -1 1 0 0 1 0 2 0 0 1 0 0 1 0 0 1 1 0 0 0 0 1 0 1 1 1 0 0 0 -1 -2 2 -2 -1 0 1 -1 0 0 0 -1 0 0 -1 0 1 0 -1 2 0 -1 2 0 0 0 0 0 -1 0 1 0 0 1 1 0 0 -2 -1 -2 -1 0 2 0 0 -1 0 0 0 -1 -1 1 0 0 0 1 -1 0 0 -3 0 0 -1 0 0 0 0 1 0 1 1 0 0 -3 -1 0 2 0 0 0 1 0 1 -1 1 -1 0 1 0 0 0 -3 1 0 -1 -1 0 1 2 0 0 -1 0 -1 0 -2 -1 0 -2 -1 -1 -1 1 2 -1 1 0 2 0 -1 0 0 0 -1 -2 0 -2 -1 0 1 2 -2 -2 1 -2 0 0 -1 -1 0 0 -1 0 0 0 -1 1 -1 2 0 -1 0 1 0 0 -1 0 19 -1 -1 -2 0 0 0 -1 0 0 0 -1 0 3 -1 0 0 1 0 -2 -1 1 1 0 -1 1 -1 1 0 -1 0 0 -2 0 0 2 1 -1 0 1 -1 0 1 -2 0 -2 2 0 0 1 0 0 0 0 0 0 0 1 0 0 0 0 0 -1 0 0 -1 1 0 -1 0 0 0 1 -1 0 -1 1 -4 0 0 0 0 0 0 -1 0 0 0 0 1 0 -1 0 0
-1 2 -1 -2 1 0 0 0 0 0 3 1 0 1 0 1 -1 0 1 -1 1 1 0 -3 2 -1 1 -1 0 0 0 1 1 -1 2 -2 1 1 1 1 2 1 -1 0 1 0 1 1 -2 -1 1 0 0 -1 -2 0 1 -1 0 1 -2 0 0 2 0 0 0 1 0 1 1 2 2 0 -1 0 2 -1 1 -1 0 0 1 -1 -2 0 -1 1 1 -1 0 3 0 2 0 1 1 1 4 1 0 0 -2 -1 0 2 -1 1 1 0 0 -1 2 0 0 1 1 -1 -1 3 1 0 0 0 2 2 -1 2 0 0 0 0 0 0 0 0 0 0 3 0 -1 2 -1 1 -2 -1 -1 2 1 1 0 -1 0 0 -2 2 0 -1 0 -1 0 0 -1 3 0 2 0 0 1 2 0 1 1 0 -1 -1 0 -1 0 -2 0 0 0 0 0 -1 2 1 2 2 1 -2 0 0 -1 0 -3 0 0 2 0 0 1 0 0 0 0 2 1 -1 -1 1 0 0 -1 -1 25 0 0 1 0 -1 1 0 1 1 1 0 0 -1 0 0 -2 3 -1 1 0 1 0 2 -2 0 3 1 0 0 1 0 3 0 0 -1 2 0 1 4 1 0 1 -1 -1 2 0 2 0 2 -2 1 0 1 1 1 -3 -2 0 0 -3 -1 2 2 -2 1 0 -3 2 -1 1 1 1 1 -1 1 1 1 -1 0 1 1 0 0 1 -1 0 1 0 -1 0 -1 0 -1
0 0 0 -1 0 0 -1 0 0 0 0 0 0 0 0 -1 0 0 0 0 0 1 3 -1 0 0 0 0 0 0 -1 0 0 0 0 -1 -1 0 0 0 0 0 2 1 0 1 1 0 0 0 0 1 0 0 2 0 0 0 0 0 0 0 1 1 -1 0 -1 0 0 0 0 -1 0 -1 1 0 0 0 0 0 0 0 0 0 0 0 -1 2 -1 0 0 0 0 1 0 0 2 0 0 0 -1 0 0 -1 0 0 0 0 0 1 0 0 0 -1 0 0 0 1 0 0 0 0 0 0 0 -1 0 0 0 0 0 2 0 1 0 0 2 0 0 0 0 1 -1 0 0 0 -1 1 0 0 0 0 0 0 1 0 -1 0 0 0 2 0 -1 -1 -1 1 0 0 0 0 -2 0 0 0 1 2 1 0 0 0 0 0 0 1 0 0 1 1 1 0 0 0 0 1 1 -2 0 0 0 0 0 0 0 0 -1 1 1 0 0 1 -2 0 0 0 0 -1 0 10 0 0 0 0 0 1 0 -2 0 0 -1 0 1 -2 2 0 1 0 1 0 0 -1 0 0 0 0 0 0 0 1 0 0 1 0 -1 0 1 0 -1 -1 -1 0 0 0 0 0 1 1 -1 1 0 1 -1 0 0 1 1 0 0 -1 0 -1 -1 1 -1 0 0 -1 0 0 -1 0 0 -1 -2 0 3 1 0 0 -2 -2 0 0 0 0 0 0 0 0 -1 1
1 0 1 0 3 0 2 1 0 0 -1 0 0 3 0 3 0 1 0 -1 0 1 -1 2 2 0 -1 1 0 1 1 1 0 0 1 1 -2 0 2 0 0 0 1 0 0 1 -1 0 2 0 1 0 1 0 0 0 0 1 1 0 -2 1 1 0 0 -1 1 0 0 1 0 0 1 0 0 1 2 -3 0 1 0 1 0 2 1 0 -1 1 0 0 0 0 0 2 0 3 0 0 -2 -1 2 0 0 0 0 0 2 0 0 0 0 0 1 2 -4 -1 1 0 0 0 1 0 0 1 0 0 -1 -1 -1 -2 0 1 0 0 -1 1 0 -1 0 -1 0 -1 0 2 1 -1 5 1 1 0 0 1 0 0 0 1 1 0 0 1 1 2 -1 1 -1 1 0 3 2 0 1 1 1 0 -1 -1 -2 0 0 -1 0 -1 0 2 0 -1 -2 -2 1 0 0 0 2 0 1 -1 -1 1 0 -1 1 0 2 -1 -1 -2 0 0 -1 0 0 0 2 2 1 -2 0 0 19 1 0 -1 0 0 0 1 1 0 0 0 1 0 0 0 0 1 0 0 0 1 0 1 1 0 1 0 0 0 0 1 0 0 0 0 1 0 0 2 1 -1 0 1 0 1 0 0 0 0 0 4 0 -1 1 0 0 -1 0 -1 0 0 0 0 1 1 1 0 0 -1 1 1 0 -1 0 0 0 0 1 0 0 -2 0 2 0 1 1 1 0 0 1 -1
0 0 -2 -1 2 0 0 0 -2 2 0 1 1 1 -2 1 0 0 0 0 1 -2 0 1 2 0 1 1 0 0 0 0 -1 0 -1 -1 2 0 1 1 0 0 0 0 -1 1 2 1 -1 0 -1 0 0 0 0 -1 0 1 0 1 0 0 2 1 1 -1 1 -1 1 1 0 -1 1 1 -3 0 0 -1 0 3 1 -1 0 -1 0 0 -1 -1 1 0 1 0 0 0 0 0 0 0 0 0 0 1 0 2 0 -1 2 0 -1 0 0 -1 -1 2 -1 -1 -1 0 1 -1 0 0 1 -1 0 -1 0 0 0 -1 -1 -1 1 -1 0 -2 0 1 1 0 1 2 0 1 0 -2 2 -1 0 0 -1 -3 0 1 0 -2 0 0 0 -1 -1 -1 0 0 1 0 1 3 -1 -1 -1 0 2 0 0 2 0 1 0 -1 0 0 2 0 -1 1 0 0 0 0 0 0 -1 -1 0 0 1 1 0 0 -1 0 1 0 0 1 0 0 2 -1 0 -1 1 0 0 0 1 0 1 19 0 -1 1 0 -1 -2 1 0 1 0 0 0 0 -1 1 0 2 -1 0 0 0 -2 -2 2 1 1 0 0 0 1 0 -1 -2 0 0 0 0 1 0 -3 0 1 0 0 0 -1 -1 1 0 1 2 0 0 -1 -2 2 1 -1 1 1 0 0 -1 0 -1 0 0 -2 3 0 0 0 -1 0 -2 0 -1 -1 1 -1 0 0 0 -1 1 -1 1 1 0 -1
1 1 0 1 0 0 0 0 -1 0 0 -2 0 0 0 1 1 0 1 1 0 1 0 -1 1 0 -1 0 0 0 -1 0 0 0 0 0 0 1 1 0 1 1 0 0 -2 0 0 0 0 2 0 -1 -1 0 0 0 0 1 1 -1 0 0 2 0 0 2 1 0 0 0 0 0 0 0 0 1 0 -1 2 -1 -2 0 1 0 1 0 0 1 0 0 2 1 0 0 0 1 0 1 -1 1 -1 -1 0 -1 -1 1 1 -1 1 1 1 0 1 0 -1 0 -1 0 0 0 -1 1 0 1 1 0 0 1 0 1 -1 -1 0 0 0 2 0 -1 0 1 0 1 0 0 0 0 0 0 0 0 0 1 -1 0 -1 1 1 0 -1 0 0 -1 0 1 1 0 0 0 0 0 0 0 1 0 0 -1 0 0 0 0 0 -1 0 1 0 1 0 1 1 -1 -1 1 0 1 0 1 -1 0 -1 0 0 0 1 0 1 -1 0 -1 0 0 0 0 1 -1 0 0 0 0 0 0 11 0 0 -1 0 2 0 -1 1 0 0 0 1 -1 0 1 0 0 -1 1 0 0 2 1 0 0 -1 0 0 0 0 0 0 1 -1 2 -1 0 0 2 1 0 0 0 0 1 0 1 0 0 1 -1 1 1 0 1 0 1 0 0 0 1 0 0 1 0 0 0 0 -1 0 -1 0 0 0 -1 0 -1 0 1 0 0 0 0 -1 0 0 0 0 1
0 0 -2 1 -1 0 -1 0 2 -2 0 -1 0 -1 -2 0 0 0 0 -1 0 0 0 2 1 0 0 0 -1 0 0 0 0 1 0 1 -1 2 0 0 0 0 0 1 0 0 1 0 0 -1 1 1 0 0 0 1 0 0 2 -3 0 0 0 0 2 1 1 2 -2 0 0 0 -1 0 0 0 -1 0 0 0 0 0 0 0 0 0 1 0 0 1 0 1 1 0 0 0 0 0 -2 0 -2 0 -1 -1 0 0 0 0 0 0 0 1 1 0 1 1 0 0 1 0 1 -1 -1 1 1 0 1 -1 0 1 -1 1 -2 0 1 -1 -1 0 0 -1 0 -1 2 0 0 2 -2 0 0 0 1 0 -1 -1 1 0 0 0 0 2 0 -2 2 0 0 0 0 0 -1 0 0 1 -2 1 2 0 -1 0 1 -1 1 0 1 -1 -1 0 1 -1 -1 0 1 1 -1 0 0 1 1 -1 -1 1 0 0 0 1 -2 0 1 0 2 1 1 0 -2 1 1 0 -1 0 -1 -1 0 13 0 1 1 0 -1 0 0 0 0 -1 0 0 2 -1 0 0 0 0 0 0 0 -1 0 -1 0 -1 -1 0 0 0 1 0 -2 1 1 0 0 0 0 1 0 0 0 0 0 -1 0 -1 1 0 1 0 1 0 -1 -1 0 0 0 -1 -1 0 0 0 1 1 0 0 3 0 -1 1 1 0 0 0 1 1 1 2 1 0 1 0 -1 -1 1 0
1 0 1 1 1 -1 -2 1 -1 0 1 1 0 -2 -1 0 0 0 0 -1 1 0 0 1 -1 -1 1 0 0 0 0 0 0 1 -1 -2 -1 1 0 -1 -1 1 1 -2 1 1 -1 0 -1 -1 -1 0 0 -1 -1 0 1 0 1 1 0 -1 0 -1 -1 0 1 0 -1 1 0 1 1 0 1 -1 -1 2 0 0 0 1 0 0 0 0 0 0 0 0 -1 0 1 -1 0 0 0 0 -1 0 0 0 -1 0 -1 -1 0 0 -1 1 0 -2 0 -1 0 1 1 0 1 0 0 0 0 0 0 -3 -1 -1 -1 0 1 -1 0 0 0 2 0 0 0 0 0 2 1 0 1 0 0 -1 1 0 -1 2 0 0 -1 -2 -1 1 -1 1 0 0 1 -1 1 2 1 1 1 0 0 -2 0 1 0 0 0 -2 1 -2 0 -2 1 0 0 -1 0 -1 0 -1 0 -2 -2 1 0 0 0 2 0 -1 2 0 0 2 -2 0 1 0 -1 -1 0 1 0 -2 0 -1 1 0 0 1 0 0 18 0 2 -1 1 0 -1 1 0 1 -1 0 -1 -2 0 0 -1 0 0 -1 -1 1 1 -1 1 0 0 0 -2 1 0 1 -1 0 0 -1 0 0 1 -1 0 0 0 -1 -2 1 0 0 0 0 1 0 2 1 1 0 0 0 0 1 1 2 0 0 0 -1 0 0 -1 -2 -1 0 0 0 0 -3 0 1 1 0 0 -1 0 -2 0 0 -2 0
0 -1 1 1 1 -1 0 -1 1 3 1 0 1 0 0 0 1 -1 0 0 0 -2 2 0 -1 1 1 0 1 0 4 0 1 4 0 0 -1 0 0 1 -1 0 0 1 0 0 2 0 0 2 0 -1 0 1 0 -1 -1 -2 0 0 1 0 0 -1 -1 0 1 0 0 0 0 1 1 0 -1 2 -1 -2 -1 2 2 1 0 1 1 0 1 0 0 0 0 1 2 -1 0 -1 0 0 0 0 0 1 0 -1 1 0 0 0 0 0 1 0 -1 1 0 2 1 0 0 -1 1 -2 0 1 0 0 0 0 0 1 1 0 -1 0 0 0 0 1 2 -1 1 0 -1 0 0 0 0 0 -1 1 -1 0 0 0 2 -1 1 0 0 -1 0 1 -1 0 0 0 0 0 -1 0 0 0 0 0 3 1 0 0 -2 0 1 0 0 0 0 0 1 0 0 0 0 0 0 1 0 0 -1 0 0 0 -1 -2 0 0 0 0 2 0 -1 0 -1 1 0 1 -1 0 0 1 0 0 -1 1 0 19 0 1 -1 1 0 0 0 -2 0 0 0 0 0 0 2 -1 0 0 -1 0 2 -1 -1 0 0 0 0 -1 0 0 1 0 3 -2 0 0 -1 0 0 1 0 1 0 0 0 1 -1 0 1 1 0 0 1 1 -1 0 0 1 0 2 -1 0 0 0 -1 -1 0 0 2 0 0 2 0 -1 -1 1 -1 0 0 0 2 0 -1 -1 0 0
1 0 0 0 0 0 0 0 -1 1 0 -1 1 1 -1 0 -2 -1 -1 0 2 1 1 0 -1 -1 0 0 1 0 0 0 1 -1 0 0 0 0 1 -1 0 0 0 3 0 1 0 0 0 0 1 1 3 -1 -1 1 0 -1 0 0 0 0 0 0 0 0 0 -1 -1 2 0 0 -1 0 0 0 -2 -1 -1 -1 1 0 1 0 1 0 -1 1 0 0 1 1 0 1 0 0 0 0 0 1 0 -1 -1 0 0 1 -1 1 0 1 0 0 0 1 1 1 -1 0 0 1 1 1 0 0 0 0 0 0 -1 2 0 0 0 0 -1 0 0 0 1 0 0 -1 0 -1 1 0 -2 0 1 1 0 0 0 1 2 1 0 0 -1 2 0 0 1 -1 0 -1 -1 0 0 1 0 1 1 0 1 0 -1 0 2 0 1 -1 0 0 1 -1 1 1 0 0 0 0 0 1 0 0 0 0 0 -1 1 0 0 0 -1 0 0 2 1 -1 1 0 0 0 1 0 1 0 0 -1 0 1 2 0 13 0 -1 0 1 0 0 0 -1 0 -1 1 0 0 -1 -1 0 0 1 2 1 -1 0 -1 2 1 -2 -1 1 -1 1 0 0 0 -1 0 0 1 1 1 0 0 0 0 0 0 0 0 0 0 0 0 0 -1 -1 0 0 0 0 0 -1 0 -1 1 -2 0 1 0 0 0 0 0 1 0 1 0 0 0 1 1 0 0 0 0 0 1
3 -1 1 -1 -1 1 0 -1 0 0 0 0 0 0 0 2 0 0 0 -1 0 0 0 0 -1 0 -1 -1 0 0 1 1 0 0 0 0 1 1 0 0 1 1 0 0 0 -1 0 1 0 1 -1 -1 0 3 -1 0 0 0 1 -1 0 0 2 0 1 -1 0 0 0 0 1 -3 0 1 0 -1 0 0 1 -1 0 -2 0 0 -2 0 0 0 -2 0 1 0 0 -1 0 1 -1 -1 -1 2 -1 0 0 -1 0 0 1 0 3 -1 0 0 -1 1 -1 0 -1 0 1 1 -1 -1 0 -1 2 2 -4 0 -1 0 -2 2 1 -1 0 1 1 2 0 0 -1 0 0 0 0 0 -1 2 -1 0 0 -1 0 0 0 2 1 0 -2 0 -2 0 0 1 0 0 -1 1 1 -2 1 -1 2 0 0 1 0 0 0 0 0 0 1 2 1 0 1 0 0 -1 0 -2 2 -1 0 1 0 1 -2 0 0 -1 0 2 1 0 0 0 -2 0 0 1 0 0 1 0 1 -2 1 -2 2 0 -1 1 0 23 0 0 0 0 -1 2 0 0 -1 1 0 0 1 1 -1 0 1 1 -1 -2 0 1 -1 0 0 0 1 2 0 3 1 0 0 1 1 -1 0 0 2 0 0 -2 0 -1 1 0 0 -1 1 0 1 0 0 0 0 0 1 0 0 0 0 1 0 0 0 1 1 0 -1 1 0 -1 0 3 1 0 0 0 0 0 -1 -1 2 1
-2 0 1 1 1 1 0 -2 -1 -2 2 1 1 2 2 0 2 1 -2 1 -1 -1 -1 2 0 -1 0 0 -1 0 0 0 -1 -1 1 0 1 1 0 3 1 0 0 0 0 -2 0 3 -1 0 -1 2 -1 1 0 0 0 4 0 0 -1 2 2 2 4 0 1 -2 3 1 -1 -1 -1 0 0 1 0 -1 2 0 0 0 0 -1 -1 0 1 3 2 -2 1 2 -1 0 1 1 0 1 0 0 1 0 0 0 0 1 -1 2 0 -1 0 0 2 -1 2 1 1 -2 -1 0 2 0 -2 -1 0 -2 0 0 0 0 -2 1 0 -1 0 0 0 1 0 1 0 1 0 1 1 1 -1 -1 1 2 1 1 0 0 1 0 1 0 0 1 0 3 0 -1 0 3 1 0 0 0 2 2 1 -2 -1 -1 0 2 2 -2 -1 0 1 0 1 0 -1 1 0 5 2 2 -1 0 1 0 1 1 0 0 1 0 1 -1 0 -1 0 1 0 -1 -1 0 2 3 2 -1 1 0 1 1 0 -1 1 -1 -1 0 29 -1 0 1 -1 0 -1 2 -1 2 -1 0 0 0 1 -3 -1 -1 0 0 1 1 -1 -2 0 3 0 -1 0 1 2 2 -2 2 1 1 -2 0 1 -1 0 0 0 0 1 0 0 -1 1 0 2 -3 1 -1 1 -1 0 1 -1 0 0 -2 0 0 0 -1 1 1 0 0 0 -2 -2 0 1 0 0 -1 3 -2 0 3 1 1
-2 -1 0 1 0 -1 0 1 1 0 0 1 1 0 0 0 -3 0 1 0 0 0 -1 0 0 0 1 0 0 0 -1 0 0 1 0 0 0 0 0 0 0 0 1 0 0 0 0 1 2 0 0 0 -1 0 0 1 -1 1 1 1 1 0 1 0 -1 0 0 1 0 1 0 0 1 0 0 1 -1 0 -1 1 -1 0 0 0 0 -1 0 1 0 0 0 -1 0 0 -2 0 0 0 0 0 1 -1 0 0 0 1 -1 0 0 0 0 0 1 0 0 1 0 0 -1 0 0 0 0 1 0 0 -1 0 -1 -1 0 0 -1 1 0 -1 -1 1 0 0 0 0 0 0 0 -2 0 -1 0 1 0 0 0 0 0 0 1 0 0 1 0 1 0 0 0 0 0 0 -1 0 0 0 0 0 2 1 1 -1 0 0 0 1 0 0 0 0 0 0 1 -1 0 0 0 2 1 0 2 0 0 0 0 -1 1 1 0 0 0 0 0 0 0 0 0 1 0 0 0 0 0 0 -1 0 0 1 0 0 -1 10 0 -1 -1 1 0 0 0 0 1 1 1 0 0 0 0 0 2 1 0 -1 1 0 0 0 0 0 1 0 -1 0 0 0 -1 0 0 1 0 0 -2 0 0 1 -1 1 -1 0 2 1 -1 0 0 0 0 -1 0 1 0 1 0 -1 0 0 0 1 0 1 0 -1 1 1 1 0 0 0 0 0 0 0 0 0 0 1
0 1 0 2 0 1 1 -1 0 1 0 0 1 0 0 -1 2 0 -1 0 0 0 0 2 0 0 0 0 1 0 0 1 0 -1 2 -2 -1 0 0 0 0 0 1 0 0 -2 0 -1 1 2 -1 1 0 0 2 0 0 0 0 0 0 1 -1 0 -1 0 1 1 0 1 0 1 1 0 -1 -1 0 1 -2 0 0 0 1 0 0 1 -1 -2 0 1 1 1 0 1 1 0 1 0 1 1 1 0 0 -1 1 -1 -1 0 0 1 0 0 3 1 0 0 0 -1 2 0 0 0 1 0 1 0 0 -1 -1 3 1 -1 0 1 -2 0 1 0 -1 0 2 0 -2 -1 1 -2 -1 0 1 1 0 0 -1 0 0 2 1 0 -1 1 -1 -1 -1 1 0 -1 0 0 0 0 1 2 1 0 0 1 0 1 0 -2 1 0 0 2 -1 1 0 1 2 -1 -1 1 1 0 -1 1 -1 -2 -1 0 0 1 0 0 2 1 0 2 0 -1 1 0 0 0 1 3 0 -1 0 1 1 0 -1 0 1 0 0 0 18 1 0 0 -1 -1 -1 0 0 0 1 0 0 1 0 2 0 -1 0 0 0 0 0 1 -1 -1 0 0 -1 0 0 2 1 1 1 2 0 -1 0 0 2 2 1 -1 0 -1 1 1 0 0 -1 1 0 2 0 -1 0 1 0 2 -2 0 0 1 1 0 0 -2 0 2 1 2 1 0 0 -1 -1 -1 -2 1 0 -2
0 -1 -1 1 1 0 -1 -1 3 0 3 1 2 -1 0 0 0 0 0 -1 1 -1 0 0 -1 1 -1 0 -3 0 0 0 -1 -2 1 -2 -1 -1 0 0 0 0 1 2 0 0 0 0 -2 0 0 -1 0 0 1 0 1 0 0 0 1 -1 -1 1 -1 0 -1 1 -1 0 0 -1 2 1 0 0 0 0 0 2 -1 0 -1 -2 1 0 0 1 -1 2 1 0 0 1 4 1 1 0 5 1 0 -1 0 -1 0 0 0 1 0 -1 0 -1 0 0 1 0 0 0 0 0 -1 0 0 2 0 -1 1 -1 0 3 2 0 0 0 1 0 0 0 0 1 0 0 1 1 -1 1 0 0 0 -1 0 -1 0 1 -2 -1 -1 2 1 0 -1 0 -1 -2 0 0 0 -2 1 1 0 0 1 -2 3 0 0 -1 0 -4 0 0 0 1 0 1 0 0 -1 -1 -1 0 1 1 0 1 0 -1 0 -1 0 -1 -2 -1 0 0 -3 0 0 -1 -1 0 -1 -2 1 -1 -1 0 0 0 0 0 1 0 0 0 1 -1 1 20 1 -1 -1 0 0 -1 0 1 0 -1 1 0 0 0 0 0 -1 0 0 1 0 0 0 0 0 0 -1 1 -1 1 1 -1 -1 -2 0 -2 0 0 -2 0 0 1 -1 1 0 -1 2 2 -1 0 0 0 1 1 -1 0 0 0 -2 1 1 -1 0 -1 1 -1 1 1 0 -1 -1 -1 1 0 1 -1 -1 0 1 2
1 -1 -1 0 0 0 1 0 0 1 0 0 1 0 -1 1 0 0 1 1 0 0 3 -3 0 0 -1 0 0 0 0 0 0 0 1 0 -1 1 0 -1 -1 0 2 0 0 1 1 -1 1 -1 0 -1 0 0 1 -1 0 -1 0 2 0 1 2 -1 -2 2 -1 0 0 0 0 0 1 0 -2 0 1 1 0 0 0 0 0 1 0 2 -1 1 0 1 1 0 0 1 0 0 0 0 1 0 0 -1 0 0 1 -1 0 -1 -2 -1 1 0 0 1 0 0 0 3 0 1 0 -2 1 -1 0 1 2 0 0 -1 1 0 0 0 1 0 3 0 0 0 1 0 1 1 0 1 -1 0 1 0 0 1 0 0 2 0 1 2 -1 0 1 0 0 -1 -1 0 0 0 -1 0 0 0 0 1 0 1 2 0 0 0 -1 0 -1 -1 0 -2 -2 2 2 0 1 1 -1 1 2 2 0 0 0 1 -1 0 0 3 2 0 -1 1 0 1 1 0 -1 2 2 0 0 1 1 0 0 0 0 0 0 -1 -1 -1 0 1 18 -2 0 -1 0 -1 0 0 -1 0 0 1 0 -1 -1 -1 0 0 0 0 0 0 0 1 0 -1 0 1 -1 0 -1 0 -1 -1 0 2 0 2 0 0 0 -1 1 -1 0 0 2 0 0 0 0 2 -1 0 1 0 1 -1 0 1 2 1 1 -2 0 0 0 0 1 2 1 0 1 -1 0 3 0 0 3 0
1 0 1 -1 -5 -1 0 1 0 0 1 -2 2 1 0 1 1 0 1 2 0 0 -1 0 0 1 1 -1 0 0 0 0 1 1 1 0 1 2 1 0 1 0 1 0 0 0 -2 0 2 0 0 0 1 1 -1 0 1 -1 0 2 1 0 2 -1 0 -1 1 1 1 1 1 0 1 1 1 -1 0 3 -1 0 -1 0 0 -1 0 -1 0 -2 0 -2 -2 -1 -1 0 -1 0 -1 1 0 -1 0 0 1 1 -1 1 1 0 1 -1 -1 0 0 0 0 0 0 0 1 0 -1 0 0 1 0 1 -2 -1 -1 -1 2 2 0 0 0 1 -2 -1 -1 0 -1 0 1 1 0 0 -1 1 0 0 -1 0 0 0 -1 -1 -1 -2 1 1 -1 0 0 1 1 0 0 1 3 -2 2 -2 1 -1 1 0 0 2 0 -1 0 0 1 2 0 1 1 -1 2 0 0 -2 -1 -1 1 0 1 0 -1 0 1 1 -1 0 1 0 0 0 -1 0 3 1 0 -2 0 0 0 -2 0 0 0 -1 1 -2 0 2 0 1 0 -1 -2 17 -1 0 -1 0 0 -1 0 1 0 -1 1 -1 0 0 -1 -1 0 -1 0 1 -1 0 1 1 0 0 0 0 2 -2 0 0 0 0 0 -3 0 -1 -1 0 -1 0 1 1 0 0 0 0 1 0 0 -4 0 0 -1 0 0 -1 -1 2 -2 -1 -1 0 0 4 1 1 0 0 0 1 -1 -1 -2 -2 1 0
0 0 0 0 0 1 1 0 -1 0 0 0 1 0 -1 -1 -2 -1 0 2 0 1 2 -1 0 2 -1 1 0 0 0 1 0 1 1 0 1 0 0 0 1 2 -1 1 -1 1 0 1 0 1 2 0 1 1 3 0 0 1 0 -1 0 0 2 1 -2 0 -1 1 0 0 0 -3 -1 -1 0 2 0 0 1 0 1 0 0 1 1 0 1 1 -3 0 1 -1 0 -1 0 -1 1 0 -3 0 -1 -1 1 0 0 0 1 0 1 2 0 2 2 2 -1 0 0 -1 1 0 -1 0 2 1 0 0 -2 -2 1 -1 -1 1 -1 1 0 1 0 0 0 0 0 -2 2 1 0 1 0 1 -1 0 -2 0 -1 0 1 0 1 -1 0 0 1 0 0 -1 -1 1 -1 1 1 1 0 -2 -1 2 0 0 1 1 0 1 0 1 -1 0 0 0 0 1 -2 0 0 0 -2 0 -1 -1 1 1 -3 1 0 0 -1 1 -1 -1 -1 0 0 1 -2 0 0 1 0 1 -2 2 0 0 1 0 -1 0 -1 0 -1 0 -1 -1 0 -1 18 1 0 0 0 -1 -2 0 0 0 0 0 0 1 0 0 -1 0 1 0 0 2 0 0 2 1 -1 -1 -1 0 -2 0 1 0 0 0 1 1 0 -2 1 1 0 0 -1 1 1 -4 1 1 -2 0 2 0 -2 0 4 -1 1 1 0 1 1 -1 0 0 0 1 -1 0 0 1 -1 0 1 0 -2 1
0 0 0 0 0 1 0 0 -1 0 -1 1 1 0 -1 0 -2 -1 -1 -1 1 1 0 0 0 0 -1 -1 -1 1 0 -2 0 0 0 0 -1 -1 -1 0 0 0 -1 0 0 0 0 -1 0 0 0 1 0 0 0 0 0 0 -1 0 0 0 1 2 1 -2 -1 0 -1 0 0 1 1 0 1 -1 0 0 1 0 -1 0 1 0 0 0 -1 -2 2 1 0 0 -1 -1 1 0 1 -1 0 1 0 0 -1 -1 -1 1 -1 1 1 1 -1 0 1 1 0 0 0 0 0 0 0 1 1 1 1 -1 0 0 -2 0 2 2 0 0 0 -1 0 1 1 1 0 0 1 0 -1 0 0 1 1 0 0 0 0 1 1 1 -1 0 -1 -1 1 -1 -1 -3 2 1 0 0 2 -1 0 0 0 0 1 0 1 1 0 1 0 0 1 1 -1 -2 0 0 -1 2 -1 0 0 2 0 0 -1 0 -1 1 0 0 -1 0 3 1 0 -1 0 -1 0 0 -2 -1 1 0 3 0 0 -1 -1 0 0 0 0 0 2 0 -1 0 -1 0 1 18 0 1 1 1 -2 0 -1 1 1 0 0 0 0 0 1 0 2 0 0 0 0 0 1 0 0 0 -1 2 2 -1 -3 0 -1 -5 1 2 0 -1 2 0 -1 0 -1 0 0 0 -1 0 1 1 1 0 0 1 -1 0 0 0 -1 1 0 0 0 -2 -1 2 0 -2 -2 0 1 0 -1 0 0 -1
-1 0 -1 0 0 1 0 1 2 1 1 1 1 -1 0 0 0 0 1 0 -1 1 -1 1 2 -2 1 2 1 -1 0 0 1 1 -1 0 0 -1 -1 0 0 0 1 0 0 3 2 0 -1 -2 1 -1 -1 -1 0 0 0 1 2 0 2 1 0 1 1 0 1 1 -1 0 0 2 1 0 -1 0 0 -1 0 0 0 0 0 1 0 0 0 1 -1 0 0 0 0 -1 0 1 0 0 -1 -2 0 0 1 0 0 1 1 0 1 1 0 0 0 -1 0 1 -1 0 0 -1 2 1 0 0 -2 0 0 0 0 2 -1 2 0 -1 -1 0 -1 0 -1 0 1 0 0 1 0 1 1 1 0 0 -1 0 -1 1 1 0 0 0 0 0 -1 0 0 0 0 -1 0 0 -1 1 0 -1 1 1 0 3 1 0 0 0 -1 0 0 -1 1 -1 2 0 -2 0 3 1 0 0 0 0 0 2 0 1 0 0 0 1 0 0 2 0 1 0 -1 0 -1 0 0 -2 -1 1 0 1 0 2 -1 0 -1 -1 -1 0 -1 0 0 -1 0 0 16 1 0 0 0 -1 1 0 2 0 0 0 -1 1 0 0 0 -2 -1 0 -1 -1 0 -1 0 1 -1 0 0 1 0 -1 -1 0 -1 0 0 0 0 2 0 0 -1 1 0 1 0 -1 0 0 -1 0 0 -1 0 0 1 0 0 2 0 -1 0 2 -1 -1 0 0 0 -1 0 0 1 0 -1 0
0 -1 0 0 -1 1 1 -2 0 1 0 0 0 0 -1 1 -2 2 0 -1 0 0 0 -1 0 0 1 2 1 0 2 0 0 0 1 0 2 0 -1 -1 0 0 1 0 -1 0 1 0 0 0 1 1 -2 -1 0 0 0 1 -1 -1 0 0 1 1 1 3 1 -1 0 0 -1 1 0 0 0 0 0 1 -1 0 0 1 0 -1 0 0 1 -1 0 0 1 1 0 0 0 0 -1 1 -1 -1 0 -2 0 1 -1 1 -2 1 2 0 0 2 -1 0 0 0 1 0 0 -1 2 1 0 0 1 -1 0 -1 0 0 -2 2 0 0 -1 0 0 0 1 0 -1 0 -1 -2 -1 0 1 0 1 1 2 0 0 0 1 1 0 0 -1 0 -1 1 0 1 0 0 1 0 -1 1 0 2 1 -2 0 -1 0 0 1 1 0 0 1 1 0 -1 2 0 2 -1 0 1 0 0 0 0 0 -1 0 -1 0 -1 -1 1 0 1 0 2 1 0 -1 0 -1 0 -1 -1 1 0 1 0 1 -1 -2 0 1 1 2 0 0 -1 -1 0 0 1 1 20 0 1 -1 1 0 0 1 1 -1 -1 0 0 0 0 1 -2 0 -1 0 0 0 0 -1 0 -1 1 0 0 -1 0 -1 0 0 1 0 -1 0 0 1 0 -1 0 1 0 -1 -1 0 2 0 0 -3 1 0 0 -1 -1 1 3 0 0 -1 -2 -2 1 0 0 2 1 -2 -2 1 0 -2 -2
0 -2 0 1 -1 0 0 0 0 0 1 1 1 1 -1 0 -1 -1 0 0 0 -1 1 1 0 -1 0 0 0 -1 1 1 0 -2 0 0 0 2 1 0 1 0 1 0 1 1 1 0 1 -1 -1 1 1 0 0 -1 1 0 0 -1 -1 -1 0 0 1 0 -1 0 1 0 0 2 -1 1 0 1 0 1 0 0 0 -1 0 0 1 0 -2 -1 2 1 0 1 -1 -1 0 0 0 -1 -1 0 -1 0 -1 0 0 -2 0 0 0 1 0 0 0 -1 0 0 0 -1 0 0 0 1 0 0 -1 1 0 0 0 0 0 0 0 1 0 0 0 1 0 0 1 1 1 0 1 2 0 0 2 0 1 1 0 -1 -1 0 1 0 0 -1 0 -1 0 -1 -2 0 -1 0 0 1 0 0 -1 -1 -1 1 1 0 0 -1 -1 0 1 1 0 0 0 1 1 -1 0 1 0 0 1 0 1 -1 1 -1 0 -2 1 1 0 -1 -1 1 2 0 0 -1 0 0 2 1 0 1 0 2 0 0 0 0 0 0 -1 1 0 0 0 0 0 1 0 0 15 -1 0 1 0 0 1 1 -1 1 0 0 0 1 0 1 -1 0 1 -1 0 2 0 0 -1 -1 -3 -1 0 -1 -1 0 0 2 0 0 -1 -1 0 0 0 0 1 -1 0 1 -1 0 0 0 -1 -1 2 0 0 0 -1 0 -1 1 0 0 1 1 0 0 1 -1 1 2 -1 1 0 -1
-2 0 0 0 1 2 0 0 -1 1 0 1 1 1 0 0 -1 1 -1 -2 2 0 0 0 0 0 0 0 -1 0 0 1 1 1 0 0 0 0 0 0 0 0 0 1 -1 -1 0 0 0 0 1 -1 0 0 0 0 -1 -1 0 0 0 -1 0 -1 0 -3 0 1 0 -2 1 0 0 0 0 -4 0 1 0 -1 0 0 -1 0 0 0 0 0 -1 0 1 0 1 -2 0 -1 0 0 2 0 1 0 0 -1 0 0 0 1 -1 1 0 -1 1 -1 0 1 0 1 0 0 0 2 1 0 1 -1 1 1 -1 0 0 -1 -1 0 0 0 -1 0 1 1 0 0 0 0 0 -1 0 1 1 0 1 -2 -2 0 1 0 0 0 0 0 0 -1 1 -1 2 1 0 -1 -2 0 -1 1 0 0 1 -1 0 0 0 2 1 1 0 0 1 -1 -1 0 1 0 0 0 0 2 1 0 -1 0 0 -1 0 -1 0 -1 0 1 0 2 0 0 0 0 0 -1 1 1 1 0 0 -1 0 0 0 0 0 0 0 1 0 1 0 -1 -1 1 0 1 -1 15 -1 0 0 0 0 0 1 0 0 -1 0 1 0 0 -1 -1 -1 0 1 -1 1 2 -2 3 1 0 -1 -1 -2 0 0 0 0 -1 2 0 0 -1 0 0 0 1 0 1 0 0 1 1 2 -1 -1 0 1 0 2 0 0 -1 0 0 0 0 0 0 -1 1 -1 0 0 -1 1 1
1 1 -1 0 -1 -1 0 1 1 0 1 0 0 0 0 1 3 0 0 -2 -1 1 -1 -1 0 0 1 -2 2 0 0 1 1 1 0 -1 1 0 1 0 3 0 -1 0 1 1 1 -1 1 2 0 -1 0 1 -1 0 0 1 0 0 2 0 0 2 0 3 0 2 1 0 0 0 1 0 0 -1 1 1 -1 2 2 -1 0 0 1 0 -1 0 1 -1 1 1 0 1 0 2 0 1 1 0 0 0 1 0 0 0 0 0 0 2 0 0 2 -1 0 0 -1 0 -2 0 0 -1 0 0 0 0 -1 1 -1 0 0 0 0 0 -2 -2 1 2 1 0 0 1 1 2 0 0 1 0 0 0 0 1 1 0 0 1 0 1 0 0 0 2 0 1 1 0 0 0 1 0 0 2 0 -1 2 1 0 -1 0 -1 0 0 0 1 0 1 1 0 0 0 0 2 5 -2 0 0 0 1 2 0 0 1 -1 0 1 0 1 -1 -1 2 0 -1 1 0 1 0 0 0 0 0 -1 0 -1 2 -1 1 0 1 1 0 -1 0 -2 -2 0 -1 0 -1 17 1 1 0 1 -1 -1 0 0 1 0 0 0 1 0 0 0 0 1 -1 1 0 0 0 1 0 0 2 0 0 -1 0 0 2 2 1 -2 0 2 0 0 1 1 -2 0 -1 -1 1 1 0 0 -1 -1 1 0 -1 0 0 -1 4 1 -1 0 2 1 2 1 3 -2 -1 0 -1
0 0 -1 1 0 -1 0 0 0 0 -1 0 0 -1 0 1 0 0 -1 0 -1 1 0 0 1 -1 1 0 0 0 0 -2 -1 0 0 -1 0 2 1 0 2 0 0 -1 0 0 -1 1 0 0 1 0 0 0 1 0 0 1 0 0 0 0 2 -1 0 0 0 0 0 0 0 0 0 -1 0 1 0 1 1 0 1 0 0 -2 0 0 -1 -1 0 1 0 0 0 1 0 1 0 1 -1 1 0 0 0 -1 0 0 0 0 -1 2 0 0 1 -1 0 0 0 0 -1 1 0 -1 0 1 1 1 -1 0 -1 -1 -1 1 1 0 -1 0 0 0 0 -2 0 -1 0 0 0 0 0 0 -1 1 -1 0 0 1 0 2 0 0 0 0 -1 -1 0 0 0 1 -1 0 0 1 0 -1 -1 2 0 -1 0 1 -1 0 1 0 0 0 -1 0 0 0 2 2 0 0 0 0 1 0 0 0 0 0 0 0 2 -1 1 0 0 -1 1 0 1 0 0 0 0 -1 2 -1 1 0 1 0 0 -1 -1 1 0 0 0 -1 0 1 0 0 -1 1 1 0 1 12 0 0 1 0 0 0 0 0 -1 0 0 0 0 -1 0 2 0 1 2 0 0 0 -1 0 -1 0 0 0 0 0 1 0 0 0 0 0 0 0 1 0 0 1 0 -1 0 0 -1 -1 4 -1 0 0 -1 1 0 0 1 -1 0 0 1 -1 1 -1 0 0 -2 0 3 -2
0 0 -1 0 0 0 1 -1 0 1 1 0 0 -1 0 0 1 1 0 0 0 0 0 0 -1 0 -1 1 0 0 -2 1 0 0 0 0 1 0 1 0 0 0 0 0 0 0 -1 0 0 0 0 0 0 0 0 0 0 1 0 0 2 0 0 -1 1 0 0 0 1 0 0 1 0 0 1 0 0 0 -1 2 1 -1 0 0 1 0 -1 0 0 -1 0 2 0 -1 0 0 -1 -1 0 0 1 0 0 0 0 0 0 0 1 0 0 0 -2 0 0 0 0 0 0 -1 0 1 1 1 0 0 0 -1 0 0 -1 0 0 0 0 1 1 -1 0 0 0 0 0 1 0 0 0 1 0 0 0 -1 0 0 0 1 1 0 0 1 0 0 0 0 0 0 0 0 -2 1 1 0 0 0 1 0 0 0 0 0 1 0 0 0 0 0 0 0 0 0 1 1 0 0 0 1 -1 0 0 -1 0 1 -1 0 0 -1 0 -1 1 1 0 0 0 0 1 1 -2 0 0 0 0 0 0 0 0 -1 1 0 0 1 0 0 0 -1 1 0 0 0 1 0 9 -2 0 -1 0 0 0 -1 1 0 0 0 1 0 -1 -1 -1 0 1 -2 0 0 0 -1 0 0 1 0 0 0 0 0 2 1 -1 0 2 0 0 -1 -1 0 0 -1 0 0 0 0 -1 1 0 -1 -1 -1 0 0 0 1 0 0 -1 0 0 0 0 0 1 0 0 0
0 -1 0 0 -1 1 3 2 1 0 1 0 0 0 0 1 0 -1 0 -1 0 0 1 -1 -1 1 0 0 4 0 0 1 0 0 0 1 1 0 -1 0 0 1 0 0 0 0 1 -1 -1 0 -1 0 1 -1 0 1 0 -1 0 -2 -1 0 0 -1 -3 1 0 0 0 0 0 1 1 -1 -1 0 -1 1 0 -2 -1 1 1 0 -1 0 2 -1 0 3 -1 -1 0 2 -1 3 1 1 1 1 0 -1 1 0 0 0 0 0 0 0 0 1 0 -1 -1 0 0 0 0 1 1 0 1 3 -1 0 0 1 -1 0 -1 0 0 0 1 0 2 1 0 0 0 0 1 -2 0 1 0 1 0 0 1 2 0 -1 0 0 1 -1 0 0 0 1 0 -1 0 1 -1 -2 1 -1 0 1 0 1 -1 0 0 0 0 0 0 0 -1 1 0 0 1 2 0 2 0 0 -1 2 4 0 2 1 0 1 -1 -1 0 0 0 1 0 1 1 1 1 0 1 -1 0 -1 0 0 1 -2 0 0 -1 0 0 0 -3 0 1 0 1 -1 0 1 0 0 0 0 0 0 -2 17 0 1 1 1 1 1 0 0 -1 0 0 0 -1 1 0 0 1 2 0 0 0 0 0 0 0 -2 0 0 1 1 0 1 1 0 2 -1 1 1 0 1 1 -1 0 0 1 0 -1 -1 0 2 0 -1 1 2 1 3 0 1 0 1 1 -1 0 2 -2 0 -1 -1
0 0 -1 -1 -2 0 0 0 1 2 0 -1 2 0 -1 1 1 0 1 0 0 2 1 -2 0 0 1 0 1 -2 0 0 1 1 2 1 2 1 1 1 1 1 1 -1 0 2 0 2 1 -1 0 -1 0 -1 0 1 -2 0 1 0 0 0 3 2 1 1 0 1 -1 0 1 0 0 0 0 1 0 1 1 -2 -2 0 0 0 1 0 0 2 -1 -1 -1 1 0 0 0 1 0 0 0 1 -1 0 0 -1 0 1 0 0 1 1 1 0 0 1 -2 1 2 0 0 -2 0 0 -2 0 1 1 1 1 0 -2 -2 1 2 0 0 -1 -1 0 0 0 -1 -1 0 0 0 0 1 1 0 0 0 1 0 1 1 1 1 0 1 0 0 0 -2 2 1 -2 -1 0 1 0 2 0 0 -1 0 1 -1 1 0 -2 0 -2 1 0 1 1 0 0 1 0 -2 2 0 0 0 -1 -1 0 -1 0 0 0 -5 1 0 1 0 0 2 0 0 -1 -2 1 0 1 3 0 1 -2 2 0 -1 -1 1 1 -1 0 0 0 0 1 0 1 2 1 1 0 1 1 0 0 19 0 -1 0 0 4 -1 2 0 0 0 0 1 2 1 -2 0 0 -1 1 0 0 0 -1 0 0 0 0 1 1 2 0 3 -1 -1 1 0 1 0 -1 0 -1 0 0 0 1 1 0 0 0 -1 0 0 0 0 1 -1 -1 0 0 1 -1 0 1 0 0 1 0
0 0 0 0 0 0 0 0 0 1 -1 1 -1 2 0 -1 0 0 0 0 0 0 0 0 0 0 0 0 1 -1 -1 1 -2 -1 1 0 2 0 0 -1 -1 2 0 1 1 -1 0 0 0 -1 1 2 1 0 0 0 -1 1 0 0 0 1 0 0 1 0 0 -2 1 2 1 0 0 0 0 1 0 -1 0 0 -2 -1 2 0 0 0 1 1 1 1 0 1 0 1 0 0 1 1 -2 -1 0 0 0 1 1 -1 0 0 1 1 0 0 2 0 -1 0 0 0 1 1 0 2 -1 1 2 2 1 0 1 0 0 1 0 0 -1 2 -2 2 3 0 1 0 -1 -2 0 0 1 -2 0 -1 0 3 0 1 2 0 -1 0 -1 0 0 0 0 -2 1 -1 0 1 1 1 0 -1 3 -1 0 1 0 1 1 -1 0 -2 0 2 0 -1 -1 0 -1 0 -3 0 -1 1 1 0 0 1 -1 1 1 0 -1 -1 -2 2 -1 1 -2 1 1 -1 0 -1 1 0 1 0 0 2 1 -1 1 0 2 1 -1 0 2 0 -1 -1 0 0 0 1 1 0 -1 0 -1 1 0 16 1 -1 0 0 0 0 0 -1 -1 1 -2 1 -2 1 0 1 0 0 0 1 0 0 0 1 0 0 0 1 -1 0 1 2 0 0 0 0 -1 1 -2 0 1 0 1 2 1 0 0 1 1 0 0 0 -1 0 1 0 1 -1 1 1 0 1 1 0 -1 0
-1 0 1 2 2 0 0 0 1 0 -1 1 1 0 0 0 0 1 0 2 0 -1 0 -1 0 2 0 1 0 1 0 1 1 1 1 0 1 0 0 1 -1 0 -1 0 1 0 0 0 0 -3 -2 1 0 -1 -1 0 -2 0 0 0 0 0 0 0 0 -1 1 -1 0 1 0 0 0 0 0 1 0 0 1 1 2 1 0 0 0 0 1 -1 0 0 -1 0 -2 0 1 -2 -1 1 -1 0 1 1 -1 0 0 0 0 2 0 0 -3 1 0 0 3 2 0 0 0 0 0 0 0 1 0 0 -1 0 0 0 0 -1 -2 0 -1 0 0 0 1 1 0 0 0 0 1 -2 0 0 1 1 0 -2 0 1 1 1 -1 -1 1 0 1 0 0 -1 1 0 -1 -2 0 -1 0 -3 0 -1 4 -1 0 1 0 0 0 0 0 1 0 0 -3 -3 0 1 0 0 -2 2 2 -1 0 0 0 1 0 0 1 1 0 1 1 0 -1 0 1 0 0 -1 1 -1 0 0 1 1 0 0 1 2 1 -1 0 2 0 0 -1 0 0 0 0 -1 -1 1 -1 0 0 1 -1 1 17 0 0 -1 0 -1 -1 -2 -1 0 0 0 0 1 0 -2 -2 1 0 0 0 1 0 -2 -1 1 0 -1 -2 0 0 0 0 1 0 -1 0 0 -1 -1 1 1 1 0 0 -1 0 1 1 1 0 1 1 1 0 0 -1 0 -1 0 1 0 0 0 -1 0
0 0 0 0 1 0 0 0 0 -1 0 1 0 0 1 0 -1 0 1 0 0 -1 0 1 0 0 0 -1 1 1 -1 1 0 0 0 2 0 0 0 0 1 -1 1 2 0 0 -1 0 2 0 1 1 0 0 0 0 0 1 1 0 0 1 2 1 0 0 -1 1 1 -1 -1 0 -1 1 0 0 0 0 1 0 0 -2 0 0 0 1 0 0 1 -2 -1 0 -1 0 0 0 1 -1 0 0 0 -1 1 0 -1 1 0 1 0 0 0 0 -1 2 0 0 0 0 0 1 -3 0 0 0 -2 0 1 0 0 0 0 -1 0 0 0 0 -1 1 -1 0 1 1 1 0 0 -1 0 0 0 0 -1 2 0 0 0 0 1 0 1 0 0 0 0 0 0 1 1 -1 -1 -1 0 0 0 -1 0 0 -1 0 -1 0 -1 0 0 0 0 0 0 0 0 0 -1 0 -1 1 -2 -1 0 0 1 1 0 0 0 -2 1 0 -1 0 -1 0 0 0 0 1 -1 0 0 0 0 1 0 -1 -1 -1 -1 -2 0 1 -1 0 -1 0 1 0 0 -1 1 0 0 0 0 1 0 -1 0 14 0 0 0 -1 1 0 -1 2 1 0 1 -1 0 0 1 0 -1 -1 0 0 -1 0 0 0 1 3 0 0 -1 -1 0 0 0 0 0 -1 1 1 0 0 -1 -1 2 0 0 -1 -1 2 -1 -1 0 2 0 1 0 0 -2 -1 0 0 1 0 -1 0
0 0 0 0 0 -2 0 1 0 0 0 -1 -1 0 -1 0 0 -1 -1 -3 0 0 1 0 -1 1 -2 1 0 -1 -1 2 0 0 0 0 0 0 0 -1 0 0 0 -2 1 0 0 0 1 -1 1 1 0 -1 0 3 0 -1 0 0 -1 -1 0 0 1 0 0 -2 0 2 -1 -2 0 -1 0 1 0 0 -2 1 0 0 0 0 -1 0 0 1 0 2 1 0 0 1 3 0 0 0 2 0 1 1 0 0 2 -1 -1 1 1 0 0 0 0 0 0 0 -1 0 1 0 2 0 1 -1 0 0 -1 1 0 0 0 0 1 0 1 -2 0 -1 0 0 0 1 2 0 2 1 0 0 0 0 -1 1 0 -2 0 1 0 0 0 0 1 0 0 -1 -1 1 0 -1 0 -1 -1 0 0 0 -2 2 0 1 0 2 0 1 0 1 0 0 1 0 -1 1 1 0 1 0 -1 -1 2 0 0 -1 1 0 1 0 -1 0 0 -1 0 1 0 0 1 1 0 0 1 0 0 0 -1 0 1 -1 0 0 1 0 0 -1 0 -1 0 0 -1 0 0 0 0 0 0 1 0 0 0 0 16 2 2 0 0 1 0 -1 -1 0 1 1 1 1 2 1 1 0 2 0 0 0 0 1 1 0 -1 1 2 1 0 0 1 0 2 0 1 0 1 0 0 0 0 0 1 -1 0 2 -1 1 1 1 1 0 -1 0 -1 -1 1 0 1 -1 0 0
0 0 0 0 0 0 0 0 0 -1 0 -1 0 0 0 0 1 -1 -2 -2 0 0 0 1 -2 0 0 0 2 -1 0 -1 1 0 1 0 0 0 -1 2 0 0 0 0 0 1 0 3 0 0 -1 0 -1 0 1 2 -2 0 1 -1 -1 0 0 1 1 0 0 -1 -2 2 0 0 1 0 0 0 2 2 -2 -2 0 1 0 0 0 0 -1 1 0 1 1 0 1 0 2 1 1 1 1 0 -2 2 0 1 0 0 0 1 1 0 -1 0 -2 1 0 0 0 0 0 0 0 0 0 0 0 0 0 -1 0 0 0 1 3 0 -2 0 3 0 0 0 0 1 0 1 0 1 1 0 0 0 1 1 1 0 0 0 0 0 0 -1 1 1 -2 0 1 0 0 0 0 0 1 0 1 2 -1 -1 0 1 0 -1 1 1 0 0 1 2 1 0 -1 0 0 1 0 0 0 1 1 -1 0 0 0 0 -1 1 0 0 0 1 1 0 0 1 0 0 0 -2 0 1 0 0 0 -1 0 0 -1 1 1 -1 0 0 0 -1 0 0 1 0 0 -1 1 0 -1 1 4 0 -1 0 2 18 -1 0 0 1 1 0 2 2 1 1 1 0 -1 0 0 0 2 -1 -1 1 0 0 0 0 2 0 2 0 0 1 0 1 0 0 0 1 0 -1 1 1 1 1 1 0 0 2 0 1 0 -1 0 0 0 0 0 -2 2 1 1 0 0 0
0 0 1 0 0 0 1 1 0 1 2 -1 2 0 0 0 0 -1 1 0 1 1 -1 0 0 2 -2 0 0 0 -1 1 0 0 0 -1 0 0 -1 -1 -1 1 0 0 0 0 0 0 1 2 1 0 1 -1 0 0 1 -1 0 0 0 0 0 1 -1 0 0 0 1 1 -2 2 0 0 0 0 -1 0 0 -1 0 0 0 0 0 0 -2 0 1 1 0 -1 -1 1 -1 0 0 -1 0 0 1 0 0 1 1 1 -1 1 1 1 0 0 -1 0 1 0 -1 0 0 -1 0 0 -1 0 0 2 0 0 0 0 1 1 0 0 0 1 0 0 1 -1 0 1 0 -1 0 0 0 0 0 1 0 0 1 -1 -1 1 -1 -1 0 -3 2 0 1 0 -2 -1 0 1 -1 1 0 1 1 -1 0 0 1 1 0 1 1 1 0 0 1 0 -1 -1 1 0 1 0 1 0 0 0 0 -2 1 0 0 0 2 0 0 1 0 0 -2 1 1 0 0 0 0 0 3 0 0 0 0 -1 0 0 2 -1 -1 1 0 0 0 0 -1 1 0 0 0 0 0 -1 1 0 -1 0 0 0 2 -1 17 0 0 0 -1 0 0 -1 -1 2 1 0 0 1 0 0 0 0 -2 1 0 1 0 0 -3 0 1 0 1 0 0 1 -4 0 1 -1 0 0 0 2 0 0 1 2 -2 0 -2 -1 4 1 1 -1 -1 -2 -1 0 1 0 0 0 0 0
1 0 -1 -2 0 -1 0 -1 -2 -1 0 1 2 1 0 0 -1 1 0 -1 1 0 1 0 0 -1 1 2 0 2 0 0 -2 -1 2 0 0 -1 0 -1 0 0 0 -1 -1 1 0 0 -1 1 -2 0 0 1 0 1 0 -1 0 0 0 0 0 1 -1 -1 -1 1 -2 1 0 -1 0 0 0 -1 -2 -1 0 -1 0 0 0 1 2 0 0 0 1 0 1 1 0 2 0 1 -1 -1 0 0 0 0 0 0 0 0 0 0 0 -1 1 0 -1 0 -1 0 2 1 0 0 0 0 0 -1 0 0 0 0 0 0 1 1 1 0 0 0 0 0 1 0 0 -1 0 0 0 0 0 0 1 0 0 2 0 0 0 0 1 -1 0 1 0 -1 0 3 1 0 -1 2 -1 0 -1 2 1 -1 -1 0 1 0 0 0 0 -2 0 0 1 -1 0 0 1 0 0 -1 -1 -1 0 -1 0 -1 1 0 0 0 -1 1 0 1 0 -1 0 0 0 0 0 0 1 0 0 0 1 1 0 0 0 0 1 0 -2 0 0 1 0 -1 0 0 0 0 1 1 0 0 0 0 2 0 -1 -1 0 0 0 13 0 -1 0 0 1 0 0 -1 -1 0 -2 1 0 1 0 -1 0 0 -1 0 0 -2 -1 -1 0 0 0 -1 0 1 3 -1 -1 -1 0 0 0 0 0 0 2 0 0 0 0 0 0 -1 0 -1 0 0 0 1 0 0 0 1 1 0
0 0 -1 0 0 -1 0 0 -1 -1 1 0 0 0 1 0 -1 0 1 0 0 0 0 1 0 0 0 0 0 0 0 0 0 0 0 1 0 0 0 -1 0 1 0 1 0 0 -1 -1 1 -2 0 0 -1 1 1 0 0 1 -1 -1 0 0 0 1 0 0 -2 0 1 0 -1 1 1 0 1 1 -1 0 0 0 0 -1 0 0 0 0 -1 0 0 0 -1 0 0 0 1 0 0 -1 0 -2 0 0 0 0 -1 0 0 0 0 0 0 0 1 2 0 0 -1 -1 0 0 -1 0 0 0 0 0 0 -1 1 0 1 1 0 0 2 0 -1 -1 0 0 0 0 -1 1 -1 0 0 0 -1 0 0 0 -2 0 0 0 0 0 0 0 -1 0 -1 0 0 1 -1 -1 0 0 0 0 0 0 1 0 0 0 -1 -1 -1 1 1 1 0 0 0 -1 0 0 1 0 -2 1 0 0 0 0 0 0 0 0 0 -1 1 0 -1 -1 0 0 -1 0 0 2 0 2 0 1 0 0 0 0 -2 0 -2 0 0 0 0 0 0 0 1 2 0 1 0 0 0 0 0 -1 0 0 -1 1 0 0 0 0 10 -1 0 0 1 0 0 0 0 2 0 0 1 0 0 0 0 -2 0 0 0 0 0 0 -1 0 1 0 0 0 0 0 0 1 0 0 -1 0 0 0 1 0 -1 1 -1 0 0 -1 0 1 0 -1 -1 0 0 0 0 0 -1 0
0 0 0 0 1 -1 0 0 -2 -1 0 -1 0 1 0 0 1 0 0 0 0 -1 0 0 -1 0 -1 -1 0 0 0 0 1 1 0 0 -3 2 0 0 1 0 0 0 0 0 0 -2 0 2 -2 -1 1 0 0 0 -1 1 1 -1 0 0 0 0 -1 -1 0 -1 0 0 0 -1 1 0 0 0 0 0 0 -2 0 0 0 -1 -1 0 1 -2 0 2 0 1 0 -1 0 -1 1 0 -2 0 0 1 0 -1 0 -1 0 1 0 0 0 0 1 0 -1 0 -1 0 -1 -1 0 1 0 0 -2 -1 0 0 -1 0 0 0 0 0 0 0 0 0 -1 0 -1 0 0 0 1 0 0 0 0 -1 -1 0 -1 -1 0 0 0 1 1 1 3 1 0 -2 0 1 0 0 1 0 0 0 -1 -1 -1 1 0 -1 0 -1 0 0 0 1 0 1 0 0 1 1 -1 0 1 -1 0 -1 -1 1 1 0 -1 2 1 0 0 -1 0 1 -1 0 -1 0 0 0 -1 1 -1 0 0 -1 0 0 1 -1 -1 0 3 0 1 0 0 1 0 0 -2 -2 1 0 1 0 0 0 0 -1 -2 0 1 1 0 -1 -1 14 0 2 0 -1 0 0 1 -1 0 1 0 1 0 0 0 0 0 0 -1 0 1 1 -1 0 0 1 -1 0 0 -1 1 1 0 -1 1 -1 0 -2 0 -2 -1 -1 -1 0 0 0 -1 1 0 0 -1 -1 1 0 0 -1 1 -1
1 1 -1 0 1 0 1 1 -1 -2 -1 -2 2 1 0 2 0 0 0 0 1 0 1 0 1 0 0 -1 0 1 -2 -1 1 1 0 -1 0 0 1 0 -1 1 0 1 0 -2 0 0 -2 0 3 0 -1 0 0 0 0 -1 1 0 0 1 1 -1 1 0 -1 -1 0 1 0 -1 0 1 0 -1 0 -3 -1 0 2 0 1 -1 1 0 0 1 0 0 -1 0 1 -1 0 1 -1 0 0 1 -1 0 -1 -2 1 1 -2 -1 0 -1 0 0 1 1 -1 0 -1 -1 0 -1 1 0 1 1 2 1 0 1 -1 1 -2 0 0 1 -2 1 0 0 0 0 -1 -1 -1 1 0 2 0 0 -1 0 0 2 0 0 0 1 0 1 0 2 0 0 -3 2 3 0 0 3 -1 0 2 1 1 1 -1 0 0 -1 0 1 1 1 0 0 0 -1 2 2 -1 0 0 -1 -1 -1 0 2 -1 -1 -1 0 0 0 0 0 -2 1 0 -1 0 0 1 0 1 -1 0 -1 2 -1 0 -2 0 1 0 0 1 1 0 0 -1 0 0 -1 0 0 -1 0 -1 -1 0 0 1 0 0 -1 -1 -1 0 1 -1 0 0 0 18 0 0 1 1 0 0 -1 -1 0 2 -1 0 1 0 1 1 -2 0 0 0 -2 0 0 1 2 -1 -1 -1 0 -1 1 1 -1 1 0 0 1 -2 -2 1 0 -2 1 0 -4 -2 1 0 0 0 -1 -1 3 -1 0 0 0
1 0 0 0 0 -1 0 0 -1 0 -1 0 1 0 0 0 0 0 2 2 0 -1 0 0 0 2 0 0 1 0 0 0 0 1 1 -1 0 -1 0 -1 1 1 0 0 -1 0 -1 -1 0 2 -2 0 1 -1 0 0 0 1 2 0 1 0 1 0 0 -1 0 1 0 -1 0 0 2 0 0 1 0 0 0 0 1 0 0 0 0 -1 -1 0 0 1 -1 0 0 0 1 0 1 1 -2 0 0 1 2 -1 -1 1 1 -1 3 -1 0 0 -1 -1 0 0 0 0 3 0 -2 0 1 0 1 0 1 0 0 0 0 0 0 0 0 3 -1 2 0 0 1 0 1 0 0 0 1 0 0 -2 -2 1 0 -2 0 0 0 1 2 -1 -1 1 1 0 -1 0 0 0 1 1 0 0 0 -1 0 0 0 0 0 -1 1 0 0 1 2 1 0 0 0 0 0 0 0 0 0 3 0 0 0 3 1 0 1 1 -1 0 0 1 -1 0 0 0 0 0 1 0 0 0 0 0 1 0 1 0 -1 2 -1 0 -1 0 1 0 2 0 0 -1 0 -1 0 -1 0 0 0 1 0 2 -1 0 0 0 0 2 0 14 0 0 0 0 0 1 0 1 -2 0 1 0 0 1 0 0 1 -1 1 0 -1 1 0 1 0 0 0 -1 0 -3 0 0 0 -1 2 0 0 -1 2 2 0 0 0 2 0 0 0 0 -1 0 1 0 0 1 -1 0
-1 0 1 0 -1 -1 -1 0 -2 -1 2 -1 0 2 1 0 -1 0 1 0 1 2 1 0 0 1 0 1 -1 0 0 0 0 1 1 3 0 0 0 0 0 0 -2 -1 0 1 -1 0 1 1 0 1 2 0 0 -1 0 1 -1 1 0 0 -1 0 -1 -1 0 1 -1 1 0 -1 0 0 -1 1 -1 2 0 -1 1 1 1 0 1 0 -1 0 0 0 0 1 0 1 1 0 1 0 0 0 1 0 -1 2 0 0 1 0 -1 -1 0 0 -2 0 -1 0 0 -1 0 0 -2 0 -1 1 -2 0 -1 0 0 1 1 -1 0 0 0 1 2 0 0 -2 0 2 -1 1 0 0 0 0 0 1 0 2 0 0 -1 -1 0 -1 0 0 0 1 -1 1 0 2 -1 2 1 0 0 0 0 -1 3 -1 0 2 -1 1 -1 -1 0 1 0 0 1 0 1 -1 0 0 1 0 0 0 -1 1 0 0 0 0 0 -1 1 -1 -2 0 -1 0 0 1 0 0 0 1 1 1 1 0 -1 -2 -1 1 1 0 0 1 0 0 0 1 0 0 -1 0 1 -1 0 0 -1 -1 1 -2 0 1 -1 2 0 1 1 0 0 0 18 -1 1 0 0 0 0 0 0 2 0 -1 -1 0 0 1 0 0 -1 0 0 1 1 2 -1 2 2 0 1 1 -1 -1 0 -2 0 1 -1 0 0 -1 -1 1 1 1 0 -1 1 0 1 -1 -1 3 1 -2 1 0
2 0 -1 0 1 0 -1 0 1 0 0 -1 -1 1 -1 2 1 0 0 1 1 -1 0 2 0 1 0 1 0 1 0 0 0 1 2 0 1 2 2 0 3 1 -1 0 0 0 1 1 0 0 0 1 0 1 0 3 0 0 2 0 0 1 1 0 0 1 2 0 -1 1 1 0 2 0 -1 -1 2 0 2 0 0 1 0 -1 1 0 0 1 1 1 0 -1 1 0 0 2 1 3 0 2 -1 0 -1 -2 0 0 0 0 1 0 0 0 2 0 2 0 0 -1 0 0 0 0 0 0 -1 0 -2 2 1 1 -2 1 1 0 0 -1 0 0 1 0 1 0 0 0 0 0 -1 0 -1 0 0 -1 1 0 0 2 0 0 0 0 0 0 0 4 1 2 1 0 2 0 0 0 2 1 0 0 0 0 1 -1 0 -1 0 0 0 2 0 0 3 2 1 -1 0 0 0 3 1 1 1 2 1 -1 0 2 1 2 1 2 1 0 0 0 1 1 0 -1 4 0 0 0 2 1 0 0 0 3 1 0 0 0 -1 1 0 0 -1 0 -1 0 0 2 -1 1 2 1 0 0 0 2 -1 0 0 -1 1 0 -1 20 1 1 0 0 0 0 2 2 0 1 0 0 0 -1 2 1 2 0 1 -1 0 0 0 2 0 0 -2 -1 0 1 0 1 0 0 1 1 1 0 2 0 0 0 -1 1 1 0 0 1 0 1 0 0 0 1
-2 -1 0 0 0 0 0 -1 1 -1 0 -1 0 0 0 1 0 0 0 0 1 -1 0 1 0 -1 0 -2 0 0 1 0 1 1 -1 1 1 0 0 0 1 0 -1 0 0 1 0 0 0 -1 1 -2 0 0 1 1 0 -1 1 0 -3 0 1 0 2 -1 0 0 0 0 -1 -1 0 0 0 0 0 -1 -1 0 1 0 0 0 0 0 0 -1 0 0 1 1 1 -1 2 1 0 -1 0 -1 0 1 0 0 2 0 1 0 0 0 0 0 1 0 0 0 -1 0 0 0 0 0 1 0 -1 0 -1 0 0 0 1 -1 0 -1 0 -2 1 1 1 -1 0 0 1 0 0 2 -1 0 1 2 0 1 0 1 1 0 1 0 0 2 0 0 -1 -1 -1 1 0 -2 0 0 0 0 -1 0 0 0 0 1 0 0 0 1 1 -1 1 -1 1 0 1 1 0 2 -1 1 -1 0 0 2 -1 0 0 0 0 0 1 0 0 0 0 0 0 0 -2 0 0 0 1 -1 0 0 -1 1 0 3 0 1 2 -1 -1 -1 0 0 2 1 0 0 0 1 1 0 -1 0 1 -2 0 1 1 1 -1 0 0 0 1 0 1 1 14 0 0 -1 -2 0 0 1 -1 1 0 -1 0 0 0 -1 2 0 0 0 0 1 1 -1 1 0 0 0 -1 0 0 -2 1 -1 0 0 1 1 0 0 0 -1 0 0 1 2 0 -1 1 -1 -2 0 0 0
0 0 0 1 2 2 1 0 0 0 0 -1 0 -1 0 1 0 0 1 1 -1 0 -1 2 0 0 -1 0 0 0 1 -1 -1 -1 0 0 -2 -1 0 0 -1 0 -2 0 3 1 -1 0 0 1 0 2 1 0 1 0 0 1 -1 -2 -1 3 -2 1 1 -1 1 -1 -1 1 -1 -1 -1 0 -2 1 1 1 1 0 -1 -1 0 1 0 -1 0 1 1 2 1 0 0 0 -1 2 1 -1 0 -1 1 0 1 1 1 -1 1 0 -1 0 1 0 -1 1 1 0 -2 -2 0 1 0 0 0 -2 0 4 0 -1 -1 0 -1 0 0 1 1 1 0 -1 -2 0 2 0 0 1 0 1 0 1 0 0 0 1 1 0 -1 1 1 0 -1 0 1 1 0 -2 0 2 -2 0 -1 0 -1 1 0 2 -2 -1 0 0 1 2 -1 -1 0 1 1 -1 1 0 1 2 0 1 -2 0 -1 0 2 2 0 1 2 -1 1 1 0 0 -1 1 -1 0 2 0 0 1 1 1 0 -1 2 1 0 0 -1 -2 0 0 2 0 0 1 1 0 1 0 -1 0 2 -1 -1 1 0 0 -2 1 1 -1 1 1 2 -1 0 0 0 0 0 1 0 19 1 0 0 0 0 0 1 0 -1 1 -1 0 1 1 0 0 -1 0 0 0 0 0 0 0 -1 -1 0 0 1 0 1 1 -1 0 2 0 1 -1 1 -1 2 2 0 -1 2 0 2 0 0 0 1 0
1 0 0 1 0 1 1 1 -1 0 0 -1 1 -2 0 1 3 0 1 -1 2 0 -1 0 0 0 -1 0 1 0 1 2 0 -1 0 1 0 -1 1 0 1 0 1 0 -1 1 0 0 2 0 0 0 1 1 0 0 1 -1 0 0 0 -1 -1 -1 1 0 2 0 -1 0 0 0 1 0 0 0 0 1 0 5 -2 1 0 1 0 1 -1 0 0 0 -1 1 1 -2 0 2 0 0 2 0 0 0 0 0 0 0 1 0 0 0 1 -1 1 -1 1 0 -1 -1 0 -1 0 0 1 0 -1 0 1 -1 1 0 0 0 0 0 -1 1 1 0 -2 -2 -1 0 0 3 -1 -1 1 2 0 2 0 -2 0 0 -3 1 2 0 0 0 1 1 1 1 -1 0 0 1 1 2 0 0 0 0 1 -2 2 0 0 2 1 -1 0 1 -1 0 -2 -1 -1 1 0 0 0 -2 2 0 -2 -1 -1 0 0 0 2 2 0 2 0 0 -1 -1 0 0 0 1 0 -2 1 -1 1 0 0 0 0 0 -1 0 -2 0 0 -1 -1 0 -1 0 0 -1 0 1 1 2 1 1 0 0 0 0 1 1 1 -1 0 1 0 0 0 0 0 1 23 0 1 1 0 2 0 -2 1 1 -1 0 -1 1 2 0 -1 -1 -1 1 0 3 -1 -1 1 0 3 0 1 -1 1 2 0 1 -1 0 -1 -1 1 1 -1 0 -1 0 0 0 1 3 0 -2 3 -3
1 1 1 1 0 -1 2 1 2 -1 2 0 1 -3 0 0 1 0 3 0 0 2 0 3 0 0 0 1 -1 0 2 0 0 0 0 -1 3 1 -1 -2 0 1 1 1 -2 -1 -1 -1 1 -1 2 2 0 0 3 1 0 2 0 0 -2 0 0 -1 -1 0 1 0 3 -1 0 0 0 0 1 2 -4 1 1 2 0 1 0 1 0 0 1 2 0 0 1 -1 1 0 1 6 0 1 0 -1 1 -1 3 -1 -1 0 -1 0 3 0 0 0 0 -1 0 1 0 -1 -1 0 0 0 1 0 1 0 0 0 0 1 1 0 0 0 2 2 -1 0 0 5 0 -1 0 1 1 0 -2 -1 1 0 0 1 -1 0 0 0 1 0 0 -1 1 3 0 0 0 0 2 -1 1 0 0 1 0 1 -1 0 0 1 1 0 1 0 -1 1 0 0 3 2 -1 0 0 2 0 0 0 1 0 0 -1 2 0 0 1 -1 0 2 2 0 -1 -1 0 0 1 0 0 0 -1 0 -1 -3 2 0 0 0 0 1 2 0 2 1 0 0 -1 0 1 0 0 2 0 0 -2 2 0 1 -2 0 1 0 0 0 2 -1 -1 1 0 0 -1 0 0 23 1 0 0 0 0 0 -1 0 2 -2 -1 2 -1 1 0 0 2 -2 0 1 0 1 0 1 3 1 0 1 -2 -1 3 0 1 1 0 -1 0 -1 1 2 0 0 0 -1 1 0 1 1 -1 0
1 0 -1 0 0 0 -2 1 0 0 1 -2 -2 -1 -1 0 1 0 1 0 -1 1 -2 1 0 2 -1 0 1 0 2 0 0 2 3 -2 -1 1 -1 -1 0 0 2 2 0 -1 0 -1 1 2 2 2 3 -1 0 1 0 0 0 0 2 0 -1 0 0 0 0 0 1 1 0 1 2 0 1 0 2 0 0 1 -2 0 0 1 -1 2 -1 3 -2 0 1 -1 0 0 0 0 1 0 -1 1 0 -1 0 0 1 0 0 2 2 1 1 0 0 0 -1 -1 1 -1 1 0 0 1 -1 1 1 0 2 -2 1 2 1 1 2 1 0 0 1 1 0 0 0 2 2 0 0 -2 1 0 0 -1 -1 0 0 0 1 1 0 0 0 0 0 1 0 1 0 -1 2 0 -2 0 -1 1 0 0 0 -1 -2 -1 0 1 0 0 1 4 0 1 1 -1 -1 0 0 0 0 0 1 0 2 0 1 1 1 0 -1 -1 -2 0 -1 -3 -2 -1 1 1 -2 2 0 -2 -1 0 0 0 1 0 1 -1 0 1 1 -1 1 1 -1 2 -1 -1 -1 -1 -1 -2 0 0 0 0 -1 0 -2 1 2 -1 0 -2 0 0 -1 0 0 0 -2 0 1 1 19 -4 0 0 0 0 1 1 1 0 2 2 2 -1 1 1 0 0 0 2 2 -1 -1 -1 0 0 0 0 0 0 1 0 -1 0 1 0 1 1 0 1 0 0 0 0 -1 -2 0 0 0 -1
-1 1 1 2 0 -1 0 -2 -1 1 -2 0 1 0 -1 0 0 0 -1 -1 1 -1 -1 -1 0 0 0 0 0 0 0 0 0 0 -1 1 0 1 0 0 0 0 -1 1 -1 0 -2 1 -1 -1 1 1 -1 0 0 0 0 -1 1 0 -1 -1 0 1 1 -2 -1 0 0 -1 0 -3 1 0 0 -1 -1 -2 0 2 0 0 0 -1 -1 0 -1 0 1 -1 0 0 0 0 2 0 0 1 0 0 1 0 0 -1 0 0 0 1 0 0 0 -1 0 -1 1 -1 1 0 -1 0 2 -1 -1 -1 -1 0 0 2 0 0 -3 0 0 0 -1 -1 0 0 1 0 0 0 -1 1 0 0 -1 0 0 -1 -1 0 0 -2 0 0 1 -1 0 1 0 0 -1 0 1 0 0 -1 1 0 -1 1 0 0 1 -2 -1 1 0 -1 0 0 -2 0 0 0 0 0 0 0 0 0 0 1 0 -2 0 0 0 -2 0 0 1 -1 0 0 1 -1 2 0 -1 -1 0 0 -1 2 2 0 1 1 0 1 -1 0 1 -1 1 0 1 -1 0 -2 0 2 0 1 -1 3 0 0 0 0 1 0 1 0 1 0 1 1 0 1 0 1 0 0 0 0 1 0 -4 15 2 1 0 -1 -1 0 -1 0 0 0 0 0 0 0 -1 -1 0 1 -1 -1 0 -1 1 0 0 0 0 0 1 -1 1 0 0 0 0 0 -1 -1 0 1 0 1 0 0 0 0 -1 1
2 0 0 0 1 2 2 0 0 0 -1 0 -4 0 0 1 -1 -1 0 -2 0 -1 1 0 0 -1 0 0 0 0 0 0 0 1 0 0 2 0 1 -1 0 0 0 2 0 -1 0 0 0 0 2 1 0 0 0 0 0 -1 0 1 1 0 -2 1 -1 1 1 -1 -1 1 1 -1 1 1 1 0 0 0 -1 0 0 2 1 0 0 0 0 1 0 -2 0 0 1 0 0 1 0 0 0 0 1 0 0 0 0 2 -1 1 0 -1 0 1 1 0 0 0 0 0 0 0 0 0 0 0 1 0 -1 2 -2 0 1 1 1 0 -1 0 1 0 0 1 0 0 -1 1 0 -2 -1 1 0 1 0 1 0 0 0 -2 0 0 -1 -1 5 0 0 1 3 0 1 0 1 0 0 1 1 -1 1 1 0 0 1 1 0 -1 0 -1 0 2 0 0 1 -1 0 1 0 1 -1 0 0 1 0 -3 0 1 0 2 1 0 0 -2 -2 0 2 0 1 1 0 0 0 0 0 0 0 0 0 0 1 0 -2 0 1 -1 -1 0 -2 2 0 0 -3 1 1 -1 0 0 0 0 0 -1 1 0 0 0 1 0 2 -2 0 2 0 0 0 0 0 2 17 1 0 0 0 0 0 -1 0 0 1 -1 0 2 1 0 0 1 -1 -1 0 1 0 0 1 1 -4 0 -1 1 -1 2 0 -2 -1 0 -2 1 -1 -1 1 0 0 3 -1 -1 0 1
1 1 0 -1 0 0 0 0 -1 -1 0 -1 0 1 0 1 1 0 0 -1 0 0 -1 0 1 0 0 0 -1 0 1 0 -1 2 1 -1 -2 -2 1 -1 0 0 1 -2 -1 0 1 1 -1 0 1 0 1 0 0 -1 -1 2 1 0 -1 1 0 0 0 -1 1 0 -3 2 0 -3 0 -1 0 0 0 -2 -1 -1 0 1 2 0 0 0 -1 1 0 1 1 0 3 0 -1 0 -1 1 0 0 0 1 0 0 0 1 0 -1 0 0 0 0 2 0 0 -1 -1 0 1 1 0 0 0 0 1 0 -1 -1 1 1 1 0 1 0 0 0 0 0 0 0 0 0 -1 1 1 -1 -1 0 -1 0 0 0 0 0 0 1 0 0 0 1 1 -2 0 2 1 0 0 0 1 1 0 0 0 -2 1 0 2 0 1 -1 0 -2 0 0 1 -2 -2 0 0 0 0 1 1 -3 -2 0 -1 -1 0 1 0 1 1 0 0 0 1 2 0 -1 0 0 0 0 1 0 2 0 1 0 0 0 0 1 1 0 0 1 2 -2 -1 0 0 -1 1 0 -1 0 0 0 -1 0 0 1 0 -1 0 0 0 1 0 1 -1 0 2 2 1 0 2 0 0 1 1 18 1 0 0 0 0 1 -1 -1 1 0 2 1 -1 1 -1 3 1 0 1 0 1 0 0 1 0 -1 1 2 0 0 -1 0 2 2 1 0 1 0 -2 -2 1 -1 3 -2 2 0
0 0 1 1 0 0 1 0 0 0 0 -2 0 0 0 0 2 0 -1 0 0 0 0 0 0 1 0 1 0 -1 0 1 0 0 0 0 2 -1 1 0 0 0 1 0 0 1 0 1 0 -1 -1 0 0 0 0 1 0 -1 -1 -1 0 1 1 2 0 1 0 1 0 1 0 0 0 0 1 2 0 0 0 -1 0 0 0 0 0 -1 0 3 -1 0 0 0 0 0 0 1 0 0 -1 -1 0 1 0 0 0 0 1 1 2 -1 0 0 0 0 0 0 0 0 1 0 0 0 0 -1 0 1 -1 0 0 0 1 0 -1 0 1 0 2 0 0 -1 0 -1 0 0 0 0 0 -1 0 0 1 1 1 0 -1 2 1 0 1 0 1 0 0 0 0 0 0 0 1 0 0 0 0 -1 -1 1 0 0 0 1 0 -1 0 0 0 0 1 0 0 -1 -1 0 1 0 2 0 2 0 -1 0 0 0 1 1 0 -1 0 2 -1 0 2 0 2 -1 0 1 0 1 0 0 0 0 0 0 0 2 1 0 0 0 0 0 1 -3 0 -1 0 -1 0 -1 0 0 0 0 0 0 2 2 0 0 0 0 0 1 0 0 -1 1 0 0 0 0 0 1 12 -1 0 1 0 0 0 0 -1 0 2 1 0 0 0 0 0 0 -1 -2 1 0 0 0 1 0 1 0 1 0 0 0 0 1 0 -2 -1 0 0 0 1 1 0 0 0 2
2 0 0 -1 1 0 -1 1 2 0 0 0 0 1 0 0 1 1 0 0 -2 0 2 -1 0 1 0 -1 0 1 -1 0 2 3 0 0 -2 1 -1 0 0 0 -1 0 1 0 1 0 0 0 0 -1 -1 1 0 0 -1 0 -1 1 0 1 0 1 -2 2 0 0 0 0 -1 1 0 0 0 -1 1 -1 0 0 0 0 0 0 0 1 2 0 2 0 -1 1 0 2 0 1 0 1 0 0 0 -2 0 0 1 1 0 1 -1 1 0 0 4 2 1 0 0 1 -1 0 -2 1 0 0 0 3 0 1 0 0 0 0 1 0 0 0 0 0 1 0 0 2 0 0 0 0 -1 0 1 0 1 -1 1 0 3 1 0 0 0 -1 2 0 -1 0 -1 1 0 0 0 0 -1 0 -1 1 0 -1 1 -1 1 0 -1 1 0 -1 0 1 1 0 0 1 -1 0 0 0 0 0 -1 0 1 1 1 1 2 1 1 1 0 -1 -1 3 1 -1 2 0 0 0 2 1 0 -1 1 0 -1 1 0 0 -1 0 -1 -2 2 0 0 0 -1 0 -1 -1 2 0 0 0 -1 0 1 0 0 -1 0 -1 0 0 1 0 -1 1 1 0 -2 0 0 -1 0 0 -1 15 0 0 0 0 0 0 2 0 -1 0 0 1 0 -1 0 1 -1 0 0 0 0 0 0 -1 0 1 2 -1 0 1 0 0 1 2 0 1 0 -1 1 -1 -1 1 0 1
1 0 0 1 0 -1 0 1 0 -1 -1 0 -1 0 -1 -1 1 0 1 0 1 0 0 0 -1 0 0 0 0 0 0 1 -1 -1 0 1 0 0 1 0 0 0 -1 0 0 0 1 0 1 -1 1 1 3 0 0 0 0 0 -1 0 1 0 -1 -2 -1 0 0 -1 0 1 1 0 -1 0 0 1 -1 1 0 0 0 -2 -1 0 1 0 0 -1 0 -1 0 0 0 1 2 1 -1 0 0 -1 -1 0 0 1 0 -1 1 0 -1 1 1 0 1 0 0 -1 1 0 1 1 0 0 -1 -2 0 0 0 0 4 -1 1 2 0 0 0 0 1 0 -1 0 0 0 0 0 0 -1 -1 -1 -1 0 1 0 0 0 -1 1 0 0 0 1 1 -1 -1 0 0 1 0 0 2 0 1 2 0 0 -1 -1 0 0 0 0 1 -2 -1 -1 0 0 0 0 -2 1 0 0 0 0 -1 0 0 0 0 1 0 1 0 -1 0 -3 0 -1 0 0 0 0 0 0 0 0 -2 -1 0 -1 0 0 -2 0 0 0 0 -2 0 0 0 0 0 -1 -1 -1 -1 -2 0 0 1 0 0 0 0 -1 0 -1 -2 0 0 0 0 0 -1 0 0 -1 1 -1 1 -1 0 0 0 0 15 1 0 -1 1 -1 0 1 0 0 -2 1 0 -3 1 0 1 0 -1 0 0 1 2 0 -1 0 0 0 -1 0 0 1 0 0 0 0 0 0 -1 1 0 0 0 -2
0 1 0 0 2 0 0 0 1 0 -1 0 1 1 0 1 1 0 0 -1 0 0 1 0 0 1 0 0 0 -1 0 0 -1 -1 1 -2 -1 0 0 0 -1 1 2 1 -1 0 0 0 -1 0 1 2 -1 -2 0 -1 1 0 1 1 0 1 -1 0 0 1 0 -1 0 0 1 -1 -1 0 -1 1 0 2 0 -1 -1 0 -1 0 0 0 0 1 -1 -1 -1 0 2 1 0 1 1 1 0 0 -1 1 0 0 1 0 0 0 0 1 2 -1 -2 -3 -1 0 1 0 0 -1 0 1 -2 0 -1 2 0 0 0 0 -1 0 2 2 -1 0 0 0 0 0 1 1 1 1 0 -2 2 1 0 0 1 1 0 0 0 -1 0 0 -1 0 2 0 0 0 0 1 0 0 0 2 1 2 2 1 -2 0 1 0 1 0 2 -1 -1 -2 0 1 0 0 1 1 0 3 1 0 0 1 1 1 1 0 1 0 0 0 -1 0 0 0 -1 -2 0 0 -1 2 1 0 1 1 0 1 1 -1 1 0 0 -2 0 0 0 0 2 -3 0 -5 0 0 0 0 0 0 0 -2 0 1 -2 0 0 1 1 0 -2 0 1 1 0 0 -1 1 1 0 1 0 0 0 1 0 1 17 0 0 0 0 1 0 0 1 0 0 0 0 0 0 -2 1 -1 0 0 -1 1 1 0 -1 0 0 -1 -3 0 -1 1 -1 0 0 2 0 0 1 3 1 0 0
1 -1 0 0 1 1 1 0 0 0 0 0 -1 0 0 -1 0 0 1 0 1 0 0 1 0 1 0 0 0 0 0 0 1 0 0 1 0 0 0 0 0 0 0 1 -2 -1 0 0 1 2 1 1 0 0 2 0 1 2 0 0 0 1 0 -1 1 0 1 1 1 0 1 0 0 0 0 1 0 -1 0 -1 -1 0 0 0 0 1 1 0 0 0 0 0 1 -1 0 0 0 0 1 0 0 0 0 0 0 0 0 -2 0 0 -1 1 0 0 0 0 3 0 1 0 0 1 1 1 2 0 0 0 0 0 1 0 0 2 0 0 0 0 0 1 0 -1 0 -1 0 -1 0 1 0 0 0 1 -1 0 0 1 1 0 0 0 1 0 1 0 0 0 0 0 0 1 0 0 0 0 -1 1 1 1 0 0 0 0 1 1 0 0 2 -1 0 0 0 0 0 0 0 0 0 -1 -1 0 0 0 0 1 -1 1 1 0 0 1 1 0 -1 0 0 0 0 0 0 0 0 0 0 0 0 0 0 0 2 -2 0 0 1 1 -1 0 0 0 -1 0 0 0 0 0 -1 0 0 0 0 -1 0 0 1 0 0 0 0 -1 -1 2 1 -1 0 0 0 0 0 0 11 0 0 -2 2 0 0 0 0 0 0 0 0 2 0 0 1 0 0 2 0 0 -1 0 0 1 0 -1 0 1 -1 1 0 0 0 0 -1 0 1 0 0 0
0 1 3 -1 0 -1 2 1 0 2 0 0 0 0 3 0 0 0 0 -1 -1 1 0 0 0 0 -1 1 0 1 3 0 0 0 0 -1 0 0 0 0 0 0 0 0 0 1 1 0 3 -1 1 -1 0 -1 1 1 0 0 0 0 0 -1 0 -3 -1 -1 0 0 0 2 0 2 -1 -1 0 0 1 1 0 0 0 2 0 0 0 0 1 1 1 0 -1 0 1 1 0 -2 1 0 -1 0 2 0 -1 -1 0 -1 0 0 0 2 0 0 0 0 0 1 0 0 0 -2 0 0 1 1 0 0 1 0 1 0 3 0 0 0 -1 1 -1 0 0 1 -1 0 -1 1 0 -1 2 -1 2 -1 0 0 0 0 0 0 0 -1 0 0 -2 0 0 0 -1 0 0 1 -1 2 0 0 -1 1 0 0 0 1 -1 -1 0 0 1 1 0 0 -1 -1 1 0 0 1 0 0 0 -1 -1 0 0 0 2 1 1 1 2 -1 0 0 1 1 0 1 0 0 2 0 1 1 4 1 0 -1 0 1 0 -1 0 1 2 0 0 -1 1 2 0 1 2 0 0 0 0 0 0 0 1 0 1 0 1 0 0 0 -2 0 1 -1 0 0 0 -2 0 0 -1 1 0 0 -1 0 0 17 1 -1 1 1 2 1 -1 1 0 0 0 0 0 0 0 0 0 -2 1 -1 0 0 -1 -1 1 0 1 0 1 -1 0 0 1 1 0 -1 -2 -1 0 0
1 0 1 1 0 0 -1 0 0 1 0 0 0 1 0 1 0 0 0 -2 -1 -1 0 0 -1 0 1 0 0 0 0 0 0 0 0 -2 0 3 0 0 1 0 0 1 1 -2 2 -2 1 1 0 -1 2 0 0 2 -1 -1 0 -1 0 0 0 0 1 0 0 1 1 -1 0 0 -1 0 0 -1 0 0 2 1 0 -1 0 1 -1 3 -1 -1 0 -1 0 1 0 2 0 0 1 1 0 1 0 1 0 -2 0 0 1 1 -1 0 0 -1 0 0 0 0 0 -1 1 1 1 0 -1 0 1 0 -1 1 1 2 -1 -1 0 0 -1 -1 -1 0 -2 0 0 -1 1 -1 1 0 0 2 0 0 0 0 0 0 0 2 -1 0 0 0 0 1 0 2 2 0 0 0 0 0 1 1 -2 -1 0 1 -1 0 0 0 0 0 2 2 1 0 0 0 0 0 -1 0 0 1 0 1 0 0 -1 1 0 0 -1 0 -2 -2 0 0 1 0 0 0 0 0 2 0 1 -1 0 2 1 1 0 -1 0 1 1 -1 1 0 0 -1 0 0 0 0 0 0 0 1 0 1 1 0 0 1 1 0 0 0 0 -1 0 1 0 2 0 1 -1 -1 2 0 0 -1 0 0 1 0 0 1 16 4 0 -1 1 1 0 0 0 0 1 0 1 0 0 1 1 -1 2 1 0 1 2 1 0 0 1 -1 -1 0 0 0 -1 -1 0 0 -1 0 -2 -1
0 1 1 2 0 0 -2 0 0 -1 1 0 1 0 0 2 -1 0 0 -1 0 1 -1 0 0 0 1 1 2 0 -1 0 1 2 0 2 1 2 1 0 0 0 0 3 3 -1 1 -1 3 -2 1 0 -1 1 0 2 -1 0 2 -1 0 0 0 0 1 1 0 0 2 0 -1 0 0 1 0 1 -1 0 -1 3 0 -1 1 0 -1 2 0 -1 0 0 0 0 2 1 2 2 1 -1 0 0 0 -2 1 -1 0 2 1 3 0 0 0 -1 1 0 0 1 0 -1 -2 -2 1 -1 -1 2 -1 0 1 1 0 0 2 -1 1 0 1 -1 -2 0 -2 0 0 1 0 0 -1 0 -1 0 -1 0 -1 0 0 1 0 0 -1 0 0 0 1 1 0 1 1 0 -1 0 0 0 1 0 -2 0 2 0 -1 2 -1 -1 0 0 0 1 0 0 0 1 -1 0 0 0 1 2 0 0 0 -1 1 1 0 0 -1 1 0 1 1 0 1 0 -1 -1 0 -2 0 0 1 0 -1 0 -1 0 0 0 0 0 0 1 -1 1 -1 0 -2 -1 0 -1 0 -1 2 0 0 1 1 1 -1 3 0 0 0 -2 0 0 0 -1 0 1 -1 1 1 2 2 0 0 -1 0 0 -1 0 -2 -1 4 18 -2 -1 1 0 1 -1 0 0 1 -2 0 0 0 0 1 0 1 -2 0 -1 1 -1 1 1 0 1 1 0 0 0 2 -2 0 1 -2 1 -2 0
2 1 0 0 1 1 -1 1 0 0 0 0 -2 1 0 0 0 0 -2 1 -1 2 0 0 -2 0 -1 0 1 0 0 -1 1 3 -2 1 -1 0 0 2 0 -1 0 0 0 0 0 0 0 4 0 -1 -1 0 1 1 -1 0 0 1 2 0 1 -1 2 0 1 0 -1 -1 -1 1 0 0 0 -1 1 0 0 2 1 0 -1 0 3 1 -1 0 -1 0 0 0 1 -1 -1 1 0 0 -1 -1 0 -1 0 0 0 0 0 -1 1 0 1 0 0 0 -1 0 0 0 -1 0 1 1 2 -1 0 -1 1 0 -2 -1 -1 0 2 0 -2 1 -1 1 0 0 -1 1 2 2 0 0 0 -1 1 -3 1 -1 0 0 2 1 0 3 0 2 -1 0 0 -2 2 0 0 -2 -2 0 0 1 0 1 2 -1 0 -2 -1 -2 0 -1 0 0 0 1 0 1 1 1 0 0 -2 0 1 1 -1 -1 0 1 0 0 -1 1 -1 1 1 -1 4 0 1 0 -1 2 3 1 -3 0 1 0 1 1 1 1 0 0 0 -1 0 -1 1 -1 1 2 0 0 -1 2 2 0 2 0 2 -1 -2 0 -1 2 -3 -1 0 1 0 1 -1 2 2 0 2 -1 2 0 1 1 -1 2 0 1 2 1 0 -2 26 2 0 0 1 1 -1 1 2 1 0 0 -1 0 -1 1 -2 0 0 -1 0 0 0 -1 1 -1 -2 3 2 2 0 1 0 0 -1 1 1 0
-1 1 0 -1 1 0 1 1 1 2 1 0 -2 -2 1 -2 -1 -1 0 1 0 3 1 0 -2 -1 0 0 1 -1 -1 0 0 -1 -1 0 0 -1 0 0 0 0 -1 0 0 3 -1 -1 -1 0 2 -2 0 -1 1 0 -1 2 1 0 1 -1 -2 1 0 1 1 -1 0 0 0 1 1 -1 0 1 1 0 1 2 0 0 0 0 1 -1 0 0 -1 1 -1 -1 0 -1 0 1 1 2 -1 -1 0 -1 0 1 -1 -1 0 1 0 2 -1 1 1 0 0 0 -1 0 0 -1 0 0 0 3 -2 -1 -1 0 1 2 0 2 0 0 0 1 0 0 0 1 0 -2 1 0 -1 1 0 1 0 0 1 0 -1 1 -1 0 1 0 0 0 0 0 0 -2 -2 0 -1 0 0 0 -1 1 0 0 0 1 0 0 0 0 0 1 0 -1 0 0 0 -2 -1 -1 -2 0 0 1 0 -1 0 1 0 -1 1 1 0 0 0 0 0 -1 0 1 -1 0 0 -1 0 0 -2 1 0 -1 1 0 0 1 0 -1 -1 0 -1 1 -1 0 1 0 2 0 -1 0 1 0 1 1 0 0 0 0 1 0 0 -1 0 1 -2 0 0 0 0 0 0 1 -1 0 -1 0 0 0 1 0 0 1 -1 -1 2 14 0 0 -2 0 -1 0 1 1 0 1 1 0 0 -1 -1 0 0 0 -1 0 1 0 1 1 0 -2 0 0 0 1 0 0 0 0 -1 0
-1 0 1 1 -1 -2 0 2 1 -1 -1 1 0 0 0 0 0 0 1 2 -1 0 -1 -1 0 1 1 -1 0 0 0 0 -1 0 1 -1 0 1 0 1 -1 1 2 -1 0 -1 2 0 2 -2 1 0 -1 0 0 3 -1 0 0 -1 -2 0 2 -2 2 0 0 0 0 2 0 0 0 0 -1 0 1 0 -1 0 0 1 1 0 0 0 1 3 -2 -2 0 0 2 1 0 0 2 1 0 0 0 0 -1 1 0 0 -2 2 1 -1 -1 2 2 -1 -1 0 0 0 0 1 0 -1 0 0 0 1 0 0 0 2 0 1 -1 0 0 0 0 0 -1 0 -1 0 0 -1 0 2 0 -2 -1 0 0 1 0 0 0 1 -1 0 -1 0 0 -1 1 0 1 -1 -1 1 0 -1 0 0 -1 1 1 0 0 0 1 0 0 0 1 -1 1 1 0 0 0 -2 0 1 0 -1 1 0 1 -2 -1 1 -1 0 2 0 0 0 0 1 1 1 1 0 0 -1 0 0 0 1 0 -2 0 1 2 0 0 1 1 2 1 0 0 1 0 -1 0 1 0 0 -2 0 -1 1 3 1 0 -1 2 2 1 0 -1 -1 0 -1 0 1 0 -1 -1 0 1 0 0 2 2 -1 0 0 0 2 1 1 0 0 18 1 0 0 0 0 0 1 -1 0 0 0 0 1 0 0 0 1 -1 0 0 0 2 0 0 -1 1 1 1 -2 -1 0 -1 1 0 0
-1 0 0 0 -1 0 2 0 -1 1 1 1 -1 0 1 0 0 0 -1 0 -1 0 1 -1 0 0 1 0 0 -1 0 0 -1 2 0 1 0 1 0 -1 0 2 1 0 0 -1 1 0 0 0 -2 0 0 0 2 1 0 0 0 1 0 -1 0 0 -2 0 0 0 1 0 0 -1 1 0 -1 2 0 0 -1 -1 0 0 2 0 0 -1 0 1 0 -1 0 0 0 0 1 0 0 0 0 0 0 0 2 0 0 1 0 1 1 1 0 0 0 -2 -1 0 0 0 0 0 0 1 -1 2 2 0 0 0 0 0 1 1 0 0 0 0 -1 1 0 -1 -2 1 0 0 0 0 0 -1 1 0 -1 -1 0 1 0 2 0 0 -1 1 1 0 0 1 2 1 0 1 -1 0 0 0 1 0 0 1 1 0 1 2 -1 -1 1 1 1 1 0 0 2 -1 0 0 1 2 1 0 3 0 0 1 0 1 0 -1 1 -2 1 -1 1 0 0 0 0 0 0 0 0 0 -1 2 1 0 1 0 0 0 0 1 1 -1 0 1 0 0 0 0 0 -1 0 0 0 0 -1 2 0 -1 1 0 0 0 0 0 0 1 1 -1 0 0 -1 0 1 0 2 1 1 0 0 1 0 1 1 0 0 0 1 13 1 -1 0 0 0 0 0 -1 1 0 0 -1 1 0 0 1 0 1 -1 1 1 0 2 0 0 0 0 -1 1 -1 -1 -1 0 0
0 0 -1 -1 0 0 2 1 -1 -2 3 2 0 1 1 2 0 0 0 -1 0 -1 0 0 -1 0 0 0 0 0 1 0 0 -1 0 0 2 0 0 0 0 0 0 0 0 -2 -1 1 3 1 2 -1 0 -1 -1 0 0 -1 -1 0 2 0 1 0 -1 0 -2 0 1 1 0 -2 0 1 0 -1 -1 0 2 2 0 1 0 0 1 -1 0 0 1 -2 0 0 -2 -1 0 3 -1 0 -1 0 1 0 1 0 0 0 0 1 0 0 -1 0 0 -1 1 0 0 0 0 -2 -1 0 -1 2 0 0 1 0 -2 -2 0 -2 0 0 1 -1 0 0 -1 0 1 0 2 0 1 1 0 -1 0 1 0 0 0 0 1 2 0 0 0 0 1 1 0 -1 1 0 1 0 1 0 0 -1 0 -1 1 2 0 1 0 1 0 0 0 1 1 0 0 1 1 1 0 1 0 0 0 1 1 2 0 0 -1 0 -1 0 0 1 -1 0 0 0 1 1 0 1 2 0 -3 0 0 1 0 -1 1 1 0 1 2 -1 0 2 2 0 -1 -1 -1 -1 0 0 2 0 2 2 -1 0 0 0 0 0 1 0 1 0 1 0 1 0 0 0 -1 2 0 -1 1 -1 0 0 -2 0 0 -1 0 1 1 -2 0 1 18 -3 0 -1 0 0 1 1 -1 0 1 0 -2 0 1 1 0 -2 -1 1 -1 0 0 0 0 0 -1 -2 0 0 0 -1 1 1
0 0 0 0 0 -1 0 1 0 0 1 -1 0 -1 0 -1 0 -1 1 1 1 0 0 -1 -1 3 -1 -1 -2 0 0 0 1 2 0 0 -2 1 -1 0 0 0 0 -1 -1 1 2 0 0 2 0 -1 0 0 1 -1 0 0 0 0 0 0 1 0 0 0 0 0 -1 1 0 0 0 0 0 0 2 0 -3 -1 0 0 1 0 2 0 0 -1 0 2 0 0 1 0 3 -4 1 0 -1 1 0 -1 0 0 1 0 2 -1 0 0 1 0 0 0 1 0 0 -1 0 -1 -1 0 1 2 0 1 0 1 1 0 1 0 1 0 -1 1 0 0 1 0 -1 -1 0 0 1 0 1 0 -1 0 0 0 0 0 -1 0 0 0 0 -1 0 1 -1 1 0 0 0 0 2 0 1 -1 0 0 1 2 2 -1 0 1 0 1 0 0 -1 0 -1 -1 0 0 -2 0 2 1 1 0 -2 0 0 0 0 0 0 0 0 -1 -2 0 0 0 0 -1 -1 0 -1 0 -1 -1 -1 -1 1 -1 0 1 -1 0 -3 0 0 2 0 0 1 0 1 0 0 0 0 0 0 -1 1 0 1 0 0 1 0 -1 0 1 2 1 2 0 1 0 1 -2 0 -1 0 1 0 1 1 0 0 1 0 -1 1 0 0 -1 -3 17 0 0 -1 -1 0 0 0 0 0 0 1 0 0 0 0 1 -1 0 0 0 0 1 0 -1 0 -2 0 1 0 0 0 0
-1 0 0 0 0 0 0 0 0 -1 0 1 0 0 0 0 1 0 1 0 0 0 0 0 0 0 1 0 0 0 -1 0 0 1 0 1 1 0 0 0 0 0 0 0 0 0 0 0 0 0 -1 0 0 0 0 0 1 1 0 0 0 0 1 0 0 0 0 0 1 0 0 0 0 0 0 1 0 1 0 0 1 0 0 0 0 0 1 0 -1 -1 0 1 0 2 0 0 0 0 1 0 0 0 0 1 0 0 1 1 0 0 0 0 1 -1 0 0 1 1 0 2 1 0 1 0 1 1 0 1 0 -1 0 0 0 0 1 0 0 0 1 0 0 1 1 0 0 0 0 1 0 2 0 0 0 0 0 -1 0 0 0 -1 0 0 0 1 0 0 0 -1 0 1 0 0 -1 0 -1 1 0 0 0 0 0 0 0 0 0 -1 0 0 0 1 1 0 0 0 0 0 2 1 0 0 0 -1 0 0 0 0 0 0 0 0 0 0 0 0 0 -1 2 0 0 1 0 0 0 -1 -1 0 1 0 -1 -1 0 0 1 0 0 1 1 0 0 1 0 1 0 0 0 0 1 0 0 0 0 -1 -1 0 -1 0 1 0 0 0 0 0 0 -1 0 0 0 0 0 0 0 0 -1 -1 0 0 0 0 6 1 0 0 -1 -1 0 0 0 0 1 -1 0 0 0 2 0 0 0 0 0 0 0 0 1 0 0 -1 -1 0 -1 0
1 0 0 0 2 0 0 0 -1 2 0 -1 0 1 1 -1 0 1 1 -1 -1 0 -1 1 0 -1 0 0 0 1 2 0 0 3 -1 2 0 -1 -1 0 0 0 1 -1 0 0 0 1 -1 2 -1 0 2 0 0 0 0 2 1 1 0 2 -1 0 1 0 1 0 1 1 0 2 3 0 0 0 -1 1 0 0 1 2 1 0 1 1 -1 1 0 1 1 0 2 0 0 -1 0 0 2 2 1 0 0 1 0 -1 -1 0 1 0 1 -1 0 0 0 -1 -1 1 2 0 0 0 1 1 -1 1 1 0 1 1 0 1 0 0 0 0 0 1 2 0 1 2 1 0 0 0 2 1 1 0 0 0 -1 -1 -1 -1 0 0 0 0 -1 0 2 3 1 -1 0 2 0 -1 0 1 1 0 0 1 0 0 0 -1 1 -1 0 0 0 0 0 0 1 1 -1 -1 0 0 0 0 1 0 2 0 0 0 0 0 0 0 1 1 0 -1 3 0 0 0 1 0 2 -1 0 1 0 0 0 0 0 0 -1 0 1 0 0 0 -4 0 1 0 -1 1 1 0 -1 1 1 0 -1 0 0 1 1 1 0 0 -1 0 2 2 -1 0 3 1 2 1 1 3 0 -1 -3 0 0 0 0 0 1 0 0 0 -1 0 1 18 0 0 0 -1 1 1 1 0 -1 0 1 0 0 -1 1 -1 1 0 0 0 0 0 1 0 2 1 0 -1 1 0
0 1 -1 -1 0 0 -1 -1 0 -1 0 0 1 0 -1 0 0 0 0 0 -1 1 -1 0 0 1 0 -1 1 0 -1 0 -3 -1 0 0 0 0 0 -1 -1 -1 -2 0 1 0 0 1 1 -1 -1 -2 1 2 -1 1 -1 0 0 2 0 0 0 -2 1 0 -1 1 0 1 0 -1 0 0 -1 -1 0 0 1 1 -1 0 0 0 0 0 -1 0 -1 0 0 1 0 0 0 0 0 0 0 -1 0 0 0 -1 0 0 0 0 -2 -2 1 0 1 -1 -1 0 -1 0 0 1 0 0 1 -2 -1 0 -1 -1 0 0 2 0 0 0 0 -1 0 0 -1 2 -1 1 2 0 -1 0 0 -1 1 -1 -1 2 0 0 1 0 0 1 0 3 -2 0 -1 2 1 0 -2 -1 1 0 0 0 0 1 -2 0 0 0 0 -1 0 0 0 0 1 0 -1 1 0 1 1 -1 -1 0 0 -1 0 0 1 0 0 0 -2 -1 -2 1 0 0 2 0 0 -1 -2 0 2 0 -2 -1 0 0 0 0 0 0 0 0 1 0 0 0 0 1 1 -1 0 -1 0 0 1 0 -1 0 0 -1 0 0 2 0 -4 3 0 0 -1 0 2 0 1 0 -1 0 2 -1 -1 1 0 0 1 0 0 0 1 1 2 1 0 0 0 -1 0 0 16 0 -1 0 -1 0 0 0 0 0 0 0 1 0 -2 -1 1 0 1 -2 1 1 1 1 -3 -1 -1 1 0 0
-1 -1 -2 1 0 1 0 0 0 0 -1 0 0 -1 0 -1 1 0 -1 0 0 0 2 -2 0 0 1 -2 0 0 0 0 2 0 -1 0 -2 0 1 1 -2 1 -1 1 0 0 0 -1 -2 0 -2 0 1 1 1 0 -1 2 -2 1 -1 0 1 -2 -1 2 1 0 0 0 1 -1 0 -2 0 2 0 5 -1 0 -1 0 1 1 1 -1 0 0 0 1 1 -2 1 1 1 -1 0 0 0 0 -1 1 0 0 0 -2 -1 0 0 0 0 1 0 -1 0 1 -1 1 1 2 0 0 2 -1 1 0 0 0 0 2 0 0 0 2 1 0 1 0 1 -1 0 1 0 -1 0 0 -1 0 -1 -1 1 0 0 -1 2 0 -1 1 0 2 0 0 -2 -2 0 1 -1 0 0 0 1 -1 0 -1 0 -1 1 0 0 -1 0 0 0 -1 0 0 0 3 1 1 -1 -1 -1 -1 0 2 0 -1 1 0 0 0 -1 0 -1 2 -1 -1 -1 2 1 1 0 1 -2 -1 1 1 0 0 1 -1 1 1 0 0 -1 -1 2 0 2 0 1 0 -1 -1 1 1 -2 1 0 1 -1 1 0 -1 0 0 0 -1 0 -1 0 -1 0 0 0 0 -1 1 -1 -1 -1 0 0 1 0 0 2 0 0 -2 1 1 1 0 0 -1 0 0 0 22 -1 0 0 1 0 0 0 0 0 1 0 -1 1 -2 0 -1 -1 1 0 -1 0 1 0 0 -1 1 1 1
0 0 1 0 -1 -1 1 1 -1 0 0 0 0 0 0 0 0 0 0 -2 1 1 0 0 -1 -1 0 0 0 -1 0 2 0 0 -3 0 -3 0 1 -1 0 0 -1 -1 0 0 0 0 1 3 1 -1 2 0 0 0 1 0 0 0 0 -1 -1 0 0 -1 0 -1 -1 -2 0 -2 -1 0 1 0 -1 0 0 -1 0 0 0 1 -2 2 0 -1 2 -1 0 0 -1 1 1 1 0 0 2 0 2 1 0 1 0 0 -1 0 0 1 1 -1 -1 1 -1 0 0 0 0 0 0 0 -1 0 1 0 0 0 0 1 0 -2 0 0 0 1 0 0 -1 0 1 -1 1 0 1 -1 1 -1 0 0 0 1 0 0 0 1 -1 0 0 -1 1 0 0 -2 0 1 0 -2 1 -1 1 0 -1 -2 0 1 0 0 -1 1 0 0 0 1 0 1 0 -1 -1 0 0 0 2 0 -1 -1 -1 -1 0 0 0 0 -1 0 0 -2 2 0 -2 1 -1 1 0 1 1 1 0 -1 1 -1 0 -1 1 0 0 1 0 0 0 1 -1 0 -2 1 0 0 -1 0 0 0 0 1 0 -2 -1 1 1 0 1 -1 0 1 -1 0 1 -2 0 -1 1 0 -1 0 0 1 -1 -1 1 -2 0 0 1 0 0 0 -1 0 1 0 -1 0 -1 -1 14 1 0 -1 0 0 -1 1 -1 -1 0 2 0 1 0 0 0 1 0 0 -3 -1 -1 0 0 0 0 -1
1 0 1 0 2 0 -1 0 0 0 0 2 0 0 -1 0 0 -1 1 -1 0 -2 0 1 -2 -1 -1 -1 0 1 0 1 1 -1 0 2 1 0 -1 1 -1 0 -1 0 0 1 1 1 0 0 3 0 -1 0 0 0 -1 2 0 0 0 1 0 -1 0 0 0 -2 0 0 1 0 0 0 -1 2 0 -1 0 0 -1 0 0 0 0 1 1 0 1 -1 0 -2 1 -1 1 0 0 -1 -1 1 -1 0 0 0 -1 -1 0 1 -2 0 0 -1 0 3 0 1 -2 0 -1 -1 0 0 0 1 -1 -2 0 1 -1 0 -1 -1 1 0 0 0 0 0 -1 0 1 0 0 -1 1 -1 1 -1 0 0 -1 -1 0 -1 0 -1 0 1 -1 -2 1 0 -1 -1 1 2 0 0 0 -2 0 0 0 -1 -1 0 -1 -1 -1 0 0 0 1 0 -1 0 0 0 1 -2 -2 1 -1 -1 -3 0 0 -1 0 0 0 0 0 -1 0 0 -1 1 1 0 -2 0 0 1 0 0 -3 0 1 0 0 0 2 2 0 0 1 1 -1 1 0 -4 0 1 0 2 0 0 -1 -1 -1 -1 -1 0 -1 1 0 1 -1 -1 1 1 1 -3 1 -1 0 -1 0 1 -1 -1 1 0 -2 0 0 1 0 0 0 0 0 1 0 -1 1 0 -1 -1 0 0 1 21 -1 0 0 1 -1 2 1 -3 -1 3 1 -2 0 -1 -1 1 -1 -1 -1 0 -1 0 2 -1 0 0
1 0 0 0 0 0 1 1 0 1 0 0 1 1 0 0 0 2 0 0 0 -1 0 0 0 0 0 0 0 -1 -1 0 -1 0 -1 -1 -1 0 0 0 0 0 2 1 0 -1 -1 1 1 0 -1 1 0 1 2 1 0 1 0 0 -1 0 0 0 -1 0 0 1 0 0 0 -1 -1 0 1 1 1 0 2 3 1 0 -1 3 0 0 1 2 -1 -1 1 0 0 -1 0 0 -1 1 0 -1 1 -2 0 -1 -1 1 1 0 2 -1 -2 0 2 0 -1 0 1 1 2 0 -1 0 1 1 1 -1 -1 -1 1 0 1 1 0 1 0 0 0 1 0 2 -1 -1 0 0 0 1 -1 0 1 1 -1 0 0 2 0 1 0 0 0 1 0 0 1 1 -1 0 0 2 1 1 1 -1 0 -1 -1 0 0 1 0 3 1 1 0 2 0 -2 0 0 0 0 -1 0 -1 0 1 1 1 0 0 0 0 0 -1 1 0 1 0 0 0 1 0 1 2 1 2 -1 2 0 1 -1 1 0 0 -1 -1 0 -1 0 0 -1 1 0 2 1 -1 0 0 1 -1 0 0 0 0 1 1 0 1 0 0 0 0 0 1 0 -1 0 -1 0 3 3 0 1 0 1 1 0 -1 -1 1 0 0 0 -1 1 0 1 -1 0 0 1 -1 0 0 -1 15 0 1 1 -1 1 2 0 0 0 1 2 1 -2 1 0 0 0 0 0 1 3 0 0 1 -1
1 0 0 1 1 0 1 0 3 1 1 0 0 0 1 0 0 0 2 -1 0 0 0 0 1 0 0 0 0 0 0 1 0 0 0 1 0 0 0 0 -1 0 0 0 0 0 1 0 0 -1 0 -1 -1 1 0 0 -1 0 0 0 0 0 1 0 1 0 1 0 0 2 1 1 0 0 -1 0 0 0 0 1 1 0 1 -1 0 -1 1 0 0 0 2 -1 0 0 0 0 -1 2 1 0 0 -1 1 0 1 0 0 -1 -1 0 0 0 0 0 0 0 0 0 0 0 0 0 0 2 -1 0 0 1 0 1 0 0 2 1 0 -1 -2 1 0 0 0 -1 0 1 -1 0 1 0 2 0 -2 0 0 1 0 0 0 0 0 1 0 1 0 2 0 0 0 0 0 0 0 0 1 -1 1 0 -1 0 0 0 0 0 0 2 2 0 -1 0 1 0 0 1 0 0 0 0 0 0 0 0 0 0 0 0 -1 1 1 0 -1 0 0 0 0 0 -1 0 -1 -1 0 0 0 0 0 0 0 0 0 1 1 0 0 0 0 0 0 0 0 1 1 0 0 0 0 0 1 0 0 -1 0 0 0 -1 -1 0 -1 1 0 0 0 1 0 0 0 0 0 0 0 0 0 0 1 0 0 0 0 0 0 0 0 1 0 1 -1 0 0 10 1 0 0 1 0 0 1 0 2 -2 0 0 0 2 0 0 -1 0 0 0 0 0 0 0
-1 0 0 0 0 1 0 1 0 -1 1 -1 0 0 1 0 1 1 1 1 1 0 0 0 0 0 -1 0 0 0 0 0 0 1 0 0 0 -1 0 1 -1 1 1 0 1 0 0 -2 0 0 0 0 0 0 0 0 -1 -1 0 0 1 0 1 0 1 -1 1 0 0 1 2 1 1 0 0 -4 0 0 1 0 0 -2 0 0 0 -1 -1 0 -1 0 -1 -1 1 0 -1 0 0 0 3 1 1 1 0 0 0 0 0 0 -2 -1 -1 0 1 0 -1 1 0 0 2 -1 0 1 -1 0 0 0 1 1 1 0 0 -2 0 1 0 0 -1 1 0 0 0 0 0 -1 0 0 0 0 0 0 -2 1 -1 0 0 0 0 1 0 0 1 1 0 1 2 0 1 0 0 0 0 1 1 2 0 1 -1 0 0 1 1 0 -1 1 0 -1 0 0 0 0 -1 1 1 0 1 0 0 1 1 0 0 0 0 0 -2 0 0 -1 -2 0 0 0 0 -1 1 0 1 0 0 0 0 1 0 0 -1 0 0 0 0 0 1 -1 -2 0 0 -3 -1 2 1 -1 0 1 0 1 1 -1 0 1 0 0 -1 1 1 0 0 0 0 1 1 0 0 0 1 0 0 0 0 0 0 0 1 1 -1 0 0 0 1 0 0 1 0 0 0 0 1 1 13 0 0 0 0 0 1 -1 0 1 0 1 0 0 0 0 0 0 0 1 3 0 2 1
2 -1 -1 0 0 0 0 0 0 0 0 0 1 2 -2 0 -1 0 0 0 0 1 0 0 0 1 0 -1 0 0 0 0 0 0 1 0 0 0 0 0 -1 0 0 0 0 -1 -1 0 0 0 1 2 -1 0 0 0 0 0 0 0 -1 0 0 0 0 1 0 1 0 2 0 -1 0 0 1 0 0 -1 1 0 1 0 1 0 0 0 0 0 0 -2 0 0 0 0 0 0 0 0 0 1 -1 0 0 0 0 0 0 1 1 0 0 0 -1 2 1 0 1 0 1 1 0 0 0 0 1 2 0 0 0 -1 0 1 0 1 -1 0 0 -1 0 0 0 -1 0 -1 0 -1 0 0 0 -1 0 0 0 0 0 1 -1 0 -1 -1 -1 0 1 1 0 -1 -1 -1 0 -1 1 -1 1 0 -1 -1 0 2 2 -1 1 1 -1 1 0 0 1 0 0 0 -1 0 0 0 -2 0 -1 -3 0 1 0 0 -1 0 0 0 0 1 0 1 0 0 -1 0 1 0 1 0 -1 -2 0 1 -1 0 1 1 -2 -1 2 0 -1 0 0 1 -1 1 -1 -1 0 -1 0 0 1 2 0 -1 0 1 2 0 0 -1 0 -1 -2 1 -2 0 -1 1 0 0 1 1 0 0 1 -1 2 -2 -1 0 1 -1 1 -1 0 0 0 0 0 0 0 1 1 0 0 14 -3 0 0 0 0 0 0 1 0 0 0 1 0 0 0 2 -1 0 1 0 0 -1
0 0 -1 1 0 -2 0 0 0 1 0 0 1 0 0 0 1 0 -1 0 0 -1 0 0 2 2 0 0 0 0 0 0 1 1 0 -1 1 0 0 0 1 0 0 0 1 1 2 1 0 -1 0 -1 1 -1 0 0 -1 1 1 0 -1 0 2 1 0 0 0 0 0 0 1 0 -1 0 -1 1 0 0 2 -3 0 0 0 0 -1 0 -3 -2 -1 1 0 1 0 2 -1 1 -1 1 -2 -1 0 0 2 0 1 0 2 -1 -1 0 0 0 1 0 0 1 0 0 0 -1 0 0 -1 -1 0 2 0 -1 2 -1 0 1 1 0 -1 -1 1 -1 1 -1 0 0 1 -2 0 0 2 0 0 -2 0 0 0 0 0 2 0 -1 2 0 0 0 0 1 0 0 0 1 0 3 2 -1 -1 0 -1 -1 0 1 0 -1 0 0 1 0 0 -1 0 0 0 0 0 0 1 0 1 0 1 1 0 2 0 0 3 3 0 -3 1 -2 1 2 0 0 -1 0 -2 1 1 -1 1 3 0 0 0 -1 -2 0 0 0 -2 -2 0 0 4 -1 0 0 2 -1 0 4 -1 -1 1 1 0 2 0 1 0 0 0 0 0 2 0 0 1 1 1 -2 0 0 -4 0 1 0 2 1 0 1 2 1 -2 -1 0 1 -2 1 1 -1 0 0 -1 -1 -1 0 0 -3 20 -3 0 0 0 0 -1 -1 1 0 0 0 0 0 0 -1 -1 -1 3 1 0 -1
-1 0 0 0 0 1 1 0 1 -1 0 0 0 0 0 -1 1 0 1 -1 -1 0 -1 1 -1 0 -1 -2 0 0 -2 2 0 -2 0 1 -2 0 0 0 0 0 0 0 1 0 0 2 -1 0 1 0 1 0 0 -1 0 -1 0 2 0 0 0 0 2 0 1 -1 0 0 0 0 0 0 0 1 0 0 0 3 1 0 0 0 0 -1 -2 1 1 -1 0 0 1 0 1 0 0 0 2 0 -1 0 1 0 0 0 0 -2 0 0 0 0 -4 1 1 0 1 1 2 1 0 0 0 0 1 0 0 0 1 1 -2 0 0 0 1 1 0 0 -1 0 -1 -1 0 1 0 0 1 0 0 0 0 1 0 0 -1 0 1 0 0 0 -1 0 0 1 -1 0 0 0 0 0 0 1 1 2 -1 0 -1 0 1 0 0 -1 0 0 0 1 1 0 1 0 1 1 0 1 -1 2 0 -1 0 -1 1 0 -1 0 0 1 -2 0 0 0 0 1 0 1 0 -1 1 0 1 0 -1 0 0 -1 0 0 0 0 0 1 1 -1 -1 0 0 0 0 0 -1 -1 1 -1 0 0 -1 0 0 1 0 0 0 -2 1 0 1 0 -1 1 2 -1 0 0 0 -1 0 -1 0 1 0 -1 1 -2 0 0 0 0 0 0 -1 0 0 0 1 2 1 1 0 0 -3 12 0 0 0 1 1 0 0 -1 0 0 0 0 0 0 -1 1 0 0 1 1
0 0 -2 0 -1 -1 1 -1 2 -1 1 -1 0 -1 -2 0 0 1 1 0 -2 -1 0 1 1 1 -2 0 1 0 0 0 -1 1 0 -1 0 1 -2 -1 0 0 2 2 0 1 0 0 1 0 -1 0 1 -1 1 0 0 -1 0 0 0 0 0 -1 1 1 0 2 1 -1 0 -1 0 0 -1 0 0 -4 -1 0 -1 1 -2 2 0 1 0 2 0 1 -1 -1 0 -1 0 0 0 0 0 -2 -1 -1 0 -2 0 1 -1 1 0 0 -1 0 0 1 2 1 1 1 -1 -1 0 -1 0 2 0 0 0 0 0 0 -1 1 0 0 2 -1 -1 0 1 1 -1 0 1 0 -1 0 -1 0 2 0 -1 -2 -1 1 2 -1 1 -2 0 0 1 0 0 -1 0 0 0 0 1 -1 0 1 -1 -1 -1 0 0 -1 1 -2 1 0 -1 -1 0 -1 -3 -1 -1 0 -1 1 0 0 0 1 2 0 0 0 1 0 -1 1 -2 0 0 0 2 0 0 0 0 1 1 0 -1 0 0 0 0 3 -1 0 1 0 0 0 0 1 2 -1 1 0 1 -1 0 1 -1 0 0 0 0 0 0 0 1 1 1 2 1 0 -2 0 -1 1 0 -1 0 3 1 1 -1 1 1 0 -1 0 -1 0 0 0 0 0 0 0 1 0 0 1 0 0 -1 1 2 0 0 0 0 0 17 0 -1 -1 0 0 1 0 1 -2 0 0 -1 0 2 0 0 -1 1 1
0 -1 0 0 -3 3 0 0 0 -1 0 0 0 1 0 0 0 -1 0 1 0 2 1 -1 0 1 1 0 -1 -1 0 -1 0 0 3 -1 1 0 0 -1 0 0 -1 -1 0 0 1 1 1 1 0 -1 3 1 -1 0 0 0 -1 0 0 -1 0 0 0 1 0 2 0 -1 0 3 0 -1 0 0 1 0 0 1 0 0 0 1 0 2 0 -2 0 1 -1 0 0 0 -2 0 1 1 1 0 1 2 0 0 0 -1 2 0 -1 0 -1 1 3 -1 4 0 -1 0 0 0 -3 0 0 -2 2 0 -1 0 1 0 1 3 0 -1 0 -1 -1 2 0 0 -1 -1 0 -1 1 0 0 2 0 1 1 -1 0 0 0 0 0 1 0 0 -1 1 1 -2 0 -2 -1 0 1 1 -1 0 0 0 -1 1 1 0 0 0 0 0 0 0 0 0 -1 0 0 0 0 0 0 0 3 0 0 1 0 1 0 0 -1 2 1 1 0 0 1 -1 -1 0 0 3 1 -1 1 -1 -1 0 -1 0 -2 0 0 1 -1 1 1 -1 1 2 1 0 0 -1 0 0 1 0 -1 2 0 1 1 -1 -1 0 2 0 0 -2 -2 -1 0 1 0 0 1 0 0 -1 1 2 0 1 0 -1 0 0 1 -1 -1 0 1 1 1 0 0 0 0 1 -1 -3 0 0 0 0 0 0 0 18 0 -2 -2 1 0 3 1 0 0 0 -1 2 0 0 1 0 0 0
0 1 0 3 -2 0 -1 0 1 0 -1 0 0 0 -1 -1 -1 0 1 -1 -1 0 -1 1 -1 0 1 0 -1 0 0 1 0 2 0 -1 -1 -1 0 0 0 0 -2 0 1 0 1 0 0 -1 -1 0 0 1 0 0 -2 0 0 0 1 -1 -1 2 0 0 0 0 2 0 0 1 2 0 -1 -1 -1 -1 0 -1 1 0 0 0 0 0 1 0 2 0 2 0 -1 0 1 1 -1 2 0 0 2 0 2 0 1 -1 0 0 0 0 0 0 0 0 1 0 0 0 1 1 1 0 0 -1 0 1 1 0 0 0 2 -2 0 0 0 -2 -1 0 1 1 2 0 0 -1 0 1 -1 1 1 0 1 0 0 0 1 1 1 2 0 0 0 3 0 0 2 1 0 -1 0 1 0 0 0 -1 -1 -2 -1 1 0 0 0 0 0 1 2 0 1 2 0 1 -1 -1 0 -1 0 1 1 -1 0 0 1 0 0 1 0 0 0 0 -1 1 0 0 0 1 2 1 1 -2 0 -1 0 -1 -1 2 0 1 1 0 1 0 1 -2 0 -1 0 1 -1 2 0 -1 -1 0 -1 1 1 -1 0 0 -2 0 -1 -1 1 2 0 1 1 2 -1 1 -1 1 -1 0 1 2 0 0 0 -1 2 1 0 -1 -1 0 0 0 0 0 1 0 0 -1 0 1 1 0 0 0 -1 0 17 1 1 0 0 0 0 1 0 0 -2 0 0 1 -1 0 0 1
-1 1 0 0 1 1 -1 1 0 0 -1 0 -1 0 0 0 0 -1 0 0 1 -1 0 2 0 1 2 2 1 1 -1 0 0 1 0 0 -2 0 1 -1 -1 2 0 0 1 0 1 1 0 1 3 1 1 1 3 1 0 2 2 0 0 0 -2 1 0 -1 0 0 1 1 0 0 0 0 0 2 0 0 -2 1 -1 0 0 0 1 -1 0 0 -1 0 0 1 0 0 3 1 1 1 0 0 1 0 1 1 0 1 0 1 2 0 0 1 0 0 2 0 0 0 0 2 2 1 2 -1 1 1 1 2 -1 1 2 1 2 0 -1 0 1 1 0 0 2 0 2 -1 0 0 0 1 1 1 -1 1 0 0 0 0 0 1 1 -2 0 1 0 0 -1 -1 0 -2 1 0 0 -1 0 -1 0 1 0 -1 0 0 0 1 2 0 1 2 0 -1 1 0 1 -1 -1 1 -2 1 1 -2 -1 1 1 1 1 0 -1 1 -1 1 1 0 0 1 -1 1 0 -4 1 0 0 0 0 1 0 0 0 0 1 1 0 -1 -2 -1 1 1 2 3 0 0 -1 1 -1 -1 0 0 1 2 2 2 0 0 1 -1 0 2 -1 0 1 0 0 1 0 0 2 0 0 -1 0 0 1 -1 1 -1 0 0 0 1 -2 1 2 -1 0 -1 2 3 0 0 -1 0 0 1 -1 -2 1 22 1 -3 0 0 -1 -1 0 -1 0 -1 1 -2 -1 0 -2 0
0 -1 0 1 2 -1 0 0 2 1 1 -1 -2 -2 0 -1 1 1 1 -1 1 -1 1 1 -2 -1 0 -1 1 1 0 -2 0 0 0 1 0 0 0 0 1 1 0 1 0 1 0 0 -1 -1 1 -1 1 0 4 0 1 1 1 0 1 1 -2 1 2 1 2 -2 0 0 1 0 0 -3 0 0 1 0 0 1 0 0 0 0 -1 0 1 1 0 0 2 0 0 -1 1 0 2 1 -1 0 0 -1 0 2 0 0 0 -1 0 2 -1 1 0 -2 0 0 2 0 1 0 0 0 0 1 -1 0 1 1 0 1 -1 0 1 0 0 0 1 -2 0 0 1 -3 -1 0 -1 0 1 1 1 0 0 2 1 0 0 0 0 0 0 0 0 0 1 -1 0 -1 1 0 0 0 -1 0 0 1 0 1 -1 0 0 0 -1 0 1 -1 0 1 0 1 0 2 0 1 -2 0 0 1 0 -2 1 0 0 -1 0 1 1 1 0 1 -2 0 -1 0 0 -1 0 0 -1 3 0 -2 0 1 0 0 0 -1 0 0 0 1 0 -1 1 0 0 0 -1 0 0 0 0 1 0 0 0 -1 -1 0 -2 0 -1 -1 -2 0 -1 2 0 1 -1 0 1 0 0 -1 0 0 -1 -1 0 1 0 1 0 1 0 -1 -1 -1 0 1 -2 1 0 1 1 2 0 0 -1 1 0 -2 1 1 19 0 0 0 0 -1 0 0 1 0 0 1 -1 0 0 0
0 1 0 -1 -2 1 0 0 1 0 0 0 0 0 0 1 1 2 -1 0 1 0 1 1 0 1 0 0 0 -1 0 -1 1 1 0 -1 -1 1 0 1 -1 0 1 -1 0 0 0 1 0 -1 -1 -1 0 -1 0 1 0 -2 1 1 0 -1 0 1 0 0 -1 -1 0 0 -4 1 1 -1 0 0 0 0 0 1 3 0 0 0 0 -1 1 0 0 1 -2 0 1 0 0 0 -1 1 -2 1 -1 2 0 1 0 -1 1 1 0 1 -1 0 0 0 0 0 2 0 0 0 -1 1 0 0 -2 0 -1 1 2 0 -1 1 1 0 0 0 -1 1 0 -1 -1 1 -1 0 2 1 -1 0 -1 0 1 -1 0 -1 2 1 -1 -2 0 1 -1 1 -1 0 0 -1 0 -1 0 -1 1 0 0 1 -2 1 0 1 -1 0 0 0 0 1 0 0 0 -1 0 -1 1 -1 1 0 2 0 0 0 1 0 0 -1 1 -1 0 0 1 0 0 0 -2 0 1 1 0 0 0 1 0 0 -1 0 0 2 0 1 0 -1 -2 -1 0 0 -1 0 -1 0 1 -1 0 0 0 2 0 0 1 -1 1 1 -1 0 0 0 1 0 1 0 0 -1 -1 -1 0 0 -2 0 0 1 0 -3 -1 0 0 1 -1 0 0 1 1 0 0 -1 -1 -2 1 -2 2 -2 1 1 -1 0 0 1 0 -3 0 22 0 0 0 -1 1 2 0 -1 2 1 1 1 0 0
0 0 1 1 1 -1 0 1 0 0 1 -2 2 0 0 0 0 0 0 2 0 0 -1 0 0 0 0 0 0 0 1 0 -1 2 0 -1 -1 0 0 0 0 0 1 0 0 0 0 1 1 0 -1 0 1 0 1 1 0 0 0 0 0 0 0 0 0 -1 0 -1 0 1 0 1 0 0 0 1 0 0 0 0 0 1 0 0 0 0 -1 0 -1 0 0 0 0 1 0 1 0 -1 0 0 0 1 0 0 0 1 -2 0 0 0 0 0 0 0 0 0 0 0 0 0 0 0 0 1 1 0 0 0 0 5 0 1 0 0 0 0 0 0 0 -1 -2 1 0 0 0 0 0 0 1 0 1 0 1 1 0 1 0 0 0 1 0 0 0 1 1 0 -1 0 -1 0 0 -1 0 -1 0 -2 0 0 0 0 0 0 0 1 1 0 -2 0 1 0 0 -1 -1 1 -1 0 0 0 0 0 0 0 2 0 0 0 0 0 0 -1 0 0 0 0 0 0 1 0 1 -1 0 0 0 0 1 0 0 1 0 1 0 0 0 0 0 -1 0 0 -1 1 0 1 0 -1 1 0 1 0 4 0 0 0 0 0 1 0 0 1 1 0 1 0 -1 2 0 0 0 0 0 1 1 0 1 1 2 1 -1 0 0 1 1 0 0 0 1 0 0 0 1 0 1 0 0 0 0 0 10 1 1 1 0 -1 -1 -1 2 1 0 -1 1 0
-1 1 0 0 -2 0 -1 0 -1 1 2 0 -1 1 0 1 2 0 1 2 0 1 0 0 1 0 0 0 2 -2 -2 3 1 2 2 1 1 0 0 1 1 0 -1 0 0 2 2 -1 3 0 0 1 3 1 -1 -1 0 -1 -1 1 3 1 0 2 -1 -1 0 3 0 0 1 2 2 0 -1 1 0 1 -2 1 -1 0 0 0 0 0 1 -1 0 1 -2 -2 -1 2 -1 2 1 1 1 0 1 0 1 0 0 0 1 0 0 0 0 1 2 0 1 0 0 0 2 1 -3 0 1 0 0 1 0 -1 1 -1 1 0 1 0 1 -1 0 -1 1 -1 0 0 1 0 1 -1 1 0 0 0 0 -3 0 -2 0 0 0 -1 3 0 0 0 0 0 -1 1 -2 -1 0 1 0 0 -1 -2 2 -1 1 2 1 1 0 0 0 0 0 2 -1 0 0 -1 0 0 3 0 1 0 1 1 -2 1 0 1 0 1 1 1 1 2 1 0 0 -1 -1 -1 -1 0 1 0 0 -1 -1 0 -3 -1 0 -1 -2 1 2 1 0 4 0 -2 2 -2 0 0 4 -1 1 3 1 0 1 2 1 -1 1 -1 -1 0 -4 2 1 0 -1 -1 1 -1 1 0 0 2 1 0 1 -1 1 0 -1 1 -1 1 0 0 0 0 0 0 0 -1 0 -1 -2 0 1 0 0 -1 0 3 0 0 0 0 1 27 1 -1 0 0 -2 0 1 1 0 -4 0 0
0 1 0 0 1 -1 0 0 0 0 0 0 -1 -1 0 0 0 -1 0 0 1 0 0 0 0 0 -1 0 1 0 1 0 -1 1 0 0 0 1 0 -1 0 0 0 0 1 0 -1 2 1 0 -1 1 0 1 1 0 0 1 0 0 -1 0 1 -1 0 0 0 0 0 0 -2 -1 0 0 -1 0 1 1 0 0 0 -1 0 0 0 0 1 -1 0 1 0 -1 0 0 0 0 0 0 0 0 0 0 0 2 1 1 0 0 -1 0 0 0 2 0 0 0 -1 0 0 0 -1 1 0 0 0 1 1 0 0 0 1 -1 0 -1 0 0 -1 -1 0 -1 0 2 0 0 0 -2 0 0 -1 0 0 -1 0 1 0 0 0 0 -1 1 0 -1 1 -2 0 -1 -1 0 1 0 -1 0 0 -1 -2 0 0 -2 1 0 0 1 0 -1 1 0 -2 -1 0 -1 1 0 1 0 -1 1 1 0 0 0 0 0 1 0 2 -1 -1 0 0 1 2 -1 0 -1 0 0 0 -2 0 1 0 1 0 -1 1 0 -2 1 1 0 1 1 0 -1 -1 -2 1 0 1 0 0 0 -1 1 0 0 1 0 1 0 0 -1 -2 0 0 -1 0 2 -1 1 0 -1 -2 1 0 1 0 1 -1 1 -1 1 -2 0 0 2 0 0 0 0 1 -1 0 -1 1 0 0 0 0 0 1 1 0 -1 0 0 1 1 15 0 0 0 0 1 1 1 -1 0 0 0
1 0 2 2 0 1 0 2 0 0 -1 1 0 -1 1 0 -1 0 0 1 0 -2 -1 1 -1 0 0 1 1 0 4 0 2 2 2 2 -3 3 -3 0 3 0 -1 1 0 -2 0 1 -1 0 0 2 0 0 -1 0 0 0 0 -2 -1 0 0 0 -2 0 2 1 -1 1 0 0 0 1 2 -2 0 6 0 -1 0 -1 2 -1 -1 0 0 -2 2 0 2 0 -1 0 0 0 -1 0 0 1 0 -1 -1 0 1 0 -1 1 1 -1 0 0 1 4 1 0 0 1 1 0 1 0 2 0 1 0 1 -2 -1 3 -1 0 0 1 0 1 -1 0 0 0 0 1 1 2 1 -1 -1 0 -1 1 0 0 0 1 1 1 1 0 -2 -2 0 1 2 1 1 3 0 -2 -1 0 1 0 1 1 0 0 0 1 -1 1 0 0 1 2 0 -1 2 2 0 1 0 0 -2 0 0 1 0 0 -4 0 1 0 -1 1 0 -1 0 2 0 0 1 0 -1 1 1 0 0 -2 -2 -1 1 1 1 1 0 3 0 0 2 -1 2 1 1 2 -1 1 1 0 -1 0 0 1 -1 0 0 1 0 0 -1 -1 1 1 1 0 -1 1 0 2 0 2 1 -1 1 0 -2 2 0 -1 1 -1 0 0 3 -2 -1 0 0 1 0 0 -2 1 1 1 0 2 0 1 0 0 -2 0 1 -1 -1 -1 1 -1 0 27 0 0 1 -1 3 0 0 2 0 -1
1 2 0 0 0 0 0 0 0 1 0 0 0 -1 0 0 0 1 1 0 1 1 -1 0 0 0 -1 -1 1 1 0 -1 0 0 1 0 -2 0 0 -1 0 -1 -1 0 1 0 1 1 1 1 0 0 0 0 0 0 0 1 1 0 0 0 0 0 0 0 0 0 0 0 -1 0 0 0 -1 1 0 0 0 -1 1 0 0 -1 0 0 -1 0 0 1 1 1 -1 2 -1 1 0 1 -1 0 0 0 0 0 0 0 0 0 -1 1 0 1 1 0 -2 0 0 1 0 0 1 0 -1 -1 1 0 -1 -1 1 0 0 1 1 0 -1 0 0 0 -1 1 0 0 1 0 0 0 0 0 1 0 0 1 0 0 0 -1 -1 1 -1 3 -1 0 0 0 0 1 0 -1 2 0 0 0 0 1 0 -1 0 1 1 0 0 0 1 0 0 -1 0 -1 1 0 0 0 -1 1 1 0 0 1 0 1 0 -1 1 -1 1 1 -1 0 0 0 0 1 -2 1 2 -1 1 0 0 0 0 1 1 -1 0 1 1 0 1 -1 1 0 -1 0 0 0 0 0 0 1 -1 0 0 1 -1 0 -1 0 -1 0 0 0 0 0 1 1 1 0 -1 0 0 0 -1 1 -1 0 0 0 0 0 0 0 2 0 1 0 0 0 0 0 1 0 0 -1 0 0 0 0 0 0 0 0 0 0 0 1 0 0 0 0 12 2 0 0 0 0 -1 0 0 0
0 0 0 1 0 0 0 1 1 0 0 1 0 1 0 2 0 1 1 0 0 0 0 1 1 0 0 0 0 0 0 0 1 1 0 1 0 2 1 0 1 -1 1 0 0 0 0 1 0 0 1 -1 0 0 -1 0 0 0 0 -1 -1 0 0 1 1 1 0 1 0 0 -1 -1 0 1 0 0 0 -1 0 0 2 0 0 2 0 0 1 0 0 0 1 2 0 0 1 1 0 3 1 0 0 1 0 0 1 -1 0 0 0 0 0 1 1 -1 -1 0 1 0 0 0 0 0 0 1 0 -1 -1 -1 1 0 -2 0 -1 0 -2 -1 1 0 0 1 0 1 1 -1 0 2 1 0 2 0 0 1 -1 -2 1 1 0 0 0 3 0 -1 1 1 0 -2 0 0 0 0 0 0 -1 1 0 0 0 0 0 0 0 1 -1 0 -1 0 0 0 0 0 0 1 0 0 1 -1 0 -1 1 0 0 -1 0 0 0 0 0 1 1 1 1 0 1 0 0 0 -1 0 2 0 0 2 0 0 0 0 0 0 0 -1 0 0 0 -2 0 0 0 0 2 -1 0 1 0 -1 0 0 0 0 -2 0 -1 0 0 0 0 0 2 -1 0 0 0 1 -1 0 0 1 0 0 0 0 0 0 2 0 1 0 0 -1 0 0 1 -1 0 -1 0 0 0 0 0 0 0 0 0 -1 0 2 -1 0 0 0 2 10 2 0 0 0 0 1 -1 0
0 0 0 0 0 1 0 0 1 0 0 0 0 0 0 0 0 0 -1 -1 -1 0 1 0 0 -1 1 1 2 0 0 0 0 0 0 3 1 1 1 1 0 0 1 1 0 1 0 -1 0 0 0 1 -1 -2 1 1 1 0 0 -1 1 0 -1 -1 0 2 0 0 0 0 -1 0 0 1 0 1 -1 3 0 1 0 0 0 0 1 -2 2 0 -1 1 1 3 2 0 1 0 0 0 0 0 0 -2 -1 0 1 1 0 1 0 -1 1 3 0 -1 0 0 1 0 -1 1 1 0 1 -1 -1 1 1 1 0 0 -2 1 -2 0 -1 0 -1 0 1 1 0 1 -1 -1 -1 2 0 0 -1 0 0 2 0 0 0 0 0 0 0 0 -2 0 1 0 0 0 -1 1 0 2 0 3 1 3 1 0 0 2 -1 0 0 -1 -1 -2 0 0 1 1 0 1 1 1 0 1 1 0 0 0 0 0 0 0 0 0 0 1 0 1 1 2 2 0 -1 1 0 0 0 0 0 0 0 1 0 0 1 0 0 0 0 1 1 0 0 -2 0 2 1 -1 1 1 0 1 1 1 -1 -2 -1 0 -1 0 -1 -1 0 -1 1 0 0 2 0 0 0 0 1 -2 0 0 0 2 0 1 -1 2 0 0 1 0 -1 0 1 1 1 0 -3 -1 0 -1 0 0 0 0 -1 -1 -2 0 1 0 -1 -2 0 1 0 2 17 2 0 2 -2 1 1 0
0 0 0 -1 -2 -1 0 0 -1 0 -1 0 0 -1 1 0 0 1 0 -1 1 2 1 -1 -1 -1 0 0 0 0 1 1 1 -1 0 0 -1 -1 0 0 1 0 -1 1 -1 0 -2 1 1 0 -2 1 2 0 -1 0 -1 0 -1 0 0 -1 -1 -1 0 1 0 1 0 -1 1 0 0 0 1 0 1 0 3 -1 0 -1 -1 0 0 0 0 0 0 -1 1 -1 0 1 -1 -2 0 0 0 0 0 -2 0 0 0 0 0 0 1 0 0 0 0 1 1 0 0 0 0 0 -1 2 0 -1 0 0 0 0 0 1 0 1 -3 0 -1 1 0 0 0 1 -1 0 -1 1 -1 0 2 0 1 -2 -1 1 1 1 -1 0 -1 0 0 -1 -2 2 0 0 1 -1 0 -2 0 1 -1 2 1 0 -1 -1 0 -2 1 -2 0 -1 -1 1 1 0 0 0 1 0 0 0 2 -1 0 0 0 0 0 0 0 0 0 0 0 -1 -1 -1 0 0 0 1 0 0 -1 0 1 0 1 -1 0 0 -1 0 1 0 -1 0 -1 0 -1 1 1 0 -1 1 -1 1 2 -1 0 -1 -1 1 0 -1 -1 -2 0 1 0 -1 -1 0 -1 1 -1 0 0 -1 0 1 0 -2 0 -1 0 0 0 1 -1 -2 1 1 -2 -1 -2 -2 0 0 1 1 -1 0 0 0 0 2 -1 0 0 2 0 -1 0 -1 -1 0 1 -1 0 0 2 16 0 0 -1 0 0 1
0 -1 1 2 1 0 0 -1 0 1 0 -1 0 1 -2 0 -1 1 -2 0 -1 -1 -2 -2 0 1 0 0 -1 0 4 0 0 1 3 0 -1 0 0 1 0 0 2 0 1 0 1 2 0 0 -2 1 1 1 1 0 -1 0 1 -2 0 2 0 0 0 0 -1 0 0 1 -1 0 3 0 0 0 1 2 1 1 1 -1 0 1 1 0 1 0 1 2 0 2 1 0 1 2 0 0 0 1 2 0 -1 -1 0 1 1 0 0 1 -1 0 -1 1 -1 -1 1 1 -2 0 0 0 1 2 2 2 0 1 0 1 1 2 0 2 1 0 0 1 -1 0 -2 1 0 3 0 1 0 1 0 0 1 0 2 1 1 0 0 0 2 1 0 0 2 0 0 0 0 1 1 -1 1 0 1 -1 2 0 1 0 0 -2 0 0 0 -1 0 0 0 -1 0 3 -1 -1 0 0 1 0 2 0 -1 0 0 1 0 0 0 0 0 -1 -1 1 0 -1 1 1 1 0 0 0 1 1 -1 1 0 2 0 0 3 0 -1 1 0 -1 -1 1 0 -2 1 -1 1 0 0 0 0 0 1 0 1 2 1 0 0 1 -1 1 -1 0 1 2 1 1 -1 0 0 1 1 1 -1 0 -1 0 0 0 0 0 -1 1 0 0 0 2 -3 0 -1 -1 1 0 0 -1 -1 -1 2 0 0 1 0 2 2 1 1 3 0 0 0 0 20 0 0 -1 0 1
2 0 -1 1 0 0 2 1 0 0 0 0 0 0 0 0 1 1 0 2 2 1 0 0 0 1 0 -1 1 0 0 0 0 1 -1 2 1 0 2 0 0 0 0 2 1 1 1 -1 3 -1 1 1 0 3 0 -1 -1 0 0 0 0 0 1 -1 1 0 1 -1 0 0 0 1 1 0 0 0 1 2 0 0 1 0 0 2 1 -1 0 1 2 -2 1 1 0 -1 0 1 0 0 -1 0 -1 1 -1 1 0 0 0 0 0 -1 0 0 1 1 0 -1 -1 0 0 0 0 0 1 1 -2 1 2 2 0 4 0 2 1 0 -1 0 0 0 0 -1 0 -1 0 2 0 -1 1 0 1 -2 0 2 0 0 1 1 0 -1 0 1 1 1 0 1 0 0 -2 1 2 -3 1 1 1 -1 1 -2 0 -1 0 2 0 -1 0 1 0 1 -1 1 -1 -1 0 0 2 -1 0 2 0 0 -1 0 -1 -3 2 2 1 0 -1 2 -2 1 2 -2 1 1 1 1 -1 0 1 -1 0 0 -2 0 0 0 -2 0 -1 -1 3 -1 0 0 0 -2 2 0 3 0 0 2 1 1 0 0 0 1 0 0 0 0 3 0 3 1 -1 0 3 0 -2 0 3 -1 1 -1 1 1 0 -1 0 1 0 0 0 -1 0 1 -1 1 -1 0 0 0 3 0 1 0 -1 1 0 0 1 -2 1 1 1 1 1 0 0 0 2 0 0 25 -1 0 1 -1
-1 -1 0 -1 1 0 1 0 0 0 0 0 0 1 0 0 0 -1 1 0 0 -1 1 0 0 1 0 3 -1 0 1 1 0 -1 0 0 0 -2 0 1 -2 -1 1 -1 -2 0 0 -1 0 0 1 0 1 -1 0 -1 0 1 0 1 0 0 0 1 0 0 0 0 0 2 2 -1 0 0 0 -2 0 0 -1 0 0 -2 2 2 0 0 -1 0 -1 1 0 1 1 -1 -2 0 0 0 1 2 0 1 1 1 0 0 0 -1 -1 -2 0 -1 -1 0 0 0 0 0 0 -2 -1 1 1 -1 -2 0 -1 -1 1 0 -3 0 1 0 0 -1 0 0 -1 2 0 -1 0 -2 1 -2 1 -1 0 -1 2 0 0 0 0 0 0 0 1 0 1 1 0 1 0 -1 3 1 0 1 0 -1 1 0 0 -1 0 0 1 0 0 1 0 0 0 -1 -1 -1 0 0 0 1 2 0 0 0 -1 1 2 2 0 0 0 1 -2 0 1 0 0 0 -1 1 0 1 0 0 0 0 0 1 0 -1 0 -1 0 -1 0 0 -2 -1 0 -2 1 -1 1 1 -1 0 -2 -2 1 -2 0 1 0 1 1 1 0 0 0 0 -1 0 1 0 -2 0 0 1 0 0 -1 3 0 -1 0 3 1 -2 -1 -2 -1 0 -1 -1 0 0 -1 0 -1 -1 0 2 0 0 3 1 3 0 0 1 -1 -1 -1 1 0 0 -1 0 -1 0 -2 -1 0 -1 19 0 0 0
-1 0 0 0 3 2 0 1 0 0 -1 1 2 -1 -2 0 0 0 -2 0 0 -3 0 2 1 0 -1 0 0 -1 2 0 2 -2 0 0 1 2 0 0 0 0 1 0 1 -1 0 1 -1 0 0 -1 0 -1 0 0 -1 1 1 -1 -2 0 -1 -1 0 2 -1 1 1 0 -1 2 1 0 0 1 0 -1 0 0 1 -1 0 0 0 0 0 1 0 0 0 -1 -1 0 0 -1 0 0 0 0 -1 0 0 0 0 -1 0 0 1 -1 0 1 2 0 -1 0 0 1 1 -1 0 0 0 -1 -1 -1 -1 0 0 0 0 0 2 0 -1 1 1 1 0 -1 2 1 0 0 1 -1 -1 -1 0 0 -1 2 0 0 0 1 0 1 0 0 -1 1 1 0 -1 -1 -1 -1 2 1 2 1 0 1 -1 0 0 -1 0 -2 0 2 0 -1 0 0 1 0 0 -1 -1 2 0 0 0 1 0 -1 1 1 -1 -1 -1 -1 -1 0 -1 0 1 0 -1 -1 2 1 0 -1 -1 0 0 1 0 -1 0 -1 0 -1 3 0 1 0 0 -2 0 0 0 0 1 -1 -1 0 0 0 0 0 0 0 -1 0 0 1 0 -1 0 1 -2 0 0 0 -2 1 0 0 -1 -2 0 1 0 1 0 -1 0 1 1 0 1 -1 -1 0 0 -1 1 1 0 -1 0 0 0 0 1 0 -1 0 0 0 0 1 -1 -4 0 2 0 1 1 0 -1 0 0 17 -1 0
1 -1 -1 -1 -1 1 0 0 0 0 0 0 0 2 0 0 0 1 0 0 1 0 0 0 0 0 -1 0 -2 0 1 0 0 -2 0 -1 0 -1 0 2 0 0 2 -2 -1 0 0 0 0 0 0 0 0 0 1 -1 -1 0 1 0 0 0 1 -1 0 -1 -1 1 -1 0 0 1 0 -1 -1 -1 0 1 0 1 0 0 0 -2 0 -1 -1 -2 0 -1 0 -1 1 0 1 1 -1 0 3 1 1 0 0 1 1 0 0 -1 -1 0 0 0 0 0 0 1 -1 1 1 0 -2 0 0 -1 0 1 2 0 0 0 2 1 -1 0 0 -1 -1 1 0 -2 0 0 0 2 0 0 0 -1 -1 1 1 1 -1 0 1 1 0 1 0 0 1 -2 0 -1 0 1 0 2 -1 1 0 1 2 0 1 -1 1 0 -1 0 0 0 0 0 0 -1 0 1 2 0 0 0 0 0 -1 -1 -1 0 0 -1 0 -1 1 1 0 1 0 -2 0 0 1 0 0 2 2 0 0 -1 1 0 0 1 -2 0 0 2 1 0 0 1 3 1 -2 0 -1 -2 0 1 0 3 0 -1 1 -1 -1 -1 0 0 0 1 -1 1 0 -1 1 0 0 1 3 -1 0 -1 0 2 0 0 0 0 0 0 -2 -2 1 -1 0 0 1 0 -1 1 0 1 0 0 1 0 2 0 0 1 1 0 0 -2 0 0 1 0 0 0 0 -1 1 0 0 1 0 -1 17 0
-1 -1 1 0 0 0 -1 -1 1 0 0 -2 -1 0 0 0 2 0 1 0 -1 0 1 -1 -1 1 0 0 -1 0 -1 0 0 1 0 2 0 -1 1 0 0 0 0 0 0 0 0 1 -2 0 0 -2 -1 1 0 1 0 1 0 0 0 0 0 1 -1 1 0 0 1 -1 0 -1 0 0 0 2 0 -2 1 0 1 0 -1 0 0 -1 1 2 0 -1 0 -1 0 1 0 -1 0 -1 0 0 0 1 0 -1 0 1 1 0 1 0 -1 0 1 2 0 0 0 2 0 0 1 0 0 -1 0 0 -1 1 1 0 0 0 0 0 1 0 0 0 1 0 -1 0 0 1 0 1 -1 -1 0 0 1 0 1 -1 0 1 1 -2 0 0 2 0 1 -2 1 -1 0 -1 0 1 0 0 1 1 1 1 1 0 0 -3 0 1 0 0 0 1 0 0 0 0 0 0 0 0 0 -1 2 0 0 -1 0 0 1 -1 0 0 -1 -2 0 1 0 0 1 0 0 0 -1 1 -1 -1 1 0 0 0 1 1 1 1 -2 2 0 0 1 -1 0 -2 -1 1 -1 -2 0 -1 0 0 0 0 0 0 0 0 0 -1 0 0 0 1 0 0 -3 0 -1 1 1 0 2 1 -2 0 0 0 -1 0 0 0 0 0 1 0 0 0 0 1 -1 0 -1 0 1 -1 -1 1 1 0 1 0 0 0 0 0 0 -1 0 0 0 1 1 -1 0 0 0 14

