Q_obj 
63 0 2 -1 2 2 0 -2 -7 0 0 0 6 -4 0 0 0 0 4 -3 2 0 4 0 0 4 -2 0 0 0 0 5 1 0 -4 4 2 0 -2 0 2 2 8 0 0 4 0 -4 2 -3 -2 8 0 4 0 1 0 6 4 6 0 0 0 -1 0 0 -2 2 1 -4 2 4 4 0 0 -4 -2 0 0 3 -2 0 0 -8 0 0 -2 0 0 4 -6 2 2 2 2 4 2 0 0 0 0 0 1 0 0 0 2 0 0 0 4 4 6 0 2 0 8 -2 2 0 2 0 0 0 -2 0 0 0 4 0 4 2 -3 0 1 -2 -4 -8 0 2 -4 0 -2 0 -2 -2 -4 0 2 2 3 0 0 -4 2 -6 2 0 0 0 0 2 4 0 0 0 4 0 0 -4 2 0 -2 0 4 0 1 -8 0 3 4 0 -2 6 1 -2 2 4 0 -4 0 0 0 0 0 6 0 -4 5 -4 -2 5 0 0 4 -2 -1 4 0 -2 0 1 0 4 4 -2 0 5 0 -3 -4 2 0 0 -2 2 -4 0 2 -1 -2 2 -2 2 4 0 -4 -10 2 0 4 0 4 0 0 -2 0 -4 1 0 -6 0 -2 0 2 -2 -3 0 6 0 3 0 6 4 0 0 0 2 0 -2 0 -2 10 4 0 -2 2 0 0 -2 -2 2 -4 -3 -2 4 -2 0 0 2 0 -11 -2 1 -5 0 -4 0 0 0 -1 0 -2 5 0 -8 0 -2 0 0 2 -4 4 -4 0 2 2 0 -2 2 3 2 2 4 0 10 4 2 3 -1 -2 0 0 0 2 0 4 0 0 0 6 0 2 2 0 3 2 -4 4 4 0 2 0 4 2 2 0 0 -4 0
0 36 0 -4 0 -4 0 -4 -4 -2 -3 0 -4 7 0 0 0 -2 -4 2 -1 0 0 2 0 -1 0 2 1 2 -2 -4 0 0 0 2 1 -2 0 0 0 -1 0 0 0 0 -3 0 -4 0 -4 -2 0 0 0 0 2 2 0 0 0 -2 0 0 0 0 0 2 0 -6 1 5 0 -1 0 -1 0 -2 0 0 -2 0 0 6 0 0 -1 0 -3 -1 0 3 -4 0 0 0 0 1 -1 0 4 0 0 1 -4 0 0 -6 -2 0 0 0 0 0 4 0 0 0 0 0 -1 0 2 2 0 2 3 4 -4 0 0 2 0 0 2 4 -1 -6 -1 2 0 0 0 0 0 0 0 -2 0 -2 0 -2 0 2 0 0 0 1 2 0 0 0 1 0 0 -2 -2 4 0 1 3 0 -4 0 -1 0 0 2 2 2 0 -2 0 2 4 0 0 0 0 0 0 0 0 0 2 2 -4 0 0 0 -4 0 0 1 -1 -2 0 -2 -2 -8 0 2 0 0 0 0 0 -2 5 0 -2 0 0 0 -3 0 0 2 0 0 0 2 -6 4 -4 0 0 0 -2 0 0 0 0 0 0 0 -5 8 0 0 -2 -2 -2 -2 0 2 -2 -1 -1 2 -2 0 2 0 0 0 -4 -4 -4 -2 0 0 0 -4 0 0 2 0 2 0 4 0 0 2 0 0 1 -3 0 0 0 0 4 -1 0 -2 4 0 0 0 0 0 0 -4 0 0 -1 4 0 0 0 -4 0 -2 0 -6 2 2 -4 2 0 4 0 0 2 0 0 1 -1 0 0 0 0 -5 -2 0 -2 0 0 -4 0 3 0 0 0 0 4 5 0 2 -4 0 -1 0 0 -2 1 0 2 -1
2 0 70 0 0 0 0 4 0 -1 0 0 0 0 0 0 0 -2 0 -1 -4 2 4 2 0 4 4 0 0 2 0 2 0 0 0 0 0 -8 -5 2 2 0 4 6 0 2 0 10 0 0 0 4 4 0 0 0 -2 -1 3 0 0 3 0 -4 4 2 -6 0 -2 2 0 -1 4 -8 0 2 2 0 0 -2 2 -2 10 0 4 -2 -3 2 1 4 -2 -2 -1 -4 1 0 2 -6 14 0 6 0 4 0 -1 0 4 0 4 -2 10 -8 4 2 -2 -4 0 0 4 2 2 0 0 0 1 -8 0 -4 4 0 4 0 0 0 4 0 0 -4 0 -2 -2 -2 4 -2 0 2 0 0 4 -5 -4 2 0 4 0 3 -2 -2 -2 2 3 4 4 0 0 2 -4 -1 4 -4 2 4 4 0 2 -6 2 0 0 0 2 0 -2 2 0 0 0 6 -8 -1 4 0 0 4 -3 -4 0 1 2 -4 0 -4 2 -6 0 -2 2 4 2 -4 -2 -4 0 0 2 2 -4 2 6 -5 0 0 2 1 0 0 2 0 5 4 2 1 6 -2 -2 8 -2 0 2 1 0 -4 2 4 -2 0 0 1 0 4 0 2 -6 4 -4 0 -2 1 0 2 4 0 1 -2 2 -2 4 -2 0 0 -4 2 -2 -4 0 0 4 0 2 4 6 -2 2 8 0 4 0 -2 2 -1 0 4 -2 0 -2 0 -4 0 2 2 0 0 2 -3 2 -2 0 -2 0 0 0 1 0 3 4 2 -2 -6 0 8 -4 -2 0 -1 -2 0 -2 -2 3 -4 -5 -2 -2 0 0 2 1 0 -1 0 0 0 0 0 -2 0 0 -2 2 0 -4 6 0 4 4 2 0 0 2 -1
-1 -4 0 64 -2 0 -2 -4 4 1 -1 -2 4 0 0 0 0 4 4 3 -6 8 0 2 0 0 0 0 0 0 0 1 1 4 4 6 -2 8 4 -2 -3 4 2 -6 0 0 2 -2 0 0 0 -2 0 0 0 -3 0 0 -4 0 0 8 4 0 0 -1 0 -6 1 2 0 -4 0 2 0 0 2 -1 0 0 0 9 -2 11 -1 0 -2 0 -1 -1 0 0 2 0 -1 -1 2 -4 2 0 0 2 4 0 -2 -1 -8 0 0 0 0 -4 0 0 0 0 0 0 0 -5 0 0 -2 -2 0 0 1 4 -9 -2 4 -4 4 0 2 1 0 -1 0 0 -4 4 -4 1 0 2 0 0 4 0 -3 -2 -2 0 0 0 4 1 -8 0 2 0 0 -2 0 3 -1 -4 0 -2 -2 0 0 0 0 0 0 -4 0 4 0 0 2 0 -2 5 0 4 0 0 0 0 -1 0 0 -3 8 0 0 -4 0 2 0 5 0 12 0 4 1 -2 0 -8 1 0 0 6 -4 0 4 0 -1 0 0 0 -2 0 0 0 -4 -1 -2 0 -5 0 0 -2 0 -2 0 4 0 0 4 0 0 -6 0 0 -1 8 1 0 -2 2 1 -8 0 4 3 2 3 4 4 2 0 0 -2 -2 -6 0 0 0 0 11 -6 0 0 -2 -2 -4 0 0 1 0 -2 -2 0 -4 2 -1 0 1 -6 2 2 0 0 -4 0 2 0 0 0 -2 0 0 -2 2 0 -2 6 -2 0 0 0 -1 0 0 0 -8 -3 -2 0 -2 8 2 8 0 0 -1 -7 -4 6 -4 -2 0 1 0 2 4 -1 -4 -4 1 0 4 2 -3 0 -4 0 -8 0 -2 0 6 4 -1 2 10
2 0 0 -2 32 -2 0 0 -6 4 0 0 2 0 -5 0 0 2 0 0 -3 -2 -6 0 0 2 2 2 1 2 0 0 -2 2 2 -1 -2 2 0 0 2 -2 0 0 0 -4 0 -4 0 6 2 -2 4 0 0 0 0 4 0 -2 0 -1 2 0 2 0 0 0 0 0 0 0 0 0 -2 0 -4 0 2 1 0 0 4 0 0 0 0 0 0 0 0 -4 -2 2 5 -2 -2 3 0 0 0 -4 1 0 0 0 0 -8 -6 1 -4 4 2 0 0 0 -4 -2 0 2 -2 2 0 0 -4 -2 -4 -3 -2 0 0 0 -6 4 -3 0 0 -1 4 0 -2 0 4 0 2 -2 2 0 2 2 4 0 5 0 -1 0 0 0 2 -2 -2 2 0 0 2 0 2 0 -4 3 0 1 2 0 10 0 -6 -2 4 0 0 4 2 0 -2 0 2 -2 0 -2 0 0 0 2 0 1 -2 5 -4 -2 0 2 2 0 -4 0 0 4 -6 0 0 -1 0 -4 -2 2 2 0 -2 0 0 4 4 2 0 -2 -2 0 -4 4 -2 0 1 0 -1 -1 0 -4 2 -1 0 0 -2 0 2 0 9 2 4 0 0 0 -4 1 -2 2 -4 0 0 0 2 2 -10 0 -4 0 1 0 0 1 0 -3 0 1 0 6 0 1 0 0 0 2 3 -1 2 0 -5 0 -2 2 -2 -4 0 0 0 -1 1 1 -6 2 0 0 0 0 0 1 1 1 2 4 -4 5 -4 0 -4 6 0 3 -2 0 0 0 0 -2 1 0 0 0 0 0 8 0 -4 2 -1 6 0 0 2 2 0 0 0 0 -2 -2 4 0 0 2 0 0 6 0 0 0 2 0 4 3
2 -4 0 0 -2 50 -1 0 1 2 -5 -4 2 2 0 4 0 0 4 0 9 0 0 -1 0 2 -5 -2 -3 0 4 0 0 4 0 0 2 4 -4 0 2 -2 1 0 0 0 5 0 0 -2 3 4 0 0 0 0 -4 0 1 1 0 2 8 0 4 0 4 4 -2 0 2 -2 4 -2 0 -5 0 2 -2 0 2 0 3 0 0 4 -6 0 -2 8 0 0 4 -1 0 8 -3 0 -5 -2 -2 0 0 1 -4 0 2 -1 0 0 0 0 -4 0 2 0 8 0 -2 0 0 0 0 -2 0 4 -4 0 0 -8 0 0 -1 -2 0 0 1 0 6 -2 0 4 0 1 0 -4 -1 0 -2 -1 -2 -1 -5 0 0 0 0 2 -2 1 0 0 4 4 0 4 -1 4 0 -2 -1 3 0 -4 1 0 -4 -3 0 4 -3 1 4 -2 -2 7 0 3 -4 0 0 -1 0 4 -2 0 4 0 -4 6 6 -2 0 0 3 -10 0 1 2 4 0 0 0 4 2 2 0 2 -3 5 0 1 0 1 0 3 0 0 2 -2 2 0 1 0 0 0 8 -2 4 0 0 2 4 0 0 0 -1 -4 0 0 3 4 6 4 0 6 0 -2 4 -2 6 0 2 4 2 4 0 -4 2 0 -6 -5 0 2 0 -5 -6 -4 0 -2 -2 1 -3 -4 0 0 -2 0 0 0 0 -4 -2 -5 2 2 0 1 0 -2 2 2 0 0 8 0 0 0 -2 0 1 4 0 4 -2 4 0 -2 1 0 -2 0 0 0 0 0 6 -1 2 0 0 -4 -4 -4 6 -1 -2 -6 8 4 -2 5 0 -4 -2 0 -2 2 0 4 0 2 -4 -8 0 3 0 5 -3 -1
0 0 0 -2 0 -1 65 0 -2 -1 6 -3 -2 1 -2 0 0 0 0 0 0 -4 0 0 0 5 2 -2 -1 2 4 0 0 4 0 0 2 2 0 -2 0 0 0 -4 -6 1 6 -2 -2 -4 1 2 4 -2 2 6 -4 0 -4 4 -2 -2 -2 0 4 -3 0 -2 -2 2 0 6 -8 -4 4 3 12 4 2 4 0 3 1 0 1 0 1 -8 0 4 0 0 8 0 1 -2 4 0 1 0 0 0 0 -4 2 0 0 -2 0 3 2 0 0 2 -4 0 1 2 0 4 4 1 2 6 0 -4 4 0 -10 1 -2 0 -5 4 0 -2 -4 0 -1 0 -2 -4 -1 1 -2 2 3 -1 0 3 -1 0 0 -2 0 -2 4 -4 5 -5 -4 6 -7 -12 0 -2 -1 0 -2 6 4 0 -1 -2 -1 -4 0 1 4 -2 0 -2 4 0 2 -2 -1 2 0 4 2 0 -1 0 -1 -6 5 -2 7 5 0 0 0 0 0 2 -4 4 6 0 4 4 -2 0 0 0 2 0 0 2 0 2 6 0 2 0 0 0 0 0 -2 0 2 0 2 -4 2 -3 0 -8 4 0 -2 -7 4 -1 4 0 0 -3 2 0 2 -7 -2 0 0 -2 5 2 0 0 -2 -1 -4 -2 -1 0 6 0 2 -2 2 -4 -4 7 -4 0 1 -4 -4 0 -3 2 -3 -1 0 3 3 0 -2 6 2 2 3 0 6 0 -2 1 4 2 0 4 2 2 -3 -6 6 1 4 -2 -4 4 0 0 -4 -1 2 -6 0 -1 2 -4 0 0 -4 2 8 -2 0 -2 -2 0 -2 2 5 2 -10 1 -2 -4 0 -6 0 0 -4 0 0 -2 4 0 -4 -7 2 -3 -4 -1 1 0
-2 -4 4 -4 0 0 0 41 0 6 0 0 4 -2 0 4 0 0 0 0 0 0 0 0 0 0 -2 0 0 0 0 4 0 0 0 -2 4 0 0 0 4 0 0 0 -4 2 0 4 -1 0 0 0 -2 1 0 -4 0 0 0 -8 2 0 0 0 -2 1 2 -2 4 1 -2 2 0 -2 0 -2 0 0 1 0 0 0 0 -8 0 0 0 0 0 0 -4 2 2 0 2 1 0 4 4 0 4 0 -4 0 0 -2 2 4 0 0 4 -2 2 0 -2 -6 0 -4 0 6 0 2 -4 0 2 0 0 -4 5 5 -2 0 0 0 0 -1 4 0 0 1 8 -2 -1 0 0 -2 0 -2 0 -4 0 1 0 -1 0 0 -4 -6 -2 0 0 0 0 -4 0 -4 0 0 0 0 0 4 4 -2 0 -1 0 -2 0 2 0 0 -2 0 0 2 4 1 4 0 0 0 0 0 -2 0 0 0 0 4 0 0 0 -1 0 0 0 0 -2 -2 4 -6 2 0 4 0 -3 2 0 4 1 2 3 0 0 0 2 0 0 -2 0 7 0 -2 0 0 0 0 1 0 0 0 0 0 2 0 0 0 0 0 0 6 1 2 0 0 2 0 0 -1 0 0 -3 0 4 0 0 -2 -2 0 0 1 -2 1 0 0 0 0 -4 4 0 0 4 6 0 -2 2 -6 0 0 0 0 4 -4 -4 1 4 0 0 0 4 0 2 4 0 0 0 -5 4 0 -4 -1 -2 4 0 0 -2 -4 -1 0 -2 0 2 -6 0 -1 0 0 2 -4 4 0 -4 0 0 4 0 0 0 4 0 -2 0 1 -1 2 0 0 0 0 0 0 0 -2 0 0 -2 0 0 -3
-7 -4 0 4 -6 1 -2 0 51 0 0 -2 0 0 -2 0 0 2 4 0 -6 6 0 -4 0 -4 -4 0 0 -4 0 -2 0 -2 0 0 2 -3 0 4 -2 0 0 4 0 4 -8 4 0 4 0 -4 0 0 2 0 0 -8 1 0 0 0 0 8 0 4 2 0 2 0 0 0 0 -4 2 5 4 0 0 1 4 0 0 -2 2 0 0 0 0 0 4 0 0 -2 -4 1 0 3 0 0 0 0 0 0 0 2 0 -1 4 6 0 0 -4 0 0 0 0 8 0 0 4 -6 0 0 0 0 0 0 0 0 0 -4 6 0 0 0 -4 2 0 -2 0 0 -2 0 0 -2 -4 2 -6 -1 0 2 -1 4 0 -4 0 -2 -2 0 4 4 0 0 0 0 2 -2 4 -2 -2 -2 -4 6 -4 0 2 4 0 0 -2 0 1 6 0 -2 0 0 0 0 0 -2 0 0 0 0 0 -6 -1 4 0 4 0 -4 4 5 2 0 2 -2 -4 -3 4 0 0 0 0 1 4 -2 0 2 -2 -2 -2 -2 2 0 2 -1 0 0 1 0 0 0 0 4 -2 6 -4 2 4 0 6 -4 4 0 -4 2 0 0 1 8 -4 0 6 4 0 0 2 0 2 0 3 12 0 4 0 6 0 0 -2 4 0 0 0 -2 -2 -4 0 0 2 0 0 0 0 4 0 4 0 4 -2 -2 4 0 -4 -4 4 -2 8 0 -2 1 -2 0 4 0 0 0 -4 2 -2 -2 -2 6 2 0 6 0 8 -4 0 0 0 -4 -2 0 4 0 -2 0 0 0 0 0 0 0 0 0 0 0 -2 6 0 2 0 -6 4 0 0 0 0 0 0 0 0 4 -2 0
0 -2 -1 1 4 2 -1 6 0 40 4 2 2 0 0 0 0 0 -2 0 0 -2 0 3 1 -6 0 -4 -2 -2 0 2 2 4 0 -2 0 4 0 0 4 0 0 -2 1 0 0 -2 0 -2 4 -1 0 0 2 0 2 1 0 0 4 1 4 2 -6 0 0 -4 0 2 0 -2 0 2 -4 0 -1 3 2 0 0 0 1 -3 8 -1 0 -1 -1 -1 -4 6 0 -4 0 0 2 2 1 0 -4 -2 -4 0 1 0 -2 0 -2 0 2 -2 0 1 0 0 1 -3 0 0 -2 2 -4 4 -1 -2 1 -3 2 6 0 2 2 -5 0 0 2 2 6 0 4 2 0 -4 0 -2 2 -4 0 0 -3 -1 4 0 -2 0 -2 0 0 0 -5 4 4 2 0 -3 -4 1 0 2 1 2 0 1 2 5 0 0 4 6 -2 0 0 -2 -2 4 2 -2 0 -4 0 0 1 -4 0 0 4 -2 -2 -3 3 0 0 1 4 -1 1 0 0 0 6 -5 1 2 0 0 1 -4 -4 -2 2 2 2 1 2 0 0 0 0 0 0 0 0 0 0 2 1 -2 0 1 -4 0 -2 -5 2 -4 4 0 0 0 2 6 2 -1 -2 4 -1 -3 1 -2 2 0 0 0 2 0 0 2 2 1 0 4 0 0 -2 0 2 2 -4 0 0 0 -4 0 2 -1 0 2 -1 1 0 0 4 -2 0 2 0 0 0 0 -2 0 -2 -2 -4 -4 0 3 -1 0 -2 -2 2 2 0 4 -3 -3 0 0 -1 -1 -1 -2 0 0 0 -2 0 -2 8 1 0 -2 0 3 -2 2 0 0 0 0 2 -1 0 0 6 2 0 -2 0 0 0 -1 -4 0 0 0 -1 1
0 -3 0 -1 0 -5 6 0 0 4 48 -1 -6 0 0 0 0 -2 0 1 0 4 0 0 0 0 -5 -4 -2 0 -4 3 1 0 2 0 0 0 0 0 0 0 2 0 -8 0 2 -6 0 -1 2 0 2 -4 2 -5 4 6 0 4 0 0 -4 0 0 -1 4 -8 2 0 0 -6 0 -1 0 0 0 0 0 0 0 0 -4 0 4 0 2 0 0 0 0 4 0 0 2 0 3 2 0 0 0 0 1 0 4 -2 2 -2 2 -2 4 0 2 0 -1 2 2 -6 0 2 3 0 0 6 0 -2 0 0 -4 -2 2 0 -5 0 2 -3 2 0 0 4 2 0 0 0 0 2 -5 -2 0 -2 -2 -2 0 0 -2 0 4 1 2 -3 0 0 -2 4 0 2 -2 2 -4 5 3 1 3 2 4 2 0 0 -2 7 1 1 -4 1 0 -1 0 -1 0 0 1 1 0 1 0 2 0 0 0 0 0 0 0 -5 -1 -4 0 0 10 5 -4 0 0 -2 0 0 2 2 0 0 -2 7 4 -4 4 -4 0 -2 4 0 -5 2 0 0 0 0 0 -4 0 0 2 2 0 4 0 2 -4 0 1 4 -4 0 0 -4 -4 -8 -3 0 1 -4 1 -2 0 0 -2 -4 -6 2 1 6 0 2 0 4 0 0 0 4 2 2 -1 0 -4 4 0 -4 0 2 -1 -2 -4 3 0 0 -2 6 0 0 -4 2 0 0 -2 0 2 0 3 0 0 0 0 2 0 -2 0 -1 -2 -2 0 2 -1 -2 0 3 6 2 -10 -2 0 1 -6 0 0 4 -4 3 4 2 -4 10 0 0 0 2 0 0 -2 1 -1 0 0 -4 0 0 0 2 0 0 -2 -3
0 0 0 -2 0 -4 -3 0 -2 2 -1 28 2 -4 0 -2 0 0 -3 0 -4 0 0 0 0 -1 0 0 0 0 0 -4 0 0 0 0 0 0 -2 -2 0 2 0 4 0 0 0 0 0 0 4 1 0 0 0 0 0 0 4 0 0 0 0 0 0 2 0 -2 2 0 -4 -4 2 -6 0 2 0 0 2 0 -2 -2 -8 0 0 0 0 0 0 0 0 0 2 0 0 -2 -1 -4 1 0 0 0 0 0 2 0 -4 0 0 0 0 0 0 0 -2 -2 0 -2 2 4 0 0 -6 0 2 0 -4 -1 4 0 -2 0 1 0 0 2 -2 -4 -1 0 2 -2 2 -1 0 3 -1 -2 0 -1 0 -1 -2 0 0 0 0 0 0 1 0 0 -2 4 0 0 -1 -2 2 0 1 -1 0 -4 -2 0 2 0 0 0 4 2 -4 0 0 0 0 2 0 -4 0 -1 0 6 2 2 0 0 0 -2 0 4 2 -1 1 2 -2 0 -2 0 2 1 4 0 0 0 0 -2 0 0 -2 0 0 0 -3 0 0 -2 0 -4 0 4 0 -2 0 0 0 0 4 -2 2 -4 -4 2 -2 0 0 0 0 0 0 4 0 1 0 1 0 0 -1 0 -2 0 3 -4 0 0 5 -2 0 0 4 4 0 -2 4 1 0 1 4 2 0 0 -3 -2 2 0 0 0 0 0 2 0 0 8 0 -1 0 0 0 -2 1 -4 0 0 -2 -2 -8 0 -2 0 -4 -4 0 0 0 0 0 0 0 2 7 -4 0 4 0 0 0 0 -2 -2 2 -1 0 0 2 1 2 -2 0 2 0 4 0 4 0 2 0 2 0 -2 0 2 0 0 0 1 0 -1 0 -1
6 -4 0 4 2 2 -2 4 0 2 -6 2 88 0 0 0 1 2 0 0 2 0 4 0 2 -2 0 0 2 0 0 4 0 0 0 -2 -2 0 0 -2 -2 0 0 0 0 -4 0 -2 4 2 -3 0 8 0 1 -6 0 0 0 -4 4 -2 0 0 6 0 -4 4 0 2 0 -4 1 0 -4 0 4 -2 2 2 0 4 0 6 2 0 0 -2 0 0 6 2 -6 4 4 2 4 -2 12 -2 -10 0 2 0 0 8 -12 4 -4 0 0 0 0 0 4 -2 -2 -4 1 -6 4 0 0 -6 -4 0 -2 -4 4 0 0 0 5 2 4 0 3 0 0 0 -6 -2 0 -2 0 2 4 6 -2 -4 2 0 0 -2 8 -8 -4 2 -2 0 -2 -4 2 4 10 -2 4 0 4 -1 -2 0 -4 2 0 0 0 4 0 4 0 4 0 0 -2 2 4 4 0 4 4 -6 4 12 -6 -10 0 0 -2 0 0 -2 0 -2 0 4 4 8 -4 0 0 1 8 2 -3 0 -6 2 0 0 -1 8 0 0 -6 0 0 4 -4 0 2 4 2 -6 4 0 -2 -2 4 0 -2 0 8 0 0 2 4 4 0 6 4 -4 -4 2 8 4 -2 -4 0 0 0 1 2 2 0 -11 0 -6 4 0 4 0 0 -3 0 -2 4 -4 8 -4 0 -1 4 -6 0 0 2 4 -2 2 4 -1 0 -4 -4 2 -6 0 0 0 -2 0 0 3 -4 4 4 -8 4 -3 0 4 4 0 0 0 -3 0 3 10 0 4 2 -4 6 2 -2 8 2 -2 10 0 8 0 6 -2 0 -4 0 -4 8 -3 2 -4 0 0 4 4 0 1 0 4 0 8 0 0 2 -2 -2 2
-4 7 0 0 0 2 1 -2 0 0 0 -4 0 36 0 0 -2 4 4 0 6 0 4 2 0 0 -4 0 4 0 2 0 0 0 -2 0 -1 -2 0 0 -4 -4 4 0 -2 0 4 2 -2 0 -8 -4 0 0 -1 0 4 0 0 0 0 0 0 0 0 -2 0 4 -2 -2 6 1 0 0 0 4 -2 0 0 2 0 0 -1 2 2 0 0 2 -2 0 6 0 -2 -1 0 -4 0 -2 2 0 0 0 0 2 0 -2 0 0 0 1 0 -2 -1 0 4 3 2 0 -6 0 2 -2 0 0 0 0 1 0 0 0 -1 0 0 0 0 0 0 2 0 -1 0 0 0 -2 0 -4 0 4 -4 2 0 -2 0 4 0 0 -2 0 0 0 0 4 -2 0 -4 0 -2 4 0 6 -2 0 -5 0 4 0 0 4 0 0 -6 0 -1 -4 4 -2 0 0 0 4 0 4 0 -2 2 -4 -4 0 0 2 -4 -4 0 2 2 0 -2 6 0 0 0 0 4 4 -4 2 0 0 2 0 2 -2 -4 -2 -1 2 0 4 0 4 -2 6 -2 4 0 0 0 4 0 0 0 -2 0 -2 -4 0 0 2 0 1 4 0 -1 0 -1 0 0 0 0 2 -2 0 -4 0 -6 0 4 0 8 0 4 -2 0 0 -2 8 2 4 4 -4 0 0 0 -8 -1 2 0 3 1 -2 0 0 2 4 4 -2 0 -2 0 0 0 4 3 0 0 0 0 0 0 -3 -2 0 0 0 0 0 0 0 0 0 0 -1 0 -2 2 0 0 0 0 0 0 0 0 0 2 0 0 1 0 3 -2 0 -2 0 8 -4 4 0 0 2 0 0 0 0 0 0 0 0 2 0
0 0 0 0 -5 0 -2 0 -2 0 0 0 0 0 53 0 0 4 0 4 1 0 0 2 4 -2 0 4 4 0 -1 0 0 0 -6 -5 0 0 0 0 -2 -6 0 -4 -1 0 0 6 0 0 4 -4 -4 4 2 -4 -2 0 -8 6 0 0 8 -2 4 4 0 0 0 0 0 0 -2 6 -8 0 4 0 0 -1 0 -2 2 1 -4 0 0 2 0 0 4 6 4 -2 3 4 0 -1 1 2 0 4 -8 0 0 0 0 -1 -10 -2 6 0 0 2 6 2 0 0 0 6 -4 0 0 0 4 0 0 2 6 0 -2 0 0 2 4 0 2 -1 -2 2 -4 -2 -4 2 -6 0 -2 0 -2 0 0 0 0 0 2 0 -6 0 -2 2 0 2 0 0 0 0 0 4 0 -4 -2 -2 8 0 -8 4 4 -2 0 -2 0 0 0 -4 9 1 2 0 0 -4 0 0 -6 0 1 -4 -2 -2 0 4 0 0 0 0 -4 -2 4 0 0 0 0 -1 -2 4 0 0 0 4 2 5 0 -4 0 -4 4 -2 0 0 0 2 0 2 -2 2 4 1 -1 0 0 6 0 4 -1 -2 2 0 -16 0 -6 2 0 0 2 -2 -2 -8 2 -4 -4 0 0 0 0 0 6 0 2 8 2 0 -2 2 1 0 0 -2 -2 4 4 2 0 0 6 0 2 0 -2 -2 6 -4 -6 8 0 -8 0 0 0 -5 -2 4 -2 0 -4 0 6 1 -2 0 0 -4 -4 0 2 4 5 -1 3 -1 0 2 -2 4 0 0 -2 2 0 0 0 -4 0 -4 8 -4 2 0 0 0 4 2 0 0 0 0 0 1 2 0 0 -2 0 0 -2 0 0 2 0 4 2 -2
0 0 0 0 0 4 0 4 0 0 0 -2 0 0 0 41 6 2 -4 0 0 0 4 0 0 -1 2 0 1 2 0 2 6 -2 0 0 6 0 0 0 0 -2 -4 6 1 0 -4 0 0 0 2 -2 0 6 4 0 -2 0 0 -4 0 1 1 0 0 1 0 0 -1 0 0 -4 3 0 0 0 0 0 -2 2 0 0 0 0 0 -6 4 0 -1 2 0 0 0 0 0 4 -2 0 -4 0 -4 0 -4 -4 2 0 -2 -1 0 0 4 6 -2 0 3 -1 -6 0 -4 0 -4 0 0 -3 0 4 2 0 4 1 -2 0 0 0 0 0 0 2 0 6 4 0 -1 0 0 4 4 -6 2 0 0 -2 0 0 2 0 -2 0 4 0 0 0 2 4 0 0 0 1 2 1 -2 6 0 0 -4 0 0 1 0 0 4 0 0 0 0 2 2 0 -4 4 0 -2 -3 0 0 6 0 2 -1 -2 0 -5 0 0 0 -2 0 0 2 4 -3 4 0 3 -6 0 0 -4 0 2 2 0 -2 -2 6 2 0 4 0 0 -4 4 0 2 0 2 0 -2 0 -2 -4 2 0 0 0 -4 3 -2 0 0 0 -4 0 2 0 0 -1 0 2 0 4 0 0 0 1 4 -10 0 -2 0 -2 -2 4 2 6 2 1 -6 -4 0 0 -2 2 0 4 -5 0 0 0 0 0 -2 -1 0 0 -4 0 -2 0 0 -3 2 4 0 2 -2 0 0 0 1 0 6 0 0 3 0 0 0 0 0 0 0 0 0 0 0 0 0 4 -2 -4 -2 2 0 4 0 -4 2 -4 -2 0 0 0 -1 -2 -3 -4 0 0 0 0 0 1 0 -2 6 -2 0 0 0
0 0 0 0 0 0 0 0 0 0 0 0 1 -2 0 6 37 0 -2 0 0 0 0 0 -1 4 0 4 0 0 -4 0 -2 0 0 0 2 -4 0 4 0 -1 -2 2 1 -2 -4 -3 0 4 0 0 -1 2 1 4 -1 0 0 -2 0 2 4 0 -6 4 0 4 -2 0 -4 0 5 4 0 -4 0 0 0 2 0 -2 0 -1 4 4 0 4 2 0 -2 4 0 0 4 2 2 1 -4 0 1 0 -8 0 0 0 0 -8 0 -4 1 -2 3 0 4 0 0 0 -4 -5 0 0 -6 2 0 0 0 0 0 0 -4 0 0 0 -2 4 0 -1 0 0 -2 0 0 0 -2 -2 0 -6 4 -2 2 0 0 0 0 0 0 0 -2 4 0 0 2 0 0 -4 0 0 1 0 -2 0 0 0 0 0 0 0 0 0 -2 6 0 0 -2 0 4 0 2 0 0 -2 0 0 0 1 2 2 0 -2 0 0 0 -2 0 2 2 -1 0 2 -2 2 0 -2 -4 0 0 -2 2 0 1 0 0 -4 0 2 0 2 0 -4 0 1 -4 0 4 -1 0 0 -4 -2 -6 -4 2 0 0 -2 0 0 0 6 0 -4 0 0 0 0 0 0 2 -6 2 5 2 0 0 2 -2 0 0 4 -4 8 4 0 4 0 0 -9 -2 2 0 0 -2 2 6 -4 -2 -1 0 5 -4 -2 0 -2 -4 -4 4 -2 0 -8 0 6 -2 0 0 0 -4 0 -2 0 -2 1 -2 2 -4 0 -1 4 0 4 1 0 0 0 -2 -4 0 0 2 -1 2 -1 -4 -4 4 0 0 -2 2 0 0 -4 0 -4 -4 0 -4 0 4 0 0 0 -4 0 -1 0 -2 4 0 0
0 -2 -2 4 2 0 0 0 2 0 -2 0 2 4 4 2 0 55 0 2 -1 4 0 0 0 2 0 -4 4 4 0 -4 0 -12 0 0 0 -4 0 0 0 -4 0 2 0 0 0 0 0 4 -4 -4 4 0 -4 -2 1 0 -2 -2 0 0 0 0 0 -2 5 0 2 0 0 0 0 4 -1 0 -2 4 -4 4 -2 0 2 0 -4 0 0 -2 -1 -2 -2 -4 -4 0 -4 -2 0 2 2 0 -4 0 -2 0 2 0 0 -2 -4 -4 0 4 4 -4 6 -2 0 0 0 2 0 0 -4 -12 2 0 0 -2 4 4 0 0 4 0 0 0 2 4 4 0 0 4 2 2 -2 0 -2 4 0 -2 4 0 -6 4 -2 0 2 -4 0 0 6 0 -4 0 0 0 0 4 0 -2 -2 -2 -8 0 0 -2 0 -2 0 -2 2 -4 -2 -4 2 -4 4 0 0 0 0 0 -6 0 2 -3 4 0 2 4 0 0 0 -2 4 -4 2 6 -2 4 -2 6 0 6 0 2 0 1 0 2 -5 -8 4 -1 0 0 0 4 -4 4 0 -4 -4 -4 0 0 0 0 0 -2 0 2 8 0 -2 0 0 0 0 2 0 -2 -6 4 0 -2 -3 -4 2 -6 0 0 -2 0 2 2 4 -4 -4 0 0 4 0 4 -4 0 2 -2 0 0 0 3 0 0 0 0 -4 4 2 0 -2 1 -2 -4 4 -4 0 0 0 4 -2 -2 -4 0 4 0 0 0 0 0 0 -2 0 -2 -4 8 0 2 0 -4 0 0 0 2 -1 4 -8 -6 2 0 -2 0 0 0 0 -2 -2 0 9 0 -2 0 0 -4 0 -2 0 0 -2 -4 0 -2 4 2 2 4 0 0 0 0
4 -4 0 4 0 4 0 0 4 -2 0 -3 0 4 0 -4 -2 0 53 0 4 0 0 -6 0 2 0 0 0 0 0 0 8 4 0 0 -2 -1 0 2 0 2 8 0 -2 8 0 0 -2 0 -6 0 5 0 -4 0 0 0 0 4 0 0 -2 6 2 -5 0 0 -2 -5 -2 6 0 0 -2 -2 1 0 2 0 0 0 0 2 -4 4 0 2 0 -2 0 0 4 2 0 2 0 -2 0 0 -2 1 0 2 -4 4 4 0 0 0 -2 4 -6 0 0 0 0 4 -2 4 4 2 -2 4 0 -4 0 -2 0 0 0 0 2 0 0 0 0 -7 0 -6 -6 0 1 -3 -4 0 0 0 0 2 0 0 2 2 0 4 7 0 0 0 0 0 1 -6 0 4 12 -4 2 2 -2 -2 0 2 0 0 0 0 2 4 -8 -2 0 0 0 -2 0 -2 0 0 -4 0 3 2 4 2 -2 0 2 4 0 -6 0 -1 2 2 -6 0 0 -4 0 0 0 6 0 4 0 4 0 0 6 -1 -4 -2 -4 2 2 0 0 1 -4 2 0 -2 0 6 2 0 0 4 4 0 0 4 -2 -12 -2 0 2 0 0 0 0 -1 -6 -2 0 5 0 0 0 0 0 0 0 -4 0 7 2 2 4 0 2 2 4 -4 0 0 0 -4 0 2 -4 -6 2 -2 5 -4 0 0 2 4 0 0 8 0 -4 0 0 0 5 -2 0 4 0 -2 0 0 4 -4 0 0 -1 0 0 4 0 -3 0 0 0 -4 0 0 0 0 2 0 -1 2 4 0 -6 0 0 2 6 0 2 6 0 0 0 4 0 0 0 -4 0 0 4 6 -2 -2 2 -4 8 -2 0 2
-3 2 -1 3 0 0 0 0 0 0 1 0 0 0 4 0 0 2 0 40 -6 0 0 0 0 0 0 0 0 0 0 0 3 -4 1 2 -8 -4 0 -4 0 2 -4 0 -1 0 -2 0 -1 0 0 0 8 4 0 -1 -2 1 -2 0 0 0 0 0 4 0 0 0 6 0 2 0 -6 -2 -2 0 0 0 -4 0 0 -2 0 4 2 -4 -4 6 -7 -2 0 -1 -3 0 0 0 2 0 -2 -2 0 0 1 0 -5 0 0 4 0 0 0 1 0 0 0 0 0 0 -1 6 2 -4 2 8 0 2 0 4 -4 0 0 0 2 -4 4 -1 -1 -2 4 0 2 0 0 0 2 -2 0 -1 4 0 0 0 0 0 0 0 0 0 0 0 0 0 4 0 0 -2 0 0 0 4 8 -4 0 0 4 2 0 2 -2 0 -4 0 0 0 1 0 0 -2 0 1 0 0 2 -2 0 0 0 0 0 4 2 -4 0 0 0 0 0 0 0 0 2 2 0 2 0 0 -2 0 -2 4 1 0 4 -1 0 0 0 0 0 2 2 0 -2 0 0 0 0 0 2 -6 -4 4 4 2 0 2 -4 -1 1 0 0 0 0 -4 2 0 -2 0 3 0 5 4 0 0 1 2 0 4 -4 2 0 4 4 0 -2 0 0 0 0 1 8 2 0 -2 0 0 0 4 0 0 0 -1 2 -8 0 4 0 4 0 0 -4 0 0 0 0 -2 0 0 0 1 4 -1 0 4 0 0 0 -4 0 0 -5 -3 0 0 -4 0 4 0 2 0 7 0 0 -6 0 -2 -4 0 0 4 0 4 0 -2 3 0 2 0 4 0 0 -2 0 0 4 1 4 0 2 -2
2 -1 -4 -6 -3 9 0 0 -6 0 0 -4 2 6 1 0 0 -1 4 -6 42 1 1 2 0 1 -3 0 -2 0 0 -1 4 4 0 -2 0 -2 0 -3 0 -6 -3 0 0 0 0 0 0 -2 -4 2 2 -2 0 -2 1 4 0 0 -2 2 0 -2 -4 0 0 0 -2 -4 3 -4 4 2 -1 -3 -2 0 2 0 -4 0 0 1 0 0 0 0 0 0 0 2 2 1 2 2 4 -3 0 1 0 0 0 3 1 2 0 1 0 0 2 0 4 0 2 0 -1 0 -3 -4 -2 0 0 0 -1 0 0 -1 2 0 -2 -4 0 0 0 0 2 1 -2 0 0 0 2 4 -1 -10 -1 0 -4 0 0 -2 0 2 0 0 -2 0 -1 1 3 0 2 0 0 0 0 0 0 0 2 2 2 -8 -3 -2 2 3 0 0 -6 0 -2 -2 0 0 -3 -4 0 0 2 0 2 0 0 0 4 0 0 5 0 -4 -4 0 1 -2 0 -4 0 1 4 2 -2 2 0 0 0 0 0 1 3 2 0 2 2 0 4 0 0 0 -2 0 -4 0 -2 -5 0 1 0 -4 4 2 -1 0 0 0 5 -2 0 -3 0 2 6 0 2 0 0 0 2 0 0 0 2 0 1 0 0 1 1 0 1 -1 3 0 0 0 1 1 0 0 0 -1 0 -2 -4 5 -5 -2 1 0 4 2 0 -5 -2 -1 0 0 2 -3 0 14 0 0 2 0 -2 0 -3 -2 -1 -2 1 -2 1 -1 0 0 0 2 -2 3 4 0 0 1 0 0 -2 -2 2 6 2 7 2 3 -4 0 -2 -6 1 2 2 -1 2 2 0 0 0 3 0 0 0 0 0 -2 0 4 0 -2
0 0 2 8 -2 0 -4 0 6 -2 4 0 0 0 0 0 0 4 0 0 1 39 0 0 -4 -2 -1 0 4 0 0 0 0 0 2 2 0 0 4 -1 0 1 0 0 0 0 -2 -6 0 0 -2 4 4 -2 2 0 4 0 -4 0 0 0 4 0 0 2 0 0 0 0 0 4 0 0 0 0 0 0 2 -4 0 0 0 0 0 0 0 2 0 0 -4 4 -4 0 0 -2 -2 0 0 1 2 -8 2 0 -2 0 0 -4 0 0 8 -4 0 0 4 0 0 2 0 0 4 -2 0 -4 7 0 -2 -2 0 -2 -2 2 0 0 0 0 0 0 0 0 0 0 -4 4 -2 0 -2 0 2 -1 0 0 -2 2 0 0 0 4 -6 2 4 2 4 4 0 0 0 0 0 -2 0 0 0 0 -7 0 -4 0 0 2 4 0 0 4 2 0 -2 0 0 0 4 -1 0 0 0 0 0 4 0 1 0 4 0 -2 0 0 0 -4 0 2 0 0 6 4 0 2 2 0 4 0 0 4 -1 0 -2 0 2 2 0 0 -2 0 0 0 0 0 0 0 0 6 0 2 10 8 -4 -2 0 0 4 0 2 0 4 0 0 2 4 4 0 0 4 0 4 2 0 6 2 -8 0 4 0 0 0 2 0 6 0 -2 0 0 0 0 0 0 0 0 0 0 6 2 4 4 0 0 0 0 0 0 -4 0 0 0 0 0 2 0 0 0 3 -4 -4 6 4 0 0 0 0 0 0 -2 2 0 0 4 -2 -2 0 -4 2 -2 2 0 4 4 0 3 0 0 0 0 4 0 0 2 -1 4 0 0 2 -4 2 0 0 0 0 0 -4 0 0 -2
4 0 4 0 -6 0 0 0 0 0 0 0 4 4 0 4 0 0 0 0 1 0 46 0 0 4 0 0 0 -2 2 -1 8 2 -2 0 -4 0 0 0 0 -2 4 0 0 4 0 0 -1 6 -2 4 0 2 0 0 0 0 4 0 0 0 4 -1 1 2 0 4 0 0 0 0 0 2 0 0 0 1 0 2 0 -2 7 0 0 1 -2 4 0 2 2 -5 0 4 2 4 0 -2 2 0 2 0 2 0 0 2 -4 4 0 0 4 -8 0 0 0 -4 -5 4 0 0 8 -4 -4 0 -2 0 3 0 6 0 -4 2 -1 -3 1 0 0 2 0 8 2 0 0 0 0 4 -4 0 -4 4 1 0 -2 0 0 0 -4 4 0 4 0 0 2 2 0 4 2 0 0 0 4 -4 -4 -2 0 -2 0 -3 4 0 -2 -4 0 0 0 0 4 2 -8 0 5 -2 4 0 0 -1 0 -2 2 -1 -4 0 1 -1 0 0 0 3 -2 5 4 0 0 -2 0 0 0 5 2 4 0 1 -6 0 -3 4 6 2 0 0 -6 0 0 4 2 8 0 0 0 0 0 -2 4 0 0 0 0 4 0 4 0 0 2 0 0 2 0 4 -2 6 0 2 4 0 0 0 1 -4 -2 5 0 0 4 2 2 4 2 0 0 0 0 10 -2 -4 0 0 4 0 -2 0 -4 0 0 0 2 0 0 9 0 0 0 4 0 2 -4 2 -2 -2 0 0 -1 0 4 0 0 4 -2 0 2 6 0 0 4 4 0 4 0 3 -4 -2 -2 -2 0 0 0 0 2 4 -2 0 0 4 1 1 0 -4 1 -2 0 0 4 0 0 2 0 0 2 0 -6 0
0 2 2 2 0 -1 0 0 -4 3 0 0 0 2 2 0 0 0 -6 0 2 0 0 45 0 0 0 0 2 0 -2 2 -3 0 0 -1 -6 7 -2 1 -1 0 -4 0 0 0 0 2 -2 2 -1 0 2 0 2 1 0 0 0 0 0 0 0 0 -3 -2 0 0 0 3 -4 -3 0 0 0 2 0 -2 0 0 -1 0 -7 1 4 0 -8 0 2 0 4 -2 -4 -6 0 3 -1 2 1 0 -1 -2 0 0 0 0 2 2 -2 0 2 -1 2 0 0 0 0 1 2 0 -4 0 2 0 4 0 0 0 0 0 0 0 3 0 -1 0 0 4 0 2 -2 0 0 2 0 2 0 0 0 0 -4 -2 0 4 0 2 -2 0 5 0 0 0 0 -6 -2 0 -6 -2 -1 0 1 -6 2 -1 1 2 0 -2 0 0 -4 -4 -8 0 3 3 -2 0 2 2 0 -4 4 1 -1 0 -2 0 -4 4 0 1 0 2 4 0 1 0 -4 0 0 0 -1 1 0 0 1 3 0 0 -2 -1 0 0 0 -3 -1 0 0 2 0 3 0 6 0 0 0 2 0 0 0 0 0 0 0 -1 -1 0 -2 4 0 2 0 0 1 4 -1 -4 0 4 -4 -4 -2 -4 0 -2 0 -8 4 2 2 0 -3 -4 2 4 0 0 1 0 2 0 3 -2 -2 0 0 0 2 1 -2 0 -2 0 4 -2 4 -2 0 0 0 0 0 4 0 2 4 0 0 -2 -1 -4 -2 -6 4 -8 3 -4 0 0 1 2 0 0 2 4 0 -6 0 2 -4 0 0 0 -1 1 3 0 4 1 2 -1 -4 0 0 0 6 -2 0 0 -4 2 -2 -4 -4 0 0 -2 6 0
0 0 0 0 0 0 0 0 0 1 0 0 2 0 4 0 -1 0 0 0 0 -4 0 0 19 -4 0 2 -1 0 -2 3 0 0 -3 0 -4 0 0 -1 -2 0 0 0 0 4 0 5 0 0 0 -2 0 0 -1 0 -1 -1 0 0 -2 0 -1 6 2 -2 0 -1 0 0 0 0 -1 2 2 0 0 -1 0 2 0 0 -1 0 0 0 3 2 0 0 4 0 6 0 0 -1 0 -1 0 0 -1 4 0 0 -2 0 0 -2 1 0 0 0 -2 -3 -4 0 3 0 1 5 -4 -2 0 0 1 2 4 0 0 0 -4 0 -2 -2 1 0 0 0 0 0 0 0 -1 0 2 0 0 0 -4 -2 -2 -2 0 3 0 0 0 -2 0 -3 0 0 0 0 0 2 2 -2 0 1 0 1 0 -2 0 0 6 0 0 1 0 2 0 0 0 1 -2 0 0 -1 0 0 -1 2 0 0 -3 1 -4 0 0 -2 -2 0 0 0 0 0 -2 -2 0 0 0 0 0 0 0 -2 0 -4 0 -2 0 0 0 0 0 -3 2 0 2 0 0 0 1 0 0 1 0 1 2 0 -2 1 -2 0 0 2 0 0 0 0 0 1 0 0 0 0 2 -2 0 -1 1 0 -4 0 1 4 0 1 0 1 0 -1 -4 0 2 0 0 2 0 0 -2 -1 0 0 -1 0 0 0 0 1 0 0 0 0 0 0 0 -2 -2 0 -1 0 0 2 1 -1 2 1 2 2 0 -4 0 0 0 0 1 4 -1 1 0 3 -1 0 0 0 0 0 -2 0 0 1 0 0 -1 0 0 2 -4 -1 0 -1 2 0 0 0 0 0 -2 0 0 0 -2 0 -1 -2 3 -1
4 -1 4 0 2 2 5 0 -4 -6 0 -1 -2 0 -2 -1 4 2 2 0 1 -2 4 0 -4 40 3 0 0 4 0 -4 -2 0 0 0 5 0 -4 4 0 0 0 0 -3 4 0 0 0 4 -1 2 2 0 0 0 -1 0 0 0 -2 -2 -2 -4 0 0 0 0 2 0 2 -6 -2 -1 0 -5 0 0 0 4 -4 -1 2 0 0 4 0 -1 2 0 4 0 0 -2 0 0 0 -4 0 0 0 0 4 0 0 0 0 -3 -2 2 4 0 0 0 -2 0 0 -4 0 -10 2 0 0 0 0 -2 0 0 2 4 4 0 -4 4 0 0 0 -7 0 -2 0 -2 1 -1 -2 1 0 0 0 2 0 2 0 0 -2 0 1 2 -2 0 0 -5 -2 -2 0 -6 0 0 0 0 0 -1 1 -2 0 0 0 0 5 -1 0 0 -1 0 0 0 0 -1 -4 2 4 0 0 6 0 -2 0 0 -1 0 -4 0 0 0 1 0 2 4 -1 2 0 4 -1 0 0 2 0 0 0 4 2 0 -4 6 -2 2 2 0 0 0 0 0 -4 0 4 2 0 3 0 -2 2 0 -2 0 1 1 1 0 0 0 0 -2 0 2 0 0 2 2 -1 2 0 0 0 1 6 -2 -2 0 0 0 0 -2 0 0 4 0 0 -2 0 0 0 0 2 0 0 0 -3 -2 -3 0 -6 -4 0 0 0 1 0 0 0 -2 3 0 0 0 -1 -2 -1 0 0 0 4 -4 -2 2 0 0 4 2 2 3 -3 0 4 -2 -2 0 0 0 2 2 -1 0 0 0 1 -6 0 0 2 -6 0 0 0 -2 0 -2 0 0 0 2 0 0 4 0 1 4 0 2 0 8
-2 0 4 0 2 -5 2 -2 -4 0 -5 0 0 -4 0 2 0 0 0 0 -3 -1 0 0 0 3 51 2 4 0 0 0 6 0 0 0 0 -4 4 1 0 -1 -4 0 -1 -1 0 2 0 4 3 0 0 3 0 4 -2 -4 -4 -3 -2 2 -2 2 -2 0 -2 -2 -4 4 0 0 -2 0 -2 0 0 0 0 0 0 0 4 2 4 -4 0 0 4 -4 -1 8 0 0 -3 1 -2 -2 0 0 1 0 -2 -1 2 0 -8 0 0 0 10 0 1 0 0 -2 -1 0 0 -1 -1 0 0 9 1 1 0 -4 2 1 -2 -2 2 3 -4 2 -1 0 -4 -2 -1 -4 -2 -2 0 4 4 0 0 0 2 0 0 -4 -3 4 0 4 -4 0 -4 -2 6 -1 0 -4 2 -9 0 2 1 0 0 0 -4 -2 0 2 0 -5 0 0 2 -9 -4 -1 4 0 -4 4 3 0 0 0 0 -3 2 4 4 1 4 0 6 4 -6 4 -4 -1 2 -2 4 0 0 0 4 -4 -4 -2 -2 -2 1 0 6 2 1 0 2 4 -2 2 9 0 5 0 0 5 0 -1 -4 -1 2 0 0 0 -4 0 4 -8 0 -2 2 0 2 -2 -2 2 0 2 -4 2 0 0 -4 0 1 -4 0 0 0 -4 2 -4 -4 0 2 0 2 0 -2 0 0 1 -2 0 0 0 0 0 -8 0 4 0 0 0 -2 -4 -2 0 -2 0 -8 0 0 0 0 -2 0 0 1 0 2 -2 4 -2 -4 4 0 -2 -2 0 1 0 1 2 0 0 2 0 -3 2 3 0 0 0 1 -2 0 0 -2 -8 2 2 -2 0 2 4 0 1 1 0 4 -4 0 0 1 0 2 -2 0 -4
0 2 0 0 2 -2 -2 0 0 -4 -4 0 0 0 4 0 4 -4 0 0 0 0 0 0 2 0 2 46 0 4 -4 -4 0 2 0 0 1 -1 0 1 0 0 -4 4 2 -2 0 4 4 4 0 0 0 5 0 2 0 0 0 0 0 -2 4 0 -4 3 -1 0 -1 2 0 4 0 -4 0 0 0 -4 0 2 0 0 0 0 -2 0 4 0 0 0 -6 -1 0 0 0 -2 0 -1 -2 0 4 0 -6 0 0 0 0 0 0 0 -4 0 0 0 0 2 4 2 0 0 -2 0 0 0 0 -4 0 0 4 2 4 -2 4 0 -4 0 -2 4 -2 0 -4 0 2 -4 4 4 0 0 4 0 0 0 1 4 -4 0 0 -4 -4 4 -2 -4 0 4 4 0 -2 -6 0 4 2 2 2 0 -4 -2 0 2 0 0 0 -2 3 0 2 0 0 0 0 -2 0 0 0 0 0 -4 -4 -4 0 2 0 0 4 -2 0 0 0 -2 0 0 0 0 0 0 0 0 0 0 6 0 -6 4 0 -2 2 0 -2 -2 0 0 0 4 10 0 0 0 0 3 -4 4 2 -4 0 -2 0 0 -3 0 0 4 0 0 0 4 4 -8 0 4 -4 4 4 4 0 0 0 4 2 0 0 2 4 -4 0 0 -4 2 0 -2 -4 0 0 0 -4 0 8 4 0 0 0 0 -4 0 0 2 0 0 0 -4 4 0 0 0 -4 0 0 0 4 0 0 2 -4 0 0 0 4 -2 0 6 -4 0 0 0 0 0 0 -4 -2 2 0 0 0 0 -1 -4 0 0 0 0 4 0 2 0 0 0 4 0 -2 0 0 2 4 0 8 8 0 -6 4 0 0 2
0 1 0 0 1 -3 -1 0 0 -2 -2 0 2 4 4 1 0 4 0 0 -2 4 0 2 -1 0 4 0 54 6 0 0 0 0 0 0 0 -1 0 -2 -4 0 2 -4 2 0 -1 2 0 -8 -4 4 0 0 0 2 -2 0 4 -1 0 -2 -2 3 -4 1 0 4 -1 0 -4 4 2 2 -4 3 0 0 0 -1 0 0 -6 0 0 -2 4 4 4 0 0 0 -4 -1 2 2 -2 -2 2 0 0 0 -4 -1 0 10 0 4 -1 0 0 0 4 0 4 4 2 -4 0 -2 -2 1 0 2 2 -4 -4 -2 0 0 0 0 0 0 -2 0 -4 0 0 -6 -2 4 0 8 0 0 -2 0 -2 4 -4 0 0 0 0 0 4 0 0 0 2 0 8 0 4 6 2 -2 0 1 0 3 0 -4 -1 -4 0 -4 -2 -1 4 -3 -8 4 2 0 4 0 0 -2 -2 -4 -1 0 2 4 2 -1 -2 -2 -2 6 0 0 0 0 0 -2 2 0 2 4 0 0 -2 0 0 4 1 0 0 -4 0 0 0 -2 0 2 0 2 -2 8 0 -7 2 -4 0 0 0 0 0 0 4 -1 0 4 0 -2 0 -1 0 0 -12 -1 0 -6 0 2 0 -4 0 0 0 2 2 0 0 0 0 0 8 -2 4 2 0 3 -1 6 -4 0 2 -4 5 -5 -1 0 2 0 0 4 0 -2 0 -4 0 0 4 -2 0 0 0 0 0 0 -2 -2 -1 -4 -2 6 -2 -4 6 -6 0 0 0 2 0 2 0 -2 0 2 2 0 4 -4 2 -2 0 0 -2 4 0 0 0 0 2 -2 4 0 0 0 4 2 4 6 2 0 0 0 1 0 2 4 4 4 2 0
0 2 2 0 2 0 2 0 -4 -2 0 0 0 0 0 2 0 4 0 0 0 0 -2 0 0 4 0 4 6 44 0 2 0 0 4 0 4 -4 -4 4 0 -1 0 -4 0 0 -2 -2 0 5 0 0 0 0 0 8 4 2 0 0 0 -4 -2 -8 2 2 0 0 0 0 0 -4 6 -2 0 6 10 0 0 0 -2 0 -4 0 0 -2 0 -2 0 0 0 0 0 0 2 -2 1 -4 -2 0 0 0 -2 -2 0 0 1 0 4 0 0 0 -2 4 4 2 0 -2 0 8 0 0 1 4 0 -2 -2 0 0 4 -4 1 0 1 -4 0 0 0 0 4 0 4 0 0 0 8 -2 0 0 0 4 0 0 -6 2 2 4 4 0 -4 0 4 4 2 0 -4 -3 0 2 8 0 6 -4 -2 -4 0 0 -2 4 0 0 -2 4 6 2 0 0 2 0 0 0 0 -1 0 -2 -4 0 6 0 3 1 0 2 4 0 -2 0 0 0 4 -2 4 0 0 -2 0 0 2 2 1 0 6 0 0 0 0 0 4 0 0 0 0 6 -5 -2 0 2 4 0 0 4 4 0 4 2 0 0 4 0 -1 0 0 -20 2 4 0 0 -2 -3 0 6 4 0 0 0 6 -2 0 0 2 0 -2 0 3 0 4 0 -2 -4 0 4 -1 4 2 8 0 0 0 0 -4 2 8 8 0 -4 0 4 2 0 0 0 0 0 0 -1 0 0 0 -4 0 0 0 0 -2 0 0 2 6 2 4 0 2 0 2 2 0 0 2 7 0 4 0 0 0 0 0 -4 -2 5 0 0 -2 0 -1 0 -4 0 0 0 2 0 -4 0 2 0 4 0 -4 1 0
0 -2 0 0 0 4 4 0 0 0 -4 0 0 2 -1 0 -4 0 0 0 0 0 2 -2 -2 0 0 -4 0 0 30 2 0 0 0 1 -4 4 1 2 -1 -2 0 5 0 0 0 0 -4 -4 -1 0 0 0 2 -2 0 0 0 0 0 0 4 -4 0 4 0 4 -6 0 0 -2 0 0 0 0 0 0 0 -2 4 0 0 -4 0 1 -4 0 -2 0 0 0 4 0 0 0 -1 0 4 0 0 1 0 0 0 0 0 0 1 0 0 -4 0 0 4 -2 0 2 0 0 0 0 0 0 2 0 -2 -2 0 0 -2 0 0 0 2 0 0 3 0 2 0 0 0 0 0 0 -2 2 0 1 0 0 0 0 0 -4 0 0 -3 -8 0 0 0 2 0 -4 2 6 0 0 0 0 0 -2 0 0 0 0 0 0 0 -2 -1 -2 5 4 2 1 1 0 2 -1 2 0 0 -4 3 2 -2 0 0 0 0 2 -1 -2 0 0 0 0 6 0 0 0 0 0 -2 0 -2 0 -3 0 -1 4 2 4 0 0 0 -2 0 -4 4 8 0 0 0 0 4 0 0 2 4 0 0 1 0 2 0 -1 0 0 0 0 0 4 -4 -5 -2 0 -4 0 -2 0 0 0 3 0 4 0 0 0 0 1 0 0 2 2 4 0 0 0 -2 -2 -4 2 0 2 4 0 0 -1 0 0 2 0 0 0 0 0 0 0 -2 0 -2 -1 -4 -2 -2 0 0 4 -3 0 1 0 0 0 0 -4 4 -2 0 0 -4 7 8 0 0 -4 0 -1 1 -2 0 0 1 0 0 0 0 0 0 -2 0 0 -2 0 0 0 0 -2 0 2 4 4 0 0 -3 0
5 -4 2 1 0 0 0 4 -2 2 3 -4 4 0 0 2 0 -4 0 0 -1 0 -1 2 3 -4 0 -4 0 2 2 51 -4 0 6 2 1 0 0 1 0 -2 -2 -3 -1 0 0 0 -2 0 0 0 4 -2 -2 0 -2 0 0 0 2 0 0 2 0 2 -6 5 0 2 0 -6 0 8 0 0 0 0 -2 0 2 0 3 0 4 -4 1 0 0 4 -2 0 0 0 -1 4 -2 0 0 -1 -4 0 -1 0 0 0 0 4 0 0 0 0 -6 4 0 0 1 4 0 4 4 2 0 0 -4 0 0 -6 -4 0 -4 0 5 -2 5 0 -1 -2 0 -1 2 0 1 4 0 0 0 0 0 0 0 -2 0 -1 1 -2 0 3 0 4 -2 0 8 -2 -1 4 0 4 0 0 0 2 4 -6 4 4 0 -1 0 -2 2 6 -8 2 0 4 6 0 0 0 -2 -2 4 1 -6 0 0 2 2 0 0 -2 -4 -4 0 -4 0 0 1 1 2 -2 -2 4 -1 0 0 -2 0 -4 -8 0 0 0 4 0 0 2 0 0 0 0 -1 0 -4 0 -4 -1 0 -4 0 6 2 0 0 0 0 4 0 1 0 0 4 4 2 0 4 0 0 0 4 0 -2 0 -4 -4 -4 1 4 0 0 0 0 5 1 0 0 0 -2 2 2 0 0 4 -2 8 0 0 0 0 0 0 0 0 -2 2 4 -1 -4 6 0 0 -6 4 4 0 0 -4 0 -4 2 0 0 0 2 0 -4 -4 1 0 0 0 0 4 0 2 2 2 0 0 -2 0 -1 4 0 -4 4 0 -4 2 2 -4 0 0 -4 1 2 -3 0 -4 0 0 0 6 4 0 0 -2 0 -4
1 0 0 1 -2 0 0 0 0 2 1 0 0 0 0 6 -2 0 8 3 4 0 8 -3 0 -2 6 0 0 0 0 -4 68 4 0 0 0 -4 0 0 0 0 -4 0 2 0 -6 0 0 0 2 4 6 2 4 1 0 -4 0 -2 0 2 0 -2 2 -2 4 -4 0 0 2 0 0 -4 -2 0 -2 0 4 6 0 2 4 -2 2 0 4 8 0 0 4 -2 0 0 2 2 6 0 -6 0 8 0 4 0 0 2 0 2 0 -8 0 4 4 0 0 -1 -4 1 0 4 -2 2 2 -2 0 4 2 1 4 0 0 0 0 0 2 1 0 -8 0 4 5 0 -2 0 0 4 -4 2 2 0 0 0 4 -4 0 8 -4 0 -1 0 -6 0 4 6 1 0 0 0 -2 2 2 4 -4 0 -2 1 0 -2 0 -2 -2 4 0 -2 0 -4 0 4 0 4 4 2 2 -11 4 -2 0 2 0 0 0 -2 0 0 0 2 -8 0 4 2 0 0 0 4 2 0 -4 6 0 0 5 0 -2 0 0 0 7 -6 2 0 4 2 -2 0 -4 6 0 0 0 2 0 -6 4 0 -4 -3 0 -2 -5 6 8 2 2 -4 -8 0 4 2 -4 0 -1 2 0 2 0 -4 2 -2 0 -2 0 0 -2 -1 -9 -2 4 0 0 0 0 -2 -4 0 -4 0 4 4 -4 -4 4 1 -2 0 0 0 0 0 0 0 -6 0 0 4 0 8 -4 -2 2 0 -6 0 2 0 2 0 0 -4 -4 4 1 -6 -2 4 -2 4 0 -4 4 2 5 0 -4 2 0 -2 -4 8 4 -4 4 0 12 -2 -2 0 -6 -2 0 0 4 -2 -3 2 2 -6 4 0 0 0
0 0 0 4 2 4 4 0 -2 4 0 0 0 0 0 -2 0 -12 4 -4 4 0 2 0 0 0 0 2 0 0 0 0 4 62 0 2 0 0 -5 -2 0 0 4 2 2 0 0 0 0 0 4 -1 0 2 2 0 0 0 0 0 0 0 4 2 5 -2 -8 -4 -8 5 0 4 -2 0 2 4 0 0 6 -9 -4 3 4 0 0 0 0 4 2 0 0 -2 8 0 0 0 4 2 4 -2 4 2 -2 0 -2 0 -4 2 -4 4 0 4 -4 -1 0 2 0 0 0 4 0 4 6 6 -4 -2 6 6 -8 0 2 0 0 0 0 -2 0 -4 -4 0 0 0 1 2 0 -4 0 -4 0 2 0 -2 4 0 0 0 0 8 0 0 4 -2 0 0 0 -1 0 -8 4 2 2 0 4 -4 0 0 -6 6 4 0 -8 -2 4 4 2 0 -4 -2 0 0 0 0 2 0 0 -2 0 0 -2 0 0 0 0 -2 -4 10 0 -2 -2 -8 4 -4 0 -6 0 6 0 -2 -2 0 -2 4 -4 -2 2 2 -4 -4 0 0 -8 0 4 0 0 2 0 5 0 0 8 -4 2 2 4 0 0 0 2 0 0 0 -2 0 0 2 -2 0 -4 0 -2 4 0 8 -2 -4 0 -2 0 2 -4 -3 0 8 0 0 4 2 0 -4 0 -2 0 0 2 0 0 0 -2 0 1 -4 4 4 4 2 0 0 -4 4 4 0 0 0 -2 4 -4 0 -4 8 -4 -1 0 2 0 0 0 -6 -2 10 -4 0 0 -4 6 -1 2 0 -4 -1 4 -4 -6 0 0 0 0 1 -2 0 0 -6 -2 6 -4 6 0 2 -4 -2 2 0 0 -10 0 0 0 0 0 -2
-4 0 0 4 2 0 0 0 0 0 2 0 0 -2 -6 0 0 0 0 1 0 2 -2 0 -3 0 0 0 0 4 0 6 0 0 45 2 0 0 4 2 0 0 4 0 0 -4 0 -6 0 0 0 0 0 -3 0 -2 0 0 -4 -4 -2 0 2 0 0 -2 0 4 0 0 2 -2 2 0 0 0 0 -3 0 0 0 0 2 0 -4 0 2 0 0 0 -4 -1 0 2 4 -4 0 0 0 -2 2 0 -1 0 0 6 0 0 -4 -2 -4 0 0 -2 -2 2 0 -2 -1 0 0 8 0 0 -5 0 0 0 0 -2 4 0 0 -4 -4 -4 -1 -4 0 2 0 0 4 0 1 0 1 0 -6 0 0 0 0 -4 2 4 6 2 1 -1 2 0 0 -1 0 0 -4 0 0 -6 4 0 -8 0 5 -6 0 0 -2 -2 0 0 0 0 0 0 1 0 0 0 4 0 1 6 0 -2 2 2 2 0 0 4 0 0 -8 6 0 10 0 4 0 0 4 -2 0 0 0 -2 0 -4 -2 -2 0 4 0 0 -2 4 -4 0 0 0 4 0 -12 0 4 -4 0 0 0 14 2 0 0 0 1 0 0 -6 0 -4 -2 4 2 0 -4 4 -6 4 4 -5 0 4 1 0 0 0 2 1 1 -4 0 0 2 0 0 -4 0 0 -2 0 0 2 4 -2 -4 0 -5 4 4 0 4 0 0 0 -1 -2 0 6 0 -2 -2 -1 0 4 0 0 0 2 4 -2 0 2 0 -2 1 0 2 -1 0 5 -4 1 4 1 -4 0 0 1 2 4 -2 0 -4 1 -2 0 0 0 -3 0 0 2 -1 -4 0 0 -2 0 2 -4 -2 0 -6 -1 0 2 0 -2
4 2 0 6 -1 0 0 -2 0 -2 0 0 -2 0 -5 0 0 0 0 2 -2 2 0 -1 0 0 0 0 0 0 1 2 0 2 2 38 4 4 3 0 0 2 0 2 0 0 -1 -1 -4 0 -4 0 0 0 0 0 0 0 -2 0 0 0 2 0 0 0 -2 0 0 -1 0 0 0 -4 4 0 0 -2 0 0 -1 4 0 2 -4 0 0 0 0 -2 0 -2 0 0 -1 0 0 -2 -4 -2 2 0 0 0 0 0 -4 -1 1 0 0 1 0 -4 -4 0 0 4 0 4 0 0 0 0 0 8 0 2 0 -1 0 0 0 0 -2 0 0 -2 0 -1 0 0 0 0 0 0 -4 -2 0 0 0 0 0 0 0 0 0 0 0 0 4 -2 0 1 0 0 2 -6 0 -1 0 -2 0 0 -4 -4 -1 0 0 0 0 0 0 6 -8 0 0 0 0 0 2 0 0 0 1 -1 2 2 0 -2 2 2 0 0 2 0 0 0 0 0 2 -1 2 4 0 0 0 -1 0 0 -2 0 0 0 -4 2 0 0 -2 0 -12 0 0 2 0 0 -4 0 0 0 4 -11 1 0 0 1 4 0 0 -2 0 0 0 0 10 0 0 3 0 0 1 2 0 1 -2 4 -1 0 -4 0 0 0 0 0 2 0 -2 -4 -2 2 0 0 0 0 0 6 -2 0 0 0 0 -1 0 4 0 0 -2 -1 0 0 0 0 0 -10 0 0 -8 0 -2 2 -2 0 -3 0 0 0 1 -1 0 2 -1 0 0 0 8 3 4 0 0 0 0 0 0 0 0 0 4 0 0 0 4 4 0 0 0 0 0 -6 0 0 0 0 0 0 0 2 0 -4 0 0
2 1 0 -2 -2 2 2 4 2 0 0 0 -2 -1 0 6 2 0 -2 -8 0 0 -4 -6 -4 5 0 1 0 4 -4 1 0 0 0 4 53 3 -2 4 -1 -1 -2 5 0 2 -4 1 0 0 0 0 -3 4 0 0 1 -2 -2 0 0 0 0 -4 0 1 -1 0 -1 0 0 1 4 1 2 -4 2 2 8 2 2 0 2 2 0 4 7 -5 5 2 0 2 0 -1 -2 -2 2 0 0 -2 -2 2 0 0 0 0 0 1 2 0 0 5 -2 -4 -2 0 4 5 0 -7 0 0 -2 -6 0 2 1 0 0 2 4 -3 -2 6 0 0 0 1 0 -2 8 0 0 0 0 -6 0 0 -1 0 4 2 1 0 1 0 0 4 0 -4 0 0 -3 -2 0 2 -2 -2 4 0 -4 4 0 2 0 0 2 2 5 0 4 0 -1 2 -2 2 4 3 4 2 0 0 -2 -2 0 2 2 -1 0 2 -4 -2 0 0 0 0 0 0 0 0 -14 8 2 0 -3 2 0 -4 0 0 -6 0 -2 0 -7 0 3 0 0 0 -4 2 -2 -2 -4 -4 -4 1 -3 4 -5 0 0 -2 0 -2 -1 0 -2 -4 0 6 -1 2 0 0 -4 -4 -2 -4 1 0 0 0 6 0 -2 0 4 0 -4 0 -3 -4 5 5 -1 1 -4 0 -2 -2 2 0 4 4 -2 1 0 0 4 -4 0 -1 0 -4 0 -1 1 0 -2 0 4 0 -1 4 0 0 2 4 0 2 0 6 0 1 0 0 2 0 -2 4 0 -4 2 0 4 -4 0 -6 -4 0 0 0 0 2 0 -4 2 0 4 2 0 -6 0 0 0 -2 -4 0 0 0 0 0 -6 0 4 2 2 0
0 -2 -8 8 2 4 2 0 -3 4 0 0 0 -2 0 0 -4 -4 -1 -4 -2 0 0 7 0 0 -4 -1 -1 -4 4 0 -4 0 0 4 3 60 0 6 0 0 2 -2 0 0 1 0 0 0 2 4 -8 0 2 1 -2 0 -1 0 0 2 2 4 -8 -3 -1 -2 -3 1 -4 0 2 6 -1 -1 4 -2 5 -6 0 1 2 0 1 6 -2 0 -2 4 0 0 4 4 0 -5 -2 1 -2 0 2 -1 0 3 0 1 4 1 -4 -2 -4 0 2 0 0 1 0 2 0 -4 0 1 -2 -12 2 4 0 -4 0 0 0 4 -3 0 -2 0 0 2 6 0 0 4 -4 -3 0 4 0 1 -2 0 0 1 2 -2 2 -4 -1 0 2 -4 4 0 4 -4 -2 0 4 6 4 0 -4 4 6 0 3 2 0 -6 2 4 -2 -1 7 -2 -1 -1 -2 0 -2 1 2 -4 8 6 0 0 -1 5 -3 0 2 -2 0 0 2 -4 1 2 -5 0 4 -2 0 0 4 2 3 -4 -1 0 -8 0 0 0 0 0 0 -2 -4 1 -2 0 0 -2 0 0 0 -2 4 0 4 -1 1 -2 0 0 -1 0 -2 -2 -2 2 6 0 2 0 -7 -4 -1 4 0 -4 0 -4 3 2 0 2 4 0 0 -2 -4 3 -4 0 -6 0 1 -4 -2 0 -2 -4 4 -10 4 4 2 5 0 -4 -10 -5 0 -1 0 -2 0 4 -2 0 4 -2 -2 0 -4 4 0 -4 0 4 0 0 2 -2 2 -3 0 -10 4 0 4 0 6 2 6 0 -2 -4 -2 2 -1 0 -4 -2 -3 -1 8 5 0 -4 -10 0 0 -1 2 0 0 -3 0 6 6 -4 -2 -3 5 0 0 4
-2 0 -5 4 0 -4 0 0 0 0 0 -2 0 0 0 0 0 0 0 0 0 4 0 -2 0 -4 4 0 0 -4 1 0 0 -5 4 3 -2 0 29 -2 0 0 0 1 2 0 0 -4 0 -4 2 1 0 -2 2 -2 2 0 -5 0 0 0 0 0 -4 -1 0 0 0 0 0 6 -2 10 0 -2 2 0 0 0 4 0 4 2 4 0 0 0 -4 -2 2 6 0 0 0 0 -2 4 0 2 2 0 2 0 -4 0 -4 0 0 0 0 -4 0 1 0 4 0 0 -6 0 2 0 2 0 0 0 0 0 0 -6 -4 0 0 0 0 0 4 -2 -2 0 0 0 1 0 0 0 0 0 0 0 0 0 5 0 2 0 4 4 0 0 0 0 0 1 0 2 0 0 0 -2 -2 0 0 0 -2 0 -2 0 -4 0 -2 1 2 -2 -1 -2 0 2 0 2 0 0 2 4 0 0 0 2 -2 0 0 4 0 0 -5 0 0 0 0 0 2 -4 4 4 0 -2 0 0 2 1 0 0 4 0 0 0 0 2 -9 -2 0 -3 0 2 0 0 0 1 0 0 0 4 2 0 0 1 0 0 0 0 1 -2 2 -4 0 0 0 3 0 0 2 0 1 -2 0 0 -1 4 0 0 2 0 0 0 0 0 0 2 0 0 -3 0 0 0 0 0 -2 0 4 0 0 -1 2 0 0 -4 -2 0 0 0 -4 0 0 -2 -4 2 0 0 0 0 0 1 -3 0 0 0 4 0 -2 0 0 2 0 0 -2 2 0 4 0 -1 0 0 0 -2 0 0 0 -2 0 0 0 0 0 0 0 0 0 -2 -2 2 0 0 0 4 0 0 0 0 1 0
0 0 2 -2 0 0 -2 0 4 0 0 -2 -2 0 0 0 4 0 2 -4 -3 -1 0 1 -1 4 1 1 -2 4 2 1 0 -2 2 0 4 6 -2 42 1 -1 0 0 0 0 -4 2 -4 3 2 -4 -4 -1 1 0 0 0 0 0 -4 0 0 4 0 0 0 1 -4 2 0 0 0 -2 2 0 0 -2 4 0 6 -3 1 0 -4 4 -3 0 2 -4 0 -2 -6 0 -2 2 0 -1 2 0 0 0 0 4 0 -2 0 -8 0 0 0 -2 -2 0 0 0 0 5 2 -4 0 6 0 -4 -5 0 0 0 2 4 0 -2 -2 4 -4 0 0 4 0 -3 0 0 -1 2 0 0 -2 0 1 -4 2 2 0 -4 0 -2 0 -2 -2 -2 4 0 0 0 0 -1 -2 -2 0 0 -9 -2 2 6 0 -6 0 4 0 -1 0 -4 0 0 -2 -4 1 0 2 0 1 2 2 5 -2 -1 0 0 -2 -1 0 0 2 0 -4 -8 0 2 0 0 -6 -2 0 0 2 0 0 0 0 -4 -6 0 0 0 2 -4 -2 2 0 2 0 -2 -2 0 2 12 4 0 0 4 6 0 0 -2 2 0 0 -4 0 0 0 -3 0 0 2 0 0 -8 0 0 -2 0 -2 0 0 -2 -4 -2 6 0 2 -4 -4 0 4 0 0 0 0 -2 2 0 0 0 4 0 0 0 2 0 -4 0 0 2 -4 0 0 0 0 -4 0 0 0 2 0 0 -2 0 -1 2 -2 2 0 0 0 0 0 0 1 -2 -2 4 0 4 -4 0 0 -2 4 4 0 0 0 0 4 2 -2 -2 2 0 -2 -2 0 -5 0 -4 0 -2 -4 -2 0 0 0 4 1 2 0 -4 0 -2
2 0 2 -3 2 2 0 4 -2 4 0 0 -2 -4 -2 0 0 0 0 0 0 0 0 -1 -2 0 0 0 -4 0 -1 0 0 0 0 0 -1 0 0 1 33 0 0 0 0 -2 0 0 0 2 4 0 0 0 0 2 -3 2 0 0 2 0 0 0 -4 0 0 0 0 0 0 0 -2 -2 0 0 2 7 0 0 0 0 -4 9 0 0 0 0 0 3 0 -2 0 1 5 0 0 1 -2 0 0 -1 0 0 6 2 0 0 -2 0 0 0 0 0 -2 -2 0 -1 0 1 0 0 0 0 0 0 0 0 0 4 4 1 4 4 0 0 0 0 0 1 0 4 0 3 0 0 0 0 1 0 0 0 2 2 2 0 8 -2 -2 4 0 4 0 0 -4 -6 0 0 -2 -4 1 0 0 0 2 0 -2 -2 0 2 0 2 4 0 2 2 0 -2 0 -6 0 0 0 0 -4 3 -1 0 2 -2 0 0 0 0 0 0 0 0 0 0 4 -6 3 0 0 0 0 0 -4 0 0 2 0 0 0 -2 1 0 0 2 0 -2 -4 -2 0 0 2 -2 1 0 0 -2 0 0 0 0 0 0 0 -6 2 1 0 -2 -3 0 -2 0 0 0 -2 0 4 0 2 0 0 0 2 0 0 0 0 0 0 -8 -4 -4 -4 -4 4 0 -6 4 0 -2 0 -1 0 3 0 0 4 0 0 -2 0 2 0 0 4 0 0 0 0 0 0 0 0 0 -2 -2 0 0 0 4 -4 0 -1 1 0 0 0 -2 0 -2 0 -2 0 0 1 0 0 0 0 0 0 -4 0 2 3 2 0 0 -4 2 -4 0 0 0 0 2 4 0 0 -4 -4 4 -2 0
2 -1 0 4 -2 -2 0 0 0 0 0 2 0 -4 -6 -2 -1 -4 2 2 -6 1 -2 0 0 0 -1 0 0 -1 -2 -2 0 0 0 2 -1 0 0 -1 0 50 0 -2 0 -4 2 0 2 0 -2 0 -8 0 4 0 1 0 4 0 -2 0 8 0 4 0 0 0 4 0 -1 2 -2 -3 -4 1 -4 0 0 4 0 0 -4 0 0 0 2 0 0 -1 0 1 0 0 -4 -4 0 0 -1 2 0 0 0 -1 2 0 0 2 6 0 0 1 1 0 -2 0 2 0 1 0 4 0 1 -4 1 -4 0 -2 -8 0 0 6 0 -2 0 -2 2 -3 0 -6 0 0 -8 2 4 2 0 0 0 2 2 0 0 0 0 -2 2 -2 0 2 0 -8 0 0 2 2 -5 4 -5 2 2 -4 -2 4 0 5 0 -2 2 4 0 0 -4 0 0 -4 -4 -3 2 0 0 -2 -1 0 0 -3 4 0 0 -5 -6 2 0 0 0 -4 -2 0 -4 2 -4 0 0 0 0 4 0 -2 0 0 3 0 -4 0 2 4 0 0 0 0 -2 0 0 4 -2 0 4 0 4 4 2 4 2 0 -2 -2 6 0 0 4 0 0 -4 0 4 0 4 2 0 -4 3 0 0 -4 0 -4 0 0 0 0 0 0 0 -2 -4 0 -1 1 -10 4 2 -1 0 4 -2 2 0 -4 0 4 6 1 0 3 0 -4 0 -2 0 -2 2 -2 -2 2 0 0 0 0 1 4 0 -1 0 4 0 0 0 -2 0 0 0 -2 0 0 -4 8 4 -2 3 -1 0 0 4 -5 4 -2 0 -2 5 0 0 1 -4 -1 -4 -4 0 0 0 -1 0 -4 0 -4 -3 0 2 0 5 3
8 0 4 2 0 1 0 0 0 0 2 0 0 4 0 -4 -2 0 8 -4 -3 0 4 -4 0 0 -4 -4 2 0 0 -2 -4 4 4 0 -2 2 0 0 0 0 63 -2 -2 8 0 0 0 0 0 0 0 0 0 -2 0 0 4 4 0 2 0 4 4 -2 0 4 0 -4 0 8 -4 0 0 0 2 0 2 0 0 0 4 -4 -2 0 2 0 0 -4 4 0 0 -1 0 5 -1 0 0 0 4 0 -2 0 0 2 0 0 0 1 0 4 -4 4 -2 0 0 -4 0 0 2 0 4 0 0 4 0 0 0 0 4 0 0 0 4 -4 0 2 0 2 -4 0 0 0 -4 -8 -1 0 -6 5 -6 2 0 0 -2 0 0 0 0 0 0 0 -4 -4 -2 10 4 0 0 2 1 2 0 -2 4 2 0 0 0 4 -4 0 0 0 0 -4 0 4 0 0 0 0 0 8 0 4 0 2 0 -4 -4 0 -2 0 4 4 4 8 -2 -5 -4 -2 0 4 -2 -4 -4 0 2 0 0 -2 -4 1 0 2 2 0 0 0 -4 0 0 -4 0 0 0 -6 0 0 4 0 0 4 0 6 0 4 2 4 0 4 -4 0 0 0 4 0 0 4 0 -4 0 1 0 0 4 10 2 -2 -2 0 4 -2 2 -4 0 -4 2 0 -4 -2 0 0 2 -4 0 -4 0 1 2 4 0 2 4 6 -2 2 0 4 0 0 0 0 0 -8 -4 0 -2 -2 5 0 0 0 0 2 0 0 4 0 0 -6 0 -2 12 0 2 0 0 0 -2 -4 -12 0 -4 0 2 0 -2 6 -2 0 0 4 8 -3 2 8 -2 0 0 2 4 0 2 0 4 0 0 0
0 0 6 -6 0 0 -4 0 4 -2 0 4 0 0 -4 6 2 2 0 0 0 0 0 0 0 0 0 4 -4 -4 5 -3 0 2 0 2 5 -2 1 0 0 -2 -2 49 1 0 -4 0 4 2 -1 2 0 8 0 0 -2 2 0 0 -4 -4 0 -2 2 5 -2 0 0 0 0 -2 -2 -4 2 -4 -4 0 0 0 1 -2 0 0 0 -1 -4 0 4 2 0 0 0 0 0 4 1 0 0 0 -2 0 0 2 -4 0 6 0 4 0 -2 -4 -2 -2 -1 -4 0 0 0 0 0 0 0 4 2 4 0 0 4 2 -4 2 0 0 -2 0 0 0 0 1 0 0 -1 -4 0 2 0 2 4 0 0 0 0 6 1 -2 0 -7 0 -4 -1 -4 -7 5 0 0 2 -2 2 -4 0 -4 0 2 0 -1 -1 -2 0 0 2 4 0 4 0 0 0 -2 0 0 0 0 2 0 0 5 4 3 0 2 0 -4 0 -4 -1 0 0 0 -2 0 -2 2 4 0 -1 4 0 -2 0 5 0 4 0 -2 0 0 0 2 0 -2 0 -4 6 2 0 4 0 0 0 0 -4 1 4 0 0 -3 4 0 0 4 0 0 -4 4 -4 4 8 -1 0 -4 -1 6 -2 0 0 -4 3 -6 0 0 4 -4 0 -6 3 0 2 -6 4 -4 0 0 2 2 0 0 0 4 0 4 0 -5 0 0 4 0 -2 3 0 0 0 -1 4 0 0 0 0 -2 0 0 -6 2 -3 0 0 0 -1 0 0 4 0 -2 -6 0 -2 1 -2 -1 -4 -4 0 0 1 -4 0 -1 0 -2 2 0 -2 -1 2 4 4 0 0 4 0 0 0 4 4 0 4 -2 0 4 2 0
0 0 0 0 0 0 -6 -4 0 1 -8 0 0 -2 -1 1 1 0 -2 -1 0 0 0 0 0 -3 -1 2 2 0 0 -1 2 2 0 0 0 0 2 0 0 0 -2 1 36 0 -2 3 0 2 0 0 -2 0 0 4 6 -1 2 2 0 -1 1 0 0 1 -4 0 1 -2 0 2 2 0 0 -2 -5 0 2 -3 2 2 4 0 4 0 0 -2 1 2 2 -2 -3 4 -3 2 0 3 -1 0 -2 0 -2 0 1 -2 0 0 0 0 0 0 0 -2 2 5 0 2 0 -4 -4 10 0 1 0 -4 0 0 2 -2 0 0 0 2 0 0 6 0 0 1 -5 4 0 -2 0 1 0 0 0 -2 0 0 -2 0 5 0 -2 4 0 -4 -1 0 1 4 -6 0 0 0 2 2 6 -4 0 0 -1 -1 -4 1 -2 0 0 1 0 0 -1 -1 -2 0 0 -5 0 0 -3 0 0 0 2 -5 -1 4 0 -2 0 0 0 1 0 -1 -5 -2 0 -2 0 -1 -1 0 0 2 2 2 2 4 6 -3 0 0 0 6 0 2 0 0 0 0 0 4 0 6 4 0 -2 -2 0 0 0 -2 -4 1 2 0 0 1 -3 4 2 0 2 1 0 0 4 -2 4 0 -1 2 -4 0 2 0 0 0 0 0 5 0 2 1 -2 2 -2 -2 0 -4 2 6 0 6 1 1 0 -2 -1 0 -2 0 0 -1 4 0 0 0 0 0 -1 -2 0 0 4 0 -2 1 -2 3 0 0 2 2 -1 0 0 0 -1 1 4 0 4 0 0 0 -2 0 1 -2 -1 1 -5 2 5 1 2 0 3 0 -2 7 0 0 0 1 0 0 0 -4 -1 0 0 0 0 2
4 0 2 0 -4 0 1 2 4 0 0 0 -4 0 0 0 -2 0 8 0 0 0 4 0 4 4 -1 -2 0 0 0 0 0 0 -4 0 2 0 0 0 -2 -4 8 0 0 54 0 8 -2 4 0 0 0 0 -2 0 0 -4 -4 8 0 2 0 0 3 1 0 0 -2 -9 2 6 -2 0 0 6 6 2 0 0 2 0 1 0 -1 0 -2 2 0 0 0 -2 0 -2 -4 -4 -2 -4 0 0 2 0 0 0 0 0 0 2 8 0 0 4 2 4 0 0 0 6 0 1 1 6 0 0 6 0 0 2 0 -1 0 -2 -2 -6 0 0 4 4 0 0 -8 1 -3 0 -6 0 0 -2 -2 2 0 0 0 -2 1 0 1 -4 0 0 -4 -2 0 2 -1 1 8 2 4 0 0 2 0 -4 2 0 4 5 0 2 -8 2 -2 0 0 0 -6 0 0 4 0 0 -2 2 0 4 -4 0 0 4 2 0 0 0 7 0 0 -4 4 0 0 0 -2 4 0 0 0 1 0 -2 0 2 0 -1 0 0 6 2 0 0 0 2 -4 0 0 0 -4 1 0 2 4 0 0 0 0 -8 0 0 0 -4 0 0 0 4 -1 0 2 0 0 5 0 4 0 4 4 0 0 0 -2 6 0 0 8 0 2 -8 0 0 2 0 0 4 2 -4 -4 0 0 0 2 0 2 2 0 -4 -1 0 3 0 -4 -4 2 4 0 2 0 -4 0 0 4 0 0 0 -4 -8 0 4 2 0 6 2 -4 0 0 -4 -4 0 2 0 0 -2 -4 0 -2 0 4 2 2 0 0 -2 0 0 -2 2 0 0 0 0 0 0 -4 4 4 -2 0 0 0 0 -2 4
0 -3 0 2 0 5 6 0 -8 0 2 0 0 4 0 -4 -4 0 0 -2 0 -2 0 0 0 0 0 0 -1 -2 0 0 -6 0 0 -1 -4 1 0 -4 0 2 0 -4 -2 0 47 6 -2 4 0 -2 0 -6 0 0 0 0 0 0 0 0 0 0 0 -6 0 0 1 0 0 -4 0 -4 0 -1 0 0 0 0 0 0 -2 0 0 0 0 -2 0 -4 0 2 4 0 2 -4 0 -2 0 0 0 0 -1 -1 0 0 -4 2 0 -2 0 4 -2 0 0 0 4 -8 0 -4 -2 2 -1 4 0 0 2 0 -4 -8 -4 0 2 0 0 0 0 -2 0 -1 0 -4 0 -2 0 0 4 4 4 6 -2 4 0 0 0 0 0 -2 0 -2 -4 0 4 0 0 -6 0 0 -2 2 4 -8 0 -4 1 0 0 0 0 0 0 3 0 -4 0 2 0 -2 0 0 0 6 -2 1 0 -2 -4 -4 0 2 4 2 0 4 -1 -4 0 6 4 0 4 -4 0 8 2 0 0 2 -1 0 -2 2 6 0 0 0 0 2 0 0 -4 4 1 0 0 -4 0 -2 0 -2 8 4 -4 0 0 8 0 0 4 2 4 0 2 2 0 2 4 -2 2 0 4 0 0 0 -2 -4 4 0 4 0 0 -4 0 -4 -4 -4 0 0 0 -4 -2 4 0 -4 -8 2 0 2 0 -2 2 8 0 0 2 0 0 -2 0 2 0 0 -4 0 0 0 6 2 0 4 4 2 0 0 0 -2 0 0 0 0 -5 0 0 -4 0 -4 0 -2 0 2 4 0 -4 4 -4 0 4 -4 0 2 4 4 0 0 4 0 4 -2 -4 0 4 1 0 -4 2 0 -4 0 -4 0
-4 0 10 -2 -4 0 -2 4 4 -2 -6 0 -2 2 6 0 -3 0 0 0 0 -6 0 2 5 0 2 4 2 -2 0 0 0 0 -6 -1 1 0 -4 2 0 0 0 0 3 8 6 44 4 2 0 0 0 2 -3 0 -2 -4 2 0 0 1 2 0 4 0 -2 0 0 0 0 2 0 -1 0 2 4 0 0 0 2 0 2 0 4 0 0 1 0 0 4 0 2 -2 -4 2 0 5 4 0 5 2 0 0 0 -2 0 0 4 0 6 6 0 0 -2 -4 1 2 4 -4 -2 0 0 0 0 0 0 0 -4 1 0 -2 0 2 4 0 0 0 0 2 0 -8 2 0 8 -4 2 0 -3 0 -2 0 0 6 0 0 -4 -4 -1 0 0 0 2 -6 0 0 0 0 6 1 2 0 8 0 0 -5 6 4 -2 0 0 0 0 0 0 1 4 0 -2 2 0 4 0 1 0 0 -1 -2 4 10 0 -2 0 0 2 0 0 3 -4 0 0 -2 -2 4 4 0 -4 0 0 2 0 -4 0 1 3 0 3 2 0 4 0 2 -2 0 4 2 0 6 -2 0 0 -1 -4 -2 0 0 0 0 0 -3 1 2 2 8 4 0 0 -2 0 3 -2 0 0 -5 4 0 2 2 4 -2 0 0 0 0 0 -4 -4 1 0 2 4 2 0 0 2 4 0 0 3 -5 -8 2 0 0 0 0 0 -6 -2 0 0 0 0 0 -1 -4 0 -4 0 1 -4 0 0 -4 0 -2 2 -4 5 1 -2 0 2 2 -3 0 0 -4 0 0 -4 -6 0 0 0 0 -1 0 2 0 6 0 -1 -1 2 0 -4 0 0 0 4 0 0 4 0 0 -4 0 0 2
2 -4 0 0 0 0 -2 -1 0 0 0 0 4 -2 0 0 0 0 -2 -1 0 0 -1 -2 0 0 0 4 0 0 -4 -2 0 0 0 -4 0 0 0 -4 0 2 0 4 0 -2 -2 4 28 -2 0 0 0 8 0 0 0 0 0 0 0 0 0 -4 0 1 0 0 0 4 4 0 0 0 -2 2 0 0 0 0 0 0 0 -2 2 1 0 0 6 4 0 1 0 4 0 0 2 0 2 0 0 0 0 0 0 0 2 0 2 0 -4 -3 4 0 -6 2 0 -2 0 -2 0 -4 0 4 -4 -2 0 0 0 2 -2 2 5 0 2 0 0 0 0 0 0 0 0 0 4 0 2 -1 0 0 0 -1 0 4 0 0 2 0 -2 0 1 0 -2 0 0 0 0 0 4 -4 0 4 0 4 -4 0 0 6 0 0 0 4 0 -1 -6 0 0 0 0 0 0 0 0 -4 0 0 0 0 4 0 0 0 0 -3 4 0 0 -1 1 0 0 0 0 -2 0 4 0 0 0 4 3 0 0 0 0 0 0 0 0 2 2 0 0 -8 0 -4 -2 2 0 0 -8 0 -2 0 -2 0 4 0 0 0 -4 -4 0 0 2 4 8 0 0 0 2 4 -1 0 0 -2 -1 0 -2 0 0 -1 0 0 0 0 -2 -4 -4 -1 0 0 0 0 0 -2 0 2 0 -2 -4 0 -2 2 0 0 0 0 0 0 0 0 0 0 0 0 0 -3 0 -1 0 0 0 0 0 0 0 0 0 0 0 0 0 0 0 -2 -2 1 0 0 4 0 0 0 2 0 -2 0 0 0 -2 -2 2 4 0 0 -2 1 0 0 0 -4 0 4 2 0 0 4 -2 0
-3 0 0 0 6 -2 -4 0 4 -2 -1 0 2 0 0 0 4 4 0 0 -2 0 6 2 0 4 4 4 -8 5 -4 0 0 0 0 0 0 0 -4 3 2 0 0 2 2 4 4 2 -2 59 -2 -8 -2 0 0 0 0 0 0 -2 0 -4 0 0 4 1 2 0 0 2 0 0 -2 -8 0 -4 0 0 0 14 0 -3 0 2 0 -2 0 -2 0 0 -4 -2 0 -2 0 -2 0 0 -12 0 0 0 0 0 0 -3 -3 0 2 1 -4 2 -2 4 2 -4 -4 -2 4 0 0 -2 1 0 0 2 0 0 0 -4 -8 1 0 -2 7 0 0 0 0 2 4 0 0 2 0 6 2 0 5 2 6 0 0 -4 -2 0 0 -4 -2 2 -2 -4 -2 0 0 1 4 0 0 2 6 -6 0 -8 0 0 2 5 2 4 -5 4 -5 2 -3 -2 7 0 0 8 0 2 4 4 2 0 0 6 -4 1 0 -2 2 -2 0 0 -1 4 -8 -5 1 0 0 0 0 0 2 0 2 0 0 6 4 -4 4 0 0 4 -4 6 2 2 0 0 2 0 -2 8 -4 0 4 0 4 2 2 0 4 4 0 3 1 2 -2 8 -2 4 4 0 -1 4 -4 0 -4 0 -1 4 6 -4 0 0 0 -2 -2 -4 0 0 0 -2 -2 0 2 2 0 2 8 0 0 0 1 0 0 0 0 2 1 -4 0 5 4 0 0 0 0 2 -1 2 2 5 0 -2 0 0 0 6 -4 4 8 0 4 2 0 -2 -2 0 -2 -4 2 -6 -2 2 0 0 0 0 0 0 2 0 0 0 -2 0 -8 6 0 0 4 -3 2 4 2 0 8 2 1 -8 -2 0 -2 4
-2 -4 0 0 2 3 1 0 0 4 2 4 -3 -8 4 2 0 -4 -6 0 -4 -2 -2 -1 0 -1 3 0 -4 0 -1 0 2 4 0 -4 0 2 2 2 4 -2 0 -1 0 0 0 0 0 -2 71 2 -2 0 6 -8 0 -2 2 1 -2 2 4 0 -1 0 -6 0 0 1 -2 0 0 0 -4 -5 0 0 -2 -6 0 -1 6 0 0 -1 0 2 -1 4 4 1 -2 0 5 1 1 -2 -2 0 0 0 4 -2 8 0 -4 -2 -4 0 0 0 0 2 5 0 0 -4 2 6 -2 0 0 4 -4 -2 0 -4 0 3 2 0 -1 2 4 6 -2 2 4 -2 0 0 3 3 0 2 0 0 2 -1 -4 0 4 0 -2 0 -4 1 1 0 6 -3 -2 -2 0 2 -1 4 6 -6 0 -2 -2 0 3 5 0 0 8 -6 4 2 1 -4 -2 0 -2 5 0 -2 -2 -2 0 2 -6 2 4 -2 -1 -7 6 5 0 -4 -4 -2 -2 -5 6 2 0 2 0 4 0 -6 0 2 4 3 -2 -4 7 4 0 -4 -4 -2 2 -2 0 0 1 -4 0 0 0 2 0 0 -4 3 -6 0 0 -1 -6 -2 0 -2 4 2 6 -2 2 0 0 4 1 2 6 0 0 -1 2 4 -4 0 4 0 -10 -4 1 0 2 -8 2 0 0 0 4 -1 1 6 -6 0 0 0 -4 2 -1 -3 0 -2 2 0 2 2 0 0 0 -3 -2 -2 4 0 -1 0 -2 5 1 0 -1 3 2 2 3 0 -4 0 2 4 0 -2 8 6 2 1 -6 -2 10 -7 0 0 -4 3 4 2 2 4 0 0 0 -1 -2 2 0 0 0 2 4 0 -3 4 0 0 0 4 -2 0
8 -2 4 -2 -2 4 2 0 -4 -1 0 1 0 -4 -4 -2 0 -4 0 0 2 4 4 0 -2 2 0 0 4 0 0 0 4 -1 0 0 0 4 1 -4 0 0 0 2 0 0 -2 0 0 -8 2 47 0 0 2 4 4 0 2 0 0 0 0 0 0 0 4 0 0 0 0 -4 0 4 0 -3 2 0 0 -2 0 -2 6 2 4 0 3 -1 0 0 -4 0 -2 0 2 0 0 0 2 0 0 -2 4 1 0 0 2 3 0 0 0 0 0 1 4 1 2 2 0 -1 10 0 -4 1 2 0 1 4 10 0 0 0 -2 -4 -4 0 0 -8 0 4 0 0 1 1 0 0 -2 -2 2 2 -4 2 0 6 0 0 0 0 2 0 0 0 2 0 0 0 -2 0 0 -2 1 0 0 0 0 -1 -4 -5 0 0 2 0 2 4 1 2 0 6 -8 -4 0 4 0 2 0 4 4 0 4 0 0 -1 -1 -3 2 4 2 -4 0 4 -1 0 0 4 0 0 -1 4 6 0 -3 4 3 0 -1 0 0 0 -1 0 1 0 1 2 4 -2 0 -3 0 -1 0 0 1 0 0 0 2 0 0 0 0 2 -2 4 0 0 -3 0 0 -4 0 0 2 0 0 -2 1 -5 0 0 0 -2 0 -2 0 0 0 -1 2 4 0 -2 -2 2 0 0 -2 2 0 3 0 -1 -2 0 -4 0 0 0 -4 0 0 -4 0 -2 0 0 0 -6 0 2 0 1 -2 4 0 -2 1 1 0 2 2 4 0 4 1 5 0 0 0 -3 0 -1 0 2 4 0 -2 6 -4 0 6 -4 0 -4 2 0 0 1 0 0 -4 2 0 -4 0 0 4 4 2 0
0 0 4 0 4 0 4 -2 0 0 2 0 8 0 -4 0 -1 4 5 8 2 4 0 2 0 2 0 0 0 0 0 4 6 0 0 0 -3 -8 0 -4 0 -8 0 0 -2 0 0 0 0 -2 -2 0 68 -2 -4 8 0 0 6 -1 2 0 -4 0 2 -4 0 0 0 0 0 0 0 -2 4 0 0 2 -4 0 4 0 4 -1 4 0 -4 0 0 0 0 0 -10 -2 0 0 -2 0 0 0 -1 -4 0 0 0 0 0 -3 -4 0 7 0 4 0 0 0 0 0 0 0 0 2 0 4 0 -6 -2 0 2 0 0 0 -2 0 0 2 0 -4 0 -1 2 0 2 0 -4 8 0 0 0 0 0 0 0 0 -4 0 -4 8 4 -2 0 0 4 0 0 0 0 0 -2 0 6 -8 6 0 2 0 0 4 2 2 2 0 0 0 0 8 0 0 2 -2 0 0 3 8 4 -8 2 2 0 0 2 -2 0 0 0 0 10 8 0 2 0 2 0 0 0 2 2 0 0 0 4 1 -2 0 0 0 0 0 4 2 0 3 0 -1 0 -1 0 -2 -2 -4 0 -2 0 4 2 0 -4 0 4 -2 8 0 4 0 4 2 0 2 2 0 0 0 2 0 -4 -4 2 2 0 0 0 0 3 0 0 5 4 0 0 0 2 0 -8 -4 2 11 7 -4 -6 0 6 -4 0 4 4 -2 -1 0 -4 4 0 4 2 8 -4 0 2 0 4 -4 4 4 1 -2 0 0 0 0 0 0 0 -6 0 0 -4 0 0 0 -1 2 0 -2 -4 0 0 8 -2 0 4 0 0 4 4 -2 0 2 2 0 4 0 0 0 0 -2 4 0 2 0 0 0
4 0 0 0 0 0 -2 1 0 0 -4 0 0 0 4 6 2 0 0 4 -2 -2 2 0 0 0 3 5 0 0 0 -2 2 2 -3 0 4 0 -2 -1 0 0 0 8 0 0 -6 2 8 0 0 0 -2 48 -2 0 -6 0 0 0 0 2 4 0 -2 1 0 -1 2 6 2 -1 0 -2 -2 -4 -4 0 0 0 -6 -2 0 2 -2 0 0 4 6 -4 -1 2 0 0 0 -4 4 3 2 0 0 0 -2 -2 2 -1 0 0 2 0 0 -4 2 0 0 -4 -1 4 0 0 -2 -10 2 4 -3 1 0 0 1 2 0 6 0 0 -2 -1 0 4 0 2 0 0 -3 -2 0 -2 2 -6 -2 0 0 0 0 0 0 0 0 0 -4 0 -2 0 -4 -3 0 0 0 6 6 -4 0 -2 2 -2 -7 2 0 0 0 0 1 0 0 0 8 -3 0 0 0 0 2 0 0 -4 0 0 0 4 0 2 0 0 2 2 0 -2 2 0 0 4 -6 4 0 -2 0 4 -2 -4 0 4 2 0 -1 0 -4 0 0 4 -2 0 0 -4 -3 0 2 0 0 1 1 4 -2 -2 3 -4 -2 -4 8 0 0 0 -4 0 0 -8 -4 -4 6 0 -8 -2 0 7 -2 0 1 0 0 0 0 -2 1 4 0 0 2 0 0 -6 0 0 1 0 0 -2 4 -4 0 0 -6 0 0 -2 -1 -2 2 1 -3 -2 0 0 0 3 1 1 0 -2 1 1 6 2 0 2 0 0 4 -2 -3 -6 -1 1 0 0 0 -4 1 0 2 0 -2 -7 0 0 0 0 0 -6 -4 0 2 0 0 0 -2 3 0 0 0 0 0 2 0 -6 0 0 0 0 0 0 0 -2
0 0 0 0 0 0 2 0 2 2 2 0 1 -1 2 4 1 -4 -4 0 0 2 0 2 -1 0 0 0 0 0 2 -2 4 2 0 0 0 2 2 1 0 4 0 0 0 -2 0 -3 0 0 6 2 -4 -2 32 0 2 0 0 0 0 0 0 0 -2 0 0 0 -2 2 0 0 1 6 0 -2 -2 0 0 2 2 0 -4 0 0 0 4 -2 0 0 0 4 2 0 2 0 0 0 0 2 0 0 2 0 0 0 0 0 0 4 6 2 1 6 0 0 -4 1 0 -1 -2 4 4 0 0 0 2 0 0 0 0 0 0 0 0 0 2 4 0 0 4 0 2 4 -2 -8 0 0 2 2 0 0 4 0 0 -2 0 2 0 -2 -4 0 -2 6 2 0 0 -4 0 0 4 -2 0 0 0 3 0 0 0 0 -4 4 0 0 2 2 0 4 0 0 1 0 0 2 0 -1 0 0 0 2 0 2 0 0 0 -4 0 0 0 -4 -2 -2 0 4 0 -4 0 0 4 0 4 4 2 -2 0 0 0 0 2 0 2 0 2 0 0 0 0 2 0 0 0 0 0 2 4 0 -4 2 -4 2 5 2 -1 0 4 0 0 0 0 -2 0 1 -4 0 0 0 0 0 2 2 0 0 2 0 0 0 -4 0 4 0 0 0 2 0 -4 0 0 4 2 0 -4 -1 0 0 0 -2 0 -2 0 0 0 0 1 -4 -4 4 -2 0 0 0 0 4 4 2 2 0 0 0 -2 2 3 -1 -2 2 2 6 4 0 0 -4 2 -4 0 0 0 -2 0 5 4 -5 0 4 4 5 0 -2 0 0 0 4 0 0 -2 -4 0 2 0 0 0 0
1 0 0 -3 0 0 6 -4 0 0 -5 0 -6 0 -4 0 4 -2 0 -1 -2 0 0 1 0 0 4 2 2 8 -2 0 1 0 -2 0 0 1 -2 0 2 0 -2 0 4 0 0 0 0 0 -8 4 8 0 0 86 0 0 2 10 4 -2 4 -2 -6 -2 -4 -2 2 0 0 4 0 2 4 -8 0 -2 0 -1 0 0 4 0 4 0 4 0 0 4 -12 -2 -3 -2 -1 6 -4 -2 0 0 0 -6 -6 4 0 0 12 4 4 0 2 -4 -2 0 10 4 0 2 1 0 0 8 -6 4 14 -6 0 0 2 4 -4 0 0 -4 0 -1 1 -6 0 2 4 4 0 0 -2 0 4 -2 6 8 4 0 0 0 0 0 4 2 0 0 2 4 0 2 0 0 -4 0 0 4 6 0 10 0 4 2 4 -2 0 0 0 0 0 0 4 -4 0 -4 0 0 0 0 2 4 -2 0 0 2 8 -6 0 0 2 16 0 4 3 5 0 2 4 0 0 0 -6 0 5 -2 0 8 10 8 4 0 -6 0 -4 0 2 -4 0 8 -2 -6 0 -4 0 0 0 0 0 -4 -4 3 2 -2 -1 0 -3 -6 4 0 -6 -2 2 4 4 -4 -1 4 3 0 4 0 -4 6 0 0 2 4 10 8 0 2 -2 -2 0 0 1 -1 0 0 -4 -3 0 -4 4 -6 -3 0 4 -3 0 4 4 0 8 0 0 0 0 0 0 2 0 -2 0 0 0 0 4 2 -2 -2 0 0 0 0 -2 4 1 0 -2 2 4 -8 -4 0 0 2 4 4 -4 0 0 -6 -3 4 2 1 -2 -2 1 0 0 0 -1 -2 8 -2 0 4 0 0 -2 2 0 0 0 2
0 2 -2 0 0 -4 -4 0 0 2 4 0 0 4 -2 -2 -1 1 0 -2 1 4 0 0 -1 -1 -2 0 -2 4 0 -2 0 0 0 0 1 -2 2 0 -3 1 0 -2 6 0 0 -2 0 0 0 4 0 -6 2 0 47 2 -2 0 3 0 0 0 -2 0 0 0 -4 0 0 0 0 1 -3 2 0 -2 4 2 0 2 2 -2 0 0 0 0 0 0 1 0 6 0 2 0 2 1 2 -2 0 4 -1 2 6 -2 0 0 -2 0 4 0 1 -1 2 -4 0 -5 -3 -2 -4 4 -4 4 0 0 2 4 6 0 0 0 -2 0 -4 0 0 -1 -2 4 2 4 -2 -5 0 -2 1 0 0 -4 0 2 2 2 0 0 -1 4 2 -2 2 4 2 4 -6 0 -3 0 -3 0 -2 -1 -1 2 -2 2 -4 0 2 0 0 -6 0 4 -2 -2 0 -1 0 0 0 4 0 0 0 -1 1 -2 4 4 0 -2 -2 1 4 2 2 -4 0 0 2 -3 4 2 -1 0 4 2 4 0 -1 0 7 1 0 0 2 8 2 0 0 0 2 2 0 0 0 4 2 4 -3 3 0 2 1 0 -3 0 -2 0 2 0 -4 0 0 0 4 1 0 2 0 0 1 -2 -4 4 0 -2 2 4 0 -2 1 -1 0 6 4 1 0 0 2 3 0 0 -2 0 -2 1 0 0 2 -1 4 1 0 2 0 -4 1 2 0 -2 2 0 -3 0 0 0 0 0 -2 -1 0 4 -2 -2 2 2 0 -2 6 5 0 2 4 -2 0 2 -4 1 0 0 2 4 -2 4 -4 0 4 -2 2 -3 -2 2 0 0 0 0 0 -2 0 0 0 2 -3 -2 2 -2 -2 0
6 2 -1 0 4 0 0 0 -8 1 6 0 0 0 0 0 0 0 0 1 4 0 0 0 -1 0 -4 0 0 2 0 0 -4 0 0 0 -2 0 0 0 2 0 0 2 -1 -4 0 -4 0 0 -2 0 0 0 0 0 2 30 -2 0 2 -4 0 0 0 -4 0 4 0 -4 0 0 0 0 -2 0 -4 0 0 0 0 -6 0 0 -2 2 0 2 -1 0 -4 0 1 2 4 0 0 0 -4 0 0 -2 0 0 1 0 2 -4 -4 0 0 0 0 1 0 0 0 -2 0 -2 4 0 0 0 0 -2 0 0 0 -2 0 8 0 0 2 0 0 0 0 0 2 0 0 0 0 -6 4 -8 6 -4 0 -4 0 0 0 0 0 6 0 -4 4 0 0 0 0 4 0 0 -4 -2 0 0 0 0 0 2 -4 -8 0 4 0 -4 -2 2 3 0 0 2 0 -3 0 0 2 0 0 0 0 0 0 -2 0 0 -4 2 0 -4 0 0 0 0 0 0 0 0 0 0 0 0 -4 0 -2 4 0 -7 0 0 -2 0 -2 0 -4 0 -4 0 0 0 0 -4 -2 -2 0 -4 0 -1 0 0 -4 -1 4 2 -4 0 -4 -4 4 0 -4 0 2 6 4 0 2 0 -4 -4 0 0 0 0 0 -4 4 0 0 0 0 0 -4 0 0 2 0 4 0 0 0 0 0 0 0 0 4 0 -2 0 0 8 0 0 0 0 0 0 0 0 -2 0 0 0 4 -1 0 0 0 0 0 0 -2 0 0 0 4 0 0 0 0 -4 4 0 -3 0 0 0 0 2 0 0 0 0 0 0 0 0 0 0 0 2 0 0 0 0 0 0 0 -4 0 0 -1 0
4 0 3 -4 0 1 -4 0 1 0 0 4 0 0 -8 0 0 -2 0 -2 0 -4 4 0 0 0 -4 0 4 0 0 0 0 0 -4 -2 -2 -1 -5 0 0 4 4 0 2 -4 0 2 0 0 2 2 6 0 0 2 -2 -2 58 -4 0 0 -4 0 0 0 2 4 5 0 0 2 0 -2 0 -1 1 -4 0 3 0 4 2 -4 0 0 2 -4 2 2 -4 0 -3 0 0 -3 0 -1 0 0 -2 0 0 0 2 0 0 -3 -2 0 0 4 0 0 4 -2 0 -4 4 0 -4 1 0 0 0 0 0 -2 0 2 0 0 0 0 0 4 0 -6 0 2 -4 -4 0 -1 0 4 0 0 -5 4 0 0 -1 -2 1 0 0 0 0 0 0 0 -2 4 2 4 1 0 0 0 -2 0 2 -4 6 -4 4 0 -4 4 1 0 0 2 2 4 0 0 -1 -6 -3 2 -4 4 0 2 -4 0 2 2 -4 -4 0 0 4 0 1 2 -6 0 0 4 -6 0 0 0 4 0 6 -5 0 -4 -4 -2 0 0 0 0 5 -4 0 1 0 -4 0 0 4 -2 4 0 -4 0 0 0 4 4 0 6 0 0 4 6 0 0 0 0 -2 4 -2 5 -4 0 2 -6 -3 0 2 0 -2 0 0 2 -2 0 6 -6 0 0 -4 0 4 0 -2 -4 -4 0 4 -1 1 0 2 -8 -4 8 -4 0 0 2 0 -2 0 0 0 4 -8 -2 -2 0 -4 2 0 -2 0 -3 0 2 0 0 0 0 2 0 0 -3 0 4 -2 0 0 0 0 -4 -4 -8 4 0 0 -1 0 2 1 0 -3 0 -2 -4 0 0 4 4 0 0 0 0 0 0 0 0 1 0
6 0 0 0 -2 1 4 -8 0 0 4 0 -4 0 6 -4 -2 -2 4 0 0 0 0 0 0 0 -3 0 -1 0 0 0 -2 0 -4 0 0 0 0 0 0 0 4 0 2 8 0 0 0 -2 1 0 -1 0 0 10 0 0 -4 41 4 4 4 -2 -4 1 -4 0 -2 -4 0 4 3 -4 0 0 8 0 0 -1 0 0 0 -4 2 0 0 -2 0 0 4 0 -2 0 -2 5 0 0 0 0 0 0 2 0 0 0 4 -4 0 0 2 -2 0 -2 0 5 0 4 0 4 4 -4 0 0 -4 -2 0 0 0 0 4 0 0 4 0 -4 4 0 0 0 -6 0 0 0 -4 4 0 6 0 6 -2 2 0 0 0 -2 8 4 0 -2 0 4 -4 2 0 0 2 0 -2 -1 2 -2 4 0 0 -2 0 -2 0 -1 -4 0 -4 0 0 0 4 0 -2 0 0 2 0 0 0 4 0 -4 0 0 0 0 0 -1 4 -2 0 0 6 -2 0 0 0 4 4 0 0 0 0 6 2 4 -2 0 4 -2 -5 -3 2 -1 -2 0 -1 4 4 -2 0 -1 0 2 0 0 0 0 0 -4 -2 0 0 0 0 0 -1 -6 -2 0 2 -6 2 0 8 0 6 0 0 4 -1 2 0 0 2 0 4 0 0 -3 0 0 2 0 0 -1 -8 -4 -4 1 -2 6 5 -4 -4 -2 0 2 4 3 1 0 0 0 2 -2 -6 0 4 -6 0 0 0 0 0 0 0 0 6 -2 -4 0 -4 4 -2 2 -2 0 0 -1 0 0 -4 0 0 -6 2 0 -4 0 0 0 -2 0 4 1 -2 0 2 2 4 0 0 0 0 2 -2 -2 -1 -2 -4 0 2 2
0 0 0 0 0 0 -2 2 0 4 0 0 4 0 0 0 0 0 0 0 -2 0 0 0 -2 -2 -2 0 0 0 0 2 0 0 -2 0 0 0 0 -4 2 -2 0 -4 0 0 0 0 0 0 -2 0 2 0 0 4 3 2 0 4 22 0 0 0 -2 0 0 0 0 0 0 4 0 0 -10 2 0 2 0 0 0 2 0 0 0 0 0 0 0 0 0 0 0 -4 0 0 0 2 0 0 0 0 0 0 4 0 0 0 0 0 0 0 0 2 4 0 0 0 0 0 0 -4 0 0 4 0 0 0 0 2 -4 0 0 0 0 -4 8 0 0 0 0 0 0 0 0 0 -2 0 4 0 0 0 0 0 -1 0 -4 0 0 0 0 2 0 4 0 -2 2 0 0 0 0 0 2 -2 0 8 0 0 0 1 0 -4 -2 0 0 2 0 0 -2 2 0 0 0 0 0 0 0 0 2 0 0 0 0 0 0 0 0 0 0 0 6 -2 0 0 0 0 0 0 0 0 2 0 0 0 0 0 1 0 0 0 -2 0 0 0 0 -2 0 2 0 -2 0 -1 4 -2 0 2 -2 0 0 4 0 0 -2 0 0 0 0 -3 0 4 0 0 0 2 2 0 0 0 0 0 -4 0 0 0 0 0 0 0 -2 0 0 0 -4 0 0 0 4 4 0 0 0 0 2 0 0 0 2 0 0 0 0 0 0 0 -4 0 2 0 0 -2 0 7 0 0 4 0 0 0 -4 0 2 -1 0 -5 0 0 0 0 0 0 2 0 0 0 0 -2 0 0 -2 0 -2 0 0 0 0 0 0 0 0 0 0 0 0 0 2 0 -4 0 -2 0
0 -2 3 8 -1 2 -2 0 0 1 0 0 -2 0 0 1 2 0 0 0 2 0 0 0 0 -2 2 -2 -2 -4 0 0 2 0 0 0 0 2 0 0 0 0 2 -4 -1 2 0 1 0 -4 2 0 0 2 0 -2 0 -4 0 4 0 42 2 0 -4 0 0 -4 -4 4 0 -2 0 0 0 6 0 -4 0 -4 0 0 4 0 4 0 0 6 0 0 2 0 0 -4 0 0 4 9 0 0 0 0 -1 -4 4 2 -2 -5 4 0 0 -4 0 0 0 0 0 0 0 0 0 0 0 0 -1 -2 0 1 -1 0 0 -6 0 -2 -2 0 2 0 -4 0 0 0 -1 -2 0 -2 0 -8 -8 0 0 0 0 0 0 0 -2 2 -6 4 0 1 10 0 0 0 2 1 0 -2 0 0 0 -4 -2 2 0 -2 0 1 -2 0 -2 -6 -2 0 0 0 0 2 0 4 0 0 0 0 4 0 0 -1 0 0 8 -2 0 0 0 4 1 0 -2 -4 1 -2 2 0 0 0 0 -2 2 -10 0 2 3 -4 0 0 4 2 4 4 -5 0 0 0 4 4 0 1 0 0 -2 2 2 0 0 -2 0 -2 0 0 4 -4 -4 -4 -4 0 2 0 4 4 0 0 0 4 0 2 0 -1 0 0 0 0 0 0 -1 -4 2 0 0 0 -4 3 -2 0 0 0 1 -1 2 0 0 0 0 0 0 -4 -2 0 -1 0 -4 0 3 4 0 -2 -4 0 0 2 2 0 0 0 0 -1 0 -4 0 4 0 0 -2 0 0 -2 -4 2 -3 -2 0 0 0 2 0 0 -2 0 -2 0 -5 0 0 0 0 3 0 0 -4 0 -2 0 0 8 2 0 0 1
0 0 0 4 2 8 -2 0 0 4 -4 0 0 0 8 1 4 0 -2 0 0 4 4 0 -1 -2 -2 4 -2 -2 4 0 0 4 2 2 0 2 0 0 0 8 0 0 1 0 0 2 0 0 4 0 -4 4 0 4 0 0 -4 4 0 2 67 0 -2 0 0 4 -1 1 -2 0 -1 4 -2 -4 -2 -2 2 -2 0 4 -2 0 1 4 -2 4 -4 2 -2 -2 0 0 -2 2 4 -4 0 0 -1 2 -4 0 -2 -2 4 0 -2 0 1 0 4 0 7 0 0 2 0 0 -2 0 -5 -2 -6 0 2 -4 -4 1 4 0 -1 -2 2 0 0 -2 10 -1 0 3 0 0 -2 0 0 2 -4 0 0 0 0 1 1 0 0 8 -6 -1 -4 -6 6 2 0 0 -4 5 -4 2 -2 -4 2 -2 0 2 4 0 4 4 0 0 4 0 6 4 2 0 0 -2 0 4 -4 0 0 0 6 -1 -4 0 -2 0 4 0 0 0 1 10 0 1 -1 2 2 0 4 4 0 4 0 2 -2 0 0 0 4 8 4 0 2 -4 2 0 7 4 3 2 0 0 4 4 2 0 0 1 4 4 4 0 -4 -3 6 -4 0 0 6 4 -3 -4 -4 0 0 2 0 2 -2 4 4 0 -4 6 -2 -4 0 2 0 2 -2 0 -4 6 0 0 -4 -5 0 -1 -4 0 6 2 6 0 2 -4 -2 -2 -2 2 -2 4 0 4 1 2 4 -7 -2 -1 0 -1 -2 6 2 2 0 4 -2 -2 -1 2 0 4 -4 2 0 4 8 0 1 -4 8 -2 0 1 4 0 -2 0 4 3 6 0 -4 -2 0 -1 6 0 4 -3 4 4 2 2 -2 0 -3 2 2 1
-1 0 -4 0 0 0 0 0 8 2 0 0 0 0 -2 0 0 0 6 0 -2 0 -1 0 6 -4 2 0 3 -8 -4 2 -2 2 0 0 -4 4 0 4 0 0 4 -2 0 0 0 0 -4 0 0 0 0 0 0 -2 0 0 0 -2 0 0 0 35 -4 -8 0 0 -1 0 0 0 0 -2 2 0 0 0 2 0 -2 0 -2 -2 0 2 4 0 4 -4 0 0 0 0 2 0 0 6 0 0 -2 0 0 6 0 -2 -2 0 -5 0 -4 4 -4 0 -2 0 0 0 2 -4 -2 3 0 4 0 0 0 0 0 0 -4 0 0 -2 0 0 -4 0 0 0 0 0 0 0 0 0 0 0 -4 0 0 -2 -2 2 0 0 0 -4 0 0 2 0 6 0 0 6 0 0 0 2 0 -2 -4 -2 0 0 0 0 2 -2 2 -4 2 0 0 0 6 0 0 0 0 0 -2 4 0 1 -4 -2 -4 0 2 4 0 1 -4 0 0 0 0 -2 0 0 4 0 0 0 0 -5 0 -7 0 -2 0 0 0 2 2 2 0 0 -4 0 0 0 0 6 4 0 0 0 8 2 -4 4 0 0 4 0 2 4 0 0 4 4 -4 -2 3 0 2 0 0 0 2 0 -4 -2 0 2 4 -1 4 0 -2 -4 -2 0 -2 0 0 -4 0 0 -3 -3 1 0 -2 4 0 4 0 -2 0 -1 8 0 2 4 0 0 4 0 0 0 -4 -4 6 2 0 0 0 0 4 0 -2 6 2 4 0 -6 4 2 4 4 0 0 2 -2 0 0 -2 0 -6 4 0 0 0 0 -2 0 0 0 1 2 0 -4 1 2 2 0 0 0 0 0 -4 0 0 0 0 0
0 0 4 0 2 4 4 -2 0 -6 0 0 6 0 4 0 -6 0 2 4 -4 0 1 -3 2 0 -2 -4 -4 2 0 0 2 5 0 0 0 -8 -4 0 -4 4 4 2 0 3 0 4 0 4 -1 0 2 -2 -2 -6 -2 0 0 -4 -2 -4 -2 -4 61 3 0 4 8 1 4 0 -8 0 0 5 -2 0 -2 3 6 -1 0 4 0 -2 0 0 4 4 6 0 0 0 0 2 0 0 2 2 0 0 4 -4 0 0 -2 6 4 0 4 0 -8 0 0 0 0 0 0 12 -1 6 6 -2 2 4 1 0 -2 -6 2 0 -2 -1 4 0 -2 0 -4 0 0 -8 0 0 0 2 2 -2 0 0 1 0 -4 0 4 0 1 0 0 0 -2 -4 -2 -8 0 3 0 0 -2 2 0 0 0 0 -1 -2 0 0 0 -2 0 6 4 0 0 0 0 -2 0 4 0 0 0 4 2 0 0 0 2 4 -2 -1 1 0 0 0 -2 0 -2 -2 -4 6 0 -4 1 0 0 2 0 4 0 0 -2 0 -1 2 -2 0 0 0 0 2 0 2 0 2 0 0 0 2 0 0 0 0 0 0 -4 4 0 -2 -2 0 -4 2 -2 2 8 0 4 1 -4 0 2 0 -4 0 0 -4 -4 -4 -2 -1 -1 -6 4 0 -4 4 4 4 0 0 11 4 4 0 0 2 2 -4 3 4 -3 0 -1 0 -2 1 0 0 4 0 0 2 12 0 2 0 8 0 3 2 2 6 0 4 0 -2 10 8 0 0 -4 2 -4 0 0 4 0 0 -4 0 4 -4 0 4 4 1 0 12 0 0 0 0 2 2 -2 2 -4 0 4 0 1 -6 0 0 0 0 0 0
0 0 2 -1 0 0 -3 1 4 0 -1 2 0 -2 4 1 4 -2 -5 0 0 2 2 -2 -2 0 0 3 1 2 4 2 -2 -2 -2 0 1 -3 -1 0 0 0 -2 5 1 1 -6 0 1 1 0 0 -4 1 0 -2 0 -4 0 1 0 0 0 -8 3 42 -5 -5 -2 -2 -10 -2 4 -2 2 4 2 0 -3 2 3 4 -2 2 2 -3 -4 2 0 4 2 4 -2 -1 0 0 1 0 8 0 0 2 -4 -2 2 3 -4 2 2 -2 2 0 0 6 0 -7 0 4 0 -2 1 0 -4 -3 4 0 0 0 1 0 -1 -6 -2 0 0 0 0 0 2 -2 -2 0 0 0 0 0 0 2 4 -4 4 1 -1 0 2 -6 -1 -4 0 0 1 0 3 4 0 -1 -6 0 -2 -6 -4 2 0 0 0 -2 0 -1 1 -2 -1 6 -1 0 2 0 2 0 0 0 0 -2 5 -2 0 -2 4 -4 3 0 2 0 0 -4 2 -2 4 0 0 1 0 -4 0 1 0 0 -2 -2 2 2 2 0 -2 4 0 2 0 -2 4 -4 -1 4 0 0 1 -2 -2 0 4 2 -4 -4 1 -1 2 0 -1 0 0 1 0 2 -3 -2 6 -4 0 0 0 -3 -4 0 -3 0 3 0 -1 0 -6 0 2 1 0 4 2 4 0 0 4 0 1 4 4 2 2 0 2 -2 5 0 0 2 -1 -2 -3 -1 4 -2 0 0 0 0 -1 0 0 0 -2 -3 2 0 -2 0 0 2 2 4 -1 4 0 2 4 -2 -2 2 2 2 6 5 -2 -2 0 0 -1 -2 2 -4 0 0 0 0 0 2 -1 0 0 -3 0 0 4 1 2 -4 0 2 3 0 0 6 1 0
-2 0 -6 0 0 4 0 2 2 0 4 0 -4 0 0 0 0 5 0 0 0 0 0 0 0 0 -2 -1 0 0 0 -6 4 -8 0 -2 -1 -1 0 0 0 0 0 -2 -4 0 0 -2 0 2 -6 4 0 0 0 -4 0 0 2 -4 0 0 0 0 0 -5 36 -4 1 0 0 0 0 -2 0 0 0 0 -2 4 0 0 -2 0 0 0 -2 0 0 -2 -6 0 4 0 2 2 0 -2 -16 0 -3 0 2 0 0 1 0 -2 4 2 -2 0 0 -4 0 -4 0 -4 0 -4 0 -6 0 -2 0 2 0 0 0 0 0 2 -2 0 0 0 0 0 0 0 0 0 0 4 0 0 -2 0 0 1 0 0 -3 0 0 0 0 -3 0 0 -2 2 -4 0 0 0 0 4 -4 0 0 4 -2 0 0 2 0 0 -4 0 0 -4 1 -4 -3 0 0 0 0 0 0 4 -4 0 0 3 0 4 0 0 0 0 0 -2 0 0 -2 0 0 0 -2 8 0 2 -2 0 2 1 0 0 -2 0 0 0 0 0 0 0 0 0 0 0 0 0 4 0 2 0 0 0 0 4 0 0 0 0 -1 0 0 6 0 0 0 0 -1 -2 0 0 0 -2 -2 -4 -4 0 0 0 0 0 0 0 0 0 0 0 -8 0 -2 0 0 2 0 0 -2 4 0 0 0 -4 0 -4 -2 0 0 -1 0 0 0 0 0 -4 0 0 0 4 0 0 0 0 0 -4 4 0 0 -2 -2 -4 0 2 2 -4 4 -4 0 0 0 4 -8 -4 0 6 -6 2 1 -2 0 0 0 4 -1 0 0 2 0 0 0 0 -4 0 0 -2 -2 -4 -1 -6 0 0 0 0 0 0
2 2 0 -6 0 4 -2 -2 0 -4 -8 -2 4 4 0 0 4 0 0 0 0 0 4 0 -1 0 -2 0 4 0 4 5 -4 -4 4 0 0 -2 0 1 0 0 4 0 0 0 0 0 0 0 0 0 0 -1 0 -2 0 4 4 0 0 -4 4 0 4 -5 -4 47 -2 0 0 0 0 0 0 4 0 0 -2 0 -4 -4 5 0 0 2 -1 0 0 0 0 -2 0 0 0 1 0 -4 -4 0 0 -2 -2 0 0 5 4 0 0 -2 0 -2 -8 0 0 0 0 4 0 0 2 2 0 0 0 0 0 0 0 -2 -2 8 2 0 0 4 -8 0 0 -8 -2 -4 1 0 0 0 0 0 -4 2 0 0 2 0 0 0 0 0 2 0 0 0 -2 0 4 8 4 0 0 0 0 0 0 -4 0 0 0 2 4 1 0 4 0 -2 0 4 6 -2 2 0 -2 -2 0 -3 0 0 -4 0 2 0 -6 0 0 -2 0 2 0 4 -2 2 0 4 -6 0 -4 0 1 8 4 0 -6 -4 -4 -4 0 4 0 2 0 -4 2 0 4 0 -2 0 0 -1 -4 0 -4 2 3 0 0 0 0 4 0 0 -4 0 0 3 0 6 -6 0 -2 4 4 4 2 0 0 0 4 4 -1 0 -2 14 2 2 0 0 0 -2 -8 0 -3 0 0 0 -2 0 0 0 1 8 0 0 0 0 -4 0 -4 -2 0 0 0 6 -5 0 4 4 0 4 4 0 0 -4 0 0 -2 0 0 0 5 4 0 4 0 0 0 -4 12 0 0 -6 4 0 4 0 0 2 0 -1 2 2 0 0 0 1 2 -4 4 4 0 0 0 -2 0 0 0 -4 -6 0 0 0
1 0 -2 1 0 -2 -2 4 2 0 2 2 0 -2 0 -1 -2 2 -2 6 -2 0 0 0 0 2 -4 -1 -1 0 -6 0 0 -8 0 0 -1 -3 0 -4 0 4 0 0 1 -2 1 0 0 0 0 0 0 2 -2 2 -4 0 5 -2 0 -4 -1 -1 8 -2 1 -2 41 0 4 2 0 0 -1 0 0 0 0 3 -8 4 0 4 0 2 3 2 0 0 0 0 -6 0 0 0 4 4 0 0 0 0 1 0 -2 -1 2 6 0 0 0 0 0 0 2 0 0 -4 0 2 4 2 -1 -2 -2 0 -4 -2 3 0 1 2 -1 4 4 2 6 0 4 2 0 -4 0 0 0 2 0 0 0 2 0 0 -3 2 2 2 0 0 1 4 0 -2 -2 0 2 -1 3 0 0 1 2 0 0 1 0 2 -4 0 0 0 0 2 -5 2 0 -4 0 0 0 4 -2 -2 -1 -1 0 -2 0 2 4 2 0 0 0 0 0 -4 2 0 -4 -2 -6 0 -2 0 0 0 2 0 0 7 -3 2 0 -2 -2 -2 -2 0 0 0 2 0 -3 2 0 -2 4 0 0 -8 0 0 2 2 2 0 1 0 0 0 0 0 0 -2 0 -2 1 4 2 1 -4 0 2 -8 2 4 -2 0 -10 2 0 4 0 0 -2 0 -1 4 -4 4 0 2 8 0 -2 0 0 2 0 0 0 -4 0 1 0 2 2 2 0 0 2 2 2 2 0 0 4 0 4 2 0 -4 -1 0 0 -2 2 -2 2 0 -6 0 0 -1 0 0 -4 0 1 4 -3 2 5 0 -2 4 -1 0 -4 -1 -2 4 1 -4 0 -4 0 0 0 5 -2 -1 -1 -2 0 4 0 0 2 0
-4 -6 2 2 0 0 2 1 0 2 0 0 2 -2 0 0 0 0 -5 0 -4 0 0 3 0 0 4 2 0 0 0 2 0 5 0 -1 0 1 0 2 0 0 -4 0 -2 -9 0 0 4 2 1 0 0 6 2 0 0 -4 0 -4 0 4 1 0 1 -2 0 0 0 38 4 -7 0 0 -2 2 0 0 0 -1 1 -1 0 3 3 0 0 -4 -1 0 0 -2 0 -4 0 0 0 4 2 0 -1 -1 3 2 0 -2 -2 0 4 0 -1 -1 6 1 0 0 -4 4 0 -2 0 -2 0 2 0 -2 2 -4 4 2 0 2 0 2 -2 -4 -1 -1 -1 1 2 1 0 9 4 4 2 -8 0 -2 0 1 0 0 0 2 1 0 0 0 -3 0 2 0 1 0 -8 0 4 -4 0 4 4 0 0 0 0 4 0 0 4 0 3 0 -2 0 0 0 0 0 0 4 1 6 4 -4 0 0 0 0 3 0 8 0 -2 2 -2 0 0 2 0 -2 0 -4 0 0 0 2 0 0 -2 -2 0 5 0 0 -4 -2 -2 0 4 -2 4 0 4 0 4 4 0 0 4 0 0 0 0 2 6 -2 0 0 -4 0 2 0 -1 2 -4 0 -2 -1 2 0 0 -2 0 2 4 0 2 0 0 1 -10 -3 -2 2 0 0 0 0 0 -2 0 2 2 0 2 0 0 0 2 0 -2 0 2 4 0 -2 0 0 0 0 2 2 0 3 0 -2 -5 4 0 2 -3 0 0 0 1 -3 4 0 2 -2 -4 0 -1 -1 -2 1 -2 0 1 2 2 4 0 0 0 -1 0 -2 0 -1 0 8 0 0 -4 0 0 0 0 -2 0 -2 -2 0 -2 0 2 -2
2 1 0 0 0 2 0 -2 0 0 0 -4 0 6 0 0 -4 0 -2 2 3 0 0 -4 0 2 0 0 -4 0 0 0 2 0 2 0 0 -4 0 0 0 -1 0 0 0 2 0 0 4 0 -2 0 0 2 0 0 0 0 0 0 0 0 -2 0 4 -10 0 0 4 4 47 0 -4 0 -4 -3 0 0 0 0 0 4 2 -2 -4 0 -2 -8 4 0 0 -2 2 0 0 2 -2 0 -4 -4 4 0 4 1 0 -4 0 0 0 2 0 0 2 2 0 4 0 0 -3 0 0 0 2 4 0 0 0 2 0 0 0 1 2 0 0 0 2 -4 -6 0 0 -2 0 0 0 0 3 -2 0 2 -4 -2 0 0 0 -2 1 0 -4 0 0 -4 -1 8 2 -4 -4 0 2 -2 4 -4 0 2 4 -2 -4 6 -4 6 2 4 0 0 0 0 -4 0 0 0 0 4 -4 0 0 -8 0 -4 0 2 -2 -2 4 2 0 -2 -6 0 6 -4 0 -6 0 0 -4 0 0 0 2 -4 -1 0 0 2 0 0 -2 0 -4 4 0 0 0 4 0 0 0 0 2 4 0 0 0 0 -4 -8 4 0 0 -2 -2 0 0 2 0 0 4 1 6 0 0 4 0 2 2 0 0 0 4 0 0 -2 0 -2 -4 -4 0 0 -2 0 0 4 0 -2 0 -2 0 4 0 -2 0 0 -1 3 -4 2 -4 0 0 0 0 2 0 0 4 0 0 4 -6 -4 2 0 0 0 0 0 0 0 2 -2 -6 6 0 0 -2 0 0 0 0 -2 2 0 4 0 0 0 6 0 0 -4 0 0 4 2 -2 -4 0 0 0 7 0 0 -1 6 -4 6 -4 -6 0 0
4 5 -1 -4 0 -2 6 2 0 -2 -6 -4 -4 1 0 -4 0 0 6 0 -4 4 0 -3 0 -6 0 4 4 -4 -2 -6 0 4 -2 0 1 0 6 0 0 2 8 -2 2 6 -4 2 0 0 0 -4 0 -1 0 4 0 0 2 4 4 -2 0 0 0 -2 0 0 2 -7 0 56 -4 0 0 0 -2 0 0 2 0 0 7 -2 0 0 4 0 -2 -3 0 0 0 -4 -2 -1 4 8 0 0 4 0 0 -4 -2 0 4 0 0 2 2 -2 0 0 0 3 0 4 0 2 0 0 2 -4 6 0 5 1 0 -4 -4 0 -1 4 0 -2 0 2 0 3 -4 -2 0 0 -4 -6 0 0 4 3 4 0 0 0 -2 -2 -4 -2 0 2 0 0 -4 -2 0 -2 8 -2 0 4 0 2 0 0 -4 0 0 0 -4 0 -5 -4 3 4 0 -1 0 0 0 5 -2 0 -2 -2 -2 2 0 2 4 4 0 4 0 -1 2 -2 0 0 -6 -4 2 -6 0 6 2 0 2 4 0 2 4 -4 -4 0 3 0 0 0 -2 0 4 0 1 0 2 -4 4 -2 0 -2 -4 -4 6 -2 -4 -4 0 4 0 -4 4 -4 2 -2 -3 0 0 0 -2 -4 -4 0 -2 6 2 4 6 -2 0 0 -4 2 4 2 0 -4 0 4 -2 -4 0 -1 0 0 -2 -2 6 -3 8 2 0 -4 1 2 2 1 0 2 4 -2 -1 2 0 1 2 -2 -5 0 0 0 0 4 0 -4 0 0 2 2 -2 -4 -4 0 0 -4 1 -4 0 0 0 0 0 -4 -2 -4 -4 -1 -4 0 -4 0 -4 -4 0 -4 0 0 0 0 0 0 0 4 0 -4 2 0 0 -2 -2 0
4 0 4 0 0 4 -8 0 0 0 0 2 1 0 -2 3 5 0 0 -6 4 0 0 0 -1 -2 -2 0 2 6 0 0 0 -2 2 0 4 2 -2 0 -2 -2 -4 -2 2 -2 0 0 0 -2 0 0 0 0 1 0 0 0 0 3 0 0 -1 0 -8 4 0 0 0 0 -4 -4 54 0 0 -4 4 0 0 0 6 -1 4 0 4 0 0 8 -1 0 0 4 0 2 4 8 -1 2 0 0 0 0 -2 0 0 6 0 0 0 -2 1 -6 0 -2 -4 2 8 0 0 -6 -4 0 -1 0 0 -2 -4 0 2 0 0 0 0 1 2 1 0 0 4 0 0 0 0 2 -2 0 -4 0 4 -6 4 -2 -2 0 -2 0 0 0 -4 0 0 0 1 2 0 -8 -4 0 2 0 0 4 -2 4 2 -3 0 2 0 0 2 -1 -6 0 4 0 2 2 -2 0 0 0 0 0 0 0 -2 -1 -2 0 1 0 0 4 0 -2 0 5 0 2 -6 0 0 0 0 4 0 -2 0 0 0 0 0 -2 1 0 -1 1 0 2 0 3 -2 -1 2 0 4 -1 0 -1 -4 6 0 5 0 0 3 4 0 2 -4 0 -1 4 -6 0 -4 0 1 -2 2 1 -3 -2 2 2 -2 2 4 0 0 -1 0 1 0 -2 -1 0 -2 0 -2 0 0 0 -3 0 0 -2 0 -2 -2 -1 4 0 0 -4 4 2 0 0 0 -1 -2 0 3 -2 0 -2 4 1 -8 0 0 -4 1 0 -4 0 0 4 3 0 0 2 4 -1 0 0 -3 0 6 -2 0 6 -2 4 -2 4 2 -4 7 5 0 -7 0 0 0 2 0 4 -4 -4 0 0 -2 6 0 4 1 1
0 -1 -8 2 0 -2 -4 -2 -4 2 -1 -6 0 0 6 0 4 4 0 -2 2 0 2 0 2 -1 0 -4 2 -2 0 8 -4 0 0 -4 1 6 10 -2 -2 -3 0 -4 0 0 -4 -1 0 -8 0 4 -2 -2 6 2 1 0 -2 -4 0 0 4 -2 0 -2 -2 0 0 0 0 0 0 78 0 -2 -4 2 -2 3 2 -2 4 -1 -2 -2 0 0 -3 6 -1 5 0 4 4 4 0 -3 8 0 -6 2 -4 0 -4 0 4 2 -4 8 0 2 0 8 -1 4 0 2 -4 -8 -4 0 -4 2 -6 -4 0 -2 -2 -4 0 0 0 0 -4 0 -2 -1 0 -2 2 0 0 3 -2 -6 4 0 0 0 -4 0 2 6 0 0 -5 9 0 0 -6 0 2 -4 0 0 0 0 4 -2 -4 -1 4 0 5 0 0 0 -6 1 -2 0 0 0 3 7 0 -1 2 -4 -4 -4 0 8 -1 4 2 0 0 -2 -2 -2 -4 0 0 -6 2 0 0 0 0 2 -6 0 0 0 0 0 -4 1 -3 -2 0 0 1 0 0 0 -8 -4 0 -2 -2 0 0 -1 0 0 0 0 2 -2 4 0 1 0 -5 -2 -6 0 2 -2 1 2 -4 0 -1 0 2 -4 2 0 0 0 -2 -2 -4 2 -4 4 -2 -8 -3 7 -2 7 -10 0 1 0 -5 0 2 0 0 -2 0 2 4 0 0 0 2 2 0 0 -4 0 -4 10 -6 -2 -4 0 1 6 -8 -8 2 4 4 0 3 0 1 2 6 -4 1 -2 -2 1 0 1 0 6 2 4 -1 2 0 2 0 5 0 -8 -2 0 2 -6 -4 -5 0 -4 2 2 0 -2 4 -4 0 4 0 0 0 6 8 0 -2 -3
0 0 0 0 -2 0 4 0 2 -4 0 0 -4 0 -8 0 0 -1 -2 -2 -1 0 0 0 2 0 -2 0 -4 0 0 0 -2 2 0 4 2 -1 0 2 0 -4 0 2 0 0 0 0 -2 0 -4 0 4 -2 0 4 -3 -2 0 0 -10 0 -2 2 0 2 0 0 -1 -2 -4 0 0 0 37 2 2 -1 -1 0 0 -2 0 2 -4 0 0 -2 -2 0 0 0 2 2 0 0 4 -1 4 -2 0 0 -2 4 -2 1 0 0 -3 0 0 2 0 0 -7 -4 0 0 0 0 0 -2 0 2 0 4 0 2 0 0 2 0 -1 0 0 0 -4 2 -2 0 4 0 1 0 0 0 1 0 0 0 0 0 -2 2 0 -2 0 0 0 0 0 0 0 -8 0 0 -1 -4 0 3 0 0 0 0 2 -6 0 0 0 0 0 4 2 6 1 0 4 2 1 1 0 0 2 0 0 0 0 -2 2 0 6 0 0 0 8 2 6 0 0 0 -2 0 0 0 0 -6 2 0 0 -2 -4 0 4 1 0 0 0 0 4 2 0 0 0 0 0 0 0 -2 0 2 0 -4 -4 4 2 6 -3 0 0 -2 0 0 4 0 0 2 -8 3 0 -4 -4 -2 0 -2 -6 2 0 2 -2 2 1 0 0 0 0 4 -2 -2 0 0 0 -1 -2 2 2 0 0 4 0 -1 0 0 0 6 0 1 4 0 0 0 0 0 0 0 4 0 -2 0 2 0 0 -4 -1 0 0 0 0 0 2 0 -2 0 0 4 2 -4 0 0 0 4 -2 0 0 0 0 0 0 0 0 0 0 0 -1 0 0 0 -2 0 0 0 -2 2 0 0 -1 0 0 -4 2 4
-4 -1 2 0 0 -5 3 -2 5 0 0 2 0 4 0 0 -4 0 -2 0 -3 0 0 2 0 -5 0 0 3 6 0 0 0 4 0 0 -4 -1 -2 0 0 1 0 -4 -2 6 -1 2 2 -4 -5 -3 0 -4 -2 -8 2 0 -1 0 2 6 -4 0 5 4 0 4 0 2 -3 0 -4 -2 2 71 7 0 0 0 -4 1 0 2 0 0 -5 0 0 0 4 -10 -1 0 0 -4 -4 6 3 0 0 4 -2 -4 -1 4 0 4 0 2 -4 -4 -4 0 0 4 0 4 1 -1 2 4 6 0 0 -4 0 0 0 -4 4 0 4 -4 4 0 2 8 2 4 0 0 -6 0 0 0 -4 -2 0 1 4 0 4 2 4 2 2 4 0 0 -2 12 10 6 4 0 0 -2 0 2 -2 4 -2 -2 -11 -1 -4 4 -2 -4 1 -3 -5 0 1 4 -4 -4 0 0 0 2 0 0 0 -6 0 0 -1 0 2 4 3 2 0 1 3 -2 0 -2 4 -3 -6 -4 -1 1 0 4 -7 -12 -3 2 -3 -2 -2 -4 0 2 4 4 0 2 5 0 0 -4 4 0 0 0 0 0 2 0 -2 7 -4 0 0 2 -6 0 -5 0 4 -4 -3 -4 2 -2 8 4 -7 1 -2 6 0 4 4 -4 -2 -2 0 4 0 10 0 0 4 0 0 2 2 4 4 0 0 4 4 -1 0 8 -3 5 0 0 0 -3 -4 0 2 -2 4 0 -4 0 5 2 2 0 0 0 2 -2 0 2 -2 2 -4 2 -2 4 4 -6 -2 -2 0 0 4 2 -2 0 8 0 0 0 -4 1 -4 0 -1 -2 6 10 0 0 0 0 -4 -9 -2 0 -2 -8 0 0 0 -4 0 0
-2 0 2 2 -4 0 12 0 4 -1 0 0 4 -2 4 0 0 -2 1 0 -2 0 0 0 0 0 0 0 0 10 0 0 -2 0 0 0 2 4 2 0 2 -4 2 -4 -5 6 0 4 0 0 0 2 0 -4 -2 0 0 -4 1 8 0 0 -2 0 -2 2 0 0 0 0 0 -2 4 -4 2 7 44 0 0 0 4 0 -4 4 -2 0 0 -4 0 0 0 0 1 -2 0 0 -4 0 0 0 0 0 1 -4 0 0 0 4 4 4 2 0 0 0 0 -4 0 2 0 2 2 2 0 0 4 -4 0 0 0 0 2 -2 4 6 6 0 0 -2 -4 0 -2 0 0 0 0 4 0 0 -2 0 0 0 2 -6 6 2 6 0 0 0 2 8 4 -2 0 0 0 0 6 0 -2 8 2 -2 -2 -3 4 2 0 0 1 0 4 2 2 0 4 4 0 4 0 0 0 0 0 -2 0 -2 2 4 2 -2 0 6 2 7 1 6 4 0 0 4 0 0 0 -1 -4 -2 0 4 -2 0 0 0 0 0 2 0 0 1 0 4 -2 -2 4 -2 4 2 -2 0 0 4 0 0 0 0 2 4 0 2 4 -1 -2 0 4 0 0 0 -4 4 -6 0 5 0 4 4 0 1 0 0 0 0 0 -2 0 4 0 -4 0 -4 2 0 4 0 2 -4 -4 0 8 -4 -4 4 4 1 -4 0 0 -4 0 0 0 0 0 4 2 -4 0 0 0 0 -4 0 0 0 0 2 -2 0 2 0 0 -1 3 -2 4 0 0 2 4 0 4 -6 0 0 -2 1 -2 -6 -4 -4 5 0 -2 0 0 0 0 0 0 0 0 -4 -4 0 0 -4 0 0 0 4
0 -2 0 -1 0 2 4 0 0 3 0 0 -2 0 0 0 0 4 0 0 0 0 1 -2 -1 0 0 -4 0 0 0 0 0 0 -3 -2 2 -2 0 -2 7 0 0 0 0 2 0 0 0 0 0 0 2 0 0 -2 -2 0 -4 0 2 -4 -2 0 0 0 0 0 0 0 0 0 0 2 -1 0 0 34 0 4 4 0 -4 0 1 -1 -2 0 0 2 0 -2 0 2 1 0 -4 3 4 0 -4 0 4 0 2 0 2 2 0 0 0 4 0 3 0 0 0 0 -2 0 0 0 6 0 -2 -6 0 0 0 0 4 -4 4 2 0 0 2 0 2 -2 0 0 0 1 0 -4 1 0 0 0 0 0 0 4 0 0 0 -2 0 4 -3 0 -4 -4 -6 -2 1 0 0 0 -4 0 -4 0 2 4 0 0 4 0 0 0 0 0 -2 0 0 0 -1 0 -1 0 0 -4 0 4 6 0 0 0 -1 0 0 0 0 0 -2 -6 0 -4 -2 -4 1 0 0 0 -2 0 -4 0 0 2 0 -2 0 0 4 0 -4 0 0 0 -6 0 0 0 0 -1 0 0 -2 0 0 4 0 0 4 2 4 0 0 0 0 0 -3 4 4 -1 0 -6 0 0 0 0 0 0 0 0 0 1 -1 4 2 4 0 2 -4 0 -2 0 -4 0 -2 0 0 -1 4 0 2 1 0 1 0 -2 -2 0 1 0 0 -4 8 0 0 0 0 0 -4 0 5 0 -4 0 0 2 0 3 0 0 0 0 0 0 0 -1 0 0 0 -2 0 -2 -1 0 0 4 0 0 2 0 0 -2 -1 2 0 4 0 0 0 0 0 0 -2 0 0 2 2 0 -4 4 0 0
0 0 0 0 2 -2 2 1 0 2 0 2 2 0 0 -2 0 -4 2 -4 2 2 0 0 0 0 0 0 0 0 0 -2 4 6 0 0 8 5 0 4 0 0 2 0 2 0 0 0 0 0 -2 0 -4 0 0 0 4 0 0 0 0 0 2 2 -2 -3 -2 -2 0 0 0 0 0 -2 -1 0 0 0 30 -4 0 0 0 0 0 0 0 0 0 0 0 0 0 0 5 -3 4 0 1 2 0 1 0 0 -4 4 0 0 0 0 0 2 0 -4 -4 2 -2 0 0 0 0 1 0 2 0 0 1 0 2 1 -7 0 0 0 0 0 2 0 0 0 4 2 0 -2 0 -4 0 0 0 -1 0 1 4 0 0 0 2 4 0 0 2 0 4 0 0 0 -2 0 0 1 -4 0 0 0 -2 0 0 6 1 0 0 0 -1 0 -1 -4 -4 1 2 -1 4 -2 -2 0 0 0 0 0 0 4 0 0 0 0 0 4 0 0 -3 0 0 0 0 -6 -2 0 0 0 2 -6 -3 2 0 0 0 -1 4 0 0 0 -5 0 0 1 -1 4 0 4 0 0 0 0 4 0 0 0 4 0 1 0 0 -2 0 0 0 0 0 0 0 0 0 0 0 0 -2 0 0 -1 4 0 -4 -1 -4 -2 0 6 0 0 0 -2 0 -4 -2 0 0 0 -4 0 -2 1 0 0 2 0 2 -1 2 0 0 0 0 3 2 0 0 0 0 0 0 1 0 0 0 0 0 1 0 0 -1 0 -2 6 0 0 -4 -2 1 0 6 0 6 0 -3 2 0 -2 3 -2 -1 -4 4 -4 -1 -1 -3 6 2 0 -4 1 -2 1 0 2 0 2 0 -2 0 0
3 0 -2 0 1 0 4 0 1 0 0 0 2 2 -1 2 2 4 0 0 0 -4 2 0 2 4 0 2 -1 0 -2 0 6 -9 0 0 2 -6 0 0 0 4 0 0 -3 0 0 0 0 14 -6 -2 0 0 2 -1 2 0 3 -1 0 -4 -2 0 3 2 4 0 3 -1 0 2 0 3 0 0 0 4 -4 52 0 1 -10 -4 0 0 2 0 0 0 -4 2 2 -6 1 0 -4 4 -1 0 0 0 1 0 0 0 0 2 4 0 -2 0 0 2 0 -2 0 0 -2 -4 2 -2 0 -2 0 2 -2 -2 2 0 -2 -2 0 -2 -4 0 0 0 4 0 0 0 0 0 0 0 0 -1 6 2 0 0 0 -2 0 0 0 -2 0 2 -4 4 0 -4 -2 1 5 0 -4 2 0 2 -2 -4 -1 0 0 -4 0 1 0 4 -5 0 0 -1 8 2 4 4 0 2 2 -4 1 0 8 0 -3 -1 0 0 0 -1 0 -2 -4 0 -6 0 0 0 2 6 0 -4 0 3 1 0 4 8 0 -2 2 4 0 -2 0 -1 0 -2 0 -1 4 -4 4 -6 -2 0 0 -2 0 0 2 0 0 4 -2 4 2 0 0 2 -2 0 10 2 0 -1 -2 0 0 -4 0 -2 0 0 -2 0 0 -1 2 0 0 1 -2 -1 -2 0 -4 2 -1 0 -2 0 6 0 3 -4 -1 0 0 4 0 0 0 2 0 0 0 0 0 3 -2 6 2 -1 6 -6 -2 0 2 0 0 0 6 2 2 6 0 -4 0 1 0 0 0 6 4 0 -6 4 2 -4 0 0 0 1 0 -2 0 0 0 2 0 -6 0 -2 0 0 -4 0 4 2 0 -1 -2 0 2 4
-2 -2 2 0 0 2 0 0 4 0 0 -2 0 0 0 0 0 -2 0 0 -4 0 0 -1 0 -4 0 0 0 -2 4 2 0 -4 0 -1 2 0 4 6 0 0 0 1 2 2 0 2 0 0 0 0 4 -6 2 0 0 0 0 0 0 0 0 -2 6 3 0 -4 -8 1 0 0 6 2 0 -4 4 4 0 0 40 0 4 0 0 -1 0 0 0 0 0 2 0 0 0 0 -7 4 0 2 -1 0 0 -2 0 0 0 6 2 0 2 1 -2 0 0 0 0 2 0 2 0 8 4 0 0 0 0 -2 -2 -4 0 0 0 -4 0 2 0 0 0 0 0 0 0 0 -1 4 0 -2 0 0 0 0 -2 4 0 -4 2 0 4 -4 -1 0 2 0 -4 0 0 0 1 0 0 4 -2 10 4 0 0 4 -4 0 2 0 0 0 -4 0 0 2 0 -4 2 2 0 -4 -1 -6 0 0 -4 -2 0 0 0 0 0 0 -2 -2 2 0 -4 -6 6 -2 0 4 -2 -2 0 -2 3 0 -2 0 0 0 0 0 0 0 0 6 -4 0 0 0 0 0 -2 8 -4 0 -2 0 0 0 2 0 4 0 4 0 0 0 0 0 2 -4 0 6 -4 0 -2 0 0 0 0 -4 6 0 0 -1 0 0 0 0 -1 2 -2 0 2 0 2 2 0 4 0 -2 4 -2 0 2 4 4 -2 -2 2 2 0 0 0 -2 0 2 3 0 -8 -2 0 0 0 4 0 0 0 4 -2 0 -2 0 4 0 -2 0 0 -2 0 1 4 -4 0 0 -4 0 0 0 2 0 4 -2 2 1 0 -2 0 0 0 0 0 0 0 0 0 0 -1 -4 0 0 0 0
0 0 -2 9 0 0 3 0 0 0 0 -2 4 0 -2 0 -2 0 0 -2 0 0 -2 0 0 -1 0 0 0 0 0 0 2 3 0 4 0 1 0 -3 0 0 0 -2 2 0 0 0 0 -3 -1 -2 0 -2 0 0 2 -6 4 0 2 0 4 0 -1 4 0 -4 4 -1 4 0 -1 -2 -2 1 0 0 0 1 0 36 -4 0 -1 -4 0 -4 1 0 0 0 -2 -2 0 0 4 0 2 0 3 4 0 0 0 2 -4 2 0 -4 0 0 0 0 2 -2 0 -2 0 1 -4 0 0 0 0 -2 -2 0 -4 0 -2 0 0 0 0 0 6 0 0 0 -8 -4 0 0 0 6 0 5 -1 0 1 0 0 -4 0 0 0 -4 1 0 0 0 2 2 0 2 2 0 -1 0 -2 0 0 0 4 -4 -4 0 -1 0 0 0 -1 0 -4 0 1 0 0 -2 0 -2 -4 0 -2 -4 0 0 1 0 0 -1 0 4 0 4 -4 2 0 0 0 0 0 0 0 4 0 0 6 0 2 0 4 2 0 0 0 -2 2 -1 -2 1 -2 0 0 -2 0 0 4 0 0 -2 2 0 4 1 0 3 0 2 0 2 -1 0 0 0 0 -2 6 -4 -4 0 -2 1 0 0 0 0 -4 0 -2 -1 0 6 0 1 1 0 4 0 0 0 0 0 0 0 0 -4 0 0 1 0 -2 -2 0 2 6 0 0 2 4 -2 0 -2 -2 1 -1 -2 0 0 0 4 0 0 0 -1 0 2 2 -2 -6 0 0 -2 10 0 0 4 0 -3 -2 0 -2 0 0 2 0 1 -4 -4 2 0 2 2 -4 -4 2 8 0 4 0 -8 0 2 -1 -2 0 0 0 2
0 0 10 -2 4 3 1 0 0 1 -4 -8 0 -1 2 0 0 2 0 0 0 0 7 -7 -1 2 4 0 -6 -4 0 3 4 4 2 0 2 2 4 1 -4 -4 4 0 4 1 -2 2 0 0 6 6 4 0 -4 4 2 0 2 0 0 4 -2 -2 0 -2 -2 5 0 0 2 7 4 4 0 0 -4 -4 0 -10 4 -4 84 -2 3 0 6 0 0 -1 4 -4 0 -1 -4 -2 6 2 -5 0 6 0 -2 0 0 0 4 -4 -4 0 4 4 0 -4 0 0 -4 0 -2 -6 6 6 4 4 0 0 0 0 8 -4 0 0 0 4 0 0 0 -4 0 0 -2 2 1 -2 -4 -8 4 -2 0 2 6 2 2 4 -4 0 -2 2 -2 0 -2 -2 2 -4 0 4 2 0 0 -6 1 -4 1 0 12 0 -1 1 -4 1 -4 0 -1 0 -4 1 2 0 -8 -6 4 -4 4 1 -8 -6 0 0 0 -1 -4 0 0 -2 0 4 4 4 0 4 6 -1 -6 -2 -6 4 0 0 2 0 2 -2 -4 2 -2 -7 0 2 0 6 0 -3 1 0 0 4 0 3 0 2 0 0 6 0 0 -2 -2 4 4 -2 -4 0 4 -2 2 2 -6 0 0 6 6 0 -8 0 -1 0 -4 4 -2 2 -8 2 0 0 -4 -10 8 -4 -8 0 -2 1 6 8 -1 2 -4 4 -4 2 4 0 0 2 0 0 0 -3 0 6 -2 0 -1 0 2 4 -1 -2 0 1 7 0 -8 0 0 -2 0 -6 -1 0 0 8 4 0 -2 -8 0 -2 4 2 9 0 2 -6 0 0 -2 2 6 6 -4 0 0 -3 -2 -4 -8 -4 0 0 0 6 0 0 -2 0 6 2 1 0
-8 6 0 11 0 0 0 -8 -2 -3 0 0 6 2 1 0 -1 0 2 4 1 0 0 1 0 0 2 0 0 0 -4 0 -2 0 0 2 2 0 2 0 9 0 -4 0 0 0 0 0 -2 2 0 2 -1 2 0 0 -2 0 -4 -4 0 0 0 -2 4 2 0 0 4 3 -2 -2 0 -1 2 2 4 0 0 -4 0 0 -2 70 0 1 0 2 0 0 10 -2 0 -2 2 4 3 -9 2 0 1 0 7 0 8 6 -10 4 2 0 -1 0 0 -1 0 0 -2 0 0 -8 4 0 2 0 2 4 2 0 0 0 0 0 4 0 -1 0 6 -3 -7 4 -8 8 0 -3 0 0 -2 0 0 0 4 0 2 8 4 2 4 0 -3 0 3 -4 -4 0 0 4 0 -6 0 0 0 0 2 -1 -2 0 0 -2 0 4 -4 2 8 0 5 0 -4 0 0 0 -4 0 -1 0 0 1 -2 4 0 -6 2 -6 -2 2 0 0 6 0 0 0 0 0 -1 0 2 0 -2 0 0 5 -2 -4 0 0 -4 -4 0 0 2 -4 0 3 -4 2 0 -2 0 4 0 4 -2 0 0 0 0 -2 -4 4 0 -2 8 -2 0 -2 1 0 -6 0 2 0 -6 0 0 -4 6 2 0 0 4 2 4 0 1 0 0 0 0 4 0 -2 -2 0 2 2 0 -1 -2 0 0 2 0 0 0 0 0 -4 0 0 0 0 -2 0 4 0 2 2 -2 2 -2 -4 -2 0 -4 2 1 -2 0 -2 0 6 -2 4 0 0 5 0 0 -2 0 0 -1 6 8 4 -1 0 0 -4 0 8 1 0 -4 0 0 2 0 -2 2 -4 -4 0 2 0 0 -4 -2 0 1 8
0 0 4 -1 0 0 1 0 2 8 4 0 2 2 -4 0 4 -4 -4 2 0 0 0 4 0 0 4 -2 0 0 0 4 2 0 -4 -4 0 1 4 -4 0 0 -2 0 4 -1 0 4 2 0 0 4 4 -2 0 4 0 -2 0 2 0 4 1 0 0 2 0 0 0 3 -4 0 4 -2 -4 0 -2 1 0 0 0 -1 3 0 56 -4 0 4 0 -2 0 13 0 -4 0 0 0 6 0 0 2 0 4 -4 0 -6 -4 2 0 0 -1 0 -4 2 0 4 0 0 -2 0 4 -4 0 6 0 -4 0 0 0 1 -6 0 6 -4 2 0 4 -2 0 -1 -4 -2 1 -2 2 0 -2 -4 -2 2 4 0 0 6 0 2 -2 0 0 -4 0 0 0 8 0 2 -4 0 0 6 -2 -6 0 0 0 4 0 0 0 4 0 0 -4 1 -2 4 4 0 6 -2 -1 2 0 0 0 4 0 -4 -4 1 1 0 4 0 4 6 0 4 0 2 0 0 0 6 -6 0 -4 0 0 0 -4 3 0 0 0 0 0 0 3 -1 6 0 -4 2 1 -4 0 1 -4 -3 0 -2 -2 -4 0 0 0 4 -2 4 0 0 0 -8 -2 12 4 -2 5 0 6 4 -2 0 0 4 0 -2 2 0 0 6 0 -4 -4 -2 0 0 0 0 2 -1 0 3 -1 2 0 0 0 0 -2 0 3 0 -2 0 2 3 0 4 0 0 4 0 4 5 2 0 0 0 -4 0 0 0 -4 1 -2 -8 0 0 0 -6 0 0 -4 0 0 0 0 -2 1 1 -2 0 0 0 0 2 -4 0 2 0 -4 0 0 4 1 -6 0 -2 0 -2 0 0 -4 0 -4 4 0 -4
0 0 -2 0 0 4 0 0 0 -1 0 0 0 0 0 -6 4 0 4 -4 0 0 1 0 0 4 -4 0 -2 -2 1 -4 0 0 0 0 4 6 0 4 0 0 0 -1 0 0 0 0 1 -2 -1 0 0 0 0 0 0 2 0 0 0 0 4 2 -2 -3 0 2 2 0 0 0 0 -2 0 0 0 -1 0 0 -1 -4 0 1 -4 37 4 0 4 3 4 -1 0 0 0 0 -2 0 -2 0 0 -1 0 2 -2 0 8 -4 -2 0 -2 -2 4 -2 0 -2 0 0 0 -6 4 0 0 -6 0 2 0 0 -4 0 2 6 -3 2 -2 0 0 0 4 -2 0 4 0 0 -2 0 -4 -2 0 1 -2 0 0 0 2 0 0 2 -3 0 4 0 8 0 0 -4 0 6 0 0 0 2 0 2 2 -4 0 -3 0 4 0 -2 8 0 0 0 -2 -1 0 4 0 0 3 2 0 -2 -2 0 -2 4 1 0 0 0 -2 -4 0 1 0 2 -2 -2 0 -4 0 0 4 -2 -1 0 3 0 -5 -2 -8 0 0 0 0 0 0 0 -4 4 4 0 0 0 4 6 2 0 -2 0 0 0 0 0 0 4 0 -4 6 0 4 0 -4 -4 -1 2 2 0 3 0 0 0 -1 0 2 0 0 0 0 -2 0 0 -4 0 -2 0 0 2 -4 -6 -2 1 0 0 0 0 0 -2 0 0 2 -4 0 0 0 -6 0 0 0 0 -6 4 0 4 -1 2 0 -4 0 0 0 0 3 0 0 2 2 0 2 0 -4 0 0 -2 0 2 -6 -1 2 0 0 3 4 0 8 4 0 0 0 -4 0 0 -2 -2 0 0 0 4 -2 0 -4 6 0 0 0 0
-2 -1 -3 -2 0 -6 1 0 0 0 2 0 0 0 0 4 0 0 0 -4 0 0 -2 -8 3 0 0 4 4 0 -4 1 4 0 2 0 7 -2 0 -3 0 2 2 -4 0 -2 0 0 0 0 0 3 -4 0 4 4 0 0 2 0 0 0 -2 4 0 -4 -2 -1 3 0 -2 4 0 0 0 -5 0 -2 0 2 0 0 6 0 0 4 55 4 4 0 2 4 -4 -1 0 -2 0 4 3 0 -4 -4 -4 0 1 4 0 4 0 0 4 6 -2 0 0 0 2 0 0 -1 -2 2 0 -2 -2 0 1 -1 0 0 1 0 0 0 0 0 2 -2 0 0 0 0 1 2 -2 -4 -2 0 -2 7 4 2 0 4 0 -3 0 -2 1 0 0 -2 -4 4 0 6 8 -4 2 6 0 4 -1 -3 0 1 4 0 0 3 0 0 -1 0 1 -6 0 0 -6 -2 2 0 0 1 0 4 -2 2 2 0 0 0 -4 0 0 4 1 2 -2 2 -2 2 0 0 -4 0 0 0 4 0 3 0 -7 0 -1 -2 0 0 -4 0 0 -2 0 0 0 -8 -2 -3 -2 4 0 0 -4 0 0 4 0 6 0 -4 0 0 2 0 2 -2 -1 2 0 -4 2 0 5 -2 -2 2 0 2 4 0 0 4 0 0 0 -1 4 0 -6 1 0 -4 6 -2 -1 1 -2 1 1 3 0 4 2 6 0 -4 0 0 0 0 0 0 0 -5 0 4 -2 0 0 5 -1 0 0 1 6 0 0 0 1 2 2 6 0 0 -2 -4 -4 0 0 -2 -2 -2 2 8 2 2 4 3 -8 0 0 0 0 1 4 2 0 4 0 4 0 4 0 0 -4 0 0 10 1 0
0 0 2 0 0 0 -8 0 0 -1 0 0 -2 2 2 0 4 -2 2 6 0 2 4 0 2 -1 0 0 4 -2 0 0 8 4 0 0 -5 0 0 0 0 0 0 0 -2 2 -2 1 0 -2 2 -1 0 4 -2 0 0 2 -4 -2 0 6 4 0 0 2 0 0 2 -4 -8 0 8 0 -2 0 -4 0 0 0 0 -4 0 2 4 0 4 55 0 0 2 4 4 0 0 2 2 0 0 0 0 2 -2 0 -1 2 0 8 0 -6 0 -4 2 0 -2 -2 0 0 0 0 4 -4 0 0 0 -6 0 4 0 0 0 0 -2 0 0 0 0 -1 0 0 4 0 -4 -8 0 -4 -2 0 -1 -2 4 0 0 0 0 4 0 8 -4 4 0 -2 4 0 0 6 2 4 0 0 -2 4 0 -4 0 2 2 0 1 2 0 0 0 0 0 -4 -4 -1 -4 2 0 -4 6 -6 -4 4 0 -4 0 -4 4 0 -4 2 -2 0 0 2 0 2 2 0 -2 0 0 2 -1 0 -4 0 2 -2 -2 -2 0 0 0 0 0 0 0 0 -2 0 4 0 0 1 0 4 0 0 4 8 0 2 0 -6 0 0 -4 -2 0 -4 -4 0 4 4 -8 -6 0 0 0 2 0 0 2 2 0 0 -4 4 0 0 0 0 0 0 -4 0 0 -2 0 0 0 0 4 -4 2 2 0 -2 4 0 0 -2 8 4 0 0 2 0 -2 -4 4 0 0 -2 0 2 -2 2 2 0 0 0 1 -7 -2 1 0 -2 2 2 2 0 4 4 0 0 4 0 0 0 10 0 0 6 -2 2 -2 0 4 2 0 2 0 2 -4 0 -6 -2 0 -4 6 0 0 8 -4 0
0 -3 1 -1 0 -2 0 0 0 -1 0 0 0 -2 0 -1 2 -1 0 -7 0 0 0 2 0 2 4 0 4 0 -2 0 0 2 0 0 5 -2 -4 2 0 0 0 4 1 0 0 0 6 0 -1 0 0 6 0 0 0 -1 2 0 0 0 -4 4 4 0 0 0 0 -1 4 -2 -1 -3 -2 0 0 0 0 0 0 1 0 0 0 4 4 0 32 1 2 0 -1 0 2 2 0 0 1 -2 0 0 0 0 6 0 -2 0 2 0 0 -3 0 0 -4 0 0 0 0 -2 -1 0 4 8 -2 0 -1 2 0 0 -4 -1 3 3 2 0 0 0 -6 0 -2 0 -2 0 -1 2 0 0 0 0 0 0 0 0 0 0 0 2 -2 0 0 0 2 0 0 2 0 -5 0 -3 -2 -2 0 -1 -4 -2 0 1 0 -4 2 0 -2 0 -3 2 4 1 2 -3 4 0 -2 -6 0 0 1 0 2 2 0 1 0 -1 0 2 -2 0 0 0 -2 -2 0 -4 -1 4 0 -2 2 4 2 1 -4 -1 -2 0 0 0 4 0 0 0 -2 0 2 0 0 0 -5 4 0 -4 0 -1 0 0 3 1 0 -2 -1 1 -2 0 -1 0 10 0 2 0 -1 4 0 0 0 -3 0 -2 5 1 3 0 0 0 0 0 0 -4 0 0 -4 0 0 0 0 0 0 0 -3 0 -3 -3 -2 2 0 -4 0 -2 0 -2 4 0 0 0 4 4 4 0 2 -2 0 1 3 0 1 4 -4 2 2 2 0 0 0 0 3 0 0 -1 -1 -1 -7 0 0 1 0 2 6 0 0 0 1 -1 2 -2 0 2 0 0 0 0 0 -6 0 -2 -2 2 -2 0 -2 -1
4 -1 4 -1 0 8 4 0 0 -1 0 0 0 0 0 2 0 -2 -2 -2 0 0 2 0 0 0 -4 0 0 0 0 4 0 0 0 -2 2 4 -2 -4 3 -1 -4 2 2 0 -4 0 4 0 4 0 0 -4 0 4 0 0 2 0 0 0 2 -4 4 4 -2 0 0 0 0 -3 0 6 0 0 0 2 0 0 0 0 -1 0 -2 3 0 0 1 42 -3 -3 0 0 1 0 0 -4 1 0 -4 2 0 0 0 0 6 1 0 0 -2 0 0 4 -2 0 0 0 4 0 -2 -4 0 -4 0 -2 0 0 -4 2 -4 -2 -4 -2 2 0 0 -2 4 -1 0 4 0 1 0 4 4 0 0 0 -2 0 0 0 2 0 0 2 0 0 -1 0 6 -4 0 -2 0 4 0 -2 -2 2 -2 0 6 -4 4 -2 0 2 4 6 4 0 0 0 0 1 4 0 0 -4 3 -6 0 1 2 -2 8 2 1 -4 0 0 4 -4 0 0 0 0 2 -4 0 0 -2 0 0 0 0 2 -4 4 4 0 0 0 0 0 2 0 0 2 1 0 0 -4 -4 0 2 0 -10 -2 4 -2 0 0 -2 0 0 -2 4 4 4 2 -1 0 2 0 0 0 2 0 2 -4 0 0 -4 0 -6 -2 -4 0 0 0 4 4 -6 0 0 0 -6 3 -2 0 0 1 0 0 2 1 0 0 4 2 2 0 0 0 0 0 0 0 0 4 0 0 4 -2 1 0 0 0 -4 0 0 5 0 0 0 0 2 0 0 4 2 0 2 0 -1 -4 -1 -2 2 1 0 0 0 0 8 4 -3 -1 0 0 0 0 -4 2 4 0 4 4 0 0 0 0 3 4 -4 1
-6 0 -2 0 0 0 0 -4 4 -4 0 0 6 6 4 0 -2 -2 0 0 0 -4 2 4 4 4 -1 -6 0 0 0 -2 4 0 -4 0 0 0 2 0 0 0 4 0 2 0 0 4 0 -4 4 -4 0 -1 0 -12 1 -4 -4 4 0 2 -2 0 6 2 -6 0 0 0 0 0 0 -1 0 4 0 0 0 -4 0 0 4 10 0 4 2 2 2 -3 65 0 2 0 -2 2 4 -4 4 -1 0 4 0 2 4 -4 -8 0 1 2 -4 0 4 2 -4 2 0 3 -4 4 5 -8 0 0 -2 4 -2 0 4 0 -4 0 -2 6 -2 0 4 0 -4 -2 0 -4 0 0 0 0 -7 2 -4 0 8 0 0 0 4 2 -4 4 0 0 0 2 -10 -4 0 -2 0 1 0 4 -8 -4 -2 0 -3 -4 -2 0 0 -1 4 2 4 2 0 0 -12 0 -4 0 0 0 2 4 0 0 -4 0 -4 -3 -4 2 -4 -4 4 4 2 10 0 0 0 -2 0 0 0 0 2 0 0 4 5 -10 -2 0 -3 -4 0 4 -2 0 -1 6 -1 4 0 0 0 4 6 2 0 -4 0 -2 0 4 0 6 -4 2 4 2 0 2 -2 0 0 2 1 0 12 -2 3 -2 2 2 4 4 2 4 -4 0 0 0 2 -2 0 0 0 -2 0 -2 6 -6 0 -2 0 4 2 -2 2 0 -4 0 0 0 0 0 0 -2 0 0 0 -4 -4 0 -4 0 0 -2 -2 0 0 2 4 1 2 0 4 7 0 4 0 0 4 0 2 0 2 0 0 0 4 2 0 -4 0 0 0 0 -4 0 10 0 4 0 2 -4 -5 -2 0 0 -2 0 0 0 0 0 2 0
2 3 -2 0 -4 0 0 2 0 6 4 0 2 0 6 0 4 -4 0 -1 2 4 -5 -2 0 0 8 -1 0 0 0 0 -2 -2 -1 -2 2 0 6 -2 -2 1 0 0 -2 -2 2 0 1 -2 1 0 0 2 4 -2 0 0 0 0 0 0 -2 0 0 4 0 -2 0 -2 -2 0 4 5 0 -10 0 -2 0 2 2 0 -4 -2 13 -1 4 4 0 -3 0 45 0 0 2 0 3 1 1 -2 0 1 -2 0 0 0 -4 0 0 -2 12 1 0 4 0 2 0 -4 -2 -4 0 0 -2 6 5 -2 0 0 0 0 -4 2 0 0 0 0 6 -2 0 -1 0 -2 0 -4 -1 0 0 1 0 -3 4 0 -1 0 0 0 4 2 -4 2 4 0 -2 -5 -2 0 0 0 0 4 0 0 -2 -1 -4 0 0 -2 2 8 2 2 0 0 2 6 -2 2 0 2 0 3 0 0 2 2 0 0 -2 -1 0 2 0 0 0 -4 0 0 1 4 2 1 4 4 0 0 0 -2 4 0 0 1 1 0 0 0 -2 4 0 -2 4 0 -2 2 0 0 0 -1 0 0 0 4 -2 0 0 -2 -2 0 -4 0 2 2 4 -4 -2 -2 2 2 -3 2 2 -1 4 0 0 -2 0 -4 2 -3 4 0 0 0 2 -2 -4 0 0 -1 1 0 0 2 0 2 0 -2 1 0 0 2 2 -2 -2 0 4 -5 0 0 -4 -2 0 -1 2 3 0 0 4 -7 -2 0 4 2 0 -2 -1 0 0 -1 -1 0 0 4 4 4 0 2 1 -1 -1 1 2 -3 0 0 4 0 0 -4 2 -1 0 1 0 0 0 0 0 4 0 -2 -2 0 0 4 0 8 2 -1
2 -4 -1 2 -2 4 8 2 0 0 0 2 -6 -2 4 0 0 -4 4 -3 2 -4 0 -4 6 0 0 0 -4 0 4 0 0 8 0 0 0 4 0 -6 0 0 0 0 -3 0 4 2 0 0 -2 -2 -10 0 2 -3 6 1 -3 -2 0 0 0 0 0 -2 4 0 -6 0 2 0 0 0 2 -1 1 0 0 2 0 -2 0 0 0 0 -4 4 -1 0 2 0 49 0 1 0 0 -4 -4 0 0 4 0 0 3 0 0 -4 2 0 -4 0 -8 0 -6 -1 0 -2 0 0 2 0 -2 0 0 4 4 0 -2 0 0 0 0 0 2 -2 0 -2 -4 0 2 4 2 -4 0 -2 0 0 -2 -6 0 -2 0 0 0 -4 4 -6 0 -4 -4 0 0 0 -4 -2 -2 0 0 1 7 0 2 -6 0 2 0 0 0 0 1 -4 0 2 -1 0 0 0 2 1 2 0 -2 -4 0 0 -4 0 0 0 0 -4 -4 0 4 3 -3 0 0 0 8 0 0 0 0 -1 4 -4 -2 0 0 -4 0 4 0 0 -1 0 0 0 4 0 0 0 2 0 4 2 0 2 6 0 0 0 -4 0 -4 -1 0 0 -4 -1 0 1 -6 0 2 0 0 0 0 0 1 0 0 4 0 8 4 2 0 2 0 0 -5 0 -4 0 0 0 0 2 -8 0 -2 -4 2 -2 6 0 -4 -4 2 2 2 0 -6 0 0 0 4 -8 0 0 0 0 -4 0 0 0 -4 7 -2 4 -4 4 0 0 0 0 5 -4 0 -2 0 -6 0 0 -2 0 1 -4 0 -8 -4 0 6 0 0 0 -3 0 -2 0 0 0 0 -4 0 -2 4 -4 -2 -7 0 -2 -6 0 0 -2
2 0 -4 0 2 -1 0 0 -2 -4 0 0 4 -1 -2 0 0 0 2 0 1 0 4 -6 0 -2 0 0 -1 0 0 0 0 0 2 0 -1 4 0 0 1 0 -1 0 4 -2 0 -2 4 -2 0 0 -2 0 0 -2 0 2 0 0 -4 -4 0 0 0 -1 0 0 0 -4 0 -4 2 4 2 0 -2 2 0 -6 0 -2 -1 -2 -4 0 -1 0 0 0 0 0 0 34 2 0 2 0 0 0 0 2 0 0 0 0 0 0 -2 0 -4 0 0 0 0 0 0 -1 0 1 0 4 0 0 -8 4 0 0 0 0 4 1 0 1 2 0 6 -2 0 0 2 2 0 -4 0 0 0 0 -1 0 0 0 0 0 0 0 6 0 -2 0 0 0 -2 0 -2 0 4 4 -2 2 4 0 1 6 0 -4 -2 2 2 0 0 0 6 0 -1 0 0 0 2 -2 0 0 1 -1 0 4 -4 0 0 -2 0 0 0 -4 -4 0 0 -2 0 0 0 -1 0 0 0 0 0 2 0 4 -2 4 0 -3 -4 0 -1 8 -6 0 0 0 0 -4 -4 0 0 -3 5 0 0 0 0 3 -2 0 0 0 0 -1 0 -4 0 -2 2 -4 0 0 0 0 0 0 0 0 -2 2 0 -4 0 0 2 0 0 4 4 0 -4 0 0 0 0 0 0 0 1 -6 -4 4 -1 -2 0 0 -2 -2 0 0 0 -2 0 0 0 0 -2 0 0 -2 0 -2 6 -1 0 -4 0 0 0 1 -2 2 -1 0 -4 0 0 0 0 0 4 0 0 1 4 2 0 0 0 0 0 0 0 2 3 -4 0 1 0 0 0 0 0 0 0 0 -2 0 4 0 2 0 -2 -2
2 0 1 -1 5 0 1 2 -4 0 2 0 4 0 3 0 4 -4 0 0 2 0 2 0 0 0 -3 0 2 2 0 -1 2 0 4 -1 -2 0 0 -2 5 -4 0 0 -3 -4 2 -4 0 0 5 2 0 0 2 -1 2 4 0 -2 0 0 -2 2 0 0 2 0 0 0 0 -2 4 4 0 0 0 1 5 1 0 0 -4 2 0 0 0 0 2 1 -2 2 1 2 40 0 2 -1 2 0 0 1 2 0 2 4 0 -3 -5 -1 -2 0 0 2 -2 -2 -2 -6 0 0 4 0 -4 7 2 0 1 6 4 -4 0 2 0 0 2 2 2 1 0 4 0 0 2 0 0 -2 2 0 6 0 -3 3 0 -3 4 -1 0 -6 0 1 1 2 6 0 0 -2 -4 0 -4 0 0 -1 -6 0 1 2 -4 -2 0 -5 0 0 -2 4 1 3 4 0 2 -4 4 0 0 0 1 1 -2 0 2 -2 4 -2 0 4 4 -2 -2 4 2 4 0 -3 -1 1 0 4 0 -4 2 -1 0 2 2 4 2 0 -6 -4 0 0 -2 4 0 -3 2 -1 4 -4 4 0 2 2 -1 0 0 0 -4 4 -2 4 -2 0 0 -6 -5 -2 -2 1 -3 4 -2 0 -2 0 -5 4 -3 -1 0 0 2 -1 5 -1 6 0 -2 0 4 -2 6 0 -2 0 2 3 0 -3 4 3 -2 2 4 -2 5 0 0 3 0 -3 0 1 0 0 2 2 0 0 0 1 2 0 4 0 -1 4 0 3 -2 0 -2 6 0 0 0 -4 0 0 -2 2 6 -2 0 1 -4 2 -2 -2 -4 -5 5 -2 0 -1 -4 4 0 1 1 0 0 -4 4 0 0 4 0 2 0 4
4 0 0 -1 -2 8 -2 1 1 0 0 -2 2 -4 4 4 2 -2 2 0 2 -2 4 3 -1 0 1 -2 2 -2 0 4 2 0 -4 0 -2 -5 0 2 0 -4 5 4 2 -4 -4 2 0 -2 1 0 0 -4 0 6 0 0 -3 5 0 0 2 0 2 0 2 1 0 0 2 -1 8 4 0 -4 0 0 -3 0 0 0 -2 4 0 0 -2 2 2 0 2 0 0 0 0 65 -2 1 0 0 0 0 -2 4 0 0 2 -1 -2 0 2 0 -2 0 0 2 6 0 0 3 0 0 0 0 -2 8 -4 0 0 -1 -2 -4 3 4 4 0 -2 0 0 4 0 -2 0 0 0 -2 -5 0 0 0 -4 -1 -5 -2 0 0 -4 1 -4 0 4 -2 0 6 2 2 1 -4 1 -2 0 2 4 0 4 -8 0 2 2 4 5 0 0 0 -4 0 10 -3 -4 1 0 5 -8 0 -4 6 4 -2 0 -4 0 0 -6 0 0 -4 4 -3 7 -4 -4 -2 0 -3 -6 0 -1 2 0 12 -2 -2 2 0 8 4 0 -3 2 -2 2 2 -1 4 2 2 0 0 0 0 -4 2 0 0 0 2 -2 0 0 0 -6 6 2 1 2 0 0 0 8 2 8 4 2 5 7 -2 -9 -1 3 0 0 -2 0 4 2 -4 0 0 2 4 0 5 -1 0 -6 0 0 0 5 -3 -2 0 0 0 0 0 -2 -2 0 2 0 0 -2 -2 2 -4 0 0 -2 0 -4 -2 4 -2 6 -2 0 -2 3 0 0 0 -4 -2 4 6 -4 -2 -6 4 2 0 0 4 0 1 6 1 0 0 6 4 6 -4 -5 5 0 -4 -2 -4 4 4 2 4 2 4 4 1 0 4
2 0 2 2 -2 -3 4 0 0 2 3 -1 4 0 0 -2 2 0 0 2 4 -2 0 -1 0 0 -2 0 -2 1 -1 -2 6 4 0 0 2 -2 -2 0 0 0 -1 1 0 -2 0 0 2 0 1 0 -2 4 0 -4 2 0 0 0 0 4 4 0 0 1 0 0 4 0 -2 4 -1 0 4 -4 -4 -4 4 -4 -7 4 6 3 0 -2 0 2 0 0 4 3 0 2 2 -2 52 4 0 -4 0 8 -4 2 2 0 4 -2 0 -1 0 -2 0 0 0 2 -2 0 -2 2 -6 -5 0 8 -6 -2 3 0 0 0 2 4 2 4 3 2 -4 0 -4 0 0 0 0 2 4 0 1 0 -4 -2 2 0 0 0 0 0 -4 4 0 -1 -3 0 2 -2 0 0 0 4 -2 0 2 -1 0 1 0 0 0 4 8 0 0 2 0 0 -1 0 -2 -1 -2 3 4 1 0 -2 0 2 0 -6 4 0 4 0 0 -2 -1 6 0 0 0 7 4 2 0 0 2 3 -1 2 0 1 0 -8 1 0 4 -4 8 -2 0 0 0 0 0 -2 -4 2 0 4 0 -4 -2 0 0 -2 0 4 4 0 -4 6 0 -2 -2 2 0 -1 -4 0 2 -2 2 0 0 0 0 -2 1 6 -4 0 -4 0 0 4 -4 -3 0 0 0 0 0 0 4 8 -2 0 0 0 -2 -1 0 -4 2 -6 0 2 6 0 4 0 -4 2 0 0 1 0 0 -2 0 0 -1 -2 0 0 0 -4 -1 0 0 -2 -2 4 -2 0 4 0 0 -1 -1 -2 6 5 0 -2 -1 -2 0 2 -4 -4 2 0 0 -6 0 0 2 0 0 0 0 -2 0 0 0 -2 0 2 -5 3
0 1 -6 -4 3 0 0 4 3 2 2 -4 -2 -2 -1 0 1 2 -2 0 -3 0 -2 2 -1 -4 -2 -1 -2 -4 0 0 0 2 0 -2 0 1 4 -1 1 0 0 0 3 -4 -2 5 0 0 -2 0 0 3 0 -2 1 0 -1 0 2 9 -4 6 0 0 -2 -4 4 4 0 8 2 -3 -1 6 0 3 0 4 4 0 2 -9 6 0 4 0 0 -4 -4 1 -4 0 -1 1 4 74 4 -4 -2 4 -4 -4 2 -2 4 1 1 0 0 0 2 0 -2 0 0 2 0 6 -2 0 1 2 0 0 -4 -2 3 -8 4 0 -4 0 -1 0 1 1 1 12 4 -4 0 2 4 0 -1 -8 -4 4 0 0 1 3 0 0 0 4 -2 0 0 4 4 0 2 -4 4 0 0 4 -5 2 -4 4 -2 4 0 2 0 0 0 2 -2 2 0 -4 0 0 -1 4 2 8 4 -4 0 0 -1 0 0 13 0 6 12 -4 0 0 0 -1 -4 0 0 -8 6 2 0 0 0 2 -2 -3 0 0 -2 0 3 -4 2 -2 -2 2 -6 -2 -2 0 -1 3 8 1 -4 -1 0 -2 -4 0 2 0 11 0 -4 0 -2 -4 6 2 -4 0 -2 -1 0 -2 -5 4 0 -4 -1 2 -2 -6 6 -1 -1 -3 -3 2 -4 -4 -1 2 4 2 0 -2 4 0 0 0 0 7 0 3 -6 -6 4 -3 0 -2 3 6 2 2 6 0 4 2 -4 4 10 0 0 -2 0 6 2 0 -3 3 -6 6 -2 1 12 2 0 0 -2 0 -2 -1 -4 0 4 0 0 2 0 2 0 -2 0 2 4 0 -4 4 -2 -6 0 3 0 0 -8 0 0 -8 0 0 -2 0 2 -5
0 -1 14 2 0 -5 1 4 0 1 0 1 12 2 1 -4 -4 2 0 -2 0 0 2 1 0 0 0 -2 2 -2 4 0 -6 4 0 -4 0 -2 0 2 -2 -1 0 0 -1 0 0 4 2 -12 -2 2 0 2 0 0 2 -4 0 0 0 0 0 0 2 8 -16 -4 0 2 -4 0 0 8 4 3 0 4 1 -1 0 2 -5 2 0 -2 3 0 1 1 4 1 -4 0 2 0 0 4 90 0 -4 3 -2 2 1 2 -4 0 0 2 4 -4 12 2 0 0 2 5 0 -3 5 0 -2 -4 0 -12 -2 4 4 2 6 -4 0 4 -4 0 0 0 2 0 0 -4 0 -12 0 -8 -1 6 -3 -10 2 1 0 0 3 -4 0 -6 0 -4 0 0 -4 -2 2 0 6 0 2 2 -2 4 7 0 -1 1 4 7 0 0 0 0 0 0 4 2 0 1 0 2 0 0 -2 0 3 -2 0 -6 2 1 2 0 3 2 0 0 10 0 0 0 0 0 4 -3 2 0 -5 0 2 0 -2 -3 0 8 -4 1 -4 0 4 0 0 -3 0 1 0 0 -3 0 8 0 2 -2 0 -2 0 4 -4 -2 -2 -12 0 -1 2 -1 -2 4 -5 0 0 -4 -6 2 -2 0 6 -8 1 -2 0 0 2 -1 0 4 0 10 2 4 10 2 -2 0 4 -6 -4 0 -2 0 0 1 0 4 0 4 0 0 0 0 0 0 0 -1 -2 -12 0 2 0 0 4 1 -1 0 2 0 3 0 -2 -4 4 0 0 1 0 0 4 6 0 2 -1 -12 4 5 4 7 0 -2 0 -2 0 -2 0 -7 0 0 4 0 2 0 -2 -2 0 3 2 7 0 8 -2 0 -1 -3
0 0 0 0 0 -2 0 0 0 0 0 0 -2 0 2 0 0 0 0 -2 1 1 0 0 0 0 0 0 0 0 0 -1 0 -2 -2 -2 -2 0 2 0 0 2 0 0 0 0 0 0 0 0 0 0 0 0 2 0 -2 0 0 0 0 0 0 0 2 0 0 0 0 0 -4 0 0 0 -2 0 0 0 2 0 2 0 0 0 0 0 0 0 -2 0 -1 -2 0 0 0 0 -4 -4 0 21 0 -4 2 0 -2 0 0 0 0 0 0 0 0 0 2 0 0 1 2 0 -4 0 0 -4 0 0 0 0 0 0 -2 0 0 0 -4 0 3 4 0 0 0 0 0 0 -6 0 -1 0 0 0 0 0 2 0 0 0 0 -5 2 0 0 0 -1 0 1 0 -1 2 2 0 4 -1 0 2 -1 2 0 0 0 0 0 0 0 -2 0 0 0 0 0 0 0 0 0 0 0 0 0 0 0 0 0 0 0 0 -2 0 0 0 0 0 -2 0 0 -4 0 0 0 -2 0 0 6 0 1 0 0 0 -2 0 2 0 -2 0 0 0 0 0 0 0 -2 0 2 2 2 0 0 0 0 0 4 0 0 0 0 0 0 0 6 0 0 0 0 0 -1 -2 -1 0 0 6 1 0 2 -2 0 0 4 0 1 2 0 0 0 0 0 0 0 0 0 0 0 -4 -2 8 0 0 0 -2 0 0 -2 0 0 0 0 0 -1 0 0 0 0 0 0 0 0 0 0 0 0 0 0 -1 0 -2 0 0 -2 2 2 -2 2 0 0 0 -2 0 0 -1 0 0 0 0 0 2 0 0 1 -1 0 -1 0 0 0 0 0 0 0 2 0 2 0 4
0 4 6 0 0 -2 0 4 0 -4 0 0 -10 0 0 -4 1 -4 -2 0 0 2 2 -1 -1 0 1 4 0 0 0 -4 8 4 2 2 -2 2 2 0 0 0 4 -2 -2 2 0 5 0 0 0 0 -1 0 0 0 0 0 -2 0 0 0 -1 -2 0 0 -3 0 0 -1 4 4 0 -6 0 0 0 -4 0 0 -1 3 6 1 2 0 -4 0 0 -4 0 0 0 0 0 0 0 -2 -4 0 59 0 0 -1 0 -5 0 0 0 -12 5 -1 0 2 0 0 0 0 0 0 0 0 -4 4 2 6 -2 2 0 -1 0 0 0 0 0 0 -2 -2 -2 2 0 0 4 0 0 -4 0 -5 0 0 4 2 4 -1 -6 8 0 -3 0 1 4 -4 -2 0 -2 0 0 0 -3 -1 2 0 6 -2 4 -2 -2 2 0 4 -8 4 0 0 0 -1 2 0 4 0 2 0 0 0 1 2 -4 2 0 0 0 2 0 -2 -4 0 2 0 0 0 0 0 -2 0 10 -4 -6 1 4 0 0 0 2 0 0 0 2 -4 0 4 0 -1 0 4 0 -1 0 0 0 3 -2 -3 0 0 0 -4 -2 3 0 0 0 -4 0 0 0 0 0 6 0 4 2 0 2 1 0 6 0 0 -4 2 0 -6 0 -4 -6 -3 4 0 -4 4 4 0 0 -1 0 0 -2 2 0 0 0 0 0 2 0 2 0 -2 0 -4 0 0 1 -2 0 8 -4 2 -4 -2 0 -2 0 0 0 -7 1 -6 4 0 0 -4 0 0 -2 0 0 2 -1 0 0 2 -8 -1 0 0 4 0 0 -4 0 3 -2 0 0 0 -2 0 0 0 0 0 2 -4 0 0 3 0 -2 0
0 0 0 2 -4 0 0 0 0 -2 0 0 0 0 4 0 0 0 1 0 0 -8 0 -2 4 0 0 0 0 0 1 0 0 2 0 0 2 -1 0 0 -1 0 0 0 0 0 0 2 0 0 0 -2 -4 0 0 -6 4 -2 0 0 0 0 2 0 0 2 0 -2 0 -1 0 0 0 2 0 4 0 0 1 0 0 4 0 0 0 -1 -4 2 0 2 4 1 4 2 1 0 8 4 3 -4 0 33 0 0 -1 -4 0 6 -4 0 -6 0 0 0 -6 0 0 0 0 0 -4 2 -6 0 -4 0 3 2 2 0 0 -2 4 0 -2 0 0 -5 0 2 0 0 -4 0 4 0 0 6 -2 0 0 1 0 0 0 4 1 4 0 0 -4 0 0 0 0 0 2 0 0 0 -4 0 -4 0 0 0 4 1 4 -2 0 0 0 0 0 4 0 2 4 0 0 0 0 0 0 0 0 -4 0 0 0 0 0 0 -2 2 0 4 0 0 0 0 -2 1 0 0 -2 0 3 -8 -1 -4 -2 2 -6 0 4 0 4 0 0 0 0 3 0 1 0 0 2 0 -2 2 0 0 0 0 0 0 -8 0 0 0 0 0 -2 -4 0 0 0 -2 -4 0 -1 0 0 0 2 4 -2 0 0 1 0 4 0 -4 0 0 2 0 0 8 0 2 0 2 0 0 0 0 0 -4 1 -2 0 0 0 0 6 0 0 -1 0 0 0 0 0 0 2 1 4 -4 0 0 0 0 0 1 -4 2 4 -2 0 0 6 2 0 2 0 -1 0 2 0 2 0 -7 0 0 -4 0 -4 -2 0 0 0 0 1 0 0 0 0 -2 0 0 -2 0 -2 0 0 1
1 0 4 4 1 0 0 -4 0 -4 1 0 2 0 -8 -4 -8 -2 0 1 0 2 2 0 0 4 -2 -6 -4 -2 0 -1 4 -2 -1 0 0 0 2 0 0 0 -2 0 -2 0 -1 0 0 0 4 4 0 -2 2 -6 -1 0 0 2 0 -1 -4 0 4 -4 2 -2 1 3 4 0 -2 -4 -2 -2 1 4 0 1 0 0 -2 7 4 0 -4 -2 0 0 0 -2 0 0 2 -2 -4 -4 -2 2 0 0 47 0 0 -2 -4 2 0 2 -1 2 -2 6 -6 0 0 0 5 -4 2 -4 5 -2 1 0 0 1 2 0 4 -4 -1 0 0 0 1 0 -1 2 -5 2 4 2 0 1 2 4 2 0 0 2 0 0 1 0 -2 0 2 0 1 0 -4 0 -2 -3 4 -1 2 2 -4 -4 -2 4 0 1 0 -2 2 -1 2 -2 2 4 -5 -2 0 7 0 4 0 2 0 -1 -1 0 0 0 0 -4 -1 0 6 -1 2 -1 -2 2 0 -4 -4 -6 0 -2 6 -2 0 2 6 0 -1 4 4 3 0 -2 6 -6 -2 -2 2 0 -1 2 0 -4 0 4 0 -1 0 -2 4 0 -2 -6 6 0 0 0 -4 -1 4 -2 4 12 6 -1 4 0 0 0 0 -2 -1 0 -2 -2 0 -4 4 0 -1 0 2 -3 0 4 2 0 0 4 -1 0 0 2 -2 -2 4 -3 0 0 0 0 2 4 -2 4 0 0 6 -2 8 0 0 -2 4 -1 -1 -4 0 2 2 1 -2 2 0 2 0 4 0 -3 1 1 1 6 0 -2 -3 -1 0 0 8 4 -6 1 -5 -2 -3 0 0 -4 -2 0 2 -2 2 -1 -4 2 -2 -1 2 -2 -4 -1 -2 -4 -2 9
0 1 0 0 0 1 -4 0 0 0 0 0 0 2 0 -4 0 0 2 0 3 0 0 0 0 0 -1 0 -1 -2 0 0 0 0 0 0 0 3 0 4 0 -1 0 2 0 0 -1 0 0 0 -2 1 0 -2 0 4 2 0 0 0 0 -4 0 6 -4 -2 0 0 0 2 1 -4 0 0 4 -4 -4 0 0 0 -2 0 0 0 -4 2 0 0 0 0 2 0 0 0 0 4 2 -4 2 0 -1 0 0 32 0 -4 0 -1 -6 0 -6 0 -2 0 0 1 0 0 -1 -4 0 -2 0 6 -4 4 0 -4 0 4 0 0 0 0 0 0 0 -4 0 2 0 0 0 0 0 -2 -4 4 4 0 4 2 0 0 0 2 0 0 0 0 4 -4 -6 0 0 2 0 0 0 -4 2 0 0 2 5 0 0 -2 4 0 -2 -1 0 2 0 1 2 -2 0 0 0 0 2 4 -2 4 0 0 0 2 4 -1 -2 0 2 0 0 -2 0 4 0 0 0 0 -2 0 0 -4 1 0 1 0 0 0 -2 0 0 2 0 0 -5 0 1 0 -2 0 0 0 0 2 0 0 0 0 2 0 0 0 0 4 0 0 2 4 2 4 0 0 0 0 4 -4 0 -4 0 -4 2 1 2 0 0 0 0 0 0 -4 0 1 0 -2 2 2 -2 -4 -2 0 0 -2 0 0 0 -8 -2 -1 0 0 4 0 0 0 0 4 0 0 0 -4 0 0 0 0 0 0 0 0 0 0 2 2 0 -4 0 0 0 0 0 -2 0 -4 1 0 4 2 0 0 0 0 0 0 -2 0 0 -4 4 0 0 -4 0 0 0 -1 0 0 4 4 0 0 0 0 4 0
0 -4 -1 -2 0 -4 2 0 0 1 4 2 0 0 0 2 0 2 -4 -5 1 -2 0 0 -2 0 2 0 0 0 0 0 0 -2 0 0 0 0 -4 0 6 2 0 -4 1 0 0 0 0 0 8 0 0 2 0 0 6 1 2 0 4 4 -2 0 0 2 0 0 -2 0 0 -2 0 -4 -2 -1 0 2 -4 0 0 0 0 8 0 -2 1 -1 6 0 4 0 3 0 2 0 2 2 1 -2 0 -1 0 0 50 -4 -2 0 2 0 0 0 0 2 0 -2 0 -4 0 1 -2 0 0 -8 0 0 0 0 0 0 0 2 2 1 -1 0 0 0 -12 4 -2 -2 -2 -1 0 2 0 0 0 -2 0 0 -4 0 0 0 0 0 0 0 0 0 -4 0 0 -4 0 -3 0 6 0 0 4 0 2 -1 0 1 -2 -2 2 -4 -2 0 -2 -2 4 0 0 -1 4 0 0 -4 0 1 1 0 4 4 0 0 -3 0 0 4 -4 0 4 4 0 0 2 2 2 -2 -1 0 2 0 2 -4 -1 1 0 -4 -4 -4 4 0 0 4 0 0 0 -5 0 -1 -2 2 0 0 -6 -2 0 0 -4 1 0 -4 0 -2 2 4 -3 0 -1 2 0 4 2 0 0 0 2 0 0 0 -2 0 0 0 0 -2 -2 2 1 0 0 0 0 -2 -6 0 0 -1 0 0 -2 3 0 -4 -7 4 -4 2 0 -2 0 1 8 4 0 0 0 0 2 0 0 0 0 1 -2 0 0 2 -3 -1 0 0 2 4 0 0 8 -4 0 -2 -2 1 -3 0 0 -2 0 2 8 -1 0 0 2 -2 -2 0 2 -6 -1 0 0 2 -2 -2 0 0 0 2 0 -2 -2 1
0 0 0 -1 0 0 0 -2 2 0 -2 0 8 -2 0 0 0 0 4 0 2 0 2 0 0 0 0 0 10 0 0 0 2 0 6 0 0 1 0 -2 2 0 2 0 -2 0 0 -2 0 -3 0 0 0 -1 0 0 -2 0 0 0 0 2 -2 -2 0 3 1 5 -1 -2 -4 0 6 0 1 4 0 0 4 0 0 2 0 6 -6 0 4 2 0 0 -4 0 0 0 4 0 0 -2 2 0 -5 -4 -2 -4 -4 41 0 0 2 -2 0 -2 0 2 -4 2 -2 0 0 0 0 6 4 0 0 -2 0 0 0 0 2 0 -1 0 2 0 -4 1 2 -10 0 0 0 0 0 0 0 0 -2 0 0 1 4 6 0 -6 4 1 -4 0 0 0 8 0 0 2 4 0 0 -9 4 0 -2 0 0 0 0 -2 -4 0 0 0 0 0 4 -1 -2 0 -4 0 2 -4 0 0 -4 0 -2 -2 0 0 -2 -2 0 -2 -4 2 6 -4 0 2 -1 0 0 0 -2 -2 6 0 0 0 0 0 0 0 0 0 0 0 0 1 2 4 0 0 2 0 0 0 0 0 0 6 1 6 2 4 -4 0 0 -6 0 0 0 2 0 -4 -4 0 0 0 0 0 0 0 0 2 0 0 4 2 0 0 0 1 4 4 0 0 -4 -2 -1 0 -2 -2 -2 0 0 -2 0 0 0 4 0 -4 4 -4 -4 0 0 0 2 0 -1 0 1 0 0 -1 2 -2 0 -4 -1 0 0 0 -4 -2 2 6 0 8 0 0 2 0 2 0 -2 0 6 -2 -2 0 0 0 0 0 0 2 8 0 0 -2 0 0 0 5 0 -2 -4 0 0 0 -2 0 0 0 0 0
2 0 4 -8 0 2 0 2 0 -2 2 -4 -12 0 0 -2 0 0 4 0 0 0 -4 2 0 0 -8 0 0 1 0 0 0 -4 0 -4 0 4 -4 0 0 0 0 6 0 0 -4 0 2 -3 -4 2 0 0 0 12 0 2 0 4 0 -2 4 -2 -2 -4 0 4 2 -2 0 4 0 4 0 0 0 2 0 0 0 -4 4 -10 -4 8 0 0 -2 6 -8 -4 0 0 0 2 4 4 -4 0 0 0 -4 0 -2 0 54 0 0 0 0 0 0 4 5 4 0 4 -4 8 0 4 0 -4 -2 -4 2 0 -2 0 8 5 4 -4 0 0 -4 0 4 2 8 4 0 0 0 0 2 4 0 0 -2 0 0 4 2 4 -4 0 0 -4 -6 0 12 -2 0 0 4 10 -2 4 6 10 2 2 4 0 0 -3 0 4 0 0 -2 2 0 -1 0 -4 0 2 0 2 2 -2 0 0 -2 4 -4 5 -2 0 -2 0 -2 -4 0 2 0 -2 4 0 0 2 0 0 0 8 0 2 0 8 0 0 6 0 -4 -4 0 0 0 -2 4 0 0 4 0 0 4 2 -4 0 -4 0 0 0 0 -2 0 1 0 0 2 3 -4 -6 2 -2 0 0 -2 0 0 0 0 4 -2 0 -2 0 4 -2 0 -4 4 0 -2 -2 0 4 0 0 0 4 -4 -2 0 4 0 0 0 -4 0 2 0 4 0 2 0 0 0 0 0 0 4 4 0 0 6 2 2 0 0 0 0 0 0 -4 -4 4 0 0 0 0 -2 0 0 2 0 0 0 2 -4 0 -4 4 0 2 4 4 0 0 0 0 4 0 -4 6 0 0 0 12 0 0 0 0 1 0 0 -2
0 -6 0 0 -8 -1 -2 4 -1 0 -2 0 4 0 -1 -1 -8 -2 0 4 1 -4 4 2 -2 -3 0 0 4 0 0 4 2 2 0 -1 1 1 0 -8 0 2 0 0 0 2 2 0 0 0 -2 3 -3 0 0 4 0 -4 -3 -4 0 -5 0 0 6 2 -2 0 6 0 0 0 0 2 0 4 4 2 0 2 6 2 -4 4 2 -4 4 8 0 1 0 0 -4 0 -3 -1 -2 1 0 0 0 6 2 -1 0 0 0 60 -1 0 -2 -5 4 -4 0 -1 4 0 0 4 0 -2 3 -4 2 -4 -2 -1 0 0 0 2 4 -8 2 0 0 -6 0 -4 2 0 1 0 0 5 0 4 0 12 2 3 1 4 0 0 4 2 2 0 0 -2 2 -2 4 0 0 0 0 2 0 4 -2 0 -4 0 2 0 2 -1 0 6 0 0 0 -6 4 -2 0 -2 0 0 0 -2 -2 -1 4 -4 2 -2 0 5 4 -2 -2 4 0 -4 -1 0 0 1 -1 0 -4 -2 -2 6 0 0 -2 0 0 0 -2 2 0 0 0 0 -1 4 -1 0 -8 -4 0 0 0 -3 0 2 4 0 4 0 0 6 -4 -2 4 4 0 -4 -2 -2 2 0 -4 2 -2 0 4 0 -1 -2 -2 1 0 0 0 9 -1 2 -2 -5 0 5 -2 0 -2 6 8 -4 0 0 6 6 5 0 6 -2 0 1 -2 -1 2 3 6 6 1 2 4 2 0 -2 2 -4 2 0 4 -4 4 2 1 4 0 -9 0 -4 2 0 0 0 8 0 2 0 -2 -5 -2 2 0 4 0 -6 -4 3 -4 0 0 2 0 4 2 0 0 -2 -4 0 0 -2 0 -4 -2 -4 9 0 -4 2
0 -2 4 0 -6 0 0 0 4 -2 2 0 -4 0 -10 0 0 -4 0 0 0 0 0 -2 1 -2 0 0 -1 4 1 0 0 -4 -4 1 2 -4 0 0 -2 6 0 4 0 8 0 4 2 2 -4 0 -4 2 0 4 -2 -4 -2 0 0 4 -2 -5 4 2 4 0 0 4 0 0 0 -4 -3 0 4 0 0 4 2 0 -4 2 0 -2 0 0 2 0 1 0 2 -2 -5 -2 0 1 0 0 0 -4 0 -6 2 2 0 -1 48 0 4 -2 -2 4 -5 0 0 2 0 -2 -1 -3 0 0 4 4 2 -2 -6 0 -2 -2 0 0 1 0 2 4 0 -2 2 0 -1 2 4 0 0 -4 -2 -2 0 0 0 0 0 -4 2 -2 0 0 -6 0 3 0 -2 0 0 0 0 0 2 2 0 0 -2 0 4 6 -7 2 0 -2 0 0 -4 -4 -4 4 0 8 0 4 6 0 0 0 2 0 2 -1 -2 -2 2 0 0 -2 -6 0 1 0 0 -1 0 0 0 2 -2 -2 0 12 3 0 0 -2 2 2 2 0 0 0 2 0 0 0 5 0 4 4 -2 -3 4 0 1 0 -4 0 4 0 4 -2 2 0 -4 4 2 0 0 0 1 0 0 2 0 0 6 2 2 0 -4 -2 0 1 0 -1 0 -2 0 -2 -2 0 0 -2 -1 3 1 -2 2 0 0 0 2 2 0 4 0 -1 -3 -5 2 -4 0 0 4 6 0 -1 0 0 0 -4 0 0 -4 0 0 -3 -2 -1 4 4 4 -4 -4 0 2 2 1 2 0 0 -2 6 0 0 0 0 2 0 0 2 0 0 1 8 0 4 -2 0 -1 2 -2 -2 0 0 1 0 -2 0 -2 -1
0 0 -2 0 1 0 3 0 6 0 -2 0 0 1 -2 0 -4 -4 0 0 0 0 0 0 0 2 0 0 0 0 0 0 -8 4 -2 0 0 -2 0 0 0 0 1 0 0 0 -2 0 0 1 0 0 0 0 4 0 0 0 0 0 0 0 0 0 0 -2 2 -2 0 0 2 2 -2 8 0 2 4 0 0 0 0 -4 0 0 0 0 0 -6 0 0 2 -2 0 0 -1 0 -1 0 2 0 -12 0 2 0 0 -2 0 0 0 34 0 0 -6 0 0 -1 0 2 0 0 0 -6 4 -2 0 -8 0 0 0 0 -1 0 0 0 0 -2 0 -1 0 -5 1 0 0 2 0 -4 0 -4 0 5 -1 0 4 0 -1 0 -2 4 0 1 0 4 0 0 0 0 0 -4 4 2 -1 0 0 0 -4 0 0 0 0 0 -4 -2 0 0 2 0 -2 0 -1 -2 0 0 0 0 0 0 2 0 0 0 0 0 0 0 2 2 -1 4 0 -5 0 2 0 0 0 0 -4 0 0 0 0 2 -2 -2 0 0 0 0 0 2 2 0 2 0 0 -5 0 0 0 0 -2 -2 -1 -2 4 0 1 -4 0 3 6 0 -2 0 -1 0 4 0 -1 2 0 -2 0 0 0 0 0 0 0 0 0 -5 0 8 -2 4 0 0 0 0 0 0 0 0 0 -1 -5 1 0 -2 0 -2 0 -2 3 0 -2 -3 0 -1 0 -2 0 6 0 -1 -2 0 0 0 1 0 0 0 1 4 0 -1 -1 4 0 -2 -2 -2 1 -4 0 0 0 4 0 0 8 0 -3 0 0 0 -1 -1 0 0 0 4 0 2 0 0 0 4 0 0 0 0 0 0 0 -2 0 2
4 0 10 0 -4 0 2 4 0 2 4 0 0 0 6 4 1 0 -2 0 2 8 4 2 0 4 10 -4 0 0 0 0 0 0 -4 0 0 -4 0 0 0 0 0 -2 0 0 0 6 -4 -4 0 0 7 0 6 2 4 0 0 2 0 0 1 -4 4 2 -2 0 0 -1 0 2 1 0 0 -4 2 0 0 -2 2 0 4 -1 -1 -2 4 0 0 -2 -4 12 -4 -4 -2 2 0 0 4 0 5 -6 -1 -6 0 0 0 -2 4 0 61 4 0 -4 0 -2 0 2 0 4 -2 0 2 0 8 0 2 0 0 4 4 0 0 2 -4 0 -2 6 0 -2 -2 0 0 0 -2 -4 0 -2 0 0 0 -1 0 0 -1 -6 0 10 -4 2 -1 4 8 4 0 -2 0 -4 0 0 0 0 10 -2 -4 2 0 -4 2 2 0 0 0 -2 2 0 4 0 -6 0 4 0 -1 2 -1 0 0 -9 0 -2 0 0 2 4 -2 0 4 4 0 0 0 0 2 4 4 -2 -4 4 0 2 0 0 -2 2 4 0 2 4 2 0 0 -1 -1 4 3 3 2 -4 0 0 -4 0 0 2 0 -2 -2 -4 0 2 6 4 2 -6 4 0 4 0 -4 2 -2 0 4 6 0 2 0 0 0 4 0 0 0 0 2 2 0 0 0 2 0 -8 4 2 0 2 -2 0 -2 0 -2 8 0 0 -2 0 0 0 0 0 -2 0 0 0 0 -2 0 4 6 -4 4 0 0 -2 2 0 -8 -4 0 0 -4 0 0 8 0 -2 2 2 0 0 -4 -9 4 0 -2 0 0 2 0 0 4 0 2 2 1 0 0 0 0 -4 0 0 0 -4 4 0 -4 0 0 -1
4 0 -8 -4 4 0 0 -2 0 -2 0 0 0 -2 0 6 -2 4 4 1 0 -4 -8 -1 0 0 0 0 0 0 -4 0 4 4 0 1 5 0 -4 -2 0 1 4 -4 0 4 4 6 -3 2 0 0 0 -4 2 -4 0 0 4 -2 0 -4 0 4 0 0 0 -2 0 -1 0 -2 -6 2 2 -4 0 4 2 0 1 0 4 0 0 -2 6 -4 -3 0 0 1 0 0 0 0 -2 0 -4 0 -1 0 2 0 0 -2 0 -5 -2 0 4 74 -4 0 2 4 -2 0 -2 4 -2 8 1 0 4 8 2 2 0 -6 4 -6 -1 4 6 0 0 0 0 8 -2 0 4 -2 6 -3 8 0 2 -2 0 -2 -2 0 0 0 0 0 2 0 0 0 2 4 -4 6 0 -2 2 4 -2 4 -4 0 12 0 0 0 0 -2 0 4 0 0 -2 6 0 2 0 -2 -4 1 0 0 7 4 0 0 2 4 0 -2 0 0 4 9 0 8 2 4 -8 2 2 2 0 -6 0 -11 0 -4 -4 4 0 0 -4 7 4 6 4 0 -6 0 -4 2 0 0 -4 -4 0 -1 0 -2 0 0 0 0 -4 0 2 -6 4 0 0 0 6 2 -12 -4 2 8 -3 -6 -4 -2 0 2 5 -2 -2 0 -1 -2 -2 -2 -2 0 1 4 -5 1 2 2 0 0 0 0 -4 4 2 0 0 2 4 1 0 -4 -2 -6 -2 2 1 1 0 -2 2 0 0 4 0 5 2 4 -4 -4 3 2 1 0 6 0 -4 0 0 0 -4 4 4 0 1 -1 0 -2 -14 4 2 0 0 -1 -2 2 0 7 -2 6 -1 0 -2 -2 0 0 4 4 0 0 0 1 4 0 -2 0
6 0 4 0 2 -4 0 2 -4 0 2 0 0 -1 0 -2 3 4 -6 0 4 0 0 2 -2 0 1 0 4 -2 0 -6 4 -4 0 0 -2 2 0 -2 0 1 -4 -2 0 2 -2 0 4 -2 0 0 4 2 1 -2 1 0 0 0 0 0 4 -4 -8 0 0 -8 0 6 2 0 0 0 0 -4 0 0 0 0 -2 0 0 0 -4 4 -2 2 0 0 4 0 -8 0 0 -2 0 2 12 0 0 0 -2 -2 0 0 0 4 -2 -6 0 -4 57 0 0 -1 -6 0 0 0 0 4 -4 -2 4 -4 -4 0 2 9 0 2 -6 1 -4 0 4 -3 0 4 1 4 -4 4 2 0 2 2 0 0 -2 0 0 0 0 0 -2 0 0 0 0 0 4 -1 4 0 0 4 2 -8 1 0 -4 0 4 -4 0 0 0 -2 0 4 4 0 0 2 -8 2 1 3 0 0 2 2 4 -2 1 -2 0 6 0 2 3 0 -2 0 2 6 -4 2 4 -2 -4 -4 -1 0 8 8 0 0 4 6 0 2 0 -2 0 0 0 0 0 1 0 0 -2 -4 0 3 4 -2 2 0 4 -4 3 2 4 2 -2 -4 -2 0 1 0 0 -2 -6 0 0 0 0 0 2 0 2 0 0 -2 0 4 -2 0 0 2 0 0 2 3 -4 1 0 -2 4 0 -2 4 -2 4 0 -4 4 1 -2 2 -2 2 2 2 -2 -2 0 8 3 -2 -8 0 -3 0 0 0 0 -5 0 -2 0 0 2 0 -2 0 2 -5 1 0 0 12 -2 -4 -2 -5 0 0 8 4 8 0 -4 3 5 -1 0 -3 0 2 -2 0 -4 0 4 -3 0 0 0 0 3 0 4 -2 4 2
0 0 2 0 0 0 2 0 0 1 0 0 0 0 2 0 0 -4 0 0 0 0 0 0 -3 0 0 0 0 4 0 4 0 -1 -2 -4 -4 0 1 0 0 0 4 -2 -2 4 0 0 0 4 2 1 0 0 6 0 -1 1 0 -2 2 0 0 0 0 6 -4 0 0 1 2 0 -2 8 0 0 0 3 -4 2 0 0 -4 -1 2 -2 0 0 0 4 2 4 0 0 2 0 0 0 2 0 2 0 6 0 2 2 4 -4 4 0 -4 0 0 49 0 0 -2 -2 0 0 0 0 4 8 0 -4 -4 0 0 -4 -4 0 0 0 0 0 0 0 1 2 -4 0 3 0 0 4 2 0 0 0 0 0 0 -2 0 -2 0 -4 0 2 -10 0 0 4 0 0 0 0 2 2 0 0 0 -2 2 6 -4 0 0 2 0 2 0 0 2 2 -8 3 0 0 0 0 2 0 2 1 0 0 0 2 -1 0 2 -1 0 -4 6 2 0 0 -4 -10 0 0 2 -2 0 0 4 -4 0 0 2 -2 2 0 2 -2 -2 -2 4 0 0 4 2 0 -2 6 2 0 0 -2 0 3 0 2 2 2 -4 0 0 0 0 2 0 0 0 0 0 0 0 0 0 0 0 0 0 0 0 -4 2 0 -1 2 4 -2 -4 0 6 -4 0 0 0 2 0 -4 4 0 0 0 2 5 0 0 -4 0 0 0 0 -2 0 0 6 2 0 6 0 0 -5 0 0 -3 0 0 2 4 4 2 0 2 -2 -2 0 -2 1 7 4 0 0 -3 2 0 0 -2 0 0 0 0 0 -4 0 -4 0 0 0 0 0 3 0 6 0 0 0 2 2 10 2 0 -7 0
2 4 -2 0 0 2 -4 -2 0 0 -1 -2 4 4 6 3 4 6 0 0 2 4 0 0 -4 -2 0 0 4 4 4 0 0 0 -2 -4 -2 0 0 0 -2 -2 -2 -1 2 0 0 -2 -6 2 5 4 0 0 0 10 2 0 4 0 4 0 7 -2 0 0 0 0 2 0 0 0 -4 -1 -7 0 0 0 -4 0 0 2 0 0 0 0 0 -2 -4 -2 -4 0 -6 0 -2 0 0 -2 0 2 0 -6 -6 0 0 -4 5 0 -5 0 0 2 0 0 63 -2 0 -4 -8 0 8 0 2 -2 -2 0 0 0 -2 3 4 0 2 0 0 6 4 -6 2 0 0 4 2 2 0 0 0 -6 2 2 4 -2 0 -4 0 0 4 0 4 0 2 0 4 6 0 -6 2 9 0 -2 -3 0 0 0 2 3 -4 -2 0 0 0 0 -6 -4 8 1 0 0 0 0 0 -2 -6 -2 2 0 2 0 2 -4 0 0 -4 0 -4 -6 -4 -4 0 -4 -1 4 0 0 -4 -2 6 6 0 5 2 5 0 -2 1 2 -4 2 0 -4 0 -4 0 0 0 0 0 2 0 -4 -4 5 2 0 0 2 -4 0 -6 4 2 2 -12 3 0 -2 1 -2 0 0 -2 0 0 2 2 4 2 -4 -3 -2 -2 0 0 0 2 -3 4 4 2 0 -4 0 2 0 -6 -3 0 2 0 0 0 -4 0 -8 0 0 4 -2 -3 0 -2 -3 0 0 -4 -2 2 0 0 0 0 4 0 -2 0 0 4 -2 0 0 2 6 0 -6 -2 4 0 0 4 0 0 0 0 0 6 -1 -6 0 6 -4 4 0 -1 0 -2 0 -4 0 5 -6 0 2 0 0 -1 4 1 6 0 0
0 0 -4 0 0 0 0 -6 0 0 2 -2 -2 3 2 -1 0 -2 0 0 0 0 -4 0 0 0 -2 2 4 2 -2 0 -1 2 2 0 0 1 4 0 -2 0 0 -4 5 0 0 -4 2 -4 0 1 0 -4 0 4 -4 0 -2 5 0 0 0 0 0 -7 -4 0 0 0 4 3 2 4 -4 4 -4 0 2 -2 0 -2 0 0 4 -2 0 -2 0 0 2 2 -1 0 -2 2 2 0 0 0 0 0 0 1 -2 2 4 -1 0 -1 -2 4 -1 0 -2 46 0 6 -4 6 0 2 0 1 2 0 0 4 0 2 1 0 -1 0 0 -2 0 4 0 1 -5 0 -2 4 0 -2 4 5 0 -2 2 -2 4 0 -4 2 2 8 -1 0 0 0 2 0 4 0 4 0 2 5 0 0 0 -4 4 0 0 5 0 0 0 4 0 0 -2 4 -6 2 -4 0 0 0 -1 0 -2 6 0 0 -4 0 0 1 1 2 -6 -2 4 -2 1 2 0 -2 0 -2 -1 0 2 4 0 0 1 2 2 2 2 0 0 -2 0 0 1 2 1 4 0 2 0 2 0 -3 2 0 1 2 1 0 -2 0 0 -1 0 -3 -3 -2 -3 4 0 -2 7 0 8 0 2 0 -1 0 -1 1 6 0 0 -4 0 2 4 -2 -2 1 0 -1 -4 -2 -2 -4 2 4 0 8 0 0 0 0 1 -2 -4 -1 0 2 0 0 -2 2 2 0 4 0 0 2 -2 0 0 0 0 0 0 0 0 -4 0 0 -1 4 0 2 0 0 0 2 0 0 0 2 0 0 0 2 -2 0 -1 2 0 -1 -2 0 0 1 0 0 0 -3 4 4 0 4 -1 -1 4 0 1 -4
8 0 0 0 -4 8 1 0 0 1 2 0 -2 2 0 -6 0 0 0 0 -1 0 -5 0 3 0 -1 4 2 0 0 1 -4 0 0 0 4 0 0 0 0 2 0 0 0 0 4 1 0 -4 0 2 0 -1 -4 0 0 0 0 0 0 0 0 0 0 0 0 0 0 -4 0 0 8 0 0 0 0 0 -2 0 0 0 -4 -2 0 0 2 0 0 0 0 0 0 0 -2 6 -2 0 2 0 0 0 0 0 0 -2 0 4 0 0 0 -2 -6 -2 0 0 49 -3 0 0 9 -4 2 4 0 -1 -5 0 0 -6 2 2 0 -4 5 0 0 0 0 -6 2 0 0 -6 0 2 -7 0 -1 0 -2 0 0 2 0 0 0 0 -4 -4 0 0 -2 -2 0 0 -2 -4 0 0 0 0 -2 0 -4 2 0 -1 0 0 0 0 0 0 0 -1 0 0 4 -4 -2 0 -2 -1 -4 -4 1 -2 2 -5 4 2 0 0 0 0 0 0 0 -5 -6 0 0 0 2 0 0 -2 0 -4 0 0 1 -2 0 0 0 -2 0 0 2 4 0 -4 -4 -4 1 -4 0 0 -6 0 0 -2 0 0 0 -4 0 4 -6 4 -2 7 0 2 -2 -4 4 -2 0 0 6 0 3 0 2 0 0 0 0 -2 -4 0 -4 -2 0 2 0 0 -2 0 0 0 0 0 4 0 0 0 4 0 0 0 0 -4 0 8 0 0 0 0 -6 0 0 0 0 -2 2 1 0 4 4 0 -1 -2 -2 2 4 4 -2 1 0 -2 1 0 0 -4 0 0 -6 2 -4 0 0 4 -1 -7 2 4 -2 4 2 -9 4 0 0 0 0 6 0 -4 0 -1 0 0 0 0 -6 0
-2 0 0 0 -2 0 2 -4 8 -3 -6 -2 -4 0 0 0 0 0 4 0 0 2 4 1 0 -4 0 2 -4 -2 2 4 1 0 -2 4 5 2 0 5 -1 0 -4 0 2 6 -8 2 -2 -2 -4 2 0 4 1 2 -5 -2 -4 4 0 0 2 0 0 4 -4 4 -4 4 0 4 0 2 0 4 2 0 0 0 2 -2 0 0 0 0 0 0 0 0 3 -4 -2 -1 -6 0 0 2 5 1 0 0 0 0 -4 0 4 0 2 2 2 0 0 -2 -4 6 -3 58 0 1 -8 1 0 0 -2 0 0 0 0 2 2 -1 4 0 -4 -4 0 8 0 -2 0 -4 0 0 0 -2 0 3 1 -2 2 0 4 -4 0 -2 0 4 1 0 -6 4 -4 2 0 2 0 0 2 -2 0 4 6 -2 0 0 0 10 0 0 0 0 0 2 0 2 -2 0 -4 2 1 2 0 -3 4 -1 1 -2 0 1 0 0 0 -4 -4 0 0 0 -4 0 2 -4 0 0 0 0 -4 4 0 0 -4 0 -6 0 0 -2 0 0 2 0 -2 -8 0 0 -4 0 -3 -2 -3 0 6 0 0 -2 0 -5 0 0 0 0 4 -2 2 1 4 -2 2 -2 2 0 4 2 3 0 2 -6 2 -2 2 4 0 -4 0 4 -2 0 0 -6 1 0 2 -4 2 -8 2 2 0 2 2 0 -2 4 0 4 6 -2 0 2 -2 -2 0 4 4 2 4 4 -6 0 6 4 0 2 0 -4 0 5 -4 0 1 -9 2 -1 0 6 -2 4 4 -2 -2 -4 2 0 -2 0 0 -4 4 0 0 0 0 0 0 -2 -2 0 0 -8 4 -2 0 4 -1 -1 2 -2 0 0 1 -4
2 0 4 0 0 -2 0 0 0 0 0 2 1 -6 0 -4 -4 0 -2 -1 -3 0 0 2 1 0 0 0 0 0 0 0 0 0 -1 0 0 0 -6 2 0 1 0 0 0 0 0 4 0 4 2 0 0 0 0 1 -3 0 4 0 0 0 0 2 0 0 0 0 0 0 -3 0 0 -4 0 1 0 -2 0 -2 0 0 -2 0 -2 0 0 0 0 4 -4 -2 0 0 0 0 -2 0 0 2 0 0 5 -1 0 0 -4 0 0 0 0 -2 0 0 -8 -4 0 0 25 0 -10 0 0 0 4 0 0 0 0 0 4 0 -2 0 0 -2 2 2 0 2 0 0 0 0 0 2 0 6 0 0 0 2 0 0 0 0 0 -4 0 -2 0 -4 -4 0 6 0 2 0 0 0 2 0 0 0 4 0 4 0 2 0 2 0 4 0 0 0 0 0 2 0 0 -2 0 0 0 0 0 2 4 -2 0 2 0 0 0 -2 0 0 0 4 0 0 -4 0 5 0 0 0 0 -4 0 -4 0 0 -2 -2 4 -4 2 4 0 2 2 0 0 0 0 0 0 2 0 0 0 1 0 0 0 0 0 0 0 2 0 0 0 0 0 0 0 2 0 0 2 0 3 -4 0 0 -4 0 4 -1 0 0 2 0 2 4 2 1 4 0 0 2 0 4 0 0 0 0 0 4 0 1 0 4 0 4 0 -1 0 -4 -4 4 0 -4 0 0 0 4 2 0 0 0 0 0 0 3 0 -4 0 -1 0 2 0 0 0 -4 -4 0 0 0 0 0 -4 0 0 0 0 0 0 -1 2 0 3 0 4 2 4 -1 0 1 0 0 0 -1 2 -2 -2 0
0 0 2 -5 2 0 4 6 0 0 2 4 -6 0 6 0 -5 2 4 6 -4 0 0 0 5 -10 -1 0 -2 8 0 4 4 4 0 4 -7 -4 0 -4 1 0 0 0 -4 1 -4 -4 -2 0 6 -1 0 0 -1 0 -2 -2 0 4 0 0 0 -4 12 -2 -4 0 2 -2 0 2 -6 -8 0 -1 2 0 0 -4 2 1 -6 -8 0 -6 -1 0 -2 0 4 -4 0 1 0 3 2 6 -3 0 0 0 -4 -4 1 0 8 4 -2 0 4 4 0 0 0 6 0 1 0 60 0 6 0 -2 0 2 0 0 0 0 -4 1 4 -2 4 0 1 2 0 3 4 -4 0 4 2 6 -4 -2 -3 0 0 -3 0 -2 1 4 4 5 2 0 2 0 0 0 0 6 5 0 2 5 0 2 0 -2 0 1 -3 -4 4 -2 0 4 6 2 -1 -2 0 0 0 -2 0 0 0 0 0 0 0 2 4 2 0 1 1 0 0 4 0 0 2 0 0 0 4 6 2 0 0 8 0 -2 -1 -2 -1 0 0 3 -1 0 2 1 -4 1 6 0 -4 6 0 -2 1 4 0 0 0 0 0 0 -4 0 -4 -2 0 4 -2 -6 2 0 -1 0 2 4 0 -1 0 0 -7 8 4 -1 -2 0 0 0 0 2 0 -2 -1 0 4 6 0 -2 6 2 0 -4 0 0 0 -3 4 5 0 0 -4 -2 1 4 0 4 2 0 0 0 2 0 0 0 2 6 -8 0 0 8 0 7 -4 -4 -1 0 1 0 -4 2 2 2 0 6 0 -4 4 -4 -4 -4 0 4 2 -1 -2 6 0 4 0 8 0 0 0 2 0 0 2 4 0 0 0 -4 0 -5 0 -4
2 -1 2 0 -2 0 4 0 4 -2 3 0 4 2 -4 -4 0 0 4 2 -2 4 8 -4 -4 2 -1 -2 -2 0 0 4 -2 0 0 0 0 0 2 0 0 4 2 0 -4 1 -2 -2 0 0 -2 10 0 -2 -2 0 -4 4 -4 4 0 0 -2 -2 -1 1 0 2 4 0 0 0 -4 -4 0 2 2 0 0 2 0 -4 6 4 4 4 -2 4 -1 -2 5 0 2 0 4 0 -6 -2 5 -4 0 -4 2 0 -2 0 0 0 -1 0 -2 -2 0 0 8 0 9 -8 -10 0 79 2 -2 0 -2 0 -3 0 8 2 -2 -1 0 2 10 0 0 0 0 4 4 -4 0 0 0 -4 0 -2 3 3 2 -2 0 -2 0 -2 1 1 0 4 2 2 -4 -2 0 4 2 1 -2 -1 0 -2 -10 0 -2 4 -8 -4 1 0 0 -1 -8 0 2 -4 4 5 2 2 0 0 4 2 0 0 0 -2 -4 2 -2 0 0 1 0 -4 0 -3 -2 -6 -4 0 0 4 0 0 -2 2 -3 4 -3 9 -1 2 1 0 -12 0 -2 0 -1 8 -2 4 4 0 0 0 3 0 -4 -2 0 -1 0 0 0 0 0 2 -2 -2 0 0 0 4 -4 6 -8 3 2 0 -2 0 0 4 0 -2 0 1 -1 12 0 2 4 0 -2 8 0 0 -2 0 0 2 4 4 0 0 2 4 0 -4 6 2 -1 -1 -4 0 0 2 0 0 -8 -4 -2 6 1 -2 0 0 4 2 -6 0 -1 2 2 -4 4 14 0 -4 0 0 -2 0 0 0 8 -2 -4 -2 0 -2 2 4 -2 -1 0 -1 2 0 0 0 -4 -2 0 -7 -4 0 0 -10 -4 0 2 4 0 0 2 0
0 0 0 0 2 0 1 2 -6 2 0 0 0 -2 0 0 0 0 2 -4 0 -2 -4 0 -2 0 0 0 1 0 0 2 2 4 8 0 0 1 0 6 0 0 0 0 10 6 2 0 -4 -2 0 0 2 -10 4 8 4 0 1 -4 -4 0 0 3 6 0 -6 2 2 -2 0 0 0 0 -2 4 2 0 1 -2 8 0 6 0 -4 0 2 -4 0 -4 -8 0 0 4 0 0 -5 0 0 0 0 2 -4 -2 0 6 4 -2 -3 -6 0 8 4 0 0 2 -4 1 0 6 2 66 -2 -2 6 -2 1 0 -2 0 2 -2 2 4 4 6 4 0 0 6 2 2 4 -1 0 0 0 -1 1 1 0 0 0 0 3 0 6 0 5 0 0 -2 2 0 -6 4 0 0 4 -4 10 4 2 4 8 2 -4 4 2 -2 0 0 -1 0 0 4 4 0 2 2 1 -2 0 4 0 -4 -1 -3 -2 4 -2 0 0 4 -8 -2 0 4 -2 4 0 0 0 3 0 0 3 2 0 4 4 6 4 -2 0 0 0 12 0 2 -2 6 2 0 -2 10 4 -4 2 0 8 3 -4 4 0 -2 -5 -2 -2 -2 6 2 0 4 4 -3 2 4 0 2 -2 0 -4 0 0 -2 -1 0 0 0 4 -4 0 0 8 -3 0 0 1 -2 -2 0 7 -1 -3 4 -4 0 5 0 0 -2 0 6 -3 -2 -2 0 0 0 4 0 0 0 -4 0 0 0 8 4 2 -2 -4 2 -4 5 0 4 4 0 0 4 -2 -4 4 6 4 0 2 0 8 -2 0 0 0 -1 0 2 4 4 2 0 6 -2 0 -2 0 0 0 -3 2 3 0 2 0 0 4 -4 5 0
0 2 0 -2 0 0 2 -4 0 -4 0 -6 0 0 0 0 -6 -4 -2 2 0 0 -4 2 0 0 0 0 0 1 0 0 2 6 0 0 -2 -2 2 0 0 1 4 0 0 0 -1 0 0 1 0 -4 0 2 4 -6 -4 0 0 0 0 0 -5 0 6 -4 0 0 -1 0 2 2 -1 -4 0 6 0 6 0 0 4 0 4 2 0 0 0 0 4 0 0 -2 -2 0 -4 0 0 1 -2 0 -4 -6 5 0 0 4 0 3 0 4 2 1 -4 4 2 0 2 0 0 0 -2 -2 51 -2 -4 0 -2 -4 -6 0 2 0 3 0 4 -1 0 2 -2 0 -4 1 0 0 0 -7 0 -2 0 2 4 -3 8 5 0 -4 4 4 0 -2 -4 0 0 0 0 0 -2 -4 0 0 0 -4 -4 0 0 1 0 0 -2 4 -4 -1 2 0 -4 -2 -4 0 -2 0 -2 0 -5 -5 0 0 0 0 -4 0 0 0 0 -2 0 2 1 0 0 -1 -6 -6 -2 -2 0 0 0 0 -4 -4 0 4 0 -4 1 -4 0 4 -4 2 4 -4 2 -2 0 -4 0 0 0 0 0 4 6 -1 4 0 2 0 4 1 -3 -10 -6 -2 0 0 0 -4 2 0 -5 0 -1 2 0 0 0 -2 0 -9 -4 3 -2 -1 -2 0 0 0 0 -2 -2 -9 0 0 0 0 0 0 0 0 4 4 0 1 -4 0 2 -1 0 2 0 2 0 0 -2 0 4 -3 0 -2 0 -2 2 -4 1 0 0 -2 1 4 0 2 0 -4 0 -4 0 -2 4 3 0 -2 4 -8 0 0 4 -1 5 -2 0 -2 -2 1 0 1 0 -2 -2 0 -6 -1 0 4 0 0 4 0 1 0
0 2 0 -2 0 -2 6 0 0 4 6 0 -6 0 0 -3 2 -12 4 8 0 -4 0 0 0 0 9 0 2 4 0 0 -2 6 0 0 -6 -12 0 -4 0 -4 0 4 1 0 4 0 4 0 4 1 4 4 0 4 4 0 0 0 0 0 -2 4 -2 -3 -2 0 -2 2 4 -4 0 2 2 0 0 0 2 -2 0 0 4 0 6 -6 -2 0 8 -4 0 6 0 0 7 0 8 2 -4 -4 4 0 -2 6 -8 0 -4 -4 0 -2 0 0 -2 8 -2 1 4 0 0 -2 0 -2 -2 85 0 0 -1 0 0 -8 -4 0 2 0 4 0 0 -1 -4 2 0 -4 2 -3 3 0 4 -1 0 0 -4 0 4 -2 -4 2 0 0 -2 -2 0 0 -6 4 -4 -1 -4 -6 0 -2 8 0 -4 -4 -6 0 0 5 4 -5 0 -2 0 4 0 4 -4 0 0 0 0 0 -3 0 0 2 2 -4 -1 0 12 2 0 3 0 4 -2 0 1 0 2 -3 -4 -9 4 4 0 -4 2 4 11 8 6 0 1 0 0 2 -1 0 -2 0 0 0 2 6 0 4 -1 -2 4 4 -1 2 0 4 8 0 2 0 -3 0 -4 0 -2 12 6 0 4 8 0 4 0 0 -5 6 -2 2 4 2 1 2 4 0 0 0 2 -6 -4 0 8 2 2 0 2 0 0 2 -3 0 4 1 7 4 -2 6 4 0 0 2 2 0 0 0 0 0 2 0 -6 0 0 4 1 0 -4 2 0 6 0 0 -4 0 0 0 -2 -2 0 8 -4 -2 9 0 -6 -6 -4 -1 4 -4 -2 0 0 4 2 0 0 11 0 1 7 0 -4 -8 0 -4 4 10 0 0 -8 -4
-2 0 1 0 -4 0 0 2 0 -1 0 2 -4 0 4 0 0 2 0 0 -1 7 -2 4 1 0 1 0 2 0 2 -4 0 -4 -5 0 0 2 0 -5 0 1 0 2 0 6 0 0 -4 0 -4 2 0 -3 0 14 0 0 0 -4 4 -1 -6 0 2 4 0 0 -2 0 0 6 0 -6 0 0 4 -2 0 0 0 0 0 2 0 0 -2 0 -2 0 -2 5 0 -8 2 -2 -6 0 0 0 2 -4 1 -4 0 0 -2 2 4 0 8 4 4 0 -2 2 0 -2 4 0 -2 6 -4 0 65 0 0 -3 0 0 -4 2 0 0 2 0 0 -2 0 6 0 0 -8 0 -2 0 2 0 6 0 0 0 0 -6 0 0 -2 -10 0 2 2 0 0 -1 0 6 0 1 0 0 2 8 5 -2 -6 2 0 -4 0 0 2 0 4 2 8 -2 -2 0 0 0 0 0 -2 4 4 0 -2 0 0 1 4 -2 4 6 -6 4 2 -2 0 10 0 0 -4 4 0 0 4 0 0 6 4 -3 4 0 0 4 2 0 0 0 0 10 -2 4 0 0 0 0 0 -3 0 0 4 0 -2 0 -4 -1 -4 0 0 4 6 0 -6 0 8 -1 4 2 -5 -1 -1 0 0 0 4 -4 -4 0 0 0 0 0 0 -2 0 -2 -2 0 0 -4 0 2 2 0 5 4 6 3 0 10 0 -2 -2 0 2 -2 0 -8 0 -6 0 -1 0 0 4 3 1 -4 2 2 0 -4 0 2 1 4 0 -5 0 -1 0 -2 -2 2 0 0 -2 -1 -4 1 4 -2 6 0 -2 0 4 2 -2 4 0 2 0 4 0 0 4 4 -4 0 0 4 2 0 0 0 2 1
0 2 -8 0 -2 4 -4 0 0 -2 -2 0 0 0 0 4 0 0 -4 2 0 0 0 0 2 -2 1 -4 -4 -2 0 0 4 -2 0 8 2 4 0 0 0 -4 4 4 -4 0 0 0 -2 2 -2 0 -6 1 0 -6 0 -2 0 -2 0 -2 0 0 4 0 2 0 0 -2 0 0 -2 -4 4 -4 -4 -6 0 2 0 -2 0 4 -4 2 0 -6 0 -2 4 -2 4 4 0 8 -2 0 -12 0 6 0 0 4 0 -2 -4 -4 4 -8 0 8 -4 -4 0 0 -1 0 0 2 0 -2 0 0 0 64 0 0 -4 1 0 -4 -2 -2 2 2 0 2 0 2 4 0 0 -2 0 4 -4 0 0 -4 0 0 0 0 0 -2 0 0 0 4 4 -3 -4 -4 -2 0 4 0 -4 -4 -4 8 0 2 0 0 0 0 -4 -2 0 -4 0 0 0 0 0 0 -6 4 0 0 -2 0 4 7 0 4 0 2 0 -4 -4 -4 0 -5 0 2 0 -1 2 0 0 4 0 -4 0 -4 0 6 -5 2 4 2 2 0 0 0 -6 4 0 1 0 -2 0 0 0 -2 -1 2 4 0 0 -4 -4 4 0 5 0 0 2 0 0 0 12 0 0 0 2 0 4 0 -2 0 1 6 -4 0 0 0 0 -2 0 -10 4 -6 -6 0 0 2 0 0 -2 0 -4 -4 0 12 0 0 0 -3 0 0 0 0 0 -4 0 0 -4 0 -2 0 0 -4 -4 2 -2 0 4 0 0 -1 0 0 0 -2 3 0 0 0 -4 0 -4 0 0 -2 -3 0 -2 4 -4 -6 0 2 0 0 0 4 0 0 -4 0 0 -4 4 -12 0 0 3 0 4 4 0 4 -4 0 0 -2
0 3 0 1 -4 -4 4 0 0 1 0 -4 -2 1 0 2 0 0 0 0 0 -2 3 0 4 0 0 0 -4 -2 -2 0 2 6 0 0 1 0 0 0 0 0 0 0 0 0 2 0 0 0 0 1 -2 0 2 0 2 0 0 0 0 0 2 0 1 0 0 0 -4 2 0 5 -4 0 0 0 0 0 1 -2 0 -2 0 2 0 0 1 0 -1 0 -2 0 4 0 1 -4 3 -4 -2 0 -2 3 0 0 0 0 2 -2 2 0 2 2 -4 -4 0 0 -5 0 0 0 -3 1 -2 -1 0 0 31 2 -4 0 4 0 4 -1 0 -2 0 -2 0 4 0 2 0 -1 0 0 0 0 1 -4 -2 1 0 2 0 0 0 0 4 -2 0 0 2 -2 -4 -2 -4 0 0 0 0 -4 0 0 0 0 4 0 0 0 0 -6 4 0 0 0 0 0 4 0 0 0 0 0 0 4 0 0 2 0 0 -4 -5 2 0 4 0 -4 0 2 1 0 0 1 0 -1 -1 -4 2 -2 -1 0 -1 -2 2 0 0 0 5 0 0 0 0 5 2 4 0 0 0 2 4 0 -1 -2 -4 0 0 0 -2 0 1 -4 2 0 0 -3 0 0 -2 0 -2 0 -2 4 0 -4 3 0 0 0 0 1 4 -2 4 -1 0 0 0 0 0 0 -4 -2 0 0 0 -1 0 0 2 1 0 0 0 0 -2 0 2 0 0 -1 -2 0 -2 0 0 2 0 3 3 2 0 0 1 0 0 -4 -2 0 -4 2 0 -4 2 -2 0 0 -2 0 0 -2 0 2 0 -3 -2 3 -2 0 0 -6 0 1 0 0 0 0 0 0 2 0 0 -4 0 -4 -6 0 4 -2
0 4 -4 4 -3 0 0 -4 0 -3 0 -1 -4 0 2 0 0 -2 -2 4 -1 -2 0 0 0 0 -4 0 -2 0 -2 -6 1 6 0 2 0 -4 0 0 0 -2 0 0 0 2 0 0 0 0 -4 4 0 0 0 0 4 0 -2 0 0 1 -4 0 0 0 0 0 -2 -4 2 1 0 -2 2 0 0 0 0 -2 -2 0 0 0 0 0 -1 4 2 0 0 0 0 0 6 0 0 -2 4 0 2 2 1 -4 0 0 0 -1 -2 0 0 2 0 0 0 4 0 0 0 0 0 0 -4 0 -3 0 2 41 -2 0 0 0 0 0 -4 0 0 4 -4 0 -4 0 -2 -2 0 0 0 0 8 -1 0 0 0 0 2 -4 0 4 -2 0 -2 0 -2 2 1 0 0 1 0 0 -2 0 0 -4 4 1 -2 4 -4 0 0 0 0 2 2 8 0 0 0 2 0 2 -4 -4 2 1 0 0 4 4 0 0 2 2 2 4 4 0 4 0 0 0 0 2 -2 4 -2 -2 4 0 0 0 0 0 -2 0 0 0 0 0 0 0 0 6 2 0 -2 0 0 -1 0 0 -1 0 6 0 -2 0 0 0 0 0 0 -2 0 0 -2 0 -4 0 -6 6 0 8 0 -4 0 2 -4 0 0 -3 0 -3 0 0 0 0 2 0 0 0 4 0 1 0 0 0 4 -3 0 -2 0 -6 4 3 0 0 -2 0 -2 2 0 -5 0 2 0 4 0 2 4 0 0 0 0 0 6 -4 0 0 -4 6 0 0 2 0 4 0 0 0 -3 -4 -2 4 0 2 0 0 0 0 0 -2 2 0 0 0 0 0 -4 2 0 0 4 -6 0 0 0 0 -1 5
4 -4 4 -9 -2 0 -10 5 0 2 -4 4 4 0 6 4 0 4 0 -4 2 0 6 0 0 2 2 4 0 0 0 -4 4 -8 0 0 0 0 0 2 0 -8 0 4 2 0 -4 -4 0 0 0 10 2 1 0 2 6 0 0 0 0 -1 -4 0 -2 1 0 0 3 4 0 0 2 -2 0 0 0 0 2 2 -2 -4 8 0 0 -4 0 0 0 -4 4 0 -2 0 4 0 0 3 4 0 0 2 2 0 0 0 -2 0 -6 0 0 0 2 0 -2 0 0 0 0 0 8 -2 -6 0 0 -4 -4 -2 63 2 0 0 4 4 -4 -3 0 0 0 6 0 0 -1 -6 -4 0 -2 0 -4 0 2 2 0 4 0 0 -2 0 -2 0 2 4 0 -2 0 1 -2 0 0 0 2 -2 -2 -2 -4 4 4 -10 0 0 0 0 -4 0 0 -2 0 4 0 -2 0 0 1 0 0 -4 -4 -4 0 -1 4 0 2 -2 6 -2 4 0 0 2 0 -2 0 2 4 0 2 4 4 0 2 0 1 0 -5 -4 0 0 0 -2 0 2 2 2 4 6 0 0 3 0 0 -4 -4 2 2 0 2 -6 0 -4 0 0 0 2 -4 4 0 4 0 0 0 -4 2 0 0 4 4 0 0 0 0 4 0 -4 2 0 5 0 4 4 0 0 -2 0 2 -2 0 2 0 0 -8 0 0 -2 -2 -1 0 2 4 0 0 -2 0 0 0 0 0 -4 0 2 -6 0 0 -4 0 0 0 6 8 4 6 4 2 6 0 -4 -4 0 2 0 0 2 0 4 2 -2 -1 -2 4 0 0 0 0 1 4 0 0 1 0 0 -4 8 0 2 0 0 -2 -4 0 4
0 0 0 -2 0 -8 1 5 0 6 -2 0 0 0 0 1 0 4 0 0 0 -2 0 0 0 4 1 2 0 4 0 0 0 0 -2 -1 2 0 -6 4 4 0 0 2 -2 -1 -8 1 2 -4 3 0 0 2 0 4 0 -2 2 0 2 0 1 0 -6 0 0 -2 0 2 0 -4 0 -4 0 -4 0 0 1 0 -4 0 -4 0 1 0 0 0 0 2 0 0 0 0 -4 -1 0 -8 2 0 -1 0 0 4 0 0 0 0 0 0 4 -6 9 -4 3 2 -6 2 0 0 2 0 0 -8 0 1 0 0 2 54 2 -2 2 5 4 0 2 0 0 0 1 2 3 0 2 -4 2 0 0 0 4 0 0 2 -2 0 0 2 0 0 0 4 2 -1 0 -4 -2 1 0 1 1 0 0 0 0 -2 0 0 4 0 0 0 0 0 0 0 0 1 4 -1 -2 0 0 -4 -4 -1 0 -4 0 -8 -8 -6 2 0 2 0 0 0 -1 4 7 -2 -2 0 -6 0 0 8 0 2 3 4 0 -2 0 0 2 4 2 0 -4 -4 0 0 0 0 2 1 -2 0 -4 1 0 -6 2 0 4 0 0 0 0 4 -2 -2 2 -4 -1 -2 0 0 -2 0 0 -1 4 0 4 0 0 -2 -2 4 0 0 0 0 0 2 -4 -2 -4 -4 0 0 0 -1 0 0 0 0 0 0 8 0 0 0 2 4 -2 0 0 -2 -2 0 -2 -2 4 0 0 0 0 -10 -6 -2 0 0 2 0 1 0 4 -2 1 -2 0 0 0 2 0 -4 4 0 8 0 0 -2 0 8 2 0 0 -10 0 0 -1 -4 0 0 0 -6 2 0 0 8 0 0 0 -2 8 0
4 0 4 4 0 0 -2 -2 0 0 2 -2 0 -1 -2 -2 -4 0 0 0 -2 -2 -4 0 -4 4 -2 4 0 -4 -2 -4 0 2 4 0 4 0 -4 0 4 0 4 -4 0 0 -4 0 -2 -8 2 0 0 0 0 -4 0 0 0 4 -4 0 4 -4 2 -1 0 -2 1 0 0 -4 0 0 2 4 2 4 -7 -2 0 -2 0 0 -6 2 1 0 -4 -4 -4 -4 0 4 0 -2 2 4 6 -2 0 0 4 0 0 2 8 0 -2 -1 4 4 0 -4 4 1 2 2 4 -4 -2 2 2 -4 -4 0 4 0 0 2 79 0 -2 8 8 0 0 0 6 1 0 4 2 2 0 -8 2 6 -4 2 0 4 2 0 0 0 12 0 1 0 -2 -4 -2 4 -2 -4 0 0 0 -2 2 8 0 7 10 -4 0 -2 -1 0 0 0 0 0 0 2 2 4 0 -2 0 2 0 0 6 2 0 -4 0 0 0 -4 4 0 -2 -2 0 -4 0 0 -2 0 0 0 4 -4 0 0 -4 -2 -1 -2 0 0 2 -6 -4 -4 0 0 3 0 4 0 1 0 2 -4 0 2 -4 2 -8 -2 0 0 -4 0 0 3 0 -2 -4 2 1 -6 -10 0 -2 2 0 -4 0 0 2 0 -2 0 0 0 8 2 4 2 6 -2 0 8 2 -4 0 -4 -2 -8 0 2 -8 0 0 0 2 0 0 2 0 8 0 -4 0 0 2 -6 4 0 0 -8 0 0 4 0 0 -8 4 0 0 -2 -12 -2 0 -4 0 -2 0 -4 4 0 -4 2 -4 0 0 -4 4 0 -4 0 -7 2 0 4 6 -2 -3 0 4 2 0 0 0 -4 -4 4 8 -10 -2 -4 0 2 0 0
2 2 0 -4 0 0 0 0 -4 2 0 0 0 0 0 0 0 0 0 0 -4 2 2 0 0 0 -2 -2 0 1 0 0 0 0 0 0 -3 4 0 -2 1 6 0 2 0 -2 0 -2 2 1 0 0 0 6 0 0 0 8 0 0 0 -6 0 0 0 -6 2 8 2 2 1 0 0 0 0 0 -2 -4 0 -2 0 0 0 0 0 6 0 0 -1 -2 0 2 0 1 2 -4 4 0 -4 0 0 -2 -4 0 2 0 5 2 -2 0 0 -6 2 0 0 0 2 -1 0 1 -1 -2 0 0 2 -4 0 0 0 -2 0 41 0 -2 -4 0 0 0 0 0 5 0 -4 0 0 2 1 -6 1 0 0 0 -2 0 2 0 1 4 4 -2 4 0 4 0 0 0 4 4 0 -2 2 0 0 0 -2 8 -2 -1 0 0 0 0 0 2 4 4 0 0 -2 2 0 0 0 4 0 -2 -4 8 3 1 0 0 0 0 0 0 4 0 0 10 8 6 0 0 0 0 0 -2 -2 0 -2 -3 0 -4 0 0 -5 0 2 2 -4 0 0 0 0 0 0 -4 -2 2 0 0 0 1 0 0 2 0 0 1 -2 -2 2 -2 -4 0 -4 0 -2 4 4 0 4 0 -2 0 0 0 -2 1 1 -2 0 0 -4 0 0 0 -4 0 2 -4 0 0 -2 -2 2 0 -2 0 0 0 1 0 0 0 0 2 0 2 -4 0 4 -2 0 0 -2 0 2 2 0 0 4 4 0 -3 -4 0 -1 4 0 0 0 0 0 0 0 -4 0 -2 6 0 2 -8 0 -2 0 0 4 0 0 -4 2 2 0 0 0 12 0 0 0 0 0 0 0 -4 -2 0 -2 4
-3 0 0 4 -6 -1 -5 0 6 2 -5 1 5 0 0 0 0 4 2 2 0 0 -1 3 -2 -4 2 4 0 0 0 5 0 0 0 0 -2 -3 0 -2 4 0 0 0 0 -2 2 0 5 0 -1 -2 -2 0 0 0 -2 0 0 0 0 0 -1 0 -2 -2 -2 2 -1 0 2 -1 0 0 -1 4 4 4 0 0 0 0 0 4 6 -3 0 -2 3 -4 -2 0 0 0 0 3 2 -4 0 0 0 4 -1 0 2 -1 4 4 0 0 0 -1 -6 0 2 -1 0 4 -2 4 0 2 3 2 0 -2 4 0 4 2 -2 0 51 0 0 0 0 4 -3 3 0 5 2 -3 4 0 -2 -1 0 -1 4 0 -2 2 0 4 0 0 0 4 4 4 0 2 -4 2 1 0 1 -1 2 2 0 2 0 8 -2 1 0 1 0 0 -4 -2 0 -2 4 0 0 0 0 2 0 0 -2 0 0 0 -5 -2 0 0 0 4 4 6 -3 -3 0 -1 2 0 0 7 -1 -2 -8 2 4 2 -4 0 0 0 -4 -2 0 0 2 -4 0 0 -4 2 0 0 0 2 -4 0 0 2 -1 1 -2 0 2 0 -4 -1 2 1 2 0 7 -2 6 0 2 2 4 0 2 4 -2 -3 -4 1 1 0 2 2 2 -4 2 -5 0 -6 0 0 -4 0 5 4 0 0 0 0 1 2 -4 6 0 2 0 0 -2 0 4 2 2 2 0 0 6 0 0 3 0 4 0 -6 1 0 0 0 -2 -2 0 0 0 0 0 -4 2 -6 -2 5 0 -1 0 2 -2 4 0 -5 6 0 0 -6 1 2 0 0 0 5 4 -2 6 -3 2 2 0 4 0 2 -4 3 0 0
0 0 0 0 4 -2 4 0 0 -5 0 0 2 0 2 0 0 0 0 -4 0 0 -3 0 -2 4 3 0 0 1 0 -2 0 0 -4 0 6 0 0 4 4 -2 0 0 2 -6 0 2 0 -2 2 -4 0 0 0 -4 0 0 0 4 0 -2 -2 -2 -1 0 0 0 4 2 0 4 1 0 0 -4 6 2 0 -2 -4 0 4 0 -4 2 0 0 3 -2 6 0 0 1 0 4 4 0 4 0 0 0 0 0 1 0 -4 -8 0 0 2 4 1 0 0 0 -4 0 0 -2 2 4 0 0 0 -2 -1 0 4 5 8 -2 0 43 4 0 0 4 2 0 -1 0 0 0 -2 -6 0 0 0 -4 3 1 0 -4 0 0 8 0 0 0 0 0 -8 -1 -1 1 2 -3 2 0 1 2 4 3 6 -1 0 0 0 -2 0 0 -1 0 0 0 4 0 0 3 0 0 0 3 0 0 1 -4 4 -4 -3 0 1 0 0 -2 0 0 0 0 -2 -2 0 4 4 0 0 4 -4 12 0 -1 -6 0 1 0 0 0 0 0 0 0 0 -1 4 4 2 -1 -4 0 0 0 0 2 0 4 -2 -4 0 0 0 0 0 0 -1 2 0 0 -1 0 -2 -4 -4 2 2 -2 0 0 4 0 4 -4 0 1 2 0 1 0 0 -6 0 -4 4 0 0 0 -4 0 8 -4 -2 0 0 0 0 -4 0 0 2 0 0 2 0 2 0 0 0 0 -4 0 -3 0 -6 -2 0 -1 -4 0 2 -4 0 0 1 -2 2 0 0 2 0 2 0 -4 0 0 0 -2 0 -2 -2 0 2 0 2 -5 0 2 0 0 0 0 0 -2 2 0 -4 0 0 -2 4 0
1 2 4 2 -3 0 0 0 0 0 2 0 4 0 4 0 -2 0 0 4 0 0 1 -1 1 0 -4 -4 -2 -4 2 5 2 0 -4 -2 0 -2 0 -4 0 0 4 -2 0 0 0 4 2 7 4 -4 0 -2 0 0 -4 2 0 0 0 -2 2 0 4 0 0 0 4 -2 0 0 2 -4 0 4 6 0 0 -4 0 0 0 -1 2 -2 0 0 2 2 -2 0 2 2 2 4 3 -1 -4 -4 0 -2 0 0 -1 2 0 2 1 0 -4 6 -4 0 0 0 5 -4 0 4 10 4 4 4 2 2 0 -4 -4 4 8 -4 0 4 86 0 -2 -2 0 0 8 0 -2 2 2 -6 4 0 0 -2 0 -2 0 0 0 0 0 0 -3 0 4 -2 2 4 -2 5 0 10 4 0 4 8 2 -1 -2 2 2 11 2 8 0 -2 -7 -4 -2 2 14 2 4 0 2 -2 8 -2 4 3 0 -2 -4 0 0 -6 -4 -2 0 4 0 3 0 -3 0 4 0 0 0 0 -2 -2 -4 4 -6 -2 0 0 4 4 0 0 0 0 0 4 -10 -4 5 0 0 1 -4 1 -4 4 0 -2 -2 2 0 4 0 2 -4 2 -4 0 0 0 -2 0 -3 0 -2 -8 3 0 -2 0 14 -4 0 -4 -6 7 2 -1 -2 0 0 8 4 0 -2 0 2 4 4 1 0 2 4 -5 -4 -6 4 -2 -1 -8 3 -2 0 0 2 2 -4 0 2 -4 4 -2 0 2 2 0 -4 10 2 -2 3 2 -2 0 0 -6 2 -6 -4 0 4 0 4 -4 8 -10 -1 -6 1 4 0 0 -6 2 6 10 6 1 0 0 0 0 0 0 2 -4 -4 4 0 0 2 0 3 -7
-2 4 0 1 0 0 -2 -1 0 0 -3 2 0 0 0 0 4 0 0 -1 0 0 0 0 0 0 2 0 0 0 0 0 1 -2 -4 0 0 0 0 0 0 -2 -4 0 0 0 0 0 0 0 6 0 2 -1 0 -1 0 0 4 -4 -4 0 0 0 0 0 0 4 2 -4 0 -2 1 0 0 0 0 0 0 0 2 0 0 0 0 0 0 0 0 0 0 0 -2 0 2 0 2 0 0 0 0 0 0 0 0 0 0 0 0 -2 0 0 0 0 6 -2 0 -4 -2 0 0 6 -1 0 0 2 -2 0 -3 0 0 0 0 0 0 28 -6 0 0 0 -2 0 3 0 0 2 0 0 -4 0 -1 0 0 0 0 0 0 0 2 0 0 0 0 0 0 -4 0 0 0 -2 -2 0 -2 2 0 0 0 2 0 -2 0 5 -2 0 0 0 4 0 -2 -2 0 0 0 -4 0 0 0 -4 0 0 -2 0 0 0 0 -2 -1 0 0 -2 0 3 0 0 0 0 4 0 0 0 -2 -2 -1 0 3 0 0 0 0 -4 2 2 -1 -2 -4 2 0 2 -3 0 -4 0 2 -1 0 -2 -4 6 -1 0 0 2 0 0 0 0 -4 4 -1 2 -1 8 1 -2 0 2 -4 -2 -2 -4 -4 9 0 0 2 0 0 4 0 0 2 0 4 -1 -8 6 0 -4 0 4 0 1 0 -2 -4 -1 -2 -2 0 0 1 4 0 0 0 0 0 0 0 0 0 0 0 0 -6 0 0 4 2 0 7 2 0 -2 -4 2 0 0 -3 -4 0 0 0 -4 2 0 0 0 2 0 0 2 0 -1 0 1 4 0 2 0 0 0 0 0 0 -2 4 0 2 0
-4 -1 0 0 0 1 -4 4 -4 2 2 -2 3 0 2 0 0 2 0 -1 2 0 0 0 0 0 -1 -2 -4 0 0 -1 0 0 -1 0 0 0 4 0 0 2 0 0 6 4 0 0 0 0 -2 0 0 0 2 1 0 0 0 4 8 2 0 -4 -2 0 0 -8 6 -1 2 0 0 -2 -4 2 0 2 2 0 0 6 0 6 4 0 2 0 0 0 4 6 0 6 2 -2 -4 1 0 3 -2 0 1 0 0 -4 -4 0 2 0 -2 0 4 0 4 0 0 0 2 1 0 4 0 0 0 0 0 0 0 2 0 0 0 0 -2 -6 52 4 1 8 0 3 2 0 0 2 0 -2 2 0 0 0 0 0 1 2 4 -1 0 0 1 -4 -1 6 -2 -4 -4 0 0 0 -1 -1 4 0 3 0 -4 0 3 0 0 0 -2 2 0 0 -2 2 2 4 2 2 0 0 2 -4 2 6 2 0 0 -4 0 0 0 0 2 0 -2 0 -2 -1 -4 0 0 0 0 3 -2 4 3 10 0 -3 -2 0 0 6 0 0 -4 0 0 0 0 -4 0 2 6 0 0 0 4 1 0 1 -3 4 0 4 0 0 -4 -8 3 0 -4 -10 1 -2 0 0 -2 -2 -3 1 0 0 -2 0 4 2 2 2 8 -2 0 0 4 3 0 -1 -2 -4 0 -2 0 0 0 0 0 0 0 1 0 -4 7 -4 0 0 -3 0 4 0 0 0 -2 0 8 0 -2 8 0 2 6 0 0 6 -6 -2 -18 -1 0 -4 2 0 4 -1 0 0 0 0 4 0 0 -2 -2 0 0 -2 0 2 0 2 -1 -1 0 0 0 4 0 0 0 -2 0 1 -4 0 0 0
-8 -6 -4 -1 -1 0 0 0 2 2 0 -4 0 2 -1 2 -1 4 -7 -2 1 0 2 4 0 -7 0 4 0 0 3 -2 -8 -4 -4 -2 1 2 -2 4 0 -3 2 0 0 4 -2 0 0 0 2 -8 -4 4 4 -6 -1 0 -6 0 0 0 -2 0 0 0 0 0 0 -1 -4 2 0 -1 2 8 -2 0 0 0 0 0 -4 -3 -2 0 -2 -1 0 -2 0 -2 -2 -2 1 0 0 1 0 4 -2 -5 0 -4 0 1 0 -6 4 -1 6 0 -3 0 -6 4 0 8 2 2 0 0 2 -1 -2 2 -2 4 0 0 0 0 4 4 -2 0 4 68 0 -4 -2 4 0 1 0 -6 0 -1 0 -4 0 -1 -4 0 -3 -4 -1 0 -4 0 -6 4 -2 2 4 -2 -6 -2 1 0 2 0 2 4 2 0 -2 0 3 2 2 0 -2 0 -2 -5 0 1 2 2 0 1 -6 -8 -6 -1 -2 -2 0 0 0 -2 0 2 4 -2 -2 -2 0 0 -6 2 0 0 4 -2 -4 -8 0 1 1 0 2 0 6 -2 4 4 0 -3 0 0 6 -4 2 4 0 3 -4 0 -2 4 0 0 0 -2 -3 -6 4 1 -1 -4 2 -2 4 2 0 2 1 0 -6 2 -6 4 -4 -2 3 0 0 0 1 -5 3 -3 4 2 -4 -1 0 0 0 -8 6 0 -2 4 5 2 0 0 -6 5 0 0 4 0 2 2 2 0 -4 4 4 0 2 -7 8 0 -4 -2 0 5 7 0 0 3 2 -2 0 2 -6 -6 0 0 -9 -2 0 0 0 -1 0 -4 2 8 1 0 2 -2 4 0 -2 0 2 -4 2 2 2 0 -2 4 4 0 -2 -2 1 -2 2 0 -6 -2
0 -1 0 0 4 6 -1 0 0 6 0 -1 0 0 -2 0 0 4 0 4 -2 0 0 0 0 0 -4 -2 0 0 0 0 0 -4 0 0 0 6 -2 0 0 0 0 0 0 0 0 0 0 0 4 0 0 0 0 0 -2 0 0 0 0 -4 10 0 -4 2 0 0 4 -1 -6 0 4 0 -2 2 -4 2 0 4 0 0 0 -7 0 4 0 0 -6 4 -4 0 -4 0 0 0 -4 1 2 0 -2 0 -1 0 -12 2 4 0 0 0 0 0 0 1 2 0 0 0 0 0 0 0 -2 -4 0 0 0 -4 0 0 6 0 -3 2 0 0 1 0 31 0 0 6 0 1 0 0 0 0 0 1 0 0 2 0 -4 0 8 0 0 0 0 0 4 0 0 -4 1 6 0 0 -1 0 0 0 2 0 0 -3 4 4 0 -2 0 0 -2 2 0 0 0 -2 0 0 0 0 0 0 0 0 -4 -2 1 0 0 0 0 -10 4 0 0 2 0 0 0 0 -2 0 0 0 -6 0 -2 4 0 -2 0 4 0 0 2 0 0 -4 0 0 0 0 2 -4 4 -4 0 0 0 0 0 2 1 0 0 2 -2 0 0 0 2 0 -4 -2 -4 -2 2 0 -4 0 0 0 0 0 0 0 4 2 0 2 0 1 -2 0 0 -4 -2 2 1 -2 0 0 0 0 0 2 0 0 0 -5 0 -2 0 0 0 0 -4 -2 0 0 -4 0 0 -2 1 0 0 0 0 0 0 2 -2 0 -2 0 0 -4 0 0 1 0 0 1 0 0 4 0 0 0 0 0 -6 4 4 4 0 0 0 0 0 0 4 0 0 0 0 4 4 0 0 3 0 1 0 0
2 2 -2 0 0 -2 0 1 -2 0 4 0 0 -1 2 6 0 0 -6 0 0 0 8 2 0 -2 -2 0 -6 4 2 -1 4 0 2 -1 -2 0 0 -3 1 -6 2 1 1 0 -1 2 0 2 -2 4 -1 2 0 2 4 0 2 0 0 0 -1 0 0 -2 0 -8 2 1 0 3 0 -2 0 4 0 -2 0 0 0 0 0 4 -1 -2 0 0 0 -1 -2 -1 0 0 4 4 0 12 0 0 2 2 2 2 4 -10 2 -4 -2 -5 -2 8 4 2 0 1 -6 -2 2 3 4 6 0 2 6 2 4 0 6 0 1 0 3 0 0 0 8 -4 0 71 4 0 0 -6 0 -2 4 0 0 0 0 0 -4 -1 -1 2 2 -2 4 0 0 8 -3 2 0 -4 -2 -2 1 4 3 6 -6 0 -2 -1 -1 -2 -2 -1 -1 -2 0 4 -2 4 2 4 0 4 4 1 0 0 4 4 -8 5 -2 8 0 2 0 0 -5 8 0 -4 -2 12 4 -2 -1 1 5 -2 5 6 2 0 0 0 2 -2 2 -1 0 4 0 2 -10 3 0 12 1 4 0 0 0 0 0 2 -2 2 0 2 0 0 0 1 4 -3 -2 0 -5 0 -2 -4 0 0 0 0 -4 0 1 0 4 0 0 0 0 0 3 4 7 1 0 0 12 0 8 2 1 0 0 2 -6 0 0 -2 -2 -4 4 2 -4 0 -2 5 -2 0 0 0 0 0 -4 1 0 0 -2 0 2 11 -6 -4 0 2 0 8 0 4 3 2 0 4 2 2 -6 -2 2 0 -3 0 -1 0 0 1 -4 0 -4 -2 0 0 -4 2 0 0 0 0 0 -2 0 4 0 0 -2 4 -1 0 0 1
-4 0 -2 -4 -2 0 -2 8 0 4 2 2 -6 0 -4 4 -2 0 -6 2 0 0 2 -2 0 0 -1 -4 -2 0 0 2 5 0 0 0 8 0 0 0 0 0 -4 0 -5 -8 0 0 0 4 0 0 2 0 4 4 2 2 -4 -6 0 0 0 0 0 -2 0 -2 0 2 0 -4 0 2 4 0 -2 0 4 0 0 -8 -2 -8 -4 0 0 4 -2 0 0 0 2 2 0 0 0 4 0 0 0 0 -5 0 -2 0 8 2 2 1 -2 -2 1 -4 0 -5 2 0 0 4 4 2 -4 0 0 4 0 -4 0 1 0 5 0 -1 8 -2 0 -2 0 4 58 -4 2 2 4 -6 0 0 0 -2 0 0 -4 0 4 0 0 4 3 4 0 0 6 -5 -2 0 -4 0 0 4 1 10 0 4 -12 6 0 4 0 4 4 3 -2 0 2 -4 6 0 -5 9 0 0 6 2 0 -3 0 4 -1 4 0 0 0 -2 -4 -2 0 0 0 -2 4 0 2 0 -2 0 0 0 -4 0 5 0 -4 1 4 0 0 -2 0 2 -4 0 0 -6 0 4 0 2 0 2 0 2 -1 2 -8 4 -4 -2 0 -2 4 8 4 2 0 0 4 2 -3 0 4 -2 2 0 -4 -2 4 0 -2 0 -2 -4 -4 0 -1 7 0 0 0 0 0 -2 -2 0 4 -4 -2 4 0 -2 0 0 4 4 2 -4 -4 3 -4 0 -2 -4 0 0 0 2 0 2 -2 2 0 2 2 6 1 0 0 -4 -3 0 -2 0 -1 0 0 0 2 0 0 2 -2 0 -4 2 0 -6 -4 4 3 0 0 0 4 0 0 -4 0 0 0 0 -2 -2 0 2 0 2 -2 -2 -2 -6
0 0 -2 4 0 4 -4 -2 0 2 0 -2 -2 0 -2 0 0 4 0 0 0 0 0 0 0 -2 -4 0 4 4 0 0 0 0 0 0 0 4 0 0 4 0 0 0 4 1 -4 -8 0 0 0 0 0 0 0 4 4 0 -4 0 0 0 3 0 -8 0 0 -4 -4 1 -2 -2 0 0 0 0 0 0 2 0 0 -4 2 8 -2 4 0 0 0 4 -4 -2 4 2 0 -2 0 -4 -4 0 0 0 2 0 -2 0 4 0 0 0 0 0 4 0 4 0 0 -4 0 -4 -4 2 1 -4 0 0 2 0 0 2 4 0 5 0 0 0 3 4 6 0 -4 46 0 0 0 -2 -2 0 0 0 -2 0 0 4 0 0 12 0 0 0 2 0 8 4 -1 0 0 6 0 0 0 0 0 4 2 4 4 -2 0 4 0 0 6 0 2 -4 0 2 0 4 0 -4 0 -4 2 4 -2 4 -8 -10 0 0 -2 0 4 -4 -1 0 -2 -1 0 0 0 -4 0 0 4 1 -4 0 0 8 0 -1 2 0 0 2 0 0 0 0 0 -4 0 0 2 4 2 0 0 0 4 0 0 0 0 0 0 -1 0 -4 -8 0 3 -4 2 0 0 0 0 0 0 4 0 4 0 0 -4 0 4 -2 0 0 -2 4 2 0 0 -4 0 4 2 4 0 0 0 0 0 0 -2 0 0 -4 0 -2 8 2 0 0 0 0 4 0 2 0 4 3 2 0 2 4 0 2 0 0 -2 0 -5 2 6 0 0 -2 0 -4 2 0 2 0 0 2 4 4 0 0 0 0 6 8 -4 0 0 0 -2 7 4 0 0 -6 -4 4 4 0 0 4 4 0 0 4
-2 0 4 -4 4 0 -1 -1 -2 0 0 2 0 0 -4 -1 0 2 1 0 2 -4 0 0 -1 1 -2 2 0 0 0 1 -2 1 4 0 0 -4 1 -1 0 -8 0 -1 0 -3 0 2 0 0 3 1 2 -3 2 0 -2 0 0 0 0 -1 0 0 0 0 0 1 0 0 0 0 0 0 1 -6 0 0 0 0 0 0 1 0 1 0 1 -4 -2 0 0 0 2 0 2 0 0 0 0 0 4 -4 4 0 -2 0 0 1 -1 0 0 4 -4 3 2 -2 0 0 0 0 0 4 0 2 -8 0 0 -2 -1 3 2 -4 2 0 -2 3 2 0 0 0 2 0 37 0 4 2 2 -4 0 0 -2 -1 -2 2 0 0 2 1 4 -2 6 0 0 -4 0 -2 0 -4 4 0 1 0 -4 1 8 -1 0 2 2 -5 0 0 0 0 0 -2 8 4 0 -2 0 0 0 1 0 0 0 0 2 0 0 0 4 -3 2 0 -4 2 -1 2 2 -1 4 -4 0 -4 0 0 6 -1 -1 0 3 -2 0 0 0 4 0 0 0 -2 0 -6 0 0 0 3 -1 -2 2 -3 0 0 -2 -2 0 2 0 0 0 0 -4 1 4 -2 -12 0 -2 4 0 -2 1 0 0 4 -2 0 0 0 4 0 -2 0 4 0 0 2 4 0 4 0 0 -4 0 4 0 0 -1 0 -2 -4 0 4 0 -1 0 4 0 -2 2 -3 0 0 0 0 0 0 -2 4 0 1 0 0 4 4 -2 4 5 5 0 4 0 4 4 -1 0 0 -4 -1 0 0 -4 4 -12 -1 0 0 -2 0 0 0 3 0 0 2 0 -2 0 2 0 2 0 2 -1 4 4 0 0 -4
0 0 -2 1 0 1 1 0 0 -4 0 -1 -2 -2 2 0 0 2 -3 0 4 4 0 2 0 -1 -2 -4 8 0 0 4 0 2 0 0 0 -3 0 2 3 2 0 -4 -2 0 -2 0 0 2 3 1 0 -2 4 0 -5 0 -1 0 0 -2 0 0 0 0 4 0 0 9 0 0 2 3 0 0 0 1 -2 0 0 0 -2 -3 -2 0 2 -8 0 1 0 -4 -4 -4 0 0 2 2 -12 0 0 0 2 0 -1 0 0 0 2 2 0 -2 4 0 2 4 -6 0 0 4 0 -1 0 -3 0 -2 -1 -2 -6 0 2 0 -3 0 2 0 0 1 1 -6 2 0 0 60 6 -2 -2 0 1 5 0 0 4 0 -3 0 -4 0 0 0 0 0 0 0 0 -4 -1 -2 0 -2 2 -1 -3 0 4 -4 0 -1 0 -4 4 2 -2 4 0 -4 0 0 0 0 -1 0 6 8 8 1 4 0 0 6 0 2 0 -1 2 -2 -4 0 0 -2 -1 0 1 0 0 1 0 0 0 0 1 -2 0 8 0 -2 0 0 -1 2 8 2 0 0 0 -3 0 0 0 2 0 4 9 -2 -5 0 5 8 0 2 -4 0 2 0 -1 2 0 0 0 0 -2 0 4 0 -8 -4 -2 0 -2 0 0 0 0 0 0 -5 -2 0 0 0 0 0 -1 4 -2 8 -2 0 1 -1 4 3 5 4 1 4 0 -8 -4 -2 0 6 4 4 0 0 0 -4 0 2 -1 0 2 4 0 1 0 -1 0 0 0 -4 0 0 2 2 0 0 -2 -1 -1 0 0 2 4 0 -6 -3 -2 -4 1 0 4 3 0 0 1 0 0 0 -2 0 0 -4 -2 -1 0 1 0 -1
-2 0 0 0 2 0 -2 0 0 0 0 0 0 0 -6 0 -2 -2 -4 2 -1 -2 0 0 2 -2 0 4 0 0 0 0 0 0 1 0 0 0 0 0 0 4 -4 0 0 -6 0 8 4 0 0 0 -4 0 -2 -2 0 0 0 -4 0 0 -2 0 0 0 0 0 0 4 0 -4 -2 -2 0 0 0 0 0 0 -1 0 -4 0 2 -2 -2 0 -1 0 0 -1 0 0 0 0 4 4 0 -6 0 4 0 0 0 0 0 0 4 0 -2 6 2 0 0 0 0 0 0 2 0 0 0 3 -2 0 0 0 -4 2 0 0 4 -2 2 0 0 0 0 0 4 0 4 6 28 0 1 2 0 -2 0 0 4 4 -2 0 2 4 0 -1 0 0 0 0 0 -1 -4 0 0 0 -4 2 -4 -1 3 0 0 0 4 0 4 0 0 0 0 0 1 0 0 0 0 0 4 0 0 -2 0 0 0 2 0 0 0 0 -4 0 -4 2 0 0 1 1 0 -6 0 0 0 0 0 0 -1 0 2 0 1 0 4 0 0 0 0 0 0 0 0 0 0 4 1 -2 -2 0 6 -2 -2 4 3 0 -4 -4 0 0 -2 0 4 0 -5 0 0 4 0 -2 0 0 0 0 0 -2 -2 0 0 0 -4 0 0 4 1 0 0 0 0 0 0 0 2 0 0 2 -1 -4 -4 -2 0 -2 0 2 -2 0 2 -4 0 0 0 0 0 0 0 0 0 4 0 0 0 0 0 0 0 0 4 0 -2 0 0 0 -4 3 0 0 0 0 -2 0 -2 0 0 -1 0 0 -4 0 0 0 0 4 0 0 0 0 0 0 0 -2 0 0 3 0 0 0 0 2
-2 0 2 2 -2 -4 2 -2 -2 -2 2 3 2 -4 0 4 -2 0 0 -2 -10 0 4 2 0 1 4 4 0 8 0 0 4 -4 0 0 -6 4 0 0 0 2 -8 2 1 0 0 -4 0 6 2 0 8 -2 -8 0 -2 -6 4 4 0 -2 0 0 2 0 0 0 2 4 0 -6 0 -6 0 0 4 -4 -4 0 4 6 -8 0 0 0 -4 -4 2 4 0 0 -2 0 -2 -2 0 0 -8 0 -4 0 1 -2 2 0 0 5 0 -4 -4 -3 0 4 0 -2 2 -2 2 6 -4 0 -7 0 0 4 0 0 0 -4 -8 2 0 -6 -6 2 2 -6 0 -2 -6 -2 2 -2 0 68 -2 0 0 -2 -4 -3 -4 0 6 0 4 -6 6 0 -8 0 2 0 0 0 -2 4 -2 4 0 0 2 4 -8 -4 -2 4 0 -4 12 -1 6 0 -4 0 0 0 0 -2 0 0 4 0 4 -8 0 2 2 -2 0 -2 4 0 0 -2 -4 0 4 4 4 6 0 0 0 0 0 0 4 0 -4 2 -2 1 0 0 0 0 0 0 8 0 8 0 0 8 -2 4 -2 0 4 -2 0 4 -4 0 0 2 0 2 0 2 2 -2 -4 0 0 0 -1 4 4 4 8 0 0 2 -4 2 0 6 6 0 -8 2 0 -5 0 0 -6 0 0 0 -4 2 6 -2 12 0 0 0 2 -4 -4 7 2 -1 0 2 2 2 0 -4 4 4 6 0 0 0 -4 0 0 2 4 0 1 0 2 4 0 -5 -3 6 -4 2 0 4 4 4 -4 -1 -6 0 2 -2 0 0 4 1 2 -2 0 0 0 -6 0 -2 0 0 4 4 -2 2 6 0 0 0 -6 -2 -4 2
-4 0 0 0 2 -1 3 0 -4 2 -5 -1 4 0 -2 4 0 -2 0 0 -1 -2 -4 0 0 0 4 0 -2 -2 -2 0 -4 0 1 -4 0 0 0 -2 0 0 -1 0 0 0 4 2 2 2 0 -2 0 2 0 4 1 4 0 0 -2 0 0 0 2 0 -2 0 0 2 3 0 -4 4 1 -4 0 1 0 0 0 0 4 -2 -2 -4 -2 -2 0 4 -7 0 0 0 2 -5 1 -1 -1 -1 0 0 2 -4 0 0 2 0 0 0 0 8 2 2 0 4 -7 0 0 -4 0 0 0 4 2 -4 0 0 -2 2 2 1 -2 0 4 0 0 0 0 4 0 -2 2 -2 1 -2 40 -2 4 -2 -4 0 0 0 -4 0 1 0 3 0 -6 -4 0 -2 0 2 -1 -2 4 -2 -3 1 0 2 7 -4 2 2 0 0 -4 4 4 -2 0 4 1 4 1 0 0 -1 2 2 0 0 0 -2 2 1 -2 -2 2 4 1 0 0 0 0 4 2 -2 0 -2 0 0 0 -2 0 2 4 0 2 0 6 4 0 2 -4 0 2 0 0 0 0 0 1 -2 2 -2 -6 0 0 -2 0 -2 1 0 4 -4 0 0 -2 -5 -4 8 -2 -3 -2 4 -4 0 1 -3 -2 -4 2 0 0 0 1 2 0 -4 0 0 -2 0 0 -2 0 4 0 -2 0 -2 0 0 -1 -1 6 -2 1 0 -4 0 0 0 0 0 0 0 0 0 4 0 0 -1 4 0 6 0 0 0 0 -2 -2 0 2 1 -2 -5 0 2 0 1 0 2 0 0 0 3 0 0 2 -1 -2 -2 2 0 0 0 -8 8 0 -1 -2 4 0 -6 2 2 0 -1 -2 0 0 -2 0 -1
0 -2 0 0 0 0 -1 -2 2 -4 -2 -2 6 4 0 -6 -6 4 0 -1 0 0 0 0 0 0 0 0 0 0 2 0 2 -4 0 -2 0 1 0 0 0 0 0 2 0 -2 4 0 -1 0 0 -2 0 -6 0 -2 0 -8 0 6 0 -8 2 0 -2 2 0 0 0 -8 -2 0 0 0 0 -2 0 0 0 -1 -2 5 -2 0 -4 -2 0 0 0 0 2 1 0 0 0 0 0 -8 6 0 -5 6 4 4 0 0 4 4 -4 -4 -2 0 2 0 -6 5 0 3 6 -2 -2 -1 -2 -1 0 0 0 0 0 0 6 -6 -1 0 0 0 -2 -1 0 0 0 0 -4 0 2 0 -2 56 2 4 0 5 0 0 0 0 -2 -8 -1 -2 -4 4 -10 0 0 -4 0 0 -5 6 0 0 -4 -2 -2 0 0 4 0 -4 0 -2 0 0 1 0 0 -2 0 0 0 -1 0 0 0 0 -1 0 1 5 0 0 -8 1 0 -3 0 4 2 0 0 2 0 -2 6 0 0 4 1 0 -1 0 -2 6 0 -3 0 -6 0 4 -2 -2 2 0 0 0 -4 0 6 -1 0 2 5 -1 -4 0 -2 1 0 0 9 0 0 6 -4 -2 2 0 0 -4 -4 -4 -4 0 0 -2 4 0 4 2 4 -2 0 -2 0 -1 2 5 6 -1 0 2 0 -3 -4 6 0 8 0 0 0 0 -2 2 0 6 -4 0 2 0 3 -3 0 0 4 0 0 2 6 -1 0 0 -1 0 2 -1 -2 0 -4 0 0 0 0 0 0 6 -1 2 1 0 4 0 -8 0 -6 -2 -6 0 0 0 -1 -2 4 -6 3 0 6 -2 2 -1 0 0 0 0 2 -1 -4 0 -1 0
2 0 4 4 2 -2 0 0 -6 0 0 0 -2 -4 -2 2 4 0 0 4 -4 2 -4 0 -4 0 0 4 -2 0 0 0 2 0 -6 0 -1 -2 0 1 1 0 -6 4 0 -2 4 -3 0 5 2 2 0 -2 2 6 0 6 -5 0 4 -8 -4 -4 0 4 0 -4 0 0 0 4 4 0 0 0 -2 0 0 6 0 -1 0 0 -2 0 -2 -1 0 0 -4 0 -2 -1 6 0 -4 -4 -3 0 0 -2 2 4 0 -2 0 0 -2 0 0 2 0 0 2 0 -1 1 0 -3 3 1 0 0 6 0 1 8 -4 0 -4 1 0 0 0 -4 2 0 0 0 0 0 0 1 0 0 4 2 57 -2 0 0 0 0 1 0 -4 0 0 4 0 0 0 2 0 -1 0 0 -2 0 0 0 0 4 -2 4 -4 4 0 0 0 0 0 2 -2 4 3 0 4 -2 -1 2 0 -8 2 0 4 2 0 -4 4 0 -4 -2 4 0 0 -8 2 0 0 0 0 0 2 3 -2 0 0 0 2 2 3 -6 -6 0 -1 0 -2 0 -4 2 2 0 -2 0 0 -2 -3 -2 0 -2 4 6 0 0 0 -4 4 8 4 4 0 2 4 0 8 0 2 -4 0 0 -2 -2 -2 -4 0 -2 0 0 2 6 0 0 0 0 0 -2 0 2 0 2 0 2 0 0 6 0 3 0 0 0 -2 6 5 0 0 2 0 2 0 0 0 0 0 -4 0 -2 4 0 8 4 0 0 1 -1 0 -6 -1 -3 -4 -2 4 0 0 -4 4 0 12 0 0 -2 0 -4 0 -2 0 4 0 -2 2 0 8 0 2 4 0 -6 0 0 0 -2 6 0 7 -6 0 -2 0 4
2 -2 -5 0 2 -1 3 -4 -1 0 -2 -1 -4 2 0 0 -2 -2 2 0 0 -1 4 0 -2 2 0 0 4 0 1 0 0 2 0 0 0 0 0 -4 0 2 5 0 -2 2 6 0 0 2 -1 2 0 0 2 8 -4 -4 4 6 0 0 0 0 0 -4 1 2 2 -2 2 3 -6 0 0 1 0 0 -1 2 0 0 2 0 2 1 7 -2 0 0 0 -3 -6 0 0 0 -2 4 -10 0 0 0 0 0 -2 0 0 12 -2 5 0 -2 0 0 2 -2 0 -2 0 0 3 1 2 0 0 -4 -4 -1 0 0 2 0 -1 -4 -2 0 0 -4 1 0 -2 0 0 5 -2 -2 -2 4 -2 34 -2 4 2 4 0 0 4 0 -1 0 0 4 -1 0 4 -2 5 -2 0 2 1 0 0 0 2 0 2 -3 0 0 -4 4 -1 0 1 2 2 -3 2 0 0 -1 0 0 0 1 0 0 0 -2 -2 4 4 0 2 3 -2 1 -3 -1 0 -1 0 1 -6 0 0 4 1 0 0 2 -2 -2 0 0 0 0 0 0 -4 0 -1 2 -4 -6 0 -1 0 -2 4 4 0 0 6 0 3 6 0 4 4 0 -1 0 -1 0 4 0 -1 2 2 0 0 -2 -2 2 0 2 0 0 0 2 2 0 0 -3 2 0 -2 -2 0 0 7 -4 -1 0 0 0 0 0 0 2 0 3 6 0 0 0 0 0 0 -2 0 3 -4 -1 2 0 0 0 9 0 0 0 2 1 0 0 0 2 -4 0 -2 0 0 0 0 0 2 2 4 1 2 6 2 -4 -2 0 -4 1 0 0 0 2 0 -2 0 -2 -2 1 0 4 1 4 2 -1 4 -1 1 2
3 0 -4 -3 4 -2 -1 0 0 -3 -2 0 2 0 0 0 2 4 0 0 0 0 1 -4 -2 0 2 0 -4 4 0 0 0 0 0 0 4 0 0 2 0 2 -6 0 0 0 -2 -2 0 6 -4 -4 0 0 0 4 0 0 0 -2 0 0 0 0 1 4 0 0 0 0 -4 4 4 -4 0 4 0 0 0 0 0 1 6 4 4 -2 4 4 0 -2 8 4 0 0 -3 -4 2 0 2 0 4 0 0 4 0 0 -2 2 0 -1 0 0 -2 0 4 2 -2 2 0 0 2 0 4 -4 0 0 -2 0 2 4 0 0 4 3 0 -1 0 0 0 0 0 -2 -2 0 0 -4 -4 0 0 -2 42 2 0 -4 4 0 0 -2 1 1 -4 4 -4 0 2 2 2 0 0 0 -2 -4 2 -2 0 -2 -2 0 0 2 4 0 0 0 0 0 -4 0 0 4 0 0 -4 0 -4 0 -2 -2 0 0 -4 2 3 -1 0 0 1 2 -6 8 0 5 0 0 -2 0 4 0 0 0 2 -2 1 0 -1 0 2 0 -4 2 2 0 -2 6 -2 -4 0 0 0 0 -2 0 0 1 2 -2 3 0 0 -4 3 -2 -2 0 4 -2 0 0 -1 -2 4 0 -4 1 1 -2 1 2 0 0 4 0 0 4 0 0 0 0 0 -2 -2 4 4 1 0 -1 0 -1 -4 0 2 -2 0 0 1 2 4 -6 0 -3 -1 0 0 0 0 0 -2 2 0 -2 -2 0 0 0 -4 4 0 0 -2 -2 0 2 0 0 0 -2 0 0 1 -1 0 0 0 0 2 -2 0 0 0 -5 0 -2 8 1 0 -5 0 0 4 -2 0 0 4 0 -4 -2 0 6 0 0
0 -2 2 -2 0 -1 0 1 2 -1 -2 -1 0 -2 0 -2 0 0 0 0 -2 0 0 -2 -2 2 0 0 0 0 0 -2 0 -2 0 0 2 1 0 2 0 0 2 0 0 0 4 0 -1 0 0 2 0 0 0 0 2 -4 0 2 0 0 0 -2 0 1 0 0 0 1 -2 0 -2 0 0 0 0 0 1 0 0 0 2 0 0 0 2 0 0 0 0 0 -2 0 3 -1 0 0 1 0 2 1 2 2 0 1 0 3 0 0 -1 -2 0 0 -2 -2 0 0 2 -3 -2 0 -3 0 0 0 1 0 2 0 4 0 0 1 -2 0 0 -1 0 0 0 0 -1 0 0 -3 0 5 0 4 2 14 0 0 0 2 0 -3 0 0 1 0 -2 0 0 -4 1 0 0 2 -2 0 0 4 0 0 0 -2 0 0 -1 2 0 0 0 -1 0 -3 0 0 0 1 1 2 1 0 0 0 2 0 0 -2 0 -3 0 -1 0 0 -1 0 0 -1 0 1 2 -4 0 0 2 2 1 0 0 0 0 -1 0 -2 0 -1 0 -1 0 1 -1 -2 0 0 0 3 -2 4 0 0 2 0 0 0 0 0 4 0 0 0 0 0 4 0 -1 -2 4 0 0 -2 2 0 0 1 -2 0 1 0 2 1 4 0 0 2 1 0 0 0 1 -4 0 2 0 -2 0 0 0 0 0 -3 0 2 0 -1 0 -2 1 -2 0 0 0 0 2 -1 0 -1 0 0 0 0 -1 0 0 0 0 -1 0 2 0 -2 0 -2 0 0 1 1 4 2 -2 2 -2 0 -2 -1 0 0 0 -3 0 2 1 0 2 -2 0 0 0 0 0 2 0 -1 0 1 2 0
0 0 0 -2 5 -5 0 0 -1 4 0 -2 0 0 0 0 0 -6 2 0 0 -2 -2 0 0 0 0 1 0 0 0 0 4 4 0 0 1 2 5 0 2 0 0 0 -2 0 0 0 0 0 4 0 0 0 4 0 2 0 -1 0 0 0 0 -2 -4 -1 -3 2 -3 0 0 0 -2 2 -2 4 2 0 4 0 -2 0 2 2 0 0 0 0 0 0 0 -1 0 0 0 -5 0 1 0 2 4 0 0 0 -4 4 0 1 0 4 0 -2 0 0 0 4 0 4 0 0 0 0 8 4 0 0 0 0 0 0 2 -2 -2 0 0 0 0 -4 2 -4 -4 0 -2 4 4 -4 0 0 0 2 0 0 37 0 0 0 4 4 0 0 -8 0 0 0 2 2 -4 -4 0 -4 0 0 0 -4 2 -2 0 0 2 0 -8 1 1 0 -2 4 0 0 0 -2 0 -1 8 0 0 -2 0 -4 0 0 0 0 0 0 -2 2 4 0 -1 -4 0 -2 -3 0 0 0 0 4 -2 -4 0 4 2 -4 0 -4 0 -4 0 0 2 0 4 4 2 -4 0 0 0 0 0 -6 2 -2 8 0 1 0 0 0 -1 -4 -2 -2 0 0 0 0 0 -2 -2 0 0 -4 -1 0 0 6 0 2 4 0 0 4 -4 0 4 1 0 0 0 -8 0 0 0 0 0 0 0 -2 0 8 -2 -4 4 -2 0 0 0 2 -2 4 0 0 -10 8 -4 0 0 2 0 1 0 4 0 2 0 0 0 4 0 0 0 0 0 -4 2 0 2 0 6 0 1 0 0 0 -2 -2 0 2 0 -4 -4 8 0 -2 2 -2 0 0 -4 0 0 0 0 -2 0 0 0 4
-4 2 4 0 0 0 -2 -1 4 0 0 0 -2 4 0 0 0 4 2 0 2 2 0 4 3 0 -4 4 0 -6 0 -1 -4 0 -4 0 0 -2 0 -4 2 0 0 6 0 -2 0 6 4 -4 0 6 0 0 0 0 2 0 -2 0 0 0 1 2 0 0 0 0 2 0 0 0 0 6 2 2 -6 4 0 -2 4 -4 4 8 6 0 4 0 0 0 0 0 0 0 -3 -2 0 3 0 0 -1 0 0 0 0 6 4 4 0 0 0 0 0 -2 -4 0 2 -4 0 -2 -2 0 5 -2 -6 0 2 0 4 2 0 0 2 -4 0 0 0 0 0 -1 0 4 2 0 4 0 0 0 0 4 -4 0 0 53 -2 -4 4 -2 -4 -1 0 0 0 0 0 6 3 -4 0 -2 0 -1 -4 0 -2 1 2 0 0 4 -2 0 0 0 0 2 0 0 0 -4 -4 0 0 -2 0 -4 0 -5 0 0 0 0 0 -8 4 4 0 -4 0 0 0 0 0 0 -4 2 5 2 0 0 -2 0 -2 0 0 0 0 1 2 0 0 -3 2 0 0 0 -4 10 0 4 2 -4 0 0 4 -4 2 0 4 1 0 0 -1 0 2 0 -4 -2 4 -4 1 0 -2 0 0 11 0 -2 4 3 4 4 -4 -8 0 0 0 -2 -2 -4 0 4 0 -1 0 0 0 2 0 2 -4 0 -4 0 6 -4 2 0 0 0 4 0 -1 -2 0 0 -4 -4 1 -2 0 1 -4 4 0 -2 -4 0 4 2 2 4 0 0 0 -4 0 -2 0 -2 -4 0 0 3 0 0 2 0 -4 6 -2 0 0 2 4 -2 0 4 0 -2 -5 12 0 4 0 0 -3 2 2 -1
2 0 0 0 -1 0 0 0 0 -2 -2 0 8 0 2 2 0 -2 0 0 0 0 0 0 0 -2 -3 -4 0 2 0 1 0 0 2 0 1 2 2 0 2 0 -2 1 5 1 0 0 0 -2 -2 0 -4 0 0 0 0 0 1 0 -1 0 1 0 4 2 0 0 2 0 0 -2 -2 0 0 4 6 0 0 0 0 0 -4 4 0 2 0 0 0 2 4 0 0 0 4 0 0 0 3 0 -6 0 1 0 0 0 2 0 0 -1 -1 0 0 0 0 -4 0 0 0 1 0 3 0 -4 0 0 0 2 0 -2 0 2 0 0 0 0 1 -3 -4 -1 4 0 0 -3 -2 6 -4 0 1 0 4 0 0 -2 30 -4 0 0 4 0 0 2 3 0 0 5 -2 0 0 0 -2 0 -1 0 1 0 -2 0 0 -1 4 2 4 2 0 0 -4 0 0 0 1 0 0 1 0 -4 0 -1 0 0 0 0 0 2 2 0 0 0 0 -1 0 3 4 0 -3 3 0 -1 0 2 0 0 0 -4 0 0 -1 0 0 0 0 0 0 0 0 1 2 4 0 1 0 2 -2 1 0 0 -1 2 0 0 2 1 2 0 4 -4 0 0 -2 0 0 0 4 0 -2 -4 -1 2 -3 0 0 1 0 4 1 -2 0 0 6 0 2 0 2 0 -1 -4 3 0 5 2 0 -2 0 0 1 0 1 -1 0 0 2 0 2 0 0 1 0 0 2 -2 0 1 0 2 0 0 0 -1 -4 0 0 4 0 -1 1 0 2 2 0 0 0 0 1 0 1 2 -1 -5 0 2 0 0 8 -2 -1 0 0 0 2 0 -4 -1 2 2 0 -3 -4 0 0 -2
-6 0 3 0 0 0 -2 0 -4 0 0 0 -8 0 0 0 0 0 4 0 0 0 0 2 0 0 4 0 0 2 -4 -2 8 0 4 0 0 -4 0 -2 0 -2 0 -2 0 0 0 0 0 0 0 0 0 0 -2 0 0 0 0 -2 0 0 0 0 0 -6 0 0 2 2 -2 -2 0 0 -2 2 2 0 0 0 -4 0 0 2 2 0 -3 4 0 0 2 0 -4 0 -1 0 0 0 -4 0 8 4 0 2 0 -6 4 0 -4 0 -6 0 0 -2 0 2 0 -2 0 4 -2 0 -4 2 0 -2 0 -4 0 0 0 0 4 0 0 0 2 -4 0 2 0 0 0 0 0 0 0 0 0 0 0 2 0 -4 -4 36 0 0 0 2 2 0 0 -6 -4 2 6 0 2 8 0 0 0 0 -2 0 0 0 0 0 0 0 2 -4 0 0 0 1 4 0 -2 0 2 4 2 4 0 7 -2 0 0 0 -1 2 0 4 -3 0 0 0 -4 1 -4 2 2 0 -4 6 0 2 0 0 0 0 -2 0 0 0 4 0 0 0 0 -2 -6 0 0 0 -3 0 0 0 0 0 -4 0 0 2 0 -2 0 0 2 0 -2 0 0 3 -4 0 4 0 -1 -6 0 2 2 0 -4 -4 0 0 0 0 4 1 0 0 -4 1 -2 0 0 0 2 0 -2 0 -6 0 0 6 0 0 2 2 0 0 0 0 -4 0 0 0 0 0 4 0 2 2 -1 -4 2 1 0 0 0 -4 -4 6 -8 -8 2 0 -2 0 0 1 2 5 -2 6 0 0 0 2 0 0 0 0 0 0 4 0 2 -4 0 0 0 0 4 4 -2 0 2 2 0 0 2 0
2 0 -2 4 0 0 4 -4 0 -2 4 0 -4 -2 -6 -2 0 2 7 0 -2 0 -4 -2 0 1 0 0 4 4 0 0 -4 0 6 0 0 -1 4 0 8 2 0 0 -2 1 0 -4 2 0 -4 0 -4 0 0 4 -1 0 0 8 -4 -2 0 0 1 -1 0 0 0 1 1 -4 0 -5 0 2 6 0 2 0 2 0 -2 4 -2 0 0 0 0 0 -4 4 4 6 0 -4 -4 0 0 0 0 1 -2 0 0 4 -4 4 2 -2 0 0 -2 0 4 2 0 0 0 4 1 6 4 0 -2 0 0 0 -2 0 12 1 0 8 0 0 4 -1 8 2 0 12 2 -4 2 4 1 -2 -4 4 0 0 4 4 0 0 60 0 0 0 -2 4 0 0 0 2 2 -4 0 -6 4 3 -1 0 4 -4 0 -2 -2 4 0 0 0 0 2 0 0 0 0 -2 -4 0 -2 0 2 2 -4 0 0 0 0 0 0 0 -6 0 -2 -4 2 2 0 0 0 0 0 0 0 0 -8 -4 -2 -2 0 0 0 -4 0 0 0 0 2 2 0 -2 2 4 4 0 0 4 0 4 0 4 -1 -4 -3 4 0 -2 -2 -4 -8 -8 2 -2 0 0 0 1 0 0 0 0 0 0 0 2 0 0 14 4 0 2 4 0 0 0 0 -12 0 -8 0 -4 -2 -8 -2 0 4 0 -4 0 -1 0 3 -4 4 0 0 -2 2 -8 0 0 2 0 0 0 0 -4 4 -4 -2 -2 0 2 -6 1 0 0 0 4 -2 2 0 -4 0 0 6 4 0 0 0 0 0 2 0 0 -2 4 2 -4 -2 4 0 4 0 0 0 0 -4 0 8 0 2 4 0 0 0 0
0 1 -2 1 0 2 -4 -6 -2 0 1 0 2 0 0 0 0 -4 0 0 0 4 4 0 -2 2 4 -4 0 4 0 3 0 8 2 0 4 0 4 -2 -2 -2 0 -7 4 -4 -2 -4 0 -4 1 0 8 0 2 2 4 6 0 4 0 2 8 -4 0 -4 -3 0 0 0 0 -2 0 9 0 4 0 -2 4 -2 0 -4 2 0 0 2 -2 8 2 2 4 2 -6 0 -6 1 4 4 -6 -5 -3 4 0 0 0 1 0 2 -2 4 10 0 0 -4 0 8 0 4 -4 5 1 0 4 0 -10 0 0 4 0 2 0 4 0 0 0 0 -1 0 0 -2 4 0 1 0 4 -6 0 -8 0 0 -2 -3 4 -2 0 0 0 63 -6 0 4 2 9 0 -1 4 -1 -4 0 -1 -6 3 -2 0 0 -1 0 -2 0 2 -4 -1 0 0 0 2 0 1 -8 0 4 0 2 9 0 0 6 2 0 0 3 0 0 1 0 2 4 8 0 -4 2 -2 2 2 -4 0 2 0 -6 -1 -2 4 2 -8 -3 0 6 2 0 -4 -4 -2 6 0 0 2 0 0 -4 4 2 -1 0 6 4 0 0 0 -4 2 4 -2 2 -4 8 0 -2 0 -4 8 10 0 6 0 0 0 2 -1 1 -2 -8 -6 -2 0 0 5 0 0 -4 2 -4 0 -1 -4 0 0 -4 4 0 -4 4 -6 0 -2 -3 2 -2 0 2 4 0 -3 0 0 -2 0 -1 -4 0 0 4 4 4 4 0 2 0 -2 0 4 0 0 4 2 2 2 0 0 0 0 0 0 0 0 0 1 2 0 2 0 2 -2 2 4 0 1 0 -3 -4 0 4 2 0 -2 0 0 4 -5 0 0
0 2 -2 -8 2 -2 5 -2 -2 0 2 0 -2 0 -2 4 -2 0 0 0 -1 -6 0 5 0 -2 -4 -4 0 0 -3 0 -1 0 1 0 0 2 0 -2 -2 0 0 0 0 0 0 -1 -2 -2 1 2 4 -4 0 0 2 0 0 0 0 -6 -6 0 0 0 0 2 1 0 -4 0 -4 0 0 0 0 0 0 0 4 1 -2 -3 0 -3 1 -4 -2 0 0 -4 0 -2 0 -4 0 -2 0 2 0 0 2 0 0 -4 0 2 0 0 -4 2 0 0 4 -1 -4 1 0 2 0 5 0 -2 0 0 4 -2 -2 0 1 4 0 0 -3 2 0 -4 0 4 3 0 4 0 0 6 3 -1 0 -1 1 0 0 -4 4 0 0 -6 37 -1 0 -2 -6 -4 -6 2 0 -2 0 0 0 0 0 5 3 2 0 6 0 -2 -4 2 0 0 -3 -2 -1 1 2 0 -2 -4 4 0 0 2 -1 0 0 0 0 0 0 2 0 0 0 0 -4 4 0 4 -2 -2 4 0 0 0 0 0 2 0 -1 -5 1 -2 -1 -2 0 0 -4 0 2 6 -2 2 0 0 -2 -4 0 0 0 -4 0 0 1 0 0 -1 0 0 -3 0 0 2 3 0 0 -1 0 -4 0 -4 0 -6 -2 2 -4 0 0 0 4 2 3 0 0 0 1 0 0 0 0 0 0 0 0 2 -4 1 -2 0 4 4 -2 2 0 0 -2 2 0 0 0 0 0 0 0 2 -2 2 0 -4 -4 0 0 0 4 0 0 0 0 -4 -2 0 2 1 -4 0 0 -1 -2 1 -2 0 -1 0 0 0 0 -4 0 0 -4 -2 0 0 0 0 0 0 -4 0 0 -8 0 -6 -6 0 2 2
0 0 2 0 -2 1 -5 0 0 0 -3 1 0 0 2 0 4 0 0 0 1 2 4 0 -3 0 0 4 0 -4 -8 4 0 0 -1 0 -4 -4 0 -2 4 2 0 -4 -4 0 -2 0 0 2 0 0 -2 0 -2 0 -2 -4 0 -2 0 4 -1 0 0 0 0 0 4 0 0 2 0 0 0 0 0 4 0 2 -4 0 0 0 -4 0 0 4 0 0 0 2 -4 0 1 0 -1 0 -4 0 1 0 0 0 0 0 -4 0 0 1 2 0 0 2 0 0 -4 0 -2 0 4 0 -2 -2 2 4 -2 0 0 0 0 -2 4 0 0 0 0 0 0 0 4 0 -2 0 -1 0 0 -2 4 0 1 0 0 -1 0 2 0 0 -1 32 0 0 0 -4 -4 0 2 -2 2 0 -5 3 0 0 -3 -2 -2 2 0 0 0 0 -4 -4 -2 0 -1 2 -8 4 -2 -1 2 2 0 2 0 6 0 -4 0 0 0 -2 1 -4 0 0 -2 0 0 0 0 2 0 0 0 -4 2 0 0 -6 -2 -4 4 0 0 2 -2 0 2 4 -4 -2 4 0 0 0 0 0 -4 0 0 0 0 0 -1 0 0 2 2 0 6 0 0 0 6 10 -1 0 0 0 0 0 1 0 1 0 -4 0 0 4 0 0 0 0 -4 -2 0 -4 4 2 0 1 4 1 0 -1 -3 0 -4 0 0 0 1 0 2 -4 0 -1 4 0 1 0 0 0 2 0 0 -2 -4 -6 0 0 0 0 0 0 0 4 -4 0 0 0 0 -5 0 4 0 4 0 0 2 -1 2 -1 0 2 -2 -1 0 2 0 2 -4 -4 0 0 0 0 0 2 0 4 0 2 -3 4 -4 -1
0 0 3 2 -2 0 -4 0 4 -5 0 0 -2 0 0 0 0 6 0 0 3 4 0 0 0 0 -4 -2 2 0 0 -2 -6 4 2 4 0 4 0 4 0 0 0 -1 -1 -4 -4 0 1 -2 6 0 0 -2 -4 2 2 4 0 0 0 0 -4 2 -2 1 -2 0 0 -3 0 0 0 -6 0 -2 2 -3 2 -4 -1 0 -2 3 0 4 0 0 0 -1 0 4 -4 0 1 4 -3 0 0 0 4 -4 1 4 0 0 -6 0 -6 0 -1 0 0 -10 2 0 0 -6 0 2 2 0 -4 0 2 4 0 -2 2 0 -2 4 4 0 4 0 1 -6 0 0 0 2 6 0 0 -8 -6 -4 0 0 -4 1 -8 0 0 2 -2 4 0 0 59 -2 0 -4 0 3 4 0 4 0 -8 2 0 0 -5 2 0 0 7 0 0 -4 0 -1 3 0 2 0 0 0 0 0 0 2 2 0 0 8 0 0 3 0 -4 0 4 2 0 0 0 0 0 -4 0 -4 -2 0 0 -2 4 4 -3 0 2 0 -6 4 -8 0 0 0 -10 0 -2 -2 -1 0 2 0 0 0 6 0 4 0 0 -1 4 0 0 -1 -4 2 -2 4 8 0 0 -2 1 0 2 -2 4 -2 0 0 -4 -1 0 -4 -6 -2 4 -2 6 4 0 -2 0 0 0 6 -2 0 6 1 -4 -4 4 0 0 -4 0 0 -6 0 2 -4 0 0 -1 -4 0 -2 0 0 0 0 -5 4 1 -2 0 1 0 -8 2 0 2 -4 0 0 8 7 2 2 -2 -1 1 2 4 -4 2 -1 4 2 -3 -4 -3 0 -2 4 -2 0 0 4 0 -5 0 -4 6 0 0 6 4 4 4 0 2 0
2 0 4 0 2 0 6 0 4 4 0 0 -4 4 2 0 0 0 0 0 0 2 0 0 0 -5 -2 -4 0 4 0 0 0 -2 0 -2 0 0 0 0 4 -8 0 -4 0 -2 0 0 0 -4 -3 0 0 0 0 4 4 0 0 4 2 1 -6 0 -4 0 2 0 -2 0 -4 0 0 0 0 12 8 0 0 4 0 0 -2 -4 0 0 -2 -2 0 0 2 0 0 0 2 -2 0 4 0 0 -4 0 0 -4 0 0 0 -2 0 4 4 0 0 0 0 0 0 4 -4 0 2 -2 0 0 0 -3 0 0 4 4 -4 0 4 0 -2 0 -4 4 0 8 0 0 0 0 0 0 -4 4 0 4 4 0 0 0 2 0 4 2 -2 0 -2 54 10 0 -4 -4 -2 -2 -2 4 0 0 0 -2 -8 0 -4 0 -2 -1 6 -4 0 0 2 0 4 2 -2 0 0 6 0 0 0 -2 -4 -4 0 0 0 2 -2 0 0 0 -2 0 0 2 4 -4 5 0 0 0 0 0 0 0 2 0 0 0 -2 -6 2 0 0 0 -2 0 -4 2 0 0 0 0 0 -2 0 0 -2 2 0 0 0 -4 0 0 4 0 2 0 -2 -4 -4 0 0 0 4 0 2 4 -2 6 4 2 4 0 0 0 0 4 0 6 0 0 0 -2 0 0 6 0 4 2 -4 0 2 -4 -2 9 4 0 2 0 0 -6 0 0 0 0 4 4 1 4 0 0 0 -6 6 0 2 -5 0 0 0 2 -3 -4 0 4 0 -6 0 -4 0 2 2 0 3 2 -4 0 -2 0 -4 0 0 0 -4 0 6 0 -4 0 0 0 0 0 -1 4 -8 0 0 0 0 0 0 0
4 1 4 0 0 4 -7 0 0 4 -2 -2 2 -2 0 2 2 -4 1 4 2 4 2 0 0 -2 6 0 8 4 0 8 4 0 0 0 -3 4 0 0 0 0 -4 -7 1 0 4 2 -2 -2 -2 2 4 -4 -2 0 2 0 -2 -4 0 10 6 6 -2 3 -4 -2 -2 2 -1 -4 1 2 0 10 4 -4 4 0 2 2 2 -4 0 8 -4 4 2 6 -10 -2 0 -2 6 0 2 4 -4 -1 -2 0 -4 -6 -4 8 12 2 3 0 8 2 4 0 4 2 -2 -4 -4 0 -4 2 0 -6 0 -4 2 -2 0 2 -2 4 0 -8 2 0 -1 -2 4 -3 6 8 0 0 0 2 0 -10 0 -1 -4 -2 0 0 3 0 0 9 -6 0 0 10 92 0 -1 -2 0 6 -2 4 2 -3 -2 -2 -1 0 0 -4 1 0 2 2 4 0 -2 0 11 2 -4 0 8 -2 4 0 -7 -8 -2 -5 -8 0 8 -4 0 0 -2 -2 -2 -1 0 2 10 -8 2 0 -3 0 0 4 -3 -1 0 0 4 2 0 2 2 4 4 2 2 4 2 0 2 6 5 0 4 4 8 0 0 -2 0 0 6 -6 0 2 0 0 6 0 2 -8 -4 -1 2 0 4 0 0 2 -1 10 -2 -2 0 0 2 0 0 4 5 6 -2 -4 0 -2 4 -6 -4 -4 -6 -2 0 0 0 0 4 6 0 -4 0 -3 0 -1 -4 4 -2 -3 -4 0 2 -2 0 0 0 2 2 2 8 -6 0 4 2 5 -4 0 0 0 10 0 -6 4 2 2 6 4 2 0 3 0 4 -2 -5 0 6 -3 11 -2 0 0 -2 3 -2 6 2 -6 0 4 -3 2 0 4 4 -8 0 0
0 0 0 -2 0 4 -12 -4 0 2 4 4 4 0 0 4 0 0 -6 0 0 4 2 -6 0 -2 -1 4 0 2 2 -2 6 0 -1 1 -2 -4 1 0 0 0 -4 5 4 2 0 -6 0 0 -2 0 0 -3 6 2 4 0 4 2 4 0 2 0 -8 4 0 0 0 0 8 -2 2 -4 -8 6 -2 -4 0 -4 0 2 -4 0 8 0 4 0 0 -4 -4 -5 0 0 0 6 -2 0 -2 0 0 0 0 0 0 0 -2 -2 0 0 4 4 -1 4 6 0 -2 2 0 0 -2 0 0 4 -1 -4 -2 2 -2 -1 4 0 2 -1 4 0 6 2 0 2 -5 4 -4 0 0 0 -2 0 2 0 0 0 0 0 0 -6 0 0 -4 -4 -4 0 0 68 2 0 -6 0 -2 -4 3 0 0 -2 0 4 0 0 -6 0 4 0 -3 -2 -1 -2 -2 0 1 -3 0 4 -2 0 2 1 -5 -6 -6 -4 0 0 0 0 -5 -4 0 -2 2 0 2 -2 4 -2 -4 0 -2 -4 0 -2 0 0 -2 0 0 0 2 0 4 -4 0 -4 2 8 0 0 -2 0 2 0 0 0 4 4 0 5 0 0 0 4 2 0 -4 -2 2 0 -4 -7 4 0 8 5 0 10 -2 4 -1 -4 0 6 -4 0 -2 3 -8 -2 4 0 4 0 4 0 0 -6 0 0 -6 0 0 0 0 -1 0 0 -4 0 -4 2 2 0 2 2 0 1 -2 4 6 2 -10 0 -8 4 -3 -2 2 2 3 6 -4 -3 0 4 -1 -8 -4 1 0 0 2 -5 2 -2 5 2 0 -6 -1 2 0 0 0 0 4 4 0 4 2 2 0 0 -4 -4 0 0 0 10 2 2 -1 -4
0 0 0 0 2 0 0 0 0 0 0 0 10 -4 0 0 0 0 0 0 0 0 0 -2 0 0 0 4 4 0 0 -1 1 0 0 0 0 -2 0 0 -4 2 -2 0 -6 -1 0 0 0 0 0 0 0 0 2 0 -6 0 2 0 0 0 0 0 0 0 0 4 2 1 2 0 0 0 0 4 0 -6 0 -2 -4 0 0 0 0 0 0 0 0 0 0 -2 -4 -2 0 2 0 2 2 1 -2 0 -2 0 0 0 0 4 -2 0 0 -4 4 0 0 4 0 0 6 0 0 -6 0 -4 0 -2 -4 1 0 0 -2 0 -4 -1 -2 0 -2 4 0 0 -2 -1 0 0 0 0 0 0 0 4 2 0 2 0 0 -4 0 -1 -6 -4 0 -4 -1 2 33 0 2 0 0 0 0 -1 0 -1 -4 -2 4 0 0 0 2 4 0 0 0 1 0 0 0 0 0 -4 -4 0 0 -5 0 0 0 -4 0 4 4 0 0 0 0 0 0 0 -2 0 -6 0 -4 0 0 7 0 0 0 -1 -6 3 0 0 1 -6 0 -1 -4 -2 8 2 -2 0 0 0 -2 -2 0 0 0 0 4 0 0 0 0 0 -4 -2 0 0 -1 0 -2 0 0 -2 0 2 0 2 4 -4 0 4 -4 0 0 -2 0 1 -2 2 4 0 4 0 2 0 4 0 0 4 0 0 0 0 0 0 -4 0 0 -1 2 2 0 -2 -4 0 -4 0 0 0 0 0 -2 2 4 0 0 0 0 1 0 0 0 0 -2 2 0 2 -2 -2 0 0 0 0 1 0 4 4 0 0 4 0 0 -2 -2 0 4 0 0 -1 0 0 0 0 4 0 0 8 0 0 12 -4 0 2
0 -2 2 3 0 4 -2 -4 0 -3 2 0 -2 0 0 0 -4 0 4 -2 0 0 4 0 2 -6 -4 0 6 -4 -4 4 0 -1 0 0 2 0 2 -1 -6 2 10 0 0 1 -6 0 0 1 2 0 0 0 0 0 0 4 4 0 -2 0 0 6 3 -1 0 8 -1 0 -4 -2 -8 0 0 0 0 -2 0 1 0 2 4 4 2 -4 6 6 2 -2 -2 0 -2 0 -2 2 0 -4 0 0 0 0 -3 2 -4 2 0 0 0 0 -2 6 0 0 -6 0 0 2 0 6 4 4 0 -1 6 0 -2 0 1 -4 -4 0 2 1 5 -4 -4 -2 -4 -4 0 0 -2 -4 -1 0 2 -4 -1 -2 2 -4 2 6 5 2 2 4 2 0 3 -4 -2 0 0 66 10 -4 0 -2 -2 8 4 -5 2 2 0 2 0 0 0 -4 2 0 -4 4 -1 2 0 0 -4 2 2 12 3 2 4 0 -4 0 0 0 -4 -2 -3 4 0 -1 -2 4 -5 9 -4 6 -4 2 -6 2 2 2 -2 -2 -2 0 -1 4 -2 0 0 0 2 -2 4 -4 -7 6 0 -4 -3 4 8 -8 0 0 0 2 0 0 0 4 2 4 4 0 2 0 0 0 5 4 4 -4 3 0 -6 0 4 0 10 4 2 -1 0 0 0 0 -2 -4 -6 -2 2 -4 4 6 6 -4 0 0 2 0 3 0 -8 2 2 -2 0 0 0 5 0 0 0 0 2 2 -2 0 0 2 2 -2 0 0 0 2 -1 -2 0 -6 0 0 0 6 8 0 4 0 0 -2 -12 2 -1 0 2 1 5 -5 4 4 -4 0 0 7 -1 -2 0 0 -2 0 0 4 2 6 3 -8 0 0 2 2
4 -2 -4 -1 2 -1 -1 0 2 -4 -2 -1 4 -2 0 0 0 0 12 0 0 0 2 -6 2 0 2 -2 2 -3 2 0 0 0 -4 2 -2 4 0 -2 0 -5 4 2 0 8 0 0 0 4 -1 -2 0 0 0 -4 -3 0 1 2 2 2 -4 0 0 -6 0 4 3 -8 -4 8 -4 0 -1 0 0 1 -2 5 0 2 2 0 -4 0 8 2 0 0 0 0 -2 4 -4 1 0 4 6 -1 0 2 4 0 0 4 4 0 0 0 0 0 0 0 2 4 -2 0 2 5 2 0 -2 -4 0 4 -4 0 -2 -2 0 4 1 2 0 0 -4 -6 1 -2 -4 0 0 -1 -4 -2 -1 0 0 5 2 1 -4 3 -2 6 2 -1 0 2 4 -2 0 -6 2 10 68 0 6 12 0 6 4 2 -2 9 4 -3 0 0 -4 4 2 -6 -2 2 4 0 -3 4 -2 -2 5 4 0 2 0 18 -4 1 2 0 2 -8 -2 -2 0 -2 -4 0 8 2 -2 6 0 0 0 6 0 4 1 4 -3 0 6 0 2 -2 0 2 2 0 0 -2 2 -2 -8 0 -2 0 0 -4 0 0 0 -2 2 0 0 -2 0 0 4 2 4 -4 -2 5 4 -1 1 0 0 2 2 0 -2 1 -2 1 -3 -6 4 7 4 -5 2 0 -4 -4 0 1 6 -4 -2 2 -4 4 0 2 -4 2 -4 2 4 0 -6 2 0 0 0 -2 4 0 3 2 2 0 8 2 0 -2 -6 0 4 -2 -3 -2 0 4 6 -2 0 1 0 2 4 2 0 2 0 4 2 4 0 6 -2 -2 -1 4 0 -2 1 1 0 0 0 1 0 0 1 14 2 2 4 -1 0 2 -3 0
0 4 -1 -4 0 4 0 0 -2 1 2 -2 0 4 4 1 0 4 -4 0 0 0 0 -2 -2 0 -9 -6 -2 0 6 4 0 -8 0 -6 -2 6 0 -2 0 4 0 -2 0 2 0 0 0 0 4 0 0 6 -4 0 0 0 0 0 0 1 5 0 0 0 4 0 0 0 0 -2 0 0 -4 -2 0 0 0 0 0 0 0 -6 0 6 -4 4 -5 4 1 0 0 4 0 -4 4 0 0 2 0 0 -1 0 -3 0 10 0 0 -4 -4 -2 4 0 9 0 -4 0 0 0 1 0 -4 -6 1 0 0 1 0 1 0 4 0 -3 10 0 0 -2 6 -2 0 6 -4 -2 0 4 -2 0 0 -2 0 0 -4 -4 0 0 -4 -4 -2 -2 0 -2 6 0 0 -4 0 60 -4 0 2 6 0 2 0 10 2 -3 0 2 0 0 6 -10 4 0 -8 -4 0 2 4 -2 0 -4 0 2 -3 0 -6 0 4 0 -2 -4 -8 -12 0 0 0 8 -1 6 -4 0 0 0 0 0 0 0 1 -4 0 4 -5 0 0 -2 0 0 -5 0 -4 0 0 4 0 0 6 -5 0 4 -2 0 -2 4 -2 4 0 -6 0 -4 2 0 1 0 3 0 -2 0 0 -4 0 0 2 0 -2 2 2 0 -4 0 0 0 -4 0 1 4 0 8 0 0 2 4 0 -1 0 0 0 1 0 0 0 -4 0 0 4 4 0 0 0 0 -4 0 4 0 0 -4 2 4 4 0 0 4 2 0 0 0 0 -8 0 0 0 0 0 4 0 0 0 -4 4 0 0 0 6 -2 0 4 6 2 -2 2 0 -6 -4 0 0 0 0 0 0 -2 -2 4 0 0 0 4 -2 3
0 0 4 0 -4 0 -2 0 4 0 -4 2 4 0 0 2 1 0 2 0 0 0 0 -1 0 0 0 0 0 2 0 0 -2 4 0 0 4 4 0 0 -2 -5 0 2 2 4 -2 6 4 0 6 0 -2 6 0 0 -3 -4 0 -2 0 0 -4 0 -2 -2 -4 0 0 4 2 0 2 4 0 0 6 0 0 -4 1 -1 0 0 0 0 2 0 0 0 0 0 0 -2 -4 1 -2 0 2 2 -3 0 2 0 0 0 -2 0 0 4 0 2 2 2 0 2 0 2 0 2 -2 4 0 0 0 -4 0 0 0 0 0 0 1 2 4 0 0 1 0 1 0 0 4 0 0 -2 4 -5 -2 0 0 0 0 0 0 2 0 0 0 2 4 -2 -2 -2 0 0 6 -4 31 0 -2 2 0 0 0 -2 4 2 4 0 0 0 0 0 0 -2 0 6 -1 3 0 -2 0 4 0 1 1 2 0 2 2 0 4 -2 2 0 0 0 -2 0 -4 2 0 -1 0 0 0 -3 4 0 2 0 0 0 0 0 2 4 0 0 0 -1 0 -2 0 0 -2 3 -2 0 -2 -4 -2 0 0 -2 0 -1 0 0 -4 0 0 6 -1 0 0 0 0 0 0 0 0 0 4 0 0 0 0 0 0 -1 -2 4 2 1 0 -1 0 -8 0 0 0 -4 3 2 0 0 0 -2 0 -3 -2 0 -2 -1 0 -4 0 0 -1 0 2 -2 0 0 -1 0 0 4 0 1 0 2 4 3 1 2 0 4 0 0 0 0 4 0 0 0 0 -1 4 -4 2 0 4 -1 0 -4 -1 0 0 -4 0 4 0 0 0 -2 0 0 2 6 0 0 -1 4 0 0 -1 -2
-4 1 -4 -2 3 -2 6 0 -2 2 5 0 -1 6 -4 1 0 -2 2 4 0 -2 0 0 1 0 2 4 1 8 0 0 2 2 -6 -1 0 0 -2 0 -4 2 2 -4 2 0 2 1 -4 2 -6 -2 0 -4 0 4 0 -2 0 -1 0 -2 2 2 2 -6 0 0 1 -4 -2 4 0 -2 3 2 0 0 1 2 0 0 -6 0 6 0 6 0 -3 -2 4 4 1 2 0 -2 0 4 2 0 -1 0 2 -4 6 -9 4 2 0 2 0 4 -8 2 -2 5 0 -2 0 5 -1 -4 0 -2 0 -4 0 0 0 1 -2 -2 -1 0 0 -2 0 0 0 4 4 0 0 -2 0 4 -2 6 0 2 0 2 -4 -2 0 8 -6 -1 0 0 0 4 4 -4 0 -2 12 0 0 57 0 1 0 -2 -4 4 0 0 0 2 0 3 4 -2 -2 -4 0 -1 -2 8 -2 0 2 2 4 -4 2 3 -2 0 0 -3 2 -3 6 -4 -2 3 -2 -2 0 -2 -2 0 0 0 2 4 0 0 0 8 -2 0 4 3 1 -1 2 -1 -2 0 6 0 0 0 0 -1 0 0 2 3 0 0 -2 0 1 2 1 0 6 -1 4 1 -6 0 0 -2 0 0 6 4 0 -1 -4 2 0 1 0 0 4 0 0 4 -1 12 0 8 -6 0 4 0 -8 -12 10 0 0 0 0 2 0 0 2 -4 -6 2 0 0 0 0 -2 0 2 -4 0 2 0 0 2 1 -2 0 1 0 1 0 0 -2 -2 2 3 -4 4 2 0 -1 1 2 8 4 4 0 -3 -2 0 2 0 -2 -1 2 0 1 0 -4 4 0 4 -1 0 2 2 4 0 0 0 0 4 0 5 -2
2 3 2 -2 0 -1 4 0 -2 1 3 1 -2 -2 -2 -2 -2 -2 -2 8 2 0 4 1 0 0 1 2 0 0 0 0 2 2 4 0 -4 -4 -2 -9 1 2 1 0 6 0 4 2 0 6 0 1 6 0 4 6 -2 0 -2 2 0 0 -2 0 0 -4 0 0 2 0 4 0 0 -4 0 -2 -2 -4 -4 0 0 -2 1 0 -2 0 0 -2 -2 -2 -8 0 7 4 0 0 2 -5 -2 4 2 -4 -4 2 0 4 6 0 2 -1 0 -2 1 0 -3 0 0 0 2 0 0 10 0 8 2 -4 0 -2 2 1 2 2 2 1 4 -2 -1 2 -1 3 1 0 1 2 -4 0 -3 0 0 1 -2 -2 0 0 -2 0 4 -6 0 -5 -8 0 2 3 0 -2 0 2 -2 0 56 -3 2 -3 0 2 0 -3 -2 0 1 4 0 0 -2 -2 0 -3 4 -5 -2 1 0 -2 0 -1 -2 -4 0 0 0 0 0 4 -5 -5 0 0 0 1 2 2 0 4 0 0 1 -2 2 4 8 0 0 1 0 0 -7 2 0 2 0 1 0 2 0 0 0 0 0 -2 4 8 0 6 0 4 -5 -2 8 -2 4 3 0 1 2 -2 0 2 2 2 2 -2 1 0 0 0 1 2 0 0 4 -2 4 -2 0 0 0 0 0 2 6 0 0 2 -4 2 0 4 -3 0 0 2 0 1 6 0 -4 1 -3 0 -2 0 0 0 0 -2 0 0 0 0 -1 0 0 -2 0 -2 0 0 0 1 0 -2 -1 -4 0 0 -2 -1 0 0 2 1 0 -4 -6 -1 2 8 4 0 0 3 4 -2 -2 4 0 0 4 2 0 -2 0 -7 0 6 2 -4 0 -1
0 0 4 0 1 3 0 4 -2 2 1 -1 0 0 -2 6 0 -2 -2 -4 2 0 -4 -6 1 -1 0 2 3 6 0 2 4 0 0 -2 4 4 0 -2 0 -4 2 -4 -4 2 -8 0 4 -6 -2 0 -8 -2 -2 0 -1 0 0 -2 0 0 -4 -2 0 2 4 0 0 4 -4 2 4 -1 0 4 8 0 0 2 4 0 -4 0 -6 2 4 4 -2 2 -4 0 0 0 -1 2 -1 2 4 -1 0 0 -4 0 0 0 10 4 2 0 0 4 0 0 0 0 0 4 0 2 -2 4 -4 0 8 8 -4 0 -2 0 8 0 2 2 8 0 -1 0 0 6 10 0 0 -1 2 0 1 0 0 0 -4 0 0 -1 0 0 3 3 0 3 2 0 -3 0 -1 8 6 6 2 1 -3 74 3 4 -6 -2 2 2 0 0 0 2 0 -4 -2 4 0 -2 -8 6 0 1 -2 0 0 6 0 6 -3 0 0 0 -4 0 -1 0 -2 -4 -2 4 2 4 2 0 2 0 0 0 0 2 -4 2 0 0 2 4 4 -2 0 -2 -4 4 2 -8 -4 0 0 2 0 0 4 0 -8 0 -1 4 5 2 0 1 0 4 0 5 2 0 2 0 0 2 10 -4 0 2 0 6 -4 2 -2 -4 -4 0 0 4 -8 0 0 0 0 0 -4 -7 1 4 -2 -2 0 0 6 0 0 0 0 0 -4 2 2 0 0 -2 0 0 0 0 2 2 1 0 2 10 4 2 0 4 -4 4 0 0 0 -2 -2 0 0 0 4 0 -2 4 2 -4 -1 4 0 2 -2 1 2 2 -4 2 -2 0 0 2 0 -1 -10 4 0 0 0 -2 0 6 8 0 0 2 0 -3
-2 -4 4 0 2 0 -1 4 -4 0 3 0 -4 -5 8 0 0 -8 0 0 2 0 -4 2 0 1 0 2 0 -4 0 4 -4 4 -8 0 0 6 0 2 0 -2 0 0 0 0 0 8 0 0 -2 0 6 2 0 10 -1 0 2 4 2 0 2 -4 0 0 -2 0 0 4 0 0 -2 4 0 -2 2 -4 0 -2 -2 0 1 2 0 0 -1 0 0 -2 -2 -2 2 1 -6 4 0 -4 7 0 6 -4 -2 0 4 -2 2 -2 0 0 10 -4 -4 0 0 0 -2 6 0 0 -10 2 -4 -4 5 0 0 0 -2 0 0 0 0 4 2 -2 4 2 0 -6 0 0 -4 -3 -4 2 0 -4 0 0 2 0 0 -4 -1 0 -1 -2 0 0 0 0 -2 0 0 4 4 0 0 0 2 3 57 -4 -2 0 0 8 -2 6 2 0 1 4 4 5 4 -4 0 0 0 0 2 3 0 4 0 -2 0 -4 -4 -4 0 -2 0 0 8 -6 2 4 0 4 -2 0 0 -2 -2 -2 0 6 -2 1 0 0 8 0 -4 0 0 0 -4 -2 -2 4 4 -2 -4 -2 0 -4 6 -6 -4 0 1 0 -11 -5 -4 0 0 1 4 -4 0 0 1 -3 6 -4 -1 0 2 0 2 -4 0 2 0 0 2 -2 2 0 0 0 -2 -2 2 4 -3 -8 2 2 1 -2 2 -8 3 -4 -4 0 -6 -2 -4 2 4 -4 0 2 -6 0 4 0 4 -4 0 4 0 -1 -4 0 0 0 2 -1 0 -4 0 -6 -8 -6 0 -3 0 0 2 2 2 0 -4 -3 0 0 2 -2 4 0 -2 6 6 0 0 0 0 2 0 0 2 0 0 7 0 0 6 0 -2 0 0 -2
0 0 0 0 0 -4 -2 -2 6 1 2 -4 2 0 0 0 0 0 2 0 -8 0 -2 -1 -2 -2 0 0 -4 -2 -2 -6 0 -4 0 0 2 0 0 6 0 4 -2 2 0 -4 -4 0 4 -8 0 0 0 -2 0 0 2 0 -4 0 -2 -4 -2 -2 0 0 0 -4 1 0 2 0 4 0 0 -2 -2 0 0 -4 10 0 0 -1 0 2 -3 -4 -1 0 0 -1 -6 6 0 0 1 4 0 2 -2 0 4 2 0 0 2 0 0 0 -2 0 0 -2 0 -4 0 -2 0 -2 0 4 0 -4 -2 2 0 -4 -2 0 7 0 2 3 -1 2 0 4 0 0 4 4 1 0 -1 4 2 -2 4 0 -2 4 -4 0 0 0 0 0 5 0 0 -2 -2 -2 -1 -5 2 2 0 -2 -3 4 -4 49 -2 1 0 6 0 0 0 0 2 0 -1 -15 2 -1 0 4 0 0 2 -6 0 -6 0 2 0 0 0 0 4 -4 0 0 -4 -2 0 0 -6 -8 0 0 0 0 0 -2 0 4 1 0 -2 -2 0 -2 -1 0 0 -1 0 0 0 -10 0 0 0 -2 -7 10 -6 2 -4 0 -4 -2 4 0 0 0 0 -4 -4 2 0 -1 1 2 -1 0 0 0 -3 -2 2 -2 -4 2 0 0 0 -2 0 0 -2 -2 0 1 0 0 -2 4 2 4 -1 5 0 0 0 -3 -2 0 0 4 2 -3 0 2 0 2 2 -4 0 0 -2 -2 4 -2 4 0 0 4 0 0 0 0 -4 0 0 -3 0 2 -2 -2 0 0 -4 1 4 1 2 0 0 4 1 0 -4 0 4 6 4 0 0 -4 0 -2 -4 0 0 0 0 0 -2 0 -8 -2 0 -4 -1 -2
4 -1 2 0 10 1 -1 0 -4 2 4 -2 0 4 -8 -4 0 0 0 4 -3 -7 0 1 0 0 -4 -4 -1 -4 0 4 -2 0 5 -4 0 3 -2 0 2 0 4 0 -1 2 1 0 -4 0 3 0 2 -7 0 4 -2 0 6 0 0 -2 0 0 -1 0 0 0 0 0 4 -4 2 5 2 -11 -2 2 -2 -1 4 4 12 -2 0 2 0 0 -4 6 -3 -4 0 0 1 4 0 -2 -1 -1 4 0 0 5 2 0 4 -4 -2 -4 -4 12 4 2 2 4 -4 0 4 0 -2 8 0 -6 -6 0 0 4 -4 0 10 -2 0 6 -2 0 3 2 2 -2 -12 2 8 4 3 -8 7 -2 -2 2 0 0 2 -2 1 -2 4 0 3 -3 -5 -8 -1 0 -4 2 -2 0 0 -4 0 -6 -2 -2 74 0 4 2 1 4 0 7 0 -2 -1 3 4 -2 0 4 0 2 6 0 -2 4 -2 0 4 0 -4 1 -2 4 0 2 0 6 -2 0 0 0 6 -6 -4 -4 4 -5 -1 -6 -2 0 0 0 0 0 -2 -2 2 2 -2 2 -3 4 0 0 2 0 0 4 -4 6 -2 0 8 -1 -3 6 2 0 4 0 -4 0 -2 -4 -16 0 3 8 0 -6 -4 0 -1 -8 0 -4 0 0 2 0 1 -2 0 -4 2 4 -2 -2 4 2 -1 -4 -8 -2 -4 0 -3 0 -2 -10 2 -2 0 0 6 0 -4 0 1 2 0 2 -4 -8 0 -2 2 6 0 -4 -6 0 0 0 -2 -5 2 -2 0 0 -4 2 0 5 0 -2 -4 0 8 0 -4 4 0 3 6 0 0 4 0 0 0 0 1 -5 2 4 4 -4 0 2 5 0 -2 -2 0 0 2 -4
0 0 -6 0 0 0 -4 -1 0 5 2 0 0 0 4 0 0 -2 0 2 -2 0 -2 2 0 0 -2 -2 -4 0 0 4 1 0 -6 -4 0 2 0 -6 0 5 2 -1 -1 0 0 -5 0 0 5 -1 0 2 3 2 2 2 -4 -2 8 2 2 0 -2 -2 2 0 2 0 -2 0 -3 0 -6 -1 -3 4 0 0 0 -4 0 0 4 -4 1 2 -2 -4 -4 0 2 -4 2 -8 0 4 1 2 -2 0 1 0 -1 0 0 0 0 0 2 0 -4 6 3 0 2 0 0 1 4 2 1 0 2 0 0 1 4 -2 -4 8 8 -1 2 0 0 0 0 -1 6 4 -1 -4 0 -4 -4 0 4 0 -2 0 -2 1 0 0 -4 -1 2 -2 2 0 0 4 -2 2 9 10 -2 4 2 -2 0 1 0 53 0 1 0 0 -6 2 -2 -8 5 -1 4 0 0 2 0 -2 7 0 0 2 0 8 -4 -2 -1 0 1 0 -4 -1 0 -4 -2 4 2 0 0 6 2 0 -5 0 -4 -1 0 0 -3 0 -8 0 1 -4 2 -3 -4 -1 0 -1 -2 2 0 0 -4 -2 0 3 -4 2 4 2 -4 2 0 0 3 3 1 0 0 0 3 5 0 -4 0 -2 -2 2 2 0 -2 4 2 2 -4 0 0 -2 0 0 6 4 0 2 -2 -1 0 2 0 0 4 2 0 -1 2 2 4 -4 0 -1 0 2 0 0 0 1 4 0 4 0 0 2 2 0 0 3 0 0 0 -4 -2 0 0 0 2 -2 -1 -2 -2 6 0 -2 0 -4 3 2 0 0 0 -6 0 -1 1 2 -2 -2 0 0 0 -2 4 0 0 0 -4 0 0 -2 4 0 0 4 -1 1
1 0 2 0 -6 -4 0 0 2 0 0 2 0 0 4 0 0 0 0 0 2 -4 0 0 6 0 0 0 0 0 0 0 0 -6 0 -1 2 0 -2 0 -2 0 0 -1 -4 4 0 6 0 2 0 -4 0 0 0 4 -4 -4 4 0 0 0 4 0 0 0 0 0 -4 0 -4 0 0 0 0 -4 4 0 0 0 0 -4 -1 0 0 0 4 2 0 4 -2 0 0 -2 -4 0 0 0 4 0 -2 4 0 0 0 0 0 2 4 0 0 0 0 -4 -4 0 0 0 4 -3 -8 -4 0 0 0 0 4 -2 4 0 0 -2 -2 0 2 0 -4 -2 0 -1 0 4 0 0 0 -2 2 0 -4 2 -2 0 0 2 -2 0 0 0 0 -2 0 -4 0 0 4 0 4 2 4 0 0 2 0 0 4 0 36 4 0 0 -2 0 0 -2 3 0 2 0 0 4 0 2 0 0 0 3 0 0 4 0 0 -1 0 0 4 0 0 4 0 0 0 2 0 0 2 0 0 0 0 -2 0 -4 -6 0 0 1 2 -4 6 -4 0 0 0 0 0 0 -4 4 -2 0 4 0 -2 0 2 4 0 0 0 0 2 0 -1 4 0 2 -2 0 -2 0 -1 -2 2 0 4 0 0 4 0 0 0 2 0 -2 -2 0 4 0 0 4 2 0 3 -2 0 0 0 0 0 0 0 2 0 2 0 -4 0 -4 4 -4 0 0 -1 4 0 -4 1 0 0 0 2 4 0 0 4 -2 0 0 4 2 2 -2 0 0 -4 -2 0 0 0 0 1 4 0 6 2 0 4 0 0 4 -6 1 -6 0 4 4 0 0 4 -4 0 4 2 4 0 0 -2 0 2 0
-8 2 0 -4 -2 -3 1 -2 4 0 0 0 4 4 -2 1 0 -2 0 2 3 0 -3 -2 0 0 2 2 -4 -2 0 -1 -2 6 0 0 2 -6 0 4 -2 -2 0 -2 1 5 0 4 6 5 0 -5 4 0 0 -2 0 -8 0 -2 0 -2 0 0 0 -1 0 2 0 4 6 0 2 0 0 4 2 0 6 -4 4 0 1 -2 0 -3 0 0 1 -2 0 -2 0 2 -2 2 4 2 7 0 2 1 -2 -2 1 -2 -3 0 6 0 -4 0 0 0 -2 5 -1 10 0 -4 -4 4 0 5 -4 0 0 4 -10 0 -2 -1 1 0 11 2 0 0 -3 -2 4 -2 2 -1 0 4 2 4 4 -3 0 -2 0 0 0 0 -2 -2 6 2 0 0 -4 0 0 2 -3 -3 2 0 -3 2 8 6 2 1 4 55 0 4 2 2 -2 -2 -2 2 4 -4 0 4 2 6 3 0 4 -5 -3 0 1 5 -1 0 0 -2 0 8 0 0 1 -4 0 4 0 -3 -4 0 -2 -4 1 0 -3 -2 -2 2 -1 0 -2 0 0 4 -4 -4 0 -4 -4 2 0 8 -4 1 4 0 0 0 -4 0 2 0 0 -1 0 -4 2 4 -3 4 0 0 -2 -2 -2 4 -3 0 3 0 3 -1 6 0 0 0 0 -1 0 1 1 0 2 2 0 0 1 0 3 4 0 4 -1 -6 0 0 5 12 -2 -6 0 -10 0 0 0 2 0 0 0 0 0 0 0 4 2 0 0 -2 0 -2 0 0 2 -4 -4 0 1 -4 -2 0 6 2 1 0 8 1 2 2 2 -1 4 0 -2 -6 -2 0 0 -3 4 3 0 -4 0 0 0 2 0 0 2 -1 -2 -1 -2 -4
0 2 0 0 4 0 4 0 0 4 -2 0 0 0 0 0 0 0 2 -2 0 0 4 0 0 5 0 0 -2 4 0 0 0 4 -2 0 5 2 -4 0 0 2 0 0 -2 0 0 -2 0 2 8 0 2 0 0 0 2 0 -4 0 0 0 4 2 0 1 -4 4 0 0 -4 -4 0 -6 0 -2 0 4 1 0 -4 -1 -4 0 0 0 0 1 0 0 0 2 0 2 0 2 8 0 0 0 0 4 2 4 -2 -4 0 2 -7 0 2 0 0 0 0 0 0 0 2 4 1 2 -2 4 0 -4 0 -4 0 4 -1 0 0 0 2 0 3 3 4 -2 0 0 2 0 4 0 0 0 0 0 0 0 2 0 0 0 -2 0 0 0 7 -2 1 -6 0 0 0 0 4 0 -2 0 -2 0 1 0 0 0 37 0 0 0 0 0 -2 0 4 -1 0 -2 0 0 0 -4 0 0 4 0 0 0 2 0 0 0 0 0 0 0 -1 -2 0 4 0 0 0 2 0 0 4 2 4 0 -2 0 0 2 4 2 0 0 -1 0 0 0 -1 0 0 1 0 0 -6 0 0 0 0 -3 2 0 -4 4 0 2 -2 0 0 4 4 0 -1 0 0 0 0 0 -2 0 0 -2 0 0 2 6 4 0 4 2 0 -2 0 0 -4 4 2 2 2 0 4 -2 0 2 0 -6 0 -2 0 -3 4 0 2 0 1 2 0 0 -2 -1 0 4 4 4 0 0 0 6 0 0 -1 0 0 0 0 -2 0 2 0 2 0 0 -2 0 8 -4 0 0 0 0 -1 0 0 -2 0 2 1 0 2 0 4 4 0 0 4 -2 0 0 0 2 -4 0 0 0
3 2 0 4 0 4 -2 2 0 6 7 0 4 0 -2 0 0 -2 4 0 0 2 0 0 1 -1 -5 0 -1 0 0 -2 -2 0 -2 0 0 4 0 -1 2 4 4 0 0 2 0 0 0 4 -6 0 2 0 0 0 0 4 4 -1 1 1 4 -2 -2 -2 0 1 0 0 6 0 0 1 0 -4 0 0 0 1 0 0 1 4 4 4 3 2 -4 2 -1 8 0 0 -5 4 0 0 0 0 4 -2 -1 0 -2 0 4 -1 2 0 2 -2 -2 2 0 0 0 0 0 -2 0 -2 4 -5 0 -2 0 0 0 0 0 0 1 -2 8 -2 0 2 4 -1 4 4 -5 -4 0 -4 0 -4 0 0 2 0 0 4 -1 0 4 2 -2 0 0 -1 0 0 0 0 0 2 0 2 0 0 6 0 4 0 0 4 0 44 0 2 4 0 0 4 0 0 0 0 -4 0 -2 -1 0 0 -2 0 -6 0 -4 0 0 0 0 -4 6 -2 0 -6 -2 -3 2 0 0 0 0 0 4 0 0 4 0 -4 2 0 1 -2 0 0 0 0 0 3 0 0 0 1 4 10 0 0 0 2 0 -4 -6 0 0 0 0 0 0 0 2 2 0 4 0 -4 0 0 4 0 2 -2 4 0 0 -4 0 0 0 0 -2 -1 -2 0 -4 -4 -4 -4 0 2 4 0 2 0 2 2 4 2 2 0 0 0 0 0 0 0 -2 0 0 0 -1 0 0 0 0 -4 0 1 0 4 0 0 0 -2 -1 0 -2 -6 0 -3 -2 2 0 2 2 -1 4 0 2 0 4 0 8 0 4 8 0 0 0 1 0 -2 2 -1 -1 4 0 4 -2 0 2 0 3 4 0 0
4 0 2 0 0 -3 0 0 -2 -2 1 4 0 -6 0 4 -2 2 -8 -4 -6 4 -2 -4 0 0 0 0 4 0 0 2 -2 -8 0 0 4 -2 -2 0 0 0 -4 2 0 -8 0 0 0 -5 4 2 2 1 -4 0 0 0 1 -4 0 -2 0 2 0 -1 0 0 0 4 2 -5 2 -2 0 1 1 0 0 0 2 0 -4 -4 0 0 0 0 2 4 4 2 1 0 0 5 0 0 0 0 -8 0 2 -2 2 0 0 0 0 -4 0 0 0 0 0 0 0 0 2 0 0 0 -4 0 2 0 0 0 0 0 0 0 0 0 0 0 0 2 0 -1 4 0 0 4 4 12 -4 0 0 -4 4 -1 -8 -2 4 0 0 -4 -4 0 0 6 2 4 2 0 -4 0 0 0 1 0 2 0 0 -6 -2 2 0 0 42 -1 0 6 0 1 -2 1 0 0 2 5 -8 -2 0 2 0 -2 0 -8 0 6 0 2 -4 -2 1 0 4 5 -2 2 0 -6 -6 1 0 -2 0 0 -2 -4 0 4 0 0 0 4 2 0 0 1 -2 0 0 4 0 -2 0 2 6 6 4 0 -8 4 0 0 0 0 0 0 2 0 3 -4 0 0 -1 2 2 4 1 4 0 0 -4 -4 0 -4 0 0 -4 -2 6 4 -4 0 0 0 0 0 0 4 2 0 0 -4 -3 0 0 0 -1 2 -2 0 0 -7 0 0 1 -4 1 0 4 -8 5 0 0 0 0 0 0 -4 0 0 -2 0 -4 -4 0 8 0 0 1 0 0 0 0 0 0 0 2 2 0 0 0 0 0 0 1 3 14 -4 0 0 2 0 0 -2 0 0 3 4 0 0 0 0 0 -2
0 -2 0 0 4 1 -2 0 0 0 1 2 4 0 0 0 6 -4 -2 0 0 0 -4 -4 2 0 0 -2 -3 -2 -2 6 4 -2 0 0 0 -1 1 -4 2 0 0 4 1 2 3 0 4 4 2 0 0 0 4 0 -6 -4 0 0 -4 0 0 -4 6 6 -4 4 2 0 4 -4 -1 0 4 -3 0 0 0 4 0 0 0 2 0 -2 0 0 0 6 2 2 -4 0 0 0 2 2 0 0 4 0 -2 -1 -4 0 0 6 -2 -2 0 4 4 2 0 4 0 0 0 4 -1 0 -1 -2 0 -4 -6 0 0 0 0 0 0 0 -2 5 0 0 -2 -2 3 0 0 2 0 -1 4 -2 0 4 0 2 1 0 2 0 0 -1 2 0 -4 -4 2 0 4 -4 4 0 0 3 4 2 0 0 7 2 0 2 0 2 -1 46 8 -2 0 0 0 1 2 4 0 0 4 0 0 4 0 2 4 0 0 4 4 -1 4 -2 0 2 -4 0 0 -4 0 4 2 0 0 4 -1 0 4 4 2 0 -1 4 0 -2 0 -4 -4 0 -1 0 -2 4 -4 0 0 2 -10 2 2 3 4 0 0 4 0 0 7 2 2 2 0 0 -2 2 3 -6 -2 4 3 -2 0 -2 0 0 -4 0 0 7 0 2 4 0 0 0 0 2 -1 0 4 -2 0 0 0 4 0 4 0 0 0 0 -8 0 2 0 -2 0 1 4 -1 0 4 4 3 0 4 0 0 0 0 4 -2 4 0 0 2 4 2 0 -2 2 0 0 4 4 0 -4 2 2 4 4 0 -2 4 2 6 4 0 0 4 0 0 0 0 -1 0 0 0 0 -3 0 0 -2 4 4 2 0
-2 0 -2 2 2 4 4 -2 1 0 -4 -4 0 -1 0 0 0 -2 0 0 -2 0 0 -8 0 -1 2 3 -8 4 -1 -8 0 4 0 0 -1 7 2 0 4 -4 0 0 0 -2 0 0 0 -5 1 2 0 0 0 0 0 -2 0 -4 -2 -2 4 2 4 -1 1 0 -5 3 0 3 -6 0 2 -5 4 0 -1 -5 0 -1 -1 8 -4 8 -1 0 -2 4 4 0 0 6 -2 0 0 -2 0 0 0 0 2 0 -2 0 -2 0 0 0 0 0 4 0 -6 0 0 0 4 6 -8 -1 2 0 4 0 4 0 -4 0 0 0 -4 -1 -7 -2 -2 -2 0 0 -2 6 0 -2 0 6 4 0 0 -1 0 0 1 0 4 2 0 0 0 -4 0 0 4 -3 0 2 2 6 0 4 0 0 1 2 0 -2 0 -2 0 4 0 8 61 0 -1 -2 -4 0 -3 0 0 2 0 -1 0 -2 -5 2 2 -2 0 0 2 4 0 0 -2 2 0 4 4 0 0 -3 4 0 6 3 0 -2 8 0 0 0 -8 8 4 0 0 1 2 0 10 0 -2 8 0 -1 4 0 0 0 -2 -2 -2 -1 2 0 0 -10 2 0 2 0 2 4 -6 0 -1 4 0 4 4 3 2 -4 0 0 0 2 0 -2 -2 -1 0 0 -2 0 -4 -2 -2 2 0 -6 5 -6 0 0 -1 0 4 4 2 -4 1 0 0 0 0 -2 0 0 -2 1 -2 0 -1 2 2 -1 0 -2 0 6 0 5 0 2 0 -4 -2 0 -2 -2 0 0 0 8 -2 0 2 0 4 -2 -2 0 -1 -2 10 6 0 -4 -2 1 4 0 0 -2 0 -1 0 3 2 -2 0 -4 2 0 1 0
6 2 2 0 0 -2 0 0 6 -2 1 0 0 -4 -4 0 0 -4 0 0 -2 4 0 0 0 0 -9 0 4 6 -2 2 -2 4 0 6 2 -2 -2 0 0 0 0 4 0 0 -4 0 -1 2 -4 4 0 0 0 0 4 2 2 0 0 -6 0 0 0 0 -4 -2 2 0 0 4 0 0 6 0 2 0 0 0 0 0 0 0 1 0 0 0 0 0 2 0 2 0 4 0 0 2 0 -2 0 0 4 2 0 0 2 0 0 0 -2 0 0 0 -4 0 0 2 0 2 0 0 0 4 2 0 0 2 0 0 0 2 -2 0 -4 0 2 0 0 4 0 0 0 4 0 0 -2 0 2 0 0 0 0 0 2 -4 0 0 0 -4 -1 0 0 -2 0 0 -6 -10 0 -2 0 -4 4 0 -2 -8 -2 -2 0 0 6 -2 0 39 4 0 0 0 0 0 1 0 -4 0 0 2 0 -8 0 2 0 0 0 0 10 2 6 -4 0 0 -4 -4 0 0 0 2 4 0 2 0 -1 4 0 0 0 0 0 4 1 0 -1 0 0 -4 0 0 -2 -4 0 3 0 -4 4 0 0 -2 4 0 -2 2 0 0 -8 0 -2 0 0 2 0 0 -2 4 2 0 -2 6 2 -4 -2 4 0 -4 0 0 4 0 -2 -4 2 0 4 -1 0 0 0 2 4 0 4 2 0 2 3 4 0 0 4 4 0 0 4 0 0 0 0 0 0 0 0 0 -6 2 4 0 0 1 0 6 4 4 0 0 0 0 0 -4 0 0 0 0 0 0 0 0 0 0 2 0 0 0 4 -2 0 0 -2 0 0 -1 0 0 -4 0 4 0 0 -8 0 -4 0 2
1 4 0 -2 -2 -2 2 0 0 -2 0 0 -2 4 9 0 -2 2 0 1 0 2 0 3 0 0 -4 2 2 2 5 0 0 2 0 -8 -2 -1 -1 -2 2 0 0 0 -1 0 0 0 -6 -3 -2 1 0 8 2 4 -2 3 2 0 0 -2 6 0 0 2 -3 0 0 -2 0 0 4 3 1 1 2 -2 -1 0 -4 -4 -4 5 -2 0 1 0 -3 0 0 2 -1 -1 1 -4 -1 0 4 0 0 0 -5 0 -2 4 0 0 -4 2 2 -2 0 2 8 -2 0 0 0 -1 2 0 -4 0 8 0 0 2 0 0 0 4 0 0 -2 0 0 -2 -2 -2 2 2 0 0 0 -4 0 1 -2 1 0 0 -2 0 0 0 2 0 -3 -2 3 2 -2 -1 0 -4 -2 4 0 -2 -2 -2 4 -1 -1 5 3 -2 -2 0 0 0 -1 4 45 1 0 0 0 2 0 4 -4 4 2 -5 -2 -2 0 3 0 0 -3 3 1 -2 2 -2 0 4 -2 -1 0 0 4 0 2 4 -3 0 0 0 1 3 -4 0 0 0 -2 -4 -2 -2 -2 2 0 0 -2 0 2 4 0 4 0 2 4 3 -3 -1 -10 0 6 2 -6 0 -3 -8 -5 1 -3 1 -3 2 0 0 -2 0 1 0 4 0 0 0 2 0 2 0 2 1 8 0 0 0 2 1 -2 0 0 -1 0 -1 0 3 2 -3 -1 -3 4 -4 -2 0 0 0 -2 6 0 2 10 2 2 0 -2 -1 5 -1 6 0 -4 0 0 4 -2 4 1 0 -4 3 0 0 3 -5 -3 2 0 2 2 -4 -3 1 1 4 -1 -1 -4 2 0 0 -2 0 0 -2 0 2 1 2 0 5 0 0 1 0
-2 0 0 5 0 7 -2 2 -2 4 -1 0 2 -2 1 2 0 -4 -2 0 0 0 0 3 1 0 -1 0 0 0 4 4 -4 0 0 0 2 -1 -2 -4 2 -4 -4 0 -1 0 2 1 0 -2 0 2 8 -3 2 -4 -2 0 4 0 2 0 4 0 0 0 0 4 -4 0 0 -1 0 7 0 4 0 0 -4 -1 0 0 1 0 4 0 -6 -4 2 0 0 6 0 0 3 0 0 -4 2 0 -1 4 -2 1 -2 -1 -1 -6 -4 0 0 6 2 2 1 4 -1 2 0 -2 -4 4 -2 4 -2 0 0 8 -2 0 2 4 -2 0 2 0 0 -5 2 4 -4 -4 -2 -4 0 0 4 0 4 2 0 -1 4 2 0 0 0 2 -2 0 0 0 0 -2 1 4 2 0 -2 -4 -2 4 5 -15 3 -1 0 2 0 4 1 0 -2 0 1 58 -2 0 2 -8 2 0 -2 3 -1 0 -1 0 2 -4 -2 2 0 2 2 2 8 0 0 4 0 4 0 -2 0 2 -2 -2 0 -8 -4 5 0 0 -2 7 1 0 2 2 -4 1 2 6 0 0 0 2 4 -3 2 -2 -4 0 4 -2 -4 0 -2 0 0 2 4 3 2 4 -1 -2 2 -2 0 4 0 0 0 0 8 0 2 0 -2 -4 0 -2 4 -4 -2 -2 1 0 3 -4 0 -2 0 0 0 -2 -2 0 2 0 -1 0 4 5 0 -2 0 -2 0 0 6 2 0 2 -1 -2 0 1 7 -4 2 4 0 1 -6 4 0 -2 -4 -2 0 1 2 2 12 0 1 0 4 0 2 -4 0 -2 -1 0 -4 -4 0 -2 4 2 2 0 -2 4 0 0 0 4 0 0 4 0 1 2 -1 0
2 0 0 0 2 0 -1 4 0 2 0 0 4 0 2 2 4 4 0 0 -3 -2 4 -2 -2 0 4 0 4 0 2 6 0 -4 1 0 4 -2 0 1 0 -4 0 0 -2 -6 0 4 0 7 -2 0 0 0 0 0 0 0 0 4 0 0 2 6 0 2 0 6 0 0 -4 0 2 0 4 -4 4 0 -4 8 0 1 2 -4 4 -2 0 -4 4 0 -12 -2 0 0 4 10 -2 0 0 0 2 0 0 2 4 -2 0 4 -4 -2 4 0 -8 -8 0 -6 0 -2 0 0 4 4 -4 -4 -2 0 0 0 0 0 2 0 4 4 14 4 -2 0 0 2 6 0 8 0 1 0 1 0 3 2 -4 0 0 0 -4 0 0 0 -1 -1 2 4 11 -2 0 -1 4 -8 0 0 0 0 4 2 4 4 2 4 4 0 -2 0 -4 0 0 -2 79 -2 2 0 0 0 6 -6 -1 -4 0 -4 6 0 0 -2 2 0 -2 0 -2 2 2 0 0 2 6 8 0 0 -4 0 0 8 -4 0 -2 0 4 0 -8 4 0 -4 0 2 -2 -4 10 -4 -1 -6 -6 -2 -4 -2 2 0 0 0 -3 -4 0 6 4 6 -2 0 -10 4 0 0 -2 0 0 4 0 4 1 0 4 -2 -8 0 4 8 0 -4 4 2 0 0 4 -2 0 0 2 4 6 4 0 4 5 -4 -4 -2 -2 -2 4 -4 4 -6 0 2 0 4 0 -2 0 -4 0 0 4 2 0 0 8 2 -2 4 -2 9 8 -4 -2 -4 0 0 0 1 2 0 2 -6 -2 -10 -2 -2 -8 -2 -1 2 2 0 6 4 -4 2 0 -6 0 4 2 0 0 4 0 0 -1 0 0 0 0 2
4 0 6 4 -2 3 2 1 0 -2 -1 2 4 0 0 0 0 0 -2 -2 -4 0 2 0 0 -1 0 0 0 2 1 0 4 -2 0 0 3 0 2 0 -2 -3 4 -2 0 0 -2 0 0 0 5 6 0 0 4 -4 -1 2 0 0 0 0 0 0 -2 0 0 -2 0 0 0 0 2 -1 2 -4 4 0 1 2 2 0 0 0 0 -1 0 -1 1 1 0 2 0 0 0 -3 -1 0 1 0 0 2 7 -2 0 0 -4 -2 4 0 0 2 2 3 0 2 0 0 0 0 5 0 0 0 0 0 0 0 4 1 4 0 0 0 2 0 2 1 0 4 0 2 4 0 0 0 4 -2 0 -3 0 -3 0 0 0 1 0 1 1 2 0 2 2 0 0 2 0 -4 6 -1 -3 -2 -4 -1 -2 0 0 -4 -1 0 1 1 0 0 0 0 -2 32 0 4 0 -2 0 4 0 0 0 0 -4 0 0 -4 2 0 2 4 -2 4 -1 0 -2 0 0 0 4 -4 0 4 6 0 -1 2 7 -2 0 0 0 4 0 0 0 1 0 4 0 0 0 1 0 -4 0 -2 0 0 0 2 0 0 0 4 0 0 -4 0 0 0 -4 0 1 0 -8 0 0 0 0 2 0 0 -4 -2 0 0 -1 0 0 2 0 0 0 -4 -2 0 -2 -2 2 4 0 2 0 0 0 2 0 4 -2 0 2 1 0 0 -2 0 6 4 2 0 -1 -2 0 0 0 2 0 0 2 2 0 2 -1 6 0 -2 2 4 0 6 0 1 1 -2 -2 -3 0 1 4 -2 0 -4 0 0 0 -2 0 2 -1 0 0 0 0 4 0 0 -2 0 0 2 -2 0 -2 -1
0 0 -8 0 0 -4 0 4 0 0 0 0 0 0 0 -4 2 0 0 0 0 0 -8 2 0 -4 -4 0 0 0 1 0 0 0 0 0 4 -2 0 2 0 2 0 0 0 0 0 -2 0 0 0 -8 2 0 0 0 0 0 -1 -2 -2 0 0 0 0 0 0 2 0 0 0 0 -2 2 1 0 0 -1 2 4 0 0 -8 0 6 0 -6 -4 2 4 -4 0 2 2 2 -4 -2 -1 0 0 4 4 0 0 0 -4 0 0 0 -1 -6 0 1 0 0 -4 4 -4 2 0 2 2 -2 0 0 -6 4 0 0 4 0 -2 0 0 4 -2 2 2 0 0 -5 0 0 0 0 0 1 0 4 2 0 0 0 0 0 4 0 -8 2 -8 0 -2 -4 1 0 0 -3 0 -1 -2 4 -8 0 0 0 0 0 0 0 0 0 2 -3 0 0 2 2 0 46 -4 -4 -4 -2 -4 0 2 -2 0 0 0 0 0 0 0 0 4 0 0 0 0 -6 0 0 -2 0 -4 -2 0 0 0 4 2 0 -2 -2 0 -2 0 2 -4 0 1 0 2 -8 -4 0 1 -2 0 0 0 1 0 0 0 -2 0 0 -2 0 4 -2 0 0 0 4 -7 -2 -2 -8 2 -4 0 0 -3 2 0 0 -2 3 4 0 1 0 0 -2 0 0 -2 -4 -2 1 4 0 0 0 -1 2 -2 4 0 6 4 1 0 -2 -1 0 0 0 2 -1 2 -2 0 5 0 -2 0 0 0 -4 -1 -1 2 2 2 1 0 -6 -4 -4 0 0 0 0 -4 -2 -6 0 3 1 2 0 -1 1 -8 5 0 0 -2 0 -4 2 4 0 0 0 2 0 2 0 0 0 -4 -4 0 1 0
-4 0 -1 0 -2 0 4 0 0 -4 0 -4 4 4 -4 4 0 0 0 1 0 0 0 2 -1 2 4 -2 -2 0 0 0 4 0 0 0 2 1 2 0 -6 0 0 0 -5 4 0 2 0 8 -2 -4 -2 0 0 0 0 -3 -6 0 2 2 -2 0 4 0 0 0 4 0 0 5 0 -4 1 0 4 0 -1 4 -4 -2 -6 0 -2 4 -2 2 -3 0 0 2 1 -2 -4 1 3 4 2 0 0 0 4 0 -1 0 2 -2 8 -2 0 -2 3 0 0 0 -4 2 0 -2 2 2 0 0 0 4 0 2 -2 -1 -2 2 0 3 0 -2 4 2 -2 4 9 4 -2 0 0 -2 0 0 -2 0 4 0 -2 -4 0 0 -2 0 0 4 0 0 0 -3 0 0 4 2 3 8 -5 6 0 4 4 2 4 4 -2 0 0 4 0 0 2 -8 0 4 -4 59 0 0 2 0 4 1 -4 6 0 6 0 -2 0 0 0 0 -2 4 -4 2 6 0 0 0 0 0 4 2 -2 2 0 2 0 3 0 2 2 1 0 0 -1 2 0 -2 0 -3 2 5 -6 -6 0 4 2 0 0 0 3 -1 0 -2 2 -4 4 4 0 0 -2 -2 0 4 0 0 0 0 4 0 -3 0 -6 -2 4 -8 0 0 -4 8 0 4 -4 0 0 0 0 0 -2 -2 -2 2 2 -1 -2 0 2 -2 0 0 3 0 2 0 -1 2 4 4 -4 2 6 4 4 2 -2 3 0 2 4 -2 0 2 0 0 -1 0 -1 0 0 4 0 0 0 0 -1 0 0 4 -2 0 2 0 -4 0 -2 0 0 -2 2 -6 2 0 0 -4 0 0 0 4 0 2 -2 2 3 4
0 0 4 0 0 0 2 0 0 0 1 0 4 0 0 0 0 0 -4 0 2 4 5 0 0 4 3 0 -2 0 2 -2 4 0 4 2 0 2 0 1 0 0 0 0 0 0 0 0 0 0 -2 0 0 2 1 0 0 0 -3 0 0 0 0 0 0 0 0 -2 -2 0 0 -2 0 -4 0 0 0 -1 4 0 2 0 4 -4 -1 0 2 0 4 0 0 0 2 0 4 0 4 2 0 0 2 0 0 0 4 2 0 0 0 0 4 -4 0 0 0 0 -2 1 0 0 0 1 -2 0 0 0 0 0 0 -2 0 0 0 0 2 0 2 0 0 4 0 0 0 -1 0 0 0 0 -1 0 0 0 0 -4 1 -2 -4 4 -2 -2 0 0 8 0 0 -4 -2 4 0 -2 -2 0 0 0 0 0 0 2 0 -4 2 0 0 1 0 2 0 0 -4 0 24 0 0 -4 0 -1 0 0 0 0 0 4 0 0 -4 0 0 0 0 2 2 0 4 -4 0 1 0 0 0 0 0 0 0 2 -2 0 2 0 0 0 -1 0 0 0 0 4 0 0 0 -4 0 2 0 0 0 4 0 0 0 0 0 0 2 0 0 0 0 2 0 2 4 0 0 2 0 0 0 0 2 0 -4 0 0 0 0 0 0 0 2 4 0 0 0 0 0 0 0 0 -3 0 0 0 -2 0 1 0 0 0 0 0 4 0 0 0 0 0 0 0 0 4 0 4 0 0 0 0 -4 2 0 -2 2 0 4 0 2 0 -2 0 0 -2 4 0 0 0 0 0 0 -1 0 -8 4 0 0 -4 0 0 0 2 0 0 0 0 0 -2 0 -2 0 0 0 0
0 0 0 0 0 -1 0 0 -2 0 1 -1 -6 4 0 -2 -2 0 0 0 0 -1 -2 -4 0 0 0 0 -4 0 -1 -2 2 0 0 0 0 -4 0 2 0 -2 0 0 0 0 6 4 0 2 -2 4 0 0 0 0 4 0 2 2 0 4 4 0 0 -2 4 -2 -2 4 4 0 0 -4 0 2 0 0 -2 2 2 -2 -4 0 2 0 0 -4 0 -4 0 3 0 0 0 5 1 8 0 0 0 0 2 0 0 -4 2 0 4 0 0 1 0 0 -2 0 0 2 -2 0 0 -2 0 0 0 0 0 2 0 0 2 0 2 0 -2 0 2 1 0 1 0 -4 0 0 0 0 -1 -1 2 -1 0 1 -1 0 0 0 0 0 -4 -1 0 6 -2 4 -4 2 -2 -2 -2 0 1 1 0 0 2 -2 2 6 0 0 5 0 2 0 4 0 0 -2 -4 0 0 38 -4 -2 4 0 0 4 0 2 0 0 4 2 -1 1 0 0 5 0 0 -2 7 6 2 0 0 -2 0 0 1 -2 1 0 0 -1 0 -4 0 -4 0 -4 -2 0 0 0 4 0 0 1 0 0 -4 0 4 6 2 -2 0 1 6 0 0 0 -3 0 -4 0 1 4 0 4 0 4 -6 2 0 -2 8 0 5 0 0 -4 0 -4 0 2 1 6 1 -2 0 2 0 2 0 0 0 -2 0 0 2 4 0 2 -6 -8 0 0 1 -1 8 0 0 0 2 0 0 -2 0 0 0 -2 -1 -2 2 0 2 -4 2 4 0 -2 0 0 -4 0 -1 0 4 0 -2 0 0 1 0 6 0 0 0 0 -2 4 1 0 2 -4 -2 -2 0 -2 0 -2 2 -1 -4 0 0 1
0 0 0 -1 0 0 -1 0 0 1 0 0 4 0 -6 -3 0 -6 3 2 2 0 4 4 -1 0 0 0 -1 -1 2 4 2 2 1 0 -2 8 2 2 0 -1 0 2 -3 -2 -2 0 0 4 0 0 3 0 0 2 0 2 -4 0 0 0 -4 -2 0 5 -4 0 -1 1 -4 -2 0 0 2 0 0 0 -2 2 0 -4 4 -1 0 3 0 6 -2 3 2 0 -2 1 0 -8 0 4 -2 0 0 0 0 2 0 0 2 0 6 0 -1 0 2 2 -6 -1 -2 0 0 0 4 0 -5 -3 -2 -2 0 -4 1 0 0 0 0 0 8 0 0 -6 0 0 6 0 0 6 4 4 2 0 0 0 -4 1 8 0 0 2 -2 2 4 2 0 0 4 -2 -4 2 5 0 0 2 0 -2 2 2 6 7 0 3 0 -2 -8 4 0 -4 -4 -2 6 0 -2 2 0 -4 60 2 1 -2 4 4 3 0 -1 -2 0 -2 -2 0 -4 2 -3 -4 10 0 0 3 4 0 0 -2 -4 0 0 3 0 2 -2 0 -2 -4 0 -2 -4 0 2 0 1 -2 0 -2 0 0 -2 -4 4 -1 0 6 10 -2 4 -1 0 6 0 0 -2 0 0 0 0 0 2 -4 0 -6 -1 0 2 0 -2 5 2 0 0 4 2 0 4 0 -2 0 -4 3 -4 2 6 1 -1 0 1 -4 -2 -2 3 4 -2 -6 -5 4 2 6 0 4 4 0 0 8 -4 0 1 2 0 -6 -3 10 0 -2 0 0 0 0 0 -4 0 5 0 2 10 6 -1 0 2 2 0 0 2 0 1 2 3 4 0 0 -6 5 0 -3 -2 2 4 4 2 2 0 -4 0 4 -4 0 1 4
0 0 4 0 2 4 0 0 0 -4 1 6 12 -2 0 0 0 0 2 -2 0 0 0 1 2 6 0 0 0 0 0 1 -11 0 6 0 -2 6 4 5 0 0 8 0 0 2 1 1 -4 4 2 2 8 -4 2 4 0 0 4 0 0 0 0 4 4 -2 0 -3 -1 6 0 -2 0 8 0 0 0 -4 0 -4 -4 0 1 0 0 2 1 -6 -6 -6 4 0 -4 -1 0 0 -2 -4 0 0 0 0 -1 4 -4 0 -2 -2 0 0 2 0 2 0 -2 0 -1 -3 0 0 2 4 -5 0 4 0 0 -4 0 -4 0 4 0 3 -2 -4 0 -8 0 0 2 -4 1 8 0 0 2 0 -8 0 0 2 0 -2 1 4 0 9 0 2 2 0 0 0 0 12 4 -4 4 2 -2 0 3 -6 0 0 0 0 -4 -1 -2 0 -1 0 4 3 -6 4 -4 0 -4 -2 2 77 6 0 3 6 -6 4 1 0 0 0 -2 0 6 6 -4 3 2 -2 0 6 0 0 -2 0 -4 2 0 0 0 4 2 0 1 6 -4 0 2 2 1 0 -2 4 4 -4 6 1 10 4 -2 4 0 5 -4 8 -4 -8 -2 0 6 4 4 0 -5 0 -2 -2 6 -4 0 -2 0 0 0 2 6 6 2 -4 -2 1 4 0 0 -4 3 -4 3 0 2 -10 11 -4 0 0 2 0 2 0 -2 4 1 6 0 -4 0 0 -4 -2 0 0 0 4 -4 -6 4 0 6 -4 4 0 0 1 6 2 1 6 0 -2 0 -1 5 0 0 0 -8 4 0 4 0 -4 0 -4 -1 -10 2 2 0 0 -6 2 2 0 0 -2 -2 0 0 5 3 4 0 1 2 -4 4 0
0 2 -3 0 0 -2 -1 -2 0 0 0 2 -6 2 1 0 0 2 4 0 0 0 0 -1 0 0 0 0 2 -2 0 -6 4 0 0 1 0 0 0 -2 -4 0 0 0 0 0 0 0 0 2 -6 0 4 0 0 -2 0 0 0 0 0 0 0 0 2 0 0 0 0 4 0 -2 0 -1 0 0 0 0 0 1 -1 -2 -8 0 0 0 0 -4 0 0 0 2 0 0 1 -4 0 0 3 0 1 0 -1 -2 0 -4 0 -2 0 0 -1 7 4 2 2 -2 -4 4 0 0 0 0 0 0 4 4 0 2 0 -4 6 0 -2 0 4 0 2 -6 0 4 0 2 0 8 0 4 0 0 2 0 -4 1 0 0 0 2 2 0 0 0 2 0 -7 2 0 3 0 0 0 4 0 0 0 0 -2 0 0 4 0 0 0 0 0 0 2 -1 -1 0 0 4 0 4 1 6 37 0 0 0 0 8 0 -2 2 0 0 2 0 0 0 0 0 0 0 0 2 -2 0 -1 0 0 0 -2 0 4 0 2 0 0 0 0 2 -2 0 2 -5 0 -1 0 0 0 0 0 0 0 -2 0 0 4 -2 0 0 0 -2 0 -4 0 0 0 0 0 -2 0 4 -2 -1 0 2 0 -2 0 4 0 -2 -4 0 8 -2 4 2 2 0 0 -2 -6 6 2 0 0 0 0 4 0 0 4 0 4 4 -8 -2 -4 0 0 2 2 0 2 0 2 0 0 -2 0 2 -1 0 2 1 1 0 -6 0 -2 0 1 0 2 2 0 1 0 0 2 2 0 0 2 -2 -2 3 0 -4 3 0 0 4 4 4 -4 0 6 0 0 2 2 2 4 0 0 4 0
6 2 -4 -3 1 0 -6 0 0 0 2 2 -10 -4 -4 6 1 -3 2 0 0 0 -1 0 0 -2 -3 -4 4 -4 -4 0 -2 -2 -2 -1 2 0 0 -1 3 -3 4 5 0 4 -2 0 0 0 2 4 -8 0 -1 0 -1 0 2 4 0 0 0 1 0 -2 3 0 -2 -4 -8 2 0 4 0 -6 -2 4 0 0 -6 -4 -6 1 4 -2 4 4 0 1 0 2 0 4 1 6 2 0 -2 0 2 0 0 4 1 0 0 -1 0 0 0 4 -2 1 0 6 -4 -1 0 0 0 -4 0 2 0 7 4 1 -4 -1 2 -2 0 0 3 0 -4 -1 0 4 -3 4 0 1 -2 -8 0 0 0 1 0 0 -2 -4 -4 4 2 0 2 2 0 -2 -8 1 -5 2 2 2 1 -4 -1 6 4 -6 4 2 3 -5 0 0 2 4 -2 2 -5 0 -4 0 2 1 -1 0 -2 0 0 54 0 2 0 0 -2 0 -4 -1 0 -1 2 0 0 4 -6 8 -3 2 2 -2 0 -2 0 4 -3 -1 4 -4 -2 0 0 2 -4 0 -4 1 0 5 -2 4 0 -5 1 -4 -2 2 1 0 0 0 -2 5 0 0 0 -4 0 0 -1 6 0 2 4 -4 1 -2 2 2 0 2 -2 1 -2 -1 0 -1 6 -2 6 -4 -6 -1 -4 0 0 -4 0 0 -3 -7 0 4 -2 3 -2 -4 0 -4 -6 1 0 6 0 -1 0 0 4 0 4 -5 4 0 0 6 4 -1 0 2 -4 0 0 0 -2 2 2 0 -6 0 -2 0 0 -2 -6 1 -3 4 0 0 0 -2 4 0 -3 4 3 -1 3 2 -2 6 3 0 0 -6 0 1 4 -4 5 2 0 6 0 -2
0 -4 0 8 -2 4 5 0 0 4 0 0 0 -4 -2 0 2 4 -2 0 4 0 0 -2 -3 0 2 -4 2 0 3 0 0 0 2 2 2 -1 0 0 -1 4 0 4 2 -4 -4 -1 0 0 4 4 2 0 0 0 1 0 -4 0 0 4 6 -4 0 4 0 -4 0 0 0 0 -2 2 0 0 0 6 0 8 0 0 0 -2 0 -2 -2 0 1 2 -4 0 -4 -4 -2 4 0 -1 0 0 -4 0 0 0 1 -2 -2 4 2 2 0 0 1 0 2 0 1 1 0 0 0 -1 0 2 -2 0 0 0 -4 0 0 -4 0 1 0 0 2 -2 0 -8 0 -2 0 4 0 0 0 -1 4 0 -2 0 0 0 0 0 -4 6 -1 0 0 -4 -2 -5 0 4 0 -3 1 2 -2 0 0 0 -2 0 0 -3 4 -2 0 0 -5 0 -2 -1 0 0 -2 -4 0 0 4 3 0 0 47 0 2 -4 2 0 0 0 0 2 0 2 1 0 0 -2 0 0 0 0 0 0 -4 4 0 2 4 0 4 4 0 -4 0 2 0 -5 4 0 4 -4 0 -1 -2 0 0 0 6 0 2 0 6 0 0 0 0 0 4 0 3 -4 3 -4 2 -6 4 0 -2 0 0 -2 -4 0 0 -2 0 4 2 3 0 2 1 0 -3 4 -4 0 0 4 0 4 4 1 0 2 8 0 -4 -3 0 2 -2 0 -2 4 0 8 0 -2 2 0 -1 -4 6 1 0 0 2 8 0 8 0 -2 0 -5 0 -2 0 2 1 2 0 -2 -2 -4 -4 0 -1 -6 0 0 -6 0 0 -4 0 0 0 0 -4 1 0 0 0 2 4 -2 0 0 4 4 0 0 2 0
-4 0 1 0 5 0 -2 0 -6 -2 0 0 0 0 -2 2 2 0 0 0 0 4 -2 0 1 0 4 -4 -1 6 2 2 2 0 2 2 -1 5 2 0 0 0 2 3 -5 0 -4 -2 0 6 -2 0 2 4 0 2 -2 0 0 -4 0 0 -1 -2 0 -4 4 0 2 0 -4 2 -1 0 -2 0 -2 0 0 0 0 0 0 4 -4 0 2 -4 0 -2 0 0 0 0 0 -2 -6 0 -6 0 2 -4 0 0 0 -2 4 -4 0 0 -9 0 -2 0 0 0 -2 -2 2 2 -2 -3 0 -4 0 4 0 0 -4 -4 -4 8 0 -4 -2 -4 6 -2 0 5 4 4 0 0 0 2 -2 0 2 0 -2 0 -4 -5 -1 7 0 2 0 6 8 -4 -5 -6 0 0 18 0 2 3 -4 6 -2 2 0 8 0 0 0 0 -2 2 2 -8 -2 0 -4 0 0 6 0 4 4 6 0 2 0 66 -2 2 0 2 -4 0 -2 -2 -2 0 -2 0 0 6 0 0 1 2 -2 -6 0 2 0 2 0 0 -2 0 0 0 0 0 0 0 1 -2 -2 0 -2 4 0 0 0 1 0 6 -4 -2 4 6 4 -1 -2 0 0 3 2 -2 -2 -1 0 4 0 0 -2 -4 0 -4 2 0 0 -4 8 0 0 1 -1 4 0 -2 0 6 2 0 0 0 6 0 -4 0 -2 0 2 -4 0 4 2 0 -6 1 -4 0 -4 0 4 0 0 4 1 0 2 2 -2 6 -4 2 0 -8 4 0 -6 6 0 2 0 0 0 2 -4 0 -2 0 0 2 3 0 0 6 0 -1 0 2 -2 0 -2 0 -2 -4 0 0 0 4 4 0 0 6 -2 0 0 -2 0 -1
5 0 2 0 -4 -4 7 0 -1 -2 0 0 -2 0 0 -1 0 2 2 0 0 0 2 -4 -4 -1 4 0 -2 0 -2 2 0 -2 2 0 0 -3 -2 -2 2 0 0 0 -1 0 0 4 4 -4 -1 4 0 0 0 8 4 0 2 0 2 0 -4 -4 2 3 0 2 4 0 0 4 -2 0 2 -1 2 0 0 -3 -4 1 0 0 -4 -2 2 0 2 8 -4 -2 0 0 2 0 4 0 2 0 0 0 0 0 4 0 -4 2 2 0 0 2 0 0 2 -4 2 0 4 4 -4 -2 -4 -1 0 0 2 4 0 0 0 3 -5 4 -4 0 2 0 -4 -2 -1 -8 2 0 0 2 2 1 0 0 0 2 0 0 0 -2 0 0 0 0 0 0 -8 -6 0 -4 -4 -6 0 -2 0 -3 0 0 4 -4 4 1 0 -6 0 4 2 0 0 2 6 -4 0 0 0 0 3 -6 0 0 2 -2 51 4 0 0 0 0 8 3 2 4 5 4 0 0 0 5 2 0 0 -1 4 0 0 -4 0 0 0 4 0 4 2 3 0 2 0 -2 2 -2 -4 -4 -4 -4 -8 -6 3 0 0 1 -2 -4 0 2 0 0 -2 -2 -2 0 0 0 0 0 0 0 4 -3 1 0 0 2 -6 0 0 -4 0 -1 0 0 -2 0 0 0 0 -1 -1 0 0 -5 3 0 5 0 0 -2 1 -2 0 0 0 4 0 0 0 0 2 3 -2 -8 -1 -2 -4 2 0 0 2 6 2 4 -2 0 2 -8 2 4 0 2 0 -4 0 2 0 0 2 -2 0 4 0 0 0 0 -6 -8 -2 -4 2 -2 0 -1 -4 2 4 -1 4 0 0 0 0 -1 0 4 -4 4
-4 0 -4 -4 -2 6 5 4 4 -3 0 -2 0 2 4 -2 -2 4 4 4 5 1 -1 4 0 0 1 2 -2 3 0 0 0 0 0 -2 2 0 0 -1 -2 -5 -4 2 4 4 2 10 0 1 -7 0 0 2 2 -6 4 -2 2 0 0 -1 0 0 4 0 0 0 2 0 2 4 0 -2 0 0 4 0 4 -1 -2 0 -1 -6 1 4 0 -4 2 2 -3 -1 0 -2 -2 -4 0 13 1 0 0 0 -4 2 4 0 5 -2 -1 0 -2 4 6 2 -4 0 -5 1 -2 2 2 4 0 0 1 2 0 4 -1 -8 0 1 -2 -4 0 0 0 0 -2 8 4 -10 0 6 2 -2 1 5 -4 -2 0 0 0 0 0 0 0 0 0 -4 0 0 0 -4 -4 0 1 0 2 0 0 0 -4 0 0 -2 0 5 0 0 -8 0 -2 2 3 -4 0 0 0 6 0 2 0 4 8 0 -4 2 4 72 0 -8 4 -1 0 8 0 4 0 6 0 -2 0 2 0 -2 2 0 -1 -2 -2 1 6 6 3 -4 2 4 0 4 2 0 4 8 0 0 3 6 0 0 -2 0 4 2 0 -2 0 4 0 1 0 0 0 5 -6 0 -4 0 -1 0 0 0 0 -4 2 0 0 0 2 2 0 -4 0 0 0 0 -5 1 4 0 -2 0 -2 -5 -2 2 0 10 0 0 -6 0 0 -2 0 6 -2 -5 -2 0 2 8 4 0 0 0 0 -2 3 0 0 0 2 0 0 1 3 2 2 0 4 -1 0 4 2 4 2 -2 0 -2 -2 -4 -4 -2 0 0 0 -2 0 -2 8 0 0 -2 0 0 0 1 1 6 3 0 2 -3 2 3 -2 -2 6 -4
-2 -4 0 0 0 6 0 0 0 3 0 0 0 -4 0 0 0 0 0 2 0 0 -4 0 0 -4 4 0 -2 1 0 0 0 0 0 2 -4 2 0 0 0 -6 -4 0 0 2 4 0 0 0 6 0 2 0 0 0 0 0 -4 0 0 0 -2 2 -2 2 0 -6 0 3 -2 0 1 -2 6 2 2 -1 0 0 0 0 -4 2 1 1 0 4 0 1 -4 0 0 0 4 0 4 0 2 0 0 0 -1 4 0 -2 -2 0 -2 0 0 0 0 -1 0 0 4 0 0 0 -2 -2 0 12 4 0 0 0 4 -8 0 0 0 -3 0 -2 0 0 1 0 0 0 0 0 0 0 -2 0 4 -2 -4 0 0 0 0 0 0 3 0 0 3 0 8 0 0 0 2 4 2 0 0 0 -4 0 -4 -1 0 -1 2 -4 0 0 0 0 0 -2 0 0 0 0 0 0 -1 1 0 -2 2 0 0 0 38 2 0 0 -2 2 0 -2 2 2 -2 -6 -4 2 6 0 0 -2 -4 2 2 0 8 0 2 0 0 0 2 1 2 -2 0 -5 4 0 0 -2 2 0 4 0 0 -2 0 -2 4 -10 0 4 2 0 2 0 2 6 9 0 1 0 2 0 0 -2 0 4 4 0 1 0 0 -5 -1 3 0 2 0 -6 -2 -2 6 2 -2 -1 1 1 0 0 0 0 0 0 0 0 1 0 4 0 0 0 2 -1 0 0 0 0 0 -2 0 -4 -2 4 0 0 0 2 0 0 4 0 -2 4 0 0 1 -4 0 0 0 0 0 0 -4 4 4 4 0 -4 2 -2 0 4 0 0 0 6 -3 -4 0 0 0 1 0 0 0 0 -2 0 -4 0
5 0 -4 2 2 -2 0 0 4 0 0 4 -2 -4 0 -5 0 0 -6 -4 -4 4 0 1 -2 0 0 0 6 0 0 -2 -2 0 4 2 -2 -2 4 0 0 2 0 -4 -2 0 2 -2 0 -2 5 -1 -2 0 2 0 -2 0 -4 0 0 0 0 4 -1 0 0 0 0 0 -2 4 0 -2 0 4 -2 0 0 0 0 -1 0 -6 0 0 0 0 1 -4 2 2 -4 0 -2 0 0 6 0 0 2 0 0 -1 0 -2 0 5 -2 0 0 -2 2 0 0 1 2 0 2 1 0 0 0 2 -2 -4 -4 0 0 -6 -4 0 0 0 -6 0 -4 -2 0 2 0 0 0 2 0 -2 -2 0 0 4 2 -2 0 0 0 0 0 0 0 0 0 2 -4 0 4 0 0 0 0 -3 0 0 -4 0 1 0 -1 0 0 0 6 4 0 0 0 2 -2 -4 0 -2 4 0 -2 0 -2 0 0 2 0 -8 2 39 4 0 -4 -4 0 -4 0 0 -1 0 8 0 3 4 0 3 0 -2 -2 -1 0 0 0 0 0 0 -4 -1 -2 1 -1 0 -2 2 0 -1 0 -1 4 0 0 0 4 0 1 0 0 -4 0 0 3 4 4 -1 4 4 0 0 6 0 -2 2 0 0 4 5 0 -2 0 -3 -1 2 -2 -2 -1 0 2 0 0 3 5 4 -2 0 0 0 0 0 -2 0 0 0 0 0 2 2 0 0 4 -2 0 -2 -4 -2 4 0 0 3 0 2 -1 0 -3 2 0 0 -2 0 3 4 0 0 0 -2 0 0 0 0 -2 4 0 4 0 0 0 -2 0 2 0 2 4 3 0 -4 0 0 0 -2 0 0 -1 0 0 0 4 0 -2 2
0 0 2 0 2 0 0 0 0 0 0 2 0 0 0 0 0 0 0 0 -4 0 1 0 -2 0 6 4 0 2 0 -4 0 0 0 0 0 0 0 2 0 0 -2 0 0 0 0 0 0 2 0 -1 0 2 0 2 -2 -4 0 0 0 8 4 0 1 0 0 0 0 8 4 0 0 -4 0 3 0 0 0 0 0 0 0 -2 4 0 -4 -4 0 0 -4 0 -4 0 0 -6 0 12 3 0 0 0 6 -2 -3 0 -2 4 2 0 2 0 3 2 -4 1 0 0 0 1 0 0 0 0 4 -4 -5 2 2 2 4 0 0 1 -4 0 0 0 0 0 0 -2 4 0 0 4 2 -8 -4 4 3 0 0 0 0 -1 0 0 0 0 -4 -2 0 0 4 -4 2 -2 4 2 0 -4 0 4 -2 1 0 0 0 0 0 4 2 0 -3 0 2 2 0 0 0 4 0 0 2 -4 0 -4 0 4 0 4 40 -2 0 4 3 0 0 2 0 -6 0 0 -1 0 0 4 4 0 -2 0 -1 0 1 0 0 4 0 0 6 0 6 0 -2 0 4 0 0 0 0 -4 2 0 5 -4 0 -2 0 0 0 0 2 -8 0 2 -5 -2 -2 0 -4 4 1 0 0 2 0 0 0 0 0 -2 -6 -2 0 1 0 0 0 -2 0 2 0 -2 2 1 0 0 0 -1 0 0 4 0 2 0 2 0 0 -4 0 0 0 0 0 0 0 0 0 -4 0 0 0 -1 4 4 2 6 2 2 2 0 -4 0 0 4 0 0 -8 0 2 0 0 4 0 4 -4 -1 -1 0 4 -5 -4 4 0 -4 0 -2 0 3 0 0 4 0 -4 4 4 -4 0 2
0 1 -6 5 0 0 0 -1 -4 1 -5 -1 -2 2 0 0 -2 -2 -1 0 0 -2 -1 2 0 0 4 -2 0 4 2 -4 0 -2 0 0 0 0 0 0 0 0 0 -4 0 0 4 0 -3 -2 -4 -3 0 2 0 16 1 2 0 -1 0 -2 0 1 0 -4 -2 -2 0 0 2 -1 4 0 0 2 6 0 0 -1 0 4 -2 2 0 0 0 2 -1 0 -4 0 0 -4 4 0 -2 -4 2 0 -2 0 -1 0 0 -2 0 -2 0 0 4 0 0 -1 0 2 0 -4 0 0 1 4 -2 3 6 -4 2 2 -2 0 0 0 4 0 -2 0 0 2 0 0 -2 0 -3 -1 0 0 4 1 -2 0 -1 -3 0 -8 2 2 0 1 2 -2 0 0 0 0 0 -2 -8 -4 -2 -3 4 0 -2 -4 4 0 0 -2 0 0 2 -1 4 0 3 2 0 0 0 0 0 2 -2 0 0 -1 0 0 0 -1 0 0 -2 42 0 -2 2 8 1 -2 5 0 0 1 0 0 -6 -5 -3 0 3 2 2 2 -8 0 0 2 1 -2 0 -2 -4 6 4 -4 4 0 2 0 0 2 -3 0 0 4 0 2 0 -4 -1 4 3 -5 -2 4 -4 -2 -6 4 0 0 -1 0 0 0 1 0 2 -1 4 3 1 -4 2 0 0 -1 0 0 2 0 2 1 -2 0 0 -6 -1 2 4 1 4 0 0 1 0 0 0 0 -1 2 2 0 0 -4 1 7 0 2 0 0 0 0 -2 -2 0 -2 0 -2 -4 -2 0 0 6 0 4 0 0 0 2 2 0 2 -2 -4 -4 2 0 -2 0 2 3 1 -4 0 1 -2 -4 0 2 -12 0 0 1 1 0 0 1 0
4 -1 0 0 -4 3 0 0 4 4 -1 1 0 2 -4 0 0 4 2 0 1 0 0 4 0 1 -6 0 0 0 -1 0 0 -4 -8 2 0 2 -5 -4 0 0 4 -1 0 7 -1 2 4 0 -4 2 0 0 0 0 4 0 4 4 0 0 0 -4 0 2 0 0 0 -2 0 2 0 0 8 0 2 0 0 0 0 0 0 0 4 -2 0 -2 0 4 4 0 4 -4 4 0 -1 0 0 -2 -4 -2 2 2 0 -4 -2 -2 0 2 -2 4 -2 0 -4 -6 0 -4 0 0 0 -8 0 0 -6 0 0 2 6 2 -2 0 4 0 0 0 0 4 0 -5 -4 4 2 2 -4 0 1 0 4 2 0 0 -2 4 2 0 -6 0 0 1 4 0 -2 -5 0 -3 -2 -8 2 6 -5 -1 0 0 0 -4 4 0 0 0 -4 4 0 10 1 2 -2 2 0 0 -4 -1 -2 -2 0 0 0 -2 8 0 -2 -4 0 0 53 0 0 4 0 2 -2 0 -2 4 0 4 4 0 4 0 -2 0 0 0 0 0 0 2 4 2 0 0 0 -2 0 -4 -4 2 0 2 -8 -10 2 -4 0 -5 4 -2 0 0 0 2 0 2 2 4 -2 1 0 0 -8 0 4 -2 -2 4 1 2 -2 0 0 0 4 -4 -4 -4 -2 -6 2 -2 0 4 0 -2 -2 0 1 -4 4 0 -2 1 0 4 4 -2 2 0 4 -4 0 0 0 0 0 -2 0 -2 0 0 0 -2 3 6 0 0 0 -2 0 0 1 -4 0 0 0 -9 0 0 2 0 0 0 0 0 0 -1 0 -2 0 0 0 -4 0 0 2 4 0 0 0 -6 0 4 4 0 -4 -2 0 2 0 7
-2 -2 -2 12 0 -10 2 0 5 -1 -4 2 4 0 -2 -2 2 -4 2 0 -2 0 0 0 0 0 4 0 0 -2 -2 -4 2 10 6 0 0 -4 0 -8 0 -4 4 0 1 0 -4 0 0 0 -2 4 0 -2 -4 4 2 -4 0 -2 0 0 0 0 0 -2 0 2 -4 2 -2 -2 -2 -6 2 1 7 0 4 -2 0 4 4 0 6 -4 4 0 2 -4 4 -4 3 0 -2 -4 6 0 0 0 0 2 -1 0 4 2 -4 4 -2 2 0 9 0 -4 -6 -2 0 0 -2 4 -4 -2 2 4 4 -5 4 4 -2 0 -2 0 6 -2 4 -2 0 -2 -10 8 -2 -4 0 -2 0 -2 0 -3 0 3 0 -1 2 4 0 4 0 2 0 -4 2 0 -2 -4 0 4 -2 -12 0 -4 -5 0 0 0 2 -1 0 8 0 -4 -2 -2 0 2 -2 2 0 4 4 0 0 1 0 0 2 -1 2 -2 3 8 2 -4 4 -2 0 74 4 4 0 7 0 -1 0 0 -6 2 -2 4 0 -2 3 2 0 -1 -10 5 1 6 2 0 -2 -1 -1 4 -4 -6 0 0 -7 7 0 4 4 0 2 0 4 -3 0 2 -2 -1 -5 -1 -2 0 -2 -5 0 0 -2 4 0 0 0 2 10 0 -4 0 -1 4 0 0 0 2 6 -6 -5 0 -6 -4 2 0 0 -3 -1 -2 0 0 0 2 0 6 0 -2 -2 0 -2 0 3 5 2 -2 -4 -4 0 0 0 0 2 0 -4 0 -2 4 0 2 2 2 -6 -2 1 0 4 0 2 0 0 -4 -1 -4 0 2 2 1 4 0 -10 -4 0 0 -2 4 7 -2 -2 0 0 0 0 -4 0 -5 0 -7 2 -2 0 2
-1 0 2 0 0 0 -4 0 2 1 0 -2 4 -2 4 0 2 2 -6 0 0 0 0 1 0 2 -4 0 0 0 0 0 -8 0 0 0 0 1 0 0 0 -2 4 0 0 0 0 0 0 -1 -2 2 10 2 0 3 2 0 1 0 0 0 1 0 -2 4 -2 0 2 -2 -6 0 0 2 6 3 1 -2 0 -4 -2 -4 4 6 0 0 1 0 -2 0 2 0 -3 0 -2 4 0 0 10 0 2 0 -2 0 -4 6 0 0 -6 -1 4 0 2 6 -4 4 0 0 0 0 0 0 1 -2 2 0 0 4 4 0 0 4 -3 0 0 -1 2 -2 4 0 0 -1 -4 -4 -4 -4 0 0 0 -2 1 0 4 0 0 -3 -2 4 0 0 0 -2 -2 0 0 0 0 0 0 -2 0 -2 8 -4 0 0 0 0 0 6 1 0 -2 6 2 8 -2 -2 0 -2 0 0 -4 6 0 2 0 -2 2 0 0 0 3 2 0 4 47 4 0 1 -4 -3 0 0 0 -1 5 -2 0 0 0 0 -4 1 4 0 0 4 4 2 0 -2 0 6 0 -2 0 -2 0 4 0 0 2 0 6 4 -7 2 -2 -1 3 0 0 -6 4 0 -2 -2 -6 -2 0 0 4 -2 1 6 0 0 2 1 0 0 0 0 0 3 0 0 3 1 -2 -4 0 -1 0 -1 -4 0 -2 0 2 4 0 -4 -2 0 -6 0 0 4 -3 6 2 -6 -2 0 2 1 -2 0 3 0 -2 5 0 2 -4 2 1 2 0 -6 0 -2 2 6 0 0 1 -2 4 0 0 0 2 -4 -3 0 8 1 1 0 6 -2 0 -2 0 4 0 0 -4 0 4 0 0 0 0 0 0 0
4 -2 4 4 4 1 4 0 0 0 0 0 8 6 0 0 -1 6 0 0 -4 -4 3 0 0 4 -1 -2 -2 0 0 0 0 -2 10 0 0 2 0 2 0 0 8 0 -1 -4 6 3 -1 4 -5 -4 8 0 0 5 -4 0 2 0 0 4 10 0 0 0 0 4 0 0 0 0 5 0 0 -2 6 -6 0 0 -2 2 4 0 4 1 2 2 0 0 10 0 0 -2 4 -3 0 -1 0 0 0 4 2 -2 0 -4 2 -4 0 4 4 8 6 2 -4 -2 0 0 0 0 -3 4 0 0 -2 2 -4 0 0 0 -4 0 -3 0 3 0 0 -2 0 -4 0 0 2 0 2 0 0 4 -8 1 2 0 0 -4 0 0 -4 8 0 0 0 0 -1 -2 0 -1 -2 0 0 3 0 -4 -6 -2 6 -4 4 0 0 -2 0 2 2 -4 -2 0 2 4 0 4 0 0 2 6 0 0 2 0 4 4 -2 -4 0 8 4 4 4 67 -3 4 0 2 0 0 -2 0 2 -2 -1 0 0 -2 0 4 0 0 -1 3 2 3 0 2 3 0 2 -2 4 -3 2 0 0 0 6 -12 0 0 4 4 0 2 6 -4 0 2 0 0 -4 -2 -6 2 -2 0 -1 2 0 0 1 4 0 -2 4 -8 0 -2 -2 0 2 0 0 -2 -4 1 0 -4 0 0 -2 4 -2 -1 -2 0 0 2 0 0 -6 0 0 3 0 0 -2 0 -2 -2 -2 0 0 0 6 0 0 4 -2 2 1 2 4 2 0 -6 -4 2 2 3 0 -1 0 2 6 -2 1 0 -2 0 -2 -2 0 1 -2 1 2 -2 2 -2 3 0 0 0 4 -4 0 4 0 0 -4 2 1 4
0 -2 2 1 -6 2 6 -2 2 0 10 -2 -4 0 0 2 0 -2 0 0 0 0 -2 -4 -2 -1 2 0 2 0 0 1 4 -2 0 0 0 -5 0 0 0 -4 -2 -2 -5 4 4 -4 1 -8 6 0 0 0 0 0 0 0 -6 6 0 1 0 0 -2 0 0 -2 -4 0 6 -6 0 0 0 0 4 0 -3 -6 2 0 0 0 0 0 -2 0 0 0 0 1 0 0 2 7 0 -4 0 0 0 0 0 0 4 0 0 -1 1 0 0 2 -4 0 0 1 0 -4 0 2 -2 -2 0 1 0 0 0 4 0 -1 0 0 0 0 0 0 -2 0 0 -2 0 -2 -1 0 0 4 0 2 2 -3 -6 -1 -1 0 0 0 2 0 -4 -2 0 0 0 2 0 -2 -4 0 -2 -2 0 -2 2 0 -2 -2 0 1 -1 0 4 -4 0 0 0 0 2 -1 0 -4 0 5 -3 -4 0 0 1 -2 5 0 2 0 0 1 0 0 0 -3 33 2 0 0 1 3 -2 0 -2 -2 -1 0 -1 -2 2 0 0 0 0 0 4 -2 -4 0 -1 0 0 -2 -4 -2 0 0 4 0 0 0 -2 0 -4 -8 0 0 -2 0 0 -10 0 0 1 0 2 0 0 4 3 8 -1 0 -4 -1 0 0 0 -3 0 -2 0 0 0 0 2 0 1 -2 0 0 -2 -2 0 4 0 0 0 4 1 -3 -2 1 -2 -2 0 2 -1 0 -2 -2 4 -4 2 1 -4 0 2 0 0 0 4 -4 -2 0 1 -4 0 4 0 0 2 -2 0 0 0 1 2 0 -6 0 0 0 2 0 -2 -1 0 0 4 -2 1 0 0 -1 0 2 0 0 -4 4 0 0 0 0 -2 0
-2 -8 -4 -2 0 4 0 -2 -2 0 5 0 0 0 0 4 2 4 -4 0 1 2 5 0 -2 2 -2 0 0 4 0 1 2 -8 4 0 0 0 0 0 0 2 -5 0 -2 0 0 0 0 -5 2 4 2 4 -4 2 0 0 0 -2 0 0 1 -2 -2 1 0 2 -2 2 -4 -4 2 0 0 -2 0 -4 0 0 0 0 4 0 2 2 2 2 0 0 0 4 0 0 4 -4 7 0 0 0 0 0 -4 4 4 2 -2 0 0 -5 0 4 2 0 -4 2 -5 0 4 0 -6 4 -1 0 10 -1 2 0 2 4 0 10 -1 0 -3 -2 0 0 2 12 -2 -1 2 -2 0 4 4 0 0 -1 8 0 -4 0 -1 0 2 -4 4 0 0 2 2 0 0 4 0 8 0 -2 1 4 4 0 0 4 0 -4 -2 -6 5 0 4 0 4 4 0 0 0 2 2 0 -4 3 0 4 0 0 4 6 2 0 2 -2 2 7 1 4 2 63 6 4 0 0 -2 -2 0 0 0 -2 1 -12 0 2 -4 2 0 4 0 0 -6 -1 -2 9 2 8 0 -4 1 1 0 0 0 -4 -2 0 2 -7 -2 1 -2 0 0 4 -4 -4 -8 0 -2 0 0 0 0 0 0 -4 2 -1 -1 0 0 -4 4 0 4 2 0 0 0 -2 0 0 0 0 -5 2 -2 0 -3 0 0 4 0 -2 -2 6 4 0 -2 0 -4 0 0 0 2 0 0 -5 2 1 3 0 0 -2 0 2 0 0 3 -8 0 0 -1 0 4 0 -2 0 0 -4 2 0 6 -2 4 -4 6 0 4 2 2 -2 0 -5 0 -5 -2 0 0 -2 0 0 0 0 0 1 0 6 0 0
0 0 -2 0 0 0 4 4 -4 6 -4 2 0 0 0 -3 -2 -2 0 2 4 0 4 0 0 0 4 0 2 -2 6 2 0 4 0 2 -14 4 2 -6 4 -4 -4 -2 0 0 4 0 0 1 0 -1 0 -6 -2 4 2 0 0 0 6 -2 -1 0 -4 0 -2 0 -6 0 0 2 -6 0 -2 4 0 -2 0 0 -4 0 6 0 0 -2 -2 2 -2 2 0 2 8 0 0 -4 4 0 0 -2 0 0 -4 0 0 -1 4 0 0 0 0 -8 4 -4 -1 0 -6 2 0 0 -4 0 -6 2 0 2 1 0 0 7 -2 8 2 -2 0 0 -2 -6 0 4 4 0 2 -1 1 4 2 0 0 0 0 0 0 0 0 -4 0 2 0 0 0 4 10 2 -2 -5 8 -1 -4 0 2 2 0 -6 0 2 0 0 0 -2 -2 0 4 -4 -2 0 0 -2 -6 6 2 0 10 2 0 -6 0 0 0 0 -2 -1 0 5 -2 0 -4 0 0 6 65 -1 0 0 -1 -4 0 7 0 0 1 -4 2 0 1 0 -2 0 1 0 -1 -2 0 0 4 0 4 1 1 -4 8 0 3 -2 0 6 -2 0 0 -4 0 0 4 0 2 -1 -3 4 0 4 6 0 2 0 4 0 -2 0 0 4 0 1 0 0 0 0 2 3 -6 0 0 1 0 0 -6 1 -4 0 2 0 -2 -3 4 0 0 8 -4 -2 0 0 -2 0 -4 0 -1 0 -4 1 0 4 0 -2 -6 0 0 -2 0 0 0 -2 9 4 0 0 0 0 -4 4 -4 -2 14 0 2 -2 0 -1 0 6 0 0 0 -8 0 6 0 2 0 -1 0 0 4 0 2 4 4 2 -4 0 2 0
1 2 -4 -8 -1 0 4 -6 -3 -5 0 1 1 0 -1 4 2 6 0 2 2 0 0 0 0 4 0 0 4 4 0 -2 0 -4 0 -1 8 -2 -4 -2 -6 0 -2 2 -2 0 -4 -2 0 0 2 0 2 4 -2 0 -3 0 4 0 -2 -4 2 0 6 -4 8 4 0 -2 -6 -6 0 2 0 -3 4 -4 0 0 -6 0 -1 0 0 -2 2 0 -2 -4 -2 1 0 -1 -3 -2 2 -8 0 0 0 0 -6 0 0 0 0 1 -1 2 0 2 -2 -10 4 -2 0 -4 0 0 0 0 -6 -3 0 0 0 0 -2 -2 0 6 0 -2 4 3 -1 2 0 -2 0 0 -1 0 1 6 -2 2 0 -1 5 -1 -2 0 3 1 0 -2 4 0 -4 -4 -8 -2 0 9 2 6 2 -2 2 4 4 -8 0 0 2 4 4 -3 2 -4 0 -4 -1 4 2 0 0 0 0 -2 0 -2 0 8 -2 6 0 -2 -6 0 -6 0 0 -1 -3 2 0 4 -1 63 0 0 0 0 0 -4 0 2 0 -8 2 2 -3 2 -5 0 2 0 0 0 -3 0 0 2 -2 0 0 -6 -6 -1 1 -2 -2 0 -6 0 0 0 4 2 1 -4 2 2 -4 -1 -2 0 2 -4 1 2 -6 -3 0 0 -2 4 6 0 0 -2 -6 0 0 0 0 0 -2 -1 0 1 0 1 -4 2 -5 2 0 -6 -2 0 2 2 0 -1 0 0 -3 0 4 4 0 -2 0 0 2 6 4 5 0 0 0 -2 -1 -1 2 -1 2 1 -2 -1 0 8 -4 0 -1 0 0 0 0 -2 0 -1 4 0 -2 0 1 2 0 -6 0 1 0 0 0 0 0 0 0 0 2 -6 -2 4 0 0
0 0 0 1 0 0 -2 2 4 1 0 4 8 4 -2 0 0 0 0 0 -2 6 0 -1 0 -1 0 0 0 0 0 -2 0 0 4 2 2 0 4 0 3 0 0 4 0 -2 0 -2 0 0 0 0 0 0 0 0 4 0 -6 0 0 1 2 4 0 0 0 -6 -2 0 0 0 0 -6 0 -6 0 1 0 2 6 0 -6 -1 0 0 0 -2 0 0 0 4 0 0 -1 0 0 6 4 0 -2 -2 0 0 2 0 0 -1 0 0 2 2 -4 0 0 0 0 0 -4 4 0 0 -2 -4 -4 0 0 0 0 -2 0 0 0 0 0 0 -4 0 0 -1 2 0 4 1 0 0 0 0 0 0 0 0 -3 0 4 -4 0 2 -2 0 0 5 2 4 -6 -4 -2 -4 0 -2 0 2 -2 0 6 0 0 0 0 2 0 0 0 0 0 0 6 0 0 0 4 7 0 0 0 -3 0 0 0 0 -4 8 0 0 -2 0 0 0 1 0 0 0 37 0 -2 0 0 -6 0 -2 0 0 0 0 2 0 0 0 -4 0 0 0 -4 0 0 2 0 0 0 2 0 2 0 2 0 0 4 0 0 -2 6 3 0 4 -1 0 1 4 0 4 6 0 0 2 -4 -2 4 -8 4 0 0 0 -2 0 0 0 0 0 12 0 3 -4 -2 0 0 0 0 4 2 1 2 0 6 0 0 0 0 0 0 0 4 0 4 0 -3 0 4 0 0 -6 -4 2 2 2 -2 3 0 0 0 0 1 0 0 -2 0 0 0 0 0 -4 0 0 -6 0 -8 0 0 0 0 0 1 0 -2 4 0 -4 0 2 0 0 0 0 0 4 2 0 -1 0 0 0
4 0 0 0 -4 4 0 0 0 2 -2 0 2 4 4 3 -2 6 6 2 2 4 -2 1 0 0 0 0 0 0 0 4 4 -6 -2 4 0 0 4 0 0 0 4 0 -1 4 8 4 -2 0 4 4 0 -2 4 0 2 0 0 4 0 -2 0 0 -4 1 2 0 0 -4 0 6 0 0 0 -4 0 0 -6 6 -2 0 -2 0 6 -4 0 0 -4 0 0 4 0 0 1 -3 0 2 -3 -4 0 1 -2 0 2 0 2 0 0 0 4 2 -4 0 0 -2 0 0 0 6 4 3 -2 -9 4 4 1 2 2 0 0 0 7 4 0 0 0 0 0 1 0 -4 -4 0 -6 0 -2 -2 0 1 0 1 0 0 0 2 0 2 -2 2 -4 0 0 -2 0 6 6 0 -1 0 4 0 0 0 -6 6 0 -3 0 0 -6 4 -3 0 0 -2 8 0 -2 0 -4 6 3 6 0 2 0 0 5 2 2 0 0 1 4 0 0 0 3 0 0 0 0 57 0 0 -6 4 2 8 -4 -2 4 0 -2 0 0 4 -4 0 -4 4 0 1 2 -2 0 -8 -4 0 0 0 -4 0 0 -4 -5 0 0 0 12 2 8 0 5 0 8 2 0 0 4 -4 -2 0 3 4 4 0 0 0 0 1 4 -2 2 -8 0 -2 0 0 0 -4 2 4 -2 0 0 4 9 2 0 4 -1 0 2 0 0 -2 4 2 -4 -1 0 0 2 -2 -2 0 0 -1 0 0 0 0 0 3 2 -2 0 0 2 2 -2 0 -2 -2 0 0 0 0 0 0 2 2 0 -1 0 6 8 -2 4 2 6 0 4 -9 0 0 0 -1 0 3 0 -2 0 0 -4 0 0 0
4 0 2 0 -2 2 0 4 0 0 0 0 -3 -4 0 -6 -4 0 0 0 0 0 0 0 0 0 4 0 -2 -2 0 -1 2 0 0 0 -3 4 0 2 0 0 -2 -1 -1 0 2 4 0 0 0 0 0 0 0 -6 -1 0 0 4 0 2 4 0 1 0 -2 -4 0 0 -4 2 0 0 0 -1 0 0 -2 0 0 0 -6 2 -6 0 -4 0 -1 -2 0 0 0 0 0 -6 2 0 2 0 10 0 6 -2 2 -2 0 -4 0 0 4 0 -1 2 -4 -1 2 0 5 2 0 0 0 4 0 0 0 -2 4 -6 4 0 -1 4 0 0 0 4 -2 5 -2 0 0 0 0 0 0 6 2 -6 -2 2 0 -4 -3 2 0 -4 4 0 -2 0 -3 -4 -4 -4 0 0 0 0 0 2 0 0 -4 2 2 -4 0 0 -6 2 4 0 4 0 0 4 0 0 0 2 4 0 2 2 0 1 2 0 6 3 -1 0 0 -6 0 -2 -2 -2 -1 0 -2 0 37 0 -4 3 -2 0 0 -2 4 0 0 -2 0 -4 0 -4 3 2 2 -2 0 6 0 1 0 2 0 0 0 0 3 4 0 -8 0 0 4 -1 0 0 0 1 0 0 0 -4 -1 -4 0 -4 -2 1 2 0 -1 -2 4 -6 0 3 -1 -2 0 3 0 5 0 1 -2 1 0 4 2 0 -1 0 0 0 1 0 0 4 0 2 0 -1 2 -2 2 2 0 0 2 -2 0 2 0 2 0 2 -2 2 0 -1 0 4 -1 -2 0 4 -3 0 0 1 -4 2 0 0 -3 0 0 0 0 -4 5 -2 -1 3 -8 0 2 6 4 4 0 1 0 1 0 -6 0 -2 0 0 -2 0
-2 0 2 6 2 2 0 0 0 0 0 0 0 2 0 0 0 2 4 0 0 2 0 0 0 2 -4 0 0 0 0 0 0 6 0 0 2 2 -2 0 0 4 -4 4 0 0 0 0 4 0 -6 0 2 4 -4 0 0 0 0 0 0 0 4 0 0 0 0 0 0 0 0 0 4 0 -6 1 -1 0 0 -4 4 4 4 0 0 0 0 2 4 0 0 0 -1 0 4 0 3 0 0 0 -4 0 -2 0 -2 -2 0 -2 2 0 -2 -6 0 -2 -2 0 0 0 0 0 0 0 0 4 0 -4 -1 4 0 0 -4 0 -2 0 0 0 0 -2 0 -2 0 0 -4 1 0 0 0 0 3 0 0 -4 0 2 3 0 0 0 0 0 0 0 0 0 0 2 0 0 0 0 0 0 -2 0 -4 0 0 0 2 0 1 0 0 2 0 2 0 -4 -4 0 1 0 0 0 -2 -2 0 2 0 -2 0 4 0 0 4 2 -1 0 0 -2 -4 0 0 0 0 36 1 0 -4 4 2 0 -8 0 0 0 0 0 0 -2 1 2 0 -2 0 2 0 2 0 0 0 0 0 0 0 -4 4 0 2 0 0 0 0 0 0 5 8 0 0 0 -4 4 -1 0 0 0 1 0 -4 0 0 0 0 2 0 3 0 -4 0 0 0 0 0 0 0 -1 0 -4 5 4 0 0 0 0 5 0 -1 2 -1 0 4 0 0 0 0 0 0 0 0 4 -2 0 0 0 0 -1 0 0 0 0 0 0 0 0 4 -2 -1 0 0 0 0 0 4 0 0 3 0 -1 0 0 -1 2 2 -4 -2 0 2 0 0 -4 0 -4 4 0 2 0 4 0 0 6
0 0 -4 -4 2 0 2 -3 0 1 2 0 -6 0 0 0 0 0 0 -2 0 2 0 1 0 0 -4 0 0 0 -2 0 -4 0 0 0 0 3 0 0 0 0 -4 0 0 0 0 -4 0 2 0 -1 2 -2 0 5 4 0 4 0 0 0 0 0 0 -2 2 1 2 0 0 2 0 0 2 0 -4 -2 0 0 -2 0 0 -2 -4 4 0 -1 0 0 2 0 4 0 0 -1 -1 0 -5 0 -6 -2 0 0 -1 6 0 -2 -2 -4 -4 0 8 0 6 2 0 -4 0 0 -2 3 0 0 4 0 -1 -2 2 0 0 0 -8 0 -2 4 0 -4 0 5 0 4 0 0 0 0 0 0 -2 0 4 0 0 5 0 -4 0 2 0 0 0 0 0 -2 0 -6 0 0 0 2 1 0 -2 0 4 -5 0 -2 0 0 0 0 6 4 2 -2 -4 0 -2 4 0 0 0 -2 0 0 0 -2 0 2 0 0 0 -6 4 -2 5 2 -2 0 0 0 0 -6 -4 1 50 0 0 -4 2 2 2 0 5 0 0 0 0 0 0 3 0 0 -4 0 0 8 4 0 0 4 2 0 4 0 -1 0 0 0 2 2 1 3 -4 1 -6 0 -2 0 0 2 2 0 -4 8 1 0 -1 0 2 0 0 2 0 3 0 8 1 -4 -6 4 -4 -4 -4 4 0 0 -1 0 0 0 0 2 0 0 0 2 -2 -2 4 0 -2 0 -8 0 2 0 4 0 -4 1 0 4 0 2 -3 3 4 0 4 0 0 0 -4 0 -8 0 0 0 0 -4 0 -8 4 3 -3 1 0 5 0 0 0 4 -2 0 0 0 8 -2 -2 0 0 0 0 0 0 0 2 1
5 -2 2 0 0 2 0 2 1 -4 2 -2 2 0 4 -4 -2 1 4 0 0 0 5 3 -2 0 -2 0 4 2 0 -2 6 -2 -2 -1 -4 -4 0 0 0 -2 0 -2 2 1 2 0 0 0 2 4 0 -4 0 -2 2 0 0 0 0 0 4 -5 2 -2 1 8 0 2 0 4 -2 0 0 4 -2 0 0 3 -2 0 0 0 0 -2 0 0 -2 0 0 -2 -4 2 -4 2 2 2 0 -2 1 0 2 -4 0 0 8 6 -2 0 4 -11 8 0 6 4 -2 4 0 8 2 2 0 -4 0 -4 -4 -2 4 8 0 -2 2 4 -2 0 3 -8 0 6 0 1 0 0 0 0 -2 4 0 4 0 0 4 2 -1 6 0 0 0 -4 -2 0 4 -4 7 2 6 0 -3 4 -2 0 -2 -2 -5 0 0 -4 0 0 -2 4 3 0 4 -2 0 4 0 2 0 -2 -2 0 -1 -2 0 -6 -1 0 -2 3 4 -5 0 4 -2 -2 -2 0 7 -4 -6 4 3 0 0 52 0 0 -4 2 0 -1 -6 0 0 0 0 -1 -5 0 4 0 -2 0 2 1 -2 -2 4 -4 4 0 4 4 0 -2 -4 -2 -4 0 -4 0 -1 -5 0 -2 2 -6 0 0 0 0 0 0 0 4 2 1 0 0 0 4 4 0 2 1 0 0 -6 1 6 4 -6 -4 0 0 0 2 0 6 -6 -4 0 2 2 4 -2 0 2 0 -6 3 3 8 -2 -4 2 0 0 -4 -2 -2 0 0 -1 -4 0 8 -1 4 -4 4 0 0 2 4 0 2 -6 0 6 4 0 2 1 2 -1 0 0 -3 -3 0 4 0 -1 -2 0 -4 0 6 0 0 2 0 4 0 4 2
0 5 6 4 -2 -3 0 0 4 -4 0 0 0 2 2 0 2 0 0 -2 0 4 2 0 0 0 -2 6 1 2 -2 0 0 -2 0 0 0 -1 2 0 -4 0 2 0 2 0 -1 0 0 2 4 6 0 0 4 0 4 -4 6 0 0 0 0 0 0 2 0 4 0 0 2 0 0 -4 0 -7 0 -4 2 1 0 6 2 0 0 -1 4 -4 2 0 0 4 -2 0 2 0 0 -2 2 0 4 3 6 1 2 0 0 0 0 0 0 0 0 4 0 0 0 0 0 0 -3 0 -4 2 0 0 2 4 4 0 -4 -2 4 -4 -4 0 -2 0 -6 2 -4 -4 6 0 0 4 0 1 0 1 0 2 -2 0 0 0 -8 -6 0 2 4 0 -3 0 0 2 0 0 4 0 2 0 0 0 -1 -4 0 1 4 4 0 -1 0 2 -3 0 0 6 0 -2 0 0 -4 -4 0 0 -4 0 4 -1 -4 0 4 -3 4 0 0 -1 -1 0 0 0 0 2 -2 -4 0 0 40 0 1 0 2 -2 0 0 0 2 0 0 0 2 0 2 0 0 -2 2 0 0 -4 -4 4 0 0 0 -2 4 0 0 0 0 -2 0 0 0 0 6 0 4 -2 0 7 0 0 0 0 0 0 0 -4 0 0 -4 0 0 0 -3 -2 4 2 0 0 1 2 0 0 0 0 0 0 0 -2 2 0 0 0 0 0 0 0 0 0 0 0 0 0 4 0 2 0 2 0 0 4 0 2 6 0 4 0 4 0 0 0 0 0 4 0 -2 -2 0 0 4 0 -1 4 0 0 1 0 -8 0 0 0 0 0 2 0 4 0 -2 -6 0 0 1 -4 4 0 0
-3 0 -5 0 0 5 2 4 -2 -2 0 0 0 0 5 2 0 2 0 4 1 0 4 0 -4 4 -2 0 0 1 0 -4 0 0 -4 0 0 0 1 -4 0 0 0 5 2 -2 0 2 4 0 3 0 0 4 0 8 0 0 -5 6 0 -2 2 -7 4 2 0 0 7 0 -4 2 0 1 -2 -12 4 0 -6 0 -2 0 0 5 0 0 0 0 4 2 4 0 0 4 -1 12 1 -3 0 0 0 -8 0 0 0 0 2 0 12 0 2 -4 0 -4 5 0 -4 0 -4 -2 4 4 -4 4 6 6 -2 0 0 2 -2 0 2 12 4 0 4 1 0 0 0 0 -1 0 0 0 2 0 0 0 0 2 -4 0 2 2 -4 -1 0 0 4 0 -1 -2 0 2 4 0 0 0 4 2 6 4 -6 -1 -2 0 2 0 0 0 -2 0 0 -8 8 0 0 2 0 0 0 2 0 4 4 2 0 -2 2 -2 0 0 0 -2 0 0 0 -2 0 2 -2 8 0 4 -4 0 0 67 10 2 4 -2 8 4 -2 2 -5 0 -2 -3 -2 -4 2 -1 0 0 -2 -2 0 1 0 2 0 0 2 0 0 0 5 4 4 -4 0 4 7 0 -1 0 6 0 -1 0 7 6 0 2 -2 0 0 1 5 0 4 -4 -4 -4 0 0 0 4 6 0 0 -2 0 2 6 -4 -4 -2 0 1 6 0 2 -2 4 0 2 0 -2 -2 3 -2 -2 0 8 0 -4 0 0 0 1 1 0 0 -1 0 -2 -4 0 -8 0 4 0 0 -3 2 0 2 0 4 0 1 2 0 12 4 3 0 6 0 0 2 0 0 0 -6 4 -4 0 0 2 -2 0 0 1 2
-4 -2 0 -1 0 0 0 1 0 2 -2 -2 -1 2 0 2 1 -5 6 1 3 0 0 -2 0 2 1 -6 0 0 -3 -8 5 -2 -2 -2 -6 -8 0 -6 0 3 0 0 2 0 -2 0 3 0 -2 -3 4 2 4 10 -1 -2 0 2 2 2 -2 0 0 2 -2 -6 -3 -2 -1 4 0 -3 -4 -3 -2 0 -3 4 3 2 2 -2 -4 3 3 2 2 -4 5 0 0 -2 0 -2 0 0 -2 6 0 -1 -1 1 2 0 0 -2 3 0 0 -4 4 0 2 1 0 -4 0 -1 -3 4 0 11 4 -5 -1 0 2 3 -1 -2 -4 0 -6 -2 3 1 -2 0 5 0 -1 1 -1 -4 4 -1 2 0 2 1 0 -2 0 0 -2 -2 2 0 -3 2 0 0 0 -2 1 1 2 0 8 -4 -2 1 -2 0 0 -3 4 0 -2 4 8 -1 0 -4 -4 -1 4 0 0 1 0 0 0 -3 0 0 0 -2 2 -2 -2 3 -2 3 0 0 -1 1 1 0 0 -4 0 2 2 -4 1 10 56 2 -4 3 0 -2 4 -2 -1 0 3 -1 -2 0 2 2 2 -2 7 2 -4 0 -1 3 0 -4 4 -5 0 -5 4 2 0 -2 0 4 10 2 2 0 -2 2 1 0 -1 -2 0 3 0 0 -3 -2 4 0 1 -1 -1 -4 2 0 0 -3 1 -6 0 -4 2 -3 0 -8 4 -1 2 1 0 0 2 0 0 -2 6 2 2 0 -2 -2 0 0 -2 -6 0 2 0 -2 -1 0 1 0 1 0 -1 -5 -2 0 0 -2 -5 2 1 0 4 -1 2 0 0 -4 -4 4 8 0 -4 0 5 0 0 0 -2 1 4 2 -2 -2 -2 -2 0 1 -4 1 0 4
2 0 0 0 4 1 2 2 2 2 7 0 8 -2 -4 0 0 -8 -1 0 2 4 1 -1 -2 0 0 4 -4 6 0 0 0 4 -2 0 0 0 0 0 2 0 -2 4 4 2 2 -4 0 6 -4 4 1 0 4 8 0 4 -4 4 0 -10 0 -2 0 0 0 -4 2 -2 0 -4 0 -2 0 2 0 2 2 8 0 0 -2 -4 3 0 0 -2 1 4 -10 1 -4 4 2 -2 -8 0 -3 0 0 -4 4 0 -4 0 8 0 0 2 0 4 6 0 5 2 0 0 -4 -2 9 6 4 8 -3 2 0 0 0 4 -2 -3 0 -1 -2 -2 10 0 4 0 0 8 0 -2 0 2 0 0 2 2 -2 0 4 0 0 0 -2 4 0 -6 0 0 0 0 -1 -2 4 -4 0 8 0 2 1 0 0 0 -4 -2 0 4 -4 4 0 4 0 5 0 2 2 2 0 -2 3 0 -2 -1 2 2 -4 1 0 -1 0 2 0 2 0 -2 -2 -12 -4 -8 0 -2 -2 0 2 2 0 2 2 60 4 -6 0 3 0 4 0 0 -6 -5 8 0 0 -6 0 -2 3 0 8 0 2 -1 4 0 4 3 0 2 -4 0 -6 2 2 4 6 -1 2 0 1 6 0 0 -2 4 -2 -6 -3 -1 -1 -4 0 0 2 -2 0 0 -4 0 -2 0 0 0 6 6 -1 2 2 0 2 0 2 2 -2 4 4 5 0 2 4 4 4 0 -4 4 8 0 8 0 1 0 0 0 0 1 0 2 -2 10 -6 -4 0 4 -2 -4 4 2 -1 -4 0 1 0 4 2 0 -2 0 4 6 2 0 0 4 -4 0 -2 0 1 0 0 0 4 0 0 -4 2 0 -1 0
0 0 2 0 4 0 6 3 -2 2 4 0 0 -4 0 -2 0 4 -4 4 0 -1 -6 0 0 -4 6 0 0 0 -1 0 -2 -4 0 0 -2 0 4 0 0 -4 -4 0 6 0 6 0 0 4 7 3 -2 -1 2 4 7 0 -4 -2 0 0 0 0 -2 -2 0 -4 0 0 0 -4 0 0 4 -3 0 0 0 0 -2 4 -4 0 0 -5 -7 -2 -4 4 -2 1 0 0 2 2 1 -2 0 1 2 -2 4 0 -1 0 0 0 0 -2 -2 0 0 2 0 2 1 -6 0 -1 -1 4 0 6 4 4 -1 0 1 0 0 0 0 -6 0 -1 0 2 0 2 -4 0 3 0 2 -2 2 -2 3 -2 1 0 2 -2 0 0 0 2 -1 -2 2 0 4 -2 -6 -2 -3 0 0 -2 0 0 0 -2 0 -3 -6 -2 -2 0 0 2 0 0 1 0 -2 7 0 0 0 1 0 0 0 4 4 0 0 6 8 0 -1 2 0 0 -4 0 2 0 2 2 0 4 4 -8 2 0 2 4 -4 4 53 0 2 0 0 6 -4 7 -4 9 -2 0 0 0 0 0 3 -4 4 0 0 -1 4 1 5 -4 0 0 0 0 4 4 -1 0 0 0 7 -4 4 0 -4 -3 -2 0 -4 2 -2 0 0 -1 0 2 0 0 0 0 0 0 -3 2 -2 1 0 0 0 6 0 -1 0 4 0 -2 -2 5 6 0 0 2 0 -2 0 0 -1 -4 4 -2 -1 0 -1 0 0 0 -5 8 0 0 4 0 2 0 0 0 6 5 0 0 0 -2 2 3 0 0 0 4 -6 0 0 0 3 0 0 1 0 8 0 -1 -2 4 0 0 4 2 4 0 2 0 0 2
0 0 1 0 2 1 0 0 -2 1 -4 0 0 -2 -4 -2 -4 -1 -2 -1 2 0 0 0 0 6 2 -2 0 0 4 0 0 -2 4 0 0 0 0 0 0 0 1 -2 -3 -1 0 1 0 -4 4 0 0 0 -2 0 1 -7 -2 0 0 2 0 0 0 4 0 -4 -2 5 2 0 -2 0 1 -2 0 -2 0 -2 0 2 2 0 0 -2 0 -2 -1 0 0 0 4 -3 4 0 0 0 8 0 0 2 3 0 1 0 0 0 -2 -2 2 0 2 -2 -2 2 -2 0 0 0 2 -2 -4 0 0 2 -2 0 0 -2 0 -4 0 0 0 0 -3 0 -2 -2 1 -1 -2 8 0 1 0 6 -6 -2 0 0 -4 0 -4 0 0 -8 -5 -4 0 0 2 0 3 0 0 4 0 0 1 0 0 -2 0 0 0 2 0 -4 4 0 0 0 3 0 0 -2 -2 3 2 0 2 4 4 -4 0 0 0 6 0 0 0 2 0 -1 1 4 0 2 0 2 0 0 0 0 0 -1 -2 -2 3 -6 0 41 3 0 0 -6 0 0 6 0 -2 -2 0 2 0 2 6 4 0 -2 0 0 -4 0 6 -1 0 1 -1 2 5 1 -1 0 -2 0 0 1 -4 0 -2 0 0 0 -6 0 2 1 0 -2 -2 0 -4 0 0 2 4 0 0 -1 0 -2 -4 2 -2 0 -1 0 0 -2 2 2 0 4 0 -4 0 4 2 2 0 -2 4 -2 0 0 -4 0 0 -1 0 0 0 0 0 2 0 -4 6 -2 2 0 2 4 -2 4 0 0 1 0 0 0 -2 0 0 -2 -4 -2 -2 0 0 -6 0 0 0 0 0 0 2 0 0 3 -4 8 0 0 0 4
-2 -3 0 -2 0 0 2 0 -2 2 4 -3 -6 -1 4 6 0 0 -4 0 2 -2 -3 0 0 -2 1 2 0 0 2 4 0 2 0 -4 -7 0 0 2 0 2 0 0 0 0 0 3 0 4 0 -1 0 -4 0 -6 0 0 0 4 0 3 4 0 -1 0 0 0 -2 0 0 3 1 1 0 -2 0 0 0 2 0 0 -2 -4 0 -8 -1 0 -2 0 -3 0 0 -4 2 8 4 3 -4 0 0 -6 0 -2 0 0 6 -2 2 0 4 -4 0 2 1 2 0 0 -2 0 1 0 1 1 0 2 2 -2 -5 0 2 0 -4 1 4 3 -2 6 0 2 4 2 0 0 1 0 6 0 -6 0 -1 0 0 0 0 -2 0 -3 1 4 -6 -2 0 0 0 -1 6 -5 0 4 0 2 8 0 0 -8 0 -1 0 2 0 -1 -8 0 -4 -2 4 0 -2 0 -2 0 -2 2 0 -2 4 -2 0 3 2 0 1 -8 0 -10 4 0 0 -4 1 -3 2 -2 0 0 5 -6 0 8 0 0 2 3 66 0 -1 0 0 8 5 0 3 0 8 -2 0 2 5 -2 -4 0 0 -3 2 0 0 -4 0 3 0 0 -1 0 -4 -2 4 2 0 3 0 -2 -1 2 0 0 -1 0 -2 0 -4 -7 0 8 0 -1 -3 0 2 -4 4 -14 -4 0 0 2 0 7 5 -4 -4 -2 0 -4 0 2 0 4 0 4 0 0 4 -2 0 -8 0 0 0 -4 -5 4 0 4 0 0 -4 0 -2 0 0 0 -2 -2 -12 0 -2 0 0 4 2 -3 0 0 0 9 -4 0 -2 4 6 -2 4 0 -6 0 0 11 0 0 0 0 2 0 2 0 -8 0 0 2
2 0 0 0 -2 3 0 0 -2 0 -4 0 0 2 -2 2 2 0 2 0 0 0 4 -3 0 2 0 0 -2 0 4 0 0 2 0 2 0 0 0 -4 -2 4 2 0 0 0 0 0 0 0 -4 0 0 0 0 0 0 0 0 -2 0 -4 8 2 2 2 0 4 -2 0 0 0 0 0 0 -4 0 0 -1 4 0 0 -7 -4 0 0 -2 0 0 0 -4 0 0 0 0 4 -4 -4 1 0 0 0 -2 0 -4 0 0 2 2 0 0 7 -2 0 2 0 0 -2 -2 3 0 0 -4 0 4 0 0 0 -4 0 -6 0 -2 0 4 0 0 -2 4 -1 0 0 0 -2 0 0 4 -3 0 0 0 -1 -4 0 0 0 -4 0 -2 0 4 -6 2 0 0 4 0 0 0 3 0 4 0 -2 0 0 1 0 2 0 0 4 8 0 0 7 0 0 0 2 0 -1 0 0 2 0 4 0 4 -4 0 0 0 0 0 5 0 0 0 2 0 2 0 0 -2 0 0 0 0 4 -2 3 0 0 0 28 0 2 0 0 -4 -3 0 0 -2 4 0 -4 0 -1 0 0 2 2 0 0 0 0 1 0 0 4 -1 0 4 4 0 0 0 0 -2 0 0 0 1 0 8 1 0 0 1 0 0 0 0 4 0 0 -5 0 0 8 -1 -4 0 -2 0 0 0 0 4 -2 2 0 2 -2 0 0 0 0 -1 1 0 0 0 0 0 0 0 0 1 0 0 4 0 4 0 -2 0 0 0 -4 0 0 0 8 9 6 -3 0 0 0 -3 0 2 0 2 0 -1 0 0 4 2 3 1 0 0 0 0 0 4 0 0 0 0 1 0 0 1 0
-4 0 2 0 -2 0 0 2 2 0 0 0 0 0 0 0 0 0 2 0 4 2 6 -1 0 2 2 -2 0 0 0 0 7 -4 -2 0 3 0 0 -2 1 0 2 0 0 6 0 3 0 0 -4 0 0 0 0 -4 2 -2 0 -5 1 0 4 2 -2 0 0 0 -2 -4 -2 0 -1 0 0 0 2 4 4 0 0 0 0 0 0 0 0 0 0 0 0 -2 -1 -1 -6 0 8 2 -4 -2 2 4 6 0 -4 0 -4 0 2 0 2 4 0 2 -4 0 0 0 4 -1 -12 0 0 0 2 0 0 0 0 2 -4 -5 0 0 0 0 0 4 0 0 0 0 0 0 4 0 0 0 -1 0 2 0 0 0 -1 0 0 6 -1 0 -8 2 2 2 1 -2 2 0 2 1 -7 4 -4 -1 -2 1 2 -2 4 1 0 0 4 0 0 1 -8 0 -2 2 2 0 -2 1 0 0 0 0 0 2 0 0 0 0 0 1 0 -1 0 0 -2 -5 0 0 0 0 0 0 0 -2 4 0 0 0 -1 0 47 -1 0 0 4 0 0 2 -8 2 0 1 -1 0 -6 0 4 0 0 -1 12 0 -4 5 0 -2 1 1 2 4 0 0 0 1 0 2 0 0 4 -4 0 6 0 4 0 0 0 0 -8 0 0 0 -2 0 2 0 0 -4 -8 0 0 0 1 0 0 0 2 -4 0 3 0 0 2 -2 4 4 2 2 0 0 0 0 0 -4 -4 -1 0 0 0 3 -2 0 1 -2 0 0 2 -1 -2 1 0 0 4 -2 2 8 0 8 0 -2 0 0 0 -2 0 -1 0 0 0 0 0 2 0 0 0 0 1 -1 0 -10 2 0 -1 4
0 2 0 0 0 0 0 0 0 0 -2 -2 4 4 0 4 2 4 0 0 0 2 2 0 -3 0 4 -2 2 4 0 2 -6 -4 4 0 0 -2 2 2 0 0 0 2 6 2 2 2 0 4 -2 0 0 4 0 0 8 0 0 -3 0 0 0 2 0 -2 0 2 0 -2 0 0 1 0 0 2 0 0 0 -2 0 -2 2 0 0 0 0 0 0 0 4 4 0 8 -4 -3 -2 -2 0 0 -4 0 -6 2 -4 0 -4 0 0 0 4 6 0 -2 2 -2 -2 0 -4 0 0 12 4 2 0 0 0 0 0 4 -4 0 0 0 0 0 6 4 0 4 -2 2 4 0 0 0 2 -6 0 0 0 -2 -4 1 0 0 0 2 -2 2 0 0 4 0 -6 0 -2 -2 4 -1 2 -2 0 0 -2 -4 -4 0 2 -2 4 -2 0 4 0 0 4 4 0 1 0 -4 -4 6 0 2 -4 0 4 4 0 0 4 2 2 6 4 3 0 4 0 0 0 4 -4 0 0 0 2 2 -2 4 6 -6 0 2 -1 55 0 7 0 -2 0 0 0 0 0 -3 4 0 0 10 6 0 0 -2 0 0 0 -2 4 0 -4 -4 0 0 2 -2 -2 0 0 0 0 0 0 1 7 -4 0 -2 -6 0 0 -4 10 0 -4 -4 -2 -8 2 0 0 -4 0 -4 0 0 0 -2 0 0 4 0 0 -4 0 0 0 0 -2 0 -2 0 0 -10 8 0 9 0 0 0 0 0 0 0 0 6 2 0 0 4 0 0 4 5 4 -2 2 0 0 0 0 -2 8 -4 -4 -4 4 0 2 1 2 2 0 0 -2 0 0 0 1 4 0 0 0 2 -2 0 1 -2
2 0 5 -4 -4 2 0 0 2 0 4 0 -4 0 0 0 0 -4 0 0 0 0 0 0 2 0 -2 0 0 0 0 0 2 0 -4 -2 0 -4 -9 0 0 0 0 0 0 0 0 0 0 -4 2 -1 4 -2 2 2 2 -2 5 2 0 4 2 0 0 4 0 0 0 -2 -4 -2 0 -8 4 4 0 -4 0 0 0 2 0 2 3 0 -4 0 4 2 -2 0 0 -6 0 2 0 -2 4 2 0 4 -2 0 4 0 0 0 0 0 2 4 0 -2 0 0 0 2 2 2 -2 0 -4 -1 0 -6 5 0 0 2 0 2 2 0 0 0 0 0 2 0 0 0 0 -1 0 0 -4 0 -2 0 -4 0 0 2 0 4 0 0 0 -2 0 0 4 4 0 0 0 0 0 2 0 0 0 0 2 2 6 0 0 0 2 0 0 1 -2 2 0 0 2 0 0 0 0 -4 0 -4 0 0 2 0 2 -4 0 1 4 2 4 2 4 0 1 2 -4 -4 0 0 0 0 0 -5 -1 0 -4 0 0 0 0 0 44 -4 -4 1 2 0 0 0 0 0 -4 1 4 -2 -1 0 0 4 -8 0 -2 0 2 0 0 -4 -2 0 0 -4 0 0 -2 0 3 -2 0 0 0 0 0 4 0 0 0 0 0 4 4 0 0 4 0 -3 -2 -2 0 4 0 -4 -4 0 -4 1 -3 0 0 0 0 0 0 0 4 0 0 2 0 -2 2 0 2 2 -2 4 0 0 4 -3 -4 0 0 -2 0 -4 0 4 4 -2 0 -4 0 2 0 0 -4 4 0 2 0 0 0 0 2 4 1 -2 0 0 0 4 2 0 2 0 -4 0 0 0 -2 0 3 0
-1 0 4 -1 4 -2 0 -2 -1 0 0 -4 0 4 2 0 -4 4 1 2 0 0 0 2 0 0 2 0 2 0 -2 0 0 0 0 0 0 1 -2 2 2 0 0 -2 2 0 0 4 2 6 -2 0 2 0 0 -4 0 0 -4 -1 0 2 -4 0 0 -4 0 -4 0 0 4 0 2 -4 2 4 1 0 0 -1 0 -1 6 -4 -1 0 0 0 0 0 0 -2 0 0 0 -2 0 2 0 0 4 0 -2 0 0 1 0 0 0 2 0 0 0 -2 -4 0 0 0 4 1 0 2 2 0 0 4 0 0 -2 0 0 2 -4 0 0 -4 0 -3 0 2 2 0 0 2 0 0 0 4 0 0 2 -1 0 0 0 0 0 -4 0 0 0 0 2 -4 -1 0 2 0 0 -1 2 -2 0 -1 2 -3 -4 4 0 0 0 -4 1 0 -4 2 -4 0 -4 0 0 -4 -2 0 0 0 2 0 3 4 1 -1 0 -2 2 0 2 3 -2 0 0 0 0 0 -4 -2 0 -1 0 0 0 0 7 0 8 0 0 7 -4 44 0 -2 -2 2 0 0 0 -1 0 0 0 4 2 0 -8 -7 4 0 0 0 -6 0 -1 4 -2 0 5 1 1 0 -2 -4 -6 0 2 0 0 3 4 0 -4 -14 0 -1 0 -2 -3 0 0 0 11 0 0 -1 -1 0 0 8 0 -4 0 0 0 4 4 1 0 2 0 -2 0 -4 -2 -1 0 0 2 2 4 -2 0 0 0 2 -2 4 -6 -4 -2 0 2 4 0 0 -4 0 0 -4 0 4 0 0 -4 -8 -4 4 -4 0 -2 -2 1 1 6 4 0 0 1 4 -4 0 0 0 4 0 0 0 0 0 3 2
-2 0 2 -2 -2 2 -2 0 0 0 -5 0 2 -2 0 -4 0 0 -4 2 -2 -2 -6 0 2 0 9 0 -2 0 0 0 4 -8 0 -12 -4 -2 0 0 0 -2 -4 0 0 0 -4 0 2 2 0 1 0 0 2 0 0 -4 0 -2 -2 4 2 -4 0 -1 0 2 2 4 0 4 0 0 0 0 0 0 -5 0 0 -2 0 0 6 0 0 0 0 0 -1 4 4 0 -2 2 0 -6 0 -2 0 0 2 -5 0 2 0 -1 2 2 0 -6 0 4 0 1 2 -2 0 -4 -1 -2 4 -2 0 0 0 0 0 -4 3 -4 0 0 0 2 -4 0 0 -10 -4 0 0 8 0 8 2 -2 -4 -4 2 0 2 0 0 0 2 -4 -4 2 -10 -2 2 0 -4 2 2 -5 0 -2 0 -4 -4 0 -2 -4 0 -4 -1 0 0 -4 2 -1 -2 -4 0 0 0 -1 -1 0 -4 2 2 -4 0 0 0 2 2 -2 6 0 0 -2 0 0 -4 -6 -1 0 0 -4 3 1 0 -5 0 -2 3 -6 -4 6 5 -4 4 0 -4 0 67 0 3 -6 3 -3 0 -4 4 1 -8 4 4 -4 -4 0 -4 4 -2 0 4 2 2 -8 0 1 0 2 -4 0 0 4 2 0 2 -4 2 1 0 0 4 5 -8 0 -4 -6 0 -2 -2 -2 0 -5 -4 0 0 -3 4 -4 0 0 4 -4 4 0 0 4 -4 -4 1 -2 0 -2 2 4 0 2 0 0 -2 -6 0 0 -2 0 -2 -1 0 -6 2 2 0 -2 -4 0 -4 0 -1 4 -6 4 0 0 8 -4 0 4 -5 -4 2 -4 2 -4 -5 -2 0 0 0 0 0 0 -2 -2 2 0 0 0 -2 0 -2 2
2 2 1 0 0 0 0 7 0 0 2 4 4 6 2 4 1 -4 2 0 0 0 0 3 0 0 0 4 8 0 -4 0 2 0 0 0 2 0 -3 -2 -2 0 0 -4 0 2 4 2 0 2 0 0 3 -4 0 8 0 0 1 0 0 4 0 0 2 4 0 0 0 -2 0 0 3 -2 0 2 4 0 0 -2 6 1 -3 3 0 0 -2 0 0 2 6 0 0 0 4 2 0 -2 -3 0 -1 0 0 0 4 4 -2 4 0 0 -1 0 1 0 -4 2 4 -8 2 1 8 6 -4 0 10 1 0 0 2 -4 0 0 0 0 4 2 0 0 -4 3 0 0 -2 2 0 0 0 -2 2 0 0 -1 0 -3 0 0 2 -2 0 4 0 0 4 -4 -2 -2 0 0 -1 0 1 4 -2 0 2 -1 0 -4 0 0 1 0 0 0 -2 1 2 1 1 2 0 -4 0 2 -2 1 -5 0 2 0 -2 1 0 -2 0 -1 -2 2 0 -1 -2 0 0 4 2 2 3 0 2 -3 -1 -5 9 0 0 -3 0 -2 1 -2 0 53 0 0 2 1 0 5 -5 0 -4 -6 -4 0 0 -1 -2 3 0 0 4 0 2 2 0 0 3 0 -4 2 0 0 -1 0 0 -2 -2 2 0 0 6 4 0 6 0 2 -1 4 0 -4 -3 0 0 2 4 0 2 0 4 -2 0 0 0 -4 0 0 0 1 0 0 0 2 -4 4 0 -2 -3 0 2 0 -1 -3 0 0 0 2 0 0 -2 8 2 0 0 -2 2 -3 0 -2 -1 0 0 0 0 2 0 6 -2 0 -2 0 5 1 0 -2 6 6 4 4 2 0 0 -4 -2 0 -2 -6 0 0 0 3
-2 -6 6 -5 1 1 2 0 1 0 0 0 2 -2 -2 0 -4 -4 0 -2 -4 0 0 0 0 -4 5 10 0 6 4 -1 -2 4 4 0 -2 0 0 -2 -4 0 0 6 0 -4 1 -2 0 0 1 1 0 -3 2 -2 2 -4 0 -1 0 -5 7 0 0 0 0 4 -3 4 0 1 -2 -2 0 5 -2 -6 0 0 -4 -2 1 -4 -4 -4 0 -2 -2 1 -1 -2 0 0 0 -1 0 -2 0 0 0 0 -1 1 0 0 4 -1 0 2 -1 -4 0 0 0 1 0 0 2 6 -2 2 2 0 -2 0 0 0 2 0 4 0 -4 0 -10 -1 0 6 0 0 0 0 0 0 0 8 0 2 2 -1 -2 0 4 2 0 0 0 6 2 -4 -2 -4 2 2 8 4 0 -4 0 6 0 2 -2 0 -3 0 0 0 0 0 -2 -1 10 0 -2 2 -2 0 0 0 0 -2 2 1 0 0 4 1 0 4 0 -1 6 -4 0 -1 0 3 -1 -2 0 -3 -4 0 2 0 0 4 0 -2 -2 8 -2 -2 3 0 0 0 2 -2 3 0 51 0 -6 4 0 0 0 -1 0 0 -2 -1 2 0 -2 -2 0 0 -4 4 -1 4 0 0 0 0 -2 -4 5 4 1 2 0 -1 2 2 0 1 -2 -5 -4 -4 0 0 4 -1 -4 -2 -2 -4 -4 -3 6 0 0 6 0 2 6 0 -6 0 2 0 -2 0 0 8 -4 -2 0 1 -2 -4 0 0 0 0 4 0 0 4 2 -2 0 5 0 -2 -2 0 -4 0 -2 2 0 0 -2 -2 0 2 4 0 0 0 2 -3 8 0 2 -4 2 8 4 0 0 3 0 0 4 9 8 0 2 -4 4 -4 0 -1
2 4 -2 0 0 0 0 -2 0 0 0 -2 -6 4 2 2 0 -4 -2 0 0 0 4 6 0 0 0 0 -7 -5 8 0 0 0 0 2 -2 -2 2 0 -2 4 -4 2 0 0 0 0 -8 0 -4 2 -1 0 0 -6 2 0 -4 4 0 0 4 0 2 0 0 0 2 0 4 0 -1 0 0 0 -2 0 1 -1 0 0 0 2 2 4 0 0 0 0 4 2 0 -4 -3 4 -2 0 1 0 4 3 2 0 0 0 0 0 0 0 4 2 0 4 0 4 -4 0 0 0 4 0 -2 0 4 -2 5 6 2 0 0 0 2 -1 -4 -2 0 -4 0 12 -6 -4 -6 0 0 0 0 0 0 2 6 1 4 0 0 -2 -2 0 6 -2 -2 2 0 8 2 -4 -2 0 -2 0 2 -8 4 -10 4 -1 0 -4 0 3 0 0 0 -4 2 6 -4 4 2 -2 0 0 0 0 2 5 0 -2 -2 8 -5 0 0 6 -2 4 6 0 0 9 0 0 0 1 -2 -2 0 0 2 -4 0 0 0 -2 0 0 2 0 0 2 -6 0 0 57 0 4 0 0 2 0 0 4 0 0 4 -2 0 0 0 0 0 -2 8 -2 0 0 0 -4 0 -4 -6 0 0 0 0 -6 -2 1 2 4 0 -1 4 -1 4 3 0 0 4 2 0 0 0 2 0 5 -6 0 2 2 0 0 0 -4 -2 2 -7 -4 -2 -4 -4 3 0 0 2 0 0 4 -4 -1 2 0 -6 2 4 2 0 0 0 0 0 -2 -1 -2 2 10 2 0 -1 -2 -8 0 2 2 2 0 2 0 -2 -4 2 -2 0 0 0 0 0 -4 0 0 0 -4 -2 -2 0 4 0 0 2 0
4 -4 -2 0 -1 0 2 0 0 0 0 0 4 0 4 0 4 0 0 0 -2 0 2 0 1 4 0 0 2 -2 0 -4 -4 0 -12 0 -4 0 0 2 0 -2 0 0 0 0 0 4 0 2 0 4 0 2 0 0 0 0 0 4 0 0 3 0 0 1 4 -2 0 4 0 2 2 0 0 0 4 0 -1 4 0 0 0 0 1 4 0 4 2 0 0 0 2 -4 2 2 -4 -1 0 0 0 0 0 -2 0 2 0 -8 5 0 3 0 -2 2 0 0 -4 -4 0 -4 4 -2 0 2 0 0 2 2 4 0 1 0 0 4 5 -4 0 2 0 1 0 0 0 0 0 0 0 0 -2 -4 -2 -1 2 0 0 -6 2 0 -2 4 -1 0 2 0 -2 -7 2 0 0 0 0 -4 4 0 0 -2 0 -4 -1 0 0 -2 -2 0 0 0 10 0 -8 0 0 0 1 -2 -5 -2 4 -2 2 0 4 -2 -2 4 0 -4 0 2 0 2 4 0 0 2 0 0 -4 -2 0 2 2 0 0 0 8 -2 -8 0 0 0 3 2 -6 0 44 0 0 0 2 1 0 -4 -2 0 0 0 2 -6 0 -2 0 -6 0 -4 0 0 0 4 0 0 -2 0 0 2 0 0 4 -2 0 0 0 1 0 -1 4 0 0 0 0 4 2 -2 -2 0 4 -2 2 0 4 -4 -12 -4 0 -4 0 0 -1 4 0 -4 0 0 2 0 0 -3 0 0 0 0 -2 0 0 0 0 -2 0 0 4 8 8 0 0 0 -4 -2 4 4 4 2 3 -10 0 0 0 0 -1 8 -2 0 8 -2 -1 -2 0 4 -4 4 0 -2 -2 -2 0 -6 -2 8 -6 0 -4 1
0 0 8 -2 -1 0 -4 0 0 2 0 0 0 0 1 2 -1 0 6 0 -5 0 8 0 0 2 5 0 -4 0 0 0 6 2 0 0 -4 0 0 12 0 0 0 4 4 0 -4 2 -4 0 0 -2 -1 0 0 -4 0 0 0 -2 -2 0 2 6 2 -2 0 0 -2 0 0 -4 0 -1 0 -4 -2 0 4 -4 0 -2 4 -2 -4 0 -8 0 0 -4 0 0 0 0 -1 2 2 3 0 0 -1 1 -4 0 -5 0 4 -4 0 -5 3 0 -4 0 0 2 -4 0 0 6 0 10 -4 6 0 0 4 0 6 0 0 0 0 4 0 2 -4 4 0 4 4 0 0 -3 0 8 0 0 0 -6 -4 -2 -4 0 1 0 4 2 2 0 0 0 6 0 0 6 -2 4 0 0 0 0 -2 0 0 2 0 2 0 0 4 4 8 0 0 0 -4 0 -4 -3 4 0 -2 4 0 4 -4 0 -2 0 0 2 0 -4 -4 -6 -2 -2 -2 8 0 2 2 -2 6 2 0 0 0 -1 2 -6 0 2 -2 4 2 0 0 0 -3 1 4 4 0 53 4 3 0 0 8 0 0 0 -4 0 -7 -4 0 6 4 -2 4 2 0 0 2 4 0 6 -2 0 -2 0 -2 -4 1 -2 6 0 0 -3 3 -2 8 2 0 0 0 0 0 0 0 -4 4 -4 5 8 -4 0 -4 0 5 0 -4 0 -1 4 0 0 2 -8 0 2 2 1 2 0 2 0 0 0 -2 4 -3 5 0 -1 2 -4 3 0 2 4 -1 4 0 4 2 5 0 0 0 0 5 -2 6 0 8 0 0 0 4 -4 4 4 1 2 0 0 0 8 -2 4 0 0 4 -6 0 -1
-4 0 -2 0 0 8 2 0 0 1 0 0 -2 0 -1 0 0 0 2 0 0 0 0 0 0 0 0 0 0 2 0 -4 0 0 4 -4 -4 0 0 4 2 4 0 0 0 -4 0 0 -2 -2 0 0 0 0 0 0 0 0 4 0 0 4 0 4 0 -2 2 0 4 4 0 4 4 0 0 4 4 0 0 4 0 0 0 0 0 0 -2 0 0 -4 0 0 4 0 4 0 0 8 -3 0 0 0 0 0 0 0 0 0 4 0 2 -4 0 -2 0 0 1 -3 0 0 0 4 0 0 0 0 0 -2 0 2 2 0 0 2 0 0 0 0 2 0 0 2 0 0 0 -2 1 -4 0 0 0 0 0 -4 2 0 4 0 0 0 2 0 5 -2 0 0 -8 0 -2 0 0 0 -4 0 2 0 -4 0 0 0 0 -4 0 -2 -2 0 -1 0 0 2 0 4 0 4 -1 0 0 -2 -4 3 0 0 4 4 -4 0 0 4 -4 0 4 -2 0 0 0 0 0 2 -2 0 2 0 0 0 0 0 0 0 0 0 0 0 0 0 0 4 31 -2 0 0 6 4 4 -2 0 0 0 4 0 0 0 0 0 -1 -2 0 -4 0 -4 0 0 0 0 -4 1 2 0 0 4 0 2 0 0 0 0 0 -4 0 -4 -2 0 -2 -4 2 0 -4 0 0 0 0 0 -4 4 2 0 2 0 0 0 0 2 0 0 2 0 0 0 0 2 0 0 0 0 0 -4 0 -1 -1 0 2 0 -1 0 0 0 -4 -4 0 0 0 4 -4 2 -4 0 2 -5 0 0 0 -4 0 0 4 0 1 0 2 0 -2 0 -8 0 -5 0 0 0 -4 4 0
-10 0 0 -2 -4 -2 -3 0 4 -2 -4 0 -2 4 0 -2 0 0 0 0 1 0 0 2 1 3 -1 3 0 4 0 -1 0 5 -4 0 1 -2 1 0 -2 0 -6 0 6 1 -2 6 2 8 2 -3 -2 1 2 0 4 -4 -2 -1 2 4 0 0 0 0 0 -1 0 4 0 -2 -1 0 -2 0 2 -1 4 -6 0 0 3 4 1 0 -3 1 0 0 4 -1 2 -3 -4 0 4 1 0 0 0 0 4 0 -1 0 0 0 4 0 -4 -4 3 6 2 2 -4 -2 0 -2 0 -4 0 4 0 -2 0 0 0 1 -4 -4 2 -1 1 2 2 3 -4 0 2 4 3 0 4 4 -2 0 -2 -1 0 0 0 10 4 0 0 0 0 0 0 0 0 0 0 -4 0 0 3 -1 0 2 -2 -2 0 0 4 8 1 1 -2 0 -1 -4 0 2 -6 1 1 5 0 0 -2 -4 0 -5 -1 4 -4 6 -2 -1 0 0 2 0 -2 -3 -2 -4 1 0 0 -8 1 2 8 1 2 0 -2 -2 0 2 2 -4 1 -3 0 -1 -4 5 0 0 0 3 -2 45 -2 0 6 0 0 4 0 0 0 -2 0 0 0 0 0 6 4 -1 2 -2 0 2 2 4 -2 0 2 4 0 0 2 -4 0 1 -2 0 2 2 0 5 0 0 0 3 -2 2 -3 5 0 0 0 0 -2 -1 2 0 6 0 1 -2 0 1 2 0 2 2 0 1 1 0 -4 2 0 -1 0 8 2 -2 6 0 -1 0 4 6 0 0 -4 -2 0 -2 0 -1 0 0 2 2 4 0 0 2 0 -2 -2 -1 2 0 0 6 0 0 2 4 0 -1 2 4 -2 0 -2 0 1 -2
2 -2 2 0 2 4 0 1 -2 0 0 4 4 0 0 0 -4 0 0 2 0 0 0 0 0 0 -4 -4 0 0 4 0 0 0 0 0 -3 4 0 0 1 4 0 0 4 0 0 -2 0 -4 0 0 -2 1 0 0 2 -2 4 0 0 0 4 0 0 4 0 -4 0 0 2 0 0 0 0 0 -2 0 0 -2 -2 4 0 0 -4 4 -2 0 -5 2 6 0 0 5 4 0 0 -4 8 -2 0 2 0 0 -2 0 4 0 -2 0 0 0 4 2 0 0 0 -3 0 1 3 2 0 -1 0 -1 0 0 3 -2 0 -2 -4 -4 -4 -3 6 -4 4 0 0 2 -1 0 1 -2 2 6 -3 0 0 0 0 0 0 -3 0 -4 -2 0 0 0 4 2 -2 -3 -2 6 -2 0 0 0 0 -7 0 -4 -2 -4 0 4 0 0 4 0 2 4 -6 0 -2 -6 0 0 0 6 0 1 -2 0 -4 0 2 0 0 2 0 -7 0 2 0 1 1 0 0 -4 0 0 4 -2 0 -2 7 3 3 6 5 0 -1 4 -4 0 4 -5 0 2 2 0 0 -2 38 -2 0 0 0 1 0 0 2 -3 0 4 0 2 0 -2 4 0 -8 2 0 -4 -4 0 2 0 -2 0 2 0 -2 1 1 2 0 0 8 0 -2 2 4 0 6 0 -2 -10 -4 1 0 0 0 0 6 0 -2 2 -2 3 0 2 0 -2 0 0 0 0 -4 -2 -6 0 2 0 0 -4 2 0 0 1 2 0 1 2 -4 0 0 0 0 4 4 8 1 1 2 0 6 -2 0 -3 0 0 4 4 0 0 0 1 -4 0 -2 0 0 0 0 4 0 0 2 8 0 0 0 0
0 0 1 4 -1 0 -8 0 6 1 0 -2 0 0 6 -2 -2 -2 4 -6 -4 6 0 0 1 -2 -1 4 0 0 0 -4 2 0 0 0 4 0 0 4 0 4 0 0 0 2 -2 0 0 0 0 -1 -4 4 0 0 4 -2 0 2 -2 1 4 0 2 2 0 0 -8 0 4 -2 -1 0 2 0 0 0 0 0 8 0 2 4 -3 6 4 4 4 0 2 0 2 0 0 0 -4 -1 0 0 3 0 -1 2 2 0 2 -3 -3 0 0 -1 -2 0 -4 -3 0 0 2 4 0 0 0 -2 -3 2 2 -1 0 0 2 2 0 0 1 0 0 0 -4 0 2 0 -2 2 -2 0 -2 -1 -2 -2 0 3 0 4 1 0 4 4 -4 0 0 -2 4 0 -2 4 0 -5 0 0 -2 0 -4 10 4 -2 0 1 0 10 2 2 0 3 4 -3 -2 -4 0 -6 -4 1 0 1 0 -4 0 0 -4 0 0 -1 0 0 2 7 4 0 0 1 -4 -6 2 0 2 0 0 -2 0 -2 2 0 -4 4 -2 -1 0 0 1 0 1 0 -1 0 1 0 0 0 -2 49 -4 2 3 4 -4 -4 2 0 -2 0 -2 0 -2 -2 0 -8 0 1 -4 0 0 0 -2 0 0 6 0 -1 9 2 5 1 0 -1 0 0 0 3 1 -4 0 -1 -2 0 0 2 0 -2 0 1 4 0 -1 4 0 -2 -1 -4 0 0 5 -1 -8 -4 2 4 0 0 0 1 -2 4 4 2 4 1 0 1 0 2 0 2 0 0 0 0 0 0 4 0 -2 0 4 -4 -2 2 4 0 8 6 2 -2 0 2 1 0 2 0 0 2 0 0 0 0 -8 0 -2 0 0 -2
4 0 0 0 0 0 4 0 -4 -4 2 2 -2 0 0 -4 -6 0 4 -4 4 0 0 0 2 2 2 2 0 4 0 0 0 8 0 4 -5 4 0 6 0 2 4 -4 -2 4 8 0 -8 4 -4 0 0 -2 0 0 -3 0 -4 0 0 0 2 8 0 -4 0 -4 0 4 0 -4 -4 2 0 0 0 -2 0 0 -4 0 0 -2 0 2 0 0 0 -10 0 0 6 0 2 -4 -2 0 2 2 -2 -2 0 0 0 0 -4 0 4 -2 -4 0 2 0 -4 2 -6 6 0 0 -4 8 0 4 0 4 4 0 0 -4 -4 0 0 0 -4 -4 0 -2 0 0 0 0 2 0 -2 4 -6 0 0 4 -2 -2 0 2 0 0 0 2 0 -4 6 0 8 0 0 8 0 0 -2 2 4 4 6 -6 -4 0 4 4 -6 0 6 -10 0 0 0 2 -4 0 0 0 0 0 -2 10 0 -2 0 0 -8 -2 4 4 0 0 -8 0 0 0 4 0 8 -6 0 0 0 0 0 4 -4 0 -4 8 4 0 -4 0 -6 0 4 0 -8 -4 0 0 0 8 6 6 0 -4 73 4 0 4 0 4 4 0 2 0 -4 -2 0 2 4 0 4 0 4 4 0 0 2 0 -2 0 -2 0 8 -2 0 -10 -2 0 -2 0 0 -2 0 4 2 0 0 -2 0 4 0 -2 0 0 0 8 0 1 -2 0 0 -4 -1 2 -2 -2 0 2 0 -2 4 -4 -6 4 4 2 -4 0 0 2 4 0 0 -2 -2 2 0 6 0 -4 0 0 0 2 -2 0 0 6 2 -8 0 0 0 2 0 4 0 2 0 0 0 -8 0 4 0 6 6 2 4 0 2 -8 4 -4
0 0 -4 0 0 2 0 0 2 0 2 -4 0 -2 4 2 -4 2 0 4 2 2 -2 0 0 0 0 -4 0 4 2 6 -6 -4 14 -11 0 -1 4 0 -2 4 0 1 -2 0 4 -1 0 0 3 0 -2 -2 0 -4 3 -4 0 0 -1 0 0 2 0 -4 4 2 0 0 0 -4 6 -2 -4 0 4 0 0 -2 0 -2 0 0 -2 0 0 0 -4 -2 -4 4 0 0 2 2 0 -2 -2 2 -3 2 -2 0 0 6 0 2 0 -2 0 -2 0 -2 5 0 0 0 0 0 -2 3 4 4 0 0 0 0 -4 1 2 0 2 0 4 0 0 4 0 2 2 0 -3 4 0 -2 0 2 -2 4 0 4 -6 -4 2 0 4 -1 0 0 0 0 0 0 0 -8 -4 4 -4 3 8 0 -6 2 6 3 0 0 0 0 6 2 0 -4 4 -2 -2 -2 0 4 2 0 -4 4 0 2 0 1 -6 0 0 0 -4 2 -10 4 0 0 0 0 0 -1 2 0 0 0 4 -4 -4 1 0 0 0 -2 0 0 0 10 -2 4 4 -6 0 4 -4 0 4 0 0 2 4 68 4 4 0 0 4 4 0 -4 2 0 -2 4 2 0 2 3 -6 4 2 0 0 1 4 -4 2 0 2 -2 -4 4 2 -4 8 0 -2 4 -4 0 2 0 0 -4 2 4 0 0 0 0 0 0 4 -4 0 0 0 0 -4 -4 -2 -1 0 4 0 -8 14 0 0 4 0 0 0 0 -6 -4 0 -8 0 -4 0 9 0 0 -4 8 -8 4 0 0 8 0 0 2 0 -1 2 -1 4 -4 0 10 0 -2 0 0 2 0 0 2 0 -8 6 0 -2 -2 4 4 4 -6
4 0 2 4 -2 4 -2 0 4 -2 0 -4 8 0 -1 0 2 8 0 4 -1 10 4 0 -2 -2 0 0 4 0 4 2 4 2 2 1 0 1 2 0 0 2 0 4 0 0 -4 -4 -2 4 -6 1 0 3 0 -4 0 0 0 0 4 -2 0 -4 0 1 0 3 2 0 0 6 0 4 -4 2 0 0 4 0 -2 2 6 0 -2 -2 -4 4 0 4 0 -2 0 0 -1 0 0 -4 0 2 0 0 4 0 -6 1 -4 4 1 -1 0 0 4 0 2 1 0 0 0 0 0 -4 6 -1 4 0 -1 -1 -4 0 -8 0 -1 0 0 2 4 0 0 -2 -1 4 0 9 6 0 0 5 4 0 0 0 2 0 -2 0 0 0 0 0 4 -2 0 4 0 0 0 -2 -2 0 0 -8 -4 -4 -2 -4 -2 0 0 0 4 2 -2 4 0 -4 2 0 1 2 0 -4 4 -2 0 1 6 0 3 4 0 0 2 -3 2 4 2 6 0 0 3 1 0 -4 0 0 2 4 4 0 -1 2 0 0 0 2 4 6 -1 2 4 -4 -2 0 -2 0 4 0 0 3 0 4 55 -2 -4 2 2 0 0 4 0 0 -4 -4 2 0 -6 -5 0 0 -2 2 2 2 0 0 2 -4 -4 0 -4 5 0 0 0 4 2 -2 -2 0 -1 0 0 0 0 0 2 4 0 0 2 3 0 -2 -2 3 -4 0 -2 2 2 2 -1 0 -4 0 6 -2 0 0 0 2 0 4 1 0 0 -2 1 0 0 2 0 -4 -4 10 -2 -4 4 -2 0 0 0 -10 0 -2 -6 0 1 0 -4 0 0 4 -4 4 4 0 0 -5 -2 -2 0 -4 6 -1 4 0 2 2
0 0 4 0 0 0 -7 0 0 -5 4 2 0 -2 -2 0 0 0 4 2 0 8 0 0 1 0 0 -2 -1 4 0 0 0 2 0 0 -2 -2 0 -2 0 0 4 0 0 0 0 -2 0 2 0 0 4 -4 2 3 2 -1 0 0 -2 2 1 4 0 -1 0 0 2 0 0 -2 5 0 4 0 0 4 0 0 0 0 0 0 -4 0 0 8 -1 -2 -2 0 0 3 0 0 -2 0 -2 0 0 0 0 0 -2 6 0 0 0 -2 2 0 -4 3 0 2 -2 -2 1 0 -1 4 -1 2 0 -4 -2 0 2 -6 -2 1 1 2 -2 -1 1 0 0 2 2 0 0 -2 -2 4 -2 -1 6 0 1 0 -2 0 1 0 4 6 -4 0 0 2 -2 4 0 0 0 0 0 0 6 0 0 0 0 2 0 0 0 2 0 3 -2 0 2 0 0 0 0 0 0 0 -1 4 0 0 0 6 0 2 -2 0 0 0 -4 0 0 -12 0 -4 -2 -2 2 0 0 0 0 0 0 2 3 -1 -1 0 -3 2 0 0 0 0 -4 0 -1 0 0 0 -2 4 1 4 4 4 -2 41 0 2 -1 0 2 1 2 2 0 0 -2 0 0 0 2 -2 0 0 1 -3 -2 4 0 3 0 5 1 5 2 0 4 0 0 0 0 3 2 0 0 0 0 0 0 0 4 2 4 -2 -2 2 4 0 0 0 0 0 0 0 0 0 4 0 -2 -2 -4 -1 1 4 6 -2 0 0 4 0 0 0 2 4 4 6 0 0 3 0 0 2 2 0 -6 0 0 -2 0 0 -2 0 -1 2 0 6 0 0 0 2 2 4 -4 0 2 4 2 0 0 -2 1 -2
0 0 -2 0 2 0 4 2 6 2 0 -2 0 -4 2 0 0 -2 -2 0 0 -4 0 0 -2 1 -4 0 0 2 0 0 -4 4 0 0 0 0 0 2 0 -2 0 0 0 0 0 0 -2 2 0 0 2 -2 4 2 1 0 4 0 0 2 4 0 0 2 0 0 2 0 -4 -4 0 1 2 -2 0 0 0 2 0 4 0 0 0 0 0 0 0 0 0 0 -4 -2 0 0 0 2 0 0 0 0 -2 2 0 2 0 4 -4 4 0 0 3 0 0 1 0 0 0 0 0 0 4 0 -2 -4 -4 6 2 2 0 0 -2 0 -2 0 0 0 0 0 -8 0 -2 -5 -2 -4 0 -4 0 6 2 2 8 4 0 -4 -1 4 0 0 0 0 0 0 4 0 0 -2 0 -2 0 -1 1 -4 8 4 2 -4 0 0 -8 4 -2 0 4 4 0 0 0 0 0 4 0 0 -2 0 2 -4 0 0 0 4 5 0 0 2 6 0 -2 -2 0 -2 0 0 3 0 4 4 0 0 0 4 4 -4 2 0 0 0 0 -8 -4 0 2 4 0 -4 0 0 0 -4 0 0 -4 0 35 4 -1 0 0 0 4 0 -2 -2 0 0 0 0 4 0 0 0 2 0 -2 4 0 4 -4 4 -2 0 0 2 0 0 0 0 0 -1 0 0 4 0 0 0 0 -4 0 -2 0 0 0 -8 0 0 8 2 0 2 6 2 2 0 -4 0 2 -4 0 0 0 0 -2 0 0 0 0 0 6 4 0 0 0 0 0 0 0 0 0 0 2 0 0 4 4 4 0 0 -3 0 0 -1 -4 4 0 -2 0 0 0 -1 -4 0 0 0 0 0 3 0 0 4
-2 0 0 -6 0 0 -1 0 -4 -4 2 0 2 0 0 -4 -2 0 -12 2 0 -2 0 -1 0 1 0 0 4 0 1 0 -3 0 0 1 -2 0 1 0 0 -2 6 -3 -2 -8 8 0 0 0 -1 0 0 -4 0 -2 0 0 4 -4 2 0 4 0 0 0 0 0 0 2 -8 -4 0 0 6 7 0 0 0 0 0 1 -2 -2 0 0 4 2 0 0 4 -2 0 0 0 2 4 0 4 0 -4 0 -6 0 0 4 0 0 0 0 -2 0 2 2 2 0 0 -5 0 0 0 -2 0 4 0 4 0 0 0 0 0 0 0 4 2 -2 1 -2 2 2 4 0 -2 0 4 0 -2 0 0 0 -2 0 0 -4 0 0 -4 0 0 0 -1 0 0 5 0 2 -2 4 -2 0 4 4 0 -2 -1 2 4 0 -3 -4 4 0 -1 -2 3 -2 0 2 0 0 4 6 6 5 0 0 0 -2 1 -2 -2 0 -4 4 -5 0 4 0 0 0 6 0 0 -4 4 -4 0 4 0 0 -4 0 1 0 0 0 -1 -2 4 -7 0 -1 0 -2 0 0 0 0 0 -4 4 0 2 2 4 49 -6 0 2 2 4 4 -2 0 -4 0 -5 -3 3 0 2 0 0 5 -2 0 -1 6 0 0 -6 0 -4 -4 0 8 0 2 0 4 -3 -4 4 0 -2 0 -2 4 0 2 0 -1 0 0 0 0 -2 4 0 4 -3 0 -2 0 -2 2 3 0 2 8 2 0 -3 0 0 0 1 0 0 0 -8 0 0 -4 0 0 0 0 0 2 2 0 0 0 4 -4 6 0 0 0 -1 0 -4 -2 2 2 0 2 -4 0 0 -2 1 0 6 6 0 4 -4 0
0 -5 0 0 9 -1 4 0 4 4 -4 0 4 0 -16 3 0 0 -2 -4 5 0 0 -1 0 1 4 -3 0 0 0 0 0 0 1 4 -1 -1 0 0 0 6 0 4 -4 0 0 0 4 4 -6 2 -4 8 -4 -1 -3 -4 0 -2 -2 0 4 4 -4 -1 -1 0 1 6 4 0 3 -5 -3 -4 2 4 4 0 2 0 -2 -4 0 0 0 0 3 -2 0 -2 -4 0 -4 -2 4 11 -4 0 -2 0 6 0 -4 -4 0 0 4 1 -2 -4 4 2 -4 -2 0 0 0 -4 0 -5 2 8 -4 0 0 -2 2 4 -4 2 2 -2 0 -4 -3 -3 1 0 -4 0 0 5 3 0 1 -2 0 3 3 0 1 2 -1 0 -3 0 1 -1 4 0 6 0 0 0 2 -2 0 1 -5 5 -11 4 -3 -4 0 2 2 -6 0 0 2 4 -3 -4 -3 0 -2 3 0 2 10 -4 0 -2 6 4 -2 0 4 1 0 0 4 4 -7 4 -4 2 -2 -6 4 -5 0 4 -1 0 -2 2 4 4 5 6 0 0 12 0 -8 4 -4 -2 -2 0 2 -7 0 0 2 2 4 4 2 -1 -1 -6 82 -6 2 2 -4 -2 -6 8 0 4 8 -2 0 -2 0 4 -4 -1 -2 0 3 -2 -2 0 0 5 -2 2 0 -4 -2 -8 -3 2 0 2 -2 4 -6 2 -3 0 -1 1 4 -2 0 7 0 -1 0 4 0 -2 4 8 0 0 -4 -5 2 0 -2 7 1 0 4 -4 -9 5 0 1 4 0 6 2 2 0 -5 -3 4 3 8 -4 2 4 -1 10 1 -2 1 -2 -2 -7 0 0 -2 -1 -2 -4 -2 0 0 1 0 -5 4 -2 0 -2 0 -4 0 2
-4 8 1 0 2 -4 0 0 0 0 0 0 4 2 0 -2 0 0 0 -1 -2 0 4 0 2 0 -8 0 -2 4 2 4 -2 0 0 0 0 0 0 -4 0 0 4 0 1 0 0 0 0 4 -2 0 0 0 2 0 0 -1 6 0 0 -2 0 0 4 0 0 4 0 -2 0 4 4 -2 0 0 4 2 0 4 0 3 4 4 4 0 6 -6 1 0 6 0 -1 0 4 0 0 0 -2 0 3 0 0 0 1 0 -2 6 0 -4 -4 0 2 2 0 0 -4 0 0 0 0 -2 0 0 -1 5 0 0 -6 0 0 0 0 -4 4 6 4 -6 0 0 -2 0 2 8 0 2 0 1 -4 6 0 0 0 0 2 2 4 0 0 0 0 -4 -6 0 0 0 0 4 -1 2 -2 2 -5 0 6 2 0 0 0 0 0 4 0 0 -1 0 -4 0 0 -1 0 -2 -2 8 4 5 0 6 -4 4 -10 0 -2 2 -2 -3 2 4 -8 -7 0 0 0 0 -8 0 0 -2 4 0 -5 3 -4 -1 -4 0 0 0 0 0 4 3 -2 0 -6 -4 4 -2 -3 0 0 4 0 0 0 0 -6 52 0 -2 0 -4 2 -2 0 0 0 1 -6 0 3 0 -2 -4 0 2 -6 0 0 0 -2 12 0 -2 0 -3 0 0 0 2 0 0 0 0 0 -2 2 0 2 0 0 2 2 0 0 4 4 -4 0 -4 2 0 -2 -2 0 4 2 0 4 0 -2 1 0 -2 2 -1 0 0 -6 8 -4 -2 0 0 0 0 0 0 -3 -2 3 -1 -2 -6 -4 0 -2 0 -4 4 0 0 0 0 0 -4 6 0 0 0 0 -4 0 4 4 0 0 -4 0 0
1 0 0 -1 4 0 0 0 -4 0 1 0 0 0 -6 0 0 0 2 1 0 4 0 -2 0 0 0 0 0 0 0 0 -5 2 0 0 -2 -2 0 0 0 0 2 0 2 0 4 0 0 0 0 0 4 0 -4 -3 -2 4 0 0 0 0 -4 2 0 0 0 0 0 0 0 0 0 -6 0 0 0 4 1 -2 4 0 4 0 -2 0 0 0 0 0 -4 -4 0 0 -2 0 -4 -4 -2 4 0 -8 0 0 0 0 0 -4 4 0 0 2 -2 -4 -6 0 0 0 0 -4 0 -2 4 2 -4 0 -2 0 0 0 0 0 -4 0 0 -1 0 4 0 0 0 0 0 0 -4 0 4 0 4 0 0 0 0 4 0 0 0 -4 0 0 0 0 0 0 0 0 0 0 0 1 8 0 -4 0 2 0 0 0 -4 0 0 0 0 -2 -10 -2 0 0 0 0 0 0 4 -4 -2 0 0 4 0 0 0 0 0 0 0 0 -2 0 0 -2 0 0 0 0 0 2 0 -4 0 0 0 0 0 0 0 1 -4 0 -2 0 -2 0 0 0 0 0 0 0 0 -2 2 0 0 2 0 2 2 0 26 0 0 0 0 0 4 2 0 0 1 0 1 0 0 0 0 -4 2 3 0 0 0 0 0 0 0 6 4 0 -6 0 0 2 0 0 0 0 0 0 0 0 0 3 2 6 2 0 0 0 -4 0 0 0 0 0 0 -4 -4 0 0 0 0 4 -4 0 0 -2 0 0 0 0 -1 -4 0 0 0 -4 1 0 0 0 0 0 -3 0 0 6 2 0 -1 2 0 0 0 1 0 0 0 0 0 4 0 0 0 0 0 -2 0 0 -2 0
0 0 4 8 0 0 -3 0 2 0 4 0 6 1 2 0 6 2 0 0 -3 0 4 4 0 0 -2 4 -1 -1 -1 1 6 0 -6 -2 -4 -2 0 0 -6 4 4 4 0 -4 2 -3 0 3 -2 0 -2 0 2 -6 0 2 0 0 4 -2 -3 4 -2 1 6 0 0 0 -2 -4 2 0 -2 2 2 0 0 4 0 2 -2 -2 4 4 -4 0 -2 -2 2 0 0 -1 4 0 6 0 -12 0 0 0 0 4 -4 -6 1 -2 -2 3 2 -6 -4 0 4 -1 4 0 0 -2 2 -2 1 0 0 0 0 0 -4 0 3 1 -1 0 2 0 4 1 2 1 -2 -1 0 2 -4 2 -4 0 8 4 -4 0 0 1 0 -2 -2 2 -1 2 -1 0 2 4 0 4 -2 -6 0 0 -2 1 0 0 0 0 0 -1 4 0 0 0 -10 2 0 0 6 4 -2 -2 0 1 -1 -8 0 0 0 -1 2 1 4 -4 0 -4 0 2 -1 2 0 1 -4 0 -2 0 0 0 0 -2 0 0 -5 2 0 1 3 0 5 -2 0 0 0 0 0 0 -2 6 0 0 4 0 0 -4 4 1 0 2 2 -2 0 68 4 4 -9 0 -1 0 2 -6 1 -3 0 2 0 0 0 0 2 -1 0 0 0 2 4 -1 0 0 0 0 0 -2 4 0 6 2 -4 4 0 0 -1 0 0 -2 0 0 -2 0 2 2 0 -4 0 0 2 4 -6 0 2 3 0 0 -1 4 0 4 -3 -2 0 0 -5 0 4 -4 6 -4 4 4 0 0 4 4 2 -2 0 1 0 0 2 0 -2 0 -2 0 4 0 0 -1 0 -4 0 0 0 0 2 2 2 -4 0 -2 0 0
-6 -2 0 1 0 3 2 0 0 2 -4 0 4 4 0 0 0 0 0 0 0 2 0 0 0 0 2 0 0 0 0 0 8 0 0 0 0 -2 1 0 2 0 0 0 0 0 4 1 -4 1 4 0 8 -4 5 4 2 -4 4 0 0 0 6 0 -2 0 0 -4 0 -4 -2 4 -4 2 0 -6 4 0 0 2 4 0 -4 8 0 0 0 -4 -1 4 4 2 -4 0 -2 -6 0 -2 0 0 0 0 -4 0 0 0 0 4 2 6 6 4 -2 0 2 0 -6 4 0 0 -2 6 -3 -3 0 2 1 0 0 0 0 -2 2 0 -4 0 0 -1 -2 4 4 0 0 -4 0 0 0 9 4 4 3 4 -1 0 2 0 -2 4 0 2 -4 4 0 2 -4 2 0 0 -4 6 4 0 0 0 4 3 2 0 0 0 0 7 2 0 6 0 4 0 0 2 0 6 0 -2 0 0 0 -2 0 0 2 0 0 -1 0 -2 3 6 -2 -2 0 4 6 12 4 0 2 -4 0 5 4 -4 0 -1 0 0 0 4 2 -6 4 4 -4 0 0 4 0 0 0 -2 -4 2 0 2 4 4 -4 0 0 4 55 2 6 -2 4 0 8 2 -4 6 2 0 -2 0 1 0 6 -4 0 3 -1 1 0 0 0 0 0 0 0 -4 1 0 0 -6 -4 -2 -4 4 -2 -2 0 -4 6 0 4 0 0 -1 0 -2 0 0 4 6 0 0 -2 2 0 0 4 0 -1 0 0 4 0 -4 -1 0 0 0 -4 0 0 0 0 0 4 0 6 0 -6 0 2 -2 -2 4 6 -2 0 0 2 2 4 0 0 -2 4 -2 0 0 0 0 0 -2 0 0 0 0
0 -2 2 0 0 4 0 6 0 6 0 4 -4 0 0 -4 -4 -2 0 0 2 0 0 2 0 -2 0 0 0 0 0 0 2 0 -4 0 6 2 -2 -3 1 0 4 0 1 0 0 2 -4 2 2 2 0 0 2 0 0 0 6 0 0 0 -4 0 0 2 0 0 0 0 0 -4 0 -2 0 0 -1 0 -2 0 0 2 0 -2 0 -4 0 -2 1 4 2 2 -1 -4 0 6 -2 -4 -1 0 -4 0 -1 0 -2 0 0 4 0 0 4 0 0 0 2 -3 4 -2 2 4 -2 2 -10 0 4 0 -4 0 0 4 -2 -2 1 0 2 2 0 -4 0 -3 8 -4 0 0 0 2 0 0 4 0 -2 0 -4 0 1 0 -4 -2 0 0 2 0 0 0 -2 4 0 -4 0 -1 3 4 1 -4 0 3 0 -4 2 0 0 2 0 0 2 2 6 0 4 -4 0 0 6 0 0 -4 0 0 0 0 0 0 0 4 2 -1 0 -4 0 0 0 2 3 2 -1 0 2 0 0 4 2 0 0 2 0 4 -2 0 0 0 2 0 4 -2 -6 -2 0 0 2 0 -2 0 0 2 0 4 -2 -4 0 4 2 54 0 4 0 0 3 1 2 0 6 0 0 -2 0 -1 0 2 1 0 -2 2 -4 0 1 -2 0 0 0 0 -6 8 -2 -4 -2 0 0 2 1 2 6 0 4 4 0 -2 0 4 0 8 0 0 2 0 0 0 0 4 0 -1 0 -4 0 10 2 0 -2 -2 0 -4 -2 0 3 -2 6 6 2 0 -4 -12 -4 0 0 -4 2 -1 2 2 2 4 1 4 4 4 0 0 0 -2 2 0 8 1 2 0 2 -4 0 2 2 0
-2 -2 -6 -2 -4 6 2 1 1 2 0 0 -4 -1 2 0 0 -6 0 0 6 4 2 0 0 0 2 0 -12 -20 0 4 2 -2 -2 0 -1 6 2 0 0 -4 -4 -4 -3 0 2 2 0 -2 6 -2 4 0 -1 -6 -4 -4 0 -1 -2 4 0 4 -4 -3 0 0 0 2 0 2 -1 1 4 -5 -2 0 0 0 0 -1 4 0 0 6 2 0 -2 4 0 4 0 0 0 2 -2 6 2 0 0 0 4 2 2 0 2 0 -4 -2 2 0 1 0 -12 -3 -2 2 0 -2 0 0 -6 -4 6 0 2 0 0 -2 -4 2 2 0 -4 0 -4 2 0 -2 4 -8 -4 2 -2 2 -2 0 0 -1 -2 0 -2 -1 2 2 -8 2 -3 6 -2 2 6 -4 0 4 4 2 0 4 0 0 4 -4 -4 1 -1 2 -2 0 2 2 2 -8 -6 4 -2 -4 -2 4 2 0 0 6 -2 0 4 0 -2 0 2 3 2 3 0 -5 0 0 0 0 4 1 0 8 0 0 1 -4 -2 4 0 -6 4 5 -1 -1 1 -4 0 -1 2 2 -1 8 0 4 0 0 0 -2 0 -2 -4 0 -2 -2 -6 2 0 -9 6 0 68 0 0 0 2 2 -2 1 4 0 0 -2 -1 0 1 -2 0 0 0 4 0 2 0 2 1 1 0 0 -4 0 -3 -8 -2 0 0 0 0 2 0 2 -4 -2 2 3 -8 -6 0 0 0 0 1 0 7 0 -2 4 0 -6 0 -5 0 4 0 4 2 -4 -1 -6 4 -3 6 0 0 -2 0 -2 -4 0 4 4 4 0 0 0 0 -3 -8 -1 0 0 2 0 0 2 0 0 0 0 0 0 0 0 5 -2 0 0 -1 1
0 -2 4 2 1 4 -7 2 8 -1 -4 1 2 0 -2 2 0 4 -1 -4 0 0 0 0 1 2 -2 4 -1 2 0 4 -4 0 4 0 2 0 -4 0 -2 0 0 4 4 4 2 8 0 8 -2 4 0 -8 0 -2 0 -4 0 -6 0 -4 0 4 2 -2 0 3 -2 0 2 -2 4 2 0 0 0 0 0 2 0 0 -2 -2 -8 0 0 -4 0 2 2 -4 1 -2 -6 1 2 2 -1 0 0 0 -2 4 4 2 3 -4 4 0 -6 0 0 2 3 -2 7 1 0 -6 0 4 -2 0 0 0 0 -2 2 -2 2 -2 0 0 0 0 -8 -2 0 0 2 0 1 0 0 -2 -5 6 2 0 0 0 -2 0 0 0 -8 -4 0 0 4 0 0 -2 0 0 2 0 6 1 1 5 -4 2 0 0 4 4 0 0 0 2 0 0 0 3 0 0 0 4 0 0 0 4 0 0 0 3 -2 5 0 4 -8 -5 2 -1 -6 2 -10 4 0 -4 4 0 0 0 3 0 0 -4 -2 2 4 1 0 0 1 -4 -4 4 -8 2 4 -2 -4 2 -1 6 -2 -2 2 4 -4 0 -2 0 8 -2 0 0 -2 4 0 58 0 0 6 2 4 0 0 -4 -4 0 6 0 0 0 -1 0 -2 -10 -2 2 0 0 0 0 0 0 -2 0 0 0 2 4 -2 4 5 0 0 0 -4 2 0 4 0 0 0 0 5 -2 -2 0 -6 -2 5 0 0 0 0 0 0 4 -6 4 4 2 4 2 4 1 0 0 0 -4 -4 0 4 0 0 0 0 0 4 0 4 -1 2 2 -2 0 4 -4 0 -4 0 0 0 6 0 2 4 2 4 2 -3 4 0 0
2 0 -4 1 -2 0 -2 0 -4 -2 -4 0 8 -1 -2 0 0 0 -6 2 2 0 0 1 0 0 -2 4 0 4 0 2 -8 0 2 10 0 2 0 2 -3 4 0 -4 2 -1 0 4 2 -2 2 0 4 -4 4 2 0 4 0 -2 0 -4 6 -4 -2 6 -1 0 0 -1 0 -3 -6 -4 0 4 4 -3 0 -2 0 0 2 1 -2 4 2 -4 -1 -1 -2 -2 -6 2 -5 2 0 -4 -2 0 0 -2 4 2 -3 0 -4 -2 2 -1 4 6 0 0 0 -3 0 4 0 2 0 4 0 -2 -6 12 0 0 -4 2 1 -4 7 -1 0 0 3 4 2 -5 0 3 4 -1 4 -4 -4 -4 4 -1 4 0 0 2 4 -2 2 8 0 0 8 -2 2 2 -1 2 4 1 -1 -6 2 2 0 0 -2 0 0 -3 0 2 3 0 2 -2 -3 2 -10 0 0 0 0 -3 -2 4 -4 -1 3 2 -2 -6 2 4 0 -2 2 -2 4 0 0 -4 2 2 -1 5 0 0 -4 -1 0 0 0 2 -1 -1 -4 4 2 0 -2 -2 0 0 0 0 0 0 -2 4 4 0 4 2 2 -2 0 -4 0 0 4 -1 4 0 0 0 68 -4 0 0 0 0 4 0 -4 0 0 0 -2 0 4 0 0 -1 2 6 2 0 1 -4 -4 6 0 2 10 -3 -4 2 0 -4 -2 -3 -4 2 2 1 -4 0 0 0 0 0 0 0 4 -4 -2 0 0 2 -3 2 8 0 0 2 2 -3 0 0 -2 0 2 6 0 0 0 6 2 0 2 4 1 2 0 2 0 3 0 0 2 -2 -1 -2 10 0 0 0 0 -6 4 0 4 0 -1 6 0 0 2 -4 -2 0
-2 2 0 -8 2 6 0 0 0 4 -8 1 4 0 -8 0 0 -2 -2 0 0 2 2 4 0 0 2 -8 -6 0 4 0 0 2 0 0 0 0 0 0 0 0 0 4 0 0 2 0 4 4 0 0 2 -4 0 4 0 0 0 0 0 -4 4 -2 2 -4 -2 6 -2 2 0 0 0 0 2 -4 0 4 0 0 0 0 2 0 12 0 -2 0 0 0 0 -2 0 -4 -2 0 -1 0 4 0 0 -4 12 4 0 -4 -6 -2 0 0 0 2 -2 0 -2 4 2 -2 0 0 4 -3 0 12 0 0 -3 0 4 -4 -6 0 -2 2 0 0 0 2 0 0 0 -4 -2 2 0 0 8 -2 0 0 -2 0 0 0 -4 0 -2 0 2 0 0 -4 -8 0 0 0 -4 0 0 0 -2 0 0 -1 -4 0 2 4 4 2 -4 0 4 0 -8 4 4 0 0 0 0 0 0 0 0 6 -4 -2 0 0 6 -1 2 4 4 0 0 0 0 -4 -1 2 0 0 1 5 1 -5 0 4 4 4 0 0 -2 4 4 0 0 0 1 0 0 0 0 0 0 -1 0 -8 0 0 0 0 0 0 4 0 2 0 0 0 0 0 -4 59 12 0 6 4 -4 4 0 0 0 0 5 0 0 0 -4 -1 0 -8 0 3 0 -4 0 0 0 1 2 2 3 0 0 0 2 0 4 0 4 0 0 0 4 8 -2 0 4 0 8 0 -2 -2 0 0 -2 0 -4 4 -4 0 -8 -4 0 -6 8 4 -1 -4 0 0 0 0 8 0 0 0 10 0 -2 4 0 3 0 -2 2 0 0 2 -6 0 0 0 0 -2 -2 -4 0 -4 0 0 -2 -4 -2 0 -2 0
-3 -2 -2 0 -4 0 0 2 6 -1 -3 0 -2 0 2 -1 0 -3 0 -2 0 4 0 -1 0 2 0 0 0 0 -4 4 4 -2 -4 0 -4 -7 0 0 -2 4 4 8 2 2 4 0 8 4 0 -3 0 6 0 4 4 -4 -2 2 0 -4 -3 3 8 0 0 -6 1 -4 4 0 -4 -1 -8 -3 0 4 0 10 2 0 -6 -6 4 -4 -1 4 10 2 0 2 2 0 -2 0 -4 -2 -5 6 0 0 6 0 -1 -4 2 2 0 4 4 -12 -6 0 1 0 -2 2 0 -1 -4 2 0 6 8 0 0 -2 0 -1 -10 -4 6 0 -2 -4 -4 0 -4 -2 4 2 -12 0 -5 0 -2 2 8 4 0 4 0 -4 0 0 0 -2 3 6 0 -4 -4 -4 -2 0 -2 3 0 0 0 2 1 1 -16 3 -2 0 4 0 0 -2 -6 0 -5 -1 0 -4 4 -2 0 -4 0 -5 0 0 3 -2 0 -4 9 4 -5 -4 -2 -2 -2 -4 1 -8 -3 -4 1 8 0 8 -6 0 0 7 10 6 0 -2 4 0 0 2 0 5 0 3 0 0 0 2 -4 2 -8 0 4 2 -6 0 0 -5 8 0 0 2 8 3 2 6 0 12 106 0 8 0 2 4 -2 0 -2 2 -4 2 -4 0 0 -13 -3 -2 8 0 -2 -16 -2 0 0 2 0 4 0 1 0 0 4 -9 0 5 2 0 6 4 4 4 0 2 12 -5 2 0 6 -2 2 0 0 -8 4 0 0 0 0 3 0 -2 4 -2 3 -2 0 1 1 -11 0 0 4 2 2 0 2 4 8 -2 2 3 -2 -4 1 0 8 -4 6 -1 2 -4 2 2 0 -5 0 4 2 0 -10 0 0 2
0 -1 1 4 0 -2 -2 0 4 -3 0 0 -4 0 -4 0 0 -4 5 0 0 4 4 -4 0 2 2 4 2 -2 -5 0 2 0 4 3 -4 -4 3 -8 0 2 0 -1 1 0 -2 -2 0 0 4 0 2 0 0 -4 1 0 4 -6 -3 0 -4 0 0 0 0 0 4 0 1 0 0 0 3 -4 0 -1 0 2 -4 -2 0 0 -2 -4 2 4 0 0 2 2 0 0 1 0 0 -1 0 0 6 0 -1 0 2 0 -2 0 0 0 0 -4 0 0 -2 -2 -4 -2 0 0 6 4 -4 0 -1 0 0 0 4 -2 0 0 0 0 0 4 -10 2 -2 -4 2 0 0 0 0 0 -3 0 0 0 0 0 0 -2 0 3 0 0 0 10 -2 0 -1 -7 0 0 5 0 0 -2 2 0 -3 2 0 5 0 0 0 4 0 2 0 2 1 -2 0 0 -7 -2 2 0 0 0 0 2 -4 -1 0 0 0 4 -2 -2 1 -5 -2 -2 0 0 4 -1 4 2 0 0 0 -2 6 0 2 -1 0 0 2 0 0 -2 -4 1 2 0 0 -4 4 4 0 -2 2 1 0 3 -5 0 0 -3 -2 1 0 -6 2 1 2 2 0 0 0 53 0 4 5 0 2 0 0 0 1 5 -4 2 -5 -4 0 -2 0 -2 0 0 -2 0 2 2 4 0 0 2 6 -2 -4 0 -8 -3 0 2 0 0 -4 0 0 0 0 0 0 0 0 0 2 -4 0 2 0 -4 3 0 -4 0 0 -1 4 4 2 -3 -1 4 0 -3 0 6 0 4 0 -1 -4 0 0 -1 2 6 2 0 0 0 2 2 -2 0 0 -4 0 2 4 0 -1 0 -2 2 4 2 -2 2
6 -1 0 3 0 4 5 0 0 1 1 -1 0 0 -4 2 2 2 0 3 2 0 -2 0 2 -1 -4 -4 0 -3 -2 0 -4 -4 -6 0 -2 -1 0 0 0 0 0 0 0 0 2 0 0 -1 1 0 2 -8 0 -1 0 2 -2 2 0 2 -4 2 4 0 0 -2 2 -2 6 -2 1 2 0 2 -4 0 0 0 0 6 0 2 5 -1 0 -8 2 0 1 -3 0 0 -3 8 2 0 0 0 0 0 4 0 0 0 0 -4 1 -1 -4 2 0 0 0 7 4 2 0 2 -8 0 2 4 4 2 -2 -4 0 0 -2 -2 2 -1 -3 -1 1 1 -4 0 -3 0 -2 0 0 -1 -2 0 2 -1 -1 -1 0 4 -2 -4 0 -4 0 -1 1 0 2 4 0 5 4 -2 0 0 2 0 6 -1 3 0 -2 -2 -1 0 -1 3 -1 0 -3 2 -2 1 -2 0 0 1 0 -2 0 4 2 0 0 -1 1 0 -2 -6 0 0 -6 -6 2 -2 0 -2 0 0 0 0 -2 2 0 -1 2 2 7 0 0 0 0 -2 0 1 -4 -4 -2 0 0 0 -4 0 0 -4 4 -6 0 2 4 3 0 -6 1 1 -4 2 -2 4 0 6 8 0 47 -2 3 0 0 -1 1 6 -5 2 0 0 -4 -4 2 0 -3 0 0 -4 0 0 4 0 0 -1 -1 1 0 1 2 0 0 3 -6 0 -4 -1 4 4 0 1 6 -2 9 0 7 0 2 0 -2 0 0 0 0 0 -5 1 1 4 6 -7 -4 4 4 2 -6 0 0 0 3 0 -6 3 0 0 0 0 6 0 -4 -1 0 -2 -4 -4 0 0 1 0 3 2 0 8 -2 2 -1 6 1 -1 0 0
0 2 2 2 0 -2 2 -1 0 -2 -4 0 0 2 0 0 -6 -6 0 0 0 0 6 4 -2 2 2 4 -4 0 0 0 0 0 4 0 -4 4 0 0 0 -4 4 -4 0 5 0 3 0 4 2 -4 0 -2 -2 4 2 6 5 0 4 0 0 0 1 -3 -2 4 1 -1 0 -4 -2 -4 -4 -2 4 -6 0 -1 6 -4 6 0 0 2 -4 -6 0 0 0 2 0 0 4 2 -2 -2 -4 0 4 -2 0 0 4 0 0 2 0 2 2 8 0 0 0 0 -2 0 2 4 3 2 0 8 2 0 0 0 0 0 2 4 2 0 0 2 -2 0 -2 0 0 0 4 0 4 4 4 -4 -4 2 -2 -2 -2 -4 0 0 1 8 -1 0 0 0 0 0 -2 4 -1 0 0 0 2 2 -4 0 8 -4 0 -2 0 -4 2 -6 4 0 1 -2 0 0 -2 4 2 4 0 -2 0 -4 -6 4 0 0 0 0 0 4 0 0 -2 2 0 0 4 0 4 0 -4 0 0 -6 4 0 0 0 -4 1 3 0 1 0 0 0 0 2 -4 -4 0 6 0 2 -4 0 4 4 0 -2 0 0 -2 0 0 -3 6 0 1 0 0 4 0 4 -2 57 4 -2 2 0 2 4 0 -6 -2 0 4 -4 2 -3 0 0 0 0 -4 0 6 0 -2 -4 0 0 -4 1 1 0 4 0 4 2 -1 0 -4 2 0 4 0 0 0 2 0 0 0 4 0 2 0 -2 2 -4 0 -2 0 0 6 0 2 4 1 0 -6 1 -4 -2 -2 0 0 0 -4 4 -5 2 6 0 2 2 0 4 1 0 0 -2 0 0 0 0 0 0 6 2 -4 0 0 -2 -2 0
3 -2 4 3 2 6 0 0 2 2 1 -2 0 -2 0 4 2 0 0 5 0 4 0 -4 0 0 0 4 0 6 -4 4 -1 -2 4 1 1 0 2 -2 -2 3 0 -1 4 0 4 -2 2 -4 6 0 0 0 0 3 0 4 -4 8 0 4 0 0 -4 -4 -2 4 -4 2 0 -4 2 2 -4 8 -6 0 0 -2 -4 -4 6 -6 6 2 2 0 -1 2 12 2 0 0 -2 8 2 -5 -6 0 2 -4 0 4 2 0 -2 -2 0 0 -2 -3 0 0 -2 8 0 4 0 0 2 -2 -5 0 -5 4 -2 -6 0 -2 0 4 4 -2 -2 -1 0 -6 2 0 4 0 0 -2 0 4 -4 -4 0 2 4 4 -2 1 0 4 0 10 0 0 2 4 4 8 0 4 1 0 0 6 2 10 -1 0 0 0 -1 -2 0 0 2 -2 0 -2 -3 0 0 -8 -8 0 4 0 2 6 -2 1 4 0 0 0 2 6 -4 0 -8 -2 0 -2 0 0 6 2 6 4 -1 -4 0 0 -2 6 -2 1 4 -4 0 -2 0 0 -2 -2 0 0 5 -6 -2 -2 0 2 -4 0 0 2 -2 0 0 2 0 3 1 0 2 6 4 0 4 -4 2 5 3 4 75 2 2 -2 0 5 -4 2 2 3 -2 2 0 9 -2 0 -1 -4 -10 0 2 0 -4 -5 2 -4 0 2 0 0 0 1 0 -4 2 0 -2 -2 0 4 0 0 -4 -1 2 0 0 0 0 4 2 2 0 4 0 6 -2 2 -4 -2 -3 4 0 0 0 -8 0 -5 4 -5 0 1 0 2 0 -2 0 5 6 0 0 1 8 4 0 0 0 -2 0 -4 6 4 4 4 0 10 4 0 6 -6
0 0 0 4 2 0 0 0 0 0 -2 0 1 0 0 0 5 0 0 4 0 0 2 -4 -1 0 0 4 0 4 0 0 2 4 -5 2 0 -4 0 0 0 0 -4 6 -2 4 0 0 4 0 0 0 0 7 1 0 0 0 0 0 0 4 2 0 0 0 -4 4 0 0 4 0 1 0 -2 4 0 0 0 0 0 0 0 0 4 0 0 0 4 0 -2 -1 0 0 0 4 0 4 2 0 0 0 0 -4 0 0 0 0 2 -2 0 -6 0 0 0 0 0 2 0 -1 0 0 0 4 -1 0 0 6 -4 0 -4 0 0 -4 -8 8 0 2 0 0 -2 0 -2 0 -2 4 0 -4 0 0 0 0 0 0 0 0 0 0 -4 0 -2 0 0 5 2 -4 0 -4 0 4 -2 -4 0 0 -6 -2 -2 4 0 0 4 4 4 4 2 4 4 0 2 0 0 4 -4 -4 0 -2 0 0 0 0 0 0 4 0 0 4 0 0 4 0 0 -4 0 -4 -4 4 2 0 0 0 2 6 0 0 -2 0 2 0 0 -4 4 0 4 0 0 0 0 4 0 0 0 0 2 0 0 0 4 0 0 2 0 0 0 -4 0 4 4 0 0 -2 2 38 0 4 0 0 0 0 -2 0 0 8 0 -2 4 0 0 0 -4 0 0 4 0 -4 0 4 0 0 0 4 0 -1 4 0 -4 0 0 0 -4 0 0 6 0 1 0 4 0 0 0 0 0 0 0 2 -2 2 -1 6 0 5 -3 4 0 0 -2 0 4 0 -4 -5 4 0 0 0 4 0 0 0 6 0 0 -2 0 0 4 0 0 0 2 0 0 -4 4 4 2 0 0 0 0 0
6 2 1 4 -10 2 -2 -3 2 0 0 3 2 -4 0 0 2 -2 0 0 2 4 4 -2 1 0 -4 0 0 0 -2 -2 0 0 0 0 0 0 1 -2 4 0 0 -2 4 0 0 0 -1 -4 0 2 2 -2 -4 4 1 2 2 6 0 0 0 2 2 -3 -4 2 2 0 0 -2 -3 0 0 -7 5 0 0 0 -2 -2 -8 0 -2 3 5 0 0 2 3 4 1 0 -2 2 0 0 -2 -1 2 -1 0 0 0 0 0 4 0 0 4 -4 2 0 0 2 6 3 2 0 -2 -4 -1 0 -1 -2 -2 0 2 0 0 4 2 -4 3 1 -2 -6 -4 -4 2 0 1 4 0 8 1 -4 -2 0 -4 0 0 -2 4 -1 0 6 0 0 4 2 0 0 0 3 0 0 0 0 1 0 2 -3 -4 -2 2 -3 0 4 1 3 4 2 0 0 0 0 -4 0 0 0 0 0 4 2 -2 -2 4 0 0 -2 1 -1 4 0 4 -1 3 0 2 1 0 -2 0 -1 2 0 7 -1 1 0 -4 -2 -1 0 0 0 3 -6 2 -1 1 0 0 -2 0 -2 2 -2 2 0 2 1 2 0 -4 -2 0 0 -2 0 0 -4 -4 0 -2 2 0 2 2 0 46 0 -2 4 0 0 -2 0 0 2 -2 0 0 1 0 -2 -6 1 2 -2 -2 -6 4 1 -1 2 0 0 6 0 0 -2 -2 0 0 4 0 -1 0 0 0 6 -2 -2 0 0 -4 0 1 -2 4 -1 4 -4 1 4 0 0 2 1 0 2 0 0 0 0 -2 0 -4 0 3 2 0 1 4 -4 0 0 1 2 4 0 0 4 0 0 2 0 0 0 0 0 -2 -4 -4 4 -5 0
4 0 -2 2 0 4 -1 0 0 0 0 -4 2 0 0 0 0 0 0 0 0 2 0 -4 0 1 0 0 2 0 0 0 2 8 4 1 0 -4 -2 0 0 -4 1 0 0 4 0 -5 0 0 -1 0 0 0 0 0 -2 0 -6 0 2 0 2 0 0 0 0 0 -8 -2 2 6 -2 0 -2 1 0 0 0 -4 0 1 0 -4 0 0 -2 2 0 -4 -2 0 0 0 0 5 0 -4 0 -2 1 0 -2 -4 0 0 0 0 0 0 6 -2 0 0 2 0 0 0 0 0 0 0 2 0 0 0 4 8 0 -1 0 0 4 2 0 -2 -2 4 0 0 0 4 0 0 0 0 -3 0 -2 -2 1 -2 -4 0 0 -6 0 0 -4 0 -2 4 2 10 2 0 2 0 0 -1 0 2 0 -2 0 2 0 0 0 0 4 -2 3 0 0 0 4 0 0 0 2 4 -6 -2 -2 2 0 -4 -3 -4 -2 2 0 0 -2 0 -2 2 8 0 0 2 2 0 -4 0 0 0 0 0 0 0 -3 0 2 0 0 0 -2 0 0 0 2 0 2 0 -4 0 0 0 0 1 2 -3 0 5 -1 -4 0 0 0 -2 -2 0 0 0 0 0 -1 0 -2 4 0 33 0 0 0 -4 0 0 -4 -4 0 -2 0 2 4 0 4 -6 0 -2 2 0 0 2 0 0 0 1 0 0 0 -4 0 0 0 0 0 0 0 0 0 -2 4 0 1 2 0 2 3 2 0 -2 0 0 0 0 0 -4 -4 4 -2 -10 0 0 0 0 0 0 2 -2 -4 0 0 -2 2 0 0 0 0 -4 4 0 0 1 4 2 0 0 -4 0 -1 -4 1 0 0 3 -6 0
0 0 2 0 -4 2 -4 4 3 2 -2 0 0 -6 6 1 0 2 0 1 1 0 0 0 -4 6 1 0 2 0 0 -4 0 -2 1 -2 6 3 0 0 2 0 0 0 -1 4 -2 4 0 -1 2 0 -4 1 0 -4 -4 -4 -3 0 2 0 -2 -4 -4 3 0 0 2 0 2 2 2 -2 -6 -2 4 0 -2 0 0 0 -1 6 0 0 -2 0 0 0 2 0 0 -2 -5 7 0 -1 6 -1 0 0 -1 0 2 0 0 -1 6 0 0 0 2 0 2 -1 3 2 3 -7 0 0 0 -5 0 1 0 0 0 4 2 -2 -2 2 -2 0 -3 -4 0 1 -4 0 0 -8 0 0 -2 0 -2 -2 1 2 -1 0 -2 0 0 0 0 1 0 -2 -1 -2 4 -6 2 2 4 -4 0 0 2 2 -1 2 4 3 -2 2 0 0 2 -2 -2 0 1 0 0 4 0 -6 -1 0 -1 0 0 0 1 2 0 0 0 0 -2 0 1 0 -1 0 4 -6 -4 3 -2 0 -4 0 0 7 -1 -2 -2 0 0 1 4 0 0 2 2 0 0 0 0 -2 1 2 -2 0 -2 4 0 -2 -2 -2 -2 0 0 0 1 0 -1 6 0 0 -2 0 1 2 0 0 -2 0 39 0 1 0 -5 0 0 -1 0 0 2 0 1 2 -4 0 0 0 3 2 2 -5 0 -1 -1 0 0 -4 -1 -6 1 0 0 0 0 -3 0 0 -5 -2 0 0 -3 4 0 2 0 -2 0 0 0 -4 0 -3 3 2 0 1 0 -4 0 2 -2 0 0 -6 3 4 -2 4 -6 2 1 0 0 -1 0 0 2 -2 -1 -3 0 0 -2 -2 0 0 0 0 0 -1 0 2 0 0
0 0 -2 0 0 4 -2 0 12 0 -4 0 -11 0 0 4 2 2 -4 2 0 6 0 -2 0 -2 -4 4 0 6 0 -4 -4 -4 0 4 0 2 0 -2 0 -4 0 -4 2 0 -4 0 -2 4 4 -2 -4 0 0 6 4 -4 0 4 0 4 4 -2 0 0 0 0 4 2 0 4 2 -2 2 6 4 0 0 -2 0 0 0 2 4 0 2 0 -3 0 2 -2 4 2 4 -2 -2 2 -8 0 6 0 0 -4 0 2 4 -2 2 0 2 2 0 0 4 0 0 -6 -4 8 4 -2 0 6 0 6 -4 -4 4 0 0 0 -3 -2 0 2 1 -2 0 0 -2 4 4 -4 0 2 -4 -2 -4 2 -2 0 0 11 -4 2 0 0 -6 0 0 6 10 4 -4 0 0 0 0 2 0 6 -4 -2 -8 0 0 0 0 -2 0 -2 -4 6 0 0 0 2 -3 0 0 2 0 0 0 2 -2 -4 0 0 4 0 2 0 4 2 6 0 0 -4 0 -3 -2 4 1 0 8 0 0 6 -2 4 0 0 0 0 -4 1 0 0 -4 -2 -1 -6 0 -4 2 4 0 6 0 -4 0 4 4 0 0 2 -4 0 0 -1 0 0 0 0 2 0 6 4 5 0 4 0 0 61 -4 0 -1 2 0 2 0 0 0 4 -2 0 -6 2 4 1 1 -2 4 -2 -4 2 3 0 4 2 -2 2 0 0 0 0 8 0 6 0 -1 -1 4 0 0 0 -3 5 -4 4 2 4 -2 2 1 8 4 4 2 4 4 0 -6 -8 0 0 4 -1 2 1 0 -2 -4 -1 0 1 -2 0 -1 2 0 6 0 2 0 2 4 -2 -3 0 0 0 0 4 -6 0 -2 4
0 -4 4 -2 1 0 -1 0 0 0 -6 5 0 4 2 -10 -2 4 0 0 0 2 1 0 1 -2 0 2 0 -2 3 -4 2 0 0 -1 -2 0 -1 -4 0 0 4 3 -4 0 4 2 -1 6 -4 1 2 0 0 0 0 0 2 -1 0 0 4 0 0 -1 0 4 -2 4 0 6 -2 -4 0 0 0 0 0 0 0 0 -4 0 0 -1 0 2 0 -4 4 0 0 0 -3 -9 1 -2 1 0 0 2 -2 2 0 0 -2 -2 2 0 0 5 0 0 2 -1 2 2 0 4 0 -1 0 -2 4 -4 3 0 4 4 -2 0 -4 0 14 -4 0 3 0 4 4 0 -2 -2 0 -4 2 4 0 0 1 0 0 0 -1 2 0 2 -2 1 -4 4 -2 -1 0 4 -2 -2 0 0 1 -4 0 -4 0 -2 0 3 0 4 -4 0 0 2 1 8 4 0 2 -3 0 0 2 0 2 -2 -4 2 0 0 4 4 0 1 1 10 0 1 -4 2 -2 0 4 4 2 1 1 0 0 0 0 -2 -4 -6 -1 8 0 7 0 0 2 -2 2 -2 4 1 0 0 2 0 -2 2 2 0 0 -1 3 -6 2 2 6 0 1 0 -2 5 -4 1 -5 0 -4 0 0 0 1 -4 53 -2 0 0 0 3 0 0 -2 3 0 0 4 -4 0 0 0 2 4 -1 3 -3 -1 -2 0 -1 0 0 -1 -3 2 0 -2 -1 0 -2 0 0 -2 1 -2 0 2 0 -4 2 3 6 0 0 0 -1 0 0 0 -2 0 0 -1 -1 10 -1 0 -2 2 -1 -2 4 1 1 0 0 4 1 0 0 2 6 2 0 -2 2 0 0 0 0 0 0 1 -6 -4 0 -1 -2
2 -4 -2 -2 0 -4 0 -2 4 2 2 -2 -6 0 8 0 0 -4 7 4 1 -8 -4 -8 4 0 0 0 0 0 0 1 -2 -2 0 0 0 2 4 -2 0 0 10 -6 0 0 0 2 0 -4 0 -5 2 0 0 0 -2 0 0 2 0 2 0 2 -4 0 0 4 0 0 0 -2 2 2 2 4 1 0 -1 0 -4 0 4 0 -2 0 2 2 -2 0 4 -4 8 -4 -1 -1 6 -6 -2 6 0 4 -2 1 0 0 0 1 0 0 0 -2 -2 0 -4 1 0 -2 0 -1 -2 0 -2 2 -4 0 0 2 0 0 0 0 1 0 -4 -2 0 0 0 0 0 0 0 0 -2 2 0 0 -2 2 2 1 6 -2 2 0 2 -1 2 0 -1 2 -2 -4 4 0 1 2 0 1 2 2 2 2 -4 4 4 -1 -2 0 -4 0 0 -4 0 0 -2 0 0 0 0 -2 0 2 0 1 0 0 2 0 0 5 0 0 2 0 0 4 -1 -1 0 0 -8 0 0 0 0 4 0 2 3 -6 2 0 0 1 6 -4 0 3 1 2 2 1 -2 -2 0 0 0 -1 0 0 -4 3 4 6 -2 0 3 -1 -4 2 -2 0 0 0 2 5 2 -6 2 0 0 -4 0 0 -2 56 0 2 4 0 2 2 -2 -4 -2 1 -2 0 -2 2 1 0 -2 0 4 0 0 -2 0 2 -4 0 4 4 -4 0 0 0 0 2 4 0 -6 2 0 0 0 0 3 4 -2 0 0 4 0 0 0 2 -2 -6 -1 0 4 -4 5 4 -1 1 0 2 1 1 0 0 -2 0 -1 0 -4 0 0 -1 4 0 0 -3 6 0 4 2 2 4 0 2 0 1 -4 8
0 -4 0 -6 0 2 6 -2 0 2 1 0 4 8 2 -2 0 -4 2 -4 1 0 -2 4 0 0 0 0 0 0 4 4 0 0 2 -4 4 4 0 6 2 0 2 0 2 -2 4 4 -2 0 4 0 0 0 2 2 2 0 -2 0 0 0 -4 4 -4 -6 0 -1 -10 2 4 0 4 -4 -2 4 0 0 4 -2 6 -4 -2 4 2 2 4 0 5 -6 2 2 4 0 0 3 -4 6 0 1 -4 -2 0 2 -2 4 -2 0 -4 0 0 -2 0 0 -3 6 0 2 -4 -2 0 0 0 4 -4 0 0 -4 0 0 0 -2 1 4 0 -2 -2 0 0 0 -2 -4 0 -2 -2 0 0 4 0 0 0 -2 0 4 -3 -4 0 1 -4 -4 0 4 0 0 -4 10 -2 2 0 0 0 -2 0 0 0 2 0 6 0 0 0 -4 0 -2 4 2 -8 -4 0 -6 2 8 -2 6 -2 -2 0 0 -6 2 1 0 0 2 -2 -4 2 0 0 -1 0 -2 4 0 -1 -4 -1 2 0 -2 0 -3 -2 2 -2 0 0 0 0 4 0 0 0 2 0 6 4 2 -2 9 8 2 -4 0 -4 0 -2 0 0 0 0 1 0 -1 4 0 -4 -4 0 -2 2 -2 -2 0 -5 -1 0 0 58 6 2 -2 0 -6 0 -4 1 0 0 0 0 0 -4 0 3 -2 0 -2 2 0 0 0 0 2 1 -8 -2 -6 0 0 -4 0 0 0 0 4 -4 -2 -4 -6 0 4 0 0 2 2 -6 0 0 -2 4 0 0 2 0 2 -2 0 2 -2 -4 0 0 0 -2 -2 0 1 2 0 5 -6 -2 -4 0 6 -2 -2 -1 0 0 0 0 0 -4 -5 -4 -2 0 -2
-2 -2 0 0 1 0 0 0 6 1 6 0 0 0 0 0 4 0 2 2 0 4 5 2 1 0 -4 2 0 2 0 0 -2 2 1 0 0 0 0 0 0 0 -2 0 0 6 0 -2 0 0 0 0 0 -2 2 4 4 0 0 0 0 -1 6 -1 -4 0 0 0 2 0 0 0 0 4 2 -4 0 1 0 0 0 0 2 2 0 0 0 0 1 -2 4 -3 2 0 0 0 0 -1 0 0 2 0 -4 0 0 2 0 0 -2 0 4 0 4 -4 -2 0 0 4 0 0 1 0 -9 2 0 0 0 0 0 -2 0 1 0 0 -4 -4 0 0 0 0 0 0 0 0 0 6 0 2 0 0 0 0 2 3 0 -4 0 -2 0 0 -4 0 0 6 0 4 1 0 0 0 0 -4 0 0 0 2 0 0 0 -4 -4 0 2 4 0 0 0 -2 -2 -2 0 0 5 6 0 -1 -2 -4 0 2 0 -2 0 -1 0 0 1 -2 0 0 4 4 0 0 -2 0 0 1 0 0 0 -1 0 1 0 0 4 -2 4 0 0 0 1 4 0 0 0 -4 1 2 -2 -2 0 5 4 0 0 0 0 0 3 0 0 0 0 0 0 2 0 0 3 0 0 0 0 2 0 2 6 35 1 0 0 3 -2 0 2 -4 -4 0 2 0 0 -5 6 -4 0 2 2 0 -2 -4 -2 0 0 0 -1 6 0 -2 4 4 -2 0 0 5 -8 0 0 -2 0 2 -2 -2 4 4 -2 1 4 2 0 2 0 5 8 0 0 0 0 0 1 0 -4 0 -4 0 0 0 2 0 2 0 -1 -1 0 0 -1 -6 2 0 -4 0 2 0 0 0 -4 0 0 0
0 0 -4 0 0 -6 2 0 0 0 0 4 4 4 -2 -2 -4 0 4 0 1 0 0 2 0 0 2 4 8 0 0 0 0 -4 1 0 -4 0 2 2 0 0 -2 4 0 0 0 0 0 0 -10 0 0 1 0 10 0 0 0 2 -4 0 -2 4 -2 2 0 -2 0 0 0 -4 0 -2 1 -2 0 -1 -4 0 0 -2 -8 4 0 0 0 -4 3 -4 -4 4 0 2 2 0 -4 -1 2 2 0 0 4 0 0 0 4 0 0 0 0 -1 -2 2 -2 0 0 0 4 0 -1 4 -4 1 0 0 0 0 0 -2 8 1 2 4 -6 -4 4 1 4 0 -2 4 4 0 0 6 1 4 2 0 4 1 4 4 0 0 14 -8 0 0 -6 0 2 -4 0 2 -3 -4 0 4 4 -4 2 0 2 -4 0 0 2 0 0 0 0 0 0 -2 4 0 3 4 -4 5 2 2 4 0 0 8 0 0 0 0 0 4 0 -1 0 4 0 0 0 6 0 0 4 0 2 0 -4 0 -3 -1 0 0 -4 1 0 -6 0 -4 4 6 -2 0 0 0 2 0 1 5 0 -4 -4 1 -2 -6 0 -2 0 0 -1 -2 0 -2 0 -4 0 -5 -4 4 -2 0 0 -4 0 0 0 4 2 1 63 0 0 -2 0 4 0 6 0 -6 2 2 0 -4 0 2 2 0 -6 0 -1 -2 -2 4 0 2 -7 0 0 0 -3 0 0 0 -6 0 -4 1 0 -2 -2 -2 7 0 0 3 -4 4 1 0 -2 -2 0 5 4 0 -10 0 -1 2 -2 2 2 4 -2 -1 0 2 2 4 -1 0 0 2 5 2 6 0 0 0 0 0 4 4 -4 -1 -2 0 2 0
-2 0 2 0 -3 -5 -2 1 0 4 2 4 0 -2 2 -2 8 4 0 4 -1 0 0 0 1 -2 -4 -4 -2 -2 0 0 0 -3 -4 0 0 -2 0 -4 0 0 0 -4 0 0 -4 0 -1 -2 -4 -2 0 4 0 8 -2 -4 2 0 0 0 -4 0 -1 1 0 14 4 1 -2 2 -1 -8 0 -2 0 4 -1 -1 -1 -1 2 0 6 0 4 4 0 0 0 0 2 0 -1 -2 0 -3 -1 -2 -6 1 0 0 0 0 -2 9 1 -5 0 -2 0 0 0 -4 -2 -4 -1 0 12 -4 3 2 0 -2 1 -3 4 4 2 -2 2 -4 7 9 2 -5 2 0 -4 -2 0 0 0 0 2 -2 6 2 0 0 0 4 1 0 4 -6 0 4 -2 0 0 0 -2 -1 -6 0 -1 0 -2 0 -2 -2 0 0 2 0 6 0 0 7 -2 -4 0 -4 8 0 4 -8 0 0 0 -4 0 -1 4 0 -4 -4 -5 -3 -2 3 0 4 0 -8 -3 -4 1 0 0 1 -6 0 0 0 0 1 -2 -4 -1 -2 -7 0 0 0 0 -14 5 4 -5 -1 1 -3 0 1 2 1 -10 4 5 5 0 0 5 12 0 2 1 2 4 -10 -1 -1 -13 -4 -4 -4 2 8 2 -4 -1 2 3 0 -2 0 0 78 3 3 2 0 2 5 0 2 -2 -1 -3 -1 0 0 3 -6 2 10 2 0 0 2 -8 -1 -1 -8 2 -1 2 12 -4 -2 -1 1 -2 5 1 -1 0 -4 0 -4 -8 2 0 -2 1 4 3 -2 4 0 3 0 0 2 2 -10 0 0 2 -6 -3 0 0 5 0 0 0 2 0 2 2 0 0 2 0 0 0 -10 2 -2 2 6 -10 -6 2 -3
10 0 -2 0 0 0 2 -2 -2 0 0 0 0 0 1 4 4 0 2 4 3 0 4 -3 0 0 -4 0 4 0 0 0 -2 0 0 0 -3 -4 0 -4 0 0 4 0 0 8 0 0 0 -2 1 0 3 0 2 0 1 4 -2 4 0 0 0 -2 -1 0 0 2 0 -10 0 4 0 -3 0 0 0 2 -4 2 0 0 0 1 0 0 0 0 0 0 0 0 0 0 5 0 0 -3 0 0 0 0 -1 0 0 0 0 -1 0 0 0 -2 0 -1 0 0 -4 0 0 0 0 0 -2 4 0 0 4 0 0 0 4 0 2 0 2 0 2 3 0 3 -4 0 -2 0 -4 -8 0 0 0 2 0 2 0 -4 0 0 0 -2 4 0 4 0 0 -2 0 0 4 0 -2 0 4 0 2 0 1 0 0 0 4 0 -4 0 -2 0 2 0 0 -1 0 0 0 0 0 -2 -2 6 2 0 0 0 -1 -1 -6 1 4 0 0 0 0 4 0 0 -2 4 0 0 0 0 0 5 4 0 0 -2 0 0 0 0 0 0 -8 0 -4 4 0 3 0 -2 0 0 -2 2 0 2 0 -4 -2 0 0 4 0 -4 0 -2 2 0 -3 0 2 2 0 0 -2 0 0 0 0 2 0 0 0 3 33 2 8 -1 0 2 0 0 -2 0 1 -4 -4 0 -2 -2 0 0 -2 0 0 -2 -2 0 0 -2 0 -4 -2 1 0 -2 2 -2 -2 2 2 0 0 -4 6 2 -3 -3 0 -2 0 -2 -2 -6 4 0 0 2 0 0 4 2 0 0 0 0 0 0 0 -2 0 0 0 2 0 0 0 2 0 3 4 0 0 1 -1 4 0 -2 -2 0 0 0
4 -4 -4 11 1 2 -4 1 4 0 4 -2 -3 0 0 2 0 4 2 0 0 2 2 -4 -1 0 0 0 2 3 1 5 -1 8 0 0 -4 3 0 0 0 -2 -2 -6 0 0 -4 0 0 -4 0 -2 0 0 0 2 -1 0 0 0 0 0 2 -4 -6 4 0 2 0 -3 -2 2 1 7 0 4 -2 4 -2 0 0 6 0 0 -4 -2 0 0 0 0 0 0 0 4 -1 4 4 2 4 0 -4 4 0 0 -2 1 -4 2 -1 8 0 -2 2 2 0 2 0 4 0 2 2 0 -1 0 0 -10 -2 -3 -4 0 2 0 -4 1 -1 0 2 -3 2 4 0 0 0 0 0 2 -4 -2 0 0 4 1 4 -8 4 0 2 0 2 0 -2 4 4 3 1 0 7 0 4 4 -2 4 0 0 -2 -2 -2 -1 0 0 -2 2 -1 0 0 -2 -4 0 1 0 0 -4 4 1 -4 -2 3 1 -1 0 3 2 -2 -4 -4 0 0 -2 -2 0 0 -2 0 -2 3 2 2 4 -4 0 0 0 2 0 8 0 0 -4 0 -1 0 6 -4 -1 -1 -2 0 0 0 -1 0 -4 0 0 2 -4 2 -2 0 -1 0 0 2 2 6 -8 -2 -2 0 -3 9 -2 0 -2 0 0 0 2 -6 3 -2 3 2 63 -8 0 4 2 1 0 0 -1 -1 -2 -2 0 0 -4 2 -2 0 0 2 -2 -2 0 -1 0 0 4 0 0 0 0 0 12 0 0 -2 -4 -4 0 2 0 0 8 2 2 -8 0 4 0 0 0 8 1 4 -2 0 -2 -2 0 3 4 0 -4 -1 0 -2 4 0 0 4 -2 -4 4 -2 -4 4 -4 2 -8 0 0 4 0 0 -2 -1 5
0 0 0 -6 0 0 -4 0 0 -2 0 4 0 -2 0 6 4 -4 4 -2 0 0 2 2 -4 4 2 -4 0 0 0 1 -9 0 2 2 5 -4 0 4 0 -4 2 3 5 2 -4 0 0 0 2 0 0 2 0 -2 0 0 6 0 0 0 0 -2 4 2 -8 0 -2 -2 -4 0 0 -2 0 0 0 0 0 0 0 0 -4 0 -4 0 0 0 0 4 2 2 -5 4 6 2 -4 -4 0 4 -6 0 2 0 -2 4 4 -2 0 -2 2 -2 0 4 2 4 -4 -2 2 0 4 8 -2 0 0 4 4 0 2 0 6 -4 2 2 -2 2 8 4 0 7 -1 -2 4 0 0 0 0 0 0 0 0 4 -4 0 1 4 4 0 3 0 6 0 5 -8 -2 0 4 -4 2 -1 0 -8 0 -2 0 0 -2 0 4 -2 6 4 0 4 2 4 4 0 0 -4 0 0 2 4 0 6 0 -1 0 0 0 -2 0 2 -4 0 0 -2 0 4 0 -6 0 2 -1 0 0 4 0 4 1 2 0 -4 0 0 -8 10 0 0 -4 0 0 4 4 8 0 2 8 0 -2 8 0 4 0 0 0 0 0 0 0 1 0 0 2 0 8 0 -3 0 -2 4 0 0 2 0 -2 -2 0 -2 0 2 8 -8 63 2 -4 0 0 0 0 0 -2 -4 6 2 0 0 0 0 2 0 0 2 -4 0 0 3 0 -6 0 0 0 0 0 -12 -4 0 6 0 2 -4 0 0 -2 0 0 -4 4 4 -3 2 0 -2 0 2 8 0 0 2 0 -4 1 -2 4 2 -2 -2 -4 0 0 2 6 0 2 0 4 0 0 0 0 4 0 4 0 6 0 0 0 -4
-2 0 0 0 6 -5 7 0 0 0 0 1 -2 8 -2 2 0 0 -4 0 0 6 4 4 0 0 0 2 3 4 0 0 -2 0 0 0 5 0 0 0 -8 0 -4 0 0 -8 -4 -4 0 0 -8 0 5 0 0 -2 6 0 -6 -3 0 0 2 0 0 4 0 0 0 2 -4 -4 -2 7 4 10 4 2 6 1 0 1 -10 0 -2 0 -1 0 0 4 -2 -2 0 0 0 -4 -3 -4 10 0 -3 -4 -3 -4 2 4 0 -5 -2 4 2 0 0 -2 -3 -2 -2 0 0 -2 0 -3 0 0 -2 -6 -1 0 0 0 -2 0 -5 0 0 0 -2 2 1 1 7 4 0 -5 4 -5 0 -1 0 -3 0 0 0 0 -2 1 0 5 0 0 4 6 6 -2 2 0 -5 0 1 12 0 0 0 -2 -4 0 0 1 2 -1 4 0 0 0 0 -4 2 2 0 8 0 -4 0 0 8 -4 2 4 0 0 2 -2 1 0 -4 2 3 0 0 2 0 0 0 -8 -2 3 3 0 0 -4 -1 -2 0 0 -1 4 0 0 4 -2 -6 2 0 3 0 2 0 2 0 0 0 0 4 0 0 8 -4 -3 6 0 0 -2 2 0 0 3 0 -2 0 0 0 0 1 2 0 4 3 -4 -4 0 4 0 -1 0 2 57 2 8 0 -1 -2 0 -1 -8 6 3 -4 0 0 0 0 6 0 0 0 0 0 2 -6 0 0 2 0 0 2 2 0 0 4 0 -9 6 0 1 0 1 0 0 0 -2 0 0 4 0 2 0 0 2 4 0 0 0 4 0 0 9 2 0 -2 0 -4 0 0 0 8 0 8 0 0 0 2 -2 -4 2 0 1 6 -1 4 0
2 2 4 0 0 -6 -4 0 0 2 0 0 4 2 -2 1 0 2 0 0 1 0 2 0 2 0 2 0 -1 0 2 0 4 4 0 -2 -1 -6 0 0 -4 -1 0 2 2 0 0 -4 -2 0 2 0 4 0 -4 0 4 0 0 0 0 -1 -2 -2 -4 0 -2 0 -1 0 0 0 -1 -10 -2 0 0 -4 0 -2 -1 1 8 0 0 -4 4 0 0 -6 0 -4 -4 -4 -2 0 0 -1 2 1 4 0 0 0 1 0 -2 0 0 0 0 1 2 -4 4 -2 0 0 2 -1 -2 0 0 2 0 -6 0 0 5 0 0 0 0 1 0 0 0 -4 -2 0 0 2 0 -2 1 0 -2 2 0 2 0 0 4 0 0 0 0 0 0 -4 0 0 -2 4 4 -2 2 1 0 0 0 0 -2 0 2 6 4 1 0 -2 -4 0 -2 -2 2 -2 0 0 -2 0 0 0 4 0 -2 -6 1 0 -2 -5 0 -1 0 0 -2 6 0 2 0 0 2 0 0 0 0 0 0 2 0 -4 -1 0 0 0 -3 0 0 -4 4 -3 0 -1 4 0 0 0 -4 0 -2 0 0 -2 2 0 0 0 -2 0 4 0 0 0 1 0 1 0 -2 0 0 0 -1 0 0 4 1 -2 0 -2 1 2 0 2 0 4 -4 2 31 2 -2 0 0 0 2 0 0 4 0 -4 0 0 0 4 0 0 0 0 -2 0 0 0 -4 0 2 0 0 4 -4 2 0 0 4 0 -4 0 4 0 0 0 0 0 0 0 0 -4 2 0 0 0 0 0 2 4 0 4 0 0 0 0 -2 2 0 2 -2 0 0 0 2 -1 0 0 -4 2 3 4 1 -4 4 -2 0 0
0 0 0 -2 1 -4 0 0 -2 2 4 1 -4 4 4 -6 -9 -2 0 0 1 -2 0 0 0 -2 0 -2 6 -2 2 0 0 2 -4 -4 1 0 2 0 -4 1 -4 -6 1 0 0 1 -4 -2 0 -1 0 -6 0 0 1 0 0 0 0 -4 0 0 4 0 0 -2 4 0 0 4 0 0 -2 0 -4 0 0 -1 2 0 -4 4 0 0 0 0 -4 0 0 0 0 0 0 0 0 2 4 2 0 0 4 1 0 0 -2 5 -2 0 0 4 3 0 4 1 2 -6 4 0 8 0 0 -6 -2 0 0 0 0 2 8 0 -6 0 8 4 0 -1 0 0 0 0 2 0 0 0 0 5 -2 0 0 2 1 -2 0 0 0 0 0 -2 -2 0 -4 0 0 -4 0 4 -1 8 0 0 -2 1 4 4 0 0 -2 0 0 0 0 -4 1 -2 0 0 0 4 0 2 0 -4 4 -1 0 -2 0 1 -6 0 0 -1 -6 -6 0 0 0 0 3 0 0 -2 3 -4 8 1 -3 -4 -4 0 0 2 0 0 0 -4 0 0 -2 4 -1 0 0 0 0 5 2 3 -2 4 -2 0 0 2 -8 0 0 0 0 0 1 0 -4 -4 -16 0 -4 0 -4 0 -2 0 2 0 0 1 0 -4 6 5 2 2 0 8 2 44 0 0 -2 1 0 -5 -7 8 0 2 0 0 0 1 0 -4 0 4 0 0 0 0 2 0 -2 0 -1 -2 0 0 -2 4 -2 -2 1 0 0 -2 2 0 -1 4 1 -1 0 -2 -4 4 0 0 -2 1 0 2 2 0 0 4 0 2 0 4 0 -2 -2 0 6 -2 8 0 2 2 0 0 0 0 -1 1 4 4 4 0
0 2 2 -2 0 0 1 -4 -2 -4 2 4 8 4 4 -4 -2 0 0 0 0 0 0 1 0 0 -2 -4 -4 -4 4 -2 0 0 0 -2 -4 1 0 0 -4 -10 2 4 -2 2 0 0 -4 -2 0 2 0 0 4 1 0 -4 -4 2 -2 2 -4 0 4 4 0 -8 -4 0 -2 -2 -2 1 0 4 0 -2 0 -2 -2 4 -8 0 0 -2 -6 -4 0 0 0 0 0 0 4 2 0 4 10 0 -4 2 2 0 0 -4 0 -2 -2 0 0 -5 -4 6 2 0 0 1 2 4 0 1 0 -4 -2 0 0 2 4 -4 2 -4 0 0 4 0 4 0 0 12 0 0 4 0 0 -6 0 6 0 -2 0 1 0 -2 6 -4 0 -4 1 0 0 0 0 4 4 -6 -4 0 0 -6 0 0 2 0 -2 0 0 2 0 -4 0 0 -4 2 8 1 4 0 0 -4 2 1 -2 3 2 -4 -3 0 0 4 -2 2 0 0 2 -5 3 0 2 0 -6 0 12 0 0 0 1 0 -2 0 2 -4 0 4 2 -5 -2 -2 0 0 -2 0 -4 4 0 0 -4 0 4 1 0 -4 -2 0 0 0 -3 0 -6 0 0 0 0 0 -4 0 -2 -2 0 -4 -10 -4 -6 4 -4 -6 4 -2 0 -4 0 0 0 1 0 0 -2 0 57 0 0 0 0 2 -4 2 0 0 0 0 -3 2 -4 -4 0 2 0 2 -2 0 1 -1 0 -2 0 4 2 0 0 -6 -4 6 4 0 -2 1 0 4 0 0 0 -2 0 1 2 0 -4 4 -1 -2 -4 0 -4 0 -10 -2 -5 0 -4 1 0 0 0 4 1 0 2 2 0 -4 0 0 -2 4 0 3 0 -4 -1 0
-2 0 4 -4 0 -2 -4 4 -4 0 2 2 -4 -4 2 0 2 0 -4 1 0 0 0 0 2 0 0 0 0 0 0 2 0 -4 0 2 0 -4 0 -2 -4 4 0 -4 2 0 -4 2 -1 0 0 4 0 0 0 -1 0 0 0 0 0 0 6 -4 4 0 2 0 4 0 0 -4 0 0 0 0 -4 0 -2 0 0 0 0 -2 0 0 1 0 0 0 -2 -1 0 0 -2 4 0 2 2 0 4 0 0 -2 0 -2 4 0 0 0 2 1 1 -4 0 -1 0 0 1 6 0 -2 -2 0 0 2 0 0 4 -2 -4 0 0 -6 0 0 3 0 -4 0 0 -4 0 0 0 0 -2 -1 2 -2 -2 0 0 -4 0 1 -12 2 0 -4 0 -2 -2 0 0 -2 -4 8 -8 0 2 0 4 0 -2 2 4 2 0 -4 0 2 -2 0 0 0 -2 -4 -2 0 4 6 0 -4 2 0 4 6 0 0 -2 0 -2 0 -2 0 1 -2 0 -2 0 0 0 0 5 0 -4 0 4 0 0 0 0 0 -4 0 0 -8 4 0 -2 -4 -2 2 4 0 -2 0 0 -4 4 0 0 3 -1 4 2 2 0 -2 -4 0 0 0 6 0 0 0 0 0 0 0 1 -6 0 2 -4 0 0 0 -6 2 0 0 0 -1 0 0 0 44 0 0 0 2 0 -1 0 0 0 -2 0 0 0 2 -4 0 0 0 0 0 0 0 -2 0 0 0 0 0 0 5 -1 4 0 1 0 -2 2 -4 0 2 8 0 0 4 -4 0 0 0 0 0 0 0 0 2 -4 2 0 8 1 -4 0 7 0 -2 -4 0 0 0 0 -1 0 -6 -4 -4 0 0 -2 -4 4 2
-2 4 6 0 0 -2 -4 0 0 0 -1 0 0 0 0 0 0 0 0 8 0 0 0 2 0 0 0 0 2 4 0 2 0 0 -2 0 -2 -2 -3 2 4 2 -4 0 -2 0 -2 4 0 2 4 0 2 1 0 0 2 0 4 0 0 0 0 0 0 1 0 -3 0 0 0 0 -2 -5 0 0 2 -4 0 -4 2 0 -2 -2 2 0 0 0 -4 -6 0 1 0 0 6 0 0 0 -2 0 4 0 0 2 0 -1 0 -2 0 0 0 2 0 0 -4 -4 -2 2 4 0 -2 -2 -2 8 0 0 0 0 0 -4 0 2 -4 0 -2 2 0 0 -2 8 0 0 4 0 0 0 0 0 0 0 -2 0 0 0 2 -2 0 -4 0 4 0 0 4 4 2 2 0 0 0 4 6 -4 -3 -2 4 -2 2 0 -4 -4 0 -1 -2 4 0 3 0 -2 -4 0 0 1 -4 3 0 0 -4 2 0 -2 6 0 0 2 0 -6 -2 -4 1 0 0 -2 3 0 0 0 -6 -6 2 0 0 -2 -3 0 4 0 2 2 0 11 0 -3 -2 0 2 0 0 0 6 0 2 2 -1 2 0 -3 0 0 0 4 1 -6 -4 -2 0 0 0 2 4 6 2 0 2 0 0 4 0 -2 0 2 2 -2 -2 0 0 -2 0 -2 0 0 45 0 0 -4 -2 4 -4 0 0 0 0 0 2 -4 0 2 0 -2 0 -4 2 0 3 0 0 0 -4 0 -4 0 0 0 4 -4 0 1 0 4 0 -2 -2 4 0 1 -6 -5 2 -4 0 4 0 0 -2 -2 -4 -2 2 -2 0 -4 -1 2 0 0 -4 2 2 0 -4 0 0 2 0 0 0 -2 4 0 4 -2
2 0 -2 0 2 1 0 0 0 0 0 0 -1 0 0 -2 0 3 2 2 -1 0 10 0 0 0 1 0 -4 -1 0 0 -2 -2 0 0 -2 0 0 0 0 -1 -2 0 -2 4 4 2 0 2 -1 -2 0 0 0 0 3 2 0 -1 0 0 0 0 0 4 0 0 2 -2 4 -1 0 0 -1 2 0 0 -4 2 0 0 1 0 -1 2 -4 -2 0 3 -2 0 2 0 0 5 0 -2 0 0 0 8 4 2 -2 0 0 6 -2 0 -8 2 -2 0 0 -2 0 -4 0 -2 0 0 -9 2 -4 0 0 0 0 -4 -4 -4 0 -4 0 0 -1 -8 2 2 -2 4 0 0 0 0 4 2 2 0 4 0 -8 4 0 0 -8 0 0 2 6 0 -6 0 0 -4 1 0 0 0 0 -7 -8 4 2 -1 0 0 4 -4 0 0 2 -1 0 -4 0 0 -2 0 0 -2 3 0 0 -4 0 0 -1 0 2 3 2 0 4 -4 -4 1 -2 0 1 -1 -4 -4 1 0 4 1 0 4 -3 0 2 -1 -14 8 0 0 -3 0 -5 0 -4 0 -2 0 -2 3 0 -1 0 0 0 0 0 -4 2 0 2 0 0 8 0 0 2 1 2 2 0 0 0 4 -2 -2 0 1 0 2 0 0 2 -1 0 -1 0 0 0 1 0 0 0 60 -1 0 0 0 0 0 -2 -2 -2 0 1 -2 0 0 0 0 -4 0 -2 4 -4 2 0 0 0 0 0 -4 2 0 0 0 -2 1 3 0 0 0 9 0 0 0 8 0 0 2 -8 0 -3 0 -2 0 0 0 2 0 1 0 0 10 -2 -1 0 -2 0 -4 0 -2 8 0 2 0 -14 0 4 -4 -3 0
-4 0 2 1 3 -3 -3 4 2 -4 -4 -3 4 0 6 2 -2 0 -4 0 0 0 -2 3 -2 2 -2 -4 5 4 -2 0 -4 0 0 0 2 -2 0 0 -6 0 0 2 0 2 0 0 0 0 1 -2 -8 0 2 -4 0 0 -2 -8 -4 -4 -4 -3 11 4 -2 0 8 0 0 0 0 2 -2 2 4 -2 -2 -1 2 0 6 2 0 -4 6 0 0 -2 6 0 -8 0 -2 -1 4 4 4 0 0 0 -1 -2 -6 -2 0 8 -1 0 4 0 4 0 2 -2 0 2 0 6 0 7 0 2 0 -2 -4 4 -2 0 -2 0 5 4 2 4 -2 6 1 1 -2 2 0 -1 0 -4 0 0 0 7 4 1 0 0 2 0 0 -1 0 0 -2 6 -4 0 4 4 6 2 0 -8 0 1 2 2 -1 0 3 1 2 0 0 4 0 0 2 0 2 -2 1 0 0 0 -4 2 -2 0 0 0 -1 -2 -2 5 0 2 0 2 0 0 0 0 0 0 -2 2 -2 0 -4 6 0 6 1 0 -2 0 -4 -1 0 0 -2 0 -4 0 -4 0 -2 0 -4 -2 -2 -2 0 0 0 0 4 4 -2 0 0 6 0 -2 -3 0 10 2 0 4 0 -2 -4 0 -2 2 3 1 0 1 -4 0 0 -3 1 -1 -2 -1 2 0 0 0 0 -1 57 7 -1 -2 0 0 0 -2 -3 10 0 0 0 0 4 0 0 0 4 -2 3 -2 0 6 2 1 4 0 2 4 0 0 0 -2 4 0 4 2 2 0 -4 -6 0 -2 0 2 0 -4 1 7 0 10 0 -1 -6 0 -2 0 -6 -2 0 0 0 0 4 0 0 0 0 4 -3 4 0 -1 8 2 4 2
-3 2 8 0 -1 -4 2 6 0 0 4 -2 -6 -8 0 0 2 0 -6 -2 -2 0 -4 -2 -1 0 0 0 -5 2 -2 4 0 0 2 0 0 -4 0 0 4 4 0 2 -4 -4 -4 0 0 2 6 2 -4 -2 0 -3 0 4 -4 -4 0 3 -5 -3 4 2 4 0 0 2 -2 0 0 0 2 4 0 0 0 0 2 0 8 2 3 -6 -2 0 0 0 -6 2 0 0 0 0 8 0 -6 0 -1 2 0 -4 0 -2 4 -4 3 0 2 0 0 2 0 -4 0 -8 2 2 2 -1 0 0 2 0 -2 0 0 0 -8 0 4 0 4 -1 -4 0 -2 0 0 4 -4 4 0 2 -2 -3 2 -4 1 -4 0 -1 0 0 -4 -4 0 1 0 0 -4 -6 0 6 -4 4 -4 -12 2 4 2 4 -4 2 -2 0 2 2 4 -2 -6 0 1 -2 4 -2 4 0 0 2 2 -10 -6 0 4 0 0 -5 -1 4 -2 1 -2 0 -1 -4 0 0 0 1 0 4 1 0 -4 4 1 0 -6 0 1 -2 0 -4 -4 -4 -2 -1 0 2 -3 2 0 -4 2 2 -10 0 -2 -4 0 0 0 0 4 0 0 2 -6 -4 -8 0 -3 2 4 0 -1 -4 -5 -4 -6 0 2 -2 2 0 0 -5 -4 -1 -4 -2 -4 -8 0 -5 2 2 -4 0 7 61 2 4 2 -4 1 -2 2 4 0 -2 0 0 2 -4 0 2 -1 0 1 -2 4 0 2 0 1 0 0 6 -2 0 0 -4 -2 -3 -2 6 -4 0 -4 0 2 -2 0 1 -1 -2 -8 0 -6 3 -2 6 -2 6 -2 0 0 0 -1 0 -4 -1 -5 2 0 -2 0 -4 -2 -4 0 -3 -1 0 -4 2
-2 0 0 -2 2 0 -3 0 0 2 0 2 0 -1 2 4 6 0 2 0 -4 0 0 -2 0 0 0 8 -1 8 -4 -2 -4 2 4 0 4 4 0 4 0 -2 2 0 2 -4 -8 2 0 8 -6 0 2 4 -4 0 -2 0 -4 -4 0 -2 0 1 4 2 0 -2 -2 2 0 -2 -3 0 2 4 2 0 0 -2 0 0 -1 0 -1 -2 -1 0 0 0 0 0 -2 1 2 -6 -2 0 -4 0 0 0 0 -2 0 -2 -4 0 1 0 0 0 -2 0 -6 2 0 2 0 0 4 -3 0 2 2 -4 0 1 2 0 0 -2 0 0 4 -8 0 -2 0 0 4 0 0 -2 2 6 0 -4 0 -1 0 0 0 0 -1 2 -2 0 0 4 6 4 -6 0 0 6 -2 0 3 10 -4 -2 1 -1 -8 0 0 3 2 4 2 0 5 0 -2 0 6 2 0 -2 0 0 6 11 6 -3 0 6 0 -2 1 -2 2 -2 -2 0 0 0 -2 -5 -6 0 0 -2 0 0 -4 -6 2 0 0 6 0 -4 0 0 -8 0 0 -1 0 4 6 0 4 4 0 -3 -4 0 0 2 0 0 0 -2 -6 0 0 -4 -4 -2 -2 2 -4 3 0 0 -1 0 2 0 4 0 2 4 4 -2 3 6 0 0 -4 -2 6 6 0 -7 -4 0 -2 0 -1 2 53 -4 0 0 -1 0 4 2 -2 -2 -4 -4 2 0 0 -2 0 0 4 4 -3 -1 0 2 -2 -2 2 2 0 6 0 0 1 2 0 0 -2 0 4 8 6 -8 2 2 0 -2 0 -4 0 -4 -2 2 -2 -2 5 2 0 0 -4 0 0 0 -1 0 -2 2 0 -1 2 4 -2 -3 0 0 0 0
4 0 4 -2 0 0 -1 -2 0 -1 -4 0 0 2 0 -5 -4 0 -2 0 5 0 0 0 0 0 0 4 0 0 2 8 0 0 -2 6 4 -10 0 0 -2 2 -4 0 6 0 2 4 -2 0 0 0 11 -4 0 -4 0 0 0 1 0 0 -1 0 0 0 0 0 0 0 -2 -2 0 -2 0 0 -4 -1 0 0 4 0 2 -1 2 1 1 0 0 1 -2 2 -4 -6 3 0 0 0 0 0 0 2 2 0 -1 0 -2 0 -2 -1 2 0 4 -4 -3 4 0 2 4 -4 4 4 0 0 0 -4 0 0 -2 -1 2 -2 0 0 1 6 -2 4 0 2 -4 0 4 8 0 -2 -2 6 0 0 -1 2 0 0 -4 0 -8 0 0 1 1 2 -2 0 4 -4 2 -1 2 0 2 -2 -2 5 -2 0 0 4 0 0 0 0 -6 2 0 0 4 4 0 -2 0 2 1 -4 2 -7 4 0 -5 2 1 0 1 0 0 -3 -1 0 -2 2 1 1 0 0 4 -1 4 -4 0 -2 -4 6 0 2 2 -2 0 -4 4 0 -3 0 0 5 -2 -4 -4 5 1 2 4 4 0 0 0 0 2 -2 0 4 -2 0 0 4 2 0 1 2 1 0 -4 4 1 2 -5 -2 -1 0 -2 -4 2 0 0 0 2 3 4 8 2 -1 4 0 -2 4 -4 53 -3 -3 2 0 4 4 4 8 1 2 0 2 -1 0 2 6 2 0 -2 2 2 -4 1 2 1 0 2 -1 0 1 2 0 0 -2 -2 0 0 0 -4 8 5 0 -4 -3 -1 -2 0 2 4 2 0 0 0 1 4 6 2 -2 -2 0 4 -4 2 0 4 -4 0 2 0 -4 4 0 0 -2
-2 1 0 0 -5 -2 0 2 0 0 0 0 2 0 -2 0 -2 -4 5 0 -5 0 4 0 -1 -3 0 0 2 0 0 0 4 0 -4 -2 -2 4 -2 0 0 0 0 0 0 0 0 0 0 0 0 -2 7 0 0 4 -2 0 4 -2 4 0 -4 -2 0 2 0 0 0 2 0 6 0 0 0 0 -4 4 -4 6 0 0 -4 -2 0 0 -2 4 0 0 0 0 2 -4 0 0 0 0 -2 0 -2 0 -2 0 0 0 0 6 2 -5 -2 -4 -2 4 0 0 4 0 0 0 0 -4 0 0 5 0 0 0 0 0 -8 2 0 -4 0 0 0 5 0 -6 -2 0 0 -2 0 12 0 0 6 0 0 0 0 0 3 -2 -2 -4 0 0 -4 -4 0 -6 0 0 -4 0 0 0 0 0 2 0 -4 4 0 0 4 2 0 0 0 4 0 0 0 0 0 -2 0 0 -1 0 0 0 4 -4 3 0 0 0 0 0 1 -1 -4 -2 0 -2 -4 -4 0 0 2 0 0 0 0 0 2 -1 0 -2 0 0 0 0 0 0 4 2 0 -6 2 5 0 0 0 0 0 0 2 0 0 -2 -3 2 0 0 -4 0 0 -2 0 0 0 6 0 -4 0 0 -1 0 0 -4 3 4 0 0 2 3 -2 0 0 -4 0 0 0 0 -4 0 0 2 0 -3 45 -2 0 0 -2 -4 0 0 0 0 4 4 0 0 0 -4 4 -4 -4 1 0 -1 8 0 0 8 5 2 0 0 0 -1 0 0 2 -1 2 2 -1 -4 4 4 1 2 -3 0 -4 -2 1 -2 2 0 0 0 -2 0 0 0 0 2 0 0 4 0 0 2 -4 -4 2 -4 4 -2 -4 -2
0 -3 -2 -4 0 0 3 -6 4 2 2 0 4 3 -2 0 -1 4 -4 4 -2 0 0 0 0 -2 0 0 0 0 2 0 4 0 0 0 1 4 0 0 -1 -4 -4 4 6 0 2 0 2 0 0 2 -4 0 4 -6 1 0 -1 6 4 0 0 4 2 -2 -4 0 2 0 4 -3 -2 2 4 4 0 0 0 0 -2 -4 4 0 0 0 1 -4 0 0 4 -2 -2 4 -3 0 0 7 0 0 2 0 -2 -2 0 -2 4 6 0 1 0 4 4 0 2 8 0 2 0 0 0 0 0 2 4 12 -1 0 2 0 0 0 0 0 2 -4 0 2 0 0 4 0 0 0 2 0 0 8 0 0 -1 -2 0 2 0 0 0 4 2 -1 -4 0 0 0 0 0 4 0 0 0 4 0 -8 0 0 2 0 4 -2 0 -4 4 0 0 -1 -2 4 2 -1 2 0 0 0 0 0 4 1 0 0 10 0 0 0 -6 -4 -2 0 4 4 0 0 2 4 4 0 -4 0 0 0 2 -3 2 6 0 7 0 0 0 -4 8 -4 0 6 0 0 8 0 0 0 -2 -2 0 4 0 -4 4 0 0 0 0 4 2 0 4 -4 0 0 -2 1 1 2 0 2 0 -1 2 -3 0 -2 2 0 -6 -2 -4 0 0 -4 2 0 0 0 0 0 -4 0 -3 -2 54 0 0 0 2 0 4 0 2 -2 8 0 1 0 0 0 2 -4 2 6 2 0 0 0 0 0 -1 2 2 3 0 -4 -1 2 0 -3 -1 -8 4 0 0 -2 0 2 3 0 0 -1 0 0 2 4 -1 0 0 4 -2 6 -4 0 4 0 0 0 8 0 0 2 0 -4 0 0 0
0 0 2 2 -2 0 3 0 0 -1 -1 0 -2 1 6 0 0 2 0 0 1 6 -2 2 0 -3 -8 0 0 0 4 0 -4 -2 -5 0 0 2 4 2 0 0 0 0 1 2 0 3 0 1 -4 0 -6 -6 2 -3 0 0 1 5 0 1 6 0 2 5 0 1 0 0 0 8 0 4 0 4 8 2 -2 3 4 0 -4 0 0 0 1 2 -3 2 2 1 6 -1 4 5 -2 0 0 0 0 0 4 0 -2 0 0 5 0 0 -2 2 0 0 0 0 0 2 0 0 2 5 0 -3 6 0 0 4 0 0 0 -2 1 8 4 0 0 0 0 0 0 0 -1 1 -1 0 -1 0 3 0 -4 0 0 0 5 -6 4 0 -4 -3 4 2 0 0 0 2 0 0 0 0 -3 6 3 0 -3 0 0 -1 0 2 -3 0 -1 4 0 -2 5 0 2 2 -3 0 1 2 0 -2 0 -2 5 0 0 0 0 -1 4 0 -2 -2 0 -3 2 -5 2 9 -1 5 -1 0 0 6 0 2 0 -1 5 0 1 0 -4 0 0 4 0 2 4 -4 0 0 0 0 0 0 0 4 0 0 -1 2 0 -1 -2 1 0 5 -2 2 4 -4 2 1 0 0 0 0 -1 3 -1 0 2 2 -6 2 0 2 0 0 0 0 0 0 0 -2 0 1 -1 2 0 0 44 -4 0 2 3 2 1 -1 0 0 0 0 -1 2 0 0 2 -4 -6 -2 0 -2 -6 8 4 2 2 4 4 0 0 -8 4 2 -2 0 0 -1 2 0 0 -4 2 -4 2 2 2 0 0 -2 -4 0 3 0 -3 -4 -2 -3 0 -2 0 0 0 0 4 0 3 -4 0 0 1 6
2 0 -1 -1 2 0 0 0 4 1 -2 0 2 -2 -4 0 5 0 0 0 0 2 0 1 0 0 0 0 4 -4 0 0 -4 0 4 0 0 5 0 0 3 4 1 4 1 0 -2 -5 -2 0 2 3 0 0 0 0 0 0 0 -4 0 -1 2 4 -4 0 -4 8 0 0 -2 2 -2 0 -1 -1 -4 1 1 -4 -2 0 2 2 0 0 3 2 0 1 -2 0 0 -2 3 -3 -1 3 1 -4 0 0 -3 0 3 0 0 0 0 -2 0 0 -4 0 0 0 0 0 0 -3 4 0 0 0 3 0 0 -3 0 0 0 0 2 -4 -5 4 0 0 2 -2 -2 0 0 -1 -4 0 -1 0 0 0 0 0 -2 2 2 0 0 -4 1 0 0 -4 0 0 0 0 2 1 -2 2 0 0 -4 -3 0 -1 0 -6 2 2 0 4 0 2 -1 0 -4 0 -2 -1 0 -2 -4 0 0 3 2 0 0 0 0 0 -1 2 0 0 0 -1 0 0 0 2 1 2 0 4 0 2 0 -4 -8 0 -1 0 -4 0 0 -2 0 -4 0 -2 2 2 -4 0 0 0 0 1 0 0 0 2 -2 2 1 0 0 0 -2 2 2 0 -3 0 -9 0 0 0 0 4 0 1 0 0 -2 -2 0 0 0 10 0 -2 0 0 0 0 0 -2 0 -2 -2 -2 0 0 0 0 -4 39 4 -4 -2 0 0 -1 0 2 0 0 0 4 0 0 -2 4 0 2 0 0 4 0 0 0 -2 1 0 4 2 0 2 4 0 0 0 -4 0 4 0 -6 1 4 0 0 -1 0 2 -1 2 0 -3 0 0 -4 -2 1 6 0 0 0 0 -4 0 4 2 0 4 6 1 -7
0 0 0 0 -2 0 -2 0 0 0 -4 2 4 0 -6 0 -4 -2 2 0 4 4 -4 -2 0 -6 4 -4 0 2 0 0 4 1 4 0 4 0 0 -4 0 6 2 0 0 2 2 -8 -4 0 -1 0 6 0 -4 4 2 0 2 -4 0 2 6 0 3 0 -2 0 0 2 0 0 -2 0 0 0 -4 0 0 -1 0 1 4 0 -2 0 0 0 -3 0 2 0 -4 0 -2 -2 0 -6 0 -2 0 0 0 0 0 0 0 6 2 0 -2 0 4 2 0 0 4 -2 0 4 0 0 4 4 0 0 2 0 -8 0 2 0 -4 -2 -4 0 0 -6 0 -2 0 -2 -2 4 -4 2 6 0 0 0 2 0 0 -4 0 0 -4 4 -2 -4 0 -2 4 0 0 3 -4 0 0 0 0 0 -4 -2 -2 2 0 0 0 4 0 0 4 0 0 2 -4 0 4 -2 0 0 -2 2 4 -2 8 2 0 -6 0 -2 0 4 -2 0 2 -2 0 0 -2 0 2 0 0 0 0 0 0 -4 4 2 0 0 -4 4 0 0 -4 0 4 0 6 0 -12 -4 0 -2 6 4 0 0 2 4 0 0 4 0 0 0 0 6 0 0 -4 4 0 -8 0 4 0 0 6 0 0 4 0 0 0 -2 -1 2 -2 0 2 0 0 0 -3 0 0 -2 -3 2 4 4 -2 0 0 4 48 2 0 2 0 0 0 0 0 4 0 8 0 4 2 4 -2 4 -2 0 4 2 5 0 0 1 0 -4 0 -2 2 -2 0 -1 4 4 0 1 -2 -6 6 4 4 -2 0 0 -4 -3 4 0 -4 0 0 2 0 0 0 0 0 0 0 0 2 -6 0 -4 2 0 2 -2
-11 0 4 1 -4 -4 6 0 4 0 3 0 -1 0 8 -2 -2 1 4 -1 2 4 0 0 1 -4 0 0 -2 8 -1 0 1 -4 0 -1 -4 -4 -1 0 0 1 4 -5 -2 2 8 2 0 0 -3 -1 -4 -2 -1 -3 -1 0 -8 -2 0 0 0 -2 4 2 0 0 -4 0 0 -4 -1 0 0 8 4 1 0 0 2 0 0 0 0 -2 4 -2 -3 0 0 2 -4 0 2 0 -4 -6 4 8 0 -4 0 -8 -4 4 -4 -2 2 -2 8 2 1 5 -4 0 0 4 4 5 -4 -2 4 1 10 -3 1 -2 0 0 0 0 6 0 -6 1 0 5 0 -4 0 0 -4 3 -2 -4 -2 0 0 2 -2 0 8 0 -2 6 0 -6 0 0 -4 9 6 -1 0 0 2 0 -3 0 2 0 0 0 -10 2 2 0 -6 2 0 0 4 2 3 0 -2 2 0 0 0 0 -2 0 0 -4 0 -4 -2 0 0 0 0 1 1 2 4 0 4 4 -3 -6 0 4 0 0 0 6 0 -2 -1 0 4 -2 -2 -2 0 0 1 0 -4 0 0 0 -4 0 -4 -1 0 0 8 0 3 -2 0 -1 -2 2 3 -2 -4 0 2 0 2 0 5 -3 3 0 1 -1 0 0 -4 2 -1 2 0 -4 -2 0 0 0 0 6 4 1 2 0 0 0 10 4 2 4 -4 2 2 -4 2 64 0 2 2 0 2 0 -2 0 0 0 -2 0 4 0 4 0 0 -2 0 -1 3 1 4 2 -2 2 3 0 -6 -4 0 -2 -3 -5 0 4 2 1 -4 6 8 6 0 0 0 0 0 4 0 0 0 4 0 -4 0 0 2 -2 1 4 -2 2 3 -4 4 0 2 8
-2 4 -2 -6 0 -2 2 4 -2 4 0 0 0 2 0 -1 0 -2 0 2 0 0 0 -2 0 0 0 0 0 8 0 0 -2 4 4 0 0 -10 2 0 4 0 0 0 -1 0 0 0 -2 0 0 -2 0 -1 0 0 4 4 -4 0 2 0 2 0 -3 -1 0 0 0 -2 -1 1 4 2 0 -3 4 0 2 0 4 -2 0 0 3 0 2 4 -2 4 -4 2 2 -2 4 0 2 4 0 0 0 1 0 -2 -7 0 0 0 0 0 0 4 -2 0 0 1 0 0 0 0 6 0 0 7 0 0 0 0 0 8 0 1 0 0 4 0 0 0 0 4 4 0 0 5 0 -4 1 -2 -2 0 0 0 -2 -4 0 0 -1 0 4 0 0 4 0 0 -4 -8 -4 0 -2 2 0 0 -6 0 2 4 0 5 0 2 -1 0 2 3 2 -1 -2 0 6 2 -2 2 3 -2 0 0 -4 0 1 0 0 0 4 4 0 0 0 0 1 0 4 -2 6 -1 1 0 0 -6 -2 0 2 2 0 2 0 2 2 4 -3 0 4 0 -6 0 0 5 4 2 -2 -1 0 4 0 -2 0 0 0 2 2 0 6 4 -4 -4 2 4 2 0 -6 4 0 4 0 0 -1 -2 0 -4 0 -2 -2 0 0 2 0 0 0 0 -4 0 2 1 0 0 -2 4 0 0 3 -2 0 0 43 4 0 0 0 1 0 0 -2 0 0 0 0 4 3 -4 0 2 2 -4 -4 2 0 1 2 4 0 4 0 0 0 -2 1 0 0 2 -4 -5 14 0 -4 0 4 0 -2 0 0 0 0 0 -4 -2 0 3 1 0 0 0 0 -4 0 0 0 -4 -4 0 0 1
1 -1 0 2 0 -5 2 -4 -2 -2 0 8 -4 4 -8 0 -2 -4 0 -8 -5 0 0 0 0 0 0 2 -4 0 0 0 0 4 0 4 -1 -5 0 2 0 3 2 0 0 -4 0 0 2 2 -2 0 4 -2 0 4 1 0 8 2 0 0 -4 -1 0 -2 -1 0 1 0 3 2 0 2 6 5 1 -2 0 4 4 -2 2 0 0 0 6 0 2 2 0 -2 2 -2 -2 0 -6 -3 4 0 2 -2 0 -1 4 -4 2 1 4 -2 0 1 2 0 -8 -2 0 4 1 0 2 6 1 4 -2 0 0 -6 -2 0 2 0 2 0 -2 -2 1 0 -5 2 4 -4 4 4 -2 7 0 2 6 3 0 -3 -4 0 0 0 0 -2 4 0 0 0 -4 0 0 2 2 -4 0 -4 1 0 -2 4 -2 -4 2 12 -2 0 2 0 -4 4 -3 0 -2 4 4 -2 0 4 4 4 4 -4 -3 4 -2 -2 0 0 0 0 4 6 -4 2 -3 -2 0 0 0 0 0 0 2 -4 2 1 1 2 -2 2 -4 0 -4 0 0 4 0 -4 0 -4 -4 0 2 0 2 4 1 -4 -2 2 -8 0 7 0 6 0 0 4 -2 2 1 0 0 2 0 2 -4 0 -2 -4 -6 2 0 0 2 0 4 2 -2 -2 2 0 0 -4 -4 2 -4 -2 0 -2 -2 8 0 4 2 0 2 2 4 60 0 -2 0 2 1 2 6 -6 0 2 -2 0 -4 -2 0 2 0 -4 0 0 -1 -2 0 0 0 -2 0 -5 0 0 0 -2 0 5 -2 -1 0 0 4 0 4 0 4 1 0 0 -4 -2 0 -2 0 -1 0 -4 0 3 0 2 1 2 2 2 -4 -4 -2 2
-5 0 -2 2 0 2 3 -4 4 0 -2 0 -4 4 0 0 -4 4 8 0 -2 0 2 4 0 0 -2 0 0 -4 2 -2 0 4 0 0 0 0 0 -4 0 0 4 4 -2 -1 2 0 0 1 2 -4 4 2 0 4 0 -2 -4 4 0 0 -2 8 -1 -3 0 -4 0 2 -4 2 0 0 0 0 -4 -2 2 0 -2 0 0 0 -2 2 0 0 0 2 0 -2 2 0 5 0 0 0 0 0 0 0 2 0 -4 4 0 -2 0 3 -2 0 -2 -4 0 -4 0 6 0 -4 -1 -3 -4 -2 -2 0 0 4 -2 0 0 0 0 0 -1 -4 0 4 0 -4 2 0 0 1 0 2 -4 0 5 6 1 0 4 6 1 2 3 -3 -2 1 -6 2 0 -4 0 2 4 0 -2 -6 6 -4 -4 2 0 0 0 -2 0 0 -2 -8 1 0 -1 4 4 -2 1 0 1 0 -2 1 0 -6 0 2 0 0 1 0 2 0 4 0 -2 0 -2 -2 0 2 0 2 0 5 0 0 0 6 0 -2 -2 0 0 2 0 0 0 4 0 0 2 -2 0 -4 0 6 -2 0 -2 0 -2 4 0 0 0 0 2 -2 4 0 2 0 -4 0 6 0 -4 -1 2 -4 -2 0 1 0 -1 4 1 0 0 -8 -2 -2 -4 0 0 0 0 -4 0 0 0 0 -4 1 0 0 1 0 0 2 0 0 54 0 0 2 0 -1 0 -4 0 4 -4 0 0 0 4 0 4 0 0 -1 2 0 0 -4 -2 0 0 0 -4 -4 0 0 2 0 -6 6 2 -2 -6 0 -4 0 2 1 2 1 -2 0 0 2 0 0 0 4 0 -2 0 0 4 -8 0 -4 0 4 0 4
0 -2 0 0 -1 2 0 1 0 2 6 -1 2 -2 0 -4 -4 -4 0 4 -1 0 0 -2 0 1 -4 0 0 0 0 2 0 2 0 0 -4 -1 -4 0 -2 -4 6 0 0 0 0 0 0 -4 0 0 -2 1 -2 0 2 0 0 3 0 0 -2 0 0 -1 0 0 2 4 2 1 -4 0 1 0 0 0 -1 0 -2 2 0 -4 0 -4 -4 -2 -4 0 0 0 0 0 0 0 2 -2 0 -2 2 0 4 0 2 -4 4 -1 -1 0 0 -4 2 0 0 -1 -4 -2 4 -2 -1 -2 0 6 0 0 0 3 -1 0 8 0 0 -4 -8 -1 -4 0 -2 0 -4 -2 -1 4 2 -1 0 6 0 0 2 2 -2 -4 0 2 -4 2 2 0 0 0 -3 0 -1 -2 0 0 -1 2 0 2 2 -3 0 -1 -4 -6 -3 0 0 0 0 0 -3 5 -4 0 0 0 0 2 -6 6 4 1 2 0 0 6 0 0 0 1 -2 -2 0 0 1 6 8 2 0 0 4 0 0 2 0 0 0 4 5 4 2 -2 3 -4 0 1 4 0 0 2 0 0 2 0 3 -2 0 0 3 0 0 0 -1 4 0 0 0 -2 3 4 0 0 4 0 -1 0 0 0 0 0 0 0 -3 4 -8 0 2 -1 0 0 0 0 0 4 2 0 2 0 0 0 -4 2 0 2 -1 -1 0 0 0 -2 0 44 0 -6 -2 0 3 -2 2 0 0 -4 0 0 0 0 0 0 0 -4 0 0 4 0 0 -3 -3 -4 0 0 6 0 -6 0 -2 0 2 0 0 0 -4 -2 2 -2 0 -8 0 -4 2 1 4 0 2 4 0 2 0 0 2 4 5 -2 0 0 0 0
-4 4 -4 0 1 0 6 4 -4 0 0 0 -6 0 0 0 4 0 -4 0 0 0 0 4 0 0 -2 0 4 4 0 4 0 0 -1 -2 0 0 -2 0 0 0 -2 -2 0 3 0 0 0 0 2 0 -1 -3 0 8 0 0 0 1 2 0 -2 2 -2 4 0 -4 2 0 -4 0 4 -4 4 0 0 1 2 0 2 6 0 0 2 0 0 8 0 0 0 4 -6 0 0 -2 6 3 0 0 0 0 -2 4 0 -4 0 2 -3 -2 0 -2 2 0 4 0 0 0 0 1 -4 -2 2 4 2 0 -2 0 0 2 0 0 -2 0 3 -2 7 2 0 -2 -4 8 0 0 -2 0 0 -4 0 0 4 0 0 2 1 0 4 -2 0 2 2 0 0 -4 2 0 -6 4 0 0 -4 2 4 0 6 0 0 0 4 0 0 2 0 4 4 0 4 2 -2 3 0 -6 -5 0 4 0 -2 -6 0 -2 4 2 2 0 2 -2 -6 -6 -2 4 -4 0 0 0 0 -1 0 2 0 2 2 4 6 0 0 0 0 0 0 0 -4 0 -2 -7 -1 -1 0 1 0 -1 0 0 -4 0 8 -2 0 4 0 2 0 0 -8 0 0 4 4 -4 4 -4 -2 0 0 0 0 0 2 -4 -2 -1 -7 -1 0 -1 0 0 -2 0 0 0 0 0 4 2 2 0 4 -2 0 0 0 2 0 0 0 0 51 0 -1 -2 8 -3 0 0 0 0 0 -3 2 -2 -2 -4 6 -4 4 -3 0 0 -3 0 -1 4 0 -1 0 -6 5 0 2 0 0 0 0 2 0 8 -2 0 -4 2 0 0 0 0 -2 -2 0 4 0 0 -6 0 0 6 -2 0 0 4 0 1
0 0 0 -4 1 1 0 0 -4 0 0 0 0 -2 -5 -2 -2 0 0 4 0 0 9 -2 0 0 0 -4 -2 2 0 -1 0 0 -2 -1 -1 -2 0 0 2 -2 2 3 -1 0 -2 -6 0 5 2 0 0 -2 -2 0 -4 8 2 0 0 -4 2 4 1 -2 0 -2 2 -2 0 2 2 0 0 -3 -4 0 0 2 2 0 -3 0 3 0 0 4 -2 0 0 -5 0 -2 3 -2 0 6 0 0 -2 0 4 0 -2 0 2 3 -5 -3 0 -6 2 0 -2 2 8 2 4 4 0 0 -1 0 -2 -4 0 0 2 4 -4 2 0 0 -2 -2 -4 2 0 5 3 2 4 -8 0 2 0 0 2 0 -6 -1 0 0 -1 0 0 0 0 -4 -4 -6 -1 2 2 0 2 4 -4 0 1 0 -4 2 0 2 -4 -10 0 0 -7 0 0 4 -4 -2 -6 1 -1 0 0 -8 4 -4 -8 6 0 1 4 -5 0 2 0 0 0 0 0 0 -2 0 -2 -1 0 -2 2 2 2 4 0 -2 0 5 0 -4 4 0 0 0 0 2 -4 1 0 -4 4 4 0 -2 2 -4 -4 0 0 0 2 4 4 -4 0 2 -1 4 -6 0 0 8 4 0 4 2 -2 0 4 0 0 0 0 0 -6 6 0 -8 -2 0 3 2 0 0 2 0 -2 0 0 -4 0 2 4 8 0 2 0 0 1 2 2 -6 0 71 0 2 4 2 -2 2 -8 2 4 0 -4 4 0 0 2 6 -5 10 -2 -1 -3 2 4 2 0 2 0 2 0 4 0 0 -2 0 -1 4 0 0 0 2 -5 2 -2 5 6 -4 0 -6 0 0 -2 -6 0 -4 0 0 0 -4 0 0 -4 -4
0 0 2 0 -6 0 -2 0 4 0 -4 0 0 0 -2 0 0 0 0 0 2 -4 0 0 0 0 -2 4 0 0 0 -4 0 -4 0 0 1 0 0 0 0 0 0 0 4 -4 0 -2 0 4 0 -4 -4 0 0 0 1 0 0 0 0 -2 -2 0 0 0 0 0 0 0 0 4 0 -4 0 -4 0 0 0 0 0 0 0 0 0 0 0 0 0 0 0 0 0 0 0 0 4 2 0 -2 0 6 0 0 0 0 0 6 2 0 0 -2 -2 0 -3 0 0 -2 0 0 0 0 0 0 0 0 2 -2 4 -2 0 0 4 2 0 0 0 2 0 -2 -4 0 0 -4 2 2 0 2 0 0 0 0 0 0 0 0 0 2 -2 0 0 0 -4 2 0 0 0 0 0 0 -3 0 0 0 -4 0 4 0 2 0 0 -2 0 0 -2 0 0 0 0 2 0 0 2 0 -2 0 -2 -4 0 -2 0 0 0 0 4 -2 0 0 0 -2 0 0 0 4 0 -1 -2 -2 0 4 0 0 0 0 0 0 2 0 0 0 1 0 0 -2 0 0 0 0 0 0 -1 -4 -2 0 0 0 0 0 -4 0 0 0 0 0 0 -2 0 0 0 0 0 -4 0 0 0 8 -2 0 0 0 0 2 0 0 0 -6 0 0 -2 0 0 -4 0 0 0 -1 0 0 0 0 0 -2 0 1 0 -2 -1 0 27 -4 0 0 0 0 0 0 0 0 0 0 4 -4 0 4 0 -1 0 4 0 0 0 -2 -2 0 0 0 -1 0 0 0 0 0 0 -4 0 -6 0 0 0 0 0 0 2 4 4 0 0 0 0 2 0 0 0 0 0 0 0 4 -2 4
0 0 2 2 2 -2 1 0 -2 0 2 -2 0 0 4 0 -8 4 0 0 -3 0 0 0 -2 -2 0 0 0 0 0 6 0 4 6 0 0 4 0 -4 0 -2 4 0 0 -4 2 0 0 0 0 0 4 0 0 0 2 0 -2 0 0 0 4 0 0 0 -4 0 0 0 0 -2 0 10 0 0 0 -4 0 0 0 2 6 0 4 -6 0 0 -2 0 -2 0 0 0 -3 2 0 2 0 0 -4 0 0 0 1 0 0 6 -4 -1 0 2 -2 -2 0 0 0 -2 -1 4 2 0 2 2 -8 0 0 0 0 0 0 2 2 0 0 0 0 0 0 0 0 0 -2 -2 -4 2 0 0 2 0 -3 -2 2 0 0 0 -2 4 2 -1 0 0 4 0 -2 5 0 0 0 0 0 -2 2 2 0 0 -4 0 0 0 0 0 -2 0 0 -2 2 0 0 0 0 0 6 0 -4 -1 4 0 0 0 0 0 -4 0 -4 0 4 3 2 0 0 0 0 2 -1 0 -2 0 0 0 -2 2 2 4 4 0 -2 0 0 -2 -2 0 8 -4 -4 0 0 1 -2 0 2 -4 2 0 2 4 -2 -4 0 -4 -2 8 0 0 0 0 2 0 1 4 4 0 -1 0 -3 0 -1 0 0 -2 0 -1 -4 4 -6 0 0 0 0 0 -4 0 0 2 -2 0 0 1 0 0 4 0 0 2 -1 0 -2 2 -4 40 0 0 0 0 2 0 2 0 0 0 0 0 0 4 2 0 -1 -3 0 -4 4 0 0 2 4 0 4 0 2 -4 0 0 -1 -2 0 -4 0 2 6 5 0 -2 -2 4 -4 0 0 -2 0 -4 4 -1 0 0 -4 -4 0 0 0 2
-1 0 0 0 0 2 4 4 8 -2 0 1 -2 0 -2 -3 0 -2 5 -4 0 0 0 0 -2 3 -8 0 0 0 0 0 -6 4 0 0 -2 -2 -4 0 4 2 0 0 0 2 0 0 0 0 0 0 0 0 0 0 0 0 0 2 0 -1 0 4 4 0 0 0 2 0 0 -1 0 -6 0 2 0 8 0 0 0 4 -2 -2 0 0 0 2 4 0 0 -4 4 0 0 0 -4 6 0 0 0 0 6 0 8 2 0 1 0 0 -2 1 0 0 -2 -2 0 0 0 2 0 4 0 2 0 -4 0 -2 0 0 2 -4 2 0 2 1 -3 -4 -4 0 -2 0 2 0 0 0 0 3 0 0 -1 1 -2 4 2 -4 2 0 0 4 -1 0 -2 2 -4 0 0 0 -1 -2 -2 0 -6 2 1 0 0 0 1 -2 1 1 0 4 0 0 0 -2 0 -1 4 1 0 -4 0 0 0 -4 0 2 2 4 0 -1 0 3 -3 0 -1 -4 -2 -3 4 -4 2 4 4 2 0 2 6 4 0 2 0 -1 4 -2 4 0 0 0 -4 -4 0 2 2 2 0 5 -2 -2 2 0 6 -3 4 2 0 0 0 0 0 5 0 4 12 0 6 0 0 0 0 0 0 6 0 0 -4 4 -3 2 -2 0 0 0 -4 2 1 0 2 -2 4 -1 0 2 0 0 -1 0 0 0 -2 6 0 3 8 4 0 0 43 -5 -1 0 -4 0 6 -2 4 0 -4 0 -2 0 -2 2 -3 0 6 0 4 2 0 -6 0 -2 0 0 -2 0 0 0 0 2 -4 8 0 0 -4 4 0 0 0 0 1 -3 2 0 0 0 -4 0 -3 0 0 -1 -4 4 1 0
0 0 0 0 0 2 2 0 0 0 0 -4 0 4 0 2 6 -2 -2 0 14 0 4 0 0 0 0 0 0 0 0 0 0 0 -2 0 0 0 0 0 0 -2 0 -1 0 4 0 0 0 0 -3 -4 4 3 0 0 -2 0 0 -2 0 0 4 0 0 0 0 6 2 0 2 2 -1 -2 0 -2 0 0 3 0 -2 -2 0 0 0 0 0 0 0 0 0 -2 -8 0 1 0 2 0 -1 0 0 -1 -2 4 4 0 0 2 0 -2 0 1 8 0 -3 2 0 4 -4 0 0 0 2 0 -6 0 -1 2 -2 -2 -6 0 2 2 2 4 0 4 -2 0 -4 0 -3 6 0 -4 0 -3 0 -2 0 -2 4 0 0 0 -8 -3 0 0 -4 0 -3 2 0 0 -2 0 0 0 0 0 0 -4 2 1 0 2 2 0 -4 4 0 0 0 0 4 0 2 2 0 -1 4 -2 0 0 8 0 0 8 -1 -2 0 2 0 5 6 0 0 0 0 0 0 -1 -2 0 0 0 0 0 2 4 -2 2 0 1 4 0 0 -4 -2 2 -2 3 0 -8 0 0 0 -1 -2 -1 2 0 2 0 8 0 0 0 0 0 0 -2 0 0 -5 0 -2 0 0 6 0 0 0 0 -2 2 0 4 0 12 1 0 0 2 0 0 -1 0 0 4 -2 0 0 6 -4 0 2 4 8 0 0 -6 -4 -2 -3 2 0 0 -5 46 0 2 0 0 0 3 0 -1 0 0 4 0 -2 4 -2 4 1 0 0 -2 0 0 0 -4 0 0 -3 -14 0 0 0 -2 2 -1 -4 0 0 0 -1 2 0 -2 -1 0 -2 2 0 2 0 -1 0 0 0 3 -2 -2 0 0
-2 0 2 0 0 0 0 2 -2 -2 -2 0 0 3 -4 4 -2 -4 0 0 0 0 0 0 -1 0 0 -4 0 0 -2 -6 0 0 -2 0 4 4 0 0 0 -2 0 4 0 0 -4 0 0 0 -2 0 2 1 1 0 2 0 0 -6 0 -4 1 0 0 -1 0 -5 2 2 0 0 -2 -4 0 4 0 0 2 0 0 0 -1 4 4 0 0 -2 0 0 0 0 0 -2 0 -2 0 4 -2 0 1 0 8 0 0 -1 0 4 4 0 0 0 3 6 0 2 -6 4 -4 0 -8 0 0 0 0 -2 -2 0 0 -2 4 4 0 0 -4 0 4 4 0 0 0 4 0 4 0 4 0 0 0 0 0 0 0 -1 2 0 0 0 0 1 0 4 -4 0 -4 0 4 -4 2 2 0 0 4 0 0 4 -1 0 0 0 1 -1 -2 0 -2 6 0 6 -1 4 0 8 4 0 2 4 0 4 2 4 0 0 0 2 0 2 2 -2 -2 0 -4 4 4 0 2 0 -2 -6 0 -2 2 4 0 0 4 0 2 -2 0 -2 2 -4 0 0 2 0 0 2 0 -8 0 0 -1 0 2 -2 0 -2 0 2 4 2 1 -2 4 8 2 0 9 0 -4 0 0 0 -5 -1 0 4 0 -2 0 -4 0 0 0 0 2 -2 0 -2 3 -4 3 1 4 2 4 0 0 0 0 -2 0 0 0 2 0 -2 0 0 -1 0 54 2 0 0 1 0 0 -4 0 0 0 4 -6 2 -8 0 -2 -4 0 -1 0 0 0 2 6 4 0 -2 5 1 0 1 2 -3 0 -1 0 -1 0 2 0 4 -2 0 0 4 4 -2 -2 6 3 -12 -2 0 1 0 -4 0
5 -4 -3 -2 0 0 4 4 1 -2 0 0 3 0 0 0 0 0 4 0 0 0 2 4 0 0 0 0 0 0 0 4 4 0 -1 -10 0 -2 -2 2 0 2 0 0 0 2 0 0 0 2 -2 -2 8 1 -4 2 0 0 4 0 0 0 2 0 2 0 4 0 2 2 0 1 0 0 0 0 4 0 0 3 2 -2 0 0 0 0 -5 -4 0 4 -4 -1 0 0 0 -2 0 2 -12 0 -2 0 0 0 0 0 0 2 6 6 0 -2 -2 2 0 0 0 2 4 0 -4 0 0 0 -1 0 0 -5 0 0 0 -2 0 2 0 0 0 0 0 0 0 0 0 4 0 4 0 0 0 3 0 0 0 -2 0 0 0 0 0 0 -2 4 0 1 0 0 0 0 -2 -4 0 0 0 0 2 0 4 0 0 0 0 0 1 0 6 2 -2 4 2 4 0 0 0 0 2 0 -2 0 3 0 0 -2 0 0 0 -2 -6 0 -2 0 0 4 0 0 2 0 0 3 0 -2 0 0 0 -2 -2 0 2 0 2 -1 4 4 1 0 0 2 2 2 0 -4 2 4 0 0 0 0 0 -2 0 4 6 0 0 0 -4 0 0 0 0 2 -1 1 6 -2 -2 -1 0 0 0 0 0 -2 -2 0 0 0 0 0 -2 0 0 2 -2 -2 4 0 -4 2 0 0 4 0 0 2 4 0 0 2 0 0 0 2 2 37 0 -4 6 -4 0 0 0 0 -2 -2 0 2 -1 0 0 1 0 0 -2 -2 -4 0 0 0 0 4 -2 0 2 0 -2 0 0 -1 6 0 0 -2 -2 4 0 0 0 -2 4 0 0 0 2 0 0 0 0 0 -1 0
0 0 2 0 0 8 2 0 -2 -4 2 -2 -4 0 6 2 0 4 0 0 2 2 -4 0 0 -1 0 0 -2 -1 -2 4 0 -2 0 0 -1 -2 -4 0 0 0 0 0 -1 0 0 -1 0 -1 4 0 -4 0 -4 0 -3 0 -8 4 -4 3 4 -4 12 0 0 4 0 0 4 2 3 1 4 -4 2 0 0 -2 3 -2 2 2 4 -6 0 4 4 0 -4 2 0 0 2 2 1 -4 0 -1 0 0 0 0 0 1 4 0 0 0 0 2 -8 0 -4 4 0 4 0 2 -2 -4 -2 0 0 0 -2 0 0 -2 0 0 6 0 2 0 0 2 -4 -4 0 2 0 0 0 6 4 4 0 -4 0 0 -10 0 0 0 2 -2 0 0 0 1 2 -2 0 2 3 4 0 0 0 2 4 -2 -4 4 0 0 -2 -1 4 4 -2 0 0 0 0 2 -2 -4 0 0 0 0 0 4 2 0 -2 0 0 -4 0 0 0 -4 -2 -2 4 2 -1 0 -3 2 0 0 -8 3 0 3 -2 -4 -1 4 0 0 0 0 0 0 0 0 -2 2 0 2 0 0 -4 2 0 0 -4 4 -4 -2 -4 0 0 -6 0 0 7 -6 -2 -2 6 0 7 0 2 0 -2 4 0 4 -2 -6 0 0 -6 -1 2 0 0 2 0 -1 0 0 0 0 0 4 -3 -2 -4 -4 2 -2 2 4 0 -2 -4 0 0 -8 0 2 -4 0 0 0 51 4 -6 1 4 0 0 -2 2 0 2 -2 -3 0 1 -4 -4 0 0 4 0 -4 0 0 1 0 1 2 2 0 0 0 4 0 -1 0 0 0 0 -4 0 8 0 4 0 4 -2 0 0 -6 0 2 0 0 0 0
-8 0 -2 0 1 0 2 0 0 -4 0 -2 4 0 1 -2 0 0 -2 -2 0 0 2 2 2 -2 -2 0 -2 0 -1 0 8 4 4 0 4 0 2 0 0 0 -8 0 -2 -4 0 -4 0 2 0 0 0 -2 4 -2 0 0 -2 -6 0 4 -7 -4 0 0 0 4 0 3 0 -2 -2 6 0 0 -4 0 0 6 0 1 4 2 5 4 4 0 4 0 0 3 0 -2 2 -4 0 4 2 0 8 0 -2 -4 0 0 4 -2 -1 -1 -2 0 0 6 -2 0 0 4 -4 0 6 0 0 0 0 -4 0 2 0 -2 -8 0 0 0 -4 0 0 -7 0 1 2 0 0 0 0 0 0 0 -4 -1 0 0 8 0 1 0 0 0 0 0 0 4 -2 4 0 2 2 0 0 2 -2 2 -4 -2 -8 0 -4 0 -1 0 -8 4 0 0 2 2 -4 0 0 2 0 0 8 4 2 -5 0 4 -8 0 0 -2 0 -4 -2 -4 0 -2 -4 0 0 -2 0 -2 0 0 0 8 0 -2 -2 4 -4 -2 -8 0 0 -10 -2 0 2 -2 -4 0 -3 1 0 1 -2 4 -2 -8 0 0 0 2 -5 4 -4 0 0 0 0 -2 0 -2 -2 0 0 0 0 4 -2 0 0 0 1 2 4 5 0 1 -2 12 -12 2 4 -2 4 0 0 0 6 0 -1 2 1 2 -4 4 4 0 4 0 0 -4 0 2 0 0 0 0 0 -4 4 62 -2 0 8 0 0 0 4 0 0 0 2 -1 -4 4 0 0 0 0 -1 4 0 0 -4 0 -2 4 0 0 1 2 0 0 0 0 -8 0 -8 -1 0 0 -4 0 -4 0 0 -1 -4 0 -4 4 -2 0 4 -4
0 -1 0 -2 1 0 -3 0 4 0 3 -8 4 0 -2 0 -4 0 0 0 -2 0 -2 4 1 -1 0 4 -1 0 -4 0 -4 -4 0 -8 0 -4 0 -2 0 0 -4 0 0 0 6 0 0 2 -1 0 2 1 -2 0 0 -2 -2 0 2 0 -2 6 2 -2 0 0 4 0 0 -5 0 -8 -2 5 0 -4 0 2 -8 -1 -1 -2 2 0 -2 0 4 4 -4 0 -4 0 0 0 0 10 0 0 -4 0 4 0 2 0 0 2 0 -2 0 0 -3 0 2 0 0 -6 0 0 1 0 4 2 4 -4 0 0 0 4 0 -2 0 0 4 0 -2 8 0 0 0 4 0 0 0 0 0 0 0 2 -2 2 -4 -4 0 4 0 -1 0 2 0 0 0 6 0 -2 2 0 -1 0 0 1 0 4 0 0 1 0 0 0 5 3 -1 0 10 -1 0 -1 5 6 0 2 -4 -4 0 4 -1 1 -1 0 0 4 0 1 0 0 2 -2 2 0 -4 0 4 -2 2 0 2 -2 0 -2 0 8 4 0 0 0 0 8 2 2 0 -3 0 0 0 2 0 1 -6 0 4 14 6 -2 2 3 2 2 -4 2 -2 0 -2 5 0 0 2 2 2 0 0 0 0 1 -3 0 -2 0 -4 -8 -4 -2 -2 0 -4 0 -4 0 2 0 -4 0 2 2 0 2 0 6 -6 0 -2 4 3 -4 0 0 0 4 0 2 6 0 1 6 -6 -2 50 0 2 0 -4 2 -2 0 -2 2 -2 0 -4 6 0 4 0 -2 -3 0 0 0 0 0 3 0 4 0 2 0 -2 0 2 6 0 0 0 0 0 -4 0 -1 -4 0 0 0 0 0 0 4 0 0 0 0
-2 4 -2 2 1 0 -6 -5 0 3 0 0 -8 0 0 0 0 0 0 0 0 0 -2 0 -1 0 0 0 -4 0 -2 -4 -2 0 0 0 0 4 0 0 0 0 0 -2 0 0 2 -4 -3 5 0 -6 0 1 0 0 0 0 0 0 0 -2 -1 2 0 -3 0 4 0 -2 4 0 -2 -8 0 2 0 0 0 -1 -2 -2 -2 2 0 4 0 -2 0 -2 0 0 0 -2 0 0 -2 0 0 0 2 0 -1 0 0 -1 0 -4 0 0 4 4 0 0 0 2 -2 0 0 0 -2 0 -3 0 3 2 2 4 -4 0 0 0 3 0 -2 0 0 0 -2 0 2 3 0 -4 0 0 -1 2 -2 0 2 -1 0 -4 0 0 0 -4 2 0 0 0 0 2 0 0 0 -4 0 0 0 0 4 -2 -2 2 0 0 4 0 0 0 2 0 2 -2 0 -2 0 4 0 0 0 -6 2 0 -4 0 -2 -2 -2 0 0 7 -2 0 1 0 1 -5 1 0 0 0 -2 0 0 -4 4 0 0 0 -2 0 0 0 0 0 0 2 0 0 0 4 0 0 0 0 0 0 -4 0 -2 -2 -4 0 0 0 0 3 2 4 4 0 2 0 0 -4 0 4 0 0 0 2 4 0 0 0 -2 0 1 5 2 0 0 0 2 0 0 0 0 0 1 0 2 -4 -1 2 -2 2 4 0 -4 -2 0 0 -3 0 0 0 -2 3 0 -4 1 0 0 35 0 -4 0 0 0 0 0 0 2 0 0 -2 2 1 0 -4 -2 0 0 0 0 0 -4 1 0 2 -6 -2 0 0 -2 0 0 2 0 2 0 1 2 3 0 0 0 -2 0 0 -2 0 -4 0 2 0
0 0 0 0 2 -2 6 4 0 -1 0 -2 4 0 0 0 -2 0 4 0 -3 3 0 0 2 0 1 0 -2 -4 -2 0 2 -4 0 -2 2 0 0 -1 0 1 -2 0 4 4 0 0 0 0 -2 0 4 6 0 0 0 0 -4 0 0 -4 0 0 8 2 0 4 4 -5 -6 0 4 2 2 2 0 5 0 6 0 0 0 -2 0 -1 0 0 2 1 0 4 0 6 0 -2 0 0 4 0 -4 2 -1 0 0 2 6 2 0 0 6 0 0 -5 0 -2 2 6 0 2 0 8 0 -6 1 -2 0 0 0 0 4 2 0 -4 0 0 8 -4 1 -2 -2 2 -2 0 0 -4 4 6 4 0 0 0 0 1 2 2 0 0 -2 0 -5 0 0 -10 -2 0 8 2 0 2 0 2 0 4 2 2 0 0 4 0 0 4 2 0 2 0 4 0 -2 4 0 0 1 4 0 0 6 2 -4 3 0 0 0 0 0 0 -2 0 -4 2 0 2 0 0 0 0 4 2 0 8 -2 8 -1 -4 0 0 0 9 2 4 -2 2 0 -4 0 2 2 -4 2 0 -6 0 0 -4 0 2 -2 4 0 0 0 0 0 0 -3 -2 0 0 -2 0 0 0 -4 0 0 -3 2 0 -4 0 0 1 2 -2 6 4 0 -2 0 0 -4 0 4 1 -2 1 8 0 0 0 -2 0 0 0 4 0 2 -4 0 0 4 0 0 0 4 8 2 0 53 0 0 0 2 4 0 0 -8 0 -2 4 -4 -2 0 -4 1 0 4 -4 0 0 0 0 -2 -2 0 2 -2 0 0 8 4 0 0 4 0 0 0 2 0 -4 1 0 -4 -2 0 -4 0 0 2 0
0 0 0 -2 4 0 1 0 0 0 0 0 -3 -3 -4 1 0 0 -4 1 -2 -4 0 -2 1 0 0 2 6 0 0 -4 0 8 2 2 4 -4 0 2 0 4 -2 0 0 0 4 1 -1 -2 5 2 -4 2 0 0 0 0 2 0 -2 0 -1 0 0 0 -4 0 2 4 -4 0 1 4 0 0 0 0 1 -6 0 0 1 -4 0 2 5 2 -2 0 -2 -7 0 -1 1 0 0 -2 1 0 -2 1 -4 0 0 -2 2 0 -4 0 -4 5 0 0 0 0 1 4 4 6 0 4 -2 0 -4 0 3 2 2 0 0 2 4 0 2 0 0 -2 0 0 2 0 4 2 4 0 0 -1 0 0 -2 -1 2 -2 -2 2 -4 0 2 -2 4 -6 2 0 2 2 2 4 4 1 0 10 -1 0 6 0 0 4 4 -4 0 0 -1 0 0 1 2 0 0 2 4 -2 2 0 0 6 1 2 2 0 -4 3 -4 2 0 0 0 0 0 1 4 6 -6 -1 2 4 0 0 2 0 -6 0 0 0 -4 0 -4 0 2 -2 -6 0 0 -1 0 0 0 2 0 1 4 4 0 -1 0 8 7 0 0 0 0 -1 -6 0 2 0 -8 2 0 2 4 0 0 2 2 5 0 0 -6 -2 -2 -1 0 -4 0 0 0 4 -6 5 0 -4 0 0 -2 2 0 0 -2 0 0 -2 2 2 0 0 -2 4 0 0 0 -1 -4 0 0 0 0 -4 0 50 0 0 0 4 -1 0 0 0 -1 0 0 4 0 2 -2 -2 -2 0 0 0 4 -4 0 6 2 0 3 0 4 -6 -1 0 2 -1 0 2 0 2 0 0 6 0 0 -4 0 1 4 4 0 -2
2 0 0 6 -4 1 4 -4 -4 -2 0 -4 0 -2 -4 0 -2 0 0 4 -1 -4 -1 -1 2 4 2 -4 -2 0 0 2 -6 -4 4 -2 0 0 0 -2 -2 0 5 -6 -2 0 4 -4 0 0 1 0 4 0 0 4 -2 4 0 0 0 0 -2 0 3 -2 4 0 0 0 2 0 -8 4 0 0 -4 -4 0 -2 0 0 7 -2 -4 0 -1 -2 0 0 -2 -2 -4 0 2 -4 -1 0 -1 0 0 4 0 0 0 0 2 4 0 1 4 2 0 0 0 0 0 0 2 -8 4 2 0 0 2 4 3 4 -6 0 0 0 0 -3 2 0 -2 0 0 2 0 2 0 -1 0 0 6 0 8 9 -2 0 0 0 0 -1 4 4 0 -4 1 6 2 -8 4 2 0 4 0 -2 -1 4 -4 0 0 0 2 2 0 0 0 0 0 -6 -2 7 0 0 0 -2 0 0 0 6 -2 4 0 -2 0 0 -2 0 0 0 0 2 3 6 2 3 0 4 -4 0 0 -2 -4 0 0 -4 0 1 -1 0 -5 1 -4 0 -2 0 0 -1 4 2 -2 0 0 0 0 -2 4 0 0 1 0 2 1 -2 0 -1 4 0 0 0 8 -4 4 0 0 0 2 0 1 3 0 -4 -4 3 0 0 -2 0 0 -4 2 -9 4 -2 -4 -1 0 2 2 0 2 1 0 0 -6 4 4 0 2 0 4 0 -2 0 4 0 -4 0 0 0 0 0 -4 0 0 0 51 -4 0 -1 0 -2 0 0 2 -6 -4 0 -2 0 0 0 4 0 2 2 0 2 0 -1 2 -12 0 0 0 0 -4 0 2 -3 2 0 0 -2 0 0 0 0 0 0 2 2 4 -6 -1 -2
-4 -4 1 -2 5 4 -2 -1 2 -2 2 -4 4 0 0 6 1 -2 0 -1 -2 6 0 -4 2 -4 -2 0 -4 0 4 0 0 -1 -2 0 2 4 1 2 -2 -1 0 2 1 0 2 0 0 0 0 1 4 2 4 2 -1 -1 -2 0 7 2 6 0 2 0 0 -4 -4 2 0 4 0 0 -4 0 0 0 0 0 4 4 0 0 0 -4 0 2 1 0 0 0 7 -4 0 -2 -2 6 0 0 -2 -4 2 0 1 -4 0 -4 0 0 0 4 -5 -3 4 0 4 2 0 0 2 -2 -2 4 2 0 2 0 0 -10 -8 0 -6 0 0 0 8 5 0 11 2 4 1 0 0 2 0 0 4 0 0 0 1 1 1 -4 -4 4 -4 -6 -2 0 2 4 0 -2 -2 0 1 0 0 2 0 4 -4 3 4 0 0 1 0 0 -2 2 -1 -4 0 2 0 3 4 0 -6 -4 0 -1 0 6 0 0 4 2 0 0 -2 0 0 0 0 0 -2 5 2 0 2 0 1 -4 2 0 2 0 0 -1 4 0 -1 0 4 0 0 -3 0 0 0 0 0 -1 -4 4 2 0 2 4 0 0 0 1 4 4 0 -4 -5 0 0 4 0 -4 0 -2 2 0 -2 2 -2 4 2 4 4 2 -2 -4 -4 0 -4 6 0 -2 6 4 0 0 4 6 2 0 8 0 8 0 2 -1 -4 -4 0 0 -4 0 -4 0 0 0 0 0 -2 0 2 0 0 0 -4 54 0 0 0 4 0 4 0 -4 2 -4 0 -3 0 -1 -4 0 0 -6 -3 0 -4 6 0 4 -4 -4 -4 0 -2 4 0 0 0 -4 0 -4 0 4 4 0 0 -4 -1 -4 -2 0 0 -1
4 0 0 0 -4 0 -4 -2 -2 2 0 0 4 0 2 0 -2 0 -1 0 1 4 4 -2 0 -2 4 0 6 0 -3 0 2 0 0 -3 0 0 -3 0 0 0 0 -3 -2 -4 0 0 0 0 -1 -2 1 0 4 -2 0 0 0 0 0 2 2 4 2 0 0 0 -1 -3 0 0 0 3 -1 2 0 0 0 2 0 0 -8 -4 0 0 0 2 3 -4 0 4 -2 0 4 4 0 2 2 0 0 0 2 0 -2 -1 0 4 -4 0 0 -4 0 0 0 0 4 0 0 0 -6 -4 2 1 0 0 0 0 0 -6 4 4 1 -6 -4 0 0 7 0 -6 2 0 0 2 0 4 0 -1 0 0 0 0 0 -4 0 2 -2 4 -4 0 0 2 8 -3 0 0 -6 0 0 1 0 0 0 0 -6 0 0 0 0 0 0 0 0 4 5 2 8 0 -4 0 0 0 -3 4 2 0 2 -4 2 2 0 -1 0 0 3 -4 -2 0 0 0 -6 0 2 0 0 0 0 -2 0 0 0 0 0 0 0 0 0 0 0 0 -2 0 0 -6 0 -2 0 0 2 4 -4 0 0 6 -2 -3 4 0 -4 0 -1 0 0 0 0 -4 0 3 0 2 0 0 4 0 0 2 3 -2 0 -2 7 0 6 2 0 0 -4 1 4 0 4 0 0 -2 0 2 5 0 4 0 5 3 -4 0 0 0 6 2 0 0 -2 4 0 -2 2 4 -2 0 2 0 0 0 47 0 0 4 -2 2 -2 0 0 -1 0 0 0 3 0 -1 -1 2 -4 0 2 0 0 0 -2 0 0 -4 0 0 0 0 0 0 0 2 0 0 6 0 0 4 0 -2 0 0 -4 0
-4 -2 3 0 0 4 4 4 -2 2 -2 0 0 0 4 0 2 -2 0 4 -2 0 0 -6 -4 2 -2 0 -6 -2 0 0 0 2 2 0 6 0 0 0 0 4 0 0 3 -8 0 -4 0 6 3 4 -2 0 2 -2 4 0 -3 0 0 0 2 0 6 2 -2 0 0 0 0 -4 -4 0 0 -2 0 2 0 0 0 0 0 2 0 0 1 0 0 0 2 2 4 0 0 -2 0 0 0 0 0 0 1 0 0 0 0 2 0 0 -2 -4 -2 0 -2 0 0 -4 0 8 0 2 -4 0 -4 -1 0 0 -4 -2 0 4 0 -2 10 0 2 0 0 -4 6 2 0 4 0 0 0 0 0 0 0 0 4 4 2 1 -2 4 0 0 1 -5 -6 -2 0 0 0 4 2 0 -2 4 0 0 0 0 0 -2 6 4 -4 4 6 0 -1 4 2 0 -1 2 0 -2 10 0 -1 2 8 2 6 0 0 0 -1 0 6 0 5 4 0 -2 0 0 2 0 2 0 4 -2 0 0 -2 0 0 0 4 4 0 0 0 2 0 0 4 2 0 4 0 8 0 2 0 0 4 -2 0 0 -4 -2 0 4 0 10 4 4 2 0 0 0 0 -4 4 2 -1 -2 0 4 6 0 0 -2 0 -4 2 0 0 1 0 0 0 1 -4 0 0 0 6 -1 2 -1 2 0 0 1 2 0 -1 -4 -4 6 4 4 0 0 4 -2 0 0 0 0 4 4 -1 0 0 60 0 4 -4 0 -5 2 2 0 -2 1 4 -4 2 4 -1 -4 10 -2 0 -4 4 0 1 0 -1 4 0 0 4 4 -2 0 0 4 0 -2 5 -4 0 -4 0 -2 0 8 0 4
0 0 4 0 -4 -2 0 0 -2 0 0 0 0 0 5 3 -4 -4 0 0 1 0 0 4 0 0 -4 4 0 0 1 2 2 0 0 0 0 2 0 0 0 0 0 0 0 0 0 0 0 -4 2 0 0 4 2 0 -2 0 0 6 4 0 0 -2 0 2 -2 -2 0 0 0 0 1 1 0 0 0 0 0 0 0 0 0 1 -4 0 6 0 1 0 4 0 -4 0 -1 6 0 -3 3 0 0 0 -2 0 0 0 0 1 0 1 2 3 0 2 0 0 -1 0 0 0 -1 -4 1 -4 0 0 1 0 0 0 0 0 0 0 2 -6 6 0 0 0 1 0 4 0 0 1 0 2 1 2 -4 -1 0 0 0 0 0 0 0 0 0 0 0 2 0 0 4 2 4 1 0 -4 2 0 0 0 4 0 0 0 0 -2 0 0 6 0 -2 2 -1 4 0 -1 0 0 0 -4 0 0 2 0 0 -3 4 -2 0 -2 0 -2 4 0 0 0 -2 0 -2 0 0 0 4 1 -1 0 -5 0 0 0 0 0 4 -2 -2 0 2 4 0 -3 -4 2 0 4 0 -6 1 0 0 0 -9 2 0 -3 0 2 0 -6 2 -8 0 -4 -5 0 0 -2 4 0 0 -2 0 0 2 4 0 -8 -3 0 -2 0 4 0 -2 0 0 -2 0 0 0 0 0 2 2 -2 0 4 0 -1 2 0 4 -5 0 2 -2 -2 -6 0 2 0 -2 0 0 -1 0 0 0 0 34 -1 0 2 -5 4 -4 0 0 0 4 0 0 -4 0 1 0 2 0 4 0 0 -4 2 -1 -2 2 -4 0 -1 0 2 0 -6 0 0 0 4 -2 6 0 2 -4 0 0 0
2 -6 2 -1 6 4 0 0 6 4 -1 0 0 0 -1 0 0 8 4 0 -1 0 4 -8 0 0 4 -2 0 0 0 0 0 0 -2 0 1 -2 0 0 4 0 2 0 0 4 -2 -2 0 4 2 -2 0 -2 0 0 -2 0 2 -2 0 0 4 6 4 4 -4 0 -2 0 0 0 0 2 0 2 2 3 1 0 4 -1 -2 -2 1 0 0 0 4 5 1 -2 4 1 4 -2 -4 3 0 0 -7 0 2 0 2 0 0 4 -3 4 0 2 0 4 0 0 -2 5 0 7 2 5 0 2 2 0 0 0 0 0 -2 -3 0 -1 -2 0 0 3 2 2 0 0 4 1 0 0 -2 -1 -1 1 4 0 2 -2 0 0 2 2 0 0 -8 0 4 2 1 2 -2 0 3 0 -2 4 -1 0 0 -4 -2 -2 0 0 0 4 5 1 0 1 4 2 2 -2 0 -2 -2 1 2 0 8 -8 4 1 2 2 4 -2 0 4 2 2 -4 2 -2 -2 3 3 2 -1 2 0 0 1 0 1 8 0 0 4 3 0 -3 4 -1 2 -2 2 -2 5 0 -2 1 1 2 -4 0 0 0 0 5 -1 -2 -2 4 0 4 4 -3 -4 3 0 1 -2 6 2 -4 0 -4 2 0 4 2 4 3 2 -3 8 0 1 0 -2 1 -2 1 1 -2 -4 0 1 0 2 4 1 1 2 1 -2 0 0 -3 10 -1 0 2 4 2 2 -2 0 2 0 0 0 -2 4 4 4 -1 51 -2 8 -1 4 0 -6 0 0 0 0 1 2 0 -2 -3 -2 0 -2 0 -2 0 -2 4 0 1 -4 0 0 0 -2 0 -4 3 3 4 3 4 2 0 4 2 0 0 0
2 2 -2 0 0 0 -4 -2 2 -3 -2 0 -3 0 3 0 -1 0 0 0 0 0 -2 3 0 4 0 0 0 2 0 -4 0 0 1 1 0 2 4 0 -4 0 0 -1 2 2 0 2 0 8 3 1 0 -3 0 0 2 0 0 -4 0 0 -2 2 0 -1 0 0 2 1 0 2 -4 6 0 -2 -2 0 0 6 -2 0 0 0 -2 3 0 1 -4 0 2 -1 0 -2 0 0 -1 -6 -2 0 1 0 0 2 -3 -4 0 0 -2 0 -8 1 2 4 4 0 -2 -4 0 -4 2 0 0 0 1 0 0 6 0 2 -12 -4 -2 -4 3 0 0 2 -2 0 0 -2 -2 0 0 2 -2 -2 0 0 0 0 0 -4 0 0 -6 0 4 0 2 0 2 3 0 -1 -3 0 1 0 0 0 0 -4 -2 -2 0 0 -1 0 -2 0 0 0 -4 -6 -2 0 2 0 -4 2 0 6 1 0 0 4 -2 3 0 0 2 0 0 0 -4 1 -2 0 0 -1 0 2 0 0 -3 -1 2 0 1 0 0 0 -4 0 -2 0 -4 -6 0 0 0 0 0 0 -1 6 2 0 4 0 0 4 0 1 0 0 0 0 0 -2 2 4 0 0 0 0 1 0 -2 -1 1 0 0 1 0 0 -6 -2 -4 0 0 2 0 0 0 2 0 2 0 3 4 -2 1 2 0 3 4 0 0 -2 2 0 0 4 0 -2 0 -1 -3 -2 -8 -1 -3 2 -2 2 -8 0 0 0 -2 -4 0 -2 47 1 0 -5 0 2 2 -2 -4 0 0 -1 0 1 -4 1 3 4 0 0 2 0 1 -8 0 1 -4 0 0 -1 4 -4 0 4 1 0 2 14 0 0 0 0 2 4
0 2 -6 0 3 -2 -1 -4 0 -3 -2 0 0 0 -1 0 4 2 -3 -4 0 0 0 -4 0 2 -2 6 2 6 0 -4 -4 -6 0 -1 0 -3 0 0 0 -2 0 0 2 0 0 -4 0 0 0 1 0 -6 0 0 2 0 0 0 0 -1 -2 4 -2 4 2 0 -2 -3 0 2 0 -4 0 2 0 0 0 2 0 2 -6 -2 -8 0 0 -7 2 0 0 0 0 2 3 -2 0 6 -4 0 -6 1 2 2 -1 -2 -4 -9 -1 -1 -4 0 0 2 -2 -4 2 0 3 -4 -4 4 -2 6 4 -2 -4 -4 6 0 -2 0 -2 0 2 4 6 -2 0 8 -4 0 4 -1 0 4 0 0 -6 0 0 0 0 0 -1 -4 1 -2 0 0 0 2 5 6 0 -2 -2 0 2 -2 0 0 -4 0 -5 0 0 0 0 -2 0 0 2 6 0 4 9 2 2 2 2 0 0 2 1 0 -2 0 0 2 0 0 6 -2 -2 2 2 2 0 0 0 -1 0 -2 -1 0 3 -4 6 0 0 2 0 2 0 -2 0 6 0 -4 -6 0 5 0 0 -1 -1 0 0 1 0 -8 -2 0 0 0 1 0 0 0 -4 -2 -4 2 0 -6 -2 -1 4 0 2 6 4 0 -3 8 -1 0 0 1 4 -2 -2 2 -4 0 0 0 4 -4 4 0 0 -3 2 0 -1 0 0 4 -4 2 4 0 -4 0 0 -1 4 -3 0 4 0 0 0 -1 0 0 0 0 0 4 2 0 2 8 1 64 2 2 0 0 0 0 -1 0 -4 0 -6 -4 -2 0 2 -4 -1 -4 3 -2 4 0 0 -4 4 0 0 0 0 6 6 0 -2 1 2 8 2 4 0 0 0 6
-2 -4 0 0 -2 1 2 -1 6 0 0 0 3 0 0 0 0 0 0 0 0 0 2 0 1 2 -2 -4 0 2 0 1 -4 -2 2 0 2 0 -2 1 -1 0 4 0 -1 6 0 5 0 4 -4 0 0 -1 -2 -2 0 -2 0 -4 -4 0 -1 0 10 0 2 5 2 4 2 -2 0 1 2 -4 2 0 -1 2 -2 2 -1 0 0 0 1 -2 2 0 4 0 0 -1 -2 3 0 -2 4 0 4 -4 0 0 0 2 -4 0 4 -1 0 6 -2 0 0 0 4 1 0 -1 4 4 1 0 0 3 -2 0 8 1 0 -1 0 2 -2 2 -6 0 -2 0 -3 -5 5 0 4 0 2 -4 -1 0 -2 0 0 4 -4 -4 0 0 0 0 2 -3 -4 -4 0 0 0 0 0 -2 0 0 0 0 2 0 4 2 0 -1 -4 2 0 4 0 0 8 -1 1 0 0 2 0 1 0 -2 0 -6 2 2 4 -2 2 0 0 2 1 4 1 3 0 2 0 0 0 0 4 0 0 -1 1 -2 4 0 -2 0 1 2 0 -2 2 -2 0 0 4 2 0 -1 1 0 0 0 1 0 6 0 4 -6 0 -5 -1 0 -1 4 -2 8 4 4 6 6 -4 0 0 0 3 4 0 0 0 4 1 1 0 -8 4 0 0 -1 0 0 0 0 4 -2 0 0 0 -4 0 2 0 3 0 0 -2 0 -3 -3 0 0 6 1 -2 0 1 -4 -4 0 -2 -1 2 0 -2 -5 -5 -1 0 2 42 0 0 -4 0 0 -4 0 -2 0 2 -2 -6 2 0 4 0 2 2 0 -1 0 0 0 -8 -1 1 1 -2 0 0 2 -5 0 0 0 0 0 8 0 0 0
2 2 8 -8 0 0 -6 0 0 0 2 2 10 0 2 0 4 -4 0 0 2 -2 6 0 4 3 0 0 2 4 -4 0 4 10 -1 2 0 -10 0 -2 1 0 0 4 0 2 0 1 0 2 0 2 0 1 2 4 -2 0 0 4 0 -4 2 -6 8 2 -4 4 0 0 -2 -4 4 -2 0 2 0 0 0 6 0 -2 0 6 0 2 2 1 2 0 7 -1 0 0 0 0 -2 1 0 -1 0 2 4 -4 0 6 4 -4 4 4 0 0 0 2 0 0 4 -9 -4 0 14 0 4 0 -5 0 0 0 4 0 -4 4 0 -4 0 0 -2 2 0 4 0 2 5 0 0 -5 1 0 -3 2 -2 -1 4 2 0 6 0 4 0 4 -4 -4 0 -3 0 -6 4 -8 4 2 1 -2 -6 -3 -2 0 2 -4 0 0 -4 4 -4 4 4 -2 -4 6 0 0 -2 -4 0 6 -6 2 -5 6 -8 0 0 0 2 -2 0 2 2 2 -4 -8 -2 -1 0 0 4 0 0 8 4 0 0 10 0 -4 0 0 -2 0 -2 0 2 8 -2 0 8 -4 2 0 2 2 -2 -4 0 0 4 0 0 8 0 0 0 -4 -6 2 0 4 -2 4 -7 0 -2 5 0 -4 2 4 0 2 -2 2 0 4 -2 0 4 -2 0 4 0 2 -2 0 2 6 0 -2 0 -1 -8 0 -2 0 4 -2 0 -3 0 2 0 -4 0 0 -4 1 -4 4 6 -2 4 0 -6 -4 0 2 4 4 -5 2 0 66 -1 0 -4 2 -4 0 0 4 -2 5 4 0 -2 0 0 8 2 0 4 8 4 -6 0 4 0 2 0 2 0 -2 0 -4 0 0 -2 8 -2 0 0 0
3 0 -4 -3 0 -2 0 -2 8 -1 -1 7 0 0 -2 0 1 0 0 -5 -2 2 0 1 -1 -3 1 0 0 0 4 0 1 -4 0 -1 -2 4 0 -2 0 0 0 0 0 -4 -5 -2 0 0 2 2 0 0 3 1 6 0 2 -2 2 0 0 4 0 4 4 0 -6 2 -6 -4 3 -2 -2 -2 0 0 -2 0 4 -6 0 -2 0 2 2 0 0 2 0 -1 5 -4 -2 0 -2 12 0 0 0 4 0 0 2 0 0 2 4 0 -4 -4 2 -2 2 -1 -2 2 0 1 0 0 0 -4 0 0 -4 -4 6 4 0 0 0 0 0 7 -18 -6 0 3 -2 6 0 0 -2 -3 -2 0 -4 -4 0 0 0 2 0 -8 0 0 0 -4 0 0 0 0 -2 0 6 0 0 3 0 -2 -8 0 0 2 2 -4 0 -2 0 2 -2 0 -2 -4 -2 0 -6 -1 2 2 0 0 0 2 0 0 2 4 -2 3 2 -4 1 -6 0 0 0 0 9 2 1 2 -1 0 4 -1 0 -2 -1 -6 2 6 0 0 0 0 0 2 0 2 -2 0 8 3 0 4 -4 0 -2 0 0 2 0 -8 6 -4 -1 4 0 -2 4 4 2 -1 3 2 -4 2 -3 -3 2 -4 0 2 0 -2 4 0 -2 3 -2 4 -3 0 0 1 0 8 -2 9 2 -4 -2 -2 2 2 4 2 2 -6 0 0 0 -3 -1 4 0 4 4 0 0 0 -4 0 0 2 -4 0 -4 2 0 2 -4 0 0 0 0 -1 69 0 0 2 10 2 -8 0 0 -2 8 0 2 0 0 0 -4 4 0 6 2 2 0 0 -4 6 0 0 4 -9 0 -2 0 -4 -8 -6 4 0 4 0
2 4 -2 -2 0 0 -1 0 -4 -1 -2 -4 4 -1 4 0 0 0 -4 -3 3 0 0 2 1 0 0 0 -2 2 -2 0 -6 0 5 0 4 0 2 4 0 -2 -6 -2 0 0 0 0 0 -2 4 4 -6 0 -1 0 5 0 0 2 -1 4 4 2 0 -2 -4 4 0 -2 6 0 0 1 0 4 -1 0 6 -4 0 0 8 4 -6 0 6 -2 0 0 4 0 -4 0 6 0 4 2 1 -2 -4 -2 -3 0 4 8 0 0 -4 -2 0 0 -5 -2 6 4 1 -1 -1 0 -4 4 2 0 -1 0 2 6 4 -2 -2 0 0 0 -6 2 -1 -6 -4 2 0 0 4 -4 0 6 -5 0 -2 0 2 2 0 4 4 -8 4 0 -4 0 0 4 0 4 2 0 -2 0 0 -4 -2 0 -6 2 0 -2 -2 0 -2 -6 8 0 0 0 4 -2 -4 -2 -4 0 0 4 -4 -2 -2 0 -2 2 4 -1 4 4 0 -2 -4 -2 -6 -6 4 0 4 1 0 2 -2 0 0 4 4 -4 -5 -4 0 -2 0 -4 0 4 -4 4 -2 0 0 -2 0 0 -1 6 0 2 2 9 2 4 0 0 2 -2 -4 -4 0 0 -3 1 6 -4 -2 -3 4 4 4 4 1 4 1 4 -2 -6 0 2 -2 -2 -6 0 2 0 0 -1 -2 0 4 0 0 0 0 0 -1 0 2 4 -2 -4 0 -5 0 -4 4 2 -2 0 2 -2 -1 0 0 0 4 1 -2 4 0 -4 -1 0 0 -6 2 0 -4 0 0 63 0 2 0 -8 0 2 -2 -2 2 0 0 2 -4 0 0 1 2 1 0 -4 8 0 -1 2 4 4 -4 -2 -4 0 0 5 -6 -1 -4 0 2 0
2 0 0 0 0 0 2 2 0 -1 0 0 2 0 0 0 0 0 0 0 4 0 4 0 0 4 1 0 0 0 0 0 -2 0 -4 0 0 4 0 0 0 0 0 -6 -1 0 0 2 0 -2 0 0 0 0 -2 -2 0 4 0 -2 0 0 -4 4 -4 -2 0 0 0 -4 0 0 0 0 0 4 3 0 0 0 -2 0 4 0 0 2 0 2 0 0 0 0 0 0 0 -4 -2 0 0 0 0 0 1 0 0 0 0 0 -4 -2 0 0 1 0 0 0 0 0 0 -4 0 -2 0 0 0 -4 0 0 2 1 0 0 0 1 2 0 0 0 0 0 -1 0 0 0 0 -4 0 0 4 -2 0 0 0 0 0 2 -2 4 -2 0 8 0 10 -1 0 0 0 0 0 4 -1 0 0 -2 -4 -1 0 1 0 0 0 -2 -2 0 1 0 0 2 -4 -1 4 0 0 0 0 -6 0 0 0 0 0 0 -4 0 0 1 0 -4 0 -1 0 -2 0 -2 0 0 0 -4 0 0 -2 0 0 2 -2 0 2 0 0 0 -4 0 -4 -1 0 2 0 0 0 0 0 0 0 4 0 0 2 0 0 6 -4 3 6 0 0 0 0 -1 4 1 0 0 0 -2 0 4 0 -1 0 0 0 4 4 0 0 4 0 0 0 0 0 0 -4 -4 4 0 2 -3 -2 0 0 0 0 0 -4 0 0 0 -2 0 0 0 0 -2 0 0 0 0 0 0 -2 0 0 -2 0 0 2 0 0 -4 0 0 24 1 0 0 0 0 9 0 0 0 0 0 1 1 0 -2 -2 0 0 0 -2 0 0 0 0 0 0 0 0 0 -2 0 2 0 0 -4 0 0
4 0 -1 -2 -2 0 -4 -6 0 -2 3 4 -4 -2 0 0 0 2 0 0 0 4 4 0 3 -2 2 0 2 2 0 4 4 -4 1 0 -4 0 0 4 -2 0 -2 0 1 -4 -4 2 0 0 -2 4 0 -4 2 2 2 0 -3 0 -5 0 2 4 2 2 0 0 -1 0 0 -4 2 1 4 -6 -2 -1 0 1 0 -2 0 0 0 0 0 2 0 4 0 4 -2 0 0 -2 0 0 0 0 0 0 1 0 0 0 0 0 0 -2 8 0 0 -2 -6 2 -2 6 2 2 0 -4 -4 0 -2 0 -4 0 6 -2 -4 0 -4 -2 -6 -2 -4 0 0 4 0 -2 4 0 0 2 2 0 0 0 0 -2 0 0 -1 0 2 2 0 0 7 -6 0 -8 2 6 1 0 0 2 -4 0 -3 -2 2 -2 0 -4 2 -3 0 2 -2 0 0 1 0 4 0 0 0 -2 5 -1 1 0 2 0 2 4 0 0 0 0 0 0 -2 2 0 0 0 -1 -2 0 4 0 0 4 0 -8 0 4 0 0 -2 0 -1 0 4 0 0 -2 0 -2 0 4 0 0 0 0 6 0 -4 6 0 -4 0 0 0 -4 0 -2 0 0 0 0 1 4 2 0 0 0 2 -10 -4 0 0 0 2 5 5 0 0 0 -2 0 -4 -2 1 4 1 0 -6 0 8 0 2 -1 0 0 -1 -2 -2 0 -4 0 -1 2 0 2 -6 0 0 -2 4 0 -2 -4 -4 2 0 -3 0 1 0 0 -2 0 0 2 2 2 1 47 4 -4 0 0 1 0 -2 -2 0 0 5 -6 -3 0 1 -4 0 4 1 2 0 0 -4 0 0 0 6 2 0 4 0 2 -2 0 0 0
0 2 -2 8 1 0 0 0 0 0 6 0 6 2 -2 0 -2 -1 0 -4 0 -2 0 2 -1 -2 0 0 2 2 -4 0 -2 6 4 8 2 6 -2 -4 0 -4 12 -2 4 -4 0 -3 0 -2 8 1 -4 1 2 4 4 0 0 0 0 -2 0 0 -4 2 0 0 0 -1 -2 1 4 0 2 -2 4 0 -4 0 0 10 -2 5 -4 -4 -2 2 3 2 4 4 0 0 0 4 4 -2 4 -2 -2 6 1 0 8 2 -2 8 2 1 0 -4 0 1 -2 0 1 -2 0 2 -2 4 0 -2 -2 -4 2 2 0 0 4 0 2 2 -4 -4 2 -9 1 2 0 0 4 2 -4 0 0 0 0 0 0 0 0 0 1 -2 0 2 2 0 2 0 -6 -4 -2 8 0 0 4 0 0 4 0 0 0 -2 -4 -2 0 -2 1 0 0 0 -4 2 0 0 0 0 2 0 0 5 0 -2 1 0 0 2 1 0 0 6 0 4 2 2 2 4 0 0 0 -2 -3 4 -4 0 0 0 0 -2 6 2 -12 0 -2 4 4 -4 -4 2 -2 2 -4 -1 0 -4 0 0 0 -4 -4 0 0 0 -5 0 0 4 0 6 0 0 0 0 1 0 -6 -6 0 -2 0 0 0 -6 -1 4 0 8 4 3 0 8 0 2 2 -4 2 -4 -6 8 0 2 6 -4 -1 -8 0 0 4 -3 1 0 0 6 0 0 0 4 0 0 0 -4 0 -1 -3 -2 1 -2 0 0 0 4 4 0 -4 -1 -4 -4 10 0 0 4 71 2 0 0 -4 -4 4 0 0 0 -5 -2 -1 1 0 4 4 0 0 4 4 0 0 -3 -4 0 0 -4 2 0 -4 -4 2 0 0 4
10 0 0 2 0 0 0 -1 -4 0 2 0 2 0 2 0 -4 4 0 0 1 -2 4 4 0 0 0 -4 0 0 7 2 4 -1 1 3 0 2 2 0 -2 8 0 1 0 0 -4 0 -2 -4 6 5 0 0 6 -8 -2 0 4 -1 0 0 4 0 0 2 4 -4 0 -1 0 -4 -1 6 -4 -2 0 0 -2 0 -2 0 -8 0 0 0 -4 0 0 0 0 4 -6 0 -4 6 0 0 6 2 0 2 6 -2 -4 0 0 0 2 -4 -2 4 12 7 4 0 0 4 0 2 0 6 -4 -2 2 0 -2 0 -4 0 0 0 -6 0 0 2 0 -2 0 2 0 -4 -1 2 3 4 1 6 -4 0 -2 -2 -4 -4 0 0 -4 2 1 -5 2 -4 4 1 -2 0 2 4 0 -1 0 0 0 0 5 6 -2 0 2 2 0 0 0 -4 3 2 1 6 0 4 0 0 2 0 2 0 2 2 -4 4 -4 -2 4 0 -9 0 6 3 -2 0 0 8 0 -2 0 -2 0 0 0 4 -2 -4 5 4 0 8 1 5 -2 0 0 -3 2 10 -2 4 -4 -2 4 0 -4 8 10 0 0 0 -3 0 -4 4 0 6 -2 -4 6 0 -11 -3 0 1 -8 0 0 0 2 -8 -1 -4 2 0 0 0 2 1 2 0 0 4 0 0 -5 0 -2 -2 -8 8 -4 4 -1 -4 4 -5 0 -2 0 0 -6 2 0 0 -2 -4 2 0 -4 4 0 0 0 -2 0 -1 3 -4 0 0 0 0 0 0 2 -8 0 -4 2 74 4 -4 -2 1 0 0 -2 -4 4 0 8 0 0 -4 5 3 2 0 0 -4 -4 -2 0 0 0 -4 0 2 2 12 0 2 -1 0
4 0 -2 8 0 6 -4 0 -2 0 -10 0 -2 0 0 0 0 -8 2 4 0 0 0 0 0 0 2 -2 4 0 8 2 0 2 -4 4 4 6 0 0 0 4 2 -2 4 2 0 0 -2 2 2 0 0 2 4 -4 0 0 -2 0 0 0 8 2 0 6 -8 12 -4 -2 0 0 0 2 0 0 0 0 1 0 0 0 0 0 0 0 -4 4 0 2 2 0 0 4 0 -4 0 -2 0 2 0 0 0 0 0 2 0 2 1 0 2 4 -2 4 0 0 0 4 0 0 0 4 0 0 0 0 0 4 -4 0 -4 0 -2 0 4 0 4 0 0 -6 2 2 0 0 0 4 0 -1 4 0 0 0 2 0 2 0 0 0 -4 0 -2 0 2 0 0 4 4 0 0 1 -2 -2 2 -4 0 0 0 6 0 0 0 4 0 0 0 12 2 0 0 0 -2 -4 10 0 2 0 0 -4 0 2 0 0 0 4 0 2 0 0 0 -2 -4 -4 0 0 0 -1 -8 2 0 0 -5 4 0 -2 -2 9 0 4 0 0 -1 0 0 2 4 0 -4 0 4 0 0 -8 -2 3 0 0 4 0 1 0 0 2 0 -4 2 8 0 0 0 -4 0 4 0 0 -2 0 10 5 -2 0 -10 0 0 4 8 0 0 0 -4 0 2 0 0 0 2 5 4 0 2 0 0 0 0 0 2 -6 5 0 -1 4 0 0 6 0 0 0 0 0 4 -2 4 -4 0 2 0 1 0 -4 -2 0 -8 0 0 0 0 4 64 4 0 0 0 0 -3 0 0 0 4 -2 -1 0 5 4 0 1 4 -2 0 -2 4 0 0 2 0 -4 0 0 0 0 0 0
2 1 -2 0 0 -1 2 0 0 -2 -2 0 8 0 0 0 0 -6 0 0 0 -4 3 -6 0 0 0 2 -4 2 0 2 -4 0 0 0 -4 0 4 -2 -2 -2 0 -1 0 0 -2 -4 1 -6 1 0 0 0 0 0 2 -4 0 0 0 -2 0 -2 4 5 -4 0 0 1 0 0 0 4 0 0 2 -2 0 6 1 4 -2 -2 0 -2 0 4 -1 0 0 2 0 0 0 -2 -1 -1 2 -2 2 2 -2 -4 -2 0 2 0 2 0 2 0 -4 0 0 2 -4 -2 -4 6 0 0 -2 8 0 -2 0 0 0 2 2 -4 5 2 0 0 -1 0 1 -2 0 0 0 0 0 4 2 2 0 0 0 0 0 -2 2 1 0 0 0 4 -1 2 2 0 0 0 2 0 0 2 -1 4 2 1 -2 -2 0 2 0 2 0 4 8 0 0 0 0 1 -4 0 0 0 6 0 0 -2 -2 0 2 -2 0 0 0 0 0 0 0 -1 0 0 4 0 0 0 1 0 0 4 4 0 2 2 0 4 0 6 0 -2 -4 -4 4 -2 0 0 4 4 0 -2 8 0 0 4 -4 0 0 0 3 0 0 0 0 0 -2 0 0 0 0 6 0 -2 -5 0 0 0 0 0 -1 4 0 0 0 2 0 -2 0 2 0 0 4 0 -4 2 2 1 2 0 4 0 0 4 1 4 2 5 0 0 0 4 0 0 0 0 4 0 0 0 0 0 -4 0 0 0 -1 4 -4 2 -1 0 0 4 0 2 0 0 0 -4 4 42 2 -2 0 0 4 -4 0 -2 4 4 -2 0 0 0 0 2 0 0 2 0 4 2 -2 2 -2 0 0 2 4 0 -2 0
3 -1 3 0 0 2 8 2 4 0 0 -2 2 0 0 4 2 2 -1 2 -2 2 -4 0 0 2 -3 0 2 7 0 0 4 -4 0 0 0 -2 0 4 0 3 0 -4 0 0 0 0 0 -2 -6 0 -1 -2 0 0 -4 4 0 -4 0 -4 1 0 0 -2 0 0 1 -2 0 0 -3 -1 0 4 4 0 6 4 4 0 4 0 0 0 0 0 -1 -1 2 1 -2 0 -2 -6 -1 -4 -1 2 -1 0 -3 1 -2 -2 0 -2 0 0 0 1 -2 0 4 0 0 -2 -4 0 8 2 4 -4 -2 -3 -2 0 2 0 -4 0 0 0 4 -3 0 0 0 2 0 2 -4 -2 0 -4 0 1 12 2 1 1 2 0 0 2 6 0 0 0 1 2 6 2 0 0 0 0 0 8 0 2 2 4 -4 0 0 1 -2 2 0 0 -2 0 3 1 2 1 -2 0 0 -1 -1 -8 1 -6 -2 -2 0 0 0 0 -8 0 2 0 1 0 0 0 -4 -1 0 0 -4 0 0 0 0 -3 1 -1 0 0 0 -3 4 2 0 0 -6 -1 -2 -1 4 2 0 0 1 4 0 0 4 0 0 0 8 -3 0 4 4 -4 -4 4 2 0 4 0 3 -2 4 -4 -2 0 0 4 0 -1 2 0 -1 2 4 0 0 4 0 -2 -1 0 0 -8 0 -1 0 -4 1 -2 0 0 -2 2 -4 -2 -6 -2 2 0 0 2 -2 -3 0 0 1 -4 0 0 0 0 2 0 -1 -1 0 0 0 -6 2 -2 0 -2 9 1 -4 -2 0 2 46 2 -1 0 0 1 6 -6 -1 2 1 -1 0 -5 6 0 -3 -1 -4 -4 0 1 -4 -2 -4 0 2 5 2 0 2 -1
-1 0 -4 -1 0 0 -2 -4 0 -2 1 -2 -2 0 -4 -2 -1 0 2 0 -2 -2 -2 2 0 2 2 0 -2 0 -4 0 2 -1 1 0 -6 -4 -1 4 0 -1 0 -4 0 -2 2 0 0 2 -2 -3 2 -7 -4 2 1 0 0 0 0 2 -4 0 0 -2 6 -6 4 0 -2 0 0 2 4 2 0 -2 0 0 -4 -3 2 0 -2 2 -2 0 -1 -4 0 -1 0 1 2 4 -2 0 -12 0 0 -1 -1 0 1 0 0 -5 0 4 0 -1 -5 -3 0 0 0 -4 0 -4 -2 0 3 -2 -1 0 0 0 0 -4 0 -2 -1 2 -4 -4 0 -1 0 0 2 0 -1 -1 0 -1 0 0 0 2 -1 1 0 -2 0 5 4 0 -1 4 2 0 4 -5 0 -2 2 -4 -1 4 0 -4 0 1 0 -4 0 0 0 -1 0 -4 0 0 -5 0 -6 -2 -6 0 -2 0 0 4 0 1 -4 0 0 -2 0 0 0 0 0 -4 -2 2 1 -4 -2 0 -4 0 2 0 0 2 -2 2 0 -4 -2 0 4 0 -2 0 2 4 4 0 -2 -2 2 5 0 -1 1 0 2 0 -2 2 0 2 -4 -2 0 4 0 -12 0 0 4 0 2 4 0 0 -5 -5 0 0 -6 -1 -2 1 -2 0 2 -10 2 -2 2 0 0 1 -2 0 4 0 -4 -2 -2 -3 2 0 -4 -6 -6 1 -5 -1 6 0 0 0 0 -4 0 -14 -2 4 0 0 0 0 0 0 2 -6 2 -4 1 -2 1 -4 -2 5 -2 -2 0 0 -4 1 0 -2 2 43 0 0 0 0 0 4 4 -2 0 0 1 0 0 -6 0 0 -3 -1 0 -2 0 0 0 0 1 4 0 0 0 -1
-2 0 -5 -7 8 0 0 4 -2 8 -6 2 10 0 0 -4 2 -2 4 7 2 2 -2 -4 -2 -1 3 0 0 4 0 -2 5 4 2 0 -4 -2 0 0 1 0 -2 0 -2 -4 4 -4 4 0 10 0 0 0 2 4 0 -3 0 0 2 -3 8 -2 -4 0 -6 4 -3 1 2 0 6 0 -2 -2 4 -1 6 -6 0 -2 9 -1 1 -6 -2 4 -7 -1 0 -1 1 4 6 2 6 4 4 0 0 0 0 4 -3 6 0 -2 -2 0 -4 0 0 2 0 0 -6 2 0 4 -4 8 0 9 -4 -2 0 -3 0 4 0 6 0 0 8 0 0 0 4 -3 -2 0 0 -1 -2 -6 0 4 0 4 0 4 6 -4 0 -2 0 0 -2 0 4 3 2 2 1 -12 0 4 4 4 2 -1 -4 2 8 3 1 8 8 4 0 2 2 0 -3 4 -2 -2 0 -1 4 4 2 0 0 -3 -4 0 2 -2 0 -2 2 2 0 -1 4 6 2 2 14 0 0 0 0 0 0 -6 -2 0 4 0 2 1 2 0 2 0 0 0 0 0 0 -8 3 0 4 0 2 -2 -2 8 0 2 2 2 2 3 0 2 6 -4 4 0 1 10 2 0 -6 0 0 4 -4 2 3 2 2 0 -4 1 -2 0 0 -2 0 0 2 0 -4 0 0 -3 1 -8 0 -1 -3 2 2 1 6 -4 14 0 2 2 0 -2 0 0 0 0 5 -2 1 -2 3 -4 0 4 0 -3 -4 10 0 -3 -4 -2 -6 4 8 2 0 -2 4 0 0 0 -1 0 75 -6 0 0 4 -2 0 -2 4 -3 3 0 4 -3 0 2 4 1 -1 -1 2 -4 2 2 4 -4 -4 0 2 0
0 0 -2 -4 0 -4 -2 0 0 1 0 -1 0 0 -4 -2 -1 0 0 0 6 0 -2 0 0 0 0 0 0 0 -1 0 0 -4 4 0 0 2 0 0 0 0 -4 0 0 0 0 -6 0 0 -7 -1 -2 0 -4 4 0 0 -4 -6 0 -2 -2 0 0 0 2 0 2 2 0 -4 -2 2 0 0 -6 0 0 4 0 0 0 6 1 -1 -2 0 0 -2 0 1 -4 2 -2 0 5 0 5 0 2 2 0 2 0 -2 2 2 6 0 -9 -2 0 0 0 2 2 0 0 -4 -2 -2 -2 0 1 4 -2 -4 2 0 -4 0 2 -4 -10 0 0 -4 0 0 0 2 0 0 0 0 3 0 -2 1 0 2 0 0 0 6 0 0 1 0 -4 2 0 -2 0 2 4 0 -4 0 1 4 -3 0 0 2 4 1 -4 0 0 2 0 0 2 0 -10 -3 3 0 0 0 2 4 2 4 0 2 -2 -4 0 4 0 2 0 -4 0 -2 0 0 0 0 0 0 0 0 -4 0 0 2 -1 1 3 0 -3 0 8 0 0 0 0 0 2 0 -10 0 -4 0 0 0 0 0 0 0 0 0 4 -1 0 -2 0 0 4 0 2 0 0 -1 3 0 1 0 0 -2 4 1 -1 2 0 0 2 0 0 0 -4 0 4 2 0 0 0 0 7 0 -4 -2 0 3 -4 4 4 6 0 0 -2 0 0 0 0 0 0 0 1 0 2 4 0 1 0 -4 2 0 0 -2 2 -2 1 0 2 0 0 0 0 -2 0 0 0 0 0 0 -6 39 0 10 0 -1 0 -2 0 0 -4 -2 0 0 0 0 2 0 -2 -4 -4 4 2 8 0 -4 0 0 4 -2
0 0 -2 6 -4 -4 -2 -4 0 0 0 0 8 0 8 2 -4 0 -6 0 2 4 0 0 0 0 0 -1 -2 0 1 -1 -4 -6 -2 0 0 -1 0 0 0 4 -12 1 1 -2 -4 0 0 0 0 0 -4 0 0 -4 2 0 -4 2 0 0 0 -6 4 -1 1 4 5 2 4 -2 0 0 0 8 0 0 -3 2 -4 -2 2 8 -2 2 2 0 0 2 4 2 0 0 0 0 0 0 4 -2 -8 0 8 0 0 -2 -4 0 0 8 4 -14 8 0 0 0 -4 -2 0 -4 0 0 4 -6 4 -4 0 -2 0 8 4 2 -2 0 -1 0 4 2 0 -1 -4 4 -4 0 -2 2 0 -8 0 2 0 -2 1 0 1 0 0 0 -2 2 2 -4 3 5 4 -1 2 0 2 -3 0 0 0 0 -4 0 0 2 0 2 2 4 4 0 0 2 -2 0 1 0 0 -2 0 0 2 0 -1 3 0 -4 -4 0 0 0 0 0 0 1 -6 6 2 0 -6 2 -3 4 0 6 0 0 2 0 0 0 0 -3 0 0 -4 -4 8 0 4 2 0 0 2 2 6 4 0 0 0 -6 0 0 -1 -2 -3 0 -6 0 4 0 0 -2 2 -4 0 -4 0 0 3 -4 -2 0 -2 1 0 -4 2 2 0 3 1 4 0 2 -4 0 -2 -2 0 -6 0 0 -4 0 2 0 4 8 -4 4 -6 0 0 -1 0 -1 0 0 0 2 2 0 4 0 -2 0 0 -4 2 0 0 0 3 2 0 -2 2 0 0 0 0 -2 -3 4 0 0 0 0 61 2 0 -4 3 4 3 0 0 -4 0 -5 0 0 0 0 -4 0 0 0 0 0 0 0 0 0 5 4
0 -5 0 -4 2 -4 0 0 0 -2 4 0 0 0 -4 0 -4 0 0 -6 7 4 0 0 1 0 0 -4 4 0 -2 4 2 0 0 0 0 0 -2 0 0 -5 0 -4 -2 0 4 0 0 0 0 2 0 0 0 0 4 0 -8 0 0 0 1 4 -4 -2 -2 0 0 4 0 -4 6 5 0 0 0 4 2 -4 0 0 -6 4 0 0 8 0 1 1 2 -3 -8 0 1 4 -2 2 7 0 -1 2 4 0 -2 0 0 4 0 0 0 4 4 -2 0 0 0 0 0 -4 -2 0 -8 -6 -2 -6 2 4 4 0 0 -8 4 0 -6 -4 0 8 0 0 2 4 4 2 0 -2 0 0 -4 6 0 2 0 3 0 0 0 0 0 -1 -1 0 0 2 4 0 4 0 0 -2 -4 2 0 4 4 0 6 2 0 0 2 4 -2 0 2 -4 -2 1 2 4 0 0 0 -4 0 0 -6 0 4 -2 4 4 4 2 0 2 0 0 0 -2 -2 -2 0 2 0 0 -8 4 4 4 0 4 0 0 0 0 8 -2 4 -8 -4 2 0 2 0 0 -4 2 -2 -4 6 2 -10 0 4 0 10 -6 0 1 0 -4 0 0 2 4 4 0 0 4 2 0 2 0 4 -2 4 1 0 0 4 -6 0 4 -2 0 4 0 0 2 -2 0 10 3 -4 2 -2 0 2 0 -2 6 0 0 0 0 2 4 -4 -2 2 -2 1 0 0 0 0 2 -2 6 -1 6 0 -4 4 -2 4 -4 4 0 0 2 0 0 0 -4 0 -4 1 0 0 10 2 67 0 0 2 0 -4 -4 0 3 4 -4 0 0 -4 0 -2 -4 6 4 8 4 -4 -2 -3 0 -2 -5
2 -2 0 -2 -1 6 -2 0 0 0 -4 2 6 2 2 4 4 0 0 0 2 0 0 -1 0 1 1 0 0 0 0 0 0 0 -4 0 0 -4 0 4 0 4 -4 0 -1 4 -4 0 2 0 -4 4 0 0 0 0 -2 0 4 -4 0 0 4 0 0 2 0 0 -2 0 0 -4 -2 0 0 0 -2 0 0 0 0 0 0 -1 0 0 2 10 0 0 0 0 -4 0 -4 0 -1 0 0 0 0 0 -6 0 0 0 -4 0 0 -3 -2 2 8 0 6 0 0 0 -4 0 2 0 0 -4 6 0 0 0 2 0 -4 0 0 0 1 2 0 1 0 0 0 0 -12 4 0 0 2 -6 0 2 2 -2 0 0 1 0 0 0 -1 2 4 -2 4 0 0 2 0 6 4 0 -6 -2 2 1 0 0 2 2 0 4 0 0 -2 0 2 0 -8 4 0 -2 0 0 2 0 0 0 0 0 0 0 4 0 0 -2 0 2 2 -2 0 4 0 0 -8 0 0 0 4 0 0 0 0 2 0 -2 0 2 0 8 0 -4 0 0 0 2 0 5 0 4 0 -2 2 0 0 0 4 4 1 -4 0 0 2 2 0 4 0 0 8 0 0 -5 0 4 0 0 -6 -4 1 0 -2 -4 -2 -3 0 0 4 0 0 0 -10 -4 -4 0 0 -2 -2 4 1 -1 2 -1 0 0 4 4 -4 -4 0 0 0 0 -4 2 2 -2 0 1 2 -6 0 2 2 0 0 4 0 0 0 -1 0 0 0 -4 1 5 -5 4 0 0 6 0 4 0 0 0 52 -4 -2 -4 0 0 0 0 -4 0 -2 -2 -4 0 2 0 0 4 0 4 1 2 0 4 -1 -4
0 0 2 0 6 -1 2 4 0 3 3 1 -2 0 0 0 0 -2 2 -2 3 3 0 1 0 -6 -2 0 0 0 0 -4 -2 0 1 0 2 -2 0 2 0 -2 0 -1 1 2 0 0 0 0 3 0 8 -6 -2 -6 4 2 0 0 -2 2 0 0 4 -4 0 2 4 0 0 -1 4 -8 0 0 1 0 -2 0 0 2 0 0 0 3 2 0 2 0 -4 0 0 0 2 1 -2 2 -2 -1 0 -7 1 0 2 0 4 -6 0 0 0 0 0 0 -1 2 4 -4 0 4 4 -1 0 -1 0 2 -3 2 -2 -2 0 -2 -5 -2 4 0 -2 0 0 1 -6 0 -1 0 -1 0 -1 -2 -2 -4 -2 0 0 0 2 2 2 1 0 -1 2 0 -2 -6 0 1 6 -2 -1 2 -1 1 -2 0 3 -6 0 -1 0 0 0 -2 0 0 -4 -2 -2 -2 -1 0 0 1 0 -4 2 -2 0 6 0 0 4 0 4 -4 -1 1 -4 0 0 -4 -1 -1 0 -1 0 3 3 2 -1 1 -4 0 4 0 9 0 -2 -4 2 4 4 6 0 0 0 -2 2 0 -3 2 -8 -1 -2 -2 4 -4 -2 0 6 0 -2 -1 0 0 3 3 -2 -1 0 2 -2 0 1 -2 2 -1 1 0 -2 0 -1 0 0 -4 2 9 0 4 -2 2 -2 0 -1 6 2 2 -2 0 0 0 0 0 0 0 0 -2 8 0 -6 -4 8 -1 -3 0 0 2 0 -2 2 0 -12 4 0 0 0 -2 0 -4 2 8 0 0 1 -6 -2 0 0 -2 -6 4 -2 -1 -4 0 -4 54 2 0 -8 4 1 2 -2 0 1 0 0 2 0 4 0 -4 0 0 -4 0 0 0 0 1
4 -2 1 1 0 -2 5 0 0 -2 4 2 0 0 0 -4 0 -2 6 -4 -4 0 2 3 -1 0 0 0 0 -4 1 4 -4 0 -2 4 0 -3 0 -2 0 0 2 0 -5 2 4 -1 -2 2 4 -2 -2 -4 0 -3 -4 0 0 0 0 0 -2 0 4 0 0 0 -1 0 6 -4 -2 -2 0 -4 -2 2 3 0 2 0 -2 0 0 4 4 0 6 0 0 4 6 0 -2 6 0 0 0 0 4 0 -5 0 8 0 0 -4 2 0 0 0 -4 0 -6 -2 -1 4 0 2 -2 0 4 4 -2 0 -2 0 -1 0 -7 0 6 0 0 0 -2 2 -6 -4 -4 0 0 -6 0 4 -2 -6 0 -2 0 -2 -2 2 -1 0 0 2 0 0 -3 -4 -5 -1 4 5 -2 0 0 0 2 2 4 -4 6 0 4 4 -1 8 0 4 -1 2 -3 -1 -1 0 1 2 0 0 1 -1 -2 4 -6 0 0 0 0 0 -4 -4 0 4 -3 -2 2 6 0 4 0 0 0 0 -3 1 4 2 -4 -2 -6 0 -4 2 0 -4 0 -4 -5 -2 2 2 -1 6 -5 0 0 4 0 2 -6 0 0 6 1 -2 2 2 -2 2 0 4 0 0 2 2 6 6 0 0 4 2 1 0 0 -2 0 0 0 0 0 -1 -2 2 0 0 -5 0 2 2 -6 -2 -2 0 2 0 0 2 -4 0 -2 4 2 2 -2 0 0 0 0 -4 0 0 4 0 -2 0 -2 3 0 -4 -2 1 -4 0 2 3 2 2 -4 0 0 -3 -1 8 4 4 -1 4 0 0 3 2 -2 2 64 0 7 3 2 2 1 -4 0 4 0 -2 0 6 2 4 -2 -2 4 2 0 4 -1 0
0 0 0 0 0 -6 2 0 0 2 2 -2 -4 1 0 2 -2 0 0 0 0 0 4 0 0 0 0 0 0 -2 0 0 8 1 0 0 -4 -1 -2 -2 -4 -2 0 -2 2 0 -4 0 0 0 2 6 0 0 5 4 0 0 -1 0 0 0 0 0 1 0 4 -1 0 -1 0 0 4 0 0 1 -6 0 -2 1 0 1 2 -4 2 0 3 6 0 0 0 0 0 0 -2 1 2 -2 -2 0 0 0 -2 0 -1 0 2 3 0 0 2 -1 3 0 0 0 -7 0 0 -1 -1 2 -1 -4 0 0 3 0 -2 8 2 0 0 -2 0 0 0 -2 4 0 4 0 0 -3 0 1 -2 0 4 0 0 -1 -2 0 -5 0 0 0 0 2 -4 0 0 2 0 -5 -2 4 -4 -2 8 2 0 0 0 -1 0 0 0 0 0 2 -2 0 1 0 2 -4 -8 0 -1 6 2 -10 -2 0 0 -1 0 -2 -4 -2 -1 2 -2 0 0 -2 0 0 6 0 0 6 -4 -1 1 2 0 0 4 0 0 -2 0 0 0 -4 0 0 -4 0 -3 0 8 0 0 2 0 0 0 -1 0 0 0 0 -2 0 0 0 4 2 -3 -1 0 -2 3 6 0 0 5 0 -4 0 0 1 0 0 1 0 2 5 -2 0 -2 0 0 2 0 8 -2 0 0 6 -2 0 0 2 -2 -1 -3 0 0 1 1 -2 0 2 0 2 0 0 -1 -1 0 0 0 0 0 0 0 -4 0 0 2 -2 0 -2 0 0 4 1 -2 0 1 0 -2 4 2 -2 -2 -2 4 0 -4 0 0 34 0 1 0 -4 6 2 -2 0 0 -1 0 -2 0 -10 0 -6 0 4 0 0 2 2
0 0 -1 2 2 8 -10 0 0 0 -4 0 0 0 4 -4 2 9 2 0 -2 0 -2 4 0 2 -2 4 2 5 0 -4 4 -2 0 0 2 8 0 2 0 5 -2 2 5 0 0 2 0 0 2 -4 4 2 4 2 4 0 0 -2 -2 -2 4 -2 0 0 -1 2 -4 0 0 -4 2 2 0 -4 -4 0 -1 0 4 -4 6 0 -4 8 -8 -2 0 8 0 0 0 0 -4 0 -4 0 0 0 0 -4 -3 -2 0 0 4 -4 0 -1 0 -2 5 0 6 -1 2 0 0 -2 0 4 5 -2 4 0 -2 0 4 2 0 4 0 -2 -6 2 0 4 4 -4 3 6 -2 -2 -4 2 2 0 0 -4 0 0 0 -4 0 0 -2 2 0 -2 -3 0 6 0 0 4 -1 6 -1 -1 4 -4 -2 4 0 1 0 -2 0 4 0 6 10 0 1 -4 2 0 5 -4 0 0 3 2 3 -3 0 0 -6 0 2 0 -1 0 0 -10 8 0 -2 4 0 -2 0 8 5 0 0 -1 0 12 8 4 0 -4 -2 -1 0 4 0 -2 2 -2 8 -2 -2 8 0 0 4 8 0 4 1 -2 -3 0 -2 -4 -1 -2 6 2 -8 2 2 2 -2 2 -4 2 6 6 0 0 0 -2 4 -1 2 2 2 0 0 -2 -4 -2 -2 0 -4 1 0 1 -2 -2 5 0 0 4 -4 2 4 0 0 0 2 0 -4 -5 0 6 -4 0 0 6 -1 0 2 -2 0 4 0 -4 0 -1 -1 4 1 4 -1 4 0 2 -2 1 0 0 -1 -2 1 0 4 0 3 -4 0 -8 7 0 67 4 2 -3 0 0 0 2 0 0 0 1 0 4 4 0 -4 2 0 0 1 4
0 -4 0 4 2 4 1 4 0 0 10 2 -4 3 2 -2 0 0 6 4 -6 0 0 1 2 -6 -8 0 -2 0 0 2 -4 0 0 0 0 5 0 0 2 0 6 0 1 -2 2 0 0 0 4 0 0 0 -5 1 -2 0 2 0 0 0 3 0 12 0 0 2 -1 -2 -4 0 -4 -6 0 0 -4 -2 -4 -2 -2 -4 6 8 0 4 0 2 0 4 0 -4 0 2 -5 0 -4 2 -2 0 -4 0 0 0 0 2 4 0 2 -1 0 2 -1 -4 -4 2 4 0 0 6 -1 4 -2 0 2 4 0 0 0 0 4 0 -6 0 2 0 -2 0 4 -2 0 8 0 -4 0 -2 0 0 -2 1 -5 0 2 6 2 0 4 0 -4 -1 0 0 -3 0 -2 4 4 2 0 2 0 2 6 6 4 2 4 -6 -2 8 0 4 6 0 4 -4 0 0 0 0 -8 0 4 2 0 4 -4 2 -8 -2 -2 2 0 -2 0 -4 1 1 -1 2 0 0 0 -2 -2 0 5 0 1 4 0 6 0 -2 4 0 -2 0 0 -2 -4 0 0 -4 0 0 0 -2 4 6 2 -4 0 0 0 0 -7 4 2 0 -2 4 -1 2 -2 0 -4 0 -1 2 0 0 0 0 -1 0 1 0 0 0 4 0 0 4 0 0 2 4 1 -4 -4 0 0 0 2 1 0 -1 0 0 0 4 0 0 1 -8 2 2 0 5 4 0 -1 0 0 0 6 0 8 -6 0 0 -4 4 -2 0 -8 0 0 8 6 1 0 -4 4 -4 0 0 -1 0 -3 0 0 -4 0 4 3 1 4 65 -4 0 0 4 0 2 0 0 0 -5 0 4 -4 0 0 -4 0 0 0 -4
6 0 0 -1 0 -2 -2 0 0 0 0 0 8 -2 0 0 0 -2 0 0 1 4 0 2 -4 0 2 2 4 0 0 2 4 0 -3 4 4 0 0 -2 3 0 -2 -2 2 0 4 6 -2 -2 0 6 0 0 0 -2 2 0 1 4 -2 -2 6 0 0 0 0 0 -2 0 0 -4 7 -4 0 -1 5 -1 4 0 2 2 -4 1 2 0 0 -2 1 -3 -4 2 -3 3 5 6 2 4 0 0 0 -4 0 0 2 8 0 0 0 0 4 0 0 0 4 0 -2 0 0 0 2 2 0 0 -2 0 0 0 0 0 6 0 1 2 6 0 0 -2 0 0 0 -4 0 1 0 0 0 -1 2 0 0 0 0 -2 0 0 2 2 0 0 -2 -4 11 0 -2 -4 0 -2 0 0 0 -2 6 4 0 -2 -6 -2 0 0 1 0 0 4 -1 0 6 0 0 -2 4 0 0 0 -4 3 0 -2 -2 8 0 0 4 0 0 0 1 -2 0 2 0 1 1 4 -1 -1 0 0 0 3 -4 2 3 -2 6 0 0 2 2 1 2 5 2 2 8 0 -4 -2 0 2 0 0 -4 -1 0 -1 0 0 0 -2 0 1 0 -2 -1 0 1 0 0 0 0 0 1 0 0 -1 0 -4 5 2 -1 0 0 0 0 -4 0 0 0 0 -1 0 -6 0 0 4 -2 0 3 -3 -4 0 0 -4 -2 0 0 -2 0 0 0 -1 0 0 0 -8 0 0 4 -1 -4 -2 0 0 2 1 0 0 0 4 2 0 0 0 4 5 5 0 0 1 3 -4 0 0 0 1 2 0 2 -4 40 0 0 -2 0 0 0 0 0 0 0 0 4 0 -2 0 -4 0 0 2
0 3 0 -4 0 5 -4 -2 0 0 0 4 -3 0 0 0 -4 0 0 4 2 0 4 -1 -1 0 2 0 0 -2 0 -4 0 -6 0 4 2 -4 0 -2 2 1 0 -1 0 0 4 0 -2 0 0 -4 4 0 4 -2 -3 0 0 1 0 0 0 0 0 2 2 0 4 -1 0 -4 5 -5 0 -2 0 2 -4 0 1 0 0 0 0 0 0 0 -1 -1 0 -1 0 -4 -2 4 0 0 -7 2 3 -2 -4 -4 -2 0 0 2 0 0 0 7 -3 -4 0 -1 4 0 -1 4 0 0 -2 4 4 0 -6 -2 0 -10 -2 -4 2 0 10 2 2 0 0 0 0 0 0 0 0 0 0 -2 0 0 -2 -3 -4 0 0 0 -4 -2 0 2 4 0 -2 0 0 0 -2 2 -4 1 3 0 0 0 0 -2 1 0 2 0 3 0 -4 -2 -1 -2 4 -2 -2 0 0 0 0 0 3 -1 0 0 -4 0 4 2 -5 2 -4 0 0 1 0 -2 -8 2 0 2 3 2 0 -3 -8 0 0 0 0 0 -2 4 -1 1 4 1 -4 1 -4 -2 -2 0 0 -1 0 -2 4 10 0 2 -1 0 0 0 0 0 0 4 0 0 -2 2 0 0 -2 4 1 -2 2 -4 0 2 0 0 -6 0 0 2 2 0 2 0 2 -2 0 7 2 10 -2 0 0 6 0 0 0 0 0 0 0 -2 0 -4 0 5 0 -2 0 2 2 -2 0 0 0 2 0 0 0 4 0 0 -4 -4 1 -4 0 -6 2 -4 0 4 0 3 4 0 -5 0 0 -2 -4 3 0 2 2 -4 -3 0 0 51 6 -2 0 0 0 2 0 1 4 0 6 -4 0 -4 0 2 -1 -5
2 0 0 -4 0 0 0 0 -2 2 0 0 2 -2 0 0 0 0 0 0 2 0 1 -4 0 0 -2 0 0 0 0 0 12 -2 0 0 0 -10 0 0 0 -4 0 2 3 -2 0 -1 2 -8 0 0 4 -2 4 1 -2 0 -3 -2 0 -5 -4 1 0 -1 0 0 1 0 4 0 0 0 -1 6 -2 0 -1 0 0 2 0 -4 -4 0 0 4 2 0 10 0 -2 0 0 6 0 -4 0 0 -2 0 -2 4 -2 0 0 0 1 0 2 -2 0 0 -1 -2 2 0 2 0 0 6 -2 2 0 -4 0 2 0 0 -3 2 0 2 6 0 0 2 0 -4 4 0 3 4 0 0 -8 4 8 0 8 0 -4 0 8 4 -2 2 -4 0 -2 6 0 4 4 0 1 0 0 0 4 0 0 0 0 0 -6 0 1 0 14 4 -2 0 -4 4 -4 0 0 0 0 -2 -6 -6 0 3 0 -2 2 0 0 4 -4 3 0 -2 6 2 4 0 0 0 -2 6 -8 2 0 -3 0 6 5 0 0 0 4 2 0 2 1 6 -5 0 2 0 -1 4 0 2 0 0 0 0 0 0 -4 -4 -2 0 0 4 2 4 2 4 10 -6 8 2 -4 1 8 0 4 4 2 0 2 0 -2 -1 0 0 0 4 6 0 -2 -2 0 0 0 -2 0 -1 -4 2 0 4 -3 0 0 0 -4 0 0 2 0 6 2 -2 0 0 0 -2 0 -8 0 0 0 2 2 0 0 4 0 0 -4 4 -8 0 0 8 -2 1 0 2 0 0 6 0 4 0 0 4 -4 -2 1 6 0 0 0 6 59 0 0 0 1 8 0 0 2 -2 0 4 3 0 0 0 -2 -4
2 0 0 1 0 -4 -6 1 6 -1 2 4 -4 0 0 -1 -4 -4 4 -2 -1 2 1 0 -1 -2 0 0 0 -1 -2 0 -2 6 2 0 -6 0 0 -5 0 -1 4 4 0 2 0 -1 4 6 -1 -4 -2 3 5 0 2 0 0 0 0 0 -2 2 0 0 0 1 -4 8 2 -4 -7 -4 0 10 0 4 -1 2 -2 2 -3 0 0 -4 1 2 -2 0 0 1 0 1 -1 -4 -6 4 0 0 0 0 0 0 0 -2 0 4 8 4 2 6 2 0 0 0 -9 -2 0 8 0 -2 1 0 2 0 1 0 1 0 0 2 0 -5 1 -1 2 -4 0 2 0 0 0 3 4 -6 8 -6 0 2 1 2 8 2 -2 0 4 4 -2 2 0 0 0 4 0 7 1 -6 4 -4 -2 2 0 -4 0 0 0 -3 0 1 -4 0 1 0 2 2 2 2 -4 -2 -4 4 5 2 0 2 0 0 -2 -2 0 3 4 1 0 4 -2 -2 -2 -5 6 -6 4 0 0 -4 4 0 0 0 0 4 1 -6 0 3 0 2 -2 4 -2 -2 8 0 -2 -4 4 0 1 2 2 -2 4 6 4 -2 -1 0 1 0 2 4 0 -4 0 0 -4 2 -4 0 4 0 0 0 -2 6 6 -1 -4 -1 2 2 0 -2 0 0 0 0 4 -2 0 -1 0 0 0 -2 0 -2 -4 -4 2 4 -2 -2 2 1 0 -4 4 4 0 -2 4 4 -4 -1 0 2 4 -1 -3 0 0 4 -1 0 0 0 -1 4 0 0 0 2 4 0 1 2 0 -6 -3 0 -5 -4 0 0 -4 2 0 4 -2 -2 0 64 0 0 0 2 0 -4 0 0 2 -4 0 -4 0 0 -1 6
0 0 -2 0 -2 -2 0 -1 0 0 0 0 0 8 0 -2 -4 0 0 3 2 -1 0 0 2 0 2 4 4 0 0 -4 -2 -4 -1 0 0 0 0 0 -4 -4 8 4 -2 0 4 2 0 0 -2 2 0 0 0 0 0 0 -2 2 0 0 0 0 2 0 0 2 0 0 -2 0 0 2 0 0 0 0 -3 0 0 -4 -2 0 0 0 4 0 0 0 4 0 0 0 -4 -5 0 -2 4 1 0 0 2 0 2 0 4 2 0 0 1 -1 -2 0 -2 0 4 -2 3 0 -4 0 0 0 0 0 0 0 4 -1 4 0 0 0 0 0 -1 2 0 0 0 -2 0 0 0 0 0 3 2 0 0 1 0 4 -1 2 0 0 0 -4 0 -4 -2 0 0 -1 0 -4 0 4 -2 0 0 0 1 0 4 4 2 0 0 0 4 -2 0 2 0 -1 2 2 0 1 0 2 4 -2 -4 -2 0 0 0 0 0 -4 2 7 0 2 1 0 0 0 0 4 2 -2 -2 4 0 0 0 -4 0 0 -6 1 0 0 0 0 0 6 4 0 0 4 0 0 -4 1 0 0 -4 0 0 2 -2 0 0 0 4 0 0 0 0 0 6 -2 0 0 0 4 0 0 -1 0 2 4 0 0 5 2 0 -4 2 8 0 6 1 -4 -4 0 0 -4 0 -2 0 6 -2 -2 0 0 0 0 0 4 -2 0 4 -4 1 -1 -2 0 0 0 0 0 0 0 2 0 0 -2 0 0 0 0 1 0 -4 -1 0 0 4 0 4 0 -3 0 0 0 0 0 -2 1 0 -2 0 0 0 0 0 0 41 0 6 6 0 0 0 8 0 0 0 0 0 0 2 -2
3 0 0 4 -2 0 0 2 2 0 0 2 0 -4 1 -3 0 -2 0 0 2 4 -4 0 0 -2 4 0 2 -4 0 1 0 6 -4 0 0 -1 0 -4 2 -4 -3 0 7 0 0 0 0 0 2 0 2 0 -2 0 0 0 -4 2 0 0 -1 -4 2 -3 0 -4 -4 0 -4 0 0 2 0 0 0 0 6 -6 0 -4 -4 2 4 0 2 2 2 0 0 0 0 0 4 5 0 -6 0 -1 0 0 -2 -4 -6 0 0 0 4 2 0 0 0 0 0 1 0 0 0 0 -2 -2 1 11 4 -4 0 0 0 -4 2 0 5 2 0 1 -1 2 0 0 -4 7 2 0 0 -2 -1 0 4 -2 -5 0 -2 -2 0 -4 4 1 0 -4 4 0 3 4 -1 -2 0 0 0 0 4 -1 2 -2 -5 -2 4 3 0 -2 0 0 0 0 0 0 -6 0 4 -6 0 0 -3 0 4 6 1 -4 -1 0 6 -4 -4 0 4 -2 -2 -2 0 -5 2 1 -4 -9 6 0 0 0 0 2 0 0 8 0 0 0 0 0 0 0 0 6 0 0 4 4 1 6 0 0 0 0 4 0 -2 2 -4 -4 0 -1 0 0 2 -4 0 0 -1 0 0 -2 0 0 4 1 -3 2 0 0 6 0 2 0 2 4 0 0 0 -2 0 0 2 -2 0 -1 0 0 2 -4 -3 1 0 -4 3 -1 0 0 -2 -6 0 0 -3 0 0 0 8 0 -4 1 0 2 0 -4 0 0 2 -2 -1 0 1 2 6 2 0 0 0 -4 -2 0 -1 0 2 0 0 0 -2 0 4 0 2 2 0 0 0 0 0 47 0 0 0 -4 0 0 2 -2 2 0 0 2 0 2
2 4 0 2 4 -2 -4 0 0 6 -2 0 4 4 2 -4 -4 0 0 2 0 0 1 6 0 0 0 -2 4 0 -2 2 -6 0 0 0 0 2 0 0 -4 0 2 0 0 0 4 -4 -2 4 0 0 2 0 0 -1 0 0 0 4 0 0 6 1 -2 0 -4 4 0 -4 0 0 0 0 -2 0 0 0 2 0 0 2 -8 0 1 -2 0 0 0 -4 2 0 0 0 0 0 2 0 2 0 -2 1 2 0 -1 0 -4 0 -2 0 0 -2 -4 0 -4 0 0 0 4 0 0 0 0 0 0 4 0 0 0 0 0 0 4 0 0 4 0 2 4 0 0 4 0 1 0 0 -2 6 0 0 0 2 2 0 0 0 0 0 0 0 0 0 -2 2 0 0 0 0 0 4 0 -10 0 -4 2 4 0 0 4 2 2 0 0 0 -2 -2 0 0 0 2 0 2 -2 0 4 3 0 0 -4 0 -3 0 0 1 0 -2 0 3 0 -2 0 0 0 0 4 2 0 -1 0 0 -2 -2 0 0 0 0 0 -2 0 1 0 4 0 0 -4 1 0 0 -2 2 0 2 4 0 0 0 -2 6 0 0 0 0 0 0 0 0 2 0 1 0 0 0 0 4 0 0 -2 0 -2 -1 6 0 0 -2 4 8 2 8 2 0 2 0 4 -5 -1 4 0 0 0 6 0 0 1 0 0 2 0 0 0 0 2 -2 0 0 0 -4 0 2 0 0 0 0 0 0 0 0 4 0 -2 0 0 4 0 -4 0 -4 0 2 -4 -3 4 2 0 -4 -4 0 0 0 0 0 0 0 1 0 6 0 36 0 0 0 -4 0 0 0 0 -2 0 0 6 1
-4 5 -2 -3 0 2 0 0 -6 2 1 2 4 0 0 0 0 0 -4 0 0 0 -2 -2 0 0 1 0 6 0 0 -3 -2 2 0 -6 -2 0 -2 -2 0 0 8 4 0 0 -2 0 1 -3 0 1 0 0 0 -2 0 2 0 0 0 3 0 2 2 0 0 4 0 0 0 0 2 -2 0 0 0 0 0 -2 0 8 -4 -2 -6 -2 4 2 0 2 -4 0 -4 0 1 -4 0 3 0 -1 0 0 -1 0 0 5 6 -2 0 0 0 -2 0 3 0 0 0 -8 2 2 -7 0 -2 1 0 -12 0 0 1 0 0 12 -2 0 0 0 0 0 0 0 0 0 -2 0 0 0 4 -2 -6 -2 0 -2 -2 4 0 0 0 -3 0 0 -5 0 6 2 0 0 1 0 -2 -1 0 4 0 0 4 0 0 -4 4 -1 0 -1 -2 -1 0 4 4 0 0 0 2 -4 2 -2 -4 0 0 0 2 1 -4 0 -2 -2 0 0 4 0 -1 0 -1 0 2 0 4 0 0 -2 2 0 1 0 -1 0 11 0 2 0 4 4 0 4 3 -4 4 2 2 0 0 0 -8 0 0 2 0 2 0 0 0 -4 -2 -2 0 0 -6 -2 -4 -4 0 0 -2 0 0 2 0 2 2 -3 -2 -6 0 2 3 -4 0 0 -1 0 2 0 0 -4 0 2 0 -4 0 4 -2 0 0 0 0 -4 4 4 4 0 0 -2 0 2 4 -2 4 0 -1 3 2 2 -2 -4 2 4 -6 -4 -4 6 0 2 0 4 0 0 -3 -2 -2 0 -4 -1 1 0 0 0 0 2 -2 -1 0 0 0 2 8 2 6 0 0 61 1 0 -6 4 2 -6 -2 -2 -4 0 0 0
4 0 2 0 0 0 0 0 4 0 -1 0 0 0 0 0 4 -2 0 4 0 2 0 0 0 0 1 0 2 0 0 0 0 -4 -2 0 -4 0 -2 -4 0 0 -2 0 0 0 -4 0 0 2 0 0 4 0 0 8 0 0 4 0 0 0 4 2 -4 4 0 0 0 0 0 0 0 4 0 -4 0 0 -4 0 0 0 0 2 0 0 0 -4 0 4 -5 0 0 0 1 -2 0 0 -2 0 0 0 -4 0 0 0 0 -4 -1 0 0 0 4 0 5 0 0 4 4 0 -4 0 -2 7 4 0 0 -4 0 0 0 0 6 0 0 2 0 -2 0 0 0 0 0 0 0 4 0 2 0 -2 4 0 0 0 2 0 0 -4 0 0 0 0 2 0 0 -2 0 0 0 0 4 0 2 0 4 0 4 0 0 -1 0 0 0 0 0 0 2 0 0 0 0 -2 4 -2 0 0 0 0 4 1 0 0 0 -4 0 0 0 0 0 0 0 0 0 0 0 0 8 0 0 0 4 1 -2 0 0 0 0 0 2 -4 0 2 0 0 0 0 0 2 0 0 0 0 0 2 0 -4 0 0 0 0 4 2 0 0 4 -2 2 0 3 0 0 2 2 0 -2 4 0 6 -1 2 0 0 4 4 0 0 0 2 0 0 -4 0 0 0 -2 2 4 0 0 0 0 2 0 0 0 0 0 -2 0 0 0 0 4 4 0 -4 -4 0 0 0 0 0 0 0 0 3 0 6 0 0 4 -4 0 0 -4 0 4 4 0 0 -1 -2 -4 -2 2 0 0 0 0 0 0 0 0 0 0 0 0 1 31 2 0 2 0 4 0 0 0 0 -2 0
4 2 0 -4 2 4 -2 0 0 -2 0 -2 1 2 -2 0 0 -4 0 0 3 -4 0 0 0 2 0 2 0 2 0 -4 0 -2 0 0 0 -3 2 -2 0 -1 0 0 1 0 0 0 0 4 2 0 0 2 4 -2 -2 0 4 0 0 0 -3 0 0 1 -2 0 5 0 7 0 4 -4 0 -9 0 0 1 0 0 4 0 -4 -2 0 4 0 0 0 -2 4 -2 0 0 -4 0 0 -2 0 0 0 2 -1 2 -2 0 0 2 4 -4 0 -3 6 -6 -3 6 -2 -1 0 0 -3 0 0 4 0 0 2 0 -6 -4 0 -3 0 0 0 4 4 0 -2 0 -6 2 0 0 4 -6 -1 0 1 -2 0 0 -2 0 0 0 0 0 0 -4 0 -6 0 0 0 0 0 0 2 2 0 0 0 -4 0 -4 0 0 4 -2 0 -1 0 -2 0 0 4 2 -4 0 -2 4 0 6 -6 2 4 -1 6 0 -2 3 0 -6 0 0 0 2 -2 0 0 0 -1 1 -4 -2 -4 4 -6 2 0 4 0 0 0 0 0 0 0 0 0 0 0 -2 0 -2 4 0 2 4 2 -5 4 -1 0 1 0 4 0 -2 0 0 6 0 -4 2 2 2 0 -4 0 0 0 -2 -2 0 0 0 0 0 0 0 -4 0 0 0 2 -4 -1 0 -2 0 -2 2 0 0 0 0 0 0 -2 0 3 -2 2 0 -6 2 -4 0 2 -2 0 4 0 0 0 -4 0 0 4 0 -2 0 3 4 0 2 -2 -9 -2 0 0 0 0 0 2 1 -2 -1 -4 0 -4 0 4 6 -2 1 -5 0 1 0 -4 0 -4 0 0 2 47 0 1 -2 4 0 1 0 4 0 0
0 -4 -4 0 0 0 4 0 0 0 0 0 0 0 0 0 0 0 4 0 0 2 4 -4 -2 0 4 4 0 0 0 0 4 2 2 0 0 0 0 0 0 0 0 0 0 -4 4 4 0 2 4 -4 0 0 0 0 0 0 0 0 0 -4 4 0 4 2 -2 0 -2 0 0 0 -4 0 -2 -2 0 -2 -2 -4 0 0 0 -4 0 0 0 -6 0 4 0 0 4 0 0 4 0 -8 0 0 0 0 -2 0 -2 -4 0 0 -2 0 0 4 0 0 0 4 0 0 0 2 0 2 -6 -4 -4 3 2 0 -4 2 -4 0 2 0 2 0 0 4 0 0 -2 -4 0 -2 0 -2 2 0 0 0 0 0 -4 -5 -4 4 -4 4 -4 0 6 -1 0 -4 4 0 1 0 2 2 0 0 0 0 0 -4 0 0 4 0 0 0 0 -4 0 0 0 0 0 0 0 0 2 0 0 0 4 4 4 3 0 0 0 2 0 0 -4 4 0 0 4 0 0 0 0 0 -2 0 0 4 -2 0 0 2 0 4 0 1 2 0 -2 0 4 0 -2 0 0 0 0 0 0 0 -2 -4 -4 0 0 0 0 0 0 8 0 0 4 0 0 4 0 0 6 0 0 -4 0 -3 0 4 0 -4 0 0 0 2 0 2 -4 0 0 0 0 8 0 0 0 4 0 0 0 0 0 1 0 0 0 0 -6 0 0 4 -4 0 -2 0 -2 0 0 0 1 6 0 4 6 5 0 4 1 -2 -5 0 0 -4 0 6 0 0 0 -2 -4 0 2 -4 0 6 0 0 2 0 0 0 0 4 2 0 0 0 -4 -6 0 0 39 0 0 8 0 0 2 0 0 0
2 0 6 -8 0 2 0 0 0 0 -4 2 4 0 0 0 0 -2 6 -2 0 0 0 2 0 0 -4 0 0 -4 -2 0 -2 0 -4 0 0 6 0 0 2 -4 2 4 0 4 1 0 -4 0 0 2 0 -6 0 4 0 0 0 2 0 0 4 0 0 -4 -4 -2 -1 -2 0 4 -4 4 2 0 -4 0 1 0 0 -8 6 0 -2 4 4 -2 -6 4 0 -2 -4 0 -4 4 -2 0 3 0 0 -2 -1 0 -2 0 12 -2 -2 0 0 4 0 0 2 4 -4 4 1 4 -10 3 -1 -8 0 0 0 0 8 0 4 0 2 -2 -4 0 0 0 4 4 -2 4 2 0 -2 2 2 0 -2 4 0 0 0 12 -1 4 0 2 0 2 0 4 4 -4 0 4 14 -2 6 4 -2 -2 7 0 2 0 4 2 -2 4 0 0 3 0 2 4 4 0 2 0 0 -2 2 5 0 1 -2 0 0 0 1 0 0 -12 4 -4 0 -4 0 0 0 0 0 3 1 -4 0 6 -2 -4 -2 0 0 0 0 0 0 4 0 0 -2 -4 9 -4 -2 8 -8 -1 4 0 6 -8 -2 0 0 -2 -5 -4 0 0 0 1 0 2 0 -4 -5 0 8 0 4 -4 0 0 0 0 0 2 0 0 0 -10 1 -8 4 -2 2 0 0 -6 2 0 4 -4 -1 -4 2 8 0 -4 0 4 -4 2 0 0 0 -4 0 -1 0 -1 6 0 0 -1 0 -2 0 0 0 0 0 -4 4 3 0 1 0 -4 -2 0 0 2 -4 -4 2 2 -2 0 -4 4 0 4 4 -4 4 -10 4 4 0 0 -2 0 8 0 0 4 2 1 0 58 2 6 -2 0 2 0 0 -2
0 -1 0 0 6 -4 -4 0 0 0 0 0 0 0 -2 1 -4 4 -2 0 0 0 0 -2 0 4 0 8 1 0 0 0 -3 0 -2 0 0 6 0 0 4 0 4 4 0 4 0 0 0 8 -3 0 0 0 -2 0 0 0 0 -2 0 -2 2 0 1 0 -1 0 -1 0 -1 0 0 0 0 -2 -4 0 0 4 0 0 0 2 0 -2 0 0 0 0 -2 -2 -2 -2 4 2 0 0 2 0 2 0 2 4 0 0 0 0 0 0 0 0 0 0 0 0 0 -1 0 0 -4 0 0 0 0 4 0 4 0 0 8 0 0 2 -4 0 0 -2 4 0 0 4 0 0 0 6 0 0 6 1 4 0 0 0 2 -2 8 0 0 0 0 -8 -3 0 0 2 2 -2 0 0 0 0 0 -2 5 0 2 0 0 -2 3 -3 2 4 1 0 0 -2 0 0 0 0 0 3 2 4 0 0 0 2 0 -1 4 0 4 0 4 0 -4 0 2 0 0 0 0 4 0 0 -6 0 -2 4 4 0 2 0 1 0 -4 4 2 -2 8 -2 0 -2 0 2 0 0 6 6 0 2 0 1 4 0 0 2 0 2 0 4 -1 0 0 -1 -2 6 4 4 0 -1 0 0 0 2 0 2 4 2 -1 0 0 -4 3 0 -2 -4 0 2 -3 -2 2 0 -4 0 4 0 2 -2 0 1 4 2 0 0 0 0 -3 0 3 2 0 -4 0 0 -4 0 0 0 0 0 -2 4 2 2 0 0 0 0 -2 0 2 0 0 -2 -4 0 2 2 0 8 0 0 -2 0 4 -4 4 6 0 2 0 2 0 2 0 -2 0 2 47 2 1 0 -4 -3 0 8
4 0 4 -2 0 -8 -7 -2 0 -1 0 0 8 0 0 0 0 2 -2 0 0 0 2 -4 0 0 0 8 0 2 2 6 2 -10 0 0 0 -4 4 4 0 -4 0 0 -4 -2 -4 4 4 2 4 -4 -2 0 -4 0 2 0 0 -2 0 0 2 0 -6 2 -6 0 -2 -2 6 -4 0 0 0 -8 0 2 2 2 0 2 0 0 0 0 0 -4 -2 0 0 0 -7 0 0 4 0 -8 7 0 -4 0 -2 4 0 0 0 -4 0 0 -4 0 0 2 0 4 -1 -1 0 0 0 2 4 -4 4 4 -4 -6 2 8 -10 0 4 0 4 0 -2 -2 0 0 2 0 2 -4 0 0 -1 0 0 4 0 2 0 4 2 0 0 -2 -8 4 6 0 2 0 8 6 2 4 0 0 -7 6 0 0 0 -2 4 0 0 0 4 0 -2 0 2 0 0 0 0 4 -2 -2 -4 4 2 -4 0 6 0 -3 0 0 0 0 0 -5 0 4 4 0 4 0 4 -2 -6 0 0 0 0 0 -2 0 2 3 0 0 -1 0 0 0 0 0 0 -2 -6 4 -5 4 0 0 2 0 -4 4 0 0 -2 4 0 2 0 0 0 2 6 0 4 0 2 2 4 4 0 -4 0 0 0 4 0 0 4 -2 4 0 4 2 4 0 4 -4 0 0 4 -4 4 2 -4 0 0 4 -6 2 0 2 -8 4 6 0 0 0 0 0 -12 0 -6 0 0 0 -2 -4 0 -4 4 -4 6 2 14 8 0 0 -4 5 0 4 0 2 -4 0 0 0 2 8 0 4 4 0 -2 -6 0 0 0 -4 4 -4 0 -2 0 -6 4 4 8 6 2 86 0 2 2 0 4 -4
2 0 4 0 0 0 2 0 0 -4 0 0 0 0 0 -2 -1 2 2 4 0 0 0 -4 -2 1 1 0 2 0 4 4 2 0 -6 0 -6 -2 0 1 0 -3 2 4 -1 0 2 0 2 1 0 0 4 0 0 -2 -3 0 0 -1 2 0 -2 -4 0 3 0 0 0 -2 -4 2 -2 0 -1 0 0 2 0 0 -1 -1 -2 0 -4 -4 -4 6 -2 0 0 0 0 4 0 2 0 0 0 0 0 -2 -4 0 0 -2 0 -2 1 0 4 0 3 2 -1 -1 0 2 0 0 2 0 0 4 2 0 0 0 0 0 -2 0 0 -4 0 0 0 1 0 -2 0 0 -1 -2 3 0 -2 2 7 2 -4 0 0 0 0 2 2 0 0 0 4 0 0 0 0 3 4 0 -1 0 0 8 6 -8 -2 4 0 2 0 2 0 0 0 0 0 4 -1 0 0 0 0 2 0 0 2 5 4 -2 0 2 0 0 -4 1 -4 0 0 0 0 0 4 2 2 0 0 2 0 2 0 2 0 0 4 -4 2 0 0 0 0 0 0 -2 2 0 -2 0 0 -2 2 -8 4 -2 6 2 0 6 0 4 0 2 0 2 5 4 0 -2 2 -2 -1 -4 0 2 -2 1 0 0 1 0 -4 0 -4 2 0 4 0 0 1 -1 0 0 0 -14 0 0 -2 0 2 2 3 2 0 3 0 2 0 5 -2 0 0 -4 0 0 -2 0 0 -4 0 -2 0 0 2 -1 0 0 0 0 0 2 0 -2 -8 -6 2 0 -4 2 0 0 2 1 4 0 0 -4 1 -4 4 0 -4 0 -2 0 3 0 0 2 0 -2 0 0 0 -2 1 0 39 0 -2 3 -1 0
2 -2 2 6 0 3 -3 0 0 0 2 1 0 0 2 6 0 4 -4 1 -2 0 0 0 0 4 0 -6 4 4 4 0 -6 0 -1 2 0 -3 0 2 -4 0 0 -2 0 0 0 0 0 -8 0 0 0 0 2 2 -2 -4 0 -2 0 8 0 0 0 0 0 -4 4 0 6 0 6 6 0 0 -4 0 2 -1 -4 -2 0 -4 0 6 0 0 2 0 0 4 -2 0 4 4 -2 0 8 2 0 0 -1 0 2 0 0 -4 0 0 0 1 0 10 4 -1 0 -2 -1 -4 4 0 0 10 0 4 -4 0 0 0 -4 -4 2 0 0 -2 1 -2 3 4 2 4 4 -1 0 0 0 -1 -6 -1 -2 -1 -2 0 -3 2 4 0 -6 2 4 0 4 10 0 -8 -1 0 4 0 6 0 0 -2 -2 0 0 -1 2 0 0 -2 -4 -8 5 0 0 2 -4 2 -2 -1 4 1 4 2 4 0 -1 3 0 0 4 1 -2 -7 0 0 0 1 2 -6 0 0 -2 0 0 0 1 -2 1 -4 0 8 0 1 -10 2 0 0 0 -6 -4 4 8 0 0 0 8 0 0 -2 -1 0 0 6 -2 0 -2 -4 -2 -4 -2 2 0 -4 0 2 6 0 10 0 -4 0 -1 4 -6 2 -5 0 -1 6 -2 0 6 1 -4 1 3 0 -2 0 -1 -3 -3 -4 -4 0 -4 0 -4 -4 -4 2 -4 -2 0 -4 0 -4 -1 3 0 0 2 4 4 0 -4 1 2 -4 -2 -2 2 4 0 4 0 8 -6 -1 0 2 -4 12 0 2 5 4 -4 -4 0 -2 2 0 2 4 2 -4 0 -4 0 -4 0 0 -2 -2 0 1 0 0 0 2 0 70 -2 -1 -4 0
0 1 0 4 2 0 -4 -2 0 0 0 0 2 0 0 -2 -2 0 8 4 0 -4 2 0 -1 0 2 4 4 0 0 0 4 0 0 0 4 5 0 0 -4 2 4 0 0 0 -4 -4 0 -2 0 4 2 0 0 0 2 0 0 -4 -4 2 -3 0 0 0 0 -6 0 -2 -4 0 0 8 0 0 0 -4 0 -2 0 0 6 -2 -4 0 0 0 -2 3 0 0 -6 2 0 4 0 -2 -2 0 3 -2 -2 0 0 0 1 9 -2 0 -4 4 4 2 1 4 0 0 2 0 0 4 4 0 0 -4 -6 0 -2 0 0 -2 -4 0 2 4 -4 2 0 -1 -2 4 4 0 0 -6 0 -4 0 4 0 0 0 -3 -4 0 0 4 -6 -3 4 0 4 2 12 0 0 0 0 4 2 0 -2 0 0 0 -2 -2 -4 3 0 4 2 0 0 1 0 -2 -4 -2 0 -4 -4 2 0 0 0 0 0 -2 -2 4 4 0 0 2 0 -4 0 0 -4 -2 -1 -4 0 4 0 4 -4 0 -4 2 2 0 -8 0 2 -2 -2 0 -2 0 4 0 -6 4 0 -2 0 -2 2 4 4 0 3 0 0 0 0 0 0 0 0 -3 2 -2 -10 4 1 0 4 0 -4 0 0 -6 -4 0 -4 -4 -2 -10 -2 0 0 6 4 4 0 -2 4 4 8 -1 0 4 4 -4 0 4 2 4 -4 -4 0 0 0 0 0 0 -4 -2 1 0 0 -2 0 -4 0 4 4 -2 0 0 -4 2 0 0 8 -2 4 -4 0 -2 2 0 0 4 2 0 -4 0 0 -3 0 0 0 0 0 0 -4 0 0 0 0 0 0 -4 0 0 2 2 -4 2 -2 -2 65 -4 2 0
0 0 0 -1 0 5 -1 0 4 0 0 -1 -2 0 4 0 4 0 -2 0 4 0 0 -2 -2 2 -2 0 4 -4 0 -2 0 0 2 -4 2 0 0 -4 4 0 0 4 0 0 0 0 4 0 4 4 0 0 0 0 -2 0 0 0 0 0 2 0 0 6 0 0 0 0 -6 -2 4 0 -4 -4 0 4 -2 0 0 0 2 0 4 0 10 8 0 4 0 8 0 0 2 1 2 0 0 2 0 0 -4 0 -2 0 0 0 0 -2 0 0 -2 0 6 0 0 0 -2 -5 0 -4 0 0 0 0 0 0 -4 -2 2 0 3 -2 0 0 0 0 1 0 -2 0 0 1 0 -2 -2 0 -2 -1 6 1 0 2 0 0 0 -5 0 4 0 0 -8 2 -4 0 2 4 0 0 -4 2 0 -4 0 4 0 -1 0 4 0 4 0 -4 0 2 0 0 0 2 0 0 0 -4 0 6 0 -2 4 -2 0 0 -4 0 2 -2 0 2 0 6 0 4 0 0 0 0 0 0 4 0 1 0 0 0 0 0 0 0 0 0 0 0 -4 0 0 -6 -4 0 0 0 -8 4 0 -2 0 4 -4 -4 0 -2 0 2 0 4 -4 0 0 2 -1 -2 0 0 4 3 2 0 0 1 -2 0 0 -6 0 -2 0 -1 -2 4 -4 -4 0 -4 2 0 0 0 -2 0 0 6 0 0 0 -4 4 0 4 0 4 0 4 -2 0 0 0 0 0 0 0 4 -6 0 0 8 0 0 0 0 0 0 0 0 -4 0 0 2 0 0 0 0 0 0 0 0 4 0 4 0 0 0 0 2 0 0 0 2 0 0 0 4 0 0 -3 0 3 -1 -4 39 0 0
-4 2 2 2 4 -3 1 0 -2 -1 -2 0 -2 2 2 0 0 0 0 2 0 0 -6 6 3 0 0 0 2 1 -3 0 0 0 0 0 2 0 1 0 -2 5 0 2 0 -2 -4 0 -2 -2 -2 2 0 0 0 0 -2 -1 1 2 -2 0 2 0 0 1 0 0 2 2 0 -2 1 -2 2 0 0 0 0 2 0 0 1 1 0 0 1 -4 -2 -4 2 2 0 -2 0 0 -5 2 -1 0 -2 0 -2 4 -2 0 0 -4 -2 0 0 -2 4 -7 0 1 -6 1 -2 0 2 5 1 -8 2 0 4 -1 0 8 0 -2 0 4 3 2 0 -6 0 0 -2 0 0 0 0 -4 0 -1 0 1 0 2 0 2 0 2 0 0 2 -4 2 0 0 -1 0 2 -3 -2 -1 5 0 0 0 -1 2 -1 2 -2 0 0 0 2 1 0 1 -1 0 -2 1 3 0 0 1 4 4 0 2 0 -4 6 -4 -2 0 1 0 0 0 1 -2 0 2 0 0 0 -2 0 2 4 0 1 0 -1 0 0 0 1 -1 1 3 3 -2 0 0 2 -4 0 4 1 0 0 4 4 2 1 0 -4 0 0 -2 0 0 2 -1 0 -2 -2 0 -2 0 -2 6 0 -5 -6 0 -2 -1 -4 0 0 2 2 0 -1 0 4 0 4 -1 4 4 -3 4 -4 0 0 -4 0 1 1 2 2 0 -2 0 0 0 -4 -2 0 1 0 -4 -1 0 4 0 2 2 0 -1 0 -4 0 0 0 2 0 0 0 4 2 0 0 0 -1 0 -2 2 0 2 4 5 -2 -1 0 -1 2 1 0 0 -1 -2 -1 2 0 6 0 -2 0 0 0 0 4 -1 -4 2 0 39 -2
0 -1 -1 10 3 -1 0 -3 0 1 -3 -1 2 0 -2 0 0 0 2 -2 -2 -2 0 0 -1 8 -4 2 0 0 0 -4 0 -2 -2 0 0 4 0 -2 0 3 0 0 2 4 0 2 0 4 0 0 0 -2 0 2 0 0 0 2 0 1 1 0 0 0 0 0 0 -2 0 0 1 -3 4 0 4 0 0 4 0 2 0 8 -4 0 0 0 -1 1 0 -1 -2 -2 4 4 3 -5 -3 4 0 1 9 0 1 0 -2 2 -1 2 -1 0 2 0 0 -4 0 -4 0 -4 0 0 0 -4 1 -2 -2 5 4 0 0 4 0 0 -7 0 0 -2 0 1 -6 4 -4 -1 2 2 -1 0 4 2 0 0 4 -1 -2 0 0 0 2 -1 0 0 0 -4 2 2 0 3 -2 -2 -1 -3 -2 -2 -4 1 0 -4 0 0 -2 0 0 2 0 0 2 -1 0 4 0 1 4 0 0 -2 0 -1 4 -4 0 2 2 0 7 2 0 4 0 0 0 0 0 0 0 6 1 2 0 2 4 0 2 4 2 0 4 -2 0 2 2 3 -1 0 1 -1 0 -2 0 -2 -4 -6 2 -2 4 0 2 0 0 0 0 0 1 0 0 0 2 2 0 0 -6 0 0 0 0 4 -2 8 -2 0 0 -3 0 5 -4 0 0 0 0 2 -2 0 2 2 0 -2 -2 0 6 -7 -2 8 1 2 4 0 1 -4 4 2 0 0 0 0 0 -4 0 0 0 -2 -2 -1 0 4 0 0 4 6 0 0 0 0 0 0 4 0 0 0 -1 -1 0 -2 4 -5 -4 1 0 2 4 -4 2 -5 -4 6 -2 2 1 0 0 0 0 -2 8 -4 0 0 0 0 -2 47

Q_cnstr 
23 2 0 0 1 -1 0 0 -1 -1 0 0 1 -1 3 0 1 1 0 0 -1 -2 2 0 -1 -1 0 1 -1 1 0 1 0 1 0 0 1 2 0 1 1 -2 0 1 1 0 0 0 -1 1 -2 1 0 2 0 -1 0 -2 2 -2 -1 0 -2 0 0 1 -2 2 0 0 0 1 -1 2 0 -1 -2 1 0 1 0 0 0 1 0 -2 1 0 3 0 3 0 0 2 2 2 0 1 0 0 0 0 1 1 0 1 1 -1 0 0 1 2 1 1 0 -1 0 -1 1 1 0 1 0 1 2 0 -1 0 0 2 0 0 0 0 -1 -1 0 0 1 1 0 3 -1 1 -1 1 1 0 2 -2 0 4 0 1 -1 1 -1 -1 0 0 -1 0 2 -1 -1 0 0 0 1 -2 0 -1 0 0 0 0 0 -2 1 0 -1 0 -1 0 0 0 0 0 0 1 0 0 0 0 0 0 -1 0 0 0 0 0 1 -1 -1 0 0 0 1 1 0 0 0 0 0 0 0 3 0 0 -1 0 0 1 0 -1 2 0 0 0 1 0 0 1 -1 0 -2 1 0 1 2 2 0 -1 1 1 2 2 -1 -1 -1 0 -1 1 -1 0 1 -1 -1 0 -1 0 -1 1 0 2 0 -3 -1 0 0 2 -1 0 0 0 0 -1 -2 1 -1 0 0 1 0 -3 0 1 -2 2 1 0 0 0 -3 0 1 -3 0 1 0 -1 -1 0 0 0 0 0 -1 -1 0 0 -1 3 0 -1 1 0 1 1 2 0 -1 0 0 0 1 1 2 -1 0 0 0 1 1 0 -1 0 -1 -1 -1 0 -1 1 0 1 1 -1 -1 2 0 1 0 -2 0 -1 1 2 0 1
2 19 0 2 0 -1 -1 1 -1 0 0 1 0 1 1 0 0 -1 0 0 0 2 0 0 -1 0 0 1 1 1 0 -1 -1 0 0 -1 -1 0 -1 0 -1 0 -1 1 1 -2 0 -1 0 1 0 -1 0 0 0 1 -1 0 0 1 -1 0 0 -1 -1 0 -1 0 -2 2 0 2 0 0 0 0 -1 1 0 1 0 0 1 2 0 0 1 2 0 -2 0 0 0 2 0 0 1 0 -1 -1 0 0 0 0 -1 0 1 0 2 -1 -1 2 -1 0 0 0 0 0 1 0 0 0 -1 0 0 0 -1 0 0 2 -1 0 -1 1 0 0 0 -2 1 1 0 1 -1 1 0 1 1 0 -1 1 0 0 0 1 0 0 -1 0 0 -2 -1 0 0 1 0 -1 1 0 0 -1 -1 -1 0 -1 -3 0 0 -2 1 0 1 -2 1 0 0 1 0 1 -5 -1 0 -1 -2 0 2 0 0 0 0 0 0 2 2 0 1 -2 0 -1 0 0 1 -1 -1 1 -1 0 1 1 0 -1 0 -1 0 0 0 1 1 0 0 0 1 -3 1 0 1 1 -2 0 -1 1 0 0 0 2 0 1 0 0 -1 0 -1 -1 0 -1 1 0 0 1 0 0 0 0 -1 -1 1 -2 2 -1 0 -1 0 0 0 0 0 0 0 0 0 1 0 0 1 0 -2 0 1 1 1 0 0 1 0 1 -1 0 0 -2 0 -1 -1 0 0 0 1 1 0 1 1 0 0 0 0 3 -1 0 1 0 1 0 1 0 0 0 -1 0 1 1 0 -2 -3 0 2 0 1 0 -2 0 -1 0 1 1 1 0 0 1 1 1 1 0 -1 -1 -2 1 -1 0 -1 0 -1 -1
0 0 17 -1 0 1 1 0 -1 0 -1 -1 1 1 1 -1 0 0 0 0 0 0 1 0 0 0 0 0 -1 -1 0 -2 0 0 -1 0 0 0 1 0 1 -1 0 0 1 0 0 0 0 0 -1 0 0 -1 -1 1 0 0 0 0 -1 1 3 0 1 0 -1 -1 -1 0 1 -1 0 0 0 0 2 0 1 -1 2 1 3 -3 -1 3 0 1 0 1 0 -1 0 1 3 0 -1 -1 -1 -2 0 1 0 0 2 0 1 0 0 0 0 1 0 0 -1 1 0 0 0 0 0 -1 0 0 0 1 0 0 0 0 1 0 1 3 0 0 0 0 0 0 0 0 0 0 1 0 0 0 0 -1 -1 -1 0 -1 -1 0 1 0 0 -1 0 0 -1 1 1 0 -1 0 1 0 1 -1 0 0 1 0 1 0 0 1 0 0 -2 -1 0 0 0 0 0 2 -1 0 -2 0 0 0 1 0 0 1 1 0 2 0 1 -1 0 0 3 -1 0 -1 0 0 0 -2 2 0 1 -1 -1 1 -1 1 0 0 0 1 1 -1 0 0 -1 0 1 -1 1 0 1 0 1 -2 0 1 -2 -2 2 2 2 0 1 0 0 0 1 0 -2 0 0 1 -3 -1 -1 0 -1 0 1 1 1 0 -1 0 0 -1 1 0 0 1 0 1 0 0 0 -3 0 0 1 0 0 0 1 1 0 -1 -1 0 0 0 0 -1 0 1 -2 0 1 0 0 0 1 0 0 0 -1 -3 1 1 0 -1 0 1 2 0 -1 0 0 0 -1 0 0 0 0 0 0 0 0 -1 2 1 -1 0 0 0 0 0 1 0 0 0 -1 1 0 -1 0 0 0 -1 0 0 1 0
0 2 -1 18 0 0 0 1 1 0 0 0 -2 -1 0 0 0 0 1 0 1 0 1 2 1 0 1 2 1 2 -1 1 0 1 0 1 -1 1 0 -2 0 -1 0 0 0 0 1 -1 1 -1 0 1 0 0 1 -1 1 0 1 0 0 0 0 0 0 0 0 -1 0 0 0 -1 0 0 0 2 -1 0 0 2 0 0 1 0 0 2 0 1 0 -2 0 1 -1 -1 -1 -1 3 0 1 -1 1 -1 1 -1 -1 0 2 0 -1 0 0 0 0 0 1 0 0 0 2 1 0 1 1 -1 1 0 0 -1 0 0 0 0 1 0 0 2 -1 0 0 -1 -1 2 0 0 0 1 -1 0 0 0 -2 0 -2 0 1 -1 -1 -2 0 0 0 -2 0 0 0 -1 0 1 0 0 0 -1 -1 1 1 1 2 1 2 -2 0 0 0 0 1 0 0 -1 -2 0 0 1 -3 0 1 0 -1 1 0 -3 0 1 -1 0 1 -1 0 -1 1 -1 1 0 1 0 1 0 1 0 1 1 0 0 0 1 0 0 -1 2 0 1 0 -1 0 0 0 0 -1 0 -1 0 1 1 0 2 0 -1 -1 0 0 1 0 0 0 -1 0 -2 2 1 0 0 0 0 0 -1 0 -1 2 0 0 -1 -1 1 -1 1 -1 -1 0 2 0 -1 0 3 0 0 0 0 0 0 0 0 -1 1 0 0 0 0 0 0 -1 0 1 -1 -1 -1 1 0 1 1 0 1 0 1 1 2 0 -2 0 0 0 1 0 0 0 -1 0 0 -1 0 0 -1 -1 -1 1 1 0 0 -1 1 1 0 0 1 -1 1 1 0 1 0 -1 1 1 1 0 0 1 0 -1 1 0 -1
1 0 0 0 14 -1 0 0 0 -1 1 1 0 1 1 0 0 0 2 0 -1 -3 0 -1 0 -1 0 1 0 1 0 3 0 0 1 0 0 0 0 1 0 0 0 0 0 0 0 0 0 1 0 0 0 1 0 2 -1 0 1 0 -1 0 0 0 -2 1 0 1 0 1 1 0 -1 0 0 1 0 2 0 0 1 0 0 0 1 -1 0 1 -1 -1 0 1 0 0 0 -1 -2 0 -1 0 0 1 -1 -1 0 -1 -1 0 1 0 -1 1 -1 0 0 1 0 0 0 1 1 0 -2 0 1 -1 1 1 0 0 0 0 1 0 0 0 0 0 1 1 -2 0 0 0 2 0 0 0 -1 0 0 0 0 -1 -1 0 0 2 1 -1 0 1 -1 -1 -1 0 2 1 1 0 -1 0 -1 0 1 1 0 0 -1 0 0 1 0 -1 -3 -1 0 1 -1 0 -1 0 0 0 0 1 0 0 2 2 2 0 0 1 0 0 0 0 1 -1 0 1 -1 1 0 0 0 0 0 1 0 0 -1 0 0 1 1 0 0 0 0 0 -1 0 -1 0 -1 0 0 0 0 1 0 0 0 1 0 0 0 0 0 0 0 0 3 0 -1 0 -1 0 -1 0 0 0 0 1 0 0 1 0 2 0 0 0 0 0 -1 1 0 0 0 -2 0 0 0 0 0 0 0 -1 0 0 -1 0 0 -1 2 0 1 1 0 0 0 -1 -1 0 0 0 0 -1 -1 -1 0 0 0 0 1 2 0 0 1 0 1 -1 0 -1 0 1 0 -1 0 0 1 1 -1 0 0 0 0 0 0 0 0 0 0 1 0 1 0 0 2 0 0 0 1 0 0 0 0 -1
-1 -1 1 0 -1 16 -1 0 1 0 0 0 1 1 0 -1 2 1 0 0 1 0 0 0 1 0 0 -1 0 -1 -1 0 -2 -2 0 0 0 0 1 -1 0 0 -1 0 0 0 1 0 -2 0 0 2 1 1 -2 0 0 0 0 1 0 1 2 0 0 0 1 -1 0 -1 -1 0 1 0 0 0 1 0 1 1 1 1 1 0 0 0 2 3 1 0 -2 0 1 2 -1 -2 -1 0 0 1 0 1 0 0 0 1 0 -1 0 -1 -1 0 1 -1 0 -1 1 0 -1 1 2 -1 1 0 0 0 0 0 0 0 -1 1 3 0 1 0 0 -1 0 0 0 0 -1 -1 1 0 -1 0 0 0 -1 1 0 -2 0 0 0 1 -1 0 0 3 -1 0 1 0 0 0 -2 -1 2 0 -1 0 2 0 1 0 0 0 0 -1 0 0 0 0 0 0 0 -2 0 -1 2 0 1 0 1 -1 0 0 0 0 0 -1 -1 -2 1 -1 0 0 -1 0 0 1 1 0 -1 1 1 0 0 0 0 2 -1 1 1 0 1 0 0 -1 -1 0 0 0 -1 0 2 0 1 1 0 0 0 0 0 0 1 0 0 2 0 0 0 0 0 -2 1 -1 0 0 -1 0 0 0 -2 -1 0 0 0 -1 0 0 2 -1 0 0 1 -2 0 0 0 0 0 0 -1 0 0 0 -1 -1 0 0 0 0 0 1 1 1 0 1 0 0 2 -1 1 2 0 0 0 0 0 -1 -1 -1 0 0 0 0 -1 2 2 0 2 2 0 -1 0 -1 0 1 0 -1 -1 -1 1 1 0 -1 0 0 0 -1 0 0 -1 0 1 0 -2 0 1 0 -1 1 0 2 2 0
0 -1 1 0 0 -1 19 -1 0 0 -1 0 0 1 -1 1 -1 0 1 1 0 -1 1 0 1 1 0 1 -2 0 0 0 0 0 0 0 0 1 0 0 2 0 -2 1 -1 2 -1 2 0 0 0 1 -1 -1 0 0 0 1 0 0 -1 -1 -1 0 1 1 -2 0 0 -1 1 0 0 0 2 0 0 0 0 1 0 0 -2 1 1 1 0 0 1 0 -2 1 0 1 1 1 0 0 0 -1 0 -1 1 2 0 -2 0 0 0 1 0 1 1 0 0 1 0 -1 1 1 -1 4 0 -1 0 1 2 1 0 1 1 0 2 -1 0 0 0 -2 0 0 -1 2 1 4 1 1 1 0 0 0 -1 0 -3 -1 1 1 0 -2 0 0 1 -2 0 0 0 0 0 0 -1 0 -1 0 1 1 0 0 0 1 0 0 0 -1 0 1 -1 -1 2 2 0 -2 -1 0 0 0 2 1 2 0 0 2 1 0 1 0 0 0 -2 0 1 0 0 -1 -1 2 0 -1 0 1 0 0 0 3 0 2 -1 0 1 -1 0 2 1 3 0 0 1 -1 1 1 0 0 2 -2 -1 1 1 0 2 1 0 0 1 0 0 1 0 1 -1 0 0 1 1 0 0 0 2 0 2 1 -1 0 0 2 0 2 0 2 0 1 0 1 0 1 0 -2 1 0 0 0 0 1 0 2 0 0 1 -1 0 3 1 -1 0 0 0 -1 -2 4 -1 1 0 0 0 1 0 -1 1 0 -2 0 1 2 1 -1 -1 0 0 -1 -1 1 0 -1 0 -2 0 -1 -1 -1 0 0 1 0 1 0 0 0 0 0 0 1 0 -1 -1 0 1 0 0 0 0 0 1 0
0 1 0 1 0 0 -1 14 0 -1 0 0 2 -1 0 0 0 1 0 1 0 0 -2 -1 -1 0 0 -1 -1 -1 1 0 1 1 0 0 0 0 0 -2 1 0 0 0 0 0 0 -1 -1 2 0 0 1 1 1 0 0 0 0 0 -1 1 2 -1 0 1 0 0 -1 0 0 0 0 1 1 1 1 0 0 0 0 3 1 -1 0 -1 0 1 0 0 0 0 0 3 -2 0 1 0 1 0 0 0 0 0 0 3 1 1 0 -1 -1 0 -2 -1 0 0 1 2 -1 1 -1 0 0 0 2 0 0 -1 0 2 -2 -1 -1 0 0 -1 0 0 -1 0 0 0 -1 -1 1 1 -1 0 0 -1 0 0 0 0 -1 -1 0 -1 0 0 0 1 0 1 0 0 0 0 2 0 1 0 -1 0 0 0 -1 -1 0 0 2 0 0 0 -1 0 -1 0 -2 1 0 -1 0 0 0 0 0 -1 0 0 0 0 -1 1 0 0 0 0 1 -1 -5 1 -1 2 0 1 0 0 0 0 1 0 1 -1 0 0 1 0 0 0 0 -1 0 0 0 0 0 1 0 1 0 0 0 0 -2 0 -1 0 0 0 -1 0 0 0 0 -1 0 -2 0 -1 0 0 1 0 0 -1 -1 -1 0 0 2 -1 0 0 0 0 1 0 -1 -1 1 0 1 -4 0 1 1 0 2 0 0 0 1 1 0 1 1 0 1 -1 0 0 -1 -1 -1 -1 -1 1 0 -1 0 0 0 1 1 0 1 0 -2 -2 -1 1 -2 -2 0 -1 0 0 1 0 1 1 1 0 0 2 0 0 0 0 0 -1 1 -1 1 1 0 0 0 0 1 0 0 1 0 -1 -1 -1 0 1
-1 -1 -1 1 0 1 0 0 14 0 0 0 0 0 -1 1 1 -1 0 1 0 -2 0 0 0 -1 -1 0 0 -1 -1 0 2 -1 1 1 3 0 0 1 0 1 0 0 0 0 0 0 0 -1 0 1 2 0 -1 0 -3 0 2 1 0 0 0 -2 0 0 0 0 0 0 0 -1 0 0 0 0 -1 0 0 0 -1 -1 -1 0 1 0 1 0 0 -1 2 0 0 0 1 0 -1 0 2 -1 -1 0 0 1 1 0 0 0 2 0 0 0 0 1 0 -1 1 0 2 0 0 1 0 -1 0 0 0 0 1 0 0 1 1 0 0 1 0 0 -3 1 0 -1 0 0 0 -1 0 0 -1 1 0 1 2 1 0 0 1 0 0 -1 0 0 0 0 -1 2 0 0 0 0 0 0 0 -1 0 0 2 1 0 0 1 -2 0 0 -1 0 0 -1 -1 0 0 0 0 0 -1 0 -1 0 -1 -2 1 0 -1 -1 2 -1 -2 -1 0 0 0 0 0 2 0 0 0 -1 0 -1 -1 0 0 0 1 0 1 0 0 1 0 0 0 0 0 0 0 1 1 1 0 0 -1 0 2 -2 0 0 -1 1 0 0 -1 0 3 0 1 0 0 0 0 -1 0 0 1 1 0 0 0 -1 -1 0 0 0 0 0 0 2 0 -1 -1 1 0 0 1 -2 0 -1 0 0 1 0 1 1 -1 0 1 1 -1 0 0 0 0 0 0 0 0 0 1 -1 1 0 1 2 -1 0 -1 0 -1 0 0 0 1 0 -2 0 0 -1 1 1 0 0 0 -1 1 0 1 0 0 0 0 0 0 0 0 0 0 0 0 0 0 -1 0 -1 1 0 1 0 -1 0
-1 0 0 0 -1 0 0 -1 0 18 0 0 1 0 1 -1 -1 -1 1 2 -1 0 0 2 -1 0 0 2 1 -2 -1 -1 1 -1 0 0 -1 0 0 -1 -1 0 1 0 0 -1 0 -1 1 0 -1 0 -1 -1 0 0 -1 -1 -1 1 -1 1 -1 1 0 -1 0 1 0 0 1 1 0 1 -1 -1 0 -2 -1 0 2 -1 0 0 0 1 0 0 0 1 1 0 1 1 -2 1 2 -1 3 0 0 0 1 1 0 2 0 0 2 1 2 0 0 0 0 0 0 -1 1 1 -1 1 1 -1 -1 -1 0 -1 -1 1 0 0 2 -2 0 0 0 0 0 0 0 0 1 1 1 0 0 0 0 0 1 0 0 1 0 -1 0 0 4 1 -1 0 0 -3 1 -1 0 -1 -1 1 0 0 2 0 -1 0 0 0 -1 1 -3 0 0 0 0 0 0 1 0 0 0 -1 -1 0 -1 -1 0 1 0 -1 -1 0 2 -1 1 0 -1 1 0 1 1 0 0 0 0 0 1 0 1 1 0 1 1 2 0 1 -1 0 0 -1 0 -1 0 1 -1 0 0 0 -1 0 0 -1 1 0 1 -1 0 -1 -1 0 1 0 0 2 0 0 -1 -1 1 0 1 1 -1 0 0 0 -1 1 0 1 0 0 1 -1 1 1 1 0 -1 0 2 1 1 0 1 1 0 0 2 2 0 1 0 1 0 0 0 0 -1 0 1 -2 -1 0 1 0 0 0 1 1 -1 0 -1 0 0 0 0 0 0 1 -2 -1 0 -1 0 1 1 1 -1 -2 1 0 1 0 0 -1 0 0 0 -1 0 1 0 0 0 -1 -1 -1 0 0 -1 0 3 -1 2 -1 -1 1 0 0
0 0 -1 0 1 0 -1 0 0 0 14 0 0 0 -1 0 0 1 2 0 1 -1 0 0 0 0 2 1 0 0 0 0 0 0 0 -1 0 0 1 0 -1 1 0 1 0 0 0 1 1 0 0 1 0 0 0 0 0 -1 -1 0 1 -1 0 1 0 0 0 0 0 1 0 -1 1 1 0 0 0 1 0 0 -1 0 0 0 0 0 1 1 0 1 0 2 0 0 -1 0 0 1 1 0 0 1 0 1 0 -1 0 -1 -1 0 -1 1 0 0 1 1 2 1 0 1 0 0 1 0 3 -2 0 0 0 1 1 -2 0 -2 0 2 -1 1 0 1 1 0 -1 0 -1 -1 0 0 0 1 -2 0 0 0 -2 -1 0 1 0 1 -1 1 1 -1 1 0 0 3 0 0 1 1 0 1 0 1 1 1 0 0 -1 1 0 1 0 0 0 -1 0 -1 0 0 -1 0 1 1 0 0 -1 0 0 1 -2 0 1 0 1 -1 0 0 0 1 -1 0 1 2 -1 -1 0 0 0 -1 0 0 0 0 0 -1 1 -1 1 0 0 1 0 -1 0 0 -2 -1 1 0 0 0 0 0 0 -1 0 0 0 0 -1 -1 1 0 -1 0 0 0 0 2 -1 3 -1 1 -1 -1 -1 0 -1 0 1 0 0 0 1 -1 0 -1 1 1 0 1 0 2 -1 -1 0 -1 -2 2 1 1 1 1 -1 0 0 0 0 0 0 0 -1 0 0 0 0 0 0 0 1 1 0 0 0 1 -1 -1 -1 0 0 0 0 0 0 0 -1 0 0 1 1 0 1 0 2 1 0 1 0 1 0 -1 0 0 0 0 1 -1 0 1 -1 1 0 -1 0 0 1 1
0 1 -1 0 1 0 0 0 0 0 0 16 -3 1 -1 1 0 0 1 -1 0 0 0 1 0 -1 0 -1 2 0 -1 1 0 -1 0 0 0 0 1 -1 -1 0 0 1 0 -1 1 1 0 0 0 -1 -1 0 0 -1 0 -1 1 0 1 0 0 -1 0 0 1 2 0 -1 0 0 0 -1 0 -1 -1 1 0 -1 0 0 0 0 1 0 0 -2 0 0 1 -1 0 1 1 0 1 1 1 1 0 0 0 1 2 -1 0 -1 0 1 -1 0 0 0 0 1 0 0 2 -1 0 -1 -2 -1 0 0 0 0 1 0 -1 0 0 0 0 1 0 0 0 2 -1 0 0 1 -1 1 1 0 -3 0 0 1 0 1 0 0 0 0 0 1 0 1 1 -1 -1 0 1 1 1 0 1 0 1 0 1 0 0 0 0 -1 0 1 0 -2 -1 2 2 1 -1 0 -1 1 -1 0 2 1 0 0 0 0 1 -1 0 0 -1 0 0 -1 -1 0 -1 0 0 0 0 0 1 -1 0 -1 0 2 0 0 -1 -1 0 -1 -1 0 0 0 0 0 0 -1 0 0 -2 0 2 0 1 0 -1 -1 0 0 0 0 0 0 1 1 0 0 0 1 -1 1 -1 0 -1 0 -1 0 0 -1 1 1 1 1 1 -1 -1 0 0 2 -2 0 1 0 0 -2 -3 0 0 -3 0 0 -1 4 -1 0 -1 -1 0 0 0 0 -1 -1 0 0 1 0 1 -1 0 0 1 1 0 -2 0 -1 2 -1 0 0 -1 2 0 0 0 1 -1 0 -1 0 1 0 1 1 -1 0 0 1 0 -1 2 0 1 0 0 0 1 0 0 0 0 2 0 0 0 0 1 0 -1 -1
1 0 1 -2 0 1 0 2 0 1 0 -3 25 -1 -2 0 -1 1 1 0 -1 2 2 0 0 0 0 0 1 -1 0 1 1 0 -1 1 1 1 -1 0 -3 2 0 0 0 0 0 -1 2 1 2 1 0 0 -1 1 -1 1 -1 0 -1 1 2 1 0 1 0 0 1 2 0 1 0 0 0 0 1 0 1 0 1 0 1 -1 -1 -1 0 1 0 1 -1 2 -2 2 0 0 -2 -1 -1 -1 -1 0 -1 0 0 0 0 0 1 0 1 0 1 0 -1 0 0 0 0 1 -1 0 0 0 -2 0 2 1 0 1 0 1 1 0 -1 -1 0 0 2 0 -2 0 0 0 1 0 0 0 -1 -1 0 1 -2 1 0 -2 1 2 0 0 0 1 0 0 0 0 1 0 0 -1 -1 1 -1 1 -1 1 -1 0 0 1 1 -1 0 1 -1 0 -2 -1 0 -2 1 0 0 3 -2 0 1 0 -1 0 -1 1 -1 0 1 1 2 -1 1 0 -1 1 0 3 0 0 0 3 -1 1 2 1 -1 0 1 0 0 1 -1 2 0 0 0 0 -1 1 1 1 1 3 -2 1 0 0 0 1 -2 3 3 0 0 -1 0 1 0 0 1 -5 -1 -2 0 -1 5 2 0 -1 -2 1 4 -1 1 0 0 -2 2 0 1 -1 2 -2 2 0 0 -1 0 -1 0 0 1 -1 1 1 0 1 2 0 0 0 1 0 1 1 -2 0 -2 -1 -1 3 -1 1 0 0 0 0 0 0 -2 1 -1 0 0 -2 1 0 0 -2 1 0 1 0 2 1 0 0 2 0 -1 0 0 0 0 0 2 2 0 -2 0 -1 0 -1 -2 -3 2 2 1 1 1 1 1 0
-1 1 1 -1 1 1 1 -1 0 0 0 1 -1 22 0 -1 0 1 1 -1 0 -1 0 2 0 1 0 1 2 -1 1 1 1 0 0 -1 0 0 1 -1 1 1 0 0 0 1 0 0 1 1 0 1 -1 -1 -1 2 0 1 0 1 0 -1 0 1 2 0 -2 3 2 1 0 -1 0 1 1 -2 1 3 -1 0 0 -1 0 0 1 0 1 2 0 -1 0 0 -2 0 1 -1 0 0 1 0 0 0 0 1 0 1 0 0 -1 1 0 1 0 1 1 0 0 0 0 0 1 -1 1 -1 1 0 -1 0 -1 0 0 0 2 0 2 0 0 -1 0 2 0 1 1 1 3 0 0 1 0 2 -1 3 0 0 -1 0 0 0 -1 1 1 0 1 0 -2 1 0 0 -1 0 0 -2 1 0 0 0 1 0 0 0 0 1 0 -1 -3 -1 0 1 1 -1 1 0 2 1 0 -1 2 0 3 -2 1 1 2 1 -1 -1 1 0 0 1 -1 2 0 0 0 -1 0 0 -1 0 0 -1 -1 -1 -1 -1 -3 3 0 1 0 0 0 0 0 0 2 0 0 0 1 3 -1 1 0 0 0 0 2 1 1 0 0 1 0 0 0 1 0 -1 0 1 0 0 0 1 1 0 0 0 0 1 1 0 0 0 -1 2 1 2 -1 -2 -1 1 2 -2 -2 0 1 0 -1 1 -2 1 0 0 -2 2 -1 0 0 1 1 0 1 -1 1 -1 1 0 0 0 0 0 0 1 2 1 0 2 -1 2 2 0 -1 1 -2 1 0 0 1 2 -1 0 0 0 1 0 1 0 1 1 0 0 -1 2 -1 1 2 1 2 0 0 1 1 0 -1 2 1 -1
3 1 1 0 1 0 -1 0 -1 1 -1 -1 -2 0 22 0 -1 -2 0 1 0 0 0 -1 0 1 0 -1 -1 -1 0 1 0 0 2 1 1 0 0 0 0 0 1 0 0 1 0 0 0 -1 0 1 0 0 0 0 1 -1 0 1 0 0 0 0 1 0 -1 -2 0 0 1 -1 0 0 0 0 0 0 0 2 0 -1 1 -1 0 0 0 1 0 -1 2 -3 2 -1 1 -2 0 0 1 0 0 1 0 0 1 0 1 0 -1 0 1 0 0 0 0 2 0 0 2 -1 1 1 0 -2 2 0 0 0 -2 0 1 0 4 0 0 -1 0 0 2 2 0 3 0 -2 1 0 0 0 0 0 1 0 0 -1 0 1 0 0 0 0 -1 -1 -2 1 1 -2 1 -1 1 -1 0 0 0 0 0 1 0 -1 0 1 0 0 -1 -1 -1 -1 0 0 -1 0 0 0 0 0 -1 -2 0 0 0 1 0 0 -1 -2 1 0 -1 0 0 -1 1 0 0 0 -1 0 1 -2 0 1 0 0 0 0 -1 1 0 0 0 1 0 1 0 0 1 0 0 -1 0 0 0 0 1 0 0 0 -1 1 0 0 0 0 -1 1 0 0 0 1 1 3 1 1 0 0 1 0 -1 0 0 0 0 0 1 0 -1 0 1 0 2 2 1 1 0 1 2 -1 2 3 1 1 1 0 1 1 1 -2 0 -4 -1 -1 0 -1 0 0 0 -1 1 1 0 1 0 0 -1 1 0 -1 1 0 0 1 0 -1 -1 -1 -2 0 -2 3 -1 0 -1 0 3 0 1 0 1 -1 0 -1 -1 -1 0 0 0 0 0 -1 0 -1 0 0 -2 2 -1 0 0 0 1 0
0 0 -1 0 0 -1 1 0 1 -1 0 1 0 -1 0 18 -1 -2 -1 2 -1 0 1 1 0 0 -1 1 0 0 3 2 -1 2 1 1 1 -1 0 -1 0 1 1 1 0 0 0 -1 0 2 -1 -1 -1 1 0 0 0 -2 0 1 0 0 1 0 0 0 1 1 -1 0 1 -1 0 0 0 1 1 1 0 -1 -1 -2 1 0 0 0 1 0 -2 0 1 0 -1 -1 1 0 2 0 -1 0 -1 1 0 3 1 1 1 -1 1 0 0 -2 0 0 -2 1 0 -1 4 -1 0 1 0 0 0 0 1 1 1 0 0 1 1 0 0 0 0 1 0 2 1 0 2 2 0 0 1 0 -1 0 0 0 0 3 0 3 1 2 1 1 1 0 1 0 1 0 0 2 2 1 2 0 3 0 0 0 1 0 0 1 2 0 0 1 1 0 0 0 0 0 -1 0 -2 2 1 -1 1 -1 0 1 0 0 1 0 1 1 -1 2 -1 0 0 0 0 0 0 0 0 -1 1 0 0 0 0 -1 0 0 0 -1 0 -2 0 1 0 0 0 2 4 1 0 -1 0 0 0 0 2 -1 -3 0 0 0 0 1 0 1 -2 0 0 0 0 0 1 0 0 1 1 0 0 0 0 -2 1 -1 0 -1 0 0 -1 2 0 -1 1 0 0 -1 2 1 2 0 0 1 1 0 1 0 2 0 1 -2 2 0 1 1 0 0 -1 2 1 0 1 0 3 1 -1 0 0 1 0 2 0 0 0 2 -1 0 1 2 -1 0 0 1 0 1 -1 0 0 -1 -1 -1 0 0 2 0 1 1 0 0 0 0 0 0 -1 0 0 2 -1 1 0 0 0 0
1 0 0 0 0 2 -1 0 1 -1 0 0 -1 0 -1 -1 20 2 1 1 -1 0 0 1 1 0 0 -1 1 3 1 0 0 -1 0 2 0 0 0 0 0 0 0 1 0 1 0 2 -1 0 -1 0 1 2 1 0 -2 0 0 0 -1 0 1 -1 0 0 0 -1 0 1 0 2 0 0 -1 0 1 0 0 1 0 0 0 -1 0 1 1 0 1 -1 0 0 -1 2 0 2 0 0 1 0 0 1 2 -1 1 1 0 -1 0 1 1 -1 0 0 0 0 0 0 -2 1 2 0 1 2 0 0 1 0 0 0 0 0 -1 1 0 1 0 1 0 -1 -1 0 0 0 -2 -1 0 0 0 -1 0 0 0 -1 -2 0 -1 1 0 -1 -2 2 1 2 -3 0 -1 1 2 0 0 1 0 1 -1 2 1 0 0 0 -1 -2 0 0 1 0 1 -1 -1 -1 0 0 0 -1 0 0 0 0 0 -1 -1 0 -1 2 0 0 -1 0 1 2 0 0 1 2 1 -1 1 1 1 0 0 0 0 0 -1 -1 3 -2 0 -1 1 0 0 1 0 0 -1 1 1 -1 1 0 -1 1 1 0 1 0 0 1 1 -1 1 2 0 1 0 1 0 0 0 -1 0 0 0 3 1 -2 0 1 1 0 1 1 1 1 0 1 0 0 0 0 0 1 0 1 0 1 0 -1 -2 2 1 0 -2 0 -1 0 0 0 1 1 0 0 0 1 0 1 1 0 0 1 -1 0 0 2 0 0 0 -1 1 1 0 0 0 0 0 0 2 1 0 1 3 0 -1 1 0 -1 1 0 1 0 0 -1 0 0 0 0 1 -1 0 1 -2 1 -3 0 -1 1 0 0
1 -1 0 0 0 1 0 1 -1 -1 1 0 1 1 -2 -2 2 23 -1 -1 0 0 0 -3 0 -1 0 -1 0 0 1 0 -1 1 -1 -1 1 0 1 1 0 0 0 0 -1 1 0 1 0 1 2 1 1 -1 0 1 0 1 0 2 -1 0 0 -1 1 1 2 -2 1 1 2 0 0 1 1 2 0 1 0 0 0 0 1 -2 0 0 0 0 2 1 2 0 1 1 -2 0 -1 0 3 0 0 2 3 0 0 0 0 0 -2 1 1 1 0 -1 1 0 0 0 -1 0 1 -1 -1 0 -1 1 2 2 -1 1 0 1 -1 0 1 1 0 -1 0 0 1 0 0 -1 0 0 0 0 -1 -1 1 1 -1 0 0 1 0 0 -1 0 2 1 0 0 0 -1 -2 0 -1 -1 -1 -2 -3 0 1 1 -1 0 -2 0 1 0 0 1 0 0 -1 -1 1 0 0 -1 0 -2 -1 1 0 1 1 1 1 2 1 1 0 2 0 -1 0 0 0 2 0 0 -2 -1 0 0 -1 -1 0 -1 0 1 -1 -1 0 0 0 1 0 -1 -1 -1 1 0 -2 0 -1 0 1 0 -1 0 0 -1 -1 -1 2 1 0 2 0 1 -1 0 0 -1 2 -2 0 0 -1 2 0 1 -1 0 0 2 0 0 -1 0 1 0 2 0 1 0 0 0 -1 0 0 0 1 0 -2 1 3 2 0 1 0 0 0 1 2 1 0 0 1 0 1 -1 1 -1 0 1 0 0 1 2 1 1 0 1 -1 0 0 0 -1 1 -2 0 1 0 0 2 0 0 1 1 -1 0 1 0 -1 0 1 0 0 0 0 -1 0 -2 0 0 1 1 0 -1 1 0 1 1 0 0
0 0 0 1 2 0 1 0 0 1 2 1 1 1 0 -1 1 -1 23 3 -2 2 2 0 0 1 1 0 2 1 -1 0 0 0 1 1 -1 0 0 0 1 -1 1 0 0 0 -1 0 2 0 1 1 0 0 0 -1 1 0 0 0 0 0 0 2 0 -1 0 1 -1 3 2 0 1 0 0 -1 -2 2 0 0 1 0 0 -1 3 1 1 2 -1 0 1 -1 0 1 2 0 1 2 -2 -2 0 0 -1 0 0 -2 -1 1 1 -1 1 2 1 -1 1 -1 0 -1 0 -1 0 1 0 1 0 -2 0 2 0 0 0 0 2 0 1 1 0 1 -1 2 -1 -1 2 1 0 0 1 0 1 -2 0 0 -1 -1 -2 0 -1 2 -1 1 0 0 0 0 0 0 0 1 -2 1 1 0 2 0 2 1 2 0 1 2 0 1 -1 1 2 0 0 0 0 -1 0 0 -1 0 1 0 -1 2 -2 -1 1 -1 1 -2 0 -1 0 0 -1 0 -1 2 1 2 0 0 1 2 -2 0 1 2 0 0 0 0 0 0 0 1 0 1 -1 0 -1 -1 1 1 0 1 0 1 0 -2 -1 -2 -2 1 0 1 0 0 2 -1 2 0 2 1 2 -1 0 1 0 1 -1 0 1 0 1 0 0 0 -1 -2 0 0 3 2 0 -1 -1 2 0 1 -1 0 0 0 0 1 -1 0 0 -1 1 0 0 2 1 1 1 0 0 0 0 0 -1 1 -1 -1 1 2 0 0 0 0 1 -1 0 0 -1 1 1 0 0 0 0 2 -1 0 0 -1 -1 0 -1 0 -1 0 3 -2 0 1 0 0 0 0 0 1 0 -1 0 0 2 -1 1 0 0 0 0 1
0 0 0 0 0 0 1 1 1 2 0 -1 0 -1 1 2 1 -1 3 17 -1 2 1 1 -1 0 -1 0 1 1 -1 1 0 1 0 0 1 0 -1 0 2 1 2 -1 0 0 0 -1 0 -1 -1 -1 0 0 0 0 2 0 0 -1 0 -1 0 1 -1 0 0 0 -1 0 -1 0 0 1 1 0 0 1 0 0 0 -1 -1 0 -1 0 1 0 2 -2 1 -1 0 1 0 0 1 0 0 1 0 2 0 2 -1 -1 1 0 1 -1 2 0 0 0 1 1 1 -1 1 -1 -2 0 1 -1 -1 1 2 0 0 1 2 0 0 -2 0 0 1 0 0 1 2 0 1 1 0 0 0 0 2 0 0 -1 0 0 -2 0 1 1 0 1 0 0 0 0 2 0 1 0 0 0 0 1 1 1 0 2 0 -1 0 1 1 0 -1 0 -1 0 0 0 -2 0 0 1 1 0 -2 0 -1 2 -1 1 0 -1 1 -2 0 -1 -1 0 1 0 0 0 1 2 0 1 1 0 0 -1 0 1 1 1 0 -1 0 1 0 2 0 -1 -2 0 2 0 1 1 -1 0 1 -1 0 0 -1 0 -1 1 -1 0 1 0 0 0 -2 0 0 1 0 0 0 0 1 1 0 0 0 -1 -1 0 -2 0 0 0 0 1 1 1 0 1 1 1 2 0 1 -2 0 0 1 1 1 1 -1 0 0 0 0 1 -1 0 3 -1 0 1 0 0 1 0 1 -2 0 1 -1 -1 2 -1 -1 0 0 1 -1 0 0 0 1 1 1 0 -2 0 1 -1 0 -1 0 -1 -1 0 0 0 0 4 0 0 0 0 0 -1 2 0 0 1 1 0 1 -3 -1 1 0 0
-1 0 0 1 -1 1 0 0 0 -1 1 0 -1 0 0 -1 -1 0 -2 -1 16 0 -2 0 0 0 1 0 1 2 -2 -1 0 -1 0 -1 2 0 0 -1 0 0 0 1 -2 0 0 -1 0 0 0 0 0 1 0 0 1 0 -1 2 1 1 1 -1 0 0 0 0 -1 1 1 0 -2 -1 0 0 -1 0 -1 0 0 -1 -1 0 0 -2 -1 0 2 1 0 0 0 2 -1 0 0 0 0 0 0 0 0 -1 -1 0 0 0 0 -1 -1 1 1 0 1 2 1 0 0 -2 -1 1 0 -1 0 0 -1 0 1 1 0 0 -1 0 0 0 -1 0 0 1 0 0 -1 0 0 1 1 -1 0 2 -1 0 0 1 1 -1 1 0 1 0 0 -3 1 0 0 1 -1 0 -1 -1 2 1 -1 0 0 0 2 1 0 -1 0 -2 0 0 2 0 0 1 0 0 0 0 1 0 -1 0 1 0 0 0 -1 1 -2 1 2 -1 1 0 2 -1 1 0 1 -2 0 1 1 -3 0 -1 1 1 0 0 0 0 1 1 0 0 0 2 0 0 0 0 0 2 -1 -2 -1 0 0 0 1 -1 0 0 -1 1 -1 -1 1 0 0 0 0 0 0 1 -2 2 -1 1 -1 0 -1 0 -1 0 0 0 -1 1 1 -3 0 1 0 0 1 1 1 0 -1 -1 0 0 1 -1 0 0 0 -1 0 0 -3 -1 -1 0 0 1 0 0 -1 0 0 0 0 1 0 0 0 1 0 -2 -1 1 0 -1 1 1 0 -1 0 1 0 0 0 1 0 0 -1 -1 0 2 0 0 1 0 -1 0 0 0 0 0 0 -1 -1 -1 1 0 0 0 0 1 0 0 0 0
-2 2 0 0 -3 0 -1 0 -2 0 -1 0 2 -1 0 0 0 0 2 2 0 24 -1 1 -1 0 -2 -3 2 -1 1 1 0 0 0 0 1 0 1 -1 2 1 1 -1 1 -1 0 0 2 0 0 1 -1 1 1 -1 0 2 0 -1 -3 0 0 0 -1 -1 0 -3 -1 2 0 1 0 -1 1 -1 1 -1 0 0 2 0 2 1 2 0 1 1 0 1 1 -1 0 1 1 0 3 -1 0 1 0 0 1 -1 -1 0 1 1 1 -2 0 0 0 -2 0 1 0 1 0 -3 0 -1 1 2 -4 -1 0 2 0 -1 -1 0 2 0 0 0 0 0 0 0 0 -1 0 -1 0 1 -1 0 2 -1 -1 -1 1 1 2 1 0 2 1 0 0 1 0 0 1 -1 -1 -1 0 0 2 -2 -1 0 -1 2 0 0 2 1 1 0 0 -2 6 0 0 -2 -3 0 -1 0 -2 1 0 0 0 1 1 -1 -1 2 1 0 2 1 -1 0 -1 1 0 0 2 0 -2 -1 0 1 -1 -1 1 0 2 0 0 0 1 1 1 -1 -1 0 0 0 1 1 -1 0 2 1 -3 0 0 2 1 -1 -1 0 0 1 0 0 0 0 -1 0 1 1 0 -1 1 1 1 -1 0 -2 4 1 0 0 -1 0 -1 -2 2 0 2 0 1 0 0 2 1 1 0 0 1 1 3 0 0 1 1 0 2 0 0 0 0 0 -1 0 2 0 0 0 -1 2 0 -1 1 1 0 0 -1 0 -1 -1 0 0 -2 0 1 -1 -2 1 0 0 0 -1 -1 -1 0 -1 0 0 0 0 0 2 -1 2 1 0 0 0 1 0 0 0 -1 1 2 0 0 1 0 -1 1 1
2 0 1 1 0 0 1 -2 0 0 0 0 2 0 0 1 0 0 2 1 -2 -1 19 -1 1 0 0 2 1 0 0 1 0 0 1 1 -1 0 0 0 1 0 0 0 0 0 1 1 0 0 2 1 1 -1 0 0 2 0 1 1 0 1 1 1 1 1 1 0 0 -1 1 0 1 0 0 0 0 0 1 -1 2 -2 -1 -1 0 0 0 -1 0 -2 0 0 0 -1 -1 0 0 1 -2 -2 1 0 0 2 1 0 0 0 2 1 -3 1 0 0 0 1 0 -2 0 0 1 0 0 1 -1 1 0 0 -1 0 1 0 -1 1 0 0 1 1 0 0 -1 1 0 1 -1 0 1 0 1 1 -2 3 0 0 -2 1 1 0 0 0 0 3 0 -1 0 0 0 0 1 2 1 0 -1 0 0 1 -1 1 1 1 0 1 0 0 1 2 -1 1 0 1 -1 2 0 1 1 1 -1 0 0 0 1 0 3 0 1 1 0 -2 0 0 0 1 0 1 1 0 0 1 0 -1 0 0 -1 2 0 -1 0 3 0 0 1 0 0 0 1 1 0 0 0 1 2 -2 -1 0 0 -1 1 1 0 1 1 1 1 0 -1 0 1 3 0 -2 2 0 0 0 0 0 1 0 0 1 0 0 0 0 -1 0 -1 1 0 -1 0 0 -1 0 -1 -1 1 0 -1 2 1 1 1 0 -1 0 0 1 1 -1 0 -1 -1 0 0 1 1 1 1 1 0 0 1 -1 0 -1 2 -1 1 0 0 0 0 0 0 1 0 1 0 0 0 1 -1 1 0 1 0 0 0 0 0 0 0 0 0 -1 1 -1 -2 1 -3 1 -1 1 1 1 1 2 1 0
0 0 0 2 -1 0 0 -1 0 2 0 1 0 2 -1 1 1 -3 0 1 0 1 -1 20 0 1 0 0 -1 0 1 0 0 -1 1 0 1 1 2 0 -1 1 -1 0 1 0 -1 -3 1 -3 -1 -1 0 1 1 -1 1 0 0 0 0 0 0 3 1 -1 0 0 0 1 0 -2 -1 2 -1 0 0 2 -1 0 -1 -2 0 1 0 1 0 2 0 -1 -1 0 -2 -1 1 -1 1 0 0 0 -1 -1 1 0 0 1 0 0 1 1 4 -1 0 -1 1 0 0 0 1 1 2 0 0 0 0 0 0 -2 -1 0 0 0 -1 0 -1 -1 1 1 0 0 -1 0 1 0 1 1 -1 1 -1 0 1 1 0 0 2 1 0 1 0 0 0 0 1 -1 0 0 0 -1 0 2 1 -1 1 0 0 -2 1 0 1 0 -1 0 -1 1 0 -1 1 -1 1 -1 0 0 1 0 -1 0 1 0 1 -1 1 -1 1 0 1 0 -1 1 0 1 0 1 1 0 0 -1 -1 1 1 0 0 0 -1 1 0 -1 -1 -3 -1 -1 0 -1 -1 0 0 1 1 0 1 0 2 1 0 2 -2 1 0 0 1 -1 0 1 0 1 -1 -1 -1 -1 1 -1 0 2 0 0 0 2 0 0 0 -3 2 -1 -1 0 0 -2 0 0 -1 0 1 2 0 2 2 0 -3 0 0 0 -1 2 1 0 0 0 -1 0 -1 0 2 0 0 -1 -1 1 1 1 0 0 -1 2 0 0 0 0 0 0 0 0 0 0 1 -1 -2 0 1 1 -1 -1 2 1 0 1 2 -1 1 0 0 -1 1 0 0 1 0 1 -1 0 1 1 -1 0 1 1 -1 0 -1 1 -1 -1
-1 -1 0 1 0 1 1 -1 0 -1 0 0 0 0 0 0 1 0 0 -1 0 -1 1 0 13 0 -1 1 0 0 -1 0 0 1 0 0 0 0 1 0 0 1 1 0 0 0 2 2 0 0 0 0 2 -1 0 0 -1 0 0 0 0 0 0 1 0 1 1 0 0 0 1 0 0 0 0 1 0 0 1 1 2 0 1 0 1 0 0 1 1 -1 0 0 1 -2 2 0 0 0 -1 1 -1 1 0 0 1 0 1 -1 0 1 -1 0 1 1 -1 -1 -1 1 1 1 2 0 1 -1 0 -1 0 0 1 0 -1 0 0 0 0 1 0 0 0 1 -1 0 0 1 0 0 0 1 1 0 -2 0 0 -1 0 0 1 -1 0 0 0 1 -1 -1 0 -1 0 2 1 1 0 0 -1 1 0 0 0 1 0 -1 -1 0 0 2 0 0 1 1 0 0 1 0 -1 -1 2 -1 -1 -2 0 1 0 0 1 0 1 0 0 0 0 0 3 -1 0 0 1 1 0 -1 0 2 0 -1 -1 0 0 0 1 -1 0 -1 1 -1 0 0 -1 1 1 1 1 0 1 0 0 0 1 -1 0 0 -1 0 0 0 0 1 0 0 1 0 0 0 -1 0 0 0 0 1 1 -1 0 1 1 1 1 0 1 0 0 0 -1 0 -1 0 -1 0 0 2 -1 -1 -1 0 0 1 0 0 0 0 0 0 1 0 1 0 0 -1 1 1 0 0 -1 -1 0 0 2 0 -2 0 -3 0 3 -1 -1 0 0 0 0 0 -1 2 0 -2 1 0 0 0 0 0 0 1 0 0 0 0 0 -1 0 0 0 0 0 1 0 0 -1 1 0 1 1 -1 0 -1
-1 0 0 0 -1 0 1 0 -1 0 0 -1 0 1 1 0 0 -1 1 0 0 0 0 1 0 12 0 0 1 -1 1 0 0 0 0 0 0 0 0 0 1 1 1 1 0 1 1 -1 0 0 0 1 0 0 0 0 0 0 0 0 0 -1 2 0 0 0 1 0 0 0 0 -1 0 0 1 1 0 0 0 0 1 0 1 0 1 0 0 1 0 0 2 0 0 0 0 -1 2 0 0 1 1 0 1 0 1 -1 0 0 0 0 1 0 0 -1 1 0 0 0 0 0 0 1 -1 -1 0 0 0 -2 0 0 0 1 1 0 -1 0 1 1 0 0 -1 0 1 2 1 0 1 0 0 0 0 0 0 0 0 1 1 0 1 0 -1 0 0 0 2 0 0 -1 0 0 1 1 0 1 1 1 -2 0 1 1 0 0 0 0 -1 -1 0 0 0 1 1 0 0 0 0 0 0 0 1 -3 0 0 -1 -1 0 0 1 0 1 0 1 -1 0 0 0 0 -1 0 -1 1 0 2 1 0 0 0 0 0 -1 -1 0 0 0 0 0 0 1 -1 0 1 0 0 0 1 0 1 0 0 3 0 0 0 0 0 0 0 1 -1 1 0 0 2 0 0 0 0 0 0 0 0 0 0 0 0 0 0 2 0 0 1 0 1 0 1 0 0 0 0 0 -1 0 0 2 0 2 -1 1 -1 0 0 0 0 0 1 -1 0 0 2 0 1 0 0 0 1 1 0 1 1 0 -1 0 1 0 1 0 -1 0 1 0 0 -3 -1 -1 -1 1 0 0 0 0 0 0 0 1 0 -1 0 0 0 0 -2 0 0 -1 1 0 0 0 1 1 0
0 0 0 1 0 0 0 0 -1 0 2 0 0 0 0 -1 0 0 1 -1 1 -2 0 0 -1 0 21 0 0 0 2 0 0 0 0 1 0 0 0 0 -2 0 -3 0 0 3 0 1 0 1 1 0 -1 3 -1 0 0 -2 -1 1 2 -1 -1 0 0 -1 0 -2 1 -1 0 0 -1 0 0 1 0 -1 -1 1 0 1 -1 0 1 2 -1 0 1 1 -2 0 1 0 0 0 0 3 -1 1 1 1 -1 1 0 -1 2 0 0 0 1 -1 1 1 0 2 0 0 0 -1 1 1 -1 -1 1 0 0 0 1 -1 2 -2 1 1 -1 1 -1 1 2 -2 0 0 2 0 -1 1 0 -1 1 2 -1 0 0 -1 1 -2 0 0 0 0 0 1 1 1 0 1 0 0 0 0 0 1 0 3 2 0 0 -1 2 0 0 0 -1 0 0 0 1 0 0 1 0 -1 0 0 1 2 1 -1 0 -1 0 -1 0 0 0 2 1 1 1 0 0 0 0 1 -1 0 0 1 0 -2 0 -1 1 0 0 0 0 0 0 -1 -2 1 0 0 1 0 -2 -2 -1 -1 0 1 1 0 1 0 1 0 0 2 -3 0 -1 0 -1 0 0 1 -1 2 0 1 -1 0 2 -3 -1 1 1 0 -1 0 1 0 0 1 1 0 -1 -1 1 0 1 0 0 1 0 2 0 0 0 0 -1 -1 1 1 0 1 1 2 1 0 -2 1 0 -1 1 1 0 0 0 0 -1 -1 0 2 1 0 0 0 1 0 1 1 -1 -1 1 0 0 -1 -1 0 0 -1 0 1 -1 0 2 0 -1 -1 0 -3 0 -1 0 0 -1 2 0 0 0 0 1 2 0 -1 -1 -1
1 1 0 2 1 -1 1 -1 0 2 1 -1 0 1 -1 1 -1 -1 0 0 0 -3 2 0 1 0 0 16 0 0 0 0 0 1 1 0 0 0 -2 1 -2 -1 0 0 0 0 -1 -1 2 0 -1 1 0 -2 0 0 0 0 0 0 -1 1 -3 1 1 -1 -2 1 0 0 0 0 0 0 -2 0 0 0 0 1 0 -1 -1 1 -1 1 0 0 0 -1 1 1 1 0 0 0 1 1 0 -2 0 1 0 1 0 0 0 0 0 -1 1 1 -1 0 0 0 -2 0 1 2 0 0 2 1 1 0 1 0 0 0 2 0 -2 0 0 0 -1 0 0 -1 0 0 0 1 0 0 2 1 2 0 0 1 1 2 -1 -2 -1 -1 0 0 0 -1 0 -2 -1 0 1 0 -1 0 0 -1 -1 0 0 -1 0 0 0 0 1 0 0 1 -1 0 0 1 1 0 1 1 -1 1 -1 0 -1 0 0 1 2 0 0 0 1 0 1 0 1 0 1 -1 0 0 1 0 -1 1 0 1 1 0 0 1 -1 0 0 1 1 -2 -1 -2 0 0 0 1 1 0 -1 0 -1 0 0 1 2 0 1 0 -3 0 0 -1 -1 0 0 0 0 0 -1 0 0 0 0 0 0 1 -2 0 0 -2 -2 1 0 0 -1 0 -1 0 2 -1 0 0 -1 0 0 2 0 0 0 0 1 0 1 0 0 2 0 -1 1 0 1 0 0 0 0 -1 0 1 1 0 0 0 1 0 0 0 1 0 -1 2 0 0 2 0 -1 0 -1 0 1 0 -1 0 0 1 0 -1 -1 0 1 1 0 -1 -1 0 0 0 0 0 -1 0 0 0 0 2 0 0 -1 2 1 -1
-1 1 -1 1 0 0 -2 -1 0 1 0 2 1 2 -1 0 1 0 2 1 1 2 1 -1 0 1 0 0 26 0 0 -1 3 1 -1 0 -1 0 0 -1 -3 1 0 -1 3 1 2 2 0 -1 0 0 0 3 -1 2 -1 0 -1 1 1 1 2 0 -1 1 1 1 1 0 2 0 -1 -1 0 1 -1 0 0 1 0 -2 0 0 1 0 0 -1 -1 0 0 0 0 -1 -1 0 -1 -3 0 -1 4 2 0 0 0 -3 -1 0 -1 1 -1 0 1 -3 -2 0 0 0 2 -3 2 -2 1 -1 0 0 -1 0 0 0 0 0 0 1 0 0 0 0 -1 1 0 0 1 2 3 0 0 -1 -1 2 -1 1 0 3 -1 -1 0 1 4 0 2 0 0 0 1 0 1 1 -1 0 2 0 1 0 0 2 1 -1 0 1 0 1 0 -3 1 2 1 0 0 0 0 -1 0 -1 1 0 0 -2 -1 -4 0 2 -1 -4 1 0 1 -2 -1 -1 0 3 0 2 0 0 0 2 -1 1 2 0 0 2 0 1 0 4 -1 0 0 1 1 -1 0 0 0 1 0 0 0 1 0 2 1 1 -1 -1 0 1 2 0 0 0 0 1 0 1 0 -1 0 0 1 0 -1 0 3 0 -1 -1 0 1 0 -1 1 1 -1 0 1 0 0 1 -1 0 0 -1 2 -1 0 -1 -2 0 -1 1 0 2 1 2 -1 -1 1 0 2 4 0 0 -1 1 -2 0 0 0 0 1 0 0 0 1 0 1 0 1 1 2 0 0 -1 2 -1 2 1 1 0 0 -1 -1 1 -1 5 -1 0 3 1 1 0 -1 3 1 0 0 1 1 0 1 -3 0 -1 2 0 0
1 1 -1 2 1 -1 0 -1 -1 -2 0 0 -1 -1 -1 0 3 0 1 1 2 -1 0 0 0 -1 0 0 0 22 -1 0 -1 -1 -1 1 0 0 0 0 -1 -3 1 2 -1 0 1 1 0 0 1 -1 -2 -2 0 -1 2 1 1 0 0 -1 0 -1 -1 1 -2 2 -1 0 0 0 0 -1 -2 1 -1 2 0 3 -1 -1 1 0 0 0 0 -2 2 -1 -1 1 0 3 0 -1 -2 0 1 -3 0 1 1 2 -2 0 1 0 0 1 -1 2 -1 3 1 0 1 0 0 -1 0 -2 0 1 -1 1 1 1 0 0 -1 0 -3 -2 -1 1 0 1 2 -1 1 0 -1 0 -2 1 1 -1 0 0 0 0 -1 1 -1 0 -1 0 -1 0 1 -2 -1 -1 -1 0 0 1 2 1 1 0 1 1 2 1 0 -1 1 -1 -2 -1 0 0 1 1 0 3 -3 0 -2 0 1 -1 0 1 0 0 0 1 0 0 -1 2 1 0 1 0 0 0 1 0 0 1 1 1 2 0 0 2 0 0 0 -1 1 -1 0 -1 0 1 2 -1 0 1 1 0 0 -1 0 0 2 -1 0 1 -1 0 1 0 -2 1 0 -2 0 0 -2 0 0 0 0 2 0 0 -1 1 0 1 0 -2 0 -3 -1 0 1 0 0 1 0 1 0 0 -1 -1 1 0 0 2 0 -1 0 -1 1 4 1 -2 -1 -1 -1 -2 -1 -1 1 1 1 0 0 0 0 0 0 0 2 1 -1 2 0 0 0 0 0 0 0 0 -1 1 0 -1 1 -1 0 0 -1 0 3 1 -2 2 -1 0 2 0 0 0 0 1 0 1 1 -1 1 -1 2 1 0 -2 -1 0 0 0 2 -1
0 0 0 -1 0 -1 0 1 -1 -1 0 -1 0 1 0 3 1 1 -1 -1 -2 1 0 1 -1 1 2 0 0 -1 19 -1 0 2 1 0 0 0 0 1 -1 0 2 -1 1 -2 0 0 0 1 -2 0 0 -1 1 0 1 0 0 0 0 -1 2 -1 0 -1 0 1 0 0 0 0 0 -1 1 0 2 0 0 1 1 0 0 2 -1 -1 1 2 -1 0 2 0 0 0 2 1 0 0 -1 -1 0 0 1 1 -2 0 0 0 0 0 2 -2 0 0 0 -1 -1 0 0 1 0 1 0 2 0 0 1 0 1 0 0 0 1 0 0 -3 0 1 -1 1 -2 1 1 0 1 0 -1 0 0 0 1 1 -1 0 1 2 -1 1 0 -1 1 0 0 0 -1 0 -2 0 2 0 0 0 0 2 -1 -1 -1 0 0 0 1 1 0 -1 1 0 0 -1 0 0 0 -1 -2 1 0 0 1 0 1 -2 0 0 0 -1 1 1 0 1 0 0 -3 0 -1 0 0 0 0 2 0 -1 0 0 0 -1 -1 0 0 -1 0 -1 0 0 -1 0 0 1 0 0 1 0 1 2 1 2 1 1 0 -1 3 0 -1 2 0 1 -1 0 -1 2 1 -1 1 0 -1 0 2 -2 1 0 1 0 1 -1 -1 -1 -1 0 0 -1 0 0 -1 0 -1 0 3 1 1 1 1 1 0 0 -1 -1 1 0 2 -1 0 0 1 0 1 2 -2 0 -2 0 -1 0 1 0 -1 -1 0 0 1 0 0 0 0 0 0 0 -1 0 2 -1 0 1 0 1 0 0 1 -1 1 0 1 0 0 -1 1 0 2 0 0 0 0 0 0 0 -1 1 1 1 0 0 -1 2
1 -1 -2 1 3 0 0 0 0 -1 0 1 1 1 1 2 0 0 0 1 -1 1 1 0 0 0 0 0 -1 0 -1 18 0 1 0 0 2 0 1 1 0 0 0 0 0 1 0 0 2 0 0 1 0 1 -1 0 0 0 1 1 2 -1 -1 3 0 0 0 1 0 0 0 0 1 0 1 0 -1 0 0 -1 -1 -1 1 1 -1 -1 0 0 0 0 0 0 0 -1 0 -2 0 0 -1 0 1 1 0 0 1 1 1 0 0 1 0 0 0 0 2 1 0 0 0 1 1 0 0 0 2 0 2 0 0 1 1 0 1 0 1 0 0 0 1 -1 2 1 0 0 -1 0 1 0 -1 1 -1 1 0 -1 0 -1 1 0 1 0 -1 0 0 0 0 1 2 -1 2 1 -1 0 1 0 2 1 0 1 0 1 1 2 1 -1 -2 -1 0 0 -1 0 0 1 -1 0 0 1 2 0 0 1 1 0 3 1 0 0 0 0 0 1 -1 0 0 1 2 0 0 -2 -2 -1 0 -1 0 0 0 1 0 1 0 0 0 0 -1 0 0 1 1 1 0 0 0 -1 0 -2 0 0 -1 -1 1 0 0 0 0 2 -2 0 1 -1 0 0 0 0 1 0 1 0 1 -1 1 0 0 0 2 -1 0 0 0 2 0 -1 -2 1 -1 1 1 0 -1 0 1 1 0 -1 0 1 3 -2 1 1 1 0 -1 0 1 0 -2 -1 1 0 1 -1 -1 1 -1 -1 0 0 1 1 -1 0 0 -1 -1 0 1 -1 -1 -1 0 0 0 2 1 0 0 0 0 -1 0 0 0 0 0 0 -1 0 0 0 -1 1 1 1 0 1 -1 1 -1 1 1 0
0 -1 0 0 0 -2 0 1 2 1 0 0 1 1 0 -1 0 -1 0 0 0 0 0 0 0 0 0 0 3 -1 0 0 18 -1 0 1 1 2 0 0 0 0 1 0 0 -2 0 0 2 0 0 3 0 -1 1 0 0 0 0 -1 0 0 1 0 0 0 1 0 1 0 0 0 0 0 0 0 0 -1 0 0 1 0 -1 0 0 0 -2 1 0 1 -1 0 -1 0 1 2 0 -1 0 0 0 0 1 -1 -2 3 -1 0 2 2 0 0 2 0 1 2 1 0 0 0 0 0 1 0 1 0 0 -1 -1 1 0 1 0 0 0 0 0 0 -1 0 0 -1 0 0 2 0 0 1 0 0 -1 -2 1 0 0 1 0 0 1 0 -1 0 0 -1 0 0 0 0 1 1 -2 -1 0 0 0 0 1 0 -1 1 -1 -1 0 0 0 0 -1 0 0 0 0 3 0 0 0 0 0 2 0 0 1 0 0 1 4 5 0 0 0 0 -1 2 -1 1 0 0 1 2 3 0 0 1 1 -2 1 0 -1 -1 -3 0 -1 1 0 0 0 0 -1 1 -2 1 0 0 0 0 0 0 0 -2 -1 1 1 1 0 0 0 0 0 0 0 -1 0 0 1 0 0 2 1 3 0 0 2 0 0 0 0 0 1 -1 -1 0 0 0 0 0 0 -2 0 -1 -1 1 0 1 0 1 0 2 2 2 0 0 -1 0 1 1 0 0 0 0 1 -1 1 -1 0 0 0 0 -1 0 -1 -1 0 0 0 0 0 0 0 -1 0 3 0 0 1 1 1 0 0 0 0 0 0 1 0 0 0 1 1 -2 -1 0 0 0 0 2 4 0 1 0 0 0
1 0 0 1 0 -2 0 1 -1 -1 0 -1 0 0 0 2 -1 1 0 1 -1 0 0 -1 1 0 0 1 1 -1 2 1 -1 22 0 0 -1 0 1 -1 0 1 -1 0 1 1 1 0 0 0 0 1 2 1 1 0 0 -1 1 0 1 0 2 0 -2 1 1 1 0 0 0 -1 0 -1 2 1 -1 0 0 -2 0 2 0 1 -1 0 -2 -1 -1 2 2 0 -1 1 -1 0 0 -1 -1 0 1 0 0 1 1 0 0 1 0 -1 1 -1 -1 -1 1 0 0 0 0 1 0 0 2 1 0 0 1 0 2 -3 0 1 2 0 0 -2 0 0 -1 0 1 -1 1 1 1 0 0 2 2 0 0 0 0 2 1 -1 3 0 0 -1 0 -1 0 0 -1 0 1 0 0 0 -1 1 0 1 -3 -1 -1 0 0 0 0 2 -1 2 -1 1 -1 -1 0 1 0 0 0 1 0 0 0 2 0 4 0 1 2 0 0 1 0 0 1 0 -1 -1 0 0 0 1 -2 -2 0 -1 0 0 0 0 3 1 -1 1 -1 2 1 0 2 0 0 0 2 0 0 1 1 -1 0 2 1 0 0 0 1 0 0 1 0 0 -1 -1 -1 1 -1 -1 1 -1 0 0 2 -3 0 0 0 1 0 -2 0 0 0 0 1 0 0 -2 0 0 1 -2 1 1 1 0 -1 1 0 0 1 0 0 0 0 1 0 2 3 0 -1 0 1 0 0 1 -1 2 0 0 1 1 1 0 1 1 -1 -1 1 -1 1 0 1 1 0 0 2 3 0 0 -1 0 0 2 1 0 -1 0 0 1 -1 1 2 1 0 0 -1 0 1 0 -1 2 -1 -1 0 0 1 1
0 0 -1 0 1 0 0 0 1 0 0 0 -1 0 2 1 0 -1 1 0 0 0 1 1 0 0 0 1 -1 -1 1 0 0 0 12 0 0 1 0 -2 0 1 0 0 0 0 -2 -1 1 0 -1 0 0 0 1 0 1 0 0 2 0 1 1 1 0 -1 -1 -1 -1 0 -1 -1 1 0 0 0 -2 0 0 -1 0 0 -1 -1 2 0 0 0 0 -1 1 1 0 1 0 -1 0 0 0 0 1 0 0 1 0 -1 -1 1 1 0 0 -1 0 0 1 1 1 0 2 0 -1 1 -1 -1 1 0 0 0 1 0 -1 0 1 0 -1 0 3 0 0 0 0 0 1 0 0 0 0 0 1 0 0 0 0 1 0 1 1 1 -2 0 1 0 -1 1 0 0 0 1 0 1 -1 -1 -1 0 0 0 0 0 0 1 0 0 1 0 0 -1 0 0 0 0 1 0 0 0 0 -1 0 1 0 0 1 0 -1 -1 -2 0 0 0 0 0 0 0 -1 0 0 0 -1 0 -2 1 1 0 0 -1 -1 -2 0 0 0 1 0 -1 0 0 0 1 1 1 0 0 1 0 0 0 2 -1 0 1 -1 1 0 0 0 -1 0 0 1 1 0 1 -1 -1 -1 1 0 1 1 0 0 -1 2 0 1 0 0 0 -2 0 0 -1 0 0 1 1 0 0 0 0 1 1 -1 1 0 0 0 0 1 1 0 0 0 0 0 0 0 0 0 0 0 0 1 -1 0 1 0 0 0 0 1 0 0 1 2 0 -1 0 0 -2 0 0 0 0 -1 0 1 0 0 0 1 0 0 0 0 0 0 0 0 1 -1 1 0 0 -1 1 1 0 1 1 0 0
0 -1 0 1 0 0 0 0 1 0 -1 0 1 -1 1 1 2 -1 1 0 -1 0 1 0 0 0 1 0 0 1 0 0 1 0 0 15 -1 -1 0 1 -1 0 0 1 0 0 1 1 0 0 0 0 0 0 -1 0 -1 -1 0 3 0 0 0 -1 0 -1 -1 -1 -1 1 0 2 3 0 0 -1 0 0 0 0 0 0 0 0 1 -1 0 0 0 0 -1 0 -1 0 0 0 0 0 0 1 0 0 -1 0 0 -1 0 0 3 0 -2 -1 0 -1 -1 0 0 -1 0 0 0 0 -1 1 0 0 1 0 0 -1 -1 1 -1 0 0 0 1 0 -1 0 1 0 1 0 1 0 0 0 0 -2 0 -1 1 2 0 0 2 0 0 0 -2 0 0 0 0 0 1 -1 -1 1 -2 0 1 0 -1 -1 -1 0 0 0 0 1 0 -1 1 0 0 0 0 0 0 0 0 0 1 0 0 0 0 0 -1 0 0 0 2 0 -1 0 1 0 0 -1 0 0 0 1 0 0 0 -1 0 0 1 1 2 -1 1 -1 0 0 0 -1 1 0 0 -1 0 1 0 1 1 -1 0 1 0 0 1 0 -1 1 -1 1 0 3 -1 0 1 1 0 -1 0 0 0 0 0 -1 0 -1 0 -1 0 0 0 0 0 0 1 0 1 -1 0 0 0 -1 0 0 0 1 0 -1 0 1 0 -1 1 -1 0 1 0 0 1 0 0 0 0 0 1 0 0 -1 0 1 0 0 -1 2 -1 0 -1 0 0 -1 0 0 0 0 -1 0 0 -1 0 1 1 0 0 0 -1 1 0 1 0 -1 1 0 0 -1 1 0 1 1 0 0 -2 0 0 0 -1 0 1 0
1 -1 0 -1 0 0 0 0 3 -1 0 0 1 0 1 1 0 1 -1 1 2 1 -1 1 0 0 0 0 -1 0 0 2 1 -1 0 -1 22 2 -1 -1 0 -1 1 -1 1 0 0 -2 1 0 -2 1 1 1 -1 1 1 0 1 -2 0 1 0 -1 2 -1 0 1 1 0 0 0 0 -1 -1 0 0 1 1 1 1 -2 2 0 0 0 -1 1 0 0 0 0 -1 -1 4 1 1 0 0 -1 0 1 0 2 1 3 2 -1 0 0 0 -2 0 0 1 0 -1 1 4 2 0 1 -1 -1 0 -1 2 1 0 0 3 0 0 2 0 0 -1 -1 -1 1 -1 -1 1 1 -1 0 0 -1 1 -1 1 1 2 -1 0 0 0 1 1 0 0 0 -1 0 -1 0 0 -1 -1 -1 0 0 0 2 3 0 0 -1 1 0 0 -1 -1 0 1 1 -1 0 1 0 0 0 0 0 0 1 0 0 0 -1 3 0 1 1 1 -1 -1 1 0 0 0 1 1 0 1 1 0 -1 0 0 0 0 0 0 0 0 1 0 1 0 -1 1 1 -1 0 1 0 1 0 0 0 1 0 -1 0 0 0 1 -1 1 0 1 2 2 1 0 -2 1 1 1 0 1 1 -1 2 0 2 1 1 0 0 0 0 0 0 0 0 -1 -1 1 0 0 -1 0 1 1 1 0 0 -1 0 -1 1 0 1 -1 0 -1 0 1 -1 0 0 0 0 0 0 0 1 -1 1 1 0 -1 0 0 -1 1 0 0 -1 -1 -2 0 -3 1 2 -2 3 1 0 0 0 1 1 1 -1 1 0 1 0 0 1 -3 0 1 -1 1 2 1 0 0 0 3 1 -1 1 1 1 0
2 0 0 1 0 0 1 0 0 0 0 0 1 0 0 -1 0 0 0 0 0 0 0 1 0 0 0 0 0 0 0 0 2 0 1 -1 2 16 -1 2 3 0 0 1 0 0 0 1 0 0 -5 1 0 1 0 0 0 2 0 0 0 1 1 0 0 0 -1 1 1 0 0 -1 0 0 1 0 0 0 0 1 0 -1 -1 0 1 -1 -2 0 0 -2 0 1 0 -2 1 1 1 0 -1 0 0 -1 0 -1 1 -1 1 0 -1 0 0 0 -1 0 0 0 1 1 4 0 -1 0 1 -1 0 0 1 0 1 0 -1 1 0 0 -1 0 0 -1 0 0 0 0 0 0 0 0 1 0 2 -2 0 0 0 -1 1 0 1 0 0 0 0 0 0 0 0 0 0 1 1 -1 0 -1 0 -1 0 -1 1 0 0 0 0 1 0 0 -1 0 0 0 -1 0 -1 0 1 -1 -1 0 0 0 -1 0 0 0 2 1 -1 0 1 0 0 1 0 1 0 1 -1 2 0 1 1 0 -2 0 0 0 0 0 0 0 0 2 0 1 -1 0 0 0 0 0 0 0 2 0 0 0 -1 0 -1 -1 -1 1 1 0 1 1 2 1 0 1 0 1 0 -2 0 1 0 -1 0 0 0 1 0 3 -1 1 1 -1 0 -1 0 1 0 -1 0 -1 0 1 0 -2 0 1 0 0 -1 0 -1 1 0 2 0 2 0 0 0 0 -1 0 -1 -1 0 -1 0 0 1 0 0 -1 0 0 0 0 1 0 0 0 1 0 2 -1 1 1 0 0 0 0 0 1 -1 0 0 0 -2 0 -2 2 0 0 0 -1 1 3 0 0 -1 1 1 0 1 0 -1 1
0 -1 1 0 0 1 0 0 0 0 1 1 -1 1 0 0 0 1 0 -1 0 1 0 2 1 0 0 -2 0 0 0 1 0 1 0 0 -1 -1 17 1 1 0 -1 0 0 0 1 0 -1 1 0 1 0 0 0 0 0 1 -1 -2 0 -1 0 -1 -1 0 1 1 0 0 1 -1 0 0 1 2 1 3 0 -1 0 2 0 0 0 2 -1 1 0 0 0 0 0 1 0 1 -1 0 2 0 1 1 0 -2 1 0 1 0 -1 0 2 0 0 -1 0 0 1 0 0 0 0 -1 0 0 1 0 -1 1 1 1 0 -1 1 -2 0 1 1 0 0 0 2 3 0 0 0 0 0 0 -1 2 1 2 1 -1 0 2 1 -1 0 0 0 0 0 -2 0 -2 0 0 1 2 0 1 -1 1 1 0 1 -1 0 0 0 1 0 0 0 0 0 0 0 1 -1 -1 0 0 1 1 -1 0 0 0 0 0 -1 0 2 0 -1 -1 -1 0 -1 0 0 0 0 0 0 -1 0 -1 2 -1 -1 1 0 -3 -1 0 0 0 0 1 -1 0 0 0 0 -1 0 0 2 -1 0 0 0 0 -1 1 1 0 0 1 0 0 -1 0 0 -1 1 -1 0 0 -1 0 1 0 2 0 0 0 1 1 0 1 0 0 0 0 0 -1 0 0 1 0 0 0 0 0 -1 0 -2 1 1 1 1 0 -1 1 1 0 0 0 1 -1 0 1 1 -1 0 1 0 0 -1 0 0 0 0 0 0 0 0 -1 -1 0 1 1 0 1 0 1 1 1 0 -1 0 -1 3 1 0 0 0 1 0 0 0 1 1 0 1 1 0 0 0 -1 0 1 0 0 0 0
1 0 0 -2 1 -1 0 -2 1 -1 0 -1 0 -1 0 -1 0 1 0 0 -1 -1 0 0 0 0 0 1 -1 0 1 1 0 -1 -2 1 -1 2 1 22 1 0 0 1 0 0 -1 1 0 -1 0 0 1 0 0 0 0 0 0 0 0 1 0 1 0 1 -1 2 -1 1 -1 -1 0 -1 0 1 0 1 0 2 0 1 0 0 0 0 0 0 0 1 3 1 1 -1 2 1 -1 0 -3 -1 0 1 0 -1 0 1 2 0 1 1 0 0 0 1 -2 0 1 0 -1 0 0 0 -1 1 -1 -1 1 1 0 -1 -1 0 0 0 0 1 -1 1 0 1 2 0 0 -1 0 -2 0 0 2 1 2 0 1 0 2 0 -1 -1 1 -1 -1 0 1 -1 1 0 1 1 1 1 0 1 0 0 0 -1 1 0 0 1 0 2 0 0 0 0 1 -2 0 0 0 0 2 0 -2 0 -2 0 -1 0 1 0 0 1 0 -1 1 0 0 2 0 0 0 0 2 0 0 2 -1 0 0 0 -1 0 2 1 1 0 0 1 0 1 0 -1 0 1 0 0 0 -1 1 0 0 1 0 0 0 1 -1 0 0 0 -1 0 3 2 4 1 0 1 0 -2 1 0 -1 1 1 1 0 1 -1 1 0 1 -1 0 2 -1 0 0 0 -2 -2 0 0 0 -1 0 0 -1 1 0 1 2 0 0 1 2 1 1 0 0 1 0 -1 0 -1 0 0 0 0 0 -1 0 1 0 -2 -4 0 1 0 -2 0 0 0 2 1 -1 0 0 0 -1 0 -1 -2 0 0 1 -1 0 1 1 0 0 -1 0 0 1 0 -1 0 1 -2 0 0 0 0 0 -2 0
1 -1 1 0 0 0 2 1 0 -1 -1 -1 -3 1 0 0 0 0 1 2 0 2 1 -1 0 1 -2 -2 -3 -1 -1 0 0 0 0 -1 0 3 1 1 18 0 0 1 0 1 -1 2 -1 1 -2 0 1 2 0 0 1 0 0 -1 -3 0 1 -1 0 1 -1 -1 0 -1 1 0 1 0 3 -1 1 -1 0 0 0 1 0 0 1 -1 -1 1 1 -1 0 0 1 0 1 1 0 -1 1 0 -1 -1 0 0 0 0 2 0 0 0 0 1 0 -1 0 1 0 0 1 0 0 2 0 0 -1 1 -1 0 0 0 -1 0 -1 -1 1 0 0 0 0 -1 0 0 -1 -1 -1 0 0 0 2 -1 0 -1 0 -1 2 2 1 -1 1 1 -1 0 0 0 0 0 0 1 0 0 0 -1 2 0 1 0 0 1 1 0 0 0 1 1 0 -2 0 1 0 1 -1 0 0 0 0 0 0 2 0 1 1 0 0 0 1 0 0 0 0 1 0 -2 2 1 0 1 0 1 0 0 0 0 -1 0 -1 0 1 -1 1 2 -1 -1 -1 0 1 1 0 0 0 0 0 0 0 1 -1 0 0 0 -1 0 2 0 1 -1 0 0 3 1 0 0 1 0 -1 0 0 0 1 0 -1 1 0 1 0 0 1 1 -1 3 0 2 -1 -1 0 -2 0 -3 -1 1 0 -1 1 0 -1 0 0 -2 0 1 0 0 -1 -1 1 0 1 0 0 -1 -1 0 0 -1 0 0 1 -2 1 -1 0 0 0 2 -2 0 0 0 2 0 -1 0 -1 -1 -1 0 -1 2 0 0 -1 0 -2 1 -1 -1 0 0 -1 0 2 2 2 3 0 -1 -1 0 1 0 -1 0
-2 0 -1 -1 0 0 0 0 1 0 1 0 2 1 0 1 0 0 -1 1 0 1 0 1 1 1 0 -1 1 -3 0 0 0 1 1 0 -1 0 0 0 0 14 -1 0 1 0 0 -1 1 1 1 1 0 -1 1 1 -1 0 -1 1 0 1 0 1 0 2 1 1 0 0 0 0 0 1 1 0 1 0 0 -1 0 0 -1 0 1 -1 0 1 0 0 2 -1 0 0 0 0 1 -1 0 1 1 1 0 -1 1 0 -1 0 0 0 3 0 0 0 0 1 0 0 1 -1 -1 2 0 0 -1 0 0 0 0 1 0 0 1 0 0 -1 0 -2 0 1 -1 -1 0 0 0 0 -2 0 0 -1 0 1 0 1 1 0 0 0 0 0 0 0 0 0 2 0 1 1 0 -1 1 0 1 0 -2 -1 1 1 -1 1 1 -1 1 1 -3 1 1 1 -1 -1 1 0 0 1 -2 0 0 0 0 0 0 0 -1 0 0 0 0 0 -1 0 0 0 0 -1 0 0 -2 1 0 -2 1 0 0 -1 0 0 1 0 0 0 0 0 -1 0 0 0 1 0 0 0 0 -1 0 0 1 1 -2 1 1 -1 0 -1 0 1 0 1 1 0 -1 0 0 0 1 0 0 -1 0 0 1 0 2 -1 0 0 0 0 3 0 0 -2 2 -1 1 1 0 0 0 0 0 0 -1 1 -1 0 1 0 0 1 2 0 2 0 0 0 0 0 0 0 0 0 -1 0 0 1 0 0 0 0 0 0 0 1 1 1 1 0 0 0 0 -1 0 0 0 -2 1 1 0 -1 1 1 -1 0 1 -1 0 -1 0 0 0 2 0 0 0 0 0 2 0 1 0 0
0 -1 0 0 0 -1 -2 0 0 1 0 0 0 0 1 1 0 0 1 2 0 1 0 -1 1 1 -3 0 0 1 2 0 1 -1 0 0 1 0 -1 0 0 -1 13 0 0 -1 0 -1 1 0 0 -2 0 0 0 -1 0 0 1 -1 0 -1 1 1 -1 -1 1 0 1 0 0 0 1 0 -1 0 1 0 1 2 1 0 1 -1 0 0 1 0 -1 0 2 0 0 0 0 0 1 0 0 -1 0 0 0 0 -1 0 1 0 0 0 -1 0 0 1 0 0 0 0 1 0 0 0 2 2 0 0 0 0 0 0 -1 0 0 0 0 1 0 2 0 1 1 0 0 1 0 0 -1 0 1 0 0 0 2 1 0 0 0 0 0 0 -1 0 0 0 1 0 0 -1 1 0 1 0 0 1 2 0 -1 1 -1 0 0 0 0 0 1 0 -1 0 0 0 0 1 -1 2 -1 0 -1 1 1 -1 0 0 0 -1 1 -1 0 1 1 0 0 1 0 -1 1 -1 1 0 0 1 -1 1 0 0 0 0 0 0 -1 1 1 -1 0 0 -1 0 0 1 0 0 -1 0 0 0 -1 -1 1 0 2 0 2 0 0 0 0 0 0 1 2 1 0 -1 0 1 -2 1 0 -1 0 0 0 -1 1 0 0 0 0 -1 0 2 0 1 0 1 0 0 1 -1 -1 0 0 0 1 0 1 0 1 -1 0 0 1 1 0 1 2 -1 0 -1 1 -1 0 1 1 0 0 0 -1 1 0 -1 -3 0 0 0 -1 1 0 0 -2 0 1 0 -1 2 0 0 -1 -1 0 0 0 1 1 0 0 1 0 0 0 -1 0 0 1 1 2 -1 1 0 0 0
1 1 0 0 0 0 1 0 0 0 1 1 0 0 0 1 1 0 0 -1 1 -1 0 0 0 1 0 0 -1 2 -1 0 0 0 0 1 -1 1 0 1 1 0 0 12 0 0 1 2 0 2 1 0 -1 0 -1 0 0 -1 0 1 1 0 1 0 0 0 -1 -1 -1 -1 0 0 0 0 0 0 -1 0 0 0 0 0 1 -1 1 0 2 0 0 0 0 0 1 2 -1 -1 0 0 0 -1 0 0 0 0 0 0 -2 0 0 1 0 2 0 0 -1 2 0 0 1 0 0 1 0 0 1 1 1 0 1 0 -1 1 1 0 0 0 0 0 0 1 0 0 1 0 0 1 0 1 0 0 -1 0 0 0 -1 0 2 0 1 1 -1 -1 0 -1 0 0 0 -1 1 0 0 -1 0 -1 0 0 0 -1 0 -1 0 -1 0 0 0 0 -1 0 -1 0 -1 0 0 0 1 2 -1 1 0 1 0 -1 1 1 2 -1 1 1 0 0 0 -2 0 0 0 1 -1 1 0 0 0 0 1 0 1 1 0 0 0 0 1 1 1 1 0 0 0 0 -1 -1 1 1 1 0 0 -1 0 0 0 0 1 -1 0 1 -1 1 1 0 0 0 1 1 -1 1 -1 0 0 -1 0 0 0 1 0 1 0 1 0 1 0 0 1 1 1 0 1 0 0 0 0 0 1 2 -1 1 0 -1 -1 1 0 0 0 0 0 -1 0 0 -1 0 0 1 0 0 -1 1 -2 -1 0 0 0 0 0 0 -2 0 0 1 0 0 1 0 -1 0 1 0 0 3 0 0 0 0 0 0 0 0 0 0 1 0 0 0 0 0 -1 -1 -1 0 0 0 0 0
1 1 1 0 0 0 -1 0 0 0 0 0 0 0 0 0 0 -1 0 0 -2 1 0 1 0 0 0 0 3 -1 1 0 0 1 0 0 1 0 0 0 0 1 0 0 12 0 0 0 0 1 0 0 0 2 0 0 0 1 0 1 0 1 0 1 0 0 1 0 2 0 0 0 1 0 0 0 0 0 0 0 1 1 2 1 -1 0 0 2 0 0 0 0 2 -1 0 0 1 1 0 0 1 -1 3 0 1 0 0 0 0 0 1 0 0 0 1 0 0 1 2 0 0 -1 0 0 0 0 0 0 -1 1 -1 0 -1 0 0 -1 0 0 0 0 0 0 0 1 1 0 -1 1 -1 0 -1 0 0 1 0 0 1 0 0 0 -1 3 0 -1 0 -1 2 0 1 0 1 0 0 0 0 0 -2 -2 0 0 1 0 -1 -1 0 1 2 0 0 1 0 0 1 1 0 -1 0 -2 -1 -1 0 -2 0 0 0 -1 0 0 -1 1 0 0 -1 1 -1 0 -1 0 0 1 0 0 0 2 0 0 0 0 0 0 0 1 0 0 0 0 0 0 2 1 0 0 0 0 -1 3 0 0 0 0 0 0 -1 0 0 1 1 0 0 -1 0 1 0 1 0 0 0 -1 0 0 0 0 -1 0 -1 1 -1 0 1 0 0 0 0 0 1 0 0 0 0 -1 0 0 0 0 -1 0 0 -1 0 1 1 -1 0 0 0 0 1 -1 0 0 0 2 0 0 0 0 1 0 0 1 0 0 1 0 1 0 1 0 0 0 0 0 1 2 1 0 0 -1 1 0 0 -1 1 0 0 1 2 0 -1 0 0 0 0 1 -1 0 1 1 0 0
0 -2 0 0 0 0 2 0 0 -1 0 -1 0 1 1 0 1 1 0 0 0 -1 0 0 0 1 3 0 1 0 -2 1 -2 1 0 0 0 0 0 0 1 0 -1 0 0 18 0 1 0 0 2 1 -1 1 -1 0 0 -1 0 1 2 0 -1 1 -1 0 0 0 2 0 0 1 1 2 1 0 0 0 -1 2 -1 0 1 -2 1 1 0 1 1 -2 1 -1 1 -1 0 0 0 0 0 -1 1 0 1 1 0 0 0 0 0 0 1 0 0 0 0 0 0 0 0 0 0 0 1 0 0 0 0 1 -1 0 1 0 1 0 0 1 0 0 0 -2 1 1 1 1 -1 1 0 0 1 1 0 1 0 1 0 0 1 1 1 0 0 1 0 1 3 1 1 1 1 0 3 0 0 0 2 1 0 0 1 2 0 1 -1 0 0 0 -1 0 1 0 0 0 -1 -1 0 0 0 0 1 -1 0 1 1 -1 1 -1 1 -1 0 0 -1 0 0 1 -1 -2 0 1 -2 0 0 0 -1 0 0 0 -2 0 -1 -1 -1 0 1 -1 1 0 1 0 1 -1 1 0 -1 3 1 -1 0 0 1 0 2 0 1 0 -1 -1 -1 -1 -1 1 0 0 0 0 0 0 0 0 -1 0 0 1 0 2 0 1 0 0 0 0 1 1 1 1 2 0 -1 1 0 -1 0 -1 2 0 0 0 0 -1 0 1 0 2 -1 0 -1 0 1 0 0 0 -1 2 0 1 2 1 0 0 0 0 -1 1 1 1 0 -1 -2 0 -1 -1 0 -1 0 0 0 0 1 0 0 0 1 0 0 0 0 0 1 0 0 1 0 1 0 0 -2 1 0 1 0 -1
0 0 0 1 0 1 -1 0 0 0 0 1 0 0 0 0 0 0 -1 0 0 0 1 -1 2 1 0 -1 2 1 0 0 0 1 -2 1 0 0 1 -1 -1 0 0 1 0 0 17 1 0 -1 2 -1 0 1 0 0 1 1 0 0 0 1 1 0 -1 1 3 0 0 0 0 0 0 0 1 1 0 0 0 1 1 0 1 1 0 1 0 0 1 0 0 2 3 0 1 -1 -1 0 3 0 1 3 0 0 0 0 1 -2 -3 -2 -1 1 -1 -1 -1 0 1 1 1 1 1 -2 -1 0 0 -1 0 0 0 -2 0 1 0 2 0 1 1 1 1 0 -2 0 2 0 1 1 0 0 0 1 1 2 1 2 0 -1 1 1 1 0 -1 1 0 0 0 -1 0 0 0 1 1 0 3 1 0 1 -1 2 0 -1 0 0 0 -1 1 3 2 0 0 -1 -1 0 -2 -1 0 0 1 -2 1 0 0 0 0 0 1 1 0 0 1 -2 0 0 0 0 1 1 0 -1 0 1 0 2 1 0 0 0 -1 1 0 -2 0 1 1 0 0 -1 -1 -1 0 0 1 1 0 1 0 1 1 1 0 0 0 1 0 1 -1 0 0 -1 0 0 2 0 0 0 0 0 1 0 0 2 3 0 0 0 1 0 1 -1 -1 -1 0 -1 -1 0 0 -1 0 0 0 0 0 1 0 0 0 0 0 0 1 0 0 -1 -1 -1 0 0 -1 0 0 0 1 -1 -1 0 0 0 -1 0 -1 -1 0 0 0 0 1 0 0 1 0 0 0 1 2 0 1 1 -3 1 1 0 -1 0 0 -1 1 2 0 -1 -1 1 1 0 0 -1 1 -1 -1 -1 2 -1
0 -1 0 -1 0 0 2 -1 0 -1 1 1 -1 0 0 -1 2 1 0 -1 -1 0 1 -3 2 -1 1 -1 2 1 0 0 0 0 -1 1 -2 1 0 1 2 -1 -1 2 0 1 1 23 1 -1 1 2 0 1 0 0 1 1 -1 1 0 -3 -2 1 0 1 -3 0 0 -1 1 1 1 -2 2 -1 0 -1 0 2 -1 -2 0 -1 2 1 0 -1 0 0 0 0 3 1 0 0 1 0 -1 0 -1 0 0 -1 0 -1 0 -1 0 0 -1 0 0 0 -2 0 1 -1 0 -3 2 1 1 1 -1 1 -1 0 1 -1 -2 0 0 -2 0 -1 0 0 1 -2 1 1 -2 0 -1 0 0 0 -1 1 0 -1 1 -1 -1 1 1 -1 1 1 1 0 0 1 0 0 0 1 0 0 2 1 -2 1 1 1 -1 0 1 -2 1 -1 -1 -1 1 -1 0 -1 0 -1 -1 0 0 -2 1 0 0 0 0 -1 0 0 0 0 1 0 0 -1 -2 1 1 -2 -1 1 0 1 -1 0 1 0 0 0 -1 0 0 0 1 -2 0 0 0 0 0 0 0 1 -1 1 0 0 1 0 0 0 0 1 0 -1 -1 0 0 1 -2 -1 1 2 -1 1 0 -1 0 0 0 1 -1 1 -1 -1 -1 1 -1 3 1 0 1 2 0 1 1 2 -2 0 -1 -2 0 1 -2 0 0 0 0 1 -1 0 -1 0 0 1 -1 0 -1 0 1 0 -1 1 -1 -1 -2 0 0 0 -2 0 0 1 0 0 -1 1 0 0 1 0 1 -1 -1 2 -1 0 0 0 1 0 1 0 -1 0 1 1 -2 -1 0 -1 -1 0 0 0 0 0 0 0 -1 0 -1 1 1 -1 -1 0
-1 0 0 1 0 -2 0 -1 0 1 1 0 2 1 0 0 -1 0 2 0 0 2 0 1 0 0 0 2 0 0 0 2 2 0 1 0 1 0 -1 0 -1 1 1 0 0 0 0 1 16 0 0 1 0 -2 0 0 0 0 1 0 0 0 0 0 2 -1 -2 0 0 0 0 0 1 1 1 -1 0 0 -1 0 -1 0 1 1 0 0 1 1 0 0 1 0 -1 2 1 1 1 -1 1 -1 0 0 0 1 1 1 0 1 0 2 1 -1 0 0 1 1 0 1 1 -1 1 0 0 0 0 -1 0 0 0 1 -1 -1 1 0 0 0 1 -1 0 0 1 -2 0 0 0 0 -1 0 1 0 0 0 0 2 2 0 0 0 1 2 0 0 0 0 1 0 0 -1 0 0 -1 0 0 -1 0 0 1 0 0 0 0 0 -1 0 1 0 0 0 0 1 1 2 0 1 0 0 0 0 1 0 1 0 1 -1 1 2 0 0 0 0 0 0 0 0 1 0 -1 -1 0 0 0 -1 0 -2 0 0 -1 1 -1 -1 0 -1 0 0 0 0 0 2 -1 -1 0 -1 0 -1 2 0 -1 0 0 0 0 -1 1 1 -1 0 0 0 -1 0 0 1 0 1 0 0 0 2 1 -1 -2 0 1 -2 0 1 2 0 -1 0 1 2 -1 0 0 2 0 0 0 1 0 0 0 0 0 0 0 0 0 0 1 0 0 0 -1 0 1 -1 1 1 0 3 0 0 0 0 2 0 -1 -1 -1 0 2 1 0 2 1 1 0 0 1 1 0 -1 2 0 -1 2 0 0 -1 -1 0 0 0 -1 0 0 0 0 0 0 2 1 2 0 1 1 0 0
1 1 0 -1 1 0 0 2 -1 0 0 0 1 1 -1 2 0 1 0 -1 0 0 0 -3 0 0 1 0 -1 0 1 0 0 0 0 0 0 0 1 -1 1 1 0 2 1 0 -1 -1 0 24 2 0 -1 0 0 2 -2 1 1 2 -2 1 1 0 -1 -1 0 1 0 2 1 2 0 1 1 0 0 -1 -1 -1 -1 2 1 -1 0 0 -1 0 1 0 -1 1 -3 0 1 1 1 1 1 0 1 -1 0 0 1 -1 1 0 1 3 0 0 2 1 1 0 -1 1 1 -1 -1 0 0 2 1 2 -1 1 1 2 1 -1 -1 -1 0 -2 0 -1 0 1 3 0 -2 1 -1 -1 0 1 -1 -1 0 0 -1 1 0 -1 -1 0 1 1 0 2 -1 -1 1 0 -1 2 0 -1 2 0 0 -1 0 0 -1 -1 2 0 -1 0 1 1 -1 0 -3 0 -1 -1 -1 -2 2 0 0 2 1 0 0 -1 0 1 0 3 2 -3 0 1 0 0 0 0 0 0 1 0 -1 1 -1 0 0 -1 0 -2 2 0 1 -1 1 -3 0 1 2 3 1 0 0 0 0 0 -1 2 1 0 0 0 -1 0 0 1 1 -1 0 0 -2 0 1 1 0 0 0 0 1 1 1 -1 0 0 -1 -1 1 -1 -1 -3 0 2 0 1 1 0 1 -2 1 -1 1 3 -1 1 1 0 0 0 -1 0 0 -1 -1 -1 1 0 1 0 0 -1 0 1 0 -2 0 -1 3 1 0 -2 1 0 0 1 -1 1 1 0 0 -1 1 1 0 0 1 0 -1 0 0 -1 3 0 1 1 0 0 0 -2 1 0 0 1 0 0 -2 1 0 3 -1 -2 0 0 1 0 0 1
-2 0 -1 0 0 0 0 0 0 -1 0 0 2 0 0 -1 -1 2 1 -1 0 0 2 -1 0 0 1 -1 0 1 -2 0 0 0 -1 0 -2 -5 0 0 -2 1 0 1 0 2 2 1 0 2 23 0 0 0 0 1 -1 1 0 2 1 1 -1 4 3 2 2 -2 0 1 0 2 1 -1 1 0 -2 0 1 0 1 0 2 0 1 0 0 0 0 -2 0 0 2 1 0 -3 -1 0 0 -1 0 0 -1 0 1 1 -1 -1 1 2 0 2 1 0 -2 -1 -1 0 -2 -1 -1 0 2 1 0 -1 0 0 1 -1 0 0 0 0 1 -1 0 0 0 0 2 0 -2 0 0 -2 1 0 -2 2 2 1 0 0 -1 -1 0 -1 -1 0 1 1 0 0 2 0 -1 -1 0 0 2 0 1 1 2 0 -1 0 0 1 0 -2 0 1 1 0 -1 0 1 1 -1 -1 2 1 -1 0 -1 0 0 0 0 2 1 -1 0 0 0 -1 0 0 1 -2 -1 0 0 -2 -1 1 -1 1 0 0 2 0 1 0 1 -2 0 1 0 1 1 -1 1 -1 0 1 0 0 1 1 1 0 0 1 0 0 1 1 0 0 0 -2 -1 0 0 0 0 0 0 0 2 1 0 0 1 0 0 0 0 -2 -1 -1 0 0 2 -1 1 1 3 1 0 2 0 -1 -1 2 -1 1 0 2 0 0 -1 0 1 1 0 -2 0 1 0 0 1 1 -1 0 1 -1 0 2 0 1 0 -1 0 1 0 0 0 0 0 0 -1 0 -2 1 -2 0 1 0 0 0 0 1 0 0 0 1 1 -1 2 0 0 -1 0 0 -3 -2 0 0 1 -2 1 1 2 -2 0 -1
1 -1 0 1 0 2 1 0 1 0 1 -1 1 1 1 -1 0 1 1 -1 0 1 1 -1 0 1 0 1 0 -1 0 1 3 1 0 0 1 1 1 0 0 1 -2 0 0 1 -1 2 1 0 0 24 -1 0 0 0 2 0 1 0 -1 0 0 -2 -2 -1 -1 0 1 -2 0 0 0 2 1 -1 1 -2 0 -1 0 -1 -1 2 0 0 -2 1 -2 -2 0 -1 0 1 1 0 1 0 0 -1 -1 0 0 0 0 -1 0 1 1 0 0 0 0 0 1 0 1 1 -2 -1 1 0 1 1 -1 2 0 1 -2 1 0 0 1 -2 0 -1 0 -1 0 -2 2 -1 -1 2 3 0 1 1 1 0 0 0 1 1 0 -2 1 0 0 -1 0 0 0 -1 2 -1 0 1 0 -4 1 0 0 2 2 0 0 2 1 1 -2 -1 0 0 -1 0 -1 -1 0 -1 0 0 2 0 -1 0 0 -1 1 0 1 1 -1 0 3 -1 0 -1 0 2 -1 -1 -1 1 0 1 0 0 -2 -2 0 3 1 0 -2 -1 0 0 0 0 1 0 1 0 0 -1 2 -1 0 1 2 0 0 0 -1 0 -1 -1 0 -1 0 0 -1 0 2 0 1 -4 0 -2 1 -1 -1 2 1 0 0 1 -2 0 0 0 -2 1 1 -1 0 0 1 -2 0 1 0 1 1 -1 -2 0 0 0 0 -1 0 0 2 -1 1 1 1 0 -1 1 -1 1 -1 -1 1 1 1 4 0 -1 0 0 0 0 -1 0 0 0 0 -1 0 -1 0 -3 0 0 2 1 0 0 1 1 1 0 2 3 -1 0 0 -1 0 0 0 -1 0 -2 -1 0 0 1 0 0 -2 1 3 1 1 0
0 0 0 0 0 1 -1 1 2 -1 0 -1 0 -1 0 -1 1 1 0 0 0 -1 1 0 2 0 -1 0 0 -2 0 0 0 2 0 0 1 0 0 1 1 0 0 -1 0 -1 0 0 0 -1 0 -1 13 0 0 0 0 -1 0 0 0 0 1 -2 0 1 0 0 -1 0 0 0 0 0 1 0 0 0 1 1 1 1 1 -1 1 0 0 1 0 0 0 0 0 0 1 0 0 0 0 1 0 -1 0 -1 1 0 0 0 0 -2 0 0 0 0 0 -2 -1 0 0 1 0 0 0 2 0 -1 -1 0 0 1 -1 0 -1 1 -1 0 -1 2 0 1 0 0 0 1 1 0 0 1 -1 -1 0 0 0 0 1 0 1 -1 1 -1 -1 -1 -1 1 -1 1 0 -1 0 0 0 -1 -1 0 -1 -1 0 0 0 0 0 0 0 1 0 0 0 0 0 1 1 0 0 -1 -1 0 0 0 1 1 2 0 0 0 0 0 0 -1 0 -2 0 0 1 0 1 3 0 0 0 1 0 0 -2 0 -2 0 0 1 0 1 -1 1 0 -1 0 1 0 0 1 -1 -1 0 -2 0 -1 -1 1 0 0 0 -1 0 -1 0 0 0 0 0 1 -1 0 0 0 0 0 0 0 0 0 1 0 0 0 -1 0 0 1 0 1 0 -1 0 0 -1 0 0 1 1 -2 0 0 0 1 1 0 1 0 0 0 0 2 0 0 0 1 0 0 0 0 0 -1 0 0 0 0 -3 3 -1 1 -2 0 0 1 0 -2 0 0 0 -1 1 0 1 0 1 0 2 1 -1 0 0 1 0 0 0 0 0 0 0 -1 0 1 0 0 0 1 0 0 0 -1 1
2 0 -1 0 1 1 -1 1 0 -1 0 0 0 -1 0 1 2 -1 0 0 1 1 -1 1 -1 0 3 -2 3 -2 -1 1 -1 1 0 0 1 1 0 0 2 -1 0 0 2 1 1 1 -2 0 0 0 0 22 -1 1 -1 -2 1 -1 0 0 0 0 0 -1 1 -1 1 1 1 -2 0 0 1 0 0 -1 0 1 0 1 -1 0 1 -1 0 2 0 1 0 0 1 1 0 0 0 -1 -1 1 0 0 1 1 0 0 -1 0 -1 -2 0 0 0 0 0 0 2 0 2 -2 1 1 0 1 2 0 1 0 0 0 -1 0 1 0 0 1 -1 1 0 -1 0 -1 1 -3 -1 1 0 -2 0 1 1 1 0 1 -1 1 -1 1 0 -1 0 0 1 0 0 1 0 1 0 -1 1 0 1 1 0 0 1 0 0 2 0 0 0 -1 0 0 0 -2 0 0 0 -1 1 0 1 -1 1 -2 -1 -1 -1 0 1 -1 0 -3 1 0 1 0 0 1 1 0 -1 1 -1 2 0 -2 1 0 2 1 0 1 2 -1 1 1 -1 1 0 0 0 0 0 2 0 -1 0 1 0 0 -1 3 0 0 0 -1 1 0 0 0 -1 0 0 0 1 1 1 1 0 1 -1 0 1 -2 0 0 0 -1 0 1 1 0 -1 -1 1 0 0 0 2 1 -1 0 0 -1 1 -1 0 -1 -1 0 0 0 1 2 1 2 -1 2 -1 2 0 0 0 -1 0 0 -1 0 0 0 0 1 -1 1 -1 0 1 1 0 -1 0 1 0 0 -1 1 0 1 1 1 0 2 1 0 0 0 1 1 0 -1 -3 1 0 -1 -1 0 -1 3 0 1 -3 1 0 0 -1 0
0 0 -1 1 0 -2 0 1 -1 0 0 0 -1 -1 0 0 1 0 0 0 0 1 0 1 0 0 -1 0 -1 0 1 -1 1 1 1 -1 -1 0 0 0 0 1 0 -1 0 -1 0 0 0 0 0 0 0 -1 14 0 0 0 0 1 -1 0 0 0 1 0 0 -1 0 1 -1 -1 0 -1 0 -1 1 0 0 -1 1 -1 0 1 1 -1 0 0 -1 -1 0 0 0 0 1 0 1 0 0 1 0 1 -1 -1 0 2 -1 0 0 1 1 0 -1 1 1 1 0 -1 0 0 -1 0 -1 1 -2 0 0 0 -2 -1 0 1 0 0 0 0 0 0 0 0 -1 -1 -2 0 -2 -1 -1 0 1 0 2 -3 0 1 0 1 0 0 0 -2 0 0 0 1 0 0 1 1 0 0 -1 0 -1 0 -1 1 3 0 0 -1 0 0 0 0 0 0 0 0 0 0 1 1 1 -1 0 -1 0 1 2 1 0 0 -2 -1 0 1 0 0 0 1 0 -1 0 0 -2 0 0 0 1 1 0 1 0 -1 0 0 0 0 -1 0 1 0 0 0 0 0 2 2 -1 -1 0 0 0 0 0 1 0 0 -1 -1 0 0 -1 -1 -1 0 -2 1 0 0 1 2 1 -1 0 -1 0 1 -1 0 0 0 0 0 0 -1 0 1 0 0 0 1 0 -1 0 1 0 0 0 0 -1 1 1 0 0 1 0 0 0 0 0 0 0 0 0 0 -2 0 0 0 0 1 0 0 2 -1 1 0 2 -1 -1 0 -2 -2 0 0 1 0 0 0 0 0 0 0 1 0 0 -1 -1 0 1 0 0 3 0 0 0 0 -1 0 0 1 0 0 3 1 0 -1 1 1
-1 1 1 -1 2 0 0 0 0 0 0 -1 1 2 0 0 0 1 -1 0 0 -1 0 -1 0 0 0 0 2 -1 0 0 0 0 0 0 1 0 0 0 0 1 -1 0 0 0 0 0 0 2 1 0 0 1 0 12 -2 1 0 -2 -2 3 0 1 0 0 0 1 1 1 -1 0 0 -2 0 0 0 1 0 0 -1 0 1 -1 0 2 0 0 1 -1 0 0 0 0 0 -1 0 -2 1 1 1 0 0 0 1 0 -1 -1 0 0 0 0 0 1 0 0 1 0 0 -2 2 -1 0 0 0 0 -1 0 0 0 0 0 0 2 -1 0 0 0 1 0 0 1 0 0 0 0 0 0 0 -1 0 -1 0 -2 0 0 0 0 1 0 1 0 0 0 1 0 1 -1 1 0 0 -1 0 0 0 1 1 0 -2 0 0 1 1 0 0 0 -1 0 0 -2 0 -1 2 0 0 0 0 0 0 1 1 1 0 0 0 0 1 0 0 0 0 -1 0 1 0 0 0 1 -1 0 1 -1 0 -1 0 2 0 1 1 -1 0 0 0 -1 0 0 1 0 1 0 0 0 0 0 0 0 0 1 0 1 1 1 1 0 -1 0 0 0 0 -1 0 0 1 1 0 -1 1 1 0 -1 0 1 0 0 0 0 -1 1 1 0 0 -2 0 -1 0 1 -1 1 1 -1 -1 1 0 2 0 0 0 0 -1 0 0 0 0 1 0 -1 0 -1 0 -1 -2 0 1 0 0 -1 0 1 0 1 1 0 0 0 0 0 1 1 1 -1 0 1 1 -1 1 0 0 0 -1 0 0 1 1 0 0 -1 0 0 0 0 1 0 0 0 0 1 -1 0 0 0
0 -1 0 1 -1 0 0 0 -3 -1 0 0 -1 0 1 0 -2 0 1 2 1 0 2 1 -1 0 0 0 -1 2 1 0 0 0 1 -1 1 0 0 0 1 -1 0 0 0 0 1 1 0 -2 -1 2 0 -1 0 -2 18 0 -1 -1 0 0 1 1 0 1 0 0 0 -2 0 0 0 0 1 0 0 0 0 0 1 0 -1 0 -1 1 -1 1 1 -3 0 0 1 -1 -1 0 1 2 0 0 0 1 0 2 -3 1 2 1 -2 1 0 0 -1 -2 2 2 2 0 1 -1 0 1 0 1 -1 1 0 -1 -2 -2 0 0 -1 -1 1 -2 0 0 2 0 0 -2 2 1 0 2 -1 0 0 0 0 0 -2 0 -1 1 0 0 1 0 -1 1 0 0 1 -1 0 0 0 -1 1 1 0 2 1 0 -1 -1 1 0 -2 -1 0 0 1 0 1 1 0 0 -1 0 0 0 0 1 -1 -1 1 2 0 0 0 1 1 0 1 0 0 -2 0 0 0 0 1 1 1 1 0 -1 1 0 0 0 -2 0 0 0 0 2 0 0 -1 0 1 -1 0 0 -1 -1 1 0 0 0 0 0 1 0 1 0 0 1 0 0 0 0 -1 0 0 0 0 0 0 0 0 1 0 -1 0 0 3 0 0 0 -2 -1 1 0 0 -1 -1 1 0 0 0 -1 0 1 0 0 -1 1 0 -1 -1 0 0 1 1 2 0 -1 0 -1 -1 0 1 1 1 2 2 -1 -1 0 0 -1 1 0 1 0 0 0 0 0 0 -1 2 -1 -1 1 0 0 0 0 0 0 0 0 2 0 0 -1 -1 0 0 0 0 0 0 0 0 2 1 0 0 0 0 0 0 1
-2 0 0 0 0 0 1 0 0 -1 -1 -1 1 1 -1 -2 0 1 0 0 0 2 0 0 0 0 -2 0 0 1 0 0 0 -1 0 -1 0 2 1 0 0 0 0 -1 1 -1 1 1 0 1 1 0 -1 -2 0 1 0 14 1 -1 -2 0 1 1 0 1 0 0 0 1 -1 1 0 0 1 0 1 1 0 -1 0 1 0 0 0 1 0 0 -1 0 0 0 2 -1 0 0 0 0 0 -1 0 -1 0 -1 0 0 0 0 -1 -1 -1 0 1 0 0 -1 0 1 0 0 -1 -2 0 -1 -2 0 0 0 0 0 0 0 -3 0 1 -1 0 0 0 -1 0 0 -1 0 1 0 0 0 0 1 0 0 0 -1 0 0 0 0 0 -1 1 0 0 0 0 -2 0 -1 -1 -1 1 0 0 0 0 0 0 0 0 -2 0 0 0 -2 2 0 -1 0 0 -1 0 -1 0 -1 -1 0 1 -1 0 1 -1 0 0 0 1 0 -1 0 0 0 0 0 0 0 0 -1 0 0 0 0 0 0 0 0 0 -1 0 0 0 0 2 1 -1 2 0 0 -1 0 -1 1 -1 0 -1 1 0 0 0 0 0 0 1 0 -1 0 1 0 0 0 0 -2 0 -1 3 1 0 0 0 2 -1 -1 0 0 -1 1 0 1 -1 -1 1 1 -2 -1 -1 0 0 0 -1 1 2 1 0 0 0 0 -2 1 -1 1 -1 -1 0 0 0 0 1 0 -1 0 1 0 1 0 0 0 0 1 1 1 -1 0 0 -1 0 1 0 -1 0 0 0 -1 0 0 0 0 1 0 -1 0 0 0 0 1 -1 0 0 1 0 -1 0 0 0 -1 0 -1 1 -1 0 0 -1 -1
2 0 0 1 1 0 0 0 2 -1 -1 1 -1 0 0 0 0 0 0 0 -1 0 1 0 0 0 -1 0 -1 1 0 1 0 1 0 0 1 0 -1 0 0 -1 1 0 0 0 0 -1 1 1 0 1 0 1 0 0 -1 1 15 -1 -1 0 0 0 0 0 1 0 0 0 0 -1 0 0 0 0 -1 0 1 -1 0 0 0 1 1 -1 0 0 1 0 1 0 0 0 1 0 0 0 -1 0 0 1 0 2 1 0 -2 -1 0 0 -1 0 1 0 1 -1 0 0 1 1 1 -1 1 1 -1 0 0 1 1 1 0 1 0 1 1 0 1 0 0 -1 0 1 0 0 -1 0 0 1 -1 0 -1 1 0 0 0 0 0 0 0 -1 0 -1 0 0 0 1 1 -1 -1 0 0 2 0 0 0 0 1 1 2 -1 -1 0 0 -1 -1 0 -1 0 -1 0 0 0 0 1 1 0 0 0 -1 -1 0 -1 0 1 1 0 0 4 2 0 0 0 0 1 0 -1 0 0 -2 0 -1 0 0 0 0 0 0 0 0 3 0 0 0 1 0 0 0 1 2 1 1 1 -1 0 0 0 1 0 1 1 -1 0 2 0 0 0 0 0 0 1 0 -1 0 0 0 1 0 0 -1 -1 -1 -3 1 0 0 0 0 2 -2 0 -1 -1 0 0 0 0 0 0 0 2 1 -3 0 0 0 -2 2 1 -2 0 0 1 -1 0 2 0 0 -1 0 0 1 0 0 0 0 0 -1 0 0 0 0 1 0 1 0 1 1 0 3 0 1 -1 0 0 1 0 0 0 0 -1 0 0 0 0 0 0 0 0 0 0 -1 1 0 -1 -1 0 1 0 0 0
-2 1 0 0 0 1 0 0 1 1 0 0 0 1 1 1 0 2 0 -1 2 -1 1 0 0 0 1 0 1 0 0 1 -1 0 2 3 -2 0 -2 0 -1 1 -1 1 1 1 0 1 0 2 2 0 0 -1 1 -2 -1 -1 -1 29 1 -1 0 1 -3 0 1 -1 -1 0 1 0 1 2 -1 -2 -3 -2 0 0 0 1 0 -1 1 -2 0 1 0 -1 0 0 0 -1 -1 -1 0 0 1 0 -2 0 0 1 2 1 -1 0 1 0 -3 1 0 1 -1 1 1 -1 1 -1 1 0 -1 0 -1 -1 0 0 -1 1 1 3 -2 2 1 0 0 0 0 1 0 0 0 1 0 -1 0 0 -2 0 1 2 -1 4 0 -2 1 0 0 0 0 0 0 0 4 0 2 0 -1 0 -2 -1 1 1 -1 0 0 -1 0 2 2 0 2 0 2 1 0 0 -1 0 1 0 -1 0 0 1 1 0 0 1 0 2 -1 1 1 1 2 0 0 1 0 0 0 0 -2 0 0 -2 -1 1 -1 0 0 0 0 0 0 -2 0 0 0 -1 -1 2 0 -1 1 1 -1 -3 0 -3 0 2 -1 -3 2 -1 -1 1 1 3 -1 0 -1 0 0 0 2 1 1 -1 0 -1 0 -1 1 0 -1 0 -1 0 -1 0 0 1 0 2 0 -1 0 1 0 2 1 0 0 3 1 1 2 0 0 -1 1 1 -2 0 0 0 1 0 0 0 0 0 2 0 1 3 1 3 0 1 -1 0 0 0 3 0 1 0 2 1 -1 -1 -1 -1 1 -2 0 0 2 0 0 -1 -1 -1 1 -1 0 0 1 3 2 0 1 0 -2 1 0 0 1 1 -1 1 2 0 -1 0
-1 -1 -1 0 -1 0 -1 -1 0 -1 1 1 -1 0 0 0 -1 -1 0 0 1 -3 0 0 0 0 2 -1 1 0 0 2 0 1 0 0 0 0 0 0 -3 0 0 1 0 2 0 0 0 -2 1 -1 0 0 -1 -2 0 -2 -1 1 17 0 0 0 0 0 2 0 -1 0 0 0 1 -1 0 0 -1 0 0 0 -1 0 -1 -1 0 0 0 0 0 1 0 0 1 -1 0 0 -1 0 0 0 0 0 2 0 1 -1 0 0 0 -1 0 -1 1 1 1 1 0 0 -1 -1 0 0 2 -2 2 -1 0 0 0 -1 2 0 0 -1 0 0 0 0 0 1 1 1 0 0 1 0 0 0 0 0 0 1 0 0 -2 -3 0 1 -1 -1 0 0 0 0 1 0 -2 2 1 0 -1 1 1 -1 1 -1 1 0 0 -1 0 0 -1 -1 1 0 1 -1 0 1 1 1 -1 0 1 1 1 0 0 0 0 -1 1 -1 1 0 2 -1 0 0 0 1 -3 0 0 0 -1 0 0 0 0 1 1 0 1 -1 0 1 -1 0 0 0 2 -1 1 -1 0 1 -1 -1 0 0 1 -1 -1 -1 0 0 0 0 0 1 2 1 0 0 0 0 1 0 -1 0 -1 -1 0 0 -1 0 -1 1 -1 1 1 -1 0 0 1 -1 -2 0 0 3 -1 1 0 1 1 -1 1 0 0 0 -1 -1 -1 0 -2 1 0 0 2 2 -1 2 0 1 1 -1 1 0 0 1 0 -1 1 0 1 -2 0 0 0 0 0 1 -1 0 0 0 0 1 1 2 0 0 0 0 1 0 0 0 0 0 0 0 0 1 0 0 -1 0 -1 0 0 0 0 0 0 0 0 -1
0 0 1 0 0 1 -1 1 0 1 -1 0 1 -1 0 0 0 0 0 -1 1 0 1 0 0 -1 -1 1 1 -1 -1 -1 0 0 1 0 1 1 -1 1 0 1 -1 0 1 0 1 -3 0 1 1 0 0 0 0 3 0 0 0 -1 0 16 0 2 0 0 -1 0 0 0 1 0 0 -2 1 0 -1 0 0 0 1 0 1 -2 0 1 0 0 1 1 1 1 0 1 0 0 1 -1 1 0 2 -1 1 0 -1 2 0 1 -1 0 0 0 -1 -1 0 0 0 1 1 0 0 -2 0 0 -1 2 -2 0 0 1 -1 0 1 3 0 1 -1 1 0 1 0 0 0 -3 0 1 0 0 0 0 0 -2 0 -1 0 -1 -1 1 1 -1 -1 1 0 -1 0 0 0 0 0 -1 -1 0 1 0 0 0 0 1 -2 2 0 2 1 1 0 0 1 1 0 0 0 0 1 0 -1 0 0 0 1 1 0 0 0 0 0 0 2 0 2 0 0 0 0 0 0 0 0 1 -1 0 1 2 0 1 0 2 1 0 0 0 0 1 1 -1 1 -1 0 0 1 0 -1 -1 0 1 -1 -1 -1 1 -3 1 0 1 0 -1 0 1 1 0 0 -1 0 0 0 0 0 0 0 1 0 0 1 -2 0 0 0 0 0 0 0 -1 0 0 0 -1 0 2 0 0 -1 0 -1 1 0 0 -1 0 -1 1 0 1 1 -1 0 -1 0 -1 0 0 1 -1 0 0 1 -1 0 0 0 -1 -1 0 0 2 0 0 0 0 2 0 0 1 1 0 1 0 2 0 0 -1 2 0 0 -1 -1 0 0 0 0 0 -4 1 0 0 0 -1 0 0 -1 1 0 -1
-2 0 3 0 0 2 -1 2 0 -1 0 0 2 0 0 1 1 0 0 0 1 0 1 0 0 2 -1 -3 2 0 2 -1 1 2 1 0 0 1 0 0 1 0 1 1 0 -1 1 -2 0 1 -1 0 1 0 0 0 1 1 0 0 0 0 18 -2 0 1 0 0 -2 -1 0 0 0 0 2 0 -1 1 0 -2 1 2 1 0 1 0 0 1 0 3 0 1 0 1 0 0 -1 -1 -2 -1 1 1 0 1 0 1 1 0 0 1 0 0 1 0 0 1 2 0 1 1 0 0 0 0 0 0 2 -2 -1 0 -1 0 0 1 0 -1 0 1 0 2 0 0 1 0 2 -1 0 0 0 0 0 1 0 2 0 0 3 5 -1 1 0 1 -2 2 1 -1 0 0 1 0 0 0 0 -1 -1 0 0 0 0 -1 -2 0 1 0 0 2 0 -1 -1 0 -2 1 0 -1 2 0 0 -1 0 1 1 0 1 1 0 0 0 0 3 -1 -1 1 0 2 1 1 0 1 1 0 1 1 0 -1 0 0 -1 2 0 2 2 1 0 1 1 1 0 1 0 0 3 -1 1 -2 1 -2 3 0 5 0 1 0 1 0 2 0 -1 0 0 -3 -1 0 1 0 0 0 1 0 0 -2 2 0 0 -1 2 0 1 0 -1 0 0 0 -1 -1 0 -1 1 0 0 0 2 0 -1 1 1 0 2 1 1 0 1 2 0 1 1 0 0 -1 0 2 3 0 0 0 1 0 0 0 0 -3 1 1 1 0 -2 1 0 -1 -1 1 0 1 0 0 1 1 1 1 0 1 0 0 2 1 0 -1 0 0 0 -1 0 -1 0 2 0 -2 1 0 1 0
0 -1 0 0 0 0 0 -1 -2 1 1 -1 1 1 0 0 -1 -1 2 1 -1 0 1 3 1 0 0 1 0 -1 -1 3 0 0 1 -1 -1 0 -1 1 -1 1 1 0 1 1 0 1 0 0 4 -2 -2 0 0 1 1 1 0 1 0 2 -2 20 0 0 1 2 1 1 0 -1 1 0 0 0 -3 -1 2 1 1 1 0 0 0 1 0 0 -1 0 0 0 1 1 0 0 0 0 -2 0 0 0 0 0 -3 1 -1 0 0 1 2 1 -1 1 0 1 -1 0 0 0 0 -1 2 1 1 -1 1 -1 0 -1 1 0 0 2 0 0 -1 2 4 -1 0 0 0 -1 1 0 -2 1 0 1 -1 -1 -1 0 1 0 -1 1 -1 0 0 0 0 1 -1 1 0 -2 -1 1 2 0 1 2 1 0 1 0 -1 2 0 2 1 2 -1 0 -1 1 0 -2 0 -1 0 1 0 0 0 1 -1 0 0 1 2 0 -1 0 1 0 -1 1 1 0 0 1 1 0 0 0 -1 1 1 -1 0 0 1 1 0 -1 0 1 0 0 -1 -2 -1 0 0 0 -1 1 -1 1 0 1 1 0 -1 0 0 0 2 0 -2 -2 -2 0 0 -1 0 1 0 -3 2 0 0 2 1 -1 0 -1 0 0 1 0 0 0 0 1 2 -1 1 -1 0 1 1 0 -3 1 0 1 0 0 0 1 0 0 0 2 -2 0 0 -1 0 0 -1 0 0 -1 -1 -2 0 1 1 -1 0 1 -2 1 0 1 -1 0 1 -1 0 0 0 0 -1 0 1 0 0 0 1 -1 -1 0 2 0 0 0 0 0 1 0 0 0 -1 0 -1 1 0 0 0 0 0 0 0 -1
0 -1 1 0 -2 0 1 0 0 0 0 0 0 2 1 0 0 1 0 -1 0 -1 1 1 0 0 0 1 -1 -1 0 0 0 -2 0 0 2 0 -1 0 0 0 -1 0 0 -1 -1 0 2 -1 3 -2 0 0 1 0 0 0 0 -3 0 0 0 0 21 1 -1 0 2 0 1 0 3 1 1 -2 1 0 -1 -1 0 -1 1 1 0 0 0 -1 -2 1 -1 0 2 0 1 -2 -1 1 1 -1 -1 0 -1 -1 0 -1 -1 0 0 -1 -1 1 2 0 0 0 -1 1 0 0 2 0 1 0 1 -1 -1 1 -1 0 0 -1 0 1 -1 0 0 -1 -2 0 -1 0 -1 0 0 -4 -1 0 0 0 0 1 0 -3 -1 2 -1 0 0 1 0 1 1 1 -3 0 -1 0 -1 0 0 0 1 0 -1 0 1 -1 0 -3 0 -1 -2 0 -1 -1 0 0 0 0 1 0 0 0 0 -1 -1 -1 1 2 0 0 -1 -1 -1 0 0 0 0 0 0 1 1 0 1 0 0 0 0 -1 1 0 0 -1 -1 0 0 1 0 0 0 1 -1 0 -1 1 1 0 0 0 0 1 0 0 0 -2 0 -1 0 -1 0 -1 2 1 1 0 1 -1 1 0 -2 1 1 1 0 1 1 0 1 0 -1 0 0 0 0 0 -1 0 0 1 0 1 0 -1 -2 1 2 -2 0 0 0 0 0 2 -1 0 0 0 0 -1 -1 0 0 0 0 1 0 0 1 1 0 2 0 -1 1 1 -1 0 -1 1 1 0 1 0 -1 -1 -2 -1 0 0 1 0 0 1 1 0 0 1 -2 0 0 -2 0 -2 -1 0 0 0 1 -1 -1 0 -1 0 2 0 -1 0 3 -1
1 0 0 0 1 0 1 1 0 -1 0 0 1 0 0 0 0 1 -1 0 0 -1 1 -1 1 0 -1 -1 1 1 -1 0 0 1 -1 -1 -1 0 0 1 1 2 -1 0 0 0 1 1 -1 -1 2 -1 1 -1 0 0 1 1 0 0 0 0 1 0 1 15 1 2 1 0 1 0 0 0 1 1 -1 2 0 0 0 2 0 0 1 0 -2 1 2 -2 -1 -1 2 0 0 1 0 0 0 -1 1 1 0 0 -1 1 -2 -1 1 0 -1 1 1 0 -2 0 0 0 0 1 0 1 0 0 1 0 0 1 0 -1 -1 0 1 2 0 0 0 1 0 1 -1 0 0 1 2 0 1 0 0 0 1 0 1 0 -2 0 -1 0 0 1 1 0 2 1 -1 0 0 0 0 -1 1 0 0 0 0 0 -2 0 0 1 1 -1 0 0 0 0 0 0 -1 0 -1 0 -1 0 0 0 -1 -1 2 0 1 0 -1 2 1 0 1 0 -2 -1 1 0 0 0 1 1 -1 0 1 0 0 0 0 0 1 1 0 0 0 3 1 1 0 0 1 0 0 1 0 0 1 2 0 2 1 1 0 0 0 0 0 0 0 -2 1 0 1 -1 1 1 0 0 0 -1 0 1 0 0 0 0 1 0 0 1 0 1 0 0 0 1 2 -1 0 0 -1 0 1 0 0 -1 0 1 0 0 -1 0 0 1 1 0 -1 0 0 -1 0 1 0 1 2 0 0 -1 0 0 0 -1 0 1 0 -1 1 0 0 0 0 -1 0 0 0 2 0 1 -1 0 -1 1 0 0 0 -1 0 0 1 0 0 3 0 0 1 0 1 1 0 1 -1 1 1 0 0 0
-2 -1 -1 0 0 1 -2 0 0 0 0 1 0 -2 -1 1 0 2 0 0 0 0 1 0 1 1 0 -2 1 -2 0 0 1 1 -1 -1 0 -1 1 -1 -1 1 1 -1 1 0 3 -3 -2 0 2 -1 0 1 0 0 0 0 1 1 2 -1 0 1 -1 1 23 -1 1 1 -1 1 2 1 0 1 0 -3 1 -2 1 0 1 1 0 -2 -1 0 0 1 1 0 -2 0 0 1 2 0 0 0 1 2 1 1 1 0 0 0 0 -1 1 1 1 -1 0 0 0 0 0 0 0 0 0 0 1 -1 0 0 0 -2 -1 0 -1 1 0 0 0 0 0 0 -1 -1 0 4 0 0 0 1 1 1 1 1 0 2 0 1 2 0 2 0 0 1 0 -1 1 -1 1 2 -1 1 2 0 0 0 0 1 0 1 -1 1 -1 0 0 0 -1 1 0 0 1 0 0 0 2 1 1 1 1 1 1 -1 0 0 0 -1 0 1 0 1 -1 -1 0 1 1 -1 1 0 1 -1 0 0 0 0 -1 0 1 -1 0 -1 -1 -1 0 -1 1 1 0 0 0 0 0 1 0 0 0 3 -1 0 0 0 2 0 -1 3 0 -1 -1 -2 -1 -1 1 0 1 0 1 0 0 1 0 0 2 1 3 -1 2 -1 0 -1 0 -2 -2 0 1 0 1 0 0 0 0 0 0 0 1 -1 1 0 1 0 0 1 1 1 0 0 -1 0 2 2 0 -1 0 1 0 1 0 -1 -1 2 0 0 -1 -1 0 1 -2 1 -1 -1 -1 0 0 1 1 -2 0 0 0 1 0 0 -1 0 0 1 0 0 1 1 0 -1 2 0 -1 -1 1 0 0 0 1 0 0 0
2 0 -1 -1 1 -1 0 0 0 1 0 2 0 3 -2 1 -1 -2 1 0 0 -3 0 0 0 0 -2 1 1 2 1 1 0 1 -1 -1 1 1 1 2 -1 1 0 -1 0 0 0 0 0 1 -2 0 0 -1 -1 1 0 0 0 -1 0 0 0 2 0 2 -1 22 0 0 0 -2 1 -1 1 -1 -1 3 0 -1 0 0 -1 2 -1 -1 -2 1 0 0 0 0 -2 0 -1 1 1 -1 -1 -2 1 0 1 -1 -1 0 -1 -2 1 0 1 0 1 1 0 0 -1 0 1 -1 0 -2 0 1 1 0 0 0 0 0 -1 0 1 -2 -1 -1 -1 0 1 1 0 -1 0 2 0 -1 1 0 0 -2 0 3 0 0 1 0 -2 0 1 0 -1 -2 0 0 -1 3 1 0 1 1 -1 0 1 0 -1 -2 2 -1 0 0 -1 2 1 0 -3 1 0 2 -1 -1 0 0 0 1 0 0 3 0 -1 -1 0 0 1 0 0 1 1 0 0 1 1 2 0 -1 1 1 0 0 -1 1 1 -2 -1 -1 -1 1 1 2 0 1 0 0 1 0 0 0 1 0 0 1 2 2 -1 0 1 3 -1 0 1 -1 0 -1 1 1 1 0 0 1 -1 1 1 -1 2 0 1 0 0 0 1 -1 1 1 1 -1 1 -1 0 0 -1 -2 -1 -2 1 -2 1 0 -3 -1 -1 0 -1 1 -1 1 -1 0 -2 -1 1 -1 0 0 1 2 -1 -1 0 -1 0 -1 1 1 -1 -1 -1 0 1 0 -1 -1 1 -1 0 1 2 0 0 -1 0 1 0 0 0 0 0 0 1 0 1 0 1 0 0 1 -1 1 1 0 0 -1 1 1 -2 2 2 0 -2 2 0 0
0 -2 -1 0 0 0 0 -1 0 0 0 0 1 2 0 -1 0 1 -1 -1 -1 -1 0 0 0 0 1 0 1 -1 0 0 1 0 -1 -1 1 1 0 -1 0 0 1 -1 2 2 0 0 0 0 0 1 -1 1 0 1 0 0 0 -1 -1 0 -2 1 2 1 1 0 21 0 1 -1 1 1 0 -1 0 0 0 0 0 -1 0 1 0 0 -1 1 1 -1 -3 -2 2 -1 -1 0 2 0 0 0 0 -1 1 -1 2 -1 -2 0 0 0 1 -1 1 -1 0 1 0 0 0 -1 0 0 -1 1 1 0 -1 1 -1 -1 0 -1 0 1 0 0 0 0 -2 -1 1 0 -1 1 -2 -1 -1 1 1 1 -1 1 -1 -2 0 2 0 0 -1 0 0 1 1 0 -2 -1 0 0 -2 -2 1 1 0 0 2 0 -1 2 0 0 1 -1 -1 -1 0 0 0 0 -1 0 0 0 0 0 1 0 0 1 0 0 -1 1 1 0 0 0 1 -1 -1 0 -1 2 1 -1 -2 -1 0 1 2 0 0 1 -1 1 1 0 -1 1 0 0 -1 1 -1 0 1 -1 1 0 0 1 -1 0 0 -1 0 2 2 0 -2 0 0 -1 -1 1 1 0 -1 -1 0 -1 2 0 -1 -1 1 0 0 1 1 0 1 -1 0 3 -1 0 0 0 1 1 0 1 -1 -1 -1 0 1 -3 0 0 0 -1 0 1 0 1 -1 1 -2 0 0 1 0 1 -1 0 0 -2 0 2 -1 1 -2 0 1 2 0 1 1 1 0 1 0 0 1 0 0 0 -1 0 0 2 1 1 0 0 0 0 -1 -2 0 2 -2 -2 0 1 -1 -1 0 1 2 1 -1 2 1 0 0 0 1 0
0 2 0 0 1 -1 -1 0 0 0 1 -1 2 1 0 0 1 1 3 0 1 2 -1 1 0 0 -1 0 0 0 0 0 0 0 0 1 0 0 0 1 -1 0 0 -1 0 0 0 -1 0 2 1 -2 0 1 1 1 -2 1 0 0 0 0 -1 1 0 0 1 0 0 14 1 0 1 -1 0 1 0 1 -1 0 -1 -1 -1 1 0 -1 0 1 0 1 1 0 -1 -1 1 0 1 0 1 0 0 0 0 1 1 0 -1 1 1 0 0 1 -1 1 0 -1 1 -1 0 0 0 -2 0 2 1 -1 0 1 0 -1 0 0 -2 0 1 0 0 0 0 2 -1 0 0 0 0 0 0 0 0 0 -1 -1 0 1 -1 0 1 1 -1 -1 0 0 1 1 -1 0 0 0 0 0 0 0 0 0 0 0 0 0 0 0 0 0 0 1 0 0 -1 -2 -2 0 0 -1 -1 0 -1 -1 1 1 0 -1 0 2 0 1 0 -1 0 0 -1 0 -1 1 1 1 0 -1 0 1 0 1 0 -1 0 0 2 0 0 0 0 -1 0 -1 0 0 1 -1 -1 1 1 0 -1 0 0 1 2 0 0 1 0 1 -1 0 0 0 0 0 0 1 0 1 -1 1 1 0 0 0 1 0 1 -2 0 0 0 0 1 -1 0 0 1 -1 0 0 0 1 0 -1 -1 -1 0 0 1 0 0 0 0 0 0 -1 0 0 0 1 0 -1 0 0 0 0 0 -1 1 0 0 0 0 -1 -2 1 -2 1 0 0 1 -1 0 1 -1 0 1 -1 -1 1 -1 1 0 -1 -1 2 0 -1 2 0 2 1 0 0 0 0 0 -1 0 1 1 1 0 0 0 0 0 1
0 0 1 0 1 -1 1 0 0 1 0 0 0 0 1 1 0 2 2 -1 1 0 1 0 1 0 0 0 2 0 0 0 0 0 -1 0 0 0 1 -1 1 0 0 0 0 0 0 1 0 1 0 0 0 1 -1 -1 0 -1 0 1 0 1 0 0 1 1 -1 0 1 1 14 -1 0 0 0 0 0 1 0 -1 0 -1 0 0 0 -1 -1 0 1 0 0 0 0 0 0 0 0 1 2 1 1 0 2 1 0 -1 0 -1 0 1 -1 1 1 0 -1 0 -1 0 0 1 1 1 -1 1 0 -1 -2 2 -1 0 0 0 1 0 0 0 0 1 -1 1 1 0 0 0 0 0 0 0 -1 0 -1 0 0 0 0 1 -1 1 1 1 1 0 0 0 0 0 -2 0 0 0 0 1 1 0 -1 -1 0 0 0 0 0 -2 0 0 0 0 0 2 0 1 0 0 -2 -1 -1 0 -1 -1 0 1 0 0 0 -1 0 1 0 0 0 0 0 1 0 -1 -1 -1 1 -1 2 0 1 0 0 1 1 0 0 0 0 -2 -1 2 0 0 0 0 0 0 1 -1 -1 -1 -1 -1 1 0 0 0 0 0 0 0 1 1 1 0 1 0 1 0 0 1 -2 0 1 0 1 1 1 -1 0 -1 0 0 -1 -1 -1 0 1 0 1 0 -1 0 0 0 3 0 0 1 1 0 -1 0 1 -1 0 0 0 -1 0 -1 0 1 -1 1 1 -1 -1 0 1 1 0 0 0 2 0 0 0 0 1 0 0 0 -1 0 0 2 0 0 0 0 1 0 0 0 1 0 0 -1 -1 0 -1 1 0 0 0 0 -2 0 -1 0 1 0 -1 0 0 0 -3 0
1 2 -1 -1 0 0 0 0 -1 1 -1 0 1 -1 -1 -1 2 0 0 0 0 1 0 -2 0 -1 0 0 0 0 0 0 0 -1 -1 2 0 -1 -1 -1 0 0 0 0 0 1 0 1 0 2 2 0 0 -2 -1 0 0 1 -1 0 0 0 0 -1 0 0 1 -2 -1 0 -1 18 1 1 0 1 0 0 -1 1 -1 0 0 3 0 1 0 -2 0 1 -1 2 2 1 1 1 -1 0 -1 -1 0 1 0 -1 0 -1 1 1 0 -2 -2 -1 0 0 -1 0 0 0 0 0 -1 0 0 1 -1 0 0 -1 0 0 -1 1 -2 -1 0 0 0 -1 1 -2 0 1 -2 1 -1 0 0 0 0 -2 1 0 0 0 -1 0 0 0 2 -1 -1 2 1 -1 -1 -1 0 -1 0 0 -1 1 0 1 0 1 -1 0 0 -1 -1 -1 0 -2 1 0 0 1 1 1 -1 0 1 0 -1 2 0 0 1 0 -1 0 1 1 0 0 -1 -1 -1 0 0 -2 1 0 1 0 -1 1 0 -1 -1 0 1 0 0 -1 0 -2 1 0 0 0 0 0 -1 1 2 0 0 1 0 0 1 1 0 0 0 -1 0 1 0 0 0 1 1 1 0 -1 0 -1 -2 -1 -1 0 0 0 0 -1 0 0 1 0 0 -2 0 1 0 -2 0 2 0 -1 0 0 0 1 0 2 0 -1 -1 0 0 1 0 0 1 -1 -2 1 0 0 0 0 3 0 0 1 2 -2 0 0 1 0 0 1 0 0 0 -1 0 1 0 1 0 -2 0 1 1 -1 0 0 2 0 0 1 0 0 0 1 0 -1 1 -1 0 -2 -1 0 -1 0 0 0 1 -1 -1 0 0 -2 0 0
-1 0 0 0 -1 1 0 0 0 0 1 0 0 0 0 0 0 0 1 0 -2 0 1 -1 0 0 -1 0 -1 0 0 1 0 0 1 3 0 0 0 0 1 0 1 0 1 1 0 1 1 0 1 0 0 0 0 0 0 0 0 1 1 0 0 1 3 0 2 1 1 1 0 1 15 2 1 -2 0 0 0 -1 0 0 0 0 0 0 0 1 -2 0 0 0 0 -1 0 -1 0 0 0 1 0 0 -1 2 0 0 1 0 0 0 0 0 0 0 -1 0 0 1 0 -2 0 -1 1 1 1 0 0 0 0 -1 -1 -1 1 0 0 0 1 0 -1 0 0 0 -2 1 0 -2 0 -1 0 0 0 0 0 1 1 0 1 0 -1 2 0 1 -1 1 1 1 1 0 1 2 -1 0 1 0 0 0 0 0 0 -1 0 1 1 0 -1 1 0 0 -1 0 0 0 0 0 1 0 1 2 1 1 0 -1 1 -1 0 0 0 -1 -1 3 0 1 0 0 2 1 -1 0 -1 1 0 0 0 1 0 0 -1 0 0 1 1 0 -1 0 2 -1 3 1 0 0 0 -2 0 1 -2 0 -1 0 -1 0 0 1 0 0 0 -1 1 0 -1 -1 0 0 -1 1 0 -1 -1 0 2 1 1 0 1 1 0 0 1 -1 1 0 0 0 0 0 1 1 -1 0 0 0 -1 -1 1 0 1 0 1 0 -1 0 0 -1 0 0 1 -1 0 -1 0 2 0 1 0 -1 -1 1 1 -1 -1 0 0 0 1 1 0 -1 -1 -1 0 -1 -1 0 1 2 0 0 0 1 -2 1 0 0 0 0 0 0 0 1 1 0 0 0 0 1 1 -1 0 0 1 -1
2 0 0 0 0 0 0 1 0 1 1 -1 0 1 0 0 0 1 0 1 -1 -1 0 2 0 0 0 0 -1 -1 -1 0 0 -1 0 0 -1 0 0 -1 0 1 0 0 0 2 0 -2 1 1 -1 2 0 0 -1 -2 0 0 0 2 -1 -2 0 0 1 0 1 -1 1 -1 0 1 2 19 -1 1 2 0 -1 -1 1 0 -1 1 0 -2 0 1 -1 -1 0 0 0 0 1 0 0 0 0 2 -1 1 0 1 0 0 0 0 0 -1 1 0 -1 -1 0 0 0 1 0 1 1 0 0 -1 3 0 1 0 -1 2 0 -2 -1 0 -1 1 0 -1 -1 0 0 0 0 0 1 0 0 0 -1 1 -2 1 -1 0 0 -2 0 0 0 2 0 0 1 0 2 0 -1 1 -2 -1 1 0 0 0 1 1 1 0 0 1 -1 -1 -1 0 0 0 1 0 0 0 1 -1 1 -2 -1 0 0 -1 2 1 1 0 0 -1 1 0 0 0 1 0 3 2 1 0 0 0 0 0 0 0 0 0 0 1 0 0 -2 -1 0 1 -1 -1 -3 1 0 0 2 0 -1 1 0 -1 0 0 -2 0 -1 1 0 -3 0 0 -1 0 -1 -2 1 -1 0 0 1 1 0 1 0 0 -1 -1 0 0 1 0 -1 1 1 0 0 -2 1 -1 1 0 0 3 1 1 0 1 1 0 1 -2 0 0 2 2 0 0 0 0 2 0 -2 0 1 -2 0 0 2 1 0 1 0 1 0 1 0 0 0 0 1 1 0 1 0 -1 -1 0 0 0 -1 0 0 0 1 0 1 1 -1 0 0 1 1 -1 1 0 0 0 1 1 -1 0 1 -2 0 -2 1 0 0 -2
0 0 0 0 0 0 2 1 0 -1 0 0 0 1 0 0 -1 1 0 1 0 1 0 -1 0 1 0 -2 0 -2 1 1 0 2 0 0 -1 1 1 0 3 1 -1 0 0 1 1 2 1 1 1 1 1 1 0 0 1 1 0 -1 0 1 2 0 1 1 0 1 0 0 0 0 1 -1 14 0 0 0 0 -1 0 1 -1 0 0 -2 0 0 2 0 0 0 2 0 0 0 0 0 0 1 0 0 1 0 0 -1 0 0 0 2 0 0 0 0 0 0 -1 0 0 2 0 0 0 0 0 0 -1 0 0 1 0 -1 1 1 0 -1 0 -1 0 0 -2 0 0 1 1 1 0 0 0 0 0 0 2 0 0 0 2 0 0 -1 0 0 0 1 0 1 0 2 0 1 0 0 1 1 -2 -1 0 0 -1 0 0 1 1 1 -2 0 0 0 0 -1 -2 0 0 1 0 0 0 0 0 2 0 0 0 0 0 1 -1 0 0 -1 0 -1 0 2 1 3 -1 -1 -4 -1 0 2 1 0 0 0 0 0 0 4 0 0 0 0 1 0 0 0 0 -1 1 -1 0 2 1 0 -1 0 1 0 1 1 0 0 0 0 1 0 -2 0 0 0 1 0 0 0 0 1 -1 0 0 -1 0 0 2 1 0 2 0 1 0 0 0 -1 1 0 0 0 0 1 0 0 -2 1 2 -1 0 1 0 0 0 0 0 0 0 0 -1 0 0 0 0 0 1 -1 1 0 0 0 -1 0 0 0 0 0 0 0 0 0 -1 2 1 0 0 0 1 1 1 0 0 0 0 -1 0 0 0 0 0 0 0 -1 1 1 0 0 2 1 1 1 1 0
-1 0 0 2 1 0 0 1 0 -1 0 -1 0 -2 0 1 0 2 -1 0 0 -1 0 0 1 1 1 0 1 1 0 0 0 1 0 -1 0 0 2 1 -1 0 0 0 0 0 1 -1 -1 0 0 -1 0 0 -1 0 0 0 0 -2 0 0 0 0 -2 1 1 -1 -1 1 0 1 -2 1 0 23 1 -1 0 0 0 0 -1 2 0 0 0 1 1 0 4 1 3 2 -2 0 3 0 0 -2 0 3 1 0 -1 0 0 1 -2 0 0 -2 -1 -1 1 0 0 0 0 1 0 -1 0 -1 4 2 1 1 1 0 -1 0 -1 -1 -1 0 0 0 2 -1 0 1 0 0 0 2 0 0 0 0 -1 -1 -1 0 0 0 0 0 0 -1 0 0 0 0 1 -1 1 1 0 2 0 0 -2 0 1 0 0 0 -2 0 0 0 0 -1 -1 0 0 -1 -1 3 0 0 0 0 -2 1 1 -1 1 1 -1 0 0 2 3 1 1 0 0 0 0 1 0 1 0 -1 1 2 1 0 1 -1 -1 -1 1 2 0 -1 0 1 0 0 0 0 0 0 0 -1 0 2 -2 -1 1 2 -1 2 -1 1 0 0 -1 1 -1 -1 -1 -1 -1 0 3 0 0 2 -1 0 1 -1 3 0 1 -1 2 0 -1 -1 0 1 1 0 -1 0 0 -3 0 0 -1 0 3 -1 0 0 1 -1 0 0 0 0 1 0 0 0 0 1 1 -1 0 1 -1 1 0 0 1 -2 2 2 -1 -1 -1 2 -3 0 0 1 0 1 0 0 0 0 1 1 1 1 0 0 0 0 2 3 1 -2 0 -1 0 0 -1 -1 0 0 0 0 1 0 0 0 -1 0 0 -1 -1 1
-2 -1 2 -1 0 1 0 1 -1 0 0 -1 1 1 0 1 1 0 -2 0 -1 1 0 0 0 0 0 0 -1 -1 2 -1 0 -1 -2 0 0 0 1 0 1 1 1 -1 0 0 0 0 0 0 -2 1 0 0 1 0 0 1 -1 -3 -1 -1 -1 -3 1 -1 0 -1 0 0 0 0 0 2 0 1 18 -1 0 0 0 -1 1 0 0 2 0 0 0 0 -1 0 0 0 1 0 0 -1 0 0 0 0 -1 0 1 0 0 0 0 0 0 -1 0 0 0 1 2 1 0 1 0 -2 1 -1 1 1 -1 1 0 2 -1 0 0 0 2 1 0 0 0 -2 -1 1 -1 0 0 0 0 0 0 2 0 0 0 -2 -1 1 0 -1 0 -1 2 1 0 0 2 0 -1 2 2 1 0 0 -1 0 0 1 1 0 0 0 0 1 -1 0 -1 1 0 0 0 1 1 -1 0 1 -2 0 0 -1 0 0 0 1 1 0 0 1 0 1 0 0 -1 0 0 0 0 0 0 1 2 -1 1 0 0 0 -1 0 -2 0 0 -1 0 1 0 1 0 1 1 1 0 -1 -2 0 -1 1 -1 -1 -1 0 0 -2 0 1 0 1 1 0 0 1 1 0 0 -1 1 2 0 -1 0 1 1 0 0 0 0 -2 0 0 0 0 1 2 0 0 0 -2 1 0 0 0 1 -2 0 1 1 0 0 -2 1 -1 2 -2 -1 0 -1 0 0 -1 0 1 3 -1 -1 0 -1 -3 0 2 0 1 0 0 0 0 -1 0 0 -1 0 -1 1 0 0 0 -1 0 0 0 0 0 -3 0 0 1 1 -1 0 0 0 0 2 2 -1 0 0 0 0 2 0 0 -1 0
1 1 0 0 2 0 0 0 0 -2 1 1 0 3 0 1 0 1 2 1 0 -1 0 2 0 0 -1 0 0 2 0 0 -1 0 0 0 1 0 3 1 -1 0 0 0 0 0 0 -1 0 -1 0 -2 0 -1 0 1 0 1 0 -2 0 0 1 -1 0 2 -3 3 0 1 1 0 0 0 0 -1 -1 20 0 0 0 1 0 0 0 1 0 0 0 0 0 0 1 0 1 1 0 0 -1 -1 2 1 0 -1 1 0 0 -1 0 0 1 1 -1 1 -1 -1 0 0 0 1 0 -1 0 0 0 -1 0 1 0 0 -1 0 0 -2 0 0 2 0 0 2 1 1 0 0 1 -1 0 0 -1 2 0 2 0 0 -1 0 0 0 -1 0 1 0 1 0 -1 3 0 1 0 0 0 0 -1 0 -1 0 0 0 1 0 0 0 0 -1 0 0 -1 0 1 0 0 0 0 0 1 1 1 0 2 1 1 -1 -1 1 0 0 0 0 0 0 0 0 0 0 0 -2 0 -2 0 1 0 -1 0 1 1 -2 0 1 0 -1 0 0 -1 -1 0 -1 1 0 0 0 2 1 0 -1 0 1 1 1 0 -1 0 0 1 2 0 0 0 2 -1 0 0 1 1 0 0 0 0 1 -1 -2 0 0 0 1 -2 0 0 -1 1 0 1 0 0 -1 0 1 -1 0 0 1 -1 -1 0 -1 1 0 0 -1 1 0 1 0 0 -1 1 0 2 1 2 1 0 0 -1 0 1 1 4 1 0 0 0 1 0 0 0 0 1 0 0 -1 0 1 0 0 0 0 1 0 0 -1 0 0 0 1 0 1 0 1 1 -1 0 -1 -3 -1 0 0 -1 0 0 0
0 0 1 0 0 1 0 0 0 -1 0 0 1 -1 0 0 0 0 0 0 -1 0 1 -1 1 0 -1 0 0 0 0 0 0 0 0 0 1 0 0 0 0 0 1 0 0 -1 0 0 -1 -1 1 0 1 0 0 0 0 0 1 0 0 0 0 2 -1 0 1 0 0 -1 0 -1 0 -1 0 0 0 0 10 -1 2 0 1 0 0 0 0 2 0 -1 1 0 1 0 -2 0 -1 -1 -1 0 0 0 0 0 -1 0 -1 0 0 0 0 1 -1 -1 0 0 0 0 0 0 -1 0 -1 0 2 0 0 0 0 1 0 0 1 0 1 0 0 1 0 -2 0 0 1 -1 0 0 0 0 0 0 0 1 0 0 1 1 -1 1 -1 0 0 -1 -1 1 0 0 0 0 -1 0 0 0 0 0 0 0 -1 0 -1 0 0 0 0 -1 0 0 0 0 0 0 -1 0 -1 1 2 0 1 0 -1 2 0 0 1 0 0 -1 0 0 -2 0 0 -1 0 1 0 2 1 0 0 1 0 -1 0 -1 0 1 0 -1 0 1 0 0 0 -1 -1 2 0 0 0 0 0 -1 0 1 0 1 1 1 1 -1 0 0 -1 1 0 0 0 0 0 1 0 -2 0 0 0 -1 0 0 0 0 0 -1 0 0 0 0 0 0 0 0 0 -1 0 1 0 2 0 0 0 0 1 0 0 0 0 0 1 1 0 0 0 -1 0 0 1 0 0 1 -1 -2 0 -1 0 0 0 0 0 0 2 -1 0 -1 0 0 0 0 0 0 -1 1 0 0 0 0 0 0 0 0 0 0 0 0 0 0 0 0 0 0 0 0 1 0 0 0 0 0 1 1 0 1
1 1 -1 2 0 1 1 0 0 0 0 -1 0 0 2 -1 1 0 0 0 0 0 -1 0 1 0 1 1 1 3 1 -1 0 -2 -1 0 1 1 -1 2 0 -1 2 0 0 2 1 2 0 -1 0 -1 1 1 -1 0 0 -1 -1 0 0 0 -2 1 -1 0 -2 -1 0 0 -1 1 -1 -1 -1 0 0 0 -1 16 0 1 1 -2 0 1 1 0 0 -1 0 0 1 -1 0 0 1 0 1 -2 0 0 0 0 0 0 2 0 0 -1 1 0 0 1 0 0 0 -1 1 1 1 -1 1 2 0 0 -1 0 0 0 0 0 -1 0 0 2 -1 2 1 -1 0 2 1 0 0 0 -1 0 0 0 0 0 -1 3 0 0 0 -1 0 -1 0 0 0 0 0 0 0 1 1 0 1 0 0 1 1 0 0 0 0 1 0 -3 0 0 1 0 0 0 0 0 1 0 -1 -1 -1 1 0 -2 1 -3 0 0 -1 0 1 -1 0 -1 0 0 2 0 0 1 1 0 1 0 0 2 0 0 0 0 0 0 1 0 0 0 -1 0 1 -1 -1 0 0 -1 -1 0 -1 2 -1 1 1 0 -1 0 -3 2 1 0 0 0 0 1 0 0 2 2 0 0 0 0 1 1 0 -1 1 0 -1 2 1 1 1 1 -1 0 0 1 0 0 1 0 0 0 -1 1 0 -1 1 0 0 0 -2 0 0 -1 1 0 0 0 1 -1 -1 0 1 0 0 0 -2 0 1 1 0 0 -2 0 0 1 -1 0 0 1 -1 0 0 1 0 0 1 0 1 -1 -1 0 -1 0 1 0 0 0 0 -3 0 0 0 -1 0 -1 1 0 0 1 -1 1 1 0 1 -1
0 0 2 0 1 1 0 0 -1 2 -1 0 1 0 0 -1 0 0 1 0 0 2 2 -1 2 1 0 0 0 -1 1 -1 1 0 0 0 1 0 0 0 0 0 1 0 1 -1 1 -1 -1 -1 1 0 1 0 1 -1 1 0 0 0 -1 1 1 1 0 0 1 0 0 -1 0 -1 0 1 0 0 0 0 2 0 20 0 2 0 1 0 -1 1 0 -1 1 -2 1 0 1 1 0 1 -3 0 0 1 0 0 -3 2 -1 0 1 -1 2 1 0 -1 0 1 1 0 0 1 0 0 -1 1 0 -1 0 -1 0 1 -1 0 1 0 0 0 -1 1 0 -1 -1 0 0 1 1 0 -1 0 2 0 0 2 0 1 0 -1 0 2 2 0 -2 0 -2 -1 -1 0 -1 -1 -1 0 -1 -1 -2 0 1 0 -1 0 1 2 0 0 -1 0 0 -1 0 1 0 1 1 0 0 -1 3 0 1 -1 -1 0 -1 0 0 0 0 0 0 0 1 0 0 2 1 -1 0 0 4 0 0 0 -1 0 -1 0 0 0 -1 1 -1 0 -2 1 -1 -2 1 1 1 0 0 0 0 0 1 -2 0 1 -1 1 -1 1 1 0 0 1 1 0 0 -1 0 -1 1 0 0 0 0 0 1 -1 0 1 0 -1 0 0 0 0 0 1 0 0 1 1 0 0 0 2 0 1 0 0 0 2 0 0 -1 2 0 -1 0 0 0 -2 0 0 0 0 -1 1 1 -1 0 0 -1 0 -1 1 0 -1 3 -1 -1 1 3 0 0 -1 -1 0 -2 1 -1 -1 -1 1 -1 0 -1 0 0 0 -1 -2 1 0 0 1 0 1 -1 0 -1 1 0 0 1 1 1 0 -1 -1
0 0 1 0 0 1 0 3 -1 -1 0 0 0 -1 -1 -2 0 0 0 -1 -1 0 -2 -2 0 0 1 -1 -2 -1 0 -1 0 2 0 0 -2 -1 2 1 1 0 0 0 1 0 0 -2 0 2 0 -1 1 1 -1 0 0 1 0 1 0 0 2 1 -1 2 0 0 -1 -1 -1 0 0 0 1 0 -1 1 0 1 0 18 0 -1 0 2 -1 2 -2 0 1 0 0 1 0 0 0 0 -1 2 1 -2 -1 -1 -1 1 1 1 0 0 -1 0 -1 1 0 -1 -1 3 -2 0 -1 0 0 1 2 0 1 0 1 1 0 0 0 1 0 0 0 -1 0 1 1 0 1 0 0 -1 -1 0 0 -2 1 0 0 0 0 0 1 0 -2 0 0 0 0 0 -1 1 0 0 0 0 0 0 0 0 0 -1 0 -1 0 0 1 0 1 -1 0 0 -1 -1 0 0 0 0 0 -1 0 3 -1 -1 0 0 -1 0 -1 0 0 0 1 0 2 -1 2 0 0 1 1 2 0 1 1 0 2 0 0 0 1 0 0 -1 0 4 0 0 1 0 0 0 0 -1 -1 0 0 0 -1 2 0 0 2 0 0 -1 0 0 0 0 0 0 0 -3 0 0 0 -2 0 -1 -1 0 0 0 -1 0 0 -1 1 1 0 4 -1 0 -2 0 0 0 1 -1 -2 0 1 0 0 0 -1 0 0 0 0 0 -1 0 1 0 0 0 0 0 0 1 2 0 2 0 1 0 -1 0 0 3 1 0 0 -1 0 0 1 1 1 1 0 1 0 0 1 -1 2 -3 0 3 1 1 1 0 0 -1 0 -1 0 2 0 0 0 0 0 -1 0 0 0 0 0 0 0 -1
0 1 3 1 0 1 -2 1 -1 0 0 0 1 0 1 1 0 1 0 -1 -1 2 -1 0 1 1 -1 -1 0 1 0 1 -1 0 -1 0 2 -1 0 0 0 -1 1 1 2 1 1 0 1 1 2 -1 1 -1 0 1 -1 0 0 0 -1 1 1 0 1 0 1 -1 0 -1 0 0 0 -1 -1 -1 1 0 1 1 2 0 22 -2 0 -1 2 0 1 0 2 0 2 0 1 -1 1 0 -1 -2 0 0 0 -1 3 2 -1 -1 0 0 0 0 0 0 -1 -1 0 0 0 0 0 -3 1 0 -1 0 0 0 0 -1 -2 1 0 3 0 1 0 1 -1 1 0 -1 2 -1 -1 0 -3 0 -1 0 1 0 0 0 1 1 1 1 1 0 0 3 -1 -1 2 0 2 1 1 0 2 0 0 1 2 1 -1 -2 1 1 1 0 0 0 0 0 2 1 -1 1 0 0 -2 0 1 -1 0 -1 1 -1 1 -1 2 0 1 -4 1 2 -1 0 1 0 -1 0 3 1 0 -1 0 1 -1 2 0 -2 0 1 1 0 -1 -1 0 1 0 0 0 2 1 -1 1 0 -1 1 0 0 -3 -4 -1 1 0 2 2 0 -1 2 0 0 0 0 2 -1 0 -2 0 -1 0 -1 0 -2 1 0 0 -1 -1 1 0 0 2 0 -1 1 1 0 1 -2 -1 0 0 1 0 -1 0 1 1 1 1 -1 0 -3 0 -1 -1 -1 -1 0 1 -1 -1 0 0 0 0 0 0 0 1 0 0 0 1 -1 -2 1 0 0 2 0 1 0 -3 1 0 0 -1 1 2 0 0 0 -1 0 -1 -1 0 0 1 1 0 -1 -1 -1 0 0 0 0 2 -1 -1 1 0 0
1 2 -3 0 0 0 1 -1 0 0 0 0 -1 0 -1 0 -1 -2 -1 0 0 1 -1 1 0 0 0 1 0 0 2 1 0 1 -1 0 0 0 0 0 0 0 -1 -1 1 -2 1 -1 1 -1 0 2 -1 0 1 -1 0 0 1 -1 -1 -2 0 0 1 0 1 2 1 1 0 3 0 1 0 2 0 0 0 -2 0 -1 -2 21 0 -2 -1 -1 0 2 -1 2 2 1 0 1 -1 0 0 0 0 0 0 0 0 -2 -1 0 -1 -3 0 0 -1 0 0 0 0 0 -1 0 0 3 -1 2 1 0 -1 0 0 1 -1 0 1 -2 0 1 -1 -1 0 -1 -1 0 -2 1 -1 0 0 0 1 1 1 1 0 0 1 0 0 0 1 1 -1 1 0 0 -2 -1 1 -1 0 -1 -1 2 1 0 0 -1 1 0 1 1 1 0 -2 0 0 0 2 1 0 0 1 -1 3 1 0 -1 1 1 1 0 -1 1 2 0 1 -1 -1 1 -1 0 -1 -3 0 1 -1 0 1 1 0 0 0 -1 1 0 -1 2 -1 -1 0 1 0 0 0 0 -1 0 1 0 -1 0 1 -1 1 -1 3 2 2 0 1 -1 -1 0 0 0 -1 0 0 -2 0 2 1 2 0 -1 1 0 1 -1 0 -2 0 0 -2 1 -1 0 1 0 0 1 0 0 0 1 -1 -1 1 1 1 0 0 -2 -2 -1 0 -1 1 2 0 0 0 0 1 1 2 1 -2 0 0 1 1 0 0 1 -3 1 0 0 1 0 1 -1 0 -1 -1 -1 0 0 0 0 0 -1 3 0 1 0 0 1 1 1 0 0 0 1 -1 0 0 0 0 1 -1 -2 0 0 1 0 -1 -1 0 -1
0 0 -1 0 1 0 1 0 1 0 0 1 -1 1 0 0 0 0 3 -1 0 2 0 0 1 1 1 -1 1 0 -1 -1 0 -1 2 1 0 1 0 0 1 1 0 1 -1 1 0 2 0 0 1 0 1 1 1 0 -1 0 1 1 0 0 1 0 0 1 0 -1 0 0 0 0 0 0 0 0 0 0 0 0 1 0 0 0 15 0 0 0 0 -1 0 0 -1 0 0 0 1 1 0 -3 0 1 -2 0 2 -1 -1 -1 0 -2 0 0 0 -1 0 0 1 0 0 -3 0 1 -1 -1 0 -1 -1 1 1 0 -2 0 2 0 0 1 0 2 -1 0 0 0 0 0 2 1 1 0 2 0 0 0 0 0 0 2 1 0 1 0 0 0 -1 0 0 0 0 1 -1 0 0 0 -2 -1 2 0 1 0 -1 0 -1 0 1 0 1 1 -1 0 0 -1 -1 0 0 -1 0 0 0 -1 1 -1 0 0 -2 1 0 -1 0 1 1 0 -1 0 0 0 0 0 -1 2 0 -1 0 0 1 0 0 0 0 1 0 2 0 0 1 0 0 0 1 1 -2 1 2 2 0 1 2 0 2 0 -2 0 0 0 0 0 0 0 0 1 2 -1 0 0 -2 0 -1 0 0 1 0 0 0 0 2 -1 1 0 2 -1 0 2 1 1 0 1 1 0 0 1 0 -1 0 0 -1 1 0 1 1 3 1 0 0 0 0 -1 -1 1 -1 -1 1 0 0 1 0 1 0 0 0 1 1 0 0 0 2 0 -1 0 0 1 -2 0 0 0 0 -1 0 1 -2 0 0 0 1 2 -1 -1 0 0 1 0 0 1 0 0 0 -2 1 0 0 -1 -1 0
-2 0 3 2 -1 0 1 -1 0 1 0 0 -1 0 0 0 1 0 1 0 -2 0 0 1 0 0 2 1 0 0 -1 -1 0 0 0 -1 0 -1 2 0 -1 -1 0 0 0 1 1 1 0 0 0 0 0 -1 -1 2 1 1 -1 -2 0 1 0 1 0 0 -2 -1 0 -1 -1 1 0 -2 -2 0 2 1 0 1 0 2 -1 -2 0 21 0 0 -1 0 0 0 0 1 0 -1 1 1 3 -1 0 0 1 -1 0 0 2 0 0 -2 2 0 0 0 -1 0 0 0 1 -2 0 -1 2 -1 0 0 0 0 0 0 2 0 1 0 1 0 0 2 2 -1 0 3 1 2 1 0 2 1 0 0 1 -1 -2 -2 -1 0 0 1 1 -1 0 -1 0 0 1 -1 0 -2 0 1 -1 0 0 -1 0 1 0 0 1 0 -1 0 0 1 0 0 0 -1 0 -1 0 0 0 1 0 0 1 -1 -1 -1 1 0 0 0 -2 0 -1 -1 0 0 1 0 0 1 2 -1 1 1 1 0 0 0 0 1 -1 0 -2 1 1 -1 0 0 -1 -1 0 1 1 -1 0 0 0 0 -1 0 1 -1 1 0 0 1 2 -1 -2 0 2 0 0 0 0 1 0 -1 0 1 1 0 2 0 0 0 0 2 2 -2 -1 1 1 0 0 0 -2 2 1 -2 1 2 0 0 0 -1 -1 1 3 0 -2 0 0 -1 0 1 0 0 1 0 2 1 1 2 1 -1 0 0 0 -1 0 1 -1 1 1 0 1 -3 1 1 1 -1 -2 0 0 0 0 -1 0 0 1 0 1 0 0 0 0 -1 0 -1 -1 0 -1 1 1 1 0 -1 0 -1 0 0 -2 0 -1 0
1 1 0 0 0 2 0 0 1 0 1 0 0 1 0 1 1 0 1 1 -1 1 0 0 0 0 -1 0 0 0 1 0 -2 -2 0 0 -1 -2 -1 0 -1 0 1 2 0 0 0 0 1 -1 0 -2 0 0 0 0 -1 0 0 0 0 0 0 0 0 -2 -1 -2 -1 0 -1 0 0 0 0 0 0 0 0 1 -1 -1 2 -1 0 0 14 0 -1 1 1 0 1 1 0 0 1 -2 0 0 -1 1 0 0 -2 0 -1 0 -1 0 0 1 0 1 -1 0 -1 0 0 -1 1 0 0 0 1 0 0 0 -1 1 -1 0 1 1 0 0 0 0 0 1 0 0 0 -1 0 1 0 0 0 1 0 0 -1 0 -2 0 -1 0 0 0 0 1 0 1 1 0 0 0 1 0 1 -1 0 -1 1 1 1 0 -1 0 0 1 0 0 0 0 -1 -2 -1 0 0 0 -2 0 -1 -1 -1 -1 0 1 0 1 1 -2 0 -2 0 0 0 -2 0 0 0 1 0 1 0 0 0 0 0 0 0 0 1 1 1 -1 0 0 2 0 -1 0 0 0 -1 0 0 0 1 0 0 0 1 0 0 2 0 0 0 1 0 0 0 0 -1 1 0 0 0 0 1 1 -1 0 0 -1 0 -1 0 0 -1 0 0 0 2 0 0 0 0 1 -1 0 0 1 0 1 0 2 -1 1 0 1 -1 1 1 0 1 -1 1 1 0 -1 0 0 0 1 1 0 -1 1 0 1 0 -1 0 0 0 0 -1 1 0 0 1 2 -1 1 -2 -1 0 0 0 0 0 -3 2 0 -1 0 0 0 0 1 0 0 0 2 1 0 -1 -1 1 -1 1 0 0 0 1 0
0 2 1 1 1 3 0 1 0 0 1 -2 1 2 1 0 0 0 2 0 0 1 -1 2 1 1 0 0 -1 -2 2 0 1 -1 0 0 1 0 1 0 1 1 0 0 2 1 0 -1 1 0 0 1 1 2 0 0 1 0 0 1 0 0 1 0 -1 1 0 1 1 1 0 -2 1 1 0 1 0 0 2 0 1 2 0 -1 0 0 0 23 0 -2 0 -1 0 -1 1 0 0 0 -1 0 0 0 0 -1 -1 2 1 3 1 0 4 0 -1 -2 0 -1 1 1 0 1 0 1 0 0 5 0 0 0 -4 2 1 0 3 1 1 0 -1 -1 0 2 1 1 -1 1 2 1 -1 -1 0 -2 0 1 -1 -1 0 0 -1 1 0 1 0 1 -1 -1 1 0 -1 0 0 0 3 -1 0 1 -1 1 0 0 0 1 0 -2 0 2 -1 0 1 0 -2 -1 0 0 0 1 3 -1 1 -1 1 2 1 1 0 -1 1 -1 1 -1 1 -1 0 0 0 1 0 0 -1 1 1 2 0 -1 -1 2 0 1 1 2 0 1 -1 0 0 0 0 -1 -1 2 1 1 0 2 -1 3 1 1 0 1 0 -1 0 1 -1 2 1 0 0 0 1 -2 1 2 -2 -1 0 3 -1 0 1 -1 -2 0 1 -1 0 0 1 1 0 0 1 0 0 1 2 1 0 0 -1 -1 0 0 0 -1 2 0 -1 1 0 1 0 0 -1 0 0 0 0 0 0 -1 2 0 0 0 0 0 0 2 1 -1 0 2 0 0 0 0 2 0 -1 -4 -1 2 2 0 -1 2 0 1 1 -1 0 0 1 -1 -2 2 1 0 0 0 1 0 2 3 0 1 -1 1 0 0
3 0 0 0 -1 1 1 0 0 0 0 0 0 0 0 -2 1 2 -1 2 2 0 0 0 1 0 1 0 -1 2 -1 0 0 -1 0 0 0 0 0 0 1 0 -1 0 0 1 1 0 0 1 0 -2 0 0 -1 1 1 -1 1 0 0 1 0 -1 -2 2 0 0 1 0 1 0 -2 -1 2 1 0 0 0 0 0 -2 1 0 0 -1 -1 0 17 -1 0 0 0 1 1 2 -1 0 2 0 1 0 3 2 0 2 1 0 -1 0 0 1 2 1 1 0 1 1 0 1 0 1 -1 -1 -1 0 -2 0 1 2 2 1 0 1 0 0 0 0 0 0 1 0 1 -1 -1 2 1 0 0 0 0 0 1 0 -2 1 -1 0 -1 0 0 0 0 0 0 0 0 1 1 -1 0 0 -2 1 -1 0 -2 -1 -1 0 0 -2 0 0 0 0 0 2 0 0 -1 0 2 0 0 0 0 0 -1 2 -1 0 0 1 -1 0 0 1 0 0 0 1 0 0 0 0 0 0 0 1 0 -1 0 0 1 0 0 1 0 0 -1 -1 0 1 2 1 -2 1 1 0 1 -1 1 -1 1 0 1 0 0 0 0 0 0 0 0 1 0 0 0 0 0 0 -1 0 1 1 0 0 -1 0 0 0 1 0 1 0 0 1 0 0 0 -1 0 0 0 0 0 1 1 -1 1 1 0 0 -1 0 0 -1 0 0 0 -1 1 -1 1 -1 0 1 2 -1 0 -1 -2 -1 1 -1 -2 0 0 1 0 2 0 2 0 1 0 0 0 0 0 0 0 -1 0 1 0 1 0 0 0 0 0 0 -1 1 0 1 0 0 0 2 0 0 -1 1 0 0 0 0
0 -2 1 -2 -1 0 0 0 -1 1 1 0 1 -1 -1 0 -1 1 0 -2 1 1 -2 -1 -1 0 1 -1 0 -1 0 0 1 2 -1 0 0 -2 0 1 -1 0 0 0 0 -2 0 0 0 0 -2 -2 0 1 -1 -1 -3 0 0 -1 1 1 3 0 1 -2 1 0 -1 1 0 1 0 -1 0 0 0 0 -1 -1 -1 0 0 2 -1 0 1 -2 -1 22 0 1 -1 2 0 2 -1 1 -1 -1 1 0 0 -2 2 1 -1 0 0 0 0 -1 1 1 0 0 0 0 -2 0 0 -1 0 1 2 0 0 1 0 1 1 -1 0 -1 0 1 -1 0 0 1 1 0 0 0 0 0 -1 1 -1 -1 -1 0 0 1 1 -1 2 2 2 0 0 1 0 0 0 -1 -1 -1 0 2 -3 2 1 1 0 1 1 0 -1 -1 -1 3 0 1 0 0 0 -1 0 0 1 0 0 0 0 1 3 2 0 0 0 0 0 0 -1 1 0 1 1 -1 -1 0 0 0 1 -1 0 -1 -1 0 -1 1 1 0 1 1 -1 1 0 -2 1 0 0 1 -1 0 -1 -1 1 0 -2 -1 0 -1 0 -1 1 1 2 1 0 0 2 0 1 1 1 -1 0 0 -1 0 2 0 -1 1 1 1 0 1 0 0 1 0 1 2 2 0 -3 -1 0 0 0 -1 -1 -1 -1 0 0 2 1 -3 0 -1 2 -1 2 1 0 0 1 2 0 0 0 0 0 0 -3 0 0 0 0 -1 0 4 -1 0 -2 1 1 2 0 0 0 1 0 0 1 0 0 0 2 1 0 -1 0 0 0 0 -1 0 2 -1 0 -1 1 0 -1 -1 -1 -1 1 1 1 0 -1 0 1 0
3 0 0 0 0 -2 -2 0 2 1 0 1 -1 0 2 1 0 2 1 1 0 1 0 -1 0 2 -2 1 0 -1 2 0 -1 2 1 -1 0 0 0 3 0 2 2 0 0 1 0 0 1 -1 0 0 0 0 0 0 0 0 1 0 0 1 0 0 -1 -1 1 0 -3 1 0 -1 0 0 0 4 -1 0 1 0 1 1 2 -1 0 0 1 0 0 0 26 -3 1 1 2 1 2 -2 1 2 -1 1 -1 -1 1 2 1 0 0 0 2 1 0 -1 0 0 1 0 0 0 0 1 1 0 0 -1 0 0 0 0 0 1 0 0 0 -1 0 2 1 2 0 2 1 0 1 -1 0 0 0 0 0 1 0 2 -1 -2 0 1 1 0 0 -1 0 1 3 0 0 1 2 0 1 0 -2 0 2 1 0 -1 1 0 0 -1 2 -1 -1 1 1 -1 -1 2 1 0 0 0 -1 -1 -1 -2 0 -2 -1 0 0 -2 1 2 1 1 -1 1 -1 0 0 0 -1 0 2 -2 -2 -1 0 0 0 0 2 0 0 -1 -1 -2 0 0 0 0 1 2 1 -1 0 0 -2 -2 0 5 1 -1 -2 1 1 -1 -2 0 -1 0 0 0 -1 4 1 0 0 2 -1 0 -1 0 -1 0 0 0 0 1 1 0 -2 1 0 2 -1 -1 0 -1 0 -1 0 0 1 0 0 2 1 0 0 0 0 0 1 -2 1 -1 1 0 -1 1 -1 -1 0 -1 -1 1 0 0 1 0 2 0 1 0 -1 1 0 -1 1 1 0 1 1 0 1 1 1 -1 0 -1 1 2 0 1 -1 -2 -1 -1 0 0 0 0 -1 -2 0 -2 0 -1 -1 0 2 0 1 2 -2 0
0 0 -1 1 1 0 1 0 0 0 2 -1 2 0 -3 0 0 0 -1 -1 0 -1 0 0 0 0 0 1 0 1 0 0 0 0 1 0 0 1 0 1 0 -1 0 0 0 -1 2 0 0 1 0 -1 0 0 0 0 0 0 0 0 0 1 1 0 0 -1 0 0 -2 0 0 2 0 0 0 1 0 0 0 0 -2 0 0 2 0 0 0 -1 0 1 -3 15 -1 1 -2 1 -1 0 0 -1 0 1 1 0 1 -3 1 0 -1 0 -2 0 0 0 0 0 0 1 0 1 1 0 -1 0 -1 0 0 -1 1 0 0 0 0 0 -1 0 0 1 1 0 0 0 0 1 -2 0 0 0 -1 1 1 0 0 -1 0 0 1 1 0 0 0 2 -1 -2 0 0 -1 1 0 2 0 0 1 0 -1 1 1 1 0 0 0 0 0 0 -1 0 1 0 1 0 -1 0 1 0 -1 1 0 0 2 0 0 0 0 0 1 0 0 0 3 -1 1 0 0 0 2 0 -2 1 -1 1 0 0 0 0 1 0 0 1 0 1 0 0 0 0 -2 0 0 1 0 0 2 0 0 1 -1 1 1 1 0 1 2 1 -1 0 0 0 1 0 -1 0 0 0 0 0 0 0 2 1 0 0 1 0 0 0 1 0 0 0 0 0 -1 -2 -1 2 0 0 0 0 0 -2 0 0 -1 0 0 0 0 1 2 2 0 1 0 0 0 0 0 0 0 0 1 0 2 0 0 0 -1 0 -1 -2 1 0 -1 0 0 0 2 0 2 0 0 -1 1 0 1 0 0 0 1 3 0 0 0 0 0 1 0 1 -1 0 0 -1 0 -1 1 -1 -1 0 1 -2
0 0 0 -1 0 1 0 0 0 1 0 0 -2 -2 2 -1 -1 1 0 0 0 0 0 -2 1 0 1 1 0 0 0 0 -1 -1 0 -1 -1 0 0 1 1 0 0 1 2 1 3 3 -1 -3 2 0 0 1 0 0 1 2 0 0 1 0 0 1 2 2 -2 -2 2 -1 0 2 0 0 2 3 0 1 1 1 1 0 2 2 -1 0 1 0 0 -1 1 -1 28 -1 0 0 1 0 0 -1 -1 1 0 1 -1 1 -2 0 0 -1 1 2 -1 0 0 0 0 0 1 0 1 -2 -1 0 2 -1 0 1 0 1 0 0 -1 -2 0 0 1 0 0 -2 -2 0 0 -1 -1 1 0 1 -1 1 1 0 0 0 -2 -1 -2 1 0 0 0 -1 1 1 -1 0 1 -1 -1 -1 0 2 1 0 1 0 -1 1 -1 0 2 0 -1 0 1 0 2 0 0 0 1 0 -1 0 0 -1 0 -1 0 2 0 0 0 -1 -1 -1 1 0 0 -1 1 -2 0 1 1 2 -1 2 0 0 0 2 2 1 0 0 -1 0 0 2 -1 2 -1 0 0 1 -2 1 1 1 0 0 2 2 1 -1 0 0 -2 -1 1 0 -2 1 0 1 0 0 3 0 0 0 3 0 -1 -1 -1 -1 -2 -1 1 1 -3 3 0 1 0 -1 3 1 0 1 -1 0 -2 1 2 0 0 0 0 -1 0 0 0 1 3 -1 1 0 -2 -1 0 1 1 -1 -1 -1 1 -1 0 0 0 0 0 -1 1 1 -1 -1 -2 2 0 0 0 0 0 0 -2 -2 -1 1 0 2 1 0 -3 0 1 -1 -1 -1 -1 -1 0 3 0 0 -1 -1 2 2 1 -2 0 0 3 -2 0 1
2 2 1 -1 0 2 1 3 0 1 0 1 2 0 -1 -1 2 1 1 1 2 1 -1 -1 -2 0 0 0 -1 3 0 -1 0 1 1 0 -1 -2 1 -1 0 0 0 2 -1 -1 0 1 2 0 1 1 0 1 0 0 -1 -1 0 -1 -1 1 1 1 0 0 0 0 -1 -1 0 1 -1 0 0 2 0 0 0 -1 0 1 0 1 0 1 1 -1 1 2 1 1 -1 25 -4 2 2 0 0 -1 0 2 0 0 -2 0 0 1 0 -1 -1 1 -2 -1 1 0 2 -1 -3 0 1 1 1 0 2 1 0 0 1 0 -1 0 0 2 0 -1 0 0 0 -1 2 0 0 0 -1 2 0 0 0 0 0 0 -2 1 -2 3 -3 0 1 0 0 -2 1 -2 0 0 0 0 0 -3 -2 0 0 -1 0 1 0 -2 0 0 2 -2 0 0 1 0 -1 1 -3 0 -1 0 3 0 -1 0 0 1 1 2 0 0 0 -1 0 1 0 0 0 0 -3 0 0 0 0 0 0 1 0 -1 0 0 0 1 0 0 1 1 0 1 0 0 0 -1 1 1 0 1 0 1 1 -3 -1 0 1 -1 1 0 1 1 -3 -2 1 -1 -1 0 0 -1 0 0 -1 0 0 0 0 1 1 -1 1 -1 1 -1 2 1 -1 2 1 2 -1 0 1 0 0 -1 -1 1 0 -1 1 0 0 1 0 0 0 -2 -1 1 0 0 0 0 0 1 -1 -1 1 0 2 2 0 0 0 2 1 0 1 -1 -1 0 -1 0 0 0 0 0 -1 1 1 0 2 0 1 0 1 2 0 2 2 0 1 0 1 1 1 1 0 -1 0 -1 -1 -1 2 -2 0 -1 0 1 -1 0
2 0 3 -1 0 -1 1 -2 1 -2 -1 1 0 1 1 1 0 -2 2 0 -1 1 -1 1 2 0 0 0 -1 0 2 0 1 -1 0 0 4 1 0 2 1 0 0 -1 0 0 1 0 1 1 0 1 1 0 1 0 -1 0 1 -1 0 0 0 0 1 0 0 -1 -1 1 0 1 0 1 0 -2 1 1 -2 0 1 0 1 0 0 0 0 1 1 0 2 -2 0 -4 24 2 -2 1 -1 2 0 0 0 0 1 1 1 -1 0 -1 2 0 2 2 -1 -2 0 0 2 0 1 -1 0 1 -1 -1 0 1 0 -1 0 1 1 0 -1 0 0 0 0 0 0 -1 -1 0 1 1 0 1 1 -2 -1 -1 2 -1 0 1 -1 -1 -2 -1 1 1 0 1 1 1 -1 0 3 0 2 -1 3 1 -1 1 1 0 0 1 -1 -1 -1 1 1 0 1 0 1 -1 1 1 1 0 -1 0 0 1 2 1 4 0 0 -1 0 0 1 1 1 0 2 -1 0 0 0 0 -1 0 1 0 0 1 0 -1 1 -1 0 -1 1 0 0 0 0 2 0 0 1 1 0 0 0 1 2 1 0 0 0 2 2 -2 -1 0 1 0 -1 1 -2 3 0 1 -2 3 0 0 -1 2 1 0 1 0 0 2 0 -1 0 0 0 0 1 0 -1 0 0 -1 1 0 1 0 0 1 -1 1 0 -1 0 0 0 0 0 1 0 0 2 0 2 0 0 0 0 -1 1 2 -3 -1 1 0 -1 -1 1 1 0 -1 1 0 -2 0 1 -1 -1 1 0 0 0 0 2 -1 1 0 0 0 -1 0 1 0 -1 1 0 3 1 2 0 0 0 0 0 0 1 -2 0 -2
2 0 0 -1 -1 -2 1 0 0 1 0 0 0 -1 -2 0 2 0 0 0 0 0 0 -1 0 -1 0 0 0 -1 1 -2 2 0 -1 0 1 1 1 1 1 0 0 -1 0 0 -1 0 1 1 -3 0 0 0 0 -1 0 0 0 -1 0 0 0 0 -2 1 1 1 0 0 0 1 -1 0 0 0 0 1 0 0 1 0 -1 1 0 -1 0 0 2 2 1 1 0 2 2 17 -1 0 -1 0 0 1 1 -1 0 1 -1 0 0 1 0 1 0 1 -1 1 -1 0 -1 2 -1 0 0 1 -2 -1 0 0 0 1 0 -1 0 0 -1 -1 -2 1 0 0 1 0 1 2 -2 2 0 0 0 -1 0 -1 0 2 -2 1 -2 1 0 0 0 -1 0 0 0 0 0 1 -1 -1 -1 2 0 0 0 0 1 1 0 2 -1 0 0 0 0 0 0 0 0 0 0 1 0 0 1 0 1 2 0 -5 -1 1 0 0 1 2 0 0 -1 -1 0 1 0 0 0 1 2 1 0 -1 -1 0 -1 0 2 1 1 0 -1 -1 0 0 0 0 0 1 -1 2 -1 0 -1 0 0 1 1 0 1 -1 0 0 0 0 0 1 0 1 0 2 0 0 0 0 1 0 0 1 1 1 0 0 0 1 1 1 -1 1 1 1 0 0 1 -1 1 0 0 0 0 0 0 0 0 0 0 0 0 -1 0 1 1 1 0 -1 -1 0 -1 1 1 0 1 1 -1 -1 0 -1 1 2 -1 1 0 0 0 1 0 0 0 0 3 0 3 1 0 1 0 0 0 1 0 -1 1 0 0 -2 0 -1 1 1 1 1 1 0 -1 0 1 0 -1 -1 -1 0 -2 -1
0 1 -1 3 -2 -1 0 1 -1 2 0 1 -2 0 0 2 0 -1 1 1 0 3 0 1 0 2 0 1 -1 -2 0 0 0 0 0 0 1 1 -1 -1 0 1 1 0 1 0 -1 1 1 1 -1 1 0 0 1 0 1 0 0 0 -1 1 -1 0 -1 0 2 1 2 1 0 -1 0 0 0 3 0 0 -1 1 0 0 1 -1 1 1 1 0 -1 -1 2 -1 1 2 -2 -1 23 1 -1 2 1 0 0 0 2 0 1 -1 1 2 2 -2 0 0 1 0 -1 0 0 -2 0 -1 1 0 1 1 -1 0 0 0 0 0 -2 1 0 0 0 0 0 0 2 0 -1 0 1 0 0 1 0 1 -3 0 -1 1 0 1 0 -1 2 0 0 0 2 -1 4 -1 0 0 0 0 1 0 3 -1 -1 0 3 0 0 0 1 0 0 -1 2 0 -2 -1 0 0 2 0 1 0 -1 1 2 0 3 -1 0 0 3 2 1 1 0 1 -1 0 1 1 0 -2 1 1 0 1 2 0 0 0 -1 2 0 0 1 0 0 0 0 1 1 1 0 0 1 1 -1 0 -1 0 0 0 -1 1 0 0 -1 0 0 1 1 3 1 -1 -1 2 2 0 1 4 0 0 1 -1 1 -2 0 -1 0 0 0 0 0 0 1 -1 1 1 0 3 0 -2 0 0 0 -1 -1 1 0 1 1 0 -1 0 0 0 3 0 -1 0 -1 -1 0 1 0 0 1 1 2 3 -1 1 0 1 2 1 0 0 -3 0 0 1 3 1 0 1 -1 0 0 0 0 -2 2 0 0 1 0 0 0 0 -1 0 1 1 0 0 0 0 0 2 1 0 2 1 1 -1 -1 0
1 0 -1 0 0 0 0 0 0 -1 1 1 -1 0 0 0 0 0 2 0 0 -1 1 0 0 0 3 1 -3 0 0 0 -1 -1 0 0 0 0 0 0 -1 -1 0 0 1 0 0 0 -1 1 0 0 0 -1 0 -2 2 0 0 0 0 -1 -1 0 1 0 0 -1 0 0 1 0 0 0 0 0 -1 0 -1 0 1 0 0 0 1 1 -2 0 0 1 -2 0 0 0 1 0 1 17 0 1 0 0 0 -1 2 0 0 0 0 -3 0 0 1 1 -1 0 2 0 0 0 -1 0 0 0 1 0 0 0 -1 0 2 -1 -1 -2 -1 1 0 0 -1 0 0 1 1 3 1 0 0 1 1 -2 -2 0 0 -1 0 1 0 -1 -1 0 0 1 2 -1 0 -1 1 0 1 0 0 1 0 1 0 0 -3 0 -1 0 0 0 -1 1 -1 1 0 5 1 1 0 1 -1 0 1 -1 0 0 0 1 0 -1 0 0 -1 -2 0 1 -2 0 -2 1 0 1 1 0 1 -2 1 0 1 0 1 1 -1 0 -1 0 0 0 1 0 0 1 -1 0 0 0 -1 0 0 0 0 0 1 0 1 1 1 3 1 -1 -1 0 0 0 0 2 0 1 0 0 0 1 -1 1 -1 -1 0 0 0 0 1 0 -2 1 -1 1 1 0 0 0 1 1 -1 0 0 0 0 0 1 0 -1 0 0 1 0 -1 1 4 -1 -1 0 -1 0 1 1 0 0 1 1 1 0 0 0 1 0 0 1 1 -1 -2 0 0 0 -2 0 0 -1 -1 0 -1 1 1 0 0 0 -1 0 0 -1 0 -2 0 0 0 0 0 0 -1 0 2 0 1 0 1 -1 0 -1 0
0 -1 -1 1 -1 0 0 1 2 3 1 1 -1 1 1 -1 1 3 -2 0 0 0 -2 0 -1 0 -1 0 0 1 -1 -1 0 -1 0 0 0 -1 2 -3 1 0 0 0 0 0 3 -1 1 1 0 0 0 -1 0 1 0 0 -1 1 0 1 -2 -2 1 0 0 -1 0 1 2 -1 0 0 0 0 0 -1 -1 1 -3 -1 -1 0 0 3 0 -1 2 -1 1 0 0 0 -1 -1 -1 0 26 1 -1 0 1 0 1 0 1 0 -1 0 -1 0 0 0 1 -1 4 2 1 0 1 -1 -1 0 1 1 1 0 0 -1 -1 -1 0 -2 1 1 0 3 2 1 0 1 -1 1 2 0 1 0 0 1 2 -1 -2 -1 0 -2 0 -2 0 2 -1 1 2 -2 2 0 1 0 0 0 0 1 1 0 -1 0 -1 0 -1 0 -2 0 0 1 -1 0 -1 2 -2 -1 0 1 0 0 -1 1 2 -2 4 2 0 0 0 0 0 -1 0 -3 0 0 1 0 0 -1 0 -2 -3 0 -2 0 1 0 1 0 -1 -1 -1 -1 1 -1 0 0 1 1 0 -1 0 -1 1 0 0 3 0 0 0 -2 0 1 0 0 -1 0 -2 1 -2 -1 0 -1 1 0 1 1 0 0 -1 1 0 0 0 1 0 2 0 -1 0 -1 1 0 0 0 -1 1 0 -2 0 0 0 0 2 0 -2 0 1 2 0 -1 0 0 -2 0 -1 -2 0 0 1 0 1 0 -1 1 0 0 2 0 1 -1 -1 0 -1 0 -2 0 0 1 -1 -1 0 0 0 0 0 2 2 0 0 -1 0 0 0 0 0 3 0 -1 0 -1 -1 -1 0 0 4 2 0 -2 1 -1 0 2 -1 -2
0 -1 -2 -1 0 1 -1 0 -1 0 0 1 -1 0 0 0 0 0 -2 1 0 1 -2 0 1 1 1 -2 -1 -3 -1 0 0 0 0 1 -1 0 0 -1 0 1 -1 -1 0 -1 0 0 -1 0 -1 -1 1 1 1 1 0 -1 0 0 0 0 -1 0 -1 -1 0 -2 0 0 1 -1 1 2 1 -2 0 -1 0 -2 0 2 -2 0 -3 -1 0 0 0 -1 2 -1 -1 -1 2 0 2 1 1 17 1 -2 0 -1 0 1 1 -1 0 1 1 0 0 1 0 0 0 1 1 0 -1 1 0 0 1 0 1 -1 0 1 0 0 1 1 -1 0 -1 -1 0 1 -1 1 0 0 0 0 0 0 -1 0 -1 -1 1 -2 0 0 0 -1 -1 2 0 0 1 -1 1 0 0 -1 0 0 0 0 0 0 -1 1 -1 0 0 0 -1 2 0 0 0 0 1 1 0 0 1 -1 1 -1 0 0 -1 0 1 0 1 0 0 0 -2 2 0 0 1 0 2 0 0 -1 -2 1 -1 -1 0 1 0 0 0 1 -2 0 0 -2 0 -2 0 0 -3 0 0 0 0 1 2 0 -1 0 0 0 0 0 -2 -1 2 0 0 0 1 1 -4 0 -1 -1 -1 0 0 3 0 0 0 -1 -1 -1 0 1 0 1 0 0 0 0 -1 0 -1 0 0 -1 0 0 0 0 -1 0 0 0 0 0 0 1 2 0 0 1 1 1 -1 -1 0 0 0 -1 0 0 0 0 -1 -1 0 0 0 2 -1 0 2 0 -1 0 0 1 2 0 1 0 0 -1 0 0 1 -1 2 0 0 0 -1 1 -1 0 0 0 0 1 -1 0 1 -1 0 0 0 1 1 1 0 -1 0 0
0 0 0 1 0 0 0 0 -1 0 0 0 -1 0 0 -1 0 0 0 0 0 0 1 -1 -1 1 1 0 4 0 0 1 0 1 1 0 0 0 1 0 -1 1 0 0 1 1 1 -1 0 1 0 -1 0 0 0 1 0 0 0 -2 0 2 1 0 -1 1 1 1 0 0 1 0 0 -1 0 0 0 2 0 0 0 1 0 0 0 0 -1 0 1 1 -1 0 -1 0 0 0 1 0 -1 1 13 1 1 0 1 -1 1 -1 0 1 -1 0 1 0 0 1 -1 0 1 0 0 1 0 1 1 0 0 0 1 1 0 0 0 1 0 0 0 0 0 0 2 0 -1 1 0 0 0 0 1 0 -1 1 0 -1 0 0 1 0 1 1 0 0 0 -1 1 0 1 1 0 1 1 0 0 0 -1 2 0 -1 1 1 1 0 -1 -1 -1 0 0 0 1 0 0 0 1 0 0 1 0 2 -1 0 -1 0 0 -1 -3 1 0 -1 1 0 0 2 0 0 -1 0 0 0 -1 1 0 0 0 1 1 0 0 4 -1 -1 1 2 1 -1 0 0 -1 0 1 0 0 0 0 0 1 1 1 0 1 -1 0 0 1 0 -1 1 3 1 0 0 0 1 -1 0 0 0 -1 0 0 0 0 1 0 0 0 1 0 -1 0 0 1 0 1 0 0 0 1 0 0 0 -1 0 0 0 2 0 0 0 0 0 1 -1 0 0 0 0 0 0 1 -2 0 0 -1 0 0 0 1 0 0 0 0 1 1 1 0 0 0 0 0 2 0 -1 0 -1 0 0 1 -1 1 0 -1 0 0 0 0 0 1 1 0 1 0 0 0 0 0 0 -2 2 0 0
0 0 1 -1 1 1 -1 0 0 0 1 0 0 0 1 1 1 2 0 2 0 0 0 -1 1 0 1 1 2 1 0 1 0 0 0 0 1 -1 1 1 -1 1 0 0 -1 0 3 0 0 -1 0 0 -1 0 1 0 1 -1 1 0 0 -1 1 0 0 1 2 0 -1 0 0 1 0 1 0 3 0 1 0 0 1 -2 0 0 1 0 1 0 0 0 1 1 1 2 0 1 0 0 0 -2 1 17 1 0 1 1 0 -1 -1 0 1 0 0 0 -1 1 0 0 -1 0 2 -2 1 1 0 0 1 0 -1 0 -1 1 1 1 0 0 0 0 1 1 0 0 1 0 0 1 0 0 1 0 -1 1 0 2 -1 1 1 1 1 0 0 0 0 0 1 -1 2 1 0 1 0 1 0 0 1 1 1 0 0 0 1 0 0 -1 0 1 1 0 -1 1 1 0 0 -1 -2 0 0 -1 0 0 1 1 0 -1 2 -1 0 0 0 -1 0 1 0 0 1 0 1 0 0 0 0 0 0 0 1 0 0 1 1 0 0 0 -1 0 0 0 1 1 0 0 0 -1 0 1 0 0 1 2 -1 0 -1 0 0 0 -1 1 0 0 0 0 0 0 1 0 0 1 2 -1 2 -1 0 0 2 -1 0 1 0 1 0 0 1 -2 -2 0 0 0 2 0 0 0 2 1 0 -1 2 -1 0 -1 1 0 1 1 0 0 0 0 -1 1 -1 0 0 0 0 0 0 0 -1 -1 1 0 0 2 0 0 0 0 0 1 1 1 0 0 0 1 0 0 -1 0 1 1 0 1 0 -1 0 0 -1 0 3 0 -1 1 1 0 -1 0 0 0 0 0
1 0 0 1 -1 0 1 0 0 1 0 0 -1 0 0 0 2 3 -1 0 0 1 0 1 0 1 -1 0 0 1 1 0 1 0 0 -1 0 0 0 0 0 0 0 0 3 1 0 0 0 0 -1 0 0 1 -1 0 0 0 0 0 2 1 0 0 -1 0 1 1 1 0 2 0 -1 0 1 1 -1 0 0 0 0 -1 0 0 -2 1 0 0 3 0 -1 1 0 0 0 1 0 0 1 0 1 1 18 1 0 1 0 2 0 0 1 0 1 0 0 0 1 0 1 1 1 0 1 0 0 0 -1 0 -2 2 -1 0 0 0 -1 0 0 0 0 -2 0 -1 1 0 0 2 0 1 0 0 1 1 1 0 0 2 1 1 0 0 0 0 1 0 0 0 1 1 0 0 0 0 -1 0 -1 -1 0 1 0 1 2 -1 0 -1 2 0 2 0 0 1 -1 0 1 0 0 0 -1 1 0 1 1 0 0 1 1 -1 0 -1 0 0 1 -1 -2 -1 -1 1 2 -1 0 0 0 1 1 0 -1 0 1 -1 0 -2 0 2 0 0 0 1 0 1 2 1 2 0 0 0 0 0 1 0 0 0 1 1 0 0 0 1 2 -1 1 0 0 2 -1 1 1 1 2 0 -1 -1 0 1 -1 1 0 -1 1 0 0 0 0 -1 -1 0 -1 0 1 0 0 0 3 2 0 1 -3 1 0 -1 0 1 3 -1 0 0 0 0 1 -1 1 0 0 0 0 0 0 1 -1 0 0 -1 0 0 -1 0 -2 1 -1 0 1 1 0 -2 2 1 0 -1 2 0 1 0 0 -1 0 1 -1 1 -1 0 1 0 -1 0 0 2 -1 0 1 1 0 0
1 0 0 -1 -1 0 2 0 1 1 1 1 0 1 0 3 -1 0 0 2 -1 -1 2 0 0 0 1 1 0 2 1 0 -1 1 1 0 2 -1 -2 -1 0 -1 0 0 0 1 0 -1 1 0 0 0 -1 1 -1 0 2 -1 2 1 0 0 1 0 -1 0 1 -1 -1 1 1 -1 2 1 0 0 0 -1 0 0 0 -1 -1 0 0 -1 0 -1 2 -2 -1 0 1 0 0 -1 0 -1 0 -1 0 0 1 19 0 0 -1 -1 1 2 1 0 0 1 0 2 1 1 3 0 0 0 -2 -1 0 1 -1 1 1 0 0 -1 -1 -1 1 0 0 0 1 0 0 -1 2 1 0 1 1 0 0 1 0 0 0 2 -1 0 0 1 -1 1 0 0 0 0 0 1 1 1 -1 0 0 1 2 1 0 1 -1 0 0 0 0 -1 0 0 0 0 0 1 0 -1 -1 0 0 0 0 0 -1 0 0 0 -1 0 1 -1 -1 0 -1 0 1 0 -1 2 0 0 0 0 0 1 0 0 -1 0 0 -2 -1 1 -1 0 0 4 1 -3 1 0 2 0 0 0 1 0 2 -2 0 0 1 1 1 0 0 -1 0 1 -1 -1 -1 -1 0 -1 1 1 1 2 0 0 2 0 0 0 0 -1 -1 -1 0 -1 -1 0 0 -2 0 0 0 1 -1 0 2 2 1 0 1 2 1 1 0 -1 -1 0 1 -1 0 -2 0 0 0 0 1 1 0 0 1 0 1 1 0 0 -1 -1 1 0 -1 0 -1 1 0 0 1 0 -1 0 0 -2 0 -1 0 0 0 0 0 1 0 0 2 0 1 0 0 0 0 0 2 1 -1 1 1 0 0 -1 2 0 1 0
0 -1 2 -1 0 0 0 0 1 0 0 2 0 0 1 1 1 0 0 -1 -1 -1 1 0 1 1 0 0 0 -2 -2 1 -2 1 0 0 1 1 1 0 0 1 -1 0 1 0 0 0 1 1 1 0 1 0 0 1 -3 0 1 2 1 -1 0 -3 0 -1 1 -1 2 1 0 0 0 0 0 -1 1 1 -1 0 -3 -1 3 0 2 0 -2 -1 0 2 1 1 -1 -2 1 0 2 2 1 0 1 1 0 0 23 0 1 0 1 1 0 -2 0 0 -3 0 1 0 0 -1 1 -1 -1 -1 1 0 0 1 1 2 2 -1 -1 0 -1 1 1 -2 -1 1 1 0 0 0 -1 -1 -1 0 -1 -1 2 1 0 1 0 1 3 1 0 0 1 2 0 -2 3 -1 1 0 0 2 0 1 -1 1 0 0 0 -1 -1 0 0 0 -2 -1 0 1 1 0 0 1 1 0 3 1 -1 2 0 1 2 -2 0 0 1 0 0 -1 0 -1 -1 0 -1 -1 -1 1 0 1 -1 0 0 1 -2 0 1 0 -1 -1 -1 0 1 -2 1 0 2 0 0 0 1 0 0 0 2 -1 -1 1 2 -3 2 0 0 0 -1 0 -2 0 0 0 0 3 1 1 0 1 -2 0 0 1 -1 1 0 2 0 0 0 0 0 1 0 2 0 0 0 0 0 0 -3 3 -2 -1 0 0 1 -1 -1 0 -2 -1 1 -1 2 0 0 2 -1 0 1 0 0 0 -1 1 0 2 0 -1 2 0 0 0 1 2 1 -1 -1 2 3 0 -1 0 1 1 0 0 0 -3 1 1 0 0 0 0 0 1 0 -2 1 -1 -1 0 -1 0 0 0 -2 2 0 0 0 0 0 0
1 0 0 0 -1 1 -2 3 0 2 -1 -1 0 1 0 1 1 0 -2 -1 0 0 0 1 0 -1 -1 0 -3 0 0 1 3 0 -1 -1 3 -1 0 1 0 0 0 0 0 0 0 -1 1 -1 1 -1 0 0 2 0 1 0 0 1 -1 2 1 1 -1 1 0 0 -1 0 -1 -1 0 0 -1 0 0 0 0 0 2 1 2 -2 -1 0 0 2 2 1 2 -3 1 0 1 1 0 0 0 1 -1 1 1 0 0 21 0 1 0 1 3 1 0 0 -1 0 1 1 0 2 -1 -2 1 0 1 -1 1 -1 -1 3 -1 1 -1 0 2 0 0 0 1 0 0 1 0 -2 0 0 -2 0 0 -1 1 -1 1 1 -1 -1 0 -1 -1 0 0 0 1 0 0 -1 0 -1 0 0 -1 0 -1 0 2 0 -2 0 -1 1 0 0 1 0 1 1 0 1 -1 1 0 2 2 0 0 0 1 0 0 0 2 0 2 1 1 2 1 1 0 1 0 0 -1 -1 1 1 1 2 2 1 0 -1 0 -2 0 0 -1 -1 -1 -3 0 1 0 0 1 0 1 1 -1 0 -1 1 0 0 -1 0 0 -1 0 0 0 2 -1 0 0 0 -2 -1 0 -2 1 1 1 -1 1 0 -1 2 -1 0 1 -1 1 1 0 0 0 0 -2 -1 0 0 0 -1 0 0 0 0 -1 1 0 1 1 1 -1 2 0 0 1 -1 0 0 1 -1 0 -1 0 -1 4 0 1 0 -1 0 0 1 0 0 -1 1 -2 -1 -1 -1 0 2 0 -1 0 -1 1 1 1 1 0 0 0 0 0 -1 2 0 0 0 -1 2 0 0 0 1 0 1 1 1 -1 1 -1 0 -1 0
1 1 1 2 -1 0 0 1 0 0 0 0 0 0 1 1 0 0 -1 1 0 1 0 0 1 0 2 0 -1 1 0 1 -1 0 -1 0 2 1 1 2 2 -1 1 -2 0 0 1 0 0 1 -1 0 0 -1 -1 -1 2 0 -2 -1 0 0 1 -1 -1 -2 0 -1 -2 -1 0 1 1 0 0 0 0 0 -1 2 -1 1 -1 -1 -1 2 -1 1 1 -1 1 1 -2 0 1 -1 1 0 1 1 1 0 0 -1 1 0 25 0 -1 0 0 0 -1 0 3 0 0 0 -1 0 1 1 0 0 0 0 -1 -1 0 0 1 0 -1 -1 0 0 -2 -1 -1 1 3 1 0 2 2 1 1 -2 0 -1 1 0 0 0 2 0 2 0 -1 0 0 2 -1 -3 0 -1 0 2 4 -2 1 0 0 1 0 0 2 -1 1 -1 0 -1 0 0 1 0 0 -1 1 0 0 0 1 0 0 3 0 1 0 2 1 0 1 -1 0 0 -1 -1 2 4 -1 0 0 -1 0 0 0 0 -1 0 -2 0 0 1 0 -2 0 2 0 -2 0 1 0 -1 0 1 1 0 1 0 1 -1 0 0 -1 -1 0 0 2 1 1 0 0 0 -1 0 3 2 -1 1 -1 1 -2 0 2 -1 0 0 2 2 -2 2 3 -1 0 1 2 0 1 0 -2 0 1 -1 1 1 1 0 0 0 0 0 1 0 2 1 0 -2 0 0 0 -2 -1 -1 -1 0 2 0 -1 0 0 0 0 0 0 2 -1 0 0 0 0 -2 -1 1 -2 0 0 -1 -1 1 1 0 0 -1 0 0 0 2 -2 2 1 1 0 -3 0 0 -1 0 1 -1 0 -2 0 -2 0 0 0 0 0 1
-1 0 0 0 0 -1 0 1 0 0 -1 -1 0 0 0 -1 -1 0 1 0 0 1 0 0 -1 0 0 0 0 0 0 0 0 1 1 0 -1 0 0 0 0 0 0 0 0 0 -2 -1 1 0 -1 1 0 0 0 -1 1 0 -1 0 0 1 0 0 0 -1 0 -2 0 1 -1 1 0 0 0 1 0 -1 0 0 0 1 -1 0 -1 0 0 3 0 0 0 0 0 1 -1 0 -1 0 0 -1 -1 -1 2 -1 0 1 0 16 0 0 3 0 -2 -1 0 -2 4 0 -2 0 -2 1 2 0 0 2 0 0 -1 1 1 0 0 1 0 1 0 0 0 0 0 -1 0 -1 1 2 0 1 0 0 0 -1 -1 1 0 -1 0 0 0 0 0 -1 0 0 -1 0 0 -2 1 0 -1 -1 -1 0 0 -1 0 -1 0 0 1 -1 1 0 -1 0 0 0 -2 2 0 -1 0 1 0 0 -1 1 1 0 0 1 0 0 -1 -1 2 -1 -1 -1 0 0 -1 1 1 1 1 0 0 0 0 0 0 0 0 0 0 0 0 1 0 1 1 0 0 0 -1 0 0 1 0 -1 0 1 0 -2 1 2 0 1 0 1 -1 -1 1 0 0 -1 0 1 0 0 0 0 -1 1 0 1 0 0 1 0 0 0 0 1 1 1 1 0 0 1 1 0 -1 1 0 -1 1 0 0 1 0 -1 0 1 1 0 -1 1 1 0 0 -1 0 0 1 0 0 0 1 0 1 0 1 -1 -1 0 0 0 0 0 0 0 -1 0 0 -1 0 0 1 -2 -1 0 -1 -1 0 2 1 0 0 0 1 0 -1 0 0 0 0 0 0 0 1 3 -1 0 0 -2 1 1
0 2 0 -1 1 0 0 0 2 2 -1 0 1 -1 -1 1 0 -2 1 1 0 1 2 1 0 0 0 0 -1 0 0 0 2 0 1 3 0 -1 -1 1 0 0 0 0 0 0 -3 0 0 1 1 1 0 -1 0 0 -2 -1 0 1 0 -1 0 0 0 1 0 1 0 1 0 0 0 0 0 -2 0 0 0 0 1 0 0 -1 0 0 -1 1 -1 0 0 -1 0 0 0 0 1 0 -1 0 0 -1 0 1 1 0 -1 0 18 3 1 0 1 0 0 -1 0 -2 -1 0 0 0 -1 0 0 0 0 0 0 0 0 0 0 0 0 -1 3 -1 -2 0 2 1 0 0 0 -1 0 0 1 -2 -1 0 3 0 0 -1 0 0 0 -1 0 1 0 -1 1 1 0 -1 0 2 -1 0 -1 -1 0 0 1 0 0 1 0 0 0 0 0 -1 -2 0 -2 0 0 0 1 1 1 0 1 0 -1 -1 0 1 0 0 1 0 0 -1 -1 0 0 0 -1 0 0 0 0 0 0 1 0 0 -1 0 2 -1 0 0 -1 -1 1 -2 0 0 0 0 -1 1 0 3 0 0 0 1 2 -1 0 0 -2 0 -1 0 0 0 0 0 0 1 0 0 -1 1 1 -1 0 0 0 0 0 1 1 0 0 0 0 -1 -1 0 0 0 0 0 1 0 0 0 -1 0 1 -1 0 0 0 0 0 0 0 -1 1 0 0 -1 -1 1 0 1 1 0 -1 -3 0 0 0 0 0 1 1 0 -1 0 0 -2 1 0 0 0 0 0 0 -1 -1 0 -1 -1 0 -1 -1 -1 0 -1 0 0 1 0 2 0 0 0 1 0 0 0 -1 1 1 0 2 0 0 0
0 -1 0 0 0 -1 1 -1 0 1 0 1 0 1 0 0 1 1 -1 -1 -1 -2 1 1 1 0 0 -1 1 1 0 1 2 -1 0 0 0 0 0 1 0 0 0 1 0 0 -2 0 2 3 2 0 -2 -2 1 0 1 -1 0 0 -1 0 1 1 -1 0 -1 0 0 0 1 -2 0 -1 2 0 0 0 0 -1 -1 0 0 -3 -2 -2 0 0 0 0 0 0 -1 -1 -1 1 2 -3 0 1 1 0 0 2 1 1 0 0 3 20 0 0 1 1 1 1 0 0 -1 0 0 1 3 0 0 1 1 0 0 0 -1 0 -1 0 0 -2 0 -1 0 2 2 0 1 0 -1 1 -1 -1 -1 1 0 -1 0 1 1 1 1 1 0 2 0 1 0 0 3 1 -1 1 1 2 -1 1 2 0 0 1 1 0 0 0 0 2 2 0 0 0 -2 0 0 1 -1 0 2 0 1 1 0 1 -1 -2 0 0 2 0 1 2 -2 0 0 0 1 0 -1 0 0 1 0 0 -1 0 -1 -1 -1 -1 0 0 -1 -1 -1 0 2 -1 0 0 1 0 -2 2 0 -2 1 0 1 1 1 -1 1 -1 -1 0 0 1 1 0 -1 1 0 1 0 1 0 2 3 -1 0 0 0 2 0 2 0 0 0 1 0 0 0 2 -1 0 1 0 -3 1 2 0 -2 -1 0 0 0 1 -1 0 1 -1 0 0 0 -1 0 0 0 -1 -1 0 -1 0 -2 1 1 2 0 -1 0 0 0 0 0 0 0 1 -1 0 1 2 2 0 0 1 0 0 0 0 0 0 0 1 0 0 0 0 0 0 0 0 0 1 0 2 0 1 -1 0 1 0 3 1 2 0
1 -1 0 0 -1 -1 0 -1 0 2 -1 -1 1 0 1 0 1 1 1 2 -1 0 -3 4 -1 1 1 1 -1 -1 2 0 0 1 0 -2 0 0 2 0 0 3 -1 0 1 1 -1 -1 1 0 0 0 0 0 1 0 0 -1 -1 -3 0 0 0 2 -1 -1 1 1 1 0 -1 -2 0 1 0 0 0 1 0 1 2 -1 0 0 0 2 0 4 0 0 2 -2 1 -1 2 0 2 0 -1 1 -1 1 1 1 0 3 0 3 1 0 23 0 0 0 1 -1 0 0 0 -2 -2 0 2 1 1 2 0 0 0 2 1 0 4 0 0 -1 0 1 2 1 0 1 0 0 2 1 -1 1 -1 0 2 0 -1 2 0 -1 0 2 -1 0 1 -2 0 1 2 -1 -1 -2 2 1 1 0 0 1 2 0 1 0 -1 0 0 0 0 1 -2 0 0 0 1 0 1 0 1 0 -1 0 0 1 0 -2 1 0 0 -1 -1 0 0 0 0 0 0 0 1 0 0 0 0 2 1 2 0 0 0 0 -1 1 0 -2 0 0 0 1 -2 0 1 -1 1 0 2 1 0 2 0 0 -1 3 -1 2 1 -1 0 0 -1 2 -1 0 -1 -2 2 -1 0 1 0 -1 0 1 0 0 1 0 0 -2 0 0 0 1 0 0 1 0 1 0 1 -2 2 1 0 0 0 0 1 0 0 0 0 1 0 1 2 0 1 0 1 0 -1 0 -1 -2 -3 -1 1 0 -2 1 0 -1 0 -2 0 0 1 1 1 0 1 -1 0 -1 -3 0 0 -1 1 0 3 0 -1 1 0 -1 1 0 0 0 0 0 -1 0 1 0 1 0 0 0 0 0 0 -1 -1 1
2 2 1 0 1 0 1 0 0 0 1 0 0 1 0 -2 -1 1 2 0 1 0 1 -1 0 0 -1 1 0 2 -2 0 0 -1 -1 -1 -2 0 0 0 1 0 0 2 0 0 1 0 -1 0 2 0 0 0 0 0 0 0 0 1 -1 0 0 1 1 1 1 0 -1 1 1 -1 0 0 0 -2 -1 1 1 0 1 0 0 0 0 0 1 0 1 -1 1 0 2 1 0 1 -2 0 0 0 0 0 0 0 -2 1 0 0 0 0 0 18 0 2 1 0 1 0 1 2 0 0 0 0 0 -2 0 1 -1 0 -2 1 0 -1 0 0 0 0 0 2 0 0 1 -1 -1 2 1 0 0 1 0 0 1 0 -1 0 1 1 -3 1 1 -1 0 0 0 0 0 0 0 0 0 -3 -1 0 0 0 0 -2 0 0 2 -1 0 0 -1 1 0 2 -3 0 0 1 2 0 0 -1 0 -1 0 -1 1 0 0 0 0 0 1 -1 -1 0 0 0 1 0 0 1 2 0 0 0 0 0 -1 0 -2 1 0 1 1 -1 1 1 0 -1 0 -1 0 0 0 0 0 -1 -1 1 0 0 0 0 -1 0 2 -1 -1 -3 -2 0 0 0 0 -1 0 0 -1 2 0 0 -1 -1 -1 2 -1 -1 1 1 0 0 -1 0 1 0 0 1 1 2 0 -1 1 0 -1 -1 2 2 0 0 1 1 -1 0 0 0 -2 -1 0 0 0 0 -1 0 0 -1 0 1 0 2 0 0 0 1 0 1 0 0 -1 0 1 0 0 0 0 -1 0 1 -1 0 0 1 0 0 1 -1 0 0 -1 2 0 2 2 0 0 -1 1 0 1 -3 0 0 1 -1 2 1
1 -1 0 0 -1 1 1 -2 0 0 0 0 1 0 0 0 0 0 1 0 1 0 0 0 1 0 1 -1 1 -1 0 0 2 -1 0 0 0 -1 0 0 0 0 0 0 0 0 -1 0 0 2 1 0 0 0 -1 0 -1 1 1 0 1 -1 1 -1 2 1 1 1 1 -1 1 0 0 -1 0 -1 0 -1 -1 0 0 -1 0 -1 0 0 0 -1 2 1 0 0 -1 -2 2 0 0 1 0 0 1 0 1 0 0 0 -1 -2 1 1 0 0 16 1 0 1 -1 0 1 1 0 -1 3 0 -1 0 -3 0 1 0 0 0 1 0 0 -1 0 0 1 1 3 1 0 1 3 0 -1 0 0 0 0 1 1 0 -1 0 1 0 1 0 0 -1 0 -1 1 0 0 0 2 1 0 0 1 0 0 0 0 1 0 0 -1 -1 -1 0 0 0 0 0 0 0 0 0 1 0 1 0 0 0 -1 -3 -1 0 0 0 1 1 -1 0 1 1 2 0 0 -1 0 -1 0 -1 0 -1 1 0 0 -1 0 0 -1 0 0 -2 1 2 1 0 -1 0 0 1 0 -1 0 0 0 -1 0 1 0 -1 1 0 -1 0 1 0 -2 1 0 0 0 0 0 1 3 1 1 0 0 0 0 1 -1 1 0 0 1 0 1 1 -2 0 0 2 1 1 -1 -2 0 1 0 1 0 0 -1 1 0 1 0 0 -1 -1 0 1 1 1 2 0 0 0 1 1 0 1 -1 -2 0 0 -2 0 1 1 1 0 2 0 0 1 1 0 1 0 0 0 0 0 0 0 0 0 0 0 0 0 -1 0 -1 0 1 -1 -1 -1 0 0 1 0 0 0 1 2 0 -1
1 0 0 0 0 -1 0 -1 1 0 0 0 0 1 0 0 0 -1 -1 0 0 -2 0 -1 1 -1 1 0 -3 3 0 0 0 -1 0 -1 0 0 -1 1 -1 0 1 0 0 0 -1 0 0 1 0 0 0 0 1 1 -2 0 0 1 1 -1 0 1 0 0 -1 1 -1 1 0 0 0 -1 0 -1 0 1 -1 1 -1 1 0 0 -1 0 1 -2 1 1 -1 0 0 -1 2 1 0 1 0 1 0 0 0 1 0 0 0 -1 0 1 0 2 1 17 1 -1 0 0 0 0 0 -1 1 -1 -1 1 0 1 1 0 -1 -1 -1 0 -2 1 -1 -1 0 0 0 1 -1 1 -1 0 0 0 -1 1 1 0 2 1 0 -1 0 1 -1 0 1 -1 0 1 -1 1 0 2 3 0 1 0 1 0 0 0 2 -1 0 -1 0 1 0 0 0 0 -1 0 -2 0 0 0 0 0 -2 0 0 0 1 0 1 1 1 0 -1 0 0 0 0 0 0 1 0 0 1 1 0 -1 1 1 0 0 -1 0 0 0 0 0 0 -1 2 -1 1 0 -1 -1 0 0 1 -2 0 1 0 0 1 0 0 0 0 1 1 -1 0 0 -2 1 0 0 0 0 0 -1 1 1 0 1 0 -2 0 0 0 0 0 0 1 1 1 0 0 0 0 0 1 -1 0 0 0 -1 0 2 1 1 0 1 0 -1 0 -1 0 -1 0 1 0 0 -1 0 0 0 1 0 0 0 0 0 0 0 -2 0 0 -2 -1 0 -1 0 0 0 0 0 0 -1 1 0 0 0 0 0 0 0 -3 2 -2 0 1 -1 -1 0 1 0 -1 0 1 0 1 -1 1 0 1 0 0 0
0 0 -1 1 0 0 0 0 0 0 1 0 -1 1 0 -2 0 1 1 1 1 0 0 1 -1 1 0 0 -2 1 0 2 1 1 1 -1 1 0 0 -2 0 0 0 -1 1 0 -1 -2 1 1 -2 1 0 0 1 0 2 0 1 -1 1 0 0 0 0 -2 0 0 0 0 -1 -1 -1 0 0 1 0 -1 0 0 0 0 -1 0 0 -1 -1 0 1 0 0 0 0 1 -1 -1 1 -1 1 0 0 -1 0 0 -3 -1 3 0 0 1 1 1 0 1 16 0 1 0 0 1 -1 0 0 0 1 1 0 0 0 0 1 0 0 0 0 0 0 -1 0 0 0 0 0 0 0 0 0 0 0 -1 -1 -1 0 -1 -1 1 0 0 -1 -1 -1 1 -2 0 -1 0 1 0 0 0 -1 1 1 1 1 0 4 0 0 -1 -1 0 0 0 -1 0 0 1 0 1 0 0 0 1 1 2 0 2 1 2 0 -1 0 0 0 0 0 0 3 0 0 0 0 0 0 -1 -1 0 1 -1 0 0 0 0 0 0 -1 1 0 1 0 1 -1 0 0 -1 0 0 0 -1 0 -2 0 0 0 1 0 0 0 0 0 0 1 1 0 0 1 0 0 -2 0 0 0 1 1 0 0 0 0 0 0 0 1 -1 0 0 0 1 0 0 -1 1 -1 0 2 -1 0 -1 1 -1 0 1 0 0 0 0 -1 0 -2 0 0 0 0 0 -2 0 1 -1 -1 0 -1 0 0 0 0 -1 0 1 0 0 0 1 0 -1 0 0 1 -1 0 0 0 1 0 0 2 0 2 2 0 -1 0 1 0 0 0 0 0 0 0 0 0 2 0 -3 1 0 0 0 0 0
-1 0 1 0 1 -1 1 0 -1 0 1 1 0 0 2 1 0 0 -1 1 2 1 1 0 -1 0 2 0 0 0 -1 1 2 0 1 0 0 0 0 0 1 1 0 2 0 0 0 0 1 0 -1 0 -2 0 1 0 2 -1 -1 1 1 0 1 1 0 0 0 0 1 -1 0 0 0 0 0 0 1 -1 0 0 1 -1 -1 0 0 0 0 -1 0 0 0 0 0 0 -2 1 0 0 -1 0 1 1 0 2 0 0 0 -2 -1 1 -1 0 1 -1 0 14 1 0 3 0 0 1 0 -1 1 1 0 0 0 1 0 -1 -1 0 0 -1 0 0 0 -1 0 -1 0 1 0 0 0 0 1 0 -1 0 0 0 0 1 1 0 1 0 0 0 0 0 1 -1 1 1 0 0 -1 0 0 0 0 1 0 0 0 0 1 0 -2 -1 -1 0 0 0 -1 0 0 1 0 0 0 3 0 2 -1 0 -1 0 0 1 2 2 0 0 2 1 0 0 0 0 -1 0 1 0 0 0 1 0 0 -1 -1 0 -1 0 -1 0 0 0 0 0 0 -1 -1 0 -3 -2 -1 -1 1 0 1 2 -1 1 -1 0 2 0 0 0 0 0 -1 0 0 0 1 2 0 0 1 0 0 1 0 0 1 0 0 1 0 0 0 1 0 0 2 1 0 1 1 0 0 1 0 -1 1 1 0 0 0 -1 -1 1 1 0 0 0 0 1 0 0 1 1 0 2 1 0 0 0 0 0 -2 0 -1 0 1 0 -1 0 0 0 1 -1 -1 0 0 0 0 0 0 1 -1 0 0 1 0 0 0 0 -2 0 0 0 0 1 0 0 0 0 1 1 0 1 0 0
0 0 0 0 0 1 0 1 1 0 2 0 0 0 0 0 0 0 0 1 1 0 0 0 -1 0 0 -2 0 1 -1 0 1 0 1 0 -1 1 1 1 0 0 0 0 0 0 1 1 0 -1 -1 1 -1 2 0 1 2 0 0 1 0 0 2 -1 -1 0 0 -1 0 1 -1 0 0 0 -1 0 2 0 0 0 1 -1 0 0 1 0 -1 1 1 0 1 0 0 2 0 -1 -1 2 4 0 -1 0 1 1 1 1 0 4 0 0 0 1 -1 0 1 1 18 0 1 -2 0 0 1 0 2 1 0 -1 0 2 -2 1 0 -2 0 1 0 2 0 -1 1 0 1 0 0 1 0 -1 0 2 0 0 0 0 0 0 0 2 0 1 0 1 1 0 4 0 0 0 1 0 0 1 0 0 0 1 0 0 0 0 0 -1 0 -1 -1 1 1 1 -3 0 -1 0 3 -1 2 1 0 0 0 1 1 0 0 0 1 0 0 -1 1 0 -1 0 -1 1 0 1 0 -1 1 -1 0 1 1 -1 -2 0 0 1 0 0 1 1 0 0 0 0 0 0 0 1 2 -1 0 -2 1 -1 0 2 0 1 0 1 -1 0 0 0 0 0 1 0 1 0 0 1 0 0 0 2 0 -1 2 1 1 0 0 0 1 1 0 1 0 0 0 0 0 1 0 -1 2 -1 -2 1 0 1 -1 2 1 2 -1 1 -1 -1 -1 0 -1 -1 1 0 1 0 1 0 1 -1 1 -1 -1 0 0 0 0 0 0 0 -1 -1 0 -2 0 0 1 -1 0 0 -1 0 -1 1 -1 -1 0 2 1 0 1 1 0 0 0 0 0 1 0 0 1 -1 1 0 1 0
-1 0 0 0 0 0 -1 2 0 -1 1 0 0 0 0 -1 0 0 -1 -1 0 1 -2 0 1 0 0 0 0 0 0 0 0 0 0 -1 1 1 0 0 0 0 0 0 1 0 1 -1 1 1 0 1 0 0 -1 0 0 1 0 -1 0 1 0 0 1 0 0 0 0 -1 0 0 1 1 0 0 1 0 0 -1 0 3 0 0 0 0 0 1 1 0 0 1 0 -1 0 0 0 0 2 1 0 0 0 1 0 1 0 0 -2 0 0 0 0 0 0 0 0 11 0 0 0 0 0 0 2 0 0 0 1 1 0 -1 0 2 0 1 0 -1 0 0 2 0 1 0 1 0 0 0 0 0 0 0 0 -1 0 0 0 0 -1 1 0 1 0 -1 0 0 0 1 0 -1 1 0 1 0 0 0 0 0 -1 1 0 -1 0 0 0 1 0 0 0 0 0 0 0 0 1 0 1 0 1 -1 0 0 0 0 -1 0 0 0 2 0 1 1 0 0 1 1 0 0 0 0 0 -1 0 0 0 0 0 0 0 1 0 0 0 0 0 0 2 0 0 0 0 1 0 0 -2 1 0 0 0 -2 0 0 0 0 2 0 0 -2 0 -1 1 0 0 1 0 0 1 0 -1 0 0 -1 0 -1 1 1 0 -2 -1 1 -1 0 0 0 0 2 0 0 2 1 0 0 0 0 -1 1 0 0 1 0 -1 0 1 1 -1 0 -1 0 1 0 0 0 0 0 0 1 0 0 -1 0 0 1 1 0 0 -1 -2 1 1 -1 1 0 2 -1 0 1 1 1 0 0 -1 0 -1 -1 0 1 1 1 0 1 0 1 0 0 0 0 0 -1 0 -1
1 1 0 2 0 -1 1 -1 2 1 0 2 0 0 2 4 -2 -1 0 1 0 0 0 1 1 0 0 1 2 0 0 0 0 0 2 0 4 4 0 -1 1 1 1 1 2 0 1 0 1 1 -2 -2 0 2 0 0 1 0 1 1 -1 1 1 0 0 0 0 1 0 0 0 0 0 0 0 0 0 0 0 1 0 -2 0 -1 0 1 0 0 0 -2 0 0 1 -3 2 -1 0 0 1 1 1 -1 1 3 0 0 -1 -2 -1 -1 0 1 1 0 0 3 1 0 20 0 0 -2 0 -2 0 -1 1 0 0 1 0 0 0 -1 1 1 1 0 -1 1 -1 0 1 1 -1 1 0 0 0 -1 -1 0 0 0 1 1 0 1 0 0 1 0 0 0 0 0 2 0 1 1 1 -3 0 0 0 0 -2 -1 0 0 -3 0 -2 -1 0 1 2 1 0 0 0 0 -2 1 0 0 0 0 0 0 0 0 0 0 0 0 -2 0 0 0 3 0 0 0 -2 2 0 0 0 -1 1 0 -1 0 -2 -2 0 0 2 0 0 1 0 0 0 0 1 0 -1 0 -1 0 0 0 1 0 -3 0 0 -1 0 0 0 0 0 1 1 1 0 0 1 2 -2 0 1 -1 0 0 0 -1 2 3 0 0 1 -1 -1 0 -1 0 0 0 0 -2 3 0 0 0 1 0 2 1 0 0 -1 0 0 1 0 2 0 2 0 0 1 0 0 0 0 0 1 1 0 0 0 -2 -1 0 1 0 0 1 0 0 1 1 2 -1 -1 0 0 -1 0 1 0 0 0 -2 1 0 -2 0 1 1 -1 0 0 0 1 2 0 1 0 1 0 0 1 1 0 -1
1 0 0 1 1 1 1 1 0 1 1 -1 1 0 -1 -1 1 0 -1 -1 -2 -3 0 1 1 0 -1 2 -3 -1 1 1 0 1 0 0 2 0 0 0 0 -1 0 0 0 0 1 -3 -1 -1 -1 -1 1 -2 0 -2 -1 0 1 -1 -1 0 1 0 0 1 0 -1 -1 0 1 0 -2 1 2 1 1 1 0 1 1 0 0 0 -3 -2 -1 1 1 0 0 1 0 0 0 2 -2 0 0 0 0 0 1 0 -1 2 0 0 0 0 -2 2 1 0 1 0 -2 0 0 24 0 -1 0 1 2 -1 1 -1 -1 1 1 0 -2 1 1 1 0 0 -1 0 -2 0 2 1 2 2 -1 1 0 0 0 1 2 1 -2 0 1 0 0 -1 -2 1 0 0 -3 0 -1 1 -3 2 -2 -1 1 1 0 1 0 0 1 1 -1 0 0 4 -5 -1 0 2 1 1 0 0 0 0 1 0 0 1 2 -1 2 0 -1 2 -2 1 -1 0 1 1 -1 -1 0 0 1 0 0 -1 1 3 1 0 -1 1 -1 -1 0 0 0 -1 -1 0 1 1 -1 0 0 1 1 -1 1 1 -1 -1 1 0 1 0 0 0 -1 1 1 0 1 0 2 -3 0 0 1 2 2 0 1 1 -1 1 0 1 1 -1 1 -1 0 1 -1 0 0 -1 -1 -3 0 1 0 -1 0 0 -1 -1 -1 0 0 1 0 -1 2 0 0 1 0 -1 0 -1 1 0 -1 0 0 -1 0 -3 1 0 0 0 0 0 0 1 1 0 -2 0 0 0 0 -2 2 -1 0 -1 0 0 -1 0 0 0 2 -1 0 -2 1 0 0 1 0 1 1 1 -1 0 0 2 0 0 -1 1 1 0
0 0 0 0 1 2 -1 -1 0 -1 0 0 -1 1 1 0 2 1 0 -2 -1 0 1 2 2 0 1 0 2 0 0 1 0 0 -1 0 0 -1 0 0 0 -1 0 0 0 0 1 2 1 -1 -1 1 0 1 -1 2 0 -1 1 1 0 0 0 0 2 0 0 0 0 0 1 -1 0 1 0 0 0 0 -1 1 0 -1 0 0 0 0 1 0 0 0 0 1 1 1 1 -1 0 -1 1 -1 0 2 1 0 1 -1 1 -2 0 0 -2 0 0 0 -1 0 0 0 0 0 18 -1 0 1 0 0 0 0 -1 -1 1 0 0 3 0 0 1 0 0 1 0 0 1 -1 0 0 0 0 1 1 0 0 0 -2 0 0 0 0 1 0 0 0 0 0 0 0 0 2 1 0 1 -1 0 0 0 2 1 0 0 -1 2 1 0 0 0 0 0 -2 -1 -2 0 0 2 -1 2 2 0 -2 2 3 1 0 -2 -1 1 1 0 0 -1 1 0 -1 1 0 0 0 1 1 -1 0 0 -1 1 0 0 2 0 0 -1 0 0 0 0 0 0 0 -1 -1 1 2 0 1 0 0 -1 -2 0 0 0 0 0 0 2 1 0 0 0 1 1 0 0 1 0 -1 1 1 0 0 0 0 1 0 2 1 0 0 -1 0 0 0 -2 0 -2 2 -1 0 1 0 -1 0 -1 0 1 1 0 0 0 -1 1 -1 -2 0 0 -1 -1 0 2 2 -2 0 -1 1 1 0 0 -2 -1 0 0 0 0 0 0 1 -1 1 0 2 1 1 0 0 1 1 1 -2 0 0 0 0 1 0 0 -1 0 -1 0 0 1 0 0 0 0 1 0 1 0 0 1 -2
1 0 -1 1 0 -1 4 0 1 1 0 -1 0 -1 1 1 0 -1 1 0 1 -1 0 0 0 1 1 0 -2 -2 1 0 0 0 1 0 1 0 -1 0 2 2 0 1 -1 0 -2 1 0 0 0 0 0 1 0 -1 1 -2 -1 0 0 -2 0 -1 0 1 0 -2 0 -2 1 0 -1 0 0 -1 -2 -1 0 -1 0 0 -3 3 1 -1 0 1 1 -1 1 0 -2 1 -1 0 -1 0 -1 1 1 -2 0 0 -1 -2 1 1 0 1 0 0 -1 -1 0 1 0 0 -2 -1 -1 21 0 1 0 -1 1 -1 0 1 1 1 4 1 0 -1 -2 0 0 1 -1 0 0 1 -1 1 2 -1 2 2 0 0 0 -1 0 0 -1 -2 0 3 0 -2 0 1 -1 -1 0 0 1 -1 0 0 -1 2 -1 0 0 1 1 1 2 -2 0 1 1 -2 -2 1 0 -1 -1 -1 0 0 2 -1 -3 0 -2 1 -2 0 -3 -1 -2 -1 -1 1 1 0 -3 -1 0 1 -2 -1 0 -1 0 1 0 2 0 1 -1 1 1 -1 0 0 0 0 0 0 0 -1 1 1 -1 0 2 0 2 -1 1 1 1 1 0 -1 0 0 1 -1 0 0 0 1 -1 1 0 0 0 0 0 -2 -1 -1 0 0 0 0 0 0 -2 0 0 -1 -1 0 3 0 0 3 -1 -1 0 0 1 1 -1 -2 0 0 3 -1 0 1 -1 0 0 -2 -1 0 -2 2 0 1 0 0 0 -1 -1 3 -1 0 2 1 2 0 1 0 0 0 -1 1 -2 0 0 -2 0 -1 -1 0 0 0 0 -1 0 0 -1 0 -1 -1 0 1 -1 1 0 -1 -1 -2 0 -1 1 2 0 0 -1 0
0 -1 0 1 -2 1 0 0 0 1 1 -2 0 1 0 0 1 -1 0 1 0 1 0 0 1 -1 -1 2 1 0 0 0 1 2 -1 -1 -1 1 0 -1 0 0 2 0 0 1 -1 1 0 0 2 1 0 0 -1 0 0 0 1 -1 2 0 0 2 1 0 0 0 -1 0 -1 0 1 0 0 0 1 0 -1 1 -1 0 1 -1 -1 2 0 0 -1 0 1 -1 -1 1 0 0 1 0 -1 0 0 1 1 -2 -1 1 0 2 -1 3 2 0 3 1 0 0 1 0 0 0 0 0 21 1 0 -1 0 0 1 -1 -1 0 1 0 1 -1 -2 1 1 2 0 1 0 1 2 1 0 1 1 1 1 0 0 0 -1 -2 0 0 0 0 0 0 0 -1 1 0 0 -1 4 2 2 -1 -1 0 0 1 1 0 1 0 0 0 0 0 1 1 -2 1 -2 0 1 0 0 0 0 0 0 0 0 -1 0 1 0 1 2 0 0 1 1 0 0 0 0 1 1 -1 0 0 2 -1 0 1 2 0 0 1 -1 -1 1 0 1 1 0 0 -1 0 1 2 0 -1 0 0 0 1 -1 -1 -1 0 0 1 1 0 2 0 -2 0 0 0 0 0 1 1 2 0 0 0 -1 -1 -1 0 -2 1 1 3 0 0 1 1 0 0 0 0 0 0 1 -1 0 -1 1 1 0 -1 1 -1 1 0 -1 1 0 0 0 2 0 0 0 0 1 0 0 3 1 2 2 0 1 -1 -2 -1 -1 1 0 0 4 0 -1 0 0 0 -1 2 4 0 0 1 1 1 1 0 -1 2 -1 -2 0 0 0 0 0 0 0 0 -1 -1 1 1 -1 -1 0 2 0 1
1 0 0 -1 0 0 -1 0 -1 -1 0 -1 0 -1 -2 0 2 0 1 -1 -1 2 1 0 -1 -1 -1 1 -1 1 2 0 0 1 -1 1 -1 -1 0 1 0 0 2 0 0 0 0 1 0 2 1 1 2 1 1 0 1 -1 1 0 -2 0 0 1 0 0 0 1 1 2 1 1 1 -1 0 -1 -1 0 0 2 1 1 0 2 -1 -1 0 0 -1 1 0 0 0 0 1 1 0 0 0 0 1 1 0 -1 -1 0 0 0 0 0 1 0 0 -1 0 -1 0 0 -2 1 1 1 1 19 0 0 0 0 -1 0 -2 0 0 0 1 0 -1 1 0 -1 1 -1 0 1 -1 0 -1 2 2 -1 1 0 0 1 0 0 2 1 -1 1 -1 0 0 0 -1 0 1 -1 1 1 0 0 0 1 0 -1 -1 1 1 0 0 0 1 1 1 0 -1 -1 0 -1 0 -1 0 1 0 1 -1 -1 0 0 1 0 0 1 -2 0 0 0 0 0 0 0 2 0 0 0 0 1 0 0 0 0 0 0 -1 0 1 0 1 1 1 0 -1 0 1 -1 2 0 2 -1 0 1 -1 -1 0 1 2 0 0 0 1 0 1 -1 1 1 -1 0 0 -2 1 -2 1 1 -1 1 3 0 0 -2 -1 0 1 1 0 1 0 0 1 0 1 -1 0 0 -1 0 -1 0 -1 0 1 0 0 -1 0 -1 0 -1 0 0 0 -1 1 0 -1 0 -1 -1 -1 1 1 0 0 0 1 -1 1 0 0 -1 0 1 0 0 -1 0 -2 -1 2 0 -1 1 0 2 -2 0 0 -1 1 1 1 0 0 0 1 1 0 0 -1 -2 0 0 0 0 0 0 0 0 0 1
2 0 0 1 1 0 0 2 0 -1 3 0 -2 1 2 0 0 -1 0 -1 0 -4 -1 0 0 0 1 1 0 -1 0 2 1 0 1 0 0 0 1 -1 -1 -1 0 1 0 0 0 -1 0 1 0 -1 0 2 -2 0 -1 -2 -1 -1 2 -1 0 1 1 1 1 1 1 1 0 -1 1 3 0 4 1 0 2 0 0 2 -1 1 0 0 1 5 -1 2 0 -1 2 2 -1 -2 1 1 1 1 1 0 0 0 1 1 0 0 0 0 1 0 -1 -1 1 1 2 2 0 2 0 0 0 0 23 3 -1 1 0 4 1 0 1 0 0 1 0 0 0 0 0 2 0 1 0 0 1 0 -1 0 -1 1 -1 -1 -2 2 0 0 -1 3 1 1 -1 0 0 0 0 0 0 0 -2 0 1 0 -1 2 0 0 -1 0 1 0 0 2 -2 0 0 -1 0 1 1 0 0 0 0 2 3 0 -1 3 1 0 0 -1 -2 -2 1 0 2 -1 0 1 0 0 3 2 0 2 1 2 1 0 0 0 2 1 0 0 0 -1 0 0 0 -1 -1 0 0 0 -2 -1 1 0 0 1 1 1 1 0 0 -1 -1 0 0 0 0 -1 -1 0 2 1 0 0 -2 1 1 3 0 -2 0 0 0 0 1 -1 0 0 0 -1 1 0 1 1 -1 2 -1 2 -1 0 -1 1 0 -2 0 0 0 0 0 0 2 0 0 -1 -1 1 0 0 0 0 1 -1 1 -1 0 2 0 3 1 0 -2 0 0 2 0 2 1 1 -1 0 -1 -1 0 1 2 1 0 1 0 3 -1 -1 0 0 0 -1 1 1 0 2 3 0 2 1 -2 0 1 0 0 0 -1 1
0 0 1 0 -1 0 1 0 0 -1 -2 0 0 0 0 0 0 1 -2 1 0 -1 1 0 -1 0 0 0 0 1 0 0 0 0 0 0 -1 0 0 -1 1 0 0 1 0 0 -1 1 -1 2 -1 2 -1 0 0 0 1 0 0 -1 -1 2 0 -1 -1 0 -1 0 0 -1 -1 0 0 0 0 2 1 -1 0 0 -1 0 0 0 -1 0 0 0 0 0 -1 0 -1 1 -1 -1 1 0 1 0 0 0 0 1 0 -1 0 2 0 1 2 -2 0 1 1 1 1 0 -1 -1 0 -1 -1 0 3 16 0 -1 0 0 -1 0 -2 1 0 0 0 -1 1 -1 2 0 0 0 0 2 0 0 0 0 -1 0 0 0 1 1 0 -1 0 0 0 1 0 0 0 0 0 -1 -2 -1 0 1 1 0 0 0 0 1 0 0 1 0 0 0 -3 0 0 -2 0 1 -1 0 0 0 0 3 1 0 0 2 0 -1 1 1 2 0 0 0 1 0 1 0 -1 0 0 -1 0 2 -1 0 0 0 1 0 1 0 0 -3 0 1 1 -1 0 0 1 0 0 0 0 0 -1 0 0 1 -1 0 0 2 0 0 0 0 -1 0 -1 0 0 0 0 1 0 -1 0 1 1 0 -1 -1 -1 0 -1 -1 -1 -1 0 0 0 1 0 1 0 0 1 1 0 -1 -1 0 0 0 0 0 0 0 0 -2 0 0 1 2 0 0 0 -1 0 0 0 0 1 1 1 -1 1 0 0 0 -2 -2 -1 0 2 0 -2 -1 1 0 1 0 0 0 0 -2 1 0 0 1 -2 2 0 1 1 1 0 1 0 0 0 -1 0 0 0 1 -1 -1 -1 0 0 0 0 1
-1 -1 0 0 1 0 2 0 0 0 0 0 2 -1 0 1 1 2 0 2 -1 0 0 0 0 0 0 1 -1 1 1 2 0 1 0 1 2 1 -1 1 -1 0 0 1 0 0 0 -1 0 -1 0 0 -1 1 0 -1 0 0 0 0 0 -2 2 1 -1 0 0 0 -1 0 -2 0 0 1 -1 1 -1 0 0 -1 0 1 0 -1 -1 0 0 0 -2 0 0 0 0 0 0 0 -1 0 1 1 0 1 -1 -1 0 1 -1 0 0 1 0 0 -3 0 0 0 0 0 1 1 0 1 0 0 -1 0 15 0 0 -2 1 0 0 0 0 0 0 -1 1 1 -2 1 0 0 0 0 1 0 2 -1 0 0 -2 0 0 -1 0 1 0 1 0 0 0 -1 0 0 1 -1 0 0 -1 0 -1 1 -1 0 -1 0 0 1 0 1 0 0 0 0 1 0 0 -1 -1 1 -1 0 1 0 1 0 1 -1 1 0 1 0 0 2 1 0 0 0 0 2 0 2 0 0 -1 1 0 -1 1 0 0 1 0 -1 0 0 0 1 0 0 -2 0 0 0 0 0 -1 0 1 0 1 1 0 0 -1 0 1 -1 0 -1 0 0 1 0 -1 1 -1 0 0 -1 2 0 -1 1 0 0 0 1 1 1 0 0 0 1 0 -1 -1 -1 -1 0 0 -1 0 0 0 0 -1 -1 0 1 0 0 0 0 1 1 -1 1 0 3 0 1 -1 1 0 0 0 0 1 0 0 1 1 0 -1 0 -1 0 0 -1 0 1 -1 1 0 -1 0 0 0 0 0 0 0 0 -1 0 0 0 0 1 1 0 -1 -2 0 0 2 -1 1 2 0 2 0 0 0 0 0 0
0 0 0 -1 1 0 1 -1 0 -1 0 0 1 0 0 1 0 2 2 0 0 2 0 -2 0 -2 0 0 0 1 0 0 -1 0 0 0 1 0 1 1 0 0 0 0 0 1 0 0 0 1 0 1 0 0 0 0 -1 0 1 0 0 0 -2 -1 1 1 0 0 1 1 2 -1 0 0 0 1 1 1 0 0 -1 0 0 0 1 0 0 0 0 1 0 -1 1 0 1 0 0 0 0 -1 0 0 0 1 1 -1 -1 0 0 0 0 1 0 1 0 0 -1 0 0 -1 0 -1 0 0 1 -1 0 14 0 -1 0 0 0 2 0 0 0 -1 1 1 0 0 1 0 0 1 0 1 0 0 0 0 0 1 -1 1 1 2 0 0 1 0 0 0 0 0 0 2 0 -1 0 0 0 0 0 0 0 -1 0 0 1 0 0 0 0 0 0 -1 -1 -1 0 1 0 0 0 0 0 0 0 0 0 1 -1 0 0 -1 0 2 0 0 1 0 1 -2 0 0 0 1 1 0 -1 0 0 0 0 -1 0 1 0 1 0 0 1 0 -1 0 0 1 1 0 0 0 0 2 2 0 1 0 0 0 0 -1 1 0 1 0 0 0 0 0 0 1 0 -1 -1 0 1 0 1 1 -1 1 -1 0 1 0 -3 0 0 -1 1 0 0 0 0 1 2 1 0 1 1 -1 0 -1 0 -1 -1 1 1 0 0 2 -1 0 0 1 -1 0 0 0 0 1 -1 0 0 0 -1 0 0 1 0 1 0 0 1 0 0 0 -1 0 2 1 -1 0 0 -1 2 0 0 -2 1 1 0 0 0 -1 1 0 0 0 0 0 -1 -1 0 1 1 0 1 0
0 0 0 0 0 0 0 0 1 -1 0 1 0 -1 -2 1 0 -1 0 0 1 0 -1 -1 1 0 1 0 0 0 1 0 -1 2 1 0 0 1 1 0 0 0 0 1 -1 -1 0 1 0 1 1 -2 0 0 -2 0 -2 0 1 -1 0 0 -1 0 -1 0 0 0 -1 0 -1 0 0 -1 0 1 0 0 0 0 0 1 0 0 1 0 -1 -4 1 0 0 1 0 1 0 0 0 -1 0 0 1 -1 -2 1 1 -1 0 -1 0 0 0 -1 1 1 0 0 0 1 0 -1 -1 0 1 -1 0 0 0 0 18 -1 0 -1 0 -1 -2 0 0 -1 -3 -1 1 0 0 0 2 0 1 0 0 1 1 0 1 0 0 -1 3 0 0 0 0 -2 0 -1 -1 1 -1 0 1 0 -1 2 1 0 2 0 2 -1 0 -1 1 1 0 0 0 0 0 -1 -1 0 0 -1 1 0 0 2 0 1 0 -2 0 0 2 -1 -1 0 -1 1 2 0 1 -1 0 -1 0 1 -2 1 0 -1 -1 0 1 0 0 0 0 -2 0 2 0 0 1 0 0 0 0 0 0 0 2 1 2 0 0 0 -1 0 0 0 -1 0 1 0 0 -1 1 -1 1 1 -1 -1 -2 1 2 0 0 0 0 1 1 -1 -1 0 1 -1 1 0 -1 1 0 0 2 0 -1 0 -1 -1 1 0 -2 -1 0 -1 -1 0 1 -2 0 -1 0 1 1 0 -2 0 0 0 0 0 0 1 -1 0 -2 0 0 0 0 1 0 1 2 0 2 1 0 0 0 1 0 0 -2 -1 0 0 -2 0 0 0 0 0 1 -1 1 0 0 1 1 0 1 -1 -1 -2 1 0 2 0 1 0
2 2 0 0 0 0 1 2 0 1 1 0 1 0 0 0 0 1 0 1 1 -1 0 0 0 0 -1 0 0 0 0 1 1 -3 0 -1 0 0 1 -1 0 1 0 0 1 0 -2 -1 1 2 -1 1 1 0 -1 0 -2 0 1 1 -1 1 0 -1 0 -1 -2 0 -1 -1 0 0 -1 2 1 0 2 0 1 0 1 1 -1 1 0 0 1 2 2 1 0 0 1 0 -1 1 0 0 -1 1 1 0 2 0 2 3 0 1 0 0 2 0 0 0 0 1 2 1 1 1 -1 1 -1 0 4 0 -2 -1 -1 22 1 -1 -2 -2 0 1 0 0 0 0 0 1 -1 0 1 -1 0 -1 -3 -1 1 1 0 0 -1 0 0 1 0 1 1 -2 0 1 0 0 2 -2 0 0 -1 0 -2 0 -1 1 0 0 -1 0 -1 0 0 0 -2 0 -1 0 0 2 0 -2 0 0 0 1 1 0 -1 1 -1 0 2 -1 1 -1 0 0 2 1 -1 0 0 1 0 2 1 2 0 0 0 -1 0 0 -2 0 1 0 0 -1 0 0 -1 0 0 1 -1 0 0 0 0 -1 0 -2 0 -1 1 0 0 0 1 0 0 1 0 1 2 -3 3 -1 0 0 -1 1 1 1 0 1 -1 -1 -1 0 -1 -1 1 2 0 2 0 0 0 0 1 0 0 2 1 0 1 0 0 -1 0 1 0 0 1 0 3 -1 1 -1 0 0 -1 -1 2 -1 2 -1 0 0 0 -1 0 0 0 1 2 1 0 0 0 0 0 1 1 0 -1 -1 0 0 2 0 -1 1 0 0 -1 0 -1 1 1 0 0 2 0 0 0 1 -1 -1 0 0 2 2 1 1 -1 1
0 -1 1 0 0 -1 1 -2 0 0 1 -1 0 0 1 0 0 0 0 2 0 -1 1 0 -1 0 2 2 0 -1 0 1 0 0 -1 -1 3 -1 0 -1 -1 0 -1 -1 -1 1 0 -2 -1 1 0 0 -1 -1 0 0 0 0 0 1 2 -1 -1 1 0 -1 -1 -1 0 0 0 -1 -1 0 0 -1 -1 -1 0 0 -1 0 -2 -1 -2 2 -1 1 2 1 0 0 0 -1 0 0 0 2 -1 0 0 -1 -1 0 2 -1 1 1 0 -1 1 -2 0 -1 1 0 -2 0 0 1 1 1 -1 -2 1 -1 1 0 0 1 17 0 -1 2 -1 0 0 -1 1 0 0 1 1 0 0 -1 1 0 -1 -1 0 0 0 0 -2 -2 -1 1 0 0 0 -1 -2 0 0 0 -1 -2 -1 0 0 1 2 1 0 1 2 0 0 0 -1 0 0 1 -1 0 -1 0 2 -1 1 0 -1 1 0 0 0 1 0 2 0 -1 -1 -1 0 1 0 0 0 1 -1 1 0 1 0 0 0 0 0 0 -1 0 1 2 0 0 0 1 0 0 -2 -1 -1 0 1 1 -2 -1 -1 1 -1 0 0 -2 3 -1 3 0 1 -1 1 0 1 0 1 0 0 1 0 2 0 -1 1 -1 1 2 1 2 -1 0 -1 1 0 -1 -1 1 -1 1 0 0 0 1 -2 2 1 0 0 1 0 0 1 -2 0 0 0 1 0 -1 1 1 -1 0 -1 2 -1 1 0 1 0 -1 0 0 0 -1 2 0 0 0 1 1 1 -2 0 1 0 0 -1 -1 1 0 0 -1 0 -1 1 -1 0 1 0 0 0 2 0 -1 1 -1 -1 0 0 0 0 1 0 2 0 0 -2 0 0 0
0 0 0 0 0 1 0 -1 1 0 -2 0 1 0 0 1 0 1 0 0 0 0 0 0 0 1 -2 0 0 0 0 0 1 1 0 1 0 1 -1 0 0 0 0 1 0 0 1 0 -1 -1 0 0 0 0 1 0 0 0 1 3 0 0 0 0 -1 0 0 0 -1 0 0 1 -1 -2 -1 0 0 0 0 0 0 0 1 0 0 0 0 0 1 -1 1 0 0 0 1 -1 0 -1 -1 0 0 1 0 -1 -1 1 0 0 0 0 0 1 0 -1 0 -1 1 -1 0 0 0 1 0 0 0 0 0 0 -1 -1 0 12 1 0 0 -2 1 -1 1 0 0 -1 2 -1 0 0 0 0 -1 0 1 0 -1 1 0 2 1 -1 0 -2 -1 0 -1 0 1 0 0 -1 0 0 0 0 0 -1 -2 1 0 1 0 0 2 0 1 0 0 0 -1 0 0 0 2 1 0 0 0 -1 1 0 -2 2 -1 0 0 0 0 1 1 1 -1 0 0 -1 0 2 -1 0 1 2 0 1 -1 0 1 0 1 0 0 0 0 0 0 0 0 -1 0 0 1 0 0 0 0 0 0 0 -1 0 -1 0 0 -1 0 1 0 0 0 1 0 0 1 1 -2 -1 0 -1 1 0 -1 0 0 -1 0 0 -1 -1 0 0 0 1 0 0 0 -1 -1 0 0 -2 1 1 1 0 2 0 0 0 0 0 0 0 0 1 0 -1 0 0 0 0 0 0 0 0 1 0 1 -1 0 0 -1 0 1 0 0 1 1 1 1 0 1 -1 1 1 0 0 0 0 1 0 -1 -1 0 -1 1 0 -1 3 0 0 0 1 -2 -1 0 0 -1 -1 0 1 1 0 1 0
0 -1 1 1 1 3 2 -1 1 2 0 0 1 2 4 1 -1 -1 2 0 -1 2 -1 -1 0 1 1 -2 0 -3 1 1 0 2 1 -1 0 0 1 0 -1 1 0 1 -1 1 0 0 1 -1 0 1 -1 1 0 0 -1 -3 0 -2 0 1 0 0 0 1 -1 1 0 -2 1 -2 1 -1 1 -1 0 0 1 -1 1 0 0 1 2 1 1 3 0 0 0 0 -1 0 1 0 -2 -1 0 1 0 1 0 -1 -1 -1 -1 0 0 -1 4 0 1 -1 0 -1 0 0 0 -2 0 4 1 0 1 -2 0 0 0 -2 -1 1 26 1 0 1 -1 1 1 1 -1 1 0 1 0 0 0 0 0 0 1 -1 0 -1 1 2 -1 1 1 0 1 0 -1 0 0 0 0 -2 3 0 1 -1 -1 1 2 1 0 1 1 2 0 1 -1 1 0 0 0 2 -1 -1 0 1 1 0 0 -3 0 1 1 -1 0 -1 -1 -3 -1 -2 0 0 0 0 -1 -2 -2 1 0 -1 0 0 -1 -1 1 3 0 -1 0 4 -1 1 0 1 -1 2 -1 1 0 0 1 0 1 -1 0 3 2 1 0 1 -3 0 2 0 0 0 0 1 -1 0 1 1 -1 0 0 0 0 0 -1 -1 -1 0 1 0 -1 0 0 0 0 0 1 0 0 0 1 1 1 -1 0 0 1 1 1 0 0 0 0 0 2 -1 1 1 2 2 0 2 0 0 1 0 -1 3 -2 0 -1 -1 0 0 0 0 0 1 1 0 0 0 1 -2 1 0 0 0 2 0 -1 -1 0 -2 -1 0 0 -1 0 0 -1 0 -1 1 0 1 -1 0 1 -1 0 -2 -1 1 1 0 0 0 -2 0
0 1 3 0 0 0 -1 0 0 -2 -2 0 0 0 0 0 1 0 0 -2 0 0 1 0 0 0 1 0 1 -2 0 0 0 0 0 0 2 0 -2 0 -1 0 0 0 0 0 2 -2 0 -1 0 -2 1 0 0 2 -1 0 1 2 -1 3 1 2 1 2 1 -2 1 0 0 -1 0 0 1 -1 0 -2 0 0 0 1 3 -2 0 0 1 1 1 -1 0 0 -2 2 0 0 1 -2 -2 1 1 1 0 -1 0 0 -1 1 0 0 0 -1 0 0 0 0 -2 2 -1 1 3 1 0 0 0 1 0 2 -1 -2 2 0 1 24 0 1 -2 1 0 1 -1 0 1 -2 0 1 0 0 2 0 0 1 0 1 -1 2 0 2 -1 0 -2 0 0 0 -2 0 1 0 0 -1 0 0 0 1 0 0 0 -1 1 1 3 0 1 -1 -1 2 0 -1 -1 0 -2 0 -1 -1 0 0 0 0 1 0 0 0 0 0 1 1 0 0 1 0 1 1 1 0 0 0 0 0 1 0 -2 2 0 0 0 2 -1 2 -1 -1 0 1 -2 1 -1 0 1 0 1 0 -1 1 -1 1 1 -2 2 1 0 1 -2 0 2 0 0 1 0 1 -1 1 0 -3 1 -3 -1 1 2 -1 2 1 1 -1 0 1 1 0 1 1 -1 1 0 -1 -1 1 -2 -1 2 0 -1 0 -1 0 0 2 0 0 -1 0 -1 -1 -2 0 -2 0 0 1 0 0 0 0 0 0 0 1 2 1 0 -2 2 0 1 1 1 0 -2 1 -1 1 3 1 0 0 0 0 0 0 -1 0 1 -1 0 1 -1 0 2 0 1 0 -1 0 -1 -1 0 2 2 2 -1 -1 -1 -1
-1 0 0 0 0 1 0 0 0 0 0 0 -1 2 0 0 0 1 1 0 0 0 0 -1 0 -1 -1 0 0 -1 0 1 0 0 -1 0 0 -1 0 0 1 0 0 0 0 0 0 0 0 0 1 0 -1 0 0 -1 1 1 1 1 0 0 0 0 -1 0 0 -1 0 1 0 0 0 -1 0 -1 2 0 1 0 0 0 0 0 0 1 0 1 0 0 0 -1 0 0 -1 -1 0 -1 1 -1 0 0 -1 1 -1 2 0 0 0 0 0 0 0 -2 0 0 0 0 1 1 0 0 1 1 0 0 0 0 -2 0 -1 0 0 0 11 0 1 1 -1 1 0 0 0 0 0 0 1 0 0 1 -1 0 -1 0 -1 0 -1 0 0 0 1 1 0 0 -1 0 0 0 -1 0 0 0 0 0 0 0 -2 0 0 0 1 -1 1 0 1 0 0 0 1 -1 -1 0 -1 0 0 0 0 0 -2 0 0 1 0 0 0 0 -1 0 0 1 0 0 -1 0 0 -1 0 0 0 0 0 0 1 0 0 0 -1 0 0 0 0 0 0 1 0 0 1 0 0 -1 -1 0 0 1 0 1 0 -1 0 0 0 1 0 0 1 0 0 0 0 -1 0 -1 0 -1 0 0 0 0 0 0 0 0 1 0 0 0 -1 0 -1 0 -1 0 0 -1 0 0 0 0 1 0 0 0 0 -1 0 -1 0 1 1 0 0 0 1 0 1 0 0 0 1 0 1 -1 0 0 0 1 0 -1 0 0 0 -1 0 0 0 1 0 0 0 0 0 -1 0 0 -2 0 0 -1 1 1 0 0 0 0 0 0 0 0 1 1 -1 0 1 -1 -1 0 0 0 0 0
-1 0 0 2 0 0 0 -1 1 0 2 1 -1 0 -1 0 1 1 1 0 0 0 0 -1 1 0 1 0 0 1 -3 0 0 -2 0 0 0 0 1 1 0 -1 1 0 -1 1 1 -1 0 -2 -1 -1 0 1 0 0 -2 -1 0 0 0 1 -1 0 0 0 0 -1 0 0 0 0 0 1 -1 0 1 0 0 2 0 0 1 1 1 0 0 0 0 1 -1 0 0 -1 0 -1 0 1 1 0 0 0 0 0 1 0 0 1 -1 -2 -1 0 -1 1 0 -1 1 1 1 1 0 -1 -1 0 1 0 0 0 0 1 0 -2 1 1 0 17 0 2 1 0 -1 3 0 -1 0 0 0 0 1 1 -3 -1 0 0 0 1 0 -1 0 2 1 -1 1 0 0 1 0 2 0 0 -1 1 1 1 2 0 4 2 0 2 -1 1 0 1 1 1 3 1 0 -1 0 0 -1 0 1 0 0 -1 0 -3 0 0 0 1 1 -1 0 0 0 -1 3 0 0 -1 0 0 2 0 1 1 0 0 0 1 0 0 0 0 0 1 -2 0 0 0 0 -1 0 0 -1 -1 1 2 0 2 0 -2 0 1 -1 1 1 0 0 0 1 0 0 -1 2 3 0 -1 -2 0 -1 3 1 0 0 0 0 1 1 0 2 0 1 0 1 2 0 1 0 0 -2 -1 0 0 -1 -1 -1 0 2 1 0 0 0 0 0 0 -1 0 0 -1 4 0 -1 0 0 0 -2 -1 0 2 0 0 0 -1 1 0 -1 0 0 -1 0 0 0 0 1 -1 0 0 0 0 -2 0 -1 0 0 0 0 2 0 -1 0 0 0 0 0 0 0 1 -1 1 1 1 -2 -1 0 -1
0 0 0 -1 0 0 0 0 0 0 -1 0 0 0 0 0 0 0 0 1 -1 0 1 1 0 1 -1 -1 0 0 0 0 0 0 3 1 -1 0 1 -1 0 0 0 0 0 0 1 0 1 0 0 0 -1 -1 0 0 0 0 1 0 0 -1 0 -1 0 0 0 -1 0 0 0 0 1 0 0 0 0 2 0 -1 -1 0 0 -1 0 0 0 -1 0 -1 0 0 1 0 0 -2 0 0 0 -1 0 0 0 0 1 0 -2 0 3 0 0 0 0 -1 0 0 0 0 1 0 1 -2 -2 -1 0 0 0 0 0 0 0 1 -1 -2 1 0 12 -1 -1 0 0 0 1 0 1 -2 0 1 1 0 -2 1 0 0 0 0 0 -1 -1 0 0 0 0 1 0 0 0 -1 -1 1 -1 -1 0 -1 0 0 -1 0 0 0 0 1 0 0 0 -1 0 0 0 0 0 0 1 1 -1 0 -1 1 0 0 0 0 0 0 0 0 0 0 0 0 0 -1 -1 0 0 0 0 0 0 1 1 -1 1 0 1 -4 0 0 -1 0 0 -1 0 0 0 0 0 -1 0 0 1 0 0 0 0 0 0 0 0 0 0 1 0 0 0 0 0 0 0 0 -1 0 -2 0 0 2 1 0 0 -1 2 0 1 0 0 0 -2 -1 -1 0 0 0 0 0 -1 1 0 0 0 0 -1 0 1 -1 -2 0 0 -1 0 0 0 0 1 0 0 0 0 0 0 -1 0 -1 0 0 0 1 -1 -1 0 0 0 -1 0 0 0 1 1 -1 0 0 0 -1 -1 -1 1 -1 0 0 0 -2 0 0 0 1 0 0 0 0 0 1 0 0 -1 0 -1 0 1 0 2 -1
0 -2 0 0 0 -1 -2 0 0 0 1 0 0 -1 0 1 1 -1 1 0 0 0 1 1 0 1 1 0 0 1 1 0 0 0 0 0 -1 -1 0 1 0 -2 2 0 0 0 1 0 -1 -1 0 -1 2 1 0 0 0 0 0 0 0 1 1 2 -1 1 0 0 0 0 1 -1 0 -1 -1 0 0 0 1 2 1 -1 1 -1 2 2 0 -1 0 0 2 1 0 0 0 1 0 0 3 -1 0 0 0 0 -2 0 -1 0 -1 -1 1 0 0 -1 -1 0 2 -1 0 0 0 0 1 1 0 -1 -1 -1 -1 0 -1 -1 1 1 1 2 -1 17 2 0 -1 0 0 1 0 0 0 0 0 2 0 -1 1 0 0 0 0 1 1 1 0 0 1 0 1 0 0 -1 1 0 0 0 -1 0 2 1 -1 0 0 0 0 -1 1 0 1 0 -1 0 2 0 -1 0 0 0 -1 0 -1 0 0 -1 0 -1 -2 0 1 0 0 -1 0 0 0 0 1 0 0 -1 1 1 1 1 1 1 0 1 1 1 0 1 0 0 -1 1 -1 0 0 1 1 0 1 0 -1 0 -1 0 0 0 2 1 -1 1 0 1 -1 0 0 -1 1 1 2 -1 2 1 1 1 -1 -1 -1 0 0 -1 0 1 0 0 -1 -1 1 0 0 1 0 0 0 1 0 0 1 1 0 0 -1 -1 1 1 0 1 0 0 1 -1 0 0 0 0 1 -1 0 1 0 2 1 -1 0 0 1 0 -1 0 0 0 0 -1 2 0 -2 -1 1 1 -1 1 0 1 0 2 -1 1 0 0 0 0 1 2 0 -1 0 1 0 0 1 0 -1 0 -1 0 0 0 0 0 -3 1
1 1 0 0 1 0 0 -1 -3 0 0 0 2 0 2 0 0 0 -1 0 0 0 0 0 0 0 2 0 -1 2 -1 1 -1 -1 0 -1 -1 0 0 0 0 0 0 0 0 0 1 1 0 0 0 0 0 0 0 1 2 0 0 0 0 0 0 4 -2 0 0 1 -2 0 -1 1 -1 -1 0 2 0 0 0 1 0 0 -1 0 -1 2 0 0 0 0 1 1 0 0 0 0 0 -1 2 0 0 1 0 1 -1 1 -1 0 -2 0 2 0 1 0 0 0 0 0 -1 -1 0 0 1 0 0 1 1 1 -3 0 1 1 1 0 -1 1 -1 2 21 0 -1 2 0 0 0 0 1 0 0 0 0 0 -3 1 0 -1 -2 -1 0 0 0 -1 -1 0 0 -1 1 1 -2 1 -1 -1 1 2 0 0 0 2 0 0 -2 1 0 0 0 0 -1 1 0 -1 1 1 1 0 0 0 1 -1 -1 -2 0 0 -1 2 0 0 3 0 0 0 1 -1 0 2 0 0 -1 0 -1 1 2 0 0 0 -1 0 0 -1 0 -1 0 0 -1 0 -1 -1 -1 0 0 -1 -1 1 0 1 -1 1 0 2 1 0 0 -1 -1 0 -3 0 0 0 -1 0 -1 0 2 0 0 0 1 0 0 -1 -1 0 -1 -1 0 0 -1 0 1 -1 0 0 0 -1 0 -2 1 2 0 0 0 0 1 0 0 0 0 -1 -1 0 0 0 -1 0 1 -1 0 0 1 0 -1 0 2 0 0 -1 1 0 1 -1 0 -1 2 0 0 -3 -1 0 -1 0 0 2 1 0 2 0 0 0 0 0 0 0 1 2 0 -1 0 -1 0 0 1 2 0 2 -1 0 1 0 -2 0
1 1 0 -1 1 0 0 0 1 0 1 2 0 2 2 2 -1 0 2 1 1 0 0 0 1 0 -2 -1 1 -1 1 -1 0 0 0 0 1 0 0 1 -1 1 1 1 0 -2 0 -2 0 1 0 -2 1 -1 0 0 0 -1 -1 1 1 1 2 -1 0 1 0 1 -1 2 1 -2 0 0 0 -1 -2 2 -2 -1 -1 1 1 -1 0 -1 1 2 0 1 2 0 -2 -1 0 0 0 0 1 1 0 1 -2 0 1 0 1 0 0 2 1 2 1 0 0 -1 -1 0 1 0 1 1 2 -1 0 -1 1 1 -1 0 0 0 1 1 1 0 0 0 0 22 0 1 0 1 1 0 2 -1 0 1 -1 0 -1 -1 -2 -1 0 1 -1 3 1 0 0 -1 1 0 0 1 3 0 0 -1 2 0 -2 0 0 -1 1 0 1 0 2 1 -1 1 1 0 0 0 -1 -1 0 1 -1 1 0 0 2 -1 1 0 0 0 1 0 1 0 1 0 2 1 -1 0 1 0 0 -2 0 0 0 0 0 0 2 2 0 0 0 -1 1 0 -1 0 1 -1 1 1 0 0 1 0 1 1 1 -3 1 2 -1 0 -2 0 1 -1 0 0 1 0 1 1 0 0 0 -2 0 0 -1 0 0 1 -1 -1 2 -1 0 0 0 1 0 0 1 1 -1 1 0 -1 1 0 0 0 0 0 0 0 3 0 -3 -1 -2 -1 1 1 0 -1 0 3 -1 0 -1 1 1 1 0 0 0 -1 -1 0 0 1 0 4 0 -1 -1 1 2 0 0 1 0 0 -1 0 0 0 1 1 1 0 -2 0 1 0 0 2 1 0 1 0 0 -1 1 3 2 0 0 0 0 0
0 0 0 -1 -2 0 -1 0 0 0 1 -1 -2 0 0 1 -1 1 -1 2 0 0 -1 -1 -1 -1 0 0 0 1 -2 2 0 1 0 1 -1 0 2 2 0 -1 1 0 0 1 -2 1 1 3 2 2 0 0 -1 0 0 0 0 0 1 0 0 0 -1 -1 -1 0 1 -1 1 0 0 0 -2 0 -1 1 0 0 -1 1 0 -1 0 0 0 1 1 1 0 0 -2 2 0 1 2 0 0 -1 2 0 0 0 1 0 3 0 2 2 0 0 3 0 0 0 1 2 -1 -2 0 -1 0 1 0 2 -2 0 1 0 0 0 -1 -1 0 -1 0 -1 -1 0 19 1 -1 -1 0 -1 0 0 0 0 1 -1 0 0 0 -1 2 0 0 0 0 0 1 -3 2 0 0 2 0 0 0 0 1 -1 1 0 0 -1 0 0 1 -1 0 0 -1 -1 -1 -1 0 1 0 0 4 -1 0 1 1 0 0 0 -1 0 3 -1 -1 0 0 0 0 0 1 0 -1 -2 0 1 0 0 0 0 0 -2 0 0 0 0 0 -1 0 -2 0 0 1 0 2 0 0 1 -1 1 -1 -1 0 -2 0 0 1 -1 0 -2 0 0 -1 1 0 0 -1 2 0 -1 0 1 0 1 1 0 -1 0 -2 0 -3 -1 0 0 -1 0 0 -1 1 0 0 1 1 0 0 0 -1 0 0 2 1 0 0 0 -2 1 1 0 0 -1 1 0 0 1 0 0 0 -1 0 0 0 2 0 0 0 1 0 1 0 0 -1 -1 -1 0 0 1 0 1 0 2 1 2 1 -3 -1 -1 0 0 0 0 1 -1 0 0 0 1 1 -1 0 -1 0 0 0 -1 -1 0 2 0 0 -1
3 1 0 2 0 0 2 0 -1 0 0 0 0 1 3 0 0 0 -1 0 0 -1 1 0 0 0 0 0 0 0 1 1 -1 -1 0 0 -1 0 3 0 0 -1 0 0 0 1 0 1 -2 0 0 -1 0 -1 -1 1 -2 0 1 0 1 0 0 0 0 0 -1 -1 0 0 0 1 0 0 0 1 1 1 0 2 0 0 -1 0 0 3 0 1 0 0 2 0 0 0 -1 0 0 1 1 1 0 0 -1 -1 0 1 1 -1 1 0 1 0 1 1 0 -1 0 0 0 0 0 0 1 -1 2 0 1 0 0 1 1 -1 1 0 0 3 0 0 2 1 1 15 0 0 1 0 1 0 1 1 0 0 -2 -1 -1 -1 0 0 0 2 0 -1 0 0 0 -1 0 0 1 0 0 1 -1 0 0 1 0 1 0 -1 1 1 0 1 0 0 2 0 1 0 0 0 0 0 1 0 2 0 -1 -2 0 0 1 0 -1 -1 1 0 0 0 1 1 0 -1 0 0 1 1 -2 0 0 0 -1 2 0 0 -2 0 0 0 -1 2 0 0 0 -1 0 0 0 0 0 0 0 0 -1 0 0 1 0 0 0 1 1 1 -1 0 -1 1 1 0 0 0 -1 0 1 1 0 0 0 0 0 0 1 0 0 0 -2 0 -1 1 -1 1 -1 -1 0 0 1 1 0 0 1 1 0 1 0 0 0 -3 -1 0 0 0 0 0 0 2 0 0 0 0 -2 0 0 0 0 0 0 0 1 1 0 0 0 0 -2 0 -1 1 1 -2 1 1 1 1 0 -1 1 0 -1 0 0 0 0 0 1 1 1 0 0 1 0 0 0 0 -1 0 -1 0 0 0
-1 -1 0 0 0 -1 1 -1 0 1 -1 0 0 1 0 2 0 0 2 1 -1 0 0 1 0 1 2 0 1 -1 1 0 0 1 1 1 1 0 0 0 -1 0 0 1 0 1 2 -2 0 -2 -2 -1 0 1 -2 0 2 -1 0 0 0 0 1 0 -1 0 0 0 -1 0 0 -2 -2 0 0 0 -1 0 1 1 0 1 2 -2 0 1 0 -1 1 0 1 0 0 0 -1 1 -1 1 -1 0 -1 1 1 2 0 0 0 0 0 1 0 1 0 -1 0 0 1 1 1 2 1 0 0 0 0 0 0 1 0 -1 1 2 0 1 0 0 1 0 0 0 -1 0 17 0 1 3 0 0 -1 0 0 0 0 2 1 3 1 2 0 0 -1 -1 0 0 -1 0 0 -1 -1 0 -1 0 1 0 0 0 1 -1 -1 2 0 -1 1 1 1 0 1 0 0 1 -1 0 0 0 1 0 1 -2 0 -1 0 -1 1 0 0 1 -1 3 -1 -1 -1 1 1 1 1 0 1 0 0 1 0 0 1 0 -1 1 0 2 0 1 0 0 0 0 -1 0 1 -1 0 0 0 -1 0 -2 1 0 -1 0 0 0 0 0 1 0 0 0 0 0 0 0 1 0 1 -1 1 0 2 0 1 1 1 0 1 0 0 1 0 0 -1 -1 1 -1 0 1 0 0 1 0 1 0 1 0 -1 0 0 0 0 0 1 3 1 -1 1 0 -1 -1 1 0 0 0 0 -1 0 0 0 1 -1 0 0 0 0 1 1 2 1 1 0 -1 0 2 0 0 -1 0 1 0 0 0 3 0 1 1 0 1 0 0 0 0 0 0 0 0 1 1 0 0 0 0 1 0
1 1 0 0 0 -1 4 -1 0 1 0 1 0 1 -2 2 0 -1 1 1 0 -1 1 0 1 2 0 1 2 0 0 0 0 1 0 0 1 0 0 -1 -1 0 1 0 1 1 0 0 0 1 0 2 1 -3 0 0 1 0 0 1 0 -3 0 -1 0 1 4 2 1 0 0 1 1 0 1 0 0 0 -1 0 1 0 -1 1 0 2 -1 1 -1 0 0 1 -1 0 0 2 0 3 1 0 1 0 0 1 0 -2 2 -1 0 0 0 -1 1 1 0 1 0 0 1 1 -1 1 1 1 1 0 0 0 0 0 0 -1 1 -2 0 -1 0 1 0 1 -1 0 0 19 0 0 2 1 0 0 0 1 0 1 0 0 2 -1 2 0 0 -1 0 -1 1 0 1 2 0 0 2 0 2 1 0 1 1 1 1 1 -3 -2 0 1 -1 1 0 3 0 -1 0 0 0 0 2 2 0 0 0 0 1 0 -1 -1 -1 1 -1 0 0 1 0 0 0 1 1 0 -1 1 0 2 0 3 -1 1 1 -1 0 2 0 -1 1 -1 0 0 -1 -1 2 1 1 0 0 -1 -1 2 0 1 0 0 1 2 0 0 0 0 0 0 1 -1 -1 1 1 1 1 0 1 1 2 0 0 0 -1 2 0 0 0 0 0 1 -1 1 0 0 1 0 1 0 1 0 0 1 -2 0 1 0 2 -1 0 1 1 1 1 -2 0 1 0 2 0 0 0 1 0 1 0 0 0 1 -1 0 1 0 2 -1 0 0 1 -2 -1 1 2 0 0 -2 0 1 -1 0 -2 0 -1 0 2 1 1 0 0 0 0 1 4 0 -1 0 1 0 0 0 0 2 0 0
-1 0 1 0 2 1 1 1 0 1 -1 -1 1 3 1 0 -2 0 0 0 0 0 -1 1 0 1 -1 0 3 -2 1 -1 2 1 0 1 -1 0 0 0 -1 0 0 0 1 -1 1 -1 0 -1 0 3 1 -1 -2 0 0 1 -1 0 1 0 2 1 0 2 0 0 -2 0 0 -1 0 1 1 0 0 1 0 0 1 0 -1 -1 2 1 0 2 -1 0 1 -2 -1 -1 1 -2 1 1 2 0 0 0 0 0 -1 0 2 1 0 -1 2 -1 3 -1 0 0 0 1 -1 2 0 -1 2 -1 0 0 0 0 2 1 0 0 0 0 0 0 1 0 0 1 0 1 1 0 25 -1 0 0 0 -1 1 0 0 1 2 -1 2 0 0 1 -1 -2 -1 1 0 -1 0 0 1 1 0 1 1 -1 0 0 -1 0 -1 0 0 0 0 3 -1 0 0 -1 0 -1 0 0 0 1 -1 -1 0 1 5 -1 2 2 1 -1 0 0 0 -2 1 -1 -1 -2 0 0 -2 2 1 1 -1 -1 1 0 3 0 -1 0 -2 0 -1 0 0 0 1 -1 1 0 -1 0 1 0 1 2 0 1 1 0 1 0 2 -1 0 -1 0 -1 0 0 -1 -1 1 -1 -1 0 0 0 0 2 0 2 0 -1 0 0 0 -3 2 1 1 0 1 2 0 0 1 0 2 -1 0 0 2 1 1 1 0 1 0 3 3 0 3 -1 2 1 0 -2 -1 0 1 1 -1 2 0 0 -1 0 1 0 0 2 0 2 1 -2 2 -1 -1 0 0 0 -1 -1 1 0 0 0 2 0 1 -1 0 0 0 0 0 0 0 1 0 0 0 0 0 -2 0 1 3 0 0 2 2 0
1 1 0 1 0 0 1 1 -1 0 -1 1 0 0 0 0 -1 0 0 0 1 1 0 1 0 0 1 0 0 1 0 0 0 0 0 0 0 0 0 -2 0 0 0 1 0 1 1 0 0 -1 -2 0 0 1 -1 0 2 0 0 -1 0 1 -1 0 -4 0 0 -1 -1 0 0 0 -2 0 1 2 0 -1 0 0 0 -1 0 0 1 0 1 1 2 0 -1 0 1 2 1 2 0 0 0 0 0 1 2 1 -1 0 1 2 -1 1 1 2 0 0 0 0 1 0 1 2 0 1 1 0 0 2 0 1 0 -1 -1 0 0 1 0 0 -2 0 0 0 -1 0 3 0 -1 15 -1 -1 -1 0 0 -1 0 0 0 0 1 0 0 0 0 0 0 0 1 0 0 -1 3 0 1 -1 1 1 1 1 0 -2 0 2 1 0 0 0 1 0 2 0 -3 -1 0 0 -1 0 1 0 0 0 1 -1 0 -1 -1 2 0 -1 0 0 0 -1 0 0 0 0 0 1 0 1 0 0 0 0 0 0 0 0 0 0 0 1 1 1 0 0 0 0 0 1 0 0 1 0 0 0 0 0 1 1 0 0 0 0 0 0 -2 0 -1 0 0 0 0 3 -1 1 0 -1 -1 -1 0 1 1 0 0 0 0 -1 0 1 0 0 0 -1 1 0 0 1 0 0 1 0 -1 1 -1 -1 1 0 0 0 0 1 0 0 -1 0 0 1 0 0 0 -1 -1 -1 0 1 0 -2 1 0 0 0 1 1 0 -1 0 0 0 0 -1 1 1 -1 0 1 -1 1 -2 0 3 0 1 0 0 0 0 0 2 0 0 0 0 0 1 -1 -2 -1 0 0 1 0
1 1 0 -1 0 -1 1 -1 0 0 0 1 0 0 0 1 0 0 1 0 1 -1 1 -1 0 1 0 2 0 1 -1 1 0 0 0 0 0 1 0 0 0 -2 -1 0 -1 0 0 0 -1 0 1 1 0 0 -1 0 -1 0 0 0 0 0 0 -2 -1 1 0 1 -1 0 0 0 0 0 0 0 0 0 0 -1 -1 -1 -3 0 1 2 0 -1 1 -1 0 0 0 0 0 0 0 0 1 0 0 0 0 1 -1 -2 1 0 0 -1 -1 1 -1 0 0 0 0 0 0 -1 0 2 0 -1 1 0 1 0 1 0 1 0 0 0 1 0 0 0 1 2 0 1 0 2 0 -1 14 0 -1 2 0 0 0 0 -1 0 -1 0 -1 1 0 -2 0 0 0 1 0 1 0 0 -1 0 1 0 0 0 1 0 0 0 0 1 0 -1 1 0 0 1 1 0 0 0 0 0 -1 0 2 0 -1 0 1 0 -1 0 0 0 1 0 0 0 2 0 -1 0 0 -1 0 1 -1 0 1 1 1 1 0 1 1 0 0 0 0 0 0 1 0 0 1 0 0 0 0 1 1 0 1 2 1 -1 -1 1 0 0 0 -3 1 0 0 0 0 1 0 0 0 0 0 0 1 0 0 0 0 1 1 -1 1 -1 0 0 0 1 0 0 -1 2 -1 1 0 0 0 0 1 0 1 0 1 -1 0 0 0 0 0 0 0 0 1 1 0 1 0 0 0 0 0 1 0 0 1 1 1 -1 1 -1 -1 1 0 -2 -1 0 -1 0 0 0 -2 1 1 0 0 0 0 1 0 0 0 0 0 1 0 0 0 -1 0 0 0 0 -1 0 2 0 0 0
0 0 0 0 0 0 0 0 0 0 0 0 0 1 0 0 0 0 0 0 -1 0 0 1 1 0 -1 1 -1 -1 0 0 1 2 0 0 -1 0 0 0 0 0 0 1 1 0 0 0 0 1 0 1 1 -2 0 0 0 0 1 0 0 0 0 1 0 0 1 0 1 0 0 0 -1 0 0 0 0 0 0 0 0 0 0 0 0 1 0 -1 0 1 0 0 1 0 1 0 1 1 0 0 0 0 1 0 0 0 -2 1 0 -1 1 0 0 0 0 0 -1 0 0 1 0 -1 1 2 0 0 0 1 0 -1 0 0 0 0 0 0 1 0 0 -1 0 0 0 1 0 -1 0 9 0 0 -1 0 0 -1 0 -1 2 0 -1 0 0 0 1 -1 0 0 0 0 1 0 -1 0 0 -1 0 0 -1 0 1 0 0 0 0 1 1 -1 0 1 1 0 0 1 0 0 -1 0 0 0 0 1 0 0 1 1 1 0 1 0 0 0 -1 0 0 0 0 0 0 0 0 1 0 0 0 1 -1 0 0 0 0 0 0 -1 1 1 0 0 0 -1 1 1 0 2 -1 1 0 0 0 1 2 0 1 0 0 0 0 0 0 1 1 0 0 0 0 0 0 1 2 0 0 0 0 0 0 0 0 0 0 0 2 0 0 0 0 0 0 0 0 0 -1 1 1 0 -1 0 -2 -1 0 0 0 1 1 0 1 0 0 0 1 0 0 0 0 2 0 0 0 0 0 -1 0 -1 0 0 0 0 0 0 -2 1 1 0 0 0 -1 0 0 -1 1 0 0 0 0 0 0 1 0 0 0 0 0 0 0 0 0 0 0 0 0 0 0 1
2 -1 0 0 -1 0 0 0 -1 0 0 -3 -1 0 0 -1 0 -1 1 2 0 2 1 -1 1 0 1 2 -1 0 0 -1 0 2 1 0 1 2 -1 2 2 0 1 0 -1 1 0 -1 1 -1 -2 1 -1 0 1 0 0 0 -1 -2 0 0 0 0 0 0 1 0 1 0 -1 0 0 -1 0 0 0 -1 0 0 2 0 -1 1 2 0 0 0 0 -1 0 -1 -1 0 1 0 0 1 0 -1 1 1 0 0 -1 0 0 0 1 -1 -1 0 0 -1 0 1 0 0 0 0 1 2 1 2 -1 0 2 0 0 -3 -1 -1 0 2 0 1 1 0 0 0 0 1 -1 0 0 -1 -1 0 20 -2 0 0 1 1 0 1 0 -1 1 0 -3 0 0 -1 0 -1 3 1 -2 -1 -1 -1 -2 0 0 -1 0 1 -1 1 0 0 0 1 1 0 -1 0 1 -1 1 1 0 0 0 1 -1 -1 0 0 0 0 0 1 0 0 0 -1 1 1 -1 0 0 0 0 1 -1 1 0 1 0 0 1 1 0 -1 0 1 1 1 1 -1 0 1 1 -1 1 1 -1 1 1 0 0 1 1 0 1 3 -1 0 0 -1 1 0 0 0 -1 3 -1 0 0 0 1 0 0 1 1 0 0 -1 0 2 1 0 0 0 0 -2 -1 -1 0 0 -1 1 1 -1 1 0 0 0 -1 1 1 0 0 1 0 -1 -1 1 0 0 1 -1 1 1 0 0 1 0 0 -1 0 1 0 1 0 -2 1 0 0 -2 2 0 -2 0 0 -1 3 1 1 -1 -1 -1 0 0 -1 0 -1 1 -3 2 -2 0 0 1 -1 1 2 2 0 2 -1 0 2 0 0 1 0 0
-2 1 -1 0 0 0 0 -1 1 0 1 0 -1 2 0 0 -1 -1 -2 0 2 -1 1 0 0 0 2 0 2 0 0 1 0 0 0 -2 -1 -2 2 1 -1 -1 0 0 0 1 1 1 0 -1 2 0 -1 1 0 -1 0 1 0 0 0 0 0 1 0 0 1 -2 1 0 0 -2 0 1 0 0 2 2 0 0 0 -2 0 1 0 0 1 -2 0 -1 0 1 1 0 -2 -1 1 -2 1 0 0 0 0 1 -1 -1 -1 0 -2 1 0 1 0 1 -1 0 2 0 -1 0 1 2 1 -1 0 0 -1 0 1 -1 -1 0 0 0 1 1 0 2 0 1 0 1 0 0 -1 0 2 0 -2 18 -1 1 -1 1 -1 0 1 0 1 2 2 0 1 1 1 2 0 0 0 1 0 1 0 0 1 1 0 0 0 0 0 0 0 0 0 0 0 0 0 0 0 -2 1 0 1 0 0 0 0 -1 2 0 0 1 2 -1 0 -1 1 0 2 -1 0 -1 0 -2 1 -3 0 0 0 0 0 1 1 1 0 0 0 0 0 1 1 1 0 0 0 0 -1 0 0 0 0 -1 0 1 0 -1 -2 -1 0 0 0 -2 -1 0 0 0 -1 0 0 0 0 0 1 -1 0 0 -1 -1 -1 -1 0 2 1 -1 -1 0 0 0 1 0 -1 1 0 -1 0 0 2 1 -1 -1 1 1 0 0 0 1 -2 -2 0 0 0 0 0 0 0 0 2 1 0 0 -1 1 -1 2 1 0 1 -1 0 1 0 0 -1 0 -1 0 -1 1 0 0 -2 0 -1 -1 0 0 0 0 1 1 0 0 0 1 0 0 -1 -1 -1 -1 1 0 0 0 1 0 0 -2
0 0 -1 -2 0 -1 -1 0 0 1 -2 0 0 -1 1 0 0 1 0 0 -1 -1 -2 1 -2 0 -1 0 -1 0 1 -1 -1 0 0 0 1 0 1 2 0 0 0 -1 -1 0 1 0 0 0 2 0 0 1 2 0 0 0 -1 1 0 0 0 -1 0 1 1 0 -1 -1 -1 1 0 -2 0 -1 0 0 0 0 0 1 1 1 0 1 0 0 0 -1 0 1 1 0 -1 0 -3 -2 2 -1 -1 -1 1 0 2 1 1 0 -1 0 2 0 0 1 -1 -1 0 0 -1 0 0 0 1 1 -1 -1 0 0 1 1 0 1 1 0 -1 -3 -2 0 0 -1 1 0 0 0 1 0 0 -1 0 -1 28 -1 1 0 -1 -1 2 3 0 0 1 1 -2 0 0 0 0 0 1 0 0 1 0 -2 0 -1 1 -1 -1 0 0 2 0 0 -1 1 -1 1 0 1 -1 0 3 0 0 0 0 1 1 0 0 -1 -1 0 -1 0 0 -2 -2 -2 -3 -1 1 0 1 1 -1 3 0 0 0 0 1 -2 -3 -1 1 -3 0 0 0 0 1 -2 1 1 1 0 0 -2 3 2 1 1 -1 0 0 1 0 -3 1 0 -2 0 -1 1 -3 0 2 0 2 -1 0 1 1 1 1 -1 -1 0 0 -1 -3 0 -1 0 1 -1 -1 0 1 0 1 0 0 1 0 0 -2 0 0 0 1 2 -1 0 1 0 -2 0 0 -1 1 0 -1 0 1 0 1 0 0 -1 -2 -1 2 -1 1 0 0 0 -1 0 1 0 -2 -1 0 1 0 2 0 0 3 -1 0 -1 2 -1 -1 1 4 0 0 1 -1 -1 0 1 -1 0 2 -1 -2 -3 1 -1 1 -1 0 0
4 0 -1 0 0 1 0 0 1 0 0 1 1 3 0 0 0 1 0 -1 0 -1 3 1 0 0 0 1 1 0 1 1 -2 0 0 -1 1 0 2 0 -1 1 0 0 0 1 2 -1 0 0 1 0 0 1 -3 -1 0 0 1 2 1 -2 1 -1 1 0 1 3 1 -1 0 0 0 1 0 -1 0 2 1 0 2 0 0 1 0 -1 0 1 0 0 1 0 0 0 -1 -1 0 0 -1 -1 1 1 1 0 1 -1 0 -1 0 -1 0 0 1 0 -1 0 0 0 0 1 0 0 0 0 1 0 0 0 0 1 0 0 -1 1 0 -1 1 -1 0 0 -1 0 0 1 0 -1 0 0 0 1 -1 17 1 1 0 1 0 0 0 2 0 0 1 0 -1 0 0 1 -1 1 1 -1 0 -2 0 -1 -1 1 1 0 0 0 0 -2 -2 2 1 0 0 0 0 -1 0 0 -1 0 0 -1 -1 0 1 1 1 0 -1 -2 0 0 0 1 0 1 -1 0 0 -1 -1 -1 0 -1 0 -3 0 1 -2 -2 0 1 1 -1 0 1 0 0 0 1 0 1 0 -1 3 0 1 -1 0 1 0 1 0 0 -1 0 1 1 1 0 0 0 -1 0 0 -2 0 0 -1 0 0 -2 0 0 0 1 0 0 0 0 1 1 -3 0 0 0 0 1 0 -2 0 0 1 1 0 0 -1 1 -1 -1 0 0 1 0 1 1 0 1 0 0 0 1 1 0 -1 0 -1 2 0 1 1 0 1 1 1 1 1 0 -1 -1 1 0 0 1 0 0 1 0 -1 1 0 -1 1 0 -1 0 0 0 0 0 0 0 0 2 -1 -1 1 0 -1 1 1 2 0 0
0 0 0 -2 0 0 -3 0 2 0 0 0 -2 0 0 0 0 -1 -1 0 0 1 0 0 0 0 0 1 0 -1 -1 0 1 0 0 1 2 0 1 1 0 0 2 0 0 0 1 1 0 -1 0 1 0 0 0 0 -2 0 0 -1 0 0 0 -1 0 1 0 0 -1 0 0 0 0 -1 2 -1 0 0 0 -1 0 0 0 0 0 -2 -1 -1 1 0 0 0 0 -2 2 0 -1 0 -2 1 0 0 1 0 0 1 0 -1 3 0 -1 1 1 2 0 0 0 0 0 2 0 0 0 0 -1 0 -2 0 1 0 0 -1 0 0 -1 0 0 1 -3 -1 0 -2 0 0 0 0 0 0 1 -1 1 1 17 0 1 -1 2 0 1 -1 0 0 0 0 -1 0 0 1 0 0 0 -1 0 0 0 -1 0 1 0 0 1 1 0 0 -1 1 -2 -1 0 1 -1 0 -1 0 -2 1 -2 0 0 0 2 0 -3 -1 0 1 -2 0 0 0 -1 -1 -1 1 0 1 -1 -2 0 -1 -1 0 0 0 0 0 0 0 1 -2 0 -3 0 0 1 0 0 0 0 0 0 0 0 0 1 0 1 1 -1 0 0 1 0 0 0 1 1 1 0 0 1 0 0 0 -2 0 1 0 0 0 0 -1 0 1 0 0 -1 0 0 1 1 0 1 2 0 0 0 0 -1 0 0 -2 0 1 0 0 0 0 2 0 0 -1 1 0 2 -2 -1 1 0 -1 -1 0 0 -1 0 0 0 0 -1 0 0 -1 -1 0 0 1 0 -1 1 0 0 0 0 0 1 0 0 0 0 1 0 0 0 0 0 1 0 1 0 0 0 -1 0 0 0 0 0 0 1 0
1 1 -1 0 -1 -2 -1 0 1 1 0 1 1 0 -1 3 -1 0 -1 0 1 1 0 0 -1 0 -1 2 3 1 0 -1 0 2 1 2 -1 -1 -1 0 -1 1 1 0 1 1 2 -1 2 1 0 1 0 1 1 -2 0 -1 0 4 0 -1 2 0 -3 0 2 0 -2 1 0 0 1 0 0 0 -2 0 0 3 1 0 0 0 0 -2 0 -1 0 1 2 -1 0 1 -1 2 1 -1 -1 -2 -1 2 0 2 1 1 0 1 0 1 2 0 0 1 -1 0 0 -1 0 1 -2 -1 0 1 -1 0 0 1 0 0 0 1 -1 1 0 0 0 0 1 -1 0 -1 2 1 1 0 0 -1 1 1 0 1 0 23 0 1 2 2 1 0 0 -1 1 -1 1 0 2 1 -1 1 0 0 0 -1 -2 -1 -2 0 0 0 0 -1 1 -1 1 1 0 0 1 2 0 0 -2 0 0 0 0 -2 1 -2 -1 0 -1 0 1 0 -1 1 -2 -1 1 1 0 0 1 0 0 0 0 1 0 1 0 0 1 -1 -1 1 0 -2 0 1 2 1 0 0 1 0 0 0 -1 -1 0 1 3 1 0 -1 -2 1 -1 1 0 0 0 0 -1 -1 0 0 0 0 0 0 1 1 0 -1 0 -1 1 0 0 -1 1 1 -1 1 -1 -2 0 0 0 1 1 0 1 1 0 -1 3 0 2 -1 -1 0 0 1 0 -1 0 1 1 0 0 1 1 -1 1 3 0 -1 0 2 0 0 1 0 -1 0 0 1 3 0 1 1 -1 0 0 0 0 0 -2 0 2 1 -1 1 1 0 1 0 2 1 -2 0 0 0 -2 0 0 2 1 0 0 -1 2 0 -1 0
-1 0 -1 1 -1 0 1 -1 0 0 -2 0 0 -1 0 0 -2 0 -2 -2 1 2 -2 2 0 0 1 -1 -1 -1 1 0 0 1 0 0 0 1 0 2 2 1 0 -1 0 0 0 -1 2 0 -1 0 1 -1 0 0 -1 0 0 0 -2 0 0 1 -1 -2 0 1 0 -1 0 -1 1 0 0 0 -1 -1 1 0 0 0 1 1 0 -1 -2 0 -2 1 -1 0 -2 -2 0 -2 0 0 0 0 0 -1 0 -1 0 -1 2 0 0 1 0 -1 -1 0 -1 0 0 0 1 -2 0 0 -1 0 -2 1 0 -1 0 -1 -2 0 1 -1 -1 0 0 0 0 -2 0 -1 1 0 2 0 -1 0 0 -1 -1 0 1 0 16 0 1 -1 0 0 -1 0 -1 1 0 0 0 -1 -1 1 0 -1 0 1 0 -2 0 1 0 0 0 0 0 -1 3 1 1 0 -1 -1 1 0 0 0 0 -1 3 1 0 0 -1 -1 0 0 0 1 -1 0 -1 3 0 0 0 0 -1 0 1 -1 0 0 0 0 -1 -1 -1 0 -1 0 0 1 -1 -1 0 -1 -1 0 0 -1 0 0 -3 0 0 1 1 0 -2 1 0 0 0 -1 -1 0 -1 -1 2 0 0 0 1 -1 0 0 1 -2 0 2 1 1 0 0 -2 -1 0 -1 2 0 0 1 0 -2 1 0 0 -1 0 1 0 0 0 -1 0 -1 1 -1 0 0 1 0 0 -2 -1 0 0 0 0 0 -5 -1 1 0 1 0 0 -1 0 -1 0 0 0 -2 0 1 0 0 1 0 -1 0 0 0 -1 -1 0 0 -1 -1 0 1 0 1 0 1 1 -1 0 0 -2 1 0 -2 0 0 1 0 1 0 -1 1
1 0 0 -1 0 0 1 -1 0 -1 -1 0 -2 0 1 3 0 1 0 0 -1 1 1 1 0 1 -2 -2 -1 0 2 -1 1 -1 1 0 0 0 2 0 2 0 0 0 0 0 -1 1 0 -1 -1 -2 0 1 1 0 1 0 0 -2 -3 -1 0 0 2 0 1 0 2 0 1 0 0 -2 0 0 1 0 1 0 -1 0 1 0 2 0 0 0 1 -1 -2 0 -1 3 1 1 1 1 -2 0 0 1 2 0 1 -1 0 -1 -1 1 -1 0 0 -1 1 1 0 0 1 0 0 0 -2 0 2 1 -1 1 -1 0 -2 2 2 2 0 1 0 0 -1 -1 -1 -1 3 0 -1 0 0 -1 1 0 -1 1 -1 1 0 26 -1 1 0 0 2 0 0 -2 0 0 0 1 0 0 3 0 0 0 -1 0 2 -2 0 3 1 -1 -2 -1 0 -1 0 0 1 0 -1 1 0 0 1 -1 -1 1 1 1 0 -1 0 -1 -1 0 -2 1 0 0 1 -1 1 0 0 0 0 1 4 0 1 -1 1 -1 0 0 0 1 0 -1 1 1 -3 0 -2 2 0 1 -1 -2 -1 0 0 2 2 3 1 -1 0 1 -2 0 1 0 1 0 0 0 0 0 -1 0 -2 -1 -1 0 3 0 1 0 1 -2 0 0 0 0 0 2 1 0 0 0 -1 1 1 0 2 0 -1 0 3 0 1 0 0 -2 1 0 -1 1 -1 1 4 0 0 1 0 0 0 3 1 -1 -2 1 0 3 -1 0 1 0 -1 1 -1 -1 0 0 0 1 0 0 -1 0 -1 0 0 0 1 -1 -1 0 1 2 -2 0 -1 0 0 -1 2 1 -1 1 0 -1 5 2 0 0 -3 0
-1 -1 1 -1 0 0 0 0 1 0 0 0 1 0 0 1 -1 0 -1 1 1 0 1 0 1 1 0 -1 0 -1 -1 1 0 3 1 2 0 1 1 -1 1 0 0 2 1 1 1 1 0 -1 0 1 1 -1 0 0 0 0 0 1 0 -1 3 -1 -1 -1 2 -2 0 1 -1 0 1 0 2 0 0 0 -1 0 0 1 1 0 1 0 -1 -1 -1 2 0 1 -2 -3 -1 -2 0 0 0 0 1 1 1 0 3 0 2 0 0 1 0 1 1 0 0 1 0 0 0 1 0 -1 0 2 0 0 0 1 3 0 -1 1 -1 0 -1 0 0 0 -2 0 2 0 1 2 2 1 -1 2 0 1 2 0 2 2 1 -1 20 0 -2 0 -1 -1 -1 -2 1 0 1 1 1 2 0 0 0 0 1 0 1 -1 0 0 1 -1 0 2 0 1 0 0 -1 1 -1 1 1 0 2 1 1 1 0 1 0 0 1 0 0 0 -2 -1 1 0 0 -2 0 0 0 1 0 -3 0 1 -2 1 0 0 -1 0 0 0 0 1 0 -1 1 0 1 1 0 -1 2 -1 2 -1 -1 0 0 -1 1 0 0 0 1 0 -1 0 -1 0 -1 0 0 -2 0 -1 0 1 0 -1 1 -1 -1 0 -1 1 1 0 2 0 0 0 0 2 1 0 1 0 1 -3 0 0 -1 0 1 0 -3 0 -2 0 0 1 1 0 1 1 0 0 0 0 1 -1 0 1 0 0 0 0 0 0 0 1 0 -1 0 2 -2 0 1 0 -1 0 -1 1 0 2 -1 -1 0 0 -1 0 0 0 1 1 1 0 0 -1 0 0 1 0 0 -2 -1 0 1 0 1 0 0 0
-1 0 0 -2 2 1 -2 -1 0 0 1 0 2 0 0 2 1 0 2 1 0 2 0 1 -1 0 0 -1 1 0 1 0 0 0 1 0 1 0 -1 -1 -1 0 0 0 0 1 1 -1 0 0 -1 0 -1 1 0 0 0 0 0 0 1 1 5 1 0 0 0 0 0 1 1 0 0 0 0 0 -1 0 1 -1 2 0 1 0 0 1 0 1 0 2 1 1 1 0 -1 1 -1 -1 -2 -1 0 1 1 1 1 -1 0 0 0 1 2 1 0 1 0 0 2 0 1 0 0 -2 0 1 0 -1 1 2 0 1 1 -1 1 2 0 -1 -1 1 -1 1 0 0 2 -1 0 0 0 0 -1 0 3 0 0 2 -1 1 0 17 0 1 0 2 -2 1 0 0 0 0 0 -1 -1 0 -1 0 0 -1 1 -1 0 0 0 1 0 -2 1 1 0 -2 0 1 -2 0 0 0 2 0 1 1 0 0 0 0 0 -2 0 0 0 0 0 0 0 3 0 0 0 2 0 0 0 -2 0 1 1 -2 -1 0 -1 1 0 0 0 1 0 0 0 2 0 0 2 0 -1 0 0 0 1 0 0 -3 0 0 1 1 0 0 2 0 0 -1 0 0 1 1 1 0 0 0 1 1 0 1 0 -1 0 0 2 0 0 0 0 -1 0 0 1 0 -1 2 0 -1 1 0 1 0 1 0 -1 0 0 0 0 0 0 2 0 1 -1 0 1 0 0 0 2 0 -1 -1 0 0 0 1 0 -2 1 0 3 1 0 1 0 0 1 1 0 0 0 0 0 1 0 0 0 0 0 1 1 -1 0 0 -1 1 0 0 0 -2 1 0 0 -1 0 0 2 0
0 0 0 0 1 -1 0 0 0 4 0 0 0 -1 0 1 0 -1 -1 0 1 1 0 0 0 1 0 0 4 -1 0 1 1 0 -2 0 1 0 0 1 1 0 0 1 0 1 1 1 1 1 -1 0 1 0 0 1 1 0 0 0 -1 1 -1 -1 0 0 2 1 -1 -1 1 2 -1 0 0 0 0 -1 -1 0 2 -2 1 1 1 1 0 0 -1 2 1 0 0 1 -2 0 2 -1 0 -1 1 1 0 -1 0 -1 -1 0 0 0 -1 -3 1 -1 -1 1 0 -1 0 0 1 0 0 -1 -1 0 0 0 0 0 0 0 1 -1 0 0 -1 1 0 -1 0 0 0 2 0 0 -1 -1 1 1 0 0 1 1 0 0 -2 0 18 -1 -3 0 1 -1 0 0 0 -1 0 0 1 0 1 0 -1 2 2 0 -1 2 -1 -1 0 0 -1 -1 0 0 2 1 0 -2 0 -1 -1 1 0 -1 0 -1 0 0 -3 -1 2 1 -2 1 0 0 1 0 -1 1 1 0 0 1 0 0 -1 0 0 1 0 2 0 1 0 -1 -1 1 0 1 0 0 1 0 0 -1 0 -1 0 1 1 0 0 -1 0 0 1 0 0 3 0 0 0 -1 0 1 1 1 2 0 0 1 0 -1 0 0 1 0 0 -1 0 1 1 0 -1 0 1 0 -1 -2 1 1 0 2 1 0 1 0 1 0 0 1 0 0 -2 0 0 0 0 0 0 1 -1 0 0 2 0 -1 1 0 0 -1 -1 0 0 0 0 0 0 0 0 0 1 1 1 0 1 -2 2 0 0 0 0 1 0 0 0 0 0 0 0 -2 0 -1 -1 0 1 0 0 -1 0 1 -2 0 -1 1
0 -2 -1 0 -1 0 0 0 -1 1 1 1 0 1 0 1 -1 0 1 1 0 0 0 0 0 0 0 0 0 0 -1 0 0 -1 0 0 0 0 0 -1 1 0 0 1 0 0 0 1 2 1 0 -1 -1 -1 -2 0 0 -1 -1 0 -1 -1 1 0 1 1 0 0 0 -1 1 -1 2 2 -1 -1 -1 0 0 -1 0 0 0 1 0 -1 0 1 0 0 0 0 0 0 -1 0 0 0 2 2 1 0 0 1 0 0 0 0 -1 2 0 1 0 0 -1 0 1 1 0 -1 0 3 0 1 3 0 1 0 0 1 0 -2 0 0 0 2 0 1 0 3 0 2 0 0 1 0 1 0 0 2 0 2 -1 0 0 0 0 1 -1 13 1 0 0 0 2 0 0 -1 0 0 0 0 0 0 0 1 0 0 1 0 0 0 0 1 0 0 2 0 2 -1 -1 0 1 0 0 0 -1 1 0 0 1 -1 0 0 -2 0 1 0 -1 -1 0 1 1 -1 0 0 -1 0 0 0 0 -1 0 0 0 1 -1 0 0 0 -1 1 0 0 0 -1 0 2 0 -1 1 0 1 -2 0 0 0 0 -1 -1 0 0 1 -3 0 0 1 0 0 0 0 0 -1 2 0 2 -1 0 0 0 -1 1 0 0 0 0 0 1 -1 0 1 0 0 2 0 0 0 0 0 1 0 -1 0 0 1 0 -1 0 -2 0 0 0 0 0 0 0 0 0 0 0 0 0 -1 1 0 1 1 0 -1 0 -1 1 0 0 0 1 0 0 0 0 1 -1 -1 0 -1 0 1 1 0 1 -1 1 0 -1 0 1 0 0 1 0 0 0 2 1 0 -1 0 0 0 0
-1 -1 0 0 0 0 1 0 0 -1 -1 0 0 1 -1 1 -2 2 0 0 0 0 0 0 0 -1 0 0 2 1 1 -1 -1 0 1 -2 0 0 0 -1 -1 0 -1 -1 -1 0 -1 1 0 0 1 0 -1 0 0 1 -1 1 0 0 0 -1 0 0 0 1 0 -1 0 0 1 -1 0 0 0 0 2 1 0 0 -2 0 0 -1 0 0 0 0 0 0 0 0 0 0 1 0 0 0 -1 0 0 0 0 0 1 0 0 0 0 0 1 1 0 1 -1 0 0 0 1 -2 0 0 0 -1 1 0 0 1 0 1 0 -1 1 -2 1 1 0 0 0 1 0 0 -1 0 -1 0 0 0 -3 2 1 0 0 0 -1 2 -1 0 -3 1 16 0 0 1 3 0 -2 1 0 0 1 -1 1 0 0 0 -1 0 1 -1 0 0 0 0 0 0 0 0 0 0 0 0 1 -1 0 1 0 1 0 0 1 0 0 -1 0 0 1 1 -1 -1 0 0 0 1 0 1 0 0 1 1 3 1 -1 0 0 -1 1 0 1 0 0 0 0 -1 0 0 1 1 0 -1 0 1 0 1 0 1 0 1 0 0 0 2 0 -1 0 0 1 0 0 0 0 0 -1 0 0 -2 1 2 0 0 0 0 0 0 1 0 -2 1 1 0 1 0 0 0 2 0 1 0 1 1 2 0 0 0 0 0 0 0 0 0 0 0 0 1 0 0 0 0 0 0 1 0 -1 -1 0 3 0 0 0 1 1 0 0 0 0 0 0 1 0 0 -1 0 -2 -1 -2 0 1 0 0 0 1 0 0 0 0 0 0 0 1 0 0 0 3 0 0 1 2 0 -2 -1
0 0 0 -2 1 3 -2 1 0 0 1 1 1 0 -1 0 2 1 0 0 -3 1 3 0 1 0 1 -1 0 -2 0 0 0 -1 0 0 0 0 0 0 0 0 0 -1 3 1 1 0 0 2 1 0 -1 0 0 0 1 0 -1 0 0 1 1 0 1 0 1 -2 1 0 0 2 1 0 0 0 1 0 -1 0 0 0 3 1 0 -1 1 1 0 1 -1 2 -1 -2 1 -1 0 1 1 0 0 0 0 0 2 0 2 -1 1 1 -2 -1 -1 -1 1 0 1 1 0 1 0 -2 0 0 1 1 0 0 -2 -2 -1 0 0 0 1 -1 0 0 -1 0 0 -1 -1 -1 -2 0 -2 0 0 0 1 0 0 -1 0 0 -1 2 0 0 0 17 -1 -1 2 -1 0 0 1 1 2 0 0 0 0 0 -1 -2 0 0 -1 -1 0 0 0 0 1 0 1 0 0 0 0 1 -1 1 1 0 1 3 1 -2 1 0 0 0 1 0 0 1 -1 2 -1 1 0 -3 -2 0 0 -1 0 1 0 0 1 -2 0 0 0 -1 2 0 0 0 -1 0 1 0 0 0 0 -1 0 -1 1 0 -1 0 1 -1 0 2 1 1 2 0 0 0 -1 -2 0 0 0 0 0 0 0 0 1 0 1 -1 0 0 -1 1 1 0 -2 -2 0 -1 0 0 -1 -1 -1 0 0 -1 -1 1 1 0 0 -1 0 1 1 2 0 -1 -1 0 1 0 0 0 1 0 0 0 1 -1 0 2 1 0 -1 0 -1 1 3 0 0 0 2 1 -1 0 0 1 1 0 0 0 0 1 -1 2 -1 1 1 0 0 -1 1 1 0 0 -3 1 -1 0 0 -1 0 0 1 0
2 0 -1 0 -1 -1 0 0 0 0 1 1 0 1 -2 1 1 0 0 0 1 0 0 1 -1 0 1 0 0 -1 0 0 0 0 -1 0 -1 0 0 1 0 0 0 0 0 0 0 0 0 -1 0 0 -1 1 0 0 0 0 0 0 0 0 -2 0 1 2 0 0 1 1 0 1 -1 1 0 0 0 1 -1 0 -2 0 -1 0 -1 0 0 -1 0 0 0 -1 1 1 0 0 2 2 2 1 0 0 1 0 0 1 -1 0 0 0 0 0 0 0 -2 0 1 0 0 0 0 0 0 0 -1 0 0 0 0 0 -2 -1 -1 0 0 1 0 1 -1 0 1 0 0 0 -1 0 0 1 0 1 -2 1 0 1 -1 0 -1 -2 1 0 0 -1 13 -1 0 0 1 0 -1 -1 1 0 2 -1 0 0 0 1 0 -1 2 -1 0 0 0 -1 1 1 1 0 0 0 0 0 -2 1 -1 -1 0 -1 0 1 1 1 0 -1 0 1 -2 -1 1 0 1 0 1 -1 -1 -1 0 -1 0 0 0 0 -1 0 0 -1 0 -1 0 2 -1 1 1 -1 2 1 1 -1 0 1 0 0 -1 0 0 0 1 1 0 0 0 0 0 0 0 -1 1 -1 0 0 0 0 -1 0 0 -2 -1 1 0 0 0 1 -1 0 0 -1 0 0 0 0 0 0 -1 -1 0 0 -1 0 0 0 -1 0 -1 0 -1 0 0 0 -1 0 0 0 -1 1 0 1 2 1 0 0 0 0 0 0 0 0 0 1 -1 0 -1 0 0 0 -1 1 0 0 1 0 -1 0 -1 0 0 0 0 0 -1 0 0 0 0 2 0 0 0 0 0 2 1 1 -1 1 1 0 -2 2
-1 1 1 0 -1 0 0 1 0 -3 -1 -1 0 0 1 0 2 0 0 0 0 0 -1 -1 -1 0 1 -2 0 -1 0 0 -1 0 1 0 0 0 -2 -1 0 0 0 -1 -1 1 0 1 0 -1 0 -1 1 0 1 0 0 0 0 0 0 -1 2 1 1 1 -1 0 0 1 0 -1 1 0 1 0 0 0 1 0 -1 0 -1 0 0 0 1 -1 0 0 1 -2 1 -2 1 0 -1 -1 -2 -1 -1 0 0 0 -2 0 -3 0 -1 0 1 0 -1 1 0 0 0 -1 0 0 0 1 -1 0 0 0 -1 0 -1 1 0 0 0 0 0 0 1 0 0 -1 -3 0 0 -1 1 0 0 -1 -1 1 0 0 0 -1 1 -2 -2 1 -1 0 1 -1 -1 16 0 0 0 0 -1 0 0 0 0 0 0 0 0 1 0 -2 0 1 1 0 0 0 1 -1 0 -2 0 -1 -1 0 0 -1 0 0 -1 0 0 0 -1 0 -2 -1 0 1 -1 0 0 -1 0 -1 -1 2 2 0 0 0 0 0 0 0 1 0 0 0 0 1 0 0 1 0 1 -1 0 0 0 -1 0 0 0 0 0 1 1 0 0 1 0 0 0 -1 0 0 -1 0 0 1 0 -1 1 0 1 -1 0 2 1 -1 2 0 0 0 1 0 0 0 0 0 0 -1 -1 -3 0 1 1 1 1 0 -1 0 0 0 1 0 0 0 0 -1 1 1 -1 -1 0 0 0 0 -2 -1 0 0 -1 0 1 0 0 0 0 0 1 0 0 0 -1 1 -1 0 1 0 -1 0 1 1 1 1 0 0 0 -1 0 0 0 1 1 1 0 1 0 1 0 -2 -1 0 -2 -1 0 0 1 1
-1 0 1 0 -1 1 0 0 -1 1 1 -1 0 -2 1 1 -3 0 0 2 0 1 0 0 0 2 0 -1 1 -1 -1 0 0 -1 0 0 -1 0 0 1 0 2 1 0 0 3 0 0 1 1 2 2 -1 0 0 1 1 0 0 4 1 0 1 -1 -3 -1 1 -1 -2 -1 0 -1 1 2 0 1 2 -1 0 0 -1 -1 2 -2 0 1 1 1 0 0 3 0 -1 0 1 0 4 0 2 1 1 1 0 0 3 0 0 -1 1 3 2 0 1 -1 -1 1 4 0 0 -3 0 -1 1 -1 0 0 0 0 -1 0 0 1 0 -2 -1 0 0 1 0 1 2 0 -1 1 0 1 0 0 0 1 0 -1 -1 1 0 0 1 0 0 2 3 2 0 0 21 -1 1 0 0 0 3 1 2 0 0 1 0 0 1 3 -2 0 0 0 -1 0 0 0 0 -1 1 0 1 0 0 0 0 0 0 -2 1 0 1 -2 2 1 1 -1 -1 -1 0 -1 -1 -1 0 -1 -1 1 0 0 0 1 0 0 -1 2 0 0 -1 -2 1 0 0 -1 0 0 1 1 0 0 -1 -2 0 -1 0 0 0 1 2 0 0 3 0 0 0 0 -1 2 3 1 0 2 0 1 -1 -1 0 2 0 0 0 -1 0 0 0 0 2 0 0 -1 1 1 0 3 1 -1 0 2 0 1 1 0 1 0 2 -1 1 0 1 0 2 1 0 0 0 -1 0 0 -1 0 0 2 0 -1 0 0 -2 -1 0 0 -1 1 0 1 3 1 0 0 0 -1 0 -1 -1 -1 1 0 1 0 -1 -1 -1 1 1 1 0 0 0 0 0 0 -1 0 1 0 1 -1 2 1 -1 0
0 -1 0 -1 0 0 0 0 2 -1 0 0 0 1 -2 0 0 -1 0 0 1 -1 0 0 -1 0 1 0 0 0 0 1 0 0 0 0 0 0 -2 0 0 0 0 0 -1 1 -1 0 0 0 0 -1 1 1 0 0 -1 -2 1 0 0 0 -1 1 0 0 -1 3 -1 0 0 -1 1 0 1 -1 0 3 0 0 0 1 0 -1 0 -1 0 0 0 -1 0 0 0 0 1 0 -1 -1 0 0 0 -1 0 1 -1 -1 -1 0 1 1 -1 0 0 1 0 -1 0 0 0 0 0 -1 0 0 0 0 0 0 1 0 0 0 0 0 0 1 0 0 -1 0 0 -1 0 0 -1 0 1 0 -1 2 0 0 0 0 0 0 0 0 0 0 0 -1 0 0 -1 10 0 -1 0 2 0 0 0 -1 0 0 1 0 0 2 0 1 1 0 -1 0 0 0 0 0 0 0 1 0 1 0 2 0 0 0 0 0 0 0 1 0 0 0 1 0 1 0 0 -1 1 -1 0 -1 -1 0 0 -1 0 0 0 0 1 0 0 1 -1 0 0 -1 0 1 0 0 1 0 0 1 0 1 0 0 0 0 0 0 0 0 0 0 0 0 0 0 0 2 0 0 1 0 0 0 -1 0 0 0 0 0 0 0 0 -1 0 1 0 -1 0 0 1 -1 1 0 -1 -1 0 0 0 -1 0 1 0 0 1 0 0 -1 0 0 0 2 0 -1 0 0 1 0 -1 0 1 -1 0 0 2 0 0 -1 0 1 1 0 0 0 -1 -1 0 1 0 0 -2 -1 0 0 0 -1 0 0 0 0 0 -1 0 0 0 0 0 0 0 0 -1 -1 1 1 0 0 1 -1
0 1 -1 0 2 0 0 0 0 0 0 1 1 0 1 0 -1 -2 0 1 -1 -1 0 0 0 0 0 1 1 0 -2 2 0 1 0 1 0 0 0 1 0 1 0 0 2 1 0 0 0 -1 -1 0 0 0 1 1 0 0 1 2 -2 0 0 0 -1 0 1 1 0 0 -2 0 1 -1 0 1 -1 0 0 0 -1 0 2 1 0 0 0 -1 0 -1 0 -1 1 0 -1 0 0 1 1 0 1 2 1 1 1 0 0 0 0 -1 -1 0 0 0 1 1 0 0 2 -1 0 0 0 1 0 0 1 0 -1 2 -1 0 0 1 0 0 0 0 1 0 0 0 0 1 0 0 0 0 3 0 0 0 0 2 0 0 1 0 0 0 -2 0 1 0 1 0 14 0 0 0 -1 0 0 0 0 -1 0 0 -1 0 1 0 1 -1 -2 1 1 0 -1 0 0 1 -1 1 0 1 0 0 0 0 0 0 -1 0 0 -1 0 -1 0 0 0 0 0 0 0 0 -1 1 -1 0 0 0 0 1 0 0 0 0 0 1 1 0 0 0 0 0 1 -1 0 0 -1 -2 0 0 0 1 0 1 0 0 0 0 0 0 0 1 -1 1 -1 0 1 0 2 0 -1 0 0 -1 0 -1 1 2 -1 0 0 0 0 1 0 0 -1 0 0 -1 -1 -1 -1 1 1 0 0 0 1 1 0 -1 0 -2 0 0 1 0 -1 0 0 0 0 1 0 1 -2 0 1 1 -1 0 0 1 0 0 -1 -1 1 0 1 0 -1 0 0 -1 0 0 0 1 0 0 -2 -1 0 0 -1 1 -1 1 0 0 0 0 2 0 1 0 0 1 0 -1 1 1 -1 0
0 0 0 1 1 0 0 0 0 -1 3 1 0 0 -1 2 1 0 1 0 0 -1 0 -1 2 -1 0 0 1 1 0 -1 0 0 1 -1 -1 1 0 1 1 1 -1 -1 0 1 0 1 -1 2 -1 1 -1 1 1 -1 0 -1 -1 0 2 0 0 -2 0 0 2 0 0 0 0 -1 0 1 2 1 2 1 0 1 -1 0 1 -1 1 -2 0 0 1 -1 1 1 -1 0 0 1 0 0 0 -1 1 1 1 1 0 -1 2 -2 -1 1 -2 0 0 2 0 1 0 1 0 1 2 0 -1 -1 0 -1 -1 2 0 -2 -2 -1 -2 0 0 2 -1 -1 1 1 2 0 -1 2 0 -1 1 0 1 0 0 1 1 1 -1 1 1 0 -1 -1 1 0 0 0 0 -1 0 24 1 -1 1 0 0 1 -1 1 1 0 1 1 1 -1 0 -2 0 1 1 -2 -1 -2 0 1 -2 -1 2 0 0 -1 -1 0 0 -1 -2 -1 0 -2 0 0 0 0 1 0 -1 0 0 1 0 0 -2 1 1 1 -1 1 1 0 -1 -1 -1 -3 1 -1 1 0 0 0 2 1 -1 0 0 2 1 1 -2 0 0 -1 -3 0 2 0 1 -1 2 0 0 0 0 1 0 1 0 -1 0 -1 1 0 1 1 0 0 1 0 1 -1 2 1 0 1 0 0 -1 0 1 0 1 -2 1 -1 -1 2 1 0 -3 0 -1 1 3 -1 1 -1 0 -2 0 0 -1 1 -1 0 -2 0 0 1 0 0 -1 0 1 0 0 1 -2 0 0 0 0 0 -1 1 0 1 0 0 1 0 1 0 0 0 2 1 0 0 0 0 0 0 0 2 0 1 -1 -1 -1 1 1 2 0 -2
1 0 1 0 1 -2 -1 2 0 -1 0 1 0 -1 1 2 2 -1 -2 0 -1 0 1 0 1 0 0 -1 -1 2 2 2 1 0 0 -1 -1 1 1 1 0 0 1 1 1 1 0 0 0 0 0 0 0 0 0 1 0 -1 -1 -1 1 0 1 -1 -1 0 -1 1 -2 0 0 0 1 -2 0 0 2 0 -1 1 -1 0 1 0 -1 0 1 0 1 0 2 0 -1 0 3 -1 0 1 0 0 0 0 0 -1 0 0 4 1 0 1 2 0 2 3 0 0 1 0 1 -3 1 1 4 1 0 -2 0 0 1 0 -1 0 3 0 -1 0 -1 1 -2 3 0 1 -1 0 1 3 0 1 -2 0 1 -1 0 -1 -1 0 1 0 0 0 0 1 -1 -1 0 0 0 1 24 2 0 -1 -1 0 0 2 -2 -3 1 0 1 1 0 0 1 0 0 0 -4 2 0 1 -1 1 0 0 1 0 1 2 1 -1 0 1 1 0 -1 0 2 1 -3 0 -1 0 0 0 0 0 1 0 0 0 0 -1 2 2 -1 1 0 -2 2 1 0 0 0 2 0 0 0 -2 1 0 1 1 0 -2 -1 0 3 1 1 -1 2 0 -2 1 -1 2 0 1 -1 0 0 1 0 1 0 -1 1 1 0 2 1 -1 -1 0 -1 1 1 0 1 1 1 -2 0 2 -1 0 1 0 1 1 0 0 1 1 -1 -1 0 0 0 1 1 0 0 1 2 0 -2 3 1 2 -3 0 2 -2 -1 1 0 -1 1 0 0 -1 -1 0 1 0 0 0 1 1 1 2 0 1 0 0 -1 1 1 0 0 -1 -1 0 1 0 0 1 2 0 -2 1 -1 0 0 0 -2 0
-2 -1 0 0 0 -1 0 0 0 1 0 0 -1 0 -1 1 0 -1 1 0 -1 0 2 2 1 0 0 0 0 1 0 1 1 0 1 1 -1 -1 2 1 0 -1 0 0 0 0 1 0 0 -1 0 -4 0 -1 0 0 -1 -1 0 0 0 -1 0 1 0 -1 1 1 -2 0 0 0 2 -1 1 2 1 0 0 0 0 0 0 -1 0 1 0 0 -1 2 0 2 -1 -3 0 -1 0 0 0 0 1 1 0 0 2 0 -2 0 2 2 1 0 1 0 0 0 0 -1 1 2 0 -1 2 1 0 -1 0 -1 0 0 0 0 0 -1 0 0 1 0 1 0 0 0 0 0 1 0 0 0 -1 1 0 1 0 1 1 0 2 -1 0 0 0 1 -1 0 0 2 0 -1 2 15 0 0 0 0 0 2 0 0 -1 0 -1 2 1 0 -1 0 0 1 0 0 0 0 -1 1 0 0 1 0 0 -1 0 0 2 0 0 2 0 0 0 0 0 0 0 0 1 0 0 0 -1 1 0 -2 0 0 0 -1 -1 0 0 0 1 1 1 0 0 1 0 -1 0 0 0 0 0 1 1 0 0 -1 0 0 -1 1 0 0 -1 0 1 0 0 -1 0 1 0 0 0 -1 1 0 0 1 0 0 0 -1 0 0 0 2 -1 0 0 -2 0 0 1 0 -2 0 0 -1 0 1 0 1 1 -1 1 1 -1 -1 0 0 0 1 0 0 1 0 -2 -1 1 0 1 -1 0 0 1 0 0 0 0 0 0 0 1 0 -1 0 0 1 0 0 0 0 0 0 0 -1 0 0 0 0 1 0 0 0 1 -1 -1 0 0 -1 1 1 0 0 -1 0 1 -1
0 -1 1 0 -1 2 -1 1 0 0 1 1 -1 0 0 2 0 -1 1 0 2 2 1 1 0 1 0 0 2 1 0 -1 -2 -1 -1 -2 0 0 0 0 0 1 1 0 1 3 1 2 -1 2 2 1 0 1 -1 0 1 1 0 -2 -1 -1 0 2 0 1 2 -1 1 0 0 -1 -1 1 0 0 0 0 0 1 -1 0 2 -1 0 -1 1 3 0 -3 1 0 0 -2 2 -1 1 0 0 0 1 0 0 0 0 -1 1 -1 -1 -1 1 0 0 1 -1 -1 0 1 1 -2 1 0 2 0 -2 0 -1 0 -1 -1 0 0 1 0 0 -1 -1 0 -1 0 0 0 -1 2 0 1 -1 -1 -1 0 0 1 0 0 0 3 0 -1 1 0 1 2 1 0 3 0 -1 1 0 0 22 -1 3 1 1 1 -2 -1 1 3 1 -1 -1 0 0 1 1 -1 1 -1 -2 -1 0 1 2 0 -1 0 0 -1 0 0 0 -1 2 -3 0 0 0 0 0 0 1 0 1 0 -1 0 0 0 1 1 0 0 1 -1 1 -1 0 -2 0 2 0 0 0 1 -1 0 1 -1 -1 2 0 -1 1 0 0 0 2 -1 1 -1 -1 1 -1 0 0 0 0 1 2 0 -2 0 -2 0 -1 -1 0 0 0 0 -2 0 0 0 1 1 1 0 0 0 0 1 1 -1 0 0 2 0 0 1 2 1 1 0 0 0 1 0 -1 1 -1 -1 0 2 0 1 0 0 0 1 1 0 1 -1 -1 0 -1 0 -2 3 0 -1 1 0 0 1 0 1 1 -1 -1 0 -1 1 1 0 0 0 -1 0 0 -2 0 0 0 -1 0 1 -1 1 0 -1 -1 -1 2 1 1 0
-1 -1 -1 -1 0 0 0 0 0 0 1 0 1 -2 0 0 1 -2 0 1 1 -2 0 -1 0 1 1 -1 0 0 0 0 -1 1 -1 0 0 -1 1 1 -1 0 0 -1 0 0 0 1 0 0 0 0 -1 0 0 -1 1 0 2 -1 1 0 0 0 0 0 0 0 1 0 1 1 0 0 0 0 0 0 0 0 -1 0 0 2 0 0 -1 -1 0 2 0 0 2 0 -1 2 0 1 1 0 0 1 0 1 1 0 0 -1 0 1 0 -3 0 0 1 0 1 0 -3 -1 -1 0 -1 0 0 1 0 0 2 0 1 0 -1 0 0 1 -1 0 -1 -1 0 1 0 0 1 -1 0 0 -1 1 1 -1 -1 0 -1 0 0 0 0 0 -1 0 0 0 1 0 0 0 -1 0 -1 14 0 0 1 1 1 1 0 -1 0 0 0 1 0 0 0 0 1 2 0 0 -1 0 -1 -1 0 -1 0 0 -1 -1 1 0 0 0 1 0 1 0 0 0 0 0 1 1 1 1 -1 -1 -1 0 2 0 1 2 1 -2 -2 0 0 -1 0 0 -1 0 0 0 0 0 0 0 1 0 2 0 1 0 -1 0 -1 0 0 0 2 1 0 -1 0 1 -1 0 2 -1 0 1 0 0 0 0 0 -1 0 0 0 0 1 0 0 0 0 0 -1 0 0 1 0 -1 0 0 -1 -2 0 1 0 -1 1 0 -1 0 1 -1 -2 0 -1 1 0 0 0 0 1 0 -1 -2 0 2 0 0 1 0 0 1 0 0 2 0 0 1 1 -1 0 0 1 0 0 0 0 0 0 -1 0 1 -1 -2 0 -2 -1 -1 0 -1 0 1 0 -1 -1 0 0 -1 1 0
0 0 0 -1 -1 -1 1 -1 0 2 0 1 -1 1 0 3 0 -3 2 1 -1 -1 -1 1 -1 0 0 -1 1 1 0 1 0 0 -1 1 0 0 -1 0 2 1 0 0 0 0 3 -2 0 0 1 0 -1 1 -1 0 0 0 0 1 1 1 0 1 1 0 0 1 0 0 1 0 1 0 1 -2 -1 -1 0 0 -2 0 0 1 -2 0 0 0 -2 1 -2 1 1 0 3 0 3 0 1 0 0 0 -1 2 -1 -1 0 -1 -1 2 0 -1 1 1 1 0 0 1 0 1 0 -1 -1 0 1 1 -1 0 1 -2 2 0 -1 0 0 1 0 -1 1 2 1 -1 1 2 1 1 1 0 -2 0 0 0 0 0 0 0 0 -1 1 0 1 0 2 0 2 0 0 0 -1 0 3 0 26 -1 0 -1 2 2 0 0 1 2 1 2 0 0 2 1 0 0 0 -1 -1 1 -1 1 1 4 1 0 2 0 3 -1 0 0 -1 0 1 -1 0 0 0 0 4 1 -1 0 -1 1 1 0 0 -1 0 0 1 -2 0 1 1 0 1 0 0 -1 2 0 0 -3 0 0 0 0 1 2 2 2 1 0 1 0 3 3 -1 0 1 0 0 2 0 0 -1 0 0 0 2 1 0 -1 1 0 -1 -1 1 1 1 1 1 2 1 1 0 1 1 -2 0 0 -1 1 -2 1 0 1 1 -1 0 0 0 -1 1 0 0 1 0 2 -1 0 -1 0 0 1 1 -1 0 1 -1 0 0 0 1 0 -2 0 1 0 -1 0 -2 0 0 0 1 0 1 0 -1 0 1 0 1 1 0 1 0 0 0 0 0 2 0 -1 2 0 0 -1 0 -1 1 -1
0 -1 0 1 0 0 1 0 -1 0 1 0 1 0 0 0 1 0 0 1 0 0 0 0 1 1 3 0 0 1 2 0 0 1 0 0 2 -1 1 0 0 0 1 -1 0 0 1 1 -1 -1 1 2 0 1 0 0 2 0 0 1 -1 0 -1 2 0 0 0 0 0 0 0 1 0 0 1 0 0 0 0 1 0 0 1 0 -1 -1 -1 1 1 1 0 0 0 -1 1 0 -1 1 0 0 0 0 0 1 1 0 1 0 -1 0 1 0 0 0 1 0 0 0 0 1 0 2 0 1 0 0 1 0 0 0 1 -1 1 1 0 1 -1 0 2 0 -1 0 0 1 -1 1 0 -1 0 0 -2 -2 0 -1 1 0 0 0 0 0 0 0 -1 0 0 -1 0 1 0 0 1 0 -1 18 1 0 1 0 1 0 -1 -1 0 0 0 0 1 1 1 -1 0 0 -1 0 3 0 0 2 1 -1 -1 0 -1 1 -1 1 1 1 1 0 0 -1 0 2 1 0 0 -1 -1 0 0 3 0 0 -1 0 0 -1 0 4 0 1 -1 1 0 -2 1 0 0 0 -1 0 1 1 0 0 1 0 -2 1 -1 1 -1 -2 -1 -1 0 0 1 0 0 -1 0 0 1 -1 0 0 0 0 0 0 1 2 -1 0 -1 2 0 -1 0 -1 1 1 0 0 0 2 0 0 -1 0 0 -1 2 -1 0 1 0 0 0 0 -2 0 1 0 0 1 -2 0 1 -1 0 0 1 0 -1 1 1 0 0 0 0 0 0 -1 1 0 0 0 0 -1 0 0 0 1 0 1 1 -1 -1 0 2 -1 1 0 0 0 1 -1 0 1 1 1 1 0 1 0 1 0
0 -3 1 1 1 2 0 0 0 -1 0 1 -1 0 0 0 -1 1 2 0 0 -1 0 0 0 1 2 0 0 2 -1 2 0 -3 0 -1 3 0 1 0 1 -2 2 0 0 2 0 1 0 0 2 2 -1 0 -1 0 1 0 0 -1 1 0 -1 1 -1 0 0 -1 2 0 -1 0 0 1 -2 1 0 -1 0 1 1 0 2 0 2 0 1 -1 -1 0 2 -1 1 0 -1 0 -1 0 -1 -1 -1 1 -1 0 0 2 0 0 0 0 2 0 0 0 1 0 0 0 0 0 0 -1 0 0 -1 0 -1 0 2 -1 0 -2 2 0 0 2 0 2 0 -2 1 0 0 0 0 1 0 0 0 1 0 0 0 -2 0 -1 1 0 -1 0 0 0 0 0 0 0 0 -1 0 0 1 1 0 1 20 0 0 0 0 0 -1 2 0 0 2 0 0 0 0 2 0 -1 1 0 0 0 0 -1 1 -6 1 0 1 -1 1 -3 0 -2 1 -1 -1 -1 1 -1 1 -1 3 1 0 0 0 0 1 1 0 1 0 -1 0 0 0 1 -2 -1 2 0 -1 0 0 0 0 2 0 0 0 1 0 0 -1 1 0 1 0 -1 -1 0 -1 -1 2 0 0 0 0 1 0 0 1 0 0 1 0 0 -1 1 0 0 0 1 -1 3 0 0 0 -1 0 0 -1 -1 0 -1 -1 2 0 -1 1 0 1 0 3 -2 0 3 0 0 0 0 -1 0 -1 -3 0 0 -2 0 -1 0 1 0 0 1 0 0 0 -1 3 -1 -1 0 -1 1 0 0 -1 0 -1 0 -1 0 0 -1 1 0 1 0 0 -1 -1 -2 1 0 -1 1 0 -1 0 0 1 0 0 -1
0 0 0 1 1 0 0 0 0 0 1 0 1 0 1 0 2 1 1 2 0 2 1 -2 0 1 0 -1 2 1 -1 1 0 -1 0 -1 0 -1 0 -1 0 -1 0 0 0 1 1 1 0 0 0 0 -1 0 1 1 0 0 0 0 -1 0 0 0 0 0 1 -2 0 0 -1 1 0 1 -1 0 1 0 0 0 0 -1 1 -1 0 1 1 1 0 1 1 1 0 1 1 0 0 0 0 1 2 1 -1 1 0 0 0 -1 0 1 0 0 0 0 0 1 1 0 0 1 2 0 1 -1 2 0 0 0 0 1 1 1 1 0 0 0 0 1 0 0 0 1 0 1 0 1 0 0 -1 1 -1 -1 -1 -1 -2 0 0 -1 2 1 0 0 0 0 1 0 -1 1 2 2 1 1 -1 0 0 13 0 0 2 1 0 0 -1 0 0 0 0 0 0 0 1 0 0 -1 0 0 1 1 1 1 1 1 -1 -1 0 1 0 -1 0 1 0 1 1 0 -2 1 0 1 0 3 0 0 1 0 0 1 0 2 -1 -1 1 1 0 0 0 0 -1 0 0 1 1 0 0 1 -1 0 0 0 1 0 0 1 1 -1 -1 1 1 1 0 0 0 4 0 0 1 1 0 0 0 1 0 1 1 -1 0 1 1 1 0 0 0 -1 0 1 1 2 0 0 1 0 0 0 0 -1 0 1 0 0 0 0 -1 0 0 0 -1 0 0 0 1 0 1 0 0 0 0 1 0 0 0 0 0 1 1 0 0 -1 0 0 1 -1 0 -2 1 0 0 -1 -1 1 0 0 0 1 0 -1 0 1 1 0 0 -1 1 0 0 -1 1 1 0 1 2 0
0 0 1 2 0 1 0 -1 2 0 1 0 -1 1 0 1 1 -1 2 0 2 0 -1 1 0 -2 0 0 1 0 -1 0 1 -1 0 -1 0 1 1 1 0 1 -1 0 -2 0 -1 -1 1 -1 -1 0 0 1 3 1 -1 0 1 0 1 0 0 1 1 -2 0 2 -1 0 0 -1 0 1 0 0 1 0 -1 0 -1 0 -1 1 1 0 1 0 -2 1 0 1 -1 0 1 1 3 -3 -1 -1 0 1 0 -1 0 -2 2 0 1 1 1 0 0 2 4 0 0 0 -2 0 1 0 1 -1 0 0 -1 0 2 0 2 0 0 0 -2 4 -1 -1 0 0 0 0 1 1 -1 0 1 -1 0 0 1 -1 0 -2 0 2 1 1 2 0 -1 -1 0 0 0 1 0 1 -2 0 -2 1 2 1 0 0 27 2 0 1 1 -1 -1 0 -1 2 0 1 0 0 2 0 1 0 1 1 1 1 1 1 0 1 -1 -1 3 0 1 1 1 -1 1 1 1 0 1 0 -1 1 1 0 -1 0 0 1 0 2 2 1 0 3 0 2 -1 0 -1 -2 2 1 1 -3 0 0 0 1 0 -1 0 2 -1 0 1 1 0 -1 0 0 0 0 -2 -1 0 0 1 1 1 2 3 0 -1 -2 0 0 0 0 1 -1 3 2 0 1 -1 -1 -1 0 1 0 1 0 -1 1 0 -2 0 0 0 0 1 2 -1 0 -1 0 0 2 -1 1 0 0 -1 0 0 1 0 0 -1 1 0 0 0 -1 0 0 -1 -1 0 0 1 -1 1 0 1 0 1 -2 2 0 1 1 0 1 1 3 0 0 1 0 0 0 1 1 0 0 0 -1 3 0 -1 0 1 -1
-2 -2 0 1 0 0 1 -1 1 0 1 0 0 0 -1 0 0 0 0 -1 1 0 1 0 1 0 -1 0 -1 -1 0 1 0 0 0 0 -1 0 -1 0 1 1 1 -1 -2 0 2 0 0 -1 0 2 0 0 0 0 -1 0 1 -1 0 1 0 0 -1 0 1 -1 2 0 0 0 0 0 0 0 0 0 0 0 0 -1 -2 0 0 0 0 0 -1 0 -1 1 1 -2 0 1 0 0 0 0 -1 0 1 0 -1 0 -1 -1 0 0 0 -2 1 -1 0 0 0 0 -1 0 0 1 0 1 0 1 0 -1 -1 0 0 1 1 -1 0 2 0 0 2 -1 -1 1 -1 1 0 -2 0 0 1 0 -1 1 1 0 1 -2 -1 -1 0 0 0 -2 1 1 0 0 0 0 -3 0 -1 1 2 0 0 0 2 14 0 0 -1 1 0 0 0 1 0 1 3 0 1 0 -1 0 0 0 1 -1 -1 -2 0 1 0 0 0 0 0 0 0 -1 0 0 0 0 0 0 0 -1 0 0 0 1 0 0 0 0 0 -1 0 0 0 0 -1 0 1 -2 1 1 0 0 2 0 0 1 -1 0 0 2 0 0 0 0 -1 0 2 0 0 -1 0 0 0 0 1 0 0 0 0 1 -1 -1 1 0 1 1 0 0 0 0 -1 0 0 1 -2 0 0 0 0 0 -2 0 0 -1 0 0 0 0 0 1 0 0 0 0 -1 0 0 0 0 -1 0 1 0 -1 1 -2 -1 1 -1 0 -1 0 0 0 -1 0 0 0 0 0 2 -2 -1 0 0 1 1 1 -1 0 0 0 0 0 -1 0 1 0 -2 1 0 1 0 0 0 0 -1 1 0 0 0 0
1 1 0 2 -1 0 0 0 0 -1 0 0 0 0 0 0 0 -2 1 0 0 2 1 1 0 1 2 0 0 1 0 0 -1 0 0 0 1 0 0 0 1 -1 -1 0 0 1 0 1 0 2 0 1 0 0 0 -2 1 0 2 0 0 -2 0 -1 0 0 -1 0 0 0 0 0 0 0 -1 -2 0 1 -1 0 1 0 1 1 -1 1 -1 0 -1 -1 1 0 -1 0 0 0 0 -1 -1 0 1 0 0 0 -1 -1 1 0 0 0 -1 0 0 0 0 0 0 -1 0 1 0 1 1 1 -1 0 0 0 0 -1 0 0 1 1 0 0 0 0 0 1 0 0 -1 1 -1 0 0 1 -1 0 -1 1 0 0 0 0 0 0 -1 1 1 0 0 0 1 0 -1 1 1 -1 1 0 0 1 0 2 0 0 18 0 0 1 0 0 0 -1 1 -1 0 1 0 -1 -1 0 0 0 0 0 0 -2 0 -1 0 0 1 -2 0 1 1 0 0 -2 1 0 0 -1 0 0 0 0 0 0 -1 1 -1 0 0 0 -1 -1 -1 0 2 1 0 0 -1 -1 1 0 0 2 0 0 1 0 0 0 1 1 -1 -1 2 -1 1 0 1 1 -1 0 -1 0 -1 0 2 0 0 0 0 0 0 -1 0 0 0 0 0 2 0 -1 2 3 0 -1 0 0 0 1 -1 0 1 0 2 -1 0 -1 -1 0 -1 0 0 1 -1 1 1 0 0 1 0 1 1 0 0 -2 0 0 0 0 0 0 0 0 -1 -2 -1 0 1 0 3 0 -2 -2 0 0 0 0 -1 0 1 0 0 -1 1 0 0 2 -1 1 1 -1 -1 0 -1 0 1 2 0 1 0 0
0 0 1 -2 0 0 0 0 0 1 0 -1 1 0 1 1 0 0 2 1 -1 1 1 0 -1 1 0 0 1 -1 0 1 1 0 1 0 0 0 0 1 0 1 0 -1 0 2 -1 -2 0 0 1 1 0 2 -1 0 0 -2 -1 2 -1 2 -1 2 -3 1 1 0 0 0 0 -1 -1 1 0 0 0 0 0 1 2 0 1 1 0 0 0 1 0 -1 0 0 0 0 1 2 0 0 0 0 1 0 1 0 0 1 -1 0 1 0 0 0 0 -1 -1 0 0 1 0 1 -1 1 0 0 0 0 1 0 -1 0 0 0 2 1 0 2 0 0 0 0 0 -1 2 1 0 2 0 0 1 0 0 0 0 0 0 3 0 0 2 0 -1 0 -1 -2 3 2 0 1 0 0 3 -1 0 0 0 1 1 0 0 17 0 -1 -1 1 0 1 0 0 0 0 0 0 1 1 0 -1 2 -1 0 -2 0 0 1 0 2 0 -1 0 0 0 0 0 -1 1 0 0 -1 0 1 0 0 0 0 0 0 0 0 0 -1 -1 -1 0 -1 -1 0 2 1 0 0 0 0 1 0 0 0 0 0 0 1 1 0 0 -2 -1 -1 0 0 0 0 3 1 -1 0 0 -1 0 0 0 0 -1 0 0 0 0 0 -1 2 -1 1 0 1 -1 1 2 1 0 1 1 0 1 0 -1 1 0 1 0 0 2 1 1 -1 1 2 1 0 0 0 0 1 0 -1 -1 1 0 0 1 1 -1 0 0 0 0 0 0 0 1 0 0 0 2 1 -1 -1 0 0 -1 1 -1 1 0 0 0 1 0 0 0 0 0 0 0 0 -1 0 1 0 2 0 1 0 -1
-1 1 0 0 0 0 0 2 1 -3 -1 0 1 0 0 2 -1 1 0 1 0 1 0 -1 -1 0 0 1 0 -2 1 1 -1 0 0 0 0 0 0 0 0 1 0 0 1 0 0 1 0 -1 0 -2 0 0 0 0 -2 0 -1 2 0 0 -2 0 0 1 -1 -1 1 0 0 -1 0 -1 0 0 0 0 0 0 0 1 1 1 -1 -1 0 0 0 -1 0 0 2 2 -1 -1 1 0 -2 -1 1 1 2 0 0 0 0 1 0 0 0 2 -1 0 -1 1 0 0 -3 -1 2 2 0 0 1 1 0 1 1 -1 -1 2 0 3 1 -1 0 0 -2 1 1 1 0 -3 0 1 0 0 0 0 0 0 1 0 0 1 1 0 -1 0 0 -1 2 0 -2 0 1 1 1 -1 1 0 1 -1 -1 0 1 -1 0 0 19 0 0 0 1 0 0 -1 -2 0 0 0 1 1 -1 -1 0 1 0 1 -1 0 2 -2 -1 -1 -1 1 0 1 -1 1 0 -1 0 1 1 0 -1 0 0 0 0 0 2 0 -1 0 -2 1 -1 2 0 0 0 1 2 0 1 -1 -1 1 0 2 -1 0 0 0 -1 0 0 0 -1 0 0 0 0 0 0 1 0 0 1 -1 0 -1 -2 -1 1 0 -1 -1 -2 2 -1 0 0 0 2 2 -1 0 -1 2 -4 -1 1 0 -1 -1 2 1 0 0 0 1 -1 -2 1 -2 0 -1 1 0 0 2 0 1 1 0 0 1 0 0 1 -1 1 0 -1 0 0 1 0 1 -2 1 -2 0 0 0 1 0 0 1 0 0 -1 0 1 1 0 -1 -1 0 -1 2 2 1 0 2 1 -1 -1 2 0 0 2 0 0 1
0 -2 0 0 1 -1 -1 0 -2 0 1 1 -1 1 0 0 -2 0 1 0 -2 0 1 0 0 0 0 0 1 -1 1 2 -1 2 0 1 -1 1 1 2 0 -1 0 -1 0 1 0 -1 0 0 -2 -1 0 0 0 1 -1 0 0 0 0 2 0 2 -1 -1 0 2 -1 0 -2 -1 1 -1 1 0 1 0 0 -3 0 0 0 0 0 0 1 -2 -2 3 -1 0 0 -2 -1 0 0 0 0 2 0 0 -1 -1 0 0 -1 -1 0 2 0 -1 -1 1 0 0 -1 -1 0 0 1 -2 0 0 0 0 1 0 1 0 0 0 1 0 -1 1 1 -1 1 0 -1 1 -1 -2 0 0 1 0 0 0 2 0 1 -1 0 -1 -1 1 -1 0 0 -1 -1 1 0 1 0 -1 1 2 -1 0 2 -1 2 0 -1 1 1 -1 0 23 1 0 -1 0 0 -1 -1 1 0 0 -1 -1 0 0 0 0 0 0 0 -1 2 0 0 -1 1 -1 0 -1 -1 2 0 -2 0 0 1 1 -2 0 1 -1 0 -1 -1 -1 -3 -1 0 0 0 0 0 0 -1 -1 -2 0 0 -1 0 3 1 1 -2 -2 -1 1 0 0 0 2 0 1 -2 0 -1 0 0 -1 -1 -1 2 1 0 -2 0 -1 0 2 2 0 -1 0 0 0 -2 1 0 0 0 0 0 -1 0 1 -3 -1 -2 0 -1 2 1 2 3 0 1 0 1 1 0 0 -1 0 0 -1 0 0 -2 -1 -1 0 0 -1 0 0 1 0 0 0 0 -1 0 0 2 0 0 -1 -1 1 0 0 0 2 2 -3 1 0 0 0 2 0 -2 0 1 0 0 2 0 0 1 1 -3 0 -1 -1 0 0 2 1
-1 1 -2 0 0 0 0 0 0 0 0 0 0 0 -1 0 0 0 -1 -1 0 0 0 -1 0 0 -1 0 0 0 0 1 0 -1 1 0 -1 0 0 0 1 1 0 0 -1 -1 0 -1 -1 1 0 0 0 0 0 1 0 0 0 2 -1 1 1 1 -2 0 0 1 -1 0 0 0 1 -1 1 0 -1 0 0 0 -1 1 0 -2 1 0 0 0 0 0 2 0 -1 0 -1 0 0 -1 0 0 -1 0 0 0 -2 1 0 1 0 2 0 0 -1 0 0 -2 0 0 -2 0 0 0 0 1 0 0 0 0 0 0 0 1 -1 1 1 0 0 1 0 2 0 0 1 0 0 0 0 0 0 0 0 0 0 1 0 -2 0 0 0 0 0 0 0 1 0 1 1 0 0 1 -1 0 1 0 0 -1 -1 0 0 -1 0 1 12 1 -1 0 0 0 -1 -1 -1 0 -1 0 0 1 1 -1 -1 0 0 0 0 0 0 0 1 1 0 0 0 0 1 0 2 0 0 0 -1 0 -1 0 0 0 0 1 0 0 0 1 0 -1 0 0 2 0 1 0 0 1 0 0 0 0 0 -1 0 0 0 0 0 0 1 0 0 0 0 0 0 0 0 -2 0 -1 -1 -1 1 1 0 0 0 0 0 -1 0 0 0 0 0 -1 0 0 -1 1 1 -1 -2 0 0 0 -1 0 0 2 1 0 -1 -1 0 0 1 -1 0 -1 0 0 0 0 0 0 0 -1 0 1 0 -1 0 0 0 0 1 0 1 0 0 0 0 0 0 2 0 0 1 0 -1 0 0 0 0 0 0 0 0 0 0 0 0 0 1 0 0 1 0 0 0 0 0 0 1 1
0 0 -1 0 -1 0 1 0 0 0 1 -2 1 -1 -1 1 0 1 1 0 0 -2 0 1 2 0 0 1 -3 0 -1 -1 0 2 0 -1 0 0 0 0 1 1 0 0 -1 0 -1 -1 0 1 1 0 1 -1 0 0 0 -2 -1 0 -1 1 0 2 0 0 0 0 -1 1 0 -2 0 0 1 -1 0 -1 -1 0 0 -1 0 0 0 1 0 2 0 1 -1 0 0 0 1 0 -1 1 1 0 -1 -1 -1 0 -1 0 0 0 0 0 1 0 0 0 0 -1 -1 0 -1 4 0 1 0 1 2 0 0 0 0 0 1 0 1 -1 0 1 0 0 0 1 0 1 1 1 3 0 -1 1 1 0 0 -2 0 -1 -1 -1 2 -2 0 1 0 0 0 0 0 0 -1 -2 0 0 0 1 2 0 0 0 0 0 0 1 0 0 1 15 -4 -1 -1 0 1 -1 0 -1 0 0 -1 -2 0 1 0 0 2 2 1 0 -2 0 -1 0 1 -1 0 -2 1 0 1 0 0 0 -1 1 0 0 1 0 1 0 1 -1 -1 0 -1 -1 0 0 1 0 -1 0 0 0 1 0 -1 -1 2 -1 0 0 0 -1 -1 0 1 0 0 0 0 0 0 1 0 0 1 1 0 3 -1 -1 1 -1 0 -1 1 -1 0 0 -1 -1 1 -1 0 0 0 0 0 0 -2 1 -2 0 0 0 0 0 1 1 1 -1 1 1 1 0 0 -1 0 0 -1 0 0 0 1 0 1 0 0 0 -1 1 0 0 0 1 -1 0 0 1 0 0 -1 -1 0 -1 0 0 0 0 0 0 0 0 0 -2 0 1 0 0 0 1 1 0 0 1 0 1 1 0 0 1 0 0
0 0 0 1 -3 0 -1 -1 -1 0 0 -1 -1 -3 -1 1 1 0 2 -1 2 6 1 0 0 -1 0 -1 1 1 1 -2 0 -1 0 1 1 -1 0 0 0 -3 1 0 0 0 1 1 1 -1 1 -1 0 0 0 0 1 2 -1 2 1 0 0 -1 -1 0 -1 -3 0 0 0 1 -1 0 -2 -1 -1 0 0 1 0 0 0 0 1 0 0 -1 0 0 -1 -1 1 1 1 0 2 -1 -1 0 -1 0 2 0 0 1 1 -1 0 0 -2 -1 0 0 -1 -1 -1 0 0 -5 0 1 1 1 -2 -3 0 0 0 -2 -1 0 0 -1 1 1 0 1 0 -1 -1 0 1 -1 -1 1 1 1 1 0 -1 -2 -1 1 3 0 0 1 -1 0 0 0 0 0 -1 -1 -2 0 1 -1 0 0 0 0 2 0 -1 0 0 0 1 -1 -1 -4 23 0 1 -1 1 1 0 0 -1 1 0 -1 -1 0 1 2 -3 0 -1 1 4 -1 1 -1 0 -1 0 1 0 0 -3 0 1 1 0 1 0 1 -1 1 0 0 0 0 1 -2 0 0 0 0 0 0 0 0 1 -1 -3 1 -1 0 1 -2 0 -2 -2 2 2 0 0 -1 -2 0 0 0 2 -1 0 3 0 -1 0 -1 3 2 -1 0 0 0 -2 0 1 0 0 -2 0 1 0 2 -1 0 -1 2 1 0 1 0 0 0 0 -2 0 1 -2 1 1 -1 0 0 0 1 0 1 1 0 0 0 1 1 -1 1 0 0 2 0 0 -2 -1 -1 0 1 -1 0 -1 0 0 -1 0 3 0 0 0 0 -2 0 1 0 0 3 0 0 0 -1 0 -1 -3 0 -1 0 1 0 -2 0 1 -2 -1 0
0 1 0 0 -1 0 -1 0 0 0 0 2 0 -1 -1 0 0 0 0 0 0 0 2 -1 0 -1 0 0 2 1 0 -1 0 1 -1 0 1 0 0 0 -2 1 0 0 1 0 3 -1 0 0 0 0 0 0 0 0 0 0 0 1 0 0 2 0 -1 0 1 1 0 0 0 0 1 0 0 0 1 0 0 0 -1 0 0 0 1 0 0 0 0 0 1 0 0 0 0 0 0 1 0 0 0 1 0 0 1 1 0 0 -1 0 0 1 0 0 0 0 1 1 1 -1 0 -2 1 0 0 0 0 0 0 0 0 0 0 2 0 1 -1 0 0 1 -1 0 0 1 0 0 0 -1 0 0 1 2 1 1 1 -1 1 1 -1 0 0 0 -1 0 0 0 1 1 0 0 1 0 0 0 0 0 2 1 -1 1 0 0 0 -1 0 11 0 0 -2 0 0 1 0 0 0 0 1 0 0 1 0 0 -1 0 0 0 0 0 0 0 -1 1 1 0 0 0 0 -1 0 -2 0 0 1 0 0 0 -1 1 0 0 1 1 0 0 0 0 1 0 -1 0 1 0 0 1 0 -1 0 1 -1 0 0 0 1 0 -1 0 0 2 -1 -1 2 -1 0 0 0 -1 1 0 0 0 0 0 0 0 0 0 1 0 -1 1 0 0 0 -1 0 0 1 0 0 0 0 0 0 0 -1 0 1 0 2 0 -1 -1 -1 0 0 0 0 -1 0 1 0 2 0 -1 0 0 0 0 0 0 0 -1 1 0 0 1 1 -2 0 0 0 1 2 0 0 1 -2 1 0 0 1 2 0 0 1 0 1 0 0 1 0 0 0 1 0 0 1 0 1 -1
0 0 0 0 0 0 2 -1 0 0 0 2 -2 0 0 0 1 -1 0 0 0 0 -1 1 1 0 1 0 1 0 0 0 -1 -1 0 0 -1 0 0 1 0 1 -1 -1 2 -1 2 0 0 -3 -1 -1 0 0 0 -1 1 -1 -1 0 1 1 0 -1 0 0 0 0 0 -1 0 0 0 1 0 0 0 -1 0 0 0 -1 2 2 -1 0 -1 1 0 0 1 1 2 -1 1 0 -2 0 -1 1 0 1 2 0 1 0 0 0 -2 -2 0 0 0 -1 0 0 1 0 2 0 0 -2 -2 -1 0 0 1 0 0 -1 -1 -1 0 0 0 3 0 -1 -1 1 -1 2 1 0 0 2 0 0 -1 0 -1 1 -2 0 1 0 0 0 0 2 0 1 1 1 0 0 1 1 0 0 1 0 2 1 0 0 0 0 1 0 0 0 0 -1 1 0 16 0 -1 0 0 1 0 0 2 0 0 1 0 -1 1 -2 1 0 -1 -1 0 1 0 -1 5 0 0 -2 1 0 1 -1 0 0 0 1 1 1 -1 0 1 0 0 1 0 2 0 0 0 -1 0 0 1 -2 0 -1 0 0 -2 -1 0 0 -1 1 0 0 -2 1 1 1 1 -1 0 0 0 0 -3 -1 2 0 0 -1 0 1 0 1 -1 0 1 -1 1 2 -2 0 0 0 0 -1 -2 0 1 1 0 0 0 2 -1 -1 0 0 1 -1 0 0 1 1 0 1 -1 1 0 0 -1 0 -1 -1 1 0 0 0 -1 -1 1 1 0 1 -1 -1 -1 0 3 0 0 -1 0 -1 0 1 -1 0 -1 -1 4 0 -2 -1 0 0 0 1 0 1 0 0 -1 0 2 0 0 -1 -1 1 0 -1
0 1 0 -1 1 0 2 0 -1 1 -1 1 -1 1 0 0 -1 -1 0 0 1 -2 1 -1 1 0 0 1 0 3 -1 0 0 -1 0 0 0 0 0 -2 1 1 0 0 0 0 0 -1 0 0 0 -1 0 -2 0 0 1 0 0 0 -1 1 -1 1 0 0 0 2 0 -2 2 1 0 0 0 -1 0 0 0 0 1 -1 1 1 0 -1 -2 0 2 -1 -1 0 0 1 0 0 -1 5 2 1 0 0 0 1 0 1 -1 0 0 0 0 2 0 0 1 0 1 0 1 2 -2 1 1 -1 -1 -2 0 -1 -1 0 0 0 2 -1 0 1 0 0 1 0 -1 0 0 3 -1 0 1 1 0 0 1 0 -1 0 0 0 0 -2 0 0 0 0 1 -1 0 0 0 -2 0 1 -1 0 1 1 0 0 1 1 -1 0 -1 -1 0 0 -1 0 0 16 0 1 0 0 2 0 0 -1 0 0 1 1 0 0 2 0 0 -1 1 0 -1 0 0 1 -1 0 1 0 0 -2 3 1 1 0 -2 0 -3 0 0 0 1 0 0 0 0 1 0 0 0 0 0 0 1 -2 0 1 0 0 0 0 0 1 2 -1 -1 0 -1 0 0 0 0 0 1 0 -1 0 -1 0 0 -1 0 0 1 0 2 0 -1 0 0 0 0 -1 0 -2 0 -1 -1 -1 1 0 -2 0 0 0 -2 0 0 0 -1 1 -2 0 -1 -1 0 0 2 1 0 -1 1 0 0 0 0 0 0 1 0 0 2 0 -1 0 0 1 0 -2 0 1 -1 0 0 -1 0 -1 2 1 0 -1 0 0 0 0 -1 0 0 0 0 0 0 1 -1 2 1 0 0 1 -2 0 -1 -1
0 -5 0 -2 -1 0 0 -2 -1 0 0 -1 0 1 -1 0 -1 1 0 -2 0 -3 0 1 0 0 0 1 0 -3 0 -1 0 0 0 0 1 -1 0 0 0 -1 0 -1 0 1 0 0 0 -1 1 0 0 0 0 0 0 0 -1 -1 0 0 -1 0 0 -1 1 -1 -1 -2 0 1 -1 0 0 -1 0 1 0 0 0 0 -1 0 0 0 -1 -2 0 0 -1 1 0 -3 1 0 0 1 -2 0 1 -1 0 0 0 -1 1 -2 -2 0 1 -3 0 -2 0 -1 -3 0 0 1 -1 0 -2 0 0 0 0 -1 -1 0 2 0 -1 -1 1 0 0 2 0 0 0 1 0 0 0 -3 1 1 1 0 0 0 0 1 -1 1 -1 0 2 2 0 1 1 0 0 0 -1 -1 -4 0 1 1 0 1 0 0 0 3 0 0 -2 -1 -1 1 1 -2 -1 0 19 1 0 -1 2 0 -2 -1 1 0 0 -1 0 -2 1 0 0 1 0 0 0 0 0 -1 0 0 1 -1 0 0 -1 2 0 0 0 1 0 0 0 -1 0 0 -1 2 0 0 0 0 2 0 0 0 0 0 0 -2 0 1 1 0 1 -1 0 1 1 -1 1 0 0 0 0 0 -1 0 0 1 0 1 -2 1 0 0 1 0 0 1 0 1 -1 -2 0 0 -1 0 -2 1 1 0 0 1 -2 0 2 -1 -1 0 0 1 -1 1 -1 1 -1 0 0 0 3 0 0 -1 1 0 0 0 -1 -1 -2 2 1 0 0 0 -1 0 0 0 0 0 -1 1 0 2 1 -2 -1 1 0 0 2 1 0 1 0 0 1 -1 0 0 -1 0 0 0 -1 0 1 0 0 2 0 -1 -1 2
1 -1 2 0 0 -2 -2 1 0 0 -1 0 -2 -1 0 0 -1 0 -1 0 0 0 1 -1 0 1 1 0 0 0 0 0 0 1 0 0 0 0 1 0 1 -1 0 0 1 0 -1 -1 1 -1 1 -1 1 0 0 -2 0 -1 0 0 1 0 0 -2 0 0 0 -1 0 0 1 1 0 0 -1 3 1 0 0 0 1 0 1 0 -1 -1 0 -1 0 0 2 0 0 0 -1 0 0 1 -1 0 0 1 1 -1 1 1 0 2 0 1 0 0 0 0 1 0 0 0 0 1 -2 -1 0 -1 1 1 -1 -1 0 2 -1 0 -1 0 -1 -1 0 0 -1 0 1 0 1 -1 -1 -1 0 0 -1 0 1 0 1 2 -1 0 1 1 1 -1 0 0 0 -2 -1 0 0 -2 2 0 -1 2 0 -1 2 0 0 0 1 0 0 1 -1 -1 1 0 0 1 1 19 0 0 -1 0 0 1 0 1 1 3 1 -1 1 -1 2 1 1 0 2 0 0 0 0 0 1 0 1 0 2 0 0 -3 1 -1 0 1 0 -1 0 -2 0 0 0 0 0 0 -1 0 0 0 -2 -2 1 -1 0 -1 -1 0 0 1 0 0 -1 -1 -1 0 -1 0 0 0 0 1 -1 0 0 -1 1 -1 0 0 0 -1 -1 0 0 1 1 1 0 1 0 0 1 -1 0 1 0 0 0 0 2 0 0 0 -2 1 0 0 0 0 0 1 0 0 -1 0 1 -2 1 1 1 0 0 -1 0 0 1 1 1 -1 0 1 -2 0 1 1 0 0 1 0 0 0 -1 0 -1 0 2 3 0 0 -1 1 -1 0 -1 -2 -1 0 -1 3 0 -1 1 -1 -1 0 1 -3 0 1
0 0 -1 0 -1 0 -1 0 0 0 0 -1 1 1 0 -1 0 0 0 0 0 -1 -1 0 1 1 0 1 0 -2 0 0 0 0 1 0 0 -1 -1 0 -1 1 0 -1 0 0 -1 -1 1 -1 -1 0 1 0 1 0 -1 0 0 1 1 0 -2 0 1 -1 0 0 0 0 0 -1 0 1 -2 0 1 0 -1 1 1 0 0 1 -1 0 0 0 -1 1 1 -1 1 -1 1 0 2 0 0 1 0 1 -1 -1 1 0 0 0 0 -1 1 0 0 0 0 0 -1 0 0 0 0 -1 1 0 1 -1 -1 0 0 0 1 2 0 -2 -1 0 0 -1 1 -1 0 0 -1 0 0 0 0 0 1 0 -1 0 -1 0 1 -1 -1 -2 0 -1 0 0 0 0 1 0 0 0 0 0 -2 0 0 0 0 1 2 1 0 0 0 0 -1 0 0 0 0 0 0 0 12 0 1 -1 -1 0 2 -1 0 -1 0 0 0 0 0 -1 2 0 0 1 0 1 0 -1 0 0 0 1 0 1 0 0 0 0 0 0 0 0 0 -1 0 0 0 0 -1 0 1 1 0 -1 -3 0 -1 -1 -1 0 0 1 -1 0 0 0 0 0 0 0 0 0 1 0 -1 2 1 1 0 1 0 0 0 -1 -1 0 1 0 -1 0 0 1 0 -1 0 0 1 0 0 -1 1 1 1 0 0 0 1 -1 1 0 0 -1 1 0 1 0 0 1 0 0 0 1 -2 1 -1 1 2 0 0 1 1 0 1 0 0 0 1 1 1 -2 0 0 1 0 0 0 -1 -1 2 0 -1 0 0 0 0 0 0 1 0 0 0 0 0 0 0 0 0 0 0 0 -1 1 0 -1
0 -1 0 1 0 -1 0 -1 0 -1 0 1 0 0 0 0 0 -1 0 1 0 0 2 0 0 0 -1 1 -1 0 -1 1 3 0 0 0 0 0 -1 0 0 0 1 0 0 0 0 0 2 -2 -1 0 0 -1 1 -1 0 -1 0 0 1 0 1 -1 0 0 0 0 0 -1 0 0 0 -1 0 0 -1 0 0 0 0 0 0 -1 0 0 0 0 0 0 0 0 0 0 1 1 0 1 1 -1 0 0 0 0 0 2 0 -1 0 0 0 1 0 0 0 1 0 0 0 0 0 -1 0 -1 0 0 1 1 -1 -2 0 1 1 0 0 0 0 0 1 -1 0 0 0 0 0 0 0 1 1 -2 0 -1 0 0 0 1 1 0 -2 0 0 0 0 -1 0 0 1 1 1 0 -1 0 -1 0 -1 0 0 0 -1 0 0 0 0 -1 0 1 1 0 -1 0 0 10 0 0 1 0 0 3 1 2 0 -1 -1 0 0 3 1 0 1 0 -1 0 0 0 0 0 0 0 0 0 0 1 0 -1 0 0 -1 1 -1 0 0 0 0 0 0 0 1 1 -1 0 -1 0 0 0 -1 0 -1 2 1 0 0 -1 0 0 -1 0 0 2 -1 -1 0 0 0 -1 -3 1 0 1 0 1 -1 1 0 0 0 0 -1 0 0 0 0 0 0 0 0 0 1 -1 -1 0 0 0 0 0 0 0 0 0 1 2 -1 0 -1 0 0 0 2 0 1 0 0 1 0 0 1 0 1 -1 -1 0 0 0 0 0 0 0 0 0 -1 0 0 1 1 0 0 0 0 0 0 0 0 1 -1 0 0 -2 0 0 -1 0 1 2 -1 0 1 -1 0 1 0 0
0 -2 -2 -3 0 2 0 0 0 -1 -1 -1 0 2 0 -2 0 0 -1 1 1 -2 0 1 -1 0 0 -1 0 1 -2 -1 0 0 0 0 0 1 0 2 0 0 -1 0 1 -1 -2 0 0 2 2 2 0 1 1 2 0 0 0 -1 -1 1 0 0 0 -1 2 0 0 -1 -2 1 0 1 0 0 0 0 -1 -1 0 0 -2 3 0 0 -2 0 2 0 0 1 -1 3 1 0 1 -1 0 1 1 0 1 0 3 2 1 0 1 2 1 2 1 0 0 0 3 0 -2 0 2 0 0 0 0 0 -1 0 1 0 -1 0 1 -1 -1 -1 1 0 1 0 4 0 0 0 0 -1 0 0 0 1 3 0 -1 -2 0 0 1 0 0 1 1 0 0 -1 1 1 -1 -2 -1 -1 0 -1 -1 -1 1 0 1 -1 -1 1 1 -1 -1 0 -1 0 0 2 2 -1 1 0 24 -1 0 1 1 1 1 0 0 -1 3 0 0 0 0 0 0 0 0 -1 0 0 -1 0 -1 1 0 1 -1 -1 0 0 0 0 1 2 0 0 0 1 1 0 0 1 1 0 1 1 1 -1 0 -1 -1 3 -1 0 1 0 0 -1 -2 -1 -2 0 0 1 0 1 1 4 0 2 0 1 -2 0 -1 0 0 0 2 1 -1 0 0 -1 0 0 1 -1 1 0 -2 0 0 0 -1 -2 0 -1 0 1 -1 0 -2 0 -3 1 0 0 1 1 1 -1 0 0 1 0 0 1 1 0 -1 0 1 0 -1 0 -1 0 -1 0 1 0 0 -1 0 2 1 -1 0 -2 1 2 1 0 1 0 3 0 1 0 -1 1 0 0 0 1 0 0 0 0 -1 0 1 0 0 1
0 0 0 0 0 0 0 0 0 0 0 0 3 1 0 2 -1 -2 0 0 0 1 1 0 -1 0 0 1 -1 -1 1 0 0 1 0 0 0 -1 0 0 0 1 2 0 1 -1 -1 -2 1 0 1 0 -1 0 -1 0 0 -1 1 0 0 0 -1 1 0 0 1 1 0 0 -1 0 0 -2 1 0 1 0 1 -1 -1 -1 0 1 -1 1 0 1 0 0 0 0 0 0 0 0 0 0 0 -1 0 -1 0 0 1 0 0 1 1 0 0 0 0 0 1 0 -1 0 1 0 -1 0 0 1 0 0 0 0 0 0 1 0 0 -1 0 0 1 0 0 1 -1 0 0 0 1 0 0 0 0 0 0 0 0 0 0 0 0 0 -1 0 -1 1 0 0 0 0 1 -1 1 1 1 0 1 0 0 -1 0 0 0 1 1 -1 0 0 1 0 0 0 0 0 -1 0 -1 14 0 -2 0 2 0 0 0 0 -1 -1 -1 1 0 1 0 0 0 0 0 -1 -1 0 -1 0 -1 0 0 0 0 0 1 0 0 1 0 0 1 0 0 -1 0 1 0 -1 0 -1 0 1 0 1 2 0 1 0 3 0 1 0 0 0 1 0 0 -1 0 1 0 -1 0 1 0 0 0 1 1 -1 -1 -1 -1 -1 1 0 0 0 0 0 2 0 1 -1 1 2 0 0 0 -1 0 -1 1 -1 1 0 0 -1 0 0 0 0 0 0 0 1 0 0 0 1 0 0 0 0 0 -1 0 1 -1 0 0 -1 0 0 0 0 -1 -1 0 0 1 1 -1 0 1 0 0 0 0 0 0 0 1 1 0 -1 0 0 0 0 0 -1 -1 2 -1 1 0 0 1 0
0 2 0 1 0 1 2 0 -1 -1 1 2 -2 0 -1 1 0 -1 1 -2 -1 0 1 -1 2 0 1 -1 1 0 0 0 0 0 0 1 0 -1 1 -2 0 -2 -1 1 0 0 0 1 0 0 -1 -1 -1 1 0 0 0 -1 1 0 1 -1 2 0 0 0 1 0 1 -1 -1 -1 1 -1 0 -2 -2 1 2 -1 3 0 1 0 0 0 -1 3 0 0 -1 -1 0 -1 -1 1 -1 1 -1 0 0 -2 0 0 -1 0 0 0 1 1 -1 0 1 -2 1 0 2 1 0 1 2 2 0 0 0 0 1 0 0 0 0 0 0 0 0 1 -1 -1 0 -1 0 1 1 2 -1 1 -1 -1 0 1 0 -1 -2 0 0 1 2 2 -1 0 0 -1 -2 0 0 1 0 2 0 0 2 -1 -1 3 0 0 1 0 0 0 -1 0 0 -1 0 0 2 0 -2 0 -1 1 0 0 22 0 1 2 -1 1 0 0 1 0 1 0 -1 0 1 0 0 -1 0 1 0 0 1 -1 -1 2 -2 0 0 0 1 1 0 0 0 0 0 1 1 0 0 0 -3 1 0 0 1 0 2 0 -3 1 -1 -1 1 0 2 0 1 -1 0 0 -1 0 0 0 1 0 -1 -2 1 -1 -1 1 -1 1 0 1 0 0 -1 1 -1 2 -2 0 -1 1 0 -1 0 1 1 -1 0 0 0 -1 2 1 0 0 0 0 -1 1 -1 0 -1 0 -1 1 0 -1 -1 0 0 0 1 0 0 0 0 0 1 0 0 0 -1 0 0 0 -1 1 0 -2 -1 0 0 0 0 1 -2 0 1 -2 2 2 1 0 0 0 0 0 0 1 0 1 -1 0 0 0 0 -1 0 0
0 0 0 0 1 0 1 0 0 -1 1 1 0 -1 -2 -1 0 1 0 0 0 0 1 0 -1 0 2 0 0 1 0 1 0 0 -1 0 1 0 1 0 0 0 0 2 -1 0 0 0 0 2 0 0 0 -1 -1 0 1 0 0 1 1 0 0 0 -1 0 1 0 0 -1 0 2 0 0 0 1 0 1 0 1 0 3 -1 -1 0 0 -1 -1 0 1 -1 1 -1 0 0 0 1 -1 1 0 1 0 0 0 2 0 3 0 0 1 0 -1 0 0 2 3 1 0 0 0 2 -1 0 1 2 3 0 0 2 1 0 -1 -3 0 0 0 0 0 0 1 1 0 0 2 -1 0 0 0 1 0 0 0 1 0 -1 -1 1 0 1 0 1 1 1 -1 0 0 1 0 0 0 0 -1 1 0 0 0 1 0 0 -1 -1 0 1 -2 -1 0 0 -1 -1 1 0 0 1 -2 0 16 1 1 0 2 1 -1 -1 2 3 0 1 0 1 0 0 0 0 0 0 1 -3 3 0 0 0 0 0 0 1 0 0 -1 1 0 0 1 1 1 1 0 0 0 -1 0 0 0 0 1 0 0 0 0 0 0 1 1 0 0 -1 0 0 0 0 -1 1 1 -2 0 2 0 2 0 0 0 0 0 1 0 0 1 1 1 0 1 0 1 1 0 -1 0 0 1 -1 1 -2 0 0 0 0 -1 -1 1 -1 -1 0 0 1 -1 0 1 1 0 0 1 1 0 0 0 0 2 -1 0 -1 0 0 1 -1 1 0 -1 1 -1 1 1 0 -1 0 -1 0 1 0 3 0 1 0 1 0 -2 0 1 0 2 0 0 -1 2 1 -2 0 0 0 0 0 1
-1 0 1 -1 0 1 2 0 -1 0 0 0 1 2 0 1 0 0 -1 -1 1 0 -1 1 -1 0 1 -1 0 0 1 2 0 0 0 0 0 0 -1 -2 0 0 -1 -1 0 0 1 0 0 1 -1 0 0 1 0 0 -1 1 0 1 1 0 0 0 -1 -1 1 3 0 1 -1 0 1 0 0 1 0 1 1 0 1 -1 0 1 0 1 -1 1 0 3 -1 0 0 0 0 1 2 0 2 -1 0 0 -1 -1 0 1 0 -1 1 0 0 0 0 0 0 0 0 1 0 0 0 -3 0 -1 3 1 1 0 0 1 0 1 0 0 0 0 -1 -1 1 0 1 2 1 0 0 0 2 0 -1 0 0 0 -2 0 3 -1 1 1 0 -1 0 1 -1 0 0 2 0 0 1 1 -1 0 1 0 0 1 1 1 0 2 0 0 1 0 -1 1 0 0 1 0 2 0 1 0 1 1 19 -1 0 -2 0 0 2 1 2 1 1 0 0 0 0 2 0 0 3 0 0 1 -1 1 0 -1 -1 0 0 0 0 0 0 -2 0 1 0 1 -1 2 2 0 -1 0 -2 0 1 1 -3 1 0 0 0 -1 0 1 0 1 0 0 -1 0 1 0 2 0 0 0 3 0 -1 0 0 -1 1 0 1 -1 0 0 0 0 -1 0 -1 0 0 -1 1 0 -1 1 2 0 0 0 0 0 0 0 -1 0 0 0 0 -1 0 2 1 1 0 0 0 0 2 0 -1 -1 0 1 3 1 -1 -1 0 1 2 1 0 -1 1 1 0 1 1 2 0 0 0 0 0 0 1 1 1 -1 0 0 1 1 0 0 0 1 2 1 0 0 0 1 0 0 1 0
0 0 0 1 0 -1 0 -1 0 1 0 0 0 0 0 -1 0 1 2 2 0 1 0 0 -2 0 -1 0 -2 0 0 0 2 2 1 0 0 0 0 0 2 0 1 1 -2 0 -2 0 0 0 0 -1 0 -2 1 0 -1 -1 0 0 0 0 -1 1 -1 -1 1 0 1 1 -1 0 2 -1 0 -1 -1 0 0 -2 -1 -1 -1 1 -1 -1 -1 -1 0 2 -2 0 -1 1 1 2 0 0 -2 0 2 -1 1 0 1 0 1 1 0 1 1 -1 0 0 2 2 0 0 0 1 -2 0 0 -1 0 0 0 0 1 0 1 0 1 0 0 -1 1 0 -1 0 0 0 -2 0 1 0 0 0 -1 0 1 -1 0 -2 1 1 1 1 -1 1 1 0 -1 0 0 0 0 -1 0 0 0 -1 4 2 -1 1 1 -1 0 -1 1 0 -1 1 0 0 1 0 0 1 -1 3 1 2 2 1 -1 21 0 1 1 1 0 -2 0 1 0 -1 3 2 0 -1 0 -1 -1 0 2 0 0 -1 0 0 0 -2 0 0 -1 0 -1 2 0 0 1 0 0 -1 -2 1 -1 0 -1 0 1 0 0 0 1 -1 1 0 1 0 1 -1 -1 0 3 0 0 0 1 0 -1 0 -2 0 0 2 2 1 0 1 -2 -1 0 1 3 3 0 1 0 -1 3 0 0 0 0 0 1 1 -1 0 0 0 -1 0 0 0 0 1 1 0 0 0 -1 0 -1 0 -1 0 -1 0 -1 -1 0 0 -1 0 -1 1 0 0 -1 -1 -1 0 0 -1 -2 1 0 -2 1 -1 1 1 0 0 0 0 0 3 -1 1 0 0 0 2 0 4 -1 0 1 0 1 -1 0 0 0 0
0 0 0 0 2 0 0 0 -1 0 -1 0 -1 3 0 0 0 1 -2 -1 0 1 0 1 0 1 0 0 -1 0 1 0 0 0 0 0 0 -1 0 -1 0 0 1 0 -1 1 1 0 1 0 0 1 1 -1 2 0 1 0 -1 0 0 1 0 -1 1 2 1 -1 0 0 0 1 1 2 0 1 0 2 -1 1 -1 0 1 1 1 -1 0 1 -1 0 0 2 0 1 2 0 3 0 4 1 -1 0 0 0 2 0 0 1 -1 -1 0 0 -1 1 1 -1 0 1 0 2 2 -2 0 0 -1 0 1 0 0 -1 0 -2 1 1 -2 0 0 0 -1 2 0 -1 0 0 5 1 -1 0 0 0 1 -1 0 1 0 1 0 0 0 0 0 1 0 -1 0 0 0 -1 1 0 0 0 1 1 1 1 1 -1 0 0 0 0 -1 0 1 0 0 1 0 1 0 1 1 0 -1 0 0 0 19 1 1 0 2 2 0 2 1 -2 1 0 0 0 1 -1 0 0 -1 0 1 0 1 0 0 0 -1 0 -1 0 0 0 0 0 1 0 0 1 1 0 1 0 0 2 -1 0 0 -2 -1 1 0 0 -1 0 0 0 -1 -2 -1 0 0 0 1 4 0 -2 -1 2 1 0 0 1 2 0 0 0 0 0 0 -1 0 2 -1 0 -1 0 -1 1 0 0 -1 0 0 -1 0 -1 1 0 2 0 3 -1 -1 1 0 -2 0 0 0 0 1 1 0 1 0 0 1 0 2 3 -1 0 0 -1 0 -1 0 -2 -1 0 -1 0 0 0 1 0 1 0 1 1 0 0 -1 0 0 -1 -1 1 0 -1 0 1 1 1 0 1 4 0 0 0 1 -2
0 0 1 -3 2 0 2 0 -2 -1 0 0 0 -2 1 1 -1 1 -1 1 0 -1 0 -1 1 -3 -1 1 -4 1 -2 1 0 4 0 0 -1 0 0 0 1 0 -1 1 -1 -1 0 -1 0 -1 0 0 1 -1 1 1 2 1 -1 1 0 1 1 0 2 0 -1 -1 0 -1 1 0 1 1 2 1 0 1 2 -3 0 0 -1 0 -1 -1 1 2 2 0 -2 0 2 2 1 -5 -1 1 2 0 0 0 1 0 -2 0 2 0 -1 -2 -2 -1 -3 0 2 0 1 -1 0 -1 3 1 -1 0 3 2 -1 0 -2 1 2 2 -1 0 0 -3 0 -1 -2 -1 0 -2 -1 0 -1 -1 0 1 0 -1 0 0 0 -2 0 1 1 0 -1 0 0 3 -1 0 -2 0 0 0 2 -1 -1 0 0 -1 -6 1 1 -2 -2 -2 1 0 0 0 2 1 -1 1 -1 3 -1 2 0 0 1 2 -2 1 1 32 -1 -2 0 1 0 0 1 2 2 1 -1 0 0 2 -1 1 -2 0 0 0 0 0 0 -1 2 1 1 0 1 3 -1 0 0 0 1 0 0 0 0 1 -1 -4 0 -1 -2 -1 2 1 -1 -1 1 0 1 1 0 0 0 1 -3 1 0 -1 0 0 -1 0 -1 1 -1 -2 2 -1 -1 1 0 1 0 1 1 -1 0 -2 0 -1 0 2 1 -1 0 1 1 0 0 2 -1 1 -1 1 0 2 0 -2 -1 -2 -2 -1 1 0 2 3 0 1 0 -1 2 1 -1 0 1 -1 0 1 -2 0 -2 0 0 -1 -3 -2 -1 1 3 1 0 -1 1 3 -2 0 1 4 -2 0 0 0 -1 0 -1 1 0 0 1 -4 -1 1 0 -2 1 0
0 0 1 0 2 0 1 0 1 -1 0 1 -1 1 0 0 -1 1 1 0 -1 -1 1 1 0 0 0 2 0 0 0 1 1 0 1 -1 3 0 0 1 1 0 0 0 0 0 0 0 1 0 0 1 2 -1 0 1 0 -1 0 0 0 0 1 0 0 1 0 0 -1 0 0 -1 0 1 0 -1 0 1 0 0 -1 -1 1 -1 0 1 0 1 -1 0 -1 0 0 0 4 -1 0 0 0 1 -1 1 1 -1 0 2 1 0 0 0 1 1 -1 1 0 -1 1 0 0 2 1 -2 0 1 1 0 1 0 0 -1 0 -1 0 0 0 0 0 0 0 1 -1 0 0 1 2 0 1 0 0 2 0 1 2 -1 -1 0 0 0 0 1 1 1 0 0 1 0 0 0 1 0 0 -1 2 -1 1 1 0 0 0 0 -1 0 0 2 -3 0 1 0 0 1 0 0 0 0 0 1 0 1 1 -1 16 0 0 0 -1 0 1 -1 0 0 0 -1 -1 0 2 1 -2 -1 0 -1 0 2 0 1 -2 2 0 0 1 0 0 0 -1 0 0 1 0 0 0 0 2 -1 0 0 -1 -1 0 0 2 0 1 1 1 -1 0 0 -1 1 -1 0 -1 0 0 0 0 0 2 1 0 -1 2 0 1 -1 0 0 1 0 0 0 0 0 0 0 0 -1 0 1 -1 -1 1 2 1 0 0 1 1 0 1 1 0 1 1 0 0 0 -1 0 2 0 0 0 0 0 0 -1 1 -1 0 1 0 -1 0 -1 -4 0 0 -1 -1 -1 0 -1 -1 1 0 -1 -1 0 1 2 0 -1 0 0 0 2 0 1 2 1 1 0 1 1 0 0 1 1 1 0
0 2 0 1 0 0 0 0 0 0 1 -1 1 1 0 0 0 2 -1 -1 1 2 0 -1 0 0 -1 0 2 0 0 0 0 1 0 0 0 0 0 0 0 0 0 -1 -2 1 0 0 0 1 2 1 0 0 0 1 0 0 -1 2 -1 0 0 1 0 0 0 0 1 2 0 0 -1 0 0 0 1 -1 0 0 0 0 -1 1 0 0 1 1 0 0 0 0 0 0 0 1 0 -1 0 0 0 1 0 0 0 0 0 1 1 0 0 0 0 1 -1 0 0 0 0 0 0 0 1 0 0 -1 0 1 0 0 -1 0 -1 0 1 0 0 -1 0 0 0 0 -1 0 2 -1 0 0 0 0 -1 1 0 0 -1 -1 0 0 0 -1 0 -2 1 0 0 0 0 -1 -1 0 0 -1 0 0 0 1 1 1 -1 0 0 -1 0 2 0 0 -2 0 -2 -1 0 -1 -1 0 0 -1 0 1 0 -2 0 12 0 -1 0 0 0 -1 -1 -1 0 -1 1 0 -1 0 0 0 0 -1 0 -1 0 0 1 0 0 0 0 0 1 -1 1 -1 0 0 -1 0 0 0 1 -1 0 3 1 0 0 0 1 0 0 0 0 0 0 0 1 0 0 0 0 -1 1 0 0 0 1 0 0 -1 0 0 0 -1 0 1 1 0 1 0 0 0 0 -1 0 1 -1 1 0 0 -2 0 0 0 -1 1 0 0 0 -1 0 2 0 0 -1 0 -1 1 1 0 1 1 0 1 0 1 -1 1 0 0 0 0 -1 1 -1 0 0 0 -1 -1 0 0 0 -1 0 1 0 -1 0 0 0 -1 0 0 0 0 0 0 0 0 0 1 1 1 0 0 0 0 2 0
1 2 2 -1 0 0 1 -1 -1 2 -2 0 -1 2 -1 1 -1 1 1 1 -2 1 3 1 1 -1 0 0 -1 -1 0 3 0 2 -1 0 1 2 -1 0 0 -1 0 1 0 1 0 0 1 0 1 -1 0 1 -2 0 0 0 0 -1 1 0 1 2 -1 -1 0 1 1 0 0 1 1 0 0 0 1 -1 1 -1 0 -1 2 2 -2 0 1 0 0 0 0 0 0 0 0 0 3 0 0 0 0 0 0 1 1 2 1 0 0 2 0 0 0 1 0 0 0 0 0 -1 -2 -3 0 0 0 1 1 -1 2 2 -1 0 -1 0 0 0 0 -2 -1 0 3 1 1 -1 1 -1 -1 1 0 0 -1 1 -3 -1 0 0 1 0 -3 0 0 1 1 -1 1 0 -1 -2 0 2 0 1 3 -1 1 -1 -1 0 0 1 2 2 0 1 -1 -1 1 2 1 1 0 -1 3 -1 1 -1 2 0 2 0 0 0 26 0 1 0 0 0 0 -1 0 0 1 -2 2 1 0 1 0 -2 -2 -3 -1 0 0 0 1 -1 0 0 1 1 0 0 0 3 -1 0 0 -1 1 -1 0 -1 -2 -1 2 0 1 0 0 1 -1 3 0 0 -2 1 2 1 0 0 -2 0 2 -1 1 0 0 -1 0 -1 0 0 1 0 2 1 -1 0 -1 1 0 -2 -1 0 -1 -1 0 1 1 2 -1 1 -1 -1 -1 0 1 1 1 0 0 0 2 0 0 -1 3 2 0 1 0 -3 -1 1 2 0 1 0 -2 0 -2 0 1 3 0 1 -1 1 1 0 -1 0 1 1 0 -1 -1 0 0 1 0 0 0 1 0 0 0 3 -1 0 2 1 1 0 1 1 -1 1
-1 0 0 0 1 -1 0 1 -1 -1 0 0 0 1 -2 0 2 1 -2 -2 1 0 0 0 0 -1 0 0 -4 2 -1 1 1 0 -1 0 1 1 0 1 0 0 -1 1 0 -1 0 0 -1 3 -1 0 0 -1 -1 0 1 0 1 1 -1 0 1 0 -1 2 -1 0 0 1 -1 1 -1 -1 0 2 0 1 0 0 0 0 0 0 1 0 -2 -1 1 0 -2 0 -1 -1 -1 0 2 0 0 0 -1 -1 1 -1 0 1 -1 0 0 0 -1 0 0 0 0 1 0 0 0 2 -1 -1 1 1 -1 1 0 0 -1 -1 -1 0 -3 0 0 1 0 0 2 0 -1 0 0 -1 -1 2 0 1 1 1 0 0 -1 0 0 -1 0 -2 -1 0 -1 0 1 0 -2 0 0 -1 1 0 -1 0 -1 1 -1 -1 -1 0 0 0 -2 0 0 0 1 0 0 0 0 -1 0 0 0 -1 0 2 1 -2 2 1 0 -1 0 16 1 1 1 1 0 0 0 0 0 1 2 0 0 -1 1 1 0 0 0 0 1 -1 2 -2 1 0 0 0 0 1 0 0 1 0 0 0 0 1 0 -1 0 -1 0 1 -2 2 0 0 1 1 -1 0 1 -2 0 -1 0 0 0 0 1 0 0 -1 -1 1 2 0 0 1 0 0 -1 0 -1 0 1 -2 -1 0 0 0 0 0 -1 -1 1 0 0 0 0 -2 1 0 0 0 -2 -1 0 -3 1 0 0 -1 2 1 1 -2 0 1 0 -1 0 0 -1 0 1 0 0 -1 -1 -1 0 -1 1 1 -1 1 0 0 0 0 0 1 1 0 0 -1 0 0 0 1 1 0 -1 0 1 3 -1 1 -1 0 0 -1 1 1
-1 1 1 1 0 -1 0 0 2 1 1 -1 1 -1 1 1 0 0 0 0 2 2 1 1 1 0 0 1 1 1 1 0 4 0 -2 2 1 -1 2 0 1 0 1 2 0 1 1 1 1 2 0 3 0 0 0 0 1 1 1 1 1 0 0 -1 -1 1 0 0 0 0 0 0 0 1 0 3 0 0 0 1 0 0 1 1 0 -2 0 1 -1 -1 1 1 -1 0 0 1 1 -1 0 -2 -3 2 1 -1 0 1 0 -1 1 1 -1 0 1 -1 0 2 1 -1 0 -2 1 -2 2 -2 -2 2 0 0 -1 1 0 0 -1 1 0 1 0 1 0 1 -1 -1 0 -1 0 0 0 1 0 2 -1 -1 0 1 0 -1 0 0 2 -2 0 0 0 -2 2 1 0 0 1 0 2 0 0 -1 1 0 3 0 1 2 -1 0 0 -2 4 0 -1 0 0 2 0 0 0 -1 1 3 2 0 0 0 -1 0 1 1 29 -1 0 -2 1 0 0 -2 0 1 0 -1 2 2 1 -1 0 0 1 -1 0 0 -1 -2 -1 -1 -1 1 1 -1 0 0 0 0 -2 0 -2 -2 -1 2 1 -1 1 1 2 0 2 1 -1 0 -2 1 0 0 -1 2 2 -1 0 0 1 0 1 3 0 -2 0 1 -2 0 1 0 0 2 1 0 -1 1 -1 1 1 0 1 2 3 0 -1 1 1 1 2 -1 -2 0 0 0 1 3 0 1 1 0 1 0 1 2 1 1 1 0 -4 1 -1 0 -1 0 0 0 -1 -1 0 -1 1 1 0 3 0 0 2 0 3 1 2 2 0 0 0 2 1 -2 0 1 0 -3 -2 0 -1 0 0 1 2 1 -1 0 -1 1
0 -2 -1 -1 0 -2 0 0 -1 0 0 0 1 -1 0 1 0 2 -1 -1 -1 1 1 0 0 0 2 0 0 0 1 0 5 1 0 0 -1 0 0 -1 0 0 -1 -1 -1 -1 1 0 2 -3 0 -1 0 -3 1 0 0 0 0 1 0 0 0 0 0 0 1 1 0 -1 1 0 0 0 1 1 1 0 -1 -1 0 0 -4 -1 -1 0 -2 -1 0 1 2 0 -1 1 0 2 1 -2 -1 2 1 -1 -1 0 -1 2 0 -1 0 2 0 0 1 0 0 2 0 0 0 1 1 -1 0 0 -2 0 2 -1 0 -1 1 1 -2 1 0 -1 0 0 0 0 0 -1 1 1 0 -1 0 0 0 -1 0 -2 1 0 1 0 0 0 1 0 0 0 -1 -1 1 0 -1 -2 0 2 -3 0 0 1 -3 1 0 0 -2 0 -1 -1 0 0 -1 0 -1 -1 1 1 -1 3 0 1 0 0 1 1 2 0 0 0 0 1 -1 26 0 0 0 0 -2 3 0 0 -2 0 0 -1 1 0 0 0 0 -1 -1 -1 -2 1 -2 -2 0 -1 -1 -1 0 0 0 -1 -3 0 -2 -2 -1 -1 1 1 -2 0 1 -3 -4 2 1 -1 0 0 1 -2 -1 1 1 1 1 -1 1 1 0 3 0 1 1 0 2 0 0 1 0 -1 -1 -1 -1 -2 -1 0 2 -1 2 1 0 2 0 0 0 -1 1 0 -1 1 -1 -1 -1 -1 0 1 1 -1 1 -1 2 0 2 -1 -1 0 1 2 2 0 -1 -1 0 0 0 1 0 0 1 0 2 0 0 1 0 -1 -2 0 1 0 1 -1 -1 1 0 -1 0 -2 1 -1 -2 0 1 1 2 0 3 0 1 0 0 0
0 0 0 0 0 1 -2 0 -2 -1 1 0 2 1 -1 -1 -1 0 0 -1 1 -1 0 -1 0 1 1 1 1 1 0 0 0 0 0 -1 -1 1 -1 1 0 0 0 1 0 1 0 0 0 0 0 0 0 1 0 1 1 -1 0 2 2 2 0 1 0 1 0 1 1 0 0 -1 0 0 -1 1 0 0 0 0 0 1 1 -1 0 -1 0 1 0 0 1 0 1 0 1 0 0 0 0 0 0 0 0 -1 0 1 -1 2 0 -2 0 1 -1 0 0 0 0 0 -2 -1 0 -1 0 0 1 0 1 0 -1 0 0 1 0 0 -1 0 0 0 3 1 0 1 -1 -1 0 0 1 1 0 0 0 0 -2 -1 -1 -2 -2 0 -2 1 1 1 0 0 1 0 0 0 -1 0 0 1 -1 1 0 0 1 0 0 -1 -1 1 1 -1 1 0 0 1 0 1 2 1 0 0 -1 1 1 0 1 1 1 0 0 1 0 0 13 0 -1 0 0 2 0 0 1 1 1 3 -2 1 2 0 0 0 0 1 0 -1 0 0 0 0 0 0 0 0 0 0 -1 0 0 0 0 -1 -2 0 0 1 0 0 1 0 1 -2 0 0 0 1 0 -2 0 1 -1 0 -1 0 0 1 0 0 0 -2 0 -1 0 0 1 0 1 -2 0 1 0 1 -1 0 0 0 1 0 -1 0 0 0 0 0 -1 1 -1 1 0 0 -1 2 0 -1 1 0 1 0 0 1 1 0 0 0 1 1 -1 0 -1 1 1 0 0 -1 1 0 0 -1 0 2 -1 0 0 0 -1 1 0 0 0 1 0 1 -1 1 0 0 0 0 0 1 1 1 -1 0 1 0 0 0
0 -1 0 -1 0 -1 0 0 -1 1 -1 -1 -1 0 0 2 0 -1 0 0 0 0 -2 1 0 0 1 0 -2 0 1 0 0 0 0 0 1 0 -1 0 0 0 1 1 0 -1 0 -1 0 1 -1 -1 -1 0 0 0 0 0 4 0 -1 0 0 0 0 0 1 0 -1 0 0 -1 -1 0 0 0 1 0 0 -1 0 0 2 1 1 -1 0 -1 1 1 1 0 0 0 1 0 1 1 -3 0 -1 0 -1 0 -1 1 -1 -1 -1 0 0 -1 0 0 0 0 -1 0 0 0 0 1 1 0 0 0 0 2 1 0 0 1 0 0 0 0 0 -1 0 0 0 0 3 0 -2 0 0 0 -1 -1 -2 0 0 1 0 1 -1 0 1 0 1 0 1 1 -1 0 -1 0 0 0 0 0 0 1 -2 -1 1 0 1 0 1 -1 1 0 -1 0 1 0 0 0 0 0 0 1 0 0 0 -1 -2 2 -1 -1 0 1 -2 0 0 17 0 0 0 1 0 -1 0 0 -1 -1 1 1 0 0 1 0 2 0 0 -2 0 2 0 0 0 3 0 0 1 2 -1 -1 0 1 2 0 -1 1 -1 0 1 1 0 0 0 1 0 0 -1 -1 0 1 0 1 1 -1 -1 0 -1 0 0 -1 0 -2 1 0 0 0 -1 0 -1 0 1 -1 0 -1 1 1 1 2 0 1 2 -4 0 -1 1 -1 0 2 0 1 1 1 0 0 0 -1 0 0 0 1 0 0 -1 0 0 -1 -1 0 0 1 0 1 0 1 1 1 2 0 1 1 1 0 0 0 1 0 -1 0 1 0 -2 -1 0 1 0 0 -1 1 0 -1 0 -1 0 0 -1 1 0 0 0 0
1 0 3 1 1 0 1 1 0 0 0 -1 1 0 0 -1 1 0 -1 1 2 -1 0 0 0 1 1 1 -1 0 0 0 0 1 0 1 0 0 -1 0 0 -1 1 0 -1 0 1 -2 0 0 0 0 0 1 0 0 0 0 2 0 0 2 3 -1 0 -2 -1 0 -1 -1 0 -1 -1 1 0 0 0 0 -2 0 1 2 -1 -1 1 0 0 1 0 1 -1 3 0 0 1 -1 -1 -2 0 1 1 0 0 1 -1 0 2 -1 -1 0 0 -1 1 0 3 2 1 2 0 1 -1 1 1 0 2 1 0 0 2 2 0 -1 0 1 0 0 0 0 0 1 0 0 -1 0 1 0 0 0 1 1 -2 0 0 -2 -1 0 1 0 0 -1 -1 0 -2 -1 -1 1 0 0 2 0 0 1 1 1 1 0 1 0 1 0 0 0 0 1 0 0 0 -1 0 2 0 1 0 0 1 1 0 3 1 2 0 -1 0 0 1 0 -1 0 18 -1 1 0 0 -1 1 -2 -1 0 0 0 0 1 0 1 1 -1 1 1 0 1 0 0 0 0 0 -2 -1 1 0 0 1 1 0 0 0 -1 1 1 2 1 0 0 2 2 -2 0 -1 -2 0 0 -1 0 0 0 -1 0 0 0 0 0 -1 -1 -1 -1 2 -1 0 2 -1 1 0 1 0 -1 0 -1 0 0 0 0 1 -1 0 0 0 0 -1 0 1 0 1 2 0 0 -1 0 0 0 1 0 0 0 0 0 0 2 0 0 -1 -1 1 1 0 0 -2 0 0 0 -1 -1 0 0 2 0 0 0 0 1 0 1 0 2 0 0 0 0 0 0 -1 2 -1 -1 -1 -2 0 -1 -1 0 1 -2
1 0 -1 -1 -1 0 0 -1 0 1 0 0 0 1 -1 0 2 0 0 0 -1 1 0 1 0 0 0 0 -1 0 0 1 0 0 0 0 0 1 0 2 1 0 0 0 1 0 -2 1 0 0 0 2 -2 0 1 0 -2 0 0 1 0 0 -1 1 0 -1 -1 1 0 0 0 0 3 0 -1 0 0 0 0 0 0 -1 0 0 0 0 -2 -1 0 -1 1 -1 -1 0 0 -1 0 0 0 0 0 -1 0 0 0 1 4 -1 0 0 0 0 1 0 0 1 0 0 0 1 1 0 0 0 -1 0 0 0 0 1 1 0 0 0 1 -1 0 0 0 0 0 0 -1 1 -1 -1 0 0 1 0 -2 1 0 -1 3 0 0 0 0 -1 -1 1 -1 0 -1 0 0 0 1 0 0 0 -1 0 -1 1 -1 -1 0 0 1 -1 0 -1 -1 0 -1 0 0 0 1 0 0 0 0 0 0 2 0 1 0 -1 -1 0 0 0 0 0 -1 16 0 0 -1 0 -2 -1 0 -1 0 1 0 0 1 0 0 0 -1 0 0 0 1 0 1 1 0 0 2 0 0 1 0 0 0 0 0 1 0 -1 0 0 0 -1 1 0 0 0 4 0 0 0 0 0 1 0 0 -1 0 0 3 2 -1 0 0 0 1 0 2 0 -1 0 -1 -2 0 1 0 0 -1 -1 0 0 -1 0 0 0 1 0 0 0 0 0 -1 -1 1 1 0 0 0 0 0 0 0 0 1 0 0 0 -1 -2 0 1 1 0 1 0 0 0 -1 0 2 -1 0 0 -1 1 -1 -1 0 1 -3 0 0 0 0 0 -1 0 0 -1 0 1 -1 0 -1 0 0 0 0 1 0 1
0 1 0 1 0 -1 0 -5 0 1 0 -1 -1 -1 1 0 0 0 -1 0 1 0 0 0 3 1 0 1 0 1 -3 -1 -1 -1 0 0 0 0 -1 0 0 0 0 0 0 -1 0 1 0 0 1 -1 0 0 0 0 0 0 0 0 0 0 -1 1 0 1 0 1 -1 -1 0 0 0 3 0 0 -1 0 0 2 0 2 1 -1 -1 1 0 0 0 -1 -1 1 1 -3 2 0 1 -2 1 2 0 0 1 -1 -1 0 -1 0 0 1 0 0 2 0 0 0 -1 1 3 -1 0 -3 0 0 0 1 0 1 1 -1 -1 0 -1 1 0 3 0 0 1 2 1 1 -1 0 -1 0 2 -1 -1 2 -3 0 -1 1 0 1 0 0 1 0 0 -1 1 0 0 1 0 1 -3 0 0 0 0 0 -1 0 1 0 0 0 -1 -1 0 0 0 -1 5 0 0 0 0 -1 0 0 0 0 0 0 0 -1 0 0 0 0 0 -2 0 0 1 0 22 -1 -1 -2 0 1 0 0 0 1 -1 0 1 0 1 0 1 -1 0 3 0 1 1 0 0 0 0 -1 -1 0 0 1 0 1 -1 2 0 -1 -2 -1 0 0 -1 0 1 0 1 -2 0 1 0 0 -1 -1 0 0 0 -2 0 0 -1 1 -1 0 4 0 -1 0 -1 0 0 0 0 2 -2 0 0 0 0 0 0 0 0 -1 -1 -1 -2 -1 -1 -1 0 0 0 0 3 1 -1 1 1 1 0 -1 1 1 0 0 -4 0 3 0 0 0 -1 0 -1 0 3 1 0 0 0 0 -1 0 0 0 0 -1 2 1 -2 -2 0 1 0 1 0 0 0 0 0 0 -1 -1 0 0 1 0 0 -4
0 -1 -1 0 1 0 -1 1 0 0 1 0 1 2 0 0 0 2 2 0 0 0 1 1 -1 -1 0 -1 3 0 0 0 2 -1 0 -1 1 1 0 0 -2 0 1 -2 0 0 0 -2 0 0 -2 -1 0 1 -1 -1 0 0 0 0 1 0 1 0 1 0 1 2 2 1 1 -2 1 2 -1 1 0 0 -1 0 2 0 0 -3 0 0 0 0 1 0 0 0 -2 0 -1 1 1 1 0 0 2 1 -1 2 -1 0 0 0 0 0 0 0 0 1 0 0 0 1 0 -1 -1 -1 0 0 1 0 2 0 -1 0 1 -1 -2 1 0 0 -1 0 -1 1 0 1 1 0 -2 0 0 0 0 -1 -1 1 -1 1 0 -1 -2 3 0 1 0 2 0 -1 -1 0 0 0 0 0 0 0 0 -1 -1 1 1 0 -2 0 1 2 0 -2 1 1 0 1 -1 0 1 0 -1 0 -1 0 2 -1 0 0 -1 -1 0 0 -2 3 2 1 0 0 -1 19 0 -1 0 -1 -1 1 1 3 -1 0 -3 0 1 -1 -1 3 -1 0 0 1 -1 0 0 0 -2 0 0 0 0 0 -1 -2 -1 0 -1 -1 0 0 1 2 -1 0 1 0 0 0 1 -1 1 0 0 1 -1 1 0 0 0 1 1 0 1 -1 0 0 0 -2 -1 0 -1 0 0 0 -1 1 1 -1 -1 0 0 0 0 0 0 1 -1 1 0 0 0 -1 0 1 -1 2 0 0 0 -1 1 0 0 1 1 1 1 0 -2 -1 -1 1 4 2 0 0 -1 0 -1 1 1 1 0 1 0 0 0 1 0 1 1 1 -1 -1 0 1 0 2 1 0 0 1 1 1 0 -1 -1 1 0 0
0 -1 0 1 -1 0 -1 -1 0 0 -1 0 0 0 0 0 1 0 1 1 1 2 0 1 0 0 0 0 0 0 -1 0 -1 0 -1 0 1 0 0 0 2 0 0 0 -1 0 0 -1 0 0 -1 -1 1 1 0 0 0 0 0 0 -3 0 0 0 1 0 1 0 1 1 0 1 0 1 0 0 0 0 0 0 1 0 -1 0 0 0 0 0 0 0 0 0 0 0 0 0 0 0 0 0 0 0 -2 0 -1 -1 0 -1 -1 -1 1 1 0 0 0 0 -1 0 0 0 1 0 0 2 0 -1 0 1 0 0 0 0 -2 1 -1 0 -1 1 0 -1 -1 0 1 0 0 0 -1 0 0 0 1 -1 -1 0 0 1 0 0 -1 1 0 -1 1 0 -1 0 0 -1 -1 0 1 0 0 0 1 1 1 0 1 -1 0 0 1 1 0 1 0 -1 0 0 0 0 0 0 0 0 0 0 1 0 -1 1 1 0 0 0 0 0 0 -1 -1 0 12 -1 0 -1 1 1 0 -2 0 -1 -1 0 0 0 -1 1 0 0 0 0 -1 0 -1 0 1 0 0 0 0 0 -1 -1 0 -1 -1 0 0 0 0 -1 1 -1 -1 -1 1 0 0 0 2 0 0 -1 0 -1 3 -1 0 0 -1 -1 0 0 0 0 0 0 0 0 -1 0 0 1 0 0 0 0 -1 0 0 -2 0 0 0 -1 0 -1 0 0 -1 -1 0 0 -1 0 -1 -1 -1 0 1 1 -1 0 -1 -1 0 0 0 0 0 0 -1 1 -1 -1 -1 0 -1 -1 0 1 -1 0 0 1 0 0 0 -1 2 1 0 0 0 0 0 0 0 -1 0 1 0 0 1 0 0 0 0 0
0 1 0 0 1 1 2 2 2 0 0 0 3 0 0 0 2 0 2 2 -2 0 1 0 0 0 1 0 2 1 0 1 1 0 0 0 0 1 0 0 1 -1 -1 0 1 1 0 1 0 0 0 1 0 0 0 1 0 0 1 0 0 0 2 1 0 0 -1 -1 -1 1 -1 0 0 0 2 1 0 0 1 1 -1 1 0 1 0 1 1 1 0 0 0 0 1 0 0 0 -2 1 -1 -1 0 0 -1 0 1 -1 -1 1 0 0 0 0 -1 0 0 0 1 0 0 0 0 1 1 0 0 0 2 -2 -1 1 1 2 1 0 0 -1 0 0 2 0 -2 -1 1 1 0 0 0 0 0 -1 0 0 1 0 0 0 0 0 1 -1 1 1 0 -1 -1 -1 0 0 0 0 0 0 0 2 -1 0 0 0 0 1 -1 -2 0 0 0 0 -2 0 0 0 -1 0 0 -1 1 0 0 -1 -1 2 0 0 -2 1 1 0 0 -1 -1 0 -2 -1 -1 18 1 1 1 0 -1 2 1 2 -1 0 0 2 0 0 1 2 0 -1 -1 0 1 0 1 1 0 1 0 -2 0 1 1 0 -1 1 0 0 1 0 -1 0 0 1 1 0 -1 0 -1 -3 1 0 -1 0 0 -1 -1 -2 2 0 0 0 -1 4 1 2 0 0 1 -1 0 -1 0 -2 1 -3 1 0 1 0 0 1 0 0 1 1 -1 0 0 -1 1 0 0 0 1 2 1 -1 1 0 1 0 1 0 -1 0 0 3 1 0 1 -1 -1 -2 0 1 1 1 0 0 1 -1 1 0 0 0 0 0 0 0 1 1 0 -1 0 0 -1 -1 0 1 0 2 1 0 0 0 -1 0
0 -1 0 1 0 1 0 0 0 0 1 0 0 0 -1 0 1 -2 0 0 0 -2 1 0 1 0 -1 1 0 1 0 2 0 0 0 0 1 -1 0 2 0 0 1 0 -1 -1 1 0 1 1 0 0 1 -1 -2 0 1 0 0 -2 0 0 1 1 1 1 1 1 -2 0 -1 1 2 0 1 0 0 0 0 1 0 1 3 -1 0 2 0 0 0 1 -1 2 1 0 0 0 1 1 0 -2 -1 1 -1 0 0 1 0 1 0 0 0 0 0 1 0 -1 0 1 -2 1 0 -2 1 0 3 0 0 0 0 0 0 -1 0 0 0 0 0 0 0 1 0 0 1 1 -2 0 0 0 0 0 1 0 0 1 -1 0 0 0 1 0 0 0 1 -1 0 1 0 0 0 1 1 1 4 1 1 -2 1 0 0 0 0 0 2 1 -3 0 1 1 1 1 0 0 -1 -1 0 0 3 -1 0 -1 2 -1 2 2 0 -2 1 0 1 -2 0 0 0 1 19 1 0 0 -1 0 0 -1 0 0 0 0 1 -1 0 1 0 1 -1 0 -1 0 1 0 -1 -1 1 -1 0 1 -1 -2 1 0 -1 2 3 0 -1 0 1 0 1 0 0 0 -1 -4 0 0 -1 2 1 -3 0 0 2 0 1 0 0 0 0 0 0 0 -1 0 0 1 0 0 -1 1 -1 0 -1 0 1 2 0 -1 1 0 0 -1 -1 -1 0 0 2 0 0 0 0 0 0 0 1 -2 0 -1 -2 -1 -1 0 -2 0 0 0 0 2 -1 0 0 2 1 0 0 0 1 0 -1 1 0 0 -1 -1 1 -1 0 0 0 1 3 0 0 0 2 0 1 0 0 0 0 -1
0 0 -2 0 0 0 -1 1 0 0 2 0 0 -1 0 0 -1 -1 0 1 1 -1 0 -1 1 0 0 0 0 1 0 0 0 1 0 1 1 2 0 0 1 0 -1 1 0 -2 1 1 0 0 -2 1 3 1 0 0 1 -1 -1 0 0 0 1 0 0 1 0 1 -1 -1 -1 0 1 0 3 -1 0 -2 2 0 0 2 1 0 0 -1 1 0 0 -1 0 0 2 0 0 1 1 0 -2 1 0 0 1 0 1 1 0 1 0 1 0 1 -1 1 -1 0 1 1 2 0 0 -1 -1 0 2 -1 0 0 1 2 0 0 -1 0 -1 0 0 -1 0 0 1 0 0 0 2 1 -1 0 1 -2 1 -1 1 0 0 0 1 2 0 0 1 -3 -1 2 -1 -1 0 1 0 0 0 1 1 0 -1 1 0 0 -1 0 1 0 0 0 0 0 0 0 -1 0 0 0 0 0 0 1 0 0 0 1 1 0 1 0 -1 0 1 0 -2 -1 1 -1 -1 1 1 19 -1 0 0 0 1 1 0 -1 -1 0 0 0 1 2 0 1 0 0 0 2 1 1 -2 -1 1 0 0 1 0 0 0 0 -2 -1 0 0 -2 0 -1 0 1 0 1 1 1 1 -2 0 0 0 -1 1 0 0 2 -1 0 -1 1 1 0 0 2 1 0 0 0 -1 0 2 2 0 1 0 -1 2 -1 0 0 3 0 -1 1 0 0 -2 0 0 -1 0 0 0 1 -1 0 0 0 -1 0 0 0 0 1 -1 1 0 0 0 1 0 1 1 2 1 1 -1 0 -2 0 1 0 0 0 1 -2 -1 -1 0 0 0 0 0 1 1 3 0 1 1 1 0 0 0 1 0
0 1 2 1 0 -1 0 0 0 1 -1 1 0 0 1 0 1 0 1 1 1 0 0 -1 0 -1 0 -1 0 2 0 0 1 -2 -1 0 0 0 0 0 0 -2 1 -1 -1 0 0 -1 -1 -1 -1 0 0 -1 0 0 1 0 0 0 -1 0 0 0 0 -1 1 0 0 0 1 -1 -1 0 -1 1 0 0 1 1 4 0 0 1 -1 1 0 -1 0 0 2 -2 -1 0 -1 2 0 1 -3 -1 0 1 2 0 -1 1 0 1 0 0 0 2 0 0 -1 1 0 0 0 0 1 0 0 0 0 0 -1 0 -2 1 0 1 0 0 0 2 0 1 -1 0 0 1 1 -1 1 0 0 0 -1 1 -1 -1 -1 0 1 0 0 0 0 -1 0 -2 -1 2 -1 0 -1 0 0 0 -1 1 -1 0 3 0 -1 0 0 -1 1 1 0 0 1 0 1 0 0 1 0 0 -1 -1 1 -3 0 2 -1 -2 -2 0 0 0 2 0 1 -1 -1 0 0 -1 1 1 0 -1 20 -1 -2 1 0 0 0 -1 0 1 -1 -1 -2 1 0 0 -2 0 0 0 -1 -1 -2 0 1 0 0 0 0 -2 1 0 -1 0 0 -1 2 0 1 0 0 -1 2 1 0 0 0 0 1 0 0 1 1 -2 0 0 0 0 0 0 -1 0 0 1 -2 0 0 -1 -2 0 0 0 1 0 3 2 0 -1 0 0 0 0 2 -1 1 -1 -2 0 2 0 0 0 0 0 0 1 -1 0 -2 0 0 0 1 2 1 -1 -1 0 0 0 -2 1 0 -1 0 -1 1 0 -1 -1 -1 -1 0 -3 -1 -1 -1 0 0 0 0 0 1 0 -2 -2 0 -1 0 -1 0 -1 0 -1
3 1 0 0 0 1 1 0 -1 0 -1 -1 3 0 -2 -1 1 0 2 0 -3 1 1 1 -1 0 1 1 2 0 2 -2 2 -2 0 0 -1 1 -1 2 1 1 0 1 0 1 -1 0 -1 1 1 0 0 2 0 1 1 0 0 -2 0 1 1 0 0 0 -1 0 1 1 -1 1 0 0 -1 2 1 -2 0 0 0 1 -1 1 2 1 0 1 0 -1 -2 1 2 1 0 1 1 -2 0 -1 0 0 -1 1 0 2 0 0 0 0 2 0 -1 -1 0 0 -1 0 0 -1 1 -1 0 1 2 2 1 1 1 2 0 2 0 0 0 0 0 1 0 -2 0 1 0 1 1 1 1 0 1 -3 3 -1 -2 0 -1 1 -3 0 1 0 0 0 -1 0 1 -1 1 0 0 0 0 1 0 -1 1 1 1 -1 0 0 0 1 0 0 1 -1 -1 -2 0 0 1 0 1 0 -1 3 1 0 0 0 -1 0 1 -1 2 -1 3 -1 0 -1 0 1 1 0 0 0 -1 23 1 0 1 1 1 0 1 0 0 -1 0 1 -1 0 0 -1 0 1 -1 0 0 3 1 2 1 0 -1 0 3 -1 2 -1 2 0 -1 0 2 0 0 0 0 -1 1 0 -1 0 2 2 2 0 0 0 1 0 -3 -3 0 0 1 -1 0 0 -2 1 0 2 0 0 0 1 1 0 0 0 0 1 -1 0 1 2 1 0 0 1 1 1 1 1 -2 0 -3 -1 1 1 0 1 0 0 -2 0 0 0 -1 -1 0 0 1 -1 1 0 0 0 0 2 0 1 0 1 0 2 0 0 5 2 0 -1 -1 -1 1 1 0 1 0 1 -1 -2 0 0 1 -1 -1 1
0 0 1 1 0 1 0 0 0 1 0 0 -1 -1 0 1 1 -1 -2 0 0 -1 0 1 0 -1 0 0 -1 0 0 -2 3 0 -2 0 0 1 0 -1 0 0 0 0 0 -2 0 1 0 -1 -1 -2 0 0 1 -1 0 0 -2 -1 0 -1 1 -1 0 1 0 -1 2 0 2 0 -1 0 -4 1 2 0 0 0 0 1 0 0 0 1 0 1 0 -1 -2 -1 0 0 1 0 2 1 -2 0 -1 0 0 0 0 2 -1 0 0 -1 1 0 0 1 1 0 1 0 0 1 -1 0 2 0 1 -1 0 1 0 0 0 0 -1 1 0 1 0 1 -1 0 0 -2 0 0 -1 0 -1 0 0 0 0 0 0 0 0 4 0 0 0 0 1 0 0 0 0 -1 -1 -2 1 -1 0 -1 -1 -1 0 0 1 0 0 1 -1 -2 -1 -1 0 0 0 3 -1 2 0 0 0 -1 -1 0 -1 0 1 0 0 0 0 1 1 1 -2 1 0 0 0 1 0 -1 -1 0 -2 1 18 0 0 -1 -1 1 0 0 1 -1 0 -2 0 0 0 0 0 0 -1 1 0 0 0 -1 -1 0 2 1 2 0 0 0 0 0 -2 1 2 0 -2 0 1 0 1 0 0 0 0 0 -1 -1 0 1 0 0 1 0 -1 0 -1 -1 0 0 1 0 0 0 -1 0 3 0 -1 0 0 0 -1 -1 -2 1 -1 -1 -1 -1 0 0 2 0 1 2 0 -1 0 0 1 0 -2 1 0 1 0 0 0 0 1 1 0 -1 0 1 0 1 0 2 0 1 0 0 0 0 2 1 -1 -1 0 0 -1 0 0 1 0 0 1 1 -1 0 1 2 2 1 -1 -1 -1 0
0 -1 -1 1 1 0 0 0 -1 1 0 -1 1 0 1 0 0 -1 0 -1 -1 -1 -1 0 2 1 -2 1 1 2 -1 -1 0 -1 1 -1 0 0 -1 0 0 -2 1 0 1 0 1 0 0 0 1 -2 1 -2 1 0 -1 0 0 1 0 0 0 1 -1 0 0 1 0 1 0 -1 1 0 -1 0 -1 1 1 2 0 0 1 0 -1 0 0 2 1 0 -1 1 0 -1 0 -1 0 0 0 1 1 0 0 0 1 1 0 0 1 0 2 0 -1 1 -1 0 -1 0 -1 3 0 1 -1 0 2 0 -1 0 -1 0 0 1 -1 0 0 1 1 1 1 0 0 0 1 2 -1 0 0 1 1 0 0 -1 -1 1 0 0 1 -2 0 0 1 -1 -1 0 0 0 0 1 0 1 0 -1 1 0 0 3 0 0 0 0 0 0 0 1 1 -2 0 1 2 0 1 0 1 0 2 0 1 -1 0 0 -1 -1 -2 1 -1 0 1 1 0 1 1 3 -2 2 0 0 1 0 0 21 0 0 -1 1 1 1 1 0 0 0 0 0 0 0 -1 0 -1 0 1 0 1 2 0 0 -1 1 1 3 0 2 2 0 0 0 0 0 -2 0 -1 0 0 3 1 0 0 2 -1 0 1 -1 0 1 0 -1 0 1 -2 0 0 0 1 -1 -1 1 0 2 -1 -1 -3 0 1 0 1 -1 1 0 0 -1 0 -1 1 -4 0 0 2 0 0 1 -1 0 2 -1 1 3 -1 0 0 -1 0 0 -1 0 1 2 0 0 0 1 1 -1 -1 0 0 1 0 0 0 -1 1 0 1 1 2 1 1 0 0 1 0 -1 1 0 -2 1 0 1 1 0 1 0
-1 0 -1 0 0 0 0 1 -1 0 0 0 2 0 0 0 0 0 1 0 1 1 0 0 0 0 0 1 2 0 0 0 0 0 1 0 0 -2 2 0 0 1 -1 0 0 0 0 0 0 0 0 0 0 1 0 1 1 0 -1 -1 0 1 1 1 1 0 0 1 0 0 1 -1 0 0 0 1 1 0 0 0 -1 2 -1 0 0 0 0 0 0 -1 0 0 0 0 0 -1 0 1 1 0 0 0 0 -1 -2 0 -2 0 0 -1 0 0 1 0 0 1 0 0 1 1 0 0 0 0 1 0 1 -1 -1 0 -1 -1 1 -2 0 0 1 1 2 0 0 0 0 0 1 0 1 0 0 0 0 0 -1 0 0 1 -2 0 -1 0 3 0 0 0 0 0 0 1 0 0 1 -1 1 0 0 0 -1 0 0 0 0 1 -1 0 0 0 0 1 0 0 0 0 -1 0 -2 0 0 0 1 0 0 0 -2 0 0 0 2 0 0 0 -1 -1 0 1 0 1 0 1 0 0 14 -1 0 0 0 -2 0 0 1 0 0 1 1 0 -1 0 1 1 0 -1 -1 0 0 0 0 2 -1 2 -1 0 0 0 0 0 0 -1 0 -2 0 -2 1 2 1 1 0 -1 1 0 1 0 1 0 0 0 0 0 0 2 2 -1 0 1 1 0 -1 0 0 0 1 -1 0 1 0 1 0 1 1 0 1 0 0 0 1 1 0 0 0 1 0 1 0 0 -2 0 -1 1 0 0 -1 1 1 0 0 0 0 0 0 3 1 0 0 0 -1 -1 0 0 0 0 0 1 0 0 0 -1 -1 -1 0 0 1 -1 0 1 0 1 0 1 1 0 -1 -2
0 -1 1 0 0 0 3 0 0 1 -1 2 1 -1 0 0 0 -1 2 1 1 0 0 0 -1 2 -1 0 0 0 0 -1 1 0 0 0 0 0 -1 0 0 0 1 0 0 0 2 0 -1 -1 0 3 0 0 1 -1 0 0 0 0 1 2 1 -1 0 0 0 -2 1 -1 0 0 0 0 2 -1 0 -1 -1 0 0 0 2 -1 0 0 0 -1 -1 1 0 0 2 0 1 0 0 0 0 0 0 0 1 0 0 -1 0 0 0 -1 0 0 0 0 0 0 1 -1 0 0 -1 2 1 0 0 0 0 0 0 -1 0 0 3 2 0 0 -1 1 0 0 -2 0 0 3 0 0 1 0 0 0 0 -3 0 1 0 -1 1 1 0 -1 1 1 0 0 1 -1 0 1 0 -2 1 0 0 3 0 0 0 1 0 0 0 -1 0 0 1 0 1 0 0 -3 0 1 -1 0 0 0 -1 0 0 0 2 -1 -3 0 0 0 0 0 1 0 0 0 -1 2 -1 1 0 1 -1 0 -1 17 0 0 0 1 0 0 0 1 1 1 -1 0 1 0 2 -1 -1 1 -1 0 0 1 -2 -2 -1 0 1 0 0 1 0 2 0 0 3 -1 0 0 0 -1 1 -1 1 0 0 2 0 1 2 0 0 1 0 0 1 -2 0 0 1 0 0 0 0 -3 2 -2 0 0 -1 2 1 -1 2 0 0 0 -1 0 0 0 -1 0 0 1 -1 1 1 1 0 0 -1 0 1 0 0 -1 0 0 0 0 0 0 0 -1 0 -1 0 -1 0 -1 0 1 1 -1 -1 0 0 0 1 0 0 0 1 1 0 0 0 -2 0 1 0 0 1 -2 0 1 -1 0
0 0 -1 0 -1 0 0 1 0 1 0 0 -1 -1 0 0 0 0 0 1 0 2 -1 -1 -1 1 1 0 0 0 0 0 1 0 0 1 0 0 -1 -1 -1 0 0 1 0 -1 1 -1 0 0 2 1 -2 2 0 0 0 0 0 0 1 0 0 0 0 0 -1 -1 -1 0 0 1 0 0 1 -1 0 0 0 0 -1 0 0 1 1 0 0 -1 0 1 0 0 2 0 0 -1 -1 1 1 0 0 0 1 0 1 0 0 0 -1 -1 0 -1 0 -1 0 0 1 0 -1 -1 1 0 2 0 0 1 0 0 1 0 1 1 0 0 1 0 1 0 0 0 0 -1 1 -1 3 0 1 0 1 0 1 0 0 0 -1 1 0 1 0 0 -1 0 0 0 0 0 0 -1 0 0 0 2 0 0 1 1 0 0 -1 0 0 0 0 1 -1 1 1 -2 0 1 0 0 0 0 0 0 -1 0 0 0 0 0 -1 0 1 0 0 1 0 1 1 -3 -1 -1 0 0 0 1 -1 -1 0 0 13 0 1 0 0 -1 -1 -1 1 0 0 0 0 0 0 0 -1 0 0 0 1 1 1 0 0 0 0 0 0 -1 1 0 0 0 1 1 -1 0 0 0 1 0 0 0 0 0 -1 0 -2 0 -1 0 0 0 0 0 1 0 0 0 1 0 0 2 0 1 2 1 0 0 0 0 0 0 2 0 0 0 -1 1 0 0 -1 -1 0 -1 0 1 1 0 1 0 0 0 -2 -1 0 0 0 -1 0 -1 0 0 0 0 0 0 -1 0 0 0 0 -1 -1 1 0 1 -1 1 -1 0 0 -2 0 -1 0 0 -1 0 -1 -1 1 0 0 0 1 0
1 0 1 1 0 2 2 -1 0 2 0 0 0 -1 0 -1 0 1 0 1 0 0 2 1 0 0 0 1 2 -1 -1 0 -2 0 -1 1 0 0 1 0 0 -1 0 0 2 0 0 0 -2 -2 0 0 0 1 -1 -1 0 0 0 0 0 1 -1 0 -1 0 0 -1 1 0 1 0 1 1 0 -1 0 1 -1 0 0 0 -2 0 0 1 0 2 0 0 0 0 1 1 -1 0 2 1 0 1 1 0 0 -2 0 -2 1 0 0 -1 0 0 -1 0 0 -1 -1 0 0 1 0 1 0 0 0 0 1 0 0 0 2 0 -1 0 0 1 0 1 0 0 0 2 0 1 0 0 1 1 1 1 -2 1 0 0 -1 -1 0 -2 1 0 0 0 0 0 0 0 1 1 -1 0 0 0 -1 0 1 0 1 0 1 0 0 -1 0 0 1 0 1 0 1 -1 0 -1 0 0 0 0 0 -2 0 -1 1 0 0 0 -1 -1 0 0 1 0 0 0 0 0 0 -1 -1 0 1 1 0 0 0 16 1 0 2 1 1 1 0 0 -1 0 1 -2 0 0 1 1 1 -1 -2 1 0 0 1 2 0 1 0 0 0 2 0 1 0 1 0 0 1 1 -1 0 0 1 -1 -1 0 1 -1 0 0 0 0 0 -1 0 2 0 0 2 -2 -1 0 0 1 0 0 0 1 0 0 0 0 -1 0 0 0 0 1 -1 0 1 1 0 -1 0 0 1 -2 1 0 1 0 1 0 -1 0 0 0 0 0 1 0 0 0 2 -1 -1 0 1 0 1 -1 -1 0 -1 1 0 -1 1 0 0 0 0 1 -1 0 0 -1 1 -1 -1 -1 0 0 2 0 0
0 0 0 0 0 -1 -1 0 1 0 0 -1 1 -1 -1 0 -1 -1 0 0 0 0 0 0 0 0 0 -1 0 1 -1 0 1 3 -1 2 0 0 0 2 -1 0 0 1 0 0 0 0 0 2 1 -2 -2 0 0 0 -2 0 0 0 1 0 0 1 -1 1 1 -1 1 2 1 0 0 0 0 1 -1 1 0 0 0 1 0 -1 0 -1 1 0 1 1 2 1 0 0 1 2 0 -1 -1 -2 1 1 -1 -1 -1 0 0 0 2 0 -1 -2 0 0 0 -1 -2 0 -2 -1 0 -1 0 -1 2 1 0 0 0 -2 0 1 0 0 0 0 1 1 -1 2 0 0 -1 1 -1 0 0 -1 0 1 -3 -2 0 1 -1 0 -1 -1 0 0 0 1 -1 1 -1 0 0 1 2 0 1 1 0 -1 0 0 0 0 -1 0 2 -1 0 1 0 0 -1 -3 0 0 0 0 0 1 1 1 0 0 -1 2 -2 1 0 1 0 -1 0 2 1 0 1 1 0 0 0 -1 0 1 0 1 0 0 1 1 16 0 0 1 -1 0 0 0 0 0 0 1 0 0 -1 1 -2 0 1 2 0 0 0 0 -1 0 -1 0 0 0 0 0 2 1 -1 1 0 0 0 -1 0 0 -2 1 0 -1 -1 0 0 1 0 0 0 1 -1 0 0 0 0 0 0 2 0 -1 0 0 0 0 0 0 1 0 -1 -1 -1 0 2 0 0 -1 0 2 1 0 0 0 -1 1 0 0 1 2 -1 0 -3 0 1 1 0 1 0 1 1 1 1 0 0 0 -1 0 0 2 0 2 -1 0 1 0 0 0 0 0 0 1 0 1 0 0 0 0 -2 -1 0 0 -1 1
-1 1 0 0 1 1 0 0 0 1 0 -1 0 -1 1 0 -1 -1 0 -1 0 0 -1 -1 0 0 0 0 1 -1 0 1 0 1 -2 -1 0 0 -3 1 0 0 0 1 0 0 0 0 0 0 0 -1 0 1 0 2 0 -1 0 0 -1 2 0 1 0 1 -1 1 0 0 0 -1 0 0 0 2 0 -2 1 0 0 0 1 2 0 0 1 1 0 1 0 0 0 0 -1 1 0 0 -1 0 0 0 0 1 -1 0 -2 0 -1 0 1 1 0 0 0 0 0 0 -2 -1 2 1 1 0 1 0 -1 -1 0 0 0 0 4 2 0 0 -4 1 0 2 0 0 1 -1 0 0 1 0 -1 1 -1 -2 0 -1 0 0 0 0 2 1 -1 -2 0 0 2 0 0 0 2 -1 -1 2 0 0 1 1 2 0 0 0 0 -1 1 0 0 0 0 0 0 1 0 0 0 0 1 0 0 0 0 1 2 0 0 -1 0 -1 1 0 -1 0 0 -1 0 2 0 0 1 0 0 1 -2 1 0 0 0 17 0 0 0 1 0 1 0 0 0 0 -2 0 0 0 -2 0 1 0 0 0 0 0 0 0 0 -1 0 -2 0 0 0 0 1 0 0 0 1 0 0 0 0 1 0 0 0 -3 0 0 0 1 2 0 0 0 1 0 0 1 1 1 2 -1 0 0 2 -1 -1 1 0 0 0 -1 1 0 0 1 1 0 1 0 -1 2 -1 0 0 0 0 1 0 -1 -1 0 0 0 0 0 -1 -1 1 0 0 0 1 -1 0 0 2 0 0 1 1 0 0 0 0 -2 0 0 0 1 -1 0 -1 0 0 1 1 0 0 1 -2 0 -1 0
2 1 0 -1 1 1 1 1 1 -1 0 0 0 -3 0 0 3 0 0 0 1 1 0 -1 1 0 0 0 0 0 0 0 -1 -1 0 1 1 0 -1 1 1 1 0 0 0 -2 -1 1 -1 1 1 0 0 2 0 0 0 0 0 0 0 1 -1 0 0 0 0 1 -1 0 0 0 -1 -2 0 0 -2 0 0 1 -1 0 1 -1 0 -2 1 1 0 -1 0 0 -1 1 0 1 1 -1 -1 0 0 0 1 -1 -1 -1 0 0 0 -1 0 0 -1 0 -1 -1 0 0 0 0 0 1 -1 1 0 0 0 0 0 1 0 0 -1 -1 -1 0 0 0 0 0 0 -2 0 0 -2 0 1 0 0 0 1 0 0 -1 -1 0 0 -1 0 -1 1 0 0 0 0 1 0 -1 -1 -1 1 1 1 0 0 0 2 0 0 0 -1 -3 0 1 0 -1 1 0 0 0 0 -1 1 0 0 0 0 -1 -1 1 0 0 1 2 -1 -2 0 0 1 -1 1 -1 -1 0 1 0 -1 0 1 1 0 0 0 2 0 0 16 -2 1 0 0 -2 0 2 0 0 -3 0 1 1 0 2 0 0 1 1 3 0 0 2 -1 0 1 1 1 3 1 0 0 0 0 0 0 0 0 1 1 -1 0 0 0 0 1 0 1 0 0 0 0 0 2 0 0 -1 0 1 0 0 -1 0 0 1 0 0 -1 -1 1 0 1 0 0 0 -1 0 -1 0 -1 0 1 0 1 -1 0 0 0 1 0 0 0 -2 1 1 -3 -1 0 0 2 0 1 -1 0 0 -1 -1 1 0 0 -1 1 0 0 0 0 -1 1 0 0 0 0 -3 0 0 0 0 -1 0 0 0 0 0
0 0 1 2 0 0 -1 0 0 0 -1 -1 1 3 0 -1 -2 0 0 1 1 1 3 -3 -1 0 0 1 4 -1 -1 1 -1 1 0 -1 0 0 0 0 -1 0 0 0 0 0 1 -2 1 -1 -2 0 1 -1 0 1 0 0 0 -2 1 0 2 -1 1 0 -1 2 1 0 0 -2 0 -1 0 -1 0 1 -1 0 1 -1 0 -1 1 1 -1 2 1 1 -1 1 0 1 -1 0 0 0 -1 -2 4 1 -1 0 0 -1 2 0 0 -1 -2 1 0 0 1 0 1 0 0 0 0 -1 -1 0 0 -3 0 1 -2 0 1 0 1 2 0 0 0 1 -1 0 -1 0 2 2 0 0 0 0 1 0 -3 1 0 1 0 1 0 1 1 0 0 0 -1 0 0 0 0 -1 1 0 -1 -2 -2 -1 -1 2 1 -1 0 0 0 -1 0 -1 0 1 0 0 -1 -1 0 1 2 1 0 -1 0 0 0 0 0 0 -1 -2 -2 1 -1 -2 1 0 -1 3 1 0 -1 0 -1 -1 -1 0 0 0 -1 1 1 0 -2 20 0 1 -1 2 0 -2 -1 0 0 0 0 0 -1 0 -1 -2 2 0 0 0 0 0 0 -1 0 1 0 0 2 2 0 -1 1 1 0 -1 0 -1 1 1 1 0 -2 3 2 0 1 0 0 0 0 -1 0 0 0 -2 1 1 2 0 0 -1 -1 -1 -3 0 0 1 -2 0 -1 0 0 1 0 1 -1 0 1 0 0 -1 0 -1 -1 0 0 -1 1 0 -1 0 0 0 2 1 0 0 -1 0 1 -1 0 1 -2 0 -1 1 0 0 0 0 0 1 -1 -1 -1 1 2 0 -2 0 1 0 0 0 1 -1 -2 2 0 0
0 0 1 0 0 1 0 0 0 0 1 -1 -1 0 0 0 0 0 0 0 0 1 0 -1 0 -1 0 1 -1 0 0 0 -3 -1 0 0 1 0 0 0 1 0 -1 0 0 -1 0 0 -1 1 0 0 0 1 -1 1 0 0 0 0 -1 0 0 0 0 0 -1 0 0 0 0 1 0 0 0 0 0 0 0 0 -1 0 -1 0 0 1 0 0 0 0 -1 0 0 0 1 -1 0 0 1 0 -1 1 0 0 1 -1 0 0 -1 -1 0 1 0 0 0 -1 0 0 2 0 -1 0 1 1 0 0 0 0 0 0 0 0 0 -1 0 0 -1 0 0 0 0 0 0 0 -1 0 0 0 1 0 0 1 1 0 0 0 0 0 0 0 1 0 0 0 -1 0 0 -1 0 0 0 -2 0 0 0 -1 0 0 -1 -1 -2 0 0 -1 1 0 0 1 0 0 0 -1 0 0 0 1 0 -1 0 1 1 0 0 1 -1 -2 0 0 0 0 0 -1 0 1 0 1 -2 0 0 0 1 0 -1 1 -1 0 1 0 7 1 0 0 0 0 1 0 1 0 1 0 0 0 0 -1 -1 0 0 1 -1 0 0 0 0 0 0 0 0 1 0 0 0 0 -1 0 0 0 1 -1 0 0 -1 0 0 -1 0 0 0 1 0 0 0 0 0 -1 1 0 0 0 2 0 0 0 -1 0 1 0 0 0 0 1 -1 0 1 0 0 0 0 0 0 0 0 0 0 0 0 0 0 0 0 1 1 0 0 0 1 0 0 0 1 0 0 1 0 -1 0 0 0 0 0 2 0 0 0 0 0 0 -1 1 0 0 0 0 0 -1 -1 0 0 -1 0 1
0 0 -1 1 0 0 2 0 1 -1 -1 0 2 1 1 -2 -1 1 1 2 0 -1 0 -1 -1 -1 -1 -2 0 1 -1 0 0 2 1 0 0 2 0 1 2 0 1 0 0 -1 -2 0 -1 -3 1 0 1 1 0 -1 2 0 3 0 0 0 2 1 0 3 -1 1 0 -1 -2 0 1 1 4 1 -1 -1 1 0 0 4 -1 1 2 -1 0 1 0 -2 -2 1 2 1 0 -1 0 0 -1 -2 -1 0 -2 4 -2 -3 -2 1 -1 0 0 -1 -2 -1 1 0 0 1 0 -1 0 0 0 1 -1 1 1 1 2 -1 0 0 1 -1 0 1 0 0 -1 -1 -2 0 1 -1 0 1 0 0 1 0 0 -1 -2 -2 1 -1 1 0 -1 0 0 -1 -1 1 -2 1 1 -3 -2 0 -2 0 1 4 0 -1 3 0 -1 -1 1 0 1 0 -2 0 1 0 0 -2 -1 0 0 0 0 0 -2 2 0 3 0 0 0 0 -1 -2 0 2 1 0 3 0 0 2 1 2 1 1 -2 0 0 1 -1 1 0 1 0 1 1 27 -1 0 0 0 1 -2 1 2 -1 0 5 -1 1 1 -1 1 2 2 0 -1 1 0 0 0 2 -1 0 0 1 2 0 -1 0 0 0 2 0 -1 1 -2 0 -3 -1 0 0 2 0 1 0 2 0 0 0 -1 1 -1 0 0 0 1 0 0 -2 0 0 -1 -1 3 -1 0 0 1 0 1 2 -1 0 1 1 0 0 1 1 0 0 -2 -1 0 0 1 0 0 1 1 1 -1 0 0 -1 2 3 -1 -1 -1 -1 1 0 0 2 1 -1 0 1 0 0 0 1 1 1 -2 1 1 1 -1 2 0 2 -1 2 0
1 1 0 0 0 0 1 0 0 0 1 0 0 0 0 0 1 0 0 0 0 -1 1 0 1 0 -2 -1 0 2 0 0 -1 1 0 0 -1 0 0 0 -1 0 1 1 0 -1 0 0 0 0 0 1 -1 -1 1 0 0 2 0 0 0 0 2 0 0 1 0 0 -1 0 -1 0 1 -1 0 0 0 0 0 -1 -2 0 0 0 0 0 2 -1 -1 1 0 0 -1 0 0 0 0 1 0 0 1 0 0 1 1 0 0 0 1 2 0 1 1 2 0 0 1 0 0 -1 0 0 1 1 0 1 0 0 0 0 -2 0 -1 0 0 -2 0 -1 0 1 0 -1 0 1 0 1 0 0 1 0 0 0 0 0 -1 1 0 0 -1 -1 0 2 0 0 1 -1 1 1 2 1 0 0 1 0 0 1 0 0 -1 -1 -1 0 0 -1 0 1 0 0 -1 0 0 0 0 1 0 0 0 0 0 -1 0 1 1 0 -1 0 0 0 0 1 0 0 0 0 0 0 0 -1 0 0 0 1 1 0 0 0 0 -1 0 -1 10 0 0 1 0 -1 2 0 -1 0 1 0 0 -1 0 0 0 0 1 0 0 0 1 0 0 0 0 0 0 -1 0 0 1 1 0 -2 1 -1 0 1 0 0 0 1 0 1 1 0 -1 -1 0 0 0 0 0 1 -1 -2 0 0 -1 1 0 0 0 -1 0 0 -1 0 0 0 0 0 0 1 0 -1 0 2 1 0 0 1 0 0 0 0 0 0 0 -1 -1 0 1 0 0 0 0 0 0 0 0 1 0 0 0 0 0 0 0 1 0 2 0 -1 1 0 0 0 -1 0 -1 0 1 -1 0 0 2 0
0 -3 0 -1 0 -1 3 -1 0 -1 0 0 0 0 1 1 0 -1 1 -1 2 0 0 -1 -1 0 1 -2 1 -1 0 0 1 0 -1 -1 1 1 1 1 -1 0 -1 1 1 0 1 0 -1 1 1 0 1 1 0 0 0 1 0 -1 0 1 1 0 1 1 -1 0 1 -1 2 0 0 -1 0 0 1 0 0 0 1 0 1 0 0 0 0 0 -1 0 0 0 2 0 0 0 1 0 0 0 2 0 2 -3 0 1 1 1 -2 -1 1 1 2 -1 1 0 1 0 1 0 0 0 1 0 0 -1 0 0 0 0 -1 0 2 1 0 0 -1 1 0 0 0 2 0 -1 0 1 0 -1 -1 1 0 1 -3 1 -1 1 -1 1 1 1 0 0 2 0 0 0 0 -1 1 1 2 -1 0 1 1 1 2 0 0 0 2 0 -1 -1 0 1 2 0 2 0 0 0 1 0 1 1 1 0 0 0 0 -1 1 0 1 -1 0 0 0 0 1 1 0 -1 1 1 0 0 0 0 1 1 0 0 0 1 -2 2 0 0 0 18 0 0 -1 -1 2 1 1 -1 0 0 0 -1 -1 0 -1 0 0 0 0 2 0 0 0 1 -1 0 0 -1 0 0 -1 2 1 -1 -2 0 0 0 1 0 -1 1 -1 1 0 1 0 1 -1 0 0 -1 -2 0 2 1 -1 0 0 2 0 0 1 1 0 0 -1 0 0 0 -1 0 -1 2 0 -1 1 0 0 0 -1 0 0 0 0 1 0 0 0 1 0 0 0 0 0 0 -1 2 1 -1 0 1 0 0 2 1 0 0 0 -2 0 0 0 1 0 0 -2 -1 0 1 0 -1 0 0 1 -1 -2 0
0 1 -1 0 -1 -1 0 0 0 0 0 0 0 0 0 0 0 -1 -1 -2 0 0 0 -1 0 0 0 0 1 0 -1 -1 0 2 0 1 1 -1 -1 0 -1 -1 0 1 0 1 1 0 0 2 1 1 0 0 0 0 -1 -1 0 -1 2 1 0 -1 -1 0 1 1 -1 0 0 0 -1 -3 0 0 0 -1 0 1 -1 1 0 0 1 -1 -1 0 0 0 0 0 -1 0 0 0 1 0 1 -3 1 -1 0 1 2 0 0 1 0 0 -2 0 1 1 -1 0 0 0 0 1 0 0 0 -1 0 0 -2 1 1 -1 -1 0 -1 -2 0 0 0 -1 -1 -1 1 0 0 0 1 0 0 1 0 1 1 0 0 2 0 -3 1 0 0 0 0 0 -1 1 0 0 0 1 0 1 0 0 1 -1 -2 0 -1 -1 2 -1 0 0 0 0 0 0 0 0 0 0 0 0 1 0 1 1 0 1 1 0 -1 1 0 0 1 -1 0 0 0 1 1 -1 -1 -1 -1 0 -2 0 0 0 1 -1 0 -1 0 0 0 0 0 0 0 0 15 0 -1 -1 -2 0 -1 0 0 0 0 2 1 2 -1 -1 -1 0 -1 0 1 -1 0 0 0 0 0 0 -1 1 -1 0 0 0 -1 0 0 0 -1 1 0 0 0 0 0 1 0 0 1 0 1 1 0 0 0 0 0 0 0 0 0 0 -1 -1 0 0 0 -1 -1 1 0 0 0 0 1 1 0 -1 0 0 0 -1 0 0 0 0 -1 0 0 -1 -1 -1 0 1 0 0 1 1 0 0 1 -1 -1 1 1 0 0 0 0 0 1 0 -1 1 0 0 -2 0 0 0 0 0 -1 0 0 0 2 -1
1 0 0 0 0 0 0 0 0 1 1 0 0 0 0 0 1 -1 0 0 0 0 0 0 0 0 0 0 -1 1 0 0 0 0 0 0 -1 0 0 -1 0 0 0 1 0 -1 0 0 0 3 -1 0 -1 0 0 -1 0 2 1 2 -1 -1 1 -2 0 0 1 0 0 0 0 0 0 1 0 0 1 -1 -1 -1 -2 0 0 0 0 -1 0 0 1 1 0 0 0 -1 2 0 1 1 1 0 -1 0 0 0 0 0 -1 0 0 0 0 -1 0 0 0 0 0 0 0 1 0 0 0 0 -1 0 0 0 0 0 0 -1 1 1 1 0 0 0 0 0 0 0 0 0 -1 0 1 1 1 1 -2 0 0 1 -1 0 0 0 1 0 -1 0 1 0 -1 -1 0 0 0 0 0 0 0 1 -1 0 0 0 1 -1 0 0 0 0 0 0 0 1 0 0 0 0 0 -1 0 1 1 0 0 0 0 -1 0 1 -1 -1 0 3 0 1 0 0 0 0 0 0 0 -1 0 0 0 0 0 0 0 0 2 -2 0 0 1 0 0 14 -1 0 -2 0 0 0 0 1 2 0 0 0 0 0 0 0 -2 -1 0 1 0 0 0 0 0 -2 0 1 0 0 -1 1 0 0 0 0 0 0 1 0 0 0 -1 -2 0 0 0 0 -1 -1 -1 0 0 0 1 0 1 0 0 0 0 -1 0 0 0 0 0 0 0 0 1 0 0 0 1 2 1 0 0 0 0 0 0 0 0 0 0 0 0 1 0 -1 -1 0 2 -2 -1 -1 0 0 2 0 0 0 0 0 -1 0 0 1 0 0 0 1 1 0 -1 0 0 -1 0 -1 1 -1 0 -1
-1 1 1 0 -1 0 1 0 0 -1 0 0 -1 0 1 0 0 1 -1 2 0 1 1 0 -1 0 1 0 0 1 0 0 0 0 0 0 0 0 0 0 1 0 -1 0 0 1 0 0 0 1 1 0 0 0 0 0 1 0 0 0 1 1 1 -1 -1 1 0 0 1 1 0 -1 2 0 1 0 0 0 -1 -1 1 0 0 -1 0 0 0 0 2 -1 1 -2 0 1 0 0 0 -1 0 0 0 0 0 2 0 1 0 0 0 1 1 0 -1 -1 0 0 0 0 0 -1 0 0 -1 1 -1 1 0 -1 0 0 1 0 0 -1 0 0 0 0 -1 1 2 0 -1 -1 1 0 0 0 1 0 1 0 1 0 -1 -2 1 0 0 0 0 -1 1 1 0 0 0 0 0 0 0 -1 0 0 2 0 -1 1 0 0 0 -1 2 1 0 0 0 0 0 0 -1 0 0 0 0 1 -1 0 0 1 0 0 0 0 0 0 0 0 0 0 0 0 -1 1 -1 0 0 0 0 -1 -1 1 0 1 0 0 0 -1 1 1 0 -1 -1 -1 12 0 1 0 0 0 1 1 -1 0 0 -1 0 0 0 1 0 0 -1 0 0 0 -1 2 1 0 0 0 0 0 0 -1 0 1 -2 0 0 0 1 0 0 1 0 0 0 0 0 0 -1 -1 1 -1 -1 -1 0 1 0 1 0 0 -1 0 0 0 -1 -1 0 0 1 0 0 0 0 0 1 1 0 0 -2 0 1 -1 1 0 0 2 1 1 0 0 0 0 -1 -1 0 0 -1 0 2 0 0 0 1 0 0 0 0 0 0 0 0 1 0 0 -1 0 0 1 0 0 -1 0 -1 1 0 0
0 1 -1 0 0 0 -1 0 0 0 -1 -1 1 0 0 2 0 0 -1 0 0 1 1 1 1 0 0 1 0 0 1 1 0 0 1 -1 1 0 0 1 1 0 0 0 0 0 -1 1 0 0 -1 -1 1 0 0 0 -1 0 0 -1 -1 -1 1 0 1 0 0 0 -1 -1 0 1 -1 0 0 0 1 -1 2 0 1 0 2 0 0 1 0 -1 1 0 2 0 1 1 0 1 0 0 -1 0 0 0 1 0 0 0 1 0 0 0 -1 -1 0 -1 -1 -1 0 0 0 0 0 -1 0 -1 0 0 0 0 0 1 1 0 0 0 0 -1 0 1 -1 -1 0 -1 0 -1 0 0 0 0 -1 0 1 1 0 0 0 2 1 2 0 -1 0 0 -1 -1 0 1 0 0 2 1 1 0 -1 -2 0 0 -2 -2 0 2 1 -1 0 0 0 0 -1 0 0 0 0 0 1 1 0 0 2 -1 1 0 1 0 3 0 0 0 0 0 -2 0 0 0 0 0 0 2 0 1 0 0 0 0 0 -2 1 0 0 0 0 -2 -1 -1 -1 0 0 17 -1 -1 0 1 0 0 0 0 1 -2 0 -1 1 0 1 0 0 0 1 0 1 1 0 0 0 -1 0 1 0 0 0 0 0 -2 0 0 1 -1 -1 0 0 -2 1 0 0 0 0 0 -1 1 0 1 1 0 0 0 1 0 0 0 0 -1 1 -1 0 0 1 1 1 0 0 2 3 0 0 0 1 0 1 0 -1 2 2 -1 0 -2 0 0 -1 0 -1 0 0 0 0 0 -1 -1 -1 2 0 0 0 0 1 -1 0 0 0 0 -1 0 1 1 0 0 -2 2 -1 0 0 2 -1 -2
-2 -2 1 -1 -1 -1 1 0 0 0 0 0 1 2 0 4 -1 -2 1 1 0 -1 0 1 1 1 -2 1 0 0 0 1 -1 2 1 0 0 0 0 0 0 1 0 0 0 1 -1 -1 0 0 0 2 0 0 2 1 0 -1 0 1 0 0 0 0 1 0 0 1 1 -1 0 2 3 2 0 0 1 1 0 0 1 0 1 1 1 1 -1 -1 -2 -1 1 0 -2 0 1 -1 1 0 0 0 -1 1 0 0 1 1 1 -1 -1 -2 1 0 0 0 0 -1 0 2 1 0 -1 1 1 2 0 0 0 0 0 -1 -2 1 1 1 1 0 0 1 -1 1 0 0 1 2 -1 0 1 0 1 0 1 0 0 1 0 0 0 0 1 0 1 1 2 0 1 0 1 2 0 0 -1 0 2 1 -1 -1 2 1 -1 1 2 -2 1 -1 0 1 0 0 2 -1 1 1 1 0 -3 0 2 -2 1 0 0 -1 -1 1 0 0 0 1 -1 2 0 -2 1 1 1 1 -1 -1 -1 -1 1 2 0 0 0 -2 -3 0 1 1 2 2 -2 -2 1 -1 21 1 0 -1 0 0 0 -1 -1 0 -3 2 -1 0 1 0 0 2 -1 -1 1 0 0 0 1 0 0 1 0 -2 0 0 0 -2 0 -1 1 1 0 0 1 1 0 1 0 0 0 -1 0 0 0 -1 2 0 -1 0 0 0 2 -1 0 0 -2 0 -1 -1 2 0 -1 1 1 -1 1 2 0 0 0 0 0 1 0 0 2 1 1 2 1 1 0 -2 -3 1 1 2 1 0 1 0 -2 0 3 0 0 0 0 1 0 0 -1 -2 1 0 -1 0 2 0 -1 2 -1 0 0 0 0 0
1 0 0 0 0 0 1 1 1 0 0 0 1 0 -1 1 1 0 1 1 2 0 0 0 1 -1 -2 0 1 -1 0 1 1 0 1 1 1 0 -1 0 0 0 1 0 0 0 -1 1 2 0 1 -1 0 2 2 0 0 0 1 1 1 0 1 0 0 1 0 0 0 1 0 0 1 0 0 -1 1 0 0 -1 0 -1 -1 0 1 -1 0 2 1 -1 -1 1 1 1 1 2 1 0 -1 1 0 1 1 0 0 1 0 0 1 2 0 0 1 0 0 0 0 0 0 1 -1 1 2 0 0 0 0 1 0 0 -1 0 0 0 0 0 -1 0 0 1 1 0 -1 1 0 1 0 -1 1 0 0 1 0 0 -1 1 -1 0 0 2 1 0 1 0 1 0 -1 1 0 -1 0 0 0 0 0 0 1 1 -1 0 0 0 0 0 0 0 0 0 0 0 1 1 0 -1 1 0 0 1 0 0 0 0 0 0 0 -1 0 2 1 0 -1 0 0 1 0 1 -1 0 1 0 1 -1 0 0 0 0 0 0 0 2 0 1 0 0 0 -1 1 14 0 -1 1 0 0 0 0 0 0 0 -2 0 1 0 1 1 0 0 1 1 0 0 0 1 2 0 -2 0 0 0 0 -1 0 0 0 0 0 -1 0 1 -1 1 0 0 -1 0 1 -2 1 0 0 1 0 0 1 1 1 1 1 2 1 0 0 1 -1 0 0 0 -1 0 1 -1 0 2 -1 1 0 0 -1 1 1 0 0 1 0 -1 0 0 1 0 0 0 2 1 0 0 0 1 1 0 0 1 -1 1 0 0 0 1 0 1 0 0 0 1 1 2 -1 0 1 0 0 0
0 -1 1 -1 0 2 0 0 1 -1 -2 -2 1 0 0 0 1 -1 0 -1 -1 2 0 1 1 0 -1 -1 0 0 1 0 -2 0 0 0 0 0 0 0 0 0 0 -1 2 1 0 0 -1 0 0 0 1 0 -1 1 -1 -1 2 -1 -1 1 0 -1 0 0 0 0 0 1 1 0 0 -1 0 0 0 0 0 -1 0 -1 1 -1 -2 0 0 1 1 1 0 0 1 0 0 -1 -1 -1 1 2 1 0 2 1 0 -1 1 0 0 0 2 0 0 1 0 -3 0 0 -1 1 1 -1 0 2 -2 0 -1 1 0 0 -1 0 1 1 0 -1 0 1 0 0 -1 0 0 1 1 0 0 1 -1 -1 0 0 0 0 0 -1 2 2 0 0 0 0 1 0 0 1 0 -1 0 0 1 0 0 0 0 0 1 0 1 0 1 0 0 0 1 -1 1 0 0 0 0 -1 1 0 0 -1 -1 -1 1 0 0 0 0 0 -2 -3 -1 -1 0 0 -1 0 0 0 -1 -2 -2 0 0 1 0 -1 -1 1 -1 0 1 0 1 -1 -1 1 -1 0 0 0 0 0 16 1 0 0 -2 0 0 0 1 0 1 3 0 0 1 0 -1 0 0 -1 0 -1 0 -1 1 -1 1 0 1 -1 0 0 0 1 -1 0 1 -1 1 0 0 0 -2 -1 0 -1 1 2 0 1 0 -1 1 -1 0 0 2 0 2 -2 0 0 0 -1 0 0 -2 0 0 0 0 -1 0 0 2 -1 0 0 0 0 0 -1 0 1 0 0 1 0 -1 1 2 0 -1 0 0 2 1 0 0 0 0 0 -1 -1 2 0 1 1 0 0 0 0 0 -2 0 0 -1 1 1 -1 0 1
1 1 0 0 0 0 0 1 1 0 -1 0 3 0 0 -1 -1 0 1 0 -2 1 1 0 0 1 -1 0 0 0 0 0 1 1 0 1 0 0 0 -1 0 0 0 -1 1 -1 0 0 -1 0 0 1 -1 -1 -1 0 -1 1 1 -3 -1 0 0 1 0 0 1 1 1 0 -1 1 0 1 -1 2 -1 0 0 0 0 0 0 0 1 0 0 1 0 0 0 0 1 1 0 0 0 0 0 0 0 0 1 0 0 0 0 1 3 -2 1 0 -1 -2 -1 -2 1 0 0 -1 2 0 -1 -1 -1 0 0 0 0 0 1 0 -1 0 -1 -1 0 0 -1 0 1 0 0 0 0 0 0 1 1 0 -2 -1 0 0 0 -2 -1 0 -1 -1 -1 0 -1 -1 0 0 0 0 -2 0 -1 0 -3 0 0 1 -3 0 0 0 -1 -1 1 0 -1 0 -2 0 0 0 -1 0 1 -1 0 0 0 0 0 1 0 0 -1 0 0 0 0 -1 0 1 0 0 0 1 -1 -1 0 3 0 0 -1 1 0 1 1 0 1 0 0 0 0 -1 0 0 0 1 -1 -1 1 16 0 1 0 -1 0 0 0 0 1 0 0 0 1 0 1 -1 0 0 0 0 0 0 0 0 0 -1 -1 0 1 0 1 0 0 -2 -1 0 1 -2 1 0 -1 -1 0 0 0 -1 1 -1 0 0 0 0 0 1 -1 0 1 0 -2 0 -1 -1 -1 -2 -1 0 -1 -1 0 -3 0 0 1 1 0 0 0 1 -1 0 0 -1 0 1 0 0 -1 0 0 1 0 0 0 0 0 -1 0 2 0 0 1 0 0 0 0 1 0 0 0 -1 0 0 -1 1 0 0 0 -1 1 0
2 0 1 1 0 1 2 0 0 0 1 2 -2 1 0 0 1 1 0 1 -1 -3 2 2 1 0 0 -1 0 2 1 0 0 1 1 1 0 2 2 1 0 0 -1 1 0 1 1 1 0 -1 1 2 -1 0 0 0 1 -1 1 0 0 -1 3 -1 0 1 0 2 -1 -1 -1 0 0 0 1 -2 -2 2 0 -1 0 0 -1 1 2 0 1 0 1 -2 -2 2 0 1 0 -1 -1 0 0 -1 0 0 2 2 2 -1 1 0 0 1 0 0 0 0 0 -1 2 0 -1 1 0 2 0 0 1 -1 1 0 2 0 -1 0 0 -1 -1 1 1 -1 -1 1 -1 0 0 0 1 1 0 0 1 0 3 3 0 -1 -3 -1 2 -1 0 1 0 0 0 0 -1 0 -1 0 1 0 -1 0 0 -1 0 1 0 2 0 0 -1 0 0 1 -3 1 0 1 0 -2 -3 -1 1 0 1 0 -2 -1 0 -1 2 1 1 0 -2 -2 0 0 1 0 0 0 0 0 1 1 1 1 0 1 -1 -1 0 1 -2 -2 0 -1 0 5 1 0 0 0 1 0 0 1 0 0 20 0 1 1 0 -1 2 1 2 0 1 1 0 0 0 0 -2 0 0 0 -1 -1 -2 1 0 2 1 -1 -1 -1 1 0 1 -1 1 0 2 -1 -2 1 0 1 -1 0 0 2 -2 0 -2 1 -1 1 -1 0 -2 1 1 2 1 0 1 0 1 0 1 0 0 -2 2 1 0 2 0 1 0 -1 0 -1 1 0 0 0 0 1 -1 1 0 0 -1 -1 0 0 1 0 0 1 0 0 0 0 0 -1 0 0 0 1 1 2 2 0 0 0 -2 0 2 -1 1 0 1 -1
2 0 -2 1 1 1 -2 0 0 -1 0 0 1 3 0 0 0 0 1 -1 0 0 -2 1 0 0 1 0 1 -1 2 -1 0 -1 0 -1 1 0 -1 0 0 -1 0 1 0 0 1 0 -1 2 1 0 0 1 0 0 0 0 1 -3 0 -1 -1 1 1 2 0 2 0 0 -1 0 -2 -1 -1 -1 0 1 -1 2 0 0 1 -1 2 0 0 2 -1 -1 -2 0 0 -3 1 0 0 0 3 0 0 -1 0 -2 -1 1 -1 -1 0 0 2 -1 0 1 -2 -1 -1 1 0 1 1 0 0 1 0 0 0 0 1 -1 0 0 3 1 0 2 0 0 1 0 -1 0 -1 -1 2 0 1 2 0 0 2 0 0 -1 0 0 -1 0 -1 0 1 -1 1 0 -2 1 -2 2 0 0 2 0 0 0 2 0 0 0 2 1 1 3 0 0 1 0 -1 -2 0 -2 0 0 -1 1 0 0 0 0 2 -4 -1 -1 -1 1 -2 -2 0 1 1 0 1 0 0 -2 -1 0 0 2 -1 2 0 0 0 -1 0 0 2 0 0 -1 0 0 0 1 1 0 0 0 0 1 0 21 1 0 1 0 0 -1 1 2 0 0 0 1 -1 0 1 -1 4 0 -2 0 0 0 0 0 0 1 1 0 -1 0 -1 -2 1 -2 0 0 0 3 0 -1 0 0 0 0 -2 -2 -2 -2 0 0 -1 1 0 -1 1 0 2 1 -2 0 0 -1 1 0 -1 1 -2 -1 1 -1 0 1 1 -2 0 1 0 -2 1 -1 -1 0 0 -1 -1 -1 1 0 0 1 -1 0 -1 -1 -2 -1 1 0 0 1 0 -1 0 1 1 -1 -1 -2 3 1 -1 0 0 0 0 1 0 0
0 0 0 0 0 0 -1 0 -1 1 0 1 0 -1 1 0 -1 -1 0 0 0 0 -1 0 0 0 1 0 0 0 1 0 0 0 0 0 0 0 0 0 0 0 0 1 0 -1 0 0 0 1 1 0 -2 0 0 0 0 -1 -1 0 1 0 1 0 0 0 0 -1 0 0 -1 1 0 0 0 1 -1 0 0 -1 1 -1 0 1 0 -1 0 -1 1 0 0 0 2 -1 2 0 0 0 0 0 0 0 0 0 -1 0 0 0 0 1 0 -1 0 0 0 1 0 0 0 -1 0 2 0 -1 0 0 1 0 2 0 0 0 2 -1 0 0 0 -1 0 1 0 0 0 -1 0 0 1 -1 0 0 1 1 0 0 0 0 -1 0 0 1 0 0 0 0 0 0 0 1 1 0 0 1 0 1 0 0 0 0 0 0 0 1 0 -1 -1 0 0 0 0 1 -1 0 0 0 2 0 1 1 -1 0 0 0 0 0 -1 -1 0 2 0 0 0 -1 -1 0 0 0 0 1 -1 0 0 0 1 -2 1 1 0 -1 0 1 0 0 0 2 -1 0 0 0 -2 0 1 1 10 0 0 1 -1 0 0 -1 0 0 0 0 0 -1 0 0 1 0 -1 1 0 0 1 0 -1 0 0 0 0 1 -1 0 -1 0 1 0 0 0 2 0 0 0 0 0 -1 0 1 -1 0 0 0 0 0 0 1 0 0 1 1 0 0 0 1 0 0 0 0 0 0 0 0 0 0 0 -1 0 0 1 0 0 0 0 0 0 1 -1 0 1 0 0 0 0 0 0 -1 0 0 0 0 0 1 0 0 -1 0 1 1 1 1 0 0 -1 0 0 2 -2 1 0
-1 2 1 2 0 0 1 0 0 0 0 0 0 1 0 0 1 0 -2 0 0 2 0 2 0 1 0 1 2 1 2 -2 0 2 0 1 -1 0 0 1 1 0 0 0 0 3 1 0 -1 0 0 0 0 0 0 0 0 1 0 2 -1 1 -2 1 0 2 3 0 -1 1 -1 1 1 0 2 2 1 -1 1 1 -2 2 0 -1 1 0 0 3 -1 -1 5 1 2 0 1 1 0 0 0 0 0 1 0 0 1 0 0 1 1 1 0 1 -1 0 0 0 -2 0 0 -1 0 -1 1 -1 1 1 1 2 0 -2 -2 0 1 1 1 2 0 0 1 1 -2 0 -2 2 1 0 0 1 1 -1 1 -1 0 1 1 2 0 0 1 -2 1 -1 0 0 -1 1 0 1 1 1 -1 0 0 1 0 1 1 1 0 0 2 1 0 -1 0 1 0 1 -2 -1 -1 0 -1 1 0 1 1 0 0 -1 0 3 -1 -1 2 -1 -1 0 0 0 1 -2 -1 1 1 1 0 0 0 0 0 1 1 1 2 0 0 -2 -1 1 -1 -1 2 0 0 0 -1 0 0 -1 1 0 0 26 0 0 0 0 0 1 0 0 -2 0 -1 0 -1 2 0 2 -1 0 0 -2 0 2 -1 0 0 -1 1 0 0 1 0 1 -1 0 2 2 0 -2 2 -2 1 1 2 0 -1 -1 1 2 1 0 1 0 -1 0 -2 -2 1 1 0 -1 0 1 0 1 0 3 -1 0 0 -1 2 1 -1 1 -1 0 0 -2 0 0 1 -1 0 0 0 -2 -1 -2 1 0 1 1 0 0 0 0 1 1 -2 -2 0 1 0 0 2 0 2 0 -1 -1 0 2 1 1 0 0
1 0 -2 0 0 0 1 -2 2 1 0 -1 0 0 0 2 1 0 -1 -1 1 1 0 -2 1 0 1 2 1 -1 1 0 0 1 2 0 0 -1 0 0 -1 1 -1 0 -1 1 0 0 2 0 0 -1 -1 -1 0 0 0 0 0 -1 -1 -1 1 1 0 1 -1 1 0 2 1 0 -2 -2 1 -1 -1 0 0 1 0 0 -3 3 2 1 1 1 1 0 1 -1 1 1 0 1 -1 1 0 0 1 0 0 1 2 -1 -1 0 2 1 -1 0 0 1 0 1 1 -2 1 1 -1 1 -1 0 1 -1 0 2 0 0 3 -1 0 1 0 0 0 0 -1 1 0 -1 1 0 1 0 1 0 1 0 -1 0 1 3 1 2 0 1 1 0 0 1 -1 0 0 0 0 -2 0 1 1 2 1 0 0 -1 0 -1 1 0 -1 -2 0 2 1 0 -2 0 0 0 -1 -1 -1 2 -3 0 -3 0 0 -2 -1 1 -2 0 1 1 -2 -1 0 0 -1 -1 0 1 -1 0 0 -1 2 -1 0 -2 1 0 0 0 1 2 -1 -1 0 -1 1 0 0 1 -1 0 0 0 0 1 0 0 23 0 1 0 0 0 -1 -1 -1 0 -1 0 1 2 0 2 -1 0 2 1 0 1 1 2 0 -1 0 2 1 1 1 0 0 1 2 0 1 0 -1 1 0 1 -1 2 -2 -1 1 0 -3 0 0 -2 1 1 1 0 0 0 -1 0 1 2 1 1 0 -1 1 0 0 1 0 2 -1 2 1 0 0 0 -1 1 1 0 -3 -1 0 0 -1 0 0 -3 0 0 -1 0 0 -1 0 1 1 0 0 -2 1 1 0 -1 0 0 -1 3 0 0 0 0 0 0
1 1 -2 -1 1 0 0 0 -2 -1 0 -1 1 0 0 -1 0 -1 -2 0 -1 -1 -1 1 -1 1 0 0 1 0 1 0 0 0 -1 0 0 0 0 0 0 1 -1 -1 3 -1 1 1 0 0 1 0 -1 3 1 0 0 0 0 -3 -1 -1 -2 0 -2 1 0 3 2 0 0 0 0 0 0 2 -1 1 1 0 1 0 -4 2 0 -1 0 1 0 -1 -1 1 -1 -1 0 0 1 0 -2 0 1 0 0 1 -3 0 -1 -2 -1 -1 3 0 1 0 1 2 -1 1 0 0 -2 1 -1 1 1 0 0 0 0 -1 -1 0 1 -2 1 -2 0 0 1 -3 0 0 0 1 0 0 2 0 0 1 0 1 0 1 0 3 -1 0 0 0 1 0 0 1 0 0 1 0 -2 0 0 0 2 0 1 0 -1 0 0 0 0 -2 -1 -1 -2 -1 -1 0 1 -1 0 0 3 0 1 0 1 0 -2 -1 -1 0 -1 -1 -1 1 0 1 -1 1 2 0 -1 0 -2 0 -2 0 1 1 2 -2 0 0 0 0 1 0 0 1 0 0 2 0 -1 -2 0 0 0 0 -1 0 1 0 0 23 -2 0 -2 -2 -1 0 1 -1 1 0 -1 -1 -1 -1 1 4 0 1 0 0 0 0 1 0 1 0 0 1 0 0 2 -1 0 0 2 0 0 1 2 1 0 0 0 -1 -1 0 0 -1 -2 0 -1 0 0 2 0 1 1 2 0 0 -1 2 0 1 -1 -1 -1 1 1 1 1 0 -1 0 1 -1 0 0 4 0 1 1 0 0 -1 0 1 0 1 0 -1 -1 -1 0 1 0 1 1 -1 0 0 0 0 -1 1 0 0 0 -2 1 1 1 -1 -1
2 0 2 -1 0 0 2 -1 0 0 0 0 -2 0 -1 -3 1 -1 -2 -1 0 -1 1 0 0 0 1 1 -1 1 0 -1 0 0 0 1 0 -1 -1 0 0 -2 1 0 0 0 1 0 -1 -1 0 -1 1 0 0 0 1 0 1 2 0 -1 3 -1 0 0 0 -1 2 0 0 0 -1 -1 -1 -1 -1 1 1 -1 -1 2 -1 2 2 1 0 0 1 1 -2 1 0 1 0 1 0 1 0 -2 1 1 1 1 2 0 0 1 0 1 -1 0 0 0 0 -1 0 0 -3 1 0 1 -1 2 1 0 -1 1 -1 1 3 -1 -3 2 0 0 0 2 0 1 1 0 -1 0 1 1 1 0 1 0 0 0 1 0 -2 1 1 0 0 0 0 -1 0 1 0 0 0 0 -1 0 0 1 2 1 0 0 0 0 0 0 0 -1 0 0 0 0 0 0 1 -1 0 -1 -1 1 -1 0 0 1 -1 2 0 0 2 0 1 -2 0 -1 1 0 0 -1 -1 -1 1 0 1 3 2 1 -1 -1 0 1 0 0 3 0 0 2 0 -1 -1 0 0 0 -3 0 1 0 2 0 -1 0 1 -2 22 0 1 0 -1 2 0 0 1 2 -2 0 0 2 0 -1 -1 0 0 1 1 0 0 -3 0 0 1 0 0 1 -1 1 0 1 -1 1 -1 1 -1 0 0 0 1 0 2 1 0 0 -1 1 0 1 0 0 0 0 -1 0 2 3 0 -1 0 2 1 2 0 0 1 1 1 0 3 -1 1 0 0 -1 -2 2 0 0 -1 -1 0 -1 0 1 1 0 2 1 -1 0 2 0 0 -1 1 2 2 -1 0 1 -1 -1 0 0 1 0 0 0 0 0
2 0 2 0 0 0 1 0 0 -1 -1 0 3 0 1 0 0 -1 1 1 0 0 1 0 0 0 0 0 -1 0 -1 -1 -2 0 1 0 1 -1 1 1 0 1 0 0 0 0 1 -1 0 0 0 -1 0 0 0 1 0 0 0 -1 0 1 0 0 -1 0 0 0 0 1 0 -1 0 1 0 1 0 1 1 0 1 0 1 0 0 0 2 1 0 1 1 1 0 0 2 -1 0 1 1 -1 0 2 0 0 0 -1 0 2 0 -1 2 0 -1 0 0 1 2 0 0 0 0 1 0 0 0 2 0 0 0 0 0 0 0 1 -1 1 0 1 2 2 -1 1 0 0 0 1 -1 1 3 -1 1 1 1 -1 1 -1 0 -3 -1 0 1 0 0 0 1 0 1 -1 0 -1 0 0 2 0 0 0 2 2 0 0 0 1 0 0 -2 1 0 0 0 0 1 2 0 0 -1 0 0 -1 1 1 0 0 0 1 1 0 1 0 1 -1 -1 -1 0 1 0 0 0 -1 0 3 2 0 0 2 0 0 0 0 1 2 0 0 -1 0 0 -1 2 0 0 0 1 -1 0 0 0 0 0 17 1 0 0 -1 0 1 -1 -1 -1 1 -1 0 1 0 1 1 -1 0 1 0 0 -2 0 0 0 0 0 0 -1 1 1 0 1 1 -1 0 0 -1 3 1 1 0 0 0 0 0 1 0 0 -1 0 2 1 -1 -2 0 1 0 1 1 0 1 0 1 1 1 0 0 0 -3 1 1 2 2 1 0 -1 0 0 1 -1 0 0 -2 0 -1 0 -2 0 0 0 0 -1 0 1 0 1 -2 0 1 1 1 0 1 -1 1 3 0 1 1 0 0
-1 -1 2 0 0 1 0 0 -1 -1 0 0 3 2 0 0 0 2 0 -1 -1 0 0 1 -1 3 0 -3 0 -2 3 1 -1 1 -1 -1 -1 -1 1 -1 -1 1 2 0 0 1 0 -1 0 0 1 0 0 0 -1 0 1 0 1 -1 0 -3 5 0 0 0 2 1 -2 0 0 0 -1 0 1 0 0 0 1 -3 -1 0 0 1 -2 0 0 0 0 2 1 0 -2 1 2 0 -1 1 0 2 1 -1 0 0 0 0 2 0 -2 -1 1 -1 1 0 0 -1 0 0 0 0 0 0 0 0 0 0 1 0 0 0 1 0 2 0 0 -1 0 -1 1 -1 0 0 0 1 2 0 -1 2 -1 -2 0 0 -1 -2 0 0 0 0 0 -1 0 1 1 0 2 0 0 -3 3 0 2 -1 1 -2 -1 1 -1 0 1 1 -1 0 0 0 -2 -1 -1 0 1 0 -1 1 1 3 1 0 0 1 0 -1 2 1 1 -2 2 1 0 1 2 0 -2 0 0 0 -1 -2 -1 2 0 0 -1 1 0 0 -1 0 0 0 -1 0 1 0 -1 0 0 1 -1 -2 1 1 2 1 0 0 0 -2 1 1 22 0 2 0 1 0 -1 0 -2 0 -1 1 -2 0 0 0 0 0 1 0 2 0 1 -1 -1 -3 0 0 0 -1 1 -2 0 0 0 0 0 0 -1 0 0 1 2 -1 0 0 3 -1 1 1 -1 1 0 3 0 2 0 0 0 0 -1 1 0 1 0 1 0 0 0 0 0 0 0 -2 0 0 -2 0 -2 1 0 0 2 -1 -1 0 1 0 1 0 0 2 1 0 3 1 0 -1 0 0 0 -2 -2 -1 -1 2 0 0 0 1 -1 2
-1 0 0 1 0 0 0 0 1 0 0 0 0 1 0 0 1 1 1 0 1 1 1 -1 0 0 2 0 1 1 0 0 1 0 1 1 1 1 0 0 0 -1 0 0 0 0 0 0 0 1 1 -1 0 -1 -1 1 0 0 1 1 0 1 0 0 -1 0 0 -1 0 1 0 1 0 -3 0 0 -2 -1 -1 2 1 -1 2 -1 0 1 0 -1 0 1 -1 1 -1 1 -2 0 0 3 0 0 -1 0 0 -1 0 0 1 1 0 0 -1 0 0 1 0 0 1 -2 -1 0 0 -1 1 0 -1 0 -1 0 0 0 -1 -1 0 1 0 1 0 1 0 0 -2 0 0 2 -1 0 1 0 0 -1 -3 0 0 1 0 1 0 0 0 -1 0 -1 1 1 0 0 0 0 1 0 -1 0 0 1 1 0 0 0 1 1 0 0 0 -1 2 0 1 1 -1 1 0 0 0 0 0 0 -1 0 0 -1 0 0 0 2 0 -3 0 1 1 0 -1 0 0 0 2 -1 0 -1 0 2 0 0 0 1 0 0 2 0 0 -1 0 0 0 0 1 0 0 0 3 0 0 2 -1 1 0 -2 0 0 0 15 1 0 1 0 -2 0 0 0 0 1 0 0 0 0 0 -1 2 1 1 1 0 0 1 0 0 -1 1 2 0 0 0 0 0 -1 0 1 0 0 0 0 0 1 0 0 1 -1 1 1 0 0 -1 -2 1 -1 -1 0 0 0 -2 0 0 0 2 0 0 0 -1 0 0 0 0 -1 0 0 -1 1 0 0 1 0 -1 0 0 1 0 0 0 0 2 0 -1 1 0 0 1 0 0 -1 -1 0 0 -1 0 2 0 1 -1 1 0 0
-1 -1 1 0 0 0 1 -1 0 1 0 0 0 1 0 0 1 0 0 1 -1 0 1 0 0 0 -3 0 2 0 -1 0 1 0 0 -1 0 1 0 0 2 0 2 1 0 2 0 0 0 1 0 0 -1 1 0 1 0 1 -1 1 0 0 1 2 0 0 -1 0 0 -1 0 0 0 0 1 -1 0 0 0 1 1 0 2 -1 0 2 0 0 0 0 -2 2 1 -3 -1 0 0 1 -1 0 0 -1 1 0 -1 0 1 0 -1 0 0 2 -1 1 0 2 0 0 0 -1 0 0 1 1 -1 0 0 0 -1 1 1 0 0 -2 0 1 0 0 0 -2 0 0 0 0 0 0 0 1 0 0 1 -1 0 -1 0 -2 1 1 1 0 0 0 0 0 0 0 0 2 1 -1 1 -1 1 -1 0 0 1 0 -1 0 0 0 0 -1 2 0 0 2 0 0 0 0 0 1 2 1 0 1 -1 1 1 0 0 0 2 -4 1 0 0 0 0 1 0 1 3 0 0 2 0 2 0 0 0 0 -1 0 -1 0 0 1 0 0 -1 -2 0 1 1 1 0 0 1 0 0 0 -1 -1 -1 0 2 1 20 0 -1 0 3 0 -1 1 0 -1 1 -1 0 1 0 2 2 0 -2 0 0 1 0 -1 -1 2 0 0 0 0 1 1 0 0 0 -1 0 1 -1 1 1 0 2 0 -2 2 0 0 0 0 0 0 0 1 0 0 -1 0 1 1 0 1 2 1 1 -1 -2 2 0 0 -1 0 -2 0 -1 0 0 0 0 0 1 1 -1 0 1 1 -1 0 0 1 0 2 -1 0 0 0 0 -1 0 0 1 1 0 1 0 -1 -1 0 1 1
0 -1 0 0 0 2 0 0 0 0 0 0 -1 0 0 1 -1 2 0 0 -1 0 1 1 0 0 0 -1 0 -2 2 0 1 1 0 1 1 0 1 0 0 -1 0 -1 0 0 1 1 -1 -1 0 0 0 0 0 1 1 0 0 3 1 1 0 0 -1 0 3 -1 -1 0 0 0 1 0 1 1 1 0 0 0 0 0 0 0 0 -1 1 1 0 0 0 1 0 -2 0 0 1 -1 0 0 0 0 1 1 0 2 0 1 0 1 0 -1 0 -1 0 0 1 0 0 1 0 0 0 0 0 0 -1 -1 0 0 0 1 0 0 1 0 1 1 -1 0 0 1 0 0 -1 0 0 0 -1 0 0 0 1 1 -1 0 0 1 0 0 2 2 0 0 3 0 0 0 -1 1 -1 0 0 1 1 1 1 0 -1 0 0 2 0 0 0 0 0 -1 1 0 0 -1 -1 0 0 1 1 0 0 0 1 0 1 0 1 2 0 0 0 -1 0 2 -1 0 0 0 -1 0 0 0 0 1 -1 0 0 -1 0 -1 0 0 0 2 0 -1 0 0 0 0 0 0 1 0 0 0 -1 0 2 -1 0 0 0 13 0 0 0 0 -1 0 3 0 0 1 -1 0 1 -1 0 1 0 0 2 -1 -1 0 0 0 1 0 -1 0 0 -1 -1 0 -1 0 0 1 0 1 1 1 1 -1 0 1 1 1 0 1 0 0 1 0 1 1 0 0 1 0 1 0 0 -1 -1 0 0 0 0 0 0 1 1 0 -1 0 0 -1 0 -1 1 -1 0 0 0 -2 1 1 0 -1 0 0 0 1 0 3 0 0 0 0 -1 1 0 0 0 0 0 0 0 0
-1 0 0 0 0 0 0 0 -1 0 -1 1 0 0 -1 0 1 0 2 0 1 0 1 0 0 0 -1 -1 0 0 0 0 0 0 0 0 2 1 0 -1 1 0 0 0 -1 1 0 -2 1 0 0 -1 -1 0 -1 1 0 -1 2 -1 2 0 1 -2 2 0 0 1 -1 0 1 0 0 -1 0 -1 0 1 -1 0 0 0 -1 0 0 -2 0 -1 0 2 -1 -1 -2 1 1 0 1 -1 -2 1 1 0 0 -1 -2 -1 0 -1 0 1 -1 -1 1 0 1 0 -1 0 0 1 2 1 2 1 0 -1 0 1 1 0 1 0 0 2 0 0 0 -1 -1 1 -1 1 1 0 0 0 0 0 1 0 -2 1 0 0 -1 1 -1 0 0 1 0 1 0 0 0 0 0 1 2 0 -1 0 3 -1 0 1 0 -1 2 -2 -1 0 1 1 0 1 -2 -1 1 -1 0 0 -2 0 1 0 0 1 0 1 1 0 -1 1 -1 1 1 0 2 1 -1 -1 1 -1 -1 -2 2 -1 -2 0 0 0 1 0 0 0 1 0 0 0 1 0 1 0 -1 0 0 1 1 1 0 0 0 -2 -1 1 0 0 1 1 -1 0 18 1 1 0 0 0 0 0 -2 -1 0 -1 0 0 2 1 2 1 0 -1 0 -1 0 0 0 0 -2 -1 1 2 -1 0 0 0 0 -1 0 0 0 0 2 -1 0 -1 -2 0 0 0 -1 1 -1 0 -1 -1 0 0 2 2 -1 1 -1 0 0 0 0 0 0 0 2 0 0 0 0 2 0 0 0 0 0 1 0 0 -1 -1 -2 1 -1 0 -1 0 2 0 0 -1 0 0 1 1 -2 0 0 1 0 1 1 0 1 0
1 -1 0 -1 0 0 1 0 0 2 -1 1 1 1 1 1 2 1 -1 0 0 0 0 1 1 0 0 0 0 0 1 2 0 0 -1 3 2 1 0 0 -1 1 0 1 0 0 1 -1 1 0 -2 0 0 0 -1 0 0 0 0 0 1 -1 0 -2 1 -2 -1 1 1 0 1 1 0 0 0 -1 1 2 1 0 1 0 2 0 0 0 0 2 0 0 0 0 1 -1 0 1 3 0 1 1 0 0 0 -1 0 0 0 -1 0 0 2 -3 0 0 1 0 0 0 0 0 1 -1 0 -1 0 0 0 0 0 1 0 0 1 0 0 0 0 0 0 -1 1 1 0 0 -1 0 -3 0 0 -2 0 1 0 0 0 0 0 0 3 -3 -1 1 0 -1 0 0 0 -1 0 0 1 0 3 -2 -1 -1 -1 0 -1 -1 0 1 0 0 -1 0 1 0 -1 -1 0 0 -1 0 -1 0 1 -1 0 1 -1 0 3 1 0 -1 -2 1 2 0 0 0 -1 0 0 0 0 0 1 0 0 2 0 2 0 -2 1 1 0 0 0 0 -1 1 0 0 2 1 0 0 0 1 0 0 0 -1 0 1 0 0 0 0 1 19 0 0 2 1 1 0 1 1 0 0 0 0 -1 -1 0 0 0 -1 0 -1 0 0 1 -1 0 0 1 1 -1 -4 1 -1 0 -1 0 -1 0 1 0 1 1 -1 0 -1 0 0 0 -1 0 0 -1 0 1 1 0 1 0 1 0 -1 -2 0 0 0 1 0 -1 1 0 0 0 0 0 0 1 0 0 3 3 0 -1 0 -1 0 -1 0 0 -1 -1 -1 0 -2 1 0 1 -1 1 0 -2 -1 0 -1 -1 1 0 0
-1 1 1 0 3 0 0 0 3 0 1 0 0 0 0 -2 0 -1 2 -2 0 -1 -1 -1 0 0 -1 0 0 -2 -1 -2 0 -1 0 -1 1 2 -1 3 0 0 0 -1 0 -1 -1 1 -1 -2 -1 2 0 -1 -1 -1 0 1 0 -1 0 0 2 -2 1 1 -1 1 1 0 1 1 0 -1 0 -1 1 0 0 0 1 0 0 -1 0 2 0 1 0 1 0 0 0 -1 -1 0 1 0 -2 -4 -1 -1 0 -1 0 0 -1 1 0 -1 -1 -2 -2 -2 0 0 0 2 0 1 0 0 -2 1 0 -1 1 1 0 0 1 0 -1 0 1 1 0 0 -3 0 0 -1 0 0 0 -2 1 0 0 -1 -1 1 0 0 -1 1 -1 2 0 0 0 2 0 0 0 0 0 2 -2 -1 -1 2 -1 -1 -1 -1 0 2 1 -1 0 -2 0 0 -2 -1 1 -1 1 -1 0 -1 -2 1 0 -1 0 -1 -1 0 0 0 0 -1 -2 0 0 0 -2 0 1 1 -1 0 1 -1 1 2 2 0 0 0 0 0 0 0 1 0 0 2 0 0 0 0 0 1 -1 0 -1 1 0 -1 0 -1 -1 1 1 -1 -1 -2 3 0 1 0 23 0 1 0 0 -1 -1 -2 1 0 1 3 1 1 -1 0 1 0 0 -1 0 0 0 -1 -1 -2 -1 0 -2 0 0 -1 0 0 0 0 0 -1 2 0 -3 0 0 -2 -1 0 -1 0 0 1 1 0 -1 0 1 1 1 -2 -1 0 0 0 0 1 1 1 0 -1 1 0 -1 -1 0 1 1 -2 0 -1 -1 1 -1 0 1 1 0 0 0 0 0 -1 0 -1 -1 2 1 -1 -2 0 0 1 0 1 0 0 -1 -1
0 0 0 -2 0 0 1 -1 0 0 0 0 0 0 0 0 1 0 0 0 0 0 0 -1 0 0 0 0 1 0 0 0 0 -1 0 0 0 1 0 2 0 1 0 1 1 -1 0 2 0 0 0 0 0 0 0 0 0 0 0 0 0 1 0 0 0 0 -2 0 0 0 0 1 -1 -2 0 -1 0 0 0 1 0 0 0 0 0 0 0 0 1 1 0 0 1 0 1 1 -1 0 -1 0 1 1 1 -1 0 0 0 0 0 1 0 0 1 1 0 0 0 0 1 0 0 0 0 1 -1 0 0 0 -1 1 0 1 0 1 0 0 0 -1 0 0 0 0 0 0 0 0 0 0 0 0 1 0 1 0 -1 0 0 0 0 0 0 0 0 0 0 0 1 0 1 0 0 1 0 -1 0 1 0 0 0 0 0 0 0 0 0 0 1 0 0 0 0 0 0 0 0 0 0 0 -2 0 0 0 0 0 1 0 0 0 0 0 0 0 -1 1 0 0 0 0 0 0 -1 0 0 1 0 0 3 0 0 -1 0 1 0 0 0 0 -1 0 0 -1 0 0 -1 0 0 0 2 -1 0 0 0 0 0 0 0 7 1 0 -1 0 -1 -2 0 0 -1 2 0 0 0 0 0 1 1 1 1 1 0 1 0 0 0 -1 0 0 0 0 0 0 0 0 0 1 0 0 0 0 0 1 0 0 1 0 1 0 0 0 0 0 0 -1 0 0 -1 -1 0 1 -1 0 0 0 0 1 0 -1 0 1 1 0 1 0 0 0 0 0 0 0 0 -1 1 0 -1 0 -1 0 -1 0 0 0 -2 -1 0 0 0 0 0 0 -1 1 -1 0
1 0 -2 2 -1 0 -1 0 1 -1 -1 0 1 0 0 0 0 0 2 0 0 1 1 -1 1 1 0 0 0 0 -1 1 0 -1 1 1 -2 0 0 4 3 1 0 1 1 -1 0 -1 0 1 0 1 0 0 -2 0 -1 0 0 0 0 1 -1 0 1 1 -1 0 -1 0 1 0 1 1 1 -1 0 0 0 0 0 0 0 0 0 0 -1 0 0 1 -1 1 0 0 -2 0 -1 0 0 -1 3 0 2 0 0 -2 3 0 0 0 -1 0 0 0 1 -1 0 0 1 2 0 0 0 -1 -1 0 -1 0 1 2 0 0 1 0 0 0 0 1 0 1 -1 -1 0 1 -1 -1 0 0 -1 0 -3 0 1 -1 2 0 -1 0 0 1 1 0 0 -1 -1 0 -1 0 -1 1 0 0 1 0 -1 1 0 0 1 0 0 -1 0 0 0 0 1 0 0 -1 0 0 0 0 -1 0 -1 3 -1 0 -1 1 -2 1 0 1 0 -1 -1 4 1 0 1 1 1 1 0 0 -2 -2 0 3 1 0 2 0 1 2 0 0 0 -1 0 0 -1 1 1 1 0 0 -2 1 0 -1 1 -1 -2 -1 -2 0 -1 -1 0 2 1 1 24 -2 0 0 1 -2 -1 0 -1 0 0 2 1 2 -1 1 -1 0 0 0 1 1 0 0 0 -2 -1 1 0 -2 1 0 1 -1 -1 -1 -2 1 2 -1 1 0 0 0 0 0 0 0 1 -1 0 0 0 0 1 1 0 -1 -2 0 -2 -3 0 0 1 0 -1 -1 0 -2 -1 -1 2 0 0 0 -1 0 -1 2 0 0 0 -1 -1 1 0 -1 0 0 1 0 0 0 -1 0 2 0 -1 0 0 1 -1 0
-1 1 0 1 0 -2 0 -2 0 -1 0 1 -5 1 1 0 1 -1 1 1 0 1 3 -1 0 -1 1 0 1 0 2 -1 0 1 1 1 1 1 -1 1 1 0 1 0 0 -1 -1 1 0 1 0 -4 0 0 1 0 0 0 0 0 0 0 0 -1 -1 -1 -1 1 -1 1 0 -1 0 -1 0 0 1 2 0 0 -1 -3 0 -2 1 0 1 0 0 -1 4 0 0 -1 3 2 2 2 -1 -1 1 0 -1 -1 3 -1 2 -1 1 1 -2 0 0 0 0 0 0 -2 1 -3 1 1 0 0 0 0 1 0 -1 -3 1 0 1 1 0 -1 0 1 0 0 2 1 0 -1 -1 0 0 1 3 0 0 0 1 -1 0 0 0 -1 -1 0 0 0 -1 0 2 0 1 0 2 0 0 -1 0 0 -1 1 0 -1 1 0 0 0 0 0 0 2 -1 0 0 0 0 2 1 -1 0 0 0 0 0 1 1 0 1 -2 0 -2 1 -1 -2 0 -2 0 0 0 0 0 -1 0 0 0 -2 -1 1 1 1 0 0 2 1 0 0 0 0 0 2 1 0 1 -1 0 0 -1 0 2 2 -1 0 1 0 0 1 0 0 1 0 0 -2 22 -1 2 0 1 0 0 0 0 1 0 -1 -1 0 1 1 -1 -2 0 0 0 2 0 -1 1 0 -1 0 0 -1 1 -1 1 0 1 -2 0 -1 0 0 0 -1 1 0 0 1 0 1 0 1 0 -1 -2 0 3 2 -1 1 -1 0 0 0 0 -1 -1 0 1 -1 1 0 -2 1 1 0 1 0 -1 -1 0 0 0 0 1 0 1 -1 -1 0 0 1 1 1 -1 1 1 -4 -1 1 0 1 0 -1 2
-1 0 0 0 -1 1 0 0 0 1 0 -1 -1 0 1 0 0 2 2 0 0 0 0 1 0 1 -1 -1 0 0 1 0 0 -1 0 0 1 0 1 0 0 -1 2 0 0 -1 0 0 -1 0 0 0 1 1 0 0 0 0 0 2 1 0 0 0 1 1 1 -1 0 0 1 0 -1 0 -2 3 1 -1 0 2 0 0 2 0 2 0 0 1 0 0 1 -1 3 0 0 0 2 0 1 -1 0 0 1 1 1 0 -1 0 0 0 2 0 0 0 0 0 1 0 0 0 1 -1 0 0 2 0 -1 0 1 3 0 1 -1 -1 0 2 0 2 -1 1 0 1 0 -1 1 0 0 1 -1 -1 2 -1 0 0 0 0 0 0 0 0 0 -1 1 0 3 0 -1 0 0 0 0 0 0 1 2 0 -2 0 -1 0 0 0 0 0 2 -1 0 0 0 0 1 -1 0 0 0 0 1 0 0 -3 -1 0 2 0 -1 -1 0 0 0 0 0 1 0 -1 0 1 2 0 1 -1 0 0 -1 0 -1 1 0 0 0 1 0 0 0 0 1 0 0 0 0 0 0 4 1 0 0 -1 0 -1 -1 0 0 3 0 1 0 -1 0 -1 16 1 0 2 -2 0 2 0 0 0 0 0 1 -2 0 -1 -1 0 1 0 1 2 1 0 0 0 -1 0 2 -1 0 -2 1 -1 -1 1 0 0 -1 0 3 0 0 -1 1 0 0 1 0 0 0 0 0 0 0 -1 0 -1 -1 0 0 0 0 1 0 1 0 0 -1 0 0 0 2 1 1 -1 1 0 0 0 0 -2 0 0 1 0 0 2 0 0 0 0 0 0 0 1 0 0 1 0 0 1
0 0 1 0 0 -1 1 -1 0 0 0 1 -2 -1 3 0 0 -2 -1 0 1 -1 -2 -1 0 0 2 0 -1 2 -1 0 -1 -1 1 -1 1 1 -1 1 0 0 1 0 -1 1 0 -1 0 0 0 -2 -1 1 0 -1 0 -2 1 1 0 -1 -3 1 0 1 0 1 -1 1 0 -1 -1 0 0 0 0 0 1 2 -1 0 -1 2 -1 1 0 -2 0 0 0 0 0 0 1 0 0 1 0 0 0 0 0 1 1 -2 1 1 0 1 -1 -1 0 0 -2 0 0 -1 0 0 0 1 0 -2 1 1 0 0 1 -1 2 1 0 1 -1 3 0 -1 0 1 -1 0 0 1 -1 0 1 0 0 0 0 0 0 0 0 0 -2 0 1 0 0 -2 -1 1 1 2 0 1 1 -1 1 1 2 0 0 0 -1 0 0 3 1 -1 0 1 -1 -1 0 0 0 0 0 -1 1 1 0 -1 0 0 0 1 0 0 1 -1 2 1 -2 1 0 0 1 -1 0 0 0 1 1 -1 0 0 -2 0 0 0 1 0 0 -1 0 2 -1 -1 0 -2 0 0 0 0 -1 0 0 0 0 2 2 -1 2 0 1 1 -1 0 0 0 -1 0 0 2 1 20 0 0 0 -1 -1 1 0 -1 1 0 1 0 0 0 0 0 -1 0 0 1 0 1 2 1 -2 0 0 -1 1 -1 0 0 0 0 0 -1 -1 -1 -2 -1 0 0 0 -2 1 2 0 0 0 0 -2 0 1 -1 0 0 -1 -1 1 1 1 -1 -1 0 1 1 -2 -2 1 0 0 -3 0 0 -1 0 0 0 2 -2 1 -1 0 -1 0 0 0 0 0 0 1 0 -1 0 0 2 0 0 1 1
-1 0 -3 0 -1 0 1 0 0 1 0 -1 0 0 1 1 0 0 0 0 -2 1 2 0 -1 0 0 0 0 0 1 0 0 1 -1 0 0 0 0 0 1 0 0 1 0 0 2 0 0 0 0 1 0 1 1 0 0 0 0 1 -1 0 -1 0 -2 0 1 1 2 -1 0 -2 0 1 0 0 0 0 0 0 1 0 0 1 0 0 0 1 0 -1 0 0 0 -1 -2 0 1 0 1 0 0 0 0 1 0 1 -1 0 -1 0 0 0 0 0 0 1 1 1 1 1 0 0 1 1 0 0 0 0 -1 0 0 -2 0 0 0 0 -1 2 -1 0 0 0 1 1 -1 0 0 0 0 0 2 0 1 0 1 -1 0 1 1 0 0 0 0 0 0 0 1 0 -1 0 2 -1 0 0 0 0 0 0 -1 1 0 -1 0 0 0 2 0 1 -1 0 -1 0 1 0 1 1 2 1 1 0 -1 0 0 0 2 1 0 0 -1 0 0 1 2 -1 -1 1 0 1 1 0 1 0 0 1 0 0 0 1 0 0 0 0 -1 0 0 0 1 0 0 0 -1 -2 -1 -1 -1 1 0 1 -2 0 1 0 -2 1 -1 -1 1 0 0 0 14 1 0 0 0 -1 1 1 -1 1 1 0 0 1 0 1 1 -1 1 0 0 1 0 0 1 1 0 0 1 1 -1 0 0 1 1 0 0 0 0 -1 0 -2 0 0 -2 0 -1 0 0 2 0 1 -1 0 -1 0 0 0 0 0 -1 1 -1 0 1 0 1 1 0 -1 0 0 0 0 0 1 1 0 0 -1 0 1 -1 -2 1 0 0 0 1 1 -1 0 -1 0 0 0 0 0 0 0
0 0 -1 0 0 0 0 0 -1 1 2 0 -1 1 1 0 -1 0 1 0 2 1 0 2 0 2 1 0 0 0 0 0 0 -1 -1 0 1 -2 0 -2 0 0 -1 1 1 0 0 0 1 0 0 -1 0 1 2 0 0 -1 -1 -1 0 0 0 -3 1 0 0 -1 0 1 1 -1 0 1 0 2 -1 1 -2 0 0 -2 -2 2 0 -1 0 2 0 0 2 0 0 0 3 0 4 0 1 3 1 0 2 2 1 1 1 0 1 2 1 0 1 -1 0 2 0 0 2 2 1 0 1 -2 0 -1 -1 1 -1 0 -1 -1 0 -3 -1 -1 0 1 0 0 1 0 0 1 0 3 0 0 0 0 -1 -2 0 0 -1 0 -1 1 1 0 0 0 0 -1 2 0 0 1 0 1 0 0 0 -1 0 4 0 0 0 -1 0 -1 -2 0 3 -1 0 0 0 1 2 0 4 -1 0 1 0 0 4 -1 0 -1 0 0 -1 1 1 1 0 0 0 0 0 -3 -4 1 0 0 0 3 2 -1 0 1 0 0 0 1 0 -1 0 0 1 1 0 -1 0 1 -1 0 -1 0 1 0 0 4 -1 0 0 0 -1 1 -1 1 -2 -2 -2 1 2 0 1 23 -1 -1 2 1 0 0 0 0 -1 0 0 1 -1 -1 1 0 0 -1 0 1 0 -1 1 2 0 0 0 0 1 0 -1 -2 0 0 -1 0 0 1 0 0 1 0 0 0 0 0 -1 1 0 2 0 0 -1 0 2 0 -1 0 0 -1 0 0 1 -1 0 0 0 0 0 0 1 -1 2 0 1 1 0 -1 1 0 1 -1 -3 1 0 0 2 0 0 0 1 1 -2 0 1 0 3 -1
-1 -1 -1 0 0 -1 0 1 0 -1 -1 -1 5 0 0 0 0 -1 0 1 -1 1 0 0 0 0 -1 0 1 -1 -1 1 1 0 -1 0 1 0 -1 1 -1 1 0 -1 0 0 0 0 0 1 2 -1 0 0 1 1 0 3 0 0 -1 0 1 2 1 0 1 2 -1 1 -2 -1 -1 0 1 -1 1 1 0 0 0 0 0 0 -2 0 1 -2 -1 2 -1 0 3 0 0 1 0 0 0 0 -1 1 -1 0 -2 1 -2 0 1 3 0 -1 3 1 0 0 0 0 -2 2 0 0 2 1 -2 0 2 0 -2 -1 1 0 0 1 0 -2 -2 1 2 0 0 -1 1 1 0 -1 0 0 1 0 0 0 0 0 0 -2 0 1 2 -1 -1 0 0 1 0 1 2 0 0 0 -2 2 -1 0 0 0 1 1 -1 0 1 2 0 1 0 0 -3 -1 0 -1 1 0 0 0 -1 -2 0 -1 0 0 0 1 -2 0 0 1 -1 1 0 1 -1 0 0 1 0 -2 0 -1 0 1 1 1 1 -1 0 1 0 0 -1 0 1 -1 -1 0 0 0 0 2 1 0 -2 0 0 0 2 0 -1 1 0 0 0 -1 0 0 1 0 -1 0 -2 0 0 -1 22 1 0 -3 1 -1 1 -1 1 3 0 1 -1 1 1 1 0 0 0 -1 -1 0 0 -1 -2 1 0 -1 -2 1 0 0 0 1 2 0 2 0 1 0 -1 0 0 0 0 1 -1 1 1 0 0 0 0 0 1 1 -1 0 0 -1 0 1 0 0 0 -1 0 0 0 0 1 1 2 -1 -2 0 1 1 0 1 0 0 0 0 1 0 1 0 0 0 -1 2 0 1 0 1 0 0
1 -1 0 -1 0 0 0 0 0 0 3 0 2 0 0 1 0 2 1 1 1 -1 0 0 0 0 0 0 0 1 0 0 0 0 1 0 -1 1 0 0 0 0 1 1 1 0 0 1 1 1 1 2 0 1 -1 1 0 1 0 -1 -1 0 0 0 1 -1 0 0 -1 0 0 0 1 1 0 0 2 0 0 0 0 -1 -1 -1 0 1 1 -1 0 0 0 0 0 0 0 0 0 1 0 0 0 0 1 0 0 -1 0 0 -1 -1 -1 2 1 1 1 0 1 1 0 0 -1 0 0 1 1 1 0 -1 1 1 -1 -1 0 -3 -1 0 0 1 0 -2 1 0 -1 0 0 1 0 0 0 0 1 0 0 0 0 -1 1 0 0 2 0 0 0 0 1 0 0 -1 1 0 0 -1 0 0 1 0 1 0 0 0 -1 1 -1 1 -1 0 -1 0 1 0 1 -1 2 1 -2 0 0 0 -2 0 0 0 0 0 0 -1 0 -1 0 0 -1 1 -1 0 0 0 0 0 0 0 1 -1 0 0 -1 0 0 -1 0 0 1 2 0 0 0 1 1 0 -1 0 1 0 0 -2 1 1 0 1 0 0 1 0 -1 0 0 0 0 0 0 -1 0 -1 1 12 0 0 -2 0 -1 -1 -1 0 0 -1 0 0 0 0 1 0 1 0 3 0 -1 1 -2 0 0 0 0 3 1 0 -1 0 1 -1 0 1 1 0 0 0 0 -1 0 0 1 0 0 0 0 1 0 0 0 2 -1 0 0 1 0 0 0 0 -1 0 0 1 1 0 0 0 0 0 2 1 -1 0 2 0 0 0 0 0 1 0 1 -1 0 1 0 -1 -1 -1 0 0 0 0
0 1 -1 0 0 0 2 0 1 0 -1 -1 0 0 1 1 0 0 -1 0 -1 0 0 0 0 0 2 0 -1 0 2 1 0 2 0 0 2 0 1 -1 0 0 -2 -1 0 0 0 -1 0 1 0 1 0 -1 0 0 0 0 0 0 0 0 0 0 0 0 0 1 1 0 1 0 0 0 0 1 0 0 0 1 0 -1 0 1 -1 1 -1 0 1 -1 -1 0 -1 0 -1 0 1 -1 -1 0 0 0 1 2 0 1 2 -1 0 0 0 0 1 0 1 1 0 0 1 1 1 0 0 -1 1 1 -1 -1 2 1 1 1 -1 -1 0 -1 0 -1 0 0 1 1 1 1 0 0 0 0 0 1 1 -1 -2 1 1 -1 0 0 0 0 0 0 -1 1 -1 0 -1 0 0 0 -2 0 0 1 0 1 1 0 2 -1 0 0 -1 0 0 0 2 -1 0 0 0 -3 0 0 1 2 3 -2 -1 -1 0 0 2 1 1 1 -1 -1 -1 0 0 -1 0 -1 -1 0 1 2 0 0 0 1 0 0 0 0 0 0 0 0 0 1 0 -1 0 0 0 -2 1 0 0 0 1 0 0 0 0 -1 0 0 0 1 0 0 1 -1 -1 0 2 -1 0 2 0 0 15 -1 0 0 0 -1 0 -1 0 0 -1 0 1 0 0 -1 0 0 0 -1 1 0 0 1 1 0 0 1 1 -1 1 1 0 0 0 0 0 -2 1 1 -1 1 1 0 0 1 2 0 0 0 -1 1 0 1 0 0 0 -2 0 1 0 1 1 -1 2 0 0 0 0 0 1 0 0 1 1 0 1 -1 1 -1 1 2 0 0 1 0 -1 0 0 0 1 1 1 0 1 1
2 -2 0 -1 1 0 0 -1 1 0 1 0 -1 1 0 0 3 1 0 0 0 -2 0 2 1 0 -3 1 0 1 -2 0 2 -3 1 -1 0 -1 0 1 0 -1 1 0 0 0 0 1 0 -1 0 0 0 0 -1 -1 1 0 1 -1 0 0 0 2 1 1 1 0 0 0 0 0 -1 0 0 -1 -1 0 -1 1 0 0 -1 0 0 0 0 3 1 1 0 0 -1 1 2 1 -1 1 1 -1 0 1 1 0 1 0 -1 1 0 0 1 0 0 1 0 0 0 0 -1 1 1 -2 0 1 3 0 1 0 0 1 2 0 -1 1 0 3 2 -1 0 0 0 1 0 1 2 -1 0 1 1 -1 1 0 0 1 -2 0 -1 0 1 2 -2 0 0 -1 -1 0 0 -1 1 -1 0 1 0 -1 0 1 2 0 0 0 -1 -2 -1 3 -1 -1 0 0 1 -1 1 1 1 0 -1 0 0 0 2 0 0 0 -1 0 0 1 0 0 0 -1 0 1 -1 0 2 0 0 2 0 2 -1 0 0 1 0 0 1 -1 0 2 -2 -1 0 1 -1 0 -2 0 0 -1 2 0 0 2 1 0 1 0 0 -1 2 -1 0 0 3 2 0 0 0 1 -1 1 -3 0 -1 21 1 -1 -1 0 0 0 1 0 0 1 -1 0 -1 0 0 0 -1 0 0 -1 0 0 -1 1 0 0 1 -1 -1 0 0 1 -1 0 1 0 2 0 0 0 0 -1 0 0 1 1 0 0 1 2 -3 -1 -2 0 -1 1 0 0 0 0 0 0 2 1 1 0 1 1 0 0 0 0 0 -1 0 0 0 0 -3 -1 0 0 2 -1 1 1 0 0 0 -1 1 0 0 -1
0 2 1 2 0 -2 2 -1 0 -1 -1 0 -2 1 -1 0 1 -1 1 0 -1 4 1 0 1 0 -1 -2 3 0 1 1 1 0 1 0 2 0 2 1 1 0 0 0 0 0 1 -1 0 0 1 0 0 1 0 1 0 0 0 1 -1 0 1 1 1 0 0 0 0 1 1 0 -1 -1 0 3 0 0 0 0 1 0 0 1 0 2 0 -1 0 1 -1 2 -1 1 1 1 1 -1 0 -1 -1 2 2 0 -1 -1 0 0 0 0 0 -1 0 0 0 0 0 1 0 -1 0 -1 -1 3 0 -1 0 1 0 0 1 -1 -1 2 0 1 1 -1 1 -1 -1 0 2 2 0 -1 1 2 1 0 1 0 1 0 0 3 1 1 0 -1 1 0 0 0 0 -1 0 1 0 1 -1 0 2 0 1 0 3 0 0 0 -2 0 1 -1 3 1 0 0 -2 1 0 0 -2 0 -1 2 -1 0 1 -1 2 1 1 0 1 0 0 -1 0 0 0 0 3 0 1 -1 0 2 -1 -1 1 0 0 -1 -2 0 1 1 1 0 1 -2 -1 0 0 0 0 0 1 -1 1 0 -1 -1 1 0 1 1 1 2 2 0 2 -1 1 0 0 1 0 0 1 0 1 -2 0 1 21 0 1 0 0 0 0 0 0 0 1 0 -1 1 0 -1 0 1 0 0 0 0 0 1 0 0 0 0 -2 -2 0 3 0 0 -2 -1 2 1 0 1 -1 0 0 0 0 0 -1 0 -1 0 -2 -1 2 -1 0 -2 0 -1 -1 -1 -2 -1 1 -1 -1 0 -1 0 1 -1 0 1 1 1 0 3 1 1 0 0 0 1 -1 1 -1 2 0 0 1 0 0 0 -1 0
-3 -1 1 0 0 -1 1 -1 0 1 -1 -1 1 0 0 0 -2 0 0 -1 0 1 0 0 -1 0 1 0 0 -2 0 -1 3 0 0 -1 1 0 0 1 0 0 -1 -1 -1 0 0 -1 2 0 0 1 0 -2 1 1 -1 2 0 0 0 1 0 -1 0 0 0 0 1 0 1 -1 0 -1 1 0 1 1 0 -1 -1 0 -2 -1 1 0 -1 0 0 1 0 1 -1 -1 0 1 -2 -1 0 -1 0 -1 0 0 1 2 0 1 0 2 0 -1 0 -2 0 1 2 0 0 1 0 -1 -1 0 -2 -1 0 0 0 1 2 0 0 -1 0 0 0 0 0 0 0 0 0 0 2 -1 0 0 0 0 -1 -2 0 -1 2 0 -1 1 -1 0 2 0 -2 2 2 0 -1 0 -1 0 -1 0 1 0 0 0 0 1 0 0 -1 -1 1 -1 2 0 -1 -1 1 -1 0 1 0 1 1 0 0 2 0 1 1 0 0 -1 3 3 1 0 0 0 -2 0 -1 -1 -3 1 1 0 -1 0 0 2 0 -1 1 1 -1 1 -1 -1 -1 0 0 0 1 0 0 0 -1 0 -1 1 0 0 2 0 0 0 0 1 0 1 1 -1 1 0 2 0 0 -1 1 0 -1 0 0 -1 0 18 -1 0 0 0 0 1 1 1 0 0 0 0 0 0 -2 0 2 1 0 0 2 -1 0 1 0 0 1 1 0 1 1 0 1 1 0 0 0 -1 1 0 1 0 0 1 1 -3 0 0 3 0 -1 0 2 0 -1 1 -1 0 0 0 2 -1 -1 -1 0 -1 -1 0 0 0 -1 0 0 3 0 -1 0 0 -1 0 0 0 0 -2 3 1 2 -1 0 1 1 0
-1 0 1 0 1 0 -1 0 0 0 -1 1 4 0 0 0 0 0 1 -1 -1 0 0 0 0 0 1 0 -1 0 1 1 0 0 0 0 1 0 0 0 -1 1 0 0 0 -1 0 -1 1 -1 0 -2 0 0 -1 0 0 -1 -1 -1 -1 0 0 0 1 0 2 1 1 1 1 0 2 0 -1 1 1 -1 0 1 0 -1 1 0 0 0 0 1 -1 0 0 0 -2 1 1 0 0 0 0 0 0 2 -1 0 0 -1 2 0 0 0 1 -1 0 0 0 0 0 -1 0 0 0 0 -1 0 0 -1 0 1 0 -1 -1 0 1 2 0 0 0 0 0 0 -2 0 1 0 0 0 0 0 0 -1 -1 0 0 0 1 1 -1 0 0 0 0 1 -1 1 0 0 0 1 1 0 0 0 0 0 0 0 -1 -1 0 0 1 0 0 1 -1 0 0 0 0 0 0 0 -1 1 -1 0 0 2 0 -1 0 0 0 -1 0 0 0 0 0 3 0 0 0 -1 0 0 1 0 0 1 1 0 -1 0 0 0 0 1 0 1 0 0 0 0 -2 0 0 0 0 1 -1 1 0 0 0 1 0 0 2 1 -2 0 2 0 -1 0 1 -1 0 1 -1 0 1 -1 0 -1 1 -1 13 1 1 0 1 -2 0 -1 1 -1 1 0 0 -2 0 0 0 2 1 0 0 -1 0 1 0 -1 2 0 0 0 1 0 0 -1 0 -1 0 0 -2 2 -1 0 -1 0 0 -1 -1 0 -1 -1 -1 -1 1 -1 1 0 1 1 0 0 0 0 1 0 -1 1 1 0 0 0 -1 1 -1 0 0 1 0 0 0 0 0 0 0 -1 0 0 1 1 0 0 0 -1
0 -1 0 -1 0 0 0 0 -1 1 0 1 -1 0 0 -2 1 2 0 0 0 0 1 -3 1 0 0 -2 -1 -3 0 0 0 1 -1 -1 0 1 0 1 1 0 0 0 0 0 2 1 -1 -1 0 0 1 0 0 -1 0 -1 -1 0 1 0 -2 -1 0 0 1 -1 0 -2 -1 0 1 0 0 -1 0 -2 0 0 1 0 0 -2 0 0 -1 -1 0 1 0 0 -1 -1 0 0 -1 0 1 1 0 -1 -1 -1 2 0 2 0 1 2 0 2 1 0 0 0 -1 0 -1 1 0 0 0 -2 0 0 1 1 1 -1 0 -1 0 1 0 0 -1 -1 -1 1 0 0 1 0 -1 1 0 0 -1 -1 0 0 0 -1 1 0 0 1 0 0 0 0 1 -1 0 0 -1 1 1 1 0 0 -1 0 1 1 -2 -1 0 -1 0 2 0 -1 0 0 1 0 0 0 -1 1 0 -1 1 0 -1 1 1 -2 -1 -1 -1 1 -2 1 0 -1 0 2 0 1 0 -2 0 0 -2 0 1 -1 0 1 0 1 -1 0 0 0 0 -2 1 0 0 0 0 -2 -2 -1 0 0 -1 0 0 -1 -1 0 -3 -2 0 1 0 0 1 0 0 0 2 -1 0 0 1 0 -1 -1 -1 0 0 0 1 19 0 0 0 0 1 0 1 0 -1 -1 0 0 0 1 0 0 -1 -1 -1 -1 -1 0 0 1 1 -1 0 0 0 0 0 -2 0 0 0 1 -1 0 -2 -2 -1 -1 -1 0 0 -1 0 -2 -1 1 1 0 -1 0 2 0 1 0 0 2 -2 0 -2 1 -1 0 0 0 -1 0 0 1 -1 -2 0 -1 0 0 -1 0 1 1 0 -1 1 0 0 -1 1 1
0 0 -1 -1 2 0 0 2 -1 0 -1 1 1 0 0 1 1 0 0 -2 0 -1 0 2 1 0 -1 -2 0 -1 1 0 2 0 2 0 0 0 1 -1 0 2 0 0 0 0 3 -1 -2 1 0 0 0 0 0 0 3 0 -1 -1 -1 1 2 0 -1 1 3 1 1 0 0 1 1 1 0 2 0 0 0 -1 0 0 0 0 0 0 0 -2 0 0 0 1 1 1 0 0 0 0 0 0 0 0 0 -1 0 1 -2 1 1 0 0 -1 -1 0 0 1 2 0 2 1 1 0 -2 -1 0 -1 1 -1 1 -1 -1 0 -1 1 0 0 2 0 -1 -1 -3 0 1 -1 0 1 0 0 0 -1 0 0 0 1 0 1 -1 0 1 -1 0 1 0 2 0 0 1 0 0 0 0 0 1 0 0 0 0 1 0 0 -1 2 0 0 0 0 0 1 1 0 -1 -1 0 -1 0 0 1 0 2 2 2 0 0 2 0 1 0 0 -1 -1 -1 1 -1 2 2 2 0 1 0 0 1 2 -2 -1 -1 0 0 -2 -1 0 0 1 -1 0 0 0 0 0 0 1 1 -1 0 1 0 1 0 0 1 0 0 2 0 0 1 0 -1 0 1 1 1 -1 1 -1 0 0 0 0 1 0 20 0 0 0 0 0 1 -2 -1 0 0 -1 -1 0 0 -1 0 0 -1 -1 -1 1 1 1 -1 2 1 0 2 1 -1 0 0 -1 -1 1 0 1 1 0 0 0 0 0 0 0 0 1 0 0 0 -1 0 -1 0 0 -1 -1 -1 -1 1 -2 0 0 2 0 0 0 1 -1 1 -1 0 0 1 1 0 1 0 2 1 0 -1 1 0 0 0 0 0 -1
2 0 0 1 0 -1 2 -1 0 0 0 1 0 1 0 -1 0 0 0 0 0 0 0 -1 1 0 0 1 1 0 -1 0 0 -2 0 0 0 3 1 1 1 -1 -1 1 0 1 0 3 0 -1 -2 0 0 -1 0 1 0 0 -3 0 1 -2 0 0 0 0 -1 1 -1 0 -1 0 0 0 -1 0 0 0 -1 2 -1 -1 -1 0 0 2 0 0 0 0 1 0 1 -1 2 1 0 0 2 1 1 0 1 -1 0 -1 2 0 0 0 -2 -1 1 0 0 0 1 -1 3 -1 0 0 1 0 0 -1 1 1 -1 0 1 0 0 -1 0 1 0 1 0 -1 -1 0 0 2 0 0 1 0 2 -1 -1 1 -1 0 0 -2 1 -1 0 1 0 -1 0 0 -1 0 2 0 2 0 0 -1 0 0 0 1 0 0 -1 0 -1 0 0 -1 0 0 1 0 0 -1 0 1 0 -1 1 0 0 1 0 -1 0 0 -1 0 1 0 -2 -2 -1 0 1 0 -1 0 0 -1 0 0 0 1 0 0 0 0 0 -3 0 3 0 -3 0 0 1 0 0 0 -1 0 1 0 0 0 1 0 2 0 0 0 -1 0 1 -1 -1 -1 0 1 1 1 -2 0 0 0 3 0 -1 0 0 0 0 0 0 17 0 1 1 -1 1 -1 0 1 -1 0 0 0 0 0 -1 0 1 0 -1 1 -1 0 -2 0 0 0 0 1 0 0 -1 0 -1 1 1 0 -1 0 -1 0 0 0 0 -1 0 0 1 0 1 -2 0 0 0 0 0 0 0 2 -1 -1 0 1 0 0 -1 0 0 0 -1 1 0 -1 0 -1 1 0 3 2 1 -2 0 0 0 -1 0 0 0 -1
-1 0 0 -1 0 0 0 0 0 1 1 1 0 1 1 0 1 -1 -1 0 -1 -1 0 -1 1 0 1 0 0 1 -1 2 0 0 1 0 0 -1 0 0 0 0 1 0 -1 0 0 1 1 -1 -1 -2 0 0 0 0 0 -1 1 -1 1 0 0 1 0 0 2 1 0 0 0 0 1 -1 0 -1 0 0 0 1 0 1 -1 -2 2 2 -1 1 1 1 1 0 -3 2 0 1 0 1 0 0 0 2 -1 0 0 1 3 0 0 0 0 1 0 0 1 0 1 0 0 1 2 0 1 1 1 -1 0 -1 -1 -1 0 -1 0 0 1 1 1 0 -1 2 0 1 1 0 0 0 1 0 1 0 -3 0 0 0 -2 0 1 0 0 0 0 0 0 0 0 0 -1 1 1 0 -2 0 -1 1 -1 1 0 1 0 0 -2 -1 0 1 -2 0 -1 2 0 -1 1 0 2 -1 0 1 1 -2 0 -1 1 0 0 0 -2 2 0 1 -1 0 -1 1 0 0 1 0 0 -3 1 0 0 0 -1 0 0 0 1 2 0 -1 0 -1 0 1 1 1 1 0 -1 0 1 -1 -1 0 1 0 1 0 -1 1 0 -1 0 0 0 1 -1 1 0 0 0 0 0 0 0 1 0 0 1 0 0 0 14 0 0 2 0 0 -1 0 0 0 0 0 1 1 1 0 -1 -1 0 1 0 0 1 0 -1 0 -2 0 0 0 0 0 0 0 1 0 0 0 0 0 0 -1 0 2 0 1 0 0 0 1 -1 1 -1 1 1 0 1 0 0 0 0 -1 0 1 0 0 0 0 0 0 0 -2 0 0 0 1 1 -2 0 0 1 2 0 0 -3 1 0 0
0 0 -1 1 0 0 2 0 0 -1 0 -1 -2 0 0 -1 1 0 -2 0 1 -2 0 0 0 0 0 0 -1 0 -1 -1 0 0 0 0 0 1 1 1 0 0 0 1 0 2 0 0 -2 -3 -1 1 -1 1 0 0 0 1 0 0 -1 0 -1 0 0 1 -1 -1 3 0 0 -2 1 1 0 -1 -2 1 0 1 0 1 1 1 -1 -2 0 -1 0 0 0 0 3 1 -1 1 0 0 -1 0 0 -1 1 -1 0 1 -1 0 0 1 0 1 0 0 -1 1 0 -1 0 -1 1 0 3 1 -1 -1 0 0 0 -1 -1 -1 0 1 0 0 0 0 -1 -1 0 0 0 0 -3 0 -1 0 0 2 0 0 1 -1 -1 0 0 0 -1 0 0 0 1 0 0 0 0 0 -1 -1 0 0 -1 2 1 -1 0 1 0 0 2 0 -1 -1 0 0 0 0 1 0 0 0 1 -1 0 0 -1 -1 0 1 -1 -1 0 1 0 0 -1 0 -1 0 0 -1 0 0 0 -1 0 -3 0 -1 0 1 0 0 1 0 0 0 -1 0 1 1 0 0 0 -1 1 0 0 -2 -1 -2 0 1 1 1 0 0 -3 0 -1 0 -1 -1 -1 1 0 -1 -1 0 1 1 1 -1 0 0 0 1 -2 0 0 1 0 17 0 0 0 1 -1 -1 1 -1 1 1 -1 -1 0 -1 -2 0 -1 0 -1 -1 0 1 1 2 0 -1 -1 0 0 0 0 -1 2 -1 0 3 0 0 0 0 0 1 0 -1 0 0 -1 1 -2 0 0 1 0 0 0 0 -1 -1 1 1 0 0 1 0 0 -1 1 1 0 0 0 1 0 0 0 0 0 -1 0 1 -1 -1 -1 1 1 0
0 0 1 -1 0 2 0 0 0 1 0 -1 2 0 -1 0 1 1 0 0 1 2 -1 0 1 0 0 -1 1 0 -1 0 0 0 0 0 0 1 0 -1 1 0 0 0 -1 0 1 1 0 0 0 1 0 1 0 0 -2 0 0 0 0 0 2 0 0 0 0 1 -1 1 -1 0 0 1 2 0 0 -2 0 1 0 0 0 -1 1 -1 0 0 1 1 -2 1 0 -1 0 -1 0 -2 0 0 0 0 0 -1 0 0 0 0 0 0 0 0 1 1 0 0 0 1 1 0 0 -2 0 0 0 0 0 1 1 1 -1 0 0 1 0 2 0 -1 0 0 -1 0 0 0 2 0 1 0 0 1 -1 0 0 1 0 0 2 2 0 0 1 -1 -1 1 0 0 0 1 -1 0 0 0 1 -1 0 0 1 0 0 0 -1 0 0 0 1 0 1 -1 0 0 -1 0 -1 1 -1 0 0 0 0 0 0 0 1 0 1 0 0 0 2 1 4 0 0 -1 0 1 0 0 -1 0 0 0 0 0 0 0 1 1 0 0 0 -1 0 0 0 -1 0 0 1 -1 1 1 -1 0 1 0 0 0 0 0 -1 0 0 0 0 1 0 -2 -1 0 0 -1 -1 0 -1 0 0 1 0 1 0 1 0 0 12 -1 0 0 0 0 0 0 0 0 0 0 -1 0 1 0 1 1 -1 0 1 0 0 1 0 0 1 2 0 0 1 0 0 -1 0 -1 0 0 -1 0 -1 0 -2 0 0 -1 1 1 0 0 0 0 0 0 0 0 0 0 -1 0 -1 -1 0 0 0 0 0 0 0 -1 0 -1 0 1 -1 0 0 -1 2 0 0 -1 0 0 2 -1
0 0 0 -1 0 -1 2 0 0 1 0 0 0 0 0 0 1 0 0 1 -3 0 0 -2 0 0 1 0 1 1 0 0 0 0 0 0 0 -1 0 0 1 0 0 1 1 1 0 2 1 2 0 -1 0 0 -1 0 -1 1 0 1 0 0 0 0 0 1 -1 -1 0 -1 -1 1 0 0 1 1 0 0 0 1 0 4 0 0 0 1 0 0 0 2 1 0 1 2 0 1 0 1 -1 0 1 1 -1 0 1 0 1 1 -1 0 1 0 0 1 0 0 0 1 -1 1 0 0 0 1 0 0 1 0 -1 2 1 0 0 0 0 0 0 -1 0 0 0 0 1 0 1 -1 -1 0 0 -1 0 0 0 1 -1 0 0 0 1 0 0 1 0 0 0 -1 0 -1 0 0 0 0 1 0 0 1 -1 0 0 -1 0 0 0 0 0 0 -1 0 1 1 0 0 0 0 1 1 0 1 0 1 0 1 0 0 0 1 0 0 -1 0 0 0 0 4 0 1 0 0 0 1 0 0 0 0 0 1 0 0 0 2 1 1 0 0 1 0 0 -1 -1 0 0 -2 0 1 0 0 1 0 0 -1 2 0 0 0 0 1 0 0 0 0 1 -1 1 0 0 1 0 1 -1 0 0 -1 2 0 -1 12 -1 2 0 0 0 0 0 0 0 0 1 -1 0 0 1 1 0 0 0 0 0 0 0 0 0 0 1 0 0 0 1 -1 0 0 1 0 -1 0 1 2 0 0 0 2 0 1 -1 2 0 0 0 0 1 -1 1 0 2 -1 0 1 0 1 1 0 0 0 0 -2 0 0 0 0 0 -1 0 1 0 0 0 0 -1 -1 0 1
0 0 0 0 -1 0 0 1 0 1 1 0 1 -1 1 -1 0 2 3 1 0 2 -1 0 0 2 1 -1 -1 0 0 0 1 1 -2 1 0 0 0 2 -1 3 0 0 -1 0 1 0 2 0 2 0 1 -1 0 -1 1 -1 0 0 1 0 1 0 -1 0 0 0 0 0 -1 0 1 0 0 1 0 0 0 -1 0 -1 2 1 2 1 2 1 0 2 0 0 0 1 0 1 1 -1 1 -1 0 0 1 0 0 0 2 1 -1 0 0 -1 1 1 0 0 1 0 -1 -1 -1 0 1 0 0 0 0 -3 1 0 -1 0 1 1 -1 1 -2 1 -1 0 0 -2 0 0 1 0 0 0 0 -1 1 1 -1 -1 2 0 0 0 1 0 -2 1 0 0 2 0 0 2 -1 0 1 1 1 -1 0 1 3 0 0 2 0 -2 0 -1 0 1 1 0 -1 1 0 -1 0 0 -1 1 0 3 0 0 1 1 2 -1 0 0 1 -1 0 2 -1 0 0 1 0 0 -1 1 -1 -2 0 1 0 -1 0 2 0 0 0 0 1 0 0 -1 0 0 1 0 1 1 2 0 1 -1 0 2 -1 -1 0 1 0 1 0 1 0 0 1 0 1 -1 1 1 1 0 1 -1 1 0 1 1 1 1 0 0 0 -1 22 0 0 1 1 0 1 1 -1 -1 -1 0 0 3 -2 1 1 0 -1 2 1 1 -1 0 1 0 1 0 0 0 0 1 0 1 0 2 1 1 0 0 0 0 0 -1 -1 0 0 0 0 1 0 2 0 1 -2 0 1 0 -1 0 -2 0 -1 1 -1 2 1 -2 -1 1 0 0 -1 2 0 0 1 2 2 -1 -1 0 1 1
-1 0 1 2 1 0 1 0 2 0 -1 2 -1 2 0 2 1 0 2 1 1 0 1 0 0 0 0 0 0 1 -1 2 -1 0 0 0 -1 -1 0 -1 3 0 -1 1 0 0 -1 1 0 1 -1 0 0 -1 1 1 0 -1 2 2 -1 0 0 1 0 0 -2 0 0 0 0 -2 -1 -2 2 0 0 -1 0 0 1 0 0 0 -1 0 0 1 1 0 2 0 -1 2 0 1 -1 1 0 0 -1 1 0 -2 2 0 0 1 0 2 0 0 1 0 1 1 1 -2 0 0 0 -1 1 0 -1 1 -1 0 0 2 1 1 0 1 0 0 -1 0 0 1 -1 0 0 1 0 1 0 0 -2 0 -1 1 0 1 0 2 0 0 0 1 1 0 -1 0 0 1 1 1 1 2 1 0 1 2 1 1 2 0 2 -1 0 1 0 -1 -2 0 2 0 -2 1 1 0 -1 0 2 1 0 3 -1 1 0 0 1 0 2 -1 0 0 2 0 0 -2 0 2 0 0 0 -1 -1 0 2 -2 0 0 1 0 0 0 1 1 0 1 1 -2 0 -2 1 1 0 -2 -1 0 0 0 1 -1 1 1 -1 2 0 0 0 -1 -1 1 1 0 0 0 -1 0 1 0 0 0 0 0 -1 0 -2 -1 0 1 0 2 0 21 -1 1 0 0 1 0 0 -1 -1 0 1 -1 0 2 0 0 1 -2 1 0 1 0 0 0 0 0 -1 0 1 0 -3 2 0 0 0 -1 0 1 0 0 1 2 1 4 0 -1 -1 1 3 1 1 2 0 -1 2 0 -1 1 0 -1 1 0 1 1 1 1 0 -1 0 0 -1 0 -1 1 1 1 0 2 0 1 1 0
-2 0 0 0 0 1 0 -1 0 -1 0 -2 2 1 2 0 0 1 0 0 0 1 0 -1 -1 0 -1 2 1 0 0 0 -1 0 0 1 -1 0 0 0 0 0 0 0 1 0 -1 1 -1 1 1 1 1 1 0 1 0 1 -2 0 -2 0 -1 2 0 0 -2 -1 1 1 1 0 1 1 0 -1 1 1 0 0 0 -2 -1 0 0 0 0 0 0 -3 -1 0 3 -1 1 0 1 1 0 -1 0 0 0 0 0 -2 1 1 0 -1 1 1 -2 0 0 0 0 -1 -1 0 0 -1 0 1 1 0 -1 0 -1 0 0 0 0 -1 -1 1 -1 0 1 0 1 -1 -1 -1 1 0 0 2 -1 0 -1 -3 0 -1 0 1 0 0 -1 -1 1 -2 0 0 0 0 0 0 1 -1 1 0 1 0 -1 0 0 -1 0 1 2 0 0 1 0 -1 -2 0 0 0 0 0 0 0 -2 0 -1 0 0 1 0 1 -1 -1 1 -1 1 -1 -1 -1 -1 -1 0 0 0 2 0 0 0 0 2 0 1 2 -1 0 0 0 0 0 -1 0 0 0 0 1 0 -1 0 1 -2 0 0 2 2 0 0 1 1 0 0 -1 -2 0 -1 0 0 2 1 0 1 0 0 1 0 -1 -1 0 1 -1 -1 0 -1 -1 0 0 0 -1 18 1 0 0 0 1 1 0 0 2 0 -1 0 1 0 0 1 1 0 0 0 1 0 0 0 0 0 -1 1 0 -1 0 0 2 0 0 0 0 0 1 0 0 -1 -1 0 0 2 -1 -3 0 -1 1 -1 1 -1 0 -1 -2 0 0 0 1 1 -1 -1 0 0 -1 -1 1 1 -1 1 0 -2 0 0 1 0 -1 0 0
1 1 1 -1 0 -2 1 -1 -1 0 -1 0 -2 2 2 -1 0 0 -1 1 0 0 -1 0 0 1 -1 -1 0 0 0 -1 0 -2 -1 -1 1 1 -1 0 2 -2 2 0 0 0 -1 2 0 0 1 -2 0 0 0 0 -1 1 0 -1 0 -1 0 -1 1 1 0 -2 1 -1 0 2 0 -1 1 0 2 0 0 1 0 0 1 1 2 0 0 0 0 -1 -1 0 1 0 0 0 1 0 0 0 0 0 0 0 0 -1 0 0 0 0 0 0 0 0 0 0 1 1 0 -1 0 0 0 0 0 1 -1 -1 1 0 0 0 0 1 0 2 0 1 -1 0 0 1 -1 1 2 0 1 0 -1 0 0 0 1 -2 1 0 2 -1 0 0 0 -2 0 0 -1 -1 0 1 0 0 0 0 2 -1 3 0 1 0 -1 0 2 0 -1 -1 1 1 0 -1 0 1 -1 0 0 0 0 1 0 1 2 -1 0 0 0 0 0 -1 -2 0 1 0 0 0 0 0 0 1 1 0 0 0 -1 0 0 0 0 0 0 -1 0 2 -1 1 0 0 0 0 1 1 0 0 1 3 0 2 0 0 1 0 -2 0 0 0 -1 0 -2 0 0 0 2 1 0 -1 0 0 -1 0 1 0 0 -1 0 1 0 -1 0 0 1 1 1 16 0 0 0 0 0 0 2 1 0 -1 0 0 -1 0 0 1 1 0 1 -1 -1 0 0 -1 0 2 -1 -1 -1 -1 0 0 0 -1 0 0 0 1 1 0 1 0 0 0 0 -1 -1 1 -2 -1 1 -1 1 0 0 0 -1 0 0 1 0 1 -1 0 0 2 0 0 1 0 1 -2 0 0 0 0 1 -1 -1 0
-1 0 0 0 0 0 0 1 -1 2 1 1 2 -1 1 1 0 0 -1 1 1 0 0 1 -1 0 1 0 0 -1 -1 -2 0 0 0 0 0 0 0 0 -1 2 0 1 0 1 0 -2 1 1 3 0 -1 0 0 0 -1 -2 -1 0 0 0 0 1 0 2 1 -1 0 0 1 0 0 1 0 0 0 1 0 0 1 0 1 0 1 -2 0 1 0 0 0 -1 0 1 -1 1 0 0 -1 0 1 1 0 0 0 0 -2 0 0 1 1 0 0 0 -1 2 0 -1 0 -1 -2 3 0 1 1 0 -1 1 0 0 0 0 1 0 -1 0 0 0 0 1 0 -1 1 0 0 0 0 0 0 1 1 0 1 0 0 0 1 0 1 1 1 0 0 0 1 0 -1 0 1 0 0 0 1 0 0 0 -1 0 2 1 -1 0 0 0 0 0 0 0 -1 0 0 0 1 2 -1 0 -1 0 -1 0 0 0 -1 1 -1 -1 0 1 0 -1 0 -1 -1 1 -1 0 -2 -2 1 1 0 1 0 0 0 1 2 0 0 0 0 -1 1 0 0 0 0 0 -2 -1 0 0 2 0 1 2 -1 1 0 0 1 0 1 1 -1 0 0 -1 1 0 0 0 0 1 0 0 0 0 0 0 0 -1 0 1 0 0 1 0 0 0 16 0 0 0 -1 0 0 -1 -1 0 0 2 0 0 2 0 0 0 0 1 2 0 -1 0 -2 -1 0 1 1 2 1 0 0 -1 0 0 -1 0 0 0 0 1 0 -2 0 0 2 -1 0 0 1 1 0 0 1 1 0 0 1 -1 2 0 1 2 1 1 0 0 0 -1 -1 0 0 1 0 0 0 1 0 0
0 0 0 3 -2 0 1 0 1 1 1 0 0 -2 1 0 0 0 2 1 1 2 0 2 0 1 0 0 1 -1 0 1 0 0 0 0 0 -1 0 -2 -1 -1 1 1 0 1 -1 0 2 -2 1 1 0 0 1 -2 1 -1 -1 1 3 0 0 -1 1 -1 0 -2 1 0 0 -1 0 0 0 -3 0 0 -1 0 1 0 0 0 1 2 1 0 -1 0 -1 -2 1 0 0 -1 3 0 1 -1 0 -2 -1 1 0 0 0 1 0 0 0 1 2 0 1 1 0 0 0 -3 0 0 0 -1 1 0 0 0 0 0 1 -1 1 -1 0 1 0 0 0 1 1 1 -1 0 0 -1 0 0 0 0 0 0 0 0 -2 0 0 0 0 0 0 -1 0 -1 1 0 0 0 1 -2 0 0 1 -1 0 -1 -1 1 3 -1 0 0 0 0 2 0 0 -2 0 0 0 0 -1 0 1 1 0 -1 0 -2 0 0 1 -2 1 -2 1 -1 1 -2 0 0 0 -1 0 0 0 1 0 -1 1 0 0 2 0 0 0 0 0 0 0 0 0 0 0 0 0 0 -1 -1 1 -1 0 -2 0 0 1 1 0 0 1 -1 2 1 0 -1 -2 1 0 1 1 1 -1 0 0 0 -1 0 -2 0 -1 0 0 -1 0 0 0 0 0 0 0 18 -1 0 0 0 0 0 0 0 0 1 2 0 0 0 -2 -1 -1 0 1 0 0 0 1 1 0 2 1 2 -1 4 0 0 0 0 0 2 0 0 -1 0 0 0 0 1 0 1 0 0 -2 1 0 0 0 0 0 0 0 0 1 0 0 -1 0 -1 1 0 1 0 0 0 1 0 2 0 0 0 0 1
0 1 0 0 0 0 0 1 0 1 0 0 0 -1 0 0 0 -1 0 2 1 1 -1 0 -1 0 1 -1 -1 1 -1 -1 0 1 1 0 -1 0 1 -2 0 1 0 1 0 1 -1 -1 -1 1 0 0 0 2 0 0 0 -1 0 0 -1 0 -1 0 0 0 1 1 -1 0 -1 0 0 0 0 0 0 0 0 1 0 1 1 0 0 1 -1 0 0 0 0 -1 -1 0 0 1 0 1 0 0 1 -2 -1 -1 0 0 1 1 1 -3 1 1 1 1 -1 0 0 0 0 0 -2 0 0 0 -1 1 0 0 2 1 -2 -1 1 -1 0 0 0 0 0 -1 1 -1 0 1 1 1 -1 0 -1 -1 1 0 1 0 1 -1 1 1 -1 0 0 0 0 -1 0 1 0 -1 1 0 0 -1 0 1 0 0 -1 -2 0 1 -1 0 -1 0 -1 0 0 0 -2 1 1 0 1 1 0 1 0 3 -1 0 0 0 0 -1 -1 -1 0 0 0 0 0 0 0 0 0 0 0 0 0 -1 1 0 1 -2 0 0 0 0 0 0 0 0 1 -1 -1 0 0 -1 0 0 -1 0 0 2 -1 0 -1 -1 0 0 0 -1 -1 -1 -2 0 -1 0 0 2 0 0 -1 3 0 -1 0 -2 0 0 -1 0 0 1 0 0 1 1 0 0 0 -1 13 0 -1 0 0 0 0 0 -3 1 0 0 0 0 0 0 1 0 1 0 0 0 -1 0 1 0 0 0 -1 -1 0 0 0 0 -1 1 0 0 0 -2 0 -1 0 0 0 -1 0 1 0 -1 0 -2 0 0 0 -1 0 0 0 0 0 0 0 0 1 -1 0 -1 0 -2 1 -1 0 1 -1 0 0 0
1 0 -3 0 0 0 -2 -4 0 0 1 -2 -1 1 1 -1 1 0 1 0 0 1 0 2 0 1 0 0 0 0 0 1 0 -2 1 -1 0 -1 0 0 -2 1 1 0 0 1 0 -2 0 -1 2 1 -1 1 -1 -1 0 0 0 2 1 -1 -1 1 -1 0 0 -2 -1 1 0 0 0 3 -1 0 -2 -1 1 0 0 -1 -2 1 1 -2 0 1 0 -1 -1 2 0 -1 -1 0 -2 1 -2 0 0 0 0 0 0 -1 -1 0 0 1 -2 2 1 -1 0 1 0 0 -2 1 2 3 0 0 2 1 -1 0 0 0 2 0 -1 1 -1 0 0 1 -1 1 0 -1 1 0 0 0 2 0 1 1 0 1 2 1 0 1 0 0 -2 2 0 0 0 -3 3 -1 -1 0 -2 0 1 0 1 1 -1 1 0 0 -1 2 2 -1 1 0 0 -1 -1 -1 1 -1 0 0 0 -1 -1 0 -1 0 0 -1 0 -1 -2 0 1 0 1 -1 -1 1 2 0 1 -1 1 -1 -1 2 0 1 0 0 0 -1 0 1 -1 -2 -1 -1 0 -1 1 -1 -1 0 -1 0 -1 0 0 0 0 -2 1 1 1 0 0 -1 0 0 0 -4 0 0 1 -1 0 1 0 -1 0 0 -1 0 1 0 0 1 0 0 0 1 0 0 1 0 1 0 0 0 0 20 0 -4 -1 2 -1 0 0 -2 1 0 1 1 0 -1 0 1 0 0 0 0 2 0 1 1 1 0 0 0 1 3 0 0 -1 0 1 1 1 -1 2 0 -1 2 1 1 1 -1 0 0 -1 1 -1 -1 1 -1 0 1 1 0 1 1 0 1 1 0 0 0 -1 0 2 0 0 0 1 1 1 0
0 -2 0 0 0 0 1 0 1 1 0 -3 0 2 2 2 0 0 -1 1 -1 0 -1 2 0 0 0 0 0 0 3 1 0 1 0 0 1 0 0 0 0 0 0 1 1 2 0 0 0 1 0 1 0 -1 0 0 0 0 0 1 0 0 0 1 -2 -1 0 1 -1 0 0 0 1 1 1 -1 1 0 0 0 0 -2 -1 -1 1 1 0 2 0 -1 0 0 -2 -1 1 0 0 -1 0 0 0 0 -1 2 -3 0 1 -1 0 2 2 0 -1 0 2 1 0 0 3 0 -1 -1 1 -1 -1 0 0 0 -1 0 1 0 0 -2 0 -2 -1 0 0 0 0 0 0 1 2 0 -1 0 1 0 0 0 0 1 0 1 1 -1 1 0 2 -1 -1 0 1 1 -1 1 0 1 1 0 1 0 0 1 1 0 0 1 -4 0 1 0 -1 0 -2 -1 1 0 0 0 -2 1 0 -1 1 0 -1 0 0 0 -1 0 1 2 -1 1 0 0 -2 -1 0 0 0 0 -2 0 -1 0 -1 0 0 0 0 1 0 1 1 1 0 -2 0 -1 1 -1 0 1 1 0 0 0 0 1 0 2 -1 0 0 0 0 -1 0 1 0 0 0 0 -1 -2 1 1 0 -1 1 0 0 2 0 0 0 0 1 -1 0 0 -1 0 1 0 -1 0 -1 0 17 1 0 1 1 0 1 0 0 1 1 0 0 1 0 1 0 0 0 0 -3 -1 0 0 -1 0 0 0 -1 -2 0 0 0 0 0 0 0 -1 0 0 1 0 2 0 1 1 0 0 0 -1 1 0 2 0 -1 1 0 1 0 0 0 -1 -1 0 0 0 1 0 1 -2 0 1 -1 0 0 0
-3 0 0 0 0 0 0 1 -2 1 2 0 -1 -2 -1 1 1 0 0 -2 -1 0 -1 0 2 0 1 2 -1 2 1 0 -2 1 0 0 1 1 0 0 -3 0 0 0 0 0 -1 1 2 3 -1 -1 0 0 1 1 -1 0 0 0 1 2 -1 0 1 0 0 0 0 -1 0 1 1 1 0 0 0 1 2 0 2 0 0 -1 0 2 1 1 0 -1 0 0 1 1 0 0 0 0 0 0 0 0 0 2 3 0 1 1 0 0 1 -1 -2 0 -1 0 1 2 0 -1 0 -1 -1 0 2 -1 0 1 0 2 0 -2 0 -1 0 -1 1 0 -2 -1 0 0 0 0 -1 1 1 0 -1 -1 1 -2 0 0 -1 0 -3 2 1 0 0 -1 -1 1 -1 0 -1 0 2 0 -1 1 -2 0 0 2 0 0 0 0 -1 1 -1 0 2 0 0 -1 0 1 -1 0 0 2 1 0 0 0 1 2 -1 1 0 0 0 -1 0 1 -1 0 0 1 0 -2 0 2 0 0 0 2 0 -3 2 0 2 1 1 1 0 -1 1 0 0 0 -1 1 0 -2 2 -1 2 0 0 1 1 1 0 -1 0 1 -1 0 0 -1 -1 0 -2 0 0 0 1 2 -1 1 0 -1 0 1 2 0 -1 0 1 -1 0 0 -1 -1 0 0 0 0 0 -4 1 24 -2 0 1 -1 -1 0 -1 -3 0 1 -1 -2 0 1 1 1 0 0 -1 0 -1 0 0 1 0 1 0 -3 0 0 1 0 -1 -2 0 -2 -1 1 1 -1 -2 1 0 0 1 0 0 0 1 0 0 1 0 0 0 -1 0 -2 0 0 -1 0 -1 0 -1 -1 -1 -2 -1 1 0 -2 2 0
0 1 1 0 0 -1 0 1 0 0 -1 0 0 -2 2 2 0 1 0 0 0 1 1 -3 -1 0 0 0 2 0 1 -1 0 1 0 0 1 0 0 -1 -1 0 1 0 0 -1 0 -2 0 -1 -1 -2 1 0 0 -1 0 -1 0 0 1 0 1 -3 2 1 0 -3 1 -1 3 0 -1 0 0 3 0 -1 0 -1 0 1 0 1 0 0 0 0 0 -1 1 0 2 0 1 0 0 0 0 -1 1 2 1 1 -2 0 1 0 -1 -2 0 1 0 0 0 0 0 0 0 0 1 0 0 -1 -1 -1 0 2 -1 1 0 1 1 2 0 0 0 1 1 1 -1 1 1 1 0 0 0 0 1 0 0 0 0 1 0 2 0 0 0 0 1 -1 0 1 0 -1 -1 1 -1 -2 0 0 0 0 -1 0 1 0 0 1 1 -3 -2 -2 1 1 1 1 0 0 1 1 0 0 1 0 -1 0 0 1 0 -1 -1 0 1 2 0 1 0 -1 0 1 0 1 -1 2 0 0 3 -1 0 2 0 1 0 2 0 2 0 0 -1 2 0 0 -1 0 0 1 0 1 -2 -2 -1 2 -1 0 0 3 -1 0 0 0 0 0 0 0 1 -1 2 0 0 0 -2 -2 0 0 0 0 1 -1 0 -1 1 0 -1 1 -1 -1 0 2 0 0 0 -1 0 -2 18 -1 1 1 1 -1 0 0 1 1 0 -1 0 -1 0 0 1 0 0 1 0 0 0 0 0 -1 0 1 0 1 -1 -1 0 -1 0 0 1 -1 -2 0 0 1 0 1 0 0 0 0 0 1 2 0 0 0 0 0 -1 2 0 1 0 0 0 0 1 -1 1 0 2 1 -1 0 -2 0
1 1 0 0 0 0 0 0 -1 0 -1 -3 0 0 3 0 1 0 0 0 0 1 0 0 -1 0 2 0 -1 -1 1 0 -1 0 0 1 0 -2 0 0 1 0 -1 0 0 1 0 0 0 1 2 0 1 -1 0 1 1 1 0 3 -1 0 0 1 -2 0 0 -1 -3 -1 0 2 0 1 0 -1 0 0 0 1 1 0 1 1 1 0 1 0 1 0 0 0 0 -1 0 0 -1 0 0 0 0 0 0 0 -1 0 0 -1 0 -1 0 0 1 -1 -1 1 -1 0 0 0 0 0 -1 0 0 0 0 1 -1 0 1 1 1 0 0 0 0 1 2 0 0 1 0 0 0 0 0 0 0 0 0 0 0 1 1 0 0 -1 2 0 0 0 0 1 2 -1 1 -2 0 0 0 -1 0 2 -1 0 0 0 1 1 0 -1 0 1 0 0 1 0 1 0 1 -1 0 0 -1 1 1 0 0 -1 1 1 -1 0 2 1 0 2 0 -1 0 -1 0 -3 1 0 0 1 0 -1 0 -2 1 0 -1 -1 0 0 0 0 -2 1 0 0 -1 1 -1 0 1 -1 0 -2 0 0 2 0 0 1 0 0 1 1 -1 -1 0 0 0 1 -1 -1 0 0 1 0 1 0 0 0 0 -1 0 0 0 -1 0 -1 0 0 2 1 -1 0 0 2 1 0 -1 16 0 0 0 -2 0 -2 1 1 0 -1 2 0 0 1 -1 1 1 0 -1 1 0 0 1 0 1 0 -1 0 0 1 0 0 0 0 0 0 -2 0 2 1 -1 -1 0 0 0 -1 0 0 0 0 1 0 -1 0 0 2 0 0 0 1 1 0 0 -1 1 0 -1 0 1 0 -2 0
-2 1 0 0 0 0 0 2 0 2 0 0 1 1 1 0 0 -2 0 1 1 3 -1 0 -1 0 0 0 0 0 1 1 -1 -1 1 0 0 0 -1 0 0 0 -1 0 0 0 0 0 0 1 -1 0 -2 1 0 1 0 2 0 1 1 -1 0 0 0 0 0 -1 0 0 0 0 0 1 0 0 1 0 0 0 0 0 0 1 0 0 0 -1 1 0 0 0 0 1 0 0 -1 0 2 0 0 0 0 1 0 -1 0 1 1 0 0 -1 0 0 1 0 2 2 1 -1 -1 1 1 -1 -1 0 -1 0 1 1 0 1 1 -1 1 -1 0 0 0 0 0 0 1 0 2 1 0 -1 0 2 -2 1 -1 0 0 -1 -1 1 1 0 1 0 -1 1 0 0 1 1 1 0 2 0 -1 0 0 1 -1 -2 -1 0 -1 -2 0 -2 1 0 0 -2 -2 0 1 -1 -1 0 0 -1 2 1 -1 0 -1 0 0 -1 3 0 1 0 0 0 0 -1 -1 1 -1 1 1 1 -1 -3 1 0 2 0 0 0 -1 0 2 0 0 -1 0 1 0 1 2 0 0 0 -2 -2 1 -1 -2 0 1 1 0 0 -1 0 0 0 0 0 1 -1 0 1 1 0 0 0 1 -1 0 2 0 -1 -1 1 -1 -2 1 0 0 1 0 0 -1 0 0 -1 1 1 1 0 17 0 0 0 0 0 0 1 -1 0 0 1 0 0 1 0 -1 0 0 0 1 0 -2 0 0 0 0 0 0 0 1 1 1 1 3 -1 1 -1 0 1 1 1 1 0 0 -1 -1 0 0 0 0 0 -2 1 0 0 0 0 -1 0 0 2 -1 -1 0 -1 1 -1 0 1 0 -1
2 0 0 0 -1 0 1 0 0 2 -1 0 -1 0 1 1 -1 1 1 1 -1 0 2 0 0 -1 0 0 -1 -1 1 1 1 1 1 -1 -1 1 0 -1 -1 0 0 0 -1 -1 0 0 1 0 1 0 0 -1 0 -1 0 1 2 1 0 0 0 1 0 -1 0 0 0 0 1 -1 0 0 1 0 -2 1 0 -1 0 0 -1 0 -1 -1 2 -1 -1 2 2 -2 0 0 1 0 1 0 0 0 0 0 0 2 0 1 0 0 -1 0 0 -1 1 2 -1 -1 -1 1 0 -1 0 1 1 0 1 0 -1 1 0 0 0 0 0 0 0 -1 0 0 0 0 2 0 0 1 1 0 0 1 0 1 0 1 0 -1 0 0 0 0 0 1 1 -1 0 0 1 0 0 -1 0 -1 0 0 1 0 -1 0 1 0 0 1 -1 0 0 0 0 0 0 0 0 0 0 0 -2 -1 0 1 0 1 0 1 -1 0 1 -1 0 2 0 1 0 0 0 0 0 0 0 0 0 0 0 0 -1 0 1 0 0 0 0 -1 0 1 0 0 0 0 1 0 0 1 -1 0 1 -2 -1 -1 -1 -1 0 0 1 0 1 1 0 -1 0 0 -1 1 -2 -1 1 0 -1 0 0 1 1 -1 -1 -1 -1 0 -1 0 0 0 3 -1 -1 -1 0 0 0 0 0 -1 1 0 0 14 0 -3 0 0 -1 1 2 2 -1 -3 1 1 0 0 0 0 -1 -1 0 0 0 1 -2 1 0 1 0 0 0 0 -1 0 0 0 0 1 -1 2 0 0 2 0 0 0 0 -1 1 0 0 -1 -1 0 -1 -1 0 0 0 0 -1 0 -1 0 1 0 2 -1 0 0 0 0
1 0 1 -1 0 -1 0 0 1 0 -2 -1 1 -1 1 1 -2 3 -1 1 0 0 1 -1 0 0 0 1 -2 1 0 0 0 0 -1 0 0 0 -2 1 1 -1 0 1 0 0 0 0 0 0 0 0 0 0 -1 -1 -1 0 1 2 0 -1 2 0 0 0 1 -1 0 1 1 -1 -1 1 0 1 0 -1 1 1 0 -1 0 0 0 -1 -1 0 1 1 1 0 0 0 -1 0 0 1 -2 0 -1 2 3 1 1 0 0 0 0 0 1 2 0 1 0 1 -2 0 2 -1 -1 -1 0 1 0 0 0 1 -2 0 1 2 0 -1 0 -1 -1 -1 0 0 1 1 1 -2 1 -1 1 1 -1 -1 0 0 0 3 0 3 1 1 1 0 2 -1 0 -1 1 0 0 -1 1 0 0 -1 -2 -1 -1 0 0 0 1 0 2 -1 -1 0 0 0 0 0 2 2 0 0 0 0 0 -2 0 -1 0 1 1 -2 1 1 -1 0 -1 2 1 -1 0 0 0 1 -1 -1 3 0 0 1 0 -1 0 1 0 2 0 -1 0 0 -1 0 0 1 0 0 -1 0 1 0 -1 0 0 1 1 -1 2 0 2 0 1 1 0 0 0 0 -1 0 1 0 -1 1 -2 0 0 0 0 0 0 -1 -1 -1 0 -1 1 1 -2 0 0 0 0 0 -3 0 1 -1 1 0 0 0 20 -1 -2 -1 0 -3 0 0 0 0 0 1 0 0 0 0 -1 -1 -1 3 0 0 0 0 1 -1 -2 0 0 0 0 0 0 0 -1 -1 -1 0 0 -1 -1 0 0 1 -1 0 0 1 -1 1 0 -1 1 0 0 0 0 -2 0 -1 0 -1 0 0 0 0 1 -1 -1 1
0 1 1 1 0 -1 2 0 0 1 2 4 1 1 0 0 2 2 0 1 0 1 1 2 1 0 0 0 0 4 0 -1 1 0 1 1 -1 0 1 0 0 1 0 2 0 -1 1 1 0 0 2 -1 0 -1 1 1 1 0 -3 0 0 1 0 0 0 1 -1 1 -1 0 0 0 -1 -2 0 -1 1 -1 0 0 2 0 1 -2 0 1 1 0 1 -3 0 0 -1 1 1 0 1 0 0 0 0 1 2 1 -1 1 0 1 0 1 0 2 0 1 1 1 1 0 1 0 0 -2 -1 0 -2 0 1 -1 -1 -1 -2 0 0 0 0 0 0 -1 0 0 0 1 0 0 1 1 0 0 1 -1 0 0 -2 0 -1 0 0 0 0 -1 0 1 0 0 0 -1 0 2 1 1 1 -2 1 0 2 0 -2 -1 0 -1 1 2 0 0 0 0 2 0 -1 0 0 0 -1 -1 -1 0 0 0 -1 0 2 0 2 0 1 0 0 -4 -1 0 0 0 -2 0 0 2 2 0 0 0 1 2 0 0 0 -1 1 -1 0 0 1 2 0 0 1 0 0 0 -1 0 1 0 0 2 0 0 1 0 -1 1 0 1 0 1 -1 1 -1 1 -1 0 0 0 1 3 1 0 0 1 1 0 1 1 1 0 1 1 1 2 1 0 2 1 1 -2 0 0 -1 -2 0 -3 -1 20 0 0 -1 1 0 -1 1 0 1 -1 0 0 0 1 1 1 2 -1 0 1 0 0 0 0 1 0 1 0 0 0 0 -1 0 1 1 0 0 0 -2 -1 2 0 0 0 2 -1 1 1 2 0 0 1 0 0 1 0 1 0 0 2 1 0 0 0 0 0 0 0
0 0 0 0 -1 0 0 1 1 0 1 -1 0 -2 1 1 1 0 0 -1 0 1 1 1 0 2 -1 1 -1 1 -1 0 0 1 0 0 1 -1 1 1 -1 -1 1 -1 0 2 0 -1 0 -1 0 0 1 -1 1 0 0 0 0 0 -1 0 -1 0 0 0 1 -1 0 0 -1 0 1 0 -2 0 1 0 0 0 0 0 1 -2 -1 3 0 0 0 0 0 -1 0 0 0 0 1 -1 1 0 0 0 0 0 -1 1 1 0 0 -1 0 0 -1 0 0 0 0 0 0 0 1 0 1 0 0 0 0 0 0 0 0 0 0 0 0 2 1 1 1 0 0 0 -1 1 0 -1 1 -1 1 1 1 -1 0 2 0 1 -3 1 1 0 0 1 -1 0 1 0 1 1 0 0 2 0 0 0 0 0 0 0 2 1 0 1 0 0 0 0 -1 -2 -1 0 1 0 0 1 2 0 0 0 0 0 1 0 -1 0 1 0 0 0 0 0 0 0 0 0 1 -1 0 0 -1 1 0 1 0 0 0 -1 0 -3 -1 -2 0 0 0 0 0 1 0 1 0 0 -1 -1 0 1 -3 0 0 0 0 0 2 1 2 0 2 0 -2 -2 -1 0 0 -1 0 1 1 1 0 0 0 0 1 -1 0 -1 -1 0 1 0 0 -1 0 2 0 1 0 -1 0 0 0 0 -2 0 16 1 0 1 1 -2 0 0 0 0 0 -1 0 -1 0 3 1 1 -1 0 0 2 0 -2 0 0 0 0 0 0 2 -1 0 2 2 0 1 0 -2 -1 0 0 1 0 0 -1 -1 0 0 0 1 0 0 0 -1 0 0 0 0 1 0 0 0 0 -1 1 2 -1
0 1 -1 0 0 0 0 1 1 1 1 0 1 1 1 0 0 1 -1 0 -1 0 0 0 0 0 -1 0 1 -2 -1 1 1 0 0 -1 0 0 1 2 0 0 0 1 0 0 0 0 0 0 0 0 1 0 0 2 -1 0 0 -1 -1 0 1 1 2 0 0 1 1 0 0 1 0 0 1 0 0 -1 0 0 0 0 1 -1 1 0 1 -1 0 -1 0 0 0 0 -1 0 0 0 2 1 0 -1 1 -1 0 1 0 -1 0 0 0 0 1 1 0 0 1 0 0 1 1 0 -1 -1 0 0 0 -1 -1 1 0 0 0 2 -1 1 -1 1 0 0 0 1 0 0 1 -1 0 0 0 1 2 1 1 -1 -1 0 0 0 0 0 0 0 0 0 0 1 1 0 0 1 1 1 1 -1 -1 -1 0 0 -1 0 0 2 2 0 -2 0 -1 0 0 0 -1 0 1 -1 1 0 0 0 -1 2 0 0 1 0 1 -1 0 -1 0 0 -1 0 0 1 2 0 -1 1 -1 -1 1 -1 0 0 0 1 0 0 0 0 0 0 0 0 0 0 0 1 0 1 0 1 0 0 0 -1 0 0 0 0 0 -1 -1 1 0 0 1 0 1 0 1 -2 0 0 -1 -1 0 0 -1 1 1 0 0 -1 0 0 0 0 0 0 0 0 0 0 1 -3 0 -2 0 0 -1 0 1 12 0 1 1 0 -1 0 0 -1 0 -1 0 -1 1 0 1 -1 -2 0 0 0 1 0 -1 0 0 0 -1 0 0 0 -1 0 -1 0 0 2 0 0 1 0 1 0 0 0 -2 0 1 1 0 -1 0 0 0 0 0 0 0 0 0 1 0 0 0 -1 1 0
-3 -1 -1 0 0 0 1 0 -1 0 1 -1 2 0 1 2 -2 0 1 0 0 2 -1 0 0 2 1 0 0 -1 1 3 0 0 0 1 1 -1 1 0 0 1 1 0 -1 0 0 -1 0 0 -1 2 0 0 0 0 -1 -2 0 1 -1 -1 1 0 -1 -1 1 -1 0 0 1 0 1 2 2 0 0 1 0 -2 -1 0 1 0 0 -2 -1 2 -1 2 0 0 0 0 0 0 -1 0 0 2 2 2 -3 -1 -2 -1 2 0 0 1 0 1 0 0 0 0 -1 -1 -1 0 0 3 1 0 0 0 0 0 -1 0 0 0 2 0 0 0 -2 0 0 3 -2 0 0 2 0 1 1 -2 0 0 -1 -1 0 -1 1 0 -2 -1 0 1 0 0 -1 1 2 0 0 -3 1 1 1 0 1 2 1 0 0 0 0 1 0 3 1 1 0 -1 0 0 0 -2 1 0 -1 1 0 0 0 -1 1 -1 0 -1 -1 0 2 1 0 1 0 1 -1 0 0 0 0 0 0 -1 -2 1 0 2 0 0 1 0 -1 0 1 0 0 1 -1 0 -1 0 2 1 2 -1 -2 0 0 1 0 -2 -1 1 3 1 -2 0 0 1 -3 0 2 -1 0 0 1 0 0 -1 1 -1 -2 1 2 1 -1 -2 1 0 1 0 -1 1 1 0 2 0 0 1 1 0 1 1 0 -1 0 -1 0 0 21 -2 1 0 0 -1 0 -2 -1 1 0 0 1 1 -2 -1 1 0 0 -1 0 1 0 1 -1 1 0 0 1 -1 0 -2 1 0 1 -1 0 0 1 2 0 1 2 0 0 1 -1 0 2 -1 1 -1 0 0 1 -3 0 -1 1 1 1 0 -1 0 0 2
0 0 0 0 -1 0 -1 1 0 0 1 -1 0 0 -2 0 0 0 0 0 0 0 0 0 0 -1 1 2 2 -1 0 -2 2 0 0 -1 -1 1 0 0 -2 0 0 -1 0 0 0 0 0 -1 0 -1 1 0 1 0 0 1 -2 1 0 0 0 0 0 0 0 0 1 0 -1 0 0 2 -1 0 -2 0 0 0 2 0 -1 -1 1 0 1 0 0 -1 0 0 1 -2 0 -1 0 1 -1 0 0 -1 1 0 -1 2 1 1 0 -1 1 1 1 -1 0 -1 2 1 0 -1 0 -1 0 -1 0 -2 0 -1 0 0 1 0 -1 0 -1 0 0 1 0 0 1 0 0 -1 3 0 -1 -1 1 0 0 -1 0 0 -1 -2 0 0 1 0 0 -1 0 0 -1 0 -1 0 1 -1 0 -1 -1 -1 0 1 0 0 -1 0 1 0 0 1 1 0 0 0 1 1 0 0 0 0 0 -1 0 0 0 1 1 1 -1 -2 -1 0 0 -1 0 0 -1 1 -1 0 -1 3 0 0 1 0 1 0 0 -1 0 0 -1 1 0 -1 -1 1 -1 -1 0 0 -1 1 0 0 1 -1 0 0 -2 0 1 0 -1 -1 2 1 -1 -1 0 0 -1 0 0 -1 0 0 1 0 1 0 -2 1 0 -1 2 0 0 1 0 0 2 -2 1 1 0 0 0 1 0 1 1 1 1 1 -3 1 1 1 -2 15 1 0 0 1 1 1 0 0 0 0 -1 -1 2 0 1 1 0 0 0 1 0 0 0 0 1 0 2 0 -1 2 0 0 -1 0 1 -1 0 0 1 -1 0 0 0 0 0 0 -2 0 0 1 0 0 0 1 1 1 0 1 1 0 0 0 1 0
1 0 0 0 2 0 0 1 1 0 -1 0 0 -2 0 1 -1 0 0 0 -3 0 0 -1 0 1 0 0 1 -1 2 1 2 0 1 0 0 0 -1 1 0 0 1 -1 0 0 0 0 0 -1 1 1 0 1 0 0 0 -1 2 -2 -2 -1 2 0 0 0 0 -2 -1 0 0 1 1 0 0 1 1 0 1 0 0 -1 0 1 1 0 1 -1 0 2 1 0 3 -1 0 0 0 0 0 0 0 0 0 1 1 0 0 1 0 0 0 -1 0 0 -1 -1 1 0 0 2 0 0 -1 0 0 0 1 -1 1 1 0 0 1 -1 0 0 0 0 0 -3 1 0 0 0 3 0 0 0 0 0 1 0 0 0 0 1 0 0 0 -1 0 0 -1 0 1 1 0 -1 -1 1 0 1 0 0 1 0 1 0 -1 0 -1 1 -1 1 -2 1 1 -1 -1 0 0 0 -2 0 0 -1 -1 0 2 -1 1 0 -1 1 -2 -1 -1 0 -1 0 -2 -1 0 1 1 0 0 1 -1 0 1 0 2 0 -1 0 1 -2 0 -1 0 0 0 0 0 0 0 1 2 1 1 1 1 -1 1 -1 0 0 1 1 0 1 -2 0 0 0 1 0 -1 -1 0 -1 2 1 0 0 0 0 0 0 1 0 -1 1 0 0 1 1 0 1 0 -2 0 0 0 -1 0 0 -1 2 0 0 1 1 1 1 16 -1 4 0 -1 0 0 0 -2 -1 0 0 -2 -1 0 0 1 0 0 0 -1 1 0 0 0 2 0 0 -1 0 1 -1 0 0 -1 0 1 0 0 -1 0 0 -1 0 0 -1 1 0 0 0 0 1 1 -1 0 0 0 1 2 0 1 -1 1 -1
-3 -2 0 0 0 1 3 0 1 0 0 0 0 2 -4 -2 0 1 2 1 -1 0 1 0 0 -1 1 -1 2 -2 -1 1 2 1 1 1 -1 2 1 2 1 1 -1 1 -1 -1 0 1 0 -1 1 1 0 2 0 0 1 1 1 0 1 1 1 2 0 1 1 -1 1 -1 0 -1 0 0 1 0 -1 -1 1 -1 -1 0 -3 2 3 -1 0 1 -1 1 -2 1 -1 1 0 1 0 -1 0 1 0 -1 -1 -1 -1 0 -2 0 -1 0 1 0 0 -1 0 1 2 0 1 0 -1 1 1 -1 0 0 1 1 -2 0 -1 0 1 0 1 0 -1 0 -1 -1 0 -3 0 1 0 0 0 0 -1 1 0 0 0 1 0 0 1 0 0 0 0 1 0 0 0 0 -2 1 -1 1 0 0 0 1 0 0 2 1 0 2 -2 0 -1 -1 1 0 -1 1 1 0 -1 0 0 -1 0 1 0 0 0 1 0 0 0 0 0 1 1 2 0 0 -1 1 -1 1 0 -1 0 2 -1 -1 0 0 0 0 -1 -1 0 0 0 3 0 0 0 0 0 -1 0 2 -2 0 2 0 0 0 1 0 1 -1 1 1 0 1 0 -1 -2 1 0 0 0 -1 0 0 0 -1 0 1 3 1 0 0 0 0 0 2 1 0 1 0 0 0 0 -1 0 -1 1 -2 -1 -1 0 2 0 -1 -2 0 0 0 -1 21 1 1 0 1 0 1 2 0 0 0 -1 0 0 -1 0 -1 0 0 -1 -1 -1 0 0 -1 0 0 1 0 0 -1 0 0 2 0 0 -2 -1 1 0 0 1 0 -1 2 0 -1 -2 -1 0 1 -1 1 -1 0 0 -1 1 0 0 0 0 0
0 0 0 -1 1 1 1 1 -1 -1 0 0 1 -1 -1 2 0 2 1 -1 -1 0 1 -1 1 0 1 1 -1 -1 0 1 0 0 0 0 0 0 1 1 0 2 0 0 0 0 1 -1 0 1 0 1 0 1 0 -1 1 -1 -2 0 0 0 1 -2 0 1 1 1 -2 0 0 -2 -1 0 0 0 2 1 0 1 0 1 0 0 1 0 1 0 0 0 1 2 1 0 0 1 3 1 -2 1 0 1 0 0 2 1 0 -1 1 0 2 0 -1 0 -2 1 -1 1 0 0 1 -1 0 0 2 1 -1 1 0 3 1 0 2 -1 1 0 0 1 -1 -2 0 -1 1 1 3 0 0 0 -1 -2 -2 1 2 0 1 -1 1 0 -2 -2 0 1 0 0 1 0 0 3 0 -1 1 -1 0 0 3 0 -1 0 -1 1 1 1 0 1 1 2 0 -2 -1 0 1 1 -3 0 -1 -1 0 0 3 0 1 0 1 0 0 -1 -1 0 1 0 -1 0 0 -1 0 1 2 1 -1 0 1 -1 0 0 -1 1 1 -1 0 -1 -1 -1 0 0 -1 1 -2 1 0 -2 1 2 0 -2 1 0 0 0 -1 0 0 0 0 0 -1 0 0 -1 3 -2 0 0 2 0 0 -1 0 1 1 0 2 0 -2 0 0 0 -1 1 0 1 0 -1 1 0 0 0 0 2 0 -1 0 1 0 -1 0 0 4 1 25 1 -1 1 0 -1 -2 -1 0 3 -1 0 0 0 1 0 0 0 -1 0 -1 0 1 -2 0 1 3 1 0 0 -1 0 0 1 0 -2 1 1 -2 -2 -1 1 0 -1 0 1 1 2 -1 1 2 1 -1 -2 -1 0 1 1 1 1 0 0
1 -1 -1 0 1 1 -1 -1 0 0 0 0 0 0 -1 0 0 1 1 0 0 0 -1 0 0 0 2 0 -1 -1 0 0 0 2 0 0 1 2 0 1 0 0 0 0 1 1 0 0 0 0 -2 0 0 2 0 0 2 -1 0 0 0 1 0 0 -1 0 1 -1 0 0 -1 1 0 0 0 0 -2 0 0 0 0 0 -1 0 0 1 -1 1 0 0 -1 2 0 0 1 1 0 4 0 1 0 0 1 -2 0 -1 0 1 0 -1 0 0 -1 -1 0 0 1 0 2 1 -1 0 0 0 0 2 1 0 -1 -1 1 1 2 -1 0 0 0 -1 0 -1 -1 0 3 1 -1 1 0 1 1 -2 0 0 0 -1 0 1 0 0 0 0 0 2 0 -1 0 -1 0 -1 0 -1 0 0 -1 0 -2 0 0 0 0 1 -2 1 0 1 -1 0 0 0 1 0 0 2 1 0 1 -1 0 1 -1 2 1 -1 1 0 0 -1 1 1 0 0 -1 0 0 0 -1 0 -1 0 -1 -1 0 0 0 0 0 0 0 0 1 0 0 0 -1 0 -1 -1 0 0 0 0 0 1 1 -2 0 2 0 2 1 0 0 1 0 0 0 0 0 1 0 -1 -1 1 0 1 0 0 0 0 0 0 1 1 0 -1 0 0 0 0 1 -1 1 0 0 1 1 1 -1 0 1 -3 0 0 0 0 -1 1 0 1 1 15 1 0 0 -1 1 -1 1 0 0 1 0 1 0 0 0 0 0 -1 0 -1 1 0 0 0 1 0 3 -1 1 1 0 -1 0 0 0 0 -1 0 1 1 0 0 -1 2 0 0 -1 0 1 1 0 1 0 0 -1 0 0 0 0 1
0 -1 0 1 0 0 0 0 0 1 0 -1 1 0 0 1 1 0 1 3 0 -1 0 2 1 0 1 1 1 1 1 -1 -1 3 0 1 -1 0 0 0 -1 2 1 0 1 0 0 -1 1 1 0 -1 2 -1 0 0 0 0 0 1 2 1 1 0 -1 -1 0 0 0 0 0 0 0 2 0 0 -1 1 0 0 0 0 -1 0 0 0 1 0 0 1 1 0 -2 0 0 0 -1 -1 -1 -1 1 1 3 0 0 0 0 1 0 0 1 -2 0 0 0 0 -1 -1 0 0 -2 0 0 0 0 0 0 0 0 1 -1 0 0 -2 0 -1 0 0 0 1 1 0 1 1 2 0 0 1 0 0 0 1 0 0 0 -1 1 0 0 0 0 0 -1 1 2 0 1 1 0 0 -1 1 1 0 0 -1 -1 0 0 -1 0 0 1 1 0 -1 1 -1 -1 0 1 -1 0 0 -1 0 0 1 -1 0 0 0 1 -2 1 -1 0 1 1 -1 0 0 -1 0 -1 0 1 0 0 1 0 0 -1 1 2 0 0 0 -1 0 0 0 -1 0 0 0 -1 0 0 -1 1 -2 1 1 0 0 0 1 0 -1 0 0 -1 0 -1 1 0 0 0 0 0 0 1 1 0 1 -2 1 0 0 -1 0 0 -1 1 0 1 0 0 -1 2 1 1 0 0 1 0 0 0 1 0 1 0 0 0 1 -1 0 -1 1 15 1 0 0 1 -1 0 0 0 0 -1 2 0 0 0 1 1 0 -1 0 2 0 0 0 0 1 0 1 1 1 0 0 0 0 0 1 0 -2 2 0 -1 -1 0 1 0 0 0 0 1 1 0 -1 2 0 1 -1 0 1 1 0
-1 0 1 -1 0 1 0 0 0 -2 0 -1 1 1 -1 1 1 0 0 -1 1 0 -1 0 0 0 0 0 0 1 0 0 0 0 0 0 0 0 0 0 -1 0 1 0 -1 2 -1 0 0 0 1 1 0 2 0 0 -1 0 1 0 2 -1 2 -1 0 0 0 0 1 1 -1 0 -1 0 0 1 0 0 -1 0 -2 0 -1 0 0 0 1 0 -1 2 0 1 -1 0 0 -1 0 -1 -2 -1 -1 1 -1 0 2 0 -2 0 -1 0 0 -1 1 1 0 0 -1 0 2 -1 0 -2 2 -1 -1 0 3 2 1 -1 0 -1 2 0 0 0 0 0 0 1 0 0 -1 -2 1 0 0 0 0 0 -1 1 -1 1 -2 1 1 2 0 0 0 -1 0 1 1 0 0 -1 1 0 1 -1 0 0 3 0 0 0 1 1 -1 0 -1 0 0 -1 1 -1 0 1 0 0 0 0 0 0 -1 0 1 -2 1 2 0 -1 3 -1 0 1 2 -1 0 -1 -1 -1 -1 -2 -1 1 0 -4 0 0 1 -1 0 1 0 1 0 1 0 0 1 0 0 0 -1 1 -1 -1 0 0 0 1 0 1 0 -1 3 -2 0 0 1 -1 0 0 0 0 -1 0 -2 0 0 0 -2 0 -1 1 -1 -2 0 0 0 0 2 0 0 0 0 0 0 0 0 0 0 1 0 1 0 1 1 -1 0 -1 -2 1 0 1 1 0 1 19 1 1 -1 0 0 1 0 1 1 0 0 1 1 0 -1 0 -1 0 1 1 -1 -1 2 -1 0 0 -1 0 2 0 -1 -1 0 0 1 0 0 0 0 0 2 0 -3 0 -1 -1 1 -1 -1 0 0 1 -1 -1 0 0 1 0
-1 0 -2 -1 0 0 0 -1 0 -1 0 0 -2 1 0 0 0 1 0 0 0 2 -1 0 0 0 -2 0 2 1 1 1 1 -1 0 0 0 0 1 1 1 0 0 0 0 -1 -1 1 0 0 0 -1 0 -1 0 0 0 0 -1 0 -1 0 0 0 0 0 -1 1 0 0 0 0 0 -2 0 1 -1 0 0 1 0 0 -1 1 0 1 0 -1 1 0 -1 0 0 0 2 -1 -1 0 0 0 0 0 0 0 -1 1 -1 0 -1 0 1 0 1 0 0 0 -1 1 0 0 0 -1 0 1 -1 0 0 -1 1 0 -1 0 0 -2 1 0 1 0 -1 0 0 0 1 0 0 -1 0 1 1 0 1 0 1 1 -1 4 0 0 0 0 0 -1 0 -1 0 0 -1 0 1 0 -1 -2 0 -2 0 0 0 -1 -1 2 1 -1 0 0 0 -1 0 0 0 0 0 -1 1 0 -1 1 0 0 0 -1 1 0 0 0 0 0 -1 0 0 1 0 0 0 1 0 0 -2 1 2 0 1 -1 0 0 0 1 -1 0 1 0 0 -1 0 0 1 1 2 -1 0 -1 1 0 0 0 -1 1 -1 -2 0 1 0 1 -1 0 0 1 0 1 1 0 0 1 -1 0 1 2 2 0 0 0 0 -1 0 0 0 1 1 0 0 0 -1 0 0 0 0 0 1 -1 1 0 0 0 0 0 -1 0 0 0 0 0 0 1 12 0 -1 0 0 0 -1 0 0 0 -1 0 -1 -1 -1 -1 -1 0 0 1 1 0 0 0 -1 -1 0 1 0 0 0 0 0 -1 2 0 1 1 0 0 0 1 -4 2 0 1 1 2 1 0 0 0 1 0 -1 0 0 0
0 0 0 -1 -1 0 -1 -1 0 0 0 0 0 0 0 0 0 0 0 1 0 0 0 -1 -1 1 1 0 4 0 2 0 1 0 0 0 0 0 -1 0 0 0 1 -1 0 0 -1 0 0 -1 0 1 0 2 0 1 -1 0 0 0 2 -1 1 0 0 -1 0 2 1 -1 1 0 0 0 0 -1 0 -1 0 -1 0 0 0 1 -1 0 -1 0 -1 0 1 0 1 1 0 0 -1 -1 0 0 0 0 0 0 0 -1 -1 -1 1 -1 0 0 1 0 0 1 0 1 0 -1 -1 0 0 0 1 -1 1 0 0 0 2 0 0 0 0 -1 0 0 0 -1 1 0 0 1 -2 0 0 0 -1 0 0 1 0 0 0 0 0 1 0 0 1 0 0 -1 0 2 0 -2 0 1 -1 0 1 0 0 0 2 0 1 1 0 0 -1 -1 1 0 1 0 0 0 1 0 1 0 0 -1 2 0 -2 -2 0 0 0 -3 1 1 2 0 0 1 0 1 0 0 0 0 0 1 0 0 1 0 0 1 -1 0 0 1 0 1 0 0 0 0 0 1 0 0 0 -2 0 -1 0 -1 0 2 0 0 2 -1 1 0 0 0 1 0 0 0 0 -2 0 0 0 0 1 0 1 0 -1 0 -1 0 0 0 0 0 0 0 0 -1 0 0 0 0 0 0 0 1 0 0 0 0 -1 -1 1 0 0 1 -1 -1 0 1 0 12 0 -1 0 0 0 0 1 0 1 0 0 1 2 -1 0 0 1 0 0 1 0 -1 0 0 0 -1 0 1 0 0 0 0 0 -1 1 0 0 2 1 0 0 -1 0 0 0 -1 0 0 0 1 0 0 0 1 -1 -1
0 1 1 1 -1 2 -2 -1 0 1 -1 1 -2 1 0 -1 0 1 0 0 -1 0 0 -1 1 -1 0 0 0 0 -2 -2 0 1 0 0 0 -1 0 -1 1 0 2 0 0 -1 0 -1 -1 0 1 -1 1 0 0 0 -1 1 2 0 0 0 1 -1 0 0 2 -1 -1 0 -1 3 1 1 0 0 0 1 1 -1 0 0 1 2 -1 2 0 0 1 0 -1 0 1 -1 2 -1 0 0 1 0 0 0 0 1 1 0 -1 0 0 -1 -1 0 2 -1 -2 0 -1 -1 1 1 -1 -2 0 -1 0 0 -1 0 -2 -1 -1 0 1 0 1 4 0 1 1 0 0 0 -1 0 -1 0 1 0 1 0 -1 0 2 0 0 0 0 -1 0 0 0 1 -1 0 0 0 0 0 0 0 0 -1 0 1 0 -1 -1 0 1 0 0 0 0 0 0 0 -1 2 3 -1 0 0 1 0 -1 0 1 -1 0 -2 0 -1 2 1 1 1 0 0 -1 0 3 -1 -1 0 2 -1 2 1 1 2 0 0 -1 1 0 1 -1 -1 0 2 0 -1 0 1 0 1 -1 0 -2 -1 1 1 1 0 1 0 2 1 0 -1 0 1 -1 -1 1 0 1 1 0 1 -2 0 0 0 -1 0 0 0 0 0 -1 -1 0 0 1 0 0 -1 0 0 -2 1 -1 2 -3 -1 0 1 -1 0 0 0 0 0 0 0 -2 2 -2 1 1 -1 -1 0 20 -1 -1 0 2 -1 0 0 -1 1 0 0 1 -1 1 0 -1 0 0 1 0 -1 0 0 2 0 -1 0 0 1 -2 1 0 0 0 0 0 0 1 -1 0 0 0 0 0 0 0 3 0 1 0 0 0 0 0 -1
0 1 0 0 0 -1 4 -1 0 0 0 0 -1 -1 -1 2 1 -1 0 0 0 0 1 1 1 0 -1 -1 0 0 0 -1 0 0 0 0 0 0 1 0 0 0 -1 0 0 0 0 1 0 1 1 -1 0 0 0 -1 0 0 0 0 1 -1 0 0 1 1 2 -1 0 0 1 0 -1 -2 0 1 -1 0 0 0 0 1 -1 1 1 1 0 0 -1 0 -1 0 -1 -1 0 1 1 1 0 -1 0 0 0 1 0 -1 0 0 1 0 0 0 0 0 0 0 -1 0 0 0 0 2 0 0 0 0 1 1 0 -1 1 0 0 1 0 0 0 -1 -1 3 0 2 -1 2 0 1 1 0 1 0 0 0 -2 1 0 1 0 0 1 0 0 0 1 0 -1 -1 0 0 1 0 2 1 2 0 0 0 1 0 0 0 2 -1 0 0 1 0 1 1 0 0 0 0 -1 1 1 1 1 0 0 -1 0 0 0 0 0 -1 -1 -1 0 0 1 2 0 0 0 0 0 1 2 0 0 1 -1 0 2 0 0 0 0 -1 1 2 0 0 0 0 1 0 0 0 0 0 0 1 2 0 3 0 0 0 0 1 -1 0 0 0 -1 0 1 2 0 0 0 -1 1 0 1 -1 0 1 1 1 0 -1 0 0 0 0 -1 2 -1 1 0 0 -1 0 1 0 0 0 0 1 -1 -1 0 0 -1 0 -1 -1 -1 0 0 -1 -1 13 0 0 -1 0 1 1 0 1 0 2 0 0 1 0 1 0 1 0 -1 0 -1 0 -1 0 2 -1 0 0 0 0 1 0 0 0 2 -1 -1 -1 0 1 1 0 0 1 0 0 -1 1 0 1 0 0 -1 0
0 0 0 1 0 1 -1 -1 0 0 0 1 -1 1 1 1 0 1 -1 1 0 -1 1 1 0 0 1 0 -1 0 -2 1 0 0 0 1 0 -1 1 -1 0 0 0 -1 1 1 -1 -1 1 0 -1 1 0 0 -2 0 1 -1 0 2 1 0 0 0 0 0 0 0 0 0 1 0 0 0 -1 -1 0 2 0 1 -1 2 -1 -2 -1 1 0 0 0 0 0 0 -1 1 0 1 0 1 1 0 0 -1 1 0 0 0 2 1 1 -1 -1 -1 0 0 1 1 1 -1 0 -1 2 0 1 -1 0 0 0 -1 0 2 0 0 -1 0 0 -1 0 0 0 -1 0 0 1 0 1 0 0 1 0 0 1 0 -1 1 0 0 1 1 -1 0 0 0 0 0 0 0 0 -1 2 1 0 0 -1 0 -1 0 0 0 0 0 0 0 0 -1 1 0 0 0 0 1 0 2 0 0 0 1 0 -1 0 1 -1 -1 0 0 1 1 1 0 0 0 -1 0 -1 1 0 0 0 -2 0 0 0 -1 0 -1 1 -1 -1 1 0 0 0 0 1 0 0 0 1 -1 0 -1 0 -1 0 0 1 -1 0 1 0 0 -1 0 0 1 -1 0 0 1 0 0 -1 0 0 0 1 0 -1 1 -2 -1 0 1 1 2 0 1 0 1 1 -1 0 0 1 1 0 -1 0 -1 0 -1 -1 1 0 1 1 -1 0 0 0 1 0 0 0 0 -1 0 15 0 2 1 0 1 0 -1 1 1 3 1 1 0 0 0 2 1 0 1 0 0 0 0 0 0 1 0 -1 -1 1 0 -1 0 0 0 2 -1 0 -1 0 0 -1 0 0 -1 1 1 -1 0 0 2 -1 0
0 1 0 1 0 2 1 1 0 0 0 -1 3 -1 1 0 1 -1 1 0 0 2 1 1 0 2 1 1 1 0 0 0 0 1 0 0 0 -1 -1 0 -1 0 -1 0 -1 0 0 -1 -1 -2 0 1 0 -1 0 -1 1 0 -1 0 -1 0 -1 -1 0 1 -1 -1 -2 0 -1 1 -1 0 0 1 1 1 1 0 1 0 0 0 -1 2 1 0 1 0 -1 0 -1 0 0 0 0 0 0 0 0 1 -1 0 0 -1 0 0 0 0 -2 0 0 0 -1 1 0 0 0 0 2 1 0 -1 0 0 0 0 0 -1 1 0 3 0 0 0 0 1 0 0 -1 0 0 0 1 0 1 0 0 0 0 1 1 -1 0 0 -1 0 0 0 0 0 1 0 0 0 1 1 0 0 1 0 0 1 0 0 0 -1 1 0 1 0 0 0 0 -1 0 -1 -1 -2 1 0 0 0 -1 0 0 0 0 0 0 1 -1 -1 0 -1 0 0 0 0 1 0 -1 2 0 0 0 0 -1 1 1 1 -1 0 0 2 0 0 0 1 -1 -1 1 0 0 2 -1 0 0 -1 -2 1 0 1 1 2 -1 1 0 0 0 0 0 1 0 0 0 0 0 0 0 0 1 0 0 -1 0 0 2 0 1 0 0 -1 -1 -1 1 0 0 -1 1 2 0 1 0 0 0 1 0 -1 -1 1 3 0 1 -1 0 0 3 0 0 1 0 0 0 0 0 15 -1 0 -1 -1 1 1 0 -2 0 1 1 0 0 0 0 0 2 -1 0 1 2 0 -1 0 0 -1 -1 1 1 -2 0 1 0 -1 0 0 0 0 -1 0 1 -1 0 0 0 0 -1 1 0 2 1 -1
-1 1 1 0 0 0 0 0 1 1 0 0 -1 1 0 1 1 0 -1 1 0 0 1 0 -1 0 0 1 -2 0 -1 1 1 -1 0 0 1 0 0 0 -1 0 1 0 0 0 0 -2 1 0 1 1 0 0 0 0 1 1 0 1 1 1 0 -1 1 2 0 0 0 0 -1 2 0 2 0 0 3 2 -1 0 1 2 0 0 1 1 1 0 2 -3 -1 0 1 2 0 1 1 0 -1 0 1 -1 1 1 -1 4 -1 0 -1 -2 -3 0 1 1 -1 0 1 1 0 0 -2 0 0 -1 1 1 0 0 0 2 0 0 -2 0 1 0 0 0 1 -1 0 0 0 0 -1 0 0 0 1 2 1 1 0 1 -5 0 0 0 0 0 0 1 2 -2 -1 1 0 -1 -2 -2 0 0 -1 -2 -1 1 -1 0 0 1 1 -2 0 0 0 0 -1 1 1 1 -2 1 1 0 -1 0 0 -1 1 2 2 1 3 2 1 2 1 0 1 0 1 0 -1 1 0 1 0 -3 0 -1 0 1 0 0 0 -1 1 0 0 1 0 1 0 1 1 3 1 1 0 0 2 -2 0 0 0 0 0 0 -1 -2 1 1 2 0 1 0 0 -1 0 0 0 -1 -1 1 0 0 0 1 -1 -2 1 -1 0 0 0 0 0 -3 -1 -1 1 1 0 1 -1 0 0 0 1 0 -1 2 1 1 -2 2 -2 -1 -1 0 0 0 -1 0 2 -1 2 -1 21 1 0 0 0 -1 0 3 3 1 0 0 0 0 0 0 -1 0 0 0 0 -1 1 -1 0 -1 0 0 0 0 -1 0 0 0 0 1 0 2 1 0 -1 1 0 2 1 -1 0 0 0 0 1 -1
-1 0 0 1 -1 0 0 -1 -1 1 0 0 1 0 1 0 0 1 -1 -2 1 -1 1 0 -1 1 0 0 0 0 0 -1 -1 2 0 -1 -1 -1 1 0 0 0 -1 1 0 0 0 0 1 -1 -1 4 0 0 0 -1 2 0 0 3 0 -1 2 -2 1 0 1 -1 2 -1 0 -2 2 1 0 0 -1 1 -2 0 -1 0 0 1 0 -1 0 -1 -1 0 1 0 -1 2 -1 1 1 1 1 0 -2 0 0 0 1 0 0 0 -3 1 -1 -1 1 0 0 2 0 0 0 -1 0 0 3 1 -1 1 0 0 0 -1 -1 0 0 0 0 0 -1 2 0 1 0 0 0 1 2 -1 0 0 0 1 0 0 -1 3 -1 3 1 0 2 0 0 0 1 -1 0 0 1 0 3 -1 0 0 0 0 -3 0 0 1 1 0 0 -1 0 0 0 1 0 0 0 1 1 0 0 1 0 1 0 0 1 3 0 0 2 1 2 0 0 1 0 0 1 -1 0 -1 0 -1 0 -1 0 0 1 1 1 1 0 0 0 -1 0 0 2 0 -1 2 1 0 2 -1 -1 -3 1 -1 0 3 -1 1 2 1 1 0 1 0 2 1 1 -1 0 -2 0 0 2 1 1 0 1 0 0 0 0 -2 0 0 0 3 -1 0 1 2 0 -1 2 2 0 0 0 1 0 0 0 0 3 -1 1 -1 -1 0 -1 0 0 1 0 1 0 0 -1 0 1 0 1 23 0 0 0 1 3 -1 0 0 1 0 0 -2 -1 0 0 1 1 1 1 -2 0 0 0 2 3 2 -1 0 0 0 0 0 -2 0 0 0 0 0 1 0 -1 -1 -1 0 0 1 2 1 -1 0
0 0 0 0 -1 0 0 0 1 -1 0 1 0 0 0 3 0 0 1 0 0 1 0 -1 0 0 0 0 0 2 1 -1 1 0 1 0 1 0 0 0 0 -1 0 0 0 -1 1 0 0 3 0 0 -1 -1 0 -2 2 1 1 1 0 0 3 0 0 0 0 1 -1 1 1 0 0 0 0 1 -1 0 0 -2 0 1 0 1 0 0 -1 2 0 0 0 1 0 0 1 -1 2 1 0 -1 0 0 0 1 0 1 0 1 0 1 1 0 0 0 -1 1 1 0 1 0 -1 0 1 1 1 1 1 0 0 0 0 1 -1 0 1 -2 0 1 -1 1 0 -2 0 0 0 -1 0 0 0 0 0 -1 -1 0 1 1 0 2 0 0 1 0 0 0 0 -1 -2 -2 1 1 0 1 0 1 0 1 0 0 1 -1 0 -1 0 1 1 0 -1 0 0 1 -1 0 0 0 0 1 2 -1 0 0 0 1 0 1 1 2 0 0 0 0 0 1 1 1 0 0 0 1 1 2 0 0 1 -2 -1 0 1 0 0 0 1 0 0 1 0 0 0 0 0 0 0 1 0 -1 1 -1 1 0 0 0 0 1 -1 0 1 0 1 0 0 -2 0 0 1 0 2 1 0 0 -1 -1 0 -1 0 0 0 1 0 0 0 0 1 -1 -1 0 0 0 0 1 -2 0 0 0 -1 -2 1 1 0 0 0 0 -1 1 0 1 0 1 0 -1 0 0 14 0 0 0 0 1 -1 -1 -1 0 0 0 0 1 -1 1 1 -1 0 0 0 0 0 0 0 0 0 1 2 0 1 0 -1 1 0 1 0 0 0 -1 -1 1 0 0 1 -1 1 0 0 1
0 0 0 1 -1 0 1 0 0 0 0 1 0 0 0 1 1 0 2 1 0 1 0 2 0 0 0 0 0 1 0 1 -1 0 -1 1 1 0 0 0 -1 0 1 0 2 2 -1 0 3 1 2 -1 0 0 1 0 -1 0 0 3 1 0 0 1 2 -1 1 1 1 0 1 0 1 1 0 -2 0 0 -1 0 0 0 0 0 1 0 1 0 -1 0 0 0 0 0 2 -1 3 1 0 -1 0 0 0 1 2 0 0 0 0 2 0 1 1 0 0 0 0 0 1 -3 1 -1 2 0 -1 -1 0 1 1 0 0 0 -1 0 -1 -1 -1 -1 0 1 2 0 -1 1 0 -1 0 2 -1 0 -1 0 0 -1 0 -1 0 0 -1 0 0 0 0 0 2 0 0 0 2 0 1 0 1 -1 0 0 1 -1 0 -1 1 0 -1 0 1 2 -1 0 0 0 1 1 1 0 0 0 0 0 1 1 0 1 1 -2 1 -1 1 0 0 0 -1 0 1 0 0 0 1 1 0 -1 0 0 0 1 1 0 -1 -1 0 1 0 0 0 0 0 0 0 2 0 0 2 -1 0 0 0 -1 2 1 1 0 1 0 1 1 -2 0 1 3 0 0 1 2 0 0 0 1 0 1 0 -1 0 0 0 0 0 0 2 0 2 0 0 4 -1 0 0 1 -1 0 0 1 0 1 0 0 0 1 0 -1 0 1 2 0 0 0 0 1 1 -1 0 0 0 15 0 0 0 2 0 0 0 0 -1 0 0 0 0 1 0 1 -1 0 0 1 2 0 1 1 -1 0 -1 0 2 0 1 0 0 0 2 0 1 1 0 0 2 1 2 0 1 0 1 -1
-1 0 -1 1 0 0 0 0 1 -1 1 0 0 0 -1 -1 -1 1 0 -1 0 0 1 0 2 0 -1 1 0 -1 -1 -1 0 1 0 0 0 1 -1 -1 0 0 1 -1 0 0 -1 -2 0 0 0 0 0 0 0 1 -1 0 0 0 0 1 0 1 0 0 0 -1 -2 0 0 1 0 0 1 2 -1 -1 0 1 -1 -1 0 0 0 0 0 0 -2 0 1 2 0 0 -3 0 -1 0 2 0 -1 0 0 0 0 -1 0 1 0 0 -2 0 -1 0 0 0 1 0 0 1 1 -1 2 0 0 1 0 -1 -1 0 0 1 0 0 0 0 0 0 2 0 0 0 0 0 -1 0 0 0 0 -1 -2 -1 0 0 1 -2 0 -1 1 -1 -1 1 0 -1 0 1 1 0 -3 1 1 -1 1 0 -2 0 0 1 0 1 0 0 0 1 -1 0 1 0 -1 0 2 0 1 0 1 0 -1 -1 0 0 0 0 0 0 1 -1 1 -1 0 1 1 0 -1 1 1 0 -1 0 -2 1 -2 -1 1 0 0 0 0 -1 0 1 0 -1 0 0 -2 1 0 -1 2 1 0 0 0 0 0 -1 0 1 0 2 2 0 -1 0 -1 -1 0 2 0 1 -1 0 0 0 0 0 -1 1 0 -1 0 0 0 0 -1 -1 1 0 0 0 0 0 0 1 -1 0 0 1 0 -2 0 0 0 0 0 0 1 0 1 0 0 0 -1 1 -1 0 0 1 0 0 0 0 17 0 0 0 -1 0 -1 -1 -1 0 0 0 -1 0 -1 0 2 1 1 0 -2 0 0 -1 -1 0 -1 1 0 -1 0 2 1 0 0 -1 0 0 0 -1 0 0 1 0 1 0 0 0
3 3 -3 2 0 -1 -1 1 2 0 1 -2 0 0 1 0 0 2 0 -1 1 0 -1 0 0 1 -1 0 1 2 -1 -1 0 1 1 0 -1 0 0 0 0 1 0 1 0 1 0 0 0 -2 1 0 0 0 0 0 0 0 0 1 -1 -1 0 -1 -1 0 -1 -1 0 0 0 0 -1 1 -1 2 -3 0 0 1 0 0 0 1 1 -1 1 0 -1 -1 0 0 0 2 -1 -1 1 0 0 0 0 0 0 0 -1 0 0 0 0 -1 1 2 -2 0 0 0 -1 0 0 0 0 3 0 0 2 0 1 0 0 -1 -1 -1 0 1 0 2 0 0 0 0 0 0 0 0 0 1 1 0 1 1 -1 2 -1 2 0 1 0 -1 0 1 -1 -1 0 0 -1 -1 1 1 0 -1 0 -2 -1 0 0 0 0 -2 -2 0 0 -1 1 0 1 -1 0 0 -1 -1 0 0 0 0 0 0 -1 -1 0 -1 0 1 -3 1 0 0 0 0 0 0 1 1 0 0 -2 -1 0 1 1 3 0 0 0 1 0 1 0 0 0 0 1 0 -1 0 0 0 0 1 -1 1 1 1 0 -1 1 1 0 1 1 0 1 -1 0 -1 0 -1 -1 -1 -1 -1 0 0 0 1 0 0 0 -3 -1 0 0 0 -1 0 0 0 1 -1 0 -1 -1 0 0 3 -2 -3 1 0 0 1 0 0 2 0 -1 0 0 -1 0 0 0 1 0 0 1 1 -1 1 -1 1 0 0 0 15 0 -1 1 -1 1 0 0 0 1 1 -1 0 0 2 -2 -1 -1 0 0 0 1 0 0 -1 1 1 0 0 0 1 1 -1 1 0 0 0 1 1 -2 -1 0 0 0 0 -1 0
0 -1 1 0 0 -1 1 1 -1 0 0 0 0 0 0 0 0 1 0 2 0 -1 0 0 -2 1 0 0 0 0 0 0 0 1 0 -1 0 0 0 1 1 0 0 -2 0 2 0 0 0 1 0 0 0 0 2 0 0 0 0 -1 1 0 1 0 1 0 -1 -1 1 0 0 0 -1 0 1 -1 0 1 0 0 -1 0 1 -3 0 0 0 0 1 0 2 0 0 1 1 1 0 0 1 0 0 0 0 -1 2 0 0 1 0 0 0 0 0 0 0 0 1 0 0 0 0 -1 1 1 0 0 1 0 -2 0 2 0 0 2 0 0 0 1 0 0 0 0 0 0 1 0 0 0 0 -1 2 0 0 0 0 0 0 0 0 0 0 0 0 1 0 0 -1 0 2 0 1 0 0 1 -1 0 -1 -1 0 0 1 0 0 0 0 0 0 0 -2 0 0 1 -1 0 0 0 0 0 1 2 0 0 -1 0 -4 1 0 0 0 0 0 1 -1 1 0 0 -2 0 0 -1 -1 1 0 0 1 0 0 0 0 0 0 0 0 0 1 1 0 0 0 0 0 1 0 2 0 1 1 0 0 0 1 -1 0 -2 0 0 -2 1 0 0 -1 -1 0 0 -1 1 -1 0 -1 0 0 0 0 0 -1 1 0 0 0 0 0 0 0 0 0 0 0 -1 0 0 1 0 0 1 0 0 0 0 0 0 0 1 -1 0 0 0 1 0 0 3 0 0 0 0 13 -1 0 0 0 1 0 -1 0 0 1 0 1 0 0 0 1 0 -1 0 1 1 0 0 0 0 0 0 0 1 1 -1 0 0 0 0 1 2 -1 0 0 -1 0 0 0 0
-1 0 1 -2 0 -1 0 0 0 0 0 -1 0 1 -1 1 2 1 0 -1 -2 0 -1 0 0 0 2 0 0 0 0 0 0 0 0 2 0 -1 0 0 -2 0 0 -1 0 1 0 1 0 0 -1 0 -3 1 -1 -1 -1 1 0 0 0 0 0 1 1 -1 2 0 2 -1 2 1 1 1 0 -1 2 1 0 0 1 3 0 1 0 1 -1 0 -1 4 0 0 -1 0 0 2 1 1 -1 2 0 0 1 -1 0 1 2 -1 1 0 -1 0 0 0 -1 0 -1 1 -2 0 -2 0 -1 -1 3 0 0 0 0 0 0 0 0 1 1 0 1 0 -1 -1 1 0 1 1 0 -2 0 0 1 2 -1 1 0 0 -1 3 0 0 -1 1 3 2 0 0 0 0 0 0 -2 0 -1 2 1 0 0 1 1 1 0 1 -1 0 -1 0 0 0 0 1 2 0 1 0 0 -1 0 2 1 0 0 1 -1 1 1 -1 1 2 0 -1 2 0 0 1 -1 0 -1 0 0 0 1 0 1 0 0 1 2 -1 1 -1 0 -2 0 0 0 0 -1 0 1 0 0 0 -1 -2 0 1 2 1 1 0 0 0 -1 0 0 0 0 1 0 -1 -1 0 0 0 0 0 1 2 0 0 0 -1 0 -1 2 1 0 2 0 1 0 0 0 0 0 0 0 0 1 0 0 1 -1 0 -2 0 1 1 0 0 0 0 1 0 -1 1 0 2 1 -2 3 -1 1 2 0 -1 -1 21 0 1 0 0 0 1 0 1 -1 -1 0 0 0 -1 0 0 2 -1 0 1 0 0 -1 1 1 0 -1 -2 0 1 1 0 1 0 -1 -1 0 1 0 2 0 0 -1 -1
1 1 0 0 1 0 -2 1 -1 0 0 2 -2 2 1 0 0 0 1 -1 -1 -1 2 0 -3 1 1 1 0 0 1 1 -1 1 0 -1 -1 0 0 -2 1 0 -1 0 1 0 -1 0 2 0 0 -1 3 -1 1 0 1 1 -1 0 1 0 0 -2 -1 0 0 1 0 -2 0 0 1 0 0 -1 0 4 0 -2 0 1 0 0 0 -1 0 0 -2 -1 1 -1 1 1 -1 -1 2 0 -1 -1 1 -1 -1 1 0 0 -1 -1 1 0 0 0 -2 -2 0 -2 -1 0 -1 0 -1 2 -2 1 1 -2 -1 -1 0 0 0 -1 0 0 0 0 -1 -1 1 -1 0 0 -1 -1 0 1 1 0 0 1 1 1 0 1 0 -1 0 0 -1 1 0 1 0 0 -2 2 0 -1 -1 1 -1 0 -1 -1 1 0 0 -1 0 1 1 1 0 -1 2 0 -1 0 1 1 1 1 1 0 0 -1 3 -1 2 -1 1 -1 2 0 -1 2 1 -1 0 -1 -4 1 0 -1 -2 0 0 -2 0 0 0 0 -2 0 -1 -1 0 1 0 -1 0 0 0 0 1 -1 0 -1 0 0 0 0 -1 -1 -1 1 1 0 0 -1 -2 0 0 0 0 -1 -2 0 -1 -1 0 2 1 0 0 -3 -2 3 -1 0 0 0 0 0 -2 0 0 0 0 0 -1 0 -1 -1 0 1 -1 0 0 0 -2 1 0 -1 0 0 -1 -1 -1 0 1 -1 -1 2 1 0 3 0 3 0 -1 0 -1 1 0 0 23 0 -1 -1 1 1 1 1 0 0 -1 1 -1 -1 -1 0 1 0 -1 1 1 -3 0 1 0 0 -1 0 1 0 0 1 -1 0 0 0 0 0 0 0 0 1 1 1
0 0 -1 0 2 0 0 0 0 0 1 -1 1 1 0 2 0 1 -1 0 1 -1 -1 0 0 1 0 0 1 0 0 1 0 1 0 0 1 0 0 -4 -1 0 1 0 0 0 0 0 0 1 1 0 -1 1 0 1 0 1 0 0 -2 -1 0 1 0 1 0 0 1 1 0 0 -1 0 0 2 1 1 0 0 -1 0 0 0 1 1 0 2 0 0 0 0 1 -1 -1 1 1 0 0 0 0 -1 0 0 0 0 0 0 0 0 -2 1 0 0 1 0 0 0 0 0 0 1 -1 0 0 -2 0 0 0 1 0 0 1 -2 -1 -1 -1 0 0 0 1 0 0 0 2 0 1 -1 -2 0 0 0 0 0 -1 0 1 1 0 0 0 0 0 0 -1 0 1 0 1 0 0 0 0 1 0 0 0 0 0 -1 0 0 0 1 0 0 -1 0 0 1 0 -1 0 1 0 0 1 0 3 0 -1 1 0 0 0 0 1 0 0 -2 0 0 0 0 -1 0 0 0 0 -1 0 -1 -1 -1 0 0 0 0 0 0 0 1 0 0 0 2 0 1 0 1 -1 1 0 1 2 0 0 -3 0 0 2 0 0 0 1 0 -3 0 0 -1 0 0 1 2 1 -1 -1 0 -1 -2 1 0 1 -1 0 0 0 0 1 1 0 2 1 0 0 0 -1 1 0 0 0 0 0 0 1 0 1 -1 0 -1 0 0 -1 -1 -1 0 1 1 1 0 -1 0 0 -1 0 1 0 13 0 0 -1 0 -1 0 1 -1 0 0 0 0 0 2 -1 0 0 1 1 1 1 0 1 0 0 -1 -1 1 0 0 0 0 1 -1 1 1 0 0 0 0 0 1
1 1 0 0 0 0 1 -2 -1 0 -1 0 -1 0 0 0 0 -1 0 0 0 0 1 0 3 0 0 -1 0 0 0 -1 -1 -1 1 -1 0 0 0 0 0 0 0 0 0 0 -1 -1 -1 -1 0 0 1 -1 2 0 1 -1 0 3 0 -1 0 0 -1 0 -1 -1 1 -2 0 0 -1 0 -1 -3 0 0 2 0 3 0 1 1 1 1 0 1 0 -2 -1 -1 -1 -1 1 0 0 1 -1 2 0 1 0 -1 1 -1 0 0 -1 0 0 0 1 0 0 -1 0 -1 1 0 0 2 -1 0 -2 -1 -1 0 0 2 1 1 1 2 0 1 0 0 1 0 0 1 0 1 0 0 1 0 1 1 0 1 -1 -1 0 1 0 0 0 -1 0 -1 0 0 0 0 0 1 0 0 -1 1 0 1 0 0 0 -1 0 0 -1 0 0 0 0 0 1 2 0 1 1 -1 -1 -1 1 -1 -1 -1 -1 1 0 0 1 -1 -1 -1 -1 0 -1 0 3 -2 0 0 -1 1 1 0 0 0 -1 0 0 0 -3 0 0 -1 0 0 0 0 -1 0 0 2 2 1 0 -1 1 0 0 -1 1 -1 3 1 0 0 0 0 0 1 1 0 0 0 0 1 0 -1 -1 -1 0 -2 2 -1 -1 -1 0 1 0 0 0 0 0 1 0 1 0 0 0 1 0 -1 0 0 1 0 0 1 0 0 -1 0 0 -1 -1 0 -1 -1 -1 0 1 1 1 1 0 1 -1 0 -1 1 0 0 -1 0 15 -1 0 -1 0 0 0 0 1 0 -2 -1 0 -1 0 0 -1 -1 1 -2 0 0 0 1 0 1 3 0 0 0 -1 0 -1 0 0 0 -1 2 1 1 -1 -2
1 0 1 1 0 0 2 -2 0 1 -1 0 0 2 1 0 -1 0 0 1 -1 0 0 0 -1 -1 0 2 1 0 0 0 -1 -1 0 0 0 0 0 1 0 0 -1 0 1 0 -1 1 -1 1 0 0 -2 0 -1 1 0 0 0 0 0 0 -3 1 1 -1 -1 -1 1 1 0 -1 0 0 0 0 0 0 -1 1 -1 -1 -1 0 0 0 0 -1 1 1 1 -2 -1 0 1 0 0 1 0 0 0 0 -1 0 2 1 0 0 0 0 0 1 1 -2 0 0 0 0 0 1 0 0 1 -1 0 0 0 1 1 1 1 0 0 0 0 0 0 0 -1 1 0 1 0 0 2 0 -1 -1 0 -1 0 1 0 0 0 0 -1 -2 0 0 1 0 1 0 0 -1 0 0 -1 0 0 0 0 0 1 0 -1 0 0 0 0 0 0 0 -2 0 1 0 0 -1 0 0 0 0 0 0 -1 1 0 -1 1 0 0 0 0 -1 0 1 -1 1 0 -1 0 3 0 -1 2 0 0 0 1 0 0 0 0 0 -2 0 1 1 0 0 0 0 2 -1 1 0 -1 0 0 -2 1 0 0 0 -1 1 0 0 0 0 0 0 1 0 0 0 0 1 0 0 0 0 0 0 -1 0 -1 1 0 0 0 0 -1 2 -1 2 0 0 0 0 0 1 0 -2 -1 0 1 0 0 0 0 0 1 0 0 0 0 -1 0 0 0 0 0 0 0 0 0 0 0 0 -1 0 1 0 -1 0 -1 13 1 0 2 0 1 1 0 1 2 -1 0 -1 1 -1 0 -1 0 0 2 -2 1 0 0 1 0 -1 0 1 0 0 -2 1 0 0 0 0 0 1 1 0
2 1 2 0 1 -1 1 -1 0 -2 -1 -1 0 -1 0 0 1 0 -1 -1 1 -2 0 0 -1 0 1 0 0 0 0 0 0 1 0 0 -1 1 0 0 0 0 -3 0 0 -1 0 0 -1 1 0 0 0 1 -1 1 0 0 0 1 0 0 1 -1 1 1 0 1 0 0 1 0 0 1 0 0 0 0 0 -1 -1 0 -2 1 0 1 -1 0 0 1 0 1 -2 -1 0 0 -3 -1 -2 -1 0 0 0 -1 1 -2 0 0 0 0 1 0 1 -1 0 1 0 0 0 1 0 1 0 0 0 2 0 0 0 0 1 0 0 1 0 -1 0 0 0 0 -1 0 0 2 1 1 1 0 0 0 -1 1 0 0 0 -1 0 1 0 -1 1 -1 -1 1 -1 0 -1 0 1 0 -2 0 1 0 0 0 0 0 0 0 0 0 1 0 -1 0 0 -1 -1 0 0 0 -1 0 0 0 0 0 0 0 0 0 -2 1 0 0 -1 0 1 1 0 -1 0 1 -2 1 1 -1 1 -1 1 0 0 0 1 0 1 0 1 0 0 0 0 0 1 0 1 0 0 0 0 1 0 0 0 1 1 2 0 0 -1 0 2 -1 0 0 1 -1 0 1 -1 0 0 0 0 -1 0 2 1 1 0 1 0 -1 1 0 -1 1 -1 1 0 -1 0 1 0 0 0 0 1 -1 0 0 0 -1 0 1 0 0 1 1 2 1 0 1 -1 1 0 0 0 0 0 -1 -1 0 0 0 1 -1 0 1 12 -2 0 0 0 -1 -1 0 2 1 -1 -2 0 -1 0 0 -1 0 0 0 -1 0 0 0 0 -1 0 0 0 0 0 -1 -1 1 -1 -1 -1 1 1 0
0 0 0 0 0 2 -1 1 0 -1 0 2 -2 2 -1 2 1 0 1 0 1 0 0 0 0 1 0 0 1 0 0 -1 0 -1 1 -1 -1 0 -1 -2 2 1 0 0 0 1 0 0 0 0 0 -1 0 1 0 0 0 -1 1 0 0 2 1 0 0 0 1 -1 1 0 0 1 0 1 0 1 0 1 -1 0 1 0 1 -1 0 -3 1 2 2 2 -1 0 2 0 -1 1 0 -2 0 0 1 2 0 1 -1 -1 -2 0 -2 1 1 0 0 0 1 0 0 1 1 0 0 0 0 1 2 0 -1 1 1 0 -2 1 0 1 -1 0 -1 -1 -1 4 -1 0 1 -1 -2 1 -1 0 -2 1 0 1 -1 1 -2 1 2 0 0 1 0 1 0 0 1 1 -1 1 0 0 3 1 0 0 0 1 0 0 0 0 1 -1 0 1 -1 -1 1 0 0 1 0 0 0 -1 0 1 1 0 -1 1 -1 0 0 0 0 0 1 1 1 0 0 1 0 0 0 0 -1 -1 1 0 0 0 -1 0 1 0 1 0 0 0 -1 1 -1 0 1 -2 2 1 1 -1 0 -1 0 -2 0 -1 0 2 -2 -1 0 1 0 1 -1 1 0 -1 1 -1 1 -1 -1 1 -2 1 -2 0 -1 0 -1 -2 1 1 1 1 0 4 -1 0 1 0 -2 -1 -1 -2 0 0 1 0 0 0 0 0 0 0 2 -1 -2 0 0 1 1 0 0 0 0 0 0 -2 0 0 0 0 -1 1 1 0 -1 0 -2 21 1 1 0 1 1 1 0 0 -1 2 0 1 -1 -1 1 1 0 -1 0 -1 1 -2 -1 0 0 1 0 1 1 3 2 0 1 0 0 0 1 0
-1 0 -1 0 1 2 -1 -2 1 0 0 0 1 2 -1 -1 0 -1 1 0 0 1 0 1 0 0 1 2 1 -1 0 -1 0 1 2 0 -2 0 -1 0 -2 1 0 -2 1 1 0 1 2 0 0 0 1 0 -2 0 0 0 0 2 0 0 1 1 1 0 -2 0 0 1 0 0 1 0 0 0 -1 0 0 0 3 1 0 0 2 1 0 0 0 0 1 -1 0 0 1 0 0 0 0 0 1 0 -1 0 -1 -1 -1 0 1 -1 1 -1 2 -1 0 -1 0 1 0 -2 0 0 4 0 0 -2 0 0 2 0 0 1 1 1 0 0 0 2 2 0 -1 0 1 0 2 0 -1 0 2 0 1 1 -1 3 0 -1 -2 3 0 0 0 3 -1 0 0 1 1 -2 0 0 0 0 -2 0 0 1 -1 -1 -1 0 0 0 1 -1 0 1 -1 0 0 -2 1 0 -1 0 -1 -1 2 -1 0 -2 0 -1 -2 0 -1 0 1 0 0 1 -1 4 -1 1 0 0 -1 0 0 1 0 0 0 0 0 -1 -3 2 0 1 -1 0 -1 0 0 0 1 0 0 0 0 -1 0 0 -1 0 0 1 0 0 -2 1 0 0 1 0 -1 0 0 -1 -1 0 0 0 0 0 0 -1 1 -1 0 0 -1 -2 0 -1 0 0 0 0 0 0 0 2 0 -1 1 0 3 0 0 0 2 0 1 2 0 0 0 0 0 -1 1 0 0 1 2 0 0 -1 0 0 0 1 0 0 1 -1 0 2 0 1 21 0 -1 0 -1 1 -1 2 1 -1 0 0 1 -1 0 0 -1 1 -1 -2 0 0 0 0 0 1 0 1 0 0 0 1 1 1 0 3 -1 0
0 0 0 -1 -1 0 0 -2 0 -1 0 0 0 0 -1 0 0 1 0 0 -1 -1 0 -1 0 1 1 0 2 1 0 0 0 0 0 0 0 0 0 0 0 1 0 0 0 1 0 0 1 -1 0 -1 0 -1 -2 0 0 1 1 1 1 0 0 -1 0 0 1 1 0 -1 0 1 1 1 0 1 0 0 0 1 0 1 0 -1 0 1 0 0 2 0 1 0 0 0 0 0 1 0 1 1 1 0 0 0 2 -1 1 0 0 0 0 0 0 0 -1 0 0 0 0 0 1 0 0 0 2 -1 1 0 0 0 1 1 -2 0 0 -1 0 0 0 -1 0 0 2 0 -1 -1 1 0 0 0 0 0 0 0 1 -1 0 1 0 0 0 0 0 0 1 0 0 0 -1 0 -1 0 0 0 -1 0 -1 0 -2 0 1 0 0 0 1 0 -1 1 0 0 1 0 0 0 0 1 1 -1 -1 0 -1 1 0 -1 -1 1 0 1 0 0 0 2 1 -1 0 0 0 0 -1 2 0 0 -1 1 1 -1 -1 1 0 1 0 0 -1 1 0 0 1 -1 0 1 1 0 0 0 1 0 -1 0 0 0 0 0 0 0 0 -1 -1 1 1 0 0 0 1 0 1 0 -1 1 0 0 -1 0 1 0 0 2 0 -1 0 0 -2 0 -1 0 0 1 -1 0 -1 0 0 -1 -1 0 -1 0 0 0 1 0 0 -1 0 1 1 0 1 0 0 0 1 0 0 1 0 1 1 0 0 0 0 1 0 12 1 -1 -1 0 0 0 0 0 0 -1 1 0 0 0 0 0 0 1 0 -1 0 -1 0 2 0 0 0 0 -1 0 -1 0 1 0 0 0
0 -1 0 0 0 2 0 0 -2 0 0 0 0 -1 -2 1 0 -2 0 1 0 -2 0 -2 0 0 -1 -1 0 0 -1 1 0 1 -1 0 -3 1 1 0 0 1 -1 0 1 0 1 1 0 1 -1 0 -2 0 0 0 0 0 0 -1 -1 0 -2 0 -1 0 -1 2 1 0 -1 0 0 0 0 0 0 0 0 -1 0 1 2 -1 -1 1 1 0 0 0 0 0 0 0 -2 0 3 0 -1 2 0 0 -2 1 3 0 -2 -1 0 1 1 1 0 0 0 0 -1 0 1 0 -1 -1 -1 -1 1 1 -1 1 2 0 0 1 1 -2 0 0 0 -2 0 -1 0 -2 1 1 -1 0 0 0 -2 -1 -2 -1 0 1 0 0 1 0 0 0 0 0 0 -1 3 0 1 0 -1 1 1 2 1 0 3 0 0 0 -1 0 -2 2 0 0 -1 0 -1 0 0 1 1 0 1 0 0 0 0 -1 0 -2 -4 -1 1 -1 0 0 0 1 -2 0 -1 0 -1 -1 0 1 0 1 0 0 0 0 0 0 0 1 0 0 1 1 1 0 0 0 0 -1 0 0 1 0 -1 0 0 1 1 4 -2 -1 -2 -1 -1 -1 0 0 -1 0 0 -1 0 1 1 1 0 0 0 0 -1 -1 1 2 0 0 -1 0 0 0 0 -1 2 0 0 0 0 -1 1 1 -2 -2 1 0 -1 0 0 -1 0 -1 -1 1 3 1 0 2 0 0 0 -1 0 2 -1 0 -1 0 -1 -1 1 -1 0 1 0 1 0 0 -1 1 21 0 0 0 -1 0 -1 0 -2 -2 1 0 -1 0 0 -1 0 0 -1 0 0 -1 -2 0 0 -1 0 0 -1 -2 -1 0 0 -1 1 1
0 0 0 0 -1 2 -1 -1 0 1 0 1 -2 1 0 2 0 0 0 1 1 1 1 0 0 -1 -1 0 0 -1 0 -1 0 1 0 0 1 0 1 2 0 0 1 1 0 -1 0 -1 2 1 0 -3 0 1 0 0 -1 -1 1 -1 0 0 1 0 -1 -1 -1 0 0 1 0 -2 -1 -1 0 0 -1 0 0 0 -1 1 0 -1 0 -1 2 0 1 1 1 0 0 0 0 0 1 -2 -1 0 0 0 1 0 0 2 0 0 0 2 -1 0 1 0 0 0 -1 -1 1 0 1 1 0 0 1 0 1 0 1 1 0 0 0 1 1 0 1 -1 -3 1 1 0 1 -2 0 0 -2 0 0 0 -1 -1 1 1 0 0 0 1 0 1 0 0 0 1 1 0 0 0 0 0 0 0 0 -1 -1 -1 0 0 0 1 1 0 0 1 0 1 0 -2 0 1 -2 0 0 0 0 -1 -1 0 -2 0 0 0 3 -1 -1 0 -1 1 0 0 0 0 -1 -2 2 0 0 -1 1 0 0 -1 0 0 1 0 0 0 0 -1 0 0 1 -1 0 0 -2 0 0 0 1 -1 0 -1 0 0 2 0 0 1 0 0 2 0 -1 1 -2 1 0 1 0 -1 0 0 1 0 -1 0 1 0 0 0 1 1 0 0 1 1 -1 -1 0 1 0 2 0 -1 0 0 -1 1 -1 1 2 0 -2 2 0 0 1 0 1 -1 0 -1 -1 0 1 -1 0 1 1 1 0 0 0 -1 0 -1 0 1 -1 1 0 -1 0 17 2 1 1 1 0 -1 0 0 0 0 0 0 0 0 0 0 0 1 0 0 0 1 0 1 0 0 1 1 1 1 1 1 1 0
1 1 -1 -1 0 0 -1 0 0 1 0 -1 1 -2 -2 -1 0 1 0 1 0 0 0 1 -1 0 1 -1 -1 1 2 -1 0 0 0 -1 2 2 0 1 2 0 0 0 1 -2 0 -1 1 0 -2 0 0 0 1 1 2 0 1 -1 0 2 0 0 -2 0 -1 0 0 -1 0 0 -1 -1 0 0 0 1 0 0 -1 0 1 0 0 -2 -1 2 0 0 1 2 0 -1 1 3 0 0 0 1 0 0 -1 -1 -1 0 0 0 0 2 0 0 1 0 1 1 0 -2 2 0 0 -2 0 -2 -1 1 0 0 0 1 -1 1 0 -1 0 0 1 1 -1 2 0 -1 0 -1 0 0 -1 -2 0 -1 0 1 0 -1 1 0 -1 0 1 0 0 2 -1 -1 0 -1 -1 0 1 -1 0 0 -1 1 -1 0 1 0 1 0 -2 0 0 0 -1 1 3 0 -1 0 0 0 0 -1 -1 1 1 0 -1 0 0 0 0 0 1 1 1 2 0 -1 3 -1 -1 0 -1 1 -2 1 0 0 0 0 0 0 1 0 2 -1 0 0 0 0 0 -1 -1 -1 -3 1 -1 -1 0 -1 1 0 -3 1 0 0 -2 0 0 0 0 0 0 1 -1 0 -1 -2 1 0 0 -1 1 0 -2 0 0 1 -1 0 1 0 0 0 0 3 -3 -1 2 0 0 1 2 -2 0 2 0 -1 -1 1 2 -1 1 0 1 0 0 3 0 0 -1 0 0 -1 0 0 0 1 1 0 -1 0 1 0 -1 0 1 0 -1 1 -1 -1 0 2 21 -2 0 0 -1 0 1 0 1 2 0 -1 1 1 -2 1 0 1 1 0 -1 0 0 0 0 0 0 -1 1 0 -1 1 -1 -1
1 1 0 0 1 -1 1 0 -1 1 0 0 0 1 3 0 0 0 2 0 0 0 1 1 2 1 0 0 2 -1 -1 -1 -1 0 -2 0 -2 -1 1 -1 0 0 0 0 0 0 1 2 1 0 1 0 0 0 0 1 -1 0 0 -1 0 0 -1 0 -1 0 0 -1 0 0 2 1 -1 0 0 0 -1 0 0 1 0 1 0 0 1 0 1 0 0 0 0 0 0 1 -1 0 1 0 0 0 0 1 0 0 0 -1 -1 -1 0 0 -1 0 0 0 -1 -1 -2 1 -1 -2 2 0 0 -1 0 0 -1 0 0 0 -1 -1 0 1 0 0 -1 1 0 0 1 1 -1 1 0 0 0 1 -1 0 1 0 -1 0 0 1 0 0 1 0 1 1 1 0 0 -1 0 0 0 0 1 1 0 0 0 0 -1 0 0 0 0 -1 0 0 0 -2 0 1 1 0 0 0 -1 -1 1 -1 1 -1 0 -1 -1 0 1 -1 1 0 0 0 0 0 1 0 0 1 0 1 1 0 1 1 3 -1 0 2 1 0 0 0 0 0 0 0 0 0 -1 0 1 0 1 0 0 -1 -1 0 -1 1 0 1 1 0 0 -1 0 0 1 0 -1 -2 0 -2 1 0 -1 0 -1 0 -1 0 0 0 -1 0 0 0 0 0 2 1 0 1 -1 1 -1 1 0 1 1 1 1 2 0 0 0 0 0 0 -1 -1 0 -1 1 0 -1 0 0 0 0 1 0 1 -1 1 0 2 0 0 1 0 0 1 0 1 1 0 0 1 -2 14 1 0 0 0 0 -1 0 0 0 -1 0 1 0 0 0 0 0 -2 0 0 0 0 -1 0 1 0 0 1 0 -1 -1 0
2 0 0 0 0 0 0 1 1 -1 -1 -1 1 0 -1 0 2 0 -1 -2 0 0 0 -1 0 0 0 1 -1 0 0 0 0 2 0 0 3 1 0 0 -1 0 -2 1 0 -1 0 -1 0 1 -2 2 -1 -1 0 1 -1 0 3 1 0 0 -1 -1 0 0 0 0 -1 1 0 1 0 0 -1 1 1 0 -1 0 -2 0 -3 0 -2 0 -2 -1 0 1 1 2 -2 1 -1 3 -1 -1 0 0 0 1 1 0 1 0 -1 0 0 0 -3 0 1 0 0 -1 0 1 -1 2 1 0 -1 2 -1 0 0 -1 0 -1 1 1 2 3 0 1 0 -1 -1 0 0 1 0 2 -1 -1 -1 1 3 -1 0 0 1 0 -1 0 -1 1 1 0 0 -1 0 1 0 0 0 -1 0 0 0 1 -2 0 -1 1 1 2 3 0 0 -1 0 -1 0 0 0 -1 0 1 1 -1 0 0 0 1 0 -2 -1 -3 -1 -1 -1 1 0 2 0 1 -1 2 0 -1 -1 1 0 2 0 0 0 1 1 0 0 -1 1 1 1 1 1 -1 0 -1 1 2 0 0 1 0 2 0 -1 1 0 0 0 0 -1 -1 0 1 0 0 0 1 1 1 2 1 0 1 0 0 0 0 2 2 1 2 0 0 -1 0 1 0 0 1 0 1 -1 -2 0 0 0 1 1 0 0 -1 1 0 0 0 1 0 1 -1 0 0 -1 1 1 -1 0 0 2 -1 0 2 0 1 0 -1 2 -2 0 0 -1 0 -2 2 2 0 -1 0 -1 1 0 1 23 0 -1 0 0 -1 -2 2 -1 0 0 -1 -2 -1 0 -1 1 -1 -1 0 1 -1 0 -1 1 0 0 1 -1 -1 2 0
-1 -2 0 -1 -1 -1 -1 0 1 -2 0 0 0 0 0 1 1 2 0 0 1 -1 0 -1 -2 0 -1 0 2 0 1 0 3 3 0 -1 1 1 1 0 0 -1 0 0 0 -1 0 0 0 0 0 1 1 1 0 -1 1 -1 0 -2 1 1 1 0 0 2 1 1 0 -1 0 -1 -1 0 2 1 0 -1 1 0 1 0 1 0 0 0 -1 -4 0 0 1 0 -2 0 1 1 0 -1 0 -1 2 1 1 -2 1 -1 1 0 -1 1 0 -1 0 -1 0 0 0 -1 0 -1 1 -2 2 0 -1 0 0 0 1 -1 0 1 0 1 0 -1 0 1 0 1 2 -2 2 0 -1 1 0 0 1 1 2 1 0 0 0 0 1 1 0 0 0 0 0 0 -1 1 -1 1 0 1 1 -1 0 0 1 -1 0 -2 0 2 0 1 2 -1 -1 0 -1 0 2 0 0 0 2 0 -2 1 1 1 0 -2 -1 -1 1 1 3 0 -1 1 -1 -1 0 1 -1 1 2 1 -1 0 2 -1 0 -1 0 -1 0 -1 -1 -1 0 2 0 2 1 -2 0 0 2 0 0 1 -1 0 1 -2 0 0 -1 0 0 0 0 -1 0 0 -2 0 0 1 0 0 -1 0 0 1 0 1 -1 -1 0 2 -1 2 0 0 0 -1 1 2 1 -1 0 0 1 -1 1 0 1 -1 1 0 -1 0 0 2 -1 0 0 0 0 1 1 0 1 -1 0 0 0 0 -1 -2 0 0 1 -1 0 -1 -1 0 -1 -1 1 0 2 0 0 1 0 0 0 22 1 0 -2 -1 1 -1 1 0 -1 0 0 -2 0 0 0 -1 0 0 1 0 0 -1 0 3 1 -1 1 0 2 0
0 -3 0 -1 0 0 0 1 0 1 0 1 2 1 -1 0 0 0 0 1 0 -1 0 2 1 -3 -1 -1 1 -1 0 0 0 0 0 0 0 0 1 0 -1 0 1 -1 0 0 0 0 1 -1 1 0 0 0 0 0 0 0 1 0 1 1 0 1 1 0 1 0 0 -1 0 0 -1 -1 1 1 0 0 0 1 -1 1 0 0 0 0 0 -1 0 0 1 0 -1 2 0 0 0 0 0 0 0 0 0 0 0 1 1 1 -1 0 0 0 0 1 0 0 1 1 0 0 0 0 4 -1 0 0 0 2 0 0 0 0 -1 0 0 0 0 0 0 0 1 1 0 0 1 1 0 0 1 0 0 0 0 0 0 -1 0 0 1 1 -1 0 1 -1 0 0 0 0 1 0 1 0 0 0 0 0 1 -1 -2 1 1 0 0 0 0 0 0 0 1 0 0 0 1 1 -1 0 1 0 0 -1 0 0 1 -1 0 0 0 1 0 0 0 1 0 0 1 1 0 0 0 -1 0 0 -1 0 0 0 0 0 0 3 0 1 0 -1 -1 0 1 2 -1 0 0 0 0 -1 -1 -1 0 0 2 -1 1 1 0 0 0 0 0 0 2 0 0 0 0 1 0 1 -1 -1 1 -2 1 -1 0 -1 0 1 -2 0 -1 1 1 -2 0 0 0 1 0 0 1 2 -1 -2 -2 0 0 1 -1 2 0 0 0 2 0 0 -1 2 0 -1 1 0 0 0 1 -1 1 0 -1 0 0 0 -1 -1 1 0 -1 0 -1 0 -1 1 15 0 -1 -1 1 0 2 1 0 0 0 -2 0 1 0 1 0 0 0 0 -1 -1 0 0 0 0 1 0 -1 1
0 0 0 -1 0 1 -2 1 0 0 1 0 1 2 0 1 1 0 -1 -1 0 -1 1 1 0 -1 0 0 1 0 1 2 0 0 0 1 0 0 1 -1 -1 0 0 0 0 -1 1 0 1 0 0 0 1 1 0 1 0 0 -1 0 2 0 1 0 0 1 -2 0 2 1 0 0 0 0 0 1 0 1 0 0 -1 -1 0 -1 0 -1 0 2 0 0 -1 -1 1 0 0 1 0 -1 2 0 -1 0 -2 -1 0 1 0 -2 0 0 -1 1 0 0 1 0 -1 0 -1 -1 0 -1 0 1 1 -2 0 1 0 0 -1 0 -1 0 -1 0 -1 1 2 0 2 1 0 -2 0 -1 0 0 -1 0 0 0 0 0 0 0 2 0 -2 -1 0 1 0 0 -1 0 0 1 1 0 -1 0 0 -1 0 -2 0 0 -2 -1 0 0 0 -1 3 1 -1 -1 -2 0 0 1 -1 1 0 -1 2 -2 0 1 -1 0 0 1 0 1 2 0 0 0 0 1 1 0 0 -1 -1 2 1 0 0 -1 0 1 0 0 0 1 1 -1 0 -1 0 -1 0 0 0 1 0 0 0 1 0 -2 0 0 -1 -2 -1 0 1 -1 1 3 -1 0 0 1 1 -3 0 0 0 0 0 0 0 -1 0 0 -2 -1 0 -1 0 0 0 -1 1 -1 1 1 -1 0 0 0 0 0 0 0 0 -1 -1 0 0 -1 0 0 1 -1 0 0 0 1 0 -1 0 0 -1 0 0 1 0 0 0 0 0 2 -1 -1 -2 2 -1 0 0 -1 0 0 0 0 0 15 0 1 0 1 1 0 0 -1 2 0 0 0 0 0 1 -1 0 0 2 0 0 0 -1 0 0 -1 0 0
0 2 0 1 1 0 0 1 0 1 1 1 0 -1 3 -1 3 1 -1 0 -1 0 -1 0 0 -1 0 0 0 3 0 1 1 -1 -1 1 0 0 0 0 -1 0 -1 1 1 0 2 1 0 0 0 1 0 1 0 1 0 0 0 2 0 1 0 0 0 -1 0 0 1 -1 1 2 1 0 0 0 -1 0 0 1 -1 2 -1 3 0 0 0 2 0 2 0 1 0 1 0 0 0 1 2 1 0 0 2 0 0 1 0 -1 -1 0 1 -1 0 0 0 0 0 2 0 0 1 -1 0 0 2 1 0 -1 -2 2 0 0 0 0 0 0 -1 0 1 -1 1 1 -1 0 0 0 -2 -1 -1 -2 3 1 0 -2 -1 -1 -1 0 2 -1 -2 1 -1 1 -1 -2 0 0 1 0 -1 1 1 0 -1 1 1 0 0 -1 0 0 1 0 0 2 0 0 -1 -1 -1 1 0 -1 0 0 0 1 1 3 -1 0 -1 0 2 0 -1 0 2 -1 -1 0 -1 1 0 0 1 0 0 0 -1 0 0 0 -1 2 -1 -2 0 -1 0 0 1 0 2 -1 1 0 0 0 1 -1 0 1 0 1 0 0 -1 0 -1 0 0 3 -1 0 -1 0 1 0 0 1 1 0 0 1 -1 0 -1 -2 0 0 0 1 -1 2 1 2 -1 1 0 0 0 -1 0 0 0 0 0 0 0 2 0 1 1 0 1 0 0 0 0 -1 0 0 0 0 1 0 0 0 0 2 -2 0 -1 2 1 -1 0 1 0 0 0 0 -2 0 1 0 0 -2 -1 0 20 0 0 2 1 -1 1 0 1 0 1 0 0 0 1 0 0 0 1 0 -2 2 -2 1 -2 0 1 -2
1 0 0 1 1 -1 -1 0 -1 0 0 1 0 0 0 0 0 1 0 -1 -1 -1 1 1 0 -1 -1 1 0 1 0 0 1 0 0 0 1 0 -1 -1 0 -2 2 0 2 0 0 0 -1 -1 0 1 1 1 0 -1 0 0 0 0 0 0 0 0 1 0 0 0 1 1 0 0 2 0 0 0 0 0 0 -1 1 -3 1 0 -1 0 0 0 -1 1 -1 0 2 0 0 0 -2 1 0 -1 -1 1 1 0 -3 1 -1 0 -1 0 0 0 0 0 0 0 0 -1 1 0 1 0 1 2 1 0 0 0 -1 0 -1 0 -2 0 0 0 -1 2 0 0 -3 1 0 1 0 1 1 0 -1 0 -1 0 0 0 -1 0 -1 0 0 0 -1 0 0 1 -1 -1 1 0 2 0 0 0 0 0 0 0 -2 1 0 0 1 2 0 0 0 0 1 -1 1 0 -1 0 -2 0 0 -1 0 -1 0 1 1 -1 0 0 0 -1 0 0 0 1 0 1 0 -1 0 -2 0 1 0 1 -1 1 0 1 0 0 -1 0 -1 -1 1 1 -1 0 0 -1 0 0 2 0 0 0 0 0 -3 0 1 -1 0 1 0 0 0 0 1 0 0 -1 -1 0 0 -1 1 0 0 1 0 -1 1 1 0 1 -1 1 0 -1 0 0 0 0 0 0 -2 1 -1 0 0 -1 -1 0 1 0 0 0 2 0 0 -2 -2 0 0 -1 0 0 1 0 0 -1 -1 2 0 0 0 0 0 -1 0 0 0 -1 -1 1 0 -1 -2 0 0 -1 -1 -1 -1 1 0 12 -1 0 0 0 0 0 1 0 0 0 0 2 0 0 0 0 0 0 0 0 0 0 1 0 0 0
1 1 0 0 -1 -1 -1 0 1 0 1 -1 2 0 1 0 -1 -1 -1 0 0 0 0 2 0 1 0 0 -1 -2 1 0 1 0 1 0 1 0 0 -2 -1 1 0 0 1 0 1 1 2 3 0 1 0 0 1 1 0 1 1 0 0 2 1 1 1 -1 0 0 0 0 0 0 0 1 1 0 0 0 0 -1 -1 0 2 1 0 1 0 -1 0 0 1 1 1 1 2 0 2 0 0 2 0 0 0 0 1 0 0 -1 0 0 3 0 0 0 2 0 -1 0 0 -1 1 0 1 -2 0 0 0 0 0 -1 1 1 -1 0 -2 -2 1 -1 2 0 -1 0 1 -1 2 -1 1 0 0 -1 0 -1 1 2 0 0 0 0 0 -1 -2 0 -1 1 1 0 0 1 0 0 -1 0 1 0 -1 0 2 1 0 0 0 2 -1 0 0 0 -1 2 0 -1 2 0 1 1 0 0 0 1 1 0 0 0 1 0 3 -2 0 1 0 -1 0 0 0 1 1 0 -1 0 0 0 0 1 0 -1 0 0 1 -1 0 -1 0 0 -1 2 0 -1 -2 0 1 0 0 -1 0 1 0 1 1 0 1 0 1 0 -1 -1 -1 0 -1 -1 1 -1 0 2 2 0 1 0 1 -1 1 -1 2 0 0 0 -1 0 -1 -1 -1 0 1 0 0 -1 1 1 0 0 -1 0 -1 0 1 1 0 1 0 -1 1 0 0 0 0 0 -2 0 -1 -1 0 3 0 1 0 1 1 0 -1 0 -1 0 0 -1 1 1 1 0 1 0 -2 1 1 0 0 -1 19 0 -1 0 -1 0 1 0 0 1 0 1 0 1 0 1 -1 0 -1 -1 1 0 0 0 -1 -1
0 0 -1 0 0 -1 -1 2 0 -1 0 0 0 0 0 -1 1 0 0 -1 2 0 1 -1 0 0 1 -1 -1 2 -1 0 0 2 0 0 1 1 -1 0 2 1 0 3 0 0 1 0 0 0 1 0 2 2 0 0 0 0 0 -1 0 0 1 -1 0 1 1 0 0 -1 0 1 0 0 1 0 0 0 0 0 0 3 0 0 1 0 -3 2 1 -1 2 0 0 2 -1 1 0 0 -1 0 0 0 -1 0 1 0 0 -1 -1 0 0 1 0 0 0 1 0 1 0 0 -2 0 1 0 1 1 0 -1 0 1 -1 0 0 0 0 0 -1 1 0 0 -1 -1 0 0 0 1 0 -1 0 -1 -1 1 0 1 0 0 0 1 0 0 0 0 0 1 0 0 0 0 1 0 1 0 0 1 0 -1 0 1 0 -1 0 -3 0 0 0 1 0 1 0 0 0 0 2 0 1 1 0 1 0 -1 -1 1 1 0 1 0 0 0 0 -1 0 0 1 0 0 1 -1 1 0 0 0 -1 -1 -1 2 1 0 1 0 1 0 0 1 0 0 2 0 1 0 -1 1 -1 0 1 0 0 0 -2 0 0 1 -2 -1 0 0 0 2 0 0 0 1 0 -1 0 0 0 -1 0 0 0 0 0 1 0 -1 1 0 1 -2 0 1 0 0 -1 0 0 1 0 0 -1 0 0 0 0 1 -1 -1 1 1 0 1 0 -1 0 1 0 -1 1 0 2 0 1 -1 0 1 1 1 1 -1 -1 0 -1 -1 0 0 0 2 0 2 -1 0 1 2 0 0 16 -1 -1 1 0 0 -1 0 -1 -2 1 0 -1 0 1 1 0 0 0 0 0 0 0 -1 0
-1 -2 2 -1 0 1 0 0 1 0 2 0 -1 1 1 -1 0 1 -1 -1 0 0 0 1 0 0 -1 -1 1 -1 1 0 0 1 0 -1 -1 -1 3 0 0 0 -1 0 0 1 -3 -1 -1 1 0 2 1 1 0 0 0 -1 0 -1 1 0 1 -1 0 0 0 1 0 -1 1 0 0 1 1 2 0 1 0 -1 -1 1 0 0 -2 1 2 0 0 0 0 0 -3 0 1 0 0 0 0 0 1 -1 2 0 0 0 0 0 -1 0 -1 0 0 0 2 -1 -1 1 0 0 0 0 1 0 0 -2 -1 2 -2 0 0 -1 0 -1 0 -1 0 0 0 1 0 1 0 -2 1 -2 0 1 -1 0 2 0 0 -1 -1 1 -1 0 0 1 1 0 0 0 1 0 -2 1 0 0 1 0 -1 0 -1 -1 1 -1 -1 1 -1 1 0 0 -2 -2 -1 0 2 2 -1 0 1 0 -2 0 0 0 1 1 -1 0 0 0 2 1 -1 -1 0 0 0 0 0 0 -1 0 -1 0 2 0 0 -1 -1 0 0 1 0 0 0 0 0 2 1 0 1 0 3 1 0 0 0 -2 -1 0 -1 -1 2 0 1 0 -1 1 -2 -1 1 0 0 0 0 0 1 1 -2 2 0 0 0 0 0 0 0 -1 0 1 0 0 -2 0 0 -1 0 0 0 1 2 0 2 0 0 1 0 2 0 0 2 0 0 0 -2 -1 0 1 2 0 0 1 1 1 0 -1 0 -1 -1 0 0 0 1 1 1 0 -1 1 0 0 -1 0 0 0 -1 1 2 1 1 0 -1 -1 22 1 -1 0 1 -1 0 1 -1 0 0 1 -3 1 0 1 -1 0 -2 1 -1 0 1 0
0 0 1 1 0 1 0 0 0 0 1 1 0 0 -1 -1 -1 0 0 0 0 0 0 0 1 0 0 0 -1 0 0 -1 0 0 0 1 1 0 1 1 0 -1 -1 0 -1 0 1 0 2 1 0 3 -1 0 -1 0 0 0 0 -1 0 -1 1 0 1 0 0 0 0 2 0 0 1 1 0 3 0 0 0 0 0 1 0 1 0 0 0 1 1 0 1 0 0 2 0 -1 1 -1 0 0 -1 0 0 1 0 0 2 2 -1 1 1 0 0 0 2 0 1 1 -2 0 0 -1 0 -1 3 2 0 0 0 0 1 -1 -1 0 -1 0 0 0 0 1 0 0 0 0 -1 0 0 0 0 0 -1 -1 0 1 -1 -1 0 0 1 1 0 1 0 0 0 -1 -1 0 0 -1 0 0 0 1 0 1 1 0 0 -1 0 0 0 0 0 1 -1 -1 1 3 0 0 0 0 0 3 0 0 1 3 0 -1 -1 1 2 0 1 0 1 1 -1 1 0 0 1 0 -1 2 1 -1 0 0 1 -1 2 0 -1 0 0 0 0 1 0 0 0 0 0 0 0 2 0 -1 0 0 0 -1 1 0 0 0 0 1 1 0 1 -1 0 0 0 0 0 1 0 1 1 0 1 0 0 0 0 0 0 0 0 1 0 -1 0 0 0 0 -1 -1 0 1 0 0 0 0 1 -1 -1 0 0 0 0 0 -2 0 -2 0 0 -1 0 0 0 -2 0 0 1 0 0 -1 0 0 -3 1 -2 0 0 1 0 0 0 0 -1 -1 0 0 1 0 -1 0 0 -1 1 13 -1 0 1 1 0 -1 -1 0 0 0 1 0 0 2 0 0 0 -1 0 -2 0 2
-1 -1 -1 1 0 0 1 0 0 0 0 0 0 1 0 0 1 -1 3 0 1 0 0 0 0 0 2 1 5 2 1 0 0 -1 1 0 0 0 0 -1 -1 1 0 0 1 0 1 1 0 0 0 -1 0 0 -1 -1 2 0 0 1 0 2 0 2 -2 0 -1 1 -1 0 0 0 -2 -1 0 1 -3 0 0 1 0 1 -1 1 0 0 -1 1 0 0 -1 1 1 2 0 1 0 0 0 -1 1 1 1 0 0 0 -2 1 0 0 0 1 0 -3 0 0 -1 0 1 2 0 0 -1 1 -1 0 0 0 0 -1 0 0 0 1 1 0 0 0 0 1 0 -1 3 -1 0 3 0 0 -1 0 -1 1 0 1 0 -1 0 0 0 0 0 -1 0 0 -1 0 0 0 -1 0 0 0 1 1 0 0 0 0 1 1 1 0 0 0 1 0 4 0 0 0 0 0 1 0 1 0 1 0 0 -2 1 0 -1 1 0 1 0 1 0 -3 2 0 0 0 0 0 0 0 -1 1 0 0 0 1 -1 0 1 0 0 2 0 0 0 0 0 0 0 0 0 0 0 1 0 0 0 -1 -1 0 0 2 0 0 -1 -1 0 1 0 0 0 2 0 0 1 -1 1 0 1 -1 -1 -1 1 0 0 0 0 1 -1 1 0 0 1 0 0 0 -1 0 0 1 0 0 -1 1 -1 -2 0 0 -1 1 -1 1 2 0 1 1 0 0 -1 0 -1 0 2 -1 -1 1 0 -1 0 1 0 2 0 0 -1 0 0 0 1 0 0 -1 0 0 1 0 -1 1 -1 -1 16 -1 0 0 0 2 0 0 0 1 -2 0 1 0 1 0 -1 0 0 1 1 0
-1 0 0 0 0 -1 0 0 0 -1 1 -1 0 0 -1 0 0 0 -2 0 0 2 0 -1 0 0 0 1 -1 0 0 0 0 0 0 1 1 0 0 0 0 1 0 0 0 0 0 1 0 0 1 0 0 0 0 0 0 0 -1 -1 0 0 1 0 0 -1 0 0 -2 -1 -1 1 1 0 0 -2 0 -1 0 0 0 0 0 1 0 0 0 -1 0 0 -2 3 -1 0 0 0 0 0 0 1 0 1 0 0 0 -1 2 0 -1 0 -1 -1 0 2 -1 1 -1 0 0 -1 0 0 2 1 -1 1 0 -2 0 0 0 -1 0 -1 1 0 -2 0 0 0 0 0 0 0 0 0 1 0 1 0 1 0 1 0 1 0 0 0 0 1 0 2 0 -1 -1 0 0 0 1 0 0 -1 0 -1 -1 0 1 0 0 0 1 0 0 0 0 0 0 0 1 0 0 0 0 0 -2 1 1 0 0 0 2 0 0 0 0 -1 0 0 1 0 1 1 -1 0 0 1 -3 0 -1 0 1 0 1 0 0 0 0 0 2 1 0 0 0 0 0 0 0 1 0 0 0 0 0 0 -1 0 0 0 2 0 1 -1 0 0 0 0 -1 1 -2 -2 -1 -1 1 0 0 -1 1 0 1 0 -1 0 0 -1 0 0 1 0 1 1 -1 0 0 1 1 0 0 0 0 -1 1 1 0 0 1 0 0 0 1 1 0 0 1 0 0 0 0 1 0 0 0 0 1 1 0 1 1 0 0 -2 0 -1 1 0 -1 0 1 1 -1 0 0 -1 0 0 0 0 0 0 -1 12 -2 0 0 -1 0 1 0 2 0 0 0 0 0 0 0 1 0 0 0 1
-1 1 0 0 0 0 1 0 0 0 0 2 0 1 -1 2 1 1 0 0 -1 -1 0 1 0 0 -1 0 0 0 0 0 0 0 0 0 0 -2 0 1 -2 -1 0 0 0 1 -1 -2 -1 0 1 0 1 1 1 0 0 0 0 0 0 0 0 0 0 0 0 1 0 2 -1 0 0 0 0 0 0 0 0 0 -1 0 -1 0 1 0 0 0 0 -1 -1 0 -1 1 -1 0 0 -1 0 -1 -1 0 0 2 0 2 1 0 0 0 1 0 0 -2 0 0 0 -1 -2 0 1 -1 -1 1 0 1 0 1 0 -1 0 1 -1 0 0 0 0 1 0 -2 1 0 1 2 0 1 0 0 -3 1 4 -1 0 1 0 1 1 0 0 -1 1 -1 -1 0 -1 0 -1 2 1 0 -1 0 1 -1 1 0 1 0 0 0 0 2 0 0 0 1 -2 0 0 -1 0 0 3 0 2 0 1 0 -1 1 0 0 0 0 0 -1 0 -2 0 0 -2 1 2 0 -1 -2 -1 5 0 1 0 1 -1 -1 1 0 0 0 0 -1 0 0 0 -1 0 1 0 -1 -1 1 0 0 0 1 0 1 2 -1 1 -1 0 0 -1 0 0 -1 -1 0 0 1 0 1 0 2 1 0 0 0 -1 0 1 -1 0 1 0 0 -1 1 1 0 2 1 0 1 0 0 0 -1 -2 -1 0 2 0 1 -1 0 0 -1 0 0 -1 0 0 0 0 2 0 0 0 0 1 2 0 0 0 1 0 1 0 1 -1 0 -1 0 0 0 -2 0 -2 0 0 2 1 1 1 0 1 1 0 -2 19 0 1 1 0 0 1 0 -1 0 0 0 0 0 -2 0 0 -1 0 0
0 1 0 1 0 0 0 -1 0 1 1 0 0 1 -1 0 0 0 1 4 0 2 0 0 0 0 -1 -1 3 0 -1 0 1 1 0 -1 0 0 1 1 1 0 1 0 -1 0 0 -1 -1 -2 -1 -1 0 1 0 1 -1 1 0 0 0 -1 0 0 -2 0 1 0 2 0 0 -1 0 1 -1 -1 1 0 0 0 -2 -1 -1 0 2 -1 0 0 0 0 -1 0 -1 0 0 -2 0 0 3 0 0 1 -1 0 1 0 1 0 0 0 0 0 0 0 1 0 2 0 0 -2 0 0 -2 0 0 1 1 1 0 1 2 0 0 1 0 2 0 2 0 0 -1 0 1 1 0 0 0 0 2 1 0 0 0 0 1 2 1 1 0 1 0 1 0 0 1 0 1 1 0 0 0 1 1 0 0 1 3 0 -1 0 -1 0 0 -2 3 2 -1 0 0 1 0 1 0 0 2 1 -1 3 0 4 -1 -1 1 -1 2 1 1 -1 2 0 -2 1 1 0 -1 -1 -1 2 0 1 0 0 1 1 0 -2 0 1 0 0 1 -2 0 0 0 -1 1 1 -1 0 -1 1 0 1 1 0 0 0 0 1 2 0 0 -1 0 0 1 1 0 -1 1 0 1 0 -1 0 3 3 0 1 -1 1 0 1 0 0 2 1 -1 1 0 0 0 0 1 -1 0 0 1 0 -1 0 0 1 0 0 -1 2 -1 0 -1 0 0 2 0 -1 0 -1 0 0 0 0 -1 0 0 0 0 0 1 0 0 -1 -2 1 0 0 1 0 -1 -2 -2 0 0 0 0 -1 -1 1 0 0 0 18 -1 0 0 -1 0 -1 1 0 0 1 0 -1 0 -2 -1 0 -1 1
-1 1 0 -1 0 0 0 1 0 0 0 1 2 0 0 1 0 0 0 0 0 1 0 0 0 1 0 -1 1 0 1 0 0 -1 0 1 1 -2 0 0 -1 1 1 0 1 0 0 0 0 1 2 0 0 0 0 1 -1 -1 0 1 0 -1 2 0 0 1 0 0 -2 2 -1 1 0 1 0 0 1 0 0 0 1 0 0 0 -1 0 0 1 0 2 0 0 -1 1 1 0 -1 -2 0 0 0 0 0 1 0 0 0 1 1 0 0 -1 -1 1 0 0 1 -1 1 1 0 -1 0 0 0 0 1 0 1 1 0 -1 -1 -1 0 0 0 0 1 1 0 0 0 1 0 0 0 0 -2 0 0 0 0 2 0 -2 1 1 0 0 0 1 0 0 1 0 -1 0 0 1 0 -1 0 2 1 0 0 -1 1 1 -1 -2 0 0 0 0 0 -1 1 -1 0 -1 1 1 1 0 0 -1 0 -2 0 0 0 0 1 0 0 0 0 0 0 -1 0 1 1 -1 -1 0 -1 2 0 0 -1 0 0 0 0 -1 0 1 0 0 1 0 0 0 0 0 2 0 0 0 1 -2 1 1 0 1 3 0 -1 0 2 -1 0 -1 0 -1 1 0 -1 1 0 0 1 0 1 0 0 -1 0 0 0 0 0 0 1 1 -1 -1 1 0 0 1 0 0 -1 0 0 -1 1 0 1 0 2 -2 1 0 0 -1 0 2 0 1 1 -1 2 0 0 -2 -1 1 0 0 0 -1 -1 0 0 0 0 1 0 0 -1 0 0 0 0 0 0 0 1 0 0 0 0 0 0 0 1 -1 12 0 0 -1 1 0 1 -1 -1 0 1 3 0 1 1 0 1 0
1 0 0 1 0 -1 0 -1 0 0 -1 0 2 0 0 1 -1 0 0 0 0 0 0 1 -1 0 -3 0 1 1 0 0 0 1 0 0 -3 2 0 0 -1 -1 0 0 0 0 -1 -1 0 0 0 0 0 -1 3 0 0 0 0 3 0 0 1 0 -2 0 0 1 -2 1 1 -1 0 -1 0 0 -1 1 0 -3 0 -1 0 1 -1 -1 1 -1 0 -1 0 0 -1 1 0 -1 0 0 -1 0 0 -1 1 0 -2 0 -3 0 0 0 0 2 0 -1 0 0 0 -1 1 0 -1 -1 0 0 -1 1 0 0 -1 0 -1 3 1 0 0 -1 1 -1 2 0 0 0 1 0 0 0 0 1 0 0 1 0 0 1 1 0 0 -1 0 -1 0 0 0 1 1 -1 1 0 -1 0 -2 -2 1 -1 0 -1 0 0 0 0 0 0 0 1 0 0 0 0 -1 0 1 0 0 1 0 -2 0 1 -1 0 0 0 0 0 -2 -1 1 1 0 0 1 -1 0 1 -1 0 0 -1 0 1 -1 0 0 0 0 0 -1 -1 0 0 2 0 0 1 0 0 0 0 0 0 0 -1 0 -2 0 1 -1 0 1 0 0 1 0 -1 -1 0 -1 -1 0 -1 -2 -1 0 0 -1 0 1 -1 1 -2 0 -1 -2 0 -1 -2 -2 1 0 0 2 -1 0 1 0 -2 2 2 0 -1 0 1 0 -1 -1 0 0 -1 1 2 1 0 1 0 -1 -1 -1 0 1 0 1 0 2 1 1 -2 0 -1 1 1 0 -2 0 -1 0 1 1 0 -1 0 1 0 0 0 1 -1 1 -1 2 -1 1 0 0 17 0 0 1 0 -2 0 -1 -1 0 0 0 0 0 0 -2 0
0 0 1 1 0 0 0 1 0 0 0 0 0 -1 0 0 0 0 0 0 0 0 0 0 0 -1 0 0 0 0 2 -1 0 2 0 0 0 0 0 -1 0 0 0 0 0 0 1 -1 0 0 0 0 0 -3 0 0 0 0 0 2 0 0 0 1 -1 0 1 -1 0 0 0 0 0 1 0 -1 0 0 0 0 0 0 1 -1 0 -1 0 -2 -1 0 0 0 0 1 -1 1 1 0 0 0 0 0 -1 0 1 -1 0 -1 2 0 0 0 -1 -1 0 -2 1 0 -1 0 0 0 0 1 1 0 -1 0 1 0 1 0 0 2 0 0 0 0 0 0 0 1 0 0 0 0 0 0 0 0 -1 0 0 -2 1 -1 0 0 0 0 0 0 0 1 0 0 0 0 -1 0 0 0 0 1 0 0 1 1 0 0 -1 1 0 0 0 1 0 0 0 -1 0 0 -1 0 0 0 1 0 -1 0 0 0 0 0 0 0 -1 0 0 -1 0 0 0 0 0 0 0 -1 0 1 -1 1 0 0 0 0 1 -1 0 0 0 0 -1 0 0 0 -1 0 1 0 0 0 0 0 0 -1 1 1 0 1 0 0 0 0 0 -1 0 0 0 0 1 -3 0 0 1 -3 0 0 0 0 1 0 0 0 0 0 -1 0 0 0 1 0 0 0 0 0 0 0 0 0 0 0 0 0 1 0 0 -2 1 0 0 -3 -4 0 0 0 0 0 0 0 0 0 1 1 1 0 1 -1 3 0 0 -1 0 0 0 0 1 0 1 0 0 0 0 0 0 -2 -1 -1 0 0 0 0 0 0 11 0 0 0 0 -1 0 -1 -1 -1 0 0 0 0 0 0
1 1 0 0 1 0 0 1 0 -1 0 0 -2 2 0 0 0 -1 0 0 0 0 -1 1 0 0 -1 0 -1 1 0 0 1 1 0 -1 1 0 1 0 0 -1 1 0 1 0 2 0 -1 1 -1 -1 0 1 0 -1 0 1 0 0 1 0 -1 0 0 3 1 1 1 0 0 -2 0 0 0 -1 0 1 0 0 1 2 1 0 0 0 0 2 1 -1 0 1 3 1 1 1 1 0 -1 1 0 0 1 0 -1 2 0 0 0 0 0 2 0 0 0 0 1 1 0 1 -1 1 0 1 1 0 -2 -1 0 2 -1 0 1 0 0 0 0 1 -1 2 1 1 0 0 1 0 1 0 1 1 -1 0 1 0 -1 0 -1 0 -2 1 0 -1 2 1 0 0 0 0 0 0 0 -2 0 0 -1 1 0 0 2 0 2 0 0 0 -1 0 1 0 0 -2 0 -2 1 -1 0 1 1 0 1 0 2 0 1 1 1 -2 1 0 0 0 1 1 0 -1 0 0 0 -1 1 0 -1 1 -2 0 0 1 0 1 0 0 -1 1 1 0 1 0 -2 1 1 1 1 1 -1 1 -2 0 2 -2 -1 0 0 3 -1 -2 -1 0 0 0 2 0 0 1 0 0 2 -1 0 0 0 -1 1 -1 0 1 -1 0 1 -1 -1 2 1 -1 0 1 -1 0 1 0 0 0 0 0 0 0 -1 1 0 -1 2 0 0 0 2 -1 0 1 -1 0 2 0 1 0 0 -1 -1 1 0 1 0 -1 -1 0 0 -1 -1 0 0 -2 -1 -1 1 0 0 2 1 1 0 0 0 1 0 -1 -1 0 0 16 0 1 0 0 0 0 1 1 1 0 1 1 0 0
1 1 0 1 0 -1 0 0 0 -1 0 1 0 -1 0 0 0 0 0 0 0 1 1 -1 0 0 0 0 3 1 0 0 1 0 0 1 -1 0 1 0 -1 0 0 1 2 1 0 0 0 0 0 0 0 0 0 0 0 0 0 1 0 0 0 0 0 0 0 1 -1 0 0 -1 0 0 0 0 0 0 0 0 0 0 0 0 1 -1 0 1 0 1 -1 0 0 0 0 1 0 0 -1 -1 1 -1 -1 0 -1 0 -1 0 0 0 -1 2 1 1 0 0 0 1 0 0 0 -1 0 0 0 0 0 1 0 0 -1 0 -1 1 0 0 0 0 0 1 1 1 0 0 0 2 0 0 -1 0 0 0 0 0 0 0 0 -1 0 0 0 1 0 0 0 0 0 0 1 1 0 -1 0 0 -1 1 0 -2 -1 0 2 0 0 0 0 1 0 0 -1 -1 0 0 0 0 0 0 0 0 0 -1 0 0 0 1 0 1 0 -1 0 0 0 0 0 0 0 0 0 1 0 0 0 0 0 1 0 -1 0 2 -1 1 1 0 0 0 0 -1 1 0 0 0 1 1 0 0 1 0 2 0 0 0 0 0 0 1 -1 0 1 1 0 0 0 0 1 1 0 0 0 -1 0 0 0 1 0 0 0 0 0 0 -1 0 0 1 1 1 -1 -1 0 0 -1 0 0 1 -1 0 0 0 0 0 -1 -1 0 -1 0 0 0 1 0 -1 1 0 0 2 0 1 0 1 0 0 0 0 0 0 0 0 -2 0 -1 0 -1 0 0 1 1 0 0 0 0 0 0 0 1 0 1 1 0 0 9 -1 -2 0 1 1 1 0 0 0 0 0 0 0
-1 1 0 0 1 0 1 0 0 -1 0 0 -1 1 -1 0 0 -2 1 -1 -1 0 -1 0 0 0 0 0 1 -1 0 0 -2 0 1 0 1 -1 0 1 0 0 0 0 0 0 -1 0 0 0 0 -2 0 -1 0 0 0 -1 0 0 0 0 0 0 0 0 -1 0 -1 0 0 0 1 0 0 0 0 1 0 -1 1 0 -1 0 0 1 2 0 1 0 -2 1 0 -1 3 1 0 0 -1 0 1 0 0 0 0 0 0 0 0 1 0 0 -1 0 0 0 0 1 0 1 0 1 0 0 2 -1 0 0 1 0 0 1 0 0 0 0 0 0 -1 0 -1 0 0 1 0 0 0 0 1 0 1 0 1 0 0 -1 0 1 -1 0 0 1 0 1 0 0 0 0 0 -1 -1 -1 0 0 -2 0 0 1 1 0 1 2 0 1 -1 0 1 0 0 0 0 0 0 0 0 2 0 2 -1 0 1 0 0 0 -3 -1 0 1 0 -1 0 2 0 0 1 0 0 1 0 1 0 0 -1 -1 1 0 0 0 1 1 0 0 0 1 0 0 0 1 0 0 2 -1 1 0 1 0 -1 1 0 -1 -1 0 0 0 2 0 0 1 0 0 0 0 0 0 0 0 1 0 0 0 1 0 1 0 1 0 0 0 1 0 0 0 -1 0 0 0 0 1 0 0 -2 0 0 0 0 0 1 1 1 0 0 -1 1 0 0 0 0 0 0 0 0 0 -1 0 0 0 1 0 0 1 0 1 1 2 0 1 0 0 0 0 0 -1 0 0 1 -1 1 0 1 2 0 -1 0 0 0 1 -1 13 2 1 -1 0 -1 0 -1 0 1 -1 0 0
-1 1 -1 -1 0 1 0 0 0 0 1 0 0 2 0 0 1 0 0 2 -1 0 -2 1 0 0 -1 -1 0 1 0 -1 -1 -1 -1 1 2 1 1 0 2 0 0 0 -1 0 -1 0 0 -2 -3 -1 -1 -1 -1 0 0 0 0 -2 -1 -4 0 -1 1 1 2 0 0 0 -2 -1 1 1 0 0 2 1 0 0 -1 0 -1 0 0 1 1 0 0 -1 0 -1 -1 0 1 1 0 0 0 1 0 3 1 2 -1 0 1 0 1 0 1 0 -1 -1 0 0 0 0 1 1 1 0 0 -1 3 0 2 0 1 0 0 -2 1 -1 1 0 0 1 0 1 0 0 0 4 0 0 0 0 2 -1 -1 0 0 -2 -2 2 1 0 -1 1 1 0 0 0 0 0 2 0 0 -1 0 0 0 1 1 0 1 0 1 0 0 0 1 1 -3 0 0 0 0 -1 0 -1 0 0 0 0 0 0 0 -1 2 0 0 -1 -2 -2 0 0 -1 0 0 1 0 -1 3 1 1 0 1 0 1 0 0 0 0 -1 0 -2 0 1 0 -2 -2 1 -1 1 -1 0 0 0 2 -1 1 2 0 0 0 1 0 -1 0 0 1 1 1 -2 0 1 0 0 1 2 1 1 1 2 -1 0 0 -1 0 3 1 0 -1 0 -1 -1 1 1 0 1 0 0 0 -1 0 1 0 -1 0 1 0 0 1 0 1 -1 2 1 1 1 1 0 0 0 -1 1 -1 1 0 1 0 0 0 1 -1 0 -1 0 0 0 0 0 0 0 0 0 1 1 0 0 0 0 0 0 -3 1 -2 0 -1 1 1 -2 0 0 -2 2 20 1 -1 -1 -1 0 0 -1 1 -1 1 0
2 0 1 1 0 0 -1 0 0 0 -1 0 -1 1 -1 0 -1 0 -1 0 -1 0 1 1 1 -2 2 0 0 -1 0 1 0 0 1 1 1 3 1 -1 2 2 -1 0 0 1 1 0 0 1 -2 0 0 0 0 0 0 0 0 1 0 1 -1 0 -1 0 0 -1 1 -1 0 0 0 1 -1 0 2 -1 0 -1 0 0 -1 1 1 1 0 0 0 -1 -2 0 -1 -1 2 0 0 -1 0 -1 1 0 0 1 0 1 -1 0 0 2 0 -1 -1 0 0 1 0 1 2 1 0 -1 0 -2 0 0 -1 0 0 1 0 -1 -1 0 1 0 1 0 0 0 -1 1 0 0 0 0 -1 0 2 -1 0 2 0 0 1 1 0 0 0 0 0 0 0 1 0 0 0 2 1 0 1 -1 2 -1 0 -1 1 1 -1 0 2 0 0 0 0 1 0 1 0 3 0 0 1 0 1 0 1 4 1 1 1 0 3 0 0 0 0 -1 2 1 0 0 -1 -1 0 1 0 1 1 -1 -1 -2 0 0 1 0 -3 0 0 -2 0 -1 0 0 0 1 0 0 0 -1 0 -2 1 0 -1 -1 1 1 -2 0 0 0 1 -1 -1 -1 0 -1 0 0 1 0 0 -1 0 -1 1 0 0 0 2 2 -2 0 0 -1 2 0 -1 0 -1 0 -1 0 0 0 0 0 2 0 -1 0 0 0 -3 1 -1 1 1 1 1 -1 2 -1 0 1 0 -1 1 0 -1 1 0 0 0 0 0 0 0 0 0 1 1 0 -1 1 0 0 -1 0 0 0 0 0 1 1 1 0 0 0 0 0 -1 0 -1 0 0 1 1 18 0 0 0 -1 0 0 0 0 0 0
0 -1 0 1 2 -2 -1 1 0 -1 0 0 -2 2 0 -1 0 1 0 0 1 -1 -3 -1 0 0 0 0 1 2 0 1 0 1 0 0 0 0 0 0 2 0 0 0 0 0 1 0 0 0 0 0 1 -1 0 1 0 0 -1 0 -1 0 0 -1 -1 1 -1 1 2 0 -1 0 0 -1 1 1 -1 0 1 1 -1 0 0 -1 0 0 -1 1 0 -1 0 0 2 -1 0 -1 0 0 4 0 0 -1 -1 -1 0 0 0 0 0 0 1 1 0 1 0 0 0 0 0 -1 0 -1 -1 0 2 0 1 0 1 -1 0 0 0 -1 -1 0 0 -1 1 0 0 0 0 -1 0 0 0 0 0 -1 2 -1 0 0 0 -1 0 0 1 0 0 -3 0 0 -1 0 1 0 2 0 -1 0 0 0 -1 1 0 0 -1 0 1 1 0 0 -1 0 -1 -1 -1 0 0 1 0 0 0 -1 2 -1 1 0 1 0 -1 1 -1 1 0 0 -1 -1 0 0 0 0 0 3 -2 0 -1 1 0 0 -1 -1 0 0 0 1 0 1 -1 0 0 -1 0 0 2 0 0 0 0 3 1 2 0 1 -1 0 -2 0 1 -1 -2 1 -2 0 -1 1 0 1 -1 0 0 0 -1 1 -1 0 0 1 1 1 0 0 0 0 0 -1 1 1 -1 0 0 -1 1 -1 1 0 -1 -1 0 0 0 0 0 1 0 -1 -1 0 0 -1 1 0 0 0 0 0 0 -1 -1 0 0 1 1 -1 0 1 -1 -2 0 1 0 0 0 0 0 -1 0 0 -1 2 1 0 -1 1 0 0 1 0 0 0 -1 -1 0 0 1 -1 -1 0 14 2 0 0 0 0 0 0 0 0
1 -1 -1 1 0 0 0 0 -1 0 1 2 -3 0 0 0 1 1 0 1 0 1 1 0 0 0 0 0 1 1 0 1 0 0 0 0 0 0 0 1 3 0 0 0 0 1 0 0 0 3 0 1 0 3 1 0 2 -1 1 0 0 0 -1 1 0 1 -1 1 1 1 0 0 0 0 1 0 0 -1 0 0 1 -1 0 -2 0 -1 -1 0 2 -1 -1 -1 2 -1 0 0 2 2 2 0 0 1 0 1 0 1 -2 0 0 1 0 0 0 0 2 0 1 1 1 0 0 -2 -1 0 1 1 2 0 -1 -1 1 0 -2 -1 0 1 0 0 2 -1 0 0 0 0 -2 0 0 0 2 -1 -1 -1 -1 2 -2 1 -2 -2 0 0 0 1 2 -2 0 0 0 1 0 -1 1 1 -1 1 1 0 0 0 0 -1 -1 1 1 1 0 0 0 2 0 -1 0 2 0 -1 1 2 1 0 1 0 0 1 0 3 0 1 1 -1 -1 0 0 1 1 1 0 0 -2 1 0 0 1 1 0 1 0 1 0 0 0 1 0 1 0 0 1 0 0 1 -2 0 0 1 0 0 0 0 -1 1 -1 -1 1 1 0 0 0 0 0 1 0 0 0 0 0 1 0 1 2 -2 -1 1 0 -2 0 -1 -1 1 0 1 0 -2 0 0 -2 0 0 -1 -1 -1 -1 0 -1 2 1 0 -1 1 0 0 -2 1 -1 0 0 0 3 0 -1 0 2 -1 1 0 -1 1 2 -1 0 -1 0 1 -1 3 0 0 0 0 0 0 -1 -1 -1 0 0 0 0 0 1 2 0 0 0 1 0 -1 -1 0 1 0 -1 0 2 19 -1 0 -1 1 0 1 -1 1
0 -2 0 0 0 1 1 0 0 3 -1 0 2 0 -2 0 -2 0 2 1 0 2 -1 1 -1 -1 0 0 0 0 -1 0 0 -1 -1 -2 0 -1 0 -2 0 0 1 -1 0 0 0 -1 2 -1 1 0 0 0 0 0 1 0 0 1 0 0 0 0 -1 0 1 -2 -1 1 1 1 0 1 0 0 0 -3 0 0 0 0 0 0 0 0 1 2 0 1 -1 0 1 2 0 1 1 0 0 0 0 1 0 1 -2 1 0 1 -1 -1 0 1 1 1 0 0 0 0 0 0 0 0 1 0 -2 -1 0 -1 -1 0 0 -1 -1 0 1 -1 -1 -1 0 1 0 0 1 1 0 1 0 0 -1 1 -2 1 0 1 0 0 -1 1 0 2 3 -1 1 -1 1 -1 0 -1 -2 1 0 0 2 1 0 0 0 0 -1 0 -1 -3 0 0 1 0 2 1 1 1 0 -1 0 -1 -1 1 0 1 0 1 1 1 2 -1 0 2 1 0 -1 -1 -1 1 0 0 2 1 0 -1 1 -2 0 0 -1 -1 0 1 0 0 0 1 -1 0 0 0 0 -2 -1 1 0 -1 -2 -1 0 -1 -1 0 0 -1 -1 0 0 0 0 -2 0 0 2 -4 0 -1 -1 1 -1 0 0 0 0 3 0 0 -1 0 1 0 2 0 1 1 -2 0 0 1 1 2 1 -1 1 1 0 1 0 1 0 0 1 0 0 0 -1 0 2 0 0 0 0 -1 1 0 1 -1 0 2 0 -2 -1 0 0 1 0 0 -1 2 0 -1 -1 1 0 1 1 0 0 0 -2 0 -1 0 -1 0 1 0 0 0 1 0 -1 1 1 -1 -1 0 0 -1 19 -1 1 0 0 0 0 0
-2 1 0 0 0 0 0 1 -1 -1 1 0 2 1 2 2 1 -1 -1 0 0 0 1 1 1 1 0 2 1 -2 1 1 2 2 1 0 3 1 -1 0 -1 0 1 -1 1 0 -1 0 1 -2 -2 0 0 1 0 0 0 -1 -1 1 0 -1 2 0 0 1 0 2 2 1 0 -1 1 -2 0 0 0 -1 0 1 0 0 0 0 -2 -1 -1 3 0 1 0 -1 -2 -2 0 0 0 1 -2 1 0 0 2 0 2 1 -2 3 1 0 0 -3 0 -1 -3 0 0 0 1 2 1 -1 1 0 0 -1 2 -1 -2 0 2 -1 1 2 -1 1 0 0 2 3 -1 0 1 0 1 -1 0 0 0 0 -3 0 0 0 0 -1 0 0 -1 1 0 0 1 0 0 -1 1 -1 1 1 -1 -1 0 1 -1 -1 -1 0 0 1 2 0 0 1 0 1 0 0 0 -1 0 0 0 2 0 -2 0 0 1 -4 1 1 1 1 1 0 1 0 -2 0 -1 1 0 2 0 1 -1 -2 2 1 1 0 -1 -1 0 0 0 0 -1 -1 0 -1 0 -1 0 2 2 2 0 1 0 0 -1 -1 3 0 0 1 2 2 1 0 1 -1 1 0 0 -1 1 0 0 1 2 -1 0 0 0 1 0 -1 1 0 2 1 0 0 2 1 0 0 1 0 -1 0 -2 -2 0 0 -1 0 0 0 0 1 1 1 1 -1 0 0 0 1 0 1 1 1 1 0 -1 0 0 1 0 -1 0 1 0 1 0 0 1 0 1 0 -2 1 -1 0 0 3 0 0 2 0 -1 0 0 0 0 0 0 -1 3 0 -1 1 0 0 0 -1 0 0 -1 22 -1 0 -1 2 0 0
0 -1 0 1 1 -1 0 0 1 2 0 0 1 1 -1 -1 -3 1 1 1 0 0 1 -1 0 0 1 0 -3 -1 1 -1 4 -1 1 0 1 1 0 0 -1 0 2 -1 -1 -2 1 -1 2 0 1 -2 1 -3 3 0 0 1 -1 -1 0 0 0 0 2 -1 0 2 1 0 -1 -1 1 0 2 -1 0 0 0 -1 1 0 2 1 1 0 1 0 -1 1 2 1 0 0 0 -1 2 0 1 1 0 -1 -1 0 0 -1 0 -1 1 1 0 0 0 1 1 1 1 0 0 0 0 1 -1 0 1 -1 0 0 1 2 0 0 1 2 -1 1 -1 0 -1 2 -1 -1 0 0 3 -2 -1 0 2 0 1 -1 0 0 1 5 1 0 0 0 0 0 -1 -2 1 1 0 -1 -1 0 -1 -1 0 1 0 1 3 -1 1 0 0 -1 0 1 -2 0 0 0 0 -1 0 1 -1 -1 0 0 0 1 4 -1 0 0 1 -1 2 3 -1 -1 0 0 0 0 1 1 1 1 0 0 2 0 0 1 1 -1 -2 0 -1 1 -1 2 1 0 -1 0 -1 -1 -1 -1 -1 0 2 0 0 0 0 -2 1 3 0 0 0 0 0 0 0 0 -1 1 0 0 0 -2 0 -1 1 0 1 2 1 1 0 0 0 -1 0 0 2 0 0 0 0 2 0 0 0 -1 2 -1 1 2 0 0 0 0 1 1 2 1 1 -1 1 -1 1 0 0 0 -1 -1 0 0 1 2 1 0 0 0 0 0 -1 0 -1 1 1 -1 -1 1 1 0 0 1 0 -1 -2 0 1 0 -2 0 -1 0 -2 0 0 0 0 1 0 -1 0 0 0 -1 1 -1 22 0 0 1 0 0
-1 0 -1 0 0 1 0 -1 0 -1 -1 0 1 0 0 1 0 0 0 -3 1 1 1 0 1 0 2 0 0 0 1 1 0 -1 0 0 -1 0 1 0 0 2 -1 0 0 1 -1 1 0 0 1 1 0 1 1 1 0 -1 0 1 0 0 -2 0 0 1 0 0 0 0 0 0 -1 -2 1 0 2 0 0 1 1 0 -1 0 0 0 0 1 1 0 0 -1 0 -1 0 -1 1 1 -1 1 0 0 0 -1 0 1 0 0 0 0 0 0 0 0 0 1 -1 0 0 0 1 2 -1 0 0 0 0 1 0 2 0 1 0 2 0 1 0 0 0 0 0 0 0 0 0 -1 0 0 0 0 -1 1 0 -1 0 2 0 -1 1 -1 1 -1 1 -1 -1 1 -1 1 0 0 -1 0 -1 0 0 1 0 1 2 2 0 -1 0 0 0 0 -1 1 2 0 0 -1 0 1 0 0 1 -1 0 1 0 0 0 0 1 0 0 1 -1 0 0 -1 0 0 0 0 -1 0 1 1 1 -2 0 0 -1 1 0 -1 0 0 -1 0 0 -1 0 0 0 0 1 0 -1 0 0 2 0 1 0 0 0 1 -1 0 1 -1 1 0 0 0 0 2 0 0 1 -1 1 -1 0 -1 1 0 0 -1 0 -1 -1 0 -1 2 1 0 0 0 1 0 1 1 1 0 -1 -1 0 0 0 0 0 0 0 0 1 0 -1 -1 0 0 0 1 0 1 0 1 -1 0 0 0 -1 2 0 0 2 0 -1 0 1 0 0 1 0 1 1 -1 0 0 1 0 0 0 1 -1 0 1 0 -2 1 0 0 0 0 0 -1 0 0 1 0 0 0 14 0 -1 -1 0
1 -1 0 -1 0 0 0 -1 1 -1 0 1 1 -1 0 0 -1 1 0 -1 0 0 1 -1 1 0 0 -1 -1 0 0 -1 1 0 1 -1 1 1 0 0 1 0 1 0 1 0 -1 1 1 1 2 3 0 0 0 -1 0 0 1 2 0 -1 1 0 -1 1 1 -2 0 0 0 0 0 1 1 0 0 -1 1 1 1 0 -1 -1 0 -2 0 -1 0 -1 1 -1 3 0 1 -1 1 -1 0 0 -2 0 1 2 0 -1 0 0 2 3 0 1 1 1 0 0 1 0 1 -1 0 0 0 0 0 0 0 1 2 1 -2 1 0 -1 0 -2 1 0 1 0 2 -1 0 0 0 0 2 0 0 1 1 1 0 2 1 0 1 0 -2 0 2 0 1 0 2 0 1 1 0 -1 2 0 0 1 1 0 -1 0 0 0 2 0 0 0 1 1 -1 -2 0 1 -1 0 1 0 0 0 0 0 0 0 1 0 1 0 -1 1 1 0 -1 0 1 -1 0 0 0 0 0 1 -1 1 1 0 0 0 0 -2 0 -2 0 2 0 1 0 1 -1 0 0 1 1 0 1 0 2 1 0 1 0 1 0 -1 -1 0 1 -1 0 -1 0 1 1 0 0 1 0 0 1 1 0 0 0 0 0 0 -3 -1 0 -1 -1 0 0 1 0 0 -1 1 -1 0 -1 1 0 0 1 0 -1 0 -1 0 1 0 1 0 0 0 -1 0 0 0 0 0 0 2 1 1 1 0 0 0 0 0 1 0 -1 0 0 1 0 1 -1 0 -1 1 1 0 -2 1 0 0 -1 0 0 0 0 -1 1 0 0 1 0 1 1 0 0 0 0 -1 0 0 17 0 1 0
2 0 0 1 0 2 0 -1 0 1 0 0 1 2 0 0 1 1 0 1 0 -1 2 1 -1 1 -1 2 2 0 0 1 0 0 1 0 1 0 0 0 0 1 0 0 1 1 -1 -1 1 0 -2 1 0 0 -1 0 0 0 0 0 0 1 0 0 0 0 0 2 0 0 0 -2 0 0 1 -1 0 0 1 0 0 0 1 -1 -1 0 0 1 0 0 2 0 -2 1 -2 0 -1 0 2 -1 2 0 1 0 0 0 0 -2 0 1 -1 -1 2 0 0 1 0 -1 1 1 0 0 2 0 0 0 0 0 0 1 0 0 0 -1 0 -1 0 0 0 0 0 0 0 2 2 0 0 0 1 0 -1 2 0 0 0 0 0 0 0 0 0 0 0 0 1 0 1 2 0 0 1 -1 -1 0 0 1 0 0 1 1 0 0 0 1 -2 0 1 0 -1 -3 1 1 0 0 -1 0 0 0 0 -2 1 0 1 -1 0 0 0 0 0 1 0 1 0 0 0 0 -1 -1 -1 0 0 1 0 2 0 0 0 2 -1 -1 0 -1 0 -1 1 2 0 0 -1 -1 0 1 -2 1 0 1 0 1 1 1 0 0 0 1 0 1 1 0 0 0 0 0 1 0 0 0 0 1 0 -1 0 0 1 1 0 -1 0 1 -1 -1 1 0 0 1 0 -2 0 0 1 0 -1 0 1 -1 0 0 -1 0 1 0 1 0 0 1 0 0 2 2 0 1 0 0 0 0 0 0 1 0 1 1 1 0 3 0 -1 1 1 -1 -1 0 0 -1 0 0 0 0 0 -2 1 0 -1 0 0 0 0 1 0 -1 -1 0 0 1 0 2 1 -1 0 13 0 -1
0 -1 1 0 0 2 1 0 -1 0 1 -1 1 1 1 0 0 0 0 0 0 1 1 -1 0 1 -1 1 0 2 -1 1 0 1 0 1 1 -1 0 -2 -1 0 0 0 0 0 2 -1 0 0 0 1 -1 -1 1 0 0 -1 0 -1 0 0 1 0 3 0 0 0 1 0 -3 0 1 0 1 -1 -1 0 0 1 -1 0 0 0 -1 -1 1 0 0 1 -2 1 0 -1 0 -2 -1 -1 -1 0 0 0 0 1 0 -1 0 1 0 2 -1 2 0 0 0 0 1 0 0 1 1 -1 0 0 -1 0 0 1 1 -1 0 1 -2 -1 0 0 2 -3 -2 0 0 0 1 0 2 1 0 0 0 0 0 0 1 -1 -1 -3 0 2 -1 0 -2 1 -2 1 -1 1 -1 0 -2 1 1 1 1 1 0 2 1 0 0 0 0 2 1 0 -1 1 0 -1 -1 0 0 0 0 1 0 0 1 0 1 1 1 2 -1 1 -1 0 0 0 1 0 0 0 0 -1 0 1 0 -1 -1 1 -1 -1 1 0 -1 -1 0 0 0 2 2 -2 2 0 0 -1 0 0 0 1 1 0 1 0 0 -1 0 0 -1 0 1 0 1 0 -1 -1 -1 -1 0 1 0 3 0 0 1 0 -1 1 0 1 0 0 0 1 2 0 1 1 0 -1 0 0 0 1 0 2 -2 -2 0 0 -1 0 2 1 0 1 1 0 0 0 1 1 0 -1 0 -1 -1 1 1 -1 0 1 0 -1 0 -1 1 0 -1 1 1 1 -1 0 1 1 -1 -1 2 2 -1 0 1 0 -1 -1 1 0 1 0 0 -1 1 -2 0 0 0 0 1 0 0 -1 0 0 0 -1 1 0 19 -1
1 -1 0 -1 -1 0 0 1 0 0 1 -1 0 -1 0 0 0 0 1 0 0 1 0 -1 -1 0 -1 -1 0 -1 2 0 0 1 0 0 0 1 0 0 0 0 0 0 0 -1 -1 0 0 1 -1 0 1 0 1 0 1 -1 0 0 -1 -1 0 -1 -1 0 0 0 0 1 0 0 -1 -2 0 1 0 0 1 -1 -1 -1 0 -1 0 0 0 0 0 0 0 -2 1 0 -2 -1 0 0 -2 0 0 0 0 0 0 0 1 1 0 0 1 1 -1 0 0 0 0 -1 -1 0 -2 0 1 1 1 1 0 0 0 1 0 0 0 -1 0 -1 -1 1 0 0 -1 0 0 0 0 0 0 1 0 -2 0 0 0 0 1 0 0 0 1 0 -1 0 2 1 0 -1 0 -2 0 -1 0 0 -1 0 -1 0 -1 0 0 -1 1 1 1 0 0 -1 -1 -1 2 1 -1 0 1 0 0 1 0 0 -2 0 0 0 1 1 1 0 0 0 -2 1 -4 0 0 0 -1 0 -1 1 0 0 -2 0 0 0 1 0 0 0 1 0 0 0 -1 -1 0 -2 0 0 1 0 -1 0 0 0 0 -1 0 0 2 0 1 0 0 0 -1 0 0 2 1 1 0 -1 0 0 1 -1 0 0 -1 1 -1 -1 0 0 -1 1 1 0 0 0 0 1 0 0 0 0 0 0 -1 0 1 0 -1 0 2 0 -1 0 0 1 0 0 0 -1 -1 0 0 -1 -1 0 1 -1 0 0 0 -1 1 1 -2 0 0 0 0 0 1 0 -1 0 0 0 1 0 -2 0 -1 0 0 2 0 1 0 1 0 0 0 0 0 0 0 0 0 1 0 0 0 0 0 -1 -1 15

