Q_obj 
61 6 -2 4 4 -1 1 -4 -1 -5 10 -6 -6 -2 0 -4 -2 0 -4 4 4 3 0 0 0 8 2 4 0 -2 4 0 2 0 0 0 4 -4 -2 -6 0 2 0 0 0 -4 -2 2 4 0 0 -1 0 0 0 3 -1 0 -6 -4 -6 0 0 -1 0 0 2 4 0 4 0 0 4 0 3 0 -6 0 -4 0 0 0 -2 1 -1 1 2 4 4 2 1 -8 -1 0 0 -2 0 0 0 -2 2 0 0 1 -4 9 0 -2 -6 0 0 2 0 2 -4 0 -11 -4 -5 -2 5 0 0 -2 2 0 2 1 0 0 -2 0 -4 -5 -4 -2 0 0 -2 0 -2 2 0 0 0 0 0 0 -2 -3 2 0 0 -2 -4 -4 0 -2 -5 0 0 0 0 1 0 0 -8 -2 1 -2 0 0 -2 2 0 0 1 -1 0 2 1 0 4 0 0 -2 0 -10 -4 0 2 -5 0 0 2 0 6 -4 -1 -2 -2 0 4 0 0 -1 0 -2 0 2 4 -3 6 6 -2 0 4 0 -1 -1 -2 -2 0 0 0 0 -8 4 2 -2 0 2 -2 0 -4 0 0 -10 0 -1 -6 0 -4 -4 6 2 1 0 -1 0 0 0 0 0 -2 -2 3 -4 -2 0 -2 -1 2 0 0 0 0 0 0 1 -2 -1 -1 -2 6 0 0 0 4 4 -2 0 2 2 0 0 0 3 3 0 1 -3 6 0 -1 0 0 4 -8 0 1 1 3 -1 2 -4 0 1 10 1 0 3 0 -1 2 0 0 -3 -2 4 0 -3 -4 0 0 0 -4 0 0 2 0 1 2 4 2 0 2 0 8 0 -2 -8 0 0 0 4 -2 2 0 4 8 0 -2 0 0 2 0 4 4 2
6 66 0 0 -4 -2 2 0 -6 1 8 3 -2 0 0 2 0 0 1 0 4 0 -12 2 2 0 0 2 0 0 2 -8 4 -1 -1 5 2 -2 -2 -2 0 8 -2 0 -2 6 0 0 -4 0 -4 0 4 4 -2 3 2 0 -1 -2 -2 2 0 -6 0 0 -2 0 -2 0 0 0 -2 5 0 4 -3 0 0 -1 3 0 -2 12 4 0 0 0 0 5 2 0 4 -14 -4 0 -6 0 3 -2 0 4 -2 0 0 -4 -4 0 -2 0 4 0 0 3 0 0 -3 0 -2 1 0 0 1 0 0 0 3 0 -4 11 0 -2 0 2 0 0 0 -1 0 2 -6 0 3 -4 -1 -1 0 -8 -7 0 -4 -2 0 2 -2 0 0 -2 0 4 0 2 4 10 0 0 -4 0 2 0 0 0 -2 0 0 6 0 -4 -2 -4 0 -3 0 -2 0 -2 2 -1 0 -6 0 4 2 -2 2 0 0 2 -2 4 -4 0 6 10 8 0 0 0 0 0 0 0 1 0 -8 0 4 -6 0 0 -4 -4 0 4 0 0 0 0 0 2 2 -2 0 2 -6 -6 2 -1 0 2 4 2 4 0 8 0 0 0 -2 -4 0 0 -1 0 -3 0 0 0 0 0 0 0 2 2 8 2 4 -2 0 -2 0 0 0 2 5 -8 0 0 0 3 1 -4 0 -1 0 4 4 0 0 0 0 0 0 4 1 -4 0 4 -4 0 0 0 -1 4 0 0 0 -8 -8 2 2 6 0 2 6 -2 4 4 -1 8 0 2 0 0 0 -8 6 2 0 0 -2 0 -1 -4 -6 0 -8 4 2 6 -4 -4 1 0 0 0 0 2 0 -4 4 4 -4 0 4 0 0 0 -4 4
-2 0 50 0 0 0 -4 0 -2 1 0 5 0 0 0 0 0 -4 0 -6 -2 2 -4 0 2 4 -4 0 0 -4 -2 3 -2 -4 0 4 2 0 0 0 -4 0 0 2 0 0 0 0 0 0 -2 0 2 0 -2 -2 -2 0 4 -2 0 0 0 8 0 -8 2 -6 0 -2 0 0 2 0 0 2 2 0 0 -4 1 0 4 -3 2 0 2 0 0 -4 -4 0 0 6 1 0 0 -2 0 4 2 4 0 0 0 0 0 0 -2 0 -6 2 0 4 0 4 0 0 0 0 4 0 0 0 0 2 0 0 0 -8 0 0 2 0 2 0 0 -4 0 4 -8 0 0 0 -2 -4 0 0 0 4 0 -2 0 0 0 -6 0 4 0 4 0 -4 0 2 0 2 0 -3 2 0 0 -4 -2 0 -8 0 0 0 2 -4 0 0 0 2 -4 0 0 0 0 0 0 0 -4 -4 0 0 2 0 -4 0 0 0 -2 0 -4 0 0 -4 0 0 0 -1 0 0 -4 0 1 0 2 0 0 -6 0 0 6 0 2 0 0 -4 0 -4 0 0 0 0 2 -4 0 -4 0 4 8 0 0 0 0 0 4 4 0 0 4 2 2 2 0 2 -4 0 0 4 0 2 8 0 0 0 2 0 1 6 -2 -2 0 0 -1 0 0 -2 -2 0 -2 0 0 0 4 -2 0 2 -4 2 10 -4 0 8 4 0 0 2 0 -2 2 6 0 0 0 0 0 -4 6 -2 0 8 -4 -2 4 1 4 -4 0 -2 0 -1 0 -8 -2 0 0 -4 0 0 0 0 0 5 4 0 0 0 0 0 4 4 0 1 0 -4 0 0 -4 0 -2 2 -2 4 0 0 0 2
4 0 0 37 -2 0 2 -8 0 0 2 0 0 0 4 0 0 0 0 0 0 2 0 0 -1 2 0 -2 -2 0 2 0 0 2 0 0 -6 4 0 0 4 0 -1 1 2 0 0 2 2 0 0 -4 0 0 2 2 0 0 0 2 0 0 0 0 0 0 -2 0 0 0 0 0 8 0 0 4 2 0 -4 -2 0 4 0 0 0 0 0 4 0 0 0 -4 0 0 4 0 4 1 2 -4 -2 4 0 1 4 0 0 0 4 0 -1 2 0 6 0 4 4 1 -2 0 -2 0 2 0 4 6 0 0 0 0 4 -6 0 -1 0 0 2 2 -6 0 0 0 0 2 -4 0 0 2 0 2 2 2 0 2 0 -2 0 0 -1 0 0 0 -10 0 -4 0 10 0 0 -5 0 0 -2 0 0 0 -2 2 2 0 0 -4 4 0 0 0 -1 0 -2 -2 4 -2 0 0 -2 2 0 0 2 2 0 1 0 0 0 0 0 -1 0 0 -2 0 2 0 0 -2 0 -3 -4 0 -2 -2 0 0 2 0 0 2 0 -1 0 0 0 0 4 4 4 0 0 -2 0 0 0 0 2 0 0 0 0 4 5 0 0 -4 0 -2 0 0 1 0 0 0 -2 0 0 0 4 2 0 0 0 -4 4 0 1 0 -1 0 0 2 0 1 -2 0 0 -4 2 2 4 0 2 -2 0 -4 2 0 0 0 -1 0 4 0 -2 0 -4 0 2 0 0 1 0 4 0 0 -1 -4 -2 0 4 1 -2 0 0 -2 4 0 0 4 0 0 0 0 0 0 0 4 6 0 4 0 0 -4 2 0 -2 -1 0 4 0 0 0 0 0 1 0 6 -3 0 2 4
4 -4 0 -2 65 0 4 -5 0 0 -4 -4 0 -1 1 0 4 0 4 -6 1 0 7 2 2 -2 0 4 0 0 -6 8 3 0 0 0 0 -11 2 0 -2 3 0 0 2 0 -2 0 -1 0 -4 0 -5 -2 0 0 2 0 1 -2 -2 0 0 0 2 0 0 4 -1 4 0 6 8 0 -4 0 -1 -4 4 0 2 0 -2 -1 -2 -2 0 -4 -2 0 0 4 0 0 -6 0 4 0 0 -4 0 -1 0 8 1 0 0 2 0 4 0 -2 -1 2 0 -2 8 0 3 0 0 0 1 -8 0 -1 0 2 0 0 0 -6 0 -1 2 3 -4 2 0 -5 0 0 0 6 0 0 -4 4 1 2 -2 -6 0 0 -2 3 2 0 0 0 0 -2 -2 2 0 0 -5 0 -2 4 0 0 0 2 4 0 0 1 0 0 0 0 0 2 0 -7 0 -3 5 4 0 -2 0 2 0 0 2 2 6 0 0 2 0 -4 0 -1 0 1 -6 -1 1 -4 0 1 0 2 0 -2 0 -1 0 0 0 2 2 -1 -4 -12 2 0 -4 9 0 0 -2 0 0 2 0 0 0 -12 -2 0 -2 -2 0 -2 -1 2 -4 0 2 4 -6 -2 2 0 -1 0 -2 -2 0 3 0 1 -8 0 0 2 0 6 4 0 4 1 0 0 2 1 -5 6 2 0 0 2 3 4 1 -4 1 0 0 2 -1 0 0 6 -4 0 -4 0 0 -1 0 2 -1 10 0 -2 1 -2 0 2 -4 0 0 0 0 0 0 0 -3 0 2 0 -4 0 0 1 0 0 -7 0 2 0 -2 -2 5 -9 4 -2 0 0 0 0 4 0 -2 0 -4 -2 -6 6 4 -1 0 0 0 -4
-1 -2 0 0 0 38 2 0 0 0 2 0 2 2 0 2 0 -2 -4 3 -4 0 4 -1 0 0 0 0 0 -2 -2 2 1 0 0 -2 0 0 0 0 4 4 -2 4 0 0 -6 2 -4 4 0 4 2 2 0 2 0 0 -2 -1 2 -2 0 0 0 0 0 -3 2 0 -5 2 0 0 0 4 0 0 0 0 0 2 -2 0 4 -4 -4 0 0 0 0 1 0 0 -4 0 0 0 -3 2 0 2 5 0 6 0 0 -2 0 0 0 0 -6 0 0 -4 0 0 0 0 -4 0 -3 0 0 -4 0 1 0 -2 0 0 4 2 0 -2 2 0 0 4 2 0 -2 0 0 -2 0 0 2 0 -1 2 0 0 2 2 -2 -2 4 0 -4 0 0 -1 2 0 6 0 -4 8 0 0 2 0 0 0 -1 0 -3 0 0 0 0 -4 0 0 -4 0 1 0 2 0 0 3 0 0 0 0 -1 4 0 7 0 -2 -2 0 1 1 0 0 2 0 0 0 -4 2 1 0 0 5 0 0 0 -2 2 -3 2 -4 0 0 1 0 -4 0 0 1 2 -4 -1 6 -2 -4 0 0 4 0 -1 0 0 0 -2 0 -4 0 -1 2 -2 0 0 0 -5 6 -1 0 0 -4 0 1 0 -1 0 0 2 2 0 -6 4 0 0 -4 -2 4 -1 0 -2 -6 0 1 0 0 -3 0 0 7 0 0 0 0 2 -2 0 -2 0 0 -4 0 0 0 0 -1 -4 0 0 -1 0 2 0 0 0 0 0 0 0 -1 2 6 -8 0 0 -1 0 0 4 2 4 0 0 0 0 -1 4 0 0 0 -4 -4 0 -4 -2 0 0 0 0 0 0 0 0 -4 0 3
1 2 -4 2 4 2 26 -3 -2 -4 -2 -2 0 -2 0 0 0 -2 0 -1 -2 -3 4 -4 0 -1 4 0 -2 0 0 1 1 0 0 -2 0 2 0 0 5 0 0 0 0 2 5 4 0 0 0 2 -2 -2 0 0 -1 0 2 -1 0 0 0 0 0 2 -1 0 0 2 0 0 7 0 4 0 -4 2 1 6 2 0 2 2 -2 4 0 -2 -2 4 1 0 0 0 2 2 4 0 4 -1 0 0 2 2 0 -4 0 0 -2 0 0 0 -3 1 2 0 7 0 2 2 0 0 -1 0 -4 -2 0 0 0 0 0 2 -2 0 0 0 0 -2 0 0 0 0 0 -2 0 4 0 -2 -3 3 0 -2 -2 0 -2 4 -2 0 0 2 0 4 0 1 6 0 -6 4 4 0 0 0 -4 4 0 0 0 -2 0 0 -1 0 0 0 4 1 -2 -2 0 -1 0 0 2 -2 0 0 0 3 -3 0 2 0 0 -2 -1 0 -1 4 0 0 0 0 0 2 0 0 -1 -2 0 6 4 2 0 -4 0 2 1 -4 2 0 0 -2 4 0 0 -2 0 0 -1 2 -2 -6 -1 -1 2 0 0 0 -4 2 0 0 0 1 0 -1 -6 0 0 0 0 2 0 -2 -2 0 0 2 1 0 -4 -1 0 -4 -2 -2 0 -2 0 4 2 0 0 0 4 3 -6 2 -2 0 0 4 0 4 0 0 0 2 0 0 0 0 1 -2 0 -1 0 -4 0 -2 0 0 0 1 -2 0 2 3 0 0 0 1 0 0 3 2 0 0 0 1 0 0 0 0 -6 -4 -1 0 0 1 0 -1 0 0 2 0 0 4 0 -2 2 -1 -2 2 -4 1 0 0 -2 0
-4 0 0 -8 -5 0 -3 54 -2 0 0 0 0 2 2 0 0 2 4 3 3 0 -5 0 0 -5 2 0 0 0 -2 0 1 -4 0 1 0 4 -2 -3 -4 -2 0 -2 4 2 3 0 -1 0 0 0 0 -2 2 -4 -4 0 0 -2 0 2 -2 0 0 2 2 0 -2 0 -4 6 -2 0 -2 2 0 0 1 0 0 0 0 0 2 -2 -4 -1 1 -2 0 0 0 0 2 0 -4 -1 2 12 -4 0 0 -7 -2 0 0 -2 0 0 0 -4 0 -2 4 -2 -4 0 0 2 0 -2 0 4 -2 -1 0 0 0 -2 -4 0 -1 -2 -3 0 4 2 -2 0 0 -6 0 2 0 -2 0 0 0 0 0 4 0 0 0 0 0 0 0 1 -2 -2 2 0 -2 0 -4 -4 2 -4 0 0 8 4 -2 6 0 -2 0 0 0 2 0 -2 -2 0 -4 6 0 -1 -2 0 4 0 4 4 -8 2 -2 -4 -2 0 0 2 -2 -2 0 4 2 0 -2 0 0 0 0 0 4 2 0 4 6 0 0 2 0 0 2 0 0 0 0 0 -2 2 0 -3 -2 0 1 0 6 -3 4 4 0 0 -4 0 0 0 -2 0 2 0 -4 4 4 0 -2 0 4 2 0 -2 4 4 6 -4 0 -2 0 -6 0 -4 -3 0 2 0 0 0 -8 -2 0 4 -2 0 6 4 -6 0 0 0 1 0 4 0 0 2 0 -2 0 0 -2 0 -2 5 0 0 0 2 2 0 -5 6 0 2 0 -1 0 0 4 0 -4 0 -1 0 0 8 0 -4 0 -2 0 0 0 4 0 -8 -2 4 0 2 -8 4 4 -2 4 -2 0 0 -8 0 0 -9 0 -6 0 -4 0 1
-1 -6 -2 0 0 0 -2 -2 56 2 0 0 5 -4 0 0 0 2 -2 2 0 2 1 -1 0 2 -2 4 0 -4 4 5 0 2 0 0 2 3 0 10 0 2 0 0 0 0 -1 0 0 0 0 1 0 -4 0 -2 0 0 0 0 0 2 0 0 0 0 0 2 0 2 0 0 -2 -4 -6 -2 4 0 0 0 -2 -2 8 -4 0 -3 6 1 -2 4 0 3 2 0 0 -2 -1 -6 1 0 2 -1 3 -6 0 1 3 0 -2 -4 2 4 0 4 2 4 1 0 0 -2 -1 -2 0 -2 3 0 0 4 1 -1 0 0 0 -1 4 0 2 0 3 0 0 0 0 4 4 0 0 4 4 0 0 2 2 -2 -1 0 -6 -1 0 -2 -7 0 0 1 -2 4 4 2 4 2 0 -2 0 -6 4 0 0 0 0 -11 4 0 -6 0 -4 0 -4 2 2 -4 0 0 1 -4 2 -6 2 4 0 -4 0 0 -5 2 2 0 1 0 0 0 2 4 2 -2 0 -2 -4 4 1 4 4 0 0 2 0 0 -2 2 0 -2 0 4 0 1 0 0 0 4 6 0 0 2 4 -2 -2 0 -1 0 -2 2 0 0 -4 -4 4 0 0 0 0 0 2 2 4 -6 2 0 0 5 1 4 2 -4 2 1 -5 0 2 -4 -4 0 1 1 4 -2 2 0 4 0 0 -3 -1 -4 -8 -4 -2 -4 5 -2 0 -2 0 6 4 4 3 0 -2 2 0 -4 10 -6 -2 4 2 0 -6 2 -2 0 -4 -1 0 2 -10 2 2 10 4 4 0 0 4 1 4 -4 -1 0 0 0 -2 -2 -1 0 0 0 2 0 -2 4 4 0 4 0 0 -2 -2 2 0 -2
-5 1 1 0 0 0 -4 0 2 45 6 -1 0 0 0 0 2 0 0 0 1 -1 2 0 -2 0 -4 0 4 0 -2 -1 0 0 0 0 2 0 2 0 -4 0 2 0 0 0 0 4 -4 0 0 2 4 0 4 -3 0 4 2 4 4 0 -3 2 0 2 0 0 -5 -2 0 4 0 0 -1 0 3 0 0 -6 0 2 4 -3 0 3 2 -4 0 10 0 -4 0 2 1 -2 0 -4 0 0 -4 0 0 0 0 -4 0 0 2 0 0 -6 0 -1 -1 0 0 -2 3 0 0 0 0 0 2 4 -3 -2 0 1 2 -4 0 2 0 0 0 2 -4 0 2 -2 0 0 0 0 0 0 1 0 0 4 2 -2 2 -3 0 4 0 6 0 -4 4 -6 0 0 -2 0 2 8 0 -2 0 0 0 0 -4 -2 -4 -4 4 0 0 -5 4 0 0 0 -4 -4 6 1 0 0 0 0 -2 0 0 4 4 0 -6 0 0 2 -2 0 -4 -2 -2 3 1 4 2 0 3 2 -1 1 -4 0 0 0 -2 2 2 2 4 4 0 4 4 0 -4 0 0 10 0 0 4 2 -2 4 -2 0 0 0 5 0 -4 0 -2 0 -1 2 6 0 0 -4 0 0 4 -4 -2 2 0 0 -2 0 3 0 5 2 -4 -6 0 0 0 4 0 -2 4 -2 0 -2 4 -2 0 0 4 -3 0 -2 1 2 0 0 4 -2 0 2 4 0 -2 0 0 0 -2 -2 0 3 0 -6 -2 2 0 1 2 -4 0 8 0 2 0 0 0 -4 -4 2 -2 0 -5 -4 0 0 0 8 6 0 0 -4 -2 4 4 4 4 0 0 -2 0 0 4 0 0 0 4 2 5 0
10 8 0 2 -4 2 -2 0 0 6 49 0 0 1 0 4 0 0 0 0 8 0 -4 0 3 4 2 0 0 0 2 0 -2 -2 0 -2 0 -8 -4 -4 2 6 7 0 0 0 0 0 -2 0 0 0 14 0 0 -4 0 0 -4 0 3 4 0 5 0 -4 0 0 0 -6 -4 2 2 -2 0 8 -1 0 -2 0 4 0 0 0 4 0 0 0 2 10 0 0 0 0 0 0 0 0 4 -4 4 0 0 4 0 2 0 0 -2 0 8 0 -2 -2 -4 4 0 6 0 -2 9 0 2 -1 0 0 0 0 1 4 0 0 0 -2 4 0 0 2 0 0 -2 0 0 0 2 0 0 0 0 0 0 0 1 1 -4 0 0 0 -2 0 -2 0 0 2 2 0 4 0 4 0 0 0 3 -4 0 0 0 0 0 0 1 1 -2 0 -2 0 -4 -2 0 2 0 -6 -2 0 2 0 0 0 0 10 0 0 0 4 8 0 2 -1 0 0 4 2 0 4 0 0 0 1 0 0 2 0 0 4 0 0 -2 4 0 0 0 0 -2 0 1 2 1 0 0 4 0 -3 2 0 4 0 0 0 0 -4 2 0 2 0 0 0 4 0 -2 0 0 0 0 0 0 0 0 0 0 2 0 2 0 2 4 -6 0 0 -4 8 0 0 2 2 4 0 0 0 0 0 0 -4 4 2 0 2 0 0 -8 0 0 -2 -4 -2 2 0 0 0 -6 -2 -1 3 -2 -2 10 -1 -4 2 -2 0 0 -5 0 1 4 0 -4 0 0 -1 -2 5 -2 0 0 0 4 6 -1 2 -2 -8 0 -1 0 0 0 0 2 2 0 2 0 -4 -4 0 0 0 -1 -2
-6 3 5 0 -4 0 -2 0 0 -1 0 58 0 0 -2 4 0 -2 0 -2 0 2 0 -2 4 0 0 0 0 -1 0 -5 0 -4 0 -1 0 -2 -2 0 4 -2 0 -3 0 0 3 9 4 -2 -4 0 -6 -2 8 0 -4 0 1 -6 6 0 0 0 0 0 -2 0 0 0 -4 0 -2 0 -4 -2 2 2 0 0 -2 1 -3 1 -3 -2 0 -4 6 0 -6 2 0 4 3 0 -2 4 0 -6 2 4 0 2 0 0 0 2 -2 0 -2 2 -2 0 0 0 2 0 -10 0 0 0 0 -2 -2 0 2 -4 2 0 1 6 6 2 -2 -1 2 0 2 4 0 -1 1 0 2 0 0 0 -2 1 0 -2 1 0 0 8 4 0 -1 0 2 4 0 6 4 -2 2 3 4 0 0 0 4 0 -8 2 0 4 0 0 0 0 0 -4 -2 0 -4 0 2 -1 2 5 -4 2 4 0 2 0 -6 0 -4 -2 0 2 -4 2 -4 -4 -2 0 4 1 -1 -1 -2 0 1 -2 -2 3 0 3 4 2 0 0 0 -2 0 8 1 0 0 0 -2 -2 2 2 0 0 2 10 1 0 -4 -2 1 -1 0 -2 0 0 0 0 6 2 0 3 0 0 2 4 3 0 6 4 4 0 2 -5 2 0 6 0 1 0 0 0 0 2 4 -2 2 1 -3 2 -2 0 -1 0 -4 4 0 -4 0 2 0 0 -4 -7 -2 4 -6 2 1 -4 0 -6 -8 0 4 -2 0 -6 -3 0 4 7 2 -2 0 2 -2 -2 0 0 4 -2 -4 5 0 0 -4 0 2 0 -2 -4 -4 0 -5 -1 -4 2 1 -5 -1 0 -2 0 -1 0 4 0 -2 -1 0 -2 -4 -4
-6 -2 0 0 0 2 0 0 5 0 0 0 50 4 0 -6 0 -4 0 0 0 0 -4 0 0 -4 -4 4 -2 2 -2 1 1 4 0 0 -4 7 0 6 0 1 0 10 2 4 0 0 0 0 -4 4 6 -5 2 0 0 0 1 -2 0 0 0 -6 2 2 0 1 0 -4 -4 3 2 0 -2 -4 4 2 -4 -4 5 0 -4 0 -2 2 0 2 0 4 0 1 0 0 -4 1 2 0 0 4 0 -2 0 2 8 -6 0 0 4 -2 0 0 9 1 0 0 8 4 0 2 -4 0 0 -2 2 0 4 4 0 -3 0 0 -10 2 4 6 8 4 -4 2 -4 2 -4 -4 0 -1 0 0 1 0 2 0 0 0 -4 0 0 -6 4 -3 0 0 0 -6 0 0 6 0 0 -1 0 -2 4 0 0 -2 -2 2 2 0 0 0 4 -2 2 4 -2 4 -2 2 7 0 2 0 6 0 -4 0 0 0 0 -5 -4 0 2 1 0 2 2 0 2 -2 0 0 0 4 -2 0 2 0 -2 0 -8 0 0 2 0 0 0 0 -4 8 0 0 0 0 2 0 -2 4 1 4 0 0 6 -1 -1 0 -2 -2 0 0 0 -4 0 0 5 0 6 -4 2 0 -6 -8 0 0 0 0 2 0 -4 6 -1 0 0 0 0 -4 2 -1 -10 -1 -1 2 3 0 0 2 0 0 -4 0 -4 0 2 0 2 -2 -3 0 0 -2 5 0 -2 -2 0 0 -2 -2 0 0 0 4 0 -4 0 0 0 0 0 2 4 4 2 0 0 4 4 -2 4 2 -4 -6 0 0 -2 0 -2 0 4 4 -2 -2 0 -4 0 0 -2 0 0 0 -2 0 0 0 -4 0 -2 0
-2 0 0 0 -1 2 -2 2 -4 0 1 0 4 44 0 0 6 6 0 0 4 0 0 0 0 0 0 0 0 -4 -2 -4 0 0 -4 0 0 6 -2 -2 -4 5 0 4 -4 0 0 2 0 0 0 2 0 0 2 0 0 2 0 -2 1 0 0 4 0 0 0 -8 0 0 0 0 2 0 -4 0 -1 2 -4 -4 -2 4 0 0 0 0 0 0 0 0 0 0 0 6 0 0 0 4 4 -2 0 0 -2 -2 0 -4 2 0 0 0 0 0 0 0 0 0 4 2 -1 0 -4 0 0 0 0 0 0 -2 0 0 0 0 0 4 0 -4 0 4 5 0 0 0 0 0 0 4 0 -4 0 0 2 0 1 0 0 1 0 2 -4 2 2 0 -4 2 4 3 4 0 0 0 2 0 1 0 -4 0 4 2 4 0 0 3 2 4 0 -2 0 4 0 0 4 -2 0 -2 0 2 4 0 0 4 0 0 0 0 2 0 0 1 -4 0 10 0 0 3 0 0 -2 0 4 -4 4 -1 -1 2 0 -4 2 0 0 4 -5 0 0 -2 -5 8 4 2 -2 4 2 4 4 1 0 -2 -2 0 -4 2 0 -4 -2 0 0 4 4 0 0 0 0 -2 -4 0 0 4 -4 0 2 -2 -2 -2 -4 0 0 0 0 -2 0 4 -4 0 4 4 0 2 -6 2 0 2 -3 2 -4 0 0 4 0 -4 3 0 0 0 2 1 0 2 0 0 -8 -4 0 0 0 -2 0 -4 0 0 0 0 0 4 0 0 0 0 -2 -8 0 0 -2 0 0 1 -2 0 0 0 4 -3 8 2 0 -3 0 0 0 -4 4 0 -4 -2 -2 8 0 2 2 -3 -1 0
0 0 0 4 1 0 0 2 0 0 0 -2 0 0 51 2 0 0 4 4 -2 -4 -4 2 2 0 0 0 0 0 0 0 -6 -4 2 1 0 0 0 0 1 0 0 0 0 0 4 -4 0 2 3 0 0 2 -6 6 4 4 -2 -2 0 2 2 0 -2 -4 0 0 0 0 0 0 4 -2 0 1 -6 0 -2 0 1 4 0 -1 0 0 0 4 2 2 0 2 -4 -4 0 -4 0 -4 -1 2 0 0 0 -2 -1 0 2 0 2 0 0 4 0 0 4 0 0 0 4 2 -2 -2 0 0 3 0 0 -2 -2 0 1 -2 -4 -2 4 0 2 0 -6 4 -1 -4 0 2 0 0 -2 0 -2 0 -2 0 2 0 0 -4 0 0 0 3 0 0 2 6 1 -2 -4 -4 2 4 -8 -4 -4 0 -2 0 3 -1 0 0 -2 2 0 0 -1 -4 -2 -3 2 0 2 0 0 0 0 0 0 -4 4 -5 0 0 0 2 -2 -1 0 4 0 -4 0 0 2 0 0 0 -2 0 0 2 -2 -1 -4 2 4 5 -4 -4 6 1 1 0 -2 0 -2 0 -4 0 0 0 -1 -4 -2 0 -6 4 -2 0 4 -1 2 0 0 0 -4 -2 4 0 4 0 2 4 4 0 0 1 2 0 4 1 -1 0 -6 0 -6 1 0 -1 2 -4 -4 -4 0 2 -2 0 4 -2 -1 0 0 0 0 0 2 -2 4 2 0 -4 -4 2 -1 2 6 12 -1 -4 0 0 0 1 2 -3 -7 2 0 5 -4 -2 0 0 -2 -2 -2 0 -2 0 0 2 0 -2 4 -2 1 -2 0 2 1 0 4 -1 -3 -7 0 2 -1 -4 -3 0 -1 -2 0 2 -4 -4 0 0 6 0
-4 2 0 0 0 2 0 0 0 0 4 4 -6 0 2 89 0 -4 0 0 6 -4 -6 2 4 4 0 2 0 -8 -3 0 4 0 0 0 0 6 0 1 -2 0 9 0 0 -2 4 2 2 2 4 0 4 -2 -3 -4 -1 0 0 -1 0 4 -1 2 0 -2 2 0 0 2 0 -2 8 0 -4 4 0 -4 2 6 -5 -4 4 -10 2 0 -2 6 2 0 -4 4 4 -4 0 0 8 -2 4 -4 0 -8 2 0 0 0 -4 -4 0 -8 6 4 0 -2 4 2 2 6 10 0 4 0 0 0 0 2 -2 0 -6 6 0 2 8 8 0 4 2 -2 4 0 -2 0 0 1 0 1 0 0 0 8 0 6 0 2 0 2 8 -2 0 0 4 -4 2 4 0 -2 -6 4 4 0 8 -1 0 2 -4 4 2 2 6 0 0 -4 -10 -2 4 2 4 -5 0 12 -4 1 -2 2 0 0 2 -2 -2 4 4 2 0 -2 0 0 4 4 4 0 8 0 0 0 -4 0 4 0 0 0 6 -2 8 6 0 0 5 -8 2 0 2 -6 -4 2 6 5 -2 0 0 4 -2 2 -4 -4 -4 2 4 0 -2 -11 0 0 0 2 6 1 0 0 4 0 -1 0 1 0 -2 3 -4 4 0 0 0 2 0 0 -2 2 0 0 4 -4 -4 0 0 2 10 0 0 0 -2 0 2 4 8 6 0 0 0 1 0 8 0 2 -5 -2 3 -4 0 0 2 5 12 0 -5 0 -3 2 0 0 -4 4 0 0 2 -8 0 -2 2 -2 -5 0 2 3 0 0 0 0 0 2 2 2 2 -2 -2 0 4 12 4 -2 1 0 -1 0 -1 4 4 0 4 -2 3 -2
-2 0 0 0 4 0 0 0 0 2 0 0 0 6 0 0 43 0 0 -1 6 0 0 0 0 0 4 0 -1 4 0 -1 0 0 0 0 0 4 -2 -2 -2 0 0 0 4 -6 -2 4 0 0 0 4 0 0 2 -6 0 0 10 0 0 0 0 4 4 0 0 0 0 -2 0 -4 0 0 2 0 0 10 2 -8 0 0 -4 0 1 2 4 0 0 -2 -1 4 0 4 0 0 0 4 0 2 1 0 0 3 0 -5 2 -2 0 2 0 0 -2 6 0 0 0 0 -3 0 -4 0 -2 0 -2 2 0 -2 2 0 0 0 -6 -1 -1 2 0 -2 0 0 0 0 0 0 2 2 -2 0 0 0 0 0 -1 -4 0 4 0 4 0 -2 0 0 0 0 0 4 0 0 0 5 -1 -2 -4 0 4 1 2 0 0 0 0 -1 1 0 0 0 4 0 0 4 0 -4 0 2 -2 0 0 -2 2 -5 2 0 4 -2 -1 -2 0 0 0 -5 0 6 0 0 0 0 -2 2 3 2 0 -4 0 0 0 0 0 -4 0 0 0 0 0 0 0 0 -2 0 1 1 0 0 4 2 0 0 -2 -4 -2 0 0 0 2 0 0 0 -1 4 0 -2 0 0 0 0 0 4 4 0 2 2 0 0 2 2 0 4 0 -1 -1 0 0 6 4 -2 0 0 -1 0 0 1 -4 0 0 0 2 6 -4 1 2 -2 0 2 -2 1 1 0 0 4 -4 -2 0 2 0 0 0 -4 4 -2 4 0 -3 0 -4 -2 1 1 -2 0 -1 2 2 0 -3 1 0 1 0 0 -2 4 4 0 0 2 0 0 0 4 0 -4 -6 -1 0 13 0 0 -6 0 -1 0
0 0 -4 0 0 -2 -2 2 2 0 0 -2 -4 6 0 -4 0 56 0 0 2 0 0 0 0 0 0 6 2 0 0 4 0 0 0 0 0 0 0 -4 0 0 0 -8 0 0 2 -6 2 -2 -2 0 2 0 0 0 0 4 -4 2 0 -5 0 0 0 -4 -4 8 0 0 0 8 0 0 -8 0 0 4 0 0 4 -4 2 4 0 0 0 6 1 0 0 0 2 0 4 0 0 4 2 0 4 0 -2 -1 0 0 -4 0 0 0 0 4 0 -4 8 0 -6 2 -4 0 0 4 2 0 0 0 4 0 0 6 2 0 6 0 -2 0 -4 10 0 0 0 0 4 -4 -5 0 -2 4 0 0 0 0 0 0 0 -1 -2 0 0 -4 -1 -1 -4 0 -2 -3 0 -4 0 4 -2 0 -6 0 0 -7 0 -2 -2 6 4 4 0 4 -4 0 4 6 -4 0 -9 0 2 0 -4 -1 0 -8 -4 -4 0 -2 -5 0 -2 0 2 4 -4 2 0 0 0 0 2 0 -2 -2 -2 -4 4 0 0 2 0 -2 0 -1 4 4 8 -4 0 0 0 4 0 8 2 2 4 0 -4 0 0 2 0 -2 -7 0 0 0 0 2 0 2 8 0 0 0 2 -1 2 0 0 -2 0 0 0 4 4 0 0 0 0 0 0 4 0 0 -4 4 -2 -2 -8 0 0 0 0 -1 2 0 0 -2 -3 0 -2 2 -8 0 0 0 0 0 0 2 0 5 2 4 -2 -4 4 0 2 0 -4 -1 -6 6 2 0 0 -2 2 0 0 -2 0 0 -3 -4 0 0 -4 0 2 0 -2 0 0 -2 0 -1 0 -2 0 -6 2 0 0 -2 0 0 2 -6 -4 -1 0 -2
-4 1 0 0 4 -4 0 4 -2 0 0 0 0 0 4 0 0 0 22 0 4 0 -2 0 2 -4 2 0 0 0 0 0 0 0 0 2 6 0 0 0 0 0 2 -1 0 0 2 0 0 -2 0 0 0 -4 -4 5 0 0 -1 0 0 0 0 0 0 -4 0 0 0 0 0 0 -2 -4 0 0 0 0 0 -1 2 -2 0 0 0 -2 -6 0 0 0 0 2 0 -2 4 0 0 4 0 0 0 0 0 0 0 4 0 0 0 0 0 -4 0 0 0 4 1 0 -2 0 0 0 3 0 0 0 0 0 0 2 0 0 0 0 0 2 0 0 -2 0 0 0 0 0 0 0 0 0 -2 0 0 0 0 0 0 0 0 -2 0 0 0 0 -2 0 0 0 0 0 2 0 0 0 0 0 -2 0 4 2 0 0 -2 0 0 0 0 -3 4 4 2 4 0 2 0 0 -5 0 -5 2 -2 0 0 0 0 0 0 0 0 0 0 0 0 4 0 0 2 0 2 0 0 0 0 0 0 0 0 0 1 0 4 2 0 0 0 0 0 0 0 0 0 0 2 -4 0 4 0 0 0 0 0 0 1 0 0 0 -4 0 0 2 0 0 0 2 0 1 0 4 0 -2 0 0 0 0 2 -1 -2 4 0 0 -1 2 0 -4 0 4 0 0 0 2 -2 0 0 4 0 0 1 0 -2 2 0 0 0 -2 0 0 0 0 0 0 0 -2 0 0 0 -4 0 0 0 4 -1 0 0 0 0 0 2 0 0 0 0 0 0 -1 -4 0 0 0 0 0 0 2 4 0 -2 0 0 0 0 0 0 0 -8 0 0 0 0 0 0 -4 0 0
4 0 -6 0 -6 3 -1 3 2 0 0 -2 0 0 4 0 -1 0 0 52 0 -2 -2 4 -2 -2 0 0 4 -2 -3 -7 2 4 0 1 -7 -4 -6 0 3 -2 -2 2 -4 0 0 4 0 0 0 6 -1 0 2 4 3 0 -4 -1 -1 4 0 4 -6 4 -3 -2 -2 1 0 0 2 0 -2 -1 -4 -4 -6 4 0 0 -1 0 0 0 -2 3 1 6 0 1 0 -4 -4 0 4 0 2 1 -8 -2 0 -2 -4 4 0 3 -2 0 -2 4 2 0 0 -2 0 0 0 2 0 0 0 -2 0 -3 0 5 0 0 -2 0 2 0 -2 -3 4 2 -3 0 2 -2 0 -2 3 0 2 -1 0 -1 -1 6 0 -4 0 0 -2 1 0 5 4 -2 2 -4 0 0 1 1 -4 0 0 0 0 4 6 4 1 1 4 -3 3 0 0 1 4 2 0 -4 4 0 0 -4 -2 3 3 4 -4 0 -3 -2 0 2 0 0 4 0 2 -1 0 0 0 5 4 0 0 0 4 8 0 0 -4 0 -2 0 -2 2 1 0 0 0 -1 -5 -2 2 -4 0 2 0 -1 4 1 2 0 0 -4 0 -4 -4 -2 -1 -1 2 3 0 1 -1 -2 -2 0 0 1 -2 -2 3 -8 1 -1 1 0 4 0 0 2 -2 -4 5 0 0 2 -1 2 0 4 4 2 0 2 0 -4 0 1 0 2 -2 2 -2 -2 1 0 -1 0 -4 -2 2 2 -4 0 4 -2 2 2 0 -1 7 0 2 2 3 -4 2 0 0 0 2 -1 5 -4 -4 0 -2 0 0 2 2 2 -4 1 -2 0 4 2 3 0 -4 -4 4 -8 4 0 0 0 0 0 -4 0 0 -2 0 0 1
4 4 -2 0 1 -4 -2 3 0 1 8 0 0 4 -2 6 6 2 4 0 68 0 -1 -4 0 0 4 2 0 -2 0 -2 1 0 -1 4 0 2 2 2 0 0 0 -4 0 0 0 -6 -1 0 -4 -4 4 0 -4 -4 0 8 2 4 0 5 0 -1 0 -8 4 -2 0 -2 1 8 -2 0 1 0 1 0 2 -6 -2 2 -2 6 -3 1 2 6 2 3 -2 2 2 0 2 -4 0 8 4 -2 -4 -2 0 0 0 0 -2 -6 8 0 0 1 2 2 0 2 0 0 5 -2 5 -2 0 0 0 3 0 2 6 4 2 2 -7 2 0 -4 0 2 5 2 0 0 0 -1 0 1 0 -4 2 0 3 -2 0 0 -2 -1 4 4 0 2 0 0 0 12 -2 0 -4 2 7 2 6 4 -2 4 0 4 0 1 -8 3 0 -4 0 0 3 1 8 0 0 2 0 3 0 3 0 2 0 6 -7 0 0 0 -2 0 5 -4 0 0 0 -2 0 5 0 4 -2 -4 0 2 6 -2 6 2 4 2 -1 2 -2 0 0 0 3 -6 -6 -2 0 2 0 4 0 0 2 -4 8 0 -1 0 0 -4 1 -1 -6 -2 0 -4 0 4 4 2 0 0 2 -4 0 0 4 8 -2 0 0 0 -1 -1 3 -1 0 4 0 0 0 4 -2 0 4 0 0 0 6 2 -4 0 0 4 2 0 1 -4 -4 0 -4 0 0 1 0 4 -4 0 0 0 -2 -2 0 1 0 4 8 5 0 -2 0 0 0 -7 0 -1 1 -4 -4 1 0 4 3 -6 -2 1 0 0 0 0 0 -2 10 -2 2 0 0 -4 4 0 2 0 2 -8 -4 -2 0 -1 0 2 7 -4
3 0 2 2 0 0 -3 0 2 -1 0 2 0 0 -4 -4 0 0 0 -2 0 46 2 -2 0 4 0 4 1 0 0 2 -4 0 1 0 0 0 0 8 0 -2 -4 -4 -1 0 -4 4 0 0 -2 0 0 -6 -1 -4 -4 -2 2 -4 0 4 1 0 -2 -2 10 -10 1 0 0 0 -7 0 0 0 4 0 -2 2 0 0 -4 2 2 -4 2 -4 6 0 2 -6 0 6 0 -2 0 -4 0 4 0 0 0 0 4 2 0 0 0 4 0 0 2 4 0 0 0 0 -2 -4 4 0 0 0 6 1 0 0 0 2 2 0 2 0 -3 -2 0 6 -2 0 -2 -1 0 0 0 -2 0 0 0 0 0 -1 -4 4 4 0 0 0 -2 0 2 4 -2 0 0 0 4 -4 -6 2 0 0 0 2 -1 0 0 8 0 0 -2 0 2 1 -10 -4 0 -2 -2 -1 2 0 0 0 0 -2 0 2 0 0 2 0 0 0 0 0 2 0 0 0 0 0 -1 0 0 0 2 -4 1 0 8 -1 0 0 -2 2 0 12 0 0 0 -2 0 4 0 0 0 0 0 -2 2 4 2 7 0 0 -2 4 0 8 -2 0 0 0 2 0 -1 0 0 0 4 0 0 0 8 -4 0 0 0 4 0 0 6 0 2 0 0 6 2 0 0 8 0 -2 2 0 -6 0 0 0 -4 1 2 2 4 2 0 2 -2 0 0 2 -4 8 -2 0 0 -1 2 2 0 2 0 -2 4 0 0 -2 2 0 4 -4 0 -4 -2 -2 0 0 0 0 0 0 2 -4 0 0 2 0 6 4 0 0 6 0 -6 1 0 -3 0 6 0 0 6 0 -4 2 0 2 7 1
0 -12 -4 0 7 4 4 -5 1 2 -4 0 -4 0 -4 -6 0 0 -2 -2 -1 2 91 -1 0 3 0 4 0 1 -4 0 0 -2 0 4 0 6 0 2 0 2 0 0 8 0 -3 0 -3 0 -4 12 -3 1 0 -4 -8 0 0 4 -2 0 0 2 0 4 4 4 0 0 0 4 0 4 1 -2 2 2 8 0 -2 0 -2 -2 -2 1 3 -6 0 2 -4 4 -11 0 2 0 -1 0 -1 -2 -4 0 -1 0 2 2 -2 0 4 0 4 2 -4 -3 -1 6 -1 3 4 0 4 0 1 0 0 -1 0 2 2 1 -2 0 -6 -3 -4 -2 -4 2 3 -4 7 -2 -4 0 4 0 -2 0 0 4 4 2 2 0 0 3 -1 -6 0 -8 -4 0 -10 0 -4 0 6 -1 -4 0 0 -8 -6 2 2 0 2 -1 0 2 0 0 -6 0 4 -2 -10 -2 4 -4 -3 0 4 0 -8 -6 6 6 0 4 10 1 -6 -16 4 -4 0 2 0 -4 3 -4 2 -2 0 0 0 0 2 8 -4 2 0 -8 0 -2 -4 0 0 4 0 0 -4 -4 4 0 2 0 4 6 -4 -2 2 0 -2 -4 0 -2 0 8 6 -4 0 0 0 2 4 0 8 4 4 2 2 4 3 1 4 -4 2 -4 0 -4 4 4 2 -4 2 0 2 -6 2 2 4 0 0 0 0 4 1 -2 3 0 -3 0 4 1 0 8 0 -4 -2 -2 -10 2 -10 -1 0 0 4 0 -2 0 -2 6 -7 4 -4 -12 -2 0 0 0 0 5 0 4 -6 2 6 0 -4 -4 -2 0 0 0 -10 0 -4 2 -2 0 6 0 -4 0 4 2 0 0 8 -2 -2 -6 -4 -8 -1 2 0 -5
0 2 0 0 2 -1 -4 0 -1 0 0 -2 0 0 2 2 0 0 0 4 -4 -2 -1 46 0 -1 2 0 0 0 0 -2 4 -3 0 2 0 -4 0 2 0 0 2 4 4 0 -1 -6 0 2 8 -4 -3 3 0 0 2 3 0 3 4 9 2 0 0 4 -4 0 -2 0 1 0 -4 0 -1 3 -6 0 4 0 0 0 2 0 0 2 0 1 2 0 4 2 0 -4 -2 4 -4 4 -4 0 4 0 0 6 -2 0 -1 0 2 -2 0 0 2 0 4 -4 -2 -2 4 0 0 2 1 2 0 0 3 2 0 2 0 0 0 -1 -2 0 0 4 4 2 -1 -2 0 0 0 -6 0 0 0 4 -4 0 2 0 -4 -4 3 -4 0 -2 0 -2 2 -5 2 4 -2 2 -2 2 0 0 0 -2 0 0 0 4 1 0 -2 0 0 4 -2 0 0 0 6 0 4 0 -4 -2 2 0 -4 4 5 0 12 0 2 0 2 0 0 0 -1 0 2 0 0 0 0 8 6 4 0 -4 0 0 0 0 2 1 2 -1 0 -6 -2 1 -4 2 0 3 0 4 -2 0 0 0 0 0 5 0 -1 4 10 -2 0 0 2 0 0 0 0 0 0 -2 0 0 0 -2 0 2 0 2 3 4 4 2 -1 0 2 6 -6 4 0 0 0 4 4 0 0 0 0 -4 6 0 3 -2 0 -4 0 2 0 7 0 8 0 -2 4 0 6 6 -4 0 0 0 0 0 0 -1 0 6 2 0 -4 -1 4 1 0 4 -2 -2 0 -2 0 4 4 -2 4 0 -2 4 0 0 0 0 -6 0 0 1 6 2 0 3 2 0 2 6 2 0 -6 0 2 0 0 0
0 2 2 -1 2 0 0 0 0 -2 3 4 0 0 2 4 0 0 2 -2 0 0 0 0 42 2 0 0 0 0 2 2 0 -2 0 0 6 4 0 2 1 0 6 -4 0 4 0 -2 -2 -2 -1 0 -6 0 -4 2 4 0 0 -1 2 1 0 0 4 0 0 0 -4 0 4 -4 -4 -6 0 0 2 0 0 -4 -2 0 0 3 -4 0 0 -2 0 0 0 2 0 -2 6 0 0 0 0 -4 0 0 0 0 -2 4 0 0 12 0 2 4 0 -2 0 0 2 -1 0 -2 -1 0 0 4 0 0 4 0 0 0 -2 0 0 5 0 0 2 0 0 0 0 0 0 4 0 0 0 0 -2 0 0 4 0 1 0 4 0 -6 -2 0 -3 0 0 8 0 0 1 0 2 0 -4 0 0 0 -6 -2 -2 0 -2 4 0 -2 0 0 -3 -2 0 1 -2 2 0 -2 0 0 0 -2 8 -4 4 2 0 1 2 0 -2 0 0 0 0 -2 0 2 -2 4 0 0 0 0 0 6 0 -6 0 0 8 0 -4 -2 -2 5 0 2 2 -2 -1 2 -4 0 0 2 4 -1 -2 0 -4 0 0 0 -2 4 -4 0 0 0 -4 -2 0 4 -2 0 0 0 3 0 8 -4 4 1 4 0 2 0 0 0 -1 2 0 0 4 2 0 0 -6 0 0 0 0 0 -2 0 0 0 -2 0 2 0 0 0 0 2 0 0 -4 -2 0 0 0 0 0 0 2 1 0 -8 7 3 0 2 -2 -2 1 0 0 0 -2 -4 0 0 0 0 0 0 0 0 -8 0 0 2 0 4 2 -4 0 -1 2 0 4 -4 0 0 2 0 -6 2 0 0 1 -4 -1 0
8 0 4 2 -2 0 -1 -5 2 0 4 0 -4 0 0 4 0 0 -4 -2 0 4 3 -1 2 57 -6 0 0 4 -4 -6 -4 0 -4 4 5 0 0 4 2 0 4 -2 -4 2 -2 0 0 0 -4 0 7 1 0 0 -4 -2 8 -1 0 2 2 4 0 -6 -1 -4 2 6 0 0 2 0 7 4 -4 0 -6 4 0 0 5 0 0 2 4 3 0 -2 0 0 0 0 0 0 2 -1 -2 -1 0 4 2 4 6 6 0 -4 6 2 -6 0 0 1 0 0 -2 -4 0 0 4 0 -1 0 0 0 1 -4 0 2 2 0 -3 7 -2 8 -4 -4 7 0 3 -4 0 0 0 -2 0 4 0 5 2 2 0 2 4 0 -1 -6 4 -4 -2 0 -4 0 -2 0 -2 4 0 0 2 1 2 0 -4 4 -4 -2 0 2 -1 4 -4 0 0 4 0 -12 0 2 0 0 0 2 -4 -2 4 0 1 0 0 0 -2 4 2 1 -4 0 0 -4 4 -2 0 -4 0 0 3 4 2 -4 0 0 8 0 0 -2 -4 0 0 0 -1 -1 4 -4 0 0 0 0 0 8 1 12 10 0 2 0 2 0 2 -4 -4 -2 5 0 0 3 -2 -2 -6 6 3 4 0 0 0 0 0 -2 -6 0 0 2 4 0 4 0 0 -4 -2 0 -8 0 2 2 -4 2 0 0 2 0 -3 0 4 2 6 -4 2 2 0 0 0 0 -12 -6 -2 0 0 0 0 0 0 0 0 0 4 -2 1 -6 0 0 0 2 0 -10 -2 0 0 6 0 6 0 -2 0 2 2 -2 0 0 4 0 0 -5 0 0 0 -2 0 0 -2 0 8 4 -2 2 -4 -8 0 8 1 -2
2 0 -4 0 0 0 4 2 -2 -4 2 0 -4 0 0 0 4 0 2 0 4 0 0 2 0 -6 44 -2 0 8 0 4 0 0 2 2 8 0 -5 -2 6 2 -4 -4 10 5 -2 0 6 0 0 2 0 0 -2 -2 0 2 4 2 2 8 4 2 0 0 0 4 -4 -6 0 0 0 2 -2 0 3 0 0 6 -2 4 1 0 0 1 4 -4 2 2 1 4 0 0 -1 0 0 2 0 0 -2 0 0 2 4 0 0 0 -4 0 9 -2 0 0 -4 0 0 -2 -2 -1 0 2 -4 0 0 0 0 0 0 0 0 2 -7 4 0 -4 3 -2 0 1 0 0 0 0 0 -2 0 -2 0 0 0 0 2 -1 -2 6 5 -2 0 4 -4 2 0 1 2 0 0 0 0 0 1 -2 -1 -2 2 2 0 0 0 -1 -1 -5 0 0 0 0 2 0 0 4 0 1 -1 6 4 0 0 5 0 1 0 4 0 0 0 0 -8 0 0 0 0 -3 0 2 1 0 2 -2 -2 0 0 2 0 2 4 0 4 0 0 -2 2 0 -1 0 0 0 0 0 0 0 0 -8 4 0 -3 0 0 0 2 0 4 0 0 0 -4 0 6 1 0 0 -2 1 0 -2 -2 6 4 0 2 0 -6 0 1 0 4 0 3 4 4 2 0 2 -1 -2 4 0 -4 3 0 0 2 0 0 4 -1 0 -2 6 -2 0 -2 0 4 0 1 2 2 2 0 0 -4 2 0 -3 -1 0 0 2 -3 0 0 -2 0 0 2 5 -2 -4 0 -1 -2 -1 -1 2 0 2 2 0 0 0 2 -3 1 0 4 0 0 0 0 0 0 -1 0 0 4 0 -1 0 0 0
4 2 0 -2 4 0 0 0 4 0 0 0 4 0 0 2 0 6 0 0 2 4 4 0 0 0 -2 42 1 1 0 1 0 0 -2 0 -2 2 0 4 -2 2 -4 0 0 4 2 0 0 1 4 2 0 0 -2 1 0 4 0 0 -2 -2 -4 -4 0 -4 4 2 0 0 2 0 0 0 0 0 0 0 0 -2 0 0 0 0 2 -4 -2 0 0 0 0 0 0 0 8 -2 2 4 -2 0 1 0 -3 0 -6 0 -2 -2 4 0 -2 -4 4 -4 2 0 0 0 -1 0 -2 0 0 0 4 0 4 0 0 6 0 2 -2 0 2 -2 -6 5 4 4 1 0 0 -5 -4 -2 0 0 -1 0 5 0 0 0 0 0 0 -2 -1 0 0 1 4 4 -1 -2 -4 4 0 2 0 0 -4 0 0 0 0 0 0 0 -2 2 0 -1 -8 0 0 0 -4 -2 -4 0 0 0 0 -4 0 -4 0 -1 -2 -6 -2 0 -2 4 5 2 -4 -1 0 0 0 2 0 3 4 -1 2 0 4 0 0 0 -2 0 0 0 0 4 0 2 0 0 -2 0 -1 -2 -2 3 0 4 -2 0 9 -2 -2 4 -2 0 0 -2 -2 2 0 -2 1 0 0 -4 0 0 0 0 1 -1 0 0 0 0 0 4 6 4 2 0 -2 0 1 2 -3 1 2 0 0 0 -6 4 0 -4 -4 0 0 2 0 0 0 4 0 0 0 3 0 6 2 2 -2 0 -1 0 6 0 0 0 0 2 0 0 0 -4 1 -4 -1 4 -4 -2 0 0 8 2 2 0 0 0 0 0 0 0 0 0 0 1 0 0 0 0 0 0 0 0 0 0 0 2 4 0 -4 1 0 -1
0 0 0 -2 0 0 -2 0 0 4 0 0 -2 0 0 0 -1 2 0 4 0 1 0 0 0 0 0 1 29 0 0 -10 0 0 3 0 0 -4 0 -2 2 0 0 0 -1 0 0 0 -2 0 0 0 0 0 6 0 0 0 -8 0 0 0 -4 2 -2 -5 0 0 0 1 0 0 0 0 0 2 0 -6 0 -2 0 0 2 0 0 8 4 0 0 0 0 0 0 4 0 -4 8 -6 0 0 0 0 -5 0 4 0 0 4 0 2 2 -2 2 -2 -4 0 0 0 0 0 0 0 0 -2 0 0 2 6 0 -4 0 0 1 0 -1 -2 -2 0 2 0 1 -1 0 0 0 0 0 -4 0 0 0 2 0 -1 2 0 0 0 0 4 0 0 0 -4 -4 0 -1 0 0 1 0 0 0 4 0 -2 0 0 0 0 -2 0 -2 0 4 0 0 -2 0 0 0 4 0 -4 0 0 0 0 0 0 -10 0 -1 0 -2 0 2 0 0 1 0 0 0 0 0 0 2 -3 1 -8 0 0 4 0 -4 0 2 4 0 0 0 -2 0 0 0 -2 0 0 0 0 0 2 0 4 -2 0 0 0 0 0 0 0 0 -2 0 -2 2 1 -2 -2 -2 0 -2 4 0 -2 0 4 0 0 0 0 0 0 0 0 0 0 0 0 -2 0 0 -1 0 -2 -2 -4 0 -1 4 0 0 -2 0 1 0 2 2 0 0 0 0 0 -3 0 -4 0 0 -2 -4 -2 0 -4 2 4 0 -1 0 -2 3 0 0 -2 0 2 2 0 0 0 -2 0 2 0 0 1 0 0 2 0 0 0 0 2 0 0 0 0 -4 0 4 0 -4 0 4 2 0 0 4 -1
-2 0 -4 0 0 -2 0 0 -4 0 0 -1 2 -4 0 -8 4 0 0 -2 -2 0 1 0 0 4 8 1 0 62 4 0 0 0 -2 0 0 0 -4 -2 0 2 0 4 2 0 0 -4 0 0 -2 -4 0 -1 1 2 0 -2 8 6 0 0 0 -5 -2 0 0 6 -4 -4 0 0 -4 4 0 0 -4 4 2 0 0 -2 -4 6 6 0 0 -5 -2 4 4 4 0 4 0 2 -2 0 -1 8 0 8 1 2 -6 0 2 4 2 0 -2 0 4 0 -1 -2 0 -2 -2 0 0 0 -2 0 2 0 0 0 2 0 0 4 -8 -2 -2 11 0 0 0 0 3 2 0 0 2 4 0 0 0 0 2 0 0 2 0 0 8 0 3 0 -4 0 2 0 -4 -2 0 0 0 0 0 0 0 0 -2 4 0 -4 0 0 -8 0 2 -1 -4 -4 -2 0 0 -5 1 2 -4 8 0 0 0 10 2 0 -2 -2 2 2 -6 0 0 0 0 -2 -1 0 0 0 0 3 -3 6 4 0 1 0 0 0 0 0 6 4 0 0 0 0 2 0 0 -8 -1 -4 -2 0 0 0 -4 1 -1 -2 -6 0 4 2 0 4 0 0 -4 4 5 -2 1 4 4 0 0 0 0 0 4 -4 0 4 0 4 4 4 0 0 -2 2 5 -2 -3 1 0 -2 0 0 -2 0 0 0 1 -4 0 2 -4 -8 0 -2 0 2 0 -2 0 -4 -4 3 0 4 0 2 -2 2 0 -4 0 4 0 -3 -2 0 4 0 2 2 2 0 2 -4 0 4 0 0 4 0 0 6 0 -3 0 -4 0 -4 0 0 0 -4 -2 -2 0 0 0 0 0 0 0 -4 1 0 0 -2
4 2 -2 2 -6 -2 0 -2 4 -2 2 0 -2 -2 0 -3 0 0 0 -3 0 0 -4 0 2 -4 0 0 0 4 48 0 2 -4 0 0 5 0 -4 2 -2 4 2 0 0 -2 0 -4 2 0 -2 0 1 0 0 3 0 -1 -2 -8 2 -2 0 -4 0 0 0 0 0 0 0 0 -1 2 0 4 -7 0 2 -4 1 -1 0 -5 -4 0 -4 -2 -1 -1 0 4 0 4 0 0 0 4 -2 2 0 0 2 0 -4 0 0 1 5 0 0 2 0 3 0 -2 2 4 0 0 -4 -2 0 0 0 0 0 0 2 -2 0 0 2 0 0 2 -10 2 0 0 1 0 0 -1 1 4 -4 -4 -2 0 0 0 2 -4 -2 0 2 0 -2 0 -4 -1 -4 0 0 1 0 0 0 -4 -6 2 0 -1 4 0 0 0 -4 4 4 2 0 0 -4 0 -4 -3 -4 2 -2 0 2 4 -1 -4 2 0 0 1 4 -2 5 -2 0 0 0 0 2 0 8 2 -4 -4 -4 -1 1 1 2 4 0 0 0 0 -1 0 0 -2 0 -2 2 0 0 2 -8 1 0 0 -1 0 0 -2 4 0 4 0 -2 1 4 -1 1 4 0 0 2 0 -2 -2 0 2 -1 -1 9 0 -2 0 0 0 4 1 4 -6 0 0 -6 -1 0 0 2 0 3 -2 -8 -1 3 -4 2 4 0 -2 4 -4 4 -4 2 4 0 1 0 1 0 -1 0 0 3 0 -4 4 6 2 2 1 0 0 0 -2 0 0 0 0 2 -6 -2 -2 3 4 0 -4 -2 2 -2 0 2 0 2 2 0 0 0 0 0 -2 0 -2 6 3 -3 -5 0 -4 0 -4 4 4 0 14 0 0 0 -2
0 -8 3 0 8 2 1 0 5 -1 0 -5 1 -4 0 0 -1 4 0 -7 -2 2 0 -2 2 -6 4 1 -10 0 0 55 0 0 4 0 0 4 0 0 4 4 -4 -2 4 0 -4 0 1 0 0 0 2 0 -6 0 -2 4 -1 -4 0 0 0 0 0 -4 4 0 2 4 -2 0 0 0 1 4 2 6 5 4 2 -6 2 1 2 -2 0 -2 -4 2 -4 1 2 -6 -4 4 -6 2 2 0 5 -2 -1 0 0 0 -2 -2 1 -4 -2 6 1 0 2 -4 4 -2 3 0 -4 0 0 2 2 4 3 0 0 0 0 2 0 0 4 0 4 2 0 2 -4 2 -4 -1 2 -2 2 4 -4 0 0 0 0 0 4 2 0 -2 -4 6 0 -2 0 -3 3 2 0 -2 0 0 0 -2 4 -4 0 0 -8 0 -2 0 0 -2 2 0 -4 4 0 1 0 0 0 -4 0 0 8 0 2 0 0 -8 6 0 -4 0 -6 1 -1 6 0 0 6 1 0 0 0 0 0 -2 2 4 6 2 -4 0 0 0 -6 1 0 -4 -4 -2 0 0 -2 2 2 4 -4 -1 0 -8 0 0 1 2 2 -4 0 -3 6 1 -4 1 1 -2 6 2 -1 2 0 0 -2 -2 3 1 -4 0 4 4 1 -1 0 -2 0 -2 -2 0 4 0 -2 1 -3 -4 2 -5 2 4 0 -2 4 -2 0 0 0 -2 0 3 -4 0 -5 0 3 -1 2 0 4 2 1 5 0 1 2 0 -2 -3 0 5 0 2 0 4 0 2 4 0 -4 0 0 0 -4 1 0 3 4 4 0 -3 -4 -4 0 0 0 0 0 3 0 0 -2 2 0 0 3 0 2 -2 -1 -2 0 0
2 4 -2 0 3 1 1 1 0 0 -2 0 1 0 -6 4 0 0 0 2 1 -4 0 4 0 -4 0 0 0 0 2 0 44 0 -1 -1 2 1 -4 0 0 4 4 6 2 2 2 4 0 0 -4 3 4 0 3 0 4 -4 -4 0 0 0 0 -2 0 2 0 0 0 0 2 -2 0 4 0 0 1 0 2 0 1 0 -4 0 -1 0 4 2 -1 0 5 3 1 0 4 0 0 8 -2 0 2 -4 0 2 0 0 0 -2 -4 -4 0 4 -1 2 0 0 2 0 -2 -2 0 0 0 0 3 0 0 1 -2 4 0 2 0 0 1 0 0 -1 0 0 2 4 0 0 0 0 0 0 2 6 -8 2 0 0 -2 0 -4 4 -4 -1 -4 -4 0 4 0 4 1 4 -1 2 2 2 -4 0 0 -2 -2 -2 0 0 -1 0 -2 0 2 0 2 0 1 0 0 0 0 1 0 2 0 -2 0 4 -1 0 0 0 -2 0 8 0 10 0 6 0 0 0 2 0 4 0 0 4 -4 -4 -2 2 0 0 -1 -2 2 2 1 -2 0 -2 0 -4 0 -2 -1 4 0 -3 -2 -4 0 -2 0 2 0 -4 0 4 -2 0 -1 3 -1 -4 6 0 0 0 0 1 0 6 -2 1 4 -2 8 1 4 -4 4 0 0 0 0 -5 5 0 0 0 0 0 2 0 -1 0 6 0 0 0 -4 0 0 2 4 4 2 5 6 2 0 0 0 0 4 2 1 -2 1 6 2 0 0 4 0 0 -2 2 2 6 0 0 1 0 0 0 4 0 0 0 4 5 -2 4 2 0 2 0 0 4 2 0 0 2 4 0 0 0 -2 0 0 0 0 -4 0 4
0 -1 -4 2 0 0 0 -4 2 0 -2 -4 4 0 -4 0 0 0 0 4 0 0 -2 -3 -2 0 0 0 0 0 -4 0 0 37 0 0 -8 2 0 2 2 -2 -2 0 0 0 0 2 -2 0 4 2 -2 0 -1 0 4 -1 0 1 0 0 0 0 6 0 0 0 0 6 4 -4 0 6 0 1 4 4 -1 4 -1 0 0 0 0 0 2 0 0 0 2 0 0 -6 0 2 0 0 0 0 -2 -2 0 4 0 0 0 4 0 4 0 0 0 0 0 0 0 0 0 2 0 0 0 2 0 0 0 4 4 0 4 0 -2 4 -2 4 6 -3 0 -2 0 0 0 0 6 -4 0 0 0 -2 6 0 -4 0 4 0 0 0 4 -6 0 -2 0 0 4 2 -2 0 1 -1 0 0 0 0 0 0 -4 0 0 -2 0 -2 3 0 4 0 2 0 2 0 -4 4 3 0 0 4 0 0 0 -2 0 -2 0 0 0 2 0 0 -2 0 -1 0 4 0 0 4 0 0 0 2 0 -2 0 -1 -2 -1 1 0 -4 -2 0 4 1 0 2 -2 -2 0 0 1 0 2 8 0 1 3 0 0 -2 0 0 0 0 0 0 0 -2 4 -2 0 0 -2 -6 -2 -2 0 0 2 2 3 -2 4 3 4 0 0 0 -2 -4 0 0 0 4 0 -6 -2 0 0 0 0 0 -4 1 0 0 0 0 -2 0 -1 0 0 0 0 0 -6 0 0 1 0 0 2 0 1 0 0 -4 -2 0 1 -2 0 8 2 0 -2 0 0 0 0 -2 0 -2 4 0 0 0 0 0 0 0 4 -1 -4 -8 4 0 6 0 0 2 0 -4 -4 2 -4 -2 0 -4 -2
0 -1 0 0 0 0 0 0 0 0 0 0 0 -4 2 0 0 0 0 0 -1 1 0 0 0 -4 2 -2 3 -2 0 4 -1 0 28 0 -2 0 0 1 0 -4 0 -2 -1 -4 0 -2 4 2 0 0 0 0 0 0 0 -2 -4 0 0 0 2 -1 -2 -2 0 -3 -4 2 -2 0 0 0 -8 -2 0 0 4 0 -2 2 -2 0 2 0 0 -2 0 1 -4 0 -1 0 0 0 -1 0 1 0 -4 0 -4 0 0 0 4 0 0 0 3 0 0 -2 2 0 0 0 2 -1 1 0 0 -1 1 4 1 -1 0 0 0 -2 2 2 -3 3 5 1 0 2 0 -1 0 0 3 3 0 0 -1 0 -2 0 0 -4 -1 0 0 -3 -2 -2 0 0 0 -6 -4 0 0 0 0 0 -4 0 0 -6 1 -4 -3 0 4 -3 0 -2 0 -4 1 4 -1 0 0 4 0 -2 0 2 0 0 0 0 0 -6 0 0 -6 0 0 0 -2 0 0 2 -1 0 0 0 2 1 -2 -4 0 -1 0 0 -2 4 0 -2 -1 0 1 0 1 -2 0 0 0 -5 -1 1 0 0 -2 0 0 0 0 2 2 0 0 0 0 0 1 0 3 0 0 2 1 -4 -2 0 0 0 0 0 2 4 0 0 1 0 -2 2 -1 0 0 0 0 -1 -1 1 -2 0 0 0 2 0 -6 0 0 0 -4 4 0 2 -2 4 -2 -1 -2 -2 0 0 -3 0 0 0 -2 -3 0 0 0 6 0 0 0 -2 0 0 -4 0 0 0 -1 0 -1 -1 0 8 -1 0 0 0 0 1 0 0 -4 0 0 0 0 0 2 0 0 0 2 0 0 2 2 0 4 3 0 0 0 1
0 5 4 0 0 -2 -2 1 0 0 -2 -1 0 0 1 0 0 0 2 1 4 0 4 2 0 4 2 0 0 0 0 0 -1 0 0 29 -2 4 0 2 2 0 0 0 0 0 -2 -2 0 -1 2 0 0 0 -2 0 2 0 8 2 0 4 2 0 0 0 -2 0 0 0 -2 4 -2 0 0 0 0 0 -2 0 0 -1 6 0 0 0 0 0 1 0 0 0 0 -2 2 0 -2 2 0 4 -10 4 0 0 -3 0 0 0 0 0 2 0 0 4 -2 0 0 0 0 2 4 2 2 0 3 0 0 0 -4 -4 0 2 -2 0 0 0 2 0 0 0 0 -2 -1 0 0 -2 0 0 2 0 -4 2 0 0 0 0 0 -6 4 1 0 -2 0 8 1 0 4 0 0 0 2 0 0 4 0 4 0 0 -4 0 0 0 0 2 -1 0 0 0 0 -2 0 0 -4 -4 -2 0 0 4 2 -2 -4 0 0 0 0 -4 -8 0 0 0 0 0 1 -4 -2 0 0 -6 0 0 -4 0 -4 0 0 2 -2 0 0 1 -4 1 -2 2 2 -4 0 0 0 1 0 -6 -2 4 0 0 0 0 0 0 0 4 2 0 0 -1 -4 2 -4 0 -4 0 0 0 2 0 0 0 0 4 0 4 2 -4 0 2 0 0 0 1 -5 -2 0 -1 0 0 6 -2 0 0 0 0 2 0 4 4 0 4 0 0 0 0 0 4 -4 0 4 0 0 6 4 -4 1 8 2 4 0 -2 0 0 0 2 0 -6 0 0 4 0 0 0 0 -4 -2 0 0 2 -4 2 2 -4 0 0 5 0 -2 0 0 0 -2 0 4 0 -4 0 0 0 0 4 0 3
4 2 2 -6 0 0 0 0 2 2 0 0 -4 0 0 0 0 0 6 -7 0 0 0 0 6 5 8 -2 0 0 5 0 2 -8 -2 -2 45 0 0 0 -1 1 6 -6 0 4 0 -4 0 0 -2 0 -2 -2 0 -5 -1 -3 -2 2 0 4 4 4 -2 0 0 -2 -2 0 0 -1 -2 -2 6 -2 -2 0 0 -9 0 0 0 0 0 0 3 -3 -3 -4 2 0 0 0 0 0 0 0 -4 -1 4 0 2 -4 0 6 0 -4 0 0 -1 0 0 0 -3 2 -2 -4 -4 -2 0 0 -2 -2 0 2 2 -1 0 0 0 2 -2 0 -4 3 -4 -2 -2 0 0 4 0 2 -2 -4 0 0 -1 2 2 -3 2 0 0 0 1 -4 -4 -2 -4 2 -4 0 -1 0 2 -1 8 0 -2 0 0 2 -4 0 2 0 -4 0 0 0 0 -2 -4 2 0 0 -6 0 0 -3 0 4 -2 -4 0 0 -2 2 2 -2 0 0 0 0 0 -1 0 0 0 2 -4 0 0 1 9 0 0 0 0 0 0 0 5 -2 2 0 6 4 1 0 0 -4 -4 -5 0 2 0 0 4 -2 0 0 -2 -4 2 0 4 0 2 0 -6 2 -2 2 4 0 0 0 0 4 4 3 -2 4 -4 -4 0 0 -2 0 -2 -2 -2 0 4 0 -2 0 0 0 -2 1 4 0 -4 0 2 0 0 0 2 5 4 0 -2 4 0 -1 -4 -1 0 0 0 0 0 0 -2 -5 2 0 2 -7 0 0 -1 0 -6 -2 0 0 -1 0 6 2 0 -4 -2 2 0 -4 2 2 -2 1 0 0 6 4 0 -10 2 2 6 3 2 -4 -2 0 -1 0 0 4 0 0 2 0 -1 0
-4 -2 0 4 -11 0 2 4 3 0 -8 -2 7 6 0 6 4 0 0 -4 2 0 6 -4 4 0 0 2 -4 0 0 4 1 2 0 4 0 77 0 10 -2 -4 0 6 -6 4 0 4 -1 2 -2 7 0 2 2 0 -2 0 4 4 0 4 -2 -4 4 0 0 1 2 0 0 -6 0 -4 0 -2 0 4 2 0 3 4 0 0 2 -2 -8 3 -2 0 0 0 0 0 8 0 0 0 0 8 -4 -3 -1 -4 2 4 -4 -4 2 0 -2 0 4 0 4 4 3 -1 0 0 -10 0 -2 6 0 2 0 -2 0 0 0 4 0 2 0 0 8 4 -2 2 0 2 0 -4 0 4 -1 4 1 0 0 4 -2 2 -4 -2 2 0 0 0 -1 0 -2 0 -4 4 4 0 4 0 3 0 1 4 -2 6 -4 2 0 0 0 0 0 0 -4 0 4 0 -4 -6 0 6 0 -2 0 0 2 7 0 0 -4 -4 -5 0 -4 -2 0 2 2 1 -2 0 0 0 0 0 0 0 0 4 0 -2 0 0 4 0 -2 4 -2 2 2 0 -4 0 4 0 4 4 -4 0 4 -6 0 4 0 -1 -2 2 4 0 2 0 0 0 2 0 0 0 2 0 4 0 0 -4 0 -2 10 5 -2 0 0 -4 -2 4 -4 2 0 0 2 -9 -2 -4 0 0 -4 6 -4 4 0 0 0 4 2 0 -2 0 0 0 6 4 0 2 13 -4 -5 0 4 2 0 2 4 0 2 2 -4 4 2 -6 -1 3 -2 -4 -3 0 -4 6 -2 4 0 2 -4 -4 -5 0 -10 -2 -2 -4 -4 6 0 0 -2 4 0 2 0 2 -3 0 -4 0 0 6 -4 4 0 0 0 3
-2 -2 0 0 2 0 0 -2 0 2 -4 -2 0 -2 0 0 -2 0 0 -6 2 0 0 0 0 0 -5 0 0 -4 -4 0 -4 0 0 0 0 0 35 2 0 0 4 0 0 0 -2 0 -4 0 1 -4 0 4 0 0 0 0 -4 4 -4 0 0 0 0 0 0 -4 0 0 0 2 0 0 3 0 2 0 2 0 0 0 2 -4 0 0 -2 -4 -3 -2 0 -4 0 4 8 -1 0 0 0 2 8 4 0 -2 0 0 0 1 0 2 0 0 0 0 0 0 0 0 2 1 2 0 2 0 0 0 0 0 0 0 0 0 4 -3 2 0 0 0 2 0 0 4 0 0 0 0 0 0 0 0 0 0 -2 0 3 0 4 4 0 1 0 -1 0 4 0 0 0 0 -4 0 0 -4 3 0 0 0 0 0 0 0 0 -2 2 0 0 0 4 0 2 0 0 -2 0 -4 0 0 4 -4 2 0 0 0 0 0 -2 0 -4 -4 -4 0 -7 -1 0 -2 -2 0 0 0 4 -4 -2 4 4 0 0 0 2 0 0 -2 0 4 3 0 0 2 0 0 0 0 0 -2 2 0 -3 0 0 0 0 0 0 0 0 0 -1 0 -1 2 0 2 0 -2 0 -4 -2 0 -2 0 -4 0 0 4 0 0 2 4 0 0 0 4 -1 0 0 2 0 0 0 4 0 0 -2 0 4 0 0 -4 0 -2 0 0 0 0 0 2 0 4 0 6 0 0 0 0 0 -10 0 4 0 -4 1 0 0 0 0 1 0 0 0 -2 -2 0 0 -2 1 4 1 0 -2 -2 4 -2 0 1 8 2 2 4 0 2 0 4 0 0 0 0 0 -4 0 0 2 2
-6 -2 0 0 0 0 0 -3 10 0 -4 0 6 -2 0 1 -2 -4 0 0 2 8 2 2 2 4 -2 4 -2 -2 2 0 0 2 1 2 0 10 2 40 4 -2 0 4 -2 10 0 0 -4 2 -2 -1 3 0 -3 0 2 0 2 0 2 2 0 0 0 0 0 -4 0 0 0 2 -5 0 4 0 0 0 1 0 0 0 0 -2 0 -6 0 -2 0 0 0 -2 0 -4 2 -1 0 2 -2 8 -2 0 1 2 2 2 0 0 4 -2 -3 0 0 2 4 0 2 -1 4 -3 -1 0 -3 0 0 0 2 0 0 10 6 0 -6 2 2 1 5 2 0 0 0 -2 -4 0 0 0 0 0 0 0 0 0 -5 0 0 -2 0 0 2 0 -2 0 -2 0 0 0 0 0 0 10 0 0 0 2 2 2 0 4 0 2 0 0 0 0 0 0 -2 0 0 -1 4 -4 2 1 4 -3 0 0 2 4 2 0 0 0 1 -2 0 0 0 -4 4 0 0 -1 0 0 2 0 0 1 0 -2 -2 0 2 -1 0 2 0 -2 0 6 -2 1 2 1 -1 0 0 4 0 5 4 0 0 0 -4 0 2 0 -2 -2 0 -2 0 2 -2 0 0 4 0 0 -2 -4 0 3 -4 8 0 4 -3 0 4 0 -4 0 -1 2 2 -4 0 1 -2 1 4 0 -2 -2 0 0 0 -2 2 0 6 -4 -2 4 4 1 -2 5 0 7 -2 2 -2 2 0 0 0 0 -1 -2 -2 2 0 -1 -2 0 -2 0 0 0 -4 -4 0 2 0 2 4 -2 0 0 2 0 0 0 0 0 0 -1 -2 0 0 0 0 0 2 0 -3 0 0 -1 -2 2 1 0 0 0
0 0 -4 4 -2 4 5 -4 0 -4 2 4 0 -4 1 -2 -2 0 0 3 0 0 0 0 1 2 6 -2 2 0 -2 4 0 2 0 2 -1 -2 0 4 63 -2 1 6 0 1 -12 0 2 0 -1 0 -4 1 4 1 -3 0 0 -2 2 0 0 2 4 0 -5 4 0 -1 0 4 -5 0 0 2 -2 -2 -1 2 -2 4 2 0 -2 1 2 0 2 6 -6 0 0 -2 0 0 2 4 -4 -4 -4 -2 7 1 2 -2 -5 4 0 0 -1 0 5 2 2 0 2 -1 -1 0 -2 4 -3 1 -4 -6 -2 1 0 6 4 6 1 -1 -2 0 6 -2 0 8 2 0 -4 0 0 -2 6 2 5 0 0 -2 -2 4 -2 8 -1 -6 3 4 -2 6 -5 4 -1 -2 0 5 -4 8 2 0 -2 1 0 -1 0 4 2 1 0 0 0 -4 7 -4 -6 -1 3 -5 0 0 -6 2 -8 4 0 4 2 -2 -2 1 0 0 2 0 -7 -2 1 -2 0 -2 2 -4 -1 0 0 -4 -4 -1 4 5 -5 -4 3 1 0 -3 1 -3 2 3 2 0 -2 0 2 -1 -4 -2 2 -5 0 0 -2 6 0 -8 8 0 -3 -1 -2 -3 4 0 -4 2 -1 0 -4 1 -2 7 1 0 -2 4 4 -2 -10 -2 -3 -6 1 4 3 0 0 2 4 -2 3 -2 0 -5 -7 0 3 -2 0 1 2 2 -1 -2 2 2 -1 0 0 0 -2 -2 0 -4 4 -8 0 0 -2 -2 -1 -3 -2 -3 -2 0 4 4 -4 0 0 2 2 -1 -8 4 -2 0 -2 0 0 0 0 6 4 0 3 0 -2 -1 -3 4 -6 -1 0 2 -4 -2 0 0 0 -8 0 0 -5 0 0 0
2 8 0 0 3 4 0 -2 2 0 6 -2 1 5 0 0 0 0 0 -2 0 -2 2 0 0 0 2 2 0 2 4 4 4 -2 -4 0 1 -4 0 -2 -2 59 0 4 0 2 -4 -4 -2 0 -1 0 2 -2 0 0 -10 2 -5 6 -1 -4 -2 0 0 0 0 6 8 -4 0 -4 0 4 4 4 0 0 -2 1 0 0 0 0 4 2 -8 6 -2 0 4 8 0 0 0 0 0 0 4 0 4 0 4 2 -1 0 2 0 2 0 0 0 1 0 0 -2 4 4 0 -2 -2 4 0 0 4 6 0 -2 0 4 0 4 0 0 2 0 -4 2 1 0 2 0 0 0 0 -1 -2 1 -5 -2 0 -4 0 0 -2 0 3 -1 -2 -4 -4 0 0 6 2 -1 0 2 0 0 0 0 0 0 4 -4 0 0 -4 2 4 -2 -1 -4 0 1 0 1 0 2 -1 2 2 0 0 0 0 -4 1 4 -1 4 4 0 4 10 0 5 0 0 0 -2 0 3 0 0 -2 0 0 -4 -6 0 -5 4 2 2 -2 0 0 6 3 6 4 0 3 -4 2 -2 0 0 -1 0 4 -2 -2 0 4 0 -4 -2 0 -4 -4 0 0 0 0 0 4 2 -4 -2 0 0 0 0 0 0 4 2 0 0 0 2 0 0 2 0 -4 1 2 0 0 4 0 -4 13 2 4 0 -1 0 -4 -2 -2 -4 0 2 -1 0 0 0 0 8 6 1 -4 2 -8 8 0 0 0 -4 -6 0 -4 2 0 -4 2 2 1 -2 2 6 -4 -4 0 -1 -4 4 -1 0 -4 4 -5 -2 2 0 0 0 -1 -2 0 0 6 0 4 0 5 0 0 3 0 0 0 -3 0 4
0 -2 0 -1 0 -2 0 0 0 2 7 0 0 0 0 9 0 0 2 -2 0 -4 0 2 6 4 -4 -4 0 0 2 -4 4 -2 0 0 6 0 4 0 1 0 36 4 -4 0 2 -2 -2 0 2 0 0 0 0 -2 10 0 -2 -2 -4 4 -2 4 0 0 0 0 1 0 0 0 -4 2 4 4 0 0 0 -4 0 0 -3 -4 0 0 0 0 -2 2 0 4 0 2 -2 0 0 4 0 0 2 -4 2 -2 0 2 -4 0 0 -4 0 0 4 0 0 2 2 4 -2 0 3 0 -2 0 0 4 0 -2 0 4 0 0 0 -4 0 0 1 0 0 0 2 2 0 0 0 0 2 0 -4 0 0 0 0 1 -4 0 0 -2 0 -4 0 -4 0 0 0 2 0 4 4 0 0 1 -1 0 0 0 0 4 2 0 0 4 0 -2 2 4 4 2 2 2 0 0 0 0 -4 -2 0 0 0 2 0 -1 0 -4 0 0 0 0 0 0 2 0 -2 0 -2 0 4 0 4 0 -2 0 0 4 0 0 0 -2 -2 5 0 0 0 -2 -1 0 0 0 0 4 4 -5 0 0 0 0 0 0 0 0 -4 4 0 0 -2 0 -4 0 0 0 0 0 2 0 -2 4 0 0 0 0 0 0 0 0 -1 6 5 0 -4 2 0 2 -6 4 0 0 3 4 0 0 4 0 4 2 2 0 0 4 0 0 0 4 -3 0 -2 0 0 4 4 2 0 1 0 0 1 4 0 0 -2 0 0 4 0 0 0 2 0 0 -6 0 0 5 0 0 0 0 2 2 -2 4 4 -2 4 0 6 2 0 -3 -1 -2 0 2 -3 2 -6 0 1 0 4 0
0 0 2 1 0 4 0 -2 0 0 0 -3 10 4 0 0 0 -8 -1 2 -4 -4 0 4 -4 -2 -4 0 0 4 0 -2 6 0 -2 0 -6 6 0 4 6 4 4 73 0 -4 0 5 0 0 -4 6 6 0 0 0 4 -4 0 0 2 0 -4 0 0 0 0 0 0 -4 -4 4 0 0 4 4 -4 0 -2 0 4 10 0 2 4 -5 0 4 0 0 -4 8 0 0 -6 1 4 6 -2 0 -4 -2 0 0 -5 0 8 0 0 -5 -4 -8 2 8 2 0 0 -2 -6 0 -4 6 0 0 0 -2 -4 0 0 -2 0 12 -2 0 8 -2 0 -16 0 0 0 8 -4 4 2 8 0 6 2 2 4 -2 0 2 -4 -2 -5 6 0 0 0 -4 -2 -4 2 0 -4 4 -2 -1 0 -4 0 4 0 -4 -4 0 0 0 0 4 2 -1 -2 -1 -2 0 4 0 8 0 0 -4 5 2 1 7 0 0 0 4 4 0 -4 4 -4 -1 8 0 4 -4 4 0 4 2 2 -3 0 0 -4 -4 -4 -2 0 0 5 -2 -2 0 0 12 0 0 0 0 0 -2 -6 7 0 -2 4 0 4 0 -3 4 2 -4 -5 0 4 -2 2 2 -1 -6 0 0 2 -2 0 -1 -4 2 -1 2 0 -8 -10 3 0 3 1 0 0 -2 1 -2 2 0 -2 2 4 2 0 0 4 6 4 0 0 -6 4 0 2 -2 0 -1 0 2 4 0 -2 0 0 0 0 0 0 0 0 -2 0 0 0 -6 0 -4 -4 0 0 4 -2 0 0 0 4 0 -2 1 0 0 0 0 2 0 2 0 0 0 0 0 3 -1 -7 -2 2 0 0 0 4 3 4 -2 2 4 -2 -4
0 -2 0 2 2 0 0 4 0 0 0 0 2 -4 0 0 4 0 0 -4 0 -1 8 4 0 -4 10 0 -1 2 0 4 2 0 -1 0 0 -6 0 -2 0 0 -4 0 45 -1 0 -2 0 0 0 -4 0 -2 0 -1 0 3 4 -4 -1 -1 0 0 2 2 0 8 -2 0 0 6 4 0 0 0 -2 0 2 0 0 0 4 0 -2 0 -4 0 0 0 -1 4 -2 -4 6 0 0 0 0 4 4 0 0 6 0 0 0 0 0 2 0 -2 0 4 0 0 2 0 0 0 -4 0 1 -4 4 0 -2 0 0 0 0 0 -4 2 0 -4 0 0 4 0 0 3 -2 0 0 0 4 0 0 2 0 0 1 0 4 2 -1 -2 0 4 1 0 -2 4 0 0 0 0 0 0 0 -2 -4 0 -3 -2 0 0 -4 0 2 -4 -4 0 2 0 1 -1 -2 4 -4 0 0 2 0 0 0 4 0 4 8 0 2 -2 -6 0 0 0 4 0 -2 0 0 -1 -2 0 4 0 0 2 -4 0 0 0 0 2 0 0 0 2 4 4 0 -1 0 -4 0 2 0 0 -1 -4 0 0 2 -2 0 0 4 -4 4 0 0 0 0 0 4 2 1 -4 0 0 -2 -4 -2 4 3 0 0 2 0 6 0 0 0 0 -2 0 4 -6 0 6 -2 -2 4 -2 2 0 0 0 0 0 0 -2 0 2 0 8 -2 0 0 0 3 2 6 4 0 0 0 0 0 0 0 2 -1 0 0 -2 0 0 0 0 1 0 0 0 -1 0 0 0 0 -2 -2 0 0 4 0 0 4 -6 0 0 4 0 -1 0 0 0 0 4 0 0 0 0 0 -2 -2 0 0 -1
-4 6 0 0 0 0 2 2 0 0 0 0 4 0 0 -2 -6 0 0 0 0 0 0 0 4 2 5 4 0 0 -2 0 2 0 -4 0 4 4 0 10 1 2 0 -4 -1 59 -2 2 0 -4 -4 0 0 0 0 0 0 0 0 0 1 4 0 0 4 0 0 0 0 0 0 4 0 0 0 0 -2 -4 -4 0 8 0 0 -4 0 1 2 -2 0 0 0 0 0 -4 8 0 -4 -2 -2 0 0 0 -2 -1 8 0 -4 2 4 0 -4 2 0 -2 0 4 6 0 0 2 -2 0 -2 4 1 0 4 0 0 0 0 4 -6 4 0 -2 2 -2 0 0 0 2 4 0 -2 -6 0 -4 0 0 0 4 -4 4 -2 -1 1 0 8 0 -4 0 4 3 0 0 0 0 0 8 0 -2 4 0 2 0 0 0 4 0 0 0 0 0 0 0 -4 1 1 0 0 0 0 4 0 0 0 6 4 8 0 2 0 0 0 0 0 0 0 0 0 -1 0 4 0 0 4 -2 0 2 -2 0 0 0 0 0 0 0 0 -4 -2 10 0 0 0 4 2 2 0 -2 0 -4 0 0 0 0 -12 0 0 -2 0 0 -2 -4 -2 4 0 0 3 4 2 0 -2 0 4 0 0 0 0 0 0 0 4 4 2 4 3 0 4 2 -4 -2 0 0 0 0 -8 0 0 0 0 0 0 0 -3 -10 4 0 -4 0 -4 0 2 0 -2 0 0 -6 4 0 4 4 0 -4 -1 -4 0 -2 0 0 0 2 4 0 2 1 0 2 -2 2 8 0 -2 0 0 2 0 0 -2 2 0 0 0 0 0 0 0 -4 8 1 8 0 0 0 0 0 4 0 -1 0
-2 0 0 0 -2 -6 5 3 -1 0 0 3 0 0 4 4 -2 2 2 0 0 -4 -3 -1 0 -2 -2 2 0 0 0 -4 2 0 0 -2 0 0 -2 0 -12 -4 2 0 0 -2 44 4 0 2 0 0 0 -6 0 -2 2 0 0 -2 0 -2 0 0 0 -2 0 2 0 -1 0 2 4 0 -2 -4 0 2 4 3 4 0 1 -1 0 -3 -2 1 5 1 2 2 0 -2 2 -1 4 -2 4 2 4 -1 -6 0 -2 0 -2 0 0 -2 0 1 0 -7 -2 2 -2 0 0 2 2 4 0 2 -2 4 0 0 0 3 0 0 -6 0 -5 2 2 6 -1 -7 0 0 2 -2 0 7 -1 0 -8 0 0 3 2 0 -2 -1 3 7 -6 0 0 2 2 0 4 -1 -6 2 6 -6 0 0 0 -1 -6 2 1 1 0 0 0 2 -2 0 2 0 -2 2 -4 0 -2 0 0 0 0 -2 -2 -4 -4 -4 0 -1 0 0 -1 0 2 0 -2 2 2 2 0 0 0 0 2 4 0 4 -4 0 2 -4 0 0 2 -1 0 -4 -2 -2 0 -2 0 -1 -4 4 4 5 0 6 0 2 0 0 0 0 -1 -2 0 0 4 1 0 1 1 0 -4 2 0 0 6 0 1 2 -3 6 2 -2 0 1 0 4 -5 0 -5 0 0 0 0 -4 1 0 1 5 0 4 -1 -2 0 0 -2 0 2 0 0 1 0 -2 2 4 -2 0 4 4 0 5 0 -2 -2 0 -1 3 0 7 2 0 0 0 0 2 0 4 0 -2 11 0 2 -2 0 0 0 1 -2 -7 0 0 -4 2 -1 0 -4 4 10 -2 0 -1 0 -2 -4 0 0 0 -2 -1 -2 -3 0 0
2 0 0 2 0 2 4 0 0 4 0 9 0 2 -4 2 4 -6 0 4 -6 4 0 -6 -2 0 0 0 0 -4 -4 0 4 2 -2 -2 -4 4 0 0 0 -4 -2 5 -2 2 4 80 0 0 2 4 -2 -8 -2 0 0 0 0 -10 2 0 -2 -4 4 8 2 -2 -4 2 0 -1 4 0 0 -2 0 0 4 4 0 0 -8 0 -5 0 4 -2 -4 0 -8 0 2 2 0 9 4 -4 6 4 2 -4 2 0 0 -2 -2 -4 -4 0 2 8 0 0 -2 0 0 0 0 0 0 2 2 0 -8 -4 0 -2 0 -4 4 0 3 2 2 -2 4 8 0 2 0 0 0 0 2 4 0 4 4 -4 4 6 0 0 0 2 0 8 -2 0 0 2 4 -10 4 -2 0 -1 4 -2 4 -4 2 1 0 2 -2 4 14 0 8 0 0 0 10 0 6 2 0 4 -2 0 -4 0 0 4 0 -2 -4 6 2 4 0 0 0 -4 4 -2 -4 0 -2 0 8 0 0 0 0 -5 0 2 0 -2 4 0 0 0 -2 1 -2 -6 -8 6 4 0 -3 -4 4 0 0 2 -1 0 -6 4 0 0 -1 4 -3 4 -4 0 0 8 -4 8 0 0 1 4 -6 0 -6 -1 -1 -2 0 0 0 -4 -4 -2 0 0 -1 4 4 0 0 0 0 -4 4 6 0 2 -4 0 0 4 0 4 2 2 0 4 1 -8 10 3 4 2 -4 0 0 1 0 -4 2 0 2 0 0 0 8 6 4 0 4 0 0 4 0 -2 0 0 2 0 0 2 -4 2 -8 2 4 -6 -4 -3 0 0 0 -1 -4 0 -5 9 0 0 4 0 0 0 0 6 0 4 -2 0 2 12
4 -4 0 2 -1 -4 0 -1 0 -4 -2 4 0 0 0 2 0 2 0 0 -1 0 -3 0 -2 0 6 0 -2 0 2 1 0 -2 4 0 0 -1 -4 -4 2 -2 -2 0 0 0 0 0 46 0 2 0 0 0 0 0 -4 0 -5 0 2 0 0 0 0 0 -6 12 1 -2 -2 4 2 1 -4 0 4 0 1 0 0 2 0 0 0 0 0 1 0 -5 0 0 0 0 2 1 -2 -2 1 -4 -2 0 0 0 0 0 1 4 -2 4 4 0 0 4 0 0 1 -4 2 0 6 0 0 0 0 0 0 -2 0 0 0 0 2 2 0 2 2 0 0 2 0 0 0 0 0 4 0 4 -2 0 -4 2 0 -4 0 2 0 0 -2 4 5 0 0 2 0 0 4 -2 0 2 1 8 1 0 0 -2 0 0 0 -2 0 -2 -2 0 0 0 0 0 0 0 0 0 -7 0 4 0 0 1 0 -4 4 0 0 0 2 2 0 2 -2 -1 4 2 0 0 0 0 -3 0 -2 0 0 0 -2 4 -2 2 4 0 0 2 2 -1 0 0 2 0 0 0 0 0 0 2 0 0 0 -1 2 0 -4 -2 4 4 -2 0 -2 2 2 0 1 -3 0 0 4 0 0 0 4 0 -2 0 0 0 -1 4 8 2 -2 0 0 6 0 0 0 0 0 0 1 0 0 2 0 2 0 0 0 0 0 0 -4 6 0 0 4 0 4 -4 0 -2 0 0 4 -3 -2 4 -4 2 4 4 -2 4 -4 0 -3 0 0 0 -4 0 2 6 -2 0 0 -2 -1 0 0 -4 -6 -2 -4 4 0 0 0 2 -4 -2 2 0 -4 0 0 0 6 -1 0 -2 2 0
0 0 0 0 0 4 0 0 0 0 0 -2 0 0 2 2 0 -2 -2 0 0 0 0 2 -2 0 0 1 0 0 0 0 0 0 2 -1 0 2 0 2 0 0 0 0 0 -4 2 0 0 34 0 0 7 -2 3 0 1 0 0 -6 2 0 0 -2 0 0 0 -2 0 -4 0 2 0 0 -4 -4 0 0 0 0 -4 -1 -4 0 -4 0 0 0 0 0 0 0 -2 0 -4 1 0 0 2 -2 0 0 0 0 0 0 0 -2 -2 0 0 0 4 0 0 0 0 -1 0 1 -2 0 2 0 0 0 2 0 0 -4 0 0 -1 0 0 2 2 2 4 0 2 0 -2 0 -2 0 1 0 -4 -4 0 0 -1 4 0 -4 0 0 -1 2 2 -2 0 0 -4 2 0 0 0 1 0 0 -4 0 0 -2 0 -8 0 -2 0 0 0 2 0 0 4 0 0 2 -2 0 0 0 2 0 0 0 2 0 -4 0 0 2 5 0 2 -2 0 0 1 0 0 -1 4 0 0 4 -2 2 0 0 -1 0 -2 -3 0 0 0 0 2 2 4 -2 2 0 -2 0 0 -4 0 0 -4 0 0 -4 4 0 4 0 2 0 0 0 6 0 0 0 0 0 -2 0 -4 0 0 0 0 0 0 0 2 0 -8 0 4 -2 -1 2 0 -1 0 2 0 4 0 0 0 -2 2 0 0 0 1 0 0 2 -4 1 4 -1 0 0 0 0 2 4 -2 4 -4 0 -2 0 0 0 0 0 0 -2 -2 -2 2 -4 0 0 0 2 2 0 -4 -10 0 4 2 0 8 0 0 -1 0 0 2 0 0 0 0 0 0 0 4 0 -4 0 0 0 0 -2 2 1 0 -2
0 -4 -2 0 -4 0 0 0 0 0 0 -4 -4 0 3 4 0 -2 0 0 -4 -2 -4 8 -1 -4 0 4 0 -2 -2 0 -4 4 0 2 -2 -2 1 -2 -1 -1 2 -4 0 -4 0 2 2 0 56 2 1 0 -4 0 0 0 2 0 -4 -3 3 0 2 8 -4 4 -1 0 4 0 -6 0 1 0 0 0 0 -4 -4 0 3 -2 4 4 0 1 2 2 0 0 -1 2 -4 5 4 -10 0 3 1 0 4 -8 -4 -1 3 -2 0 5 2 -4 -2 2 -3 -6 0 2 2 0 0 0 2 1 4 0 -2 1 0 4 -1 -4 2 -5 1 0 0 4 2 -2 0 3 -4 0 0 -4 0 4 0 0 0 0 0 0 -3 2 2 0 0 -1 2 -2 3 0 0 0 0 -2 -2 0 0 4 2 0 0 -2 0 0 0 -2 -2 0 -2 0 0 0 4 -1 0 2 0 0 -4 -4 2 3 0 2 0 0 -3 -3 4 0 -1 -2 0 2 -2 4 -3 2 0 0 -1 9 -2 0 2 0 1 4 0 0 -2 7 1 -2 -3 4 -1 -4 -2 2 -2 2 0 2 0 -2 1 6 2 0 0 -2 0 4 2 1 0 0 -4 -6 0 0 -1 -2 0 -2 0 0 1 0 -5 -1 0 2 0 2 0 2 -9 -2 -4 4 -6 0 -1 0 -2 0 4 2 0 4 0 2 4 0 3 0 6 0 -2 10 0 -2 4 0 0 -2 1 -4 4 0 -4 6 0 0 2 -2 -4 4 0 2 0 0 4 -4 0 0 0 3 0 0 0 -4 4 0 6 0 8 1 4 -2 0 -2 0 0 -2 0 5 -3 -6 6 0 2 0 0 -2 4 4 0 2 0 4 -4 1 0
-1 0 0 -4 0 4 2 0 1 2 0 0 4 2 0 0 4 0 0 6 -4 0 12 -4 0 0 2 2 0 -4 0 0 3 2 0 0 0 7 -4 -1 0 0 0 6 -4 0 0 4 0 0 2 60 2 0 0 0 0 2 0 0 0 4 2 0 2 0 2 0 -4 0 0 0 0 0 -6 0 2 2 -2 4 3 4 0 0 -4 0 2 4 0 2 0 0 0 4 -2 0 0 0 0 4 -4 0 0 -2 4 1 -2 0 0 -4 4 -2 -8 -4 0 -4 0 4 -2 1 7 0 0 0 1 -4 0 2 0 0 0 4 4 -1 2 2 0 2 -6 -4 0 6 -4 -2 4 0 0 0 1 0 0 -4 2 -2 0 6 -2 0 0 -3 6 0 0 -4 -4 0 0 0 0 0 0 0 0 0 6 0 -2 1 -2 -2 0 4 -4 0 0 8 -4 0 2 0 0 0 0 2 0 0 -4 0 0 0 0 1 4 0 0 -3 -6 0 6 0 -2 -4 2 0 -4 2 -4 4 4 3 -4 -2 2 0 0 0 2 0 0 2 0 2 0 0 -4 0 0 -4 0 -2 2 4 -2 2 2 -2 0 0 -2 2 0 2 0 -2 0 0 0 -2 0 0 0 4 -4 6 0 -4 -2 0 0 -7 0 0 0 4 0 4 0 0 0 -1 0 -4 0 -2 -1 0 0 0 -1 0 0 0 0 4 6 4 0 0 0 0 0 -1 1 3 0 -6 0 4 -6 0 -4 0 0 2 0 0 0 2 0 0 -6 -4 2 0 0 4 0 0 0 -4 -4 2 0 2 0 0 0 0 0 6 0 4 0 -2 4 -2 0 4 0 -4 0 -2 -4 8 2 -4 2 0 -2 -4
0 4 2 0 -5 2 -2 0 0 4 14 -6 6 0 0 4 0 2 0 -1 4 0 -3 -3 -6 7 0 0 0 0 1 2 4 -2 0 0 -2 0 0 3 -4 2 0 6 0 0 0 -2 0 7 1 2 85 -7 -6 0 0 2 -2 2 -2 0 -2 8 0 -4 4 -2 4 -5 0 2 0 4 11 0 0 0 4 0 2 -2 -2 -2 6 -2 0 12 -2 0 0 0 0 0 -4 -1 0 0 4 6 2 0 -2 8 1 -4 0 0 0 0 6 0 4 0 -4 2 0 -2 -4 0 -2 0 7 0 0 0 -1 -4 0 2 0 0 -2 1 8 -1 1 -2 4 0 -6 2 -4 0 -1 0 0 0 2 -4 -1 8 1 0 0 1 -3 0 0 4 -2 -5 -4 4 -4 6 -2 -8 4 2 4 0 0 0 0 -6 0 -4 -3 -2 4 4 3 -2 -8 -4 2 -2 0 4 6 0 0 0 8 2 0 -4 0 5 0 0 -6 4 8 6 12 -1 10 0 0 0 0 -2 6 1 4 0 1 -2 6 2 0 0 -6 -1 0 2 2 0 0 8 0 0 0 0 -2 2 0 0 -3 4 6 2 2 -4 0 1 -2 -6 0 3 6 0 4 3 6 -2 -2 2 0 0 0 0 -2 -4 -5 0 -2 -4 -2 0 -3 -2 4 -4 1 -2 -2 1 -4 0 6 -8 0 0 -3 2 0 0 0 0 2 2 0 0 0 -1 -4 0 0 0 2 0 -2 -2 2 2 0 0 -8 0 -4 -2 2 -6 -2 1 2 2 -2 -2 0 -2 0 4 8 2 0 -7 -2 4 1 0 14 0 7 0 0 0 -8 0 0 2 -4 -2 0 2 3 0 0 2 4 2 -2 2 -2 -1 4 0
0 4 0 0 -2 2 -2 -2 -4 0 0 -2 -5 0 2 -2 0 0 -4 0 0 -6 1 3 0 1 0 0 0 -1 0 0 0 0 0 0 -2 2 4 0 1 -2 0 0 -2 0 -6 -8 0 -2 0 0 -7 44 0 2 0 1 0 7 0 0 0 0 -4 0 0 4 0 3 2 -1 -4 0 1 5 -3 0 -4 4 0 4 -2 4 1 0 0 3 4 0 0 -4 0 -2 -6 -1 -4 4 -4 -4 0 2 -2 -2 -2 -1 0 0 0 1 0 -2 -6 0 0 2 -1 0 0 1 0 0 -5 2 -1 -4 -5 2 0 0 0 0 0 1 2 0 0 0 0 0 4 0 0 -8 0 -2 0 -4 -4 4 0 4 -4 0 -2 0 -1 -4 0 2 -2 0 0 2 0 -2 -6 0 -10 0 0 0 0 1 2 0 0 -1 0 0 0 0 0 0 -2 4 -4 0 0 2 2 0 4 0 0 0 -4 -2 4 0 0 0 -2 0 1 0 0 0 1 0 0 -2 1 0 -4 -2 1 -8 0 -4 -4 2 0 0 0 -10 0 2 1 0 -2 -9 -2 0 0 2 0 -1 0 2 -2 0 0 -2 2 3 0 0 0 -2 1 2 0 0 -2 0 1 0 4 2 0 0 0 0 0 0 0 0 0 -1 4 4 4 0 6 -4 6 0 0 -2 -1 2 -3 0 -1 2 0 0 0 2 0 -2 0 -2 0 -1 2 4 1 4 0 0 4 -4 -2 0 0 0 0 0 4 0 4 0 0 -2 4 0 -1 0 -4 2 0 -2 3 0 -8 2 0 2 0 1 4 0 0 4 4 1 2 -2 0 0 -2 0 0 6 0 0 -4 -4 0 0 -2 0 0 -2 2 -2 -2 6
0 -2 -2 2 0 0 0 2 0 4 0 8 2 2 -6 -3 2 0 -4 2 -4 -1 0 0 -4 0 -2 -2 6 1 0 -6 3 -1 0 -2 0 2 0 -3 4 0 0 0 0 0 0 -2 0 3 -4 0 -6 0 50 0 0 0 2 0 -2 0 0 -3 -1 2 -10 0 0 -4 2 4 0 0 1 -4 0 2 1 0 -1 0 2 0 0 2 -2 0 -4 0 4 0 0 4 -4 0 0 0 2 2 -2 0 0 0 6 -2 0 -2 -4 2 -4 4 0 2 0 0 -4 2 -14 2 0 0 0 0 2 1 -2 1 4 -2 0 4 -3 0 -3 0 0 2 0 0 2 0 2 0 0 0 0 0 -4 0 2 -3 0 2 -2 0 0 0 -3 9 4 0 -2 -2 -2 0 4 2 -2 0 -1 0 -5 -2 1 -1 -4 0 0 -4 2 -2 0 -1 0 0 -7 0 0 -8 -2 -2 0 -2 0 2 0 2 0 -4 1 -2 -2 0 4 -8 -4 0 -4 0 2 0 -6 0 2 1 4 2 0 2 2 2 2 0 -8 0 0 0 -1 2 2 2 0 0 -8 -1 -1 -2 0 -1 2 3 0 4 2 6 0 0 -2 0 4 0 0 2 2 -1 1 0 -6 0 0 0 0 0 -1 -5 2 0 0 -2 -2 -2 0 -2 2 -1 0 4 1 0 5 5 0 4 2 0 0 -2 2 0 3 -5 4 -4 0 0 1 0 0 -2 4 -1 0 -2 -4 0 0 2 -3 0 2 -4 1 -4 -4 -4 0 0 0 0 -3 0 -2 0 0 6 4 0 0 4 -2 4 -4 0 0 2 2 0 0 2 0 -1 0 4 6 -1 0 -4 4 1 1 0 -1 0 -4 1 0 4 4 -1
3 3 -2 2 0 2 0 -4 -2 -3 -4 0 0 0 6 -4 -6 0 5 4 -4 -4 -4 0 2 0 -2 1 0 2 3 0 0 0 0 0 -5 0 0 0 1 0 -2 0 -1 0 -2 0 0 0 0 0 0 2 0 42 4 2 -7 0 0 -5 0 -1 0 -4 0 0 0 3 0 0 2 0 -3 0 -5 -1 -2 -1 4 -2 0 2 0 -3 -8 -2 0 0 1 2 2 -6 0 0 0 0 0 0 -1 0 0 0 0 6 1 0 1 0 0 3 0 0 2 -6 1 -4 1 2 -3 0 0 1 -2 -1 0 0 0 0 -2 -2 -2 0 4 0 0 -1 1 0 2 4 0 -3 1 2 0 0 -2 0 0 -1 0 0 2 1 0 -2 0 0 0 -1 1 0 -1 -1 -4 0 1 0 0 2 0 -4 0 1 4 -3 -5 2 0 0 0 0 0 -4 1 0 2 0 0 -3 0 0 0 0 0 -4 2 -1 -2 -1 -1 2 1 0 0 0 0 4 0 -5 0 1 2 0 0 -4 0 -3 0 0 -1 -2 0 0 -2 2 2 2 0 -4 2 1 0 4 2 0 0 0 3 -5 -2 0 2 0 0 0 -3 -6 2 2 0 -2 0 0 -2 -6 0 0 1 -2 0 0 -3 -1 0 0 0 2 0 0 -3 -2 0 0 -2 0 0 2 0 -4 -2 -4 -4 0 -2 -4 0 0 0 0 0 -2 -2 -2 0 2 0 4 4 0 0 0 0 0 0 4 8 4 -1 -3 0 0 0 0 0 4 -5 0 2 1 0 1 -2 -2 1 0 0 -2 0 -4 0 3 0 -1 0 0 2 -4 4 1 -4 0 1 0 -4 0 0 0 0 0 0 0 0 0 0 0 -1 0
-1 2 -2 0 2 0 -1 -4 0 0 0 -4 0 0 4 -1 0 0 0 3 0 -4 -8 2 4 -4 0 0 0 0 0 -2 4 4 0 2 -1 -2 0 2 -3 -10 10 4 0 0 2 0 -4 1 0 0 0 0 0 4 66 4 2 1 0 0 5 -3 2 0 0 0 -6 4 0 0 0 6 4 5 0 0 0 -2 0 0 0 0 0 0 0 2 0 0 0 4 1 2 -4 -2 2 4 -2 0 0 0 -2 2 -2 0 -6 0 0 -4 0 -4 8 0 0 4 -1 2 0 0 4 0 3 0 14 4 0 -2 0 4 2 -2 0 1 0 -4 4 0 0 0 0 4 0 4 0 0 2 -2 6 0 -4 0 -2 0 -2 0 0 0 4 6 4 -4 0 0 4 4 0 3 0 0 -4 0 0 0 0 0 1 -2 0 0 0 0 2 0 0 -4 0 1 12 0 0 -2 -4 0 -2 0 -2 -1 2 0 0 0 0 2 0 -2 0 -4 2 -2 0 2 0 -4 0 0 4 0 1 2 -1 0 4 0 -3 0 0 0 0 4 0 4 0 0 0 0 0 -2 0 3 0 2 -4 0 0 0 -4 0 -4 -6 0 14 6 0 0 -2 0 0 -4 0 -2 1 -2 -1 0 4 0 0 4 0 2 0 4 0 0 -2 8 0 0 0 -4 0 -10 0 0 0 0 -4 0 0 4 0 -2 0 0 0 -2 2 0 4 0 5 0 -2 -2 6 0 0 -4 -1 2 0 4 -5 8 0 4 9 0 2 0 -1 6 4 0 2 0 0 1 -1 2 0 0 0 2 0 0 6 0 -1 2 0 2 -2 2 8 -8 2 0 0 0 0 -4 6 4 2 0 0 -1 0
0 0 0 0 0 0 0 0 0 4 0 0 0 2 4 0 0 4 0 0 8 -2 0 3 0 -2 2 4 0 -2 -1 4 -4 -1 -2 0 -3 0 0 0 0 2 0 -4 3 0 0 0 0 0 0 2 2 1 0 2 4 66 10 -3 0 0 -6 2 1 0 0 0 0 4 0 4 5 5 0 3 -8 0 0 -4 0 0 0 -2 -3 0 0 10 -1 4 0 2 2 -6 -1 0 0 0 0 -1 0 0 0 2 0 2 -1 -2 4 0 -3 4 6 -2 2 0 0 0 2 -3 4 0 0 1 -1 0 -2 -1 0 4 4 -8 0 2 6 -2 0 0 6 6 -2 1 0 0 1 -4 -2 -4 -2 -4 0 0 1 0 2 2 -3 0 2 2 3 2 4 -2 8 1 -1 0 0 0 4 0 -6 6 -1 0 4 -4 0 0 -2 -2 4 -1 4 0 2 2 2 0 2 1 -2 -4 2 -8 0 -2 2 -2 6 -4 2 0 5 1 0 1 -8 0 2 0 -4 4 0 -2 0 0 0 0 2 0 0 -1 8 1 0 0 0 0 0 0 -3 0 -2 1 2 0 0 0 0 -2 0 4 -9 8 0 -6 6 -2 3 -1 0 2 0 -1 2 7 -1 -4 0 6 -2 0 4 0 4 0 6 0 -4 -2 -3 4 -4 0 -2 -1 2 4 0 -2 -2 1 -5 -1 0 0 0 -4 -2 0 0 -6 0 0 -4 0 0 2 -6 4 1 -1 0 6 -4 -2 -4 4 -4 0 0 -1 0 2 -4 -10 -4 -5 0 4 3 0 -1 -4 -1 0 -2 -4 4 0 -4 0 -4 0 4 0 0 -4 0 4 -4 0 0 5 0 0 7 -1 2 -1 0 0 -6 4 -2 -3 4 -2
-6 -1 4 0 1 -2 2 0 0 2 -4 1 1 0 -2 0 10 -4 -1 -4 2 2 0 0 0 8 4 0 -8 8 -2 -1 -4 0 -4 8 -2 4 -4 2 0 -5 -2 0 4 0 0 0 -5 0 2 0 -2 0 2 -7 2 10 77 0 0 -2 0 4 0 0 -1 4 -3 2 2 0 2 -4 0 2 2 0 -2 5 0 0 3 0 8 4 8 7 -2 0 1 3 0 2 0 2 -5 0 -3 6 0 4 2 2 -3 -4 -3 0 6 0 -4 0 -2 2 4 6 0 1 -2 -4 -2 -2 -1 0 4 1 0 0 3 2 0 -2 -4 -2 -2 5 8 -4 2 0 1 0 0 0 -2 2 -2 2 6 -4 0 -2 0 4 6 -1 0 -4 10 3 1 0 -2 2 3 4 4 -3 -2 -2 0 0 -4 0 0 6 2 -2 -4 0 -3 -2 0 2 0 0 4 -4 0 -1 1 1 6 2 4 -2 0 4 4 -1 4 -2 2 0 6 0 -6 -2 -5 -4 4 8 -2 -4 2 -1 6 6 0 10 2 0 2 8 7 0 0 0 0 -4 -5 1 3 0 0 2 2 0 0 2 -1 0 -1 4 0 0 -10 2 10 2 4 0 4 2 2 3 -3 2 -4 1 6 0 2 -2 2 4 4 -4 -2 5 -3 -2 -3 -1 -2 0 -4 0 -2 -3 1 0 -2 -2 0 2 -4 0 0 3 0 0 4 -5 1 -2 4 2 4 0 -2 4 2 0 -2 -2 0 4 -4 2 0 2 0 0 1 0 0 2 5 -6 -2 2 1 -1 2 -4 8 -2 0 5 2 2 -5 0 4 -2 0 3 0 -6 -1 0 -2 8 -1 -2 3 0 -3 0 4 -2 0 0 0 -2 -2 6 0 0
-4 -2 -2 2 -2 -1 -1 -2 0 4 0 -6 -2 -2 -2 -1 0 2 0 -1 4 -4 4 3 -1 -1 2 0 0 6 -8 -4 0 1 0 2 2 4 4 0 -2 6 -2 0 -4 0 -2 -10 0 -6 0 0 2 7 0 0 1 -3 0 53 -2 0 1 2 0 0 -1 3 -4 -1 0 -6 -6 0 4 1 7 4 0 2 0 4 2 2 4 0 0 2 1 4 0 -2 0 8 0 -3 -2 6 -3 -2 0 2 0 -4 2 0 4 4 2 0 4 4 4 -1 0 0 2 0 0 0 2 0 0 4 4 0 -2 -6 2 2 0 0 -2 -5 -2 2 0 0 6 -4 4 0 4 0 0 -6 0 0 2 1 0 -2 -2 0 4 0 0 -6 2 0 2 6 -2 6 0 0 0 0 6 -3 0 0 0 0 0 -2 2 -2 -2 0 0 -2 0 -4 -2 -2 0 4 -8 0 0 0 0 -2 0 0 0 0 6 0 4 -1 -4 0 3 0 -1 -1 0 0 -8 0 0 0 5 0 0 4 2 -1 -8 2 0 -1 -2 -1 0 6 4 8 0 0 -5 2 4 0 0 4 8 -4 0 0 2 0 -3 4 -4 0 -2 -2 0 -3 -4 0 -4 1 0 4 2 0 1 -2 1 0 2 0 0 -3 -4 -4 2 -8 1 3 4 -2 0 0 0 0 0 -2 6 -4 0 5 4 1 0 0 4 1 0 2 0 -7 0 0 2 -2 0 0 2 2 0 -2 0 6 -6 -1 0 0 0 0 -4 0 0 -1 4 1 0 0 0 0 7 0 0 0 5 -1 3 -2 -2 -4 -6 4 4 -1 0 0 0 -1 0 2 0 0 6 -4 -2 -2 0 0 0 2 2 0 2 0 -1 5
-6 -2 0 0 -2 2 0 0 0 4 3 6 0 1 0 0 0 0 0 -1 0 0 -2 4 2 0 2 -2 0 0 2 0 0 0 0 0 0 0 -4 2 2 -1 -4 2 -1 1 0 2 2 2 -4 0 -2 0 -2 0 0 0 0 -2 35 2 0 0 0 0 0 -2 0 -2 -2 1 0 -1 -4 2 1 0 4 0 0 -1 2 4 2 0 2 -4 0 -2 0 0 0 -4 -2 2 0 0 0 -3 -2 2 0 2 1 0 0 0 -2 0 0 2 -1 0 0 0 4 -2 5 0 0 0 -1 0 0 4 4 0 0 0 -2 0 6 0 0 1 0 4 0 0 0 -4 0 0 0 1 1 0 0 0 -2 4 -1 -4 0 -3 2 1 0 -4 1 2 -4 0 1 0 0 0 0 0 0 0 3 0 0 4 0 0 -4 0 0 -1 0 4 0 -1 -2 3 1 0 4 0 0 0 0 0 0 -4 2 0 1 0 0 0 0 0 -2 -1 -2 0 2 0 0 1 2 0 0 0 -6 0 2 2 -2 0 0 -2 3 2 2 2 0 -4 0 0 4 0 -4 6 0 2 0 2 0 0 0 -2 0 -2 4 0 0 0 0 0 0 0 4 0 1 0 4 0 2 -4 2 -4 0 -4 2 0 4 0 0 1 2 -6 -3 4 -4 7 0 0 0 0 0 0 0 -10 4 0 -1 0 -4 4 0 4 0 -2 -2 0 0 -1 -4 1 0 1 -4 -4 -4 0 0 0 0 -8 0 -4 -2 0 -1 2 4 0 0 0 0 0 -2 0 -4 4 -1 0 0 0 -2 2 0 -2 0 0 0 0 -4 -1 0 0 0 -2 0 0 -4 0 0 -1 1 2 4 0 -7 0
0 2 0 0 0 -2 0 2 2 0 4 0 0 0 2 4 0 -5 0 4 5 4 0 9 1 2 8 -2 0 0 -2 0 0 0 0 4 4 4 0 2 0 -4 4 0 -1 4 -2 0 0 0 -3 4 0 0 0 -5 0 0 -2 0 2 64 4 2 -4 0 0 -4 -4 0 0 4 0 0 0 0 -5 0 4 0 -2 4 2 -2 0 0 2 0 -1 4 1 0 2 0 0 1 0 0 0 0 4 0 0 3 4 0 4 0 4 2 10 0 -2 2 5 4 0 4 0 0 4 0 1 2 4 0 -2 0 2 0 0 0 0 2 -6 0 -4 0 0 0 0 -2 4 0 0 -3 0 2 2 0 0 0 -2 0 -2 0 0 0 4 1 -3 -2 2 0 0 2 0 0 0 0 4 2 0 0 0 14 0 0 4 -2 0 0 0 -1 -2 4 1 0 0 -2 0 0 0 1 4 0 -4 10 0 2 -3 6 0 2 0 -4 -6 0 1 4 0 -5 0 1 -2 0 -2 8 0 2 4 0 0 7 4 2 0 1 0 0 0 4 -3 5 0 -4 0 0 -2 0 -1 0 4 4 -6 0 0 4 0 -2 0 -2 0 0 0 -2 5 0 4 0 0 0 -1 0 2 2 -2 -3 0 0 0 0 0 -1 2 4 4 0 4 2 -2 4 8 4 4 0 0 0 0 0 0 -2 2 -2 -1 0 2 0 -2 0 -2 0 2 4 -4 4 0 4 0 -4 -2 -2 0 2 2 8 1 0 -4 4 -2 0 2 2 -2 4 1 0 0 -2 4 0 0 -2 0 -2 0 0 6 2 0 -2 1 -1 9 0 0 0 2 6 2 0 0 -4 -2 2 0 2 0 0
0 0 0 0 0 0 0 -2 0 -3 0 0 0 0 2 -1 0 0 0 0 0 1 0 2 0 2 4 -4 -4 0 0 0 0 0 2 2 4 -2 0 0 0 -2 -2 -4 0 0 0 -2 0 0 3 2 -2 0 0 0 5 -6 0 1 0 4 37 -2 0 4 1 0 1 0 0 0 0 0 0 -2 0 0 0 2 0 0 -2 0 0 -4 0 -8 0 -4 0 -4 0 0 2 0 0 -2 2 1 2 2 4 0 -2 0 0 0 0 3 0 -2 -2 0 2 -2 -4 0 -4 -2 4 0 0 0 6 0 0 0 0 0 -2 2 -2 -1 -1 0 0 2 0 -2 0 2 0 4 2 -3 2 0 4 0 0 -6 2 0 -6 0 0 0 0 0 -4 0 -2 -3 2 0 0 -4 -2 -2 -4 2 0 -5 0 0 0 -2 0 0 -2 0 0 5 -2 -2 0 -3 0 0 -1 -4 -4 4 1 0 -6 -4 0 0 -6 -1 0 2 0 0 2 0 2 0 0 0 -1 0 0 1 -4 2 1 0 4 0 0 0 0 -2 0 2 0 2 0 0 0 0 2 -2 0 6 0 0 0 2 -3 0 0 0 -4 0 0 -2 2 2 2 -2 2 -2 0 0 0 0 0 0 10 0 0 1 0 0 0 0 0 0 0 -4 0 -2 0 0 0 -2 0 0 2 -1 4 -4 4 -4 0 0 2 1 -4 -3 0 0 0 4 -2 0 0 -2 0 0 4 0 0 0 -2 1 0 0 4 -2 0 -4 4 1 2 2 0 -2 0 0 2 2 0 0 1 0 0 0 2 -1 0 0 -4 4 0 0 -2 0 4 0 0 -2 0 0 4 2 1 0 0 4 0 0 0 -4 0 0
-1 -6 8 0 0 0 0 0 0 2 5 0 -6 4 0 2 4 0 0 4 -1 0 2 0 0 4 2 -4 2 -5 -4 0 -2 0 -1 0 4 -4 0 0 2 0 4 0 0 0 0 -4 0 -2 0 0 8 0 -3 -1 -3 2 4 2 0 2 -2 53 4 -2 -2 2 0 2 0 0 6 0 0 6 2 4 0 4 0 0 8 0 2 0 2 0 0 -1 0 0 1 4 -4 0 -2 0 0 -2 0 -4 0 4 2 6 0 8 0 0 2 0 0 2 -2 0 -4 0 0 0 0 0 4 -3 -2 0 -2 0 0 -2 2 0 -2 1 0 -4 0 -5 8 2 2 0 0 -1 2 2 0 0 3 -4 0 4 0 -4 4 0 0 0 2 0 0 -1 0 0 5 0 -2 -2 -2 4 2 0 0 0 0 0 -1 6 0 3 3 -4 -4 1 -5 4 4 -8 0 -4 0 -8 0 0 8 0 -2 0 0 1 0 4 2 -4 2 0 4 -6 0 0 0 0 0 0 -2 -1 0 1 1 1 0 -4 8 0 7 2 0 0 0 -4 1 -4 0 0 4 4 4 4 0 -1 2 0 6 0 -7 0 0 -4 4 4 0 0 2 0 -10 0 0 0 -8 0 -2 1 0 2 -1 1 0 4 2 2 -5 2 -8 0 0 4 2 -2 -1 0 1 -1 0 -6 0 0 -4 0 0 0 -4 0 10 0 0 2 4 0 0 0 0 0 0 0 6 0 0 2 3 2 -6 0 0 2 -4 -6 0 1 0 4 0 -2 -4 -4 1 -2 -2 1 -2 -3 1 2 -2 0 0 0 -2 0 0 4 0 -1 0 4 0 6 0 0 0 6 -2 0 0 6 0 0 0 -2 2 2
0 0 0 0 2 0 0 0 0 0 0 0 2 0 -2 0 4 0 0 -6 0 -2 0 0 4 0 0 0 -2 -2 0 0 0 6 -2 0 -2 4 0 0 4 0 0 0 2 4 0 4 0 0 2 2 0 -4 -1 0 2 1 0 0 0 -4 0 4 42 0 0 0 -4 2 0 0 0 0 -5 2 0 8 4 0 0 0 4 0 0 0 0 -2 0 -4 0 0 0 0 4 0 -4 0 0 0 2 0 2 2 4 0 0 2 0 0 0 -4 0 2 0 4 2 0 0 -2 0 0 0 1 -2 -4 0 4 0 0 0 4 -2 0 2 8 0 0 0 0 0 2 0 4 3 2 0 2 2 0 0 0 0 2 -4 0 4 -2 2 -6 0 0 0 0 2 0 -3 0 -4 4 -4 0 1 0 0 1 -4 0 -4 0 4 -4 0 -2 0 -2 8 0 0 0 0 4 0 0 -8 0 0 2 0 0 0 -2 4 0 2 0 0 -4 0 -2 0 0 0 0 0 0 0 -2 0 2 0 0 0 0 0 -2 0 0 0 -2 0 4 4 0 2 0 0 6 0 -2 2 0 6 2 0 2 0 0 -2 2 0 0 2 -2 8 1 0 2 -4 0 0 0 0 2 0 0 2 -4 2 2 0 0 0 0 4 4 -4 0 0 0 0 0 0 0 -4 0 0 0 0 0 -4 0 2 -4 0 0 -1 0 0 0 0 0 -2 -8 4 -4 0 0 0 4 1 0 0 0 4 0 0 -2 4 0 0 0 -4 0 0 2 0 0 0 2 0 0 -4 0 4 0 -4 -2 2 6 0 2 0 0 -4 0 0 0 1 -1 0 0 -8 4 0 0 0 0 -4 0
0 0 -8 0 0 0 2 2 0 2 -4 0 2 0 -4 -2 0 -4 -4 4 -8 -2 4 4 0 -6 0 -4 -5 0 0 -4 2 0 -2 0 0 0 0 0 0 0 0 0 2 0 -2 8 0 0 8 0 -4 0 2 -4 0 0 0 0 0 0 4 -2 0 35 -8 0 0 0 1 0 0 0 0 0 0 0 2 -2 -2 0 -4 -2 0 0 -4 -4 0 4 0 -2 0 0 2 4 0 -2 0 2 2 0 4 -2 0 0 2 0 0 4 2 2 0 5 -2 -4 0 0 0 0 0 0 0 0 2 -2 0 -2 0 4 0 -1 -1 0 0 -2 0 6 -2 0 3 0 0 4 4 0 0 0 0 1 0 0 0 0 -2 2 0 0 0 1 0 0 2 -8 0 2 1 0 -8 0 0 4 4 0 2 0 0 0 2 0 -2 0 2 0 1 4 0 2 2 -4 2 -4 0 -2 0 0 0 4 0 0 0 0 0 -4 5 0 -4 0 4 -1 0 2 0 0 0 4 0 0 0 1 0 4 -4 1 0 0 2 -4 -2 1 -4 2 0 2 0 0 0 0 0 2 0 -2 -2 0 -2 0 0 0 2 6 0 0 -4 2 -4 4 0 0 2 0 -2 0 4 0 -4 2 -1 -2 2 0 0 -2 0 0 0 0 0 0 0 0 0 0 2 5 0 0 0 0 4 4 0 0 0 0 0 2 0 -2 0 0 0 0 0 0 0 0 0 0 0 0 4 0 0 1 -4 -4 0 -6 0 0 2 0 0 2 0 6 0 0 0 -4 2 0 0 0 0 -2 -2 0 0 0 -6 0 -2 0 0 -2 0 0 2 0 0 2 0 0 0 0 4 0 0 4
2 -2 2 -2 0 0 -1 2 0 0 0 -2 0 0 0 2 0 -4 0 -3 4 10 4 -4 0 -1 0 4 0 0 0 4 0 0 0 -2 0 0 0 0 -5 0 0 0 0 0 0 2 -6 0 -4 2 4 0 -10 0 0 0 -1 -1 0 0 1 -2 0 -8 51 -8 0 0 0 -6 -2 0 -2 0 0 -2 -2 0 0 0 -4 0 4 2 4 0 0 0 4 0 -2 2 4 0 -1 2 0 9 0 -7 0 -1 -10 0 0 0 0 1 0 0 -2 -2 -3 2 -2 0 -2 0 -2 0 -2 0 8 2 2 0 -2 2 -4 -1 0 -3 0 0 8 0 -2 -2 -4 0 0 0 0 -2 0 -6 0 -3 0 4 2 8 4 0 0 0 0 0 0 0 0 4 0 -4 -4 -1 4 -4 0 1 0 2 -2 1 0 -1 0 0 2 0 0 1 0 -8 -4 4 0 4 4 2 1 4 -6 0 4 -4 -1 6 -4 -1 0 0 -4 3 4 -4 1 2 -2 1 0 0 0 -3 0 0 -2 0 0 0 0 -8 -4 -2 -1 2 0 8 -2 2 0 -2 2 0 0 0 0 -2 -2 0 0 8 0 -6 0 2 -2 0 -1 -5 0 -2 -1 1 0 2 6 0 12 -2 -2 0 1 0 0 0 0 2 0 -2 3 2 0 0 5 0 0 0 -4 0 0 -4 0 0 0 0 -4 -2 -4 0 0 -5 4 -4 0 0 0 0 0 8 0 2 0 2 2 0 4 0 -1 2 2 -2 0 0 0 2 0 -4 0 4 1 -4 -1 -4 0 0 1 0 0 0 4 2 0 4 0 -1 -2 0 4 1 -2 0 -4 2 0 0 0 0 0 -4 0 2 -6 -2 0 0 0 -2
4 0 -6 0 4 -3 0 0 2 0 0 0 1 -8 0 0 0 8 0 -2 -2 -10 4 0 0 -4 4 2 0 6 0 0 0 0 -3 0 -2 1 -4 -4 4 6 0 0 8 0 2 -2 12 -2 4 0 -2 4 0 0 0 0 4 3 -2 -4 0 2 0 0 -8 70 0 4 0 8 -4 0 0 0 0 0 6 4 -2 0 -2 -2 4 2 4 3 2 -1 0 2 0 -4 1 1 0 -8 1 -2 0 0 0 0 -2 0 -2 6 8 0 2 -2 -4 -3 6 0 0 -2 -2 -1 -4 0 0 1 0 0 -1 0 0 -3 0 0 -4 -2 0 2 4 0 0 0 0 -2 0 -1 -2 0 -2 12 0 0 4 0 4 0 0 0 0 -4 4 0 0 0 0 0 0 0 0 2 0 6 2 2 4 0 0 -4 0 0 -4 6 1 0 0 -4 0 -2 0 -2 0 2 0 -1 0 4 2 0 0 0 0 0 -6 1 6 0 0 -2 3 3 0 -4 0 0 0 2 -4 0 0 0 -4 3 -6 2 0 0 -4 8 0 1 -1 8 0 2 0 -4 0 3 0 2 0 2 4 4 -8 0 0 0 1 -4 0 -2 2 1 -4 -8 -4 0 1 0 0 0 -3 -6 -1 0 0 -4 2 0 0 0 -2 2 3 0 -2 -2 2 -2 0 -4 0 -6 -4 -2 -3 0 4 4 0 0 0 0 -6 0 0 -4 0 10 -2 2 0 -2 0 -2 6 2 0 0 -2 2 8 -4 0 2 -4 2 -2 0 -1 9 0 4 0 -2 4 0 0 2 4 1 2 2 0 2 2 0 0 1 -8 0 -4 0 0 0 -4 2 0 0 -4 -4 -4 0 2 2 4 -2 0 -2 0 1
0 -2 0 0 -1 2 0 -2 0 -5 0 0 0 0 0 0 0 0 0 -2 0 1 0 -2 -4 2 -4 0 0 -4 0 2 0 0 -4 0 -2 2 0 0 0 8 1 0 -2 0 0 -4 1 0 -1 -4 4 0 0 0 -6 0 -3 -4 0 -4 1 0 -4 0 0 0 46 0 0 0 0 0 4 0 -4 0 0 2 0 -4 -1 0 -4 0 -2 1 0 0 4 0 0 0 0 -2 0 0 -1 2 0 0 4 0 -1 10 1 0 0 0 4 4 0 0 8 -1 0 0 0 0 0 -8 -10 -1 0 1 0 1 0 0 0 0 0 1 0 -2 -1 0 4 -8 1 2 0 -4 0 0 0 0 -4 0 0 0 -2 0 -4 0 0 0 -2 0 0 0 0 0 2 0 0 0 -2 0 8 1 -9 4 2 -2 0 0 -8 0 0 0 0 3 0 -2 0 0 4 0 8 2 3 -2 0 0 2 0 0 0 -2 -4 0 -2 0 12 8 2 -2 4 -1 4 -1 0 0 0 -2 4 1 -2 4 0 -2 0 0 -3 -5 -4 4 0 -1 0 0 0 2 0 0 -4 0 0 0 -2 4 0 0 0 4 0 2 -1 0 0 -2 0 0 0 0 0 0 1 -2 0 0 4 -2 -4 -2 0 0 0 -4 0 0 0 0 -2 1 0 0 0 0 2 0 0 0 -4 2 0 4 0 0 1 0 0 -4 4 0 0 0 2 0 0 0 0 0 -4 0 -4 0 6 2 0 0 0 -4 -6 2 -1 0 0 0 0 0 0 0 2 -2 0 0 4 0 8 0 2 3 0 2 -1 -4 -2 0 0 2 0 -4 -4 -4 -1 0 2 0 0 4 0 -2 0 0 -2 3 0
4 0 -2 0 4 0 2 0 2 -2 -6 0 -4 0 0 2 -2 0 0 1 -2 0 0 0 0 6 -6 0 1 -4 0 4 0 6 2 0 0 0 0 0 -1 -4 0 -4 0 0 -1 2 -2 -4 0 0 -5 3 -4 3 4 4 2 -1 -2 0 0 2 2 0 0 4 0 61 -1 2 0 -2 0 5 -6 0 -2 6 -6 0 0 -3 0 0 4 -2 -4 -4 0 2 0 0 -4 4 0 2 0 0 -3 6 0 2 0 4 1 8 0 0 -5 0 -4 0 0 0 0 0 2 0 2 0 2 2 4 1 -2 1 0 0 0 1 1 -4 -2 2 -4 -2 2 0 5 4 2 3 1 2 0 -2 0 4 3 2 0 0 -2 0 -4 -2 4 -3 -2 2 0 2 4 -2 1 0 -3 0 0 4 -4 3 4 0 4 4 4 2 0 0 0 0 0 0 0 -2 0 -2 0 4 6 0 0 -2 0 0 0 -2 0 0 -2 0 3 -2 0 0 -1 1 4 0 -2 4 -5 0 4 0 0 0 0 3 8 0 0 0 -2 0 1 1 -8 6 0 0 0 -2 -4 -1 0 8 0 -4 6 0 2 6 2 -2 2 1 4 2 0 2 -1 4 0 4 -2 0 -1 0 0 0 0 -2 1 2 0 4 2 0 4 -1 -12 4 6 0 2 -2 -4 0 0 -3 -6 1 -2 3 0 2 4 9 0 2 0 0 2 0 -1 5 -4 0 0 -2 0 -2 0 0 2 0 4 -2 0 -5 0 0 -4 4 2 0 -4 5 0 2 0 0 0 0 0 6 1 -2 2 4 0 0 0 4 0 -4 0 0 -1 0 -1 0 0 0 -4 2 0 0 0 2 4 -2 0 0 3 -6
0 0 0 0 0 -5 0 -4 0 0 -4 -4 -4 0 0 0 0 0 0 0 1 0 0 1 4 0 0 2 0 0 0 -2 2 4 -2 -2 0 0 0 0 0 0 0 -4 0 0 0 0 -2 0 4 0 0 2 2 0 0 0 2 0 -2 0 0 0 0 1 0 0 0 -1 31 -6 0 0 0 -2 0 0 0 0 0 0 0 0 -2 0 0 0 -4 2 0 0 0 4 2 0 0 2 0 0 2 0 0 4 0 2 -2 -4 4 2 -4 -4 2 1 0 0 0 0 0 0 0 0 0 0 0 0 0 0 4 0 -2 5 -1 0 2 -2 0 -2 2 2 2 0 2 0 0 0 0 0 -4 0 1 2 0 0 2 0 0 0 0 1 2 0 2 4 -2 0 -2 -2 0 0 0 0 -2 0 0 0 0 0 -1 0 0 0 0 0 0 1 2 0 0 -2 0 -2 2 0 0 -4 0 0 5 0 2 4 0 0 2 0 0 0 0 -1 -4 0 -2 0 4 0 0 4 0 0 0 0 0 0 0 0 0 0 0 -4 -4 -2 0 0 -4 1 0 0 0 -8 0 2 -2 0 1 0 1 0 0 4 0 0 0 0 0 2 4 0 0 0 0 -2 0 0 0 -4 -1 0 0 0 0 4 0 2 0 0 0 0 -4 0 0 0 -4 2 0 4 0 0 0 0 0 0 4 0 0 0 0 0 0 0 4 -2 0 0 0 0 0 0 4 0 2 0 0 -5 -2 1 0 0 0 0 2 0 2 0 -2 -2 0 0 0 0 0 0 0 -2 -2 0 0 0 0 4 2 0 0 0 0 4 4 0 -2 0 0 0 0 0 0 0 4 0 0 0
0 0 0 0 6 2 0 6 0 4 2 0 3 0 0 -2 -4 8 0 0 8 0 4 0 -4 0 0 0 0 0 0 0 -2 -4 0 4 -1 -6 2 2 4 -4 0 4 6 4 2 -1 4 2 0 0 2 -1 4 0 0 4 0 -6 1 4 0 0 0 0 -6 8 0 2 -6 56 6 4 -2 1 0 0 0 4 0 0 0 0 5 -2 0 0 0 0 0 2 0 0 4 -2 0 0 4 0 -4 0 0 2 -2 -2 0 -4 0 -2 0 4 -1 0 8 4 0 4 0 0 4 4 2 -6 0 -2 -2 0 0 0 2 0 -1 0 -2 0 0 2 0 0 -4 2 0 -2 0 0 2 8 0 4 0 -2 -2 0 -2 0 -4 0 0 2 -1 0 4 0 1 0 0 1 -2 6 0 0 0 3 0 2 0 0 0 0 4 0 0 -2 -4 0 -6 4 0 6 0 0 0 0 0 4 -2 6 0 2 0 0 0 0 4 -4 -2 2 0 4 4 0 0 2 0 -1 0 0 0 0 0 0 -2 0 -4 2 0 -1 6 4 8 8 0 0 -1 4 0 0 0 2 1 -8 -4 0 0 -1 0 -6 1 0 0 0 0 0 4 6 6 0 -3 0 0 0 0 0 1 0 -6 0 0 7 6 0 0 -3 0 0 0 4 0 0 2 -4 -3 0 0 0 0 0 4 4 0 0 2 0 0 -2 4 0 -6 0 0 -1 0 0 -4 0 0 0 0 0 -2 0 0 0 0 4 -4 -8 0 4 0 0 -4 2 0 0 0 -4 -2 0 -2 -4 0 0 8 0 0 2 4 -2 4 -2 -2 0 8 0 -4 2 0 4 0 0 0 -4 0 0 0 0 4 0
4 -2 2 8 8 0 7 -2 -2 0 2 -2 2 2 4 8 0 0 -2 2 -2 -7 0 -4 -4 2 0 0 0 -4 -1 0 0 0 0 -2 -2 0 0 -5 -5 0 -4 0 4 0 4 4 2 0 -6 0 0 -4 0 2 0 5 2 -6 0 0 0 6 0 0 -2 -4 0 0 0 6 46 0 0 -2 -4 -1 0 2 0 0 0 -6 -2 0 0 0 -4 0 2 0 0 0 4 0 12 -4 8 -4 0 0 -1 4 4 4 0 0 -1 0 -4 2 0 2 2 6 2 0 5 2 0 0 6 -6 -4 2 0 1 -4 -4 -4 -2 -4 4 2 0 0 -2 0 -2 -2 0 0 0 -1 2 0 0 4 2 0 0 0 -4 0 0 0 8 0 0 0 0 -4 0 0 1 4 0 -2 -4 0 0 0 -2 -2 -1 0 -8 -1 0 2 0 2 4 0 0 0 -4 0 8 -2 -4 -2 0 4 1 0 -2 -2 0 8 1 -1 0 0 1 0 -6 -2 0 2 0 0 1 0 0 -2 2 0 0 2 0 0 0 0 -2 0 -2 0 -2 0 -5 4 -1 0 -2 6 0 0 2 -4 -4 0 -1 0 2 0 0 0 -8 6 -1 0 4 -4 -2 0 1 0 0 1 0 -2 -2 0 0 7 -4 0 2 -1 4 2 0 0 0 0 -2 0 0 0 -2 -2 -2 0 0 2 0 0 0 0 2 4 2 -2 -2 0 0 -4 4 0 0 0 3 4 -2 0 6 -2 -2 5 0 0 2 0 0 0 1 0 0 4 3 0 -4 0 0 0 -2 -4 -4 0 0 0 0 -2 -4 0 0 4 -8 0 -1 -4 0 6 3 0 2 0 4 0 0 -4 4 0 2 3 -1 -3 0
0 5 0 0 0 0 0 0 -4 0 -2 0 0 0 -2 0 0 0 -4 0 0 0 4 0 -6 0 2 0 0 4 2 0 4 6 0 0 -2 -4 0 0 0 4 2 0 0 0 0 0 1 0 0 0 4 0 0 0 6 5 -4 0 -1 0 0 0 0 0 0 0 0 -2 0 4 0 41 0 2 2 0 0 0 0 -2 0 -2 4 0 2 0 0 5 0 0 2 -4 3 -1 0 -4 0 4 0 0 -4 0 7 -8 -1 0 -1 0 -2 4 6 -1 2 -4 0 -2 1 0 4 2 -1 0 2 2 -2 3 2 0 4 0 0 8 0 2 0 0 0 0 0 0 0 0 4 1 -2 0 0 4 0 -2 -4 0 0 1 4 0 0 0 -2 0 0 4 0 5 -4 0 4 0 3 0 0 0 1 0 -4 0 4 0 0 1 2 -1 0 0 2 -1 2 0 0 0 5 4 -4 -4 -2 2 2 0 0 0 2 -4 0 2 0 0 4 0 0 0 0 -2 0 2 6 4 4 0 -4 0 4 -4 -4 4 2 0 2 0 4 2 -4 0 0 -4 2 0 -2 0 0 0 0 4 0 0 0 -2 0 -2 4 2 0 0 8 0 0 0 -1 0 0 0 0 0 0 4 -8 0 2 0 0 0 1 0 2 0 5 -2 0 -1 -2 0 2 -4 0 0 8 0 0 0 0 0 0 2 0 0 0 -4 0 0 -2 0 -1 4 0 0 0 2 0 6 0 8 0 6 0 0 0 -2 -3 0 4 2 3 -2 2 0 -4 -4 0 0 -5 2 0 3 8 4 -4 0 2 4 0 2 0 0 0 3 -2 2 0 -1 -2 0 4 -2 1 0 0 0 0 4
3 0 0 0 -4 0 4 -2 -6 -1 0 -4 -2 -4 0 -4 2 -8 0 -2 1 0 1 -1 0 7 -2 0 0 0 0 1 0 0 -8 0 6 0 3 4 0 4 4 4 0 0 -2 0 -4 -4 1 -6 11 1 1 -3 4 0 0 4 -4 0 0 0 -5 0 -2 0 4 0 0 -2 0 0 61 0 -4 0 0 -2 0 0 -6 -4 0 1 2 2 0 0 4 -2 0 8 -6 1 0 4 -4 4 0 4 4 4 -4 2 0 0 4 0 -4 0 0 -2 0 0 -4 -4 -1 4 -9 0 -1 0 -4 0 1 -4 0 -2 0 2 -4 5 4 -6 -4 0 -2 -2 1 4 -4 0 0 0 2 0 0 0 2 6 0 2 -1 0 -5 0 0 -1 0 0 4 0 2 6 0 0 4 0 0 2 3 4 0 -1 -2 -2 0 4 -2 2 6 0 0 0 2 -4 0 0 4 3 -4 0 0 0 0 0 0 0 4 0 -2 -2 -6 10 0 0 0 -2 -5 5 0 0 -2 0 6 -4 6 1 4 0 0 -4 0 2 0 0 0 2 0 1 -2 0 0 -4 0 -2 -2 6 -2 0 3 0 0 0 2 0 3 -3 2 0 2 2 -2 -4 -5 2 0 4 -2 0 0 0 0 2 0 4 -4 0 -4 -4 1 -4 0 -2 0 0 0 0 0 -4 2 0 4 0 0 4 4 4 -1 0 4 6 5 4 1 0 0 0 0 0 0 0 0 -2 0 4 1 0 1 1 0 -4 4 4 0 0 2 0 0 -4 0 -3 0 0 -2 4 4 -2 0 -2 -2 3 -8 0 0 0 4 0 0 -4 4 -2 2 3 0 6 4 1 0 0 1 0 -4 8 0 0 2 8
0 4 2 4 0 4 0 2 -2 0 8 -2 -4 0 1 4 0 0 0 -1 0 0 -2 3 0 4 0 0 2 0 4 4 0 1 -2 0 -2 -2 0 0 2 4 4 4 0 0 -4 -2 0 -4 0 0 0 5 -4 0 5 3 2 1 2 0 -2 6 2 0 0 0 0 5 -2 1 -2 2 0 55 0 0 0 2 4 0 2 5 12 0 -4 0 4 -2 -4 0 2 0 -6 0 -2 2 -2 0 4 -2 2 4 1 0 -2 4 4 0 0 0 2 2 -2 0 4 2 0 0 0 0 -4 2 1 14 0 0 0 0 0 -2 2 2 2 -4 0 -2 4 2 0 0 0 -2 2 2 0 -4 -4 0 0 3 2 0 0 0 0 -2 4 6 -4 0 -4 0 1 0 -8 -1 -2 -4 0 0 6 -3 0 0 -4 1 -5 0 4 0 -6 -4 -1 2 0 -4 8 -4 0 4 4 4 0 0 2 0 2 4 0 0 2 0 0 0 0 0 -1 -2 2 -2 4 0 -1 1 2 -4 0 0 2 0 8 1 3 1 -2 0 1 -3 -4 1 -3 0 8 2 0 -3 0 3 0 0 6 0 1 8 0 0 2 0 0 6 -2 -4 0 -1 2 4 -2 0 0 2 4 -3 0 0 2 2 2 6 -4 -4 -3 2 0 0 4 0 0 0 0 0 -8 -2 -2 -4 2 2 0 2 8 0 0 0 2 -3 2 4 -1 0 -4 -6 0 0 2 2 0 0 -2 -2 4 -2 -2 2 4 -6 4 1 0 -3 4 -2 0 -4 5 -2 4 0 -4 8 0 0 0 0 4 2 0 -2 0 -4 0 4 1 2 4 2 0 0 0 -6 0 0 0 -2 2 -4 0 0 0 -2
-6 -3 2 2 -1 0 -4 0 4 3 -1 2 4 -1 -6 0 0 0 0 -4 1 4 2 -6 2 -4 3 0 0 -4 -7 2 1 4 0 0 -2 0 2 0 -2 0 0 -4 -2 -2 0 0 4 0 0 2 0 -3 0 -5 0 -8 2 7 1 -5 0 2 0 0 0 0 -4 -6 0 0 -4 2 -4 0 58 0 2 0 -4 4 0 1 0 0 0 1 0 -5 0 -2 0 6 3 1 0 0 2 -4 0 0 -2 -4 0 0 0 0 -2 0 5 5 -1 0 1 0 0 0 2 -2 -1 0 -2 2 6 -3 3 -6 4 -1 8 0 0 4 -2 -2 0 -2 -1 0 2 4 0 0 0 0 0 0 1 0 2 0 -5 0 0 1 -4 0 0 0 0 0 0 4 -4 4 9 -4 -4 0 0 0 3 -4 2 0 -2 1 -2 0 0 -1 -2 -4 0 0 0 0 -5 -2 2 0 -1 -4 0 0 2 2 0 2 -4 -1 -4 0 -2 2 0 -1 2 0 -4 0 0 0 3 -2 -6 0 -2 2 -4 0 6 -2 0 0 0 0 4 0 0 1 -2 0 2 -2 0 8 6 0 0 0 0 0 0 0 -2 0 -8 8 -2 2 0 0 4 0 0 4 0 -2 0 0 0 1 2 4 -7 1 0 -2 8 0 0 0 4 -2 -2 -2 -10 2 2 2 -4 0 -4 0 2 0 -1 0 0 2 -2 -2 0 0 0 0 2 -2 8 2 4 -1 -2 0 0 -2 0 0 0 2 0 -1 0 0 -1 5 0 0 -4 0 0 -1 0 6 4 5 0 -2 -2 3 -3 -4 -2 -4 0 1 0 4 0 4 2 -1 -6 -4 8 2 0 0 2 -1 0 0 2 -6 1 -1 4 0
0 0 0 0 -4 0 2 0 0 0 0 2 2 2 0 -4 10 4 0 -4 0 0 2 0 0 0 0 0 -6 4 0 6 0 4 0 0 0 4 0 0 -2 0 0 0 0 -4 2 0 0 0 0 2 0 0 2 -1 0 0 0 4 0 0 0 4 8 0 -2 0 0 0 0 0 -1 0 0 0 0 43 2 4 0 0 0 0 -1 0 2 0 0 0 -2 0 0 4 -2 4 -6 -1 0 0 0 -2 -4 2 2 0 0 0 0 -4 0 2 2 6 3 0 0 0 -3 2 -2 0 0 1 -2 2 3 3 0 0 0 2 -6 0 -2 4 -4 6 4 2 0 0 0 0 2 2 0 0 -1 0 4 0 0 0 0 4 0 0 0 -6 2 2 1 2 4 0 6 -2 0 4 0 0 0 -4 0 0 -4 0 -4 0 0 0 0 -2 0 4 4 0 0 0 0 -4 0 0 0 0 -2 0 -2 0 8 0 4 0 -4 -2 -2 0 2 2 0 0 0 2 0 0 0 -4 0 12 0 0 1 -4 0 0 -2 4 0 2 0 -1 -2 0 0 0 -2 0 0 0 4 1 0 4 2 1 -4 -4 0 4 0 1 -2 4 0 -4 4 0 6 0 0 0 -2 -4 0 2 4 0 2 0 0 0 -4 6 2 2 0 0 0 0 -4 -2 0 0 -4 2 -4 2 0 0 -4 0 0 -2 0 6 0 0 0 4 0 0 0 1 0 -4 0 0 0 4 0 -5 0 0 -2 0 0 2 4 0 2 0 -4 2 0 6 0 0 0 0 0 0 -2 0 0 -2 0 -4 0 6 0 0 0 -4 0 0 0 4 0 0 0 0 2 4 -4 -2 -2 0 -4 0
-4 0 0 -4 4 0 1 1 0 0 -2 0 -4 -4 -2 2 2 0 0 -6 2 -2 8 4 0 -6 0 0 0 2 2 5 2 -1 4 -2 0 2 2 1 -1 -2 0 -2 2 -4 4 4 1 0 0 -2 4 -4 1 -2 0 0 -2 0 4 4 0 0 4 2 -2 6 0 -2 0 0 0 0 0 0 2 2 63 0 -2 -2 -3 -2 0 2 -1 -6 -4 -2 0 8 0 -4 2 0 0 0 2 6 0 2 2 3 -6 0 0 -2 0 3 8 0 2 0 -4 0 4 0 2 -4 0 0 -3 -2 0 4 -4 2 0 0 2 0 7 0 -2 0 -6 4 6 0 2 -4 0 2 -4 -2 -2 -2 -6 -4 0 -4 0 -8 0 2 2 -4 -8 -4 0 2 -6 -4 0 0 -2 -4 -2 2 -2 0 -8 2 -2 3 -6 4 -4 0 6 2 -4 -2 0 4 8 -4 8 0 -2 -2 0 -1 2 0 4 6 -4 -2 6 2 0 -2 4 -6 4 0 2 4 0 -1 0 4 4 0 -1 0 0 -6 4 4 -2 0 0 1 -2 -2 2 0 4 -8 -6 0 0 0 -2 4 0 -7 0 -1 -1 -2 2 2 0 0 -4 4 -2 0 0 8 2 -6 -2 1 0 0 -2 -4 2 -4 2 0 6 0 5 -2 6 1 0 6 6 0 -4 -4 0 0 2 4 0 0 -2 0 0 4 2 0 0 -2 1 -3 -4 0 0 2 -1 0 0 0 4 0 0 2 0 0 0 0 0 -3 0 3 -2 4 0 -3 2 2 2 0 -4 5 -1 2 4 0 0 0 -4 -2 -4 0 -2 2 -9 -1 -9 -1 0 0 0 0 -4 -4 6 -6 2 2 0 1 0 1 0 -3 0 -4 0 -4
0 -1 -4 -2 0 0 6 0 0 -6 0 0 -4 -4 0 6 -8 0 -1 4 -6 2 0 0 -4 4 6 -2 -2 0 -4 4 0 4 0 0 -9 0 0 0 2 1 -4 0 0 0 3 4 0 0 -4 4 0 4 0 -1 -2 -4 5 2 0 0 2 4 0 -2 0 4 2 6 0 4 2 0 -2 2 0 4 0 48 0 0 4 0 0 0 0 2 0 0 0 -1 0 -4 0 4 -4 0 0 0 2 -1 0 0 0 -1 -2 2 0 0 2 -2 -2 -4 4 0 -1 4 0 -2 4 0 1 0 0 -4 -4 0 0 -4 0 8 2 0 4 6 4 -4 4 0 2 4 0 -6 4 0 -1 4 1 -2 0 4 -4 0 0 4 -1 -2 0 0 0 4 0 2 4 0 -2 0 -10 0 0 0 0 0 0 0 1 0 4 -2 2 4 -4 2 4 0 0 -4 4 4 0 0 0 0 0 8 -4 0 1 4 4 6 0 0 -2 0 2 0 0 0 0 0 2 0 0 -2 0 0 2 8 -5 2 8 0 0 -4 0 0 0 -4 0 0 0 0 -4 0 0 0 0 2 -2 0 -4 0 -2 0 0 -2 0 0 0 0 0 2 0 0 0 0 -8 4 0 2 -4 -4 0 -4 0 4 0 0 0 0 0 -2 2 0 0 0 0 0 0 -4 0 -2 0 4 -4 2 0 0 0 4 0 6 -1 0 4 0 0 0 0 -4 0 0 4 0 4 0 0 6 0 4 0 -2 -2 2 -4 6 1 4 0 0 1 -4 0 0 1 0 0 0 -6 0 0 -2 0 0 0 0 0 -1 0 0 1 0 -4 0 0 4 0 8 1 0 4 -4 -4 -1 -2 0 0 0
0 3 1 0 2 0 2 0 -2 0 4 -2 5 -2 1 -5 0 4 2 0 -2 0 -2 0 -2 0 -2 0 0 0 1 2 1 -1 -2 0 0 3 0 0 -2 0 0 4 0 8 4 0 0 -4 -4 3 2 0 -1 4 0 0 0 0 0 -2 0 0 0 -2 0 -2 0 -6 0 0 0 0 0 4 -4 0 -2 0 38 -2 -4 2 0 -2 -6 0 2 6 0 1 1 0 0 0 -4 2 0 4 0 0 -1 3 4 0 0 2 0 0 -4 0 0 0 0 0 2 0 -2 0 2 1 0 0 -2 2 2 2 0 0 0 0 -2 0 1 -2 0 4 0 0 4 2 4 -2 0 4 0 -4 1 0 0 2 0 0 6 -2 -4 0 4 -1 2 0 0 0 2 -4 -2 1 3 0 -1 -1 2 2 -2 -2 0 0 6 4 0 2 -2 4 0 -2 0 0 -1 0 -4 0 -2 0 0 0 -2 -4 0 2 0 0 -2 0 0 0 0 0 4 0 -3 -4 0 0 6 0 0 4 4 -1 -2 1 0 -1 0 0 -3 -2 1 -4 -6 1 0 0 6 4 2 2 0 0 0 -6 0 0 2 0 -4 0 0 -1 0 2 0 0 0 0 0 0 -4 4 1 0 -3 -2 0 -2 2 2 0 2 0 0 4 0 0 1 -1 0 0 -1 0 -2 0 0 6 0 0 -4 1 -1 0 2 0 0 4 -4 0 1 -4 0 0 0 3 4 -1 0 0 0 4 0 -4 6 0 0 3 -2 0 2 0 0 2 2 2 1 0 -2 0 2 0 -2 0 0 -4 0 0 -3 0 0 4 2 2 1 -1 0 0 1 -2 -1 0 0 8 0 1 -2 2 2 0 1 1 -4
0 0 0 4 0 2 0 0 -2 2 0 1 0 4 4 -4 0 -4 -2 0 2 0 0 0 0 0 4 0 0 -2 -1 -6 0 0 2 -1 0 4 0 0 4 0 0 10 0 0 0 0 2 -1 0 4 -2 4 0 -2 0 0 0 4 -1 4 0 0 0 0 0 0 -4 0 0 0 0 -2 0 0 4 0 -2 0 -2 46 0 2 0 0 0 4 0 0 -6 0 -6 0 -2 0 0 0 0 -2 -4 -3 0 0 4 -2 0 4 1 0 13 -2 -2 6 4 0 0 0 6 0 -6 0 -2 -2 0 0 2 0 -2 0 4 0 2 4 -2 -1 -4 2 2 0 0 0 0 -2 4 8 -1 0 0 2 2 0 0 0 3 -2 -6 0 -4 0 0 2 -2 8 0 0 -6 0 0 0 0 4 0 0 0 0 0 2 0 0 0 0 -1 -4 0 6 2 6 0 0 0 0 0 -4 -2 3 4 0 -2 4 0 4 -5 0 -2 4 -10 0 -4 0 0 -4 0 4 0 -1 1 -8 2 0 0 1 -6 0 1 -2 0 0 2 0 -1 2 0 0 0 -2 -4 -4 -3 2 0 0 0 0 0 4 -2 -2 -2 5 -6 0 0 0 -4 2 0 0 0 0 4 0 0 0 0 -4 0 -4 0 -6 -8 0 4 0 0 -2 0 0 -2 1 1 -1 0 1 -4 2 4 0 -2 -1 4 0 -4 0 0 0 0 -2 0 0 0 1 4 2 -1 2 0 0 0 0 -2 -3 0 0 -2 4 1 0 -2 -4 -2 4 0 -4 -1 0 2 4 2 -3 0 0 -2 0 0 -4 0 2 4 0 0 0 2 0 4 -8 1 3 -2 0 -4 0 4 0 -4 1 2 0 2 1
-2 -2 4 0 -2 -2 2 0 8 4 0 -3 -4 0 0 4 -4 2 0 -1 -2 -4 -2 2 0 5 1 0 2 -4 0 2 -4 0 -2 6 0 0 2 0 2 0 -3 0 4 0 1 -8 0 -4 3 0 -2 -2 2 0 0 0 3 2 2 2 -2 8 4 -4 -4 -2 -1 0 0 0 0 0 -6 2 0 0 -3 4 -4 0 52 2 2 2 -1 -2 -4 4 3 0 0 -2 4 0 0 0 0 -6 -5 0 -2 -3 0 0 0 6 -6 -3 0 -5 0 0 0 0 -2 0 8 0 2 2 2 0 0 0 -2 2 0 4 0 2 1 -2 2 -4 0 -4 7 0 0 0 0 0 0 0 0 -4 0 0 0 4 0 -6 3 -4 2 -4 4 0 -2 -2 0 2 0 4 -2 0 -2 0 1 -2 -1 0 -6 0 0 -2 0 -10 3 0 -4 0 0 2 -2 -4 0 -4 -1 -2 -1 -1 0 0 2 4 4 -1 -2 -2 4 0 0 2 -8 2 0 0 -2 4 0 -4 -3 0 0 0 -2 -2 1 0 8 0 1 4 0 6 4 -2 2 10 0 0 0 0 0 0 0 0 3 0 4 2 -1 0 0 0 4 0 0 0 -1 0 -2 4 -3 2 -8 -4 -1 -4 0 -2 -2 0 -4 4 -2 -3 0 2 0 -4 -2 -2 -1 0 0 0 -4 2 0 -10 1 2 3 -2 -2 0 0 0 -2 -6 2 -2 4 0 -3 0 2 -4 2 0 8 2 2 -2 0 0 2 0 0 0 -4 4 0 4 0 0 0 0 0 -4 0 -3 -4 -4 0 4 0 -4 -2 0 -2 0 -2 0 0 3 0 0 -2 0 1 0 0 0 -4 2 4 0 0 0 -4 0 0 4 -1 0
1 12 -3 0 -1 0 2 0 -4 -3 0 1 0 0 -1 -10 0 4 0 0 6 2 -2 0 3 0 0 0 0 6 -5 1 0 0 0 0 0 0 -4 -2 0 0 -4 2 0 -4 -1 0 0 0 -2 0 -2 4 0 2 0 -2 0 2 4 -2 0 0 0 -2 0 -2 0 -3 0 0 -6 -2 -4 5 1 0 -2 0 2 2 2 58 8 0 0 4 0 1 0 -2 -2 -14 1 -2 -4 0 -2 0 -2 0 0 3 -4 0 0 0 6 0 7 2 2 1 -3 -4 -1 1 0 0 2 0 0 0 2 -4 1 -3 7 8 0 0 -3 -3 0 0 -2 1 0 0 6 -4 0 -4 2 6 2 0 -4 -4 0 -1 -1 0 0 0 -2 0 -1 4 -1 0 -1 4 0 -2 -3 0 -4 0 0 0 0 0 0 -4 0 2 -1 -8 0 0 0 2 0 2 -3 8 0 -6 0 0 4 -4 4 0 2 2 1 -2 -4 0 2 8 -1 0 0 0 -2 2 -2 3 4 0 2 0 1 -4 -6 0 4 2 0 -2 0 0 0 0 0 2 2 -2 0 2 2 0 0 0 0 0 0 -4 0 2 2 -4 -2 8 -6 3 -4 2 0 -2 1 -1 -2 2 0 6 -1 0 0 0 6 -1 0 0 2 2 1 0 0 0 9 -5 -6 0 0 -1 0 2 -6 0 0 0 2 -4 0 4 0 -2 -6 6 0 -3 0 4 0 -6 3 0 2 -4 0 2 1 -4 0 8 -4 -2 0 -3 3 -5 4 -2 2 0 0 0 2 5 7 0 0 1 1 4 0 0 0 -1 0 -1 0 0 1 0 4 1 -2 -1 -2 -2 0 -2 -1 -2 0 8 -10 0 -2 0 -2 -1 -7 -4
-1 4 2 0 -2 4 -2 2 0 0 4 -3 -2 0 0 2 1 0 0 0 -3 2 -2 0 -4 0 0 2 0 6 -4 2 -1 0 2 0 0 2 0 0 -2 4 0 4 -2 0 0 -5 0 -4 4 -4 6 1 0 0 0 -3 8 4 2 0 0 2 0 0 4 4 -4 0 -2 5 -2 4 0 12 0 -1 0 0 0 0 2 8 56 0 0 2 0 0 0 0 1 -4 2 2 0 1 0 0 0 0 0 0 -2 -3 0 2 1 1 2 -2 -2 0 -4 0 0 2 -5 0 0 0 -4 2 4 10 1 0 1 4 0 0 5 0 0 2 2 4 -2 0 -3 0 0 0 0 4 0 0 0 0 0 -2 2 0 -2 -4 2 -4 2 6 -4 0 -4 2 -6 0 0 -1 -5 0 -2 -4 2 -1 -6 1 -6 0 0 -4 0 -1 0 0 -4 0 0 2 -4 2 0 0 -4 3 2 0 2 -6 0 2 -2 2 -4 4 0 2 2 0 0 -2 -2 0 -4 0 -2 2 8 4 0 0 0 0 -2 0 -6 0 4 3 2 6 -2 0 -2 0 1 0 -1 -2 -2 5 -1 0 -2 -2 -2 -3 -6 1 -3 0 0 -1 0 0 6 0 0 0 6 0 2 0 8 0 5 -2 -2 0 0 0 0 -1 2 2 4 0 -4 7 -1 -2 -5 0 0 0 0 2 8 0 0 0 -4 0 4 0 0 -10 2 0 0 0 -2 -6 2 -1 -4 0 0 -4 -2 0 4 1 0 0 -6 -4 0 -2 -1 0 -4 -2 -2 2 1 1 4 2 -4 12 0 4 0 0 8 0 0 0 0 2 0 0 0 4 4 2 0 -2 4 0 0 3 0 2 0 -4 0 4 2 4
1 0 0 0 -2 -4 4 -2 -3 3 0 -2 2 0 0 0 2 0 -2 0 1 -4 1 2 0 2 1 -4 8 0 0 -2 0 0 0 0 0 -2 0 -6 1 2 0 -5 0 1 -3 0 0 0 4 0 -2 0 2 -3 0 0 4 0 0 0 -4 0 0 0 2 2 0 0 0 -2 0 0 1 0 0 0 2 0 -2 0 2 0 0 45 4 0 0 8 0 -2 0 6 0 2 4 -4 0 0 0 0 -4 0 7 -2 0 0 1 1 0 -2 0 0 -2 0 3 -1 -1 2 0 0 0 0 0 0 -2 0 0 -3 0 4 0 0 0 0 -2 0 3 0 0 0 0 2 0 2 0 -6 0 0 0 -4 4 0 0 0 2 0 0 0 4 0 4 -1 0 0 0 0 0 -6 -4 4 2 0 -2 0 -4 -5 0 0 0 0 0 1 4 0 0 -2 1 0 0 7 -2 -6 0 0 2 0 0 0 0 0 0 0 0 0 0 0 0 -2 0 5 0 2 4 0 -4 0 0 3 -4 4 0 -4 0 0 -2 4 0 -1 -2 0 0 0 0 -2 -4 0 0 -1 2 0 0 -6 1 0 2 6 -3 4 0 -2 0 0 -6 -6 -3 6 2 0 0 0 -4 -4 0 2 1 0 4 2 0 1 -3 0 1 1 3 0 -4 4 2 -2 4 0 0 0 0 0 -1 0 0 0 0 -4 0 4 0 0 0 0 0 -4 2 -4 0 0 4 -6 -2 0 -2 1 6 0 -1 4 0 2 2 0 0 -2 2 0 4 3 0 0 0 4 0 0 6 3 -4 2 0 0 0 0 -2 0 0 0 0 0 2 -4 0 0 8 0 0 0 -6 -4 0 2 0 -1
2 0 2 0 0 -4 0 -4 6 2 0 0 0 0 0 -2 4 0 -6 -2 2 2 3 0 0 4 4 -2 4 0 -4 0 4 2 0 0 3 -8 -2 0 2 -8 0 0 -4 2 -2 4 0 0 0 2 0 0 -2 -8 0 0 8 0 2 2 0 2 0 -4 4 4 -2 4 0 0 0 2 2 -4 0 2 -1 0 -6 0 -1 0 0 4 51 2 0 0 0 0 0 4 -2 -2 1 -8 4 0 -2 0 -1 0 0 -6 0 0 0 -1 6 4 0 1 -8 -4 0 0 -2 0 0 0 0 0 0 2 4 0 0 -2 0 0 -2 -2 0 0 0 -4 0 0 -6 0 0 0 0 0 0 -4 2 0 0 -2 0 0 4 1 0 0 -2 2 0 -2 0 -2 2 0 6 1 4 0 0 0 0 0 0 0 2 -2 0 0 0 0 2 2 4 0 -4 -2 0 0 0 -2 2 1 0 0 2 2 1 -2 0 1 0 0 0 0 0 0 -4 -4 0 4 0 0 0 0 4 4 0 2 0 0 0 0 4 2 -2 0 0 0 0 0 0 0 -4 0 0 0 0 -4 0 6 4 -2 1 0 0 0 2 2 2 0 0 -4 2 0 4 3 4 0 4 0 0 2 2 3 6 0 0 -2 0 0 2 0 3 0 6 0 0 4 0 2 0 -6 0 4 0 -8 2 0 0 -4 -2 1 2 0 0 -4 1 0 0 1 -4 0 0 -2 -4 -4 -2 -1 0 -2 -4 2 1 -4 -4 0 4 -2 0 0 0 -1 2 0 4 2 0 8 0 0 0 -2 0 2 0 0 -4 1 0 -2 1 0 0 -2 0 0 0 -2 8 0 4 4 4 -5 0 8 0 -2
4 0 0 4 -4 0 -2 -1 1 -4 0 -4 2 0 4 6 0 6 0 3 6 -4 -6 1 -2 3 -4 0 0 -5 -2 -2 2 0 -2 0 -3 3 -4 -2 0 6 0 4 0 -2 1 -2 1 0 1 4 12 3 0 -2 2 10 7 2 -4 0 -8 0 -2 -4 0 3 1 -2 0 0 0 0 2 0 1 0 -6 2 0 4 -2 4 2 0 2 52 1 -2 -2 2 0 -2 -4 -1 0 3 1 2 -4 -4 1 2 -2 -1 -1 0 2 -4 5 2 0 4 0 2 -2 1 0 -4 0 0 0 0 0 0 -2 1 0 4 3 0 -1 0 1 1 0 0 -6 0 0 1 0 0 0 2 1 0 0 -4 2 0 0 -2 -2 -2 -2 -1 2 -2 -2 -2 1 -2 1 0 0 2 4 0 0 0 0 2 2 0 0 2 -2 -1 0 0 -4 0 4 2 -2 1 0 3 0 1 3 -1 1 1 -4 0 0 -4 -1 0 0 5 -4 1 0 -2 0 2 2 -1 0 0 1 0 2 0 1 0 0 0 2 0 0 0 0 1 0 -4 0 0 0 0 2 4 0 0 0 0 0 6 2 -1 0 2 -3 0 -1 -8 0 -2 2 0 0 -1 -4 -2 2 -5 -4 0 0 4 -2 2 0 0 0 0 0 2 -2 0 6 4 2 -2 3 0 0 0 0 0 -6 0 5 0 2 0 1 0 -1 -2 -2 2 1 -3 -8 0 0 2 4 0 0 -4 0 -4 2 2 0 -2 0 2 0 0 -8 -1 -5 3 0 0 2 1 -1 0 0 2 0 0 -1 0 0 -1 3 0 9 -3 0 -2 0 4 -2 0 2 0 2 -1 0 -4 2 4 -2 0 2 0 0 0 3 2
4 0 0 0 -2 0 -2 1 -2 0 2 6 0 0 2 2 0 1 0 1 2 6 0 2 0 0 2 0 0 -2 -1 -4 -1 0 0 1 -3 -2 -3 0 2 -2 -2 0 0 0 5 -4 0 0 2 0 -2 4 -4 0 0 -1 -2 1 0 -1 0 0 0 0 0 2 0 -4 -4 0 -4 0 0 4 0 0 -4 0 2 0 -4 0 0 0 0 1 46 4 0 0 0 0 0 -1 0 0 0 -4 -2 -6 0 1 2 0 4 3 0 0 1 0 0 0 0 4 0 0 -2 0 -2 4 0 4 0 -4 0 0 0 -2 0 0 4 1 -4 0 0 4 0 -1 -6 -2 0 -2 0 0 -4 0 0 0 0 0 0 0 -4 -1 4 -4 0 -3 1 -1 4 -4 4 -2 2 4 -2 0 0 0 -2 0 0 0 0 4 2 2 0 0 0 0 -4 0 -4 0 4 0 0 4 0 0 -8 0 0 -6 -2 0 -2 0 4 0 -2 0 0 1 0 0 6 0 8 0 0 0 2 0 0 0 -2 0 0 -4 0 0 -2 3 4 2 2 -2 -2 6 0 1 0 0 2 -6 0 4 -2 0 2 0 0 2 0 0 0 0 6 -2 9 0 -4 0 4 0 0 2 0 -2 6 4 2 2 2 1 0 4 0 0 0 0 2 0 4 -4 -1 0 4 1 4 2 0 0 0 0 0 0 -4 0 1 0 -2 -4 -4 0 -4 4 -2 0 10 0 0 -1 -2 2 -2 0 -1 6 6 12 6 0 -2 0 0 -4 0 -4 0 0 -2 0 2 -4 3 -6 -2 0 3 0 4 2 6 0 0 -2 -2 0 -2 0 0 -4 -2 0 0 0 10 0 2 0 0 -4 4 2
2 5 -4 0 0 0 4 -2 4 10 10 0 4 0 2 0 -2 0 0 6 3 0 2 0 0 -2 2 0 0 4 -1 2 0 0 1 0 -4 0 -2 0 6 0 2 0 0 0 1 0 -5 0 2 2 0 0 0 0 0 4 0 4 -2 4 -4 -1 -4 4 0 -1 0 -4 2 0 0 5 0 -2 -5 0 -2 0 6 0 4 1 0 8 0 -2 4 62 0 0 0 -4 0 0 4 2 0 -2 -4 0 2 4 12 -2 0 4 -2 0 -4 -3 8 0 4 2 4 0 -4 -4 4 0 -2 0 -2 0 2 0 0 4 0 4 0 -2 0 0 4 10 0 0 2 -2 0 3 2 6 3 0 0 0 -2 4 1 -2 -4 2 4 -2 4 4 6 0 0 0 4 0 -4 4 8 0 -2 2 -2 3 0 0 0 -4 8 -7 1 1 -2 0 1 0 0 -3 -4 0 -2 1 1 -4 0 -2 -4 2 -4 4 0 0 0 0 0 2 0 0 0 -4 -4 4 0 2 2 0 -4 0 2 -1 4 8 0 -4 1 0 2 0 0 4 -5 3 -2 0 -2 6 -2 0 6 -2 0 -2 0 4 0 0 0 0 8 -4 0 -2 -8 -4 -4 -4 2 4 0 2 2 -2 0 0 1 4 4 0 0 -4 1 -1 0 -4 0 -4 0 -2 0 -2 4 0 8 -4 5 0 4 0 -2 0 0 -2 -2 0 0 2 0 -4 -4 0 0 0 3 2 -2 2 0 4 0 0 0 6 -1 2 4 -4 0 4 -6 0 0 -4 3 6 -1 0 -4 -1 2 -2 3 0 -4 0 0 0 4 5 0 2 -1 -4 0 -2 0 0 2 -4 0 -2 2 0 0 0 0 2 0 0 0 -2
1 2 -4 0 0 0 1 0 0 0 0 -6 0 0 0 -4 -1 0 0 0 -2 2 -4 4 0 0 1 0 0 4 0 -4 5 2 -4 0 2 0 0 0 -6 4 0 -4 -1 0 2 -8 0 0 0 0 0 0 4 1 0 0 1 0 0 1 0 0 0 0 4 0 4 0 0 0 2 0 4 -4 0 -2 0 0 0 -6 3 0 0 0 0 -2 0 0 33 0 2 -2 4 0 0 0 0 0 -2 6 4 0 0 1 0 0 -2 0 -4 4 0 -4 0 0 -4 0 4 0 0 0 1 0 2 0 0 2 -1 0 0 -4 -2 0 2 -4 2 0 0 -4 0 -2 0 0 0 0 0 -2 -2 4 -4 0 1 2 1 0 0 0 0 0 0 0 2 2 2 4 4 0 -2 0 0 0 0 2 0 2 0 0 0 0 -1 0 0 4 -4 -2 1 0 4 0 5 2 4 0 2 -2 0 0 2 1 -2 2 0 4 0 2 0 0 -4 0 2 0 0 1 0 0 0 4 0 0 0 0 4 2 -1 0 0 0 2 2 4 2 0 1 0 0 0 0 -1 0 1 4 0 2 0 -2 0 0 0 2 4 0 0 0 0 2 -2 0 0 0 2 0 0 -2 0 0 -2 0 0 8 6 0 0 -2 0 0 0 0 0 2 0 4 0 -2 6 -2 1 0 4 2 -4 -4 0 4 0 0 0 4 0 2 2 1 5 0 0 0 0 0 0 4 -2 0 0 0 0 0 -4 -2 0 0 1 0 0 2 0 0 1 0 0 0 4 0 4 0 0 0 0 0 -2 4 0 0 0 0 0 0 0 4 0 0 0 0 -6 0 -4 -4 0 0 0 -2
-8 0 0 -4 4 1 0 0 3 -4 0 2 1 0 2 4 4 0 2 1 2 -6 4 2 2 0 4 0 0 4 4 1 3 0 0 0 0 0 -4 -2 0 8 4 8 4 0 2 0 0 0 0 0 0 -4 0 2 4 2 3 -2 0 0 -4 0 0 -2 0 2 0 2 0 2 0 0 -2 0 -2 0 8 -1 1 0 0 -2 0 -2 0 2 0 0 0 56 0 0 -2 2 0 4 2 0 0 -2 0 4 0 1 0 -2 -6 -4 0 6 2 2 0 0 6 8 2 0 -4 4 -2 0 2 2 0 0 -2 4 0 4 0 -2 8 0 -4 -4 0 0 0 -2 0 0 0 0 0 0 0 0 0 -8 -8 0 -4 4 0 0 0 2 -2 -4 0 0 0 -2 0 6 0 0 4 2 -8 0 0 0 -1 6 0 0 4 0 -4 0 0 -4 0 0 10 6 -4 0 4 3 6 4 0 8 -2 0 4 4 8 0 4 3 0 0 0 0 6 0 0 0 4 -4 0 0 2 -4 1 0 0 0 0 0 -1 -4 1 2 1 12 0 0 0 0 0 8 -1 4 4 -4 0 0 -2 0 0 -6 0 -4 -4 0 0 0 -1 -2 0 2 0 0 0 0 -2 -2 -4 4 0 1 6 -4 2 -2 0 2 0 -2 0 0 -4 -4 6 1 4 -2 0 0 0 0 2 -2 4 0 0 0 0 2 0 5 4 0 0 4 0 4 -2 0 -4 0 -2 0 0 -4 -4 0 2 2 0 0 0 -8 0 2 0 4 2 4 8 0 0 2 0 0 0 0 -4 0 -4 0 -4 -1 4 2 0 -2 4 0 2 -4 -2 0 8 0 -4 0 4 -4 0 0 0 -4
-1 4 0 0 0 0 0 0 2 0 0 0 0 0 -4 4 0 2 0 0 2 0 -11 0 0 0 0 0 0 0 0 2 1 0 -1 0 0 0 0 0 0 0 0 0 -2 0 0 2 0 -2 -1 0 0 0 0 2 1 2 0 0 0 2 0 1 0 0 -2 0 0 0 0 0 0 2 0 2 0 0 0 0 1 -6 0 -2 1 0 0 0 0 0 2 0 15 0 2 0 0 0 0 0 2 0 -2 0 3 0 0 0 -1 0 0 4 0 0 0 0 0 1 1 0 0 0 0 0 -1 0 0 1 2 0 2 2 -2 3 1 0 0 -2 2 0 -2 0 0 0 0 0 0 0 1 0 0 0 0 0 0 -1 2 0 0 0 0 0 6 0 0 0 0 0 2 0 6 6 2 0 0 4 -2 0 0 0 0 0 0 2 0 0 3 -2 0 0 0 0 4 0 0 -2 -2 0 0 0 -2 0 -2 4 -2 0 0 0 6 2 0 0 0 2 0 0 2 0 1 0 0 0 4 4 0 0 -1 0 0 0 0 -1 0 2 0 0 2 0 0 -1 2 0 0 0 0 0 0 2 -2 0 0 0 0 0 0 2 0 0 0 0 -2 1 2 0 0 1 0 0 0 0 0 0 0 0 0 0 0 0 0 4 1 0 0 0 4 0 0 0 0 -1 0 4 0 0 0 -1 -2 1 0 2 2 0 0 -2 0 0 0 0 -2 0 0 0 0 0 2 0 0 5 0 0 0 -2 0 2 0 0 3 -2 -4 2 -2 0 -2 0 0 1 0 -2 0 0 0 0 -3 0 2 8 0 -1 2 0 0 2 0 2 4 -1 0 0 2 0
0 -14 6 0 0 0 0 0 0 2 0 4 0 6 -4 -4 4 0 -2 -4 0 6 0 -4 -2 0 0 0 4 4 4 -6 0 -6 0 -2 0 0 4 -4 -2 0 2 0 -4 -4 -2 2 0 0 2 4 0 -2 4 -6 2 -6 2 8 -4 0 0 4 0 0 2 -4 0 0 4 0 0 -4 8 0 6 4 -4 -4 0 0 -2 -14 -4 6 4 -2 0 -4 -2 0 0 73 -4 0 0 -2 0 0 3 2 0 -6 0 0 0 4 -2 0 -4 4 0 0 -2 0 0 4 0 -2 0 0 2 0 2 0 -2 0 4 -6 0 4 1 0 1 0 -4 0 -4 0 4 4 2 0 0 0 2 -8 2 0 0 0 4 0 0 0 0 8 0 0 4 0 0 0 0 4 4 0 -4 0 0 0 -4 0 -4 0 -2 2 0 4 0 0 4 0 0 0 2 -2 -8 0 4 8 2 0 -2 -4 0 4 0 0 0 -2 -4 -2 0 0 0 -4 0 4 0 2 -6 0 6 -4 0 4 4 0 0 -4 0 4 0 0 -2 4 0 0 -8 0 0 0 0 0 1 -2 0 -4 -4 0 0 -2 -6 0 -2 0 2 8 -2 -2 0 0 4 0 0 4 2 -4 0 0 4 0 0 0 0 0 0 -6 0 -2 0 4 -6 6 2 0 0 4 2 4 -4 2 2 1 -4 0 0 0 0 2 4 -4 -2 8 0 -4 4 0 0 0 2 0 0 0 0 4 0 -2 3 4 2 4 2 4 2 0 8 -2 0 -4 0 -3 2 0 -2 0 0 0 -4 0 -2 6 0 0 4 0 4 0 4 -2 8 0 8 0 0 -4 0 0 0 -4 4 12 -4 4 4 0 4 5
0 -4 1 4 -6 -4 2 2 0 1 0 3 -4 0 0 0 0 4 4 -4 2 0 2 -2 6 0 -1 8 0 0 0 -4 4 0 0 2 0 8 8 2 0 0 -2 -6 6 8 2 0 2 -4 -4 -2 -4 -6 -4 0 -4 -1 0 0 -2 0 2 -4 4 2 4 1 0 -4 2 4 4 3 -6 -6 3 -2 2 0 0 -2 4 1 2 0 -2 -4 0 0 4 -2 2 -4 66 -2 2 6 0 4 4 0 -4 4 -2 4 1 0 6 2 0 4 -2 0 0 4 4 -2 4 -2 1 0 2 0 2 -2 4 1 0 2 1 8 2 4 -4 0 0 0 4 2 0 0 4 0 0 0 0 0 0 6 2 4 -2 0 -2 0 0 2 0 2 -4 0 4 6 0 -1 4 4 4 -1 2 0 0 0 -4 0 0 0 2 4 0 4 0 1 2 2 2 0 -1 0 -10 -4 8 -2 -12 -4 6 2 0 0 -2 0 0 0 -4 4 0 0 0 0 2 1 -2 0 0 0 1 0 0 2 -2 0 0 2 4 4 -2 0 0 2 2 4 4 0 0 -4 4 1 0 0 0 -4 1 0 -2 -2 0 0 -6 0 0 -3 0 0 4 0 0 4 0 0 0 0 -2 -2 2 4 4 0 6 -2 5 0 4 0 0 5 -6 0 0 2 0 -6 0 0 -2 0 -4 0 -1 0 -8 4 -2 -2 -4 -1 -4 0 4 2 4 0 0 -2 0 4 0 0 0 0 0 2 0 -9 0 2 1 1 0 -8 0 1 0 2 0 -4 0 -4 2 2 0 -2 -4 1 0 4 0 4 0 4 0 0 -2 0 4 -1 0 0 0 5 0 -1 0 0 -4 2 1 2 0 -2
-2 0 0 0 0 0 2 0 -2 -2 0 0 1 0 -4 0 0 0 0 0 -4 -2 0 4 0 0 0 -2 -4 2 0 4 0 2 0 0 0 0 -1 -1 0 0 0 1 0 0 -1 9 1 1 5 0 -1 -1 0 0 -2 0 2 -3 2 1 0 0 0 4 0 1 -2 4 0 -2 0 -1 1 0 1 4 0 4 0 0 0 -2 2 2 -2 -1 -1 0 0 2 0 0 -2 26 -4 0 0 0 0 0 0 -4 0 0 -2 0 0 4 2 0 -2 -1 6 0 0 0 2 1 0 0 0 0 0 0 0 -2 0 -1 0 -2 4 0 2 0 0 6 2 1 0 -1 -2 0 0 -4 0 0 0 0 0 0 -1 0 -3 5 0 0 0 -2 0 -2 0 -6 4 0 0 1 -2 -5 0 0 0 0 1 0 0 0 4 -2 2 -2 2 1 2 0 0 0 0 -2 0 0 -3 1 0 4 0 0 0 0 4 -2 0 1 1 0 -2 0 2 3 -1 -1 0 0 -1 4 -2 0 0 8 0 0 -4 0 0 -3 2 0 -8 -2 -4 2 -2 0 2 0 2 2 -2 0 2 0 2 0 -2 0 1 -2 2 2 0 0 0 6 -2 6 0 1 -3 2 -2 0 -1 -4 -2 0 -2 0 -4 1 1 0 -2 0 -3 0 3 2 0 0 4 0 0 2 0 0 0 -2 0 0 0 0 0 0 2 -2 0 1 0 3 0 -2 0 -2 1 2 -2 -1 -1 0 0 0 0 0 4 2 0 2 -2 -2 2 0 -2 -1 2 0 0 3 0 2 -2 0 0 0 0 0 0 -1 2 0 0 1 -2 2 -1 -1 1 2 0 0 0 2 4 -2 -4 0 2 -2 2 2
0 -6 0 4 4 0 4 -4 -1 0 0 -2 2 0 0 8 0 0 0 4 0 0 -1 -4 0 2 0 2 8 -2 0 -6 0 0 -1 -2 0 0 0 0 2 0 0 4 0 -4 4 4 -2 0 4 0 0 -4 0 0 2 0 -5 -2 0 0 0 -2 -4 0 -1 0 0 0 0 0 12 0 0 -2 0 -6 0 -4 -4 0 0 -4 0 4 1 0 0 4 0 0 0 0 2 -4 39 -2 6 -4 0 0 3 0 8 0 4 2 -1 4 0 -3 4 3 -2 -4 6 2 0 0 0 0 0 -2 0 0 0 0 -4 2 0 6 -2 4 2 -4 0 0 0 -1 0 0 -4 2 0 6 0 2 0 4 0 -4 0 0 -2 1 0 9 0 0 4 0 -4 -2 -4 0 4 0 0 0 0 0 0 4 -1 0 -2 0 0 1 0 2 0 2 2 0 0 0 0 6 -3 2 0 0 -2 0 0 2 -2 0 -4 1 -2 -2 0 -1 1 4 1 -4 0 -2 0 0 0 1 -4 0 0 -8 0 2 0 0 0 0 4 0 0 4 -1 -2 0 1 0 0 -4 -1 -1 2 0 4 -4 2 0 4 -1 -4 0 -4 0 0 0 -2 -2 -4 0 0 2 -2 0 -2 0 4 0 1 2 0 0 0 0 2 0 0 3 0 -2 2 0 0 0 0 0 0 0 -2 0 0 2 0 0 0 4 -2 0 4 0 0 4 5 0 -1 2 0 -3 0 0 2 0 0 4 -4 0 2 -3 0 0 0 2 -4 0 0 1 -3 2 -2 0 -2 3 -2 1 0 4 0 0 -4 0 0 0 0 0 -2 0 0 0 0 0 0 0 0 -4 0 -4 4 0 -2 2 0 0 0
0 0 -2 1 0 0 0 -1 -6 -4 0 4 0 4 -4 -2 4 4 4 0 8 -4 0 4 0 -1 2 4 -6 0 4 2 8 0 0 2 0 0 0 2 4 0 4 6 0 -2 -2 -4 -2 0 -10 0 0 4 0 0 4 0 0 6 0 0 -2 0 0 -2 2 -8 0 2 2 0 -4 -4 4 2 0 -1 0 0 2 0 0 0 1 -4 -8 3 0 2 0 4 0 -2 6 0 -2 60 -4 0 0 2 0 2 -6 4 2 0 0 -12 -1 0 0 0 0 6 -2 2 -4 0 -4 -2 0 0 0 0 1 0 0 12 0 6 -1 0 0 -4 0 0 4 4 -2 0 0 0 0 -2 -4 -2 0 0 0 0 0 -4 -4 4 0 -8 0 0 0 0 3 2 0 2 -2 6 0 0 -8 0 -6 0 0 0 2 2 0 2 1 0 0 4 -4 2 -4 0 0 0 0 0 0 3 0 0 0 -2 2 0 0 0 0 -4 0 2 -4 0 0 0 4 -4 0 0 0 -2 4 0 4 0 0 2 0 0 0 -4 0 -8 0 0 0 3 -4 1 -4 2 0 0 0 2 0 -4 8 0 2 1 -6 0 -4 -4 2 -1 0 4 -2 0 -2 0 0 0 0 -4 0 0 0 10 0 0 0 0 -4 -2 6 -2 8 0 0 4 0 0 2 0 4 4 0 2 -4 4 -2 4 2 2 4 4 0 -1 0 0 -1 4 0 2 0 1 -4 0 -2 0 0 -3 -4 3 3 -8 -1 2 0 4 4 1 0 0 2 6 -1 -4 0 0 0 -8 0 0 -4 0 0 6 0 2 0 0 5 0 -2 4 4 2 0 -2 0 0 -2 -2 -4 0 -4 0 0 4 0 4
0 3 0 2 0 -3 4 2 1 0 4 0 0 4 -1 4 0 2 0 2 4 0 -1 -4 0 -2 0 -2 0 -1 -2 2 -2 0 1 0 -4 0 0 -2 -4 4 0 -2 0 -2 4 6 1 2 0 0 4 -4 2 0 -2 0 -3 -3 0 0 2 0 0 0 0 1 -1 0 0 4 8 0 -4 -2 2 0 2 0 0 0 0 -2 0 0 4 1 0 0 0 2 0 0 0 0 6 -4 42 0 -4 4 -2 -4 0 0 1 0 -4 -4 0 0 0 0 5 -4 1 3 0 3 4 4 0 0 4 5 0 4 -1 2 3 0 0 2 0 0 -2 3 2 0 -1 -4 0 0 -1 5 0 0 -2 0 -4 0 0 -4 -1 0 -2 4 -2 2 -1 -4 4 2 -4 0 0 0 0 2 0 -2 -4 0 -4 0 -1 0 -4 -4 8 0 0 4 -2 0 0 4 0 2 -1 0 -6 0 0 2 0 0 -4 1 2 1 0 0 4 0 1 5 0 4 -1 0 0 2 0 0 -2 -6 0 1 2 0 -2 0 0 0 -4 0 4 8 8 0 4 2 0 0 0 1 0 2 -2 4 0 0 4 2 2 -2 0 0 0 0 1 0 1 0 0 0 0 1 5 0 -5 0 0 0 0 0 0 3 -1 0 4 -1 -3 0 0 4 0 -1 -3 -2 0 2 0 4 7 0 4 3 -2 4 -4 -4 0 -4 0 0 2 2 0 0 2 0 0 -1 -2 4 -8 4 0 0 -2 6 0 -4 0 0 0 0 -2 4 0 -2 0 2 6 -4 0 -1 -2 2 4 0 -6 0 -4 -1 0 0 0 -2 0 0 0 -2 1 0 0 0 0 0 0 2 0 0 7 4 0 1
-2 -2 4 -4 -4 2 -1 12 0 0 -4 -6 4 -2 2 -4 2 0 0 1 -2 4 -2 0 -4 -1 0 0 0 8 2 0 0 0 0 4 -1 8 2 8 -4 0 0 0 4 0 2 4 -4 -2 3 4 6 -4 2 0 0 -1 6 -2 -3 0 1 -2 0 2 9 -2 2 0 0 0 -4 4 4 0 -4 0 6 0 4 -2 -6 0 0 0 0 2 -4 -2 0 0 0 0 4 0 -4 0 0 70 0 10 2 -1 -8 0 0 0 6 -1 -5 -4 -4 2 6 -2 -8 0 -6 8 0 -2 4 0 8 -2 0 0 0 -4 0 0 -4 -1 -2 4 4 0 0 -2 0 0 1 0 0 0 2 0 1 0 0 4 0 2 2 -4 2 4 0 0 -2 0 4 -4 -2 0 0 -4 2 0 0 0 -2 0 4 0 0 1 0 0 0 8 2 0 4 -4 2 4 1 0 4 3 0 0 0 0 0 0 -2 0 4 -1 2 2 -5 -3 -2 3 2 0 2 0 0 0 0 3 1 0 0 0 0 8 2 2 -2 0 2 -6 -4 2 -1 1 -2 1 0 -6 0 -4 -2 2 0 2 2 6 6 4 0 0 0 -2 0 4 0 -2 0 -2 -4 0 -4 0 0 6 -4 -4 2 4 4 8 0 12 0 6 4 0 -6 -2 -4 5 8 -2 -2 4 -2 4 2 0 0 0 2 0 -1 0 2 0 2 3 0 0 2 0 0 2 4 1 0 4 0 4 4 -4 4 2 0 0 2 2 1 -2 -2 1 8 0 0 0 0 6 1 -4 2 0 0 0 4 0 0 10 -5 -6 0 0 0 4 2 0 2 -2 -2 -6 -2 0 0 0 4 -2 0 -2 0 0 5 0
2 0 2 -2 0 0 0 -4 2 -4 4 2 0 0 0 0 1 4 0 -8 -4 0 -4 4 0 0 -2 1 0 0 0 5 2 -2 -4 -10 4 -4 8 -2 -4 4 2 -4 4 0 4 2 -2 0 1 -4 2 0 -2 -1 0 0 0 0 -2 4 2 0 2 2 0 0 0 -3 2 -4 0 0 0 4 0 0 0 2 0 -4 -5 -2 0 0 -2 -4 -2 -4 -2 0 2 3 4 0 0 0 -4 0 50 0 -2 5 0 -2 -5 0 0 2 4 8 0 -6 4 0 0 -1 -1 -4 -2 -4 0 -4 -2 -1 0 0 0 0 0 -4 3 -1 7 -4 -1 0 4 0 0 6 0 0 4 -2 4 0 0 -2 -2 -4 0 4 -2 0 0 0 0 0 0 4 0 0 0 0 0 0 -1 0 -2 -2 2 -10 -4 -2 0 2 -4 4 0 2 1 4 0 0 2 0 0 -2 0 0 0 -2 -2 0 0 -4 0 -2 4 0 -4 -4 -1 2 4 0 0 -2 8 0 0 0 -3 0 -4 4 4 0 1 0 -2 -2 -1 0 4 0 0 -8 0 -2 4 -4 -2 4 1 8 0 1 -4 2 -4 -2 0 0 0 0 -4 4 0 0 -4 -4 0 0 7 0 0 2 4 0 0 -4 0 0 -4 0 -4 -2 0 1 0 0 0 2 -2 0 -4 0 2 0 4 4 0 1 -4 2 2 -2 0 2 4 -4 0 0 2 2 2 -2 0 0 -2 -2 6 4 -3 -2 0 -4 -1 0 2 -8 0 2 2 -2 0 0 2 -1 0 -1 0 0 0 0 -1 2 0 2 0 1 0 0 0 2 -2 -2 0 0 2 4 0 0 0 -1 -4 2 2 0 0 -2 -4 0 0 0 -1 1
0 4 4 4 -1 2 0 0 -1 0 0 4 -2 0 0 -8 0 0 0 -2 -2 0 0 0 0 4 0 0 0 8 0 -2 -4 -2 0 4 0 -3 4 0 -2 0 -4 -2 0 0 -1 -4 0 0 0 0 0 2 0 0 0 0 4 2 2 0 2 -4 0 0 -7 0 0 6 0 0 0 0 4 -2 0 -2 2 -1 0 -3 0 0 0 0 0 -4 -6 0 6 -2 0 2 0 0 0 2 4 10 0 55 7 0 0 0 0 0 0 -2 -4 -4 -2 2 -2 -4 0 0 0 0 5 0 2 0 4 4 0 0 2 -4 0 1 0 0 0 -2 -4 2 2 -1 2 4 -2 4 0 2 1 0 0 0 -2 2 0 -1 0 0 4 2 0 -3 -4 0 0 0 -6 4 2 4 0 0 0 0 4 0 0 0 -1 -3 0 0 -4 4 0 0 -4 -3 0 -8 1 -4 4 0 0 0 -6 -1 1 0 2 -2 4 0 -3 0 0 -1 -4 5 0 0 -4 0 -2 4 -2 0 -4 -2 0 -10 0 8 6 8 0 2 2 -2 0 -1 0 -2 0 0 0 -4 0 0 0 -2 -2 8 0 0 2 0 0 0 -2 -2 3 0 0 0 1 0 0 0 1 0 0 0 0 4 2 0 0 1 0 10 2 5 7 -4 4 -1 6 0 0 0 1 4 -2 -1 -2 -2 0 0 4 3 -4 0 0 5 -3 4 0 0 -4 -2 0 0 0 2 -1 0 0 4 -4 -2 4 0 2 -6 0 -4 -2 -8 -4 0 2 -4 0 6 0 1 -7 0 2 0 0 0 -3 0 -2 9 0 -1 3 0 -4 -2 4 0 0 -4 0 -8 0 -4 0 0 0 -4 4 1 0 0 -2 -1
0 -2 0 0 0 5 2 0 3 0 0 0 0 -2 0 2 0 -2 0 0 0 0 -1 0 0 2 0 -3 -5 1 2 -1 0 0 -4 0 2 -1 0 1 7 4 2 0 0 -2 -6 2 0 0 4 0 -2 -2 0 0 -2 0 2 0 0 0 4 0 2 4 0 0 4 0 0 0 -1 -4 4 2 -2 -4 2 0 -1 0 -2 0 0 -4 -1 1 0 2 4 0 -2 0 -4 0 3 0 -2 2 -2 7 38 1 -2 -2 3 -1 -4 4 0 -4 0 -1 0 -4 2 2 0 0 0 0 1 0 -4 0 -2 0 0 0 0 0 6 -4 0 -2 0 -2 0 4 0 4 -4 0 0 -2 0 2 4 4 -1 -2 0 0 -1 -1 -2 -2 4 0 -2 0 0 0 3 0 0 5 -2 4 -4 0 -2 6 2 0 0 0 0 0 0 0 0 0 2 0 2 -1 2 1 -2 -2 -6 2 2 3 0 -2 0 4 0 1 -3 -2 2 2 0 2 -4 0 2 0 2 -1 0 0 -5 1 0 -5 2 0 0 4 2 1 0 -1 0 0 0 -1 0 1 0 0 0 0 0 -4 0 2 0 -5 0 0 0 0 6 0 0 -3 0 0 0 2 -2 0 -3 0 0 0 6 -2 0 -3 4 -1 0 0 1 -2 0 0 -1 0 5 0 0 -2 6 2 0 0 4 -2 3 4 4 0 0 -1 3 4 0 2 0 0 2 0 0 -2 4 0 1 0 -2 -2 2 4 8 0 0 -2 -1 -6 0 -5 0 0 -1 -4 0 -4 0 2 -2 1 0 0 6 0 2 0 4 0 -2 -1 0 0 -4 -1 2 0 -4 0 0 -4 4 -2 -2 0 0 0 -2 1 -1 0 0 -1
1 0 0 1 8 0 2 -7 -6 0 4 2 2 -2 -2 0 3 -1 0 -2 0 0 0 6 0 4 2 0 0 2 0 0 2 4 0 0 -4 -4 -2 2 1 2 -2 0 6 -1 0 0 0 0 -8 -2 8 -2 0 0 2 2 2 -4 2 3 0 4 2 -2 -1 0 0 2 4 2 4 0 4 4 -4 2 3 0 3 0 -3 3 0 0 0 2 1 4 0 4 0 -6 4 -4 0 2 -4 -1 5 0 1 53 0 -2 0 4 4 1 0 0 4 0 2 2 1 0 -4 0 0 0 6 -6 -1 0 0 -4 0 0 0 0 0 2 -3 2 0 -2 -2 2 -4 -2 0 0 2 3 0 0 0 0 0 0 -4 -2 4 -1 6 0 3 0 1 2 2 0 6 -2 -6 2 4 -2 0 2 0 1 0 0 0 4 0 8 -2 -2 -2 0 -4 4 1 -2 4 1 0 -2 0 0 -5 -8 -2 0 -1 0 6 3 0 -2 0 0 4 0 0 0 4 -3 0 0 1 -5 -4 2 -2 -7 1 0 -2 0 4 2 0 1 4 -1 0 2 0 0 4 -2 4 4 -1 0 0 0 1 -8 2 2 2 0 0 2 0 0 6 2 -2 -2 -4 4 -3 4 -2 0 0 -2 2 1 6 0 -1 2 0 9 2 4 6 -2 -1 0 0 2 0 1 0 -4 -2 0 -6 -2 2 0 0 -1 -2 2 -1 6 2 0 -4 0 1 0 2 -1 0 0 0 -2 0 0 -2 -1 0 -5 2 -2 0 0 0 0 0 2 4 0 0 0 0 0 0 -2 4 0 -9 0 0 0 1 2 2 0 -4 4 0 2 -4 0 0 3 0 1 1 1 0 0 6 1 -2 0 -2 0
-4 0 0 4 1 6 0 -2 0 0 0 0 8 0 -1 0 0 0 0 -4 0 4 2 -2 -2 6 4 -6 4 -6 -4 0 0 0 0 -3 0 2 0 2 2 -1 0 -5 0 8 -2 0 0 0 -4 4 1 -2 6 0 -2 0 -3 2 1 4 -2 2 4 0 -10 -2 -1 0 0 -2 4 7 -4 1 0 2 -6 0 4 4 0 -4 -2 7 0 -2 2 12 0 0 3 0 -2 0 8 -6 0 -8 0 0 -2 0 70 2 0 0 -1 5 -4 4 0 3 0 -4 2 2 0 -4 4 1 -1 -1 -3 -2 6 3 0 0 6 0 -12 4 -2 1 9 0 0 0 0 -6 0 0 0 2 2 -2 -1 4 0 6 0 0 0 1 5 1 8 0 6 0 -4 0 -1 0 2 0 -2 2 5 -4 8 0 -1 2 -2 0 10 0 0 -4 0 -1 0 6 0 0 0 0 0 3 6 -4 -2 -4 -10 -4 2 0 1 8 0 -4 8 -4 -6 -1 2 -7 4 -4 0 -1 -2 1 0 2 6 -1 0 0 2 0 0 0 1 4 0 -3 -5 3 -6 0 2 -2 -4 0 0 0 -1 4 6 0 0 2 0 -2 -1 -4 4 2 -2 -8 2 -2 -5 0 0 0 0 2 -4 1 0 -3 1 -4 0 1 0 1 1 0 4 0 4 0 2 0 0 1 4 0 0 0 0 0 0 0 2 0 0 6 4 -4 0 -4 0 0 -2 2 -6 -2 -4 -1 0 2 -4 4 -5 0 0 1 -2 -8 0 0 -2 0 0 -4 7 0 2 4 -2 0 0 -4 6 -2 0 0 4 0 1 -2 1 2 0 -2 -2 0 0 2 2 0 -1 0 0 0 4 7 -4 0 0 0 0 0
9 -4 0 0 0 0 -4 0 1 -4 2 0 -6 -4 0 0 -5 0 4 4 0 2 2 0 4 6 0 0 0 0 0 0 0 0 0 0 6 4 0 2 -2 0 2 0 0 0 0 -2 0 0 -1 1 -4 -1 -2 6 0 2 -4 0 0 0 0 6 0 0 0 0 10 4 2 -2 4 -8 2 0 0 0 0 -1 0 -2 0 0 -3 -2 -6 -1 0 -2 1 1 0 0 4 0 0 4 0 0 -2 0 -2 -2 2 49 0 -2 -2 1 0 -2 0 0 4 4 -6 -4 -2 0 3 -4 -4 -2 5 0 0 4 -1 2 1 0 -2 1 -1 -2 -2 0 0 -4 1 -1 0 0 0 0 0 0 0 0 2 0 1 -6 2 0 0 0 4 -2 0 0 -1 4 -4 0 4 -4 -4 -10 -2 2 -2 -4 0 0 4 -1 -4 -2 2 0 0 0 0 0 0 -4 0 -4 4 -6 0 0 6 -1 0 0 -2 1 1 2 0 2 3 5 0 -4 0 2 -10 -4 -2 -4 0 0 4 0 0 0 -7 0 0 0 2 -4 0 2 2 2 0 0 0 0 4 0 4 0 -1 2 2 2 2 0 0 0 2 -2 2 0 0 4 0 0 -8 1 0 -4 0 0 0 0 0 2 -4 0 6 0 4 0 4 0 -4 0 0 2 -2 0 1 0 -1 6 0 2 -4 -2 3 0 -1 0 0 4 6 -2 0 -2 -4 2 4 0 0 -3 -6 0 6 -2 0 4 8 -2 0 -2 0 -6 4 -4 -2 0 -4 4 1 -4 0 0 0 4 0 0 0 -4 0 0 2 6 -8 0 4 0 2 -1 0 -4 -2 0 0 6 0 -4 0 4 0 0 2 -4 -6 -2 -2 6 2 0
0 -4 0 0 0 0 0 0 3 0 0 0 0 2 2 -4 2 -4 0 0 -2 0 -2 -1 0 0 0 -2 0 2 0 -2 0 0 4 0 0 -4 0 0 -5 2 -4 8 0 -4 -2 -2 1 0 3 -2 0 0 0 1 -6 -1 -3 4 0 4 0 0 0 2 0 -2 1 1 -2 0 0 -1 0 -2 0 0 0 -2 0 0 0 0 0 0 0 -1 4 0 0 0 0 0 1 -2 4 2 1 0 -5 0 3 0 0 0 41 -2 0 2 0 -2 -2 2 0 -2 0 -1 -4 0 0 0 0 -2 -2 0 0 1 0 0 0 2 0 0 0 2 -2 -9 1 -2 0 0 4 4 4 0 0 2 -2 0 0 0 0 0 0 -3 -6 -4 -2 0 0 0 0 1 0 1 0 0 1 0 4 0 4 0 0 -2 0 0 4 0 -2 4 0 1 -4 0 -2 0 6 1 4 0 3 0 0 0 0 4 0 0 0 0 2 0 0 0 -4 2 4 2 4 0 3 0 6 0 0 0 2 1 -8 0 2 0 0 0 -1 0 0 4 0 2 0 0 0 -4 0 0 4 -2 0 0 2 4 4 1 2 4 2 0 0 -2 -4 -2 0 0 2 0 0 1 0 0 0 -4 0 2 2 -4 -1 -2 0 -2 0 -2 0 0 -4 0 0 0 0 0 2 0 4 4 0 -2 0 4 0 0 0 0 0 4 0 0 4 0 0 0 0 2 2 4 0 6 0 -1 0 -4 0 6 4 -2 -2 0 -2 0 -2 0 2 2 0 0 4 -2 2 -2 8 0 4 0 3 2 0 -1 2 2 2 0 1 0 0 -3 -4 -2 4 1 -4 0 8 0 6 -2 4 -2 1 -2
-2 0 0 0 2 -2 0 -2 0 0 0 2 0 0 0 -4 -2 0 0 3 -6 0 0 0 0 -4 0 -2 4 4 1 -2 -2 4 0 0 -4 -4 1 0 4 0 0 0 0 2 0 -4 4 -2 -2 0 0 0 -2 0 0 -2 0 4 0 0 0 8 2 0 0 6 0 8 -4 -4 0 0 0 4 0 0 -2 2 2 4 6 0 2 0 0 0 3 4 0 -2 0 4 0 0 2 0 0 0 0 0 -1 4 0 -2 -2 44 0 4 2 0 8 0 0 0 0 0 2 0 0 0 0 0 0 0 0 0 0 0 0 0 0 -1 0 1 -4 4 4 0 0 0 2 0 2 4 4 -2 0 -4 0 -2 0 0 1 0 0 0 6 4 2 -1 0 4 4 0 0 4 -2 0 0 5 -2 4 0 -2 0 0 0 0 0 0 0 0 0 0 0 0 0 0 0 2 0 0 -3 0 0 0 -2 0 -4 4 2 0 -4 0 0 0 1 0 2 0 0 0 -4 0 0 -2 0 0 -2 4 0 0 -1 0 2 4 0 -4 0 1 0 0 4 0 -4 0 0 0 -2 -4 4 0 -2 4 -2 5 0 -1 1 0 -4 0 -9 0 -4 4 2 0 0 -6 2 0 -2 4 3 0 0 0 0 2 0 0 0 -1 1 0 4 0 -1 0 4 -4 -4 0 0 0 2 0 0 4 -4 0 0 0 0 2 -2 1 -4 4 0 -2 2 0 0 0 -4 0 -4 0 0 0 -4 8 0 4 4 0 0 0 0 4 0 0 -2 1 0 0 0 0 -2 0 1 0 0 4 0 2 0 4 0 0 0 2 0 0 2 0 2 0 0 0 0 0 2 -2 -4 2
-6 -2 -2 4 0 0 -2 0 -2 2 -2 -2 4 0 2 0 0 0 0 -2 8 0 4 2 12 6 -4 4 0 2 5 1 -4 0 0 0 0 2 0 4 0 2 0 0 0 4 0 -4 -2 -2 0 0 0 0 -4 1 0 4 6 2 -2 4 0 0 0 0 0 8 0 0 4 0 -1 -1 4 4 -2 0 0 0 0 1 -6 6 1 1 0 2 0 -2 -2 -6 -1 -2 6 0 -1 0 -4 6 0 0 -4 4 -1 -2 0 0 64 4 2 2 0 -1 2 -2 1 1 3 -2 -2 0 0 4 0 0 0 -6 4 0 -2 -4 -8 0 0 2 0 0 2 -1 2 0 0 -2 1 2 2 0 -2 4 4 0 2 0 -1 0 0 -4 0 0 -4 0 -4 0 0 -1 4 0 0 2 3 4 6 0 -1 0 2 -2 0 14 0 2 0 0 -2 2 -2 0 0 2 2 -2 -2 0 0 0 6 0 6 -4 -2 2 4 0 -2 0 0 2 0 0 0 0 -4 4 -2 0 0 0 2 6 0 0 -2 0 3 4 2 0 -6 3 -3 6 0 0 0 0 1 4 0 0 6 4 -2 0 0 0 -2 2 0 4 -2 0 2 -4 -1 0 -2 0 0 0 -2 0 0 0 9 1 0 0 0 2 -4 -5 2 4 2 5 -2 -4 4 0 -6 -1 -5 0 0 -4 -2 4 0 0 6 2 -2 2 4 2 0 4 2 -2 -5 2 -4 -2 -1 6 4 3 0 3 -4 4 0 0 4 -4 1 -2 0 -6 0 2 -1 0 2 0 -2 6 2 2 0 -4 -4 -1 0 -2 -4 0 1 0 8 0 0 0 0 1 4 0 -1 0 -4 0 4 4 -2 1 3 0 0 0
0 0 0 0 4 0 0 0 -4 0 0 0 -2 0 0 -8 2 0 0 0 0 4 0 -2 0 2 0 0 2 0 0 -4 -4 4 0 0 0 0 2 -2 0 0 -4 -5 2 0 -2 0 4 0 5 -4 0 1 2 0 -4 0 0 0 0 2 3 0 0 4 1 0 0 0 2 -2 0 0 0 0 0 -4 3 0 0 0 -3 0 1 1 -1 -4 0 0 0 -4 0 0 2 4 4 -12 -4 -1 2 -2 4 1 5 1 2 4 4 38 0 0 2 4 0 2 0 0 0 0 0 0 0 -2 0 -1 0 -8 0 -8 0 -2 0 1 -2 0 0 0 0 2 1 0 2 0 0 -4 0 -2 0 -4 0 0 0 1 4 0 1 -2 0 0 0 2 0 4 0 0 0 -4 -1 -2 2 2 4 4 -2 -1 0 -2 -2 2 -2 0 5 1 0 0 0 0 0 0 0 -4 0 -5 0 4 2 0 0 0 0 -1 0 0 0 0 0 -2 0 -2 -4 0 0 0 0 3 -8 0 -2 0 0 0 0 0 0 0 2 6 -4 0 0 0 0 0 0 -2 0 0 0 -5 2 -2 4 2 -3 0 0 0 -4 4 -2 0 2 2 -2 -2 -2 1 -2 0 -2 0 6 -2 -2 -6 1 0 0 0 0 1 0 0 4 0 0 0 -2 0 -1 0 0 0 -1 2 0 0 0 -2 -4 0 0 2 0 4 0 -2 1 0 0 -4 2 0 2 4 0 0 0 -2 4 0 2 0 0 -2 0 0 0 -2 -4 0 1 -4 0 6 -4 0 0 0 2 0 -4 0 0 0 0 -3 -4 -1 0 0 0 0 -4 0 2 2 4 2 -2 0 0 0 0 0 2 0 0 -4
0 4 -6 -1 0 0 0 0 2 0 8 -2 0 0 0 6 0 0 0 -2 0 0 4 0 2 -6 9 -2 2 -2 0 -2 0 0 3 2 -1 -2 0 -3 -1 0 0 -4 0 -4 0 2 4 0 2 4 6 0 -4 0 0 -3 -4 4 0 10 0 2 0 2 0 2 4 -5 -4 0 -4 -2 -4 0 5 0 8 2 -4 13 0 7 2 0 6 5 1 -4 -4 0 0 -4 0 2 0 -1 0 -5 4 -4 0 0 -4 0 0 2 2 0 74 0 0 -3 0 -4 8 10 4 0 3 -4 -4 0 0 0 -2 -1 -4 2 0 -4 4 4 2 0 -3 0 4 -4 4 0 -5 -2 8 4 0 -2 8 -2 -4 0 -4 -2 4 -4 0 0 -8 -4 -2 0 -4 2 6 -2 0 -4 0 -4 0 4 -8 -4 -2 0 6 2 -6 -3 8 0 -1 0 6 4 0 5 4 1 4 0 0 -5 1 0 4 0 -2 2 2 5 -12 1 1 8 -10 1 0 0 0 -6 2 0 -8 -1 -5 -2 0 2 0 0 0 0 4 0 0 4 6 0 2 -1 0 1 4 3 -1 0 3 4 0 2 0 4 -4 6 -1 -4 -5 2 4 4 -2 4 -1 1 8 0 -2 0 1 -1 6 2 0 2 2 -4 0 0 0 2 -2 0 4 2 6 0 -4 4 1 -1 2 -5 0 0 0 -2 0 0 4 0 -2 2 0 4 -2 2 -3 0 0 1 2 0 2 -2 -2 6 -2 3 -4 1 -1 2 3 1 0 -2 0 0 2 0 -6 1 -1 4 0 2 4 -2 -4 6 -6 -4 0 -2 0 0 -4 0 2 2 0 0 -6 2 1 1 2 0 -2 2 2 -4 -4 -6 0 0 -1 6
2 0 2 2 -2 0 0 -4 4 -6 0 2 0 0 4 4 0 4 -4 4 1 0 2 0 4 0 -2 -4 -2 0 2 6 4 0 0 0 0 0 0 0 0 0 0 -8 -2 2 1 8 0 0 -4 -2 0 -2 4 3 -4 4 0 4 2 0 -2 0 -4 2 0 -2 4 0 -4 4 2 4 0 0 5 2 0 -2 0 -2 -5 2 -2 -2 4 2 0 -3 4 6 4 4 4 0 -3 0 0 -4 8 -4 -4 0 4 -2 -2 0 2 0 0 68 0 0 0 2 0 0 2 0 -3 0 -2 0 -2 0 4 2 0 0 2 -4 0 2 6 0 4 0 3 -4 -2 0 0 -6 2 0 0 0 -2 0 0 0 -3 4 0 3 0 0 0 0 2 0 0 4 0 0 0 0 4 2 12 0 0 -3 -4 0 0 3 0 4 6 0 -2 8 -2 2 -2 2 0 0 1 -4 8 0 -4 -6 4 -2 0 -4 0 -2 -2 0 3 -2 0 0 0 2 4 6 0 0 -2 -2 6 2 0 0 2 -2 0 0 0 0 -4 2 0 -4 0 -4 0 0 0 0 0 4 4 0 -4 0 0 0 -8 0 -4 -4 -6 2 0 -2 0 0 4 0 2 4 4 4 0 -2 4 0 1 -2 0 0 4 2 2 -5 -2 4 0 0 0 0 0 0 6 4 -4 4 6 -4 2 -2 0 -2 0 -4 -6 4 0 2 0 -2 4 0 0 1 -2 0 -4 0 0 0 0 0 -2 0 -1 0 -4 -2 0 -10 8 0 0 0 0 1 0 1 0 -4 -3 0 -5 0 0 0 0 -4 0 0 0 -2 1 -2 -2 0 0 0 -4 -2 2 0 0 0 0 0 0 -2 -2 -4 5 0
0 0 0 0 -1 -6 -3 0 0 0 -2 -2 9 0 0 0 -2 0 0 2 2 2 -4 2 0 0 0 4 2 4 0 1 -1 0 0 0 0 4 0 0 5 1 4 2 0 0 0 0 0 4 -2 -8 4 -6 0 0 8 6 -2 4 -1 -2 -2 0 0 0 -2 -4 0 -4 2 -1 0 6 0 2 -1 2 2 -2 0 -2 0 2 -2 0 0 0 0 8 0 2 0 0 -2 -2 4 0 0 -4 0 -2 0 4 0 0 -2 8 0 2 0 0 45 -4 0 4 0 0 0 0 4 0 0 0 4 8 -2 -2 -4 0 0 0 0 -2 0 0 0 0 4 6 1 0 0 -4 0 -3 4 0 2 -4 0 0 0 0 0 0 0 -4 0 0 1 0 0 -1 1 2 -1 0 4 0 0 0 0 0 0 0 -1 2 -1 0 0 0 0 -2 0 0 6 0 2 0 -1 0 0 -2 -1 0 0 2 -4 0 0 2 0 0 0 2 1 2 0 0 0 0 0 0 2 0 0 2 0 -10 0 2 0 -4 0 2 -2 4 0 0 2 0 0 0 0 0 0 4 -2 -6 1 -4 0 4 0 0 -4 0 0 0 0 4 0 3 0 0 0 0 4 -4 0 -4 0 -3 0 0 0 0 0 0 0 4 -4 1 0 4 4 0 0 0 2 -4 -4 0 0 3 4 0 1 0 0 0 0 0 -2 2 0 2 -1 1 0 1 0 0 0 0 0 0 0 0 -4 0 0 0 -4 -1 0 0 4 0 2 -2 0 2 0 -4 0 0 4 -6 0 0 -2 0 0 0 -4 0 0 0 0 2 0 0 0 2 0 0 0 -2 0 0 -2 0 2 2 2 0 0 0
2 3 4 6 2 0 1 -2 4 -1 -2 0 1 0 0 -2 6 -4 0 0 2 4 -3 0 -2 1 0 -4 -2 0 3 0 2 0 -2 4 0 0 0 2 2 0 0 8 4 -2 -7 0 4 0 2 -4 0 0 2 0 0 -2 2 -1 0 2 0 2 2 5 -2 -3 0 0 1 0 2 -1 -2 2 0 6 0 -4 0 6 0 1 0 0 1 4 0 0 -4 2 0 0 0 -1 3 0 0 2 -6 2 -1 0 3 0 2 0 -1 4 -3 0 -4 55 -2 0 4 0 2 -1 4 0 0 -2 4 0 -1 -4 4 -2 0 -5 -4 0 -6 -2 -2 0 0 0 -1 0 0 6 1 4 6 -2 -1 1 1 0 1 2 0 1 0 0 0 5 -2 -1 -2 0 -4 2 -2 -1 0 3 1 0 2 2 -1 -2 -2 4 -2 0 0 -4 -9 0 -2 0 4 -1 4 -2 4 2 4 -2 4 4 0 10 1 1 4 0 6 0 0 -2 -4 -1 6 1 4 1 0 -2 -2 0 -4 -6 -6 -2 4 0 -4 0 0 0 -1 0 0 4 -2 1 0 2 2 2 0 -4 0 -4 0 0 2 2 2 0 -1 1 -2 -4 -4 5 2 2 0 -2 -3 0 2 -4 -4 0 0 0 -2 1 0 0 6 2 -2 4 3 -8 2 -2 1 4 0 0 0 4 -2 2 0 0 0 0 0 4 -4 0 -2 -4 0 4 2 0 0 0 0 2 0 2 -2 0 2 -2 2 0 7 0 2 2 3 0 0 1 0 0 -2 2 -5 1 -1 0 -4 0 0 4 2 -2 1 2 2 -1 0 0 0 0 0 -1 4 -4 0 0 2 0 -6 4 -4 0 0 10 0 -3 4 1 0 0
-4 0 0 0 0 0 2 4 2 -1 -4 0 0 0 4 4 0 8 0 0 0 0 -1 4 0 0 -4 2 -4 -1 0 2 0 0 2 -2 -3 4 0 4 2 0 0 2 0 0 -2 -2 0 0 -3 0 -4 0 0 2 0 2 4 0 0 5 2 -2 0 -2 -3 6 8 0 0 8 2 2 0 -2 1 3 -4 4 0 4 0 -3 -4 -2 -8 0 0 4 0 0 0 -2 0 6 -2 0 5 6 4 -2 0 2 0 4 0 0 2 0 0 0 0 -2 59 0 -4 4 4 0 -4 -2 -2 -1 0 -2 -3 0 -2 0 2 0 2 2 -4 0 0 -2 0 -4 0 -4 0 -2 4 -2 0 4 -1 0 0 7 -4 0 -4 -1 -2 4 -4 -6 -1 2 3 2 6 0 0 0 6 4 0 0 -4 -2 0 -2 4 -2 -2 0 4 0 0 -2 -4 0 1 4 4 2 5 0 0 2 2 0 -6 0 2 -2 6 -1 -8 2 0 8 -6 6 4 2 1 -3 0 0 2 0 -4 6 0 8 0 -2 -1 -2 -4 2 0 0 10 4 8 0 4 0 0 2 2 0 2 0 0 -1 -8 6 0 2 0 -2 4 -2 4 0 2 0 1 0 -4 0 0 0 4 0 0 -2 1 2 -4 3 0 -2 0 -2 -1 0 -4 0 -4 4 0 -4 2 0 2 4 0 2 2 -2 0 4 0 0 -3 -6 4 0 0 0 6 2 2 0 0 -1 0 1 0 6 -2 -2 2 6 0 -2 0 2 -1 -3 0 4 4 0 0 -2 -2 -4 0 3 0 0 0 4 -4 0 0 1 0 0 2 0 0 1 -2 0 2 1 0 0 -2 0 2 0 8 -4 -4 -4 1 0 0 0
0 0 4 4 -2 -4 0 -2 4 0 4 0 0 0 0 2 0 0 4 -2 2 0 6 -4 0 0 0 0 0 -2 -2 -4 0 0 0 0 2 4 0 0 0 -2 2 0 0 4 2 0 0 0 -6 -4 2 2 0 -6 4 0 6 0 0 4 -2 0 4 -4 2 0 -1 0 0 4 6 -4 0 0 0 0 0 0 0 0 0 -4 0 0 -4 2 4 2 0 0 0 0 4 0 -4 6 -4 -2 0 -4 -4 2 -4 4 -2 0 -2 2 -4 2 4 0 0 53 0 7 -4 0 4 0 0 0 0 0 0 0 0 0 0 0 0 2 0 4 0 0 0 4 -7 -2 0 0 2 -4 -4 2 4 0 0 4 2 0 0 0 0 -6 4 0 0 0 2 4 0 2 6 0 0 0 0 0 0 -2 0 0 4 0 4 0 2 0 -4 -4 0 0 -8 0 0 0 0 0 2 2 0 -4 0 0 -2 0 0 -2 0 0 0 0 0 -8 0 0 0 0 0 4 0 -6 -2 0 0 8 0 0 4 4 0 -4 0 4 4 0 0 2 8 2 0 4 4 0 4 2 0 -2 4 0 0 0 -4 4 0 -1 4 -2 4 4 4 4 6 0 0 -2 -2 0 4 0 2 0 4 0 0 0 0 -2 0 0 0 0 4 0 0 -4 0 -2 0 8 4 -2 -2 0 -4 0 2 0 -4 -4 0 -4 0 -4 0 0 0 -2 -2 4 4 0 0 0 0 -6 0 0 -2 -4 2 2 0 6 0 0 0 4 0 4 0 2 -2 0 2 -4 0 2 0 0 2 0 0 2 4 2 0 0 -2 0 0 -2 0 0 2 0 0 -4 6 0 4 2 0 -2 0 -2
-11 -3 0 4 8 0 7 -4 1 0 0 2 8 4 0 2 0 -6 1 0 0 0 -1 -2 2 -2 0 0 0 0 2 4 2 0 0 0 -2 3 0 2 2 4 2 0 2 6 -2 0 1 0 0 0 0 -1 -4 1 -1 0 0 2 4 0 -4 -4 2 0 -2 0 0 0 0 0 2 0 -4 4 0 0 4 -1 2 0 -2 -1 0 3 0 -2 0 4 -4 6 0 0 4 0 6 -2 1 -8 0 0 2 1 2 -6 0 0 1 0 8 0 0 4 -4 0 52 8 2 0 -6 0 -2 0 -4 0 -1 0 1 0 0 2 4 5 0 0 -4 0 -2 -2 0 0 0 0 0 0 2 0 -2 6 -2 -8 -2 0 -3 -2 0 -2 1 0 2 -2 -8 -2 4 0 0 4 6 -2 1 4 -5 4 0 0 -2 0 0 0 6 4 -2 0 0 0 0 2 2 2 4 0 1 2 0 0 0 2 3 2 0 0 0 0 -2 0 0 0 -2 1 -2 -2 -1 0 4 -4 -4 0 0 -2 0 4 0 0 0 0 0 0 0 7 -4 7 0 0 0 0 4 -2 -2 4 4 -4 0 0 -1 -3 -4 -2 -2 -2 0 0 4 0 2 -4 6 0 0 -2 4 0 0 0 -1 4 0 2 2 -2 0 0 -2 1 0 -1 -2 0 -4 0 -3 -2 0 0 2 0 -2 2 0 -1 0 4 0 -4 1 0 -2 0 2 0 -5 0 -2 -1 0 0 -2 0 -4 -2 0 0 -2 0 0 0 0 0 1 -8 0 0 0 0 2 2 0 0 0 -1 0 1 -2 -4 -4 0 0 0 -4 -3 10 2 0 0 -4 0 0 0 4 0 0 0 0 4 4 0 0 4 -4 0
-4 0 0 1 0 0 0 0 0 -2 6 0 4 2 0 6 0 2 0 0 0 0 3 -2 -1 -4 -2 0 0 -2 4 -2 0 0 0 0 -4 -1 0 -1 -1 4 4 -2 0 0 0 0 -4 -1 2 4 -2 0 2 -4 2 0 1 0 -2 4 0 0 0 0 0 -2 0 0 0 4 0 -2 -4 2 0 0 0 4 0 0 0 1 2 -1 0 1 0 0 0 8 1 4 -2 0 2 2 3 0 -1 0 2 0 2 -4 -1 0 1 0 10 0 0 0 4 7 8 47 -4 1 2 4 0 0 0 -1 0 0 2 4 2 -2 0 -1 -2 2 -5 0 -2 0 -1 -2 -4 0 0 -2 0 0 2 2 -2 0 2 0 -2 -2 -2 -4 1 0 2 0 1 0 0 0 3 0 0 0 1 0 1 0 0 0 0 0 6 -2 8 0 0 -2 -4 0 -2 4 0 6 0 -2 1 -1 0 0 0 -1 0 0 4 0 2 -4 5 0 -2 0 0 5 0 -6 0 0 -2 -2 -6 0 0 0 0 2 2 6 -1 0 -4 0 2 5 6 2 0 2 0 0 0 -1 0 0 0 -2 -4 -2 -1 -1 -10 -4 -2 -1 3 0 2 0 0 -1 -3 0 -4 -1 -2 -2 2 0 0 0 2 0 0 2 0 -2 0 2 0 -1 4 8 0 0 4 0 0 4 4 -2 -1 2 0 2 4 -2 1 4 2 3 0 -2 0 3 0 0 -2 4 -4 0 -1 0 0 0 -4 8 -3 0 -1 3 -2 0 6 0 0 0 0 0 2 10 -2 0 2 -4 2 6 -2 -4 -3 0 0 1 -4 2 6 2 2 -1 0 0 0 0 4 0 0 0 -2 0 0 -4 2 -4 -1 0
-5 -2 0 -2 3 0 2 0 0 3 0 -10 0 -1 4 10 -3 -4 -2 0 5 -2 4 4 0 0 -2 -1 0 -2 0 3 -2 0 2 0 -4 0 2 4 -1 0 -2 -6 0 0 0 0 2 0 2 -2 -4 0 -14 1 0 2 -2 0 5 0 -4 0 0 0 -2 -2 0 2 0 0 5 1 -1 0 2 -3 2 0 -2 6 8 0 -5 -1 -2 0 -2 -4 4 2 1 0 4 2 0 -4 0 -6 -1 0 0 -4 0 -2 -4 2 3 0 4 2 0 2 4 -4 2 -4 72 -2 0 -4 1 -2 0 -1 6 1 0 0 0 -6 0 2 -1 0 0 10 6 -2 2 0 0 -1 2 1 4 0 4 4 -2 2 -2 0 -2 -4 0 8 0 -2 -4 -2 4 0 0 1 0 4 -2 8 3 0 4 0 0 2 0 0 0 4 -2 -6 -4 4 2 -2 0 2 4 2 -4 -5 -2 0 0 0 0 4 4 0 0 -1 -10 0 -2 4 -4 0 -2 2 0 -3 4 3 -4 0 -4 -2 -2 -1 2 -2 2 4 6 -2 6 -4 2 -6 2 -3 0 -4 6 -2 1 -4 0 -1 -4 -3 0 0 2 0 0 0 5 -2 -4 0 2 0 -2 4 0 -2 2 0 4 -4 0 0 -4 -2 -10 0 -2 0 -4 0 -1 -4 -2 0 -3 0 2 7 -2 -2 0 0 2 0 2 -4 0 0 -1 4 -8 0 -3 0 -2 6 0 2 0 0 8 -1 -4 2 -4 4 2 -2 0 -3 0 0 -6 4 2 -2 -9 -2 4 4 4 0 -1 -4 -8 0 -2 -2 3 -2 0 1 2 -1 -4 0 -6 -5 0 0 0 -4 0 0 4 0 -6 0 -2 0 -12 -1 1 -4 8 0 2 -4
-2 1 0 0 0 0 2 2 -2 0 -2 0 2 0 2 0 0 0 0 2 -2 -4 0 0 -2 0 -1 0 0 0 0 0 -2 2 -1 2 -2 0 1 -3 0 -2 0 0 0 2 2 0 0 1 0 1 0 1 2 2 0 -3 -4 0 0 0 -2 0 -2 0 0 -1 0 0 0 0 2 0 4 0 -2 2 -4 -2 0 0 0 0 0 2 0 -4 0 -4 0 0 0 -2 -2 1 0 0 3 8 -4 0 0 0 -4 0 0 0 -2 0 0 0 0 -1 0 0 0 1 -2 22 -2 0 4 0 -1 0 0 2 0 -1 0 0 0 0 0 2 0 -1 0 0 0 0 0 0 -1 -1 2 0 2 4 0 4 0 0 2 0 -2 4 0 -1 2 -4 0 2 0 0 -2 0 4 -1 0 0 1 0 0 0 -2 -1 -2 -2 -2 4 0 0 2 0 0 4 0 0 0 2 0 0 0 0 0 -2 -2 0 0 -1 0 0 -1 0 0 0 0 0 0 -1 0 -2 0 0 2 0 0 0 -2 2 0 0 -2 0 -4 0 0 0 0 0 1 4 0 0 0 -1 0 4 0 0 0 0 3 0 1 0 0 -2 3 0 3 0 -3 0 1 0 0 0 0 4 0 0 0 0 0 4 0 -1 0 0 -1 2 -3 0 0 4 0 1 -4 -2 0 0 0 0 2 0 0 0 0 0 1 4 0 -1 0 0 2 -1 0 -2 0 -2 0 -2 0 0 0 0 2 0 -2 4 0 0 0 0 0 0 0 2 -2 0 1 2 2 0 0 0 0 0 5 0 -4 0 0 -2 0 -2 0 1 0 -2 4 0 0 0 0 0 -2 0 -2 0 0 0 0 0 -2 0
5 0 4 -2 0 -4 0 0 -1 0 9 0 -4 -4 -2 4 -4 0 0 0 5 4 4 0 -1 4 0 -2 0 0 -4 -4 0 0 1 4 0 -10 2 -1 -2 -2 3 -4 -4 -2 2 0 6 -2 0 7 -2 0 0 -3 4 4 -2 2 0 4 4 0 0 0 -2 -4 0 2 0 4 0 4 -9 0 -1 -2 0 4 2 -6 2 2 0 0 0 0 -2 4 0 -4 0 0 1 0 0 -4 4 0 -2 5 0 0 4 3 0 0 -2 0 3 -3 4 4 -4 4 -6 2 0 -2 71 0 0 0 1 0 -2 -2 -2 4 0 0 -4 -3 -2 3 3 2 1 0 2 -2 0 0 2 -2 0 -2 0 0 2 -6 0 -4 2 1 0 2 0 0 0 0 -2 2 0 -6 -4 0 0 0 0 0 0 0 0 0 0 -2 4 -2 -4 0 -4 0 0 0 2 0 4 0 -4 0 2 -6 0 -2 -3 0 0 2 2 0 0 0 7 -5 2 0 0 -6 2 0 0 -4 0 0 -4 6 0 -2 -6 0 0 0 0 0 0 4 0 1 -4 -4 0 0 1 0 -3 0 4 -6 0 5 6 4 0 0 0 0 4 1 0 4 2 0 2 2 2 0 0 4 0 0 0 0 2 0 0 0 0 6 0 2 9 -10 2 7 0 0 2 6 2 -5 2 2 4 -2 10 -2 -1 2 2 0 0 2 4 0 6 0 -4 -2 0 0 -6 -4 -4 0 8 0 -5 2 0 -1 0 6 -2 0 -4 2 0 0 0 -1 -2 1 0 -7 0 0 0 4 -4 3 0 1 4 1 0 0 0 2 -4 4 4 0 0 -3 -4 0 2 4 6 0 -3 0 -4 -2 0 0 -1 0
0 0 0 0 0 0 0 -2 -2 0 0 0 0 0 -2 0 0 4 0 0 -2 0 0 2 0 0 2 0 0 0 -2 0 0 0 0 2 0 0 0 0 4 4 0 6 0 0 4 2 0 0 0 0 0 0 0 0 0 0 -2 0 0 0 0 0 0 0 0 0 -8 0 0 4 0 2 0 0 0 0 0 0 1 0 2 0 0 0 0 0 4 0 0 4 0 0 0 0 0 -2 4 -2 -4 0 0 0 1 -4 0 0 0 0 -4 0 0 0 -2 0 0 4 -4 0 0 24 4 4 0 2 0 0 0 0 2 8 -2 0 0 0 2 -6 0 4 0 2 0 0 0 0 2 0 0 0 0 -4 0 2 0 0 0 0 0 -4 0 0 0 2 4 -3 -2 2 -1 0 5 0 0 0 0 0 0 0 6 0 4 2 0 0 -5 0 2 4 0 0 -5 0 -2 0 0 0 0 0 0 -2 -4 4 4 -1 0 0 -4 0 0 4 0 0 0 0 2 0 0 0 0 0 -2 0 2 -5 0 0 0 3 0 4 10 2 -2 0 2 0 0 0 0 0 0 -2 -6 0 0 0 2 -2 0 0 0 0 4 0 0 0 -4 2 0 0 -4 0 0 -2 0 0 0 4 10 4 0 5 0 0 0 0 0 4 -4 0 0 0 0 -2 0 0 0 0 0 4 0 0 0 0 -2 0 0 -2 0 0 0 0 0 0 0 0 4 0 0 0 0 2 0 0 0 8 4 0 0 -4 0 2 0 0 2 0 -2 0 0 0 -2 -4 0 0 0 0 0 0 0 2 0 -2 -2 0 0 0 -2 0 0 0 2 0 4 0 0 2 0 0 -1 0
0 1 0 2 1 -3 -1 0 0 0 2 0 0 0 0 0 -2 2 3 0 0 0 1 1 0 -1 -4 0 0 -2 0 0 0 0 0 2 -2 -2 2 -3 -3 0 -2 0 1 -2 0 2 0 2 2 0 7 -5 0 0 3 0 -1 0 -1 1 0 4 0 0 -2 0 -10 2 0 2 6 -1 -1 -4 -2 0 -3 1 0 -2 2 0 -4 0 0 0 0 -2 1 -2 0 2 2 0 0 0 0 4 0 2 1 6 -1 -4 0 0 0 0 -4 -2 0 0 -2 0 -2 0 1 4 0 4 37 0 0 0 -1 0 0 -4 -4 -2 3 -1 0 0 0 0 0 4 -1 4 -2 2 0 -1 2 2 3 0 -1 0 0 0 2 -1 1 6 0 0 -2 0 2 0 0 0 0 0 -2 -2 -2 2 -4 0 0 1 0 -4 4 0 -2 0 0 2 -8 -1 3 4 0 0 -4 2 0 1 -10 0 0 -3 0 4 -2 0 2 0 0 -4 4 2 0 -1 0 0 0 1 0 0 -1 -2 0 1 -2 0 0 2 0 8 -2 0 -4 -2 0 -3 0 1 0 0 0 -2 0 4 -1 0 0 0 0 0 0 0 -1 0 0 0 4 0 0 0 0 0 -2 -2 0 4 -4 -4 0 0 4 -4 0 0 0 0 0 0 -2 4 1 4 0 1 0 -2 -1 -3 2 0 2 0 0 0 1 0 0 0 -1 2 0 -1 0 0 0 0 0 2 2 2 0 0 0 0 -1 0 0 0 2 2 0 2 2 2 4 0 0 1 0 0 1 -2 4 -5 1 -2 0 0 0 0 0 -2 -1 -3 -4 0 4 0 1 0 0 -4 0 0 0 0 0 0 1 0 0 0 0 -2
-2 0 0 0 -8 0 0 4 -2 0 -1 -2 -2 0 0 0 0 0 0 -2 0 0 0 2 4 0 0 0 -2 0 0 2 0 2 -1 0 -2 6 0 0 1 0 0 0 -4 4 2 0 0 0 1 0 0 2 0 1 0 1 0 4 0 2 0 -3 1 0 0 1 -1 2 0 -6 -6 0 0 2 2 1 -2 0 0 -2 0 0 2 0 0 0 4 0 0 0 0 0 0 0 -2 0 0 0 -4 0 0 -6 -1 -2 -2 0 4 -2 0 0 0 -2 -1 0 0 0 -2 0 0 4 0 30 0 -2 -1 1 0 0 0 0 0 -4 -4 0 4 -2 0 0 0 4 0 1 -1 0 -4 0 1 0 0 0 0 2 0 0 4 0 4 -4 0 -2 -1 -2 6 0 -1 0 0 0 0 0 0 -2 0 0 0 0 0 0 -1 0 0 0 0 0 0 2 0 -4 0 4 0 -2 2 0 4 0 2 0 4 1 4 4 0 -2 2 2 2 -2 -4 0 0 0 0 0 4 -1 0 4 -2 0 1 -6 0 0 0 4 -1 0 -1 2 0 0 0 1 1 0 4 0 0 -1 2 4 -1 4 0 2 0 -4 0 0 4 -2 0 -1 0 2 0 0 2 0 -1 0 4 0 2 4 2 -2 0 0 0 -2 0 6 0 0 4 0 0 0 2 0 -2 0 0 -2 0 0 0 4 0 0 0 0 -4 0 4 0 0 -2 0 0 -2 0 0 2 0 0 0 0 0 0 0 3 4 2 0 0 0 2 0 0 0 0 0 4 0 1 0 2 2 1 0 0 0 -2 -4 4 0 2 -4 2 -4 -2 0 0 1 -2 0 0 -2 0 0 0 0 0 0 0
2 0 0 4 0 0 -4 -2 3 2 0 -2 2 0 3 0 -2 0 0 0 0 6 0 0 0 0 0 4 0 2 0 2 3 0 1 3 0 0 0 0 -4 4 0 0 4 1 -2 -8 0 0 4 1 0 -1 2 -2 14 -1 4 4 0 4 6 -2 -2 2 8 0 0 4 0 0 -4 2 -4 1 6 -2 0 0 -2 0 0 2 4 0 0 0 0 -2 2 2 -1 2 2 0 0 0 4 8 -2 4 -4 -1 -3 5 -2 0 0 0 0 -2 4 4 0 0 -4 0 0 -1 1 0 0 0 60 8 0 -3 0 0 0 -2 1 -7 -1 2 -4 2 0 0 0 0 0 0 -1 -1 0 0 -5 1 0 0 -2 1 2 -1 0 0 2 0 0 0 0 0 -5 2 4 -4 -4 -2 -2 0 4 -4 0 0 1 4 0 -2 0 0 -4 4 -2 -4 -3 0 4 0 -2 0 -4 0 4 0 0 6 0 -2 0 0 -2 0 2 1 0 0 0 4 0 -1 2 0 0 0 0 1 0 2 0 0 -4 2 -2 4 1 0 0 15 0 2 0 4 0 -4 -4 -2 0 0 2 0 -6 4 0 0 -1 6 2 2 -1 2 -1 0 2 -5 2 -2 0 0 4 0 0 0 -4 4 2 0 3 3 0 0 0 0 2 0 4 0 0 0 -1 8 -4 -2 -3 0 2 -6 3 0 0 -3 0 0 -2 -3 -2 0 0 -2 -2 4 2 -2 0 -2 0 4 -2 0 0 0 6 -5 -4 0 0 2 1 0 -2 0 2 4 1 0 -1 0 4 0 0 1 0 -2 0 5 0 8 2 0 0 0 5 0 -2 2 0 0 -6 3 0 0 -2 4 2 1 0 5 -5 0
0 0 2 6 -1 -4 -2 -1 0 4 0 0 0 0 0 2 2 0 0 -3 3 1 -1 0 0 0 0 0 0 0 0 4 0 0 4 0 2 2 0 0 -6 6 4 -2 0 0 4 -4 0 0 0 -4 0 -4 1 -1 4 0 1 0 4 0 0 0 -4 -2 2 0 1 1 0 -2 2 2 0 14 -3 2 4 -4 2 0 0 -4 10 0 2 0 -4 0 0 2 0 0 -2 0 0 0 5 -2 -1 4 0 0 -2 0 0 0 0 -1 0 0 8 0 -2 0 0 -1 -1 0 0 2 0 -2 8 60 4 -3 2 0 -2 2 0 0 2 0 0 4 0 0 -2 0 0 3 0 8 0 -4 -2 2 2 -1 4 -1 -2 0 0 0 -2 -2 -2 4 2 0 -12 1 4 0 12 0 0 0 -6 -8 -1 3 -4 0 -2 1 8 -2 -3 -2 0 0 4 0 4 0 4 -2 0 8 8 0 4 0 -4 0 0 6 2 0 -2 2 0 4 0 4 -6 -1 -4 0 2 6 0 -4 0 -4 4 0 -2 0 -4 0 -2 2 0 -2 0 0 -4 0 0 0 -2 4 0 2 0 1 0 0 -2 0 -2 -4 0 0 2 2 -2 4 -4 0 1 0 6 -3 0 -4 4 -6 2 0 3 0 2 -2 -4 0 4 4 0 -2 4 -2 -2 0 0 0 -4 -2 1 0 9 2 6 -4 -2 0 2 4 0 2 0 0 0 2 -2 -6 -2 2 0 0 0 4 0 -2 8 0 0 2 0 0 -4 -1 0 0 0 1 0 0 3 -6 0 0 -4 6 0 0 0 0 -1 6 0 0 0 0 0 -2 4 4 10 5 2 0 0 -2 2 -2 0 0 0 -7 0 -1 1 0
2 3 0 0 0 0 0 0 0 -3 0 2 4 0 0 -2 0 4 0 0 0 0 0 3 4 1 0 4 2 0 0 3 0 0 1 0 2 0 0 2 -2 0 0 -4 -2 4 0 0 0 2 -2 0 -1 -5 -2 0 0 -2 0 -2 4 -2 0 -2 0 0 2 -1 0 -2 0 -2 0 -2 1 0 3 3 -4 -4 2 2 -2 1 1 -2 4 -2 0 2 0 0 0 -2 4 0 0 1 0 0 0 0 -2 0 6 0 0 0 0 0 -2 4 -2 -1 -3 0 -1 0 6 0 -2 0 -1 -1 0 4 35 -4 0 1 0 0 -4 3 0 0 0 8 0 0 -5 0 0 3 2 0 -2 0 -1 0 0 4 2 0 8 -4 -1 0 2 2 5 0 0 4 0 4 -2 0 8 0 0 -2 4 -2 2 0 0 0 4 0 0 0 2 6 0 0 -1 0 0 0 0 0 0 0 0 0 4 0 0 0 0 0 -4 0 -2 4 -2 2 -2 0 0 8 0 0 0 2 6 -2 0 0 4 0 0 2 0 -4 -4 0 -1 0 -4 2 0 0 2 -1 0 2 0 0 0 0 0 -2 6 -5 0 0 0 -2 0 -5 0 -4 0 -4 4 4 0 4 4 0 -2 0 5 0 4 0 4 0 -2 0 2 0 0 0 -2 4 0 0 -4 0 -4 0 0 0 -2 -4 0 -4 -3 0 -2 0 0 -2 0 0 2 0 0 0 -1 1 -4 4 -4 0 0 0 0 -3 0 0 0 -4 0 2 -4 0 6 5 4 -2 0 0 0 0 0 4 4 0 -1 0 0 0 0 0 -4 2 0 -1 4 0 0 0 0 2 0 0 0 0 0 4 0 0 4 -4 0 0
1 0 0 0 2 1 0 0 4 -2 0 -4 4 -2 -2 0 -2 0 0 5 2 0 2 2 0 -4 0 0 6 0 0 0 1 4 -1 0 -1 -2 0 0 1 -2 -2 0 0 0 0 -2 -2 0 1 2 -4 2 1 0 -2 -1 0 -6 0 0 0 0 4 -2 0 0 1 1 0 0 1 3 -4 0 -6 3 2 0 2 0 2 -3 0 0 0 1 0 0 2 0 1 0 1 -2 0 0 4 0 0 0 0 -4 3 4 1 0 -6 -8 -1 2 -2 -4 0 0 0 0 1 2 -2 0 0 1 -3 -3 -4 50 0 0 0 0 -1 2 2 4 0 -2 -2 -2 4 0 0 0 0 0 0 0 1 4 -2 0 0 -2 -4 0 0 0 4 -4 -3 0 -2 -1 0 -5 2 0 -4 2 -4 -2 -4 2 0 0 -9 0 -6 -5 2 0 0 9 0 0 3 0 4 0 2 0 -2 0 0 0 0 0 0 2 -2 -1 0 -4 -1 -2 0 0 0 2 -5 -3 0 0 -2 0 6 0 6 0 2 0 0 0 -4 0 0 4 -3 -2 3 -3 0 0 2 0 2 -8 0 2 -2 0 0 4 0 5 0 -2 4 -1 4 8 -2 -2 1 -2 -2 0 0 0 1 0 0 0 1 -6 4 0 0 -3 -4 0 0 0 -4 4 0 0 2 0 -1 2 6 0 0 0 0 1 0 2 3 2 0 -6 4 -4 0 0 -2 5 0 -2 -1 0 -2 -4 0 0 6 -1 0 0 0 -5 0 0 0 0 -3 0 4 -4 0 0 0 0 5 0 0 0 -2 0 4 7 -3 1 0 0 -2 4 2 0 1 -2 0 3 -8 0 2 1 4 0 -4 -4 0 -2 0 2 0 -2
0 -4 0 0 0 0 0 0 1 0 1 2 0 0 -2 -6 2 0 0 0 6 0 2 0 0 0 0 0 0 2 2 0 -2 4 0 -4 0 0 0 0 0 0 0 0 0 0 0 0 0 0 0 0 0 0 4 0 0 0 3 2 0 2 0 0 0 0 -2 0 0 0 4 0 -4 2 0 0 4 0 0 0 0 -2 0 7 1 0 0 0 0 0 -1 -2 2 4 0 0 -4 0 -1 0 0 2 0 0 0 -1 0 0 4 0 -4 0 -4 4 -2 0 1 2 0 0 -2 0 0 0 0 2 0 0 26 0 4 4 -5 4 0 2 -2 3 1 0 0 0 2 0 4 3 0 0 -4 0 6 0 -5 0 -1 0 2 0 0 4 -1 0 1 -4 -4 6 0 0 0 4 0 0 -2 0 0 1 2 0 0 0 2 -1 0 0 0 0 2 -3 0 -4 2 0 -5 2 -2 0 0 0 2 -2 -4 0 0 -2 0 2 0 2 2 0 -2 0 -2 0 4 0 0 4 0 0 2 2 0 4 0 0 0 0 0 0 0 2 0 0 -4 2 -2 0 1 -3 0 4 0 0 0 -4 -2 0 0 4 0 -2 0 0 0 5 0 0 0 0 0 0 0 0 4 0 -2 0 0 2 0 0 0 -1 0 0 0 -3 -5 -1 -1 0 0 2 2 0 -3 0 0 -1 0 2 -2 2 -2 -2 0 0 0 -4 0 2 0 -3 0 2 -2 0 0 -2 -4 2 0 0 0 0 0 -2 0 0 -1 -3 0 8 1 3 0 -1 -1 4 0 0 -2 4 -2 0 2 0 1 0 4 0 -1 2 4 4 0 0 4 0 2 -1 0 -2 4 0 -2 0 0 -2
0 11 -8 0 0 -2 0 -2 -1 1 4 0 -3 0 0 6 0 6 2 0 4 2 1 2 0 2 0 6 -4 0 -2 0 4 0 0 -4 0 0 0 10 6 4 4 -2 0 0 3 -4 0 -4 4 0 2 0 -2 0 4 4 2 2 0 0 0 -2 0 4 2 -3 0 0 0 0 -4 0 -2 0 -1 0 0 -4 0 0 4 8 4 -3 -2 4 -2 4 0 4 0 -6 2 -1 2 12 2 -4 0 -4 0 0 0 2 0 0 0 -8 2 0 0 -2 0 0 0 4 0 -1 4 0 -4 0 0 0 1 0 0 48 6 -4 -2 0 -4 0 0 4 -1 0 -2 -2 2 0 0 0 0 0 -1 0 0 0 0 0 -4 2 0 0 0 0 0 -4 -2 4 0 0 0 4 0 5 0 4 0 0 0 0 0 5 -4 -2 -2 0 0 -2 2 0 1 4 0 -2 -2 0 0 6 0 -6 -2 0 0 0 2 -6 2 -2 6 0 -4 2 0 -4 8 0 0 0 -2 0 3 0 0 -2 0 4 0 0 0 0 2 -2 0 0 0 2 0 2 -2 2 0 0 0 8 0 2 8 2 2 0 -5 4 -2 -4 0 -4 -4 0 -2 2 -1 0 0 0 2 -4 2 2 -2 5 -4 4 0 -4 2 -4 3 4 7 0 0 4 2 0 0 4 4 -4 -2 0 0 0 -1 0 4 0 0 4 2 -8 0 6 -4 4 0 6 -4 2 -4 0 -4 0 -4 0 -8 0 -2 -4 0 0 0 2 4 -4 -4 0 0 6 -2 -4 0 0 0 -4 2 -4 1 0 -4 0 0 0 0 0 0 0 -4 0 4 0 0 -2 0 0 -6 4 -4 0 -4 0 0 -2 -2 -1
-2 0 0 4 0 0 0 -4 0 2 0 1 0 0 1 0 0 2 0 -2 2 2 -2 0 -2 2 0 0 0 0 0 0 0 4 0 0 0 0 0 6 4 0 0 0 0 0 0 4 0 0 -1 0 0 0 0 -2 2 4 0 0 -2 0 -2 2 0 0 -4 0 0 0 -2 2 -4 4 0 0 8 0 2 0 0 4 0 0 0 0 0 3 0 0 0 0 2 0 1 0 0 0 3 0 0 0 0 0 6 1 0 0 -2 0 0 2 0 0 2 0 0 2 0 0 0 2 -4 0 0 -2 0 0 4 6 25 -4 -2 6 -1 0 0 0 -2 0 1 -1 0 0 2 0 0 0 0 0 4 4 -4 0 0 -2 -1 0 0 0 0 0 3 -2 0 4 0 0 0 4 0 -4 0 0 0 0 -3 6 2 0 6 0 0 -2 6 0 0 2 0 0 0 1 -4 0 4 -1 -4 0 -2 1 5 0 0 0 -1 2 0 1 -4 0 2 0 0 0 0 0 0 0 2 0 0 0 0 0 0 0 0 1 2 2 4 4 0 0 -4 0 0 -3 0 0 0 2 -1 0 2 0 0 -1 0 2 -4 0 0 0 0 1 -1 0 0 0 -4 2 -2 4 0 -2 -8 4 0 1 1 0 2 0 -2 1 0 0 -3 0 0 0 0 2 0 0 0 0 -1 2 0 0 -1 0 2 -3 0 2 4 0 0 0 0 0 0 0 0 -4 -4 0 0 2 0 2 -1 4 1 0 0 0 -4 0 0 -2 0 0 2 0 2 0 0 0 -4 4 -1 0 0 0 0 0 -1 -1 0 0 0 2 -1 0 0 0 2 0 0 4 -2 0 0 0 2 0
0 -2 0 -6 -6 0 2 0 0 -4 0 6 0 0 -2 2 0 0 0 0 2 0 0 0 0 0 2 2 0 4 0 2 2 0 -2 2 2 4 0 0 6 4 0 12 0 4 0 0 0 0 -4 4 0 0 4 -2 -2 -8 -2 0 0 0 2 0 4 -1 -1 0 0 1 5 0 -2 0 2 -2 0 2 0 8 0 0 2 0 0 4 0 0 0 4 -4 4 2 4 8 -2 6 6 0 0 -4 1 0 0 0 0 2 0 -4 -2 -4 -4 0 -5 0 0 2 -2 -6 0 0 8 -2 0 -2 2 0 0 4 -4 -4 56 -6 0 6 2 2 -4 4 8 0 4 2 0 4 2 0 0 -2 0 2 -8 0 0 -4 -2 0 6 0 -1 2 0 -2 8 0 -2 0 4 0 2 6 4 -4 0 -2 0 -6 1 2 0 -3 5 0 -4 -4 2 2 0 0 2 -2 2 -2 0 0 4 0 6 0 2 -8 6 4 0 -4 4 -4 0 8 -5 0 0 -2 0 4 0 -4 4 4 0 0 0 6 0 -1 1 0 -1 2 0 0 2 0 0 -4 -4 -5 2 0 -2 0 -2 2 0 2 0 -1 -4 0 0 5 0 0 0 1 -2 -2 2 2 0 -4 0 0 0 0 2 1 -1 8 0 0 0 0 0 4 0 0 0 -4 0 3 -4 0 -1 -4 0 -4 0 4 2 0 0 4 -5 -1 0 0 0 -4 2 2 0 0 -4 2 0 8 0 0 0 0 0 0 1 -6 -2 0 4 -2 0 -2 -4 0 0 2 0 2 -2 0 2 -4 0 4 0 0 2 0 1 0 2 0 0 0 -1 4 -6 0 -2 6 0 4 -1 4 0 -4 -2 0 1 0 -2
-4 0 2 0 0 4 -2 -1 0 0 0 6 -10 0 -4 8 -6 6 0 2 -7 2 -6 0 0 -3 -7 -2 1 -8 2 0 0 -2 2 -2 -2 0 4 -6 1 0 0 -2 -4 -6 -6 3 2 -1 2 4 -2 0 -3 -2 0 0 -4 -2 6 0 -2 -2 -2 -1 0 -4 0 1 -1 -1 -4 0 -4 2 0 -6 7 2 -2 2 1 -3 5 0 -2 -1 4 0 -2 0 -2 1 2 4 -2 -1 0 -4 3 0 6 0 -12 -2 0 0 -8 0 4 0 0 -4 2 0 4 0 0 0 -4 -2 3 0 1 0 -4 -1 -5 -2 -2 -6 63 0 -1 0 -5 3 -2 2 3 2 4 2 -1 -1 -1 2 4 0 -5 -2 0 -3 2 2 -4 -2 0 -2 8 0 -3 -6 0 0 -1 -1 -4 -3 -5 2 -4 5 0 1 0 6 -2 -6 2 -2 -2 0 -2 3 2 -1 0 0 -4 0 -1 -4 -4 2 4 -14 -2 7 -2 0 0 0 -2 0 4 0 -2 8 -7 0 0 1 4 0 2 1 0 -2 0 -2 -1 0 2 -5 0 1 -3 4 6 -12 0 0 1 0 3 0 0 -4 -5 -6 -4 -2 -1 -4 2 2 -1 2 0 2 -1 4 4 -7 6 -1 -7 0 2 0 2 0 0 -2 -2 2 -3 -3 6 0 -4 0 -2 0 2 4 -6 3 2 0 0 3 -6 -1 0 0 -2 0 2 0 0 0 -2 6 0 -6 0 0 0 0 2 1 2 0 -2 -4 -8 0 -1 0 0 4 6 1 2 -2 2 2 0 -2 -2 -6 -3 0 -4 -1 1 0 -6 0 0 0 -2 0 0 1 -1 2 -6 4 1 2 -8 -4 0 0 0 0 4 2 4 0 2 4 0 -2 2 1
-5 2 0 -1 -1 2 0 -2 -1 2 -2 2 2 4 -2 8 -1 0 0 0 2 0 -3 -1 5 7 4 0 0 -2 0 0 0 4 2 0 0 2 -3 2 -1 0 -4 0 2 4 0 2 2 0 -5 -1 1 1 0 0 1 2 -2 -5 0 2 -1 1 0 0 -3 -2 1 -4 0 0 4 8 5 2 4 0 0 0 0 4 -2 -3 0 0 -2 0 1 -2 0 -2 3 0 4 0 4 0 2 -1 -1 0 -4 2 4 1 0 -1 0 1 4 2 -2 0 2 2 5 -1 2 0 -3 0 -1 -4 -7 0 3 2 4 0 6 0 0 75 0 0 0 4 0 2 1 2 0 -2 8 2 2 0 4 0 4 -2 -4 -2 -2 0 -1 0 -2 8 0 1 0 -2 -4 4 2 0 -10 2 4 2 0 0 -10 0 -11 -3 -2 -2 0 -4 -1 0 0 0 2 -5 0 4 2 4 0 2 -4 -4 0 0 -1 2 4 1 -10 -2 -5 5 -4 0 2 0 -1 0 0 0 0 -1 2 0 1 0 1 0 -1 0 0 -3 0 -10 2 4 0 -1 10 -10 0 -6 8 0 0 13 2 6 0 -2 1 4 -2 0 -6 -2 3 0 0 2 1 0 5 0 0 0 2 3 0 0 2 2 -4 -5 -4 2 0 0 0 -2 0 0 0 -2 0 -2 -7 -2 0 -2 4 -2 0 2 -1 0 -3 2 -2 0 0 -2 4 0 0 6 -1 0 -2 -9 -2 -2 0 -4 -2 -2 4 -2 1 -2 4 0 2 5 0 0 0 -8 0 -6 -10 0 2 2 1 4 -4 -1 -4 3 -1 0 0 -1 0 0 4 -2 -2 0 0 1 0 0 10 0 2 -2 2 2 0 0 2 0 5 0
-4 0 2 0 2 0 0 -3 4 0 4 -2 4 0 4 0 -1 -2 0 -2 0 -3 -4 -2 0 -2 0 2 -1 -2 0 4 1 -2 -3 0 -4 0 2 2 -2 2 0 8 0 0 -5 2 0 0 1 2 8 2 -3 4 0 6 -2 -2 0 -6 -1 0 2 0 0 0 0 -2 2 -2 2 0 4 2 -2 -2 -2 4 1 -2 2 0 0 0 0 1 -4 0 2 8 1 1 -4 2 2 0 0 -2 7 0 0 -3 -2 -1 0 0 0 -2 2 6 0 -6 -4 0 0 -2 -1 0 -2 0 0 -4 -1 2 0 2 0 -4 -1 6 -1 0 62 -2 0 -5 0 0 0 0 -6 -2 6 1 4 0 0 0 -2 -4 0 0 2 4 -8 12 0 4 0 0 1 2 -4 -2 0 2 -2 0 -3 0 -6 -3 0 0 -4 0 0 0 2 4 0 6 0 -4 -1 0 0 4 4 0 0 0 3 -1 2 0 0 -2 -2 6 2 0 -1 6 0 0 -4 2 -2 0 0 0 -2 0 2 -2 4 -2 0 0 2 6 2 2 0 0 0 0 0 5 -2 0 -4 5 -3 4 0 0 4 1 -6 0 0 4 0 0 6 0 0 -4 -4 0 0 4 3 2 0 0 0 4 -2 0 0 2 -2 -4 6 -2 -2 0 -4 2 1 0 0 0 -9 -2 4 2 -2 0 8 1 4 0 4 -1 0 2 8 8 2 0 0 -1 -4 0 0 0 4 0 6 0 0 -4 -2 0 2 -4 0 -2 1 -6 0 -2 4 -10 0 -2 0 -1 2 0 0 2 0 2 -4 0 0 0 0 -1 0 0 2 0 0 2 4 0 2 2 2 1 4 0 3 0 -2 -5 -4 4 0 -1 0 -1
-2 0 0 0 3 -2 0 0 0 0 0 -1 6 -4 0 4 2 0 2 -3 -4 -2 -2 0 0 8 -4 -2 -2 11 2 0 0 4 3 0 3 0 0 1 0 0 0 -2 -4 -2 2 -2 2 2 0 2 -1 0 0 0 -4 -2 5 2 1 0 0 -4 8 -2 0 2 -2 2 -2 0 0 2 -6 -4 -2 4 0 6 -2 -1 -4 0 2 0 0 1 0 0 -4 0 0 0 0 0 -4 -4 0 4 -4 -2 -2 2 1 -2 2 1 2 0 0 0 0 -2 0 4 0 2 0 2 3 0 0 0 2 0 0 4 2 0 0 2 0 0 -2 55 1 0 -4 0 0 0 0 0 0 0 -4 10 0 0 0 0 -2 2 0 4 4 -3 1 -8 0 0 -4 -2 -5 0 -2 0 0 4 0 1 0 -2 0 4 -2 -2 4 0 0 0 1 -2 0 9 0 0 0 7 0 1 0 0 -5 0 -2 0 0 -2 1 -2 3 -4 -2 -1 0 -5 0 2 0 0 0 -1 0 1 5 6 -2 0 0 0 0 0 1 0 -2 -4 4 0 -4 0 4 0 0 -8 -3 -6 1 0 0 4 0 -2 0 0 2 4 2 -2 3 0 0 0 4 0 0 2 0 4 4 4 0 2 0 -4 7 -8 0 -2 0 -2 2 -2 0 -1 0 -2 0 5 -5 1 -4 0 -2 0 -1 -2 -2 0 -2 0 0 4 0 -6 -4 -10 0 1 0 1 0 0 2 -5 0 10 -3 0 2 1 0 6 -6 0 0 2 0 0 -4 0 0 0 5 2 4 2 0 -3 0 -2 -1 -2 0 0 -1 0 0 0 -4 0 0 -4 0 2 -1 -1 4 0 -6 0 -4 -1 4 -6 0 0 -4 -2
0 0 0 2 -4 2 0 4 2 0 0 2 8 0 2 2 0 -4 0 4 0 0 -4 0 2 -4 3 -6 -2 0 -10 4 0 6 5 2 -4 8 0 5 6 -4 1 0 0 2 2 4 2 2 0 0 1 0 0 0 4 0 8 0 0 -4 0 0 0 0 8 4 -1 -4 0 0 0 0 -4 0 0 -4 -6 4 0 -4 0 -2 2 -2 0 0 0 4 2 -4 0 -4 0 0 0 0 -2 4 -1 -4 0 0 9 -2 -2 -4 0 0 -3 4 0 -2 0 0 -4 -5 0 0 3 2 0 4 -4 0 0 0 -2 0 0 2 -5 0 0 1 62 -4 0 2 0 0 0 -2 0 -4 0 2 4 -2 0 6 2 6 4 3 0 2 4 0 2 0 0 2 1 0 0 -4 0 2 1 -7 5 0 -4 0 -1 0 8 0 -4 -2 0 0 6 -4 0 2 4 3 2 0 1 -2 4 4 -2 -4 0 -1 -2 2 0 0 0 0 -2 0 0 -4 2 0 4 0 -6 1 -2 2 0 0 -4 -2 0 2 -3 0 0 6 0 2 -4 2 -1 -4 0 2 3 0 0 0 -1 0 0 6 -4 0 2 -2 4 -2 2 2 -2 -4 4 3 -6 1 -2 0 8 0 -10 -4 2 -2 -2 4 2 8 0 1 -1 0 0 0 -3 0 0 0 0 -4 0 0 0 2 1 -2 -2 4 0 -4 0 5 0 0 -2 -2 0 0 0 4 4 0 -4 0 7 0 -2 0 0 6 0 8 -2 -8 0 8 -2 0 -2 4 4 -5 0 -6 0 4 -4 6 4 0 0 4 4 2 -2 -2 -4 6 0 -2 -2 4 -6 0 0 5 -1 0 -4 0 0 -4 2 0 -2 -2 0 0
0 -1 -4 2 2 0 -2 2 0 2 2 0 4 4 0 -2 -2 10 0 2 2 6 2 4 0 -4 -2 5 0 0 2 2 -1 -3 1 0 -2 4 0 2 -2 2 0 -16 0 -2 6 8 0 2 4 2 -2 0 2 -1 0 0 -4 0 4 0 2 -5 0 6 0 0 0 -2 -2 2 -2 0 0 -2 -2 6 4 -4 4 2 -4 1 4 0 -4 0 4 10 0 -4 -2 0 0 6 0 0 3 0 0 2 -2 -2 0 0 -9 4 0 0 0 0 0 0 -2 0 0 0 10 -1 2 -6 0 -2 2 4 8 -2 3 4 0 -4 3 4 -5 0 -4 67 -5 0 2 0 0 -4 -3 7 4 0 -3 0 0 0 -2 0 -6 -1 2 0 0 8 0 5 -3 -6 -9 0 2 0 0 0 4 4 2 0 0 2 0 8 8 0 0 -4 3 4 -2 0 -1 5 -4 0 -8 4 3 2 0 2 0 -8 -8 1 -1 -2 -4 0 -2 -4 4 0 -6 4 -1 2 1 0 -4 0 2 -4 4 -4 4 8 -6 6 -2 -2 -1 4 0 0 -4 0 -4 0 6 4 -4 1 0 2 0 7 -2 6 3 -1 0 0 -6 2 0 0 -3 10 1 -2 3 0 4 4 -2 -2 0 4 5 -1 0 -4 -8 1 0 -2 2 -4 -1 0 0 8 8 0 -8 0 6 6 2 0 2 0 2 -2 -1 -2 -1 0 0 0 0 4 0 0 0 0 0 -1 0 4 -4 6 -1 0 -3 -4 0 0 4 0 0 0 -4 4 5 -6 -4 7 -2 -2 0 -3 1 8 -2 0 -6 0 0 2 0 0 0 0 0 0 -1 -2 2 -4 4 -2 6 0 -4 0 0 0 -2 4 0 0 6 0
-2 0 0 -6 0 0 0 -2 3 -4 0 2 -4 5 -6 4 0 0 -2 -3 5 -2 3 4 0 7 0 4 2 0 0 0 0 0 0 0 -2 -2 2 0 0 1 0 0 4 0 -1 0 0 4 2 -6 4 0 0 1 0 6 2 6 0 0 0 8 0 -2 -2 0 4 2 2 0 0 0 -2 4 -1 4 6 4 0 2 7 0 -2 3 0 -6 0 0 0 0 2 -4 4 2 0 4 2 0 4 2 0 -2 0 0 1 4 2 0 4 3 4 0 0 0 -2 -2 6 0 1 0 0 0 0 0 0 -2 1 -1 -2 4 -2 0 0 -4 0 -5 55 4 -2 0 0 0 0 1 2 0 0 0 2 4 4 0 6 0 0 0 0 -2 4 4 4 8 6 3 -2 4 -2 -2 8 3 2 0 -4 -4 0 0 0 -2 1 -2 -6 0 0 2 2 -4 4 6 -4 -2 -4 -4 0 0 6 0 0 -1 -2 0 0 1 3 2 0 2 0 0 0 -2 -1 -2 0 4 -4 0 -1 0 0 2 9 4 0 0 -2 0 0 -2 -3 0 -4 0 -1 4 2 4 0 0 -3 0 0 -2 2 5 -4 0 0 -2 0 0 -1 0 2 0 -2 2 -2 4 1 0 0 -4 0 -4 0 0 0 6 4 2 -4 2 -1 2 0 -2 0 4 0 -1 0 -4 0 0 -2 0 5 0 4 0 0 0 -6 2 -4 0 2 0 0 0 0 0 0 4 0 -2 0 0 0 -4 0 4 0 -2 2 0 4 0 0 2 0 -3 0 0 -2 4 -2 2 2 0 0 0 8 0 -4 -6 -2 -2 0 0 0 0 -4 -4 0 -4 0 4 4 0 0 -2 -2 -6 2 1 1 -7
0 2 4 0 -5 4 0 0 0 0 0 4 2 0 4 0 0 0 0 0 2 0 -4 2 0 0 1 4 0 0 0 2 0 -2 2 0 0 2 0 0 8 0 0 0 0 0 -7 2 2 0 -2 -4 0 0 0 0 0 6 0 -4 0 0 -2 2 0 0 -2 0 -8 0 2 0 -2 0 -2 2 0 2 0 0 0 0 0 0 0 0 0 0 -1 0 -4 0 0 0 2 1 -1 4 0 -2 0 -1 4 2 0 -4 -2 0 -1 2 -4 -4 6 0 -4 4 -2 0 -2 0 0 4 4 0 0 0 0 -2 0 0 0 8 2 2 0 0 2 0 4 32 0 0 -2 -2 0 -2 0 0 4 -2 2 -2 0 -1 0 1 -2 -4 4 0 0 0 4 0 0 0 4 4 -2 4 0 0 0 0 -2 0 0 0 4 0 0 -3 0 -4 -4 2 0 0 -1 -2 -4 0 0 0 0 0 0 0 -4 4 0 2 0 0 0 -3 0 1 4 0 0 0 0 0 0 -2 0 -2 0 0 2 -2 0 4 4 2 4 0 -4 0 1 -4 -2 0 0 0 0 -4 -2 0 0 0 0 0 0 4 0 -2 4 0 0 0 0 4 -2 0 0 0 -3 0 0 4 0 -4 0 0 2 0 4 1 0 0 -2 2 0 0 2 0 0 -2 -3 -6 -1 0 -4 -2 0 0 0 2 -4 0 0 -4 -1 0 0 0 0 2 0 0 0 2 -1 6 0 -1 0 0 0 -4 0 0 0 4 0 4 0 2 0 0 0 0 0 0 -6 0 0 3 -2 -4 -1 0 0 0 0 0 0 0 0 0 0 0 -4 0 0 0 4 0 -4 0 4 2 -2 0 0 0 0 0
-2 -6 -8 0 0 2 0 0 0 2 -2 0 -4 0 -1 -2 0 0 0 2 0 -2 7 -1 0 3 0 1 1 3 1 -4 2 0 0 0 0 0 0 0 2 2 2 0 0 0 0 0 0 2 0 0 -6 4 2 2 0 -2 1 4 0 0 0 2 0 3 -4 0 1 5 2 -4 -2 0 1 0 2 0 2 2 4 0 0 6 -3 0 -6 0 -6 2 0 0 -2 4 0 0 0 -2 -1 0 0 2 0 -4 0 1 0 0 2 1 4 -2 1 -1 0 -7 0 -1 2 0 2 0 -1 0 0 -2 -5 4 0 -2 1 0 3 1 0 0 0 2 -2 0 46 0 1 1 0 8 2 0 2 0 1 6 0 0 -2 0 -1 4 -2 -1 -6 -1 0 2 0 -6 -1 0 -8 -2 0 0 -4 2 2 0 -2 0 3 0 0 0 -3 -2 4 0 0 -3 -2 -4 -4 0 0 0 -1 2 0 -2 0 2 0 2 -7 0 4 0 -3 -1 0 -1 -2 -4 0 2 4 0 -1 -2 4 0 1 0 6 0 0 -2 -2 2 -2 0 0 -5 0 -4 4 4 0 -4 0 6 0 0 0 0 -2 4 0 1 2 -1 0 10 -4 0 -4 0 1 -2 1 6 -2 0 -4 0 -4 0 -1 2 0 -1 -1 0 0 -2 2 2 1 0 0 4 -1 0 0 7 4 0 4 0 -4 4 -1 0 1 0 0 2 0 4 -2 1 0 0 4 -4 -6 0 2 0 2 4 2 0 0 0 -2 2 -1 -2 2 0 0 -4 -3 -4 0 4 0 2 4 2 0 0 -2 0 1 -4 0 2 -4 0 0 0 0 0 0 0 1 0 -2 0 0 0 -8 0 0 4 2 -2 0 -6
2 0 0 0 0 0 0 -6 0 -2 0 -1 2 0 -4 0 0 0 0 -2 0 -1 -2 -2 0 -4 0 0 -1 2 0 2 4 0 -1 -2 4 2 4 -2 0 0 2 8 3 2 0 0 0 0 3 6 2 0 0 4 4 1 0 0 -4 -2 2 0 2 0 0 -2 2 4 0 2 0 0 4 0 4 0 -4 4 2 0 0 -4 0 0 0 1 -2 -2 -2 -2 0 4 0 -1 0 0 -4 0 6 4 4 -2 -6 -1 0 0 0 0 0 0 0 0 -4 -2 0 -2 0 0 -2 2 4 4 0 0 0 0 0 -2 -1 4 2 2 0 0 0 0 0 0 0 49 0 0 0 0 2 4 6 0 0 -4 -4 0 -4 -2 0 4 0 0 -2 4 1 0 0 0 0 3 -4 0 0 4 0 4 0 -4 4 0 0 2 0 -2 0 2 0 0 2 4 0 0 -2 2 0 0 2 1 0 4 0 0 -1 0 0 -2 -5 0 4 -4 6 2 -2 0 -2 2 -2 0 0 0 6 -4 -2 0 0 -2 0 -4 4 2 0 0 0 6 -2 -4 0 2 0 -2 4 -3 -2 -2 -2 0 0 0 0 0 0 0 2 -2 -4 0 0 -1 4 -1 0 0 0 4 1 4 0 -4 0 0 0 -4 3 0 -2 0 0 4 0 4 1 -2 -2 2 0 -4 4 -1 -2 4 0 0 0 6 4 -2 -6 1 0 -2 0 4 4 -4 6 0 1 -4 0 4 1 0 0 0 2 -4 0 4 0 1 0 2 -4 -4 0 0 0 0 0 0 -1 0 0 0 2 -2 0 0 0 -2 0 0 0 -1 6 -2 -6 -2 -1 2 0 4 0 -1 0 0 2 4 0 0 4 1
0 3 0 0 0 -2 0 0 0 0 0 1 -4 0 0 0 0 4 0 0 0 0 -4 0 0 0 0 0 0 0 0 -4 0 0 0 -1 0 0 0 -4 -4 0 0 -4 -2 4 2 0 0 -2 -4 -4 -4 0 2 0 0 0 0 4 0 4 0 0 0 0 0 0 0 2 2 0 0 0 -4 0 0 0 0 0 4 0 0 0 0 0 0 0 0 0 0 0 0 2 4 -2 -4 0 0 1 0 -2 -4 0 0 0 4 2 0 2 -5 0 0 0 0 0 0 -4 0 0 0 0 -2 0 0 0 0 0 2 2 0 2 4 0 -6 0 0 0 0 -2 1 0 27 1 0 0 0 -4 0 0 2 0 0 -2 2 -2 0 0 0 -1 4 0 0 0 0 0 0 0 4 0 4 0 0 0 0 0 0 2 0 0 0 0 0 0 0 0 2 0 0 0 -4 0 0 -4 0 0 0 0 0 0 -4 0 -1 4 0 0 0 -4 0 0 0 0 -1 2 6 0 -1 2 0 0 -4 0 0 0 0 -2 0 0 0 -4 0 -2 -2 1 -2 0 0 0 4 0 0 -8 2 4 0 2 0 4 0 0 0 0 0 0 0 0 0 0 0 0 0 0 0 0 0 -2 0 0 0 -2 4 2 0 0 -2 2 -1 0 0 4 1 0 2 1 -4 4 0 0 0 0 0 0 0 0 -4 -8 0 0 -4 0 0 0 0 -4 0 4 0 -2 0 0 0 4 0 0 0 -2 -1 0 0 1 0 0 2 4 0 0 0 2 2 0 8 0 -4 0 0 0 0 0 0 0 0 0 0 0 2 0 0 8 0 0 4 0 0 0 0 4 0 0 0 -2
0 -4 0 2 6 0 -2 2 4 0 0 0 -4 0 2 1 0 -4 0 -2 -1 0 0 0 4 0 0 -5 0 0 -1 -1 0 0 0 0 2 -4 0 0 0 0 0 4 0 0 -2 0 0 0 0 -2 0 -8 0 -3 4 0 0 0 0 0 4 -1 4 4 0 -1 -4 3 0 -2 0 0 0 -2 0 0 2 -6 -2 -2 0 -4 0 2 0 0 -2 3 0 0 0 0 0 0 2 0 0 0 0 4 0 0 0 0 4 0 -2 0 -2 -6 -4 6 -2 0 0 0 -1 0 0 0 2 1 0 3 3 0 0 0 0 0 2 -2 -2 0 -2 -4 0 -2 1 0 1 33 0 1 0 4 8 0 -2 -4 4 -2 -6 1 0 2 2 -5 2 0 0 0 0 2 4 0 3 0 -6 0 4 -3 0 0 0 0 0 -3 0 -2 0 0 1 -4 0 0 6 0 4 1 -4 0 0 0 -1 0 0 0 -4 0 3 0 2 -4 -2 -2 4 -4 0 -2 0 2 2 2 -5 3 -2 2 4 0 0 0 1 -2 0 0 -1 0 1 2 0 0 2 -1 -2 0 0 -1 -2 -4 0 0 -2 0 -4 0 0 0 -1 0 0 -2 0 -1 2 0 -2 0 -2 1 6 4 2 0 0 0 0 -1 -3 0 0 1 0 2 1 0 0 0 4 4 -2 0 -1 -8 0 2 0 4 0 0 -2 -4 2 0 0 -4 0 0 0 0 0 -2 -2 0 0 0 0 0 2 0 0 0 4 0 -5 0 1 4 -2 -1 0 2 -5 0 0 1 0 2 1 0 4 0 0 0 4 0 -2 2 0 0 4 0 0 0 2 0 0 4 2 0 -6 0 0 0 4 0 1 -2
0 -1 -2 -4 0 0 0 0 4 0 2 2 0 0 0 0 2 -5 0 3 0 0 4 0 0 0 0 -4 0 2 1 2 0 6 3 0 -2 0 0 0 0 0 0 2 0 -2 0 2 0 -2 0 4 -1 0 0 1 0 1 -2 0 0 0 2 2 3 4 0 -2 0 1 0 0 -1 4 0 2 0 2 -4 4 0 4 0 2 0 0 0 0 0 2 0 0 0 0 0 0 0 0 -1 0 4 0 0 2 0 0 4 2 1 0 8 2 0 1 4 2 0 0 2 -1 2 0 0 -1 -1 0 2 0 4 0 2 4 -1 8 6 0 0 -3 0 0 0 0 0 0 30 4 0 0 0 0 3 0 -2 1 0 1 0 0 -2 0 0 1 0 -2 4 4 -1 0 0 2 0 0 4 -4 0 1 2 2 0 0 0 4 -4 0 0 0 -4 0 4 0 5 2 -4 0 0 -4 0 4 0 -2 0 0 -6 0 -2 6 -8 0 4 0 0 0 0 0 -2 0 -2 -1 4 4 -4 0 0 0 0 0 0 0 2 0 0 0 0 0 -2 -2 0 1 4 0 0 -4 0 0 -4 2 0 -2 1 0 0 2 2 -2 1 -1 6 2 0 0 4 0 4 0 2 0 -2 0 1 3 -2 -2 0 -2 -5 0 0 -2 -6 -1 0 0 -2 0 -2 0 2 0 0 4 -2 0 -4 4 0 0 0 0 0 0 0 0 -4 -2 4 0 0 -2 0 2 -2 2 -2 0 0 0 0 -2 0 0 0 0 -2 4 0 0 -4 0 4 4 2 0 -4 4 2 0 0 0 0 2 -2 2 0 0 0 5 -2 0 1 0 2 0 4 0 -2 0 4 0 0 0
0 -1 -4 0 0 -2 4 -2 0 0 0 0 -1 4 0 1 2 0 0 0 1 -2 0 -6 0 -2 -2 -2 0 4 4 -2 0 -4 3 -2 -4 4 0 0 -2 -1 0 8 0 -6 7 4 4 0 -4 0 0 -2 0 2 0 -4 2 -6 1 -3 -3 2 2 0 -2 0 0 2 0 0 2 1 0 2 0 2 -2 0 4 8 0 6 4 2 0 2 0 6 0 0 0 0 0 -4 6 -2 5 0 -2 2 -2 3 2 0 0 4 2 -4 4 0 -3 4 -2 -4 0 -2 1 -1 -2 0 -1 0 -1 8 0 0 3 0 0 2 -1 2 1 0 -4 7 1 -2 8 0 0 1 4 42 0 0 -2 0 0 1 0 1 -2 1 1 5 -2 2 6 2 0 2 -6 0 -2 0 0 0 0 4 0 -3 0 0 -4 0 4 2 4 0 -2 0 2 0 4 -2 2 0 -3 1 0 1 -5 -4 6 0 -4 -3 0 1 2 0 0 0 0 2 0 -2 -2 0 0 0 0 -2 -2 -3 4 0 0 0 0 4 -2 -2 3 0 4 -2 0 -2 4 0 0 4 -6 -1 -6 2 -1 2 -4 0 0 0 -2 -2 0 0 0 5 4 0 -3 3 0 -2 2 4 0 0 0 0 2 0 -1 0 1 3 0 0 0 -3 1 0 -2 0 0 0 2 0 -4 0 4 3 6 0 0 0 -2 4 0 4 -2 0 0 -4 1 0 0 -4 2 -6 0 0 0 -2 0 2 2 -2 0 2 2 3 0 -4 -1 0 -2 -1 -2 2 -4 0 2 0 0 11 -1 0 -2 0 0 -4 -2 2 2 2 0 0 0 0 6 2 -1 2 2 1 -5 0 0 0 3 0 0 0 0 -4
0 0 0 0 -4 0 0 0 0 0 0 0 0 0 -2 0 -2 -2 0 2 0 0 -2 0 0 0 0 0 0 0 -4 2 0 0 0 0 0 -1 0 0 6 -2 2 0 4 0 -1 0 0 1 0 0 0 0 0 0 2 -2 -2 0 1 0 2 0 0 0 0 -2 0 0 0 2 0 -2 2 0 0 0 -2 -1 0 -1 0 2 0 0 0 1 -4 3 0 0 0 2 0 0 0 -4 0 2 4 1 0 0 2 0 0 4 2 0 0 0 4 6 0 -4 2 0 4 2 0 2 2 -4 0 0 -2 0 0 0 0 0 -1 2 4 -4 0 4 2 0 2 2 0 0 0 0 37 0 0 0 -2 0 0 4 0 0 -4 6 0 4 0 2 0 0 0 -2 0 0 -4 1 8 0 0 0 -2 0 -1 2 0 0 -1 0 -4 4 0 -6 2 8 0 6 0 1 0 0 -4 0 4 0 -2 0 0 0 0 -4 -4 0 0 0 0 0 5 0 0 -3 0 0 -4 0 -2 0 2 4 -3 0 -4 0 4 2 -4 0 0 2 0 -4 8 0 -4 0 0 2 0 0 -4 0 2 0 4 -2 0 0 0 0 0 0 -4 0 0 0 0 -4 -4 2 0 0 -2 -2 0 0 0 0 2 2 0 -4 0 -2 0 2 0 2 0 0 0 0 3 0 2 0 4 0 0 0 0 0 0 0 4 6 2 0 0 0 2 -2 -4 -2 2 -12 0 0 0 0 0 0 4 0 2 0 3 1 0 0 2 4 0 0 -3 0 0 2 0 -4 4 2 0 2 -2 0 -6 -4 2 0 0 0 0 0 0 0 0 0 0 0 -6 4 0 1 0 0 0 0
0 -8 0 2 4 0 -2 0 4 0 0 0 0 -4 0 0 0 4 0 -1 -4 0 0 0 0 4 -2 0 -4 0 -4 4 0 0 0 0 0 4 0 0 2 1 0 6 0 -4 0 4 4 0 4 0 0 -4 0 0 -2 -4 2 0 0 2 0 0 2 0 -6 12 0 -2 0 8 0 0 0 -4 0 0 -2 4 -4 0 -4 0 0 -6 -4 0 0 0 -2 0 0 -8 0 0 2 -2 0 0 0 0 2 0 -2 0 2 -2 0 -2 -2 0 0 -2 4 2 0 0 0 0 -2 0 2 0 0 -4 0 0 0 0 0 0 2 0 0 10 2 0 0 0 0 4 -4 4 0 0 0 50 8 4 0 0 -4 0 -2 4 -2 -5 0 -4 0 0 0 2 -2 0 3 0 0 4 0 4 0 4 4 -2 -2 0 0 0 0 0 -1 -3 -4 -2 0 0 -2 6 0 -4 -4 0 0 0 0 0 0 0 -2 0 0 0 0 0 0 -2 0 -4 0 -2 4 2 0 0 -2 4 -4 -4 0 0 0 0 0 2 2 -4 0 6 4 2 0 0 0 4 0 0 0 2 0 4 -2 0 -2 0 0 2 0 0 0 2 0 0 2 4 4 -4 0 4 0 0 0 4 0 -4 -2 0 0 0 4 -2 0 0 0 0 -4 0 0 0 0 0 -4 0 0 0 0 4 0 8 0 0 0 2 0 4 0 -4 2 -2 4 0 0 0 2 0 0 8 0 4 -2 -4 -2 -2 -2 -2 -4 0 0 6 0 2 0 -2 -4 1 0 -2 0 -2 0 0 4 0 0 0 0 0 -2 0 -4 0 0 0 -2 0 -2 0 0 8 -12 0 0 0 6 0 0 0 0 -1
-2 -7 0 0 1 2 -3 0 4 1 0 -2 1 0 -2 0 0 0 -2 0 2 0 0 0 -2 0 0 -1 0 0 -2 -4 2 0 -1 2 -1 1 0 0 5 -5 -4 2 0 0 -8 4 -2 -4 0 1 2 -4 -4 -2 6 -2 6 2 0 2 4 3 2 0 0 0 -4 0 -4 0 4 0 0 -4 1 -1 -6 1 1 0 0 -4 0 0 2 0 0 0 -2 0 1 2 0 0 0 0 -2 1 0 0 4 0 -1 0 -2 0 -2 0 8 -2 2 -1 -1 4 -2 2 4 2 0 0 3 1 -5 -2 -1 1 -4 -1 0 -2 4 4 0 0 4 -3 0 4 2 6 0 8 0 -2 0 8 48 2 0 -6 0 0 -4 -2 -1 6 8 -4 0 -3 -1 0 1 0 8 0 -2 4 0 4 0 0 0 -2 -1 4 0 0 0 0 0 0 0 -3 3 0 0 0 0 0 -2 0 0 0 -2 -4 1 7 -4 1 -2 0 -4 -4 0 -4 2 -3 0 0 2 0 -6 0 -2 0 0 -1 0 0 5 0 2 0 -2 0 0 -4 0 0 -2 2 6 -2 6 2 0 4 -4 -1 6 0 -6 4 -8 0 -1 0 2 0 4 -2 0 0 2 0 0 -2 0 -2 6 4 -1 -1 2 0 0 -2 4 4 0 -4 -4 2 4 0 0 -1 3 0 0 -2 0 -6 -2 -2 0 0 0 0 -4 6 -2 0 2 -4 0 2 6 0 1 0 0 0 0 0 0 0 1 0 0 0 6 0 -4 0 0 6 -2 0 -1 0 -4 0 -3 0 4 0 0 0 -1 0 2 1 0 0 0 -4 0 -3 1 0 -8 0 0 0 2 4 -1 0 -2 0 0 0 0 0 4 0
-3 0 4 2 2 0 3 0 0 0 0 1 0 0 0 8 0 0 0 -1 0 0 4 4 0 5 0 0 0 0 0 0 6 -2 0 0 2 0 0 0 0 -2 0 2 2 0 0 -4 0 -4 0 0 -4 4 0 0 0 -4 -4 1 0 0 0 -4 0 1 -3 0 0 4 0 4 2 4 0 0 0 0 -4 -2 0 2 0 -4 0 0 0 -4 0 0 4 0 0 0 6 0 4 0 0 0 -2 0 4 0 4 0 0 -4 4 -4 -2 0 -4 1 0 0 6 2 4 4 0 0 0 0 1 2 0 4 0 0 0 0 0 0 0 0 -2 0 0 -2 0 0 0 0 0 0 0 4 2 44 -4 -2 -1 -2 0 0 0 0 0 0 0 0 -2 0 0 4 2 0 0 2 0 -2 0 0 0 4 0 0 4 0 0 4 -6 -4 1 0 0 0 4 4 2 0 -2 -1 0 0 0 0 -1 0 0 4 -2 -4 -1 0 0 6 0 0 2 0 -2 1 0 0 0 -4 4 2 0 6 0 3 2 0 0 0 0 1 -4 4 0 0 0 2 0 2 0 6 0 0 4 -4 4 -2 1 -2 -2 0 4 0 4 0 4 5 0 0 4 0 0 4 0 0 0 2 2 0 0 0 4 -4 4 0 0 0 8 0 4 2 5 0 4 4 2 0 0 4 -1 0 0 1 8 8 0 0 0 4 0 2 -2 0 -2 0 0 2 -2 -2 0 4 4 0 0 -4 0 -2 0 0 -2 -4 0 4 -2 0 1 0 0 0 -2 2 4 -1 4 0 -2 2 0 2 0 0 0 -1 2 0 0 4 -4 4 -4 0 -1 0 0 2 0 -2 0 0 0 0
2 -4 0 2 -2 -1 0 0 0 0 0 0 2 2 -2 0 0 0 0 -1 3 0 4 -4 0 2 0 5 0 2 0 0 -8 6 -2 -4 2 0 0 0 0 0 0 4 0 0 0 4 -4 0 0 0 -1 0 2 0 -4 0 0 0 -2 0 0 0 0 0 0 4 0 3 1 0 0 0 2 0 2 4 0 0 0 2 0 0 0 0 0 2 0 -2 -4 0 0 0 2 0 0 0 -4 0 -2 -2 -1 0 0 2 0 0 4 0 -4 0 0 1 0 0 -2 -2 -2 0 2 0 -1 0 0 2 0 -2 6 0 4 2 -5 4 -2 0 0 0 2 2 1 0 2 -2 3 0 -2 0 0 -4 41 4 -4 4 0 2 0 0 0 -4 -2 -4 -2 -4 0 0 0 2 2 -4 4 0 0 2 0 0 0 0 0 8 0 0 0 -2 -2 9 4 0 -4 0 -4 0 0 -2 2 0 0 0 -4 0 0 0 -4 2 0 2 1 -4 0 -1 -2 -1 0 6 -4 2 3 2 4 2 4 0 0 -4 -2 3 0 0 0 0 -2 0 0 0 0 0 -2 0 0 0 4 0 2 0 3 2 1 4 3 4 0 -4 -4 0 -4 0 3 0 0 0 0 0 0 0 0 0 -4 0 0 0 -6 0 0 0 0 0 -2 -2 0 2 -2 2 1 0 0 0 -8 0 -4 0 -2 0 -2 0 0 0 0 -4 0 -2 0 0 -4 -2 0 4 2 0 -2 0 0 2 0 -1 0 1 -4 -3 -4 -4 0 -2 -1 3 2 0 4 2 0 3 -2 -1 -3 6 0 -4 12 0 0 2 0 -2 0 0 0 0 4 0 0 0 -2 0 0 0 2 0 -4 0 0 -4
0 -2 -2 2 -6 2 -2 4 2 4 0 -2 0 0 0 6 0 0 0 6 -2 -1 2 0 4 2 0 0 2 0 0 0 2 0 0 2 -3 4 0 0 -2 -4 0 -2 0 4 3 6 2 0 0 -4 8 4 -3 -1 0 0 -2 -2 4 0 -6 4 0 0 4 0 0 2 2 -2 0 -2 6 3 0 0 -4 4 2 0 4 -1 -2 -4 -2 0 0 4 0 -8 0 0 4 0 -4 0 0 4 -4 2 -2 0 6 0 0 -2 0 0 0 0 0 0 7 4 -8 0 2 4 -6 -4 0 0 0 -1 4 0 0 0 4 -8 -2 -2 -4 0 6 0 4 -2 6 -4 0 -4 0 1 0 0 -6 -2 4 69 -4 4 8 2 1 5 2 -4 -4 -6 4 -2 4 6 3 -4 2 0 0 -4 8 6 1 0 4 -1 5 0 8 -2 -2 0 4 2 0 -4 4 4 2 0 0 0 -4 4 -2 -4 -2 4 4 -5 -4 0 2 0 4 -4 0 0 -1 0 0 0 -8 2 0 -2 0 0 4 0 8 0 0 0 -4 6 0 0 -4 -4 2 4 -2 4 0 0 2 6 -4 6 0 4 0 -4 4 2 0 -4 4 4 0 -4 0 4 2 -4 2 0 2 0 -8 0 -4 -8 1 6 -4 -2 4 2 2 -4 -4 -4 -1 0 2 4 -10 2 -4 2 0 5 4 0 0 0 0 0 4 6 0 1 0 -2 4 0 2 -2 -2 0 -2 0 0 4 6 2 2 2 2 0 0 1 0 3 0 0 4 4 4 -4 -5 2 -6 0 0 0 4 0 -4 0 4 -1 4 0 0 0 0 2 0 0 2 6 0 0 -2 0 -4 0 2 -2 0 2 -4 0 0 0
0 0 0 0 0 0 -2 0 2 2 1 1 0 1 2 0 -1 0 0 0 0 -4 2 2 0 0 2 0 0 0 2 0 0 -4 0 0 2 -2 -2 -5 -2 0 0 0 1 -4 2 0 0 -1 0 2 1 -4 0 0 -2 1 0 -2 -1 -2 2 0 0 0 2 4 -2 0 0 -2 0 -4 0 2 -5 0 0 -4 0 0 0 -1 2 4 0 0 0 1 1 -8 0 4 -2 -1 0 0 0 0 0 0 0 -4 0 1 0 0 2 0 -4 -3 0 1 -4 2 -2 2 -2 0 0 0 0 0 -2 4 2 0 -5 0 -4 0 0 -4 0 -2 2 -2 4 0 0 -4 0 4 -2 0 0 -4 0 -1 -4 -4 43 0 4 4 -1 -4 0 4 1 0 0 2 -4 -4 0 0 8 -4 -4 -2 5 -1 1 0 -8 0 0 -2 -4 1 -2 -4 0 0 -2 0 -4 4 0 8 0 1 2 -2 6 -2 0 1 0 0 2 2 0 -2 -4 -1 0 2 4 2 2 -1 0 6 0 0 -2 1 4 0 0 2 0 5 -2 -2 0 -2 -4 0 -2 -2 -2 0 2 0 -1 0 0 0 0 -4 2 0 0 6 0 0 -4 0 0 0 0 1 4 4 -4 -4 0 2 0 0 1 -4 1 0 2 4 -4 -1 0 0 -1 2 3 0 4 -2 -3 -2 0 0 0 0 1 2 1 0 0 -2 -2 0 0 2 0 -1 -4 0 0 3 -1 0 4 -2 6 -2 0 -4 2 2 3 5 0 0 0 0 2 0 -5 -2 1 2 0 0 0 0 2 -2 -4 0 0 3 2 1 0 0 -2 0 -1 0 2 -1 0 0 0 0 0 -6 -3 0 0 0 -12 -2 -2 -1 -3 -2
-2 2 0 2 0 0 0 0 -2 -2 1 0 0 0 0 2 -4 0 0 -4 0 4 0 0 1 2 -1 0 -1 2 -4 0 0 0 -4 0 0 2 0 0 4 0 1 2 0 4 0 0 -4 4 0 -2 0 0 2 0 0 0 4 0 -4 0 0 -4 2 0 8 0 0 0 0 0 -4 0 2 0 0 0 -8 0 0 0 -6 0 0 0 0 -2 0 -2 2 0 0 0 0 0 0 -4 -4 2 4 -1 0 -2 0 -6 0 0 0 1 -2 4 0 2 0 0 0 0 0 0 -4 2 0 2 1 -1 0 -2 0 0 0 0 -3 -2 0 2 6 0 0 -1 0 0 -2 -2 1 1 4 0 0 -2 4 4 0 42 2 -2 0 4 0 4 0 0 0 0 0 -2 0 0 -1 0 6 0 0 0 0 1 0 -2 -2 4 -2 1 3 0 0 -4 2 4 0 0 2 8 0 0 -4 0 1 4 0 2 0 -2 3 0 -4 -2 0 0 0 0 4 0 0 0 -4 0 0 1 0 2 0 0 4 -2 -2 0 0 2 -2 1 0 4 4 -2 3 0 -2 0 0 0 -2 -1 -8 4 0 -4 4 -2 -2 0 2 0 1 0 0 0 -1 -1 -2 2 6 0 0 0 -2 0 0 -2 1 5 -4 -2 -1 -4 4 -1 0 0 -2 0 0 0 1 4 -1 0 0 0 2 0 -2 0 -6 4 0 -5 0 -2 0 2 0 4 2 0 -3 0 0 -4 0 -2 0 1 0 -2 2 0 0 -3 -2 -4 0 0 -2 0 0 3 0 0 -4 -1 0 0 2 0 0 -2 4 -1 0 2 0 -2 0 0 -2 -6 0 -4 0 -4 0 0 0 0 -2 -2 0 0 0 0
-4 -2 0 0 -2 2 -2 0 -1 2 -4 0 -4 0 0 0 0 0 0 0 -2 4 0 -4 0 4 -2 0 2 0 -2 4 -2 4 -1 0 0 -4 3 0 -2 -2 -4 -4 4 -2 -2 0 0 0 -3 0 0 -2 -2 2 -2 2 6 4 0 -2 -6 4 -4 -2 4 0 -4 -2 2 -2 0 0 -1 0 0 0 0 0 6 3 3 0 -2 0 4 -2 -4 -4 1 -4 0 0 -2 -3 -2 -4 -1 2 -2 0 -1 4 0 2 0 1 -1 4 4 0 0 0 -4 0 -3 -2 -2 2 2 0 2 0 2 -2 8 -4 -1 -4 0 -4 2 -2 2 0 4 -6 6 0 -2 -4 2 -6 0 -2 0 -2 -4 0 0 8 4 2 59 0 0 0 0 3 5 8 0 4 2 4 -2 -4 10 -8 0 0 6 4 0 -2 2 0 -2 0 -4 0 -4 0 0 -2 2 0 0 0 1 0 1 -4 0 -2 0 2 -2 0 6 0 0 0 -4 0 -4 0 2 0 0 4 2 -6 6 -1 0 0 -1 0 0 0 8 0 -1 6 0 2 -2 0 0 1 4 0 0 4 0 -1 0 -4 0 4 0 2 2 0 2 -4 0 4 -2 -4 0 0 0 2 1 0 -5 -2 2 4 -6 0 0 -8 8 0 0 2 2 4 -2 3 0 0 1 0 0 0 -5 -1 0 -4 0 4 2 -4 0 -3 0 -2 4 0 0 -2 0 -2 4 0 0 4 -2 10 1 0 2 -2 0 -3 0 2 0 -2 2 0 -1 -2 2 -2 4 8 4 -7 4 2 4 -3 0 -8 0 0 0 6 6 0 0 2 -1 -2 0 2 -4 0 -9 0 0 2 0 -4 4 0 0 4 4 2 -2 0 0 0
-4 0 -6 -2 3 2 4 0 0 -3 0 8 0 1 -4 2 4 -1 0 0 -1 0 3 -4 4 0 6 0 0 0 0 2 0 0 0 0 0 -2 0 -2 8 0 0 -2 2 -1 -1 2 2 -4 2 6 1 0 0 1 0 2 -1 0 -3 0 0 0 0 2 0 0 0 0 0 0 0 1 0 0 1 4 2 4 -2 -2 -4 0 -4 0 1 -2 -1 2 0 4 -1 0 0 5 1 4 0 -4 0 0 -1 -1 1 0 -3 0 0 0 -4 3 0 1 -1 0 -2 -2 -4 0 1 0 -1 0 -1 0 -4 0 0 2 -2 -2 2 0 4 4 3 -1 0 1 0 -2 -2 1 1 1 0 4 -2 0 2 2 4 -2 0 40 0 -6 0 0 2 5 0 2 0 -1 2 1 0 -2 0 2 0 0 2 3 0 1 0 0 2 -2 0 -4 -2 2 -2 0 0 4 1 0 0 0 0 0 -1 2 0 0 -2 1 4 0 3 0 0 0 0 2 0 2 1 1 -2 1 0 0 0 2 2 2 -4 -2 0 0 2 -4 -4 0 0 -2 0 0 -4 0 1 6 -2 0 3 -4 0 2 -4 -1 2 -4 -5 0 -1 0 -6 0 -1 5 0 2 -2 0 0 0 -6 0 0 -1 0 0 0 1 -2 0 1 1 3 0 1 -4 0 1 6 1 2 2 0 0 -8 6 -2 0 -1 2 0 4 4 0 0 -2 0 0 0 0 -4 1 2 -4 4 3 -2 2 0 0 0 -2 -1 -4 0 4 4 -4 -4 -2 2 2 0 0 0 0 0 -4 -5 0 2 0 0 0 0 2 2 1 0 0 0 2 0 0 2 6 -1 -1 -4 0 0 0 1 -1 -4 -2 -2 -4
0 0 0 0 2 -2 -2 0 -6 0 0 4 0 0 0 8 0 -2 0 -2 4 0 -1 3 0 -1 5 0 0 8 2 0 -4 0 0 0 1 2 4 0 -1 3 0 -5 -1 1 3 0 0 0 2 -2 -3 -1 0 0 0 -3 0 0 2 0 0 0 4 0 0 0 0 -4 0 -4 0 4 -5 0 -4 0 2 -1 -4 -6 2 -2 2 2 0 -2 4 4 0 0 2 0 0 0 0 0 -2 2 0 4 -2 6 5 0 -6 0 0 1 0 0 0 0 -2 0 0 -2 0 -2 0 0 1 4 0 0 -1 0 2 0 -1 0 -4 -1 -8 4 0 2 0 -2 -1 0 0 0 0 1 -4 -2 -1 0 0 1 -1 0 0 0 43 1 -2 -4 -1 0 2 -3 4 0 -2 0 -2 -2 0 0 4 0 1 0 0 0 0 0 -2 -8 2 1 4 4 0 -4 3 -4 0 0 0 4 0 0 0 0 -1 -2 -4 -1 2 0 6 0 -4 -3 0 -6 0 0 0 0 -4 2 2 -2 0 0 4 4 4 -2 4 2 2 0 -2 -4 -2 1 0 0 0 0 2 4 -2 -1 0 4 2 -4 0 0 0 -3 4 -2 0 0 4 0 -4 0 -1 0 2 -2 0 0 2 0 0 2 5 0 2 -2 0 5 0 0 4 0 0 -2 4 4 -2 0 0 0 4 1 -2 0 0 -2 -1 0 0 2 -1 0 0 0 -4 0 0 -2 1 0 2 2 0 2 0 4 0 2 0 -8 -5 5 4 0 0 0 4 2 -2 4 2 1 2 -8 -2 -2 4 0 2 0 4 6 -2 0 0 0 0 1 -3 0 -2 8 4 -2 0 0 -1 -4 -2 0 4 0 0 0 -2 2
-2 -2 4 0 0 -2 0 0 -1 4 0 0 -6 2 0 -2 4 0 -2 1 4 0 -6 -4 -6 -6 -2 -2 0 0 0 -2 4 0 -3 -6 -4 0 4 0 -6 -1 -2 6 -2 0 7 8 0 0 0 0 0 -4 0 -2 0 0 -4 -6 1 0 0 0 -2 0 0 -4 0 -2 0 0 8 0 0 -2 0 0 -4 -2 0 0 -4 0 -4 0 0 -1 -4 -2 0 0 0 8 2 0 9 -8 4 4 0 2 -2 0 1 0 -4 0 -4 -2 0 0 -4 0 4 -6 -2 -4 8 4 2 0 6 0 0 0 0 0 0 0 0 6 -2 0 12 -3 2 0 0 -4 4 4 0 2 0 5 6 -5 6 0 0 5 -4 4 0 -6 1 73 -2 -4 -2 -4 0 0 6 4 -1 0 -4 -2 -4 2 0 0 -3 0 0 0 0 0 2 0 0 1 0 -1 0 4 6 -2 0 2 0 0 0 0 0 0 -4 -2 -3 -1 0 0 -4 -2 4 -1 0 0 0 0 0 3 0 0 0 0 -1 0 0 -4 0 0 0 0 0 4 -4 -6 0 -7 6 -4 0 -8 0 -3 2 6 -4 2 0 -2 0 0 0 -2 0 0 6 0 0 0 -6 2 0 0 6 0 0 4 0 4 0 4 -1 0 4 0 4 0 0 0 0 4 -1 6 0 4 8 4 0 0 2 -5 4 -4 6 -4 1 -2 6 -8 -4 -4 -1 2 2 -3 0 0 2 -4 -7 -5 0 4 0 0 0 0 0 2 0 -3 0 -2 0 4 2 -2 -2 6 0 -1 2 -2 0 0 -4 0 6 1 0 -4 6 -2 -4 -4 0 0 0 0 2 0 0 0 0 0 4 0 -6 7 -2 1 0 -4 0 -5
-5 0 0 -1 0 4 0 0 0 0 -2 -1 4 -4 0 0 0 0 0 0 0 -2 0 0 -2 4 0 -1 0 3 -2 -4 -4 4 -2 4 -4 0 0 2 3 -2 0 0 0 8 -6 -2 -2 -1 0 0 0 0 -3 0 4 2 10 2 0 4 0 2 2 0 0 4 -2 4 0 0 0 0 0 4 0 0 -8 0 4 -4 4 -1 2 0 -2 2 0 4 0 0 0 0 0 0 0 0 -2 0 0 0 4 3 8 4 -2 6 0 0 -8 0 0 0 -4 4 1 1 0 0 0 0 0 4 2 -2 2 4 0 0 0 0 0 -2 0 1 4 0 0 4 -2 0 0 2 -2 -2 0 0 8 0 0 2 0 0 0 0 -2 -2 40 -2 -2 0 0 0 4 0 0 0 0 6 -2 -2 4 0 0 0 0 0 4 0 0 0 0 0 -2 0 2 0 0 1 0 6 2 0 0 0 -4 4 1 6 0 4 8 0 -2 -4 0 -4 4 0 -6 0 0 -4 0 0 0 2 0 0 -2 0 4 0 0 0 4 -4 -2 2 -4 4 0 0 8 -2 0 0 0 0 0 0 4 4 0 4 -6 0 0 -2 -1 4 4 -4 -2 0 0 4 2 -2 -2 0 -2 0 0 0 10 0 -4 0 0 0 0 0 0 2 2 0 0 -2 -2 0 0 0 -4 -2 0 0 0 0 0 4 4 0 4 -2 0 -2 0 0 -1 1 2 1 -2 0 0 0 3 0 -2 0 1 0 -2 -10 2 0 -4 4 -2 0 8 -4 -2 0 -4 0 0 0 4 0 4 0 2 0 0 2 0 4 0 4 0 0 -4 1 0 0 2 0 0 0 -2 -4 0 -2 0 5 0 1
0 4 4 0 0 0 2 1 -2 6 0 0 -3 2 3 0 -2 -4 0 5 2 0 -8 -2 0 -4 4 0 4 0 0 6 -1 -6 -2 1 -2 0 1 0 4 -4 -4 0 4 0 0 0 4 2 -1 -3 4 2 9 0 6 2 3 0 -4 1 0 0 -6 1 0 0 0 -3 1 2 0 0 -1 6 0 -6 -4 0 -1 0 0 4 6 0 2 -2 -3 4 0 2 0 0 2 -2 0 0 2 0 0 -3 0 0 0 -2 0 4 0 0 -4 0 0 5 -6 0 0 0 -2 -1 0 -4 0 -4 0 -2 2 -4 4 0 0 -1 -2 8 4 -8 0 8 -2 0 -1 0 -1 -5 0 2 4 -4 -4 0 -4 -4 4 4 3 0 -4 -4 -2 61 4 -2 2 0 -12 0 -4 0 0 0 1 -2 0 0 0 0 -2 0 6 -6 -4 -4 0 1 0 1 -4 0 -4 -2 0 0 0 2 6 0 2 0 0 0 0 3 1 0 0 0 0 0 -4 -1 4 3 -2 -2 2 0 7 -4 2 0 2 4 4 4 -4 0 -2 -4 -2 0 -1 6 0 2 -2 2 0 0 -2 -2 0 4 0 0 4 0 0 0 0 0 0 2 -2 0 0 0 5 0 0 -2 0 0 4 0 -2 -4 -1 -4 -2 3 -4 -5 0 -6 0 -3 -1 2 4 0 -8 0 6 0 7 -2 2 0 0 0 4 -1 1 -4 0 0 0 6 0 0 0 2 4 -2 2 10 0 -4 -2 2 0 0 -3 -5 4 -6 5 0 4 0 -2 -4 0 3 4 0 10 -3 0 6 -2 2 0 0 0 0 2 2 -2 -2 0 0 2 8 2 0 -4 0 4 -4 0 -2 5 4 0 1 0 3 10 2
0 0 0 0 0 -4 0 -2 -7 0 -2 2 0 2 0 4 0 -1 0 4 0 2 -4 0 -3 -2 -4 0 0 -4 -4 0 -4 0 0 0 -4 -1 0 -2 -2 -4 0 0 1 -4 0 0 5 2 2 6 -2 -2 4 0 4 3 1 2 1 -3 -4 0 0 0 0 0 0 -2 2 -1 0 -2 0 -4 0 2 0 0 2 0 -2 -1 -4 4 0 -2 1 6 0 -2 0 4 -4 0 4 0 -1 -2 0 -4 -2 1 6 0 0 2 -4 0 -2 2 1 -2 -1 0 2 2 -4 2 0 0 -2 0 0 -2 5 -3 -1 0 0 2 8 0 0 0 2 0 4 0 -6 -2 4 2 0 6 0 0 0 0 -2 -4 1 0 5 2 -1 -2 -2 4 50 2 1 0 -1 4 0 0 4 0 1 0 1 2 1 0 0 2 0 -4 -2 -4 6 0 1 4 -1 -2 0 4 0 2 -3 -8 4 -4 0 -3 0 -2 0 0 2 4 4 0 0 -2 -2 -3 -1 4 0 4 2 0 -6 0 0 0 0 4 -2 2 -4 -2 2 1 -2 2 -2 -6 0 0 -2 2 -4 2 0 -2 -4 0 -4 -2 0 -6 -2 -2 0 0 4 -4 0 0 -4 -3 3 4 -1 0 2 0 -2 0 0 2 1 0 0 0 -4 0 0 4 0 0 -4 0 -2 6 3 0 2 0 0 0 -2 0 0 -3 0 0 6 0 5 1 -2 -4 2 -2 0 1 -2 0 0 0 2 -2 -10 0 -2 0 -2 4 0 2 4 -4 3 -2 1 2 1 2 -2 2 0 0 0 0 0 0 0 -2 1 0 0 0 0 4 0 3 0 0 0 1 -4 8 0 0 0 0 0 0 2 0 1 -4 -2 -2
0 2 -4 0 -2 0 4 -2 0 -4 0 4 0 0 0 -4 0 -1 0 -2 0 4 0 -2 0 0 2 1 0 0 -1 -2 -4 -2 0 -2 2 0 -1 0 6 0 -4 -4 0 0 2 2 0 -2 -2 0 -5 0 0 -1 -4 2 0 6 2 -2 0 -1 0 0 0 0 0 2 0 0 0 0 0 0 0 2 2 4 0 2 -2 0 0 0 -2 -2 -1 0 0 -4 0 0 0 -2 0 0 -4 0 4 0 0 2 0 0 0 -1 0 2 0 0 0 -1 2 0 -2 0 -2 -4 0 0 0 -2 0 4 0 0 0 -4 0 0 0 1 0 0 0 5 4 0 -1 4 0 0 1 2 2 0 -3 0 -4 -6 0 0 8 5 0 -4 0 -2 2 30 4 4 1 -1 0 -2 0 -4 0 0 0 0 0 -1 0 2 0 1 -2 0 0 0 0 -4 -6 5 0 0 1 2 0 -2 0 -4 0 0 -2 -2 0 3 0 0 -2 0 0 1 -2 4 -4 0 0 -2 -2 -2 -4 0 -4 0 0 2 2 0 -2 0 4 2 2 2 0 0 -4 -4 0 0 -4 0 0 -4 0 0 -4 0 2 4 0 -9 -1 4 0 -2 -4 4 1 0 -2 2 0 0 0 2 0 0 4 -9 3 -4 0 0 -6 0 0 4 0 0 -2 0 0 0 5 -2 0 -2 0 2 -8 6 4 0 0 2 0 4 0 0 0 -2 0 0 0 -4 0 0 0 -4 0 -4 -2 -4 0 0 2 -6 0 0 0 1 4 4 0 0 0 -4 0 -2 -2 0 0 2 0 0 0 0 -3 4 0 0 0 0 0 1 0 0 -2 0 0 2 0 0 0 0 0 0 0 0 0 0 0 0
0 4 0 -10 -2 0 0 2 0 4 0 0 0 -4 2 2 0 -4 -2 2 0 -2 -10 2 0 -4 0 4 0 2 -4 0 0 0 0 0 -4 -2 0 -2 -5 0 0 -2 -2 4 2 4 0 0 3 0 -4 0 -2 1 0 4 -2 -2 -4 2 -2 0 0 2 0 0 0 0 2 4 -4 0 4 -4 0 1 -6 0 0 -2 0 -1 -4 4 0 1 4 0 2 0 6 0 4 0 -4 3 4 4 0 0 0 2 -4 -1 0 0 -4 0 -4 0 0 -2 3 2 -8 1 4 0 -2 0 2 -1 0 2 0 -2 1 -2 3 -2 -3 0 1 -4 0 -3 4 4 0 1 0 0 0 0 0 0 -1 -2 -2 4 0 0 0 0 2 0 0 2 1 4 61 -4 0 0 0 8 0 6 -4 0 0 0 4 4 0 -4 0 0 -1 -4 0 0 4 0 -6 -5 0 0 2 -4 0 -1 2 1 2 -2 -4 0 -1 1 0 4 1 0 0 2 -2 4 -2 0 4 6 0 4 -12 -2 4 0 0 0 5 4 0 4 2 -2 -6 0 2 1 -2 3 -4 0 -2 0 -2 -4 -2 -5 -4 -4 2 0 0 0 0 0 -6 0 0 6 -4 6 -5 -4 0 0 0 -4 0 -6 -2 -2 0 4 4 4 -4 8 -2 4 -4 0 -2 -4 -3 3 0 0 4 2 2 4 2 2 2 0 -4 2 -2 -2 -4 1 4 -2 4 4 0 0 2 -1 4 -2 0 0 -2 -2 0 0 0 0 2 14 0 0 0 0 0 4 2 1 -6 0 -2 -1 -3 -4 0 -2 2 0 0 0 -4 -2 0 0 -1 2 -1 0 6 9 0 4 -2 0 0 2 0 -2 4 2 4 -4 0 0
1 10 2 0 2 -1 1 0 1 -6 2 6 -6 2 6 4 0 0 0 -4 12 0 0 -5 8 0 1 4 -4 0 0 -3 4 0 -6 8 0 0 4 0 4 6 0 -4 4 3 0 -10 2 0 0 -4 4 2 -2 0 0 -2 2 6 0 0 -3 0 0 -8 4 0 0 2 4 0 0 4 0 0 4 2 -4 2 0 8 2 4 2 -1 -2 -2 -4 0 2 0 0 0 6 -6 -2 2 2 -4 0 0 0 0 0 4 1 4 0 4 2 4 -1 0 2 4 -2 0 0 2 2 2 0 -2 0 0 4 -1 -4 4 -2 8 -6 -2 2 -2 2 -6 8 0 2 0 0 0 -2 2 0 2 0 0 -4 -2 2 0 4 2 -3 0 0 0 0 4 -4 67 0 0 -2 0 0 -4 2 6 0 0 -8 -2 6 0 -8 0 -2 2 0 4 -4 -4 0 4 -1 2 -3 0 -2 -2 0 0 8 0 0 4 -4 4 0 4 2 0 -5 0 2 -4 0 2 0 0 0 -4 8 2 0 4 -4 -2 4 2 2 2 -2 -2 4 0 2 -2 0 -2 2 -4 -4 -2 -2 -2 0 -4 5 -2 -6 2 -2 -4 0 -2 2 0 -4 -3 -4 0 -4 8 2 0 -2 0 0 -6 4 -3 -4 -6 7 1 2 -2 0 4 4 0 -1 0 0 2 -2 -2 -4 -5 0 5 6 -1 -6 0 3 4 4 1 -1 -2 0 0 2 0 0 -2 0 4 0 4 4 4 -4 3 4 -2 0 3 -5 -1 -2 6 0 0 2 -1 0 -2 0 -1 0 0 0 -1 -1 0 2 0 0 -2 -4 2 6 -2 0 -2 3 -3 0 2 0 -4 0 4 -2 -8 2 0 -2 0 4 -2 -2 0
0 0 0 -4 0 2 6 -2 -2 0 2 4 0 4 1 0 0 -2 0 0 -2 0 -4 2 0 -2 2 -1 -4 -4 0 3 0 4 -4 1 -1 -4 0 0 -1 2 0 2 0 0 4 4 0 -4 0 -4 -4 0 -2 -1 4 8 3 0 1 0 2 5 2 0 0 0 2 4 -2 1 0 0 2 1 -4 4 0 4 2 0 0 0 -6 0 2 1 4 4 2 0 0 0 0 4 -4 0 -4 -2 0 -6 3 6 -1 -4 0 4 0 0 6 0 1 -4 6 0 4 0 0 0 0 4 0 6 -5 -12 0 0 -4 0 0 0 0 -4 -4 -5 1 -9 6 0 0 0 0 0 4 -6 0 -2 1 0 0 4 -4 0 2 0 4 6 4 -12 -1 1 0 0 50 -2 -6 2 0 0 0 2 -4 10 0 -2 9 6 0 0 0 0 0 2 0 0 -4 1 4 -1 2 3 -2 -6 0 0 -2 0 0 1 4 0 0 0 -2 1 -2 0 0 0 4 0 -2 0 -4 -2 0 4 0 6 4 0 0 -4 4 0 0 5 0 1 0 -2 3 0 4 2 0 6 2 2 0 -4 4 4 -4 6 0 0 -2 0 4 1 4 2 0 -3 2 4 -3 0 0 0 0 -4 -1 5 4 4 2 0 0 4 -8 -1 0 0 2 -2 0 0 6 0 -1 0 0 2 -4 -2 -2 -2 2 2 0 -1 0 2 0 0 0 0 0 3 0 0 0 0 0 -8 0 4 -4 0 2 -1 -4 2 4 6 0 0 6 8 0 1 0 2 -2 0 0 -4 4 0 0 -2 0 -4 0 2 0 0 0 5 -1 0 -4 0 0 -4 -2 2 2 0 4 2 -4 4 0 0 0 0
0 0 2 0 0 0 0 0 4 0 0 -2 0 3 -2 -2 4 -3 0 0 0 0 0 4 0 0 0 -2 0 -2 1 2 4 2 0 0 0 4 0 0 -2 -1 2 0 0 0 -1 -2 0 2 0 0 6 -2 0 -1 4 1 4 0 0 2 0 0 0 2 -4 0 0 -2 0 0 1 5 6 0 4 0 0 0 -4 0 4 -2 0 0 0 0 -2 0 4 -2 0 4 -1 0 0 2 0 0 0 4 0 -2 0 0 1 0 -1 0 -2 0 2 2 0 2 0 0 1 0 -6 -3 0 0 2 1 4 -5 6 0 4 -2 0 4 -2 0 0 0 3 0 -6 0 0 2 4 0 -2 0 0 4 0 6 -4 -2 4 -1 0 4 0 0 4 -1 0 0 -2 35 0 0 2 2 -3 0 4 -2 0 -1 0 -2 0 -4 0 -2 6 -1 0 0 4 -4 8 0 5 0 -4 0 0 0 0 6 0 -2 0 -2 -2 0 2 4 -2 4 4 0 2 8 0 0 4 0 -2 -4 0 0 4 -2 -1 8 0 0 0 1 -2 0 -1 4 0 0 -3 4 0 2 0 3 -2 -1 4 2 0 -6 -2 0 2 -2 0 -4 0 -1 0 0 0 0 0 0 0 0 0 0 0 0 -4 0 -2 4 4 -1 0 0 0 0 2 -2 -2 0 0 0 -3 0 0 0 0 0 0 -2 0 0 0 4 -6 0 4 4 4 2 0 0 4 2 0 0 0 2 2 -2 4 2 0 0 0 0 0 -1 0 2 0 4 0 4 -1 0 0 0 0 -4 5 0 0 6 2 0 0 0 4 0 0 0 0 0 0 2 0 4 0 -1 0 0 2 4 0 0 2 -1 0 0
-8 -4 0 10 -5 6 -6 -4 4 -2 4 2 6 4 -4 -6 0 0 0 1 -4 4 6 -2 1 -2 0 -4 -1 0 0 0 1 -2 0 4 2 4 0 0 0 0 0 -4 0 0 -6 0 4 0 0 0 -2 -6 4 -4 0 -1 4 0 0 0 0 -2 -3 1 -4 0 0 1 -2 0 4 -4 0 -8 9 6 -2 -2 -2 -6 -2 -3 0 0 6 0 2 -4 4 0 0 4 4 0 4 -2 0 0 0 2 0 -6 2 4 0 0 4 0 0 0 -1 -2 0 6 0 3 0 -2 -4 -2 0 -1 4 4 -2 2 0 0 0 0 -1 2 0 -2 0 2 -2 4 -1 0 0 4 -1 -2 0 3 8 2 0 3 0 0 -2 2 -2 -1 0 -4 0 0 0 -2 -6 0 70 -4 -4 4 0 0 4 0 -4 0 0 0 -4 0 0 0 2 1 0 -2 -4 2 -2 2 4 -6 -4 0 0 -2 0 6 0 4 -2 4 2 0 4 -4 0 2 0 0 1 0 -4 0 0 0 -4 4 0 4 -4 0 -4 0 0 0 0 0 0 4 -4 0 2 0 -2 0 12 2 0 4 0 -2 -4 4 -2 0 2 -2 0 4 12 2 0 0 2 0 -8 -2 8 0 0 0 0 1 0 4 12 -2 0 2 4 0 -4 0 2 0 2 0 2 2 -4 4 2 -1 0 -2 0 2 -1 2 -2 -4 0 0 0 2 0 0 0 0 -2 2 -4 -6 0 4 0 0 -2 -2 0 -6 -2 -2 -1 1 -8 0 0 0 0 0 0 4 2 -1 0 0 0 0 0 -2 0 0 0 0 0 0 -2 0 4 -2 4 -1 -4 -2 0 0 -1 4 4 0 -6 0 -2 2 0 0 -1 1
-2 0 -3 0 0 0 4 -4 2 0 0 3 0 0 -4 4 0 -4 0 1 2 -4 -1 2 0 4 0 4 0 0 0 -2 4 0 0 0 -1 0 0 0 5 2 4 4 0 0 2 -1 -2 0 -2 0 -8 0 2 0 3 0 -3 0 0 0 -4 -2 0 0 -1 2 0 0 -2 1 0 0 0 -1 -4 -2 -4 0 1 0 0 0 -1 0 1 2 4 4 0 6 0 0 4 1 0 6 0 -4 0 4 5 2 0 -4 0 4 0 -4 -4 0 0 -1 0 0 4 0 4 0 0 2 0 0 -4 0 0 0 0 4 0 4 -1 0 2 0 -4 0 4 4 0 3 0 0 0 0 0 0 0 0 2 -4 0 0 -4 1 0 0 0 0 0 -2 8 0 2 0 -4 38 4 0 0 0 -2 3 0 0 0 0 0 0 -4 0 0 -2 0 2 0 0 0 -2 -2 0 0 0 -2 0 0 0 0 -2 2 -1 0 -2 0 -1 -2 -4 1 0 4 0 0 0 0 0 4 0 0 -2 0 0 0 0 -3 0 0 -1 0 2 0 0 0 0 -1 0 0 -2 0 4 3 0 0 -2 2 2 0 0 -1 -4 0 -2 2 -2 0 2 -4 1 -3 0 0 0 -3 -1 1 7 -2 0 0 0 3 0 2 0 -1 0 1 0 4 0 4 0 6 -4 4 0 0 0 0 0 2 2 -4 0 -4 0 -2 2 0 0 -4 8 0 0 1 -2 0 0 -5 0 0 -2 0 -1 1 2 0 -8 0 0 0 0 1 2 0 2 0 0 0 0 0 0 0 0 0 -1 0 0 0 0 2 1 0 -2 8 -1 1 -2 0 -4 0 0 2 -2 2 5 0 4 0 0
1 2 2 0 -2 -4 4 2 4 2 4 4 0 0 2 4 0 0 2 -4 7 -6 -4 -2 2 0 0 0 0 0 0 0 -1 1 0 0 8 4 -4 0 -4 0 4 -2 0 0 6 4 0 0 -2 0 4 -10 -2 1 0 0 -2 6 0 0 -2 -2 -4 -8 4 0 -2 -3 0 -2 -2 4 4 -2 -4 0 -2 -10 3 0 -2 -4 -5 0 4 4 -2 8 -2 0 2 -4 4 -2 0 0 0 2 -1 0 -2 4 -2 -4 1 -2 0 -1 0 4 4 0 6 0 6 0 -2 4 0 -1 -2 0 -4 12 8 -4 0 0 0 0 -4 -10 -2 0 0 0 -2 -2 -8 -4 4 3 0 0 -4 0 -2 0 2 2 8 -1 10 0 -2 -4 0 0 4 0 0 0 0 2 -4 4 77 -1 4 0 -4 2 -2 5 4 -8 4 0 0 2 -3 -6 5 0 4 -4 -2 2 -2 0 8 0 -4 -4 4 4 0 0 0 2 0 4 -6 0 -4 2 6 0 -1 4 4 0 4 2 0 0 -2 -2 6 0 0 1 0 4 -6 4 -2 4 0 -2 -4 4 -4 0 0 6 4 -8 4 0 0 -2 -2 -5 0 4 0 -4 0 -4 0 0 0 0 1 0 2 0 4 -4 0 0 0 4 0 10 -2 -6 -6 -3 0 4 -6 6 0 -4 2 0 0 0 4 -4 5 4 0 -2 0 -4 0 0 2 0 2 2 0 -2 2 -5 0 5 -4 6 0 0 -2 2 -4 -10 4 4 0 -2 2 0 0 -2 -2 2 2 3 -4 0 2 -8 0 0 0 -2 -4 0 -2 2 -4 6 2 1 0 4 0 0 -6 0 4 2 2 6 -2 -4 0 2 -6 0 0 0 0 0 -4 -2
-2 0 0 -5 4 8 0 -4 2 8 0 0 -1 0 4 0 5 4 0 0 2 2 0 2 0 0 0 2 1 0 -4 0 2 -1 0 0 0 0 0 10 8 0 0 -1 0 8 -6 -2 2 1 0 0 2 0 0 0 0 0 -2 -3 0 0 -2 4 4 0 -4 6 0 0 0 6 -4 0 0 -4 0 4 2 0 0 0 0 0 0 -6 0 0 0 0 0 0 0 0 -1 -5 0 0 2 0 0 0 4 -2 2 -10 0 0 2 -2 -4 2 0 3 4 0 -2 0 8 -1 0 0 -2 0 -2 0 0 2 4 5 4 2 -3 2 0 4 2 0 -2 4 -2 0 0 0 2 0 1 4 4 2 -4 0 -4 0 -8 -2 -2 -2 6 0 0 -4 6 -4 0 2 4 0 -1 63 2 0 0 0 0 0 0 4 0 0 -2 2 0 -2 2 0 4 -4 2 2 2 0 0 2 -4 0 0 0 3 6 -2 2 4 -4 0 0 0 1 0 -3 2 0 0 7 -4 4 2 -3 1 0 0 1 3 0 4 4 0 -1 4 0 0 6 0 0 0 2 -6 0 2 0 -2 0 0 0 0 -5 -7 0 2 0 0 -2 -2 4 0 4 -1 0 4 0 0 0 0 2 2 0 2 8 2 2 -4 4 11 0 0 0 2 0 0 0 -2 0 4 0 0 2 -4 0 2 -1 -12 0 0 4 -4 -1 0 2 2 1 -2 4 10 4 -7 0 0 0 0 0 0 0 0 0 -12 2 4 0 0 -4 -4 8 -4 0 -2 0 -2 0 0 0 2 0 2 0 0 0 -2 -1 4 4 4 0 0 -2 -4 0 0 -2 2 0 2 -2 0 5 0 0 10 2 0 0
0 0 0 0 0 0 0 0 0 0 0 0 0 2 -8 8 -1 -2 0 0 6 0 0 0 -4 2 1 0 0 0 -6 0 2 0 -4 2 -2 3 0 0 2 0 0 0 0 0 0 4 1 0 0 0 4 0 -1 0 -4 4 0 0 0 4 -4 2 -4 0 0 2 8 0 0 0 0 3 0 0 0 0 -2 0 -1 0 1 0 -2 -4 0 0 0 -2 0 4 6 0 2 0 0 -8 0 0 -2 0 -4 0 5 -2 4 0 3 2 0 12 0 1 0 0 1 1 3 0 0 5 -2 0 -2 0 0 -4 0 0 0 6 -5 4 -3 0 1 4 8 0 0 0 4 -6 0 0 8 0 0 0 4 0 -4 6 0 0 0 -4 -2 1 1 0 -4 2 0 -3 0 0 4 2 50 4 3 0 -1 0 -2 4 0 6 0 0 0 0 -2 2 8 0 0 0 0 4 7 0 -4 -4 2 1 0 3 -2 0 0 0 0 4 -2 0 2 3 3 0 0 0 -4 0 2 0 0 0 2 0 8 0 -2 4 -2 -3 0 0 -4 0 0 0 4 0 2 0 0 0 4 0 -6 8 0 -1 6 0 0 0 0 -4 0 0 0 0 -2 1 0 0 -2 0 0 4 0 2 -4 0 -2 0 -2 3 0 0 0 -1 0 0 4 4 2 -2 0 0 0 0 0 0 0 0 0 -1 0 0 -4 0 -4 0 4 4 4 0 0 0 -4 4 2 -2 -2 0 -2 0 -2 0 -4 0 2 0 0 0 0 0 -1 0 2 0 2 2 0 0 2 -2 -6 1 4 1 0 0 0 -2 0 0 -2 0 0 -4 0 2 2 0 -4 0 3 3 0 1 0 -3 2 0
0 0 -4 0 0 0 0 0 -2 -2 0 0 -2 0 -4 -1 -2 0 0 0 4 0 -8 0 0 1 -2 0 0 0 2 -2 2 0 0 0 0 0 -4 0 0 0 1 -4 -2 -2 0 -4 8 0 4 0 0 0 0 2 0 0 0 0 0 2 2 0 0 4 1 2 1 4 0 0 0 0 2 0 0 0 0 0 -1 4 -2 0 -4 4 0 0 0 2 0 2 6 0 0 0 0 0 -2 0 -2 0 0 2 -4 2 0 5 4 2 4 0 0 0 0 0 4 0 0 0 0 0 2 0 0 0 -2 -2 0 4 -4 4 2 2 0 1 -7 4 3 0 0 4 0 0 0 4 0 4 4 -2 0 -4 -2 0 0 2 0 2 -2 -2 0 0 0 6 2 0 0 0 0 0 4 38 -1 4 0 3 0 0 -2 2 -3 0 -2 1 -4 0 2 0 4 0 -2 0 1 2 -3 0 1 0 0 0 -8 0 0 4 2 0 0 0 4 0 -2 2 0 2 0 0 2 0 0 0 0 4 4 4 -1 0 0 2 0 0 4 -2 1 2 4 0 -2 0 -1 0 3 0 2 2 0 0 0 0 0 0 7 0 -3 2 -8 4 2 0 0 -4 -2 0 1 4 -2 4 1 2 0 0 4 0 0 0 6 -1 1 0 0 8 1 2 4 -2 0 -2 1 0 0 0 0 4 0 0 0 2 -4 1 -4 5 4 0 4 0 3 0 0 2 0 0 2 -2 0 0 0 2 0 10 0 0 2 -4 -2 0 0 2 2 0 3 0 -2 0 2 -2 0 0 2 2 0 -2 4 0 0 0 2 -2 0 -1 0 0 0 0 0 0 -2 0 0 0 2 0
-2 -2 -2 -2 0 2 -4 8 0 0 3 4 4 1 -4 0 -4 -6 0 0 -2 0 -6 0 0 2 -1 -4 0 0 0 4 -4 0 0 0 0 1 3 0 -2 0 -1 0 -4 4 0 2 1 -4 2 0 0 0 -5 0 0 -6 -4 0 3 0 0 0 1 4 0 4 -9 -4 -2 0 0 0 3 6 3 0 -8 0 2 0 -1 0 2 2 0 0 -2 -2 0 -8 2 -4 0 0 0 -6 -4 -2 2 4 -2 0 8 -2 4 -2 6 4 -8 0 0 2 -4 0 -5 1 4 1 0 0 -4 0 4 -6 4 -4 -2 0 0 -4 -4 0 -6 0 5 2 2 0 -4 0 0 4 4 0 0 0 0 0 0 8 5 0 6 0 4 0 4 0 1 0 0 0 -4 4 4 -2 -4 0 3 -1 73 -4 0 3 -4 0 6 4 -2 3 -2 -4 0 0 -2 0 6 0 0 0 -6 0 4 0 -4 5 -2 0 0 -4 -4 0 -4 -4 -8 -1 -2 1 10 -1 0 -2 0 4 4 2 0 2 0 4 4 -2 -4 -2 0 0 -4 -4 -4 6 3 0 4 2 0 2 0 -4 6 2 0 0 3 -5 -2 2 2 -2 0 0 2 -12 0 0 0 0 -2 0 0 0 2 -2 2 0 -4 0 -6 6 0 0 2 0 4 2 3 2 6 4 0 -8 -2 0 -4 2 -1 0 -4 4 -2 -2 -6 4 0 4 -1 -2 -2 0 0 -2 0 2 -2 -2 0 0 -2 0 3 -4 -2 -6 0 0 0 0 1 6 0 2 4 -2 0 0 2 0 -4 4 6 -4 -3 4 4 -4 -4 -8 0 2 -4 1 -4 -3 0 -2 0 5 -4 -1 -4 2 4 -2 6 2 4 -2 -1 0
2 0 0 0 2 0 4 4 -6 0 -4 0 0 0 0 2 0 0 0 4 4 2 2 -2 0 0 -2 0 4 0 -1 -4 0 0 -6 4 2 4 0 2 1 0 0 4 0 0 -1 1 0 0 0 0 0 1 -2 -4 0 6 0 0 0 0 -5 0 0 0 2 0 4 3 0 3 -2 0 4 -3 -4 -4 2 0 2 0 0 0 -1 0 0 2 0 3 2 0 0 0 0 0 4 0 0 0 -10 0 6 1 0 -4 0 4 0 4 -4 -3 0 2 -2 -2 4 0 0 0 0 0 0 -2 -4 -8 -2 2 0 0 0 0 5 0 -3 -2 0 0 0 0 2 4 0 -3 -4 -3 0 4 0 0 2 6 -1 0 4 0 0 0 0 0 2 0 0 0 10 -2 0 3 2 0 0 4 -4 49 -4 6 4 0 2 0 -4 0 2 0 0 0 2 -4 0 4 0 2 0 -4 -1 2 6 6 0 2 -2 0 2 0 0 -2 2 0 -1 0 2 -4 0 0 -1 -2 0 -3 0 -4 4 0 0 0 2 0 2 1 1 4 0 2 -4 0 1 2 0 1 -2 0 -1 -6 0 0 -2 0 4 0 -1 0 0 2 0 0 -6 0 -4 0 3 0 -2 1 -6 4 0 0 0 0 0 -1 4 1 0 0 0 0 0 0 4 0 -8 0 -2 0 3 4 -4 0 4 2 -4 2 8 2 0 0 0 0 -1 0 4 4 0 -4 -4 0 0 -6 0 6 -6 0 1 4 0 4 0 -4 -2 -4 0 -4 0 -2 0 0 0 2 -2 -4 0 -4 0 -2 0 0 0 0 0 0 1 0 0 0 -8 0 2 0 0 0 -1 0 0 4 4 4 0 0 2 0
0 0 -8 0 4 0 0 -2 4 0 0 -8 0 -4 -2 -4 4 0 -2 6 0 -1 2 0 -6 -4 2 0 0 -2 4 0 0 0 1 0 -4 -2 0 2 0 4 0 0 -3 2 -6 0 0 0 0 6 0 2 1 0 0 -1 0 0 0 0 0 0 0 2 -2 0 2 4 0 0 -2 1 0 0 2 0 -2 0 -2 0 -6 0 -6 -2 0 2 0 0 0 0 0 -4 -4 1 -1 0 -4 4 -4 0 2 0 -1 0 0 0 -1 -2 -2 -4 0 -1 0 0 0 0 0 0 0 0 0 0 0 -1 2 0 0 0 0 -2 0 -10 0 0 -4 0 -4 -2 2 0 0 0 0 0 -2 4 0 0 0 1 1 0 0 2 1 -3 0 0 1 0 4 -8 0 0 -4 0 -2 0 -1 0 0 -4 50 0 6 0 0 0 0 0 0 0 4 -2 0 2 2 0 0 0 6 1 2 -2 -4 0 2 0 0 0 2 -1 0 0 0 4 0 1 0 0 0 -2 -2 0 -4 -4 0 -4 0 2 0 0 0 0 -2 0 -4 -8 4 4 -4 6 0 2 0 3 0 -2 0 4 2 0 6 0 1 0 0 -4 -2 0 0 0 0 0 0 -6 4 0 0 -4 2 2 -2 0 -1 6 -4 0 2 4 0 2 -6 0 2 0 2 1 1 0 0 2 0 0 4 0 0 -1 6 -4 2 -2 -2 -2 4 0 -2 4 0 0 5 7 1 -4 0 2 4 0 0 2 0 -4 0 -4 0 4 2 0 0 -2 2 0 0 4 1 4 0 -2 0 4 0 -1 4 2 -1 2 4 2 0 0 4 0 0 3 0 4 0 -4 -2 0 0 -3 0 1 -2 0 4 -2
0 6 0 0 0 0 0 6 0 0 0 2 -2 0 0 4 1 -7 0 4 4 0 0 0 -2 4 2 0 -2 4 0 0 -2 0 -4 4 0 6 0 2 -1 -4 0 -4 -2 0 2 2 -2 -2 -2 0 -6 0 -1 1 0 0 6 -2 4 14 0 0 1 0 1 -4 -2 0 0 2 -1 0 -1 0 0 0 3 0 -2 0 0 -4 1 0 0 0 0 0 2 0 4 0 0 0 0 0 0 0 -2 0 0 0 2 0 -2 -2 0 -1 0 0 0 -2 -2 0 0 0 2 0 0 0 1 0 0 3 0 0 1 0 0 0 1 0 0 4 0 2 -4 0 0 -4 0 0 1 0 0 -2 -2 4 0 0 0 1 -2 3 0 0 0 0 0 -1 4 -2 -2 -1 0 0 5 0 0 3 3 6 0 41 2 2 3 0 0 -1 -3 -1 0 2 0 -2 0 -2 1 0 -1 1 0 0 0 4 0 0 -4 4 3 4 -2 -4 -3 2 -6 0 0 -4 2 2 -2 0 4 8 0 0 0 0 0 4 0 -1 0 0 0 -2 0 0 -4 2 0 0 0 2 0 1 6 -2 0 0 0 -4 -6 0 -1 0 0 0 0 -2 0 0 1 -2 2 4 3 0 -2 0 0 6 0 -6 0 4 0 0 0 4 0 0 0 -1 1 6 0 1 0 1 1 0 0 0 -4 0 -2 0 4 2 0 -2 -1 -4 0 0 0 1 -4 0 -4 0 0 -2 0 -2 0 0 0 4 0 4 0 5 0 0 4 -4 0 2 -1 1 2 0 -1 0 -4 -4 0 0 0 -2 0 -3 1 0 0 0 0 4 2 2 0 4 0 -1 -4 -1 0 -2 0 -2 0 0 1 0
1 0 0 -2 0 -1 0 0 0 -4 0 0 -2 4 3 2 2 0 4 1 0 0 2 0 -2 -4 0 0 0 0 0 -8 -2 -4 -3 0 2 -4 0 0 0 0 0 -4 0 0 1 -2 0 0 0 -2 0 0 -4 4 1 4 2 2 0 0 0 -1 -4 0 0 0 0 4 0 0 0 -4 -2 -4 -2 -4 -6 1 0 0 0 0 -6 -4 2 0 0 0 0 -1 -2 -2 0 0 -2 2 -1 0 0 -1 0 0 -2 4 0 0 2 0 6 0 -1 -2 4 4 -2 0 0 -2 0 0 0 0 1 -4 0 -9 2 0 -3 -6 0 -11 -4 -2 -1 0 0 0 -2 4 0 0 2 -4 -1 -2 -1 0 0 4 -8 0 2 0 0 0 0 -2 0 0 0 6 9 0 0 0 4 0 -2 0 -4 4 6 2 55 0 5 2 0 -2 0 4 4 -4 -1 2 5 -1 0 -4 0 -5 -1 0 0 0 -2 1 0 2 0 0 0 0 0 0 0 -4 2 -2 0 0 -2 -2 0 2 -1 0 -2 0 -2 0 6 -4 5 8 0 0 3 -2 -1 4 0 -2 0 6 3 -1 0 0 0 0 -2 -2 -4 -4 0 0 4 2 0 0 -3 0 0 -4 -2 0 2 -1 0 0 0 4 0 1 0 3 -1 0 0 0 -2 0 -2 -2 -2 0 -3 0 0 4 2 0 -4 -4 -4 -2 -4 0 -3 5 0 0 0 0 4 3 -2 4 2 4 2 4 -8 4 2 -4 -6 0 -6 0 0 0 0 -1 0 -2 4 2 0 3 6 2 -2 0 0 -4 2 0 0 -6 1 -1 0 0 4 0 -2 0 -2 6 -6 2 -1 0 -2 0 2 -4 4 -2 4 9 0 0 0 4
-1 -4 0 2 1 0 -2 -2 0 -2 0 4 2 2 -1 2 0 -2 2 1 1 8 -1 4 0 -2 0 0 0 -4 0 0 -2 0 0 0 0 2 0 4 4 0 4 0 0 0 1 4 0 -8 0 1 -4 -1 0 -3 -2 -4 -2 -2 0 0 -2 6 0 0 -1 0 0 4 0 0 -8 0 -2 1 1 0 4 0 0 2 -2 2 0 -5 -2 2 4 -4 0 6 0 2 0 0 0 2 0 1 2 -3 0 4 0 -1 0 0 -2 -2 2 3 2 4 -2 0 0 0 0 -1 -2 0 -4 0 4 0 0 0 0 5 6 1 6 -3 0 -2 0 8 0 0 0 0 2 0 2 0 2 0 4 0 0 -1 0 -2 0 1 0 0 0 0 2 2 -4 0 6 -2 0 0 -8 4 4 0 0 0 0 2 0 45 -1 2 0 0 0 0 0 6 -4 7 4 0 2 3 4 0 4 0 -2 2 0 0 4 0 0 -4 0 -3 0 0 0 0 6 2 0 0 -4 0 4 0 0 -4 -2 0 0 0 0 0 4 4 0 -2 0 4 -4 2 2 0 0 6 0 0 -2 -4 4 8 2 4 0 0 -6 8 -4 0 0 0 5 0 0 0 0 0 -2 0 0 4 2 -2 -4 4 0 2 0 6 -2 0 -5 3 4 3 4 1 0 4 0 2 1 0 -2 0 2 2 0 0 0 5 2 1 0 0 0 0 2 0 0 0 0 0 1 -8 2 0 0 -2 0 2 2 -2 0 -1 1 2 -4 2 0 -1 2 0 -1 0 2 2 0 0 -6 0 0 0 0 1 -1 4 4 2 2 0 0 0 0 -4 -5 0 -4 0 4 0 0 0 2 -2 7 3
0 -2 2 2 0 -3 0 0 0 -4 0 0 2 4 0 6 0 -2 0 4 -8 0 0 1 -2 0 0 0 0 0 -4 -2 0 0 4 -4 -4 0 0 0 2 -4 2 0 -4 4 0 14 0 0 0 -2 -3 0 0 -5 0 0 -4 -2 -4 4 0 0 -4 2 0 -4 -8 4 -1 0 -1 4 0 -5 -2 -4 -4 4 6 0 0 -1 0 0 0 -2 2 8 0 0 0 0 2 4 0 0 -4 0 -4 0 0 0 10 -4 4 0 0 -2 -6 0 -1 -2 -2 4 0 6 0 -2 4 6 4 0 0 -2 4 -6 0 -4 2 2 -2 -2 0 4 8 8 0 4 3 0 0 0 0 4 0 0 0 4 0 5 0 -2 -2 0 0 0 4 6 0 0 0 -8 0 0 -4 0 4 0 0 -2 6 2 0 3 5 -1 57 -2 0 0 -6 0 4 0 0 0 6 4 -12 0 0 -2 1 4 -4 0 1 0 0 8 1 0 0 -4 0 4 0 2 -2 0 4 0 -2 0 0 4 5 0 0 0 4 4 0 0 0 -2 -4 -2 -8 6 -4 0 0 1 0 -6 0 0 0 0 -4 0 0 0 1 0 2 0 0 0 0 0 -2 4 2 0 4 4 -1 -2 -10 2 0 0 2 0 0 0 0 -2 0 0 2 2 4 0 4 4 0 0 6 4 12 0 -4 0 -2 0 0 0 4 -2 0 -1 0 -10 0 -1 0 0 -4 0 -2 6 0 -2 4 4 -1 6 0 2 0 0 2 -1 2 4 -4 0 4 2 -3 -2 -4 0 4 0 6 0 0 -2 -2 0 1 2 0 6 0 0 -2 4 -6 4 0 4 4 0 -4 0 8 -4 0 4 -2 1 5 0
2 -4 -4 0 0 0 0 0 -11 -4 0 0 0 0 0 0 0 6 0 -3 3 0 2 0 4 2 -1 0 0 0 4 0 0 -2 -3 0 0 0 0 2 1 2 0 0 0 0 0 0 -2 -2 -2 -2 -2 0 -4 2 0 0 0 0 0 -2 0 3 0 0 0 6 0 2 0 0 0 0 4 0 0 0 0 -2 4 0 -10 -8 -4 0 0 -1 2 -7 0 0 0 4 4 -2 1 2 -4 0 4 0 0 8 0 -2 0 0 14 2 -3 4 0 0 0 0 0 -2 4 -2 -2 0 0 0 -2 1 0 -5 0 -2 0 0 -6 -2 0 0 0 0 -2 0 0 2 0 -3 0 2 0 0 0 0 8 0 -2 4 0 0 0 0 0 -6 -4 1 0 0 0 -4 0 0 0 0 6 2 4 0 0 0 2 2 -2 38 -2 0 -1 0 -3 0 0 -2 0 0 0 0 2 2 -2 -2 0 -4 0 0 0 1 0 -4 -2 -2 -1 0 0 0 4 -7 0 0 -6 -2 0 0 -2 3 0 -4 0 0 1 6 0 -2 2 -4 -3 0 0 1 0 0 0 0 0 0 4 0 -2 0 0 0 1 0 -2 0 -4 -2 2 0 -6 0 0 0 2 0 -2 -3 0 0 1 0 0 0 0 0 -3 0 0 0 2 0 0 2 0 0 -2 0 -4 4 0 0 0 0 2 0 0 0 -2 0 2 4 -4 0 0 6 0 0 0 0 -2 0 0 0 0 0 -6 -2 0 0 0 0 -2 -4 -2 0 0 0 0 -2 3 -4 0 3 0 -2 3 0 -4 0 0 0 -2 0 0 0 -2 0 -1 0 -1 0 2 0 0 0 -6 -4 4 0 4 0 0 -2 2 0
1 0 0 0 0 0 -1 0 4 4 1 0 0 0 -2 0 0 4 -2 3 0 -2 0 -2 0 -1 -1 -2 -2 -8 4 0 -1 0 0 0 0 0 0 0 0 4 0 0 2 0 0 8 0 0 -2 0 4 0 2 0 0 -2 -3 0 0 0 -2 3 4 -2 2 1 0 0 0 4 2 0 -2 4 0 0 6 2 0 0 3 0 0 0 0 0 0 1 -1 4 0 0 0 2 0 1 8 0 0 -4 0 -2 0 2 -2 0 0 -2 8 6 0 0 4 2 6 8 -2 -2 -4 4 -2 -1 0 8 0 2 2 -2 6 -3 2 0 2 0 -4 0 1 0 0 0 0 0 0 4 -1 0 0 0 0 8 -4 -2 -4 2 -2 2 0 -4 -2 -2 -1 -2 0 0 0 -4 0 -2 0 -3 -2 -4 0 0 0 0 0 -2 40 -1 0 0 0 0 2 0 4 2 2 -4 -2 5 2 2 -2 -1 0 0 4 2 0 0 0 0 0 0 -4 6 -2 0 0 0 -1 0 0 1 0 0 0 0 -2 0 -2 -1 0 4 0 4 8 9 2 -1 -4 0 2 -2 2 -2 -1 0 -6 4 0 0 1 -4 0 0 0 0 -1 0 0 -2 0 0 0 0 1 -2 0 0 0 0 0 0 0 4 0 0 -1 4 -6 0 2 2 0 0 5 0 0 3 -1 0 8 -1 -2 2 0 -2 2 -4 1 -3 0 0 4 0 0 -4 -1 0 6 0 -2 6 0 -2 4 0 0 0 2 4 0 2 4 2 4 4 0 0 0 4 0 0 0 3 -2 0 -8 0 -4 -4 0 1 0 0 1 -2 0 1 0 10 0 2 0 2 0 -1 2 0 0 -4 0 -1 0 2
0 -3 0 -4 0 0 0 2 0 0 1 0 0 3 2 -4 -1 4 0 0 -4 0 0 0 -2 4 -5 2 0 0 2 -2 0 -2 -2 0 0 0 -2 0 0 -2 4 4 -4 0 2 0 -2 0 0 4 4 0 -2 0 0 -2 -2 -2 -1 0 0 -4 -4 0 0 0 0 0 0 0 0 1 2 0 -1 0 2 4 2 0 0 0 -1 0 0 0 0 1 0 0 0 0 4 -2 2 0 0 8 2 4 0 -2 -4 0 4 0 2 0 0 0 0 -4 0 0 4 0 -6 4 0 2 0 0 0 -2 0 0 -1 0 0 5 -2 -4 4 0 -2 -4 -2 -3 0 -2 0 -2 4 0 0 0 0 4 0 -2 1 1 0 -2 -8 0 0 -4 -4 0 -4 2 0 -2 0 0 2 2 0 0 3 0 0 -1 -2 0 0 0 -1 37 -4 0 -2 0 0 3 0 4 4 0 0 0 -4 0 0 2 0 0 4 0 0 0 -2 0 0 1 4 -2 4 0 0 -2 4 0 4 0 4 -4 -4 8 4 -4 0 -3 0 0 2 0 0 8 0 0 -2 4 1 0 2 -1 8 4 0 0 0 0 1 0 0 0 -4 0 0 0 4 4 0 0 2 0 0 0 0 0 0 2 0 4 2 0 0 0 0 -2 0 0 0 1 -3 -2 -1 0 1 -1 -4 2 0 0 0 0 0 0 0 4 -1 2 0 0 0 0 0 -1 -3 0 5 2 0 0 0 -4 0 0 0 0 -2 0 0 0 0 -8 4 0 0 0 -1 3 0 0 0 -3 -4 0 0 0 -8 0 0 0 0 0 0 0 0 -4 4 0 -4 -6 0 0 0 2 4 0 -2 0 0 3 -3 0
4 0 0 4 0 0 0 0 -6 0 -2 0 4 2 0 -10 1 0 0 0 0 2 -6 0 0 -4 0 0 -2 2 0 2 -2 3 0 0 0 0 2 0 0 -1 0 2 -4 0 -2 0 -2 0 -2 -4 3 0 0 0 2 4 0 0 0 0 0 -4 0 2 0 0 0 0 0 0 2 2 6 -6 -2 0 -4 -4 -2 -1 -4 0 0 0 2 -4 0 -2 0 -4 0 4 0 2 0 0 0 2 1 0 0 -2 0 0 0 0 0 5 -1 -2 0 -9 0 -4 -2 0 -4 0 -4 0 0 0 -4 -3 2 0 0 0 0 0 -2 -1 0 1 0 3 -6 0 -3 0 0 0 -4 -2 -4 -1 0 -6 0 -2 -2 3 -4 0 2 0 0 0 6 0 0 0 0 6 2 0 -3 0 0 -2 -2 2 0 -3 0 0 -6 -1 0 -4 47 0 0 0 4 5 -2 -2 4 0 1 2 0 4 0 -2 0 -3 0 -7 1 0 3 6 0 -5 -2 0 0 0 0 0 0 3 -3 -4 0 -4 4 -2 -10 0 0 -4 1 0 -2 0 -2 -2 0 0 -4 0 0 0 -5 4 -4 -4 4 0 0 0 0 -1 2 1 0 0 0 0 0 0 -8 4 -2 6 4 0 -4 0 3 0 -1 -4 0 -1 -2 2 4 2 0 -4 0 -4 -4 0 -5 0 0 2 -3 0 0 0 0 0 0 0 -1 0 0 0 0 0 0 -2 0 -1 4 0 -2 0 0 0 1 -6 0 5 2 0 0 0 0 -4 0 -6 2 0 0 0 1 0 0 -2 -5 0 0 0 0 1 2 2 4 -3 4 4 2 0 0 0 0 -4 -5 1 4 0 0 0 2 0 0 4 0 -4 -1 4
0 -2 2 0 2 -4 0 -2 0 -5 0 -4 -2 4 0 -2 0 4 0 1 0 1 0 4 0 0 0 -1 0 -1 0 0 0 0 -4 2 -2 0 0 0 -4 -4 -2 -1 0 0 0 0 0 2 0 0 -2 0 -1 0 0 -1 2 -4 4 -1 5 1 -2 0 1 -4 3 0 0 -2 4 -1 0 -4 -4 -2 -2 2 4 -4 0 2 0 1 2 0 0 0 4 0 2 0 1 1 2 4 4 0 4 0 0 0 -1 0 1 0 0 1 0 8 -2 0 -2 -4 0 -2 4 0 0 0 2 0 4 -2 6 9 0 -2 -2 -4 0 0 6 -2 0 4 0 -4 -2 2 0 0 0 0 4 -3 0 -4 -2 0 -4 0 0 -4 1 1 0 1 0 0 0 4 2 -1 1 -2 -6 -2 0 1 -4 0 0 -1 4 0 0 0 0 0 0 44 -2 -4 0 6 2 0 0 0 -3 0 0 0 0 0 0 0 0 2 -2 0 0 0 2 2 -6 0 0 1 -1 0 0 -1 2 0 1 0 5 0 0 0 0 -4 6 0 -4 2 0 -2 -2 0 8 0 1 0 0 -1 0 4 -6 0 1 -2 0 -2 4 2 0 -2 0 4 -2 -4 -3 0 0 0 0 0 0 -1 0 -6 5 -2 0 0 -4 1 0 0 0 -2 -6 4 -1 0 1 3 2 0 4 4 2 -8 0 -2 0 1 4 4 0 0 0 4 2 2 0 -2 0 0 0 4 -2 0 1 0 0 4 4 -2 4 -4 0 -3 -4 0 6 0 4 2 0 -1 4 -1 1 4 0 0 0 3 0 2 -2 4 -4 0 0 0 4 0 0 1 -2 -2 2 3 0 -2 -8 6 -6 -2 4 4 1 1
0 0 -4 0 0 0 4 -2 -4 4 -2 -2 2 0 -1 4 0 -4 0 4 3 -10 4 -2 -3 0 0 -8 4 -4 -4 -4 2 4 1 -1 -4 -4 0 0 7 0 2 -2 2 0 2 10 0 0 0 0 -8 -2 0 0 0 4 0 -2 0 -2 -2 -5 0 1 0 0 0 0 0 -4 0 0 0 -1 0 0 0 4 0 0 0 0 -4 4 4 4 -4 1 -4 0 0 0 2 2 2 -4 -2 4 0 -4 2 -4 0 0 -4 0 -2 0 6 -2 0 -2 -4 0 0 -4 2 2 0 -5 -8 0 -2 0 0 0 0 2 6 -4 -2 0 0 0 6 -2 0 -4 4 0 0 1 0 2 0 -4 0 1 -2 4 0 0 0 -2 4 0 -2 0 1 0 4 -4 0 0 0 0 5 2 -2 -4 0 0 4 0 4 0 4 -3 0 -2 0 -2 50 0 0 -4 4 2 0 0 0 0 0 4 0 4 0 0 4 2 0 0 -1 0 -4 -2 -4 -4 0 0 4 0 0 0 -4 0 0 0 -4 1 0 2 1 -2 -4 -4 -4 -5 -7 1 2 0 -4 4 0 4 0 1 -2 0 2 -2 2 0 2 2 0 -2 -4 0 -4 0 2 -1 2 0 6 0 0 0 -4 2 -4 0 -4 4 0 -4 1 0 -2 0 -2 0 0 -8 0 2 2 0 4 6 0 0 2 -4 1 -6 4 0 0 2 0 0 0 0 6 -2 0 -4 0 -6 0 0 -4 0 0 -2 2 4 -2 1 3 8 0 2 0 -4 -3 10 0 -4 3 0 2 -1 -4 0 1 -2 -4 0 0 0 -2 0 0 0 4 3 0 0 -4 4 2 8 0 0 6 0 -6 -6 -4 0 -2 0 -3 0
-2 -2 0 0 -7 0 1 0 0 0 0 0 4 -2 -4 2 0 0 -3 2 1 -4 -2 0 -2 4 0 0 0 -4 0 4 0 0 4 0 2 0 0 0 -4 1 4 -1 0 0 0 0 0 0 0 8 -4 4 0 -4 -4 0 0 -2 -1 4 -2 4 -2 4 -8 -2 -2 0 1 0 0 0 0 2 0 4 4 0 -2 6 2 2 0 0 0 2 0 0 -2 -4 0 0 2 0 0 2 0 -4 0 -3 0 4 6 0 0 0 2 0 4 2 0 0 0 0 0 0 -2 0 0 0 -1 0 -4 0 0 0 0 0 0 2 3 0 -4 9 -4 0 2 2 0 0 0 -4 0 0 -6 -2 -3 0 9 2 0 -4 -2 2 4 -1 0 1 4 -4 0 -4 0 0 -2 2 0 0 2 0 0 0 -2 2 -4 6 0 0 0 0 0 -4 0 46 4 2 -2 -4 -2 0 2 0 -3 0 -1 0 -4 -4 1 4 0 -4 0 0 -6 -1 0 1 0 -4 0 5 -2 0 3 -2 6 -1 0 0 0 -4 6 0 -1 0 0 -6 0 -3 0 0 0 0 4 0 0 0 0 4 0 -8 2 2 0 4 1 8 1 0 -4 0 0 0 0 2 0 0 -4 2 0 1 0 2 0 -2 0 -4 0 1 0 -1 0 4 0 -4 -1 4 -4 0 -2 0 0 0 -6 -2 -4 0 -4 0 0 2 4 0 0 -2 -2 0 0 -4 0 2 0 3 0 8 0 8 -5 0 2 8 -2 0 2 -4 -4 -4 0 0 0 0 4 0 0 4 -2 -10 0 -1 -2 -2 0 -4 -1 0 -4 6 0 4 0 0 6 0 0 0 0 -2 0 2 2 -1 0 0 0 0 2 0
0 2 0 -1 0 -4 -2 -4 -4 0 -4 -4 -2 0 -2 4 4 4 4 0 8 0 -10 0 0 0 2 0 0 -2 -4 0 2 2 -1 0 0 4 4 -2 -6 0 4 -2 1 -4 -2 6 0 4 4 -4 2 -4 -7 1 0 2 4 0 -2 1 0 4 8 0 -4 0 0 0 2 -6 0 2 2 0 0 4 8 0 0 2 -2 -3 0 0 -4 -2 -4 0 1 0 3 2 2 0 0 -4 0 2 2 0 2 1 0 0 -2 0 -2 0 0 -2 6 4 1 -8 0 -2 0 0 2 2 3 0 -3 4 -1 3 2 1 0 2 2 2 -1 0 0 -1 2 0 0 2 2 0 -4 4 2 0 3 0 4 0 -2 2 2 -2 0 0 2 -4 -1 -6 -6 0 -4 4 -4 0 4 4 8 2 -2 2 0 0 -1 -4 0 0 2 0 4 0 0 4 62 -4 0 8 -4 6 0 0 -4 2 0 2 -4 2 -1 0 4 2 0 0 0 4 0 0 0 0 0 1 4 0 -1 -2 8 -8 -4 0 -2 8 0 0 -3 2 2 0 0 -6 0 1 4 -4 0 4 -4 2 1 -1 -4 4 -4 0 4 0 2 0 -2 0 2 0 0 -3 -5 0 -3 0 0 -4 -4 0 0 3 0 0 2 6 6 6 2 2 0 8 -5 0 0 -2 1 1 0 0 -2 0 2 6 -4 0 -4 8 10 4 -6 2 0 0 0 2 2 0 4 0 0 4 0 8 0 0 1 0 4 0 0 4 4 0 0 -4 0 0 -2 0 -4 -4 6 0 -2 -4 0 0 -4 0 0 -7 -4 -2 4 4 2 1 6 0 -1 6 0 2 2 0 0 0 0 0 4 0 0 0 2 0
-10 -1 0 0 -3 0 -2 6 2 0 -2 0 4 4 -3 -5 0 6 4 -4 0 -2 -2 0 1 -12 0 0 -2 0 -3 1 0 0 0 0 0 0 0 0 -1 1 2 0 -1 1 2 2 0 0 -1 0 -2 0 0 0 1 2 -4 4 3 0 -3 -8 0 2 4 -2 0 -2 0 4 -4 -1 -4 -4 0 0 -4 -4 0 6 -4 8 2 -2 -2 1 0 -3 0 0 -2 -2 0 0 0 0 4 4 0 -8 -1 -2 0 -4 0 0 0 0 5 2 0 -1 4 0 2 4 2 4 0 4 4 2 0 0 0 0 -3 4 2 0 -1 -5 0 0 2 5 -4 0 -3 4 0 0 0 -2 8 0 0 0 0 -4 0 4 0 0 -4 4 0 0 -2 5 -5 4 1 -4 2 0 -4 -4 0 0 0 -4 2 -2 2 7 0 -2 0 3 5 6 -4 2 -4 54 0 -5 0 6 0 -3 -3 -2 -4 -2 0 1 0 0 0 -1 0 0 0 3 -4 4 0 4 0 4 0 0 0 -2 0 0 -2 0 -8 -8 0 -4 10 3 4 4 8 0 -2 2 6 4 -4 -2 2 2 4 -2 0 4 0 4 -1 -7 -1 2 0 -1 0 0 4 3 2 2 4 0 -6 4 0 0 0 -9 1 -7 0 0 -2 0 0 2 0 -1 0 8 0 3 0 -2 -1 0 0 0 0 0 -2 4 3 -2 -8 -2 4 0 0 -2 0 0 0 0 1 3 -4 2 3 -2 0 1 0 0 0 -2 6 0 0 2 0 0 0 2 6 0 2 0 0 1 0 -2 0 0 8 2 -2 0 0 -2 -7 0 2 -2 1 0 0 -8 0 -4 3 -2 -8 2 -2 4 -6 -2 0 -2 0 2
-4 0 0 -2 5 1 0 0 2 -4 0 2 -2 0 2 0 0 -4 2 4 0 -2 4 6 -2 0 0 -4 0 0 -4 0 1 2 0 0 -6 -4 2 0 3 0 2 4 -2 1 -4 0 0 0 0 2 0 0 0 2 12 2 0 -8 1 0 0 0 0 2 0 0 4 0 0 0 0 2 0 8 -5 0 8 4 -1 0 0 0 -4 1 0 0 4 -4 4 10 0 -8 -1 0 0 0 0 1 0 1 2 4 0 0 6 0 0 0 4 0 2 4 4 0 2 0 4 0 4 0 0 0 4 4 0 4 0 0 0 0 0 0 0 0 4 -4 4 -1 -2 0 0 6 4 2 0 -2 0 4 -4 4 -4 0 0 0 3 6 0 -4 0 0 0 -1 4 8 -2 0 -2 2 0 4 6 0 2 0 5 4 6 0 4 0 -2 2 4 -2 0 0 54 2 4 0 0 1 2 4 -2 8 0 0 2 2 2 0 0 -1 -6 -2 2 0 6 0 8 -4 -4 0 -2 2 0 -4 4 4 2 0 0 0 0 4 -3 -6 3 1 2 0 0 4 0 4 -3 -2 0 -4 0 4 -2 -2 0 0 0 0 4 6 4 -2 -1 0 0 -4 1 0 0 0 -4 -4 0 0 0 -1 0 0 0 0 0 0 2 0 5 0 0 2 3 0 -6 0 4 -2 0 0 2 4 -1 0 0 0 0 0 0 5 -2 2 0 0 4 -3 -4 0 0 -2 0 0 0 -4 0 -1 3 0 0 2 0 0 4 0 0 4 -4 1 4 0 0 4 6 1 5 4 4 2 -7 -2 -8 0 4 0 0 0 -4 2 -10 10 0 0 0 -1 0 -4 0 -4 3 0 0 -6
0 -6 0 -2 4 0 -1 -1 -4 -4 2 -1 2 0 0 12 4 0 4 0 2 -1 -4 0 2 2 4 -2 0 -5 2 0 0 0 4 -2 0 -6 0 -1 -5 2 2 0 4 0 0 4 0 2 2 0 4 2 -8 0 0 0 -1 0 0 -2 0 -4 0 -4 4 2 0 -2 -2 6 8 0 0 -4 -2 0 0 4 0 0 -4 -6 2 0 0 3 0 0 0 6 0 0 0 -2 6 0 2 0 -2 -4 1 1 0 -4 1 0 2 0 1 0 0 -2 2 0 2 6 2 0 0 0 0 -4 0 0 0 0 -4 -2 0 2 0 4 4 7 3 0 6 -2 -4 0 0 0 0 0 6 6 0 4 0 4 4 0 0 4 -4 -2 1 -2 4 0 0 2 -1 0 2 -2 2 2 0 0 0 4 0 -2 -1 0 4 0 2 4 -2 0 2 -4 8 -5 2 67 -4 2 0 1 -1 0 0 -4 0 4 0 0 4 1 2 2 4 0 4 2 4 0 2 -2 4 0 -4 2 0 0 0 5 -2 0 -4 0 0 0 0 2 -2 4 1 0 2 -2 -4 0 0 0 -2 3 -3 4 1 -2 1 0 -1 -6 0 0 0 0 0 -2 -2 0 2 0 0 2 0 0 -2 4 2 0 -1 2 4 5 2 0 6 0 4 0 0 -6 -4 0 -2 0 0 0 5 2 4 2 0 0 5 -1 0 -2 4 0 -8 4 0 0 0 0 2 -2 0 -2 -1 0 4 2 0 3 2 -4 0 -3 4 -8 -4 0 0 -8 0 0 0 0 -2 0 0 4 2 0 0 -4 -1 -4 2 0 8 0 2 -2 0 4 0 -1 4 0 -6 -1 -2 5 -2 -2 2 -4 -5 2
2 0 0 4 0 2 0 -2 0 6 0 2 7 4 2 -4 0 -9 0 0 0 2 -3 4 0 0 0 -4 0 1 -2 0 0 -4 0 0 0 0 0 4 0 -1 0 8 -4 0 -2 -2 0 -2 0 0 6 2 -2 0 0 2 1 0 4 0 -1 0 0 2 4 0 8 0 0 0 -2 0 4 0 2 0 -2 0 -4 0 -1 0 0 0 0 0 0 -2 5 -4 0 4 -10 0 -3 0 -1 4 0 4 -2 0 0 4 4 0 2 0 4 1 -1 4 5 0 4 0 -4 0 -4 -5 -4 0 -2 4 0 2 2 -2 0 -2 -4 2 4 0 2 -8 -4 -4 -4 -2 -4 4 5 -3 0 0 0 2 -4 2 0 2 1 1 0 0 0 0 0 1 2 -3 2 5 4 -2 -2 2 0 -2 0 0 0 1 0 2 -12 0 2 4 4 0 0 -2 -4 0 4 -4 47 0 0 0 4 0 0 4 0 0 4 0 2 1 0 4 -4 2 6 0 1 0 0 0 -2 0 2 2 -4 -6 0 2 0 -2 -1 -2 0 0 4 0 0 4 0 0 -2 4 4 6 0 0 -1 0 -1 2 0 -4 0 0 1 2 -2 0 0 -2 0 0 0 0 0 -4 2 0 4 -2 0 -3 0 0 0 0 0 0 0 0 2 -2 0 0 0 0 -4 0 -2 3 0 0 0 2 2 4 -2 0 -1 5 6 2 0 4 3 0 0 3 2 -2 0 1 0 0 0 -2 -4 4 0 -2 2 -2 -2 1 0 0 2 2 0 2 0 4 0 0 -5 2 5 4 2 0 0 -4 4 0 4 0 6 0 0 0 -1 2 0 6 0 0 0 0 0 0 0 -2 3 0 0 8
-5 4 0 -2 -2 0 0 0 0 1 -6 5 0 -2 0 1 -4 0 2 -4 3 0 0 0 -2 0 1 0 4 2 0 -4 0 4 -2 0 -3 6 -2 -4 0 2 0 0 0 0 0 0 0 0 0 0 0 0 -2 -3 -2 1 1 0 0 0 -4 -8 4 -4 2 -1 2 4 -2 0 -4 0 3 4 0 -4 -2 0 0 0 -2 0 0 7 -2 1 4 1 2 0 0 8 -4 0 2 0 0 3 0 0 -2 -2 3 -6 0 2 -2 -4 0 -4 0 2 0 0 0 -2 -5 2 0 0 2 4 0 -2 0 0 0 0 1 2 0 4 0 1 0 4 -2 0 0 2 0 1 2 1 1 -4 0 0 0 0 8 8 0 0 0 2 6 0 2 2 -4 0 3 0 -6 0 0 0 4 0 0 2 0 0 -4 3 0 0 -4 0 0 0 0 0 6 6 0 2 0 44 0 0 -8 0 0 5 -6 0 0 0 0 0 -5 1 0 4 0 0 0 5 0 0 1 0 -2 0 0 1 2 0 0 0 0 0 -1 0 0 4 -4 0 0 0 4 -2 -4 -2 0 1 0 4 5 4 0 4 0 4 1 -2 -2 -2 0 0 8 -3 -1 10 0 -4 0 6 -4 5 4 2 8 0 -4 1 0 0 4 0 0 2 2 3 4 -4 2 0 0 0 -3 0 0 1 2 0 0 6 -4 0 1 -5 0 0 0 0 0 0 4 0 -4 0 4 -6 -2 2 -2 1 6 6 -1 6 4 0 2 0 0 -2 -2 0 -4 -2 5 0 0 4 -4 0 -2 3 -2 0 0 -1 1 0 -1 4 0 0 0 -2 -2 -4 -4 -4 0 0 0 0 -8 -4 4 0 0 0
0 2 -4 0 0 0 2 4 1 0 -2 -4 2 0 0 -2 0 2 0 -2 0 0 4 -4 0 0 -1 0 0 -4 2 0 0 3 0 -4 0 0 0 2 -6 2 0 0 0 0 0 -4 -7 0 -4 0 0 4 0 0 -4 -2 6 0 0 0 -4 0 0 0 1 0 3 6 2 0 -2 5 -4 4 -1 0 0 0 -2 0 -1 4 -4 -2 2 3 0 1 4 4 4 2 8 -3 0 0 -6 0 0 0 -6 0 6 0 3 0 -2 0 0 8 0 4 0 2 1 1 -2 0 2 -2 0 0 -4 0 0 -2 -5 0 -4 -2 -1 0 0 0 1 3 -4 0 0 0 0 -4 -4 0 0 -4 -2 -2 0 0 0 0 1 0 0 0 2 0 -3 0 0 -2 -2 -4 -4 0 8 0 7 1 -6 0 6 -1 0 4 0 2 -2 0 1 -3 0 2 0 0 0 0 0 0 68 -2 -4 -10 0 0 0 -1 2 0 0 -2 4 -4 2 -2 8 2 4 -2 0 -2 0 -4 10 -4 0 -4 0 0 8 4 0 0 -3 0 0 -6 -2 -1 0 2 -2 0 -2 2 0 0 0 0 8 0 4 0 0 -4 -12 0 0 -4 2 0 0 2 2 -1 -1 -1 2 -2 4 0 0 4 3 0 4 -1 2 0 1 -1 0 -2 0 2 4 0 -1 2 0 4 0 -2 3 4 0 3 0 -8 5 0 0 4 0 4 0 0 2 0 0 0 0 0 0 4 5 0 -2 -2 -4 2 0 -2 -4 3 0 0 0 0 1 2 4 0 0 0 1 0 -10 0 0 -4 7 0 0 -3 0 2 4 -2 -6 -2 0 2 4 2 0 -4 -2 0 4 -4 8 -6 -2 -1 0 -2
0 -2 -4 0 2 3 -2 0 -4 0 0 2 0 -2 0 2 2 0 0 3 3 0 0 -2 0 2 6 0 -4 8 4 0 1 0 2 -4 4 -2 -4 1 2 0 0 -4 2 4 0 0 0 0 -4 2 0 0 -2 0 0 -4 2 -2 0 1 4 0 0 -2 4 4 -2 0 0 0 0 4 0 4 -4 0 -1 0 0 -4 -1 -4 3 -6 1 -1 0 -4 0 3 0 0 -2 1 0 3 0 0 -2 0 2 0 -4 0 0 0 0 -5 -5 0 -2 -2 2 2 2 -1 0 0 -6 0 1 -2 0 8 0 0 2 6 0 0 -4 2 0 0 -2 2 -4 0 0 0 -4 0 0 1 0 0 0 -1 -2 0 1 0 -4 0 4 0 0 2 -8 -2 -1 -2 -6 0 0 0 0 2 0 2 0 -4 1 1 -5 0 -2 2 5 0 2 0 0 0 0 -3 1 1 0 0 -2 35 -5 0 -2 2 0 0 0 0 2 -4 0 0 0 2 0 -1 -2 0 0 -1 0 2 0 0 0 -1 0 0 0 2 -2 2 2 -6 0 0 3 1 0 -1 0 2 0 -1 -3 0 0 4 -2 0 1 -2 0 1 7 -2 0 -4 0 0 -1 0 2 -1 2 0 -2 0 0 2 -2 4 0 3 0 -4 0 -3 -2 3 -2 0 6 0 4 -8 -9 1 -2 0 0 0 4 0 -1 0 -2 0 0 -2 0 -7 0 7 -1 0 0 -6 0 0 0 -2 0 2 0 -2 0 2 -2 -4 2 0 0 2 0 0 4 -1 0 -3 4 -4 0 -6 0 6 0 0 0 0 2 4 0 0 0 -1 3 0 -4 -2 4 0 -2 -10 2 -2 -3 -4 2 0 0 -4 0 0 1 0
2 2 0 -2 0 0 0 4 2 0 2 4 6 0 0 0 -2 -4 -5 3 0 0 -8 2 0 -4 4 0 0 0 -1 8 0 0 0 -2 -2 0 0 4 -8 0 -4 5 0 0 0 0 4 2 2 0 8 0 0 0 -2 2 4 0 0 4 1 8 -8 0 -6 2 0 0 0 0 4 -4 0 0 0 0 2 0 0 -2 0 4 2 0 0 1 -8 0 2 6 0 -2 -12 0 -2 0 0 0 -2 -6 2 -5 -2 6 0 -3 0 0 1 -4 -1 4 2 0 0 0 0 0 0 0 -10 2 4 8 0 0 -2 0 4 0 -4 -4 3 -5 4 0 0 0 -1 2 0 0 0 -5 -4 0 0 0 2 -4 2 -4 0 0 0 0 0 6 4 0 2 0 0 0 0 -2 -4 -4 -4 -3 4 -1 2 0 -1 4 1 -2 2 -4 0 0 0 -3 -4 -3 2 -1 4 -8 -4 -5 77 4 -5 0 0 -2 0 0 0 13 4 0 0 -8 -6 0 4 0 0 0 2 0 0 6 2 0 2 0 2 0 -1 -6 1 0 -2 0 0 12 0 0 0 0 10 2 -2 2 0 4 0 4 -2 0 -1 0 3 -5 4 0 0 0 -4 -4 4 -2 -2 0 -4 0 4 -5 0 0 -3 2 4 -4 -4 -2 0 1 2 -13 -2 0 5 2 0 4 8 0 8 -2 2 0 0 0 0 -4 4 -2 4 0 -2 0 0 0 0 -2 4 0 6 -4 0 8 -4 0 2 2 -4 0 0 -2 0 2 0 0 2 0 -2 5 -2 0 8 0 0 -2 4 3 4 0 0 0 0 -4 -4 0 -4 0 -2 0 0 6 0 8 -4 4 1 0 -2 4 0 0 0 0 -1 2
0 0 0 2 0 0 0 4 -6 0 0 0 0 2 0 0 0 -1 0 4 2 -2 -6 0 -2 -2 0 -4 0 0 -4 0 2 4 0 0 -4 0 0 -3 4 0 -2 2 0 0 -2 4 0 0 3 0 2 0 2 0 0 -8 -2 0 0 0 0 0 0 0 0 0 0 -2 -4 4 1 -4 0 0 0 0 0 8 0 3 0 0 0 0 0 1 0 -2 -2 4 -2 -4 -4 4 0 0 2 0 0 -1 3 -8 -4 -1 0 0 0 4 0 -6 0 4 0 -4 0 0 0 0 -2 0 0 0 0 0 0 0 0 -6 -1 4 2 -4 -1 0 4 2 0 0 2 1 0 0 -4 -4 0 0 0 0 0 4 -2 0 -2 0 0 0 0 0 -4 -4 1 0 0 0 -2 0 -4 0 -4 0 0 2 -2 0 0 0 4 -2 2 0 4 0 4 0 2 -2 4 0 0 0 -10 0 4 36 0 0 4 2 -3 4 1 0 -1 0 0 -2 0 2 -2 0 4 -3 0 4 -4 -2 2 -4 0 0 -2 0 0 0 0 -2 -4 0 0 0 0 -1 0 0 0 0 -4 -2 0 -4 2 0 0 0 0 -2 4 0 -6 4 0 0 0 -5 2 -4 0 0 0 0 -10 0 -4 -2 -2 0 0 -2 1 -2 -2 -8 2 0 0 0 -1 0 0 0 4 1 0 0 -2 0 0 -1 0 2 2 0 -2 2 0 -2 0 0 0 0 2 4 0 0 4 -1 0 0 -2 0 2 0 -2 0 0 4 0 4 0 2 -4 -4 0 0 0 -2 -4 0 0 0 0 0 2 0 0 0 1 0 2 1 2 0 0 2 0 4 0 0 4 2 0 -4 2 0 -1 -1 0 0
6 0 2 0 2 0 0 -8 2 -2 0 2 -4 4 0 2 0 0 -5 -4 0 0 6 -4 8 4 0 0 0 0 2 2 0 0 0 0 0 2 4 0 0 0 0 1 0 0 -2 0 0 0 0 -4 0 -4 0 0 -2 0 0 0 0 -4 -6 -2 0 0 4 0 2 0 0 -2 0 -2 0 2 2 -2 4 -4 -2 4 2 2 2 2 2 -4 0 -4 0 0 -2 0 6 0 0 0 0 0 0 1 0 -2 -10 0 0 0 6 2 4 4 0 0 -6 0 0 0 0 0 -3 0 0 4 0 4 4 0 0 -2 -4 0 4 0 2 -2 -2 0 6 0 0 0 0 -1 0 6 4 0 -2 0 0 -2 6 1 0 -1 0 0 -4 2 0 0 2 8 -2 0 0 0 4 0 2 1 -4 6 -4 0 0 -2 -4 0 -2 0 0 0 0 -1 0 -4 -2 0 0 0 0 -2 -5 0 52 4 0 0 4 2 0 0 -2 0 0 0 -4 0 2 -2 0 0 -2 2 0 -4 -2 2 4 0 0 0 0 -2 -7 -2 -2 -1 4 -2 -1 0 0 2 0 0 -5 2 -2 -4 0 -6 -2 0 2 0 -2 2 -2 0 0 4 0 0 0 4 0 0 2 -4 -4 -5 8 -2 -4 2 4 0 -2 0 1 0 2 3 0 0 5 0 -5 0 -8 0 0 6 0 0 2 0 0 0 4 4 0 0 2 2 2 -2 0 0 2 0 2 4 0 -6 4 0 0 0 0 0 0 0 0 0 -1 -4 -2 4 -6 0 -2 -3 0 0 0 4 -4 -3 0 2 0 1 0 2 0 -2 0 0 4 0 0 0 0 0 0 4 2 0 0 0 0 0 0 0 0 -2
-4 2 0 0 2 0 3 2 4 0 0 0 0 0 -4 -2 -2 -8 2 0 6 2 6 4 -4 0 5 -4 0 10 0 0 -2 0 0 4 0 7 -4 0 4 -4 0 7 4 6 -4 -2 1 0 2 0 -4 -2 2 -4 -1 -2 4 0 -4 10 -4 0 2 4 -4 0 0 0 0 6 -2 2 0 0 2 0 6 0 -4 0 4 2 -6 0 2 0 -6 2 0 8 0 4 2 0 2 -2 0 0 -4 0 -2 0 -4 0 4 0 0 0 0 -2 2 10 0 0 2 -1 4 -2 0 0 -3 0 6 0 0 0 0 0 0 6 -14 0 0 0 -4 -8 0 0 -2 4 0 0 4 0 0 0 -4 0 0 -4 -2 4 2 2 0 0 4 0 -3 0 -2 0 0 6 6 0 4 0 1 0 5 6 0 4 0 2 0 -4 -1 2 -2 0 4 0 2 -2 8 -4 4 5 0 2 0 0 4 64 0 -4 12 2 0 0 -4 -4 -8 0 4 5 0 4 0 -4 1 0 -4 0 0 -4 6 0 0 0 0 0 4 -8 0 0 0 8 -4 4 -2 2 4 6 0 -2 2 -10 0 2 0 3 4 4 4 4 -2 0 0 -2 4 -2 2 0 0 0 -2 0 -6 -2 -2 8 4 0 0 0 0 0 1 0 4 0 0 -2 0 -4 2 8 -2 -2 2 4 -2 1 2 4 0 2 6 0 -2 -2 4 2 0 0 0 0 2 -2 -4 0 0 0 0 0 4 0 -2 6 -2 4 0 0 -2 -4 0 2 4 2 2 0 0 0 0 1 2 -4 2 -2 0 -2 0 0 4 5 0 0 4 0 0 -2 1 0 -2 4 0 0 -4 -6 -6 -2 8 0 -4 0
-1 -2 -4 2 6 -1 -3 -2 0 0 0 -6 0 0 4 -2 2 -4 -2 -3 -7 0 0 5 4 1 0 0 0 2 0 0 0 0 0 2 -2 0 2 2 2 1 0 0 0 4 -4 -4 0 2 0 0 0 4 0 2 2 2 4 6 2 0 0 0 0 0 -1 0 0 0 5 0 -2 2 0 2 0 -2 -4 1 0 -2 4 1 0 0 1 0 -2 -4 2 -2 0 0 0 0 -2 2 -4 -2 0 2 0 -1 2 -2 0 -2 6 0 -2 0 -4 1 2 -2 3 0 4 -2 0 0 0 2 0 -4 0 0 2 0 -2 0 -2 -1 0 0 0 -8 0 -4 0 0 0 0 0 -4 -2 0 1 -1 -4 -2 0 0 -2 0 -1 -4 1 0 0 -2 -4 0 0 0 0 0 0 3 0 0 -2 0 2 0 -2 0 1 0 0 0 0 0 0 -4 -4 0 0 0 0 -6 0 0 0 4 0 0 55 2 0 -2 4 0 2 0 0 0 0 -4 -2 0 0 -4 0 0 0 0 -4 0 0 -3 -2 0 0 2 -4 0 0 -4 0 2 0 0 0 -3 4 4 0 -2 0 -6 -2 0 -2 0 -1 -4 0 5 0 -1 0 -4 0 -7 2 0 4 0 0 -6 4 0 -2 0 -4 0 0 0 0 0 0 0 0 0 0 0 0 2 0 0 0 -2 0 0 0 -4 4 -2 4 0 0 -1 0 -1 0 -2 0 -2 -1 3 0 1 4 0 0 0 -8 1 0 4 0 -4 -6 0 0 0 4 4 0 0 1 -4 -1 -2 -2 0 0 0 0 0 0 -2 0 8 -2 0 0 0 4 -1 0 0 0 8 4 0 2 0 5 8 0 0 0 0 0 -4 0 0
-2 4 0 2 0 4 0 -4 -4 4 10 0 0 4 -5 4 -5 -4 0 -2 0 0 4 0 2 0 1 -1 0 0 1 -8 4 -2 -6 -2 2 0 0 4 -2 4 2 0 4 8 -4 6 -4 0 0 0 5 0 -4 -1 0 -2 -1 0 0 2 0 1 0 0 6 0 0 -2 0 2 0 0 0 4 2 0 -2 4 2 4 -1 -2 2 0 -2 -4 0 4 1 0 0 0 0 0 0 0 1 0 -2 -2 4 0 0 1 0 0 -4 0 2 -4 0 1 -2 0 2 0 0 0 2 -2 4 0 -2 0 0 2 -2 0 1 2 7 2 -2 -2 -1 1 -1 4 2 0 0 0 -2 -3 0 0 7 0 0 4 1 2 0 0 -2 -2 6 0 -2 -2 0 4 1 -2 4 -2 0 6 3 0 0 2 0 0 1 0 0 0 0 0 -3 0 0 -4 2 1 0 4 0 0 -1 0 -2 2 0 -4 2 46 -2 2 4 2 0 0 6 -3 2 0 0 0 0 -2 0 0 0 0 0 0 -2 0 4 -4 2 0 -2 2 0 0 0 2 0 0 4 0 2 -4 -1 0 -2 -2 2 0 0 -6 -4 1 -2 0 0 2 0 0 0 0 4 -3 8 4 2 0 0 0 -3 1 -1 0 -2 -1 3 0 0 -2 2 -4 2 0 0 0 -2 -2 0 0 0 -2 1 0 0 2 0 0 -3 -2 2 0 4 -2 2 4 2 -1 2 2 0 0 -2 0 0 -2 0 2 0 0 4 -2 -4 2 0 0 1 0 0 -2 0 2 0 0 0 0 -2 0 2 0 1 2 0 4 2 0 0 -5 4 0 -4 -2 1 2 8 4 0 -2 0 6 -2 2 0 0 0 0
-2 -4 0 0 0 0 2 -2 0 4 0 -4 0 0 0 4 2 0 0 0 0 2 10 12 0 0 0 -2 -10 -2 4 6 -1 0 0 -4 2 -4 0 2 -2 -1 0 0 8 0 0 2 4 -4 -3 0 0 0 1 -2 0 6 4 4 1 -3 -6 0 0 0 -4 -6 -2 0 2 0 8 0 4 0 -4 8 6 4 0 0 -2 -4 -2 0 0 -1 -2 0 -2 4 -2 0 -2 4 -4 0 2 4 4 4 0 6 1 1 0 -4 -2 0 2 0 0 4 6 0 0 4 0 0 2 -4 -2 4 0 0 0 -2 -4 2 5 -8 -2 4 -2 1 -2 -1 -2 0 0 -1 -4 -4 0 0 0 -2 -4 0 0 4 0 0 6 -2 -4 -3 0 0 0 0 -1 -4 4 0 -2 2 0 -2 -2 -8 0 -2 0 -4 0 4 0 0 4 4 0 0 4 1 -1 0 2 0 4 0 2 0 0 -3 4 12 0 -2 72 0 0 -6 -3 0 -2 -3 0 0 4 0 0 -3 -4 0 0 0 0 2 0 4 0 -4 0 0 0 0 0 -2 -2 -1 0 -2 -10 0 2 0 0 0 0 -1 0 0 6 8 4 4 2 -4 -4 0 0 6 -4 2 2 -2 -6 0 4 0 -8 -6 2 -2 0 0 -4 0 0 -2 2 2 0 4 0 0 1 -4 0 2 0 0 0 6 0 -2 2 2 0 0 6 2 2 2 0 0 4 4 0 -4 -2 5 6 -3 -4 0 0 0 5 0 0 2 2 4 0 0 0 -4 0 3 2 -4 0 4 -6 0 0 0 0 -2 -8 2 -4 0 1 -4 -4 0 0 0 0 0 0 4 0 0 0 -2 -4 6 4 -5 -6 2 0 0 4 4
0 0 0 1 2 7 0 0 0 0 0 -2 -5 0 0 2 0 -2 0 2 0 0 1 0 1 0 4 -6 0 -2 -2 0 0 -2 0 0 -2 -4 0 0 1 4 -1 4 0 2 -1 4 0 0 -3 1 0 0 -2 -1 0 -4 -2 -1 0 6 -1 4 -2 0 -1 1 -4 0 4 0 1 0 0 0 -1 0 2 6 0 4 -2 0 2 0 1 0 0 0 2 4 0 -2 0 -2 1 0 1 -1 0 0 1 3 8 2 0 4 2 -1 5 -2 2 0 -1 -2 0 0 -1 -1 0 4 0 1 0 6 0 -1 0 -6 0 6 0 1 6 -2 2 -2 0 2 2 0 0 0 0 1 0 0 1 4 0 -5 0 -2 0 1 -1 -1 4 3 0 3 1 4 0 -2 4 -1 2 2 0 0 -4 0 0 4 2 0 8 1 2 0 -7 2 2 4 0 0 2 0 0 0 0 0 0 4 2 2 -2 2 0 38 4 0 0 4 -5 3 -2 2 0 -4 2 0 0 -3 2 0 0 3 0 0 1 0 0 0 0 -4 2 -1 0 2 -6 0 0 0 -2 0 0 0 0 -1 -2 2 0 0 0 -4 0 0 0 0 0 4 -4 0 0 0 6 0 -1 0 -3 0 3 1 3 0 4 1 0 0 0 2 2 2 1 0 2 0 -2 0 2 2 5 3 0 2 0 0 -2 0 8 6 0 0 0 0 2 0 0 2 -4 0 0 2 4 4 0 4 -8 0 0 0 -1 -1 0 -2 0 4 0 0 0 1 2 0 -2 0 0 -5 -4 2 0 0 2 0 0 2 0 0 0 0 0 2 0 8 0 2 0 0 4 0 0 -2 0 -1 3 -2 2 3
4 6 -2 0 0 0 0 0 -5 -6 0 0 -4 0 0 0 4 -5 0 0 -2 0 -6 2 2 -2 0 -2 -1 2 5 -4 0 0 -6 0 0 -5 0 0 0 4 0 4 2 0 0 0 0 0 4 4 -6 -2 -2 -1 0 2 2 -4 0 0 0 2 4 0 0 6 0 -2 0 0 -1 2 -2 2 -4 4 0 0 -2 -5 4 2 -4 0 0 0 4 0 0 8 -2 -4 0 0 -2 0 0 2 -4 -3 -3 0 0 0 2 2 4 0 -12 -2 0 6 -8 0 0 2 -10 0 0 4 2 4 -2 2 -4 0 0 2 0 4 0 -10 2 3 0 -4 0 0 -7 0 -1 3 -6 2 0 0 -2 -2 -4 -4 2 3 0 4 2 0 8 1 2 0 0 0 0 -2 2 0 0 4 0 0 -4 2 2 3 0 0 1 0 0 0 1 -2 0 0 4 0 2 4 2 0 0 2 0 1 0 0 4 4 0 4 59 0 0 -4 8 0 0 0 2 0 2 -2 -4 -1 -2 0 0 0 0 0 0 0 0 4 0 0 -4 0 0 4 0 0 -4 4 2 -4 -1 -2 0 -2 -2 0 2 0 0 -4 2 -1 0 0 0 0 0 -5 -8 -1 0 -2 -7 -2 -4 -2 0 0 -2 -3 6 2 0 0 0 0 0 -2 -1 0 -4 -4 1 -2 0 -2 2 0 0 0 0 2 -2 0 6 0 0 -1 0 -4 0 0 0 1 -6 0 5 0 0 1 0 0 -5 1 0 2 6 5 1 1 0 -4 2 0 -2 2 3 0 2 -6 -2 0 -2 0 10 0 2 1 -4 0 0 4 4 0 0 -2 -2 2 -1 1 0 0 4 2 -8 4 0 0 0 -1 -1 -3
0 10 0 0 -4 -2 -2 2 2 0 4 2 0 0 2 -2 -2 0 0 0 0 0 -16 0 0 4 0 0 0 2 -2 0 0 0 0 0 0 0 0 0 0 0 -4 0 -2 0 0 0 0 2 0 0 4 0 0 2 2 0 0 0 0 2 2 -4 0 -4 0 0 -2 0 0 0 0 -4 -2 0 0 0 -2 0 0 0 0 8 4 0 0 5 0 0 4 0 4 -2 0 1 -2 -4 0 2 -4 0 -2 -2 -4 2 0 0 0 0 1 0 0 0 2 0 0 -4 0 0 0 -1 0 4 0 0 0 -4 -2 -2 0 0 0 -2 0 -4 0 0 1 0 0 -2 4 0 0 0 -4 0 0 -4 2 0 2 0 0 0 0 0 0 0 4 0 4 4 0 0 0 -2 4 -4 0 4 0 0 -1 4 0 -4 0 -4 0 0 0 0 0 -4 2 -1 0 1 1 0 -2 -4 13 0 0 0 0 2 -6 0 0 36 0 0 2 -2 0 -1 -4 4 0 2 0 0 6 0 -5 0 -2 0 2 4 0 -2 2 2 0 0 0 0 0 0 0 0 4 0 -2 0 2 4 0 4 0 0 0 2 -1 -12 -4 0 0 0 2 0 0 0 0 0 0 4 0 0 0 0 -4 0 -2 0 0 4 0 0 -2 -4 -8 -4 0 8 0 1 -2 2 0 0 2 0 0 0 0 0 0 2 2 -2 -4 0 0 -4 2 -2 2 0 4 2 0 4 -4 -2 4 0 0 -2 4 0 0 4 -2 0 2 0 0 3 0 0 2 0 0 4 0 2 0 0 2 0 2 -2 0 0 -4 0 0 0 2 0 0 8 0 0 0 4 -2 0 0 -4 0 0 -3 -2
0 8 -4 0 0 -2 -1 -2 2 0 8 -4 2 2 -2 0 -1 -2 0 4 5 0 4 2 -2 2 0 -2 -2 -6 0 -6 -2 0 0 0 0 -4 -2 1 2 4 0 -4 -6 0 -1 0 2 5 -1 0 8 1 4 1 0 5 6 3 0 0 0 2 2 5 -4 0 0 3 2 4 0 0 -6 0 -2 -4 4 -2 0 -2 0 -1 0 0 0 -4 -2 0 0 4 -2 0 -4 1 0 0 4 -5 -1 0 2 0 8 3 0 -4 -2 0 1 3 0 0 0 0 -2 5 -2 -1 7 0 0 0 2 -2 -2 -1 0 6 -1 -4 -2 -5 -1 -2 0 -2 3 0 4 -5 0 2 -2 0 -4 0 -4 -1 0 2 0 -4 -4 3 6 -4 -2 0 4 -2 1 2 -2 2 4 0 -6 0 0 2 -4 0 0 -2 0 0 0 -2 0 -2 3 0 -1 0 0 0 0 2 0 -5 4 0 4 -1 -2 -4 2 0 -3 0 0 0 57 -2 0 0 0 -6 2 0 0 0 9 0 0 2 0 -1 2 2 0 -1 -2 0 0 2 0 -1 -2 -6 0 0 0 2 -2 6 0 6 0 2 6 0 0 0 2 -8 6 3 2 0 0 2 -1 7 -5 0 0 2 -1 -4 0 0 -2 -2 0 -2 6 0 0 0 0 2 6 0 2 -1 1 4 4 2 0 4 0 0 2 0 0 0 0 -4 1 -4 2 -1 0 2 0 1 0 0 -4 0 0 0 0 4 -4 2 0 4 -2 2 -4 -2 -4 -6 2 0 -2 4 0 1 0 2 -1 0 1 -4 -2 0 4 -5 -2 -6 0 3 0 2 0 0 -1 0 -2 -2 0 0 -4 0 0 -4 0 0 -2 0 0 0 -2 4
-1 0 0 0 -1 0 0 -2 0 2 0 2 1 0 -1 0 -2 0 0 0 -4 0 -4 0 0 1 0 4 0 0 0 1 0 2 0 -4 0 -2 0 -2 0 10 0 4 0 0 0 -4 2 0 -2 -3 6 0 -8 0 -2 1 0 0 0 -4 0 0 0 0 3 -2 12 -2 0 -4 1 2 10 0 2 -2 -6 0 0 4 2 0 2 0 0 1 0 2 2 3 0 0 4 0 -1 2 0 -3 2 -1 2 0 -4 5 0 0 0 0 8 -2 2 -2 8 0 0 0 4 0 -5 0 -4 -2 1 2 4 -2 2 0 2 4 0 5 6 -1 0 -4 2 -3 0 0 0 -4 6 0 0 0 -4 0 2 0 -2 -2 0 0 0 -2 -4 0 0 0 0 0 1 4 -4 -1 0 0 4 0 -4 -2 0 -4 0 -3 -4 -2 0 0 6 0 0 0 0 0 -1 2 4 1 -4 0 0 0 0 -4 0 0 0 4 -4 0 -2 40 -4 1 -1 0 -2 0 0 0 0 0 -1 -2 0 0 4 0 0 0 0 -2 0 -2 6 2 -1 0 4 0 0 -2 -4 0 0 4 2 4 2 0 0 -2 0 0 6 -2 0 -1 0 0 0 0 0 1 1 0 4 0 2 0 2 0 -7 0 2 0 0 0 6 0 0 -4 0 -1 -6 0 -1 -7 0 -2 0 2 0 0 1 0 -4 0 -6 0 -3 0 -2 0 0 0 0 0 0 3 4 -4 0 0 2 2 0 3 0 -4 0 -8 1 3 0 -4 0 -2 -1 0 2 0 0 0 0 0 0 8 -5 2 2 -2 -2 2 0 0 -2 2 0 0 0 0 0 4 2 0 5 0 6 0 0 0 0 -1 -3 0
0 0 0 0 0 1 -1 0 1 -2 2 -4 0 0 0 4 0 2 0 2 0 2 0 0 0 -4 -8 5 2 0 0 -1 8 0 -2 -8 0 0 -4 0 -7 0 0 -4 0 0 2 4 0 2 0 -6 12 0 -4 0 0 0 -6 -1 -2 -6 2 4 0 -4 4 3 8 0 0 -2 0 0 0 0 0 -2 4 2 0 -10 -8 0 2 0 0 0 0 0 0 0 0 0 0 -2 1 -4 1 -2 4 -4 0 4 -6 0 -4 0 0 0 -10 0 1 -4 -6 0 0 -2 -4 0 2 -4 4 2 0 0 -2 0 0 -4 0 -4 4 -4 0 0 -2 4 0 0 -3 4 0 -2 -8 0 0 0 0 0 1 4 -4 0 -4 0 -4 4 0 0 0 0 0 -5 -2 -2 0 -2 -4 0 -2 0 -8 2 0 -3 0 0 0 -1 0 0 0 2 -4 -6 0 0 -6 4 -4 0 2 0 0 0 0 -8 0 6 -2 -5 8 2 0 -4 45 1 0 -1 0 8 -2 4 0 0 0 0 2 -3 0 -4 -4 0 0 -4 -2 2 -2 0 0 -2 0 -1 2 2 0 0 0 2 -2 0 0 -4 0 -4 1 0 -2 0 0 0 4 1 0 0 5 -2 6 0 -1 2 -1 2 -2 0 0 0 0 0 0 0 0 0 -2 0 0 -2 0 -4 -2 -2 2 -2 0 -1 -4 0 0 -4 2 2 4 0 -4 0 0 0 6 -2 0 -4 0 -2 2 0 -2 -6 0 4 6 0 0 8 0 -3 0 2 -2 0 0 0 -1 4 0 0 0 0 0 9 -2 4 4 -2 2 0 2 4 0 0 -4 0 4 0 -6 0 0 0 2 4 0 0 -6 4 2 0 -4 -4 2 1
-2 0 -4 -1 1 1 4 4 0 0 -1 -4 2 1 4 4 0 4 0 -1 0 0 2 0 0 0 0 2 0 0 0 6 0 0 0 0 -1 2 -4 0 -2 5 0 -1 0 0 0 -2 2 -2 2 0 -1 0 0 0 -4 1 -2 -1 -1 0 0 -6 -4 0 -4 3 2 0 0 2 -6 0 0 0 -1 0 0 0 0 0 2 0 0 0 0 -2 1 0 0 0 0 -4 0 0 4 0 5 3 0 5 2 0 -1 -4 2 0 2 -2 1 0 2 -1 6 -8 0 0 0 0 0 0 2 2 0 4 2 0 2 2 1 0 0 0 0 -5 0 0 2 1 -1 -4 -4 -2 0 2 0 -2 -4 6 -4 -4 -1 0 0 0 -3 -1 -4 0 -2 1 2 0 0 4 2 -4 2 1 0 0 -1 0 4 2 0 0 4 0 0 1 -5 2 -2 -1 4 3 -2 0 2 4 -2 2 -8 -2 0 0 0 -3 -3 3 0 -2 0 1 1 45 0 2 4 0 0 5 0 0 -2 -3 0 1 0 -2 -6 4 0 2 -1 -4 2 4 4 0 -4 0 0 1 -2 0 0 0 0 0 -6 0 0 0 4 -6 -4 -4 0 -2 -4 -2 -4 0 -2 2 5 2 1 0 1 -2 0 0 1 0 2 6 -2 0 0 2 0 0 4 2 4 -2 1 0 -2 3 2 2 2 2 -2 2 1 0 0 4 -1 -2 0 2 0 0 0 0 -6 -1 -4 5 0 -8 -2 4 0 0 0 4 0 0 0 -2 0 4 0 2 0 2 0 -2 0 0 2 3 0 -2 -5 0 -10 0 -4 2 4 0 0 -1 0 -1 -2 0 0 -4 0 -4 2 0 0 -2 0 -2 2 0 -1 1
0 0 0 0 -6 0 0 2 0 -4 0 -2 2 -4 0 4 0 -4 0 0 0 0 0 -1 0 0 0 -4 0 0 2 0 10 -2 0 0 0 2 -4 0 1 0 0 8 4 0 -2 -4 -2 0 -2 6 10 1 -4 0 2 -8 -5 0 -2 1 2 0 0 4 1 0 -2 -1 0 0 -2 4 0 -1 2 2 2 0 4 -4 0 -2 0 0 -4 0 0 0 -4 0 6 0 0 2 1 0 0 2 0 0 -4 0 2 0 4 1 0 0 0 0 0 6 4 0 -2 0 -2 0 0 0 0 2 0 0 -2 0 2 0 -4 8 -2 2 -4 0 0 -6 0 4 0 6 0 4 4 0 0 0 2 0 0 0 0 0 2 0 0 0 4 -4 -2 -2 -2 2 0 4 0 1 6 0 2 4 -2 -1 0 -6 0 0 0 0 -4 4 -2 -6 -4 0 0 -4 2 4 6 0 8 0 -6 0 -4 4 0 2 0 -2 0 0 0 -1 0 0 56 0 -10 0 2 -4 1 0 -2 -2 0 -4 -4 0 -4 -1 0 2 -2 0 -1 0 0 -4 -1 0 8 0 0 1 2 -4 -2 -8 2 0 -4 -2 2 3 -2 0 4 6 0 -2 0 2 0 -4 0 0 0 0 -2 0 0 0 2 0 -4 -4 4 0 0 -4 8 2 4 0 0 -8 0 -4 -2 -2 0 0 0 0 2 2 2 4 0 -6 0 0 4 0 -3 0 0 0 2 -4 0 2 0 0 8 0 -2 0 0 8 0 -4 0 8 0 0 0 -2 1 2 0 4 0 0 -2 0 -2 2 4 0 4 0 2 6 4 4 2 0 -5 -1 -2 4 0 0 0 0 0 0 6 -8 4 -2 4 -2 0 0
2 0 0 0 -1 0 0 0 0 -2 0 0 0 0 -4 0 -5 2 0 0 -2 0 -4 0 -2 -4 0 -1 1 -2 0 0 0 0 2 0 0 1 0 -4 -2 0 0 0 0 0 2 0 -1 0 4 0 0 0 0 4 -2 0 -4 0 0 4 0 0 -2 -1 2 -4 4 1 -1 4 0 0 -2 -2 0 2 4 0 0 0 0 2 -2 -2 -4 2 0 -4 0 0 2 4 0 3 -4 0 4 0 -2 0 0 0 -7 2 2 0 0 -2 0 2 0 1 2 0 1 5 2 0 -6 4 -1 -2 4 4 0 2 0 -4 0 -5 8 0 2 2 -4 4 0 0 -1 2 0 -4 0 -2 0 -4 -3 0 -1 0 2 0 0 2 -6 0 0 -1 -3 4 4 -4 0 0 0 0 0 -3 3 0 1 0 1 0 -4 0 2 0 6 -2 0 0 -4 1 0 4 0 2 0 0 2 -1 0 2 0 5 -4 0 0 2 0 -1 -6 0 -1 2 0 42 -4 -4 0 0 0 0 6 -4 1 -3 4 0 -2 0 0 -2 -6 -4 0 4 4 0 -4 4 0 -2 4 -4 0 -4 0 -2 -6 0 0 -1 3 10 -1 0 0 -2 0 4 0 -2 -1 0 -4 0 0 0 0 0 0 0 1 0 0 4 0 0 -6 4 2 0 2 4 -2 0 2 4 0 2 0 0 0 4 0 3 0 0 0 0 -4 6 0 -4 0 0 0 0 4 0 -1 0 2 0 4 0 1 -2 2 -1 6 0 0 0 -4 0 0 0 1 0 0 0 2 0 0 -6 0 0 -4 4 0 -2 0 -4 6 0 0 -2 0 2 0 0 0 4 2 4 2 6 2 0 0 -4 0 -2 4 0
4 0 0 -2 1 2 0 -2 2 -2 4 4 2 10 0 8 0 0 0 0 0 0 3 2 0 4 0 0 0 -1 8 6 6 -1 -1 0 0 -2 -7 4 0 0 2 4 -2 0 2 -2 4 1 -3 -2 0 0 2 0 0 2 4 -8 2 0 0 0 0 0 -2 0 -1 4 -4 4 2 0 -5 2 -4 0 0 0 -3 0 -2 -2 -2 0 0 2 6 -4 2 6 0 0 2 -1 0 4 -1 2 8 -4 2 4 4 -10 4 2 0 -4 0 4 0 4 1 0 -2 0 0 0 2 0 0 -4 0 -6 0 -5 -2 8 2 0 -7 -1 -2 0 2 -1 0 0 -2 -2 0 0 0 -2 5 0 0 2 -2 -1 4 4 0 0 0 0 -6 4 -1 -4 -2 0 4 2 1 4 -1 2 3 -2 10 2 0 0 2 6 -2 4 -2 4 0 0 0 0 0 0 6 4 1 0 4 -2 4 -2 2 0 -2 0 4 0 2 -4 2 -2 0 4 -10 -4 70 0 4 -1 0 -1 0 2 0 0 8 0 -3 0 1 -1 0 2 0 -6 0 4 2 0 -6 4 0 1 0 8 -4 4 4 -4 1 2 -2 0 -4 -2 0 -6 0 0 0 2 -3 0 -1 -2 -2 4 4 -4 4 6 -8 -2 12 0 4 0 2 0 0 -3 -2 0 6 0 0 -2 2 4 4 4 -4 0 2 0 5 -3 1 0 4 4 4 8 0 3 -2 8 -1 0 2 -5 0 -6 -6 1 0 0 0 2 4 0 0 -4 -1 0 1 4 -2 3 4 0 4 -2 0 -2 2 -2 2 4 9 -2 -4 3 0 -2 -2 1 0 -4 4 0 0 2 -4 0 0 0 -3 6 0 13 1 -3 -2 -2
-3 0 -1 0 -4 0 0 0 4 3 2 1 -2 0 0 0 6 0 4 5 5 0 -4 0 2 -2 -3 0 0 0 2 1 0 0 0 0 2 0 -1 0 -2 -2 0 -4 0 -1 2 0 2 0 2 -4 0 -2 0 -5 2 0 8 0 0 -5 0 0 0 2 1 0 4 0 0 0 0 0 5 -2 0 0 -1 0 -4 -4 4 3 0 5 4 -1 0 4 0 0 0 2 1 -1 -2 -4 0 0 0 0 0 -3 -4 -4 0 0 0 0 -6 6 0 1 -3 0 -2 -6 -3 -1 0 0 0 0 -1 -1 8 -3 0 0 0 0 0 0 0 0 0 2 -2 0 -4 0 0 -2 0 0 0 -2 0 0 -1 0 2 0 4 2 0 0 0 3 4 0 0 2 0 8 0 0 4 0 0 2 -1 -4 0 -4 -2 2 0 -7 0 0 0 1 0 -4 0 4 0 0 0 5 -2 0 0 0 -2 4 0 0 0 -4 0 4 0 0 8 0 0 -4 0 42 0 2 2 0 5 8 0 5 0 2 0 0 0 0 1 2 -2 0 -2 -2 -1 -2 0 0 0 2 0 0 0 -2 0 4 3 -4 3 2 4 0 0 -3 -2 0 3 0 0 10 0 0 0 2 0 0 -2 0 2 0 2 2 1 0 3 0 -6 0 1 -4 0 0 4 0 0 0 2 0 0 0 -2 -4 0 0 0 -1 3 0 4 0 0 -4 0 0 -2 0 4 0 2 -4 -6 2 13 3 2 -1 0 0 2 2 1 0 0 2 0 -1 1 0 -2 -5 0 11 0 -1 0 1 0 0 0 0 2 0 0 -3 0 0 -4 0 -6 0 0 -1 -8 0 0 2 -6 -3 0 -6 1 2
6 1 0 2 0 0 0 0 2 1 0 -1 0 0 2 0 0 0 0 4 0 -1 2 0 -2 0 0 0 0 0 -4 0 0 4 0 1 -4 0 0 0 2 0 -2 4 0 0 0 8 0 0 0 2 0 1 -6 0 0 -4 -2 0 0 0 -1 0 0 0 0 0 -1 -2 -2 0 0 0 0 4 0 0 0 2 0 0 0 4 -4 0 0 0 8 0 0 0 0 -6 -2 0 0 0 0 0 0 -2 2 0 0 -2 3 0 -4 0 2 0 0 0 0 0 -1 0 4 0 0 0 0 0 2 -4 0 0 -2 0 0 -2 0 0 0 0 4 1 -1 0 0 -2 -1 0 0 0 0 4 2 -2 0 0 2 0 2 1 0 0 0 -2 0 0 4 0 -2 0 -4 0 4 0 0 0 0 0 0 2 0 0 4 0 0 0 0 -1 4 0 0 0 8 2 0 0 0 0 0 4 0 0 0 0 0 2 2 0 0 0 -2 0 2 0 4 0 24 0 -2 0 -4 -2 -1 0 0 0 0 0 0 2 0 0 0 0 2 0 0 0 2 0 0 -4 0 2 0 0 0 0 0 -1 -2 4 0 0 0 0 0 0 0 0 4 0 0 4 0 0 -4 -4 0 0 0 -2 -2 0 0 0 0 2 2 0 2 -4 0 0 -1 0 4 -1 4 0 0 0 0 4 0 -5 -2 0 0 0 2 0 -2 -2 0 2 0 0 6 -4 0 0 0 -2 0 0 0 2 6 4 0 -1 0 0 0 -2 0 0 0 0 0 0 0 -4 -2 -1 0 1 4 0 0 0 0 0 0 0 -2 0 -8 0 0 6 -4 -2 0 0 0 -4 0 0 -2 -6 -1 -2
6 0 0 0 1 0 2 0 -2 4 4 -1 0 3 0 0 0 0 0 0 4 0 -2 0 4 -4 2 2 0 0 -4 0 0 0 0 -4 0 0 -2 -1 -4 3 0 0 -1 4 0 0 0 -1 0 0 -2 0 0 1 -4 4 -4 0 1 1 0 0 0 0 0 2 0 4 0 2 1 -2 0 0 0 2 4 0 0 4 -4 0 0 2 0 0 0 2 1 0 2 0 0 0 0 0 2 0 0 4 -1 0 -1 -4 0 0 4 0 0 0 0 -2 0 4 0 0 3 -2 -4 0 1 0 0 0 0 0 0 0 0 0 1 0 0 -1 0 0 -2 0 2 2 2 2 0 0 -3 2 0 1 6 0 -1 0 -6 1 0 3 -4 -2 4 -2 6 0 0 0 0 0 0 7 0 2 -2 0 -2 2 0 0 0 0 0 -2 0 0 0 5 1 4 -4 -2 0 0 -2 -1 0 -3 0 -4 -4 -2 -3 0 -2 2 0 0 4 5 -4 0 -1 2 0 42 0 0 -2 0 4 1 0 0 1 -2 2 0 0 0 0 4 0 -1 -2 0 0 4 -4 0 0 2 1 0 0 -4 2 0 0 2 -2 2 0 -4 -2 0 0 4 -2 4 4 0 0 0 -2 0 0 -4 2 0 4 0 -11 0 4 4 0 4 2 0 0 8 3 -2 0 0 0 0 -4 2 -7 0 -1 2 -2 0 -4 -2 0 2 -4 0 0 0 2 5 2 5 0 -2 -6 2 0 0 0 -4 -4 -4 0 -4 -6 -8 0 2 0 8 0 0 1 -2 -2 0 0 0 -2 0 -8 -4 -1 1 2 1 -2 -1 0 0 1 0 4 0 2 0 1 0 0 1 0 0 5 -4 0 -4
-2 -8 -4 0 0 -4 0 0 0 2 0 -2 0 0 0 -4 0 2 2 0 -2 0 0 0 0 0 1 0 0 0 -4 0 2 0 2 -2 0 0 -2 0 -1 0 -2 4 -2 0 0 0 0 4 -1 -4 6 -4 2 2 0 0 2 5 2 -2 0 -2 0 0 0 -4 0 -5 4 0 0 0 -2 -1 3 0 4 0 6 0 -3 2 -2 4 0 1 0 2 0 4 0 6 0 -1 0 0 0 0 -3 -2 0 1 -2 0 6 -4 -2 0 -8 -2 2 -2 2 0 4 -2 -4 0 0 2 0 0 0 2 0 -2 4 -2 0 4 4 0 -2 0 -6 -4 0 0 4 -2 6 2 -2 0 0 0 -6 0 -4 -8 0 -4 6 -2 -4 0 0 2 2 -2 0 0 -4 4 0 0 4 -4 -4 0 0 -1 -2 -2 -2 -4 -2 -6 -1 4 0 0 0 -2 4 0 -4 4 -2 1 0 0 2 0 -2 1 0 0 -4 0 -4 0 9 0 0 0 1 0 0 2 -2 0 57 -2 0 0 -2 -2 -3 0 0 -2 2 -4 0 0 -2 0 2 10 0 0 0 0 0 -3 0 -4 -2 0 -4 0 -4 -2 -2 0 2 0 -2 2 4 0 4 -2 0 0 0 0 0 0 0 0 0 6 0 2 2 0 2 -4 -1 2 4 -2 0 0 0 0 2 -2 4 2 0 0 0 -5 0 -2 2 2 -2 -12 1 -4 0 0 5 2 4 2 0 -2 0 0 2 2 0 0 0 6 -4 2 2 -2 -2 -4 2 0 4 4 0 -4 -2 2 8 0 2 -8 -6 0 -2 0 0 0 0 -1 4 0 0 0 -2 0 0 0 -4 -1 4 0 4 0 4 0 0 0 1 0 -3 2
0 0 0 -2 2 2 0 0 -2 0 0 0 4 0 0 0 0 0 0 0 -4 0 0 8 0 0 0 3 0 3 -1 0 0 4 1 0 1 0 0 0 0 0 0 2 0 0 0 0 0 0 9 2 1 -2 1 0 0 -2 -1 0 0 0 1 -1 0 4 -3 0 0 0 0 -1 0 2 0 1 -2 0 0 -2 0 -1 0 0 2 0 0 0 0 0 0 -4 0 -4 0 4 1 -2 0 3 0 0 0 -5 1 0 0 0 0 3 -1 -2 0 0 0 -6 -4 -2 0 0 0 0 0 0 0 6 2 0 0 0 0 0 0 -1 0 1 1 0 4 -2 0 0 0 2 0 -2 0 0 0 0 2 2 6 0 -1 1 2 0 0 0 0 -2 4 -4 -2 0 0 0 2 4 0 0 4 -2 0 0 -2 0 0 -2 0 0 3 -1 0 0 0 0 0 0 0 0 -4 2 0 4 2 0 0 0 0 -3 -1 0 0 0 0 0 0 0 -1 0 0 0 -2 20 1 0 0 0 2 0 0 0 -1 0 0 0 -4 -2 0 -2 0 2 0 0 -1 -1 -2 0 -1 0 4 0 5 0 0 4 2 -1 0 0 -2 0 0 1 2 0 1 -2 0 0 0 0 -2 -2 0 0 0 4 -2 4 1 0 0 2 -4 0 3 0 -2 2 2 0 0 2 3 0 4 0 -2 0 0 2 -1 2 0 0 0 0 0 -3 0 0 0 0 0 0 -1 -1 2 1 0 0 0 2 0 -4 0 0 2 0 0 0 1 0 0 -2 2 2 0 0 0 0 0 2 2 0 0 0 -6 0 2 0 2 0 -1 -1 -1 0 0 4 0 0 -4 -2 0 0 0 0
4 4 1 0 0 1 -1 4 -4 3 0 1 -2 -2 -2 4 -2 -2 2 4 0 2 0 6 0 3 2 4 2 -3 1 0 4 0 -2 0 9 0 0 2 0 -2 4 2 4 4 2 0 -3 0 -2 -4 4 1 4 0 4 0 6 0 0 -2 -4 0 0 0 0 0 -2 4 0 0 -2 6 6 2 -6 0 -1 0 0 1 0 1 8 -4 4 2 2 -4 0 0 2 0 1 -2 -4 4 -2 1 -4 -4 -5 -4 0 4 0 0 0 -8 -5 6 0 -4 -4 -2 -4 -6 -4 2 -4 0 -1 4 0 0 6 6 0 3 0 -4 2 2 2 5 -2 2 -4 0 -1 0 -1 -5 -2 -2 -4 -2 -2 0 3 0 0 0 0 0 2 0 0 7 -6 -4 -12 8 0 -2 -4 4 0 2 2 2 4 0 -4 4 0 4 0 0 0 4 -3 2 -4 3 -1 0 -2 -4 2 -2 10 0 0 -4 0 -4 0 0 0 2 -2 6 0 -1 0 -2 -2 6 0 5 -4 -2 0 1 73 2 -2 0 -2 0 4 0 0 -1 -6 2 4 0 1 2 -2 0 2 0 2 -2 -1 2 8 2 0 6 7 0 -2 -2 8 -9 2 0 -2 0 -4 2 3 6 0 0 0 4 0 2 6 7 4 -4 2 -4 -1 -4 0 2 2 -2 -3 8 0 8 -1 4 -1 0 2 0 -4 0 -4 -2 3 2 2 6 4 0 -8 4 0 -4 0 3 0 0 -2 0 0 4 2 2 8 0 0 0 -4 -3 2 -1 0 0 6 -2 0 3 7 0 8 -4 0 6 -4 0 2 4 -6 2 0 -3 4 0 0 -4 -2 2 4 2 -1 -3 4 -2 4 2 8 4 0 0 -2 4 5 2
0 -6 0 -3 -2 0 -2 2 4 2 1 -2 0 0 0 0 2 -2 0 8 2 -4 0 4 0 4 -2 -1 -3 6 1 -2 0 0 -4 -6 0 0 0 0 -4 0 0 -3 0 -2 4 -5 0 4 0 4 0 -8 2 -4 0 0 6 4 0 8 2 1 -2 0 0 0 4 0 4 0 2 4 -4 -4 0 -4 0 0 4 -8 0 -4 4 0 4 0 0 0 4 0 0 4 0 0 0 0 -6 0 4 -2 1 2 2 0 0 -2 0 0 -2 2 2 -6 6 0 0 0 -2 0 6 0 -2 -1 1 -4 -2 0 4 0 0 4 1 0 -2 6 2 -4 0 -2 -2 0 2 3 -1 -3 0 4 0 -4 2 -2 0 1 0 0 -2 0 2 -4 0 0 -2 2 4 -4 4 0 0 -3 0 0 2 -3 -4 8 2 0 4 0 1 0 -4 0 0 -2 -2 -2 2 2 2 0 -4 0 6 -2 -4 0 0 0 0 0 0 0 2 -2 0 -3 -2 -4 2 8 -2 0 0 0 2 62 0 2 -4 -2 8 0 0 0 0 0 2 4 2 -2 -4 0 -4 0 1 4 0 -12 4 0 -2 0 -4 0 -4 0 4 2 4 0 -1 0 2 2 -2 2 -4 4 4 -1 0 1 -2 0 0 -4 -1 4 4 0 -6 0 0 4 -2 0 0 0 6 0 4 0 1 0 4 0 -8 2 4 0 2 -4 4 -6 0 -12 0 -2 0 0 0 0 2 -1 0 2 -8 0 0 8 0 0 -6 4 -4 2 4 0 1 -4 2 4 -4 -2 -4 -2 0 1 0 2 0 -2 0 -10 2 -4 -2 2 0 2 0 0 4 0 -2 0 4 6 -2 0 2 -3 0 -2 -2 0 0 0
-1 0 2 -4 0 0 0 0 1 -1 0 -2 2 4 0 0 3 -2 0 0 6 1 2 0 0 2 -2 2 1 4 2 2 0 0 0 0 0 0 4 0 -4 0 4 0 0 0 0 0 -2 -2 2 4 1 0 0 0 1 0 0 2 -6 0 1 1 0 0 -2 -4 1 0 0 0 0 4 6 0 -2 0 0 2 4 2 -2 -6 0 0 0 1 0 2 0 2 1 4 0 0 0 4 0 0 4 0 0 -2 6 0 2 0 2 -2 0 0 0 -6 0 0 0 0 -2 0 0 0 0 0 0 0 0 6 0 0 2 4 0 1 4 -2 0 4 -1 0 4 6 0 -2 4 4 -2 -4 0 4 4 0 -2 0 -1 0 0 -1 0 2 0 -4 4 0 0 0 0 0 -2 1 0 0 0 0 0 0 -1 0 5 -2 0 4 0 1 0 6 8 0 0 0 -4 0 0 0 2 2 -2 0 -4 0 0 0 0 -5 0 0 2 0 0 1 0 0 -1 4 -2 0 -2 0 35 0 -2 0 0 0 0 -2 0 0 0 0 0 -2 0 0 -4 4 0 0 0 1 0 2 4 0 0 0 0 2 2 0 2 0 0 0 -2 4 2 0 0 4 -2 1 0 0 0 4 0 0 0 4 0 2 0 0 0 4 4 -2 0 0 -2 -1 10 0 4 0 0 4 -4 -1 -1 1 4 4 0 0 1 0 0 4 -2 -2 -2 2 3 4 0 4 -4 -2 0 0 0 2 2 4 0 2 -4 -4 2 -2 0 0 0 0 6 2 2 0 0 0 0 -2 -2 -4 0 -2 2 0 4 0 6 0 0 0 0 2 0 2 4 0 0 2 0 6 0 1 3 -2
-1 0 0 0 -1 5 6 4 4 1 0 3 0 -4 2 0 2 -4 0 0 -2 0 8 -4 6 -4 0 0 -8 0 4 4 4 2 -1 0 0 4 -4 1 -1 -4 0 0 2 2 4 2 0 2 0 3 -2 -4 2 -3 2 0 10 -1 0 2 0 1 2 1 0 3 -2 0 0 0 0 0 1 0 2 12 -6 8 -1 0 -2 0 0 3 2 0 0 -1 0 -4 0 0 2 8 -8 0 1 0 0 -10 -5 -7 -1 0 1 0 6 0 2 0 -10 -2 8 8 -2 0 -1 0 -2 0 1 4 2 -4 0 0 0 -2 0 0 -2 0 -2 0 0 -4 0 0 0 -4 0 2 4 0 0 -4 -1 2 2 0 1 2 0 2 0 0 0 0 0 0 0 4 6 0 4 -2 -2 0 0 0 2 -4 -4 0 0 -4 0 3 0 -4 -4 0 0 -1 -8 0 -4 0 -6 1 -4 -1 0 -4 2 -4 0 0 2 3 0 0 -1 0 -3 1 -4 -3 0 5 0 1 -2 0 0 2 0 69 -2 -4 -2 -5 -1 2 1 0 0 3 -1 -4 0 0 0 -4 0 -8 4 6 6 0 0 0 4 0 0 0 6 0 0 0 0 2 -2 0 2 2 0 0 -1 6 3 -8 6 2 0 0 0 0 -1 -6 -1 0 -6 2 0 0 4 2 1 -4 0 -2 -2 4 0 0 -3 -2 0 -1 -4 0 3 0 0 0 2 0 0 1 -8 3 0 0 0 -6 -2 0 1 1 -2 0 0 4 0 0 2 0 -4 2 0 4 1 6 0 5 4 1 3 2 0 -1 0 0 0 -4 0 2 -2 0 -4 2 0 -4 0 0 -4 -6 -1 0 6 0 -10 4 0 0 4 -1
-2 -4 0 -2 0 0 4 6 4 -4 2 0 -2 4 -2 6 0 4 0 -4 6 8 -4 0 0 0 0 4 0 1 0 6 -4 0 0 -4 0 0 -2 0 4 -6 -2 -4 -4 -2 -4 0 0 0 1 -4 6 -4 2 0 -1 2 2 -8 2 4 4 0 0 0 0 -6 4 0 0 0 2 -4 4 2 -4 0 4 -5 -2 0 1 4 0 -4 0 0 -2 4 0 1 0 0 -2 0 0 0 2 0 1 0 2 1 0 -7 -8 -2 0 0 0 2 0 4 0 0 0 0 2 -2 -6 -2 -2 -2 0 4 4 2 2 0 0 0 0 1 0 0 -4 4 0 2 1 -2 -4 4 -4 0 2 0 0 0 4 4 4 0 0 2 4 0 -2 2 0 0 0 -4 4 4 -4 0 6 0 2 0 0 4 0 0 -2 -2 0 0 0 -4 4 5 -4 0 -4 -2 4 0 0 2 0 0 2 0 4 6 0 -2 0 0 0 -2 2 4 0 0 -4 4 8 0 0 0 -3 2 -2 -4 -2 -2 58 0 -1 2 0 0 2 -2 -4 0 0 -6 0 4 -4 4 0 0 -4 4 0 0 2 -2 5 0 -2 -2 0 0 0 -4 0 0 0 -2 -2 0 -1 -2 0 0 0 -1 0 -4 -2 -2 0 0 -6 0 2 0 6 -8 2 0 0 0 0 2 0 0 4 -4 -2 -2 0 0 2 0 -4 0 0 0 2 0 0 2 0 4 4 0 0 0 0 -6 -2 -4 0 0 0 0 0 -2 0 -2 -2 0 2 -3 2 2 -4 0 4 0 0 0 -2 -1 0 2 -2 -2 4 1 -2 -5 0 0 -2 0 0 -2 2 -1 0 4 0 0 -4 4 -2 2 0 -4 3 -4
-2 -4 -6 -2 0 0 2 0 0 0 0 3 0 -1 -1 -2 -4 0 0 0 2 -1 2 0 -6 0 2 0 0 0 0 2 -4 -2 0 0 0 -2 4 -2 5 0 0 -4 0 0 0 -2 0 0 4 -2 2 2 2 0 0 0 0 2 2 0 0 -4 0 4 0 2 0 3 0 0 0 0 0 0 0 0 4 2 1 1 0 2 0 4 0 0 0 8 0 0 0 -4 0 0 2 2 0 8 0 8 0 0 0 0 0 4 0 0 0 -2 2 0 -2 0 4 2 -2 2 0 0 0 0 0 0 0 0 2 4 0 0 -2 0 0 0 -2 8 2 -2 0 0 0 0 0 0 4 0 0 6 0 0 0 0 0 2 4 -4 0 4 4 2 0 -2 0 -2 0 0 0 1 0 4 4 0 2 0 0 0 0 -4 0 8 -2 0 1 0 0 0 4 5 2 0 0 0 0 0 0 0 -3 0 4 0 0 0 2 0 -4 -2 0 0 0 2 0 0 0 0 0 -2 0 -4 0 30 4 0 -4 0 2 0 0 0 -3 6 0 0 0 0 0 0 0 0 0 2 0 -1 2 0 0 0 0 0 4 -1 -4 0 2 2 0 0 0 0 0 0 0 0 2 0 0 0 0 0 -2 0 2 -5 4 -2 0 0 0 4 0 0 4 0 0 1 -2 1 1 0 -2 1 2 2 0 -1 0 2 -5 -2 0 0 0 0 0 0 0 0 0 0 2 -2 0 -9 1 0 0 3 0 -8 4 2 0 4 0 8 0 0 0 1 0 0 0 -1 0 0 -4 -4 -2 0 2 1 0 0 0 0 0 -1 -2 0 0 0 0 -4 0 -3 0 0 0 -2
0 0 0 0 0 0 0 0 0 0 0 4 -8 -1 -4 8 0 0 0 -2 4 0 0 0 0 8 0 0 4 0 0 -4 -2 0 -2 -4 0 0 4 -2 -5 -5 0 -4 0 0 2 4 -2 -1 0 2 0 0 2 -1 4 0 2 0 -2 0 0 8 0 -4 0 0 -2 8 0 -2 0 4 0 8 6 1 -2 8 0 -6 8 0 -2 0 0 2 0 0 4 0 4 0 0 -4 0 0 -2 2 -2 6 0 -2 2 0 2 0 -2 0 0 0 0 -4 -1 4 0 2 2 0 0 2 0 1 -4 -2 0 0 0 0 0 6 -1 -1 2 0 0 -6 9 0 6 0 0 0 0 0 -3 0 5 0 0 8 0 4 8 -4 4 0 4 4 -2 2 5 4 0 -1 -4 0 0 3 8 4 4 0 0 0 -2 0 4 0 -2 4 -10 0 0 0 -2 -8 2 -2 0 0 8 0 2 -2 0 0 -2 4 0 1 0 2 0 0 -4 -6 -4 -2 -3 0 0 1 0 0 4 8 0 -2 -1 4 64 0 0 2 0 0 2 0 5 8 -6 0 1 0 -2 4 0 0 2 13 0 2 3 0 -6 0 0 -2 4 4 4 6 0 0 0 0 -4 -2 0 0 0 4 -2 0 -2 8 0 4 -2 0 0 2 0 0 0 0 0 8 0 0 0 -8 0 0 -2 2 -2 2 -2 0 0 0 2 0 -6 -4 -4 4 8 -2 0 0 0 0 0 2 0 0 0 4 0 -8 0 0 0 2 0 0 0 0 0 -8 0 4 -2 0 0 0 0 1 0 0 0 2 -2 -2 -2 4 -2 0 0 -2 0 0 0 -4 4 0 -4 -2 8 0 8 -2 0 3 0 0
0 4 0 0 2 -2 -4 2 2 0 4 2 0 2 2 6 0 2 0 0 2 0 -8 0 0 0 2 0 0 0 0 0 2 -1 4 0 0 0 0 0 -4 4 4 -2 0 0 -4 0 4 0 0 0 0 0 0 -2 0 -1 8 -1 0 7 0 0 0 1 -8 0 0 0 0 0 0 -4 -4 1 -2 -4 0 0 -1 0 0 -2 0 -4 0 0 -4 -4 2 0 4 4 2 0 0 0 0 2 -2 8 4 0 0 0 0 0 0 0 0 0 -4 0 -2 4 0 6 4 0 0 -5 2 -6 2 0 2 0 4 0 0 0 0 0 6 0 2 6 4 4 0 -2 0 0 0 4 0 0 0 3 -4 0 2 -2 0 -2 -2 0 0 4 2 0 4 2 -4 8 0 0 1 0 0 4 -2 0 0 4 0 0 4 0 0 -4 0 0 2 -4 8 -8 0 0 -2 0 4 2 0 0 0 0 0 -4 -4 0 0 4 -1 0 0 4 -1 0 0 0 0 -2 -2 0 0 0 0 -5 2 0 0 56 4 1 0 0 0 1 0 -2 0 2 0 -2 0 0 -2 0 2 0 0 -8 -1 2 0 0 2 -4 0 0 0 0 0 0 4 0 0 0 0 0 0 0 0 2 4 -4 0 8 0 -6 -1 4 0 0 4 0 0 0 2 0 -2 8 4 0 0 4 2 2 2 -2 0 14 -8 0 0 0 0 0 0 0 0 -2 -2 2 -2 8 0 -4 0 0 0 -1 0 -4 -4 4 0 -1 0 -2 0 8 0 0 2 -4 0 6 0 4 -8 0 4 2 0 0 8 0 0 -2 3 -1 4 0 2 0 6 0 -2 0 -2 -8 10 0 0 0 1 0
0 0 6 2 2 2 0 0 0 -2 0 0 0 0 4 0 0 0 0 -2 -1 -2 0 2 8 0 4 -2 -4 0 -1 0 0 -2 0 0 5 4 0 2 3 2 0 0 0 0 0 0 -2 -2 -2 0 -6 0 -8 0 -3 8 7 -2 0 4 0 7 0 0 -4 -4 0 0 0 -4 0 -4 0 3 0 0 0 0 0 1 1 0 -6 0 4 0 0 1 -1 0 0 0 4 0 0 0 0 -2 -1 0 2 4 0 2 0 -1 3 0 4 0 0 0 -4 0 0 -1 6 -2 0 0 0 0 -2 -4 0 -4 0 0 0 -1 2 0 2 1 -3 -2 0 4 0 0 0 1 0 -2 -4 0 2 2 -2 0 0 -2 -1 0 4 0 0 -4 -4 -2 0 2 4 0 0 -3 0 4 -2 -1 -4 2 0 0 6 0 0 1 -2 0 0 0 1 6 0 0 0 -4 -1 0 0 -2 -1 0 0 0 0 2 0 0 0 0 -2 0 0 0 0 0 1 0 0 2 2 -1 0 0 0 -1 0 -4 0 4 40 0 0 1 -2 -8 1 2 -2 0 0 2 4 1 0 0 -2 0 4 -12 -6 4 0 0 10 1 -5 0 -6 0 -2 0 4 0 -1 0 -2 4 0 3 -2 2 5 1 4 -2 -7 -1 -6 0 0 1 6 0 0 2 2 -1 0 0 0 0 -4 2 0 0 -4 0 4 6 0 0 6 0 0 1 2 0 2 0 -3 4 -1 4 0 1 -4 0 0 3 -2 0 1 0 2 -10 0 2 0 0 -1 -6 0 1 0 -4 1 0 -2 0 -8 0 0 0 1 0 0 -2 0 4 -1 -2 0 -2 4 0 2 0 0 0 -4 2 2 0 -4 0
0 0 0 0 -1 -3 2 0 0 2 0 0 2 -4 5 0 0 -2 0 2 2 2 -2 1 0 -2 0 0 0 0 0 0 0 -1 -2 2 -2 0 0 -1 1 2 0 0 2 0 0 0 2 -3 7 0 -1 -10 0 0 0 1 0 -1 -2 2 -2 2 -2 0 -2 8 -3 0 0 2 -2 4 2 1 0 0 1 -4 0 -2 4 0 0 0 2 0 0 0 0 0 0 0 4 -3 0 -4 0 0 0 2 1 2 0 -4 0 0 4 0 0 0 2 0 2 -4 0 0 -2 0 0 0 8 0 4 0 -4 0 0 0 0 1 -5 -3 2 0 0 -2 0 2 -2 -4 -2 -2 0 -2 0 2 0 0 3 0 5 0 6 0 2 0 0 0 -2 0 4 2 0 0 0 0 4 4 4 0 -2 0 0 -1 -4 0 0 6 -1 -3 -4 -4 -2 0 0 -4 0 0 -2 0 0 2 -6 0 -2 0 2 0 0 0 4 -2 0 -2 -4 2 2 -2 -1 0 2 0 -4 0 -1 0 -2 2 0 0 2 1 0 39 0 0 2 0 -2 2 -1 0 -2 -4 -1 0 -2 0 1 -4 0 0 -1 2 -1 0 0 -1 0 -2 0 0 0 -5 -4 -2 2 -4 0 2 0 0 -4 0 4 0 2 0 -2 0 -5 0 0 4 3 -2 0 0 -1 -4 -1 -5 0 0 0 2 0 0 2 -2 0 2 -1 0 0 -1 -2 0 0 6 1 4 4 -2 2 0 0 -2 0 0 0 3 -2 0 0 -2 0 1 2 0 0 3 2 0 0 -2 0 -2 2 0 -4 2 0 0 0 0 -1 0 0 0 -2 -2 0 0 0 -2 2 -4 -4 -1 4 0 -2 2 -2 3 -2 -2
-8 0 2 0 -4 2 1 2 -2 2 -2 0 0 2 -4 5 0 0 1 1 -2 0 -4 2 -4 -4 4 0 2 6 0 -6 -1 1 -1 -2 2 -2 2 0 0 -2 0 5 0 0 2 -2 4 0 1 2 0 0 0 -2 0 0 0 0 3 0 0 0 0 2 -1 0 -5 -2 0 0 0 2 0 -2 0 -2 -2 0 -3 0 0 0 4 -2 -2 0 -2 2 0 -1 -1 -2 -2 2 4 0 -4 2 4 2 0 0 1 0 -1 2 2 2 0 -4 -2 -1 0 0 0 -4 6 -4 0 0 -2 0 1 -2 -4 0 0 2 0 0 0 0 0 -2 0 -1 -2 4 -2 4 0 0 0 3 4 2 -2 0 0 -4 -2 0 0 2 2 0 4 -2 2 4 2 -2 0 0 0 0 -6 0 -2 0 0 2 -2 0 5 4 0 0 0 0 1 6 -4 -1 -3 10 0 0 0 -1 -3 2 1 0 -7 4 -4 -2 0 0 0 2 0 0 -2 -1 -2 -6 0 1 0 0 0 0 -6 0 0 1 2 2 0 0 0 0 44 -4 -3 0 1 1 0 -4 0 0 -2 -6 0 0 0 4 -4 4 1 -1 -2 -2 0 0 -1 1 -4 0 0 -1 -2 -8 -2 0 -4 0 1 -1 -4 -2 0 2 -4 -1 -2 0 0 1 2 -2 -3 0 1 2 1 0 4 0 0 0 -4 0 -2 2 -5 0 1 -2 0 -4 2 -1 -1 0 -2 -2 0 3 0 0 0 0 1 -5 -1 -4 0 -8 4 1 0 -2 -6 0 0 0 8 0 -2 2 -3 0 0 -6 -2 1 0 -1 0 -1 1 -2 0 -2 -2 0 0 0 0 0 0 0 0 0 -12 -1 0 2 4 2 0 0 -2 2
4 0 0 2 -12 -4 -4 0 2 2 4 -2 0 0 -4 -8 -4 -1 0 0 0 12 0 -1 -2 0 0 0 4 4 -2 1 -2 0 0 0 0 4 0 2 -3 0 -2 -2 0 0 -1 1 0 0 -2 0 2 2 0 2 0 0 0 6 2 1 2 0 0 -4 2 1 -4 0 0 -1 -2 0 0 0 0 4 -2 0 -2 0 6 0 3 4 0 1 3 0 0 -4 0 4 0 0 0 -8 0 -6 0 -2 -1 1 4 2 0 4 0 6 4 2 4 0 0 4 0 0 -4 0 4 3 0 4 0 2 0 4 0 -2 1 -1 1 -10 0 -4 6 4 0 0 2 2 0 0 0 0 2 -4 0 0 0 6 -2 2 2 -4 0 4 -4 -4 1 2 -2 -2 5 1 0 -1 4 -1 -3 2 0 1 0 0 8 4 -2 -2 4 0 0 0 -4 0 2 3 4 0 0 0 0 -6 0 -2 -2 -8 0 2 0 -4 0 2 2 -2 2 -4 0 -4 2 2 0 0 0 0 2 0 0 0 -2 0 0 0 1 0 -4 60 0 0 2 2 2 4 3 0 0 3 2 -2 -1 4 4 6 2 -2 -2 2 -1 -2 4 2 0 0 0 2 2 0 2 0 4 0 2 -2 3 0 0 3 -2 0 0 3 4 4 0 -1 0 4 2 0 0 0 -1 -4 0 0 0 0 1 0 0 0 0 -2 3 -1 2 3 -2 0 2 -2 0 4 2 -4 0 0 0 0 2 0 2 -2 4 4 -3 2 10 0 4 -2 -4 -2 4 4 0 6 -2 2 0 0 0 0 -4 0 2 0 0 4 0 0 0 4 -2 4 0 -3 0 2 6 2 4 2 -6 4 2 0 2 0
2 0 0 0 2 0 2 0 0 4 0 0 0 0 6 2 0 4 4 0 0 0 0 0 -2 0 0 0 0 0 0 0 2 -4 1 0 6 -2 0 0 1 0 -2 -2 0 0 0 -2 0 0 -3 0 2 1 -1 2 0 0 0 4 2 0 0 0 0 -2 0 -1 4 1 0 6 0 2 0 1 4 0 2 0 1 2 4 0 2 0 0 0 4 0 2 1 0 0 0 -8 0 0 4 -4 0 0 0 4 0 2 0 0 -6 -4 6 0 0 0 10 4 0 2 2 0 0 0 -4 -1 0 0 -1 -3 0 0 2 2 -3 2 0 4 0 0 0 -4 -2 0 0 -1 2 4 -4 0 0 0 0 0 0 -2 -2 -4 -2 -4 -2 -2 -2 2 -6 4 0 -2 0 0 -2 4 0 0 -4 1 -4 0 0 0 -4 2 0 2 -2 -4 -4 0 2 4 -3 0 4 0 0 0 -2 -4 -2 0 0 0 0 2 -4 0 0 6 -2 2 -1 0 0 -2 0 0 -2 -4 4 2 0 0 -4 0 2 0 -2 2 -3 0 38 4 8 -2 0 4 0 -1 -2 3 0 0 0 -2 -8 0 0 2 0 -2 0 0 2 2 0 0 6 4 0 4 4 0 2 4 0 4 3 4 -2 -4 0 4 6 0 0 -6 0 0 0 4 -2 -4 -2 0 0 -2 0 0 0 0 0 6 -2 0 -2 4 -3 0 -4 -3 -1 -2 0 0 0 0 4 -2 -2 0 0 0 0 -2 0 0 -2 -4 0 2 0 0 0 -2 0 0 4 -2 0 0 -2 2 0 0 -2 -4 4 0 0 0 8 0 2 -2 0 -2 0 0 4 -3 0 0 0 -2 4 0 0 0 -1 2 0 0
-2 2 -4 -1 0 0 0 0 -2 4 0 8 0 4 1 0 0 4 2 0 0 0 4 -6 5 0 -2 4 0 0 -2 -4 2 -2 0 1 4 2 -2 -2 -3 6 5 0 2 -4 -4 -6 2 0 4 2 0 0 2 2 4 0 -4 8 2 0 2 -4 -2 1 8 8 0 1 -4 4 -2 0 2 -3 0 2 0 -4 -4 0 -2 2 6 -1 0 -4 2 4 2 2 0 0 2 -2 4 0 8 2 -8 -1 0 -1 -3 2 4 -4 3 0 0 -4 0 4 4 0 7 5 -6 0 1 4 -2 0 15 -2 0 -2 0 0 2 0 4 4 0 0 2 0 -2 0 0 0 -4 0 0 -2 0 6 -4 1 0 0 -2 1 0 0 -4 -6 2 0 2 2 0 0 1 0 4 2 4 0 0 0 -4 4 -8 -2 0 -2 -2 -4 4 0 0 2 -5 -6 0 4 -6 2 0 4 -6 0 0 0 -1 0 -4 0 -2 -1 0 0 -1 2 0 4 0 4 -6 0 0 4 0 -2 0 4 0 3 0 0 0 1 -8 0 0 0 4 71 12 2 0 -2 0 -2 0 -4 4 0 10 8 -6 4 0 -2 2 -2 2 0 0 -2 0 4 4 -1 4 4 2 2 8 4 -2 -2 4 1 2 0 0 6 2 0 3 0 -3 0 -2 4 -4 0 2 0 2 -4 0 0 0 2 -2 6 -4 6 -8 0 2 0 -2 4 4 -5 0 4 -2 -4 0 1 0 4 -10 0 2 -4 2 -4 -4 0 0 4 -2 4 0 4 2 0 4 7 4 -6 0 -2 0 0 4 0 -8 1 2 0 0 0 2 0 1 -8 -3 -2 2 -6 0 0 -4 0 0 6 2 0 3 0 -4 0
0 2 0 0 -4 1 0 0 0 0 0 1 -4 -5 1 2 0 8 0 -1 3 0 0 -2 0 -1 2 0 0 0 2 -4 1 0 1 -4 1 2 0 0 2 3 0 0 4 -2 -2 -8 2 2 -1 0 0 -2 2 0 0 0 -5 0 0 0 0 1 0 -4 -2 0 -1 -8 -4 8 0 4 0 -4 0 0 4 0 -6 -1 2 2 -2 -2 0 0 2 -5 4 1 0 -8 2 -4 -1 0 8 -1 0 0 0 0 -5 0 0 0 -3 0 2 0 2 -2 8 0 -4 6 2 0 -4 10 0 -1 0 0 -4 3 0 0 4 0 6 0 0 -4 -4 -4 -3 1 0 0 0 1 0 0 0 4 0 -4 -2 -4 -4 0 0 0 -2 0 -4 -1 -2 0 2 2 0 -1 -4 0 0 0 -4 4 -4 0 4 0 3 0 -8 -3 8 0 -2 0 -7 0 0 8 3 -2 0 -4 -2 3 0 0 4 0 0 0 -2 0 0 0 -2 -1 0 4 0 4 0 -2 2 0 2 0 1 2 0 -1 0 -3 5 0 1 -2 1 2 8 12 56 -8 -4 0 3 0 0 2 -1 -2 0 4 -8 0 0 0 0 -8 0 0 0 2 0 0 1 -4 -2 -4 4 0 0 0 2 0 0 0 0 1 0 6 1 2 -2 0 0 -2 -4 6 0 -4 0 0 0 0 2 0 0 0 0 8 -4 0 -1 0 0 0 0 2 0 0 4 2 0 0 4 0 -4 -4 0 0 -4 4 -4 0 -2 6 -1 -2 0 4 0 -2 -2 0 -1 2 -6 -1 0 -3 -5 -2 0 -5 -4 4 0 0 0 4 2 -4 2 0 0 2 0 0 0 0 -2 0 4 0 0 5 0 -1 -1 -4
2 -2 -4 0 9 0 -2 0 4 4 0 0 8 0 0 -6 0 -4 0 -5 -6 -2 0 1 2 -1 0 2 -2 0 0 -2 -2 4 -2 1 0 0 4 6 3 6 0 12 4 10 -2 6 -1 2 -4 2 8 -9 2 -4 4 0 1 0 -4 4 0 -4 4 2 2 2 0 6 -2 8 -5 2 1 1 1 -1 -8 0 1 2 10 -2 0 0 0 0 -2 3 2 12 -1 0 4 2 -2 3 0 1 -2 -2 -1 2 3 0 2 1 6 0 -1 -4 0 1 0 2 7 2 -3 0 -4 2 -3 2 2 0 2 -3 2 2 4 2 -12 -1 5 0 2 0 0 -4 -5 6 -2 2 0 -2 2 2 0 4 0 -4 0 4 1 -2 1 -7 4 6 -6 0 1 -2 -2 4 0 0 -2 6 0 -2 6 2 4 0 -2 4 6 0 9 8 -2 -2 1 -3 -6 0 1 4 4 0 -1 1 12 0 -2 8 2 2 -1 2 4 0 -6 0 -2 0 -4 0 4 -2 0 -1 10 -2 2 -2 -2 -4 -6 6 8 -2 2 2 1 2 -2 2 -8 108 0 -1 0 4 2 -2 0 -1 0 4 0 -2 0 0 0 0 0 -2 0 4 0 4 -2 4 4 0 -2 -8 0 2 -2 6 3 2 -4 4 0 -2 -4 -4 2 2 -8 2 7 0 2 3 -2 2 4 0 4 0 -1 2 2 3 0 0 0 0 2 -3 4 -1 -4 0 0 -2 4 -1 4 1 -4 0 0 0 4 2 -8 -13 4 -4 0 4 -4 -8 -4 0 9 2 0 4 16 -1 0 -1 0 0 -7 4 -4 2 -4 2 -4 -4 5 0 -2 0 4 2 0 5 0 2 -2 -2 4 1 0 1 0 -2 0 2
-2 0 0 0 0 -4 4 -2 0 4 -2 0 0 0 -2 -4 0 0 0 -2 -6 0 -4 -4 2 4 -1 0 0 2 0 0 0 1 0 -2 0 -4 3 -2 2 4 0 0 0 0 0 4 0 4 -2 0 0 -2 0 2 0 -3 3 -5 0 -3 0 0 4 0 0 0 0 0 0 0 4 -4 -2 -3 -2 -2 -6 0 0 0 0 0 -2 0 0 0 -2 -2 0 0 0 0 4 -2 0 -4 4 -2 4 0 0 0 -6 0 0 0 0 0 0 0 0 0 4 8 0 0 0 1 0 -2 0 0 0 -4 0 0 0 0 0 0 0 10 -2 4 -1 -4 -4 -2 0 -2 -2 0 0 4 0 0 -2 0 0 2 -2 4 4 0 0 6 0 0 0 -4 -2 0 3 0 2 0 -4 0 0 1 3 -4 -4 -4 -1 -4 -4 0 2 0 0 -2 2 0 0 -2 2 1 0 0 0 0 0 0 -1 -4 0 0 0 -6 0 0 0 4 0 -4 -1 -4 2 -1 0 -2 0 0 -2 -4 0 0 0 0 -6 0 -2 -1 0 2 0 0 -4 0 41 -6 0 -2 4 0 -1 6 0 4 0 2 0 -6 0 4 -2 0 2 0 0 -4 4 0 4 0 0 -4 0 -2 0 0 0 2 0 -2 -2 0 0 -4 1 -4 4 0 0 0 0 0 1 0 0 0 0 0 0 -4 0 -2 2 -2 -2 -5 0 0 0 4 2 0 0 0 -4 -4 4 -2 0 2 0 0 0 -4 0 -5 0 -4 0 2 1 -1 2 2 0 3 -4 2 6 -4 -4 0 0 4 1 -2 0 -4 0 4 0 -4 0 1 1 1 6 0 0 0 -2 0 6 0 -4 2 6 0 0 0 0 -2
0 2 0 0 0 0 0 2 1 0 0 0 0 -2 0 2 0 0 0 2 -2 4 -4 2 -2 -4 0 0 0 0 2 0 -2 0 0 2 -4 0 0 1 0 0 -2 0 -1 0 -2 0 0 -2 2 0 0 0 0 1 0 0 0 2 0 5 0 0 0 2 -2 -4 0 0 0 0 -1 0 0 0 0 0 0 0 0 0 0 2 0 0 0 0 6 0 1 0 2 0 0 0 1 1 2 1 -4 0 1 0 0 0 0 0 0 0 1 0 0 2 0 2 0 2 -4 4 0 0 1 0 4 0 0 0 0 2 0 0 0 -10 0 0 -4 0 0 0 -4 -4 1 0 0 0 -4 0 2 0 0 4 -2 -2 0 0 0 -4 0 2 0 -4 3 -2 0 0 0 0 4 0 0 2 0 0 6 2 4 2 0 1 -1 0 0 0 0 0 1 2 0 0 0 0 2 -1 0 -1 0 4 0 0 -2 0 0 0 0 0 -1 0 0 4 0 -2 0 0 0 2 0 0 0 0 4 0 0 2 0 0 -4 4 4 -2 0 -1 -6 21 0 0 0 0 0 -4 1 0 2 0 0 2 -1 4 0 0 0 0 4 0 4 -2 0 0 0 0 0 -2 2 0 0 0 0 2 0 0 1 2 0 0 2 0 -2 2 0 -2 -4 4 0 0 0 0 6 0 2 0 0 -2 2 0 0 1 0 -4 0 2 0 0 2 4 2 0 0 0 2 4 -2 0 -2 2 2 0 0 0 2 1 0 -2 0 0 4 0 1 2 2 -2 0 -2 0 -2 2 -2 0 0 8 0 -1 -1 0 0 1 0 0 0 2 4 0 2 6 0 0 0 -1 2 0 0
-4 -6 0 4 -2 0 0 0 0 -4 1 -2 0 -5 -2 6 0 0 0 -4 0 0 4 0 -1 0 0 -2 0 0 -8 -2 0 2 0 2 -4 4 0 2 -2 3 -1 0 0 0 0 -3 2 2 -2 -4 0 0 -8 0 0 -2 0 4 4 0 2 4 2 0 2 0 2 0 -4 -1 0 0 0 8 2 0 0 -4 6 0 0 2 1 0 -4 2 0 -2 0 0 0 0 0 2 0 -4 0 0 -2 0 0 4 2 4 0 4 0 0 4 0 0 2 0 0 0 0 6 0 1 2 0 0 0 0 2 2 -4 -2 -4 -4 1 0 -4 0 0 6 -1 0 4 0 -2 2 -2 0 8 0 6 0 0 -2 -2 3 0 -4 0 0 8 -2 -2 0 -4 2 4 -3 -2 -1 -4 0 4 4 4 1 0 0 0 2 0 0 -4 -2 -4 8 -4 0 4 6 0 2 -2 4 -2 0 0 0 0 -2 0 4 -10 0 -4 0 0 0 2 0 8 0 -6 0 2 0 0 0 2 -4 -4 0 -4 0 1 0 0 -2 0 3 0 0 3 0 0 0 47 0 0 0 0 2 1 1 2 0 -4 2 4 0 3 0 4 4 0 0 0 -2 0 4 3 0 -4 0 0 0 -1 0 8 0 0 2 0 2 0 0 4 -2 -2 4 0 0 -4 0 0 -4 -4 0 0 -4 0 0 0 2 -2 -6 0 0 0 2 -4 0 0 4 0 0 -4 4 -2 0 2 0 0 -1 0 0 6 -4 0 -4 -4 0 4 -4 4 0 0 0 0 0 0 4 0 0 2 -2 -2 0 0 -2 -2 4 0 6 0 0 -4 -4 0 0 4 0 0 0 2 -2 0 -2 4 3 0 0
0 -6 0 4 0 1 -2 -3 0 0 2 -2 0 8 0 5 0 4 0 0 2 0 0 3 2 0 0 0 -2 -8 1 2 -4 -2 -5 -4 -5 0 2 1 0 -4 0 0 -4 4 -1 -4 0 0 2 0 0 2 -1 4 0 1 2 0 0 -4 -2 4 0 0 0 3 0 -2 1 4 -2 -4 -4 2 -2 0 0 0 4 -2 0 0 0 -2 0 4 1 6 0 0 0 0 -4 0 0 2 0 -6 4 -4 0 -2 -2 0 -4 0 0 -2 3 0 0 2 2 4 0 0 -2 0 0 0 0 1 -4 0 -1 0 2 2 0 -4 0 -6 5 -8 2 4 4 0 4 2 0 -1 -2 4 0 4 -2 2 0 4 0 0 4 0 0 -8 -2 2 2 0 0 -4 2 4 0 0 0 2 0 0 2 2 2 0 -2 0 1 0 0 4 0 0 4 0 -4 4 4 -2 4 -2 0 2 0 0 2 2 -3 0 0 0 4 0 2 -2 2 1 0 -2 4 0 0 4 0 0 0 0 4 -4 4 0 0 -2 2 -4 0 0 -1 -2 0 4 -2 0 0 58 0 4 2 -2 4 6 0 0 0 -2 1 0 4 -2 0 0 0 -2 0 6 4 0 -4 4 -2 2 -3 0 0 -3 -2 2 0 -4 4 2 -4 0 1 0 0 -2 0 0 -2 0 0 1 4 2 -4 0 0 4 0 0 4 2 0 2 0 4 0 4 4 0 6 -4 0 2 0 -4 0 -4 0 4 -1 -2 0 0 0 -4 4 -6 6 -2 0 0 0 0 -2 4 0 0 4 0 6 6 2 -4 4 0 0 0 0 0 2 0 -2 2 0 0 -4 0 -5 0 -2 0 0 2 0 0 0 -7
0 2 2 4 0 2 0 -2 0 0 1 2 2 4 -4 -2 -2 0 0 2 0 0 2 0 -4 0 0 -1 0 -1 0 2 0 -2 -1 0 0 4 0 -1 2 2 0 0 0 2 -4 4 0 -2 0 0 -2 0 -1 2 0 2 2 0 -4 0 0 4 0 0 0 0 0 -4 0 0 6 2 0 0 0 -2 -2 0 2 -4 0 0 -1 -4 0 0 0 -2 0 0 2 1 4 2 -4 0 0 0 1 0 0 4 -4 4 0 -4 1 0 -1 0 0 0 2 4 4 0 1 0 -3 0 0 1 -4 -2 0 2 -2 0 0 -5 3 8 -3 -3 3 -4 2 0 0 0 0 -2 0 -6 -4 0 6 0 -2 0 2 -2 0 1 2 0 0 0 -4 -4 -2 -4 0 0 12 0 0 -6 2 -2 0 0 0 0 0 0 0 0 2 1 0 1 0 4 0 -4 0 -4 4 -4 -2 0 10 0 0 4 4 2 2 -2 2 4 -2 -4 0 -2 0 4 0 0 0 -4 0 -1 2 1 0 0 0 0 -2 0 4 -1 -2 0 -2 0 0 2 4 0 0 0 43 -2 -2 4 0 -2 0 -4 -1 0 -1 2 0 0 4 0 0 -4 4 -2 -2 0 -2 0 0 0 0 0 0 4 0 0 0 -4 0 0 2 -4 0 0 0 0 -1 0 -2 -2 0 1 0 1 0 -2 0 0 -2 -2 2 0 1 0 2 0 0 0 0 -2 2 0 2 0 0 6 3 -2 1 2 0 2 4 -4 2 0 0 0 2 0 0 -1 0 0 0 0 0 -3 0 0 -4 0 0 0 -2 -6 0 0 4 -2 0 1 0 2 0 2 0 2 2 3 0 0 0 4 0 -1 6 1
-10 -1 -4 0 2 -4 0 0 4 10 0 2 0 2 0 0 0 8 0 0 4 0 0 4 0 0 0 -2 0 -4 0 4 -2 0 1 0 2 4 0 0 -1 -2 0 -2 2 2 4 0 0 0 2 -4 2 -1 -2 0 -2 0 0 4 6 0 6 4 6 0 0 2 -4 -1 0 0 0 0 -2 -3 8 0 4 0 2 -4 0 0 -2 0 0 0 0 0 0 8 0 -2 1 2 -1 0 1 -4 8 0 0 4 0 0 0 0 4 0 0 4 4 -4 0 0 -2 -1 -4 -1 0 0 -2 0 -2 4 2 -8 0 0 -3 2 0 0 4 -6 0 1 4 -4 -4 -2 0 0 1 -1 0 0 2 2 0 0 0 0 -1 6 4 -3 0 0 2 0 0 -2 6 2 2 -2 6 0 0 0 2 1 3 2 6 6 -6 0 -2 0 0 0 4 0 4 -2 4 0 6 -2 2 -1 2 0 0 6 4 -4 0 0 -4 0 6 0 0 0 1 -4 1 2 -4 0 -3 -1 -2 4 0 -8 0 0 4 0 1 0 -6 3 3 -4 2 -2 0 0 0 4 -2 70 0 0 4 0 0 0 -4 -2 2 -4 0 0 0 -2 1 -4 1 4 -4 2 3 0 0 -4 4 -8 0 4 -2 0 0 0 6 1 -4 -2 -1 1 0 -2 0 -1 6 0 0 0 0 0 -4 0 3 -6 6 2 -2 8 0 5 -2 4 1 -5 4 2 0 -6 3 4 0 -4 -2 1 -6 4 0 0 -4 -4 -3 2 0 -4 0 2 0 4 0 0 0 0 -6 0 0 -2 4 -4 0 0 -2 4 4 2 0 2 0 4 -2 0 6 -2 0 -2 4 -4 0 -2 -4 1 0 -2 -4 2
0 0 0 0 0 -1 -1 1 6 0 0 0 -2 -2 0 0 1 2 0 -1 0 0 4 -2 0 0 0 -2 0 -2 -1 -4 -1 0 0 0 0 -4 0 0 -4 0 0 -6 0 0 4 0 0 0 0 0 0 0 0 0 0 0 0 8 0 -2 0 0 0 0 0 0 0 0 0 0 0 -2 -2 0 6 0 0 0 0 -3 0 0 -2 0 0 0 2 6 -1 -1 0 0 0 -2 -1 0 0 -2 0 0 0 -1 0 -1 4 0 0 0 3 4 -2 0 2 4 -2 0 0 0 4 0 0 4 0 0 0 0 1 0 0 0 0 0 0 1 0 0 0 -2 0 4 4 0 4 -6 0 0 0 0 0 2 -1 0 0 -2 -2 2 0 -2 0 0 -2 -2 2 0 0 0 4 2 0 -1 0 -2 0 0 3 0 0 0 2 2 -5 0 0 0 -4 2 -3 0 0 0 0 -3 -2 -4 -5 0 0 -1 0 0 -1 -2 0 0 0 0 2 0 0 0 0 0 0 -2 -1 0 0 4 -4 0 0 -2 0 -2 0 2 0 4 -1 0 -1 0 0 2 -2 0 26 0 2 2 0 2 -2 0 2 4 -2 1 2 -2 -4 0 1 2 6 4 0 2 0 0 4 0 2 2 2 -1 0 -2 0 -4 0 0 0 0 0 0 -2 0 2 0 4 0 0 2 -1 0 0 0 0 4 -4 0 0 0 0 0 0 0 0 2 -2 0 0 1 0 8 0 0 0 -1 -2 0 0 0 0 0 0 0 -1 0 0 4 3 0 0 2 2 -2 4 0 0 0 0 -2 4 0 0 0 -4 0 -2 -2 -4 0 3 -5 0 -2 4 0 0 0 0 -1 0 0 0 0
-1 2 -4 -2 0 6 2 0 0 0 4 0 4 4 0 4 1 2 0 4 0 -2 6 0 2 8 0 3 0 0 0 -1 4 1 0 1 0 0 0 4 -2 0 4 7 0 -2 5 2 0 -4 -2 -2 0 2 -1 0 3 0 2 -4 2 0 0 -1 -2 2 -2 2 0 8 -8 2 2 0 6 3 0 0 -7 2 0 2 0 0 5 -1 -4 0 -6 -2 0 4 -1 -4 0 0 2 2 2 2 1 -2 -4 0 0 2 -2 0 0 -5 4 0 -6 -4 0 2 4 0 -1 4 -6 0 4 0 0 2 0 2 -3 8 0 -2 -4 13 0 0 0 2 0 0 6 -3 0 -1 0 2 2 2 4 6 0 6 0 0 -4 0 -1 6 0 -2 -2 -4 -4 -2 2 3 4 4 -8 0 0 0 -4 0 -2 1 -1 0 0 0 -2 -1 4 -1 1 0 2 2 -2 0 0 1 0 0 2 -2 2 -2 -2 0 0 0 -2 0 6 4 2 0 -4 -4 8 0 2 2 -4 0 2 -12 1 6 4 0 0 0 0 0 0 -2 0 0 -2 -1 6 -4 2 -2 4 0 0 57 0 6 6 0 0 0 -2 0 -1 -6 0 2 0 1 -2 2 1 0 0 0 2 3 0 -1 -4 4 -1 -2 0 -3 0 -1 8 2 -2 -2 2 3 1 0 -6 -2 1 2 2 0 0 2 0 -2 2 0 0 2 4 -3 0 6 0 0 0 3 -8 -4 2 0 0 0 4 -2 4 0 0 -1 4 -4 -2 0 0 0 -2 10 0 8 -3 3 0 0 1 2 -1 0 4 0 0 -6 0 -2 -1 0 4 0 0 2 0 0 -2 -2 -4 0 0 -1 2 -2 -4 -2 -2 0 0 -4
-6 4 0 0 0 -2 -2 6 0 4 0 2 1 2 -1 -2 0 4 2 1 2 2 -4 0 4 1 0 0 0 0 0 0 0 0 -2 0 4 4 0 0 2 -1 4 0 -1 0 0 -1 0 0 1 2 -3 -2 2 3 0 0 -1 0 0 -1 0 2 2 0 -2 4 0 0 0 1 -4 0 -2 0 0 4 0 -2 0 0 3 0 -1 2 0 0 0 0 1 4 2 -4 0 2 0 0 -2 0 -4 -2 0 0 -1 2 0 -2 6 2 0 -4 1 0 0 0 4 0 -4 0 0 0 -1 0 2 0 0 -2 0 0 0 0 -5 2 4 0 -1 0 -3 0 0 -2 0 -2 0 -1 0 0 -4 0 4 -4 0 -2 0 3 0 -4 0 0 -4 0 -2 0 0 -2 0 3 4 -2 4 3 6 -1 0 6 0 -2 0 4 -1 8 -4 0 -2 0 1 4 0 -2 -1 0 0 0 0 0 -2 2 0 -2 0 0 0 2 0 2 -2 0 -2 0 -4 0 0 1 -2 -1 8 4 0 6 0 0 2 2 -2 1 0 -1 0 10 0 0 0 1 1 4 0 4 2 0 38 4 0 0 0 2 -4 -2 9 1 0 0 3 0 -4 8 4 2 -3 0 -1 0 -2 0 1 2 0 0 0 0 0 0 -3 0 2 2 0 0 0 2 6 -1 0 -4 0 0 0 0 -6 0 0 0 0 0 2 2 0 0 -1 4 0 0 -1 0 2 2 0 0 -2 0 4 0 0 0 0 0 0 6 0 -4 2 0 0 0 2 6 1 2 0 0 2 0 -2 0 -4 -2 0 -8 0 4 0 2 0 1 1 0 2 -4 1 0 -4 0 0 -2 0 -2 0 2 0 0
0 2 4 0 -12 -4 -6 -3 2 2 -3 10 4 4 -4 2 0 0 -4 2 -4 4 -2 0 -1 12 -8 4 2 0 -2 -8 -3 2 0 -6 -2 -6 -2 5 -5 0 -5 -2 -4 -4 6 0 2 0 6 4 4 0 3 -5 2 -2 0 0 2 0 2 0 0 -2 0 4 -2 -4 2 -8 -4 0 0 0 0 1 -1 0 -6 0 0 -4 0 0 6 6 4 -2 4 -4 0 0 -4 0 4 -4 4 2 2 8 2 0 4 2 0 -4 4 -2 2 0 -4 0 -1 -2 -4 -2 -3 0 5 -2 0 -1 0 1 0 0 4 2 2 -2 -6 6 1 4 0 7 0 0 0 -2 -8 -4 -4 2 0 4 -1 0 0 6 0 -1 4 -4 4 2 0 4 0 0 -5 -4 -4 -1 -2 0 0 0 0 0 2 -6 4 -2 0 -4 0 0 0 4 -4 4 0 4 -1 -2 -4 3 0 4 0 4 4 -4 -4 -10 -6 -2 -1 -1 -2 4 2 4 0 0 -8 -2 4 -2 0 0 0 0 2 0 2 0 0 2 13 0 0 -4 4 4 -2 8 4 4 4 0 1 6 -2 0 2 6 4 85 4 0 2 0 0 0 -2 -2 0 0 0 0 2 7 1 -2 -4 0 4 4 0 4 4 2 4 4 -2 -2 0 2 4 4 0 -2 -2 -4 4 4 -6 0 2 0 6 2 4 0 0 -4 -8 -2 -3 -2 8 0 2 2 -2 0 4 0 -4 2 6 -2 0 0 -4 -6 1 -5 0 -8 2 -10 0 -3 0 2 0 -2 2 -2 -3 0 8 2 6 0 -2 6 4 -2 -2 0 -4 -6 0 6 -8 2 0 0 -6 0 0 -4 4 -4 -6 0 0 3 -8 0 -4 4 -2 0
-4 4 8 0 -2 0 -1 4 4 -2 2 1 0 4 -2 -4 4 -4 0 0 8 2 2 0 -2 10 4 -2 0 -4 4 0 -2 8 0 -2 0 0 2 4 0 4 0 4 0 0 0 -6 0 -4 2 -2 6 0 0 -2 -4 0 -1 2 0 4 -3 6 6 -2 0 -8 4 6 -2 -4 0 0 3 6 0 0 -1 -4 0 0 4 0 -2 0 4 2 -2 0 0 0 0 0 1 2 -4 8 0 2 -4 0 0 1 6 2 2 4 -2 4 0 0 0 2 -8 4 0 -4 0 0 6 -6 0 2 -6 0 0 0 0 8 -1 2 -4 0 -6 0 0 -2 0 0 0 -2 2 0 0 -4 -4 -2 6 4 2 0 0 -8 0 0 2 0 4 0 -4 -4 -4 5 4 4 -4 0 0 0 -6 2 0 0 2 0 0 4 -4 -2 -6 0 4 -6 2 0 -4 0 0 -3 -1 5 8 -2 0 2 0 0 -2 2 0 -2 -2 0 6 2 0 -6 2 -6 4 0 0 0 -4 4 0 -2 4 0 2 0 0 0 4 0 -4 4 -8 -6 -8 0 0 2 2 0 0 0 0 6 0 4 69 0 -3 8 -2 6 0 -5 2 0 4 0 8 4 -3 4 0 0 0 4 0 0 -4 7 4 0 -1 -4 0 5 4 0 -2 -2 4 -4 6 0 0 0 4 3 -4 0 4 4 0 -4 0 0 -4 -1 4 0 0 4 -2 0 0 -2 -4 0 0 0 0 2 -3 -2 0 0 -4 3 -3 -4 0 -2 0 2 0 -1 0 0 0 6 0 0 4 0 -2 -1 2 3 0 0 1 -4 0 0 3 4 -2 0 0 -1 -2 0 2 0 0 1 1 0 4 0 0 0 0 -2
-4 0 0 0 0 0 -1 4 -2 4 0 0 0 1 0 -4 2 0 4 0 0 7 0 0 0 0 0 0 4 1 0 0 -4 0 0 4 0 4 0 0 0 -2 0 0 0 0 2 4 0 0 0 2 2 -2 4 0 0 4 4 0 0 4 0 0 2 0 8 0 0 0 0 0 -1 4 0 0 0 4 -2 0 0 0 2 2 -2 -6 -2 -1 0 4 2 0 0 -2 0 0 2 0 0 6 -2 0 -5 -8 0 0 4 0 0 2 4 0 4 2 6 0 0 -2 0 0 4 0 0 4 4 0 -2 4 0 2 0 0 -2 -2 0 -2 6 6 -2 0 0 0 4 0 0 0 0 0 0 -4 0 4 -4 4 2 2 -4 -2 4 0 -2 0 -4 -2 4 2 4 -2 -2 0 8 2 0 0 0 0 0 8 0 0 4 0 0 0 -2 -8 4 4 4 4 2 4 0 0 4 0 -6 2 0 0 0 2 0 4 0 0 -4 0 0 0 -4 4 0 -4 0 0 6 0 0 0 -2 -1 2 -8 -12 0 4 6 0 4 0 -2 2 0 0 0 -4 0 2 0 0 0 0 51 -2 0 0 0 0 -4 4 0 0 0 4 0 0 0 -2 0 4 0 0 4 2 6 0 0 -8 4 0 2 0 0 0 2 -6 2 4 -2 -4 0 0 0 0 0 6 -4 -2 0 4 0 1 -8 4 0 -4 0 1 0 0 4 0 0 0 4 2 4 0 0 0 0 0 0 -2 0 0 -2 0 0 4 -1 0 -2 0 0 0 0 0 -2 2 2 -4 1 0 0 -2 -3 0 0 0 2 0 2 -2 0 0 -2 -4 0 -8 0 2 4 0 -2 0 0 6 2
6 8 0 2 -2 4 2 0 -2 -2 4 -4 6 0 -6 -4 0 0 0 -4 -1 0 -2 5 -4 2 -3 9 -2 -1 4 1 0 1 0 0 -2 0 -3 0 -2 -2 0 4 2 0 0 0 0 0 0 2 2 2 2 2 0 -9 0 -3 0 -6 0 -7 0 -2 0 0 0 2 1 0 0 0 0 1 0 2 2 -2 2 0 -1 2 -2 1 1 0 2 0 0 -2 0 -6 -2 -2 0 2 4 6 0 2 0 2 0 0 4 -2 0 -3 -4 -8 0 2 0 0 -1 -1 2 3 0 0 0 -1 0 -2 6 0 0 2 2 2 -1 1 0 0 -4 3 2 0 -2 0 0 -2 -4 0 2 -2 -6 4 3 0 2 0 2 -4 0 0 0 4 0 2 2 -6 -4 0 -2 2 -2 0 0 0 3 -2 6 0 -2 2 0 0 0 0 0 1 2 2 -4 0 -2 1 0 0 4 1 -2 0 -2 0 -2 0 6 0 2 0 0 0 0 0 -4 0 1 3 0 2 -4 5 7 -4 0 4 5 2 3 -1 -6 -1 1 2 0 0 0 0 0 0 -4 0 -1 -4 -2 0 0 2 -3 -2 53 -2 0 2 2 0 -2 0 0 0 1 0 -2 -1 0 -4 0 2 -1 2 1 -4 2 0 -3 0 2 6 3 0 4 -3 -2 0 1 0 -1 5 0 0 0 0 0 0 4 0 -1 2 -2 6 0 0 2 2 -3 0 1 0 4 0 4 -5 0 0 -1 -1 0 0 0 2 4 -1 2 0 -1 1 -1 -2 -2 0 2 0 2 -2 4 0 0 -3 1 0 -2 2 3 1 -4 1 -2 2 2 0 0 -4 2 0 -2 -4 -2 3 4 4 4 -2 -1 -2 0 0
2 0 0 0 -2 0 0 0 0 0 0 -2 -1 -2 4 2 0 2 0 0 0 0 -4 0 0 0 0 -2 0 -2 0 2 -2 3 2 0 -4 -1 0 0 6 0 0 0 -2 0 0 0 -1 -4 -2 -2 -4 3 6 0 0 8 0 4 -2 0 0 0 2 0 -6 0 0 6 0 -1 2 0 0 8 0 1 2 0 0 4 0 -4 -3 0 0 2 0 0 -2 0 0 0 -2 0 4 1 2 4 0 0 0 2 2 0 1 4 0 0 6 0 0 0 2 0 -3 -1 0 0 0 0 0 4 0 0 -5 5 -4 0 0 0 -4 4 4 0 0 -1 5 4 4 0 2 0 2 0 0 0 4 -2 2 -4 0 -4 0 -1 0 0 4 0 -6 4 0 2 6 -6 0 2 -5 -5 -1 0 -5 0 0 -4 -2 4 0 0 0 0 0 -2 0 2 0 4 -2 -2 -4 4 0 -2 0 0 0 3 0 -6 8 0 0 0 0 -2 -4 0 -2 -1 2 -4 -1 0 -2 0 0 0 0 0 0 0 0 2 4 2 -1 -2 2 -2 0 0 -6 2 2 -2 0 -2 0 0 2 0 8 0 -2 35 0 -4 6 -4 0 5 0 0 0 -2 -2 4 -6 0 -2 4 0 0 2 -4 4 -4 4 -1 -2 2 -4 -2 -4 0 0 0 2 0 4 -2 1 -2 -4 0 0 0 0 4 6 0 2 0 0 0 0 -2 -1 3 0 0 -1 -1 0 2 0 0 2 1 4 -1 2 -2 0 0 0 0 -1 0 0 -2 0 -4 0 0 0 0 4 0 0 0 -2 0 1 0 0 0 -4 0 0 4 0 0 0 0 0 -4 6 0 0 1 0 -4 -4 0 2 2 2 0
1 0 0 0 0 -1 0 -4 -1 0 0 1 -1 -2 -2 4 -2 0 0 -4 0 -2 0 -1 0 2 0 -2 0 -6 -2 2 0 0 2 0 2 -2 0 -4 0 4 0 -3 0 -12 0 -1 2 4 0 0 0 0 0 0 -4 0 -10 -4 0 0 -4 0 0 0 0 1 4 2 1 0 0 0 2 0 -2 -4 0 0 -4 -2 0 -2 -6 2 0 -3 0 0 0 0 0 -2 0 1 -1 -6 2 0 0 0 0 2 0 2 2 -2 -2 0 -1 -4 -4 -1 0 -4 -4 -10 0 1 0 2 0 0 -1 -2 0 0 -2 -5 0 -1 2 -2 0 2 2 0 -4 0 0 0 0 -4 0 -2 4 0 -8 1 1 4 0 4 2 2 0 0 -6 0 -2 0 0 -2 0 -2 2 0 0 -7 6 0 -2 4 1 -6 -4 0 1 1 1 1 0 0 2 0 4 -1 0 1 0 0 0 0 -1 0 2 4 -1 -4 4 0 0 0 2 0 1 4 2 3 -2 3 -2 0 -2 0 -2 -4 0 0 -2 0 -6 0 0 -1 -2 -2 0 2 0 0 0 -1 4 1 -1 2 2 -2 -4 0 -2 0 0 0 46 2 2 0 0 0 -4 0 0 0 -1 0 -4 2 0 0 -6 0 0 0 0 0 0 0 0 2 -5 -4 -5 0 0 0 2 0 -3 2 0 1 0 3 2 0 4 0 -4 1 4 -2 -1 0 -4 0 0 -5 2 -4 -1 -4 2 2 -4 0 -4 0 -2 -4 0 -1 2 0 0 0 -6 -4 0 0 0 -1 -2 -8 0 0 -4 3 0 -2 1 0 -4 0 0 2 2 0 0 -2 0 -3 -1 -1 0 2 -8 0 -2 1 2 0 0 0 -4 -1 1 0
0 0 0 0 -2 0 0 0 0 0 0 -1 0 0 0 0 -4 -2 0 -4 -4 4 -2 4 0 0 0 4 0 0 1 -4 2 0 0 0 0 2 0 0 -8 0 0 4 0 0 0 4 0 0 4 0 1 0 0 0 0 -6 2 0 -2 4 0 -4 0 0 2 -4 0 -2 0 -6 0 -2 0 0 0 -4 0 -2 0 -2 0 8 1 6 0 0 2 0 0 -6 2 0 0 -2 -4 0 -2 0 0 0 0 0 -2 -2 4 5 2 0 -4 -4 0 1 -2 4 -2 -4 0 0 0 -2 0 2 6 -4 0 -2 0 4 -1 -4 2 0 0 4 -2 0 0 -2 1 0 4 0 -2 -2 -2 2 0 -2 4 2 6 -2 -4 -4 -3 -2 0 0 -2 -9 0 -4 0 0 -2 0 4 0 0 0 2 0 0 0 -4 0 0 0 -4 0 -1 -2 2 4 0 -7 0 0 0 4 -4 1 0 -2 0 4 -4 1 4 -4 -4 2 -8 0 0 -6 3 10 0 2 4 2 0 4 -2 0 2 0 -2 0 0 0 0 0 -2 2 -2 -2 -8 0 4 4 0 0 2 -4 4 0 -2 0 6 0 2 -4 2 53 0 0 -2 0 -2 0 4 -2 0 2 0 4 2 0 0 0 0 4 -1 4 -2 -2 2 0 0 -2 2 2 0 -2 0 0 0 6 -2 2 0 4 0 0 -2 2 0 0 0 0 0 0 0 0 0 -2 1 0 1 0 0 4 0 2 2 0 0 0 4 -4 4 0 0 6 -3 -8 0 0 4 0 0 2 4 2 0 0 8 0 -4 2 2 -6 0 -2 4 0 -4 1 0 2 -2 0 0 0 0 4 0 4 0 -4 -4 -4 0 2 0 -2
-1 -2 4 0 -1 0 -4 0 -2 5 0 0 -2 -4 4 -2 -2 -7 0 -2 1 0 0 10 -2 2 2 -2 0 4 4 0 0 -2 0 0 4 4 0 2 8 -4 0 2 4 0 -1 -3 -4 4 2 -2 -2 0 -2 -3 -4 6 10 -2 4 0 0 4 -2 2 -2 0 2 2 0 1 0 0 3 2 -8 0 -4 0 0 -2 4 -6 -3 -3 2 -1 0 8 0 0 -2 2 -6 2 0 -4 0 0 -4 -2 6 0 -1 2 2 0 0 -4 -5 -6 0 -2 4 0 -2 -2 5 0 4 0 -1 0 2 0 0 4 0 -2 0 0 -1 -6 6 2 4 -6 0 4 2 0 0 0 1 0 0 0 -1 -2 3 0 0 -2 0 -5 4 0 0 0 0 -1 0 0 -2 2 0 -1 0 2 0 0 2 -1 0 -1 0 -6 2 -2 0 0 2 4 0 1 2 -1 0 -1 1 1 -12 7 3 4 -2 4 0 -2 2 0 2 -1 6 6 -2 -4 -2 -1 -4 4 0 -2 2 2 8 4 2 6 0 0 0 2 10 0 0 -1 0 2 0 0 -2 0 3 4 0 0 -2 -1 9 -2 0 0 2 6 2 0 67 -2 0 0 -4 -1 0 4 2 2 -3 0 0 6 0 2 1 -2 -4 0 4 -4 -4 0 -7 0 -2 2 -2 4 4 -4 2 0 -1 -8 0 0 0 -4 0 -2 0 0 4 -2 1 2 4 2 0 4 0 -2 0 0 2 8 0 2 -2 0 -1 11 0 1 -2 0 0 1 -2 -6 10 0 -2 -1 0 2 4 0 0 9 7 -3 1 1 4 0 0 -4 6 0 0 -2 2 6 0 0 -2 2 0 0 2 0 4 -4 -4 0 4 0 1 0
0 -4 4 4 2 0 2 0 2 0 -4 -2 -2 2 -1 -11 0 0 0 -1 -1 8 8 -2 4 -4 0 0 0 2 -1 -3 -4 0 0 0 0 0 0 0 0 -2 0 -4 -4 -2 -2 4 -2 0 1 2 -6 -2 0 -6 -6 -2 2 -2 0 -2 -2 4 2 6 0 -2 -1 1 4 0 -8 -2 -3 0 8 4 4 0 -1 5 0 3 0 4 2 -8 0 -4 2 -4 0 8 0 2 -4 -4 0 -2 4 -2 0 2 -4 0 0 -1 4 4 2 2 0 -4 -2 -1 -2 -1 -2 -2 1 0 0 -4 2 0 -2 -1 4 -4 2 0 2 -2 0 -2 -2 2 -2 0 -1 0 0 0 0 0 0 0 0 0 4 -4 0 0 4 0 -2 0 -2 0 0 4 0 -2 0 -2 4 -4 -4 0 0 0 -2 0 -4 0 0 8 0 0 0 0 1 2 -2 8 0 2 0 -6 2 -2 0 -2 -5 0 2 4 5 0 -4 0 -1 -12 3 -2 0 -4 0 0 -2 0 0 2 0 -1 -9 2 0 0 0 0 -2 -4 1 -1 0 -2 0 0 0 -2 0 0 0 -2 0 0 1 -6 1 -2 -5 -4 0 -4 0 0 -2 52 -3 0 -4 4 3 3 2 0 0 4 0 0 1 0 2 -4 -1 0 2 0 0 -2 0 0 0 7 2 0 -2 0 1 4 0 0 2 2 0 0 0 0 -6 0 -2 0 0 6 4 -1 0 -5 0 -3 1 0 -1 2 0 -8 3 6 -6 -1 0 -2 -2 0 0 0 4 0 -2 -2 -2 -2 1 0 2 2 -2 0 -2 -2 0 0 0 -2 -2 2 0 10 6 0 3 1 -4 -3 5 -1 0 0 0 -2 -1 0 0 0 -2 2 4 2
0 0 0 5 -4 -2 0 -2 0 -4 2 0 0 0 2 0 0 0 1 -1 -6 -2 6 0 -4 -4 4 0 0 0 1 6 0 0 0 0 2 2 0 -2 -3 0 -4 -5 4 0 0 -4 4 2 0 0 0 1 4 2 0 3 4 0 0 0 2 0 0 0 -1 2 0 4 0 0 6 4 2 0 -2 0 -2 0 0 -6 0 -4 0 0 2 0 0 0 4 -4 0 -2 0 0 0 2 0 0 0 3 0 0 4 0 0 1 -2 -2 4 0 0 -4 4 4 0 3 -4 3 0 0 0 0 -1 2 0 4 0 0 -4 5 0 3 0 3 2 0 0 0 0 2 0 -1 0 0 0 0 2 4 0 4 -4 2 -2 -1 0 6 -1 0 4 0 -6 2 4 0 12 0 0 0 0 7 0 0 -2 0 4 -4 0 -4 0 -4 0 0 -4 1 -2 0 4 0 -2 -2 0 0 4 -6 -2 -2 0 0 -4 0 0 -4 2 0 0 0 4 0 0 0 0 0 -2 0 2 4 2 0 0 4 4 0 -5 0 -1 4 2 0 0 0 2 0 4 0 4 0 2 0 0 0 2 4 -2 0 0 -2 0 -3 42 0 0 0 1 0 0 2 0 0 0 2 0 1 2 8 5 -2 0 4 4 -2 0 -2 4 -1 0 0 3 2 2 -2 4 -4 3 -2 0 0 0 4 0 -2 2 -1 0 -1 -2 0 -4 -1 -4 0 0 -4 2 0 0 4 0 2 2 0 -1 0 0 -4 -2 0 -4 0 4 -4 0 0 3 4 0 0 0 0 0 -1 4 0 0 0 0 1 -2 -2 0 0 -2 0 0 -3 0 0 0 0 -4 -2 0 0 0 2 -2 0 0 2
0 0 0 0 0 0 0 0 0 0 0 0 0 -4 0 0 0 0 0 2 -2 0 -4 0 0 -2 0 -2 0 4 4 1 4 0 0 4 0 0 0 -2 -1 -4 4 0 0 0 0 0 4 0 0 2 3 2 0 2 14 -1 0 -3 0 -2 2 0 0 0 -5 1 0 2 0 0 -1 2 0 6 2 1 0 0 2 0 0 2 -1 -2 0 -2 0 -2 0 0 0 -2 -3 0 0 -1 0 4 0 0 -3 0 2 4 -2 0 0 0 4 -2 4 5 0 -2 0 0 0 0 4 0 0 0 2 2 -5 8 -2 -4 0 0 2 0 -4 0 2 0 0 0 10 -2 0 0 2 5 0 2 0 0 -4 4 0 0 -4 0 0 0 4 2 -4 -2 0 0 1 -4 2 -2 -4 -2 -4 0 0 2 0 0 2 0 0 -2 0 0 0 -2 0 0 0 -1 6 0 0 -2 -4 -4 0 4 0 0 -1 2 0 0 0 0 0 -1 0 -2 6 -2 -6 -3 0 -4 2 0 0 0 0 0 -4 -1 4 0 0 -2 1 2 2 -2 2 4 0 0 4 0 0 -2 -2 2 0 0 0 0 0 5 0 0 0 0 0 44 2 4 0 -2 0 -7 -1 0 0 0 0 4 2 0 1 2 0 4 4 4 2 -8 0 2 3 0 0 0 0 -1 -7 0 0 0 0 0 0 4 2 2 0 -4 4 5 0 0 0 0 4 -2 0 -8 2 0 -2 -2 8 4 3 3 -2 4 4 0 2 4 0 0 0 -2 0 0 -2 0 0 2 0 5 0 0 0 -2 4 0 -2 0 0 4 -2 0 4 0 -4 4 -5 2 0 1 0 0 2 -4 6 -4 0 1 0 0
0 -1 4 0 2 -4 0 2 -4 -2 2 0 0 -2 0 0 2 0 0 3 0 0 0 2 0 5 0 -2 0 0 0 -4 -2 0 1 2 -6 0 0 0 -2 -4 0 4 0 -2 4 0 -2 0 -4 0 6 0 0 0 6 0 4 -4 0 0 2 2 2 -4 0 -4 -2 0 0 0 0 0 2 -2 0 -2 0 0 0 0 -1 0 0 0 0 2 6 -8 0 0 0 0 0 0 0 0 1 0 -4 0 0 6 -2 0 -4 -4 2 2 -2 0 0 2 2 4 4 2 2 3 2 4 4 4 -1 -2 0 -2 0 -4 0 0 -1 0 -4 0 -2 -3 -1 0 -4 -4 0 0 2 4 0 0 4 4 -4 0 0 1 0 -6 4 0 4 -2 0 -4 0 -4 4 0 0 2 0 -2 0 -3 2 0 0 0 0 0 0 2 -1 0 0 0 -4 -4 2 0 4 0 0 0 2 0 0 0 0 0 0 0 0 0 0 0 0 0 4 -4 0 0 0 -2 0 -2 4 -2 -2 -1 0 0 0 -4 4 0 -6 0 -4 0 0 0 0 0 0 4 0 0 0 1 -4 0 3 0 4 0 0 0 -4 -2 -4 -4 0 2 43 0 3 0 0 -4 -4 -2 -1 4 0 -2 0 4 0 4 3 1 4 4 2 -2 1 0 0 0 0 -1 -4 -2 -8 0 0 0 4 0 0 0 0 0 0 -2 0 2 -4 0 0 0 0 0 0 -2 0 0 0 -4 0 0 -4 0 -2 2 0 0 4 -2 0 4 0 2 -2 0 -4 4 0 0 0 2 0 2 -2 0 2 0 -4 2 0 0 -4 0 -2 -4 0 0 -2 4 2 2 0 0 0 2 0 0 0 0 0 0
0 0 2 -4 4 0 1 0 -4 0 0 0 -4 0 0 2 0 2 0 0 -4 0 0 0 0 0 0 2 -2 0 0 1 0 0 0 0 2 0 0 -2 -3 0 0 -2 0 -4 1 8 0 0 -6 -2 0 0 2 -2 0 2 2 0 0 0 -2 0 -2 2 -2 -8 0 2 0 0 4 0 2 -4 0 4 8 2 0 0 0 -2 0 0 -4 0 -2 -4 0 0 0 0 0 6 -2 4 0 -2 -4 0 0 2 -8 0 -2 0 -4 2 4 0 3 2 0 4 0 0 0 0 0 0 0 -2 0 4 -4 -2 0 0 0 0 4 2 0 0 -4 10 0 4 0 0 0 -2 -2 0 0 0 -2 0 0 -4 0 0 0 0 0 0 -4 0 0 4 6 -3 2 -1 0 -2 0 4 0 2 -12 0 0 -2 0 0 0 0 0 0 0 4 0 0 0 0 -2 0 -2 0 0 0 0 0 4 -2 -4 0 6 4 0 0 2 0 1 -2 -2 4 0 0 0 0 0 0 0 0 0 2 0 0 6 0 0 0 0 0 0 4 0 4 -4 0 0 -2 -4 -4 0 1 0 0 0 0 0 0 0 0 -1 4 0 4 0 38 -2 4 0 0 0 0 -4 0 2 2 0 0 0 0 0 0 0 4 0 4 0 0 2 0 0 0 0 0 5 -2 0 5 2 4 0 -2 -4 0 4 0 2 0 2 2 0 0 0 -2 0 -2 2 0 0 0 0 0 2 4 0 0 4 9 0 0 0 0 0 0 -4 2 0 0 0 0 -4 0 -5 0 0 0 0 2 0 0 0 0 0 0 -2 -4 4 2 0 0 0 2 0 0 -2 0 -2 0 -2 0 0 4
-2 -3 2 0 -6 -1 0 -4 4 -1 0 6 0 0 -4 6 0 0 -4 1 0 2 0 0 -4 0 -4 0 0 -4 2 1 -1 0 3 0 -2 2 -1 0 4 0 -2 2 0 -2 0 -4 -2 6 0 0 4 -2 2 0 0 0 2 -4 0 0 2 -10 8 -4 -1 -4 0 -1 0 4 -4 8 -2 0 4 0 2 0 0 -4 -2 1 6 -6 2 0 9 -4 0 -1 0 4 4 -2 -2 -2 1 0 0 1 0 -2 2 -8 0 -9 -1 -2 -1 4 0 0 1 4 2 0 -2 -3 2 0 0 0 2 -4 0 1 0 -2 0 1 4 1 0 4 4 1 2 -2 -4 0 0 0 1 -3 -4 2 0 4 -4 0 0 0 0 -1 -4 -6 -2 0 -4 1 -4 -4 0 0 2 0 0 0 0 -8 0 -6 0 0 -3 5 -2 -6 0 4 0 -2 2 0 0 4 -1 0 0 8 0 -1 -4 0 0 4 0 0 -4 -4 0 2 -1 0 0 -4 0 0 0 3 0 0 4 0 -4 2 -2 -2 0 2 0 0 -2 0 0 0 6 4 1 -2 4 4 0 0 4 1 1 -2 -4 2 8 4 1 0 0 4 0 3 1 0 3 -2 67 -6 -2 0 0 0 1 0 0 6 -1 -1 -6 -1 -4 4 2 3 0 -2 -1 4 -4 0 4 -5 5 6 -2 -4 4 0 2 0 0 2 0 0 -4 1 0 2 0 -4 0 0 -1 0 -2 0 4 -2 0 0 0 3 2 2 0 4 2 -4 0 -1 2 -8 0 2 -2 0 0 2 2 -6 -4 0 -2 -2 -6 2 11 0 0 -1 6 4 -2 0 7 0 0 0 -4 2 0 0 4 0 6 0 4 -4 -1 2 0 -8
-2 0 2 -2 -2 2 -1 4 0 2 0 2 0 4 -2 1 0 2 0 -1 4 0 2 0 -2 3 0 -2 -2 4 0 -2 3 0 0 -1 2 0 0 2 0 0 0 2 0 4 1 8 2 0 0 0 3 0 -1 0 -2 -1 3 1 0 -2 -2 0 1 4 1 0 0 4 2 6 -2 0 -4 -1 0 -4 -6 0 0 2 4 -1 0 -6 0 -1 0 -4 2 -2 2 0 0 6 -4 0 0 -2 0 0 2 -2 -2 1 0 0 0 -2 1 0 0 -2 0 4 -4 -1 4 0 2 0 0 -1 -5 0 -4 -2 5 2 1 -2 -7 0 4 0 3 -2 0 0 0 -1 0 -1 -1 3 0 4 0 5 0 4 1 0 2 5 0 2 0 0 -3 0 6 0 -3 0 0 2 0 4 0 4 0 0 0 0 0 0 4 0 -2 4 0 -4 -1 0 -3 3 0 -2 0 -3 2 0 -4 -5 0 -2 -7 0 2 0 -5 0 7 0 0 0 2 -2 2 0 0 4 -2 1 2 2 4 0 -2 2 0 0 0 -5 -1 2 4 -1 -4 4 0 -2 -2 6 -2 4 2 2 8 7 4 0 0 -2 0 -2 4 3 0 -2 0 4 -6 57 3 0 2 0 -2 2 -2 0 4 -2 -4 0 0 4 2 4 3 -2 -1 0 4 0 1 1 8 -1 0 2 4 0 0 2 0 0 0 6 2 2 2 -6 0 2 0 4 0 0 -1 -3 2 2 0 2 0 -2 1 2 -2 2 5 0 0 -2 2 -2 -3 0 2 1 -1 0 0 -1 -3 0 0 0 0 1 0 1 0 -2 -2 0 4 1 -4 2 -2 0 -2 -4 -2 -2 0 -4 -2 -4 0 -2 0 1 1 4
3 0 0 0 2 -2 -6 4 0 6 4 0 5 4 4 0 -1 8 0 -2 4 -1 4 0 0 -2 6 1 2 5 -2 6 -1 -2 0 -4 4 0 -1 -2 -4 0 -4 -1 4 0 1 0 2 0 -1 0 6 1 1 -2 0 2 -3 0 4 5 0 0 0 0 0 1 0 0 4 6 0 0 -5 2 0 4 -2 0 0 0 -3 -2 0 -3 4 -4 -4 2 -2 0 0 0 0 0 0 -2 0 -4 7 0 -2 -4 -5 0 2 -4 -2 -2 8 2 0 -3 -4 6 6 -3 0 1 2 -4 0 0 2 1 4 -2 0 -1 -1 -2 6 5 3 0 -6 3 -2 0 1 4 0 2 6 0 0 4 2 0 3 2 4 -1 1 0 -1 0 0 5 3 -2 -5 -4 2 0 -8 -4 1 -1 -2 2 0 -4 0 1 0 0 2 0 0 0 -8 -3 2 0 -5 2 0 -2 0 -1 2 2 4 2 0 2 2 4 2 0 -8 0 -5 0 5 -2 0 -1 -3 0 4 -2 0 2 3 -2 2 2 -2 0 0 4 4 -4 -2 2 0 4 -2 4 4 0 0 4 -2 -4 6 1 4 1 -3 0 -2 -2 -1 0 2 2 0 0 0 0 -2 3 73 -2 2 -4 8 0 4 0 0 -2 -1 0 -4 1 0 -5 -1 -2 0 0 4 0 -4 0 -8 2 -4 0 4 -2 0 0 2 0 3 -2 4 -2 0 0 0 0 0 2 2 -6 2 1 0 -2 -2 3 -2 2 -1 -4 -2 -4 -1 -2 0 4 2 2 2 0 -3 5 2 4 0 -2 5 2 0 2 0 -2 2 0 4 3 0 2 -1 -2 0 2 4 1 0 -4 0 2 2 -2 4 -4 -2 -4 0 0 3 0
-4 0 2 0 0 0 0 0 0 0 0 3 0 0 0 0 4 0 2 -2 2 0 0 0 4 -2 1 0 1 -2 -2 2 -4 4 2 2 0 0 2 0 2 0 0 -6 2 0 0 0 0 0 -2 -2 -2 0 0 -6 0 7 2 4 0 0 0 0 2 0 2 0 0 4 0 0 1 0 2 4 4 0 1 0 0 0 2 2 0 6 3 -2 0 4 0 2 0 4 4 1 0 0 0 0 0 0 0 4 0 -4 0 4 0 1 0 4 0 0 0 0 0 0 -2 0 0 2 0 2 -2 0 4 0 0 0 0 2 -1 0 2 2 1 0 2 0 -2 -1 0 0 2 -2 0 -4 0 0 0 -4 4 -1 0 2 0 0 4 0 4 2 -4 8 4 0 -2 1 0 0 1 0 0 0 -6 -2 -4 0 0 0 0 0 4 0 0 2 0 2 -4 0 0 10 -1 -1 -2 -4 4 0 0 -3 -2 0 -1 0 0 1 -2 2 -4 0 0 10 0 4 0 0 6 2 0 2 0 0 0 0 0 -2 -8 0 4 4 -4 0 0 0 4 0 0 2 4 0 2 -2 4 0 -1 4 0 2 2 0 2 -7 -4 0 0 0 -2 33 0 -2 -4 4 -1 0 6 0 5 -2 6 0 -1 0 4 2 0 0 2 0 -2 0 2 0 0 0 -4 0 0 0 0 0 0 0 0 4 2 1 -4 2 1 0 0 0 0 1 1 2 6 4 -9 0 2 2 4 0 0 0 0 -3 4 -2 0 0 0 0 8 0 0 0 0 2 0 -2 0 2 -4 1 4 0 0 -1 0 5 0 0 0 0 3 -4 2 0 0 0 0 0 -4 -2 0 -5 0 0
-2 0 -4 1 -1 0 0 -2 0 0 -2 0 6 0 4 4 0 0 0 0 0 0 8 0 -2 -6 0 0 -2 1 0 -1 6 -2 1 -4 0 2 0 0 -1 4 0 0 1 3 -4 1 1 0 0 0 -2 4 -6 0 -4 -1 -4 2 1 4 0 -8 -4 2 6 0 0 -2 0 -3 0 -1 0 -2 0 6 0 -8 -4 0 -8 0 6 2 4 2 4 0 0 0 0 2 0 -3 2 0 0 -4 0 1 -3 -3 0 0 0 2 0 -2 -2 4 4 2 0 0 0 -4 2 0 0 0 -2 0 0 6 0 0 0 0 0 2 -7 0 0 0 -2 4 -2 -3 1 0 0 -2 0 2 0 0 0 4 0 2 -4 -2 -5 -2 2 6 2 0 -1 0 0 2 -3 0 8 -3 2 4 0 0 -2 3 4 2 -2 0 4 2 0 2 -2 0 6 0 -3 4 1 2 0 0 -1 2 -2 0 0 0 4 8 -6 6 0 0 0 1 6 5 0 -4 -1 0 0 4 0 1 0 -4 0 0 -1 0 -4 0 -1 2 -2 2 4 2 4 -2 0 0 3 -4 -2 3 0 0 -3 -4 0 -2 0 -6 -4 0 -3 0 0 -1 -4 0 0 2 2 0 62 0 0 -2 0 -2 -3 2 4 -4 2 0 0 0 -1 2 2 0 5 0 4 2 -5 -1 1 4 2 2 6 0 0 -2 2 0 2 0 -9 1 0 -2 0 -2 0 -2 -4 -4 0 0 0 -4 0 3 4 0 0 0 -8 -2 0 -2 -1 8 -2 0 0 10 0 2 2 0 0 2 0 -2 -1 0 0 4 0 4 0 0 0 0 0 -2 2 2 0 -6 2 -2 4 -2 0 4 0 -4 1 -2 0 0
0 0 0 0 0 0 0 0 0 -4 0 0 -4 0 0 0 -2 0 0 0 0 0 4 -2 0 6 0 -4 -2 4 2 2 0 0 -4 0 0 0 2 4 0 2 0 0 -4 4 2 4 -3 0 -2 0 2 2 0 0 0 -4 1 0 0 0 0 0 0 0 0 0 1 0 0 0 0 0 4 0 -2 0 0 4 4 0 -4 6 0 0 0 -5 0 2 0 0 0 -4 0 2 -2 0 1 0 2 0 0 4 0 0 1 0 0 0 0 4 -4 -4 0 -2 -2 -1 0 0 4 0 -2 0 0 -3 4 0 0 0 0 0 0 0 0 4 0 4 4 0 6 0 0 0 0 4 -4 4 -2 0 0 0 -4 2 -2 0 -2 0 -2 -2 0 0 0 0 0 0 0 0 0 0 0 -4 0 0 0 4 0 0 4 0 0 0 6 0 0 0 0 0 0 0 -4 -4 -1 0 0 0 0 0 0 4 0 0 -2 0 2 0 0 2 0 0 -2 0 4 0 0 -2 0 4 4 0 -2 0 -2 0 0 -4 0 0 0 2 0 -8 -4 0 0 4 0 0 2 0 0 0 0 0 -4 0 2 4 0 4 0 0 -2 0 0 0 -4 -2 0 41 4 0 0 0 2 0 0 -4 0 0 0 -4 0 0 0 0 0 0 0 0 0 -4 0 0 4 0 1 0 0 4 -2 0 0 0 0 -2 4 -4 0 -6 0 0 -4 0 -4 0 0 0 0 0 0 0 0 -2 0 0 -4 -2 0 0 0 2 0 -6 0 0 0 8 -6 0 2 0 0 2 -1 -2 0 -5 0 4 0 0 0 0 -6 0 0 0 0 4 0 0 -4 0 4 0 0 0 -2 -4
-2 0 0 0 -2 -5 0 4 2 0 0 2 2 0 2 -1 0 2 0 1 2 4 4 0 0 3 -2 0 -2 4 -1 0 0 0 -2 -4 0 4 0 0 -4 -4 0 2 0 2 0 -6 0 -2 0 0 0 0 0 1 -2 0 6 1 4 0 0 -2 0 -2 12 -3 -2 -1 0 0 1 0 -2 0 0 0 -2 0 1 4 -1 -1 2 0 4 -4 0 2 2 0 -2 0 0 -2 0 0 5 0 4 0 0 -2 0 0 0 0 -2 -2 1 0 0 -4 4 -2 4 -2 4 0 0 -4 0 2 4 0 4 1 0 2 -4 -4 2 2 0 4 8 -2 1 0 -2 0 0 -2 4 0 -4 0 0 0 0 2 0 6 2 0 0 0 -2 0 2 0 0 -2 0 0 0 0 4 0 -2 -2 0 -2 0 3 2 -2 -1 -2 1 0 4 0 0 -4 0 -6 0 0 2 0 2 -2 -4 0 2 -2 0 2 4 -1 -7 0 -1 4 -1 1 0 0 -2 0 0 0 0 0 0 4 -2 -1 0 0 0 0 -2 0 -4 4 2 8 0 0 0 0 -4 -2 0 0 0 2 -1 4 0 4 0 -2 0 2 0 0 0 0 -1 -4 1 -2 8 -4 0 4 45 -2 0 0 0 2 0 -4 -4 4 0 0 0 0 -2 2 -2 -4 -4 0 -4 2 0 -2 0 4 0 0 0 0 0 0 -4 -2 0 -4 0 -5 -2 0 0 4 -2 0 -1 0 -6 2 0 0 1 0 0 0 -4 -6 0 0 2 0 0 4 -2 0 0 0 4 4 0 1 2 -2 -2 0 -4 -2 0 0 2 4 0 0 1 4 0 0 -2 0 2 0 0 0 4 -4 0 -4 0 4 -5 -3
-1 0 4 0 -2 6 2 2 2 0 0 4 0 -2 4 0 0 -1 2 -2 -4 0 2 0 0 4 1 0 0 0 -1 0 0 -2 0 0 4 0 -2 0 1 -2 0 -2 0 0 0 0 0 0 0 4 0 0 0 -2 1 6 0 -2 0 0 0 1 0 0 -2 -6 0 0 -2 0 0 0 0 2 0 0 -4 2 0 0 -4 0 0 0 0 0 2 -2 0 0 1 0 0 0 -2 -4 0 6 0 0 0 0 2 0 0 -6 0 0 -1 -2 -4 0 0 0 0 -2 -4 4 0 0 4 0 0 -4 0 0 0 -4 2 0 0 3 4 4 0 -2 0 4 0 4 0 1 0 0 2 0 -2 4 0 0 2 0 4 0 0 4 0 0 0 2 -4 0 0 0 0 0 -4 0 0 0 0 1 -4 0 -1 0 -2 -3 -2 0 0 0 0 2 -4 4 0 2 0 6 -2 0 0 0 -4 0 -6 0 0 0 -2 4 -4 0 2 0 0 0 4 2 0 0 0 0 4 -1 1 6 0 0 0 0 4 2 0 0 4 4 0 2 -2 -2 0 2 0 -4 0 3 0 4 4 0 2 4 0 0 6 0 2 0 4 0 0 2 0 4 -2 0 -2 36 0 2 6 0 4 -4 4 -1 0 0 -2 -2 -4 -4 0 0 -2 0 0 0 0 2 1 0 0 0 0 -1 0 0 4 4 0 0 -4 0 0 -4 0 0 0 0 4 4 0 -6 -2 0 4 2 0 -2 0 -2 0 1 -4 -2 0 -2 0 0 8 8 4 4 0 4 1 -2 4 4 2 0 0 -2 0 0 2 0 1 1 0 0 2 0 2 0 0 0 0 2 -4 0 0 0 0 0
2 2 0 -2 0 -1 0 0 4 4 0 3 -6 -4 4 1 0 2 0 -2 0 0 2 0 3 0 0 0 -2 0 9 -2 0 -6 0 0 4 0 0 -2 -2 0 2 0 -2 -2 6 -6 4 -4 1 -4 0 0 0 0 -2 -2 2 1 2 -1 10 0 0 4 -2 -1 0 0 0 0 -2 0 0 4 0 -2 2 -4 -3 0 0 0 8 -4 0 0 0 0 0 -2 2 4 -2 -1 0 0 -5 -4 0 0 6 0 -4 0 0 2 0 6 6 4 0 0 0 4 0 2 0 0 0 0 -4 -1 0 4 -2 0 0 2 -2 0 2 0 -2 0 -10 0 0 0 -4 1 0 6 4 0 0 0 6 0 0 -8 0 0 -6 -6 2 0 -2 4 -2 0 0 0 0 0 0 -3 0 0 0 1 2 -6 2 -2 0 0 -10 0 0 0 -4 0 -4 0 -4 0 -4 0 4 -4 4 0 4 -10 -4 -6 4 0 -8 -3 -4 0 0 2 -1 1 -2 0 4 0 -4 -2 0 0 0 0 0 3 0 0 0 0 0 0 1 2 0 -2 2 -2 0 2 0 -3 0 4 4 0 -2 0 0 0 -1 0 -6 0 0 1 0 0 0 2 0 -2 4 -1 0 0 0 0 54 0 2 0 2 -2 0 -4 1 -2 0 0 -2 -2 0 0 0 0 4 2 -4 -2 0 -6 4 0 2 0 0 -4 -6 4 0 0 0 1 -2 0 0 2 -2 0 4 0 0 0 5 0 4 0 -2 0 0 -1 -2 0 0 8 0 -4 -6 4 0 2 4 4 -4 5 -2 -2 0 0 2 0 0 0 0 0 -6 -3 2 0 4 0 -1 -4 4 0 2 0 0 4 0 0 0 0 0 3
0 2 2 0 3 0 -2 -2 -6 -4 0 0 -8 0 0 0 0 0 1 3 0 0 4 -2 0 0 -2 0 4 0 0 -2 1 -2 0 0 3 -4 -4 -4 7 0 0 -1 -4 0 0 -1 0 0 0 6 0 0 0 0 -1 0 -2 0 -4 0 0 2 2 0 0 0 4 0 0 0 -2 0 0 -3 1 -4 -4 -4 -2 0 -2 0 0 -4 2 4 -2 0 -2 -2 0 0 -2 -4 4 0 0 -4 -4 4 -2 -2 1 2 -4 0 0 -2 2 0 -3 0 -2 0 0 0 0 0 0 -2 -4 0 0 -6 0 0 0 2 4 0 0 0 0 2 -4 4 -4 -4 0 4 0 4 0 0 0 4 4 0 0 0 0 0 0 0 0 4 0 0 0 0 -6 -6 -4 0 1 -1 0 2 4 4 -2 4 2 0 0 4 2 0 0 0 0 -1 2 1 0 0 -4 0 -2 5 0 2 -5 0 -5 -2 0 0 -6 0 -2 0 0 0 2 -2 0 0 -4 0 -4 0 0 0 2 1 0 -8 -1 0 4 0 3 0 -1 -2 4 -2 0 6 0 0 0 0 0 -8 0 -1 0 4 0 4 2 0 0 0 2 0 1 4 -2 2 6 0 0 0 -2 0 0 2 0 42 0 0 -2 -2 -4 -3 2 0 -2 -1 0 4 0 0 3 0 2 4 0 0 -4 -6 -2 0 -3 0 0 0 2 -2 6 -2 0 0 -2 0 4 -2 -4 -2 -2 -5 0 0 0 0 0 0 0 -3 0 -4 2 0 0 -2 -2 0 -2 0 2 -2 -4 0 4 0 0 1 -4 0 -4 0 4 0 1 2 0 0 2 2 0 0 0 0 -2 -4 0 0 -4 0 8 0 0 0 0 2
0 8 8 0 0 0 -2 4 2 -2 0 6 0 0 0 -2 0 0 0 -8 4 8 3 0 8 0 -2 1 0 0 -2 3 0 -2 0 2 -2 0 -2 0 1 0 -2 -4 -2 4 1 -1 0 0 -5 0 -2 0 -1 -3 0 4 2 2 2 2 0 -1 0 -4 1 0 -2 0 0 1 0 0 0 0 2 0 2 0 0 0 -2 6 5 0 2 -2 6 1 0 -4 0 0 2 -2 0 0 0 2 0 2 0 2 0 -4 0 -2 9 -2 0 1 0 -2 1 2 -1 0 -4 0 2 0 0 4 -4 2 5 1 4 -2 0 0 0 2 0 0 2 5 0 0 -4 0 0 2 2 2 -2 0 -1 0 0 -4 1 -2 0 0 0 0 0 -2 0 4 -2 4 -1 0 0 1 0 2 0 -2 2 0 -2 0 0 2 0 1 0 0 3 0 -4 0 0 0 0 -2 0 4 0 -2 0 -4 8 -2 -2 -3 2 3 0 0 -2 2 -2 0 0 0 4 -2 0 0 0 -2 6 -2 0 6 0 2 -2 0 -2 -4 -4 3 3 4 0 3 0 0 -1 0 0 0 2 -4 1 4 -4 2 1 2 0 0 1 2 2 2 0 0 -1 4 0 6 -3 2 0 6 2 0 44 0 2 0 4 0 4 0 5 -2 0 4 -6 4 4 0 0 -4 -4 -4 -2 4 -2 0 0 0 0 0 -2 -2 0 0 0 0 0 0 -1 0 0 2 0 0 0 -4 0 1 2 0 -1 2 0 0 0 0 0 0 0 -2 0 2 0 -10 4 4 2 0 0 0 0 0 -2 4 -4 0 0 6 3 1 2 0 0 2 4 -2 0 0 0 0 4 -2 4 0 -1 -6 4 0
0 2 0 0 1 -4 0 4 0 2 0 4 0 4 1 3 4 -2 4 1 8 -4 1 2 -4 0 6 -1 -2 0 0 1 6 0 0 0 4 -2 0 3 0 0 4 2 4 0 2 -2 0 0 -1 -4 -4 0 -5 -1 4 0 4 0 -4 2 1 1 0 2 0 -4 -4 -2 -4 0 0 4 2 0 4 2 0 -4 -2 -4 0 -1 -2 2 3 2 4 4 0 4 1 0 4 0 1 10 0 4 0 0 -3 1 -3 0 2 4 1 -6 2 -2 0 1 2 0 4 0 -2 0 0 0 0 0 4 0 0 -6 0 5 -2 2 -2 2 2 -4 -2 -1 -4 0 0 -4 -2 0 0 0 -2 -4 -1 2 0 -8 -4 0 -8 -1 2 4 0 -4 2 -9 -2 -3 5 0 4 7 4 0 2 4 0 0 0 6 4 -2 0 0 0 2 0 -6 0 2 3 -9 0 4 -3 2 4 4 0 -2 -2 8 0 1 -2 1 0 0 -2 0 0 0 0 0 6 0 0 -4 6 -2 7 0 4 2 -4 0 0 2 2 0 -2 0 4 1 0 2 2 0 0 -3 4 4 2 4 2 2 7 6 -4 -4 0 4 -2 -4 8 0 4 0 -1 -2 -2 0 2 0 2 0 0 0 0 54 4 4 0 4 2 -1 0 0 3 1 0 0 4 -1 2 0 8 1 2 0 0 2 0 0 0 2 0 -7 4 0 0 2 -2 -2 -5 8 0 0 0 1 -1 4 -6 -1 0 0 -1 6 -3 -2 0 0 0 0 8 -2 -2 5 0 0 0 0 0 0 -2 0 2 -4 0 4 0 0 5 2 4 1 -1 0 4 -2 4 -2 1 0 -1 0 0 0 0 -1 -1 0 0 0
0 4 0 4 -8 0 0 6 0 0 0 4 0 -4 2 -4 4 0 0 -1 -2 0 4 0 4 0 4 0 0 4 0 -4 -2 0 2 0 -4 10 -2 -4 -2 0 0 -1 3 0 -3 0 4 0 0 -2 -5 0 2 0 0 4 4 0 0 -2 0 0 2 -1 0 2 -2 1 -1 -6 7 -8 0 2 -7 4 6 0 2 0 -4 0 -2 1 6 0 2 4 -2 0 0 0 4 -2 2 0 0 4 -4 0 4 6 1 6 2 3 0 1 2 0 0 0 -4 4 0 2 -10 0 0 0 4 2 2 3 4 4 -2 -4 -8 1 -2 -4 -2 7 -2 0 0 2 -1 0 0 0 -2 -1 0 -2 2 2 -4 1 1 0 8 0 5 -1 10 -1 1 3 0 -4 4 -4 12 -2 0 2 -4 1 -4 0 -1 0 0 -4 2 0 0 0 -1 5 -4 0 0 1 0 2 0 8 3 0 -3 -2 -4 4 -4 -1 0 3 -2 -4 0 -7 0 1 2 1 -8 2 0 2 0 0 4 0 0 0 -2 0 -2 4 5 4 0 0 -2 2 0 -4 0 0 8 -2 0 -2 2 -1 0 4 4 0 2 4 0 -1 -4 -1 5 1 0 0 -6 -4 -1 5 4 0 0 4 2 -2 2 4 64 -4 0 0 -2 -1 -2 2 2 1 5 2 4 0 6 4 0 0 -4 -1 2 4 0 0 0 -2 0 4 0 0 0 0 0 1 -2 2 1 -1 2 2 -2 -4 2 0 2 -2 0 -3 -2 -1 0 -1 0 0 0 0 -1 2 0 -2 2 -2 0 0 0 0 0 -4 -12 2 0 0 -4 4 0 4 0 0 -2 2 2 -6 4 0 -2 0 2 2 0 -2 0 2 0 2
0 -2 0 2 0 1 2 -4 5 0 0 0 0 0 0 4 0 0 -2 1 0 0 -4 2 1 -2 0 0 4 -4 0 0 1 2 4 0 -4 5 0 8 4 0 0 2 0 0 6 0 0 0 2 0 0 0 0 0 0 0 -4 -3 -4 -3 0 4 -4 -2 0 0 0 2 0 0 -4 0 4 2 1 0 0 4 2 -4 4 0 0 0 0 0 2 0 0 1 0 0 0 0 0 0 0 8 0 1 -1 0 -4 0 -4 0 0 0 -4 0 0 0 3 0 2 0 0 4 0 4 -4 4 0 0 0 0 0 4 4 -1 2 -5 -4 -8 4 -4 0 0 2 0 0 0 0 0 0 0 0 0 0 6 0 -2 0 0 0 0 0 -4 0 -4 4 -6 4 0 -2 0 10 8 0 2 0 0 6 -6 1 4 0 0 0 4 -4 -2 4 -2 0 -7 -1 0 0 0 0 3 2 0 2 0 0 0 0 0 -3 0 -2 0 0 0 0 0 -2 0 -2 0 2 0 -4 -4 0 0 -2 0 8 -4 1 0 2 3 -4 0 1 4 -2 2 0 2 0 0 -1 -2 0 4 0 0 0 -4 0 4 0 0 -2 2 4 0 -1 0 0 -2 -4 -4 -4 -4 -2 -2 0 4 -4 45 2 4 0 4 0 2 -4 0 0 0 2 0 0 2 4 0 -2 0 -4 0 0 0 -4 0 0 -6 0 2 4 4 2 0 4 0 6 1 -1 0 0 0 -4 -8 4 2 0 -2 -2 4 3 -2 2 0 -4 2 0 -4 -2 0 -2 3 0 0 0 2 0 0 -6 4 0 0 0 0 2 0 -4 0 2 2 0 0 0 0 4 0 0 0 0 2 0 0 0 1
0 0 2 0 0 0 1 0 1 -2 0 2 2 2 4 0 2 0 0 0 0 0 2 3 4 -6 2 0 0 0 4 4 4 2 0 0 0 -2 -4 0 4 4 0 0 0 0 2 0 -2 0 0 0 -2 0 0 0 4 6 -2 -4 2 0 0 2 2 2 0 0 0 0 0 0 0 2 -4 2 0 2 5 0 0 0 -2 2 0 4 0 0 2 0 0 6 0 0 6 -4 0 0 0 0 -4 0 0 -1 0 4 -1 0 0 0 0 4 0 6 0 0 2 0 -2 0 0 10 0 2 3 2 4 0 0 0 0 8 -3 -4 6 0 2 -8 0 4 0 0 0 0 1 1 0 0 0 0 0 -4 2 1 0 0 2 4 -4 -2 0 0 4 7 2 -2 0 0 -2 2 -2 0 -6 0 -4 0 0 0 0 0 0 2 0 0 0 0 2 0 0 -1 0 -4 4 0 4 0 4 0 0 -2 -4 4 6 -2 6 2 0 2 -4 0 12 2 -2 4 2 0 2 -1 0 0 0 0 0 0 4 2 -4 -2 0 0 0 0 -2 0 0 0 0 0 0 0 0 -2 -1 -8 -3 4 0 -2 4 2 0 0 3 0 -4 0 -4 6 2 0 -4 4 0 -4 4 0 0 2 47 1 2 1 0 0 8 0 -4 0 -8 0 2 2 -4 0 0 0 0 0 0 0 -2 4 0 0 -4 4 -4 0 4 0 0 0 0 0 0 4 4 0 0 0 0 0 0 3 -2 2 2 -2 0 -6 0 5 4 4 2 0 0 0 0 0 0 -2 6 0 0 0 -1 -2 0 2 0 0 -1 -2 0 4 0 4 4 0 4 -1 0 2 -4 4 0 -4 -6 4
1 -2 0 0 2 -1 0 -2 4 0 2 -5 0 -2 1 0 2 4 0 4 0 4 -4 4 0 0 0 0 0 4 1 4 -2 3 0 4 0 0 0 4 -2 2 0 -8 2 0 -2 -4 0 0 2 -7 -4 -1 -2 2 0 0 5 -4 0 0 0 2 2 0 2 0 0 4 0 7 2 0 0 6 -2 0 -2 0 2 -6 -3 2 0 2 -2 0 1 -4 8 -4 0 -6 -2 1 0 0 3 12 -2 10 0 2 1 0 -2 0 2 0 0 2 0 2 -2 0 -2 2 0 -1 6 4 0 -2 3 -2 0 -3 2 -4 1 0 -3 2 -2 -2 8 1 6 1 -1 -4 -2 -1 3 3 0 0 -2 0 0 -2 4 5 2 1 -2 0 0 3 0 0 4 1 0 4 2 0 -6 2 0 0 6 -1 0 4 3 2 0 0 4 0 -1 0 -4 -4 6 0 0 2 0 1 -1 -4 -4 -2 0 0 0 -1 0 1 2 0 0 0 0 6 -4 4 0 2 0 0 0 4 -4 4 4 0 0 0 4 8 -2 0 -1 0 4 6 6 -2 0 0 2 -4 -4 0 -2 -3 0 -2 -4 4 0 -1 0 -2 -4 0 4 4 1 0 4 4 1 0 0 0 4 -1 -4 -3 0 4 0 4 1 54 3 10 2 -4 -2 4 0 4 0 2 4 0 -1 -2 1 -4 0 -1 0 6 1 -4 0 4 -4 2 0 0 -2 4 -2 4 0 0 0 2 0 -1 -3 -1 2 -4 0 5 2 0 -4 2 0 0 4 0 -2 6 2 0 -2 -2 0 0 -2 0 -4 0 1 0 0 -2 5 0 -6 -2 2 2 -2 2 -3 0 0 0 0 0 2 -2 2 -4 0 0 2 -2
-2 0 1 0 0 0 -4 0 2 3 0 2 -4 -2 -1 0 0 4 0 0 -1 0 0 4 2 0 -6 0 0 0 4 1 8 -2 1 0 -2 0 0 -3 -10 0 0 -10 0 0 0 -4 0 2 0 0 -2 4 -2 0 2 -4 -3 2 4 0 0 -5 0 0 0 -2 -4 2 0 6 -1 0 -4 -4 8 0 6 0 0 -8 0 1 0 0 0 0 0 1 6 2 0 0 5 1 0 -4 -1 0 0 2 1 0 0 4 0 0 -4 0 0 2 0 -2 0 0 0 0 -4 0 0 0 0 0 0 -4 -2 -4 0 2 1 0 6 0 -2 0 0 0 4 0 -1 3 4 -3 -2 0 2 4 4 4 -6 4 -4 -4 2 -2 0 4 0 -4 -4 -6 -4 2 0 4 4 3 -6 -4 -2 4 0 4 2 0 -1 0 0 -3 0 0 -2 -4 1 0 6 -2 0 4 0 0 2 0 -4 1 -2 0 0 3 0 0 0 0 0 0 0 -2 4 0 4 1 0 -11 2 -2 -1 4 0 -1 -6 -2 -2 0 -7 -2 -2 0 6 2 1 -4 0 1 0 4 0 6 0 0 0 0 0 0 2 -2 0 2 -4 0 4 4 4 0 2 2 0 -1 0 0 0 0 1 2 4 2 -2 0 2 3 53 0 0 -2 2 0 0 0 0 0 2 2 -2 -2 -4 -2 6 -2 4 2 0 -4 -3 -4 -4 0 -4 4 0 0 4 0 2 0 3 0 0 0 5 0 0 0 0 0 4 0 -2 3 0 6 0 -6 0 0 -1 4 2 1 0 0 3 0 4 -4 5 0 0 -2 0 0 4 0 -4 -4 0 -2 6 4 0 0 2 0 0 0 0 0 -5 -2 0 0
-1 0 6 -4 6 0 -1 -6 -4 0 2 0 6 -2 0 2 0 0 0 0 -1 0 -4 2 0 2 0 4 0 4 -6 -1 1 4 0 4 0 -4 4 0 -2 0 0 3 6 0 1 -2 0 0 2 0 0 4 -2 0 0 -2 -2 -8 0 0 0 2 0 -2 -2 2 0 0 4 0 4 0 -4 -4 0 0 1 0 0 0 2 0 -1 1 0 2 4 -1 0 -2 0 -2 0 0 2 -2 0 6 1 5 -2 9 1 0 -2 2 -5 1 2 -5 4 4 -2 -2 0 -2 0 0 2 5 0 0 0 0 0 0 0 -4 0 0 0 0 0 -2 1 -2 2 0 0 0 2 0 -2 0 2 -2 4 -4 0 2 -1 -2 4 0 5 0 0 -5 0 0 8 -2 4 -1 0 0 -3 4 3 0 0 1 4 0 0 6 -2 0 0 0 2 1 0 1 6 0 0 5 0 0 0 -3 -2 -2 0 0 0 0 -2 0 0 4 0 0 0 0 0 0 0 0 0 0 -4 4 -4 0 2 -6 0 0 0 -6 -1 0 0 3 0 0 2 -4 -4 2 2 2 0 1 -4 -1 0 2 5 2 6 2 2 0 0 -2 -2 4 4 4 3 4 -5 0 0 -4 0 0 -2 0 0 -1 -1 4 1 10 0 49 2 0 -2 0 0 0 0 -2 -2 2 0 0 0 4 2 -2 0 0 -4 0 2 0 -2 4 0 2 -4 8 1 -1 4 0 0 0 1 0 -2 -3 6 0 3 5 2 8 4 0 0 2 0 2 4 -2 0 0 -4 0 2 0 0 0 0 0 4 0 1 -2 8 0 1 0 6 0 -4 4 2 0 0 0 0 1 0 0 0 -4 1 0 0 -2
-1 0 -2 4 4 2 0 0 2 5 0 6 -1 -4 -6 0 2 0 2 2 3 6 4 -1 0 4 1 6 0 4 0 0 4 3 -2 2 -2 -2 0 4 -3 0 0 0 0 4 0 0 -1 -8 -9 0 -3 4 0 -3 4 -3 -3 1 0 0 0 -8 0 0 3 3 0 4 0 0 2 1 1 -3 0 -4 0 0 4 4 0 0 2 -3 2 -2 0 0 0 0 0 0 4 -2 0 6 4 4 0 7 0 2 1 -4 0 0 2 0 -2 -2 -4 3 -1 0 -2 0 -1 -1 9 0 0 0 0 4 2 0 0 3 2 0 -4 0 -4 2 -1 2 -4 -2 0 -2 0 0 0 0 0 0 0 4 0 2 0 -1 -2 1 0 0 0 0 0 0 -2 0 -8 0 -4 2 0 11 0 0 2 0 0 0 0 -2 0 0 -1 0 4 0 -2 0 2 0 0 2 0 4 1 -2 0 -2 1 1 0 0 2 0 0 0 0 6 0 0 0 -6 2 3 0 4 -1 1 0 -6 0 -1 2 2 0 -1 -6 -5 0 4 0 3 -2 2 1 0 0 -4 2 -4 0 8 -3 4 4 0 3 -4 -5 0 -7 0 0 2 2 0 0 3 -1 4 -1 0 0 -2 0 -2 5 0 -2 0 0 2 0 2 48 -2 4 -1 0 2 2 0 0 -3 0 0 0 0 0 1 4 0 -6 2 -4 2 5 -4 0 4 0 -2 0 2 0 6 -2 -2 0 8 2 0 6 1 0 1 -4 4 2 0 2 1 -2 8 2 0 -2 1 2 0 0 4 0 0 -4 -1 0 5 0 2 2 0 0 -2 2 0 0 2 0 2 -7 0 4 0 0 0 -2 -2 4 -2 0 0
-2 2 -2 0 0 2 -4 -4 1 2 2 0 0 0 0 0 2 0 -1 -2 -1 0 4 0 0 0 0 4 0 4 0 -2 -4 4 2 -4 -2 4 0 0 -6 2 0 3 0 4 4 0 4 0 -2 4 -2 0 -2 -2 0 4 -1 3 1 -1 -4 0 0 0 2 0 0 -1 2 -3 0 0 -4 2 0 6 6 -2 0 0 -4 0 2 0 0 0 0 -4 -2 2 0 4 0 0 0 -2 -1 0 0 -4 0 4 0 0 -2 0 4 0 0 4 1 -8 0 0 1 2 -4 2 -10 0 0 -2 0 4 0 0 -1 4 0 0 0 -2 2 -2 0 -4 2 2 -2 0 0 1 -2 -3 -4 0 -4 0 0 -4 0 -4 3 1 0 0 0 -6 4 4 4 4 -1 0 0 0 4 0 0 0 0 0 2 4 0 0 0 0 4 -2 2 0 0 -1 2 2 0 0 0 0 -1 3 1 -8 0 0 0 -2 2 2 0 0 2 0 0 2 -4 4 0 0 2 4 2 0 2 0 0 0 0 -5 2 4 0 0 1 4 -6 0 0 2 -4 0 0 0 -4 -2 0 2 0 4 0 0 0 -2 -4 -2 0 0 -2 -8 -2 4 -2 -2 -2 2 2 0 0 -2 0 -1 -2 0 2 2 0 -4 -2 0 -2 46 2 0 0 0 1 2 3 0 -2 0 0 -1 -2 3 0 -1 0 -1 0 -6 0 -2 2 -2 0 0 0 -1 -2 2 -2 0 -2 0 -4 0 2 0 0 1 -2 0 0 -5 5 0 0 -3 4 -4 -2 2 0 0 0 4 -4 1 0 0 -6 0 0 0 0 0 0 0 -4 0 -4 0 0 4 -2 0 0 0 4 0 4 0 2 0 0 0
6 5 0 1 4 0 -2 -3 -5 -4 4 1 0 0 -6 -2 0 0 -2 -4 0 2 2 2 -1 4 4 2 0 0 -6 0 4 0 -1 0 -2 -4 2 -4 1 0 -1 1 0 2 -5 -1 8 4 -4 0 4 6 2 0 0 -4 -2 4 2 2 0 0 4 0 0 -2 0 -12 0 0 0 2 0 0 4 2 6 2 0 0 -2 9 4 1 3 6 0 0 0 0 0 -6 0 -3 3 8 -3 -6 0 4 -1 6 4 0 0 0 2 4 4 0 0 2 -4 0 0 0 -2 -3 2 0 -2 0 2 0 0 -4 0 7 -2 4 -2 0 1 0 0 -1 -1 0 2 0 -2 0 -5 1 0 0 -4 0 0 -4 -1 4 0 3 4 0 0 0 0 0 -4 4 0 0 2 -1 -6 0 0 6 4 0 -6 0 -2 -5 2 2 -6 0 0 0 -2 0 0 0 2 6 2 0 0 -2 2 2 2 4 0 2 0 2 0 -2 6 0 -2 0 8 2 0 -6 2 0 4 0 2 0 0 -6 6 4 0 0 0 0 2 0 0 -3 0 -8 4 2 4 1 0 -1 0 -2 2 0 -2 0 4 -4 -5 2 -2 0 4 0 1 0 -1 -1 0 0 2 0 -2 -4 -2 0 0 3 2 -4 8 -2 2 -2 4 2 67 0 -2 4 0 7 0 2 4 -2 0 0 -2 0 1 0 0 0 -2 6 0 4 0 0 -8 9 0 0 6 0 -4 0 0 -2 0 4 -2 -2 0 7 -1 -4 0 -8 2 -2 4 -4 0 3 0 4 4 0 -4 -2 -2 0 -4 -1 2 -1 0 -4 4 0 0 0 2 4 -5 -5 2 2 2 2 4 4 -4 -2 2 -3 -1 3 -10 8
0 -8 0 0 1 -6 -2 0 0 -6 -6 0 0 0 1 2 4 0 4 5 4 0 -4 6 2 0 0 0 0 0 -1 -2 0 0 0 2 0 2 4 0 4 0 6 0 0 4 0 4 2 -2 4 4 -4 -4 -1 0 -2 0 0 -2 -6 4 -2 4 4 0 0 -2 -2 4 0 0 0 0 -2 0 -2 2 0 0 1 -2 -2 -5 0 1 0 4 0 -4 0 -2 0 6 5 0 0 0 0 -2 2 -1 0 -2 0 2 0 -1 5 0 2 0 4 -2 0 0 -1 -1 0 0 7 0 4 6 0 -2 0 4 0 0 1 0 0 0 0 -1 0 0 2 0 2 4 2 2 0 0 -2 0 2 0 0 -4 2 -1 0 0 0 4 2 -3 0 0 0 0 0 0 0 0 6 0 -1 -1 2 0 0 0 0 3 2 0 0 0 -4 -2 0 4 8 -1 0 0 -2 2 -2 0 -13 0 3 0 0 -4 4 2 -2 -4 0 -4 0 0 2 0 -3 0 0 4 -2 2 -2 4 4 2 -8 -2 0 0 1 4 -2 -1 0 0 -2 2 0 0 -2 0 0 1 0 -2 2 -2 -2 2 -3 0 0 2 2 7 -1 2 0 0 4 0 0 0 0 0 2 -4 -2 4 4 1 1 0 0 4 0 0 -1 0 0 50 2 0 4 2 0 -4 0 0 0 0 0 4 -1 0 0 1 4 -2 0 -1 0 0 2 1 0 -4 0 0 -2 0 -1 4 4 2 -2 -2 0 0 -6 0 -1 4 0 0 0 0 -2 4 0 -1 0 0 0 0 0 0 -4 4 0 -1 0 -6 3 2 2 4 4 0 0 -4 0 2 -1 0 0 0 -1 6 -2 -1 0 1 4 -6
0 0 -1 -1 0 4 0 2 2 0 0 0 0 0 0 0 0 0 0 0 0 0 2 -6 0 0 3 -2 0 -2 0 -2 0 0 0 0 4 0 0 -1 3 2 5 0 -2 3 -5 4 -2 -1 -6 0 1 6 0 -2 8 -2 -4 0 -3 4 0 2 -4 0 5 2 1 6 0 0 0 5 0 4 -2 0 -4 0 -1 0 -1 -6 -4 3 6 2 2 0 0 0 0 2 -6 3 -2 0 0 -4 -2 6 5 -1 4 -2 -4 1 -2 0 6 0 4 1 -4 4 -2 4 -3 0 0 0 1 0 4 4 -2 0 0 0 0 0 2 0 0 0 -3 0 0 2 1 0 -1 1 0 -2 0 -4 4 8 -2 -1 3 0 1 1 0 -1 2 -1 -4 -2 -2 -1 2 2 2 1 0 2 0 1 3 0 2 0 -2 4 4 0 2 0 0 -6 0 0 -5 0 5 4 0 2 0 6 -2 0 0 0 0 2 0 1 -1 -8 2 0 0 4 4 2 -2 1 2 2 0 -4 -3 -2 4 0 2 0 0 4 6 3 -3 0 0 -2 -4 7 0 -2 -2 0 0 0 0 2 0 -2 4 -6 -2 0 0 0 -2 2 0 3 0 2 -4 4 4 2 5 0 -2 0 0 0 -6 0 5 0 -4 0 0 0 0 0 -2 2 50 -2 0 -5 4 1 -2 0 0 -3 1 6 -4 0 0 -4 -4 8 -1 -4 4 -1 -6 0 0 0 -2 0 0 -2 2 -4 0 -2 1 0 2 -4 -1 -3 -1 6 1 0 -2 0 0 -1 0 7 -2 1 0 -2 1 2 -2 2 0 1 6 2 0 -2 2 -2 -4 0 -2 1 0 -9 0 -2 2 -4 2 0 -3 -2 0 -4 0 2
0 0 0 0 0 0 -2 0 -4 0 0 0 -4 -2 -1 0 -1 4 0 0 0 6 0 4 0 -4 4 0 0 2 0 0 0 -2 0 0 0 0 0 2 0 0 0 -2 0 0 0 0 0 2 0 0 -2 0 4 0 0 -1 0 0 4 0 0 -2 0 0 0 -2 0 0 0 4 -2 -2 0 0 -2 0 -4 0 0 0 0 0 7 0 0 -2 0 -2 0 0 0 0 0 2 2 4 4 5 0 0 0 0 0 0 0 0 -4 0 0 0 0 4 4 0 0 8 0 4 0 4 4 0 0 -2 4 0 -3 4 0 0 4 -2 0 -2 0 8 -2 0 0 4 0 0 -2 0 2 0 0 0 -2 0 0 0 0 -4 -2 6 0 2 0 0 -4 0 -2 -2 0 0 -4 0 0 0 2 0 0 -1 -2 3 0 2 2 1 -4 4 -8 -4 0 8 0 0 0 3 2 0 0 0 0 -2 0 0 0 0 0 -4 -1 -1 -2 2 0 4 0 -4 -4 0 0 0 8 0 -2 0 0 0 0 0 0 -2 0 4 4 4 6 0 0 2 4 -2 0 -2 0 3 0 -4 -4 2 0 0 0 -2 4 0 0 0 0 0 0 0 0 0 0 0 -4 0 0 0 4 0 2 0 0 4 0 0 2 0 4 0 -2 35 3 0 8 0 0 0 2 0 0 -4 0 4 2 0 2 0 0 -1 -2 2 0 4 0 -1 0 0 -8 4 -4 2 0 0 -4 -1 0 -4 0 -2 0 -1 0 0 4 -2 0 0 -1 -1 5 -4 0 4 0 4 4 0 0 0 2 -2 0 0 0 -2 0 -2 0 0 2 -4 0 0 -1 1 4 0 0 0 4 4 4 0
4 0 0 0 2 0 0 0 -4 0 -4 0 2 0 2 4 -1 0 -1 2 0 2 2 0 4 -2 4 1 0 5 2 4 0 -4 0 0 -2 2 0 2 0 -4 -4 1 4 4 0 0 0 0 -1 0 -2 0 1 0 0 2 -2 0 -4 4 0 -1 0 0 0 0 0 2 -4 0 0 0 0 0 -10 0 0 0 0 -2 0 0 -1 -4 0 3 4 0 0 -4 0 0 0 0 0 0 0 8 -4 0 0 0 2 1 0 4 4 -2 -4 0 0 0 0 0 -4 0 2 0 2 -4 0 4 0 -2 0 2 -5 2 -3 -4 -6 0 -9 0 0 8 0 0 0 1 0 0 -6 0 0 0 0 4 0 2 4 -2 0 0 4 0 0 4 -2 0 -3 0 0 -2 2 4 2 0 4 0 6 4 2 1 -2 4 4 0 0 -3 -4 -1 0 -1 0 0 0 0 0 4 4 4 5 -1 5 0 0 0 1 2 -4 0 1 -6 0 4 0 -2 6 0 0 0 0 3 0 0 0 4 0 0 0 0 0 0 1 2 -2 -4 0 2 0 0 0 0 -1 0 -2 1 0 4 6 4 1 2 2 0 4 -2 3 0 0 0 4 1 -4 -2 4 0 -4 -2 0 3 4 4 4 2 -8 0 0 0 2 1 0 4 0 3 44 0 -3 1 4 0 6 -2 0 0 0 0 0 0 0 -2 2 -2 2 2 0 0 -4 1 0 0 0 0 0 0 -1 4 0 0 0 0 0 0 0 0 -2 8 4 0 -2 0 -3 -1 0 -4 0 0 0 1 -6 -4 2 4 2 2 0 0 0 0 0 -2 0 4 -2 -2 -2 0 -6 -1 0 4 2 0 0 0 4 0
4 3 -2 2 1 -4 4 0 0 4 8 2 -1 4 -4 -4 0 0 2 -1 4 0 -6 0 2 0 2 2 0 -2 0 0 -5 0 -1 1 0 -9 4 -4 2 1 2 -2 -6 2 0 0 6 -1 0 -1 1 -2 0 2 0 4 -3 0 7 2 -2 0 0 0 0 -4 0 -2 0 0 0 -1 0 0 2 0 0 0 -1 1 0 -1 -2 4 4 0 -4 -2 2 -4 4 4 2 0 0 0 -1 -2 0 0 -2 2 0 0 0 0 0 0 4 0 0 0 -4 -4 0 0 7 1 6 0 1 0 0 0 0 0 -1 0 0 0 3 -2 -2 5 0 0 4 -2 4 -2 4 0 -1 0 2 0 -1 2 2 4 -2 0 0 1 4 4 -2 0 6 0 3 2 0 0 2 0 0 0 4 8 4 0 1 6 0 1 4 0 0 -2 0 0 2 4 -2 3 2 -6 0 -4 0 -8 2 0 0 -4 2 0 -4 0 -4 8 4 0 -4 -2 -8 0 0 0 0 8 0 0 8 0 0 2 0 4 8 0 2 0 2 0 -4 0 -4 3 0 -2 0 0 0 -1 0 0 2 4 0 -2 0 0 0 0 -4 0 2 0 -1 0 -5 1 0 0 2 0 0 0 0 0 0 -1 0 0 0 2 0 -2 0 2 7 2 -5 0 0 52 3 -2 4 0 -2 0 -3 0 -2 -1 0 -6 0 0 2 0 -4 0 -8 -1 0 0 -5 2 -4 0 0 -4 -2 0 2 2 -2 -10 -4 -2 -4 4 -1 0 2 0 0 1 4 0 3 1 1 -1 -1 2 -3 0 -4 0 -3 -4 -4 2 0 2 1 2 2 -6 0 8 0 0 4 0 -2 -1 -1 -2 0 0 2 -1
-2 1 -2 0 -5 -2 2 -8 1 0 0 4 -10 -4 -4 -4 0 -4 0 2 -2 0 2 0 0 -8 0 -3 -2 -3 3 -2 5 0 -1 -5 0 -2 -1 0 4 2 0 2 0 -4 0 0 0 0 -2 0 -4 -1 5 0 -4 0 1 0 0 -2 0 1 0 0 -4 0 0 -4 0 2 0 -2 0 0 2 -4 2 0 0 1 -4 0 -5 2 0 0 -1 4 0 6 1 2 0 4 0 2 -3 -2 2 1 6 0 0 -1 0 -1 -6 -1 1 6 2 0 2 0 -3 4 -2 -4 2 0 0 0 -1 0 -4 -1 -1 0 0 3 2 -7 4 -5 0 -8 0 -3 -1 -2 1 4 0 2 0 0 3 5 -2 -10 -3 0 -5 6 -2 8 -2 -8 3 5 0 -2 6 0 -4 4 0 -2 2 1 0 -8 1 0 -3 0 0 -2 5 -1 -5 1 2 -4 1 0 3 -4 -4 2 -1 -9 0 0 -5 2 0 -2 0 -2 1 0 4 -1 -2 1 0 2 0 4 -1 3 2 -2 -1 6 -2 1 0 0 0 2 2 -1 1 0 -2 2 0 -2 1 -4 -4 -2 -2 6 2 -6 6 -6 0 -4 -1 4 -3 0 2 1 2 0 -4 0 5 8 -8 2 -5 0 -4 0 4 2 0 2 6 0 2 4 2 -2 0 3 0 0 4 8 -3 3 65 1 0 2 2 -8 -4 2 -1 -2 6 0 -6 4 0 0 -2 -4 0 -3 2 1 0 -1 2 0 -4 -2 -1 -2 0 5 2 -10 -4 0 0 0 0 0 -2 2 0 2 -3 2 4 -6 0 -4 0 0 1 2 -5 -1 1 0 0 0 -4 2 0 1 4 -2 1 3 -5 0 3 1 0 -5 0 0 -2 -3 0 0
0 -4 0 1 6 4 0 -2 1 -2 0 -2 -1 0 -4 0 6 4 -4 0 0 8 2 4 0 0 2 1 0 1 -2 1 0 0 1 -2 0 -4 0 1 -2 0 2 0 6 -2 -4 -4 0 2 0 -4 0 2 5 -4 0 -2 0 -2 0 4 0 -1 0 0 0 -6 2 0 0 -4 -2 0 -4 0 2 -2 4 -4 -2 -1 2 2 0 -2 2 0 0 0 4 1 0 4 -6 0 0 0 -2 4 0 4 2 1 1 6 0 0 -1 0 -1 4 -4 4 0 -2 -2 0 -2 -2 -5 0 -2 0 8 0 0 2 0 4 0 -4 0 -2 2 1 -4 0 -1 -6 0 2 0 4 0 0 0 0 0 0 2 2 -2 0 -1 1 0 4 0 0 0 -2 0 -2 0 0 4 0 0 0 -2 2 -8 0 0 1 0 4 0 0 0 0 0 3 0 0 1 -2 0 0 0 0 2 1 4 0 0 8 0 -2 2 0 -2 1 2 -7 -2 0 -4 4 -2 0 0 -2 -2 2 4 0 -1 -4 2 0 0 0 -1 -4 0 0 0 0 0 2 0 4 0 0 -2 0 0 -2 -1 0 0 0 5 -2 2 6 0 4 -2 -1 -2 0 6 -1 2 0 -1 -4 2 0 2 4 -4 0 4 2 2 0 2 2 -3 0 2 -4 1 0 1 -2 1 50 0 -3 6 -8 2 -2 0 0 -2 0 0 6 2 2 -6 0 -4 0 0 0 -2 0 5 0 0 -2 -3 0 0 0 0 0 2 0 3 -4 2 2 0 -2 0 0 1 4 0 2 -2 2 2 -6 6 -2 -2 0 10 0 3 0 0 0 6 0 0 0 0 -6 -3 0 -2 2 -4 2 -4 -4 -4 2 0 -2
2 0 -2 -2 2 -1 0 0 4 4 2 2 -1 4 0 0 4 -2 0 4 4 0 4 4 -6 2 -1 2 0 0 -8 -3 0 4 -2 0 -2 0 0 -2 3 0 -6 -2 -2 0 1 4 0 0 4 0 6 -3 0 -2 -10 -2 -2 6 0 8 2 0 0 2 0 -4 0 0 -4 -3 -2 2 2 -8 -4 0 0 0 0 0 0 -6 0 4 0 0 4 8 0 4 0 -4 0 0 0 4 0 -2 4 -2 0 0 4 0 2 4 -5 0 2 -4 -4 -2 2 0 0 0 0 0 2 0 -1 2 -4 -4 -4 6 0 4 0 0 0 0 -2 -4 0 6 0 -1 0 0 2 -2 -2 -4 0 -4 0 4 1 -4 0 1 0 2 0 0 0 6 2 0 4 -4 -1 -3 2 6 4 4 0 4 -2 -2 0 0 0 0 6 -4 0 1 0 2 4 -2 0 -1 -6 -2 -2 0 0 -2 8 4 -8 -2 0 0 0 2 0 -2 0 0 2 -2 -2 0 2 0 4 0 4 2 -1 4 10 0 0 4 0 -2 0 -1 4 -1 0 2 0 4 0 0 0 0 0 0 4 1 0 2 4 0 0 1 0 -2 -1 0 4 -7 -8 5 -2 0 -4 0 1 0 0 0 -4 0 -4 8 0 4 -4 -1 -2 0 0 -2 4 0 -2 0 4 4 0 0 58 0 0 4 2 0 0 -2 -4 0 0 -4 -2 0 0 0 0 0 -6 4 -2 0 1 0 0 3 -8 -6 4 0 -4 -2 0 8 0 -4 2 0 0 0 0 1 4 0 8 0 0 -5 -1 0 0 0 0 2 6 0 -2 0 4 0 0 0 -4 0 2 4 1 -2 2 0 0 -4 -2 -1 -4 6 0 0
2 -1 0 0 0 0 0 4 -2 -2 2 1 2 4 2 2 -2 -2 4 4 0 -2 0 0 0 2 -2 0 -1 -2 -1 -4 0 0 0 -1 1 0 2 1 -2 4 4 2 -2 0 0 6 0 4 2 -2 -8 0 4 -4 0 1 -2 -4 0 4 -1 -6 0 5 -4 -2 0 -3 2 0 -2 -4 0 -2 0 0 0 -2 0 1 -10 0 0 0 -6 0 1 -4 -2 -2 0 2 0 2 0 4 2 4 4 -1 0 -4 0 2 0 -4 0 0 -5 4 0 2 4 8 0 4 0 0 2 -2 -3 0 -2 -2 0 0 2 -4 2 -1 3 -2 0 0 0 6 -4 0 7 -4 1 0 0 0 0 0 -2 4 0 2 0 4 -4 2 0 0 0 0 0 -2 2 -5 0 0 -1 -4 -4 0 0 -2 0 0 2 1 4 2 4 4 3 -1 2 0 6 0 0 0 0 0 3 0 4 0 0 1 0 -2 -2 0 0 2 -2 2 4 -2 -2 3 -2 2 4 0 -1 0 2 0 0 0 0 -2 0 0 -8 8 0 -5 0 -4 -2 -4 0 0 0 0 -4 1 1 0 0 2 -4 0 3 0 0 -2 1 2 -8 0 -4 0 0 -2 -4 2 0 0 4 0 -2 2 -2 0 -4 1 0 0 0 -2 -2 0 0 0 -2 0 0 0 0 0 2 -3 0 44 4 0 4 0 2 1 -2 0 4 1 5 0 0 -1 6 0 0 -2 0 0 0 4 0 4 0 -2 2 0 0 -4 0 2 0 -4 0 0 0 2 0 2 0 4 0 -4 2 -2 -2 6 -2 0 4 -4 0 0 1 2 4 0 -2 -1 0 0 0 2 4 0 0 1 0 0 0 -4 0 -1 0 2
0 0 0 0 0 -2 4 -2 2 0 4 -3 3 0 -2 10 0 -8 0 2 0 2 0 0 0 -4 4 0 0 0 3 2 0 -6 0 0 4 -4 0 4 0 0 0 4 4 0 1 0 0 0 0 -1 0 -1 2 -4 0 -5 0 0 0 4 4 0 -4 0 0 -3 0 -6 0 0 0 0 4 -2 -4 -4 -2 0 6 -4 1 0 0 0 0 -6 4 5 6 0 4 2 -2 0 0 0 0 2 0 -2 4 -2 0 -4 4 -4 0 -1 0 6 0 0 0 4 2 4 2 0 4 0 2 -2 -3 1 0 0 2 -2 0 -4 -6 4 8 -2 0 2 0 -4 4 4 -4 -1 -2 4 3 0 0 2 0 0 0 -1 0 0 4 2 -4 7 0 0 2 0 0 0 0 4 5 0 0 0 -4 3 0 1 2 1 12 0 -1 -4 -3 4 0 0 -2 0 4 0 0 -3 0 0 8 0 0 2 0 0 0 5 2 0 0 0 0 2 0 0 4 2 4 0 0 0 2 1 4 -2 4 0 0 4 0 0 0 0 0 0 2 4 0 0 -4 4 0 0 0 2 0 6 -4 0 0 -4 0 0 0 2 3 0 0 0 4 4 4 -4 2 4 0 1 0 -4 -2 2 -4 -2 0 1 -4 0 0 0 0 0 0 2 6 -2 2 6 0 4 46 -2 0 0 0 0 -2 6 2 6 4 1 0 0 4 0 2 0 2 -2 2 2 0 0 0 2 0 0 0 4 4 0 4 -4 3 0 0 0 0 2 1 0 4 -4 -2 0 0 4 2 0 4 0 -4 0 0 6 0 -4 0 2 0 10 -2 0 -2 0 0 -2 -2 0 2 4 0 0 2 -6
0 4 0 -4 2 -6 3 0 0 -2 0 2 0 2 0 0 0 0 0 0 0 0 0 0 0 2 0 0 -2 0 -4 -5 0 -2 0 0 0 6 0 0 -5 -4 0 2 -2 0 5 2 0 0 4 0 0 2 0 0 0 -1 2 5 0 0 -4 0 0 0 0 0 -4 1 4 0 0 0 0 -4 0 2 0 4 0 2 2 0 2 0 4 0 2 0 -2 0 0 1 0 0 -2 2 4 0 1 -2 -2 0 0 -2 4 0 -4 2 0 -4 3 0 2 -2 0 -2 0 0 -2 0 0 0 0 0 0 0 0 0 0 0 -1 -2 1 0 2 0 0 -2 0 -1 4 -8 0 3 0 0 -6 0 0 5 0 0 4 0 1 -5 -2 -2 0 2 4 5 2 0 -2 0 4 2 0 -2 2 4 0 0 0 0 0 0 0 2 0 4 0 0 0 0 -2 0 0 0 -2 0 -2 0 6 4 0 -2 6 3 0 0 0 2 -1 2 0 0 4 0 0 0 0 2 0 0 0 4 -4 1 0 0 0 0 0 0 0 0 0 0 0 0 0 2 1 0 2 0 0 2 0 0 0 0 3 4 0 2 -2 0 0 5 0 0 -2 0 2 0 4 0 -6 -6 4 0 -1 0 0 -4 -2 4 0 -1 0 0 -3 0 -2 0 -8 -8 4 0 -2 34 -2 1 0 0 -4 3 8 2 -4 0 0 0 0 0 0 0 -1 0 0 0 0 2 0 0 1 0 0 -1 0 2 2 1 0 -4 0 0 0 -1 0 -4 6 0 0 0 4 0 -2 0 0 0 -8 0 0 4 0 0 0 0 2 4 0 2 0 0 -2 1 2 0 2 2 4 4 0 1
0 4 4 2 3 0 -6 6 4 4 0 -2 0 -6 4 0 -1 0 0 2 6 -6 0 0 0 0 -4 -6 -2 -2 2 2 2 0 2 6 -4 -4 0 -2 -7 13 3 0 2 -8 0 -4 1 0 0 0 -3 0 0 -2 0 0 -4 4 0 0 4 -4 0 0 0 4 2 -2 0 0 2 8 0 2 2 -4 0 -4 0 4 3 2 8 0 0 5 0 4 1 0 0 -4 -4 0 0 -4 7 0 -4 0 3 -6 0 3 0 0 -2 0 0 2 4 0 2 -2 -2 -1 2 2 10 0 2 0 2 9 -2 0 -3 0 0 -4 0 0 4 -1 1 2 -2 0 4 -2 0 0 2 6 2 0 -2 0 -8 4 1 0 2 -8 -2 4 0 2 -2 -8 2 6 -4 0 0 0 0 -4 0 1 -1 -4 4 0 -4 -2 -4 0 8 0 0 2 2 -6 2 0 0 5 0 0 3 4 2 -2 0 -2 0 1 0 0 0 2 2 0 -4 2 0 0 -4 0 0 -4 0 3 -4 4 0 0 -2 -2 -2 0 -4 0 -4 0 0 0 0 -1 0 6 0 -4 0 -4 -1 0 0 4 4 6 0 0 2 0 0 0 0 0 4 2 2 0 0 0 6 1 0 0 4 -2 -2 0 2 -4 0 0 6 2 0 -2 -2 0 1 0 0 -3 -4 2 2 4 0 -2 66 -2 0 0 0 -6 4 -8 -1 -4 0 0 0 0 0 -5 0 6 4 0 0 -6 -2 2 2 0 -2 6 -4 4 0 -2 0 0 5 0 0 -6 0 2 0 4 -2 3 -2 -2 -3 0 3 0 -2 -1 2 -6 4 0 0 0 4 0 0 -1 0 0 0 0 0 0 0 -4 -2 0 2 6
3 0 -2 2 4 1 2 4 0 -2 0 0 2 2 -2 0 0 0 2 0 2 0 4 -4 0 0 3 4 -4 0 4 4 0 0 0 -2 0 4 4 -2 0 2 4 0 0 0 4 0 0 -2 2 0 2 0 -2 -4 -4 0 0 1 -10 0 -4 0 0 0 0 4 0 3 0 0 0 0 4 2 0 2 4 2 -4 0 -2 -4 0 0 -8 0 0 0 0 0 0 0 0 -2 0 4 0 0 2 0 4 -2 0 0 -2 0 4 0 -2 -2 0 0 -2 0 2 2 -4 0 -2 0 0 -2 -6 2 -4 1 0 0 0 0 0 2 0 -2 -2 0 0 0 0 4 0 2 0 0 0 4 -2 4 0 0 2 0 -4 6 0 -4 0 0 0 6 2 -1 -2 0 2 0 -2 0 0 0 0 0 0 0 -4 0 0 0 -1 0 0 -8 -4 -2 6 0 0 2 2 1 4 0 0 0 0 1 -4 0 -2 2 0 0 0 0 0 2 0 4 0 0 0 2 -5 0 0 0 4 0 -2 1 2 4 2 2 0 0 0 2 0 2 -4 0 -4 0 -2 0 0 2 0 0 4 -4 0 0 0 0 -4 0 0 0 0 4 0 2 0 0 0 0 0 0 0 0 0 2 4 0 0 -1 -2 -2 1 3 0 4 6 -4 0 0 2 -2 0 0 0 1 -2 39 0 0 -1 3 4 6 0 0 0 2 -2 0 0 0 0 -4 0 -2 6 8 0 1 0 0 -2 -4 -2 4 0 1 4 2 -8 -2 0 0 2 0 0 -4 0 0 0 0 0 0 0 0 -2 -4 -4 0 2 0 2 0 0 0 0 2 0 0 0 0 0 -2 0 4 -4 0 0 0
3 0 0 4 1 0 -2 -6 0 0 0 -1 0 0 -1 -2 0 0 -2 -4 -4 0 1 6 -2 2 0 0 0 0 0 0 -1 0 -6 0 2 0 0 0 3 4 0 4 0 0 -1 0 0 2 4 -1 0 0 2 0 0 0 0 0 4 0 0 0 0 4 -4 0 4 0 0 4 0 0 4 0 -1 0 2 0 1 -2 -2 0 0 -1 2 2 0 -2 4 2 0 0 -1 0 2 -2 4 2 2 4 4 2 0 -1 0 2 0 0 0 0 1 0 0 -4 0 0 0 0 -1 0 0 0 3 6 0 0 0 -1 -1 4 -2 -1 4 -2 -2 2 5 0 -4 0 0 0 0 0 4 0 0 -1 -4 0 1 2 0 -2 0 6 0 0 0 4 2 -6 -2 0 -1 0 0 2 0 0 -4 4 0 -4 -4 2 -2 2 -2 0 0 0 1 -4 -4 -2 2 4 2 2 0 -1 0 0 2 2 4 0 2 0 0 0 0 1 0 -2 2 0 2 -2 0 -7 0 4 -4 -8 -4 -3 0 1 -2 2 0 0 -2 1 0 -2 0 2 0 2 0 0 0 3 0 0 -6 0 0 -2 4 0 4 -2 0 0 0 0 0 0 0 0 2 0 0 0 0 0 2 -3 0 0 0 0 0 0 4 0 4 0 1 -1 -4 0 0 -2 -1 0 0 2 0 0 0 0 34 0 -2 0 4 -2 0 3 0 0 0 -2 0 0 0 0 -2 -4 0 6 0 4 -4 0 0 0 1 0 -1 -6 4 4 -2 0 0 0 0 0 -4 0 -2 2 0 0 0 0 2 8 0 2 0 0 2 -1 0 0 0 0 0 0 0 0 3 4 0 0 0 -2 0 2 0 -5
0 0 2 0 -4 0 0 0 -3 0 0 0 0 2 0 0 1 -1 0 0 0 0 -2 0 0 0 0 -4 -1 0 -2 -2 0 0 0 0 0 0 0 0 -2 0 0 6 0 0 -2 4 2 0 0 0 0 2 0 0 0 -4 3 0 0 0 0 0 0 4 -2 0 0 2 0 4 0 0 4 2 0 0 0 0 -1 -1 0 4 0 0 0 0 0 0 2 -2 -1 0 0 0 0 4 3 0 -2 3 0 0 0 0 4 0 0 -2 0 -2 0 4 4 0 -1 2 0 0 2 4 0 0 0 -4 -4 2 -1 0 2 2 0 0 -1 0 4 -2 0 2 4 0 0 4 4 0 0 8 0 0 0 0 0 0 -3 0 -2 -4 0 0 -3 0 0 0 -2 -2 2 0 -4 -1 0 0 4 2 -1 0 -2 2 0 0 2 0 0 -2 -6 0 0 4 4 2 4 0 3 0 0 -1 0 4 -2 2 2 0 2 0 0 0 -4 2 2 3 0 -4 4 0 -2 0 -2 2 -1 -2 0 0 2 2 0 0 2 0 6 6 8 3 -2 0 0 4 0 -6 0 -2 0 -4 -4 0 0 4 0 2 -2 0 4 4 0 -2 2 0 0 0 -2 4 0 -1 0 0 0 0 0 0 0 6 2 0 0 -1 0 0 0 4 0 -1 -2 0 -2 1 0 0 0 0 0 30 -2 0 0 4 0 0 0 -1 -2 -1 0 0 0 1 1 0 2 2 0 0 0 -2 0 -2 0 0 0 0 0 0 -2 -4 0 -2 0 -2 -3 -2 0 0 1 0 0 4 2 0 1 2 -3 0 0 -2 0 -1 -2 0 0 1 2 0 -8 0 0 1 0 1 4 0 0 4
1 0 -4 2 1 -3 0 0 -1 4 0 -4 -4 -3 0 2 -4 2 0 1 0 -4 3 3 0 -3 2 -4 4 1 4 4 6 0 0 0 0 0 -2 0 0 -1 4 4 0 0 0 0 0 0 3 0 0 0 3 0 4 -2 0 4 -1 0 2 -4 -4 0 -4 0 0 4 0 0 0 0 -1 8 0 -4 0 0 0 4 0 0 -4 0 0 1 0 0 -4 4 0 0 -8 0 0 2 -2 -1 0 -4 0 0 2 0 0 0 6 -4 4 0 0 -4 0 2 0 4 -1 0 2 0 1 0 0 -2 -3 3 0 4 0 0 2 -3 0 -2 0 -1 4 -4 -1 0 0 0 -2 -2 0 0 0 0 -2 0 0 -2 0 -1 -1 1 0 4 0 0 -4 3 2 0 -2 2 0 -12 0 0 -2 -4 6 -2 -4 0 0 0 0 0 0 0 4 -4 -4 3 -1 0 -2 0 0 -2 0 0 0 0 4 0 0 -2 -2 0 0 -4 2 1 2 0 5 0 0 -1 2 -2 3 4 -1 0 2 -2 -2 2 -4 2 -5 0 -2 -4 -4 0 2 0 0 0 -2 6 0 2 0 -8 0 4 -1 6 -4 0 0 -6 0 2 0 -4 0 0 3 0 2 -2 0 0 0 0 0 0 0 -4 -2 1 0 -4 -6 0 0 0 0 2 0 0 6 -2 -4 -2 -2 -4 0 -1 -2 -2 48 0 0 -6 4 0 -1 2 2 -2 -4 4 0 -2 2 0 4 -2 0 -1 0 6 0 -1 0 -4 0 0 2 0 1 0 4 6 0 4 2 -4 4 0 -2 0 0 1 0 -2 0 2 0 -9 -2 1 0 2 4 0 0 -2 4 0 4 0 2 -6 4 0 2 -2 4 0
-3 0 2 -2 0 0 4 0 -4 -3 -4 4 0 2 0 4 0 0 4 0 4 1 0 -2 0 0 0 0 0 -4 -4 -2 0 -4 0 0 0 4 0 -2 1 0 0 0 0 0 0 4 2 0 0 0 0 -2 -5 0 0 0 0 1 0 -2 1 0 0 0 0 0 1 9 0 0 2 0 0 0 2 0 -2 4 2 0 0 -2 0 0 -4 0 0 -2 -4 0 4 2 4 0 0 2 4 0 2 0 -1 -1 0 4 0 4 2 0 0 -4 0 0 0 0 4 -2 4 0 0 0 0 4 -3 0 0 2 2 0 0 0 0 2 2 0 -4 -2 0 0 0 6 0 0 0 4 0 0 0 1 0 0 -2 0 -2 2 0 -2 4 -1 0 2 2 4 2 0 -4 2 0 0 -1 4 -2 2 -4 0 0 0 0 0 -2 0 0 1 0 0 8 -2 0 0 0 6 -8 0 -4 2 0 2 0 0 0 0 0 0 -4 0 2 0 4 0 -3 0 -5 2 2 0 2 0 1 -1 0 1 0 -2 0 -2 0 0 0 6 0 0 -2 -2 2 0 -2 2 4 0 0 -2 0 0 2 0 1 0 0 0 -2 2 0 0 0 6 -2 0 0 0 0 0 -4 0 0 2 -2 0 4 -4 -4 0 2 -1 0 1 -4 0 0 -6 0 0 0 0 6 3 -6 3 0 0 0 41 -4 2 0 0 -4 0 4 0 0 -2 4 -2 0 0 0 0 -2 2 2 -2 2 -1 0 4 8 2 0 0 0 4 0 0 -4 0 0 -6 -2 0 0 -3 0 -1 -4 0 0 2 0 2 0 2 -2 -2 -4 10 0 0 0 2 0 0 1 -2 4 3 2 5 1 2
6 0 10 0 0 0 0 1 -8 0 4 0 -4 -4 0 8 0 0 0 2 2 2 -3 0 -2 4 0 0 0 0 4 0 0 1 -4 2 2 2 4 2 2 -4 4 0 0 0 -2 2 0 1 6 0 2 0 4 0 -2 0 4 0 -4 2 -4 10 2 0 0 -6 0 0 4 2 4 0 4 0 -2 0 1 0 0 -4 -2 -6 4 0 -2 -1 -4 -2 0 0 0 4 -2 0 4 4 -4 2 4 0 3 -2 0 6 0 -4 -2 0 -2 -6 0 -2 -3 -4 0 1 -8 1 0 0 0 0 0 2 -2 0 -2 0 -1 4 0 -2 8 0 0 -1 0 0 1 4 0 -2 -4 0 0 0 -4 8 -2 4 -2 -6 4 0 0 6 4 1 6 0 -2 4 0 0 0 -4 2 0 0 0 -6 8 2 4 -3 0 4 -2 2 0 -1 4 0 0 10 -8 0 5 -1 -4 5 0 4 2 4 6 0 -3 6 8 6 0 1 -6 4 0 0 0 1 0 -2 -2 -2 0 2 2 4 -4 -4 2 0 0 4 0 1 0 -2 -8 -1 0 -2 2 -2 4 2 -2 -4 0 0 -3 -4 1 -2 2 4 0 4 -2 2 0 0 4 -4 2 4 0 2 0 -4 4 -6 2 -2 0 0 0 0 0 -3 2 -4 0 -2 4 -4 2 0 0 -6 0 0 4 2 8 4 4 4 0 0 -4 63 -4 0 0 4 0 0 -1 0 0 -6 0 -2 -1 0 6 5 4 2 4 2 4 0 2 0 0 0 -4 0 -6 0 -4 0 -2 0 4 -4 0 0 0 4 -2 5 2 -2 1 0 0 2 -2 4 4 0 16 -1 2 2 4 0 0 -8 -5 -8 -2 3 2 2 -4
0 4 -4 -4 2 7 4 0 -4 -2 2 -4 0 0 0 6 0 -2 0 -2 0 2 0 -4 0 2 4 2 -2 2 -4 0 0 0 4 0 5 0 0 0 2 -2 2 -6 -2 0 0 2 0 0 0 4 2 -2 -4 -2 0 -6 -5 2 4 -2 -3 0 -4 0 -5 0 0 2 0 0 2 2 6 0 -2 -2 -3 6 0 0 -6 6 0 -4 1 -2 0 0 4 0 0 -4 -2 0 -2 4 -4 0 -4 5 4 2 6 -2 0 0 2 2 2 4 0 -4 -6 -4 -4 4 0 4 2 0 0 0 0 4 0 -6 2 4 0 -5 0 0 8 4 5 0 0 -4 0 -2 0 -4 4 4 0 2 6 8 0 6 0 4 0 4 2 -8 0 -4 0 4 -2 1 -1 4 0 0 0 4 0 0 4 2 -2 2 5 5 -2 0 -4 4 0 4 2 2 4 -2 0 -1 5 0 0 -2 -2 0 4 0 -1 -2 2 6 0 2 -4 0 0 4 -6 0 0 -1 0 0 -12 2 6 -4 4 0 0 2 0 14 6 2 -2 -2 4 0 0 0 -5 0 -6 2 0 8 0 2 0 -2 -1 -8 6 0 -2 0 -2 0 -1 -4 -2 0 1 2 -2 4 0 0 -2 4 4 -2 -2 -7 4 -6 0 4 -4 0 2 -6 6 -2 8 0 -2 0 4 6 -4 1 6 2 -8 6 -2 4 -6 2 -4 82 -4 6 -4 0 -2 2 -2 1 0 2 2 0 -2 0 0 -3 0 -4 0 0 0 -2 0 -2 -2 0 0 2 -2 6 3 0 0 -2 -4 0 2 0 -6 2 0 0 0 1 4 1 0 0 3 -2 4 2 0 0 -2 0 -6 4 -8 -4 4 7 2 0 -6 4
-1 1 0 2 -1 0 0 4 -2 1 0 0 2 0 2 0 2 -3 1 2 1 4 4 0 2 6 -1 0 0 -4 2 0 -4 0 0 4 4 -2 0 6 -1 -2 2 4 0 -3 2 0 0 0 -2 6 0 0 0 -2 0 0 1 0 0 -1 0 0 0 0 4 0 -4 0 0 0 -2 0 5 2 0 0 -4 -1 4 0 2 0 0 0 2 -2 1 0 0 0 0 -2 -4 2 0 0 0 2 0 -3 0 -1 4 0 0 0 4 0 0 0 -2 0 4 0 1 2 -3 0 4 -2 -1 0 -2 0 0 4 -2 2 2 -1 -2 0 2 0 0 0 -6 -1 0 -6 -4 2 0 -2 0 0 -2 0 0 0 0 0 0 4 -1 -4 4 0 5 0 -4 -1 0 -6 0 -4 2 -4 -4 0 0 0 -2 0 0 2 0 2 1 -1 0 0 0 4 -6 4 0 0 6 1 0 0 4 -2 0 -2 0 2 2 0 0 2 2 -3 -4 -1 0 -4 4 3 0 -4 1 -1 4 4 0 3 0 0 2 -8 0 -1 0 3 -3 2 0 2 0 0 0 0 1 0 0 4 2 8 4 4 0 0 -1 0 1 0 0 4 0 2 0 2 0 2 -9 0 0 0 0 6 0 4 0 0 -4 -4 -4 -2 5 0 0 0 -1 0 2 2 0 2 -2 5 4 -4 -1 0 0 0 4 0 0 -4 44 -4 -2 4 0 0 0 -2 -8 -2 0 4 2 2 -6 0 -2 3 0 4 7 -2 -2 0 1 0 0 0 0 -8 0 1 0 0 2 2 0 0 5 -1 -4 -2 2 0 0 6 0 4 0 1 0 4 0 2 0 -2 0 1 0 4 -2 -4 1 3 0 0
0 -4 8 0 0 0 0 0 -4 2 2 2 0 4 -2 0 6 0 0 -2 -4 2 1 2 0 -4 0 0 1 -8 4 -2 0 0 2 4 0 0 -4 -4 -2 -4 0 0 2 -10 0 4 0 2 10 4 0 -1 0 -2 0 0 -2 -7 4 0 0 2 0 2 -4 -4 4 0 0 -2 -2 0 4 -3 0 6 0 0 -4 0 -2 -3 -10 4 0 2 0 2 0 2 -1 8 -1 -2 4 -1 -4 3 0 4 2 6 -4 -2 4 0 2 4 4 2 2 4 0 -4 0 3 0 -1 0 0 2 0 -3 2 -2 -4 -2 -8 -3 0 6 -2 0 -6 0 0 2 0 2 1 -8 0 0 0 0 4 0 0 0 1 2 -5 -2 0 0 -4 -2 0 1 0 1 -2 2 0 2 0 2 -1 0 2 4 0 -2 -2 0 1 -1 4 -3 2 0 0 0 0 2 0 0 -2 2 -5 4 -7 0 2 0 -2 -1 0 2 0 -1 -2 -1 0 0 -2 0 6 4 0 0 -2 -4 2 0 -6 0 0 0 -1 0 0 0 0 -4 -1 0 0 0 -3 0 1 0 2 0 5 0 -3 2 0 0 0 0 0 0 0 2 6 -1 5 2 0 2 -6 0 1 1 -2 -4 0 0 -2 0 0 0 2 4 2 0 4 -4 -2 4 -1 -4 -1 -2 0 0 2 0 0 1 0 -4 0 3 0 0 0 0 6 -4 50 0 -2 4 0 0 0 6 4 0 0 0 2 2 0 4 -2 0 4 2 -2 -1 -3 3 0 0 -2 0 0 0 0 -1 -2 1 -2 0 0 -2 0 0 1 0 0 0 2 -3 0 6 -2 0 0 0 0 0 0 -4 2 0 0 4 2 -3 0 -2 0
0 0 4 0 0 0 0 0 5 0 0 0 2 0 4 0 -4 -2 -2 -2 -4 0 0 0 0 2 -2 0 0 0 0 0 0 0 -2 0 -2 0 0 -2 2 0 0 2 0 4 0 1 0 -4 0 0 0 2 1 0 -2 -4 4 0 0 2 0 4 -1 0 0 0 0 2 0 4 0 0 1 2 0 0 0 4 0 0 4 0 2 0 0 1 -2 0 0 0 -2 0 -4 0 0 0 0 0 2 0 0 2 0 -4 0 0 0 0 -2 0 0 2 0 0 -2 0 -2 0 6 0 0 -4 -2 0 0 0 0 0 0 0 0 4 0 -4 -2 0 -4 0 0 0 0 0 0 0 4 0 2 0 0 0 0 0 0 0 0 -1 0 0 -2 0 4 0 0 4 0 -2 0 0 -4 -4 -1 0 4 -1 0 0 0 -4 0 0 0 0 0 0 0 0 0 4 0 0 0 0 -2 0 2 4 0 4 0 0 0 -4 0 -2 0 0 4 0 4 4 2 0 0 0 -8 0 1 0 2 0 -6 0 6 0 2 2 -4 -2 0 4 0 0 0 0 2 -2 0 0 0 2 0 -4 2 0 -4 0 4 4 -2 0 -4 2 0 0 0 -4 0 4 0 -4 0 0 0 0 0 4 -4 0 -4 0 0 2 0 0 4 -2 2 -4 -2 -6 0 0 0 0 0 0 0 0 -1 -4 4 -4 -2 0 35 0 -4 0 0 0 0 0 0 0 0 -4 4 0 5 0 0 4 0 0 -4 0 0 -4 0 0 0 0 -4 -4 0 2 0 0 -2 2 0 -1 0 0 -1 1 0 0 0 -1 0 2 0 0 0 0 0 5 4 0 0 0 -4 0 0 -4 2 0
4 4 0 0 6 0 2 2 -2 0 0 0 -2 -4 2 1 1 2 2 1 0 2 8 7 0 2 6 4 2 -2 1 3 2 -2 4 4 4 0 -2 4 2 2 4 -2 8 0 1 -8 0 1 -2 0 -1 4 0 2 2 0 2 0 -2 0 4 0 0 -2 0 10 0 0 0 0 0 -4 0 4 0 0 2 0 1 -2 0 4 0 0 -4 -3 -4 -4 4 5 1 -4 0 1 0 0 0 0 2 0 0 0 -4 2 0 2 4 -2 2 -2 2 0 0 -4 0 -2 6 0 0 -2 -1 0 0 0 0 0 0 6 2 0 -6 0 -1 -10 -2 4 0 0 4 -2 0 -4 0 -4 6 -4 -4 4 -4 -2 -1 -2 -2 -2 0 2 -2 6 -4 -2 -2 0 0 4 0 2 -2 2 0 1 -2 0 0 -4 0 0 -10 0 0 0 0 4 0 -2 0 -2 5 0 4 0 4 7 0 -2 2 2 -2 -2 0 0 -4 0 2 0 0 2 0 -4 8 0 0 2 0 0 4 -12 0 0 0 2 -4 0 0 -1 -1 3 -3 4 2 -1 4 -4 2 4 0 4 0 6 0 2 4 0 2 -2 0 0 2 -1 0 0 0 2 -4 2 0 2 -2 -4 -5 0 1 0 0 2 0 4 0 0 4 2 4 -2 0 0 -1 2 2 0 -4 0 0 -1 0 0 0 2 0 -1 2 0 0 0 4 -2 0 47 0 2 0 2 2 -1 -3 4 -2 0 0 0 0 -4 0 0 -2 0 4 0 -2 0 2 0 -2 4 6 0 4 0 0 4 2 2 4 0 0 2 -2 0 -4 -4 2 0 0 0 2 0 0 2 -2 -4 4 0 -10 2 -4 3 2 0 0 0
-8 -4 0 -1 -4 2 0 0 0 4 -8 -4 -3 3 0 0 2 -8 0 0 -4 -2 0 0 0 0 -2 0 2 0 0 -4 4 0 -2 0 0 6 0 4 -1 -1 0 0 -2 -4 0 10 -4 4 4 0 -4 1 0 0 0 0 4 2 -2 -2 -2 0 0 0 0 -2 0 -1 0 -6 -4 0 0 -1 2 0 -1 0 -4 0 -3 0 0 0 1 -8 -4 -4 0 4 0 4 4 0 4 -1 2 2 2 -4 2 -4 0 4 4 -2 2 1 -3 4 -1 0 6 0 2 0 0 2 -4 0 0 4 0 0 2 -2 0 -4 4 -4 0 0 -4 0 0 0 2 0 -2 0 -4 0 0 1 2 2 0 0 0 4 -4 0 4 0 -4 2 0 0 2 0 4 2 0 4 0 0 2 2 4 -4 -2 -1 -2 0 4 0 0 0 4 0 0 2 6 -2 0 0 -2 -8 3 0 0 -1 0 0 2 0 0 2 4 2 0 0 0 0 6 0 -3 0 0 0 -2 -4 5 0 0 0 0 2 0 -5 -4 0 0 -2 -1 -2 -1 4 0 -4 2 0 -4 0 0 1 0 0 -1 -2 -2 1 -3 -1 0 0 0 0 -4 0 0 0 0 0 0 1 0 0 -2 0 -2 -2 0 -2 0 2 4 -2 0 -4 0 0 -8 2 -6 0 0 -8 0 -4 0 6 4 0 0 -2 0 -2 2 4 0 -2 0 4 -4 0 50 0 4 0 0 -6 -4 2 -2 6 0 -2 0 0 -1 8 1 4 2 0 4 -3 -2 10 0 0 0 0 4 0 0 -2 0 2 2 1 4 0 -2 4 -2 -1 0 2 0 0 -4 4 0 0 -2 2 -4 -1 0 4 0 -2 0 4 0 2
0 0 2 0 0 -2 0 -2 -2 -2 0 -7 0 0 -4 8 -2 0 0 -1 0 0 -4 8 2 0 0 0 0 2 1 0 4 -1 -1 0 -1 4 0 1 0 0 0 -1 0 0 -2 3 6 -1 0 0 0 4 -2 4 4 2 0 -2 0 0 0 0 0 0 0 2 2 5 0 0 4 0 0 0 -2 4 0 0 0 0 0 -6 0 0 0 0 0 0 2 0 2 0 2 3 5 4 2 0 -2 -2 0 0 0 0 0 1 -2 0 0 0 1 0 2 0 0 3 2 -1 -2 0 0 0 -2 2 0 5 -4 4 0 2 0 6 0 1 0 0 0 2 1 4 0 0 0 0 0 -2 2 2 -2 0 0 2 0 0 0 -3 0 0 -2 0 4 0 0 2 0 0 -5 1 4 5 0 0 4 0 3 0 -1 6 0 0 -2 2 -2 0 2 0 2 4 0 0 0 0 0 0 -2 0 -2 4 4 0 0 -4 1 0 -2 0 0 0 3 -4 -2 0 2 0 -4 -2 4 0 2 -2 4 0 1 0 0 0 -2 -5 0 0 0 2 0 4 0 -5 0 0 4 0 0 0 0 3 -5 -2 4 -5 -1 0 0 0 0 4 2 0 -2 -6 0 -4 0 0 0 -2 1 0 0 4 0 8 -2 0 9 1 0 4 0 -1 -3 0 0 0 0 0 0 0 -2 -1 -2 0 -1 2 0 0 0 2 0 49 4 0 10 1 -1 -2 0 0 -2 -2 2 -2 0 1 2 0 0 4 4 0 0 0 0 -6 0 4 1 0 2 -4 2 0 2 0 0 0 1 -6 2 0 0 0 4 0 2 9 -2 2 4 0 -2 0 0 1 0 1 2 0 2 4
1 0 0 4 -4 0 0 0 0 0 0 -2 0 0 -4 0 0 0 0 0 0 0 -2 0 0 0 -2 0 0 0 0 -5 2 0 -2 0 -4 0 0 -2 0 0 0 0 0 -4 2 4 0 0 0 0 0 0 4 4 0 -6 -2 0 0 -2 0 0 0 0 0 0 0 -4 4 0 0 -2 0 -4 8 0 0 0 0 0 2 3 -2 0 0 0 -4 0 2 0 2 0 4 0 0 0 0 0 0 0 0 1 -2 0 0 -4 -5 0 0 0 0 0 2 0 -5 0 0 0 0 0 0 0 -2 -2 0 0 0 0 0 2 0 -1 0 0 0 0 0 0 0 4 0 0 0 0 0 4 6 -2 0 2 0 0 0 0 0 0 -1 0 0 0 0 0 0 0 -2 -4 0 -2 4 4 0 4 0 0 -2 2 0 0 0 0 0 0 0 0 2 0 0 0 0 0 2 0 0 0 0 0 -1 2 0 0 0 2 0 0 0 0 0 0 -2 0 0 0 4 0 0 0 -2 0 0 0 8 0 2 0 -2 2 0 0 4 0 0 0 0 4 0 4 0 0 0 4 0 0 1 0 2 1 0 0 -4 4 0 0 -1 0 2 0 0 0 0 0 0 4 -1 -5 -2 4 0 -2 4 1 0 0 0 0 0 0 -4 0 2 0 -6 0 2 0 0 0 0 0 -4 0 0 -2 0 0 0 0 4 4 31 -4 1 -3 0 0 0 0 4 -1 0 4 0 0 0 0 -2 2 5 0 0 0 0 0 0 4 2 6 0 0 0 0 0 0 0 2 0 0 0 4 0 0 0 0 -4 0 0 0 2 0 0 0 0 0 -4 -4 1 2 0 0
1 0 -2 0 0 -2 0 0 6 2 -2 4 -2 0 2 2 2 0 -2 -4 1 2 -2 -2 0 0 0 3 0 -2 -1 0 5 0 -2 0 -1 2 0 5 0 0 4 2 0 0 4 2 0 0 -2 -1 0 0 -1 0 5 4 4 0 -1 0 -2 0 0 0 8 -2 0 0 -2 -1 0 0 0 -6 2 0 0 -4 0 1 -4 0 -6 -4 1 2 4 0 1 4 0 0 0 -2 -1 2 0 2 0 0 -2 0 2 -3 0 4 2 -4 1 1 1 2 0 -2 0 0 0 -2 0 0 0 -2 4 -6 0 -2 2 6 0 0 0 0 0 1 4 0 0 0 0 -4 0 0 0 -4 0 0 0 0 0 -2 3 4 4 0 -2 0 1 2 1 -4 0 -2 3 0 2 8 5 4 0 0 -2 4 0 1 4 0 0 0 -4 -1 -1 -2 -4 -4 0 0 0 0 3 0 0 -6 -2 0 0 0 3 -1 -4 2 1 -2 0 0 -4 0 0 0 8 0 2 0 2 -3 3 0 -2 1 4 0 -2 0 0 6 -2 -2 0 4 2 -2 0 0 4 0 -2 2 2 3 0 0 -2 4 0 0 -4 0 -2 -3 0 -2 0 -2 0 0 -6 0 -2 0 4 0 2 -2 0 8 2 0 0 4 0 -1 2 -1 0 -4 0 -1 1 0 1 0 4 -2 0 0 -5 0 0 0 4 -2 0 1 -2 0 0 2 0 0 -4 38 -2 5 2 2 0 2 -4 -1 -8 -1 0 2 2 0 0 -6 0 0 -3 0 0 4 -4 1 2 2 -1 -4 -1 0 0 0 0 -2 0 0 0 0 2 0 -3 2 -2 0 1 -1 0 -4 0 -1 0 0 -2 4 0 -1 -2 1
3 -1 2 -2 0 0 1 -2 4 4 -4 -6 5 2 -1 -5 -2 0 0 -2 0 -4 -10 4 -4 -12 4 0 0 0 0 3 6 0 0 0 0 13 0 0 -2 0 -3 4 3 2 -2 -4 4 0 1 1 2 4 0 0 0 1 2 2 -4 2 0 0 -2 0 0 0 0 0 0 0 0 -1 0 0 4 0 4 0 3 4 2 2 2 2 -4 4 -2 3 5 0 0 2 0 0 2 0 2 4 -2 0 4 2 -6 -6 0 0 -4 2 2 -2 0 0 0 -2 -2 -2 8 0 -6 0 0 0 2 -2 -1 -1 0 -4 0 0 2 -2 4 0 4 0 0 0 4 6 0 0 -4 2 2 0 1 -2 -4 -2 -1 2 -2 -4 1 2 2 4 -2 0 2 0 0 4 -4 0 -4 10 0 4 0 0 5 -4 2 0 -4 0 -1 -3 4 0 0 0 4 1 4 0 2 4 0 0 4 2 2 2 0 2 -2 -4 -6 2 -4 0 0 -6 2 4 -1 -2 0 2 0 0 0 0 -2 -8 4 0 0 0 2 1 0 0 0 -2 0 4 -4 2 0 6 2 0 -2 -8 -1 -4 -4 0 4 -1 -1 1 0 1 0 0 0 0 -2 -1 2 0 -4 -4 -2 0 -2 -4 0 0 1 6 0 0 2 4 0 -2 6 0 -2 0 0 -5 0 -2 -2 0 2 -1 0 0 0 0 0 4 -6 0 -8 6 0 2 0 10 1 -2 62 6 -4 0 0 -4 2 -4 4 0 2 2 -9 0 6 4 -2 -8 -2 3 -1 0 0 0 4 0 4 0 6 1 4 -2 -1 0 0 -2 0 0 -4 0 2 -1 0 -2 2 2 -1 2 -2 -2 -5 0 4 0 4 0 2 4
-1 4 6 0 -1 0 -2 0 4 0 -2 2 0 1 2 -2 1 0 0 2 4 8 2 0 -2 -6 0 6 0 -4 0 -1 2 0 0 4 0 -4 2 7 -2 8 0 0 2 0 0 0 0 0 -4 3 0 -4 -2 0 -2 -1 0 2 1 4 0 0 -8 0 2 -2 0 -2 0 0 3 4 0 0 -1 1 0 0 4 2 0 -4 -1 -4 0 0 0 2 0 4 -2 0 -2 -2 0 1 0 1 -2 2 0 -1 -2 0 2 -2 -2 0 0 0 0 2 -1 4 -1 4 -1 -2 -4 0 2 0 -2 2 1 0 -3 2 0 -4 1 -9 0 0 0 -1 0 2 -4 0 -4 -2 -2 -6 -2 0 0 0 -2 0 0 0 10 1 0 -4 1 -2 0 0 -1 4 0 2 -6 0 6 4 0 0 2 -4 7 0 4 0 0 0 0 0 0 0 -6 2 0 3 -3 0 -2 0 0 0 0 4 0 -2 1 2 5 0 0 0 0 3 -2 -1 -4 0 0 0 0 5 -2 0 0 0 2 3 0 0 0 -2 0 4 3 4 0 -4 0 -1 -4 4 0 -4 0 -6 0 -4 0 2 0 0 0 -1 -4 0 0 0 -4 -8 -2 -2 0 -3 1 1 -4 0 0 0 0 -2 2 0 -1 1 0 0 0 0 6 2 0 0 0 0 0 2 -1 0 0 0 -2 0 6 -4 0 1 -2 -2 0 2 -2 4 0 -1 -6 1 -3 5 6 59 4 0 0 0 0 2 0 -3 0 -4 -4 0 1 4 -2 0 8 3 0 -5 0 0 -1 0 1 -10 0 0 0 0 0 0 -4 -2 6 -1 0 0 1 -2 2 -6 4 0 2 -2 2 0 0 1 0 0 0 -1 2 4
2 0 0 -4 0 -4 0 -2 3 -2 2 1 -2 0 6 3 1 0 0 2 -4 -2 -10 6 0 -2 1 2 -3 -4 3 2 0 0 -3 -4 0 -5 0 -2 0 6 -2 -2 6 -2 4 0 4 2 4 0 -2 -2 -4 0 -2 0 -2 0 0 -4 4 6 4 0 0 6 0 0 0 -4 4 0 0 2 -2 0 0 4 -1 -1 8 0 -4 0 0 0 10 -2 0 -2 0 0 0 1 -3 -4 0 0 6 -1 1 0 -4 6 2 2 -1 2 2 -4 0 -2 0 4 0 -4 -4 0 -4 0 2 -2 0 0 -4 -2 0 -4 0 2 2 -2 6 2 -4 0 0 -1 -6 1 0 -2 4 0 -4 2 0 0 0 -2 4 -3 1 2 2 -7 -2 2 0 0 4 0 0 0 0 1 0 -7 -4 3 -2 -4 1 -4 2 0 -2 -2 6 5 -2 0 0 0 0 -4 -4 2 0 -4 0 0 6 0 2 -4 4 0 6 0 5 4 0 4 2 -4 0 -1 2 4 6 2 0 0 -2 2 3 0 0 0 0 -2 -3 4 0 2 4 0 4 4 4 2 -4 0 2 3 0 2 2 6 0 0 4 0 2 0 2 -1 2 2 0 2 4 2 0 1 0 -4 -1 4 4 -2 0 0 2 -1 0 0 3 0 -2 -2 -4 -2 0 -8 0 -4 2 5 1 0 2 0 4 0 -2 1 2 0 -2 2 0 0 0 -3 -4 -1 0 2 -4 4 59 4 0 4 -1 0 8 0 0 -2 6 2 -1 2 -4 0 -2 -2 -2 4 0 0 0 -4 0 -5 -2 -4 -4 0 2 0 0 0 1 0 0 1 0 0 0 8 5 0 -2 4 -2 2 10 2 -2 1 -4 -4 0 3
-4 0 0 0 2 0 -1 5 0 0 0 -4 -2 2 12 -4 0 2 0 -4 0 0 -1 6 0 0 2 2 0 3 0 0 0 -6 0 0 0 0 4 2 -4 1 0 0 4 0 4 1 -4 4 0 -6 -2 0 0 0 6 6 -2 -2 1 4 0 0 -4 0 2 2 -4 -2 0 0 -2 0 -2 2 0 -4 2 0 0 2 2 2 0 0 -2 -4 0 2 0 0 0 0 4 2 0 0 -1 4 4 0 0 0 -1 -2 4 0 6 4 -2 0 0 0 1 0 0 0 2 -2 0 0 2 0 -2 0 4 -4 2 0 0 0 0 -2 0 -5 0 4 4 6 0 -4 4 0 0 0 -2 0 0 2 4 0 -2 0 0 -4 2 -5 0 10 0 -4 -2 4 0 0 4 -2 0 0 4 0 -2 0 -4 0 4 0 6 0 0 2 0 4 0 3 4 2 0 -2 1 0 0 -2 -4 0 4 0 0 0 -3 2 0 2 0 -4 0 5 2 0 -5 0 -4 5 0 0 0 -1 4 0 0 0 0 2 4 -2 0 -4 -2 1 0 1 -2 0 4 2 0 4 1 0 2 -2 0 4 -5 2 2 4 8 2 0 0 0 0 -2 2 -2 2 0 0 0 4 0 -5 0 1 2 0 4 2 0 0 -2 0 0 0 -2 4 0 0 0 0 0 4 2 0 0 -2 -4 0 0 0 -1 0 4 0 0 4 2 -2 0 2 0 0 4 45 -4 0 0 0 -2 0 0 -2 0 2 0 0 -8 -6 4 0 4 2 0 0 8 0 0 4 4 -4 0 0 0 -4 -1 0 0 -2 4 0 0 4 0 0 0 -2 4 4 0 0 4 1 -4 -5 3 0 4 0
0 0 0 2 -1 0 0 0 -2 0 0 0 0 0 -1 0 0 0 0 0 0 0 0 -4 0 0 2 -2 -4 0 -4 4 0 0 0 4 0 4 0 -2 4 -4 0 0 0 0 0 0 0 -2 -4 0 2 0 0 0 0 -4 0 0 -4 0 0 0 0 0 2 0 0 0 0 0 0 0 0 0 0 0 0 4 0 0 2 1 0 4 -4 0 0 0 0 -4 0 0 0 -2 0 -2 -2 0 -3 0 -2 0 0 0 0 0 4 0 -2 0 0 2 0 0 -2 -1 -4 0 8 4 0 0 0 0 -4 0 -2 -4 0 8 -2 0 0 0 7 -4 0 0 2 0 0 0 0 0 2 0 0 -2 2 0 6 0 2 4 0 0 0 0 2 0 0 4 0 0 0 0 -2 0 2 0 0 0 0 0 -8 1 0 0 -2 0 0 -2 -4 0 0 3 0 0 0 4 0 0 0 4 0 0 0 -2 -4 4 0 0 0 0 -2 0 0 2 0 2 0 0 2 0 0 0 0 0 0 0 0 -2 -1 2 0 0 -2 0 -4 -4 0 0 -2 0 0 0 0 0 0 0 0 2 0 0 -4 0 0 0 0 -2 0 0 0 0 -2 6 0 0 -6 0 0 0 0 -1 -2 0 4 0 0 1 0 -2 0 -1 2 -4 0 0 -4 0 0 0 0 0 0 6 0 2 4 0 0 -2 2 0 0 -2 -2 0 0 0 0 0 0 -4 34 0 0 2 2 4 6 2 0 0 0 0 4 6 -4 0 0 0 0 0 0 0 4 0 -4 0 0 4 4 0 0 0 -1 0 0 0 0 0 0 0 0 0 5 0 0 0 0 0 -4 -4 -2 0 0 0
1 -8 0 0 10 0 -4 0 2 0 0 -6 0 0 -4 0 4 5 0 4 0 -1 0 0 0 0 2 0 0 4 4 2 0 0 0 0 0 2 6 2 -8 2 4 0 0 -6 5 -4 -2 4 6 4 2 0 2 4 0 -2 4 6 -4 4 0 2 0 0 0 0 -4 0 0 0 6 2 4 0 -2 0 0 0 0 0 -2 -4 -4 -6 -4 -4 -1 4 0 0 0 4 0 -1 2 0 4 4 -2 4 -2 -2 2 4 6 0 3 0 6 0 0 -2 6 0 0 0 4 0 0 0 0 2 4 4 0 0 0 0 -4 0 -4 -4 -4 10 0 6 -2 -1 0 4 -2 0 -2 -2 -12 8 0 -2 0 4 -2 -4 -2 3 2 4 0 -4 -2 -4 0 4 -8 2 0 0 2 0 -2 2 0 -6 2 -2 4 -8 -2 0 6 0 0 0 0 8 8 -2 -2 -2 0 -6 4 2 8 -1 -6 0 0 0 0 4 1 4 4 0 -6 -8 0 0 -6 -4 0 -2 2 0 4 2 4 -6 -6 0 2 8 4 0 0 0 0 4 -4 0 2 0 0 -4 6 -4 8 0 0 0 2 4 0 0 0 2 2 -8 4 -2 -4 0 0 2 3 4 -4 0 2 -6 0 0 -4 4 -4 0 0 -1 0 0 8 0 -2 4 -4 2 0 -4 -2 -2 3 4 0 2 -6 8 6 2 -2 0 6 0 2 2 -4 0 6 0 0 2 -4 0 4 0 0 88 2 0 -6 -4 0 0 8 4 0 -2 0 0 2 1 2 2 6 -2 -2 -10 -2 -16 -2 6 2 -1 6 0 4 -2 0 0 4 -2 4 -2 8 2 2 -2 3 2 -10 -2 0 -4 0 5 0 1 -2 0
10 -8 0 0 0 0 0 0 0 -2 -6 -8 -2 -8 0 2 -4 2 0 -2 -2 2 4 0 0 0 0 -1 0 0 6 1 4 1 -2 0 -2 0 0 0 0 -8 4 0 0 4 0 2 0 -4 0 -6 0 0 -3 8 -4 -4 -4 -6 -4 0 -2 3 0 0 4 -2 0 2 4 0 -2 0 1 -2 0 0 0 0 4 0 0 0 -2 -2 -2 2 -2 0 0 -2 -2 0 0 -1 0 0 -8 4 0 -4 2 0 -4 8 0 -4 0 0 -2 0 0 2 -2 0 -4 0 2 0 -5 0 0 0 -2 0 0 6 0 -4 -4 0 -8 -2 -2 -3 -2 -1 0 0 2 1 0 0 0 0 0 0 0 0 -2 6 0 0 0 -2 0 0 3 -2 -10 -2 -2 -4 0 2 -2 -5 -4 0 -2 0 -2 0 4 0 2 2 4 0 0 0 1 1 0 0 0 0 0 -1 0 -2 5 0 -4 0 4 0 -8 0 0 0 0 -4 -4 2 0 -2 8 4 -6 -6 0 -6 0 -1 2 -8 -4 -2 -2 0 0 0 0 0 1 0 0 -10 0 0 0 2 2 0 3 -2 0 4 -2 -4 -3 0 -1 2 -4 2 -2 3 0 8 0 0 0 0 -2 -9 0 0 0 -2 5 0 0 -6 2 -4 0 -3 5 -2 2 -4 0 4 0 0 -1 -2 -1 -3 -8 0 0 0 -2 0 0 0 0 -2 5 0 -6 2 4 0 0 -2 4 -4 2 0 -1 0 0 2 58 7 -4 -2 0 -4 5 0 0 2 -6 2 0 0 0 0 0 0 0 4 -2 -4 2 0 0 2 10 -2 -2 1 0 0 4 -7 0 0 0 -5 -1 0 0 0 4 -4 3 -8 0 -2 -2 4 6 0
1 2 -4 1 -2 -1 -2 2 -4 -2 -2 0 -2 -4 0 5 -2 4 -2 2 -2 2 0 0 0 0 0 0 -2 2 2 5 2 0 -3 6 -5 2 0 0 0 8 2 0 0 0 -2 0 0 0 0 0 0 0 0 4 -1 4 2 -1 0 -4 1 2 4 0 0 2 6 0 0 0 -2 6 0 -2 0 4 0 6 0 0 0 8 0 0 -1 2 2 0 4 0 0 -2 0 0 0 -3 4 -4 -4 -2 4 0 4 -2 -1 0 3 -2 3 0 0 0 -2 -6 -2 0 -2 0 2 0 0 0 0 -2 0 -1 -2 0 0 0 0 -2 0 0 0 0 0 0 4 0 0 0 2 2 0 4 0 4 0 2 -4 -2 -3 2 4 0 0 2 0 -4 -2 3 4 -2 -2 0 -10 0 0 0 0 6 0 -2 -4 0 4 0 -2 -4 -6 0 -2 8 0 1 0 0 -2 2 0 -2 0 0 0 0 1 -2 0 4 0 -2 2 2 4 4 0 0 1 2 -2 2 0 -1 2 0 -2 0 -4 0 0 -4 1 -2 -5 0 0 0 0 0 0 4 0 -4 -2 1 0 -2 0 -6 -2 0 -1 1 0 0 0 6 2 4 0 0 3 -2 2 0 3 0 0 0 0 0 1 -1 0 -8 0 -1 0 -3 0 0 4 2 -2 0 4 0 -2 0 -6 -2 2 0 2 1 4 0 -1 2 4 -3 0 0 0 0 -2 -2 -1 -1 -4 2 0 0 2 0 7 49 -6 0 -1 7 -2 0 0 -2 0 5 0 2 0 -4 2 0 0 0 -1 2 0 0 0 -2 4 -2 -4 3 0 2 -2 0 5 0 -6 4 0 0 0 4 0 1 0 0 0 0 -1 0 3 4
0 2 6 0 1 -4 0 2 10 0 -1 4 0 0 0 12 0 -2 0 2 0 0 -2 0 2 0 -4 6 -4 -2 2 0 1 0 0 4 2 4 0 0 -2 0 0 0 0 4 -2 2 4 -2 2 -4 -8 4 2 -1 2 -4 0 0 0 -2 0 -6 1 4 -1 8 2 4 2 -2 5 0 1 4 0 0 0 0 -4 -2 2 -4 4 -2 0 0 -2 0 -2 0 0 3 0 0 4 -4 0 4 -1 4 8 -2 -5 0 0 -4 -4 4 -4 -2 -4 7 2 0 0 -4 0 2 0 0 -1 0 0 8 0 0 -4 -8 0 0 -1 4 2 2 0 -3 0 0 2 0 0 2 -2 2 0 -2 1 4 0 2 2 0 0 0 0 0 -2 0 -2 0 0 4 -4 4 0 0 4 0 -2 2 3 -6 0 0 -6 0 -1 -6 4 0 0 0 2 -5 1 0 0 4 -4 -2 -2 0 2 -2 0 4 0 0 5 -8 -5 4 0 0 6 0 -2 1 0 13 0 0 0 2 8 0 0 1 0 2 0 0 -4 0 -1 2 0 2 -4 4 0 -2 0 0 1 -6 0 4 4 1 0 0 0 4 -2 0 -1 -6 2 3 -4 2 2 1 -1 2 4 0 1 4 4 0 2 0 2 4 0 2 0 6 6 2 -2 -2 1 -4 0 2 0 0 4 2 0 1 2 0 -4 0 0 2 2 0 -2 4 5 0 0 2 0 -8 4 0 8 -2 2 -6 -4 -6 63 0 2 4 -2 -3 2 0 -4 0 0 4 2 -5 0 2 0 0 2 14 2 -1 0 2 0 2 0 -4 0 0 -2 0 4 -2 0 6 0 0 0 1 0 0 -2 0 -6 -6 2 2 -1 -1
3 6 -2 4 -2 0 0 0 -6 3 3 -2 0 0 1 0 2 -4 0 0 1 2 0 0 1 0 2 0 -2 2 1 1 -2 2 0 -4 0 0 0 0 -2 0 1 0 0 4 0 0 -3 0 -2 0 0 0 -4 -3 0 0 2 0 0 -2 0 0 0 0 2 -4 0 -2 0 0 0 8 1 -2 2 -5 -3 4 6 -3 0 -2 1 1 -2 -2 0 6 0 -4 0 4 2 0 -4 3 0 2 0 0 0 -1 0 -2 -4 0 4 0 1 0 0 0 6 0 0 8 -3 0 -1 2 0 0 0 0 -3 0 2 0 2 0 0 -2 -4 1 6 -4 -4 -4 0 0 4 0 2 -2 0 -4 0 0 2 2 2 1 2 0 2 0 0 0 0 0 0 -2 0 2 -6 -2 4 0 0 -2 -4 0 2 0 0 -2 6 -2 0 0 5 4 4 0 0 0 -4 2 4 1 -2 2 2 0 0 0 4 2 0 0 1 0 4 3 0 0 0 -2 0 3 0 0 6 1 0 8 0 1 0 -2 4 0 0 0 -4 0 -2 -4 4 2 -4 0 -1 4 2 4 -1 0 0 -5 0 0 0 -1 -4 0 11 -1 0 3 0 4 2 2 -4 2 0 0 0 2 0 0 0 0 -2 2 0 -4 0 0 1 0 -2 -2 0 -1 0 2 5 0 0 0 0 0 0 0 0 -2 6 -2 4 -4 3 -2 0 -4 0 -2 4 -1 0 -3 0 0 4 -4 -2 0 0 47 0 0 2 -2 -2 -3 2 0 0 0 0 2 -1 4 -2 2 4 2 0 0 -2 1 0 4 2 1 4 4 4 -2 2 -2 -4 2 -1 1 4 0 5 0 0 -2 -4 0 2 0 0 4
0 0 0 0 0 0 0 -5 -2 0 -2 0 0 0 2 -5 0 4 0 -1 0 0 -2 0 0 0 0 0 0 0 0 2 1 0 0 1 2 2 0 -1 -1 0 0 0 0 0 -1 0 -2 0 -4 0 -4 4 1 0 4 0 0 0 0 0 4 0 0 0 2 0 0 0 0 0 0 0 0 -2 0 0 0 0 0 0 0 0 0 6 -4 0 -1 -1 0 -4 0 2 0 0 0 3 -2 0 2 2 0 0 0 0 0 0 0 2 -1 -1 0 2 0 -2 -2 -3 0 -2 0 0 0 0 6 0 0 0 0 -2 0 0 0 1 0 0 0 0 0 0 0 2 0 0 -2 0 0 -2 0 0 0 2 3 0 0 0 0 0 1 -3 -2 2 0 0 2 0 -2 0 0 0 -2 0 -2 1 0 0 -6 0 0 0 0 0 2 4 -2 2 4 0 0 0 0 6 -4 -2 -4 2 0 -2 0 0 0 0 0 0 -2 0 0 0 0 2 0 2 0 0 -4 0 0 0 0 -2 0 0 0 0 0 0 0 2 0 2 -4 -8 0 -2 0 -1 0 0 -2 0 0 0 -4 0 0 2 0 4 0 0 -1 -2 -2 0 0 -2 -2 4 0 0 0 0 -2 0 -1 -1 0 0 0 0 0 3 0 0 0 0 2 0 0 -2 2 0 -4 0 0 0 -2 -2 0 0 0 2 2 0 0 0 0 0 -1 0 0 0 2 0 0 0 6 0 0 -1 2 0 21 -4 -1 0 2 0 0 1 0 0 0 -2 -2 2 -8 0 -2 0 0 0 0 4 0 0 0 4 0 0 1 0 2 0 0 1 0 0 0 0 1 0 0 4 -4 -4 0 4 0 0
-1 2 8 0 2 -1 1 6 4 -6 -2 -6 4 -2 -3 0 0 0 -4 7 4 -2 6 -1 -8 0 -3 0 -4 -4 0 0 6 1 6 8 -7 2 -10 -2 -3 -4 0 -2 2 -4 3 0 4 0 4 2 -2 0 -4 0 -5 -1 0 0 -8 2 -2 2 0 1 -2 2 0 -5 -5 0 2 6 -4 2 -1 0 3 -2 0 0 0 -3 0 0 2 2 6 2 0 0 0 4 -9 0 2 -8 6 0 -8 -6 -2 -5 1 -6 6 0 0 0 2 0 0 2 -2 -4 0 0 0 4 6 0 0 0 -5 2 0 -5 0 -4 2 1 4 -2 -2 6 8 0 4 0 0 -4 0 0 0 2 0 -2 0 -4 -1 0 5 -2 -2 -2 -8 2 0 -5 4 -6 0 3 -1 0 -2 -1 -2 0 0 0 -6 4 -4 4 0 2 2 0 0 0 0 -2 1 8 0 -2 -1 3 -2 6 2 -4 0 0 0 6 -4 0 2 0 2 -2 2 -4 8 4 8 -1 2 -1 2 -4 2 0 0 0 2 0 0 -9 -8 -1 3 3 -8 -2 0 -4 0 -13 -5 2 0 -2 2 0 0 -1 0 -8 3 0 2 -2 -1 -4 1 -2 0 4 2 0 4 2 -4 0 0 -2 0 -2 0 -3 2 6 -3 -2 3 5 0 5 1 1 7 0 -4 -4 0 -10 -10 0 -2 -4 4 -1 6 -4 0 -2 -1 -1 4 0 4 4 4 0 8 1 0 2 2 -4 -2 -2 2 0 -4 7 4 0 -4 88 0 4 0 -7 0 -1 -2 -2 0 -2 0 -2 4 8 0 5 -2 -4 -1 -3 4 -1 1 0 -4 4 -4 6 5 0 -3 0 -4 0 0 -2 0 0 0 -4 2 0 -1 -1 -8 2
2 6 -4 -1 -4 0 -2 0 2 -2 10 -3 0 0 -7 -3 0 2 0 0 8 4 -7 0 7 4 -1 0 2 0 0 -2 2 0 0 2 0 -4 0 -2 -2 -6 1 0 -1 -1 0 8 -4 0 0 0 2 0 -4 0 8 0 1 -4 0 2 0 -4 4 -4 0 -4 -4 0 -2 0 0 0 4 4 0 -2 -2 -2 3 -2 -4 3 -6 -1 1 0 6 4 0 2 2 2 0 4 -3 -1 0 2 0 0 -1 2 -2 4 4 -4 4 0 3 -4 -4 3 0 2 0 -1 -6 0 -2 0 2 0 -4 0 0 0 0 0 -1 -6 6 4 1 -6 -2 4 0 0 -2 0 0 4 0 2 4 -2 6 0 0 0 0 2 2 -1 -5 0 -2 4 0 0 2 -5 -4 0 -1 1 2 -12 -4 0 0 0 0 0 0 2 0 0 2 -2 0 4 3 -2 0 6 3 2 2 -1 0 2 0 -2 0 -2 -6 4 2 -1 6 4 -4 0 0 0 0 6 4 0 6 -4 2 0 -4 -6 2 0 0 1 0 0 -2 -2 4 4 -2 -4 -2 4 0 2 6 0 4 -4 0 4 0 2 -3 -2 4 0 2 4 -2 -2 0 4 0 4 2 5 -1 0 -8 0 -4 0 0 0 0 -3 -2 -2 -2 2 4 2 -4 -2 -1 -6 -1 0 0 -4 -4 2 0 0 4 0 -4 -2 1 0 0 0 0 0 7 2 0 -2 1 2 0 2 -9 -4 6 0 0 8 5 -2 -2 2 -1 0 73 1 -2 0 0 3 0 -6 4 -1 0 -1 2 0 -2 4 -2 -1 -4 0 4 -2 2 -1 -2 0 5 -3 0 1 -4 -4 2 4 7 0 0 4 -3 0 4 5 -4 0 3 -2
0 -2 -2 -4 0 2 0 2 0 2 -1 0 -4 -4 2 2 -4 0 0 2 5 0 4 6 3 -2 0 2 4 4 -2 -3 0 0 0 4 0 4 4 2 -3 0 4 0 0 -4 7 6 2 0 2 0 -6 -2 -4 0 0 2 0 0 -4 8 -4 -6 0 -4 0 2 -6 0 1 4 0 0 4 -6 0 0 4 2 -2 4 4 -5 -4 4 -4 0 12 -4 0 2 0 4 2 2 0 2 -4 2 2 -4 -6 -2 -8 -4 -2 8 -4 -2 1 -2 -1 0 2 2 0 3 4 0 0 8 2 3 0 0 -4 0 0 0 4 -2 1 0 -6 0 -8 0 -2 4 2 4 -2 0 0 3 0 -2 0 -2 1 1 0 0 0 -4 5 -3 -10 -6 2 0 14 -1 2 0 1 2 0 2 0 2 0 4 -4 4 0 -2 0 0 4 0 0 -4 8 0 4 0 0 -4 -2 6 -2 0 -2 0 0 4 0 -2 4 -1 5 0 -2 -8 -3 0 -4 0 0 0 4 -4 -2 2 -3 4 4 4 -2 0 0 -4 0 0 1 4 -4 0 6 -4 -4 0 -4 0 -4 -4 0 -4 0 -10 -4 0 -1 0 0 0 0 0 -4 0 0 9 -4 0 -2 0 -2 0 -6 -2 -1 -4 0 -2 -1 4 2 0 0 8 4 0 -4 0 -3 -2 0 -2 0 0 8 2 0 2 4 4 0 0 -4 4 2 -2 -2 -2 0 0 4 0 0 0 0 0 2 2 0 4 0 0 -3 -2 0 4 1 72 4 -2 0 -4 2 6 -4 -4 -2 -2 -4 0 0 -2 -4 -13 -4 0 0 0 0 2 0 0 2 0 2 -1 2 4 0 2 -8 2 6 0 0 -2 -2 0 0 -8 1 4
0 4 4 -2 0 0 2 0 -6 0 -4 4 0 0 0 0 4 -4 0 2 0 0 -4 2 0 1 0 0 0 0 0 0 0 -4 0 0 -1 2 0 0 -2 -4 0 0 0 0 2 4 4 0 0 0 -2 4 0 0 4 -4 0 0 -2 1 4 0 0 0 0 -2 2 -4 0 -4 0 0 0 4 -1 0 0 -4 0 1 0 4 0 0 -4 -8 6 0 -4 0 0 2 1 0 0 0 0 1 2 -2 0 0 0 -2 -2 0 1 0 0 0 0 0 -1 0 0 -2 2 0 -4 4 0 4 0 -4 0 0 0 0 1 0 2 2 0 0 0 0 2 0 -1 0 -1 -5 0 0 2 -4 -4 0 -4 0 0 0 -1 0 4 0 2 5 4 0 0 -2 4 0 -8 0 0 4 2 0 0 0 0 0 0 0 2 -2 0 0 0 0 0 2 4 0 0 0 -2 4 -4 0 0 0 0 0 0 -4 0 0 1 0 -4 1 0 0 0 0 0 2 0 0 -2 0 2 -4 0 0 0 0 0 -4 1 0 0 -3 0 0 -1 0 0 0 0 0 2 -3 0 -2 0 0 0 0 2 0 0 0 0 0 -2 2 4 0 0 0 0 0 0 -4 0 0 -2 2 0 0 0 3 2 -4 -2 4 2 0 0 -1 -1 0 0 -4 0 3 0 0 4 2 0 0 -1 0 0 8 0 0 -2 -1 -4 4 2 0 -2 0 6 1 -1 0 0 0 0 0 2 -2 2 0 -2 4 33 0 2 -4 0 4 0 -4 0 0 0 -1 2 0 2 0 0 0 2 0 -4 0 1 0 0 0 -2 0 2 0 -4 0 0 -8 0 0 0 0 0 6 2 0 1 4
-3 4 1 0 0 0 3 -1 2 1 2 7 0 0 5 0 -2 -1 4 3 -2 -2 -12 0 2 -6 2 0 -1 -3 0 5 4 -2 -2 -2 0 -6 -4 -1 0 2 0 -6 -2 -2 0 0 4 -2 0 2 1 0 0 4 9 -10 2 -1 0 0 1 1 -2 -6 2 0 -1 4 0 -8 1 -2 0 1 5 2 -3 6 2 0 4 -2 -2 2 0 -1 0 4 -2 0 5 0 1 2 0 4 0 -2 -2 -8 -5 0 0 0 0 4 -2 0 -2 -10 0 1 -3 6 0 0 -2 0 2 0 2 2 2 -1 2 0 -2 2 0 4 -2 5 -2 2 8 0 0 4 -2 1 0 0 -2 -4 0 0 0 0 -3 3 0 -3 -2 4 0 -2 0 0 -4 1 0 6 6 -1 0 -8 -2 0 0 10 0 -4 4 5 -1 -1 -1 -4 2 0 -4 -3 2 -4 0 2 2 -3 1 0 3 2 2 4 0 0 0 2 0 -2 1 4 -6 3 2 -2 8 0 -4 2 -1 -4 -4 -4 -1 2 2 0 -2 3 2 4 0 -2 -2 2 2 4 -2 4 2 0 -4 -4 0 2 0 0 6 -3 -2 -2 0 0 0 6 1 0 0 4 -2 0 -1 -2 4 -3 -2 -2 0 1 0 0 0 0 -1 -2 -2 2 3 0 0 -5 -8 4 6 -1 0 4 0 -4 -4 -4 -4 1 -2 1 -6 0 0 2 0 -2 0 -3 0 0 0 4 2 -6 4 4 2 0 0 -2 2 -2 0 -3 0 -7 0 -2 0 75 0 0 0 -1 0 0 1 2 2 0 3 2 0 2 0 -3 4 -1 2 3 0 2 6 0 2 0 2 -2 0 2 0 10 -1 -4 2 1 -2 -2 0 -1 1 -4
-2 -1 4 4 0 0 0 0 -2 2 -2 2 0 0 -4 -4 4 -6 -1 -4 0 2 -2 -4 -2 0 -3 0 0 -2 0 0 0 0 0 0 -6 -1 1 -2 4 0 -2 0 0 0 0 4 -2 -2 4 0 2 -1 0 -5 0 -4 5 4 -1 -4 2 0 4 0 0 -1 0 2 0 0 0 -3 2 0 0 4 2 1 0 -2 0 2 -1 2 4 -5 -2 -6 0 0 0 8 0 -2 2 4 0 -2 0 -4 0 0 -2 -4 -2 4 0 0 0 8 4 0 0 0 1 6 -9 0 0 0 2 0 1 0 -4 -3 0 4 0 -2 2 0 4 0 -2 -4 4 0 2 0 0 1 0 -1 3 0 0 -2 -4 0 2 -2 2 4 0 0 -4 4 3 4 0 0 0 0 0 0 -2 0 0 0 1 -2 2 0 0 1 2 -2 4 0 0 -4 0 -4 0 0 0 4 0 2 0 0 0 0 -1 -2 4 0 0 0 0 -2 2 0 -2 0 0 -4 -1 1 0 -6 2 0 0 4 -4 2 -2 0 0 0 2 0 -6 10 0 -2 0 -4 1 2 -4 4 0 0 0 0 0 0 0 0 -1 -1 -6 -3 -2 4 -4 0 0 0 2 2 2 4 -1 0 2 -4 0 0 0 0 0 2 0 0 0 0 2 5 2 0 1 0 -2 -1 0 2 2 0 3 0 0 4 4 0 2 0 0 -2 1 3 0 -2 4 4 5 0 -2 -2 -4 -8 4 0 -6 0 -4 2 0 0 0 0 2 0 49 3 -4 2 -4 0 1 0 -2 4 0 -4 1 0 1 -2 -1 0 0 0 0 0 0 1 2 2 0 4 0 0 0 0 0 0 0 0 -1 0 -2 2 -2 0
4 8 -4 1 0 0 0 0 0 -4 0 -2 0 0 -2 4 0 6 0 2 0 0 0 -1 -2 0 0 -4 -2 0 0 2 0 1 0 0 -2 3 0 0 4 -4 0 -4 0 0 0 0 4 -2 -4 0 2 0 0 0 2 -5 -6 1 2 4 2 4 0 0 -4 9 0 0 0 4 0 0 0 -3 0 0 2 4 0 -4 0 0 0 0 -2 3 0 0 0 -8 0 -2 -8 -2 -4 1 0 1 0 0 0 0 0 4 0 0 -6 -2 0 0 0 0 4 0 -8 0 -2 0 0 -4 2 0 0 0 0 0 0 -4 0 0 2 0 -10 0 0 4 0 2 0 2 1 4 0 0 1 6 6 -4 -4 0 0 -4 -2 -4 0 4 4 0 -2 4 0 0 0 2 0 0 2 -4 0 0 6 -4 0 0 -2 2 4 0 2 -8 -6 0 -4 -4 -4 0 0 -8 0 0 0 0 0 4 -4 -4 4 0 -4 4 -4 0 0 -4 0 4 0 0 0 0 0 -8 0 0 0 0 -4 0 0 -8 0 -1 -10 1 0 0 0 4 4 -8 -1 1 0 -6 0 -4 0 0 -4 2 2 0 1 0 -4 -8 -6 0 0 0 4 0 -8 -2 2 -2 8 0 0 -2 8 -2 0 0 0 0 -6 0 6 2 1 0 -2 0 0 0 8 0 0 2 0 0 0 -4 0 2 4 0 0 0 -4 0 0 0 -4 0 -3 0 0 0 -8 0 0 -6 6 0 2 5 0 0 1 -1 3 -4 -4 0 3 60 -2 -4 0 0 -2 4 -4 0 2 0 -4 0 0 0 0 4 2 2 -4 0 0 -2 0 -4 0 4 -2 0 -2 0 -4 0 0 0 2 0 -4 0 0 0
0 0 0 -2 0 0 0 4 -4 0 0 0 0 0 0 0 -3 2 0 0 0 4 0 4 1 0 0 1 3 4 2 0 -2 -2 -4 0 0 -2 0 -2 -4 2 0 -4 0 0 0 0 -4 2 0 -6 -2 -4 -3 2 0 0 -2 0 4 -2 0 0 0 2 0 0 0 -4 2 0 4 4 0 4 -4 2 2 0 2 -2 0 0 -4 0 0 0 0 0 1 0 0 0 0 2 0 0 -2 8 2 2 -1 0 0 1 -2 0 0 -4 2 0 2 -2 4 0 0 0 4 0 0 0 4 0 -2 0 6 4 -1 -4 -4 -2 0 0 0 -4 -2 5 0 0 0 -4 0 -2 0 -2 0 0 -2 0 0 4 -5 0 4 -4 4 2 -2 -2 1 0 0 2 6 0 0 0 2 -4 0 2 0 0 0 4 4 -4 -4 0 4 4 2 6 -3 0 0 0 4 -4 2 0 0 4 2 0 -2 0 0 1 0 0 2 2 -2 0 0 0 0 0 1 0 0 0 4 2 6 1 2 -4 2 4 0 0 0 2 0 4 0 0 0 -4 2 0 4 6 2 0 -1 -2 2 0 0 4 -1 0 0 0 10 -2 4 0 0 0 0 -3 2 0 -2 0 0 0 0 -2 0 8 0 -4 0 4 0 0 -2 0 4 0 -2 4 4 2 -2 0 0 0 0 0 5 -8 -2 -2 1 0 0 0 0 0 0 2 -2 0 0 -3 -2 8 -2 4 -4 2 0 0 0 0 0 -2 0 2 0 0 -4 -2 44 2 0 0 2 4 4 -4 0 0 0 0 0 0 0 2 0 0 8 0 0 1 0 0 0 0 -2 -2 -4 0 4 0 0 0 0 0 4 0 2 0
-3 2 -2 0 0 0 1 0 -1 8 -5 2 2 4 0 0 0 0 0 0 -7 -4 0 1 0 2 -2 -4 0 0 -6 4 2 0 0 2 0 -4 0 0 0 2 4 0 0 2 2 4 0 -4 0 -4 -2 2 0 1 -1 4 2 0 0 0 -2 -2 0 0 4 4 0 5 0 0 3 2 -4 -2 0 0 0 0 2 4 0 0 -2 -2 0 0 -4 -4 0 2 -2 -4 1 0 0 0 4 0 -1 -4 -4 2 -4 -4 0 0 2 0 0 0 -2 2 0 4 0 0 4 2 -1 2 0 2 0 1 5 -4 -3 0 0 -4 -2 -8 -2 0 4 -6 2 0 -4 -4 0 -1 0 -1 0 2 0 4 -2 4 -2 0 8 -2 2 -2 0 -4 2 0 4 -1 8 4 0 0 3 8 0 -4 2 -4 -2 -4 2 2 0 0 4 0 0 0 10 0 0 2 0 0 2 -2 0 -1 0 2 4 2 0 0 3 0 0 0 4 -2 0 2 -2 0 4 2 -2 2 4 0 -2 -4 -2 2 -3 2 0 -2 2 0 0 -2 -2 4 -2 0 2 -2 -4 -2 0 2 0 10 0 -2 -1 -1 -2 -2 0 0 0 -2 -4 -2 2 0 2 0 0 0 0 2 4 -2 -4 0 -2 -2 0 2 5 0 -6 2 8 -3 -4 0 0 -2 0 0 2 -2 0 2 0 0 0 -2 0 -4 0 4 -6 2 0 -2 0 0 10 0 0 0 3 3 -2 0 0 1 0 2 4 0 0 -2 -6 6 4 -1 2 -4 2 54 0 -5 0 0 4 -4 -4 -2 6 1 -2 0 -4 0 -2 0 5 0 0 4 -1 0 0 4 0 0 -10 2 0 0 -2 -4 -2 -4 6 0 -1 2
-4 0 0 0 -3 0 0 -4 0 0 0 -2 4 0 -2 2 -4 0 0 0 0 0 0 0 0 0 0 -1 0 2 -2 0 2 8 0 0 -1 -3 0 0 0 1 0 0 1 4 0 0 -3 0 0 2 0 0 -2 0 6 3 1 0 0 2 0 -4 -4 0 1 0 0 0 2 -4 0 3 0 0 0 -4 -4 1 2 0 0 2 -2 2 0 2 0 3 0 0 0 0 0 -2 1 2 0 0 0 0 0 4 7 0 2 0 -1 1 -6 0 0 -5 0 0 0 0 4 -2 -2 0 0 0 2 0 4 0 0 0 0 0 -2 0 0 0 4 -4 0 0 -3 0 2 0 -2 -2 2 0 -1 -2 -1 4 1 -2 4 2 -2 -2 8 0 1 0 2 0 0 0 0 1 -4 -4 -1 -2 4 0 2 0 0 0 4 0 0 0 0 4 0 0 -2 6 0 0 0 -2 1 0 -2 -4 -6 4 1 0 2 0 -2 0 0 -1 -1 0 1 1 -2 0 0 0 0 0 0 2 0 0 2 0 0 0 0 0 8 -4 0 2 -2 9 0 0 4 0 0 0 0 0 0 2 0 0 -2 0 0 4 -2 -2 0 0 -2 -4 -2 2 -3 0 0 0 -2 0 -6 -2 0 -2 -1 0 4 -2 0 4 2 4 0 -2 0 0 -2 0 0 0 0 0 0 0 0 0 0 0 4 0 0 -2 0 0 0 -2 0 0 0 0 -1 0 -2 4 0 2 0 0 2 0 0 0 4 -4 0 0 -4 0 0 0 32 0 0 0 0 0 0 -2 6 2 3 -1 0 0 0 0 -2 -6 2 0 -1 0 -4 4 0 4 3 0 1 0 0 -6 0 0 0 0 0 -2
0 0 -1 -2 0 -1 0 0 2 2 1 -2 4 0 -2 -8 -2 -2 0 2 -1 -4 5 4 0 -10 0 4 -2 2 -2 2 6 2 0 -6 0 0 1 0 2 -2 0 4 0 0 4 -2 0 0 3 0 -2 -2 0 1 4 0 -1 0 0 2 0 -4 0 2 -4 -2 0 2 0 2 -4 -2 -3 -4 -1 2 5 -4 1 -4 -4 5 2 0 -1 1 -4 6 2 4 2 -3 2 -1 -3 6 -2 0 -1 6 -4 0 0 0 2 4 0 -4 1 1 2 1 -2 4 0 0 0 0 1 0 1 0 4 0 -2 0 8 6 -2 0 -6 -6 -1 0 -5 7 -3 0 -4 0 4 2 4 2 4 -2 0 0 3 -4 2 0 -7 2 4 6 -4 3 2 -4 1 -2 1 4 4 2 0 0 0 0 -2 -2 0 2 3 -1 2 -2 0 0 0 2 -4 0 0 0 4 -8 2 0 2 -3 5 -4 0 2 -4 -2 -4 1 2 3 1 0 4 2 2 0 3 -1 0 8 -4 0 3 4 0 4 2 4 -8 8 0 3 0 -2 0 0 0 2 3 0 0 0 -1 4 4 8 0 -2 0 -2 0 -4 -1 0 -1 -2 0 0 0 2 0 1 5 0 10 -6 0 0 4 0 2 5 2 -4 4 6 0 -2 0 -4 3 4 -1 0 0 1 2 0 1 2 2 -1 -6 0 0 -2 6 0 -4 6 -8 0 0 4 0 -6 0 4 0 -5 4 2 0 2 0 -4 -5 2 -2 -2 -1 -4 -4 0 0 0 0 -5 0 55 -1 0 0 -7 7 0 0 0 -4 -2 0 1 2 2 3 0 -2 0 -1 0 6 5 0 2 2 0 2 2 0 -4 8 -2 -2 -4 -2 -7
0 0 0 4 2 2 3 -1 -10 0 4 0 2 0 -2 0 1 2 2 -1 1 -2 0 -2 -2 -2 2 -4 0 2 3 4 0 0 -1 0 6 -4 0 -4 2 2 0 -2 0 2 0 0 0 0 0 0 0 3 0 -2 0 -1 2 7 0 -2 2 1 0 0 -1 4 0 0 -2 0 0 2 0 5 0 0 -1 0 0 -1 0 7 1 4 2 -1 0 -1 0 2 0 2 0 2 2 -1 0 0 0 0 0 0 2 0 0 0 2 0 -1 0 0 -1 -2 0 2 2 -1 1 0 2 0 0 1 3 0 0 1 -2 0 2 -3 -10 2 5 0 -2 0 0 0 0 0 -5 0 -4 0 -4 -4 1 2 -5 0 0 4 0 2 0 -2 4 -2 0 -6 0 0 -1 2 0 2 -2 2 0 0 0 0 -1 6 2 -3 3 0 -1 1 0 3 4 -4 2 -4 0 0 -4 4 4 -2 0 -2 2 -1 0 0 2 3 0 0 2 0 0 0 0 4 1 0 0 -2 1 7 -4 0 1 -4 0 0 0 -1 2 -2 4 4 4 -1 0 -4 4 0 0 0 0 3 -3 2 -3 0 0 2 0 -2 0 0 1 3 -2 -4 0 0 -1 2 8 0 0 0 8 0 2 0 0 0 -2 2 2 -1 0 -2 -2 0 0 0 -1 -3 4 -3 1 4 0 1 0 0 2 0 0 0 -4 0 3 0 0 -4 6 0 0 0 -4 0 0 0 0 0 6 0 2 0 -1 -2 0 0 -2 0 1 1 -2 2 0 0 -1 38 5 0 -3 0 -2 1 -2 0 4 4 2 4 0 0 2 0 -1 2 2 0 -2 1 -5 0 -6 0 -1 0 2 0 1 0 0 0 0
0 -8 -8 0 0 6 2 0 2 0 0 0 0 0 0 -2 1 0 0 5 -4 -2 4 -2 -4 0 5 -2 2 0 4 0 0 -2 0 0 2 6 0 -4 -1 6 2 0 0 1 -2 0 0 2 0 4 4 0 6 -2 2 -4 -4 0 0 4 2 -2 2 6 -4 0 2 0 -2 0 0 0 0 -2 6 6 2 0 -2 0 -3 0 1 3 0 0 0 0 0 4 0 0 -4 0 -2 -4 2 6 0 1 2 0 4 4 0 0 0 6 4 1 -4 0 -4 2 2 10 -4 2 -7 0 0 0 0 -6 0 0 3 -4 0 0 0 0 0 2 -6 -2 0 0 4 0 0 0 0 0 0 1 0 0 0 2 0 3 2 0 1 -1 0 0 2 -2 0 -1 2 0 -1 2 -8 0 0 2 0 0 4 1 2 0 -2 -4 4 3 0 -1 0 0 -4 0 1 0 4 -2 0 -4 0 0 -3 0 -2 2 4 0 0 0 2 0 0 -2 4 0 0 0 0 0 2 0 0 -2 0 6 0 8 4 0 -6 0 2 4 -2 7 2 4 2 0 0 0 0 0 0 3 6 0 6 0 0 0 -8 2 2 0 4 0 4 0 2 0 4 0 2 0 0 8 2 -2 -10 0 -2 0 0 0 4 0 1 2 4 -1 7 -1 -1 0 2 4 0 4 0 -4 2 0 0 -2 4 0 -2 0 1 0 -4 0 0 4 4 1 0 0 0 0 0 -2 0 0 2 4 2 -2 -1 -2 0 2 0 4 4 0 0 0 5 61 0 0 4 0 0 0 0 4 0 -5 4 -6 0 -4 0 -2 0 -2 0 -2 0 -2 6 0 2 -1 0 0 -2 0 2 2 0 -1
-4 6 -2 0 -4 -8 0 0 2 0 -4 4 0 -2 -2 2 -2 0 0 -4 -4 0 -6 0 0 0 -2 0 2 2 0 -4 1 0 -1 4 0 -2 0 0 -8 -4 0 0 -1 0 11 2 -4 2 0 0 8 -8 4 1 0 -1 8 0 -2 1 0 -2 0 0 0 0 -2 0 0 0 0 -4 -2 4 4 0 4 1 0 2 -4 0 4 0 4 0 -2 -4 1 8 3 -2 0 0 0 0 6 1 0 -7 -2 0 -2 0 4 -2 -2 -4 0 0 0 -4 0 -2 0 -2 -8 2 0 -2 1 0 -1 0 0 5 0 0 2 2 -4 2 0 4 0 0 -2 -6 0 0 0 0 -4 2 -3 0 -3 0 4 -6 0 0 4 0 2 2 -4 10 0 -2 -2 0 -2 0 0 0 0 -2 2 2 2 0 1 2 -2 -1 -4 0 0 0 0 4 2 0 6 0 4 0 0 5 0 0 8 0 0 0 -2 0 -6 -2 2 2 -1 0 0 0 0 2 4 -2 0 1 8 0 8 -4 6 0 4 0 -2 2 0 0 -3 0 0 4 -6 16 6 1 0 -2 0 0 0 0 1 8 0 0 2 0 0 4 4 2 0 0 0 0 2 0 0 0 2 0 4 4 4 -4 4 0 2 -2 0 -2 2 -4 2 0 4 0 -2 5 0 3 4 0 8 0 4 6 0 0 -4 -3 2 0 0 0 0 -1 0 4 4 1 2 2 4 -1 0 8 0 -2 0 0 0 -2 -8 4 2 -4 0 2 -2 -4 4 4 0 0 0 0 65 0 0 4 0 4 2 0 0 -3 -1 0 4 -4 0 2 0 0 5 -4 2 0 6 0 10 0 -4 -1 0 -1 0 8 0 -2
0 2 0 4 0 0 0 8 10 -4 0 -2 4 -8 0 -2 0 -2 0 -4 1 0 2 -2 0 6 -4 0 0 -4 -4 0 0 0 -1 0 -4 4 -2 2 4 -4 0 0 0 2 0 0 0 0 -4 0 2 2 0 0 0 0 -2 0 0 0 0 1 0 0 0 2 0 0 0 -4 -2 -4 4 0 5 0 0 0 2 4 -4 1 2 0 2 2 0 -1 0 0 -2 0 -4 3 -2 0 -4 -4 0 0 1 0 0 0 -2 1 6 0 2 -4 0 0 3 0 0 0 0 0 0 0 -2 4 0 0 0 0 -1 0 0 -2 -1 2 2 2 4 -3 4 0 2 0 2 1 0 0 0 -2 0 0 2 0 0 0 -3 0 -8 -2 0 -3 0 0 -1 0 0 0 0 0 0 0 2 0 0 2 4 0 0 0 0 3 0 0 -2 -1 -1 4 0 1 0 0 0 0 0 -6 0 -2 0 0 0 0 0 0 -6 0 0 0 0 0 0 0 -2 -5 0 -2 0 -2 -4 -2 2 5 0 0 0 -4 1 -2 0 6 0 -6 -1 -1 -4 2 0 4 0 0 2 0 2 2 0 0 -2 0 0 2 0 2 0 2 0 0 -6 -1 -2 0 0 8 4 4 4 0 4 0 -2 3 0 -2 1 0 0 0 0 0 1 -4 -4 1 -6 2 0 -4 -4 0 4 -4 0 -2 -4 -6 4 -2 0 -2 2 0 0 0 6 2 0 0 -4 0 0 -10 4 0 0 2 0 8 0 0 -1 0 4 0 -4 -4 0 -7 -3 0 0 45 1 0 3 0 -2 -2 4 -4 -2 -4 2 4 0 -2 1 6 -6 -4 6 2 -4 0 0 0 -4 -2 -2 -6 -2 0 0 0
0 0 0 0 0 0 0 0 4 -4 0 -4 4 0 0 -5 -1 0 0 0 0 0 6 0 0 0 0 8 0 0 -2 0 0 0 0 0 -2 0 -2 0 -2 0 -6 4 0 -2 2 0 2 -4 4 0 0 0 0 0 1 -2 0 5 -4 0 1 -2 0 0 1 4 0 0 0 -2 -4 0 4 -4 0 0 0 0 0 2 0 1 -4 0 0 0 2 2 0 0 -4 0 2 0 3 0 0 2 -1 2 0 0 0 0 2 0 2 0 4 -3 4 0 0 2 0 2 -2 0 0 0 4 0 4 -4 0 0 -1 0 2 0 1 1 0 0 -4 1 -2 0 4 -1 2 0 4 0 0 0 4 -2 0 0 2 -4 0 0 -2 0 0 0 0 0 -3 0 0 0 0 0 0 0 0 3 -4 -2 0 -1 0 2 4 0 0 0 -5 1 -4 -2 -2 0 0 -2 -5 0 1 0 0 -4 0 0 0 0 0 0 -2 0 1 0 0 2 -2 0 0 0 0 -2 2 2 0 0 2 4 0 0 0 0 0 0 0 -2 -2 0 0 0 -4 2 0 0 0 -6 2 1 0 6 4 0 4 4 -4 0 0 -2 0 0 0 -4 -4 -3 5 0 0 -6 0 0 -4 4 2 0 0 0 0 0 0 2 0 0 -4 0 0 0 0 1 0 -2 0 2 -2 0 -2 0 -2 0 4 -2 -4 -4 2 1 0 0 0 2 0 -1 4 1 0 0 4 -2 -2 -1 2 4 -2 0 -2 0 2 3 0 2 0 -4 0 7 0 4 0 1 42 -4 1 0 0 -1 -4 0 0 0 0 0 -6 0 1 0 -4 -4 0 0 4 0 0 0 0 0 2 4 2 0 0 4
2 0 -4 0 1 -1 1 -4 4 2 -1 5 -2 0 2 0 2 0 0 -2 4 0 0 4 0 6 -1 2 0 4 2 0 0 0 8 0 2 2 0 2 0 -1 0 0 0 2 -2 2 6 -10 0 -4 -7 2 4 -2 -1 -4 5 -1 4 -2 0 -3 2 -4 0 1 4 6 0 0 -4 0 -2 8 -2 0 0 0 -2 -3 4 4 12 4 8 0 -4 -2 0 2 2 0 2 2 -2 -8 -1 0 2 0 0 -2 -4 -4 -2 0 2 0 -2 0 -6 4 0 -4 -1 -4 -2 0 4 0 -5 1 0 6 4 0 4 -4 0 2 0 4 2 -3 6 8 2 3 2 0 0 2 4 11 2 -2 0 2 3 0 -2 -1 -8 -4 -2 0 0 6 0 2 -4 -1 -4 -4 0 0 -2 0 0 0 4 -4 -2 0 -4 2 0 -2 3 -3 0 4 0 -10 -4 -2 4 0 2 4 0 6 -2 0 4 1 0 0 0 -5 0 4 -4 0 9 3 0 -6 -2 11 -4 0 -8 2 6 1 0 1 0 1 0 6 -4 -2 -6 2 2 -2 -3 -1 0 -2 4 0 -3 0 -2 2 0 0 0 -2 0 0 3 0 9 0 0 5 2 0 0 0 2 2 2 0 1 4 5 0 0 0 0 0 0 0 0 0 4 4 -2 0 -2 4 0 -1 -4 2 -5 -2 0 0 3 0 2 0 0 0 0 0 2 -2 0 4 -2 -4 0 -4 0 -10 -5 4 0 -16 -4 2 14 2 0 5 4 -2 0 2 -4 0 0 -2 -2 0 -2 0 4 0 -4 73 0 1 2 0 -2 0 -2 0 -2 1 4 -2 0 0 0 0 -1 2 6 -1 10 0 0 0 4 -5 4 8 -2 -3
0 -2 0 0 0 0 0 0 0 -2 -2 0 4 -2 0 2 2 -3 0 0 3 0 -4 4 0 0 -2 2 -2 0 -2 -4 4 -2 -1 0 0 -4 0 4 -2 -4 0 -2 0 8 0 -4 -2 0 6 -4 -2 0 -2 0 2 4 2 3 -1 4 0 1 0 2 0 2 0 1 0 -2 0 -5 0 0 -2 0 -4 -6 0 0 0 0 0 0 0 -1 3 3 4 0 -2 -4 0 -2 1 0 -2 0 0 0 6 4 6 0 8 0 0 2 -4 -5 0 2 0 0 0 2 3 0 -4 -2 1 0 0 0 4 -2 0 2 0 -4 -6 -4 -4 0 4 -2 2 -2 0 0 8 1 2 -1 0 0 0 4 -2 4 -4 0 0 -5 4 -4 4 -2 0 0 0 -1 4 5 0 0 -4 2 2 -2 6 0 0 -4 2 0 6 3 -2 -4 0 0 1 0 0 0 6 0 5 -4 -10 0 4 0 -4 2 0 -2 0 -4 -2 0 -2 0 -2 0 -2 0 2 0 -2 0 -6 0 -4 0 0 3 -2 0 0 0 1 2 -2 0 0 0 -5 0 0 0 0 4 0 0 4 -1 2 -2 -2 2 0 0 0 8 7 -2 0 0 0 -5 -2 0 0 0 0 2 2 1 -2 0 0 -2 0 0 0 -2 3 0 0 -4 -2 0 1 0 0 -1 0 2 -1 -2 0 4 -2 0 0 1 -2 0 0 2 0 0 -2 2 0 2 0 -1 6 0 -2 4 -4 -2 2 0 2 0 0 -2 -2 -4 2 0 1 -4 0 6 6 0 1 0 0 3 1 0 44 0 4 0 0 0 0 0 0 0 -2 0 2 0 0 0 4 0 -2 -2 -2 0 -4 0 3 0 2 0 0 0
1 0 0 0 0 0 0 -2 0 0 5 0 2 0 -2 3 0 -4 -1 0 -6 0 -4 -2 0 -2 -1 0 0 0 0 1 0 0 0 -4 -4 -4 -2 -2 0 4 5 1 -2 0 0 2 0 4 0 2 4 1 4 -4 0 0 2 -2 0 0 0 2 0 0 0 2 8 -2 0 -4 0 2 -2 0 3 0 -2 0 0 0 -4 0 4 0 0 0 -6 0 0 0 0 0 -2 0 0 0 2 0 2 0 0 0 -2 0 0 0 -4 0 6 0 0 -2 4 2 1 6 -2 0 3 -4 -2 2 1 0 0 0 0 -4 0 0 0 -1 0 -2 0 0 0 -4 0 0 0 0 0 0 -4 0 0 -1 -1 0 0 0 0 0 0 0 0 2 0 0 -2 0 0 0 -2 0 0 0 -2 0 -4 -4 4 -4 0 0 0 0 0 0 0 0 -2 -1 0 0 1 4 4 0 0 0 3 0 -3 -4 0 0 -2 2 0 2 0 8 4 -2 2 0 -2 -1 -1 0 0 0 0 2 0 2 -1 0 1 4 0 0 1 0 0 0 -2 0 4 -2 0 0 0 -2 0 0 0 6 -1 2 -3 0 -2 0 -3 -2 -1 0 2 0 -2 0 2 -2 -2 0 -2 -2 -2 1 0 0 0 2 -2 0 0 0 0 1 0 0 2 4 1 2 0 -6 0 6 4 0 -2 0 0 0 0 -3 0 0 0 0 2 2 2 0 0 0 1 0 -4 -4 0 6 0 0 -1 0 0 -4 -1 -13 0 2 0 0 0 1 2 0 -2 0 4 0 0 1 0 33 -1 -5 4 0 0 -1 -4 2 -2 2 0 0 0 0 0 0 3 0 0 -1 -3 -2 0 0 1 2 0 2
2 -1 0 0 -7 4 0 0 4 -5 -2 -4 -4 0 4 0 -3 0 -4 2 -2 2 -2 4 0 0 -1 0 2 4 2 0 0 -2 0 -2 2 -5 1 0 0 -1 0 0 -2 -2 0 -8 0 2 8 0 1 4 -4 0 0 -4 -5 -2 0 0 2 -2 -4 0 4 0 0 2 0 0 0 0 -2 0 -3 -2 -4 0 -4 -2 -2 0 0 6 0 0 -2 -4 4 0 -2 -2 -4 0 4 -4 4 4 0 -3 2 -9 0 2 4 -2 -4 -4 -6 0 -2 1 -4 0 -2 -2 0 5 0 0 0 2 0 0 -1 4 -2 1 -4 4 0 -4 0 -1 0 -6 0 -1 -2 2 -4 4 -4 -2 4 4 -1 4 -3 -4 0 2 0 2 2 6 4 0 0 0 2 2 0 0 0 0 -2 2 -6 2 -3 0 0 0 0 -6 0 -4 -8 0 0 0 -4 -2 -4 8 5 2 2 -2 0 0 4 0 0 2 0 2 -8 0 10 0 4 -5 4 -5 4 -4 2 0 0 -2 -2 0 2 0 0 0 0 0 0 -8 -2 -4 0 0 -2 4 0 -7 1 0 2 6 -4 4 0 4 -2 4 2 -4 1 -2 1 -4 1 0 4 0 -2 0 -6 0 0 0 -1 0 -2 4 0 -4 0 2 0 0 6 -4 4 0 -4 0 -4 -4 -2 4 -6 -3 1 6 0 -2 2 -2 -3 0 0 0 0 0 4 -6 5 -2 0 4 2 2 0 0 4 0 -4 0 0 2 0 0 0 -2 0 -1 -4 -4 0 0 1 0 0 -2 3 -4 0 0 2 -2 0 2 4 -1 59 2 0 0 2 2 -2 0 0 -1 0 -4 0 -4 0 2 3 0 -4 -4 -4 4 -4 0 2 0 -4 0
4 -4 0 0 0 2 0 0 1 -4 0 0 -6 1 -2 0 1 0 0 2 1 -4 0 0 0 2 2 0 0 0 0 3 0 4 0 0 2 0 4 0 0 0 0 0 0 0 1 2 -2 0 1 2 0 0 0 3 0 0 0 -4 0 -2 -1 0 0 0 2 2 2 4 -2 0 0 3 3 0 -4 0 0 -2 0 0 0 -1 0 3 -2 -1 0 0 0 0 0 6 1 0 0 0 0 0 1 0 0 0 0 6 0 0 -1 0 -4 0 0 2 0 0 -4 -4 1 0 1 0 0 1 -2 0 0 7 4 0 4 0 0 3 0 -2 4 0 0 0 0 -2 0 0 4 0 2 0 0 0 6 0 3 0 6 0 0 1 0 0 -2 0 0 0 -2 6 0 0 2 0 1 -2 4 -2 -1 0 -6 0 -2 0 0 0 1 3 0 -2 0 2 4 0 0 3 -4 0 0 0 2 -2 -2 0 2 0 0 0 -5 2 -2 0 0 4 4 1 1 0 0 0 4 -2 -2 -1 2 -1 0 0 0 2 -1 0 -4 0 -5 4 -2 -2 -2 6 0 -4 0 0 0 -2 3 1 0 0 0 2 1 0 0 -2 0 0 2 1 -2 2 0 2 0 4 0 0 0 -4 -4 0 0 0 -4 0 -1 0 -1 4 2 0 -4 0 2 -2 0 0 0 0 0 0 0 4 1 -1 -2 2 -1 0 -1 0 1 0 0 0 -2 0 0 0 4 -1 2 -2 2 1 4 -3 0 0 0 -3 -2 0 0 0 -1 -2 4 4 0 -2 -1 0 0 -5 2 34 4 1 1 0 -2 0 0 -4 -2 0 0 0 -4 0 0 -4 -2 0 0 6 -4 -4 0 -1 -2 0
2 -6 0 0 2 4 -6 0 4 0 0 2 0 -2 1 0 0 -4 0 2 0 0 0 -2 -8 2 0 0 0 0 2 4 4 0 0 0 -2 -10 1 2 0 -4 0 0 0 0 -2 4 -1 8 4 0 14 0 0 0 2 -4 4 -6 -2 0 0 0 4 0 0 2 3 0 -2 8 -2 8 -8 4 -2 0 -2 0 0 0 -2 0 8 -4 0 3 3 0 0 -4 0 0 0 0 0 0 -6 0 0 -2 4 0 4 -8 3 1 0 0 0 0 0 2 0 2 -4 -3 2 -4 4 0 0 0 0 -1 0 -3 -2 -4 -1 0 -2 -1 0 0 4 0 8 0 1 0 0 0 2 0 0 0 2 -2 0 4 2 0 6 0 4 0 2 0 1 -3 0 0 0 2 0 0 -4 0 4 0 4 0 4 0 1 0 -2 0 -4 -8 2 0 0 0 0 -2 4 0 0 -2 7 2 0 2 0 0 0 1 -4 2 2 2 -2 2 2 -10 4 0 9 0 4 -8 0 0 -6 0 -2 0 -2 0 0 4 -8 0 0 -4 4 -8 -4 -4 0 2 -2 2 0 0 0 0 -4 -2 0 0 -2 1 -4 2 4 0 0 4 2 0 11 0 2 -4 0 -1 -4 2 2 -4 -2 0 -12 -6 0 1 5 4 0 -6 2 0 0 0 2 -4 -5 -2 0 4 4 0 3 0 2 2 0 -4 5 0 -4 0 0 0 4 0 0 0 -1 0 2 0 4 6 10 4 0 0 0 4 4 0 2 4 -1 0 0 -4 0 0 4 0 0 4 -4 -2 0 4 0 4 64 0 0 1 0 0 0 -2 0 0 -4 -2 -1 4 0 0 -2 0 0 0 0 -4 -2 -2 4 -4
0 0 5 4 0 0 -4 4 -4 0 0 0 0 0 -2 0 1 0 0 -4 0 0 0 4 0 -2 2 0 1 6 2 4 5 0 1 2 1 -2 0 0 6 4 0 0 4 2 -7 -6 0 0 -2 0 0 4 2 -1 0 0 -2 4 2 -2 0 0 0 -2 4 0 0 0 0 0 -4 4 0 2 -4 -2 2 0 -3 -4 0 -1 0 2 2 0 0 0 0 0 1 0 4 0 -4 6 0 10 0 9 0 0 0 0 2 0 -2 0 -2 -4 0 -1 1 0 0 0 -1 0 1 0 0 0 5 6 0 1 0 0 0 2 0 0 -1 0 2 2 0 0 -4 0 0 0 0 -4 2 0 1 2 -4 -1 1 -2 0 0 6 -4 0 0 0 4 0 -2 -4 0 0 -1 6 0 1 0 -4 0 2 -2 -1 0 0 0 -4 0 2 2 0 -4 -7 0 2 -4 -4 0 0 4 0 0 1 -2 8 2 0 0 1 0 -6 -2 0 0 0 -2 -2 0 0 -4 0 2 2 -10 -4 0 -2 0 2 2 0 0 -1 0 0 1 4 2 -4 -2 0 -4 0 0 -2 -6 -2 0 0 0 2 0 0 -6 0 -2 0 0 0 2 0 1 0 1 4 -2 -2 0 0 0 4 4 2 4 0 0 0 0 5 0 -1 -1 1 0 4 0 -1 0 2 -4 0 0 0 0 8 0 -2 0 2 0 -2 1 0 2 0 0 2 -2 0 0 0 -4 0 0 -2 -2 2 4 0 -1 -2 0 0 -1 0 4 2 0 0 1 2 -5 -3 -4 0 0 0 0 0 1 0 39 0 2 -2 0 0 -2 0 0 0 0 -2 -4 2 -2 0 0 -2 1 -2 2 0 -1 0 0
2 -8 4 6 -2 0 -1 0 -1 0 4 -2 -2 0 0 0 0 2 0 1 0 2 -10 0 0 0 2 0 0 0 0 0 -2 0 0 -4 0 -2 -2 0 4 -5 2 2 0 0 0 -4 0 0 0 0 7 4 2 0 0 4 0 4 0 0 -4 -2 -4 -2 0 0 2 0 0 0 0 -4 0 0 0 0 -9 0 0 0 -2 0 0 0 0 9 4 4 0 -4 0 4 0 0 0 0 -4 -5 0 0 -2 1 1 4 0 0 -4 0 0 0 -4 0 0 0 0 0 -4 0 0 0 0 0 0 0 0 0 2 0 0 0 0 0 0 -1 -2 0 -4 0 0 0 0 4 0 -2 -2 0 0 0 12 4 0 4 0 0 -2 6 0 2 0 0 -4 -4 0 0 0 0 2 -2 0 2 -4 0 -1 0 0 0 1 -2 0 0 4 -2 -2 -1 -4 0 -7 -1 4 0 0 0 0 0 0 0 -2 0 1 0 -4 2 0 -2 2 -4 2 0 -4 0 0 -1 0 2 0 2 0 0 4 -4 -2 0 0 0 1 2 0 2 0 -4 0 0 0 4 -2 -2 4 0 0 -4 1 -2 3 0 0 0 0 -2 0 -2 -4 0 0 0 4 4 0 0 0 0 0 4 -4 0 0 0 -1 0 0 1 0 0 0 0 6 2 2 -3 1 10 6 0 -4 -8 -2 -2 0 1 0 0 -2 0 2 0 -1 -2 -2 1 0 0 0 -4 0 -1 0 4 -2 -4 0 2 0 1 2 0 -4 2 0 2 0 -2 0 2 4 4 -1 -2 0 -2 0 0 2 1 0 0 42 4 2 -4 0 0 0 0 0 0 2 -4 0 -2 -2 1 0 -2 -4 4 -4 1 0 0
0 4 0 0 -2 0 0 -8 0 8 6 -4 0 0 2 2 0 0 0 -2 0 0 0 0 2 0 0 0 0 -3 0 -3 4 0 0 2 0 -4 -2 0 0 -2 2 0 0 0 0 -3 -4 -1 -2 0 0 1 0 0 6 0 3 -1 -2 0 4 0 -2 0 -1 1 -1 4 0 2 0 0 0 -2 1 -4 -1 0 0 2 0 0 0 0 0 -3 2 5 0 0 -2 0 4 -1 0 2 -1 -6 2 -1 -1 2 -2 0 -1 4 0 -3 0 0 0 0 0 2 0 1 0 -2 0 0 -2 -2 8 0 0 0 0 0 0 1 1 -1 0 0 -2 0 -6 0 2 -2 0 0 0 2 0 0 0 2 0 0 0 -1 2 2 0 -2 2 2 0 0 -2 2 2 0 0 0 1 -1 0 2 -8 0 2 -3 0 1 2 0 1 0 -3 4 0 0 -2 -2 -2 -4 0 -1 -3 0 -4 0 2 0 0 4 -4 2 0 -2 3 2 4 2 6 -4 3 0 0 1 -1 0 -3 -4 -2 -4 1 -4 -2 0 0 0 -2 0 0 0 0 2 4 0 -2 0 -6 4 0 -2 -8 -6 -4 -3 1 0 2 -2 -4 2 1 0 2 0 -1 -2 3 0 4 -5 0 -2 0 0 0 0 0 0 -2 -2 -2 -2 2 0 -4 -6 2 -2 2 -4 0 0 0 0 0 0 -1 -4 2 2 2 2 1 1 0 0 1 0 4 -6 0 0 -2 -2 0 0 0 -2 1 3 -4 1 4 0 -1 2 0 3 0 2 0 0 0 2 0 -6 0 -4 0 0 0 -1 2 0 1 2 4 39 0 0 -2 -3 2 0 4 2 0 0 0 0 0 -4 0 4 0 0 0 0 -4 0
8 2 0 4 5 0 0 -2 0 6 -1 -4 -2 4 1 2 -2 -2 0 0 0 6 -4 0 0 4 0 0 2 0 0 -4 2 0 -4 2 6 -4 4 0 3 2 -2 2 4 -2 -4 0 -6 0 0 0 0 2 0 2 0 0 0 0 0 6 0 0 2 0 -2 -8 -4 0 0 4 4 2 4 0 0 0 -9 0 4 4 0 1 0 0 -4 0 6 0 -2 -4 0 4 0 2 0 0 0 0 -2 3 0 2 1 2 2 0 1 -4 -4 0 0 0 2 4 -4 -4 -6 0 0 0 -1 -4 2 0 -4 -2 1 0 0 0 -1 0 2 0 -4 0 -2 0 -4 0 0 -2 0 2 -6 -2 0 0 0 0 -2 0 -1 2 0 -4 0 -2 0 0 0 6 0 4 -2 0 0 4 0 0 0 0 4 1 4 -1 0 0 0 0 4 -4 0 -4 4 -7 -8 2 4 1 0 0 -4 1 0 4 0 2 -4 0 0 0 0 0 0 4 4 6 0 2 0 2 4 0 4 -2 2 0 -2 -2 -2 8 1 -1 0 0 8 0 0 -4 0 8 -2 0 0 4 0 -1 0 0 0 0 -4 -4 2 4 6 0 -2 0 0 0 6 -2 0 0 0 0 2 0 0 1 0 5 -4 0 0 5 0 8 2 0 4 3 0 0 0 -4 0 3 -2 1 0 0 2 -4 0 -3 0 0 0 4 0 0 0 -4 -2 2 0 0 0 6 1 0 -1 0 0 0 0 4 0 -4 -2 0 1 0 0 -4 8 5 -2 3 0 0 4 2 0 -2 0 -4 -2 -2 0 -2 2 0 58 0 0 -4 4 0 0 4 4 2 1 2 4 -2 6 -8 4 4 2 2 4 8
0 6 0 0 -9 -1 1 4 0 0 2 0 0 -3 0 2 4 0 2 4 -2 4 2 0 4 0 0 0 0 -4 0 -4 0 0 0 -4 4 6 -2 0 0 0 4 0 -6 2 2 0 -2 0 0 6 0 -2 2 -4 -1 -4 -6 0 0 2 0 4 6 0 0 0 -2 -4 4 -2 -8 4 0 -4 4 6 -1 -1 2 0 3 0 2 0 1 -2 0 2 4 -1 0 0 4 0 0 0 0 0 -2 0 0 0 2 -1 2 2 0 -1 0 -2 0 0 0 2 -3 2 -5 -2 2 2 -3 4 0 0 2 4 0 0 0 2 2 0 0 0 6 0 -2 0 0 0 0 2 2 2 -4 0 -4 0 2 0 0 2 -2 1 0 -4 4 -2 4 0 0 -2 0 0 0 0 4 4 -2 -2 2 0 2 0 0 4 6 0 0 0 4 0 0 6 4 0 0 0 0 0 2 -1 0 0 -2 5 0 0 0 0 4 0 2 0 0 0 4 0 -2 0 0 1 0 0 0 2 0 2 -5 0 4 0 0 0 -2 4 0 0 4 -4 -4 0 4 0 0 2 0 0 4 6 0 0 1 0 0 0 0 10 -2 4 0 0 4 0 2 -1 0 4 4 0 0 2 6 2 4 0 2 0 0 0 0 0 0 2 -2 0 0 2 0 0 0 2 6 4 -6 0 0 0 -9 2 0 1 6 2 0 -4 -1 0 4 0 0 -1 0 -2 0 0 0 2 0 4 0 4 0 0 0 2 0 0 0 0 -6 0 2 -4 -4 4 0 1 0 2 0 0 0 0 -4 0 0 53 0 4 4 4 0 0 0 2 0 -2 -4 0 6 0 -2 -2 0 2 2 0
-2 -4 0 0 4 4 0 0 -2 0 -2 -5 4 8 4 2 4 0 4 2 10 0 -2 -6 2 0 2 0 0 0 0 0 2 0 0 0 0 0 0 0 -2 0 4 0 0 0 -1 0 -4 2 -2 0 -8 0 0 4 2 0 -1 0 0 0 -2 0 0 -6 4 -4 0 0 2 4 0 0 0 0 0 0 0 0 2 0 0 4 0 -2 0 0 0 -1 0 4 0 4 0 0 0 5 0 0 0 -4 -4 -4 0 0 2 0 8 0 2 1 0 0 0 0 10 6 0 0 -4 0 -4 0 0 0 0 2 4 0 -1 0 -6 4 0 -4 0 0 0 0 0 0 0 0 -2 0 2 -4 0 0 0 0 -1 0 0 0 0 0 0 0 0 0 -1 0 0 0 4 2 0 4 0 4 -4 1 0 0 -2 4 0 -2 1 0 2 0 4 0 2 2 4 8 6 -1 4 3 -4 2 0 0 4 0 0 0 4 -4 0 -2 -4 0 2 0 -2 0 0 -2 0 -6 0 0 4 -2 0 2 -2 0 0 0 -2 0 2 2 2 5 0 -1 0 0 4 0 -4 4 0 -8 3 0 -2 0 0 -4 0 6 0 -2 -4 0 -2 4 -1 0 0 0 0 2 -6 0 3 4 0 2 0 -6 4 1 0 0 0 2 2 0 0 0 -4 0 4 4 0 0 4 2 2 0 -2 0 2 0 0 -3 0 2 0 0 0 2 -4 0 0 4 0 4 4 -2 -2 4 1 -4 5 2 0 6 0 0 0 0 2 -2 0 0 0 0 -6 4 -2 -2 0 0 0 0 0 -2 0 0 51 0 2 0 0 0 2 0 0 0 0 -2 0 0 4 0 0 0 2 0
-8 -4 0 -4 -2 0 -1 2 -2 -4 -8 -1 4 2 -1 -2 0 -2 0 3 -2 0 0 0 -4 -5 -3 1 0 -4 -2 0 0 4 0 0 -10 0 1 -1 -1 0 -2 0 0 0 0 -1 4 0 0 4 0 0 -1 1 0 4 0 -1 0 -2 0 -1 2 0 1 0 0 0 0 -2 -1 2 -4 4 4 0 0 0 1 0 0 1 0 0 -2 4 -2 -4 0 2 0 -2 0 1 -2 0 -2 4 0 -2 -1 4 -2 -4 0 4 0 0 2 -2 2 -1 1 0 2 2 0 1 4 -2 0 2 0 -2 -1 0 0 0 -1 0 4 -2 2 0 -2 0 0 0 0 -1 0 0 2 0 0 0 -3 -1 -2 2 0 -2 2 0 1 0 4 0 3 1 2 -2 5 0 -2 1 0 0 0 0 1 0 0 0 0 2 0 0 -2 0 0 0 3 4 1 -2 0 0 0 4 -2 0 0 1 0 0 -1 -5 0 0 0 0 0 2 0 -1 0 -2 1 -3 0 -1 0 0 -4 2 0 0 0 1 0 -2 -2 0 0 0 -2 0 -4 0 1 -1 6 0 -2 2 0 0 2 2 4 2 2 4 -2 1 -2 0 0 0 0 0 0 1 -2 5 0 0 0 0 -3 0 1 1 4 0 0 -2 0 0 -2 0 0 4 -2 -2 0 2 2 0 0 0 -4 0 0 0 -1 -2 1 2 -2 0 4 0 -1 0 2 0 0 0 0 0 1 0 0 -2 -7 0 0 -2 0 6 -3 0 0 0 1 -2 1 4 0 0 -1 -2 2 -2 0 -2 0 2 -1 -4 -2 -2 0 -3 -4 4 0 26 0 0 0 0 1 0 2 0 0 0 0 -2 0 0 1 0 -2 0
0 1 4 2 0 0 0 -8 -1 -2 0 -4 -2 0 -3 -2 0 0 -2 0 2 6 6 0 0 0 1 0 0 0 0 0 0 -1 0 5 2 -2 8 -2 -3 -1 4 0 4 0 -4 -4 0 0 5 0 0 -2 0 -4 2 -4 -2 0 -4 1 4 0 0 -2 -2 0 2 -1 0 -2 -4 0 4 1 2 0 0 1 -1 2 -2 -2 0 0 1 -2 -2 0 0 0 -3 8 -2 -2 0 -2 0 2 2 4 2 0 -2 -2 1 0 0 0 0 -2 0 4 -2 -2 0 2 0 0 4 -2 4 -4 5 4 4 1 -1 -4 0 0 1 -2 4 0 -2 -1 0 0 0 6 0 4 0 0 0 0 1 2 0 0 2 0 -4 0 -3 0 0 2 0 0 -1 3 -1 0 4 0 -6 0 -2 0 -4 0 4 0 -2 2 -2 -1 0 0 0 4 0 0 6 1 0 2 0 0 -6 -4 -2 2 4 4 0 4 0 0 0 0 -1 0 4 0 -5 0 0 0 -2 0 -2 2 -2 0 6 -4 -2 0 0 3 0 -2 0 0 0 1 2 -2 1 0 0 2 0 0 -2 0 0 0 -2 0 2 0 0 0 2 3 -2 4 -2 -2 7 -4 0 0 0 0 1 1 2 2 2 -1 0 -4 -1 2 -4 6 2 -4 2 4 -4 0 0 1 0 6 0 -2 0 0 0 2 0 0 0 -2 4 3 0 6 0 0 0 4 0 -3 2 1 0 0 0 4 0 5 4 2 2 5 0 2 -2 2 2 0 0 -1 -1 -1 2 0 0 1 1 0 2 0 0 -2 0 0 0 2 4 4 2 0 38 1 2 0 0 2 0 4 -1 0 0 2 -2 0 0 0 4 0
0 0 4 0 0 0 0 4 0 4 -1 2 -2 -3 -7 0 2 -1 0 -4 0 0 0 1 -1 0 0 0 2 0 -2 0 4 -4 0 0 2 4 2 0 4 -2 0 0 0 0 4 0 0 0 -3 -2 2 0 4 0 -2 0 8 2 -1 -1 0 4 0 0 0 0 0 0 0 0 0 0 -2 2 -1 -4 0 0 0 0 0 -1 4 0 0 0 0 -2 0 -2 0 0 0 2 0 4 0 0 4 0 0 2 0 0 0 0 0 0 0 0 0 -4 0 0 0 -1 -4 -2 0 0 0 2 0 4 0 -2 2 0 0 -1 2 0 0 -4 4 -2 0 0 0 -2 0 0 0 0 0 0 0 0 0 0 -1 0 0 2 0 0 0 8 0 0 0 -3 0 0 -1 -2 0 -2 0 0 -3 0 0 4 6 0 4 0 1 -4 0 0 0 0 0 0 0 -2 0 0 -2 -2 0 0 0 0 0 0 0 2 -2 0 0 0 0 -1 -1 2 -4 0 0 0 0 0 2 0 0 2 0 0 -2 -1 4 -2 0 4 -2 -8 0 0 1 0 0 0 1 4 -2 2 1 0 0 2 0 0 -3 2 6 1 0 0 -4 -4 0 2 2 0 -2 0 4 1 0 2 0 0 0 0 -2 2 -4 0 0 0 4 0 0 -2 -2 2 1 0 0 -1 2 0 0 0 0 -1 2 -2 4 -2 1 -2 2 0 0 0 0 2 -1 -2 0 4 0 -2 0 0 -2 -2 0 0 1 -1 0 0 2 -4 0 0 0 0 2 -2 0 6 0 0 0 0 -4 0 0 0 0 0 0 4 0 0 1 31 2 0 0 2 -2 -2 0 -1 6 0 0 -2 0 -1 8 0
0 0 0 -2 0 -4 2 4 0 4 0 1 0 0 0 4 0 0 0 -4 0 -6 -4 6 2 0 4 0 0 0 6 0 2 -8 2 -2 6 0 2 0 -6 0 6 3 -1 0 10 -5 0 0 -6 4 -4 0 6 1 2 0 -1 0 0 9 0 0 -4 0 -4 -4 -4 -1 0 8 6 0 2 4 -6 0 -4 -4 0 4 1 -2 4 0 0 2 -2 0 0 4 2 8 4 -1 0 4 0 2 0 0 -4 -4 0 0 0 0 0 -4 -6 0 0 0 2 0 -4 0 0 4 0 0 1 -4 -2 10 0 0 4 4 0 4 -8 0 2 0 -6 2 -4 -4 0 -6 2 0 0 6 0 -2 -8 0 0 2 0 -2 -9 0 -2 2 -4 2 0 -2 6 0 -4 0 -4 8 4 -4 0 2 0 -8 0 2 -6 0 -6 -1 0 4 0 0 -4 6 -1 0 -4 0 -1 0 0 4 0 0 0 0 0 -4 0 0 -2 2 -2 0 -6 -2 -2 0 4 -4 -8 1 0 2 4 4 0 0 0 0 0 4 -1 0 0 -2 0 -3 0 4 6 1 -4 -2 0 -2 -4 0 1 -6 0 -2 0 0 -1 -2 0 -4 0 -4 0 4 0 -2 4 0 2 -6 0 0 4 0 0 4 -2 2 0 -2 0 -4 0 -4 -5 0 -2 0 0 2 4 0 -4 0 0 2 4 0 0 -2 4 -4 0 4 0 0 0 2 -4 2 -4 -2 0 2 0 0 0 8 0 -6 0 -4 0 -3 -4 2 2 2 0 0 0 0 -4 6 0 0 5 -6 -4 0 0 0 0 0 -4 0 0 4 0 0 0 0 2 2 61 1 0 -6 0 0 0 0 0 4 0 0 2 0 -2 0
4 0 1 -1 0 -4 0 -2 0 4 0 -5 -4 0 2 12 0 -2 0 4 -4 1 0 2 0 -2 0 0 0 -4 3 3 0 4 0 0 3 2 4 0 -1 0 2 -1 0 0 -2 9 2 0 6 -2 -2 6 -1 0 8 5 -2 0 0 0 -2 6 0 -2 2 2 -4 0 4 0 3 3 3 2 -4 0 -4 0 1 -8 0 -2 2 0 -2 0 0 0 0 0 8 0 -1 -1 0 2 -2 -2 0 -4 0 0 2 6 -3 2 1 0 2 0 2 0 1 -2 0 0 0 0 -3 0 0 -2 2 5 0 3 4 0 2 -6 -4 1 2 2 0 -4 -4 0 0 -2 0 0 5 2 0 0 0 4 0 6 0 -6 0 0 8 0 1 0 1 0 9 2 0 2 -2 -1 2 0 -4 -2 -2 0 3 2 2 0 4 0 10 0 -4 1 4 0 6 -8 2 4 2 -2 2 0 6 2 0 -2 8 -2 4 8 2 0 -2 0 0 0 4 0 0 0 0 0 0 0 2 0 0 -4 -2 0 0 0 -2 0 0 4 0 -2 2 2 0 0 -4 2 2 0 0 0 0 0 -1 0 -4 0 -1 0 0 -3 -3 4 0 2 0 0 1 0 2 0 0 0 0 0 2 -2 2 2 4 2 -2 4 2 0 -5 -4 1 0 4 -6 -2 0 0 0 10 4 0 0 0 0 0 10 16 2 4 0 0 0 4 9 0 0 -2 -6 8 0 0 2 -5 4 6 2 1 0 -4 4 0 -2 4 4 0 4 4 5 -2 -2 -4 -4 -4 0 0 0 -4 0 -2 0 0 2 4 0 0 0 0 0 1 69 -2 4 0 3 0 4 -1 0 6 0 4 -2 -2 2
-2 0 0 0 4 0 0 4 2 4 0 -1 0 0 -1 4 0 0 0 -8 4 0 4 0 4 0 0 0 0 -2 -3 0 0 0 0 0 2 0 0 0 0 6 0 -7 0 0 0 0 -4 0 0 0 0 0 0 -4 -8 0 3 6 0 0 0 0 0 0 0 0 -4 0 4 -4 0 -2 0 0 8 0 6 0 -2 1 0 0 0 2 0 2 0 2 0 2 0 0 0 1 0 0 1 -2 0 0 0 0 2 0 -4 0 4 2 1 -4 0 2 0 0 0 0 4 0 -4 -2 0 0 0 2 0 -8 0 0 -1 0 0 0 2 -1 0 4 0 0 1 -1 0 2 -2 -1 0 -2 0 -4 4 0 0 0 0 2 4 0 0 -4 -4 0 0 0 0 0 0 1 2 0 0 0 0 2 0 0 -1 0 0 2 0 -4 -5 -2 2 0 0 0 -10 0 0 -2 4 -2 0 0 0 1 4 1 0 0 -1 0 0 0 0 0 0 0 0 -6 0 4 -4 -1 -1 -2 0 0 2 0 0 2 0 0 0 0 4 2 0 0 0 0 0 0 0 6 3 -2 2 0 -2 0 2 0 0 0 -2 5 0 -5 -2 0 -4 -2 0 3 0 0 -2 2 -1 0 4 4 2 0 0 -3 6 2 0 0 2 0 0 2 -2 0 1 0 2 0 -2 0 0 0 0 0 0 0 -1 0 0 0 0 0 0 -2 0 1 2 4 5 0 0 2 -1 0 0 -1 0 -4 2 0 -4 0 0 -2 -2 0 0 0 1 0 2 6 0 -1 4 0 0 -4 -1 -2 2 0 4 0 2 1 0 0 0 -2 33 -1 -2 -1 0 0 -4 0 0 0 0 0 2 0
2 2 -4 4 0 -4 4 -2 0 0 0 0 0 -4 -4 -2 4 -6 0 4 0 -3 2 3 -4 0 0 0 0 -2 -5 0 2 6 0 0 -4 2 2 0 2 0 -3 -2 0 -4 -1 0 -2 0 2 4 2 0 -4 0 2 0 0 -4 -2 0 0 0 0 0 0 0 -1 0 0 2 2 2 6 0 2 4 -6 4 -1 3 0 -2 -2 -4 0 -1 -4 -4 4 -4 -1 -4 0 2 0 -2 0 -6 -1 -8 -4 3 0 -4 -2 0 0 2 1 -2 0 0 0 0 0 0 0 0 0 0 -4 0 0 0 2 0 0 -2 0 -2 0 0 1 -1 5 -2 -4 0 0 2 8 0 0 2 0 0 0 4 0 0 0 -4 2 6 -2 0 0 0 8 2 4 -4 -4 4 0 -2 6 -2 2 -1 5 0 4 4 0 -4 4 0 2 -6 1 -2 8 0 2 -4 10 -1 6 -4 2 -10 8 4 0 0 0 2 0 2 1 8 0 4 0 -4 0 4 2 0 6 0 -1 -1 -3 0 2 0 -1 -1 -4 0 -2 -2 0 -3 -3 -6 0 5 0 0 0 0 2 -2 -5 -2 -4 -4 0 -2 0 -4 2 0 2 -1 0 2 4 0 2 -4 -4 -4 -6 0 0 0 -4 0 -2 -2 -6 0 4 0 4 0 2 4 2 2 -9 -4 -2 8 3 -6 4 2 0 2 -1 2 0 1 -2 0 2 0 2 0 0 2 0 2 0 -1 2 0 0 -2 0 -2 0 0 0 1 0 0 4 2 0 2 0 0 -2 0 4 2 -5 -2 0 2 0 2 0 0 2 0 4 -4 -4 0 2 2 0 0 2 2 -6 4 -1 67 0 2 0 2 -4 -6 2 5 -6 -2 -3 2
0 0 0 0 -2 -2 0 0 -2 0 2 -2 -2 4 -3 1 0 2 0 0 2 0 0 2 0 -2 0 0 -4 0 0 -2 4 0 2 -2 -2 -3 0 2 -4 4 -1 2 0 8 0 4 2 4 0 0 3 -4 4 0 0 7 -3 -2 0 2 4 0 1 2 0 -4 0 -4 -2 0 0 0 4 0 0 0 2 0 0 -2 -4 -1 4 0 0 0 -2 0 0 -2 2 0 0 0 0 0 0 -2 -4 0 4 0 -1 0 4 2 -1 4 2 2 0 -6 -2 2 4 4 -6 0 2 0 0 1 -6 0 0 2 4 0 0 6 0 10 4 4 -1 6 0 4 -2 0 0 0 1 2 0 0 2 -4 0 -2 0 0 0 -1 0 0 2 4 0 0 -2 0 -2 0 -1 0 -2 2 2 0 -4 0 0 0 -2 -5 4 0 0 0 4 2 0 0 2 3 0 4 0 -4 0 2 -4 0 0 -2 2 8 0 0 0 0 -4 2 2 0 0 2 -4 0 -4 2 4 -1 4 4 0 -4 0 -2 4 6 4 2 0 0 0 0 0 0 -2 2 4 -4 0 0 0 -4 1 4 2 -4 -2 6 -8 0 0 0 0 0 2 0 0 -2 0 2 2 0 2 2 4 -2 0 1 4 0 4 0 0 0 -7 -2 2 -1 0 0 -2 0 -5 -3 1 4 -2 0 0 0 0 2 4 0 2 -2 0 0 0 -2 -2 4 2 0 -1 2 -2 4 5 3 0 0 0 4 0 0 7 -8 0 0 0 -2 -4 -10 3 2 0 6 6 -4 4 6 -2 3 3 0 0 2 0 0 1 0 0 2 0 -2 0 0 -2 0 55 0 0 0 3 0 -4 1 2 2 0 0
4 -4 0 0 0 0 -2 0 4 -2 2 0 0 0 0 0 -4 0 0 0 0 6 0 0 0 0 0 0 0 0 -4 2 0 0 0 0 0 0 4 0 -2 0 -2 0 4 1 -2 0 0 0 0 -4 0 -4 1 0 0 -1 0 -2 0 6 2 6 -1 0 0 -4 2 2 0 4 4 -1 1 -6 0 0 2 8 0 0 2 -2 0 0 -2 -4 0 -2 0 0 0 0 5 0 0 0 0 0 2 -4 -2 1 0 4 1 0 0 2 0 0 -2 4 0 0 0 0 0 0 4 0 0 -2 3 -2 0 1 0 0 0 0 0 0 0 0 0 0 4 0 0 4 0 4 0 1 0 8 4 0 0 0 -6 -4 -4 -1 0 0 0 -4 0 0 0 4 2 -1 4 -4 -4 0 0 0 -1 0 -4 -1 0 0 0 0 2 0 0 3 0 -2 0 -2 0 0 0 -4 -4 -2 4 0 4 4 0 4 -2 0 0 0 0 0 4 -4 0 4 0 -1 -2 0 0 0 -2 6 2 -6 4 0 0 0 0 -4 0 2 0 0 0 2 0 4 0 0 2 -2 -2 0 0 -4 0 0 -4 0 0 4 0 0 0 1 2 2 0 -2 2 0 -2 4 0 0 0 -4 0 0 0 0 0 0 0 0 0 0 2 0 -2 0 0 0 0 0 -2 0 0 0 0 0 0 0 0 2 4 0 -2 0 5 -4 2 0 0 -4 2 -2 4 4 0 2 0 4 1 0 0 -2 0 2 -8 10 0 0 0 2 0 0 -6 0 0 0 0 -1 -2 0 0 -4 0 -2 -2 0 2 -2 0 0 4 -2 0 3 -1 2 0 36 0 0 0 0 0 -4 0 2 1 0
8 4 -4 0 -4 0 2 -8 4 0 0 -1 0 -4 -1 -1 -6 0 -8 0 2 0 8 2 2 8 0 0 4 0 0 0 0 2 0 4 -1 -4 0 -3 0 5 0 0 0 8 -4 0 -4 -4 -2 0 0 0 1 0 0 2 4 0 -4 2 1 -2 0 0 0 -4 0 0 0 0 0 -2 0 0 2 0 0 1 8 -4 4 0 0 8 8 2 0 2 0 8 0 0 0 0 -4 -2 0 0 2 0 -2 1 0 0 -4 2 -4 -2 -2 0 0 -4 2 0 0 0 -2 -2 6 2 0 0 0 2 0 4 2 -6 2 4 4 2 3 -6 -4 -4 4 -4 0 0 4 2 2 -5 0 -12 -1 -1 -2 -4 -3 0 4 -4 -1 4 0 0 0 0 0 -2 2 0 4 0 0 2 -4 0 -4 -1 -2 -4 2 -4 -4 -6 0 0 0 0 6 0 0 -8 0 -6 0 0 -2 -3 1 4 2 0 5 0 -4 4 4 0 0 5 0 2 0 2 0 -8 0 1 4 0 4 -2 4 -1 0 0 -4 -2 2 -4 -12 6 0 -4 -2 -2 6 0 0 -5 2 4 4 0 -4 -6 0 -8 -2 0 -2 0 2 0 -4 0 0 0 4 0 2 0 4 0 0 0 2 0 0 -1 -2 4 4 0 2 0 4 0 4 0 2 -1 -6 4 3 -2 2 0 0 -2 0 0 3 -8 4 0 0 -6 0 -4 4 4 -4 -2 0 0 -2 2 -2 0 0 -10 4 0 0 5 1 0 0 6 0 -1 0 -4 4 0 1 2 0 2 10 0 0 10 -2 0 -4 -2 -2 0 -2 0 4 -4 0 0 -1 0 0 0 0 0 0 0 69 0 -4 -2 0 0 0 8 0 -4
0 4 0 0 -2 0 -1 0 0 0 2 0 0 -2 -2 0 -1 -2 0 0 -8 0 -2 6 0 4 -1 0 0 0 -4 0 0 0 2 0 0 0 0 0 0 0 2 0 0 0 0 0 0 0 4 -2 2 0 0 0 0 -1 -2 0 0 0 0 0 0 2 -4 0 0 0 0 0 0 0 0 0 -1 0 1 0 0 0 0 8 3 0 0 4 0 0 0 0 2 -4 -1 2 0 -2 0 0 0 0 0 1 0 0 0 0 0 0 2 0 0 0 0 -4 0 0 0 0 0 0 0 0 0 -2 0 0 -1 4 0 -1 2 -2 0 0 0 0 0 0 0 -1 0 0 0 0 0 0 0 0 0 0 0 0 0 0 -4 0 0 -2 0 0 2 -8 0 0 0 0 2 -2 0 0 2 0 0 -1 -4 0 0 -4 -1 2 0 -2 0 2 0 2 -1 -1 0 0 0 -4 0 2 0 0 8 -2 6 0 2 4 -4 0 0 0 0 6 0 0 0 0 0 4 2 0 0 0 0 0 -2 0 0 -1 -1 2 -2 0 0 -2 0 2 0 0 3 -4 0 -1 0 0 1 0 3 1 1 4 0 -2 -2 0 0 0 0 -4 -2 0 -2 0 0 0 0 0 0 0 0 0 -1 0 0 1 0 0 4 0 -4 1 -1 0 1 2 0 1 -2 1 0 0 4 0 0 0 0 4 1 2 0 0 -1 0 0 -1 -2 0 2 0 0 -2 -4 1 0 0 0 0 4 0 0 -4 0 0 0 0 0 2 -1 -1 0 0 0 0 0 -1 -4 0 0 0 1 -4 -2 0 -2 0 0 -1 0 4 0 2 0 0 0 22 -4 0 0 0 -1 -3 2 0
-2 -4 -2 0 -6 0 -2 0 4 4 0 4 -2 -2 0 -1 0 0 0 0 -4 6 -2 2 -6 -2 0 0 -4 0 4 3 -2 -4 2 -4 0 0 0 0 0 0 -3 4 0 0 0 0 0 0 4 -4 4 -2 -1 0 -4 0 0 0 0 0 0 0 -8 0 0 2 4 0 0 0 -4 4 1 0 0 2 0 4 1 4 0 -10 0 0 4 -2 10 0 -6 -4 0 4 0 4 -4 -4 0 4 0 0 0 0 4 2 8 0 4 0 2 0 -2 0 8 6 0 -2 -12 -2 -3 4 0 -2 -2 0 0 -4 0 -4 0 4 4 2 -2 -4 0 0 0 4 -8 0 0 -6 4 0 -6 0 -2 0 0 2 0 0 0 0 -2 -6 -2 5 0 0 0 2 4 2 -6 2 -6 0 3 0 4 0 0 0 4 4 8 4 2 4 2 -8 -6 2 0 -2 0 -2 0 0 4 2 -2 0 0 -4 0 0 4 0 -8 -2 0 6 -6 0 6 2 -3 0 0 0 4 0 8 2 0 6 -4 0 8 -2 0 4 0 4 4 0 4 4 -4 6 2 -2 0 0 0 2 0 0 1 2 4 0 2 0 4 -1 0 2 0 -2 6 -2 4 0 0 -4 4 0 0 -4 4 0 2 0 0 2 0 0 0 4 -4 -1 2 4 0 -2 0 -4 0 0 -2 2 0 0 0 0 2 1 -8 -8 0 0 0 -10 0 0 0 0 -5 0 10 4 0 0 3 0 -2 0 0 0 -3 0 0 2 0 0 0 -2 0 0 0 0 -4 -4 0 0 -4 -3 -4 0 0 -2 0 0 6 6 0 0 0 6 0 -1 -4 -4 3 0 -4 -4 67 -2 4 -3 0 -1 10 0
0 0 2 1 6 0 2 -9 0 0 -4 0 0 8 2 4 13 0 0 -4 -2 0 -6 0 2 2 0 2 0 0 4 0 0 -4 0 0 4 6 0 -1 -8 3 2 3 0 0 0 6 0 0 0 8 2 0 0 0 6 0 0 2 -1 -4 4 6 4 0 2 2 0 2 0 -4 4 -2 0 -2 0 4 1 -4 -2 0 0 0 2 0 4 0 0 0 0 0 2 12 0 -2 4 0 2 -2 -2 -4 0 0 7 -4 0 0 4 0 -4 0 0 10 -4 0 4 0 -1 0 0 0 0 0 4 0 4 -4 -2 0 4 0 0 2 -5 -1 -4 0 -2 2 0 0 0 0 0 0 4 0 0 2 0 -2 0 0 4 0 0 7 -4 4 0 0 -2 0 2 4 0 -2 0 5 3 0 -2 4 -3 -2 -2 0 -4 0 0 0 0 6 -6 -1 0 4 -4 5 0 0 -4 0 4 -4 0 -6 0 6 -5 -2 4 0 0 0 4 -2 -8 0 6 2 -4 1 0 0 4 -3 2 0 4 -4 0 -8 0 0 2 2 0 6 0 1 2 0 -2 0 0 -2 0 -2 -2 3 0 4 4 -4 0 -4 -4 0 0 -4 2 0 0 -4 -4 0 4 0 -4 2 4 0 -2 0 2 0 2 -2 0 0 0 0 -2 6 0 0 4 -1 -5 2 -4 0 0 0 0 -2 0 1 -6 -2 -5 -4 4 0 0 2 4 1 0 0 0 1 2 1 0 -4 -8 0 0 -2 4 -4 0 -2 0 1 0 0 0 -4 -6 -4 2 0 -1 -2 0 0 0 -2 4 6 0 1 -2 4 -8 0 0 -2 2 0 4 0 0 -6 0 0 -2 0 -2 65 0 2 4 -2 0 0
0 4 -2 0 4 0 -4 0 0 0 -4 -2 0 0 -4 4 0 2 0 0 0 -4 -4 -6 0 -4 4 4 4 0 0 2 0 2 4 0 0 -4 0 -2 0 0 -6 4 0 0 -2 0 6 0 2 2 -2 0 -4 0 4 -6 0 2 1 -2 0 0 0 0 -6 4 -2 4 0 0 0 1 -4 2 2 -4 0 -4 2 -4 -4 -2 0 -6 4 2 2 0 -4 4 4 -4 -4 -4 0 -4 0 0 -4 4 -2 6 -4 -6 6 0 -2 0 -4 0 2 0 -4 4 4 0 1 0 -4 0 1 0 2 0 0 0 4 -4 -2 -4 2 0 -4 4 2 -2 -2 -2 0 2 0 0 -2 3 0 6 0 0 2 0 -12 -2 4 1 4 -2 0 0 2 0 4 -2 -4 0 -2 2 0 0 0 -2 6 4 0 0 4 0 0 4 0 -2 0 -6 -4 0 4 -6 0 -2 0 -8 8 0 0 2 0 -6 0 -2 -6 0 0 0 -2 0 2 0 4 0 0 -6 0 0 0 -4 0 0 0 -10 -2 0 8 10 -4 -2 4 -6 0 2 0 0 6 0 0 0 0 -4 0 -4 0 -8 4 0 4 -4 0 -4 -4 0 0 6 0 -2 4 0 -2 -4 0 4 0 -4 0 8 4 0 0 0 -4 2 0 0 -2 4 2 -2 -3 0 2 -1 0 -4 -2 0 2 2 0 0 0 0 4 4 -8 4 -2 4 -4 -4 0 0 -4 -2 4 0 -2 -4 -4 0 0 0 -6 -4 -4 2 4 -2 0 -2 -1 2 0 -2 0 8 0 -2 0 -2 2 4 3 0 -4 -4 0 -2 -4 0 4 -2 4 0 -2 0 0 6 0 2 -4 0 0 0 4 0 77 2 0 -2 0 -2
2 0 4 6 -1 0 1 -6 -2 0 0 -1 0 2 -4 0 0 -6 0 0 -1 2 -8 0 0 -8 0 0 2 -4 14 -2 0 -4 3 0 0 4 -4 2 0 0 0 -2 -2 0 -1 4 -1 -2 0 -4 2 -2 1 0 2 4 -2 0 2 2 0 0 0 0 -2 -2 0 -2 0 0 2 0 8 -4 -6 -2 -3 -1 2 1 0 0 -4 -4 -5 0 0 2 -4 -4 -1 4 2 0 -2 0 0 -2 0 1 1 1 0 -2 -2 0 1 0 -6 -2 2 -3 -4 2 0 -4 -4 0 -2 2 0 0 1 -7 0 -2 0 0 0 -2 4 0 4 -6 0 4 -6 0 4 4 4 0 0 0 1 0 0 -2 0 2 -2 -2 2 -1 0 1 -2 1 0 0 2 0 4 0 2 5 0 0 1 0 2 4 1 -2 9 0 4 0 -4 0 4 -2 0 0 0 -2 -4 -2 -2 -4 -6 -4 0 0 0 -2 0 2 2 -1 0 -4 0 0 0 -2 -2 -4 13 -3 0 0 0 -2 0 -2 6 4 2 -3 -2 0 2 2 2 4 0 0 5 1 0 0 -2 2 4 1 -1 -2 -2 0 0 -2 -2 0 0 -4 0 0 2 -4 0 0 -4 -2 -4 -2 -4 0 -4 0 0 0 0 -1 -2 2 4 -4 0 -4 -2 0 -3 -1 -2 0 0 -2 0 -4 -1 -4 4 2 -4 4 -2 1 0 3 -2 7 -4 2 0 3 -2 1 -4 4 0 0 1 -5 -4 5 -2 0 -6 0 -4 0 5 0 6 -2 0 0 0 -4 0 -2 1 0 -1 -6 4 -5 0 0 0 -4 -4 2 4 0 4 -2 0 0 0 -2 0 0 0 5 1 -4 0 0 -3 2 2 63 0 0 -2 8
0 0 0 -3 0 0 0 0 -2 4 0 0 -4 2 0 4 -6 -4 0 -2 0 0 -1 2 1 0 -1 -4 0 1 0 -1 0 -2 0 0 2 0 0 1 -5 0 1 2 -2 4 -2 -2 0 2 4 2 -2 2 0 0 0 -2 -2 2 4 0 0 0 0 4 0 0 0 0 4 0 3 0 0 0 1 -2 0 -2 0 2 0 -2 0 0 0 0 0 0 0 0 0 4 1 2 2 0 7 0 0 0 -1 -2 0 -2 4 2 3 2 0 -2 2 4 1 0 0 2 8 0 0 0 0 0 0 0 4 0 -2 0 0 0 0 2 0 0 -2 0 2 0 2 0 0 4 4 0 0 0 0 0 -4 -4 -2 0 -2 -4 0 0 0 0 1 0 4 4 0 2 0 0 0 10 0 0 4 0 -2 0 0 2 -2 0 0 0 0 4 -2 0 0 0 3 2 3 4 -2 0 0 -1 0 8 0 0 0 3 0 0 0 0 -4 2 4 0 1 0 -2 5 1 0 -2 -2 0 0 0 0 0 0 2 -2 0 2 -1 3 0 0 0 -1 4 0 0 0 0 -2 0 -4 0 0 -1 2 -4 0 4 -2 -2 0 0 -2 -1 0 0 0 1 0 0 0 0 0 -1 -1 0 0 0 0 -5 1 4 2 -1 0 0 4 0 0 -2 -4 -4 0 0 4 -2 -4 0 4 2 2 3 2 1 -3 0 2 0 2 1 0 4 0 -4 3 -2 0 -2 -1 2 2 0 -1 -4 0 2 0 -2 -4 4 6 0 -2 0 2 0 -2 2 4 2 1 2 0 -2 0 -4 0 2 0 0 1 0 0 2 4 0 -6 2 0 0 -1 0 4 0 0 31 0 0 0
4 0 0 0 0 -4 0 -4 2 2 0 -2 0 -3 0 -2 0 -1 -4 0 2 2 2 0 -4 8 0 1 0 0 0 -2 -4 0 0 4 0 0 0 0 0 -3 0 4 0 0 -3 0 -2 1 -4 0 -1 -2 4 0 0 -3 6 0 0 2 -4 -2 0 0 0 -2 -2 0 0 0 -1 0 0 0 -1 0 -4 0 1 0 4 -1 4 2 8 0 -4 0 0 0 0 0 2 -2 0 4 4 0 0 0 0 0 0 6 -2 -2 0 0 0 -4 0 1 0 -2 4 -4 0 0 0 0 0 0 5 -1 -4 2 0 -2 0 1 -2 0 -1 0 -2 0 1 0 -2 0 0 0 0 0 0 0 0 0 0 0 -1 0 0 -2 0 -4 5 3 -4 0 -4 -2 0 -1 0 4 0 2 -3 0 -2 0 0 0 0 -2 1 -2 -1 3 -4 4 0 0 0 -2 0 -4 0 0 -1 0 0 -1 0 0 -4 0 0 -2 -1 0 0 -1 -4 0 -2 -2 -3 -6 -6 -4 0 0 4 0 1 0 -4 0 3 0 0 3 0 0 2 0 -1 -2 0 2 3 0 -1 -2 0 0 2 4 0 0 -2 2 -1 2 0 2 0 1 0 0 2 1 0 -5 -2 0 4 0 0 0 -6 0 2 0 -4 0 -2 0 -2 0 3 1 -4 4 0 0 -3 2 6 -1 0 4 0 0 2 0 -2 5 2 0 3 0 -4 0 4 0 2 -1 0 -1 -4 0 0 1 4 0 2 0 4 -1 0 -8 0 -1 2 0 0 0 0 -4 0 2 8 0 0 8 0 2 0 -1 -2 -1 1 0 2 2 0 0 0 -1 0 -2 0 -2 2 2 8 -3 -1 -2 -2 0 0 42 0 -3
4 -4 0 2 0 0 -2 0 0 5 -1 -4 -2 -1 6 3 -1 0 0 0 7 7 0 0 -1 1 0 0 4 0 0 0 0 -4 0 0 -1 0 2 0 0 0 4 -2 0 -1 0 2 2 0 1 -2 4 -2 4 -1 -1 4 0 -1 -7 0 0 2 -4 0 0 0 3 3 0 4 -3 0 2 0 4 -4 0 0 1 2 -1 -7 2 0 0 3 4 0 0 0 2 4 0 2 0 0 0 5 -1 -2 0 -2 0 2 1 -4 0 0 -1 5 0 0 0 0 -4 -1 2 -2 -1 -1 0 0 -5 1 0 0 0 -2 2 0 2 5 0 -4 0 6 1 0 0 4 0 1 0 0 0 0 4 0 0 0 -3 0 0 -2 -2 0 0 10 -2 0 0 -2 0 0 -1 0 -4 0 2 2 -1 2 4 1 0 7 5 2 0 -3 -1 1 -3 2 2 0 0 -5 0 0 0 1 -1 0 0 -4 0 0 4 2 -1 -3 -2 -3 2 -1 0 4 -2 1 -1 0 -3 0 5 0 3 4 3 0 0 1 -4 -2 -2 2 0 -4 -1 0 0 0 0 0 6 -4 0 0 0 -2 0 6 0 2 1 0 1 4 0 0 0 0 0 1 3 0 0 -2 -5 0 0 0 4 0 0 0 -6 2 0 0 0 0 -10 4 0 4 4 2 0 0 0 0 2 0 2 0 0 0 4 1 2 -6 0 -2 2 0 0 2 0 -2 2 2 0 4 0 -2 6 3 -1 0 0 -8 3 1 1 1 -2 0 2 -1 0 -2 0 0 0 0 0 -2 0 0 -4 -2 4 0 0 -4 4 2 2 -2 4 8 -2 -2 2 -3 0 1 0 2 10 0 0 -2 0 0 49 -4
2 4 2 4 -4 3 0 1 -2 0 -2 -4 0 0 0 -2 0 -2 0 1 -4 1 -5 0 0 -2 0 -1 -1 -2 -2 0 4 -2 1 3 0 3 2 0 0 4 0 -4 -1 0 0 12 0 -2 0 -4 0 6 -1 0 0 -2 0 5 0 0 0 2 0 4 -2 1 0 -6 0 0 0 4 8 -2 0 0 -4 0 -4 1 0 -4 4 -1 -2 2 2 -2 -2 -4 0 5 -2 2 0 4 1 0 1 -1 -1 0 0 0 -2 2 0 -4 6 0 0 0 0 -2 0 0 -4 0 0 0 -2 0 0 0 0 -2 -2 -1 0 -2 1 0 -1 -2 0 0 -7 0 -6 1 -2 -2 0 -4 0 -1 0 0 -4 0 -2 0 0 -4 2 -5 1 2 -2 0 0 0 0 0 1 0 -2 0 0 0 0 0 -2 0 4 3 0 0 2 0 4 1 0 0 0 2 -6 2 8 0 -2 0 2 0 -2 0 0 0 4 3 -3 -2 4 0 1 1 0 0 -2 2 -2 -4 2 0 2 0 -2 -1 -4 -2 0 0 0 -2 2 0 0 0 -4 2 -2 0 0 -7 1 2 0 -4 0 0 -2 2 0 0 0 -2 0 2 2 0 0 4 -8 4 0 0 0 -4 -3 0 3 2 0 0 2 1 4 -2 0 -2 0 0 8 -6 2 0 0 -1 0 -2 0 2 -6 1 6 0 -5 4 0 2 -4 4 0 0 0 0 2 4 0 1 4 4 3 0 0 0 0 4 -1 4 0 2 -2 4 4 -4 0 0 0 2 -2 -7 0 -1 -2 0 4 -3 0 2 0 0 -4 0 0 0 8 0 0 0 0 0 0 2 0 2 0 0 -4 0 0 0 -2 8 0 -3 -4 49

Q_cnstr 
20 1 0 1 0 0 0 -1 0 1 0 0 0 0 -1 0 -1 1 2 0 2 1 1 0 -1 0 -3 -1 1 0 0 0 3 0 0 0 -1 -2 0 -1 1 0 -2 0 1 0 0 0 -4 0 2 0 -1 1 0 0 2 -1 0 0 1 -1 -1 0 0 1 0 -1 0 0 0 1 -2 1 0 -1 1 1 0 -1 0 0 -1 0 0 0 1 1 1 2 0 -2 0 0 1 2 1 -2 0 -1 -1 -2 1 0 0 -1 2 0 2 0 1 2 0 -1 0 1 1 0 0 0 -1 2 0 0 2 2 0 1 1 0 0 0 2 0 0 0 1 0 0 -1 0 0 2 1 0 1 1 1 0 0 0 1 -1 0 0 1 -1 1 -1 0 0 1 2 1 0 0 1 0 0 2 -1 1 2 -1 1 1 2 0 0 0 4 0 0 2 0 -3 0 1 0 -2 0 0 2 3 2 0 0 0 0 1 1 0 -1 0 0 0 0 1 1 0 -1 1 -1 0 -1 0 1 0 2 0 0 0 1 0 -1 1 -2 6 0 0 -2 2 0 0 -1 1 1 -1 0 0 0 0 0 1 2 0 1 0 0 0 0 0 0 1 0 1 0 0 1 1 0 1 0 0 1 1 -1 1 0 1 -1 0 0 0 2 0 -1 -1 1 1 -1 1 -1 -1 1 1 0 0 0 -1 -1 0 0 0 0 1 1 0 -1 0 1 0 1 -1 0 0 0 -3 0 0 -2 2 -1 -1 1 0 0 1 -1 0 0 -1 0 -1 3 0 0 2 2 0 -1 0 0 0 1 0 0 0 0 0 0 1 0 2 -1 0 2 0 0 0 0 1 -2 1 1 0 -2 0 1 0
1 12 0 1 0 -1 0 0 0 1 0 2 2 0 0 1 0 1 0 -1 -1 0 2 0 0 0 -1 1 0 0 0 1 0 0 1 -1 -1 0 -1 -1 0 0 0 0 0 0 1 0 0 0 -1 0 1 1 0 0 0 0 0 2 1 0 0 0 2 -2 0 0 1 1 -1 0 0 0 0 0 1 0 0 0 0 0 0 1 0 0 0 1 0 1 1 0 0 0 0 0 0 0 1 1 0 -1 0 2 -1 -1 0 0 0 1 1 1 0 -1 -1 0 0 -2 0 -1 -1 1 0 0 1 1 1 2 0 1 0 0 1 0 1 0 1 0 0 -1 1 1 0 0 0 0 1 0 0 1 1 -1 0 0 0 0 0 1 0 1 -1 0 2 1 1 0 1 -1 1 0 -1 0 -1 0 0 0 -1 0 1 0 0 1 1 1 1 0 1 0 1 1 0 -1 -1 0 1 1 0 0 1 0 0 0 0 1 0 -1 0 1 0 0 0 -2 -2 1 0 1 2 0 1 2 -1 0 0 0 0 0 0 -1 1 1 2 1 0 0 -1 0 0 -1 0 0 0 0 0 0 1 0 0 0 0 0 1 0 0 0 0 0 0 -1 1 0 0 1 -1 -1 -1 -1 1 3 0 -1 0 0 0 0 1 0 -1 0 0 0 -1 0 0 1 0 -1 0 1 -1 -1 0 -1 0 -1 1 0 0 -1 0 0 -2 0 0 0 0 1 1 0 0 -1 -1 0 0 1 0 0 -1 0 0 0 1 -1 -1 0 0 0 -1 -1 2 1 0 0 -1 0 -1 -1 0 -2 -1 1 1 1 0 1 0 0 0 0 -1 -1 0 3 -1 0 0 1 0 0 0 0
0 0 17 -1 0 0 -1 0 0 0 0 -1 0 -1 0 -2 0 1 -1 1 0 -1 1 0 0 2 0 0 -1 0 0 0 0 1 1 0 0 0 0 2 3 0 0 0 0 0 2 1 -1 -1 0 0 0 -1 0 0 0 -1 2 0 0 1 -1 0 0 -2 0 2 -1 0 -1 -1 -1 -1 0 -1 0 0 0 -1 0 -1 1 0 0 0 1 0 1 -2 1 -1 0 0 -2 -1 -1 1 -1 0 0 0 -2 0 0 1 0 0 1 1 -2 0 0 1 0 0 -1 0 -1 0 0 0 0 -1 1 1 0 -1 0 1 0 1 0 -1 0 1 1 -1 1 1 1 0 2 -1 0 1 -1 1 -1 -1 1 0 1 0 -1 0 0 1 0 -1 1 0 2 0 0 0 1 -2 0 0 -1 0 2 1 1 -1 1 0 0 1 1 0 -1 0 -1 -1 0 3 0 -2 0 2 1 0 -1 0 0 -1 -1 -1 1 1 0 0 0 0 0 0 0 0 0 -1 0 -1 1 0 0 0 1 -1 0 0 0 1 0 0 2 3 1 0 0 0 0 1 0 0 -1 -1 1 0 0 1 0 0 0 -1 1 0 -1 0 0 -1 0 -1 0 0 0 -1 0 0 3 2 -1 0 1 1 0 0 0 -1 0 1 1 0 0 -1 1 0 0 -2 -1 0 1 -1 0 0 0 0 -1 0 0 0 -1 2 0 0 0 0 0 1 0 0 0 0 0 1 2 0 1 0 0 1 -2 0 0 0 -1 1 0 0 0 1 0 -1 1 0 -1 0 -2 0 -1 2 0 -1 -2 0 0 -1 1 0 1 1 1 0 0 2 0 -2 0 2 0 0 0 1 -1 0 -1 0 1 1
1 1 -1 14 1 1 0 0 0 1 0 1 0 0 1 0 -1 -1 0 -2 -1 2 0 0 1 1 0 0 2 0 1 1 1 0 1 0 0 0 0 1 1 1 0 0 0 0 0 0 0 0 0 0 1 -1 0 1 1 -1 1 2 1 0 0 1 1 1 1 -1 1 2 0 0 0 2 0 0 0 1 0 0 -2 0 0 1 1 0 1 -1 1 0 1 0 0 0 -1 0 -1 0 0 -1 0 -1 -1 1 2 -1 -1 0 0 0 0 0 0 1 -2 0 0 0 0 0 0 1 1 1 1 -1 1 0 0 2 -1 1 1 0 1 0 -1 0 0 0 1 0 0 0 -1 2 1 0 0 -1 -1 -1 0 0 -1 1 0 0 -1 0 0 -1 0 0 1 0 -1 0 0 -1 0 -1 -1 0 1 2 0 0 0 0 0 2 0 0 0 0 0 1 0 2 -1 0 0 0 1 0 0 0 0 0 0 0 0 0 1 -1 0 0 -1 0 1 1 -1 0 0 0 0 0 1 1 0 -1 0 1 0 0 0 0 0 -1 -1 -1 0 -1 -2 -2 -2 -1 0 0 0 0 0 0 0 2 0 0 0 1 1 0 0 1 1 -1 3 0 0 -1 0 2 0 1 0 0 0 1 0 0 -1 -1 0 1 0 0 -1 0 -1 -1 0 1 0 -1 0 -1 2 0 0 -1 0 1 0 -1 0 0 -1 0 0 0 -1 -1 1 0 2 0 0 -2 1 -1 -1 0 0 -1 0 0 0 0 0 -1 1 -1 -1 -1 1 1 0 0 0 0 0 1 0 0 -1 0 0 0 0 0 0 0 0 1 -1 0 0 -1 0 1 -1 2 0 0 0 1 -1 0 0 0
0 0 0 1 19 -1 0 -2 -1 -1 0 1 0 0 0 1 1 -1 3 1 0 -2 0 0 -2 0 0 1 0 -1 -1 0 0 1 0 0 0 0 1 0 0 1 -1 1 0 0 0 0 0 0 0 1 1 0 1 0 1 -1 2 1 1 0 1 0 0 -1 1 0 1 1 1 0 -1 1 -2 0 -1 0 -1 -1 0 -2 -2 -2 0 0 0 1 0 -1 1 0 1 1 0 0 0 0 1 -1 -1 0 0 0 0 0 -2 1 0 -1 -1 1 0 0 0 0 0 0 1 0 0 -2 0 -1 -2 -2 1 -1 1 0 -2 -1 -1 -1 0 -1 0 0 -1 0 -1 0 1 1 -1 0 1 0 1 -1 -1 0 0 1 0 2 -1 0 0 -1 1 0 0 -1 1 0 -1 0 1 0 1 1 -2 -1 0 0 1 1 0 1 0 0 -2 1 1 0 0 1 0 0 2 -1 0 1 0 0 -1 1 0 0 1 -1 2 0 0 -1 -1 0 1 0 0 1 -1 1 1 1 1 1 0 0 0 0 0 -1 -1 -1 0 0 1 0 1 0 0 -1 -1 -1 -1 0 1 0 0 0 0 0 0 0 1 0 1 -1 0 2 0 -2 -1 -1 1 -1 0 -1 1 -2 -1 2 -1 1 0 0 0 -1 1 0 1 0 0 0 2 0 0 -1 -1 2 1 0 1 1 1 -1 1 0 -1 1 1 -1 1 0 0 1 0 -1 4 0 0 -1 -1 -1 -1 0 0 0 3 -1 0 1 0 -2 0 1 -1 0 -1 -1 -1 -2 2 0 0 1 0 -2 0 0 -2 0 -1 0 0 -1 1 0 1 0 2 -1 0 0 0 0 2 0 0 0 -1 0 0 2 -1 -1 1 0
0 -1 0 1 -1 28 0 2 -1 -1 0 1 3 -1 -1 -1 -1 1 1 1 1 0 -2 0 2 0 -1 0 0 0 0 0 0 0 0 -1 0 -1 -1 0 0 0 2 2 -1 0 2 1 1 0 1 1 0 0 0 -1 2 0 1 2 2 0 -2 0 -1 0 0 1 2 1 0 1 -1 -2 -1 -1 0 1 2 0 0 1 0 1 -1 2 0 0 0 0 0 -1 -2 -2 0 2 0 1 0 0 2 1 -2 0 0 0 1 0 -1 0 -1 2 1 0 0 0 0 -1 1 2 -1 0 1 1 0 1 1 -1 0 1 2 1 1 0 0 0 -1 0 0 0 -2 0 -2 -1 1 -3 0 -2 0 -3 3 2 3 0 2 -1 0 0 3 2 0 -1 -2 0 0 1 1 0 -1 0 0 0 0 2 0 0 0 0 -1 -1 2 1 2 -1 -1 1 1 -2 0 -1 2 1 1 1 2 0 -1 0 1 1 0 -1 0 2 -1 1 0 0 -1 0 1 1 -2 0 1 0 1 -2 2 0 -3 -1 1 -2 0 -1 1 -1 1 -1 -1 1 0 -1 0 0 1 1 -1 1 0 1 0 0 0 1 0 0 0 0 0 0 -2 -1 1 0 0 1 0 0 1 -1 0 1 1 1 -1 2 1 2 0 3 2 1 0 -1 0 0 0 1 -1 -1 1 2 1 2 0 -2 -1 0 1 0 2 0 2 1 -1 0 0 1 1 0 1 0 1 -2 0 0 -1 -1 0 1 0 -1 0 0 2 -1 2 0 1 1 1 0 0 1 2 1 1 1 1 1 0 1 2 3 0 -1 1 0 0 -1 -1 2 0 -1 1 0 1 1 1 2 0 -1 -1 2 -1 0 2 0
0 0 -1 0 0 0 12 0 1 1 -1 0 1 1 0 1 0 -2 -1 0 0 1 0 0 -1 0 0 0 2 1 0 -1 0 0 -1 0 0 0 0 -1 2 0 0 0 1 0 0 0 2 -1 1 0 0 -2 0 1 1 -1 -1 0 0 0 0 -1 0 0 -1 -1 0 0 0 1 0 -1 -1 1 1 0 -1 0 0 0 0 1 0 0 -2 3 0 -1 0 0 0 0 0 0 0 0 0 0 0 0 0 0 -1 -1 0 -1 0 1 0 0 1 3 1 0 0 0 0 0 2 -1 0 0 0 0 0 1 0 1 0 -1 0 1 0 -1 0 1 0 1 0 0 0 2 1 0 0 0 -1 0 1 0 2 0 0 -1 -1 1 0 -1 -1 0 -1 0 0 -1 -1 1 0 0 1 0 0 0 -1 0 1 1 0 3 1 0 0 1 0 1 -1 0 1 0 1 0 0 1 0 -1 -1 0 0 1 -1 0 0 0 0 0 1 -1 0 0 0 0 1 0 0 0 0 1 0 1 0 0 0 -1 -1 0 0 0 0 0 0 1 1 1 0 0 0 0 0 0 0 0 0 0 1 0 0 0 0 0 1 0 0 0 0 3 0 0 1 0 0 1 -1 0 1 0 -1 1 -1 2 1 1 -1 0 0 0 0 0 2 1 0 0 0 0 0 0 2 1 -1 0 0 0 1 2 0 -1 0 1 0 -1 -1 2 1 0 0 1 0 0 0 1 -1 0 0 1 0 -1 0 1 1 0 -1 0 0 3 1 0 0 -1 0 0 0 0 0 1 0 -1 0 0 1 0 0 1 0 0 0 0 0 0 0 2 0 1 -1 2 0 1 1 -1 0 0
-1 0 0 0 -2 2 0 28 2 1 0 0 0 0 3 -2 0 0 -1 1 -1 0 1 0 0 0 -1 2 0 -1 0 1 0 1 1 1 0 1 1 0 1 0 1 1 -1 0 -1 1 -1 1 3 2 -2 0 0 -1 0 2 1 1 1 1 -2 2 1 1 -1 0 2 -1 0 1 0 1 1 1 1 1 2 0 0 2 -2 0 2 -1 0 1 1 0 0 -1 -2 -1 0 0 1 2 -1 2 1 0 -1 0 2 0 0 0 1 -1 1 1 1 0 0 -1 0 -1 0 -1 -1 0 1 0 0 1 0 0 -1 0 2 1 -1 0 1 1 0 1 0 -2 1 0 1 -3 -1 -2 -2 1 1 2 0 -3 2 1 -1 0 1 1 1 0 -3 2 -2 0 0 -1 1 0 -1 -1 1 0 0 0 0 1 1 -1 -1 1 0 1 0 0 0 -1 -1 0 0 2 2 0 -1 0 -1 1 0 0 -2 1 -1 1 1 -1 4 0 1 -1 0 1 -1 1 1 0 1 -1 -2 0 0 0 0 0 0 1 1 1 2 -3 2 2 0 -1 0 1 1 3 -2 1 0 0 -1 0 3 0 1 0 0 0 0 0 -1 0 -1 0 -1 2 -1 0 0 2 0 0 0 3 -1 -2 0 -1 1 2 -2 0 0 -2 1 -1 0 -1 -1 0 1 0 2 2 -1 1 1 0 1 0 2 0 1 1 0 0 1 2 1 2 0 1 0 -1 1 0 0 -1 0 0 1 0 -1 0 0 1 0 1 2 0 1 0 0 0 0 1 -1 1 2 0 -1 2 0 0 -1 -1 0 0 -1 1 -1 0 1 2 0 1 -1 0 0 -1 0 -1 1 1 0 0 1 1 2 1
0 0 0 0 -1 -1 1 2 20 1 0 0 -1 0 0 0 0 -1 0 0 -1 0 0 1 -1 1 2 1 1 0 0 -3 0 -1 1 0 -1 -3 -1 0 0 -1 0 1 1 0 0 0 1 1 1 0 -1 2 1 0 0 0 2 -2 1 0 3 0 0 -1 1 0 -1 -1 2 2 1 0 0 0 0 1 0 0 0 1 0 0 2 0 0 2 1 0 -1 -1 1 0 1 -1 0 1 0 3 1 0 0 -1 0 0 -1 1 0 -1 0 0 0 2 -2 2 0 0 0 0 1 0 -1 0 0 -1 0 0 1 0 0 0 0 0 -2 1 -3 1 0 0 0 0 -1 0 0 2 0 0 1 0 0 1 2 0 0 0 0 -1 0 0 0 1 1 -1 2 0 2 0 0 0 2 0 1 1 -1 1 1 0 -1 0 0 0 -1 -1 -1 -2 0 0 -1 1 0 1 -1 0 0 0 1 0 -2 1 0 0 -1 1 0 1 2 0 0 -1 0 1 0 0 -1 1 -1 1 1 -1 1 0 0 0 0 1 0 -2 0 2 -1 -1 0 2 1 0 1 -1 0 0 1 0 1 1 -1 1 1 2 0 0 1 1 -1 1 1 0 0 0 -1 1 0 -1 0 0 1 0 1 1 0 0 0 1 1 2 0 -1 -1 -1 0 0 3 0 2 0 1 1 -1 0 1 0 1 0 1 1 0 -1 1 0 1 1 0 -1 1 0 2 0 -1 0 0 0 0 1 1 0 -1 -1 1 0 1 -1 0 0 -1 0 1 -1 1 1 0 0 -1 0 0 -1 0 0 -1 0 0 1 -1 -2 0 -2 0 0 1 1 0 0 -1 0 0 0 0 1 1 0 1 1
1 1 0 1 -1 -1 1 1 1 28 -1 0 1 1 -2 -3 -3 -3 1 0 0 0 -1 0 -1 0 -2 0 1 -2 2 1 -1 0 -2 0 0 0 0 0 0 -2 2 1 -1 2 -1 0 0 -1 1 1 0 3 0 0 0 0 -1 0 1 0 0 0 2 0 0 -1 0 1 -1 0 0 1 -1 1 2 1 1 2 1 -1 1 0 -1 0 1 -1 1 1 1 -1 0 3 -1 -1 0 0 0 2 -2 0 -1 0 1 2 -1 0 -1 -3 0 0 1 3 0 0 1 1 0 0 -1 -1 -1 1 1 0 1 0 -2 2 -1 0 2 0 0 1 0 0 0 0 0 0 1 0 2 0 1 1 1 -1 0 -2 0 1 1 1 0 1 0 1 -3 0 0 0 1 0 2 2 0 0 1 -2 0 1 0 1 1 1 0 -1 0 0 1 0 0 -1 1 -2 0 -1 0 0 0 0 1 -2 0 1 0 2 -3 -1 0 0 0 -1 1 -1 0 -1 -1 2 1 0 -1 -1 1 0 0 1 2 0 0 0 1 1 1 0 -1 1 -1 -2 0 0 0 -3 0 -1 1 0 0 2 0 0 -1 0 0 0 -2 -1 0 -2 1 0 2 0 0 -1 1 1 -1 0 0 -1 -2 1 0 0 1 2 2 -1 0 -3 0 0 -1 -1 0 2 -3 0 -1 0 0 0 1 -2 1 -1 0 0 1 2 0 0 -5 1 3 1 -2 5 2 0 0 2 0 -3 3 -1 1 -1 0 0 0 -1 0 1 2 0 4 -1 -2 6 1 0 1 0 -1 1 -3 1 0 1 0 0 0 0 1 0 2 1 0 1 -1 -2 1 2 0 1 1 1 -2 -1 0 1 -1 0 0 2
0 0 0 0 0 0 -1 0 0 -1 11 1 -1 -1 1 2 0 1 1 2 0 1 -1 2 0 0 0 0 0 0 -1 1 -1 0 0 -1 0 1 0 1 0 1 0 -1 0 0 1 0 -1 0 -1 0 -1 -1 0 -1 1 -1 0 0 0 0 0 0 0 1 2 1 1 0 0 -1 0 1 0 0 0 0 0 0 1 0 0 0 -1 0 0 0 0 -1 0 0 0 0 0 0 0 0 -1 0 0 0 1 0 -1 1 0 0 1 1 0 1 0 -3 0 0 0 0 1 0 0 2 1 0 0 0 0 0 0 1 0 0 0 0 0 1 1 -2 -2 0 0 0 0 0 0 1 0 1 0 0 2 1 2 0 0 1 0 0 0 0 -1 0 0 0 0 0 0 -1 0 0 -1 0 0 1 -2 0 0 0 -1 2 -1 -1 -1 0 0 0 1 2 0 2 1 0 0 1 0 0 0 0 1 0 2 0 0 0 0 0 0 0 1 0 0 1 0 0 0 1 1 1 1 1 0 -1 0 0 2 -1 -1 0 2 2 0 1 1 -1 0 -1 1 -1 0 1 0 1 0 1 0 1 -1 -1 0 1 0 0 0 0 0 0 0 0 0 0 1 0 -1 0 0 0 1 1 0 -1 0 0 0 1 0 0 0 0 -1 0 0 0 0 0 0 0 0 1 1 -1 0 2 1 -1 0 1 0 0 1 0 0 -1 0 0 0 0 0 0 -1 0 0 0 0 0 -1 1 1 3 -1 0 -1 1 0 -1 0 -1 1 0 0 1 -1 0 1 1 0 0 1 1 -1 0 0 2 -1 1 2 0 0 0 0 -1 0 0 0 0 0 1 0 3 1 0
0 2 -1 1 1 1 0 0 0 0 1 17 1 0 0 0 0 0 1 0 -2 -1 -2 -1 0 0 -1 1 -1 0 1 1 0 1 -1 -1 -2 -1 -1 0 0 -1 0 -1 0 0 -1 0 -1 2 0 0 1 0 0 0 2 1 -2 0 1 -1 0 1 0 1 1 0 0 1 0 0 0 1 -1 1 0 2 1 1 -1 0 0 1 1 -1 0 1 0 -1 0 1 0 -1 0 -1 -2 0 0 0 0 1 0 1 -1 0 0 1 0 1 -1 0 0 0 -2 0 -1 -2 -1 0 -1 -1 1 -1 -1 1 2 0 0 2 1 -2 -1 0 1 1 0 1 0 0 -1 0 2 0 0 0 0 0 -1 0 1 0 1 0 1 0 1 0 1 0 -1 -1 1 2 2 0 0 0 -2 0 0 0 -1 0 1 0 0 0 0 0 0 0 1 0 -1 0 1 1 0 0 2 1 -1 -1 1 0 1 0 1 2 -1 1 0 3 -1 0 0 3 0 0 1 2 -2 0 1 0 0 0 -1 0 0 -1 0 -1 1 0 0 -1 0 -1 1 1 0 -1 -2 -2 1 1 3 1 0 0 0 0 0 0 0 1 1 0 0 0 -1 0 0 0 0 0 0 0 -1 -1 1 1 1 -1 1 1 0 0 0 0 -1 -1 2 0 1 -1 2 0 0 0 0 0 -1 -1 0 2 -1 -2 1 0 0 0 1 -1 1 -1 0 0 -1 2 1 0 1 0 1 -1 0 0 0 0 0 0 0 0 0 -1 1 0 1 0 0 0 0 1 -1 -1 1 0 0 -2 -1 2 0 1 0 -1 -1 0 0 0 0 0 -1 0 0 0 0 1 0 0 -1 0 0 -1 0 1 1 1
0 2 0 0 0 3 1 0 -1 1 -1 1 18 -1 1 -1 1 -1 1 0 0 1 1 0 3 0 -2 0 0 1 -1 1 1 1 0 0 -1 -1 2 -1 2 0 1 0 1 0 0 0 0 0 -1 0 0 1 0 1 1 0 -1 0 1 0 0 -1 -1 0 0 0 1 -1 0 0 0 0 0 -1 0 1 0 0 0 0 0 1 -1 1 1 0 2 0 0 -1 0 0 0 0 0 0 0 2 1 0 1 0 0 0 0 2 -1 -2 3 1 1 1 -1 1 1 1 0 0 0 0 0 0 0 0 0 1 0 1 0 -1 0 0 0 0 1 0 0 1 0 0 0 -2 0 -1 0 -2 1 1 -2 -2 0 0 0 0 1 0 2 1 -1 0 0 0 0 1 3 0 -1 0 0 0 0 1 0 -1 -1 0 0 0 0 0 -1 1 0 0 0 -1 0 0 0 0 -1 1 0 0 1 0 1 1 0 0 0 -1 0 0 0 0 0 0 1 -1 2 0 0 -1 1 -1 -2 3 0 -1 0 0 2 0 -1 0 0 -1 0 -1 1 1 0 1 2 0 1 1 0 -2 2 0 0 0 0 0 0 -2 1 0 -1 0 -4 0 1 1 2 0 1 0 0 -1 2 -1 1 0 -2 0 1 2 2 0 1 0 0 1 0 0 0 0 -1 -1 -1 0 1 0 -2 0 0 -1 0 1 0 0 0 0 1 2 -2 1 0 0 0 1 -1 0 -1 0 1 -1 1 0 0 0 -2 0 0 1 0 1 0 0 1 2 0 2 3 1 0 0 0 1 2 0 -1 0 1 1 0 0 0 2 -1 0 1 -1 0 0 0 0 -2 -2 0 2 0 0 0 1
0 0 -1 0 0 -1 1 0 0 1 -1 0 -1 13 -1 2 1 -2 -1 -1 2 0 0 0 0 -1 0 0 1 -1 0 -1 1 0 0 0 -1 0 -1 -1 1 0 1 -1 0 0 1 0 1 0 2 0 0 1 0 0 1 0 -3 0 0 0 2 0 1 0 0 0 0 -1 2 0 2 -1 0 0 -1 0 0 0 -1 0 2 0 0 2 1 0 0 0 0 0 0 0 -1 0 1 0 -1 -1 1 0 2 -1 0 0 -1 0 1 1 0 0 1 3 1 0 -1 0 0 0 0 0 0 -1 0 1 0 0 0 -1 0 0 0 0 -1 -1 0 0 1 -1 1 0 0 0 0 0 -1 -2 0 1 1 1 1 1 -1 0 0 0 1 -1 0 0 -2 1 1 0 -1 1 -1 1 1 -1 -3 0 0 1 0 -1 0 1 0 0 2 2 -1 0 0 0 0 0 0 -1 1 0 0 -1 0 -1 0 0 -2 1 0 -1 0 0 1 0 -1 -1 0 1 1 2 1 0 0 0 0 -1 0 0 0 0 0 0 -1 -1 0 2 0 -2 0 -1 0 0 0 -1 1 0 -1 2 0 0 0 0 0 0 -2 -2 1 1 2 1 2 0 -1 0 -1 0 0 1 0 0 -1 -1 0 1 0 0 -1 0 -2 1 -1 0 -1 0 0 0 0 0 1 1 0 1 1 0 0 1 1 0 -1 1 1 -1 0 -1 0 0 0 0 1 -1 0 0 0 0 1 0 2 -1 -2 0 1 0 0 -1 -1 0 0 0 0 2 0 -1 0 -1 0 0 0 0 -1 1 0 1 0 0 1 0 0 0 0 -2 -2 1 1 0 -1 0 0 0 0 0 0 0 0 0 -1 1
-1 0 0 1 0 -1 0 3 0 -2 1 0 1 -1 23 -1 0 3 -1 1 0 1 1 0 1 -1 2 2 0 1 0 0 0 1 0 0 0 1 0 -1 3 0 -1 0 -2 0 1 1 0 0 0 -1 -1 -2 0 0 -2 1 0 0 0 -1 1 1 -2 2 0 1 0 0 1 0 0 0 0 0 1 0 0 -1 1 0 -1 0 0 1 0 0 0 -3 0 1 -1 0 0 0 -2 -1 1 0 0 1 1 0 0 0 1 -2 0 1 0 0 0 -3 -1 1 -2 0 -1 -1 1 0 0 2 0 2 -1 0 1 1 0 0 0 2 0 -1 -1 -2 0 -1 0 0 1 0 0 -1 0 1 0 3 2 1 -1 0 0 0 0 0 -1 0 0 2 0 0 1 -2 0 0 0 -2 1 1 0 -1 -1 1 -1 4 -1 0 -1 0 -1 0 -1 1 0 1 2 2 0 1 0 0 1 0 -1 0 0 0 0 0 -1 -1 0 -1 1 -2 0 0 -2 1 0 0 2 0 0 0 -3 0 0 -1 1 1 2 0 0 0 0 3 1 0 -1 3 -1 0 0 0 0 1 0 0 0 0 0 0 -2 0 0 1 0 -2 -1 1 0 -1 0 0 0 0 0 2 -1 -1 0 0 1 -1 -1 -1 0 -1 0 1 0 2 -1 0 -1 0 1 0 0 0 -1 0 1 0 0 2 0 1 0 0 0 1 1 -2 -1 0 1 2 -1 -1 0 0 1 0 -1 -1 0 -1 1 0 1 -1 -1 3 2 1 0 -1 0 -2 0 0 -1 0 0 0 0 0 -1 3 0 -1 0 0 -3 0 -2 0 0 0 -2 2 2 -1 0 0 0 -3 0 0 2 0 -2 1 1 -1
0 1 -2 0 1 -1 1 -2 0 -3 2 0 -1 2 -1 24 2 1 1 -2 2 0 0 3 2 0 0 -2 0 0 0 -1 1 0 1 -2 2 0 1 0 0 0 0 0 1 0 -1 1 2 2 -1 -1 1 0 1 1 2 0 2 1 0 1 3 2 0 1 3 -2 1 1 1 0 0 2 1 0 1 -1 1 -1 2 0 0 0 0 -1 -1 0 -1 2 0 0 0 0 0 -1 0 0 0 -1 1 -1 1 0 -1 0 -1 0 1 3 1 0 0 -1 1 0 -1 1 0 2 -2 1 0 0 0 0 0 0 0 0 0 1 0 0 3 -1 -1 0 0 1 0 -1 0 1 0 1 1 0 0 1 1 2 2 0 0 -1 0 -1 -2 2 -1 0 -1 2 -1 0 -1 0 2 -1 1 1 -1 1 -1 1 0 -1 0 1 1 2 0 1 1 0 0 4 -1 -1 0 1 0 1 0 0 0 1 0 4 0 2 0 0 0 2 0 -1 0 2 -1 0 2 2 2 -1 0 2 1 0 0 -1 0 -1 -2 -1 -1 1 1 2 3 -1 0 0 1 0 0 0 0 0 0 -1 0 2 2 1 1 -1 -1 3 0 0 0 -1 1 0 1 5 0 0 -1 -1 3 -1 0 3 0 0 0 0 0 0 0 0 0 1 1 0 -1 -1 0 1 0 1 0 -1 1 2 1 1 0 0 0 1 0 0 0 1 0 -1 0 0 -1 0 0 1 3 1 0 1 -1 -1 1 0 -1 -3 1 -1 0 0 1 0 0 1 0 1 0 2 1 -1 1 -2 -1 2 2 -1 1 0 -2 0 1 0 1 -1 0 1 -2 0 1 0 0 0 -1 -1 0 1 2 0 -1 2
-1 0 0 -1 1 -1 0 0 0 -3 0 0 1 1 0 2 13 0 1 0 0 0 0 0 0 -1 1 0 -1 1 -1 0 0 0 1 0 -1 0 1 0 0 0 0 0 1 -1 0 0 1 1 0 1 0 0 1 0 1 0 1 0 0 0 0 0 0 1 1 0 0 -1 2 1 0 -2 0 1 0 0 0 0 0 1 0 0 -1 0 0 0 1 -1 0 -1 0 1 1 0 -1 1 0 0 0 -1 1 -1 0 -1 -2 0 0 -1 -1 1 0 1 0 0 0 -1 1 0 0 0 0 0 -2 0 -1 0 0 -1 0 1 0 0 0 0 0 -1 -1 1 -1 0 0 -1 0 0 0 0 0 1 -1 0 0 0 1 -1 1 0 0 0 1 0 -1 0 1 0 0 0 1 0 0 0 0 -1 -1 -1 -1 0 0 0 -1 -1 0 1 0 0 0 0 0 0 0 -1 0 1 -1 0 -1 0 -1 0 1 1 -1 -1 0 1 0 1 0 0 0 1 -1 1 0 1 0 1 0 1 0 0 0 0 -1 0 0 0 1 0 0 1 0 -2 0 -1 1 0 2 -1 -1 -1 1 0 1 0 0 0 -1 -1 0 0 1 0 0 0 -1 1 -1 0 1 1 0 -1 1 0 0 0 0 0 -1 0 1 0 1 0 1 1 0 -2 -1 -1 0 0 0 -2 1 1 0 0 -1 0 -1 0 0 0 -2 0 0 0 1 0 0 0 0 0 0 3 0 0 0 0 0 -1 0 0 0 -1 0 0 0 0 -1 0 0 0 0 1 1 -1 1 -1 -1 0 0 0 0 0 -1 0 1 0 0 0 1 1 -1 0 -1 0 0 0 -1 -1 0 0 2 0 0 1
1 1 1 -1 -1 1 -2 0 -1 -3 1 0 -1 -2 3 1 0 25 2 3 0 0 0 0 1 2 -1 0 -1 0 0 0 0 1 0 0 -1 0 -3 -1 -1 2 0 0 1 0 0 0 0 1 -2 -2 1 0 1 1 0 0 0 1 0 2 -1 0 1 -3 -1 1 2 2 -1 1 0 1 1 0 0 0 -1 0 1 0 -2 -1 2 0 0 1 -1 2 2 0 0 1 -1 2 -1 0 1 0 0 0 1 0 1 -1 0 -3 0 2 1 -1 0 0 -1 -1 2 0 -1 0 2 0 -1 -1 0 1 -1 -1 2 0 1 0 0 1 0 2 1 0 -2 0 -1 0 2 0 0 -1 0 4 2 0 1 -3 0 0 -1 0 0 0 -1 0 3 2 0 0 1 3 0 0 1 1 -2 1 0 -1 1 0 1 2 0 0 2 0 -2 -1 0 0 0 1 1 0 -1 -1 0 0 0 2 0 0 1 0 2 0 -1 -1 0 1 0 0 -1 1 1 0 0 -1 0 0 0 -1 -2 -1 1 0 1 0 1 -1 -1 0 -1 0 1 1 0 -1 0 0 1 0 3 -2 0 0 -1 0 1 0 -1 0 1 2 2 0 -1 -1 1 0 0 -1 -2 0 1 0 1 -2 2 -1 0 0 0 1 0 1 -2 -1 1 2 -1 0 -1 -1 -1 1 2 -1 1 1 0 0 1 0 1 -2 0 0 0 2 1 1 1 0 0 0 -1 -1 0 -1 1 0 -1 0 0 -1 0 0 -1 -2 0 -1 3 0 -1 0 -1 -2 3 0 1 -1 1 3 0 -1 0 0 1 0 0 1 0 1 -2 0 0 1 2 3 -1 0 0 0 1 1 1 1 1 0 2 1 0 -4
2 0 -1 0 3 1 -1 -1 0 1 1 1 1 -1 -1 1 1 2 19 1 0 1 0 0 1 0 0 0 1 0 0 2 0 0 -1 -1 1 0 0 1 0 -2 -1 1 0 2 1 0 1 1 0 0 0 0 2 0 2 -1 1 1 0 1 1 0 1 -1 1 -1 0 0 0 1 0 0 0 -1 1 1 0 0 0 0 -2 0 0 -1 0 0 2 0 0 -1 1 0 1 1 -1 0 0 1 0 0 -1 0 0 1 1 0 0 0 3 2 0 0 3 0 3 0 -1 0 -1 0 -1 0 0 0 0 0 0 0 0 0 0 0 0 0 1 0 -1 0 0 0 0 0 0 0 0 -1 0 0 0 0 1 0 -1 1 1 2 0 1 0 1 0 -1 0 1 0 2 1 0 0 0 1 -1 0 0 0 0 0 0 0 0 1 1 0 1 1 -2 0 2 0 -1 -1 0 0 1 2 1 0 0 1 0 -1 -1 0 0 0 0 0 0 0 1 -1 1 1 -1 0 0 1 1 0 0 2 -1 -1 0 -1 0 0 1 1 1 1 1 0 0 0 0 0 0 0 0 1 0 -1 0 0 -2 0 0 0 -1 0 0 1 0 1 1 1 0 -1 1 0 0 0 2 0 0 1 1 1 0 0 0 0 1 0 0 1 1 1 1 1 -1 0 0 0 2 0 1 1 0 1 1 1 0 1 1 1 1 1 0 3 0 0 0 0 0 2 -1 0 1 0 1 2 -3 0 0 0 0 -1 0 1 0 1 0 0 1 1 -1 0 -1 0 0 0 2 0 1 0 0 3 0 0 1 1 1 0 0 1 -1 0 -1 -3 -1 1 0 -1 1 2 3
0 -1 1 -2 1 1 0 1 0 0 2 0 0 -1 1 -2 0 3 1 21 0 0 -2 1 -1 0 -1 1 -3 -1 0 0 1 0 0 0 -1 1 1 0 0 -1 -1 0 0 1 0 0 0 1 -2 0 -1 1 0 0 0 0 -1 0 0 0 -1 -1 0 0 1 0 1 -1 0 0 -1 0 0 1 0 1 0 1 0 0 -1 1 1 0 0 0 -1 -1 0 0 -2 1 -1 0 -1 0 1 0 2 -1 0 0 0 0 -1 -1 0 1 0 0 1 0 -1 0 0 -1 -1 -1 2 0 -1 -1 1 0 0 -1 2 0 -1 -2 0 1 -1 1 -1 0 0 0 0 -1 -2 0 0 -3 0 1 0 0 0 0 1 0 -1 0 0 2 1 0 2 1 -1 1 0 0 1 -1 0 1 0 1 0 1 -1 1 1 3 0 0 -1 0 -1 1 -2 -1 1 -2 -1 0 0 -2 0 2 0 1 0 2 2 -1 0 -1 -1 0 -1 0 0 0 0 0 1 1 1 -1 -1 -1 0 0 -1 0 -1 1 0 -1 1 -1 0 -4 1 -1 0 0 1 0 1 0 -1 -1 2 1 0 1 0 -2 -1 -2 0 0 0 1 -1 0 -1 1 0 1 -1 -1 0 0 0 -2 1 -1 0 -2 0 -2 0 -1 0 0 -1 0 1 0 1 1 0 0 0 1 1 0 0 -1 -1 1 2 -1 -1 -1 2 0 0 2 -1 0 3 0 -1 0 0 0 0 0 0 0 1 1 0 -1 0 1 -1 1 0 1 1 0 -2 -1 1 2 1 1 1 0 0 -1 0 0 1 1 0 2 0 1 -1 0 1 1 0 1 0 1 0 -1 1 0 -1 1 0 0 1 0 -1 1 -1 -1
2 -1 0 -1 0 1 0 -1 -1 0 0 -2 0 2 0 2 0 0 0 0 17 0 2 -1 0 0 -1 -1 0 -1 0 0 1 0 -1 0 -1 0 0 1 -1 0 0 -2 0 0 0 0 0 0 2 -1 -1 0 1 0 -2 0 -1 0 0 0 -1 0 0 0 0 0 1 -1 0 0 0 0 0 0 -1 -1 0 0 1 1 0 0 1 2 0 0 -1 0 1 0 0 0 -1 -1 1 0 0 -2 1 2 -1 -1 0 -1 0 0 0 1 2 0 0 1 2 0 0 0 0 0 1 1 0 0 0 1 -1 0 0 -2 0 0 0 0 -1 -3 0 0 0 0 2 0 1 0 0 0 0 1 -1 -1 1 0 0 -1 -2 -2 0 1 0 1 0 1 -1 -1 -1 1 0 1 0 1 -1 1 1 0 0 0 -1 0 0 0 1 0 1 0 -1 0 0 1 0 0 -1 0 1 1 1 -1 1 1 0 0 3 0 0 -1 0 0 0 1 0 -1 -1 1 2 1 -1 -1 0 1 1 -1 0 -1 0 0 -1 -2 0 0 0 1 0 1 1 -1 0 1 0 0 1 0 0 1 2 1 0 0 1 -1 -1 1 0 0 0 0 0 1 -1 0 0 0 0 0 1 -1 0 0 0 1 1 -1 -2 0 3 0 0 0 1 0 1 0 1 -1 1 0 0 3 -1 0 0 1 0 0 0 1 1 1 0 0 -1 0 1 0 1 -1 -2 1 -1 -1 1 0 0 0 1 0 1 1 3 0 -1 0 0 0 1 1 1 1 -1 2 0 0 -2 -1 -2 -1 0 1 0 1 0 1 1 1 -2 -1 -1 1 1 0 0 -2 0 1 -2 -1 0 0 -1 -1 1 2
1 0 -1 2 -2 0 1 0 0 0 1 -1 1 0 1 0 0 0 1 0 0 22 0 0 2 -1 1 -1 2 0 0 0 0 1 -2 0 -1 0 2 1 2 -2 0 0 0 0 0 0 1 0 -1 1 -1 -1 0 0 1 -1 0 1 0 1 0 1 0 -1 0 0 0 1 2 2 1 1 2 1 2 1 -1 -1 1 1 -1 -1 0 0 0 1 0 0 -3 0 0 -1 2 0 0 0 0 -1 0 0 0 0 0 -1 -1 0 1 0 0 -2 1 1 0 -1 1 -3 0 0 0 2 -1 3 3 0 0 -1 0 0 1 -1 4 1 0 1 1 -1 -1 0 -1 1 0 2 0 1 -2 1 -1 1 0 2 -1 0 -1 1 1 1 1 0 -1 0 0 0 -1 0 0 1 0 0 1 1 0 1 -2 1 0 -1 0 1 1 0 1 0 0 0 1 0 -1 2 0 -2 0 1 1 -2 1 1 1 -1 1 -1 -2 0 0 0 1 0 0 0 0 0 -1 0 0 0 1 0 0 1 0 0 -1 0 0 0 -1 0 -1 1 1 0 1 -1 1 0 2 0 -1 1 0 0 1 0 -1 0 0 0 1 2 0 1 1 0 1 1 1 2 0 0 0 3 -1 -1 1 0 0 -1 0 -1 1 0 0 0 0 0 -3 0 0 1 1 2 0 -1 1 0 0 3 1 0 1 0 1 -1 -1 0 -1 0 1 0 -1 -1 0 1 1 2 1 -1 0 -1 0 0 1 -1 -1 0 0 1 -1 -1 -2 0 3 -1 0 0 1 0 1 -1 0 -3 -1 0 0 1 -1 0 2 1 0 3 -1 0 -1 0 1 0 0 -1 -1 0 0 -1 0 0 2 0 0 0
1 2 1 0 0 -2 0 1 0 -1 -1 -2 1 0 1 0 0 0 0 -2 2 0 22 -1 -1 0 0 -1 1 -2 0 0 3 0 2 0 1 1 1 1 0 1 2 0 0 -1 0 -1 1 -1 0 0 -1 0 0 0 0 0 0 0 0 0 0 2 1 3 1 0 -1 0 0 3 -1 1 -2 1 1 1 -1 0 0 0 1 1 -1 1 1 0 0 -1 1 -1 0 0 1 0 1 0 0 0 0 1 2 0 1 0 0 1 0 1 2 0 2 1 0 0 0 -2 0 -1 0 2 -1 0 0 0 1 2 1 2 0 1 -1 1 1 -1 2 0 0 1 -1 2 2 0 0 0 0 -1 0 1 2 0 0 0 1 0 0 -1 0 0 1 1 2 -2 0 -1 0 1 0 -1 -2 2 3 0 2 1 0 0 1 -1 0 0 0 0 0 0 -1 1 0 -1 1 -1 -1 -1 -1 1 0 0 -2 0 0 0 1 -2 3 -1 0 0 0 0 0 -2 2 0 -1 0 1 -1 1 0 0 -1 1 0 -1 0 -1 0 -1 1 1 -1 -1 -1 0 0 1 0 1 0 0 -1 0 1 -1 1 -1 0 -1 1 0 2 -1 0 -2 -2 -1 -1 0 -1 0 0 -1 -2 0 -1 0 2 -1 -1 0 1 1 2 -1 -1 0 0 -1 1 -1 1 0 0 0 1 1 0 -1 0 0 -1 -1 0 0 1 1 1 -1 0 -1 -1 0 0 1 2 0 0 2 -2 -1 1 0 0 4 -1 0 0 -1 0 0 -1 -3 -1 2 1 0 2 0 2 0 2 -1 1 1 -2 0 -1 0 1 -1 0 0 0 0 -1 1 -1 0 -2 0 1 1 -1 0 0 0 0 2 1
0 0 0 0 0 0 0 0 1 0 2 -1 0 0 0 3 0 0 0 1 -1 0 -1 13 1 0 3 1 1 1 0 -1 0 0 0 -1 2 0 0 -1 0 0 -1 0 1 0 0 0 -1 1 -2 0 0 0 0 1 0 -1 0 -1 0 0 0 1 0 0 3 0 0 -1 0 0 0 1 0 0 1 -1 0 -1 2 1 -1 0 0 0 -1 0 0 0 1 -2 0 1 0 0 1 0 0 0 1 -1 1 0 -1 2 1 0 0 0 0 0 0 -1 1 0 1 1 0 0 0 -1 0 0 0 0 1 -3 0 -1 1 0 0 0 0 1 -1 0 0 0 -1 0 -1 -1 0 3 -1 0 0 2 -1 1 0 -1 0 0 1 0 -1 2 1 0 1 0 -1 0 0 -1 0 1 0 -1 -1 0 0 0 1 0 0 0 1 0 -1 0 -1 1 0 1 0 1 0 0 0 0 0 0 -1 0 1 1 0 0 1 -2 0 0 1 0 -2 0 0 -1 0 -1 2 1 0 2 2 3 0 -1 1 0 1 -1 -1 1 1 1 0 0 0 -1 -1 1 0 0 0 1 0 1 0 1 1 0 0 -1 -1 2 1 0 0 -1 -1 -1 0 0 0 0 -1 0 2 0 0 0 0 0 0 0 0 1 1 0 0 1 0 0 -3 0 0 1 0 0 1 0 1 0 1 1 1 1 0 -1 0 -1 0 0 2 0 0 0 0 0 1 0 0 0 0 0 0 -1 -1 1 -1 -1 1 0 1 0 0 2 1 0 -1 0 0 0 2 0 0 0 1 0 0 -1 1 1 -2 0 1 1 -1 1 0 0 -1 1 1 1 1 0 0 -2 0 0 -1 0 0 3
-1 0 0 1 -2 2 -1 0 -1 -1 0 0 3 0 1 2 0 1 1 -1 0 2 -1 1 19 -1 2 0 2 0 0 0 0 0 0 0 1 1 0 0 0 0 -1 1 0 1 1 1 1 0 -1 -1 1 0 0 0 1 -1 0 1 1 0 1 -1 -1 2 2 0 1 1 1 0 1 1 2 0 0 0 1 0 -1 0 -2 2 0 2 1 0 -1 2 0 1 0 1 0 0 1 0 0 3 2 0 0 0 0 1 0 0 0 0 0 0 2 0 1 -1 1 0 0 1 0 -2 0 0 0 -1 -1 1 0 1 0 1 1 -1 0 0 -1 0 0 1 -1 0 1 0 1 0 -2 -1 -1 0 1 0 1 0 -1 1 1 0 0 0 -1 0 0 0 0 2 2 0 0 -1 1 1 0 0 0 -1 -1 0 -1 -1 -1 0 0 0 1 0 0 2 -1 -1 -1 1 -2 0 1 2 0 3 -1 0 0 1 2 0 0 -1 0 0 0 0 -1 0 0 1 0 0 0 -2 0 0 0 -2 -1 0 0 -1 -1 0 1 0 0 -1 0 -1 -1 0 0 0 0 0 -1 0 -1 0 1 1 0 0 0 -1 0 0 0 0 0 2 1 3 -1 0 0 0 1 0 0 0 1 -1 -1 0 -1 3 0 0 0 0 0 0 -1 -1 2 1 0 0 1 -1 2 0 -1 0 1 0 -1 1 0 0 -1 0 3 1 -3 -1 0 0 -1 0 0 0 0 0 1 0 -1 -1 -1 -1 -1 -1 -1 0 0 0 -2 -1 1 0 0 -1 -2 2 0 0 0 -1 2 0 0 0 2 0 -1 -1 0 3 0 0 -1 1 2 1 0 0 0 -1 0 0 0 1 -1 -1
0 0 2 1 0 0 0 0 1 0 0 0 0 -1 -1 0 -1 2 0 0 0 -1 0 0 -1 19 2 0 0 0 1 -1 0 0 1 0 0 -1 0 0 0 0 1 1 0 0 0 0 -2 0 -1 -1 -1 0 0 0 0 0 -1 0 0 1 0 0 0 0 1 0 0 1 2 0 0 0 0 1 0 1 0 0 0 0 0 0 0 -1 0 0 1 -1 0 -2 1 1 -1 1 1 -1 0 0 1 1 0 2 1 1 0 0 0 0 0 1 0 1 0 2 0 1 -1 0 1 -1 2 1 2 -1 0 0 0 0 0 1 0 0 0 2 0 1 0 1 1 -1 -1 -1 0 1 -1 7 0 0 1 1 2 0 1 -1 -1 1 -1 0 1 0 0 0 -1 2 1 0 1 2 0 1 -2 1 1 0 2 0 -1 -1 -1 0 0 0 0 -1 0 -1 1 2 -1 1 -1 0 0 0 1 -1 -2 0 -1 1 -1 2 1 0 0 0 0 2 0 0 0 1 3 0 0 -3 0 0 0 1 1 0 1 2 -1 1 1 1 0 1 0 -1 0 1 0 0 1 0 2 0 0 -1 0 0 0 0 -1 0 0 0 -1 2 1 -1 3 0 0 1 2 0 0 0 -1 0 0 -1 0 0 2 0 0 0 1 0 0 -1 0 1 1 1 1 0 0 0 1 0 0 0 0 0 2 2 0 0 0 1 0 -1 0 -1 1 0 2 0 1 0 2 -1 -2 0 0 -1 0 2 0 1 1 1 -1 0 1 0 0 0 0 0 1 0 -2 1 0 -1 -1 1 0 0 -2 1 0 0 -1 0 0 0 0 -2 1 0 0 2 1 0 -1 0 2 1 0 1
-3 -1 0 0 0 -1 0 -1 2 -2 0 -1 -2 0 2 0 1 -1 0 -1 -1 1 0 3 2 2 20 1 0 1 0 -1 -1 -1 1 0 2 0 0 0 -1 -1 -1 0 0 -1 1 -1 -1 0 -1 0 -2 0 0 -1 -1 -1 1 -2 0 -1 0 0 0 0 0 0 0 0 1 -1 1 2 1 1 -1 0 1 0 0 -1 0 -1 1 0 -2 0 1 0 0 -1 0 2 1 -1 0 0 0 -1 -2 -1 0 0 2 1 -2 0 0 2 -1 -1 0 0 0 2 1 2 0 0 1 -2 0 1 0 -2 0 -2 1 2 0 0 0 0 0 1 -1 0 -1 0 1 -2 0 0 0 0 -2 -2 0 2 1 1 -1 -2 1 0 2 0 0 2 3 0 -1 -1 0 0 0 0 0 0 0 1 -1 -1 -2 0 -1 1 -2 1 0 0 1 -1 0 1 0 -1 0 1 0 1 0 1 1 0 0 1 -1 0 0 0 0 2 -1 0 1 0 1 1 0 -1 0 1 1 0 0 0 0 0 0 0 2 0 1 -2 1 -1 0 -1 -1 0 -1 -2 0 1 0 0 0 1 0 0 0 -1 0 0 0 0 0 1 1 1 2 0 -1 -1 -1 2 -1 -1 0 0 1 1 -1 0 1 1 0 -1 1 0 1 0 -1 0 0 0 0 0 0 0 0 1 0 0 1 0 0 0 0 0 2 0 0 -2 1 -1 0 -3 0 -3 0 1 3 0 1 2 0 0 0 -1 -1 1 -1 1 0 0 2 1 0 2 -1 -3 -1 -1 0 0 2 -1 0 -1 0 0 0 0 0 0 0 1 -1 0 0 0 0 1 -2 2 1 2 0 -1 1 -2 0 -1 2 0 1 4
-1 1 0 0 1 0 0 2 1 0 0 1 0 0 2 -2 0 0 0 1 -1 -1 -1 1 0 0 1 16 0 0 0 1 -1 1 0 -1 0 0 0 0 0 0 1 -1 -2 0 -1 0 -2 0 -1 0 1 3 0 0 1 1 -1 0 0 1 0 0 1 -1 0 2 0 0 -1 0 0 0 0 0 0 -1 -1 0 0 0 -1 0 2 1 1 -1 0 0 0 0 0 1 1 0 1 0 0 1 1 1 0 0 0 0 -1 0 -2 0 0 0 0 0 -1 0 1 0 0 0 2 -1 0 -1 -1 0 1 -1 1 0 0 0 0 0 3 1 0 0 0 1 0 0 -1 0 0 0 0 1 0 -1 -1 0 0 0 0 0 1 0 0 0 0 0 0 0 0 0 0 0 -1 -1 2 1 -1 -1 0 -2 0 1 -1 2 1 1 0 -1 0 -2 2 -1 2 2 0 0 0 1 -2 0 0 -1 -1 0 0 0 2 0 0 0 0 -1 -1 1 -1 -2 0 1 2 0 0 0 2 1 0 0 0 0 0 0 0 -1 3 1 -2 1 -1 2 -1 2 0 0 1 0 0 0 1 0 0 2 1 0 0 -1 1 1 0 0 0 0 0 0 0 0 -1 0 0 1 0 0 1 1 1 0 0 0 0 -1 0 0 -1 0 -1 0 0 0 0 0 1 3 0 1 1 -1 0 1 0 1 0 0 -1 0 0 -1 2 1 0 0 0 -1 0 -1 0 0 0 1 0 0 -1 1 1 1 1 0 0 1 0 -1 0 0 -1 1 1 2 1 -1 0 0 0 0 1 -1 0 2 0 0 0 0 0 1 1 0 0 1 0 -1 0 2 -1 0 0 0 -1 1
1 0 -1 2 0 0 2 0 1 1 0 -1 0 1 0 0 -1 -1 1 -3 0 2 1 1 2 0 0 0 16 -1 0 1 1 0 0 0 -1 -1 0 0 0 0 2 -2 0 1 -1 1 0 1 1 0 0 0 0 -2 0 -2 0 0 -1 1 2 1 -1 -1 -1 0 1 1 2 0 0 0 0 1 1 0 -1 -1 0 -1 1 0 -1 0 0 1 0 0 -1 0 0 0 0 0 2 0 -1 -1 0 1 2 2 1 1 -3 0 -1 -1 -1 0 1 1 0 0 -1 0 2 0 0 -1 0 -1 0 0 0 0 0 2 0 2 0 0 -1 -1 0 0 0 0 0 1 0 2 1 0 -1 0 1 0 0 0 0 0 0 0 0 -1 0 0 -1 1 1 0 -1 -1 -3 0 -1 -1 0 1 0 0 1 1 0 -1 0 0 1 0 0 0 0 -1 0 1 -1 1 1 0 0 1 1 2 -1 0 0 1 0 0 2 -1 0 1 0 0 0 -1 -1 0 0 0 0 0 0 1 0 0 0 -2 -1 1 -2 -1 -1 1 1 1 0 -1 0 -1 0 -1 0 0 -1 -1 0 2 0 0 -2 2 0 0 1 0 1 0 0 0 0 0 0 0 0 0 0 2 1 1 0 -1 0 1 -1 2 0 2 -1 0 -1 1 -1 0 -1 1 1 1 0 0 0 0 2 0 0 1 3 0 0 1 0 1 0 -1 1 -1 1 0 1 1 0 0 0 1 0 -1 1 -1 0 0 1 -1 -1 1 1 -1 0 0 0 0 2 0 0 0 0 0 0 1 0 -1 1 0 1 0 0 0 -1 0 0 0 1 0 1 1 1 1 -1 0 0 0 1 1 0 1 -1 0
0 0 0 0 -1 0 1 -1 0 -2 0 0 1 -1 1 0 1 0 0 -1 -1 0 -2 1 0 0 1 0 -1 11 -1 0 -1 0 0 0 2 -1 0 0 0 0 -2 1 0 0 0 0 -1 -1 -1 1 0 -2 0 0 0 0 0 0 0 0 -1 0 0 2 -1 0 -1 0 0 -1 0 -1 -1 0 1 -1 0 0 1 0 2 0 0 1 0 0 0 0 0 0 0 0 0 1 0 0 0 0 -1 -2 0 0 -1 0 0 0 2 1 -1 0 1 1 -1 0 0 0 0 0 -1 -1 0 1 0 0 0 0 0 -1 0 0 0 0 0 0 -1 0 0 0 0 0 -2 -1 0 1 0 0 0 0 -1 0 0 0 1 0 0 0 0 0 0 0 0 0 0 0 0 0 0 1 1 0 -1 0 0 0 1 -1 0 1 1 0 0 1 0 0 0 0 0 -1 0 0 1 2 0 0 0 -1 0 0 1 0 0 0 -1 0 -1 -1 0 1 2 -1 1 0 1 1 -1 0 -1 2 0 0 0 0 1 0 1 2 0 0 -1 0 1 0 1 0 1 0 -2 -1 0 0 0 0 1 -1 0 0 0 1 1 -1 -1 0 0 0 1 0 0 0 0 1 0 0 1 -1 0 0 0 0 0 0 0 0 1 0 3 0 0 0 0 0 0 0 0 0 0 1 0 0 0 0 -1 1 0 0 1 0 0 1 2 2 0 1 0 0 0 0 0 0 -1 1 2 0 -2 0 0 0 2 0 -2 2 1 1 -2 0 0 0 0 0 0 0 0 0 0 -1 0 0 -1 0 1 0 0 1 0 0 -1 0 -1 1 0 1 0 1 1 1 0 -1 -1 -1
0 0 0 1 -1 0 0 0 0 2 -1 1 -1 0 0 0 -1 0 0 0 0 0 0 0 0 1 0 0 0 -1 13 1 0 0 -2 0 1 0 0 1 0 -1 1 0 1 1 0 1 0 0 0 1 -1 0 -1 1 1 0 0 0 1 0 0 1 0 0 -1 -1 1 1 -1 1 0 0 3 0 -1 1 2 0 0 0 0 0 1 0 2 -2 0 0 0 1 0 1 0 0 1 -1 1 -1 0 1 0 -1 1 -1 2 1 -1 0 -1 0 0 1 -1 0 0 1 0 0 1 0 0 0 0 0 0 0 0 -1 0 0 0 0 1 1 0 1 0 0 0 0 0 0 -1 0 0 0 1 -1 0 0 1 -1 -3 0 0 -1 1 1 0 -1 0 0 0 1 0 0 0 0 0 0 0 0 0 1 1 0 0 -1 0 0 -1 0 -1 0 0 0 1 0 -1 1 0 0 0 -1 0 1 1 2 -2 0 -1 0 1 0 0 1 0 0 0 -1 0 0 1 0 -1 -1 0 0 0 1 -1 0 1 0 -1 0 0 1 0 0 1 0 2 0 0 -2 0 -1 0 0 0 -1 -1 0 0 0 0 1 0 0 0 1 1 0 0 1 1 -1 1 0 0 0 1 0 0 0 1 1 0 0 0 2 0 0 1 -1 0 2 0 0 0 0 0 1 -1 0 0 0 0 0 0 1 0 -2 0 0 0 0 0 0 0 0 0 0 0 -1 0 0 -2 1 0 -1 0 -1 0 -1 0 0 1 0 1 1 0 0 0 -1 0 -1 3 1 -1 0 0 0 0 0 -1 0 0 1 1 -1 0 0 1 0 0 0 0 -1 0 2 0 0 -1 0 1 0
0 1 0 1 0 0 -1 1 -3 1 1 1 1 -1 0 -1 0 0 2 0 0 0 0 -1 0 -1 -1 1 1 0 1 19 0 1 1 0 1 1 1 2 -1 1 0 -1 -1 0 -2 0 0 -1 -1 0 0 0 0 0 1 0 -1 0 0 1 -1 -1 0 1 0 0 0 -1 0 -1 0 -1 1 -1 1 0 0 0 0 1 0 1 -2 -1 2 -1 0 1 -3 0 0 -1 0 0 0 0 0 0 -1 0 0 2 0 0 0 0 0 -2 1 0 0 -4 2 0 0 -3 0 0 1 2 0 -1 0 0 0 1 0 0 0 2 0 0 1 -1 1 -1 1 2 1 0 3 -1 2 -1 0 -1 -1 2 0 0 -1 -1 -1 2 0 1 2 0 0 1 1 -1 0 -1 1 0 1 0 0 -1 0 -1 0 0 1 -1 1 1 1 0 0 1 0 0 0 -1 -1 0 0 0 0 0 0 2 1 0 0 1 2 -1 0 1 0 0 -1 1 -1 0 -1 0 -1 -1 1 0 0 -1 -2 0 0 0 -1 0 0 0 0 0 0 1 3 1 0 1 -2 1 -1 1 1 -1 -1 0 1 0 0 0 -1 -1 0 1 0 0 2 0 0 1 2 0 0 0 0 1 0 0 0 1 0 0 1 -1 1 0 0 -2 1 0 -1 0 -1 0 0 0 1 1 -1 0 1 0 1 -2 1 0 0 0 -1 2 0 -1 1 0 -1 0 1 0 0 0 0 -2 0 0 0 0 0 1 -1 0 0 0 1 0 0 1 0 -1 0 1 -1 -1 -1 0 0 1 1 1 0 0 1 0 2 0 0 0 0 1 3 -1 -1 0 0 0 0 1 0 1 1 -1 -1 1 0 0
3 0 0 1 0 0 0 0 0 -1 -1 0 1 1 0 1 0 0 0 1 1 0 3 0 0 0 -1 -1 1 -1 0 0 14 0 0 2 0 -1 1 1 0 1 1 1 1 2 0 1 0 0 0 0 0 1 0 0 0 1 0 0 0 0 0 1 0 0 1 -1 0 1 0 1 0 0 0 0 0 1 0 -1 0 0 1 1 0 0 1 0 -1 0 1 -1 0 0 1 1 0 0 0 0 0 0 1 0 2 -1 -1 1 0 0 1 0 1 0 0 0 1 1 0 0 0 1 -1 0 0 -1 1 1 0 -1 0 1 0 -1 1 -1 0 1 0 -2 0 1 1 0 -1 -2 0 0 -2 -1 0 2 0 0 0 0 1 0 0 -1 1 1 1 0 1 0 0 0 0 -1 -1 2 2 0 0 1 2 -1 1 1 0 0 0 0 0 -1 0 0 1 0 0 -1 0 -1 0 0 0 1 -1 0 -1 -1 -1 0 -1 1 1 1 -1 0 -1 1 1 0 -1 0 1 1 -1 0 0 0 0 0 -1 1 -1 -1 1 1 2 -2 -1 0 -1 1 -2 1 -1 0 0 0 0 1 1 -1 0 0 0 0 1 1 -1 0 0 -1 0 0 0 0 0 0 1 0 1 0 0 0 0 0 0 0 -1 0 0 0 0 0 0 0 0 0 0 0 1 2 0 0 0 0 1 -1 0 0 0 0 0 1 -2 0 1 0 1 0 1 0 -2 0 0 0 -2 -1 0 1 2 0 0 2 0 0 -1 -2 0 0 2 0 2 0 1 0 -1 1 2 1 0 0 1 0 -1 0 0 0 0 0 0 1 1 0 2 0 0 0 1 0 0 1 0 1 0 0
0 0 1 0 1 0 0 1 -1 0 0 1 1 0 1 0 0 1 0 0 0 1 0 0 0 0 -1 1 0 0 0 1 0 10 0 0 0 -1 1 0 2 0 1 0 0 -1 -1 0 0 0 0 1 0 1 0 1 2 0 -1 0 0 0 0 1 1 1 0 0 0 0 -1 -1 0 0 0 0 0 0 -1 0 0 0 -3 0 0 1 0 1 0 1 0 0 0 0 0 0 0 0 0 0 0 -1 0 0 0 0 0 0 0 -2 0 0 1 0 0 -1 0 0 1 0 -1 -1 0 0 0 1 -1 -1 1 -1 0 2 0 0 3 0 1 1 0 0 0 0 0 0 0 1 0 2 1 0 1 0 0 0 0 0 1 0 1 0 0 0 0 0 0 0 0 1 0 0 0 0 0 0 0 0 2 -1 0 1 0 0 0 0 0 0 -1 0 1 0 -1 0 1 0 -1 0 0 0 1 1 0 -1 0 -1 0 -2 -2 0 0 0 -3 1 0 0 1 0 0 0 1 0 0 1 0 0 2 1 0 2 0 0 0 0 0 0 -1 1 0 0 1 0 0 1 0 0 0 2 0 0 1 -1 0 0 -1 0 0 -1 0 0 1 0 1 1 0 0 0 -1 0 -1 0 1 0 0 0 0 0 0 2 0 -1 0 0 1 0 1 0 0 0 0 1 0 0 -1 1 -1 0 0 -1 0 1 0 1 2 0 1 0 1 1 0 0 0 0 1 -1 0 0 0 0 0 1 1 0 -1 1 0 1 1 0 -1 0 1 0 0 0 1 1 1 0 0 0 0 -1 1 1 0 0 0 0 -1 0 1 0 0 -1 1 -1 0 1 0 0 0
0 1 1 1 0 0 -1 1 1 -2 0 -1 0 0 0 1 1 0 -1 0 -1 -2 2 0 0 1 1 0 0 0 -2 1 0 0 17 0 1 1 1 0 0 0 0 0 1 -3 0 -1 -1 0 0 0 1 -1 1 0 0 -1 1 -1 -3 0 2 0 -1 0 0 2 0 0 0 0 0 1 -2 0 0 -1 0 0 1 0 0 2 0 0 1 -1 0 0 0 -2 0 -1 -1 1 0 1 0 4 -1 -1 0 0 -1 -1 -2 0 0 0 1 0 0 1 0 0 0 -3 0 1 0 0 -1 1 0 2 -1 0 0 2 0 1 0 -1 3 0 0 -1 0 0 1 0 0 -2 0 1 0 1 2 0 0 0 1 0 1 -1 0 1 0 1 1 0 1 1 0 0 1 0 1 1 -1 0 0 0 1 0 0 0 1 0 0 2 1 1 0 -1 0 0 0 -1 -2 1 0 0 0 3 0 -1 -1 0 -2 0 -1 -2 3 0 0 -1 1 1 0 0 0 1 1 0 0 0 1 -1 0 1 0 0 -2 0 0 -1 1 -1 1 0 -1 0 -2 0 0 -1 0 0 0 0 -1 0 1 0 0 0 0 0 1 1 0 2 -1 0 0 0 -1 -1 1 0 0 1 0 0 0 2 0 0 0 1 2 -1 0 0 0 0 -1 -1 0 0 0 2 2 0 1 0 1 0 0 1 1 0 0 2 2 -1 0 0 0 0 -1 2 0 0 1 2 0 0 0 -1 0 -1 1 2 0 1 -1 0 -1 1 -1 -2 0 0 -1 -1 0 0 0 1 0 2 0 1 0 0 0 2 0 0 1 1 1 1 0 1 1 -1 0 1 0 -2 0 1 -1 0 1 1
0 -1 0 0 0 -1 0 1 0 0 -1 -1 0 0 0 -2 0 0 -1 0 0 0 0 -1 0 0 0 -1 0 0 0 0 2 0 0 10 0 0 0 0 0 1 1 0 0 0 0 0 0 0 1 0 -1 0 1 -1 -1 0 0 -1 -1 0 0 0 -1 0 0 1 1 0 0 -1 0 0 0 -1 0 0 0 1 0 0 0 0 0 0 -1 2 0 0 1 0 0 0 -1 1 0 0 -1 0 0 0 0 0 1 0 0 0 0 -1 0 1 0 0 0 0 0 1 0 0 1 0 1 1 0 0 -1 0 0 0 -1 1 1 0 0 2 0 0 0 -1 0 0 0 0 -1 0 0 -1 -1 1 -1 0 -1 -1 0 1 1 0 1 -1 -2 1 0 0 -1 1 0 0 -1 0 0 0 -1 0 -1 1 2 0 0 0 0 -1 -1 0 0 -1 -1 0 0 1 0 0 0 1 1 0 0 0 0 0 0 -1 1 0 1 1 1 0 -1 0 0 0 0 0 0 0 -1 0 -2 -1 1 0 0 1 -1 0 0 0 1 0 0 -1 0 0 0 -1 -1 0 0 0 0 0 0 1 -1 0 0 1 0 0 0 0 -1 1 0 0 0 0 1 1 1 0 -1 0 -1 0 0 -2 0 0 0 0 -1 0 0 0 0 0 0 0 0 -1 0 0 0 0 0 -1 0 0 0 -2 0 0 1 0 1 -1 0 0 0 0 0 0 1 0 0 0 0 0 -1 0 0 0 0 1 1 1 0 -1 -1 0 -1 1 0 0 1 1 0 1 -1 0 1 -1 0 0 0 0 0 0 0 2 0 0 0 0 0 1 -1 2 0 -2 0 0 0 0 2 -2 0 -1
-1 -1 0 0 0 0 0 0 -1 0 0 -2 -1 -1 0 2 -1 -1 1 -1 -1 -1 1 2 1 0 2 0 -1 2 1 1 0 0 1 0 20 2 0 0 0 2 -1 2 0 -1 -1 1 0 -1 2 1 0 0 1 0 1 -1 1 0 0 1 -1 0 -1 1 -1 0 -1 0 -1 0 1 0 -1 -1 0 -1 -1 0 0 0 0 1 -1 -2 0 0 -1 -1 0 -2 0 2 1 0 0 0 -1 -1 0 0 0 -1 -1 0 1 1 0 1 3 -1 -2 -1 1 0 0 0 0 -1 1 1 0 -1 0 0 0 -2 0 0 0 0 0 -1 1 0 -1 0 0 -1 1 0 -2 -1 0 1 1 1 1 1 -1 -1 0 0 1 0 -2 0 0 1 1 -1 0 0 0 0 0 1 -1 -1 -1 1 -2 2 0 0 2 -1 1 0 0 0 0 0 2 -1 2 -1 1 1 0 1 1 1 0 0 1 1 0 0 0 0 1 -2 0 0 -1 0 1 0 1 -2 0 1 1 -2 0 0 2 1 1 1 0 0 0 -1 0 0 -1 0 1 -1 0 0 0 1 0 0 -2 1 2 -1 0 -1 1 1 0 -2 1 1 1 0 1 0 0 0 1 -1 0 0 1 1 1 -1 0 0 -1 -2 2 -2 3 0 1 1 -2 0 -1 0 -1 0 0 -1 -1 0 1 0 0 0 2 2 0 1 1 0 -2 -1 0 2 1 -1 0 1 0 0 -1 0 1 0 1 0 0 1 0 -1 0 0 0 0 2 0 0 1 1 -1 -1 0 0 0 1 0 0 0 0 0 -1 -1 -1 0 0 0 1 -1 -1 0 1 0 1 1 3 0 0 0 -1 0 -1 0 1 0 0 -1
-2 0 0 0 0 -1 0 1 -3 0 1 -1 -1 0 1 0 0 0 0 1 0 0 1 0 1 -1 0 0 -1 -1 0 1 -1 -1 1 0 2 18 1 -1 1 4 1 0 -1 1 1 0 0 0 0 -1 0 -1 0 0 0 -1 -1 1 -1 0 0 0 0 2 1 0 0 -2 0 0 2 0 0 0 3 0 -1 0 0 1 0 0 0 -1 0 -2 -1 0 2 1 0 2 1 1 2 0 0 0 0 0 -1 1 0 0 0 1 0 0 4 0 -1 0 1 0 -1 1 -1 0 3 -1 0 0 1 0 0 0 0 0 0 1 0 0 0 -1 0 -1 -1 0 -1 0 3 -1 0 0 0 0 0 0 -2 0 -1 -1 0 -1 -1 0 0 0 -1 0 0 0 1 0 -1 0 0 0 1 0 0 0 0 0 0 2 -1 1 1 0 1 0 1 1 0 0 0 1 0 0 0 1 0 1 1 1 0 0 0 0 -1 -1 1 -2 0 0 0 0 2 -1 0 1 0 0 0 -1 1 0 0 0 -1 0 -2 0 -2 0 -1 -2 -1 1 1 0 1 -2 -2 0 0 0 0 -1 0 -1 2 1 -1 -1 1 1 0 0 2 0 2 0 0 1 1 -2 0 1 0 -1 0 0 0 0 -1 0 0 -2 1 0 0 1 -3 0 0 -1 -2 0 0 0 -1 1 0 0 0 1 1 3 0 0 0 1 0 0 0 0 -1 0 1 -2 0 1 1 0 0 0 0 0 0 -1 0 0 0 -2 -1 2 0 -1 1 0 1 0 0 0 -1 -1 -1 0 -2 0 0 1 0 0 1 0 1 0 -1 0 1 0 1 0 0 0 2 -1 0 0 -1 0 0 1 0 1
0 -1 0 0 1 -1 0 1 -1 0 0 -1 2 -1 0 1 1 -3 0 1 0 2 1 0 0 0 0 0 0 0 0 1 1 1 1 0 0 1 24 1 -1 1 0 0 0 0 0 0 -2 -1 1 1 -3 0 0 0 0 -2 -3 0 0 0 0 2 0 2 1 0 0 2 1 1 -1 1 0 1 0 0 0 -1 -1 1 1 0 -1 -1 1 0 2 1 -2 1 -1 -2 0 1 0 -1 0 3 0 -1 1 -1 1 0 -1 0 0 -1 1 1 0 0 0 0 1 -2 -1 1 -1 1 1 0 -1 0 -1 0 -1 -1 0 -1 0 0 1 0 1 0 -1 -1 2 0 2 0 1 0 1 1 1 1 -3 2 0 0 1 0 1 -1 -1 0 -1 1 1 1 -1 0 0 0 2 0 0 0 2 0 0 0 1 0 -2 1 0 0 -2 2 0 0 0 -1 0 0 0 1 0 1 -1 0 0 -2 0 1 -1 -2 -1 -1 -1 0 0 1 -1 1 0 -2 2 0 0 1 2 1 0 2 -2 1 1 0 -1 1 0 -1 0 0 0 0 0 -1 0 0 -1 -1 -1 -1 -1 -1 1 1 1 -1 -1 0 -3 1 -1 2 0 0 1 -1 1 -2 1 -2 0 0 -1 -2 -2 1 0 -1 0 0 1 0 -3 0 1 -1 -1 0 -1 0 0 1 1 0 -1 -1 1 0 0 1 -1 2 0 -1 0 0 -3 2 0 0 0 1 0 -1 1 0 -2 1 0 0 0 -1 0 0 2 -1 -1 0 1 0 1 -1 2 2 0 -1 -1 0 0 -2 -1 -1 0 2 1 0 0 0 0 0 1 2 2 0 1 0 -1 -1 0 0 -1 0 -1 1 0 -1 -1 0 -3 1
-1 -1 2 1 0 0 -1 0 0 0 1 0 -1 -1 -1 0 0 -1 1 0 1 1 1 -1 0 0 0 0 0 0 1 2 1 0 0 0 0 -1 1 21 1 -2 -2 -2 0 1 -1 2 -1 1 -1 0 1 -2 1 1 0 1 0 1 0 0 -3 -1 1 1 0 1 -3 -2 0 -2 -2 0 -1 1 0 0 -1 0 -1 0 0 0 -2 0 2 -1 1 -1 -3 1 -1 0 0 -1 -1 0 0 -1 1 0 -3 -2 0 0 -2 0 1 0 -1 -1 1 -4 1 0 0 -2 0 1 0 1 1 2 2 0 0 1 -1 0 0 -1 -1 0 0 1 0 -1 0 0 -1 1 1 0 -2 -1 -1 -1 -1 -1 1 -1 3 0 -1 2 1 0 0 1 -1 0 1 0 1 -1 0 0 0 0 -1 -1 0 0 0 -1 1 0 -1 -1 0 0 1 0 1 0 -1 0 0 0 0 1 0 -1 0 -1 2 0 0 0 1 0 0 2 0 0 -1 0 -1 0 0 0 -1 1 1 1 -3 1 0 1 0 1 0 0 0 1 0 1 -1 0 -2 -1 1 -2 1 0 0 1 1 0 1 0 0 0 -1 0 0 0 -1 0 1 0 -1 0 -1 1 2 0 0 1 -1 0 0 1 0 1 2 -1 1 -1 2 1 0 2 0 0 0 0 1 0 0 0 1 0 0 1 -1 1 -1 1 2 1 0 -1 1 2 0 0 1 0 2 4 1 1 0 0 0 -1 4 0 -1 0 0 0 0 0 1 -1 0 0 1 0 -1 1 -1 0 -1 0 -2 0 -1 1 0 0 -2 -1 2 0 1 0 0 0 0 1 1 0 0 -1 0 0 0 0 0 0 0 -1 2 1 2 -1
1 0 3 1 0 0 2 1 0 0 0 0 2 1 3 0 0 -1 0 0 -1 2 0 0 0 0 -1 0 0 0 0 -1 0 2 0 0 0 1 -1 1 23 1 0 0 1 1 1 1 -1 0 0 1 2 1 0 1 2 1 1 0 0 2 0 -1 -1 -1 0 1 1 -1 0 -1 3 0 0 0 1 0 -1 -2 -1 -1 -1 1 1 0 1 0 1 -3 0 0 0 1 -1 1 0 -1 0 3 0 -1 0 -1 -1 1 0 0 2 -1 -1 -1 -1 0 2 0 0 -1 0 -1 1 0 0 1 1 2 0 -1 -2 0 -1 0 -1 0 2 0 -1 0 0 0 1 0 -1 0 0 1 0 2 0 1 1 0 0 1 -1 1 0 0 0 0 2 0 1 1 0 -1 1 -2 -1 -1 1 2 0 0 1 0 0 0 -1 1 -1 0 0 0 0 0 -1 2 1 0 0 1 0 1 -2 0 1 0 2 1 -2 -1 -2 0 1 -1 0 -1 -1 2 3 1 1 0 1 0 0 0 2 2 -1 0 1 0 -1 -1 0 1 -3 3 0 0 0 2 0 1 1 1 2 1 -1 0 0 0 0 1 -1 0 0 1 0 0 0 0 0 1 1 -1 2 0 1 3 0 2 0 0 0 0 1 0 2 3 0 1 2 -1 -3 -2 0 1 0 -1 -1 1 0 -1 0 0 0 0 1 0 0 0 2 0 0 0 0 1 0 1 1 1 0 3 1 1 1 1 -1 1 0 0 1 -1 -1 -1 0 0 0 -2 0 1 2 3 -2 0 -1 0 -1 0 0 0 -1 1 0 0 0 -1 -1 2 2 3 -2 1 2 0 1 3 0 0 0 0 0 2 1 -1 0 -1
0 0 0 1 1 0 0 0 -1 -2 1 -1 0 0 0 0 0 2 -2 -1 0 -2 1 0 0 0 -1 0 0 0 -1 1 1 0 0 1 2 4 1 -2 1 20 2 0 0 -1 0 0 -1 -1 1 2 1 1 -1 -1 2 0 0 -1 0 1 0 0 0 0 1 1 1 0 -3 2 1 -1 -1 -1 0 -1 0 0 0 2 0 2 0 0 -1 1 0 -1 3 0 -1 2 -1 2 0 -1 0 0 0 0 0 1 1 -1 1 0 1 0 1 1 0 -1 0 0 1 2 0 0 0 1 1 -2 1 0 0 0 1 0 0 2 0 -1 0 0 0 0 -1 0 0 0 1 2 -3 0 0 3 0 0 -1 0 0 0 -1 -1 0 -2 -1 0 1 0 0 -1 1 0 0 -1 0 -1 -1 1 -2 0 2 0 1 1 1 2 0 0 1 0 0 1 1 0 1 0 0 0 1 0 -2 1 -1 -1 1 1 0 0 1 0 0 -2 0 -1 -1 -1 1 0 0 0 1 0 1 1 2 2 0 1 -1 0 -1 0 -1 -1 0 -2 0 -1 2 0 -1 1 -1 0 0 0 1 0 0 1 2 0 0 -1 -1 0 0 0 0 -1 1 0 1 -1 0 1 0 0 0 -1 2 0 0 0 0 -1 0 -1 0 2 1 -1 -1 0 0 -1 0 -2 1 -1 0 0 0 -1 3 1 0 1 1 1 0 2 0 0 -1 -2 1 -2 1 0 1 0 0 0 0 0 0 2 0 -1 -1 1 1 1 -1 0 0 0 -2 -1 1 0 1 0 1 0 -1 1 1 -1 0 0 -1 -1 1 0 1 0 -2 0 -1 2 1 -1 0 1 2 0 0 0 0 0 0 0 0 1
-2 0 0 0 -1 2 0 1 0 2 0 0 1 1 -1 0 0 0 -1 -1 0 0 2 -1 -1 1 -1 1 2 -2 1 0 1 1 0 1 -1 1 0 -2 0 2 28 0 -1 -1 3 -1 0 1 0 0 2 0 -1 0 1 2 1 1 0 0 1 0 2 1 0 1 3 0 2 0 -1 1 2 0 1 -1 1 0 0 2 1 1 0 2 -1 0 -1 -1 0 -3 2 1 0 2 0 2 -1 1 2 0 2 0 3 0 1 0 -1 1 1 2 -1 1 -2 2 -1 2 0 1 1 -1 -1 1 -1 1 0 0 0 1 1 2 -1 0 3 0 0 0 2 0 0 1 -1 0 1 0 0 1 0 1 1 2 2 1 0 2 1 0 -1 -1 -1 0 2 -1 0 -1 0 1 -1 1 1 0 1 3 -2 1 -3 1 1 0 1 0 0 -3 1 -1 -1 -2 -1 2 0 1 -1 1 1 1 -2 0 -3 1 -1 -1 0 0 1 2 1 2 1 -2 2 1 0 -1 0 0 0 0 1 -1 -1 -3 1 0 1 0 1 1 -1 0 0 -3 -1 -1 1 1 0 -2 2 0 1 -1 0 0 -2 1 0 -1 1 0 0 0 0 -1 0 1 -1 0 1 -1 0 -1 1 -1 1 -1 -1 1 -2 -1 0 0 -1 0 -1 -2 0 0 0 0 0 1 0 -1 0 1 -1 -1 0 0 0 -2 -2 -1 1 0 0 0 0 0 0 2 0 0 0 -1 0 1 -1 0 1 -1 -2 0 0 0 1 1 0 -1 0 0 0 2 0 2 0 0 1 1 1 0 1 0 1 1 1 -2 3 0 -2 0 -1 0 -1 -1 3 0 0 -2 0 0 -1 1 0 1 -1 1 -1 2
0 0 0 0 1 2 0 1 1 1 -1 -1 0 -1 0 0 0 0 1 0 -2 0 0 0 1 1 0 -1 -2 1 0 -1 1 0 0 0 2 0 0 -2 0 0 0 20 1 -1 2 0 0 0 0 0 0 -1 0 1 0 1 0 -3 2 0 0 0 0 0 1 -1 -1 1 0 0 -2 2 2 -1 -1 0 1 0 1 1 0 1 1 -1 0 0 0 -1 -1 1 0 0 1 0 -2 2 0 -1 -2 0 0 0 1 1 1 2 0 1 0 0 0 1 0 -1 1 0 0 0 0 2 -1 0 0 0 0 2 1 1 0 -1 1 0 0 2 -1 1 0 0 0 0 -1 0 -1 0 0 1 -1 -2 0 1 -1 0 0 0 -1 0 0 0 1 1 0 0 0 0 0 0 1 0 1 1 0 0 1 0 0 1 -2 1 1 0 0 0 0 1 2 1 -1 0 0 0 0 1 1 -2 1 3 0 0 1 0 0 0 -1 -1 0 -1 1 0 1 -1 2 0 1 1 -2 -1 0 1 0 0 1 -1 1 0 1 -1 1 0 0 1 0 1 1 0 0 0 -2 0 0 0 -1 0 2 1 0 1 1 0 -1 0 -1 1 1 1 0 0 -1 0 3 -1 1 -1 0 0 0 1 1 -1 1 0 -1 0 1 -1 -1 0 1 0 0 0 0 0 1 0 0 0 0 0 -1 1 2 0 0 0 0 0 -1 0 1 -1 -1 -1 0 -2 0 1 -1 0 1 1 1 -1 0 0 -2 -1 0 1 -1 1 0 0 0 -2 4 0 1 -1 1 3 0 1 0 0 -2 1 0 0 0 1 0 1 0 -1 0 1 3 0 1 1 0 1 -1 0 0 -1 1 1
1 0 0 0 0 -1 1 -1 1 -1 0 0 1 0 -2 1 1 1 0 0 0 0 0 1 0 0 0 -2 0 0 1 -1 1 0 1 0 0 -1 0 0 1 0 -1 1 14 0 -1 0 -2 1 0 -1 0 0 2 0 0 -1 0 0 2 1 1 0 -1 -1 0 -2 1 0 0 0 0 0 2 0 0 0 0 0 2 0 -1 0 0 -1 0 0 0 0 0 -1 0 2 0 0 -1 1 1 -2 0 1 3 0 1 -1 0 -1 0 0 0 -1 0 0 2 -1 1 0 0 0 0 0 0 0 0 1 0 0 0 1 0 0 0 0 0 -1 0 0 0 -1 0 0 0 0 -1 0 0 -1 1 -2 0 0 2 1 0 0 0 1 1 0 0 0 0 1 1 0 0 0 0 1 0 1 0 0 0 1 0 1 1 0 1 0 -1 1 1 1 -1 0 1 -2 -1 0 1 1 0 -1 0 0 0 1 0 0 0 0 1 1 0 0 1 0 1 0 2 1 -1 0 0 0 -1 0 0 0 0 -1 1 0 1 -1 0 -1 1 -1 0 -1 1 1 0 0 -1 -1 0 0 0 0 1 -1 0 2 0 0 0 0 -1 1 -1 1 0 0 0 -1 3 0 1 0 0 0 1 0 -1 -1 0 1 0 1 0 0 0 -1 0 2 0 0 0 -1 1 0 0 1 0 0 0 0 0 1 -1 2 -1 0 0 -1 0 0 0 3 0 0 0 1 0 -1 -1 2 0 0 1 0 0 0 0 0 0 0 0 1 1 0 0 0 1 -1 2 -1 1 0 0 0 -2 0 1 0 0 1 0 -1 1 0 0 -1 1 0 0 1 0 -1 -1 0 1 0 0 0
0 0 0 0 0 0 0 0 0 2 0 0 0 0 0 0 -1 0 2 1 0 0 -1 0 1 0 -1 0 1 0 1 0 2 -1 -3 0 -1 1 0 1 1 -1 -1 -1 0 15 1 2 0 0 0 0 0 -1 0 1 0 0 0 1 -1 2 1 1 1 0 2 0 1 1 2 0 0 -1 1 0 2 1 0 1 -1 -1 0 0 1 0 0 0 -1 1 -1 2 0 0 1 0 2 -1 0 0 0 1 0 0 0 1 -1 1 0 -1 0 1 -1 1 3 0 2 0 0 0 0 1 0 1 0 -1 0 0 -1 0 0 0 0 1 -1 -2 0 0 0 0 0 1 -1 0 0 -1 -1 0 0 -2 0 1 0 -1 -1 0 0 0 0 0 0 0 1 -1 -1 0 2 0 0 0 -1 1 1 -1 0 0 0 1 1 0 -1 0 0 0 0 -1 -1 1 -2 1 0 1 -2 0 0 -1 0 0 -1 -1 1 1 -1 0 0 1 1 0 -1 1 0 0 0 1 -2 -1 0 0 -1 0 -1 -1 0 1 1 0 -1 -1 -1 0 -1 -1 -2 1 1 -1 0 0 -1 -1 -1 0 0 0 0 0 1 0 1 1 1 -1 -1 0 2 2 0 -1 1 1 0 0 0 0 1 0 -1 0 -1 0 1 -1 1 1 0 0 0 0 -1 1 2 1 -1 -1 0 -1 1 0 -2 -1 0 -2 1 0 0 0 -2 0 2 0 0 0 1 1 0 1 0 0 1 -1 -1 -1 0 1 2 -3 1 2 0 1 0 0 0 2 0 0 0 0 -1 -1 -1 -1 0 -1 0 0 0 2 0 -1 0 0 1 0 1 1 1 1 1 0 1 0 1 1 -1 1 1 2 -1 -1
0 1 2 0 0 2 0 -1 0 -1 1 -1 0 1 1 -1 0 0 1 0 0 0 0 0 1 0 1 -1 -1 0 0 -2 0 -1 0 0 -1 1 0 -1 1 0 3 2 -1 1 16 0 -1 -1 0 0 0 -3 0 0 1 0 0 0 0 0 0 0 0 0 1 0 1 1 0 0 -1 1 0 -1 0 -1 0 0 -1 3 1 0 1 0 0 0 2 0 2 0 1 0 1 1 0 1 0 0 0 0 -1 0 2 1 0 1 0 3 -1 3 1 2 1 0 0 0 0 0 1 2 0 0 0 0 0 0 0 1 0 1 0 0 1 0 -1 -1 -1 -2 0 0 0 1 1 0 0 0 0 0 -1 0 0 0 -1 0 0 0 0 -1 0 0 0 0 0 0 1 0 1 0 0 0 0 0 0 0 0 1 -1 0 0 0 1 1 0 0 1 0 1 0 0 1 -1 0 0 0 1 0 -2 -1 0 0 0 1 -1 1 2 -1 2 0 2 0 0 1 -1 0 2 0 1 0 0 0 0 1 2 -1 0 0 0 0 0 -1 0 -1 0 -1 2 0 -2 1 0 0 0 0 0 1 0 -1 -1 0 1 -1 3 0 0 0 0 1 -1 1 0 1 0 1 0 1 -1 3 1 -2 0 0 0 1 0 -1 0 0 0 -2 2 1 0 1 0 0 0 1 0 0 -1 0 1 0 1 0 2 0 0 -1 0 -1 0 0 0 2 0 1 0 0 0 1 0 0 1 -1 1 0 0 1 0 -1 0 2 0 -1 0 -1 -1 -1 1 0 0 0 0 1 0 0 0 0 -1 0 -1 0 -1 1 1 0 1 0 0 0 1 1 0 0 0 1 1 -1
0 0 1 0 0 1 0 1 0 0 0 0 0 0 1 1 0 0 0 0 0 0 -1 0 1 0 -1 0 1 0 1 0 1 0 -1 0 1 0 0 2 1 0 -1 0 0 2 0 12 1 0 1 1 0 0 0 0 0 0 0 0 -1 1 -2 0 0 2 -1 0 -1 0 0 0 1 1 1 0 0 1 2 0 0 -1 0 0 1 -1 0 -1 0 -1 0 1 1 0 0 0 1 0 0 0 0 -1 0 0 0 -2 0 1 0 0 0 -1 0 0 0 0 0 0 0 -1 0 1 0 0 -1 0 -1 0 0 1 0 -1 0 -1 0 1 -1 1 -1 -1 1 1 0 0 1 0 0 0 0 -1 -1 0 0 1 -1 -2 0 3 0 1 0 0 2 0 0 0 0 0 0 0 2 -2 0 0 0 0 0 0 0 -2 0 0 0 0 1 0 1 2 0 1 1 1 0 -1 0 -1 0 0 1 0 1 1 0 0 0 0 0 -2 0 0 0 0 -1 1 1 0 1 0 0 1 0 0 0 0 0 0 -1 0 2 3 0 0 0 0 1 1 -1 0 0 -1 0 0 0 -1 1 1 0 0 1 1 1 -1 -1 0 0 0 1 1 1 0 1 0 0 0 0 -2 0 0 3 0 0 0 0 2 0 0 0 0 0 1 0 1 0 0 0 0 0 0 0 1 0 0 0 0 -1 0 -1 1 1 0 1 2 0 1 0 0 1 0 3 0 0 0 0 1 -1 -1 0 1 1 0 1 0 2 1 0 -1 -1 0 0 -1 0 2 0 -1 1 0 1 0 0 -2 0 0 0 2 0 1 1 0 2 1 0 0 0 1 0 0 0 2 1 -1
-4 0 -1 0 0 1 2 -1 1 0 -1 -1 0 1 0 2 1 0 1 0 0 1 1 -1 1 -2 -1 -2 0 -1 0 0 0 0 -1 0 0 0 -2 -1 -1 -1 0 0 -2 0 -1 1 20 -1 0 0 0 0 0 -2 -2 0 0 1 0 1 0 0 1 1 1 0 -2 -2 0 0 2 0 0 0 3 1 -1 0 -1 0 1 0 1 -1 -1 0 -1 -1 -1 0 0 1 0 -1 0 0 0 0 1 -1 1 0 -1 -2 -1 1 0 0 1 0 1 2 0 0 -1 0 0 1 -1 0 0 0 0 0 0 0 -1 0 0 2 0 2 -3 -1 0 2 0 1 0 1 0 2 0 0 0 -1 0 0 2 0 0 1 0 -1 -1 0 2 -1 0 0 -2 0 0 0 0 0 -1 0 1 -1 0 0 -3 1 -1 0 0 -2 -1 0 0 -1 0 1 0 -2 0 1 0 0 -1 -2 2 0 1 0 0 0 -3 0 0 -1 0 1 0 1 -1 -1 -2 -1 -2 1 0 0 0 -1 -1 0 1 1 1 0 1 0 0 -1 -1 0 3 0 2 2 1 0 0 0 -1 0 0 2 0 0 2 1 0 0 1 -1 -1 0 0 0 0 -1 -1 0 -1 0 -2 0 0 -1 -1 1 1 0 1 0 0 -1 0 1 -3 1 0 1 0 0 -1 0 1 0 0 -1 0 0 0 -1 0 -1 0 2 0 0 -1 1 0 1 0 -1 -1 0 0 0 -2 0 0 0 1 1 1 0 -2 0 1 0 0 0 -1 1 0 -2 -2 -1 0 -1 -1 -1 -1 -1 0 0 0 1 0 0 0 0 0 -1 0 -2 1 -1 -1 0 -1 1 0 -1 2 0 2 0 1 0 0 0
0 0 -1 0 0 0 -1 1 1 -1 0 2 0 0 0 2 1 1 1 1 0 0 -1 1 0 0 0 0 1 -1 0 -1 0 0 0 0 -1 0 -1 1 0 -1 1 0 1 0 -1 0 -1 10 0 -1 1 0 1 0 -1 0 0 1 0 1 0 0 0 -1 1 0 1 0 1 0 1 0 1 1 0 1 2 0 2 0 1 0 2 0 1 -1 -1 1 0 0 1 0 0 0 0 -1 0 -1 1 0 1 -1 1 0 0 0 -1 0 1 0 0 0 0 0 0 0 0 0 0 -1 0 0 0 0 0 0 0 0 0 -1 0 0 0 1 -1 2 1 0 -1 -1 1 -1 0 0 1 0 1 0 1 -1 0 0 0 0 0 0 1 0 -1 0 0 0 0 0 -1 0 -1 0 0 1 0 1 0 1 -1 0 0 -2 2 0 0 0 0 0 -1 0 0 0 0 0 0 0 1 0 0 1 1 2 2 0 0 2 -1 1 0 1 -1 -1 0 2 0 0 1 0 0 2 0 0 0 1 0 -1 0 0 0 0 0 0 0 0 0 1 0 1 0 0 1 -1 1 1 0 -1 0 0 0 0 0 1 0 0 0 0 1 0 1 0 0 0 1 -1 2 0 -1 0 0 0 0 -1 0 0 0 -1 1 0 1 0 0 1 0 0 0 0 0 1 0 0 0 0 1 0 -1 0 1 2 0 0 2 1 0 -1 0 0 1 0 1 1 0 0 0 1 0 1 1 0 0 0 0 0 0 0 0 -1 0 2 1 0 1 0 1 0 0 0 0 0 1 0 0 1 0 0 0 -1 0 0 0 1 0 0 0 1 -1 0 0 0 1 0 0 2
2 -1 0 0 0 1 1 3 1 1 -1 0 -1 2 0 -1 0 -2 0 -2 2 -1 0 -2 -1 -1 -1 -1 1 -1 0 -1 0 0 0 1 2 0 1 -1 0 1 0 0 0 0 0 1 0 0 20 1 -2 1 -1 0 1 0 -1 0 0 0 3 -1 0 1 0 0 1 0 -1 1 2 1 1 -1 0 0 1 2 0 0 0 0 1 0 -1 0 0 1 1 0 -2 0 -1 0 1 0 -2 1 0 2 0 0 0 0 -1 1 0 0 -2 0 0 2 0 0 0 1 1 0 0 3 0 0 1 2 -2 1 0 1 1 -2 0 0 -1 -2 -1 1 0 0 -1 -1 1 0 0 0 0 -1 1 0 0 0 -1 0 -1 0 0 -2 1 0 -1 0 -3 0 0 0 -1 0 -2 1 0 0 0 -1 2 0 1 0 -1 1 1 1 2 0 -2 0 0 1 0 1 1 1 1 0 -2 -2 1 0 1 0 0 0 0 1 1 -1 -1 0 1 0 0 1 0 0 -1 -1 1 1 1 -2 1 0 0 0 1 1 0 1 -1 0 -1 0 -1 1 0 0 0 0 0 0 0 0 0 0 0 0 1 1 -1 1 0 -1 1 1 0 1 0 -1 1 0 0 0 -1 3 0 -1 -1 1 2 0 0 0 -1 0 -1 -2 0 0 0 0 0 -3 1 1 0 0 0 0 0 1 1 0 0 3 0 -1 0 0 1 -1 0 0 0 -2 -1 -1 2 0 1 -1 0 0 0 -1 2 0 0 2 0 0 0 -1 1 0 1 0 -1 0 0 0 -2 -1 -1 0 1 0 0 1 0 -1 1 0 0 -2 -2 1 2 1 0 0 0 0 1 0 1 0 1 1 1 -1
0 0 0 0 1 1 0 2 0 1 0 0 0 0 -1 -1 1 -2 0 0 -1 1 0 0 -1 -1 0 0 0 1 1 0 0 1 0 0 1 -1 1 0 1 2 0 0 -1 0 0 1 0 -1 1 14 0 0 -2 0 0 0 0 0 1 -1 1 1 0 -2 0 0 -1 0 1 2 0 -1 -1 1 0 0 0 0 0 0 0 0 0 1 -1 0 2 0 2 0 0 1 -1 0 0 0 0 1 0 0 -1 -1 0 0 -1 0 0 0 -1 -1 0 2 -1 0 0 -1 2 -1 -2 0 0 0 1 0 0 0 0 -1 0 -1 0 1 -1 0 1 3 -1 -2 0 0 0 0 -1 0 0 -1 2 2 0 0 1 1 0 0 0 -1 0 0 -2 0 0 -1 -1 -2 1 0 0 -2 2 -1 0 1 1 0 1 0 -1 0 -2 0 0 0 0 0 0 0 0 1 0 0 0 1 -1 0 0 0 0 1 -1 0 0 0 -1 -3 0 1 0 0 0 0 0 0 0 1 0 1 0 0 0 0 0 0 1 0 0 -1 1 1 0 -1 0 0 0 1 0 0 -2 0 0 0 1 0 0 0 0 0 1 0 0 0 0 0 0 0 2 0 0 1 0 0 -2 2 1 0 0 0 2 0 1 0 0 1 0 -1 1 1 0 0 -2 -1 -1 0 -1 1 0 -1 2 -1 0 0 0 0 -1 -1 1 1 1 0 0 3 0 1 1 1 0 2 0 0 1 0 0 1 0 0 0 1 0 0 0 0 1 0 0 0 0 0 2 0 -1 0 -1 0 0 0 -1 0 0 0 0 0 1 2 -1 0 0 0 -1 0 -1 -1 0 1 0 0 0 0 0 1
-1 1 0 1 1 0 0 -2 -1 0 -1 1 0 0 -1 1 0 1 0 -1 -1 -1 -1 0 1 -1 -2 1 0 0 -1 0 0 0 1 -1 0 0 -3 1 2 1 2 0 0 0 0 0 0 1 -2 0 16 0 1 0 0 1 1 0 -1 0 0 0 0 -2 0 0 0 0 0 1 -1 1 -4 0 -1 -1 1 -1 0 2 0 0 1 0 1 0 0 0 0 1 1 0 0 1 0 0 0 0 1 0 0 1 0 -1 0 -1 0 1 1 -1 0 0 0 0 -1 0 0 1 0 -1 1 0 0 0 -1 0 -1 0 -1 1 0 -1 0 1 0 0 0 0 0 1 -1 0 0 0 0 1 0 -1 0 0 1 0 -1 0 0 -2 0 -1 0 0 0 1 0 0 0 1 0 0 0 0 -1 0 1 1 -1 0 2 1 0 0 1 0 1 -1 0 0 0 -1 0 1 0 0 0 1 1 0 1 0 3 0 0 1 0 0 0 1 0 -1 1 2 -2 0 0 0 0 1 0 0 0 -1 1 0 -1 0 0 -1 -2 -1 0 0 -1 0 -1 1 0 0 0 0 1 0 0 0 1 1 0 -1 0 0 -1 0 0 0 0 0 0 -1 0 0 -1 1 -1 2 1 0 0 1 0 0 0 0 -1 0 0 1 1 0 0 0 1 0 -2 -1 0 -2 0 -1 0 0 -2 1 -1 0 1 3 0 -1 0 0 -1 0 0 0 -1 1 1 -1 -1 0 0 0 0 2 -1 -1 0 -1 0 -1 1 0 -1 0 0 1 0 0 0 0 1 0 0 0 -1 0 0 0 0 0 0 0 0 0 0 0 0 0 3 3 0 0 0 1 0 2 0 0 -1 -1
1 1 -1 -1 0 0 -2 0 2 3 -1 0 1 1 -2 0 0 0 0 1 0 -1 0 0 0 0 0 3 0 -2 0 0 1 1 -1 0 0 -1 0 -2 1 1 0 -1 0 -1 -3 0 0 0 1 0 0 25 0 0 0 0 1 0 2 1 0 -2 2 0 0 1 1 1 -1 0 1 0 1 0 -1 1 -1 1 0 -1 0 0 0 0 3 -2 0 2 0 -1 0 2 1 0 0 1 -1 2 1 0 0 -1 0 1 -1 0 0 1 -1 0 -1 0 -2 0 -1 2 0 0 -2 0 0 -1 -1 1 1 0 2 0 0 0 0 0 0 0 1 0 1 -1 1 0 0 1 0 1 1 -1 0 0 0 0 -1 0 1 -1 -1 -1 -1 4 1 0 -1 1 1 2 2 1 0 1 -1 1 -1 0 0 -3 0 0 4 1 0 0 1 -1 2 0 0 0 -1 0 -2 0 2 1 -1 0 0 0 0 0 -1 0 0 1 2 1 -1 0 -2 1 -3 1 0 0 -1 0 2 1 0 1 -1 2 0 0 -1 0 -1 -2 0 1 0 1 1 1 0 0 1 0 2 0 -1 0 1 1 1 1 3 0 0 -3 -1 0 2 1 -1 -1 2 0 1 0 -1 0 -2 0 0 1 2 1 -1 -1 1 1 0 1 0 0 -2 -1 0 0 0 0 0 0 0 1 -2 -1 1 0 1 -1 0 0 0 0 -1 0 -1 0 1 -2 -1 0 0 0 -1 -1 1 0 1 0 0 0 1 1 0 -2 2 1 2 0 1 1 4 1 -1 1 2 0 0 -3 0 0 0 1 0 -2 3 0 1 1 0 0 0 0 -1 0 0 1 1 1 1 1 -1 2 -1 -2 0 1
0 0 0 0 1 0 0 0 1 0 0 0 0 0 0 1 1 1 2 0 1 0 0 0 0 0 0 0 0 0 -1 0 0 0 1 1 1 0 0 1 0 -1 -1 0 2 0 0 0 0 1 -1 -2 1 0 12 2 0 -1 0 -1 -1 1 -1 0 -1 -1 0 -1 1 0 0 -1 -1 0 1 0 0 1 0 0 1 0 0 0 0 -1 0 1 0 1 -1 0 0 0 0 -2 -1 0 -1 -1 -1 0 0 0 0 0 0 0 0 -2 1 0 -1 0 1 0 1 0 0 0 1 0 0 -1 0 -1 -1 0 0 -1 0 0 0 0 -2 0 0 -1 1 0 1 0 0 0 0 0 0 1 0 0 0 -3 0 0 0 0 -1 0 0 0 -1 1 0 0 0 0 0 1 0 0 0 1 0 0 0 1 0 0 0 -1 1 -1 0 0 0 -3 0 1 0 0 -1 0 0 1 2 0 2 1 0 -1 3 0 0 -1 1 2 0 0 -1 0 -2 2 0 0 -2 0 -1 -1 2 0 0 -1 0 -1 0 0 0 -1 0 -1 1 0 -1 0 0 0 0 0 0 -1 1 0 0 1 1 -1 0 0 0 0 0 0 0 0 0 0 0 -1 -1 1 1 0 1 0 0 0 0 0 0 0 0 0 -1 0 0 2 -1 -1 1 0 -1 3 0 1 1 0 -1 1 -1 0 0 1 1 -1 0 2 0 0 -1 -1 0 -2 1 0 -1 0 0 0 1 0 0 0 0 0 -1 -3 1 1 0 1 0 0 -1 1 0 1 -1 0 1 0 1 0 0 1 0 0 0 0 0 0 2 2 0 -1 1 1 0 0 0 0 -1 0 -2 -1 0 0 0 0 1 1
0 0 0 1 0 -1 1 -1 0 0 -1 0 1 0 0 1 0 1 0 0 0 0 0 1 0 0 -1 0 -2 0 1 0 0 1 0 -1 0 0 0 1 1 -1 0 1 0 1 0 0 -2 0 0 0 0 0 2 14 1 0 0 -1 0 0 -1 -1 0 0 1 0 -1 0 1 0 1 0 0 0 -2 0 0 -1 0 0 0 0 0 -1 1 -1 1 1 0 1 0 -1 0 -1 -1 1 0 0 0 0 0 -1 0 0 0 0 0 0 0 -1 -1 0 1 0 1 0 0 -1 1 2 0 0 0 0 0 -1 -1 0 0 -2 -1 0 1 0 -1 -1 1 1 0 0 0 -1 -1 0 0 0 0 0 -1 0 -1 -1 -1 -1 0 0 -2 0 0 0 0 0 0 0 2 1 1 0 1 0 0 -2 2 0 0 0 0 0 0 -1 0 0 0 -1 0 0 0 0 -2 0 -1 -1 -1 -1 0 0 0 0 0 -1 -1 -1 0 0 0 -1 -1 0 2 1 2 0 0 0 0 0 -1 0 -1 1 1 0 -1 0 0 -1 0 0 0 0 -1 0 0 -1 1 0 0 1 1 -2 0 0 1 0 0 0 0 0 0 0 0 -2 0 2 1 0 2 -1 -1 0 1 0 0 1 -1 0 -1 0 1 1 0 1 0 0 0 0 0 -1 1 2 0 1 0 2 0 0 0 -1 -1 0 1 -1 0 0 0 0 -1 0 -1 2 -1 0 0 0 1 -1 0 0 0 0 0 -1 0 -2 1 0 -1 1 1 0 -1 1 2 1 -1 0 0 0 0 0 0 0 1 0 0 0 1 0 0 0 0 0 -1 0 0 -1 -1 1 -1 -1 0 0 -1 0 -1 1 -1 2
2 0 0 1 1 2 1 0 0 0 1 2 1 1 -2 2 1 0 2 0 -2 1 0 0 1 0 -1 1 0 0 1 1 0 2 0 -1 1 0 0 0 2 2 1 0 0 0 1 0 -2 -1 1 0 0 0 0 1 20 0 2 0 -1 1 0 0 0 1 0 0 1 1 -1 0 1 0 0 -1 2 1 -1 -1 -1 -1 -1 2 1 2 -1 1 0 1 0 0 0 1 0 2 0 0 0 3 1 -1 0 -1 0 1 -1 0 0 1 0 0 3 0 0 0 0 -1 0 1 -2 1 0 2 1 1 0 1 2 1 0 0 0 -1 1 0 1 -1 0 0 -1 0 1 0 0 2 0 1 -1 1 -1 0 1 0 1 0 1 1 0 1 -1 -1 1 -1 0 0 0 -1 1 -1 -1 0 -1 0 1 0 1 0 0 0 1 0 -2 0 -1 -1 1 0 0 -1 1 -1 -1 0 -2 0 0 2 -1 0 0 1 1 0 -1 1 0 0 1 -2 0 0 -1 1 1 0 0 -2 1 0 0 1 0 0 0 0 1 0 0 -1 0 -2 -1 -2 -1 -2 0 1 1 1 0 0 0 0 -1 2 1 -1 -1 -1 1 0 0 0 1 2 1 1 2 0 0 1 2 1 1 0 -1 1 1 -1 1 1 1 1 0 0 1 -2 -1 -1 0 0 1 1 0 -1 0 3 -1 -1 1 1 1 1 0 0 -1 0 1 -1 0 0 0 1 1 1 1 1 1 1 0 -2 0 1 0 0 1 -1 0 0 0 0 -1 1 2 1 0 0 0 1 -1 0 1 1 3 0 -1 0 3 -1 0 2 1 1 0 1 1 0 1 1 -1 0 -1 1 -1 0 1 1 1 1
-1 0 -1 -1 -1 0 -1 2 0 0 -1 1 0 0 1 0 0 0 -1 0 0 -1 0 -1 -1 0 -1 1 -2 0 0 0 1 0 -1 0 -1 -1 -2 1 1 0 2 1 -1 0 0 0 0 0 0 0 1 0 -1 0 0 15 0 -1 0 0 0 0 2 0 1 -1 1 0 0 0 1 -1 0 -1 0 0 0 0 0 -1 -1 0 0 0 0 0 0 -1 0 -1 2 0 -1 0 0 0 0 0 0 1 0 1 -1 -1 0 0 1 1 0 0 -1 -1 1 0 0 1 1 1 0 0 -1 0 0 0 1 1 0 -1 0 -1 0 0 1 0 0 1 0 0 0 0 -2 -1 -1 -2 1 1 -1 1 0 1 1 0 0 1 1 1 -1 1 3 0 0 0 0 1 0 0 -1 0 -1 -1 1 1 1 0 0 -1 0 1 -1 0 0 0 1 -1 0 0 -1 0 0 0 0 0 0 0 1 -2 0 -1 -1 0 -2 0 -1 0 -1 0 0 0 -1 0 -1 0 1 0 0 -1 0 0 0 0 0 1 0 1 -1 -1 0 1 0 -2 0 2 0 2 0 2 1 2 0 0 0 -1 0 0 0 0 0 0 0 0 -1 0 0 0 -1 0 0 1 0 1 1 1 0 0 1 0 0 -1 0 0 0 0 1 1 -2 0 1 1 -1 -1 0 1 0 0 -1 0 1 2 0 -2 0 -1 1 0 0 0 -1 2 0 -1 -1 -1 0 0 -1 0 0 0 0 0 0 0 0 1 0 1 0 0 0 0 0 0 -2 0 0 0 0 1 0 0 0 0 0 0 0 0 1 1 0 0 1 1 -1 3 0 0 -2 -1 0 0 1 0 1 0 2 -1 0 -1
0 0 2 1 2 1 -1 1 2 -1 0 -2 -1 -3 0 2 1 0 1 -1 -1 0 0 0 0 -1 1 -1 0 0 0 -1 0 -1 1 0 1 -1 -3 0 1 0 1 0 0 0 0 0 0 0 -1 0 1 1 0 0 2 0 22 0 0 1 -1 0 0 -2 0 1 1 0 1 0 1 1 -1 0 0 0 0 1 0 -2 1 0 0 0 0 0 -1 -2 -1 0 -1 -1 1 2 0 0 0 1 -1 -1 -2 -1 0 1 0 0 2 1 -1 1 -1 0 0 0 -1 1 0 1 -1 0 -1 0 0 0 0 0 0 0 -1 0 0 -1 1 0 0 0 1 1 0 0 -4 -1 0 0 1 -1 -1 -1 -2 0 0 0 1 0 -1 -2 -2 0 -1 -1 3 0 0 -1 0 0 -1 -1 -1 0 1 -1 0 0 0 -1 0 1 1 1 0 -2 1 0 -1 -1 -1 0 -2 3 -1 0 -1 0 0 0 0 -1 0 0 -1 1 1 3 0 0 0 1 -1 3 -1 0 -1 -1 -1 0 1 0 0 0 0 0 0 0 1 0 -1 2 1 -1 0 -2 0 0 1 1 -1 -1 0 -1 2 2 -1 0 1 0 1 0 0 0 -1 -1 0 0 1 1 1 0 1 0 1 0 0 0 0 0 1 0 0 1 2 -1 0 0 1 -1 0 -1 1 -1 0 1 1 -1 -1 -1 0 -1 0 0 0 1 0 1 1 0 0 0 -1 -1 0 1 0 1 1 1 0 -1 -1 2 1 0 0 1 1 0 -2 -1 1 0 0 -2 2 2 -1 0 2 -1 0 1 0 -2 -1 0 0 -1 2 1 1 0 0 0 0 0 0 0 0 0 -1 1 -1 0 0 1 0 0 0 2
0 2 0 2 1 2 0 1 -2 0 0 0 0 0 0 1 0 1 1 0 0 1 0 -1 1 0 -2 0 0 0 0 0 0 0 -1 -1 0 1 0 1 0 -1 1 -3 0 1 0 0 1 1 0 0 0 0 -1 -1 0 -1 0 19 2 2 1 -1 1 0 0 0 0 0 0 0 0 1 0 0 2 -2 0 -1 0 0 0 -1 2 -2 0 1 -1 1 0 0 0 1 0 0 -1 -2 0 1 1 0 -1 -1 0 -2 0 0 -1 1 0 -1 1 1 1 0 0 -1 0 0 -1 0 1 1 0 0 0 1 1 -1 1 0 0 -1 1 0 0 0 0 -1 0 1 0 -1 0 1 2 -2 0 -1 0 -1 1 1 0 0 1 0 0 -3 -3 0 0 0 1 -1 0 0 0 1 -1 -2 0 1 -1 1 -2 0 0 -1 -1 0 1 0 1 0 0 0 1 0 0 -1 -1 0 0 1 1 1 0 1 -2 1 2 -1 1 0 -1 0 0 0 -1 0 0 0 -1 1 0 1 1 0 0 2 0 0 0 0 0 2 0 1 0 2 1 0 1 0 0 0 1 -1 0 0 0 -2 -2 0 0 0 -1 0 0 0 0 0 0 0 0 1 0 -2 -1 0 -2 0 0 0 1 1 0 0 0 0 0 0 -1 0 0 0 0 0 -1 1 0 -1 -2 1 2 -1 0 0 0 -1 -2 1 0 -1 -2 0 2 0 0 -1 0 -1 1 0 0 0 2 0 2 0 0 -3 0 -1 0 0 0 -2 1 -1 0 -1 -1 0 1 0 0 1 -1 0 0 -1 0 1 0 1 0 0 1 -1 1 0 0 2 0 -2 0 -1 0 3 -1 1 -1 1 -1 1 0 -2
1 1 0 1 1 2 0 1 1 1 0 1 1 0 0 0 0 0 0 0 0 0 0 0 1 0 0 0 -1 0 1 0 0 0 -3 -1 0 -1 0 0 0 0 0 2 2 -1 0 -1 0 0 0 1 -1 2 -1 0 -1 0 0 2 14 -1 0 -1 1 0 0 -1 2 0 0 0 -1 0 -1 0 0 0 0 1 0 -1 0 -1 1 0 0 0 0 0 0 -1 0 1 1 0 0 1 0 1 0 0 1 1 0 0 2 0 0 1 -1 -1 0 -1 -1 -1 1 1 0 0 0 0 0 0 -1 0 1 1 -1 0 1 0 0 0 0 0 -1 -1 0 -1 1 -1 1 0 0 -1 0 -1 1 -1 0 0 0 0 1 0 0 -1 0 0 -1 0 0 -2 4 0 0 0 0 0 0 -1 0 0 1 0 -2 2 0 0 0 1 0 0 0 -1 0 0 0 0 1 0 0 0 1 -1 0 0 1 1 0 0 2 2 0 0 -1 0 0 1 0 -1 0 -1 -1 0 0 0 1 1 0 1 0 -1 1 0 0 0 2 1 0 2 1 0 0 0 0 0 -1 0 0 0 1 0 0 0 0 0 -1 0 -2 0 0 0 -2 1 1 0 1 -3 1 -1 -1 -1 0 0 0 0 0 0 0 1 0 0 0 -1 0 0 0 -1 -1 0 0 0 1 1 0 0 -1 0 -1 0 1 0 1 -1 -1 0 -1 -1 0 0 1 -1 0 0 0 0 0 0 1 0 1 -1 -1 0 0 0 1 -1 2 0 0 -1 0 -1 0 0 1 1 1 0 0 -1 0 -1 -1 0 1 0 1 0 0 0 0 0 -2 0 0 0 0 2 0 1 -1 -1 0 -1 0 0
-1 0 1 0 0 0 0 1 0 0 0 -1 0 0 -1 1 0 2 1 0 0 1 0 0 0 1 -1 1 1 0 0 1 0 0 0 0 1 0 0 0 2 1 0 0 1 2 0 1 1 1 0 -1 0 1 1 0 1 0 1 2 -1 13 -1 0 0 0 -1 0 2 0 0 0 1 0 2 0 1 -1 -1 -1 -1 -2 -1 0 1 0 0 0 0 -1 -1 0 0 1 1 0 0 0 1 1 0 0 1 0 0 1 -1 1 0 0 1 -1 -1 1 2 0 1 0 1 0 0 0 0 -2 1 1 1 0 0 0 -1 0 0 -1 1 1 0 0 0 0 2 0 1 0 0 1 0 0 0 -1 -1 0 0 0 0 -1 -1 1 1 1 0 0 1 0 -1 0 0 0 0 0 0 2 -2 -1 0 0 0 0 0 0 2 1 0 0 -1 0 0 -1 -1 -1 0 0 0 0 -1 0 1 0 0 0 0 1 0 -1 0 1 -2 0 -1 0 -1 0 0 0 1 0 0 0 0 0 -1 0 -1 1 0 0 -1 0 1 1 1 0 0 0 1 2 1 2 0 -1 1 0 1 -1 1 0 1 0 -1 0 0 0 -1 -1 1 0 0 -3 0 1 2 0 1 0 -1 1 0 0 1 -1 1 1 0 -1 -1 0 0 0 0 1 -3 0 0 0 0 1 0 1 2 -2 1 -1 0 1 -1 1 -1 0 1 0 0 -2 -1 0 0 1 0 1 3 0 0 0 1 0 0 -1 1 1 0 0 0 0 0 -1 -1 1 -1 -1 -1 0 -1 -2 2 -1 0 0 -1 1 1 1 -1 0 0 -1 0 1 1 0 0 0 0 0 1 0 0 1 2 0 -1 0
-1 0 -1 0 1 -2 0 -2 3 0 0 0 0 2 1 3 0 -1 1 -1 -1 0 0 0 1 0 0 0 2 -1 0 -1 0 0 2 0 -1 0 0 -3 0 0 1 0 1 1 0 -2 0 0 3 1 0 0 -1 -1 0 0 -1 1 0 -1 24 1 1 0 1 0 2 1 4 2 2 1 1 0 -1 -1 0 0 0 0 -3 1 0 0 -1 -3 1 1 0 0 2 1 0 -1 0 0 0 0 1 2 3 0 0 0 -1 1 0 0 -1 0 0 1 -1 0 0 1 1 1 0 0 0 0 0 -1 0 1 2 0 0 -1 0 0 1 -1 1 1 0 -3 0 0 1 1 0 0 -1 0 2 0 1 2 -1 0 -1 0 0 -1 -2 0 0 0 0 0 0 -1 0 0 0 1 -1 1 1 1 -1 2 0 0 1 3 -1 1 -1 2 0 1 0 -1 -1 -2 0 0 0 2 -2 -1 2 0 1 1 0 1 -1 0 -1 -2 1 0 1 2 -2 0 0 1 1 -1 1 1 0 -1 1 0 0 0 0 1 1 -1 1 1 1 -1 -1 2 0 -1 -2 -3 1 0 0 1 0 0 -1 -1 -1 1 0 1 -1 0 0 1 0 -2 1 1 -1 0 0 -2 0 3 0 1 1 1 -1 -1 0 0 0 1 0 -1 -1 2 0 1 2 0 -1 1 1 0 1 -1 -1 1 -1 0 -1 2 0 -1 0 -1 -1 0 2 -4 0 0 1 -1 3 0 -2 1 1 -1 -3 0 -1 0 -1 -1 -2 0 0 -2 -2 1 1 0 1 0 -1 1 -1 2 0 0 2 1 -1 0 -1 1 0 0 1 -1 -1 0 2 0 1 -1 1 0 0 -2 1 0 0 0 -1 0
0 0 0 1 0 0 -1 2 0 0 0 1 -1 0 1 2 0 0 0 -1 0 1 2 1 -1 0 0 0 1 0 1 -1 1 1 0 0 0 0 2 -1 -1 0 0 0 0 1 0 0 0 0 -1 1 0 -2 0 -1 0 0 0 -1 -1 0 1 14 0 1 0 0 0 1 0 1 -1 0 -1 0 0 0 2 0 0 0 -1 0 0 0 -1 0 0 1 1 0 0 0 1 0 0 -1 1 1 0 -1 0 0 1 1 -1 0 0 0 0 0 -1 0 0 0 0 0 0 -1 -2 0 0 -1 0 0 0 -1 0 2 0 2 0 0 -1 0 1 0 0 -2 0 1 1 0 0 1 0 0 0 -1 0 1 0 -1 0 -3 2 0 1 0 1 -2 0 0 -1 -2 0 0 0 -1 1 1 0 0 1 2 0 1 -1 -1 0 1 0 0 0 1 0 1 0 1 -1 1 0 0 0 0 1 0 -2 1 0 -1 0 0 0 0 2 1 0 0 0 0 0 1 0 0 0 0 0 0 0 -1 0 1 1 0 0 -1 0 0 1 0 0 0 0 0 -1 0 1 0 0 0 1 0 0 2 -1 0 0 1 0 1 -1 0 1 -1 -1 0 0 0 0 0 0 -1 0 0 0 1 1 0 -1 0 0 -1 -1 1 0 0 -2 0 0 0 0 0 -2 1 1 0 -1 -1 0 0 0 -1 0 -1 1 0 -2 1 0 3 0 0 3 1 0 0 0 -1 -1 -1 0 -1 1 -2 0 0 1 -2 0 0 0 0 -1 1 1 1 0 0 0 -1 0 2 0 0 0 0 -2 1 0 0 1 -1 1 0 1 0 0 -1 1 0 0 1 0 0 0 0 0 0
0 2 0 1 0 -1 0 1 0 2 0 0 -1 1 -2 0 0 1 1 0 0 0 1 0 -1 0 0 1 -1 0 0 0 0 1 -1 -1 -1 0 0 1 -1 0 2 0 -1 1 0 0 1 0 0 0 0 2 -1 0 0 2 0 1 1 0 1 0 14 0 1 0 0 1 1 -1 1 -1 1 0 0 0 0 0 0 1 1 0 0 0 0 0 -1 2 0 -1 1 0 0 0 0 0 -1 0 1 0 -1 1 -1 -2 -1 0 0 -1 0 0 0 1 -1 -1 0 0 0 0 1 0 1 1 0 1 0 2 2 0 1 1 0 0 3 0 1 0 0 0 1 0 0 0 0 0 1 0 0 1 0 2 0 0 0 0 0 0 -1 1 -1 0 0 -1 2 0 -1 1 0 0 0 0 0 0 0 0 1 0 0 1 1 1 0 0 2 -1 0 -2 -2 2 0 0 -1 0 0 0 -1 0 0 0 0 0 -1 0 0 0 0 1 1 0 0 1 0 0 1 0 0 0 1 1 0 2 1 0 0 2 0 -1 0 1 -1 0 0 1 0 0 0 -1 0 -1 0 1 0 0 0 0 0 0 -1 0 0 0 0 0 0 0 0 0 0 -1 0 0 0 1 0 1 2 1 0 -1 0 1 0 0 0 0 1 0 0 0 -1 0 0 0 1 2 0 0 0 1 0 -1 0 1 0 0 -1 1 -1 1 1 0 2 0 1 1 0 0 2 0 -1 0 -1 1 1 0 0 0 0 0 1 0 1 3 0 0 0 0 1 -1 0 0 0 -1 0 0 0 0 0 0 0 0 0 0 1 0 1 0 -2 0 -1 3 0 0 0 0 1 0 0 1
1 -2 -2 1 -1 0 0 1 -1 0 1 1 0 0 2 1 1 -3 -1 0 0 -1 3 0 2 0 0 -1 -1 2 0 1 0 1 0 0 1 2 2 1 -1 0 1 0 -1 0 0 2 1 -1 1 -2 -2 0 -1 0 1 0 -2 0 0 0 0 1 0 22 0 0 0 1 -1 0 -1 -1 -1 0 0 0 1 2 0 1 0 0 0 0 0 -2 0 2 1 -1 0 0 0 0 0 0 -2 -1 0 -1 0 0 -1 -1 -1 0 1 1 0 0 3 0 0 1 -1 -1 -1 1 0 1 1 0 -2 0 0 1 -1 2 1 1 0 0 -1 0 -1 -1 0 1 0 0 2 0 1 0 0 -1 -1 0 -1 3 -1 0 0 0 0 0 1 0 0 0 0 -1 1 0 -1 1 0 -1 1 -1 1 -1 0 0 -3 1 1 -5 0 0 0 -1 0 0 -1 0 -1 0 1 1 -2 0 -1 0 0 -1 -2 1 -3 0 0 -1 0 -1 0 -1 0 1 -1 0 -1 -1 0 0 0 0 0 0 -2 -1 0 1 2 0 -1 2 1 0 0 -1 0 -3 1 0 -1 0 -1 0 1 0 -1 0 0 1 0 0 1 0 -1 -1 0 0 0 1 0 0 0 -1 0 -2 0 -4 0 0 -1 1 -1 1 0 -1 0 2 -1 0 2 0 -2 1 -1 1 -1 -1 0 -1 1 -1 1 0 0 1 0 0 0 1 -1 1 -1 0 1 -1 -1 -1 -1 -1 0 -1 2 0 0 1 0 0 -1 -1 0 0 1 1 0 0 -2 0 0 1 0 -1 -1 -1 0 0 1 2 0 0 0 0 0 -1 0 1 -1 0 0 -2 0 -1 -1 -1 1 0 0 -2 0 0 0 1 1 -1
0 0 0 1 1 0 -1 -1 1 0 2 1 0 0 0 3 1 -1 1 1 0 0 1 3 2 1 0 0 -1 -1 -1 0 1 0 0 0 -1 1 1 0 0 1 0 1 0 2 1 -1 1 1 0 0 0 0 0 1 0 1 0 0 0 -1 1 0 1 0 22 1 1 -2 1 0 1 1 0 0 3 1 1 0 2 0 -1 -1 -2 1 0 0 0 0 1 2 1 -1 -1 0 0 1 0 0 0 0 0 0 0 3 0 0 0 1 1 2 -1 -1 1 0 1 1 0 1 -1 1 1 0 1 -3 0 0 -1 0 0 1 0 0 0 -1 -2 0 0 1 0 0 1 1 -1 1 -1 1 -1 0 0 1 1 0 0 1 0 -1 0 -1 -1 0 1 -1 0 -1 1 -1 -1 -1 0 2 1 0 -1 0 1 0 0 1 0 0 1 1 0 -2 1 1 0 1 1 0 -1 0 -1 0 -1 0 1 0 0 1 1 2 1 0 0 1 0 0 1 2 -1 1 3 1 2 1 3 0 0 1 1 0 1 1 1 1 1 0 0 0 0 0 -2 1 0 -1 0 0 0 1 1 1 1 0 0 -1 -1 1 0 0 0 1 -1 1 0 0 0 -1 0 -1 -1 0 0 1 1 0 0 0 2 2 1 1 1 -1 -1 0 0 -1 2 1 0 2 0 0 2 1 1 2 0 1 0 -3 1 1 1 1 2 0 0 -2 0 0 2 -1 1 -1 1 0 0 0 -1 0 0 0 0 2 -1 0 0 -2 -1 1 -1 0 2 2 0 0 2 1 -1 2 -1 1 1 0 -1 0 2 0 -3 0 0 0 0 1 0 0 0 0 -1 -1 0 1 1 2 -2 1
-1 0 2 -1 0 1 -1 0 0 -1 1 0 0 0 1 -2 0 1 -1 0 0 0 0 0 0 0 0 2 0 0 -1 0 -1 0 2 1 0 0 0 1 1 1 1 -1 -2 0 0 0 0 0 0 0 0 1 -1 0 0 -1 1 0 -1 0 0 0 0 0 1 18 -1 0 0 -1 1 -1 0 0 0 0 -2 1 0 -2 0 1 1 0 1 1 -1 -1 0 0 0 0 -2 0 0 0 0 0 -1 1 0 0 -1 1 -2 0 -2 0 0 2 -1 0 -1 0 0 -2 0 0 1 1 1 0 0 -1 0 0 0 0 1 -1 1 -1 -1 2 -1 -1 0 0 -1 0 0 -1 0 -1 0 1 -1 -1 1 0 0 0 1 1 1 -1 -1 -1 -2 0 1 -1 0 0 0 0 0 -1 -1 0 1 0 1 -1 0 0 0 0 1 0 1 0 -1 -1 1 0 2 0 -1 -1 0 0 -1 0 -1 -1 1 0 0 0 1 0 3 0 0 0 0 0 2 1 0 0 0 0 -1 0 0 0 1 0 1 0 1 0 -1 0 0 0 -1 -1 3 0 -1 1 1 -1 1 -1 0 0 0 1 0 1 0 0 0 0 0 0 0 -1 0 0 2 0 0 1 0 -1 -2 -1 0 -1 -1 1 1 -1 0 1 1 0 0 0 0 1 0 -1 0 -1 -1 0 0 3 -1 0 0 0 0 0 1 -2 1 0 0 -1 1 0 2 0 1 1 0 0 0 0 1 0 0 1 0 0 1 1 0 0 0 0 0 0 0 2 0 -1 1 1 1 1 0 1 0 -1 0 1 -1 -1 0 0 1 0 0 -1 -2 -2 1 0 1 0 2 0 0 0 0 0 0 -1 -1 -1
0 1 -1 1 1 2 0 2 -1 0 1 0 1 0 0 1 0 2 0 1 1 0 -1 0 1 0 0 0 1 -1 1 0 0 0 0 1 -1 0 0 -3 1 1 3 -1 1 1 1 -1 -2 1 1 -1 0 1 1 -1 1 1 1 0 2 2 2 0 0 0 1 -1 23 1 -2 1 -1 1 1 0 0 0 0 -2 -1 0 -1 0 1 -1 0 0 0 0 2 0 1 0 3 1 3 2 -1 -1 1 0 -1 1 1 1 1 -2 1 -1 -1 0 -1 0 0 0 -1 1 0 1 0 -1 0 0 -1 0 0 -1 -1 0 0 -1 -2 -1 3 -2 0 -1 0 0 2 0 3 0 2 -1 0 1 1 -1 0 0 1 0 -2 2 0 0 1 2 -1 0 1 0 0 0 2 0 -2 1 0 2 0 1 -1 1 -1 1 1 2 2 0 -1 0 -1 1 -1 -1 0 1 1 0 0 4 0 0 -2 1 0 0 1 0 0 0 1 0 0 1 0 0 0 -1 -2 0 0 0 3 1 1 -2 -2 -1 -1 0 0 0 0 0 1 0 0 -1 0 -2 2 -1 -1 -1 0 -1 0 0 1 1 0 -1 0 0 0 0 -2 0 2 0 0 0 1 -2 1 0 1 -1 1 -1 0 0 -1 2 0 0 -1 1 1 0 0 -2 -1 1 0 -2 1 -1 -2 1 1 0 0 0 0 0 1 -1 0 2 1 3 -1 0 0 1 1 -2 0 0 0 1 2 0 0 0 -1 0 0 0 0 0 1 3 -1 1 -1 -1 1 0 0 2 0 0 0 1 3 2 0 0 0 1 0 0 1 0 0 2 -1 0 -1 1 0 0 -1 0 -1 0 0 0 -1 2 1 0 0 0
0 1 0 2 1 1 0 -1 -1 1 0 1 -1 -1 0 1 -1 2 0 -1 -1 1 0 -1 1 1 0 0 1 0 1 -1 1 0 0 0 0 -2 2 -2 -1 0 0 1 0 1 1 0 -2 0 0 0 0 1 0 0 1 0 0 0 0 0 1 1 1 1 -2 0 1 18 -2 0 -1 0 1 0 -1 2 0 0 0 -1 0 1 0 0 -1 0 -3 2 0 0 -1 0 -1 0 0 0 1 1 -1 0 1 0 0 0 -2 0 0 0 -1 0 0 2 -1 -1 1 1 0 0 -1 2 1 0 0 -1 1 0 1 1 -1 -1 2 0 1 -1 2 0 1 -1 -1 -1 -1 0 0 -2 1 1 0 -2 0 2 -1 0 1 -1 0 1 -2 1 -1 -1 2 2 0 0 -1 0 1 -2 2 0 0 -1 1 -1 2 0 0 1 1 1 -1 0 1 -1 1 1 1 -1 0 1 0 0 0 0 -1 0 1 -1 0 0 0 1 -2 0 -1 -1 1 1 2 0 1 -1 0 0 4 -1 0 0 0 -1 0 -1 0 0 -1 -1 1 -1 1 -2 -1 -1 0 -1 0 0 0 -1 0 0 0 1 0 0 -1 -1 0 0 0 0 0 -1 0 -1 0 0 0 0 1 -1 0 0 1 0 0 1 0 0 1 0 2 1 1 0 2 0 -1 -1 0 1 0 0 1 2 1 0 1 1 -1 -2 0 1 0 0 1 -1 0 0 0 0 -1 0 1 -1 0 0 2 0 -1 1 0 0 2 -1 -2 0 2 0 -1 0 -1 0 1 0 0 -2 0 0 0 -1 0 0 0 0 -1 0 0 0 0 2 1 -1 0 0 0 0 1 1 0 0 0 1 0 0 0 0 0 0
0 -1 -1 0 1 0 0 0 2 -1 0 0 0 2 1 1 2 -1 0 0 0 2 0 0 1 2 1 -1 2 0 -1 0 0 -1 0 0 -1 0 1 0 0 -3 2 0 0 2 0 0 0 1 -1 1 0 -1 0 1 -1 0 1 0 0 0 4 0 1 -1 1 0 -2 -2 22 2 1 1 1 0 0 -1 0 -1 0 -1 2 0 0 0 1 -2 1 0 0 1 0 -1 0 -1 0 1 0 -1 1 2 3 1 1 0 -1 1 -1 0 1 0 0 2 1 0 2 -2 0 0 1 0 0 0 -1 -2 0 0 -1 -1 0 0 0 0 1 0 1 -3 0 0 -1 0 0 0 2 0 0 0 1 2 1 1 1 1 1 0 -1 0 1 0 -1 0 0 -1 1 -1 0 0 0 1 0 0 -1 1 -1 1 -1 0 1 0 0 -1 -1 0 0 -1 0 0 -1 2 0 0 -2 1 1 0 4 0 1 1 -1 0 -3 0 -1 0 1 1 1 1 0 2 0 0 0 1 -2 0 -1 1 1 0 0 -1 0 0 0 -2 1 2 1 1 2 -1 -2 0 0 0 1 -1 1 2 0 0 -2 1 0 0 0 0 -1 0 0 2 1 1 1 0 -2 1 0 0 -1 1 0 0 2 -1 -1 0 0 0 0 -1 0 0 1 1 0 1 0 0 0 0 0 1 0 0 -1 2 0 1 -2 1 1 1 0 -1 1 0 -2 -1 1 -1 0 2 -1 3 1 0 1 -4 0 2 1 0 1 1 0 0 -2 1 0 4 -1 0 0 0 1 -1 0 -1 -2 1 0 -1 1 0 0 0 0 -1 -1 1 0 0 1 1 0 0 0 1 0 -1 1 2 1 1 -2 2
1 0 -1 0 0 1 1 1 2 0 -1 0 0 0 0 0 1 1 1 0 0 2 3 0 0 0 -1 0 0 -1 1 -1 1 -1 0 -1 0 0 1 -2 -1 2 0 0 0 0 0 0 0 0 1 2 1 0 -1 0 0 0 0 0 0 0 2 1 -1 0 0 -1 1 0 2 14 -1 0 -1 1 -1 -1 1 0 0 1 0 0 0 0 2 -1 1 0 1 -1 0 0 1 1 0 -1 0 0 2 0 0 0 0 -1 1 0 -1 0 1 0 0 2 0 0 0 -1 0 0 -2 0 -1 -1 -1 0 0 0 2 0 0 -2 -1 0 -2 -2 0 0 -1 0 -1 1 0 0 0 1 0 1 -1 0 0 0 -1 0 0 -2 0 0 0 2 1 0 0 0 0 1 0 1 0 0 0 1 0 0 1 0 0 0 0 1 0 0 0 0 0 -1 -1 1 0 2 0 -2 0 1 -2 0 1 1 -1 1 0 0 -1 0 0 -1 0 0 -1 0 0 0 1 0 -1 0 0 1 -1 0 -1 0 0 -1 -1 0 -1 -2 1 0 0 0 1 0 0 0 0 0 -1 -1 0 0 0 1 0 0 0 -1 0 0 0 1 0 0 1 0 0 -1 -1 0 1 0 -1 -2 1 0 1 1 -1 0 -1 -1 1 1 0 -1 -1 0 1 0 0 -1 0 0 -1 1 0 0 0 0 -1 1 -1 2 1 1 0 2 -1 1 0 0 0 -2 2 1 2 0 1 0 0 0 1 0 1 -1 0 0 0 0 1 0 0 -1 0 0 1 0 3 -1 0 -1 0 1 2 0 0 0 0 0 1 -1 -1 0 -1 0 0 0 0 0 0 2 0 1 0 1 -1 0 0 -1
-2 0 -1 0 -1 -1 0 0 1 0 0 0 0 2 0 0 0 0 0 -1 0 1 -1 0 1 0 1 0 0 0 0 0 0 0 0 0 1 2 -1 -2 3 1 -1 -2 0 0 -1 1 2 1 2 0 -1 1 -1 1 1 1 1 0 -1 1 2 -1 1 -1 1 1 -1 -1 1 -1 21 -1 -1 -1 1 0 0 0 -1 -1 -1 0 -1 -1 -1 -2 0 0 1 0 0 2 0 2 0 -1 0 2 2 -1 0 -1 0 0 -2 0 0 0 2 -1 -1 0 0 0 1 1 0 0 2 1 1 0 1 0 0 0 1 1 0 0 0 0 1 -2 0 2 2 -1 0 0 0 0 0 0 0 -2 0 0 -1 1 0 0 0 0 0 0 1 0 1 0 0 0 0 0 0 1 0 0 1 1 -1 2 0 0 0 -2 4 2 2 0 2 1 1 -2 -1 -2 -1 1 0 -1 0 1 -1 -2 1 0 1 0 0 0 -1 0 -1 0 -1 -2 -1 0 1 0 0 0 1 0 2 1 1 0 0 0 0 1 1 0 0 -2 -1 2 1 -2 1 4 -1 1 0 -1 2 -1 -1 -1 0 -1 1 0 -1 0 0 0 1 -1 0 0 1 0 1 0 0 -1 0 1 0 2 -1 0 -1 0 1 0 1 0 -1 1 1 0 -3 1 -1 0 0 -1 1 0 0 0 0 0 0 2 1 0 0 -1 0 -1 0 0 1 0 -2 -3 0 0 -1 0 1 1 -1 0 0 2 1 0 1 2 0 1 0 -1 0 -1 3 0 0 0 0 -2 -1 1 -2 0 1 0 1 -1 0 0 0 0 0 1 -1 -1 -1 0 1 1 0 0 0 0 0 -3 0 0 1 2 -1 1
1 0 -1 2 1 -2 -1 1 0 1 1 1 0 -1 0 2 -2 1 0 0 0 1 1 1 1 0 2 0 0 -1 0 -1 0 0 1 0 0 0 1 0 0 -1 1 2 0 -1 1 1 0 0 1 -1 1 0 0 0 0 -1 1 1 0 0 1 0 -1 -1 1 -1 1 0 1 0 -1 21 2 0 0 0 -1 -1 -1 1 0 0 2 -1 -1 0 -1 1 0 2 0 1 0 0 1 0 -1 1 0 -1 0 2 1 2 1 0 0 2 1 1 0 -1 -2 0 0 0 0 1 -2 1 -1 0 1 1 -1 -2 -1 0 -2 0 1 0 1 0 0 1 0 0 1 0 2 0 -1 0 1 -1 0 -1 -1 -3 1 1 -2 1 0 -1 -1 0 0 0 0 1 -1 -1 0 0 -1 0 -1 2 1 0 0 1 -2 1 -1 -1 0 0 0 -2 0 -1 1 0 0 0 0 1 -1 0 1 1 1 0 1 0 1 1 2 0 0 0 0 0 4 0 0 0 0 1 -1 0 -1 0 1 0 3 0 0 0 4 -1 -1 1 -1 0 0 -1 0 -1 0 1 0 1 2 -1 0 -1 0 0 3 -1 0 -1 0 1 -2 1 0 0 -1 1 0 -1 0 -1 0 -1 1 -1 -1 0 1 -1 0 0 0 0 -1 -2 0 0 1 0 0 1 1 1 0 1 0 0 0 0 1 1 0 1 0 0 0 0 1 0 2 -1 -2 -3 -1 0 0 -3 0 -1 0 0 -2 0 1 0 -1 1 0 -1 -1 0 0 0 0 -2 0 0 -1 0 0 1 0 0 0 2 0 0 1 1 0 1 1 0 0 -1 -1 0 2 0 1 0 -1 0 0 1 0 0 -1 2 0 1
0 0 0 0 -2 -1 -1 1 0 -1 0 -1 0 0 0 1 0 1 0 0 0 2 -2 0 2 0 1 0 0 -1 3 1 0 0 -2 0 -1 0 0 -1 0 -1 2 2 2 1 0 1 0 1 1 -1 -4 1 1 0 0 0 -1 0 -1 2 1 -1 1 -1 0 0 1 1 1 -1 -1 2 20 0 2 1 0 1 0 -1 1 1 2 0 2 1 -1 0 -2 2 0 1 0 -1 1 0 0 -1 1 0 0 1 2 0 3 0 -1 -2 -1 0 0 0 2 0 1 1 0 -1 0 2 -1 0 1 0 0 0 2 -1 0 0 1 0 0 1 1 1 0 0 1 0 0 0 -2 0 0 -1 -1 0 -1 0 -1 1 -1 2 0 0 -1 0 1 0 -1 0 -1 1 1 0 0 0 0 1 0 0 -1 -2 0 0 -2 -1 1 0 -1 0 0 0 0 0 0 0 0 0 0 0 1 -1 1 0 1 0 2 0 0 0 1 1 0 0 1 -1 0 1 -2 0 0 0 -2 1 0 0 0 0 -1 0 3 1 1 0 0 0 2 0 0 0 1 2 0 -1 1 -2 -1 1 0 -1 -1 0 0 2 1 0 1 1 -1 1 1 2 1 2 0 2 1 1 1 1 -1 1 0 -1 -1 0 0 0 1 1 1 -2 0 0 0 2 0 2 1 1 0 0 -1 1 0 0 2 0 -1 0 -3 0 0 -2 1 0 0 -3 0 0 0 0 0 0 0 0 -1 0 -1 0 0 0 0 -1 0 2 0 1 1 2 2 1 -1 -1 -1 -1 1 -1 0 1 1 0 0 0 0 -1 0 0 0 0 0 0 1 0 0 1 -1 0 0 2 0 0 0 0 0 2
-1 0 -1 0 0 -1 1 1 0 1 0 1 -1 0 0 0 1 0 -1 1 0 1 1 0 0 1 1 0 1 0 0 -1 0 0 0 -1 -1 0 1 1 0 -1 0 -1 0 0 -1 0 0 1 -1 1 0 0 0 0 -1 -1 0 0 0 0 0 0 0 0 0 0 0 0 0 1 -1 0 0 13 0 1 0 0 0 0 0 1 0 1 0 0 0 0 0 0 0 0 -1 0 1 0 0 -1 0 0 1 1 1 0 1 0 0 0 0 -1 1 2 0 -1 0 -1 0 0 0 -1 0 -1 -2 0 0 0 -1 1 0 0 0 0 1 0 0 2 0 0 0 0 0 0 1 0 0 2 0 0 1 0 1 1 1 1 0 0 -2 0 0 0 1 1 0 -1 -1 0 0 0 0 0 1 0 0 0 -2 0 -1 1 0 0 0 -1 1 0 0 0 0 0 0 0 0 -1 -1 1 -1 -1 1 1 0 1 0 -1 -1 0 0 1 1 0 0 0 0 1 1 0 0 1 -1 0 0 0 0 -2 0 1 0 -1 1 0 0 -1 0 -2 0 0 -1 0 2 -1 0 0 0 -1 0 0 0 0 1 0 0 0 0 1 0 0 1 0 -1 -1 0 -1 0 0 -1 0 0 0 1 1 -1 0 1 0 0 0 1 0 0 1 -1 0 0 1 0 0 1 0 1 0 1 0 -1 2 -1 -1 -1 0 0 0 1 1 0 1 0 1 0 1 1 -3 0 0 0 0 0 0 0 0 1 0 0 -1 1 -2 1 1 0 1 1 -2 0 -1 1 0 -1 2 0 0 0 0 -1 1 0 -1 -1 0 -1 0 -1 0 0 1 1 0 0 -2 0 0 1 -1
1 1 0 0 -1 0 1 1 0 2 0 0 0 -1 1 1 0 0 1 0 -1 2 1 1 0 0 -1 0 1 1 -1 1 0 0 0 0 0 3 0 0 1 0 1 -1 0 2 0 0 3 0 0 0 -1 -1 0 -2 2 0 0 2 0 1 -1 0 0 0 3 0 0 -1 0 -1 1 0 2 0 22 1 -1 0 3 0 0 0 0 0 -1 2 0 -1 1 -1 0 1 1 -1 1 1 0 -1 0 -2 0 1 0 1 1 0 0 0 -1 1 1 1 2 0 1 -1 0 1 -1 0 0 1 0 1 0 -1 -2 0 1 1 0 0 0 0 -1 0 0 1 0 1 1 -1 0 0 0 2 -1 0 0 0 1 2 1 1 1 2 1 -1 -2 0 0 -1 1 -1 0 1 -1 1 0 0 0 1 -1 0 2 0 0 1 2 0 2 0 1 1 2 0 2 1 0 0 -1 0 2 1 1 0 -1 1 0 0 0 0 0 -1 1 0 -2 0 0 1 -3 0 0 0 0 1 0 1 1 0 -2 0 1 0 1 1 -1 -1 -1 0 1 0 2 -1 0 -1 0 -2 0 3 0 0 1 0 -1 0 1 2 0 -1 -1 0 2 0 0 2 0 0 0 2 0 1 0 1 0 0 -1 0 1 -2 0 0 1 0 -2 0 0 0 -1 3 0 0 -1 -1 1 1 0 0 2 -1 1 0 0 1 0 0 1 -1 0 -1 0 1 0 1 2 0 0 -1 1 0 1 1 0 -1 0 0 1 1 0 1 2 2 -1 1 0 0 0 1 -2 -1 -1 1 0 -2 0 1 -1 1 1 2 -2 1 1 1 4 1 -1 -1 -1 0 -1 0 0 0 0 0 0 3
1 0 0 1 0 1 0 1 1 1 0 2 1 0 0 -1 0 0 1 1 -1 1 1 -1 0 1 0 -1 0 -1 1 0 1 0 -1 0 -1 0 0 0 0 -1 -1 0 0 1 -1 1 1 1 0 0 -1 1 1 0 1 0 0 -2 0 -1 -1 0 0 0 1 0 0 2 -1 -1 0 0 1 1 1 15 0 0 -1 0 -1 0 0 0 0 0 0 -1 -1 1 0 -1 1 0 1 0 0 0 0 1 1 0 0 0 1 0 0 0 3 1 0 1 -1 0 -1 -1 0 0 -2 1 1 0 2 1 0 0 0 2 0 0 0 0 0 1 -1 1 -1 1 -2 -1 1 0 0 0 -1 -2 0 -1 1 -1 0 0 0 -1 1 0 0 3 0 0 0 0 0 -3 -1 1 0 -1 1 1 1 1 0 0 1 0 -1 -1 0 0 0 0 0 0 0 -1 0 0 0 0 0 -1 1 0 -1 0 2 1 1 0 0 1 1 1 2 2 0 1 1 1 -1 0 0 1 2 -2 0 -1 0 1 0 -1 1 1 0 0 0 -1 0 -1 0 0 1 -1 0 0 -1 -1 -1 0 1 0 0 0 0 0 0 1 0 0 0 0 0 0 -2 3 1 1 1 -1 1 -1 0 0 1 1 0 0 0 0 0 2 1 2 0 0 0 2 -2 1 -1 0 0 -1 0 0 0 1 1 -1 1 -1 0 1 0 0 0 0 -1 -1 0 0 2 0 -1 0 2 0 1 0 1 0 1 1 -1 0 -1 1 0 0 0 0 2 1 -1 0 1 0 1 0 0 0 -1 0 0 0 1 1 -1 1 -1 0 1 0 2 0 0 1 0 -1 1 1 0 0 1 0 0 0
0 0 0 0 -1 2 -1 2 0 1 0 1 0 0 0 1 0 -1 0 0 0 -1 -1 0 1 0 1 -1 -1 0 2 0 0 -1 0 0 -1 -1 0 -1 -1 0 1 1 0 0 0 2 -1 2 1 0 1 -1 0 0 -1 0 0 0 0 -1 0 2 0 1 1 -2 0 0 0 1 0 -1 0 0 -1 0 16 -1 0 1 1 0 1 0 1 -1 0 3 1 0 0 -1 0 0 0 0 0 -1 -1 -1 -1 0 0 1 2 0 0 0 0 0 0 0 -1 0 0 1 0 1 0 -2 1 1 0 0 -1 0 1 1 0 0 0 -1 0 0 -1 0 -1 0 0 0 -1 -1 0 1 0 -1 1 0 3 2 0 -1 0 -1 1 1 0 0 -1 -1 0 0 0 0 0 0 0 0 0 0 0 0 -1 0 -1 0 1 -1 -1 0 0 0 0 1 0 1 1 0 0 2 0 -1 1 -1 0 0 0 0 0 -1 1 4 0 1 0 0 0 0 1 1 1 -1 0 1 2 0 0 0 -2 0 1 1 -1 0 1 -2 0 0 0 2 -1 0 1 0 0 -1 -1 0 0 0 -1 -1 0 -1 1 1 -1 1 1 0 1 0 0 0 -2 1 0 0 1 0 0 0 -1 -1 0 1 1 2 1 -1 0 0 1 0 0 0 0 0 0 0 0 0 1 0 1 -1 0 0 -1 -1 -2 0 0 0 0 1 0 2 0 0 0 0 0 0 0 0 0 0 0 0 0 -2 -1 -2 0 0 0 -1 1 0 0 -1 -1 2 3 0 -1 -1 0 0 0 1 1 1 0 1 2 -1 -1 0 0 1 0 1 0 0 0 1 0 -1 -1 1 1 -1 -1 0 1 0
-1 0 -1 0 -1 0 0 0 0 2 0 1 0 0 -1 -1 0 0 0 1 0 -1 0 -1 0 0 0 0 -1 0 0 0 -1 0 0 1 0 0 -1 0 -2 0 0 0 0 1 0 0 0 0 2 0 -1 1 0 -1 -1 0 1 -1 1 -1 0 0 0 2 0 1 -2 0 -1 0 0 -1 1 0 0 0 -1 13 0 1 1 1 0 1 -1 -1 0 0 0 0 0 -1 -2 0 -2 0 0 1 0 -1 0 0 0 0 1 0 -1 0 -1 0 1 -1 0 0 1 -1 -2 -1 1 1 0 0 -1 0 -1 0 1 0 1 0 1 1 0 0 0 0 0 0 0 -1 -3 0 0 -2 -1 0 1 0 0 0 0 0 0 -1 0 0 1 0 -2 0 -1 0 1 1 0 1 -1 0 0 -2 0 0 0 0 0 2 0 -1 0 0 0 0 0 -1 0 0 0 0 -1 0 0 -2 0 -1 0 0 0 0 1 0 0 0 1 0 1 0 1 0 1 0 1 -1 0 -1 -1 0 -1 1 0 0 0 0 1 0 0 -1 0 0 0 0 0 -1 0 0 0 0 -1 0 0 0 1 2 -3 0 0 0 0 0 1 -1 0 0 0 0 1 0 0 1 2 0 -1 0 0 0 0 0 0 0 0 -1 0 0 1 0 0 1 -1 0 1 1 0 1 0 0 -1 0 0 -2 0 0 0 -1 0 -2 0 0 2 0 0 1 1 0 -1 0 0 0 0 -2 -1 1 1 0 1 2 0 0 0 -1 0 0 0 0 0 1 -1 0 2 0 0 0 1 0 1 0 1 -1 0 0 1 -1 0 -1 1 0 0 0 1 0 1 1 0 0 0 -1 1 0 0 0
0 0 0 -2 0 0 0 0 0 1 1 -1 0 -1 1 2 0 1 0 0 1 1 0 2 -1 0 0 0 0 1 0 0 0 0 1 0 0 0 -1 -1 -1 0 0 1 2 -1 -1 0 -1 2 0 0 0 0 1 0 -1 0 0 0 0 -1 0 0 0 0 2 0 -1 0 0 0 -1 -1 0 0 3 -1 0 0 13 1 0 0 0 0 0 0 0 0 0 0 0 0 -1 0 0 1 0 0 0 1 1 0 0 -1 0 0 0 1 0 0 1 0 2 0 1 0 1 0 0 1 1 1 0 1 -1 0 0 0 1 0 2 0 0 0 -2 0 0 0 0 -2 2 0 0 -1 0 0 0 0 1 1 -1 0 -1 0 0 1 1 -1 0 1 -1 0 0 0 0 0 -2 0 0 0 0 1 0 0 0 0 0 1 3 -1 0 0 0 0 1 0 0 0 -1 0 0 0 0 0 0 0 0 2 0 0 0 0 0 0 0 0 -2 0 -2 0 1 0 2 0 0 2 0 0 1 0 0 -1 0 0 1 2 1 1 0 1 -1 0 0 1 0 0 0 0 0 0 0 0 0 -1 0 0 1 2 0 0 -1 1 0 0 0 1 0 -1 2 0 0 0 0 0 1 1 -1 0 0 1 1 0 0 0 0 -1 0 1 -1 1 1 0 0 1 1 0 0 0 0 0 0 0 0 0 1 0 2 -1 2 0 0 0 -1 0 2 1 -2 0 0 1 1 0 1 0 0 1 0 0 -1 0 0 1 0 0 2 0 0 0 0 1 0 0 0 -3 0 0 -1 0 2 2 0 0 1 1 -1 3 1 -2 1 0 0 0 0 -1 -1 0 0 3
0 0 -1 0 -2 1 0 2 1 -1 0 0 0 0 0 0 1 0 0 0 1 1 0 1 0 0 -1 0 -1 0 0 1 0 0 0 0 0 1 1 0 -1 2 2 1 0 -1 3 -1 0 0 0 0 2 -1 0 0 -1 -1 -2 0 -1 -2 0 0 1 1 0 -2 0 -1 -1 1 -1 1 -1 0 0 0 1 1 1 26 2 0 1 0 -1 1 1 0 0 -1 0 -1 0 1 -3 1 0 -2 2 0 0 -1 1 -3 -1 -1 0 1 0 1 1 -1 1 0 0 0 0 0 -1 2 2 1 1 1 0 -1 -1 0 1 1 1 1 0 -3 -1 -1 1 1 0 1 0 1 1 0 -1 1 0 2 -1 1 1 -1 -1 0 1 1 -1 1 2 1 -2 2 0 0 0 0 1 0 1 -1 0 2 -1 0 2 0 1 1 0 0 1 0 -1 0 0 1 0 0 0 1 0 -1 0 -1 0 2 0 1 -1 2 0 -1 0 0 0 0 4 1 1 0 1 1 0 0 0 1 0 -1 -1 1 1 -1 -1 0 -3 -1 1 2 -1 1 0 0 1 0 1 0 -2 2 0 0 2 1 1 0 0 0 0 0 -1 0 0 0 0 -1 0 0 -3 1 0 0 1 -1 2 1 0 1 1 0 0 0 1 1 0 -1 0 2 -1 -1 0 1 0 -1 1 0 0 2 1 2 3 0 0 -2 0 1 1 1 2 0 -1 0 0 -1 0 0 -1 1 -1 -1 0 2 0 -2 0 1 1 -1 0 0 0 0 0 0 1 1 2 3 1 -2 -1 1 1 -1 -1 0 0 1 2 0 1 0 0 0 0 1 -1 0 2 0 2 0 1 -1 -1 -1 0 2 1 1
-1 0 1 0 -2 0 0 -2 0 1 0 0 0 2 -1 0 0 -2 -2 -1 0 -1 1 -1 -2 0 0 -1 1 2 0 0 1 -3 0 0 0 0 1 0 -1 0 1 0 -1 0 1 0 1 1 0 0 0 0 0 0 -1 -1 1 0 0 -1 -3 -1 1 0 -1 0 -1 0 2 0 -1 0 1 0 0 -1 1 1 0 2 22 0 0 -1 1 -2 -1 1 1 0 -2 -1 0 0 -2 0 -3 0 0 0 0 -1 2 0 2 1 0 2 -1 0 0 2 0 2 0 -1 0 0 0 0 0 0 0 0 0 0 0 1 1 -1 0 1 0 -2 -1 0 0 0 1 0 -2 -2 0 -2 -1 -1 -1 -1 1 0 1 1 1 0 -2 -1 -1 -1 -2 1 0 -1 1 -1 0 0 0 0 0 0 1 0 -1 1 -1 0 0 -2 0 0 1 0 0 -2 1 1 0 -1 1 1 2 0 2 -2 0 1 0 0 0 2 0 0 0 3 1 0 2 -1 4 2 0 -1 0 -1 0 0 -1 2 0 -1 0 0 0 -2 -1 0 0 0 -1 -2 1 -1 2 0 1 0 0 0 1 4 0 2 -2 -1 1 0 0 1 0 0 3 1 2 -4 1 0 0 0 0 1 1 0 -1 0 2 1 0 0 0 0 -1 0 0 -1 2 -2 0 0 1 0 1 1 -1 1 0 1 -1 -1 2 1 0 3 0 -1 2 0 0 1 -1 2 1 -1 0 1 0 1 0 -1 -1 1 1 0 2 -1 1 0 0 0 0 1 0 2 -1 -1 0 1 0 0 0 -1 2 -1 -1 -1 0 0 1 0 1 1 1 -1 0 0 1 0 0 0 0 0 0 1 1 0 0 1 0 1
0 1 0 1 -2 1 1 0 0 0 0 1 1 0 0 0 0 -1 0 1 0 -1 1 0 2 0 -1 0 0 0 0 1 1 0 2 0 1 0 0 0 1 2 1 1 0 0 0 0 0 0 0 0 0 0 0 0 2 0 0 -1 -1 0 1 0 0 0 -1 1 0 1 0 0 0 0 1 1 0 0 0 1 0 0 0 12 1 1 0 0 -1 1 -2 0 0 -1 0 0 0 0 0 4 1 0 0 0 -1 0 2 0 0 0 0 -1 1 0 0 0 0 -1 -1 0 0 0 0 -1 0 1 0 1 0 0 1 -1 0 0 1 -1 0 0 0 0 -1 0 -2 2 -1 -2 1 0 -2 -1 0 0 1 0 0 0 0 0 -1 1 -1 0 1 0 0 0 0 1 0 0 0 0 -1 0 0 0 0 0 1 -1 0 1 -1 0 0 0 1 -1 1 -1 -1 0 1 -1 0 2 0 2 0 1 -1 0 -1 0 1 0 1 0 0 -1 0 0 0 0 2 -1 0 -1 0 1 0 1 0 0 0 1 0 -2 0 0 0 -1 -1 0 -1 0 0 -1 2 0 1 0 -1 1 1 0 0 0 0 0 -1 0 0 1 1 1 1 1 0 0 0 0 -1 0 1 0 0 2 -1 -1 0 1 0 0 0 -1 0 0 1 0 0 -1 0 0 0 0 0 0 1 0 1 -1 0 0 0 0 1 0 0 1 -1 1 1 0 0 1 0 1 -1 -1 -2 1 -1 0 0 0 0 0 0 0 0 -1 -1 2 0 0 0 0 0 1 -1 -1 1 1 1 1 0 -1 1 0 -1 0 -1 1 0 0 1 0 1 0 0 1 0 1 0 0 0 0 1 0
0 0 0 1 0 -1 0 2 2 -1 -1 1 -1 0 0 0 -1 2 0 1 1 0 -1 0 0 0 1 2 -1 0 1 -2 0 0 0 0 -1 0 -1 -2 1 0 0 1 0 1 1 1 1 2 1 0 1 0 0 0 1 0 0 2 1 1 0 0 0 0 -2 1 1 0 0 0 -1 2 2 0 0 0 1 0 0 1 0 1 17 0 1 0 -1 0 0 1 0 0 0 0 2 -1 0 3 0 0 -1 0 1 0 0 0 1 0 0 -1 1 3 1 0 1 0 0 0 0 0 0 0 -1 1 0 -1 0 0 -1 0 1 0 0 4 -1 2 0 1 0 0 1 -2 0 0 0 0 1 0 0 -1 0 0 -1 1 0 1 0 1 -1 0 0 0 1 1 0 0 0 1 0 -1 0 0 0 1 0 2 -1 -1 0 0 -1 -1 0 0 0 0 0 1 -1 0 0 0 0 1 2 2 1 0 1 0 0 -1 1 0 0 0 0 0 0 1 0 -1 -1 0 -1 1 -1 -1 1 0 0 0 2 -1 0 -1 0 0 -1 1 0 1 1 0 1 0 0 -1 0 1 1 -1 0 0 0 0 2 1 1 0 0 1 0 0 1 0 0 0 -1 -1 1 -1 0 0 -1 1 1 -1 -1 0 1 -1 1 0 0 0 0 1 -1 0 0 -1 1 0 0 -1 0 -1 0 0 1 1 0 0 1 0 1 0 0 -2 0 0 1 2 0 0 -1 0 0 0 0 1 0 1 1 -1 1 0 -1 0 -2 0 0 -2 2 1 0 0 0 -1 2 -1 1 1 0 0 0 1 -1 2 1 1 0 0 0 1 1 1 0 1 -2 2 -1 -1 1 1 0 0
0 0 0 0 0 2 0 -1 0 0 0 -1 1 2 1 -1 0 0 -1 0 2 0 1 0 2 -1 0 1 0 1 0 -1 0 1 0 0 -2 -1 -1 0 0 0 2 -1 -1 0 0 -1 -1 0 0 1 0 0 -1 -1 2 0 0 -2 0 0 0 0 0 0 1 0 -1 0 0 0 -1 -1 0 1 0 0 0 1 0 0 -1 1 0 16 0 0 -1 1 0 -1 0 0 -1 0 1 -1 1 3 2 0 0 0 0 2 1 0 0 0 1 0 1 1 0 0 -1 0 1 1 -1 0 0 1 0 -1 -1 1 0 0 0 0 1 0 -1 1 0 0 0 1 -1 0 -2 0 0 -1 -1 -1 1 2 0 0 1 0 0 0 0 -1 0 1 2 -1 0 0 0 1 0 0 -1 1 0 1 0 1 0 -1 1 1 -1 -1 0 0 1 0 0 1 0 -1 0 2 0 0 0 -1 0 1 -1 -1 1 -1 1 0 0 0 -1 -1 0 0 1 0 0 0 0 1 0 0 0 -2 -1 0 0 -1 0 0 0 0 1 0 0 0 1 0 0 -1 -2 0 1 -1 -1 0 0 1 0 0 -1 0 0 0 0 1 1 0 -1 1 0 -1 0 1 0 0 3 0 -1 0 0 -1 -1 0 0 -1 -1 2 0 1 0 -1 1 1 -1 0 0 -1 0 0 1 0 0 0 0 0 1 0 0 0 1 0 0 -2 1 1 1 0 0 1 0 1 0 0 0 1 0 -1 -2 0 0 1 -1 0 -1 0 0 0 -1 -1 0 1 -1 -1 -2 1 1 0 1 -1 1 0 1 -1 1 1 -1 0 -1 1 -1 0 1 0 -1 0 0 0 -1 0 0 1 0 1 0 0
1 0 1 1 0 0 -2 0 0 1 0 0 1 1 0 -1 0 0 0 0 0 0 1 -1 1 0 -2 1 0 0 2 2 1 0 1 -1 0 0 1 2 1 -1 -1 0 0 0 0 0 -1 1 -1 -1 1 3 0 1 -1 0 0 0 0 0 -1 -1 0 0 0 1 0 -1 1 2 -1 -1 2 0 -1 0 1 -1 0 -1 1 0 1 0 18 -3 1 1 -1 1 1 -1 1 0 0 0 -2 0 1 0 1 0 0 1 3 0 0 0 -1 0 0 1 0 -2 0 -1 -1 0 -1 1 -1 1 0 1 0 1 -1 0 0 0 0 -1 0 0 0 0 0 1 0 1 2 -2 0 -1 3 0 0 0 0 -1 -1 1 -1 0 -1 0 0 0 1 0 1 2 2 1 0 1 1 0 -1 1 0 0 0 -1 0 0 1 -1 -2 0 0 0 0 2 0 2 0 -1 0 -1 0 0 0 0 0 -1 -2 1 0 -1 0 1 1 0 0 0 -1 0 0 1 0 1 0 0 0 0 0 0 0 -1 -1 0 -1 0 -1 0 0 -1 0 -1 0 0 0 0 0 0 0 -1 0 1 0 0 -1 0 0 0 -1 -1 0 2 0 1 0 2 2 0 0 0 1 0 0 -2 -1 0 1 1 -1 0 0 1 0 2 0 -1 0 -1 1 0 0 0 0 1 0 3 0 -2 -1 0 0 1 -1 1 0 1 0 0 0 0 0 1 0 0 0 2 0 -2 0 0 -1 0 0 0 0 0 0 2 0 1 0 0 1 0 2 0 1 1 0 -1 -1 1 0 0 0 0 0 -2 0 1 1 -1 1 1 -1 0 1 0 1 0 0 0 0 2 0 1 -1 1 0 1
1 1 0 -1 1 0 3 1 2 -1 0 1 0 0 0 0 0 1 0 0 0 1 0 0 0 0 0 -1 1 0 -2 -1 0 1 -1 2 0 -2 0 -1 0 1 0 0 0 0 0 -1 0 -1 0 0 0 -2 1 -1 1 0 0 1 0 0 -3 0 0 -2 0 1 0 0 -2 -1 -2 0 1 0 2 0 -1 -1 0 1 -2 0 0 0 -3 17 -1 -2 -1 0 0 1 0 0 0 -1 -1 -1 0 0 0 1 -1 0 0 -2 1 -1 -1 0 1 -1 0 0 0 0 1 1 1 -1 1 0 0 0 -1 0 0 0 -1 0 1 -1 0 2 0 0 -1 0 0 0 -1 1 -1 1 0 0 -2 0 0 0 2 1 1 1 0 2 -1 0 -1 0 0 1 0 0 -1 2 0 0 0 0 0 0 0 0 1 -1 -1 3 1 0 1 -1 0 0 0 0 0 -1 -2 0 0 0 0 0 -1 0 0 0 3 0 0 0 0 1 -1 1 1 -1 -1 1 -3 0 0 1 1 1 -1 -1 2 -1 0 0 -1 0 0 0 -1 -1 0 -1 0 0 0 0 1 0 0 0 0 1 0 -1 0 0 0 0 0 0 0 2 0 -1 0 2 -2 0 0 0 0 0 -1 -1 2 0 0 0 0 0 0 0 0 0 0 -1 0 0 1 0 0 1 0 1 -1 -1 0 1 0 -1 1 -2 1 1 0 0 0 -1 0 -1 -2 0 -2 -1 0 1 2 1 0 1 1 0 0 0 -1 0 0 0 -1 0 -1 0 1 2 0 0 0 3 1 1 -2 0 1 1 1 -1 0 0 0 0 0 2 -2 -1 0 0 0 0 -1 0 -1 0 -1 1 1 0 1 -2 -1 0
1 0 1 1 0 0 0 1 1 1 0 0 2 0 0 -1 1 -1 2 -1 -1 0 0 0 -1 1 1 0 0 0 0 0 -1 0 0 0 -1 -1 2 1 1 0 -1 0 0 -1 2 0 -1 -1 0 2 0 0 0 1 0 0 -1 -1 0 0 1 0 -1 0 0 -1 0 -3 1 1 0 -1 -1 0 0 0 0 0 0 1 -1 -1 -1 -1 1 -1 14 -1 0 0 0 0 0 0 0 1 0 0 0 0 -1 0 1 0 1 0 0 0 0 -1 1 0 1 1 1 0 0 0 0 1 0 1 0 1 0 0 0 1 1 1 0 0 0 2 0 0 -2 0 1 0 2 0 0 1 0 1 0 3 0 1 0 0 -2 -1 0 0 0 0 0 0 0 1 1 1 2 0 0 0 0 0 0 0 0 0 -1 0 0 0 -2 0 0 1 0 2 0 0 -1 0 0 0 0 1 0 0 0 -1 -1 0 -1 0 -1 0 -1 0 1 -1 0 0 0 -1 1 0 0 0 0 1 0 0 0 0 0 1 0 0 1 1 1 0 0 2 1 0 0 -1 0 0 0 1 0 0 0 0 0 0 0 0 -1 -1 0 0 -1 0 -1 0 1 -1 1 1 0 2 -2 3 -1 1 0 2 0 1 0 0 0 1 0 1 0 0 0 0 -1 0 0 0 -1 0 0 1 0 1 0 2 0 1 -1 0 -1 1 0 0 0 0 0 0 0 1 0 0 0 0 1 0 0 1 0 0 0 -1 0 0 2 0 0 0 1 1 0 2 1 -2 0 0 0 0 0 0 0 0 -1 0 1 0 1 0 -1 0 0 0 -1 0 0 0 2 -1 0 1 1 0 2 1
2 1 -2 0 -1 0 -1 0 0 1 -1 -1 0 0 -3 2 -1 2 0 -1 0 0 -1 0 2 -1 0 0 0 0 0 1 0 1 0 0 -1 0 1 -1 -3 -1 -1 -1 0 1 0 -1 -1 1 1 0 0 2 1 1 1 -1 -2 1 0 -1 1 1 2 2 0 -1 0 2 0 0 0 1 0 0 -1 -1 3 0 0 0 1 1 0 1 1 -2 -1 23 2 -1 -1 1 -1 -1 0 0 1 1 1 0 0 0 0 2 3 -1 -1 0 -1 0 1 0 2 -2 1 0 -1 2 0 -1 0 -1 1 1 -1 1 -1 0 -1 -1 0 -1 -1 -2 3 -1 1 0 -1 0 1 0 0 1 1 1 1 0 -1 0 0 1 0 1 0 -2 2 1 0 0 -2 1 0 0 -2 0 1 0 -1 1 1 0 -1 1 1 0 2 -4 1 -1 0 0 2 1 -1 2 0 0 -1 -1 1 0 0 0 1 0 0 1 -2 -1 -1 0 0 1 0 -1 -1 0 0 -2 0 -1 -3 1 -1 -2 1 0 0 1 -1 0 2 0 1 1 -1 0 0 1 0 -1 0 1 1 0 1 -2 1 0 0 1 0 0 1 0 0 0 0 0 0 0 0 0 0 1 -2 0 0 0 0 -1 -2 1 0 0 0 1 1 1 0 -1 0 0 -1 1 1 0 0 -1 0 0 1 1 0 -1 -1 -1 0 0 1 1 1 0 0 2 -2 2 -1 1 -2 0 0 0 -1 0 0 0 0 -1 0 -1 -2 -1 1 -2 2 1 -1 -1 -2 -1 0 0 0 0 0 1 1 -1 -1 0 1 -2 0 0 2 0 0 -1 1 1 2 0 0 0 0 0 -1 2 0 2 -2 0 1 0 1 -1
0 1 1 1 1 0 0 0 -1 1 0 0 0 0 0 0 0 2 0 0 1 -3 1 1 0 0 0 0 -1 0 0 -3 1 0 0 1 0 2 -2 -3 0 3 0 -1 0 -1 2 0 -1 0 1 2 0 0 -1 0 0 0 -1 0 0 -1 0 1 0 1 1 0 2 0 0 1 1 0 -2 0 1 -1 1 0 0 0 1 -2 0 0 -1 -1 0 2 23 0 1 3 -1 0 0 0 0 0 0 -1 0 0 1 0 1 -1 0 3 -2 1 1 3 -2 0 0 1 0 0 1 -2 0 0 -1 1 0 -1 -2 0 0 1 -1 0 -1 0 0 0 0 -2 0 0 0 2 1 1 0 0 2 0 0 0 0 1 0 -1 2 1 1 0 1 0 -1 0 1 0 0 -1 1 0 0 0 1 0 -1 1 0 1 2 1 0 0 2 0 0 1 0 0 2 0 0 -2 0 0 -1 1 0 1 1 0 1 0 1 -1 0 -2 1 0 -4 0 0 -1 1 0 0 -1 0 1 1 0 0 0 0 0 1 -1 -1 1 1 -1 0 1 2 0 -2 -1 -2 0 1 0 0 1 0 0 1 0 -1 0 -1 0 1 0 0 0 0 -1 0 0 0 -1 -1 0 0 0 0 0 0 0 1 0 0 -1 2 0 0 0 0 0 1 -2 -2 -1 -1 0 -1 2 0 0 0 0 0 1 0 2 1 -1 0 0 0 1 0 0 -1 0 1 2 1 0 1 0 1 0 0 2 1 1 3 0 0 0 -1 1 0 0 0 1 0 0 0 1 0 1 -1 0 -1 0 0 -1 -1 1 -2 0 0 0 -1 2 0 0 0 0 1 0 0 -1 -2 0 1 0 0 0
-2 0 -1 0 0 -1 0 -1 -1 -1 0 1 -1 0 1 0 -1 0 -1 0 0 0 -1 -2 1 -2 -1 0 0 0 1 0 -1 0 -2 0 -2 1 1 1 0 0 -3 1 -1 2 0 1 0 0 0 0 1 -1 0 1 0 -1 0 0 -1 0 0 0 -1 -1 2 0 0 0 1 -1 0 2 2 0 -1 1 0 0 0 -1 0 0 1 -1 1 0 0 -1 0 14 -1 -1 3 0 0 1 0 0 0 0 -1 0 -1 0 1 0 0 0 -4 0 0 0 1 -2 0 0 0 0 0 1 -1 0 -1 1 1 0 0 0 0 0 -1 0 -1 0 0 1 0 0 0 0 0 2 -1 1 1 0 0 0 0 -1 0 0 0 0 1 0 0 -1 0 0 0 0 0 -1 -1 -2 0 -1 -1 1 0 0 0 0 0 0 -1 0 1 0 0 0 -1 0 -1 2 1 -2 1 0 -2 0 0 -1 1 1 2 0 2 0 0 2 0 0 0 0 0 0 0 1 0 0 1 0 -1 0 -1 -1 0 0 0 0 0 0 1 0 0 0 0 0 0 1 -1 -1 0 0 0 0 0 0 0 0 0 0 0 2 0 1 0 0 1 1 1 3 0 0 1 1 -1 1 -1 1 0 0 0 0 0 1 0 1 -2 1 0 2 0 0 1 0 1 0 0 1 -1 0 0 0 0 1 0 0 0 0 -1 0 0 -1 2 -1 -1 -1 -1 0 -1 0 0 1 -1 0 0 0 0 2 -1 0 0 -1 0 -1 -1 0 0 0 0 0 0 0 -1 0 0 1 -1 0 0 0 0 1 0 0 0 0 0 0 0 0 0 -1 1 0 0 -1 1 1 0 0 1 1 -1 -1
0 0 0 0 1 -2 0 -2 1 0 0 0 0 0 -1 0 0 0 1 -2 0 0 0 0 0 1 0 0 0 0 0 0 0 0 0 0 0 0 -1 -1 0 -1 2 0 0 0 1 1 0 1 -2 0 1 0 0 0 0 2 -1 0 0 0 2 0 1 0 1 0 1 -1 0 0 0 0 0 0 0 0 0 0 0 0 -2 0 0 0 1 0 0 -1 1 -1 14 0 0 0 0 -1 0 0 -2 -1 -1 1 1 0 0 0 0 0 0 0 0 1 0 0 0 0 -2 0 0 0 -1 0 0 0 0 0 0 0 0 1 0 0 1 0 -1 0 1 0 1 0 -1 0 1 2 2 0 0 0 0 0 -2 0 1 -1 1 1 -2 0 0 0 1 0 0 1 0 0 -1 0 0 0 0 1 0 1 -1 0 0 0 0 0 1 0 2 0 0 0 -1 0 0 0 0 0 0 0 0 -1 0 0 1 -1 0 0 0 -1 0 0 1 0 0 -2 0 0 1 0 0 0 1 -2 0 0 0 0 0 0 0 0 1 1 0 0 0 0 0 0 0 0 0 1 0 0 0 0 0 1 0 1 0 0 0 1 1 0 0 -2 0 1 0 0 0 0 1 0 1 -1 0 0 0 0 1 1 0 0 0 -1 0 0 0 0 0 1 -2 0 0 1 0 0 0 0 1 -1 -2 -2 0 0 0 1 1 0 0 0 0 0 2 0 0 0 -2 0 0 1 1 0 -1 0 -1 1 -1 0 0 0 0 -1 0 0 0 1 0 0 3 0 -1 0 0 1 0 0 0 0 0 -1 0 0 0 0 0 1 -2 0 0 1 0 -1 0 0 -1 0 0 0
0 0 0 0 1 -2 0 -1 0 3 0 -1 0 0 0 0 1 1 0 1 0 -1 0 1 1 1 2 1 0 0 1 -1 0 0 -1 0 2 2 -2 0 1 2 1 0 2 0 0 0 1 0 0 1 0 2 0 -1 1 0 -1 1 1 1 1 0 0 0 -1 0 0 0 -1 0 2 1 1 0 1 -1 -1 -1 0 -1 -1 -1 0 0 -1 1 0 1 3 -1 0 17 2 1 0 1 0 2 1 0 1 -1 1 3 -1 0 0 1 1 0 1 1 0 2 1 1 1 1 1 0 -1 0 0 -1 0 -1 1 0 -1 0 1 -1 0 0 2 0 0 0 0 0 2 1 0 1 -2 1 0 0 0 1 1 2 0 0 0 1 0 1 1 -1 0 0 1 0 1 0 1 -1 -1 2 0 -1 0 0 0 0 0 1 0 0 -1 0 1 -2 0 -2 0 1 -1 0 2 2 0 0 0 0 -1 0 -1 0 0 1 1 -1 -2 0 1 0 -2 0 -1 0 -1 1 -1 0 -1 0 3 -1 0 0 1 -1 1 0 -1 0 0 0 1 0 0 0 0 -1 0 0 0 1 -1 -1 2 0 0 1 1 0 0 0 0 -1 0 0 0 0 0 -2 0 0 1 1 0 -1 0 -1 1 1 0 -2 0 1 1 0 0 0 0 -1 -1 0 0 0 0 0 0 0 0 0 0 1 -1 1 -1 0 -2 0 1 -1 0 0 -3 0 1 1 0 0 1 0 2 0 0 1 -1 0 2 -1 1 1 1 0 -1 -2 -1 0 0 0 0 1 0 1 -1 0 0 0 -1 0 1 0 -2 0 1 0 0 2 -1 1 1 0 1 0 0 0 1 0 0 0 -1 0
1 0 -2 -1 0 0 0 0 1 -1 0 0 0 -1 0 0 1 -1 1 -1 -1 2 1 0 0 -1 1 1 0 0 0 0 1 0 -1 -1 1 1 0 0 -1 -1 0 1 0 1 1 0 0 0 -1 -1 0 1 0 0 0 -1 1 0 1 1 0 1 0 0 -1 -2 3 -1 0 1 0 0 0 -1 1 1 0 -2 -1 0 0 0 0 -1 1 0 0 -1 -1 3 0 2 19 0 2 1 0 0 0 0 0 0 -1 2 1 1 0 1 0 1 -1 -1 0 0 0 -1 0 0 -1 0 0 0 0 0 0 -1 2 0 0 0 -1 0 0 1 0 0 0 -1 0 1 3 1 1 0 0 0 -1 0 0 2 0 -1 2 0 1 0 0 0 2 0 1 -2 0 0 1 1 0 0 0 2 1 -1 0 0 1 0 0 0 2 -1 0 -1 0 0 0 0 1 0 0 -1 0 0 2 -1 0 -1 -1 0 1 0 1 1 2 0 1 0 2 0 -1 2 -2 0 -1 0 0 0 -1 0 -1 0 0 1 0 1 2 0 0 -1 -1 0 1 1 1 0 1 0 0 0 0 0 0 0 1 0 0 0 1 0 0 1 1 3 1 0 1 1 0 0 0 0 0 -2 0 0 0 1 0 1 0 0 -1 0 0 3 -1 0 0 0 1 -1 -1 0 0 0 0 1 -1 0 1 0 1 0 -2 1 -1 0 -1 0 1 0 -2 0 0 0 0 0 1 0 0 0 1 -2 0 1 1 -1 1 1 1 0 0 -1 0 -1 -1 0 0 0 1 0 0 -1 0 0 -1 0 1 1 -1 0 0 2 1 1 1 0 0 1 0 0 0 0 2 1 1 1 0 2
2 0 -1 0 0 2 0 0 -1 -1 0 -1 0 0 0 -1 0 2 1 0 -1 0 0 0 0 1 -1 0 0 1 0 0 1 0 1 1 0 1 1 -1 1 2 2 0 0 0 1 0 -1 0 0 0 1 0 -2 -1 2 0 2 0 0 0 -1 0 0 0 0 0 1 0 -1 1 2 0 -1 0 -1 0 0 0 0 1 0 0 0 0 0 0 0 -1 0 0 0 1 0 14 1 0 0 4 0 -2 -1 1 0 -1 1 -1 1 0 2 1 1 0 0 0 1 -1 0 0 0 0 -1 0 1 -1 -2 0 0 1 0 2 0 0 0 0 0 2 -1 -2 0 0 0 0 0 0 0 0 0 0 -1 1 0 0 -2 -1 1 0 -1 -1 1 0 0 0 1 0 0 0 0 1 0 0 0 -1 0 0 1 -1 -1 0 1 1 0 1 0 0 0 0 0 0 0 0 1 1 0 1 -1 1 0 0 0 0 0 1 0 2 0 0 -1 1 1 2 0 0 2 0 0 -1 1 -1 -1 1 0 0 -1 1 0 2 1 1 -1 0 -1 -1 0 1 0 -1 0 2 -1 0 0 -1 0 0 0 0 0 0 0 0 -1 -1 -1 0 -1 -1 1 -1 0 0 0 -1 1 1 -2 0 1 1 0 0 -1 0 2 -1 0 0 -1 0 0 1 0 1 0 -1 0 -1 0 0 0 1 -1 1 1 2 0 0 1 0 1 -1 2 -1 0 -1 0 0 0 -1 -1 2 0 1 2 0 1 -1 0 0 0 0 1 0 0 1 1 0 0 0 -1 1 1 0 1 0 0 0 0 0 1 1 1 2 1 1 0 0 0 0 1 1 1 0 -1 0 0 0 0 0
1 0 -1 -1 0 0 0 1 0 0 0 -2 0 1 -2 0 -1 -1 -1 -1 1 0 1 1 1 1 0 1 2 0 1 0 0 0 0 0 0 2 0 -1 0 0 0 -2 -1 2 0 1 0 0 1 0 0 0 -1 -1 0 0 0 -1 0 0 0 0 0 0 0 0 3 0 0 0 0 1 1 1 1 1 0 -2 0 -3 -2 0 2 1 0 0 0 0 0 0 0 0 2 1 19 0 0 0 1 0 1 3 -1 0 1 2 1 -1 -1 1 1 2 0 0 -3 -1 1 0 1 0 0 1 0 -1 0 0 -1 1 0 0 1 -1 0 2 0 1 0 2 -1 0 1 -1 2 0 -1 1 0 1 0 2 1 0 -1 0 0 0 0 0 0 -1 0 0 -2 0 2 0 0 0 0 0 -1 0 0 0 2 -1 1 0 0 0 0 -2 0 1 0 -1 0 4 -1 0 0 1 1 3 0 0 1 0 1 0 1 -1 1 0 0 0 0 -1 0 -1 -1 2 1 0 -1 0 3 0 0 0 -1 0 0 1 0 0 0 0 -1 1 1 0 0 0 1 0 -1 -1 0 -1 0 0 2 0 0 -1 2 1 0 0 1 1 1 0 0 0 1 0 0 0 1 0 -1 1 -1 0 0 0 -1 0 1 1 -1 0 1 -1 -1 -1 0 0 -1 0 0 1 1 1 0 0 0 0 -1 -1 1 2 -1 -2 -1 -1 2 -2 1 0 -2 0 0 0 0 -1 1 0 2 1 0 0 0 1 -1 2 0 0 0 0 -1 0 0 -1 -1 0 0 -1 0 -2 0 -1 1 0 -1 0 0 0 0 -1 0 0 0 -2 -2 2 0 0 1 2 -1 1 0 -1 -1 -1
-2 0 1 0 0 1 0 2 1 0 0 0 0 0 -1 0 1 0 0 0 0 0 0 0 0 -1 0 0 0 0 -1 0 0 0 1 0 0 0 -1 0 -1 -1 2 2 1 -1 1 0 0 -1 0 0 0 1 0 1 0 0 0 -2 1 0 0 -1 0 0 1 0 2 0 1 -1 -1 0 0 0 1 0 0 0 1 1 0 0 -1 -1 0 -1 1 0 0 1 -1 1 1 0 0 18 0 1 1 0 0 0 1 0 0 0 1 0 0 0 0 1 0 0 0 -1 0 1 0 0 0 0 2 1 0 -1 0 0 0 0 -1 0 0 -1 0 1 1 1 1 0 1 0 2 0 -2 0 0 -1 -1 1 3 0 0 1 1 1 1 0 0 1 -2 0 1 -2 0 1 0 0 1 0 0 -1 0 -1 1 0 0 1 0 0 0 0 -1 2 -1 2 0 0 1 0 0 0 1 1 0 2 -1 0 0 0 2 1 1 -1 1 0 1 1 1 1 -1 0 0 0 1 1 1 0 0 0 0 -1 1 0 1 0 1 1 0 0 0 0 2 0 1 1 1 0 -1 0 0 1 1 0 1 0 1 0 0 0 2 0 0 2 0 0 1 -2 0 0 0 -1 0 0 0 1 0 0 -1 1 0 0 0 0 0 1 0 -1 0 0 1 0 0 1 0 0 0 0 2 0 0 0 0 -2 0 0 -1 0 1 1 0 1 -2 0 0 1 -1 -1 0 0 1 2 1 0 -1 0 2 0 0 0 -2 0 0 0 -1 0 0 0 2 2 0 0 0 1 0 1 0 1 1 1 -1 1 0 0 0 0 1 -1 0 -2 1 1 0 -1 0 -1 1 0
0 1 -1 0 1 0 0 -1 0 0 -1 0 0 -1 1 0 0 1 0 1 0 0 0 0 0 0 0 0 -1 0 1 0 0 0 0 -1 -1 0 0 0 0 0 -1 0 1 0 0 0 0 0 -2 0 0 -1 -1 0 0 0 0 0 0 1 0 1 -1 -2 0 0 -1 1 0 0 0 -1 0 0 0 0 0 0 0 0 -3 0 0 1 -2 -1 0 1 0 0 0 0 0 0 0 0 11 0 0 -1 0 0 0 0 -2 0 -1 0 0 0 0 0 0 -1 0 0 -1 0 0 -2 0 0 0 -1 1 0 1 0 0 0 0 0 0 0 0 0 0 0 -1 0 0 0 0 0 0 0 0 0 1 1 0 -1 0 0 0 1 0 0 2 -1 0 1 -1 -1 1 -1 0 0 0 0 -2 0 0 0 -1 0 -1 0 0 0 2 0 0 3 0 0 0 1 0 -1 1 -1 0 0 0 0 2 0 -2 0 -1 0 -2 -1 1 0 0 0 2 -1 1 0 0 1 0 -1 0 1 -1 0 0 0 0 0 -1 -1 1 0 1 1 1 -1 -2 0 1 1 0 0 -1 -1 0 -1 0 0 -1 0 -1 0 0 0 -2 0 0 -3 1 0 0 0 0 0 0 -1 -1 0 -1 0 1 0 0 0 0 -1 0 0 0 0 0 0 0 0 0 -1 0 -1 0 0 1 0 1 0 0 0 1 1 -1 0 1 0 0 1 1 1 0 -1 -1 0 -1 0 0 -1 1 1 0 0 0 -2 1 0 -1 0 0 -1 0 0 0 0 -1 0 1 -1 -1 0 0 0 0 -1 0 0 0 -1 1 1 0 0 -1 0 1 0 1 0 0 0 0 0 0 0 0 -1
-1 1 0 -1 -1 0 0 2 3 2 0 0 2 -1 0 -1 0 0 1 0 -2 -1 0 0 3 0 -1 1 -1 0 -1 0 0 0 4 0 -1 0 3 -1 3 0 1 -1 -2 0 0 0 0 -1 1 1 0 2 -1 0 3 0 1 1 1 1 0 1 0 -1 0 0 -1 1 -1 0 2 1 -1 -1 -1 0 -1 1 0 -2 0 4 3 3 0 -1 0 1 0 0 0 2 0 4 0 1 0 33 2 -1 -1 -1 -1 0 0 1 0 -1 1 1 2 -1 0 0 1 -1 0 0 0 1 -2 0 1 2 0 2 -1 0 -1 0 1 0 1 1 0 0 -1 1 0 0 1 -1 0 0 0 2 2 1 -2 -2 0 0 1 -1 0 0 -2 2 1 0 1 0 1 -1 1 0 1 0 0 -3 0 0 0 0 0 1 0 -3 -2 1 -1 1 0 -1 0 0 2 1 0 0 0 0 0 3 1 3 0 0 -3 0 1 0 1 -1 0 0 -1 3 0 1 0 -1 1 0 -1 -1 1 1 2 1 1 0 1 0 0 1 0 -1 -1 2 -2 0 -1 0 0 0 0 1 -2 0 1 0 0 0 0 2 0 1 2 1 0 0 -1 0 -1 1 1 -1 0 0 -2 1 -1 -1 -1 0 1 0 1 3 1 0 0 -3 0 -1 -1 1 0 1 3 1 1 -1 1 -1 -2 -1 2 1 -1 0 0 2 1 0 -1 3 -1 0 0 -1 0 3 0 1 1 0 0 1 1 2 1 0 0 -2 1 -1 0 0 -3 1 0 -1 0 -3 0 5 -2 0 2 1 2 0 2 0 1 0 0 0 2 2 0 2 0 0 0 0 2 1 0 1 0 -1 -1 1 0 2
-1 0 0 0 -1 2 0 1 1 -2 0 0 1 1 0 1 0 0 0 2 1 0 0 1 2 1 -2 1 0 -1 0 -1 0 0 -1 0 0 0 0 1 0 0 2 -2 0 0 0 0 1 1 0 0 1 1 -1 0 1 0 -1 1 0 0 1 0 1 0 0 -1 1 -1 1 2 2 0 1 0 0 0 -1 0 0 2 0 1 0 2 1 0 0 1 0 0 -2 1 0 0 1 1 0 2 19 1 0 0 0 -1 1 0 -1 0 0 -2 1 -1 -1 0 -4 0 0 0 -1 1 1 0 1 2 -1 0 1 0 1 0 0 0 1 -1 0 1 1 0 0 2 0 0 0 0 -1 1 0 2 0 2 2 1 -2 1 0 0 3 0 1 0 0 0 -1 0 0 0 0 1 -1 2 1 0 0 0 -3 0 2 0 0 0 0 -2 -1 1 -1 -1 -1 2 0 1 -1 -1 -2 1 -1 2 0 0 -2 0 0 -1 -1 0 0 0 1 0 0 0 0 1 2 0 0 2 0 0 0 1 0 0 0 1 -2 -1 0 -1 2 -1 0 2 0 1 0 -1 -1 -1 0 1 1 0 0 0 0 -1 -1 1 0 0 1 0 0 1 1 2 0 0 -1 0 -2 1 0 0 1 1 0 -1 0 1 2 2 -1 0 -1 0 1 0 0 1 2 0 0 2 0 0 -2 1 2 0 0 0 0 1 0 0 0 1 1 1 0 0 -1 0 -1 -2 0 0 2 2 -1 1 1 -1 1 -2 1 -1 0 0 0 1 0 1 -3 1 0 1 -1 1 0 -2 2 -1 1 0 0 0 1 1 -1 0 0 1 0 -2 0 1 1 0 -1 1 0 1 0 0 -1 0
-2 -1 0 -1 0 1 0 0 0 0 0 1 0 0 1 -1 -1 0 0 -1 2 0 1 -1 0 1 -1 1 1 -2 1 0 0 -1 -1 0 0 0 -1 0 -1 0 0 0 1 1 0 -1 -1 0 2 0 0 0 0 0 -1 1 -1 0 0 0 2 -1 0 -1 0 1 0 0 2 0 -1 -1 0 0 -2 1 -1 -1 1 0 0 0 0 0 0 0 0 0 -1 0 -1 0 0 -2 0 0 -1 -1 1 16 0 0 0 0 0 0 -2 0 2 0 0 0 0 0 0 0 1 0 1 1 2 0 1 0 0 2 -1 -1 1 -1 -1 0 1 0 0 -2 0 0 -1 0 1 0 -1 -1 0 0 -1 -2 1 1 1 1 0 1 -1 0 1 1 0 0 0 0 0 0 -1 0 0 -1 -1 2 0 0 1 0 1 0 0 0 0 0 -1 -1 0 2 1 0 0 1 0 0 0 -2 -1 0 0 0 0 1 -2 1 0 -1 0 -1 1 1 -1 0 0 1 0 0 -1 0 0 0 0 -1 0 -1 0 -1 -1 0 0 -2 1 0 -1 0 -1 1 0 -1 0 1 1 0 0 0 0 0 -2 0 0 0 0 0 0 0 1 1 0 1 0 -1 1 1 2 -1 0 0 -1 1 1 -2 0 0 -1 1 0 -1 -1 0 0 0 1 1 0 -1 0 1 0 2 0 0 0 1 0 -1 0 1 0 1 1 0 -1 0 1 -1 0 0 0 0 0 0 0 1 1 -3 0 -1 1 0 0 0 -1 0 0 0 1 0 1 -1 1 0 0 0 -1 -1 -1 -1 -1 0 0 0 0 1 0 1 -1 -1 -1 0 3 2 1 -1 1 0 1 0 0 0 0 0 -1 1
1 0 -2 -1 0 -2 0 -1 0 -1 1 0 1 2 1 1 1 1 -1 0 -1 0 2 1 0 0 0 0 2 0 0 0 1 0 0 0 0 -1 1 -3 0 0 2 0 3 0 -1 0 1 1 0 -1 0 0 0 0 0 0 -2 -1 1 1 3 0 -1 0 0 0 -1 1 3 0 0 0 0 1 0 1 -1 0 1 0 0 0 -1 0 1 0 -1 0 0 -1 -1 1 0 -1 1 0 0 -1 0 0 17 1 0 1 0 1 1 1 1 0 0 0 0 0 0 0 1 0 0 1 1 0 0 0 0 0 -1 0 0 -2 0 0 -1 0 2 1 0 0 -1 0 0 1 0 0 1 0 2 2 0 0 1 1 0 0 0 0 0 0 1 0 2 0 0 -2 -1 0 1 0 0 1 1 0 0 1 1 0 1 1 1 -1 -1 0 0 0 0 0 0 -1 -1 0 0 0 0 0 0 0 1 2 1 0 0 -1 0 1 0 1 1 -1 0 -1 0 0 0 0 1 0 -2 3 1 0 0 -1 1 -1 0 1 0 0 1 0 -1 1 0 1 1 0 -1 -1 0 0 0 0 2 1 -1 -1 2 0 0 1 1 1 -1 0 0 0 -2 0 2 -2 3 0 -1 0 1 0 -1 0 0 0 0 2 -1 0 0 0 -1 4 0 2 0 1 1 0 2 1 0 0 0 0 0 0 0 1 0 0 0 0 0 -1 -1 -1 -1 0 0 0 -1 0 3 -2 0 1 1 0 0 3 0 0 0 0 -2 1 0 2 1 -1 3 1 -1 0 1 0 2 -2 0 0 1 1 -1 2 0 -2 0 0 0 0 0 -1 1 0 3 1 1 0 1 0 -2 -1
0 2 0 1 0 0 0 0 -1 0 0 1 0 -1 0 0 -1 0 0 0 -1 0 0 0 0 2 0 0 2 0 -1 2 0 0 0 0 -1 1 -1 -2 -1 1 0 0 0 0 0 0 0 -1 0 -1 1 -1 0 -1 -1 1 -1 -1 1 0 0 0 1 0 0 0 1 0 1 0 -1 2 1 1 1 0 0 0 0 -1 -1 0 0 0 0 1 0 0 0 0 1 -1 0 1 3 0 0 -1 0 0 1 12 0 -1 0 0 1 0 0 1 0 0 0 0 0 0 0 0 0 0 0 1 0 -1 0 0 0 1 1 2 -1 0 0 0 0 1 0 0 1 0 0 1 0 0 0 0 0 1 0 0 -1 0 0 0 0 1 0 0 1 0 0 0 1 1 0 0 -1 1 0 1 -1 0 0 0 -1 0 0 0 1 1 1 0 0 0 0 0 0 1 -1 -1 0 0 1 1 0 -1 0 0 0 0 1 1 0 -1 0 0 1 -1 0 -1 -1 0 1 0 0 -1 1 1 0 0 -1 0 0 2 0 0 0 -1 1 1 1 0 0 1 0 0 -2 1 0 0 0 0 1 0 0 0 1 0 0 0 1 -1 1 0 0 0 0 -1 0 0 1 0 -1 1 0 2 0 0 0 0 0 -1 0 1 0 0 0 0 0 0 0 0 0 -1 0 1 0 -1 2 -1 1 1 0 0 -1 -2 0 -1 -1 0 2 0 -1 0 0 0 -1 -1 0 0 0 1 0 0 0 1 1 0 1 0 1 0 0 0 0 0 2 0 0 -1 0 0 0 0 1 0 0 -1 2 0 0 0 1 0 0 0 0 1 0 3 0 0 0 0 0 0 0 1
0 -1 0 2 0 0 -1 2 0 1 -1 -1 0 0 0 -1 0 1 0 0 0 0 1 -1 0 1 2 0 1 -1 1 0 2 0 -1 1 -1 0 1 0 -1 1 3 1 1 0 2 0 -1 1 0 0 0 0 0 0 0 -1 0 0 0 0 0 1 -1 -1 0 -1 1 0 1 0 0 1 2 1 0 0 0 0 0 1 2 -1 1 0 0 -1 1 0 1 -1 1 1 -1 0 -1 1 0 -1 0 0 0 0 12 0 0 0 -1 0 1 0 1 2 0 2 0 3 0 0 -1 2 0 0 0 -1 0 0 0 1 0 2 0 0 0 0 0 0 0 -1 0 0 0 0 1 -2 -1 0 0 0 -1 0 0 0 -1 0 0 0 1 0 0 1 -2 0 0 0 0 0 0 0 0 0 1 0 0 1 0 0 -1 -1 0 0 0 0 0 -1 0 -2 0 1 0 0 0 0 1 -1 1 0 -1 1 0 -1 0 -1 0 0 0 0 0 -1 0 1 0 0 0 -1 2 1 0 0 0 0 0 0 1 0 0 0 0 -1 -1 0 0 0 0 -1 -1 0 1 -1 0 1 0 0 -1 0 0 0 -1 0 0 0 1 0 0 -1 1 0 -1 0 0 0 0 1 0 0 0 0 1 1 -1 0 0 1 0 -1 0 0 0 0 1 0 0 0 0 0 1 0 -1 0 0 0 0 1 0 0 -1 -1 0 0 -1 2 0 0 2 0 -1 0 0 0 -1 0 0 0 2 0 -1 0 1 -1 0 0 0 0 2 0 1 1 0 0 2 0 0 0 0 1 -1 0 -1 0 -1 0 -1 0 1 0 0 0 0 0 0 -1 0 0 0 -1 0 0 0 1
-1 -1 1 -1 0 0 -1 0 0 2 1 0 0 0 0 0 -1 -1 1 0 -1 -1 0 2 1 1 1 0 1 0 -1 0 -1 0 -1 0 0 0 0 0 1 -1 0 1 -1 1 1 -2 -2 0 0 0 -1 1 0 0 1 -1 1 -2 0 1 0 1 -2 -1 3 1 1 0 0 -1 0 2 0 0 1 0 1 0 -1 -3 0 0 0 2 1 0 0 2 0 0 0 3 2 -1 0 0 0 0 -1 0 1 -1 0 18 2 0 0 1 -1 0 -2 0 1 0 1 1 0 1 -1 0 0 0 1 0 0 -1 0 -1 -1 0 -1 -1 -1 0 -1 0 0 3 -2 0 0 -1 1 0 -1 0 0 -1 1 0 1 1 1 0 -1 -2 0 1 0 0 1 0 -1 0 -1 0 1 0 -1 3 0 -1 0 -1 2 0 -1 0 0 -1 0 0 1 2 0 0 0 0 -1 0 0 0 0 0 0 -1 0 -1 0 0 0 1 -1 0 0 0 0 0 0 0 0 -1 -1 0 1 -1 -1 0 -1 -1 0 1 3 -1 1 0 -1 0 -1 -1 1 -1 0 0 3 -1 -1 -1 0 0 0 1 2 0 -1 -2 -1 0 0 0 1 0 0 0 1 0 0 2 0 0 1 1 -1 0 0 -1 0 0 1 0 0 0 0 0 0 0 -1 -1 0 -1 -1 1 0 0 0 1 0 0 0 1 0 0 2 -2 0 -1 1 -1 0 0 -3 2 0 1 0 1 1 0 0 0 0 -2 0 0 0 0 0 0 0 0 -1 -1 0 0 1 0 -1 1 0 0 1 1 0 0 -1 0 2 1 -1 -1 0 0 0 -1 0 1 -1 0 0 -2 -1 0 0 -1 0 1 -1 1
2 0 0 -1 -2 1 0 0 -1 -1 0 0 0 -1 1 -1 -2 0 1 -1 0 -1 0 1 0 0 -2 -1 -3 0 2 0 -1 0 -2 0 1 0 -1 -2 0 1 1 1 0 -1 0 0 -1 0 -1 -1 0 -1 0 0 -1 0 0 0 2 -1 -1 -1 -1 -1 0 -2 1 -2 -1 1 -2 1 3 1 1 1 2 1 0 -1 2 2 0 1 3 0 1 3 1 1 0 -1 1 1 1 0 -2 0 1 0 0 0 0 2 30 -1 0 0 -2 -2 0 0 2 -1 0 2 0 0 -2 -1 0 -1 0 3 -1 0 -2 -2 0 0 -1 -1 -1 0 1 1 0 2 -1 -1 -2 0 -1 0 0 1 1 -1 0 1 1 0 -3 1 -1 1 -1 0 0 0 0 -1 1 0 0 0 1 0 0 -2 1 0 -5 2 0 0 0 -1 0 0 -1 1 0 5 1 -1 3 0 -1 2 1 -2 0 1 1 -1 0 2 0 0 1 1 2 1 0 0 0 0 0 -1 0 -1 2 0 -1 -1 0 1 0 0 1 0 1 0 1 1 1 0 0 4 1 0 -1 0 0 -1 0 -1 1 0 1 0 -1 -1 -1 -1 0 1 -1 0 1 1 -1 2 -2 0 1 0 1 0 0 -1 0 2 0 1 -1 1 -1 1 0 1 0 -1 0 0 3 3 1 1 1 0 0 1 -1 0 1 1 0 0 -2 1 0 1 -1 0 -1 0 0 0 -1 -1 0 -1 0 -1 -1 0 -2 2 -1 -1 1 2 0 0 0 -1 2 1 3 -2 0 2 2 1 -1 1 1 0 0 2 0 0 -1 -2 0 0 2 1 -1 -1 0 -2 1 -1 -3 -2 -1 1 0 2 -1 -1 -1 -2 1 0
0 0 0 0 1 0 -1 0 1 0 0 1 2 0 -2 0 0 -3 0 -1 0 0 1 0 0 0 0 0 0 0 1 0 1 0 0 0 1 1 0 0 0 0 0 2 -1 1 1 1 1 0 1 0 -1 0 0 0 0 0 0 0 0 1 1 0 0 0 0 0 -2 0 1 0 0 0 0 0 0 0 0 0 0 -1 1 0 0 0 0 -2 0 -1 -1 0 0 0 1 -1 2 0 0 1 0 0 1 0 0 0 -1 16 0 -1 0 2 0 2 1 -1 0 1 0 1 -1 1 1 1 0 -1 0 0 0 0 1 -1 0 -1 0 0 0 0 -1 0 0 0 -1 -2 0 0 0 -2 0 0 0 1 1 0 0 0 -1 -1 2 0 0 0 0 0 0 0 1 -2 -1 0 0 0 -1 0 0 0 1 -2 0 -1 2 0 0 0 0 0 1 0 0 0 0 1 0 0 0 -1 2 1 -2 0 0 0 0 1 0 0 0 1 0 0 1 0 -1 1 0 0 0 0 1 3 1 -1 0 0 -2 0 -2 1 0 0 1 0 -1 0 -1 0 1 0 0 0 -1 0 1 1 0 0 1 -1 1 0 0 0 -1 2 1 -2 0 0 0 0 -1 0 1 -1 1 -1 1 0 1 -1 0 0 -1 0 0 -1 1 -1 -1 0 1 1 2 0 0 1 0 0 0 0 -1 1 0 0 -1 0 -1 0 1 0 1 -1 1 -1 0 0 0 1 -1 -2 2 0 0 -1 0 -2 0 0 -1 1 -1 1 0 -2 -2 0 0 0 0 -1 0 0 -1 -2 1 0 0 0 -1 -1 -2 -1 -1 -1 0 1 0 2 1 0 1 -1 0 -2 0 1 1 0 1 0
2 0 1 0 0 -1 0 1 0 -1 1 0 -1 1 0 1 0 0 0 0 0 1 0 0 0 0 0 -2 -1 2 -1 0 0 0 0 0 0 0 0 1 2 1 -1 0 0 0 0 0 0 -1 0 0 0 0 0 0 0 1 2 -1 0 0 0 0 0 1 0 -2 1 0 -1 -1 0 0 -1 0 0 0 0 -1 0 0 0 0 1 0 0 1 0 -1 0 0 0 0 0 1 1 1 -1 0 -1 -2 1 1 -1 0 0 0 11 1 0 0 2 -1 0 0 0 1 0 1 -1 1 -1 0 1 0 0 0 -1 0 0 0 0 0 -1 0 0 0 0 0 0 0 1 -1 0 0 -1 -1 -1 1 1 0 2 0 0 2 0 0 0 0 1 0 1 0 0 -1 -1 0 -1 1 0 0 0 1 1 1 1 0 1 1 1 0 1 1 0 -1 -1 0 -1 -1 -1 1 2 2 -1 0 0 0 -1 0 3 0 -1 0 0 0 0 0 0 1 0 0 -1 0 0 0 1 1 1 1 0 -1 0 0 0 0 0 3 -1 0 0 -1 -1 0 0 -2 0 2 0 0 0 0 0 0 1 0 0 1 1 0 0 0 2 0 2 0 0 0 0 -1 0 0 1 0 -1 0 0 1 0 -1 0 1 -1 1 2 0 -1 -1 0 0 0 0 1 0 0 -1 0 1 0 0 2 0 0 0 1 0 0 1 0 2 -1 -1 0 1 -1 0 0 -2 0 0 -1 1 0 1 -1 1 0 1 -1 0 0 0 -1 -1 0 -1 0 0 -1 -1 -1 0 1 0 -1 -1 0 0 1 0 0 2 -1 2 1 0 -1 0 0 0 -1 0 0 0 0 0 0 0 0 -1
0 1 1 0 -1 0 1 -1 -1 -3 1 1 -2 1 1 3 -1 2 0 1 1 0 1 0 0 0 2 0 -1 1 0 -2 0 -2 0 -1 1 0 -1 0 -1 0 1 1 0 -1 3 0 0 0 0 0 1 1 -2 0 1 1 1 1 1 0 0 0 -1 1 1 0 -1 0 0 0 0 2 -2 0 0 0 0 0 1 1 2 0 0 0 0 -1 0 0 3 0 0 1 1 0 -1 0 0 -1 0 0 1 0 0 1 0 -1 1 22 0 0 1 1 1 0 0 1 0 0 0 0 0 0 0 1 1 1 0 1 0 0 -1 1 2 -1 0 0 0 -1 0 0 0 0 -1 0 1 0 0 1 3 0 2 0 0 0 0 0 0 0 1 1 1 1 -1 0 0 -2 0 0 -1 -1 0 0 -1 1 0 3 0 1 0 0 1 -1 0 1 2 1 1 0 1 1 1 0 0 2 0 -1 0 0 -1 0 -1 2 -1 1 1 0 2 0 2 -1 1 0 -1 0 0 -1 0 0 1 0 2 0 1 -3 0 0 2 -1 0 1 2 0 0 0 0 0 0 0 0 0 -1 0 0 0 1 -1 0 0 1 1 1 0 2 0 1 1 0 -1 0 -1 0 1 -1 1 1 1 0 -2 1 1 -2 1 0 1 0 0 1 0 1 -1 2 1 0 1 0 1 1 -1 1 0 0 0 0 0 4 0 -1 -2 -1 1 -3 0 -1 1 -1 1 -1 0 2 0 0 1 0 1 1 -1 2 -1 1 1 -1 -1 0 -1 1 -1 2 1 -1 -1 0 2 -3 0 1 0 -1 1 -2 1 0 0 0 2 -2 0 0 0 2 1 1 1 1 0 0 0 -1 0
1 1 -2 0 -1 -1 0 1 0 0 0 -1 3 0 0 1 -1 1 3 0 2 0 2 0 0 0 -1 0 -1 -1 -1 1 1 0 1 0 3 4 1 -1 -1 1 1 0 0 0 -1 0 1 1 -2 -1 1 -1 1 0 0 0 -1 0 -1 1 -1 0 0 0 1 0 -1 -1 1 1 2 1 -1 0 -1 3 0 -1 0 0 -1 0 0 1 -1 -1 0 -1 -2 -4 0 1 0 2 -1 0 0 1 0 2 1 0 1 -1 -2 0 0 0 25 0 0 0 1 2 3 0 -1 1 -1 2 0 0 3 -2 0 1 -1 1 0 0 1 0 2 0 1 1 0 -1 0 0 3 -1 0 0 -1 -1 0 -1 0 -1 -1 0 0 -1 0 0 0 2 -1 0 0 0 0 0 0 3 -1 0 -1 1 1 2 0 -1 0 1 1 -1 0 0 0 1 -1 -4 0 -2 0 3 0 0 0 0 1 0 0 0 0 1 1 -1 1 -3 1 0 0 2 1 0 0 0 1 0 -2 1 0 -1 1 -1 0 0 0 -1 0 0 0 0 0 0 2 0 0 2 1 2 -2 0 1 -1 0 0 0 0 2 0 0 -4 -1 -1 0 0 2 0 -1 0 -2 0 1 0 2 -1 1 -1 0 1 2 0 -1 0 -2 -1 0 0 1 1 -1 1 -2 2 -1 1 0 0 0 1 0 0 1 1 -1 1 0 -1 0 1 1 3 0 3 0 -2 1 0 1 0 -2 0 2 1 -2 0 0 0 3 0 0 0 -2 1 -1 -1 0 0 1 1 0 1 4 0 1 1 1 1 0 -1 0 0 -1 2 0 0 -1 0 1 0 1 2 0 -1 1 0 -1 -1 0 0 2 0 0 1
2 1 0 0 1 2 0 1 0 0 1 0 1 0 0 0 1 -1 2 0 0 -2 0 0 0 1 -1 0 0 0 0 0 0 0 0 1 -1 0 1 -1 -1 1 2 0 -1 1 3 -1 0 0 0 -1 -1 0 0 -1 0 0 1 -1 -1 -1 0 0 0 0 2 2 0 0 0 0 -1 1 0 -1 1 1 0 0 0 1 0 -1 -1 0 0 0 -1 0 1 0 0 0 1 1 1 0 0 1 -2 0 0 1 0 0 -2 2 0 0 0 22 0 1 1 0 0 1 0 0 0 1 0 0 1 0 0 0 0 0 -1 0 2 0 0 -1 1 -1 1 -1 -1 0 -1 -1 0 0 0 3 -1 1 -1 -1 1 0 3 1 0 0 0 0 1 2 0 0 -1 0 0 -1 1 0 1 1 0 1 1 0 0 -1 0 1 -1 0 1 1 0 0 0 0 1 3 0 -1 0 -1 2 0 0 0 -1 1 2 0 2 3 1 1 0 1 -1 0 0 0 -1 0 -1 0 0 0 0 2 0 -1 1 -1 0 0 -2 1 -1 0 -1 -1 1 0 -1 0 0 -1 1 1 -1 0 2 2 2 0 1 2 0 0 0 0 0 0 2 0 2 -1 1 1 0 2 2 0 -2 -1 0 0 0 2 0 1 0 0 0 0 0 0 0 0 2 1 -1 2 0 0 2 -1 0 1 -2 0 -1 -1 1 0 0 -1 0 -1 1 0 0 -1 0 0 0 -1 1 -1 0 1 0 -1 0 -1 2 0 0 1 -1 0 -1 -1 1 2 1 1 0 1 0 2 0 1 1 0 1 0 -1 0 2 1 -1 0 0 0 0 0 -1 0 0 1 -1 -1 2 1 0 0 -1 3
0 0 0 0 0 1 1 1 0 1 0 0 1 1 0 0 0 0 0 1 0 1 2 0 2 0 0 0 1 1 0 0 1 1 0 0 -2 -1 0 1 -1 0 -1 0 0 -1 1 0 1 0 0 0 0 -1 -1 -1 3 -1 -1 1 0 -1 0 -1 0 3 -1 -1 -1 0 0 0 -1 0 0 1 1 0 0 1 1 1 0 1 1 1 0 1 1 1 1 0 0 1 -1 1 1 0 0 2 1 0 0 0 1 -2 0 0 2 1 0 0 14 1 0 0 1 -1 0 1 -1 0 0 0 0 0 0 1 1 1 0 0 1 0 1 0 0 0 0 0 0 0 1 0 1 0 -1 -1 0 0 0 2 0 1 0 0 0 1 1 0 0 0 -1 -1 0 0 0 0 0 0 0 -1 0 1 0 0 -1 -1 1 -1 -1 0 -1 0 0 1 0 0 0 0 0 -1 0 0 -1 0 0 0 -1 1 -1 0 1 0 0 0 0 -1 0 -1 1 0 -1 -1 0 0 0 0 0 0 2 -1 0 -1 1 0 0 0 1 1 0 1 -2 -1 0 -3 0 1 0 0 0 2 0 0 -1 -1 0 1 -1 0 1 0 0 0 0 1 -1 2 0 -1 0 0 -1 0 0 1 0 1 0 1 0 0 0 0 0 0 1 -1 -1 -1 0 2 1 0 0 0 1 1 -1 0 0 0 0 2 0 1 1 0 0 2 -1 1 -1 1 0 -1 0 -1 0 0 1 -2 1 0 -1 0 0 -1 1 0 -1 0 -2 -1 0 1 2 0 0 1 0 2 0 1 2 0 1 0 0 -1 0 2 0 1 1 0 0 -1 0 1 -1 0 2 0 1 -1 -1 0 1 0
-1 -1 1 1 0 0 3 0 2 3 -3 0 1 3 -3 -1 1 0 0 0 1 1 1 -1 0 1 0 0 1 1 1 -4 0 0 1 0 -1 0 0 -4 0 -1 1 1 0 1 2 0 2 0 2 2 0 0 0 0 0 -1 0 1 -1 1 1 0 1 0 -1 0 0 2 2 2 0 -1 0 2 1 1 0 -1 0 -1 2 0 3 1 1 -1 0 0 3 0 1 1 -1 0 2 1 0 -1 -1 0 0 0 2 0 0 2 -1 1 0 1 1 23 0 -1 2 0 0 0 0 -1 0 0 0 -1 0 0 1 0 -1 0 -1 -1 0 -1 0 3 0 1 0 -1 0 0 2 -1 -1 0 1 -1 1 1 0 1 0 0 0 0 0 -1 0 0 0 0 1 0 0 1 0 0 2 -1 -2 0 0 0 0 -3 0 0 0 0 0 0 1 1 2 1 1 0 -1 0 0 0 0 0 2 1 0 1 -2 0 0 1 1 0 -1 1 1 0 0 1 2 1 0 1 -2 -1 1 1 0 0 0 0 -1 0 -2 -1 0 0 0 -2 1 1 0 -1 0 0 0 -2 0 1 0 0 0 0 -1 0 0 -1 1 1 1 2 1 0 1 1 -1 -1 0 0 0 0 1 -1 1 1 0 2 0 0 0 -1 0 -3 3 1 0 0 -1 1 0 0 0 1 3 0 1 0 -1 -1 -2 6 0 -2 0 0 0 0 -1 1 0 0 0 3 1 1 1 0 3 2 -1 0 1 -1 1 1 1 0 -2 1 1 2 0 0 0 0 0 1 1 -1 -2 -1 0 2 -2 1 2 1 -3 0 0 0 -1 2 1 0 -2 2 0 0 0 0 -1 0 2 0 0 1
0 -1 0 -2 0 0 1 0 -2 0 0 -2 -1 1 -1 1 0 -1 3 -1 2 0 0 1 1 0 0 -1 0 -1 -1 2 0 0 0 0 1 1 0 1 2 0 -2 0 2 3 1 0 0 0 0 -1 0 -2 1 1 0 1 0 1 -1 2 -1 0 -1 0 1 -1 0 -1 1 0 0 -2 2 0 2 -1 -1 0 2 1 0 0 1 0 0 0 1 2 -2 1 0 0 0 0 0 0 0 0 -1 0 0 0 0 1 2 1 0 1 1 1 0 0 20 0 4 0 0 0 0 1 0 0 0 1 0 -1 -1 1 -1 0 0 0 0 -2 0 0 0 0 2 -1 1 0 0 -1 0 0 0 1 -1 0 1 0 0 -1 -1 1 0 -1 0 0 0 2 -1 0 0 0 -1 1 0 -2 -1 0 0 -1 1 1 0 -1 0 0 1 1 1 1 -1 1 2 0 0 2 -1 1 0 0 2 1 -1 1 -1 0 -1 0 0 1 1 -2 -2 0 1 -1 0 1 -1 -1 -2 1 -1 0 0 0 0 -1 0 -1 0 2 0 2 1 3 1 -1 0 2 2 1 -1 1 -2 0 1 0 1 0 1 0 1 1 0 0 -1 1 1 2 -1 0 -1 1 1 2 0 0 -2 1 0 -1 1 -1 0 1 0 1 0 0 -3 0 1 3 2 0 0 0 1 0 -1 0 1 1 -1 1 1 2 -2 0 0 0 2 0 0 -1 1 0 0 3 1 0 1 0 -2 1 0 0 0 -3 2 1 0 1 1 0 -1 0 0 1 0 0 0 -1 0 0 2 -1 0 -1 0 1 1 0 1 -1 0 0 1 2 0 1 2 0 0 1 -1 -1 0 -1 1 1 0 2
1 0 0 0 0 0 0 -1 2 0 0 0 1 0 1 0 0 -1 0 0 0 -1 0 0 -1 2 2 0 0 0 0 0 0 -1 0 0 0 0 0 0 0 0 2 -1 -1 0 0 0 0 0 0 0 0 0 0 0 0 0 0 0 -1 0 0 0 -1 1 0 0 0 -1 0 0 0 0 0 -1 0 0 0 0 0 0 2 0 0 0 -2 0 1 -2 0 -2 0 2 0 0 0 0 -1 0 0 0 0 0 2 0 -1 -1 0 0 2 0 0 -1 0 10 0 0 0 0 0 1 0 0 1 0 0 0 0 0 0 -1 0 0 0 0 -1 0 0 0 0 0 1 0 0 -1 -2 -1 0 0 -1 2 0 0 0 0 0 0 -1 0 0 -1 0 -1 0 0 3 0 0 0 0 0 1 0 0 0 0 0 0 0 -1 0 0 0 0 -2 -1 -3 0 2 0 0 0 0 1 0 -1 0 -3 1 0 1 -1 0 0 1 0 0 0 0 -1 0 -1 -1 0 0 1 0 0 -1 0 -1 0 0 0 0 0 2 -1 0 0 1 0 1 0 0 1 0 0 1 0 0 0 0 0 0 0 0 1 0 0 0 1 -1 0 0 0 1 1 0 0 0 0 0 0 0 0 -1 0 1 0 -1 0 0 0 0 0 0 0 0 2 0 0 -1 -2 0 -2 0 0 0 -1 0 0 0 0 -1 2 -1 0 0 0 1 0 -1 2 0 0 0 0 0 -1 0 0 0 0 -1 0 0 0 1 0 0 0 0 0 0 0 0 1 0 0 0 1 0 1 -1 0 0 0 0 -2 0 0 0 -1 0 2 0 0 0 -1 0 -1 0 0 0 -3 0 0 0
1 0 -1 0 0 0 0 0 0 1 0 -1 1 -1 -2 -1 0 2 3 0 0 1 0 1 1 0 1 1 -1 0 0 0 1 0 0 0 0 -1 1 0 0 1 -1 1 1 2 0 0 -1 0 0 0 -1 -1 1 1 0 0 -1 0 1 1 0 0 0 -1 1 0 -1 1 2 0 1 0 1 0 1 -1 0 1 1 0 0 0 1 -1 0 0 1 1 0 0 0 1 0 1 -3 0 0 1 -4 0 0 0 0 1 0 0 0 0 3 0 1 2 4 0 22 1 -1 0 1 2 -1 0 -1 -2 0 0 0 0 0 0 1 0 0 1 0 0 0 -2 0 -1 0 0 1 0 0 0 -1 0 0 0 -3 1 0 1 0 1 0 1 0 0 1 -2 3 2 0 0 2 0 0 0 0 0 1 0 1 0 0 1 0 0 1 0 1 -1 1 0 1 0 1 -2 0 -1 -1 -1 1 -1 0 0 0 0 0 0 0 0 0 -1 1 2 0 0 0 -1 -1 0 -2 -1 0 1 0 -1 0 0 2 -1 0 0 0 2 0 0 1 0 -1 2 0 0 2 0 0 0 0 0 0 0 -1 0 0 0 1 0 0 0 0 1 -2 0 0 -1 2 0 2 1 0 0 2 -1 1 1 -3 0 0 -2 3 0 -1 2 1 0 1 2 0 0 2 0 -1 0 0 -1 -1 0 1 0 1 -1 2 1 1 1 1 1 0 0 1 0 0 -1 0 0 2 1 1 -1 0 0 1 1 1 2 -2 0 0 1 -1 0 2 0 1 0 2 1 1 3 1 0 -1 1 2 0 2 -1 1 0 0 1 0 4 0 0 0 0 0 -1 0 -3 2 1 -1 2
0 -2 0 0 0 -1 0 -1 0 1 0 -2 1 0 0 1 -1 0 0 -1 0 -3 -2 1 0 1 2 0 0 0 1 -3 1 0 -3 1 0 1 -2 -2 -1 2 2 0 0 0 0 0 0 0 1 -1 0 2 0 0 -1 1 1 -1 1 0 1 0 0 -1 1 -2 1 1 -2 -1 1 0 1 -1 -1 -1 1 -1 0 0 -1 -1 0 0 -1 0 0 0 1 0 0 1 -1 -1 -1 -1 0 -1 0 0 0 0 3 1 2 1 1 1 0 1 -1 0 0 0 1 24 -1 1 1 -1 -1 0 2 -2 0 1 0 0 0 2 0 1 -2 1 0 0 1 1 0 0 0 -1 -2 0 2 2 1 1 0 0 -2 0 0 0 1 1 0 3 0 0 -1 1 0 1 -2 -1 -1 1 2 0 0 0 1 -1 0 0 -2 1 2 1 1 0 0 -1 0 0 0 0 0 0 1 0 0 -1 1 -1 0 0 -1 0 0 1 0 0 -3 0 -1 -1 1 0 0 0 -1 0 0 1 0 1 0 0 0 0 2 0 -4 -1 0 0 -1 0 -1 3 0 0 0 -1 -1 0 0 0 1 2 2 0 0 0 -1 -2 1 0 0 0 1 0 0 -1 0 0 0 0 2 0 0 0 -1 1 -1 2 1 0 0 1 0 -1 -1 0 0 0 2 0 0 0 0 0 0 1 0 1 -1 0 -1 1 0 -1 -2 1 0 2 0 0 -1 -1 1 1 0 -1 -2 0 0 -1 -2 0 -1 0 0 0 2 -1 1 1 2 0 0 0 3 2 0 0 0 0 -1 1 0 1 0 2 0 -1 1 -1 -1 0 0 0 -1 1 -2 0 0 -2 2 -1 0 0 1 0 -1 1
0 0 -1 0 1 1 0 0 0 0 1 -1 0 0 -1 0 1 -1 -1 -1 0 0 0 0 0 -1 0 0 2 0 0 0 0 1 0 0 0 -1 -1 0 0 0 0 0 0 0 0 0 0 0 1 2 0 0 0 0 0 1 0 0 0 1 1 0 0 -1 0 0 0 0 0 0 0 0 0 0 0 0 0 -2 1 0 0 -1 0 1 -1 1 0 -1 0 0 -2 1 0 0 1 0 -1 0 0 1 1 0 0 0 0 0 0 0 -1 0 0 0 0 0 -1 -1 11 0 -1 0 0 0 -1 0 0 1 0 0 -1 0 0 -1 0 0 0 1 -1 0 0 0 0 0 0 0 -2 0 1 0 1 0 1 0 -1 0 0 0 0 1 1 0 0 0 -2 0 0 0 0 0 0 0 0 0 0 0 1 0 0 -1 0 -1 0 0 0 0 0 1 0 0 0 0 1 1 0 1 0 0 0 0 0 2 0 0 0 -1 -1 0 0 0 -2 -1 0 0 0 0 0 0 0 0 0 0 0 0 1 0 1 0 0 0 0 0 -1 -1 0 -1 0 0 0 0 0 0 0 -1 0 0 0 0 3 0 0 0 1 -1 0 0 -1 0 0 0 2 0 0 2 0 1 0 0 0 0 -1 -1 0 0 -1 0 0 0 0 0 -1 0 0 1 0 0 0 0 1 0 0 0 1 -1 0 1 0 -1 -1 0 0 0 -1 0 0 0 0 0 2 1 1 0 -1 0 0 0 1 1 0 0 1 0 0 0 0 0 1 -1 0 1 0 0 1 0 0 0 0 0 0 0 0 1 -1 1 1 0 1 0 2 -1 0 0 1 1 1 1 1 -1 0 -1
0 -1 0 0 0 2 0 -1 0 0 0 0 0 0 -1 2 0 0 0 -1 0 0 -1 0 1 0 0 0 0 0 0 0 0 0 1 0 -1 0 1 1 -1 0 1 0 0 0 0 -1 1 0 0 -1 1 0 0 -1 1 1 1 0 0 0 1 -1 0 1 1 0 1 0 0 0 0 1 -1 0 1 0 1 -1 0 0 0 0 0 1 0 1 0 2 0 0 0 1 0 0 0 1 0 0 0 0 0 0 0 1 0 1 1 0 1 0 1 0 0 0 0 1 0 10 -2 0 0 0 0 0 0 -1 0 0 0 0 0 0 1 0 -1 0 0 2 0 0 0 -1 1 1 0 -1 -1 -1 0 0 0 1 0 1 0 0 1 2 0 0 0 0 0 0 0 0 0 0 -2 1 2 1 0 0 0 0 1 0 0 1 0 0 1 0 -1 0 0 -2 0 0 1 -1 0 0 0 0 -1 1 0 0 0 0 0 0 0 -1 0 1 -1 0 -2 -1 0 0 0 0 0 0 1 1 0 0 0 0 1 1 1 0 0 -1 0 0 0 0 1 0 0 0 0 1 -1 1 1 0 1 0 -1 1 -1 0 0 0 0 0 0 2 0 -1 -1 -1 0 -1 0 3 1 0 0 1 0 -1 -2 0 0 0 -1 0 0 0 0 0 0 1 1 0 0 0 -1 0 -1 0 0 2 2 0 -2 0 0 1 1 -1 0 0 -1 -1 1 0 -1 0 0 0 0 0 -1 0 0 0 0 0 -1 0 -1 0 -1 0 0 0 0 0 0 0 0 0 1 0 0 0 3 0 -1 0 -1 0 1 0 0 1 0 0 0 0 0 -1 1 0 0 0 0 0
-1 -1 0 0 0 -1 2 -1 1 -1 0 -1 0 0 1 -2 0 2 -1 2 1 0 0 0 0 1 1 2 0 -1 1 1 0 -1 0 1 1 3 -1 0 1 0 1 0 0 0 1 0 -1 0 0 -2 0 -2 1 1 -2 0 -1 -1 0 0 0 -2 1 0 -1 1 0 -1 1 -2 2 -2 0 0 -1 -2 0 1 0 -1 0 0 0 -1 -1 1 0 0 1 0 0 1 -1 0 1 0 0 0 -1 1 0 0 -1 -1 -2 -1 -1 0 -1 0 -1 0 0 0 1 1 -1 -2 20 0 -1 -1 0 -2 0 0 2 1 -1 -1 0 0 1 0 0 -1 0 1 0 0 0 1 1 0 0 2 0 1 -1 0 -1 -1 0 1 -2 0 0 0 0 1 0 1 1 3 -1 0 0 1 0 1 -1 -1 0 0 0 0 0 2 0 -1 -1 0 -1 -1 0 -1 0 0 1 0 0 1 1 2 0 0 1 0 0 0 -2 0 0 0 0 0 -1 0 3 0 0 -1 0 0 -2 0 2 0 -1 -1 0 0 -1 -1 -1 -2 0 0 -2 1 0 1 0 0 1 -1 2 1 0 -1 0 -1 -1 1 -1 1 0 0 1 0 0 0 0 0 0 0 -1 1 1 0 0 3 0 -1 -1 -1 0 1 1 0 1 0 1 0 -1 0 0 -1 2 -1 0 0 1 0 -1 -2 1 1 1 0 0 0 0 -1 1 0 1 0 0 0 -1 -2 -1 1 0 1 0 0 -1 0 0 2 0 -1 1 0 -1 0 0 0 0 0 -1 -1 0 -1 0 0 0 0 -1 -1 -1 -1 0 0 1 0 1 -2 1 -1 0 0 2 -1 -1 1 -1 1 0 -1 0 -1 0 1 0 -1
2 1 0 1 -2 0 -1 0 0 -1 2 -1 0 0 0 1 0 0 0 0 1 2 2 -1 -2 -1 -2 -1 -1 -1 0 2 1 -1 0 0 1 -1 1 1 0 1 -1 2 0 1 2 1 0 -1 3 0 -1 0 0 2 1 0 0 0 0 0 0 0 0 1 1 1 -1 2 0 0 1 1 2 -1 0 1 -2 1 1 2 0 0 0 0 1 -1 1 -1 -2 1 0 0 0 0 0 0 -2 1 1 1 1 0 2 0 -1 1 1 0 2 1 0 -1 1 1 2 -1 0 0 0 21 0 1 1 1 0 2 -1 2 -1 0 2 0 0 1 0 -1 2 0 0 0 1 1 1 0 0 -1 -1 1 -3 1 -1 1 -1 1 0 -2 0 0 2 0 0 0 0 0 0 -1 0 -1 -1 1 2 1 1 0 1 1 1 0 1 0 0 1 0 -2 2 0 0 0 2 2 -1 0 -2 -1 1 0 1 0 2 0 -1 -2 1 0 0 0 0 0 1 0 0 -1 -1 0 1 1 0 -2 0 0 0 0 2 0 0 1 -1 1 1 -1 0 0 0 1 1 0 -1 0 0 0 0 1 0 0 1 0 0 0 0 -2 1 -1 0 2 1 0 1 1 3 -1 0 -1 0 0 -1 1 1 -2 0 0 0 3 1 0 1 0 -1 0 1 2 0 2 0 0 -1 1 0 1 -1 0 0 0 0 0 0 0 0 0 -1 -1 -1 0 0 0 0 -1 0 0 1 2 1 0 1 0 0 1 -2 3 0 -1 0 -1 1 -2 0 0 1 -1 -1 0 0 1 0 -3 0 0 0 0 0 0 -2 1 0 0 1 -1 -1 -1 0 0 2 -1 0 -1 1 2 1 0
0 0 0 1 0 1 0 1 -1 -1 1 1 0 0 0 0 0 -1 -1 -1 0 -1 -1 0 0 2 0 0 0 0 0 0 -1 0 -1 1 0 0 1 1 0 1 -1 -1 0 0 0 0 0 0 0 0 1 0 0 0 0 -1 -1 1 0 0 0 0 1 1 1 1 0 1 0 -1 1 -1 -1 0 0 1 1 0 1 2 0 0 0 0 -1 1 0 0 0 -1 -1 -1 0 -1 0 0 0 -2 1 2 1 0 0 0 0 1 -1 0 0 0 0 0 0 0 -1 -1 0 0 -1 0 14 0 1 0 0 0 0 0 0 -1 1 0 1 2 0 0 0 0 1 0 -1 1 1 1 0 -1 -1 0 0 2 0 0 0 0 0 -1 0 -1 -2 0 -1 0 0 -1 0 0 2 0 0 0 0 -1 0 -1 1 0 1 2 0 -1 0 0 0 2 0 0 0 1 0 1 1 0 0 0 0 0 -1 0 0 0 1 0 0 0 0 0 1 0 -1 0 1 1 1 0 2 0 -1 1 -1 1 0 0 -1 1 0 0 0 1 0 1 0 -1 0 0 0 1 0 0 0 0 0 0 1 -1 -1 -1 0 0 0 1 0 0 0 -1 0 0 0 0 0 0 -1 0 -1 2 2 0 0 0 1 0 -1 2 0 0 1 0 1 -1 0 0 0 0 0 0 0 -1 1 0 0 -1 0 1 -1 0 -1 0 -1 -1 0 0 1 -1 0 -1 0 0 1 0 0 0 0 -1 1 0 0 1 0 -1 0 -1 -1 1 0 0 -1 0 0 -1 0 -1 0 0 -1 0 0 0 -1 0 -1 3 -2 -1 0 0 0 1 0 0 0 0 0 0 -1 0 1 1 0 0
0 0 -1 1 -1 1 0 0 0 1 0 -1 0 -1 2 0 0 -1 0 -1 0 3 0 0 0 1 1 -1 -1 1 0 -1 0 0 1 1 -1 0 0 2 1 -2 1 0 0 1 0 0 0 0 0 0 0 -1 -1 0 2 0 0 1 0 -2 0 -1 1 0 0 0 0 0 0 -1 0 0 0 -1 1 0 1 0 1 1 0 -1 0 1 1 0 1 -1 0 0 0 0 0 0 1 0 0 0 0 0 0 1 0 0 -1 1 0 0 0 0 0 0 0 0 0 0 0 0 -1 1 0 20 2 2 0 0 -1 -1 2 2 0 1 1 0 0 0 0 0 1 0 -1 1 1 0 -2 -1 0 1 1 2 1 0 0 0 1 -1 0 -1 -2 0 0 0 0 0 0 1 0 1 1 0 1 1 0 0 0 0 0 -1 -1 -1 0 1 0 1 -1 -1 0 1 -1 3 -1 1 2 0 -2 -1 -1 -2 0 0 1 1 1 0 1 0 0 1 0 0 0 0 0 0 0 0 0 -1 1 0 2 0 -2 0 1 1 -1 0 1 0 0 0 0 -2 0 1 -2 -1 -2 0 -1 0 0 0 0 0 0 0 1 -1 0 1 0 0 1 0 1 0 0 0 2 0 -1 0 1 1 -1 0 0 -2 0 2 0 0 1 -1 -1 1 1 1 -1 0 1 0 1 3 -2 0 0 -1 0 -2 1 0 -1 -1 -1 1 0 2 0 0 0 1 0 0 0 0 0 1 0 -1 0 2 0 0 -1 0 0 0 2 1 1 0 -1 1 0 0 1 0 -1 1 0 -1 0 1 -1 0 0 -1 1 1 0 -1 -2 1 0 1 1 0 -1 0 0 0 2 1 1 0
2 1 1 1 -2 0 0 0 0 1 0 -1 0 0 0 0 -2 0 0 1 0 3 0 0 0 2 0 -1 0 0 0 0 0 0 0 0 0 1 -1 2 1 1 -1 0 0 0 0 -1 0 0 1 1 0 -1 0 0 1 0 0 0 -1 1 0 0 0 -2 1 0 -1 0 -1 -1 1 1 1 -2 0 2 0 -1 0 1 0 0 -1 0 0 0 0 1 -1 -1 0 0 0 1 0 2 0 1 1 1 0 0 0 1 0 0 1 0 3 1 0 0 0 1 -1 2 -1 0 0 1 1 2 16 1 -2 0 0 0 -1 0 2 1 -1 0 -1 1 0 1 0 0 1 -1 0 0 -1 0 0 0 -1 -1 0 0 0 1 1 0 0 0 0 1 0 0 0 -2 0 0 0 0 0 0 -1 2 2 1 3 0 0 0 1 1 1 1 0 0 1 0 0 0 -1 1 1 -1 2 1 1 -1 1 1 0 0 -1 1 0 0 -1 0 0 -1 0 0 0 1 1 1 -1 0 2 0 0 1 0 0 1 1 0 1 0 0 1 0 0 1 1 2 2 1 0 -1 0 0 1 0 1 0 -1 0 -1 0 0 -1 1 0 0 0 0 0 0 3 0 0 0 0 -1 0 1 -1 0 0 1 1 0 0 1 0 0 0 1 0 0 1 0 -1 -1 -1 0 2 0 0 0 0 0 0 -1 1 2 0 0 0 -1 0 0 0 0 0 0 -2 1 0 -1 0 0 -2 0 0 -1 0 0 1 0 0 -2 0 0 0 -1 -1 -1 0 0 0 1 0 0 0 0 0 -1 0 2 1 -1 0 -1 0 1 0 -1 0 0 0 -1 0 0 0 0 0 0 1
2 1 1 -1 -2 1 0 1 -1 0 0 1 0 1 2 0 0 1 0 0 1 0 0 0 -1 -1 -2 0 0 0 0 0 -1 1 2 0 0 0 0 0 2 0 1 0 1 -1 0 0 0 0 2 0 0 1 -1 0 1 0 0 0 0 1 -1 0 1 0 -3 -1 0 -1 -2 0 0 1 0 0 1 1 0 0 1 1 0 1 1 -1 1 0 1 1 1 1 0 -1 0 -1 -1 1 -1 2 2 0 0 -1 -1 0 3 -1 0 1 -2 0 0 -1 1 0 -2 -2 0 0 -2 1 0 2 1 22 1 0 1 0 0 2 -1 2 3 0 0 0 -1 0 3 1 0 1 0 0 -1 1 0 -2 0 0 -1 0 0 0 0 1 0 1 -1 2 0 1 -1 0 0 0 0 1 0 1 3 1 1 0 -2 2 1 0 1 0 0 -2 0 2 0 -1 -1 -2 -2 0 1 -1 -1 0 1 0 0 0 0 -1 -1 0 0 0 0 0 -1 0 0 -2 0 -1 2 0 0 0 1 0 1 1 0 0 1 -1 0 2 0 -2 1 0 0 2 -1 -1 0 0 1 1 -1 0 2 1 -1 0 0 0 1 0 0 0 0 2 -1 3 -1 0 0 1 0 1 0 0 1 1 0 1 0 -1 -1 0 2 0 0 1 0 0 1 1 -1 -1 0 0 -1 -1 -1 0 0 -1 0 -1 0 2 -1 0 1 -1 0 0 -1 2 0 2 1 0 2 2 0 -1 0 1 -2 1 1 2 1 0 0 -1 1 2 1 -1 2 0 0 0 1 0 -1 -1 1 1 0 0 0 1 2 1 -3 0 0 0 0 0 -1 0 0 0 1 1 0 1 1 0 0 0 1 1
0 1 0 1 1 1 0 0 0 1 0 2 0 0 -1 0 -1 -1 0 0 -1 0 1 1 -1 0 0 1 0 0 0 0 1 -1 -1 -1 0 0 -1 0 0 0 0 0 0 0 0 -1 0 0 -2 0 -1 1 -1 0 0 1 0 0 1 1 0 0 0 0 0 0 0 1 0 0 0 -1 0 0 0 0 -1 -1 -1 0 0 0 0 -1 0 -1 0 -1 0 1 0 0 0 -2 0 0 1 0 -1 0 0 0 0 0 -1 0 0 1 0 0 0 0 0 0 0 0 0 0 0 0 0 0 -2 1 13 1 0 1 0 -1 0 1 0 0 0 0 0 0 1 0 0 1 0 0 0 0 -1 0 0 0 -1 0 2 0 -1 1 -1 1 0 -1 0 0 0 0 0 -1 2 0 0 1 0 1 0 0 -1 0 1 0 0 0 0 0 0 -2 0 -1 0 -1 2 -1 0 0 0 -2 1 -1 1 0 0 0 1 1 1 0 -1 0 -1 1 1 -1 0 0 0 0 1 0 0 0 -1 -1 0 0 0 0 1 0 1 -1 1 0 0 1 0 -1 0 1 1 1 1 0 1 0 1 0 1 0 0 0 0 1 0 -1 0 0 1 -2 0 1 -1 0 0 1 0 0 1 -1 0 0 1 0 0 0 -1 0 -1 0 0 0 -1 -1 0 -1 1 2 0 0 1 0 1 -1 0 0 1 0 0 0 -1 0 0 0 0 0 1 0 -1 1 1 0 0 -1 0 3 0 0 1 -1 0 -1 -1 0 -1 1 1 0 0 1 0 -1 0 1 0 1 -1 0 0 -1 0 0 -1 0 0 1 -1 0 0 -1 -1 0 1 0 0 0 0 0 -1 0 0 1
1 2 -1 0 -1 -1 1 0 0 0 0 0 1 0 0 0 0 -1 0 -1 0 -1 2 -3 1 0 -2 -1 0 0 0 1 1 -1 0 0 -2 0 0 1 -1 0 0 2 0 0 0 0 0 0 1 0 0 0 0 -1 1 1 0 1 1 0 1 -1 2 1 0 0 -1 0 0 0 0 -2 0 0 -1 0 0 0 0 -1 0 1 -1 1 1 0 0 1 -1 0 0 -1 -1 0 0 -1 0 2 0 2 0 0 0 -1 0 0 0 1 1 0 1 0 -1 0 0 1 1 -1 0 2 0 0 0 0 1 12 1 0 0 0 0 0 -1 0 0 0 0 0 0 0 2 0 0 -1 1 -1 0 1 -1 0 0 0 0 0 -1 1 0 0 0 0 1 0 1 0 -1 -1 1 0 -1 0 1 0 0 0 -2 0 0 -1 0 0 0 0 0 1 0 -1 0 1 0 -1 -2 0 0 0 0 1 0 0 0 1 -1 1 -1 0 -2 0 0 0 -1 1 2 0 -2 1 0 -1 0 0 -1 1 0 0 0 1 0 2 1 0 0 1 0 0 -2 0 0 0 0 -1 0 0 -1 0 0 0 0 0 -1 0 0 0 1 0 0 1 0 0 0 0 0 -1 -1 1 0 0 0 0 0 -1 0 1 -1 0 0 -1 0 0 1 0 0 0 0 1 -1 0 0 0 -1 0 0 0 0 0 1 1 0 0 -1 1 -1 0 0 0 0 -1 0 0 1 0 0 0 -1 1 1 0 -1 -1 -1 0 0 -1 -1 1 0 -2 0 0 0 1 0 1 0 1 1 0 0 -1 1 -1 0 0 -1 2 0 -1 2 -1 -1 -2 0 1 0 1 0 1 0 -1 0 0
1 0 0 0 1 0 0 -1 1 -2 0 0 0 0 1 0 0 2 0 2 0 0 1 0 0 0 1 1 0 0 0 0 0 1 0 0 0 0 -1 -1 -2 1 0 1 0 -1 0 0 -1 0 0 0 -1 2 0 -1 2 0 0 1 -1 0 2 0 2 -1 -1 0 -1 1 -1 2 1 -1 2 -1 -2 0 1 1 0 -1 0 0 0 0 -1 0 0 -1 -2 0 0 1 2 0 -1 0 1 -1 1 -1 -1 0 0 0 -2 0 -1 0 -1 0 1 1 -1 0 0 0 0 0 2 -1 0 -1 0 1 0 1 20 0 0 0 -1 1 0 0 0 2 0 0 0 -1 -1 0 0 2 0 -1 0 0 0 2 -1 -2 0 -1 0 0 0 0 0 2 1 0 0 1 0 -1 -1 0 -2 2 -1 0 0 0 -2 1 1 1 0 0 -1 0 0 0 -1 1 -1 0 0 -1 0 1 1 0 1 0 1 1 0 1 0 0 -1 0 -1 0 2 -1 0 1 -1 0 -1 0 -1 0 -3 1 0 1 0 0 1 1 0 0 0 -2 0 1 0 0 -1 2 1 -1 -1 0 0 -1 0 0 -1 0 1 0 0 0 2 0 -1 1 0 -1 0 0 -1 1 -1 1 -1 2 1 -1 0 2 -1 0 0 -1 1 1 0 3 0 -1 0 -1 0 0 1 0 0 0 0 0 0 -1 -1 0 0 0 0 -1 1 0 1 0 0 3 0 0 0 1 1 0 0 0 0 -1 -1 0 0 0 0 -1 1 -2 0 -1 1 0 0 0 -1 0 0 -1 1 0 -1 0 3 0 -1 0 2 0 0 -1 1 0 0 2 1 -2 0 0 1 1 -2 1 5 0 1 0 0 0
0 1 1 2 0 1 1 0 0 2 1 2 1 -1 1 0 -1 0 0 0 -2 0 2 -1 1 0 2 0 2 -1 -1 0 -1 -1 2 0 0 0 -1 0 0 0 1 1 1 0 1 1 0 0 1 -1 0 0 -1 0 1 -1 0 -1 0 0 0 2 0 2 0 0 0 1 -1 0 1 0 -1 1 0 2 1 0 0 0 1 0 0 0 0 0 1 0 0 0 0 0 0 1 1 0 0 0 0 -1 0 1 1 -1 -2 0 0 1 1 0 1 0 1 0 0 0 0 0 1 2 0 -1 0 0 1 0 0 17 0 1 0 0 0 0 0 -1 2 0 0 0 0 0 1 0 0 0 0 1 0 0 0 -1 1 -1 1 1 0 2 0 -1 0 1 0 0 0 0 0 -1 0 1 -1 0 2 0 -2 2 0 -1 3 0 2 0 0 0 1 1 -1 1 0 1 1 0 0 0 0 0 0 1 1 -1 0 0 0 1 2 -2 1 0 3 -1 -2 1 0 -1 0 1 0 -1 -1 -2 0 1 1 -1 0 1 1 -1 0 -1 0 0 0 -2 0 1 0 1 0 0 0 0 1 2 0 0 0 0 0 -2 1 1 -1 0 -1 -1 -1 0 1 0 0 0 -1 2 0 3 0 0 0 0 1 0 0 0 0 -1 0 -1 0 0 0 0 1 -1 2 0 0 -2 0 0 1 1 0 1 1 0 0 0 -1 1 0 1 1 0 1 0 0 0 0 -1 2 0 1 -1 0 1 1 0 1 0 -1 1 1 1 1 1 0 0 0 0 1 0 0 0 0 0 0 0 -1 1 0 1 0 1 1 0 2 2 -1 0 1 -1 0 1 1 1 1 1
0 0 0 -1 -2 2 0 2 0 -1 0 1 0 0 0 0 0 1 0 -1 0 1 0 1 0 0 0 0 0 0 0 0 0 0 0 -1 0 0 0 0 -1 0 1 0 0 0 0 0 0 0 1 0 -1 0 0 0 0 0 -1 1 1 -1 0 0 1 1 0 1 0 -1 0 0 0 -2 0 0 1 0 0 1 1 1 1 1 -1 0 0 -1 1 -1 0 0 0 -1 0 0 0 0 0 -1 1 1 0 1 0 -1 0 1 0 0 0 -1 0 -1 -1 0 0 0 -1 0 -1 -1 0 2 -1 0 0 0 0 0 11 0 0 1 0 1 0 0 0 0 0 1 1 0 0 -1 0 0 0 2 1 1 0 1 0 0 1 -1 1 1 -1 0 0 0 2 -1 0 0 0 1 -1 0 0 0 0 0 -1 0 0 0 1 1 1 0 0 0 -1 0 0 0 0 0 0 0 0 0 -1 0 -1 0 0 1 1 0 1 0 1 1 0 0 1 -1 0 0 1 -1 0 1 1 2 0 0 0 0 -1 0 1 1 0 0 1 1 0 0 0 0 0 0 0 0 0 0 0 1 0 -1 0 0 0 2 0 0 0 1 0 0 1 0 0 -2 0 0 0 1 2 0 0 2 0 0 0 0 0 0 -1 0 1 -1 0 0 0 1 0 -1 0 1 1 0 0 0 1 0 0 -1 0 0 -1 0 0 0 1 0 2 0 0 1 -1 0 -1 0 0 -1 0 0 0 0 0 0 1 0 1 0 1 1 -1 -1 0 1 1 0 -1 0 -1 0 1 0 0 0 0 0 2 0 0 1 0 1 0 1 0 0 2 1 1 0 0 -1 0 0 0 0
0 0 1 1 -1 1 -1 1 0 0 0 -2 -1 0 0 1 1 0 0 -2 0 -1 1 0 1 1 0 0 2 0 0 2 1 2 1 1 0 1 -1 -1 0 2 2 -1 0 0 1 -1 2 -1 -2 -1 1 0 0 -2 0 -1 0 0 0 0 -1 2 1 1 1 -1 -1 -1 0 -2 0 0 0 0 1 0 0 0 0 1 -1 -1 0 0 0 0 1 -1 1 0 1 0 0 2 0 0 0 0 0 -1 -2 2 2 0 0 -1 0 0 0 0 0 0 0 -1 0 2 0 0 -1 0 -1 2 0 2 -1 0 0 1 0 18 0 0 2 0 -1 0 2 -1 1 0 -1 0 0 1 -1 0 1 0 1 1 0 0 0 0 0 -2 1 0 1 0 -1 0 0 0 1 0 -1 -1 0 0 0 0 1 1 -1 0 -1 -3 0 -2 0 0 0 -1 0 -1 0 0 0 3 0 0 1 3 -1 0 0 -1 0 -1 0 -1 1 0 0 -1 -1 0 0 0 0 1 2 0 -2 -1 0 -2 0 2 0 1 0 1 0 1 1 0 0 0 1 0 -1 1 -2 -1 0 0 0 0 0 0 0 2 1 1 0 0 0 0 0 0 -1 1 -2 0 1 -1 -1 1 -1 -2 1 2 -1 0 0 1 -1 0 0 0 0 2 1 0 -3 0 -1 1 0 0 1 -1 1 -1 0 0 1 0 -1 -1 0 0 -1 0 -2 0 -1 1 1 0 1 0 -1 0 0 -1 -1 1 -1 0 -1 1 0 0 0 -1 1 1 0 0 0 -1 1 1 -1 0 0 0 -1 0 -1 4 0 0 -1 1 -1 -1 0 1 3 -1 0 0 0 0 0 0 0 -1 0 -1 1 1 0 1
2 1 0 1 -1 1 0 -1 0 2 0 -1 0 0 0 0 0 0 0 0 0 4 -1 0 1 0 0 0 0 0 0 0 0 0 0 1 0 0 0 -1 -1 0 -1 1 0 0 0 0 0 0 0 0 0 0 0 -1 0 0 0 0 0 0 0 0 0 0 0 1 -2 2 0 -1 0 1 1 0 0 0 0 1 2 1 0 0 1 1 0 1 0 0 -1 -1 0 1 -1 0 1 -1 0 1 0 -1 0 -1 0 -1 -1 0 0 -1 1 2 1 -1 0 0 1 0 0 0 0 2 1 0 2 -1 0 0 -1 0 0 0 14 0 -1 2 0 -1 0 -1 0 0 0 0 0 -1 -1 0 -1 0 0 2 -1 0 0 2 0 -1 0 0 -1 0 1 1 -1 1 -1 0 1 0 0 -2 0 2 0 1 -1 1 0 1 -1 0 0 0 0 -1 2 -1 0 0 1 0 0 0 2 0 0 -1 1 -1 0 1 1 -1 0 0 0 0 0 0 -1 0 0 0 0 0 1 0 -1 1 2 0 0 -2 0 0 0 0 0 1 0 -1 0 0 1 1 0 -1 2 0 0 1 0 0 2 0 1 0 0 1 0 0 -1 0 0 -1 0 1 1 0 2 1 0 0 1 -2 0 -1 0 0 1 0 1 0 0 0 0 0 0 1 -1 1 1 -1 0 0 1 0 1 0 -1 0 0 -1 -1 0 -2 -1 0 0 0 -2 0 0 0 0 0 -1 -1 -1 -1 0 1 0 -1 0 0 1 0 0 -1 0 -1 1 0 0 1 1 -2 -1 0 0 0 0 0 1 1 -1 0 0 1 2 0 0 -1 0 -1 0 -1 1 0 0 0 0 0 -1 -1 1 0 0
0 0 -1 0 -1 0 1 0 0 0 0 0 0 0 2 0 0 1 0 1 0 1 1 0 -1 0 0 0 0 0 0 0 -1 0 -1 0 -1 0 0 0 0 -1 0 0 0 1 0 -1 2 0 0 1 -1 0 0 0 -1 0 -1 -1 0 -1 0 0 0 0 0 -1 -1 0 0 0 0 0 0 0 0 0 -1 1 0 1 1 0 0 0 -1 -1 0 -1 0 0 0 -1 0 0 -1 0 0 0 0 0 0 0 0 -1 -1 -1 0 1 0 0 0 -1 0 0 0 1 -1 0 0 0 0 1 1 2 1 0 1 0 1 0 0 7 -1 0 0 1 0 0 0 1 0 1 0 -1 0 0 0 0 1 0 -1 0 0 0 0 0 0 0 0 1 -1 0 -2 0 0 0 0 1 0 0 1 0 -1 0 -1 2 0 0 0 0 0 0 -1 0 -1 0 -2 0 0 0 -1 0 0 0 0 0 0 -1 0 0 0 0 0 0 1 0 0 1 1 0 0 0 -1 -1 0 0 -1 1 0 -1 0 0 2 0 0 0 0 0 1 0 0 1 0 1 0 0 0 1 -1 0 0 1 1 0 0 0 0 0 0 0 0 1 0 0 1 -1 0 0 -1 0 0 0 0 0 0 0 0 0 0 0 0 0 0 1 0 0 0 0 1 1 0 0 0 -1 0 0 -2 -1 1 0 0 0 0 0 0 0 0 0 0 1 1 0 1 0 0 0 -1 0 -1 -1 0 0 1 0 0 0 1 0 1 1 0 1 1 0 0 0 0 0 0 -1 0 2 0 0 0 1 1 0 0 0 1 0 0 0 -1 0 -2 -1 0 0 0 0 1 0 1 0 0 0
0 1 0 1 0 0 0 1 -2 0 0 1 0 -1 0 3 0 0 0 -1 -1 0 1 0 0 0 0 3 -1 0 1 1 1 3 3 0 1 0 1 0 2 0 3 0 0 -1 1 0 -3 0 -1 -1 0 0 -2 1 1 1 1 1 0 1 1 -1 3 -1 0 -1 3 1 1 -2 1 1 0 1 0 0 0 0 0 0 0 1 0 -1 0 0 0 -1 -1 -1 1 0 0 0 0 0 0 1 1 1 -1 0 0 -1 -1 0 -1 2 2 0 1 0 0 0 0 -2 0 1 1 0 1 1 -1 3 0 -1 0 0 0 2 -1 -1 22 0 -1 -1 0 0 1 0 2 -1 0 -1 0 2 1 -1 1 1 0 0 0 0 0 1 1 2 0 1 2 0 0 0 3 0 1 1 0 0 1 -1 1 -1 1 0 2 2 1 2 0 0 2 0 1 -1 0 1 -1 0 1 0 -1 2 -2 1 0 2 0 0 -1 0 0 1 0 -2 3 1 2 0 1 -1 3 -1 1 0 1 0 0 0 -1 0 -2 0 -1 2 2 0 0 0 -1 -1 0 0 0 0 1 0 0 -1 1 1 -1 0 0 0 0 1 0 1 1 0 -1 -1 2 3 2 -1 0 1 1 0 0 3 1 0 1 0 0 1 1 0 0 1 2 0 -1 -1 -1 1 0 0 0 2 0 0 0 1 1 -2 0 3 -1 0 3 0 0 0 -1 2 0 1 0 1 1 0 0 0 1 0 -2 0 2 2 0 0 0 0 1 1 2 0 1 1 0 0 0 1 0 1 1 2 1 -1 1 0 0 1 -3 0 1 0 -1 0 1 1 1 1 0 2 1 0 0 0 1 -1 -1 1
0 0 1 0 -1 0 -1 1 1 1 1 1 0 -1 -1 -1 0 2 0 1 -3 1 -1 1 0 2 1 1 -1 0 1 -1 -1 0 0 2 0 -1 0 1 0 0 0 2 -1 -2 0 1 -1 1 -2 0 1 0 0 0 0 0 0 0 0 1 -1 0 0 0 -1 2 -2 -1 0 -2 -2 0 1 0 0 1 0 0 0 -3 -2 -1 4 1 0 2 2 -2 0 0 0 0 1 0 2 -1 0 1 -1 0 0 0 0 0 0 0 0 -1 0 -1 0 -1 -2 0 1 1 0 0 0 1 2 0 0 0 0 0 0 0 1 0 2 0 0 20 0 0 -1 1 1 0 2 0 -1 1 1 2 0 3 0 -1 0 1 0 1 1 0 0 1 -1 0 1 0 0 1 1 2 0 0 -1 0 0 2 0 1 1 1 -1 -1 -1 0 -1 -1 0 0 0 -1 0 2 0 1 0 0 0 1 1 0 0 0 -1 0 1 -2 1 0 1 1 -2 0 0 0 -1 0 2 0 -2 0 -3 1 2 1 0 0 3 0 2 0 1 1 1 2 0 0 -1 0 1 0 0 0 1 0 -1 -1 0 0 0 0 1 0 1 0 -1 0 0 0 0 1 -1 0 1 0 0 1 0 0 -1 0 2 1 0 0 -2 0 0 1 1 -1 0 0 0 1 -1 0 -1 0 0 0 0 -2 0 1 0 0 1 1 0 1 1 0 0 0 1 0 2 0 1 -1 0 0 1 -1 0 1 -1 0 -1 -3 0 0 0 0 -1 3 0 -1 2 1 0 0 1 2 0 1 0 -1 1 0 -1 1 1 1 0 2 1 -1 -1 0 -1 1 0 0 1 1 1 0 3 -1 0 1
1 1 1 -1 0 -1 0 0 -3 0 1 0 1 0 -1 -1 0 1 1 -1 0 1 2 -1 -1 0 -1 0 0 -1 0 1 0 1 0 0 -1 0 1 0 -1 0 0 -1 0 0 -1 -1 0 -1 -1 1 0 1 0 -1 1 0 0 0 -1 0 1 1 1 -1 -2 -1 0 2 1 0 0 0 1 0 -1 -1 -1 0 -2 -1 -1 0 -1 0 0 0 0 3 0 0 -1 2 0 0 0 0 0 0 0 0 2 0 0 -1 1 0 0 0 1 1 0 0 0 -1 0 0 0 -1 0 0 0 0 -1 0 0 0 0 0 0 -1 0 0 -1 0 14 0 0 -1 -1 2 -1 0 -1 0 0 0 0 1 2 1 1 0 0 1 0 1 0 0 -1 -1 0 1 -1 0 -1 0 2 0 0 0 1 0 -1 -1 1 -1 0 2 0 0 -1 0 1 1 0 0 0 0 0 0 1 2 -1 0 1 0 1 -1 0 0 -1 0 1 -1 0 1 2 0 -2 -1 0 0 -1 0 0 -1 0 3 0 -1 0 0 1 0 1 -2 0 1 1 1 1 0 -2 0 -1 0 0 -1 0 0 0 0 0 1 -1 0 1 -3 0 0 -1 0 0 0 0 0 -1 -2 0 2 -1 1 -1 1 0 1 -1 1 0 0 0 0 1 0 0 0 0 2 0 0 0 1 0 1 1 0 -1 0 0 0 -2 0 -1 0 0 1 -1 0 -1 1 0 0 1 1 -2 0 -1 0 0 -1 0 1 1 0 0 0 -1 0 -1 0 -1 -1 1 1 1 0 0 2 0 1 -1 0 0 0 1 0 0 0 0 1 0 0 1 0 0 -1 0 0 0 0 0 0 0 0 1 0 1 -1
0 0 -1 0 0 0 1 1 1 0 -2 1 0 0 -2 0 -1 0 0 0 0 -1 0 0 0 1 0 0 0 0 1 -1 1 1 -1 0 0 -1 0 -1 0 0 0 1 0 0 -1 1 2 2 1 3 0 0 -1 -1 -1 1 0 0 -1 0 1 0 0 -1 0 -1 -1 0 -3 0 2 1 1 2 0 1 0 0 0 -1 0 0 2 0 0 0 0 -1 0 1 0 0 0 2 1 1 0 0 1 -2 1 1 0 0 1 0 0 0 1 -1 0 3 0 0 0 0 1 0 -1 -1 0 0 1 0 0 0 2 -1 0 0 -1 1 -1 0 0 15 0 0 1 0 0 0 0 0 0 0 0 1 0 -1 1 0 -3 0 0 0 0 -1 1 0 0 0 -1 0 0 1 0 0 0 1 0 1 1 0 1 -1 -1 0 0 1 0 0 0 1 -1 1 1 -1 0 0 0 0 0 0 0 -1 2 1 2 0 0 2 -2 0 0 1 0 0 0 0 0 1 2 0 0 1 1 0 0 0 0 0 2 1 1 1 0 0 1 -1 -1 2 0 4 -1 1 0 -1 -1 0 0 0 1 0 0 0 0 1 0 0 0 -1 0 -1 1 0 1 1 -1 -1 2 2 0 0 0 0 1 -1 0 0 0 1 0 -1 0 0 0 3 0 1 0 0 0 0 0 0 0 -2 0 0 0 2 -2 -3 0 1 0 0 0 0 1 1 0 0 -1 0 0 -1 0 3 -1 2 1 0 0 0 0 0 1 -1 0 0 0 2 0 0 2 0 0 0 1 -1 1 1 0 0 0 0 1 1 2 0 0 1 1 -1 0 0 1 0 -1 1 0 0 0 0 0 1
0 0 1 0 -1 0 0 0 0 0 -2 0 0 1 0 0 -1 -2 -1 0 0 -1 0 0 0 0 -1 0 0 0 0 1 0 0 0 0 0 -1 -1 0 0 -1 2 0 0 0 -1 -1 0 1 0 -1 0 1 1 1 0 0 1 0 0 0 0 0 0 0 0 0 0 1 0 -1 2 0 0 0 0 -1 -1 0 0 1 0 0 0 0 0 -1 -2 1 0 0 1 0 0 -1 0 1 0 -1 1 0 0 0 0 0 0 -1 0 0 0 1 0 0 0 0 0 1 -1 0 0 2 0 0 0 -1 0 0 0 2 0 2 0 0 0 -1 0 0 13 0 0 0 0 0 2 0 1 -1 0 1 0 0 0 0 0 1 0 0 1 1 1 0 0 1 0 0 0 0 0 0 1 0 0 0 0 0 0 0 1 1 3 -1 1 0 0 -1 -1 0 0 0 0 1 0 -1 0 1 0 -1 0 0 0 -1 2 0 0 0 0 0 0 1 0 0 0 0 -1 0 -1 1 0 -3 -1 0 0 0 0 1 0 1 -1 1 0 1 0 2 0 2 0 0 1 0 1 0 0 0 0 -1 1 0 0 -1 0 -1 0 0 1 0 1 -1 0 0 1 0 1 -1 0 1 0 0 -1 -1 0 0 0 0 0 0 1 0 -1 -1 1 0 0 0 0 2 0 0 1 0 0 0 0 0 0 0 0 1 -1 0 0 0 -1 0 0 0 0 -1 1 0 0 0 1 0 0 1 -1 0 0 0 0 0 1 -1 0 1 0 0 -1 1 0 1 -1 0 -1 0 1 0 0 1 0 1 0 1 -1 -1 1 -1 -1 0 -2 0 0 -1 0 -2 -1 0 0 1
-1 -1 1 0 0 0 1 -2 0 0 0 0 1 -1 -1 1 1 0 0 0 0 0 1 0 1 1 0 1 0 0 0 2 -2 0 0 -1 -1 0 -1 0 0 0 0 0 -1 0 -2 -1 1 0 0 -2 0 -1 0 1 0 0 1 -1 -1 0 -3 -2 0 1 1 0 0 -1 0 0 -1 0 0 0 1 1 0 0 0 1 0 0 1 1 1 0 0 0 -2 0 0 0 -1 -2 2 1 0 1 0 0 0 0 -1 3 2 0 0 -1 -1 -1 0 1 0 0 -2 1 0 2 1 0 0 0 1 0 0 0 0 0 0 -1 -1 0 0 1 -1 0 0 17 0 0 1 -1 1 0 0 1 1 1 0 0 1 0 -1 0 -1 -1 0 1 1 0 0 1 -1 -1 -1 0 0 -1 0 1 1 0 0 0 1 1 -1 1 0 0 0 0 0 1 -1 0 -1 1 0 0 0 1 0 0 0 0 0 1 0 1 -1 0 0 0 -1 1 0 0 -1 0 -1 -2 0 0 -1 0 1 0 0 0 0 0 3 0 1 1 -1 0 -1 2 -1 0 0 0 3 1 -1 0 0 -1 -1 2 0 0 -2 0 0 0 0 0 2 0 0 0 2 2 0 0 0 0 1 0 0 2 -1 1 0 0 2 0 1 -2 0 0 1 -2 0 -1 0 1 0 0 1 -1 0 1 0 -1 1 0 0 2 1 -1 -3 1 0 0 -1 -1 -2 1 -1 0 0 1 0 0 0 2 2 -1 0 0 0 -1 -1 0 1 3 -2 -1 0 0 0 -1 0 0 2 0 0 0 0 1 1 0 1 0 1 -2 0 0 1 -1 -2 -2 -2 2 1 0 -1 0 0 0 0 -1 0 0
0 1 1 1 -1 -2 0 1 0 0 0 -1 0 1 0 0 -1 -1 0 0 2 -1 -1 -1 -1 1 1 0 0 0 0 1 0 0 1 0 1 -1 2 -1 1 0 0 0 0 0 0 1 0 -1 -1 0 0 1 1 0 -1 0 0 0 1 2 0 0 1 0 0 -1 2 -1 -1 -1 0 1 1 0 0 -2 0 0 0 0 1 -1 0 -1 0 0 1 -1 0 0 1 0 0 0 -1 1 -1 0 0 -1 -1 1 0 -2 -1 0 0 0 0 -1 0 0 2 0 0 0 0 0 0 0 1 1 0 3 1 0 0 0 0 1 0 0 1 1 -1 1 0 0 17 0 0 0 0 1 -1 0 0 0 -1 0 -1 -1 -2 -2 0 0 -1 -1 -2 2 1 1 1 0 0 0 0 0 0 1 0 1 0 1 -2 0 0 0 -1 0 0 0 0 -2 0 0 0 -1 -1 2 0 1 0 0 1 -1 0 -1 0 1 0 0 1 0 -1 0 -1 0 -1 0 0 1 1 -1 -1 1 1 0 0 0 1 1 0 -1 2 0 1 3 2 0 -1 -2 1 1 0 0 1 0 -2 1 2 1 0 0 0 0 0 0 0 0 -1 1 -2 2 1 -2 0 -1 1 0 0 0 0 0 1 1 0 0 1 -1 1 0 -1 0 -2 0 1 -1 1 0 0 0 0 0 0 0 0 0 0 0 2 1 -2 0 -2 1 0 1 -1 0 1 2 -1 0 1 0 -1 0 0 0 -1 1 0 1 2 -1 1 0 1 1 0 0 0 0 -1 0 1 0 1 0 0 -1 0 0 0 1 -1 -1 2 1 1 0 0 1 0 -1 0 -1 -1 1 0 0 0 0 0 0 0 1
0 1 0 0 0 0 0 0 0 0 0 0 0 0 0 -1 0 0 0 -1 0 1 2 0 0 -1 -2 0 1 0 0 0 1 0 0 0 0 0 0 1 0 0 1 0 0 1 0 1 1 -1 -1 0 1 0 0 0 0 0 0 1 -1 0 0 1 0 0 0 0 0 -1 0 1 0 0 0 0 1 -1 0 -1 -2 1 0 0 0 0 1 0 0 0 0 0 0 0 1 0 0 0 0 0 2 0 0 0 0 0 -1 0 0 0 0 0 0 -1 -1 0 -1 0 0 0 0 0 0 0 0 1 0 0 -1 0 1 0 0 1 0 0 2 0 0 0 0 8 0 0 0 1 0 1 -1 1 2 0 0 0 0 0 0 0 0 0 0 0 1 0 -1 0 0 0 1 2 -1 1 0 0 0 0 -1 0 1 0 -1 0 0 0 0 0 1 0 0 0 0 -1 0 0 0 0 -1 0 -1 -1 0 0 0 -2 0 -1 0 0 1 -1 0 1 0 0 -1 0 0 1 0 1 0 0 0 0 0 0 0 -1 0 1 1 0 0 0 1 -1 0 0 1 -1 0 1 0 0 0 0 0 0 1 0 1 1 0 0 0 0 0 0 0 0 -1 0 -2 -1 0 1 0 1 0 1 0 0 0 0 0 0 0 0 0 0 0 0 0 0 0 -1 0 0 -1 0 2 0 -1 -1 0 1 0 -1 -2 0 1 0 0 1 1 0 -1 0 0 0 0 0 0 0 0 -1 0 0 0 -1 1 1 -1 1 0 0 1 0 0 1 0 1 -1 0 0 0 1 0 1 0 1 0 -1 0 0 0 1 -1 0 0 1 0 -1 0 0 1 -1 1 0 -1
2 0 2 0 1 -2 0 1 -1 1 0 2 0 0 1 0 0 2 0 -2 1 0 2 -1 1 -1 0 -1 0 -2 0 3 1 0 0 0 -2 3 2 1 -1 1 -1 -1 0 -1 0 0 0 1 1 0 -1 0 0 0 1 -2 -4 0 1 1 1 1 0 2 1 0 3 -1 0 0 0 2 0 0 1 1 -1 -3 2 0 -2 -2 1 -2 2 -1 2 1 0 0 -1 2 3 0 1 1 0 1 0 1 0 0 0 0 -2 -1 1 0 3 -1 1 0 1 1 0 0 0 0 0 1 -1 -1 1 0 0 2 -1 0 1 -1 0 0 2 2 -1 0 0 1 0 0 26 0 0 -2 0 -1 1 2 1 -3 0 0 0 2 -1 0 0 0 3 0 1 -1 2 -1 1 0 0 0 0 2 1 -1 1 -1 0 2 0 0 2 0 0 1 -1 0 0 0 0 1 2 0 -1 1 0 0 0 0 -3 3 -1 2 1 1 0 1 -1 1 -1 0 0 0 -1 -1 1 0 0 1 1 -1 2 0 0 1 3 0 1 3 0 -1 1 2 1 0 -1 0 -2 0 4 0 0 1 0 0 1 -2 1 0 -1 1 0 2 1 1 0 2 2 -1 0 0 0 0 0 -1 -1 1 0 1 0 1 0 -1 0 -1 0 0 -1 1 -1 -1 -3 0 0 -2 -2 0 0 0 0 -1 2 3 0 2 1 2 -1 0 -1 -1 0 -1 0 0 1 1 1 -1 1 -1 1 0 -1 1 1 0 0 -1 -1 2 1 -1 -2 0 0 -2 1 0 -1 1 -1 2 1 2 1 -2 0 0 0 0 -2 0 0 0 0 0 -1 2 -1 1 1 0 0 1 0 -2 -2 -1 2 1
1 0 -1 0 1 -1 2 -3 0 0 0 0 -2 0 0 1 -1 0 0 0 0 2 0 -1 0 -1 0 0 2 -1 0 -1 0 0 -2 0 -1 -1 0 0 0 2 0 0 0 0 1 0 2 -1 0 0 0 1 0 -1 0 -1 -1 -1 0 0 1 0 0 0 1 -1 0 0 0 0 0 0 0 0 -1 0 -1 0 0 1 -2 2 -2 0 -2 1 0 0 2 2 0 1 1 0 -1 0 0 -1 0 0 1 1 0 -1 0 -2 -1 0 -1 -1 0 0 0 0 0 -1 0 -1 1 1 1 1 -1 1 1 0 0 0 0 0 0 1 -1 0 0 0 0 -1 0 0 0 16 -1 0 0 0 0 0 0 0 0 -1 0 -1 -1 -2 -1 0 1 0 -2 0 0 1 -3 1 2 0 1 0 1 0 -1 0 0 0 0 0 0 0 -1 0 -1 0 0 0 1 0 2 0 0 0 0 -1 0 1 0 0 0 0 1 0 -1 0 0 0 -1 0 -2 -1 2 0 0 0 1 0 0 -1 0 0 0 0 0 1 1 0 0 0 1 2 1 1 0 0 -1 -2 -2 2 0 1 -1 0 1 0 0 1 0 0 0 0 0 -1 0 2 0 0 0 0 -1 0 -1 0 0 0 0 2 -1 0 0 -1 -1 1 -1 -1 0 0 2 0 0 0 0 0 0 0 -1 1 0 0 1 0 0 0 -1 0 0 1 0 -1 0 -2 0 0 0 1 0 1 2 1 -1 2 -2 1 -1 0 0 0 -1 -1 -1 -1 1 1 0 0 0 0 0 0 1 -1 0 1 0 -1 0 0 1 0 -2 0 0 -1 0 2 0 0 1 0 0 0 2 1 0 0 1 0 0 0
0 0 0 -1 -1 1 1 -1 0 2 0 0 0 0 0 0 0 0 0 0 0 0 0 0 1 0 0 0 1 0 -1 2 -1 0 0 -1 0 0 1 -2 0 -3 1 -1 -1 0 1 1 0 0 0 -1 0 0 0 -1 0 -1 0 0 0 0 0 0 0 1 -1 0 2 0 2 0 0 -1 -2 1 0 0 0 0 0 1 0 -1 0 0 0 -1 0 0 1 -1 1 0 1 0 2 2 0 0 0 -1 0 0 1 1 -1 0 0 -1 0 0 1 2 0 0 1 -2 0 1 1 1 1 1 0 0 0 0 0 1 0 0 0 0 0 -1 -1 0 2 1 0 0 0 -1 13 0 0 0 -1 0 0 0 -1 0 0 -1 0 1 2 0 0 0 0 0 0 0 0 0 0 0 -1 0 0 0 1 -1 0 0 1 1 0 0 0 0 0 1 0 0 0 -1 0 0 1 0 0 1 1 0 0 0 0 0 0 0 0 0 0 1 1 1 0 0 -1 0 0 0 2 1 0 -1 0 0 0 0 0 0 0 2 0 1 0 2 0 0 1 0 1 1 0 -1 0 0 -1 0 1 1 -1 0 0 0 0 0 1 0 1 -1 0 0 0 -1 -1 0 0 -1 0 0 0 0 2 1 -1 0 0 -2 0 0 0 0 -1 -2 0 0 -1 0 1 -1 1 0 0 1 0 0 0 2 0 0 -1 0 0 1 0 1 0 0 -1 0 0 -1 1 0 1 -2 1 1 1 -1 0 1 2 1 0 -1 1 0 1 -1 -1 -1 -1 1 0 1 1 0 0 1 0 0 1 0 0 0 0 1 0 0 0 0 1 1 0 0 0 0 0 -1 0 1 -1 -1
1 0 1 2 0 -3 0 -2 2 0 1 0 -1 0 -1 1 0 -1 0 -3 0 1 0 3 0 1 0 0 0 1 0 -1 -2 1 1 0 1 0 0 -1 1 0 0 0 0 -1 0 0 0 0 0 0 0 1 0 0 2 -2 0 1 -1 1 0 1 0 0 1 -1 -1 -2 0 1 0 0 0 0 0 0 1 -2 -1 0 -2 -2 0 -1 -1 1 1 1 1 1 2 1 0 0 0 0 0 0 0 -1 0 0 -2 0 0 0 0 0 0 0 0 -1 -1 -1 0 0 0 1 0 0 1 0 0 0 0 -1 2 0 -1 1 -1 -1 -1 1 0 0 0 0 1 1 -2 0 0 17 1 1 0 2 -1 0 -3 0 1 0 1 0 -1 0 0 -1 2 0 -1 -1 0 0 0 0 -2 0 -1 0 0 -1 1 -1 1 0 -1 1 0 0 -1 0 -2 2 0 0 0 0 0 0 0 0 -1 0 0 0 0 0 1 -1 0 -2 0 0 0 0 -1 -1 0 0 0 2 -1 1 1 -1 0 2 0 0 -1 0 0 1 0 1 0 1 1 0 0 -1 0 0 -1 0 0 0 0 -1 0 1 1 0 1 1 1 0 1 -1 0 0 0 0 1 0 0 1 0 1 -1 0 0 1 -1 0 0 -1 1 1 0 2 0 -2 0 0 0 0 -1 1 2 -1 0 1 1 -1 1 1 -1 -2 0 -1 0 0 0 1 0 1 -1 1 1 1 1 0 1 1 2 0 0 0 -1 0 1 -1 0 0 0 1 0 -1 -1 0 -1 0 1 0 0 0 -1 0 1 1 1 1 1 -1 1 0 0 -1 0 0 0 0 -1 -1 0 1 0 0 -1 1 1 0 0 0
1 1 -1 1 1 0 0 -2 0 1 0 0 0 -1 0 1 0 0 0 0 0 -2 0 -1 -2 -1 -2 0 -1 0 0 0 0 0 0 0 1 0 1 -1 0 0 0 0 0 -1 0 0 0 1 0 0 0 1 0 0 0 1 1 2 0 0 -1 0 1 0 -1 0 0 1 0 0 0 1 0 0 0 -1 0 -1 0 -1 -1 1 0 -1 3 0 0 1 0 1 2 -2 0 0 -1 -2 0 0 -1 0 1 0 -1 -1 0 0 -1 1 -1 0 -1 -1 0 -2 0 2 -2 0 0 0 0 -2 -1 -1 0 1 0 0 0 -1 -1 0 0 1 0 0 1 0 -1 0 0 0 0 1 16 0 1 1 1 -2 -1 0 1 -1 -1 0 0 0 -1 0 1 1 0 -1 -2 0 1 -1 0 -1 0 1 0 1 0 0 0 0 1 1 0 0 0 0 0 1 0 -1 0 0 0 0 0 0 0 1 1 1 0 -3 -1 0 -1 0 -1 0 0 -1 0 0 0 0 -1 0 0 0 0 0 0 3 1 0 -2 1 -1 0 0 0 -1 1 0 1 0 0 0 0 0 0 0 -1 0 -1 -1 0 0 0 -1 0 1 1 0 0 2 -1 0 -1 1 0 0 0 -2 1 0 0 0 -1 0 0 2 1 1 0 0 0 1 -1 0 0 -1 0 0 1 0 1 -1 -2 0 0 0 0 0 1 -1 1 0 2 1 1 -1 -1 -1 0 0 0 0 1 -1 1 -2 0 2 1 0 0 -1 1 1 0 0 -2 0 0 0 0 2 0 1 0 -1 0 -1 0 0 0 -1 0 -1 1 1 -1 1 -1 -1 0 0 -1 -2 -1 0 1 0 -1 0 0 -2 0 0 0
1 0 1 0 0 -2 0 1 0 1 1 0 -2 -2 1 0 0 4 -1 1 1 1 -1 0 -1 7 -2 1 0 0 0 -1 0 2 1 -1 1 0 1 -1 2 3 1 1 -1 0 0 0 -1 0 -1 -1 1 -1 1 0 1 1 -1 -2 -1 0 0 0 0 -1 1 1 1 1 0 1 -2 -1 -1 2 2 -2 -1 0 0 1 -1 0 0 -1 0 0 1 1 0 0 0 1 0 0 1 0 0 2 1 0 0 0 0 0 1 -2 -1 0 -1 3 -1 0 0 -1 0 2 0 -1 2 -1 -1 -1 0 1 0 -1 -1 0 0 0 0 0 2 2 0 0 -1 1 0 1 -1 0 0 1 0 26 1 1 0 0 1 1 0 0 -2 0 0 1 2 1 0 0 -1 3 -1 0 1 1 -1 1 0 0 1 1 1 0 0 1 -1 0 -1 0 0 -1 1 2 1 0 1 -2 1 -1 0 1 1 -1 3 -1 3 0 -1 0 0 -1 0 0 0 1 0 2 0 -1 1 0 0 -1 0 1 0 0 -2 -1 1 -1 -2 1 0 0 -1 2 0 2 -1 0 0 -1 1 -1 1 1 0 2 0 0 0 0 0 2 -1 0 0 0 1 0 1 -1 -1 3 2 1 0 0 -1 0 -1 0 2 1 0 0 1 1 1 0 0 -1 1 0 2 2 1 0 1 0 0 0 0 -1 0 0 1 0 0 3 0 1 -1 -2 1 1 -1 0 0 1 0 -1 2 0 0 -1 0 2 -1 0 0 1 1 -1 1 0 0 -2 -2 1 1 1 0 -1 -3 1 -1 1 0 -1 0 0 0 0 3 1 1 0 0 1 1 -3 0 0 1 2 0 3 0 0 2 0 0 0
0 0 -1 0 1 0 -1 1 1 1 0 -1 1 0 0 0 0 2 0 0 -1 -1 0 0 -1 0 0 0 1 0 1 -1 -2 1 2 -1 1 0 1 -1 0 0 0 -1 1 0 0 0 0 1 1 2 0 0 0 0 -1 -1 -1 0 1 0 2 0 0 -1 -1 -1 1 0 1 -1 0 0 -1 0 -1 0 1 1 0 0 -1 -2 1 1 0 -2 0 1 2 0 0 0 -1 0 0 0 0 2 0 -1 2 0 0 0 1 0 -1 0 0 -1 0 1 0 0 -1 1 1 -1 0 -1 -1 0 0 0 -1 0 0 0 0 1 -1 0 1 0 0 0 0 1 0 -1 1 0 -1 0 1 1 18 2 -1 0 -2 -1 -1 -1 -1 -1 1 2 1 0 0 -1 3 -1 1 0 0 1 0 -1 0 0 1 1 0 1 0 -1 -1 0 -1 1 0 0 0 0 0 1 1 1 -1 0 0 0 0 0 1 0 -1 0 0 0 -1 -2 -1 0 0 0 0 0 1 0 -2 0 0 0 0 0 0 2 0 0 1 0 0 -1 -1 0 0 0 0 0 2 -1 0 -2 -1 0 0 -1 1 0 0 1 -1 1 1 0 3 -1 0 0 -2 0 0 0 -1 -1 1 -1 0 1 0 0 -1 -2 0 0 1 0 2 0 -1 -1 0 2 -1 1 0 2 -1 -2 0 1 -1 -1 1 0 -1 1 1 0 0 0 1 0 2 1 0 1 -1 0 0 0 0 0 0 0 0 0 0 0 1 0 0 0 0 -1 0 0 -2 0 0 0 -1 -1 0 1 1 -1 0 0 2 0 0 0 0 0 0 -1 1 0 1 0 0 0 0 0 0 0 1 1 -1 0 0 0 -1 0
0 1 -1 -1 -1 -3 0 2 0 -1 0 0 1 1 3 1 1 0 0 0 -1 1 1 2 0 0 2 -1 0 0 -1 2 -1 0 0 1 1 0 1 -1 1 0 1 -2 -2 -2 0 -1 0 0 0 2 -1 0 0 0 1 1 -1 -1 -1 -1 0 -1 1 0 0 -1 -1 -2 2 0 0 -1 0 0 0 -1 0 0 0 2 -1 -1 0 2 0 0 3 0 0 0 0 0 0 0 1 -1 0 1 2 -2 2 1 0 -1 -1 0 1 1 -1 1 0 -1 1 0 0 1 0 -1 1 1 0 1 0 -2 0 1 0 1 2 0 0 0 -1 3 1 1 1 1 0 1 2 0 0 2 1 1 2 26 1 0 0 -1 -1 2 1 0 0 2 0 1 1 1 0 -1 0 -2 0 -1 -2 0 -1 0 1 2 1 1 -1 0 -2 -1 0 0 0 -1 -1 0 0 4 -1 1 -2 0 0 1 -1 -1 1 2 -1 0 2 0 0 0 2 0 0 0 -2 -1 0 0 2 0 -1 1 -2 1 -1 -1 2 1 -1 0 -1 2 -3 2 1 3 1 1 -1 0 0 1 1 1 0 0 0 0 0 0 0 0 0 0 3 0 1 0 0 0 0 1 -2 2 0 0 0 1 -2 1 -1 -1 0 -1 1 0 0 -1 1 0 0 1 0 0 0 1 0 0 0 -2 0 0 0 0 1 1 0 -1 -1 0 1 -1 0 0 -2 1 0 0 0 3 -1 -1 1 0 2 -3 -1 0 0 0 0 -1 0 0 2 -1 -1 1 -2 1 -2 0 2 -3 0 0 0 1 3 0 1 0 0 -1 2 0 2 1 0 1 -2 0 -1 3 0 -1 0 -2 0 1 0 0 -2 2
0 1 1 -1 -1 3 1 0 0 0 2 1 -2 1 2 1 -1 1 0 0 1 0 2 -1 1 1 1 -1 0 -1 0 0 0 1 0 -1 -1 -2 -3 1 1 -1 1 0 0 0 -1 -1 2 1 0 0 0 0 0 -1 -1 0 -2 0 0 -1 1 0 0 -1 0 1 0 0 1 0 -1 -1 -1 1 0 1 3 0 1 -1 1 0 0 0 0 0 0 -1 0 0 0 0 0 -1 0 -1 1 -2 0 1 0 0 -1 1 0 0 1 3 0 -1 0 1 -1 -1 0 0 1 0 -1 -3 0 1 -1 0 0 -1 0 0 1 1 0 1 1 0 2 0 0 0 -1 2 1 0 0 -1 1 0 -1 1 22 -1 3 0 0 2 1 0 1 0 -1 1 0 0 -1 0 -1 0 0 1 -1 1 -1 2 -2 1 0 0 0 1 1 0 1 -1 0 2 2 2 0 1 0 1 3 0 1 0 0 0 0 0 -1 -1 0 1 0 -1 0 2 2 0 -2 0 0 0 0 1 -1 -1 -1 0 0 0 2 0 0 0 0 -1 -1 1 1 1 0 0 1 0 -1 0 1 1 0 1 -1 -1 0 1 0 0 -1 0 1 0 1 1 2 -2 1 1 -1 0 0 1 -1 0 -1 0 1 3 -1 2 0 0 -2 0 0 0 0 -1 0 0 -1 0 1 1 1 0 0 1 -1 0 1 0 0 0 0 0 0 -1 -1 0 0 1 1 0 2 1 1 0 -1 1 1 1 0 1 1 0 0 1 -1 0 -1 0 -2 0 1 0 5 -1 0 2 1 0 -1 2 -1 1 0 0 1 0 -2 -1 1 0 0 0 1 1 0 0 2 0 2 0 0 -1 0 1 1 -2
1 -1 0 -1 0 2 0 -3 1 -2 1 0 -2 1 1 2 0 -3 0 0 0 2 0 1 0 1 1 0 0 0 0 0 2 0 0 0 -1 0 2 -1 0 0 2 1 0 1 0 0 0 -1 0 0 0 0 -3 0 0 1 0 -1 0 0 2 1 2 3 1 0 0 2 1 0 1 -3 0 0 0 -1 2 0 1 1 0 0 -1 0 -1 0 1 0 0 -1 0 1 2 1 2 1 1 -2 2 1 0 0 0 0 1 1 0 0 -1 -1 2 1 0 2 0 0 0 0 0 1 2 2 -1 0 0 0 2 0 1 1 2 0 1 -1 1 -1 0 0 0 0 -3 0 0 0 -2 0 0 0 -1 23 0 -1 0 0 0 0 0 0 0 -1 2 0 1 -1 1 0 0 1 -1 1 0 -2 -1 1 0 -1 0 4 0 0 0 1 0 0 1 -2 -3 1 0 1 0 1 -1 0 -1 -1 -1 -1 -1 0 0 1 0 0 2 0 2 0 0 2 2 0 1 1 1 0 -2 0 -4 -1 0 -1 -3 1 -1 -3 0 1 1 0 0 2 -1 -1 1 -1 -2 0 0 0 -1 2 1 -1 -1 0 0 1 -1 0 -1 0 1 1 -2 0 1 -2 1 0 0 2 1 3 0 1 0 0 1 0 2 2 0 1 2 0 1 -1 1 0 0 0 -1 1 0 0 1 2 0 -1 0 1 0 0 -1 -1 -1 0 1 0 0 0 1 1 0 0 0 0 0 0 0 -1 0 1 1 0 0 -1 -1 1 1 -1 0 0 -1 1 -1 -2 0 0 0 1 1 1 0 0 0 0 -1 1 0 0 0 0 1 1 -1 1 0 -1 3 0 2 1 0 0 -1 0
-1 0 1 0 0 3 2 2 2 0 2 1 0 1 -1 2 0 0 1 1 0 -1 0 0 1 2 -1 0 0 0 1 -1 0 0 1 -1 0 -1 0 3 0 0 2 -1 2 0 0 0 0 0 -1 1 1 -1 0 -1 1 1 0 1 0 0 -1 0 0 -1 1 0 1 -1 1 -1 0 1 -1 1 1 0 0 0 -1 1 1 1 0 1 -1 2 0 0 0 0 -2 1 0 0 1 3 0 0 2 1 1 -1 0 1 1 1 2 2 -1 1 0 0 1 0 -3 -2 1 0 -1 -1 0 1 0 -1 -1 0 -1 0 0 0 -1 -1 0 0 1 1 0 1 -1 0 0 0 -1 -3 -1 1 -2 0 3 0 20 1 0 2 0 1 1 0 1 0 -1 0 -2 -1 0 0 0 2 1 -1 0 3 -2 1 1 0 0 1 1 -1 0 0 1 0 0 1 0 0 -1 2 0 0 0 0 -1 -1 0 1 0 0 0 0 1 1 1 1 1 0 1 1 -1 0 0 0 0 -1 0 0 0 -2 0 0 2 -1 1 1 0 0 -1 0 0 0 0 3 2 0 0 0 1 0 0 0 0 0 0 -1 0 0 1 0 1 1 2 1 1 1 -1 1 1 0 0 0 0 0 -1 2 0 1 1 2 -2 1 0 0 0 -1 0 1 0 0 2 0 0 0 1 2 0 0 1 1 2 1 1 0 -1 0 0 -1 -1 0 0 1 -1 1 -1 0 -1 -3 0 0 0 0 -1 1 0 0 1 0 -1 0 0 1 0 0 1 1 -1 1 0 0 0 -1 -1 -1 1 0 2 3 0 2 0 1 0 0 1 -3 2 0 0 0 -1 0 0 1 0 1 1 0
0 0 0 0 1 0 0 1 0 1 0 0 0 1 0 0 0 0 0 0 -1 0 0 -1 0 0 -2 0 0 0 -1 -1 0 0 0 -1 0 -1 0 0 1 0 1 0 1 -1 0 1 1 0 0 1 0 0 0 -1 0 0 0 1 0 0 0 -1 0 0 0 0 0 0 1 0 0 1 1 1 2 0 -1 0 0 -1 1 0 0 0 1 1 0 1 1 0 0 2 -1 0 0 0 -1 0 1 1 1 0 0 1 0 0 0 0 0 0 1 1 0 0 1 0 0 1 -1 1 0 0 0 0 0 0 -2 -1 1 0 0 0 0 1 0 0 0 0 -1 0 0 -1 0 0 0 1 -1 -1 0 -1 1 13 0 3 1 1 1 -1 0 0 -1 0 1 -2 0 1 0 0 1 1 1 0 0 0 -2 0 0 -1 0 0 1 -1 1 0 0 0 0 0 2 0 0 0 -1 0 0 0 0 0 0 2 1 -2 0 -1 0 -1 -1 0 0 0 -2 0 0 0 0 0 1 0 1 0 -1 -2 0 0 2 -1 0 1 1 -2 0 0 -1 1 1 -1 -1 0 0 2 -1 0 1 0 0 0 0 0 0 0 0 0 0 -1 1 0 -1 0 0 0 0 0 0 0 1 -1 2 0 0 -2 -2 1 1 -1 0 0 0 0 0 3 0 0 0 1 0 0 0 -1 0 0 0 1 0 0 0 1 0 0 0 1 -1 -1 -1 0 0 0 1 0 2 -1 0 -1 -1 -1 -1 0 1 3 0 0 1 1 -1 -1 0 0 -1 -1 0 0 -1 0 0 0 0 -1 1 0 0 0 0 2 0 0 1 0 0 -1 0 0 0 0 0 0 0 0 0 0
0 0 -1 -1 0 2 0 -1 0 1 0 1 0 -1 0 0 1 -1 -1 -1 -2 -1 1 0 -1 1 1 0 0 1 -3 -1 0 0 1 0 1 0 1 -1 -1 -1 0 0 0 -1 -1 -1 0 0 -1 0 -1 1 0 -1 1 0 1 0 1 0 -1 0 0 0 0 1 -2 1 1 0 0 -2 -1 1 1 0 0 0 -1 -1 1 0 -1 0 -1 1 -2 0 0 0 1 0 2 -2 -1 0 0 1 -2 0 0 0 -1 1 -3 0 0 0 0 3 0 0 0 0 0 0 -1 0 0 -1 0 0 0 0 2 0 0 1 0 0 0 0 0 0 0 -3 0 -1 -2 0 0 0 0 1 1 0 -1 -1 0 0 0 0 17 0 0 -1 -2 2 -1 -1 1 -2 0 0 1 -1 0 -1 0 0 1 1 1 -1 -1 -1 -1 0 1 0 0 -1 1 -1 0 0 1 0 0 -1 0 0 1 0 0 -1 -1 0 0 -1 1 1 0 0 -1 0 0 -1 1 0 1 -1 0 0 0 -1 0 0 0 0 2 -1 -1 0 0 0 0 -1 0 -1 1 0 -1 -1 1 2 -1 1 0 0 0 1 0 1 0 1 0 -2 1 2 0 1 2 -1 1 0 -1 -1 1 1 0 0 -1 0 0 -1 0 0 2 1 0 -2 0 1 0 -1 0 -1 -1 -3 -1 1 0 0 0 1 0 0 0 0 -1 -1 0 -1 -1 1 0 0 -1 2 -1 1 1 1 0 1 1 0 -1 -1 0 -1 -1 0 0 0 1 0 -1 1 0 -1 0 -1 0 0 0 2 0 -2 1 0 0 0 -1 0 -1 0 -2 0 -1 0 0 0 -1 0 0 1 -1 1 0 -2 0 -1 0 1 0 0
1 0 0 1 2 -1 -1 0 0 1 1 0 0 0 0 -1 -1 0 1 0 -2 1 0 0 1 -1 0 0 0 0 0 2 0 0 -1 1 0 -1 0 2 1 -1 2 0 0 0 0 -2 -1 0 0 0 0 -1 0 -1 0 1 0 0 0 -1 0 -3 0 0 1 1 2 -1 0 -2 0 1 2 1 1 -1 -1 -1 0 0 0 0 1 0 0 1 -1 1 -1 0 -1 0 0 -1 0 1 0 -1 1 1 0 0 0 0 1 0 2 0 -1 1 0 0 -1 0 1 0 0 1 1 1 0 0 1 0 0 0 -1 -1 0 0 2 0 0 1 1 0 1 0 -2 0 2 -1 -1 0 -1 0 -1 2 2 0 2 3 0 19 1 -1 0 -1 1 1 1 -2 0 0 0 0 0 -1 -1 0 -1 1 -1 1 1 0 1 1 1 -1 -1 0 0 0 0 0 0 0 2 0 0 1 0 0 0 -1 0 0 -1 0 -1 -2 0 -1 1 0 0 0 0 0 -2 0 0 1 0 -1 -1 0 1 -2 0 -1 1 1 1 2 -1 -1 1 -3 0 0 0 1 0 -1 1 0 0 -1 -1 0 -1 -1 0 0 0 0 0 0 0 0 -1 -1 1 1 0 0 -1 0 0 0 0 1 0 0 0 0 0 1 -3 1 2 -1 -1 0 0 0 0 2 1 -1 0 -2 0 0 1 -1 1 0 -1 -2 1 -1 0 0 1 1 0 0 1 -1 -1 0 -1 -2 -1 0 1 2 0 1 0 0 -2 -1 -1 2 -1 -1 -1 2 -2 -1 1 1 -1 1 0 0 -1 0 1 0 0 -1 1 0 -1 2 -1 0 -1 0 0 0 0 0 0 0 0 -1 -1 0 0 0 0 -2
-1 0 0 0 -1 0 -1 1 0 0 0 1 1 0 0 0 1 0 1 0 0 1 0 1 1 -1 2 1 0 0 0 0 1 1 0 1 -2 -1 1 1 0 0 1 -1 0 0 0 0 -1 0 0 0 0 -1 -1 0 1 1 -1 1 0 -1 0 2 0 0 0 1 0 0 -1 0 0 0 0 0 1 1 1 0 0 1 -2 0 0 0 -1 0 0 0 2 1 1 0 1 1 0 1 0 0 0 -1 0 0 0 -1 -1 -1 0 0 0 0 0 0 -1 0 0 1 0 0 -2 0 0 1 1 0 -1 -1 0 1 1 0 0 0 0 1 0 0 0 -1 0 0 -1 -1 0 1 -1 -2 -1 1 1 0 0 1 0 1 15 0 1 0 -1 0 0 0 -1 0 0 0 0 0 -1 1 0 0 -1 0 -1 0 0 1 0 0 3 0 0 -1 0 0 0 0 -1 0 0 -1 0 0 0 0 0 2 0 0 3 -1 0 1 3 0 0 0 -1 -1 0 1 0 1 0 0 0 -1 0 1 0 0 1 0 1 0 2 1 0 0 0 0 1 0 0 1 1 0 -2 0 0 0 1 0 0 0 -1 0 2 0 -1 0 0 -1 -1 2 0 -2 -1 1 1 1 0 0 -1 0 0 1 -1 0 -1 0 1 1 0 0 1 0 0 1 0 0 -1 1 1 2 1 1 0 -1 1 0 0 -3 0 0 1 1 0 1 1 0 0 0 0 0 -1 0 1 -1 -1 -1 0 1 0 0 2 0 0 0 0 0 0 0 0 0 0 0 -1 0 1 0 0 0 0 0 -1 0 0 0 -1 2 0 1 0 0 -1 0 0 0 2 -2 0 0 2 -1 0 2
1 1 1 0 0 0 1 1 -1 1 0 0 0 0 0 -1 0 0 2 2 1 1 -1 0 0 1 0 0 -1 0 -1 1 0 0 1 0 0 0 -1 0 0 -2 0 0 1 0 0 3 0 0 -2 -1 -2 -1 0 0 1 1 -2 0 -1 1 -1 0 0 0 -1 -1 0 1 0 0 0 -1 0 0 2 0 1 0 1 1 -1 0 1 -1 0 2 0 -2 1 0 1 1 0 0 0 1 1 0 0 0 0 1 0 -2 1 -1 0 0 0 0 1 0 1 0 1 1 0 0 0 -2 -1 -1 0 1 1 1 0 1 -1 -2 -1 0 1 0 1 0 0 -1 0 0 0 -2 1 0 0 0 -1 0 0 0 1 1 -1 -1 0 21 2 1 0 0 0 1 0 1 3 0 2 0 0 -1 -1 0 0 -1 3 0 1 2 1 0 0 0 0 1 1 1 0 0 -2 -5 0 0 0 1 0 0 0 0 0 1 -2 1 0 -1 0 -1 0 0 0 1 -1 1 0 1 1 0 -1 2 0 0 -1 0 -1 0 -1 -1 3 1 0 1 0 0 0 0 -1 0 0 2 1 0 0 -1 1 0 -1 -1 0 0 0 0 1 1 0 0 -1 0 0 0 1 0 0 0 -1 2 -1 1 0 1 0 -1 1 -2 1 0 -2 1 0 0 0 1 0 0 0 0 0 3 0 0 0 -1 0 2 0 1 1 0 2 0 0 3 0 0 0 0 0 -1 1 0 0 0 0 1 1 0 1 0 1 0 -2 0 3 1 -1 1 0 -1 0 -1 -2 0 0 0 0 1 0 -1 1 -1 0 3 0 2 0 0 0 0 2 -2 1 1 -3 0 1 1 0 0 0 0
-1 0 0 -1 0 3 0 1 0 0 0 1 2 1 -1 -2 0 -1 0 1 0 1 0 -1 0 -1 0 0 0 0 1 2 0 1 0 1 0 0 -1 0 0 -1 -1 0 1 0 0 0 2 1 1 0 0 -1 0 -2 0 -1 -2 0 0 1 -2 1 -1 1 0 -1 1 -2 1 0 1 -1 -1 -2 1 0 0 1 1 -1 -1 -1 0 0 0 -1 0 2 1 0 -2 0 0 -1 0 1 0 -2 3 1 0 0 1 0 -1 2 0 0 0 0 1 0 0 -1 0 0 0 1 0 0 0 0 0 0 -1 0 0 0 1 1 0 0 1 0 0 0 1 0 -1 0 0 -1 2 -1 0 0 1 0 1 0 1 1 -2 0 1 2 19 1 -1 0 0 -2 0 0 0 -1 -2 1 0 0 -1 -1 1 0 0 1 0 -1 2 -1 0 0 0 1 -1 -1 0 1 1 -1 0 1 0 1 2 2 1 1 0 -1 -1 2 -1 -1 1 0 -1 0 0 0 -1 0 -1 0 0 1 -1 0 1 1 -1 0 1 0 -1 1 0 0 0 1 0 1 1 1 0 0 1 0 1 1 0 0 -1 0 -1 0 0 -1 0 0 1 1 0 1 1 0 0 0 1 0 -1 1 0 0 0 1 1 -2 0 0 0 -1 -2 2 0 0 0 -1 -1 -1 2 -2 0 3 0 0 -1 0 0 0 2 2 0 0 0 1 -1 1 1 1 -2 0 -1 0 -1 -1 -1 0 0 2 1 -1 0 2 0 1 1 -1 0 0 1 0 -3 0 1 -1 -1 -1 1 1 0 2 -1 1 2 0 1 0 -1 0 -1 0 1 -1 0 2 0 0 0 0 0 0 1 2 2 0 0 -1
0 1 -1 0 -1 2 -1 0 0 1 0 0 1 -1 0 2 0 0 1 0 1 0 0 2 0 0 2 0 0 0 1 0 -1 0 1 -1 1 0 0 1 0 0 -1 0 0 0 -1 1 -1 0 0 0 -1 4 0 0 1 1 0 -3 0 1 0 0 1 0 -1 -1 2 1 0 2 0 0 0 0 -1 3 0 0 -1 1 -1 1 1 1 0 0 0 1 0 -1 0 1 0 -1 0 0 0 2 0 1 0 0 0 1 0 0 0 0 2 0 0 -1 -1 0 1 3 1 2 0 0 -1 -1 0 1 1 0 0 2 1 0 0 0 2 1 0 -1 1 1 -1 0 0 0 0 0 0 1 2 2 0 0 0 -1 2 -1 0 1 1 20 0 -1 0 0 0 0 1 2 2 2 -1 0 1 0 1 -1 1 0 -1 0 0 1 -1 -1 1 -1 0 0 0 1 -2 0 2 -1 0 0 -1 1 0 2 0 0 -1 -1 0 -1 -2 -1 0 2 1 0 0 0 0 0 2 0 0 1 -1 -1 -1 -1 0 0 0 -1 0 -1 -1 0 0 0 0 -1 0 0 1 0 0 0 1 0 1 1 0 -1 -1 1 0 0 1 0 1 1 0 2 1 0 2 -1 1 -1 0 2 1 1 0 -1 0 0 2 0 0 0 0 0 0 0 0 0 0 1 0 2 -1 0 -1 -1 1 -1 0 0 1 0 0 1 0 1 0 2 -3 0 2 1 0 1 3 0 1 -2 -1 0 1 2 0 0 0 1 0 0 1 -1 0 0 0 2 2 0 0 -1 0 2 1 0 1 1 2 0 0 1 -3 3 1 0 1 0 0 1 0 1 1 -2 1 1 1 -1 0 2
0 -1 1 0 1 0 -1 -3 0 -3 -1 -1 -1 0 0 -1 1 3 0 2 0 -1 1 1 -1 1 3 0 -1 0 0 0 1 0 1 -2 1 -1 -1 -1 2 1 -1 1 0 0 0 0 0 -1 -1 -2 0 1 -1 0 -1 3 -1 -3 -1 0 0 1 -1 0 -1 -2 -1 -1 -1 1 1 0 1 0 -2 0 -1 -2 0 2 -2 -1 -1 2 1 -1 0 0 1 0 0 1 2 1 0 0 2 1 1 0 1 1 0 0 0 0 1 1 -1 1 0 0 0 0 0 0 1 0 0 2 -2 -2 0 -1 0 0 0 0 -1 1 -1 0 0 -1 -1 1 1 1 -2 0 3 1 0 0 -1 2 1 0 -1 0 1 0 -1 1 -1 0 -1 0 27 -2 -2 2 0 2 0 -2 0 2 0 2 -2 0 0 -2 1 -1 3 0 0 -1 1 0 0 2 -1 0 -1 1 2 0 0 -1 0 1 1 -1 0 0 0 0 -1 -1 -3 1 -1 0 0 0 0 -2 0 -1 0 0 0 -1 2 0 -1 0 0 0 1 0 1 3 1 0 -1 0 1 0 -1 1 0 -1 2 2 0 0 -1 -2 1 -1 1 0 0 0 1 2 0 0 0 0 0 1 -1 -1 0 0 0 -3 0 -2 1 0 2 1 1 2 -1 2 -1 0 -1 1 -1 1 1 1 1 0 0 -1 0 -1 0 0 1 1 3 -3 0 -1 0 -1 -2 -2 2 -2 0 -2 1 -1 2 0 -1 0 2 0 -1 0 -1 -1 -1 -1 1 0 0 3 0 -4 -1 0 1 -1 -1 -1 -1 -1 0 0 0 -1 0 0 0 1 0 0 2 2 0 3 -2 0 0 1 1 1 1 0 1 1 -2 -2 0 0
1 0 0 -1 0 -1 0 2 1 0 0 -1 0 0 2 0 0 2 1 1 1 0 1 0 0 0 0 0 1 0 -1 1 1 0 0 1 -1 0 1 0 0 0 0 1 0 0 0 0 0 0 0 0 0 0 1 0 -1 0 -1 0 0 0 0 -2 0 0 0 0 0 -1 0 0 0 0 0 0 0 0 -1 0 1 1 1 0 0 -1 0 0 0 0 0 0 0 -1 0 0 -1 1 -1 0 0 0 0 0 1 0 0 0 0 1 0 2 0 0 0 -1 0 0 0 0 1 0 0 0 1 2 -1 0 2 -1 0 0 0 1 1 0 -1 0 0 0 2 0 0 0 0 -1 0 1 0 1 1 -1 0 0 -1 1 0 0 0 -1 -2 9 0 1 0 0 0 0 0 0 1 0 0 0 0 2 1 2 0 0 0 -1 -1 0 0 -1 1 1 0 0 1 -1 0 0 0 1 1 0 0 0 0 -1 0 0 1 0 0 0 0 0 -1 0 0 0 0 0 -1 0 -1 1 0 0 1 0 0 0 -2 0 0 1 0 0 0 0 1 1 0 1 0 0 0 0 1 2 0 0 0 0 -1 0 0 0 -1 1 0 -1 0 0 0 1 0 0 0 0 0 0 0 1 0 1 0 0 -1 0 1 1 0 0 0 0 0 0 0 0 0 0 1 0 1 0 0 0 0 0 0 0 0 0 1 0 -1 1 0 0 -1 0 -1 0 -1 0 1 0 0 0 1 0 1 0 1 0 0 0 0 0 3 0 0 0 1 0 0 0 0 1 0 0 0 0 0 0 0 1 0 0 0 0 0 0 0 -1 1 0 0 0 2 0 1 0 0 0
2 2 2 0 0 -2 -1 -2 1 0 0 1 0 -2 0 -1 -1 0 0 -1 -1 0 2 1 0 0 -1 0 1 0 0 1 1 0 1 0 0 0 1 1 1 0 2 0 0 1 0 2 -2 0 -3 0 0 -1 0 0 1 0 3 0 0 1 0 0 0 0 1 1 1 2 0 0 0 0 -1 1 0 0 0 -1 -1 -2 0 1 0 0 1 0 0 -2 -1 0 1 0 1 0 0 -2 0 1 0 0 2 0 -2 1 0 0 1 1 0 0 -1 0 0 0 1 -1 0 0 0 0 -1 0 0 0 0 1 1 0 0 -1 1 -1 2 1 0 0 0 0 1 1 1 -2 0 2 1 0 0 1 0 2 -1 -1 1 1 0 0 0 0 -2 0 19 0 0 0 1 1 -1 -1 -1 0 1 2 1 0 0 1 1 -1 2 1 0 -1 1 0 0 1 0 0 1 1 -1 0 0 2 0 -1 -1 -1 0 1 -1 1 0 0 0 0 1 0 0 0 -2 0 1 1 1 0 0 1 0 -1 0 -1 0 -1 0 0 0 0 2 -1 -1 0 0 1 0 0 0 -2 0 -1 0 1 -1 1 0 0 3 1 1 0 1 -1 -1 0 1 0 1 0 2 -1 0 2 1 0 -1 -1 0 0 1 0 2 0 0 1 -1 -1 1 -2 0 1 0 0 1 1 1 0 1 0 1 -1 -1 0 0 0 1 -2 0 1 1 0 0 1 0 2 1 -1 1 1 1 0 0 0 -1 0 1 0 0 -1 0 -1 -1 2 0 1 1 -1 2 1 -1 2 2 -1 0 1 2 -1 2 0 0 0 0 -1 0 -1 0 0 -1 -1 1 1 0 0 1 1 -1 1 0 0
1 1 0 0 -1 0 0 0 -1 0 0 2 0 1 0 2 0 0 -1 1 -1 0 -2 0 0 0 -1 0 0 0 0 -1 0 0 1 0 0 0 1 0 1 -1 -1 0 1 -1 0 0 0 0 0 -1 1 1 0 0 -1 0 0 0 -2 0 0 0 -1 -1 -1 -1 0 2 -1 0 0 1 0 1 -1 0 0 0 0 2 -1 0 0 0 2 1 1 1 0 0 0 0 -2 0 0 0 1 0 0 0 0 0 0 0 -1 0 0 1 0 0 -1 0 2 -1 -2 1 0 0 1 0 0 0 0 1 0 0 0 1 0 0 1 0 0 0 1 0 1 1 1 0 -1 0 0 0 1 0 -1 1 0 0 0 0 -2 -2 0 1 -2 0 2 1 0 19 0 0 0 0 -1 0 1 0 -1 0 -3 0 2 0 0 0 0 -1 1 1 0 2 0 0 0 -1 -1 2 0 0 1 1 0 1 0 0 0 0 -3 1 0 0 -1 2 1 0 1 -2 -1 1 -1 1 0 1 1 0 0 0 0 0 0 -1 -2 -1 0 1 -1 2 0 0 0 0 0 0 1 0 -1 0 0 0 1 1 2 0 0 0 0 0 -1 1 1 0 -1 -1 0 0 0 1 0 0 0 1 0 -1 0 -1 1 0 -1 0 1 1 -1 0 0 1 -1 -1 -1 1 0 0 0 0 3 -1 1 0 0 2 0 1 -2 -1 1 -1 0 1 -2 1 1 1 1 1 0 0 1 -2 0 0 -2 1 0 0 1 0 1 0 0 -1 1 0 -1 0 1 -3 -1 -1 -1 2 0 0 0 0 -2 0 0 0 1 0 0 0 -1 0 0 0 2 0 0 1 0 1 0 0 -1 -1
0 1 0 1 1 0 0 0 2 1 0 2 0 1 1 -1 1 1 0 0 -1 -1 0 -1 0 -1 0 0 -1 0 0 0 1 0 0 -1 0 1 -1 1 0 1 0 0 1 -1 0 0 0 0 0 -1 0 1 0 0 0 0 0 1 4 -1 0 -1 2 1 0 0 0 0 1 0 0 -1 -1 0 1 0 0 1 0 0 1 0 1 0 2 0 1 0 1 0 0 1 0 1 -2 1 -1 1 -1 0 0 1 0 -1 1 0 0 -1 0 -1 0 1 -1 0 3 0 -2 0 1 0 0 0 0 -1 0 1 0 0 2 0 -1 -2 0 0 -1 -1 0 -1 1 -1 2 0 0 -1 0 -1 3 0 -1 1 -2 1 0 0 -1 0 0 0 0 0 0 0 16 0 -1 1 0 -1 0 -1 0 -1 0 0 1 1 0 0 0 1 0 1 -1 0 1 -1 2 0 1 0 1 -2 0 -1 0 0 0 2 0 0 0 1 0 -1 -1 0 0 -1 0 1 0 0 0 0 0 -1 1 0 0 1 -1 0 -1 0 -1 -1 0 0 0 0 0 0 0 -2 1 0 0 0 1 1 0 -1 0 0 0 0 0 0 2 0 1 0 0 1 -1 0 0 -2 0 -1 -1 -1 0 0 2 1 0 0 -1 0 0 0 1 -1 0 1 0 -2 0 -1 1 -1 0 3 -1 -1 1 1 0 0 1 1 1 0 0 1 0 -1 0 1 1 -1 -1 1 -1 0 1 0 0 1 -1 0 0 0 0 -2 0 0 0 -1 0 2 0 -1 -1 1 1 -1 1 -1 -1 1 0 -1 -1 -1 -1 0 0 1 -1 0 0 0 2 2 -1 0 -1 2 0 1 -1 -1 0 0 0 2
0 0 0 0 0 1 -1 -1 0 0 0 0 1 0 -2 0 0 3 1 0 1 0 -1 0 2 2 0 0 -1 0 1 -1 0 0 0 1 0 0 0 -1 -1 0 -1 0 0 0 0 0 0 0 0 -2 0 2 0 0 0 1 -1 -1 0 0 -1 -2 0 0 -1 0 0 0 -1 1 0 -1 1 -1 -1 -3 0 1 0 0 -1 0 1 1 1 0 1 0 0 -1 1 0 0 0 0 -2 -1 -1 0 0 -2 1 0 0 0 0 -1 0 0 0 0 0 0 0 2 1 0 0 3 0 -1 0 -2 0 0 0 1 0 -1 0 1 0 0 1 0 0 0 -1 0 0 -1 1 0 -1 -1 3 -1 -1 0 -1 -1 -2 0 0 0 1 0 0 2 0 0 0 0 16 1 0 0 3 0 0 -1 0 0 -3 2 0 0 0 0 0 -1 0 -1 -1 1 -1 0 0 -1 -2 0 0 0 1 0 -2 1 0 -1 -1 -1 0 0 0 -1 0 0 0 0 0 0 -1 0 0 0 0 -1 0 0 -1 0 1 1 -1 -1 -1 0 0 -1 1 0 0 0 0 0 -1 1 1 0 1 0 0 0 -1 1 0 1 -2 0 0 0 0 0 -1 1 0 2 0 0 0 1 0 0 0 -1 0 -1 1 -1 -1 0 0 0 -1 -2 1 0 -1 2 -2 2 1 0 0 -1 0 1 0 -1 -1 0 0 0 0 0 0 1 0 1 0 0 0 0 0 -1 0 -1 0 -1 2 -1 0 0 0 0 0 0 1 0 0 1 0 1 0 2 0 0 1 -1 0 0 0 0 0 0 -1 0 0 1 -1 1 0 0 0 -1 0 0 2 0 2 1 0 0 0 1 1 1 0
1 1 1 -1 -1 1 -1 1 2 2 0 0 3 -1 0 -1 0 0 0 1 0 0 0 0 2 1 0 0 -3 0 0 1 0 0 1 0 0 -1 0 0 1 0 0 0 0 2 1 0 0 -1 -1 1 0 2 0 2 0 0 0 0 0 0 0 0 -1 -1 1 0 2 -1 0 0 0 0 1 -1 0 -1 0 0 0 0 0 0 0 0 0 -1 2 -2 0 -1 0 1 1 0 2 0 1 1 0 -1 -1 0 0 -1 0 1 -1 0 0 0 0 0 0 3 0 -2 0 0 -1 0 0 0 0 0 0 -1 0 0 0 1 -1 0 3 1 -1 0 0 -1 0 0 1 -3 0 0 -2 -1 1 0 -1 1 0 0 1 0 0 3 0 1 0 0 1 0 -1 1 19 -1 0 0 0 0 0 -1 0 -2 -1 1 1 0 -2 0 -1 0 0 -1 0 -2 0 1 -2 0 -1 1 0 1 0 0 -3 -1 0 1 -2 0 0 0 0 -1 0 0 2 0 -1 1 0 0 0 0 0 0 0 0 0 1 0 0 1 -1 0 0 1 0 0 1 -1 0 0 1 0 1 0 -3 0 0 0 0 1 0 0 -2 0 0 -2 1 -2 -2 1 0 1 0 0 1 0 0 1 2 0 -2 -1 0 1 0 1 0 0 0 0 1 -2 -1 2 0 -1 -2 -1 0 1 0 0 -2 -1 0 0 0 0 2 1 -1 4 0 0 3 2 0 2 0 0 -1 0 -2 0 0 0 0 1 0 2 1 0 2 0 0 1 -1 1 0 0 -1 -1 1 -1 0 -1 -1 1 0 0 0 0 0 -1 0 0 1 0 0 -1 0 1 0 1 1 0 -1 0 0 -1 0 0 0
0 -1 -2 0 0 0 1 0 0 2 -1 0 0 1 0 0 0 0 2 -1 1 1 1 -1 0 0 0 0 0 0 0 0 0 1 0 0 1 0 0 0 -2 -1 1 0 0 0 0 0 0 0 0 0 1 1 1 1 -1 0 0 0 0 0 0 0 1 1 -1 0 0 0 0 1 1 0 0 0 1 1 0 1 0 0 0 1 0 0 1 2 0 0 -1 -2 0 0 1 0 0 1 -1 0 0 0 0 0 0 0 0 -2 0 -2 3 -1 0 1 0 0 0 -1 0 0 0 -1 0 1 0 0 -1 -1 -1 0 0 0 0 0 0 2 0 1 0 0 0 0 0 1 0 0 0 0 0 -2 0 0 0 1 -1 0 0 0 -1 2 -2 0 1 0 1 0 -1 13 0 1 1 -1 0 0 0 0 0 0 0 0 0 0 0 0 0 -1 0 -1 0 0 -1 0 1 0 1 0 0 0 -2 0 1 0 0 -2 1 0 1 -1 0 0 -1 1 -2 1 -1 0 0 0 0 0 0 0 0 0 1 1 0 -2 -1 0 0 -1 -1 0 1 0 0 0 0 -1 1 0 0 0 1 0 0 -1 2 0 0 -1 0 -1 0 2 0 2 0 0 0 0 -1 1 -1 0 0 1 0 1 -1 -1 0 0 0 0 0 0 2 1 1 2 -2 0 0 2 0 0 0 0 1 -1 -1 1 1 -1 1 1 0 1 0 0 1 0 0 2 1 -1 2 1 0 1 1 0 1 -1 0 0 0 1 0 0 -1 4 0 0 1 0 1 1 0 0 1 2 3 0 0 0 1 2 1 -1 -1 0 0 -3 2 1 0 0 0 0 0 3 0 0 0 0 0 2
0 1 0 0 1 -1 0 -1 0 0 0 -2 -1 -1 0 2 1 1 1 0 0 0 0 0 0 1 0 -1 -1 0 0 1 0 0 1 -1 -1 0 2 0 -1 0 -1 1 0 0 1 0 -1 -1 -2 0 0 0 0 1 1 -1 -1 0 0 0 0 0 0 0 -1 0 -2 1 0 0 0 -1 0 0 -1 0 0 -1 -2 1 0 0 0 -1 1 0 0 1 1 0 -1 1 0 0 0 0 0 1 0 0 1 -1 0 1 1 -1 -1 0 -1 1 0 0 -1 0 2 -1 0 0 0 0 2 0 0 0 2 1 -1 0 0 -1 1 0 1 0 2 0 0 0 0 1 0 2 0 0 1 1 0 0 0 0 0 0 0 0 0 2 -2 2 0 0 -1 -1 0 0 0 0 15 0 1 0 1 -1 0 -1 0 0 0 1 -3 1 0 0 1 0 0 0 0 0 0 -1 1 0 0 0 0 1 -1 0 1 0 1 0 1 0 0 -1 0 1 -1 1 1 1 0 0 1 -2 0 0 -1 0 0 0 -1 0 2 -1 2 0 1 1 0 0 0 -1 -1 -1 1 0 0 0 -1 -1 1 -1 -1 -1 0 1 0 0 0 -1 1 1 1 2 0 0 0 0 1 0 -1 1 0 -1 0 0 0 0 0 1 1 0 1 0 0 0 0 3 1 0 0 0 0 0 0 0 -1 0 0 1 -1 0 0 0 -1 -1 0 -1 -1 0 0 0 0 1 2 0 0 0 0 2 1 -1 0 0 1 0 0 -1 -1 1 0 0 2 0 0 0 0 1 1 0 1 1 -1 0 1 0 0 1 0 0 0 0 0 -2 2 0 -1 0 0 -1 0 0 -1 0 1 0
2 0 0 -1 0 0 0 -1 0 0 0 0 0 1 -2 -1 0 1 0 1 1 0 -1 1 -1 2 0 -1 -1 1 0 0 -1 0 1 0 -1 0 0 0 -1 -1 1 0 1 0 0 0 0 0 1 -2 0 1 0 0 -1 0 -1 1 0 0 1 -1 0 -1 -1 -1 1 -2 1 0 0 0 0 0 1 -1 0 0 0 0 0 0 1 1 0 0 0 0 0 -1 0 -1 0 1 0 0 0 0 1 -1 0 1 0 0 0 0 1 0 0 0 0 0 1 0 0 1 0 0 1 -1 0 1 0 1 0 0 0 -1 1 -1 0 1 1 0 0 0 0 -1 0 2 0 0 0 0 -1 1 1 -1 1 1 2 0 -1 -1 0 0 1 2 2 0 -1 0 -1 3 0 1 0 13 -1 -2 0 0 -1 0 -1 0 0 0 1 0 0 1 -1 0 0 -1 -1 -1 -1 0 1 2 1 0 -1 0 -1 0 1 0 0 -1 0 1 0 0 0 0 1 1 0 0 -1 0 0 1 0 0 0 2 -1 0 0 0 0 2 0 -1 -1 1 0 -1 1 1 1 -2 2 0 0 1 0 0 1 -1 0 0 0 1 1 0 0 1 0 0 0 0 0 0 0 0 0 0 0 -1 0 0 -1 0 0 -1 0 0 1 0 -1 1 1 0 1 1 1 -1 0 -1 0 0 0 1 1 0 0 2 0 0 0 -2 0 0 1 -1 0 0 1 0 0 0 0 0 0 1 -1 -1 0 2 0 -1 0 0 1 2 0 1 1 0 0 0 0 0 -1 -1 0 1 0 0 2 0 1 2 1 0 0 2 0 -1 1 0 0 0 1 2 0 0 1 0 0 0 0 1
-1 -1 -1 0 1 0 1 1 2 1 -1 0 0 1 1 1 0 -2 0 0 -1 1 -2 0 1 0 0 2 0 1 0 0 -1 0 -1 0 -1 1 0 -1 1 -1 1 1 0 -1 0 2 1 0 0 2 0 -1 0 1 -1 -1 -1 -1 0 0 -1 1 0 1 0 -1 0 2 0 0 1 -1 0 0 0 1 0 0 0 1 0 0 0 0 -1 0 0 -1 0 -1 0 -1 0 0 0 1 0 0 -1 -1 0 0 0 -1 0 0 0 -1 -1 1 0 2 0 0 0 2 0 -2 0 -1 0 1 0 0 0 -1 -2 0 -1 0 0 0 0 -1 0 0 1 0 0 -1 0 1 -1 -2 0 -1 0 -2 -1 -1 1 1 0 -1 -1 0 0 -1 0 1 -1 1 0 0 0 1 1 -1 18 0 -1 1 -1 0 1 0 -2 -2 1 0 1 0 2 0 0 0 0 1 0 0 0 -1 0 0 0 2 0 0 -1 0 0 1 1 -1 -1 -1 0 0 1 -1 0 -1 1 0 1 -1 -1 -1 0 -1 -1 0 0 1 -1 -2 0 1 0 0 0 0 0 -1 0 0 0 1 0 0 2 0 0 0 0 0 0 -2 -1 1 0 -1 1 0 1 2 1 0 -1 -1 0 -1 -1 0 0 1 1 0 -2 0 0 1 0 0 0 -1 -1 1 0 0 -1 0 0 4 0 0 1 0 -2 0 -1 0 -1 0 1 2 -1 0 1 3 -1 0 1 0 1 0 0 0 1 0 0 -1 -1 0 0 0 2 0 0 2 1 0 0 0 1 2 0 0 0 0 0 0 0 0 -1 0 -1 0 -1 0 0 -1 -1 -2 -1 1 1 3 -1 -1 -1 0 0 0 0 0 0 0
1 0 0 -1 1 0 0 0 0 -2 0 0 0 -1 1 1 0 1 0 1 1 1 2 -1 1 1 1 1 1 0 0 -1 2 0 0 0 1 0 0 -1 2 1 0 1 1 1 0 -2 -1 1 0 -1 0 1 1 0 0 -1 0 -2 -1 2 1 1 0 -1 2 0 2 0 0 1 1 2 1 0 0 1 0 -2 0 -1 0 0 -1 1 1 0 0 1 0 1 0 2 2 0 0 0 0 -3 2 2 1 1 0 3 -2 0 0 -1 1 1 -1 -1 -2 0 0 0 0 1 1 1 0 0 0 1 1 0 2 1 0 0 -2 0 0 0 0 1 0 1 1 1 2 0 0 0 -1 1 -1 0 1 1 -1 1 0 0 1 -1 0 0 2 0 0 0 -1 0 0 -1 0 -2 0 17 1 -1 1 0 -1 -1 0 1 1 0 1 -1 1 -1 -1 -1 -1 0 1 -1 0 1 -2 0 0 0 0 -1 1 0 2 0 0 1 0 1 0 1 0 1 0 1 0 0 1 -1 1 -2 -1 -1 0 1 1 -1 2 -1 -1 -1 1 -1 0 0 0 0 1 -1 0 -1 0 0 0 1 2 0 1 0 0 0 -2 1 -1 -1 1 0 -1 -1 -1 0 0 0 2 0 0 0 0 -1 0 0 0 1 0 -1 0 0 0 0 0 0 0 -1 -2 1 1 0 -1 1 1 0 0 0 2 0 1 1 0 0 0 -2 2 0 0 0 1 -1 0 0 1 0 0 0 0 1 1 -1 1 0 -1 0 0 -2 -1 0 2 1 0 1 1 0 1 0 0 0 0 -1 -2 0 -1 -1 2 0 0 -2 0 1 1 1 1 0 0 0 0 0 0 2 2 0 0 0
2 -1 2 -1 -2 0 0 0 1 0 0 -1 0 -3 0 -1 0 0 1 0 1 0 3 -1 0 -2 -1 -1 0 -1 0 0 2 0 0 -1 -2 0 2 0 0 -2 1 0 0 1 0 0 0 0 0 0 -1 -1 0 0 -1 1 1 0 0 -2 1 0 0 1 1 1 0 0 -1 0 -1 1 0 1 0 1 0 0 0 0 1 -1 0 0 0 0 0 1 1 0 0 0 1 0 -1 0 -2 0 1 0 1 -1 1 0 1 -1 0 0 1 0 0 -2 -1 1 0 0 0 2 -1 2 0 1 -1 3 0 1 -1 -1 0 0 0 1 1 0 1 0 0 1 0 0 1 1 0 -1 0 0 0 -1 -1 0 0 1 1 -1 0 -1 -1 1 -2 0 1 -1 0 -1 0 0 1 0 -1 1 21 0 -1 1 -5 0 0 1 0 0 -2 -2 0 -1 -3 1 -1 -2 -1 1 -1 0 -1 1 -1 0 -1 0 1 -1 0 -1 0 0 0 1 0 1 -1 1 3 -3 -2 0 2 0 1 -3 0 -1 0 -1 1 0 1 0 0 -1 1 -1 0 3 0 0 0 -2 0 0 -1 1 1 1 0 0 0 0 1 0 1 0 1 -1 0 1 0 0 -1 0 -1 -1 0 0 2 1 0 0 0 0 1 0 1 1 0 1 -1 0 0 2 0 1 0 0 0 2 -1 0 -3 0 -1 0 1 2 0 1 -2 1 0 0 0 0 0 2 0 0 -1 0 2 0 -1 -1 -1 0 2 1 0 0 -1 0 0 -1 0 -1 3 0 0 1 1 -1 0 1 1 0 0 0 0 2 0 0 -3 0 0 1 1 -1 0 1 1 -2 -1 0 0 0 0 0 -1 0 0 0
-1 0 1 0 -1 2 0 0 1 1 1 0 1 0 -1 1 -1 -1 -1 1 0 1 0 0 0 1 -1 -1 0 0 0 -1 0 0 0 0 2 0 0 0 0 0 3 0 0 -1 0 0 0 1 -1 1 0 0 0 -2 0 1 -1 1 0 -1 1 0 0 -1 0 0 1 -1 1 0 2 0 0 0 1 1 0 0 1 2 0 0 0 1 0 0 0 0 0 0 1 -1 -1 -1 0 -1 0 0 0 0 0 0 0 -1 0 0 1 0 2 1 1 0 0 0 0 0 0 1 -1 1 -1 1 2 1 1 0 0 0 0 0 2 0 -1 2 0 1 0 0 1 0 -1 0 0 0 1 0 0 0 2 -2 3 0 1 1 0 0 -1 0 0 0 2 0 -1 0 -1 0 -1 0 1 -1 0 15 -1 1 1 0 1 -1 -1 -1 1 0 0 -1 0 0 0 0 1 1 0 0 1 -1 1 -1 0 0 0 1 -1 0 0 0 0 1 1 -1 0 0 -1 0 1 1 0 -1 0 1 1 -1 -1 -1 2 0 3 0 1 1 1 -2 0 1 0 0 0 -1 0 0 0 0 0 -1 0 0 0 0 0 1 0 0 1 0 2 0 0 1 0 1 2 1 0 1 0 -1 0 0 -1 -1 0 1 0 1 0 0 -3 0 0 0 0 1 1 0 0 0 0 0 0 1 0 0 0 -1 1 1 1 0 1 1 -1 -1 0 1 1 1 2 0 -2 0 0 -1 0 0 -1 0 -1 0 0 0 -2 0 1 0 -1 2 3 0 0 2 0 -1 0 0 0 -1 1 0 2 -1 0 1 -1 0 0 0 1 -1 1 -1 0 1 -1 0 -1 0 0 0 1 0
1 0 1 1 0 0 -1 0 -1 0 -2 1 0 0 -1 -1 -1 1 0 -1 0 -2 2 0 0 1 -2 0 1 0 0 0 0 0 1 -1 0 0 0 0 1 2 -2 1 0 0 0 0 -3 0 2 1 1 0 0 2 1 1 0 -1 1 0 -1 1 0 0 -1 1 -1 1 -1 1 0 0 -1 0 -1 0 -1 0 0 -1 -1 0 0 0 0 0 0 -1 -1 0 0 0 0 0 0 0 0 0 0 1 0 0 0 0 -5 0 1 -1 0 1 0 0 0 0 1 1 0 0 0 1 0 0 2 1 0 0 0 2 0 1 0 -1 1 0 -1 1 0 0 0 0 1 -1 1 0 0 1 1 1 -2 -1 -2 0 1 -1 -1 0 1 1 0 0 1 -3 0 0 0 0 0 -1 -1 1 -1 -1 17 -1 0 0 -1 -1 1 1 1 0 0 -3 0 2 0 0 1 -1 2 -1 -1 0 1 -1 0 0 0 1 1 1 -1 -1 -2 -1 0 1 2 -1 0 0 0 0 0 0 0 1 0 0 0 0 -1 0 -2 0 -1 0 0 -2 0 -1 0 -1 0 3 -1 0 0 0 0 1 1 1 -1 2 0 0 0 0 1 0 0 1 1 -1 1 0 1 0 1 -1 1 -1 -1 -1 0 0 -1 0 1 -2 1 0 0 0 -2 0 0 0 -1 -1 1 0 1 0 0 0 0 0 0 0 0 1 3 -1 -1 2 0 0 -1 -1 0 0 1 -1 2 0 0 0 1 1 0 -1 0 0 0 1 1 0 0 0 0 0 -3 0 -1 0 1 1 0 0 0 0 0 0 1 0 0 1 0 1 0 1 0 1 2 0 -1 0 0 0 0 -1 -1 0 0 -1
1 0 -1 2 0 0 0 1 1 1 0 0 -1 1 1 1 -1 0 0 1 0 1 1 0 -1 0 0 -2 1 0 1 0 1 0 0 1 0 0 0 -1 0 0 1 0 1 0 0 0 1 1 0 0 1 -3 1 0 0 0 0 1 0 0 2 2 0 0 0 -1 1 -1 1 0 0 1 -2 0 0 0 0 0 0 0 1 0 1 -1 -1 0 0 1 1 0 1 0 0 0 0 -1 0 0 0 0 1 0 1 -1 2 0 1 1 -1 0 0 0 -1 0 0 -1 0 0 0 0 -1 0 1 0 0 0 0 0 0 1 1 0 -1 1 -1 0 0 0 1 0 -1 0 -1 -1 1 1 1 2 1 1 1 0 -1 1 0 -1 0 -1 -2 2 0 0 0 -3 -2 0 -1 0 0 0 1 1 -1 13 -1 0 0 -2 1 0 -1 0 0 0 -1 0 -1 0 1 0 0 1 1 1 0 1 0 1 0 -1 0 0 1 -1 1 0 0 0 -1 0 0 0 0 0 -1 0 -1 -1 0 1 0 0 0 0 -1 0 -1 0 2 -1 0 0 1 0 0 -1 0 0 0 0 0 1 -1 2 0 1 -1 2 0 0 -1 0 0 -1 -1 0 -1 0 1 0 0 1 1 0 0 0 1 0 -1 0 0 0 0 0 0 0 1 2 0 2 0 0 0 -1 0 0 0 0 0 0 0 0 0 1 0 0 0 0 -1 0 0 0 1 0 -1 -1 0 0 1 0 0 2 0 0 1 0 0 -1 0 0 -2 1 -1 0 1 1 0 -2 1 1 0 0 1 0 0 0 0 0 0 0 0 -1 -1 0 0 0 -1 0 0 1 0 0 0 0 -1 0 -1 0
2 -1 1 0 1 0 1 1 1 1 0 0 -1 0 -1 0 -1 1 0 1 -1 0 0 1 -1 2 -1 0 0 1 1 1 2 2 0 2 2 0 1 1 0 1 -3 0 0 0 0 0 -1 -1 1 1 -1 0 0 0 1 0 0 -2 -2 0 0 0 1 -3 1 0 -1 2 -1 0 0 -2 0 -2 2 1 -1 0 0 2 -1 0 0 1 0 1 -1 1 0 0 -1 0 1 1 2 1 -1 0 -3 1 1 -1 0 2 0 1 1 0 0 0 -1 0 1 0 1 0 1 0 0 1 1 0 3 -2 -1 -2 -2 -2 -1 -1 -1 -1 1 1 1 1 0 1 -2 -1 0 0 0 1 0 1 0 1 0 0 1 -2 -1 1 -1 3 0 1 1 1 0 2 1 2 -1 0 0 -1 1 -1 -5 1 0 -1 30 0 0 3 4 1 0 3 0 1 2 2 2 -1 1 2 2 0 0 0 0 0 1 0 1 -3 -3 4 0 -1 0 0 -1 2 -1 3 1 -1 0 -1 1 -1 -1 3 1 0 0 2 0 1 1 1 -2 1 -1 1 0 0 -1 -1 0 1 -1 -2 0 1 0 0 1 0 -1 -1 1 0 -1 0 0 0 1 -2 0 1 2 2 2 0 2 0 -1 2 0 -1 1 0 0 -1 -1 0 2 0 0 1 -1 0 1 1 0 2 2 2 -1 2 1 -1 -1 0 2 0 -1 0 1 2 0 -1 1 2 0 0 0 2 -1 0 1 1 -1 3 0 -3 1 0 -1 0 0 2 -1 -1 -2 3 0 1 0 -3 1 1 0 1 1 0 -1 0 -1 0 -2 -1 1 2 0 1 1 -1 0 1 1 4 1 0 0 1 0 -1 2 -1 0 -1
0 0 0 0 1 0 1 -1 0 1 0 0 0 -1 4 -1 0 2 0 3 0 -1 0 0 0 0 1 1 -1 -1 0 -1 -1 -1 0 0 -1 2 0 0 0 1 1 1 1 1 1 0 0 0 0 0 0 0 0 0 0 -1 -1 0 2 0 0 1 0 1 0 0 1 0 0 0 -2 1 0 0 0 0 0 2 0 0 0 0 2 1 0 -1 0 0 1 0 0 0 0 -1 -1 0 0 1 0 0 0 0 0 0 0 -2 0 3 1 -1 -1 -3 1 0 0 0 0 0 0 1 0 0 0 2 0 0 1 2 0 0 1 2 0 1 -1 -1 0 1 0 0 2 0 0 -1 0 0 1 1 0 -1 0 0 -1 0 0 0 1 0 -1 2 1 0 1 0 1 0 0 0 0 -1 0 0 0 0 0 14 -1 -1 1 0 0 -1 0 -1 0 0 1 2 0 0 0 1 0 1 0 0 -1 0 1 0 0 0 0 -1 2 0 1 0 1 0 -1 -1 0 0 -1 0 -2 -1 0 0 0 -1 2 -1 0 0 0 -2 0 1 -1 0 1 0 -2 0 1 0 0 0 0 0 1 0 0 0 0 0 -1 0 1 0 0 1 0 0 1 0 2 -1 0 -1 0 1 0 1 0 -2 0 0 -1 0 -1 2 0 1 -1 1 -1 0 0 -2 0 0 -1 -1 0 -2 0 1 1 0 0 0 0 0 1 -1 0 2 0 0 0 0 0 0 0 -1 -1 0 1 0 1 -1 0 0 1 1 0 -1 0 1 2 -1 0 0 0 0 1 0 0 1 0 0 1 0 0 0 0 0 -1 0 1 -1 0 0 0 0 2 0 0 1 1 0 0 0 0 0
0 1 0 0 0 -1 0 -1 -1 0 -1 0 0 0 -1 0 0 0 0 0 0 0 1 0 -1 -1 -2 -1 0 0 0 1 1 0 1 0 1 -1 -2 -1 -1 1 1 -2 1 1 -1 0 0 0 -1 -1 2 4 0 0 0 0 0 0 0 0 1 -1 0 1 0 0 1 0 1 0 4 -1 -2 -1 0 -1 1 0 0 1 0 1 -1 -1 1 -1 0 2 2 -1 0 0 0 -1 1 0 -1 0 2 0 1 0 -1 -1 0 0 1 0 1 0 1 0 0 0 0 -2 0 1 0 1 1 0 0 1 1 0 1 0 0 -1 0 0 2 -1 0 -1 1 -1 0 1 0 0 1 1 0 0 0 -1 0 0 0 0 -1 1 0 1 0 -1 3 0 1 0 0 0 1 0 0 0 -2 0 0 1 -1 0 0 -1 18 0 0 0 0 1 1 2 0 0 0 -2 -1 -1 0 0 -1 -1 0 -2 0 0 -1 0 1 -1 1 1 0 -2 1 -1 0 0 0 0 -1 0 2 2 -1 0 0 1 0 0 -1 -1 0 1 0 0 3 -1 0 0 0 0 0 0 -1 0 1 0 0 0 0 -2 2 -1 0 0 0 -1 2 0 -2 0 0 0 0 -1 -1 0 -1 0 0 0 0 0 -2 0 0 0 0 1 0 1 0 0 0 -1 -1 0 -2 0 0 0 0 1 0 1 -2 0 0 -1 0 0 1 0 -1 0 1 -1 0 1 -3 0 0 0 0 1 0 1 0 2 0 0 1 0 1 -1 -1 -1 0 -1 0 1 0 -1 0 -1 0 1 0 0 0 -3 -1 0 2 0 0 0 -1 0 0 0 0 0 1 0 2 0 0 -1 0 3 0 -1 -1 0
0 0 1 0 1 -1 3 1 0 -1 2 0 0 1 0 1 0 0 0 0 0 1 -1 0 -1 -1 1 2 0 1 -1 1 1 1 0 0 0 1 1 -1 1 2 0 1 0 0 0 -2 -2 -2 1 0 1 1 -1 0 0 1 1 -1 0 0 3 -1 1 -5 1 0 2 1 0 1 2 -1 -1 1 1 -1 -1 -1 1 1 -2 -1 -1 -1 -1 3 0 -4 1 0 0 1 0 0 0 1 0 -3 0 0 1 0 -1 0 -1 -1 1 1 -1 1 -1 0 -1 0 1 1 -1 0 2 0 2 -1 0 0 0 -1 1 -1 0 -3 1 0 2 -1 2 0 1 1 0 0 0 0 1 0 0 1 -1 0 1 4 1 -1 0 1 1 2 -1 0 0 0 -1 0 0 0 0 0 1 0 -2 1 1 -1 -1 -2 3 -1 0 23 1 1 0 0 0 2 1 1 -1 0 0 0 2 2 -2 1 1 -2 0 0 3 -1 0 0 0 -1 0 0 1 0 0 0 3 0 0 0 3 3 0 1 0 -2 0 0 1 0 0 -1 0 0 0 1 1 3 -1 1 1 0 0 0 -2 0 1 0 1 -2 -1 -1 0 0 0 0 0 1 0 -1 0 -1 0 -3 1 2 0 3 1 -1 0 1 1 -1 1 -1 0 0 0 -1 0 0 1 0 1 -2 -1 0 0 0 0 1 1 0 -1 0 1 2 0 -2 0 -1 1 -2 1 -2 0 0 -1 1 1 0 -2 0 0 0 0 -1 1 1 -1 2 -1 0 -2 -2 2 -1 1 0 0 0 1 0 -1 1 0 1 -1 1 -1 0 1 1 0 1 0 -2 -1 0 0 1 -1 2 0 0 1 1 0 1 0 -1 -1 0
4 0 1 0 0 2 1 0 0 0 -1 0 0 0 -1 1 -1 2 0 -1 1 1 0 1 -1 -1 0 1 1 1 0 1 0 0 0 0 0 1 0 0 -1 0 1 1 1 -1 0 0 -1 2 1 -2 0 0 1 0 1 -1 1 -1 0 2 -1 0 1 0 0 1 2 1 0 0 2 0 1 0 2 0 -1 0 3 0 0 0 0 0 -2 1 -2 1 0 1 0 0 2 1 0 0 0 -2 0 0 1 1 0 0 0 2 1 0 0 -1 -1 0 0 -1 0 2 0 0 0 1 0 -1 1 1 0 0 0 3 1 0 -1 0 1 -1 0 0 3 0 -1 -1 2 0 0 -1 1 -1 -1 -2 1 0 1 0 1 1 0 1 2 0 0 0 2 0 0 0 -2 0 -3 1 1 1 0 -1 1 1 4 1 0 1 21 1 1 1 0 -1 -1 0 0 -1 0 0 2 1 0 0 0 0 0 0 3 -1 0 1 -1 1 -1 0 -1 -1 0 -1 0 -1 1 0 0 2 0 0 0 0 1 0 0 2 -1 4 0 -1 0 -1 0 0 -1 3 1 1 -3 -2 0 0 2 1 2 1 0 0 0 0 0 -1 1 0 2 0 1 -1 -1 -1 2 0 1 -1 1 0 0 1 1 0 0 1 0 -1 1 0 1 0 0 -1 -1 1 0 0 2 2 -1 1 0 0 1 0 0 1 1 1 1 2 1 1 2 -1 0 0 0 0 1 -1 -1 0 0 2 1 -1 1 0 0 -1 0 1 -1 1 2 2 0 0 1 1 0 1 1 0 -1 -1 0 -1 1 2 -1 1 0 3 -1 0 -1 0 0 2 0 1 1 0 1 0 0 -1 1 -1 -1 1
0 1 0 2 0 1 0 1 0 0 -1 0 0 0 0 2 -1 0 0 0 0 0 0 0 0 0 0 1 0 0 0 0 0 0 2 -1 0 0 0 0 0 0 0 0 0 0 0 0 0 0 1 0 0 0 -1 -1 0 0 1 0 1 1 1 1 1 0 0 0 0 1 -1 0 0 0 0 0 0 0 0 0 -1 0 0 1 0 0 0 0 0 -1 0 0 0 0 -1 1 0 0 0 1 0 0 -1 1 0 -1 0 0 0 0 0 0 0 0 0 0 0 1 -1 1 -1 0 -1 -1 1 0 0 0 0 0 1 -2 0 0 2 0 0 1 -1 0 0 0 0 0 0 1 1 0 0 -1 0 0 -1 0 0 -1 0 0 -1 1 -1 -1 1 -1 1 0 0 0 1 0 0 0 0 -1 1 0 1 0 0 1 1 10 1 0 0 0 0 0 0 0 0 1 1 0 -1 0 1 0 0 1 -1 0 -1 0 -1 0 -1 -1 0 1 0 0 0 0 1 -1 0 0 1 1 0 0 0 0 -1 0 0 0 1 0 0 1 0 0 0 0 0 1 0 0 -1 0 1 0 0 0 0 0 -1 1 0 -1 0 0 1 -1 0 2 0 -1 -1 0 0 1 0 1 0 1 1 0 0 0 0 -1 -1 -1 0 0 0 0 0 0 0 1 1 0 0 0 -1 -1 0 0 -1 1 0 0 0 0 0 0 0 0 2 2 0 0 2 0 0 0 0 0 0 1 1 0 0 -1 0 0 1 -1 0 0 0 1 0 1 1 0 0 0 0 0 1 0 0 0 0 1 1 -1 0 -1 -1 0 0 1 0 1 1 2 1 -1 0 0 0 0 -1 0
0 1 -1 0 -2 2 0 0 -1 1 -1 1 -1 2 -1 0 0 -2 1 -1 1 1 0 -1 0 0 1 0 0 0 -1 0 0 0 1 -1 0 1 -2 1 0 1 0 0 -1 0 1 0 0 0 2 0 1 1 0 0 -2 0 0 1 0 0 -1 0 0 0 1 1 -1 -1 -1 0 2 0 -1 0 2 0 0 0 0 1 1 -1 -1 1 0 1 0 0 2 0 1 -1 0 0 0 0 2 -1 0 -1 -1 1 0 0 -1 0 1 1 0 1 -1 0 1 0 1 1 0 0 -1 0 0 0 1 0 0 0 -1 2 1 0 0 0 0 -1 -1 0 1 0 0 0 0 -1 0 0 0 -1 -1 0 1 0 0 1 0 -1 3 0 0 -1 1 -1 0 1 0 -1 -1 0 0 0 1 1 -2 1 1 -1 0 0 0 0 1 1 15 0 1 1 0 0 0 2 0 0 1 -1 1 0 3 1 0 0 0 0 0 1 -2 0 -1 0 -1 1 0 0 -1 1 0 -1 2 0 1 0 0 0 0 0 1 0 -1 0 -1 0 0 0 1 0 -1 -1 2 1 0 0 0 2 0 -1 0 0 0 -1 -1 0 -1 0 2 0 3 -1 0 0 0 1 -1 1 1 0 -1 0 0 2 1 1 0 0 0 0 0 0 -2 0 2 0 1 1 1 1 0 1 0 0 1 1 2 0 3 0 1 0 0 -1 0 0 -1 0 1 0 0 0 2 -1 0 0 1 2 1 0 1 0 1 0 1 0 0 1 2 1 0 0 0 0 -1 0 1 -1 0 0 -2 0 0 0 -1 0 2 0 -1 0 -1 1 0 0 0 0 0 0 -1 -1 0 1 0 0 1 1
2 1 0 0 1 -1 1 0 -1 0 0 0 1 2 0 1 1 -1 1 1 0 0 0 0 0 0 -1 -1 0 1 0 1 0 0 1 0 0 0 2 0 0 0 -3 0 1 0 1 0 -1 0 0 0 0 -1 0 0 0 0 -2 0 0 0 2 0 0 -1 1 0 0 0 0 0 1 -2 0 -1 0 0 0 0 0 0 0 0 -1 0 0 -1 1 0 0 0 0 0 -1 1 -2 0 0 1 -2 -1 0 0 0 0 1 0 1 -1 1 1 0 0 1 0 0 0 0 0 0 1 0 1 1 -2 0 0 0 0 0 0 0 0 0 -1 0 0 0 0 0 0 1 0 0 0 0 0 1 0 -1 1 0 -1 -1 0 0 0 0 -1 0 0 -1 1 1 0 0 0 0 1 0 -1 -2 0 0 0 3 -1 1 0 1 0 0 12 -1 -1 1 0 0 -3 0 0 1 2 1 -3 0 -1 1 1 0 1 0 0 0 1 1 0 0 0 0 0 0 0 0 0 1 1 -2 1 0 1 0 0 -1 0 0 1 0 1 0 0 0 0 0 -1 0 0 0 0 0 0 1 0 0 0 0 1 -2 0 1 0 0 0 0 0 0 0 0 1 0 0 0 2 -1 1 -1 0 0 0 0 0 -1 0 2 1 0 0 0 0 0 0 0 1 1 0 2 1 0 0 1 0 0 1 1 0 -1 0 0 0 1 0 1 -1 0 1 0 0 0 1 -1 1 0 0 0 0 0 0 0 0 1 1 -1 2 0 0 -1 0 0 0 -1 1 -1 2 0 0 -1 0 -1 0 2 0 1 1 0 0 -2 0 0 0 0 0 -1 -1 0 0 -1 -1 -1 0
0 1 -1 0 1 -1 0 0 -1 0 0 -1 0 -1 -1 1 0 0 0 -2 -1 0 0 -1 1 0 0 0 0 0 -1 0 0 0 0 0 2 1 0 1 0 0 1 0 1 0 0 1 0 0 -2 0 1 2 0 0 -1 1 1 1 0 -1 0 0 2 0 0 -1 -1 1 0 0 1 0 0 1 1 0 0 0 0 -1 0 0 0 0 0 0 0 2 0 -1 2 1 0 0 0 -1 0 0 -1 0 0 0 0 1 0 0 0 0 -1 0 0 1 1 0 1 0 0 1 -1 0 0 0 0 0 0 0 0 0 0 0 0 -1 2 0 1 0 0 0 0 0 -1 -1 0 -1 0 0 0 0 0 0 1 1 1 0 0 0 0 1 0 0 1 0 -1 -1 0 0 1 -1 2 1 0 0 0 0 0 0 1 0 0 0 1 -1 14 -1 0 1 -1 0 -2 0 1 0 -1 1 1 1 1 -1 0 0 0 1 1 -1 0 0 0 1 1 0 1 1 0 1 0 -1 0 1 0 0 0 1 0 0 1 0 -1 1 0 1 1 0 0 0 0 0 0 0 0 0 0 0 0 0 -1 1 2 -1 0 0 0 0 -1 0 1 2 0 0 0 -1 -1 0 0 0 1 1 0 0 0 0 1 0 0 0 0 0 0 0 -1 1 -1 0 0 0 2 0 -2 0 -2 1 0 1 -1 0 0 0 -1 0 0 0 -1 2 0 1 1 0 -1 -1 2 0 0 0 -1 0 0 0 1 0 0 0 -1 0 0 0 0 0 0 1 -1 0 0 -1 0 -1 0 0 1 0 -1 0 0 1 1 0 0 0 1 1 0 1 0 0 0 0 0 0 -1 0
-3 0 -1 0 0 1 1 -1 -2 -1 0 0 0 0 1 0 0 0 1 -1 0 0 0 1 0 -1 1 -2 -1 0 0 0 -1 0 -1 -1 -1 1 0 0 0 1 -1 1 1 -1 0 0 1 0 0 0 -1 0 -3 -1 -1 -1 0 0 -1 0 1 1 -1 0 -2 -1 1 -1 -1 -1 -2 -1 0 0 1 0 1 -1 0 0 -2 0 0 1 2 0 2 1 1 0 0 -2 0 0 1 2 3 -1 1 2 0 0 -1 2 5 0 -1 1 -4 0 1 1 1 -2 -1 -1 0 0 -1 -2 2 1 0 2 -2 1 0 0 0 -1 -1 0 0 0 1 1 -1 1 -2 0 0 0 1 0 0 -1 0 -1 2 0 0 0 -1 0 -1 1 1 -1 2 -1 0 2 0 -1 -1 -1 0 0 0 -1 -1 -1 -3 0 1 -1 2 2 -1 0 1 -1 -1 26 0 2 2 0 1 1 1 -4 1 1 1 1 1 0 -2 0 -2 2 -1 -2 2 -1 0 1 2 -2 1 0 -1 0 2 1 -1 3 0 0 1 -1 1 0 -1 -1 0 -1 1 3 1 -2 0 0 1 2 0 1 0 0 0 -1 0 0 -1 1 0 0 -1 0 1 -1 -1 -3 0 1 -1 -2 -2 1 0 -1 -1 2 1 0 0 0 0 -1 0 0 -1 0 0 0 0 0 -1 0 0 2 0 0 0 0 1 1 1 0 -1 2 0 -1 0 -1 -2 -1 3 1 1 1 -1 0 0 0 -1 0 1 0 1 -1 0 0 0 -2 -1 -1 0 -1 1 0 2 0 1 0 -2 -1 1 0 0 1 0 0 -1 0 0 0 1 -1 0 -1 -1 -2 1 0 0 0 1 1 1 1 0 1 0 -2 3 1
0 1 0 0 0 1 -1 -1 0 1 1 1 0 0 0 0 0 0 1 1 0 1 -1 0 0 0 0 2 0 0 0 0 0 -1 0 -1 2 0 0 -1 -1 1 -1 2 -1 -1 1 1 0 -1 0 0 0 0 0 0 1 0 -1 0 0 0 0 0 0 -1 1 1 -1 1 0 -1 -1 1 0 0 2 0 0 0 1 0 1 1 0 0 0 0 0 -1 0 -1 0 0 0 0 0 -1 0 0 -1 1 0 0 0 0 1 1 -1 2 0 0 0 2 -1 -1 1 0 0 -1 0 2 0 -1 1 0 0 0 -1 1 -1 0 2 -1 1 0 0 -1 -1 -1 0 1 0 0 0 -2 0 1 0 -1 2 1 0 0 0 0 0 1 -1 0 -1 1 0 0 1 1 0 0 0 0 0 -1 -3 0 0 -1 2 0 0 1 -1 0 0 1 0 0 13 -1 2 0 0 0 1 -1 0 0 1 -1 2 1 1 0 0 -1 1 0 1 0 2 -1 2 1 1 1 1 0 -1 -1 1 1 0 1 0 1 -1 -1 -1 0 1 0 -1 0 0 -1 0 -2 -1 0 0 -1 1 1 0 -1 0 0 0 -1 0 0 0 0 -1 1 -1 -2 -1 0 0 0 0 -1 0 0 -1 2 0 1 1 0 0 -1 1 -1 1 -1 0 0 0 -1 0 -1 0 1 0 0 1 2 2 0 0 1 0 0 -1 1 0 -1 0 -1 0 0 0 0 0 -1 -1 0 0 0 2 1 0 0 0 1 0 0 0 0 -1 0 1 0 0 0 0 0 -1 1 0 0 0 1 -1 0 -2 -2 0 0 0 -1 -2 0 0 0 3 0 0 1 1 -1 0 0 0 0 1 2 0 0
1 0 3 1 1 -2 0 0 0 -2 2 1 -1 0 1 4 0 1 -2 -2 1 0 1 1 2 -1 -1 -1 1 0 0 -1 0 0 0 0 -1 0 -1 0 2 0 -2 1 0 1 0 2 -2 0 1 0 0 0 1 0 0 0 -1 0 0 -1 -1 1 -2 0 1 0 -1 1 0 1 -2 0 0 0 0 -1 1 0 0 1 1 -1 0 -1 2 0 0 2 0 2 0 -2 0 0 -1 2 0 0 -1 0 0 0 -2 0 -1 0 0 1 -2 0 0 1 1 -3 0 0 1 0 -1 0 0 -1 0 -1 -1 -1 1 1 0 -1 -1 0 -1 -1 0 1 0 0 0 0 0 0 0 2 1 2 0 0 2 -2 1 0 0 0 0 1 -1 0 0 1 1 0 -1 -1 -2 -1 0 -1 0 -1 1 0 2 0 2 0 0 1 0 0 0 0 1 2 -1 21 0 -1 2 0 1 -1 0 0 2 2 -1 -1 0 1 0 1 0 0 1 -1 0 1 0 -1 0 -1 -2 1 -1 0 1 1 0 -2 -2 0 1 -1 0 0 1 2 0 -1 0 -2 0 0 1 1 0 3 0 1 0 1 0 1 0 1 0 0 0 -1 -1 1 0 1 0 1 0 0 1 1 0 -1 2 -1 -1 1 0 0 0 0 0 1 0 1 -1 -1 -1 -1 0 1 0 0 0 0 2 0 -1 -1 -1 1 0 2 0 -1 1 1 -1 2 0 -1 -1 0 -2 1 0 0 0 1 1 -1 0 0 -1 -2 1 1 0 0 0 0 -1 0 2 1 1 1 3 0 -1 -1 0 -2 0 -2 1 2 0 0 4 1 2 0 0 2 -1 -1 2 1 1 1 1 2 0 1 1 0 1 -1
0 1 0 0 0 0 1 0 -1 0 0 0 0 0 2 -1 0 1 0 -1 0 -1 0 0 -1 1 0 2 -1 0 1 -1 1 1 0 0 1 0 0 0 1 1 -1 -1 1 -2 1 0 0 0 0 0 0 -1 0 0 0 -1 -1 1 0 -1 -1 0 -2 -1 0 2 0 1 -1 0 -1 0 0 0 2 0 1 0 0 0 0 1 0 0 0 0 -1 0 2 1 -1 0 1 0 0 0 0 2 -1 0 0 0 0 0 3 0 -1 1 0 1 0 1 2 0 1 0 0 0 0 0 0 0 0 -1 0 0 -1 -1 0 0 0 -2 0 0 0 1 0 -1 0 0 0 1 0 0 0 1 0 0 0 -3 0 0 1 0 0 0 0 0 -1 0 0 0 2 0 0 0 0 -1 0 -1 -1 0 0 -1 2 1 0 -1 0 0 0 0 -1 2 2 0 14 0 0 1 1 0 0 1 1 0 0 1 -2 0 0 1 0 0 -1 0 0 -1 1 0 -1 0 1 0 0 -1 2 0 0 1 2 -1 0 0 0 2 0 0 -1 0 1 -2 0 0 0 1 -1 -1 1 1 0 0 0 0 0 0 0 0 1 0 1 0 1 -1 0 0 0 0 1 1 -1 -1 0 1 1 0 0 0 0 0 -1 0 -1 0 -1 0 0 1 0 -2 0 0 0 2 0 0 2 0 0 0 0 0 0 1 0 0 -1 0 0 1 0 0 -1 2 -1 0 1 0 -2 2 0 0 0 -1 1 0 0 0 -1 -2 0 0 0 0 0 -1 1 2 0 1 0 1 0 0 0 -1 -2 1 -1 0 -2 0 0 2 3 -2 1 0 0 -1 -2 1 0 0 -1 0 0 0
-2 1 -2 2 0 -1 0 2 1 -1 2 0 0 0 2 -1 0 0 2 0 0 2 -1 1 -1 2 1 2 1 -1 0 0 0 0 -1 1 1 1 0 0 0 0 2 0 -2 1 0 1 1 0 1 1 -1 0 0 0 -1 0 0 0 0 -1 -2 1 2 0 1 0 1 -1 2 2 1 0 0 0 1 0 0 0 0 0 -1 -1 1 2 -1 -1 0 0 0 -2 0 1 0 0 4 0 1 1 2 1 -1 1 1 0 0 0 -1 0 3 3 0 0 0 2 0 0 0 -2 0 0 1 1 0 -2 -1 1 0 1 0 0 0 0 1 2 0 -1 0 1 -1 0 1 0 -1 0 -1 0 1 4 1 1 0 0 0 0 0 0 1 1 1 0 0 -1 0 0 1 0 0 -1 1 0 -2 0 0 0 -1 2 -2 0 -1 0 2 -3 0 0 0 -1 0 21 1 0 -2 -2 1 3 1 1 0 1 -1 0 0 -2 -1 0 0 -1 -1 1 0 0 -1 0 0 -1 -2 0 0 1 0 0 0 0 1 0 -2 -3 1 1 1 3 2 -1 -1 0 0 0 0 0 0 0 1 0 -1 0 0 -1 -1 1 0 -1 0 0 1 -1 1 0 0 0 1 3 0 0 -2 0 1 1 0 0 0 0 -1 0 -1 0 -3 0 -1 -1 2 1 0 -2 -1 1 0 0 0 1 0 2 0 -2 2 0 1 -1 0 0 1 1 2 -1 2 1 1 -1 2 -1 1 0 1 0 3 -1 0 1 0 0 -1 1 3 -1 0 1 1 1 1 0 3 1 -1 0 0 0 2 1 -2 0 -1 2 -2 -1 0 1 1 0 1 1 0 1 0 3 0 1 0 1 1 0
0 0 0 -1 2 2 1 2 0 0 1 2 0 0 0 0 0 -1 0 0 -1 0 1 0 -1 -1 0 0 1 0 -1 0 0 -1 -2 0 0 0 0 0 0 0 0 0 -1 0 0 1 0 0 1 0 0 -2 -1 -2 1 0 -2 0 1 0 0 -1 0 1 1 -1 1 0 0 0 0 0 0 0 0 0 0 -1 -1 0 1 -1 -1 0 0 -2 0 -1 0 1 0 -1 0 0 -1 1 0 0 0 0 -1 -1 0 -1 -1 0 -1 1 0 0 0 -1 0 0 1 0 0 0 1 2 0 -1 -1 -2 2 0 0 0 0 0 1 0 -1 0 0 0 0 0 -1 0 2 2 0 0 0 1 1 -1 0 0 -1 2 0 2 -1 -2 1 -2 2 1 1 -1 1 -1 -2 -1 0 -1 0 1 -1 1 1 1 1 0 -1 0 0 0 0 0 -2 1 0 2 0 1 19 -1 -1 0 1 0 0 0 0 0 -1 1 2 0 -2 0 0 -1 1 1 0 -1 -1 0 0 0 1 -1 0 0 0 0 0 -1 1 0 0 0 2 2 1 0 -1 0 0 1 1 1 0 2 0 1 -2 -1 0 0 0 1 -1 0 -1 -1 -2 -2 0 -1 0 0 0 0 0 0 -1 1 0 -2 0 -1 0 0 0 0 -2 0 1 0 0 0 0 0 1 1 1 0 1 0 0 -1 -1 0 0 0 0 -1 0 0 0 0 0 0 2 1 1 -2 1 0 -1 0 0 0 0 0 1 3 -1 -2 -2 1 0 -1 -1 0 0 0 -1 0 0 0 -1 -1 1 1 -1 1 -1 1 0 0 -1 -2 -2 0 0 0 0 0 0 0 0 0 0 -1 0 0 0 0 0 1 3 -1
0 -1 2 0 -1 1 0 0 1 0 0 1 0 -1 1 1 -1 -1 -1 -2 0 -2 -1 0 1 1 1 0 0 0 1 0 -1 0 1 0 1 0 1 1 1 0 1 0 0 1 1 1 0 0 1 0 1 0 0 0 -1 0 3 -1 0 0 0 1 0 1 0 -1 0 1 0 -2 -1 1 0 0 0 0 2 0 0 1 1 0 0 0 -1 0 0 -1 -2 0 0 0 -1 0 0 0 -1 0 1 0 0 -1 0 0 2 1 1 1 0 -1 -1 0 2 0 -2 0 0 0 0 2 1 3 1 0 -1 -1 -1 1 0 3 0 0 0 1 0 0 1 0 2 -1 0 0 0 0 0 -2 1 1 1 1 2 0 -1 0 0 -5 -1 0 0 -1 1 2 0 -2 0 0 -1 0 0 -1 1 1 -1 0 2 0 -1 0 0 1 0 0 0 1 0 0 1 0 -1 18 0 0 1 -1 0 1 0 0 -1 0 -2 1 0 2 0 1 -1 0 0 0 0 -1 0 -1 0 0 2 -1 1 -1 2 0 0 0 1 1 -1 1 0 -1 0 0 0 1 1 -1 0 -2 -1 1 0 -1 0 1 2 -1 2 0 0 -1 0 0 0 0 -2 0 0 0 1 -1 0 0 0 -1 1 0 0 0 0 0 0 1 0 0 1 0 -2 1 1 2 1 0 1 0 1 -1 0 1 1 1 0 0 -1 1 -1 0 -1 -1 -1 0 0 1 -1 1 2 1 -1 0 0 1 0 -2 0 -2 0 0 -1 1 2 0 -2 0 0 0 -1 0 -1 -1 1 -1 -1 1 0 0 0 1 -1 1 0 1 0 -1 0 -1 0 1 0 1 0 0 0 0 0 -1 0 1 0 0
2 -1 1 0 0 1 0 -1 -1 0 0 -1 -1 1 0 0 0 0 -1 0 1 0 -1 0 -2 -1 0 0 0 1 0 0 0 1 0 0 1 0 0 0 0 1 -1 0 1 -2 -1 0 -1 0 1 0 0 2 0 -1 -1 0 -1 -1 0 0 0 0 -1 -2 -1 0 0 0 -2 0 0 -1 0 0 -1 0 0 0 0 0 2 1 0 0 0 0 0 1 0 -2 0 2 0 1 0 0 1 0 -1 0 0 0 0 0 1 0 2 1 0 0 0 0 -1 0 0 1 1 1 0 -1 1 -1 1 1 0 -2 0 1 0 0 0 -1 1 0 1 0 0 0 0 0 -1 0 1 0 0 1 -1 -2 3 0 0 0 0 0 0 0 0 2 0 0 -1 0 1 0 -1 1 1 1 0 0 -1 0 2 0 2 0 0 2 2 1 1 1 1 1 1 1 1 -2 -1 0 15 2 0 -1 1 0 2 1 2 0 -1 0 1 0 -1 0 1 -1 0 -1 0 0 1 0 0 0 0 0 0 1 0 0 0 0 1 2 0 0 -1 0 0 1 0 -1 -1 0 -1 0 1 1 0 0 1 0 0 1 1 0 0 0 1 0 2 -4 0 0 0 -2 0 1 0 0 -1 0 0 0 1 1 -1 0 -1 0 1 0 0 -1 0 0 -1 -1 1 1 1 1 0 0 2 1 1 0 -1 0 -1 0 1 0 -1 1 1 0 -1 0 0 0 1 0 -1 1 0 1 2 0 0 0 0 -1 0 1 0 -1 0 0 0 0 1 0 0 0 0 -1 0 0 -1 0 0 -1 1 1 0 2 -1 1 0 0 1 1 0 1 0 0 1 1 0 0 0 -1 1 0
3 0 0 0 1 1 1 0 0 0 1 -1 1 0 0 1 1 0 0 2 1 1 -1 0 0 0 1 1 1 2 0 0 -1 0 0 1 1 1 1 -1 1 0 1 1 1 0 0 -1 -2 0 0 1 0 1 1 -1 0 0 0 0 0 0 2 0 0 0 0 0 4 0 1 1 1 0 0 -1 0 -1 -1 -2 0 -1 0 -1 0 -1 0 0 1 0 0 0 0 2 0 1 1 0 -1 0 -1 -2 0 0 0 0 -2 0 2 0 0 -1 0 0 1 0 -1 0 1 -1 1 0 0 1 -1 -1 0 0 1 0 0 0 0 0 0 0 2 0 -1 1 1 0 1 0 0 0 0 -1 0 0 0 1 0 0 0 1 -1 0 1 -1 -1 0 0 0 -2 0 1 0 0 2 -1 1 0 0 -1 1 0 1 0 2 1 0 -1 2 0 -4 -1 -1 0 -2 0 0 2 18 0 1 0 1 0 0 1 0 -1 0 0 0 0 1 0 0 2 2 -1 1 0 -1 -1 1 0 0 0 -1 0 -1 1 -1 0 3 1 0 -1 0 0 0 2 0 0 -1 -1 0 0 0 -1 2 -1 0 0 0 2 0 0 0 0 1 -1 1 0 0 0 -1 1 2 0 1 1 -1 -1 2 0 -1 0 1 -1 0 1 0 0 0 0 1 -1 0 0 -1 0 -2 0 1 1 1 0 1 0 0 0 2 0 0 0 0 -2 0 0 0 0 1 0 1 -1 2 -3 2 1 2 0 -1 1 1 0 1 -1 0 0 0 0 0 1 -1 3 0 0 -1 0 0 0 1 0 0 0 0 -1 -1 0 2 -1 0 0 0 0 -1 0 0 0 0 0 2 0 0 -1 -1
2 1 -1 1 0 2 0 -1 0 1 0 1 0 0 1 0 -1 0 0 0 1 1 -1 0 1 0 1 -2 1 0 0 0 0 -1 0 1 0 0 -1 0 -2 -2 1 1 0 0 0 0 2 1 -2 -1 0 -1 2 -1 -2 0 -1 0 1 -1 -2 0 0 -1 -1 -1 0 0 1 -2 -1 1 1 -1 2 1 1 0 0 0 2 0 0 0 0 0 0 0 -1 0 0 0 2 0 1 1 0 0 -2 -1 0 1 1 0 0 0 -1 0 1 2 -1 0 0 1 -1 0 0 0 1 -2 0 2 2 -1 0 0 1 0 0 1 2 0 -1 0 -1 0 0 0 0 0 0 0 0 0 0 0 0 0 1 -1 0 -1 1 0 0 0 0 0 0 0 0 1 0 0 0 1 0 1 0 -2 -1 1 -1 1 0 0 -1 -2 0 -1 1 1 -1 1 0 0 0 1 1 1 0 0 16 0 0 2 -1 1 1 0 0 0 -1 1 0 1 0 -1 1 0 0 0 -1 -1 0 -1 0 0 0 0 0 -1 0 -1 0 1 1 1 0 1 0 0 1 -1 1 -2 1 1 0 2 -1 0 0 -2 0 0 1 1 -1 0 0 1 0 -1 -1 0 -1 0 0 1 0 0 -1 -1 0 -1 -1 0 0 -1 0 1 0 2 0 0 0 0 -2 2 0 -1 1 1 0 0 0 1 0 0 1 -3 0 -1 2 -2 0 1 1 1 -1 0 -1 1 -1 0 0 -1 0 0 0 0 1 0 1 0 0 0 1 2 0 0 -1 0 0 0 0 0 1 0 0 0 0 0 0 0 0 -1 1 0 0 0 0 0 2 0 -1 0 0 0 -2 0 1 0 -1 1 4 2
0 1 0 0 0 0 -1 1 0 -2 0 0 0 -1 0 0 0 2 1 1 -1 -2 1 0 2 0 0 0 2 0 -1 2 0 0 3 0 0 1 0 -1 0 1 1 -2 -1 -1 0 -1 0 0 -2 0 1 0 0 -1 0 0 0 1 -1 0 -1 0 0 0 0 0 0 0 0 0 -2 1 -1 1 1 0 -1 -1 0 -1 -2 2 1 1 0 0 0 0 1 -1 0 0 -1 1 3 1 0 3 1 0 0 1 -1 0 1 -1 0 2 0 0 0 0 0 0 -1 -1 1 0 2 -1 0 0 1 0 -2 0 0 0 0 3 0 0 2 1 0 0 1 0 0 0 0 -1 1 0 0 1 0 1 0 0 0 0 0 0 0 1 1 0 1 1 2 1 -1 1 1 0 0 0 0 0 1 -1 0 1 0 1 -1 1 0 0 0 -3 1 1 0 0 1 3 0 -1 -1 1 0 19 1 1 -1 -1 -2 -1 -1 -1 1 -1 0 1 0 1 0 0 0 -1 -1 0 -2 0 0 0 0 1 -1 0 0 0 -1 0 0 0 1 4 1 -1 -1 0 0 1 1 -1 -1 0 -1 0 0 1 0 0 1 0 0 1 0 0 -1 1 -1 -1 0 -1 0 0 0 1 0 1 1 2 -1 1 0 1 1 -1 -2 0 0 0 0 0 1 1 0 0 0 1 0 -1 1 1 0 0 -1 -1 -1 1 2 0 -1 0 1 1 1 1 1 2 0 -1 1 0 0 0 -1 1 2 -1 0 0 0 1 0 0 1 -1 -1 1 0 -1 0 1 1 1 1 -1 -1 1 1 0 0 2 0 -1 1 0 1 0 1 0 0 0 0 1 0 2 0 1 0 2 0 -1
0 0 0 0 -1 -1 -1 0 1 0 0 1 1 0 -1 0 -1 0 2 0 1 1 0 -1 0 1 0 0 -1 0 0 1 0 0 0 0 1 1 0 2 1 -1 -2 1 0 0 1 0 1 0 1 0 1 0 2 0 0 1 0 1 0 1 2 1 -1 0 -1 -1 -2 -1 4 1 1 1 1 -1 1 -1 0 0 0 0 0 0 2 -1 0 -1 0 1 0 1 0 0 0 -1 0 0 0 1 -1 0 0 0 1 0 1 2 0 0 0 0 0 2 2 -1 1 1 0 0 0 1 0 -2 1 1 1 0 1 0 -1 -1 0 0 -2 1 1 0 0 0 1 -1 0 0 1 -1 0 1 0 -1 0 -1 -1 0 0 0 0 0 2 -1 1 1 0 0 0 0 0 0 0 -1 0 0 -1 1 1 0 0 0 0 1 0 1 3 0 1 1 1 2 1 1 0 0 1 0 0 1 17 0 0 1 0 0 -4 1 0 0 -2 0 -1 1 0 -1 0 0 -1 -1 -1 -1 1 3 1 0 0 0 2 0 0 -1 -1 1 0 2 1 0 -1 -1 1 0 1 0 2 0 0 0 -1 0 0 0 1 0 -1 0 -1 2 1 0 1 -1 -2 1 0 3 0 1 0 1 1 1 2 0 1 0 -1 0 -2 0 -3 0 1 1 0 0 0 0 -1 1 0 0 -1 1 -1 0 0 2 0 0 1 0 1 0 -1 -1 1 0 0 2 3 0 2 0 1 0 1 1 0 -1 0 -1 2 0 -1 0 0 0 -1 0 0 0 0 1 0 0 0 1 0 0 0 0 0 0 1 1 -1 0 0 1 1 0 0 0 0 0 -1 -1 1 2 2 0 1 1
0 0 -1 0 1 0 0 0 0 1 0 0 0 -1 0 1 0 0 1 2 1 1 0 0 3 -1 1 -1 0 -1 1 0 1 0 -1 0 1 1 -2 0 0 -1 0 3 0 0 0 0 0 1 0 0 0 0 1 0 2 -2 0 1 0 0 0 0 0 -1 0 -1 1 0 0 1 0 0 0 -1 0 0 0 0 0 2 1 2 2 -1 -1 0 -1 0 1 1 -1 0 -1 1 0 2 0 3 2 0 0 -1 0 -1 -1 1 0 -1 0 0 0 1 1 0 -1 -1 0 0 0 0 0 -1 -1 0 -1 1 0 0 0 0 -1 0 1 0 0 -1 -1 0 -1 0 0 1 0 0 1 -1 0 -1 0 -1 -1 0 -1 -1 0 0 2 1 -1 0 -1 1 0 -2 0 0 1 0 2 0 0 -1 -1 1 0 0 -2 -2 0 0 1 -1 1 1 -1 2 0 1 0 1 0 1 2 1 0 21 -1 0 2 0 -2 0 1 0 -1 1 0 1 1 0 1 1 0 -1 0 0 0 0 0 2 -1 -1 -1 -1 -2 -2 0 0 -1 0 -1 -1 1 -1 0 0 0 1 0 2 0 -1 0 0 0 0 2 0 0 0 1 0 -1 1 -1 1 0 -1 -1 0 0 0 1 0 0 1 0 -1 0 0 2 0 0 1 1 0 0 0 -1 2 0 0 0 1 -1 0 -2 0 2 1 0 1 0 1 1 2 1 1 -1 -1 0 0 1 1 2 1 -2 0 0 1 0 2 1 -1 0 2 -1 0 2 1 -1 0 -1 -1 2 1 2 0 -2 0 0 0 1 0 0 2 -1 0 0 1 0 1 0 0 -1 1 4 0 0 1 1 0 0 -1 1 -1 2 0
0 1 -1 0 0 1 0 -2 -2 0 1 1 1 0 0 0 -1 1 0 2 0 1 -2 1 -1 -2 -1 -1 0 0 1 0 -1 1 -1 0 0 0 0 0 2 1 -3 0 0 -1 -2 1 0 1 1 0 1 0 0 0 -1 0 0 0 1 0 1 -2 0 -2 1 1 0 1 1 -1 1 1 1 1 -1 2 0 0 0 0 0 0 1 1 -2 0 -1 0 1 2 0 -1 -1 0 1 -1 2 0 0 0 1 0 -1 0 0 -2 -1 0 0 -1 -1 0 -1 -3 0 0 0 -1 1 1 -1 -1 1 0 1 0 1 0 -1 0 1 0 0 0 1 2 0 0 0 -1 -3 0 0 0 1 3 1 1 0 -1 0 0 -1 0 0 0 1 0 0 0 -1 0 0 1 -3 -2 -1 -1 0 0 -1 0 0 0 1 -1 0 0 0 0 0 1 1 1 2 -1 0 0 0 0 2 0 -1 -1 0 -1 20 2 2 -1 -1 0 0 -1 -1 1 0 1 2 1 0 -1 2 0 0 0 0 0 0 1 1 -1 1 0 0 -1 0 1 -1 1 4 0 -1 1 0 -1 1 0 0 1 0 0 0 0 -1 -1 -1 1 0 -1 -1 0 -1 -4 0 0 1 2 1 -1 0 1 -1 -1 1 0 1 0 0 1 1 0 1 -1 0 1 0 2 -4 -1 0 2 1 0 0 1 0 1 1 1 1 -1 0 0 1 0 -1 -2 0 -2 -1 0 -2 0 0 0 0 1 0 -4 1 1 -1 1 0 -1 0 -1 1 0 1 0 -1 1 -1 0 0 1 0 1 -1 0 0 1 0 0 -1 0 2 2 1 0 -2 1 0 -1 1 2 2 0 0 0 0 0 1 1 0 -1
1 0 -1 0 0 1 1 1 1 2 0 2 1 0 0 4 0 0 0 -1 0 -1 0 1 0 0 0 0 1 0 2 1 0 1 0 0 0 0 1 0 1 1 1 0 1 -1 -1 0 0 2 0 1 0 0 -1 0 0 -1 -1 1 1 0 1 1 0 1 0 0 0 -1 1 1 0 0 0 1 1 1 0 0 2 1 0 1 0 -1 1 0 0 1 0 0 0 0 0 0 0 0 0 0 0 1 2 0 1 -1 2 0 0 0 1 1 1 1 1 1 0 0 0 1 0 0 0 -2 1 0 0 0 1 1 0 -1 -1 -1 2 0 -1 1 0 1 -1 -1 3 0 0 0 1 -1 0 2 0 -1 1 0 0 0 2 0 1 2 0 0 -1 0 2 0 -1 0 0 0 0 -1 0 0 0 1 0 0 0 0 0 1 0 1 -1 0 1 -1 1 1 0 0 1 0 1 -1 1 0 2 16 -1 1 0 0 0 1 1 0 -1 0 1 -1 0 0 3 -1 -1 2 0 0 0 2 1 -1 0 0 0 2 0 2 0 1 2 0 1 -1 1 0 1 -1 1 0 0 0 -1 0 0 0 0 1 1 0 0 0 1 0 1 4 0 0 1 -1 1 1 -1 2 0 0 0 1 -1 0 -1 0 0 1 0 0 0 2 0 -1 1 0 -1 2 1 -1 2 1 0 0 -1 2 0 -2 2 1 1 0 0 2 0 -1 0 0 2 0 0 0 0 2 0 -1 0 0 0 1 2 0 2 1 0 0 1 2 0 1 2 -2 0 0 0 2 2 -2 0 -1 0 1 -2 -1 -1 0 -1 0 1 1 1 1 0 1 -1 -1 0 2 0 -1 0 2
1 0 1 0 1 0 -1 -1 0 -3 2 -1 0 -2 0 0 1 2 1 0 3 1 0 0 0 -1 0 0 0 1 -2 2 -1 0 -2 0 0 0 -1 1 -2 0 -1 1 0 1 0 1 -3 2 0 -1 3 -1 3 0 0 -1 0 -2 0 0 0 0 0 -3 0 0 1 0 -1 0 0 1 2 0 0 1 0 1 0 -1 0 -1 1 1 0 3 -1 -2 1 2 1 -1 1 0 1 0 -2 -3 -2 -2 1 0 0 0 0 0 3 -1 1 2 -1 -2 -1 0 0 -1 0 0 0 2 0 0 0 0 0 0 0 1 0 0 0 0 0 -1 0 2 0 0 0 0 -1 0 0 0 0 3 -1 -1 -1 -1 0 0 0 -1 0 0 0 0 0 0 0 0 0 -1 0 1 1 1 -1 1 1 0 0 0 1 1 -1 3 3 -1 0 0 0 -2 1 0 -2 -1 -1 -1 2 1 1 -2 0 2 2 -1 27 -1 0 1 0 1 1 0 0 1 0 2 -1 -1 0 -1 2 2 0 -1 0 -2 -1 0 0 -1 0 2 0 -2 -1 0 -1 1 -2 0 -2 -1 -1 -3 -1 1 1 1 1 1 0 -1 0 3 0 0 1 -1 0 -2 1 -1 1 1 1 0 1 -1 0 2 0 -1 1 -4 0 -1 3 3 2 0 1 0 0 1 0 3 -1 -1 -1 -1 0 1 -2 1 0 0 1 0 0 2 -1 -1 1 0 0 -5 1 0 0 -1 1 0 0 0 0 0 -1 2 -1 2 0 3 -1 0 0 1 1 -1 0 0 -1 1 0 -2 -1 1 3 0 1 -3 0 0 0 0 -1 0 -4 1 0 -2 1 0 -1 0 0 1 0 2 0 0 0 0 1 -1
0 0 1 0 -1 -1 0 1 0 -1 0 1 0 1 0 2 1 0 0 -1 0 -1 0 0 1 1 0 0 0 0 0 -1 -1 -1 0 -1 0 0 -2 0 -1 0 -1 0 0 1 0 1 0 0 0 0 0 0 0 -1 1 0 0 1 0 1 1 -1 0 0 1 0 0 0 0 0 0 1 0 1 0 0 -1 0 0 2 2 0 0 0 -1 0 0 -1 0 0 -1 0 0 0 0 0 0 0 0 1 0 0 -1 0 0 0 0 0 -1 0 0 0 0 1 0 0 2 0 0 0 0 0 0 -1 0 1 1 -1 1 -1 1 0 0 0 0 0 -1 1 1 0 2 0 0 0 -3 0 0 0 -1 0 0 2 -1 0 0 1 -1 0 0 -1 1 0 0 -1 1 0 0 0 0 0 -1 1 1 -1 -3 0 0 -1 -1 0 0 1 0 0 0 1 0 0 1 0 0 0 0 -1 0 0 -1 1 -1 14 0 -2 1 1 0 0 1 0 0 0 0 2 1 0 -1 0 0 1 0 -1 0 -2 1 0 0 1 1 1 0 0 0 -1 -1 1 1 -1 0 0 0 -1 0 -1 1 0 0 1 1 1 0 -1 -1 0 0 1 1 1 -1 0 1 1 0 1 0 1 0 -1 0 0 -1 -1 0 0 0 1 0 0 0 -1 0 1 0 0 -1 0 1 0 0 1 2 0 0 2 0 -1 0 -1 1 0 1 0 0 0 0 0 2 0 1 0 0 0 -1 0 -1 0 1 0 0 1 1 1 1 0 -2 -1 0 1 -1 -1 0 0 2 0 0 -1 0 0 1 0 0 0 -1 0 0 1 0 0 2 -1 0 0 1 1 0 0 0 0 0 0
-1 0 0 0 2 0 0 1 -1 0 0 0 0 0 -1 0 -1 -1 -1 -1 0 -2 1 1 2 -1 0 2 2 0 -1 0 -1 0 -1 1 1 -1 -1 0 -2 1 0 0 0 -1 0 0 0 0 0 0 0 0 0 -1 1 -2 -1 2 2 0 -1 0 -1 0 1 1 0 0 -3 -1 -1 2 0 0 0 0 1 0 0 0 0 -1 0 0 0 0 -1 -1 1 0 0 0 1 0 1 2 -1 1 0 0 0 1 0 0 1 0 -1 -1 1 2 1 0 -1 -1 0 0 0 0 -2 -1 1 1 -1 -1 1 -1 0 0 1 0 1 0 -1 1 -1 0 2 -1 0 0 1 1 0 1 -1 -1 0 2 0 0 0 1 1 -1 3 -2 -1 -1 -1 0 -1 -3 0 -1 -2 0 1 0 0 2 0 -1 1 0 -3 0 1 0 0 -1 0 0 0 -2 0 0 0 0 2 -2 -1 -1 0 -1 -4 -2 -1 0 0 0 20 0 2 0 0 -1 1 1 0 1 1 2 0 0 1 0 0 -1 0 0 0 0 0 -1 1 1 2 0 0 1 1 0 1 0 0 0 0 0 -1 1 0 0 1 0 2 0 -1 -1 1 1 0 0 -1 1 0 -1 0 -1 0 -2 2 0 -2 -2 0 0 0 0 0 1 1 0 0 0 3 0 -1 -1 1 1 0 -1 0 1 2 1 2 0 -1 1 0 -1 0 0 0 -1 1 -2 2 -1 1 -1 0 -1 -1 -1 0 0 1 -1 0 0 0 1 0 0 1 -1 -1 0 -1 -1 2 -1 0 1 -2 2 -1 3 0 0 0 0 0 0 0 0 1 -1 1 1 0 0 -2 0 0 1 -2 0 1 1 0 -3 0 -1 -1 1
0 1 0 0 0 2 0 -1 1 0 0 3 -1 -1 -1 0 -1 -1 -1 0 -1 0 -2 -2 0 2 2 0 -1 0 0 1 0 -1 -2 0 -2 -1 -1 2 0 0 0 0 0 0 1 0 -1 2 1 0 1 1 -1 -1 0 0 1 -1 2 -1 0 0 0 -1 2 0 0 1 0 0 0 0 0 -1 0 1 4 0 0 -1 0 0 -1 0 1 0 0 0 -1 2 0 1 1 1 -1 1 0 0 -1 -1 -1 1 -1 1 1 1 0 2 -3 3 0 1 0 0 0 1 0 0 0 -2 0 1 1 0 1 1 0 0 0 -1 -1 0 0 -2 0 2 0 0 0 -2 1 0 0 -1 0 0 0 0 1 1 0 -2 1 -2 -1 1 2 -1 -1 0 1 1 1 0 0 -2 0 -1 1 0 -1 0 1 0 4 0 -1 0 1 0 1 0 1 2 -1 1 1 -2 0 1 0 0 0 -1 1 0 0 0 1 -2 0 23 -1 2 -1 1 0 1 0 1 -2 0 0 1 1 -1 1 0 -1 0 1 2 0 1 -1 -1 -2 0 0 -1 -1 0 0 2 0 1 0 1 0 1 0 2 0 0 0 3 0 0 0 1 1 0 1 1 3 0 2 0 0 -1 1 1 0 -2 1 1 1 -1 1 -1 -1 0 1 -1 0 0 1 1 0 -1 -1 0 0 0 0 0 1 -1 -1 0 1 1 0 1 0 -1 0 -2 -1 0 0 0 1 0 1 0 0 0 0 1 0 0 -1 1 2 -1 1 -1 1 0 -1 0 0 2 -1 -1 -1 0 0 0 0 2 0 1 2 0 1 -1 0 0 -1 0 0 0 -1 0 0 1 -1 0 0 1 0 0 0 -1 -2 0
0 0 0 1 0 -1 0 4 0 0 0 -1 0 0 0 0 0 0 0 -1 0 0 3 0 0 1 -1 0 0 -1 1 0 -1 0 3 1 0 1 -1 0 1 0 1 -1 1 0 -1 0 0 -1 1 -1 0 2 1 0 -1 -1 1 1 0 0 -1 0 0 0 1 3 1 -2 -1 0 -1 0 1 -1 0 1 0 1 0 0 0 1 1 -1 1 0 -1 0 0 0 0 1 2 0 1 1 -2 1 -1 0 0 0 0 -1 2 0 0 -1 1 1 0 1 0 0 0 0 0 0 0 1 0 1 0 0 1 -1 -1 0 1 1 0 0 0 1 1 -2 0 0 1 0 0 -1 0 0 -1 0 -1 0 0 0 1 0 0 0 0 0 -1 0 -3 1 0 0 0 0 0 1 1 0 1 0 0 0 -1 1 0 0 1 0 -1 -1 -2 0 1 -1 1 0 0 -1 -2 0 1 0 -1 1 0 1 0 0 0 1 2 -1 18 0 1 0 1 1 0 -2 0 1 1 0 -3 -1 1 -1 0 0 -1 0 0 0 1 0 -2 0 -1 2 0 0 2 0 0 -1 1 -1 0 -1 0 2 0 0 0 0 3 1 0 0 -1 1 -2 1 -1 1 0 -1 0 0 -1 0 0 0 -1 1 0 1 -1 1 1 0 0 0 0 -1 0 1 0 0 0 1 0 -2 0 0 0 0 1 -1 -2 0 -1 0 -1 0 0 0 0 0 0 1 0 0 0 -1 0 0 0 -1 1 -1 1 2 1 1 0 0 1 -2 -1 0 0 -1 0 0 1 1 0 2 0 0 0 1 -1 -2 1 2 1 0 0 1 0 -2 -1 0 0 1 0 1 1 0 0 0 0 0 1 -1
0 -1 0 -1 -1 1 0 0 1 -1 0 0 0 0 -1 2 1 1 0 0 0 0 -1 0 -1 0 0 0 1 0 0 0 1 -2 0 1 0 -2 0 0 -1 -2 2 -1 1 1 1 0 1 1 -1 -3 0 1 2 0 1 0 3 0 0 1 -2 0 0 -1 0 0 0 0 0 -1 0 0 1 0 -1 1 1 0 0 0 3 0 0 -1 0 1 0 1 -2 0 -1 -1 0 2 0 -1 -1 -1 0 -1 1 -1 0 0 1 0 0 1 0 1 0 0 1 1 0 0 -1 0 0 0 0 0 0 0 0 0 0 1 0 0 0 0 1 0 -1 0 0 0 0 -1 1 0 0 -2 0 -1 -2 0 -1 0 1 -1 0 -1 1 -1 -1 -1 1 0 0 0 -1 0 0 0 0 1 -1 1 0 0 -1 -1 -1 -1 1 -1 1 0 0 1 -1 -2 0 0 0 0 0 2 0 0 1 -1 0 0 -1 1 1 1 0 2 0 15 0 0 0 0 0 0 0 0 1 0 0 -1 0 -1 0 -1 1 1 0 0 1 1 1 0 -1 -1 -1 -1 0 1 2 1 0 -1 0 0 0 0 0 0 1 0 -1 0 0 0 0 0 0 0 -1 1 0 0 0 0 3 0 0 0 0 0 0 -1 1 1 -1 0 0 2 1 0 0 0 0 1 0 1 -1 0 0 1 0 1 1 0 0 2 0 1 0 0 -1 0 0 -1 1 0 0 0 0 0 0 0 1 0 0 0 0 0 2 0 -1 -2 1 1 0 0 0 3 0 1 0 -1 0 -1 3 2 1 0 0 0 0 1 0 0 0 -1 1 0 -2 0 0 0 0 0 0 0 0 0 0 -1 0 0
0 0 0 0 -1 0 1 1 2 1 0 0 0 1 1 0 0 0 0 0 0 1 0 1 0 0 1 0 0 -1 0 -1 1 -2 0 1 -1 0 0 -1 0 0 1 0 0 1 2 0 0 0 -1 0 0 -1 0 0 0 -1 0 -1 -1 -2 1 2 0 0 0 0 0 -1 1 0 -1 0 0 0 1 2 0 1 0 0 1 1 0 0 0 -1 1 0 1 0 0 -2 1 0 0 1 1 0 0 1 0 0 0 0 0 0 0 1 0 0 0 -1 1 0 0 -3 -1 0 0 0 0 1 -1 0 -1 -2 -1 2 1 0 0 1 0 1 0 0 0 -1 -1 0 -1 0 0 0 -1 0 -1 2 0 2 1 0 -1 1 3 0 1 -2 -1 0 0 -1 -1 -1 0 1 0 0 -1 0 0 0 -2 1 0 2 0 0 -1 -1 -1 1 0 2 1 1 -1 0 0 0 -1 0 0 0 -2 -1 -1 1 1 0 0 -1 1 0 15 -1 1 0 2 0 -1 0 0 -1 0 0 -1 1 0 0 0 0 -1 -1 1 -1 1 0 1 0 0 1 1 0 0 0 0 1 -1 0 0 1 0 0 -1 0 1 0 1 0 -1 1 0 0 0 2 0 1 0 0 0 1 -1 1 -1 1 0 -2 -1 0 -1 1 0 1 -1 -2 0 0 2 0 0 -1 0 -2 1 0 0 0 1 0 1 0 -1 -1 0 0 0 1 0 -1 4 0 0 0 -1 -1 -1 0 -1 0 1 0 0 0 0 0 -1 0 2 1 -1 2 1 1 0 -1 1 -1 -1 0 2 0 0 0 0 0 -1 1 0 0 0 0 0 -1 1 1 1 0 0 0 1 -1 0 1 0 0 0 1
1 1 0 0 0 0 -1 -1 0 -1 0 3 0 0 -2 -1 1 0 0 0 1 0 0 0 0 0 0 -1 0 -1 1 1 1 0 -1 0 0 0 1 0 -1 -1 2 -1 0 0 -1 -2 1 1 0 1 1 0 0 -1 0 0 0 0 0 0 0 1 1 -1 1 0 1 -1 1 0 -2 0 0 1 0 2 0 0 0 0 0 0 0 0 0 1 -1 -1 0 0 0 0 0 0 0 0 0 0 0 1 1 0 0 0 0 1 0 0 2 1 -1 1 -2 0 -1 0 0 -1 0 0 0 0 0 0 0 0 0 -2 1 -1 0 0 -2 1 1 1 0 1 0 0 1 0 1 0 0 0 0 0 2 0 1 -1 0 0 0 -1 0 -1 0 0 0 2 0 0 -1 -1 -1 0 -1 1 1 1 -1 0 0 0 -2 0 0 -1 0 0 0 -1 0 -1 0 -1 -1 1 0 1 1 1 0 1 1 0 0 0 -1 1 0 0 -1 13 0 -1 -1 1 -2 0 0 2 0 0 0 -2 0 -1 1 -1 1 0 0 0 -2 -1 0 0 -1 0 0 0 0 0 0 -1 0 0 0 0 0 1 0 0 1 -1 0 1 0 0 1 0 0 -2 0 0 0 -1 1 0 2 -1 0 1 0 -1 0 1 0 -2 0 0 2 0 -1 1 0 0 0 0 0 0 1 0 0 0 1 0 -1 0 0 0 -1 0 0 0 0 1 -1 0 2 0 -1 1 -1 0 0 -1 0 1 0 -1 1 -1 -1 0 -1 0 1 -1 1 1 0 -1 2 1 0 -2 -1 0 -2 0 0 -1 0 0 0 0 1 0 1 0 0 0 -1 -1 0 -2 0 1 0 -1 0 0 -1 0
1 0 0 -1 1 -1 0 0 0 0 1 0 0 -1 0 0 0 -1 0 0 0 0 0 -2 0 0 1 -1 0 0 0 -1 -1 0 1 -1 1 0 -1 -1 -1 -1 1 1 1 -1 2 0 -1 -1 1 0 0 -2 -1 -1 1 0 0 0 0 -1 1 0 1 0 0 0 0 1 1 -1 -1 4 1 1 -2 0 0 1 -2 4 2 0 0 1 -1 1 0 -1 -4 0 1 1 2 -1 0 1 0 -1 1 -1 1 1 0 0 0 0 0 2 1 -1 0 1 -2 0 1 -1 0 0 -1 0 1 0 0 -1 -1 0 2 1 0 -1 0 0 3 -2 2 0 0 0 -1 1 -1 -1 1 0 0 0 0 0 2 2 1 -1 0 0 0 0 -1 0 0 0 1 1 0 0 0 0 0 0 0 0 0 1 0 0 -1 1 1 1 -1 0 -1 0 0 0 2 0 0 -1 1 -1 1 0 0 0 -1 0 0 -1 0 1 1 0 1 0 1 0 22 0 1 1 -1 0 0 1 0 -1 0 2 1 1 0 0 0 0 0 0 0 0 1 0 0 0 1 0 0 1 -2 0 1 0 0 0 1 0 0 0 1 -1 0 0 2 1 0 0 0 1 0 -1 2 0 -1 2 2 1 1 0 0 -1 0 0 0 0 0 0 2 0 1 0 0 -2 -1 1 1 0 0 1 2 1 1 0 -1 -1 -1 0 0 0 0 -1 3 1 -1 0 -1 -1 -1 1 0 0 1 0 0 -1 -1 3 0 3 0 0 0 0 0 -2 2 0 -1 2 1 0 2 1 0 2 0 1 0 1 1 -1 -1 -1 -1 -1 0 0 1 0 0 0 0 0 0 0 3 0 2 1 1 -3
0 0 0 0 0 0 0 1 -1 -1 0 0 0 -1 0 2 0 1 0 0 -1 0 0 0 0 2 1 1 -1 1 0 0 0 0 1 0 0 0 1 0 2 -1 -2 0 0 1 0 0 -1 -1 0 0 -1 1 0 0 -2 0 1 0 1 0 2 0 0 1 0 0 0 1 1 0 0 0 -1 0 0 1 0 0 0 1 -1 -1 0 0 0 -1 0 0 0 0 0 0 0 1 -1 1 0 3 0 0 -1 -1 -1 0 0 0 1 0 0 0 -1 0 0 0 2 -1 0 1 0 0 0 1 -1 0 1 0 -1 0 0 0 0 1 1 0 0 0 1 0 0 -1 0 0 1 0 -1 1 0 0 0 0 0 0 -1 0 0 0 0 2 0 0 0 0 -1 0 0 0 1 0 0 1 1 -1 1 0 2 0 -1 0 -1 1 1 0 1 1 -1 1 -1 1 1 0 -1 0 -1 1 1 1 1 0 1 0 1 1 1 0 0 -1 0 14 1 -1 1 0 -1 -1 1 -1 1 1 0 -1 0 0 -1 0 -1 0 1 1 0 3 0 0 0 1 0 1 -1 0 -1 -1 0 0 1 0 1 0 -1 2 -1 1 -1 0 -3 -1 0 2 0 0 1 0 0 0 0 1 0 1 0 0 0 0 0 -1 2 0 0 1 -1 0 -1 3 0 0 1 1 0 0 -1 -1 0 0 1 0 1 0 0 1 -1 0 2 0 0 1 2 0 1 -1 0 0 0 2 0 0 0 1 1 0 1 1 0 0 1 0 1 0 -1 1 0 0 0 2 1 0 0 1 1 1 0 0 0 0 1 3 0 0 -2 0 0 0 1 0 1 -1 0 -1 1 1 0 -1
-1 0 0 1 0 1 0 -1 0 -1 0 1 1 0 -2 -1 0 1 0 1 -1 0 0 0 -1 0 0 -1 -1 2 0 -1 -1 -3 0 0 1 2 0 0 3 1 2 1 1 0 2 0 -2 0 0 0 1 -3 -2 2 0 -1 -1 -1 0 -1 -2 0 0 -1 1 2 0 2 0 0 1 0 0 0 0 1 1 1 -2 1 4 0 0 0 0 -1 0 0 0 0 0 -2 -1 1 0 1 2 0 0 0 0 0 0 0 0 1 0 2 0 0 1 0 1 -1 0 1 -2 -1 3 1 -1 0 0 0 1 -1 0 3 1 0 -1 1 2 0 -2 0 0 -1 -1 0 0 -2 0 -1 0 0 0 -2 -2 0 1 0 1 0 -1 0 0 1 0 -1 0 1 0 0 2 -1 -1 1 1 0 -1 0 2 -1 -1 1 0 0 0 0 0 0 1 2 2 0 1 0 0 0 0 2 1 0 0 1 2 1 0 0 0 0 0 0 2 -1 1 1 25 0 2 2 -1 -1 0 0 1 2 0 0 1 0 0 -4 -2 -2 1 -2 -2 0 2 -1 3 0 1 1 0 1 0 0 1 2 -2 -3 0 0 0 2 0 0 0 0 -1 -1 0 0 2 -1 1 0 1 -1 0 1 -2 1 1 -2 0 0 1 1 1 0 0 1 -1 -1 1 0 0 0 0 1 0 0 0 0 0 1 0 1 0 1 5 0 1 2 -2 2 0 2 1 1 0 0 -1 -1 0 0 1 2 1 1 -2 -1 0 0 0 0 0 2 -1 0 1 0 0 1 0 0 0 -1 0 -1 0 0 -1 0 1 -1 1 1 -1 -2 1 -1 2 0 0 0 1 -1 2 0 0 0 0 0
1 -2 -1 1 1 1 0 1 1 2 1 2 -1 1 1 0 1 0 1 1 1 0 -2 -1 0 0 -1 -2 0 -1 -1 0 1 1 0 0 -2 -1 -2 0 1 0 1 -1 0 0 0 0 -1 2 1 0 2 1 2 1 0 0 3 0 -1 0 0 0 1 0 2 1 -1 0 2 0 0 0 1 0 1 1 1 0 0 0 2 0 1 0 1 1 -1 -2 -1 1 -2 0 2 2 -1 1 -1 1 0 1 -1 -1 1 0 -1 0 0 -1 0 0 0 1 -1 0 0 0 -1 0 0 0 0 0 0 -2 -1 1 1 -1 -1 0 0 0 0 0 -1 0 0 0 0 1 0 -1 0 -1 0 2 0 -1 0 2 1 0 0 0 -1 1 0 0 -2 0 0 -2 1 0 0 1 1 1 -1 1 1 0 -1 0 3 0 0 0 -1 0 0 0 0 -2 1 -1 0 0 -1 0 -1 2 0 0 -1 0 1 -1 2 0 1 1 -2 0 0 1 1 -1 0 21 -1 0 -1 0 0 0 -2 -1 0 -1 0 0 0 0 0 0 1 -1 -1 -2 0 0 -1 -1 0 1 4 0 0 4 0 0 -3 1 0 1 -1 0 -1 0 0 0 0 1 0 0 1 1 0 -2 0 1 0 1 1 0 0 0 0 0 0 -1 2 1 1 0 0 -1 1 1 1 1 -1 0 0 0 0 0 -1 1 2 2 1 3 0 -1 0 -1 0 0 0 0 -1 1 1 1 1 0 -1 1 -1 1 2 -1 0 -1 0 -1 0 0 0 2 1 1 -1 0 -1 1 0 0 0 0 0 1 0 1 0 -1 0 0 -1 1 0 1 4 -1 1 -1 0 0 -2 0 2 1 1 0 0 3
-1 -2 0 -1 -1 -2 1 1 0 1 0 -2 2 1 0 2 -1 0 -1 1 2 -1 2 0 0 0 0 0 0 1 0 -1 1 0 0 0 0 0 2 -1 1 0 0 2 2 0 0 -1 -2 0 0 0 -2 0 0 2 -1 -1 -1 0 0 0 0 0 0 -1 -1 0 -2 1 0 1 0 0 -2 0 -3 -1 1 1 1 1 0 0 0 0 0 -3 1 0 1 0 0 -1 -2 0 -1 -1 1 0 0 0 0 -1 0 0 0 -1 -1 1 1 -1 -1 2 0 -1 0 0 0 -2 0 0 1 0 0 0 0 2 -1 -2 0 0 0 0 1 -1 0 0 0 -1 0 0 -1 2 -1 0 0 0 1 0 0 2 -1 -2 1 -2 0 -1 -1 0 0 0 -2 -1 0 0 -1 -2 1 0 0 0 3 -1 0 0 1 -1 0 3 0 0 -1 0 1 1 1 0 -1 -1 -1 0 0 -1 0 0 0 1 0 0 -1 0 1 -2 0 0 -1 -2 -1 1 2 -1 24 0 0 0 -1 0 -1 1 -1 0 0 -1 0 0 0 -1 0 1 0 1 2 0 0 -2 0 -1 -2 0 0 -1 0 0 0 -1 0 1 -2 0 -1 1 1 -1 -1 -1 -1 -2 0 -1 2 -2 1 0 0 -1 0 1 -1 -1 0 1 0 1 -1 0 3 1 1 0 -1 0 0 1 0 2 1 0 0 2 0 -1 0 2 -1 0 -1 4 0 -1 2 1 1 2 0 0 -2 0 2 0 -1 4 0 0 2 1 -1 -1 -1 -2 0 -1 0 1 1 1 0 1 0 0 0 0 2 0 -1 0 -1 0 -1 -1 0 1 0 0 -1 0 0 -1 1 0 0 1 0 -1 -1 1 1 -1 1 1
0 1 -1 0 1 0 0 0 0 0 0 0 0 2 0 2 1 -1 1 -1 1 0 0 -1 1 1 1 1 0 0 0 -1 0 0 1 0 1 1 0 1 0 0 -1 0 1 1 1 1 1 0 0 0 0 0 0 0 1 0 0 0 -1 0 1 1 0 -1 1 0 0 -1 0 0 0 1 0 1 0 0 -1 -1 0 1 -1 0 -1 1 1 0 0 -1 0 0 0 0 0 0 2 0 0 -1 1 0 0 0 0 -1 -1 1 0 0 0 0 -1 1 1 -1 -1 0 0 -1 -1 -1 1 0 1 -1 0 0 0 1 0 1 0 0 -1 0 0 1 0 -2 1 0 -1 0 0 0 0 -1 0 0 0 0 0 0 -1 0 1 1 0 0 -1 0 0 1 0 -1 1 1 1 0 -1 1 -3 0 0 0 -1 -1 0 0 -1 0 1 0 1 0 1 -1 0 0 0 -1 0 1 0 -1 0 1 -1 0 -1 2 2 0 1 0 0 0 0 0 2 0 0 15 1 0 0 0 0 -1 0 1 1 0 -1 1 -1 -1 1 0 0 0 1 -1 0 0 -1 0 0 0 0 -1 0 -1 1 0 0 0 -2 0 0 -1 0 0 0 1 0 0 -1 0 -3 1 -1 0 0 0 1 0 0 -2 0 0 0 1 0 0 1 0 1 -1 1 0 0 0 0 0 1 1 0 0 0 1 0 1 -1 0 0 0 0 0 0 0 0 1 0 1 0 0 1 0 -2 1 -1 0 0 2 0 1 0 0 0 -1 1 0 0 0 -1 0 -1 0 0 -1 0 0 -1 2 -1 0 -1 1 1 0 -1 -1 -1 2 0 0 0 -1 -1 -1 0 0 0 1 0 -1 0 2
-1 0 1 0 1 1 0 1 -1 -1 0 1 0 1 2 2 0 0 1 -1 -1 0 -1 2 0 3 1 2 0 1 1 1 -1 1 1 0 1 0 0 1 1 1 0 1 -1 -2 -1 1 0 1 -1 0 0 -1 -2 0 1 1 -1 -1 -1 1 1 0 1 0 3 0 0 0 0 -1 1 -1 0 1 0 0 0 0 2 0 0 2 -1 0 0 0 0 -3 0 1 1 -1 -1 2 1 0 0 1 2 -1 0 1 0 -1 2 0 0 -1 -2 -1 0 0 -1 0 -1 -1 0 0 0 -1 1 0 1 2 0 -2 -1 0 1 2 0 -1 3 2 -1 2 -1 0 1 -1 1 0 0 0 -1 1 -2 2 0 1 0 0 0 0 0 0 -1 0 0 0 1 -1 0 0 0 -1 0 -1 1 0 -2 1 0 0 0 0 -1 0 1 1 0 0 0 -1 1 -2 1 0 0 0 1 0 -1 -1 -1 0 2 3 0 1 0 0 1 1 0 0 0 -1 -1 -1 0 1 19 0 0 0 1 1 0 2 0 0 0 2 0 1 1 2 0 -1 0 1 1 1 0 -1 2 1 0 1 0 0 0 0 -1 0 0 1 -1 0 0 0 0 0 1 1 1 0 1 0 -1 0 1 0 1 0 1 0 1 1 0 2 0 0 1 0 0 1 -1 -1 1 1 0 -1 0 0 2 1 2 -1 -1 2 0 0 0 -1 1 0 1 1 1 0 0 -1 2 0 1 -2 1 0 -2 2 0 2 0 1 0 -1 0 1 1 -1 -1 0 -1 0 0 1 0 -1 0 1 -1 0 0 -1 0 0 -1 0 -2 0 0 1 -1 1 0 2 1 -1 0 0 0 0 0 -1 2 0
0 1 0 0 1 0 0 -1 1 -1 1 0 -1 0 0 -1 1 0 -1 -1 -1 0 0 1 0 0 0 0 0 1 0 0 0 0 0 0 -2 0 1 1 0 0 0 1 0 -1 0 0 0 0 -1 1 0 0 0 0 0 0 -1 1 0 0 -1 0 0 0 1 0 0 0 1 0 0 0 0 0 0 1 1 -1 0 0 -1 -1 0 0 0 1 0 1 -1 0 0 1 0 0 0 0 1 0 0 0 0 0 -1 0 0 0 0 0 1 0 0 1 -1 0 0 0 0 0 0 0 0 0 1 0 0 1 0 -1 -1 0 0 -1 -1 0 0 0 0 0 -1 0 0 0 0 2 0 0 0 0 1 1 0 0 0 1 1 1 0 0 0 0 1 1 0 0 0 0 0 0 0 0 0 1 0 0 -1 0 0 0 0 -1 -1 0 1 0 0 1 0 -1 0 -1 0 -1 -1 0 -1 -1 0 -1 -1 0 0 1 0 0 -1 2 1 -1 -1 0 0 0 0 11 0 0 1 -1 -1 0 0 0 1 1 -1 0 0 1 -1 1 0 1 0 1 0 0 0 -1 -1 -1 0 0 1 1 0 1 -1 -1 1 0 0 -1 0 0 -2 -1 0 0 1 -1 0 0 1 0 1 0 0 0 -1 0 -2 0 1 0 1 1 0 0 -1 0 0 2 1 -1 0 0 0 0 0 0 -2 0 1 0 0 0 0 0 1 0 -2 0 0 0 -1 1 1 0 1 0 0 1 -1 1 0 0 0 0 -2 -1 1 -1 0 0 0 -1 0 0 0 0 -1 1 -1 0 1 -1 0 0 0 0 0 1 1 0 0 0 -1 0 0 0 0 1 0 0 -1 0 -1 0
1 2 0 0 1 1 0 -2 -1 1 1 0 1 0 0 0 0 0 0 0 0 1 1 0 0 0 0 0 0 -1 -1 0 1 0 0 -1 0 0 2 -3 0 1 0 -2 0 0 2 1 0 0 1 0 0 2 -1 0 0 0 -1 0 0 0 1 0 0 0 2 -1 3 4 -2 0 2 -1 -2 0 0 2 2 -1 0 0 0 0 -1 0 0 1 0 -1 0 -1 0 -1 0 0 -1 1 0 -1 0 0 1 0 2 1 -1 0 1 0 0 0 0 -2 -2 1 -2 0 0 0 -2 1 2 0 -1 0 1 0 -1 0 0 -2 1 0 1 -2 0 0 -1 -1 -1 0 0 1 2 -1 0 0 0 -1 -1 1 0 0 0 0 0 1 0 2 0 -1 1 0 0 0 0 0 1 0 1 1 2 0 0 -1 1 -1 2 3 0 0 2 1 0 2 -1 -1 0 -2 1 0 0 -1 0 -2 -1 0 0 -1 2 -1 1 1 -3 0 0 0 0 1 0 0 -1 0 0 0 18 1 2 0 0 -1 0 -1 0 0 -2 0 0 0 0 0 -1 0 -1 0 1 0 0 0 0 0 -1 -1 0 -1 0 -2 -2 1 0 1 3 -1 0 -2 0 0 2 0 0 0 0 -2 0 -1 0 2 1 -1 1 0 1 1 0 -1 -1 0 -1 0 0 0 0 0 1 1 0 0 1 0 0 -2 1 -1 1 0 -1 -1 1 0 -2 -2 0 0 0 0 -1 0 0 0 -1 0 -1 0 2 -1 -2 2 -1 0 0 -1 0 -1 2 0 0 0 -2 0 -1 0 1 0 1 2 -1 1 0 -1 0 3 -2 1 0 1 0 0 0 0 -1 -1 0 -1 0 2 -1 0 0 0
0 0 0 0 1 -2 1 0 1 0 1 0 -1 0 0 2 1 -1 0 0 1 0 -1 2 -2 -3 0 0 1 0 -1 -1 1 0 0 0 0 -1 1 1 0 1 0 -1 0 0 0 0 -1 2 1 1 1 1 -1 0 -2 -1 0 1 0 0 1 0 0 0 1 0 1 -1 0 1 1 0 1 1 1 -2 0 0 2 1 0 -1 1 -2 0 1 1 -2 1 0 0 0 0 -1 0 1 -1 -1 2 0 0 -1 1 -1 -1 0 1 -1 -1 0 0 -1 1 0 -1 1 0 0 0 1 0 0 0 0 0 -1 0 1 1 -1 0 0 0 0 -1 1 1 0 1 1 1 0 1 1 0 -1 0 1 -1 0 -1 0 -1 -1 0 0 1 0 -1 0 0 1 -1 0 0 0 -2 1 -1 -1 0 -1 0 0 -1 0 2 3 2 0 0 1 -1 1 -1 0 -1 0 -1 0 0 1 -1 0 -1 0 0 2 2 0 0 -1 -1 -1 0 0 -1 -1 0 0 0 0 0 0 1 16 -1 1 0 1 -1 0 -1 0 1 1 0 0 0 -1 0 1 0 0 0 0 0 -1 0 1 1 1 -1 0 0 0 0 2 0 0 -1 0 0 1 1 -2 0 0 -2 0 0 0 0 0 0 1 0 -1 0 -2 1 1 0 -1 0 0 0 0 2 0 -1 0 0 1 2 1 1 0 0 0 -2 1 0 0 0 1 1 0 2 0 0 0 -1 1 1 0 0 0 1 0 1 1 0 0 0 2 2 -1 0 0 0 -1 1 -1 0 1 -1 -1 -1 -1 1 0 -1 0 1 0 -1 0 2 0 -1 -1 -1 0 -1 2 1 2 1 0 -1 0 0 1 -1 0 -1 1
2 1 1 1 0 2 0 0 1 0 1 -1 -2 0 -3 1 0 -2 1 -1 1 0 1 2 0 0 0 2 0 -1 0 -2 -1 1 1 -2 2 1 0 0 2 2 1 0 -1 -1 1 0 -1 0 1 0 0 0 2 -1 1 0 1 1 1 0 0 0 1 0 3 0 1 0 -1 -1 1 1 0 -1 0 0 0 -1 0 0 -1 0 -1 -1 0 -1 0 1 1 -1 1 -1 -1 1 3 1 0 1 0 0 -2 1 0 -1 0 1 1 0 1 0 0 1 -1 0 0 0 0 0 2 0 -1 0 2 1 0 0 -3 0 1 0 -1 -1 1 -3 0 1 0 1 1 0 1 0 0 1 0 0 0 -2 -1 -2 0 1 0 -1 0 -1 -1 0 2 -1 0 1 1 -1 0 0 0 0 -1 1 1 0 0 -1 -1 -2 -1 0 0 1 1 -2 0 -1 1 1 2 0 0 2 0 0 0 0 1 0 0 0 0 0 0 1 1 0 -1 0 0 1 1 -2 -1 0 1 1 2 -1 21 2 -1 0 0 0 0 0 -1 2 1 1 -3 1 1 -1 0 1 -1 1 2 1 0 0 0 1 -1 0 1 -1 1 0 0 0 0 1 0 -1 0 0 -1 0 0 0 0 0 0 1 -1 1 1 0 0 1 0 0 1 -3 -1 0 0 0 0 0 0 -1 1 0 -1 0 1 -1 1 0 0 -1 0 0 -1 0 0 -1 0 -3 2 1 -1 -1 0 1 1 -1 0 2 -1 -1 0 0 1 1 -2 1 1 -1 -1 0 0 0 0 -1 1 1 1 -1 -1 -1 -1 1 1 0 -2 0 3 0 -1 1 0 0 1 -1 -1 0 0 3 -3 -1 -3 0 -1 0 1 2
0 2 -1 1 0 0 1 0 -1 1 1 0 3 -1 0 0 1 -1 1 0 -1 1 0 3 0 0 0 1 0 2 0 0 0 0 -1 -1 1 0 2 1 2 2 -1 1 0 0 0 1 0 0 -2 0 0 1 0 0 0 0 0 0 1 0 -1 0 1 0 0 0 -2 0 1 0 0 0 0 0 1 -1 0 1 0 -1 2 1 -1 0 0 -1 0 0 0 -1 -2 0 0 -1 0 0 1 1 0 -1 3 1 0 0 1 3 1 0 -1 2 0 1 0 -1 1 1 0 0 0 -2 1 -1 0 0 0 0 1 -1 2 -2 1 1 0 1 3 0 -3 0 0 1 -1 -1 -1 -1 0 1 0 1 0 0 0 0 0 0 -1 2 0 1 0 1 1 0 0 0 0 0 0 0 -1 -2 -3 1 1 -1 3 -1 0 1 0 1 0 1 1 3 1 1 0 1 0 -1 0 0 0 0 3 0 0 0 -1 1 -1 0 -1 -1 1 -2 2 1 2 -1 1 -1 1 -1 0 1 2 22 1 0 1 0 1 -1 -3 0 -2 2 1 2 1 0 -1 1 2 2 0 0 0 0 2 2 1 0 -1 -1 0 2 1 0 -1 3 0 0 1 0 0 -1 0 2 -1 2 -1 1 1 2 0 1 1 0 0 0 1 0 -2 1 1 0 1 0 0 0 1 0 3 0 0 -1 1 0 -2 0 0 0 -3 0 -1 0 2 2 2 1 0 1 0 0 -1 0 1 0 0 0 -1 0 3 1 1 0 1 2 -1 1 -1 2 0 0 2 1 0 1 -1 0 0 -1 1 0 -1 -1 2 2 -1 2 1 -1 0 0 1 1 1 3 -1 2 2 1 2 -2 0 1
0 -1 0 0 0 -3 0 0 1 2 0 0 0 0 0 0 0 1 0 -1 0 0 0 0 0 0 0 0 0 0 0 0 0 0 0 1 1 0 -2 0 -1 0 -1 0 0 -1 0 0 1 0 1 0 0 -1 0 -1 0 0 0 0 0 -1 1 0 0 -2 0 1 -2 0 1 -1 0 3 0 0 1 0 -2 0 1 -1 0 0 1 0 0 2 0 0 0 0 0 3 -1 -1 0 0 -1 2 0 0 1 0 0 -1 0 1 0 1 0 0 2 0 0 0 0 0 0 1 -1 0 -1 1 0 1 -1 -1 0 -1 0 0 2 0 0 2 0 0 -1 0 0 0 2 0 0 0 0 0 0 -1 0 -4 0 1 0 1 0 0 1 -1 -1 0 0 0 0 0 0 0 -1 0 0 -1 0 1 0 0 1 0 0 0 0 0 0 0 0 0 0 0 0 0 0 1 0 0 0 0 1 0 0 0 0 0 0 -1 0 0 0 0 1 0 0 0 -1 0 0 -1 0 0 -1 1 10 1 0 -1 2 0 0 2 0 0 0 0 0 0 0 0 0 0 1 0 0 1 0 0 0 0 0 0 0 0 0 0 0 1 0 0 0 1 0 0 0 0 0 0 0 -2 1 0 0 0 0 -1 0 -2 0 0 0 0 0 0 0 1 1 0 0 0 0 0 0 0 0 0 0 1 -1 0 1 0 0 0 0 0 -1 0 0 0 0 0 -1 0 0 1 0 -1 -1 0 0 0 0 0 0 0 0 1 -1 0 1 1 0 2 0 0 0 0 0 0 1 1 0 0 0 1 0 -2 0 0 -2 0 0 0 1 0 0 0 2 -1 0 0 0 0
0 0 0 -1 0 -1 0 0 0 0 -1 -1 -1 0 -1 -1 0 0 0 1 -1 0 -1 -1 -2 1 0 0 -2 0 1 0 0 1 1 0 1 0 1 1 0 1 -3 0 0 -1 0 0 1 1 0 0 -1 2 -1 1 1 0 0 2 1 0 0 -1 2 -1 1 0 -1 -1 0 0 0 0 0 0 0 1 0 0 0 1 -1 1 0 -1 -1 -1 0 1 0 0 0 -1 0 1 0 0 0 1 1 -1 0 0 0 -1 0 -1 -1 0 0 -1 -1 0 0 -1 -1 0 0 1 -1 0 1 0 1 1 -1 1 1 -2 0 2 0 -1 0 1 -1 0 0 0 0 0 0 0 0 2 3 0 2 -1 0 -1 -2 0 0 -2 1 0 1 -1 0 0 -1 0 1 -1 0 0 0 2 -1 -1 -1 -1 0 1 0 0 1 -2 0 0 0 1 0 0 1 -2 1 0 0 -1 1 -1 0 1 0 2 1 2 -2 -1 0 0 0 -1 0 -1 1 -1 0 -1 0 1 2 0 -1 1 0 0 1 17 0 0 -1 2 0 0 0 2 0 1 1 1 1 1 0 -1 -2 0 1 1 0 -1 2 -1 1 1 -1 0 0 0 0 0 0 0 0 1 0 -2 -1 0 -2 2 0 2 0 -1 -1 0 1 -1 0 1 0 0 0 0 0 0 0 -1 0 0 2 1 -1 0 3 1 0 1 0 0 0 -1 0 0 -1 1 0 0 0 0 1 -1 0 1 2 0 0 2 0 0 0 2 0 0 0 0 1 0 -2 1 0 -1 -1 -1 0 -1 0 0 -1 -1 -2 1 0 -1 1 1 0 -1 -1 0 1 -1 -1 0 -1 2 1 1 0 1 1 -1 1 0 0 0
1 0 0 0 0 1 0 0 0 0 0 0 0 0 1 0 0 1 2 0 0 -1 1 1 -1 1 2 0 -1 0 -1 -1 0 0 0 0 0 -1 1 0 1 -1 1 1 0 0 0 0 1 0 0 0 1 0 0 1 0 0 0 0 0 -1 0 0 1 0 1 1 -1 0 0 0 0 0 -1 0 -2 0 1 0 0 1 0 0 0 0 -1 0 0 -1 0 0 0 0 0 0 -1 0 0 1 0 0 0 -1 0 0 1 0 0 2 0 1 0 0 0 0 0 0 0 0 0 0 0 2 0 0 0 0 0 0 0 0 0 0 -1 0 0 0 0 0 1 0 0 0 0 0 1 -2 0 2 2 0 0 -1 2 0 0 -1 -1 -1 0 1 0 0 -1 0 0 0 0 -1 -1 0 0 -1 0 0 0 0 0 0 1 0 0 0 0 1 0 -2 2 0 0 2 0 0 0 -1 0 -1 1 1 -1 0 0 1 -1 1 0 1 0 0 1 0 0 1 0 0 0 -1 0 1 0 0 12 0 -1 0 -1 0 -2 1 0 0 -1 0 -1 1 0 1 0 -1 -1 0 0 0 0 0 0 0 0 0 1 0 1 0 0 -1 0 0 0 0 -1 0 0 0 0 0 1 -1 0 1 1 0 -1 0 0 -1 0 1 0 0 -1 -2 0 0 0 -1 1 0 0 1 -1 0 0 -2 0 0 -1 0 -1 1 0 0 -1 0 1 0 0 0 0 0 0 1 0 1 0 0 0 0 0 0 0 0 -1 0 1 0 0 0 0 0 1 1 0 0 0 2 -1 2 -1 0 0 0 0 0 -1 0 0 0 1 0 1 -1 1 -1 1 0 0 0 0 1
0 0 1 1 -1 -2 -1 1 0 0 0 -1 0 0 1 -1 0 0 -1 -1 0 0 0 0 0 0 0 0 1 0 0 0 0 0 0 1 0 0 0 0 0 0 0 -1 -1 1 1 0 0 -1 0 0 0 0 -1 0 0 1 0 0 -1 1 0 1 0 1 0 0 0 -1 -1 -1 1 0 0 -2 0 -1 1 0 -1 -1 0 0 0 0 0 0 1 0 0 0 0 0 1 0 0 -1 0 0 0 -1 -1 0 0 1 0 0 0 0 -1 -1 -1 0 -1 0 0 0 0 0 0 0 0 0 0 0 0 0 0 1 0 1 -2 0 0 0 0 0 0 0 1 0 1 0 0 0 0 -1 0 1 0 -1 0 -2 -1 -1 0 0 0 -1 0 0 -1 0 0 1 1 0 0 0 0 1 -1 -1 0 0 2 -1 0 0 0 0 0 0 1 -1 1 0 -1 0 -1 0 0 -1 -1 0 0 -1 -1 -1 0 -2 0 2 0 1 0 -1 0 0 0 0 -1 0 0 0 -1 0 0 0 -1 0 0 10 0 0 0 0 -2 0 0 0 -1 0 -1 0 0 1 0 0 0 0 0 0 0 0 0 0 0 -1 1 0 0 0 -1 -1 0 -1 1 0 -1 2 -1 0 -1 -1 0 1 0 0 -1 -1 0 0 0 0 -1 0 0 -2 0 -2 -1 -2 0 0 0 0 1 0 0 1 1 0 -1 0 0 1 0 0 -1 0 -1 1 0 0 0 0 1 -1 1 0 0 0 0 2 0 -1 0 -1 0 0 -1 0 0 0 -1 0 -1 2 -1 -1 0 0 0 -1 -1 0 0 0 -2 -1 1 0 0 0 1 0 0 1 0 -1 0 0 0 0 2 0 -1 0
-1 0 0 0 -1 0 -1 1 0 1 2 1 2 0 2 -2 -1 1 -1 1 -1 0 -1 1 0 1 1 0 -2 1 1 0 -1 2 -2 -1 0 -2 -1 0 -1 -1 1 1 1 1 2 0 1 0 1 1 -1 -1 0 -1 0 0 0 0 1 0 0 1 0 2 1 1 0 0 0 -1 1 4 3 0 1 1 -1 1 0 -1 0 0 2 0 -1 -1 0 2 1 0 0 1 0 -1 0 1 0 1 0 -1 1 0 1 3 1 -2 0 1 0 0 1 -1 0 0 2 2 1 0 -1 2 -1 -2 1 1 0 0 1 1 -1 0 0 2 -2 3 1 2 0 3 0 0 3 0 0 -1 -2 1 1 -1 0 -3 2 0 -1 1 1 -1 1 0 1 0 0 0 -1 1 0 1 -1 0 0 1 1 2 -1 0 0 2 -1 1 0 -1 1 -1 0 1 -1 1 0 1 1 0 0 1 0 0 2 -1 1 0 0 1 0 0 0 0 -1 1 0 -1 0 0 0 -1 0 1 0 -1 0 1 2 -1 -1 0 23 0 3 0 -1 1 0 -1 -1 0 0 3 2 0 1 0 1 1 0 1 1 0 0 0 1 -1 0 -2 1 0 -1 0 0 -1 -1 0 -1 0 1 0 -1 -2 0 0 1 0 -1 -1 1 0 0 1 1 1 -1 1 0 0 -1 2 0 1 0 0 0 0 0 0 0 -1 2 -1 0 0 0 0 1 0 -1 2 0 0 -2 -1 0 -1 0 2 0 0 0 0 1 1 1 0 -1 0 -1 2 0 1 3 -2 1 2 2 0 1 2 0 0 0 0 0 0 1 1 -1 0 0 0 1 0 -2 1 0 0 0 3 0 -1 1 1 1 1
1 0 0 0 -1 -1 0 1 1 1 -1 0 0 0 0 -1 0 -1 0 -1 -2 0 0 -1 -1 2 -2 0 -1 0 0 0 1 1 0 0 -1 0 1 1 -1 0 0 0 0 0 -1 0 0 0 1 0 0 0 0 0 0 1 0 0 0 0 1 0 2 0 1 0 0 0 0 0 0 -1 1 1 0 1 0 0 0 0 -2 1 -1 0 0 0 0 0 -1 0 0 -1 1 1 1 0 0 0 1 0 -1 2 0 -1 0 0 0 -3 0 0 0 0 -1 0 -1 0 0 0 -1 0 1 0 1 -1 0 1 1 -1 0 1 0 0 0 0 0 1 1 0 -1 0 0 1 0 0 1 -1 0 0 0 1 -1 0 0 1 0 0 0 0 0 0 -1 -1 0 -1 0 1 0 0 1 -1 0 0 0 0 1 -1 -1 0 2 0 0 0 0 0 -1 -1 0 0 0 0 0 -1 -1 0 0 -1 0 0 -1 0 -1 1 0 0 -1 0 0 0 -4 0 0 1 2 1 0 0 0 -1 0 2 0 0 0 12 0 0 0 -1 0 0 0 1 -1 0 0 0 0 0 1 -1 0 0 2 0 0 0 -1 -1 0 0 -1 -1 1 2 0 0 0 0 0 1 -3 0 0 -1 1 0 1 0 1 0 -2 1 0 0 1 0 1 0 0 0 0 0 0 0 -1 0 0 2 0 0 -1 1 0 0 0 0 0 2 2 -1 1 0 1 -1 0 0 1 0 -1 0 0 -2 1 0 -1 1 0 0 1 -1 1 2 0 0 -2 0 -1 -1 1 1 0 1 -1 2 0 0 0 0 0 -1 -1 -1 -1 0 0 -1 -1 1 -1 1 0 1 0 0 0 0 -1 0
-2 0 2 0 0 1 0 2 0 1 -1 0 -1 -1 0 -1 0 -1 -1 0 0 -1 -1 -1 -1 -1 1 0 -1 1 -1 0 -1 0 0 0 0 -2 0 0 0 -1 1 1 1 -1 0 -1 0 0 0 0 0 -1 0 0 1 -1 1 0 0 -1 1 0 0 -1 1 -1 0 -1 0 -1 0 -1 1 0 1 0 1 0 1 -3 -1 0 0 1 -1 0 1 1 -1 1 0 1 2 0 0 1 -1 0 -2 0 0 0 0 1 1 -2 0 0 0 -2 0 -2 0 0 0 -4 1 1 -1 0 0 1 0 0 1 0 0 0 1 0 0 0 -1 2 1 1 0 1 2 0 1 1 0 0 -1 -2 0 -1 0 -1 1 2 0 1 1 -1 -1 0 1 -2 0 -2 -1 -1 1 0 2 0 -1 2 1 3 -2 -1 1 0 0 0 -1 0 -1 0 1 -1 -1 0 0 -2 0 1 1 0 0 -1 0 -2 0 0 0 0 1 -1 1 1 1 0 0 -1 -2 0 0 -1 0 -1 -2 1 -1 -3 0 0 -1 0 3 0 25 -1 0 -1 1 -3 -1 -2 -1 0 -3 -2 0 2 0 1 -2 -5 0 0 0 0 2 0 0 -1 -2 0 1 1 -1 -1 0 -1 0 0 1 1 0 0 0 -2 1 0 1 0 0 0 0 0 0 0 -1 -1 1 0 1 1 0 -2 1 0 -3 -2 -2 0 -1 1 0 0 -1 1 -1 1 1 -1 1 1 0 -1 2 1 1 0 -2 -2 -1 -1 -2 0 -1 -2 1 0 0 -2 -2 1 -2 1 2 -2 0 1 1 0 2 0 1 -1 -1 0 -1 0 2 0 0 1 0 0 -1 0 1 0 0 0 0 -1 0 -1 -1 -1 0 0
6 -1 3 0 0 -1 0 -3 -2 0 0 -1 0 -1 0 1 0 0 0 -4 0 0 0 1 0 1 -1 -1 1 2 0 0 -1 2 -1 0 0 0 -1 1 1 -1 1 -1 -1 -1 0 0 -1 0 1 -1 -1 -2 -1 -1 0 -1 0 2 0 0 -1 -1 -1 2 1 0 0 -1 -2 -2 -2 1 0 -1 1 0 -2 -1 2 -1 0 -2 -1 0 0 0 1 1 1 0 0 0 0 2 0 0 -1 1 -1 -2 1 0 0 0 1 1 3 0 0 1 0 -1 2 2 0 -1 0 1 -2 1 0 1 1 2 0 2 0 1 1 1 0 0 2 0 -2 1 1 1 0 -1 3 0 2 1 0 1 -1 2 -1 -3 1 -1 0 2 0 -1 1 -1 3 0 0 -1 -1 -1 -1 -2 -1 2 -2 -1 0 0 0 0 1 0 1 -1 4 0 0 1 0 -1 0 0 2 -3 0 1 2 3 1 0 -1 -2 -1 2 2 1 1 -1 0 1 -1 0 0 0 -2 0 -1 -1 1 0 0 1 2 0 2 0 0 0 0 0 -1 27 0 0 -2 3 0 -2 -1 1 1 2 2 -1 -1 -1 -1 1 0 0 0 0 1 1 0 -1 1 0 0 -1 0 0 1 -1 1 0 0 -1 0 0 -1 -1 2 1 0 1 0 -1 0 1 2 0 1 0 0 0 1 -2 1 -1 0 -1 -1 -1 0 0 0 0 -1 -1 1 0 1 0 0 3 0 -1 -1 -3 0 -1 -1 0 -1 4 0 0 1 0 1 -2 0 0 0 -1 0 -2 -1 0 0 0 -1 1 0 0 0 0 1 -2 0 0 0 0 -1 1 0 2 0 0 1 -1 -1 0 0 -1 0 -1 -1 0 0 1 0 1
0 1 1 0 1 1 0 2 0 -1 2 0 0 0 0 1 1 -1 0 1 0 -1 -1 1 1 1 0 3 1 0 0 0 1 0 1 1 -1 -1 0 -1 -3 0 -1 1 0 -1 0 2 -1 0 -1 1 -2 0 0 0 0 0 -1 0 2 1 1 0 0 1 1 0 1 1 1 1 -1 -1 0 1 -1 0 0 0 1 1 0 0 0 0 0 -1 1 -1 1 0 1 -1 0 1 0 1 1 0 0 1 0 0 0 -1 1 0 -1 2 0 -1 1 0 0 -1 0 0 0 1 0 -1 0 -1 0 0 1 1 0 1 0 1 0 0 2 1 0 0 -1 -1 1 0 0 0 0 0 0 0 -1 -3 -1 0 0 0 0 -1 2 3 0 0 1 0 0 0 0 0 0 -1 2 0 0 -1 0 1 -1 -1 -2 0 0 0 0 1 -1 0 -1 0 1 1 0 1 2 -1 0 1 1 0 -1 0 0 0 0 1 2 -2 -2 1 1 -2 0 1 1 1 0 1 1 0 0 0 1 -2 0 0 -2 -2 -1 0 0 0 17 0 -1 1 1 -1 0 0 0 0 0 1 0 1 0 0 0 0 0 0 -1 0 -1 -1 -2 0 -1 0 -1 2 0 0 1 -1 -1 0 0 1 1 0 0 1 0 2 0 0 0 0 2 0 -1 0 -1 2 1 2 0 1 1 1 0 0 0 1 0 0 1 0 3 0 1 0 1 0 1 0 0 -1 1 1 -1 0 0 0 0 1 0 1 -1 1 0 -1 0 1 0 0 0 0 1 1 0 0 0 0 2 -1 1 0 1 0 -1 0 0 0 1 1 0 1 -2 0 -1 0 0 0 0 -1 0 -1 -1 0 2 1
0 1 0 -1 0 -1 0 2 2 1 2 -1 -1 2 3 2 0 0 1 -1 1 1 1 1 0 1 -1 1 1 0 1 1 1 0 -1 0 0 -2 0 0 3 -2 0 0 -1 0 0 3 0 0 0 1 -1 1 -1 0 -1 1 2 1 1 1 1 0 1 0 0 0 0 -1 2 0 2 0 0 0 -1 -1 0 0 1 2 0 0 0 0 -1 -1 0 0 -1 0 1 0 -1 1 0 1 0 -1 -1 0 0 -1 -1 0 0 0 0 -1 0 0 1 0 2 0 2 0 0 0 0 1 1 0 0 -2 -1 0 -2 -1 0 0 1 0 0 1 1 0 1 0 3 1 -1 0 1 1 0 0 0 2 1 1 0 1 -1 -1 1 1 0 -1 0 1 0 1 0 0 0 0 0 -1 1 -1 -1 1 0 0 1 -2 0 0 -1 0 0 1 1 -1 0 2 0 1 2 1 0 0 1 0 1 0 1 2 -2 1 0 0 0 0 0 -1 0 1 -2 -1 1 0 2 1 0 0 1 2 0 2 1 0 1 -1 -1 0 0 19 1 2 1 1 1 1 1 0 1 0 -1 0 0 1 0 -1 0 0 0 0 0 -1 0 1 0 0 1 1 1 -1 1 0 -1 1 0 0 0 1 1 1 0 1 0 0 0 -1 -1 0 0 0 1 1 0 -1 1 1 0 0 1 0 0 -1 0 0 1 -2 -2 1 0 0 1 2 0 0 -1 0 1 0 -1 0 0 0 1 -1 0 0 2 0 0 0 0 0 -1 -2 -2 0 0 0 0 1 0 0 -2 0 0 -1 1 0 0 -1 0 0 0 2 0 1 0 0 1 -1 -1 -1 0 0 -2 1 0 1 1 0
-2 2 0 -1 1 -1 0 0 -1 -1 0 1 0 0 1 3 0 1 1 0 0 1 1 0 0 0 -1 -2 0 -1 0 3 2 0 1 0 1 -1 0 -2 0 0 0 0 1 -1 0 0 3 0 -1 0 0 0 1 0 0 0 1 0 0 1 1 1 -1 0 0 -1 0 1 1 0 1 0 2 0 -1 0 0 0 0 -1 -1 0 -1 1 0 0 0 0 0 0 0 0 -1 -1 -1 0 1 -1 2 -1 1 1 -1 -1 0 1 0 0 2 -1 0 0 1 0 0 -1 0 0 -2 1 0 1 1 1 1 0 0 0 1 0 0 1 0 1 1 1 0 -1 2 1 1 1 0 0 -1 -1 0 1 1 1 -1 1 0 1 0 0 0 -1 -1 0 2 -1 0 -1 1 0 1 -1 0 1 1 1 0 2 -1 0 3 0 0 0 0 0 0 1 -1 0 -1 1 1 0 -1 -1 0 1 0 -1 -1 0 -1 0 0 0 -1 -1 1 0 1 0 -2 -1 0 0 0 -1 0 0 -3 1 0 0 0 0 0 0 1 -2 -1 1 19 0 0 1 -2 1 0 0 -1 -1 -1 0 0 0 2 0 -1 0 0 0 0 0 0 0 -1 1 1 0 0 0 0 1 0 2 0 0 -1 1 1 1 0 -1 -2 0 -1 0 0 0 0 -1 0 0 1 -1 0 -1 0 2 0 1 0 0 0 0 -1 1 1 0 0 0 -1 -1 1 0 0 0 -1 0 0 1 1 -2 0 3 0 0 0 0 1 1 -1 1 0 0 0 2 0 -1 0 0 2 2 -2 0 0 -2 0 0 0 -1 -1 0 -1 -3 -1 1 0 1 0 0 0 1 1 0 1 1 2 0 1 0
2 1 0 -1 0 1 1 -1 -1 -2 1 1 -1 -2 0 -1 1 1 1 0 1 0 -1 0 -1 1 0 1 -1 0 0 1 -2 0 0 -1 -1 1 0 -1 0 -1 -3 1 -1 -1 -1 0 0 0 0 -1 0 1 0 0 -2 -2 -1 2 2 0 -1 0 0 -1 0 -1 -1 -2 1 0 -2 -1 0 -1 0 -1 2 0 1 1 -2 -1 1 0 -1 -1 2 1 1 0 0 0 0 0 1 0 1 2 -1 0 0 1 0 -1 4 0 -1 1 0 -1 1 -2 3 1 0 0 0 -1 1 -1 1 0 0 0 0 1 1 -1 1 0 -1 0 0 2 1 -1 1 2 0 0 2 2 2 1 1 2 0 3 1 0 0 -2 -1 -3 0 1 1 0 0 0 -1 2 0 1 0 -1 1 1 0 -1 -1 -2 -2 -1 1 1 -1 1 -1 1 0 0 1 3 0 -1 0 3 0 -1 0 0 1 4 2 0 1 1 0 0 1 -1 2 -1 0 0 0 3 0 -2 1 0 -1 1 0 -1 1 2 0 1 0 0 -1 0 -3 3 1 2 0 25 3 1 0 0 2 0 1 -1 0 -2 0 0 0 1 0 1 0 0 1 0 1 0 -1 0 -1 1 0 -1 1 1 -3 1 -1 3 -1 3 0 1 0 0 0 -2 0 0 1 -1 2 2 0 0 1 -2 1 -1 0 1 0 0 -1 1 -1 -1 -1 0 0 1 0 -1 0 1 1 1 1 0 0 1 -1 0 0 0 0 0 1 0 -1 -1 -1 0 1 0 1 -3 0 0 1 0 1 0 0 5 0 0 0 0 1 0 0 0 2 0 1 1 1 -1 0 0 -1 0 1 4 0 3 0 0 0 -1 2 0
0 0 0 0 0 0 1 0 0 0 1 0 1 0 -1 0 0 0 1 1 1 1 -1 0 0 0 -1 -1 0 1 1 0 -1 0 -1 0 0 1 0 1 0 2 -1 0 0 -2 0 0 2 0 -1 0 -1 1 -1 -1 -1 0 0 1 1 0 -1 0 0 0 0 3 0 -1 2 1 1 0 0 0 1 0 -1 0 -1 0 1 -1 0 0 0 0 1 0 2 0 0 1 1 -1 1 0 1 -2 0 -1 -1 1 0 1 1 -1 -1 2 0 1 -2 1 1 0 1 -1 -1 0 0 0 0 0 0 0 0 0 0 0 0 1 0 0 -1 0 1 -1 0 -1 -1 0 1 1 0 1 0 0 0 1 0 0 0 0 1 0 0 0 0 0 1 0 -1 0 0 0 0 -1 0 0 0 0 0 0 0 0 0 -1 0 1 0 0 1 0 1 1 0 0 1 2 -1 0 0 0 0 1 1 -1 4 2 -1 0 1 -1 0 -1 0 -1 0 0 2 0 2 1 0 0 -1 0 1 1 0 1 -1 -1 -1 0 -1 0 1 1 0 3 18 1 2 1 0 -1 0 0 0 1 1 1 0 1 0 0 -1 0 -1 0 -1 0 1 0 0 1 0 0 0 0 -1 -1 -1 0 1 0 2 0 0 0 0 0 0 1 0 1 2 0 0 0 0 -2 0 1 -1 0 0 1 1 2 0 0 1 -2 0 0 0 0 0 -1 2 0 0 3 0 0 1 0 0 1 1 -1 -1 1 0 -1 0 0 0 1 1 1 0 -1 0 0 1 0 0 1 0 0 -1 0 0 0 -1 1 1 0 0 -2 -1 1 -1 -1 -1 0 0 3 -1 0 0 2 0 -1 0 0
0 0 1 -1 -1 -1 1 1 2 0 -1 -1 1 -1 3 0 -2 -1 1 0 -1 -1 -1 -1 -1 -1 -2 2 -1 0 0 1 0 0 0 0 0 0 -1 -2 2 0 -1 1 -1 1 -1 0 2 1 1 0 0 1 0 0 -2 2 -2 0 0 0 2 0 1 -3 0 0 -2 -1 -1 0 4 -1 0 -2 0 0 0 -1 0 0 -1 0 1 -1 0 0 0 -1 0 1 0 0 1 -1 0 0 -1 0 2 1 1 0 0 -1 0 0 0 0 2 0 -1 1 -1 1 0 3 -1 0 1 0 -1 0 1 2 1 0 0 0 0 0 0 1 -1 0 0 2 2 0 -2 0 0 1 0 0 1 2 0 1 0 2 0 0 0 0 0 0 1 0 0 0 0 0 0 0 1 0 0 -1 0 0 3 1 -1 0 0 0 0 3 0 0 0 0 0 -2 -1 -2 -2 -1 0 0 1 0 0 -1 0 -1 0 0 1 -1 0 0 0 -1 1 0 0 0 -1 0 0 -1 1 1 0 1 -1 0 0 1 0 0 0 1 -2 -2 -1 1 1 1 1 19 0 2 -1 -1 -1 -1 0 -1 0 0 2 0 0 -1 0 0 0 0 1 0 1 2 0 0 1 0 0 1 -1 2 1 1 0 0 0 -1 1 0 0 0 0 0 -1 0 0 1 1 -1 0 -1 -1 1 0 0 0 1 0 0 1 0 0 -2 0 -1 -1 0 0 -1 -1 0 0 1 -1 0 -1 0 0 0 1 1 0 0 -1 1 0 -1 -1 1 1 0 -1 -1 0 0 -1 1 0 1 0 0 -1 0 1 0 0 0 -2 1 1 1 0 1 0 1 -3 1 0 -1 1 1 0 0 -1 0 0 0
-1 -1 0 -2 -1 0 0 1 1 0 0 -2 0 0 -1 1 0 0 0 1 0 1 0 -1 -1 0 0 -1 0 1 2 -2 -1 -1 -2 0 0 1 0 1 0 -1 1 1 1 1 0 1 1 0 0 0 -1 0 0 0 -1 0 0 1 0 1 0 0 0 1 -2 -1 2 0 -2 0 -1 0 1 0 2 1 1 0 0 1 2 -1 1 -2 0 0 0 0 -2 -1 0 0 1 0 0 2 -2 -1 0 0 0 0 0 0 -1 -1 0 0 1 -1 0 0 0 0 -1 0 0 0 0 0 0 0 1 -1 0 -2 -1 0 0 -1 1 0 0 -1 -2 0 0 0 1 1 -1 0 1 0 0 -1 2 -1 1 -1 0 -1 -1 0 1 0 1 0 -1 1 0 0 0 0 -1 1 0 1 0 0 0 0 0 1 -1 1 0 -1 -1 0 -1 0 0 0 0 0 0 -1 0 0 0 2 1 -1 -1 1 -1 1 -2 -1 1 0 2 0 1 0 1 0 3 -1 0 0 1 0 -1 0 0 -1 0 1 -1 -1 0 -1 -1 -1 0 1 -2 0 2 0 18 1 1 -1 0 1 0 0 0 1 0 -2 0 0 2 1 1 0 1 0 -1 0 0 2 0 -1 0 -3 0 -1 0 0 1 0 -2 0 0 0 1 0 0 0 1 0 0 1 -1 1 0 0 0 0 -1 0 1 0 2 -1 1 1 -1 -2 0 0 -2 1 1 -1 0 1 -1 0 0 0 -1 1 0 2 2 0 0 0 1 0 0 1 0 0 0 2 0 -1 -1 1 1 0 -1 -1 1 0 0 0 1 0 0 1 1 1 1 -1 0 0 0 0 0 -1 0 -1 1 1 -1 -1 0 0 1 -1
1 0 0 -2 -1 0 0 3 0 -3 -1 -2 1 0 0 0 -1 0 0 0 1 0 0 1 0 1 1 2 -1 0 0 1 1 1 0 -1 1 -2 0 0 1 1 1 0 1 -1 -1 1 0 1 0 1 1 0 0 -1 -2 2 0 0 0 2 -1 0 0 0 1 1 -1 -1 0 0 1 1 2 0 -1 -1 0 0 1 0 0 0 0 0 0 0 -1 1 -1 -1 0 0 0 1 0 0 0 0 1 -1 1 1 -1 0 0 0 -2 0 2 0 -3 -1 2 0 2 0 -1 0 0 1 0 -2 2 -1 -1 0 2 -2 0 1 1 1 0 0 0 4 2 0 1 -1 0 0 0 -1 0 0 -1 0 0 -1 3 1 -1 1 0 0 1 -1 1 1 1 0 -2 0 0 0 -1 1 -1 0 0 0 -1 0 -1 0 0 1 3 0 -1 -1 0 0 -2 0 0 0 1 1 -1 0 -1 0 -1 -1 1 -1 0 1 0 2 0 1 0 0 0 1 0 -1 -2 0 1 1 0 0 1 1 0 1 1 0 3 0 0 1 0 1 1 0 1 2 1 24 1 0 0 2 0 -1 1 0 1 -1 1 -1 0 1 0 0 -1 0 -1 -1 0 0 0 2 0 0 0 0 0 -1 0 0 3 -1 0 0 0 -2 1 0 0 0 0 1 0 1 0 0 1 0 -1 0 1 0 0 1 0 2 0 -1 0 1 0 0 0 0 0 0 -1 0 -2 1 0 -1 0 2 0 1 0 0 0 2 0 1 -2 -1 1 0 -1 0 0 -1 1 0 0 1 1 1 0 0 2 2 0 2 0 0 1 1 -1 0 -1 -1 1 -2 1 1 2 0 0 0 0 0 -1 -1
1 0 -1 -2 -1 1 0 -2 1 0 1 1 2 0 0 0 1 1 0 -1 0 2 1 0 0 0 0 0 0 1 0 -1 -2 0 0 -1 0 -2 -1 0 1 -1 0 0 0 0 2 -1 0 0 0 0 0 1 0 1 0 0 1 0 0 1 -2 -1 0 -1 0 1 -1 0 0 0 0 0 0 -1 0 0 0 0 0 1 1 0 1 1 0 1 0 1 -2 0 0 0 1 0 1 1 1 0 0 0 1 0 -1 3 0 1 0 0 -2 0 0 0 2 1 0 0 0 1 1 1 0 0 2 0 0 0 1 0 0 -2 0 0 0 1 -1 -1 0 3 0 0 -2 -1 1 0 0 0 0 0 -1 1 2 1 1 0 0 -1 0 0 0 0 0 0 1 0 0 0 -1 1 0 1 0 0 0 0 0 -2 0 1 1 0 2 0 0 1 -1 1 0 0 1 1 -1 0 1 0 1 0 0 1 -2 1 0 0 0 2 0 0 0 0 1 0 0 -1 0 0 1 0 -1 2 0 0 0 0 2 0 -3 1 0 1 0 2 0 -1 1 1 15 0 -2 1 0 0 1 2 0 1 0 0 -1 0 1 0 1 0 0 0 -1 0 -1 1 0 1 -1 0 0 -1 0 1 1 0 1 1 0 1 0 0 0 -1 0 -1 1 0 0 -1 0 0 0 1 1 1 0 -1 1 1 2 0 1 0 1 0 0 2 0 1 -1 0 -1 0 -1 0 2 0 1 0 0 0 1 -2 1 0 0 2 -2 0 0 0 -1 0 0 0 0 -2 -1 0 1 0 0 0 0 1 0 0 0 0 0 -1 1 0 1 1 -1 0 -1 0 0 0 0 0 0 0
-1 -1 -1 -1 0 1 0 1 -1 -1 -1 1 0 -1 0 0 0 0 0 -1 0 0 0 0 0 0 0 0 0 0 -2 1 1 0 -1 0 0 0 -1 1 1 0 -2 0 0 0 0 0 0 0 0 0 0 0 0 0 1 2 1 0 0 2 -3 0 -1 0 -1 -1 -1 0 0 0 -1 1 -1 0 -1 0 -1 0 0 0 0 -1 0 -1 0 0 0 0 0 0 0 -1 0 -1 0 1 1 0 -1 1 0 0 0 -1 -1 0 2 0 0 -1 1 0 1 0 0 -1 0 0 -1 0 1 1 1 0 1 0 -1 1 0 -1 -1 0 0 0 0 1 0 1 0 0 0 -2 1 0 0 -1 -2 1 0 -1 0 -1 2 -1 1 0 0 0 -1 1 0 0 0 -1 1 0 -1 -2 0 -1 -2 -1 3 -1 1 0 0 0 1 1 1 0 0 2 0 1 1 0 1 -1 0 -1 -2 1 0 0 -1 0 -1 -1 0 1 -1 1 0 0 1 1 1 1 -1 0 -1 0 0 0 1 2 0 -1 1 1 0 0 -2 2 0 0 0 0 -1 -1 -1 0 0 17 1 0 0 -1 1 0 -1 0 0 1 0 -1 0 0 0 0 0 0 0 0 0 0 0 -1 2 -1 0 2 1 1 2 0 0 0 0 -2 1 1 1 -1 1 0 2 -2 0 0 0 0 0 1 1 -1 1 -1 0 0 0 0 1 1 -1 1 -2 1 0 0 0 0 -1 0 -1 1 -1 0 3 2 1 0 1 0 0 -1 0 0 1 0 0 1 -2 0 1 0 0 -2 0 0 0 0 -1 0 0 1 0 0 0 1 0 1 0 0 0 0 -1 0 1 0 0 0 1 0 -1 0
0 0 1 0 1 -1 0 0 0 1 0 3 1 1 0 0 2 3 0 2 1 -1 1 0 0 1 0 1 -1 -2 0 1 -1 1 0 0 -2 0 -1 1 2 0 2 -2 -1 -1 -2 0 -1 1 0 -2 0 2 0 0 1 1 -1 1 -1 0 1 1 0 -1 0 1 0 0 1 -1 2 2 1 2 0 -1 -1 -1 0 -2 0 2 0 -1 0 0 0 1 1 0 0 0 0 0 -1 1 0 0 -1 1 -1 -2 1 -1 0 0 0 0 1 1 0 0 -1 0 2 -1 0 0 2 -1 0 -2 0 1 1 0 -1 0 0 0 2 0 1 0 0 0 1 -1 1 1 4 -2 0 -1 0 1 -1 1 1 -2 0 -1 -1 1 1 0 1 1 2 0 0 1 0 1 0 0 1 2 0 0 0 0 -1 0 -1 1 -1 0 -3 0 0 0 0 0 0 0 -1 0 0 0 -1 -1 1 1 1 0 1 1 -1 0 0 0 1 0 0 0 -2 -1 0 4 -2 0 2 0 0 0 2 0 1 -2 0 0 1 0 0 2 0 1 -1 1 0 -1 0 0 -2 1 23 0 -1 1 -1 0 -4 -1 -1 0 0 0 -1 0 0 1 0 0 -1 0 0 1 -1 -1 0 0 0 -1 2 -1 1 0 -1 1 0 -2 0 0 -1 2 1 0 0 -1 1 -1 -2 -1 0 -1 0 0 0 -1 0 1 0 0 0 -2 0 -1 0 1 0 0 1 -1 2 0 0 -3 0 -2 -1 0 2 1 0 -1 0 -2 1 0 -3 0 0 0 -1 1 -1 2 0 0 0 2 0 2 0 -1 0 0 0 0 0 0 -1 0 1 1 0 0 -1 2 0 0 0 0 0 0 1 1
0 0 0 0 0 1 0 0 0 0 1 1 1 0 1 0 -1 -2 0 1 0 1 0 1 0 0 1 0 -1 -1 -1 -1 0 0 0 0 1 0 -1 0 1 0 0 0 -1 -1 1 -1 0 -1 0 0 0 0 -1 1 1 2 -1 -1 0 -1 0 0 -1 0 0 -1 -1 -1 -1 -1 -1 -1 -2 -1 -2 -1 0 0 0 2 0 0 -1 0 -1 0 1 -2 0 0 1 0 0 2 -1 0 0 1 -1 0 -1 1 -1 -1 -1 0 0 0 -1 1 0 -2 1 1 0 0 0 0 1 0 0 -1 -1 1 1 -1 0 1 0 0 0 1 0 0 -1 -1 0 0 0 -1 0 2 -1 0 0 -1 0 1 1 0 0 0 1 0 0 2 0 0 2 0 -2 0 0 1 1 -1 0 0 1 -1 0 0 0 0 -2 0 0 0 -2 0 0 0 0 1 -1 3 -1 0 2 -2 0 0 1 -1 0 1 0 -1 -3 0 0 1 -1 -1 1 -1 0 0 1 0 0 0 1 -1 0 -1 1 0 0 0 -1 0 0 0 2 -1 1 0 -1 -1 0 -1 1 2 1 0 0 17 1 1 0 0 -1 0 0 1 -1 -1 0 0 -1 0 0 0 -1 0 0 0 -2 0 0 0 -1 0 -1 0 0 -1 0 0 -1 -1 0 0 -2 -1 -1 -2 0 0 0 1 0 0 -1 -1 0 0 0 0 2 1 0 -3 1 1 -1 1 0 1 0 0 -1 0 -1 0 0 0 0 0 0 0 0 0 1 0 0 -1 0 1 0 0 0 0 1 0 1 0 -2 -1 1 0 0 0 0 1 -1 0 0 1 1 1 -1 1 -2 0 2 -1 0 0 1 -1 0 0 -1 0 1 0
0 0 0 0 0 0 0 -1 1 0 0 0 0 -1 0 0 -1 0 0 0 0 0 0 0 -1 2 0 0 0 0 0 -1 0 0 0 0 2 0 -1 1 -1 1 1 0 0 -1 0 0 0 1 0 0 1 -1 1 1 0 0 0 0 0 1 0 0 0 1 0 0 0 0 1 0 -1 0 -1 0 0 -1 0 0 0 0 1 1 0 0 0 0 0 1 0 0 0 0 0 -1 0 -1 -1 -2 0 0 0 0 0 0 1 -1 0 0 0 -1 0 0 -2 0 0 0 0 0 0 0 0 -2 0 -1 1 0 0 0 0 0 0 -1 0 1 0 -1 1 0 -2 0 0 0 0 0 0 1 0 0 0 0 1 0 0 0 -2 1 1 0 0 0 0 -1 1 0 0 1 0 0 0 0 -1 0 0 0 0 0 1 -2 0 -1 0 0 0 0 1 0 1 0 0 -1 1 0 0 -1 2 0 0 1 -1 0 -1 0 0 0 -1 0 1 -1 0 0 0 0 0 -1 0 0 0 0 0 1 -1 0 1 1 0 -1 0 -1 -1 0 0 0 0 0 0 0 -1 1 10 0 0 0 -1 0 0 0 0 0 -1 0 0 -1 0 0 1 -1 0 1 0 0 0 1 0 0 -1 0 -1 0 1 0 0 0 -1 1 1 0 0 -1 0 -1 -1 0 0 2 0 0 2 1 0 0 1 1 2 0 1 0 -1 0 0 0 -1 0 0 1 0 -1 1 0 0 2 1 -1 -1 0 0 1 0 0 0 0 0 1 0 0 0 0 1 0 -1 0 0 0 0 0 0 -1 0 1 0 1 -1 0 0 0 1 0 0 1 -1 0 -1 1 0 1 0 0 0 0
0 0 1 0 0 1 0 0 0 2 1 0 -2 2 0 -1 -1 0 0 1 1 0 -1 1 0 0 0 0 2 0 0 0 0 1 0 0 -1 -1 -1 0 0 0 -1 0 0 0 0 0 2 1 0 0 0 0 0 -2 0 0 -1 0 0 0 1 0 1 0 1 0 0 0 2 0 -1 -1 1 0 3 0 0 0 0 0 4 0 1 1 1 1 0 0 1 0 0 1 0 0 -1 0 -1 0 1 0 0 0 1 0 0 0 0 0 0 0 2 1 0 0 0 0 0 1 -1 0 0 0 0 0 0 0 -1 0 0 0 1 0 -1 0 0 0 0 -1 1 1 1 1 0 0 -1 1 -1 0 1 0 0 2 0 -1 0 0 1 0 0 0 -1 0 1 1 -3 0 0 1 0 0 1 0 0 0 1 0 0 0 0 0 2 0 0 0 1 1 1 0 1 1 1 0 2 0 0 2 1 0 1 -1 1 1 -1 0 0 0 0 -1 0 4 -1 -1 1 -1 0 1 0 0 1 1 0 0 1 -1 1 -1 1 0 0 -2 1 -1 0 -1 0 -1 1 1 0 13 0 0 -1 0 0 0 0 0 0 0 1 0 2 0 0 0 0 0 -1 -1 0 0 -1 -1 2 1 0 0 0 -2 1 1 0 0 0 0 -2 1 0 0 1 1 0 2 0 0 0 0 1 1 2 3 0 2 0 -1 0 1 2 -1 -1 1 0 1 0 1 1 0 1 0 -2 0 0 0 0 0 0 0 0 2 0 2 -1 -2 0 0 0 0 0 0 1 0 -1 0 0 1 -2 0 1 2 -1 0 0 0 1 1 0 1 0 0 0 0 1 -1 0 0 1 2
0 0 0 0 0 0 0 3 1 0 0 0 2 0 0 0 1 -1 1 0 2 1 0 0 -1 0 0 1 0 0 0 1 0 0 -1 0 0 0 1 0 0 0 0 -1 0 0 0 0 0 0 0 1 0 1 0 0 0 0 2 0 1 1 0 1 0 -1 1 0 1 0 0 0 0 0 0 0 0 1 -1 1 0 2 0 -1 1 0 0 0 0 0 0 0 0 -1 0 0 0 0 0 1 1 0 0 0 0 0 1 1 0 -1 0 2 0 0 1 0 0 1 0 -1 0 0 0 -1 1 2 1 -1 0 0 0 0 0 0 1 -1 0 0 0 -1 2 0 0 -1 -1 0 0 0 1 0 -1 -1 0 -1 0 -1 0 0 0 1 -1 1 0 0 0 0 0 0 -1 0 2 0 1 0 0 0 0 0 0 1 2 1 0 1 0 0 0 0 0 1 -2 0 0 -1 -1 -1 0 0 0 0 1 0 0 0 0 0 0 0 0 0 1 0 0 0 0 0 -1 1 0 2 0 0 0 0 0 0 -2 -1 0 0 0 0 1 0 0 1 1 1 -1 0 0 0 10 2 0 0 0 0 0 0 0 0 0 0 0 1 0 0 0 1 0 0 0 0 0 0 0 -1 1 0 0 0 3 -1 0 0 -1 0 0 0 0 -1 0 0 0 1 0 0 0 -1 0 0 0 1 0 0 1 0 0 0 1 0 0 1 1 1 0 0 -1 0 1 0 0 -1 -1 2 2 0 0 0 0 1 0 0 0 1 0 2 1 0 0 0 -1 -1 0 -1 0 0 -1 1 2 0 0 -1 0 1 0 0 0 0 0 1 0 1 0 0 0 0 -1 2
1 0 0 0 0 0 0 0 1 0 1 0 0 0 0 2 0 0 0 -2 1 0 1 1 0 -1 -1 0 0 0 -1 0 1 0 0 1 -1 -1 1 0 0 1 0 0 0 0 0 -1 0 -1 0 0 0 1 1 0 0 -1 2 -2 0 -1 0 0 0 0 1 1 1 1 0 1 -1 0 -1 -1 0 0 -1 2 0 1 2 1 -1 0 0 -1 0 1 0 0 0 -1 0 -1 0 1 -1 0 0 0 0 0 0 1 0 1 0 0 0 2 0 0 0 0 0 2 -1 1 -1 1 0 0 0 1 0 0 0 0 1 0 0 1 1 -1 0 0 0 2 1 0 0 0 0 -1 -1 2 0 0 -1 2 0 0 1 0 0 -1 0 0 -2 2 1 0 -1 0 0 0 -1 0 0 1 1 -1 1 1 0 0 0 0 1 0 -1 0 0 -1 -1 1 0 0 -1 -1 0 2 0 0 0 -1 0 0 1 -1 0 2 2 0 1 0 0 0 2 0 0 -1 0 0 -1 1 1 2 0 -1 0 0 1 0 -5 1 0 1 0 0 1 0 1 0 2 0 0 0 0 0 2 14 0 0 0 1 -1 0 0 0 0 -1 0 -1 2 0 0 1 0 0 1 0 0 0 0 1 0 0 -1 0 0 0 0 -1 0 0 1 0 1 0 -1 0 0 1 -1 1 1 0 0 0 0 0 1 -1 0 0 -1 0 -1 1 1 0 -1 1 -1 -1 -1 0 1 1 1 -1 1 1 2 0 0 0 0 2 -2 1 1 0 -1 1 2 0 0 0 -1 0 0 0 1 -1 0 0 1 0 0 -1 0 0 0 0 0 0 0 0 0 1 0 1 0 0 0 1
2 1 0 0 0 0 1 1 -1 -1 0 0 0 0 0 2 1 1 -1 -1 0 -1 -1 1 1 0 0 0 -2 1 -1 0 1 0 1 -1 1 2 1 -1 0 2 -2 2 1 0 0 1 2 0 0 0 1 1 1 1 -1 0 -1 -2 0 1 -1 0 0 0 1 0 0 0 -2 0 1 3 -1 0 1 0 0 -3 0 1 -2 1 0 -1 -1 0 0 0 1 0 0 2 1 0 2 1 0 0 0 -2 2 1 -1 2 -1 0 1 0 2 2 -1 0 1 0 0 2 0 1 -1 0 1 0 1 -1 1 0 -1 1 0 0 2 1 -1 0 0 1 0 0 0 0 1 1 1 0 -1 0 0 0 0 1 0 1 0 -1 1 1 -1 1 1 0 -1 1 0 0 0 1 1 1 0 2 0 0 1 -1 1 1 0 1 2 0 0 0 0 0 0 0 0 -1 0 0 1 -1 0 0 -1 0 0 -1 1 1 1 0 0 0 0 0 1 1 -2 -3 0 1 0 1 0 -1 -1 1 0 2 0 0 1 2 0 0 0 0 2 0 0 2 0 1 0 -1 -4 -1 -1 -1 0 0 20 1 0 0 0 0 0 0 0 -1 2 2 0 0 0 -2 -1 1 1 1 0 -1 0 1 0 0 0 -1 -1 1 0 0 0 0 1 -1 -2 0 0 1 1 1 1 1 1 0 -1 1 1 0 0 0 1 1 0 0 1 1 -1 0 0 -1 -1 -1 -1 0 0 -1 1 -1 -2 0 0 -1 0 2 0 0 1 2 0 0 -1 0 0 1 0 0 0 2 0 0 0 0 1 -1 0 1 0 0 0 0 0 1 -2 2 1 0 1 1 1 -1 0 0 0 1
0 0 -1 2 0 1 0 0 1 0 1 0 0 0 0 1 0 0 0 -2 0 0 1 0 1 0 0 2 2 -1 0 0 -1 2 0 0 1 1 -1 0 1 0 1 1 -1 0 1 1 1 0 0 0 1 1 -1 0 2 0 0 0 0 0 -1 2 0 1 0 1 -1 0 1 0 0 -1 0 0 0 0 -1 0 -1 0 -1 0 0 0 0 0 0 0 0 0 1 0 0 0 0 0 0 0 0 0 1 0 0 0 -1 0 0 0 0 0 -1 0 0 0 0 0 0 0 1 0 -1 0 0 0 0 0 0 2 -1 2 0 0 0 0 1 0 -1 0 0 0 -2 0 1 1 0 0 1 0 1 -1 0 0 1 -1 0 0 0 1 -1 0 1 1 0 -1 0 0 -1 -1 0 0 0 0 1 2 0 0 -2 -2 1 0 0 0 0 0 0 1 0 0 0 1 0 0 -2 1 0 0 0 0 1 0 0 0 0 0 0 1 0 0 -3 1 -1 0 0 1 -1 0 0 0 0 -1 0 0 0 0 0 0 0 -1 0 1 1 0 -2 -1 1 0 -1 0 0 0 0 0 1 15 0 2 0 -2 2 0 0 0 1 0 0 0 -1 0 1 1 0 1 1 0 -1 0 1 0 0 0 0 -1 0 0 0 0 -1 1 0 1 0 0 1 0 1 1 0 0 0 0 0 0 0 0 -2 0 0 -1 0 4 0 0 1 0 0 0 1 0 1 -2 0 0 -1 -2 0 0 1 0 0 1 -1 2 3 0 1 1 0 0 0 -1 0 -1 0 0 0 0 0 -1 0 -2 1 1 0 -1 0 0 0 0 0 0 0 1 -2 0 -1 1 -1 0
1 0 1 0 1 0 0 0 1 0 -1 0 0 0 -2 1 0 -1 0 0 1 0 -1 0 0 0 0 1 0 0 0 -1 0 0 0 0 0 -1 -1 0 -1 0 0 0 0 1 0 0 0 0 1 0 0 3 0 0 1 0 1 0 0 1 -1 -1 0 0 0 0 0 -1 0 0 -1 0 0 0 -1 0 1 0 0 0 1 0 0 0 0 0 0 1 -1 0 0 0 0 0 0 1 -1 0 0 0 -1 0 0 -1 -1 1 0 1 0 1 0 -1 1 0 -1 0 0 1 -1 1 -1 0 -1 0 1 0 1 0 0 1 1 0 0 0 -1 0 1 -2 0 0 1 0 -1 1 0 0 -1 0 0 -1 0 0 0 0 0 -1 -1 0 1 0 0 2 0 1 1 0 -1 0 0 1 0 0 -1 0 -1 0 2 -1 0 0 0 0 -1 -1 0 0 0 0 0 2 0 0 0 0 0 0 -1 0 0 0 2 0 0 1 -1 0 0 1 0 0 0 0 -1 0 0 0 1 -1 0 1 0 0 0 0 0 0 0 0 -1 0 0 0 0 1 0 0 -1 0 0 0 0 0 0 0 10 1 -1 0 0 1 0 0 0 0 0 -1 0 0 0 0 0 0 1 1 0 0 0 0 0 0 0 1 0 1 0 0 -1 0 0 0 0 0 1 1 0 0 1 0 -1 0 0 0 0 1 0 0 0 -1 1 0 1 -1 0 1 0 0 1 0 0 0 0 0 -2 -1 1 0 0 1 0 0 0 0 1 1 0 2 1 -2 -2 0 -2 0 0 0 0 0 1 0 0 0 0 0 0 0 -1 0 1 0 0 0 0 1 0 0 0 -1 0 0
0 0 0 0 0 0 0 0 2 0 -1 1 0 0 0 -1 0 0 -2 0 -1 0 0 -1 0 0 0 0 0 0 0 -1 0 0 0 1 -2 -1 0 0 0 -1 -1 1 2 0 -1 0 0 0 1 0 -1 0 0 0 -1 0 0 0 0 0 1 0 0 0 -1 0 0 -1 0 -1 0 -1 2 0 0 0 1 0 0 0 0 0 0 0 0 0 0 0 0 2 1 1 0 0 -1 0 0 2 -1 0 -1 0 0 -2 -1 -1 1 -1 -4 2 1 0 0 0 0 0 0 0 1 0 -1 0 0 0 0 0 0 0 0 1 0 0 0 0 0 0 0 0 0 0 0 1 0 0 0 0 1 0 0 0 -1 0 1 0 0 -1 0 -1 0 0 0 0 0 0 0 -1 -1 0 0 0 0 0 2 1 -1 0 -1 -1 0 0 -1 1 1 1 -1 1 0 -1 1 -1 1 0 0 0 0 0 -1 0 -1 1 0 3 0 0 0 0 0 0 0 1 1 0 0 1 -2 0 -1 -1 0 1 0 0 0 0 0 0 0 0 0 1 0 -1 0 -1 0 1 0 1 0 0 0 1 0 2 1 12 1 0 1 1 -2 0 0 0 1 0 0 -2 0 0 0 1 1 -1 0 -1 0 0 0 0 -1 0 0 -1 0 0 1 0 0 0 0 0 2 0 1 -1 0 0 1 -1 -1 0 -1 0 0 -1 0 0 -1 0 0 0 0 0 0 0 0 -1 0 1 0 0 -2 0 0 0 0 0 0 0 -1 1 0 0 1 0 -1 0 -1 0 0 -1 0 0 0 0 0 0 0 -1 1 0 1 0 0 -1 1 0 -1 0 0 0 0 -1 -1 -1 0 0
0 0 -1 0 1 0 0 0 0 -2 0 1 0 -2 0 -1 -1 1 0 0 -1 1 -1 -1 0 -1 0 0 1 0 0 0 0 1 0 0 1 1 -3 -1 0 -1 1 1 0 1 -1 1 1 0 -1 1 0 0 0 0 -1 0 1 -1 -1 -1 0 0 -1 1 -1 0 0 0 0 0 0 0 1 1 1 0 -1 0 1 0 0 0 2 0 -1 0 -1 0 -1 0 0 1 1 0 2 1 -1 0 -1 0 2 1 -1 -1 0 1 1 0 -1 0 -1 0 1 1 0 -1 3 -1 0 0 0 0 -1 1 0 -1 0 0 0 0 0 0 0 1 1 0 0 0 0 1 -1 0 0 1 -1 0 1 0 -1 0 0 0 0 0 -1 0 0 -1 0 -1 3 0 0 1 0 2 0 0 0 0 1 0 0 -1 1 0 0 0 0 -1 -1 -2 2 0 0 0 0 -1 -1 2 1 2 1 1 1 2 -1 0 0 1 -1 0 3 -1 1 1 1 -1 0 -1 -2 -2 0 -1 -2 0 1 0 0 -1 0 0 1 -1 2 1 -1 0 0 0 -1 0 2 0 -1 0 0 -1 0 0 0 -1 0 0 -1 1 19 0 1 0 0 0 0 1 1 2 0 -1 2 0 2 0 0 -2 -3 -1 0 0 -2 -1 1 -1 0 0 0 0 1 1 1 0 0 -1 0 -1 0 1 2 0 3 -1 -1 -1 -2 0 2 -1 1 0 1 0 0 0 -1 1 1 0 -1 -1 0 0 1 1 -1 -1 0 1 1 0 0 -1 -1 1 -1 -1 1 -1 0 0 1 -1 1 0 1 -1 1 -1 1 1 -1 0 0 0 0 -2 0 0 1 -1 0 0 0 0 0 0 0 1 0 0
0 0 0 1 -1 0 0 0 0 -1 1 0 -2 -2 1 3 -1 2 0 1 1 2 1 2 -1 0 1 -1 0 1 1 1 0 -1 0 0 1 1 1 0 1 0 0 0 0 1 0 1 -1 1 1 0 0 -3 0 0 -1 0 0 0 0 0 1 1 0 0 1 0 0 0 0 0 0 1 0 0 2 1 1 0 2 0 1 0 1 1 -1 0 -1 0 0 1 0 0 0 0 1 0 0 1 1 0 0 0 0 0 1 0 0 0 -1 0 0 -1 1 0 0 -2 0 1 0 0 0 0 0 0 0 0 0 0 2 0 1 0 1 0 -3 1 -1 0 0 0 1 0 0 1 0 2 0 0 0 1 0 0 -2 0 0 0 -1 1 0 0 1 0 0 -2 -2 0 1 1 -2 0 0 1 0 2 0 0 0 0 0 1 0 0 -1 0 0 0 0 1 0 0 0 0 1 0 0 0 1 1 3 1 -1 0 1 0 0 -1 -1 2 2 0 0 0 1 -1 1 2 0 2 0 0 0 -1 -1 -1 0 1 0 0 0 0 0 0 1 1 0 -1 0 -1 0 0 0 0 0 -2 0 0 0 14 0 0 0 0 1 0 -1 2 1 0 0 1 0 1 1 1 0 0 2 -1 0 0 0 1 0 0 -2 0 0 1 -1 1 0 0 0 0 0 0 0 -1 1 0 0 -1 0 0 0 -2 0 0 0 -1 0 0 0 1 3 0 0 0 0 0 0 1 -1 0 0 0 2 -1 0 0 -1 0 -2 1 -1 1 -1 0 0 1 0 0 1 0 0 0 0 0 1 2 -1 0 1 0 2 1 0 0 1 0 0 0 1 0 -1 0 0 1
0 1 0 1 0 0 1 -1 1 0 0 0 1 1 0 0 0 2 0 -1 0 0 0 1 0 0 1 1 1 1 0 0 1 0 1 0 1 0 -1 1 0 0 0 -1 0 1 1 1 -1 0 0 0 -1 -1 0 0 1 0 0 0 -2 0 -1 0 0 -1 0 0 -2 0 -1 0 1 -2 1 0 0 0 1 1 0 -1 0 -1 1 1 0 0 0 0 1 0 0 0 0 0 0 0 0 2 0 0 0 0 0 0 -1 0 0 1 0 0 1 1 0 0 1 1 0 -1 1 0 0 1 0 0 0 0 2 0 0 0 0 0 0 1 0 0 0 0 0 1 0 0 0 1 1 -1 3 3 1 -1 1 0 1 0 2 0 0 0 1 0 1 0 2 0 0 0 0 1 -1 -2 1 0 0 0 -1 -1 0 0 0 0 -1 1 0 -1 0 0 1 0 -1 0 0 0 -1 0 -1 0 0 1 0 0 1 0 0 0 1 0 0 -1 0 -1 -1 0 -1 1 0 0 0 1 0 0 1 1 0 0 0 0 -1 0 0 1 -1 0 1 0 1 0 -1 0 -1 0 0 0 0 2 0 1 1 0 14 0 0 1 0 1 1 0 0 0 1 1 -1 1 0 0 -1 -1 0 0 1 0 1 0 0 0 -1 -1 0 0 0 0 1 -1 1 1 2 1 0 0 2 0 0 0 0 0 0 0 0 0 0 0 1 1 0 0 0 0 -1 0 0 -3 -1 -1 0 1 0 0 1 0 0 1 0 2 0 0 1 -1 1 0 -1 -1 -1 0 1 0 1 0 0 2 -1 0 -1 2 0 0 1 0 0 0 0 0 0 -1 0 -2 -1 1 -1 1
0 0 -1 0 2 0 0 0 1 -2 0 0 0 1 -2 0 0 0 -1 0 0 1 2 0 0 0 1 1 0 -1 0 0 1 0 1 0 0 0 2 0 0 0 0 0 0 -1 -1 -1 0 0 -1 0 0 0 0 0 0 0 0 0 0 0 0 1 0 -1 0 0 0 0 0 1 -1 1 1 0 -1 0 0 -1 0 0 0 0 0 0 2 2 0 0 0 0 1 0 1 0 0 0 0 1 0 0 1 0 0 0 0 0 0 1 0 0 0 1 0 0 0 0 0 0 0 -2 1 -1 -1 0 1 0 0 -2 0 0 0 0 1 0 0 0 -1 0 0 1 2 0 0 0 1 0 -1 0 0 0 0 0 2 0 0 0 0 0 2 0 0 0 0 0 0 -1 0 0 1 1 0 0 0 0 0 0 -1 0 -1 -1 0 0 0 0 0 -1 0 -1 -1 -1 0 0 0 1 0 0 -1 0 0 -1 1 1 0 0 0 1 0 1 0 0 1 -1 0 0 1 0 0 0 0 0 0 0 -2 0 -1 -1 -1 -1 0 0 0 0 0 0 0 0 0 0 0 0 0 0 0 0 1 1 0 0 0 10 1 0 -1 0 0 0 0 -1 1 0 0 -1 0 0 1 0 0 0 1 2 0 0 0 -1 -1 0 -1 0 -1 0 1 0 1 2 0 0 1 0 1 0 1 0 0 0 0 1 -1 0 0 -1 0 -2 1 0 0 0 -1 0 0 0 -1 0 0 0 1 0 0 0 0 1 0 -2 1 0 1 1 0 0 -1 0 0 0 0 1 0 0 1 1 -2 1 1 -1 1 0 0 1 0 -1 0 0 0 -1 0 0 0 -1 -1 0
0 0 0 0 0 -2 0 -1 -1 1 0 -1 -1 2 -1 0 1 -1 0 -1 0 1 -1 0 0 -1 2 0 0 -1 0 2 -1 -1 0 -1 1 2 0 -1 0 0 0 -1 -1 -1 3 -1 0 0 1 0 0 2 0 0 0 -1 -1 0 0 -1 0 -1 0 0 0 0 2 0 0 0 0 0 -1 0 -1 0 1 0 -1 0 3 0 0 -1 0 0 -1 0 0 1 1 0 1 -1 1 2 -2 0 1 1 1 1 1 1 1 -1 2 1 2 0 0 1 -1 1 0 0 1 0 0 1 0 0 1 0 0 1 -1 1 0 0 -1 0 1 -1 -1 0 0 2 -1 0 1 0 1 1 0 0 0 1 1 -1 1 0 0 0 -1 1 1 1 0 -1 1 -1 1 0 -2 0 0 0 0 -1 1 1 1 -1 0 1 2 0 1 0 2 0 0 1 -1 -1 1 0 -2 0 1 0 0 0 -1 1 -1 0 1 -1 0 1 -1 0 -1 0 2 -1 0 0 1 0 0 0 3 -1 0 -1 0 0 1 0 1 -1 -2 1 -2 0 0 1 -1 1 1 -1 1 0 0 -1 0 1 0 0 0 0 0 -2 0 0 0 1 20 -1 2 0 0 1 0 1 0 0 1 1 -1 2 0 2 -1 0 0 -1 0 -1 0 0 0 -1 0 -2 -1 0 1 2 0 0 -1 1 0 -1 1 0 1 0 1 0 0 0 -3 0 0 0 -1 0 -1 0 0 -1 -1 0 -1 0 -1 0 0 0 0 -2 -2 0 0 0 -2 -1 0 0 0 0 0 0 2 -2 0 1 -1 0 0 1 2 0 -1 0 -1 0 0 0 0 0 -2 -1 -1 0 0 0 0 0 0 -2 1 1
1 0 -1 1 -2 -1 0 0 1 0 0 0 0 1 1 -1 0 -1 0 1 0 0 0 -1 0 2 0 0 0 0 1 0 0 0 2 1 0 0 0 0 0 -1 -1 1 1 0 0 0 0 0 1 0 0 1 0 -2 0 0 -1 0 0 -1 1 0 0 0 1 -1 0 -1 2 0 0 0 1 1 0 0 0 0 1 0 1 1 1 1 1 -1 0 0 0 1 0 -1 3 -1 1 0 0 0 0 1 1 -1 0 0 1 2 0 0 0 0 0 2 1 -1 0 0 -1 0 0 -1 0 1 0 2 -1 0 1 1 1 0 0 1 0 0 0 -1 0 0 1 0 1 -1 0 -1 0 0 0 0 1 0 1 0 1 0 0 1 1 0 0 1 -1 1 0 0 1 -1 -1 1 -1 -1 -1 0 0 0 0 0 0 1 0 0 0 0 0 -1 1 1 0 0 -2 0 0 1 1 0 2 0 0 0 -1 0 0 0 1 0 1 0 1 0 0 0 -1 0 0 -1 -1 0 1 3 1 0 0 0 0 -1 0 0 0 1 0 0 0 0 0 0 0 0 1 0 -1 0 0 -1 -1 0 0 0 0 0 1 0 -1 13 0 0 2 0 -1 0 1 0 -1 0 0 0 1 2 0 0 0 0 0 0 0 1 -1 0 0 0 1 -2 0 0 0 -1 2 0 0 0 0 0 0 0 -1 2 0 0 0 0 0 -2 0 1 0 0 0 1 -1 0 -1 -2 0 -1 1 2 0 1 0 1 0 -1 1 0 0 0 0 0 0 0 0 0 -1 0 -1 1 0 0 -1 1 0 0 0 0 0 0 0 1 0 0 1 1 0 0 1 0 2 1 0 -1
0 0 0 1 -1 1 0 -1 1 2 0 0 -4 2 0 1 0 1 1 0 0 1 -2 -1 0 1 -1 0 0 0 1 0 0 0 -1 0 0 2 1 -1 0 1 0 1 -1 2 0 0 0 1 0 0 0 -1 0 0 1 0 0 0 -2 1 0 1 0 0 -1 0 0 0 1 1 1 -1 1 0 2 0 0 0 0 0 2 1 0 0 0 0 -1 0 0 1 0 0 1 -1 1 0 0 -1 0 0 -1 1 0 0 -1 1 2 2 -1 2 0 1 1 0 0 1 0 0 0 0 0 0 0 -1 0 0 0 -1 0 -1 0 0 -1 0 0 0 1 0 -2 0 0 0 1 0 2 1 -2 0 2 1 2 0 2 -1 0 0 0 1 0 0 -1 1 0 0 -2 0 1 0 1 1 0 2 0 0 1 0 -2 0 2 1 3 0 -1 -1 -1 0 1 1 0 0 2 -1 0 -1 1 -1 -1 1 0 0 -1 1 -2 0 0 1 0 -3 -1 0 -1 0 0 0 0 0 0 0 0 0 0 -1 -1 1 1 0 -1 0 -1 -1 1 1 -1 -1 0 0 0 0 0 2 0 0 2 1 0 0 0 1 0 -1 2 0 18 -1 1 0 0 1 0 1 1 0 -2 0 -1 1 0 -1 0 -1 -3 0 0 0 -2 -2 0 0 1 -1 2 2 -1 1 0 0 0 0 2 -1 0 0 0 0 -1 0 1 -1 0 2 0 -1 1 1 1 0 0 0 0 -1 0 -1 -1 -2 0 -1 0 0 0 -2 0 1 0 -1 1 -1 0 0 0 -3 -1 1 -2 0 0 1 0 -1 0 2 -1 -1 0 1 1 0 0 1 -1 1 0 2 0 1 -1 0 0 0
1 0 0 -1 -1 0 3 2 0 0 0 0 0 0 -1 0 0 0 0 1 1 1 -2 -1 2 -1 -1 0 0 0 0 1 -1 -1 0 0 0 0 -1 1 1 0 1 1 1 2 0 0 -1 0 1 0 0 -1 0 2 2 0 0 0 1 0 -2 -1 0 1 1 0 0 -1 1 0 0 1 2 0 0 0 0 0 0 -1 -4 1 0 -1 2 2 0 0 -1 3 -2 0 0 0 0 2 -3 0 1 1 0 0 -1 0 2 -2 0 0 0 0 1 0 2 0 1 0 0 0 0 2 -1 0 0 3 0 1 -1 0 0 1 -1 0 -1 0 0 -1 0 0 2 0 2 2 -1 0 -1 0 0 0 -2 1 1 -1 -1 -1 -1 0 1 1 0 -1 0 0 1 -1 -2 2 1 0 0 0 1 0 1 -1 -2 1 0 -1 0 -1 -1 0 0 -3 -2 1 -1 -1 -1 0 -4 1 -1 1 0 1 -4 0 -2 1 1 1 1 0 0 0 0 -1 -1 1 -1 1 0 0 -2 1 -1 0 0 0 -1 -1 0 2 1 -1 0 0 1 0 0 2 0 -1 0 0 0 0 0 0 1 -1 2 0 0 0 1 0 1 0 0 0 -1 21 -1 0 1 1 1 1 -3 0 1 0 -1 3 -1 0 0 1 0 0 0 0 0 -1 2 1 2 0 1 0 0 0 0 0 0 1 0 0 1 2 0 1 0 0 1 -1 0 -1 -1 1 -1 0 1 0 0 2 0 -2 -1 0 -1 0 1 2 1 0 1 3 0 2 -1 0 0 0 1 0 0 0 -1 2 1 0 0 2 2 0 0 -1 0 0 0 0 1 1 -1 -1 -1 0 1 3 0 0 0 0 -1 1
0 0 0 3 1 0 0 -1 0 0 0 0 1 -1 0 1 -1 0 1 -1 -1 1 -1 0 1 3 -1 0 0 1 0 2 0 0 0 0 1 0 1 2 1 1 -1 0 0 0 0 1 -1 1 0 2 0 2 0 1 1 -1 1 0 1 0 1 -1 0 0 0 2 1 0 1 0 1 0 1 1 0 -2 -2 1 0 0 1 1 1 0 2 -2 1 0 0 0 0 0 1 -1 0 0 1 -1 1 0 0 0 1 1 -2 0 0 1 -2 2 -1 1 -1 0 -2 0 -1 0 0 1 0 1 0 -1 1 0 0 -1 1 -2 0 1 2 0 0 1 1 2 1 0 2 0 0 0 0 1 0 0 1 -2 1 1 1 1 -1 -1 1 0 0 0 1 -1 -1 1 1 0 1 0 1 -1 0 0 1 -1 0 0 0 0 1 0 0 0 1 0 -1 0 0 1 0 -2 0 0 -1 -1 1 -1 0 1 1 1 0 3 -1 -1 0 0 0 0 0 0 -1 0 1 -2 0 1 0 1 0 0 0 0 0 0 -1 0 -1 1 1 -1 0 0 0 0 -1 0 -1 -1 1 0 0 2 0 0 0 1 1 -1 1 0 0 2 1 -1 19 0 0 0 0 0 0 0 -1 0 -1 0 0 -2 2 0 1 1 -1 0 0 -1 0 1 2 -1 0 0 0 2 1 0 0 -1 1 0 1 1 -1 0 -1 1 1 0 0 0 2 1 0 1 1 -1 0 0 -1 1 -1 0 0 1 0 0 1 1 0 1 0 1 1 -1 -1 0 0 0 -1 0 1 0 0 0 1 0 0 0 -1 0 0 3 -1 0 -2 -2 1 0 0 0 -1 0 0 0 0 -1 -1 0
0 -1 -1 0 -1 1 0 0 0 -1 0 0 1 0 0 5 1 -1 1 -1 0 2 -1 0 3 0 2 0 0 0 1 0 0 0 0 0 -1 1 -2 0 -1 -1 0 0 0 -1 1 1 0 0 -1 0 -1 0 -1 0 1 0 1 1 0 -3 1 0 0 0 0 0 -2 0 0 -1 0 -1 2 0 2 3 1 0 1 0 0 1 0 1 0 0 -1 1 0 0 1 0 1 -1 0 0 0 1 2 -1 0 0 0 0 0 0 0 1 0 -1 2 1 0 1 0 -1 0 2 0 0 0 0 0 0 -2 0 0 -1 0 0 1 -1 3 1 0 0 -1 2 -2 0 -1 0 0 0 -1 -1 0 1 1 0 1 0 0 1 2 0 0 2 1 0 0 -1 0 0 0 2 2 0 2 -1 0 1 -1 0 1 0 0 -1 -1 2 0 0 2 1 0 1 0 0 0 0 0 0 0 -1 -1 1 0 4 -1 1 -1 0 1 1 2 -2 1 2 0 0 -2 0 1 -1 0 -2 0 0 1 1 0 -1 -1 0 -1 0 2 1 0 1 1 0 2 0 0 0 0 0 -1 0 0 0 0 0 -1 0 2 2 0 0 1 0 0 0 0 21 -1 -1 -2 0 0 1 0 3 0 1 0 0 -1 0 1 0 1 1 -1 0 0 0 2 1 1 1 0 0 -1 0 -2 0 2 0 1 1 0 -3 3 0 0 1 -1 0 0 1 0 0 2 -1 -2 0 1 1 1 -2 -1 0 0 -2 -1 1 1 2 -2 0 0 0 1 2 1 1 2 0 0 -2 4 0 1 0 3 1 1 -1 0 0 0 0 0 1 1 3 0 0 0 -1 0 -1 0 -1 2 0
1 1 0 0 0 0 1 0 -1 1 0 0 2 -1 0 0 -1 -2 1 0 0 0 0 0 -1 0 -1 0 0 0 1 0 0 1 -1 1 0 1 1 0 2 0 1 -1 0 1 -1 1 -1 0 1 0 0 1 -1 2 2 0 1 0 1 0 -1 0 0 0 0 0 1 0 -2 -1 0 0 0 -1 0 1 0 0 0 -3 0 0 0 0 0 0 1 -2 0 1 0 0 0 1 1 1 0 1 0 1 -2 0 -1 0 1 0 0 0 1 1 0 -1 -1 1 0 0 0 0 -1 1 0 1 0 0 0 0 -1 -1 0 1 1 0 2 -1 -1 1 0 0 0 0 0 0 0 1 1 -1 -1 -2 -1 1 -1 -1 -1 0 0 0 0 1 -1 0 1 0 0 2 1 0 0 0 1 -1 -1 0 1 -1 2 1 0 0 -1 0 0 0 0 -1 0 0 0 0 0 0 0 0 -1 0 -2 0 1 0 1 -1 0 2 0 0 0 0 0 0 2 1 0 -1 1 0 2 0 -1 0 0 0 0 1 -1 0 0 1 0 1 0 0 0 1 0 0 -1 0 0 0 0 0 0 0 0 -1 0 0 0 1 0 0 0 -1 0 1 0 -1 14 -1 1 0 0 0 -1 0 -1 2 -1 0 0 0 1 1 0 0 1 -1 0 0 0 -1 0 0 -1 1 0 0 0 0 0 -2 0 1 1 -1 0 -1 0 0 -1 1 0 0 0 0 0 0 0 1 -1 1 0 1 0 1 -1 0 0 0 0 0 2 0 -1 0 0 0 0 1 -1 0 0 0 -1 0 1 0 0 0 0 2 0 0 -1 0 1 0 0 1 0 -1 0 1 0 1 -1 0 0 1
1 0 0 -1 -1 0 0 2 1 1 0 0 0 0 0 0 0 0 0 0 0 0 -1 0 0 1 -1 0 0 0 -1 0 0 0 -1 1 0 -2 -2 1 0 1 -1 0 -1 1 1 0 0 0 0 1 0 0 1 -1 0 1 0 -2 -3 1 0 0 -1 -1 -1 1 0 0 1 0 -1 -1 2 -1 0 1 0 1 -1 1 0 0 0 0 0 0 1 0 -1 1 0 -2 0 -1 0 -2 0 -1 0 1 0 -1 0 2 0 0 -1 -1 0 1 -1 -1 1 0 -1 0 0 -1 1 1 0 0 3 1 1 0 1 0 -2 -1 0 0 -1 0 -2 1 0 0 -1 0 0 0 -1 0 0 3 -1 2 0 -2 1 0 -1 0 -2 0 0 0 -1 1 0 0 -2 0 0 0 0 0 0 0 0 1 0 0 2 0 -1 -3 -1 -1 1 1 0 -2 0 0 0 0 0 0 -2 -1 0 -1 1 -1 2 0 1 0 -1 0 -1 0 1 0 -1 0 -1 1 -1 0 0 0 0 0 0 -1 0 -2 0 0 0 0 -1 -1 0 -1 0 -1 0 0 -1 2 1 0 1 0 1 0 1 1 -2 0 0 -2 -1 0 0 -1 1 0 1 1 0 -1 -1 16 -1 0 0 2 -1 0 0 0 0 0 0 -1 1 0 1 0 0 0 1 1 0 0 0 1 0 -3 0 1 1 0 1 -1 1 0 -1 2 0 0 0 -1 1 -1 -1 0 0 0 0 0 1 0 -1 -1 0 0 0 0 0 1 0 0 1 1 0 1 0 1 0 0 0 -1 0 0 1 1 0 -1 1 0 0 -1 -1 0 1 0 -2 0 0 0 0 0 1 -1 -1 0 0 2 0 0 0 0
0 0 3 0 1 1 0 0 0 -1 1 -1 1 0 0 -1 1 1 -1 0 0 0 0 -1 0 2 0 -1 0 0 1 0 0 1 1 1 1 0 0 -1 1 0 0 3 3 0 0 1 -2 1 0 0 -1 -1 1 -1 0 0 1 -1 1 2 0 0 0 0 0 0 1 1 0 1 0 0 1 0 0 1 1 2 2 0 0 0 -1 3 1 0 0 0 -1 -1 0 0 0 0 0 0 0 0 -1 2 2 0 0 0 1 -1 0 0 2 0 0 0 1 0 2 0 2 -1 1 3 0 0 0 0 -1 0 -1 1 0 -1 2 -1 0 1 0 -1 1 0 1 -1 0 -1 -1 0 0 2 1 0 0 1 1 0 1 -1 -1 1 1 2 0 0 2 0 0 0 0 0 0 0 -1 0 -1 2 1 1 2 2 -1 1 2 -1 -1 0 0 -2 0 1 1 1 0 1 0 1 0 0 0 -1 1 1 1 1 0 0 0 0 0 0 2 1 1 0 2 -3 1 1 0 -2 0 0 0 -1 -1 -1 -1 0 0 1 1 1 0 1 0 0 0 0 0 0 -1 -2 0 -1 0 0 -1 1 0 0 2 0 1 1 0 1 0 1 0 -2 1 -1 20 1 1 0 0 -1 0 0 0 0 0 2 0 0 0 0 1 0 0 2 -1 0 0 0 1 -1 0 1 1 0 0 0 1 0 0 1 0 0 1 1 0 -2 -1 -1 1 0 1 1 1 0 -1 0 1 0 1 1 0 2 0 1 0 0 1 -1 0 2 2 -1 1 -1 1 2 0 0 0 -2 0 1 1 0 0 1 1 0 1 0 1 -2 1 -2 0 1 1 0 0 -1 1 0 0 -1
1 1 2 2 -2 -1 1 0 -1 0 0 -1 0 1 2 -1 1 0 1 -2 0 3 0 0 0 0 0 0 2 1 0 1 0 1 0 0 1 1 0 0 3 0 -1 -1 0 0 1 0 0 -1 0 0 1 0 0 0 1 1 0 0 -1 0 -2 0 0 -2 -1 -1 -1 -1 0 0 1 -1 1 -1 2 -1 0 0 0 0 1 0 -1 0 0 0 2 0 0 1 0 0 0 0 0 0 0 0 0 -1 -2 0 0 0 0 0 0 -1 -1 2 0 0 2 0 0 0 0 -1 0 -1 0 0 0 1 0 -1 1 0 0 1 1 0 1 0 2 -1 0 0 0 0 0 0 0 1 0 1 -1 0 1 0 0 0 1 0 1 0 0 -1 0 0 -1 1 -1 0 1 0 0 0 -1 0 -1 1 0 0 0 -1 0 2 0 0 1 0 -1 1 -1 1 1 3 0 -1 1 2 1 0 3 0 -1 -1 0 1 -2 -1 0 0 0 -1 0 0 0 -2 -2 1 0 -1 0 0 0 2 0 0 0 2 0 1 0 0 -1 0 1 1 0 1 -3 0 1 -1 -1 0 0 -1 0 0 1 1 0 0 0 1 1 0 0 0 1 1 0 0 0 0 1 16 -1 2 0 -1 -1 0 0 0 0 1 -2 0 0 0 -4 -1 0 0 -1 0 0 -2 0 -1 0 1 1 1 0 2 -1 0 0 -1 0 0 1 0 -1 1 0 0 0 2 1 0 0 -3 -2 0 0 0 0 -1 0 0 1 0 0 1 1 -3 0 2 -1 0 -2 -1 1 0 0 0 0 0 1 0 0 0 -2 1 0 0 -1 1 1 0 -1 1 -1 0 1 1 1 0 1 0 1 0
0 -1 -1 0 -1 0 -1 0 0 0 -1 1 0 0 -1 3 0 1 0 1 1 -1 -1 2 1 0 1 0 1 0 0 0 1 0 0 -1 1 0 -1 0 0 0 1 1 1 0 0 0 0 2 -1 -2 -1 -2 1 1 2 1 1 -2 -1 1 0 0 0 0 -1 -2 1 0 -1 -1 0 1 1 0 0 1 0 -1 0 1 1 -1 1 -1 0 -1 -2 0 0 -1 1 1 0 0 1 0 0 -2 -2 0 3 1 0 1 0 1 1 0 1 2 -1 0 0 0 2 2 0 0 0 0 -1 2 0 0 0 -1 -1 0 0 -1 0 0 1 0 -1 2 1 1 0 -2 0 -1 0 0 -2 0 0 0 -1 0 0 0 0 0 1 0 -1 1 0 0 0 0 -1 1 0 -1 1 0 0 2 0 0 1 0 2 0 -1 0 1 0 1 0 -1 0 0 0 -1 0 -1 0 0 0 0 0 0 0 0 1 1 0 2 1 -1 3 0 1 -1 0 1 0 1 -1 -1 0 0 0 0 -1 0 -2 0 -1 1 -3 1 0 -1 -1 0 -3 -1 -1 0 0 -1 2 0 0 0 0 0 1 1 0 0 0 2 0 -1 0 1 -1 1 -3 0 0 0 0 1 -1 17 0 0 0 -1 -1 0 -1 -1 0 0 -1 0 0 0 1 -1 1 1 1 0 1 0 0 0 4 1 0 0 0 1 0 0 1 0 0 1 -1 0 0 0 -1 0 1 0 -1 -1 -1 0 2 1 1 0 0 1 -1 0 1 0 0 1 -1 0 3 1 0 0 0 1 0 2 -1 1 1 0 0 0 0 0 -1 1 -1 0 1 -1 1 0 0 -1 1 1 -1 0 -1 2 0 0 1
0 -1 0 1 2 1 0 3 0 -1 0 1 -1 0 -1 -1 -1 -2 0 -1 -1 -1 -2 0 0 0 1 1 1 0 0 0 0 0 1 0 -1 -1 -2 1 2 -1 -1 -1 0 0 1 0 -1 0 3 2 2 0 0 0 1 1 0 0 -1 0 3 -1 1 -4 0 -1 -1 0 1 -2 2 -1 1 0 1 -1 0 0 0 -1 0 0 -1 0 -2 -1 3 -1 0 1 0 1 -2 -1 0 -1 -1 1 1 0 0 0 1 1 -1 -1 0 1 -1 0 0 0 0 0 1 0 2 -1 3 -1 0 0 0 0 1 1 2 0 1 -2 0 0 0 1 1 2 -1 0 0 -1 -1 0 -1 1 1 0 1 1 0 2 0 0 0 0 1 0 1 -1 -3 0 2 0 -1 0 0 1 0 0 -1 0 0 1 -1 1 0 -1 0 3 -1 1 0 2 0 -1 0 -1 -1 0 1 0 0 1 0 1 1 0 1 1 -1 1 0 1 0 0 1 0 2 0 -1 1 0 0 0 0 -2 0 0 2 0 2 0 0 0 0 1 -1 0 1 2 1 -1 2 -1 0 0 -1 0 0 1 0 0 0 1 1 0 1 0 1 1 -1 1 0 0 0 0 1 0 2 0 2 0 24 -1 0 0 1 0 0 0 0 2 0 0 0 0 -1 1 -1 1 -1 -1 3 1 1 1 1 1 0 1 1 -1 1 0 -2 1 0 1 0 2 1 0 2 -1 1 0 -1 -1 1 0 0 0 2 0 0 1 0 0 1 1 0 0 1 0 3 -2 0 1 0 1 2 0 0 -1 0 1 0 0 0 0 -1 2 -1 1 0 1 1 1 1 0 0 3 1 1 2 1 -1 1 2
1 -1 1 0 -1 1 1 -1 1 -2 0 1 2 -1 0 0 1 2 0 0 0 1 0 0 0 -1 -1 0 0 1 1 0 1 0 0 -1 0 0 -2 0 0 2 1 0 0 1 0 0 -1 -1 0 1 1 0 0 0 1 0 0 0 0 -1 0 0 0 0 0 0 0 1 0 1 -1 -1 -1 -1 0 0 -1 0 0 2 -1 1 0 0 -1 2 -1 -2 0 0 1 0 0 1 -1 0 -1 -1 0 -1 -1 -1 0 -1 0 1 -1 -1 0 -2 0 1 -2 0 0 0 0 0 0 0 -1 -1 -1 1 0 0 1 -1 2 1 1 0 0 0 -1 0 0 0 0 0 -1 0 0 -1 0 -1 0 -2 -1 1 0 0 -1 0 0 -1 0 0 0 0 1 0 0 0 1 -1 -1 0 -1 0 2 0 1 1 -1 0 0 1 1 0 -1 -1 0 -1 -1 2 0 -2 0 0 -1 1 -1 0 0 1 -1 -1 0 0 -2 0 0 0 -1 2 2 0 0 0 0 0 1 1 0 0 0 -1 0 0 0 -1 -1 0 0 0 0 0 0 -1 -1 1 0 0 0 0 0 -1 0 -1 0 0 0 1 1 1 0 1 0 0 -1 0 -2 1 -1 0 -1 -1 0 0 0 -1 15 0 0 -1 0 0 1 0 2 0 -1 0 2 1 0 -1 0 0 -1 -3 0 0 0 0 0 0 -1 -1 0 0 -1 1 -1 0 0 -1 0 0 -1 -1 0 0 0 1 0 0 -1 0 0 0 -1 0 0 1 0 0 0 0 0 1 1 1 0 2 2 0 1 -1 -1 -1 1 1 0 0 0 0 -1 -1 0 0 0 2 0 -1 -1 -1 0 -1 -1 0 0 1 0 0 1 -2
1 -1 1 0 1 1 0 -2 0 1 0 -1 -1 -1 0 3 0 -1 2 -2 0 0 -1 0 0 0 0 0 -1 -1 0 1 0 -1 0 0 0 0 1 1 0 0 -1 0 0 0 1 -2 1 0 -1 0 0 1 0 1 0 0 0 0 0 1 1 0 1 0 1 -1 0 0 0 0 0 0 1 0 1 0 -1 0 0 1 0 0 0 -1 0 0 1 1 0 0 -1 -1 0 1 1 0 0 -1 0 1 0 1 0 0 2 -1 0 1 1 -1 1 -1 1 0 0 0 1 3 -1 0 2 0 0 1 0 0 -1 2 0 2 -2 0 3 0 1 0 1 2 0 1 1 0 0 0 0 0 0 1 0 3 0 0 0 1 0 2 0 2 -2 0 0 1 0 0 2 0 1 -1 0 0 1 -1 -1 0 2 1 0 -1 0 1 0 1 0 2 2 -1 1 0 -2 -1 0 -1 -1 1 1 0 -1 2 2 1 -2 -2 0 0 1 -1 1 1 1 1 -1 0 0 0 -1 0 1 1 -2 2 0 -1 -2 -1 0 0 1 0 0 3 0 1 0 -1 -1 2 -1 0 0 -1 0 0 -1 0 1 -1 -2 1 0 0 2 0 0 0 0 3 0 0 -1 -1 0 0 0 23 1 1 -2 -1 0 0 -1 0 0 1 -1 -1 0 0 0 1 0 1 0 1 0 0 -3 -1 1 -1 0 2 0 1 -1 1 -3 -1 0 0 2 0 0 0 0 -1 1 1 -1 1 0 0 0 1 2 0 1 0 0 1 0 0 0 0 1 1 0 -2 -1 0 1 1 0 0 0 0 0 2 -1 0 -2 0 1 -2 0 1 1 1 0 0 1 0 0 0 0 -1 1 0
-1 1 0 0 0 -1 -1 0 1 0 1 1 1 0 1 0 0 0 0 0 0 0 0 0 1 0 1 1 0 0 0 0 0 0 0 0 -1 0 0 2 0 0 -1 0 1 -1 -1 0 1 0 -1 0 0 2 0 -1 -1 1 0 1 0 0 1 0 2 -1 1 -1 -1 0 2 1 -1 1 0 0 0 1 0 0 1 0 2 0 -1 -1 1 0 0 0 0 0 0 0 0 -2 -1 0 -1 -1 1 1 1 0 0 0 0 1 0 1 2 0 0 1 0 0 2 -1 0 1 -1 -1 2 1 1 0 1 0 0 0 0 -1 0 0 1 -1 0 0 0 -1 1 0 0 0 0 0 0 -1 -1 -1 1 0 -1 1 0 0 -1 -1 0 1 1 0 -1 0 2 -1 0 0 0 0 0 0 0 0 -1 0 0 0 0 0 0 0 0 -1 1 1 0 -1 1 1 0 1 0 -1 0 1 1 0 1 0 0 0 0 1 -1 0 -1 0 1 0 -2 1 0 1 1 1 0 0 -1 1 1 0 1 0 0 1 0 -1 1 0 -1 -1 1 0 1 0 0 1 2 -1 -1 2 0 0 0 -1 0 0 -3 0 -1 1 0 1 -1 -1 -1 0 -1 0 0 -1 -1 0 0 1 15 -1 -1 0 0 1 1 1 0 0 -1 0 0 0 0 0 0 1 -1 3 -1 0 -1 0 0 0 1 0 0 1 1 0 0 -1 1 -1 -1 0 1 1 0 0 2 0 0 1 1 0 0 0 0 0 0 0 0 2 1 0 0 0 -1 1 0 0 2 0 0 1 0 0 0 1 -1 2 0 2 0 -2 0 2 1 2 0 0 0 0 -1 1 1 0 0 0 -1 1
1 3 0 1 0 2 1 -1 1 0 1 1 0 1 -1 0 0 0 0 -2 1 -1 2 0 -1 -1 1 1 1 0 0 0 0 -1 2 -2 -2 0 -1 -1 0 0 1 1 0 0 3 0 0 0 1 0 1 1 0 0 1 0 0 1 0 0 1 1 1 1 0 1 2 1 -1 1 0 -1 -1 0 0 1 1 0 1 1 1 2 1 0 1 0 2 0 0 0 0 -1 1 0 0 1 0 0 1 -2 0 2 0 -1 1 0 1 1 0 0 1 1 -1 -1 -1 1 0 0 -1 1 0 1 -1 1 -1 0 2 3 2 0 -1 0 0 0 1 0 0 1 1 1 1 2 0 1 -1 0 -2 -1 3 1 2 -1 -1 0 0 1 1 1 0 1 -1 -1 1 0 -2 1 -1 0 1 -1 0 0 -1 0 -1 1 0 1 1 1 2 0 1 0 1 1 0 1 -1 0 0 2 -1 2 1 1 0 0 -1 -1 0 1 1 0 1 1 0 1 1 0 1 0 0 0 2 1 1 2 0 -1 -1 1 0 0 -2 -1 0 1 1 3 0 0 0 0 1 1 -1 0 0 1 -1 1 1 0 0 -1 -1 0 -1 0 2 2 1 3 0 1 2 0 0 0 -1 1 -1 1 -1 23 -1 0 -1 0 1 2 0 0 0 -2 1 0 0 1 1 1 0 0 1 2 -1 -1 2 0 1 0 1 0 -1 0 0 -1 0 1 1 1 0 3 1 1 -1 1 1 1 1 0 3 0 -1 0 0 -1 0 0 1 0 0 0 0 1 1 2 0 1 -1 1 0 1 0 0 1 0 1 0 0 0 0 0 1 0 2 0 1 3 1 1 0 1 2 1 2 1
0 0 0 0 0 1 -1 1 0 1 0 0 -2 0 -1 0 0 0 1 0 1 0 -1 0 -1 0 0 1 -1 0 1 1 0 0 0 0 2 -1 0 1 1 0 -2 1 -1 -1 1 3 1 0 2 2 0 -1 0 -1 1 0 1 0 0 1 -1 1 0 -1 0 1 0 0 -1 -1 1 0 -1 1 -1 0 1 0 -1 1 0 -1 1 0 -1 0 0 0 1 0 0 1 0 1 0 0 1 1 0 0 -1 0 1 0 -1 1 0 0 -1 0 0 0 1 0 1 -1 0 0 0 1 0 -1 0 0 0 0 -1 0 0 0 0 0 1 2 -1 1 -1 0 0 0 0 -1 2 -1 0 2 0 0 -1 0 0 2 0 0 0 0 1 0 2 0 0 0 0 -1 -1 0 0 -1 1 0 0 -1 0 1 1 0 -2 1 1 1 1 0 0 0 1 0 0 0 0 0 1 0 -1 -1 2 0 1 0 1 0 0 1 0 0 0 0 0 0 1 0 -1 0 1 0 1 0 1 0 0 -1 0 0 1 1 1 2 0 1 1 0 2 0 -2 3 1 2 1 0 -1 0 1 0 0 1 0 0 0 2 0 0 -1 0 0 -1 0 0 -1 0 0 0 0 0 0 -2 -1 -1 15 0 0 0 -1 -1 -1 1 0 1 1 0 0 0 0 0 0 0 -1 0 0 0 0 0 0 2 0 0 0 1 0 0 0 1 1 0 0 -1 0 0 2 -1 0 -1 1 0 1 -1 0 -1 2 -1 0 0 1 1 -1 -1 0 0 0 0 1 2 0 0 0 1 -1 0 0 0 1 -1 0 0 0 0 0 0 1 0 0 0 0 -1 1 0 0 0 -1 0
1 -1 -1 0 -1 2 2 2 0 2 -1 0 0 0 -1 0 0 1 1 -1 -1 -1 -1 0 0 0 -1 0 2 0 1 -1 0 1 0 0 -2 0 0 -1 0 -1 -1 -1 -1 0 -2 0 0 -1 0 0 0 -1 0 0 -1 -1 0 0 0 -1 -1 0 -1 1 0 -1 0 0 0 0 0 0 0 1 0 0 2 0 0 0 0 -1 -1 -1 0 0 1 1 0 1 0 1 1 1 0 0 0 0 -1 0 0 0 1 0 1 -1 -1 -2 0 2 1 2 -1 1 1 2 0 1 1 -2 0 0 0 -1 0 -1 0 0 0 1 0 0 0 1 1 -1 -1 0 0 1 1 0 1 0 0 1 0 -1 2 0 1 0 0 0 1 1 -2 -1 1 1 0 -1 0 1 0 1 0 0 0 0 0 -1 0 0 0 -2 0 -1 0 0 1 0 0 0 0 0 0 0 0 0 1 -1 0 1 0 -1 0 1 -4 0 0 -1 1 -1 -2 -1 -1 0 -2 0 -1 -2 0 0 -1 -1 0 1 0 0 1 0 0 0 0 1 1 1 1 1 0 -1 0 -1 0 0 0 -1 0 0 0 0 0 0 0 0 0 -1 0 0 0 0 -1 0 -2 0 0 0 0 0 -1 0 0 -1 0 0 0 16 0 0 -1 -1 1 0 0 0 0 -1 1 0 0 1 0 -1 1 0 -1 2 0 -1 -1 0 0 -1 1 0 0 1 -1 3 1 -1 0 -1 0 -1 -1 0 0 -1 0 1 0 -2 0 -2 2 0 -1 0 -1 1 2 1 2 0 0 1 2 0 -3 0 1 -2 -1 1 -1 0 2 -1 2 0 0 1 0 0 -1 1 0 0 1 0 1 0 1 0 0 0
-1 0 0 -1 1 0 1 -2 0 2 0 0 1 -1 0 0 -1 0 1 0 -2 1 0 0 -1 2 1 0 0 0 0 1 0 0 0 0 3 0 1 2 2 0 0 1 0 1 0 0 0 0 0 1 0 1 0 1 1 0 0 0 0 1 0 -1 0 0 2 0 -1 1 0 -1 1 0 0 -1 1 0 1 0 0 0 0 0 -1 -1 0 0 0 1 0 0 1 0 0 0 -1 -1 0 1 0 -1 0 0 -1 1 -1 0 0 1 -2 0 0 0 0 0 -3 1 -1 0 1 0 1 0 1 -1 1 0 0 0 0 -1 1 0 0 0 0 0 0 2 1 0 0 0 -1 0 2 0 1 1 0 1 1 0 2 0 -1 0 0 0 1 0 1 1 -1 -1 1 -1 0 0 -2 0 1 0 -1 -1 0 0 0 1 0 0 0 0 0 0 0 0 0 0 0 0 -1 0 0 0 1 0 0 -1 0 -1 0 1 -1 1 -1 0 0 0 0 0 0 0 1 -1 1 0 0 1 0 1 1 -1 -1 1 1 0 0 0 0 0 0 1 0 0 1 0 -1 0 1 0 0 -1 0 0 0 0 -2 0 1 1 0 0 0 0 2 -1 0 0 0 0 -1 0 1 0 0 -1 0 0 15 1 1 1 -1 0 -1 0 -1 1 0 0 1 0 0 -1 0 0 1 0 0 0 2 0 0 0 -3 0 0 0 -1 -1 0 0 0 1 0 1 0 0 1 0 0 0 0 0 1 1 0 0 0 0 1 -1 0 0 1 -1 1 0 -2 -2 0 -1 -1 1 0 0 1 -1 1 1 1 1 1 0 0 -2 1 1 0 0 0 -1 0 0 1 0 1 0
0 0 1 -1 0 3 1 0 1 -1 0 0 2 0 -1 0 0 1 0 0 0 0 1 1 3 0 0 0 2 0 0 0 0 0 1 0 0 -2 0 1 3 -1 0 0 1 -1 0 0 -1 0 0 0 0 1 0 1 1 0 1 0 1 1 0 0 1 -1 2 1 1 0 0 -1 0 0 0 0 -2 0 -1 -1 1 0 0 1 0 2 1 0 0 1 -1 1 1 -2 0 0 0 1 0 3 1 1 0 0 0 0 1 0 1 1 -1 1 0 0 1 -1 0 0 -1 -1 0 0 0 -2 1 0 0 1 -1 0 0 0 0 0 1 0 0 0 0 0 -1 0 -1 -1 0 -1 1 0 0 0 0 0 2 -2 1 1 0 -1 0 0 2 0 0 0 0 -1 0 -1 0 -1 0 1 0 1 0 0 -1 0 0 -1 1 0 0 0 0 -1 -1 0 0 0 0 0 0 1 -1 1 0 0 1 0 -1 -1 1 -1 1 1 0 1 0 0 0 0 1 0 1 0 0 -2 1 0 -1 -1 0 -1 -1 0 0 1 2 1 -1 0 0 0 0 0 1 0 1 0 0 -2 0 0 -1 0 0 0 -1 0 0 2 -1 0 -1 1 0 0 0 -1 2 1 0 0 0 0 1 0 0 0 1 14 -1 0 0 0 0 0 0 1 0 0 0 0 0 2 2 -1 -1 1 2 -1 0 -1 0 0 1 1 1 1 0 -1 1 0 1 0 0 0 -1 0 -1 0 0 1 1 -1 0 -1 0 -2 0 0 -2 -2 1 1 1 0 -1 1 0 0 1 -1 1 0 0 0 1 1 0 1 1 1 0 -1 -1 0 0 0 0 0 0 0 -1 1 0 0 0 0
0 0 1 0 1 2 -1 0 1 0 0 -1 2 -2 0 0 1 -2 0 -1 3 0 1 1 0 0 1 0 -1 0 0 0 -1 0 2 -1 1 1 -3 0 0 0 -1 -1 0 1 0 0 0 0 -1 0 -1 0 -1 0 1 0 2 0 0 0 0 0 0 0 1 1 1 2 0 1 -1 -1 1 1 0 0 0 0 1 1 -1 0 1 0 0 0 0 0 2 -2 0 0 -1 -1 1 0 0 1 2 0 0 0 0 0 0 -1 -1 -2 0 0 0 0 0 0 0 0 0 -2 1 0 -1 0 0 2 0 -1 1 1 0 0 1 0 1 -2 0 0 0 1 1 0 0 -1 0 1 1 1 2 0 -2 2 -2 -2 0 -3 -1 1 0 2 -1 -1 2 -1 0 0 1 0 0 0 0 0 1 0 1 0 -1 -1 0 0 0 0 0 -1 1 0 1 0 -1 -1 -2 0 -1 -1 0 1 -1 2 1 -1 3 0 1 -1 1 -1 -1 0 0 0 1 0 0 0 0 -2 1 1 0 0 0 0 -1 0 1 -2 0 0 0 0 -2 0 0 0 1 0 0 0 0 -1 0 1 3 0 -1 0 0 -1 1 0 1 0 0 0 -3 0 1 1 1 1 0 -2 0 2 2 -1 1 1 -1 -1 1 -1 23 0 0 -1 2 0 -1 -1 0 -1 -1 -1 0 2 1 0 0 0 0 0 2 2 0 1 1 -1 0 0 1 0 -1 3 1 1 -1 1 0 1 1 0 0 0 1 2 4 0 0 0 1 2 -1 -1 -1 1 0 1 0 0 0 0 0 -2 2 1 0 1 1 0 2 0 2 0 0 1 0 -1 1 0 0 0 -1 0 -2 0 1 -1 2 3
0 0 0 1 0 1 0 -2 2 -3 1 -1 0 1 1 0 0 -1 0 0 0 0 2 0 0 0 0 -1 0 0 2 -2 0 0 -1 0 1 0 0 2 1 2 0 0 1 1 1 2 1 -1 0 1 0 1 0 1 1 0 -1 0 0 -1 1 -1 0 2 1 0 0 1 -1 1 1 -2 1 0 0 2 0 0 0 1 0 0 -1 1 2 0 1 -1 0 1 0 1 0 0 1 0 -1 0 2 -1 2 -1 1 0 1 0 1 1 0 0 0 -1 1 0 -2 1 0 0 0 3 2 2 0 0 0 0 1 0 0 0 0 0 0 0 0 1 0 -2 0 0 -1 1 -2 1 0 1 0 -1 0 2 1 1 -2 1 0 -2 -1 0 2 0 0 0 0 0 0 0 1 0 1 -1 1 1 -2 0 0 0 1 0 -1 -1 0 0 0 0 -1 1 0 0 0 1 0 0 1 -1 0 0 0 0 3 0 0 0 0 0 1 -2 0 -1 1 -1 1 1 2 0 1 1 0 0 -2 1 0 0 0 1 0 -1 0 0 0 -2 0 0 0 -2 1 -2 -2 -1 0 1 -1 0 1 -1 1 0 -1 1 0 0 -1 0 0 0 1 0 1 0 0 0 -1 0 0 0 1 2 -1 -1 1 0 0 17 -1 0 -1 0 0 1 1 0 0 0 0 0 0 0 0 2 0 0 0 -1 -1 0 0 -1 0 0 1 -3 0 0 -1 1 1 0 1 0 1 2 -1 1 1 2 -1 1 -1 0 0 -1 0 0 1 0 0 0 1 -1 -1 1 0 0 0 -1 -2 0 0 -1 0 0 -3 -1 -1 0 2 0 0 0 0 1 1 0 0 0 0 0 1 0
2 1 0 0 0 0 0 1 0 0 0 2 1 -1 0 0 1 1 0 1 0 0 -1 0 0 1 -1 0 -1 1 0 1 0 0 0 0 -2 0 1 0 2 1 -1 1 0 0 0 0 -3 1 -1 0 0 0 0 0 0 1 0 -1 0 -1 0 -1 0 -1 1 0 0 1 0 0 1 0 1 0 1 1 1 1 0 0 0 0 1 0 0 0 0 0 0 0 0 1 0 2 -1 0 0 0 -1 -1 -1 0 0 0 0 0 2 0 1 0 0 0 0 0 3 0 -1 0 1 1 0 0 1 0 -1 0 0 0 -1 0 0 0 0 0 1 0 0 0 -1 0 0 -1 0 0 0 1 -1 1 0 0 0 1 0 2 1 1 -2 0 -1 1 0 1 1 0 0 0 1 1 0 0 0 0 1 0 2 -1 0 0 1 -1 0 2 0 -1 1 0 -1 -1 1 0 1 1 0 -2 -2 0 1 0 2 0 0 1 0 0 0 0 0 2 1 2 -1 0 0 1 0 0 1 1 0 0 0 0 0 0 0 0 0 0 -1 0 0 0 0 1 0 1 0 0 -1 0 0 0 0 0 0 0 0 0 0 0 0 0 0 0 -1 1 0 1 0 0 0 0 -1 0 0 0 -1 1 -1 0 0 -1 12 0 0 0 0 0 0 2 0 2 0 -1 0 1 1 -1 0 0 0 0 0 -1 0 0 1 1 0 0 0 1 0 -1 -1 0 -1 0 0 1 0 0 0 0 0 0 0 1 0 0 0 0 0 0 0 0 0 -1 0 0 -1 1 0 1 0 0 0 0 0 0 1 2 0 0 0 0 0 0 0 0 -2 0 0 -1 0 0 0 1
0 0 -1 0 0 -1 0 -1 -1 0 0 0 0 0 2 1 0 2 1 0 0 0 -1 1 0 0 0 0 1 0 0 0 0 0 0 0 0 1 -1 0 -1 -1 -2 -1 0 0 -1 0 1 0 -2 -1 1 0 2 0 0 1 0 0 -1 0 -1 1 0 0 -1 0 -2 0 0 -1 0 0 -2 0 0 2 0 0 0 -1 -1 -1 0 -1 -1 -1 1 0 0 2 -1 0 3 -1 0 0 0 -3 0 0 0 1 -1 0 -1 -1 0 1 1 0 0 -3 0 0 0 -1 0 0 0 0 0 0 0 1 0 -1 3 0 0 2 0 1 1 1 0 -1 0 0 0 0 0 -1 0 2 0 0 -1 0 0 1 0 -1 1 -1 1 0 2 0 0 1 1 1 -1 -1 0 0 0 0 0 0 1 0 0 0 0 2 1 -1 0 -1 0 1 0 0 -1 1 0 0 0 0 0 0 2 0 0 1 -1 1 0 1 0 -1 0 2 1 0 0 0 0 1 0 0 0 0 -1 -1 -3 0 0 0 -1 0 1 0 0 1 0 -1 0 0 1 0 0 0 0 1 0 0 1 0 0 -1 0 0 1 -1 0 0 0 -1 0 1 0 0 0 1 0 0 0 0 0 0 0 1 0 0 1 0 0 0 -1 0 0 15 0 0 0 -1 -1 0 -1 0 0 1 0 0 0 1 1 0 1 0 -1 -1 0 0 -1 1 0 1 -1 1 0 0 -1 0 0 0 0 -1 1 -1 -1 0 0 -1 1 -1 1 1 0 -1 2 0 0 0 1 -1 0 0 0 2 0 -1 0 1 -1 0 0 0 1 0 2 0 -1 0 0 -1 -1 0 0 -1 3 0 0 -1 0 -1
-1 -1 1 -1 2 0 0 0 -1 -1 0 1 0 -1 -1 1 1 -1 0 1 1 -3 0 0 0 0 0 -1 -1 3 1 -1 0 2 0 0 -1 -3 -1 0 -3 -1 0 -1 0 0 0 0 0 1 0 1 1 -2 -1 0 1 -2 1 0 0 0 -1 0 1 2 -1 0 -1 2 1 -1 -3 1 0 1 -2 0 0 0 0 0 2 0 0 1 0 0 0 -1 0 0 0 0 -1 0 1 0 0 0 -1 0 0 0 0 0 0 1 -1 0 -1 0 1 3 -3 0 -1 -1 0 -1 -1 1 1 1 0 0 -1 0 0 0 1 1 0 0 2 1 0 0 1 1 -2 0 -1 0 0 0 1 0 0 0 0 2 0 0 0 -1 0 -2 0 0 -1 0 -1 -1 0 -2 0 0 1 -1 0 0 -1 -3 0 0 0 0 0 0 1 0 -2 0 0 0 0 -1 -1 -3 0 1 0 0 0 0 -3 1 0 0 1 0 3 0 0 1 -1 2 2 0 0 1 3 1 1 1 -1 0 -1 -2 0 0 0 -1 1 1 0 2 2 -1 0 1 0 -1 1 0 0 1 -1 -2 1 0 -1 0 0 0 0 0 0 -2 -1 -1 0 -1 -2 0 0 -1 1 0 1 -4 0 0 2 -1 -1 0 0 0 -1 0 2 -1 0 0 19 -1 -1 0 0 0 0 1 0 0 0 0 0 0 1 -1 -3 1 -1 0 0 1 0 -1 0 2 0 1 0 -2 -1 1 0 1 -1 0 1 0 0 1 0 1 -1 0 -1 0 0 1 0 -2 0 0 -1 0 0 0 0 0 0 0 0 0 -1 -1 0 -1 2 0 -1 0 -2 -1 -2 0 0 -1 1 0 0 0 0 0 0 1
-1 0 0 0 0 0 0 -1 -1 -1 0 -1 1 0 0 0 1 0 0 1 0 0 0 0 0 -1 0 0 0 0 -1 0 0 0 0 0 0 0 0 0 -2 0 0 0 -1 0 0 0 1 0 0 1 0 -1 -1 0 -2 0 -1 0 0 0 2 0 0 0 0 1 1 0 1 0 1 0 0 0 0 0 0 1 -1 2 -2 0 0 1 -1 0 0 1 0 0 0 0 0 0 -1 1 0 -1 0 0 0 0 0 0 0 -1 -1 0 1 0 -1 1 0 0 2 0 0 0 0 0 0 -1 0 0 0 0 -1 -1 -1 0 0 0 0 -1 0 0 0 -2 0 0 1 0 0 -2 -1 -1 2 1 -1 0 -1 0 -1 0 0 1 0 0 1 0 -1 0 1 1 1 0 0 1 -1 0 0 0 0 0 1 1 0 0 0 0 0 0 0 0 0 -1 0 0 0 0 -1 0 0 0 0 0 1 0 0 0 0 0 -1 0 -2 0 0 1 1 0 1 0 0 1 0 0 0 1 0 0 1 0 1 0 0 0 0 0 0 -1 1 0 0 0 -1 -1 2 -1 0 0 0 0 0 0 0 0 0 0 -1 0 -1 0 -2 -1 -1 0 -1 0 0 -1 1 -1 1 -1 0 -2 1 0 0 0 0 0 0 0 -1 11 0 0 -1 0 -1 -1 0 0 0 -1 0 0 -1 0 -1 -1 0 0 1 -1 0 0 1 -1 0 0 0 0 0 1 0 -1 1 1 -1 0 0 0 0 0 -1 0 -1 -1 1 0 -1 1 0 0 0 0 1 1 0 1 0 0 0 0 0 0 0 -1 0 0 0 -1 -1 2 -1 0 0 1 0 0 0 0 0 0 0 0
1 0 0 -1 0 0 2 -1 0 0 -1 2 0 0 -1 -1 0 -1 1 0 1 0 -1 -3 -1 0 0 -1 -1 0 0 -1 0 -1 -1 0 -1 0 -1 1 0 0 0 1 0 -1 0 0 0 0 0 0 0 0 1 0 -1 1 0 0 0 0 0 -2 0 -2 0 0 0 -1 0 1 -1 0 0 0 0 0 0 -1 0 -1 0 1 0 -1 1 1 0 1 1 1 0 0 0 -1 -1 0 0 -1 1 1 -1 0 0 -1 3 -1 0 1 -2 0 -1 0 1 0 1 0 0 0 0 -1 1 -1 1 1 0 1 0 0 0 -3 0 0 -1 0 0 0 -1 0 1 0 -1 2 -1 0 0 1 -1 0 0 1 0 0 0 0 1 0 0 0 -1 0 1 0 0 0 -2 2 0 1 -1 0 0 0 -2 1 -1 -1 0 1 0 0 2 0 0 0 0 -1 0 -1 0 -2 0 0 0 0 1 0 0 0 0 0 -1 1 0 0 0 -1 1 -1 -1 0 1 1 0 0 -1 0 0 1 0 0 0 0 -1 1 -1 1 -1 0 0 2 2 0 0 0 0 1 1 -1 0 -2 0 1 1 -1 -1 1 1 0 0 -1 0 0 0 2 0 0 0 1 0 0 -1 1 0 0 0 1 1 0 -1 0 -1 0 0 0 -1 0 14 0 0 0 0 0 -1 0 -2 0 -1 1 0 -2 0 0 0 0 0 0 -1 0 -1 0 1 -1 0 0 0 -1 1 2 0 0 0 0 -1 1 -1 0 0 0 0 -1 -1 2 -1 0 0 0 0 0 0 1 -1 1 0 0 0 -1 1 0 1 -2 0 0 -2 0 0 0 -1 0 -1 1 -1 2 0 3 0 -2 0 1
1 0 -2 -1 -1 1 1 0 0 2 0 0 0 0 0 -1 -2 -1 1 0 0 1 1 0 -1 1 0 0 1 0 2 0 0 0 -1 0 0 -1 0 0 1 -1 0 0 2 1 -2 1 0 1 0 0 0 0 0 -1 -1 1 -1 0 -1 1 1 0 0 1 -1 -1 -2 -1 1 0 0 1 2 1 0 2 0 0 1 -1 0 0 1 0 0 0 0 0 -2 0 0 -1 0 0 -1 -1 0 1 0 1 4 0 0 -1 3 0 0 0 2 0 -1 0 3 0 0 0 0 0 -1 0 -1 1 0 1 0 0 -1 -1 0 0 1 0 -1 0 2 3 -1 -1 -1 0 -1 0 -2 0 0 0 1 0 0 -1 1 0 -1 0 0 0 -1 0 1 0 -2 1 -2 -1 -1 1 0 0 1 0 2 0 0 2 0 1 -1 0 -1 0 0 0 0 0 -1 -1 1 -1 0 1 0 1 0 0 1 0 2 2 1 -1 -1 1 1 0 0 1 0 0 -1 -1 0 -1 1 0 0 0 0 0 0 0 0 -2 1 0 -1 0 0 0 -1 2 0 1 1 1 -1 0 0 -2 -1 1 0 0 -1 1 0 0 1 1 0 0 -2 0 0 1 1 0 0 1 2 0 1 -1 -1 0 0 0 0 -1 1 1 -1 1 0 -1 0 0 0 17 0 1 0 0 0 -2 1 0 1 0 0 0 -1 1 -1 1 -1 0 1 0 -1 -2 1 0 0 0 0 0 0 0 -1 0 -1 2 1 -1 0 3 0 0 0 0 0 0 0 0 -1 0 1 -1 1 1 1 1 1 0 0 0 1 0 1 0 0 1 0 -3 1 1 0 0 1 0 -1 1 0 0 0 0 1 1
-1 -1 -1 0 -1 -1 0 1 3 -3 0 0 0 0 1 0 -1 -1 1 0 1 1 -1 0 2 1 0 0 1 0 0 0 0 0 0 0 0 -2 0 0 0 0 0 0 0 2 2 0 -1 0 0 -2 1 0 -1 1 0 -1 1 -1 -1 -3 2 0 -1 -1 2 0 1 0 0 0 0 1 0 -1 -1 -2 0 1 -1 0 1 0 -1 0 0 0 -1 0 -2 1 0 -1 1 0 0 0 0 0 0 0 0 0 1 0 1 1 0 1 -1 2 0 -1 2 2 1 2 -1 0 2 1 0 1 0 -1 -1 0 0 0 0 -1 -1 1 -1 0 0 0 1 0 1 0 -3 0 0 0 -1 2 0 0 -1 1 0 0 -1 0 0 0 -1 0 1 0 0 -1 0 2 2 1 0 1 0 0 0 0 0 0 1 -1 -1 1 -1 0 1 0 -1 -1 0 0 0 2 1 1 -1 -1 -2 1 0 -1 -4 0 0 0 1 0 0 0 2 0 0 -1 1 1 -1 1 -1 -1 0 2 0 1 0 0 -1 0 0 0 1 0 -1 1 0 0 0 1 -1 0 1 2 0 0 0 0 0 1 -2 0 0 0 1 -1 0 -1 -1 1 1 2 2 2 0 0 -1 -1 1 1 0 0 0 0 0 1 0 0 0 1 0 -1 0 -1 0 0 20 1 1 0 0 -1 0 0 -1 1 -1 -1 0 2 0 0 1 0 2 1 -2 0 1 0 1 -1 1 -2 -2 1 -1 2 0 0 0 -1 0 0 0 0 0 0 1 1 0 0 -1 0 0 0 2 -1 -1 0 0 0 0 0 0 0 1 0 0 0 -1 0 0 -2 2 0 -3 0 0 1 0 0 -1 1 -1 0
1 0 0 1 2 -1 0 0 0 0 0 0 0 0 0 1 -1 1 1 1 -1 2 1 1 1 1 0 0 1 0 0 0 0 1 0 -1 -1 0 1 0 -1 -2 1 0 0 1 1 1 0 0 -3 -1 0 0 3 2 0 -1 -1 1 0 0 0 0 0 1 1 -1 -1 1 0 -1 -1 1 2 0 3 1 0 1 1 1 0 -1 0 -1 0 1 0 -1 -1 0 1 0 -1 1 0 0 0 1 1 -1 2 0 0 -1 1 1 0 -1 1 1 2 1 0 0 2 0 0 0 -1 2 0 1 1 -1 -1 0 0 0 1 1 1 1 1 1 0 1 0 1 0 0 0 0 0 0 0 2 2 1 0 0 0 3 -3 2 1 1 -1 0 1 0 1 -1 -1 -2 0 2 3 1 0 -1 1 1 0 2 1 0 0 -2 1 0 1 0 1 0 -1 1 -2 1 1 2 -1 0 2 1 0 2 -1 -1 3 1 1 -1 0 1 0 0 -2 3 0 1 0 0 -1 0 0 0 0 0 1 -1 -2 -2 0 0 0 0 2 1 0 0 0 -1 1 1 0 -2 -1 0 -1 0 -1 0 0 1 0 0 0 1 0 0 0 -2 -1 0 -1 1 -1 0 0 0 1 -1 0 1 0 1 0 0 0 0 -1 0 2 0 0 0 0 1 1 21 1 1 0 0 1 0 -3 -1 -1 0 0 0 0 0 1 0 0 0 1 0 1 -1 0 1 1 -1 1 0 4 1 0 0 2 -5 -1 0 2 3 0 0 -1 2 0 1 1 0 0 0 -1 0 0 2 3 0 2 0 1 0 0 0 1 1 0 0 -2 -2 1 0 0 0 0 0 0 -1 -4 0 -1 0
-1 0 1 0 1 1 0 2 2 -1 0 0 -1 1 0 0 0 2 1 1 1 0 0 0 0 1 0 0 0 0 0 1 0 0 0 0 -1 0 1 1 -1 1 0 0 0 -1 0 0 1 0 1 -1 -2 0 0 0 1 0 0 0 0 0 -1 0 0 -1 0 -1 -2 0 0 0 1 0 1 0 0 -1 0 0 1 0 1 0 0 0 0 0 0 0 -1 0 -2 0 -1 0 -1 1 0 3 2 0 0 0 0 -1 1 2 1 2 0 -1 1 0 0 0 0 0 0 0 0 0 0 -1 0 0 0 0 1 0 0 0 1 0 0 -1 0 0 0 0 0 0 0 0 -1 -1 0 1 -1 0 1 0 2 0 -1 1 0 0 2 0 1 0 0 -1 1 2 -1 -2 1 1 -1 -2 0 1 -1 0 0 0 -2 -1 0 0 1 0 -1 0 0 0 0 0 1 1 1 0 0 0 0 0 0 1 -1 0 0 -1 0 0 0 0 -1 0 0 1 0 0 1 0 0 -1 0 0 1 0 0 -1 -1 0 1 1 1 0 1 1 0 0 0 0 0 0 1 0 -1 1 0 -1 0 0 0 0 0 0 1 1 1 0 2 1 0 1 0 0 0 0 0 -1 -1 0 0 1 0 0 1 0 -1 0 0 -1 0 -1 0 0 1 1 12 1 0 1 0 0 0 0 2 0 1 1 -1 0 1 0 0 0 -1 0 0 -1 -1 -1 0 1 -2 0 0 0 0 1 0 0 0 0 1 0 0 0 0 0 -1 -1 1 -1 -1 0 -2 0 0 -1 -1 0 1 0 0 0 -1 0 0 0 0 2 -1 -1 0 -1 0 1 0 -1 0 -1 -1 0 2 0
-1 1 -1 -1 0 2 0 2 0 0 0 0 -1 1 0 1 0 -1 -1 0 0 -1 0 0 0 0 1 0 0 0 0 1 0 1 2 0 0 0 0 0 1 -1 -1 0 -1 -1 1 0 0 0 1 0 -1 0 1 1 1 1 1 -1 0 0 1 0 0 -1 2 0 1 0 0 0 0 1 1 1 0 0 0 1 0 -1 1 0 -1 0 1 1 0 0 0 1 0 0 0 1 0 0 -1 1 0 1 1 0 0 1 0 0 0 1 0 2 0 0 0 -1 0 0 1 1 0 2 0 0 -1 0 -1 1 0 0 -1 0 -1 0 0 0 1 0 0 0 0 0 -2 0 0 1 1 0 -2 0 1 0 0 0 1 -1 0 0 -2 1 0 0 0 1 -1 1 -2 0 0 -1 0 1 0 0 -1 0 2 -2 0 0 0 1 1 1 0 2 1 0 0 -2 0 0 1 -1 -1 0 0 0 2 0 -1 0 -1 0 1 1 -1 0 1 0 0 1 1 0 1 2 0 0 -1 0 0 0 0 -2 2 0 1 -2 2 -1 -1 -2 -2 -1 0 0 -1 0 -1 1 0 1 0 0 1 0 0 0 -1 0 -1 0 2 0 2 0 0 1 0 1 0 -2 1 3 -3 1 1 1 0 1 0 0 -1 0 2 0 1 -1 0 0 0 1 1 18 1 1 1 0 -1 0 1 -1 -1 0 0 -1 1 0 -1 0 2 -1 -1 2 0 0 1 0 0 1 0 0 0 0 -1 0 0 1 0 1 0 -1 1 1 0 1 -1 0 1 1 0 2 1 1 0 0 1 0 0 1 1 -1 1 0 0 1 -1 1 0 1 0 0 1 0 1 0 0 0 1 0
1 0 0 0 1 1 0 -1 1 0 0 -1 -1 0 -1 0 0 1 0 0 0 1 0 1 1 0 0 1 0 0 0 -1 1 0 2 0 1 -1 -1 0 0 0 0 1 1 0 0 0 0 0 0 -1 0 0 1 0 0 0 1 -2 1 0 1 -2 1 0 0 0 1 1 0 -1 0 0 0 0 -1 0 1 0 0 1 -1 0 1 1 0 -1 -1 1 -1 -1 0 0 0 0 0 0 0 1 0 0 1 0 0 0 0 0 0 0 0 0 0 0 1 -2 2 0 0 1 1 0 0 1 -1 -1 1 -1 0 1 0 1 0 0 0 -1 0 0 0 1 0 0 -2 0 1 2 0 1 0 0 1 -1 0 0 0 0 -1 0 0 0 0 0 1 0 0 0 -1 0 0 0 0 1 0 0 1 0 2 0 0 0 2 1 0 1 0 0 0 0 0 -1 1 1 1 0 1 0 -1 0 1 -1 -1 -1 0 0 0 -1 0 0 1 1 0 -1 0 0 0 1 1 0 1 1 0 2 0 0 0 0 0 1 0 1 0 1 0 -1 0 1 0 0 -2 0 0 0 0 0 1 1 1 2 0 0 1 1 0 0 -1 0 0 0 -1 0 1 0 0 1 0 0 -1 0 0 0 0 0 0 0 0 0 0 0 -1 0 0 0 0 1 13 0 0 0 1 0 0 0 0 0 0 -1 0 1 0 1 2 0 0 1 -2 1 0 0 0 0 0 0 2 -1 0 0 2 1 -1 1 0 0 -1 0 1 1 1 -1 1 0 0 0 0 -2 -1 1 0 0 0 -1 0 1 1 0 1 1 0 2 0 0 0 0 0 -1 0 -1 1 0 1 0
1 -1 0 -1 1 2 0 1 1 0 0 -1 0 1 0 -1 -2 1 0 -1 3 0 1 0 -1 0 0 3 0 0 1 0 2 0 0 0 0 1 -1 1 -1 0 1 0 0 -1 0 0 -1 1 0 1 -2 1 0 2 -1 0 -1 1 1 1 0 1 2 -1 0 3 0 2 1 1 0 0 0 0 -1 -1 0 0 1 0 1 0 0 0 3 -1 0 1 2 0 1 0 0 -1 1 1 -1 -1 2 2 0 -1 0 0 1 1 -1 1 1 0 0 1 0 0 0 0 0 0 0 0 0 0 -1 -1 2 0 0 -1 1 -1 0 -1 2 0 1 0 2 -1 0 -1 0 0 -1 -1 1 0 1 -2 0 1 0 1 0 -2 1 0 3 2 -1 0 1 0 3 0 0 2 0 -1 4 0 2 0 0 -1 2 0 0 0 2 0 1 0 0 0 0 0 2 1 0 0 1 -2 1 1 1 1 0 2 -1 0 1 0 -2 0 -2 0 0 1 1 0 2 0 -1 -1 1 1 0 0 0 1 -1 0 1 0 -2 -1 1 1 -1 -1 1 1 0 0 0 0 -1 0 2 2 1 1 1 0 1 0 -1 0 1 2 0 -1 1 0 2 0 1 -3 -1 -1 0 1 0 1 3 0 0 -1 -1 2 2 0 -1 1 0 0 0 -2 -1 0 1 1 0 23 0 0 0 1 0 0 2 0 0 -2 3 3 -1 -1 5 2 -2 0 0 1 -2 -1 2 0 0 2 0 -3 -1 0 2 0 1 0 -1 1 0 1 1 1 1 3 0 1 1 0 0 -1 0 0 1 -2 -1 2 -1 1 -1 -1 1 0 2 1 0 1 0 -1 -1 2 0 0 0 0 1 2
0 0 0 2 1 0 2 1 -1 1 0 0 1 1 1 1 1 0 0 -1 -1 0 1 1 2 1 1 0 2 0 -1 1 0 0 1 0 0 0 1 -1 0 0 -1 0 0 1 0 0 0 0 0 0 0 -2 -1 0 0 -1 -1 2 0 0 1 1 0 1 2 -1 0 1 0 0 0 0 -1 1 1 0 1 -1 1 0 0 0 0 0 0 0 0 0 0 0 0 0 0 0 1 0 0 1 0 0 2 0 1 0 -1 0 0 0 0 2 1 3 -1 -2 -1 0 0 0 -1 -1 0 1 0 -1 0 0 0 2 1 1 1 0 0 0 1 0 0 0 0 0 0 -1 1 0 -1 0 -1 0 0 0 1 0 0 0 1 0 0 -1 0 1 1 0 -1 -1 1 0 0 0 0 -1 -1 0 1 0 -1 -1 0 0 -1 0 0 2 2 0 1 2 0 0 0 1 0 0 0 0 0 -1 0 1 0 1 2 0 0 0 1 1 0 0 0 0 1 1 0 0 0 2 -1 3 0 -1 1 0 0 -1 1 0 1 0 0 0 -1 0 -1 -1 0 0 0 -1 0 0 0 -1 1 1 0 1 0 0 2 0 -1 2 0 0 1 -1 0 0 0 0 0 1 0 0 -1 1 -1 1 0 2 1 0 0 0 0 0 -2 1 0 1 0 1 0 0 16 0 0 1 0 0 -1 1 0 0 0 0 0 0 1 0 0 1 1 0 0 0 -1 -1 3 0 0 0 0 -1 0 0 2 -1 0 0 0 0 1 1 1 0 -1 1 -2 2 0 0 0 0 1 1 0 1 0 0 0 3 0 0 -1 -1 0 1 2 -1 0 1 1 0 1 0 0 1
0 1 0 0 -1 -2 1 0 0 -2 1 2 0 0 0 2 1 0 2 1 0 3 0 0 0 0 0 1 0 1 0 0 0 0 0 -1 0 0 0 1 0 -1 -1 0 1 0 1 0 0 0 0 -1 -1 -1 1 0 3 0 -1 -1 0 1 -1 0 0 -1 1 0 0 0 0 0 0 0 1 0 1 0 -1 0 0 2 1 0 -1 0 -2 1 1 -1 0 0 0 0 1 -1 1 0 0 -1 0 0 1 1 0 1 0 0 1 1 0 -1 1 0 0 0 0 1 0 0 -2 1 -1 3 2 0 0 0 0 0 0 -1 0 0 0 0 0 0 0 1 0 0 0 1 0 1 -2 0 -1 0 1 0 2 0 1 0 2 3 0 0 -1 0 0 0 -1 0 0 0 0 0 0 1 0 0 0 0 2 -1 1 1 1 0 0 1 0 0 2 0 0 0 -1 -1 0 1 0 -1 0 0 1 -1 1 0 1 0 0 1 0 0 1 0 0 0 0 1 0 0 0 1 0 0 0 0 0 0 0 0 0 -1 1 0 2 1 0 0 0 0 1 1 -1 -1 0 0 0 1 1 1 0 -1 1 0 1 0 1 0 0 0 0 0 0 1 1 1 4 1 0 0 0 2 0 0 0 -1 0 0 1 0 0 -1 0 0 0 0 0 0 0 0 0 14 0 0 0 1 1 0 0 1 0 0 1 -1 0 1 0 0 -1 1 0 0 0 0 0 0 1 1 0 1 0 -1 1 0 -1 1 2 1 0 1 0 -1 0 0 2 -1 -1 1 0 0 0 0 0 -1 0 0 0 -1 1 1 0 0 0 -1 0 0 0 0 0 0 2 1 1 1
0 -1 -1 0 1 -1 -1 1 1 1 1 -1 -2 0 0 1 0 1 0 2 0 1 -1 1 -1 0 0 1 0 0 0 1 0 1 1 0 2 0 0 -1 0 3 0 0 0 -2 0 0 0 0 0 2 0 1 -1 0 -1 1 0 0 -1 2 -1 -1 0 1 1 0 0 1 -1 0 0 1 0 1 0 0 0 0 0 1 -1 1 0 0 -1 0 0 -1 0 0 0 0 -1 0 0 0 1 -2 -2 0 0 0 -1 0 1 0 0 1 1 0 -1 1 1 0 0 0 1 -1 1 0 1 -2 0 0 1 -1 0 0 0 0 1 -2 0 0 -1 0 1 0 0 -1 0 0 0 1 0 0 1 0 -1 1 0 0 0 1 1 0 -1 -1 0 1 1 3 1 1 0 0 0 0 1 1 -3 0 0 0 1 0 0 1 0 -1 1 0 -2 1 2 -1 2 0 -1 0 2 1 0 1 -1 -2 0 2 -2 0 2 1 0 0 0 0 2 -1 0 0 0 0 2 0 1 1 1 0 0 3 0 1 0 0 -3 -1 0 1 0 0 0 0 1 1 1 1 0 0 2 0 0 1 1 0 1 0 2 0 0 1 0 0 0 0 0 -2 0 1 1 1 1 1 0 -3 -1 -1 0 -1 1 -1 0 0 1 0 0 0 -1 1 -1 -3 0 -1 1 0 0 0 19 2 0 0 1 0 -1 0 0 0 2 -1 2 -1 -1 0 0 0 -1 1 1 0 0 1 1 1 0 1 3 3 0 0 0 0 2 -2 2 0 0 0 0 -1 -1 -1 2 0 -2 1 1 -2 0 0 0 0 -2 -1 -1 0 2 0 0 -1 0 0 0 0 0 0 2 0 0 0
-1 -1 0 -1 0 0 0 0 0 -1 -1 -2 0 1 2 1 0 0 1 -1 1 0 0 1 0 0 0 -1 1 0 0 -2 0 0 0 0 2 1 1 1 0 1 0 0 0 -1 0 1 -1 0 1 -1 0 0 0 -1 -1 2 -1 0 0 -2 1 -1 1 0 2 0 0 1 2 0 2 1 0 0 0 1 0 -2 0 2 -1 0 -1 0 0 -1 1 -1 0 1 0 0 0 0 0 0 0 -1 1 1 0 -1 0 0 1 0 0 -1 1 1 0 0 1 0 -1 1 0 0 1 1 0 0 0 -1 0 0 -1 -2 0 0 0 -1 1 -2 0 -2 0 -1 0 0 -1 0 1 -1 0 -1 0 0 0 2 0 -1 0 -1 1 0 0 -1 0 0 0 -1 1 0 -2 0 0 1 0 0 0 1 0 0 -1 -2 1 0 0 -1 1 0 0 1 0 -1 0 1 0 1 1 1 1 1 1 0 1 1 1 1 0 -1 0 1 0 0 1 -1 0 0 2 0 1 0 0 0 -1 -1 0 1 1 0 0 2 -2 -1 0 0 1 0 1 1 0 0 1 -1 0 0 1 0 -1 0 0 0 0 0 0 -1 0 0 -1 0 0 1 -1 0 0 0 0 1 0 0 0 -1 0 -1 0 2 0 1 0 2 -1 1 0 0 1 0 1 -1 0 0 0 1 1 0 2 18 1 0 0 0 0 1 1 1 1 1 1 -2 0 -1 1 -1 -1 -1 2 1 0 0 0 1 1 0 -1 0 1 0 0 0 2 1 1 -1 0 1 1 -1 1 1 -1 0 0 -1 0 -1 0 0 1 0 -1 -1 -3 0 3 1 0 0 -1 0 1 0 0 1 2 1 1 -2
-1 0 0 0 -1 1 0 2 1 0 0 1 0 1 0 0 -1 1 1 -1 0 1 0 1 1 0 0 0 3 0 0 1 1 0 0 0 0 1 -1 2 1 0 0 -1 0 0 -1 0 0 1 1 0 -2 1 0 -1 1 0 0 0 -1 1 -1 0 0 0 0 0 1 -1 0 -1 1 0 2 1 2 1 -1 0 0 3 2 1 0 1 0 1 0 0 0 0 1 0 1 0 0 2 1 2 2 0 0 2 0 0 0 -1 2 1 -1 -2 0 -1 -1 -1 -1 -1 0 -1 1 -1 0 0 0 0 1 0 -1 0 1 1 -1 1 1 0 0 0 0 1 0 2 2 1 0 1 0 0 -1 1 1 0 1 0 0 1 0 0 0 1 1 0 1 1 0 -1 -1 1 -1 1 -2 0 -1 0 0 0 -1 0 -2 -1 1 0 2 1 -2 1 0 -1 0 0 0 1 1 0 0 0 -1 2 1 0 0 2 -1 -1 1 1 1 1 1 0 0 -1 0 0 2 0 0 0 1 1 0 0 -1 0 0 0 -2 0 0 0 0 -1 1 0 2 0 0 1 0 0 0 1 0 0 -1 0 -1 1 3 1 2 1 1 0 2 0 1 2 0 1 0 0 0 1 -1 1 0 2 0 0 0 2 0 0 0 1 1 -1 0 0 -1 -1 2 1 0 0 0 0 0 1 18 0 0 0 0 0 -1 0 1 1 0 -1 1 0 0 -1 -2 0 0 0 0 -1 2 0 1 1 1 -1 0 -1 2 1 -1 2 0 -1 0 1 -1 2 -1 -1 0 2 -1 0 1 0 1 1 1 1 0 1 1 0 -1 0 -1 -1 1 0 1 0 0 0 0 1 0 0
0 -1 0 1 1 0 0 0 0 0 2 0 -1 0 1 0 0 -2 0 -1 0 0 -1 1 0 0 0 1 0 0 0 0 -1 -1 1 -2 1 3 2 1 0 1 -2 1 0 -2 0 0 -1 0 0 0 1 -1 1 0 1 -2 0 -1 0 -1 0 0 -1 1 1 0 -1 -2 1 1 0 1 0 0 -1 -1 -1 0 0 0 1 -1 0 0 1 -2 2 0 1 0 -1 1 0 1 0 0 0 1 0 -1 0 -1 0 1 0 1 0 0 1 0 0 -1 1 0 0 0 0 0 0 0 -1 -1 0 -1 -1 0 0 0 0 0 0 0 -2 1 0 0 0 0 0 0 3 0 0 1 0 0 1 1 0 -1 1 0 0 0 -1 -1 0 -1 1 0 -1 0 0 -1 0 -1 0 0 0 0 0 0 0 0 0 1 0 0 0 0 0 0 1 0 1 1 0 2 0 1 0 1 0 0 0 1 1 0 0 0 1 0 -1 0 0 0 0 0 1 1 -1 1 -1 0 -2 0 0 0 0 1 0 1 0 0 0 0 1 -1 0 1 2 0 -1 1 -1 -1 -1 0 0 1 0 0 1 0 0 -1 -1 0 0 0 0 0 -1 0 0 0 -2 -1 0 2 0 1 -1 -1 0 0 0 -1 0 -1 0 0 0 0 -1 0 -2 0 -1 0 0 -1 0 0 0 1 0 0 0 13 1 0 0 0 -1 0 0 0 1 -1 0 0 0 0 1 0 0 -1 1 0 1 0 0 0 1 -1 -2 1 1 1 0 0 0 1 0 0 0 0 0 2 0 1 0 0 0 0 -1 0 0 0 0 0 1 0 0 0 1 0 1 0 0 0 0 -1 0 2 0 0
0 0 -1 0 1 2 1 1 1 1 1 0 0 -1 0 0 -1 0 1 2 0 1 -1 0 -1 2 2 0 0 -1 0 0 0 1 1 0 1 0 0 0 0 1 -2 2 0 1 1 0 0 -1 0 0 -1 0 1 1 1 0 0 -2 1 0 -1 0 0 0 0 1 0 0 -2 -1 0 0 -1 -1 1 1 -2 0 0 0 0 0 1 0 -1 1 0 1 0 0 -2 -1 1 -1 -1 0 0 -1 0 0 0 1 0 0 -2 0 0 0 0 -1 0 -2 1 0 1 -1 1 0 0 0 0 0 0 0 0 0 0 1 0 -1 0 0 0 0 -2 0 0 0 2 -1 0 0 0 -1 0 1 1 0 0 0 2 0 -1 -1 1 0 2 0 3 0 -1 0 1 0 0 -1 0 0 -1 2 1 0 0 0 2 1 0 1 0 -1 3 0 0 -1 0 0 0 0 0 0 -1 0 1 -1 0 0 1 -1 1 0 0 1 -2 0 1 -1 -1 1 0 2 0 0 -1 -2 1 -2 0 -2 0 0 0 1 0 -1 -1 0 0 0 0 -1 0 1 1 0 1 0 0 2 1 2 0 0 1 0 0 -1 -1 0 0 1 1 0 0 1 1 1 0 1 1 -1 1 -1 0 0 1 1 0 -1 2 0 2 0 0 1 -3 -1 0 -1 0 0 1 -1 0 2 -1 1 1 0 0 1 17 1 0 0 0 0 0 -2 0 0 -1 1 0 0 0 -1 0 0 0 0 0 -1 -1 1 2 0 1 1 1 2 0 1 0 -2 0 -1 1 0 0 -2 1 -1 0 0 -1 1 -1 0 0 2 1 0 1 2 0 1 2 0 -1 -1 0 0 -1 -1 1 0 1 0
0 -1 2 -1 -1 0 2 1 1 2 -1 0 1 1 0 1 0 0 1 0 1 -1 0 -1 1 2 0 1 1 1 1 0 0 -1 0 0 0 0 -1 -1 0 1 -1 0 1 0 0 0 2 0 3 0 0 0 -1 -1 1 -1 1 1 0 1 2 -1 1 0 -3 -2 2 1 1 2 -1 0 0 2 0 -1 0 -1 0 -2 3 0 1 0 1 1 1 1 2 0 -2 1 0 1 -1 0 0 0 0 1 0 1 1 0 1 0 0 0 -1 -1 2 6 2 0 0 1 -1 2 0 0 1 -2 0 2 0 0 0 1 -1 -1 -1 0 3 0 0 2 0 2 1 -1 2 0 2 -2 1 0 0 -1 0 1 1 1 -1 -2 0 2 2 0 -3 0 0 2 1 0 0 1 1 2 0 0 2 -1 0 0 0 0 -1 2 1 1 0 1 1 2 0 2 0 -2 -1 0 0 0 -3 -1 2 1 -1 2 0 2 -1 1 0 2 0 0 -1 0 1 2 2 1 2 0 -1 1 -1 0 1 0 -2 0 -1 1 1 0 0 0 0 -1 0 0 1 2 1 0 1 1 1 3 1 0 0 0 0 0 -1 -1 0 0 0 0 0 2 1 1 1 0 0 0 0 1 0 2 0 0 2 0 0 -1 2 -1 0 0 1 -1 0 1 2 0 1 0 0 0 1 0 0 0 0 0 1 25 0 0 -1 1 0 1 0 1 -1 2 -2 1 2 0 2 1 0 0 0 0 -1 2 1 0 2 0 1 1 0 1 0 0 0 -1 1 0 -1 0 1 2 0 0 1 1 0 2 0 0 0 -1 -1 0 0 0 2 2 -1 1 1 -1 1 0 -1 0 0 2
0 1 0 0 1 2 0 0 0 0 0 1 0 1 0 0 0 0 1 0 1 -1 0 0 0 0 0 0 0 0 0 -1 0 0 0 1 -2 0 0 1 2 0 1 0 -1 0 1 -1 0 1 0 -1 1 0 0 0 0 1 0 0 1 -1 0 0 0 0 1 1 1 0 1 1 0 0 -3 -1 0 0 0 0 0 0 0 0 0 1 0 0 -1 1 1 -1 0 -1 -2 1 1 0 1 0 0 0 0 0 0 2 0 -1 1 0 0 1 0 0 -2 0 1 0 0 2 0 0 -1 1 -1 -1 1 1 0 0 0 0 -1 0 -1 1 -1 -2 0 1 -2 0 1 -1 0 0 -1 0 0 -1 0 0 1 0 0 1 0 0 0 1 0 0 0 0 1 0 0 1 -1 0 -1 1 0 1 0 0 -1 0 0 0 1 0 1 1 -1 0 -1 0 0 2 0 -1 -1 0 0 -1 0 0 0 0 0 0 0 0 -1 0 -1 0 -1 1 0 1 -1 -1 0 1 1 0 0 0 -1 0 0 -1 2 0 0 -1 1 1 -1 -1 1 0 -1 0 2 0 0 0 2 0 0 1 0 0 0 -1 -2 0 0 0 1 -1 0 0 -1 0 1 -1 0 0 0 0 -1 0 0 1 0 0 0 0 0 -1 0 -1 -1 0 0 -1 0 0 -1 0 0 0 0 0 -1 0 0 0 0 0 14 0 0 -1 0 1 0 1 1 -2 0 0 0 -1 0 0 1 0 0 1 0 0 0 -2 0 0 -1 0 -1 1 -1 -1 -1 0 -1 1 0 0 -2 1 0 0 1 -1 1 1 2 0 -2 2 0 0 0 0 0 2 0 1 0 1 0 0 0 -1 0 -1
1 0 0 0 0 1 -1 0 -1 0 1 -1 0 -1 1 0 0 2 0 2 1 0 1 -1 0 0 -2 0 1 0 -2 2 0 0 2 0 -1 1 0 2 0 2 0 0 2 0 0 0 0 2 -1 -1 3 0 2 0 0 0 1 -1 -1 1 -1 -1 0 1 1 0 3 0 1 1 -1 0 0 -1 1 1 0 -2 0 1 -1 0 0 0 1 0 0 0 -1 0 0 0 1 2 2 -2 1 2 1 1 1 0 0 -2 1 0 0 0 1 0 1 -2 0 -1 -1 -1 1 0 -1 0 0 0 1 0 0 1 -1 1 0 0 0 0 0 1 0 -3 0 -1 0 1 2 0 0 -1 1 3 0 0 0 0 0 0 -1 -1 -3 1 0 0 -1 0 0 1 0 0 2 -1 0 0 0 1 1 1 1 1 0 0 0 -2 1 0 0 0 0 -1 1 -1 1 0 0 1 0 2 -1 1 0 1 0 -2 2 -1 0 1 0 1 -1 0 0 0 1 3 0 0 0 0 0 0 0 0 0 -1 0 0 -1 0 0 -1 0 -2 1 0 -2 -2 -2 -1 0 0 0 -3 0 2 0 -1 0 0 1 0 0 0 0 0 0 2 0 1 0 -3 -1 2 1 -1 1 -2 1 1 1 0 0 -1 0 0 1 0 -1 -1 0 0 0 1 0 0 0 -1 -1 -2 0 1 0 1 0 0 0 0 0 20 -1 0 1 -1 0 -2 1 -1 2 0 0 -1 1 0 0 -1 0 3 0 1 0 1 0 1 0 0 -1 0 1 2 1 0 0 0 0 0 -2 2 0 0 0 0 1 0 0 1 -1 -1 0 -1 1 -1 0 0 0 1 0 1 0 1 1 0 -1 -1
1 0 0 -1 0 -1 0 1 1 -5 0 1 0 0 1 0 -2 1 1 -1 0 -1 1 0 -1 0 1 -1 0 1 0 0 0 -1 2 1 0 0 -3 0 0 0 0 0 -1 -2 2 -1 -1 0 0 1 0 -1 0 0 -1 0 1 -2 -1 -1 0 1 -1 -1 1 0 -1 1 0 0 0 1 0 -1 0 0 0 0 1 1 2 1 1 0 0 0 -1 0 0 0 0 -2 -1 0 -1 0 -1 1 0 1 0 -1 -1 0 -1 -1 0 4 1 0 1 0 0 2 2 -2 0 -2 1 0 -1 -1 2 1 0 0 1 1 -1 -1 -2 0 3 0 0 0 0 -3 -2 0 -1 0 -1 0 0 0 1 1 0 -1 -1 0 -1 0 0 1 0 0 0 0 1 -2 0 0 1 1 0 0 1 0 -2 1 3 0 1 0 1 0 1 0 0 -1 0 0 0 1 0 1 0 -1 1 0 2 2 1 1 1 2 -1 0 0 0 -1 0 0 -1 0 0 5 0 -1 0 0 0 -1 0 -1 -3 1 0 -1 0 0 0 -1 1 3 -2 1 0 0 0 0 0 1 1 0 1 1 0 1 0 1 -2 0 0 2 0 0 0 0 0 -1 0 -1 3 0 0 0 0 0 1 -1 -1 1 -1 0 1 -3 1 1 0 0 0 0 1 0 -1 1 1 1 1 0 3 0 0 0 1 -1 -1 0 -1 0 -1 24 1 0 2 0 1 -2 -1 1 0 0 0 -1 0 0 0 1 1 1 -1 -3 0 1 1 -1 0 0 -2 -1 0 -1 0 0 0 0 0 2 0 1 -1 1 0 1 1 0 0 1 -1 -1 0 2 2 0 0 0 -1 -1 2 1 -1 0 0 1 2
0 -1 0 0 1 0 1 2 0 1 0 -1 0 -1 -2 1 0 1 1 0 0 0 1 0 0 1 -1 0 -1 0 0 -1 1 0 -1 -1 2 0 2 0 0 0 0 0 0 0 0 1 1 0 0 1 -1 0 0 0 0 0 0 0 0 0 -1 0 1 1 1 -1 0 -1 -1 2 0 0 -2 0 0 0 1 0 0 1 0 0 0 -2 0 -1 1 2 0 -1 1 0 0 0 -2 0 0 0 0 0 0 -2 -1 -1 0 0 1 0 3 -1 0 0 0 -1 1 1 -1 0 0 0 0 -1 0 -1 0 0 0 0 0 0 -1 0 0 1 1 1 1 1 1 -1 0 1 0 0 2 1 0 -1 -1 -1 0 1 1 0 0 0 1 1 -1 0 -2 -1 1 0 -1 1 0 -2 2 0 1 0 -1 0 2 0 0 -1 2 0 -1 0 0 -1 -1 1 0 -1 0 0 0 0 -2 0 0 2 0 1 -1 -1 -1 -1 0 0 0 0 0 1 0 -1 4 0 -1 0 -1 1 0 0 0 0 0 1 0 0 1 0 0 1 0 1 0 -1 0 1 0 1 -2 1 0 -1 0 0 1 0 0 -1 -1 -2 0 1 0 0 0 0 1 0 -1 0 0 0 0 0 0 1 0 0 1 0 0 1 -1 -1 0 0 1 -1 0 0 0 0 0 0 1 3 0 0 0 1 0 0 0 1 -1 0 1 16 0 2 0 1 0 0 -1 0 -2 -1 1 0 -1 1 0 0 0 0 0 0 0 0 0 -1 0 -1 0 0 1 1 1 0 0 -1 0 0 0 -1 1 0 -1 0 0 1 1 1 1 0 0 0 0 -1 0 0 1 -1 0 0 4 0 1 -1
-1 0 0 0 0 0 0 1 1 3 1 0 1 0 -1 0 0 1 1 3 -1 1 -1 2 3 0 0 0 1 0 0 1 -2 1 0 0 1 0 0 1 0 -1 0 -1 0 2 0 1 0 2 1 1 0 -1 -1 -1 1 -1 0 2 -1 1 -1 -2 -1 -1 2 1 0 0 1 -1 1 2 1 0 1 0 0 2 2 2 0 0 1 1 0 0 0 -2 0 2 1 1 -1 1 -1 -1 1 -1 0 -1 0 0 0 1 -1 1 0 -1 0 0 0 0 2 0 1 0 -1 0 1 0 -1 -1 0 0 -1 -1 1 0 0 -2 0 0 0 1 -1 0 -1 0 0 -2 -1 0 0 0 1 -1 2 0 -1 -1 0 0 0 1 1 2 -1 0 -2 1 0 1 0 1 4 0 -1 0 -1 0 0 1 -1 0 0 1 -1 1 1 0 0 0 -1 -2 0 -1 -1 0 0 -1 -1 0 0 -1 1 1 -1 1 1 1 1 0 0 -1 0 0 0 -1 1 0 0 0 1 0 1 1 0 -1 0 -1 -1 0 0 0 -1 1 1 0 0 0 0 -1 -2 0 1 -1 0 -1 -1 0 0 -1 0 0 0 0 1 0 0 -1 -3 0 1 1 1 0 0 0 1 1 1 1 0 -3 0 0 0 0 0 1 0 0 1 -1 0 0 -1 1 2 0 0 -1 0 -1 0 1 2 1 1 0 0 0 0 1 0 0 21 -1 -1 1 2 1 1 0 1 0 0 -1 0 0 1 2 2 -1 -1 1 0 1 -1 0 1 -1 0 0 0 0 0 0 0 1 -1 -1 1 -1 0 0 1 -1 0 -1 0 1 1 0 0 2 0 -1 1 1 1 -1 0 0 0 2 -1 1
0 0 1 0 -1 1 -1 2 1 1 0 0 2 0 0 -1 0 0 1 0 0 0 0 0 1 -1 -3 -1 -1 1 0 0 0 0 0 0 -1 0 0 0 1 -2 0 0 -1 0 -1 0 1 1 -1 0 0 0 -1 0 -1 2 0 0 -1 0 0 1 1 0 0 0 1 0 0 1 0 -1 0 0 -1 0 2 0 -1 0 1 1 0 1 0 -1 0 2 1 -1 0 -1 0 0 -1 0 0 3 1 0 0 -1 0 -1 0 0 2 -2 3 -1 2 0 0 0 1 2 0 1 0 0 -1 1 0 0 0 1 0 0 0 0 0 0 0 0 0 0 0 0 1 0 -1 -1 1 1 1 -2 1 0 0 0 -1 0 0 1 1 0 1 1 -2 0 1 -1 -1 0 0 1 -1 0 0 -2 0 1 2 0 -1 -1 0 -2 1 0 0 0 0 -1 -1 2 0 0 0 -1 1 0 1 0 0 1 -2 0 0 0 -2 -2 0 0 1 0 -1 0 2 -1 -1 0 0 0 0 0 -1 0 0 1 1 0 0 2 1 0 0 0 0 -1 0 0 1 0 0 1 -1 1 0 1 0 0 0 -1 -1 0 0 0 0 0 0 0 -1 -1 0 1 0 -1 1 0 -1 0 -1 -1 -1 -1 0 1 0 1 0 0 1 1 -1 0 0 0 1 0 0 0 1 -1 0 -1 -1 1 1 0 -2 1 1 -1 2 2 -1 17 -2 0 0 0 0 0 -1 -1 1 0 0 1 0 0 1 0 0 -1 -1 1 0 0 -1 0 0 0 0 0 -1 1 0 0 1 0 1 0 0 2 1 0 1 -1 0 1 1 -1 0 0 -1 0 -1 0 2 -1 1 0 0 0 0 -1
1 -2 0 -1 4 1 -1 0 0 -2 0 -1 -2 0 1 0 1 0 1 -1 1 -1 -1 0 -3 0 0 2 1 2 0 -1 1 1 0 0 0 -1 0 2 0 1 0 1 0 0 0 1 0 0 0 0 -1 1 0 -1 0 0 -1 0 0 0 2 0 1 1 0 2 1 0 -2 0 -2 -2 0 1 0 -1 0 0 2 -1 -1 -1 0 1 0 -2 0 -1 0 -1 0 0 1 1 2 1 0 -1 1 1 0 -1 -1 0 0 1 -1 -1 0 1 -1 -1 0 0 1 0 0 1 0 -1 0 0 -1 -1 0 -1 0 -1 1 -1 0 0 -1 0 -1 0 0 -1 -1 1 0 0 0 0 -1 1 0 -2 0 1 -1 0 -1 0 0 0 1 0 2 -1 1 0 0 1 0 0 0 1 1 2 0 -1 0 -1 1 0 1 1 2 0 -1 1 0 3 0 0 0 1 2 -1 1 -2 1 1 -1 -1 0 0 0 1 2 -1 0 0 0 0 3 2 -2 0 2 0 1 1 -2 2 0 2 0 0 0 -1 1 2 1 0 1 1 -1 0 0 0 1 0 0 -2 0 0 0 2 1 -1 1 0 1 -1 1 0 0 0 0 0 0 0 0 -1 -1 1 0 -1 0 2 0 0 1 0 0 -1 -1 0 1 1 0 0 0 1 -1 -1 -2 1 -1 2 2 5 1 0 2 1 0 1 0 0 0 0 0 0 -1 -2 23 0 0 2 0 -2 0 0 2 0 1 2 1 -3 0 0 2 0 0 0 1 0 2 1 1 0 1 2 0 -1 1 2 1 0 -1 0 1 0 -1 -1 2 0 0 -1 0 0 0 1 0 1 2 0 -1 1 0 -1 0 -1 1 1
0 0 0 -1 0 0 2 1 -1 5 -1 2 1 0 2 0 0 0 0 0 0 -1 -1 0 -1 -1 -3 1 0 2 0 0 0 2 0 0 1 0 1 4 1 -2 2 -1 0 0 -1 2 -1 -1 0 3 0 -2 -2 2 0 -1 -1 -1 0 -2 -4 3 0 -1 -2 0 -2 0 -1 0 -3 -3 -3 1 -1 -1 0 1 0 0 2 1 -2 0 1 0 0 1 0 -1 0 0 0 -1 -2 1 1 0 1 -1 -1 0 2 0 0 -1 -1 1 -2 0 1 1 -1 1 1 0 0 -1 0 -1 0 2 0 2 0 0 3 1 0 1 -2 1 2 0 1 0 0 -1 0 0 -1 -2 1 1 -1 1 1 1 1 0 0 1 2 0 1 3 1 2 -2 1 0 1 1 0 3 0 -1 -1 3 0 0 -1 0 0 2 2 -1 -2 -1 0 0 0 0 1 0 -1 1 1 1 0 0 0 1 1 -1 -1 -2 2 -5 0 -1 0 0 -1 -1 1 1 0 2 0 1 0 1 0 -2 0 -3 2 0 0 0 0 0 -1 -1 3 0 2 -1 1 -1 -1 -1 0 2 1 1 1 0 -1 0 1 1 4 0 0 0 -1 0 -1 0 -2 2 -1 0 0 1 -1 -2 1 0 1 0 0 -1 1 1 3 -1 -1 0 -3 0 1 2 -1 0 -2 0 0 0 -1 0 2 0 1 -1 -2 -1 -1 0 1 1 -2 1 1 1 0 0 31 0 0 2 1 0 -2 2 -1 1 0 1 0 2 -2 1 -2 4 0 -1 -1 1 2 1 -1 -1 2 0 0 1 -2 -2 1 1 0 0 -1 0 -5 -2 0 2 3 2 0 0 -1 -1 1 1 -1 -2 2 1 0 0 0 0 -2
1 0 0 1 0 1 1 0 1 2 0 1 0 1 -1 -1 0 -1 3 0 1 0 0 0 0 1 0 0 1 0 0 1 1 0 -1 0 0 1 0 1 1 1 0 -1 0 1 0 0 -1 0 0 0 0 -1 1 -1 0 -1 0 0 1 -1 0 0 2 -1 0 1 0 -1 1 0 0 -1 0 0 0 0 0 1 0 0 1 1 0 0 0 -2 0 -2 -1 -1 0 -3 -2 2 1 0 1 0 0 0 -1 2 0 -3 -1 1 0 -3 1 0 -1 0 1 0 0 -1 -1 0 -1 -1 1 0 0 0 0 0 0 0 2 1 0 1 0 1 0 1 -1 -2 1 0 0 0 0 -1 -1 -1 -1 0 1 0 0 -1 -1 1 1 0 -2 -3 0 0 0 -2 1 0 2 1 -1 0 -1 0 0 0 -1 0 0 0 0 0 0 2 1 1 -1 1 0 -1 0 2 1 0 -1 0 -1 1 1 0 -1 0 1 0 1 0 0 1 4 -1 -1 0 0 0 1 0 1 -2 0 0 2 2 -1 0 -1 -1 -1 1 1 0 1 0 1 1 2 -1 0 0 0 0 0 0 -1 -1 0 1 -1 0 1 0 0 0 1 0 -1 0 0 -1 2 0 0 -1 -1 0 0 0 -1 2 -1 1 1 1 0 1 -1 0 0 -1 0 0 1 1 1 1 0 -1 0 -2 0 0 -1 0 1 0 -1 -1 1 1 -2 0 2 0 0 0 18 -1 1 0 0 -1 0 0 -2 0 0 1 3 -2 0 1 -1 0 -1 0 0 3 1 0 2 -1 1 -1 -2 1 0 -1 1 0 0 1 -1 0 1 0 -1 0 1 0 0 1 2 0 1 2 -1 -1 -1 0 -1 -1 0 1
-1 0 0 0 -1 0 0 -1 0 0 0 0 0 -1 -1 0 0 -1 0 0 -1 1 0 0 0 0 1 0 1 1 0 0 0 1 2 0 0 -2 -1 1 1 0 0 -1 3 1 0 1 0 0 -2 1 0 0 0 0 1 -1 1 -1 -1 0 0 0 0 -1 0 1 0 0 -1 -2 0 0 0 1 1 0 0 0 0 -1 -1 0 0 1 0 -1 0 0 0 0 0 0 0 -1 0 1 1 -1 0 0 -1 0 0 2 -1 -1 1 0 0 -1 1 0 0 -1 0 -1 0 0 -2 0 -1 0 0 2 0 0 0 1 0 0 0 0 1 0 0 1 0 1 2 1 0 0 0 1 0 0 0 0 0 0 1 -1 1 -1 0 0 0 0 -2 0 1 1 -1 0 0 0 0 0 0 0 2 1 -1 0 0 0 1 0 0 2 0 -1 2 1 0 0 0 -1 -2 1 0 0 0 1 0 0 0 -1 0 0 -1 0 1 0 0 0 0 1 2 0 2 1 0 0 0 0 1 1 0 0 0 1 2 0 1 -1 0 0 0 1 0 0 1 0 1 0 0 0 0 1 1 0 0 0 -1 0 0 0 1 -2 0 1 -1 1 1 1 0 0 -1 0 -1 2 -1 0 0 1 0 -1 0 0 3 0 1 1 1 0 -1 0 0 -1 -1 2 1 0 1 0 0 -1 0 0 1 2 -2 -1 -1 0 1 0 2 0 -1 16 0 1 0 2 0 -1 0 1 0 0 1 2 1 -1 0 0 0 0 0 0 0 0 0 0 0 1 2 1 3 -1 0 0 1 1 0 0 -1 -1 1 1 -1 -1 0 0 1 1 0 -1 0 0 0 -1 0 1 0 2
0 0 0 2 -1 1 0 1 2 0 0 1 0 0 0 0 0 0 0 0 -2 1 1 1 -1 2 3 0 0 0 0 0 1 0 0 1 -1 0 1 0 0 1 0 0 0 0 0 0 0 1 -1 1 -1 0 -1 0 1 0 0 1 0 0 1 3 1 -1 2 0 0 1 0 2 -1 0 0 0 0 2 0 -1 -1 0 0 0 1 0 0 0 0 0 1 -1 2 1 0 0 -2 -2 0 0 -1 0 -1 -1 2 0 0 0 -1 -1 1 0 0 0 0 2 1 1 0 -1 -1 0 0 0 0 1 1 0 0 1 0 1 0 1 0 2 1 0 0 -1 -1 1 1 0 -1 1 0 0 0 0 2 1 -1 -1 1 -1 0 0 -1 2 1 -1 0 1 -1 0 2 0 0 1 1 1 0 1 0 1 0 0 -3 -1 0 0 0 0 0 -1 0 -2 -1 2 1 -1 0 0 -1 1 0 1 -2 0 0 0 0 1 0 0 0 2 -1 2 1 -1 0 0 0 0 0 -1 -1 0 0 1 1 0 0 1 0 -1 0 -1 0 1 0 0 -1 -1 -1 0 1 -1 0 0 1 -1 0 1 0 0 -1 0 0 1 -1 0 1 -1 0 0 0 0 1 0 0 -1 0 0 1 0 0 0 0 1 1 -1 0 0 0 0 0 0 1 0 -1 0 -2 0 1 -1 0 1 0 0 0 -2 0 2 1 -1 1 0 0 2 1 0 14 0 1 0 1 0 -1 -1 0 1 0 0 0 0 -1 0 1 1 0 0 0 0 3 1 1 0 0 1 0 0 1 1 0 0 1 0 -1 -1 1 0 0 0 0 0 0 1 0 1 1 2 0 -1 1 0 -1 0
0 1 1 0 -1 -2 1 0 0 2 0 0 1 0 0 1 0 -1 0 0 1 2 2 0 0 0 0 -1 0 0 0 0 0 1 0 0 0 1 0 0 3 0 -1 -2 0 1 2 0 0 0 -1 1 1 0 0 0 1 0 1 0 0 1 -1 1 1 -1 -1 0 1 -1 2 1 0 -3 0 1 1 0 0 0 0 0 1 1 2 1 2 1 1 0 2 0 0 1 0 -1 0 0 -1 3 0 0 0 0 0 1 -1 0 0 1 0 0 -1 3 3 0 0 1 0 -1 1 0 -1 1 0 0 0 -1 1 0 1 0 0 0 1 0 1 0 0 0 0 0 1 1 0 1 0 1 0 3 1 1 1 0 1 0 0 0 0 1 -1 0 2 1 1 0 0 2 0 0 0 -1 0 1 0 0 2 0 0 1 0 0 0 1 1 0 -1 1 2 1 0 1 0 1 1 2 2 1 0 0 -1 0 -1 0 0 0 0 0 -1 0 1 1 0 1 -1 0 0 1 -1 1 0 -1 0 0 0 -1 -1 -3 -1 0 0 0 3 1 0 0 0 0 -1 0 1 1 1 1 -1 0 1 0 1 1 0 0 0 0 1 0 1 0 0 0 0 2 1 1 0 0 1 3 -1 -1 1 0 1 1 -1 0 -2 0 0 0 -1 1 -1 0 1 1 0 1 0 -1 -1 0 0 1 0 0 0 0 0 0 -2 1 0 1 0 20 2 0 3 0 0 0 1 2 0 -1 2 1 0 1 -1 0 1 3 0 3 -1 1 0 0 -2 -1 2 -1 1 0 0 0 1 1 -3 0 0 0 0 3 2 0 0 2 0 1 0 1 0 0 1 0 0 1
0 1 2 0 -1 0 0 0 -1 0 0 1 -1 0 1 3 0 1 0 0 -1 1 0 0 0 1 1 0 0 0 0 0 -2 1 1 0 1 1 -2 0 1 0 0 0 0 0 0 1 -2 1 2 0 1 -1 0 1 1 -1 1 0 0 0 3 0 0 0 1 0 2 0 -1 2 1 0 0 0 2 -1 0 0 2 -1 0 0 0 0 0 2 0 -1 1 0 0 0 0 0 0 0 -1 0 -1 0 0 0 -1 0 0 0 0 -1 -2 0 0 1 1 0 0 0 0 1 0 0 0 0 0 2 -1 0 1 1 -1 -1 0 0 1 1 -2 -1 0 0 1 -1 1 0 0 1 0 0 0 -1 1 0 -1 0 0 -1 0 0 -1 0 2 -1 1 1 -1 -1 0 1 0 0 1 0 -1 2 1 -1 -1 0 0 1 1 2 2 0 1 0 -1 0 -1 1 -1 2 1 0 -1 0 3 2 0 2 1 2 -1 1 0 0 -1 -1 -1 1 0 1 -2 0 2 -1 -1 1 0 0 0 0 0 0 -2 0 2 0 1 1 -1 0 0 -1 0 -2 -1 -1 2 -1 0 0 0 -1 -1 0 0 0 1 3 0 0 0 0 1 1 1 2 0 0 1 1 0 0 0 0 0 1 0 0 0 0 -1 1 -1 -1 -1 0 0 0 1 1 0 1 0 -2 0 0 -1 -1 -2 1 0 2 0 0 0 -2 1 -1 0 0 0 0 1 2 16 0 -1 0 0 0 -1 0 -1 -1 -1 0 0 1 1 1 1 0 -1 1 0 1 0 1 0 1 0 0 3 -1 0 0 1 0 -1 1 -1 0 -1 0 1 1 1 0 -1 1 0 -1 0 0 0 0 0 1
-3 0 0 -2 0 0 0 -1 0 -3 0 -1 0 0 0 1 3 0 0 0 -1 -1 0 0 0 0 2 -1 1 0 -1 -2 0 0 2 0 0 0 1 -1 1 0 1 1 1 0 1 0 0 1 0 2 -1 -1 0 -1 1 0 1 0 0 1 0 0 0 -1 -1 0 0 0 3 0 1 -1 0 1 0 0 0 0 1 1 1 1 0 0 -2 1 0 0 0 1 0 0 0 0 0 1 0 1 -2 0 0 0 0 1 -1 1 -2 1 0 -1 -1 1 0 0 -1 -1 0 0 1 -1 0 0 -2 2 1 0 0 0 0 0 -1 0 0 -1 0 0 -1 1 0 0 -1 1 -1 0 1 -1 0 -1 0 0 0 0 1 -2 0 -1 -1 1 0 0 -1 1 0 0 -1 -1 1 0 0 0 0 0 -1 -1 0 0 0 0 -1 0 -1 0 0 0 0 0 0 -1 0 1 0 1 0 -1 0 1 0 0 0 0 -1 0 -1 0 -1 1 1 -1 0 1 0 0 0 1 0 0 1 0 0 1 0 0 -1 0 1 -1 1 0 0 1 0 0 0 1 0 0 0 0 -1 1 0 -1 -1 0 0 0 0 0 0 0 -1 1 0 0 -1 -1 0 0 1 0 -1 -1 1 -1 0 1 0 -1 1 0 1 0 0 0 1 1 -1 0 -2 -1 1 0 0 -1 0 0 1 -1 0 0 -1 0 -1 -1 0 -1 0 -1 0 -2 -1 2 0 0 0 15 0 0 0 -1 0 1 2 0 0 1 0 -1 -2 0 1 -2 0 0 1 -1 2 -1 0 0 0 0 -1 0 0 1 0 0 -2 -2 0 0 1 0 0 0 0 -2 0 0 0 -2 0 0 1 0 0 1
0 0 1 1 0 -1 0 0 0 3 -1 0 -1 1 -1 0 0 -1 2 1 1 0 2 0 0 2 0 0 0 0 0 0 0 0 0 0 1 0 0 4 1 0 -1 -1 0 1 0 3 0 0 1 0 -1 1 1 0 1 0 0 2 0 3 -2 0 2 2 1 1 0 2 1 1 -1 0 0 1 0 2 0 0 -2 -1 0 -1 -1 0 0 0 0 0 1 -1 -2 1 1 0 0 -1 -1 1 0 0 -1 -1 0 1 -1 -1 0 -1 2 1 0 1 1 0 0 -2 2 -1 0 0 1 0 1 0 1 1 0 0 -1 0 -1 -1 0 0 -1 0 1 0 -1 0 1 2 1 1 -1 2 0 1 -1 0 -1 1 1 -1 -1 1 -1 3 -1 -1 1 0 1 -1 0 2 2 0 0 1 2 -2 2 0 1 0 0 -2 -1 0 0 0 -1 -1 0 0 1 2 0 -1 -1 -1 0 1 2 -2 0 0 0 1 0 0 0 0 -1 -1 0 0 -1 1 2 1 1 1 0 0 1 -1 -1 2 0 1 0 1 1 -1 -1 -1 0 -1 1 -1 -1 0 -1 -1 0 0 1 1 -1 -1 -1 1 1 0 -1 0 -1 -1 -1 -1 0 0 0 -2 0 1 1 0 -1 -1 0 1 2 -1 2 -1 0 -1 0 1 -1 0 0 0 1 0 -2 1 -2 0 0 2 -1 0 1 2 0 0 0 2 0 1 -1 1 0 1 2 2 0 0 1 3 -1 0 21 0 0 0 0 0 1 0 0 0 1 0 1 -1 0 2 1 0 -3 0 1 0 -1 1 1 0 -1 0 -1 0 1 -1 1 0 -2 1 0 1 2 -1 2 1 0 0 -2 -1 0 1 1 0 0 1
0 -1 0 -1 0 -1 1 0 0 -1 0 0 0 0 -1 1 0 0 -1 1 0 -1 -2 0 0 -1 0 0 -1 0 0 0 0 0 0 0 0 0 0 0 1 0 0 0 -1 -1 0 0 0 0 -1 0 0 0 0 0 1 0 -1 0 0 0 1 -1 0 0 0 0 0 0 0 0 0 0 0 -3 -1 0 0 -2 0 -1 -1 -1 0 1 0 1 0 0 0 0 0 0 0 -1 -1 -1 0 0 0 1 0 -1 0 0 0 -2 0 0 1 -1 0 0 0 0 0 0 1 0 0 0 0 0 0 -1 0 0 0 0 0 -1 -1 0 0 0 0 -1 0 0 0 0 -1 1 0 1 1 0 0 0 1 0 -3 0 0 0 0 0 0 0 0 0 1 0 0 0 -2 1 0 0 0 0 0 0 0 0 1 -1 1 0 0 0 0 1 -1 0 0 1 0 -1 0 0 1 2 -1 0 0 0 1 0 0 0 0 0 0 0 0 0 0 0 -1 0 0 0 -2 0 0 0 -1 0 0 0 0 -1 -1 0 0 0 0 0 1 0 0 0 1 -1 0 1 -3 0 0 0 0 0 0 0 0 -1 -1 0 0 0 0 0 0 2 0 0 1 0 0 -3 -1 1 0 1 0 1 -1 0 0 0 1 0 0 0 1 -1 2 0 1 0 0 1 0 0 -1 0 0 1 0 -1 0 1 0 0 0 0 -1 0 0 -1 0 -1 0 0 0 0 0 13 0 -1 0 0 -1 0 0 0 0 0 0 0 0 2 0 0 1 -2 0 0 0 1 0 1 0 -1 0 0 0 0 1 0 0 0 -1 0 0 1 1 0 -1 -1 1 1 0 0 0 0 -2 0
-2 -1 0 -1 3 0 -1 1 0 1 0 0 1 2 0 -1 0 0 0 0 0 0 -1 0 1 -2 0 0 1 -1 -2 0 -2 0 0 -1 0 0 0 -1 -1 0 1 1 -1 -1 0 0 1 0 0 1 0 1 0 0 0 0 -1 2 1 0 1 -1 -1 0 0 0 -1 -1 1 0 0 -2 -1 0 1 1 0 -1 0 0 -1 -2 0 0 -1 1 1 0 1 0 0 2 0 -1 1 0 0 0 2 1 3 0 -1 0 -2 2 -1 2 -2 0 1 3 -2 -1 2 0 1 0 -1 1 0 0 -1 0 0 0 0 0 0 -1 -1 -1 1 1 0 0 0 0 0 0 1 -1 1 2 -2 0 0 2 1 0 0 2 -1 1 1 0 0 1 2 1 1 1 0 -1 0 0 0 0 1 0 -1 0 0 1 -1 -1 0 0 0 0 1 -1 2 1 2 1 -2 1 0 0 0 -3 0 0 1 0 0 0 0 0 1 0 0 1 -1 0 1 0 0 -1 -1 -2 1 1 -1 1 0 1 0 0 0 1 0 -1 -2 -1 0 0 1 0 0 0 0 0 2 -1 0 0 0 1 1 1 0 1 0 0 0 0 0 0 -1 -1 0 0 -1 1 -1 -1 -1 -2 0 0 -1 -1 0 1 0 0 1 -1 1 1 0 0 -1 1 0 -1 -1 4 0 0 0 0 3 0 0 0 0 1 0 0 1 0 0 -1 0 0 1 1 -2 0 -1 0 0 0 0 0 20 -2 -1 1 0 1 0 -1 1 2 0 2 -3 0 0 0 0 0 1 1 -3 1 -3 1 1 0 0 0 3 -1 0 0 0 0 0 0 0 0 -1 1 3 0 0 0 0 0 2 0 -1 0
2 0 1 0 -1 1 0 0 1 -1 0 0 -1 -1 -1 -1 0 -1 1 -1 0 0 1 -1 0 0 -1 1 -1 1 1 0 -1 1 -1 0 1 0 -1 0 1 2 -1 1 2 -1 1 0 1 1 0 0 0 0 0 0 -2 0 2 0 0 0 -1 -1 0 1 0 1 0 1 -4 0 2 0 0 0 0 0 0 1 1 2 1 1 0 -1 0 0 0 -1 0 0 1 0 0 2 0 0 -1 1 2 -3 -2 0 0 0 2 0 1 0 0 1 -2 2 1 0 1 -1 0 0 0 2 0 1 0 1 -1 0 -1 -1 -1 1 0 -1 0 -1 -1 3 0 2 0 0 0 2 -2 0 0 -1 0 -3 1 0 0 -1 -1 2 -1 0 2 -2 0 0 0 -2 1 2 0 1 0 1 0 0 -1 -1 0 0 3 0 1 0 2 0 2 1 0 0 1 -1 2 0 0 1 1 2 0 0 0 1 -4 2 0 0 -1 1 -1 0 0 -1 0 2 0 1 4 1 0 0 0 0 2 0 1 2 1 0 2 0 -2 4 0 0 -2 0 1 0 2 2 0 0 -2 0 2 0 0 1 -1 -2 0 1 0 0 -3 0 0 -2 -1 -2 1 1 1 -1 0 0 2 0 0 1 1 1 -1 -1 0 0 0 2 1 -1 0 1 0 0 2 1 0 0 0 2 0 0 1 0 -1 0 0 0 0 -1 0 1 0 1 2 0 0 1 -1 0 0 -1 0 -1 -2 28 1 -1 2 0 0 -1 -2 1 -1 -1 1 0 1 0 0 0 0 -1 3 1 3 0 -1 2 0 -1 1 0 0 1 -1 -1 0 0 -2 -2 -1 1 1 -1 -2 0 0 -1 0 0 1 0
-1 0 -2 0 0 0 0 -1 1 0 0 0 1 -2 1 1 0 0 0 0 1 1 0 -1 -1 0 -1 0 0 2 0 0 0 -1 0 0 0 0 0 0 0 0 -2 1 0 0 0 0 1 0 0 0 0 0 0 0 0 0 1 0 1 1 -3 0 -1 0 -1 0 0 0 0 1 1 1 -1 0 1 1 0 1 1 0 1 -1 0 -2 0 0 0 0 0 0 1 0 1 0 2 1 1 1 -1 0 0 0 0 0 -1 0 0 0 0 0 1 -1 0 0 1 -2 -1 0 0 1 0 0 0 -2 0 -1 -1 2 0 -1 1 0 -2 0 0 -1 1 2 -1 0 -1 -2 1 0 2 0 0 -1 0 0 0 0 0 0 -1 0 1 -1 -1 0 0 0 -1 -1 0 1 0 -1 0 0 -1 0 1 0 0 1 0 0 1 0 1 0 0 1 0 0 0 1 1 0 2 1 0 -1 1 0 1 0 -1 -1 0 0 1 0 1 0 0 0 1 -1 0 -1 -2 0 -1 1 -1 0 0 0 0 0 0 0 -1 0 0 1 0 0 1 1 2 0 1 3 -1 0 1 -2 0 1 1 0 0 0 1 0 -1 -1 -1 0 0 -1 -1 1 0 0 1 0 1 0 0 0 1 1 1 0 0 0 0 -1 0 1 1 -1 0 -1 0 0 0 0 2 0 0 1 1 0 2 1 0 0 0 0 1 0 1 0 1 1 0 0 0 1 -1 0 0 0 -1 1 16 -1 1 -1 0 0 0 1 0 0 -1 1 0 0 1 0 0 0 0 -1 -1 0 0 0 1 0 -1 0 1 1 1 -1 0 0 0 1 -1 0 0 0 1 0 0 0 -1 0 0 -1
-1 1 0 -1 1 -1 1 0 0 0 0 0 0 0 0 0 -1 0 1 1 0 -1 0 1 -1 -1 1 0 0 0 -1 1 1 0 -1 0 -1 -1 0 0 0 -1 0 -1 0 1 0 1 0 1 -1 1 2 0 0 -1 1 0 0 -3 -1 0 0 -1 1 0 0 0 0 0 2 0 0 0 0 0 1 0 -2 0 0 -2 0 0 1 0 0 0 1 -1 2 2 0 1 -2 1 1 2 1 2 1 -1 1 1 0 -2 -1 -1 1 1 0 -1 0 0 0 0 -1 0 0 0 2 0 -1 -1 -2 1 3 1 0 0 0 0 0 0 0 1 1 2 0 -1 1 0 1 1 1 0 1 2 0 0 1 -1 0 -1 -1 1 -1 1 -1 0 0 0 0 0 0 0 0 0 2 -1 -1 1 0 0 1 2 -3 0 2 -1 -1 1 0 0 0 -1 0 0 0 0 3 -2 0 2 0 1 1 2 1 -1 2 0 0 0 -1 0 0 1 -1 0 2 1 0 0 2 1 0 1 -1 0 -1 0 1 0 0 -2 -1 0 1 -1 3 0 -1 1 0 1 0 2 0 0 -1 0 -1 -1 -1 0 0 0 1 1 -1 0 0 -1 -1 0 0 -2 1 0 0 0 1 2 0 0 0 0 0 1 0 1 0 1 0 -1 0 0 0 2 0 0 1 0 -1 -3 0 1 1 1 0 0 -1 0 1 3 1 0 2 0 -3 0 1 0 1 2 0 1 0 0 1 -1 -1 22 1 -1 0 1 2 0 -2 0 0 0 -1 0 -1 0 1 0 -1 1 0 1 0 -2 0 -1 -1 0 -1 0 0 1 0 0 1 0 1 -1 1 1 1 1 0 1 1 0 1 0
1 0 0 0 0 0 0 0 -1 0 -1 0 0 1 1 -1 0 -1 2 -1 1 -1 4 -1 -1 0 -1 -1 1 -2 0 -1 2 0 1 0 0 0 2 0 1 -1 0 0 1 2 1 -1 -2 1 2 0 -1 1 -1 0 0 0 0 0 -1 0 -1 1 1 -1 0 1 0 2 1 1 1 -1 0 0 0 1 -1 1 1 0 2 0 0 0 0 -1 0 -2 1 -1 -1 -1 0 2 0 1 0 1 1 1 1 0 2 0 1 0 -1 0 3 0 -1 1 0 0 0 -1 0 -1 0 1 1 0 0 1 0 1 0 1 0 -1 -1 1 2 -1 1 1 0 0 0 0 1 -1 1 -1 0 -1 1 0 1 0 -1 -1 -1 0 0 1 0 1 -1 1 -1 -2 0 0 1 1 1 0 -1 1 2 -1 0 0 1 1 0 1 1 1 1 0 -1 0 0 -1 0 3 -1 0 0 0 1 2 0 1 -1 0 -1 -1 0 -1 1 0 0 0 -1 0 1 2 2 0 0 -1 2 0 0 -1 -1 0 0 0 0 1 -2 1 0 0 0 1 -1 0 0 0 0 1 2 0 -1 0 -1 1 -2 -1 -2 -2 -1 -1 0 0 0 1 -1 -1 0 -1 0 0 1 0 0 0 -1 0 0 3 1 0 0 1 1 1 0 -1 0 0 -1 1 0 2 0 -1 0 -1 0 0 0 1 1 0 -1 -1 0 0 1 0 2 1 0 2 3 1 0 0 -1 2 1 -1 0 2 1 1 17 -1 -1 0 -1 0 0 -2 2 1 3 0 1 -1 1 1 0 1 0 0 0 1 0 0 0 0 0 1 0 -1 -1 0 2 0 0 -2 2 0 0 0 -1 0 0 0 0 1
0 0 0 0 -2 0 -1 1 -1 -1 1 0 0 0 -1 -3 0 -2 -3 1 1 0 -1 -1 -1 2 1 1 -1 0 -1 0 0 0 2 1 0 0 -1 0 -1 1 0 0 0 -3 -1 -1 0 0 0 0 -1 1 -3 -2 0 1 1 -1 0 -1 0 -2 0 -1 0 1 0 -1 0 -1 2 1 0 0 -1 1 -2 2 0 1 -1 0 1 1 0 0 0 -1 1 0 0 0 1 0 0 0 0 0 -1 0 0 0 0 0 2 -2 1 1 0 -1 0 -1 -3 -1 0 0 0 0 -1 0 0 2 0 2 0 0 0 -1 0 1 0 0 2 0 0 0 1 0 1 -1 0 0 -1 0 0 0 0 0 0 1 1 -1 0 0 1 0 2 2 -1 0 0 1 0 0 0 -1 -1 2 0 -1 1 0 -1 0 0 -1 0 1 0 0 0 0 0 0 1 -2 -1 -1 -2 -2 0 -1 0 -1 -1 -1 1 0 2 0 1 1 2 0 0 -1 3 1 1 -1 1 2 2 1 -1 0 0 0 0 2 0 2 0 0 0 0 1 0 0 0 1 0 0 0 0 0 1 0 0 0 2 1 0 -2 -1 0 -1 0 1 0 0 2 -2 0 1 0 1 0 1 -1 0 0 0 1 0 0 -1 -2 0 -1 2 2 0 0 1 0 1 -1 -1 -5 0 0 0 0 -1 1 1 0 1 0 1 2 0 1 -1 0 -1 0 0 -2 -2 2 0 -1 -1 0 0 0 1 0 -1 -1 -1 18 1 1 -1 -1 0 0 1 -2 0 0 -1 0 1 1 -1 1 1 1 -2 0 0 -1 0 2 0 0 -2 0 0 -2 0 1 0 0 0 1 1 -1 0 -1 3 -1 0 1
0 -1 -1 0 0 2 0 0 1 0 1 0 -2 0 -1 1 0 0 0 0 3 0 0 1 -1 0 0 1 -1 0 0 0 0 0 0 1 0 0 -1 1 -1 1 1 -2 0 1 1 0 1 0 0 0 0 0 1 1 1 0 1 0 0 1 -1 0 0 0 0 0 1 -2 1 0 0 0 0 0 0 -1 0 0 0 1 1 0 1 -1 0 0 0 1 3 0 -1 2 1 1 0 -1 0 0 1 0 0 0 -1 0 0 0 0 1 0 2 0 1 2 0 1 0 1 0 1 0 0 0 -1 1 1 -1 0 0 0 0 0 0 0 -1 0 0 -1 0 2 0 0 0 0 1 -1 0 0 0 0 1 0 -1 0 -2 0 1 0 0 -1 1 1 0 0 0 2 0 0 0 0 1 0 -1 0 1 -1 0 1 -1 0 0 1 0 0 0 0 1 1 0 -2 0 0 1 1 0 0 0 0 0 0 1 0 2 1 2 0 1 0 1 -2 0 -1 0 0 0 -2 0 1 3 0 0 0 0 1 -1 -1 1 -1 2 0 -1 0 -1 1 0 1 1 0 1 0 0 2 2 0 0 1 0 0 0 0 1 0 0 0 1 0 0 -1 0 0 0 1 1 0 2 0 -1 0 0 1 0 4 -1 0 0 0 0 -1 0 0 -1 0 0 2 2 0 0 3 -1 1 1 2 1 0 0 -3 0 -1 0 2 1 0 1 0 2 -1 0 0 0 0 0 0 0 -1 1 15 0 0 0 0 2 0 -1 1 2 0 1 1 0 0 -2 0 -1 1 0 1 1 0 0 -1 0 0 0 1 2 -1 0 1 0 0 0 0 1 0 0 1 0 1 1
1 0 1 0 1 -1 1 1 0 1 3 -1 0 -1 3 -1 -1 -1 0 1 0 1 0 0 -1 1 0 1 1 0 -1 0 2 0 1 1 0 -2 0 -1 -1 1 1 -1 0 2 0 1 0 0 2 1 -1 -2 1 0 -1 1 0 0 0 1 -1 0 0 0 2 0 3 0 1 0 1 -1 -1 0 0 0 0 0 1 -1 0 0 -1 0 2 0 -1 -2 0 -1 1 -1 -1 -1 1 0 -2 -2 -2 0 3 1 0 0 0 0 1 -1 0 0 -1 1 1 0 1 0 1 0 0 1 1 0 0 0 -1 -1 -1 1 0 0 1 0 0 -3 0 0 0 -1 -1 0 -1 0 1 -1 1 1 0 -1 1 0 0 0 0 -1 0 0 1 0 -1 0 0 0 -2 0 1 0 0 -1 0 0 0 0 0 0 0 0 0 2 -1 -1 0 0 0 -2 0 1 0 1 1 0 -1 1 0 0 -1 2 -1 1 3 0 0 -1 1 0 0 -1 3 0 -1 -1 -1 1 1 0 2 2 1 1 0 0 0 -1 1 1 -2 -2 1 0 0 -1 -1 1 0 2 -2 0 -1 0 1 0 0 0 -1 0 0 0 1 0 0 0 -2 1 -1 2 0 -2 0 1 2 0 -1 0 1 0 0 0 -1 -2 1 -1 0 1 0 -1 1 0 0 3 0 0 0 1 1 0 0 -1 3 0 -1 -1 0 0 -2 1 0 0 1 -1 0 -2 1 -1 0 1 0 1 0 0 -1 -1 0 1 0 1 0 22 -1 1 0 0 2 -4 0 0 0 0 1 -2 -2 0 3 0 -2 1 0 0 1 1 0 1 -2 -1 0 1 0 1 0 -2 -1 -1 0 0 0 0 1 2 0 -1
-1 0 0 0 -1 2 1 2 1 2 -1 1 0 -1 2 0 0 3 0 1 -1 -1 -1 1 -1 1 2 1 1 2 0 1 0 1 -1 0 2 -1 1 0 0 -1 0 0 0 0 0 1 0 0 0 0 0 2 0 -1 0 0 -2 0 1 0 -2 1 0 1 -1 0 -1 2 0 0 0 -1 0 1 1 -1 0 0 0 0 0 0 1 -1 0 -1 0 2 0 0 -1 1 1 0 -1 2 1 1 1 -1 0 1 1 0 0 -1 -1 2 -2 0 1 1 0 0 1 2 0 0 -1 -2 0 -1 0 0 0 -1 1 1 1 0 0 1 0 0 -1 0 0 -1 1 0 -1 -1 2 0 1 1 0 0 -1 0 1 1 1 -1 2 1 1 0 1 1 0 1 0 0 0 0 1 0 2 -1 -1 0 0 0 0 1 1 -1 0 0 1 0 1 -1 0 0 0 0 0 -1 0 0 0 0 2 -1 0 2 -1 0 1 1 0 -1 -1 -1 0 1 0 0 -1 0 0 0 -1 2 -2 1 0 0 0 0 1 0 1 0 0 0 1 -1 0 0 0 0 1 0 0 0 0 0 0 0 0 1 0 0 1 2 1 0 -2 0 0 1 1 -1 0 0 0 1 0 0 0 1 0 0 2 2 0 0 0 -1 0 1 -1 -1 0 0 0 2 1 0 -1 1 2 1 0 1 0 -2 1 2 0 0 1 0 0 -1 0 4 -1 0 -1 0 0 0 1 0 1 -2 0 2 -1 -1 0 -1 17 0 0 2 1 0 1 -2 0 0 0 0 0 0 -1 2 0 0 0 0 -1 0 0 0 1 1 0 0 -2 0 2 2 0 0 1 0 1 1 0 0 -1 -1
0 0 0 -1 0 0 0 0 -1 0 0 0 1 0 1 0 0 0 0 0 0 -1 0 0 0 1 1 0 -1 0 0 0 0 1 0 -1 0 2 0 0 0 0 -1 1 0 1 1 0 0 0 0 0 -1 1 1 1 0 0 -1 -2 -1 0 0 -2 0 1 0 0 1 0 0 0 -1 0 2 0 1 1 -1 -1 0 0 0 0 0 0 1 0 0 1 0 -1 0 1 1 0 2 0 0 -1 -1 0 0 0 -1 0 -1 1 0 -1 1 1 0 0 1 1 2 -1 0 0 0 3 -1 0 1 -1 -1 0 -2 0 0 -1 0 0 0 0 0 0 0 0 0 -1 2 -1 1 0 0 -1 -1 0 0 -1 0 3 0 2 0 0 -1 1 0 0 -1 0 0 1 2 1 0 0 0 0 0 0 1 -1 2 1 -1 0 1 0 0 0 0 -1 0 0 0 0 -1 1 1 1 0 1 0 0 -1 0 0 1 -1 -1 0 -2 0 0 0 1 0 -1 -2 0 -1 0 0 -1 1 0 0 0 0 -1 0 0 0 0 -1 0 1 0 0 -1 1 1 0 -1 -2 -1 0 0 0 0 2 0 1 0 0 -1 0 0 0 1 0 0 1 1 0 0 1 0 1 1 0 0 0 -1 -1 0 0 -2 0 0 1 -1 0 0 0 0 0 3 0 1 1 0 -1 0 0 0 -1 1 1 0 0 1 1 0 1 1 0 0 0 0 0 1 1 -1 0 0 2 1 1 0 0 -1 0 1 0 14 1 0 0 0 1 -1 -1 0 1 0 0 1 -1 0 1 0 0 0 0 0 1 1 0 1 0 0 1 1 -1 0 1 0 1 0 -2 -1 1 0 0 0
0 1 0 1 -1 1 -1 1 0 4 -1 1 0 0 0 1 0 -1 -1 -2 0 -2 0 0 0 -1 0 0 0 -2 1 0 -1 0 -1 -1 0 0 1 1 0 0 0 -1 0 0 0 1 -1 0 0 0 1 2 0 1 0 0 1 1 2 0 0 0 1 0 0 0 -1 -1 -2 1 0 0 0 0 0 0 1 0 -1 0 0 0 -1 0 0 -1 2 -1 -1 -1 0 1 1 0 0 0 -1 0 0 0 0 1 0 0 2 -1 0 1 -1 -1 -1 -2 1 0 -2 1 1 -1 0 0 0 0 0 1 -1 0 0 1 1 1 -1 1 1 0 -1 1 0 1 1 1 1 -1 0 0 0 1 0 2 -1 -1 -1 0 -1 -1 0 -2 0 0 0 0 0 1 0 0 0 0 0 1 0 0 0 -2 1 0 -1 0 -1 -2 -1 1 0 1 0 0 -1 0 -1 -1 -1 2 0 -1 1 0 -1 2 1 2 0 1 -1 1 1 1 2 -1 0 0 0 0 0 0 0 -2 0 0 1 1 0 1 0 0 -1 1 0 0 0 0 -1 1 0 -1 0 -2 0 0 1 0 0 0 0 0 0 0 0 0 0 0 0 0 0 0 0 1 0 1 0 1 0 0 0 1 0 0 0 0 0 -1 0 0 1 0 0 1 -1 -1 0 0 0 0 0 0 0 -1 0 -1 0 0 2 1 1 1 -1 0 -1 0 -1 0 1 -1 -1 0 1 -1 1 -2 1 0 0 -1 0 -2 0 0 0 0 0 1 17 2 -2 1 0 2 -1 0 2 -2 0 -1 1 1 0 1 1 0 1 0 3 1 2 0 0 0 -2 -1 0 1 0 2 0 0 0 1 0 -1 0 1
-1 -1 1 -1 -1 1 0 0 0 -1 1 0 1 0 -1 0 0 0 0 -1 0 0 -1 2 0 0 2 1 0 2 0 1 -2 -1 1 0 1 -1 -1 0 -2 0 0 1 0 0 -1 0 1 0 -1 0 0 0 0 0 0 0 0 -1 0 0 -2 0 0 0 -2 0 -1 0 1 0 -1 0 1 -1 1 0 0 0 0 0 1 -1 0 0 0 0 0 -1 1 0 0 0 0 0 0 0 0 0 0 0 0 0 0 0 1 1 0 1 -1 0 0 1 0 0 0 1 0 0 0 -1 -1 0 0 2 0 -1 -1 0 0 1 0 1 1 0 0 -1 0 3 1 1 -1 -1 -1 1 -2 0 0 -1 0 1 0 0 1 -1 0 0 0 0 3 0 -1 0 -1 0 0 0 -1 2 2 -2 -1 0 0 0 -1 -1 -1 -2 1 -1 1 1 0 -1 0 0 -2 1 0 0 -1 0 2 0 0 1 0 1 1 1 0 0 -2 1 1 0 0 0 0 0 -1 -1 1 -1 -1 0 -1 2 0 0 0 0 0 -1 -2 -1 1 0 1 0 1 1 0 -1 2 0 0 1 0 2 1 2 0 1 0 0 -1 0 1 1 0 -1 -2 3 1 2 0 1 0 1 0 0 0 1 2 0 0 0 0 0 2 -1 0 1 0 -1 -1 0 0 0 0 -1 0 1 0 1 0 0 1 1 2 1 0 0 0 -1 0 0 0 -1 0 0 1 0 1 0 -1 0 2 -1 0 0 -2 0 2 0 2 0 2 15 1 -2 -1 0 0 0 0 0 0 -1 -1 1 0 -1 0 1 0 1 0 1 0 0 1 1 -2 1 0 1 0 0 1 0 0 0 0 -1 1 2
0 -1 0 -1 -1 1 0 0 -1 -2 0 0 0 0 0 0 -1 -1 1 1 1 3 -3 1 -2 1 -1 0 0 1 1 0 0 1 -1 -1 1 1 2 -1 0 -2 0 0 0 0 0 2 0 0 1 1 -1 1 -1 -1 -1 0 0 0 0 0 -2 0 1 -2 -1 0 1 -1 0 0 3 0 1 1 2 0 0 0 0 0 0 -1 -2 -1 1 1 0 -2 0 0 0 -1 0 1 0 -2 0 -3 0 1 -2 1 0 -1 3 0 -1 -1 0 -1 -2 1 -1 0 0 2 0 -1 0 0 -1 2 -2 1 -1 -1 1 -1 1 0 -1 0 2 -1 -1 0 1 -2 0 -1 -2 1 1 0 0 0 -2 -1 -2 1 0 1 0 -1 0 3 1 1 0 0 -1 0 0 1 1 -1 -1 0 1 -1 0 1 0 -2 -2 0 0 2 2 0 2 -1 -1 1 1 -1 0 3 0 -2 0 0 0 1 0 -1 1 0 1 1 -1 -1 -1 0 -1 1 0 1 0 0 0 1 1 1 0 0 -1 -1 0 -2 -1 -1 -1 1 -2 0 0 -1 0 1 1 1 0 1 -2 1 -3 0 0 0 0 -2 1 -1 0 -1 -1 -1 0 0 -2 1 0 0 0 -2 2 0 1 1 1 0 0 0 1 1 1 -1 1 -2 -1 0 0 0 0 1 -1 0 1 -1 0 1 -1 0 0 2 2 2 -1 0 0 0 -1 -1 0 0 1 -1 2 1 0 0 0 1 1 1 0 0 -3 1 -1 0 2 1 0 2 1 0 -2 1 24 -2 0 0 0 1 2 -3 -1 1 -1 0 -2 1 0 1 0 0 -1 2 -2 -2 -1 2 2 0 0 -3 -1 0 0 0 0 1 0 0 0 0
-1 0 -1 -1 -2 0 3 0 0 6 -1 0 0 2 -2 1 0 -2 0 2 1 -1 -1 0 -1 0 -3 -1 0 1 1 -1 0 0 -2 1 -1 0 2 1 1 -1 2 0 1 2 2 1 -2 -1 0 0 0 1 1 1 1 0 -2 -1 -1 -1 1 0 3 0 1 2 0 0 4 -1 0 -2 2 -2 2 0 -1 0 1 0 2 2 0 -1 0 2 0 -1 0 0 -1 -2 -1 0 0 0 -1 1 1 0 1 0 0 -1 -2 -2 -1 -1 0 -1 -1 2 0 0 1 0 0 0 0 -1 1 1 0 -1 1 1 0 1 1 0 1 1 0 3 -1 0 -1 -1 0 1 0 1 0 -1 0 -2 0 1 0 -1 1 1 -1 2 0 1 0 -1 -4 0 2 -1 2 0 -1 4 1 1 0 0 -1 0 0 1 3 1 -1 -1 2 0 1 2 0 0 0 0 0 -1 0 0 0 0 0 -1 0 0 0 0 -1 0 -1 0 0 0 2 -1 -2 0 2 2 1 0 -1 -1 -1 -1 0 1 1 1 0 0 2 2 1 -2 0 -2 0 -3 1 0 2 0 0 0 0 0 1 2 0 1 2 2 0 1 1 0 2 -2 -1 0 1 2 1 0 0 1 -1 -3 -1 1 1 0 0 0 1 1 -1 -2 -1 0 0 -1 1 0 2 0 1 2 0 1 0 1 0 1 -2 1 2 0 1 1 1 0 -2 -1 -1 0 1 2 3 0 0 3 0 -2 2 2 0 0 1 0 1 -2 -1 -4 0 0 1 -2 -2 30 0 1 0 0 0 1 0 1 -1 1 2 -1 1 0 -2 -1 3 2 0 0 -1 -1 2 -2 -1 3 0 1 -2 1 0 1 -1 1 -3 2
3 0 1 1 2 0 1 0 1 1 0 0 1 0 0 0 0 3 1 1 1 0 2 -1 1 0 -1 0 2 -2 0 0 2 1 0 0 -1 1 0 -1 2 1 0 0 1 0 0 0 -2 0 1 0 0 4 0 2 2 -2 2 -1 0 -1 1 -1 0 0 -1 0 0 1 -1 0 0 0 2 1 -1 2 -1 0 0 1 -1 0 0 0 2 0 1 0 0 0 0 -1 0 0 -1 0 0 0 0 1 0 0 2 0 0 -2 0 0 1 1 0 0 0 0 -1 0 0 -1 -1 1 0 1 0 2 1 0 0 1 -1 0 0 1 1 0 1 0 0 0 0 0 0 0 1 -1 0 -2 0 -2 1 0 0 -1 0 -2 0 -1 -3 0 -1 3 0 1 0 1 1 0 0 1 0 2 3 -1 0 -1 0 2 0 1 0 0 0 0 0 2 0 2 0 0 -1 0 0 0 -1 -1 -1 -1 -1 1 0 -2 2 0 0 0 1 1 2 1 -1 1 1 0 -1 0 2 1 0 -1 -1 0 1 0 0 0 -2 -1 0 -2 0 0 0 -1 0 -1 0 0 0 0 0 -1 0 1 0 3 1 0 -1 -2 0 1 0 0 0 -1 1 0 -1 0 0 0 0 0 1 0 0 0 -1 2 0 1 -1 1 0 2 0 -1 -1 0 0 0 -1 0 1 1 1 0 2 1 0 0 0 0 -1 1 -1 0 0 0 1 1 1 0 0 0 -1 0 1 0 0 1 0 -1 3 0 1 0 1 1 0 -1 0 0 19 1 0 2 1 0 0 0 0 1 -1 0 0 0 0 0 1 0 0 1 0 -1 1 0 0 0 0 1 0 0 0 0 0 0 0 1
0 0 0 1 0 1 0 1 -1 0 -1 1 2 -1 0 1 0 0 0 1 1 0 1 0 0 0 -1 0 0 0 0 1 0 1 0 0 0 0 -1 0 3 0 2 -2 0 0 -1 -1 -1 2 0 0 1 1 1 1 1 0 2 0 -1 1 0 1 0 1 0 -1 2 0 0 0 0 0 1 1 1 1 2 1 0 1 -1 0 -2 1 0 0 1 0 1 0 0 0 -1 1 0 0 0 -1 1 -1 2 0 0 0 2 0 -1 -1 1 2 1 0 1 0 0 0 0 0 -1 -2 0 0 0 0 0 -2 0 1 -1 -1 0 0 1 -1 1 2 1 0 0 0 -2 0 -1 0 0 1 0 1 0 0 0 -1 -1 -1 0 1 0 0 0 0 1 0 -1 0 0 0 0 0 0 1 0 2 0 0 1 -1 1 0 0 1 0 0 0 0 0 1 0 1 0 0 0 0 0 1 0 -1 1 2 0 -1 -1 2 -1 3 1 1 0 0 0 1 1 0 0 0 0 -1 0 2 0 -1 0 0 1 0 1 0 0 0 2 0 -1 -1 -1 0 0 1 0 0 0 -2 1 0 0 0 1 0 -1 1 0 0 0 0 -1 0 -1 0 0 1 2 2 3 3 1 0 0 0 -1 1 0 1 1 0 0 0 -2 1 0 0 0 1 -1 1 1 1 1 1 0 -1 -1 1 -2 0 -1 2 0 0 0 0 0 -1 0 0 0 3 1 0 0 0 0 0 0 0 0 0 2 0 -2 -1 2 0 0 1 1 18 0 0 2 -1 1 0 0 0 1 0 1 0 1 0 0 1 1 -2 0 1 2 -2 -1 0 0 0 0 1 1 3 1 -1 0 2
0 -1 -1 0 0 2 0 -1 1 1 1 -1 0 0 -1 0 0 1 0 1 -1 1 0 0 0 0 0 -1 0 0 0 -1 2 0 -1 1 0 0 -1 -1 -2 1 0 4 0 0 0 -1 0 1 -1 0 0 -1 -1 -1 0 0 -1 1 0 -1 1 1 0 0 2 1 0 0 0 1 0 -1 -1 0 0 -1 3 -1 2 2 0 0 2 -1 1 0 0 0 0 0 0 0 -1 1 0 -1 0 0 -3 1 1 0 1 1 2 0 0 1 0 1 2 0 0 0 2 3 1 0 0 0 -1 -1 -1 0 0 0 -1 1 0 1 1 0 0 2 1 0 0 0 -1 1 1 0 -1 -1 2 1 -1 -2 5 -1 1 0 0 1 0 0 1 0 1 0 1 -1 -1 2 0 1 2 0 1 0 0 3 -3 1 0 0 0 0 1 0 0 -1 0 1 0 1 0 1 0 -1 1 1 0 0 0 2 -1 0 -1 0 0 -1 0 0 0 0 -1 -1 1 -1 0 -1 -1 0 0 0 0 0 1 -1 0 -1 3 -2 2 0 1 0 0 1 0 0 -1 0 -1 -2 -1 1 0 0 0 -1 -1 1 0 1 1 -1 1 1 0 0 1 0 -1 1 0 0 2 -1 1 -2 0 1 -1 0 0 2 1 1 0 0 0 0 0 0 0 -1 -1 1 1 -1 1 1 1 0 0 0 0 0 0 0 -1 1 -1 1 0 0 1 -1 2 0 3 -1 0 1 -3 1 0 0 1 -1 1 -1 0 0 0 -1 -1 0 0 0 0 0 21 -1 1 2 -1 1 0 -1 2 0 0 2 0 0 1 0 1 -1 0 0 -1 1 1 0 2 1 3 0 0 -2 -1 0 0 0
2 -1 0 0 1 1 -1 1 1 0 0 -1 2 -1 0 2 1 -1 1 0 2 0 2 0 -1 0 0 1 0 0 -1 -1 0 -1 -1 1 0 0 0 0 0 0 0 0 0 0 -1 0 -1 0 0 0 0 1 0 0 0 0 0 0 0 -1 0 1 0 -1 2 1 0 -2 0 0 -2 0 -1 1 0 0 0 0 0 3 1 0 1 -1 1 3 2 0 0 0 1 0 0 0 -1 0 0 -3 1 0 -1 0 1 0 1 0 0 -1 1 1 0 0 0 0 0 2 -1 0 -1 0 0 1 -1 0 1 0 0 1 1 1 1 0 0 1 0 0 0 -1 0 0 0 0 -1 0 0 1 -1 0 -1 1 1 0 0 1 0 -1 -1 2 -1 0 -1 0 1 0 -1 0 0 0 2 1 1 0 0 1 -3 0 -1 0 1 1 0 0 0 0 0 1 -1 1 0 0 0 -1 0 -1 0 1 0 1 1 1 1 -1 0 1 -1 -1 2 1 0 0 1 0 0 -1 0 1 -1 0 1 -1 0 0 -2 0 -2 0 1 0 -1 0 0 0 1 -1 0 0 1 0 0 0 2 1 0 1 2 0 -1 1 -1 1 0 0 -1 0 0 2 0 0 -1 0 0 0 2 1 1 1 0 0 -1 0 1 0 0 0 0 0 0 0 0 0 -1 0 -1 3 0 -1 0 1 1 0 -1 -1 0 0 0 1 0 0 2 2 -1 0 1 1 1 -1 0 -2 0 0 0 0 -1 0 1 0 0 0 0 0 1 0 2 0 -1 17 1 0 0 0 0 0 1 0 0 0 1 0 1 0 -1 0 0 0 1 0 0 0 0 -1 -1 0 0 0 2 0 1 1
2 2 -2 0 0 1 0 2 0 -1 0 1 3 0 0 1 1 1 1 0 0 1 0 2 -2 1 2 1 0 0 0 -1 1 0 0 0 1 -1 0 -2 -1 1 1 1 1 -1 -1 0 -1 1 0 2 0 2 1 0 0 0 2 0 1 -1 -1 0 1 -1 0 1 0 0 1 3 -1 0 -1 1 0 1 -1 2 0 1 0 0 0 -2 0 1 1 0 0 -1 0 0 0 0 -1 0 -1 0 0 0 3 2 0 -1 -1 0 -1 2 4 0 0 0 0 1 1 0 0 0 0 1 0 0 -1 1 0 0 0 0 1 -1 -2 0 0 0 0 2 -1 0 1 0 -1 0 -1 1 1 0 0 2 0 -1 -1 -1 0 -1 0 0 -1 2 -1 1 2 1 1 0 -1 1 0 0 0 1 1 0 -1 0 1 0 0 1 0 1 -1 0 0 -2 -1 3 1 1 -1 -1 0 3 0 0 0 2 0 2 0 -1 -2 -1 1 0 1 2 1 0 0 -1 0 -1 0 0 -2 -1 1 2 0 0 0 -1 1 -1 0 -1 0 0 0 1 1 -1 1 1 0 1 -1 1 1 0 1 2 0 0 1 -1 0 -1 1 0 0 0 0 1 0 1 0 0 1 -2 0 1 2 0 0 1 0 0 1 -1 0 1 0 1 -1 0 0 1 0 0 -1 1 1 0 -1 0 0 1 -1 0 1 1 -1 0 0 1 0 -1 0 0 1 0 1 0 0 2 1 0 1 0 0 1 1 1 1 1 0 1 2 0 2 0 1 2 1 1 21 -1 -2 -2 0 0 0 0 0 0 -1 1 1 -1 1 -1 0 0 1 0 0 -1 1 3 -1 0 0 2 0 -1 0 2
0 1 0 0 -2 1 0 0 0 1 1 0 1 0 0 -1 -1 3 -1 -1 0 -1 2 0 2 0 -1 2 0 0 -1 0 0 1 0 1 0 -1 -2 0 0 0 1 -1 -1 -1 -1 -1 -1 0 0 0 0 0 0 0 1 1 -1 1 1 0 1 0 -1 -1 0 1 1 0 -1 -1 1 1 -1 -2 1 0 -1 0 0 -2 0 1 0 1 -1 1 -2 1 1 0 0 1 0 0 0 0 0 5 1 0 1 0 0 1 1 -1 -1 1 0 1 1 1 -1 0 0 0 1 0 0 -1 -1 0 0 0 -1 1 -1 0 0 0 -1 0 1 0 2 0 1 0 0 1 1 0 1 0 0 -1 1 -3 2 -2 1 -1 2 1 0 -1 -1 0 -1 0 1 -3 -1 1 1 1 0 0 0 0 -1 2 0 -2 1 0 -1 0 1 0 0 0 1 -1 1 0 2 0 -1 -1 0 0 0 1 1 0 1 -2 -2 -1 2 0 1 -1 -1 1 0 0 1 1 0 0 1 0 0 -1 1 1 2 -1 0 2 2 -1 1 1 0 1 0 0 0 1 0 0 0 0 2 0 0 0 0 0 1 0 -2 0 0 0 0 0 0 0 0 0 0 1 1 -1 -1 -1 0 0 0 -2 0 2 0 1 0 1 0 -1 -1 -1 0 0 0 -1 0 0 0 1 0 1 1 0 -1 -1 2 0 0 0 1 0 0 0 0 1 -1 0 -1 1 0 0 1 -1 0 0 1 -1 0 0 1 1 0 -2 0 0 -2 0 -3 1 0 -1 2 0 -1 17 -2 1 -1 0 2 -1 0 0 0 0 0 0 -1 1 0 1 1 0 1 1 0 0 0 0 0 -2 1 0 0 -1
-1 0 -1 0 0 1 0 -1 -1 -3 -1 0 0 0 0 1 1 0 0 0 -2 0 0 0 0 -2 0 1 0 0 3 0 -1 0 0 -1 0 -1 -1 -1 -1 -1 1 1 2 -1 1 0 -1 1 -2 -1 1 0 1 0 -1 0 0 -1 1 -1 -1 0 0 0 2 0 3 0 0 0 -2 0 1 0 -2 1 0 0 0 -1 0 -1 0 1 -1 -2 0 1 0 0 3 0 1 -1 0 2 1 -2 -1 -1 -1 0 2 0 1 0 -1 -1 1 0 0 1 0 0 2 0 0 0 0 -1 0 1 0 -1 0 0 1 0 -1 0 0 0 0 1 0 0 0 2 1 0 -1 1 0 0 -1 -3 1 0 1 0 0 0 0 0 -1 -2 1 0 -1 0 -1 -1 1 -1 -1 0 0 -1 0 1 0 0 1 1 0 1 0 -1 1 0 1 -1 -1 1 0 -1 0 3 1 1 0 0 1 1 0 -2 0 0 -1 0 -1 0 0 0 -1 0 2 0 0 0 0 0 0 0 -1 -1 1 0 0 0 1 -1 2 1 1 0 0 0 2 0 0 0 -1 0 0 0 0 -2 -1 0 0 0 0 0 -2 -1 1 0 -1 -1 2 0 0 0 -1 2 -1 0 1 1 1 1 1 -1 2 0 1 2 -2 0 0 -1 0 0 0 1 0 1 2 -1 -2 0 0 1 -2 2 -1 1 -1 0 0 -1 0 0 0 0 0 0 1 1 -2 2 0 -2 0 0 -1 0 -3 3 0 -1 0 -1 0 -2 0 0 0 0 -1 0 0 1 -1 0 -2 -2 22 1 -2 1 0 1 1 0 -1 -1 1 -2 0 -2 2 0 0 2 -1 0 -1 -1 0 1 1 0 0 0 2 -1
0 0 2 1 0 1 0 2 0 1 0 -2 0 0 0 -2 -1 -1 -1 0 -1 -3 2 0 0 1 -1 -1 1 0 1 1 1 0 1 0 0 0 -1 1 0 1 0 3 -1 -1 0 2 -1 0 -1 0 0 -3 0 0 0 0 1 0 0 -2 2 -1 0 0 1 1 2 -1 -1 -1 0 0 -1 -1 -1 0 0 0 1 1 -1 -1 -1 0 1 0 0 -1 1 1 0 1 0 1 -1 2 -1 0 1 -1 0 -1 0 0 0 0 0 -1 1 2 2 -1 0 0 1 0 0 0 0 0 -1 0 0 -1 1 1 0 0 0 0 0 -1 1 2 1 0 1 0 0 1 2 -1 1 0 0 1 -1 0 0 0 0 0 -2 0 0 0 1 -1 -1 0 2 -1 -1 0 0 0 1 -1 0 0 1 -1 1 1 1 0 1 1 0 0 -1 1 0 0 0 -1 1 1 1 -1 -1 -1 0 1 0 0 1 0 1 0 3 0 2 -1 0 -2 1 2 0 0 0 -1 -1 0 0 -1 -1 1 0 0 1 -1 0 1 0 0 0 0 2 5 1 1 -1 1 -2 -2 0 -1 0 0 0 0 0 -1 0 0 -1 1 -1 0 -2 0 -3 0 0 0 0 0 2 0 0 2 -1 0 0 1 2 0 -2 0 0 1 0 0 0 1 1 1 -1 0 0 2 0 0 2 -1 -1 1 -1 2 -2 0 0 0 0 -1 1 0 2 -2 1 1 1 -1 1 0 1 1 1 1 -1 1 1 1 -2 0 0 1 -1 -1 1 1 0 0 1 0 -2 1 1 25 0 0 0 0 1 0 -1 -1 1 -1 0 0 0 -1 0 0 1 0 1 1 0 1 1 1 -1 1 0 0
0 -1 0 0 -2 0 0 0 0 0 1 -1 0 -1 -1 -1 -1 0 0 1 -2 -1 -1 1 0 0 0 0 0 0 -1 1 2 0 0 1 0 -2 0 0 0 1 1 0 1 0 0 0 0 0 -1 -1 0 0 0 0 1 0 0 0 0 2 0 0 0 1 -1 0 0 0 -2 0 1 0 0 1 -1 0 0 1 0 1 2 1 2 1 0 1 0 -1 -1 -1 -1 -1 0 1 0 0 -1 2 0 -1 1 0 0 1 0 -1 1 0 1 0 0 -2 2 1 1 -1 1 0 -1 0 0 -1 1 1 0 0 -1 1 -1 -1 0 0 1 0 -1 1 -1 0 0 -1 1 0 1 -1 -1 -1 0 0 -1 0 0 -1 1 -1 1 0 0 0 0 0 2 -1 -1 0 -1 1 1 0 0 0 1 0 0 0 1 0 0 0 -1 0 0 -1 0 0 0 0 0 -1 -1 -1 0 0 0 1 0 0 -1 0 3 2 0 0 0 3 2 -1 0 1 0 0 2 0 0 -1 1 1 -1 -1 0 -1 0 0 1 0 2 0 2 -2 -2 0 0 0 1 1 -1 0 0 1 0 1 -1 -1 0 0 -2 0 1 0 -1 0 0 -1 -1 -1 1 0 0 1 0 0 2 0 -1 1 0 -1 0 -3 0 1 0 0 -1 0 0 0 -1 1 -1 0 0 1 0 0 0 -1 2 -1 0 0 1 1 -2 -2 2 0 -1 1 1 -2 0 3 0 2 0 0 1 0 -3 3 -1 0 0 1 0 3 -1 -1 1 -1 -1 -1 0 0 0 0 0 -1 -2 0 19 -1 0 0 0 0 3 0 -2 0 -1 0 0 -1 -1 0 1 0 0 0 0 1 0 0 0 0 0 0
0 0 -1 0 0 1 1 0 -1 1 1 2 1 1 3 2 0 0 0 1 -1 0 1 0 -1 -1 0 0 -1 0 0 1 1 1 2 -1 0 0 2 0 0 -1 0 1 0 -1 0 -1 0 0 0 0 0 0 1 0 1 0 -2 -1 -1 -1 0 2 -1 2 2 -1 0 0 1 1 0 2 1 0 1 0 1 0 0 -1 -1 1 -1 -1 0 1 0 0 0 0 0 0 -1 0 -2 0 0 1 -2 -1 0 0 0 1 2 -2 0 2 1 1 1 -1 -1 0 3 1 0 0 -1 1 0 1 0 1 1 1 0 0 0 0 0 2 2 1 0 -1 0 0 -1 0 2 1 0 0 0 1 0 1 2 1 -1 0 0 0 0 0 2 2 0 1 -1 2 1 0 -1 2 0 1 0 0 0 0 0 0 0 1 0 1 -1 0 0 2 -1 1 1 -2 1 0 1 1 0 0 0 -1 1 0 0 2 0 0 0 2 0 2 0 0 2 0 -1 0 0 0 1 1 0 0 -1 0 0 -1 0 0 2 1 0 0 -1 0 0 0 0 0 0 1 0 0 2 0 0 0 -1 0 2 -1 0 -1 0 0 0 0 1 0 1 2 0 -2 0 1 0 0 -1 0 -1 1 1 1 0 0 -1 -1 -2 0 1 2 0 1 1 1 0 2 -1 1 -2 -1 0 1 0 0 2 1 -1 2 1 2 0 0 -1 0 0 1 -1 -1 0 -1 0 0 0 1 1 0 0 1 0 1 -1 0 2 0 1 1 0 1 1 0 -1 0 0 0 1 0 -1 18 0 0 1 0 -1 0 0 0 -1 0 0 -3 -2 3 -1 -1 0 1 0 1 1 1 -1 0 -1 -1
1 -1 -2 -1 -1 2 0 -1 0 0 0 0 2 0 0 2 0 1 0 0 0 0 1 0 2 -1 0 0 1 0 0 0 0 1 0 0 -1 0 1 -2 -1 0 1 0 0 0 0 1 0 0 1 0 -1 0 0 1 3 0 -1 0 0 0 2 0 0 0 -1 0 0 0 0 2 1 0 1 -1 0 -1 1 1 0 -1 -1 1 1 1 0 1 0 1 -1 0 0 0 0 1 0 0 0 2 2 -1 2 0 0 0 0 1 -1 -3 0 1 2 0 0 1 1 0 0 1 -1 0 -1 0 0 0 -1 1 3 0 1 -1 0 0 1 0 0 1 -1 0 0 0 1 0 0 1 0 0 2 3 -1 1 -1 0 0 1 0 0 -1 1 0 0 0 0 0 0 1 3 1 0 0 0 0 0 0 1 -1 0 0 -1 0 1 -2 0 0 0 -1 0 0 0 -1 0 -1 0 0 -1 0 1 0 2 1 0 0 0 0 1 0 -2 0 0 0 0 -1 -1 -1 -1 1 -1 -1 0 0 -2 0 0 0 -1 1 1 1 0 0 0 -1 -1 0 0 1 0 0 0 0 -1 0 0 0 0 0 0 1 1 1 0 -1 -1 -2 1 0 4 -1 0 0 0 1 -1 1 0 0 0 0 1 -1 1 2 0 0 0 0 0 0 1 0 3 -1 0 -1 0 0 0 -2 0 -1 0 0 0 0 0 1 0 1 1 -1 1 1 0 1 1 3 -1 -1 0 1 -1 0 0 0 -2 1 -2 0 1 0 0 -2 2 -1 1 2 1 0 2 0 0 0 0 16 0 0 1 0 -1 0 0 1 1 0 1 2 0 0 1 0 1 -1 -1 0 -1 0 0 -2 0
0 -1 0 0 0 3 -1 -1 0 0 0 1 0 1 -1 -1 0 0 2 2 1 1 -2 -1 0 1 0 0 0 -1 0 0 0 1 1 0 -1 1 0 -1 1 0 1 0 0 0 1 0 1 0 0 0 0 1 0 0 0 0 0 1 -1 0 1 0 0 0 1 1 1 0 -1 0 -1 0 0 2 -2 0 1 0 -3 0 -1 1 1 0 0 -1 0 -2 0 0 1 0 0 0 -1 1 0 0 -1 0 -2 0 1 0 0 0 -1 0 -1 0 0 2 -1 -1 0 1 0 0 -1 -3 0 -1 0 0 0 0 0 0 0 4 1 0 -1 -1 0 1 0 1 0 0 -2 -1 1 1 0 -1 0 0 1 1 -1 0 0 0 0 1 1 0 -1 0 1 0 -1 0 0 0 1 0 0 -1 0 -1 0 0 0 0 -3 1 -1 0 0 0 -1 0 0 -2 0 0 1 0 0 1 0 1 0 0 1 -2 -3 -1 0 1 1 0 0 0 1 1 -1 1 0 2 0 0 2 0 1 -1 0 1 2 -1 0 2 -1 -2 0 -1 -2 0 0 0 0 0 0 0 2 0 0 0 -1 0 0 0 0 0 -1 0 0 1 0 1 0 0 0 0 0 -1 -2 0 1 0 1 0 0 1 1 -2 1 0 1 -1 1 -1 0 0 0 0 0 0 0 0 1 0 0 0 1 -1 0 0 0 0 0 0 -1 -1 -1 0 0 0 0 0 1 0 -1 0 0 -1 0 2 0 -2 1 0 0 1 0 0 1 -1 1 -1 0 0 0 0 0 -1 1 0 0 0 0 18 0 0 1 0 0 0 -1 0 0 0 0 -1 0 0 0 -1 -2 -2 0 0 0 0 0 1
0 0 0 0 0 0 0 0 -1 0 1 0 -1 0 0 1 0 0 0 0 0 -1 0 1 0 0 0 1 1 0 0 1 1 0 0 0 -1 0 0 2 0 -1 1 -2 -2 0 0 1 0 1 0 -1 0 0 0 0 -1 0 0 0 -1 -1 -1 0 0 0 1 -1 0 -1 1 0 0 1 0 0 0 0 0 1 0 0 0 0 0 1 0 0 0 0 0 0 0 -1 -1 0 1 0 0 2 1 0 0 1 -1 -1 -1 0 0 1 0 1 1 -2 0 0 -1 0 0 0 0 0 0 0 0 0 0 0 -1 0 0 0 1 0 1 1 1 0 1 1 0 1 0 0 0 1 -1 0 0 1 0 0 1 0 -1 0 0 0 2 1 0 0 2 0 -1 0 0 0 -1 2 -1 -2 0 1 0 0 -1 1 -1 -1 1 0 0 -1 0 -1 -2 1 0 2 0 0 0 0 0 1 0 0 0 0 0 0 0 2 -1 0 0 0 0 1 0 0 -1 -1 0 1 -1 1 1 1 1 0 -1 -1 0 0 -1 0 1 1 0 1 0 1 1 2 0 -1 0 0 0 0 0 1 0 0 0 0 1 0 1 0 0 0 0 0 1 1 1 1 0 1 0 1 0 0 0 0 -1 -1 0 0 0 -2 0 0 0 0 0 0 0 2 1 1 0 1 1 0 1 0 1 0 -1 1 1 0 1 1 0 0 1 0 0 1 0 0 0 0 -1 0 0 0 1 0 0 0 1 0 0 0 1 0 0 1 0 1 0 0 0 0 1 1 0 1 0 0 11 0 0 0 0 1 0 1 0 0 -1 0 0 0 0 0 0 1 1 0 -1 1 0 0
0 -2 -1 0 -1 -1 0 0 0 0 1 -1 0 0 0 0 0 1 1 1 1 0 -1 1 0 0 0 -1 0 0 0 0 0 0 0 0 0 0 0 0 0 -1 -2 1 0 2 0 0 0 0 1 0 0 -2 0 0 0 0 -1 1 0 1 0 0 0 0 0 -1 0 0 0 0 0 1 0 0 1 0 1 -1 0 1 0 -1 0 -1 -2 0 0 0 -1 1 0 0 0 0 0 1 -1 0 0 0 0 0 0 0 -2 0 0 0 0 0 0 1 1 0 1 2 0 0 0 0 0 1 0 1 -1 -1 0 0 0 0 -1 1 0 0 0 0 0 0 1 0 0 0 0 1 0 0 0 0 0 0 0 -1 0 -1 0 -1 0 1 0 0 -1 0 -1 -1 0 0 0 0 0 0 2 0 0 0 0 0 0 0 2 0 0 0 0 0 -2 2 -1 1 0 1 -1 0 0 0 0 2 0 -1 0 0 0 0 -2 0 0 -1 1 1 0 1 0 0 -1 -1 1 0 0 0 1 -1 2 0 0 0 0 0 0 0 0 0 0 0 0 2 0 0 -1 1 -1 1 0 -1 0 0 0 0 -1 0 0 0 1 0 1 2 0 0 0 0 1 0 0 0 0 0 1 0 0 1 0 0 1 0 0 1 0 0 -1 0 0 0 0 0 0 -2 1 0 -2 -1 0 0 1 1 -1 0 0 0 0 2 0 -1 1 1 0 0 0 1 0 0 0 -1 0 -1 0 -1 1 0 0 0 0 1 1 0 0 0 2 0 0 0 0 0 0 0 1 0 0 13 -1 0 -1 1 1 0 0 2 -1 0 1 -1 0 -1 2 0 0 0 0 -1 0 1
0 -1 1 0 1 1 1 -1 0 1 -1 -1 1 1 -3 -2 -1 0 0 -1 0 2 0 -2 2 -2 0 0 0 -1 -1 2 -1 0 0 0 0 1 0 1 0 1 3 0 1 0 0 0 0 0 0 0 0 3 0 1 3 1 2 0 1 1 -1 -2 0 0 -1 0 1 0 0 0 0 0 0 0 -1 1 2 0 -1 2 1 1 0 1 0 0 -1 2 -1 0 0 1 1 0 -1 0 0 1 0 0 1 0 -1 2 0 -1 1 -1 -1 -1 0 2 1 0 2 0 0 3 1 0 -1 -1 -1 2 0 1 2 0 0 -1 0 1 0 -1 0 0 0 1 -1 1 0 1 1 1 -1 0 0 0 1 0 2 1 -1 1 -1 1 1 2 0 0 2 -2 -1 0 0 1 1 1 -1 -1 0 2 1 0 -2 0 2 1 -1 0 -1 -1 1 0 0 0 -2 -2 -1 -1 1 0 0 0 0 -1 -1 0 0 1 0 1 1 0 -1 0 1 0 -1 0 -1 -1 0 0 0 -1 -2 -1 0 1 -1 0 0 0 -1 0 -1 0 0 0 -1 0 0 0 0 0 0 -1 0 -2 -1 0 1 0 1 0 1 0 0 1 2 -1 0 2 0 3 0 0 1 0 0 0 0 0 -1 1 0 -1 1 1 1 0 0 -1 -1 0 1 1 0 1 0 0 0 -1 0 0 0 0 1 -1 -1 0 1 1 1 -1 1 1 -1 0 -1 0 1 1 1 0 1 0 3 1 -1 -1 0 0 0 1 -1 0 1 0 0 -2 0 1 0 1 -1 0 -1 -1 3 -1 0 1 0 -1 23 0 -2 -1 0 0 0 -1 3 -1 0 1 0 0 0 3 0 1 1 1 1 1
0 1 0 0 0 0 0 1 1 0 0 0 1 0 0 0 0 1 0 0 1 1 1 0 0 1 1 2 0 0 0 0 0 0 2 0 0 0 0 0 -1 0 0 0 0 -1 0 -2 0 1 -1 0 0 0 0 0 -1 1 1 0 0 1 1 1 0 -1 0 0 0 0 0 0 0 1 -1 0 1 1 -1 0 0 0 0 0 1 1 1 0 0 0 1 0 0 0 1 0 0 1 0 0 0 1 1 -1 0 1 0 -1 0 1 2 0 -1 1 0 0 0 -1 0 0 0 0 0 0 0 1 0 -1 0 0 0 1 0 0 1 1 0 0 1 0 -1 0 0 0 0 -1 1 0 0 -1 0 0 3 0 0 0 0 -1 0 0 1 0 0 0 0 0 0 2 0 2 0 -1 0 -1 0 0 -1 0 0 1 1 1 0 0 0 0 0 0 1 0 -2 1 1 0 -1 2 0 0 0 1 0 0 0 -1 2 1 1 0 -1 0 0 -1 -1 1 0 0 -1 0 0 -1 0 1 0 0 0 0 0 0 0 -1 -1 0 1 0 1 2 1 1 0 0 1 0 1 0 -1 -1 0 0 1 0 2 1 0 1 -1 0 0 1 0 -1 0 0 0 0 0 2 2 0 0 0 -1 1 0 -1 0 0 -1 0 0 0 0 0 0 1 -1 2 1 -1 0 0 1 0 0 2 1 0 1 0 -1 0 -1 -5 0 0 0 1 0 0 -1 0 -1 0 0 0 0 2 0 1 0 0 0 1 0 -1 0 0 0 0 1 0 -1 -1 0 0 -1 0 0 0 0 13 0 0 -1 0 -1 -1 0 0 0 0 0 0 0 0 0 0 0 0 -1 1
0 1 1 0 1 0 0 -1 -1 2 0 0 0 0 -2 1 1 -2 3 1 1 0 -1 1 -1 0 -1 0 -1 1 0 0 0 -1 0 0 1 1 1 0 -1 1 -2 0 0 0 -1 0 0 0 1 0 0 1 2 0 0 0 1 1 1 -1 0 0 0 0 2 1 0 0 0 1 0 1 0 -1 1 -1 -1 1 2 1 1 -1 -1 -1 1 0 1 0 -2 0 0 -2 -1 1 0 1 0 0 1 0 -1 2 -1 -1 2 -2 0 -2 0 2 0 -3 1 -2 2 1 0 -1 1 0 -1 0 2 -3 -1 0 0 -1 2 -1 1 0 -3 1 0 1 0 1 2 1 -2 -2 0 1 1 3 0 2 -2 -1 0 0 -2 -1 0 0 -1 0 0 0 0 0 0 1 -1 1 0 1 -1 2 -3 0 0 0 1 0 0 0 0 1 2 2 -1 1 0 4 -1 -1 -2 0 0 -1 1 0 1 0 2 -2 -1 0 1 0 1 0 0 0 -1 0 1 0 0 1 -1 0 0 2 3 2 0 0 0 -2 1 0 2 -1 0 0 -1 2 1 -2 1 0 0 0 0 0 0 1 2 1 0 0 0 0 -1 1 -1 -2 -1 0 0 0 -1 1 0 -1 0 -2 0 0 -1 -1 0 1 1 2 1 0 2 0 0 0 0 0 1 1 1 0 -1 1 0 -1 0 0 0 1 1 0 0 0 2 0 0 0 0 1 2 -2 1 -1 -1 -3 -1 -2 1 1 0 0 1 -1 0 0 -1 0 0 1 3 0 -1 3 1 0 1 1 1 0 1 1 -2 0 0 0 0 -1 -2 0 24 2 1 -1 0 -1 0 -1 0 1 1 3 -1 0 0 -1 1 0 0 4
1 1 1 0 0 -1 1 0 -2 1 2 0 0 0 0 0 0 0 0 1 1 3 0 1 -1 0 0 0 0 0 1 0 0 1 0 2 -1 0 2 0 2 0 0 1 1 0 0 0 -1 0 0 0 0 1 2 0 2 0 0 -1 0 0 0 0 0 1 0 0 2 2 -1 -1 1 0 0 1 2 1 0 -1 2 0 1 0 2 0 -1 2 0 -1 0 0 -1 0 0 1 0 1 -1 0 1 1 2 0 0 -1 1 -1 2 1 0 1 2 0 -1 0 -1 -1 1 0 -2 0 3 -1 1 0 0 0 -1 1 0 -1 2 0 0 1 1 1 1 -2 1 0 0 0 0 0 -1 1 -1 0 -1 1 2 0 0 2 0 3 0 1 0 1 0 0 1 -1 0 -1 1 0 0 0 0 1 1 0 2 0 0 1 3 -1 0 0 0 -1 -1 1 0 2 0 1 2 -1 0 -1 1 1 2 -1 0 0 -1 0 0 0 0 0 -1 0 -1 0 1 0 0 0 3 0 0 2 1 -1 0 -1 1 -1 0 1 0 0 0 0 0 1 1 0 0 0 0 1 1 2 0 0 1 -2 0 -1 0 2 0 1 0 0 2 -1 0 -1 2 0 1 1 -1 -1 -1 0 2 0 -1 -1 1 1 0 0 0 0 -1 -1 -2 0 0 0 0 -1 1 1 0 0 0 0 1 0 2 0 0 1 0 1 -1 -1 0 0 0 -1 -1 0 1 -2 0 0 0 1 1 0 1 0 0 1 0 1 1 1 2 2 0 1 0 0 -1 0 -2 -1 0 0 0 0 1 1 -1 0 2 22 -1 0 1 2 1 1 1 -1 0 0 -1 0 0 0 1 0 0 1
0 0 1 0 2 -1 0 1 0 0 -1 0 0 0 0 1 0 0 0 0 -2 -1 0 -1 0 -1 0 0 0 0 1 0 0 1 1 0 -1 -1 2 0 2 -2 -1 0 0 1 -1 0 0 0 0 1 0 0 0 0 1 1 0 1 0 0 1 1 0 -1 -3 0 -1 1 -1 -1 -1 0 0 0 -2 -1 0 0 0 0 1 -1 1 -1 1 -2 1 1 0 0 0 1 0 1 0 -1 1 2 -1 -1 0 0 -1 0 -1 -1 -1 0 -1 -1 0 0 0 0 1 -1 -1 -1 1 -2 -2 1 -1 0 0 -1 1 0 0 0 0 1 1 0 0 2 0 0 1 -1 0 0 0 0 1 1 1 2 1 0 0 0 -1 -1 -1 0 -1 -3 2 0 0 1 -1 1 0 -1 0 0 0 0 0 -1 0 0 0 -1 -1 0 -1 0 -1 1 0 0 -2 2 -2 -2 0 0 -1 0 0 1 -1 0 1 -1 -4 -1 1 -1 0 0 0 1 -1 1 1 -1 0 -1 -2 0 -2 -1 -1 -1 0 -1 0 1 -1 -1 0 0 1 0 -1 1 0 1 1 1 0 0 0 1 -1 -1 0 0 0 1 0 1 0 -1 -1 1 -1 0 -1 0 0 0 0 1 1 0 1 2 0 -2 0 0 0 2 1 1 2 -3 1 1 2 0 0 0 0 1 0 1 1 -1 0 0 -2 -1 0 0 1 0 -2 -1 1 1 0 0 0 2 -1 1 1 0 -1 0 -2 0 0 -1 1 0 0 -2 0 -2 1 0 2 0 -2 0 0 1 1 -1 1 -1 0 0 -1 -1 1 -1 0 1 0 -1 1 -1 16 -1 0 1 -3 -1 0 1 0 -1 0 3 0 0 0 0 0 0
2 1 0 1 -1 2 0 2 -2 1 1 0 2 -2 0 -1 0 1 1 1 -1 0 0 1 3 0 0 0 0 1 -1 1 0 0 1 0 0 0 0 1 3 0 0 1 -1 0 0 2 -2 -1 -2 2 0 0 -1 0 1 1 0 0 0 -1 -1 -1 0 0 0 -1 0 -1 1 0 -1 -1 0 -1 1 0 1 -1 0 0 -1 1 1 1 1 -1 0 1 0 0 0 0 2 2 -1 1 1 2 0 -1 -2 0 0 0 -1 -1 2 0 0 0 1 0 0 0 0 0 1 0 -1 1 -1 1 0 0 1 2 0 1 1 1 0 0 0 2 0 0 1 0 0 0 0 -1 1 -1 -1 0 0 1 0 0 1 2 0 0 2 2 0 3 2 0 -1 0 0 0 1 0 0 2 -1 -2 1 0 1 -1 1 0 0 -2 0 -1 0 1 1 -1 0 0 0 -1 0 -1 1 2 0 0 0 1 0 0 1 0 1 0 1 -1 0 0 -1 3 1 1 0 -1 0 1 1 -1 1 2 -2 0 0 0 0 -1 1 2 1 2 -3 1 -2 1 -1 1 0 1 0 1 0 0 -1 -1 0 1 0 0 0 0 2 -1 0 0 -1 0 3 0 0 0 0 0 -1 -1 0 0 -2 0 0 0 1 1 0 -1 2 0 0 0 0 1 0 1 0 0 0 -1 3 -1 -1 -1 1 0 0 -1 2 -1 -1 1 1 1 -1 3 0 1 0 0 0 0 1 0 0 -1 -1 1 -1 0 0 -1 1 1 0 0 -2 0 1 -2 -1 0 -1 1 -2 0 0 0 1 0 1 0 0 0 -1 0 -1 20 2 0 0 -1 1 0 0 -1 0 -1 0 0 -1 -1 0 2
-1 0 0 -1 0 0 0 0 0 -1 2 -1 -1 -2 -2 0 1 2 1 0 -1 -1 0 0 0 0 0 0 1 0 0 3 0 0 1 0 1 1 1 1 -2 -1 -1 0 1 1 -1 0 1 0 -2 -1 0 0 1 -1 0 -1 0 0 0 0 -1 1 1 0 0 -2 -1 0 0 -1 -1 -1 0 -1 1 1 0 1 1 0 0 0 0 -1 -1 0 -1 2 -1 0 0 0 1 1 0 0 0 0 0 -1 0 1 1 0 0 0 1 0 1 0 1 -1 1 -1 0 0 1 1 0 0 0 0 -1 0 -1 0 0 0 0 3 -1 0 -1 1 1 0 -1 1 0 0 0 0 0 0 -1 0 1 0 0 0 0 0 0 -1 0 0 1 1 0 0 0 0 0 0 0 0 0 0 -1 0 1 0 0 -1 1 1 0 -1 -1 -1 -1 0 1 -1 0 0 0 0 0 0 0 -1 0 1 0 0 -2 -1 0 0 0 0 0 1 0 1 0 0 -1 0 -1 -1 0 1 0 -1 0 1 0 1 -1 0 0 -1 0 0 0 0 -1 1 -1 0 0 -1 0 0 -1 -1 0 0 0 0 0 0 0 1 0 1 0 1 0 0 0 0 -1 0 -1 -2 1 -1 0 1 0 1 0 0 0 0 1 0 0 -1 0 2 -1 0 -2 0 -1 0 0 0 1 1 0 1 -1 -3 1 1 1 -1 0 0 -1 1 1 1 0 2 1 -1 0 0 -1 1 0 -1 0 0 0 0 -1 0 1 0 0 0 0 1 -1 -1 0 0 0 0 0 0 2 0 0 0 0 0 0 0 0 -1 0 1 0 2 14 0 -1 0 1 -1 0 0 0 0 0 0 2 0 0 0
0 0 2 0 0 -1 0 1 0 -2 0 0 0 1 2 1 1 3 1 1 1 0 -1 0 0 0 1 1 0 0 0 -1 1 0 1 0 0 0 0 0 1 2 -1 -1 0 1 1 1 -1 0 1 0 0 0 1 0 1 3 0 2 0 1 0 0 0 -2 0 -2 1 0 0 0 0 0 0 0 1 0 1 0 1 1 0 0 0 0 0 0 0 0 2 0 0 2 1 1 0 0 0 2 1 0 0 0 0 -1 -2 1 0 2 0 0 0 2 2 0 1 0 0 0 0 0 0 -1 0 0 0 -1 2 1 1 -1 0 0 0 -1 0 1 -1 -1 1 0 0 2 0 0 0 1 0 1 0 0 0 0 0 0 1 0 -1 0 3 0 -1 0 0 0 0 -3 0 -1 -2 1 -1 0 1 0 -1 -1 0 0 0 0 1 0 0 -2 0 2 2 1 0 -1 0 0 0 0 1 0 1 0 -2 1 0 0 -2 0 -1 0 0 0 -2 1 0 2 1 0 1 0 0 -1 0 -1 0 0 0 0 0 0 1 1 1 -1 1 1 0 0 -1 1 0 1 0 0 1 0 0 -1 0 0 -2 0 0 0 0 0 1 0 0 0 0 0 0 1 1 0 2 -2 2 0 0 1 0 -1 1 0 0 0 0 -1 0 -3 0 0 2 1 1 0 0 1 0 0 0 0 2 0 0 -1 0 0 0 -1 0 0 0 -1 0 3 0 0 1 0 0 0 0 0 0 -2 2 1 0 0 0 1 2 -1 -1 1 0 0 0 1 0 -1 -1 -3 1 0 0 2 -1 -1 -1 2 1 0 0 17 0 -2 0 0 0 -1 0 0 0 1 0 0 0 0
2 0 0 0 0 1 0 -1 1 1 0 0 1 1 2 -2 -1 -1 0 0 1 1 1 -1 -1 0 -2 1 1 -1 1 -1 1 0 0 0 1 1 -1 0 2 1 3 0 0 1 1 1 -1 0 2 0 0 -1 0 0 1 0 0 0 -2 1 2 1 1 0 0 1 0 0 1 0 1 2 1 -1 4 2 0 0 -1 -1 1 1 0 1 1 0 0 0 0 0 0 -1 1 0 0 0 -1 0 0 3 0 0 0 0 1 0 -1 -2 1 0 0 1 0 2 0 -1 1 0 2 1 0 -2 1 -1 0 2 1 1 0 0 -1 -1 1 -1 0 1 1 -2 0 1 -1 0 0 0 0 1 0 -2 1 1 1 1 -1 0 0 0 0 1 -2 0 0 -1 2 -1 -1 2 0 1 -1 1 0 1 0 0 0 0 0 0 0 0 0 -2 0 1 3 -1 3 1 0 0 1 0 2 1 1 -1 0 1 1 0 -2 -1 -1 -2 1 0 1 -2 1 4 0 0 -1 0 0 -1 1 0 -2 -1 0 1 1 0 -1 1 -2 0 0 0 -1 0 0 -1 1 0 1 -2 1 1 0 0 0 0 -1 0 0 2 1 0 0 0 1 1 -2 0 1 0 1 1 -1 1 0 0 1 1 0 0 0 -1 0 2 0 -1 -2 -1 0 1 0 -2 -1 -1 0 2 -1 0 2 3 -1 0 0 0 0 1 2 0 0 0 0 0 0 0 0 2 1 0 2 0 0 -2 0 1 2 0 -1 0 -2 1 -2 -2 2 2 1 2 -1 1 1 1 0 0 -1 -2 2 0 -1 -1 3 0 0 1 -3 0 -1 0 21 -1 0 -3 -1 0 -1 1 0 2 2 2 2 3
0 0 -2 -1 0 0 0 0 1 2 0 0 -1 0 -1 0 0 0 0 -1 0 0 -1 1 1 -2 2 0 1 0 0 0 0 -1 1 1 1 0 -1 -1 0 -1 0 1 -1 1 0 0 0 1 1 0 0 0 0 -1 0 0 0 -2 0 0 0 0 0 -1 1 0 0 0 1 0 1 0 0 0 1 0 0 0 3 0 0 0 1 0 0 0 0 0 0 -1 1 1 0 0 -2 0 0 0 -2 2 0 0 0 1 -1 2 0 0 2 0 -1 0 1 0 4 1 0 1 -1 -1 1 1 0 0 -1 -1 -2 0 1 0 0 0 1 0 -1 -1 -1 -2 -1 -1 2 0 0 0 -1 -3 0 0 1 1 -3 0 0 0 0 0 2 0 0 0 0 0 2 0 0 1 -2 0 1 1 1 -1 1 0 1 0 0 1 2 1 0 0 0 0 0 -1 -2 0 0 1 1 0 0 0 0 1 -1 1 0 0 0 0 0 0 1 0 0 0 -1 -1 -1 0 1 0 0 2 -1 0 0 0 0 0 0 -1 0 -1 0 0 1 0 -1 1 0 -1 0 0 1 0 0 1 0 0 1 0 0 -1 0 1 0 1 0 1 0 1 -2 1 0 0 -2 0 1 1 -1 1 2 0 0 0 -2 0 -1 0 0 0 -1 2 0 1 -2 -2 -1 1 2 1 -1 0 0 1 0 0 1 0 0 -1 2 0 2 0 1 -1 1 0 0 0 1 0 -1 1 0 -2 1 0 0 1 0 1 0 1 -1 1 0 -2 0 -2 1 0 0 0 2 0 0 3 0 -1 0 0 -1 0 -1 1 -1 -1 0 -2 -1 18 0 1 1 1 1 0 0 -1 1 0 0 -1
0 -1 0 0 2 1 0 0 0 0 0 0 0 -1 0 1 -1 0 1 1 0 0 0 1 2 1 1 0 1 -1 0 0 2 0 1 -1 3 0 0 0 1 0 0 3 1 1 1 2 -1 0 0 -1 3 0 0 -1 1 -2 0 0 0 0 1 0 -2 -1 0 1 -1 1 0 0 0 1 0 -1 -1 0 0 1 1 2 0 1 1 -1 1 -1 -1 0 0 1 -2 1 0 0 -2 1 1 0 0 1 0 0 0 -1 -3 1 0 0 0 -1 0 -2 2 0 0 -2 2 0 -1 -1 0 0 -1 0 -1 -1 0 2 0 0 -1 -2 1 -1 0 0 -1 -2 0 0 -1 1 1 -1 -2 0 0 -1 0 -1 2 0 0 0 -1 2 0 0 0 0 -1 0 -1 0 1 0 2 0 1 1 1 1 2 -1 1 0 1 -1 0 0 0 0 1 0 0 2 1 1 0 0 0 0 -1 0 0 4 1 1 -1 2 0 0 0 0 1 -1 0 0 2 1 1 0 0 -1 0 1 -1 1 0 -1 1 0 -2 -1 1 -1 -1 1 0 -1 -1 -3 0 1 1 0 0 2 0 0 0 0 -2 0 1 1 1 0 0 0 -2 0 0 -1 1 1 0 0 1 -1 0 1 -1 1 0 2 1 -1 1 0 1 0 0 0 -2 -1 -1 0 2 1 0 0 0 0 0 0 0 0 -1 1 2 2 0 0 0 0 0 -1 0 -1 2 1 0 0 1 0 2 1 -1 -1 -1 1 0 0 1 0 2 -1 0 0 0 -1 0 -1 1 0 0 1 -1 1 1 -1 0 0 0 1 0 0 0 1 0 1 1 0 0 0 23 1 0 -1 1 1 0 1 1 1 0 -1
0 -1 2 1 0 1 2 -1 0 1 -1 1 0 0 0 0 0 0 -1 0 -2 -1 -2 1 1 0 2 1 1 1 0 0 0 1 -1 2 0 0 0 0 3 1 -2 0 0 0 0 1 1 0 0 0 3 1 0 1 1 -1 0 -1 0 0 -1 -1 0 -1 0 0 0 1 0 0 0 0 1 0 -1 1 1 0 -2 0 0 0 1 0 0 0 0 0 0 0 0 0 1 0 2 -1 0 0 1 -1 -1 1 0 0 -2 0 0 0 -1 0 1 2 0 0 0 0 -1 0 1 -1 0 1 0 0 0 -2 0 2 0 0 1 -1 1 1 0 0 0 2 -1 0 1 0 1 -1 -1 0 0 3 0 1 0 -1 1 0 0 -2 0 1 1 -1 -1 0 0 2 0 0 0 0 3 0 -2 -1 0 0 4 0 0 2 1 1 0 0 1 0 1 1 0 1 0 1 1 -1 0 0 0 0 2 1 0 -1 1 1 1 0 0 -1 0 0 0 -1 0 -1 2 0 0 2 0 1 0 2 0 1 1 1 0 0 0 -1 0 0 0 1 -1 -2 1 0 0 -1 1 1 0 0 2 0 0 0 -1 0 0 -1 -1 0 1 -1 0 3 1 0 -2 1 0 1 -1 1 0 0 0 1 1 0 0 0 0 -1 0 0 0 0 0 0 -1 1 0 1 1 -1 -1 0 -1 0 0 2 2 0 0 -1 -1 0 1 1 0 1 1 2 0 -2 1 0 1 1 0 -1 -2 0 0 -2 2 0 1 1 -3 3 0 0 0 0 -1 1 0 0 0 -1 1 0 0 -1 1 0 1 -1 1 0 -1 0 -3 1 1 18 0 0 0 2 1 -1 0 1 0 -1
0 0 0 -1 0 1 0 0 -1 1 0 0 0 0 0 0 0 1 0 -1 0 -1 0 1 0 0 0 0 -1 0 0 0 0 0 0 0 0 2 -1 0 0 2 0 1 0 1 0 0 0 0 0 -1 0 1 -1 -1 -1 0 -1 0 0 0 1 1 -1 1 0 2 -1 0 0 0 0 -1 -1 0 -1 0 0 1 1 2 0 0 0 0 0 -1 0 -1 1 0 0 1 0 1 0 0 1 2 1 1 1 0 0 0 -1 1 -1 2 1 0 -1 0 0 -1 0 0 0 0 -1 0 0 1 0 1 1 0 1 -1 2 0 0 0 0 0 0 1 -2 1 -1 1 1 0 0 0 0 1 0 0 2 0 0 0 -1 0 0 1 0 0 1 1 1 2 -1 0 1 0 -1 1 -1 0 -1 0 -1 0 1 2 2 0 1 1 0 0 0 1 1 1 0 0 0 0 0 0 0 0 0 0 2 0 0 0 -2 -1 0 0 0 0 0 1 0 0 0 -1 1 0 -1 1 0 1 1 1 1 0 0 -1 0 0 0 -1 0 1 0 0 0 1 -1 -1 -1 0 -1 0 0 0 1 0 0 -1 0 1 0 0 -1 1 -1 -1 0 0 0 1 0 -1 -1 0 0 0 0 1 0 0 0 0 0 0 0 -1 0 0 -1 1 -3 0 0 0 0 0 2 0 0 -1 1 1 -1 -1 0 0 0 0 1 -1 2 1 1 0 0 0 -1 0 0 -1 3 1 0 1 2 0 0 -1 0 1 0 0 -1 0 0 0 2 0 1 0 -1 1 0 0 0 0 0 0 0 0 1 0 0 0 0 0 -1 1 0 0 13 0 0 0 0 1 1 0 0 0
1 3 0 2 0 2 1 -1 0 1 0 0 0 0 -3 0 0 1 -1 1 1 0 1 0 0 2 -1 -1 0 1 -1 1 0 0 1 -2 0 -1 0 0 0 0 0 1 1 0 0 0 -1 1 0 -1 0 1 0 -1 0 0 1 3 2 0 0 0 3 0 0 0 0 0 1 2 0 0 0 1 0 -1 -1 1 0 0 0 1 1 0 0 0 0 2 0 -1 1 0 0 1 0 -2 0 1 0 0 0 3 -1 -2 1 -1 0 1 0 1 0 0 1 0 0 -2 0 0 1 0 0 0 0 1 0 1 1 0 1 0 0 0 2 0 0 0 0 0 1 0 0 0 0 1 1 2 0 -1 0 -1 0 0 1 0 0 1 0 1 1 0 1 0 2 2 1 0 0 2 -1 0 0 1 0 1 0 0 0 0 0 2 0 0 1 1 -1 1 -1 1 -1 0 0 0 0 1 0 1 0 1 1 0 0 0 1 0 0 -2 0 0 0 0 1 -1 -1 0 -1 0 3 3 0 1 -1 -1 0 1 0 -1 0 -1 1 4 3 -1 -1 1 0 0 2 0 0 0 1 0 0 0 0 0 0 0 0 0 0 1 1 0 0 0 -1 -1 1 0 1 0 -1 0 0 3 0 0 0 0 0 1 0 0 -1 1 1 0 0 0 1 0 0 -1 -1 0 0 0 0 0 -1 1 1 1 -1 0 1 0 0 -1 2 -1 1 1 1 0 0 -1 0 -1 0 1 0 1 0 -1 0 0 2 0 0 1 1 0 1 -1 3 0 -1 1 0 1 1 -1 0 -1 0 0 3 0 -1 -1 0 -1 0 1 -1 0 0 17 0 2 0 2 0 -1 0 -1
-2 -1 0 0 -1 0 -1 1 0 -2 0 -1 -2 0 0 -1 -1 1 -3 0 -2 0 1 0 0 1 1 0 0 0 0 0 1 -1 0 0 -1 0 -1 0 0 0 -1 0 0 1 1 0 2 -1 1 0 0 1 -2 0 -1 1 -1 -1 0 1 0 0 0 0 -1 0 0 0 0 0 0 0 0 1 -1 1 -1 0 0 1 0 0 -2 -1 0 -1 2 0 0 1 0 0 0 1 1 1 0 0 -1 1 3 0 0 -1 0 0 0 1 -1 -1 2 0 -1 -1 0 2 1 0 0 2 0 -1 -1 0 0 0 -2 1 1 0 0 0 1 1 0 -1 0 -1 0 -1 0 2 0 0 0 0 1 0 2 3 -1 0 0 0 2 -3 0 1 1 0 0 0 0 1 0 0 0 0 -1 0 0 -1 0 0 0 0 0 1 1 1 -1 -1 0 1 0 1 -2 0 0 0 1 0 -2 0 -1 1 0 -1 0 1 1 0 1 0 1 0 0 1 1 -2 0 0 0 0 0 -1 -3 -1 0 0 1 0 0 0 0 0 0 0 1 0 -1 1 1 2 -1 1 0 1 -1 0 0 0 1 0 0 0 0 0 0 0 0 0 0 1 -1 0 0 -1 1 1 1 3 -1 1 -1 1 0 1 0 0 -1 1 -2 0 1 0 -1 -1 0 0 0 1 0 -1 0 0 0 1 1 0 0 1 0 0 -1 1 1 2 -1 -2 -1 0 1 0 0 0 -2 1 0 -2 1 1 0 1 0 0 1 1 0 1 0 -2 0 0 3 -1 -1 0 0 0 0 0 -1 -2 0 2 0 0 -1 -1 0 0 0 0 -1 1 1 0 0 0 21 1 0 -1 3 0 0 -2
1 0 1 0 0 -1 2 1 0 -1 0 0 -2 0 0 -1 -1 1 -1 0 -1 -1 -1 -2 -1 0 -2 2 0 1 2 1 0 1 -2 0 0 0 1 0 0 0 1 1 -1 1 1 1 0 0 0 1 1 1 -1 0 1 0 0 1 1 0 -2 1 0 -2 -1 0 0 1 -1 1 -3 1 2 0 0 1 1 0 0 -1 1 1 2 0 2 1 -1 2 -1 1 -1 0 0 0 2 1 0 1 1 0 1 0 0 0 2 -2 0 1 -1 -1 0 0 -1 0 -1 -1 1 -1 -1 -1 0 0 0 1 0 1 1 -1 0 -1 0 0 0 1 0 1 -1 0 0 0 1 1 0 0 -1 3 1 -2 0 0 0 0 -2 -1 -2 0 0 -2 0 0 0 1 1 0 -1 3 -1 0 0 0 0 0 0 0 1 1 -1 1 0 -1 -1 -1 0 1 0 2 1 3 0 0 1 0 0 2 -1 0 0 -1 2 1 1 1 0 0 -1 1 0 -1 -1 0 -1 0 0 1 -1 0 -1 2 0 1 -1 0 3 1 -1 -1 -1 0 0 3 0 1 1 0 0 0 0 -1 1 0 1 1 1 1 1 0 0 0 -1 -1 0 0 2 3 0 -1 1 0 0 1 -1 1 0 0 1 1 -1 0 -1 0 0 0 0 -1 0 0 2 1 1 0 -1 0 -1 2 1 0 0 0 0 0 0 -1 1 1 2 -1 -1 -1 1 2 -1 0 2 1 -1 -2 -1 1 0 0 0 1 0 -1 1 0 0 0 0 0 0 1 0 1 0 0 0 0 1 1 1 1 -1 -2 1 0 3 0 0 0 3 -1 0 0 1 0 1 2 0 2 1 19 0 1 0 -1 0 -3
1 0 -1 0 0 -1 0 0 0 0 0 0 0 0 2 0 0 1 1 1 0 0 0 0 0 -1 0 -1 1 1 0 1 0 -1 0 0 -1 -1 0 0 0 0 0 -1 -1 -1 0 0 2 0 1 0 0 -1 0 -1 -1 1 0 -1 -1 0 1 0 0 0 0 0 -1 0 1 0 0 0 0 0 0 0 1 0 0 -1 1 0 -1 0 0 1 0 -2 -2 0 0 1 2 -1 -1 0 0 0 0 0 1 0 0 0 -1 0 0 1 0 2 1 -1 0 0 0 0 1 1 0 0 -1 0 0 1 0 0 5 0 0 0 0 1 0 1 0 0 0 0 0 0 0 0 0 -1 0 0 -1 0 0 2 0 0 0 -1 0 1 1 1 1 2 1 0 -1 0 0 0 0 1 0 0 0 -1 0 0 0 1 0 0 0 0 0 0 0 0 0 0 0 0 0 0 0 0 1 0 1 0 0 0 0 0 0 0 0 0 0 0 3 0 2 2 -1 0 0 0 0 0 -3 2 2 1 1 0 0 0 0 -1 0 -2 1 0 0 0 -1 0 0 0 0 0 0 1 0 0 1 -2 0 0 0 1 0 0 0 1 0 0 0 0 0 0 0 1 0 1 0 0 1 0 1 1 0 -1 -2 0 0 3 0 0 0 0 0 0 0 1 0 0 1 0 0 0 0 0 -1 1 0 0 1 0 0 1 0 1 -1 0 0 0 0 0 0 0 0 0 0 0 -1 0 0 0 1 -2 0 0 0 0 0 1 0 0 0 0 1 1 0 1 0 0 1 0 0 0 0 0 0 0 0 0 0 0 0 1 0 0 0 0 13 0 0 -1 0 0
0 1 0 1 2 2 1 0 1 1 1 -1 2 0 0 1 0 0 0 0 0 0 0 0 0 0 -1 0 1 1 0 -1 1 0 1 0 0 0 -1 -1 2 0 1 0 0 1 0 0 0 0 0 0 2 2 0 0 0 0 1 1 -1 1 0 0 0 0 1 0 2 0 2 1 0 0 0 -2 0 0 -1 -1 -1 -1 0 0 -1 1 1 0 1 0 0 0 0 0 1 0 1 -1 0 -1 1 0 0 0 -1 -1 -1 1 0 0 0 1 -1 0 -1 0 -3 0 1 0 -1 -1 0 0 0 0 0 1 0 1 -1 -1 -1 0 0 0 0 0 -2 0 0 1 -2 0 -1 1 0 0 0 1 -1 1 1 0 -1 0 0 1 2 1 1 0 1 1 -1 0 0 0 0 0 0 2 0 0 -1 0 -1 0 3 1 -1 0 1 0 0 1 0 1 0 1 0 -1 0 2 0 1 2 -1 0 2 0 0 -3 0 0 0 1 -1 0 -1 0 1 1 1 0 0 2 1 0 1 -1 -1 0 0 -1 0 -1 0 -1 1 1 0 2 0 -1 0 0 0 0 0 1 -1 0 1 -1 0 0 -1 0 0 -2 0 0 0 1 0 0 -1 1 2 -1 0 -1 2 1 0 0 1 0 0 0 1 0 0 -1 0 0 0 3 0 0 -1 -1 0 -1 0 0 0 0 1 0 -1 -1 0 0 1 -1 0 0 0 -1 0 0 -1 -1 0 0 0 1 0 0 -1 0 1 0 -1 0 0 1 -1 1 0 1 1 0 3 -2 0 2 -2 0 1 0 1 -1 0 0 0 1 0 -1 0 0 0 0 1 2 -1 1 -1 1 2 -1 1 0 18 1 -2 0 0
-2 0 -1 -1 -1 -1 1 1 1 -1 0 0 0 0 -2 2 2 2 -1 -1 -1 2 0 -1 0 2 2 0 0 0 -1 -1 0 1 -1 2 1 0 -1 2 1 0 -1 0 1 1 0 0 1 1 1 0 0 -1 0 -1 1 2 0 -1 0 2 0 0 1 0 1 0 1 0 1 -1 1 -1 0 0 0 1 -1 1 -1 0 0 0 1 0 -1 1 1 1 1 1 -1 0 1 0 0 0 0 -1 0 0 1 0 0 0 -1 1 0 0 2 0 -1 2 1 -3 2 1 1 0 0 1 1 2 0 0 -1 0 1 1 0 1 -1 1 1 3 1 0 -1 0 0 -1 -2 1 0 1 -2 2 0 0 0 0 0 0 0 0 2 0 2 1 -2 1 -1 0 0 1 -1 0 -1 0 0 2 -1 0 -1 -1 2 0 0 0 1 0 0 -1 0 0 1 1 -1 0 0 0 0 0 -1 0 2 1 1 0 0 0 0 0 0 0 0 0 2 1 0 1 1 0 0 -1 -1 -1 -1 2 0 1 0 2 1 0 -1 0 -1 0 2 0 0 -1 0 0 0 1 0 -1 0 0 0 0 0 -1 0 -1 0 -1 -1 0 0 2 -1 0 0 0 -1 0 1 1 2 1 0 0 0 2 0 1 1 0 1 0 0 0 0 0 0 0 -1 -4 -1 0 1 0 1 2 2 2 0 0 1 -1 0 1 0 4 0 0 0 0 -1 0 1 1 0 1 1 0 2 0 -1 1 0 3 1 1 0 1 0 0 0 -1 0 1 -1 2 0 1 0 -1 0 -1 0 0 -1 0 1 0 1 1 0 -1 2 0 2 1 1 0 1 0 3 0 0 1 20 0 1 0
0 0 0 0 -1 0 -1 1 0 0 3 1 0 0 1 0 0 1 1 1 -1 0 0 0 1 1 0 0 1 -1 0 1 1 0 0 -2 0 1 0 1 -1 0 1 -1 0 2 1 2 0 0 1 0 0 -2 0 1 1 -1 0 1 -1 0 0 0 0 1 2 -1 0 0 1 0 2 2 0 0 0 0 0 0 0 2 1 0 1 1 1 -2 0 0 0 1 0 0 1 0 -1 -1 0 1 0 0 0 0 0 1 -2 0 0 0 0 0 0 0 1 0 1 0 -1 0 1 2 1 1 0 0 0 -1 0 1 0 1 1 0 -1 -1 0 0 0 -1 0 1 -1 0 1 0 0 0 0 0 1 0 1 0 1 0 -1 0 0 -1 -2 0 1 0 0 1 0 0 0 0 0 0 0 0 0 0 -1 0 -1 -1 -1 0 0 -1 0 -2 2 0 0 1 1 1 -1 0 1 2 0 -1 1 -1 0 0 -1 -1 0 -1 0 0 1 1 0 0 -1 -1 -1 0 0 0 0 -2 0 0 0 0 1 0 -1 1 0 1 0 -1 -1 0 0 0 0 0 0 0 0 0 0 0 0 1 -1 -1 1 0 1 -1 -2 1 0 0 -1 -1 0 0 0 0 0 -1 0 -1 0 1 0 0 0 0 -1 0 0 -1 0 0 -2 0 1 0 0 0 0 0 0 1 0 1 1 2 0 0 -1 0 0 0 2 0 -1 0 -1 1 0 0 0 0 0 0 0 0 0 0 0 -1 0 2 0 0 -1 -1 0 1 0 -1 0 0 -1 0 0 1 0 0 0 0 1 -1 1 0 0 0 0 -1 0 0 2 0 1 1 0 -1 0 -1 -1 -2 0 15 0 -1
1 0 1 0 1 2 0 2 1 0 1 1 0 -1 1 -1 0 0 2 -1 1 0 2 0 -1 0 1 -1 -1 -1 1 0 0 0 1 0 0 0 -3 2 0 0 -1 1 0 -1 1 1 0 0 1 0 -1 0 1 -1 1 0 0 0 0 -1 -1 0 0 1 -2 -1 0 0 -2 0 -1 0 0 1 0 0 1 0 0 1 0 1 0 0 0 -1 2 1 0 -1 0 -1 0 0 -1 1 0 0 -1 -1 -2 0 0 -1 1 1 0 -1 0 -1 1 0 0 0 -1 -1 0 0 0 1 0 1 0 1 0 0 0 1 0 0 0 0 -1 0 1 0 0 0 0 0 2 0 -1 0 0 0 -1 -2 1 -1 1 0 0 0 0 0 0 0 0 0 0 -1 0 1 0 0 1 0 0 0 0 1 0 -1 0 0 -1 -1 -1 -1 1 -1 -1 3 0 1 0 1 3 0 1 -1 4 0 1 2 0 0 1 0 -1 -2 1 0 0 -1 1 0 0 0 1 0 2 -1 0 -1 1 0 0 0 0 -1 1 -1 0 0 2 1 1 2 0 0 1 -1 0 -1 1 1 0 1 -1 0 0 -1 0 0 0 0 -1 -1 1 0 0 -1 -1 2 0 0 0 1 0 1 1 1 -1 2 -1 0 1 0 2 1 0 0 0 0 0 1 -1 -1 2 1 1 1 0 1 0 1 0 0 1 0 0 -1 1 1 -1 0 1 0 0 0 -1 0 0 0 0 -2 -1 1 0 1 0 0 1 0 -1 0 0 1 0 -3 0 0 0 1 0 0 2 0 0 -1 -2 0 0 0 1 -1 0 0 0 0 0 0 2 0 0 0 0 0 0 0 0 0 1 0 16 0
0 0 1 0 0 0 0 1 1 2 0 1 1 1 -1 2 1 -4 3 -1 2 0 1 3 -1 1 4 1 0 -1 0 0 0 0 1 -1 -1 1 1 -1 -1 1 2 1 0 -1 -1 -1 0 2 -1 1 -1 1 1 2 1 -1 2 -2 0 0 0 0 1 -1 1 -1 0 0 2 -1 1 1 2 -1 3 0 0 0 3 1 1 0 0 0 1 0 1 -1 0 -1 0 0 2 0 -1 0 -1 2 0 1 -1 1 1 1 0 0 -1 0 1 3 0 1 2 0 2 1 -1 0 -1 0 0 0 1 1 1 0 0 1 0 1 0 0 1 1 -1 1 1 0 1 -1 1 0 -1 0 0 0 0 2 -2 0 0 0 0 -2 2 0 -1 2 0 0 0 -1 2 0 0 2 0 1 0 0 0 0 -1 0 -1 0 0 0 1 0 1 0 0 1 0 -1 0 0 -1 0 0 -1 2 -1 1 0 -1 2 -1 0 1 0 -1 0 1 0 -3 -1 0 3 1 2 0 0 0 1 2 1 0 0 1 0 1 0 0 1 1 0 0 0 0 0 -1 -1 0 0 1 0 0 2 2 1 1 0 0 0 0 1 1 0 1 -1 0 1 0 0 1 0 -1 0 1 2 -2 0 1 1 0 0 0 0 3 0 1 -1 1 0 1 1 0 0 0 0 0 2 1 1 0 -2 0 0 0 2 -1 -1 2 -1 1 -1 1 -2 1 2 0 1 1 1 1 0 0 0 -1 0 1 1 1 -1 -1 0 1 2 0 2 1 2 0 1 2 -1 -1 0 0 -1 0 1 0 1 1 1 4 1 0 2 0 0 3 -1 -1 -1 0 -1 -2 -3 0 0 0 -1 0 23

