Q_obj 
33 0 0 1 0 4 0 4 -2 0 -8 -1 -4 0 -2 0 2 0 0 0 0 0 0 0 0 0 0 0 2 2 1 0 12 4 0 0 0 2 2 -2 2 -4 -2 0 0 0 1 6 0 1 0 2 0 -4 -2 0 0 -2 0 6 2 0 0 0 -2 0 8 -2 0 0 0 0 4 4 4 -2 0 0 1 0 0 2 0 0 4 -2 0 -4 0 4 0 2 0 0 0 0 0 0 2 0 0 0 -2 0 0 0 0 0 0 4 -5 -4 0 -3 0 0 4 0 0 0 1 0 0 0 0 0 0 0 4 0 0 0 -2 0 2 0 0 0 -1 0 0 5 2 -2 4 2 0 0 4 0 0 4 0 0 0 0 -4 0 0 0 2 0 4 -4 0 -4 0 -6 1 0 -2 0 0 -4 0 -4 0 0 0 0 0 3 2 0 -2 2 0 0 -2 4 0 0 0 -2 -2 0 -2 0 2 0 -2 0 0 0 0 4 0 6 1 4 0 0 0 -2 2 0 0 -4 0 0 0 0 -2 0 0 0 0 4 0 0 0 2 0 0 0 0 0 0 0 0 0 0 0 4 0 0 0 2 0 0 0 -4 0 0 0 0 0 0 -4 0 2 0 -4 4 2 0 0 0 -2 0 4 1 -4 4 0 -2 1 0 4 0 0 0 0 0 0 0 0 0 0 0 0 0 0 2 1 -2 1 -6 0 0 -3 0 0 0 0 0 2 0 0 0 0 0 1 -4 0 0 0 0 0 0 -2 2 -3 0 4 -2 0 1 4 0 0 0 -1 5 0 0 -2 0 4 0 -1 0 -2 0 -4 0 0 0 0 -4 0 0 2 0 0 0 -1 0 0 4 0 0 -1 0 4 0 0 -6 0 0 0 -5 -2 -2 2 0 0 -2 4 -2 0 4 0 0 -4 0 3 0 -4 4 0 -1 0 -2 0 2 0 2 0 2 2 -4 -1 0 0 0 0 0 2 -4
0 64 2 0 0 -4 -6 0 0 0 2 0 0 0 2 2 0 0 -1 0 0 0 0 0 4 0 4 0 -2 0 0 -2 0 0 2 0 0 0 0 4 -2 -2 0 -6 -2 -2 0 -4 0 -2 2 0 2 0 0 0 0 0 0 0 4 5 0 4 -2 2 0 2 0 6 0 0 -1 0 1 -2 0 -1 0 -2 0 0 -4 10 2 -2 0 4 -8 0 -2 0 -1 2 0 0 4 4 0 0 0 0 -4 0 0 0 -3 -2 0 -2 0 -2 1 -2 8 1 0 0 0 0 0 4 0 0 0 -3 2 0 -1 -4 0 0 8 0 2 -2 -4 2 2 2 -4 1 4 0 0 4 2 2 0 -6 -2 0 0 2 0 0 -8 -2 4 0 3 0 1 0 0 2 -2 0 0 0 2 0 4 -4 2 0 2 -6 0 -2 0 0 0 -4 0 -2 -1 0 2 0 1 -6 4 -4 4 0 0 0 0 4 -2 -4 -2 1 0 -4 -1 4 2 1 0 0 0 0 0 -4 0 0 0 0 5 4 0 0 -6 1 0 2 0 -5 0 0 2 -1 4 0 -1 0 0 2 1 0 -2 0 6 0 -2 0 0 0 1 6 0 2 -2 4 0 -2 -2 -4 0 0 0 0 2 1 0 0 0 0 6 0 4 -4 2 4 2 -8 2 1 0 -4 -1 0 -2 0 -1 4 2 2 0 2 2 0 -8 0 0 2 -2 0 0 0 0 -2 0 0 0 -4 0 8 -1 0 2 2 -2 0 2 0 4 0 0 2 0 0 9 0 0 -2 2 0 1 0 0 2 0 -4 0 0 0 -1 0 4 2 -4 -2 4 0 2 0 4 0 0 0 -4 0 0 1 0 12 -2 -2 2 1 6 -3 0 0 -2 -2 3 -4 0 0 8 2 0 -1 -2 0 4 0 2 -3 2 11 0 0 0 2 4 0 0 0 0 -4 0 -2 8 2 0 0 -2 0 -4 -2 0 -1 -1 -10 0
0 2 82 -2 0 8 4 2 7 0 -8 0 0 4 0 0 0 2 -3 -3 -6 4 1 0 -1 -2 8 -4 2 0 0 -6 4 0 -4 5 -8 -2 -5 0 0 -4 1 7 2 -4 -2 0 0 4 -1 4 0 0 -3 4 0 0 -5 2 0 6 0 -6 0 -6 0 2 2 2 1 4 0 1 10 -2 2 0 -2 4 0 0 0 0 0 -1 1 -4 0 -2 4 4 0 4 2 0 1 -4 6 0 1 4 -4 0 0 0 2 0 0 1 4 -6 2 1 2 4 1 6 4 0 0 -1 2 -2 3 0 4 -4 -2 -12 3 0 -2 -2 -4 0 1 -1 -4 0 0 -10 -4 0 -2 0 0 -8 2 2 2 4 6 0 0 4 -3 2 -2 8 8 0 -2 2 0 -2 -5 0 0 4 -1 2 0 0 0 2 -5 6 0 5 0 4 2 2 4 4 2 8 0 -4 0 0 0 -2 0 2 -9 8 4 1 0 -4 0 -2 0 3 2 -5 -4 0 2 2 0 -4 0 -5 4 -4 4 4 4 1 4 10 0 4 -2 0 0 0 -2 8 -1 -6 -2 2 -4 -1 -2 0 -5 1 -1 -4 -4 2 -4 3 -2 0 -2 6 0 0 -2 0 2 0 3 4 2 0 -1 -2 -2 0 -2 2 -1 2 0 0 -3 0 5 0 2 2 2 4 4 0 1 -2 -2 0 4 0 -4 0 6 6 -6 0 -2 0 -2 0 0 2 -5 -4 -6 0 0 0 0 -4 4 3 2 4 -2 -2 -2 2 1 4 -2 0 0 -4 1 0 -8 0 4 -4 0 0 1 0 -2 7 0 2 0 0 0 -1 0 0 -6 -2 5 -4 -1 -8 0 8 -4 0 6 -4 -4 4 2 -2 0 0 0 0 -2 0 0 -1 4 0 0 0 1 5 4 0 2 -2 0 -2 0 -8 0 2 0 6 4 0 -2 -4 -2 12 -6 -2 4 4 0 0 0 2 -7 0 4 -1 -1 0 2 3 4 2 0 0
1 0 -2 54 4 0 0 -2 2 0 0 0 -4 0 2 8 -2 0 0 0 4 -4 0 4 -4 2 2 0 0 -4 1 0 0 -2 0 1 0 -2 4 0 0 0 0 0 0 0 0 0 0 -6 -1 -2 0 0 2 0 0 0 0 2 -4 0 -2 0 -2 0 6 0 0 0 2 -4 0 0 -2 4 0 -4 1 -2 4 0 -4 -2 2 0 1 2 4 2 0 0 -2 2 4 4 0 8 0 0 0 0 0 -2 0 0 0 -1 0 -2 3 0 0 -6 0 4 4 0 0 0 4 0 0 0 -2 -2 -2 0 0 0 0 2 2 0 0 3 -1 4 3 8 0 0 0 0 2 4 0 1 0 -4 -8 -8 -3 2 0 0 6 -2 4 0 -2 -2 2 4 -4 2 4 -2 0 -1 -2 0 4 -2 0 0 0 4 0 0 2 4 0 0 0 0 0 1 0 0 0 -4 2 2 0 -1 3 -1 1 -3 0 0 0 0 0 2 1 -4 0 4 6 0 0 0 -4 -5 4 0 4 0 0 2 4 0 0 0 0 0 -2 0 0 0 0 -3 0 -2 0 -4 -4 5 2 0 6 -4 4 -2 -4 2 -4 0 0 0 0 4 -4 2 -4 -2 -4 2 0 1 0 0 0 -1 0 0 -2 0 4 0 0 0 -8 1 -4 -6 0 -4 -5 -2 0 0 1 0 0 6 -3 0 -4 0 4 0 3 4 -4 0 -2 -6 2 0 0 -2 0 0 2 -1 2 -4 4 0 2 7 0 4 -2 2 4 0 2 0 0 0 6 0 4 2 0 0 -4 2 -4 5 0 4 2 0 4 0 1 -1 2 0 0 -1 4 2 2 9 2 0 2 2 0 4 -4 0 -4 0 0 -3 0 6 4 0 -4 0 -8 -2 2 1 0 -4 -4 4 2 0 0 0 -2 0 4 4 2 0 5 -4 -1 0 0 -1 0 0 -3 -2 0 -4 0 0 -4 0 4 0 0 0 -4 4 -6 -2
0 0 0 4 42 0 1 0 0 0 4 0 2 0 0 -1 2 0 0 0 0 0 8 2 -4 0 1 -2 -2 0 0 5 3 0 2 0 0 -2 0 0 0 -1 -4 0 0 0 0 5 -2 -2 0 0 1 0 0 0 0 0 0 -2 4 0 -1 0 2 0 0 0 -4 0 0 -2 0 1 0 0 0 2 2 0 0 0 0 0 2 0 -1 0 0 -1 0 1 3 0 4 2 2 0 0 0 4 4 0 0 -1 2 0 0 0 3 -4 -2 0 0 0 3 4 -4 0 0 4 1 0 -2 -6 2 0 -2 4 -1 0 -2 1 0 0 -3 0 2 2 0 6 0 -4 8 -4 0 0 0 -2 0 -4 -2 0 -4 0 0 -1 0 0 2 0 -1 -4 2 -2 2 -2 -2 -1 0 -2 2 -1 0 0 0 0 -2 1 0 2 -3 0 -2 2 0 0 0 0 0 0 2 0 0 -3 4 2 0 -8 0 2 0 2 2 2 -3 0 0 0 4 0 0 4 -1 0 -4 -4 0 3 0 0 0 0 0 0 0 -4 -1 2 0 0 0 -4 -8 0 0 0 0 0 0 0 6 -2 0 -4 0 0 -2 0 0 4 -2 0 1 -2 0 0 0 2 0 -2 0 -1 2 2 0 0 4 0 0 -2 4 2 -1 0 0 0 0 0 -2 -4 0 0 0 2 2 -2 0 1 0 0 -6 0 -1 -1 0 0 0 2 2 -4 0 0 0 0 0 4 0 1 0 0 -2 2 0 0 6 -2 2 -2 -4 4 0 -4 0 4 0 3 2 0 4 0 0 -4 0 0 0 0 0 -3 0 0 -2 -2 0 0 -1 0 0 0 0 1 0 -2 -4 3 -4 -2 0 -2 -1 0 4 0 0 0 4 -1 -2 2 0 2 0 -5 0 0 0 2 0 0 0 0 0 0 0 0 2 0 4 3 0 -3 0 -7 -2 0 0 0 2 -2 -2 0 -4 0 0 -4 0 0 0 2 0
4 -4 8 0 0 59 1 -1 0 0 -4 1 0 0 0 4 0 0 0 -2 2 2 0 0 -4 0 2 0 4 0 -2 4 0 4 -2 0 1 -4 0 -4 -2 2 0 0 2 0 2 0 -4 0 1 4 -2 0 -2 0 0 0 0 4 2 4 6 4 0 -2 0 0 -2 -6 0 4 -2 0 -2 0 -1 -6 0 -4 0 0 3 1 -4 -2 2 0 -6 4 0 4 0 0 -1 0 -8 0 0 0 -7 0 0 -2 4 4 -1 -2 2 -1 2 0 -2 6 2 0 -2 0 2 -2 -4 -4 5 -2 -4 4 3 0 6 6 0 0 0 0 2 4 0 0 0 0 2 0 2 -2 -5 0 -2 -4 4 0 0 2 0 0 0 8 -2 0 0 0 0 -2 0 -4 0 0 -2 0 0 4 -1 -2 0 0 -2 8 -3 0 0 4 0 -4 0 0 0 -2 -2 2 0 2 -2 0 0 1 -4 0 0 0 4 -4 2 1 0 1 0 5 2 -8 0 4 -2 0 -1 0 0 -8 2 2 0 0 0 -8 -4 -2 0 -1 0 0 4 0 2 0 0 0 0 0 0 5 -4 0 2 -2 0 0 -2 -1 -2 0 2 0 -4 1 2 -3 -4 0 0 -2 0 0 6 2 0 -1 4 -2 0 0 0 1 0 0 0 -1 -2 0 6 0 4 2 -1 -2 2 2 -2 0 4 -4 0 0 4 -8 0 3 0 0 0 -1 5 4 -4 4 0 0 1 0 2 4 4 0 1 0 1 0 -2 0 4 0 -1 2 -2 0 -6 -2 -4 -2 2 0 -4 -2 0 0 0 0 -2 9 -2 -2 2 -2 2 -3 -4 4 -6 -2 0 0 0 -3 4 0 2 0 -4 1 2 2 0 -2 0 -2 -1 2 1 0 2 2 -1 -2 1 -1 0 -2 0 -4 4 0 0 -4 0 0 2 0 -2 1 1 0 -4 0 2 -2 2 -2 -2 0 2 4 1 -4 0 0 -2 0 0 0 0 0 2 0
0 -6 4 0 1 1 63 -6 2 0 -4 -2 2 0 2 -2 0 4 -4 0 4 4 -2 -2 -2 -4 -2 0 -2 2 0 1 -4 2 -2 0 0 0 0 0 0 -4 -2 6 2 -2 0 1 0 0 -4 2 -4 -2 0 4 -4 0 0 4 -4 0 -2 0 -8 -6 0 0 2 0 0 0 -4 5 4 0 0 -6 0 -6 4 0 4 -4 0 -4 0 -4 4 0 2 1 2 8 0 -2 2 2 1 0 0 4 6 0 -2 6 -4 0 0 0 1 0 0 -8 -4 1 -2 -4 0 2 -4 0 1 -2 -2 0 6 -1 2 -6 0 0 -3 5 2 0 2 0 -1 0 0 0 -4 4 -4 -4 0 -4 0 4 2 -4 0 -4 0 -2 3 -4 -4 0 0 2 0 4 0 0 -2 -2 0 2 7 2 0 0 -4 0 -2 2 -2 6 -2 -2 2 0 4 0 4 6 0 -2 2 0 0 0 -2 0 0 0 0 1 0 2 0 0 2 -1 0 2 0 -6 0 -8 2 0 -8 6 0 -2 0 -2 0 -4 0 1 0 1 2 0 -2 0 -5 0 2 0 2 2 0 0 0 3 -2 2 -2 2 2 4 0 -2 4 -1 0 -1 -1 1 -4 0 2 0 0 4 2 -10 4 2 0 -3 0 0 2 0 2 3 0 1 6 0 4 0 2 0 0 -4 -4 -4 0 0 -4 -2 0 3 0 -2 2 1 6 0 0 -6 0 4 -2 0 0 0 -5 0 -4 0 0 -2 -2 -3 0 0 0 -2 0 0 0 -4 6 0 2 0 -8 0 2 0 0 -4 4 -2 0 0 0 0 6 0 -3 -5 2 -1 -6 0 4 3 4 2 2 0 1 5 -8 0 0 2 2 4 -9 -1 8 0 1 4 -4 0 2 2 0 4 0 4 1 -4 0 4 2 -2 0 0 0 0 -6 4 2 0 0 0 0 0 2 4 -2 2 0 0 2 -2 -3 -2 0 0 3 2 4 1 0 0 -2 0
4 0 2 -2 0 -1 -6 76 -1 0 0 -2 -2 0 4 0 4 2 -8 0 0 4 2 0 0 -4 0 0 8 4 0 -2 0 0 6 -7 0 -2 0 0 4 0 4 0 1 0 4 5 0 2 -1 0 2 0 -6 -2 6 2 0 5 0 -2 0 0 0 0 0 2 0 -1 0 1 0 0 0 3 -4 0 0 2 3 -1 2 -4 0 0 0 0 2 0 -3 0 0 0 4 0 2 0 4 0 2 1 -6 0 -2 4 -2 -4 1 0 -6 0 4 5 -5 -4 1 0 0 2 0 4 0 0 0 -6 1 0 0 -2 2 0 2 -2 0 4 6 0 2 0 -1 -3 0 2 0 -2 0 0 0 2 2 4 4 0 -1 4 0 -1 4 0 4 0 0 0 8 -4 0 0 0 0 4 0 -4 0 8 0 0 -1 1 0 0 -2 0 -2 0 8 -2 0 0 0 0 4 0 -2 -2 -4 -4 5 0 0 0 4 1 7 0 1 8 8 9 0 2 3 0 0 4 0 -6 0 8 0 0 0 4 -1 0 0 4 -2 0 0 -1 -3 0 0 -1 4 0 0 0 -2 4 -4 -1 0 -4 0 -2 2 0 4 -8 2 0 4 -4 -2 -4 4 2 0 0 -2 -2 -4 0 0 8 -2 0 8 0 -4 2 4 0 0 -6 0 0 0 6 0 4 2 -1 0 -1 -2 -2 0 2 -4 0 4 -2 -1 0 0 3 0 0 0 -4 0 0 0 2 0 4 0 -2 2 0 -1 8 -1 -4 4 4 0 -2 0 1 0 4 4 4 -1 4 2 0 -2 0 4 0 -8 0 0 0 2 0 -1 4 0 0 -1 0 0 0 4 2 -6 10 -6 0 -10 4 -2 -4 0 0 8 2 -2 0 -4 0 -4 0 1 4 -3 0 4 -1 -3 0 0 1 -1 0 -2 -6 0 4 0 -2 -2 0 0 0 -8 0 4 0 2 -2 4 -1 -2 3 -3 0 -2 1 0 0 0 0 0
-2 0 7 2 0 0 2 -1 42 0 -1 -4 -4 0 0 0 1 0 -2 0 0 -1 0 0 0 -6 0 0 -2 0 0 -2 -4 0 1 -1 -8 0 0 0 -4 0 3 -5 0 0 2 2 0 -1 -4 0 0 2 0 -2 4 0 0 0 -2 0 -4 0 0 0 -2 0 0 0 0 0 0 0 0 2 4 -4 0 0 -1 -2 1 -2 -1 0 0 0 2 -2 -10 0 0 6 -2 0 0 -4 2 0 -2 -4 -2 -2 0 0 8 -2 -2 -2 -4 -3 0 0 6 1 0 2 0 0 -2 0 0 -6 0 0 5 -2 0 0 2 4 1 0 -3 0 0 0 -2 0 -2 0 -4 -4 1 0 -4 0 -4 2 -2 4 0 0 -1 0 0 2 -4 0 2 0 0 3 1 0 -2 0 0 2 0 0 0 -3 0 -1 0 2 -6 0 -3 4 0 -1 0 -1 4 0 1 0 0 4 2 0 0 0 -2 4 -1 2 -2 2 0 0 4 0 0 -5 3 -4 0 -2 4 0 0 -3 4 -1 2 2 0 0 4 -1 0 0 0 -4 -4 4 0 0 0 -2 0 0 0 -4 0 -2 -2 0 -4 0 0 0 4 5 0 1 -1 0 0 2 -1 0 0 0 -4 -2 0 0 6 2 4 4 0 0 4 0 0 -4 -2 0 4 0 4 0 2 -4 0 -1 0 -4 1 -1 2 4 0 -2 0 0 0 0 6 0 0 1 4 0 5 0 -1 0 -4 0 2 -4 6 1 0 0 -4 5 -1 -2 -1 0 -4 -1 -3 -2 4 0 -2 -1 2 1 0 0 0 -6 -4 0 0 0 3 0 -4 0 0 0 -2 0 0 -2 0 0 0 0 -1 0 0 0 0 0 0 0 0 0 0 -1 0 -2 0 0 4 0 -1 0 1 -1 0 0 -1 0 2 0 -2 1 0 4 -2 2 -4 2 0 2 0 2 0 0 0 0 0 -2 4 4 1 5 0 -2 0 0 -6 0 0 0 0 -4
0 0 0 0 0 0 0 0 0 41 -5 0 0 2 0 0 0 0 4 0 6 -2 0 0 2 0 0 -2 0 2 4 0 0 0 0 0 0 0 2 0 -4 4 -2 0 -2 2 -8 0 0 -4 -2 0 0 2 0 0 0 -2 0 0 -2 -2 0 4 0 4 0 0 0 0 0 0 -1 0 2 0 0 0 0 0 0 0 2 0 0 1 0 0 -4 -4 0 4 0 10 2 0 0 -1 -2 0 0 0 0 -4 0 4 0 5 0 0 0 2 2 -2 0 1 2 0 2 0 2 0 -6 -2 0 0 -4 -2 0 -3 0 4 -2 0 -4 0 -4 0 4 0 4 0 0 0 0 0 0 0 -2 0 0 0 0 0 0 0 0 0 0 0 0 2 0 0 2 0 0 -2 3 -2 4 0 -1 -2 -2 -2 0 0 0 2 0 -4 2 0 0 -3 0 -4 2 0 -4 0 0 1 -4 4 0 2 -3 0 0 -2 -4 -2 2 0 2 -2 -2 0 0 0 0 1 0 -4 0 0 0 0 0 2 0 0 0 0 4 2 0 -4 2 0 0 -10 2 4 0 4 2 0 0 -4 0 -1 0 0 0 -2 -2 0 2 0 0 0 0 0 0 0 0 0 0 0 -2 -1 -1 0 4 2 0 0 0 -4 -4 0 0 0 0 0 0 0 0 1 0 0 -2 2 0 0 0 -3 0 0 -1 0 0 -2 2 0 -2 4 10 -1 0 0 0 0 -1 0 0 4 0 0 0 0 2 -2 0 0 0 0 0 0 0 4 0 0 0 -4 7 -2 0 0 0 0 -4 0 4 4 0 -2 0 -2 4 -2 6 0 0 2 0 0 0 0 0 4 0 0 -2 -6 4 -1 0 0 0 0 0 -4 0 0 0 0 2 -8 1 0 -2 2 0 -6 0 6 0 -2 2 2 0 0 -1 -4 0 0 0 2 -4 0 0 0 1 2 0 0 0 0 0 6 0 1 1 0 -2 -4
-8 2 -8 0 4 -4 -4 0 -1 -5 69 2 2 0 0 -2 -3 -4 0 0 4 1 4 2 0 0 -2 0 -5 2 0 0 -4 -8 6 0 0 0 -1 2 -2 -8 0 0 1 4 0 5 0 0 4 0 -2 2 2 2 0 -6 0 -4 2 0 0 -5 4 4 0 0 0 0 0 4 0 0 -4 0 0 -2 0 0 4 0 2 -2 -10 2 0 4 -1 0 0 -2 0 -4 -1 5 0 -4 4 -2 0 0 2 -4 0 2 0 -4 2 -2 0 6 -3 -2 -2 -1 -4 0 4 0 2 4 0 -1 0 0 1 0 -4 2 -8 -2 0 -1 -5 -1 -1 3 2 0 8 -2 -6 -2 2 2 2 10 -8 0 0 0 0 2 0 0 2 0 -2 0 0 -2 0 4 0 0 0 6 -2 4 -6 -2 0 2 0 5 4 -2 0 7 0 6 -2 1 -2 0 0 -4 1 -4 2 -2 -1 2 3 2 4 0 -7 2 2 2 0 2 0 0 -2 4 0 -2 -4 0 0 1 0 0 0 4 0 2 -2 0 5 6 1 -1 -6 -2 3 0 0 -4 2 -1 3 0 0 0 0 -1 1 -1 0 8 2 -2 0 3 -2 1 -2 -4 0 -2 -1 0 0 4 2 2 -1 0 0 -4 1 0 4 0 -2 -2 -4 2 2 -4 0 2 0 4 0 2 3 -3 2 0 0 2 4 3 0 0 2 -8 0 6 -2 -2 2 2 2 4 -2 -2 2 -4 4 -1 0 0 -1 -2 0 0 2 0 -2 1 0 0 -2 4 0 4 -3 0 4 1 3 0 1 0 0 -2 0 -2 0 -3 -2 0 4 1 0 -2 2 -1 2 0 0 -1 0 4 5 4 -2 2 -4 1 -8 -4 -2 0 -2 0 0 0 4 6 0 4 5 0 -4 0 -5 -2 -4 2 -4 4 0 2 -2 2 0 0 -2 0 0 2 -1 -1 -2 2 -4 0 0 2 0 0 0 0 3 0 -6 0 3 0 0 1 2 0
-1 0 0 0 0 1 -2 -2 -4 0 2 41 1 0 0 2 1 0 0 4 0 0 0 -1 0 2 0 4 0 0 0 0 0 -1 0 -2 0 -2 2 0 2 0 0 -2 -2 0 -2 2 0 -1 0 2 0 4 0 0 0 0 -4 0 2 -4 6 2 -1 2 -2 2 0 0 -4 -5 0 4 -2 2 4 -4 2 -1 0 0 4 2 0 0 -2 -2 0 4 8 0 0 -2 0 0 -2 6 4 0 -2 0 -1 -2 -8 -2 -2 4 4 6 -3 0 0 -2 2 -2 -5 0 -2 -1 0 0 8 2 0 2 0 0 0 4 0 4 0 -2 2 0 0 0 0 -2 0 -3 1 1 0 0 -2 0 0 0 0 -10 0 0 0 -4 0 0 2 0 -2 0 0 0 -2 -4 0 -1 1 -1 2 0 -1 4 6 0 2 4 -2 0 4 0 0 4 0 -1 0 -2 0 0 0 0 2 6 -1 -4 0 -2 -2 2 0 1 -2 2 0 6 -1 0 0 0 -4 0 -2 0 0 0 0 0 2 0 0 -2 0 0 2 0 0 4 -2 0 0 0 0 -2 0 0 0 0 0 0 0 -1 0 0 -6 0 -2 0 0 0 0 0 0 0 0 0 0 0 4 4 0 3 -2 0 0 0 4 -3 1 0 0 0 0 0 -4 0 0 -2 0 2 0 0 -4 -1 -2 0 0 -2 0 0 0 -2 -1 -3 -6 0 -2 1 -1 0 0 4 1 0 0 0 0 -8 0 0 0 0 0 4 0 0 2 0 0 2 -1 -2 0 0 2 8 2 0 -2 0 0 0 2 -2 0 0 0 0 0 2 1 1 0 2 0 0 2 0 0 0 0 0 -2 0 -1 0 -2 0 4 2 0 0 0 8 3 0 2 0 0 0 0 0 -1 2 0 0 -1 2 0 0 0 1 -2 -2 1 -4 -2 0 0 0 0 -3 0 0 2 0 0 2 0 -2 -2 0 -1 2 4 2 0 2 6 0
-4 0 0 -4 2 0 2 -2 -4 0 2 1 31 0 0 0 -3 0 0 0 0 2 2 0 0 0 6 0 4 -4 0 0 0 0 -2 -2 0 0 0 -4 2 0 -3 10 0 2 -6 -2 -1 -2 0 2 0 0 0 0 -4 0 6 0 2 0 4 0 1 0 1 0 0 -2 0 4 0 2 4 0 0 0 -1 0 1 0 0 0 0 -2 0 0 0 0 0 0 2 -2 0 0 6 0 6 0 0 0 0 2 3 0 -2 0 4 -4 -2 0 0 -2 0 0 0 0 0 0 0 0 0 -2 2 2 0 0 4 0 0 0 0 0 4 -4 0 2 1 3 -1 0 0 3 -4 -4 0 0 0 -4 0 4 0 0 2 0 -2 0 0 0 0 0 0 -1 0 4 0 0 -1 4 -1 0 0 4 -2 4 0 3 0 0 0 0 0 0 -4 0 0 0 0 0 0 0 6 0 0 -1 0 4 -4 2 0 0 1 5 4 0 4 4 0 0 -1 4 2 0 2 -2 0 0 2 2 0 0 0 -2 0 0 0 2 0 -2 0 0 0 2 0 2 0 0 0 4 3 0 -2 -2 2 0 2 0 2 -2 1 0 -1 2 0 0 0 2 0 0 0 0 0 -4 1 0 0 3 4 0 0 6 0 0 2 0 5 4 -4 0 0 -2 2 0 -2 2 0 -4 2 0 4 -1 -1 0 0 0 0 -1 -2 0 4 0 0 0 0 0 0 1 1 -1 0 0 1 -2 0 4 2 -2 0 4 0 0 -1 0 0 0 4 2 0 1 0 4 4 -1 0 -2 0 0 -4 -2 0 3 4 0 0 4 0 0 0 0 0 0 0 0 1 2 0 0 4 1 0 2 1 0 0 2 0 0 0 0 0 6 4 0 6 6 0 2 0 -2 0 2 8 0 0 4 0 2 0 1 4 0 -1 0 0 0 0 0 0 0 0 -2 2 4 0 0 0 0 -1 4
0 0 4 0 0 0 0 0 0 2 0 0 0 25 13 -1 4 0 0 0 0 0 1 -1 0 -4 0 -4 0 -2 0 0 -4 0 0 -1 2 0 0 0 -4 0 4 0 1 0 0 0 -4 0 0 -2 0 1 0 0 1 0 -4 0 -2 3 0 0 0 0 0 0 0 -2 0 -4 0 0 4 0 0 0 0 0 -2 0 2 4 1 0 2 0 0 4 0 2 0 -2 0 0 0 -2 0 0 0 0 0 0 4 -4 0 0 0 -2 0 0 0 0 5 4 1 0 -2 2 0 4 -2 -1 0 2 2 0 0 0 0 0 -2 0 0 0 0 -1 0 4 4 0 0 0 2 -5 0 0 0 0 0 -1 0 0 1 0 0 0 -4 -4 1 0 0 0 0 0 0 -4 0 0 0 2 0 -3 4 0 0 -1 -3 0 -4 0 4 -1 0 0 0 0 0 0 0 0 0 0 1 -2 0 4 -2 0 0 0 0 0 0 1 0 0 -2 -1 0 -1 0 4 0 0 2 1 0 0 -1 0 0 0 0 0 0 0 0 0 0 2 0 -6 4 0 0 -1 0 0 0 0 0 0 0 0 0 0 0 -4 4 0 0 0 0 0 0 0 0 0 0 2 0 1 0 2 0 0 0 0 0 0 0 0 0 0 0 0 0 0 -4 0 0 0 0 0 0 -1 0 1 2 0 1 0 -2 0 0 0 0 0 0 0 0 0 0 0 -2 0 0 0 4 0 0 0 0 0 0 0 0 2 0 0 0 0 0 -2 0 -2 0 -2 4 0 4 6 0 0 -2 0 -1 0 2 0 0 0 4 0 -1 -2 0 -1 -2 -2 0 0 0 0 0 1 0 0 0 -2 6 2 0 0 0 0 -3 0 0 0 0 0 4 0 0 0 0 2 0 2 0 0 0 -2 2 0 0 2 0 -2 -2 0 4 0 -2 0 0 0 0 4 0 -1 -2 2 2 0 -4 0
-2 2 0 2 0 0 2 4 0 0 0 0 0 13 51 1 0 0 0 0 -2 0 4 -2 0 -4 0 -2 -4 -2 0 0 -4 0 4 0 0 4 -2 4 -4 -4 8 0 2 0 4 0 -6 0 0 -2 0 0 0 0 1 0 -4 0 0 4 -4 0 0 0 0 0 0 -2 0 -3 0 -2 0 8 0 -2 -2 0 0 0 -5 2 1 0 0 0 0 0 6 2 0 0 0 -8 0 4 0 0 0 0 0 0 0 -2 2 4 0 -2 2 0 0 -4 4 0 12 0 -2 0 1 4 -2 0 0 2 2 0 0 -4 0 2 0 0 0 0 -1 0 2 8 4 0 0 0 -4 -2 0 2 0 0 -4 2 -2 -2 -4 6 0 0 -4 0 2 0 0 0 -4 0 0 -4 -4 0 2 2 0 -1 -6 0 0 -1 -4 4 -4 0 0 -5 0 4 0 0 0 0 0 0 4 0 -5 4 0 0 0 -2 -4 0 0 0 -2 3 0 0 0 0 -2 -1 0 4 -2 4 2 0 0 -4 2 0 4 0 0 2 0 2 0 -5 2 2 4 0 4 0 0 0 0 0 0 0 0 0 2 0 -4 0 -4 0 2 4 -2 4 0 0 4 0 -4 0 0 2 0 1 0 2 4 6 0 0 0 0 0 0 0 0 0 0 0 2 -10 4 -5 -2 0 0 0 -4 0 0 0 0 4 0 -2 2 0 4 0 -2 0 -1 0 -4 0 0 0 0 0 8 4 2 2 8 0 0 0 2 -2 4 0 0 0 0 -6 0 0 -4 0 0 2 0 0 2 0 -8 2 0 0 0 0 -2 8 1 -4 4 -2 0 0 3 0 0 0 -2 0 2 0 0 0 4 0 0 4 1 -2 0 0 0 -4 0 0 2 0 0 8 4 0 -2 0 0 -4 0 4 0 0 -4 -2 0 0 2 0 0 0 5 -2 4 -6 0 0 0 0 4 0 -2 0 4 1 0 0 4
0 2 0 8 -1 4 -2 0 0 0 -2 2 0 -1 1 50 -2 -2 0 0 -1 0 0 0 0 3 6 2 -2 0 -2 -1 -5 1 0 1 -3 -4 6 0 0 -2 -2 4 1 0 0 0 2 0 -2 6 2 0 4 0 0 0 0 0 1 1 1 4 0 0 6 -1 0 0 0 2 0 -1 0 4 0 2 -2 -4 0 0 -9 0 0 0 0 0 -2 0 4 0 0 0 0 6 0 -2 0 1 -4 -1 -1 -2 0 0 2 4 2 0 0 0 0 3 3 1 -2 0 4 0 0 -2 0 1 -4 0 -2 1 0 0 0 0 -2 0 -2 0 -2 -3 0 3 2 -4 0 0 -1 -5 0 1 1 0 -2 -2 0 2 0 0 -2 -3 -2 0 2 0 0 0 -2 2 1 3 2 -1 2 0 0 1 0 0 -2 0 0 -1 -3 6 0 2 0 -4 0 2 0 -2 0 0 -2 0 -1 1 2 4 -3 -1 0 2 0 2 0 -2 -4 0 1 3 2 -2 1 0 5 -8 2 0 0 0 2 0 0 0 0 4 0 2 0 -8 0 -1 0 4 2 -2 0 0 -1 2 0 -2 0 1 1 0 -4 -1 0 2 -2 0 0 5 0 0 1 -2 2 -1 0 2 -1 2 0 -4 0 3 -4 0 6 0 0 -2 0 -2 4 0 -3 4 -6 -4 0 2 0 -4 2 0 0 0 -1 -6 -1 6 0 0 -2 -2 2 -4 5 -2 0 2 0 -4 2 0 -1 -2 -4 0 2 8 -4 2 6 2 -2 0 0 -2 4 0 2 -1 0 -1 -2 3 0 0 6 2 0 0 -2 0 0 -2 2 0 4 0 -5 4 6 3 8 2 2 -5 0 -1 -1 0 6 0 2 0 0 1 0 0 2 0 0 0 0 -4 0 1 0 0 2 -4 1 3 1 1 0 6 2 2 0 2 3 -2 0 -2 1 -2 0 -2 3 0 0 0 0 0 0 0 5 1 6 0 2 4 0 0
2 0 0 -2 2 0 0 4 1 0 -3 1 -3 4 0 -2 46 1 0 0 -4 2 2 -2 0 -1 -4 0 2 -1 -2 0 6 0 2 -4 -4 -4 -2 -1 2 0 -2 -2 0 1 4 0 0 -3 0 2 -3 0 0 -2 0 0 -2 0 -4 0 0 -3 0 -2 0 0 -2 3 0 -4 0 4 2 0 0 0 0 0 -4 0 4 0 -1 0 -4 0 5 -1 0 4 0 -4 1 -1 0 -4 0 0 -6 0 0 4 0 -1 -2 4 -6 0 0 0 2 1 0 0 4 0 0 8 -4 -6 -2 1 0 4 1 4 0 -2 0 0 -4 0 4 1 1 -2 0 0 2 0 1 1 0 0 0 -3 2 -1 0 -2 -6 -2 0 -2 -2 0 0 0 0 0 -6 1 -3 0 0 -2 -4 -3 0 -4 1 -4 2 3 4 -4 2 1 0 0 0 -1 -1 0 -4 -2 0 2 8 1 -10 -1 0 0 -1 2 -2 0 0 0 4 1 1 0 2 0 -2 4 -2 -2 -2 0 -2 2 0 2 8 2 4 0 0 0 0 1 -1 0 0 2 -2 0 2 0 0 -4 0 2 0 -5 -6 -1 0 0 0 -1 -1 -2 4 -8 -1 -4 2 1 0 0 0 0 -2 4 2 0 2 4 -6 4 0 1 4 -3 -2 -2 0 -1 0 0 4 -2 0 0 1 0 1 0 -6 -2 2 -4 0 0 2 0 -1 0 -4 0 2 -2 -2 2 0 0 0 0 -4 0 0 2 -2 0 -2 0 0 0 2 3 -1 0 0 -8 0 0 1 0 0 -2 0 -4 0 -6 0 -4 -4 3 0 -3 0 0 0 0 5 1 -4 4 4 2 0 -4 4 0 0 -4 -2 0 -2 -1 -1 4 -1 0 -2 -8 6 0 0 6 0 2 3 0 0 0 0 5 1 0 0 -2 0 0 4 0 -2 -4 0 -4 2 0 -2 0 0 -3 -4 0 0 0 0 0 -2 0 0 0 -6 -2 -6 0 8 -4 0 4
0 0 2 0 0 0 4 2 0 0 -4 0 0 0 0 -2 1 41 -2 -4 -2 -2 0 0 0 -2 4 0 -4 0 0 0 0 4 0 2 0 -4 4 0 2 4 0 0 2 -5 0 0 0 0 0 0 -4 0 0 0 0 4 -1 0 -2 2 -2 0 0 0 0 0 -2 0 -1 -4 0 0 4 0 0 2 1 0 0 0 2 4 -6 0 6 0 0 0 -4 2 0 2 1 -4 0 0 0 0 -2 0 0 -2 1 0 -2 0 0 2 0 4 4 0 0 0 -2 0 0 -8 -2 0 0 4 -4 0 0 0 -1 0 4 0 4 -4 0 0 2 0 -2 0 0 -2 4 2 -4 4 0 0 0 0 2 1 0 2 -4 -2 4 -4 0 0 2 2 -4 1 0 0 0 2 0 4 0 -2 -1 0 2 0 0 0 0 2 -2 2 -1 -5 0 0 -4 2 0 1 4 1 6 0 0 1 0 2 -2 2 5 0 0 -3 -2 -1 0 0 4 0 -1 0 -2 -2 5 -2 0 0 6 -2 0 -2 -4 0 0 2 0 4 -2 0 4 4 0 0 0 -2 0 2 0 0 4 -1 1 0 -1 0 -1 2 0 -2 -3 0 0 -1 3 0 -2 0 4 2 4 0 -1 -4 0 0 0 1 4 2 0 0 0 1 -2 2 0 0 2 2 1 8 1 2 0 0 -2 -2 0 0 -2 0 0 -2 0 4 0 0 0 0 2 4 0 0 0 0 -5 2 0 -2 4 -6 0 0 -2 0 2 0 0 0 0 0 0 0 0 0 0 0 2 -4 2 0 -1 0 -4 0 0 0 0 -6 0 -1 0 0 0 0 0 1 4 -2 4 4 2 2 0 -3 1 0 -6 0 0 2 -2 -4 2 0 -2 2 0 0 0 0 -4 1 0 0 0 2 -2 2 -2 2 0 0 2 0 0 4 1 0 0 -2 4 2 4 0 0 6 0 0 1 0 0 0 0 0 0 0 4 2
0 -1 -3 0 0 0 -4 -8 -2 4 0 0 0 0 0 0 0 -2 46 4 0 0 0 -2 -2 0 0 0 2 0 0 0 4 0 4 4 4 -4 -4 0 -6 4 0 -6 -2 1 -4 0 0 0 0 0 0 0 0 -4 0 0 8 -1 4 -2 0 4 0 2 0 4 2 0 -1 0 0 -2 -2 0 0 0 0 0 0 -2 -3 0 0 0 0 0 0 2 0 0 0 2 -4 -6 -4 4 0 -1 4 0 -4 4 0 0 2 4 0 2 0 5 0 5 0 0 0 2 2 0 4 -4 -2 -5 0 -1 -3 4 0 4 0 0 4 0 -2 0 -6 0 0 -2 0 -1 0 0 -2 0 -2 0 -2 0 0 0 -4 0 0 4 0 2 0 0 0 1 4 0 -4 -2 0 0 4 2 1 -4 0 -1 -7 4 -1 -4 0 0 0 0 1 2 0 1 0 0 0 -3 0 -2 2 0 -2 0 0 -7 4 -1 0 -4 4 -3 -2 0 -4 0 -4 0 0 0 -2 0 0 -8 0 0 -4 0 0 -1 -4 0 0 0 4 2 0 5 0 0 2 0 0 0 4 0 0 0 4 0 -2 4 1 2 -2 0 6 2 2 -4 0 -6 0 6 -2 2 -2 0 -4 -2 6 0 4 0 0 -2 2 -2 0 0 -1 -2 -2 0 0 8 0 0 0 6 -3 0 4 0 0 0 6 0 -2 0 0 0 -4 4 5 2 0 -2 0 2 0 0 -4 0 0 2 0 4 0 0 -4 0 2 2 -2 0 0 4 0 5 0 5 0 0 0 0 0 0 1 -5 0 0 -2 0 0 -2 6 0 -2 -1 0 0 0 0 2 0 0 0 0 -4 2 3 0 2 4 0 0 2 -4 -8 -1 7 0 0 -8 0 4 0 0 1 0 -2 -1 0 0 2 0 4 0 0 1 0 -6 0 2 2 0 0 4 6 0 0 2 0 0 0 4 0 0 2 0 2 0 3 1 0 0 -8
0 0 -3 0 0 -2 0 0 0 0 0 4 0 0 0 0 0 -4 4 39 0 -2 3 1 0 6 0 0 4 0 0 -2 2 0 4 0 0 0 0 0 2 0 -4 -6 -4 4 4 0 -4 0 0 0 0 -4 0 0 0 0 5 0 2 1 -1 1 -5 0 0 0 -1 0 0 0 0 0 -6 0 2 0 0 0 0 2 2 3 0 0 -3 0 0 6 0 -1 0 -8 0 0 -1 4 0 0 0 -4 0 -1 -6 0 -2 -2 0 2 -4 2 0 -6 2 0 0 0 -4 0 1 0 2 10 0 0 0 4 0 4 0 -2 0 8 0 0 0 0 2 0 0 2 0 0 2 0 0 1 4 0 0 -4 2 2 0 -3 -1 1 0 0 -1 0 4 0 -2 0 0 2 0 0 0 0 0 0 0 0 0 4 -4 -1 0 0 -6 0 2 5 4 -4 0 0 0 0 0 0 0 -2 0 0 0 0 0 4 0 3 0 -5 0 0 4 0 0 0 0 -2 -4 -1 2 0 -4 0 -1 0 2 -2 4 0 4 0 1 4 4 -1 4 4 2 0 0 0 0 0 0 0 -2 -1 2 0 0 -2 2 -2 0 -6 0 0 0 2 0 -4 -2 -4 -4 -4 0 2 4 0 0 -4 2 0 0 0 0 0 -2 0 -4 2 2 0 0 0 0 4 2 0 0 3 0 0 -2 -2 0 -2 0 6 4 0 0 0 4 0 0 0 0 0 2 -2 0 5 2 3 -4 4 -2 0 0 0 0 4 5 0 3 2 2 0 -3 -2 -2 0 -7 0 0 0 -2 0 0 0 4 -1 0 -2 -8 0 0 0 2 0 2 -1 -4 -4 -2 0 0 -1 0 0 5 -3 0 0 0 6 -2 0 0 0 0 -4 -4 0 4 2 1 0 0 -6 4 0 2 -2 0 2 0 0 0 0 4 2 4 0 0 -1 8 0 0 -2 0 4 -2 0 0 2 0 1 -4 0 2 0
0 0 -6 4 0 2 4 0 0 6 4 0 0 0 -2 -1 -4 -2 0 0 75 4 4 2 -6 2 -7 0 3 -2 1 6 -4 0 0 0 6 0 6 4 -6 -2 2 2 0 0 -4 4 0 0 0 -4 0 0 2 0 -4 2 -6 4 0 -2 0 4 -4 0 0 2 0 -2 0 4 -10 0 0 0 2 0 -4 -8 4 0 -4 -1 -2 -2 0 0 4 4 0 4 6 5 -2 0 0 3 4 -4 4 4 0 -4 0 0 5 2 0 2 -4 -4 4 0 4 -4 -4 0 6 0 2 0 -4 6 -2 4 -2 4 2 2 -2 0 2 0 0 0 0 4 4 0 8 0 -3 2 -4 1 -2 7 -4 -3 0 0 5 1 2 -6 2 4 6 2 0 2 2 0 0 5 0 -2 2 0 2 0 -2 0 0 6 3 -2 0 0 2 0 6 3 -4 2 0 0 2 -2 0 0 0 0 0 -8 4 0 -2 0 0 -2 4 -4 -4 0 -2 -4 1 8 -1 0 0 -3 -5 0 4 4 4 2 0 0 -2 2 0 -2 0 0 0 0 0 0 -2 -5 0 0 2 6 2 4 6 0 0 -6 -1 0 0 -4 4 3 2 2 0 4 0 0 0 3 -2 -2 6 -2 1 -2 -2 2 -2 0 0 -2 2 0 -8 6 0 0 0 0 0 -4 1 0 -4 2 0 0 0 0 0 4 -2 0 -2 6 0 -1 0 0 -4 2 0 0 4 -4 2 4 2 0 2 -2 2 0 0 -2 4 2 -4 0 -4 0 0 2 -2 -1 4 -2 0 4 -2 -2 0 0 2 0 0 0 0 4 -2 7 0 2 4 -6 -2 10 -4 -6 1 0 4 0 0 11 0 1 -2 -5 0 -2 0 -4 0 -4 0 0 4 4 -5 0 -2 4 0 0 0 0 0 4 4 -2 0 0 -2 -4 0 0 -1 0 2 2 5 0 4 0 0 -8 2 0 0 6 -2 0 1 4 5 0 3 2 -3 -2
0 0 4 -4 0 2 4 4 -1 -2 1 0 2 0 0 0 2 -2 0 -2 4 68 -4 0 0 -16 0 -4 2 2 -2 0 0 -4 -2 0 -4 0 0 0 0 0 2 2 0 0 0 0 0 2 2 0 0 0 2 -1 4 -1 0 0 -1 0 -2 0 0 2 2 0 2 0 2 0 -4 -1 4 -4 0 4 0 0 -4 3 -4 0 1 -2 -2 0 3 0 -7 0 2 0 0 0 2 0 -1 0 4 0 0 2 4 2 -5 0 -1 2 -4 -5 0 4 0 -4 2 -4 -4 0 0 1 0 2 -2 0 4 1 -6 2 0 0 0 -1 -5 -2 0 0 0 5 4 -4 -4 -4 0 -1 -4 0 5 8 0 -2 -2 0 0 -2 0 0 4 -2 2 0 0 -4 0 0 -2 -2 0 -10 0 0 4 0 1 -1 0 4 0 2 4 0 2 1 -2 1 -2 -10 0 2 0 4 -1 2 0 8 4 4 -6 4 0 3 4 -3 -1 5 4 -2 -1 0 2 0 0 0 0 0 6 2 -1 0 0 -1 0 -4 0 -4 2 0 0 -4 0 0 0 0 1 0 0 -2 5 0 -2 0 0 0 4 0 2 -4 0 -1 -2 0 2 0 -3 -2 0 10 -1 0 4 0 2 -2 0 -2 0 -2 3 0 0 0 -2 0 4 -2 0 0 2 0 2 -8 4 -2 -4 1 2 -4 2 0 0 -2 -2 0 2 0 5 0 0 2 -2 0 -4 0 1 4 0 -5 3 2 2 -4 6 -6 0 -2 -4 4 4 0 0 0 6 -1 4 -4 -1 3 -2 -4 7 0 0 0 0 -4 0 0 0 0 0 2 -4 2 6 4 0 2 3 -6 1 -3 0 0 -4 0 0 0 2 0 -4 -2 0 2 -4 1 8 1 0 0 6 2 0 0 0 0 0 0 0 0 -4 4 4 -1 4 -2 0 4 -8 4 6 0 0 2 0 2 -2 -4 0 0 -7 2 -4 0 0 0 -5 -4 4 -4
0 0 1 0 8 0 -2 2 0 0 4 0 2 1 4 0 2 0 0 3 4 -4 44 4 -2 1 0 0 0 0 0 2 0 4 4 1 0 -4 0 0 0 0 0 0 1 6 0 0 -2 0 0 0 0 0 4 0 0 0 -5 2 4 0 -4 -2 4 0 2 0 4 0 0 -2 0 0 -4 -3 0 0 0 0 -2 0 2 2 -8 -3 9 0 -2 0 0 -2 -2 -2 0 -4 0 0 0 0 0 4 0 0 0 0 -2 0 0 4 0 2 0 4 0 0 6 0 4 -2 0 -2 0 4 0 0 0 2 -4 -2 0 -8 0 -4 0 0 -4 5 2 0 0 2 -10 0 -12 0 0 0 0 0 -2 0 4 0 0 2 -5 4 6 0 -6 -2 0 0 0 0 4 2 -2 0 -4 0 0 2 0 0 0 -2 0 9 0 2 0 4 0 2 0 -4 -2 0 0 0 0 0 -4 4 -2 0 -6 0 0 0 2 2 0 -5 -2 0 0 0 0 0 -2 -4 0 4 0 3 2 -2 0 2 0 0 0 2 0 0 0 2 -2 0 0 0 0 0 -1 4 -2 0 2 4 -4 0 -6 0 0 2 0 -7 -2 -2 -2 2 0 4 4 0 1 4 -2 0 -4 0 0 0 0 0 2 0 0 4 0 0 2 0 0 0 2 -2 -2 0 0 2 2 0 0 -7 0 0 0 -4 4 0 0 0 -2 0 0 0 -1 0 -2 0 0 0 0 -2 0 0 0 6 2 0 0 0 0 1 0 0 -4 0 3 0 0 0 0 0 0 -2 1 0 0 0 0 0 -2 0 0 0 8 -4 -2 0 0 0 0 -2 0 0 -1 -2 4 -4 -4 0 0 0 0 0 4 0 2 -4 2 4 0 -2 1 0 0 0 0 2 2 4 -4 4 0 -2 0 0 0 0 0 -2 0 4 2 -4 0 0 -6 -4 0 0 0 0 0 0 -2 0 0 -2 0 0 2 0 2 2
0 0 0 4 2 0 -2 0 0 0 2 -1 0 -1 -2 0 -2 0 -2 1 2 0 4 48 -2 0 4 0 -4 -1 0 8 -6 3 1 1 -2 -3 -4 4 0 -2 0 0 0 8 -2 -2 0 0 0 0 0 0 1 0 -2 0 -1 -4 0 0 0 -1 1 -2 -2 0 -2 2 4 0 0 1 0 4 0 0 -1 1 1 0 0 0 -9 -2 -2 -1 0 4 0 0 0 3 0 0 1 0 0 2 0 0 0 -1 0 -2 1 0 -4 0 6 0 0 0 -4 -1 0 2 0 -2 0 2 -6 -1 -2 1 -4 4 -2 0 0 0 -3 2 4 0 0 4 6 0 -2 0 -2 0 2 1 0 -3 0 -4 -2 0 1 1 1 -3 3 2 3 2 0 -2 0 2 -2 3 1 4 2 -4 0 6 -8 0 2 -1 -3 0 0 2 2 0 0 0 0 2 4 -4 -2 -4 -4 0 -4 0 0 0 0 0 0 -2 -2 -2 0 -2 2 0 -1 0 1 2 4 2 0 -1 2 0 -4 2 0 2 -1 2 0 0 0 0 0 -1 0 4 0 -1 -2 -1 0 2 0 -5 0 -2 -5 0 2 0 6 4 0 4 2 -5 1 0 0 -1 0 0 -2 -4 0 0 -2 -1 9 0 -2 -6 -2 0 0 0 2 3 0 0 -12 -1 0 4 -4 -4 2 4 0 1 0 2 0 0 0 0 5 -2 0 0 1 1 0 8 0 -4 -2 0 2 4 2 -4 -4 0 0 -2 4 0 0 -2 0 2 2 0 -2 -3 1 2 -12 0 0 0 0 0 -1 -2 4 2 -2 2 0 2 0 4 7 -2 6 0 -1 0 0 4 -1 -2 0 4 -4 0 -2 -1 -3 0 -4 -3 0 2 2 2 0 4 4 -4 -1 6 0 0 -2 -1 0 0 -2 0 0 0 0 -6 0 -2 1 0 0 0 -4 0 14 0 0 0 0 -2 0 -2 -2 2 0 1 0 -2 1 0 0 0 -4 0 1 -2
0 4 -1 -4 -4 -4 -2 0 0 2 0 0 0 0 0 0 0 0 -2 0 -6 0 -2 -2 45 0 0 0 0 0 2 -4 0 -2 0 0 0 0 0 0 -4 1 -1 5 0 1 0 -2 0 4 -1 0 -3 0 0 0 0 1 1 -3 0 8 0 1 0 2 0 0 4 0 0 0 2 -4 5 0 -2 0 2 2 0 0 0 0 6 3 0 0 0 -10 -2 0 6 -2 2 0 0 -2 0 0 0 0 0 0 4 0 -5 0 0 0 0 2 0 0 1 0 1 0 0 0 -4 0 0 -4 0 2 1 0 0 0 0 0 -1 0 4 0 0 0 4 0 0 2 -1 0 -4 -2 0 4 4 -2 0 4 0 0 0 0 0 0 -1 0 1 0 2 0 0 4 -4 -2 0 0 2 -1 -4 0 8 2 4 2 0 4 0 0 -2 2 0 0 0 2 1 -2 2 2 0 0 0 0 -1 0 0 0 0 -4 0 0 -1 0 2 -1 4 -3 0 0 -6 -4 0 1 0 0 -8 -1 0 0 4 -2 0 0 0 0 0 0 -6 -4 4 -4 -2 2 1 -4 0 -4 0 -1 0 4 2 0 0 -2 0 0 0 0 0 0 0 8 0 2 -4 -4 0 -2 -2 -4 -4 0 0 -3 0 0 0 -1 -4 0 4 0 0 0 4 0 0 6 -2 0 0 0 0 0 0 -2 0 2 0 0 0 4 4 0 0 2 0 0 0 1 0 -2 1 0 0 2 -2 -4 0 4 0 0 4 0 1 0 0 4 2 2 4 0 1 0 4 -4 0 0 0 1 0 2 0 0 0 2 -2 0 -2 -2 1 0 0 0 -2 0 0 2 0 0 2 -2 0 -2 0 0 -2 0 2 0 0 0 2 0 4 0 3 0 0 0 6 0 0 -2 0 0 0 0 0 0 -2 0 0 -4 2 0 0 0 0 2 0 0 0 -4 -6 0 4 2 0 -2 2 -4 -2 0 0 0
0 0 -2 2 0 0 -4 -4 -6 0 0 2 0 -4 -4 3 -1 -2 0 6 2 -16 1 0 0 44 0 4 2 -1 0 0 -4 0 4 1 0 0 2 0 -1 0 0 0 1 2 0 0 4 -1 2 0 0 0 0 0 -4 0 4 0 0 -4 -1 0 0 0 2 0 0 -1 0 0 0 0 -4 -1 0 0 0 0 0 0 -2 0 0 -1 -4 0 0 0 2 0 0 0 0 2 -4 2 -4 0 0 0 4 0 0 -4 0 0 0 2 -4 0 0 -4 -2 2 0 -4 -4 0 0 -4 2 6 0 0 0 0 0 0 -4 0 -4 0 0 0 0 0 0 1 0 0 0 0 0 0 0 0 0 -7 -2 -10 0 1 0 0 2 1 0 0 0 0 2 2 1 0 0 -1 0 1 0 0 1 0 0 0 0 0 4 3 0 4 -2 0 2 0 0 -6 0 0 0 -4 0 -4 0 -2 5 0 2 0 0 0 0 2 0 0 0 0 -4 0 0 0 2 -4 -2 2 -2 -2 -2 -4 0 0 4 -4 0 0 -1 0 0 -6 0 0 0 0 0 -1 0 -4 -4 -4 0 0 0 0 0 0 1 -4 0 0 2 0 0 2 0 0 0 -4 1 0 0 0 -4 0 -4 0 -4 0 -4 0 2 4 0 0 -4 2 -4 0 -2 0 2 0 0 0 0 0 -8 -10 0 0 0 2 0 -1 -6 0 -4 0 0 4 -1 0 6 0 0 0 0 0 -5 -2 2 0 0 0 0 -2 0 1 -4 0 2 0 -4 0 -4 6 0 0 0 0 -8 0 0 0 0 1 -2 0 0 2 0 0 0 -4 -4 -4 2 -5 0 0 -1 0 0 0 2 0 -1 6 2 0 4 0 2 0 0 0 4 2 2 -4 -4 -2 2 0 0 0 0 0 0 -2 0 -1 0 0 0 0 0 0 1 -2 2 -5 0 0 0 0 0 -2 4 0 4 -2 0 0 4 -2 -2 0 0 0
0 4 8 2 1 2 -2 0 0 0 -2 0 6 0 0 6 -4 4 0 0 -7 0 0 4 0 0 77 0 2 4 2 -10 0 0 -6 4 0 -2 4 0 -6 0 -2 2 0 -2 -4 -4 0 2 0 -1 4 0 -2 0 0 -1 0 -4 0 0 -2 0 -2 0 0 4 -4 10 2 0 -3 -2 0 -4 0 0 -2 0 0 -1 -2 -1 -2 0 -2 5 3 0 -4 0 0 2 -1 0 0 0 0 0 -1 2 0 -1 4 -2 -2 0 4 2 2 -2 4 -2 1 0 0 4 0 4 -4 -2 2 0 5 0 0 2 6 -2 0 4 4 4 -2 -2 -2 2 0 -1 -2 -8 0 4 0 -2 -1 2 0 2 -1 2 0 2 0 6 0 -4 1 0 0 -1 -8 0 0 -8 -2 0 -4 4 4 2 8 0 0 0 -4 0 0 4 -6 4 1 -2 4 0 4 0 0 4 -2 0 2 0 -2 0 2 1 2 -5 -3 5 4 2 2 2 0 -2 -1 2 -2 6 4 -2 -1 0 0 -1 3 2 0 0 2 -8 -2 0 2 4 -6 2 4 0 2 0 4 -1 -4 -4 4 -2 4 0 3 6 2 -4 2 -1 6 0 -2 2 2 -1 4 -2 0 -4 4 0 -8 -2 0 -4 -4 0 -10 0 0 0 0 0 2 2 -1 2 4 2 1 8 0 2 -2 0 0 2 2 0 1 0 -1 -1 0 0 4 0 2 4 2 -6 2 0 -4 0 0 -2 2 0 0 0 4 -1 0 -2 0 -2 2 0 0 6 -2 0 4 3 3 0 0 4 -2 0 0 4 1 1 0 2 3 0 4 2 0 0 0 0 -2 4 0 0 0 0 0 0 -2 -2 0 -4 -4 4 2 -2 4 2 -2 4 0 1 0 4 -4 2 -2 -4 -4 -2 4 0 1 0 0 -6 0 4 0 4 0 4 0 2 5 0 0 0 4 0 -2 0 0 0 4 8 0 2 4 0 0 4 2 8 11 0
0 0 -4 0 -2 0 0 0 0 -2 0 4 0 -4 -2 2 0 0 0 0 0 -4 0 0 0 4 0 35 1 0 0 0 0 0 0 0 0 0 4 0 4 0 0 0 0 0 -2 0 4 -2 2 2 0 0 0 0 0 -1 0 0 4 2 0 0 2 2 -4 0 0 0 0 0 0 6 -4 0 0 -4 0 -4 0 0 0 0 0 4 4 0 0 0 2 0 0 0 0 -1 -4 2 0 0 -2 -4 0 0 0 0 0 -2 0 0 0 0 -1 0 0 -5 -2 2 0 0 0 -4 8 0 0 0 0 3 0 0 0 0 -4 0 -4 0 2 -4 0 -2 0 0 4 0 0 0 -4 -4 0 0 2 0 0 4 -2 0 0 0 2 0 0 0 0 2 0 6 8 0 0 0 0 0 0 0 0 0 0 0 -2 0 0 0 0 0 2 0 0 0 0 0 -4 0 2 1 6 -4 2 -4 0 4 -2 0 0 0 4 2 0 0 0 4 0 4 0 0 0 4 0 0 0 0 0 0 0 0 0 -2 6 4 -2 0 0 2 0 10 0 8 0 0 0 0 0 0 0 4 4 0 0 0 2 4 -2 0 0 -2 -2 0 0 0 -2 0 2 2 0 0 2 0 -4 0 4 0 0 0 0 0 0 2 0 0 -2 0 -1 0 0 0 -1 2 -4 0 0 -2 0 0 0 0 -2 0 4 0 0 0 1 2 0 4 0 0 2 -4 0 -2 0 0 0 0 5 0 0 4 0 1 -2 0 0 0 -4 0 -2 0 0 4 -4 1 0 -4 -4 0 0 0 1 0 0 0 0 2 -10 0 -6 0 0 0 0 -1 0 0 4 0 2 0 4 0 0 2 4 8 4 0 0 0 0 0 0 0 0 0 0 1 2 0 -2 5 2 0 0 0 -2 -4 0 4 -2 0 0 0 2 -2 0 0 0 0 0 0 4 0 0 8 0 0 -2 1 4 0
2 -2 2 0 -2 4 -2 8 -2 0 -5 0 4 0 -4 -2 2 -4 2 4 3 2 0 -4 0 2 2 1 56 -1 0 0 0 0 -4 -8 0 0 -2 0 0 6 6 6 0 6 2 3 0 -6 0 4 2 0 0 0 0 0 0 4 2 0 0 2 0 0 0 0 0 0 0 2 0 3 -4 2 -4 4 4 -1 0 6 0 0 2 4 -2 1 0 0 -2 0 2 -1 2 0 -6 2 0 -2 -1 0 -2 4 -4 0 -4 0 0 -2 0 0 0 6 -4 0 2 2 0 0 0 0 4 2 0 1 0 2 0 0 0 -2 0 0 3 0 0 0 1 -4 0 -12 0 0 0 1 0 0 0 0 1 0 0 3 0 -2 0 -2 1 0 0 0 4 0 2 3 0 -2 2 -2 0 -4 0 2 4 2 0 0 2 0 2 0 0 -1 0 -2 2 0 0 2 0 0 2 -2 0 -4 -2 0 4 1 4 4 0 4 0 0 0 -4 0 0 0 6 -6 2 -4 0 0 0 0 1 -2 0 0 -1 4 -2 -4 0 0 -4 0 0 -4 2 -4 -2 0 0 -4 0 2 -2 0 0 -4 -4 0 0 0 0 -4 0 0 -6 4 -2 -4 0 -3 -4 1 2 -2 0 0 0 0 2 3 -4 0 -1 2 2 4 3 0 0 2 -2 3 0 0 1 -3 0 0 -3 0 1 0 2 -4 -5 6 0 0 0 -4 0 -4 -2 0 0 3 0 0 0 -2 0 2 0 0 -2 -4 2 0 -4 1 -3 2 -4 0 -4 8 -2 -2 4 -4 0 -2 0 2 2 0 2 -6 -4 0 -4 0 0 -2 0 6 -4 0 0 -2 0 -4 0 0 6 -4 -5 2 4 5 -4 4 0 0 1 2 -4 0 -2 0 0 0 2 4 0 -2 -2 0 -2 0 -2 2 2 0 -4 -2 0 0 2 -2 0 4 0 4 0 0 0 2 -6 -1 0 0 -2 1 1 -1 3 4 -3 4 2
2 0 0 -4 0 0 2 4 0 2 2 0 -4 -2 -2 0 -1 0 0 0 -2 2 0 -1 0 -1 4 0 -1 47 0 -2 4 3 2 0 0 0 0 0 4 -2 -1 0 0 0 0 1 0 1 0 1 2 0 0 0 2 1 0 -1 0 0 0 0 -2 0 0 3 0 -2 0 2 -1 -2 0 0 -2 0 -2 0 2 0 -4 2 2 0 0 -1 -4 0 4 0 0 1 2 0 -4 0 0 0 -2 0 0 0 -2 6 0 -4 0 2 0 0 2 -1 -2 -6 2 -2 0 0 0 0 1 0 -3 0 4 0 -5 -4 1 0 2 2 -1 -4 4 0 0 2 0 0 0 0 2 1 0 0 -4 2 1 -4 -2 0 0 4 -2 4 2 2 2 -4 -1 6 -2 -8 -3 1 2 -1 0 -2 0 -4 0 -2 2 -4 0 -3 5 0 0 -6 0 0 0 2 0 0 -4 0 -2 2 0 2 0 0 -4 0 0 -4 0 0 0 5 0 0 -2 -2 0 -4 0 2 -2 -2 0 0 -4 -3 -2 -2 0 0 0 4 1 -4 -2 2 0 -2 0 0 0 0 -1 0 0 -2 2 0 2 1 0 0 -1 0 -4 0 -2 -2 2 0 4 0 0 -4 1 0 -4 4 0 2 -2 0 2 0 -1 -2 0 0 0 0 0 1 0 0 2 -2 0 2 -4 -2 0 0 0 0 0 0 -6 -3 2 0 1 -1 0 2 0 8 0 -1 -2 0 -4 -2 -2 0 -1 2 0 0 -4 -3 0 0 0 1 0 1 0 0 1 0 0 4 4 -2 0 0 2 0 0 0 0 -1 -4 0 0 0 0 0 0 0 0 0 0 0 -1 -6 0 -8 -4 0 0 -2 1 0 0 0 0 4 -8 0 0 0 0 -2 0 4 0 -7 6 0 0 0 0 3 0 4 0 -1 -4 0 8 0 0 0 -2 -2 -2 1 0 1 0 1 2 0 4 0 0 0 -4 0 -2 0 0 1 2 2
1 0 0 1 0 -2 0 0 0 4 0 0 0 0 0 -2 -2 0 0 0 1 -2 0 0 2 0 2 0 0 0 41 -2 0 0 0 4 2 0 0 0 0 0 0 0 -2 0 0 -2 0 1 -2 0 -2 4 -2 0 0 7 -2 2 -4 0 -2 -3 0 0 0 -4 0 2 0 0 0 0 2 0 0 0 0 0 2 4 0 0 0 0 7 0 -4 -2 0 0 4 0 0 0 0 1 0 0 0 1 0 -2 0 4 0 -4 0 0 0 -2 -2 0 0 -4 0 2 4 0 5 -4 2 0 0 0 -2 8 0 0 0 0 8 6 0 0 0 4 8 6 0 0 1 -2 0 1 0 3 -6 4 0 4 1 0 4 0 0 4 0 -2 -4 -4 6 0 0 0 0 4 0 0 -6 -4 0 0 -2 4 0 0 0 0 -2 0 2 0 0 0 6 0 0 0 -4 0 0 0 0 0 4 0 4 -2 0 0 -2 0 2 0 0 0 0 0 4 -2 0 0 -2 0 0 0 0 4 0 4 2 -1 0 2 2 2 0 0 4 0 -2 0 -4 0 0 -2 1 1 0 0 0 -2 1 4 0 0 0 0 0 0 0 0 0 0 0 5 0 0 -2 0 0 0 0 0 0 -2 2 0 0 5 -8 4 0 0 -4 0 -2 0 5 -2 -2 0 1 2 0 0 2 -2 0 0 0 0 0 0 5 0 -2 -2 -5 0 0 0 0 1 0 -3 0 0 0 -2 0 0 4 4 0 0 0 -2 -4 -4 1 3 0 0 2 5 10 0 0 4 2 0 -2 0 0 0 0 -4 0 -1 0 0 3 -1 -4 0 0 0 0 0 0 0 -2 -1 0 0 -2 0 0 -4 -1 0 0 -4 0 0 4 0 4 -6 0 -2 0 2 0 2 4 0 -2 0 4 2 -2 0 2 -4 -3 -4 4 -1 0 0 1 -2 -4 2 2 0 0 0 -2 0 2 0 4 0 7 -2
0 -2 -6 0 5 4 1 -2 -2 0 0 0 0 0 0 -1 0 0 0 -2 6 0 2 8 -4 0 -10 0 0 -2 -2 56 5 4 -3 0 1 0 0 -2 0 -2 0 2 4 8 0 4 4 0 4 -2 0 0 -4 0 0 -2 -2 4 4 0 0 -2 0 0 -1 -2 2 -2 0 0 0 0 -6 -3 -1 0 4 1 -2 -4 0 3 -4 3 2 0 -4 4 2 0 0 0 4 0 4 1 -4 0 2 -2 2 0 -2 0 0 -2 2 0 0 0 0 -2 -4 0 0 0 0 -2 -2 0 5 0 -2 0 0 0 0 1 1 0 0 0 4 0 2 -2 2 -2 0 0 2 0 2 0 4 -8 2 -2 -2 -2 2 4 0 -2 0 2 -2 -4 -6 1 2 0 -2 4 0 -2 0 0 0 2 -2 0 -2 2 1 0 0 -3 0 0 4 -3 0 2 4 -4 -6 -2 2 0 0 0 1 0 -2 -2 2 0 0 -4 0 0 2 2 4 0 -8 4 4 -8 2 0 0 0 0 2 1 6 0 -2 -4 0 1 0 0 0 0 -2 -2 -2 0 -1 -6 0 2 4 0 -4 -2 0 0 2 -2 0 6 -4 -2 4 0 2 0 1 -4 -2 0 -6 -4 -4 2 -2 5 0 -2 -4 4 -4 0 5 -2 0 4 0 2 0 0 4 2 -4 6 1 0 6 0 0 -2 3 0 0 4 4 0 0 0 -2 0 -3 0 0 -2 0 4 0 -2 0 0 0 1 -4 4 -2 -4 -4 0 0 0 0 2 -2 0 1 -2 -2 0 -2 -2 4 -8 0 -4 2 0 2 0 2 0 0 0 2 0 4 0 0 0 2 0 0 2 0 -4 0 2 0 -3 2 0 2 2 0 4 0 -1 0 0 -4 0 0 2 0 0 2 -2 0 2 2 0 3 0 0 0 0 0 0 2 0 1 0 0 2 4 0 0 0 0 -2 2 -6 -2 4 0 0 -2 0 0 -4 0 -4 -2 0
12 0 4 0 3 0 -4 0 -4 0 -4 0 0 -4 -4 -5 6 0 4 2 -4 0 0 -6 0 -4 0 0 0 4 0 5 75 0 0 0 -4 0 -4 -2 4 6 -6 0 0 2 0 0 0 0 0 0 -3 -4 0 0 2 0 0 2 4 0 2 0 0 0 5 0 2 2 -2 8 4 5 8 -2 0 0 0 8 -2 0 0 1 6 0 -2 0 0 4 0 0 -5 -3 4 -8 2 2 0 0 4 -2 -4 2 0 -2 1 -1 -4 2 0 -2 0 2 -1 0 4 0 -4 -1 -4 0 2 -4 -2 0 4 -4 5 2 -4 2 8 -2 4 2 0 0 -5 0 4 0 -3 -1 -4 0 0 0 4 6 0 -4 2 7 -2 10 -10 -3 4 0 0 -1 0 2 -2 0 3 -6 -6 2 -2 -2 8 0 0 -1 0 -1 0 0 2 2 3 0 -2 6 4 -2 -2 6 8 -4 0 2 1 0 -2 0 2 -2 -4 0 0 -6 2 3 0 8 -4 12 0 -2 0 0 -2 0 0 -4 4 0 2 -4 0 9 0 0 2 4 0 2 0 0 -4 0 -6 0 0 -2 0 0 3 0 2 0 -1 0 0 -12 -2 -2 -2 -4 0 -3 0 0 0 0 -4 0 4 -2 -10 6 0 0 6 -4 0 0 0 -4 0 1 4 0 -2 0 0 0 0 4 0 4 0 2 0 0 0 0 -1 0 4 0 2 -2 0 -10 2 4 4 -3 0 -4 -1 4 -3 0 -1 0 4 0 0 -10 3 -4 -4 0 0 0 -2 0 8 0 3 -2 0 0 2 0 -5 -6 -1 0 0 0 0 0 8 -2 2 4 -4 4 0 -5 -2 1 -2 0 -2 0 4 0 -3 0 0 -2 0 4 0 -2 -4 0 -6 2 2 -4 8 -2 0 0 -2 0 2 0 0 1 4 1 0 4 -8 2 -4 0 0 0 -8 0 4 -2 0 0 -4 0 2 4 -2 0 -2 0 -4 0 -2 2 4 0 0 -4
4 0 0 -2 0 4 2 0 0 0 -8 -1 0 0 0 1 0 4 0 0 0 -4 4 3 -2 0 0 0 0 3 0 4 0 38 -4 -4 4 0 2 0 1 4 0 0 0 6 0 0 0 0 -2 4 0 0 0 2 0 4 -2 0 -2 0 0 -2 -4 2 -2 2 0 0 2 -1 0 0 -2 0 0 0 -1 -4 2 0 0 1 -6 -2 0 -2 -2 0 -1 2 -2 3 0 -4 0 0 -2 0 0 0 -2 -2 0 2 -2 2 -2 0 0 -2 8 2 0 -2 0 -2 0 4 2 -4 0 0 0 0 0 0 4 0 4 0 0 -4 0 0 4 0 -2 0 2 6 2 0 0 0 2 4 -2 0 0 0 0 0 0 4 -1 0 2 2 -2 4 0 -8 0 0 -2 3 0 -2 -3 2 -2 -1 0 2 4 -2 0 0 4 0 0 0 0 0 -1 0 -2 0 4 0 4 0 0 0 -4 -2 -4 -10 -4 0 0 0 -2 0 -4 0 0 -2 0 -2 -2 -4 -2 0 0 0 -4 2 0 -2 0 0 0 -1 2 0 -2 -2 0 3 0 0 0 0 0 -4 -1 0 0 0 8 0 2 0 -4 4 0 4 0 0 0 4 -2 4 0 0 4 0 4 1 0 4 0 4 -4 0 0 0 6 0 -2 0 0 -2 0 0 0 0 0 4 0 -4 0 -2 1 -1 8 0 0 0 -4 0 1 0 0 0 0 2 1 2 1 0 0 0 0 0 0 0 0 2 0 4 0 6 0 -4 0 -3 0 -2 -8 0 0 -2 2 0 0 0 -2 -8 -4 -2 0 4 -2 0 0 0 4 0 0 0 -4 0 0 0 0 -2 4 -1 0 0 -4 6 -4 -6 -2 0 4 1 4 0 -4 0 0 2 0 -2 0 -4 0 -2 0 0 0 0 0 0 -2 1 0 -2 0 0 -4 0 4 0 0 -4 0 -1 0 0 6 0 -1 0 0 0 2 0 0 0 2 0 0 0
0 2 -4 0 2 -2 -2 6 1 0 6 0 -2 0 4 0 2 0 4 4 0 -2 4 1 0 4 -6 0 -4 2 0 -3 0 -4 50 4 -4 -4 0 0 -1 -8 0 -9 0 0 4 -2 4 0 -2 0 0 0 0 0 2 0 3 -6 4 0 0 4 -2 0 0 0 4 0 0 0 0 0 0 4 0 2 2 -4 2 0 0 0 2 -4 0 3 -2 0 3 0 -2 0 0 0 0 4 4 0 0 0 -2 -2 -2 0 0 0 -1 0 -2 0 0 -4 -8 0 0 0 0 0 2 0 5 0 0 0 0 2 -2 2 0 0 -2 4 0 -3 0 0 0 4 0 2 0 0 0 0 0 2 -4 0 2 -2 4 0 0 4 1 0 4 0 0 -3 4 -2 -4 0 0 0 0 -2 0 1 -2 4 -2 0 2 0 0 3 0 0 0 1 -6 0 0 0 -4 0 0 -2 -1 0 0 0 2 0 0 4 -4 6 -4 2 0 0 0 0 2 0 -1 3 1 0 0 0 -1 1 1 0 2 0 4 0 0 0 4 -2 -4 2 0 0 3 2 5 0 0 4 -4 -6 -2 2 -4 0 0 -2 -2 0 0 -4 2 -4 0 2 7 -3 2 5 -2 0 0 -1 0 -4 0 0 4 0 2 0 -2 -2 0 2 -4 0 -2 0 -8 6 2 0 0 2 0 -1 -4 -6 0 1 2 -4 4 -2 0 4 -2 0 0 4 0 -8 0 -4 4 0 0 -2 0 4 -2 0 -4 0 0 0 -1 0 0 -1 0 -2 -4 0 -2 0 2 -4 -2 0 -1 2 1 0 0 0 0 0 8 0 0 0 2 0 -4 2 2 0 0 0 0 0 0 0 0 0 3 2 0 0 2 -1 2 4 2 0 4 -1 0 0 0 -1 2 0 0 2 0 -4 0 -2 0 0 -3 0 4 -2 0 -2 -2 -1 4 -4 -2 -4 0 0 -4 4 4 0 0 0 0 0 -2 0 0 0 0 0
0 0 5 1 0 0 0 -7 -1 0 0 -2 -2 -1 0 1 -4 2 4 0 0 0 1 1 0 1 4 0 -8 0 4 0 0 -4 4 44 -2 -1 4 0 0 -4 0 0 1 0 0 0 0 4 -2 -4 0 4 0 0 0 0 -4 0 1 0 0 -4 0 0 0 0 0 0 0 1 0 -4 2 -4 0 2 -2 0 0 -4 0 -4 1 -1 2 0 1 0 0 4 -2 -2 0 0 0 -4 0 0 -2 2 0 0 4 0 4 0 0 2 0 2 0 2 -1 0 0 0 0 0 1 -4 0 2 0 0 -2 0 -2 0 0 4 4 4 -4 0 -4 0 4 0 0 0 -2 -2 0 -2 0 0 0 0 3 -2 0 -2 -1 0 0 -5 0 -2 0 -1 0 4 -6 0 0 0 0 0 0 4 0 0 -4 1 0 0 0 1 0 6 0 4 -1 0 0 0 0 0 -4 -2 2 0 0 2 0 -4 1 -1 0 0 0 -2 0 0 -4 0 -4 0 -2 0 1 -2 0 1 0 0 -8 0 0 0 0 0 0 2 0 6 -4 3 4 0 4 0 0 0 0 1 0 0 0 4 -4 0 -4 0 0 0 0 0 0 0 0 -2 -2 0 1 0 3 0 0 0 0 -4 0 0 4 -2 -4 0 0 -2 -2 -4 4 3 -2 0 -1 0 2 2 -2 2 0 -4 0 0 -3 1 3 0 2 2 0 0 4 1 2 0 1 0 0 0 0 -4 -2 0 2 -1 0 0 2 0 1 4 0 5 0 2 0 0 0 0 0 0 0 0 -2 2 0 4 4 0 0 4 0 0 1 1 -2 0 0 0 0 0 -1 -2 0 1 7 -2 0 -5 0 1 8 -1 0 -1 0 -4 -4 0 6 0 0 0 0 -2 4 0 2 0 0 0 0 -1 1 -1 0 -8 0 -1 4 0 0 -3 -4 0 4 3 2 4 0 0 0 0 -6 2 0 0 0 0 2 -4 0 0 -6 4
0 0 -8 0 0 1 0 0 -8 0 0 0 0 2 0 -3 -4 0 4 0 6 -4 0 -2 0 0 0 0 0 0 2 1 -4 4 -4 -2 51 0 2 0 -6 2 -2 0 0 -2 0 4 0 -2 -2 -6 0 0 0 0 2 0 8 0 2 0 4 4 -4 0 0 0 -4 -8 0 0 -2 0 0 -4 0 1 0 -4 0 2 0 0 -2 -4 0 0 -2 2 0 0 0 -4 0 0 0 0 0 0 0 -3 0 0 0 2 2 -6 6 0 0 0 0 2 0 4 0 -4 2 -2 8 0 -2 0 -2 2 -6 2 4 4 0 -4 0 0 0 0 0 0 -1 -2 -4 0 2 0 4 0 2 4 0 0 0 4 2 0 2 8 2 0 0 0 -2 0 0 0 2 0 1 0 0 0 0 0 0 0 -2 1 -1 -4 2 0 8 0 2 0 4 0 0 0 0 0 0 0 0 0 0 -4 -1 -2 4 4 2 -2 4 0 -6 0 0 2 2 -4 0 2 0 -4 -6 0 -4 0 -4 0 0 0 0 8 0 0 -4 0 0 0 0 0 4 0 0 -2 0 -6 0 0 6 2 4 4 0 2 -4 0 0 4 -2 4 0 4 0 0 0 0 2 0 4 0 -4 -1 0 -4 4 0 0 5 0 4 2 4 0 0 0 0 -2 0 0 0 0 2 0 0 0 1 0 -2 0 0 0 1 0 0 4 1 -4 -4 -4 0 0 0 -4 4 2 4 0 0 0 0 0 0 8 0 -2 -4 -1 -4 0 0 2 0 4 0 2 14 0 0 0 -4 0 0 0 0 0 0 -6 0 -2 0 0 -2 6 2 2 0 0 0 0 0 2 4 0 0 0 0 -2 4 0 0 0 -2 0 0 -4 0 0 4 0 -4 4 0 2 0 0 4 0 14 0 6 6 -2 0 0 4 0 2 -4 0 0 2 0 0 -2 -2 0 2 -4 -3 0 2 0 0 0 -5 0 0 4
2 0 -2 -2 -2 -4 0 -2 0 0 0 -2 0 0 4 -4 -4 -4 -4 0 0 0 -4 -3 0 0 -2 0 0 0 0 0 0 0 -4 -1 0 48 0 0 2 0 4 -4 -2 0 -2 6 0 -4 0 0 0 0 0 2 0 -4 0 0 0 0 -4 -4 0 0 8 -2 2 0 0 2 0 0 0 0 -4 0 0 2 0 0 0 -4 0 0 -2 0 -1 0 6 -2 0 0 2 4 0 0 4 0 2 -2 0 -2 -4 1 0 -4 0 4 -4 0 -4 0 -4 -1 6 0 0 2 4 6 -4 1 2 -1 0 0 4 0 4 0 0 0 0 -2 0 -2 2 0 0 -4 4 0 4 0 0 4 0 0 0 -2 0 2 0 -4 0 4 4 0 0 1 0 0 2 -1 0 0 0 4 0 -2 -4 -2 0 1 0 8 -2 0 0 6 -4 0 1 -8 0 0 4 0 0 2 0 -1 0 -2 0 -4 2 0 0 0 -4 0 0 0 4 -4 0 0 0 0 0 0 0 4 0 0 0 0 0 6 -2 0 0 4 4 0 0 -1 0 -2 0 0 -4 0 0 2 0 0 0 0 -4 0 4 2 6 2 -4 2 1 2 0 4 -4 0 0 0 -2 -4 2 0 -6 0 0 -2 -4 0 0 2 0 0 0 -2 4 0 -2 0 -3 -5 -6 4 1 4 0 0 0 3 -2 0 -2 4 0 0 0 4 4 -2 -2 0 0 4 0 0 4 0 4 0 0 -4 8 0 2 4 -1 -2 -4 -4 0 4 0 2 0 0 0 0 -4 -2 2 0 4 -4 0 0 0 -1 0 0 -2 3 -2 0 0 0 0 0 0 0 0 0 0 0 -2 0 0 1 -6 0 0 1 0 4 1 -4 2 0 0 0 -2 4 0 0 4 -2 -4 -4 0 4 -2 0 0 0 0 1 0 0 4 2 0 0 0 0 0 0 0 0 0 0 4 0 4 2 -2 -4 2 2 0 4 3 4
2 0 -5 4 0 0 0 0 0 2 -1 2 0 0 -2 6 -2 4 -4 0 6 0 0 -4 0 2 4 4 -2 0 0 0 -4 2 0 4 2 0 44 0 -4 -4 -4 0 -1 0 0 2 0 0 0 -2 0 0 0 0 0 4 0 0 6 4 -2 2 1 0 4 1 -1 0 0 0 0 7 0 0 0 2 0 2 0 2 0 0 -4 -2 2 -4 -2 0 -4 3 0 0 1 10 4 6 0 -2 -3 0 4 0 0 1 4 0 0 2 0 0 1 4 0 0 0 0 0 0 2 -2 0 0 4 0 -1 -2 0 3 1 0 0 4 -4 -2 -2 0 2 2 0 4 -1 0 -2 0 0 2 0 0 0 -5 0 8 0 0 0 -2 2 0 -2 0 0 -2 0 2 0 0 2 0 0 0 -4 0 8 4 0 -4 0 1 0 10 0 0 -4 -2 -1 -4 0 0 -4 0 -1 4 4 -2 0 0 -13 2 -1 0 4 0 4 0 0 -2 -1 0 0 0 0 -2 0 0 4 2 0 0 -2 0 0 0 0 -2 0 4 -4 2 4 0 -2 0 0 2 0 6 0 0 2 -1 0 0 4 -1 0 -1 0 4 0 0 -2 4 2 -4 0 0 2 -2 1 0 0 0 1 0 -2 0 0 0 8 0 -1 4 8 2 -2 -2 -4 4 0 -2 -2 0 2 0 2 6 -4 0 0 0 0 -2 -4 0 4 -4 0 0 6 2 0 -2 0 3 0 0 4 4 -2 0 0 0 0 0 0 2 0 0 0 0 0 0 6 2 -2 2 0 0 0 4 6 -5 0 -2 0 4 -1 5 0 0 0 -1 -2 11 4 2 -2 0 2 0 4 2 2 0 0 0 4 0 0 0 0 2 0 -2 0 0 -4 0 -4 -6 -2 -1 -2 1 0 0 0 0 1 0 0 2 0 0 0 0 0 0 0 0 4 -5 4 0 4 0 0 0 -2 2 1 3 4 2 -7 2 0 4
-2 4 0 0 0 -4 0 0 0 0 2 0 -4 0 4 0 -1 0 0 0 4 0 0 4 0 0 0 0 0 0 0 -2 -2 0 0 0 0 0 0 29 0 -4 0 0 0 -4 0 -4 -2 0 0 0 0 0 0 0 0 0 -4 0 2 0 0 0 -4 0 0 0 0 0 0 4 0 0 -2 0 2 0 0 0 0 0 -2 -2 0 0 0 0 4 0 0 0 0 0 -2 -4 10 0 -4 0 0 0 0 0 0 0 -2 0 0 2 0 0 0 0 4 0 -2 0 0 0 0 0 -10 2 0 0 -6 0 -4 0 0 2 4 0 -2 0 0 0 0 0 4 0 0 0 -4 0 4 0 -2 0 0 0 0 4 0 0 2 0 -2 0 4 0 0 0 0 0 0 2 0 0 2 0 0 0 -4 0 4 0 0 0 0 0 0 0 5 4 0 0 0 -2 0 0 0 1 0 0 1 -4 -4 0 -4 0 0 -4 -4 0 0 0 0 0 0 0 0 0 -2 2 0 6 0 -2 0 0 0 0 -2 0 0 0 0 0 4 0 2 4 0 0 0 -2 4 0 2 0 0 0 -2 4 -2 0 0 2 0 0 0 0 0 0 0 4 2 0 0 -2 0 0 0 0 0 0 0 0 4 2 0 -2 0 0 0 0 0 4 0 4 0 0 0 4 0 0 0 0 0 0 0 0 0 0 0 1 0 -4 0 0 0 0 0 0 -4 0 0 0 0 0 0 0 4 -2 0 2 4 0 0 0 -4 0 0 -1 0 0 0 0 0 0 0 0 0 -4 0 0 0 0 4 0 0 0 0 0 0 0 0 4 -4 0 0 0 0 0 0 4 0 -2 0 0 0 0 0 0 0 4 0 0 -4 -2 4 0 5 0 0 0 0 0 -4 0 -4 0 0 0 -6 0 4 0 0 0 0 4 0 0 -4 0 0 0 0 0 0 0 0 0 0 0 0 0
2 -2 0 0 0 -2 0 4 -4 -4 -2 2 2 -4 -4 0 2 2 -6 2 -6 0 0 0 -4 -1 -6 4 0 4 0 0 4 1 -1 0 -6 2 -4 0 72 8 -1 0 2 2 11 2 0 3 0 2 -4 -4 0 1 0 0 4 0 4 0 4 -8 2 2 -4 -2 0 -4 2 8 6 2 2 0 0 6 -3 -2 -2 2 0 0 0 2 0 0 -4 0 3 0 -4 -2 3 0 0 8 -2 0 0 0 -4 4 0 4 0 2 -4 -3 2 -3 -1 0 0 0 0 0 0 2 -2 2 3 4 0 4 4 0 -2 -6 -2 0 2 6 2 0 2 3 0 -2 0 2 0 4 5 0 0 -10 0 0 2 4 2 0 0 -2 -2 1 4 0 4 -2 4 0 1 -2 0 3 -4 0 -1 -2 0 0 0 -3 4 4 -2 -6 8 0 0 -4 -2 0 -5 0 0 5 4 0 0 2 0 4 0 0 0 2 0 1 -2 -2 0 0 -2 3 -2 0 4 4 0 8 6 0 0 0 1 0 0 0 2 0 1 -2 0 4 0 2 -2 0 0 8 -4 1 0 0 0 6 4 2 0 2 -4 0 1 2 -6 1 -1 3 -1 4 -2 0 6 -1 0 2 4 4 -1 -2 4 0 -4 0 4 0 0 0 -3 -6 0 0 2 2 0 0 0 0 2 -2 0 2 -4 0 4 0 2 0 0 9 2 0 0 0 0 1 -2 0 0 2 2 -6 0 -1 0 0 0 0 0 6 -2 -1 0 0 0 8 -8 -2 0 -2 -4 -2 -6 -10 4 1 -1 0 2 0 0 -4 0 2 2 2 1 0 4 2 -1 -2 0 0 2 0 2 -4 4 -4 8 3 3 0 -4 2 4 2 0 4 0 0 3 0 4 -2 4 4 2 -2 0 -1 0 -2 -2 -2 4 1 -4 -2 -1 0 8 0 -1 3 -1 -1 2 0 10 0 2 2 -1 0 10 -1 0 9 2 2 2 -1 -4 1
-4 -2 -4 0 -1 2 -4 0 0 4 -8 0 0 0 -4 -2 0 4 4 0 -2 0 0 -2 1 0 0 0 6 -2 0 -2 6 4 -8 -4 2 0 -4 -4 8 65 0 0 0 -4 4 0 0 0 1 -1 -1 2 -2 0 1 0 4 4 -2 0 -3 2 4 0 1 -4 2 0 0 2 6 1 0 0 4 2 2 0 0 0 0 0 0 1 1 4 0 0 0 0 -2 -2 2 -6 -2 2 -4 4 4 2 -4 1 0 -4 3 4 0 -1 0 0 -4 10 0 -2 0 4 0 0 0 0 10 0 -2 0 4 0 0 0 1 4 5 -4 -1 1 2 0 -2 0 -1 -6 0 0 4 -2 1 0 5 4 0 -2 -4 2 0 4 -4 0 0 1 0 2 -4 2 4 -6 2 2 -1 2 4 1 0 1 2 -2 -4 0 0 0 4 1 0 -2 0 -4 -4 0 0 4 0 0 0 0 0 0 0 0 4 -4 8 -4 0 0 -1 0 0 0 4 4 3 4 -2 3 0 0 -4 -2 -6 0 0 4 4 0 -4 -5 2 0 0 2 0 -4 4 -2 -2 0 0 -4 0 -4 4 0 0 2 2 -4 0 -3 0 0 -2 4 -4 1 0 6 -2 0 0 -2 2 5 -4 4 -4 8 -4 -2 0 2 0 0 0 0 -4 0 0 0 4 0 0 0 4 0 0 0 -8 4 8 0 0 0 0 2 1 -2 0 0 4 2 8 2 -1 4 0 0 2 0 0 0 0 0 0 0 2 -4 2 -1 1 -4 -3 -4 6 0 4 6 -2 8 0 0 -2 -14 -4 0 0 0 0 0 2 -4 0 0 -2 0 6 -4 0 2 0 0 4 2 6 0 4 4 -6 -1 1 0 0 0 0 0 -6 0 1 4 3 0 1 -4 -4 0 -2 -4 -4 -2 0 0 6 0 0 -1 4 0 0 0 0 0 -3 0 0 2 4 0 0 4 0 0 0 0 8 6 0 0 6 0 4 -8
-2 0 1 0 -4 0 -2 4 3 -2 0 0 -3 4 8 -2 -2 0 0 -4 2 2 0 0 -1 0 -2 0 6 -1 0 0 -6 0 0 0 -2 4 -4 0 -1 0 57 0 0 4 -1 0 -1 0 1 -2 10 2 0 0 4 -6 0 0 -2 -4 0 0 0 0 -2 -1 0 0 0 2 -4 -4 -2 0 -2 -3 0 0 -2 -2 0 -2 4 -2 0 -2 4 -4 2 0 0 -4 -1 0 0 -3 0 0 2 2 -4 0 4 0 0 2 4 0 4 1 -1 -2 0 0 7 0 -2 0 2 0 1 0 -4 0 0 -2 -3 -4 3 -1 6 -4 -4 4 2 1 -2 4 2 4 0 -10 -2 -2 0 4 3 5 5 -2 2 -2 -2 -4 4 0 2 2 0 0 0 0 -2 0 4 -4 0 -5 0 4 -4 0 -4 0 -1 -4 2 -4 0 0 0 -1 0 -4 0 0 1 -2 -2 0 2 -2 0 2 2 0 0 0 1 0 2 0 0 4 -2 -4 -4 -2 0 -6 0 0 4 0 0 0 0 2 2 2 0 -1 0 0 -4 0 0 -6 0 2 0 -1 -6 -2 0 0 -8 2 0 1 0 -4 9 0 0 4 -2 -2 1 5 0 0 2 0 0 0 -4 0 0 4 0 0 0 0 0 4 0 0 1 -2 1 0 0 0 0 0 0 -2 0 4 0 0 2 0 0 4 0 2 4 1 -6 0 0 1 4 -1 0 -10 -4 0 0 0 1 6 -6 -3 0 -6 8 0 0 3 0 -4 -4 0 0 5 0 2 -4 0 2 -4 -2 1 0 0 2 0 -2 2 0 0 0 0 -2 0 1 -4 4 0 -3 -4 -2 0 0 0 4 0 1 1 -4 12 8 2 2 0 0 -4 0 2 0 -2 0 -4 2 -4 3 0 1 2 2 6 0 0 -2 2 0 -3 -4 -4 0 0 0 0 2 2 0 0 4 0 -4 1 0 -2 0 0 0 2 2 0 0 -2 4 -1 0 8
0 -6 7 0 0 0 6 0 -5 0 0 -2 10 0 0 4 -2 0 -6 -6 2 2 0 0 5 0 2 0 6 0 0 2 0 0 -9 0 0 -4 0 0 0 0 0 75 2 2 -2 4 0 0 4 0 1 2 0 4 0 0 -6 -1 0 3 4 -10 -4 -2 0 -2 0 2 2 0 2 -2 8 -4 -2 0 7 -2 -1 4 0 -4 -6 2 0 2 0 2 0 0 0 -4 0 2 8 -6 4 0 2 0 3 4 0 0 -8 0 4 0 4 2 0 0 -2 2 6 8 4 2 0 0 0 4 -4 0 -1 -8 0 -4 -4 0 -4 -6 0 0 0 0 0 -4 2 -4 -2 4 0 2 0 0 4 -2 -2 6 0 -2 0 -1 0 4 -2 12 2 -4 2 0 -2 -4 2 0 4 -2 -2 0 -2 2 6 0 0 0 0 0 1 0 0 -1 2 0 -4 4 3 0 2 2 2 -1 2 -3 -4 4 2 0 0 0 0 1 8 6 1 8 -1 -1 0 -1 1 0 0 -3 0 4 0 0 0 0 0 0 -4 0 -6 0 0 -6 0 0 -3 -4 4 0 -1 0 -4 2 8 0 3 0 2 -4 3 2 8 2 -1 6 0 -4 0 8 -2 0 5 4 8 1 0 -2 -6 2 0 5 -4 4 0 -1 0 0 6 6 0 4 6 0 0 0 -2 -4 -1 1 0 0 6 0 2 -2 4 0 2 -5 -6 0 0 0 12 0 0 2 0 0 0 2 0 -10 -1 0 8 2 0 0 5 0 0 1 2 -4 0 0 -4 0 6 2 -6 8 0 6 4 0 0 2 4 0 -14 -3 0 -2 4 -8 3 0 -3 -4 0 4 0 0 0 0 0 -2 0 4 -4 0 0 1 -1 -6 0 0 0 0 0 0 1 0 8 -4 6 12 0 -4 0 2 1 0 4 -2 -1 4 0 8 1 0 0 4 0 0 0 0 0 -6 0 0 4 0 4 6 0 0 -2 0 0 4
0 -2 2 0 0 2 2 1 0 -2 1 -2 0 1 2 1 0 2 -2 -4 0 0 1 0 0 1 0 0 0 0 -2 4 0 0 0 1 0 -2 -1 0 2 0 0 2 34 0 0 4 0 0 0 4 0 0 0 0 0 -2 1 2 2 -1 0 0 -4 -4 0 -2 0 -2 0 1 0 0 4 1 -2 0 0 0 4 -4 0 5 -2 -1 2 -1 0 -2 3 1 0 2 -1 0 0 0 0 0 0 0 0 0 6 0 0 0 -1 -6 2 0 0 0 1 -1 0 2 -4 -2 1 0 -2 -1 0 0 2 0 -2 0 0 2 0 0 -2 0 0 -4 -4 -2 -1 2 0 0 -2 -1 -1 -2 4 0 -2 0 0 0 0 1 0 -5 0 -2 0 -4 0 0 0 -2 -2 -4 0 0 2 -1 -4 0 0 0 -4 1 0 1 0 -2 4 0 0 -2 -2 4 0 -1 2 -1 0 0 -3 2 0 6 1 -2 0 0 0 3 0 0 -5 0 1 -1 2 4 0 2 0 0 -2 2 0 0 -1 -4 0 0 0 -2 0 2 0 -6 0 0 0 -2 -2 0 0 0 0 -2 0 0 0 1 -2 -2 0 1 0 2 -1 6 0 0 0 -6 0 0 1 2 1 4 -4 0 0 0 0 4 0 0 0 0 0 0 6 0 0 0 6 -4 -5 0 -2 0 2 0 -4 0 -4 0 0 0 -1 2 0 0 0 -1 0 -4 -3 0 0 -1 0 0 0 4 0 0 0 0 0 0 0 0 -2 1 -4 1 -1 -2 -2 2 -2 0 -2 -2 2 0 2 -2 0 0 0 0 0 -4 -2 3 2 -1 -1 2 0 -1 0 -2 0 0 -1 2 0 -4 0 2 0 0 0 -1 0 0 0 -2 2 0 0 1 0 -1 0 -2 -4 0 1 0 0 6 2 -4 0 0 2 -2 -2 0 0 4 0 0 0 4 0 0 -4 0 -4 0 -1 0 -2 0 0 -1 2 0 -2 0 -2 0
0 -2 -4 0 0 0 -2 0 0 2 4 0 2 0 0 0 1 -5 1 4 0 0 6 8 1 2 -2 0 6 0 0 8 2 6 0 0 -2 0 0 -4 2 -4 4 2 0 65 -2 8 0 0 -6 0 4 0 2 0 0 0 -5 -4 -2 0 0 1 0 2 -4 0 0 4 0 4 0 0 -7 2 -6 0 2 2 -2 0 -2 -2 -7 2 -4 0 0 0 2 0 1 6 0 0 0 -8 0 0 0 -2 -4 4 -1 -1 4 2 -2 4 0 1 4 0 -2 0 0 0 0 0 -6 0 0 0 2 4 2 0 0 -4 0 0 0 2 -4 -2 0 -1 6 2 4 0 -3 0 4 0 2 0 0 0 4 -4 0 -4 0 0 -1 4 5 0 -6 -2 8 0 2 0 0 2 0 4 0 3 0 0 2 -4 0 -2 0 0 -4 0 -1 2 2 -1 4 -4 -5 0 4 1 4 0 3 4 -3 2 0 2 -1 0 0 4 6 0 4 0 0 2 0 0 -4 0 -8 0 0 2 -2 3 -4 0 -10 2 4 0 -4 0 4 4 0 -8 -4 4 2 0 0 0 0 0 2 4 0 -6 0 0 1 2 -2 0 0 0 4 4 0 -2 0 -2 4 4 4 -4 1 0 0 -4 4 0 0 0 0 -4 0 0 2 0 2 2 -2 0 2 4 6 0 4 0 2 -2 0 0 0 0 -4 0 0 2 2 0 0 2 2 0 0 0 2 0 0 4 0 -2 0 -4 -4 0 0 4 0 0 -6 4 0 2 0 4 0 0 0 0 0 4 4 0 0 0 -2 0 -2 -8 0 2 7 3 4 4 0 0 2 0 0 -1 0 0 0 0 -6 4 0 0 10 2 6 -1 0 1 0 0 0 0 0 2 2 0 4 4 -7 4 0 2 0 4 0 2 -2 0 0 0 -2 0 8 2 -4 0 10 0 2 -4 0 -8 0 0 0 0 0 2 4 -8 -2 0 0 0
1 0 -2 0 0 2 0 4 2 -8 0 -2 -6 0 4 0 4 0 -4 4 -4 0 0 -2 0 0 -4 -2 2 0 0 0 0 0 4 0 0 -2 0 0 11 4 -1 -2 0 -2 62 -3 0 2 -4 -2 -4 -4 2 4 -4 4 0 4 -4 4 0 -4 0 -4 0 3 0 8 -2 0 0 -6 4 0 0 -1 0 4 0 -4 -2 0 0 4 0 2 -2 0 0 -2 0 -6 1 0 0 0 0 0 0 0 -4 4 4 -2 2 -4 -4 0 2 -1 9 0 5 0 4 2 0 4 -2 0 7 2 0 0 2 2 0 0 0 -2 -2 2 0 0 2 0 0 0 4 1 0 0 6 2 0 -2 -2 2 0 4 -2 0 0 4 0 0 -4 0 2 -2 4 0 -6 0 4 0 -4 -4 0 2 0 2 6 2 0 0 0 0 0 0 -2 -2 0 2 -4 0 -2 7 0 -1 -4 -1 4 4 0 0 4 0 0 5 0 2 0 6 2 0 3 0 6 -4 -2 4 -2 4 0 0 0 2 0 0 0 1 0 0 0 0 4 4 0 2 4 -3 0 -4 -4 4 0 -4 -4 0 0 2 0 -1 0 0 -6 2 2 2 0 0 2 0 4 0 3 0 -2 4 0 4 4 4 0 -4 6 0 0 4 6 1 -2 2 0 -2 0 0 0 0 0 0 0 2 0 0 -2 0 0 0 0 4 -4 2 0 0 0 0 -4 -2 0 0 0 4 0 0 0 4 -2 1 0 3 0 0 -2 4 0 0 4 0 0 -2 0 0 -2 1 3 1 -4 -6 -3 -1 4 -6 -2 -4 -2 0 1 2 -9 0 -1 0 0 0 0 0 -4 -2 4 -5 -4 0 0 4 0 4 0 -2 1 2 0 0 0 0 0 0 2 0 -2 1 2 0 -2 -6 4 0 0 0 2 -4 4 -4 6 -1 -1 -4 1 0 0 0 8 4 0 0 0 -4 4 0 6 -2 -2 0 2 0 2 4
6 -4 0 0 5 0 1 5 2 0 5 2 -2 0 0 0 0 0 0 0 4 0 0 -2 -2 0 -4 0 3 1 -2 4 0 0 -2 0 4 6 2 -4 2 0 0 4 4 8 -3 71 0 -4 -2 0 0 0 0 0 1 0 0 1 2 0 4 6 -4 0 -2 0 0 0 0 -1 0 0 0 2 2 4 0 -4 0 4 0 0 4 0 0 -1 0 -2 0 1 2 -4 2 0 0 0 0 0 0 -3 0 0 -2 0 2 -1 2 -2 2 0 0 -2 4 -3 0 4 0 0 0 2 -6 2 -2 -1 1 0 0 -2 -4 0 7 0 -1 -4 0 0 -4 0 12 -1 -2 -2 -4 1 -2 0 0 0 -1 -4 0 0 0 0 -1 2 -6 4 0 -6 4 2 2 -2 0 -1 6 8 0 0 -8 0 0 -5 0 0 0 0 4 2 0 0 4 0 0 0 10 -4 0 3 0 2 -2 0 -2 -1 0 4 0 4 0 4 -4 -1 -5 0 -3 -2 0 0 0 2 -2 0 4 4 2 0 0 0 2 8 4 -2 -2 -2 -4 0 -5 -4 0 0 0 0 0 -2 0 2 1 0 -2 -3 1 3 -4 0 0 2 -4 0 4 0 -4 -2 0 2 4 0 8 0 0 0 0 -2 0 -2 -1 0 -2 -2 4 -4 6 0 0 0 8 -2 3 4 0 4 0 0 -3 6 0 0 -2 0 0 0 0 -1 0 0 0 0 -2 6 -2 0 2 0 0 0 1 0 6 -4 0 -1 0 0 0 4 -11 0 -6 0 1 0 2 4 -1 0 3 -2 10 0 6 2 0 4 -2 -4 -2 0 0 0 0 4 3 1 2 0 0 0 1 4 0 0 -2 4 -6 4 4 -1 -2 -4 0 -2 0 0 2 2 0 2 2 -2 -1 0 0 1 2 6 0 6 2 0 4 0 8 4 0 7 -2 -1 -4 4 6 -2 0 0 0 2 -4 0 3 -4 -2 0 0 -4 0 0 -3 2
0 0 0 0 -2 -4 0 0 0 0 0 0 -1 -4 -6 2 0 0 0 -4 0 0 -2 0 0 4 0 4 0 0 0 4 0 0 4 0 0 0 0 -2 0 0 -1 0 0 0 0 0 37 4 -4 0 0 0 0 0 0 0 4 0 -4 -4 0 -2 0 -1 0 0 0 0 -1 4 0 -2 0 0 0 0 0 0 2 0 0 -4 -4 2 -2 0 -2 0 4 0 2 6 0 0 0 0 0 0 0 -2 0 0 4 0 0 0 0 0 0 0 0 0 -2 0 -2 -2 0 0 0 -8 0 0 0 -4 0 2 0 0 0 1 0 -2 -4 -2 -1 -5 0 0 -4 0 2 -2 1 2 2 0 4 0 0 0 -2 0 0 0 -2 4 0 0 -2 1 0 0 -4 4 0 0 0 0 -1 6 4 0 0 0 2 0 3 0 0 0 0 1 0 -2 1 0 2 -2 0 0 0 0 0 4 0 0 0 0 0 -2 0 0 0 2 0 0 0 0 4 0 0 -4 0 0 0 0 0 0 0 0 0 2 1 0 4 0 0 0 -5 0 0 -4 -2 0 0 0 2 0 -4 2 0 8 3 -2 0 -4 4 4 -1 0 0 -4 4 0 0 0 0 -4 4 0 2 0 0 0 0 0 0 0 0 0 0 0 2 0 0 0 -6 5 5 0 0 -4 0 -2 0 1 0 0 0 4 0 0 0 0 0 1 6 0 0 -4 0 4 0 2 8 -1 0 0 0 0 -2 0 0 0 0 0 2 -5 0 0 0 0 -4 3 4 2 0 0 0 0 0 2 0 4 2 0 0 0 2 4 1 2 2 0 0 0 0 0 0 0 0 2 4 -2 0 0 4 4 2 2 2 -2 0 0 0 0 2 0 0 0 0 0 -2 0 2 4 0 4 3 0 0 0 4 -1 0 0 0 -6 0 0 0 -2 0 0 0 0 0 -4 0 -4 0 0 1 -2 0 0 2 0
1 -2 4 -6 -2 0 0 2 -1 -4 0 -1 -2 0 0 0 -3 0 0 0 0 2 0 0 4 -1 2 -2 -6 1 1 0 0 0 0 4 -2 -4 0 0 3 0 0 0 0 0 2 -4 4 34 0 -4 0 0 0 0 0 0 0 0 4 0 -6 0 0 0 0 2 0 3 0 4 0 -6 0 0 4 0 0 -2 0 0 4 0 -5 0 0 0 0 0 1 0 4 0 0 2 4 0 0 0 4 1 -2 0 4 0 3 0 0 1 -3 0 0 -1 0 -2 0 -4 0 1 -2 0 0 0 0 0 0 -2 0 0 0 0 0 0 -4 -1 0 0 0 0 -4 1 0 -2 0 0 0 0 0 1 0 4 0 0 0 0 -4 2 -4 0 2 0 0 0 0 0 -6 0 -1 -1 0 4 -1 1 0 0 0 2 -2 -1 -3 0 4 2 0 6 0 6 4 2 0 0 0 2 -4 -4 0 0 2 -2 0 -2 0 0 0 2 2 4 0 0 0 4 -4 0 0 0 -2 0 -4 2 0 0 -2 -4 1 0 -2 0 4 0 0 0 4 -2 0 0 0 0 0 0 0 2 0 0 -5 2 -1 -5 0 0 4 2 0 0 0 0 4 4 0 2 0 0 2 0 -2 0 0 -6 -4 0 0 0 0 0 0 0 0 0 0 4 -2 0 0 0 2 0 0 0 0 0 0 2 2 2 0 -8 0 1 6 0 -6 0 0 0 0 0 2 0 3 2 0 0 0 0 0 -2 0 0 -2 0 4 2 0 0 -2 0 0 -1 2 -4 0 0 2 0 0 1 -4 0 0 0 0 0 -4 0 -1 0 0 0 0 0 0 0 0 0 2 0 2 0 2 0 2 0 -2 1 0 0 0 -2 4 0 -1 4 0 0 0 0 -2 0 0 -8 0 0 -4 0 2 0 2 0 4 0 0 -1 -2 2 0 2 0 0 -1 0 6 0 0 -1 2 0 4 -4 2 0
0 2 -1 -1 0 1 -4 -1 -4 -2 4 0 0 0 0 -2 0 0 0 0 0 2 0 0 -1 2 0 2 0 0 -2 4 0 -2 -2 -2 -2 0 0 0 0 1 1 4 0 -6 -4 -2 -4 0 45 2 0 0 0 -4 -3 -2 2 2 0 4 0 2 2 0 -4 4 0 0 0 0 0 4 0 1 -2 0 -6 2 2 0 1 0 0 0 -1 0 0 2 0 0 2 -6 0 0 0 2 -4 0 0 -6 2 0 0 0 0 0 0 -3 0 -3 -8 1 -3 0 -5 0 -2 0 0 4 1 0 0 2 1 -6 0 6 0 0 5 -3 4 -4 -2 0 4 0 0 0 6 4 0 0 3 -4 2 -4 -9 0 -2 0 -4 2 0 2 2 0 6 0 0 -8 4 -6 5 -4 -2 0 0 0 4 1 1 -1 0 0 0 0 -2 -4 0 -2 0 0 -4 -2 0 2 0 0 0 2 0 -2 -4 0 0 2 -2 -4 -4 -2 0 4 0 1 -4 0 0 -4 1 2 0 4 0 0 -2 0 0 0 4 0 -2 0 4 4 0 -2 0 0 -4 2 -4 0 0 6 -2 -2 0 -7 2 -4 0 0 0 0 4 0 0 4 -2 0 0 -2 0 0 -6 1 2 0 4 0 0 8 0 0 2 0 0 -2 0 0 -4 -1 2 4 6 4 0 0 0 -2 0 4 0 -3 5 2 1 0 0 0 -2 -4 0 0 0 0 2 0 0 -4 4 0 6 1 -2 0 1 0 2 -1 0 0 0 6 2 2 4 2 0 0 0 0 -5 2 0 2 0 2 0 1 -4 0 2 4 4 1 0 0 2 0 0 0 0 0 0 0 -2 -2 0 -2 1 -2 0 5 -7 -2 0 0 -3 -4 0 0 2 0 0 2 -1 0 0 -4 4 -2 -2 0 0 -4 2 2 0 1 -2 0 2 7 -6 0 0 -1 2 -2 0 0 2 -5 3 -4 0 0 0 0 -4 0 3 0 -4 0
2 0 4 -2 0 4 2 0 0 0 0 2 2 -2 -2 6 2 0 0 0 -4 0 0 0 0 0 -1 2 4 1 0 -2 0 4 0 -4 -6 0 -2 0 2 -1 -2 0 4 0 -2 0 0 -4 2 43 0 -2 -4 2 0 1 0 0 0 4 0 2 3 -6 -2 -4 0 0 -1 4 -1 4 0 4 0 0 -2 0 -2 2 0 0 -2 0 0 -2 0 0 0 0 1 0 -2 0 0 0 0 0 -2 -2 0 -1 -2 0 -8 4 -2 0 0 -4 0 1 0 0 -4 0 5 0 3 0 0 0 2 0 0 0 0 2 0 0 -1 0 3 0 0 -4 0 -1 1 0 2 2 1 0 0 -1 -1 0 0 1 2 -2 0 2 0 -2 -1 5 0 0 0 -6 0 0 6 -1 0 2 0 -1 0 0 0 4 -4 1 0 0 0 0 0 0 2 0 -3 4 0 0 0 0 0 0 0 0 0 -1 -4 -1 -1 0 2 -4 0 1 4 2 2 0 -2 0 0 0 0 -2 0 0 4 2 0 0 -2 0 0 0 2 2 0 -12 0 -1 0 0 2 3 0 0 0 -2 -2 -2 0 2 0 0 -4 1 0 0 0 4 1 0 0 0 0 -4 0 0 0 0 1 0 0 4 0 2 6 -6 0 -2 -4 -6 0 -4 -4 0 0 0 0 0 1 -6 0 -4 -4 0 4 0 0 0 -2 0 -2 0 0 0 -4 0 4 -2 -5 1 0 -6 0 -4 1 -4 -3 0 0 5 -4 4 0 2 0 -6 -1 -4 0 0 -2 0 0 -6 0 2 0 -1 -2 2 -2 -4 0 -2 0 -4 2 0 0 0 -4 -4 1 1 1 0 4 2 0 -1 0 -2 0 0 0 0 0 0 0 1 -2 0 0 -2 4 -2 3 -7 0 0 0 -4 0 1 0 0 1 0 4 0 0 0 2 0 -3 -4 0 0 0 0 -2 1 2 2 0 4 0 0 -4 0 0 0 3 0 0 1
0 2 0 0 1 -2 -4 2 0 0 -2 0 0 0 0 2 -3 -4 0 0 0 0 0 0 -3 0 4 0 2 2 -2 0 -3 0 0 0 0 0 0 0 -4 -1 10 1 0 4 -4 0 0 0 0 0 45 -2 -2 0 4 -2 0 -5 4 0 -1 3 0 0 0 0 0 0 0 -2 2 -3 -2 0 -4 0 0 0 0 -2 2 3 0 2 -1 0 5 -2 0 0 1 0 4 -1 2 -2 0 0 2 0 -4 0 -4 2 -2 1 0 -1 0 0 0 -2 0 0 -4 0 0 4 0 0 -4 0 0 0 -1 0 0 -2 4 0 0 0 -4 4 1 -4 0 -4 0 0 0 -4 4 -4 0 2 -4 -8 0 2 0 -1 0 0 0 0 -8 0 -2 -4 0 0 -4 0 1 -2 1 0 2 0 0 0 2 -2 -4 -2 2 0 2 -1 2 -4 0 0 4 0 -1 0 0 4 1 0 -2 4 0 0 0 0 0 0 -2 0 0 0 0 4 -6 1 0 6 0 -1 -2 1 0 0 0 -2 0 0 8 -4 1 1 -8 4 0 0 -2 0 4 4 -2 0 -3 -4 -2 0 0 0 0 -4 -2 0 -4 4 0 0 0 -2 0 1 0 0 0 -4 0 -2 -2 3 0 4 -1 0 0 6 -8 0 0 -3 -2 0 0 0 4 0 4 0 2 4 -4 -2 0 -4 0 0 0 4 -2 0 -4 0 -1 -4 0 0 -2 0 -2 -2 0 0 -2 -6 0 0 1 2 0 2 0 0 0 3 -4 2 0 -2 0 0 -2 0 1 0 0 4 2 -2 3 0 0 2 4 -4 0 0 -2 0 0 -4 4 0 0 0 0 -1 0 0 2 0 -6 4 2 2 4 0 4 0 0 0 0 8 2 0 -1 0 -5 -2 0 0 4 0 0 0 0 0 0 0 0 0 0 2 0 0 0 -2 1 0 -1 0 4 0 -2 0 0 0 0 0 -10 0 2 -2 -15 0 2 0 0 0
-4 0 0 0 0 0 -2 0 2 2 2 4 0 1 0 0 0 0 0 -4 0 0 0 0 0 0 0 0 0 0 4 0 -4 0 0 4 0 0 0 0 -4 2 2 2 0 0 -4 0 0 0 0 -2 -2 29 0 0 0 0 0 0 -2 0 0 2 0 4 -4 0 0 0 1 0 0 -4 0 0 0 0 0 0 0 0 4 0 -4 2 0 4 -2 -3 0 2 -2 0 0 2 0 0 0 0 0 0 0 4 -2 0 0 2 0 0 0 2 0 0 0 0 -1 0 0 1 0 -4 0 2 -4 4 0 0 -2 2 0 0 3 4 -2 -2 -2 4 4 0 -2 0 0 2 0 2 0 4 2 0 -1 -3 0 4 0 -2 0 0 0 0 0 0 0 4 -2 0 0 -4 -2 4 0 2 0 0 2 0 0 0 1 0 0 0 0 2 0 -2 0 0 4 0 -4 0 4 2 0 0 0 0 0 -1 0 -4 0 0 0 3 4 -6 -2 -4 -2 0 0 0 0 0 0 0 0 0 0 0 0 0 0 0 0 6 0 4 8 0 -1 0 -4 1 0 0 0 0 0 0 0 0 0 -2 0 -2 0 -2 0 0 0 0 0 0 0 0 0 0 -1 0 4 0 0 0 2 -2 -4 4 0 0 0 0 0 0 0 -2 0 0 0 0 -2 -1 0 0 0 2 0 0 0 0 -2 4 1 0 7 4 -2 0 0 4 -2 0 0 -4 0 0 0 2 0 0 0 4 0 2 0 0 0 0 4 0 -1 0 0 2 0 0 4 2 0 0 0 -4 0 6 0 0 -4 0 2 -1 0 1 -1 0 0 -2 0 0 0 4 0 0 0 0 -1 0 0 2 -2 -2 0 0 0 0 -1 0 0 0 2 0 2 0 0 4 0 5 -4 4 0 0 0 -2 0 -2 2 0 -2 -4 3 0 0 0 -7 0 0 4 1 0 0 0 -2 0 4 0 0 0 0 0
-2 0 -3 2 0 -2 0 -6 0 0 2 0 0 0 0 4 0 0 0 0 2 2 4 1 0 0 -2 0 0 0 -2 -4 0 0 0 0 0 0 0 0 0 -2 0 0 0 2 2 0 0 0 0 -4 -2 0 46 2 -2 0 -5 -4 0 -4 0 0 -2 2 0 2 0 5 1 -6 -1 0 3 4 0 0 2 -8 0 -4 0 0 -1 0 2 -2 0 0 -2 0 1 0 0 -2 -3 2 0 0 2 2 0 -1 0 -1 -2 0 -2 0 4 0 0 0 -2 0 0 0 4 0 -2 0 0 4 -1 0 0 0 0 0 2 2 1 -2 0 -2 -2 0 2 0 2 2 -7 0 2 0 0 0 2 -2 2 1 0 0 0 0 -2 0 4 0 0 4 2 0 -2 0 -2 0 2 -6 4 0 -3 0 0 -4 0 0 0 -1 3 0 -5 4 0 0 0 0 0 -1 0 0 1 0 0 0 0 2 2 1 3 0 0 0 0 -1 -1 2 4 0 0 1 0 0 -8 0 2 0 0 -3 0 0 0 0 2 0 3 -1 0 0 2 0 0 -2 -4 1 0 3 0 0 2 0 0 0 0 0 -2 4 0 0 -3 -4 0 -2 3 4 1 0 -1 0 2 2 -1 4 0 4 -1 5 0 -2 0 2 -4 1 0 0 2 0 -2 0 -4 -6 0 0 0 4 2 0 2 0 2 -2 -2 4 0 2 -4 -2 -2 0 2 0 0 0 0 1 -1 -2 2 0 0 0 -2 8 0 2 -2 0 -2 5 -2 0 -7 0 0 0 -2 -2 0 0 -3 1 -3 2 0 0 0 -2 2 0 0 -3 -1 0 0 -4 4 1 4 2 -4 0 0 -2 0 1 0 2 0 0 0 4 2 -4 4 -1 -2 0 4 0 0 0 0 0 -1 -2 0 4 0 0 -5 0 4 0 -2 0 0 0 -2 -4 -2 2 0 0 0 -2 0 -6 -4 -4 -7 0 0 1 4 -3 0 -2 4 2
0 0 4 0 0 0 4 -2 -2 0 2 0 0 0 0 0 -2 0 -4 0 0 -1 0 0 0 0 0 0 0 0 0 0 0 2 0 0 0 2 0 0 1 0 0 4 0 0 4 0 0 0 -4 2 0 0 2 25 0 2 4 0 -2 0 0 0 0 -2 0 -2 0 0 0 0 0 0 0 0 0 0 0 0 0 0 0 0 0 0 0 0 0 0 0 0 0 0 1 -4 0 0 2 0 0 0 2 0 0 0 -1 -1 0 4 0 2 0 0 4 0 0 0 4 0 1 4 0 2 0 0 0 -2 0 -6 0 0 0 0 -2 0 2 0 -1 0 0 0 0 0 0 1 1 0 -4 4 0 0 2 0 0 2 0 4 0 10 0 0 2 2 0 0 0 0 2 0 0 6 0 0 0 0 0 2 0 0 0 0 0 2 0 2 2 4 0 0 -2 0 0 0 0 0 4 0 -1 0 0 0 -2 2 0 2 0 0 -2 0 0 0 0 0 2 0 -2 0 0 0 0 0 0 0 0 0 0 -1 4 0 0 0 0 0 0 2 -4 0 -4 0 0 4 0 -2 0 0 -5 0 -4 1 0 0 0 2 -2 0 0 0 4 4 0 0 0 0 0 0 0 4 1 2 0 0 0 0 6 0 0 -2 0 0 0 0 0 0 -2 0 0 0 2 0 0 -2 0 0 -2 0 0 -4 0 0 0 0 0 0 1 0 -5 0 0 0 0 0 -4 2 0 1 0 4 -1 0 0 0 0 0 0 2 -4 2 0 0 -2 0 0 0 0 0 0 0 0 0 0 0 0 -4 0 0 0 -4 0 4 2 0 1 -1 0 2 0 0 0 2 0 2 0 0 2 2 0 -1 0 0 0 -2 0 0 0 0 -2 0 0 0 0 0 0 0 0 -4 0 0 -2 -4 0 0 0 0 0 4 2 0 0 0 0 4 0 0 0 -2 1 0 0 0
0 0 0 0 0 0 -4 6 4 0 0 0 -4 1 1 0 0 0 0 0 -4 4 0 -2 0 -4 0 0 0 2 0 0 2 0 2 0 2 0 0 0 0 1 4 0 0 0 -4 1 0 0 -3 0 4 0 -2 0 33 0 -2 -4 2 0 0 0 0 0 0 -4 0 -2 0 -2 0 0 -2 0 2 0 4 0 -6 0 0 0 1 0 0 2 0 0 -6 0 0 -5 -4 0 0 0 4 0 0 0 0 0 0 6 0 -3 0 4 -2 0 0 4 2 0 0 2 0 -4 -1 2 0 0 -2 0 6 0 4 0 0 0 0 2 0 4 0 0 0 4 0 0 0 -4 4 0 -1 0 0 8 8 0 0 0 -2 0 0 0 0 0 0 -2 -1 -2 0 0 -4 4 0 0 0 0 0 -3 0 0 0 -5 0 0 2 2 0 -1 -2 -4 0 -2 0 0 0 0 -2 0 1 0 0 0 -2 2 0 -4 0 0 0 1 0 0 0 0 0 -1 0 -2 4 0 0 0 2 0 0 0 0 2 0 2 0 0 0 0 0 0 2 8 2 -2 0 -8 0 0 -2 0 0 0 1 0 0 0 -8 0 -4 0 0 2 0 0 4 8 0 0 0 2 -2 1 0 0 0 -3 -4 0 -4 0 -2 -2 0 0 4 0 2 2 0 0 4 0 2 -4 0 0 -2 2 -2 0 2 0 0 0 0 0 0 0 0 0 -4 0 0 0 4 0 1 0 0 0 -4 0 0 -2 -2 -2 3 -4 -2 -4 0 0 -2 -2 1 0 0 2 2 -2 0 2 0 0 0 0 -1 -4 0 4 0 0 3 -8 -4 -2 0 -1 0 0 0 4 -4 0 0 -1 -9 0 4 0 0 0 0 0 0 0 -4 0 4 -10 2 0 -2 2 0 0 0 2 0 0 -6 -1 0 0 2 0 0 2 0 0 0 0 0 1 -1 0 0 0 0 2 -4 -2 -4 0 0 0 0 0
-2 0 0 0 0 0 0 2 0 -2 -6 0 0 0 0 0 0 4 0 0 2 -1 0 0 1 0 -1 -1 0 1 7 -2 0 4 0 0 0 -4 4 0 0 0 -6 0 -2 0 4 0 0 0 -2 1 -2 0 0 2 0 43 0 0 4 2 0 0 0 0 -10 2 0 2 -6 0 -1 -2 4 0 0 0 -2 0 0 0 -4 0 -5 0 0 0 -2 -2 -2 2 4 2 2 -4 0 -1 -4 0 -2 -4 0 0 0 2 1 0 -2 0 -2 2 5 5 1 0 2 0 0 2 -3 4 2 0 4 4 -2 4 4 0 8 0 6 4 4 0 0 4 2 2 0 2 4 0 4 1 0 -1 -5 4 0 0 0 2 6 -4 1 0 -2 2 -2 2 0 0 -2 0 2 1 -4 0 -2 -8 4 0 -1 3 0 -2 0 0 0 -2 0 0 0 4 0 0 0 4 4 0 4 3 -2 0 0 0 0 0 0 0 0 -2 1 0 4 0 0 4 0 -2 0 -4 4 0 -4 0 0 -7 0 1 0 0 0 0 4 0 0 0 0 4 -2 2 0 0 0 0 1 0 -2 2 0 0 0 0 0 -4 -2 8 2 -4 0 0 0 0 0 -2 8 0 2 2 0 4 0 0 -4 -2 4 3 0 0 -4 0 0 0 -2 0 0 0 0 2 -2 -2 2 -1 0 0 0 0 0 -4 0 0 0 0 1 0 0 6 1 4 0 1 0 -3 -5 0 0 5 0 1 -2 -3 0 0 4 0 -2 0 2 -4 0 0 0 3 -4 4 6 0 2 -1 1 0 -2 4 0 0 -1 0 0 -2 0 -2 0 2 -4 0 -1 0 -2 3 2 -4 0 0 0 0 -2 0 0 0 0 2 4 -2 2 -2 0 2 0 -2 0 0 0 0 0 3 0 0 -2 2 0 1 0 0 0 -2 -2 0 0 0 0 4 4 -1 0 0 2 -6 0 0 2 -2 6 4 0 2 -3 0
0 0 -5 0 0 0 0 0 0 0 0 -4 6 -4 -4 0 -2 -1 8 5 -6 0 -5 -1 1 4 0 0 0 0 -2 -2 0 -2 3 -4 8 0 0 -4 4 4 0 -6 1 -5 0 0 4 0 2 0 0 0 -5 4 -2 0 54 0 6 -4 -2 5 2 0 0 -4 -4 0 0 0 0 0 1 -4 0 0 -3 0 -2 0 3 0 0 -4 1 -1 0 2 -4 -2 0 -2 -4 0 0 4 4 2 0 0 0 4 0 0 -2 2 0 5 0 3 0 4 -2 4 0 0 -2 0 0 -4 0 -6 0 4 2 2 3 2 1 0 0 7 -2 0 0 0 -2 0 0 6 3 -4 0 0 1 0 2 2 -8 0 0 0 0 4 -5 -2 -5 0 1 -2 4 -3 2 0 0 -2 0 -1 2 -1 0 0 2 0 0 0 8 -1 2 0 0 0 -6 2 -2 2 1 0 0 0 4 0 2 1 1 4 0 0 0 0 4 6 0 -1 -2 0 -4 0 2 0 4 -4 2 -2 -2 -2 0 1 0 -1 0 0 0 -2 0 -2 0 2 0 0 1 2 0 -1 0 -2 -2 0 2 -3 -1 0 3 0 2 2 -4 0 -1 -2 0 4 -2 -4 -3 -2 -2 0 -4 0 0 0 4 0 6 0 2 -1 2 4 0 0 0 0 2 0 3 -2 2 0 3 2 -6 4 -2 0 4 -1 -4 0 1 -4 0 4 4 0 1 0 -1 0 0 0 0 0 0 0 0 5 0 0 -4 0 4 0 0 -2 4 5 0 0 2 0 0 4 -1 6 0 0 -1 0 0 0 0 0 2 2 2 0 -2 8 0 0 0 2 -2 0 0 -2 2 0 0 0 6 6 -1 0 -3 6 -4 0 2 11 0 0 -2 0 0 0 2 1 0 2 2 0 2 0 0 0 3 -4 11 -2 0 -4 5 2 0 0 6 2 2 -4 0 4 0 2 4 4 0 0 4 2 -4 -3 -6 0 4 -4
6 0 2 2 -2 4 4 5 0 0 -4 0 0 0 0 0 0 0 -1 0 4 0 2 -4 -3 0 -4 0 4 -1 2 4 2 0 -6 0 0 0 0 0 0 4 0 -1 2 -4 4 1 0 0 2 0 -5 0 -4 0 -4 0 0 38 0 0 0 0 4 -2 2 -1 0 -1 -4 1 -2 -2 2 -4 4 -2 0 2 0 4 0 2 0 -2 0 -4 0 -3 0 0 0 0 0 0 2 5 0 0 0 1 0 0 2 -2 0 0 0 -4 -2 0 -4 0 2 0 0 0 -2 0 -2 -2 0 0 -1 0 1 4 0 -4 0 0 0 0 0 4 0 -1 -2 0 0 0 4 -4 0 0 0 -4 0 -1 -1 -2 0 0 0 0 0 3 0 0 -4 0 1 0 0 2 0 4 2 0 2 2 1 0 -2 0 -4 0 0 0 1 0 4 0 4 0 0 0 0 4 0 0 -2 0 -2 0 -4 2 0 -2 0 -4 0 0 0 1 0 0 -1 1 0 -2 4 0 4 -1 0 2 -2 0 0 0 4 0 -4 0 0 0 4 2 1 0 0 -4 -2 0 -1 4 0 2 4 0 0 -2 -5 0 0 -6 0 -2 0 0 -4 4 -2 -2 0 0 -1 3 -4 3 -2 0 4 2 2 -3 0 0 0 3 2 0 6 0 -4 0 2 -2 2 2 0 0 0 4 3 0 2 0 0 0 0 2 0 -1 1 2 0 0 -4 0 -2 0 -2 0 0 0 0 0 1 0 0 -1 0 -4 0 0 0 2 0 -1 2 0 0 0 2 2 0 0 -1 0 0 4 0 0 -7 -2 -2 2 0 0 -4 0 -1 2 0 0 0 0 0 0 0 -6 0 0 0 4 2 0 0 0 -2 -2 -8 0 0 -6 2 0 0 0 0 0 0 -3 0 -2 0 0 0 0 -1 0 0 0 0 0 -4 0 2 -2 2 4 -2 0 0 4 4 2 0 -4 4 -2 0 1 2 -1 -2 4
2 4 0 -4 4 2 -4 0 -2 -2 2 2 2 -2 0 1 -4 -2 4 2 0 -1 4 0 0 0 0 4 2 0 -4 4 4 -2 4 1 2 0 6 2 4 -2 -2 0 2 -2 -4 2 -4 4 0 0 4 -2 0 -2 2 4 6 0 82 4 -4 0 -1 4 1 0 3 0 0 1 0 -4 -4 -1 0 0 0 -4 0 0 -6 2 -5 -3 0 -4 -2 0 -6 -1 -3 -7 4 0 2 0 4 0 1 0 7 0 -2 -4 2 -2 -4 0 -4 0 1 0 -8 2 0 0 -1 -5 1 4 0 -2 4 -4 0 -2 2 1 -2 -2 0 6 -2 1 -2 0 -8 -4 4 2 2 0 1 -2 8 0 4 -4 0 -2 4 -2 0 0 -8 -6 -4 0 6 1 -2 0 0 6 -2 0 -2 -2 2 -2 0 8 4 5 0 0 -6 -1 2 2 -2 0 -2 4 -3 -8 0 2 -6 0 -1 0 -4 0 0 2 1 8 -5 0 0 6 2 0 0 4 4 0 -8 4 1 0 -2 -7 -2 4 9 1 -2 -2 1 0 2 -2 0 0 -4 -4 0 2 0 8 -1 4 8 4 -4 -2 -2 1 0 -1 5 0 3 -4 0 7 0 0 0 0 0 -1 5 1 -2 -4 0 -2 2 0 1 0 -2 -2 0 0 6 8 1 -4 4 0 0 4 0 12 -2 0 0 0 3 4 0 1 -4 0 -6 0 8 6 6 -3 2 0 -2 -4 -2 0 0 4 -2 -4 -2 -2 0 4 2 0 -2 0 -1 2 0 -5 -2 6 0 0 -2 0 0 1 -5 3 0 2 -4 0 4 3 0 4 4 0 -1 0 0 -4 -2 -3 -7 0 -1 3 -2 0 0 -6 -2 -1 -6 0 0 0 2 4 -4 4 6 4 2 1 2 0 6 1 -6 -4 6 -1 0 0 2 0 1 -1 1 0 -1 0 -4 0 -4 -2 0 8 2 0 -4 -5 4 4 -6 -1 -4 0 6 -4 -6 5 0 4 0 -4 0 -2
0 5 6 0 0 4 0 -2 0 -2 0 -4 0 3 4 1 0 2 -2 1 -2 0 0 0 8 -4 0 2 0 0 0 0 0 0 0 0 0 0 4 0 0 0 -4 3 -1 0 4 0 -4 0 4 4 0 0 -4 0 0 2 -4 0 4 45 -1 0 0 2 0 0 -1 4 0 8 0 0 0 0 2 0 0 0 0 0 0 0 0 0 0 -4 0 0 0 -2 0 0 0 0 0 0 0 0 0 -2 0 9 4 4 -4 0 -4 -2 0 0 8 0 1 1 -4 0 -1 2 0 4 0 3 4 4 4 0 -3 0 0 -4 -2 4 4 0 0 -2 0 0 0 4 0 0 0 5 0 0 0 -2 0 0 0 0 -6 -2 -2 0 4 0 6 0 6 0 4 8 -2 0 0 5 0 0 0 0 12 4 4 0 -4 0 0 0 0 0 0 0 -1 0 -1 -2 2 0 0 3 0 -1 0 0 0 0 0 -3 0 0 0 4 3 0 4 -1 4 0 0 4 0 -5 2 0 0 0 1 0 0 0 0 1 0 0 -1 6 0 0 0 4 0 -2 -1 -2 0 0 -2 0 0 0 2 0 -2 0 8 4 1 4 0 0 0 8 6 -4 -10 0 -2 0 0 0 0 0 0 -5 0 0 0 0 6 0 2 0 0 0 4 0 -4 0 -2 0 1 -4 0 -2 0 0 0 2 -1 0 4 2 0 0 4 0 -4 -4 4 -8 0 -6 0 0 4 4 3 0 0 4 -4 0 4 0 0 -4 0 6 -2 0 0 0 0 2 1 0 0 -2 0 2 -2 3 -2 0 2 -1 0 0 -2 -1 0 0 0 0 2 1 6 -2 0 -1 0 0 5 0 0 0 0 0 2 -4 0 4 0 0 0 0 0 0 0 0 2 0 0 -4 4 0 -1 0 2 -2 -6 0 0 0 -1 4 -4 4 0 0 4 0 0 0 -2 0 0 4 0 -3 0 6 -2 -2 0 0
0 0 0 -2 -1 6 -2 0 -4 0 0 6 4 0 -4 1 0 -2 0 -1 0 -2 -4 0 0 -1 -2 0 0 0 -2 0 2 0 0 0 4 -4 -2 0 4 -3 0 4 0 0 0 4 0 -6 0 0 -1 0 0 0 0 0 -2 0 -4 -1 49 4 0 0 -2 0 1 -2 0 4 0 1 0 0 0 0 2 -2 0 0 -8 0 -4 0 1 -2 -6 0 4 0 -1 2 2 2 0 4 0 -4 -6 -2 0 1 0 0 -6 0 0 2 0 4 0 0 4 0 6 -4 0 0 -4 0 0 -6 6 2 0 0 4 2 0 0 0 4 0 -1 0 0 0 -7 0 0 0 0 4 0 0 0 0 0 0 6 0 -1 2 -2 4 -4 -1 0 0 0 0 0 0 0 0 2 5 0 2 0 -1 0 0 0 0 0 0 -4 8 -5 0 0 2 0 0 0 0 0 -2 -2 2 0 4 -4 -1 0 2 4 2 0 0 0 0 -4 3 -4 -2 0 0 -1 -1 1 2 -1 2 0 0 4 0 -4 2 3 -4 2 0 7 -3 0 2 0 -4 0 0 2 0 0 0 0 0 4 -2 0 2 -2 -4 0 5 2 2 0 4 -7 0 0 -8 -4 0 0 6 0 0 -2 4 2 0 0 0 5 -2 0 0 0 6 0 8 4 0 0 0 0 0 0 0 0 0 3 0 0 4 -4 0 0 1 2 0 0 2 -4 -4 2 0 2 2 0 2 0 2 0 -2 -2 -4 0 2 -2 4 0 0 0 4 0 2 0 0 0 0 0 1 0 0 0 0 0 1 2 0 2 2 0 2 2 0 -4 2 0 -2 -1 -2 1 0 2 4 0 -2 0 10 0 4 0 -1 -2 0 2 0 0 1 2 -9 -4 0 0 -2 0 4 -4 6 0 0 8 0 0 4 0 0 0 0 0 0 0 1 0 2 0 0 -2 0 4 0 2 0 0 4 0 2 2 -8 4 0 4
0 4 -6 0 0 4 0 0 0 4 -5 2 0 0 0 4 -3 0 4 1 4 0 -2 -1 1 0 0 0 2 0 -3 -2 0 -2 4 -4 4 -4 2 0 -8 2 0 -10 0 1 -4 6 -2 0 2 2 3 2 0 0 0 0 5 0 0 0 4 66 -1 2 -2 0 0 0 2 -4 4 4 1 4 0 0 -8 0 -4 0 0 4 6 0 -1 -4 3 0 2 -1 6 2 0 3 -1 10 -4 0 -6 -1 0 -4 -4 0 2 -1 -4 0 -8 2 0 -4 -2 0 -6 0 -4 0 -4 0 0 0 4 2 4 -4 0 4 0 5 -6 6 2 -3 1 2 0 0 2 0 1 0 -2 0 0 10 -2 -4 0 0 1 2 0 -1 0 2 -5 -2 5 -2 2 -4 2 2 0 -2 0 -3 4 -7 0 -2 -4 -13 0 0 -2 0 0 -8 0 -4 0 2 -2 2 1 2 0 0 2 -2 -2 -4 8 0 0 0 0 -2 0 0 0 2 -2 0 0 4 0 0 0 0 2 0 0 4 2 -1 -1 -4 -2 0 -4 -1 8 4 0 0 -3 -3 0 1 -4 0 0 0 0 1 -6 0 0 -4 2 4 -8 2 2 0 0 -4 0 0 5 -2 0 2 2 0 -6 0 0 -2 4 0 0 0 -4 -4 0 -2 10 -2 0 -6 4 -2 -4 4 -3 4 -4 9 1 0 2 2 -2 0 -2 -2 0 -4 2 2 4 0 0 0 4 -4 1 0 0 0 0 1 0 4 0 -4 -4 -4 1 -3 4 -6 -4 2 -3 0 0 0 2 4 -2 4 1 2 4 -4 2 -6 2 2 0 0 2 -2 0 -3 0 -2 2 5 4 2 0 0 0 4 0 8 4 0 10 -4 4 0 2 3 0 6 2 0 0 0 0 0 2 -2 -2 -6 0 0 0 1 0 0 -4 4 0 0 -2 2 0 0 2 2 4 0 5 7 -7 0 4 2 0 0 -6 0 0 -2 -6 4 -2 0 0 -2
-2 -2 0 -2 2 0 -8 0 0 0 4 -1 1 0 0 0 0 0 0 -5 -4 0 4 1 0 0 -2 2 0 -2 0 0 0 -4 -2 0 -4 0 1 -4 2 4 0 -4 -4 0 0 -4 0 0 2 3 0 0 -2 0 0 0 2 4 -1 0 0 -1 52 0 -6 2 0 -4 0 0 0 0 1 -2 -2 0 0 0 -2 0 2 0 -2 1 0 0 -4 0 -2 -1 0 -6 2 0 -3 0 4 0 0 -2 0 0 0 -2 0 4 0 -2 0 0 0 2 -4 2 0 0 0 0 0 0 2 0 0 0 2 4 0 0 0 -4 0 -2 4 1 -2 1 1 0 4 -2 2 2 -2 -1 0 2 0 0 0 0 0 0 -2 -3 -2 12 0 0 0 4 0 2 4 0 8 6 -1 0 -5 0 2 2 0 0 -8 -3 4 -4 0 1 0 0 -2 -1 0 -2 1 0 0 -4 5 0 1 2 0 4 -8 0 0 0 3 1 0 1 -4 0 -1 4 0 4 5 0 4 4 0 4 -2 2 1 4 -4 0 0 0 0 2 0 4 -4 1 -2 4 0 8 -6 0 -8 0 -2 1 0 -2 -2 0 0 0 -1 -2 5 -3 0 2 4 -4 0 2 0 0 -4 -2 1 0 0 -5 0 0 3 -3 -6 2 5 0 5 0 -4 0 -4 0 -4 0 4 -5 -2 0 3 2 0 -4 1 0 0 -2 -2 -4 3 0 4 4 0 0 -4 -1 0 2 2 0 0 0 2 -2 2 -2 -4 -4 0 2 0 -1 -1 0 1 -2 -4 0 5 0 1 2 4 0 5 0 -2 0 -4 0 0 -1 -2 1 0 0 2 1 -4 0 0 0 0 0 4 0 0 0 2 0 6 4 2 -2 0 -2 2 3 -1 -4 0 -4 4 -4 0 1 0 0 -1 0 0 0 3 0 4 -1 -4 0 0 0 -2 0 0 -1 -2 0 0 0 -2 -2 0 2 5 0 4 -6 0 0 1 1 3 8
0 2 -6 0 0 -2 -6 0 0 4 4 2 0 0 0 0 -2 0 2 0 0 2 0 -2 2 0 0 2 0 0 0 0 0 2 0 0 0 0 0 0 2 0 0 -2 -4 2 -4 0 -1 0 0 -6 0 4 2 -2 0 0 0 -2 4 2 0 2 0 38 0 0 0 0 0 -2 8 0 0 0 0 0 0 0 0 0 0 0 1 4 0 0 -2 0 0 0 -1 4 0 2 -1 0 -2 0 0 0 4 0 0 4 0 1 0 0 -2 -1 2 -2 4 0 0 2 -4 0 2 0 2 0 0 0 -2 2 0 4 -1 0 0 -2 4 -2 1 6 -2 -1 0 0 0 0 -1 -2 -2 6 0 -2 0 4 0 4 0 0 0 -6 -4 -8 0 0 0 0 -1 0 0 6 0 -2 -3 -2 0 0 4 -2 4 -4 0 0 -1 0 2 0 0 -2 0 -8 0 0 -4 0 5 0 0 0 0 0 -5 0 0 -4 0 -2 -1 -2 -2 0 -4 2 0 0 0 0 0 4 0 0 0 0 0 0 0 0 -1 -2 0 0 -2 8 3 0 0 0 2 0 -2 0 -2 2 4 0 0 0 0 0 0 6 2 2 0 -2 0 0 -2 0 2 0 -2 -8 0 3 3 0 0 0 0 -2 0 0 1 -2 0 0 2 0 0 0 0 0 0 0 0 2 -4 0 4 4 0 0 0 0 0 0 0 0 0 0 4 0 -4 0 4 -8 -2 -2 -2 -2 2 0 0 0 4 1 0 -2 0 0 0 2 0 -1 -2 0 0 0 0 -2 2 4 0 -4 0 -4 -4 6 0 0 0 0 -4 0 0 2 0 0 0 4 0 -4 -2 -2 0 0 0 2 2 -3 0 0 0 0 0 6 2 8 0 2 0 2 0 0 0 0 -2 0 -2 0 0 0 0 0 0 0 0 0 0 0 2 4 -4 4 0 0 0 0 0 0 0 -1 0 0 0 4 4 0 0 -2 0 0
8 0 0 6 0 0 0 0 -2 0 0 -2 1 0 0 6 0 0 0 0 0 2 2 -2 0 2 0 -4 0 0 0 -1 5 -2 0 0 0 8 4 0 -4 1 -2 0 0 -4 0 -2 0 0 -4 -2 0 -4 0 0 0 -10 0 2 1 0 -2 -2 -6 0 52 -4 0 0 0 -2 2 3 -4 -4 0 0 0 0 0 0 0 -1 2 -2 2 4 0 2 -1 0 0 4 0 10 0 0 8 0 2 6 4 0 2 0 0 -4 0 4 -2 -2 0 0 1 4 0 0 0 -4 0 0 0 0 0 0 0 0 0 -1 -1 4 -2 -2 -2 -1 -4 2 1 10 0 -2 -4 -4 -2 0 0 -2 -1 0 -2 -2 0 1 -2 0 -1 -4 0 -4 -5 1 0 0 -2 0 -4 -2 0 2 -2 0 0 1 2 4 -4 1 0 8 0 18 0 4 0 -2 0 -1 -2 2 0 4 -4 0 1 -2 4 1 0 2 2 2 0 0 -2 -2 2 6 0 4 -1 0 2 2 0 -4 0 -2 -1 0 4 2 3 0 -4 -1 -4 -1 4 0 0 0 0 0 0 -8 0 0 0 0 1 0 0 1 -2 0 2 4 1 0 2 0 -1 4 0 1 0 1 -2 0 -4 0 -6 0 0 -4 0 0 -5 0 4 2 2 0 0 0 4 -1 0 0 0 -2 -1 -2 0 4 0 0 0 0 0 0 0 0 0 0 0 -8 -2 -6 0 0 -2 0 -5 6 8 0 2 0 0 0 6 4 0 -2 2 -3 0 0 -2 4 0 -2 4 0 2 0 0 -8 -4 0 0 0 4 -2 0 0 4 0 2 2 4 -2 0 0 5 2 0 0 0 2 0 0 -2 -4 0 0 0 0 0 0 0 0 -4 0 0 -2 -1 -1 0 0 -2 -2 0 0 0 0 4 1 -2 0 0 -2 0 0 -4 -4 0 2 0 4 -2 -2 0 2 0 0 0 0 0 0 -6 0 4 0 -2 0 8 0
-2 2 2 0 0 0 0 2 0 0 0 2 0 0 0 -1 0 0 4 0 2 0 0 0 0 0 4 0 0 3 -4 -2 0 2 0 0 0 -2 1 0 -2 -4 -1 -2 -2 0 3 0 0 2 4 -4 0 0 2 -2 -4 2 -4 -1 0 0 0 0 2 0 -4 39 0 0 0 -2 0 -1 2 0 2 0 -4 -1 1 0 0 0 0 0 0 -2 0 0 0 0 2 0 1 0 0 0 0 -4 0 0 -4 0 0 1 0 -4 0 -4 4 -4 -4 -4 0 -6 0 -2 0 0 -2 0 0 -4 3 0 -4 6 0 0 -2 0 0 0 0 -4 0 0 0 0 0 -1 0 0 -2 0 -4 -4 -5 -3 -3 0 0 0 0 0 0 0 -2 0 -2 6 -5 2 -4 -4 0 -6 0 0 0 -4 4 2 0 2 4 0 0 0 2 0 2 0 0 4 -2 0 0 4 0 0 0 2 0 -2 0 -4 0 0 0 0 -4 -4 -2 1 2 0 -3 0 0 0 -4 0 0 0 0 4 0 -2 0 0 0 1 0 2 0 2 -4 4 0 -1 -4 1 -4 0 -1 4 0 0 0 2 0 1 0 0 0 0 0 0 0 5 0 0 2 0 2 0 2 0 0 2 2 4 0 4 -4 0 6 0 2 0 6 0 0 4 0 4 -2 2 -4 0 0 2 4 4 0 2 0 0 0 0 -2 2 0 -2 2 2 -2 2 0 0 0 0 0 0 -4 0 0 2 0 0 0 0 0 0 -2 0 0 -1 5 0 -1 0 0 2 0 1 0 0 2 0 0 -2 0 0 0 0 0 0 2 -4 0 0 -2 0 4 4 0 0 0 -2 0 -1 0 0 0 0 4 0 0 0 0 -2 -2 0 0 0 0 2 0 -1 0 0 0 0 0 1 0 0 -1 2 -2 0 -2 0 -2 -2 -1 -2 1 -6 0 0 0 0 0 -4 0 -4 0 0 -4 0 2 4 0 1 -2 6
0 0 2 0 -4 -2 2 0 0 0 0 0 0 0 0 0 -2 -2 2 -1 0 2 4 -2 4 0 -4 0 0 0 0 2 2 0 4 0 -4 2 -1 0 0 2 0 0 0 0 0 0 0 0 0 0 0 0 0 0 0 0 -4 0 3 -1 1 0 0 0 0 0 32 0 0 0 0 0 0 0 0 8 0 0 0 2 0 1 0 -2 4 0 -4 0 0 0 -4 -4 8 -3 0 0 0 0 3 0 -2 1 -4 0 -2 0 0 0 0 0 1 0 0 -2 0 0 0 0 0 -2 2 0 4 -2 0 -2 0 1 0 0 0 0 -2 0 0 -2 6 0 0 0 0 0 0 0 0 0 0 0 0 0 4 4 2 -2 0 0 0 2 0 0 0 0 0 -2 0 1 0 0 0 0 -4 4 0 2 0 0 0 0 0 0 0 0 0 2 1 0 0 -4 2 0 -1 0 0 0 -2 0 6 0 0 4 0 0 0 -2 0 0 0 0 0 0 0 0 0 1 0 -1 2 0 -2 0 4 0 0 0 4 0 -1 1 -4 0 -1 0 0 4 0 4 0 4 0 -2 -1 0 0 0 0 -4 -4 0 -2 -2 0 2 4 6 0 0 -4 -2 -1 0 0 -4 1 0 -4 0 2 0 0 0 -4 0 4 0 0 0 0 0 0 6 4 -6 -2 0 0 0 -2 0 0 0 0 0 0 -2 -2 -4 0 0 0 0 4 1 -4 0 0 0 4 0 -2 -4 0 2 2 0 0 0 -2 0 0 0 0 0 0 0 0 -6 1 0 0 -2 0 -2 2 -4 0 0 2 2 0 0 0 -2 0 0 0 -4 -4 -3 0 0 0 0 0 0 0 0 2 4 0 0 4 0 0 -2 0 0 2 0 0 0 0 4 0 0 -1 0 0 2 -3 0 -2 0 0 0 0 -4 0 0 4 4 0 -3 0 0 0 0 -6 0 2 6 2 1 0 0 -2 -4 -2 -2
0 6 2 0 0 -6 0 -1 0 0 0 0 -2 -2 -2 0 3 0 0 0 -2 0 0 2 0 -1 10 0 0 -2 2 -2 2 0 0 0 -8 0 0 0 -4 0 0 2 -2 4 8 0 0 3 0 0 0 0 5 0 -2 2 0 -1 0 4 -2 0 -4 0 0 0 0 55 0 0 0 -2 2 0 0 0 6 -4 2 0 -2 0 -4 -2 -1 0 4 0 0 0 0 8 0 0 0 0 0 0 -4 2 0 4 4 -2 -2 0 -1 2 4 4 2 2 0 0 0 6 0 4 -5 -1 0 0 1 -4 -1 0 0 0 0 0 2 0 0 4 -1 0 0 0 5 1 2 0 0 0 3 -4 0 2 0 0 0 0 4 0 -2 -2 -2 0 -2 -2 1 0 0 -2 0 0 -2 1 4 0 1 2 2 0 0 1 0 -1 -4 2 0 2 2 0 0 2 0 0 2 0 -1 0 4 0 0 0 0 2 0 0 0 -1 0 2 4 -2 2 4 2 0 0 0 -1 -2 0 0 1 4 -4 6 0 -4 0 0 5 4 0 6 0 0 -4 0 0 -8 -1 0 0 -4 0 1 0 -1 0 0 -1 0 2 0 -3 -6 0 2 0 0 4 0 1 0 -6 -4 0 -2 -2 2 -6 -4 0 -2 0 -4 4 0 0 -2 2 0 2 2 0 0 0 0 0 -4 1 0 0 0 6 0 0 4 -4 -4 -2 3 0 4 0 0 -2 -2 0 4 0 -6 1 0 0 0 -2 -4 0 4 2 0 0 0 5 0 1 0 6 0 4 0 0 2 4 0 0 -4 0 -1 0 2 0 2 2 5 0 -6 -2 1 4 0 0 2 -4 0 0 0 0 2 1 2 0 0 -6 0 -2 0 0 0 0 -3 -4 1 0 3 0 0 0 0 0 -4 -2 -2 0 0 0 0 6 0 0 2 0 0 -2 3 0 0 0 0 0 0 1 2 -2 0 -4 0 0 -2 1 1 2 -4
0 0 1 2 0 0 0 0 0 0 0 -4 0 0 0 0 0 -1 -1 0 0 2 0 4 0 0 2 0 0 0 0 0 -2 2 0 0 0 0 0 0 2 0 0 2 0 0 -2 0 -1 0 0 -1 0 1 1 0 0 -6 0 -4 0 0 0 2 0 0 0 0 0 0 26 0 0 5 2 8 0 0 -2 -1 0 2 0 0 0 0 0 0 3 5 -4 0 0 0 4 -2 0 0 -4 0 2 4 0 0 0 0 -2 0 -4 0 4 0 0 0 -2 0 0 -2 0 1 0 0 0 2 0 0 0 0 0 0 0 0 0 2 4 0 1 0 2 2 4 0 0 0 -1 -4 2 1 2 0 0 -5 -2 -2 -4 0 -2 0 0 2 0 0 1 0 0 0 -6 0 0 -4 -3 0 0 -4 4 0 -1 0 -1 0 2 0 0 0 0 4 -1 -2 0 -5 0 0 4 0 2 -2 4 0 0 -3 0 0 0 0 0 3 0 0 0 0 6 0 0 4 0 0 0 -2 0 0 0 1 0 0 0 -2 0 4 0 0 -1 0 0 0 -2 0 0 -2 0 0 -4 0 1 0 4 0 0 4 -2 0 -1 -2 0 0 -3 0 2 0 0 0 0 -4 -4 0 0 0 0 0 -2 0 0 2 -1 0 0 0 0 2 0 0 0 -2 1 0 0 0 0 0 0 4 0 0 0 0 -1 0 -2 0 0 -8 2 -6 -2 -1 2 0 4 -2 0 0 1 -2 0 0 0 0 -2 0 0 0 -2 4 0 2 0 -4 4 -4 0 0 2 1 -2 -1 0 -4 2 0 0 0 0 -1 0 -2 0 0 0 0 0 0 2 0 4 1 1 2 0 0 0 0 4 0 0 0 4 0 0 4 0 -4 -1 0 0 0 0 2 0 0 0 -2 -1 0 0 0 0 2 1 -2 -2 0 -1 0 0 -4 0 0 0 -2 -2 8 -5 0 2 0 -1 0 0 -4 -2 0
0 0 4 -4 -2 4 0 1 0 0 4 -5 4 -4 -3 2 -4 -4 0 0 4 0 -2 0 0 0 0 0 2 2 0 0 8 -1 0 1 0 2 0 4 8 2 2 0 1 4 0 -1 4 4 0 4 -2 0 -6 0 -2 0 0 1 1 8 4 -4 0 -2 -2 -2 0 0 0 58 0 2 0 0 0 0 0 2 0 0 1 -2 -8 0 0 0 4 0 3 0 2 2 -1 0 2 -4 0 0 4 -1 2 4 4 4 2 4 4 -2 0 0 0 4 2 2 -2 -4 0 2 2 0 2 0 2 0 0 0 2 4 0 -4 6 2 2 0 0 0 2 -4 0 0 0 4 2 -2 2 0 0 0 1 4 0 0 0 -1 0 2 0 0 2 0 2 0 0 4 0 5 -3 5 0 3 0 0 0 6 -2 0 -2 -3 4 6 -2 -2 0 3 0 0 4 0 6 -4 4 0 4 0 -4 1 3 0 0 -3 0 0 0 -3 9 0 -1 -4 -2 4 3 2 6 -4 0 -2 0 0 0 1 0 4 2 -2 -2 0 7 -1 -1 0 0 2 -4 0 0 0 0 0 2 0 -2 0 4 0 0 -2 4 0 1 6 -3 -2 -2 0 1 0 -4 -2 6 -1 0 0 0 -2 4 -2 0 0 6 0 -4 0 2 0 4 4 1 0 4 0 -1 -1 0 -2 -1 -2 0 0 4 0 0 -2 6 -1 2 -1 2 -2 0 -4 -1 0 0 -4 4 0 4 0 0 0 2 -5 0 -4 0 0 -2 -4 -2 -2 5 0 0 0 2 0 -2 -2 0 0 0 0 0 0 -2 0 4 0 0 0 -4 0 -4 2 0 0 0 0 4 -2 4 -1 -4 -4 0 -4 4 0 2 0 -4 -2 4 0 2 0 6 0 0 0 -4 0 6 -3 2 -1 1 -1 0 -1 -4 2 4 4 4 -2 4 -2 2 2 0 -4 0 -2 2 0 0 2 4 2 0 0 0 0 0 2 0 0
4 -1 0 0 0 -2 -4 0 0 -1 0 0 0 0 0 0 0 0 0 0 -10 -4 0 0 2 0 -3 0 0 -1 0 0 4 0 0 0 -2 0 0 0 6 6 -4 2 0 0 0 0 0 0 0 -1 2 0 -1 0 0 -1 0 -2 0 0 0 4 0 8 2 0 0 0 0 0 45 2 -4 0 0 6 2 0 0 0 0 0 0 0 0 0 2 0 0 0 0 0 0 -2 0 -2 -2 0 2 0 0 0 -2 0 0 -3 2 0 0 0 -3 -1 1 4 0 0 0 0 -2 0 4 0 4 -4 -2 0 4 0 -10 0 0 2 0 0 4 0 -2 4 -4 -6 0 2 0 0 -4 2 0 -1 5 4 -8 2 0 0 -8 -2 -7 -2 0 0 0 0 4 0 0 -5 0 0 -4 0 3 0 4 -2 0 -2 0 2 0 4 -4 0 0 0 0 0 4 0 4 0 -1 -2 0 0 0 0 -3 0 -1 0 0 0 4 4 0 0 -2 2 -2 0 0 -2 4 2 -4 0 -2 3 4 -2 0 0 0 0 4 4 0 -4 -6 -4 -2 2 2 0 -2 0 2 4 5 -2 0 0 -2 4 0 0 -4 0 0 0 -6 0 -4 0 4 0 0 -4 -4 2 0 9 1 0 0 2 0 2 4 -2 -2 0 0 0 0 0 4 0 0 4 0 2 -2 0 2 0 0 -2 0 0 -4 -2 0 -2 0 0 6 -4 0 -2 -2 0 -2 -1 0 0 2 2 0 0 0 1 4 0 4 2 0 4 0 0 0 0 -1 8 -4 2 2 0 -2 -4 2 -2 0 0 0 0 0 0 0 0 10 0 0 0 4 0 1 0 0 4 2 0 -4 1 1 -10 0 -2 0 4 0 0 -2 0 0 2 -4 1 0 0 4 0 0 0 -1 -1 0 0 0 4 0 0 -8 2 -2 0 8 2 2 0 -4 4 0 5 -1 0 -2 -2 -2 0 0 0 0 0 -4 -1 -4 0
4 0 1 0 1 0 5 0 0 0 0 4 2 0 -2 -1 4 0 -2 0 0 -1 0 1 -4 0 -2 6 3 -2 0 0 5 0 0 -4 0 0 7 0 2 1 -4 -2 0 0 -6 0 -2 -6 4 4 -3 -4 0 0 0 -2 0 -2 -4 0 1 4 0 0 3 -1 0 -2 5 2 2 58 0 1 -4 -2 1 2 -5 2 4 0 2 1 1 0 5 6 4 0 -1 -2 0 4 4 2 -1 0 0 4 0 4 -1 0 2 0 1 1 2 -2 0 5 -1 0 -6 0 0 0 0 0 0 -2 2 0 -4 -1 4 0 -1 -2 -2 2 6 5 2 1 -4 1 1 -2 -2 4 -2 0 4 2 -1 2 0 1 -2 4 -4 1 -2 -2 6 0 2 0 1 0 4 -6 -4 2 -3 2 0 -2 -2 6 -2 -1 -2 2 -2 0 0 1 -2 0 -1 -4 -2 2 -6 0 2 -2 5 8 4 -3 0 0 -1 1 1 5 0 0 4 -2 0 7 0 5 0 0 2 1 1 6 4 0 4 0 -2 -1 4 0 2 2 2 0 -2 -1 -2 0 0 0 0 0 -4 -2 2 -1 -2 -3 6 0 8 1 0 2 4 0 0 -3 2 -1 0 0 2 6 -6 0 2 0 -1 0 0 0 4 4 6 -6 2 -2 4 -2 1 1 0 0 -8 2 0 0 0 0 2 -3 0 2 -1 -1 3 0 -4 0 3 2 4 1 -4 4 0 1 0 -1 0 0 0 0 1 -2 2 0 1 -8 2 -6 0 0 0 -7 -4 -8 2 0 4 0 6 -4 0 0 2 -4 -2 -6 0 -4 0 -4 8 4 0 0 1 -4 2 0 2 0 0 0 2 3 2 0 -1 -2 0 0 2 0 4 2 -8 2 -3 0 1 5 4 0 -3 0 -2 4 2 -1 0 0 4 1 2 1 0 0 0 4 -1 0 0 4 1 0 0 -2 1 0 2 -2 3 -1 -2 0 -3 4 0 1 2 0 0 0
4 1 10 -2 0 -2 4 0 0 2 -4 -2 4 4 0 0 2 4 -2 -6 0 4 -4 0 5 -4 0 -4 -4 0 2 -6 8 -2 0 2 0 0 0 -2 2 0 -2 8 4 -7 4 0 0 0 0 0 -2 0 3 0 -2 4 1 2 -4 0 0 1 1 0 -4 2 0 2 2 0 -4 0 56 -2 0 0 0 4 0 0 0 -2 2 -2 0 4 0 -4 0 2 0 0 2 0 8 -4 2 0 0 0 0 0 0 3 -1 4 0 0 4 0 0 4 0 0 4 -4 0 0 -4 0 0 -4 0 0 0 4 0 0 0 0 4 0 4 2 2 0 4 4 4 0 -1 0 4 0 -4 6 8 2 -4 4 0 0 0 0 0 -4 -1 0 5 0 -4 0 -2 0 -4 2 0 0 0 -5 0 0 0 0 -2 0 0 4 0 4 0 0 -2 0 -4 2 1 8 0 0 4 8 0 2 -1 6 -2 2 0 -4 0 -8 4 0 4 4 1 0 0 -1 0 4 4 -2 0 -8 4 -5 0 2 4 2 0 -2 2 0 0 0 0 0 0 -4 0 6 0 -2 0 0 0 0 -2 0 2 0 0 0 0 4 -1 0 4 0 -2 -4 4 2 0 0 4 -2 0 -2 -4 1 4 0 0 -1 2 0 2 4 0 0 0 0 0 0 0 0 2 0 0 2 -1 0 0 4 2 0 0 4 0 0 -1 -2 4 4 2 -4 0 0 2 0 -2 0 0 0 -1 0 -1 -2 0 0 0 2 -2 1 -2 0 -4 2 0 -2 4 2 4 4 -1 0 -5 4 0 0 0 0 -4 -3 -8 0 0 4 4 0 2 -4 -2 0 -2 0 0 -4 4 -2 0 -2 -8 4 -2 -2 0 2 4 0 -2 0 0 0 2 2 4 0 0 4 0 0 0 -4 0 2 -3 0 4 0 4 -4 -4 0 2 0 0 0 0 0 0 4 4 0 -1 0 4 5 8 0 4 0 -6 0
-2 -2 -2 4 0 0 0 3 2 0 0 2 0 0 8 4 0 0 0 0 0 -4 -3 4 0 -1 -4 0 2 0 0 -3 -2 0 4 -4 -4 0 0 0 0 0 0 -4 1 2 0 2 0 0 1 4 0 0 4 0 0 0 -4 -4 -1 0 0 4 -2 0 -4 0 0 0 8 0 0 1 -2 55 -2 0 -2 0 0 2 0 2 6 2 0 -2 0 4 1 0 -2 3 2 0 -2 6 1 4 0 -2 0 0 -2 2 2 0 0 0 0 0 0 0 3 -2 0 -4 8 0 0 -2 0 0 0 -4 0 -2 0 3 0 2 0 -4 8 -1 2 -2 4 0 6 -2 0 0 2 0 4 0 0 -6 -3 -4 0 2 0 -5 0 3 -4 -2 1 -1 4 2 -4 1 4 0 0 0 4 -2 -1 0 0 -1 0 0 -6 -4 0 -2 0 0 -4 8 0 4 0 -6 0 -2 8 0 -4 5 0 0 0 0 4 0 -8 0 0 0 0 0 4 0 4 0 2 4 0 -2 0 -2 1 0 0 2 5 0 0 -4 1 0 0 0 0 -2 -2 0 -2 0 0 0 0 0 -4 0 0 -1 4 1 -6 4 0 0 0 4 0 0 2 -1 0 5 0 0 0 0 -4 0 2 -2 0 0 -2 0 0 -2 -1 1 -1 0 4 0 0 0 -4 -4 0 -2 2 0 0 0 2 4 -4 0 -1 -2 -2 0 -4 4 0 0 3 -4 -8 -2 6 0 0 -4 4 2 0 0 2 4 -2 0 0 -1 0 1 0 0 0 0 2 0 0 0 8 0 6 -4 0 2 0 -4 4 0 0 0 4 -4 2 2 -2 2 5 2 4 6 5 0 4 2 0 0 0 0 0 0 5 0 0 -4 2 0 2 4 0 1 0 2 0 0 -4 -1 -2 4 0 -4 0 3 -8 0 -2 0 -2 -5 4 2 0 -2 2 0 -2 0 0 0 0 -4 -4 0 0 0 -4 2 0 2 4 0
0 0 2 0 0 -1 0 -4 4 0 0 4 0 0 0 0 0 0 0 2 2 0 0 0 -2 0 0 0 -4 -2 0 -1 0 0 0 0 0 -4 0 2 0 4 -2 -2 -2 -6 0 2 0 4 -2 0 -4 0 0 0 2 0 0 4 0 2 0 0 -2 0 0 2 0 0 0 0 0 -4 0 -2 43 0 1 -3 0 0 -1 0 4 0 0 0 2 4 -4 0 4 0 -1 0 2 2 2 -4 0 2 -1 0 -4 0 1 -2 0 3 0 0 -2 0 10 0 4 0 0 0 4 0 4 0 -2 -4 -1 0 -2 0 0 4 0 0 0 0 0 0 2 0 0 2 0 -4 -4 0 -4 0 -2 -6 0 0 0 0 0 2 0 4 4 0 1 4 0 4 4 0 0 0 0 1 1 4 0 -4 2 2 4 0 -6 0 -2 4 4 -2 0 0 0 -4 0 0 4 0 0 2 0 0 0 0 0 -2 -2 0 0 0 2 0 0 0 4 0 0 0 0 -4 -4 0 0 0 -2 0 0 0 2 0 -4 0 0 4 0 0 0 2 0 0 -4 0 0 -4 3 0 0 0 -4 0 6 2 0 0 0 -4 -2 -2 -4 0 0 0 4 0 0 0 0 2 4 0 0 6 0 0 0 0 0 0 0 -2 -10 -2 0 0 0 -4 0 -1 4 0 -6 0 0 0 6 0 0 0 0 -4 0 -4 0 0 0 0 0 2 0 0 6 4 0 -4 2 4 2 2 0 0 0 0 0 -2 -2 -2 -4 3 0 -2 -4 0 2 0 0 0 0 0 4 -4 0 4 0 0 -2 0 -2 0 0 4 -2 0 0 0 0 0 0 0 0 0 0 -2 0 0 0 2 0 0 0 0 0 0 0 2 0 0 0 1 -4 0 0 0 0 -1 0 -4 -2 -2 2 -4 0 0 0 0 0 0 0 0 0 4 0 2 0 2 0 0 0 0 0 0 0 2 2 -2 0 0
0 -1 0 -4 2 -6 -6 0 -4 0 -2 -4 0 0 -2 2 0 2 0 0 0 4 0 0 0 0 0 -4 4 0 0 0 0 0 2 2 1 0 2 0 6 2 -3 0 0 0 -1 4 0 0 0 0 0 0 0 0 0 0 0 -2 0 0 0 0 0 0 0 0 8 0 0 0 6 -2 0 0 0 46 0 2 0 0 -2 4 0 -6 1 0 0 0 -2 0 2 0 8 0 2 0 0 1 0 -1 0 0 -2 0 0 0 0 1 0 0 1 6 0 0 0 0 0 0 0 2 -4 4 0 0 0 2 -2 0 -2 0 2 0 -4 -4 0 -2 10 0 0 0 0 0 -1 0 4 0 0 0 0 0 0 0 0 -2 -2 -2 0 0 0 0 0 -4 4 0 1 1 0 -4 0 0 -2 0 1 -2 0 0 4 0 2 2 0 0 0 0 0 0 0 0 0 4 -5 0 0 4 -1 0 -4 -3 2 -1 0 0 0 -2 0 1 0 0 -2 2 -4 -1 0 0 -2 0 0 0 0 0 4 0 0 0 0 2 -2 2 4 0 0 0 0 0 -2 0 4 2 4 0 0 -1 -1 0 0 0 -4 0 3 2 -1 -2 -2 -2 4 2 2 -1 0 2 -2 2 -4 0 0 0 -4 0 0 0 -1 0 4 1 0 0 0 -1 0 5 0 0 -8 0 -4 -4 -8 2 0 0 -8 2 0 0 0 4 0 0 1 0 0 2 4 0 2 4 8 4 0 -8 0 6 0 4 0 0 0 4 0 0 2 0 2 0 -2 2 0 1 -1 4 0 0 0 0 -2 0 0 4 0 -4 -3 0 1 -2 0 0 0 0 0 0 1 0 0 1 2 -4 4 8 0 0 4 -8 -3 0 4 0 -2 0 0 -2 2 0 -1 -2 0 0 0 0 0 2 0 0 0 0 0 -4 0 0 -1 8 0 0 0 0 -2 4 -2 0 0 0 4 0 0 -2 0 -1 0 0
1 0 -2 1 2 0 0 0 0 0 0 2 -1 0 -2 -2 0 1 0 0 -4 0 0 -1 2 0 -2 0 4 -2 0 4 0 -1 2 -2 0 0 0 0 -3 2 0 7 0 2 0 0 0 0 -6 -2 0 0 2 0 4 -2 -3 0 0 0 2 -8 0 0 0 -4 0 6 -2 0 2 1 0 -2 1 0 64 -4 1 8 0 0 0 2 -2 0 -2 0 -1 -6 0 6 4 8 0 0 4 0 4 0 -2 -1 0 0 2 0 2 8 5 4 0 2 0 0 8 0 0 0 0 0 0 0 -6 -2 4 0 -1 -4 0 0 0 0 0 8 0 2 -1 -1 2 0 0 0 4 -4 0 2 0 0 14 0 0 -4 4 0 0 -2 0 -4 0 0 0 -1 2 -10 0 6 0 1 -1 0 -2 0 8 0 0 -4 -2 0 1 0 -2 -2 4 0 -6 0 0 0 0 4 -2 -8 2 1 -8 0 -1 2 0 2 0 1 0 0 0 0 1 0 1 -2 -4 0 2 0 0 0 0 0 -4 0 -2 0 0 2 4 2 0 6 0 4 0 -6 0 0 0 0 1 0 12 -1 1 2 1 -8 -1 4 2 -6 2 -1 0 -4 0 0 0 0 4 -2 4 2 -2 0 0 0 2 2 -4 5 0 0 -2 -1 -1 13 -1 2 2 0 -1 0 -2 -4 0 4 0 0 -2 0 6 0 0 0 3 -4 0 4 0 0 4 0 0 0 0 2 2 0 2 -2 -2 0 0 -2 -2 -1 -2 4 2 -2 1 -4 4 -2 0 2 4 8 1 0 0 0 0 0 4 2 4 0 0 -4 0 4 -2 0 2 2 -4 -2 2 0 0 0 0 0 2 0 -1 8 0 0 -2 -4 3 0 -2 -2 -4 0 0 2 -4 -1 0 1 -5 0 0 -2 0 0 0 0 0 0 -4 0 -1 0 9 1 -2 0 -1 2 0 0 0 2 3 -1 0 0 0 8 10 -2 0 -2 -4 0
0 -2 4 -2 0 -4 -6 2 0 0 0 -1 0 0 0 -4 0 0 0 0 -8 0 0 1 2 0 0 -4 -1 0 0 1 8 -4 -4 0 -4 2 2 0 -2 0 0 -2 0 2 4 -4 0 -2 2 0 0 0 -8 0 0 0 0 2 -4 0 -2 0 0 0 0 -1 0 -4 -1 2 0 2 4 0 -3 2 -4 60 -4 -2 0 0 0 4 -4 0 -1 0 0 -2 -3 -3 2 0 6 2 -2 0 4 -8 0 0 0 0 2 0 0 -2 4 -4 0 10 4 -2 4 0 0 -4 -2 0 -4 0 4 0 0 0 0 0 0 0 -2 0 0 -6 2 0 8 -6 0 0 0 0 2 -2 -6 -2 0 0 -4 4 -2 1 -4 10 2 0 4 2 -1 -2 -3 2 0 -1 0 0 -4 0 0 -2 -1 0 4 -2 -1 0 0 0 -6 4 0 1 1 0 2 -2 0 -2 4 0 0 2 0 8 0 -2 -1 -2 4 -2 0 -8 0 2 0 0 -1 -4 -1 2 0 1 2 4 0 0 -2 0 -2 -4 0 6 0 0 0 -2 0 4 -2 -2 4 -1 2 -3 0 4 4 -4 1 2 -4 -2 -2 0 0 0 -4 2 -1 1 0 -8 -3 -3 0 0 4 4 0 -4 3 -4 -2 2 0 -4 0 -2 4 2 4 0 0 0 2 -2 0 -2 4 5 -2 0 0 2 -2 1 0 0 1 0 0 -1 0 2 0 0 1 0 -2 -2 2 8 0 0 -2 0 -3 2 0 -2 2 -2 2 0 -1 4 0 5 2 1 2 0 4 0 -2 4 8 -2 -2 4 -4 -4 0 0 0 -4 2 4 4 0 -4 0 2 2 6 2 -4 -2 0 0 0 -2 3 0 -2 0 0 6 2 4 0 0 2 0 -2 -1 0 0 3 -4 2 0 -2 2 -4 1 0 -2 0 0 0 8 2 6 1 0 4 0 0 0 0 0 0 4 4 -6 4 8 0 0 2 0 -3 -2 0 2 4 0
0 0 0 4 0 0 4 3 -1 0 4 0 1 -2 0 0 -4 0 0 0 4 -4 -2 1 0 0 0 0 0 2 2 -2 -2 2 2 0 0 0 0 0 -2 0 -2 -1 4 -2 0 0 2 0 2 -2 0 0 0 0 -6 0 -2 0 0 0 0 -4 -2 0 0 1 0 2 0 0 0 -5 0 0 0 0 1 -4 38 0 0 0 4 0 2 0 -4 0 0 0 2 10 4 -4 0 0 2 0 0 4 -1 -4 4 0 0 -2 0 0 0 0 -1 0 0 -4 0 0 0 -2 0 0 0 0 0 0 0 0 0 0 0 0 0 -2 0 0 0 -2 0 3 0 0 0 2 2 -2 -4 0 4 -2 1 2 -4 0 3 2 4 0 2 -4 0 2 0 2 0 0 0 0 0 0 0 0 -4 4 0 2 0 2 -2 0 0 -2 0 0 0 -2 0 -2 2 0 0 0 -4 0 0 0 -4 0 4 0 -4 2 0 1 0 2 -4 0 1 0 4 7 -2 0 -4 0 0 2 0 0 0 0 0 -1 0 -2 0 0 0 0 4 -1 0 -2 2 0 0 0 0 0 0 -4 -2 0 0 0 -1 0 2 -2 2 -1 0 2 0 0 0 0 0 0 0 0 4 0 0 -4 0 0 -2 0 0 0 -2 2 -2 -1 -1 4 -6 -4 0 0 -2 -2 -1 0 2 2 -3 0 -2 0 0 0 -2 -4 2 0 0 -2 0 0 -4 -2 4 0 -4 0 0 2 2 3 0 0 0 3 0 -4 0 2 0 0 -8 2 0 2 0 0 0 4 0 2 0 2 0 0 0 0 2 0 0 -2 0 4 0 2 0 -2 0 0 0 3 0 2 0 4 0 0 -1 -1 0 -2 -3 2 0 -2 0 0 -2 2 0 5 0 -4 1 4 0 1 0 -1 2 0 2 -4 2 -4 0 0 0 -1 0 0 3 0 0 0 0 2 0 -3 0 -1 8 0 10 0 -4 0 2 -2
2 0 0 0 0 0 0 -1 -2 0 0 0 0 0 0 0 0 0 -2 2 0 3 0 0 0 0 -1 0 6 0 4 -4 0 0 0 -4 2 0 2 0 2 0 -2 4 -4 0 -4 4 0 0 0 2 -2 0 -4 0 0 0 0 4 0 0 0 0 0 0 0 0 2 0 2 0 0 2 0 2 0 0 8 -2 0 30 0 0 0 -1 0 0 -1 0 0 0 4 -2 0 2 0 4 0 0 3 0 0 0 -4 2 -1 0 -1 0 10 0 0 0 0 0 4 0 1 0 4 0 0 0 0 0 0 0 0 -2 -2 -2 -2 -1 0 -2 0 0 0 0 0 0 4 -4 0 0 0 2 0 0 0 0 0 2 0 0 0 -1 0 0 0 -2 4 0 0 -2 -4 -2 4 0 0 -4 -4 0 4 0 0 0 0 0 0 0 0 0 0 2 -1 0 0 0 0 0 0 0 0 -4 -4 0 0 0 1 1 1 -4 -6 0 0 0 1 0 2 0 0 0 4 0 0 0 -2 0 0 0 0 2 0 0 0 0 0 -2 0 0 -4 -2 -2 0 0 0 0 0 4 0 0 0 0 -4 -2 0 0 0 -2 -8 0 0 10 0 0 0 0 0 2 0 0 -2 0 -2 0 0 0 0 4 -2 2 2 0 6 -4 4 -1 0 2 0 2 -8 0 -6 0 4 0 0 0 0 0 0 2 0 2 0 -2 0 2 0 0 0 0 0 2 1 0 0 0 0 0 0 -4 0 2 -4 0 2 -6 0 2 0 0 0 0 2 0 0 0 0 1 0 0 -2 0 0 0 -2 1 2 0 0 0 0 0 -2 1 -2 4 0 -2 4 2 0 -2 4 1 0 0 0 -2 1 0 0 2 0 0 2 -2 0 4 2 -2 0 0 -4 0 0 0 4 0 0 0 0 -2 1 0 0 2 -2 0 -4 0 0 0 5 4 -2 1 -1 0 2 0 6 -2 -2 4 4
0 -4 0 -4 0 3 4 2 1 2 2 4 0 2 -5 -9 4 2 -3 2 -4 -4 2 0 0 -2 -2 0 0 -4 0 0 0 0 0 0 0 0 0 -2 0 0 0 0 0 -2 -2 0 0 4 1 0 2 4 0 0 0 -4 3 0 -6 0 -8 0 2 0 0 0 0 -2 0 1 0 4 0 0 -1 -2 0 0 0 0 68 0 0 0 3 0 -2 -4 2 4 0 0 -1 0 -4 0 2 0 0 -1 -2 0 2 -4 -5 -2 -2 -1 -4 6 0 -6 -2 -5 -6 2 1 0 -1 1 -4 -1 -4 0 4 -2 4 8 3 0 -2 0 8 4 0 0 -4 0 -2 6 0 0 2 0 1 -4 -6 0 2 -6 -2 3 0 -4 -6 -2 2 0 -4 -3 0 0 -3 -2 0 -2 -8 -1 -1 -1 -4 -1 5 0 -2 2 2 -2 4 -4 0 3 0 0 0 0 -2 0 4 4 -2 0 -2 0 -2 0 4 2 2 4 0 5 0 0 -4 4 -8 0 -2 2 0 0 0 4 -4 -2 0 4 -2 4 -2 2 4 -8 -2 -6 2 9 0 -4 -1 0 -4 0 -4 0 -2 0 0 2 0 2 0 2 -4 6 0 -4 -1 0 -2 0 0 1 4 4 -2 2 0 4 -2 -4 -2 -6 2 -4 0 -4 0 0 0 2 -2 -4 0 -4 0 4 6 0 5 2 4 0 -2 0 0 0 1 0 1 -8 -6 -4 2 0 4 10 0 0 -1 0 0 0 0 0 2 0 -4 0 4 -4 -2 -3 -2 0 2 -4 0 2 2 1 0 0 0 4 0 -2 -2 0 -4 -2 0 4 2 4 0 1 4 2 2 0 0 -2 0 -6 -4 0 4 6 2 -2 0 0 0 4 0 -2 2 -4 -1 2 -4 0 0 0 14 -2 0 -1 -2 4 -2 -4 0 4 4 0 0 0 -4 0 4 0 2 -1 4 0 -2 0 -2 0 -2 -1 0 1 -2 0 4 -2 0 0 -4 0 3 -8 0 -1
0 10 0 -2 0 1 -4 -4 -2 0 -2 2 0 4 2 0 0 4 0 3 -1 0 2 0 0 0 -1 0 0 2 0 3 1 1 0 -4 0 -4 0 -2 0 0 -2 -4 5 -2 0 0 -4 0 0 0 3 0 0 0 0 0 0 2 2 0 0 4 0 0 -1 0 1 0 0 -2 0 0 -2 2 0 4 0 0 0 0 0 57 -4 1 8 0 2 6 2 -1 0 0 0 0 0 0 0 0 0 0 0 0 4 0 0 -1 0 2 0 0 0 0 0 0 0 0 0 -2 2 0 0 -4 0 4 4 0 -4 8 0 -2 4 -4 2 0 4 -6 2 0 -2 0 3 0 -4 -4 0 4 4 -2 0 2 2 1 0 0 -1 0 0 -2 2 -2 0 0 0 0 0 1 0 -2 0 -2 0 0 4 0 0 -1 4 -4 2 0 8 -2 0 4 0 -1 0 0 0 0 0 0 -2 0 0 -1 0 0 0 -2 0 1 0 -2 -2 -4 2 0 4 0 4 -2 0 0 2 0 0 0 2 -6 0 0 -3 0 -4 4 0 -2 8 0 1 4 -2 -4 -2 0 0 0 0 0 -1 0 2 -1 0 0 1 -9 2 0 0 0 2 2 0 2 0 8 -4 0 0 0 4 -2 0 1 0 0 -2 1 -2 -3 -4 0 2 -5 2 0 -5 4 -1 4 -2 0 0 -3 0 0 4 0 0 -1 -4 0 0 5 -4 -2 0 0 0 1 0 0 0 0 -4 4 0 0 2 0 0 -2 0 0 -4 4 -2 0 2 -2 7 0 -4 -2 2 -3 7 0 4 -3 0 2 -4 0 0 4 0 0 0 0 -2 0 0 0 0 -2 -6 -2 0 0 0 0 0 2 12 -4 1 2 0 4 2 0 0 -2 0 2 4 0 -2 2 9 4 -1 1 -4 2 1 0 -4 2 2 -6 0 0 0 4 0 -2 0 -3 2 0 0 4 0 0 -5 0 0 0 -4 0 -4 0 0 0
4 2 0 2 2 -4 0 0 -1 0 -10 0 0 1 1 0 -1 -6 0 0 -2 1 -8 -9 6 0 -2 0 2 2 0 -4 6 -6 2 1 -2 0 -4 0 0 0 4 -6 -2 -7 0 4 -4 -5 0 -2 0 -4 -1 0 1 -5 0 0 -5 0 -4 6 -2 1 2 0 0 -4 0 -8 0 2 2 6 4 0 0 0 4 0 0 -4 73 0 -4 4 0 4 3 -2 -5 -1 2 2 -4 0 0 -2 2 0 0 1 -4 1 0 0 6 0 0 -6 2 1 6 2 -2 0 -4 4 5 -6 0 0 -4 2 4 -2 -2 0 -2 0 -1 0 0 -2 0 -4 -2 8 -2 5 -2 2 4 -2 -2 -2 0 0 0 2 4 0 0 -2 4 0 -2 0 3 -2 4 2 0 4 4 -4 -8 0 0 0 0 -2 2 -6 4 -1 -2 -4 -1 0 2 -1 -6 0 0 4 -6 -2 -6 0 2 2 -3 0 2 0 -6 -2 -4 2 -4 0 0 1 1 10 0 4 0 -5 -2 0 0 0 0 6 2 -5 0 2 -2 -5 4 0 1 1 -4 -2 2 -6 0 -2 0 0 0 0 0 0 2 0 0 -6 6 0 -4 5 0 -8 5 4 0 5 0 -6 4 0 2 -4 -6 2 -4 1 0 0 -2 0 0 -3 0 2 0 -2 -6 0 0 0 2 0 2 -2 0 0 2 -1 0 0 -4 0 -3 2 0 0 0 0 -6 -4 0 -6 0 -2 0 -2 4 4 -6 0 -6 -3 4 0 0 -10 0 2 0 4 0 0 -2 8 2 0 2 -2 -1 1 0 0 4 -4 -2 2 0 0 2 -4 2 0 -5 4 5 8 0 0 2 0 0 -4 -6 0 3 0 4 2 4 0 0 -8 -6 0 2 2 -8 -3 0 0 -2 2 1 -2 0 0 1 0 2 0 4 -2 -1 -2 2 1 -2 0 -4 0 -2 4 6 0 4 0 -4 0 4 -5 1 -2 0 0 2 -2 -2 -4 4 0 0 -4
-2 -2 -1 0 0 -2 -4 0 0 1 2 0 -2 0 0 0 0 0 0 0 -2 -2 -3 -2 3 -1 0 4 4 0 0 3 0 -2 -4 -1 -4 0 -2 0 2 1 -2 2 -1 2 4 0 2 0 0 0 2 2 0 0 0 0 -4 -2 -3 0 0 0 1 4 -2 0 -2 -2 0 0 0 1 -2 2 0 -6 2 4 0 -1 0 1 0 41 2 0 -2 0 0 -1 -4 4 -2 0 0 2 0 0 0 0 0 0 0 0 2 0 -1 0 0 0 0 8 0 -4 0 0 -3 0 0 0 4 0 0 0 -2 0 0 1 1 0 0 2 2 0 2 -4 -4 -8 0 -2 0 -4 2 0 0 -2 0 0 4 3 2 0 -4 4 -4 0 0 0 1 0 2 2 0 4 4 -2 -5 0 -4 0 0 0 6 0 0 1 0 -4 0 -2 0 2 -1 -1 0 1 0 0 -4 2 2 1 0 0 0 1 0 0 5 -2 0 0 -1 0 2 1 0 6 0 0 0 0 -2 2 0 0 2 -4 -4 -2 -6 0 0 2 4 2 0 8 2 0 4 -2 -2 4 -2 -2 0 2 0 -2 0 0 0 0 0 4 3 2 -4 0 0 -4 -4 4 0 0 -3 -4 1 3 -2 0 0 4 -2 -2 0 0 -2 -2 1 0 0 0 2 3 -4 2 0 0 -1 0 4 0 0 0 4 0 2 0 3 0 0 2 2 2 0 0 1 0 0 5 0 0 0 -3 -4 4 2 4 -2 2 0 2 0 -1 1 -2 -2 0 4 2 4 -4 5 0 2 0 -2 4 -2 2 0 2 0 0 2 0 0 0 -4 0 6 -4 -6 4 0 2 2 0 0 -2 0 -4 2 4 -1 1 2 0 -2 0 0 0 0 0 4 0 -2 0 -4 1 0 -2 0 0 0 2 2 0 -2 0 0 -4 2 4 0 2 -2 -4 0 1 0 2 8 2 0 0 0 0 -3 4 0 0 2 2 4 0
0 0 1 1 -1 2 0 0 0 0 0 -2 0 2 0 0 -4 6 0 -3 0 -2 9 -2 0 -4 -2 4 -2 0 7 2 -2 0 0 2 0 -2 2 0 0 1 0 0 2 -4 0 0 -2 0 -1 0 -1 0 2 0 0 0 1 0 0 0 1 -1 0 0 2 0 4 -1 0 0 0 1 0 0 0 1 -2 -4 2 0 3 8 -4 2 42 0 -2 2 -4 0 1 0 0 -2 2 2 0 0 0 4 0 -2 0 0 -4 0 0 6 4 1 -4 6 0 -2 4 0 6 -6 1 1 2 -2 6 -2 -1 4 -4 0 4 -4 4 -3 2 1 1 0 4 0 -1 4 -2 0 0 -2 0 0 0 0 0 16 1 5 4 2 -1 -1 0 -2 -3 -1 2 0 -1 0 4 2 1 0 0 -2 0 0 2 3 0 4 0 -1 0 3 2 0 -2 2 0 2 0 0 -6 -2 2 2 0 0 0 -2 4 0 0 -2 0 0 0 -5 -1 0 0 4 0 2 0 0 0 0 -4 0 -1 0 4 -2 4 0 0 0 -2 2 -2 0 6 0 0 0 0 3 0 2 -4 -1 -2 0 -2 0 -4 2 2 6 2 -1 -6 0 0 -1 -2 1 0 -2 0 4 -2 0 -6 0 2 0 -4 0 0 2 0 2 -4 0 0 1 2 -2 2 -2 -3 1 -2 2 3 0 -1 -1 0 0 2 0 -4 0 -1 0 0 -2 0 -4 0 0 4 0 0 -1 0 -2 0 2 0 -2 4 0 0 -6 0 0 1 4 0 0 3 -4 0 0 0 0 0 -4 1 2 2 0 0 0 0 0 2 0 0 -1 -2 0 0 -1 -6 0 0 0 0 0 2 -4 -3 0 2 0 -2 0 -2 -2 0 0 3 -2 1 0 0 4 0 0 4 -4 2 0 0 0 0 0 -2 0 -2 0 1 -7 0 -1 -1 0 1 -1 2 0 3 4 -2 -4 4 0 -4 3 0 0 -1 -2 -2 0 4 -2
-4 4 -4 2 0 0 -4 0 0 0 4 -2 0 0 0 0 0 0 0 0 0 0 0 -1 0 0 5 0 1 -1 0 0 0 -2 3 0 0 0 -4 0 0 4 -2 2 -1 0 2 -1 0 0 0 -2 0 4 -2 0 2 0 -1 -4 -4 -4 -2 -4 0 0 4 -2 0 0 0 0 0 0 4 -2 0 0 0 0 0 0 0 0 4 0 0 33 -4 0 0 -2 -2 -2 2 0 0 0 0 0 0 0 4 2 0 0 0 0 4 -2 0 0 0 1 2 5 0 2 0 0 0 0 0 0 -9 0 0 4 2 4 0 0 2 0 -3 2 0 0 2 0 -2 -4 0 4 2 -1 0 4 2 0 0 -3 0 4 0 -4 0 0 2 4 0 0 -2 2 0 2 0 2 0 6 0 -4 4 2 -4 2 0 0 0 4 0 0 0 0 -4 -4 0 0 0 5 0 1 0 4 1 0 4 4 0 0 -2 4 0 0 0 0 2 0 0 0 -1 0 4 0 -1 0 0 4 0 -2 0 0 0 2 0 2 0 0 4 4 0 -1 5 4 8 0 0 0 4 0 2 0 1 -1 0 0 0 -2 -2 -4 0 2 0 0 0 0 2 2 2 0 0 -2 0 0 0 0 0 0 1 4 -2 0 0 0 -1 0 -2 -2 -4 2 0 0 0 -2 0 0 0 0 0 1 -2 0 2 4 4 0 0 -2 0 0 0 4 -4 1 0 2 0 0 0 -4 0 0 0 2 0 0 0 0 0 0 4 -2 0 0 6 -2 0 2 -2 0 0 2 0 0 0 0 0 0 0 0 0 0 5 0 0 -2 0 0 0 2 0 0 0 -6 0 -6 1 -4 -2 0 2 0 0 0 2 0 0 6 -4 0 -6 1 0 0 0 0 -1 -2 0 0 0 -2 -1 0 0 0 0 2 -2 0 4 4 0 0 -4 0 0 0 0 0 0 0 0 0 4 -4 0 4 0 2
0 -8 0 4 0 -6 4 2 2 -4 -1 0 0 0 0 -2 5 0 0 0 4 3 -2 0 0 0 3 0 0 -4 -4 -4 0 -2 -2 1 -2 -1 -2 4 -4 0 4 0 0 0 -2 0 -2 0 0 0 5 -2 0 0 0 -2 0 0 -2 0 -6 3 -4 -2 0 0 -4 4 3 4 2 5 0 0 2 0 -2 -1 -4 -1 -2 2 0 -2 -2 -4 66 0 0 0 1 2 -2 3 4 -4 -1 0 -3 0 0 0 0 -4 2 2 2 2 -2 0 -2 2 2 0 0 0 0 0 -2 1 0 2 0 -2 2 4 0 -3 4 2 4 0 -4 1 1 -2 0 0 0 0 -4 0 -2 0 4 -2 2 0 3 0 -2 0 0 0 2 -2 -2 0 6 -2 -3 0 0 -4 -4 0 0 0 2 0 2 -2 2 0 4 4 -1 2 -2 0 0 0 1 -1 0 0 -4 0 2 0 0 0 0 -2 0 0 -2 0 -5 1 6 0 0 0 0 -2 -1 -4 -2 0 2 0 0 0 0 0 1 0 4 -2 0 0 0 1 -2 -6 0 -3 -4 0 2 0 -2 2 0 -2 4 0 0 -4 2 4 2 0 -2 2 0 0 -3 2 0 0 -4 0 0 8 0 4 6 -4 4 4 -2 6 0 -1 -1 0 0 -2 0 -2 2 0 -2 2 2 0 0 0 0 0 -4 -4 0 0 0 0 2 0 -2 0 0 0 1 -2 2 -3 4 -2 0 -2 0 0 -4 1 0 4 4 0 0 0 5 -1 -4 0 -2 0 -2 0 0 -2 -2 0 4 0 -6 -4 0 0 0 6 2 -2 0 0 0 1 0 -4 0 0 0 2 0 0 4 4 0 0 0 4 1 1 6 0 0 -3 -4 -4 4 0 4 8 0 0 2 -4 3 6 0 0 6 0 0 0 0 0 -2 0 0 -2 0 4 -1 -2 5 0 2 0 0 2 0 0 0 0 -2 -2 -3 2 -4 -2 -4 4 0 0 0 0
4 0 -2 2 -1 4 0 0 -2 -4 0 4 0 4 0 0 -1 0 2 6 4 0 0 4 -10 0 0 0 0 0 -2 4 4 0 0 0 2 0 0 0 0 0 -4 2 -2 0 0 -2 0 0 2 0 -2 -3 0 0 0 -2 2 -3 0 0 0 0 0 0 2 0 0 0 5 0 0 6 -4 4 4 0 0 0 0 0 -4 6 4 0 2 0 0 41 4 0 -2 -4 0 0 4 1 0 0 0 0 0 2 -4 4 0 -2 0 4 4 -6 0 2 -4 1 -2 0 0 1 1 0 4 2 0 0 -1 0 0 5 0 0 0 0 0 0 0 0 6 0 0 0 1 2 2 -4 0 0 0 0 0 0 0 2 0 2 0 0 0 -6 0 0 2 0 0 0 0 0 0 0 0 0 0 -2 4 -2 0 -1 0 0 0 0 4 0 -4 4 0 0 0 -4 0 0 -2 0 0 -4 0 0 0 0 0 0 0 0 0 -3 4 8 4 6 0 0 0 0 0 0 0 0 2 0 0 0 -4 4 -2 0 0 1 0 4 0 4 0 4 0 -4 0 4 0 2 -2 2 2 -2 2 1 0 0 0 0 4 0 0 0 0 0 0 -2 0 1 0 -4 -4 0 0 0 0 -2 0 0 0 0 -2 0 -4 0 0 0 0 0 0 0 0 0 -4 0 0 0 0 4 4 0 0 0 -1 0 1 -3 0 -4 4 0 0 -2 4 0 -2 -4 0 -4 5 2 0 -6 2 0 -2 -2 0 0 -2 4 0 -1 -2 0 2 0 -4 0 6 0 4 2 -1 0 2 0 4 0 0 -1 4 4 -2 0 2 0 0 0 -4 -4 0 0 0 -2 2 4 4 4 0 0 0 0 3 0 -4 4 -1 0 -2 0 -4 0 4 0 0 0 4 -2 0 0 -4 0 0 0 2 8 -3 4 1 -2 -2 4 4 2 0 0 2 0 0 0 0 0 0 0 -8 0 6 0
0 -2 4 0 0 0 2 -3 -10 0 0 8 0 0 6 4 0 -4 0 0 0 -7 0 0 -2 2 -4 2 -2 4 0 2 0 -1 3 0 0 6 -4 0 3 0 2 0 3 2 0 0 4 1 0 0 0 0 -2 0 -6 -2 -4 0 -6 0 4 2 -2 0 -1 0 0 0 -4 3 0 4 0 1 -4 -2 -1 0 0 0 2 2 3 0 -4 0 0 4 60 6 1 0 0 0 2 4 2 0 -4 0 0 5 0 -4 4 2 2 -1 0 0 0 2 -6 0 3 0 0 2 2 -4 -1 0 0 0 -2 2 0 0 0 0 -8 2 -2 -1 0 -4 0 0 0 0 -2 8 2 0 4 4 -6 -4 4 -2 0 -2 0 -3 -2 4 0 0 0 -3 0 -3 0 4 0 0 0 10 1 1 0 2 0 -6 0 2 0 -2 0 -8 0 -2 -1 2 0 4 0 2 0 0 -2 2 0 7 0 0 4 2 0 4 0 0 -2 0 5 0 0 0 2 0 -2 2 0 6 0 2 -2 0 0 1 -1 4 1 4 0 4 4 2 -4 -2 0 0 0 0 -4 8 0 0 0 3 1 3 -3 0 -2 0 0 4 1 3 0 -6 6 -5 0 -4 2 0 0 0 0 0 0 0 0 6 0 2 0 0 0 0 0 -3 0 -4 -5 4 1 8 -2 2 0 -4 2 4 0 0 2 0 0 0 1 0 4 0 0 0 -2 0 4 2 0 0 -2 4 -2 -2 -2 2 0 0 0 0 4 0 -6 -4 2 4 0 0 6 5 1 0 0 0 9 0 -1 0 0 0 0 0 2 0 0 0 0 6 -2 0 1 0 0 0 0 0 2 0 -2 2 1 0 8 0 4 2 -4 2 4 1 -4 -1 0 3 -4 0 4 0 4 0 2 0 0 4 0 0 0 0 14 0 0 4 0 -1 -2 0 -2 4 0 0 0 5 5 0 0 0 0 1 4 4 0 0 2 8
2 0 4 0 1 4 1 0 0 4 -2 0 0 2 2 0 4 2 0 -1 4 0 -2 0 0 0 0 0 0 0 0 0 0 2 0 4 0 -2 3 0 0 0 0 0 1 0 -2 1 0 0 0 0 0 2 0 0 0 2 -2 0 -1 -2 0 -1 -1 0 0 0 0 0 0 0 0 0 2 0 0 0 -6 -2 0 0 4 -1 -2 -1 0 -2 0 0 6 27 0 0 0 0 -2 0 0 0 0 2 0 -4 0 2 0 0 -2 -4 0 0 -4 0 1 3 4 0 2 0 0 0 0 0 0 4 0 0 -1 0 0 1 2 2 0 -4 -2 -2 5 0 0 2 -2 0 -2 -2 0 2 0 0 4 -2 0 0 0 -1 -1 -5 0 0 0 0 0 0 -6 0 -2 0 0 -4 0 0 0 0 0 0 0 -4 4 0 0 -2 0 0 0 4 4 0 2 -2 0 0 0 4 0 1 0 0 0 0 -1 -2 0 0 0 0 0 0 -6 4 -4 2 0 2 0 -4 -2 0 0 0 0 0 0 0 0 0 -4 0 0 0 -1 -6 0 -4 0 0 0 4 0 2 -1 2 -2 0 0 0 0 0 0 0 -2 2 0 0 -1 -2 0 0 3 2 1 0 0 2 0 0 0 2 0 2 0 -2 -5 -1 0 0 0 -2 -4 0 4 2 2 -4 0 0 0 2 0 0 1 0 0 0 -6 0 2 0 0 0 -1 0 -1 0 0 -2 0 0 0 2 -4 0 0 0 -3 0 0 -2 0 0 0 4 -4 0 0 1 2 0 0 0 0 0 0 0 -6 1 -4 0 -1 -2 2 0 4 -2 -2 -3 0 -4 0 0 1 0 0 2 0 1 0 0 0 -1 0 -4 -4 0 0 2 0 0 0 0 0 0 -1 -1 -1 0 2 1 -2 0 0 0 0 2 4 0 4 0 0 0 0 0 1 3 2 0 0 2 -2 -2 0 0 0 0 0 3 0 -4 2 6
0 -1 0 -2 3 0 2 0 0 0 0 0 2 0 0 0 0 0 0 0 6 2 -2 0 6 0 0 0 2 0 4 0 -5 -2 -2 -2 0 0 0 0 -4 -2 0 0 0 1 0 2 2 4 2 1 1 -2 1 0 0 4 0 0 -3 0 -1 6 0 -1 0 2 -4 0 0 2 0 -1 0 -2 4 2 0 -3 2 4 0 0 -5 -4 1 -2 1 -2 1 0 45 0 -8 0 1 4 2 -4 -1 4 0 -1 0 0 0 -1 0 -1 0 -1 -4 -2 -2 0 -2 0 0 1 0 1 0 -4 3 0 -3 0 0 -2 2 2 6 0 1 -1 -2 8 4 2 1 -2 0 5 -2 -4 0 -4 -5 2 0 2 -2 2 0 4 4 2 4 3 -1 1 0 -4 0 2 -6 -6 1 0 4 -9 4 2 0 0 0 0 -2 4 0 -1 0 -2 3 -5 0 0 4 1 0 5 0 0 -1 2 5 0 0 -1 0 -8 -2 0 1 0 2 0 2 0 -1 6 0 -9 -6 0 -1 0 -1 6 0 0 -4 0 0 0 0 -2 0 2 0 0 -6 0 -10 -1 0 -1 2 0 -1 0 0 0 -3 0 0 -1 -4 -2 4 -2 0 1 6 -2 0 1 2 0 0 0 -1 6 0 2 -2 2 -1 -2 -1 -1 4 3 2 0 0 0 0 -4 0 0 0 2 0 2 0 -4 0 0 -2 0 -4 -2 -3 0 5 -2 2 2 0 -2 1 0 0 -2 4 3 0 0 -2 -4 -1 0 -4 2 0 0 -2 4 -1 1 -2 0 4 1 1 0 4 0 0 0 0 0 0 -2 0 0 -2 -3 -1 0 -6 0 0 0 -4 -1 -2 -1 0 0 -2 4 0 2 -4 2 -2 0 2 -1 -2 -2 0 0 1 -2 -4 0 5 1 0 0 0 6 0 0 4 0 0 4 0 0 2 -2 0 2 -2 0 -7 0 4 2 2 -2 0 1 2 0 -1 -1 0 0 2 3 0 0 -2 0
0 2 4 2 0 0 8 0 6 10 -4 -2 -2 -2 0 0 -4 2 2 -8 5 0 -2 3 -2 0 2 0 -1 1 0 0 -3 3 0 -2 -4 0 0 0 -2 -2 -4 -4 2 6 -6 -4 6 0 -6 0 0 0 0 0 -5 2 -2 0 -7 0 2 2 -6 4 4 0 -4 8 0 2 0 -2 0 3 0 0 6 -3 10 -2 0 0 -1 4 0 -2 2 -4 0 0 0 71 -4 -2 0 0 -2 0 -6 4 0 0 4 6 -1 2 0 4 0 2 2 6 0 -2 2 -8 0 0 -4 2 0 -8 0 0 0 0 1 -4 4 10 0 8 4 2 -2 2 4 0 -2 1 2 -2 -4 4 -4 -6 0 0 8 4 -2 -2 0 0 -4 -2 -2 -4 -3 3 1 0 0 3 -1 0 0 0 4 0 5 2 0 -1 2 1 2 2 0 -2 6 3 0 0 2 2 0 -4 2 -2 0 0 -2 -2 2 -2 6 0 -2 -2 0 -4 4 0 2 -2 -2 -2 -6 -6 0 -2 -6 -2 0 -6 4 -4 0 -2 0 -2 -4 -4 2 2 0 0 0 2 0 -8 -4 -2 0 0 0 0 -1 -2 0 -2 0 0 4 4 10 0 4 0 0 0 -4 0 0 4 5 4 2 0 2 4 -4 0 -4 -3 0 2 0 0 0 2 0 -2 0 0 2 4 0 -2 -2 -4 -2 -1 0 0 1 -4 2 0 -3 0 1 -1 0 2 0 0 4 2 0 -2 0 0 0 -2 0 2 0 0 0 2 1 3 0 0 0 -1 0 -4 0 0 -6 0 4 -2 4 2 4 -4 -4 0 -4 0 0 0 0 -2 4 -2 2 0 3 0 2 -1 0 0 -2 4 -1 0 2 -4 0 -6 2 4 -3 -4 -4 2 0 0 -2 0 2 2 6 4 -2 0 -10 -6 0 2 -4 0 -3 0 0 4 2 0 -2 -8 4 0 0 2 4 5 0 -1 0 0 10 2 0 -2 2 4 13 0 -4 0 2 -4
0 0 2 4 4 -1 0 4 -2 2 -1 0 0 0 0 0 1 1 -4 0 -2 0 0 0 2 0 -1 0 2 2 0 4 4 0 0 0 0 2 1 -2 3 2 -1 0 -1 0 1 2 0 0 0 -2 4 0 0 1 -4 2 -4 0 4 0 2 0 2 0 0 1 8 0 4 -1 0 0 2 2 -1 8 4 2 4 0 -1 0 2 -2 0 2 -2 0 0 0 -8 -4 44 0 0 0 -4 0 2 -4 0 1 0 0 -3 -2 0 -1 0 0 0 0 -2 0 2 0 0 0 -2 2 0 4 0 0 2 2 0 0 0 0 -2 0 0 -6 2 -2 4 -4 6 0 0 0 2 -4 0 2 0 0 0 -2 -2 0 0 -2 0 0 0 1 0 2 0 6 0 2 4 2 1 0 -1 -2 -4 0 2 2 -2 2 0 1 0 0 0 -1 2 2 4 0 0 2 -4 5 2 2 0 0 -2 2 -1 1 0 3 -2 1 0 0 2 4 -3 4 6 0 -6 4 0 0 0 2 6 -2 0 0 8 1 2 2 -2 4 -1 0 -4 0 0 1 -5 2 0 0 -2 0 2 -1 0 0 0 0 -3 -9 2 1 -1 0 1 0 0 2 0 0 -3 0 -1 2 -7 -4 0 -2 0 4 0 -1 0 0 -5 1 0 0 1 0 0 0 2 4 -3 2 -4 -4 0 0 -4 2 7 1 -4 0 0 0 0 2 0 0 2 -2 -4 -2 2 0 0 0 4 0 2 -4 2 2 0 -1 0 0 2 0 1 0 4 -2 0 0 2 5 0 0 0 2 2 -1 0 -2 -2 0 0 3 0 0 0 0 0 0 0 0 0 2 0 0 3 1 4 -1 0 0 4 4 2 4 2 0 4 -1 0 -2 -2 0 -4 -1 0 1 0 4 0 4 0 0 0 0 0 2 0 0 0 -4 -1 0 0 2 0 0 0 0 0 0 -6 0 -2 2 6 4 6 0 0 0 -2 0
0 0 0 4 2 0 -2 0 0 0 5 0 0 0 -8 6 -1 -4 -6 0 0 0 -4 0 0 2 0 -1 0 0 0 0 -8 -4 0 0 0 4 10 -4 0 -6 0 2 0 0 0 0 0 2 0 0 -1 2 -2 -4 0 -4 0 0 0 0 2 3 0 2 10 0 -3 0 -2 0 -2 4 0 0 0 0 8 0 -4 2 0 0 2 0 -2 0 3 0 0 0 0 -2 0 49 2 0 4 0 -3 -4 6 0 0 0 4 0 0 0 -4 0 -4 -4 0 0 2 -2 0 -2 0 0 0 0 0 0 0 -1 -6 0 -4 -2 -6 4 0 -1 -1 2 0 2 2 -2 -6 0 2 0 4 2 0 0 4 -4 0 3 4 0 4 -2 0 0 0 -2 0 0 2 -2 0 1 0 0 2 0 0 0 -2 0 0 -4 -2 -4 0 10 0 0 4 -4 -2 0 -4 0 -4 0 -2 -4 0 -4 -4 0 -6 0 0 0 0 0 0 -2 0 0 0 0 0 0 0 -3 0 -4 0 3 0 4 0 0 0 0 0 -3 0 -6 2 -3 -2 -4 0 -3 0 0 0 0 0 0 6 0 2 1 0 -2 4 4 4 2 2 0 2 2 0 -6 -4 0 -6 0 -3 0 0 -2 0 2 0 0 2 0 4 -4 0 0 0 3 2 0 0 0 -1 -10 0 -2 1 2 0 6 -6 0 0 0 0 0 0 1 0 8 0 0 -2 -4 0 0 0 2 4 0 0 0 0 -2 2 4 0 -1 0 0 3 -1 2 -4 0 0 0 2 0 4 -1 2 0 6 0 -4 0 6 0 0 0 0 0 6 0 -4 0 0 4 2 0 0 -4 0 -2 0 0 0 0 2 0 0 0 0 0 0 -2 0 0 0 -6 0 0 0 0 0 -4 -4 0 0 0 0 4 -2 0 0 0 4 0 0 3 0 0 0 -2 0 0 -1 0 0 1 0 0 0 -2 1 6 0 -6 0 4 6
0 4 1 0 2 -8 2 2 0 0 0 -2 6 0 0 0 0 0 -4 -1 0 2 0 1 0 -4 0 -4 -6 -4 0 4 2 0 0 0 0 0 4 10 0 -2 0 8 0 0 0 0 0 4 0 0 2 0 -3 0 0 0 0 2 2 0 0 -1 -3 -1 0 0 0 0 0 2 0 4 8 -2 2 2 0 6 0 0 -4 0 -4 0 2 0 4 4 2 -2 1 0 0 2 59 -2 2 2 5 -2 0 0 2 0 2 0 4 2 4 0 4 -4 4 -2 0 -4 -2 4 0 -2 -7 -4 5 0 -6 -2 -2 0 2 0 2 0 -3 0 0 0 -2 1 0 0 -1 0 6 0 4 4 0 4 -2 2 0 -2 0 5 -4 2 0 -4 4 0 0 -2 1 0 0 0 0 -4 2 0 0 0 0 0 6 0 0 0 0 4 0 0 0 0 2 -2 0 0 0 0 -1 4 -4 -2 -2 -2 -6 4 -6 2 0 0 4 2 4 10 -4 0 2 2 0 2 -2 3 4 4 0 0 5 0 2 0 -2 0 -4 6 4 0 -2 5 -2 2 0 0 -2 0 4 -2 0 0 0 0 -2 2 -2 2 2 0 8 0 0 0 -4 0 0 0 0 0 0 -3 -2 -4 2 -2 2 -3 0 0 4 6 4 2 8 0 0 -2 -4 12 3 2 0 -1 2 2 -2 0 0 0 -2 2 -2 2 -4 -2 0 -4 0 0 0 0 0 0 0 0 -2 2 0 -1 4 0 2 -2 4 0 0 0 -2 -4 3 0 0 0 0 0 4 -4 1 8 0 2 0 0 0 -1 0 4 -2 -2 4 -2 0 4 0 6 0 2 -2 2 -4 2 4 -2 0 0 0 -2 4 6 2 0 2 -4 -2 -1 0 2 -3 0 -4 0 8 0 0 6 -4 2 0 4 0 0 2 0 2 0 -7 0 6 0 2 0 -4 5 0 2 -4 -8 4 8 0 0 4 4 0 -1 -2 0 4 0
0 4 -4 8 0 0 2 0 -4 -1 -4 6 0 -2 4 -2 -4 0 4 4 3 0 0 0 -2 2 0 2 2 0 1 1 2 0 4 -4 0 0 6 0 8 2 -3 -6 0 -8 0 0 0 0 2 0 -2 0 2 0 0 -1 4 5 0 0 4 10 0 0 0 0 0 0 0 -4 -2 2 -4 6 2 0 0 2 0 4 0 0 0 2 2 0 -4 1 4 0 4 0 0 0 -2 60 0 -4 0 2 4 -2 -4 2 -1 4 0 -2 -2 -2 -5 4 0 0 4 0 -4 0 0 0 -2 2 0 -2 0 4 0 -4 1 0 0 4 4 0 0 0 0 -4 0 0 -2 4 2 -1 0 -1 3 -2 -4 0 4 4 0 -2 4 0 0 0 0 2 4 0 -4 2 0 0 0 -1 2 -4 -2 0 4 -3 -1 0 0 -2 2 0 0 0 0 0 0 0 0 0 -2 0 4 2 0 0 0 -2 0 -2 1 4 -2 0 4 0 0 0 0 2 4 2 0 0 4 0 4 0 -1 1 2 0 4 1 -3 0 8 6 0 10 0 0 0 5 -5 0 0 0 -1 8 0 0 -2 0 0 0 -4 0 0 2 0 -4 -5 0 4 0 0 -1 -6 1 -4 0 0 0 4 4 -2 4 -2 0 0 2 0 2 0 0 -2 0 -2 0 -6 2 -4 0 2 0 0 0 4 1 0 0 8 -2 0 4 4 4 0 0 0 0 0 0 -3 -3 1 -2 6 4 5 0 -2 0 -4 0 -2 2 0 4 2 -2 8 0 0 -4 2 -2 0 0 0 2 -2 -4 2 0 4 2 4 5 1 -2 -8 0 -2 -2 2 0 1 4 0 0 0 4 8 1 0 3 -4 0 0 0 2 6 -4 0 0 0 -1 0 4 3 6 -6 0 -4 0 -2 0 0 -2 4 0 4 0 0 1 0 -3 0 5 0 -4 4 -2 0 2 2 0 0 0 2 2 4 2 2 2 0 8 -4
2 0 6 0 0 0 1 4 2 -2 4 4 6 0 0 0 0 0 0 0 4 -1 0 0 0 -4 0 0 0 0 0 -4 0 -2 4 0 0 4 0 -4 -2 -4 0 4 0 0 0 0 0 0 -4 0 0 0 0 2 4 -4 4 0 4 0 0 -4 4 -2 8 0 0 0 -4 0 -2 -1 2 1 2 0 4 -2 2 0 2 0 0 0 0 0 -1 0 2 0 2 -2 -4 4 2 0 40 0 0 0 -6 2 0 2 0 0 4 0 -2 1 4 0 0 0 0 4 2 -2 4 0 0 -2 0 -2 0 -1 4 -1 0 -2 0 0 0 4 0 0 0 4 0 0 0 2 0 1 0 0 0 -2 -1 0 0 0 0 -1 -4 2 4 4 0 0 0 0 4 4 0 2 0 0 -2 0 -2 4 0 3 0 0 -2 -4 0 10 0 2 -6 0 0 0 0 0 0 -4 0 0 0 1 -4 8 -4 4 0 0 0 7 2 1 0 2 2 0 0 4 0 0 0 2 0 0 0 6 0 0 0 4 0 0 -4 0 0 0 -4 0 -2 4 4 -4 0 -2 -5 0 -2 0 0 0 2 1 0 8 -6 -6 -4 0 0 0 0 -2 0 0 1 2 0 0 0 -2 -2 0 0 -1 0 0 0 4 0 0 3 0 2 0 -4 0 0 0 4 0 -2 0 4 0 1 4 0 0 0 -2 0 -2 0 0 -4 -1 0 0 -2 0 0 0 4 0 0 0 0 0 -4 4 -2 6 0 -2 0 0 0 0 0 0 -2 4 10 1 0 2 0 0 0 0 0 0 4 0 -2 -5 0 0 0 0 -4 -2 0 -4 0 2 0 0 0 4 -4 0 0 0 -4 4 0 0 2 0 0 0 0 0 0 4 0 0 2 0 0 3 0 2 0 -2 2 -1 4 0 0 0 0 0 2 0 4 2 0 0 0 0 2 4 2 0 0 -2 -2 2 -2 0 4 0 4 0
0 0 0 0 0 0 0 0 0 0 -2 0 0 0 0 1 0 0 -1 0 -4 0 0 2 0 0 0 0 -2 0 0 0 0 0 0 0 0 0 -2 0 0 4 0 0 0 0 0 0 0 0 0 0 0 0 0 0 0 0 2 0 0 0 -4 0 0 0 0 -4 0 0 0 0 0 0 0 4 -4 1 0 0 0 0 0 0 -2 0 0 0 0 0 0 0 -4 0 0 0 2 -4 0 19 0 0 0 0 0 0 4 0 0 0 0 2 0 -2 0 0 0 0 0 0 0 0 -1 0 0 0 0 -4 0 0 2 0 0 -4 -1 0 0 0 0 -1 0 2 2 0 -1 0 2 0 2 0 0 0 0 -1 0 0 0 1 -4 0 0 0 0 0 0 0 0 1 0 -5 0 0 0 -1 0 0 0 0 0 0 0 2 0 0 0 4 0 0 0 0 0 0 -2 0 0 0 0 0 -1 -1 0 0 0 4 -4 0 0 0 2 0 0 -2 0 4 4 0 0 -4 0 0 1 0 2 0 0 0 0 0 0 0 0 0 4 0 4 0 0 0 0 0 0 0 0 -1 0 0 0 0 0 0 0 4 0 4 0 0 0 0 0 -1 0 0 0 2 -4 0 4 0 0 0 0 0 0 0 -4 0 0 0 -2 0 0 0 0 0 2 0 0 0 0 0 0 0 2 -4 0 0 0 0 0 0 4 0 0 0 0 2 -2 0 0 0 0 1 0 0 0 0 4 -4 0 0 -4 0 -4 0 0 0 0 0 0 0 0 1 0 0 0 0 0 0 0 0 0 0 0 0 0 0 0 0 0 0 0 0 1 -1 0 0 -4 0 0 2 0 0 0 0 0 0 -2 0 -2 0 0 0 0 0 0 -2 -4 0 -2 0 0 0 0 0 0 0 0 0 0 0 0 0 0 0 0 0 0 0 0 0 0 -4 0 0 0 4 2 0 4 0
0 0 1 0 4 -7 0 2 -2 0 0 -2 0 0 0 -4 -6 -2 4 0 4 4 0 0 0 0 -1 -2 -1 -2 0 2 4 0 0 -2 0 2 -3 0 0 4 2 2 0 0 0 0 0 4 0 -2 2 0 2 0 0 -2 0 0 1 0 -6 -6 0 0 2 0 3 -4 2 4 2 0 0 0 0 0 4 4 0 3 0 0 2 0 0 0 -3 0 -4 0 -1 -6 2 -3 5 0 0 0 39 0 -4 0 0 0 -4 4 -4 -2 4 -4 3 -2 -4 0 4 -4 0 4 6 -1 0 0 0 0 1 -4 0 1 0 -4 4 0 0 -4 -2 0 0 1 0 0 0 -4 0 0 0 0 0 0 0 -1 2 -1 0 0 0 2 2 -6 0 0 0 0 0 -2 0 -2 0 -8 0 4 0 0 6 1 2 0 1 1 4 0 0 0 0 0 3 -4 0 -2 -2 2 -1 0 -4 0 -2 0 4 1 1 -1 0 0 -3 2 2 4 1 0 2 2 0 0 4 0 0 -2 -2 2 -2 4 2 2 -2 -4 -4 0 4 2 0 0 -2 -5 0 2 0 -4 0 0 -2 0 0 1 1 -2 0 1 -2 0 5 2 -2 0 -6 4 0 0 0 -2 0 0 0 0 1 -4 2 0 0 0 2 1 0 0 0 3 -4 0 -1 -4 1 0 0 2 4 6 0 -2 4 0 1 4 0 0 0 0 0 2 -4 0 -4 0 0 0 -2 0 0 -4 0 0 0 0 -1 -2 0 0 -8 2 -2 -2 4 0 0 0 0 0 0 4 0 0 -8 -4 0 -1 0 -1 0 -4 0 0 -1 0 1 -2 -4 0 1 0 0 0 0 0 -2 0 0 0 -6 -2 0 0 2 4 0 0 -4 -2 0 0 3 4 0 0 2 0 -4 0 0 0 0 0 0 0 0 0 0 2 -2 0 8 0 0 0 -4 0 0 -2 0 -4 5 -2 -2 0 4 2 0 0 4 4 0 -4
0 0 4 0 4 0 4 1 -4 0 0 0 0 0 0 -1 0 0 0 -4 4 0 4 0 0 0 2 -4 0 0 1 -2 -2 0 0 2 -3 -2 0 0 0 2 2 0 0 -2 0 -3 -2 1 -6 -2 0 0 2 0 0 -4 0 1 0 -2 -2 -1 -2 0 6 0 0 2 4 -1 0 4 0 -2 2 -1 0 -8 4 0 -1 0 0 0 4 0 0 0 0 2 4 4 -4 -4 -2 2 0 0 0 48 0 4 0 -2 -3 2 0 3 4 -4 -6 0 1 -2 4 6 0 3 0 0 0 0 0 0 0 0 1 0 0 -5 1 -4 0 8 -2 0 -2 4 4 -4 -10 0 0 -2 -1 0 -4 1 3 0 2 -2 -6 0 -2 -2 0 0 4 0 0 0 4 0 -13 -7 2 0 0 0 0 2 3 0 0 -4 0 4 -2 0 0 0 -4 0 0 0 0 -2 0 4 0 0 2 0 5 -3 2 -3 2 -4 0 0 0 -7 0 0 1 0 -2 -2 0 4 -6 -8 -4 0 -2 0 0 0 6 -2 -2 0 -4 0 0 0 4 2 0 -4 0 -6 0 2 0 0 -2 0 1 0 -6 0 2 0 0 0 0 0 -2 0 1 -2 0 0 3 0 -4 0 -6 0 0 4 0 -2 -4 -4 0 2 2 4 0 0 -4 0 0 0 -4 1 6 4 2 0 1 0 -6 0 -1 2 0 0 -6 5 0 4 0 0 -3 0 -1 0 0 0 -2 0 0 0 0 -2 -4 -1 -3 0 0 -2 0 0 0 4 -3 -2 6 0 4 -4 0 -2 0 0 0 0 0 -3 0 0 0 -3 0 0 -2 0 1 -2 0 -2 0 0 0 0 0 -2 -4 0 2 0 -7 0 0 0 1 4 -4 0 1 0 4 0 0 4 0 2 0 -1 0 1 -2 -4 -4 -6 0 0 0 -2 0 -6 0 -2 0 -2 1 -2 0 0 0 -1 0 -2 0 0 0 -2 0 0 -1 0 0 0
-2 -4 -4 0 0 0 6 -6 -2 0 2 -1 0 0 0 -1 0 0 -4 0 0 0 0 0 0 4 0 0 -2 0 0 2 -4 -2 -2 0 0 0 4 0 -4 -4 -4 3 0 -4 -4 0 0 -2 2 0 -4 0 0 2 0 0 0 0 7 0 0 0 0 4 4 -4 -2 0 0 2 0 0 0 0 -1 0 -2 0 -1 0 -2 0 0 0 0 4 0 0 0 0 0 0 0 6 0 4 -6 0 -4 0 33 0 0 0 0 0 0 0 2 0 0 2 0 6 0 -4 0 -2 2 0 0 -1 0 0 2 0 2 0 -4 0 -6 -2 4 0 0 0 2 0 0 -2 -1 4 0 0 0 0 0 0 0 -4 0 0 0 0 0 0 -4 0 -6 0 0 0 0 0 2 2 2 3 0 0 0 4 0 0 -4 0 2 0 0 0 0 1 0 -6 0 -4 0 0 -4 0 0 0 -2 -4 4 4 -10 0 0 -1 -4 -1 -2 2 0 0 -1 0 0 -2 4 0 0 0 0 2 0 -4 0 0 2 -2 0 0 4 0 4 -2 0 0 0 0 -4 2 0 0 -5 -2 0 0 0 4 5 0 1 -3 0 2 2 -2 0 0 0 -4 0 0 0 0 0 -4 -2 0 -4 0 0 0 0 0 0 2 0 2 0 0 0 2 2 4 0 -4 0 -2 0 0 -4 0 -4 0 -4 0 4 -4 2 0 0 -2 0 0 0 0 0 0 -4 0 -2 0 0 -2 0 0 0 0 2 -2 0 0 0 0 1 -4 0 2 -2 0 -2 0 -4 -1 0 4 0 0 0 4 -4 0 0 0 0 0 -4 -1 0 0 0 0 0 0 0 0 -4 0 0 -4 -2 0 -4 4 0 0 -3 0 0 4 0 0 -4 0 0 0 0 -2 0 0 0 0 0 0 0 -2 0 0 -1 0 -4 -4 -1 0 0 4 -4 0 0 -2 0 -4 0 0 -4 -2 -6 0 0 0 -4 2 0 4
0 0 0 -2 0 -2 0 0 -2 -4 -4 -2 2 0 0 -2 4 -2 4 -1 -4 2 0 -1 0 0 -1 0 4 0 -2 0 2 -2 -2 0 0 -2 0 0 4 1 0 4 0 4 4 0 0 0 0 -1 0 4 -1 0 0 0 4 0 0 9 1 -4 0 0 0 0 1 4 0 4 0 4 0 0 0 0 -1 0 -4 0 0 0 1 0 -2 2 0 2 5 -4 -1 0 1 0 0 -2 2 0 0 4 0 40 4 0 0 0 2 0 0 3 -2 0 2 0 0 0 -4 4 0 0 0 2 -2 6 -2 0 0 0 0 -4 -2 0 -1 4 2 1 -8 2 -1 0 0 4 0 0 0 0 1 0 0 0 -2 2 2 2 0 0 0 3 0 0 0 2 0 4 0 0 0 4 1 1 2 8 -2 2 0 0 0 -2 0 0 0 2 0 5 1 0 2 -1 0 0 4 2 0 0 2 0 0 3 2 2 0 0 -2 8 1 0 0 -4 0 0 -4 0 0 1 0 0 0 0 0 0 4 0 2 1 -2 1 -1 4 0 0 0 10 0 2 0 -4 0 -2 0 0 4 0 0 0 0 -1 0 0 0 2 0 0 0 0 6 0 -4 0 -2 0 0 0 0 0 0 -6 0 -4 0 0 8 0 0 0 1 0 0 2 2 2 4 3 -2 -4 -1 0 4 0 -1 3 0 -2 4 -2 0 4 0 2 0 -2 -1 0 0 0 0 2 2 0 0 -2 0 0 4 0 -1 2 0 0 1 4 6 -2 0 2 4 0 1 0 0 0 2 -1 2 4 2 0 -2 -2 0 4 -5 2 0 2 0 0 0 1 0 -1 0 -2 0 0 6 0 0 2 0 1 -2 4 -4 -1 -1 0 4 2 -1 0 0 2 1 0 0 2 0 0 4 0 2 -2 0 0 0 0 2 2 -2 0 2 0 -4 0 0 0 1 0 0 0 -2 0 0 0 0 -2 0 4
0 0 0 0 -1 4 -2 -2 0 0 0 -8 3 4 0 0 0 1 0 -6 0 4 0 0 4 0 4 0 -4 -2 0 -2 0 0 -2 4 0 -4 0 0 0 0 4 0 6 -1 4 -2 4 4 0 -2 -4 -2 0 0 0 0 0 2 -2 4 0 -4 0 0 2 0 -4 4 0 4 -2 -1 0 -2 -4 -2 0 0 4 -4 2 4 -4 0 0 0 0 -4 0 0 0 4 0 0 2 -4 0 0 0 0 0 4 52 0 0 -4 -1 -4 0 0 0 -2 0 0 0 0 -2 4 -2 -1 -6 -4 -2 -4 0 0 0 0 0 0 0 4 0 2 0 0 -6 8 4 2 0 0 -6 0 0 -1 8 0 -2 -2 0 -4 0 4 0 2 0 0 0 0 4 -1 0 -2 0 -4 0 0 0 4 5 0 -2 0 0 2 2 0 0 -2 2 0 0 0 0 0 4 4 -6 0 0 0 0 3 0 4 -4 6 1 -2 0 0 -2 4 -4 1 0 0 4 8 0 0 0 0 0 4 0 2 0 1 0 0 -4 0 -2 2 2 0 0 4 4 0 6 -4 2 0 0 -4 -2 1 0 0 0 -2 -1 -4 4 0 0 2 -2 -2 -4 0 4 12 0 4 0 0 7 0 3 0 -4 -4 0 0 -2 0 -2 -2 -2 0 0 0 0 -2 0 -4 4 6 2 -4 0 2 0 0 0 1 2 1 0 4 4 4 2 0 0 1 0 0 4 4 4 4 4 -5 4 0 0 -4 2 0 0 4 0 6 0 0 0 2 0 -4 -1 6 0 -4 4 4 0 0 0 0 0 0 2 0 0 4 -1 -2 0 0 -4 0 0 0 0 0 0 -4 0 4 0 0 0 -2 2 0 -1 2 1 0 0 0 0 0 4 2 0 0 8 0 0 0 -2 0 -2 0 2 0 4 4 0 0 0 0 0 0 1 0 0 0 -4 0 4 0 4 0 2 4 -2 -4 0 0 -8 0
0 0 0 0 2 4 6 4 0 4 2 -2 0 -4 -2 0 -1 0 0 0 0 2 0 -2 0 -4 -2 0 0 6 4 0 -2 2 0 0 2 1 1 0 4 -4 0 0 0 -1 -2 0 0 0 0 0 2 0 -1 0 6 2 0 -2 -4 4 0 0 -2 4 0 1 0 -2 0 4 0 0 3 2 0 0 0 0 0 2 -4 0 1 0 0 0 -4 4 -4 2 0 6 0 0 0 2 2 0 0 -2 0 0 0 42 0 0 2 0 8 0 2 -1 -2 3 2 -4 0 0 2 0 2 0 -4 -1 -4 0 0 0 0 0 4 0 0 0 0 -4 4 0 0 0 0 1 -4 0 -4 4 -2 4 -2 4 -2 -4 0 0 -1 0 4 0 0 1 0 0 -2 0 0 1 2 -2 0 -2 -2 1 -2 0 4 0 0 -2 4 -4 0 0 0 0 -4 0 0 0 -4 -2 2 0 0 0 0 2 -5 0 0 -8 -4 -4 0 0 4 0 0 -6 0 -3 0 0 -4 2 0 0 0 0 0 -2 0 0 -2 0 0 0 -2 4 -2 4 2 4 -4 0 0 -1 -2 4 0 0 2 0 0 0 -2 0 4 2 -2 2 0 0 2 0 0 4 -2 0 2 0 0 2 -4 0 0 0 0 0 -2 2 0 -2 0 0 2 0 2 0 -2 0 -3 -4 0 0 0 2 0 0 2 0 2 4 2 -2 0 2 4 -2 0 0 -2 -8 0 -2 0 0 2 0 4 0 1 0 0 0 0 1 4 1 0 0 -2 2 -5 -2 2 -4 6 0 1 -4 -4 0 0 -1 2 0 -4 0 -1 0 0 -2 0 -2 0 0 0 2 2 0 -4 2 2 0 2 0 -2 0 0 0 -4 -2 0 0 -2 0 2 0 4 -4 -4 0 0 0 4 0 0 0 2 0 -2 2 0 0 -2 0 0 0 -4 5 0 4 0 2 2 4 4 -4 -2 0 2 -1 0 0 0 0 -4 2
0 -3 2 0 0 -1 -4 -2 8 0 0 -2 -2 0 2 2 -2 -2 2 -2 5 -5 -2 1 -5 0 -2 0 -4 0 0 0 1 -2 0 4 2 0 4 -2 0 3 0 -8 0 4 2 2 0 3 0 -8 -2 0 -2 -1 0 1 -2 0 2 -4 -6 2 0 0 0 0 -2 -2 -2 2 0 2 -1 2 1 0 2 2 0 -1 -5 0 0 2 -4 0 2 0 4 0 0 -1 -3 4 2 -1 0 4 -4 -3 0 0 0 0 62 0 0 1 0 -6 0 0 4 0 -4 -2 -1 2 4 0 2 0 0 -2 -5 0 1 0 0 0 -3 -6 -4 0 0 0 4 6 -2 -6 -2 2 2 -2 -2 0 -4 4 2 2 -1 -2 -2 4 2 8 0 -2 0 0 0 2 2 -4 -2 -2 -6 8 -3 0 0 -2 2 4 -2 -7 0 -2 -2 4 0 4 -2 0 2 2 0 4 0 -2 0 -4 0 0 0 0 0 4 0 -1 6 0 5 0 0 -4 2 2 0 0 4 0 -5 0 0 0 -4 0 0 0 0 3 4 4 6 2 0 2 0 0 2 0 0 2 0 4 3 0 7 2 2 0 -4 0 2 -4 0 1 4 0 -2 4 6 0 2 0 -4 -2 4 -1 -2 -1 -4 2 0 -4 2 -4 -2 0 2 8 -4 0 2 0 -8 0 0 4 -4 -8 0 -8 1 0 -2 -4 -2 1 2 4 2 1 0 4 4 0 8 0 0 -2 0 7 -2 3 4 2 1 -2 -4 2 2 -2 4 0 -5 4 -5 -4 -4 0 0 0 -1 -2 -4 4 7 0 0 0 -6 6 0 4 0 0 0 3 0 4 3 10 -2 0 0 2 0 -4 0 -3 0 0 0 -4 1 6 2 0 -2 -2 2 0 2 3 0 -2 -2 3 0 -8 -2 0 -4 1 2 2 2 4 3 0 -6 0 0 -2 0 0 -2 -2 1 0 0 2 2 4 0 0 -2 0 0 -2 1 0 5 2 0 -6
0 -2 0 -1 0 -2 0 -4 -2 5 -4 4 0 0 4 4 4 0 4 -2 2 0 0 0 0 0 0 -2 0 -4 -4 -2 -1 2 0 0 -6 -4 0 0 2 4 2 0 0 2 -4 -1 0 0 0 4 1 2 0 -1 -3 0 2 0 -2 0 0 -1 4 1 -4 -4 0 0 0 4 -3 0 4 0 -2 0 0 0 -2 0 -2 -1 0 0 0 0 2 -2 2 0 -1 2 -2 0 0 4 0 0 4 2 0 0 -4 0 0 55 -4 0 0 -1 6 -2 -6 4 0 -4 0 4 2 -4 0 2 0 4 -2 0 0 -4 0 -4 0 0 0 2 2 0 0 0 0 0 -4 2 0 0 3 6 0 2 0 0 0 -5 0 -4 0 0 4 0 6 0 2 -6 2 4 1 6 4 -1 0 2 -1 0 2 -1 2 0 1 0 0 -2 2 0 0 -4 0 0 0 0 0 0 8 2 0 2 1 2 -7 -4 0 0 4 0 -1 6 -2 0 6 0 -4 -2 0 0 2 -2 0 0 0 0 0 0 0 0 0 1 0 -1 0 0 0 2 4 -1 0 8 0 2 0 0 -6 0 2 -4 -1 0 2 4 4 0 -2 0 0 0 -2 0 0 -4 0 0 0 0 1 -1 -1 0 2 -3 -1 -2 1 0 0 -4 0 0 0 -2 0 2 0 0 -4 -4 2 -1 -4 -6 -2 2 -2 0 0 -2 0 0 -2 2 2 6 2 0 0 0 -4 -4 0 0 -5 4 0 0 0 2 -4 2 0 0 1 0 2 -5 0 0 5 0 1 -4 0 0 0 0 0 0 -4 2 0 0 1 -2 -2 0 0 -2 -5 4 0 0 0 0 2 6 -6 6 8 2 -2 -2 -2 8 0 -3 2 6 0 0 0 2 0 -6 4 -2 -4 0 -6 -6 2 -2 1 0 4 0 0 -2 -2 -4 0 0 -4 -4 -4 0 0 0 0 -2 1 -2 4 0 0 0 8 6 0 -2 4 2 0 0
0 0 0 0 0 2 0 1 -2 0 2 4 4 0 0 2 -6 0 0 0 0 -1 0 -4 0 0 4 0 0 0 0 2 -4 -2 -1 0 6 0 0 0 -4 0 4 4 -1 -2 -4 2 0 0 0 -2 0 0 -2 0 0 -2 0 0 -4 -4 0 -4 0 0 0 0 0 -1 -4 4 2 1 0 0 0 0 2 0 0 -1 -2 0 6 -1 0 4 2 0 2 -2 0 0 0 0 4 0 4 0 -4 0 0 2 -1 2 0 -4 34 0 -2 0 0 2 4 0 0 0 0 -4 4 -2 0 0 -6 0 -5 0 0 0 0 0 4 -5 -4 1 0 0 -2 0 1 -2 0 0 0 0 0 1 0 0 2 2 0 0 0 0 3 0 -4 0 0 0 -2 0 -1 -2 0 2 0 4 2 0 2 4 -8 2 -2 -1 0 0 0 6 0 0 1 0 2 0 0 -1 2 0 4 0 0 0 -6 2 -2 4 0 0 -2 1 0 -4 0 -2 0 -8 0 2 2 0 0 -2 3 0 0 0 0 -1 0 0 4 0 2 2 0 2 0 0 4 0 -1 0 0 0 0 2 12 0 0 0 0 2 0 0 0 -4 0 2 0 0 -1 -1 0 0 0 0 0 -1 0 -6 0 0 0 0 -2 2 2 2 -4 0 8 0 -2 0 5 4 2 0 0 0 0 4 0 2 0 0 -2 -1 -2 0 -4 0 0 -6 0 -4 0 -1 0 -1 0 4 0 0 0 -4 0 0 1 0 2 0 4 0 0 2 2 0 0 0 0 2 4 0 0 0 0 4 5 0 0 0 0 0 0 2 -2 -1 5 0 0 1 2 2 -1 0 -3 0 8 0 0 0 -4 0 0 0 -2 2 0 0 -3 0 0 -2 0 5 0 0 0 0 4 0 0 2 -2 0 0 0 2 0 0 9 0 0 0 -2 0 0 0 -4 -4 0 0 -1 -1 0 2 0 2 0 -2 -4 0 0 0 0
4 -2 1 -2 3 -1 0 0 -2 0 -2 6 -4 -2 -2 0 0 2 2 2 2 2 4 0 0 2 2 0 -2 2 0 0 2 0 0 2 0 4 2 2 -3 -1 0 0 -6 4 0 -2 0 1 -3 0 -1 0 0 4 4 0 5 -4 0 -2 2 0 -2 0 4 -4 0 2 0 -2 0 1 0 0 3 1 8 -2 0 0 -1 2 0 0 6 -2 2 4 -1 -4 -1 4 -1 0 2 -2 0 0 -2 3 0 0 -4 0 1 0 0 45 -2 2 2 5 1 -2 4 0 4 0 2 -2 4 0 -2 0 3 0 0 -2 0 -4 2 1 -6 3 0 0 2 2 -4 0 0 -4 8 0 0 0 0 0 6 0 0 1 0 0 0 3 -3 0 0 -2 0 0 2 -4 -1 8 -1 -4 1 0 0 -6 0 -4 2 6 0 4 0 3 0 6 0 -4 0 0 0 0 0 -2 1 2 0 -1 0 -6 0 1 0 2 0 0 0 -2 0 0 -2 0 0 -1 0 -2 0 4 -5 0 2 0 0 0 -6 0 3 2 4 3 -2 2 2 0 0 0 2 1 0 0 -2 0 -1 0 -2 2 -5 0 0 0 1 -4 1 0 2 -1 -2 4 0 0 -2 2 2 -4 0 0 0 0 0 0 -7 1 0 2 0 0 -7 1 0 0 4 -2 -2 1 0 4 -4 0 0 2 2 0 0 0 0 -2 1 0 2 0 0 0 1 0 0 0 0 4 4 -4 0 -1 4 0 0 0 2 -2 -1 0 6 0 0 4 2 0 0 3 0 0 0 2 -2 0 0 0 0 0 1 4 6 4 0 4 -2 0 2 0 -4 -4 0 0 2 -4 2 0 -2 -4 0 0 -2 2 1 -2 0 4 0 0 1 -2 0 0 0 -2 0 0 -2 2 0 -2 0 0 0 0 2 -6 0 -6 -7 0 2 1 1 0 2 0 4 4 0 0 0 0 -2 2 0 1 2 -3 -1 4 6 -4
-5 0 4 3 -4 2 1 -6 -4 0 0 -3 -2 0 2 0 0 0 0 -4 -4 -4 0 6 0 -4 2 0 0 0 0 0 0 0 -2 0 0 -4 0 0 2 0 4 4 2 0 2 2 0 -3 0 0 0 0 4 0 -2 -2 0 -2 -4 0 0 -8 0 -2 -2 4 0 4 4 0 0 2 4 0 0 0 5 4 0 10 -4 0 0 0 4 0 -2 4 0 0 0 0 0 -4 4 -2 -2 0 4 4 2 0 0 8 0 0 -2 -2 63 0 0 9 0 0 6 4 2 0 4 0 0 -4 1 0 -4 0 -4 -5 0 -4 0 1 -2 0 0 2 5 0 0 -1 0 -4 -2 0 -4 0 2 0 2 6 0 -4 -4 0 -4 0 0 0 -2 -2 0 0 0 -4 6 -4 4 0 2 0 -4 1 12 0 -2 0 2 0 0 -3 0 0 0 -2 0 6 0 -4 0 0 0 0 3 3 0 0 -2 0 0 -6 0 -4 -8 0 0 0 2 0 6 0 0 4 2 0 2 0 -4 4 -4 0 2 8 -2 -1 -2 4 0 2 0 4 0 -2 -1 -4 0 -4 -4 3 4 0 4 2 0 -4 -4 -2 0 0 0 0 2 0 6 2 0 2 0 0 -2 2 -4 4 -6 -4 0 0 0 0 4 9 5 0 0 6 7 0 -4 0 0 0 -2 -6 0 0 -2 4 0 0 2 0 0 -1 -1 0 0 -2 -4 -4 1 0 8 0 0 4 -4 2 0 0 4 0 -1 -6 0 0 1 0 0 0 0 -2 0 0 -6 0 4 -12 -2 2 0 0 -4 -2 0 -2 1 -4 6 0 2 0 2 -2 -1 -2 2 2 0 0 0 1 -2 -4 0 4 -5 4 -2 0 0 -4 -4 2 6 0 -2 3 -4 4 4 5 -2 4 0 0 0 -3 0 1 2 0 4 0 4 0 -5 1 2 -1 0 0 0 -4 1 2 0 0 4 -4 2 2 3 2 4 0 6 0 -2 4
-4 -2 -6 0 -2 0 0 0 -3 2 6 0 0 0 0 0 0 4 5 2 -4 -5 2 0 2 0 -2 0 0 0 -2 0 -2 -2 0 2 0 0 0 0 -3 0 1 2 0 1 -1 0 0 0 -3 -4 0 2 0 2 0 2 3 0 0 0 4 2 0 -1 -2 -4 0 4 0 0 0 -2 0 0 0 0 4 -4 0 0 6 0 -6 0 1 0 0 -6 0 0 -1 2 0 0 0 -2 1 2 -4 -4 0 3 0 0 -6 -1 0 2 0 57 4 -1 0 0 0 -4 4 0 0 4 1 4 0 0 -1 -9 0 -2 2 -6 1 3 0 8 -4 3 -4 0 -4 4 0 -2 0 1 2 2 0 2 0 0 0 0 0 -2 -2 0 -2 4 -2 -2 0 0 0 2 0 2 0 -2 0 -4 -4 -2 0 2 0 0 -2 2 0 -4 1 0 0 1 0 2 1 0 0 0 -2 2 0 2 -4 0 0 2 4 0 4 5 -1 -1 0 -3 -1 -2 -2 -2 -2 0 0 2 0 0 2 0 0 0 0 -4 0 0 -2 2 0 0 -2 -4 4 0 0 0 0 0 -1 -4 4 0 0 1 0 0 0 2 0 -2 0 -8 0 -6 6 0 -2 0 1 0 -2 0 2 0 2 -4 4 2 0 2 -1 -2 4 0 2 4 0 0 0 2 0 2 1 6 4 -4 2 0 0 0 -2 0 2 -4 0 0 0 2 0 6 0 0 0 2 0 0 3 1 0 -2 0 1 -2 5 2 0 4 0 0 0 2 7 2 0 0 0 -2 1 0 0 -2 -2 2 -2 -2 -2 -2 4 -2 -4 2 -1 0 -6 0 0 0 -2 -2 6 4 4 0 4 -3 -4 -2 2 -3 4 -2 -2 -4 1 0 0 5 -2 2 0 -2 0 -3 4 -1 0 2 -2 -2 0 -2 2 0 -4 -2 0 0 -4 8 -2 0 0 0 0 4 0 2 0 0 -4 0 0 0 0 4 0 -2 0 6 0
0 1 2 0 0 -2 0 4 0 2 -3 0 0 0 0 0 2 4 0 0 4 0 0 0 0 0 4 -1 0 2 -2 0 0 8 0 0 0 -4 1 0 -1 -4 -1 0 0 4 9 0 0 0 -8 0 0 0 0 0 0 5 0 -4 1 8 0 0 0 2 0 -4 1 2 0 0 -3 0 0 0 -2 1 0 0 -1 0 0 0 2 0 -4 0 -2 0 0 -4 -4 2 0 -4 4 -5 4 0 3 -6 0 -2 0 2 0 6 0 2 0 4 60 4 -6 2 2 0 0 4 2 -4 0 0 0 0 0 -2 -2 1 4 0 -4 1 0 4 0 -3 -4 0 0 2 4 0 -2 8 0 8 -3 0 0 0 4 -2 0 -2 -4 0 0 0 -2 2 0 0 4 0 0 4 -4 1 0 0 -6 -4 8 -2 1 3 0 0 0 0 0 -1 0 0 1 0 0 0 8 0 5 0 -1 0 0 0 -2 2 -1 -3 4 0 -2 -2 0 8 10 0 8 0 0 0 0 0 0 0 6 -1 2 0 -4 0 4 0 2 0 -1 2 -2 4 2 0 0 2 0 0 0 1 -1 0 0 0 0 0 0 6 0 2 2 -2 4 0 -4 2 -4 0 2 -2 -1 0 0 -2 -5 -8 4 0 0 -4 2 0 2 0 0 0 4 0 0 0 4 4 0 -4 4 -8 2 0 -3 4 2 0 0 2 0 0 0 0 -2 -2 -3 4 2 -4 1 -1 0 0 -2 -2 0 1 2 0 0 0 0 4 0 0 0 -2 -1 0 0 0 0 0 1 1 0 -3 2 -3 0 0 -2 0 -1 0 -1 0 1 -3 1 0 0 0 -6 0 4 1 6 4 -1 -1 1 -4 5 2 0 0 4 2 0 0 2 2 0 -1 0 0 -2 4 0 4 1 -4 8 0 -2 0 0 -8 2 0 -4 0 0 -2 -3 2 0 -4 0 0 2 0 4 2 0 0 0 1 0 0 4 1 0 2
-3 -2 1 -6 0 6 -8 5 0 -2 -2 -2 -2 0 -4 3 1 0 5 -6 0 4 4 0 0 -4 -2 0 6 -1 0 -2 2 2 -4 2 2 0 4 0 0 10 -2 0 0 0 0 -2 0 -1 1 1 -2 0 0 0 4 5 4 0 0 0 0 -4 2 -2 0 -4 0 2 0 4 -1 5 4 0 0 6 2 10 0 0 -6 0 1 8 6 1 2 2 2 0 -2 6 0 -4 -4 4 0 -2 -2 0 2 0 -2 -1 0 -2 2 5 9 -1 4 84 6 0 2 4 4 -1 -2 -2 1 -6 -2 -2 8 0 4 -4 4 0 4 -2 0 0 -2 -1 2 -6 0 0 -2 -4 5 -1 -4 -1 4 0 2 5 0 -2 0 4 -9 -1 -8 2 -2 2 2 -4 0 4 1 5 1 4 0 1 -4 -2 6 2 -2 -1 0 0 0 4 -1 4 -2 -1 0 6 0 0 4 4 6 4 0 6 -4 -2 -2 0 4 -4 0 -4 0 -4 0 0 0 2 -2 0 1 0 5 0 -2 0 0 -9 -2 4 -2 0 4 6 6 0 0 7 0 2 0 0 -2 0 2 0 2 -4 10 1 -6 0 0 2 0 0 4 4 -4 0 0 -4 -2 0 0 2 6 0 4 0 -2 0 -6 0 0 -4 -5 -2 0 -2 -6 -2 5 0 6 0 12 1 -2 4 4 0 0 -2 0 -7 0 0 9 0 0 -2 -2 0 3 4 0 4 -1 6 0 4 0 0 4 -2 2 2 1 4 0 5 6 0 -3 0 0 -4 -4 -2 0 0 4 0 2 -1 -2 2 -1 -4 0 2 2 2 0 -4 0 6 1 8 -8 0 6 -4 -4 -4 3 6 4 0 8 -2 2 -2 0 2 -8 -2 -1 0 0 -3 3 -4 4 0 4 6 -2 -7 0 4 -3 -5 0 5 -1 0 -2 0 -2 2 0 4 0 4 -2 0 0 -2 0 -6 1 3 4 4 5 -4 0 0 -4 -4 9 0 0 4 8 -4
0 8 2 0 0 2 -4 -5 6 0 -2 2 0 5 4 3 0 0 0 2 4 0 0 -4 1 -2 1 0 -4 -2 0 -4 -1 0 -8 -1 0 -4 0 4 0 0 0 -2 1 -2 5 4 -2 0 -3 0 0 0 -2 4 2 1 -2 2 -8 1 4 -2 -4 4 1 0 0 0 -2 2 1 -1 0 3 10 0 0 4 0 0 -2 0 6 0 0 2 2 -4 -6 1 -2 0 -2 0 4 0 0 0 -4 1 0 2 0 -2 4 -6 4 1 0 0 -6 6 62 0 -2 2 0 0 -4 2 -1 -1 0 -2 -2 0 -3 0 0 0 6 0 0 0 0 2 -1 0 2 2 0 -4 0 1 -4 0 -4 -2 -4 0 0 4 0 0 0 1 -9 0 4 0 2 6 4 0 0 0 2 0 2 3 0 0 -2 4 4 -4 -2 -4 -2 8 0 0 0 0 0 0 0 0 0 -2 0 1 2 1 -4 0 0 0 0 2 0 0 0 -4 0 0 2 -5 2 0 0 2 0 0 1 0 0 0 -1 -4 0 -2 4 0 0 2 4 0 0 2 0 -2 8 2 -4 -4 4 0 6 -2 -4 4 4 -6 -4 -2 -2 0 4 0 0 2 -4 0 4 0 3 0 -6 0 0 0 2 4 0 0 4 0 0 0 -4 0 -4 0 6 1 8 -2 0 -4 0 -2 -2 0 0 4 0 0 -8 0 1 0 -4 0 0 0 2 0 3 4 0 1 -1 0 1 0 6 0 2 0 2 1 4 0 4 4 4 0 -4 4 2 0 -3 -1 2 -2 4 4 -2 0 0 0 0 1 -5 0 -6 0 6 0 2 -2 4 2 0 0 0 2 2 0 0 -2 4 4 2 0 -2 -4 -4 2 3 0 -2 0 0 2 -2 -2 -2 2 -2 1 2 -2 -4 -2 -2 1 -2 2 2 -2 0 4 0 -1 8 -5 0 0 0 -4 0 0 -1 0 2 0 2 2 -4 -1 -2 1 0 0 0 0
0 1 4 4 3 0 1 -4 1 1 -1 -2 0 4 0 1 0 0 0 0 -4 -4 0 -1 0 2 0 -5 0 -6 -4 0 0 -2 0 0 4 -1 0 0 0 -2 0 2 -1 0 0 -3 0 -2 0 0 0 0 0 0 0 0 4 0 2 1 0 0 2 0 4 -6 -2 0 0 2 4 0 0 -2 0 0 0 -2 -4 0 -5 0 2 -4 -2 5 0 1 0 3 0 -2 0 0 -2 0 0 0 0 -2 6 0 0 3 0 4 0 -2 0 0 2 0 0 43 0 0 2 0 3 0 0 1 0 -1 0 0 -1 2 -2 0 1 0 -4 0 0 0 4 0 -4 0 -1 1 -2 0 0 0 0 0 -2 -4 0 2 -4 -4 -1 -2 0 2 0 0 0 -4 -1 3 0 3 0 2 0 0 0 -1 0 3 -4 -3 1 -2 1 -2 0 0 -2 0 -1 0 0 1 0 -1 -2 -2 1 0 0 10 1 0 0 2 0 0 -4 -1 -1 0 0 0 0 0 4 -1 2 -4 0 2 0 -2 0 -4 0 -2 0 5 -6 0 4 0 -6 0 0 -4 0 0 -1 -1 -2 4 0 2 2 0 4 0 -2 0 2 0 2 0 -4 0 0 -4 0 0 1 0 -4 -2 0 4 -2 0 0 1 0 4 -2 0 4 -1 -2 0 0 0 0 0 1 -1 -1 -4 0 0 0 0 2 2 0 2 2 0 0 -2 1 -4 0 4 0 0 1 1 0 0 2 0 0 -4 -2 2 0 0 -3 7 -1 0 3 2 0 0 2 1 3 -5 5 7 -2 0 0 2 -4 6 -1 -1 -2 -2 -3 -3 0 0 1 0 4 -1 2 0 0 2 1 6 -4 0 0 -4 0 -4 4 1 0 4 0 0 -1 0 0 0 1 -4 0 2 10 0 2 3 6 -6 0 -3 1 -2 2 2 -8 2 2 2 2 2 0 5 0 0 0 0 0 2 2 -2 0 3 0 0 -4 0 4 -3 -11 0
4 0 1 4 4 -2 -2 1 0 2 -4 -5 0 1 12 -2 4 -2 0 0 -4 2 6 0 1 0 0 -2 2 2 0 0 4 0 0 0 0 6 0 -2 0 0 7 6 0 0 4 0 -2 0 -5 -4 -4 -1 0 0 0 2 0 0 0 -4 6 -6 0 0 0 0 0 0 0 -2 0 -6 4 0 4 0 8 4 0 4 -6 0 -2 0 4 0 0 -2 3 4 -2 2 2 2 0 4 0 0 4 4 0 0 0 2 -4 0 0 4 6 0 2 2 -2 0 56 0 -4 0 2 0 0 0 0 0 0 0 0 -6 0 -4 1 0 4 -4 0 0 0 -4 0 0 -4 0 0 0 0 4 4 0 -4 3 0 -2 4 4 -2 0 0 0 -4 2 0 0 -6 -4 -4 -4 6 -4 0 0 0 0 0 0 0 0 1 0 -4 0 0 -4 0 0 0 0 0 4 -4 0 4 -4 0 6 -6 0 -2 0 0 -2 0 0 0 -2 1 -1 2 -2 0 0 0 0 4 0 -4 -4 0 2 0 2 0 0 -4 4 0 0 -2 -10 0 0 0 -4 0 2 0 0 0 0 4 0 -3 2 -2 -4 -2 0 -4 -2 0 4 2 0 0 0 0 0 -4 4 2 0 -4 0 0 0 0 4 0 4 0 2 0 4 0 4 -2 0 0 -4 -6 4 4 -4 0 0 0 2 0 -2 4 2 4 0 -2 0 4 2 -1 2 2 2 8 6 4 4 0 4 0 2 4 2 -2 0 0 0 -2 0 0 0 -2 -2 0 0 0 -4 -2 -2 4 0 0 -2 0 -1 0 -4 4 0 -2 0 1 0 -4 -4 -1 0 0 -2 0 4 0 2 2 -4 0 2 -3 2 0 4 0 -2 0 4 0 -2 0 -1 -4 2 1 0 1 0 2 0 0 -2 0 0 0 0 0 4 6 -2 2 0 0 0 4 0 0 0 0 0 0 2 0 0 4 0 0 2 4 2 0 0 0 8
0 0 6 0 -4 0 -4 0 2 0 0 0 0 0 0 0 0 0 2 0 0 -4 0 2 0 -4 4 2 2 -2 2 0 0 -2 0 0 -4 0 0 0 0 4 0 8 2 0 2 4 -2 -4 0 0 0 0 0 0 2 0 0 0 0 0 -4 0 0 2 0 -2 0 6 -2 -4 0 0 -4 -4 0 0 0 0 0 0 2 0 0 0 0 2 0 0 0 0 0 -8 0 -2 -4 0 4 0 -4 6 -4 0 0 -4 -2 -4 0 0 4 -4 0 4 2 0 0 44 0 0 0 0 0 0 0 0 0 2 0 0 4 0 0 0 -4 2 0 0 0 -4 4 -2 0 0 0 0 0 0 -4 0 0 0 0 0 0 0 0 -4 0 4 2 -4 -2 0 0 0 6 0 0 0 4 0 -2 0 0 0 -2 0 0 0 -4 0 0 0 0 0 0 0 0 -2 0 2 -4 -2 6 0 -4 0 0 -6 0 0 0 0 0 0 -4 0 0 4 4 4 0 0 4 0 0 8 0 4 0 2 0 4 -2 4 2 0 -4 0 0 4 0 4 8 0 0 0 0 0 0 0 -4 -2 0 0 0 4 4 0 -6 0 0 0 0 0 -4 0 0 0 -4 0 0 0 0 0 0 2 0 0 0 0 -2 0 0 0 0 0 4 0 2 0 2 0 -2 0 4 0 -4 0 0 0 4 0 -6 0 0 0 0 0 4 4 -2 2 0 0 0 0 0 0 0 0 0 -2 0 2 0 0 2 0 -4 0 0 0 0 0 0 0 -4 4 0 4 0 0 0 0 4 0 0 0 0 0 2 0 -2 0 0 0 0 0 0 0 4 0 0 0 0 0 0 0 0 0 -2 -2 0 0 0 0 0 0 0 0 4 2 4 4 0 -4 0 -8 0 0 4 0 4 0 -4 12 -4 0 0 4 4 -2 0 2 0 0 0 0 0 -2 0 0 -4 0 0 0 0 0
0 0 4 0 0 2 0 0 0 2 4 -2 0 -2 -2 4 0 0 2 -4 6 -4 4 0 0 -4 0 0 0 0 4 0 -4 0 0 0 2 0 0 0 0 0 -2 4 -4 0 0 0 0 0 -2 5 0 0 4 4 0 0 -2 -2 -1 -1 0 -4 0 -4 0 0 0 0 0 0 0 0 0 8 0 0 0 0 0 1 1 0 -4 -3 6 0 0 0 0 2 0 0 0 0 -2 -4 2 0 0 0 0 -4 -2 0 -1 0 0 4 2 4 0 4 0 2 -4 0 41 0 0 5 0 0 0 0 -2 6 4 -2 0 0 0 2 0 0 1 4 2 -2 -2 0 -4 -2 0 2 4 0 0 -4 0 5 0 1 0 0 0 6 4 8 -4 0 0 0 1 -2 4 6 0 -1 0 -1 0 0 0 4 0 0 0 4 0 0 0 3 0 -4 0 12 1 0 0 0 -2 0 0 2 0 -6 0 0 4 1 0 2 0 2 0 0 0 2 0 0 0 0 -4 0 0 0 0 0 0 0 0 0 0 0 -4 0 0 -4 -2 -1 1 -2 0 0 0 2 0 0 2 1 0 4 2 0 0 0 -2 0 0 -4 0 0 2 2 0 0 2 4 0 -4 4 0 0 0 2 5 0 0 0 2 -2 0 -4 0 6 0 0 0 0 0 2 0 0 0 0 0 8 0 0 0 0 0 0 0 0 0 0 4 4 0 -8 0 0 0 0 -5 -4 0 -6 0 -4 0 0 2 2 0 0 -2 0 2 0 0 0 0 0 5 0 0 -2 4 0 -2 0 -2 0 4 3 0 0 2 6 -5 0 0 1 -6 0 6 0 0 0 7 -2 0 -5 0 1 4 0 -4 0 -1 2 0 0 0 2 4 0 1 0 2 0 0 0 4 0 0 -2 2 -1 0 -2 0 0 -2 0 0 2 0 0 0 6 -1 -4 0 0 0 0 0 0 0 -2 -2 -2 -2 4 1
0 0 0 0 0 -2 2 2 0 0 0 -1 0 2 0 0 8 -8 0 0 0 0 -2 -2 0 0 4 0 0 0 0 -2 -1 4 0 0 -2 2 0 0 2 0 0 2 -2 0 4 0 0 1 0 0 4 1 0 0 -4 2 0 0 -5 2 0 0 0 0 -4 0 0 4 1 2 0 0 0 0 0 0 0 -4 -2 0 0 -2 4 0 -6 0 0 1 2 0 1 0 0 -2 4 0 -2 0 4 3 -2 4 4 0 2 4 -4 0 0 0 4 -1 0 0 0 0 0 35 0 -6 0 0 0 0 0 0 4 0 0 0 0 0 0 0 -2 -2 -2 0 0 1 0 3 3 0 -1 0 0 1 0 2 0 -2 0 -2 0 0 0 -4 0 1 2 0 0 0 0 -1 -5 0 0 2 0 -4 5 0 4 0 2 0 0 -3 2 0 0 2 0 4 2 0 4 0 -2 0 0 0 0 0 -6 0 0 0 0 0 0 4 2 0 -2 0 2 0 0 2 -4 0 0 2 -2 0 0 2 4 0 -2 0 0 0 0 0 0 0 0 2 -1 -2 0 0 0 0 -4 0 -1 0 0 0 0 -2 2 0 4 0 0 0 0 0 2 2 0 -2 -1 0 -2 4 -2 4 0 -2 -2 -6 0 0 0 3 0 0 3 0 2 0 0 1 0 -2 1 -2 2 -3 4 0 0 0 -4 2 -1 0 0 2 0 0 0 0 0 0 0 0 2 0 0 2 0 2 -1 -2 0 0 0 0 0 -4 0 2 0 0 0 0 0 0 2 0 2 0 0 0 -2 -2 2 0 0 0 0 -1 2 0 2 0 0 -1 0 0 0 -4 -6 0 0 2 3 0 3 2 0 0 4 4 0 0 1 0 2 0 2 2 4 0 -4 0 0 0 -2 4 -1 0 1 0 0 0 -2 0 0 0 -1 0 -4 0 0 0 2 0 4 0 2 0 5 0 -2 0 6 0 -2 0
1 0 0 4 4 -4 -4 0 -2 2 2 0 0 0 1 0 -4 -2 4 1 2 0 0 0 -4 0 -4 0 0 0 5 -2 -4 2 2 1 8 4 2 0 -2 0 2 0 1 -6 -2 0 0 -2 0 3 0 0 -2 1 -1 -3 0 -2 1 0 -4 -4 0 2 0 -2 0 -5 0 2 -2 0 -4 0 4 0 0 -2 0 4 -1 2 5 0 1 0 -2 1 2 0 0 -4 -2 0 0 0 4 0 6 0 2 0 -2 2 4 2 4 2 4 0 2 -2 -4 3 2 0 0 0 50 -1 2 0 0 0 -4 -4 0 4 0 -4 0 -6 0 0 1 0 -3 0 -2 0 2 -2 -7 -2 0 2 0 0 0 0 0 0 0 4 1 2 1 0 2 0 0 0 4 0 0 4 6 0 0 2 -2 -2 0 2 4 0 2 -1 2 0 2 2 -4 0 -1 2 0 -8 -4 0 5 -4 0 -2 4 0 -4 -1 2 2 2 0 -4 1 -2 -2 2 -4 6 0 1 0 2 -4 0 2 -3 7 0 4 -4 1 0 0 0 2 0 1 0 4 4 -6 2 0 0 0 -2 0 2 0 -2 0 4 0 0 2 0 0 1 4 -1 0 0 0 1 -2 -2 0 1 4 0 -2 0 -4 0 2 0 3 0 5 0 2 0 0 -10 0 -6 -4 -2 -2 -2 0 -2 -2 -1 0 2 4 0 4 -2 2 0 0 0 -2 -10 -4 -1 0 0 0 -3 2 3 0 1 -3 0 4 0 0 0 4 -3 0 -2 0 -2 -6 1 3 8 1 5 1 -2 2 0 0 -4 0 1 0 0 -2 0 -4 -4 0 2 0 0 4 -2 -1 0 0 -2 -2 0 5 0 -2 -2 -4 0 3 0 0 -1 0 5 2 -4 0 3 4 0 -2 2 0 2 0 4 -1 1 3 0 0 8 -2 -2 -2 -2 -2 2 -4 0 1 0 0 0 0 5 6 4 -6 0 0 2 -2 -8 4 3 0 2 -3
0 4 -1 0 1 -4 0 4 0 0 4 0 0 4 4 -2 -6 0 -4 0 0 1 -2 2 0 -4 -2 -4 0 0 -4 0 0 -4 0 -4 0 6 -2 0 2 0 0 0 0 0 0 2 -8 0 4 0 0 -4 0 4 2 4 -4 -2 4 4 0 0 0 0 0 0 -2 -1 0 0 0 0 0 -2 0 2 0 0 0 0 1 0 -6 0 1 0 1 0 -4 0 1 2 2 0 -2 0 0 0 -1 0 0 0 -1 0 0 -4 -2 -2 0 4 -4 -2 2 0 0 0 5 -6 -1 46 0 0 0 0 0 -2 0 0 0 0 4 0 6 -2 -2 8 -4 0 -4 0 0 2 0 -2 0 0 0 0 0 -1 0 1 0 0 0 0 0 2 0 0 0 0 1 -6 0 4 2 0 0 -1 1 -6 0 0 0 4 -4 4 2 0 0 -1 0 3 0 -4 0 0 2 0 -1 0 0 -2 1 0 5 4 0 0 0 0 0 0 0 -2 0 -4 4 0 0 4 4 -4 -4 0 2 0 0 0 0 0 0 -2 -4 -2 -2 0 -2 0 1 0 4 0 0 -2 0 0 0 0 0 0 0 0 2 -1 -6 2 0 -6 0 2 0 0 0 0 -2 0 0 0 -2 0 -4 0 -2 0 -1 6 4 0 0 0 -4 0 -2 0 2 -2 -6 0 0 0 0 0 -3 0 -2 0 0 -4 4 -1 2 0 -5 2 0 4 0 0 0 0 4 4 0 1 0 -4 0 0 0 0 0 -6 0 -2 -2 0 0 0 0 0 -4 2 -1 0 0 0 0 0 0 -2 0 0 6 0 0 3 0 0 0 0 2 0 0 -1 0 4 0 0 -2 0 0 0 -4 0 -4 4 -2 2 0 -4 4 0 0 0 2 0 -4 0 -2 0 0 0 -2 0 0 -8 0 2 0 0 2 0 6 0 0 2 -4 0 -1 2 0 -1 -6 0 0 0 -1 4 0 0 -2 2 -1 0 -4 1
0 0 2 0 0 5 1 0 0 -6 0 8 0 -2 -2 0 -2 0 -2 2 -4 0 0 -6 0 2 2 8 4 1 2 5 2 0 5 0 -2 -4 0 -10 3 10 1 0 -2 0 7 -6 0 0 1 0 -4 0 0 0 0 2 0 0 0 0 0 0 2 2 0 0 2 0 0 2 4 0 0 0 4 -4 0 -4 0 0 -4 0 0 4 2 0 0 4 -1 0 0 0 0 0 -7 -2 0 -1 0 0 0 0 -6 2 2 0 0 4 0 1 0 1 -1 0 0 0 0 0 2 0 76 2 4 -4 12 4 1 2 -5 -2 5 2 1 0 6 0 6 3 0 -2 0 0 0 2 -4 0 2 6 3 0 -2 4 -2 0 0 3 2 0 0 -2 0 0 2 4 4 0 0 1 -4 -1 0 -1 0 0 0 0 0 0 2 2 -4 0 0 2 4 0 -4 1 -2 -2 2 0 4 -4 0 0 1 0 0 4 4 2 4 -1 0 0 0 4 4 2 1 0 4 4 0 0 3 0 2 0 2 2 0 0 4 0 0 0 0 0 -4 0 -2 4 0 5 -4 -2 -2 0 -4 2 0 -16 0 0 -2 0 0 -2 0 1 2 -2 0 1 0 0 0 2 2 2 0 10 0 -4 4 0 0 0 0 2 -6 0 0 4 0 0 0 -14 0 -8 -6 0 0 -3 0 -4 2 1 -2 -6 4 1 0 -2 0 12 0 -2 0 0 -2 2 12 -8 0 -2 1 0 0 0 0 0 0 0 2 -2 -1 -4 8 -2 0 0 0 0 -4 4 -5 0 1 2 -4 0 -2 -2 0 0 0 4 -4 0 0 0 -6 0 0 -10 10 0 1 2 0 -2 3 6 2 6 4 0 -1 8 4 -4 4 0 2 0 0 0 -2 0 0 0 0 4 2 0 0 1 -10 -4 -2 -4 7 0 -8 3 0 -2 -2 0 0 4 5 0 -1 0 0 2 2 0 4 -2 0 0 4 4
0 0 -2 0 -2 -2 -2 0 -6 -2 -1 2 -2 -1 0 1 1 4 -5 10 6 2 4 -1 -4 6 0 0 2 0 0 0 -4 0 0 2 0 1 0 2 4 0 0 4 -1 0 2 2 0 0 0 0 0 2 4 2 0 0 -6 0 -2 3 -6 0 0 0 0 -4 0 0 2 0 0 -2 -4 0 0 4 0 0 0 0 -1 -4 0 0 -2 0 2 2 0 0 -4 -8 4 0 -4 2 -2 0 0 0 -1 2 -4 0 0 2 0 0 -4 4 0 -6 -1 1 0 0 0 0 0 0 2 51 2 -3 3 2 -2 0 0 0 -4 1 0 -4 1 0 2 0 0 0 -4 4 2 1 2 0 0 -2 0 -4 0 2 -4 -8 1 0 4 0 -2 -1 0 0 0 -1 2 2 0 -4 0 4 0 -1 0 -1 0 0 0 0 0 0 -4 4 2 0 0 -2 4 0 -2 0 -4 -4 3 0 0 -2 -1 -2 0 0 2 -1 0 4 -2 0 -4 1 0 0 -4 4 0 -1 0 1 0 -1 1 0 -1 0 4 0 0 -2 6 0 0 0 0 2 3 0 0 2 2 1 2 -4 0 -4 -3 0 -1 0 2 1 3 -2 0 0 4 0 0 -4 0 -4 0 0 -6 0 0 0 -4 0 -4 0 0 -2 4 0 0 0 -4 -4 0 -2 0 0 0 0 -2 0 0 2 0 2 2 0 -1 0 -6 4 2 0 0 0 0 -2 2 0 4 0 0 0 0 -2 4 0 0 0 -2 5 0 1 0 2 0 -2 0 -1 0 -1 0 2 -2 0 -6 4 0 0 -4 -3 4 -2 0 2 0 -5 -6 -5 0 0 0 0 6 -2 6 0 0 0 0 0 0 2 0 0 -2 0 -2 -4 -2 0 0 0 2 -4 -4 -2 2 0 0 0 0 6 4 0 2 0 -2 -4 0 0 0 2 0 0 0 0 0 0 0 0 -4 0 0 0 0 4 -2 1 0 -6 -1 0 -3 2
0 0 3 -2 -6 -4 -2 0 0 0 0 0 2 0 0 -4 0 -4 0 0 -2 -2 0 -2 0 0 5 0 0 -3 0 -2 -2 0 0 0 -2 2 4 0 0 -2 -4 -4 0 2 0 -2 0 0 0 2 0 -4 -1 0 -2 4 0 -1 4 4 6 4 0 0 0 3 4 1 0 2 4 2 0 0 -2 0 -6 4 0 0 -4 0 -4 0 6 -9 0 0 0 0 3 0 0 0 5 0 0 0 0 0 0 -2 -2 -4 0 0 -6 -2 1 0 0 -2 0 0 0 0 0 0 0 0 4 2 41 -6 -2 0 4 0 2 0 -4 4 2 -2 0 0 10 -2 2 4 0 0 4 0 0 0 -2 1 -2 0 -4 0 0 0 2 -6 0 -2 0 0 -1 -4 6 -4 0 -2 0 -4 0 -2 3 1 3 0 0 0 0 0 0 4 -2 0 0 0 0 0 0 2 0 0 2 0 0 -1 0 -4 4 0 -2 2 0 0 8 -4 2 0 0 0 0 2 0 0 3 4 0 0 0 4 0 0 0 0 0 -1 0 -2 0 -2 0 0 0 0 -1 0 -1 1 0 -4 -2 0 -1 0 0 0 2 0 2 8 4 0 0 4 0 0 0 0 1 0 0 0 -1 -2 0 0 -4 -2 6 -4 4 0 1 2 5 0 2 2 0 2 0 0 0 -4 0 0 4 0 0 0 2 2 -2 -6 -4 0 0 0 0 -4 0 -4 4 0 2 -4 0 0 2 4 0 0 -2 2 0 0 1 0 2 4 -2 0 1 0 0 2 0 0 0 0 0 0 0 0 0 -2 0 0 2 4 0 0 0 -2 -1 2 2 0 0 0 -2 2 0 0 0 0 0 0 4 2 0 0 0 0 0 -1 4 0 0 0 2 -1 6 0 2 0 -3 -4 0 0 0 0 -1 0 0 -2 0 0 -2 -1 -2 0 -4 0 4 4 4 -6 4 4 -2 4 -4 0 0 3 -2 1 4 0
0 -3 0 -2 2 4 0 -6 0 0 0 2 2 2 2 0 4 0 -1 0 4 0 0 1 2 0 0 0 1 0 0 0 0 0 0 0 2 -1 0 0 4 0 0 0 0 4 0 -1 -4 0 2 0 0 4 0 0 0 4 4 0 -4 4 2 2 0 0 0 0 -2 -4 0 0 -4 0 0 -4 -4 0 -2 0 0 0 0 4 2 0 -2 0 -2 0 0 4 0 0 0 0 0 -2 -2 0 0 0 0 6 -4 -1 -2 4 0 0 0 0 0 -2 -2 -1 0 0 0 0 0 0 -4 -3 -6 47 -2 0 0 0 0 -6 -6 0 0 4 0 -2 -2 2 2 1 0 0 0 0 -2 0 4 4 2 -2 4 -2 0 0 0 0 2 -4 4 0 0 0 -6 5 0 0 0 0 0 -4 0 4 3 -1 2 -2 6 0 0 2 4 6 0 0 0 3 0 3 1 0 2 0 -4 -4 2 0 0 -6 0 0 0 -2 -4 5 0 -4 -4 2 -4 0 0 0 -4 2 0 0 0 0 0 -4 0 2 -2 0 -8 4 0 1 0 0 0 5 0 -4 0 0 0 0 -1 2 4 0 0 -2 2 4 -4 -8 9 -2 0 6 0 0 0 -2 0 0 0 0 0 -2 4 0 4 0 -1 0 0 0 2 0 2 0 2 2 0 0 1 0 0 2 4 0 0 -5 2 0 0 0 -2 4 -2 -2 -2 -4 -8 0 0 -1 -2 0 2 -2 -4 4 -4 4 0 0 -1 4 6 0 4 -1 -2 0 -2 2 0 0 -4 4 -1 0 0 0 0 0 0 0 0 -2 -2 0 0 0 4 -2 0 6 4 2 0 -4 0 -2 -4 0 0 0 0 -1 4 2 4 2 0 -4 1 0 0 0 0 -2 0 2 0 0 -2 -2 0 2 0 -4 -4 0 2 2 0 0 -4 -6 4 0 0 3 0 0 6 -2 0 -6 -4 0 0 -2 1 -2 2 0 4 0 2 -1 1 0
0 2 4 -2 0 3 6 1 5 -4 1 0 0 2 2 -2 1 0 -3 0 -2 4 0 -4 1 0 0 0 0 4 -2 0 4 0 0 -2 -6 0 -1 -6 4 4 0 -1 2 2 2 1 0 0 1 0 -1 0 0 0 6 -2 2 1 0 4 0 4 2 -2 0 -4 0 -1 0 0 -2 -4 0 0 -1 0 4 0 0 0 4 4 4 -2 -1 0 2 -1 -2 0 -3 0 2 0 -6 0 0 0 1 0 2 -2 0 -4 -5 -2 -5 3 -4 -1 0 8 -2 0 0 0 -2 0 -4 0 12 3 -2 -2 44 -4 0 0 0 -2 0 -1 -4 0 1 0 0 0 -1 2 -5 0 4 0 0 -2 0 0 4 -2 0 0 0 2 -2 0 0 2 4 -1 2 0 0 2 0 5 0 2 1 0 -2 -3 4 -2 2 3 0 -1 0 -2 0 -4 0 -1 0 0 0 -4 2 0 0 -4 4 2 -2 4 1 1 0 0 0 2 1 -2 -3 -2 -1 3 4 -2 1 2 4 1 4 0 0 0 0 0 4 0 1 2 0 -2 0 2 0 -2 -4 -2 2 4 1 2 -2 0 2 0 -2 0 3 -3 0 -1 2 2 -2 -2 0 2 0 0 0 -4 0 2 1 -1 0 2 0 2 0 -1 -4 0 0 -4 -4 0 0 0 0 0 4 0 0 -5 -4 0 0 0 0 0 2 0 -4 0 0 0 0 0 0 1 0 8 -2 0 0 0 0 0 8 -3 0 0 -2 0 -1 0 -4 0 -5 0 0 0 0 0 4 -1 -4 0 0 2 0 -2 0 -2 0 4 0 0 0 -2 0 1 3 5 -2 0 2 -1 -4 -4 0 -6 6 0 0 0 1 0 0 0 -4 2 0 0 2 -4 0 0 4 -1 0 -1 0 -1 1 0 0 0 0 4 2 0 0 0 -4 0 -4 2 5 0 -4 6 0 0 0 -2 0 -1 2 0 2 0 0 0 -4 0 0 0 -1 0 -3 -2
0 0 -4 0 -2 0 -1 0 -2 -2 0 0 0 0 0 1 4 0 4 4 4 1 2 4 0 0 2 3 2 0 8 0 -4 0 2 0 2 0 -2 0 0 0 -2 -8 0 0 2 0 2 -2 -6 0 0 0 0 -2 0 4 2 4 -2 0 0 -4 4 2 0 6 -2 0 0 0 0 -1 4 -2 0 2 0 0 0 0 -2 0 -2 0 4 4 4 0 2 0 0 0 2 -1 -2 4 -1 -4 -4 0 0 0 0 0 0 0 0 0 0 -9 -2 0 0 0 0 2 6 0 -4 -2 4 2 0 0 -4 49 2 2 -2 0 -2 8 -2 0 4 -2 1 0 0 0 0 0 4 -1 -2 0 0 -4 0 0 0 0 0 -4 4 2 0 -4 -12 0 -2 0 0 2 0 8 0 0 0 -4 -8 0 0 8 0 0 2 0 0 0 0 0 2 0 -2 -2 0 4 0 0 0 4 2 1 0 0 0 -1 0 0 2 -5 0 -1 4 0 0 0 0 0 2 0 0 0 0 8 0 -4 4 0 0 2 0 0 6 0 0 12 0 0 6 4 0 -2 -2 0 -3 0 0 0 -2 4 0 0 0 0 0 -4 0 -4 0 3 0 0 0 -2 -1 2 -6 0 2 0 2 0 -4 -2 -2 0 0 8 0 0 0 0 0 0 -1 0 1 0 0 0 -5 0 0 0 8 1 -2 0 -2 4 0 6 6 4 0 0 -2 2 -4 6 0 -4 0 -4 0 4 0 0 -2 0 0 -2 -2 0 1 1 0 0 -4 0 0 0 0 1 -2 0 4 10 0 2 0 0 -4 0 4 0 0 0 0 6 -1 2 2 2 4 -2 0 0 0 -2 -4 0 0 4 2 4 0 -5 0 4 0 4 0 2 0 0 0 0 0 0 0 0 1 0 0 3 0 0 -4 0 0 0 2 0 4 0 4 0 2 0 0 0 -10 0 -1 0 0 0 0 -6 4 -3 0 0 8 4
4 -1 -2 0 4 6 2 0 0 0 -4 0 4 0 0 0 0 -1 0 0 2 -6 -4 -2 0 0 6 0 0 -5 0 0 5 4 -2 -2 4 4 0 -4 -2 0 -3 0 -2 0 0 0 0 0 0 0 0 -2 0 0 4 4 3 0 2 -3 4 0 0 0 0 0 0 0 0 2 4 4 0 0 -2 -2 -1 0 0 0 4 -4 -2 0 -4 2 0 0 0 -1 0 1 0 -6 -2 0 4 0 0 1 2 0 0 0 1 0 0 0 -4 0 -2 4 -3 -1 0 0 4 4 0 0 1 -2 4 0 0 2 61 0 3 0 1 2 4 0 0 0 0 -2 2 2 4 4 4 -6 4 0 2 -8 1 0 2 2 0 2 -6 -6 0 0 0 -2 -4 -5 -4 0 -2 -2 0 2 -2 2 0 0 -2 4 0 -1 4 -2 0 0 0 0 0 -4 1 2 0 0 4 0 6 0 0 -1 0 4 0 0 6 4 4 6 -4 8 -1 0 -2 0 -3 2 0 -2 0 -2 0 0 0 2 2 2 0 0 0 -1 2 4 0 0 0 4 4 4 -2 -2 1 0 2 -4 -1 -1 3 0 3 2 4 0 -4 -2 4 -4 0 0 0 0 4 0 5 -4 6 4 0 4 0 -4 0 0 0 -1 -4 4 4 6 0 0 -4 0 -2 4 1 4 4 -4 0 -2 0 0 0 2 2 -1 -2 0 0 -1 4 2 4 0 1 4 0 0 -2 0 2 0 2 0 0 0 0 4 6 2 0 -2 0 0 0 -4 2 4 0 0 0 0 2 -6 0 0 0 -2 0 2 4 0 0 1 0 0 -2 0 0 -4 -2 0 0 -2 4 2 4 0 0 -2 -3 0 0 0 8 4 2 0 0 0 2 0 0 -2 -4 -2 0 0 0 0 0 5 -2 2 -2 5 -2 4 -6 0 0 0 0 0 2 -2 0 -2 -4 -2 0 0 -2 0 4 0 4 0 0 0 0 4 4 -2
0 -4 -12 0 -1 6 -6 -2 0 -3 2 4 0 0 -4 0 -2 0 4 4 2 2 -2 0 0 0 -2 0 0 -4 0 1 2 0 2 0 4 0 3 0 -6 0 -4 -4 0 -4 0 -2 0 0 6 2 -2 2 0 -6 0 0 2 -4 1 0 2 4 0 4 -1 0 1 0 0 4 0 0 0 3 0 0 -4 0 0 -2 8 8 0 1 0 4 -3 5 0 0 -2 -4 0 0 0 -4 -1 0 1 0 0 0 0 0 0 -4 0 -2 -5 -2 1 -4 0 2 -6 0 -2 0 4 0 2 0 0 0 0 2 0 59 0 0 -2 -2 4 0 3 -2 0 0 0 0 0 0 4 -2 0 8 -4 2 -9 -2 0 2 0 -2 0 -4 0 -10 1 -4 0 -2 0 0 2 -4 0 0 0 -2 -2 -2 4 0 4 0 0 0 0 0 0 8 -6 8 0 -4 0 0 -2 0 1 0 0 -4 2 0 0 0 4 4 0 0 0 -6 6 0 4 4 0 0 0 -2 -2 -4 0 2 0 0 -2 -2 0 -2 0 0 -2 3 0 -4 0 0 -4 0 0 -2 0 0 0 2 -4 -2 0 1 0 -2 0 -4 4 0 -2 0 0 0 0 0 0 0 -2 -6 -1 0 0 -4 1 -3 0 -9 0 0 0 -1 2 2 -2 0 4 0 -2 0 -2 -2 4 4 2 0 0 0 0 0 0 0 0 0 -4 0 0 0 4 -1 0 1 -4 0 0 0 2 -2 0 2 0 2 4 0 0 0 0 -2 -2 0 -2 0 0 0 6 0 -4 2 -1 -2 -2 0 0 -1 -2 8 0 4 -2 0 -2 0 4 2 0 0 0 4 -2 -8 -4 0 4 8 0 -1 2 -2 -4 2 0 0 0 0 8 2 -4 4 -2 0 0 0 -2 0 4 0 0 6 0 -4 0 0 -2 4 0 0 3 -1 -3 2 4 0 -2 -4 -3 0 0 0 0 4 -4 4 0 1 -8 -1 -6 0 0 0
0 0 3 0 0 0 0 2 2 0 -8 0 0 0 0 0 0 4 0 0 -2 0 0 0 0 -4 0 0 0 1 0 1 -4 4 0 0 0 4 1 0 -2 1 3 -4 0 0 0 -4 0 0 0 0 4 0 2 0 0 8 1 0 -2 0 0 0 0 -1 -1 -2 0 0 0 0 -10 -1 0 0 0 -2 0 0 0 -2 3 0 -2 1 4 0 4 0 0 0 2 4 0 -4 2 1 0 2 0 0 -4 0 0 0 0 0 0 0 0 2 4 4 0 -2 0 4 0 0 0 0 -5 0 2 0 0 -2 3 0 42 4 4 0 4 4 -2 0 6 -2 0 4 4 0 4 0 5 0 0 0 -1 3 0 0 2 0 0 2 4 0 0 2 0 0 -2 -4 0 2 -4 3 4 0 0 5 0 -2 0 -2 2 0 0 -6 0 0 0 -2 0 0 -4 -2 4 0 2 0 0 0 -4 0 2 0 0 0 2 2 0 0 0 0 0 4 1 4 0 0 0 0 0 -2 -3 4 -4 0 0 4 0 3 6 0 0 2 5 6 0 -1 -2 0 0 4 0 0 0 0 4 0 0 0 0 10 2 0 -2 0 0 4 0 0 -2 0 6 0 2 0 -2 0 0 -2 -8 0 0 0 0 4 0 0 4 0 -2 -2 -2 0 0 0 0 -4 2 -2 2 0 -2 2 -2 -1 -1 -2 0 -3 0 0 -2 2 4 4 0 0 0 0 -6 0 0 -1 -2 0 0 -1 2 0 -4 -1 4 -2 0 2 0 0 0 -6 0 0 0 -4 0 2 0 2 0 0 4 0 0 0 0 -4 -2 0 2 0 0 2 0 0 4 -2 0 0 2 -2 4 3 4 0 0 0 0 0 0 -2 0 0 1 -4 0 0 0 0 2 -4 0 -2 0 0 -2 1 4 0 0 -2 1 -2 -4 -2 0 0 -2 -4 0 0 2 -4 0 1 -2 -2 1 -2 0 -2 0 0 0 0
0 0 0 2 -2 0 0 0 4 4 -2 4 0 0 2 0 0 0 0 -2 0 0 -8 0 0 0 4 0 -2 0 0 0 2 0 0 4 -4 0 0 2 0 4 -1 0 2 0 -2 0 1 0 0 0 0 0 2 0 0 0 0 0 -2 -4 0 5 -4 0 4 0 0 0 0 -4 0 -2 0 2 4 0 0 0 0 -2 0 -2 0 0 -4 0 2 0 0 1 2 10 0 -2 0 0 -2 0 -4 -5 0 -4 0 0 0 -4 0 -4 -4 -6 0 0 0 0 -4 0 0 0 -4 0 -2 0 0 -6 -2 0 0 0 4 43 0 -4 0 -2 2 0 0 0 0 0 4 0 0 0 0 -2 0 -8 0 0 0 0 0 -2 0 -2 0 0 -4 4 0 0 0 -12 -4 -4 0 0 4 4 0 -4 0 0 0 0 -4 0 0 -4 0 0 0 2 0 -4 0 0 0 0 -4 0 0 0 4 -2 2 -2 -2 2 0 0 4 4 2 1 -2 0 -4 0 0 4 -2 2 0 -4 2 0 0 -2 0 -4 0 0 4 0 0 0 3 2 0 -2 0 -4 0 0 4 4 0 0 2 0 4 2 4 0 -2 4 -4 0 0 0 1 -4 0 0 3 0 0 2 4 0 0 4 0 0 0 0 0 0 0 0 -2 0 0 0 2 2 2 0 -2 0 -4 0 0 4 4 0 0 0 0 0 -2 -2 0 0 0 -8 4 4 1 0 0 0 0 0 0 0 0 -2 2 2 5 -2 0 -2 0 4 2 0 -4 0 0 -1 4 0 0 0 0 0 0 0 2 -4 4 0 0 -2 -4 0 2 0 -2 0 0 2 0 0 0 0 0 0 0 2 -4 0 4 0 0 0 0 0 0 0 0 0 0 0 0 0 4 0 0 2 0 -3 0 -4 -2 -2 0 0 0 -2 0 0 0 -2 0 0 -1 2 0 -1 0 0 -2 4 -2 0 -4 0 -4 0 0 2 0 0
-2 8 -2 2 1 0 -3 2 1 -2 0 0 0 -2 0 -2 -4 4 4 0 2 0 0 -3 -1 -4 4 -4 0 2 8 0 8 0 -2 4 0 0 0 4 2 5 6 -4 0 0 -2 7 0 0 5 -1 0 3 1 0 0 6 0 0 0 -2 0 -6 0 0 -2 0 0 2 0 6 0 -2 4 0 0 2 0 -2 0 -2 -2 4 -1 0 4 2 4 0 -8 2 6 0 -2 -6 2 0 0 0 4 1 -6 -2 0 4 -3 0 4 2 0 1 -4 4 6 1 1 0 0 0 0 4 5 -4 -4 -6 0 -2 1 -2 4 0 63 0 3 2 0 10 0 4 7 0 2 0 -6 0 0 2 -3 8 0 2 2 8 0 6 -1 -4 0 1 0 0 8 2 0 -4 0 0 0 6 -2 0 6 0 -8 2 0 0 2 0 2 6 0 -2 0 0 0 0 1 0 0 0 2 4 0 -2 1 0 4 0 0 -5 6 0 -4 -4 1 -2 -2 -6 -2 -4 0 -2 -2 0 0 -2 0 0 0 0 0 2 4 0 8 3 -4 6 5 0 -2 2 -4 -2 0 0 2 4 4 1 0 -4 0 0 0 1 0 -4 -4 0 0 1 0 4 0 4 3 0 -2 0 2 9 0 0 4 -2 4 2 -2 0 -8 -1 0 2 0 -4 6 0 0 0 -2 0 2 0 0 0 4 -2 -3 1 0 2 -4 0 2 2 4 0 3 2 -1 -4 0 3 0 -2 0 2 0 2 0 3 0 0 -4 0 4 0 -3 2 2 0 6 0 2 2 4 0 0 -4 0 2 -4 3 0 -4 -5 -3 0 -5 3 4 1 -5 -4 0 -3 0 1 0 0 0 0 4 0 8 0 -1 -2 -2 -2 0 0 0 0 0 4 -4 0 2 0 2 7 0 0 7 0 -4 -4 0 -2 2 0 4 0 0 -2 -4 -2 0 3 -4 1 -2 1 6 3 -2 0 -1 0 0 5 -4 6 0 -2 -8
0 0 -2 0 0 0 5 -2 0 0 -1 -2 0 0 0 0 0 -4 0 8 0 -1 -4 2 0 0 4 0 0 2 6 0 -2 -4 4 4 0 0 4 0 6 -4 -4 -6 0 2 2 0 -2 0 -3 0 0 4 -2 0 2 4 7 0 6 4 4 6 -2 -2 -2 0 0 0 2 2 2 2 0 -4 0 0 0 0 -2 -1 0 -4 0 2 -3 0 0 0 2 2 0 8 0 4 0 4 0 -4 0 -4 -2 0 4 0 -6 0 -5 1 1 3 1 -2 0 0 0 0 2 0 -6 0 2 1 4 0 -1 8 2 -2 0 -4 0 78 -2 0 4 -2 6 0 0 2 0 4 2 0 4 -4 6 4 4 0 0 -4 2 -10 0 0 2 0 -2 0 4 0 -2 12 0 6 -4 0 8 2 8 -2 4 0 -2 7 2 8 0 -4 0 -1 0 0 0 4 -4 6 -4 0 -2 1 2 0 0 4 4 4 -2 0 4 2 0 0 2 2 -2 0 0 -4 0 0 0 4 0 0 4 2 0 2 3 0 0 2 4 0 0 6 -2 2 -2 -2 8 1 0 0 4 3 -4 0 -4 0 2 0 0 0 0 4 3 -4 0 -4 0 2 0 0 -2 -4 -4 0 6 0 8 0 -4 0 2 0 0 2 -4 0 4 -2 0 0 -2 -2 0 0 0 -2 -4 2 -2 0 -2 0 0 -2 4 1 -4 4 8 4 -2 -6 -3 0 0 2 0 -10 2 -7 0 7 0 4 -4 0 0 6 0 0 0 0 -2 0 0 -2 0 2 -8 2 0 0 0 6 0 -2 0 -1 -6 2 4 0 2 4 2 -4 0 0 2 0 -1 0 2 1 0 4 -6 -2 4 0 2 0 4 -2 0 8 4 0 2 4 -4 4 4 0 -4 2 2 0 6 -2 2 0 -2 0 4 0 2 4 3 2 2 2 12 4 0 2 4 0 -4 -1 0 6 4 2 10 6 0 4 -4 4 6 4
2 2 -4 0 0 2 2 0 -3 -4 -5 2 4 0 0 -2 4 0 -2 0 0 -5 0 4 4 0 -2 -4 3 -1 0 4 4 0 0 -4 0 0 -4 -2 2 -1 -4 0 -2 -4 0 -1 -4 -4 4 3 -4 -2 0 -2 0 4 -2 0 -2 4 0 2 4 4 -2 0 -2 0 4 2 0 6 4 8 0 -4 0 0 0 0 8 2 0 2 2 -3 -4 0 -2 0 1 4 0 0 -3 4 0 -1 0 0 4 -1 0 0 -4 0 -4 -6 -2 0 0 0 0 -4 4 -4 0 0 0 6 1 0 2 0 -4 -2 4 4 4 0 3 -2 64 0 0 8 -2 1 9 0 5 8 -2 -1 0 0 3 -2 1 -4 0 -2 0 -4 0 0 0 -3 -2 -2 2 -2 0 -2 0 0 -4 -1 0 -1 0 3 0 2 4 -4 0 -2 0 2 0 -3 -2 8 0 -4 0 2 2 -2 4 -2 -2 -6 0 -6 3 0 0 1 0 2 2 0 2 2 1 4 0 2 0 0 0 3 -9 -8 4 0 0 2 -10 2 0 -4 4 0 0 2 0 0 0 -2 -6 2 -2 0 0 -2 0 -2 0 -5 0 -2 4 1 0 -3 4 0 0 2 1 8 0 -4 -4 0 -2 4 0 0 0 -4 -4 3 5 -8 0 6 3 6 -4 0 2 -2 0 -4 0 0 2 4 2 0 4 0 2 6 2 0 0 -4 2 0 0 2 0 2 -2 -6 1 -6 -2 -2 0 4 -4 -4 0 1 0 3 0 -2 4 0 0 -6 -1 -1 0 0 0 -3 0 0 4 0 0 -4 0 0 0 -2 0 3 0 -2 -4 0 -6 0 2 0 0 -2 0 0 -1 0 1 0 0 0 0 2 -6 2 6 -2 -1 0 0 0 -2 0 0 -4 1 2 -2 0 0 -2 -2 4 2 -4 0 2 0 1 0 2 2 -2 -2 -4 0 -2 -4 0 -4 -2 0 0 0 0 -4 -2 -3 -4 0 0 -2 0 0 6
0 -2 0 3 -3 4 0 4 0 0 -1 0 -4 0 0 0 1 0 0 0 0 -2 0 0 0 0 -2 0 0 -4 0 0 2 0 -3 0 0 -2 -2 0 0 1 4 0 0 -2 0 -4 -2 -1 -4 0 4 -2 -2 0 4 0 0 4 1 0 -1 -3 1 -2 -1 -4 0 4 0 0 0 5 2 -1 0 -4 8 -6 0 -2 4 0 -2 0 1 2 1 0 -1 -4 -1 2 -6 -1 0 0 4 0 -4 8 0 4 2 0 0 2 1 3 0 8 4 0 0 0 -4 2 0 0 0 -2 0 -4 -2 4 0 0 0 0 4 -2 2 0 0 52 3 0 -8 4 0 0 0 0 0 0 0 3 0 0 0 -4 0 0 0 0 5 -4 -2 0 2 1 -2 0 0 0 -2 4 -3 2 0 -2 -4 4 0 2 0 0 2 0 0 0 0 0 -2 1 -4 2 0 -4 6 -2 0 -2 0 1 0 1 9 0 0 -2 6 0 0 0 -7 0 0 0 0 -4 0 1 -2 3 1 -2 -1 0 0 0 5 2 0 -3 -3 2 6 0 -2 6 4 0 -2 0 0 -2 0 0 -2 4 6 1 2 0 2 0 -6 0 0 -4 -2 0 -1 -2 0 -1 -2 -2 2 -2 0 -2 4 -4 0 -4 0 -2 0 -2 0 0 -2 0 -6 0 7 2 0 0 4 0 0 -4 7 -2 0 0 -4 0 0 2 1 0 0 8 0 2 2 2 0 1 0 -3 -6 0 0 0 0 0 0 3 0 -1 -4 4 0 0 0 -4 2 0 0 0 6 0 0 -2 -2 0 -2 2 4 -4 4 4 2 -4 -1 -6 0 -2 0 1 -1 0 2 0 0 0 2 0 -6 0 4 0 -10 0 -2 -4 -2 3 -6 -2 1 -1 8 -5 0 2 0 -4 0 0 -2 -2 0 0 0 0 -2 -1 2 0 0 -2 1 0 1 0 0 0 0 0 0 0 2 0 -2 0 4 0 -4 0 0 1 0 0
0 -4 1 -1 0 0 2 6 0 -4 -1 0 0 0 -1 -2 1 2 -6 0 0 0 -4 0 0 0 -2 2 0 4 0 2 0 4 0 -4 0 0 -2 0 2 2 2 0 0 0 2 0 -1 0 -2 0 1 -2 -2 2 0 0 0 0 -2 0 0 1 -2 1 -4 0 0 -1 1 0 4 2 2 2 0 0 0 2 0 0 0 4 0 2 1 0 1 0 0 -2 -2 -2 2 -1 0 0 0 0 -2 -2 0 2 0 0 0 2 0 0 0 -4 0 -2 0 0 0 0 1 -2 1 -2 6 1 0 0 1 4 0 3 -2 2 0 4 0 3 54 -4 -4 0 4 -4 0 0 3 0 0 2 2 2 0 0 0 3 0 -2 0 -2 1 5 1 -1 0 2 4 -2 0 4 2 0 0 -1 -2 11 4 -2 -1 2 0 -6 0 2 0 -5 0 2 1 3 0 2 -2 -2 -1 2 2 0 2 4 4 1 0 0 0 3 2 0 4 0 4 0 -2 0 4 0 0 8 0 -2 3 0 4 -5 0 0 3 -1 0 0 0 0 0 0 -1 -1 2 0 0 -4 -4 -2 0 2 0 2 4 0 0 0 -2 4 -4 0 0 2 -2 4 6 0 2 0 4 0 0 0 2 4 0 0 0 4 2 4 1 2 0 0 -2 0 4 0 0 2 -1 -4 0 -4 -3 -6 -2 0 0 0 -2 0 4 0 0 0 4 -2 -2 1 2 2 4 -4 -2 -2 -2 4 0 0 0 -2 10 0 4 -2 0 0 0 -4 0 -1 6 0 0 0 -2 -2 0 0 -4 -1 4 2 -4 -2 0 -4 0 0 0 1 0 -2 -2 0 2 -1 0 4 0 0 -8 7 2 0 -4 4 2 4 2 1 0 0 -2 4 -2 0 0 4 0 -1 0 0 0 4 0 0 0 0 -4 2 -4 0 4 -2 1 4 0 -4 -2 -1 0 -1 0 0 0 0 0 0 0 2 -3 -2 -1 -2 4 9
0 2 -1 4 2 0 0 0 0 0 3 0 2 -1 0 -3 -2 0 0 0 4 0 5 4 0 0 2 -4 0 0 4 -2 0 0 0 0 0 -2 0 0 3 0 1 0 -4 -1 0 0 -5 0 0 -4 -4 4 0 0 0 4 0 -1 0 -2 0 2 1 6 2 0 -2 0 0 0 0 1 0 -2 0 -2 2 0 -2 0 0 -6 -4 -4 0 0 -2 0 -4 -2 8 2 -2 2 0 0 0 0 0 0 0 1 0 -4 0 0 0 0 2 3 -3 -1 2 0 0 0 4 -2 0 8 0 0 0 -2 0 -2 0 -2 0 0 10 -2 8 0 -4 43 1 0 0 0 0 0 -4 -2 0 3 -4 2 0 0 0 0 0 0 2 0 0 0 -1 -2 0 0 0 -4 0 8 -1 1 1 -4 2 4 0 -2 6 -1 0 10 -1 0 0 -1 0 0 -2 -2 0 -1 0 -1 0 -2 1 0 5 0 0 0 0 0 1 1 0 -2 0 0 2 0 0 -1 -4 0 1 0 0 -1 0 2 0 4 0 0 0 -2 0 0 1 3 1 2 2 0 2 0 1 -4 0 2 0 5 4 0 0 0 0 2 -6 -4 1 -5 0 2 0 0 2 0 2 -1 -2 -2 4 6 0 -2 0 2 2 0 0 2 -2 -2 0 0 0 -3 4 -2 0 -6 -4 4 0 0 4 7 0 0 0 -2 0 -4 0 4 2 -3 -2 8 1 0 2 0 -4 0 0 1 0 0 0 0 1 0 0 -2 0 2 2 4 0 -2 0 0 2 0 0 -2 3 6 0 2 0 -4 2 6 3 0 4 -3 -4 -1 0 1 3 1 -4 0 1 5 0 0 0 2 0 4 -8 0 -6 4 0 -1 -2 4 0 -1 -1 0 -1 0 2 0 -2 2 0 2 -4 2 4 -4 0 2 0 -2 -4 0 0 2 -2 -4 2 -2 0 0 -1 -2 0 0 4 4 0 -1 -2 0 6 0 -2 0 -3 0
-1 2 -4 3 2 0 -1 2 -2 4 2 0 1 0 2 0 0 -2 0 2 4 0 2 6 4 0 0 0 1 0 8 2 -5 -2 0 4 -1 2 2 0 0 -2 -2 0 -4 6 0 -4 0 0 4 0 0 4 2 -1 0 2 -2 -2 -8 0 0 0 1 -2 1 0 6 0 2 2 -2 -4 4 4 2 10 -1 8 0 0 -4 2 -2 -4 4 2 0 6 0 5 4 4 4 0 -2 0 0 0 0 -2 2 -8 -6 4 4 0 -2 2 5 -4 -4 2 -1 4 0 0 2 -2 -3 -4 6 2 10 -2 0 1 0 0 6 0 0 6 -2 -8 -4 1 75 8 0 4 0 0 4 4 -6 -4 0 2 0 8 -2 2 0 0 0 4 4 6 -2 0 0 0 2 0 2 2 -1 -2 -3 0 4 -6 6 -1 -6 -1 2 0 0 -4 -2 0 0 -2 4 0 2 0 -2 0 -2 -2 0 -4 0 4 -1 -5 -2 -6 -3 -3 6 0 0 0 2 4 4 4 2 -2 -2 0 0 0 -4 0 -4 2 2 0 0 4 0 2 6 0 0 0 -2 -6 -4 0 0 6 2 0 -1 1 -8 -2 2 4 2 10 0 2 2 3 0 0 0 0 0 0 0 0 0 -6 0 1 -4 4 -4 2 4 4 0 2 -4 4 -4 0 0 0 -2 -2 2 4 0 -8 -4 4 4 -2 -4 1 2 -2 -8 -1 -1 0 4 -6 -6 4 2 0 -2 2 4 -6 1 -4 4 -2 0 -8 1 2 0 6 -6 -2 1 -1 0 2 -1 0 0 1 0 0 0 -4 2 2 -4 -2 -4 -2 0 0 0 0 0 -1 2 -2 4 0 0 0 0 0 0 -4 0 2 6 -8 2 0 -2 8 0 0 4 -4 6 -2 0 2 -2 0 4 3 0 0 0 0 -4 2 0 3 2 -2 0 -2 0 0 3 -6 0 0 4 8 -4 2 2 2 0 -8 3 0 -1 0 4 0 0 -5 3 0 1 0
0 2 0 8 0 0 0 0 0 0 0 -2 3 4 8 3 0 0 -2 0 0 5 0 0 0 1 -1 -2 -4 2 6 -2 0 0 4 0 -2 0 2 0 -2 0 4 -4 -2 2 0 0 0 0 0 -1 -4 0 0 0 4 2 0 0 -4 0 -7 0 0 -1 10 0 0 0 2 -4 4 1 4 0 0 0 -1 -6 3 0 0 0 8 -8 0 0 0 0 0 0 2 0 -4 2 1 -4 4 -1 1 4 0 2 8 0 6 0 0 2 0 0 0 -6 0 0 -4 -4 -2 0 0 0 3 0 -2 2 0 0 -2 0 -2 0 4 0 1 4 0 0 8 60 2 0 0 -4 1 4 2 2 4 2 -4 -4 -4 1 0 -2 4 5 4 -2 -4 0 0 0 1 0 -2 -4 -4 1 -10 0 2 1 0 3 -2 0 -4 5 0 4 0 5 -4 0 4 0 -2 0 0 2 -2 0 0 0 5 -1 -5 6 -4 -3 8 0 -1 2 0 2 0 2 4 -2 2 0 0 0 0 -4 -2 0 2 4 -2 2 2 0 4 0 -1 -8 0 2 -4 4 0 -1 0 0 2 0 -2 0 0 0 0 6 0 0 -10 0 4 1 -2 12 0 -2 4 4 0 0 0 -1 1 0 0 -2 0 -8 4 -6 2 0 4 0 -4 0 1 -1 -2 2 2 -8 8 0 -2 2 0 0 2 -4 -2 0 0 2 4 0 -2 0 0 2 2 -4 0 -6 -3 10 -4 2 3 -3 4 -1 -4 -2 0 0 2 0 4 4 1 2 0 0 -4 4 -4 4 0 0 0 -4 0 0 -4 0 0 2 -2 -4 0 4 7 4 -4 0 1 1 0 0 0 -1 -5 0 -4 0 4 -4 -4 1 0 0 0 -2 -8 -2 2 0 0 -2 0 4 0 -1 2 0 0 6 2 0 0 4 0 0 0 0 2 -8 -1 1 0 0 1 0 -2 0 -4 -4 0 0 -4 0 0 0 6 0 4 0 0 -4
0 -4 0 0 6 2 0 -1 -2 4 8 0 -1 4 4 2 2 0 0 0 8 4 0 -2 0 0 -2 0 0 0 0 0 4 2 0 0 -4 0 0 4 0 -1 2 2 -1 4 4 12 -4 -4 0 1 0 -2 2 0 0 0 0 0 4 0 0 2 4 0 0 0 0 5 4 0 -4 1 4 6 0 0 2 0 0 0 -2 -2 -2 0 -1 -2 0 0 0 0 1 -2 6 2 0 0 0 0 0 4 0 -1 4 0 -2 0 1 -4 0 -4 0 0 2 -4 0 4 -2 0 -2 -4 0 0 2 2 -1 0 2 0 0 0 7 0 9 0 4 0 0 2 69 -4 -3 2 -4 0 -4 4 -10 0 -4 -6 0 2 0 -4 2 0 -2 1 10 0 4 0 -1 0 -2 -4 0 4 -4 -1 0 6 -4 2 -2 -3 0 0 0 2 0 0 2 4 0 -4 2 0 0 0 4 -2 0 4 -4 -2 2 0 1 0 -4 -1 -2 0 -2 -2 0 4 5 4 -4 0 -2 4 4 2 4 4 0 0 0 2 0 -2 4 2 0 0 0 4 2 0 2 1 0 0 0 -2 12 1 0 -8 4 -2 4 -3 0 2 0 -2 4 0 0 0 0 12 2 8 2 0 -5 -2 0 0 0 0 0 -8 0 -2 -2 0 0 -4 2 0 0 0 0 0 4 0 0 2 0 0 -6 4 0 -4 -2 0 -10 2 0 -1 0 2 4 -10 1 0 2 3 0 4 0 2 4 0 4 -4 0 4 -2 4 -2 4 -5 0 0 0 4 -2 -2 -4 0 -5 0 0 0 0 0 0 0 -4 2 2 0 -3 -2 0 0 5 -2 0 0 0 2 0 8 0 -1 2 -4 8 0 0 4 -2 2 0 -1 0 0 3 0 -3 3 -2 0 2 2 0 0 -2 -2 8 0 0 0 0 -1 0 0 0 0 0 0 -2 -4 0 0 0 0 0 1 4 -2 0 0 6 -3 -4 0 0 4 0
5 1 -10 0 0 0 0 -3 0 0 -2 -3 0 0 0 -4 0 -2 -1 2 0 -4 2 0 2 0 -8 0 -12 0 0 0 0 6 2 0 0 -4 4 0 2 -6 4 -4 2 0 1 -1 0 1 0 0 0 0 2 0 0 2 6 0 2 4 0 0 -2 0 -2 -1 0 1 0 0 -6 -2 0 -2 2 0 0 0 0 0 6 0 5 -2 4 -4 0 0 0 2 -2 1 0 -2 0 0 0 2 0 -4 -2 0 2 0 -6 0 -2 0 -1 4 2 0 2 0 0 -2 0 1 0 0 -2 0 4 1 2 0 2 0 4 0 0 2 0 0 -4 0 4 0 -4 51 2 -4 0 0 0 0 0 0 0 -2 0 0 0 -2 -2 0 -2 0 -2 -1 0 -4 2 2 0 0 -1 0 0 0 -3 -2 3 0 2 0 4 -6 0 -2 0 0 0 4 0 0 -2 1 2 -1 4 4 2 2 0 -2 -2 -2 -4 -4 4 0 0 -2 0 4 -2 0 2 -4 0 2 2 4 0 0 0 -2 -4 0 1 0 0 2 3 0 0 1 0 3 0 0 0 0 0 0 -4 0 -4 0 0 -1 4 1 0 8 0 0 2 2 0 0 2 2 4 -2 2 2 4 0 2 0 2 0 0 0 6 0 4 0 -2 1 -6 0 0 0 4 -2 0 2 0 4 2 -1 0 0 4 0 2 2 0 2 0 0 0 0 -4 4 4 0 0 0 0 2 0 0 0 0 0 0 -2 2 0 0 -4 -2 0 0 0 8 -2 0 0 0 0 1 1 0 -4 2 -2 0 0 -6 0 0 0 4 0 4 -4 0 -4 0 -4 0 0 0 6 -4 3 0 8 6 1 0 0 0 -4 0 -1 4 0 0 -2 -4 6 0 0 0 -4 0 2 1 2 -6 1 0 -3 0 6 0 0 -2 2 -1 2 0 -4 4 0 -2 -4 0 0 0 0 4 2 -2 -4 2 3 0 0 -4 2 0
2 4 -4 0 -4 2 -4 0 -4 0 -6 1 0 0 0 0 1 4 0 0 -3 -4 -10 -2 -1 0 0 4 0 0 1 2 -3 2 0 -2 2 4 -1 0 0 0 0 -2 0 -3 0 -2 2 0 6 2 0 0 -7 0 0 4 3 4 2 0 0 1 2 0 -4 0 0 2 0 0 0 -2 -1 0 0 0 0 0 0 4 0 3 -2 0 -2 0 -4 1 -2 -2 0 2 0 -6 -1 -2 0 2 0 -10 -1 0 0 0 -2 -4 0 0 0 0 4 -2 0 -1 -4 0 -4 0 2 0 0 -4 0 0 -5 0 4 0 4 4 2 0 5 0 0 0 0 0 -3 2 44 -4 0 0 0 -2 0 0 -2 0 -4 0 2 -2 0 3 -3 0 -2 5 -2 0 0 0 2 0 -2 -2 0 -1 0 0 2 0 0 0 -1 -1 1 0 4 -4 0 0 0 2 1 0 4 0 4 2 0 0 1 -4 2 1 0 -3 0 0 -2 6 1 2 -4 0 -4 0 0 0 4 3 0 0 0 -1 -2 0 -8 0 0 0 5 4 0 -2 0 4 0 0 0 1 2 2 2 -2 -6 0 2 0 5 -1 -2 0 0 -1 0 0 0 1 0 2 0 -3 3 0 6 0 6 0 0 0 1 -1 4 0 0 3 2 1 0 0 0 0 -2 2 1 4 0 2 0 -2 0 3 2 0 -1 0 0 -1 -2 -2 2 -3 -1 -2 -3 4 0 0 0 0 0 4 2 0 2 0 0 2 -4 -2 1 2 3 2 -1 0 0 -1 -2 0 -1 2 -2 1 2 1 1 0 -4 0 0 0 0 2 -2 -4 2 0 0 0 0 0 0 0 4 -4 2 0 2 -1 -4 0 2 -4 -3 0 -4 4 3 0 -4 -2 0 0 0 0 0 -2 0 0 0 -7 0 0 0 0 0 0 0 2 -2 4 0 -4 -2 -2 0 0 0 0 0 8 6 0 -1 -2 0 0 -1 2 4 2 1 4
-2 0 0 0 8 -2 4 2 -4 0 -2 1 3 0 0 0 1 2 0 0 2 -4 0 0 0 0 4 0 0 0 -2 0 -1 0 0 -2 0 0 0 0 4 0 -10 4 0 0 0 -2 -2 -2 4 2 -4 2 0 0 -4 0 -4 -4 0 0 0 0 2 0 -4 0 0 0 0 4 2 4 0 0 -4 0 0 0 2 -4 0 0 2 -4 0 4 0 2 8 0 5 -2 0 0 0 4 2 0 -4 0 4 4 0 1 2 2 0 -4 -4 -2 0 -4 -4 1 0 0 -2 3 -2 2 0 4 0 0 0 0 4 0 0 0 0 4 8 0 0 0 0 -4 2 -4 -4 52 0 -4 4 0 -2 0 -2 2 0 0 0 0 4 0 0 0 0 1 -4 -4 0 0 -2 -1 0 8 0 0 4 1 -2 0 0 0 0 -4 -8 -4 -4 -6 2 0 0 4 4 2 0 -2 -1 0 0 -1 0 2 -3 0 0 -2 0 0 0 2 2 0 2 0 4 0 -4 0 -8 2 0 0 2 6 0 0 0 2 0 4 4 0 0 0 -1 0 -1 2 4 0 0 7 6 -4 0 7 4 2 -2 0 0 0 -1 0 4 2 0 0 4 0 0 0 0 0 0 0 2 0 0 0 0 5 2 0 0 0 -2 1 0 0 0 0 -2 0 0 4 0 0 4 -4 0 2 0 0 0 0 3 2 -2 -2 -2 0 -2 2 2 0 4 0 -2 -6 0 6 -3 0 0 0 0 0 0 0 2 0 2 0 4 -2 -2 0 3 4 2 -2 0 0 4 0 0 -2 0 -2 8 0 2 4 0 -2 -4 0 -2 0 0 -1 0 -2 0 0 0 -1 0 -2 2 0 0 0 0 4 2 -4 4 0 0 2 -9 0 0 2 5 0 0 4 0 0 0 0 1 3 0 2 1 4 4 0 4 0 -2 3 -4 0 0 0 -4 0 -4 0 2 0 -2 0 2 0 0 4 -4 0
4 0 -2 2 -4 -5 -4 0 1 0 2 0 -4 2 -4 -1 0 -4 -2 2 -4 0 -12 2 -4 0 0 0 0 2 0 2 -4 0 0 0 4 4 -2 -4 5 4 -2 0 -2 4 6 -4 1 0 0 1 4 0 2 0 4 4 0 0 1 0 4 -2 -2 -1 -2 -2 0 0 -1 2 0 -2 4 2 -4 -1 4 2 2 0 2 -4 4 2 0 2 -2 2 2 -2 -2 -4 2 2 6 2 0 -1 0 0 0 0 -6 -4 2 0 0 8 -2 0 -2 5 0 -2 0 0 0 3 -7 0 0 2 4 0 4 4 4 4 4 0 -6 2 -2 0 3 -4 4 1 -4 0 0 0 67 3 -2 0 -4 0 2 8 0 -3 2 -4 2 -2 0 -5 2 0 0 0 5 -6 6 3 -2 -2 2 0 2 -10 4 -7 -2 -2 -1 -8 1 4 0 -2 -2 -2 -2 0 2 10 -4 0 0 4 4 -2 0 0 1 0 2 1 -2 0 4 0 6 4 0 0 0 4 4 4 0 -4 0 -2 0 1 -1 -2 2 2 2 0 0 2 -1 -2 1 0 -2 3 3 2 0 0 0 -4 -3 0 -1 7 -2 0 0 4 0 6 6 0 3 0 0 2 -4 -10 2 -5 1 4 -2 -6 0 2 -4 0 -8 0 4 0 -4 0 2 0 0 -1 2 0 0 0 1 0 3 0 0 9 0 -2 0 0 -4 -1 0 -4 -3 0 0 1 1 0 0 0 0 -2 4 1 -1 0 0 2 -1 0 0 1 -2 -4 -4 0 3 0 0 -2 0 0 0 2 0 0 -5 0 -4 5 0 0 1 2 0 0 2 6 -1 2 2 -2 -2 -3 0 1 0 0 0 -2 2 3 0 2 -4 2 -1 0 0 0 0 -2 2 0 2 0 -2 -4 7 -2 -6 -4 -4 0 2 2 2 4 -2 2 1 -1 0 0 0 6 4 -1 -4 0 -2 0 -2 -8 0 5 0 0 -2 0 2 -2 0 0 4 -6
2 4 0 4 0 0 -4 -2 0 0 2 0 -4 -5 -2 -5 0 4 0 0 1 -1 0 1 -2 0 -2 0 1 1 1 0 0 0 0 -2 0 0 0 0 0 -2 -2 2 -1 0 2 1 2 0 0 0 -4 2 0 1 0 1 0 0 -2 5 0 0 -1 -2 0 0 0 0 -4 -2 0 0 0 0 0 0 -4 -2 -2 0 0 -4 -2 0 -2 -1 0 -4 0 -2 -4 4 -4 0 0 -1 1 0 0 -2 0 0 0 0 -2 0 0 0 0 1 8 -1 1 0 0 0 2 0 -2 -2 2 1 0 0 0 -1 -6 -2 0 0 0 0 -1 0 0 -2 4 4 0 0 0 -4 3 48 0 2 0 2 0 0 1 0 2 -2 -6 2 6 8 0 0 0 0 0 -2 6 0 2 0 -2 0 0 -2 0 -1 0 -1 2 2 0 0 -4 -2 0 -2 0 2 3 0 0 -8 3 0 0 0 0 0 -2 0 0 0 2 1 2 1 0 0 4 1 4 2 3 0 -1 0 2 0 0 -3 1 0 0 1 -2 -4 2 0 0 -4 0 0 -6 2 4 2 2 0 0 0 3 0 0 1 0 -4 0 0 5 -1 -6 4 0 -2 0 2 -2 0 -3 2 -2 2 4 0 2 -2 0 -4 3 -2 0 0 4 0 -1 4 0 0 8 4 4 -2 0 -2 0 4 0 2 0 -2 -7 2 -1 -6 0 -1 1 2 0 8 2 0 0 0 0 1 -2 -2 -2 -6 0 2 -2 -6 0 0 -2 0 3 -2 0 0 -6 -2 0 0 -1 -1 4 0 -5 0 -6 2 -2 -2 -4 0 0 0 0 0 0 -2 -2 0 0 0 -4 2 2 4 0 4 0 -4 -2 0 0 -2 -5 0 0 2 0 1 -2 0 2 0 2 0 0 0 -4 -4 0 4 2 2 0 0 4 -8 0 2 4 4 0 0 0 2 0 0 -4 -2 -2 0 2 -8 0 0 -6 -3 0 0 2 0 6 -4
0 2 0 0 0 -2 0 0 -4 0 2 -2 0 0 0 0 0 0 -2 0 -2 -4 0 0 0 0 -1 -4 0 0 0 4 0 2 0 0 2 0 0 4 0 1 0 0 -1 2 0 -2 2 0 3 0 0 0 0 1 -1 0 1 0 8 0 0 0 0 -2 0 -4 0 3 2 2 -4 4 -4 4 -4 4 0 -6 -4 0 1 0 -2 0 0 0 4 0 4 0 0 -4 0 4 4 0 0 2 0 -1 0 0 0 -4 -2 3 0 0 -4 2 0 -4 -4 0 0 0 4 -1 0 0 -4 2 0 -2 0 -2 4 0 5 0 0 4 0 0 0 0 -6 2 -4 0 0 4 -2 0 38 0 4 -5 0 -4 0 0 0 0 -2 2 4 0 2 0 0 -4 0 0 0 3 0 -1 0 2 0 2 -2 -1 2 0 -2 0 2 -4 -1 0 0 0 -2 4 -12 0 2 0 -2 0 4 0 0 0 -4 2 0 4 0 6 0 0 0 0 0 0 0 -4 0 -2 0 0 0 1 0 0 0 2 0 2 0 0 0 -1 2 0 2 0 0 4 0 0 0 2 0 0 -4 0 9 -2 -2 0 0 1 0 0 0 0 0 2 0 2 0 0 0 -4 2 -4 -1 0 4 0 4 0 -3 0 0 6 0 -2 0 0 0 -2 0 8 1 -5 0 -4 -4 2 -2 0 0 0 -2 4 1 2 0 0 1 1 0 0 0 0 2 0 0 0 0 2 -2 2 0 0 -4 0 0 0 2 -2 6 -2 5 0 0 0 6 -4 1 0 0 0 -1 -2 2 0 2 0 -1 0 2 0 4 2 0 -6 -4 0 0 0 0 0 0 0 0 0 -2 0 -2 -1 2 -2 0 0 0 -8 -4 0 1 0 0 0 -4 -4 4 0 0 0 0 0 0 2 -2 0 -4 -1 2 2 -4 0 -4 0 0 0 0 -4 0 0 -4 0 -4 0 0 0 -2 0 -2 -2 0 0 0 0
0 2 -8 1 0 -4 -4 0 0 0 10 0 0 0 2 1 -3 0 0 1 7 0 0 -3 4 0 2 -4 0 0 3 -8 0 4 2 0 4 4 2 0 -10 0 4 0 -2 0 -2 0 0 0 -4 -1 2 4 0 0 0 -1 0 -4 0 0 0 10 2 6 -2 -4 0 -4 1 0 2 2 6 0 0 0 2 -2 0 2 -4 4 -2 -2 0 4 -2 0 4 2 -4 -6 2 2 4 -1 0 0 0 0 0 0 -1 4 0 6 1 0 0 2 8 -1 0 0 4 0 0 0 2 0 0 0 0 0 -2 0 0 8 0 -2 2 -4 0 3 2 3 -4 2 4 0 -2 0 0 2 0 56 0 -2 2 0 -1 -2 2 -4 2 0 -4 0 2 0 0 0 0 -4 0 6 2 0 -2 -2 -4 0 0 1 2 0 2 0 0 0 -2 -4 -4 3 -2 0 0 -2 2 0 10 0 -2 -5 4 1 -1 -4 0 4 6 -1 -2 0 3 -1 0 0 0 -6 0 0 0 -1 0 2 0 2 0 -1 4 3 -2 0 4 0 0 -1 4 4 0 -4 2 2 0 -4 1 1 0 -1 0 -1 6 2 0 4 0 3 -2 -2 0 0 -4 0 0 6 0 0 0 -1 -2 0 0 -6 8 -2 2 -2 4 0 0 -2 0 2 0 -2 -2 0 -1 2 0 -6 0 -6 0 8 0 -2 1 0 -2 -4 4 -1 4 0 0 2 0 -1 -2 -1 0 1 0 0 0 -4 3 0 0 -3 2 -6 0 0 0 0 0 -2 1 2 8 -2 2 2 6 4 0 1 0 -5 -2 8 0 0 -2 -1 -1 4 5 -2 0 2 2 0 0 0 4 0 0 6 0 6 0 -8 -1 -2 0 0 0 4 7 2 0 4 0 2 0 -4 0 0 0 2 0 0 2 0 0 0 0 2 0 0 -2 0 -3 0 0 0 0 4 -1 0 0 0 0 2 -4 0 4 0 2 3 -2 0 2 8
4 0 2 0 -2 4 0 0 -4 -2 -8 0 0 0 0 1 2 0 -2 4 -4 5 0 0 4 0 0 0 0 -4 -6 2 4 -2 -4 0 0 0 0 -2 0 5 3 4 4 0 -2 0 4 0 2 -1 -4 2 2 -4 0 -5 2 0 4 0 0 -2 0 0 -1 -5 0 0 2 0 0 -1 8 0 -2 0 0 0 4 0 -6 4 0 0 0 2 2 0 -6 0 -5 0 0 0 0 3 0 2 0 -4 0 1 8 -2 -4 0 0 0 2 0 -3 4 -4 0 4 -4 0 0 0 0 2 0 -2 4 0 0 2 -4 0 0 -3 6 3 0 2 -4 0 4 -10 0 0 -2 -4 0 4 0 78 3 2 2 0 0 2 0 0 4 4 1 0 6 -2 2 -2 0 4 2 0 3 4 1 0 0 1 4 -1 6 0 2 -2 -2 -2 2 0 0 -4 0 -4 4 -2 0 0 -2 0 0 -6 0 0 0 0 2 2 0 -1 3 -4 -4 1 0 0 0 0 0 0 2 0 -4 2 1 2 1 0 2 2 -4 -4 -1 -4 0 0 2 0 0 -2 -4 6 -4 0 0 0 -2 0 -2 0 0 0 -1 -2 -2 -1 -4 0 0 0 4 2 2 -4 -4 2 0 3 0 4 0 0 0 -2 2 0 0 2 4 0 4 0 0 0 -4 -4 0 0 -4 0 -3 0 -2 4 0 0 2 0 4 4 4 0 3 -2 -6 -2 2 -1 0 -1 0 0 0 -4 0 0 2 0 -2 0 -4 0 -8 2 4 1 0 2 3 0 -2 0 0 -6 0 -2 0 0 2 0 0 4 0 2 0 1 4 -2 0 0 0 4 0 0 4 0 3 0 -4 0 7 -2 2 4 4 0 -2 0 2 4 -2 0 0 -4 0 1 -2 -2 0 6 4 2 0 -4 0 0 0 0 -5 2 0 6 -4 -1 8 -1 4 0 -6 0 0 -4 4 -4 -8 8 0 6 2 4 0 0 0 8 -4
0 -6 2 -4 0 0 4 2 2 0 0 0 -4 0 0 0 -1 0 0 0 -3 8 0 -4 -2 -7 2 0 0 2 4 -2 6 0 0 0 0 0 0 0 0 4 5 -2 0 0 2 0 0 1 -4 0 -8 0 -2 4 8 4 2 -1 -4 -2 0 -4 0 -2 0 -3 0 2 0 0 -1 2 2 -6 -6 0 0 0 -2 0 0 -2 0 0 0 0 0 0 -4 0 2 0 0 0 4 -2 -2 0 0 1 0 0 0 4 4 2 0 0 0 2 0 0 -2 0 0 0 -4 1 0 0 6 -2 1 4 0 -4 -8 2 0 -8 8 4 -2 0 2 2 2 2 0 0 0 0 0 2 -5 -2 3 56 4 0 0 -2 -2 4 -4 0 6 0 -1 0 -2 4 4 2 0 -5 0 -2 -4 -2 4 4 2 0 -1 -2 4 -1 0 0 0 8 0 -2 2 2 0 2 1 0 0 2 2 -4 6 0 -4 0 -3 0 4 0 0 0 4 0 2 0 0 -6 0 0 -2 -2 0 0 0 1 0 0 0 4 0 -4 5 0 2 -2 0 0 -4 1 0 -2 -1 -4 2 0 -1 4 -1 0 0 -2 -1 0 0 6 4 0 0 0 0 -4 -2 4 1 0 0 0 -4 2 0 -2 0 -4 10 0 0 0 -2 6 8 0 4 2 2 2 -2 -3 0 4 10 0 0 0 -2 -4 0 0 0 4 0 -2 4 -4 4 1 -2 0 -6 -4 -1 6 -4 0 -1 0 0 2 0 -2 0 -2 -4 0 4 0 -4 0 7 0 0 -2 -4 0 0 0 4 0 -2 2 -6 -2 -4 0 0 -1 1 0 0 2 6 -6 -2 0 -1 0 0 0 0 4 2 7 2 -1 1 4 0 -2 -2 -4 -2 0 1 -4 -1 -3 4 -2 -2 2 -3 -2 1 6 2 6 2 2 0 -4 4 0 0 0 -11 -2 -7 1 0 0 4 -1 0 4 0 -4 0 2 8 2 12 0 2 2 2 -4
0 -2 2 -8 -4 0 2 2 -2 0 0 0 0 0 -4 -2 0 2 0 0 0 0 -2 -2 0 -2 -1 2 1 1 0 -2 0 0 2 3 0 0 0 0 2 0 5 -2 -2 4 0 -1 0 0 -9 0 0 -1 2 0 8 0 -8 -1 0 0 0 0 0 0 -2 -3 0 0 0 1 5 0 -4 -3 0 0 14 -4 1 0 2 0 0 4 0 0 3 0 4 4 0 8 0 4 -2 -4 -1 0 0 3 0 0 -2 -2 2 0 2 6 2 0 0 2 -4 -2 -4 0 0 0 0 0 3 0 -2 2 4 0 1 -9 -1 0 0 4 1 0 0 0 0 -4 -4 0 -2 -2 2 0 0 2 2 4 66 0 2 0 0 2 0 -1 0 0 0 0 0 0 6 -1 6 12 0 0 0 0 -4 -2 0 0 0 -4 0 -6 0 -4 0 -2 4 -4 0 0 2 0 2 0 -4 -4 0 0 0 1 0 0 -2 -1 0 0 0 -1 -2 -2 1 2 -4 2 0 0 0 0 0 0 0 1 2 -2 0 0 0 0 8 0 2 8 1 -1 3 4 -2 9 0 0 -4 4 -2 0 -2 0 -2 6 0 0 0 0 2 0 0 0 1 0 4 4 3 -4 1 0 -2 0 0 2 2 1 0 2 0 0 -5 0 0 0 -2 2 0 4 6 0 0 1 0 0 1 0 -2 2 2 1 -10 -1 0 0 4 -2 0 -3 4 -2 0 0 0 0 6 -4 0 -4 0 0 -2 -1 4 0 -2 -4 0 0 -2 -5 0 0 -1 2 0 0 0 -2 4 0 -2 0 0 0 -2 -8 0 -2 0 8 2 -2 3 -4 -3 0 -2 -4 2 -3 2 2 0 6 4 0 4 0 6 -4 -4 1 -8 0 1 0 0 2 4 -2 0 2 -8 -1 0 1 0 0 0 -1 -2 -1 4 -2 -2 -1 6 4 -2 0 0 12 4 0 0 0 -1 -2 0 0 2 0 6 0 0 -2 0 4
4 0 4 -8 -2 2 -4 4 4 0 0 -10 4 -1 2 -2 -2 1 0 -4 0 -2 0 0 4 -10 2 0 0 -4 4 -2 -4 0 -2 -2 4 -2 -5 0 4 -2 -2 6 0 -4 4 -4 0 4 0 1 2 -3 1 0 0 0 0 -2 -2 0 6 0 0 4 -2 0 0 0 -5 4 4 1 4 -4 0 0 0 4 2 0 -6 2 2 3 16 -3 0 0 -2 -2 2 4 -2 -4 2 0 0 0 -1 0 -4 0 -2 4 2 0 2 0 6 0 0 5 0 -4 3 0 5 2 0 -1 0 -4 0 -2 -2 0 0 -2 3 0 2 0 -4 -4 0 0 8 -4 -6 -2 0 2 8 0 -4 0 2 0 0 68 2 -2 6 5 0 2 0 -2 4 2 2 0 4 0 -2 2 -2 4 -4 0 0 0 0 0 0 4 -1 2 -2 -4 0 -1 0 0 0 4 0 -1 0 4 -2 0 0 0 -2 2 4 0 0 -4 0 -4 0 -1 0 2 6 2 -4 4 -2 0 2 -2 0 0 4 0 4 0 4 0 0 4 0 0 0 4 4 0 2 0 3 0 -2 0 0 1 -2 0 -2 0 0 0 0 9 6 2 -4 0 0 -4 3 4 0 0 -2 -4 -4 2 2 0 2 0 0 4 -4 0 -4 -6 -2 0 2 0 8 4 0 0 2 2 -2 0 0 -2 0 3 -2 -6 7 -1 -4 4 6 0 0 0 0 -4 0 4 0 0 0 0 0 2 4 4 0 -2 6 -4 0 -4 2 2 -1 -2 0 4 4 -4 0 0 2 0 4 -7 2 0 -4 0 0 -8 0 0 -2 0 -2 2 0 0 0 0 -1 0 0 -4 0 0 2 2 2 0 1 2 -1 0 -4 2 0 -1 6 0 -2 -2 0 4 0 1 -6 -4 6 0 2 2 0 4 0 4 0 0 -4 2 0 0 0 0 0 0 0 1 -2 4 0 -2 -2 2 9 0 5 2 -6 -2 0 0 4 0
0 0 6 -3 0 0 0 4 0 0 0 0 0 0 -2 0 -6 0 -4 2 5 -2 4 1 0 0 0 0 0 -2 1 2 2 0 4 0 2 0 0 0 2 -4 2 0 0 0 -2 0 -2 0 -2 2 0 0 0 2 0 0 0 0 4 0 0 1 0 0 0 0 4 0 -2 0 -8 -2 0 0 0 0 0 -2 -4 0 -2 2 4 2 1 0 -2 0 0 0 -2 -2 -2 0 0 4 0 0 2 2 0 -2 0 -2 -1 0 0 0 0 0 4 0 0 0 0 0 0 0 0 0 -2 0 -4 4 0 0 2 0 0 0 2 0 0 0 0 0 -2 -4 0 0 -4 0 0 1 0 -1 0 0 2 2 37 2 2 -2 0 0 0 0 0 0 2 0 -4 0 0 0 6 1 0 0 0 4 -2 1 0 4 0 0 0 0 4 0 0 3 2 0 0 0 2 0 0 0 0 0 0 0 0 0 0 0 -4 0 -4 0 0 4 4 0 -4 0 0 0 -3 0 -2 0 4 0 4 0 0 -1 0 0 0 0 0 4 2 0 -2 0 0 0 0 4 0 1 -4 0 0 0 0 0 6 2 -4 0 0 0 0 0 0 0 -1 0 0 0 0 0 -2 -1 0 -2 4 -1 2 0 0 0 0 0 0 0 0 0 -2 0 3 0 0 8 1 0 0 0 0 0 4 2 0 2 0 1 -2 0 0 0 0 0 4 2 4 0 4 -3 -1 -2 -2 0 0 0 0 -2 0 4 -2 2 0 0 0 0 4 -4 2 0 0 4 0 4 0 0 0 0 0 0 0 -2 -1 -1 -2 0 0 -1 0 0 0 0 0 0 10 3 0 0 0 4 0 0 0 4 2 0 -4 0 0 -2 0 0 0 0 0 -2 0 -4 0 0 0 0 -4 2 0 0 0 0 -2 0 -1 4 0 0 4 -4 1 -6 0 -2 0 2 5 0 -4 1 0 0 2 0 0 -2
0 2 0 2 -4 0 -4 0 0 0 2 0 0 0 -2 2 -2 2 0 2 1 0 0 1 0 1 2 4 3 0 0 4 7 0 0 -2 0 2 8 4 0 2 -2 -2 0 -4 0 0 0 0 0 -2 -1 4 0 0 0 2 0 0 -2 0 -1 2 0 4 1 0 4 0 -2 0 2 4 0 2 0 0 -4 1 0 2 3 1 0 0 5 4 0 2 -2 0 2 -2 0 3 -2 4 0 -1 -1 -2 0 2 -4 -4 -2 -5 0 1 -4 0 -2 -2 4 2 -2 0 1 -2 0 1 4 2 0 -2 0 0 2 2 0 0 8 -4 -2 0 3 0 2 1 2 0 0 0 -3 0 0 -2 0 -2 0 -2 2 44 2 0 1 -3 -6 4 -2 0 0 4 1 0 -1 -1 0 6 -4 -3 0 0 -8 2 -1 -6 0 -4 0 4 0 -1 0 2 8 -4 0 0 4 0 1 0 3 0 1 0 4 -1 0 0 0 0 0 -2 0 0 -1 0 3 4 0 -4 0 0 0 0 0 0 -1 0 0 0 0 0 -2 0 -2 4 2 0 -3 0 -8 0 0 0 0 -2 4 0 4 0 4 2 0 -4 0 -2 -2 0 0 2 4 0 0 4 0 1 -1 -2 1 0 0 0 0 -1 1 4 2 -2 2 2 0 -2 0 4 0 0 2 1 0 6 -4 0 0 0 0 0 0 0 0 4 4 0 2 0 0 0 3 6 2 0 0 0 0 0 2 0 4 0 0 0 -4 0 0 -4 4 6 2 -2 -2 0 7 0 -2 2 0 -2 -1 0 0 0 0 2 0 0 0 0 0 0 0 2 0 0 -2 1 0 0 -2 0 0 4 0 0 2 2 2 -4 0 0 0 2 0 -4 0 0 2 -2 -2 0 4 0 2 0 -2 2 0 -2 0 4 0 2 0 0 0 0 6 4 0 -4 2 0 0 -1 0 0 4 0 2 4 0 3 0 4 -4 -2 2 1
0 0 0 0 0 0 0 -1 -1 0 0 0 2 1 -4 0 0 -4 0 0 2 0 0 1 0 0 0 -2 0 0 4 0 -2 0 0 -1 2 0 0 0 0 0 -2 0 0 0 0 0 0 0 -4 0 0 0 0 0 -2 6 0 0 0 -6 2 0 -2 0 -2 0 2 4 -4 0 0 -4 0 0 0 0 4 -4 3 0 0 0 0 -4 4 0 0 0 0 0 0 0 0 4 0 0 0 0 0 -6 0 2 0 0 -2 0 0 0 -4 0 0 0 0 -4 4 0 0 0 0 0 -2 -4 0 0 0 0 0 0 2 0 0 2 0 0 0 0 0 0 0 0 2 0 2 2 0 2 2 -2 0 6 2 2 28 0 2 0 -4 0 -4 0 0 0 -4 0 0 2 4 0 0 0 0 2 -4 0 0 4 0 0 0 0 0 0 1 -1 0 0 0 -1 0 0 0 -2 -2 0 -4 0 0 0 0 0 0 0 0 0 0 0 0 0 0 1 0 -4 2 2 0 0 -2 0 -4 0 0 -1 0 0 0 -4 -2 0 4 0 -4 0 0 0 0 -1 0 0 0 0 2 0 0 0 0 0 -4 -2 -4 0 0 2 0 0 0 0 4 0 0 0 0 0 0 -4 0 0 2 0 0 -4 -6 0 0 0 0 0 0 0 0 0 0 0 -1 0 0 0 -2 -1 2 -1 0 0 0 -10 0 0 0 -4 2 0 0 0 0 0 0 0 0 0 -4 -1 0 -4 4 1 0 0 0 0 0 -4 0 1 0 0 -4 4 2 -2 4 -2 2 0 4 4 0 0 -3 0 0 0 0 0 0 2 1 0 -4 2 0 2 0 2 0 0 0 1 -2 -4 0 0 0 4 0 0 0 0 0 0 0 1 0 0 1 0 0 0 0 1 0 2 4 0 4 0 0 0 -2 1 0 0 -1 4 0 -4 0 0 0 0 0 -1 0 1 0 0 0 0 4 0
0 0 4 0 0 8 -2 4 0 0 0 -4 0 0 6 0 -2 -2 4 -3 -6 -2 2 -3 0 0 6 0 -2 4 0 -2 10 4 4 0 8 -4 0 0 -2 4 -4 -1 1 0 4 0 0 0 2 2 0 -2 0 2 0 -4 4 0 0 -2 -2 -1 -3 0 0 0 -2 0 0 -1 0 1 0 -5 2 -2 0 10 2 0 -4 0 -2 4 2 -4 0 2 -3 -1 4 0 -2 0 5 -2 -1 0 0 0 0 2 4 0 4 -4 0 0 0 -2 -2 4 0 -4 4 0 0 -2 4 0 0 -8 0 0 2 -4 2 -2 0 -2 6 -10 -4 0 -2 0 0 -2 -4 -2 -2 0 -4 -2 0 -4 0 4 2 5 -2 0 0 71 0 0 2 2 0 0 4 0 -2 -4 0 0 -4 0 0 3 0 2 -4 3 0 0 2 0 -1 4 2 -4 0 -4 0 2 0 0 -4 0 0 0 0 2 0 2 0 0 0 2 0 -4 0 6 -5 2 -2 0 0 0 2 -4 -6 2 0 0 0 4 1 -1 6 3 0 0 2 0 -2 0 0 -1 6 0 -3 4 0 0 -2 -7 2 0 0 4 -10 1 -4 0 2 8 -3 -8 0 2 0 0 0 0 -2 4 0 0 2 0 -6 8 8 2 0 4 0 0 0 0 -7 0 0 0 1 0 0 -2 0 3 2 0 0 -7 3 0 0 0 0 2 0 -2 -2 6 2 8 4 -2 0 2 4 0 -4 4 2 4 -2 0 0 8 10 6 -2 0 -1 4 -7 0 0 0 0 4 0 -2 5 -3 -2 0 0 0 4 -4 0 0 0 -2 0 0 -2 4 -1 -2 0 0 -6 0 0 -6 0 2 4 -1 -12 1 -2 8 0 0 -2 0 0 2 4 -2 -2 8 0 0 0 -2 0 -1 -4 4 0 2 -1 1 0 2 5 0 4 0 4 0 0 -4 0 3 -2 5 4 -2 10 -2 -2 0 0 0 -6 -1 4 0 0 -6
-4 -8 -3 6 -1 -2 3 0 0 0 2 0 -2 0 0 -2 -2 4 0 -1 2 0 -5 3 0 2 0 0 0 -2 0 0 -10 -1 1 0 2 0 0 2 -2 -4 4 0 0 -1 0 -1 -2 -4 0 0 0 0 -2 0 0 1 -5 0 -8 -2 4 0 -2 0 -1 0 0 -2 -2 0 -8 -2 0 0 0 -2 0 2 4 0 -6 -1 4 -4 -1 0 2 0 -2 -1 4 -4 0 4 -4 4 -4 0 0 -2 0 0 0 -1 2 0 3 0 -4 -2 -4 -9 0 -1 -2 0 0 0 1 0 0 1 2 0 -2 4 -6 0 0 0 -1 0 0 5 0 2 0 4 2 -2 0 4 2 -6 -2 2 0 -4 0 0 0 1 2 0 61 0 0 0 -2 0 -2 0 0 0 5 6 0 0 -4 0 -8 0 -2 0 0 2 -4 1 -2 2 0 -2 4 0 2 0 -2 0 -4 0 -2 0 -1 0 -2 -4 1 0 2 4 0 -6 0 -3 4 -10 0 -4 0 0 -2 0 5 2 7 -3 0 3 -4 0 2 1 0 -2 0 -6 0 4 0 0 2 2 0 2 2 -2 0 -4 0 -2 2 0 0 -2 2 -2 -2 -2 3 2 2 4 1 -1 -4 0 0 0 2 0 2 -8 0 2 0 6 -1 -1 2 -9 2 1 -6 0 -2 2 -3 -10 0 0 -2 -2 -2 0 8 1 0 0 -2 -4 0 0 0 8 -2 5 0 -4 -2 0 0 4 0 -4 -4 2 0 -1 0 -4 -2 0 2 -2 2 2 0 2 4 -2 -1 0 -2 -2 -4 0 -2 0 1 0 0 -4 0 4 0 0 1 2 -3 -1 -4 0 0 -1 0 0 2 -2 1 0 -4 0 0 2 0 4 -4 1 2 0 0 0 -6 -2 0 5 -8 0 2 6 -1 -6 0 4 -2 0 0 0 0 -8 0 -4 4 0 2 0 6 -4 0 0 2 2 0 -4 6 -2 2 4 -4 0 2 2 -2 0 0 8 2 0
0 -2 2 -2 0 0 -4 -1 2 0 0 0 0 0 0 -3 0 -4 2 1 4 0 4 2 0 1 -4 0 -2 4 4 2 -3 0 0 -5 0 4 -2 0 1 0 0 4 -5 4 0 2 4 2 2 -2 0 0 0 4 0 0 -2 3 -6 0 -4 2 12 -6 -4 0 0 -2 0 2 -2 -2 -4 3 4 -2 -2 0 0 -1 -2 0 0 0 -1 0 -2 0 4 -5 2 -2 0 -2 2 0 2 1 2 -2 0 0 2 0 8 0 0 3 0 0 0 -1 1 -2 0 -4 6 0 2 0 3 0 -6 0 0 2 -6 -4 2 -2 -4 0 0 -4 -2 0 4 5 0 0 3 0 -2 2 2 0 4 0 -1 2 0 -3 0 0 0 61 5 8 -5 1 0 0 1 0 2 5 0 -2 -6 0 0 1 2 1 0 2 -3 0 0 -6 -1 0 -4 -2 2 4 0 0 0 0 -6 0 0 0 -1 -3 0 2 0 -3 4 3 0 6 1 -4 2 0 4 3 5 0 0 4 2 8 0 1 0 2 0 -3 2 0 4 -1 4 8 -2 -4 0 0 -4 0 -2 0 -4 -4 4 0 4 -4 2 5 -2 -2 -1 -4 0 -2 -2 2 4 2 0 2 2 4 -1 -4 7 0 0 2 0 5 0 -1 -6 0 -2 3 6 -2 -2 0 -4 0 -4 -4 -4 -4 0 0 1 -2 4 -4 0 0 0 0 -2 0 1 0 -1 6 3 1 -3 0 -2 4 3 0 0 -2 7 0 -4 -4 -1 -4 0 0 3 -2 0 1 2 0 0 -2 0 2 0 0 5 1 1 1 0 4 -4 6 2 4 1 0 -2 4 0 9 0 -7 0 4 0 -2 2 1 0 0 2 2 0 2 2 2 4 -3 0 0 0 0 0 2 -4 1 0 0 1 0 0 -2 0 0 0 2 9 0 -2 -1 0 -3 -2 2 0 -2 0 -2 4 0 4 0 1 0 4 1 0 -4 -2 -1 2 4 0 2
0 4 -2 4 0 0 -4 4 -4 0 -2 2 0 -4 -4 -2 0 0 0 0 6 4 6 3 -1 0 1 2 1 2 0 -2 4 2 4 0 0 4 2 -2 4 0 2 -2 0 5 -4 -6 0 -4 2 -1 -8 0 4 0 0 -2 -5 0 -4 4 -1 -5 0 -4 0 -2 0 -2 0 0 -7 6 -1 -4 4 0 0 4 2 0 2 0 -2 0 0 2 -2 0 0 0 4 -2 0 0 0 0 4 -4 2 0 -4 0 0 4 0 4 -4 -3 0 -2 0 -8 -9 0 0 0 4 0 1 0 2 4 0 2 0 0 0 0 4 0 0 2 0 -2 1 0 4 4 -2 -2 -3 0 0 6 4 -4 4 6 0 0 0 -6 -4 2 0 5 63 1 3 4 0 0 5 0 4 2 0 0 0 -5 0 4 2 0 0 3 0 0 2 -4 -4 10 -2 -10 -5 -2 -5 0 0 0 0 2 2 0 3 0 0 1 0 2 2 2 2 6 0 -2 10 4 0 7 0 -4 -4 0 0 0 0 4 0 0 -2 0 -4 -2 0 -1 0 2 4 0 1 -1 -4 0 0 0 2 0 1 0 0 0 6 0 -2 0 3 -4 0 -6 -1 0 0 0 0 -2 -5 2 1 0 0 0 0 0 0 0 2 -1 0 0 4 6 -2 -2 0 -4 -8 0 0 -4 3 -5 4 0 -2 0 4 0 0 0 0 -1 -4 4 0 0 2 -2 0 2 2 0 4 6 0 -2 -3 -4 0 0 4 -4 0 1 -2 -2 6 2 -2 0 0 0 5 -4 2 0 -2 0 0 2 -4 2 0 0 0 0 2 0 2 0 0 0 2 4 0 -1 -2 0 0 -2 0 -2 -4 0 4 -2 4 4 3 2 -2 -11 -2 0 0 0 4 -4 -4 2 0 5 -1 2 2 4 0 0 0 0 -4 0 2 -6 4 0 -6 -2 0 0 0 0 0 0 4 4 0 0 -2 0 0 0 9 0 0 0 -4 1
0 0 8 0 2 0 0 0 0 0 0 0 0 -4 0 0 0 0 0 0 2 -2 0 2 0 0 0 0 0 2 -2 -4 0 2 0 -2 0 0 0 0 0 1 2 12 -2 0 0 4 0 0 0 5 0 0 0 10 0 2 0 0 0 0 0 -2 0 -8 -4 0 2 0 2 0 -2 0 0 -2 0 0 -4 2 -4 0 0 -2 0 0 -2 4 0 -6 0 0 3 -4 1 0 -4 0 4 0 -6 0 0 3 0 0 -2 0 0 0 0 4 0 2 0 2 0 4 8 -4 0 2 0 0 -2 -4 2 -4 0 -10 0 0 1 0 -3 0 5 0 6 -2 1 0 0 0 -5 8 0 0 1 0 0 -2 0 4 0 2 0 8 1 60 -4 0 0 -2 -1 0 -4 4 0 2 0 1 4 4 -4 0 -2 0 0 -2 0 0 -4 -4 4 4 2 8 0 -2 2 -2 2 0 2 0 4 0 0 -4 4 0 0 4 2 4 0 0 2 0 0 0 0 -2 0 0 0 4 0 -4 0 0 0 0 4 5 0 -3 0 2 0 0 2 -3 5 0 0 0 -4 0 0 0 -6 0 2 0 -4 -5 4 2 -10 0 0 0 0 0 0 0 4 8 0 0 4 0 0 8 0 8 0 -2 0 0 3 0 0 0 1 0 0 0 0 0 0 -6 0 -4 -2 0 4 2 -4 0 4 2 2 0 -2 0 1 -2 8 0 -1 4 4 2 0 -2 0 0 0 -8 -8 6 -6 1 0 8 -4 0 1 0 8 0 0 0 0 0 -4 -4 -2 4 -4 -2 0 0 0 0 0 0 0 0 0 -8 0 0 -2 -8 -2 8 0 -2 2 0 -2 0 -2 0 0 0 2 2 0 0 0 0 0 -2 0 0 -3 -4 0 1 0 0 -2 -2 0 -2 2 0 4 0 0 2 0 4 -6 0 -6 2 4 2 -4 2 4 0 0 0 -2 0 -4 0 1 0 4 0 0 2
2 3 8 -2 0 0 0 4 2 0 0 -2 0 1 2 2 0 2 0 -1 0 2 -6 0 1 0 0 0 0 2 -4 -6 0 -2 0 0 -2 0 -2 4 4 0 0 2 0 -6 2 0 -2 2 6 0 -2 0 0 0 0 -2 1 -4 6 6 0 5 0 0 -5 -2 0 -2 0 2 0 2 5 1 1 0 0 -1 0 0 -4 2 3 1 -3 0 6 0 0 0 -1 -3 0 0 4 0 0 0 0 4 -6 0 0 0 0 6 0 0 -2 -2 -2 -2 4 0 -4 2 -4 0 2 0 0 -2 0 4 4 -12 0 1 0 -4 0 -2 -2 2 1 -1 -2 -4 10 -2 -2 0 2 0 2 2 0 -1 0 4 0 -2 -4 0 -2 -5 3 -4 56 -1 2 0 4 0 -4 0 2 0 0 -1 0 -1 -2 -4 -1 1 0 -2 -4 0 0 3 0 2 0 2 3 4 1 -1 6 0 0 2 -3 4 -2 0 -4 0 -4 0 -2 -1 -3 -3 4 0 0 1 -6 0 -2 -2 2 0 2 -1 0 -2 0 0 0 0 0 0 0 -8 0 6 0 3 6 4 2 0 0 2 2 -4 4 -4 -2 -2 -2 4 0 2 4 4 0 -4 0 4 0 2 -4 2 3 0 4 -1 4 0 0 -1 2 0 0 2 -1 0 -2 0 0 0 -2 4 0 -3 -1 1 0 5 0 0 -8 0 -2 -2 0 8 -8 0 -6 0 4 0 -1 -1 4 0 0 0 -2 0 0 1 0 1 2 -2 6 4 -2 0 1 0 0 3 0 0 -2 0 0 -4 4 -6 -4 -2 0 2 0 1 4 0 4 0 0 -2 -2 1 0 4 0 0 0 0 0 -4 10 0 4 -1 -2 0 -1 0 -2 5 6 -7 4 0 2 0 0 0 -4 -6 0 2 1 -2 0 -5 0 0 0 0 0 0 -5 0 4 0 0 4 2 0 0 -3 -2 -1 0 2 0 0 6 0 0 0 -4 2 0 0 -4 -6
0 0 0 -2 -1 -2 2 0 0 2 -2 0 0 0 0 0 0 2 1 0 2 0 -2 -2 0 0 -1 0 0 -4 -4 1 -1 4 -3 -1 0 1 0 0 -2 2 0 -4 -4 -2 -2 -6 1 0 0 0 -4 0 4 0 -2 2 -2 0 1 0 0 -2 4 0 1 6 0 -2 0 0 0 0 0 -1 4 0 0 -2 2 -2 -3 -2 -2 0 -1 0 -2 0 -3 0 1 3 2 -2 0 2 0 0 0 0 0 0 0 1 0 0 0 -2 -2 -2 2 2 0 0 2 -4 0 1 0 0 -2 -1 0 0 -1 0 -2 -4 2 4 0 0 -2 1 -1 -2 0 0 0 -1 5 1 0 0 0 0 6 0 0 2 0 0 0 0 0 1 4 0 -1 31 -4 2 4 0 0 0 0 0 0 2 2 -1 0 2 0 0 1 1 -2 0 0 1 0 2 -2 0 0 0 2 0 2 0 -2 0 2 0 0 -2 0 0 0 -3 0 4 -1 0 4 0 0 0 0 0 -2 -2 2 -4 0 2 0 0 1 0 2 0 1 0 0 -1 0 4 0 0 -2 0 0 2 2 0 0 0 0 3 3 2 4 0 2 0 2 1 0 0 0 3 0 -3 0 0 4 -4 2 6 0 4 -2 0 0 0 0 0 -4 -1 0 -2 0 0 -4 1 -3 2 1 0 0 -3 0 2 1 0 1 0 0 0 0 0 0 1 -4 -2 -1 4 -2 0 4 4 0 0 0 -2 0 0 0 0 0 0 0 -2 1 4 4 2 0 1 0 0 0 0 0 0 -2 -2 -4 0 0 -1 0 2 -2 0 0 0 3 -2 0 0 -1 -1 0 1 2 0 1 2 0 -2 0 0 0 0 0 0 0 -4 -2 0 0 0 0 -1 0 2 -2 0 0 0 0 -6 0 0 -5 0 -4 1 -2 1 0 -4 2 0 0 -4 -2 0 4 0 0 4 -2 0 0 0 0 0 6 0 -1 0 4 -2
4 1 -2 2 -4 0 0 0 0 0 0 0 0 0 0 0 -6 -4 4 4 2 0 0 0 2 2 -8 0 4 -1 6 2 0 0 4 0 0 0 0 0 4 -4 0 2 0 8 4 4 0 0 0 0 0 0 2 2 -1 0 4 1 -2 6 0 2 0 0 0 -5 0 1 1 2 0 1 -4 4 0 0 0 -3 0 4 0 0 4 2 2 -2 -3 2 0 0 0 1 0 0 0 4 0 0 0 0 0 0 4 0 0 2 -2 0 0 0 0 2 2 0 0 -2 0 2 0 0 0 0 -1 0 2 -2 -4 0 0 0 8 4 2 -2 0 0 0 0 4 0 -2 -4 0 0 0 0 -2 -2 0 2 2 0 0 4 -2 0 0 0 2 -4 46 0 2 6 -2 -2 1 4 0 2 -1 0 -2 -2 0 0 0 0 0 0 0 0 -6 0 6 0 0 0 1 0 2 0 0 -6 0 0 2 0 0 0 -4 4 0 4 0 2 0 0 -2 0 0 0 -6 0 -1 0 -4 0 0 0 0 0 0 0 0 0 2 -2 0 2 0 -1 0 -2 -1 0 0 6 4 -4 0 0 0 2 0 0 -1 4 -3 -6 0 0 2 4 4 4 -1 0 -2 0 0 -4 0 0 2 -5 1 0 0 -2 4 0 2 0 -2 1 0 -2 2 0 -1 0 2 -6 -2 -6 0 0 0 0 0 -2 -1 0 -4 0 -2 0 2 0 -2 2 4 0 0 -2 0 0 0 0 0 2 4 0 2 2 0 0 -10 0 -1 0 0 0 -4 0 0 -2 0 0 2 0 0 1 0 -4 0 0 0 -1 0 0 0 -2 0 0 -1 -4 4 0 0 0 1 4 -2 4 4 4 4 0 0 2 4 0 0 -2 0 0 -5 1 -2 -2 1 -2 -1 2 0 -2 -4 -2 2 0 -1 -4 3 0 0 -2 2 0 0 0 2 -1 0 -4 4 0 0 0 0 -2 0 -4 -5 -2 -2 -4
-4 0 2 4 2 -4 4 0 3 0 4 0 -1 0 0 0 1 1 0 0 0 -4 0 2 0 2 0 2 0 6 0 0 2 -8 -2 4 0 0 -2 0 0 2 0 0 0 0 0 2 0 0 -8 -6 0 4 0 2 -2 0 -3 0 0 0 0 -4 2 0 0 2 0 0 0 0 0 0 0 2 4 -4 -1 2 2 0 0 0 2 2 0 2 0 0 -3 0 -4 0 6 0 -2 0 0 0 0 0 0 2 -1 0 2 -6 0 0 0 0 0 -4 6 -4 0 0 0 0 0 0 0 0 -4 0 0 0 -5 -2 0 0 2 0 -2 0 2 0 0 0 0 -4 0 -4 0 0 -4 0 2 4 0 0 0 4 0 0 0 0 0 -2 0 2 0 41 -1 -4 0 0 0 4 0 2 0 0 0 -1 0 0 0 0 0 4 0 0 1 4 2 0 0 0 0 -4 0 0 0 -5 4 0 1 0 2 0 0 0 1 0 0 0 2 2 3 0 0 0 0 0 2 1 2 0 0 0 4 0 0 0 0 -2 0 4 0 -2 -2 -4 1 0 0 -4 -4 0 0 5 -5 0 1 0 4 -4 0 0 0 0 0 0 0 2 -4 -6 2 0 -2 0 -4 0 0 -6 4 0 0 5 0 0 2 0 0 1 0 0 0 -10 0 0 0 0 0 -4 -2 4 -4 -2 0 -1 0 4 3 0 0 2 0 0 -4 4 -2 0 0 0 -4 0 2 1 0 0 0 -4 2 -4 0 0 -2 0 -2 4 4 0 -6 4 0 0 2 0 0 0 0 0 0 0 0 0 -2 0 2 0 4 0 4 5 0 0 0 2 2 -6 0 0 2 -2 1 0 0 0 -4 0 -3 0 0 0 -4 2 1 4 -2 8 0 2 0 0 0 2 0 0 0 0 2 2 6 0 0 -4 2 0 0 0 0 4 0 0 -4 -4 0 0 2 0 -2 0 0 0 -2 1 -4 2
0 0 0 -4 -2 0 0 8 1 2 0 -2 0 0 -4 -2 -3 0 -4 -2 0 0 0 -2 0 1 0 0 2 -2 0 -2 -2 0 -4 -6 2 2 0 0 1 4 -2 -2 0 2 -6 2 -4 0 4 0 -4 -2 -2 0 0 -2 2 0 0 4 0 2 4 -1 -2 -4 0 0 0 0 4 4 -2 -4 4 4 2 0 0 0 -3 0 0 0 -1 0 0 0 0 -6 0 0 0 2 1 -4 4 0 0 4 0 0 0 -2 2 2 -1 2 0 0 4 0 4 -1 -6 0 1 0 4 1 2 0 6 -6 0 0 -4 0 -2 0 0 -2 0 0 4 0 2 1 -1 2 0 0 5 0 0 0 -2 4 6 4 -4 1 -4 -2 0 1 5 -1 4 4 2 -1 61 -2 0 -6 0 0 4 -3 -2 -1 4 -7 0 -4 -3 0 -2 0 -4 -3 0 -2 2 0 2 1 0 2 -5 0 0 -4 0 2 -3 0 0 -2 0 4 3 -2 4 0 12 -2 0 0 0 0 2 8 0 -1 0 2 0 0 0 0 0 -4 2 -2 0 0 -2 0 -1 1 0 0 0 -6 0 0 2 -2 0 0 -2 0 4 2 4 4 -2 4 0 2 -4 0 -2 0 -1 0 0 -1 1 0 -2 0 0 0 2 2 0 0 4 2 0 -2 0 0 4 -2 3 2 6 0 0 0 1 0 0 2 0 3 -4 -1 4 0 -2 2 -2 2 -2 6 -1 0 4 5 0 4 0 1 2 -2 -3 0 4 1 0 -4 0 0 2 0 2 -2 0 2 -1 0 0 2 0 2 0 -3 0 0 -4 0 0 2 -4 0 2 0 2 0 2 4 0 -4 0 -2 0 4 2 2 2 2 2 0 0 8 0 -8 1 0 0 0 -1 0 0 0 0 1 0 -2 0 -2 0 4 2 3 0 0 -1 0 -4 0 3 -2 -6 -4 -4 2 0 3 6 2 0 4 -2 0 6 -2 2 0 2 2 -4 -5
-4 2 -2 2 2 0 0 -4 0 0 0 -4 4 0 0 2 0 0 -2 0 5 0 0 3 4 0 -8 6 3 -8 0 4 0 0 0 0 0 -1 2 0 -2 -6 0 -4 -2 0 0 -2 4 0 -6 0 0 0 0 0 0 0 0 2 6 8 0 2 0 0 0 -4 -2 -2 0 4 0 -6 0 1 0 0 -10 -1 0 -2 -2 0 4 4 0 2 -4 0 4 0 2 3 2 -2 0 2 4 0 -2 0 0 4 -2 0 -4 4 -2 -4 -4 2 0 4 0 3 -4 0 -2 0 0 -6 4 -1 -4 5 2 2 0 0 -4 -12 -4 12 -2 0 -2 -4 0 0 0 2 0 0 -6 -2 0 -4 0 2 -1 0 0 0 0 -4 0 0 0 0 0 0 6 -4 -2 60 2 0 0 0 -4 0 -2 4 2 7 4 0 0 2 0 4 0 3 -2 2 2 0 0 -2 -6 0 0 0 0 2 4 0 -4 -6 0 0 0 0 0 0 0 2 -2 2 0 0 0 -2 0 0 0 0 0 0 0 0 0 0 0 0 0 0 0 -2 0 2 0 4 -2 2 2 0 0 4 -4 -2 0 -2 0 4 0 -2 0 4 1 0 0 -2 1 0 0 -4 -6 0 -4 -2 0 0 0 0 -4 0 2 0 0 0 1 1 0 -6 0 0 -2 -4 0 0 0 4 0 0 0 -6 -2 0 0 0 0 -4 4 2 4 0 0 0 0 -4 2 6 0 0 -4 0 0 0 0 2 0 0 -4 6 0 -2 0 -5 -6 4 -2 0 0 -4 -8 0 0 0 0 0 0 4 0 4 -8 0 0 -2 0 0 0 0 -4 0 -3 -2 0 0 6 6 0 6 0 -2 5 -6 0 0 4 2 2 0 0 0 0 0 0 -8 0 6 -6 0 0 0 2 0 0 4 0 2 0 0 -4 -2 0 0 0 0 4 -2 -4 0 0 2 0 0 -6 2 0 -2 4 -2 5 2 0 -4 -5 -2
0 -2 -5 4 -2 -2 -2 0 -2 0 0 0 0 0 0 1 0 0 0 0 0 -2 4 1 -4 0 -2 8 0 -3 0 0 3 -2 0 0 1 0 0 0 0 2 4 2 -2 0 4 0 0 -6 5 6 1 0 -2 0 -4 2 0 0 -2 -2 0 0 8 0 -4 0 0 0 -6 0 0 -4 -4 4 0 1 0 0 0 -4 0 0 4 4 4 0 -4 0 0 -2 -6 -1 4 0 0 0 0 0 0 -13 2 0 0 0 -2 1 0 -1 6 0 0 1 0 0 -4 6 4 0 0 0 4 2 0 0 0 0 -2 2 0 -4 0 0 0 -2 0 0 2 -2 -2 0 2 -2 6 6 0 0 4 0 6 -2 0 -1 0 0 5 2 4 -4 -4 0 -2 0 0 2 70 2 -4 0 0 0 0 -1 0 0 -2 2 0 -2 -2 0 0 -2 -2 2 0 0 0 -4 -4 -4 0 0 0 4 -1 4 -6 -2 -8 6 0 0 0 4 0 4 -2 6 0 4 4 -4 -2 8 4 -4 0 0 0 2 0 4 0 -2 4 6 0 0 -8 0 -4 4 0 10 2 -2 -8 4 3 0 -2 0 2 0 4 2 4 -8 2 0 0 0 -4 2 0 2 2 1 8 6 -4 0 4 0 -2 9 5 0 0 2 -4 -2 -1 0 4 -4 0 0 0 0 -2 0 4 4 0 1 -2 0 0 -6 0 -2 -1 -4 2 -3 2 2 -5 0 -8 0 4 0 -2 -4 -4 -2 0 6 4 -5 4 0 -1 0 2 -1 4 0 6 -2 -5 0 4 0 0 8 1 -2 2 -2 -4 -2 0 4 0 6 4 4 0 -2 1 0 -6 0 0 0 -2 0 2 0 2 6 6 0 6 4 0 -6 -4 -2 -4 0 0 0 0 0 6 1 0 0 2 -2 0 0 0 0 4 2 -4 -6 6 -6 4 2 6 -4 8 2 -4 -3 -2 0 0 -2 4 -8 0 0 0 0 0 0 4 4 2 0
-6 0 0 -2 -2 0 -2 0 0 -2 6 -1 0 -4 -4 3 -2 2 0 2 -2 -2 2 4 -2 -1 0 0 -2 1 4 -2 -6 3 0 0 0 0 0 2 3 2 -4 0 -4 2 0 -1 0 0 -4 -1 -2 -4 0 0 4 1 -2 4 0 0 2 -2 6 6 -2 -6 1 0 0 5 -5 2 2 0 0 1 6 0 0 -2 -2 1 -4 -2 2 2 0 0 0 0 -6 0 2 1 0 0 2 1 -2 -7 2 0 -4 1 -2 6 2 8 -4 2 4 5 0 3 -4 0 6 -1 4 4 0 2 -2 0 5 8 -2 -4 2 -4 0 6 0 4 4 8 2 -4 -4 0 0 -1 3 0 3 6 2 -5 12 2 0 -1 2 0 6 5 2 4 0 0 -2 0 -6 0 2 70 0 1 0 0 -8 0 -2 0 2 4 0 2 0 2 0 0 4 1 2 -4 -2 -4 -4 -6 2 0 0 6 2 6 -3 -1 0 0 -4 2 -2 -2 -7 0 -2 0 0 0 6 5 4 0 0 8 2 2 1 0 0 0 0 2 0 -6 2 20 -6 -2 3 2 0 9 -2 -1 -2 2 0 0 0 3 4 0 0 4 -2 -2 2 -4 0 2 -4 0 0 0 4 -1 0 -3 8 0 0 0 0 0 -6 -2 2 0 -6 -6 0 0 -4 0 0 0 0 -3 0 -7 -2 4 3 0 0 0 0 -2 2 -1 2 1 -4 5 4 8 0 0 -4 5 0 -4 4 0 0 -6 -4 2 0 -1 0 -8 0 0 0 -4 -2 -6 0 2 -1 0 2 -2 -5 4 6 0 -1 0 2 4 -4 -4 4 -4 -6 4 0 0 0 2 -2 -4 -3 4 0 -2 4 2 -4 2 -6 -4 -1 -2 0 2 4 -2 0 0 1 6 4 0 0 -4 -2 0 -6 -4 -1 1 0 2 2 0 4 0 0 -1 0 0 7 0 2 3 0 3 0 0 0 -4 1 0 0 0 -2 -2 4 0 0 0 -1 4
1 0 0 0 -1 0 0 0 0 3 -2 1 -1 0 -4 2 -4 0 4 0 2 0 -2 2 0 0 -4 0 2 2 0 0 -6 0 0 0 0 0 2 0 -4 -1 0 4 0 0 -4 6 0 -1 -2 0 1 -2 2 2 0 -4 0 2 -2 0 5 0 -1 0 0 0 0 -2 0 -3 0 -3 0 0 0 0 0 -4 0 4 -8 0 -8 -5 1 0 0 0 0 0 1 0 1 0 0 0 0 0 0 2 2 0 0 2 -6 4 0 -1 4 0 -4 1 2 0 6 0 0 -5 6 2 0 0 0 0 0 0 0 0 -4 0 0 -4 -4 -3 2 -1 -1 -4 0 -1 -2 0 -2 2 0 2 0 0 0 -2 6 0 4 -4 0 0 0 0 2 0 1 0 0 0 -4 0 43 0 1 2 -4 0 -2 2 0 1 0 -2 -2 -1 0 0 2 -1 0 0 0 -4 -6 2 2 -1 -1 0 0 0 4 2 4 -1 -1 -1 -4 -2 -2 0 6 -6 0 0 0 -1 2 0 0 0 -2 0 0 0 -4 0 -4 2 -2 -2 1 -4 -2 0 -4 0 4 0 -2 0 0 0 0 -5 0 0 -2 0 4 0 -1 2 0 1 1 1 4 4 0 0 0 0 0 0 0 0 2 -4 6 0 1 8 4 -6 0 2 0 0 -4 0 0 0 0 0 0 0 -2 0 -2 4 4 -2 -2 2 1 2 -2 -2 -6 0 -2 -2 -1 0 0 2 0 0 0 2 4 -4 0 0 -3 0 0 2 0 2 0 -1 0 -2 -1 4 2 0 0 0 -4 6 0 2 0 2 0 2 -1 -4 -2 -2 0 -3 -2 -4 0 0 0 0 0 0 0 -2 -4 6 2 0 3 0 0 -1 0 0 2 0 8 -2 -5 -1 -2 0 0 0 0 0 0 -2 1 -1 0 3 2 -2 0 0 -2 0 2 -2 -2 -2 -3 2 2 -8 0 -4 0 0 0 0 2 -2 0 0 0 0 -2 0 -1 6
0 0 4 -1 0 4 2 0 2 -2 4 -1 4 0 0 -1 -3 4 2 0 0 -10 0 -4 0 1 4 0 -2 -1 0 0 2 -2 -2 0 0 4 0 0 0 2 -5 -2 0 4 -4 8 0 -1 0 2 0 4 -6 0 0 0 -1 0 -2 5 0 -3 0 -2 2 0 0 1 -4 5 0 2 0 0 1 -4 1 0 0 0 -1 -2 0 0 0 6 0 0 10 -4 0 0 0 0 -4 -1 0 -5 -8 0 3 4 0 -2 8 -1 4 -4 0 -2 1 4 0 2 -4 0 -1 0 0 0 1 -4 -4 0 2 0 2 0 3 0 6 0 -1 2 0 1 -2 1 4 0 -2 8 -2 0 -1 0 3 -2 0 4 1 6 0 0 0 -2 0 2 0 0 4 4 0 0 0 1 0 63 2 2 1 0 0 4 -1 0 -2 1 -8 2 0 2 0 -1 0 6 -1 4 4 0 12 -4 0 0 -1 2 1 2 -1 1 0 -2 -2 -4 6 0 0 -2 0 3 8 0 0 -2 0 2 0 -1 0 0 4 0 0 12 -1 0 -2 12 0 3 0 1 0 0 0 6 0 4 4 0 0 0 -2 0 1 -2 0 -1 -6 4 0 4 12 0 0 -2 0 -1 0 -1 4 -3 0 -2 -2 -1 4 4 0 -2 2 2 0 2 0 1 6 0 0 8 -4 1 -2 -6 0 0 0 -2 0 0 -1 8 4 0 0 1 0 0 0 6 -3 0 -3 0 0 8 2 0 -4 -1 0 0 2 -6 8 0 -4 2 -2 0 0 2 0 2 2 0 0 -2 8 -2 6 -2 2 1 4 -6 0 0 -1 0 2 1 0 1 0 0 0 0 4 6 -1 1 -2 1 0 4 0 -4 -2 1 2 -2 8 1 2 6 0 0 -2 2 -2 0 0 -4 0 2 2 0 0 -1 0 0 -2 4 0 0 9 0 -4 3 0 0 0 -2 4 10 3 0 7 0 0 0 0 -2 4 2 -2 0
-2 2 -1 -2 -2 -1 7 4 0 4 -6 2 -1 0 2 2 0 0 1 0 2 0 -4 0 2 0 4 0 0 0 -6 0 -2 -3 0 0 0 0 0 2 -1 4 0 -2 2 0 0 0 -1 0 0 0 2 0 4 0 0 -2 2 2 2 0 2 4 -5 -3 -2 0 0 4 -3 0 -4 0 0 4 1 0 -1 0 0 0 -1 0 0 -4 0 0 2 0 1 0 4 4 -1 2 2 2 -2 0 0 0 0 1 0 0 -3 0 2 1 2 0 0 0 2 0 0 4 0 0 0 0 -4 0 0 0 1 0 -2 0 4 4 -2 8 0 0 0 1 -3 -10 -4 0 0 0 2 -2 0 -2 4 -4 0 -4 0 -4 0 0 -4 -6 0 0 0 0 0 0 4 -4 0 0 1 2 50 0 0 0 -4 -4 3 3 0 6 0 -4 0 0 0 0 -4 4 0 0 0 0 -4 0 2 -2 0 0 2 1 0 -4 -5 1 0 0 8 0 2 0 -4 0 0 0 0 0 0 2 0 2 0 -3 4 -2 -1 -1 4 -2 0 0 -1 2 4 0 6 0 2 0 2 0 -2 -1 -4 2 -4 -4 0 -4 2 1 -2 1 1 0 0 0 -4 -4 0 4 0 -2 4 0 0 3 0 2 -4 -2 0 0 -1 0 -2 4 0 0 2 0 -2 4 -5 0 0 0 0 2 0 4 -2 2 0 4 -2 -2 2 8 0 0 2 6 0 0 0 -4 0 0 0 0 0 -1 -3 0 4 -6 0 -4 0 1 0 0 1 0 6 2 -2 0 0 0 0 0 -2 2 4 -4 4 0 0 2 0 2 4 0 2 4 8 2 -2 0 0 4 0 0 0 0 0 0 4 0 0 4 -2 0 4 -2 0 2 0 6 4 3 0 0 0 -2 2 -8 0 0 0 4 0 0 0 0 -4 4 0 0 0 8 2 0 0 0 0 0 1 0 -2 0 4 0 -4 0 -4 0 -1 0
0 0 2 0 2 -2 2 0 0 0 -2 0 0 2 2 0 -4 -2 -4 0 0 0 0 6 -1 0 2 0 -4 -2 -4 2 -2 2 1 4 0 -2 0 0 -2 1 4 0 -1 3 2 0 6 4 0 -1 0 2 0 6 0 -8 -1 2 -2 0 0 -7 0 -2 0 -4 0 0 0 3 0 -2 -5 -2 4 0 0 -2 0 -4 -1 -2 0 0 -2 -4 0 0 1 0 -9 0 -2 0 0 -4 0 0 4 0 0 1 4 -2 0 2 0 0 0 -4 0 1 3 0 0 0 -1 2 2 -1 -1 4 -2 -4 0 -4 2 -2 0 4 0 2 -1 -2 -1 -4 0 0 -1 0 -1 0 0 0 2 -2 1 -2 0 0 0 -3 0 3 0 0 -5 1 -1 2 2 2 -3 0 0 0 2 2 0 47 4 0 0 -2 -2 0 2 0 0 0 4 1 2 4 0 -2 -1 -4 0 0 -1 -4 0 0 -3 0 2 0 0 -2 0 0 0 0 -3 0 0 0 0 0 0 0 4 0 0 -5 -2 3 0 1 0 -2 0 0 6 -2 4 2 0 0 5 -2 5 0 -4 0 0 4 0 1 0 -4 0 0 0 -1 -2 0 1 4 -2 -2 -2 0 0 0 -2 -2 0 0 -2 -4 0 0 0 0 0 2 2 0 2 -2 0 0 0 -4 -2 1 0 0 2 0 -4 0 0 0 2 0 0 0 0 2 0 -4 2 0 4 -6 0 0 -1 0 0 2 4 0 0 4 0 0 0 0 4 0 0 8 0 -4 -1 0 0 0 -2 0 0 -2 -4 0 -2 0 0 2 0 4 0 0 0 0 2 0 -2 0 -4 0 4 0 0 0 0 0 0 -2 -2 0 0 -2 0 0 2 0 2 0 -2 0 0 0 -2 0 -1 0 0 0 0 1 -2 4 -4 0 0 -4 2 0 2 0 0 0 6 -4 0 0 0 0 0 3 -1 0 0 0 2 0 0 0 -2 -8 0 4 -4 -1
0 4 0 4 -1 0 0 -4 0 -1 0 -1 0 0 0 0 1 -1 0 0 -2 4 0 -8 -4 1 8 0 0 0 0 -2 8 -2 -2 0 0 -4 -4 0 0 0 -4 -2 -4 0 0 -8 4 -1 4 0 0 0 -3 0 0 4 0 1 0 0 -1 0 2 0 0 4 -4 1 0 0 3 -2 0 -1 0 -2 -2 -1 -4 -4 -4 0 0 0 0 4 2 0 0 0 4 5 -4 0 0 -2 -2 0 0 0 0 2 5 -2 0 -1 2 0 -4 -4 -6 -4 0 0 0 -2 0 0 -2 1 0 0 3 0 -2 -8 0 -2 0 0 6 8 0 -4 -2 2 4 2 0 -3 0 4 2 0 0 -4 0 4 -4 0 0 0 0 0 -8 0 0 4 0 2 -1 0 -2 -2 0 -8 -4 1 0 4 61 -2 -2 0 0 -2 0 5 0 4 1 0 0 2 2 -2 0 2 8 0 -2 -2 0 0 6 4 1 0 0 0 -4 -2 4 0 -1 0 0 -2 0 0 1 0 -1 2 0 0 0 4 0 0 0 1 0 2 2 2 0 -6 4 2 -4 0 8 -4 -1 0 4 0 0 2 0 1 0 0 1 2 0 10 0 0 0 0 -4 0 0 0 4 0 0 0 -4 7 3 4 -2 -1 -4 0 -4 0 4 0 8 0 0 -2 -2 2 0 -4 0 2 0 4 0 -3 1 -2 -1 0 1 2 0 -4 -4 -8 6 0 4 0 -2 -8 0 8 5 0 -2 -2 0 -4 0 0 0 0 0 4 0 0 2 0 17 0 -2 0 1 2 0 0 -4 4 1 2 1 3 0 0 0 -2 0 -1 0 0 0 -2 0 -1 0 0 -4 -2 0 -2 -2 -2 -1 0 0 0 -1 -2 2 0 0 0 2 -2 -3 2 0 -1 0 -2 4 0 0 4 -2 0 -2 0 -2 2 2 0 0 -2 -17 0 2 -3 1 4 -4 0 -1 0 8 -2 0 -2 -4 4 -2 0 -2 5 -4 -4
-4 -4 0 -2 0 0 0 0 -3 -2 2 4 4 -3 -1 1 -4 0 -1 0 0 0 2 0 0 0 0 0 2 -4 0 0 0 -1 4 0 0 -2 0 0 0 1 0 2 0 0 2 0 0 1 1 0 0 0 0 0 -3 0 0 0 8 0 0 -2 2 0 1 2 4 2 -4 0 0 6 0 0 -4 0 0 0 4 0 -1 0 -2 0 0 2 -2 -2 2 0 2 2 0 0 0 0 4 -1 0 2 4 8 0 1 -2 0 4 -6 1 -2 -4 -2 0 -1 0 0 0 -4 -2 -6 -1 -1 1 4 -3 0 0 -2 5 -4 0 -2 3 4 11 4 -6 1 6 -2 0 1 -10 -2 2 0 0 4 -2 0 4 0 2 2 0 1 4 4 -1 -1 0 0 -1 4 -1 0 0 0 0 0 -2 54 0 2 0 1 4 -2 -1 4 0 1 4 0 -2 0 -2 -4 0 -2 0 2 -1 -3 0 2 4 4 0 0 -4 1 0 -1 -2 0 0 0 -1 3 0 0 0 10 0 -2 -2 0 2 0 6 0 0 -2 2 -2 0 0 0 -3 0 4 -3 0 0 3 -3 -2 0 0 8 -2 6 -2 0 -3 0 0 4 0 0 0 0 0 4 2 2 1 4 -2 0 -1 0 -4 0 0 6 -4 0 0 5 0 2 -2 0 0 -4 6 0 -2 2 -2 2 0 -1 0 -2 0 -2 0 2 4 0 -2 -2 3 2 2 1 -2 1 0 0 0 -4 -2 0 4 0 -5 2 -1 0 0 3 7 2 4 0 -2 0 -1 1 2 4 -1 0 0 0 0 1 -1 0 2 -2 0 0 0 0 -2 0 0 4 0 2 2 4 1 0 4 -1 0 -2 4 -4 0 4 2 2 0 -6 4 -4 0 0 0 1 4 -1 6 0 -4 0 -2 -2 6 2 4 1 2 4 -2 -2 -1 0 -4 -4 -1 -4 -1 6 -6 0 0 0 -2 1 0 2 -4 -4 0 10 0 -3 0 4 6
0 2 0 0 0 -2 -4 8 0 -2 0 6 -2 4 -6 0 2 2 -7 0 0 1 0 2 8 0 0 0 4 0 -2 -2 0 0 -2 -4 -2 0 8 -4 0 2 -4 6 0 2 6 0 0 0 1 0 2 2 0 0 0 -1 2 -2 4 12 0 -4 0 4 2 0 0 2 4 0 4 -2 0 0 2 1 8 4 0 4 5 4 2 6 2 -4 2 4 0 0 0 0 2 -2 0 4 0 0 6 3 0 -2 -2 -2 2 2 -8 0 12 0 8 6 -2 0 0 0 0 5 0 0 0 0 3 3 4 0 -2 4 0 0 -8 4 0 0 4 0 6 0 -4 3 2 -2 4 0 -2 0 1 2 0 0 -2 -8 -4 -4 -2 2 2 -4 -2 0 -2 0 4 2 0 -2 -2 0 -4 0 -2 0 68 0 8 0 0 0 2 0 4 2 -1 0 0 0 0 -3 0 2 0 4 2 0 2 4 0 0 2 0 4 2 3 -2 3 1 5 2 6 0 4 4 -3 2 0 0 4 4 -1 -1 0 0 0 0 0 6 0 9 0 0 -2 -2 0 -4 -2 0 0 0 -4 -2 -2 4 0 -3 -2 4 0 2 0 0 0 0 0 0 -2 -10 -2 -4 3 2 2 0 0 0 0 0 2 0 0 2 -2 6 0 6 0 0 7 -1 0 2 2 -4 2 1 0 -2 0 0 7 0 0 -3 2 0 0 2 0 0 -2 0 0 2 0 0 0 0 2 4 0 0 0 -4 4 0 2 0 -4 0 0 10 0 -1 2 2 4 0 -2 2 3 0 4 -4 -4 0 0 0 -1 5 0 0 -1 2 6 -4 0 0 0 0 0 0 -6 -2 -2 -2 6 0 2 2 0 4 2 0 1 2 2 0 -4 0 0 2 -2 2 -3 0 0 -1 4 0 0 -2 -4 -1 0 -2 0 0 0 0 2 -6 0 -4 10 0 2 1 4 0 0 0 4 2 0 4 -2 0 0 0
-4 0 2 0 0 8 0 0 -1 -2 5 0 4 0 0 0 3 0 4 0 6 -1 0 -1 2 0 0 0 2 -2 4 2 -1 2 0 1 1 1 4 0 -3 -2 0 0 0 -4 2 -5 0 0 -1 4 -2 0 -4 0 0 3 0 0 5 4 0 -13 0 -2 4 2 2 0 0 6 -2 -1 0 -1 2 -2 0 -2 2 0 0 0 -6 0 3 2 0 -2 -6 0 0 -1 2 0 0 -3 3 0 1 0 0 2 0 0 4 -1 2 -4 0 2 -2 2 4 3 0 0 4 0 2 0 0 -1 0 -1 -2 8 4 0 -2 0 2 0 2 2 -2 -2 -1 3 2 0 0 0 -7 -1 -1 1 4 0 0 0 1 2 0 3 0 1 0 0 -4 2 -2 -1 -7 7 0 0 2 4 -4 -2 0 2 0 47 0 -4 -2 1 0 4 1 0 -8 0 -2 -3 0 -2 0 2 -4 0 0 1 -2 0 3 -1 0 2 6 2 -2 1 4 -4 2 0 0 -2 0 0 -2 -4 0 -3 0 0 0 0 0 -6 0 0 0 1 0 4 0 4 -2 0 0 0 0 0 1 -1 5 -2 4 2 1 1 2 -2 0 0 -2 0 -2 0 0 2 0 -2 -4 0 2 0 4 -1 0 0 0 -1 4 0 0 4 -2 4 -1 1 0 4 -2 0 2 -2 -2 2 -1 2 0 -4 6 -2 0 0 0 -1 2 -1 2 0 0 1 -2 1 2 2 4 5 1 0 6 0 0 0 0 2 -2 3 -2 0 -1 2 0 0 0 4 0 0 1 0 0 -2 -4 4 0 0 -4 0 -2 2 0 0 0 1 -2 -8 -5 10 3 -3 0 0 6 4 0 0 -2 0 -4 0 -6 0 0 -4 0 0 -2 0 2 -1 3 -4 -4 2 2 0 0 1 0 -1 0 0 2 -1 0 0 -1 6 4 -4 5 -1 2 0 -4 -2 -1 -2 0 0 0 -6 2 2 0 0 0 2 2 0 5 3
0 2 -5 0 0 -3 -2 0 0 0 4 2 0 0 0 -2 4 0 -1 0 3 0 0 -3 4 0 -4 0 0 2 0 1 0 4 2 0 -1 0 0 4 4 -4 -1 0 -4 0 0 0 2 0 0 -4 -4 0 0 0 0 0 0 -4 0 4 0 0 -8 4 -4 4 0 0 -1 -2 0 -2 -2 0 4 0 0 -1 0 0 -2 0 4 0 0 0 4 0 0 0 0 2 -2 0 6 -1 0 0 2 0 -4 0 0 4 -2 2 -2 2 -2 0 1 -2 4 -4 0 -2 0 4 4 0 0 0 0 2 2 0 0 4 0 0 0 -2 4 0 -1 6 -6 -2 -2 2 0 0 -2 0 2 2 -1 -1 0 0 0 -1 0 0 0 0 0 -2 -1 0 0 0 0 4 -2 2 0 -1 3 -2 0 0 8 0 33 0 0 0 0 0 0 0 -4 2 0 -4 -2 -2 2 0 -2 0 0 0 4 -4 0 1 -1 4 0 0 0 0 0 0 -1 -4 1 -6 -4 1 -2 0 0 4 0 -1 0 -5 0 0 0 0 0 0 -4 8 0 0 0 1 2 0 0 0 4 2 -4 0 4 0 0 0 0 0 2 -2 0 0 0 0 0 0 -2 -4 0 -2 1 2 3 0 0 4 0 0 0 -1 0 0 -1 -4 0 0 0 0 2 0 0 0 -5 6 0 -1 4 -1 0 0 2 2 0 -2 2 0 0 3 0 0 0 2 2 0 1 0 0 0 0 0 0 0 -2 0 4 0 0 0 0 2 0 4 0 0 4 0 0 -4 0 2 0 0 2 -2 0 0 0 0 0 0 -5 2 4 0 0 0 0 0 0 0 0 -2 -6 0 0 3 0 -4 0 0 0 0 2 0 4 0 0 4 0 0 0 2 -2 0 -2 0 0 0 0 2 0 2 0 -4 0 0 -2 2 1 0 0 -4 0 2 2 0 0 0 2 0 0 0 -2 0 0 0 0 0 0 0
0 -6 6 4 -2 0 2 -1 2 0 -2 4 3 -1 -1 0 -4 0 -4 4 -2 4 -2 0 2 0 0 0 0 -4 0 0 -1 -2 0 0 -4 8 -4 0 4 0 -4 0 1 -2 0 0 0 2 0 1 -2 0 0 2 -5 -2 0 0 0 0 0 0 -3 -4 1 0 0 1 0 0 -2 2 0 0 0 0 -4 0 2 0 2 -1 -1 1 4 0 4 -1 2 -4 0 1 2 -4 0 0 0 0 0 -4 0 0 2 0 -7 0 -1 6 0 0 3 -1 -4 -3 0 0 0 0 0 4 0 0 0 -2 3 0 -1 0 -2 0 0 7 -4 0 2 -1 -1 0 -3 0 0 0 -2 -1 0 0 6 -2 -4 4 4 -6 4 0 2 2 3 0 1 0 0 0 -4 0 2 4 1 0 3 0 -2 1 0 -4 0 50 -2 2 0 -2 -1 0 2 -4 1 1 0 0 0 0 6 9 -2 0 0 3 2 -1 0 0 -7 0 0 4 4 0 4 0 4 1 0 0 0 4 4 0 0 1 2 0 6 -2 2 4 0 -2 0 -2 0 0 0 0 2 -2 -1 -4 0 -1 -10 -2 -4 0 -6 0 2 0 -3 2 0 3 1 0 -4 0 0 6 -6 4 1 -2 0 -1 0 0 4 0 0 0 0 -2 -6 -2 0 0 4 3 0 0 -2 0 0 4 2 0 0 2 0 0 2 0 0 0 0 2 0 -6 0 -4 0 0 0 0 2 -4 0 -4 -5 -4 8 2 1 0 0 -2 -1 0 0 -1 0 0 1 -1 0 0 2 0 0 -2 1 0 -4 2 1 0 -2 -2 0 4 0 -2 0 0 0 -1 0 1 0 5 2 0 2 0 -1 0 -2 0 0 4 1 0 0 0 3 -2 4 1 -1 -1 4 4 0 -2 8 0 4 1 2 -2 0 0 4 0 2 -2 -2 -2 -4 2 0 2 2 0 0 2 -2 0 -1 0 2 -2 0 8 -2 0 0 6 3 1
0 0 0 0 1 0 -2 1 -6 0 0 -2 0 -3 -4 0 2 0 0 -4 0 0 0 0 0 4 0 -2 2 0 0 0 0 0 0 0 2 -2 0 0 -2 0 2 0 0 0 0 0 3 -2 0 0 2 1 0 0 0 0 8 0 -6 -4 0 -2 4 0 0 0 0 0 -1 -2 0 -2 0 -6 -6 4 -2 0 -2 0 2 4 -2 0 0 0 -1 0 0 4 -2 2 0 -2 0 0 -2 0 1 0 2 0 2 0 0 1 0 0 2 -2 0 0 -2 1 1 0 0 2 2 -4 0 0 0 6 0 2 4 0 2 -4 2 2 0 2 0 0 2 -4 0 4 -1 0 -1 2 -2 2 0 4 0 -1 0 0 0 2 -4 -3 0 0 0 1 0 0 -3 0 0 0 0 -2 0 2 0 4 0 -2 0 -2 36 0 0 0 4 4 0 2 1 4 2 0 0 0 -2 0 2 0 2 0 0 -4 1 0 5 0 -6 4 0 0 -1 0 2 -4 -2 -4 0 -2 -2 -2 -3 -1 0 0 0 2 -4 1 -2 0 4 0 1 0 0 -2 -3 -4 0 0 -2 2 0 0 -1 0 0 -2 -2 2 2 -2 8 0 0 -4 0 0 0 4 1 4 -1 0 -4 0 0 -2 2 0 -2 0 0 0 -4 4 4 0 0 0 3 0 5 0 0 -2 -2 -1 0 -2 -1 2 2 0 0 2 -2 0 0 0 -3 -2 0 0 0 0 4 0 0 0 0 0 -2 0 0 0 4 4 -2 0 0 0 0 0 0 4 0 2 4 0 0 0 4 4 0 1 0 0 2 0 0 -2 2 4 6 2 4 0 -4 -2 0 0 0 0 0 0 0 0 2 0 0 0 -1 -2 -2 5 4 2 -2 0 0 -2 4 0 0 0 2 -2 2 0 -3 4 -1 2 4 0 -2 -2 2 -1 0 -2 0 2 0 0 0 -4 -8 0 -2 2 -1 -4 0 -2 5 -4 0 2 4 0
0 -2 5 0 0 4 6 0 0 2 7 0 0 0 4 -1 1 2 0 -1 0 2 9 2 4 3 4 0 0 -3 0 -3 0 0 3 1 0 0 1 0 -6 0 -4 0 1 0 0 0 0 -1 0 0 0 0 -1 0 0 0 -1 0 -1 0 -4 0 -4 0 8 0 0 -1 0 -3 2 0 4 -4 0 0 0 0 0 0 -2 -4 -4 -4 -1 4 2 0 -2 0 4 2 1 -4 0 -2 -4 0 1 4 0 -2 0 -2 -2 0 0 4 0 2 0 0 -4 -2 0 0 4 0 -1 4 0 0 0 0 -1 0 -2 0 0 0 0 8 -2 0 -6 10 0 5 0 -6 -1 -4 -8 2 0 0 2 -1 -6 2 0 -4 0 0 1 0 0 -2 -2 1 0 0 0 2 -2 2 -2 1 6 0 5 -2 0 1 0 2 0 48 -1 4 0 3 0 2 0 2 0 0 -2 6 -4 0 -4 6 0 -4 -2 -1 -4 -2 0 0 -1 1 -4 0 -1 0 0 -4 -5 0 0 2 0 0 2 -2 0 4 0 0 -2 2 -1 -3 0 0 -2 0 2 -4 8 0 0 2 8 0 -2 -1 -4 4 0 0 1 -3 -2 -4 1 -3 -2 -2 0 0 3 0 2 0 3 0 4 0 0 -4 -1 0 0 0 0 0 2 -1 0 0 0 0 2 0 0 0 0 -2 -2 4 0 -4 -2 0 2 -4 0 -2 0 4 4 0 1 4 0 0 0 0 -2 0 0 0 -3 0 0 2 0 -2 0 0 0 2 0 0 -1 2 -5 0 6 0 -4 0 2 -2 1 -1 0 2 0 1 0 0 4 -1 0 0 -1 0 0 0 5 -4 -2 4 -2 2 0 3 -2 -2 -5 0 -4 0 0 0 2 0 4 0 0 6 -2 4 4 0 -4 -2 -2 4 0 -1 -1 -3 -2 2 0 -2 -4 0 -4 2 -2 -4 6 1 0 0 0 0 0 0 -2 0 0 1 0 0 4 0 0 4 0 0
0 0 0 2 2 0 -2 0 -3 0 0 4 0 -4 -4 -3 0 -2 0 0 2 4 0 2 0 0 -6 0 2 5 -2 0 2 4 0 0 8 0 0 0 8 4 0 1 0 -4 0 4 0 -3 -2 0 2 0 3 0 2 0 2 1 2 0 8 0 0 -1 0 2 0 -4 2 4 0 0 0 0 -2 2 1 -6 0 0 4 2 -1 0 0 0 -2 0 0 0 0 0 0 0 0 2 0 0 4 -2 0 0 0 4 -2 0 0 0 0 0 0 0 -2 1 -4 -4 0 0 2 2 2 0 0 0 0 0 0 0 0 0 2 0 0 0 0 -1 0 0 0 0 1 -8 1 0 2 0 -2 0 0 -2 0 0 0 -1 -2 0 2 0 -4 -2 0 0 -2 0 -2 0 -2 -8 0 0 0 -1 2 0 0 0 0 -1 37 0 0 0 -2 0 -2 -4 0 -2 0 0 0 0 0 -2 0 0 2 5 2 -2 2 0 0 3 -2 0 -6 -2 0 0 4 -4 0 -2 -2 0 0 -1 0 0 0 4 0 -4 -1 4 0 6 2 0 0 -4 -8 0 -1 -8 -2 -2 0 0 4 -2 2 0 0 1 0 2 0 -1 0 4 -6 6 0 0 0 -2 4 2 -4 0 -2 0 1 -1 0 0 2 0 0 2 -1 1 0 0 2 0 0 -2 -1 0 -4 4 -2 0 2 0 -1 0 0 -6 0 0 4 1 -1 4 0 -1 0 0 -2 -2 2 -4 2 0 -2 0 0 2 0 3 -4 -3 0 -4 1 0 -2 0 2 1 4 2 -1 0 -4 -3 -2 0 0 0 1 0 0 2 0 -2 0 0 2 0 0 0 0 0 0 2 0 0 0 0 0 -2 0 1 0 0 -4 2 -6 0 0 0 4 0 1 -2 -6 1 -1 0 2 0 0 8 0 -4 -4 -4 -1 0 -4 0 -6 0 -2 0 0 4 0 0 2 -4 1 0 -2 0 0 0 0 0 -2 0 0 0
3 0 4 4 -3 -4 -2 -2 4 -4 6 0 0 0 0 6 0 2 0 0 0 0 2 0 0 4 4 0 0 0 0 0 2 0 0 6 0 6 10 0 0 1 0 0 -2 0 0 2 0 0 -4 0 -1 0 0 0 2 -2 0 0 2 0 -5 -8 1 0 18 0 0 2 0 6 4 1 4 -2 4 2 0 4 -2 0 -4 0 0 -2 3 0 0 0 -8 -2 -1 -2 0 10 4 0 10 2 0 0 0 0 -2 -4 4 -2 6 3 -3 -4 0 4 8 -2 0 0 0 -3 0 0 2 0 4 2 -2 0 0 0 -6 -4 6 -4 2 0 2 0 -4 4 2 -2 0 -4 4 0 -4 0 -2 0 -4 -4 0 4 0 4 2 -6 -4 0 0 0 0 4 0 4 0 2 -1 2 -4 0 4 4 0 4 0 -2 0 4 0 57 0 0 0 -1 0 -2 0 0 0 -2 2 0 0 0 -2 0 0 -1 -2 0 0 -2 0 -4 2 0 1 -4 -2 2 0 -1 0 0 0 -2 0 0 4 0 0 0 4 -2 -3 8 -4 0 4 -4 4 0 0 0 0 -2 0 -4 0 2 -4 0 4 0 0 2 0 0 4 -4 0 7 0 0 0 0 2 1 2 0 -2 -4 -4 0 0 0 0 0 8 0 -4 2 -4 2 3 0 2 -3 2 2 0 0 -4 0 1 2 0 0 1 0 0 0 1 2 -1 0 4 -4 0 0 0 -1 0 2 4 0 2 0 0 -2 3 6 -2 0 8 4 -2 0 -8 0 2 -1 -4 0 2 0 0 0 0 0 2 0 0 0 0 4 1 2 0 -2 4 0 0 5 4 -4 0 0 -8 4 0 0 -6 0 -8 0 -2 2 0 0 0 -1 4 0 5 -2 -2 2 0 -2 2 0 0 0 -8 2 0 -4 0 0 0 1 0 4 0 0 0 -2 1 0 4 -4 -2 0 2 -4 2 4 2 0 -3 0 8 0 4 1 8 0
2 0 2 0 0 0 2 0 0 2 -2 0 0 4 0 0 0 -1 1 -6 6 2 0 0 -2 -2 1 0 0 0 2 4 3 0 0 0 2 -4 0 0 0 0 0 0 4 -1 -2 0 0 4 0 0 2 0 -5 0 0 0 0 4 -2 0 0 0 0 2 0 2 0 0 0 -2 -4 -2 0 0 4 0 -2 0 0 0 0 8 2 0 2 0 0 4 0 0 0 6 0 0 0 0 0 0 0 0 0 0 2 0 0 2 0 0 0 1 0 -1 0 0 0 0 0 2 2 0 -4 -4 -2 4 0 0 0 0 0 0 0 0 0 0 0 0 -2 0 0 0 4 -4 0 -4 -1 -2 -2 0 0 0 4 0 0 2 0 -1 -4 -4 0 0 0 0 -4 0 0 0 0 0 0 4 1 0 4 1 0 -1 4 0 0 0 30 0 0 1 1 0 0 0 -2 0 0 0 -2 0 0 0 0 0 0 0 0 0 -4 0 0 0 -2 0 0 0 0 0 -1 0 0 1 0 2 0 0 0 1 -4 0 0 0 -2 1 0 0 0 0 -2 -4 -1 0 0 0 0 0 0 2 -1 0 0 -3 0 0 4 6 0 2 0 0 0 2 0 4 0 0 -1 -2 0 0 -2 -2 0 0 0 2 -4 0 0 0 0 0 0 0 -1 0 0 8 -2 0 0 -2 0 0 4 -1 0 2 0 -6 1 0 0 0 -2 -1 0 0 0 0 0 0 0 5 0 0 0 0 1 0 0 0 -2 -2 0 0 2 0 0 0 0 2 0 0 10 0 5 0 -2 0 1 0 0 4 0 0 4 0 0 1 0 1 1 0 0 0 0 0 0 0 0 0 0 0 0 0 -2 1 0 0 2 0 0 0 4 0 -4 0 1 0 0 4 -4 0 -2 0 -4 0 0 -2 0 0 -1 0 0 -4 4 0 4 -4 -4 4 4 0 0 0 0 2 0 -2 0 0 0 0
0 -4 2 0 -2 0 0 -2 -1 0 1 4 0 -1 -5 2 -1 -5 2 0 3 1 4 0 2 0 -2 0 -1 -6 0 -3 0 0 1 4 0 0 0 0 -4 -2 -1 -1 0 2 -2 0 1 2 -2 0 -4 2 4 2 -1 0 0 0 0 0 0 -4 0 0 4 0 0 2 0 -2 0 0 0 0 -2 0 -2 1 0 0 3 -2 -1 2 0 0 0 0 -2 0 -2 3 -1 0 0 0 2 0 0 0 1 2 0 0 4 0 0 6 0 0 -1 4 0 0 -4 0 3 0 2 -1 0 4 0 6 -4 0 0 8 0 0 -2 -1 -3 0 -5 -1 0 5 0 0 -4 -6 -2 -2 0 -4 2 8 -2 -1 0 -1 0 -4 -2 0 10 -4 3 1 0 0 -3 3 -2 0 0 2 0 1 0 1 2 0 0 0 4 3 0 0 0 43 0 0 2 0 0 2 0 -1 2 -1 2 0 0 -2 2 0 0 4 0 0 -4 3 0 0 -2 0 0 3 0 -2 0 0 0 0 0 -2 0 0 0 0 0 0 2 0 0 0 0 0 3 2 2 0 0 0 0 1 2 0 4 -2 0 0 -1 4 -2 -3 4 2 0 1 -1 0 2 0 0 0 0 -4 0 -1 -2 0 0 -8 0 -1 0 0 2 7 0 0 5 0 -6 2 -2 0 1 4 0 -4 0 0 2 0 2 1 0 4 0 0 2 1 2 0 0 0 0 0 0 4 0 -1 0 0 0 0 0 0 8 2 0 0 2 1 0 2 0 4 0 1 2 0 -6 2 0 0 0 1 0 4 2 0 0 0 0 2 0 0 0 0 0 0 0 1 1 -4 0 -2 1 -1 0 -2 1 1 0 -2 1 -8 -2 0 0 0 2 -2 0 2 -2 -1 0 -2 0 4 2 -2 0 0 0 -2 -2 -2 -4 -4 1 1 0 2 1 1 2 -1 0 2 -2 -4 0 2 0 0 7 0 0 4 2 -3
-2 0 4 0 2 0 4 0 0 0 -2 0 -4 0 0 0 -1 0 0 2 -4 -2 0 0 0 2 4 2 0 0 0 0 -2 0 -6 -1 4 1 -4 5 -2 0 0 2 0 2 0 4 0 0 0 2 0 0 0 0 -2 0 -6 4 -2 0 2 0 -2 0 0 0 0 2 0 0 0 -1 -2 -4 0 0 4 1 0 0 0 0 -6 -1 -2 -4 1 -4 -1 0 3 0 2 4 0 0 -6 0 0 -4 0 0 0 0 -2 0 1 0 0 0 0 -2 0 -2 0 0 0 0 -4 0 0 2 0 0 0 2 0 -6 0 0 0 0 -2 -2 0 0 0 -4 2 0 0 2 -2 0 0 -4 0 0 4 0 0 0 1 0 4 -4 -2 4 0 0 -6 1 0 -2 -2 4 2 0 0 2 0 4 -1 -8 -4 2 0 0 -2 0 0 0 36 0 2 0 0 -2 0 0 2 -3 0 -3 -3 -4 1 -2 0 -2 0 -4 0 2 1 3 1 -1 0 0 -2 0 -1 2 0 0 0 -2 0 0 0 0 -2 0 4 -2 0 -5 0 0 0 0 -2 3 0 0 0 -2 1 2 -4 0 -2 0 -2 0 6 2 0 0 2 0 0 1 0 -4 2 0 -2 0 0 0 0 0 0 2 0 2 0 -4 2 -6 0 1 0 0 0 0 -1 0 0 0 2 0 -2 0 0 0 -2 -1 0 1 -1 0 2 5 0 0 0 0 0 0 -8 -2 0 0 -2 0 0 -3 2 0 1 -2 2 6 0 0 2 0 0 -1 -6 1 2 0 0 0 -2 0 0 0 2 0 0 -4 0 1 0 4 -4 -2 -2 -8 -4 2 0 0 -1 0 0 0 4 -1 -6 4 2 -1 -2 0 0 0 -4 0 0 0 -2 0 4 0 2 -2 -1 0 0 4 0 2 0 2 -4 0 -2 -4 -4 0 -2 1 -6 0 4 0 0 0 -4 2 2 0 4 0 0 1 2 0 0 0 0 4
2 -2 4 0 0 -2 0 8 -1 -3 0 -1 0 0 4 -4 0 0 1 5 2 1 2 2 0 0 0 0 -2 0 0 2 6 0 0 0 0 -8 -2 4 0 -4 -4 0 -2 -1 2 0 -2 6 0 0 0 -2 0 2 -4 4 2 0 4 0 0 2 -1 -2 -2 4 2 0 4 3 0 -4 0 8 0 0 0 0 -2 2 0 4 0 -1 2 -4 -1 4 2 4 -5 0 2 -4 0 0 0 4 0 0 -6 5 0 0 0 -4 0 -4 -2 1 0 -1 0 0 0 0 -4 2 0 3 2 0 0 0 -1 0 -4 8 -2 2 0 0 8 1 2 0 -2 0 4 4 0 0 -2 -2 0 3 0 -2 -4 0 3 2 -1 -4 0 -2 -10 4 2 2 0 4 -2 2 2 1 -1 -1 0 4 2 0 0 0 2 -4 2 2 0 -1 1 0 0 67 5 2 0 -3 0 0 4 -1 -1 0 2 -2 6 0 2 2 0 -1 -1 -4 0 4 4 0 6 0 -3 0 8 -4 -6 -4 3 0 0 0 2 0 0 1 -6 -4 -2 4 -2 0 -2 -4 2 0 0 0 0 -4 0 0 -2 -5 0 0 4 -4 -4 4 0 4 0 -2 0 0 -5 -8 2 0 4 -7 -4 0 4 0 0 -2 1 4 4 0 -2 -2 0 0 0 0 4 -4 2 1 0 -4 4 0 -2 0 0 2 0 -4 3 2 0 -4 -3 1 -1 0 2 -4 1 1 4 -2 0 -1 4 0 0 -2 -2 2 1 0 -2 2 0 -2 -2 10 4 0 -2 -2 2 1 3 4 -2 2 -2 0 2 -4 0 4 0 -5 0 1 -4 0 0 3 0 0 0 2 -4 -1 8 -2 0 4 2 -4 -2 -1 0 1 0 1 9 0 0 -2 0 1 0 4 2 0 5 -4 0 -2 0 0 -6 1 -4 5 0 -2 4 0 4 0 0 -2 1 2 -4 0 0 -2 0 0 1 2 -2 -1 0 1 -4 -5 4 0
0 -1 2 0 0 -2 4 -2 4 0 0 0 0 0 0 0 -4 -4 0 4 0 -2 0 4 0 0 4 0 2 0 6 4 4 -1 0 0 0 0 -1 0 -5 -4 0 -4 -2 4 -4 0 1 0 -4 -3 4 0 0 2 0 0 -2 0 -3 -1 0 -2 0 0 0 -2 1 0 -1 0 0 -2 -4 0 0 0 -6 2 0 -1 0 0 0 0 0 0 0 0 0 4 0 2 4 -2 2 0 0 0 3 0 0 1 0 -4 2 0 2 0 0 0 1 0 0 -1 0 0 0 0 -1 0 4 0 0 0 0 -2 1 0 0 0 0 0 0 -4 1 -2 4 4 0 0 0 0 -2 0 -2 -2 -4 2 0 0 2 8 0 0 2 2 -5 2 0 -2 6 2 2 2 0 2 0 0 -4 0 2 -2 0 -2 0 1 1 0 -2 0 1 2 2 5 48 0 2 -4 2 0 -1 4 0 0 4 0 2 -1 2 0 -6 8 0 0 1 6 0 0 8 2 0 -4 -4 0 0 0 -4 0 -2 2 4 0 0 0 0 4 0 -1 1 -4 -2 0 -2 0 1 0 0 -2 -2 2 -1 -2 -4 4 -2 0 0 -2 0 0 1 0 0 0 0 0 0 -2 -2 -4 4 0 1 -1 0 0 0 0 0 0 0 -4 4 0 0 2 -6 0 8 0 1 5 2 4 -1 0 -4 0 0 -3 0 -2 0 0 0 0 0 0 -4 0 0 0 0 -2 -2 0 -3 1 8 -2 -4 2 2 -2 0 -2 0 -2 0 4 2 0 4 0 2 0 -2 0 2 0 1 0 -4 -1 -4 -2 0 1 0 0 0 0 -2 -4 0 3 -3 -2 0 -1 0 0 0 1 0 -4 6 -2 0 1 0 1 0 -4 0 0 -2 0 2 0 0 -2 2 0 0 4 0 0 1 -2 0 -2 -4 -2 0 -4 8 -2 4 0 0 0 0 0 -2 -2 0 0 2 0 -2 1 3 4 4 0 4 1
0 0 8 1 0 2 6 0 0 -4 -4 -2 0 0 0 2 -2 2 0 -4 0 -10 -4 -4 2 -6 0 0 0 2 0 -4 -2 0 0 0 0 0 -4 0 0 0 0 4 4 -4 0 0 0 6 -2 4 0 0 0 4 -2 0 2 0 -8 0 0 2 -2 -8 -1 0 0 2 -2 0 0 2 2 4 -4 0 0 -2 -2 0 0 -1 4 1 2 0 0 0 4 0 0 2 0 0 -2 0 0 0 -4 0 -4 0 0 0 2 0 0 0 6 2 0 6 0 0 0 0 12 4 2 -4 0 -2 0 3 0 -2 2 -4 0 -4 0 4 -4 2 3 -2 0 0 -4 0 2 4 0 2 4 0 0 2 0 4 0 -4 0 2 0 4 -2 8 2 0 0 0 0 0 0 -4 0 6 4 -2 -2 0 0 -3 -4 1 4 2 -4 -2 0 0 0 2 0 55 2 2 0 0 0 0 2 -6 2 1 0 -4 4 0 4 2 0 -1 0 0 0 0 0 -4 0 0 0 -6 0 0 -4 -2 -2 2 -4 0 0 4 2 0 0 -4 0 0 0 0 6 0 0 0 -2 0 -2 2 -4 0 -4 -2 -2 0 -1 0 4 0 0 0 6 0 0 0 2 4 2 0 2 0 0 -1 0 4 1 0 0 0 0 0 2 0 4 -1 4 -4 0 2 1 -4 4 -4 -6 -4 2 0 4 0 -4 6 0 2 0 0 0 0 2 0 0 2 -2 -4 0 4 4 0 0 0 -6 2 0 2 4 0 0 0 0 0 0 2 0 0 2 2 0 2 4 0 -4 1 0 -4 -4 0 0 0 0 2 0 -4 4 -2 4 -4 2 5 0 2 0 0 8 0 2 0 -4 0 -4 0 -4 2 6 0 0 -4 0 8 0 8 0 4 0 -2 0 -2 0 0 0 2 -4 2 0 0 -4 4 4 0 0 4 4 0 0 -2 2 4 0 2 2 4 4 -2 4 0 0 -2 0 0
-2 2 0 0 0 0 0 0 1 2 1 0 0 0 0 0 0 0 0 0 2 0 -2 -2 1 0 0 0 0 0 0 -6 -2 -2 -4 0 0 4 0 0 0 0 1 3 0 -5 -2 10 2 4 0 0 -1 4 0 0 0 0 1 0 0 -1 0 1 1 0 -2 0 0 0 0 4 4 -6 1 0 0 0 0 0 2 0 -2 0 -6 0 0 0 -4 0 0 2 4 0 0 -4 0 0 0 0 0 0 0 2 4 0 0 0 0 0 0 1 0 0 0 0 0 0 1 2 0 0 -4 4 0 0 0 0 0 0 -4 0 1 -4 0 0 0 0 2 -2 2 -2 1 4 2 3 -12 0 -4 0 2 0 0 0 0 0 -2 0 -5 0 3 0 0 0 2 0 0 -2 0 -1 0 -1 0 -2 0 0 -2 0 2 0 0 0 0 0 0 0 2 2 30 0 0 0 2 0 0 0 1 0 0 0 0 -3 0 0 0 4 -1 -3 0 0 0 8 1 0 0 0 0 0 0 1 0 0 0 0 -1 0 0 0 0 -2 -2 0 0 -2 -2 0 0 2 0 0 2 0 -2 0 0 2 -2 -4 1 0 0 2 0 -2 -4 0 0 0 0 2 0 0 2 0 1 0 0 1 0 0 0 0 0 -2 5 2 0 0 2 0 0 4 0 4 0 2 2 0 0 0 1 -4 0 0 -2 -1 0 2 2 0 0 4 -2 0 0 0 6 -2 -1 0 4 0 4 3 0 0 0 0 -4 0 1 0 0 0 0 4 1 0 2 0 4 0 2 0 0 0 4 0 -2 -1 -2 -6 -2 3 0 0 0 1 0 0 0 0 0 1 2 0 -1 0 0 0 0 0 0 -2 2 1 0 0 -1 0 -1 0 1 0 0 0 0 4 -2 -2 2 0 0 0 4 -2 0 2 3 -2 -2 0 0 4 0 0 -2 0 0 0 0 0 0 0 3 0 0 0 0 0
4 0 -4 0 0 2 -2 0 0 0 -4 0 0 0 0 -2 2 1 -3 0 -2 2 0 -4 -2 0 4 0 2 0 0 -2 6 0 0 0 0 0 0 -2 5 4 -2 0 -1 0 7 -4 -2 2 2 0 0 0 -1 0 0 4 0 4 2 -2 0 2 0 0 2 4 -4 0 -5 0 0 0 8 -6 0 0 0 -2 0 0 0 0 -2 0 0 5 0 -4 2 -2 1 -4 2 0 0 0 0 0 -2 -2 0 -1 4 0 4 0 -1 0 -4 0 0 0 0 1 4 -2 0 0 -8 0 1 0 2 3 -4 4 0 0 -2 0 0 6 2 -4 2 -1 0 0 0 1 0 2 10 0 0 -2 4 2 0 -1 0 0 -1 0 0 0 0 -2 4 0 0 0 1 -2 -4 -4 -4 4 0 -4 2 -4 -3 -2 -2 0 0 0 -2 0 0 2 -2 -3 -4 2 0 45 -4 1 0 2 1 0 -2 -2 0 0 0 0 -2 0 0 1 8 0 0 0 -2 0 0 4 0 2 0 -2 2 -4 0 0 4 -2 0 4 2 0 0 -1 2 4 -2 2 2 0 0 2 0 -4 4 0 2 2 -4 1 0 0 0 0 4 4 0 -2 5 0 -2 2 -2 0 -2 4 0 0 0 2 0 0 2 0 0 4 0 4 -4 0 0 0 -2 0 0 2 -4 4 0 0 0 0 0 0 0 1 2 0 4 0 0 2 0 -4 0 0 2 1 2 0 0 0 0 0 0 1 -2 0 12 0 2 -4 -1 4 1 -2 0 -4 0 -2 -2 2 -2 2 -2 2 -1 0 4 0 -2 4 0 -4 0 0 3 0 -2 0 0 0 -2 0 0 0 0 0 -2 -2 -4 4 0 4 0 0 -3 2 -2 0 5 -4 0 0 0 0 -2 2 4 0 0 -8 0 -2 0 0 -2 0 -2 -1 0 2 0 2 0 -2 -1 0 0 0 0 2 4 0 1 0 0 0 2 0 0 0 -2 2
0 1 0 0 0 -2 2 0 0 -4 2 0 0 0 0 0 8 4 0 0 0 0 0 -4 2 0 -2 -4 0 -4 -4 2 8 4 0 -4 0 0 -4 0 4 0 -2 2 2 4 0 0 0 0 0 0 0 -4 0 -2 0 4 0 0 -6 2 -2 0 0 -4 0 0 2 2 0 6 4 2 0 0 4 0 0 4 0 0 4 0 -6 -4 -6 0 2 0 0 0 0 2 -4 -4 0 -2 0 0 -2 0 -4 0 -6 -4 0 0 2 0 0 0 8 4 0 0 -4 0 0 4 -4 2 -2 -2 0 1 2 0 4 -2 4 0 0 -4 2 6 -2 0 -2 0 0 2 4 0 -4 0 2 2 -2 1 2 0 2 4 0 -4 -4 0 0 2 1 2 1 0 0 -6 -4 -4 -6 4 0 0 8 0 0 0 2 0 0 -2 0 0 -2 0 0 0 2 0 0 -4 58 0 4 0 4 0 0 0 10 0 -2 2 0 0 0 -2 0 -2 2 -4 0 0 0 0 0 2 0 -2 2 -2 4 -2 0 4 0 -6 6 -2 6 -4 0 4 4 -1 4 -10 0 0 4 4 0 2 0 0 0 4 0 4 -4 -2 0 -2 -2 2 2 4 0 0 4 4 8 0 -4 2 -6 0 4 0 0 -4 4 0 0 0 6 0 4 0 0 0 2 4 -1 0 -4 -2 2 0 0 0 0 0 -4 0 0 -2 -2 -8 2 0 -2 3 0 -4 0 8 2 0 -2 0 0 0 4 2 4 -4 0 0 0 -4 0 0 4 0 4 0 0 0 0 0 0 0 4 -2 0 1 -2 0 0 2 -2 0 2 4 0 -2 10 0 4 0 4 0 2 0 0 -2 -2 0 0 -4 0 -2 2 0 -2 0 0 -2 4 0 -4 0 -4 0 1 0 0 -2 0 -4 -2 0 0 0 -1 4 0 0 -6 0 -4 0 0 0 0 0 0 0 -4 0 2 0 2 -4 0 0 1 0 0 0
0 -6 0 -4 2 0 0 4 4 0 -2 0 0 0 0 0 1 1 -2 0 0 4 0 0 2 -4 0 0 0 0 0 0 -4 0 -2 -2 0 2 0 0 0 0 0 2 -1 1 -1 3 0 0 0 0 4 0 0 0 0 0 0 0 0 0 -2 0 -4 0 4 0 0 0 0 -4 0 -2 0 -2 0 4 4 0 0 0 4 0 0 2 -2 1 0 0 0 0 5 -2 5 0 0 0 -4 0 2 4 0 0 0 -2 -2 0 0 -2 0 0 0 4 -2 -1 0 2 0 0 0 0 -2 0 0 0 0 0 0 0 0 0 0 0 -2 -2 -2 -1 0 2 0 -1 0 -2 0 -8 0 0 0 0 0 4 0 0 0 0 0 0 0 -2 -1 0 0 -4 2 0 -4 -6 2 0 0 0 0 -2 2 2 0 0 0 6 0 -2 0 -1 0 0 0 0 0 1 0 32 -2 0 0 4 0 -2 2 0 0 0 0 1 -4 0 2 0 4 0 -2 0 -4 -2 0 -4 -2 2 2 0 0 0 -4 0 -2 2 0 0 0 8 4 0 0 -4 -4 0 0 2 8 0 0 0 0 0 -4 1 0 0 0 0 1 -4 0 3 -2 -2 0 2 0 0 -4 2 -4 0 2 -4 0 0 0 1 0 -4 -4 0 6 -4 0 0 0 0 0 2 1 0 0 4 0 -2 0 0 4 0 2 0 2 4 0 0 0 0 0 2 0 1 -4 0 0 0 6 0 2 0 0 0 2 4 0 0 0 0 0 0 4 0 2 0 -2 4 -1 0 2 2 0 0 0 0 0 0 -4 0 0 0 -1 0 0 0 2 -2 0 -1 0 0 -4 0 4 -1 0 0 -4 -4 0 1 0 0 0 0 2 0 2 0 -4 -2 -2 1 2 0 0 0 0 0 -2 0 0 0 0 0 0 7 0 0 -2 -4 0 0 2 0 0 4 -2 0 0 0 0 4 2 0 0 0 4 0
0 4 0 2 0 0 0 0 2 0 -1 2 6 0 4 -2 -10 6 2 0 0 -1 0 -4 0 0 2 2 2 -2 0 0 0 4 -1 2 0 0 -1 0 0 0 2 2 0 4 -4 0 0 0 0 0 1 4 1 0 -2 4 4 -2 -1 0 2 2 5 5 -4 0 -1 -1 4 4 -1 5 4 8 0 -5 -2 0 -4 0 -2 0 2 2 2 0 0 -2 -2 0 0 0 2 -2 -1 4 0 -2 -1 0 0 4 0 2 0 8 4 1 0 -2 5 6 0 -2 4 -4 -2 -2 5 -1 2 -4 2 2 0 0 6 1 2 -4 2 -2 4 0 -1 0 -2 -2 4 4 4 -1 0 3 -2 10 0 0 -4 -2 0 1 0 0 -2 -6 0 2 6 2 2 0 -5 0 0 2 2 12 -4 -1 -2 0 0 -4 -2 6 -2 -4 0 2 0 2 2 4 -1 0 2 0 4 -2 70 0 0 5 2 2 -2 2 1 3 0 -2 0 0 -2 4 0 -2 0 2 7 -1 -2 -2 0 1 -1 -1 6 0 0 0 -1 2 2 2 -6 -4 7 4 1 4 -3 2 0 -4 -2 6 4 0 -4 -2 0 0 -4 0 2 0 -3 6 0 2 0 0 0 0 -4 2 5 -1 -1 -4 2 2 4 -2 4 2 0 0 0 4 1 3 6 4 5 0 -4 5 4 0 -2 -2 -1 4 4 2 -1 0 4 -2 0 0 -2 4 4 0 1 0 0 0 -7 1 2 -2 0 -1 4 0 4 0 0 -6 4 2 0 6 0 0 0 -2 0 0 5 4 0 0 0 -2 0 -3 2 4 4 -4 0 0 -2 6 6 2 0 -4 -4 1 2 2 4 1 6 1 0 1 2 -2 4 -4 4 2 0 4 8 3 0 -4 -2 0 0 0 -3 0 4 -4 0 4 0 0 -2 -5 0 4 1 0 -4 0 -2 2 -2 0 4 0 -2 -2 2 0 6 0 -4 0 2 3 5 2 3 -2 0 0
-2 -4 -2 2 0 1 0 -2 0 1 2 6 0 0 0 0 -1 0 0 0 0 2 0 0 0 -4 0 1 -2 2 0 0 2 0 0 0 0 -1 4 1 2 0 -2 -1 0 0 -1 2 0 2 2 0 0 2 0 0 0 3 0 0 0 3 0 -2 0 0 0 2 0 0 0 0 -2 8 8 0 2 0 -8 2 0 0 0 0 2 1 2 4 0 0 2 4 0 0 2 -4 4 2 0 0 0 0 0 2 0 0 -4 2 0 2 0 2 0 4 1 -2 -4 -2 0 0 -4 0 0 -4 0 0 -4 4 0 0 0 0 4 1 -2 -2 2 -2 -2 0 -2 4 2 0 4 0 0 0 -2 2 -4 0 0 0 -2 0 0 0 2 0 0 0 0 0 0 0 0 0 -1 -4 0 -4 -2 2 4 0 0 9 0 0 0 0 0 -1 -3 -1 4 0 0 2 0 0 0 36 -1 1 3 0 0 0 0 0 0 0 0 8 6 0 0 0 0 2 0 0 -4 0 2 2 0 -4 0 0 2 2 2 -1 -4 2 0 0 2 -6 0 4 0 -2 0 0 0 -1 -4 0 2 0 -4 0 0 0 2 0 1 0 2 0 0 2 2 0 2 6 2 0 0 -1 0 0 4 0 0 -2 0 0 0 -2 -2 0 0 -2 -4 1 0 0 4 0 1 0 0 1 -2 0 2 0 -1 -2 2 0 2 -1 0 0 -3 0 0 0 1 -2 0 0 2 -4 1 0 0 1 0 0 0 -4 -1 0 2 6 0 0 4 1 2 2 2 -2 0 1 0 -4 -4 0 -6 0 1 2 0 -4 0 4 0 -2 0 0 -2 0 0 -1 0 -2 -1 2 0 -2 0 -1 0 0 -2 4 0 2 0 0 0 0 1 -2 0 -1 -1 2 0 0 0 0 -1 0 0 3 6 0 0 0 -3 0 -2 0 0 0 0 0 0 2 -2 0 0 0 0 2 4 0 2 0 8 2
-2 4 0 0 -3 -4 -2 -2 0 -4 3 -1 0 1 -5 -1 0 0 -2 0 0 0 -4 0 0 0 -2 6 0 0 0 1 1 0 0 0 0 0 4 0 0 0 0 2 -3 3 4 -2 0 -4 0 0 -2 0 0 0 1 -2 2 -2 -4 0 4 -2 1 0 1 0 0 4 2 4 0 4 0 -4 0 0 2 0 0 0 -2 -2 -3 0 0 1 0 0 0 0 -1 -2 0 0 -4 0 0 0 -4 2 -2 0 0 0 0 0 0 0 3 0 -1 0 2 1 0 6 0 0 0 0 4 3 0 -4 4 2 0 0 0 0 0 2 -2 0 2 1 0 0 0 2 0 0 4 0 4 -2 0 2 0 0 0 3 -2 0 -1 0 2 2 0 -2 0 0 0 0 0 0 -1 0 2 0 0 -1 2 0 0 -2 2 -4 0 0 -2 2 0 -1 0 2 0 1 4 0 0 -1 34 -4 2 0 0 4 0 0 4 2 4 2 0 0 2 0 0 -1 0 2 0 0 0 0 0 4 0 4 -1 4 0 0 4 2 0 0 2 0 0 4 5 0 0 0 0 2 0 0 0 0 2 0 0 2 0 2 -4 0 2 0 0 -2 -4 0 2 0 0 2 1 1 0 2 4 0 0 0 0 2 0 2 0 0 0 0 0 -2 4 -2 0 0 -4 2 0 6 0 0 0 0 2 0 0 0 6 2 1 0 5 2 0 1 0 0 0 -4 1 0 0 -2 0 0 0 0 0 0 4 2 -2 -2 0 -2 6 0 2 -2 -3 0 0 2 0 0 0 -3 1 -4 0 0 0 8 -3 -2 0 0 -2 0 0 0 0 0 0 0 2 0 0 0 0 0 0 1 0 2 -1 0 -1 1 0 -1 0 -2 0 0 2 -4 1 3 0 5 0 0 2 0 4 0 0 4 -2 0 0 1 4 -4 -2 0 0 0 0 2 0 4 2 4 2 0 0 0 2 2
0 0 2 -1 4 0 0 -4 0 4 2 -4 -1 -2 4 1 0 1 0 -2 -8 8 4 0 0 -2 0 -4 -4 2 0 0 0 0 0 2 -4 -2 -2 0 4 0 2 -3 2 4 4 0 4 -4 -2 0 4 0 0 0 0 0 1 0 0 -1 -4 -4 2 0 -2 -2 0 0 -2 0 0 -3 2 5 0 4 1 8 0 -4 0 0 0 0 0 0 -2 -4 7 1 2 -2 0 -4 -2 0 1 0 0 0 -4 0 3 0 0 2 0 -1 3 2 0 6 1 0 6 0 2 0 -2 -2 -4 0 -1 -4 2 1 -1 -4 0 0 -2 0 -6 1 0 0 -4 0 4 2 0 -1 -2 0 0 -5 0 -4 0 0 0 0 0 2 0 0 0 0 2 0 -6 -5 -4 2 4 6 0 0 -2 0 0 -3 0 1 0 0 0 6 -2 0 0 0 -3 0 0 -6 0 0 0 4 5 1 -4 60 0 1 -1 0 0 0 0 0 0 0 -1 0 0 0 -3 0 0 -2 0 3 -3 0 0 -4 0 0 -4 -2 0 3 -4 -2 0 0 -3 0 1 0 1 2 0 0 8 0 0 5 -1 0 -1 1 -4 0 -1 0 1 0 -2 -1 -2 -2 6 0 -4 4 0 -1 -2 0 -1 -2 0 0 -2 1 0 2 -1 0 5 -3 4 -4 -2 -2 2 -2 0 0 3 4 6 -8 1 0 1 -1 0 -2 3 0 -2 4 4 4 -2 0 6 6 2 0 2 4 0 1 1 2 2 -1 -6 0 -3 2 -2 0 4 2 0 0 2 2 -4 -4 4 0 6 0 0 0 0 0 9 0 2 0 -1 0 0 2 2 -2 -2 -2 0 6 -4 0 0 -3 -8 5 -1 0 2 0 0 1 -3 -2 0 0 4 -2 1 0 4 -2 -1 0 0 5 1 0 0 4 -1 0 0 8 3 4 2 4 -1 0 0 2 0 2 0 0 0 4 0 0 -2 -2 0 2 -2 -2 2 0 0 0
-2 0 -9 3 2 0 0 -4 -2 0 4 0 0 0 0 2 -1 0 0 0 4 4 -2 0 -1 5 2 2 -2 0 4 -2 -2 -4 2 0 -1 0 0 1 0 0 2 -4 0 -3 0 -2 0 0 -4 0 0 0 0 4 0 0 1 -4 0 0 -1 8 0 0 4 0 -2 0 4 -4 0 0 -1 0 0 -1 -8 0 -4 -4 -2 0 2 0 0 4 0 0 0 0 5 2 -2 -4 -2 0 -4 0 -2 5 4 2 0 0 0 1 -6 0 0 -4 0 -4 -4 0 -6 -4 0 0 4 1 0 0 0 2 -2 0 0 2 -4 4 1 0 0 0 2 5 0 5 -4 0 1 0 0 0 0 4 -6 6 0 -2 0 1 -4 0 -2 -1 3 4 -3 2 0 4 0 4 -1 2 0 -1 0 -3 6 0 2 -2 4 0 2 0 0 -2 0 0 -3 2 4 2 1 -2 0 0 2 3 2 0 51 0 1 0 4 4 4 0 0 6 0 2 0 4 0 -2 4 4 -2 0 -2 0 -2 -5 0 0 0 -4 -4 2 0 4 0 0 2 4 0 3 2 0 0 0 0 4 -6 4 0 2 0 6 0 -2 0 0 2 0 0 2 0 0 0 0 2 0 -2 0 0 6 4 -2 0 0 -2 0 2 4 2 -2 -4 -6 0 0 -6 -2 -2 -2 0 6 0 0 -6 0 0 0 1 0 0 0 6 0 0 3 0 -2 -4 0 2 0 0 0 -6 0 0 0 0 -4 0 0 2 -2 4 4 -2 0 0 4 6 0 6 1 2 0 4 4 0 0 0 0 0 -4 -4 0 -2 -2 -2 0 6 0 0 -4 -2 0 0 0 0 -2 -6 0 2 2 8 -8 0 -2 -2 3 0 2 4 0 0 0 0 0 0 -2 0 0 -1 4 0 2 4 2 0 -2 0 0 0 -4 0 0 0 2 0 0 0 0 0 -2 0 0 3 0 -2 1 -4 -2 2 0 0 2 0 0
0 0 8 -1 0 0 0 5 4 2 0 -2 4 4 0 4 2 2 -7 0 0 4 0 0 0 0 1 -4 0 0 0 -2 0 -2 0 -4 -2 -4 0 -4 0 0 0 4 6 2 0 -1 0 0 0 -1 0 0 2 0 0 0 4 2 2 0 0 0 4 0 1 -4 0 0 0 1 0 0 6 0 0 0 0 -2 0 0 0 -1 0 1 -2 4 0 0 0 0 0 -2 2 0 -2 -2 8 0 0 -3 4 0 4 2 0 2 2 -6 0 0 0 -2 0 10 0 0 -6 0 0 0 0 -2 -4 0 4 0 4 0 0 -2 0 4 -6 1 4 0 4 -1 -2 -2 -4 2 0 0 0 1 0 0 1 2 0 0 0 2 -4 -3 0 0 4 0 0 0 2 0 4 6 0 2 0 0 4 2 4 0 -4 3 0 -4 0 0 0 -2 -4 -2 0 1 0 -2 0 -2 2 0 0 1 0 45 -3 0 0 0 0 6 0 -1 3 -2 5 0 4 0 4 0 0 -3 4 0 4 2 -2 0 4 0 0 0 0 0 4 0 -3 2 0 0 4 1 0 -2 -4 0 0 0 0 2 -1 0 2 0 -5 -2 -4 0 0 2 2 -6 0 0 0 0 2 3 -2 0 0 2 0 2 -4 4 0 4 -4 2 6 0 0 1 0 0 -2 0 3 -2 0 0 1 0 -6 2 0 -2 0 0 0 -3 -3 -2 2 2 0 0 -2 0 0 0 -2 -4 0 0 0 0 0 0 4 4 0 -2 0 0 0 -3 -1 2 -2 0 4 2 0 2 3 4 2 4 0 0 0 -6 -6 0 -1 0 0 0 4 -2 0 0 0 0 0 0 0 -6 0 -6 0 0 4 4 0 4 0 -6 0 0 4 0 0 2 0 -3 0 4 4 -1 0 4 2 0 2 -2 1 0 0 2 0 0 1 4 0 2 0 0 -6 -2 0 0 0 -2 0 0 4 4 -2 3 2 0 -4 -4
2 0 4 1 -8 4 0 0 -1 -3 -7 -2 -4 -2 0 -3 -2 -2 4 0 -2 -6 -6 0 0 2 2 0 4 -4 4 2 2 -4 0 1 4 2 -13 -4 0 4 0 2 1 0 4 0 0 2 0 -4 0 0 2 -1 -2 0 0 0 1 0 2 0 -8 -5 0 0 6 0 0 3 -3 -1 -2 0 0 -4 -1 -1 4 0 4 0 -6 0 4 0 -2 0 4 0 0 6 -1 -6 -6 0 -4 -1 4 2 -10 0 -4 -5 0 -7 -2 0 -2 0 -2 -2 0 1 -2 0 0 -6 -4 5 1 -1 4 0 1 0 0 0 2 2 4 4 3 9 4 0 -1 -5 2 -2 2 -3 1 -2 -4 -1 0 -4 0 4 0 4 0 0 1 0 0 0 -2 0 2 1 -3 -4 -6 -3 4 1 2 2 1 4 0 3 0 2 0 -2 2 0 0 2 1 6 2 0 0 0 10 2 -2 0 0 -1 1 -3 78 2 8 2 -2 -2 1 0 1 -4 1 1 0 2 1 0 -2 3 -2 -6 6 0 0 0 0 0 -2 -4 -2 0 2 0 4 0 0 -6 0 -2 0 -1 4 0 -2 1 0 2 0 2 0 -1 4 4 0 2 0 0 1 8 -3 -4 0 0 1 3 2 1 5 -4 2 0 2 2 0 -10 0 5 -5 0 0 0 0 -6 0 8 0 0 -2 -6 -2 -3 4 -2 1 4 4 6 2 2 2 2 -3 -2 -10 2 6 3 1 -4 1 0 0 -2 2 -1 2 3 6 -1 1 0 -4 2 -1 4 2 0 1 1 -2 0 1 10 0 -2 -4 0 0 0 0 2 0 0 -3 -7 0 -2 4 -2 0 -1 0 0 -4 2 1 -3 -4 0 2 2 -6 -5 -2 0 -4 -2 4 -6 2 1 7 0 -2 8 4 -1 1 0 4 -1 3 -1 -1 -4 0 2 0 -2 12 -6 2 0 -2 -1 8 0 0 0 1 2 4 2 6 4 4 0 4 2 -2 -2 -4 -2
0 4 1 -3 0 -4 1 0 2 0 2 2 2 0 -2 -1 0 2 -1 0 0 4 0 -2 0 0 -5 4 1 0 -2 0 -2 -10 4 -1 4 0 2 0 2 -4 0 0 -2 2 0 4 0 -2 2 -1 0 -1 1 0 2 0 0 -2 8 0 4 0 0 0 2 0 0 2 -3 0 0 1 2 0 -2 -3 2 -2 0 0 2 0 -2 0 0 0 0 0 2 0 -1 0 1 0 4 -2 4 -1 1 -3 0 3 6 0 4 -4 4 1 0 2 2 0 0 0 0 -6 0 0 -1 4 0 -2 0 -6 1 -1 0 0 0 -2 0 4 0 0 1 0 -5 6 0 -2 1 0 0 0 2 -4 0 0 0 0 0 -1 0 0 0 2 1 -4 0 -2 0 0 0 -6 -2 -1 2 2 1 0 0 4 0 -1 1 -1 -4 -1 5 -1 0 0 -2 0 -1 -4 0 0 0 0 2 0 4 0 0 0 2 51 4 0 2 0 0 -1 0 -2 -1 0 4 4 0 2 0 0 0 -2 6 0 -1 5 -2 4 4 -2 -4 0 -2 4 0 0 0 6 0 0 0 0 0 0 2 0 -2 1 1 0 0 0 -2 2 -2 0 -1 -1 0 2 2 4 0 0 5 0 0 -6 0 -2 -1 0 2 -2 0 1 1 3 0 -3 0 0 0 1 0 -4 2 3 0 2 0 2 -1 -1 0 1 4 4 -6 0 1 2 -1 0 0 -2 0 0 -2 6 6 -4 7 -2 0 0 -1 0 0 -2 0 0 0 0 2 0 0 -2 4 2 -2 4 0 0 0 3 6 -1 0 0 4 2 0 -4 1 2 0 -5 2 4 0 -1 0 0 -6 0 0 0 0 0 4 0 0 0 0 0 4 0 6 -1 0 0 2 10 -2 0 0 0 0 2 0 0 -2 16 0 4 0 0 4 4 6 -2 -4 0 -2 3 6 -2 2 0 2 0 10 0 0 0 0 4 0 1 -1 0 8 -1
-2 -2 0 0 2 2 0 0 -2 0 2 0 0 0 -4 0 0 5 0 0 0 0 0 -2 0 0 -3 -2 4 0 0 0 -4 -4 -4 0 2 0 -1 -4 0 8 1 0 0 -1 0 0 0 0 -2 -1 0 0 3 0 0 0 0 0 -5 0 2 0 0 0 2 0 0 0 0 0 -1 1 0 4 -2 2 0 4 -4 1 2 0 -4 5 0 -2 -5 0 0 -1 0 -2 0 0 -6 1 0 0 1 2 0 2 1 0 0 0 0 0 0 4 -1 4 0 0 0 0 4 0 2 0 0 0 -2 0 0 0 6 4 0 -2 0 -2 0 0 0 0 -2 -4 1 -4 0 0 2 0 0 0 0 -3 -2 0 0 0 0 0 2 0 0 4 -4 0 0 2 0 0 -8 0 4 -1 0 0 0 0 2 0 -1 0 1 -4 2 -2 0 0 0 2 2 4 0 0 -2 0 1 0 0 0 4 0 8 4 35 -1 0 0 -4 -1 2 0 3 4 2 0 -2 0 2 -6 0 -4 -2 0 -2 0 0 0 0 2 -6 2 0 4 0 0 0 -4 -2 -2 0 0 0 -2 4 0 0 0 0 0 -3 0 0 6 -2 0 0 -4 0 4 0 0 0 -2 -2 2 -1 -4 0 -2 2 0 -2 0 -2 -6 1 2 -2 0 0 0 -1 -4 0 0 0 2 0 -4 -4 -2 4 0 -2 0 0 0 0 0 0 1 -4 2 0 0 0 4 -1 1 0 0 4 0 0 -4 0 4 0 0 0 2 0 0 0 0 10 0 6 0 0 4 0 -2 -2 2 -2 2 0 4 0 0 0 -4 -3 -4 -4 0 6 -4 0 0 0 0 0 -2 0 0 0 0 0 0 0 0 0 4 0 0 6 0 0 2 0 0 2 4 -2 1 -2 0 0 0 0 0 -1 0 -4 0 0 0 4 -2 -1 0 -6 0 0 1 4 0 8 0 0 2 0 0 -4 0 0 0 -1 -2 4 0
0 -4 -4 0 0 1 2 4 2 -2 2 1 0 0 0 2 0 0 -4 4 -2 3 0 -2 -4 0 5 0 4 -4 0 -4 0 0 6 0 -2 0 0 0 1 -4 0 0 0 0 5 4 -2 -2 -4 0 0 -4 0 0 -4 0 0 -4 0 -3 0 -2 0 -4 2 0 4 0 0 -3 0 5 -4 0 0 -1 2 -2 2 1 4 -2 2 -2 -2 4 1 0 4 -2 -8 -2 3 0 2 4 0 0 -1 -4 -1 2 -2 -8 -1 0 0 2 -6 0 -3 -4 2 2 -2 0 1 0 2 0 4 0 2 0 0 0 4 4 0 2 -5 0 1 -2 0 0 -6 -3 0 -4 -3 -2 1 0 4 4 2 0 -1 -4 0 0 0 2 4 -3 2 0 0 0 0 0 -2 0 6 0 -1 1 -4 -2 0 0 0 2 4 0 0 -2 -2 0 0 4 -2 2 0 0 -3 0 2 0 3 0 0 0 4 0 2 0 -1 54 0 6 2 0 0 2 1 -2 -2 6 0 0 4 6 4 0 2 -1 0 0 0 -2 0 -2 0 2 3 -4 0 0 0 6 6 2 -4 -2 0 4 2 0 0 0 0 -4 0 2 0 -4 1 -2 -1 0 4 0 0 0 0 0 1 0 0 -1 4 2 0 7 4 0 0 0 5 0 0 0 0 0 -5 0 0 0 -2 0 2 0 4 0 0 0 0 1 0 -5 8 0 -4 0 -3 2 0 0 -4 8 3 6 -2 2 1 -2 0 -2 5 6 0 0 0 0 0 -4 0 1 6 0 -2 -2 4 -2 -2 -1 0 4 4 -2 0 -4 0 2 0 4 0 -1 3 3 -1 2 0 -4 2 -3 0 1 0 -1 2 1 -1 -4 8 0 9 0 2 1 4 -4 2 0 2 0 -4 4 4 0 0 0 0 -4 0 0 -4 0 -2 -1 1 -1 -2 2 4 0 9 -4 1 0 8 0 0 2 -4 0 0 2 -2 0 -1 0 0 -4 2 0
0 -2 0 0 2 0 0 1 0 -4 0 -2 1 0 0 0 4 0 4 0 4 4 2 0 0 0 4 0 0 0 -2 0 0 0 -4 0 4 -4 4 0 -2 0 2 0 0 0 0 0 0 0 -4 2 -2 0 0 -2 0 0 4 0 0 0 0 0 3 0 0 -4 0 0 0 0 0 0 0 -8 0 0 0 0 0 1 0 0 -4 0 0 0 6 0 0 0 -2 0 -2 0 0 -2 0 0 0 0 -4 0 0 -4 6 4 -2 0 0 4 4 0 0 0 0 0 0 0 2 0 4 2 0 0 0 2 4 0 2 0 6 4 0 6 0 1 -3 8 -4 4 0 0 -2 2 0 6 2 4 0 0 -4 0 0 0 0 4 2 0 -4 0 -4 0 0 0 0 -4 -1 0 -5 0 -4 -4 4 6 0 -7 5 0 2 0 0 0 0 0 -6 4 0 -2 0 0 0 0 4 0 4 0 -2 2 0 0 46 -3 -2 0 0 -2 0 -4 0 -4 4 0 0 0 0 0 0 0 0 -2 -2 2 0 0 4 0 0 0 0 0 0 0 3 0 0 0 2 2 4 1 0 4 -4 2 -2 0 4 -2 -2 -7 -2 0 0 0 0 -4 0 0 2 0 2 0 -4 -4 0 -4 6 0 4 2 0 4 0 0 0 0 0 -4 0 -4 -2 0 -4 -10 0 0 0 -4 4 -2 0 0 4 0 4 0 0 0 0 0 0 4 -8 6 -2 0 2 0 0 0 1 0 0 2 2 0 0 1 0 0 -1 -2 0 0 0 4 -4 4 0 0 0 0 -4 -2 4 4 -2 0 0 1 2 0 0 4 -4 -2 2 0 0 0 -6 0 0 0 6 0 0 0 0 -4 0 4 0 6 -2 0 0 -2 -4 4 0 0 2 0 0 6 0 2 0 0 4 -2 0 0 0 5 0 0 0 2 -2 0 0 0 4 2 0 4 -1 4 4 0 4 0 0 0 9 -2
0 1 -2 0 2 1 0 7 0 -2 2 2 5 0 0 2 1 -3 -3 3 -4 -3 2 -2 0 2 2 0 4 0 0 0 -6 0 2 -2 0 0 0 -4 -2 0 0 1 3 4 2 4 0 0 -2 -4 0 0 0 2 0 -2 6 0 6 0 0 0 1 -2 0 -4 0 -1 0 0 0 0 -8 0 0 0 1 -8 1 -4 5 1 0 0 0 0 0 0 0 0 0 -4 1 0 0 0 7 4 0 0 -1 0 0 -4 0 0 1 0 -4 5 0 -4 0 0 0 0 2 0 0 0 2 -1 0 -2 2 -5 6 0 2 0 0 2 2 0 3 1 -3 0 -1 0 0 0 0 1 6 -1 0 0 0 -4 0 0 0 -4 -6 3 2 4 0 -3 4 0 4 0 0 2 -1 -2 1 0 -2 1 2 2 0 0 0 0 0 -2 0 0 -4 -1 8 2 0 0 0 1 -2 0 2 0 0 6 -2 0 0 6 -3 33 0 1 2 0 7 1 0 2 0 0 -4 0 0 -4 -2 2 0 0 0 -6 0 0 0 -2 0 4 0 0 0 0 0 -2 0 0 -1 0 0 0 0 1 4 -1 1 0 -4 -4 -1 3 0 1 0 0 0 0 1 2 0 2 2 0 4 -3 4 4 0 1 0 6 2 2 0 0 0 0 -2 0 0 0 3 2 0 4 0 0 0 0 -2 -2 2 -6 0 0 0 0 2 0 2 2 0 0 0 0 2 0 0 0 0 0 -1 0 0 2 2 -2 0 1 4 -2 -1 -1 1 0 2 1 0 0 0 0 4 0 0 0 0 -2 0 1 0 0 -2 -2 0 3 0 -2 -2 2 2 0 0 0 -2 -1 0 0 8 0 0 2 1 0 0 2 2 1 0 -1 0 0 -2 1 0 0 -2 6 2 0 0 0 4 0 0 0 0 2 3 0 0 -2 -2 0 -2 0 0 -4 -5 0 0 0 -2 0 0 -1 1 0 1 2
0 0 0 0 2 0 2 0 4 2 0 0 4 0 -2 0 1 -2 -2 0 -4 -1 0 2 -1 0 2 4 0 0 2 2 2 -2 0 0 -6 0 4 -4 0 -1 0 8 0 6 0 -4 0 0 0 0 0 0 0 0 0 1 0 0 2 0 0 0 0 -1 -2 -2 0 0 0 0 4 4 4 0 2 0 0 0 0 -6 0 0 0 -1 0 0 0 0 -2 0 1 4 0 0 4 4 2 -4 -3 0 -2 -2 -2 0 5 -1 0 0 -8 -1 -2 0 0 -4 0 0 0 0 -4 0 4 0 8 -4 1 0 -4 0 0 4 -4 0 2 0 2 0 6 -1 -2 0 -2 0 4 2 0 -2 -1 0 0 0 -4 0 0 0 0 0 2 2 -2 0 0 1 3 0 0 -2 -4 -2 0 0 4 0 3 -2 0 0 -6 -1 0 0 -4 -4 0 -1 0 0 0 0 0 -4 0 0 4 0 0 0 1 0 -4 2 -2 0 46 -4 0 4 -2 2 -4 0 3 0 4 0 -2 1 6 0 0 5 0 -4 2 0 0 0 0 0 0 0 -2 0 2 0 0 0 2 0 -2 0 0 0 4 0 6 -4 4 -2 0 0 0 2 -2 0 0 -4 0 0 0 -1 4 2 0 6 0 0 0 -4 -5 0 0 -4 4 0 0 0 2 0 0 -1 0 -2 0 -1 4 -4 0 0 -2 0 0 -2 0 0 4 0 4 0 4 2 0 0 2 -2 0 0 0 0 0 0 0 0 -5 -4 0 4 -3 0 0 -1 2 -3 4 0 3 -2 2 4 0 0 0 0 0 -2 0 2 -4 -2 0 0 -1 2 0 0 -1 0 0 0 0 0 4 0 0 -2 0 2 0 0 0 0 -2 2 0 -2 0 -2 1 0 2 -2 0 0 -2 0 0 0 0 0 -2 0 0 1 0 0 0 0 0 0 4 0 -4 2 0 8 4 0 0 4 -2 4 0 6 -2 -4 -4 -4 0 -4
4 -4 3 2 -3 5 -1 1 0 0 0 6 0 1 3 -2 0 -1 0 -5 0 5 -5 0 0 0 2 2 0 5 0 2 3 0 0 0 0 0 0 0 0 0 4 6 0 0 6 -1 2 2 4 1 0 3 -1 2 1 0 -1 1 0 4 -4 2 1 -2 -2 1 -2 2 3 -3 4 -2 0 0 0 -2 0 2 2 0 0 -2 1 0 -5 0 0 -3 0 0 0 0 0 -2 2 0 1 0 2 -7 2 8 4 0 0 6 -4 -2 0 -1 -2 -4 -4 -1 -2 0 2 4 1 0 -1 4 -4 5 -2 -1 8 -6 0 4 -4 0 0 0 0 -2 0 2 0 -2 6 2 0 1 0 0 3 0 -1 -1 0 -2 0 6 -3 6 6 4 -1 4 4 0 -2 0 4 -2 -2 -4 0 0 0 -1 -2 1 0 4 4 1 3 -4 0 3 2 -4 0 -1 4 1 -2 0 0 8 2 0 6 -1 0 -1 -1 0 0 1 -4 57 0 0 -4 4 -2 -1 0 -2 -4 2 4 0 0 1 0 0 0 0 -2 -2 2 6 0 2 -1 0 0 2 -2 2 0 -2 1 -2 -2 0 0 0 0 0 0 2 2 0 -2 -3 0 -1 -5 0 4 0 3 6 -1 6 6 5 0 -2 2 -2 1 0 0 0 10 4 -2 -1 0 2 -4 2 2 -2 4 -1 -2 0 -1 0 -4 0 -2 0 0 -2 -2 -5 0 2 0 6 -2 1 0 0 2 2 0 -2 -1 -2 0 0 -2 -3 4 0 -1 1 0 2 0 0 0 3 4 2 -2 1 2 0 1 0 0 2 -1 0 4 0 0 0 0 -2 0 -1 -2 2 -2 -2 0 1 4 -1 0 4 1 0 0 0 0 0 0 2 -1 4 -3 0 0 0 -1 0 0 -6 0 -4 0 1 0 2 0 0 1 4 2 -4 0 -6 -4 2 -4 2 -1 0 0 6 0 -2 0 -2 0 -4 -3 0 0 2 2 0 5 4 8 0
0 -1 2 1 0 2 0 8 0 2 -2 -1 4 0 0 -4 2 0 -4 0 -2 4 -2 -1 2 0 0 0 0 0 0 4 0 -4 0 -4 0 4 0 0 -2 0 -2 1 -5 4 2 -5 0 2 0 4 0 4 -1 0 0 4 -2 0 0 3 3 -2 -4 -2 2 2 0 4 0 9 0 0 4 0 0 0 0 0 -4 0 -4 -2 1 2 -1 2 0 4 5 0 2 2 2 0 4 0 0 0 2 0 0 1 -4 4 0 -2 0 0 0 0 0 0 0 -1 1 -4 0 2 -2 0 0 -2 2 0 -3 4 -1 6 0 2 1 2 2 -7 4 0 0 0 -2 0 1 2 6 0 0 3 -4 4 -2 0 0 0 0 -5 4 1 0 0 -3 -1 0 0 4 0 0 -7 -2 6 8 -3 -1 -2 3 4 0 4 0 -4 -2 2 0 0 1 0 1 0 -1 8 0 2 -2 6 0 -1 0 3 1 0 2 0 0 2 0 0 62 0 9 2 0 -4 -3 -2 1 -5 0 -4 0 -4 0 3 0 -3 -2 -1 6 7 0 0 4 6 0 2 2 -2 1 0 2 -2 2 2 -2 0 -4 0 8 0 4 0 -3 2 0 3 -4 -4 0 -2 2 0 2 1 -4 -2 0 2 0 0 0 0 0 0 0 2 2 4 6 4 -2 2 -2 0 -2 4 2 0 0 2 0 0 2 2 -2 5 0 1 0 2 -3 -6 -3 4 0 0 0 0 0 2 4 -2 4 0 -2 -3 6 -4 -2 -4 1 0 2 0 2 -2 0 0 0 -2 4 -4 0 0 -2 2 -1 3 4 0 -4 4 0 0 1 0 0 0 4 0 0 2 4 4 0 -2 0 -2 -3 0 4 2 0 4 0 0 0 0 0 2 -1 2 1 0 5 2 5 4 2 0 0 2 0 2 0 2 0 0 -2 0 -1 -2 -2 0 0 4 0 2 4 4 6 -2 0 0 0 0 4 0 0 0 1 0
6 4 -5 -4 0 -8 2 8 -5 -2 4 0 4 0 0 0 0 0 0 0 -4 -2 0 0 -1 0 -2 0 -4 0 0 0 8 0 0 0 2 -4 -2 0 3 0 -4 8 0 0 0 0 0 4 1 2 4 -6 2 0 0 0 0 0 4 0 -4 0 0 0 6 0 0 -2 0 0 0 7 4 0 0 1 0 0 0 0 4 -4 10 1 0 0 -2 8 0 0 0 -2 4 0 10 0 2 0 4 0 0 0 1 0 -4 0 -2 0 0 -3 8 0 0 0 -1 0 0 0 -2 -2 0 0 0 -4 -2 0 0 0 0 1 -2 2 2 0 0 0 0 2 -2 4 2 0 4 0 0 -1 -4 0 -2 2 4 0 0 2 -10 -4 -2 0 -3 0 2 0 0 2 4 0 0 0 0 0 0 0 1 -4 0 0 0 0 0 0 0 0 3 4 6 0 -3 0 -2 0 4 0 0 0 2 -2 -4 -2 0 2 -2 0 4 0 0 52 0 6 -2 0 2 0 -2 0 -4 -4 0 0 4 -1 0 -2 0 0 2 4 0 -2 -4 0 0 2 0 2 0 0 0 6 -4 2 0 2 -1 -1 -4 2 4 4 0 0 1 0 -2 0 4 4 -1 0 2 0 -6 0 -4 0 4 0 0 0 -2 0 0 -4 0 0 0 0 0 4 6 0 2 0 4 -2 0 0 0 2 2 0 2 -2 2 -4 0 -6 4 -2 8 1 0 1 4 -4 0 2 2 -2 0 0 0 -9 -2 0 2 4 0 0 -5 2 0 0 0 0 2 4 0 6 0 0 0 1 0 -6 0 0 1 -2 0 0 4 0 -1 -10 -2 2 0 2 5 0 1 0 4 3 2 -2 0 0 2 0 0 0 1 0 -2 -2 2 0 3 0 -1 0 0 2 0 5 6 0 -2 0 -8 0 0 -2 -4 2 4 2 4 0 -2 4 0 3 -4 0 4 0 2 0 0 4 0 0 4 -5 -2 4
1 2 -4 0 0 0 0 9 3 -2 0 0 0 -2 0 1 -2 4 -4 4 1 -1 0 1 4 -4 -1 0 0 -2 0 -8 -4 0 2 -4 2 0 -1 0 -2 4 -4 -1 1 0 3 -3 0 0 -4 2 -6 -2 4 -2 0 0 -4 -1 4 4 -2 0 -1 -4 0 -3 0 2 0 -1 -2 0 1 4 4 0 1 -1 1 1 -8 2 0 0 0 0 -1 4 0 -6 2 -2 -3 0 -4 0 2 2 1 1 -1 0 0 0 2 6 0 -2 2 -1 10 0 2 0 2 0 0 -2 2 0 0 -4 0 -4 -1 0 -2 4 0 -2 -2 -2 1 0 4 2 2 0 0 -2 -4 2 0 4 0 0 1 2 1 6 4 -1 0 -2 0 2 10 2 4 4 0 2 12 -2 -2 -2 6 0 2 0 0 0 5 2 -1 4 -1 -1 -6 1 -2 -2 1 4 0 0 0 0 2 4 0 0 2 0 0 5 1 -1 3 1 0 7 -2 -4 9 0 60 0 5 2 -2 -5 -1 0 0 0 2 2 0 0 0 -4 0 0 1 0 0 2 1 0 2 -1 10 0 0 0 0 0 0 1 0 2 2 0 1 -3 0 3 -3 0 0 4 3 0 0 0 2 -1 1 -4 3 0 4 1 0 2 0 1 0 -4 -4 2 -2 -4 0 0 -4 1 -2 -4 6 0 6 0 1 8 0 0 -7 0 0 5 8 1 -3 0 -2 -2 2 4 0 0 4 4 1 0 0 0 0 0 -1 1 2 0 0 -2 2 0 -2 0 3 0 -2 -1 2 0 4 2 -2 0 -2 1 0 -2 0 0 0 -2 -1 0 0 0 0 2 2 4 0 2 -1 -1 0 4 0 -2 -4 0 0 8 0 12 3 0 2 0 0 0 0 -2 0 0 0 2 0 -1 0 0 4 -2 0 2 0 0 0 2 -2 0 1 -4 -1 -4 0 -2 -2 -2 0 0 -2 -2 -1 -2 0 0 4 0 -2 4 4 0
4 1 0 4 4 4 -6 0 -4 0 -2 0 0 -1 0 3 4 0 0 0 8 0 0 2 -3 0 2 4 0 -2 0 4 12 -2 0 0 -4 0 0 0 0 4 -2 -1 -1 2 0 -2 0 0 0 0 1 -4 0 0 0 4 0 1 0 -1 0 4 4 2 4 0 0 4 0 -4 2 5 0 0 0 0 0 -4 0 0 0 0 4 6 4 0 -4 6 0 4 0 -2 4 0 0 2 0 0 0 0 0 -4 0 -6 2 0 -8 0 0 -2 0 2 -5 0 -2 4 2 0 -4 -4 4 1 0 2 3 0 0 4 4 0 -6 0 4 0 0 0 4 2 4 0 0 0 0 1 0 0 0 0 2 2 0 0 0 0 -4 0 4 0 0 0 0 2 -2 2 6 0 -6 -2 0 0 -2 0 2 0 -4 0 0 0 -2 -4 0 0 -1 0 0 0 0 0 -4 0 -2 0 0 0 4 0 1 0 4 -2 -4 1 2 4 2 6 0 48 0 4 -2 0 4 -3 0 2 8 0 1 4 0 -2 -2 0 0 4 0 0 0 0 -4 -2 0 4 -1 4 0 4 -2 0 -4 -4 0 0 0 -2 0 0 0 -2 0 0 -2 0 0 0 0 0 -2 1 -4 -4 4 -1 -4 3 0 -2 -4 -1 0 0 0 0 0 0 -4 0 -2 0 4 0 2 0 0 -2 0 2 0 0 -1 0 -2 0 0 -4 0 4 0 0 0 -5 0 0 0 0 0 0 2 0 0 -6 0 0 0 0 0 -2 -2 0 0 0 1 0 -2 2 0 0 0 0 0 0 -2 4 -4 0 4 0 2 0 4 0 0 2 -6 0 0 0 2 0 4 2 0 0 4 0 0 0 0 0 0 0 0 0 0 4 -4 0 0 0 -2 0 0 0 0 0 4 0 0 4 -4 0 0 -8 0 0 0 6 0 0 0 2 0 0 0 -2 0 4 -4 0 -4 1 0 0 0 0 0 -2
0 0 2 6 0 -2 0 2 0 0 -4 -4 -1 0 -2 2 -2 -1 0 0 -1 2 0 4 0 0 -2 0 0 0 4 4 0 0 -1 -2 0 0 0 0 4 3 0 0 2 0 6 0 4 0 0 -2 0 -2 0 0 0 0 2 0 -8 4 0 0 0 0 -1 0 0 2 6 -2 -2 0 0 4 0 -2 1 -1 4 2 -2 4 0 0 0 -1 -2 0 2 -4 -1 -6 6 0 2 4 0 0 2 -2 0 0 4 0 0 -4 0 0 6 -2 8 -2 2 0 0 4 0 2 6 4 4 0 0 -4 4 0 -3 0 1 -4 -2 0 0 0 -2 0 4 4 5 2 -4 4 0 4 0 0 0 0 -4 -4 -4 3 0 0 0 4 0 0 0 0 -2 3 0 0 0 0 0 0 -4 0 0 -1 6 0 1 4 2 0 0 -2 0 0 0 6 8 0 0 -2 0 -2 0 0 0 -3 0 4 0 4 2 -2 0 0 -4 -2 0 -2 5 0 58 0 0 1 0 0 5 0 -4 2 -2 2 6 4 0 1 0 4 0 0 0 2 -1 -1 -2 -2 0 0 -2 -2 0 -1 1 0 1 2 -4 2 0 0 0 0 0 0 0 1 -2 -3 -2 0 0 0 -1 0 0 -4 -4 6 0 -1 2 0 -4 0 -2 0 2 4 -4 -2 -1 0 0 2 0 0 -4 6 0 3 0 0 0 0 0 0 2 0 -8 -2 -2 -4 -4 -2 0 2 0 -4 0 -4 6 0 2 -6 0 0 -2 -1 -2 -2 0 -2 -2 0 0 0 2 0 0 7 0 2 0 2 0 -2 4 0 0 4 0 0 0 -2 4 2 0 0 0 0 0 -2 4 2 13 4 -1 0 0 0 2 0 2 -4 4 -4 2 0 -1 0 4 2 4 0 4 8 0 -2 4 2 4 0 1 -4 -2 4 0 -6 2 0 0 0 0 -2 0 2 -4 -2 0 -4 -4 0 8 4 0 0 4 0 -2 -6
0 0 2 0 0 0 -8 3 -2 0 0 0 4 -1 -1 -2 -2 0 0 0 0 0 0 2 0 0 6 4 6 -4 -2 -8 -2 -2 3 0 2 0 0 0 4 4 -6 -1 4 0 -4 0 0 4 -4 0 6 0 1 0 -1 -2 0 -2 4 0 -1 0 4 0 0 0 0 0 0 4 0 0 -1 0 0 2 -2 2 7 0 2 0 -5 0 2 0 0 0 0 2 6 -6 0 0 2 2 4 -2 2 -2 -2 0 8 -3 0 -2 2 -1 0 -2 0 0 0 0 0 4 0 0 0 0 2 0 2 0 -2 0 2 0 4 0 -4 -4 2 -4 0 -1 4 -2 4 -4 0 0 4 2 -4 -6 0 -6 2 4 0 4 1 0 0 3 7 0 1 0 0 0 0 0 4 0 0 3 0 0 0 3 0 -2 -6 1 -4 -4 0 2 0 3 0 0 2 -4 8 0 0 0 2 2 -1 0 -2 0 2 4 0 6 -4 2 0 -1 -4 0 2 4 0 58 1 0 4 0 0 4 0 4 0 4 0 -3 0 -6 -4 -1 0 0 0 -2 4 6 0 0 0 0 -2 2 8 0 0 0 0 -4 -2 0 -1 -4 0 0 0 0 0 -2 0 0 2 5 0 -2 -2 -3 0 0 -8 4 -4 -1 0 0 0 0 0 0 2 -1 -6 -4 4 4 4 -2 -5 3 0 0 0 4 2 -4 -4 2 2 0 2 0 2 0 -1 0 0 0 0 -2 8 0 0 0 0 -2 4 -4 0 1 1 -2 0 -2 0 2 4 2 0 0 2 0 0 0 1 2 -2 -2 2 0 -2 2 2 0 0 -8 -2 0 0 1 -4 0 -4 1 0 0 2 2 0 0 0 0 0 0 7 3 6 2 0 -1 4 0 -2 -4 0 3 0 0 1 -4 0 -2 2 -1 0 4 2 -4 4 2 0 2 2 0 0 -4 0 -2 0 0 -4 0 -1 0 0 1 -2 3 -4 -2 0 -4 2 0
0 0 0 0 4 -1 2 0 4 0 0 -2 2 0 0 1 -2 -2 -2 0 0 0 -2 0 -6 2 4 0 -6 0 0 2 0 -2 1 1 0 0 0 0 0 -2 0 1 0 -4 -2 0 0 -4 1 0 0 0 0 0 0 0 4 4 1 0 -1 0 5 0 2 -4 0 0 0 3 0 2 0 2 0 -4 -4 0 -2 0 0 4 -2 0 0 4 2 0 -2 0 0 0 -6 0 0 0 0 0 0 0 4 -4 0 0 4 0 2 0 0 -2 0 1 0 4 0 0 0 0 1 0 1 -4 0 0 1 2 0 0 0 0 0 0 0 0 4 -4 2 2 -4 0 0 -4 4 3 0 0 0 0 0 -2 0 0 0 2 -2 5 0 0 -6 0 0 0 0 0 4 6 0 8 0 0 1 0 4 0 -4 0 -2 -5 4 0 0 0 -2 -3 0 0 1 0 0 -4 7 0 0 0 4 4 1 0 -2 0 4 0 3 0 -3 2 -2 -2 0 1 42 0 2 2 0 4 0 0 0 -4 2 1 -4 0 4 -2 0 4 0 0 -4 0 4 0 -2 0 -2 0 2 -4 0 4 0 2 0 0 1 -2 -4 0 0 6 0 0 1 0 0 0 -4 -4 8 0 4 0 0 4 4 4 0 0 0 0 5 0 0 0 2 0 0 -1 0 -6 -4 -1 0 -2 0 -2 -5 -4 0 0 4 0 0 -2 0 2 0 0 -6 0 -4 0 2 0 0 0 1 0 0 0 -1 -8 5 0 -2 1 0 -2 -4 4 0 0 -1 0 -2 10 4 -2 -2 2 1 -2 0 0 -2 4 0 0 4 0 0 -4 0 0 0 0 0 -2 -4 -1 0 -4 4 2 -2 0 0 1 0 0 2 3 2 -2 1 0 4 0 -4 0 0 0 0 1 1 -1 0 -6 0 0 0 2 0 -2 0 4 4 2 0 -2 0 0 2 0 3 -2 0 0 0 -8 -4 2 0 0 0 4
-2 0 -4 0 -1 0 0 0 0 1 1 0 0 4 4 0 0 -2 0 -2 -3 0 -4 -1 -4 -4 -2 0 2 2 0 0 0 -4 0 -2 -4 0 -2 0 8 3 0 0 2 0 4 2 -4 0 2 0 -1 0 0 0 -2 -4 -4 0 0 4 1 0 0 0 2 0 0 0 4 2 -2 1 4 4 -4 -1 0 1 0 0 0 -2 0 0 0 0 0 0 2 2 -9 -2 4 -3 2 0 0 4 0 4 0 0 0 0 0 0 0 -2 4 0 0 0 2 -1 0 0 0 2 0 4 0 4 0 0 2 0 -2 -2 0 4 -2 0 0 1 0 0 -2 0 0 2 0 0 4 0 -2 0 0 0 0 0 0 -4 -4 -4 0 0 -4 -2 0 0 0 0 0 -2 -4 5 -1 0 0 0 0 0 4 0 1 0 -4 0 -4 -1 0 -2 0 0 -4 0 0 4 0 -2 -1 0 2 -2 4 0 0 2 0 0 0 0 0 -2 -2 0 -5 0 1 0 0 33 4 0 -2 0 0 0 0 0 2 0 0 0 0 0 2 0 -2 0 0 1 6 0 0 4 0 0 0 0 -4 4 2 0 0 0 -2 4 0 4 0 -5 0 -8 0 0 0 0 2 4 3 -2 0 0 0 0 -2 0 0 4 0 0 0 -1 0 0 0 0 -4 0 0 0 0 0 0 0 0 0 0 0 0 0 1 1 0 0 0 0 -1 0 0 0 0 0 0 0 0 0 0 0 0 0 0 -2 0 4 0 4 0 4 -2 0 0 -2 4 -4 -1 2 0 4 0 0 0 -4 -2 0 2 0 -4 0 0 0 0 0 0 0 0 0 0 0 2 0 -2 0 0 6 2 0 0 0 0 0 0 0 1 0 0 0 0 0 1 0 -2 -2 0 0 0 4 0 -2 0 2 2 0 0 0 0 2 1 0 -2 -4 0 -1 0 0 1 0 0 4 0 0 -2 2 0 0 2 0
2 0 0 -4 0 0 -8 4 0 0 0 0 2 0 -2 5 -2 5 0 -4 -5 0 0 2 0 -2 -1 0 -4 -2 -2 0 -2 -2 0 0 -6 0 0 -2 6 0 4 0 0 -8 -2 -2 0 0 0 0 -2 0 -8 2 4 4 2 4 -2 0 2 2 4 0 0 0 0 -1 0 6 4 1 4 0 -4 0 2 2 -4 4 0 0 0 -2 0 -1 0 0 0 0 -6 -6 0 0 -2 4 0 4 4 -6 0 0 0 -4 -5 2 0 0 2 0 0 5 0 2 4 4 -4 -4 2 4 4 0 3 -4 4 0 0 -2 0 -2 -2 0 0 -2 0 1 -2 0 -2 2 4 -8 0 -1 0 0 0 -2 0 2 -3 0 2 -6 5 0 -4 0 -2 -2 -6 0 2 0 -2 4 2 0 0 4 -1 0 -3 -2 -2 0 0 0 0 0 -1 0 -1 8 -4 0 0 0 0 0 -2 -4 0 0 -2 0 -2 0 2 4 0 -4 4 -4 1 -2 -1 4 0 4 2 4 63 0 0 -2 4 -4 0 8 2 0 0 0 0 0 0 1 0 0 -2 0 4 2 0 0 0 4 0 -2 -3 0 0 0 0 2 -2 1 -5 6 -2 -2 0 0 0 -4 2 0 0 1 0 2 0 -2 0 3 -4 4 2 1 0 -12 1 0 2 2 1 -2 0 -2 -2 -4 -6 -2 4 0 4 0 3 -4 0 -1 -2 -1 2 0 0 0 2 0 8 0 0 -4 -1 4 0 -2 0 0 0 -4 -4 0 0 0 0 -2 -2 0 6 0 -4 -2 0 -6 0 0 0 0 -1 0 4 0 0 2 0 -2 -2 -1 0 0 -12 0 0 3 0 0 0 0 4 -1 0 -2 -4 -6 -4 -6 0 -2 -2 -2 4 0 -4 0 0 0 2 6 0 0 2 -4 1 0 0 0 0 0 0 -2 -4 0 2 2 3 4 2 -2 -4 -2 3 4 6 8 4 0 2 0 -2 0 -4 2 2 4 4 0
0 -4 -5 -5 -4 -8 6 0 -3 -4 0 0 -2 0 4 -8 2 -2 -8 -1 0 0 4 0 1 2 0 4 0 -2 0 0 0 0 0 1 0 4 0 2 0 0 0 -3 0 0 4 0 0 0 4 -2 1 0 0 0 0 0 -2 -1 -7 -5 -1 0 4 4 -4 0 1 -2 0 -4 2 6 -2 -2 0 0 0 4 0 0 4 0 0 2 0 0 0 0 6 -4 0 -2 0 -4 3 0 2 0 0 -8 0 1 0 2 0 -2 -2 4 0 2 0 0 0 -4 0 0 0 0 -4 -4 4 -1 4 2 1 0 -2 -4 0 2 0 4 3 3 8 0 0 0 4 4 3 2 -4 0 0 -1 2 -2 0 -2 0 0 2 2 2 4 0 0 -2 -2 0 0 8 0 8 0 0 -2 0 0 2 10 2 -4 0 4 -2 2 -2 0 0 0 2 -4 0 -6 0 2 2 -4 -2 0 0 3 0 -3 3 0 -6 6 0 0 0 2 -5 0 0 -3 0 0 2 0 0 70 0 0 0 -5 0 -4 0 2 0 2 8 -2 -1 0 -6 0 0 8 0 4 -7 -2 -4 0 0 4 0 0 -5 0 1 0 2 -1 0 -4 -2 0 2 0 4 0 0 -2 2 2 2 4 0 0 0 4 8 0 0 -3 0 0 0 0 0 -6 0 0 -2 4 0 4 0 0 0 -2 -2 0 0 2 -2 0 -2 -6 0 6 -2 4 0 2 0 0 0 0 -4 0 -10 3 2 2 -2 -3 2 -5 0 5 0 -6 0 -4 0 -2 -6 0 -2 -2 1 4 0 0 2 -2 0 -2 0 -4 0 4 1 -2 -4 0 0 0 0 0 -6 -1 -2 6 0 0 -4 0 -2 0 4 4 8 0 4 0 4 0 0 0 2 0 -2 0 0 0 0 4 -4 0 0 0 4 0 -2 -2 2 -2 0 4 0 0 0 0 0 0 0 0 0 0 -2 -4 0 0 4 0 4 0 4 4 4 4
0 0 4 4 -4 2 0 -6 4 0 0 0 0 2 2 2 0 0 0 2 4 6 0 -4 0 -2 0 0 0 0 0 0 0 0 -1 0 -4 0 4 0 0 -4 0 0 -2 0 0 4 0 -2 0 0 0 0 2 -2 0 -4 -2 0 -2 2 2 0 0 0 0 0 0 0 0 0 -4 4 0 0 0 -2 0 0 0 0 -4 2 0 0 -4 0 0 0 0 -2 -1 0 0 0 4 4 0 0 0 -4 0 0 0 0 0 0 3 -5 2 0 0 -2 1 0 -4 0 0 0 0 -4 0 0 0 0 4 0 0 0 0 0 0 0 -9 1 0 0 0 0 4 0 0 0 0 2 0 0 0 0 0 0 -2 0 0 0 7 2 0 0 2 2 -1 2 0 0 4 0 0 0 0 0 0 0 0 0 0 4 -2 0 -2 0 0 0 0 -6 0 0 0 0 0 -2 0 2 0 -3 -2 4 -2 0 0 4 0 0 -2 4 0 -4 0 0 5 0 0 -2 0 0 38 0 0 0 0 -2 7 0 0 -2 0 0 0 0 0 0 0 4 0 0 0 0 2 4 0 0 2 0 6 -1 0 0 0 -8 0 0 4 0 1 6 0 -3 0 0 4 1 4 0 0 0 0 2 0 -2 0 2 -2 0 6 0 2 1 -5 4 0 0 -2 0 0 0 6 4 0 0 -2 4 0 0 -4 2 0 -2 0 0 0 0 0 0 2 0 0 -4 0 0 0 0 0 -4 0 2 0 0 0 0 0 0 8 0 0 -3 0 -4 0 0 0 -4 0 0 0 0 -1 -1 0 2 4 -1 4 0 0 0 0 2 1 0 0 0 3 6 0 0 0 -2 0 0 0 -4 0 0 -2 0 2 5 -2 0 2 5 6 -2 2 2 0 0 0 0 4 0 4 0 4 2 0 -2 0 5 0 0 1 0 0 -1 0 -2 0 0 -2 2 0 -2 2 1 2 3 -2 -4
-4 0 -4 0 0 2 -2 0 -1 0 4 0 0 1 0 0 2 0 0 0 4 2 3 2 0 -2 -1 0 0 0 0 2 -4 0 1 0 0 0 2 6 0 -2 0 4 2 2 0 4 0 0 0 0 0 0 0 0 0 0 -2 2 4 0 0 4 4 0 -2 4 -1 0 -2 -2 0 0 -8 -2 0 0 0 0 2 0 -2 0 6 0 0 4 0 0 2 0 0 -6 2 3 4 0 0 -4 -2 0 2 0 4 0 0 0 0 0 0 0 0 0 0 2 -4 8 0 2 2 0 0 1 0 0 0 8 0 2 -2 -4 -2 0 -8 -2 -2 -1 0 -4 2 0 0 0 -2 0 1 2 -4 0 0 0 0 0 0 0 -3 8 0 4 0 -4 0 1 -1 0 -4 8 0 2 2 -5 0 -2 0 -3 4 0 -2 0 0 -2 1 0 0 -4 0 0 0 -2 -2 2 1 2 0 0 0 0 -6 -2 -4 0 0 -4 1 0 -4 -4 0 2 0 4 4 0 -2 0 0 46 6 0 0 -2 -2 -2 0 4 0 0 -2 3 4 -4 0 4 5 0 -2 2 0 -4 0 0 0 -2 0 0 -4 -3 4 -2 0 0 0 4 0 -4 -4 2 8 0 -8 -2 6 0 0 2 -6 0 2 0 0 6 -2 -4 4 0 0 0 -1 0 -1 -2 -2 0 -4 4 0 -1 -4 0 0 0 2 6 0 0 3 2 0 4 0 4 -4 2 -4 0 0 0 0 0 0 0 2 0 2 -4 -4 0 0 -2 0 0 0 2 2 1 0 0 -4 -2 8 6 0 0 0 0 -3 -4 2 0 4 -1 4 4 0 0 2 0 0 -2 0 -2 0 0 0 -2 0 -2 0 -4 -2 0 2 2 2 0 0 0 0 2 -4 -4 4 0 2 0 0 -4 0 0 0 0 4 -4 0 2 -8 8 -4 0 0 0 2 0 0 0 -8 0 0 0 0 0 0 -4 -2 0 0 0 0 6
0 0 4 4 3 0 0 8 2 0 0 2 2 0 0 0 8 6 -4 -4 4 -1 2 0 -8 -2 3 0 0 -4 0 1 4 -4 1 -8 -4 0 0 0 1 -6 0 0 0 -2 0 2 0 -4 -2 4 0 0 0 0 2 0 0 -2 9 0 0 2 -2 0 -1 0 2 1 0 0 -2 4 4 1 -2 0 0 -2 0 -2 0 0 2 2 -1 0 1 2 -2 0 -1 4 6 0 0 -1 0 0 -2 -2 0 0 0 0 -4 0 0 2 -4 2 6 0 0 0 0 0 0 -2 -3 2 3 0 0 0 0 0 0 0 -3 2 0 4 4 -1 3 0 -4 -2 4 0 0 2 0 0 0 0 2 0 0 4 4 0 -2 0 0 0 0 0 2 0 -4 2 0 0 0 2 -2 0 0 -2 0 -2 4 0 0 0 -3 2 0 0 0 0 0 3 -4 -4 0 2 2 2 -1 0 0 0 -2 4 6 6 -2 2 0 -2 6 0 0 0 2 8 -4 0 0 0 4 0 0 6 50 0 0 0 -5 -4 4 0 0 0 0 2 0 2 0 -1 0 2 0 2 0 2 0 -2 -4 -5 0 0 2 -4 0 0 -2 3 4 2 0 3 0 0 2 2 0 4 0 0 -2 0 0 2 5 0 0 0 0 2 0 0 2 0 0 0 2 -2 2 2 0 0 1 0 -9 0 0 0 4 2 0 0 -1 0 0 2 0 0 0 0 0 0 0 -1 -2 0 2 4 0 0 4 0 0 0 0 -4 -4 -2 0 0 0 -2 2 0 0 4 3 2 -1 0 0 -4 0 0 0 0 0 0 0 2 0 0 1 0 0 0 0 0 0 0 0 -2 -1 2 -4 0 0 4 0 0 0 0 0 0 -2 1 0 0 -4 2 0 4 0 -2 0 0 0 2 -4 0 -2 0 5 0 -2 -1 0 -4 4 -6 0 0 0 8 -4 4 -1 0 0 0 0 4 -1 0 0 0
0 0 4 0 0 0 -2 0 2 0 2 0 2 0 -4 0 2 -2 0 0 2 0 -2 2 -1 -4 2 0 1 -3 4 6 0 2 0 0 0 0 0 -2 0 0 2 0 0 3 2 0 0 2 0 2 -2 0 -3 0 0 -7 1 0 1 0 4 -1 2 0 0 -2 0 4 0 0 3 0 -5 0 0 0 0 0 0 0 4 0 -5 -4 0 -2 0 0 0 0 6 -4 -2 4 0 1 6 0 2 0 -4 0 2 0 0 0 0 0 4 0 -1 -9 0 -2 2 4 0 0 7 0 0 -1 4 0 0 -4 2 0 4 0 0 2 0 0 0 2 0 0 4 -2 -1 6 1 -3 0 2 1 1 1 0 0 0 0 4 3 1 4 -4 -1 2 0 0 2 0 0 2 0 -1 2 3 4 0 4 0 -1 1 -1 -2 -1 0 2 -2 -2 0 0 -2 1 -4 -2 0 -1 -4 4 -4 -5 2 0 0 0 -1 0 2 0 1 -4 0 2 0 2 4 0 0 -4 -5 0 0 0 42 0 0 0 3 0 -4 0 0 0 4 2 0 0 -2 2 -4 -2 0 2 0 -1 0 0 0 1 0 1 -2 -6 7 -1 -1 3 4 0 -2 -4 2 -3 0 1 0 0 0 0 2 0 2 0 3 -1 2 0 0 4 -1 -4 0 0 -4 2 0 2 3 0 0 4 4 0 0 0 0 0 -1 0 0 1 -2 1 0 0 1 -2 0 1 5 4 2 0 -5 0 -2 0 -8 0 3 0 -2 0 2 -2 -4 0 0 0 -1 0 2 0 2 -3 0 -2 0 0 0 4 0 0 0 3 4 -2 0 2 0 0 -2 0 0 2 0 0 2 -4 4 0 2 0 0 4 0 0 0 0 0 4 2 -6 0 2 -2 2 0 0 0 0 -6 0 0 0 0 6 0 2 0 2 0 1 -4 2 0 0 0 0 -2 0 0 0 2 0 -2 0 2 -2 0 0 -2 -4 2
0 5 4 0 0 0 0 0 0 0 -2 0 0 -1 2 2 4 0 0 -1 0 0 0 -1 0 0 0 0 -2 -2 0 0 2 0 2 0 0 0 -2 0 0 0 2 0 -1 -4 0 0 0 0 0 0 0 0 0 0 0 0 0 0 -2 1 0 -1 1 0 4 0 -2 -4 0 0 4 -2 0 0 0 0 -4 -2 0 0 -2 2 0 -4 4 0 4 0 0 0 0 0 0 0 5 2 0 1 -2 0 0 0 0 0 0 0 0 0 -4 0 2 -2 -1 0 0 0 0 0 0 0 2 1 0 0 0 4 2 -2 -4 0 0 0 0 0 4 0 -4 2 0 -4 -2 0 -1 1 0 0 2 0 2 4 4 -1 -4 1 -4 0 0 0 0 0 0 0 0 0 0 1 0 0 0 0 0 2 -1 0 0 2 0 0 0 4 0 0 0 0 -2 -2 0 0 4 0 6 0 0 0 0 -2 0 -1 -2 0 0 0 0 0 0 4 0 1 -2 0 0 0 0 0 0 0 0 0 32 0 4 0 0 -2 0 0 0 -2 0 -3 2 2 0 0 0 0 0 2 -4 0 0 -1 -2 0 0 -4 0 0 1 0 -2 0 0 0 0 -2 0 3 -2 0 0 2 -2 0 0 0 0 0 0 0 -4 0 0 0 0 -2 0 1 0 0 -2 -1 -4 -2 0 0 0 0 2 2 -5 0 0 6 0 0 4 -4 0 0 0 -2 0 0 4 0 0 0 0 0 6 0 0 -4 4 2 0 0 -1 4 0 -4 -2 0 0 0 1 -4 -3 0 -2 2 0 0 0 4 0 0 0 0 6 8 -2 2 0 0 4 0 2 4 4 0 -4 4 0 0 4 0 0 0 4 0 -1 4 0 -2 -4 0 0 0 0 -8 1 0 0 0 0 0 0 2 0 0 0 0 0 0 0 4 0 0 0 1 0 4 -2 -2 4 0 0 0 0 -1 0 0 -4 0 0 0
0 4 1 2 0 -8 -4 0 0 2 0 -2 0 0 0 0 0 -2 -1 0 0 -1 2 2 0 0 0 0 0 -2 4 -2 -4 -2 0 0 0 6 0 0 0 4 2 0 -4 0 0 0 0 0 0 0 0 0 0 0 0 1 -1 0 -2 0 -4 -4 4 0 2 0 0 6 1 1 -2 -1 2 2 0 0 0 -4 0 0 4 -6 2 -2 -2 0 -2 0 1 0 0 -2 0 0 0 0 0 0 4 0 0 0 1 -2 0 0 -1 0 0 0 0 4 -4 -4 2 2 0 2 4 0 0 0 0 -4 0 0 2 -2 0 -2 0 2 2 0 -5 4 2 4 0 0 0 0 -2 0 2 -1 1 0 -2 0 0 0 0 -1 0 2 0 0 -2 0 0 0 0 0 2 0 0 0 -3 1 0 0 -1 0 -5 0 0 4 0 0 0 0 0 0 2 2 0 0 -2 0 0 0 4 0 0 0 0 5 0 0 -2 0 5 0 3 -1 0 4 2 4 -4 0 8 -4 -2 -2 0 0 0 33 0 0 0 0 -2 0 0 0 0 0 0 0 0 0 0 0 0 0 0 1 -4 -1 0 0 4 0 -2 0 2 0 0 0 0 0 2 0 2 -2 0 0 0 0 0 -2 0 0 0 -4 -2 0 1 0 0 0 -4 0 -2 -4 1 -4 5 0 0 1 0 0 0 0 0 4 2 0 -2 0 0 2 -2 0 0 -1 0 0 0 0 0 -4 4 0 0 0 0 4 -2 -4 -4 0 0 -3 2 0 0 1 4 0 1 0 2 0 0 0 0 2 0 0 0 2 0 0 -2 4 -1 -4 0 0 -2 0 4 2 0 0 8 0 0 0 -6 4 0 0 0 0 0 0 1 -2 0 0 0 4 0 -2 -2 0 0 -4 0 0 0 4 0 0 0 1 4 0 2 -4 0 0 0 0 0 -2 0 2 0 0 0 0 6 0 0 0 0 0 2 0 0 0
-2 0 4 4 0 -4 0 4 4 0 5 0 0 0 4 0 0 -4 -4 2 -2 0 0 0 4 4 2 0 0 0 2 -4 0 0 4 0 0 -2 0 0 2 4 0 0 0 -10 0 2 0 -2 4 -2 8 0 0 0 0 0 0 4 1 0 2 -2 -4 0 3 0 4 0 0 0 0 4 4 5 2 4 -2 0 0 0 -2 0 -2 -6 4 0 0 -4 -1 0 -4 0 8 0 2 4 0 2 2 6 2 4 0 0 0 0 0 -6 2 0 -4 -2 0 0 0 0 0 4 -4 0 2 -1 0 0 4 0 0 0 0 0 0 3 -10 5 0 0 2 -2 0 1 -8 0 2 0 0 4 0 0 0 4 0 0 0 6 2 0 -2 0 0 1 0 4 0 0 0 0 -4 4 4 0 0 6 0 0 0 6 0 0 0 0 0 0 0 2 4 -4 0 4 0 -4 0 2 -1 -4 0 4 0 -2 0 0 -2 0 0 0 0 0 0 0 6 0 2 2 2 0 7 -2 -5 0 4 0 60 0 -4 0 0 4 0 0 0 2 0 0 1 -2 0 -4 -8 -5 0 0 4 5 4 -1 -2 0 2 2 -4 2 -4 0 0 3 -2 -3 -2 0 -4 0 0 4 0 4 0 0 -4 0 0 -2 -2 0 -4 0 0 -2 4 2 2 0 -2 -2 -4 0 0 2 0 0 -2 0 -4 2 -2 2 0 4 0 2 0 0 0 0 0 0 4 -6 4 2 2 -2 4 2 0 -4 0 0 -4 0 0 0 0 -6 0 0 4 0 4 -6 -2 0 0 0 0 -5 0 4 0 0 0 0 10 -2 0 0 -1 0 0 0 0 4 -3 0 0 0 -4 4 2 4 -2 0 0 8 -4 0 8 4 0 3 0 4 4 -4 0 -5 0 6 0 -4 0 0 2 -2 2 0 -2 -10 2 4 0 -2 -1 4 0 3 0 -4 2 0 -4 -2 0 0 0 0 0 2 -4 -2
0 0 10 0 0 -2 1 -1 -1 0 6 0 -2 0 0 0 0 0 0 -2 2 -4 0 0 -2 -4 -8 0 -1 0 -1 0 9 0 0 0 8 0 0 0 0 0 -1 0 0 2 1 8 2 -4 0 0 -4 0 0 0 2 0 0 0 0 0 3 0 0 0 0 1 0 -4 0 4 0 0 2 0 0 0 0 6 -1 2 2 0 -5 0 0 2 0 4 4 0 0 -2 1 0 0 1 4 0 2 -2 -2 0 0 0 3 0 0 0 8 -4 0 0 -2 -2 0 4 0 0 1 0 2 0 0 2 0 2 0 -2 4 -4 2 0 2 2 0 0 0 2 2 0 0 2 2 1 2 3 2 4 0 0 -1 0 -1 3 1 -3 0 0 0 0 0 0 0 0 4 0 0 0 -2 -2 1 0 0 -6 0 -2 2 0 4 0 1 0 0 0 0 0 0 -2 4 0 0 2 4 -2 -4 0 0 4 0 -2 2 -6 -4 0 -3 -2 -4 -2 4 -3 1 0 0 2 0 -2 -4 3 0 0 0 41 0 0 0 -2 4 0 -2 0 -2 -1 0 -2 0 0 1 0 0 0 0 2 -3 0 -4 6 0 -2 -3 0 0 0 0 0 0 2 1 0 4 0 -3 2 2 -4 4 -4 2 -1 0 1 0 0 4 0 0 0 -2 0 2 -2 0 -2 1 0 4 1 0 -2 0 0 2 0 0 0 2 0 -6 0 0 -3 -2 -2 -1 1 -5 0 -2 -1 0 0 0 0 3 1 0 0 0 -2 1 0 0 0 -2 -1 2 2 0 0 0 0 0 0 -1 -2 2 0 0 0 1 0 0 4 2 -5 0 0 0 0 2 -4 0 -1 0 0 0 1 5 2 0 0 0 -2 0 0 -4 -2 1 0 0 -1 0 0 -1 2 0 2 0 9 1 0 -2 0 4 0 0 4 -5 0 0 0 -2 -2 0 -1 0 0 0 -6 0 -1 -1 2 4 0 0 0 0 0
0 -6 0 0 0 0 0 0 0 0 1 2 0 0 0 0 0 0 0 4 0 0 0 0 0 0 -2 0 4 0 0 1 0 0 0 0 0 0 0 -2 1 -4 0 -4 0 4 0 4 1 1 -2 0 1 0 2 0 0 0 0 -4 2 0 -4 -4 0 -1 -4 0 0 0 0 2 0 2 0 0 -4 0 0 0 0 0 4 -3 4 0 0 0 0 -2 1 0 0 -4 2 0 -2 -3 0 0 -2 -2 0 2 -4 -2 4 0 4 3 -2 0 4 4 4 0 -4 -2 0 -2 0 0 0 4 0 -2 1 0 0 0 0 0 4 0 0 0 3 0 0 2 0 0 0 0 2 -2 0 -2 2 0 0 0 0 0 0 0 0 2 -4 4 0 2 0 0 0 0 0 0 -4 0 -1 0 0 0 0 0 0 2 -4 -2 0 4 -4 0 -2 0 0 0 -1 0 0 -2 -1 2 0 0 -4 0 -2 4 0 0 0 0 2 -2 -2 0 0 -2 0 0 -4 0 0 0 0 0 4 0 0 0 -4 0 30 0 -4 0 0 2 0 -2 0 0 -1 4 0 0 0 0 2 0 0 0 -3 0 0 0 0 0 -2 -2 4 -2 0 0 0 -4 0 -2 0 0 0 0 -1 0 0 0 0 -8 -2 0 -2 0 2 -2 0 0 4 0 2 0 0 4 2 -4 0 2 -4 0 2 2 0 0 0 0 0 0 0 0 0 0 0 -2 4 0 0 0 1 -2 -2 0 0 0 0 0 0 0 0 2 0 0 0 -4 0 0 2 2 0 0 -4 0 4 -2 0 2 -4 0 0 -4 0 0 -6 4 0 0 -2 -1 0 0 0 0 0 0 0 0 -4 0 0 0 0 0 2 0 0 -2 0 0 1 0 -4 0 1 0 0 4 0 0 4 0 0 0 0 0 0 4 1 0 0 -2 0 0 0 -10 0 -1 0 -2 0 0 -2 0 0 1 -1 0 -2 0 4 -4
0 1 4 0 0 -1 1 0 0 0 -1 0 0 0 2 4 1 2 0 0 -2 -4 2 0 0 0 0 -2 -2 4 2 0 0 -1 0 2 0 4 -2 0 -2 -5 0 0 -2 0 0 -2 0 0 0 0 1 0 0 0 2 0 -2 0 -2 1 2 -1 0 -2 -1 2 0 0 -2 -2 0 2 -2 -4 0 0 2 0 -2 0 -8 0 0 2 0 2 1 0 4 0 0 -4 2 -3 0 0 0 0 -4 0 0 1 0 0 4 1 0 2 -1 0 0 6 0 5 4 4 0 0 0 -2 0 0 -1 0 2 0 -1 0 3 0 0 2 -4 -3 -1 -2 4 0 -2 2 0 4 0 -4 0 0 -4 -4 0 4 0 0 0 0 -2 0 -2 5 0 0 0 0 -4 0 -2 2 2 12 -1 0 2 -2 0 0 0 4 1 2 -4 -2 0 0 0 1 0 4 0 4 -6 2 2 -1 0 3 2 0 -4 -2 2 -2 0 0 0 -2 -1 0 0 0 1 -6 0 0 0 2 -2 4 0 -4 -2 0 0 0 0 37 0 1 -2 0 -3 2 0 -2 3 0 -1 4 0 0 0 0 0 0 0 0 -2 2 0 -1 0 0 -1 4 6 0 4 0 -2 0 -2 0 0 1 0 -3 6 0 -2 0 0 0 -1 0 0 0 4 4 0 0 -4 4 0 3 0 -5 -1 -4 -2 0 0 2 4 0 0 0 2 0 -5 2 0 0 0 2 -1 -2 2 4 0 0 4 -1 -4 4 -2 3 1 1 1 0 0 2 2 0 0 0 5 0 -4 -2 4 4 0 4 0 -3 0 0 0 -1 0 3 0 0 1 0 -2 -2 4 2 0 -3 0 0 2 -4 0 0 -2 0 0 3 -2 -2 4 0 0 0 -3 0 1 0 0 0 8 -2 0 -4 1 2 -2 0 0 2 -6 0 0 4 5 3 6 0 0 0 0 0 0 0 -2 0 2 0 -8 2 -2 0 0 4 0 4
0 0 -2 0 -4 0 2 4 0 4 -6 0 0 0 0 0 -1 0 4 4 0 2 0 0 0 -1 2 6 -4 1 2 0 2 2 4 0 -4 4 0 0 0 2 -4 -6 0 -4 0 -2 4 -2 4 2 -8 0 3 0 0 4 0 0 0 0 0 8 0 0 -4 0 4 5 0 -2 4 2 2 1 0 0 4 0 0 0 -2 -4 1 4 -2 0 -2 0 0 -4 0 2 -2 0 -4 8 -4 0 -4 -4 4 -2 -2 0 6 0 2 4 -2 -2 2 6 0 -6 0 2 -4 0 0 -4 4 0 0 -8 0 6 2 -2 6 4 8 4 4 -3 0 0 0 4 4 3 5 4 0 2 0 4 -4 5 8 0 0 -2 0 2 0 4 0 0 0 1 0 0 2 0 4 0 -2 -1 4 6 2 2 0 0 0 0 -2 -1 -1 -3 0 2 4 -6 0 2 0 2 6 0 2 -4 4 -4 0 0 -2 -4 -6 0 4 0 0 2 6 2 1 0 0 -4 4 0 0 8 0 0 0 0 0 -2 0 0 -4 0 67 5 -4 4 0 2 0 4 0 10 0 0 2 0 2 -4 -2 4 0 4 -1 0 0 2 -6 -4 0 0 0 2 0 0 -1 1 0 0 2 0 0 2 -5 -4 8 2 4 2 0 -1 0 0 0 0 0 -1 0 -2 0 0 -2 -1 0 0 -3 -4 -3 -2 -1 4 0 2 6 4 9 0 8 0 0 0 -2 6 4 0 3 6 4 0 -6 -2 6 -2 0 4 2 2 -3 0 0 4 -2 0 -2 -6 0 4 0 -1 -6 6 -8 3 4 0 6 12 0 6 -2 0 2 0 10 2 0 0 2 0 1 0 2 0 1 -2 -2 0 1 4 -2 5 -8 2 0 -2 0 0 0 0 -4 0 0 -4 0 6 0 0 -1 0 -2 0 -6 0 0 4 -4 0 6 1 0 4 -2 4 0 0 0 0 -2 -1 -2 0 10 0 2 4 0 -2
4 2 0 0 -1 0 0 -2 -4 2 -2 4 2 0 2 2 0 4 2 0 0 0 0 -1 0 0 4 4 0 -4 2 0 4 0 -2 6 0 0 4 0 4 0 0 0 2 0 0 -2 0 0 4 2 4 6 -1 -1 0 0 -2 0 0 0 7 4 2 0 -1 2 0 4 4 0 4 0 0 0 4 2 2 -2 0 0 -6 4 1 2 2 0 -6 1 4 0 -2 2 4 -6 6 6 0 0 0 0 0 1 2 0 2 -1 2 3 4 2 0 0 2 0 0 0 0 0 2 -2 0 -2 -2 4 -2 0 4 3 0 0 3 0 0 2 0 0 2 0 2 0 4 0 2 0 -1 0 -1 0 0 0 0 0 -4 0 -6 -1 -1 -3 0 0 0 -2 -2 0 6 -6 -2 0 -2 -2 2 -2 6 1 0 -2 0 -3 4 8 0 0 -2 -4 4 0 0 0 -2 0 2 2 2 -2 4 0 0 0 2 2 0 -2 0 6 7 4 0 4 4 -1 -2 0 0 -2 0 0 0 0 0 0 4 -2 0 1 5 59 -4 -2 8 0 0 0 -2 4 0 0 0 0 0 2 0 2 0 0 -4 0 1 0 0 -4 0 1 0 0 0 0 0 0 0 0 7 -2 2 0 0 4 3 1 0 4 2 0 0 2 0 2 0 4 -2 2 -2 0 2 0 0 -2 0 0 -2 6 -2 0 4 -2 6 -2 -1 -4 2 0 0 0 0 -2 0 0 0 -2 0 -2 0 0 0 2 4 2 -4 0 -1 4 2 0 -4 0 4 -4 6 0 1 0 0 0 -6 2 0 2 -2 0 0 -4 1 4 0 6 0 0 0 0 -4 0 0 0 0 0 2 0 0 2 3 -2 2 2 -4 0 0 2 -4 2 2 0 0 -4 5 4 0 4 -4 2 2 4 2 0 -4 0 0 4 1 0 4 0 4 -4 0 2 0 4 0 4 0 -1 2 0 2 4 2 0 0 0
0 0 0 -2 2 4 -2 0 -4 0 3 -2 0 0 0 0 0 -2 0 1 0 0 0 0 0 0 -6 -2 0 -2 0 0 0 -2 -4 -4 0 0 -4 0 0 0 0 0 0 4 4 -4 0 4 0 0 0 0 0 4 0 0 0 4 -4 -1 -3 0 0 -2 4 -4 -1 0 0 7 0 -2 0 0 0 -2 0 0 0 0 2 0 -4 0 -2 4 0 0 4 0 0 0 -1 2 4 0 0 0 4 0 4 -1 2 -2 0 0 0 -2 0 0 -1 0 4 4 -2 -4 0 0 0 -2 0 6 0 0 0 0 0 0 0 0 -4 0 0 6 0 1 6 -1 0 0 0 0 -1 0 2 0 -4 2 2 0 0 -2 -2 -2 0 4 0 0 0 0 2 0 0 0 0 2 1 -2 0 4 0 0 0 0 -4 0 4 0 0 -4 -2 0 0 -2 0 0 0 0 6 0 -6 0 0 0 0 4 2 -2 0 3 0 0 0 0 0 0 0 0 0 0 0 2 0 -1 0 -2 0 0 0 0 0 4 0 -2 -4 -4 32 -2 -4 0 0 -4 0 -2 -4 0 0 0 0 0 0 0 0 0 0 2 -4 0 8 0 -1 0 0 0 0 0 0 0 0 -2 -4 0 4 0 4 0 0 0 0 0 0 0 0 -2 0 1 0 0 0 -2 0 -2 2 0 4 0 0 2 0 0 0 0 -2 2 4 -2 -2 0 -6 0 -4 4 4 1 0 0 0 0 2 0 2 0 -2 4 0 4 -2 -2 3 0 1 0 0 0 2 0 -2 0 2 6 0 0 -2 0 -2 0 0 0 0 0 0 1 0 0 0 0 2 -1 0 0 0 0 0 -4 0 0 0 0 0 0 0 0 0 -2 0 0 2 0 0 0 0 1 0 0 -2 0 0 0 0 -2 0 -2 0 0 0 0 4 -4 2 2 -6 0 2 0 -4 0 -2 0 0 0 0 0 0 -2 0 0 0 0
0 -5 0 0 0 0 0 0 4 -4 0 0 -2 0 -5 -8 2 0 5 4 0 -4 2 4 0 -6 2 0 -4 2 0 -2 2 -2 2 3 0 -1 2 0 2 2 -6 -6 -6 4 4 0 0 0 -2 -12 0 4 0 0 0 0 2 2 -4 6 0 0 4 8 0 4 1 6 0 -1 -4 -1 0 0 0 2 6 4 0 -2 9 -2 -2 8 0 4 -3 4 2 0 2 0 0 -3 0 10 0 0 2 0 -2 4 0 4 2 0 2 2 2 0 2 7 0 0 -10 0 -4 0 1 0 0 0 -2 1 2 12 0 -4 2 0 6 6 2 0 0 3 0 -8 0 1 -2 0 -2 -4 0 -1 0 -2 8 4 4 4 0 0 4 8 2 2 -8 -1 -2 4 0 -2 0 20 -4 12 0 2 -6 0 9 4 8 -2 0 0 6 0 1 0 -5 4 -1 -4 -2 -1 -4 8 -4 0 0 0 0 0 0 4 4 -4 0 4 0 2 0 -2 2 0 0 0 4 0 1 0 0 3 2 4 -2 0 0 0 2 0 4 -2 -2 99 0 0 2 2 -6 -4 -4 0 0 2 4 6 -3 -4 0 0 0 -2 4 -6 0 -8 -2 0 0 2 0 -2 0 0 -6 0 8 -2 6 0 -2 -2 0 4 0 -4 -4 4 -2 -4 -2 0 -1 2 2 2 -1 4 0 4 4 4 2 4 1 -1 0 2 8 6 8 4 4 2 0 4 -6 0 0 2 0 0 12 -1 -8 0 -4 -4 1 -2 0 0 2 0 4 6 0 0 4 0 8 6 4 2 4 0 2 2 0 0 -4 0 4 1 -4 0 -4 -2 2 8 2 -2 -1 0 0 0 0 0 -2 1 4 8 4 1 0 2 1 4 0 8 0 2 0 0 -8 -2 -2 4 -10 0 0 -4 0 0 0 0 0 -2 0 0 -4 4 6 0 -18 4 0 8 -3 0 12 2 -4 0 0 0 -2 -4 2 -4 2 2 4 0
0 0 -2 0 0 2 -5 -1 0 2 0 0 0 0 2 0 -2 4 0 4 0 0 -2 0 -6 0 4 0 0 0 4 -2 0 0 0 4 0 0 4 4 -2 0 0 0 0 0 0 -5 -5 0 0 0 -2 8 2 0 0 0 0 1 0 0 2 -3 -4 3 0 0 -4 0 -1 -1 -6 -2 0 0 0 4 0 -2 4 0 0 8 2 2 6 0 -4 0 -4 -1 0 0 -4 -2 -2 0 -4 0 0 4 0 0 0 -2 0 0 0 2 0 -2 -2 0 0 -6 0 0 -2 0 0 -2 0 0 0 0 0 0 0 0 5 3 5 -2 0 -2 0 1 0 0 0 0 0 -1 1 0 2 4 0 0 1 4 2 2 4 0 0 -2 4 0 0 0 0 0 -2 0 -8 -6 -2 0 -1 0 4 0 0 0 0 0 1 -2 2 4 0 0 0 -2 1 0 -2 2 0 4 7 2 2 -3 2 -3 4 0 0 0 0 0 0 -1 4 -4 1 0 0 0 0 -2 0 -6 0 4 0 2 0 0 0 -2 0 -3 0 8 -4 0 51 2 -1 0 0 0 -2 2 4 0 -2 0 -1 -2 0 0 0 4 -1 1 -4 2 1 0 3 0 -4 0 4 0 -4 4 0 4 0 3 0 0 0 0 0 2 -2 0 0 2 0 0 0 0 -2 -2 -2 0 -4 0 -1 6 -2 0 1 0 -2 2 2 5 2 4 0 -6 2 0 3 0 -4 1 0 0 0 3 0 -3 2 0 3 -2 0 -2 4 2 0 0 -1 0 4 -6 -8 -2 4 0 0 0 -2 -2 2 4 -2 -4 0 0 -2 1 -4 2 -2 -2 0 0 1 -4 0 0 0 -1 0 -2 2 1 -2 -8 0 0 0 0 0 0 0 0 -1 0 -2 0 1 0 4 1 0 -1 0 0 -5 -1 4 0 1 -2 0 0 -12 0 0 -2 3 0 0 0 0 4 6 3 0 -2 0 0 5 0 0 0 4 0
2 0 8 0 0 0 0 -3 0 0 -4 0 0 2 2 -1 0 4 0 -1 0 0 0 -1 -4 0 0 2 0 -2 0 -2 0 3 0 0 0 -2 0 0 0 -4 2 0 0 -8 2 -4 0 0 0 -1 0 0 0 0 0 4 0 0 2 0 0 -3 1 0 0 -1 0 0 0 0 -4 0 0 -2 2 0 4 -2 -1 0 -4 0 -6 0 0 -1 0 4 -2 -6 0 2 0 -4 5 0 0 0 0 2 0 0 4 4 0 2 0 0 4 -4 4 2 2 0 0 4 -1 0 4 0 0 0 0 0 -2 0 4 0 6 2 0 2 0 6 0 2 0 2 4 3 4 0 0 0 0 4 2 0 -1 0 0 0 0 -1 0 -4 0 0 6 4 2 -2 0 2 0 -2 0 3 2 0 2 -3 0 4 0 0 0 0 0 -4 0 0 0 0 -4 0 0 4 4 0 4 -6 0 0 4 2 0 0 0 0 0 0 0 0 6 0 0 0 2 -2 0 0 0 0 0 -4 2 0 -3 0 2 0 -2 2 2 0 0 0 2 42 -2 0 2 0 0 0 1 0 0 0 0 2 -4 0 4 4 -2 0 0 -2 0 0 2 2 0 -4 0 -2 4 4 2 0 4 0 -2 0 0 0 0 4 0 0 0 2 0 2 4 0 0 2 -6 -1 0 -2 0 -2 -4 0 0 0 0 0 0 0 0 2 -4 4 1 6 2 0 0 0 0 0 0 0 6 4 0 -2 8 -2 -4 -4 -2 2 -1 -6 0 0 0 -2 0 -3 1 0 -4 2 0 0 8 0 6 0 0 -4 0 0 -4 -4 0 2 -3 0 0 -2 4 1 2 0 4 0 -1 0 0 0 0 0 2 1 2 -2 0 -2 2 -4 0 1 -2 2 2 2 0 -5 1 2 -2 0 0 0 -2 0 -2 0 0 0 0 2 -6 5 0 2 0 2 2 0 0 0 0 2 -5 4 0 2 -4 0
0 2 -1 0 -4 0 2 0 0 0 2 0 0 0 4 0 2 0 2 4 -2 0 0 -2 4 0 2 0 -4 0 -2 0 -4 0 3 4 4 0 -2 2 0 4 0 -3 0 -4 4 0 0 4 -4 0 4 -1 0 0 2 -2 1 0 0 0 -4 0 -2 0 0 -4 -1 -4 0 0 -2 0 0 -2 0 0 0 4 0 -4 -1 1 0 4 0 5 2 0 0 0 -6 0 0 0 -2 0 -2 4 -2 0 0 0 4 2 2 4 4 0 0 4 2 0 0 0 0 0 1 0 4 1 -4 0 0 0 -4 6 4 -4 0 0 -2 -2 0 4 -1 2 -2 -4 2 0 0 -1 -2 -6 0 0 0 -4 3 2 -2 -3 -4 6 2 0 1 2 0 0 0 -2 -1 0 -4 3 -4 0 4 5 -4 0 -2 -2 0 0 0 2 0 4 0 3 0 -2 -2 0 0 -2 4 0 1 0 0 1 0 0 0 0 0 0 0 0 -2 0 0 0 2 -4 -1 4 -4 0 -2 0 0 0 0 0 2 0 0 -2 0 0 0 0 0 2 -1 -2 51 2 4 -1 0 0 -2 0 1 0 -2 2 4 2 0 0 3 2 0 -4 0 4 -4 0 2 4 -1 4 1 0 0 0 -8 0 0 -2 -4 0 -2 4 -2 -2 -4 0 0 0 0 2 0 4 0 0 -4 -4 0 0 0 5 -1 2 0 0 0 4 4 0 0 0 4 0 0 1 0 -2 -2 0 0 6 0 0 -2 4 4 0 0 4 0 -2 -2 -2 1 0 2 0 0 0 -2 -6 0 0 0 3 4 0 2 0 2 0 -2 0 0 0 1 2 1 0 4 2 0 0 0 -9 0 0 -5 2 2 6 4 0 0 2 0 4 1 0 1 0 -4 -1 -1 0 1 0 -5 -4 0 2 1 -3 3 2 -1 0 0 0 0 0 -2 0 0 1 0 5 0 4 -1 0 0 0 6 -2 -2 -4 4 0 0 -1
0 -1 -6 -3 -8 0 0 0 -2 -10 -1 -2 2 -6 0 4 0 0 0 4 -5 0 0 -1 -4 0 0 10 2 0 0 -1 0 0 2 0 0 0 0 4 8 -2 -1 -4 -2 4 -3 0 -4 -2 2 0 4 0 -2 0 8 2 2 -4 8 4 0 1 4 0 0 1 0 0 0 2 2 0 -4 0 0 0 -6 -1 -2 -2 0 4 -2 -2 0 4 0 4 0 -4 0 -8 1 -3 2 5 4 0 -5 -4 0 10 0 4 0 -1 0 0 -2 0 0 0 -2 -4 -4 4 -2 2 -6 0 0 2 0 5 -2 4 4 0 -1 -2 2 -2 -2 0 -1 0 -6 4 0 0 0 2 3 2 4 -4 0 1 4 0 0 0 0 0 2 0 -1 -3 3 0 -1 -4 1 4 4 2 0 1 0 -2 0 4 -2 0 1 0 -2 -4 -4 0 0 2 0 -4 0 0 -2 2 -1 -4 4 4 4 0 3 0 -6 6 -4 6 0 0 0 2 2 2 -1 -2 -1 6 0 1 0 8 4 4 -1 -2 2 0 0 -1 0 -2 4 0 -4 2 0 0 2 64 0 -4 0 -10 -4 4 -2 2 0 -1 -6 2 0 -2 0 0 -4 2 0 4 0 -4 4 4 -1 0 -1 -2 -1 0 0 0 -4 -2 0 0 -4 6 4 0 -2 -3 6 0 2 8 2 0 5 6 -2 2 4 -1 2 4 0 0 -2 2 2 -4 0 2 0 -2 4 -2 0 0 0 0 -2 2 0 -4 0 0 0 -2 0 -3 -2 0 2 6 -3 0 4 0 0 0 -8 3 0 2 2 -2 4 -2 0 1 0 0 0 0 2 0 -4 2 -6 -4 0 0 0 0 4 0 0 1 2 -1 2 0 4 2 4 1 4 2 0 0 0 0 -4 0 -8 -4 8 -1 -1 0 -4 2 -2 2 2 0 -2 0 3 0 -5 4 -5 2 0 2 6 0 0 0 -6 0 -2 4 0 0 -4 5 5 0 3 -1 4 -2
0 4 -2 0 0 0 2 -1 0 2 3 0 0 4 4 2 0 0 0 2 0 1 0 0 -2 0 4 0 -4 0 -4 -6 -6 0 5 0 0 -4 0 0 -4 -2 -6 4 -2 2 0 0 -2 0 -4 2 -2 -4 -4 0 2 0 0 -2 -1 0 0 -4 0 2 0 -4 0 0 -2 -4 2 0 0 -2 -4 0 0 2 2 -2 -4 -2 0 -2 0 8 -2 0 0 0 -10 -4 -5 0 0 -5 4 4 0 0 -4 0 6 -4 0 0 -1 2 -1 0 0 -2 8 0 0 8 0 -1 2 4 -2 3 -1 0 2 0 -2 0 -2 0 -4 8 -6 -2 2 2 -4 0 2 0 0 4 3 4 0 2 -2 0 -2 3 0 -8 0 -3 0 -4 -4 5 6 -2 0 1 0 -2 0 0 4 0 6 5 8 -3 0 0 2 2 -3 8 -8 0 -2 2 -2 2 -2 6 -2 2 4 -4 -3 0 5 1 2 4 0 0 -2 6 3 0 2 -2 2 0 10 0 -2 0 4 6 4 0 0 5 0 2 0 0 1 0 -1 3 0 -2 0 -6 0 2 4 0 70 2 0 0 4 2 0 -4 -4 0 -2 0 2 0 -4 -4 0 4 0 0 -4 0 0 -2 2 2 0 -2 14 0 1 0 0 0 -2 0 0 0 0 -2 -4 0 -1 0 -5 -2 0 -2 0 0 1 -2 0 6 0 -2 -4 0 4 4 0 2 -8 0 2 -4 0 2 0 2 0 2 4 4 0 0 0 0 0 0 4 -4 1 4 1 -4 0 0 -4 0 2 0 6 -2 -2 -1 -2 8 0 0 0 -1 0 0 0 2 2 4 2 0 1 1 2 -2 1 0 2 -2 -2 -2 0 -2 -2 -2 -2 0 -2 2 2 0 6 2 0 4 -8 6 0 2 2 0 6 -2 0 -6 4 4 3 -4 4 0 0 0 4 7 6 1 2 4 0 -4 -4 0 -2 3 0 2 3 2 2 0 -8 -4 0 5 -2 0
0 0 2 -2 0 0 2 4 0 4 0 0 2 0 0 -2 -4 -2 0 0 0 0 0 2 2 -1 -1 8 -2 0 0 0 0 0 0 0 -2 0 2 0 1 0 -2 0 0 0 -4 0 0 0 0 3 0 1 1 2 -2 0 -1 0 4 -2 2 0 8 0 -8 0 4 -8 0 0 0 0 6 0 0 0 0 -3 0 0 0 -4 0 4 3 0 2 -4 0 0 -1 -2 2 0 0 0 -4 0 2 -6 2 2 -4 0 2 8 0 1 -4 0 2 0 2 0 2 0 0 -2 0 0 4 0 0 -4 4 -2 -2 -2 0 -4 -2 1 2 0 0 0 0 -1 1 0 1 0 2 2 0 2 -4 -2 9 0 0 0 0 4 2 0 0 0 4 0 -2 0 0 2 10 9 0 0 0 0 -4 0 -4 0 0 -2 -4 0 0 0 -4 0 3 0 0 0 0 0 -10 0 2 -2 0 2 0 1 -2 0 -2 2 0 -2 0 2 -2 2 0 4 -2 0 0 0 2 4 0 0 2 -4 0 0 -2 -2 4 0 10 4 -2 -4 0 0 -1 -4 2 56 0 0 0 0 3 -2 0 -2 2 -2 -2 2 2 2 3 0 0 -1 -2 1 0 -4 1 -8 -1 -6 4 0 -2 0 0 0 4 -2 0 0 4 0 -2 0 0 0 0 0 0 0 -2 0 6 0 0 2 0 -4 -2 0 0 1 0 1 0 2 8 10 0 0 0 2 0 -5 0 0 4 3 -4 0 2 2 4 0 1 4 -2 0 -2 -4 -3 0 -4 0 -2 -4 2 2 -8 0 -2 -4 0 0 -2 -2 0 2 -2 2 -8 -8 1 5 -6 0 -8 2 0 0 0 0 4 0 1 -6 -2 0 -2 1 0 0 -1 -4 -1 1 4 -2 -2 0 0 0 -2 -4 0 4 4 0 2 1 0 -2 -1 -4 -1 0 3 0 -4 0 0 6 0 2 0 2 1 0 0 0 -2 2 3 0 2 0 0 0
0 -1 -4 0 0 0 0 0 0 0 0 0 0 0 0 0 0 0 4 0 2 0 -1 0 1 0 -4 0 0 -1 0 2 0 0 0 0 0 0 0 0 0 0 0 -1 0 0 -4 0 0 0 0 0 -3 0 0 -4 0 0 0 -1 8 -1 0 0 -6 -2 0 -1 0 -1 0 0 -2 -4 0 0 0 -2 0 0 0 0 -4 -2 0 -2 0 0 0 0 -4 0 0 0 0 0 -2 0 0 0 0 0 0 0 2 0 0 0 0 0 0 0 0 2 -4 -1 0 0 0 0 0 0 0 0 -1 0 1 -2 1 0 0 0 0 0 -2 0 0 1 0 0 0 0 2 0 0 2 0 0 6 -1 0 -2 0 0 0 0 2 -2 0 0 2 0 -1 0 0 2 2 -2 -2 0 2 -4 -1 0 -2 0 0 -1 0 0 -1 0 -1 0 0 0 1 0 0 0 0 0 0 0 0 0 0 0 0 0 0 -4 0 0 0 0 1 0 0 -1 0 0 -2 0 0 -7 0 -2 0 -2 0 0 0 0 0 -1 0 0 -4 -4 -2 0 0 0 0 0 18 0 0 0 2 0 0 0 0 0 2 -2 2 1 0 0 0 -2 0 4 0 2 -1 2 2 -3 0 0 0 0 2 -3 -2 0 0 1 0 0 -2 0 0 4 0 -2 0 -2 0 0 0 0 0 0 0 0 0 -2 0 0 2 2 -2 -2 0 -4 0 0 4 0 0 0 0 0 0 0 0 0 0 0 2 2 0 -4 0 4 0 0 -1 0 0 0 0 0 0 0 -4 0 0 -2 0 1 3 0 0 -1 0 0 0 0 1 0 0 0 0 -2 0 -4 0 0 0 0 0 0 -2 0 -6 0 0 0 0 0 0 0 0 0 -4 1 0 0 2 0 2 0 0 0 0 0 0 -2 -4 0 0 0 0 2 2 0 0 0 0 0 0 0 2 0 2 0 -4 2 0 0 0 -1 -2 -6
0 0 -1 -4 0 5 0 0 -4 4 0 0 0 -1 0 0 2 2 0 0 6 -2 4 -5 -4 -4 -4 0 0 0 -2 4 -2 -4 4 1 -6 2 6 -2 0 -4 0 0 0 0 4 -2 0 0 6 0 -4 0 3 0 -8 0 -2 4 4 -2 0 0 0 0 0 4 4 0 -2 0 0 -2 -2 0 -4 0 0 4 0 0 0 0 0 -2 2 0 -2 4 8 4 -1 0 0 0 0 0 -2 0 -4 2 0 -4 0 -1 4 2 0 0 -4 0 0 0 -4 -1 0 0 2 0 0 -2 5 2 1 0 2 0 0 0 4 0 0 0 0 -2 -4 -4 6 0 0 0 2 7 0 0 2 -4 -4 -4 0 0 4 0 -1 0 -2 0 0 0 0 2 0 -4 -6 0 -2 -1 0 6 0 0 0 3 0 0 0 -4 0 2 -8 -2 0 0 0 0 0 0 2 2 0 2 -4 0 0 0 0 -2 -1 0 0 -2 0 0 0 -2 0 0 0 4 0 0 0 4 0 -2 0 2 2 0 0 0 -4 0 0 4 0 0 0 0 2 0 0 -10 0 0 0 52 2 0 0 0 -4 0 -4 -2 0 2 0 0 0 0 0 -4 6 -4 2 -2 4 0 4 0 7 0 0 2 -6 2 6 0 0 0 -4 0 0 0 -8 -4 -4 4 0 2 2 0 0 0 2 4 0 1 0 0 2 0 0 2 2 0 -2 2 0 0 -4 -2 0 4 2 2 -2 0 -4 0 0 0 4 0 4 4 2 6 4 0 0 -2 5 -2 -8 0 -4 0 2 4 8 0 0 -2 0 0 -1 0 0 -2 4 -2 -2 2 -1 0 0 -2 2 0 0 -2 0 -2 2 1 4 -2 -4 0 0 -4 4 -1 0 0 4 0 0 -4 0 0 -4 0 0 0 0 -2 -3 -2 0 0 -4 0 1 0 2 0 4 -1 0 -4 0 0 0 -2 0 0 4 0 2 -2 0 -1 0 2 2 4
0 0 -2 -4 0 -4 0 0 0 2 0 0 0 0 0 -1 0 0 0 0 2 5 -2 0 0 -4 4 0 -4 0 1 0 0 -1 -4 0 0 0 0 4 0 0 -8 -4 0 0 0 0 2 0 -2 0 -2 0 0 -4 0 1 -2 0 -4 0 0 0 -8 -2 0 0 0 0 0 0 2 2 0 0 3 4 1 4 0 0 -2 0 0 0 -4 4 4 0 0 0 2 0 -2 0 4 -1 -5 0 0 0 -5 0 0 -2 3 0 0 -2 -4 -1 0 2 4 -2 0 0 0 0 -2 0 -4 2 0 0 -2 -3 2 0 0 4 2 4 0 0 -4 0 2 2 0 -4 2 6 0 0 0 1 0 2 -4 0 0 0 0 -2 0 -4 2 -4 0 2 0 -4 0 0 -8 -2 0 0 2 0 4 -3 0 1 4 0 -2 8 -2 0 0 0 0 0 0 -2 0 0 4 8 -2 0 0 8 0 -4 4 0 0 0 2 -1 2 1 2 0 0 0 -2 -2 -2 0 0 -4 2 0 0 2 0 0 -8 1 0 0 2 0 0 0 4 1 -2 -4 4 0 0 2 45 0 1 0 2 -2 4 0 0 0 0 0 0 0 0 0 0 -2 0 0 -1 2 0 0 6 0 0 4 0 -4 2 0 0 0 0 -2 0 2 0 0 0 2 2 -2 -2 0 0 0 0 4 0 -2 2 0 0 0 0 4 0 4 0 0 -3 0 0 4 2 -1 2 0 0 0 -2 0 2 0 2 -1 0 -2 0 0 0 0 0 -2 2 0 -4 -1 6 0 0 0 0 0 -2 0 2 0 0 0 0 0 -2 2 -2 0 0 2 0 -2 0 2 0 4 0 -6 0 -8 -4 -12 0 4 0 -2 0 -4 0 8 -4 0 -4 0 0 0 0 0 0 4 0 0 -2 0 4 4 2 2 -2 4 0 0 4 4 0 0 0 2 0 4 -2 0 0 0 0 0 2 2 0 2 4 0
0 2 0 5 0 0 3 -2 -2 0 -1 0 4 0 0 2 -5 0 0 0 4 0 0 -2 -4 -4 -2 0 0 -2 1 -4 0 0 -6 0 0 0 0 0 6 -4 2 2 -2 0 -4 2 0 0 -2 -2 0 0 0 0 0 0 0 2 -2 0 0 1 0 2 0 0 4 -4 0 0 4 -1 0 0 0 2 0 -4 0 0 0 0 0 2 -1 0 0 2 0 2 0 0 0 0 -2 8 0 0 0 0 -2 -2 -4 4 0 0 2 0 3 -4 1 -4 0 4 0 0 0 0 0 0 -2 1 -4 0 0 0 -4 2 0 4 4 3 -2 0 -2 2 0 0 -2 0 -2 -4 -4 0 0 1 0 0 4 1 1 -2 0 -7 -4 -4 0 0 2 0 6 0 0 4 4 2 0 4 0 4 0 -2 0 -1 2 -1 2 0 -2 -4 0 1 -2 -4 -2 0 0 -4 4 0 6 -1 2 0 4 0 0 0 -2 4 2 0 0 -2 -2 6 0 4 -2 2 0 0 4 0 4 -4 2 0 2 0 -5 0 0 0 0 0 0 2 0 0 0 4 2 0 0 0 0 51 2 0 0 -4 -4 0 -4 0 -4 0 -4 -2 -2 2 -4 -2 0 4 0 2 0 0 -2 0 0 0 0 2 0 0 -4 0 -2 -2 4 0 0 -2 0 -2 -2 0 -2 -2 1 1 6 5 2 0 2 0 0 -1 0 0 0 -6 0 -12 2 0 0 2 -4 0 0 -1 0 4 -2 0 1 0 0 0 2 0 -3 -2 -4 0 5 0 0 -2 -4 -2 0 -1 0 4 4 -1 0 -1 2 0 -2 0 -2 -1 8 0 0 -3 0 0 0 -2 4 -1 2 2 1 6 0 -8 1 -2 4 -2 2 0 0 4 -4 -1 -4 0 4 6 6 -2 0 0 4 0 0 0 -2 0 0 0 0 4 0 2 -2 0 0 4 0 0 1 0 0 4 -4 -2 0 2 2 0 -2 0 4 -2 -8 -4
0 1 -5 2 0 2 -2 4 -2 0 1 0 3 0 0 0 -6 4 4 0 6 -2 2 -5 0 0 4 0 2 2 0 -2 3 0 -2 0 6 0 2 2 4 4 0 8 0 2 -4 1 -4 0 0 -2 0 0 2 0 -2 -2 2 4 -2 -2 0 -6 -2 4 1 0 0 0 -4 2 5 -2 0 -4 0 4 12 1 0 4 0 0 2 0 -2 2 0 -2 0 -1 -1 -1 2 6 0 0 -2 0 -2 -2 0 0 -2 0 7 -6 12 -1 4 4 -1 10 6 0 4 0 2 -4 2 0 -2 2 -2 -1 2 0 -1 -4 0 0 4 -4 0 -2 0 0 -1 -2 12 -4 -6 0 -3 3 -4 0 0 -1 -2 -2 -4 4 0 2 0 4 1 0 2 0 4 0 2 -4 3 0 0 4 -2 0 0 0 -4 5 -4 -10 0 -2 0 0 0 2 1 0 -2 -2 2 4 0 0 4 -4 0 0 -6 0 -2 2 4 2 4 0 -2 -2 2 -4 0 -2 0 8 2 0 0 0 0 0 0 -1 -4 0 0 0 2 0 2 0 0 4 -2 0 1 -2 0 3 2 0 1 2 62 0 2 2 -4 -2 4 -4 -2 2 0 0 -1 0 0 3 4 0 0 6 2 0 -2 -4 0 0 0 2 1 2 0 0 -2 4 -1 6 0 0 2 2 1 2 -4 -4 -2 4 0 0 0 0 -6 -6 4 0 0 0 -1 4 0 0 1 0 0 0 -2 6 -4 4 2 -2 0 0 6 2 4 1 -1 0 6 6 0 0 0 0 0 -1 1 -2 0 4 -5 4 4 0 0 0 0 4 0 0 0 -2 4 0 0 8 -2 -2 0 4 0 0 0 -4 2 -4 -1 4 2 2 -1 2 0 -2 -6 -4 0 -4 0 -1 -4 -3 0 0 5 0 -1 7 0 6 0 -4 0 0 -2 6 6 0 4 -3 0 -2 0 -2 2 0 4 0 0 -6 1 0 -6 2 6 -2 -4 -1 4 -4
0 0 1 0 6 -2 2 -4 0 -4 -1 -1 0 0 0 -2 -1 -1 0 0 0 0 4 0 -1 0 0 0 -2 0 0 0 0 0 2 4 2 0 -1 0 2 0 1 0 0 4 0 0 2 2 -7 -2 0 0 0 4 0 2 -3 0 1 0 4 0 1 0 0 2 -2 1 0 0 -2 -3 0 0 0 0 -1 2 -4 0 2 0 0 -2 0 0 -4 2 3 2 0 -2 -1 0 0 0 0 0 0 0 0 0 1 0 2 0 0 0 0 0 0 1 -2 2 0 0 1 0 0 0 0 -4 0 2 0 0 -1 -2 0 0 1 0 -2 4 2 5 1 0 1 0 0 7 0 0 0 -1 -2 4 0 0 0 0 0 0 -2 0 0 0 -4 0 -4 5 -2 -2 0 0 -5 0 -1 1 2 0 -2 -2 0 -2 0 -1 0 2 0 0 2 0 2 2 0 0 2 0 0 0 0 5 4 0 1 0 0 0 1 0 0 0 2 2 1 0 -1 0 -4 0 -2 4 0 0 -2 0 0 1 0 0 0 0 -4 2 0 6 0 0 0 2 -4 -2 0 0 0 0 0 34 -2 0 -1 -2 0 1 0 0 0 -3 0 0 0 -2 0 0 0 0 1 0 0 0 0 -2 2 -1 0 1 -2 2 0 0 4 0 0 -4 -4 1 1 0 0 0 4 0 0 2 0 2 0 -2 3 -2 0 4 4 0 4 2 -6 1 4 0 -4 0 -4 0 1 -2 0 2 1 0 -2 0 0 0 0 3 -2 2 -1 0 0 0 0 5 0 0 0 0 0 1 0 2 0 0 -1 1 0 -2 1 0 -1 1 -2 0 0 0 -2 2 2 0 0 2 1 2 0 0 0 0 -2 0 -3 2 0 -4 0 1 3 0 6 4 0 1 -2 0 -2 0 0 4 1 0 2 4 -4 4 0 0 -6 0 -2 6 0 0 0 0 1 4 0 0 4 0 0 0 0 0 1 2
0 -2 -1 6 -2 0 -2 -1 -4 0 0 0 -2 0 0 0 0 1 -2 -2 0 0 -4 2 0 0 3 0 0 2 0 0 2 8 -4 -4 4 -4 0 0 0 0 0 3 0 0 0 -2 0 0 2 0 0 0 0 0 0 0 -1 0 0 0 -2 0 0 0 0 0 -1 0 1 -2 0 6 -2 0 -4 0 1 -4 -2 0 0 -1 0 0 -2 1 2 2 1 -2 0 0 0 2 0 -2 0 0 0 1 0 4 0 2 2 2 0 -2 4 0 0 -6 -4 2 -3 -4 0 -1 -2 0 -4 0 -1 4 -2 -2 3 0 4 2 0 -4 0 6 0 4 -8 0 0 0 2 4 -1 0 9 0 0 -1 -2 -2 0 4 2 0 2 4 0 -6 4 0 0 -5 0 0 -2 0 0 0 -4 0 0 8 -2 4 4 -4 -1 -4 4 -4 0 4 -4 -2 -1 -4 -2 2 0 0 -4 2 0 -1 0 0 0 -2 0 0 0 0 0 0 -2 0 0 -4 1 0 0 -4 -3 0 2 0 -4 0 0 -4 4 0 0 0 -2 0 0 -3 -1 0 -2 0 -4 0 0 -4 2 0 2 -2 49 0 2 0 0 4 -6 0 4 2 0 4 4 4 0 0 1 0 -2 0 -6 2 -2 0 -2 0 -2 -5 -4 0 0 -2 -1 0 -6 -2 0 7 0 -1 -6 2 -2 0 2 3 0 -4 -1 0 0 0 2 -2 0 4 0 0 0 0 4 -1 4 0 0 0 -2 -2 2 -2 2 2 6 0 -2 -4 4 -2 6 0 0 2 4 0 6 0 0 -4 0 -6 -2 0 0 2 0 0 4 0 0 0 1 -2 -4 0 -1 0 0 0 0 0 -6 2 0 0 -9 -2 -5 -2 0 0 0 2 -8 0 -1 1 6 -4 0 0 0 0 -2 0 0 -2 0 -2 -2 0 10 -4 -2 7 4 0 2 0 -2 -4 -2 -1 0 0 0 0 0 0 0 0 0 0 -1 0 0 0 0 -2
4 0 -4 -4 0 0 2 0 0 -1 8 0 -2 0 0 1 0 0 4 -1 -6 0 0 0 4 0 6 4 0 1 -2 2 0 0 0 0 4 0 0 0 2 2 -4 0 1 -6 2 -3 8 0 -4 2 -4 0 0 -2 0 0 0 -2 -1 0 0 -4 -2 0 1 1 0 -1 0 0 0 0 0 -1 0 -1 2 -2 0 0 2 0 -6 0 0 -1 4 -2 3 0 0 -2 0 1 0 0 0 -1 1 0 4 0 0 0 0 -4 0 2 2 1 0 0 4 0 2 -2 4 0 0 0 2 -4 0 0 0 4 0 1 0 0 -4 0 -5 1 2 0 -2 0 -8 -1 0 2 7 1 -2 -1 -2 0 0 0 0 0 0 4 0 -4 0 0 -4 3 0 0 0 -2 0 3 0 0 2 -4 1 -2 4 2 0 0 0 4 -2 0 2 -2 0 -5 -2 0 0 2 0 0 -2 0 0 0 2 2 2 1 0 0 4 1 0 0 0 2 2 -4 0 0 4 4 0 0 0 -2 -5 0 -1 -1 5 2 0 0 4 2 0 -4 -2 2 2 -1 0 -2 0 0 -2 -4 2 0 0 53 0 -4 2 0 -2 4 -4 -2 0 -2 0 1 0 -1 -2 -1 1 4 2 -2 0 0 0 0 1 4 0 2 -4 -2 2 -1 0 4 -1 0 -1 0 1 0 4 0 2 2 0 0 0 0 4 0 4 0 0 0 0 4 0 1 0 4 -2 0 0 0 0 0 2 0 2 0 0 -2 4 0 2 1 -2 2 0 0 0 0 -1 4 -3 4 0 0 -2 2 0 0 0 0 -2 1 -2 0 -2 -2 2 -4 -1 0 0 4 0 0 -4 2 0 0 0 8 3 4 0 2 0 0 0 0 0 0 8 3 -2 -2 -4 -2 2 0 2 4 0 4 -2 2 -4 0 -2 0 1 0 6 -4 4 -2 -6 0 0 0 0 0 0 4 0 0 -4 -1 -2 6 -2 0 0 -2
0 6 -4 4 -4 -2 2 -4 0 0 2 -6 2 0 2 1 0 -1 1 2 -1 4 -6 6 2 0 2 4 -4 0 1 -2 -1 2 0 -4 0 4 4 -2 -4 2 9 2 -2 0 0 1 3 -5 0 0 -2 0 0 0 1 0 3 -5 5 2 2 2 -2 0 -2 0 0 0 4 4 -2 8 2 4 6 -1 1 -2 0 0 0 2 6 0 -4 0 2 2 -3 0 -3 0 0 0 -2 0 2 0 1 -6 5 0 0 0 -4 -1 0 -5 0 0 0 0 4 4 -2 0 2 0 4 0 0 -3 0 0 3 0 3 0 0 4 0 2 0 2 4 0 2 0 4 4 5 -2 -2 0 -2 6 0 0 -2 0 0 4 0 -10 0 2 6 2 -2 3 0 1 -2 0 2 4 -2 -2 -4 0 0 6 0 1 0 -6 0 0 2 4 -1 0 -2 0 -4 -4 0 -4 0 -4 0 -4 2 -1 0 -1 0 1 0 0 -4 4 4 0 -4 -1 2 0 1 0 0 2 0 -5 6 0 0 1 -2 0 4 -3 -3 0 0 0 0 0 0 -4 4 -6 -2 2 0 -4 4 -4 -4 -1 2 0 71 0 1 7 2 -1 2 4 1 -2 2 2 4 5 0 -4 4 -4 9 0 0 0 0 1 0 -1 0 3 1 0 -6 -4 0 0 0 5 2 4 4 2 2 0 0 7 6 0 -2 0 0 0 2 0 9 -6 0 -4 2 -1 0 0 2 0 5 -4 1 6 2 0 3 -2 -1 3 0 3 -1 0 0 5 4 1 6 0 4 2 0 -1 3 0 -4 0 0 2 -4 2 5 0 1 0 1 2 3 1 0 0 0 0 0 -4 3 8 -8 4 3 2 0 0 0 0 2 4 4 0 2 4 0 0 2 1 -2 2 0 0 4 0 0 -2 -2 0 3 0 2 5 0 -4 -2 0 2 -4 0 -6 2 0 0 0 3 0 0 -4 -4 1 -2 1 -2 1 -5 6
0 0 2 -2 0 -1 4 0 0 0 -2 0 0 0 0 0 -1 0 2 0 0 0 0 4 0 0 -4 0 -4 0 4 0 0 0 -2 0 2 2 -1 4 0 -4 0 -4 -2 0 -1 3 -2 2 0 0 0 -2 0 0 0 0 0 0 0 0 -2 4 0 0 0 0 0 0 0 0 4 1 0 1 2 0 -8 0 0 -4 2 -1 0 0 2 0 0 1 0 0 0 0 0 -2 2 0 1 0 -2 0 0 0 -2 0 0 0 2 0 -4 0 0 2 -6 0 -4 0 0 0 0 0 -16 0 0 -2 -3 0 2 -2 0 2 0 0 -2 0 0 0 4 6 -2 1 -1 0 0 -4 0 2 0 -2 6 0 0 2 0 1 -2 5 0 0 -2 2 2 0 0 4 0 0 0 0 -4 0 0 -2 -3 1 0 0 -2 0 0 0 0 0 0 0 4 -2 2 1 4 1 0 0 0 1 6 0 2 0 0 -4 2 -1 0 0 0 -1 0 0 2 -4 2 0 0 0 -1 0 0 0 0 0 -1 0 0 0 4 0 0 0 0 0 2 2 0 -2 0 -2 0 0 -2 -2 0 -4 0 32 0 0 0 2 -2 0 0 0 -2 2 2 2 0 0 0 -2 0 0 0 -2 0 0 0 0 4 0 -2 -2 1 -6 0 0 -2 2 2 4 -2 4 -2 0 0 0 1 0 0 0 -4 -2 -2 -2 0 1 -2 -4 -2 0 0 0 0 0 -4 0 0 0 2 0 -1 0 6 0 1 0 -1 -2 0 0 -2 0 0 0 2 2 1 -2 2 0 0 0 0 2 4 0 -1 0 0 0 3 0 -2 -2 4 0 0 4 -6 0 -3 0 -4 0 4 -4 0 2 0 0 0 0 -2 0 2 0 2 0 0 0 2 0 0 0 0 3 0 -2 0 -1 -2 4 0 0 0 -5 4 2 0 0 -1 0 2 1 0 0 0 0 2 -2 4 -2 -2 0 4 -2 0 0
0 -2 -4 -4 0 -2 0 -2 4 0 0 -2 2 0 -4 -4 -1 -1 -2 0 0 2 0 0 0 1 2 0 0 -1 0 6 0 -4 -2 0 -4 6 0 -2 1 0 0 3 0 1 0 -4 0 -1 0 -4 -4 0 -2 -5 0 0 2 0 3 -2 -4 -8 0 0 2 0 0 -1 0 0 0 0 0 -6 0 0 -1 0 -1 -2 -4 0 -4 0 2 0 -2 0 -2 0 0 4 -3 4 -2 -4 0 0 0 2 1 0 -1 -2 2 2 0 0 -4 0 0 0 -4 -2 -2 0 0 0 0 2 0 -1 2 2 0 0 4 0 0 4 0 0 4 2 0 0 2 0 4 0 -2 0 0 0 0 0 0 -1 0 0 6 0 0 -4 2 -2 -2 -4 -2 4 0 4 4 0 4 0 4 1 0 0 1 0 -2 2 0 2 -2 1 0 0 0 -1 -2 4 -2 -2 -2 0 0 0 -4 0 0 -4 0 2 0 0 -3 0 -2 1 6 0 8 -4 1 0 -4 -2 0 0 0 1 0 -4 2 1 0 4 -2 -4 0 -2 -1 -4 0 0 0 4 0 0 2 -2 2 0 0 -4 4 0 0 2 1 0 49 0 -4 2 0 0 0 -2 0 2 0 -6 -2 4 0 0 -4 0 0 0 0 0 0 0 0 2 0 0 2 0 -4 0 4 -4 2 0 0 0 0 0 2 2 -4 0 -2 0 -4 0 0 2 0 0 2 0 -2 0 0 0 2 0 0 4 -1 -4 0 0 -2 -4 4 -4 -4 -3 6 0 0 0 0 0 0 0 2 0 0 4 -2 0 0 -4 0 5 -4 0 0 2 -2 0 0 -4 0 0 -2 0 0 -8 0 0 1 4 -2 0 -7 0 0 4 0 2 3 0 0 0 0 4 2 2 2 4 2 0 0 0 0 -4 0 4 0 0 2 -4 0 0 0 0 3 -4 0 -1 -4 0 0 0 -4 -4 4 4 0 0 0 0 0 0 -2 0 0 0
2 0 3 2 -2 0 -2 2 5 -2 3 0 0 0 0 -1 -2 2 0 -2 -4 -4 2 4 -2 -4 -1 0 0 0 0 -4 -12 4 0 0 0 2 -1 0 2 -3 4 2 1 2 0 0 -4 -5 0 1 4 -2 4 0 0 -4 2 -6 -4 0 0 2 0 6 4 0 -4 0 4 -2 0 2 0 4 0 0 4 0 0 0 6 0 5 4 6 -2 2 0 0 0 -1 4 -9 4 2 0 8 0 1 0 -3 -1 -4 0 -4 4 0 0 -2 2 6 0 -2 0 0 4 0 -2 2 -1 0 0 0 4 -1 0 0 -4 10 0 1 0 1 0 0 2 10 0 -3 8 0 0 4 0 1 4 -1 0 0 9 2 -4 0 0 -2 -2 0 -5 4 0 0 -4 2 -2 2 4 0 -2 -4 -1 2 -3 4 -2 0 0 2 -3 1 2 -3 4 0 -4 0 0 -4 0 4 0 0 0 2 0 -2 0 -1 0 0 2 0 0 -4 2 0 2 -3 -2 2 0 0 0 2 0 0 -3 -4 -2 -4 0 0 6 0 2 0 0 2 -2 4 4 0 -2 0 2 -2 2 0 0 -4 1 4 0 7 0 0 62 -4 0 2 0 0 -4 -4 0 0 0 4 -4 -1 4 -2 4 0 0 0 6 0 -2 2 -2 4 0 4 0 2 0 0 0 3 -4 0 0 4 0 4 0 0 0 1 0 -4 -2 -2 0 1 -1 -6 4 -6 -2 -1 0 2 0 0 0 0 0 0 0 2 4 6 4 -4 0 0 0 -1 -2 2 0 4 0 2 1 0 -1 4 0 -4 0 0 4 3 0 0 -5 0 -2 0 0 0 0 0 2 0 0 4 -4 2 0 4 4 0 -4 0 0 -2 0 4 2 4 -2 -4 8 0 0 2 0 0 4 0 0 2 0 0 -2 0 0 0 -4 -4 0 -2 0 6 0 0 0 0 0 0 0 0 -4 7 0 0 -4 -2 0 -2 -2 4 0 4 0
0 0 -2 -4 0 2 4 0 0 -2 -2 0 2 0 -4 0 4 0 6 2 4 0 0 2 0 0 6 2 0 -4 0 -2 -2 0 0 0 0 -4 0 0 -6 0 -2 8 0 -2 -6 0 4 0 4 0 0 0 0 -4 -8 -2 -4 0 0 8 5 2 -1 2 1 0 -4 2 -2 4 -4 4 0 0 0 -4 2 -4 2 0 0 1 0 3 2 -2 0 0 0 0 -4 10 2 4 2 0 -6 0 -2 0 0 0 4 4 0 4 0 1 0 0 0 4 -2 2 -4 4 -2 2 0 -6 -2 2 2 -4 2 0 -4 4 2 -2 0 0 0 -6 -2 -6 0 -10 0 0 0 -1 0 5 0 0 -2 0 0 6 -4 0 -4 2 -2 -1 3 4 0 2 -1 0 4 0 4 -2 -1 0 2 -2 0 0 0 0 2 -3 2 -2 0 0 0 -2 6 -4 0 -1 1 0 -4 0 2 2 0 -1 0 -5 4 -2 0 0 4 -4 4 2 4 4 0 0 0 -1 1 -2 -2 2 0 4 0 -6 0 -2 2 0 0 0 0 1 -4 4 -1 -2 3 0 -4 2 2 0 0 -4 -2 0 -6 -2 2 0 -4 -4 69 0 -2 4 0 -4 0 2 -8 0 -4 0 -2 0 2 0 0 0 0 0 -1 1 0 -4 -2 2 -1 0 4 3 2 4 0 -2 -7 6 0 0 0 0 0 0 5 0 0 4 1 0 0 6 4 -2 2 4 4 -8 0 -2 2 -2 0 -2 0 0 6 -6 -6 -2 0 0 0 -2 2 0 -2 -2 0 2 1 0 0 2 0 -2 0 2 0 0 0 2 -2 2 0 0 0 -2 0 0 0 -2 0 -2 0 -2 -2 -1 4 -4 2 2 8 -2 -1 -6 -2 -4 2 5 0 0 3 0 0 4 3 -2 0 0 3 0 0 -4 4 -1 -4 0 -3 0 -4 4 0 2 0 4 0 -6 0 2 -2 4 4 2 0 0 0 4 4 0 0 0 4 0
0 0 0 0 0 0 -1 4 1 0 1 0 -2 -4 0 2 -8 -2 2 -2 3 -1 -7 -5 0 0 0 4 0 0 0 4 -2 4 -4 0 4 2 4 2 1 0 -2 2 2 0 2 2 4 0 0 0 0 -2 0 1 0 8 0 -2 7 4 2 0 -2 2 0 0 0 0 0 0 0 0 4 0 -4 0 -6 2 -2 0 -4 -9 -8 2 -1 -4 0 0 4 0 -2 0 1 2 0 2 -6 0 0 0 2 0 0 2 1 0 -4 -4 0 -2 2 4 0 0 -2 0 0 0 0 2 0 1 8 -8 2 -4 -2 0 0 4 -4 4 -3 0 4 -4 2 0 2 0 -1 0 6 -1 0 3 -2 6 0 2 0 -2 -2 8 -2 -4 -4 2 2 0 4 0 4 4 -8 -2 2 -1 1 0 10 0 2 0 -2 2 -2 -4 2 0 0 -3 2 4 -2 0 0 0 -2 0 0 0 2 0 0 -2 4 2 6 -4 -2 -4 -2 0 0 4 3 0 0 -4 -2 4 1 -1 -8 -2 0 7 0 0 2 -2 0 -1 2 0 0 -6 1 0 2 0 -4 2 1 0 0 0 2 0 0 4 -1 2 2 0 0 61 -2 0 1 0 -3 0 -2 0 0 0 2 0 -5 -1 -4 3 2 -2 0 4 2 -3 0 2 2 0 0 0 2 0 0 0 0 -6 0 0 0 2 4 0 -2 -4 0 1 4 -1 0 -2 2 0 2 0 2 0 0 0 2 0 9 6 0 -1 0 6 4 0 -4 1 -6 0 0 -2 0 0 -2 1 -4 0 0 -1 -4 2 -4 4 0 4 2 0 0 4 -6 -1 0 0 -2 -2 0 2 0 0 -1 2 1 -3 0 6 0 -6 0 6 -1 6 2 0 8 0 4 4 0 0 0 0 4 0 -4 -6 2 5 0 4 -2 0 0 0 0 3 0 0 -14 0 -4 1 0 4 2 2 0 -4 4 0 0 -2 0 2 0 4 -3 0 0 -2
0 1 -2 0 4 -4 0 -8 -1 2 -2 0 1 4 2 -2 -1 -3 2 0 2 -2 -2 1 0 2 -2 -2 -4 -2 0 0 -2 0 2 0 -2 1 0 0 -1 -2 1 -1 -1 0 2 -4 -1 4 0 0 0 0 -3 0 -4 2 -1 0 0 1 2 0 5 0 2 0 -2 -3 -1 1 0 0 -1 0 -2 3 2 -1 2 -2 -1 2 5 -4 -6 0 -3 4 1 -2 4 4 -1 2 8 0 -4 0 5 0 2 0 0 -2 4 -2 0 1 0 0 2 -4 4 2 0 -6 0 4 1 0 0 3 4 9 -2 0 4 -2 -2 -4 -4 3 4 0 -4 1 2 4 0 2 0 4 6 -6 0 -2 -1 4 2 -4 0 -2 -4 -3 3 0 0 -10 4 2 -3 0 -2 1 2 2 0 -6 -2 1 0 4 0 -2 0 0 8 1 0 4 4 4 0 0 0 4 0 4 0 1 -3 1 -4 1 2 -4 0 -2 -2 1 -2 -1 0 -2 -3 0 -3 0 0 0 -4 0 -5 0 0 0 -2 -1 1 2 -4 -3 -2 0 -6 0 8 0 -4 0 0 -4 0 3 0 0 0 -4 0 0 4 -4 2 -2 0 2 -2 -2 56 2 0 1 0 0 2 0 -4 -2 0 0 -4 -4 0 -3 0 2 -4 -3 4 2 4 5 -2 0 6 -2 -1 -1 -2 0 -1 -4 7 5 -2 0 4 2 4 0 0 2 0 0 1 -1 0 2 -3 0 -1 -2 3 2 0 1 1 -4 1 2 1 2 6 3 0 0 -2 -3 8 2 0 1 -2 1 0 0 2 0 5 4 5 -1 0 0 -2 0 2 -1 0 0 3 0 4 4 -1 -2 0 0 -6 1 0 0 -1 3 0 -2 4 2 0 -4 0 -1 -1 -2 0 0 -2 -4 1 2 0 -1 3 1 -4 0 0 4 -1 6 -4 1 0 -2 0 2 5 0 0 0 -4 2 4 0 -6 -4 -4 2 3 -1 0 -2 10 0 -2 0 -1 0
-4 6 6 0 -2 1 -1 2 0 0 -4 0 0 0 4 0 -4 0 -4 -6 2 0 -2 0 0 0 2 0 0 -2 0 2 -4 0 -4 0 4 2 0 0 3 4 5 6 6 0 2 0 0 2 4 4 -2 0 -4 0 0 -4 -2 0 0 4 0 -4 -3 -2 0 5 -2 -6 -2 6 0 -3 0 4 -2 2 -1 1 -1 -8 0 0 4 0 0 2 2 0 3 2 -2 0 0 0 0 -4 0 4 2 0 -2 2 2 2 0 0 2 0 0 -8 -2 0 0 0 4 0 -4 0 4 -6 -2 -2 0 -2 -2 -4 -4 0 0 0 0 -4 0 -4 0 -5 3 1 -2 2 0 2 0 4 0 -2 -4 0 0 0 0 0 0 -8 2 -2 -6 0 4 1 -6 0 4 0 0 -4 1 4 1 4 0 0 0 0 0 3 0 -3 -1 -4 6 2 0 4 0 0 2 4 -2 -4 6 0 0 0 0 0 2 0 0 -2 -7 3 0 -3 2 0 0 -2 0 0 0 4 6 -4 0 0 3 -1 0 0 2 0 -2 0 -4 -4 0 -8 2 -2 -4 2 4 0 0 0 0 -2 0 -3 2 -2 4 0 0 0 4 0 2 64 -1 1 0 2 0 -1 2 0 4 0 4 0 0 4 0 0 0 0 -1 6 4 0 -2 4 5 -4 0 0 2 4 2 8 0 8 0 8 2 0 4 2 0 0 0 -6 0 2 0 -8 -4 0 0 -2 2 0 0 0 2 -2 0 0 3 0 0 0 -4 0 0 2 4 0 1 0 0 0 0 0 0 2 1 0 -1 0 0 4 -2 0 -4 2 -2 5 2 2 0 -2 -2 2 0 0 4 0 0 -2 -2 2 9 -2 0 -3 0 0 3 -4 -4 -2 0 6 -4 -2 2 0 -4 0 0 -2 2 4 4 0 0 -2 4 0 2 0 2 -2 2 0 -6 0 3 0 0 0 0 0 -2 4 -2 0 4 0 2 0 0 2 -5 4
0 0 0 0 0 2 -1 0 0 0 0 0 -1 0 -2 0 2 0 0 0 0 2 -2 0 0 0 2 0 0 2 0 0 0 0 0 0 0 0 -2 0 -1 -4 0 0 0 4 0 4 0 0 -2 1 0 0 0 0 0 0 0 -4 0 0 4 0 0 0 -1 0 0 0 0 -3 -6 2 4 0 -4 -1 0 0 0 0 -2 0 0 0 0 0 0 0 0 0 0 0 1 2 0 -5 0 0 -2 -2 0 0 -2 0 -2 0 0 2 2 0 4 0 0 -4 2 0 0 0 -1 0 0 0 0 0 0 0 0 0 0 0 0 0 0 -2 0 0 0 -2 4 0 0 0 3 0 0 0 0 0 0 0 0 0 0 0 2 -2 -1 0 0 0 0 0 0 0 0 0 1 0 1 -2 0 0 0 -2 0 1 0 -2 0 0 0 0 2 0 1 0 0 0 -2 0 0 2 2 -2 0 0 0 -1 0 -1 -2 0 0 0 0 1 0 0 0 0 0 0 -2 -2 4 0 4 3 -2 0 -4 0 4 -1 0 0 -1 -2 1 0 0 0 0 0 0 0 0 -2 -1 0 0 0 1 0 0 0 0 1 0 -1 15 0 2 0 -2 -1 0 0 3 0 0 -2 0 -3 0 0 0 0 -1 0 3 -2 0 0 0 0 0 0 0 2 1 0 0 0 0 2 -4 0 0 0 0 0 0 0 0 0 0 0 0 0 0 0 2 -4 0 0 -3 0 0 -1 -2 0 0 0 0 0 -2 0 0 -2 0 0 0 0 0 -2 0 2 0 0 0 0 0 0 0 -4 0 0 0 -1 -2 -2 2 -4 0 1 0 0 0 0 -1 0 0 -1 0 4 0 0 0 -4 -2 0 0 0 0 0 -2 0 4 0 -2 2 0 2 0 0 0 0 0 -2 0 0 4 0 0 0 -2 0 0 0 0 -4 0 0 -2 0 0 0 0 0 0 0 0 0 0 -1 2 1
0 2 0 4 1 -3 1 4 2 0 -2 0 2 0 4 5 1 -1 -6 0 4 0 2 -1 0 2 -1 -2 -6 0 0 1 -3 4 2 -2 4 4 4 0 4 1 0 -4 0 4 0 0 -4 0 0 0 1 0 -2 2 2 0 4 4 0 0 -7 0 2 0 4 0 2 2 0 -2 0 -1 0 0 0 -2 -4 -8 2 0 0 0 5 -4 -1 0 0 0 -6 0 1 0 0 2 0 0 0 4 0 0 0 0 -2 0 4 0 0 -1 0 -6 0 -4 2 0 0 0 0 0 0 2 1 0 4 6 2 3 0 0 4 0 1 -4 2 0 2 2 0 12 0 0 1 0 0 -2 2 0 0 0 0 -4 0 2 2 2 4 2 0 0 -4 0 0 0 2 -2 0 2 1 4 0 -2 0 0 0 0 0 0 -4 -2 4 7 2 1 0 -2 0 0 -2 -2 2 3 2 0 0 -1 2 2 0 -1 -4 0 0 1 2 -1 3 0 4 0 0 0 6 -5 -2 0 0 4 2 4 0 0 0 0 -2 4 0 1 0 0 0 0 4 4 0 -1 -2 -4 0 2 0 0 4 -2 -2 0 -2 -4 -4 0 1 1 0 49 0 4 0 0 1 0 -8 0 -4 0 -4 -2 0 -2 0 3 4 0 0 1 0 0 2 0 -3 2 0 -2 5 -4 0 0 0 0 2 0 -4 1 0 0 -1 -2 0 -4 -2 0 4 0 -4 -6 -2 -1 -6 0 0 0 0 0 0 0 0 -2 0 -4 -2 -2 -4 -2 0 2 -4 0 -2 -4 0 0 8 -4 1 1 0 -2 -2 0 -4 6 0 6 5 0 -3 4 4 0 0 0 0 0 -2 0 2 -1 -4 -2 -4 2 0 1 1 0 -6 -1 3 0 0 0 0 0 0 1 3 -4 -5 -2 0 -2 0 0 0 -2 0 0 0 0 -3 2 -1 -2 2 0 0 0 0 0 -2 0 0 0 0 -4 4 0 4 0 0 4
0 -2 -2 -4 -2 -4 -4 -4 -1 0 -1 0 0 0 0 0 0 3 0 0 0 -3 0 0 0 0 4 -2 4 4 0 -4 0 -2 7 -2 0 -4 2 0 -2 0 2 0 0 0 2 -4 4 0 0 0 0 0 3 -2 0 0 -2 -2 0 0 0 5 4 -2 0 2 4 0 -3 -2 -4 0 -2 2 0 -2 0 -3 0 10 0 2 0 -4 -2 0 -4 0 6 -1 6 -4 0 0 -4 4 0 0 -6 1 0 0 -4 2 6 -2 -1 -2 6 6 -4 -2 -4 0 0 0 2 0 0 0 2 4 0 0 0 0 0 0 0 1 0 0 1 -1 -2 0 0 0 0 2 0 4 0 0 0 -4 0 0 1 3 0 4 0 0 1 4 0 0 0 0 2 0 -4 1 -4 -4 4 12 0 -2 -4 0 0 0 0 -4 0 0 -6 0 0 -1 0 0 0 6 -4 5 2 -2 0 0 0 -2 0 2 1 0 0 4 0 0 -2 -5 -4 -2 3 -2 0 0 0 0 0 2 1 0 0 0 0 0 0 0 0 6 0 0 0 0 3 2 -4 0 -4 -2 0 6 0 -4 0 0 4 0 2 -2 0 -4 0 -3 0 0 2 0 58 1 0 -4 0 0 -4 1 0 2 0 4 0 4 0 0 -2 4 0 4 -4 0 -2 0 -5 2 -4 6 2 4 0 -6 4 1 0 -4 0 0 0 0 -2 2 0 2 -1 4 0 -8 -1 0 0 0 0 8 0 -2 -2 0 0 2 -1 0 7 -6 -2 2 0 2 -2 0 0 -1 0 0 -2 0 2 0 0 -4 2 -8 0 0 0 -2 0 0 -4 0 0 -4 3 -4 0 -8 3 0 -2 4 0 -6 -1 8 2 0 0 4 -4 -4 8 0 0 -2 0 0 -2 0 -4 4 0 0 0 -5 0 0 -2 4 8 -4 0 2 0 -2 6 0 4 0 -1 -4 0 -2 0 6 0 -4 3 -2 0 0 2 4 -4 -2 8 4
0 4 0 2 0 0 0 -2 0 0 0 0 0 0 0 0 0 0 6 2 0 -2 4 0 8 0 -2 0 -2 0 0 -2 0 4 -3 0 0 0 -4 0 0 6 0 8 -6 -2 0 -2 0 0 -2 0 0 0 4 0 0 0 -4 -2 -1 8 0 -2 -4 0 1 0 6 0 0 0 0 0 -4 -1 0 -2 0 -3 0 0 1 2 -6 4 1 0 0 0 -5 -2 -2 0 2 -6 0 0 -2 0 4 -2 -4 0 0 0 0 0 -1 4 2 0 2 0 0 -4 0 0 2 0 0 0 -2 0 0 0 0 0 0 0 0 -4 4 2 8 -2 4 0 0 -2 0 2 2 0 2 2 2 0 4 -4 0 4 0 0 0 0 -1 2 0 0 4 3 4 2 0 0 2 0 4 0 0 0 0 0 0 2 0 0 0 0 6 0 0 0 1 0 0 0 0 0 4 -2 0 2 -2 -2 0 -6 8 2 4 0 0 0 0 0 -4 0 0 0 1 -2 0 -8 0 0 6 -4 3 -2 0 0 3 0 0 0 2 0 0 2 0 2 0 -4 0 1 4 -4 -2 -2 3 -2 4 1 2 2 2 0 2 0 0 2 0 4 1 57 0 -2 -2 0 0 -3 0 2 0 0 -2 2 0 0 0 2 0 2 2 0 2 0 -1 0 0 4 -6 0 0 0 0 2 12 0 0 0 0 0 -2 0 0 0 -2 0 0 0 0 0 0 0 0 0 4 0 0 0 2 12 0 0 8 -4 0 -4 0 2 4 0 0 0 2 -6 0 0 -6 -6 0 0 0 4 -4 4 6 2 4 -4 2 -2 0 0 -1 0 0 0 0 0 0 4 0 0 0 -2 0 0 -4 0 0 4 6 0 -2 1 4 -1 -4 3 -8 0 6 0 0 -8 0 0 0 0 2 -2 -8 0 0 -3 0 0 -4 0 -2 0 4 0 0 -2 -4 0 0 -1 -4 -8 2 -2 0 0 -2 -4
0 0 2 -4 0 0 2 -4 0 0 0 0 0 0 4 1 0 -2 -2 0 0 0 4 -2 0 0 0 0 -4 0 0 0 0 0 2 1 0 0 0 0 6 -2 0 -2 0 0 4 0 0 4 0 0 0 0 1 0 4 0 -3 0 5 6 -8 0 0 2 0 2 0 4 2 1 4 2 4 0 4 4 0 0 0 0 4 0 4 0 0 2 0 0 0 0 0 0 0 -4 0 0 0 0 0 0 0 6 4 0 2 0 0 0 0 -2 -4 0 4 0 0 -4 0 2 1 0 0 0 0 0 0 0 4 0 -2 0 0 0 0 0 6 2 0 4 0 4 0 0 -4 -2 0 0 2 -2 4 0 -1 0 0 0 -4 0 0 0 0 0 4 -4 -2 0 0 0 0 0 -4 0 0 4 -2 0 -2 0 0 3 0 0 0 2 0 -5 0 0 0 -2 0 0 0 2 -4 6 0 0 -3 2 0 0 0 0 0 4 0 4 0 0 -2 0 1 0 0 4 0 -4 0 -4 0 2 -2 0 0 4 0 0 0 0 -4 0 2 4 0 0 0 2 0 0 4 0 0 0 4 2 0 0 -8 -2 2 0 -2 0 0 0 35 8 0 0 2 0 0 0 0 -2 0 -4 0 0 -4 0 6 0 -4 0 0 0 -4 8 0 0 2 0 2 -6 0 -4 0 2 0 0 0 2 0 -4 0 0 -1 4 0 -4 0 0 0 0 0 0 0 2 2 2 0 0 0 0 0 0 0 4 0 0 -1 0 0 0 0 -1 -2 2 0 -2 0 0 0 0 0 0 0 0 0 -2 0 0 0 -4 0 0 4 0 0 -2 -2 -1 0 6 0 -2 0 0 4 0 0 0 0 0 -2 2 4 0 0 -2 0 -4 0 4 0 3 1 -1 -1 0 -4 0 -2 0 4 -6 -2 0 2 0 -2 0 0 2 0 -2 0 -2 4 0 -2 -1 0 0 4 -4 0 2
0 -2 0 -2 0 -2 0 4 0 0 4 0 2 0 0 -2 0 0 2 -4 3 10 0 -4 2 -4 -4 0 0 -4 5 -6 0 0 5 0 0 0 0 4 -1 0 0 0 0 -2 0 2 0 4 0 -4 -4 0 0 0 8 -2 -2 0 1 -4 -4 2 2 0 1 0 0 0 0 0 0 6 2 5 0 2 0 0 0 0 4 2 0 0 -2 2 8 -2 -4 0 1 4 0 0 0 -1 0 0 0 0 0 0 12 4 0 -4 0 0 2 0 0 2 0 0 0 0 0 2 -2 0 1 -4 0 -2 -4 -2 0 0 0 0 4 0 -4 -1 0 0 0 4 12 -2 -3 0 -10 0 0 6 2 4 4 0 0 4 0 0 0 2 -2 0 2 -3 4 -6 0 -4 2 0 0 -2 -4 0 0 2 -10 -2 -4 6 4 0 0 0 2 0 -4 -8 0 0 0 2 0 2 0 0 0 0 0 0 -4 4 0 0 -4 0 -4 0 -2 4 0 0 -3 0 0 0 -4 0 -3 2 0 2 -2 0 -3 2 -4 0 0 0 0 -2 0 -4 4 4 -2 -4 2 -2 0 4 0 0 0 -1 5 2 -6 0 0 0 0 -1 -1 0 -4 -2 8 61 2 4 4 0 0 0 0 0 0 0 0 -2 -4 0 -2 4 2 -4 0 0 -2 8 -2 -4 4 -2 -2 0 0 -4 0 2 0 0 0 0 0 0 -4 -6 0 -4 0 -4 -4 0 4 8 0 0 4 2 0 0 0 0 4 4 0 4 6 0 0 -10 0 1 0 -4 0 8 2 -4 5 0 1 4 0 0 -4 -2 0 0 0 4 2 0 4 -4 1 0 0 4 4 -4 -2 0 0 -1 1 4 0 0 4 -4 -4 -2 0 0 2 0 4 1 8 -3 0 2 6 2 0 0 -4 -2 -2 4 -6 0 -2 0 0 2 0 1 0 -4 0 0 0 2 0 2 0 4 10 0 0 4 0 0 6 -4 1 0
-4 -2 3 -4 2 0 0 2 -4 0 2 4 0 0 -4 2 -2 4 -2 -2 -2 -1 1 0 -4 1 4 -2 -3 1 0 -4 -4 4 -2 3 2 -2 2 2 0 0 -4 5 1 4 3 4 0 0 -6 0 0 0 -1 4 0 8 -2 -1 -2 -10 0 2 0 -2 -2 2 -4 1 0 -4 0 -6 0 0 0 2 4 4 0 0 -2 0 2 -3 0 2 0 0 2 3 2 5 -3 -6 0 -6 1 0 0 3 0 -4 0 -2 -4 0 0 -2 0 1 2 6 3 1 -4 0 2 0 -2 -2 0 0 1 0 0 -1 5 -2 6 3 3 -2 -4 -2 2 2 0 0 2 2 3 0 2 -3 0 0 -4 1 3 -2 0 0 4 -2 0 2 -5 4 -4 0 -1 2 -1 -6 2 4 0 0 0 -2 4 2 -2 -4 0 -6 1 2 0 2 0 0 2 2 0 2 0 -2 4 0 -4 2 2 -4 2 0 0 0 0 0 0 1 0 3 2 -1 2 0 -2 2 0 0 2 0 0 8 2 -3 0 2 -2 1 0 -2 -1 0 0 0 4 0 -1 -1 2 1 -1 4 -1 0 0 0 1 -2 0 0 -2 4 -4 0 -4 2 0 1 0 -2 0 2 59 2 6 0 2 4 0 0 -6 2 0 0 0 0 4 -4 0 0 -8 -4 0 2 3 0 0 3 0 2 0 2 -5 0 -3 0 -5 5 -4 -2 -2 -4 0 0 0 8 -2 0 0 0 4 0 2 0 -6 0 -2 2 0 0 0 -1 -2 4 1 0 5 0 2 2 -5 2 4 0 4 -2 6 0 0 -3 -4 0 -4 -4 4 0 0 2 0 2 1 -4 2 -2 7 2 2 -1 2 2 -4 0 0 -4 1 0 0 1 2 0 0 0 0 2 0 -1 0 0 -6 -4 0 0 -2 -2 -2 0 0 2 2 0 0 -2 2 2 -4 0 4 0 0 1 0 0 6 0 2 -2 2 -4 4 0 0 5 4 0
0 -4 4 2 0 0 4 0 -2 0 2 4 0 0 0 -1 4 2 0 -4 -2 0 4 0 -4 0 0 0 -4 0 0 -4 0 0 0 0 0 -4 -2 0 2 -2 0 4 2 4 0 0 -4 2 1 0 -2 0 0 4 0 0 0 3 -4 0 0 0 0 -8 0 0 -2 0 0 -2 -4 0 0 0 0 -1 -2 4 0 0 2 8 -4 -4 4 0 4 1 0 2 0 4 0 0 0 1 2 -1 -2 0 0 0 4 0 -2 0 0 2 0 0 -2 0 0 0 4 0 4 -2 0 0 0 -4 0 0 2 2 -4 -6 0 0 0 -4 0 -2 0 -1 0 0 8 2 0 0 -5 2 -4 0 -4 0 -4 -4 0 1 0 4 0 4 2 8 2 0 0 0 0 0 1 -1 0 -1 4 -2 0 1 -4 0 -2 4 4 0 -2 1 4 0 0 0 -2 4 2 0 4 0 2 6 0 4 0 0 0 0 -2 0 0 2 0 6 0 0 -1 0 0 5 0 0 0 -2 0 0 2 0 3 -2 0 0 -2 0 1 0 0 0 0 -2 4 0 2 -8 2 0 2 2 6 0 0 -1 -4 0 4 -4 0 0 -2 0 0 0 0 0 0 4 2 41 0 -2 0 -2 -2 0 0 2 0 0 0 2 -4 0 0 0 0 -1 0 -1 0 0 0 0 -6 2 0 -2 2 0 3 -4 0 0 0 2 0 0 0 0 3 0 0 4 0 0 0 4 0 -4 1 0 2 -1 0 0 0 -2 0 0 0 2 0 0 0 0 0 2 4 0 4 0 0 2 -2 0 -2 0 0 4 0 -4 4 0 -1 -1 0 -4 4 4 0 0 0 0 0 0 0 0 0 0 0 0 0 0 0 5 0 0 0 0 6 0 0 0 0 0 0 0 -4 4 -2 0 0 4 4 0 0 0 2 0 0 0 0 0 -2 0 0 -2 -1 0 -4 0 0 0 0 0 0 0 4 0
2 0 2 0 -2 6 2 0 0 0 -1 0 0 0 0 0 2 4 -4 -4 6 4 -2 -2 0 0 -8 2 1 -4 -2 2 4 4 0 0 4 2 1 0 4 2 0 8 1 4 -2 8 4 0 2 0 -2 -1 2 0 0 2 -4 -4 0 -2 6 -6 -4 0 -4 0 -1 -6 0 6 -4 2 4 0 0 0 4 0 0 2 0 -4 -6 1 -2 0 6 0 0 1 0 2 -1 -3 0 -4 0 0 0 -4 0 -2 0 2 4 0 0 2 -2 -2 -1 4 -6 -4 2 -4 0 -1 1 0 0 0 0 0 1 -6 6 -1 2 0 -2 -4 -2 2 4 -2 0 0 2 4 6 0 1 -2 2 0 2 0 1 -4 0 -1 0 0 2 -1 1 0 3 4 -2 -2 0 -4 8 0 0 0 0 0 0 4 3 2 1 1 -1 3 4 2 0 0 -2 4 -2 2 0 -2 8 -4 5 2 0 0 -2 2 1 5 -2 1 2 0 0 -1 2 2 1 -2 0 0 -4 2 0 2 4 -8 0 1 -2 0 -4 4 0 -2 0 0 0 -6 -4 4 1 -1 0 -1 2 4 0 0 2 1 -2 1 4 0 0 -1 -2 2 0 4 3 -8 -4 0 2 4 6 0 59 0 1 -2 -5 0 2 2 2 0 2 -2 -3 2 -4 3 0 2 0 0 0 4 3 -2 1 -1 0 2 0 -1 6 -2 0 -2 2 -4 -4 -2 1 0 -2 4 0 0 6 2 2 0 1 -4 0 0 -4 0 0 4 0 2 -2 0 0 0 -1 4 -2 0 0 0 0 4 -4 0 0 5 -2 -2 6 6 0 1 0 2 -4 2 1 4 -2 -1 6 6 4 0 6 0 -4 6 5 2 0 0 3 -8 0 -9 0 2 1 0 0 0 0 0 0 -1 -2 0 0 4 0 8 -1 -1 -5 2 6 -2 0 2 4 0 -2 0 0 -1 0 -4 2 0 -1 0 0 0 2 4 0 0 1 0 0 -5
0 0 0 1 0 2 -10 -2 0 0 0 3 0 2 2 2 0 0 -2 -4 -2 0 0 -1 -2 0 -2 2 2 4 0 -2 -2 1 -1 0 0 0 0 -2 4 5 4 1 4 -4 4 0 0 0 0 0 3 0 2 0 2 2 0 3 -2 0 0 0 -2 3 0 2 0 -4 -4 -1 2 0 -2 0 2 2 2 -4 0 0 4 0 2 3 0 -2 -4 -4 0 0 0 0 2 0 -3 0 0 0 0 0 -4 0 0 0 -1 0 -1 -4 2 0 0 0 0 -2 0 0 -4 0 4 0 2 0 0 0 -1 0 4 0 0 2 0 0 4 -2 0 -2 -6 -1 0 0 0 0 4 2 -4 -1 0 0 0 2 0 -2 0 0 0 -4 0 0 0 -4 0 0 -1 -2 6 -3 0 -1 -2 0 0 -2 2 0 2 -2 0 0 2 0 0 -4 0 -7 -4 0 0 4 0 2 -1 0 2 -1 0 3 3 0 2 0 0 2 -1 6 1 0 -4 1 0 -2 -4 4 1 2 1 -2 4 0 0 0 0 0 0 0 0 0 -2 0 4 4 0 -2 -2 -6 -3 0 0 0 0 0 0 4 -4 -2 0 4 0 0 0 0 0 0 1 -3 0 0 0 -2 0 43 -7 4 0 -4 0 3 0 0 0 -2 4 2 4 0 2 0 -1 -2 0 2 4 1 0 -2 0 0 -4 0 -2 0 0 -2 0 0 0 5 2 6 -4 0 1 0 0 0 -4 -2 0 -1 0 6 0 1 0 0 0 0 1 0 0 -4 2 -2 2 0 1 2 0 2 4 0 2 4 0 0 -2 -4 -4 4 -1 2 0 0 -2 0 0 0 0 -2 4 0 0 -4 0 2 0 4 4 0 0 0 0 0 4 0 0 1 0 0 0 -4 -2 0 0 0 0 2 0 0 0 1 0 -4 0 0 2 0 0 0 0 -2 0 0 -8 0 2 4 0 -8 0 0 0 2 2 6 4 4 2 0
-4 0 -1 0 -1 0 4 -2 6 -2 0 -2 0 0 0 -1 2 -1 6 0 1 2 -4 9 -2 -4 0 0 -2 0 0 5 -10 0 0 0 -4 -6 0 0 -1 -4 0 0 -4 1 0 0 2 2 4 1 0 4 -1 0 -2 0 0 -2 2 0 0 0 1 3 -6 2 0 0 -4 0 0 -1 0 -4 4 -2 -2 3 4 0 -2 0 -4 -2 -6 0 4 -4 0 0 -1 2 -7 0 -2 0 0 0 0 -6 -2 0 7 0 -2 1 0 0 -4 2 0 -2 0 0 -4 0 4 -2 0 -2 2 -6 -1 0 0 2 0 0 -2 4 2 6 0 0 0 4 0 1 -5 2 6 2 -2 4 -1 -2 3 -4 -2 2 -2 1 0 2 2 7 0 4 4 2 0 -4 1 0 -4 8 0 4 4 -2 -4 0 2 4 3 0 -4 4 -4 -2 -1 0 0 -4 4 2 2 0 -4 -4 -1 0 1 -2 0 -2 2 0 -1 0 2 2 4 6 -4 -6 3 -4 -1 -2 8 3 0 2 4 6 0 0 0 0 0 -3 0 0 2 7 -4 8 0 2 0 -1 14 4 0 7 6 -2 -2 0 -6 2 9 0 -4 -2 2 -5 -4 4 0 -4 0 0 0 0 2 0 1 -7 79 0 0 4 2 1 11 0 0 0 2 0 -6 0 -2 6 0 -2 4 0 0 4 2 2 6 2 8 -6 -4 0 2 0 0 2 8 9 0 2 -3 5 0 4 -6 -4 1 2 1 1 4 0 0 10 3 1 2 6 -2 4 2 2 -10 2 -2 -2 -3 -2 0 0 -3 4 0 2 -2 8 -2 4 2 0 -4 -4 2 6 0 3 4 0 0 0 0 -2 -5 8 1 -2 0 2 4 0 -8 2 4 3 -2 -3 0 0 0 4 2 0 2 0 4 0 0 -2 -2 -4 1 0 4 -2 0 2 0 2 10 -4 0 3 2 0 4 0 4 2 2 0 4 0 0 -1 -6 3 3 0 0 0
4 0 -2 0 2 -1 2 -4 2 -1 -4 0 -4 1 1 2 4 -4 0 2 -2 -2 0 0 -4 0 -4 0 0 2 0 0 6 4 -4 -4 -1 0 0 0 -2 4 0 -2 0 0 4 0 0 0 0 0 4 0 4 0 1 4 0 0 0 0 -2 -2 0 0 0 4 -4 -2 0 0 9 0 -2 0 0 2 0 -4 0 -2 -4 0 1 0 0 0 4 0 0 2 6 4 -4 -2 -4 0 -2 2 0 0 0 0 0 2 -1 -1 -6 0 4 0 -2 0 0 4 0 0 0 4 -2 0 2 0 -2 -2 2 0 4 -4 0 0 9 0 0 -2 0 6 1 0 -2 0 0 0 -6 0 0 0 0 2 0 0 -1 0 0 0 -8 0 0 0 -1 6 -4 0 0 0 0 0 0 -3 0 -4 7 -1 0 -1 0 -1 0 0 0 -4 -2 -1 0 0 0 0 0 0 2 0 -4 -1 1 0 6 0 1 -6 -4 -1 0 0 2 5 -2 0 0 -4 0 -3 0 -2 2 4 0 0 0 0 2 0 4 2 0 1 0 -2 0 -2 4 0 0 0 0 0 0 0 0 0 -4 0 2 -2 0 0 0 4 0 -1 -4 0 -2 0 2 2 0 0 4 -2 -2 4 0 50 1 0 -4 0 -4 0 -4 4 -2 -2 0 0 4 0 2 0 -4 -4 -2 -2 0 -2 0 4 0 -2 -2 -1 0 -1 -2 -2 0 0 2 2 0 0 0 0 -1 0 4 0 -1 2 0 4 0 0 0 0 -2 0 2 -2 5 0 0 0 2 0 0 0 6 0 0 -8 -10 2 2 -4 0 0 -2 -2 0 1 -4 0 0 -4 -4 0 0 -1 2 0 -4 -2 0 2 -4 0 2 -2 -2 0 0 2 0 0 0 -2 -2 0 -1 -2 2 2 0 0 4 0 4 0 0 4 4 0 -8 -4 0 0 4 0 0 0 -3 0 0 2 1 4 4 -8 -4 -2 0 0 5 0 -3 0 -4 0
2 2 -2 0 2 4 0 0 4 -1 1 0 1 0 0 0 -6 0 4 4 -2 0 0 -2 -4 -4 -4 2 0 -2 0 -2 0 0 0 0 0 0 1 0 4 -4 0 -6 0 0 4 0 0 -2 0 0 -1 0 0 0 0 0 4 4 1 0 4 4 0 0 0 0 1 -2 0 0 1 0 -4 2 0 -4 0 -2 0 0 -2 4 0 0 2 0 -2 0 0 0 0 -4 0 0 2 4 -2 -4 1 0 -4 0 3 -4 -4 -1 0 0 -6 2 -5 -6 2 -2 0 0 0 -2 0 -4 0 0 0 4 0 2 0 1 0 0 0 8 0 4 2 0 -4 0 0 2 0 0 0 2 4 0 4 0 0 2 0 0 0 -6 0 0 0 0 4 0 0 0 -2 0 4 0 2 0 0 0 3 0 0 0 0 0 0 0 -2 -4 0 -2 0 4 1 0 1 0 -6 2 2 0 0 -1 4 0 5 0 0 4 -4 4 0 0 0 -4 4 4 0 0 4 0 0 0 0 0 -2 0 -2 0 0 2 -1 0 0 2 4 6 0 4 -8 0 1 -2 0 0 0 0 0 0 -2 0 0 0 0 0 0 -4 0 0 0 -4 0 0 0 0 0 -2 -5 0 0 1 49 0 0 4 0 4 -4 -4 2 0 4 2 -4 0 0 2 0 0 0 0 2 0 2 4 0 -2 -6 -1 0 6 4 4 4 0 -2 0 -4 0 0 -4 0 0 2 0 -1 3 0 0 -4 0 2 0 0 0 -2 0 4 4 4 0 0 0 2 0 6 4 0 0 4 -1 0 -4 -4 0 4 0 2 0 0 -2 0 1 2 1 -2 0 2 0 4 -2 -2 0 6 2 6 0 0 0 1 4 0 -2 2 0 -1 0 0 0 -2 0 0 6 4 0 0 2 2 0 0 0 0 0 4 0 2 0 4 0 2 -6 0 -2 -1 0 -6 0 4 0 0 1 1 0 -8 3 0 0
0 1 0 -1 0 -2 -3 0 4 0 0 0 0 2 2 -4 4 0 0 0 2 -2 0 -6 0 0 0 0 0 0 0 -4 0 4 0 0 -4 -2 0 0 0 8 0 2 0 -4 4 -2 0 0 8 4 0 0 4 0 0 0 0 2 0 0 2 0 -5 0 -4 4 0 2 0 -2 0 0 1 -2 6 0 0 2 -4 -2 -6 -2 0 4 0 0 6 0 0 0 2 0 -2 2 -2 4 0 0 -4 4 0 0 0 0 2 0 0 0 -4 -4 -8 0 4 0 0 0 0 4 -4 0 10 0 0 0 2 0 -4 -3 -2 4 0 0 -4 -4 4 -2 4 -2 0 0 0 0 2 -2 0 -6 0 -2 2 0 -2 0 -4 8 2 2 0 8 0 4 0 -6 0 0 0 0 -4 -2 3 0 4 -4 0 0 4 0 -2 -4 0 0 0 0 0 0 -1 -1 0 2 0 -4 2 0 2 -2 -2 2 -4 -2 -2 2 -4 -3 6 -2 2 0 1 -1 -4 0 0 0 -2 0 0 2 0 2 0 -2 4 -4 0 -3 2 0 0 0 3 0 0 0 0 0 0 2 4 0 0 -2 0 0 0 -2 0 0 0 3 -3 4 -3 -2 4 0 -2 0 0 0 0 -4 4 0 0 50 0 4 0 -1 0 0 -8 -2 -2 0 0 0 2 0 -4 -2 -4 0 0 0 2 0 9 0 0 0 0 2 0 4 -1 0 0 4 2 0 0 0 4 0 6 0 -2 4 0 -1 -1 8 4 4 0 0 0 -4 0 -1 2 0 -1 0 0 0 0 -4 -2 0 -1 -1 0 0 0 0 0 1 0 1 -2 0 0 -6 0 0 -2 -5 4 -4 0 -2 0 -1 0 0 0 4 0 2 4 0 0 0 0 2 2 0 0 -2 0 0 0 -6 0 -4 0 0 0 -2 0 0 0 0 2 0 -4 0 0 0 -4 4 4 4 4 0 0 0 -1 0 0 0 -4 0 8 0 -4 0
0 0 -2 0 0 0 0 8 0 4 4 4 0 0 4 0 0 0 0 0 -2 0 0 -2 0 -4 -10 -4 0 2 0 4 6 -4 4 4 4 -4 -2 0 -4 -4 0 0 0 4 0 0 0 0 0 0 0 2 -1 0 0 -4 6 2 -2 0 0 0 0 0 0 -4 -4 -6 0 4 0 4 4 0 0 0 2 0 0 0 2 0 -2 -2 -4 0 0 0 0 0 -2 -4 0 0 2 -2 0 4 2 0 0 0 -4 0 0 2 0 0 0 4 4 0 0 0 0 0 2 0 0 -2 0 -4 -4 4 0 -4 0 0 -8 0 4 -4 -4 0 0 0 -4 0 0 0 1 0 -4 0 4 8 0 0 2 0 4 0 0 8 0 0 0 0 0 -2 2 4 0 -4 -2 0 6 -2 0 0 -2 0 0 0 0 4 2 -1 1 0 -2 0 0 0 0 0 0 0 4 0 4 4 4 0 0 0 2 -1 2 0 0 4 0 2 0 4 0 -4 -4 -8 0 0 0 0 0 -6 0 0 0 0 0 4 0 6 -5 0 4 -2 0 -2 0 -4 0 0 2 -6 0 0 0 2 -2 0 0 0 0 0 0 2 0 0 0 0 0 -2 0 0 -6 0 2 0 2 -4 0 0 57 0 0 0 0 -4 0 1 0 2 4 4 0 -4 6 0 -4 -2 -2 -2 0 -4 2 -2 2 0 6 -8 4 0 0 0 -1 0 0 0 4 0 0 0 0 0 2 4 4 0 0 6 0 -4 4 4 0 0 0 0 -2 0 0 8 6 6 0 0 0 5 0 0 0 0 -2 0 -2 -2 0 2 0 6 0 0 0 0 -2 0 0 -6 4 0 0 0 4 -2 0 0 0 0 -4 0 6 2 0 0 -2 4 0 4 4 0 4 0 0 2 2 0 0 -2 2 0 4 -4 -4 0 -4 0 0 0 0 0 0 0 0 4 0 -2 0 0 -2 0 0 2 2 -2 -4 4
0 0 2 0 4 0 0 -2 0 2 0 -3 3 0 6 3 1 1 -2 -4 0 -2 0 0 -3 0 0 0 2 0 -2 -4 -4 0 0 -2 0 0 0 0 0 -2 4 5 4 0 -4 -2 0 -6 0 2 6 -2 5 4 -3 -2 0 -3 -2 -5 0 0 0 -2 0 0 0 -4 0 -2 2 4 0 0 0 0 2 -4 0 0 -4 1 0 -2 0 0 -1 -2 6 2 2 -3 4 0 -3 4 -1 0 0 -2 0 -6 -4 0 -4 -3 0 0 0 2 0 -4 0 1 4 2 5 -2 2 0 -4 0 -2 0 -1 -2 0 -9 0 0 -2 0 3 -4 0 2 2 -8 0 0 -1 5 0 -4 0 -2 0 -4 1 4 -1 -1 0 2 6 5 0 8 -1 0 -5 0 0 0 9 0 0 -1 2 0 -1 0 0 -1 0 0 0 0 -1 0 -2 -8 2 -2 0 4 1 0 0 0 -2 0 0 0 0 2 0 0 0 7 -4 4 0 -2 0 0 2 3 6 4 4 0 3 4 2 0 2 2 0 0 0 -4 0 0 -4 4 0 -2 0 0 -2 -2 0 0 -3 2 -4 2 2 -1 0 0 1 0 0 6 0 -2 2 0 0 -2 4 2 -4 0 2 2 2 3 1 0 4 4 0 47 -2 0 0 -1 -10 0 0 0 0 -2 0 -4 -8 4 -7 -2 0 4 4 0 0 4 0 -2 -1 0 0 2 0 -2 -2 -3 2 1 0 0 0 -2 0 2 -1 0 0 0 0 2 -1 0 0 0 -4 -4 0 0 0 0 -1 -1 2 2 0 6 1 0 -1 -2 4 -6 0 0 0 2 1 -1 4 -3 0 -5 0 -3 0 4 2 2 0 1 4 4 -1 0 2 2 2 0 0 0 0 0 -2 0 -4 0 0 2 4 0 4 4 0 -6 0 0 0 0 -2 -2 2 0 0 0 1 0 2 0 0 -2 -2 1 0 0 0 -6 0 0 0 0 -4 0 4 0 -4 0
-2 0 -1 -2 0 0 2 0 4 0 -2 1 4 0 0 -4 4 4 2 2 0 3 2 0 0 -4 0 4 3 -1 2 0 0 0 2 -4 0 0 0 0 4 0 0 -4 0 0 6 -1 0 -4 2 6 -8 -4 0 1 -4 4 2 0 0 0 0 -4 3 0 -5 6 2 0 -2 0 0 6 0 -2 0 -4 -4 0 -2 0 0 0 0 0 0 1 -1 0 0 0 -1 0 0 2 0 -2 0 0 0 -4 0 0 0 0 2 -1 -2 -7 0 0 0 -5 4 0 0 0 0 -2 0 -1 4 -4 6 -1 -4 -2 0 0 0 0 4 2 5 0 0 2 4 4 0 6 4 2 -8 3 -3 2 -2 10 0 -4 2 1 2 0 -1 0 2 0 2 0 1 0 2 2 5 -6 1 4 -4 0 -4 6 2 4 0 0 -2 0 0 0 0 0 0 1 0 1 0 2 0 0 4 0 0 -2 -2 -4 2 2 -2 4 6 0 0 1 0 0 0 0 0 -4 4 -2 -4 8 0 2 5 0 0 0 -4 2 0 -2 8 3 0 0 0 0 -4 0 -2 4 -2 6 2 0 1 0 -2 1 0 0 0 0 -1 0 -4 0 0 0 0 0 0 0 0 0 2 0 11 -4 0 0 0 -2 52 0 0 -2 2 4 -1 0 0 4 -6 0 0 -2 0 2 4 0 0 -4 0 -6 0 2 0 0 -1 2 7 0 -4 0 1 0 0 0 -6 2 -8 -1 -2 -4 0 -2 -2 4 4 -4 1 6 2 -4 -2 -2 0 0 -4 -2 -2 2 0 4 5 -4 -2 0 -12 -2 0 0 0 0 0 -4 0 0 2 0 2 4 0 0 0 -4 4 0 0 -2 4 0 4 4 -4 0 0 -2 0 0 1 0 0 0 0 3 -4 4 0 0 0 -4 0 0 2 0 2 -4 0 -2 2 4 0 -4 0 1 0 0 12 0 4 0 2 4 5 0 -4 0 4 4 2 0 2 2
0 0 2 0 0 1 0 8 0 0 -2 0 0 0 0 0 -3 2 -2 0 -2 0 0 0 0 0 0 0 -4 -2 0 5 0 0 0 0 5 2 0 0 0 2 0 4 0 0 0 0 0 0 0 -6 0 4 -2 2 0 3 -1 0 0 0 5 -4 -3 0 0 0 0 -2 0 0 2 -6 -1 0 0 0 5 -2 0 0 -4 0 -3 0 2 4 0 0 2 2 -2 2 -1 0 0 0 0 0 0 -4 0 -4 0 0 -4 -2 2 1 0 2 -4 -2 0 4 4 0 0 -6 3 6 0 0 -4 0 0 0 -1 0 0 0 2 0 -8 -2 4 0 4 -6 -8 0 0 0 0 -2 0 -2 2 0 2 0 0 4 0 4 -1 -1 -1 -2 0 0 0 5 2 0 0 -2 8 4 -2 2 0 -4 0 0 -1 0 0 0 0 0 0 -1 2 4 0 0 0 0 -4 1 2 -2 0 1 0 4 2 -2 0 0 0 1 -4 0 0 0 1 -2 -1 -1 4 0 4 0 -2 0 0 3 0 -4 0 -1 -8 0 2 1 0 4 0 0 0 0 0 -2 0 0 0 0 2 1 -5 4 -1 0 0 -2 1 4 -3 0 0 3 0 0 0 -2 0 0 0 0 0 0 4 -1 0 0 0 42 0 0 0 1 0 0 -4 0 0 -2 1 0 1 0 0 0 -2 -1 0 0 -2 -6 0 2 4 0 1 -5 0 0 0 4 -2 2 0 0 0 0 0 1 0 0 1 -2 2 4 0 0 -2 0 2 0 0 4 0 1 -4 4 0 0 -4 0 -3 2 0 0 4 0 0 3 0 0 0 -4 0 0 -2 0 2 0 -2 0 -2 -2 0 -1 1 -4 0 0 -1 -2 0 -4 8 2 0 0 -4 4 -2 0 4 1 2 4 0 -2 0 0 0 0 0 2 2 0 0 0 6 0 0 -2 0 2 0 -2 0 4 -2 -2 5 0 -2 -2 0 0 -2 0 0 6
4 6 0 4 -2 0 2 0 0 0 -4 0 0 0 0 6 -2 0 0 0 2 0 0 2 0 2 0 0 0 0 0 -2 0 6 -2 0 0 0 8 4 0 0 1 0 0 0 0 -2 0 0 0 0 0 0 0 0 -4 0 2 0 6 0 -2 0 -6 1 4 2 0 0 0 6 4 2 2 0 0 0 0 4 0 4 0 -2 0 -2 0 -2 0 0 0 0 -1 0 0 4 4 0 0 0 2 0 0 0 -2 -2 -2 1 2 0 4 -1 2 0 0 -2 0 0 0 0 0 4 0 0 4 0 0 0 -4 0 0 0 -2 0 0 0 2 0 0 2 0 4 0 0 4 0 0 4 0 0 0 -4 0 2 0 0 2 -6 0 0 0 0 0 0 0 0 0 2 4 0 0 2 -4 0 0 0 0 0 0 0 2 8 0 0 0 4 0 0 0 0 4 0 0 0 0 0 2 0 0 0 -2 0 4 0 -5 0 0 -2 0 -4 2 0 0 0 2 0 0 0 0 -1 0 -2 0 0 -2 0 4 0 0 0 0 0 -2 -4 0 0 0 0 0 -4 0 -2 -4 0 0 4 0 2 0 2 4 -1 -1 4 -2 0 -4 -4 0 0 2 0 0 -4 -4 0 0 0 0 0 38 0 -2 2 0 0 4 0 0 -4 0 0 0 -2 0 0 -2 4 0 2 0 0 -4 0 0 0 0 0 0 0 0 -2 0 4 0 0 0 0 0 0 -2 0 0 0 4 0 0 0 0 0 0 3 -4 0 0 0 0 0 0 0 0 0 0 0 0 -2 4 0 2 0 0 0 2 0 -6 6 8 2 0 0 -2 0 0 0 0 2 0 -4 0 2 -4 0 2 4 -2 0 0 2 0 0 0 2 2 -2 0 0 -4 0 0 0 2 0 -4 0 0 0 0 0 2 0 0 0 0 -6 0 0 0 -4 0 4 0 0 0 0 4 0 0 2 4 4
1 0 0 0 4 0 3 -4 -4 -4 2 0 6 0 0 0 -2 0 0 0 0 0 4 3 -1 4 0 0 -1 0 5 0 -4 0 -2 -2 4 0 0 2 0 0 -2 -1 0 -4 4 -2 0 0 -2 -2 -3 0 2 0 0 0 4 3 8 0 0 -2 2 -2 2 0 0 -4 2 0 -2 -2 0 -2 0 0 0 2 0 -2 0 1 2 -2 2 0 -2 0 0 -2 -1 0 0 -4 6 2 4 0 1 2 2 0 0 2 0 0 2 2 9 -2 0 -2 0 0 2 0 2 0 5 0 0 -2 0 0 -4 8 4 -1 4 0 0 2 6 -2 4 2 2 0 -2 0 3 0 0 0 6 0 0 0 0 -6 0 -2 -4 0 -9 0 0 0 2 0 -2 0 0 0 2 0 -6 -2 0 0 0 0 2 4 0 -2 0 0 0 0 2 0 -4 0 0 0 0 4 0 -4 0 0 2 2 4 4 -10 1 -6 0 2 6 0 0 0 0 -4 -1 0 0 0 4 1 -3 2 6 0 2 0 0 -2 1 0 0 2 4 0 -4 2 4 4 6 0 0 1 0 0 0 0 2 0 2 3 0 2 -2 -4 -3 2 6 0 0 4 2 0 0 0 2 -2 -2 0 4 -4 0 -4 -1 -2 0 0 55 0 0 0 0 8 -4 -2 6 0 0 -4 0 2 10 0 -4 4 2 0 -4 2 -1 0 0 1 0 0 -4 -5 0 6 0 -1 0 0 0 -4 0 0 0 1 0 6 2 0 -6 2 2 4 4 -5 0 0 0 4 -3 0 1 0 4 0 0 4 -4 0 0 0 -4 5 -2 -2 0 0 0 0 0 0 0 -4 -2 0 0 -4 0 0 0 -1 0 1 -4 -1 0 4 4 0 0 0 0 -4 -6 8 0 0 0 -4 -3 0 0 0 2 12 0 0 2 -4 5 0 0 0 -1 -8 -4 1 0 -10 2 5 0 -1 0 3 0 4 0 0 0 6 0
-4 4 -3 0 2 0 0 2 -2 -4 2 0 0 0 0 0 0 0 -1 0 -8 -2 0 0 -4 0 2 0 2 0 -8 4 0 -2 0 -2 2 0 -1 0 -3 0 1 0 0 0 6 4 0 0 0 -4 -2 0 -4 0 -2 -4 0 2 1 6 0 10 5 0 2 6 -4 4 -1 -4 -2 4 2 -1 0 -1 -2 4 -2 2 0 -2 0 1 -4 0 0 -2 0 -5 4 0 -5 0 4 0 0 0 0 2 0 8 -2 0 2 0 -4 0 5 4 2 -6 -4 4 0 -2 -2 0 0 0 0 4 1 2 -4 0 4 2 0 0 -8 -4 3 0 1 -2 -4 4 -2 -2 2 -2 -4 4 0 0 2 -2 -5 -2 0 2 -6 0 2 -2 4 3 -1 -4 4 2 4 1 -4 -6 0 2 -1 2 4 5 -2 -2 -1 -6 -4 2 0 -4 -4 2 2 -2 0 0 0 0 0 -4 0 0 0 -1 2 -4 0 1 1 5 0 2 0 10 0 0 -4 0 -4 0 0 0 0 0 -2 -2 0 0 -4 1 -2 0 -2 -1 0 2 0 -4 -2 0 -2 4 0 4 0 -4 0 -2 -2 0 0 -4 1 -2 0 4 -2 0 4 4 3 0 0 0 6 -2 4 -4 -3 4 2 -2 2 -8 0 -10 2 0 -2 0 68 3 0 8 -1 0 -4 0 2 -4 7 0 2 -4 -2 2 2 -2 0 4 0 0 4 -2 0 0 4 2 0 0 0 0 0 2 -2 2 -2 -4 0 -8 0 -2 -2 0 1 2 0 1 -2 -3 4 -2 0 0 -2 0 -4 0 -4 0 2 -2 0 0 0 -4 0 -2 2 -4 -10 -2 1 8 6 4 0 0 0 0 -3 0 0 -1 2 2 4 0 2 0 -4 0 0 0 -2 0 -2 0 -4 0 -2 1 0 2 0 4 0 0 2 2 2 -1 2 -4 0 -2 0 -3 -4 0 6 5 -4 2 0 0 6 0 0 -2 0 -2 0 2 4 1 0 2
4 -4 0 0 -1 -1 1 4 0 0 -4 0 0 0 0 -2 -1 1 -2 0 6 0 0 0 0 0 2 0 2 0 4 0 1 0 2 -4 4 -2 4 -2 -6 0 0 0 0 0 1 -4 0 0 0 -6 0 0 1 0 -2 0 0 0 -4 0 0 -2 0 0 0 0 0 0 0 0 0 -2 4 1 -2 0 -1 0 2 2 2 -3 -2 0 0 0 -2 0 0 -1 3 2 1 0 2 2 0 0 0 4 2 0 -2 -2 8 -4 0 0 0 0 0 -2 0 -1 4 0 0 3 2 0 2 0 2 0 0 0 6 2 0 0 -1 0 6 0 2 -2 4 0 0 1 1 1 0 0 -2 -2 4 6 0 0 0 2 0 0 1 3 6 0 0 -1 0 0 2 1 -2 -6 2 2 0 -2 0 0 6 4 -4 -2 4 -1 2 2 0 7 -6 -2 -4 0 -2 4 0 0 4 -2 2 0 -2 2 5 3 2 0 4 2 -4 4 2 -4 2 0 0 0 0 0 -12 0 0 -4 2 0 0 0 0 0 0 0 -1 0 0 4 0 0 -2 0 -2 0 0 0 -2 -2 4 0 -2 -2 0 -2 0 0 2 2 5 0 -2 1 4 2 0 4 -4 0 2 2 0 -2 0 -2 1 0 4 1 2 0 3 36 -3 0 0 0 0 0 0 2 1 0 4 0 0 0 2 0 -2 0 0 0 0 0 0 -2 3 0 -4 -2 0 0 0 8 0 0 4 0 -4 0 0 2 8 1 0 -2 0 1 1 0 0 4 0 -2 0 8 -2 0 -2 1 0 0 -4 0 0 4 1 0 0 -2 0 0 8 9 0 -3 0 0 -1 0 0 2 0 -1 4 0 2 10 0 2 0 -6 0 0 2 0 0 -2 -4 2 1 2 1 2 -2 0 0 0 0 2 0 4 0 0 0 -1 -2 0 -4 -2 0 0 -4 -4 4 -2 0 2 0 0 4 0 6 0 0 4 4 -2
0 2 5 -8 0 -2 6 0 4 0 0 -4 2 0 0 0 0 -2 -2 -2 0 4 2 -12 4 -4 -1 0 4 0 0 2 4 0 -4 4 0 4 8 0 0 -4 0 6 6 2 -2 6 2 0 -4 0 0 0 0 6 0 0 0 6 4 2 6 0 5 2 0 0 4 0 0 2 0 1 0 -1 -10 4 -1 0 -2 0 -2 -4 -6 0 0 -1 2 -4 0 0 2 0 0 0 8 0 3 -4 0 0 0 0 -2 0 -4 0 8 -7 0 2 0 5 -4 -2 0 0 -4 0 0 -4 -6 0 5 2 0 0 0 -2 4 -2 0 4 -4 -2 0 0 -4 -4 0 -6 0 0 2 -1 0 0 0 8 0 2 0 0 0 -7 -6 6 -2 0 -2 0 2 0 0 0 -1 0 0 0 -2 0 8 2 0 -1 0 0 4 0 -1 -4 0 0 0 0 4 2 5 -4 6 6 1 -2 0 5 -4 6 -5 0 -2 0 0 0 4 -2 2 0 -2 0 -2 0 5 0 1 0 6 4 0 4 0 0 -4 4 2 0 0 0 0 -2 0 0 -4 -2 -4 -2 -2 0 0 4 -1 4 -1 2 -6 1 2 4 -1 2 -2 -2 0 0 -4 2 -4 2 0 0 -4 4 -6 0 4 -2 0 0 -1 0 0 0 0 -3 85 0 2 2 2 8 0 0 -2 -4 4 0 8 -4 -5 0 -1 0 0 2 -8 -2 -2 -16 0 0 -5 4 -6 -4 -6 4 -2 4 0 2 4 0 0 2 0 -3 3 0 -2 -4 3 -6 4 0 0 0 -1 0 1 0 10 0 0 0 0 2 2 -4 -4 4 0 0 -4 0 2 -2 0 4 0 0 4 0 8 -4 0 2 4 0 2 1 0 -2 6 -4 2 5 4 -2 0 0 0 -5 2 -1 5 -1 5 0 0 2 2 1 -2 4 -2 4 -2 6 -4 0 2 0 0 0 -4 0 -2 4 -4 2 0 -2 0 -8 2 4 -6 0 0 4
-2 4 0 1 0 0 0 0 0 0 2 0 0 0 0 -2 0 2 0 0 0 -2 0 -1 0 2 2 2 3 1 0 0 0 -2 0 3 0 0 2 0 0 0 0 6 0 0 2 0 0 0 -1 -4 0 0 0 0 0 0 0 0 0 0 0 -6 0 0 0 4 0 -2 0 0 0 1 0 0 -2 1 13 0 -1 6 -4 0 0 0 1 0 0 0 -3 0 0 -2 0 3 0 0 0 0 3 0 0 0 0 0 0 0 0 1 6 4 0 0 0 0 4 0 0 0 0 0 0 0 0 0 0 0 0 0 0 0 2 -2 0 0 0 0 0 0 -4 0 0 0 0 4 0 2 4 0 0 0 0 -2 0 0 0 -2 -2 0 0 -2 0 1 -2 -6 0 0 0 2 4 0 0 -2 6 1 0 0 0 0 1 2 0 0 1 0 0 0 2 0 0 -4 3 0 0 -3 -6 0 0 -3 0 0 0 0 0 -1 4 0 -4 0 0 0 0 -1 0 0 0 0 0 -1 0 0 0 0 -2 0 0 2 -2 -4 2 2 0 -3 0 0 0 0 2 0 6 0 0 -1 -4 -6 0 0 0 0 0 4 0 0 0 0 0 -4 0 0 3 0 0 0 2 0 2 0 0 0 0 0 8 0 0 26 0 0 0 0 -1 1 -6 -6 0 0 -2 0 -1 0 0 0 0 0 3 0 0 4 0 0 -1 3 0 0 -2 -2 -2 0 -2 0 0 0 0 0 2 -6 0 -3 0 0 0 0 0 0 -2 0 0 0 0 0 -2 0 2 -2 0 0 2 0 0 0 2 0 0 0 -2 0 0 2 0 0 2 4 0 0 2 0 0 6 0 0 0 0 0 0 0 0 0 0 -2 -2 0 0 0 0 0 0 0 0 0 0 0 0 0 0 0 0 0 0 0 0 0 3 0 0 0 0 0 0 -2 -5 2 0 0 3 0 0 0 0 -2 2
1 2 2 -4 0 6 4 -6 4 0 0 0 5 0 0 4 4 0 0 -4 0 0 0 0 0 -4 4 0 0 0 -4 0 -2 0 -2 -2 0 -2 -2 0 2 0 0 0 0 2 0 0 0 0 2 -4 4 0 2 0 4 -2 2 -4 0 0 8 4 -4 0 4 0 0 2 0 4 0 0 0 4 0 0 -1 2 -1 -4 0 2 0 2 2 -2 -2 0 0 0 0 0 1 2 0 -2 2 0 -4 -4 0 1 0 2 2 0 -2 0 7 0 4 6 6 0 -2 0 6 3 -10 -2 0 -4 2 2 0 0 -4 4 -2 0 0 0 2 -6 -2 0 0 1 2 0 0 0 0 0 0 0 0 4 -2 8 0 0 0 0 -2 -2 0 1 0 0 -2 0 0 0 4 -4 -4 0 0 0 0 0 0 0 0 4 0 0 0 3 0 5 0 0 0 4 0 0 4 0 6 0 0 4 0 0 0 0 0 0 0 0 0 0 6 0 0 0 2 2 0 0 2 0 2 0 2 -4 0 -4 0 0 0 4 0 0 0 -2 0 0 0 6 -1 0 0 -8 0 0 0 0 -6 0 0 0 -4 2 4 0 6 5 0 2 -2 2 0 0 -8 0 0 2 -2 4 -4 0 4 0 0 -4 4 8 -1 0 2 0 52 4 -2 4 -2 0 2 0 0 0 0 0 6 6 4 -4 0 0 0 0 0 0 2 0 0 -2 0 0 0 0 2 0 -2 4 0 0 1 -2 0 0 5 0 0 0 4 4 0 0 0 0 4 0 0 0 2 0 -4 0 0 0 0 0 0 4 2 4 2 0 0 0 0 0 0 0 -4 0 2 4 -2 0 6 0 4 1 2 0 0 4 6 0 0 2 -8 0 2 2 -2 0 8 0 2 0 0 0 0 4 -6 0 0 0 0 2 0 5 0 0 1 0 2 0 0 0 0 -4 -2 0 -5 2 4 0 2 0 2 0
0 -8 2 -6 0 0 0 0 0 0 4 -2 4 0 0 0 -2 0 8 2 0 0 0 4 0 0 2 0 0 0 0 4 0 0 0 0 0 0 -2 0 2 0 0 4 0 2 -2 0 0 0 4 0 0 -2 0 -2 0 0 0 0 4 0 4 -2 0 0 -1 4 0 0 2 4 0 0 0 0 0 0 2 -2 4 4 -4 -5 0 3 -2 -2 2 0 -4 -2 0 0 0 0 -2 0 0 0 0 0 2 0 0 0 0 -2 0 0 0 0 0 0 1 0 0 0 0 0 0 0 4 -4 2 2 0 0 0 0 -2 0 -4 0 -2 0 0 -3 0 -1 0 0 0 0 -1 0 -2 -2 0 2 2 4 0 4 0 0 2 0 -4 0 0 0 1 0 0 0 -4 0 0 1 0 -4 -2 0 0 4 0 3 0 0 0 0 0 0 0 0 2 -1 0 0 0 0 4 -2 0 -4 0 1 0 0 0 0 0 0 0 2 4 0 0 0 4 -1 0 0 2 -6 1 0 0 0 -2 0 -2 0 0 4 0 2 1 0 0 2 0 0 0 0 4 -4 0 -2 0 -4 -2 4 0 0 0 0 3 0 -2 -4 0 0 0 0 0 0 -4 -1 2 0 6 0 0 0 4 -2 4 0 0 -4 0 0 2 0 4 37 2 0 2 0 1 0 4 -4 2 0 0 0 4 0 0 0 4 -4 2 2 0 -4 5 0 0 0 4 0 0 0 0 -4 8 0 -2 -2 0 2 0 2 0 4 -3 -2 -2 2 -4 0 4 0 0 2 4 0 -4 2 2 0 2 0 0 0 0 -1 0 0 0 1 0 0 1 0 4 -6 0 0 2 0 0 0 2 0 -4 0 0 0 0 -5 0 0 0 0 -2 0 0 -7 8 0 2 -2 0 0 0 0 0 -2 -6 0 -2 0 2 0 0 0 0 0 6 -2 0 -4 1 -4 0 0 -2 4 0 4 0 1 -2 0
4 2 2 0 0 4 2 0 2 0 0 0 -4 0 0 -3 0 2 0 2 0 2 2 -4 4 -2 1 -2 2 2 -2 2 0 0 -8 -1 -2 -3 -4 0 0 4 0 6 6 -2 0 8 -6 0 6 0 4 0 -2 0 2 0 3 2 0 4 0 -4 -4 0 0 -2 0 2 0 1 4 -8 0 0 0 0 2 0 -6 -1 0 2 2 -4 2 -4 2 0 -5 -4 0 2 0 0 -4 -2 -4 -2 -1 0 2 0 0 2 -8 0 5 4 -4 0 0 12 8 0 0 4 0 2 -6 2 0 0 0 0 4 -1 -2 -2 -2 2 6 -2 0 7 4 4 -2 -2 0 4 -2 -2 2 8 0 -2 0 2 0 0 -2 0 0 1 -3 -4 -8 0 -2 -4 0 0 4 -2 0 0 0 6 2 -2 -2 -4 7 -2 2 0 3 2 2 2 0 -6 0 4 -6 4 2 -2 0 0 5 -4 0 -2 -6 0 0 0 -1 -5 0 -2 2 -4 -2 0 -4 -4 -4 -6 2 0 1 0 -5 -1 0 0 0 -2 4 -2 4 0 0 0 0 -1 0 4 0 2 -5 0 0 -4 0 0 2 -4 0 -1 0 -2 4 0 2 2 -1 0 0 -3 -5 -1 -4 -2 0 0 0 -1 0 2 0 2 0 0 -6 0 0 -2 -4 0 2 0 -2 2 65 -2 1 0 0 -2 -2 4 -2 2 0 0 4 0 0 -5 0 0 0 0 2 0 2 4 -2 0 0 -4 8 0 0 2 0 2 0 4 1 0 0 4 2 1 0 0 0 0 -2 3 -5 2 4 -4 0 -2 -4 0 4 0 4 -4 0 1 0 0 -2 0 1 0 0 0 0 0 0 4 -4 4 0 3 -2 -2 -4 -5 0 -1 0 4 0 0 0 -5 0 0 2 0 2 2 0 -2 -1 2 -2 0 -4 -2 2 2 0 4 -2 10 -2 -2 2 4 0 -4 0 0 -8 -4 0 2 -4 0 0 2 -2 0 2 -2 -4 -4
0 1 4 -4 -2 2 0 0 -4 0 2 2 0 0 2 4 0 2 0 0 -4 0 -2 -4 0 0 8 0 -2 -2 0 -4 0 0 6 0 0 -5 4 4 0 0 -2 0 -4 0 0 -2 5 4 4 0 0 0 0 0 2 0 -2 -2 12 0 0 4 0 0 0 2 0 2 0 0 0 2 0 0 -4 -1 0 -2 -4 0 4 0 0 2 -2 2 0 0 4 0 -4 4 0 0 12 0 0 0 -4 0 4 2 -2 0 0 2 4 -2 0 2 0 1 -2 0 -4 0 0 0 -4 -2 0 -2 2 0 0 0 4 0 0 2 0 -2 -4 2 0 -2 -2 2 0 -2 2 0 0 4 8 0 -4 2 4 0 0 0 0 0 -10 0 0 0 4 1 -2 -10 -2 -4 0 0 0 0 0 1 2 6 -1 0 0 0 0 0 0 -3 0 2 0 -4 0 -4 0 0 0 0 0 1 -2 -2 -2 0 -6 1 -4 0 -4 0 0 2 2 4 1 0 -2 -4 0 0 -2 0 4 0 0 -4 1 -4 2 0 0 0 -1 4 0 2 0 0 2 8 -2 0 -2 4 2 -2 2 1 7 0 5 2 -4 0 4 0 -1 0 0 2 2 0 8 8 2 -1 0 -2 -2 0 2 0 -4 -4 0 -2 -4 6 0 0 8 0 4 0 -2 49 1 0 0 0 0 4 0 2 0 2 -7 -2 0 0 -4 -4 -2 0 2 0 0 -2 -4 -2 0 0 0 -2 -2 -2 0 0 0 0 0 0 4 0 2 -2 4 -4 2 -2 2 0 2 -2 0 0 1 0 0 2 0 2 0 0 0 0 6 0 3 0 -4 -2 0 2 0 0 0 0 2 2 0 -4 6 0 0 0 4 0 1 0 -3 0 0 0 10 -4 -4 -8 2 0 1 -3 0 0 0 0 0 0 -6 3 0 1 -4 -4 0 0 -4 0 -2 0 2 2 -2 0 0 0 4 -4 0 0 0 0 4 -2 10 0
0 0 4 -5 -4 -1 0 6 0 0 3 0 0 -4 -10 -6 1 1 0 0 1 2 -2 2 0 2 0 -1 3 0 5 6 0 0 2 2 0 -6 0 0 0 0 0 0 -5 2 0 3 5 -2 0 0 2 0 -4 0 0 0 2 2 -2 -4 0 -3 -4 0 0 -4 0 0 0 4 0 0 0 -4 0 0 -1 4 0 2 6 -5 2 0 -3 0 0 0 1 4 0 0 2 -1 3 -6 0 0 1 -4 0 2 0 -2 0 0 2 -2 0 0 4 -2 0 1 -6 2 0 0 -2 -6 0 0 0 1 0 1 1 -2 0 2 0 0 0 0 0 0 2 2 0 0 1 0 0 4 1 -1 -4 -2 6 2 3 2 0 0 0 -4 0 0 0 -3 2 0 3 0 0 0 0 0 -2 0 0 0 0 2 0 -2 5 0 0 2 -1 -2 -1 2 8 0 0 0 2 0 -4 0 4 2 -2 -2 0 0 0 0 0 0 0 2 -2 6 -2 -2 -1 4 0 -4 0 -2 0 -1 2 2 0 1 2 2 2 -4 0 -2 0 2 -2 0 0 2 0 0 0 0 2 -2 1 1 0 -1 2 2 2 3 0 0 -2 2 0 0 -4 0 0 -2 3 0 0 0 4 -4 0 -4 6 -8 0 1 0 0 2 0 0 -1 -2 2 1 1 44 0 2 -2 -2 0 0 1 0 0 2 0 -4 -2 1 -2 1 -4 0 4 2 0 0 0 0 0 0 1 0 0 0 0 -2 -6 -2 0 0 2 5 0 -6 0 1 0 2 2 3 0 0 0 4 0 -4 1 0 -1 -3 0 0 -2 0 1 1 0 2 5 0 0 -4 -4 0 0 4 2 -2 0 -3 0 1 0 0 0 -2 4 0 -2 0 0 -1 0 0 0 0 2 -4 2 0 2 0 0 2 0 0 0 6 3 -4 -2 0 -5 0 0 2 0 -1 0 0 0 0 6 -5 -4 0 0 0 -2 2 -6 0 4
0 -4 0 -2 0 -2 -4 0 -1 1 -3 0 -2 0 4 -4 0 8 6 0 0 -8 0 4 6 0 2 0 0 2 -2 1 4 4 0 2 0 4 -2 4 0 0 4 0 0 4 0 4 0 0 0 0 4 0 -6 0 0 2 0 2 0 0 0 4 0 0 -2 0 6 0 -2 0 4 0 0 -4 -1 5 0 5 0 0 0 4 -2 0 1 0 0 0 8 2 0 -2 4 -10 2 2 0 0 0 1 -4 2 -4 0 4 0 0 1 0 2 4 4 -4 -1 4 0 0 1 -2 0 -14 0 0 0 -5 0 4 -2 0 0 0 0 0 0 2 -6 4 -8 0 2 4 4 0 -2 -5 2 0 -3 0 2 0 1 0 -2 0 -4 -4 0 -3 2 0 0 2 0 0 -3 0 8 4 0 -4 -2 2 -2 0 0 0 0 -2 2 0 0 0 1 0 2 4 2 4 2 5 0 -2 -2 -2 0 8 -4 0 0 -4 0 -1 -2 0 0 -4 0 0 4 -1 0 -2 4 0 -2 -2 0 0 -4 0 -2 0 4 -2 2 -2 2 -2 2 4 0 -2 0 -2 2 -2 0 2 0 -1 0 4 4 0 -4 -2 0 0 4 2 -2 6 4 0 -4 0 0 4 2 0 -4 0 -2 0 4 -2 0 0 0 -4 2 0 1 0 0 0 0 0 53 0 4 2 -6 2 0 4 4 2 0 0 0 0 0 4 4 0 -4 1 4 -2 0 0 -6 -4 4 -8 0 0 -2 0 -4 1 0 4 0 -8 0 0 3 -4 0 0 4 2 -4 0 4 4 -4 2 -4 2 0 -2 0 0 6 0 -4 0 0 0 0 0 0 -4 0 0 0 2 0 0 2 2 0 5 2 0 -2 0 0 4 0 1 0 4 0 0 0 1 0 0 0 0 -3 0 2 -2 -4 0 0 0 2 -2 0 12 0 0 0 2 4 4 0 0 2 -6 0 2 2 0 0 -4 0 4 0 0 0
0 -1 1 0 0 2 -4 4 0 0 2 -4 2 0 -5 0 1 1 -3 0 -4 4 0 0 -2 0 -2 0 0 -4 -2 0 0 0 0 -2 0 1 -2 0 2 4 0 -2 -2 6 0 0 0 0 0 1 -4 -2 0 0 4 -2 3 0 0 -2 0 -4 4 0 -1 0 4 0 1 -1 0 0 2 0 4 0 -2 -2 -2 2 5 -1 0 -1 -2 0 0 0 -2 2 0 -2 -3 0 0 -4 4 0 0 6 0 4 4 -3 -4 -4 0 0 -2 1 0 4 0 -1 4 2 2 0 -2 0 0 0 0 0 -4 0 4 4 0 -2 -2 0 2 4 -1 -4 0 8 4 0 0 0 1 0 0 0 0 0 0 -2 0 0 0 0 -2 -4 3 0 -1 1 -1 0 6 0 -2 0 0 -4 -5 2 0 2 2 -2 -5 0 0 0 -1 0 0 1 0 0 1 1 0 -4 -1 1 4 4 0 0 0 3 0 2 0 -2 -2 3 0 4 -2 2 6 4 0 4 0 0 -2 0 -2 -2 2 2 -2 5 -2 0 0 0 0 -2 0 -1 -2 -6 0 5 0 -2 0 2 -2 -2 -4 0 -6 1 4 -2 0 0 -7 0 -1 2 1 5 2 -6 2 4 0 0 3 4 0 -2 0 -4 -4 -7 0 1 0 -4 7 1 -2 -6 2 1 0 0 2 0 50 2 0 0 0 4 0 0 0 0 0 0 -6 0 2 -4 4 1 2 -4 -4 0 4 2 0 2 -1 -4 0 0 -6 -6 -4 6 -2 6 2 2 0 2 -2 2 4 -3 0 1 -2 2 0 0 0 0 -4 -6 -4 -2 -2 0 0 4 0 -2 0 -4 2 -3 0 -4 0 -4 4 0 -8 -1 2 0 -1 2 0 4 0 2 0 0 0 0 0 0 0 -6 -2 7 -3 0 0 8 -2 0 -6 0 0 0 6 4 2 -2 0 2 4 -6 4 -2 -4 -1 -2 0 0 0 0 0 -2 0 4 0 -5 -4 0 1
0 0 -2 0 0 2 -4 2 -4 0 0 -1 0 0 -2 2 0 2 0 4 2 -2 2 1 0 0 0 0 1 -2 0 6 4 -4 2 2 2 4 0 0 -2 0 0 -4 0 0 0 4 -4 0 -2 -6 -2 -1 0 0 0 -2 2 0 0 0 0 9 -5 2 -2 2 -6 0 0 -1 2 0 0 -2 0 0 -4 0 -2 -8 2 4 0 0 2 -2 0 0 2 -4 2 -4 2 -2 -1 0 0 0 2 4 -2 3 6 -4 -8 -4 0 4 -6 6 -4 0 -2 -4 -4 0 0 -2 0 0 -8 0 -4 2 0 0 -4 4 -4 0 0 -2 4 0 -4 4 -8 0 0 4 2 0 0 -2 -4 -6 -4 4 1 0 8 6 0 3 -2 -4 -5 -6 1 0 0 0 0 4 0 -7 0 1 0 0 2 -2 -4 2 6 4 -2 -2 0 0 8 4 0 -4 5 -4 4 4 0 0 0 0 0 0 6 -2 0 3 2 0 0 2 -2 -1 4 0 0 0 2 -2 -6 0 -4 4 0 0 2 3 -1 0 -2 -2 4 3 0 0 -2 4 0 -1 0 6 0 0 0 0 0 -2 -4 0 2 0 2 4 0 0 6 -6 -4 8 0 -4 4 0 0 -2 3 0 -2 1 4 -2 0 0 -2 -2 2 0 -2 0 0 0 -4 -6 0 0 -2 0 -2 4 2 74 4 0 5 1 -4 0 2 2 0 1 0 0 1 5 0 0 -4 0 -1 -2 4 0 -2 0 -2 -3 4 -3 0 -2 0 0 0 2 -2 8 1 2 6 -4 8 2 -6 2 -1 0 -4 0 6 -2 0 -4 -4 0 0 2 -6 0 -4 -1 0 0 0 0 4 0 0 -3 2 0 0 -3 -2 0 -1 -4 0 1 -6 -3 0 -2 0 -4 0 0 0 0 -6 4 0 0 2 2 0 -4 -2 -3 0 0 4 4 0 -2 12 -2 0 -2 4 1 0 -6 -4 2 4 0 2 0 -2 -2 0 -2 2 6 0 0
0 -2 -2 1 2 -2 0 -1 1 -2 0 -2 -2 0 0 0 -6 0 4 2 0 -4 2 0 0 0 0 -1 -3 0 1 0 0 0 0 0 0 0 2 0 0 0 2 -1 2 4 0 0 0 2 0 0 0 0 0 -2 2 2 -6 0 3 1 0 1 -2 -4 0 4 -2 0 0 0 -2 2 0 2 -6 -8 0 0 -1 0 4 -2 2 4 3 0 -4 -4 0 0 0 -2 -4 1 2 2 -2 2 4 2 0 -2 2 0 0 2 0 -4 0 4 4 0 -2 0 0 -2 0 1 -2 0 -6 -2 0 4 0 -5 0 2 2 -4 2 -4 2 0 0 0 -4 -2 0 2 0 4 3 0 -4 0 0 10 0 0 1 -4 -1 2 -2 0 4 0 0 0 2 0 0 0 4 -2 -2 -2 0 -4 0 2 2 -1 0 2 -2 -2 -4 -4 -2 0 2 4 2 4 0 0 -4 0 -2 1 -4 3 0 0 -2 0 0 2 -4 0 0 -2 2 4 6 2 0 -5 -4 0 -6 0 0 -4 0 0 -4 0 -4 1 2 0 -2 2 2 0 -4 0 -4 -2 1 6 0 0 0 1 -2 4 -2 4 2 -2 0 4 0 0 7 0 0 0 0 0 2 -2 0 -6 1 0 2 0 2 0 -2 0 4 0 0 2 2 4 4 0 0 4 -2 0 -2 2 0 4 54 0 0 1 2 1 0 0 4 4 0 0 0 0 0 0 -2 0 0 0 4 0 0 3 -8 0 1 6 -2 -2 0 -1 0 0 -1 -1 2 2 2 0 0 0 -2 0 0 0 -2 0 0 -2 -4 0 0 0 0 0 0 -5 -2 -4 8 -3 4 0 -4 2 0 0 2 0 0 8 2 0 2 2 0 0 -2 -4 0 -4 0 0 0 -2 -2 -1 4 2 -1 -2 0 0 -2 5 -2 7 -10 4 0 -2 0 4 4 -4 -4 -6 -2 0 1 0 0 0 0 -4 0 1 -2 2 4 4 0 2 -8 -2
0 0 0 0 2 0 0 0 -1 2 2 0 2 0 0 -4 -2 0 0 0 0 1 0 2 0 0 2 2 0 0 2 0 2 -2 -1 -4 0 0 0 4 2 0 0 1 0 0 2 0 -2 0 4 -4 -4 0 4 0 -4 -1 4 4 4 -4 0 0 0 0 4 4 0 -4 0 -2 0 -3 2 0 0 0 4 2 0 -6 0 0 -1 0 0 0 -4 0 -4 0 2 -1 -4 2 2 0 0 0 6 0 0 -4 -4 0 -8 -1 4 0 0 -4 -8 -2 0 0 0 0 0 -2 -2 0 0 0 0 0 0 0 -2 0 -2 0 0 2 0 -4 -4 0 4 2 2 -1 -2 -4 0 4 2 -6 -3 0 0 -2 0 0 0 0 0 0 0 -4 5 -3 -6 -4 0 0 4 4 0 -6 0 0 4 0 1 2 -1 0 -1 4 4 0 0 -4 0 0 4 -4 2 0 -2 4 -2 0 2 4 0 0 -6 2 -4 0 -10 4 -1 0 0 -2 0 0 0 3 -1 0 -2 0 0 4 0 0 -2 1 0 0 -4 -5 -1 0 0 4 0 -2 -4 2 -2 0 0 0 0 1 4 0 0 0 0 0 0 0 0 0 5 8 0 0 -6 0 -6 0 2 2 -1 -2 2 -2 0 0 -2 4 0 0 0 10 -4 0 0 0 0 -4 4 4 0 -6 0 0 0 50 0 0 0 0 -2 -2 0 -2 0 0 0 -2 0 0 -4 -2 0 0 -4 0 0 -4 2 0 0 0 1 0 0 0 -3 0 0 3 4 0 0 1 0 0 -1 0 6 -4 -6 2 2 0 0 0 0 0 0 0 4 -4 4 0 0 0 2 0 -2 -2 -6 4 -1 -2 0 4 0 0 -2 0 0 1 2 0 -4 -2 0 1 4 0 -2 -6 4 0 0 0 0 2 -3 2 1 0 -2 -1 0 2 -2 4 -4 0 0 0 0 0 0 0 -4 -6 -2 0 -2 0 4 4 0 0 0 0 -4 0
0 -1 4 0 -2 4 -4 -1 2 0 4 0 0 0 0 2 2 -2 0 0 0 2 0 0 0 -8 2 -4 0 0 0 -2 0 1 -4 0 0 0 2 0 -4 -8 0 0 -4 2 0 -3 0 0 0 -4 0 0 2 0 0 0 -2 3 0 0 0 2 3 4 0 0 0 1 0 -1 2 0 -1 0 0 -4 0 -2 2 0 -2 0 0 0 -1 0 0 0 2 0 0 0 0 0 -2 0 4 0 0 1 -4 -1 0 0 1 -4 0 0 -2 2 2 0 0 0 0 4 0 2 -1 -3 0 0 4 0 0 0 0 0 2 0 0 -2 4 7 -3 4 4 0 0 0 0 0 0 0 -2 0 0 0 1 0 0 0 0 0 8 1 -2 -2 0 0 -2 -2 1 0 0 3 -2 0 0 0 0 -1 0 0 4 0 0 0 -2 1 0 0 -2 -2 -1 -6 2 0 2 0 -1 0 0 6 -6 1 -2 0 -4 4 0 0 4 -1 0 0 1 0 -4 0 0 0 4 0 6 0 1 4 0 0 0 4 0 -1 0 0 4 4 -1 0 0 4 0 0 0 2 0 6 0 0 2 2 0 0 2 4 0 0 -2 0 0 0 4 0 0 0 0 0 0 0 6 0 2 2 0 4 0 -2 -2 0 -2 0 8 -2 0 2 -2 0 0 2 0 5 0 0 38 2 0 -2 0 0 0 0 2 1 0 4 0 0 0 0 -3 -1 0 2 0 0 0 0 1 2 0 1 -4 2 0 -2 -2 0 0 4 -1 0 4 0 2 -2 0 0 4 0 3 -1 0 0 4 0 0 0 -4 -2 0 0 4 -1 0 0 2 0 0 -1 0 0 -12 0 0 0 4 0 0 -1 0 -2 0 0 0 0 0 0 -4 2 4 -4 0 -1 0 0 0 0 -4 0 3 -1 0 1 0 0 2 0 0 0 2 2 0 0 0 0 0 -2 -4 -2 -2 -4 0 0 5 3 0 0
0 4 0 6 0 -4 -2 -2 4 0 3 -2 -4 -1 -4 0 -4 -2 0 3 0 -4 -7 0 0 -10 0 0 -3 0 0 3 0 -1 -6 0 1 3 6 0 0 4 4 0 0 -2 0 6 1 0 -3 0 0 2 0 0 0 0 0 0 1 -2 3 2 2 4 0 2 0 0 0 -2 0 2 0 0 0 -4 0 1 2 4 0 -3 0 0 -1 0 0 0 4 2 -4 0 0 6 0 0 0 0 -2 0 0 0 2 2 0 -6 2 2 4 0 0 -7 4 0 2 0 0 -3 0 0 -3 2 0 -5 0 0 0 0 0 4 0 0 0 -2 -6 7 -2 0 0 0 3 2 9 2 0 8 -2 0 0 3 0 0 0 -7 1 -2 0 0 0 2 -6 4 0 -6 1 0 4 0 2 0 -3 0 -2 -4 -1 2 -2 -4 0 2 -2 0 0 0 0 -4 0 0 0 -2 4 1 6 -8 0 0 -3 2 -2 0 0 0 -4 0 2 0 8 -2 6 0 -2 0 0 -2 4 -1 0 4 0 0 2 1 2 -4 0 -2 0 4 6 -2 0 -1 6 2 0 4 4 5 0 2 3 2 7 0 2 0 0 2 0 8 2 0 1 2 -4 -4 2 -2 2 0 2 4 4 0 -4 0 -4 -1 4 -4 2 0 -4 0 0 0 2 2 1 0 4 1 1 0 2 65 0 0 2 0 0 2 2 0 6 0 1 -8 -1 2 2 -2 0 4 2 0 4 -5 -3 -1 0 -4 0 -2 -1 0 4 4 0 0 4 0 0 -4 2 0 0 5 -2 0 4 -2 1 0 0 0 0 0 0 2 3 -2 0 2 0 0 0 6 0 2 0 4 0 4 0 -6 5 0 0 0 -3 4 -6 2 -10 1 2 0 0 -4 0 0 2 -4 0 0 2 0 3 0 0 -3 0 7 0 -4 -2 0 0 6 2 -4 -4 0 0 -4 -7 0 -2 0 -2 0 4 2 -2 3 -4 4
0 2 -4 -3 1 0 0 -2 0 0 0 0 2 0 0 0 0 0 6 0 0 2 0 0 0 0 1 0 0 0 2 0 0 8 0 -3 0 -2 -4 0 4 8 0 6 -4 0 -2 0 0 0 5 4 0 0 2 2 -2 0 4 2 -4 0 0 -2 0 0 0 0 -2 0 0 0 0 -1 0 2 6 -8 -2 0 -3 0 0 0 -4 4 0 0 0 0 0 0 0 1 -4 -6 0 4 1 0 4 -6 -4 4 0 0 -2 -2 0 2 0 0 -3 0 0 2 0 -4 8 4 2 -2 0 0 0 2 2 8 0 0 -2 4 4 -2 2 0 -2 0 -4 2 -6 4 2 0 0 0 0 0 4 -2 -2 -2 0 0 -2 3 0 4 4 4 -8 1 0 -4 0 -2 -2 0 4 0 0 2 1 -2 0 6 0 0 -1 -2 2 0 0 2 0 0 -4 2 0 0 0 0 4 -2 0 1 0 -6 4 -1 4 0 0 0 0 -4 0 0 0 0 0 0 0 0 4 -2 0 -4 -9 0 0 0 0 0 -4 -2 -3 0 0 2 -2 -4 0 2 0 0 0 0 0 2 0 0 0 0 6 1 -4 0 0 4 4 2 -4 2 0 12 0 0 -5 2 0 -4 8 0 0 9 2 0 0 0 0 4 2 2 -5 -1 6 0 0 0 0 4 0 -4 2 0 0 0 58 0 0 0 1 -2 2 0 2 0 -2 0 4 0 0 0 0 0 2 -2 0 -4 0 5 4 6 0 4 0 0 0 4 0 1 0 0 -6 0 0 0 0 0 -4 2 0 0 0 0 2 4 4 0 0 0 0 0 0 0 0 0 0 0 -2 0 0 4 -2 0 0 0 1 -2 -1 -6 -4 0 4 0 0 -2 4 2 0 2 0 -2 0 -1 0 0 0 -2 0 3 2 0 2 0 -4 6 1 2 -4 -3 4 4 4 0 2 -4 2 0 0 0 -2 0 2 -2 8 0 2 -4
0 2 0 0 0 0 3 0 -2 -3 0 0 0 1 0 0 0 0 0 0 4 0 0 0 -2 0 0 -2 1 0 -2 0 0 0 1 1 -2 0 0 0 0 0 2 0 0 0 0 0 0 0 2 0 4 0 0 0 2 0 -1 0 0 0 0 0 -4 0 0 0 0 0 4 0 -2 -1 4 4 0 2 0 0 0 0 0 0 0 0 0 1 0 4 0 0 0 -4 2 0 0 1 4 0 0 0 0 0 0 0 -4 2 0 0 0 0 4 0 0 2 -2 0 0 0 4 0 -4 2 0 0 0 1 2 0 2 0 -2 0 6 0 0 0 1 -4 4 0 0 0 -2 -2 0 -2 0 -4 2 -6 0 0 -1 0 0 -4 0 2 0 0 0 -2 2 0 0 0 -2 -2 4 0 -2 0 0 -2 0 0 2 0 0 0 0 0 0 2 0 0 0 0 0 0 2 0 0 0 0 2 -2 -1 0 0 -4 0 0 0 0 2 0 2 3 4 -2 0 0 0 0 0 0 0 0 0 0 -2 0 0 -4 0 2 4 0 0 5 4 -2 -4 0 1 -2 0 0 2 -4 0 0 0 0 0 0 0 2 0 0 0 -4 0 2 2 0 0 -1 0 -6 -2 -2 0 -2 4 -6 0 2 2 -2 0 0 0 6 0 0 2 0 4 0 0 1 0 -2 0 0 25 0 0 0 0 0 0 0 0 -4 -4 0 -4 0 0 2 -2 -1 0 0 -4 -2 0 0 0 0 2 0 0 0 0 0 2 0 0 0 0 0 4 0 0 0 2 0 4 4 0 0 0 1 0 0 0 4 0 0 -2 -1 0 0 0 0 0 4 4 0 0 0 3 0 0 6 0 0 4 0 0 0 0 0 0 -2 -1 0 0 0 0 0 -4 0 -2 0 -1 -7 0 0 0 0 4 0 0 0 0 0 0 0 0 0 0 -1 0 -4 0 0 0 -4 -1 5 0 -2 0
0 0 6 -4 0 4 0 2 0 0 2 0 4 2 0 -1 2 -2 -2 -2 -2 0 0 5 0 0 -1 0 0 -6 0 4 -1 0 2 3 0 -2 0 0 2 0 4 2 0 0 0 -2 0 0 1 0 -2 0 2 0 -2 0 -4 0 -6 0 4 -2 1 0 0 0 0 6 0 4 0 3 2 -4 0 0 6 1 -2 0 1 4 -3 2 2 -2 2 4 2 1 -2 2 7 0 -2 0 0 0 1 -1 -4 -1 0 2 -2 -2 -2 0 2 -2 2 9 -8 0 4 0 0 0 0 0 2 2 2 0 -4 -2 2 0 -2 0 -3 0 2 -4 0 0 2 -2 0 2 -1 0 0 -7 -2 1 0 0 2 7 4 0 2 0 -2 0 0 -4 -2 1 0 0 0 0 0 0 -2 0 -2 0 -1 -2 7 0 2 2 2 2 -1 1 4 2 -2 0 0 4 1 0 0 4 -1 2 0 1 1 0 1 0 -2 0 4 -2 -2 -2 2 2 -7 0 0 2 -5 0 3 0 -2 0 0 0 2 0 -2 0 2 0 -3 -2 0 1 1 0 -1 0 -4 -2 0 0 2 2 -6 0 -1 0 -2 0 -2 1 5 -2 4 4 0 -4 0 0 0 0 -3 3 6 -2 -4 -2 -6 0 2 0 0 -2 0 0 0 -2 -1 0 4 4 4 -7 2 2 0 2 0 -2 0 2 0 0 51 -1 -4 -1 2 -2 -2 3 0 0 0 0 0 2 0 1 6 0 1 -2 0 0 2 -4 2 0 0 2 2 0 0 0 0 -2 -2 0 3 2 -2 -2 6 0 5 -8 0 -2 -2 0 2 4 -4 0 -2 0 -1 -2 -1 -1 1 3 -4 0 4 -2 1 5 4 0 2 -4 0 0 -1 -2 2 0 -1 0 0 0 -6 4 0 4 6 0 2 0 0 0 0 2 -4 3 1 -2 -2 4 -4 4 -2 -2 0 0 3 0 -2 1 -2 0 0 4 3 4 4 1 -2 -2 -2 2
0 2 6 0 -6 -8 -2 -4 0 0 -8 -2 -1 0 0 -6 0 0 0 -2 0 -2 -4 -2 2 2 -1 0 2 -3 0 4 0 0 -4 0 0 4 0 0 0 0 1 -2 0 0 0 0 4 2 0 0 0 0 -2 -2 0 -4 0 0 0 2 -4 -2 0 0 0 0 0 0 0 0 0 0 0 0 0 0 0 0 0 0 0 0 2 0 0 0 0 0 0 0 0 0 1 0 2 0 0 0 4 2 0 3 1 0 1 0 -1 0 0 0 0 0 0 2 2 0 0 0 4 -4 1 0 2 0 0 0 -1 0 -1 0 1 -2 0 0 0 -2 -2 0 -4 2 0 0 0 2 4 0 2 0 1 -1 2 0 -1 0 -4 0 0 0 -2 0 0 -1 3 0 -6 -2 2 0 2 0 0 0 0 0 2 0 0 -4 0 0 -1 1 -1 -4 -3 0 -4 1 0 0 0 0 0 -1 0 -2 4 1 0 1 -2 -2 0 0 2 0 0 0 0 -4 -4 0 -4 2 4 0 0 0 2 4 0 0 2 2 -2 6 0 -1 0 0 2 0 0 0 -2 0 0 0 -6 -2 0 0 0 0 0 0 0 -4 0 2 0 1 0 0 0 0 0 -4 -2 0 0 -1 -1 0 0 -2 2 -6 0 -4 4 0 0 0 -4 0 0 -2 0 0 0 2 0 -2 0 0 0 0 -1 32 -2 0 2 1 0 0 -2 0 0 0 0 0 0 0 2 0 0 -2 0 -3 -7 0 -4 0 -4 0 2 -2 -1 0 6 -3 0 0 0 0 0 -2 -2 0 1 3 0 -2 -2 0 -4 -4 -2 5 2 0 0 0 0 -2 -1 4 0 0 2 2 0 2 -6 0 1 0 2 0 1 0 -4 -5 0 0 0 4 0 0 2 -2 2 0 4 -2 0 0 0 1 0 4 0 -1 0 -4 0 5 0 0 5 1 0 0 0 0 -4 0 0 0 0 -1 -1 0 0 0 -2 0
0 2 -6 4 0 0 2 0 0 -1 0 -1 -1 1 4 -1 -1 0 0 0 -2 -2 4 0 0 0 0 0 -4 2 0 0 4 -4 4 2 0 0 0 0 0 0 -6 4 -1 -4 0 0 0 2 0 -2 -4 -2 -2 0 2 0 1 0 8 -1 0 0 0 0 0 -2 0 0 0 0 -4 -4 0 -1 0 -8 0 0 0 0 1 0 0 3 -4 2 -2 0 0 0 -4 -3 -4 0 -2 8 0 2 0 0 4 0 2 2 2 0 -2 0 0 2 0 0 1 2 4 4 0 -4 -2 4 -2 -1 -2 -2 0 -2 -2 0 -1 0 0 4 0 0 -2 0 -8 0 -2 0 0 3 -4 -1 1 -2 0 0 -10 -4 0 0 0 0 0 0 0 4 0 0 0 0 -4 0 0 2 1 -1 0 0 1 2 0 0 0 0 0 0 0 0 0 0 0 3 0 -4 0 2 -4 2 4 -1 2 0 0 0 4 4 0 0 0 2 0 0 -2 2 0 -1 0 -4 0 0 0 -2 0 2 4 0 -5 2 -4 2 0 4 -1 -2 0 0 -2 0 0 -2 4 0 0 2 0 0 4 3 0 4 0 -4 -4 -4 0 0 0 0 0 0 0 0 0 0 -5 0 0 0 2 0 0 0 6 -1 0 0 -4 2 0 0 0 0 0 0 0 0 -4 0 0 0 4 0 0 0 1 0 -4 -2 41 -2 0 -2 -4 4 2 0 0 2 0 2 -2 0 -4 -2 -3 -2 0 4 2 -2 -4 0 2 2 0 2 0 0 0 0 -2 0 0 -2 -6 2 0 4 0 0 0 2 4 0 0 0 0 0 -4 0 0 0 -4 0 0 4 -2 0 -4 0 0 -4 0 0 -2 -5 -1 0 -2 0 2 2 0 0 0 0 0 0 0 0 4 -2 0 -4 0 0 0 -2 0 0 2 0 4 8 0 -4 0 -4 -4 -4 0 0 -2 2 0 0 2 0 -4 -1 0 2 0 0 -2 0
2 0 0 0 -1 3 1 4 0 0 6 -3 0 0 0 6 0 -2 0 -2 6 0 0 0 0 -1 0 0 -5 0 0 0 0 0 -2 2 1 0 -2 0 9 2 0 0 2 0 4 0 0 2 0 0 0 4 4 0 0 0 -4 2 6 0 0 -4 -2 0 0 2 0 4 0 -2 -2 0 4 -2 -4 2 0 -1 0 0 -8 -1 0 0 0 4 0 0 0 0 -2 0 0 0 2 -2 -2 -4 0 0 -4 -2 1 4 4 -2 0 -2 -1 -4 2 -2 0 0 0 0 0 2 2 -1 -6 0 -6 4 0 4 0 0 -2 0 2 1 -4 2 0 -4 -1 2 0 2 -1 2 -1 -6 2 -4 4 4 -1 4 2 4 0 2 0 0 -1 2 8 0 -2 4 -1 -4 -2 -1 2 8 4 2 2 4 -3 -1 -2 0 2 -2 -6 0 2 4 1 2 -2 6 0 0 0 0 -2 -2 0 -2 0 0 6 4 0 -5 0 -6 -2 -2 5 -2 5 0 0 2 0 0 -1 0 0 6 2 -1 0 0 2 0 0 0 4 0 0 2 2 0 0 2 4 1 0 0 0 -1 0 -2 0 0 0 -2 0 -2 4 1 2 0 0 0 0 0 2 0 5 0 -2 -2 0 -1 6 2 -8 0 0 2 0 -1 0 0 2 0 0 0 -5 0 -2 0 0 1 4 -2 0 2 -2 0 -1 0 -2 53 0 0 -6 0 4 -4 0 8 2 -8 -2 -2 0 4 -1 2 0 0 -1 2 0 0 -4 0 -3 4 0 4 -2 0 0 0 -1 0 2 3 0 -4 0 2 0 -8 0 -2 0 0 2 -8 0 -2 4 0 4 0 2 -1 0 -3 4 -2 0 1 -2 0 -2 0 -1 4 4 -9 0 4 0 2 0 0 -2 0 2 0 0 -2 0 -1 0 2 0 5 2 -2 0 1 8 -4 -3 0 -4 4 3 -4 0 -2 -2 2 0 0 4 0 0 4 4 0 1 4 0 0
1 -8 -2 3 -1 0 6 -2 6 0 -2 -6 0 -2 -2 0 -4 0 -4 0 0 2 0 1 0 -6 4 -2 6 1 0 0 2 1 0 0 0 0 -4 0 2 1 0 2 0 0 -4 0 0 0 -2 -2 -1 1 0 -2 0 0 0 0 6 4 1 2 -2 0 0 0 0 -4 -1 6 0 3 0 -2 0 0 3 0 -2 2 -6 -4 0 0 -1 4 0 -1 1 -6 -3 1 0 0 -4 0 0 0 0 -6 2 4 0 2 2 0 -4 1 -1 0 0 -2 -4 0 -2 -6 0 -1 0 2 4 -6 -4 -2 0 0 0 -4 0 -2 -4 -4 2 1 4 0 -1 4 -10 0 -2 -2 0 0 0 4 4 0 0 6 0 4 0 0 0 -2 -4 2 -8 0 -1 3 4 4 -1 2 -2 4 -2 0 0 0 2 2 2 0 -2 0 0 1 0 0 -1 0 0 0 -2 4 0 2 0 2 0 3 6 0 2 -6 0 8 4 0 0 -2 0 2 8 -2 0 2 4 1 -2 -2 -4 0 0 0 0 -2 -2 0 0 0 0 4 -2 8 2 0 0 2 0 0 2 0 0 0 0 0 2 4 2 -2 0 -2 1 4 0 0 0 -1 -2 -2 0 0 -4 0 2 0 0 -2 4 0 4 0 -1 4 0 0 4 0 -8 3 0 4 0 -4 1 0 -6 0 0 0 2 2 2 0 2 2 0 0 66 0 0 4 0 0 0 0 0 0 0 0 -4 0 4 -2 0 -4 0 2 4 -6 4 -6 0 -3 2 0 6 0 -2 0 0 4 0 4 2 0 0 0 4 6 -6 0 0 -6 -2 -1 0 0 2 0 0 2 0 0 0 0 -12 0 -4 -2 8 0 -4 0 8 4 -2 0 0 0 5 0 0 -4 -2 -1 -2 -10 0 0 1 0 0 0 0 0 0 4 -2 0 -3 2 0 2 2 -2 -4 1 0 0 0 -4 -6 -2 -2 0 0 0 2 0 0 -2 -4 4
-2 0 0 4 0 0 0 -1 0 -2 -2 0 0 0 2 0 0 4 4 6 -1 0 0 1 4 0 0 0 0 -1 0 -2 -2 0 4 0 0 4 0 0 0 -2 1 -5 0 2 2 -1 0 -8 -4 0 -4 0 2 0 0 0 4 -1 -3 2 2 2 -4 0 0 -2 -2 -4 0 -1 -2 2 0 0 -4 0 -4 2 -4 0 -4 0 0 2 0 0 0 0 0 0 0 -1 0 1 -2 4 -2 0 0 5 0 -2 4 -2 1 0 0 0 0 0 0 0 0 -2 0 0 0 0 0 0 1 4 0 -2 0 6 -1 0 -3 -2 0 4 0 0 0 4 0 0 2 0 -2 -2 -4 -1 0 -1 4 -2 0 0 1 0 -10 -2 8 0 4 0 0 0 0 0 0 2 -4 1 -2 0 -2 -4 -4 -2 0 -1 0 2 0 4 0 2 -6 0 0 -4 0 2 -1 0 -2 4 0 0 0 0 0 -3 2 0 0 0 0 0 0 -5 1 -4 1 0 0 0 0 1 -1 -6 2 0 0 0 6 0 2 0 0 0 2 -2 2 6 5 0 4 -4 2 1 2 2 4 0 0 4 -2 0 0 -2 2 0 0 -1 0 -6 0 -2 2 0 -4 0 -2 2 -4 0 2 -2 4 4 0 2 2 0 0 0 -2 0 -2 0 0 -4 0 -4 -2 0 0 0 0 0 1 0 0 0 -2 1 -2 0 0 39 4 2 0 0 -3 0 0 2 -4 -2 2 2 0 2 4 0 -4 3 -5 1 1 0 0 2 0 0 -3 0 2 0 -4 0 -3 0 -4 0 -2 0 -4 0 0 0 4 1 0 0 0 0 -1 -1 2 -1 4 -2 0 0 4 -1 0 2 0 0 -6 -2 0 1 0 4 0 0 0 1 -4 0 1 0 0 4 4 -1 0 1 0 2 -2 -1 4 0 2 0 0 0 5 2 4 -2 2 0 0 -1 0 0 1 2 0 0 0 0 0 0 -4 4 0 0
1 0 -2 -4 0 0 0 0 0 2 2 -2 0 0 0 -2 2 0 5 4 0 5 -2 0 4 -4 2 4 0 0 5 0 0 0 -2 4 4 4 4 0 0 0 4 -6 0 2 0 0 0 0 0 0 0 7 -4 0 0 1 4 1 2 0 0 4 3 0 0 2 -2 -2 -2 2 0 4 -1 -4 0 0 0 0 2 2 2 0 -6 2 0 0 1 1 4 2 5 0 0 0 0 4 0 0 0 0 0 0 4 0 0 -2 0 2 0 0 0 3 0 1 4 0 0 0 0 -5 0 2 0 -2 0 6 4 0 0 0 2 8 0 0 0 2 4 -2 0 0 2 -2 -3 1 1 4 0 4 4 0 -2 2 0 -2 -2 1 0 -2 -6 0 -4 0 -2 4 2 -4 -6 0 2 2 -4 -2 0 2 0 0 0 4 4 -1 1 2 2 -3 0 0 0 0 -2 0 -2 2 6 -2 0 -3 2 1 0 -4 4 0 4 0 0 0 -3 0 2 2 0 0 2 0 0 3 -1 1 0 0 0 2 0 2 6 6 4 8 2 0 4 0 -8 0 -2 2 0 0 -1 4 0 0 9 0 0 1 0 0 1 0 0 0 0 0 0 -4 -2 0 -4 0 8 0 4 -1 0 0 7 1 0 1 0 0 -2 0 0 2 0 -2 1 4 2 1 0 0 0 6 2 0 -2 0 -4 -6 0 4 54 0 -2 8 -1 2 0 0 -2 -6 -2 1 0 2 0 1 -3 -2 4 4 -1 0 0 0 -2 1 1 1 8 -4 0 1 4 -4 4 0 2 6 -1 0 -1 2 7 -1 0 -2 0 1 0 0 2 0 -2 0 0 2 0 2 0 2 0 0 0 2 -3 -2 -1 9 -5 0 0 0 1 0 10 1 0 2 0 4 0 -2 0 6 0 0 1 -6 0 4 -2 0 0 0 6 -1 0 4 6 2 -2 6 2 -4 0 0 2 4 4 1 -2 2 1 4
-6 2 0 0 0 -1 -6 0 1 0 2 1 -1 0 4 -2 -2 0 2 0 0 0 0 8 0 0 4 0 0 2 0 -3 -10 0 0 1 1 -2 -4 1 0 0 -1 0 -1 0 0 0 1 1 0 0 0 4 -2 -4 0 0 0 2 0 0 0 0 0 0 -8 2 -4 3 0 -1 0 1 -2 4 0 4 4 0 0 0 0 5 -4 2 -2 -2 -2 -3 0 0 -2 2 2 8 -4 4 0 0 2 4 -2 4 4 2 4 2 -6 0 -2 2 0 4 0 -4 2 0 0 2 -2 2 -2 0 0 -4 1 4 2 0 0 0 2 4 2 8 0 -3 -6 0 -1 0 -3 0 0 2 1 0 3 -4 -2 0 0 0 0 6 5 0 0 0 0 1 0 2 2 0 -3 5 0 1 8 0 -8 3 2 0 3 -6 0 0 1 0 0 1 5 1 0 0 2 2 -8 0 4 -1 2 4 3 -2 2 2 1 0 0 0 0 2 2 -6 0 -4 0 0 -2 0 0 6 -2 2 0 -2 0 2 4 0 0 0 4 -2 -2 4 4 2 0 2 0 2 -2 0 4 -6 4 0 4 0 -6 1 0 -1 6 -2 -1 2 0 -4 2 0 0 -6 -4 0 -2 5 9 0 0 0 0 -2 0 -5 0 0 0 -2 -16 4 0 2 0 0 -4 4 -4 5 0 -2 4 0 0 0 3 0 4 0 4 2 0 58 0 4 -4 4 1 4 4 -2 -2 -3 0 0 0 0 2 6 2 -6 1 -2 4 3 3 0 -4 0 0 1 6 -1 0 0 0 0 2 -1 0 0 6 0 -4 2 0 4 0 -2 -2 2 0 -2 2 3 0 4 -6 0 0 -4 0 0 4 0 0 6 -4 4 -2 0 0 2 6 0 -3 0 2 -4 -3 -2 -2 2 -4 2 0 1 0 -1 0 0 2 0 10 -4 0 2 0 0 0 0 0 0 7 0 0 0 6 0 4 0 -2 2 2 0
0 -2 0 -2 2 5 0 3 4 -2 2 -1 -2 0 0 2 -2 0 0 0 -4 0 0 0 0 0 2 0 -4 0 -2 0 2 0 0 2 -4 -2 0 0 0 4 0 0 0 0 0 0 6 6 0 -4 -2 -2 -2 0 0 0 1 0 -2 4 2 0 4 4 -2 -2 0 0 0 2 6 -4 4 0 0 0 0 1 0 -2 4 -4 0 0 0 0 2 0 0 0 2 0 0 0 0 0 -4 0 -4 0 0 0 2 4 4 2 0 0 -4 0 -2 0 2 0 -1 0 0 0 -10 0 0 0 0 -8 0 0 4 4 -2 0 4 -2 0 0 4 -2 -6 0 0 -4 -1 -2 0 0 0 0 -2 4 0 0 0 0 0 2 0 -1 2 1 4 -4 -2 0 -2 0 2 4 -2 0 0 4 6 2 0 0 0 0 -3 1 -1 4 0 2 0 -1 0 0 2 0 2 0 4 0 1 4 0 2 -3 -1 -4 -3 0 2 4 0 -3 4 -2 0 -8 2 0 0 0 -2 0 0 0 1 4 -2 0 -6 0 -5 9 -1 -2 4 0 -4 0 0 2 8 0 -2 0 0 0 4 0 0 0 -2 2 -6 4 2 0 0 0 -2 -1 -2 -1 0 0 0 1 2 0 2 -2 0 -1 -2 -4 0 0 0 4 3 0 0 2 0 2 2 0 0 4 0 0 0 0 1 -2 -4 0 -2 2 4 0 0 -2 0 44 0 0 0 6 -8 0 2 6 0 4 0 0 0 0 -4 0 -2 5 2 0 4 0 0 -1 0 0 -2 0 0 1 0 0 -5 0 0 0 8 -2 0 0 -2 -1 2 2 -2 0 0 0 0 0 0 0 4 0 -4 -4 2 3 -2 -4 0 1 0 0 -1 -3 4 0 -1 -2 -3 0 0 -1 0 0 -4 0 8 0 -2 -1 0 0 0 4 2 0 0 0 0 -6 4 0 4 -4 2 0 2 0 4 0 0 2 0 2 0 -4 0 0 -2
0 0 2 -6 2 4 4 0 0 4 4 0 0 0 -2 -4 2 0 -2 0 2 2 0 -4 2 4 -6 0 0 8 -2 0 4 2 4 0 -4 0 0 -4 1 2 -10 0 -4 2 0 0 0 0 0 0 0 0 0 0 0 6 0 0 -4 0 -4 0 4 0 -6 2 0 4 -8 -2 -4 4 4 0 0 0 0 0 -2 0 10 -2 -6 0 -4 0 -3 -4 0 0 2 0 0 0 0 0 -1 0 0 0 0 2 0 -2 0 6 -4 0 -4 6 -2 4 0 4 2 0 4 0 -4 4 12 0 -4 0 8 0 0 -1 2 -8 0 -6 2 2 -2 8 4 2 2 4 -2 2 1 8 0 2 -6 1 -3 -4 0 0 -4 8 -4 6 -2 -2 0 -2 0 0 2 0 2 8 -2 0 0 -6 0 2 0 1 0 -4 -2 4 4 -4 0 0 0 0 0 0 0 -4 0 0 0 0 0 4 -2 2 -2 0 2 2 0 0 0 6 -6 -2 -2 4 -2 0 2 0 0 4 0 4 2 0 -4 0 2 0 0 2 0 -4 0 2 -6 4 0 -2 -4 10 -4 2 0 -12 0 2 0 4 -4 -4 0 4 -2 0 2 -8 0 0 4 0 4 -4 0 0 0 6 2 2 0 4 0 -3 0 0 0 -4 2 0 0 0 0 -4 0 0 4 -4 1 0 0 0 0 -8 0 -4 0 0 0 -4 0 0 8 4 0 87 0 0 0 0 -2 0 -4 5 -2 0 2 6 0 -6 0 2 -4 -2 4 -4 0 -4 4 -2 0 0 0 -4 2 0 0 0 4 -6 0 0 0 -2 0 0 0 0 -9 -2 2 2 -2 0 4 -4 4 0 0 2 8 0 -6 0 2 4 4 8 0 0 -4 0 0 0 4 0 -2 0 -2 -6 -4 0 0 4 2 2 0 2 -4 0 0 0 -2 -4 -2 0 -4 -3 0 4 0 -1 0 0 2 -16 0 0 -4 0 -2 0 0 8 0 -5
-3 0 -5 2 -4 -4 -2 0 5 10 -2 0 4 0 0 5 0 2 0 4 0 -2 -1 -2 0 -1 2 1 -4 0 -5 -2 4 1 0 1 -4 0 6 0 -2 8 -4 12 -3 2 -4 -2 0 -6 2 4 -2 0 2 0 0 1 -1 -4 -2 -4 -4 4 0 -4 0 0 0 0 2 0 0 0 2 3 0 1 4 -2 0 2 0 0 0 1 0 0 4 4 -2 -1 0 4 2 -2 0 0 0 4 -4 -3 0 0 0 0 8 2 0 1 1 0 -3 -1 3 0 2 4 4 0 -1 0 0 0 0 0 -2 -2 1 0 4 4 3 -3 -2 2 -2 1 2 2 4 4 -3 2 1 2 0 0 -2 -2 4 0 0 3 2 4 -2 3 0 8 -1 -1 2 -4 -2 0 -5 0 -1 0 2 0 4 1 -2 -2 0 0 0 0 0 0 -2 0 0 2 -4 2 0 0 -2 0 1 -3 5 -2 -4 0 -10 0 0 0 0 2 4 -2 -3 8 2 0 -2 -1 0 -1 2 0 0 0 0 0 0 0 0 0 0 0 8 2 -6 0 2 1 4 4 0 0 0 0 -3 2 1 -6 0 0 2 -2 -2 -6 2 2 -3 -4 0 4 0 0 0 0 0 3 -2 -4 -3 0 -4 2 0 2 1 0 0 -5 0 -4 -5 -1 0 5 2 0 2 1 2 -4 -2 -4 0 -1 4 0 0 0 0 0 0 -3 -1 -4 0 0 62 -2 0 -2 0 -2 2 0 0 -1 0 0 -4 0 -2 0 -2 3 3 2 -12 -2 1 0 -4 0 3 -3 0 4 -2 -1 0 -2 2 -3 4 -2 -5 -4 0 0 0 -4 -2 0 0 0 0 4 7 -1 0 0 6 -2 -4 0 6 0 0 -1 1 3 -2 -1 0 0 0 0 -2 -1 1 0 -2 4 -4 -1 -2 5 0 4 0 6 2 2 -1 2 -4 0 4 0 4 2 0 0 0 -2 -1 1 0 2 0 5 0 0 0 0 -2 0
0 0 -4 0 0 4 0 0 0 -1 -2 4 0 0 -1 -2 0 4 2 0 0 0 0 0 0 0 0 2 -2 -1 0 0 -3 2 -8 0 0 4 2 0 0 2 0 0 0 0 -2 6 -4 0 0 -2 -2 4 0 0 0 4 0 0 0 -4 2 -4 0 0 0 0 0 0 -6 -4 -2 1 -4 -4 2 0 0 -2 0 0 0 0 -2 0 0 4 -2 0 0 0 -2 2 -2 -4 0 0 0 0 0 0 0 -2 1 0 0 0 -1 0 0 0 4 6 4 0 2 4 0 0 0 0 -2 -2 -4 -1 0 2 4 1 4 4 2 0 -6 2 1 0 0 -4 -10 0 4 0 0 0 0 -1 2 0 -2 4 0 6 0 -2 0 1 2 0 -1 4 0 4 6 -4 0 0 0 6 6 0 0 -2 0 1 2 0 0 0 -1 0 -1 0 0 -4 0 0 4 0 3 2 0 0 2 0 0 0 2 -2 0 0 0 2 2 1 4 1 4 0 -4 0 0 0 0 2 0 4 0 1 0 -1 0 -3 0 0 0 0 0 4 0 6 0 -2 2 0 0 0 0 0 0 1 0 1 -1 0 0 -2 4 0 0 0 0 0 -8 0 -4 -4 8 0 4 0 5 0 0 0 0 1 0 4 -2 0 0 -2 4 3 -2 0 4 -2 0 4 -4 0 0 -2 0 2 0 -4 0 0 2 8 0 0 2 4 0 0 -2 38 -2 0 2 2 1 0 0 0 4 0 0 0 -3 -4 0 -5 0 4 2 0 0 0 2 0 0 0 1 0 4 0 0 0 0 -4 4 0 0 0 0 0 -1 1 0 1 -2 0 0 0 4 4 -2 0 0 2 -4 2 0 2 -4 0 0 1 1 0 0 0 0 0 -2 0 0 0 0 -2 0 4 0 0 -2 0 -2 0 0 0 -3 6 0 0 0 4 0 -1 0 0 0 0 0 0 4 0 2 2 2 -1 -1 2 0 0
0 0 -6 0 0 0 0 -4 -1 0 2 1 0 0 0 0 0 0 0 0 4 -4 -2 2 0 6 -4 0 0 -2 0 4 0 1 0 0 0 0 0 0 0 -1 0 0 0 0 0 -2 0 0 0 -5 0 -2 0 0 -4 0 0 -2 0 4 0 1 -4 4 -2 0 4 -2 -2 -1 -2 0 0 -8 0 0 0 2 -4 0 -1 0 0 0 4 -4 0 0 4 -1 1 0 -4 0 0 0 -2 0 0 -1 0 -1 0 -2 0 0 0 0 8 0 2 0 0 1 8 -2 -8 0 0 0 0 2 4 -2 0 -4 0 -4 0 1 -1 0 1 0 2 2 -2 0 1 0 0 4 0 0 2 -2 -1 -6 0 0 4 2 0 0 0 -3 2 -1 4 -2 -2 -2 -1 2 -8 -4 0 -3 0 -1 -2 1 0 2 2 0 0 0 0 0 0 0 0 1 0 0 -2 2 0 0 0 0 0 6 2 -2 6 0 0 -4 0 0 0 0 0 0 0 0 -4 0 -6 0 8 0 0 -4 0 -2 0 0 0 -2 0 0 0 0 -4 -6 3 2 0 0 0 0 4 -4 0 0 0 4 4 0 0 0 0 -1 4 2 -1 0 0 -4 -1 0 0 -4 -2 0 0 1 0 0 0 0 4 0 0 -2 0 6 0 0 -6 0 0 0 -2 -4 0 -2 -4 -1 0 0 -3 2 0 0 0 0 0 2 0 0 0 1 6 0 0 -2 53 -6 0 -2 0 8 0 0 -2 0 0 0 3 3 -2 -2 -2 4 -1 0 -4 0 0 0 0 0 2 0 -4 -6 -1 1 2 2 2 0 4 -2 0 0 0 -2 0 0 0 0 0 0 0 0 0 -2 0 -2 -4 0 0 0 0 0 0 4 -4 4 0 -2 0 0 1 2 4 0 0 -4 0 -1 0 0 0 1 0 0 0 3 0 4 -2 0 0 2 -1 -2 4 0 0 0 4 0 0 5 -4 4 0 0 0 -2 -6 -4
0 -2 0 -2 0 0 0 0 0 0 -4 0 0 0 -4 2 0 0 0 0 -4 0 0 4 1 0 0 4 0 0 0 0 -4 0 -4 0 0 0 -2 0 2 4 0 2 -1 0 0 0 4 0 -4 1 0 0 0 0 0 1 0 0 4 -8 2 0 -1 -8 0 0 1 -2 -1 0 0 -1 0 -2 0 2 0 8 -2 0 0 1 -2 5 0 1 -2 -2 2 0 0 -2 -2 0 0 0 0 0 0 0 0 0 0 -8 -2 0 -1 0 0 2 -4 4 1 1 6 2 0 0 0 0 0 0 0 0 0 6 0 0 0 0 -4 2 -6 1 2 0 2 -6 0 0 0 0 0 0 0 -1 0 -4 0 0 2 0 0 2 4 0 0 4 0 0 2 0 0 6 0 5 2 0 0 0 -8 0 2 2 0 0 0 0 0 -1 0 0 0 1 0 2 0 1 -4 1 0 0 1 6 0 0 3 0 4 8 4 0 0 0 0 1 0 -5 -2 0 0 0 0 0 0 2 0 0 -2 0 0 -2 -2 2 0 0 4 0 0 0 1 0 2 2 0 -2 4 2 0 0 -1 4 0 0 0 0 -8 0 -2 -2 0 -6 0 0 0 0 0 4 0 0 4 0 -4 0 0 0 0 2 4 0 0 0 -4 0 0 0 0 -2 0 0 0 -2 0 0 -1 -2 0 0 2 0 2 -8 0 2 0 4 -8 0 -2 0 -6 43 0 -2 1 0 0 0 -1 0 0 0 0 0 2 0 -2 0 -2 0 0 0 4 0 -2 4 -2 0 -2 9 -2 -1 0 0 4 0 0 0 0 0 -3 0 0 -3 0 0 0 0 1 2 0 -1 0 -2 0 0 0 0 2 4 0 0 0 -8 2 2 0 0 0 2 0 0 0 -2 1 -2 0 6 1 0 0 5 2 0 0 0 10 0 8 -8 0 1 0 0 4 2 0 0 2 0 -2 0 0 0 0 -1 0 2
0 0 0 0 0 1 -5 0 -4 0 4 0 0 0 0 0 -4 0 -4 0 2 1 0 2 0 0 0 0 3 -4 0 -2 -1 0 4 0 -4 4 0 0 2 0 1 0 0 2 0 2 0 0 4 0 -2 0 0 1 0 0 0 -2 -2 0 2 0 0 -2 -5 0 -4 0 2 0 -2 0 2 6 6 4 0 0 4 0 0 0 4 0 0 0 0 4 0 0 0 0 2 0 0 -3 0 0 -2 0 -4 0 4 0 0 -4 0 0 0 0 1 0 -1 0 4 0 0 0 -3 4 -2 4 2 2 0 0 -2 0 0 0 0 0 -2 0 4 -4 4 -3 2 0 0 -2 0 0 0 0 -1 -1 0 0 4 0 0 4 0 -2 4 4 0 4 4 0 4 0 4 0 0 -3 0 0 0 0 0 4 1 2 4 -2 -2 0 0 0 -8 4 0 -2 0 2 0 -4 -7 1 0 2 0 0 1 -2 -1 3 -8 0 2 2 0 4 4 0 0 0 -4 0 0 0 2 -4 0 1 0 0 0 -1 4 -1 -2 0 4 0 -4 0 0 0 0 0 0 0 2 -4 -2 -4 4 -2 2 0 2 2 0 0 3 2 2 -2 0 0 0 4 0 0 6 0 -6 -1 0 4 0 0 -6 0 0 -1 0 0 -6 -2 0 4 0 0 0 0 4 4 4 -4 0 0 0 2 0 0 -2 -2 0 -4 -2 4 0 -2 0 2 0 0 42 4 1 0 1 0 0 0 -2 2 0 2 -2 -2 -1 4 0 0 0 2 0 0 0 0 0 0 2 4 2 -2 -2 0 0 4 0 0 -1 0 0 0 0 0 2 0 0 2 0 1 2 0 0 1 0 0 1 -2 0 2 -2 0 0 -2 0 2 2 0 1 0 -2 -4 0 0 0 -4 0 -3 0 0 -4 0 2 2 4 0 5 0 0 0 2 0 0 0 -4 0 2 -4 0 0 1 0 4 -2 0 0 0 0
0 0 0 0 0 0 0 0 0 0 -1 0 0 0 0 -4 0 0 0 0 4 4 0 -4 -2 0 -2 0 0 -2 1 0 4 0 0 -4 4 0 3 0 -6 0 6 0 0 0 4 0 2 0 0 -6 -6 -4 1 0 0 -3 0 0 -4 -6 0 0 2 -2 6 0 0 4 0 -4 -1 0 0 0 4 0 2 0 0 0 0 0 4 0 -1 2 0 0 0 -2 -2 0 0 2 0 -3 0 2 0 0 0 0 4 -2 7 -4 4 4 4 0 -1 0 0 0 4 0 0 0 2 4 2 0 -4 -2 0 -4 0 0 0 0 3 -10 -2 -3 -4 0 -6 10 3 2 0 -6 -2 1 0 1 0 6 0 0 0 0 0 0 -4 4 6 2 0 4 0 0 5 0 0 -4 0 0 -4 2 8 0 0 5 0 -4 0 0 -2 2 0 4 -2 -2 -2 -4 0 0 8 0 1 -2 0 0 0 0 -4 6 1 6 6 0 -2 2 0 -4 4 0 2 -2 0 0 -4 0 0 0 0 5 0 0 0 1 0 -2 6 -2 1 2 1 0 -2 0 2 -5 0 4 -1 0 6 0 0 0 0 0 0 0 -2 0 2 0 -4 -1 0 0 0 8 0 0 2 0 -4 0 0 0 0 -2 2 0 0 0 2 8 4 -2 0 0 -4 0 0 -6 2 0 0 0 2 4 0 -2 1 0 0 -2 0 -2 -6 -2 2 0 -2 2 -2 -2 4 47 2 0 6 -4 0 0 0 -4 4 -4 -2 -4 0 0 0 2 3 0 -2 -2 0 8 -1 -2 0 2 4 -1 -2 2 0 4 0 0 0 6 0 1 4 8 0 -2 1 0 0 0 0 0 -2 1 0 0 4 0 0 -2 0 -2 -1 -2 0 -4 -2 0 -10 -4 0 0 0 2 0 0 0 -4 0 4 0 -4 -1 0 -4 0 -8 0 -4 -2 0 0 -4 0 4 0 0 0 0 -2 0 0 7 -2 0 0 0 -2
2 0 0 2 4 2 -4 2 2 -1 0 0 0 -2 0 2 0 -5 0 2 2 0 0 -4 1 0 2 2 0 -2 0 0 -3 0 0 -2 2 4 0 -4 0 2 -6 0 0 0 0 0 8 2 6 0 0 0 -1 -5 4 -5 0 0 -2 0 2 0 2 -2 8 -4 0 0 4 4 0 0 -2 0 0 2 2 -2 -4 2 0 0 -6 0 0 0 -4 -2 -2 0 4 0 0 4 -2 1 4 -2 0 -2 -2 0 4 0 -2 0 0 4 -4 3 0 4 1 2 0 0 0 2 3 0 12 0 0 -4 8 0 2 2 -6 0 0 2 0 -6 -2 0 1 -4 0 0 0 0 4 -2 0 0 0 -4 6 0 4 0 0 -4 -4 3 0 0 -2 0 0 -4 0 -4 -2 4 0 0 0 4 5 -4 0 1 0 0 0 0 2 4 0 0 0 0 -2 0 6 0 2 0 2 0 0 2 -6 -2 1 6 0 -2 -2 2 0 0 0 0 1 0 0 8 2 0 -1 -4 0 0 0 4 4 0 4 -5 0 2 4 0 0 0 0 0 -2 -2 4 0 0 2 2 0 -4 -4 0 0 5 -4 0 0 2 2 0 0 0 -6 0 0 0 0 4 0 2 -4 1 4 2 6 0 0 -8 0 0 0 -2 0 -2 -2 2 0 8 0 0 -4 0 -2 0 0 0 2 2 -1 6 2 -4 0 -4 2 -2 -2 6 -4 2 1 0 1 1 2 62 0 0 2 0 0 2 4 -1 4 2 0 0 0 2 0 8 2 4 0 6 2 0 0 0 0 -5 -2 0 4 4 0 0 2 0 9 -4 -2 0 1 -4 -5 0 -4 0 2 0 0 0 4 -2 0 -4 -2 2 0 0 2 4 0 4 0 0 8 2 0 4 0 -4 -4 6 4 0 0 0 6 0 0 4 0 2 0 -3 6 0 2 4 0 0 0 -4 0 6 8 -2 0 -2 0 -4 0 -3 -4 8 0
0 -4 -4 -1 0 4 0 0 -4 0 0 -8 1 0 0 0 2 2 2 -2 0 -5 -2 0 0 0 0 -4 0 0 -3 0 0 0 -2 0 4 0 0 0 -1 0 -3 2 4 4 0 0 -1 0 1 -4 0 0 -2 0 0 0 0 0 -2 0 0 1 0 -2 0 0 0 -6 -2 0 0 0 0 -4 -4 4 0 0 0 1 0 0 0 -3 -2 0 1 -4 4 0 3 -2 0 0 2 -2 0 0 -4 0 0 2 4 0 3 0 0 -4 2 1 0 -2 0 0 4 0 -5 0 0 1 -8 0 0 4 -3 -4 0 -2 0 0 -2 -7 4 0 -2 1 -4 2 4 0 4 6 1 -2 2 0 0 0 -4 2 -3 0 0 4 2 0 -2 -2 0 0 -2 0 4 0 -4 0 2 8 0 0 0 -2 0 0 0 -4 0 0 -4 0 0 -1 0 -1 0 4 -2 0 0 0 -2 0 -4 4 0 -4 0 -4 0 2 0 0 0 -2 2 2 0 0 -4 0 0 0 4 0 -4 0 -1 2 0 -4 -6 0 0 4 0 0 0 0 0 0 0 2 4 0 0 2 0 -1 4 0 0 0 -4 0 4 0 -2 0 1 0 0 0 8 0 0 0 0 4 0 -2 2 0 0 0 0 2 -1 0 0 0 2 0 4 0 0 0 0 -2 1 4 2 0 3 -4 0 0 -2 0 0 0 -2 4 0 2 1 -3 0 5 0 0 8 0 0 0 0 38 0 2 0 0 0 0 0 2 4 0 0 1 -2 0 0 2 -4 0 -2 0 0 0 4 -2 0 -1 0 -2 0 -2 0 2 0 -7 -1 4 0 1 0 -2 0 -2 0 0 0 0 5 6 -2 0 1 -2 0 2 0 -8 0 0 -6 0 -2 0 2 0 0 2 0 2 0 0 0 2 0 0 0 4 -5 0 0 2 7 -4 2 1 0 2 1 0 2 4 0 0 1 0 0 0 -2 0 -2 -2 -8 1
0 0 4 2 1 4 0 4 6 0 -1 0 1 0 0 -1 -2 0 0 0 2 3 0 0 0 -5 0 0 -2 -1 0 1 -1 0 0 2 0 0 4 0 0 0 0 0 0 0 0 1 0 3 -2 1 1 0 2 0 1 0 0 0 0 4 2 0 0 2 2 0 4 1 0 4 2 1 0 4 2 8 2 -3 0 0 2 -4 -6 -4 0 0 0 0 -2 0 0 0 4 0 0 6 0 0 0 0 0 2 4 2 4 -5 0 0 0 0 -2 2 6 0 0 0 -4 0 1 0 0 0 2 -4 0 0 2 0 0 0 0 0 -4 0 -2 0 4 3 0 0 2 -3 -1 -2 -2 0 -4 -1 0 4 -1 2 0 2 0 0 -3 0 0 0 0 2 0 0 -4 0 4 2 0 0 -2 0 2 6 0 -5 0 -3 2 2 0 0 -2 4 -3 4 -1 0 -2 6 0 2 1 0 0 0 0 7 4 1 2 0 0 -1 4 2 0 0 0 0 0 0 0 -10 0 0 -2 0 0 4 4 -2 1 0 3 0 0 12 0 0 0 0 0 4 0 -2 0 0 2 1 -2 0 1 0 -1 0 0 9 1 2 -3 0 0 4 0 4 2 0 1 0 1 -1 -1 -2 2 -1 -2 0 0 -4 -2 4 0 -2 -2 0 0 -2 0 -8 -1 -2 -8 2 0 4 0 0 1 0 -3 -1 4 0 0 0 4 -2 0 0 0 0 1 6 0 0 45 0 4 -4 0 12 0 0 -2 0 -1 2 -2 0 4 0 -4 0 0 4 0 -4 0 2 0 0 0 1 0 2 -1 2 0 0 -4 0 1 4 0 -2 4 2 4 1 0 0 3 0 3 -2 -4 0 0 0 0 0 4 0 0 -2 1 2 -2 0 -2 0 0 -4 -2 0 0 0 -2 4 0 2 0 0 0 -4 4 4 -4 5 0 4 -4 2 2 0 -2 0 -1 0 2 0 -1 0 0 -2 0 -1
0 8 3 -4 0 0 -2 0 1 4 -2 0 -1 0 8 -2 0 -2 4 5 -2 2 0 -2 2 -2 0 -2 0 2 0 -4 0 0 4 -1 0 -4 4 0 0 0 -6 -10 0 -2 4 0 0 2 0 -4 2 2 0 0 0 5 5 0 4 4 0 4 0 0 0 2 0 0 0 0 2 -2 0 2 4 4 -2 2 2 0 0 4 -3 4 2 -4 4 -4 -2 2 0 2 0 0 -1 4 0 0 0 0 -2 0 -5 0 2 4 -4 -1 0 -2 -2 2 0 -4 2 0 0 2 -3 -4 -2 -2 4 4 0 4 0 2 -1 0 2 7 -4 0 4 0 -2 -3 2 0 0 0 0 -6 2 -4 0 0 -4 4 -2 0 0 4 -1 -2 -4 0 1 -2 0 1 1 0 -2 -6 -4 0 0 4 -2 4 4 0 0 -4 0 0 0 0 5 0 0 0 1 0 0 0 0 0 -1 -4 0 1 0 0 -2 -2 0 -2 0 0 0 -2 -2 -2 0 0 -4 0 0 0 -2 3 0 0 0 -5 0 0 2 -1 -2 0 6 -2 0 -1 3 0 6 -4 0 3 0 0 0 4 -2 -2 -2 0 6 0 -4 0 -2 6 -4 -2 0 0 -2 0 2 2 0 -4 -4 -1 1 2 3 4 4 0 -4 1 0 0 -4 0 2 0 4 -4 2 -2 0 0 -4 -3 0 0 0 -5 -4 -4 -2 -2 -2 2 -2 2 2 0 0 0 -1 0 0 0 0 -4 2 2 0 60 0 -1 -4 9 0 0 2 0 -6 0 -2 0 0 0 8 7 0 -4 0 0 2 0 0 -2 0 0 0 2 4 4 0 -2 -4 2 2 2 2 2 1 0 -4 0 -2 -2 0 1 0 -5 1 4 2 0 -1 2 -2 0 0 0 -4 0 2 0 2 4 2 0 0 0 0 0 0 0 -4 2 -2 -4 -5 -4 -4 4 4 0 0 -2 4 4 0 4 0 -3 -2 0 0 -4 -2 4 0 0 4 0
0 -1 2 4 0 1 -2 -2 0 0 0 0 0 4 4 -4 -2 4 0 2 2 2 0 4 -2 2 4 0 2 0 0 4 4 0 -2 0 0 8 -2 0 0 0 8 -1 0 0 -2 6 0 0 1 -3 0 0 0 0 0 0 0 1 2 3 -2 0 2 0 0 0 -2 0 1 0 0 2 -1 0 2 0 -2 0 2 0 -4 0 4 2 0 0 4 5 -2 -4 -2 0 2 0 4 5 0 0 0 0 0 0 4 4 1 0 0 4 4 0 0 1 2 -2 4 0 -6 0 0 0 1 4 0 0 -2 0 0 0 -2 0 0 0 0 0 0 0 0 4 4 0 2 0 0 0 0 3 0 0 0 0 -2 4 -4 -2 0 7 0 0 0 0 0 0 2 0 0 -4 0 -4 0 0 0 0 0 0 0 8 -2 0 -2 0 0 0 0 0 8 0 4 0 0 2 4 1 0 1 0 0 2 0 0 0 0 0 0 0 4 0 0 2 6 0 1 0 0 2 0 0 2 0 0 0 2 0 -2 4 4 0 2 -8 0 6 0 0 0 -4 0 -4 -2 -2 0 0 2 2 2 2 0 0 0 0 1 0 0 0 -2 0 2 0 -6 1 0 0 4 0 0 0 4 0 0 0 -2 0 0 -4 4 0 0 8 0 0 0 0 0 4 1 0 1 -3 0 -2 0 0 0 0 0 4 0 0 0 2 0 4 -2 -1 0 0 0 0 4 0 45 0 0 0 -4 -2 -2 0 0 4 -2 2 -2 0 0 -2 0 -4 -2 0 4 1 -4 2 -4 0 0 0 0 4 0 0 -4 0 0 0 -2 0 4 -2 0 0 0 1 0 4 0 2 2 -2 0 0 0 0 2 -6 2 0 -2 0 0 2 -2 -2 6 2 0 4 0 0 -1 0 3 0 0 0 -2 2 5 0 8 -2 0 4 -4 2 0 -2 1 0 0 0 0 4 0 4 0 4 0 0
0 0 4 0 -2 0 -3 2 0 0 0 0 0 0 2 0 0 -6 0 3 0 -4 6 0 -4 0 -1 0 0 0 -2 -2 0 2 0 0 0 0 0 0 0 0 0 0 0 -4 1 -4 0 0 0 0 2 0 0 0 0 1 0 0 0 0 -2 -4 -2 0 0 0 -4 0 -2 0 0 0 0 0 2 -8 0 -2 3 0 0 0 0 4 -2 0 0 2 2 0 -4 0 -4 -2 0 0 0 1 0 -2 0 -2 0 0 -2 0 0 0 0 1 1 4 0 2 2 0 0 2 4 0 0 0 0 0 0 0 0 2 0 -2 2 4 1 0 0 0 -8 -1 0 0 0 0 2 2 0 0 2 2 0 -2 0 0 -1 0 -4 0 0 -8 1 0 0 0 -2 2 6 2 0 -1 -1 0 -4 -5 0 0 0 2 0 2 0 -2 0 0 -3 -2 -2 0 0 1 0 0 0 0 -2 2 -4 0 -1 0 -4 -2 0 0 0 0 0 0 0 0 0 -2 0 0 0 2 0 0 4 -2 0 0 -2 0 0 -1 0 -2 0 0 -3 4 0 0 0 0 0 0 0 0 0 2 -2 0 0 0 0 0 0 -1 2 0 -1 0 0 0 2 0 0 0 0 6 0 4 0 -1 0 0 -2 0 0 0 -8 0 0 0 0 0 2 0 0 -2 0 -3 6 0 2 -1 5 0 0 -3 4 0 -4 0 1 0 0 6 0 0 0 0 0 0 0 0 -4 -1 0 31 0 -2 0 0 0 -8 0 0 -3 -2 -8 0 0 0 -2 0 0 0 0 0 1 0 0 0 -2 -2 0 0 0 1 0 0 0 -4 0 0 0 0 0 2 3 2 0 1 4 0 2 -4 -4 -2 -2 2 0 0 -2 -2 0 0 0 0 0 4 0 2 0 -2 -2 0 0 0 0 0 0 0 0 4 3 1 4 -4 -6 0 0 0 0 4 0 -4 -2 0 4 1 2 4 0 2 -1 0
1 2 -2 2 2 1 0 0 -4 0 2 0 1 0 2 2 0 0 -4 -4 0 6 2 0 0 0 0 0 0 -4 0 -4 0 0 -4 2 0 2 0 0 0 0 0 8 0 -4 0 0 -2 0 2 0 0 0 -2 -4 -4 -2 -4 0 -2 0 -4 -4 2 4 6 0 0 -2 0 2 0 1 -1 2 0 0 0 2 0 0 4 2 0 -2 4 0 0 0 0 0 -1 0 2 2 2 -2 -4 0 -1 -4 0 0 0 1 -4 0 1 0 -1 -2 2 0 2 0 -2 0 -4 -1 0 0 0 0 -2 -1 -1 -2 0 4 0 2 0 -4 0 0 0 1 1 -4 4 -2 0 0 -1 -2 -4 0 0 0 -2 6 0 0 0 0 -2 -4 4 -8 2 0 0 0 -3 0 4 0 -3 0 -3 0 0 2 0 0 -2 1 0 0 0 3 0 0 2 -2 -4 -6 4 -2 4 0 4 0 0 2 0 0 2 -1 0 5 1 -1 0 -2 -2 0 -1 0 2 4 0 0 0 -2 0 2 0 0 6 0 4 0 0 -4 -6 0 2 -4 2 0 -2 0 0 2 0 0 2 1 6 1 2 2 3 -1 -2 2 6 0 1 3 -2 0 0 2 0 0 -2 2 -4 0 0 0 -4 -1 0 0 -2 1 0 1 0 0 0 0 1 -2 0 0 -2 0 -6 0 -2 1 0 0 4 0 2 -7 2 -1 0 -4 -3 2 0 0 -4 0 0 0 -2 0 2 0 0 -4 0 0 37 0 0 -4 0 1 1 1 0 0 -1 -4 0 0 0 -2 0 -4 0 0 2 0 0 0 2 -2 -4 3 -1 -5 0 4 4 0 -4 4 0 -3 0 0 0 0 6 -1 0 0 6 0 0 -2 0 -4 0 2 0 -1 4 0 0 0 0 -4 0 0 -2 2 0 0 0 0 2 0 4 0 0 2 -2 -2 -4 0 -2 0 0 4 0 -4 1 0 1 0 1 0 0 0 0 0 3 0
-4 2 -2 7 0 0 0 -1 5 0 0 4 -2 0 8 8 0 0 0 4 -2 -6 0 -2 4 0 -2 0 -2 -3 0 -4 -10 4 0 0 0 4 0 0 6 0 3 2 0 0 3 -1 0 0 -1 5 0 4 8 2 0 -3 0 -1 0 4 0 -4 -2 1 4 0 2 -4 0 -5 1 -8 -2 4 0 6 -2 -2 0 0 -4 0 -10 2 0 2 0 -6 0 0 0 2 2 4 -2 0 4 0 -2 -1 0 0 -4 0 2 2 0 0 -6 5 0 5 1 0 0 -2 0 -2 0 0 0 0 2 4 0 0 4 0 -1 2 3 0 3 3 -2 0 2 -2 -4 2 2 0 0 -6 0 -3 -2 -2 -1 -4 0 0 -4 8 0 -4 -4 6 -2 0 2 -4 0 0 -5 -1 0 0 0 0 0 -1 -4 2 0 0 0 -2 2 6 0 0 0 2 2 2 3 0 2 0 0 1 0 -1 0 0 3 0 4 6 0 0 0 -3 -3 -9 1 -6 -6 -4 0 0 -4 -3 -4 0 0 -8 0 4 2 0 0 4 -2 0 0 -4 0 -2 4 -2 0 2 0 0 0 0 2 0 2 0 -2 0 -4 4 -6 6 2 0 0 0 2 12 0 0 2 -1 0 1 10 0 0 8 6 2 4 -2 0 0 -2 2 2 0 -2 -2 4 0 -6 -4 -6 -2 -2 0 1 -4 6 0 -4 0 -2 2 2 3 -2 6 -4 -6 0 0 0 0 2 -4 4 0 12 9 0 -2 0 68 0 4 4 0 0 2 3 0 -1 0 0 4 0 0 0 -2 0 6 4 2 0 2 0 0 -6 0 1 -4 0 2 -1 -2 0 0 7 2 0 -2 0 -2 2 0 0 -1 -4 6 0 0 0 -2 4 0 0 -6 4 0 0 -4 3 -1 -2 -1 -2 -3 -6 0 -4 0 0 0 -4 -4 0 -2 -2 -6 -4 2 0 0 8 5 4 2 0 -3 0 0 -1 -2 2 0 0 4 4 0
0 -2 -2 0 0 -2 0 8 -1 2 -2 0 0 0 0 -4 2 -2 2 -2 4 0 0 0 0 0 0 5 -4 0 4 0 3 0 0 1 8 -1 0 4 -2 2 0 0 0 0 0 0 0 0 0 -4 0 0 0 0 0 0 4 0 -1 -4 2 1 -4 0 0 0 2 0 0 0 4 2 0 -2 0 0 -2 2 0 -4 -2 0 0 0 0 0 5 2 0 -3 -4 1 0 0 4 -4 -2 0 0 -3 2 4 2 0 2 -4 2 2 0 2 0 6 4 -3 0 0 0 0 0 0 0 -2 0 6 -4 0 6 0 2 5 0 0 0 0 10 0 0 0 0 0 -4 0 0 0 0 2 0 0 4 0 0 -4 4 10 2 -1 0 -6 6 0 4 2 4 -4 4 0 0 2 4 4 0 0 4 -2 4 0 4 0 0 -2 1 8 1 1 2 0 0 12 4 2 0 0 0 -6 2 4 6 0 0 0 0 0 -5 4 6 -2 2 0 0 0 -1 0 -4 2 0 2 4 0 0 -2 0 3 0 -2 6 0 -2 1 3 8 4 0 4 4 2 4 2 0 4 -2 6 0 -1 6 4 6 -6 4 6 0 0 0 -1 0 0 4 0 0 0 0 3 0 2 4 0 -1 4 2 4 6 -2 8 0 2 0 0 1 0 -2 1 -4 0 0 0 -4 0 0 0 2 -4 -4 0 4 -5 4 2 0 0 -2 -3 3 0 0 4 -1 0 0 0 -4 0 0 0 67 -1 -2 -2 -1 -2 0 2 0 4 -4 -2 0 4 2 0 -4 0 0 -4 10 2 0 0 0 -3 0 -2 2 0 1 -1 4 1 -4 -2 0 0 0 -4 4 -1 2 0 2 3 -4 4 0 -2 -2 0 0 4 0 0 0 2 0 4 0 3 0 0 0 1 0 -4 0 -4 0 0 4 0 0 -4 0 -4 -3 0 0 -4 0 0 6 0 4 0 0 0 0 -4 -4 5 -4 0
0 0 2 4 6 0 -2 -1 -2 -2 1 0 4 0 0 2 3 0 2 0 2 -2 0 2 0 -2 -2 0 2 0 4 0 -4 6 0 4 0 -2 0 -2 -1 -4 -4 0 0 4 0 0 0 -2 0 4 3 2 2 1 -2 0 0 -4 2 0 -2 -3 -4 -2 -2 0 0 4 0 -4 0 -6 0 0 0 4 -1 0 3 0 -3 -2 2 2 -6 0 -1 0 0 0 2 3 -1 -1 0 0 6 0 0 0 -2 0 0 0 -2 2 0 -2 0 0 0 0 0 7 0 2 2 0 4 -6 0 5 0 0 0 -2 2 0 0 -2 0 6 -2 -1 0 -2 6 0 4 0 -2 0 1 0 0 -6 -4 -2 0 -4 -2 0 1 6 -2 -4 1 1 4 0 0 -4 1 6 0 -8 2 -6 -6 0 0 0 0 3 0 -2 4 0 3 0 0 2 -2 0 -2 2 0 0 -4 4 -6 0 0 0 -2 4 -1 -2 0 0 2 2 -4 0 -4 0 0 0 0 1 -8 -2 0 -5 2 -4 0 3 -4 -4 -4 1 0 3 -2 2 4 -2 -2 -2 0 -3 -4 0 2 0 -1 0 1 0 0 -2 3 0 -4 4 -2 0 3 0 0 -2 0 0 0 4 0 0 4 0 1 0 0 4 -4 0 -4 4 0 2 0 1 -3 -6 0 2 0 0 0 0 6 0 -1 0 2 -2 4 2 0 0 0 0 -6 1 4 -6 -2 2 0 -4 3 0 2 -4 4 2 0 0 -2 0 -4 4 -1 49 0 3 0 0 1 0 -4 4 4 0 4 2 1 2 -6 4 -4 2 0 -2 2 -2 -4 0 0 0 0 0 -1 2 0 -1 0 0 0 -4 -9 0 6 0 -2 -4 -2 1 0 -2 0 -2 0 0 -2 -2 0 0 6 -3 4 4 0 4 4 3 0 3 0 0 4 0 0 0 0 0 -1 0 0 -4 0 0 0 -4 0 0 0 2 0 -2 0 4 -7 -4 2 0 0 -10
0 2 1 -2 -2 4 0 -4 -1 0 0 2 2 0 0 6 -1 2 -2 0 -4 -4 0 2 4 0 2 0 0 0 0 0 -4 0 -1 0 -2 -4 0 0 0 2 -4 5 -2 0 -2 0 0 0 0 0 -4 0 -2 0 -2 4 0 0 0 4 4 4 0 0 2 -2 0 2 -2 0 4 0 0 0 0 0 -2 -1 0 2 -2 0 0 0 0 0 -4 -2 4 0 0 0 0 0 0 -2 0 4 -8 0 0 -1 0 0 4 0 4 -1 1 4 0 -3 4 -1 -2 0 2 0 -3 0 0 0 1 4 -5 -2 0 0 -4 0 -4 0 4 -4 4 0 -6 2 -2 -4 1 2 -2 -2 2 0 0 -4 -2 2 0 0 0 -2 2 0 -2 0 -2 0 2 0 0 0 -1 0 0 8 0 0 0 3 2 -2 0 -1 -2 0 -4 8 0 0 2 -2 0 4 0 2 0 0 4 0 0 -3 4 0 1 0 0 0 2 2 0 -1 -2 2 0 0 -2 1 5 0 0 0 0 -4 0 0 4 -4 0 0 0 1 0 4 0 0 0 -4 0 -2 1 1 0 4 0 2 -1 0 -2 4 0 1 -4 -4 0 -4 0 -4 0 0 7 8 0 0 0 0 0 0 2 -2 0 0 4 0 1 0 0 0 1 0 3 0 5 0 0 4 0 4 -2 0 0 -3 0 -1 0 0 0 -4 2 -4 4 1 -1 1 5 -4 -2 0 -2 2 -2 -2 2 4 -2 2 -2 0 0 4 -2 0 40 2 -2 1 0 0 -2 -1 0 0 0 4 0 4 4 2 2 0 1 2 0 0 -2 0 2 0 10 0 -1 -1 0 2 0 0 -4 4 -4 0 -4 0 6 0 2 -2 0 2 0 0 5 0 0 0 -3 2 -2 -1 -2 0 -2 0 0 -2 -4 0 0 0 0 0 -2 -2 -6 2 8 -1 0 0 0 0 2 0 0 4 0 0 4 0 0 -4 0 0 0 0 0 0
0 0 4 2 2 0 0 4 0 0 0 0 -2 0 2 2 0 0 0 0 0 4 1 0 0 1 0 4 -4 1 0 0 0 -4 0 5 -4 -4 2 2 0 -1 0 0 1 0 4 4 0 0 6 2 2 0 0 4 -2 0 -2 0 -5 0 0 -6 2 0 -3 0 0 0 0 0 2 0 2 -1 -2 0 4 4 -4 -4 0 0 4 -1 0 0 0 -2 0 -2 0 0 0 0 0 2 -2 -4 2 -2 0 2 4 1 0 0 0 0 0 0 4 0 4 0 0 0 0 0 0 -2 0 1 0 -1 0 0 -2 -2 -1 -2 0 0 0 4 -2 2 -2 0 4 -2 2 0 -4 0 -2 0 -8 0 -4 2 4 -4 0 0 2 0 -2 8 0 -2 2 0 -4 -2 0 0 2 0 -4 8 4 7 0 0 0 0 0 2 -3 4 0 0 6 2 -2 0 0 -4 0 0 2 -4 0 2 4 -2 0 0 2 0 0 -2 4 1 -4 4 -2 0 -1 -2 0 4 0 5 0 0 0 -2 2 0 0 0 0 1 4 2 4 0 -2 -4 4 0 4 4 -4 4 -2 0 0 0 -4 0 3 0 -3 0 0 1 0 0 0 -4 -6 -4 0 4 -1 -2 2 0 6 0 0 0 4 0 6 0 0 -6 2 -2 0 -3 0 2 4 0 2 0 6 2 0 0 -2 0 0 0 2 0 2 0 -6 0 0 -2 2 -2 3 -5 -2 0 -2 -4 0 0 0 0 0 -8 1 0 -2 3 2 49 0 2 0 -4 12 0 -4 0 -2 0 0 4 0 4 0 0 -4 0 2 0 0 4 0 0 2 0 0 2 0 -2 0 2 -1 -4 4 -4 -2 0 -4 2 2 0 0 2 0 0 2 -2 0 0 -1 0 0 0 0 0 0 0 -2 2 0 -2 2 -4 -2 2 0 0 -4 4 -2 -4 -4 -4 6 0 0 0 0 0 2 0 0 4 -4 0 0 -8 2 0 -8 0
0 4 -2 4 -2 -1 0 4 -4 0 -2 0 0 0 -2 -2 0 0 0 0 -4 4 0 -2 1 -4 0 0 1 0 0 2 0 0 0 0 -1 0 0 4 0 1 0 0 -4 -6 0 -11 2 -2 2 0 0 0 -2 -1 3 -2 4 0 -2 0 0 -4 0 0 0 0 -2 0 0 -2 0 0 -2 0 -2 0 2 0 0 0 2 -4 0 1 1 0 -2 0 -6 0 -2 0 2 3 -2 0 0 0 -2 0 0 0 0 4 -5 1 0 6 0 0 0 0 4 3 0 2 0 0 -2 -2 2 0 2 -2 0 1 0 -2 4 0 4 0 0 0 0 2 1 4 -2 0 3 2 -4 3 6 0 2 4 0 -1 -2 4 0 -1 0 3 6 -4 1 1 0 -2 0 0 2 0 0 -4 0 0 0 2 -4 -1 0 0 0 0 0 -2 -2 2 0 0 0 0 -4 -1 0 0 0 -1 4 -2 -2 0 -4 0 0 0 0 0 -3 0 1 0 2 0 -2 0 -2 0 0 0 0 0 0 0 0 0 -4 0 0 1 2 -4 -2 2 4 -2 0 2 1 -2 0 2 0 -3 6 0 4 2 -1 -1 6 0 0 -6 -2 0 -2 -2 -2 0 0 6 -2 0 -2 1 -2 2 -2 0 0 -4 2 -2 0 2 0 0 -2 0 0 0 2 2 5 -8 2 -2 -1 0 -2 4 0 0 2 2 0 -3 0 0 0 4 0 4 3 0 -2 -2 -1 0 0 0 -1 -6 0 0 1 0 -1 0 -2 0 50 1 0 0 2 0 2 -4 5 2 0 3 0 0 -2 4 0 0 0 0 1 0 0 0 0 0 1 0 0 0 0 4 2 -4 0 -1 2 0 0 4 0 0 2 4 0 0 -2 -2 0 -4 0 0 1 0 0 0 -2 -1 2 -2 0 -5 -2 0 0 0 -2 -6 4 0 -4 -2 0 0 0 -6 -4 6 2 0 0 -2 -3 4 0 2 4 0 -1 -1 0 0
0 0 0 0 -4 2 -4 0 -1 0 4 2 4 2 4 0 -8 0 4 4 0 0 0 -3 0 0 6 1 -3 1 -2 -2 0 -3 -1 2 -4 4 0 0 8 -4 5 1 1 4 0 0 -5 0 2 -6 -2 0 5 0 -4 0 5 2 6 -4 0 2 -1 2 0 -1 0 0 0 -4 4 -7 1 1 -2 4 -2 5 2 2 -4 4 0 -2 4 0 0 0 -4 0 4 -1 0 -1 -4 4 0 0 -2 0 0 0 6 1 4 0 2 0 0 0 0 -4 0 2 0 0 -2 -4 0 0 -2 2 4 0 0 1 0 0 -2 4 0 0 -6 0 0 4 -1 4 4 0 2 0 0 -2 -2 0 4 0 0 -2 2 6 0 4 2 -2 2 0 0 4 0 0 0 -5 -1 -4 -1 2 1 -4 0 4 0 2 2 -1 0 0 -4 0 -2 1 0 -2 -2 0 0 4 -4 0 6 0 2 0 0 0 2 0 0 -4 1 1 0 2 0 0 0 -2 -2 -2 1 4 -2 -6 0 -2 -4 2 0 -3 0 -2 2 0 2 0 -2 0 2 2 -2 6 -4 0 4 6 0 -2 6 3 -2 1 0 -2 0 0 -2 0 -3 2 0 -2 2 -4 4 0 4 0 0 0 4 -2 0 -4 0 -4 -4 0 0 2 1 1 -4 0 0 4 1 -2 0 0 2 8 -1 3 0 4 4 0 0 -2 2 4 -3 2 0 3 4 -4 2 4 4 0 4 0 0 1 2 0 4 0 1 2 -2 0 1 2 1 57 -2 0 -1 0 4 0 -7 -2 0 4 -1 6 2 -1 0 0 0 0 0 0 -2 3 -2 0 0 0 -2 0 0 0 0 0 -2 0 0 4 -4 0 2 -2 -4 1 -6 2 0 2 0 0 -2 0 0 2 4 0 0 2 -2 0 0 0 -4 2 0 2 -4 2 0 4 -2 2 0 0 6 1 0 0 0 4 8 2 0 4 2 1 4 2 -6 2 3 0
-2 0 0 2 4 -2 6 -2 -3 0 0 -1 0 0 0 0 0 0 0 5 0 0 -4 1 0 2 -2 -2 2 0 -4 0 -2 0 0 0 0 0 0 0 -8 -3 0 2 -1 0 4 -6 0 4 4 -1 0 4 -2 0 -2 2 0 0 0 0 4 -3 -1 0 -2 5 0 5 -2 -2 0 -4 -2 0 -4 0 1 2 0 -6 0 -2 -2 -2 0 4 -2 -2 2 0 -1 0 1 2 3 2 0 -4 4 0 1 1 0 0 -5 2 2 0 0 2 0 -4 -4 0 -2 -4 0 0 -2 0 -1 0 -2 -2 0 0 0 -2 0 2 -3 -2 -1 0 0 0 0 1 -5 0 -1 4 3 0 5 0 1 -4 -2 0 0 2 0 -7 4 0 -2 1 0 4 -10 -2 2 -6 4 -2 0 -2 0 -1 2 0 0 0 0 0 0 -1 1 -8 0 0 2 -2 0 0 1 1 0 0 0 2 -2 4 0 0 -1 2 0 0 0 4 0 0 2 -5 -2 -2 0 0 0 0 -2 0 0 0 -4 -2 -1 2 0 1 0 0 -3 -1 3 4 0 -1 -2 -3 0 -2 0 4 0 -4 0 -2 6 -2 0 0 0 -1 2 0 8 4 0 -4 0 0 0 0 1 0 0 0 2 5 4 0 0 0 -2 2 0 4 -2 1 3 0 4 -3 0 4 -6 0 0 1 2 4 0 0 0 0 0 -1 0 0 2 0 -2 3 0 0 -12 2 -1 -2 0 0 2 -2 -2 -2 -2 -3 0 3 0 1 0 0 0 -2 47 0 0 0 4 0 6 1 0 0 -2 0 -2 0 0 0 2 4 0 0 0 3 0 -2 -2 -2 0 0 0 0 -6 0 -4 -3 -2 -4 4 -4 2 1 -6 0 0 -2 -2 0 0 2 0 0 1 0 3 0 -1 0 4 0 -2 2 0 -2 0 2 1 0 2 0 3 -2 -2 0 -5 -1 -2 0 0 -4 0 0 0 -1 -2 0 3 2 -4 0 0 0
2 2 -4 0 0 0 0 0 -2 0 4 -2 0 0 0 -2 0 0 5 0 2 0 0 2 4 0 0 0 -4 0 -4 1 0 -2 -2 0 0 2 0 0 -2 -4 2 -4 -2 2 0 0 0 2 2 -4 0 0 0 0 -4 -4 0 -1 0 6 0 0 0 -1 4 0 0 0 4 -2 0 -8 0 0 3 0 -4 1 0 0 2 0 8 0 0 -2 0 4 4 4 1 -4 0 -4 0 -2 0 0 0 4 -4 4 0 0 -4 -5 0 4 -2 7 -2 -2 4 0 -2 0 2 2 -6 0 -4 -2 0 2 0 0 -4 0 2 0 2 0 -1 -4 -4 -2 2 2 0 8 0 -2 0 0 0 -2 0 0 -5 4 0 -2 -4 0 -2 1 0 0 3 2 0 4 0 4 0 -6 -2 0 0 0 0 -2 10 0 4 0 0 2 0 0 0 2 0 10 4 0 0 -2 0 0 0 6 -2 2 4 -3 4 0 0 1 0 -2 -1 0 0 2 0 0 -2 2 -2 4 0 -4 0 0 -2 -4 4 0 0 0 0 2 0 4 0 6 0 -6 -2 0 0 -4 0 0 0 0 0 2 0 2 5 0 0 -2 0 -2 2 0 -2 -2 2 2 0 -10 0 2 0 -4 2 0 4 -1 0 0 -2 0 3 4 -3 0 -6 0 4 -2 0 -4 0 3 2 2 2 0 4 0 1 2 0 0 0 4 0 0 1 0 0 -4 -2 0 0 0 0 2 0 0 0 0 2 -2 0 0 2 0 0 -4 0 0 0 53 0 2 0 0 4 0 4 0 -1 0 0 2 -4 -10 -4 10 2 4 0 0 8 4 -2 2 0 0 0 0 0 0 4 2 -8 2 2 6 2 0 -4 0 4 2 0 2 0 -2 -4 0 -6 5 0 -4 0 -2 0 -3 0 0 -6 0 -1 -1 0 0 0 4 -2 4 0 0 0 -4 2 0 0 -2 -2 0 4 0 -2 -4 0 -3 -6 0 4 -4
-3 0 1 0 -4 -6 2 1 4 0 -3 0 -1 0 0 4 1 0 0 3 -2 6 3 -12 2 -4 4 0 0 1 1 -2 8 -8 -4 0 2 0 0 -4 0 6 -4 0 -2 0 0 1 0 0 0 0 -2 -1 -7 0 0 0 2 2 -2 -2 2 0 1 -2 0 -1 0 1 0 5 0 2 -4 0 0 2 4 2 -8 2 2 2 2 4 3 0 0 0 0 -4 -2 0 4 0 0 8 0 -4 0 -3 0 6 0 -2 -4 0 0 2 0 2 -1 0 2 2 0 0 0 0 1 0 8 0 1 0 4 -4 2 0 0 -4 2 0 0 2 0 0 -1 0 0 -2 0 -2 0 -6 0 1 2 7 0 4 0 -2 0 0 -1 2 0 8 0 0 -1 4 2 -2 6 0 -1 0 1 0 17 0 0 0 0 1 0 -5 -2 2 2 0 0 4 2 0 0 0 4 4 0 0 0 0 6 -1 2 0 10 6 -1 -1 2 0 2 0 3 0 -2 4 -4 -2 6 0 8 0 0 0 0 0 0 0 0 2 0 2 1 0 -1 0 1 4 -4 -3 -1 0 0 5 0 -1 0 0 4 -2 0 2 -2 0 0 1 0 0 -2 4 -1 0 5 0 -1 2 -10 0 4 2 -2 0 0 0 -4 -5 4 0 4 0 0 -2 0 2 1 -4 -2 6 2 0 -1 4 0 0 0 6 0 -2 6 -3 1 -4 -1 4 1 0 -4 0 0 3 8 0 4 0 -2 -8 -1 -1 0 -4 -2 12 2 -1 0 0 69 0 0 -2 2 3 -1 -2 -1 2 0 -1 0 0 2 0 0 0 4 1 2 1 5 0 0 0 0 -4 4 -4 4 0 -4 2 1 0 -1 0 2 2 -1 0 0 -2 3 -2 0 0 -4 3 2 4 4 -3 2 0 0 0 1 4 0 2 2 0 2 -2 -11 0 0 -3 2 2 0 0 0 4 -1 2 0 4 -4 4 4 -4 4 1 1 -2
0 0 0 0 0 -2 0 0 0 4 0 0 0 0 0 0 0 0 5 2 -1 -1 0 0 2 0 3 0 -4 0 3 -2 0 0 0 0 0 0 0 0 -2 0 0 0 2 4 -2 0 0 0 0 0 0 0 0 0 0 0 0 0 0 0 0 0 -2 0 -2 0 0 0 2 0 0 0 2 0 -2 0 -2 0 2 0 1 -2 0 2 -4 0 -2 -1 0 0 0 0 -2 0 0 0 0 0 0 -2 2 -2 2 2 0 0 0 0 0 0 0 0 0 1 0 0 0 0 3 0 -2 -1 0 0 -1 0 4 0 0 0 0 -2 0 0 -1 0 0 0 0 0 -1 0 -2 -2 0 2 3 0 0 -4 0 0 1 0 0 0 0 0 0 1 0 0 -2 0 -2 2 4 2 0 0 0 -1 -1 4 0 -1 4 0 0 -1 0 4 -1 0 0 2 0 -4 0 0 -2 0 -2 0 0 2 0 -2 0 0 -2 -1 -3 3 -2 0 0 0 0 2 4 0 0 -2 0 2 0 0 -4 1 -6 0 -4 0 4 0 0 0 0 0 0 0 0 0 0 -2 -2 0 0 0 2 0 1 0 0 0 -2 0 1 0 0 2 0 0 0 1 0 0 4 -2 2 0 0 0 0 0 0 4 0 0 -2 4 0 0 0 2 0 -2 0 0 2 -4 0 1 0 0 0 0 -2 -3 0 0 0 0 1 0 0 -2 0 0 0 0 2 0 2 2 0 0 0 0 -4 0 4 4 -1 0 0 0 0 2 0 23 0 0 0 0 4 4 0 0 -5 2 -1 0 4 -2 1 4 0 0 0 0 0 0 2 0 0 0 0 0 0 0 0 -1 4 0 0 0 0 0 0 1 -1 0 -4 0 1 0 0 -2 0 4 0 0 0 -4 0 4 0 0 0 -1 -2 2 2 0 0 1 0 2 0 0 0 -8 -2 0 0 4 0 0 0 1 0 0 -1 2 -2 -4
4 9 -8 6 4 -4 -8 4 -2 0 4 2 0 0 -6 2 0 0 0 2 4 4 0 0 4 -4 3 -4 8 0 0 0 3 0 -2 0 4 0 6 0 -4 4 2 -4 -2 0 0 2 -4 -2 0 -2 1 0 0 0 -2 0 0 0 0 0 0 2 -4 0 4 0 0 6 0 0 -1 4 0 2 -4 2 0 4 0 0 0 7 2 4 0 6 -2 -2 6 0 4 -6 0 0 0 0 -2 0 0 6 -2 0 0 -5 0 5 0 0 -6 0 0 4 -3 3 0 0 0 0 8 -4 0 0 0 -4 -4 0 0 6 0 0 6 0 0 0 6 2 0 -4 4 0 -2 3 0 0 6 8 0 0 -1 0 4 7 0 0 -2 0 5 0 -2 0 0 -6 0 0 -5 -1 2 0 6 -2 -2 1 2 0 4 0 0 6 2 -4 0 0 -6 -2 4 0 0 0 4 2 0 4 6 2 6 -2 1 4 6 -2 0 1 4 4 0 0 -2 1 0 0 0 0 -4 -6 0 2 0 0 -2 4 0 -2 0 0 -2 -4 0 4 4 0 2 0 2 -4 0 5 2 0 0 0 4 0 6 0 0 4 0 -2 -2 0 0 -4 0 0 0 0 2 0 -2 2 -2 2 0 -1 0 -1 -4 0 0 0 0 0 0 -2 0 -4 -2 2 2 0 4 8 0 0 4 0 -6 0 -2 0 -2 0 -2 2 8 0 0 0 -4 2 0 4 0 -2 4 -4 -4 8 0 0 0 0 -4 4 0 -4 2 4 4 0 0 0 68 0 -2 8 0 -4 3 0 -4 6 4 0 -2 0 0 0 -2 4 -4 -4 6 0 0 0 -2 0 2 0 0 2 -4 0 0 -4 2 -6 2 2 0 6 6 0 0 -2 0 0 4 -8 0 4 -2 0 4 -2 0 2 -3 2 0 -2 6 0 0 -4 -4 0 0 -1 0 -2 0 0 4 4 2 4 -6 -4 0 4 -4 0 -4 0 4 0
-2 0 0 0 0 -2 0 4 -1 0 1 8 0 -2 0 -1 -2 0 0 0 -2 -4 0 0 0 6 0 0 -2 4 0 -2 -2 -2 0 0 0 0 2 -1 -2 6 -4 0 0 0 0 4 3 0 0 0 0 2 0 2 -2 3 4 0 1 0 0 4 0 0 0 2 0 0 -4 0 8 0 -2 0 0 0 2 0 2 0 0 0 -2 -4 0 -2 0 0 5 1 1 0 0 2 0 -4 4 0 0 0 0 2 -4 -2 0 0 2 3 0 0 0 0 -1 -5 -4 0 0 0 1 2 0 -1 2 4 0 0 0 0 -6 -1 0 2 -3 0 0 0 1 4 -2 0 0 4 0 0 -4 -2 -2 -2 2 0 -4 0 0 4 -2 -2 -4 0 0 0 0 4 2 -4 0 0 0 2 2 0 0 2 2 0 0 0 2 0 1 0 0 1 1 -2 0 0 4 -2 0 0 0 1 0 2 1 0 1 2 0 -2 0 0 0 2 0 0 -1 0 0 0 0 -2 -2 0 -3 1 -2 -1 0 0 0 -1 0 0 0 0 0 0 -6 -2 0 0 0 0 0 -2 0 -2 -1 0 0 0 0 0 0 0 2 1 1 0 0 0 -1 0 0 -4 2 0 0 0 -2 0 0 0 8 -1 -2 1 0 0 0 -2 0 0 0 0 3 0 2 4 -3 2 0 0 0 -4 0 0 0 0 0 0 0 0 -4 1 -2 0 0 0 0 0 0 -2 0 0 0 7 -2 0 0 4 -2 0 0 0 -4 0 0 0 -2 0 0 34 -3 1 0 0 0 -4 2 -2 0 0 5 0 0 4 0 1 0 2 0 0 0 0 0 0 -1 -6 0 0 0 0 0 -4 0 -2 2 0 0 -4 0 1 0 0 0 8 -2 -2 -2 0 -3 0 0 2 0 0 2 0 0 0 4 -4 -2 0 4 -1 -2 0 0 2 2 2 -8 1 2 -2 0 0 0 -2 0 1 -2 0 0 0
0 0 4 4 3 2 2 4 2 0 3 2 4 0 0 0 0 0 0 -3 0 -1 0 0 1 0 0 -2 -2 4 2 -2 0 2 2 0 2 -4 -2 0 -6 -2 -2 6 -2 0 -2 -1 4 0 -5 0 0 0 -2 -4 1 -4 -1 2 -5 0 0 -2 5 0 2 0 0 4 4 2 -4 6 4 0 2 -2 4 -2 0 0 0 -4 -1 5 0 0 4 2 1 2 1 4 2 0 4 2 10 0 0 4 -2 4 -1 2 -1 1 4 0 4 -2 0 2 2 5 -2 0 0 0 5 -1 0 0 0 -1 0 0 0 -4 0 4 2 -8 0 6 0 0 0 -4 -2 0 -1 2 0 -1 1 2 0 -4 0 2 2 -2 -4 0 -4 0 2 0 0 0 -4 0 -1 -8 4 2 0 2 -2 0 1 4 4 1 0 2 4 -4 4 2 0 2 2 2 2 2 1 -2 0 -2 5 2 2 -4 2 4 -2 -2 0 4 0 2 3 -2 0 2 2 -2 2 2 -1 4 0 -2 0 0 2 0 0 1 4 2 2 5 -2 4 2 8 -8 0 0 -8 6 -2 0 -8 -4 -4 1 0 6 -1 4 2 2 2 1 -4 0 0 0 -2 0 2 0 0 -5 0 0 1 -3 0 2 0 6 2 -2 -4 0 4 -2 0 -1 0 4 4 -5 2 3 2 0 -6 -2 -1 2 2 0 0 3 0 0 -1 0 -4 0 6 0 0 3 0 0 -2 0 0 6 -2 0 0 0 -2 0 0 0 4 0 -2 5 -7 6 4 2 0 -2 -3 63 2 0 4 0 2 -8 0 0 -4 2 0 -4 -4 2 2 4 0 0 0 0 0 0 0 -2 0 0 -4 0 -2 -2 3 3 9 -4 0 -2 5 -2 2 0 0 4 0 0 2 10 0 4 4 4 0 1 2 2 0 0 -5 0 2 2 -2 4 -1 2 1 3 -6 0 0 2 5 2 -4 1 0 -6 7 -2 0 2 -2 2 0
1 -2 -4 2 2 0 0 -1 1 -4 0 0 2 -2 -4 -1 -4 0 0 -2 4 3 0 0 0 0 4 0 4 -2 5 4 0 0 -4 0 14 -2 2 0 -10 8 1 2 -2 0 1 0 2 -1 2 -6 4 0 -2 2 0 4 6 2 3 2 0 4 0 -2 0 1 -6 0 -4 0 2 -4 2 0 0 2 8 4 0 2 4 -2 1 0 0 2 0 0 0 0 0 -2 5 4 -4 -2 1 0 4 -4 0 0 6 -4 -2 -4 0 0 -12 1 0 -1 -2 7 -2 0 5 0 1 0 0 2 0 0 2 1 0 2 0 0 2 2 0 0 0 -2 0 4 -4 1 2 -2 2 -1 0 2 0 0 0 0 0 2 4 -2 0 2 0 0 -4 0 0 0 0 0 0 -2 0 0 0 -2 2 -1 0 0 -4 0 0 0 2 0 2 0 0 1 0 2 0 2 0 4 4 2 -2 -4 0 2 0 4 4 -2 4 1 -2 1 -2 4 0 2 0 0 0 -4 -6 -2 -4 0 0 2 0 0 0 2 2 0 -6 -4 0 6 -2 -3 0 3 -2 -4 0 0 -1 -2 -2 5 0 4 2 2 0 1 0 0 0 0 -2 -4 0 -6 -1 8 2 2 0 2 -2 0 0 0 6 2 2 4 0 -3 0 8 0 0 0 0 2 -2 0 -4 1 2 0 0 -2 0 0 4 2 0 -2 0 4 0 1 -1 0 -4 -3 0 0 4 0 8 2 0 4 -4 -4 0 -2 0 4 2 4 0 2 -2 1 0 3 0 8 1 2 65 0 0 -6 4 -2 2 0 4 0 0 -7 0 1 4 4 -4 6 -6 0 -2 2 2 4 0 -4 3 0 0 4 4 0 2 0 0 -1 -2 2 0 0 -2 0 0 -5 -6 6 0 0 2 2 0 1 0 -2 4 3 4 0 0 2 4 3 0 0 -1 0 0 -2 -4 4 2 3 -2 -4 0 4 9 3 0 -4 0 0 0
4 2 0 0 0 -4 0 4 0 7 1 -2 0 0 0 -2 0 2 0 -2 -2 -2 0 -1 4 0 -2 0 -4 0 10 -8 2 0 -2 -2 0 2 0 0 4 0 0 -6 2 0 3 3 0 2 0 0 2 4 0 0 0 6 0 0 0 1 1 1 1 2 0 0 1 0 0 -2 2 0 4 8 0 0 1 8 0 0 0 2 0 2 0 -2 -6 -4 0 0 4 4 0 -1 1 0 0 0 0 0 -4 1 0 6 -4 0 0 0 -2 0 1 -2 4 -2 4 -4 0 2 -2 0 -4 -2 0 0 0 -2 2 -1 0 0 4 0 4 0 -2 3 0 0 0 1 -2 0 0 4 0 6 -6 0 0 4 0 0 2 5 -2 0 -2 -4 4 0 0 2 0 0 0 -5 -4 0 0 -4 0 0 -2 0 0 0 0 2 -1 0 0 -6 0 3 -2 0 2 -2 0 -1 0 2 -3 4 4 0 1 0 0 -2 -4 0 2 2 4 0 4 0 0 0 -2 -1 0 1 0 -4 0 0 1 2 4 0 0 -4 0 6 -2 4 4 1 -2 0 -2 2 0 -4 6 0 0 0 0 -3 0 1 0 0 0 0 2 0 0 0 -2 0 -2 2 4 4 0 0 0 6 6 0 0 0 0 0 0 0 -4 -2 1 0 0 0 4 0 0 0 -2 -1 0 6 0 0 0 0 -2 0 -6 2 0 -3 4 0 1 2 0 1 2 -2 0 -1 0 0 0 0 -2 0 0 0 2 1 0 0 0 0 0 4 -1 4 0 0 0 0 44 -8 2 -6 0 0 2 -4 0 0 0 0 4 0 -2 -1 -2 2 -4 0 -2 1 4 4 4 2 0 -2 2 -2 0 1 0 0 0 2 1 -2 0 0 0 1 0 -4 0 1 -5 4 0 8 2 2 0 2 2 6 -2 0 3 1 2 0 -4 2 0 1 0 -1 0 2 -1 0 4 0 0 0 -2 -1 0 2 -2 0
0 0 0 0 4 -2 -4 2 0 -2 0 0 1 -2 0 3 -6 -4 0 0 -2 -4 -2 -2 -4 0 0 4 0 0 0 0 0 0 0 2 0 0 0 0 1 0 0 8 0 4 1 -2 0 -4 2 2 -2 2 0 0 2 0 0 0 2 0 0 2 2 4 -8 0 0 2 0 -2 0 0 4 0 0 1 0 -2 4 0 -2 -3 0 0 -4 0 -4 0 0 0 0 2 0 2 8 0 2 0 0 -2 -1 0 -4 0 4 0 0 2 2 0 1 2 4 0 0 4 0 0 2 0 4 0 0 0 -2 0 -6 -2 -4 0 0 0 0 -2 -2 6 -4 0 -5 0 1 0 0 0 0 4 0 0 -2 -7 4 -2 -2 -3 0 0 0 -4 -6 0 -2 0 2 0 8 4 6 -2 0 0 0 0 2 -2 2 -2 0 -2 0 0 0 2 0 4 0 2 0 2 0 0 0 -2 0 0 4 2 10 0 -2 -1 4 0 4 0 -4 6 2 0 7 0 10 2 0 4 0 -2 4 2 -4 0 -6 0 0 -2 4 0 0 2 0 0 -6 2 -1 2 0 0 0 -1 4 0 -4 4 -1 -2 4 -1 2 -1 0 2 2 0 0 0 2 -4 0 0 4 2 0 0 4 -4 0 6 4 0 0 1 0 0 0 0 0 2 -4 0 0 4 2 0 0 -4 0 5 0 0 -2 -2 2 3 4 0 -4 0 0 0 4 0 0 0 0 -2 0 0 -4 0 0 0 -4 -2 0 2 4 4 3 4 0 0 -2 4 -4 0 4 0 -8 65 0 0 0 -4 -4 4 -4 0 -6 -4 0 -4 3 0 -1 -4 0 0 0 2 0 -2 -4 0 -1 0 4 0 -2 2 -3 0 -2 0 0 -2 -2 -2 -4 0 0 -2 8 4 0 4 0 -3 2 2 2 -4 -4 -4 0 0 0 0 -2 0 3 0 6 -2 0 -2 0 -6 2 0 -1 0 -4 4 10 0 -2 0 -2 0
0 1 1 -4 0 0 4 0 0 0 0 0 0 4 2 0 0 2 1 -7 0 7 1 4 0 -8 0 -4 -2 2 0 -4 -5 -2 -1 0 0 4 0 0 -1 -2 2 0 2 4 -4 10 0 0 0 0 3 0 -3 -2 2 2 -1 -1 -4 0 0 4 4 0 -4 2 0 4 2 0 -2 2 -1 6 0 -1 0 -2 0 0 -2 7 4 -2 1 0 0 6 9 0 0 4 0 0 0 0 0 0 -8 0 0 0 4 1 7 0 0 -2 0 -2 0 -1 -2 0 0 0 -2 2 0 0 -5 -6 0 0 0 4 0 -2 0 0 0 0 0 -2 0 0 2 0 0 -4 2 4 -5 -5 -1 0 -2 4 4 2 0 -1 4 -2 1 5 0 -2 -4 -2 0 0 0 0 1 6 0 8 0 -2 -4 0 3 -4 0 1 4 1 -4 0 10 0 -2 -2 2 4 4 -2 0 2 0 0 0 6 0 3 0 0 -2 0 0 0 0 1 0 0 -2 0 0 1 4 0 0 0 0 8 3 -3 -3 0 -2 0 -4 4 0 1 2 4 0 -4 0 2 -2 -8 -4 2 0 0 -5 0 0 0 3 2 -2 4 0 -4 5 1 0 8 2 -6 0 5 4 4 -4 4 -3 0 0 -2 0 1 5 -4 0 0 -4 -2 10 -2 2 4 0 1 4 4 0 -4 -2 -6 4 -2 -4 0 6 -2 0 0 2 -4 4 0 0 0 -2 4 -4 -2 2 0 0 4 0 2 4 0 0 0 -4 -6 4 0 0 -1 -2 -1 -1 0 3 0 0 -6 2 0 57 0 5 0 0 0 -4 -2 -2 0 0 0 6 4 2 6 2 4 0 0 2 0 0 0 -4 0 -1 0 0 0 1 0 0 -2 7 0 0 5 -2 2 6 1 0 0 5 0 0 6 -4 -2 -2 0 -5 -6 2 -2 0 2 -2 -1 0 -2 4 0 6 2 -4 4 0 0 -4 0 0 -5 0 3 -1 0 0 6
0 0 0 2 0 0 -2 -2 -6 0 -2 0 4 0 0 0 -4 0 -5 0 0 0 0 2 0 0 4 1 0 0 4 2 -6 -8 2 4 -4 -4 4 0 0 -14 0 6 -2 0 -6 0 0 0 2 -1 0 0 1 0 -2 -1 0 0 0 -2 0 -4 0 -4 0 0 -2 0 1 0 -4 -4 0 -4 0 4 0 4 2 0 0 0 -4 4 2 2 0 0 0 0 0 -4 2 6 2 2 0 1 -4 0 4 0 4 -4 0 0 4 0 0 -2 -3 -4 0 2 -2 4 4 0 0 0 0 4 0 0 -2 10 0 0 2 0 -4 6 -4 0 0 2 2 -4 0 2 1 0 0 0 -2 1 0 0 0 0 4 0 -2 0 0 1 2 4 -2 -2 0 0 2 0 -2 0 2 -2 0 0 4 0 0 4 0 0 4 -1 -3 0 0 0 0 2 0 0 0 2 0 2 -2 1 2 0 0 4 -2 3 2 4 0 0 0 0 0 0 0 0 2 2 -2 4 0 0 -4 6 2 0 0 0 0 0 0 4 -1 0 6 0 0 2 0 -2 8 0 0 4 0 4 4 0 -6 0 0 0 0 0 -2 2 4 0 0 -4 0 -6 -2 0 -2 0 0 0 4 -8 0 0 5 0 -4 0 0 4 0 1 0 0 0 0 -2 0 0 -4 0 0 0 2 0 0 2 2 0 0 4 -4 0 0 0 0 -5 0 -1 0 -6 9 4 2 0 -2 2 0 1 0 0 6 0 4 2 4 0 6 0 0 2 0 0 -4 2 4 -6 0 0 48 8 0 0 0 0 2 1 0 0 -2 6 2 0 0 0 0 0 0 0 -1 0 0 -2 2 4 6 2 2 0 -2 0 -2 8 -4 0 -4 -4 0 0 0 0 0 8 2 0 -4 2 0 -4 0 0 2 -2 4 2 4 -4 0 2 -4 0 0 0 0 -4 0 -2 0 0 0 2 6 -2 -2 -6 0 4 4
-1 0 -2 -4 -4 0 0 0 -4 0 0 2 4 4 0 6 -4 -1 0 0 2 0 0 -2 0 0 1 0 2 0 2 0 -1 -4 1 4 0 0 6 0 2 -4 -2 4 0 0 -3 6 0 2 0 -2 0 0 -3 0 0 1 0 0 4 0 0 2 5 0 0 0 0 0 -2 0 2 -2 -5 0 4 0 0 -4 0 1 -4 4 -2 -2 2 0 0 4 -1 0 0 -4 2 0 0 -2 0 0 0 0 0 2 0 -4 0 0 5 0 -4 2 2 0 0 -4 0 0 0 0 -4 0 1 0 0 0 0 0 0 0 0 0 0 0 0 -2 -4 0 -4 0 0 -2 1 0 -4 -6 2 0 0 -2 -2 -4 0 0 2 0 0 1 -4 -4 0 -4 2 0 0 0 2 -1 0 6 -2 0 1 1 4 0 2 -4 0 0 -2 2 5 0 0 -2 1 -4 2 -1 4 0 0 0 0 0 0 2 -4 6 -2 4 0 4 0 0 -2 0 -2 0 0 -2 -2 0 -1 2 0 0 -1 -2 -2 0 0 0 4 0 -6 0 0 2 -2 0 0 4 0 -2 0 8 0 4 4 0 -2 -2 -4 0 0 -4 0 -4 5 -1 0 1 0 0 0 1 6 0 0 2 0 -10 4 -1 0 -1 -2 -3 0 0 2 0 0 2 -4 -4 -4 0 -4 2 0 6 0 2 3 4 0 0 5 1 0 0 0 -2 2 2 0 4 0 0 -1 -2 2 4 -5 0 0 0 -4 1 2 4 0 -4 2 0 -2 2 -2 0 0 -5 -4 2 -8 -2 0 0 5 8 49 -8 0 0 -4 0 0 -3 -1 1 4 0 0 2 -2 -1 4 0 0 0 0 0 -2 -2 5 0 8 0 0 0 0 -1 4 -2 4 0 0 0 -2 -4 -4 0 0 0 -4 2 0 0 0 0 -4 -2 -2 4 0 0 -1 1 0 -2 0 2 4 0 0 0 -6 -6 3 0 2 -4 4 0 -2 8 1 0
5 2 7 5 0 0 0 4 0 0 -2 -2 -1 6 2 2 3 0 0 0 0 0 0 2 1 0 1 -4 2 0 0 2 0 -2 0 0 0 0 -5 0 0 0 2 0 0 0 -1 2 2 0 1 2 2 -4 2 0 2 0 0 4 3 2 0 -6 0 -4 0 -2 -2 -4 -1 0 -2 -6 4 2 -4 0 0 -4 2 0 -2 -3 2 2 0 0 6 2 0 0 0 0 -1 -4 0 -4 0 0 -1 0 0 -1 0 0 0 0 0 0 -2 -2 -3 2 0 6 -1 0 -2 0 0 -2 2 0 0 0 4 2 -2 -1 2 0 2 -2 0 2 -1 -4 -2 0 0 0 0 -2 5 2 0 -5 2 2 0 0 0 0 0 0 -4 1 2 -2 2 0 0 0 -3 4 -2 0 2 -2 2 2 2 -1 -4 0 -2 2 1 2 0 0 0 1 0 0 0 1 0 0 -2 0 -3 -4 0 0 0 4 0 -1 2 -2 0 0 0 2 2 1 1 0 2 -2 2 0 0 -2 0 0 0 0 2 2 0 0 -2 4 6 0 0 2 -2 0 3 -2 0 -4 -2 0 0 -1 0 1 0 2 0 0 -4 0 2 4 -1 0 0 1 -4 0 0 4 0 2 5 4 2 2 -1 -1 0 -2 0 2 0 0 -2 0 0 -2 0 2 0 2 1 -4 0 -2 -2 0 -1 -2 0 4 -8 3 0 2 0 0 6 -1 0 -6 -2 0 1 -1 -2 -1 -2 -1 0 -2 2 0 0 2 -4 2 0 0 4 -1 0 2 -1 2 6 -2 0 2 0 -4 0 0 -8 47 0 -6 0 0 0 -4 1 0 2 4 3 0 0 0 3 7 0 0 0 0 0 0 0 2 1 0 0 -4 0 0 0 1 0 -2 2 0 1 -4 4 0 0 -2 1 -2 0 -4 0 0 0 0 0 -3 0 2 -5 4 0 0 0 -3 0 2 0 0 -4 2 0 -4 0 -1 1 0 2 0 -2 -2
0 0 0 0 0 -2 0 0 0 -4 0 0 0 0 0 0 0 -4 -2 -2 0 0 0 0 0 0 0 -4 0 0 -2 0 0 0 0 0 0 0 0 0 0 0 0 0 0 -2 4 0 0 0 -4 -2 4 0 0 0 0 -2 0 0 0 -2 1 2 -2 -4 4 0 2 0 0 0 0 0 0 0 0 0 4 0 0 0 0 0 0 0 0 0 2 -1 0 -6 0 -4 0 0 0 2 0 0 0 0 0 2 0 0 -6 -4 0 0 0 -2 0 2 0 -1 0 0 0 -2 1 0 -4 -4 0 0 0 0 0 -2 0 2 -4 0 0 4 4 2 -4 -4 0 0 -4 0 0 -2 2 -2 0 -6 0 0 0 0 4 4 0 0 0 0 0 0 0 0 0 0 -4 2 0 2 4 0 1 0 -4 -4 0 1 0 0 0 0 -2 0 2 2 -4 0 0 4 0 0 2 -4 0 0 0 0 0 0 0 0 -4 0 0 -1 -1 0 0 -2 0 2 1 0 4 0 0 0 0 0 0 0 0 -1 0 0 -8 -6 -2 0 2 8 4 0 0 0 0 0 -2 0 0 0 0 0 0 0 0 0 0 0 0 0 0 0 2 0 0 0 0 -2 -2 0 -2 2 0 0 0 4 -12 0 0 4 0 -4 0 0 0 2 4 0 0 2 -4 0 -4 0 0 1 0 4 0 0 0 0 4 -4 -1 0 0 0 2 0 2 0 -2 -2 0 0 0 0 -4 0 0 0 10 0 1 -4 0 0 0 -4 0 -1 4 0 0 0 2 -4 0 0 0 0 30 -2 4 0 0 -4 0 2 0 0 -4 2 -2 0 -4 2 0 0 0 0 0 0 -4 0 -2 -4 0 0 0 -2 1 -2 -2 -2 0 0 0 0 0 0 2 0 0 -4 0 0 -2 0 0 0 0 -2 -2 -4 0 0 0 0 -2 0 0 0 0 0 2 -2 0 0 0 -4 -4 0 -2 0 -4 0
0 -4 2 4 0 9 0 -8 0 0 -3 0 -2 0 -8 0 -3 0 0 0 0 -4 0 2 2 1 2 0 2 -1 0 2 0 4 0 4 0 -1 -2 -4 -4 0 0 2 0 0 -6 4 4 1 0 -4 -4 6 0 0 0 4 0 0 4 3 2 2 0 6 -2 0 -4 -1 -4 0 0 -4 0 -4 4 0 2 0 0 -2 4 2 0 2 0 0 -2 0 0 1 -2 0 -2 6 -1 0 0 0 -1 -3 4 4 0 -1 6 2 0 0 -2 -2 0 2 1 -1 -4 0 -2 -2 0 0 0 -3 -2 -2 0 0 2 8 0 -4 3 -1 -2 -4 2 6 -2 0 0 -6 0 -2 0 -2 0 8 0 -2 0 -8 0 2 4 -4 4 4 0 0 1 -1 1 0 0 4 -2 4 2 1 -4 4 3 2 0 0 0 0 0 1 0 0 0 4 0 -4 -1 -4 0 0 1 0 4 0 -3 0 -4 0 0 0 4 -4 -2 0 -2 0 3 -6 -2 4 -2 0 -2 -4 0 -2 0 0 -4 0 0 0 -5 -2 2 -3 3 2 0 0 4 0 0 1 -1 0 1 -2 0 -1 0 2 2 0 2 2 5 4 0 4 0 4 0 -2 -8 4 0 0 -3 0 -2 0 8 -4 -4 0 0 -6 -2 0 -2 -4 0 0 2 0 0 0 0 2 -1 0 -6 -4 0 0 0 0 0 0 -2 -2 2 -8 6 0 0 0 8 0 -3 -4 2 0 0 2 4 -2 1 0 0 0 0 2 2 -2 2 0 0 0 0 -10 0 0 0 0 -4 4 -4 4 0 0 0 -6 -2 67 0 0 2 1 0 0 -4 6 0 0 0 4 0 2 -4 0 -4 0 -6 2 -1 -4 -2 0 0 0 10 2 0 0 0 10 -1 0 0 -2 4 -4 1 -2 0 2 -2 0 4 0 2 0 -1 0 -2 -2 -2 -2 -4 -1 0 4 2 0 0 0 2 4 -4 -2 -2 -2 4 0 3 2 0 0
-2 0 0 2 0 -2 6 0 3 4 -2 0 0 -2 2 -2 0 0 0 0 0 0 -2 0 0 -2 3 0 -6 -4 0 0 0 -2 0 0 0 0 0 0 0 0 0 4 0 -2 -2 -2 2 -4 2 0 0 0 0 0 0 0 2 -7 4 -2 0 0 -4 0 0 0 0 0 2 -2 0 0 0 4 0 -2 4 0 0 0 2 -4 2 0 0 0 0 2 0 -4 0 0 -2 0 0 4 4 0 0 0 -4 2 0 2 0 0 0 1 1 -2 -2 0 -5 -2 4 4 0 2 0 6 -2 4 0 -2 0 -4 4 0 4 4 0 -6 0 4 -4 3 0 0 0 0 0 8 1 -4 -1 0 4 -4 -2 0 0 0 0 0 0 -4 0 0 4 0 0 0 -4 -8 0 -4 -1 4 4 0 0 -2 0 -2 0 -2 2 0 1 0 1 2 0 0 -4 -4 4 -2 -2 0 4 -6 1 9 -4 0 0 4 0 0 4 0 0 4 4 0 0 -4 4 -2 0 -2 0 0 -1 -3 0 4 0 0 0 2 -4 0 4 0 -2 -4 -2 6 2 0 0 -2 3 0 2 2 0 0 0 0 -4 4 -4 3 0 2 -2 -2 0 -2 0 -4 0 -4 -4 -2 6 -2 -2 0 -4 0 -2 0 0 4 4 0 0 0 2 2 0 2 4 0 -3 -2 -4 -4 0 0 4 0 2 0 -2 -2 4 0 -6 0 -1 6 -2 0 4 4 2 4 0 0 4 0 0 0 0 -2 2 0 0 2 0 2 0 0 2 -4 2 4 -2 5 2 0 0 -4 -4 0 -4 0 4 0 61 0 0 6 0 -2 0 0 3 2 0 0 0 4 -2 4 0 -4 2 0 2 0 -2 0 4 0 0 -6 0 0 2 1 0 4 0 -4 5 0 0 0 0 1 0 5 0 0 0 4 0 2 0 0 2 -1 -2 8 0 0 0 0 -4 0 4 1 0 -2 0 6 0 -1 0 0 0 -8
0 0 0 0 0 -2 0 0 0 4 0 0 0 0 0 0 0 0 -2 0 4 0 0 4 0 0 0 0 -4 0 0 0 0 0 0 0 0 0 4 0 2 0 0 0 -4 -8 -4 -4 0 0 4 -2 0 0 -2 0 0 0 2 -2 0 0 2 0 0 0 0 0 0 2 0 0 0 -4 0 0 0 0 0 -4 0 0 4 0 -4 0 0 0 0 0 0 0 0 0 0 0 4 2 0 0 -4 0 0 0 0 0 4 0 0 4 -4 4 0 -4 0 -2 0 0 4 0 -2 0 -2 -2 0 0 -2 0 0 4 0 0 -4 2 3 4 -2 0 0 2 -4 0 0 0 2 0 0 0 0 0 -8 0 0 0 0 0 0 6 0 0 0 2 -4 0 0 0 4 -4 -4 -6 0 0 0 0 0 2 0 -2 0 0 0 4 0 0 -4 4 -2 0 0 4 0 0 -4 0 -4 0 0 -6 2 2 0 2 4 -2 2 0 0 0 0 0 0 2 0 0 2 -4 -1 -4 0 0 4 2 4 0 0 0 0 2 0 0 -4 0 0 0 0 -2 0 0 0 0 4 0 0 0 2 0 0 0 2 0 0 0 -4 0 0 4 0 -2 0 0 6 -4 4 0 0 0 0 0 0 0 0 0 -4 4 -4 0 0 0 -4 0 0 0 -2 0 0 0 0 0 4 0 0 0 0 -2 0 0 2 0 0 -2 -2 0 0 0 4 4 0 -2 2 2 0 -2 -2 0 0 -2 0 0 0 0 4 10 0 -2 0 0 0 0 0 0 -2 2 0 0 0 0 0 45 4 0 0 0 6 4 0 8 0 -2 0 2 0 0 0 2 0 -2 -4 -2 -4 4 -2 -4 4 4 0 0 8 0 0 0 -4 2 -2 -4 4 -2 0 -4 4 -4 0 0 -2 0 2 -2 2 0 0 0 0 -2 0 -4 4 0 4 0 0 0 0 0 0 0 -4 2 -10 0 0 -4
4 0 0 4 -3 2 -3 0 -4 0 4 0 -4 -1 0 0 0 0 6 4 -2 0 0 7 0 0 4 1 0 0 0 0 8 0 8 1 -6 -2 -1 0 2 2 -2 -14 -2 0 -2 -2 0 0 4 0 -2 -4 2 0 -1 -1 2 -2 -1 2 2 2 0 0 4 0 2 0 0 4 0 8 -4 0 -2 0 0 2 2 0 0 0 2 2 2 0 0 4 2 -1 -2 0 0 0 -2 4 -2 0 0 0 0 -2 2 -4 0 1 0 6 6 -2 -1 0 -6 -3 -2 0 3 0 0 0 0 0 2 0 0 4 0 -2 0 0 -5 4 0 2 0 4 0 -2 2 0 0 2 0 0 2 -2 2 0 0 -2 0 0 -3 0 1 2 2 0 4 -2 0 -2 0 0 0 4 -2 0 0 0 0 0 -1 0 0 0 0 4 0 1 0 0 0 0 0 0 -2 0 0 -4 0 1 0 2 -2 -6 0 0 0 0 -2 0 -4 0 -4 1 0 4 0 2 -2 2 0 0 0 2 0 0 0 0 0 0 0 0 6 -2 0 4 0 0 2 0 0 0 0 -1 0 -2 0 -1 4 -2 5 -1 0 0 -2 0 2 -4 0 -4 0 6 0 0 -4 0 0 -4 2 -2 4 0 -2 0 0 0 2 0 0 1 -4 0 0 0 0 0 0 0 -2 0 0 0 0 0 4 1 2 -4 0 0 0 4 7 -4 0 0 -5 0 4 0 0 0 0 0 -1 4 0 0 -4 -6 0 -4 -2 0 1 0 0 2 0 1 0 0 -4 -7 0 -6 -2 1 0 0 0 2 0 4 36 2 0 0 -3 1 -1 2 1 0 0 0 -1 -1 6 2 -4 0 -6 -1 0 1 0 0 0 11 0 0 2 0 0 0 0 4 -7 0 -2 -4 -2 -1 4 -2 0 -2 1 -2 -2 0 0 0 0 4 2 0 0 0 4 0 -2 -2 0 2 2 0 0 -4 0 -2 1 0 2 0
0 -1 -1 0 0 -2 -5 2 0 -2 1 2 -2 0 0 -2 0 -6 0 -1 7 0 0 -2 2 2 2 0 -4 0 -4 2 -2 0 0 1 0 3 5 0 2 -4 0 -3 3 2 0 0 0 0 1 -4 0 0 0 0 -4 0 0 2 0 -1 0 -2 -1 0 0 0 2 2 0 0 0 4 -3 0 0 4 -4 4 0 -2 1 4 0 0 0 0 1 0 0 -2 -3 -2 3 0 -2 5 -5 0 0 -3 0 -2 0 0 0 -2 2 4 0 -4 0 6 0 -3 0 0 0 0 -4 3 0 2 4 0 1 0 1 0 0 -2 -3 0 -2 -4 -4 -3 0 -4 2 4 2 4 0 0 0 -1 0 -1 -2 0 -2 0 0 -2 2 4 0 0 0 0 0 0 2 -2 6 -4 -2 0 2 0 -2 0 5 0 0 4 -2 -1 2 2 4 0 1 -5 1 0 -1 -4 2 0 0 2 0 0 -2 0 0 -4 -4 4 0 1 -2 0 4 -2 -2 0 4 0 4 0 -2 4 2 0 0 0 0 0 0 0 -4 -1 12 0 0 1 0 -4 0 0 2 2 -1 0 0 0 0 1 0 1 0 0 2 -5 2 4 -1 2 0 6 -2 2 0 0 -4 4 1 4 0 -2 0 1 -2 2 0 3 0 -4 -2 0 4 0 4 0 1 0 -2 6 0 2 0 0 0 0 0 0 4 -4 0 0 -6 1 -1 2 -2 0 -4 0 -2 0 0 0 2 2 2 4 4 0 3 0 -3 0 0 4 0 0 0 4 0 4 0 4 -4 0 0 -4 0 0 -3 -4 -4 1 6 0 2 51 0 2 0 -2 -2 0 2 -1 1 -2 0 0 2 -2 4 1 2 1 8 -3 0 2 -1 -4 0 2 4 0 -3 0 1 1 -4 2 0 -2 0 4 0 2 0 0 -4 2 0 0 -2 0 -1 2 -1 0 2 0 -4 0 -4 1 -3 0 -1 1 2 -2 0 -1 -1 4 -4 0
-1 0 0 1 0 2 2 0 0 0 0 1 0 2 0 2 5 0 -2 0 0 0 8 6 -2 0 0 0 0 0 0 0 2 4 0 -2 -2 -2 0 4 1 0 1 0 2 7 1 0 2 0 0 2 0 2 0 0 0 0 -2 0 0 0 2 0 -2 -4 2 2 0 2 0 0 0 0 -8 4 -2 0 0 4 0 1 4 0 -5 0 0 0 0 0 0 2 -1 4 0 0 4 1 0 0 -1 0 0 0 0 -1 0 -2 -2 0 2 2 -1 1 6 0 1 0 0 0 -4 0 0 0 0 4 3 0 0 -2 0 -4 0 2 -4 -1 0 -4 0 0 0 0 -2 0 2 0 4 -1 1 1 0 -2 -1 0 0 0 -3 1 2 0 0 0 0 2 -4 0 4 -6 0 -1 0 2 0 0 0 0 -5 0 2 0 0 0 0 0 0 0 0 0 -2 0 -2 0 -2 0 0 -1 -2 -1 -3 1 -3 0 0 0 0 0 0 0 -1 2 0 0 0 -4 -2 1 4 4 0 3 0 -2 0 1 0 0 0 0 0 -4 -2 0 -2 2 2 -2 0 0 0 -2 0 0 0 -2 1 0 -2 0 0 -6 0 -2 0 0 0 4 0 0 4 0 0 -1 -4 0 2 0 0 1 0 0 0 5 2 0 0 2 2 0 0 6 0 0 0 -6 0 4 -4 0 0 0 -4 -2 0 2 -2 0 0 0 -1 0 0 0 0 0 -1 0 0 0 0 0 0 0 -1 1 0 0 2 0 0 -2 0 0 4 0 -2 0 2 1 4 0 0 0 -1 1 0 0 0 0 0 0 32 0 2 0 0 2 0 -4 0 0 4 2 -2 0 -4 1 3 0 0 2 4 -4 0 0 0 0 2 0 0 -2 -4 -4 5 0 2 0 0 0 0 0 0 0 -2 0 0 2 0 0 3 0 0 0 0 0 0 0 -4 0 1 -4 0 -1 -2 0 0 0 0 2 0 0
0 4 0 -1 -2 -3 -1 -1 0 -2 -2 1 3 0 -2 0 1 -1 -1 -2 2 2 -4 0 0 0 0 0 0 0 -1 4 4 0 0 0 0 0 0 0 0 0 -4 -2 -1 3 2 0 4 0 0 0 -4 -1 -3 0 4 -2 8 0 -4 0 2 -3 1 0 2 -4 0 5 -1 0 0 0 0 -4 0 -4 4 0 -2 2 2 0 4 0 -1 0 -4 -1 0 0 0 -2 0 6 -2 -2 0 0 0 0 0 4 4 0 3 0 -1 4 0 -1 0 8 0 0 0 0 2 -1 0 0 4 -5 0 -2 5 0 0 0 -4 0 -5 4 0 -6 0 -1 -1 4 -3 4 -4 -2 6 0 2 4 4 0 8 2 -1 0 0 0 -1 0 0 0 -2 0 -1 0 0 0 4 4 -3 0 2 0 -1 -2 0 1 2 -2 4 0 -2 -2 0 2 4 1 0 2 -6 0 0 0 6 -4 8 0 0 0 -7 2 -4 -1 1 0 0 -2 0 0 0 0 0 -8 0 0 -1 -2 -1 -1 0 4 0 4 0 0 0 3 6 -4 0 0 1 0 0 0 4 2 0 -2 0 -1 -2 -2 0 0 0 0 0 -2 0 -1 0 5 -1 6 0 -4 -2 4 0 -4 2 2 -4 1 0 1 2 -1 -4 0 0 -2 -4 -2 0 0 4 -1 0 0 1 -4 4 0 -5 -4 -2 2 0 0 0 5 0 -8 -1 0 -2 4 2 0 0 0 0 0 0 6 9 -7 0 -2 0 1 -5 -4 -2 0 0 0 0 3 3 0 1 0 4 1 2 4 0 -4 0 -2 1 0 2 0 -2 0 0 2 0 55 0 -4 2 -2 -8 -5 -1 0 2 0 0 0 0 0 -4 0 -4 2 0 0 -4 11 -1 -2 0 1 0 5 0 0 0 6 -3 -2 4 0 4 4 2 4 4 0 2 0 0 0 0 4 5 2 3 0 -1 0 0 0 -1 4 2 0 0 -6 3 0 0 -1 3 2
-2 2 -6 2 -2 -4 -6 4 -2 4 2 0 4 0 8 4 -4 0 0 -8 4 -4 -2 -1 -2 0 0 0 -2 0 0 0 -4 0 2 0 0 0 0 0 4 -2 4 4 -1 4 -9 0 1 -4 2 0 4 0 -1 0 0 0 0 -4 -2 -2 0 0 0 0 4 0 0 0 0 -4 10 1 0 2 0 -3 -2 -4 0 0 2 0 5 -4 -2 5 0 4 0 4 -6 2 0 0 0 -8 0 0 1 -2 -4 -5 -1 0 0 0 5 -2 2 0 1 -8 2 1 -4 2 6 2 2 0 -4 -6 0 0 -2 0 -2 4 -2 2 3 2 -6 0 0 0 2 7 -2 -4 2 -4 -1 0 0 5 -2 0 2 0 -2 0 0 -2 -4 -2 0 0 -2 3 0 4 2 0 0 0 -2 2 4 -2 0 0 -1 -2 4 0 6 -1 0 4 4 0 -4 -4 0 0 -2 3 2 -1 6 0 -3 0 6 0 0 0 -4 3 2 -2 -1 0 1 4 0 4 0 -2 4 0 0 -4 4 4 0 -2 6 -1 10 0 -6 0 -2 1 0 -4 -4 -4 0 -4 2 -8 0 4 -2 8 4 1 1 -2 1 3 0 0 0 0 3 2 -2 5 -4 2 0 2 0 4 -4 0 2 -4 0 -2 0 4 0 0 2 -2 -10 0 -4 0 2 0 -2 3 1 0 0 -4 -2 4 0 3 0 4 -2 2 -4 0 0 0 0 0 2 -9 0 -1 0 -3 0 0 -4 -1 -4 -4 -4 0 0 0 2 0 10 2 0 -2 0 8 2 0 -4 0 4 4 -2 3 6 6 4 2 0 -4 0 6 -3 0 2 0 68 -2 -5 2 3 0 0 0 0 4 0 4 -4 2 0 -4 2 4 -2 2 0 2 1 0 -2 0 -2 0 2 4 4 0 5 0 0 -5 -4 -2 -2 0 0 0 -3 5 -2 2 0 0 -1 -1 4 0 4 0 -4 -4 0 -2 0 0 2 0 0 0 -2 -2 -10 -3
0 -4 -2 0 0 4 0 0 0 -2 -1 2 0 0 1 0 4 0 0 0 -6 2 0 0 -2 -4 0 2 0 0 0 0 4 0 0 0 -2 0 -1 0 2 0 0 -8 2 4 0 4 2 0 0 0 0 1 0 -4 0 -2 0 0 -3 -1 -4 -2 0 2 -2 0 -2 -6 -2 0 0 -4 4 2 4 0 0 0 4 0 0 0 8 0 0 0 0 4 6 -2 0 0 0 -4 4 0 0 0 -2 0 -1 2 -2 -2 4 -2 0 0 -2 -6 -3 0 -2 0 -4 0 -5 0 0 0 0 -5 -2 6 0 6 0 2 0 0 4 -4 0 -2 1 1 -2 4 0 0 0 0 2 -2 -6 -2 0 2 -2 0 0 2 0 4 0 4 0 -8 1 -2 0 0 0 0 -2 0 -4 1 0 0 0 0 2 -8 0 0 2 0 0 0 0 0 -2 0 0 -4 3 0 4 0 2 4 -2 2 0 0 -2 -5 0 3 0 -2 2 -1 0 0 0 0 -2 0 0 0 0 0 0 4 2 0 8 -4 -2 4 4 0 0 4 1 -2 2 -4 0 2 0 -8 0 -2 2 0 0 0 -2 -2 2 0 -4 0 -2 0 0 2 -2 0 0 -2 0 0 2 0 2 0 6 0 -2 0 6 -3 0 -4 0 0 -2 0 0 0 0 0 0 0 0 0 -2 -1 -4 0 0 -2 0 0 0 0 0 -2 0 0 1 -2 -2 -2 -4 1 -2 0 0 1 -2 4 0 2 0 0 4 2 0 0 0 0 0 0 -2 4 1 0 -4 2 0 -4 -1 0 4 2 0 4 0 6 0 4 1 -2 0 -4 -2 50 0 -5 2 4 2 -4 0 -4 0 -3 0 0 1 -2 4 0 0 0 6 1 0 2 -4 0 -2 2 0 4 0 -4 0 0 0 0 0 -4 2 0 2 0 -4 -6 0 4 -4 0 4 -2 4 -1 0 0 0 -4 0 0 -2 0 0 0 2 0 -2 0 0 -4
-4 -2 5 0 0 -6 4 0 0 6 2 0 0 4 -4 -5 4 0 0 0 -2 6 0 0 1 -4 -2 -10 6 0 3 0 0 -4 -4 0 6 0 -2 0 -1 6 -3 3 0 0 -1 3 2 -1 0 -4 0 -1 0 0 3 0 0 -1 -7 0 2 2 2 0 0 -2 0 -2 0 -4 0 2 4 -2 -2 1 2 2 0 0 0 -2 0 6 0 0 0 -2 -2 -2 0 3 0 0 0 -2 -4 0 -4 1 0 0 0 0 3 -5 0 2 -1 0 1 6 4 4 -1 -2 0 2 0 2 0 0 -1 4 2 -1 0 0 2 -2 1 0 2 0 0 3 4 -4 0 -4 0 -2 2 -2 -4 0 0 6 3 0 0 0 0 -1 0 0 2 0 0 0 0 4 2 -4 1 0 0 0 2 -4 0 4 6 -5 0 0 4 0 2 0 0 0 -2 0 -2 4 0 -2 0 0 0 0 0 2 0 4 4 2 6 -1 0 0 0 -2 0 -1 0 0 4 0 0 0 -12 0 0 0 0 2 -2 0 0 2 0 1 2 0 0 2 -2 0 1 -6 1 1 1 -2 -2 0 0 -1 -4 2 3 -2 0 0 0 -2 4 0 2 -3 0 0 0 4 0 -1 1 -2 0 0 0 0 0 0 2 0 -6 0 1 8 2 -2 0 0 1 -4 2 0 0 0 8 0 4 0 0 0 -1 0 0 4 2 -1 0 -2 0 2 -2 0 0 0 0 4 0 0 1 2 0 0 4 -1 1 -1 -1 0 1 0 -2 -2 5 0 6 0 0 6 -2 -1 2 0 0 3 -4 0 3 0 -1 -2 0 2 -5 0 47 -4 -2 -1 0 0 0 0 0 0 0 0 7 2 -2 4 2 -1 0 -2 2 0 3 0 0 0 1 0 0 2 -2 0 -1 -1 0 6 0 2 0 0 1 0 0 -2 -4 -3 -1 0 0 2 0 0 4 -2 -1 2 -4 0 2 0 4 0 2 -4 -6 0
0 4 -4 -1 -1 -2 3 -1 -2 0 0 0 4 0 4 4 2 0 0 0 10 4 0 4 0 -4 4 0 -4 0 -1 2 -5 0 2 0 2 0 11 0 -2 -4 -4 0 -1 0 0 1 0 0 0 -4 0 0 -4 0 -8 2 2 2 0 0 0 5 1 0 0 0 0 1 0 2 0 0 0 2 0 -2 2 2 2 0 -2 0 0 -4 -1 -2 2 0 0 -3 0 0 0 0 6 -2 -2 0 0 -2 0 2 0 -2 10 4 1 0 -2 0 0 -4 2 -1 0 0 0 0 4 0 0 0 2 2 -1 2 -4 0 0 0 -5 0 0 1 -2 1 0 0 5 0 0 0 -2 0 0 2 0 -6 -4 0 -1 0 2 -2 -1 9 4 0 4 0 -2 5 0 0 0 2 0 1 4 0 -2 0 -4 10 0 -1 0 0 0 5 1 0 -8 3 -4 -2 0 0 -2 0 -4 -2 0 -2 -4 -2 -2 4 -4 2 4 3 0 2 0 -10 2 2 2 1 -4 0 0 0 0 0 0 0 2 0 0 -5 0 0 0 6 0 8 -2 2 2 -4 1 5 0 2 0 -3 8 1 0 -4 1 -2 0 0 0 -2 4 -2 -4 4 -4 0 -4 -4 2 -1 4 0 3 -4 1 -6 0 -5 0 0 6 0 8 9 -2 0 0 1 0 -2 5 0 -4 0 -3 0 -1 2 0 -2 -2 0 0 0 0 -1 0 2 0 2 0 1 0 -3 0 8 1 1 4 2 0 -4 0 -2 -1 2 -1 2 0 0 -2 2 0 0 0 0 0 -6 2 -4 6 0 2 0 2 0 2 8 2 0 2 -2 2 -5 -4 61 0 0 2 0 -1 0 4 2 0 0 -4 0 2 1 0 1 0 0 -2 -1 0 0 0 1 -8 0 1 -2 4 2 -2 -2 -2 -2 2 4 6 -1 0 0 0 0 7 0 -4 0 2 0 -1 0 4 -2 2 6 -2 -2 0 0 -2 0 -1 2 0 -2
0 0 -1 4 0 0 4 0 0 0 0 2 0 -1 -2 6 0 0 2 2 -4 0 0 -1 0 2 0 -6 0 0 -4 0 -2 0 2 -1 2 0 4 0 0 0 -2 -3 0 2 0 2 0 0 0 1 0 0 4 0 -4 -4 -2 0 -1 0 -2 4 -4 0 5 4 0 4 0 0 4 2 2 5 0 0 -4 6 0 0 0 0 2 -6 -6 0 0 2 1 0 -4 2 0 4 0 2 0 0 1 0 0 0 -4 0 -2 0 2 -4 2 0 0 -4 0 2 0 0 1 0 -2 0 -6 0 2 0 -4 2 -2 0 0 0 -4 2 0 -1 -2 -4 0 1 -2 -4 0 0 -2 0 0 2 4 -2 -3 -1 0 -2 1 0 0 0 0 -2 0 -1 0 0 2 -3 -6 -2 0 0 8 4 0 2 0 3 0 0 -4 5 0 4 0 0 -4 0 0 4 0 0 10 2 -4 0 -2 -2 -2 0 0 0 0 0 -4 0 -1 -2 4 -2 2 -6 0 -4 0 0 0 0 0 2 1 0 0 -2 -1 0 -2 -2 10 0 0 2 0 -3 1 0 2 -6 0 -1 0 0 -2 -2 -1 -1 0 4 -2 0 0 0 -1 -2 0 4 3 -1 0 1 1 0 -2 0 4 -4 2 0 0 0 2 -2 8 0 6 0 0 0 0 0 0 0 0 0 2 0 4 2 0 0 0 -1 -1 0 -4 4 0 2 2 0 0 -2 0 -2 0 0 2 0 -4 0 0 2 -2 0 -4 0 4 0 0 0 0 -2 0 0 0 2 0 0 0 0 -4 0 2 0 -2 0 -2 0 0 0 1 2 0 -8 3 2 -2 0 46 6 0 0 0 0 0 0 0 0 -3 1 4 0 0 4 0 -3 -4 0 2 0 2 5 0 -1 0 0 0 0 -2 -6 -4 2 0 2 -4 0 2 10 4 0 0 -2 2 2 2 0 0 2 0 0 0 -4 -2 0 0 0 4 0 0 0 -4 0
0 2 -8 2 0 0 2 0 0 2 -1 0 0 -2 0 3 -4 1 0 0 -6 2 -2 -2 0 -5 0 0 0 0 0 0 1 0 0 -2 0 0 2 0 0 2 0 -4 -2 0 0 0 0 0 0 1 -1 -2 1 -4 -2 0 0 0 3 0 -1 2 0 4 2 4 -4 0 0 0 0 0 -4 2 0 0 -2 2 -2 -2 -6 0 0 4 0 0 0 0 0 -4 -1 -1 0 2 2 0 -4 0 0 -2 0 0 0 0 0 0 2 -4 2 -2 0 -4 0 0 -2 0 -6 -1 -1 -1 0 0 0 -4 -4 2 0 4 2 2 0 0 -2 0 0 0 0 1 0 0 0 -1 -3 0 0 0 0 0 0 0 0 1 0 0 0 -7 -1 -8 0 -1 0 0 4 -2 0 -4 0 0 2 0 -1 2 0 -3 0 1 -2 -4 0 -4 1 0 2 0 3 -4 1 0 0 -2 1 0 0 -2 0 0 -1 -1 0 -4 -2 -2 0 -2 0 2 4 0 0 0 0 0 3 0 2 0 0 -2 0 0 0 0 -1 -2 2 0 0 -2 0 0 0 0 -2 0 0 0 2 0 -2 0 0 0 0 0 0 2 -2 2 -2 2 1 0 -4 0 0 0 -4 -4 -1 0 0 0 1 0 0 -3 4 0 2 0 4 -3 4 2 0 0 0 2 0 0 -3 0 0 0 0 0 0 0 -1 -2 0 0 2 -1 0 -2 0 0 0 0 0 0 0 -2 -5 -2 -2 2 0 0 4 0 1 -1 2 -2 0 0 0 0 0 0 0 0 0 -2 0 0 4 0 -1 0 0 4 0 -2 0 -1 -4 -5 0 4 -1 0 6 31 2 0 2 0 2 0 0 0 0 0 4 0 0 4 0 0 -4 0 -2 0 -1 0 2 -2 0 -4 0 0 0 -1 0 4 4 0 0 0 0 0 -4 0 1 -2 -4 0 0 0 0 0 -2 0 0 0 0 0 0 0 -3 0 4 4 0 1
0 0 0 2 0 0 2 0 0 0 0 0 0 0 0 8 4 4 0 2 1 3 0 0 -2 0 0 0 -2 -1 0 2 -2 0 0 0 0 0 -2 0 2 0 0 0 0 0 0 0 0 0 0 1 0 0 4 0 0 -1 0 0 -2 2 -2 0 0 0 0 0 -4 0 0 0 1 0 -2 4 0 0 2 -4 0 1 -4 0 0 0 0 0 4 0 0 0 -2 0 0 0 -2 1 0 0 0 0 0 0 0 0 0 0 -1 0 0 -2 -6 3 0 0 0 0 0 0 0 0 0 6 0 0 0 4 0 -2 0 0 -3 -1 0 2 2 1 0 0 0 0 0 0 0 -4 0 0 0 -1 -2 0 0 0 -4 -6 2 0 -2 -2 0 0 -1 0 0 0 0 -3 0 0 -2 0 0 4 0 0 0 0 0 -2 0 0 1 0 0 0 -3 2 0 -2 4 0 2 -2 0 0 0 0 0 0 0 2 2 -2 0 0 0 0 0 0 0 -4 0 0 0 -6 1 0 0 0 4 4 0 0 0 4 0 0 2 -1 1 0 4 0 1 -8 0 0 0 0 0 0 0 0 0 0 0 0 0 0 0 0 0 0 0 0 4 0 2 4 6 0 0 0 -2 -2 -2 0 0 2 0 0 0 0 0 0 0 1 0 0 -4 -4 0 4 -4 -2 2 0 0 0 1 -1 0 2 0 4 -2 2 0 4 0 0 0 0 0 1 0 0 4 1 4 0 0 7 -4 0 0 0 0 0 0 0 0 0 -2 0 0 2 -2 0 0 0 4 3 -4 0 0 0 0 1 0 -1 0 2 0 2 0 2 26 0 0 0 0 0 0 4 0 1 0 0 0 0 0 -2 0 4 -2 0 1 0 -2 -1 0 -6 0 0 0 3 0 0 0 0 0 0 0 0 0 0 2 0 1 0 0 0 0 -1 0 1 0 0 0 0 0 -2 0 0 -1 5 0 0
-4 4 8 9 0 -3 0 4 0 0 4 0 0 -1 3 2 0 -2 0 -1 0 -6 0 4 0 0 0 0 0 -6 0 0 0 -2 0 1 0 0 0 4 0 0 0 4 0 -1 0 0 0 0 0 0 0 0 2 4 -1 0 -2 0 0 1 1 0 0 -4 0 0 -3 2 0 0 0 0 0 6 0 0 0 -2 0 -2 0 -2 -4 2 0 2 4 0 0 0 -1 0 2 0 2 4 2 0 0 0 0 1 0 2 2 0 0 0 0 6 0 6 2 2 4 0 6 0 0 4 -10 -2 0 -2 -6 -2 -2 -8 0 0 0 0 0 0 -1 5 0 0 0 0 0 -2 1 2 0 0 4 0 -4 -4 0 0 2 0 -2 4 0 8 0 1 -4 2 -4 0 0 4 0 0 0 0 0 1 0 0 0 5 0 4 0 0 0 1 0 2 -2 5 0 0 0 -1 2 0 0 6 0 0 0 0 0 -3 0 2 0 1 2 2 2 0 0 1 0 0 0 -1 0 -2 0 0 0 2 0 0 0 2 0 0 -1 0 -4 -2 2 0 0 2 -2 -2 -2 -2 4 0 0 4 0 4 -8 0 -2 0 0 0 0 0 -8 0 0 4 -2 4 6 -2 0 -1 0 -5 0 4 0 0 0 0 0 0 0 0 0 0 0 0 -4 0 -4 0 2 -2 0 6 0 0 3 4 4 -1 0 -2 0 3 0 -4 4 0 0 0 2 0 -4 -2 2 0 -2 0 -3 2 -2 0 0 2 4 0 0 0 -4 0 0 0 0 2 1 2 0 0 0 7 2 2 4 2 0 -2 0 0 0 -4 0 0 0 0 0 42 -4 0 0 -2 0 -1 -2 0 -2 4 0 -3 0 0 -4 -4 0 4 2 0 0 -2 -2 -4 0 0 0 0 0 0 4 2 -2 5 -2 -1 -2 0 6 4 -4 0 0 0 -2 0 0 0 -4 -4 0 0 0 0 4 0 4 4 0 0
0 0 -4 2 1 4 1 2 -1 0 5 0 0 -2 0 2 0 4 0 -4 4 1 -1 -4 0 -1 0 0 -4 0 0 -4 -2 4 0 7 0 0 2 -4 2 4 4 0 -1 0 -4 1 0 0 -2 4 2 0 -4 2 0 -2 2 0 0 6 0 0 0 -2 0 0 0 -4 2 4 0 2 -2 5 0 0 0 0 0 4 4 -6 -6 2 0 0 0 -4 0 1 0 -2 0 -4 -4 0 0 0 0 0 0 0 0 2 0 2 -3 2 0 4 4 4 2 1 0 0 0 0 -2 0 10 6 -2 -4 6 0 4 -4 4 0 1 2 -1 0 0 0 0 0 2 6 4 0 0 2 0 4 0 0 2 0 0 -2 0 0 1 0 0 0 0 2 4 2 0 6 -2 0 0 4 0 0 -4 0 0 6 0 2 0 -2 0 -8 0 1 -1 -4 0 0 0 0 4 0 4 0 0 -4 0 0 -4 -6 0 0 0 2 0 4 4 5 -1 2 0 0 0 0 0 -2 0 0 0 2 2 0 0 2 0 0 2 -4 0 0 0 4 0 4 2 0 0 2 0 4 0 -2 0 0 0 -6 0 4 0 -1 -6 4 0 0 3 0 0 4 7 0 4 4 0 2 2 4 0 2 0 -2 -2 -4 0 -1 4 2 -4 4 0 0 0 0 0 0 0 -6 0 0 -2 0 -4 0 -2 0 0 0 0 0 0 4 7 4 0 1 0 0 0 0 4 -4 0 0 0 0 0 0 -4 -1 2 0 -6 0 4 0 2 -1 -2 4 4 0 2 0 0 0 0 -4 -2 0 -1 0 4 2 0 0 0 -1 0 2 0 -4 56 0 2 0 6 0 0 0 0 -1 2 0 0 0 -2 0 0 2 0 -6 -2 0 -3 0 0 2 2 0 4 2 -2 0 0 -8 0 2 0 0 0 0 0 -2 -4 0 0 2 0 2 -6 4 0 2 0 6 -2 0 4 2 -6 0
0 0 0 0 0 0 5 -6 0 0 4 0 0 -2 0 -5 -4 4 -4 -4 0 -3 -2 0 2 0 0 -1 0 -8 0 0 0 -1 0 -2 0 0 0 0 -4 2 0 0 2 0 -2 4 0 0 -2 2 0 4 0 0 0 3 0 0 -6 -2 2 4 0 -2 2 -2 0 0 0 -2 4 3 0 0 0 0 0 0 3 0 6 -2 0 0 0 0 0 -4 0 0 0 4 0 0 2 0 0 0 0 0 0 -1 0 0 -4 6 0 -4 1 4 1 0 0 6 2 0 0 -4 -2 0 0 0 2 0 0 0 2 0 -2 0 0 1 0 0 4 0 -4 -1 0 -4 -4 0 0 4 0 0 3 0 -3 0 0 0 2 -6 0 -2 -2 -2 -4 0 0 -6 -2 6 0 -2 -2 6 4 0 -2 4 0 4 -2 0 0 2 2 4 0 -4 0 -1 -1 2 0 0 0 0 1 -1 0 0 -2 0 2 0 -2 1 0 0 0 -1 4 0 -1 0 -2 0 -2 0 0 6 0 -2 0 0 4 0 4 -4 0 -3 0 0 0 0 0 1 0 0 -2 0 -4 0 2 -1 0 2 0 0 -4 0 0 -4 -2 2 1 0 0 0 0 0 -2 -4 2 0 0 0 -2 0 0 -4 -6 2 -4 0 0 -2 0 0 0 4 0 -6 4 0 0 0 -4 -3 0 4 -1 2 0 0 0 0 0 -3 0 0 2 4 4 0 -1 4 0 2 1 0 2 0 1 0 0 2 0 -2 0 -4 4 -4 -4 0 0 0 -4 0 0 -6 0 0 4 -2 0 -1 0 0 0 0 4 0 -1 0 2 0 4 -4 0 0 0 0 0 0 0 46 0 2 -4 0 0 0 -4 0 2 -1 -4 2 -2 0 4 4 -4 -6 0 0 0 0 0 0 0 5 -2 2 0 0 0 0 0 0 -2 0 4 0 -1 4 4 2 -8 0 0 0 0 0 2 0 2 0 4 0 -4 0 0 0
2 0 6 2 -2 2 -8 10 0 0 -2 -2 0 0 0 0 -2 2 2 -2 0 0 4 -2 0 0 -2 0 0 -4 0 2 4 0 0 0 2 -2 4 0 4 6 1 0 0 0 4 0 0 0 0 0 -6 0 0 1 0 2 0 0 -2 0 4 0 4 0 0 0 0 0 4 4 2 2 0 4 0 1 0 0 0 -2 2 0 3 0 2 0 0 0 2 0 -2 -1 3 -2 4 0 0 1 -2 0 -4 0 0 -4 0 -6 8 2 -2 0 6 8 0 -4 2 4 0 -6 0 -2 1 0 0 0 0 0 4 4 0 0 0 0 1 2 0 0 0 -5 8 3 2 0 0 0 0 0 0 0 2 2 10 0 0 0 -4 2 0 2 10 1 0 0 0 0 2 4 -4 -1 0 0 0 -1 -6 0 -6 2 0 0 0 0 0 0 0 8 0 0 0 0 2 -4 6 0 0 0 -6 0 1 0 0 0 -6 0 4 0 0 1 0 4 4 2 -4 2 4 0 3 0 0 0 4 8 -3 0 0 0 1 0 0 0 0 2 0 0 -2 0 0 0 0 2 0 2 -6 -4 3 -3 1 2 -2 1 0 0 -1 -2 -2 0 -2 -2 2 0 6 0 -5 -4 4 0 4 0 4 -2 0 0 -3 0 8 0 2 0 -4 2 4 2 4 2 2 -1 0 0 0 4 4 2 -4 4 -12 4 0 -6 0 0 0 -2 0 0 2 0 0 0 0 -2 0 3 0 0 0 -9 -4 4 0 -2 -4 4 4 0 0 0 0 -4 4 -4 0 0 0 0 0 -4 0 0 6 2 -2 0 0 0 0 4 0 2 0 0 2 0 57 0 -4 3 -2 2 -2 0 4 2 0 -4 0 0 -4 -2 -2 0 0 0 -6 0 4 -4 0 -2 -2 0 -1 2 2 0 0 0 0 0 0 4 2 0 1 -2 0 -1 0 0 -4 0 2 2 -4 0 0 0 -2 1 -2 0
0 -4 -4 2 -4 0 0 -6 0 4 2 0 0 0 -2 -1 0 2 3 0 11 0 -4 -1 0 0 -2 0 6 0 0 0 0 0 0 -5 4 0 2 0 -4 0 1 0 -4 0 -5 0 2 0 -2 -1 4 0 -2 -1 4 -4 0 -6 -1 -1 0 8 0 0 0 -1 0 0 1 -1 0 0 -4 2 0 0 0 -2 2 4 -2 0 0 -2 -4 -6 4 0 0 2 4 0 1 0 -2 4 4 -1 0 -2 0 -2 -4 2 -3 6 0 0 -4 4 4 -2 -2 0 -4 0 7 0 5 0 2 0 0 0 0 -2 0 8 0 0 0 4 0 0 0 2 2 0 0 0 0 -1 -2 4 0 6 -4 4 2 2 3 4 2 2 0 1 -2 0 0 2 0 0 4 6 0 2 6 1 0 -2 -2 0 -2 0 0 0 0 3 0 0 0 -2 0 -2 0 0 1 0 0 0 1 -2 0 -3 0 -6 -3 0 0 -1 0 0 0 4 -2 0 4 2 2 2 -1 0 -1 0 6 0 0 2 0 0 0 -1 0 0 0 0 0 0 -1 0 -9 1 -2 0 0 -2 4 2 -4 0 2 2 8 0 4 0 -1 -3 0 -2 0 0 4 4 -1 0 -1 0 0 -4 8 -2 -2 -2 0 1 0 -2 0 0 0 2 -4 0 4 0 4 2 2 0 0 0 0 -2 0 4 4 4 -2 2 0 -2 0 -1 2 0 -4 2 0 0 -2 -1 0 0 0 0 0 -2 1 2 0 -2 -4 0 0 -4 -1 0 -3 2 0 0 2 0 -4 3 2 0 0 0 0 0 0 0 -4 2 2 -2 0 0 4 -3 0 2 0 0 0 -2 0 2 0 48 0 2 -3 0 0 2 0 0 2 4 0 4 0 0 -3 0 4 2 -5 0 0 2 0 1 -1 1 0 5 2 0 -1 2 0 2 1 0 0 0 0 0 4 -2 2 -2 0 4 -4 0 2 -2 -6 2 4 0 4 0
0 0 -4 0 3 -4 0 0 0 0 -4 -1 1 0 0 -1 -2 0 0 0 0 -4 -4 -3 2 2 0 4 -4 0 -2 -3 -3 -4 0 0 0 0 2 0 8 4 -4 0 0 -6 -4 -2 4 2 1 0 2 0 0 0 -4 0 6 0 -6 0 -2 4 0 0 -2 0 0 0 1 -4 -4 -1 4 0 0 0 2 3 0 2 0 0 4 0 -3 0 1 0 -2 0 0 2 4 0 0 8 -4 0 0 -4 0 0 0 2 0 8 0 -2 0 -3 -1 2 4 0 0 0 -2 0 0 0 0 0 0 0 1 -4 0 0 2 0 0 -6 0 -6 -8 0 6 -4 -1 8 2 0 2 0 -2 0 0 2 0 2 0 0 0 4 0 0 -4 -2 4 0 1 2 2 0 2 -4 2 -2 0 -2 -2 -2 -2 -2 0 -1 0 -2 0 -6 0 1 4 0 0 8 2 -2 0 4 0 -1 2 -8 2 0 -4 0 0 2 0 -2 0 1 0 4 0 0 13 0 0 -2 0 -4 0 0 0 -4 -4 0 0 0 0 2 2 0 0 -2 0 4 0 2 0 4 0 0 0 1 2 0 0 0 -8 -4 -2 4 4 0 -1 -2 0 2 0 0 0 0 2 0 -4 0 1 0 -2 0 0 4 0 0 0 -4 0 0 0 2 -2 2 0 0 -2 0 -8 0 0 0 -12 0 -2 0 1 0 0 0 -4 0 0 0 -4 8 6 0 0 0 0 -2 0 5 3 0 0 0 6 2 4 6 -4 -2 2 0 -2 -8 -4 0 -4 0 0 0 0 -1 -4 -2 -2 0 0 -6 2 0 -4 4 -4 0 -4 0 0 0 0 0 0 0 6 -4 -4 0 58 0 -2 0 -2 0 -4 2 -4 0 0 0 -3 -4 4 0 7 0 -4 -2 0 2 0 2 0 0 8 0 0 0 0 0 -1 0 0 -4 -2 2 0 0 0 0 2 0 2 0 4 0 9 8 -2 0 0 0 -2 -6
0 0 4 4 -4 1 2 -10 0 0 1 0 2 0 2 0 -1 -3 2 -1 1 0 0 0 -2 0 -4 0 -5 -2 -1 2 0 6 0 1 0 1 0 0 3 4 12 -2 2 4 0 4 -2 0 -2 -2 2 0 1 2 0 0 6 0 0 0 0 0 0 2 -4 0 0 2 2 -4 1 -2 -2 0 -2 1 0 0 4 0 0 0 2 -4 0 -6 1 -2 2 1 2 -4 -1 0 0 1 0 0 0 0 -4 0 4 0 0 2 0 -4 4 -4 -1 -2 4 -4 2 0 0 2 -2 0 -2 0 0 -1 0 0 -2 -1 -2 2 4 -2 0 0 7 4 -8 0 2 6 -1 -2 3 -4 0 6 7 7 6 0 0 0 0 -1 2 0 0 0 -1 -2 4 -2 2 -2 6 2 0 1 0 0 -2 4 -2 0 3 0 0 -2 0 0 0 -1 -1 4 1 0 0 -2 -2 -1 1 2 0 5 2 -6 0 0 0 1 0 -1 -2 0 -2 3 -2 0 4 0 -4 0 -2 0 0 -2 -2 4 4 0 0 0 0 -4 0 0 -4 1 -2 0 0 -1 -2 0 0 -2 -6 6 -4 2 0 0 4 0 0 4 -4 6 3 2 -1 -1 -6 0 6 -1 2 0 6 2 -2 2 0 -1 0 4 -2 -1 2 0 -1 -1 2 0 0 0 3 -4 0 2 -1 -3 8 4 0 4 0 0 5 2 -4 1 -2 2 2 -4 2 0 -2 2 -2 -2 1 1 4 6 0 1 4 1 -1 0 -1 0 0 0 0 4 -4 2 2 -1 0 0 -2 0 -2 0 0 2 -2 0 0 2 0 -2 0 1 1 0 2 0 0 0 0 0 4 -1 0 0 3 2 0 59 0 -2 1 -3 0 -6 4 2 4 0 -2 2 -2 0 4 0 6 -3 0 8 0 4 0 0 0 4 -2 2 4 -1 0 0 -1 4 -6 -2 0 0 0 0 0 4 -2 0 -2 0 8 0 0 -3 0 -2 -9 -2
-1 1 2 -4 -2 2 2 4 0 -2 -8 -2 0 0 0 6 -1 1 4 0 -2 0 0 -4 0 -1 -4 2 2 1 0 0 0 -4 3 8 0 -6 0 0 3 -6 8 0 0 0 0 -6 0 2 0 0 4 -1 0 0 0 0 -1 0 0 5 10 10 2 2 0 0 0 1 0 0 1 0 0 0 0 2 -1 -2 0 -2 0 0 4 2 2 1 6 2 1 0 -4 0 0 0 0 0 0 -4 -6 2 -2 6 0 2 0 -2 -4 0 -5 -2 1 0 2 0 -3 0 -5 3 -2 -4 3 0 0 4 0 0 -3 2 4 -4 0 4 0 4 2 -8 2 4 -4 1 -4 2 0 -2 -2 0 -2 2 4 1 0 2 0 -12 0 2 4 -2 -2 0 -2 1 2 5 6 -6 3 0 0 0 -1 -4 6 -4 0 -2 2 -5 0 -8 0 0 -6 2 0 2 -1 -4 -2 0 2 0 0 -1 8 0 2 4 0 -1 6 0 0 0 -3 2 -4 4 -1 0 4 0 -4 -2 0 0 -1 0 0 -6 -4 0 -4 0 1 2 0 4 2 -1 -5 2 -2 1 0 2 0 0 -1 1 -9 0 3 4 -7 0 2 0 0 9 0 -4 -1 0 0 1 -4 0 5 0 0 -4 6 0 4 -1 4 1 0 0 2 4 4 0 6 0 -2 6 -3 2 2 -2 2 0 0 0 0 0 4 -6 0 -2 8 0 0 0 3 -6 -4 -4 -4 0 0 0 -2 -2 3 0 0 4 0 0 2 -2 6 -4 0 -4 4 2 1 4 0 0 -2 4 2 4 -1 4 5 0 -4 -1 2 -4 -6 2 3 -4 0 1 7 -4 -3 0 0 -2 0 0 -2 -3 -2 0 74 0 2 -4 2 0 -4 -4 2 0 -1 0 -2 -9 0 0 -1 6 4 0 3 2 0 4 0 -2 0 2 0 -6 2 -2 0 5 2 3 -4 6 0 0 0 0 -5 4 0 0 2 0 2 0 -4 -3 -4 4
0 0 -2 0 0 2 4 -2 0 -6 -4 0 0 1 0 0 4 0 0 0 -5 0 0 -3 -2 6 4 0 4 0 0 2 -2 -6 2 -1 0 0 0 4 0 -1 2 4 0 0 4 4 0 0 5 0 0 0 2 0 -1 0 0 4 0 0 0 -4 0 -3 0 0 0 2 0 -4 -10 0 -2 0 0 -4 8 0 0 4 4 2 0 4 0 -4 0 4 0 0 2 -6 0 2 -2 3 0 0 -2 0 0 0 0 0 -4 -2 0 0 4 2 -4 2 0 -4 2 0 0 0 -4 0 6 2 0 2 0 4 0 -2 3 0 8 0 2 0 0 0 0 -4 8 0 0 0 2 0 -1 -8 2 -1 0 2 4 2 1 1 4 2 -2 0 0 0 4 0 2 -6 0 -4 0 4 0 -2 0 0 0 0 -4 0 0 0 -2 0 0 -2 4 -4 -4 0 0 4 0 0 -2 -2 0 0 -8 0 2 0 0 -4 0 0 2 0 0 -2 0 0 0 0 2 6 -6 0 -2 -2 2 2 0 4 4 1 0 0 -2 0 0 8 1 0 2 0 -2 -6 0 1 -8 -8 4 2 -2 8 2 -4 0 -4 2 -6 -2 -2 4 -2 8 -2 -2 4 0 0 2 4 2 0 2 0 -2 0 0 -4 -4 0 2 0 0 6 0 0 -2 0 0 0 0 0 0 0 0 -6 0 3 0 0 0 0 0 0 0 0 -2 0 0 2 0 0 0 0 0 0 -2 -5 2 0 0 -1 0 -4 0 2 4 0 -4 6 0 0 -4 -4 3 4 -2 0 0 6 0 2 0 -4 0 -2 -1 1 0 0 -4 -2 2 0 1 0 1 0 0 0 2 0 0 -2 0 57 3 4 0 0 -4 0 -4 0 4 -4 1 0 -2 -1 -8 0 2 -2 0 0 0 2 1 2 -4 1 0 0 4 4 -4 0 1 -4 0 -2 0 -1 4 0 2 1 0 0 0 2 -2 -6 -1 -2 4 0
0 12 0 -4 -2 0 -9 -4 0 4 -2 4 4 0 0 2 -1 -6 0 5 0 2 0 0 0 2 2 4 5 0 -2 2 0 -2 0 0 -2 0 4 0 -4 1 2 -4 0 10 0 4 4 2 -7 0 4 0 0 0 -9 -2 -3 2 2 0 4 4 6 0 0 4 2 0 0 4 0 2 -8 0 0 4 0 0 -1 1 0 12 0 -1 -2 -2 0 4 8 0 -2 2 4 0 4 -4 -4 0 0 -7 -4 0 0 -2 1 -2 0 -2 -2 -3 5 -8 -2 4 0 0 1 3 0 -4 2 0 4 4 -4 2 0 -4 4 4 0 2 -6 -10 -4 -6 -2 -4 0 0 2 0 -4 0 2 -1 4 1 4 -1 0 2 -2 -2 -4 0 4 0 -1 0 4 0 2 0 6 -1 0 0 4 0 0 4 2 -6 0 0 0 -4 0 -2 0 1 2 -2 6 -4 0 0 0 -4 4 0 0 2 0 4 -6 0 0 8 0 8 0 0 4 0 0 0 0 0 -2 2 -4 4 0 0 -4 0 4 0 2 5 0 -2 -2 0 0 4 -2 0 2 4 -2 -2 -2 4 -4 1 2 0 -5 3 0 0 0 0 8 0 4 0 0 -4 2 0 0 0 0 0 0 4 4 2 6 0 0 2 4 0 0 -1 4 2 2 0 4 2 -4 0 1 5 -1 -1 2 -2 4 5 1 0 2 1 -2 -2 -4 -6 0 4 -4 2 6 0 0 0 1 4 -4 1 -4 1 2 2 6 -4 2 -2 2 2 0 2 2 2 -1 0 2 0 3 0 0 -2 0 2 8 1 -2 -2 -2 -4 0 8 0 -4 2 4 -2 2 4 4 0 -2 0 -4 -2 0 -2 1 2 3 69 6 0 2 0 2 0 -2 -1 -2 0 0 -2 -4 2 6 0 4 4 -2 0 4 0 -2 0 -1 2 0 -2 4 4 -2 2 2 2 1 0 -2 0 0 0 0 -2 0 -3 -2 4 0 -2 0 -2 0
4 -2 0 0 -1 -2 -1 0 0 -1 0 2 1 0 4 0 0 0 2 -3 -2 0 0 2 0 0 -2 0 -4 0 0 0 4 0 0 -1 4 1 0 -2 2 0 0 0 -1 2 4 -1 4 0 -2 0 0 2 0 2 0 0 6 0 4 0 0 0 4 0 0 0 4 0 0 0 -2 0 4 0 2 8 0 6 -1 0 -2 -4 -8 1 0 0 -3 4 0 -1 0 4 4 0 6 0 4 2 0 0 4 2 -2 0 6 8 0 2 0 4 2 -2 -4 1 4 0 4 2 3 4 6 0 2 2 2 4 0 2 0 0 -1 0 2 0 4 4 8 1 0 0 -4 0 2 -2 -2 -2 4 4 0 0 0 -4 -4 8 1 2 4 0 0 0 4 0 0 0 4 -2 -1 -4 0 0 0 2 2 0 0 4 0 0 1 2 0 1 -1 -1 -2 0 0 4 -4 -4 -4 -1 0 0 -2 4 -5 0 0 0 0 0 0 0 2 0 8 0 0 0 0 0 -6 4 0 -4 0 0 0 0 4 2 0 0 0 2 0 1 -8 0 6 2 0 0 0 -2 -12 -2 2 0 -2 4 0 2 4 0 -2 6 2 -3 0 2 0 0 0 0 -4 0 0 0 0 -2 0 4 0 2 4 0 2 0 0 10 1 0 1 0 -5 0 0 2 2 -4 2 0 0 0 -2 0 -4 0 -5 0 0 -2 2 0 0 4 0 2 0 0 -2 0 -2 -2 0 4 -2 -4 0 6 3 1 -2 0 0 -2 1 0 0 0 -6 -2 9 2 1 2 0 2 0 0 -4 0 0 4 1 -3 2 2 4 0 4 1 0 0 0 4 -1 0 0 2 0 -3 -4 4 6 58 0 0 4 0 0 4 2 0 2 -2 0 0 -1 -1 1 2 0 4 0 0 2 2 -4 -2 -2 0 6 -4 -6 -3 -2 6 1 0 0 4 0 -2 6 -2 0 0 2 0 0 -4 -8 2 4 0
0 -2 0 0 0 0 8 0 0 0 -2 0 0 0 0 0 -2 0 -4 0 0 -4 4 2 -2 4 4 0 4 0 0 4 0 4 2 0 0 0 0 0 4 0 0 0 0 6 0 -2 2 2 0 0 0 -2 0 0 4 0 -4 0 -4 0 -1 2 2 0 0 0 0 -6 4 2 0 4 -2 5 0 0 -2 2 0 0 2 1 -6 2 -2 2 -4 0 4 0 2 -3 2 0 2 0 0 0 2 0 0 0 2 0 2 0 -2 1 0 -2 0 -1 -4 0 0 0 0 0 0 -2 4 -2 0 0 0 0 8 0 0 0 -2 4 6 -2 2 0 0 0 4 -4 -3 0 -1 -5 0 0 0 0 6 -4 0 0 0 0 2 2 3 2 -2 0 4 -4 0 4 0 0 0 -2 0 2 -1 2 0 0 0 1 -1 0 0 0 0 0 -2 0 0 -4 0 0 0 0 4 0 0 0 -2 0 -2 0 0 9 0 0 0 0 0 2 0 0 2 7 0 0 0 8 0 -2 0 4 0 0 -2 0 0 0 1 3 0 0 0 0 4 4 -2 -2 -6 -4 0 4 -1 0 0 0 0 0 0 -2 -1 -1 0 0 0 0 0 -4 4 4 1 0 3 0 -8 -2 0 0 0 2 -4 -1 -4 1 2 0 0 0 2 -4 0 4 0 0 0 0 0 0 0 0 -1 6 0 2 -1 -1 8 0 -3 0 1 4 0 -4 0 2 0 0 2 0 0 2 0 -4 0 0 -4 0 0 0 2 -4 -6 -4 2 0 2 2 -4 0 0 -3 1 0 0 0 0 0 4 -2 0 0 4 0 -2 0 2 0 0 0 0 0 2 2 4 0 -4 0 2 0 0 0 41 2 0 -1 0 0 2 -2 0 0 2 -2 0 -4 0 0 0 -1 0 0 0 0 -2 4 4 0 0 2 0 0 0 0 2 0 0 0 0 0 -2 0 -5 2 6 0 -2 0 0 0 2 2
0 2 0 -3 4 -2 0 8 -1 0 0 0 2 -2 0 1 -8 2 -8 0 -4 -2 0 2 0 0 2 2 0 4 -4 0 -2 1 -1 -4 0 4 0 0 2 0 -4 1 0 -1 -2 -4 2 0 0 0 0 -2 4 2 0 0 0 0 4 0 -2 3 -2 0 0 0 0 0 0 0 4 2 -2 0 0 0 -4 4 -2 0 -4 2 0 0 -2 0 -4 0 2 -4 -1 -4 4 0 0 0 0 0 4 0 0 1 0 0 0 -3 2 -2 -4 -2 0 0 2 4 -2 0 -4 0 0 2 0 0 0 -4 0 -5 4 0 0 0 -2 -2 -2 -4 4 -1 0 0 -2 0 0 4 0 0 0 0 -2 -2 -4 2 4 0 0 0 0 2 2 2 5 0 0 0 8 2 -6 2 0 1 4 0 -2 0 4 -4 0 0 -2 0 0 0 0 -2 0 1 1 0 0 0 -2 1 2 0 1 1 3 4 0 0 4 0 -4 2 0 2 4 0 12 0 0 3 1 0 -2 0 -4 0 4 0 0 0 0 0 0 3 4 -2 0 2 0 0 0 1 2 1 0 0 4 -2 2 0 0 2 0 0 2 0 -6 6 -4 0 -4 1 4 0 0 -4 0 0 -8 0 2 0 0 2 0 0 0 -2 0 -4 0 2 -2 0 0 0 -1 0 0 -2 4 1 0 1 -1 0 -6 0 0 0 0 4 4 1 -2 6 0 8 -1 0 0 4 2 -2 0 2 0 0 0 -2 -2 0 4 -2 2 2 4 1 0 0 2 0 2 0 0 0 0 0 0 -2 0 -4 0 0 0 -4 0 2 -4 0 2 0 -1 1 4 4 0 -3 0 -1 2 0 2 -6 0 0 2 0 2 42 0 2 0 0 0 1 0 0 -6 -2 0 2 0 0 1 0 0 2 0 0 0 0 -2 2 -4 0 4 0 0 -4 0 0 -2 0 4 0 0 0 -2 0 -2 0 0 0 0 0 -4 0
-1 1 -2 0 0 -1 1 2 0 0 0 0 1 6 4 0 6 -2 -1 0 0 0 2 0 2 2 -2 4 0 -8 -1 -1 -4 4 2 -4 0 1 0 0 0 0 0 -1 0 0 1 0 2 -2 -3 0 0 0 2 0 0 0 2 -2 6 2 0 0 0 0 0 0 4 -2 0 -4 0 -8 0 0 0 4 3 0 -3 -2 -1 0 2 -2 0 0 4 0 -4 -4 -2 -4 2 0 2 2 2 0 0 1 -3 -2 -1 -4 -2 2 0 0 -4 -4 4 0 3 0 0 -2 0 4 -1 0 -1 -2 0 1 2 0 2 0 0 0 -2 0 -1 -2 2 -2 4 0 2 -1 -4 2 0 0 0 0 0 -2 -4 0 2 0 0 -2 0 4 -2 0 6 0 0 -3 0 2 -4 4 2 2 -2 2 2 -6 2 0 2 0 -2 2 -4 0 -2 1 0 0 0 -4 0 -3 2 0 0 -2 0 -3 0 0 -4 4 0 2 0 1 -2 -1 0 0 3 0 2 6 0 0 -2 4 0 2 0 0 4 0 0 0 2 -2 -2 2 0 1 0 2 0 4 2 0 0 0 0 2 0 -2 0 0 2 0 3 4 -2 2 0 3 -2 1 -4 0 0 -4 0 0 0 0 4 0 1 4 -4 0 0 0 2 -1 -4 0 6 0 0 0 0 1 -2 0 0 -6 -2 2 0 -3 -4 0 -1 1 -2 4 -2 0 -1 -4 0 0 1 0 0 0 -2 0 0 0 0 -1 0 -2 0 0 0 0 0 0 0 -6 0 4 -1 0 0 0 -2 -1 0 -2 0 0 0 0 0 10 0 4 0 -1 0 -4 0 6 0 0 0 0 0 0 0 -4 0 2 -4 4 -4 -4 0 4 0 0 45 -2 2 0 0 8 -4 0 0 0 0 -3 0 0 0 0 -2 0 0 0 4 1 -4 0 0 -2 1 0 0 1 -4 -4 0 0 -2 -1 -4 0 0 0 3 4 -6 0 0 0 0 -4
0 6 0 6 0 2 4 -2 -2 0 0 8 0 2 1 0 0 -4 7 6 -4 2 -4 4 0 0 4 8 1 0 0 0 0 0 4 0 -2 -4 2 0 4 0 2 -6 -2 1 2 -2 -2 1 -4 1 8 0 -4 0 0 2 11 -2 4 -4 2 6 -2 6 0 -2 0 0 0 -2 0 2 2 -4 0 -8 0 0 2 1 2 4 2 0 0 0 0 0 2 0 -2 2 0 0 -4 6 0 0 0 4 0 4 2 -2 -2 6 0 4 2 1 2 -3 0 0 4 -2 -1 4 0 -4 8 -4 0 0 -4 4 0 0 0 0 0 8 0 3 1 4 -4 -2 0 4 4 -4 0 2 -8 4 2 -4 1 -1 0 2 4 0 0 -3 -11 0 -7 -4 2 0 -8 0 -2 -2 0 -2 0 0 0 4 0 0 0 0 5 0 2 -1 1 -8 0 1 1 2 -2 2 0 0 4 4 2 -2 2 -6 -2 0 0 1 4 0 2 4 0 0 0 0 -4 2 0 0 -2 0 0 2 0 0 0 0 8 -2 0 -2 5 2 0 4 0 1 2 2 0 0 0 -4 -2 0 -2 0 2 0 4 0 0 2 -4 0 -1 -4 0 0 -4 4 0 -2 1 0 -9 0 3 2 4 0 0 0 -2 -4 4 0 0 -6 -4 0 4 0 4 0 4 0 2 -3 -4 0 -2 4 0 4 -2 0 0 -9 0 4 9 4 -1 0 3 1 4 0 0 -2 2 -8 0 2 0 2 -4 -2 -2 -2 0 0 0 2 -2 2 0 1 6 -4 5 -2 2 0 -2 -2 -1 0 -2 2 -6 4 11 -4 0 11 2 1 -2 0 -3 0 -2 0 0 2 -4 4 0 2 -4 0 2 0 -1 2 -2 75 6 0 -2 0 4 2 0 1 4 0 -1 -1 2 -4 0 -2 0 0 0 -4 4 0 0 0 0 0 4 1 2 -1 4 0 2 0 0 4 -4 0 0 3 -2 -1 -1 -2 4 0
4 -3 0 4 0 1 -4 0 0 0 4 3 0 0 -2 2 0 2 0 -2 0 -4 2 4 0 0 0 4 2 0 0 0 -6 -4 2 6 0 2 0 0 0 -6 0 0 2 0 0 0 0 0 0 -2 2 0 4 2 0 4 0 -8 2 0 0 2 2 2 -4 -2 0 0 4 4 -2 -3 4 2 0 -3 -2 2 0 0 -4 2 -8 0 3 2 4 3 4 0 0 0 4 -2 -2 -4 0 0 -4 -4 0 -4 1 0 2 0 -3 0 6 0 0 3 -2 -1 0 0 2 0 5 4 4 -2 0 0 0 0 0 8 0 0 0 4 0 -6 0 0 6 -8 -1 0 3 4 0 0 -4 7 4 -2 -8 6 -4 0 0 0 -6 0 -2 0 4 -2 4 0 1 0 -4 0 8 8 4 -2 0 -4 1 -2 4 3 4 4 -6 4 0 -2 -4 9 0 6 2 -2 -2 0 8 0 -1 0 4 0 4 6 6 4 0 0 0 -3 0 1 2 0 4 0 2 0 4 4 -2 2 0 0 -1 1 -4 0 0 4 -8 -4 0 0 0 2 0 0 6 -1 0 4 0 0 -6 -3 -8 0 4 -2 0 4 2 8 -1 -4 0 -6 8 6 0 0 2 0 0 4 -2 0 0 0 6 0 0 8 -2 4 0 0 2 0 6 0 0 -3 0 4 0 0 0 -4 0 -6 4 0 2 -4 2 0 0 0 -5 -2 -3 -4 -2 1 -4 0 0 -1 4 0 4 -2 2 0 0 4 -2 0 5 2 -2 0 -2 0 0 -1 6 0 -2 2 1 0 7 8 4 0 1 0 0 0 0 0 0 -1 1 0 2 -2 -4 -4 0 -4 -2 -2 0 0 0 4 2 -4 0 0 0 0 2 6 70 2 0 2 -5 3 0 0 0 0 -1 4 0 2 0 -6 0 0 4 2 1 -2 2 0 0 0 -2 0 0 -4 0 0 -2 4 0 0 2 2 8 0 5 0 0 0 0 0
0 0 -1 0 4 0 0 -4 0 -4 6 0 2 0 0 0 6 0 0 0 0 1 4 -4 0 0 1 0 -4 0 -4 -4 2 0 0 0 0 0 -2 0 0 0 -2 0 0 0 0 0 0 0 0 0 0 0 -1 2 0 -2 0 0 1 4 0 0 3 8 0 0 -2 0 0 0 0 0 0 0 0 0 -2 0 -2 0 0 0 -3 0 -2 0 8 0 1 2 0 0 -1 0 -1 0 0 0 -2 0 4 -1 0 0 0 0 0 0 0 0 0 -4 0 0 -2 0 0 0 2 0 -4 0 -1 0 0 4 0 2 -2 0 0 0 0 -2 0 -1 -2 -2 0 0 0 0 -2 1 0 2 -2 0 0 0 0 -4 0 2 -2 0 0 0 0 0 0 0 0 0 0 0 -2 1 -2 0 0 0 2 0 0 -2 2 0 0 0 0 0 0 0 -4 0 1 0 0 0 3 2 0 0 0 0 -6 -1 0 -4 6 2 -2 0 0 0 0 0 -4 -1 3 0 0 0 0 0 0 0 4 -2 0 0 -2 0 2 0 -2 8 0 -2 4 0 2 -4 0 -1 -4 4 -4 2 0 0 0 0 0 -2 5 0 -2 -2 0 -1 0 0 0 0 0 5 2 0 -3 0 -2 0 2 0 0 2 0 4 0 0 5 0 0 -5 0 0 -2 0 0 -2 -4 -2 0 2 0 0 0 -5 2 4 0 0 0 0 4 0 -1 0 4 -8 -2 -2 0 0 0 0 -6 0 2 0 0 0 0 -2 -2 2 0 2 -2 0 0 1 2 0 -2 -2 0 -4 -2 1 -2 0 0 0 0 2 0 -2 0 2 0 -1 0 0 4 -4 0 0 0 4 0 0 0 0 -2 4 0 0 0 0 2 33 0 0 0 0 0 8 0 0 0 0 -4 0 0 0 0 0 0 -2 0 0 0 4 -2 0 -6 4 -4 0 0 0 -2 3 -1 4 0 0 0 -2 -4 1 0 0 4 0
0 0 4 -4 -1 2 2 0 4 0 0 2 0 0 0 0 0 -2 -8 0 4 8 0 -1 2 4 0 0 0 0 0 0 2 0 4 0 -4 0 0 0 3 1 0 0 0 0 0 2 0 0 2 0 -1 -1 -2 0 0 2 -2 0 2 0 1 0 -1 0 0 0 0 0 0 2 0 1 -2 2 0 4 -4 -2 0 2 0 0 0 0 1 0 0 -4 -4 0 1 -2 0 0 0 0 0 -2 0 1 0 -1 0 -2 2 0 0 1 -2 5 2 4 0 0 0 0 0 1 -4 0 4 0 4 0 4 0 2 -4 0 0 0 2 -2 1 -2 -1 0 2 0 -2 -4 0 2 -2 1 0 0 1 1 -2 0 0 0 4 0 0 0 0 2 0 0 -4 0 0 0 1 -5 2 0 0 2 0 2 2 0 4 -2 0 0 5 2 0 0 0 0 0 0 5 0 2 0 0 -1 4 0 4 2 0 0 2 -2 2 0 0 0 -2 0 0 2 4 2 1 -4 0 2 0 0 4 0 0 8 -4 0 0 0 0 0 0 0 0 1 0 0 -1 0 0 0 -4 0 0 -1 0 2 2 0 -4 0 4 0 0 0 3 0 -2 -2 2 0 0 1 0 0 0 2 0 0 -2 1 0 0 0 -2 2 4 0 0 0 0 0 0 1 0 0 0 0 0 -10 0 0 -1 0 0 0 5 0 0 0 0 0 0 0 0 2 0 0 4 -6 0 0 2 -2 0 0 0 -2 0 0 0 0 0 0 3 -4 0 0 0 0 0 -2 0 0 4 0 -2 0 2 8 2 4 2 0 -2 -4 3 0 2 -2 -2 0 0 4 -4 0 -3 -2 -1 4 -1 2 2 0 0 -2 0 0 38 0 0 0 0 -2 0 2 0 0 -1 -2 4 -4 0 0 -2 2 2 0 0 0 2 4 1 -7 0 0 0 0 0 4 -1 -2 0 -2 1 0 0 0 0 0 2 -2
-6 -2 0 0 -2 2 2 -4 0 0 4 0 0 0 0 0 2 2 0 0 4 1 -2 6 0 2 4 0 -2 -2 0 0 -4 2 -1 0 0 0 0 4 0 4 -4 0 1 0 0 2 0 -2 0 -2 0 0 0 -1 0 -2 0 -6 0 0 2 0 -4 2 -2 0 0 -3 4 0 2 5 0 4 2 0 0 -1 0 0 0 -2 0 0 0 6 0 4 -1 0 -2 0 -2 0 2 0 0 0 0 0 0 0 0 0 3 2 -2 -2 3 -2 2 0 2 0 -1 0 0 0 0 0 0 0 0 -2 -1 2 0 4 0 0 0 4 0 -1 4 0 2 0 3 -4 -2 2 0 0 0 4 0 -4 0 -2 -2 0 0 -2 5 0 0 -2 0 0 -2 2 0 0 0 6 -1 6 2 0 -2 0 0 -1 4 1 0 6 0 -2 0 0 0 -2 0 -4 0 -4 -2 0 -4 0 1 -2 0 0 1 0 2 0 0 1 -2 0 2 -2 0 4 0 0 -2 0 0 0 5 0 0 2 -2 0 4 -2 0 0 -2 2 0 2 0 -2 0 0 4 1 0 0 8 -1 -4 -4 1 0 4 0 4 8 0 4 0 6 0 0 -2 1 2 0 0 0 0 1 0 -2 0 2 0 0 0 0 2 0 0 0 -2 0 2 0 -5 0 0 0 0 -4 0 1 0 1 -2 0 0 0 0 2 0 1 0 2 -1 0 0 0 -2 2 2 -4 0 0 -2 0 0 -2 -1 -6 4 -2 0 0 -4 0 2 -2 -2 0 -2 0 0 -2 0 -2 5 -4 0 -2 -2 10 1 0 0 0 0 1 0 0 0 0 0 0 0 4 2 4 -2 0 -4 2 0 -4 -2 0 -2 1 8 0 2 0 0 44 -6 -1 -2 4 0 0 0 0 0 3 2 -1 4 0 2 0 0 -2 0 0 6 0 4 -2 0 0 0 0 -2 0 -3 4 2 2 0 -2 2 0 -1 4 0 0
0 -2 0 -8 2 -1 0 0 -1 0 5 0 0 -3 -4 0 3 0 4 0 -5 0 1 0 4 2 -4 0 0 0 4 2 8 0 0 0 0 -2 -4 0 4 3 2 0 0 0 0 0 2 4 0 4 -5 0 4 0 -4 0 0 2 6 0 -9 0 0 0 -1 0 2 -4 0 6 -4 4 0 0 0 -2 0 0 -2 0 14 0 -2 4 0 -4 2 -1 0 0 -4 2 -2 -6 -3 -1 0 -2 3 4 -4 4 0 2 0 0 0 0 -4 2 0 4 -2 1 -4 0 2 2 3 2 2 2 0 0 0 0 0 -2 1 0 4 -4 0 8 -2 -1 -2 0 0 6 0 -9 2 2 0 0 -4 -1 0 0 0 2 0 -2 -8 0 4 0 0 0 0 1 -1 0 0 4 -2 0 0 -2 -3 1 -4 3 0 -1 0 -2 4 -2 0 2 -2 0 -2 0 -1 0 4 2 -2 0 0 1 0 0 7 2 0 2 0 0 1 -1 -1 2 0 -4 -1 -2 1 0 0 2 -2 0 -2 -6 -4 0 0 1 1 -3 0 -4 2 0 -1 2 1 -4 -8 4 0 4 -4 -4 0 0 6 8 0 2 2 0 3 0 -2 -4 -2 0 0 4 4 4 0 0 0 0 0 -2 -1 2 -2 -4 0 -4 0 0 -2 0 0 -2 -8 0 0 10 -1 4 0 0 0 4 0 2 4 0 0 0 0 0 0 -4 1 6 -2 4 0 0 0 0 2 -2 0 -2 1 -4 -2 0 4 4 0 0 -3 -1 0 -2 0 -4 0 1 0 0 4 0 0 -4 -2 -4 0 2 0 -1 0 0 0 -3 0 0 -2 -2 0 0 2 -1 1 2 0 -4 -2 -3 4 -2 -2 1 0 2 0 0 -4 4 -5 0 0 -6 57 0 0 -3 -1 0 0 -4 0 0 0 0 0 1 -4 -2 -1 2 4 0 0 -4 -3 0 -4 0 0 2 2 0 0 -2 4 0 2 2 -3 0 9 -8 4 -4
0 3 0 -2 0 -2 4 1 0 0 0 0 0 0 0 -4 0 0 0 -4 0 0 0 0 0 -4 2 0 0 4 0 0 -2 -2 0 -2 4 4 0 0 -2 0 -4 0 -1 2 0 2 0 0 2 -2 -2 0 0 0 0 2 0 0 1 0 -4 0 -4 2 -1 2 0 1 -4 0 1 0 0 1 0 0 2 0 2 2 -2 2 2 0 4 0 -4 0 3 0 0 2 0 0 0 0 4 0 4 0 0 2 0 0 -2 -6 5 0 4 0 -1 6 -2 -4 2 0 4 0 4 0 0 -4 0 2 -1 0 -2 0 -4 0 -4 4 -4 -5 0 0 0 -2 -3 0 0 0 0 0 0 2 0 -3 2 4 0 -2 0 8 0 2 -4 0 0 -1 0 4 0 -8 0 0 0 0 6 0 2 4 0 -4 0 -1 -2 4 0 2 0 -2 0 1 0 8 0 0 0 0 0 0 -1 0 0 2 0 10 0 0 -2 -1 0 0 2 0 -2 0 0 -4 0 0 0 0 0 2 1 0 0 4 3 0 0 0 0 2 0 0 0 -4 0 0 6 -2 0 0 0 0 -1 1 -4 3 0 0 2 0 0 0 -4 -2 0 0 0 -1 0 1 2 0 0 0 4 0 0 0 4 0 0 4 0 0 0 -2 0 -2 0 0 0 -4 0 0 0 0 -2 0 0 0 2 0 0 4 0 0 -4 0 0 0 -3 0 0 0 0 0 0 0 8 0 2 0 0 0 0 0 0 0 2 0 0 0 0 0 0 0 0 8 0 0 1 0 2 0 0 0 0 0 4 0 0 0 -2 5 0 2 0 1 5 0 0 0 -6 -6 0 0 0 0 -9 0 0 -2 0 0 0 2 3 0 0 -1 0 36 0 0 2 0 -4 0 -1 0 -2 0 0 0 0 0 4 0 0 2 4 2 0 6 6 0 0 0 0 0 7 0 2 0 0 0 -2 0 0 -1 4 0
0 -4 1 2 2 1 0 4 1 2 -4 0 0 0 0 0 0 0 0 -4 -2 6 0 -2 3 -4 -2 0 0 0 4 0 0 0 0 4 0 0 -4 -4 4 1 3 1 0 2 2 2 0 -1 -1 3 0 2 0 0 4 0 2 0 -6 0 0 2 4 0 0 0 0 0 -1 0 0 -3 2 0 0 0 -4 3 0 -2 0 4 1 -2 0 -6 3 -2 -4 0 5 6 -4 0 -4 4 0 0 0 0 0 -1 4 4 -2 4 0 0 4 -2 0 -2 -2 0 1 0 0 2 0 -4 0 -4 2 0 0 0 -4 0 0 0 0 4 1 0 0 2 4 0 3 0 0 0 -2 2 -4 0 1 4 4 0 0 -2 0 0 2 -4 -4 -3 -4 0 -5 -2 0 0 6 0 0 -2 4 -1 0 -1 0 -4 0 4 4 4 1 0 4 0 4 0 2 0 -1 0 -4 -4 0 1 0 4 0 0 -2 -2 2 -4 -4 0 2 0 1 3 0 0 4 0 4 0 2 -2 2 -4 0 2 0 0 0 0 -4 1 0 2 0 -8 -2 0 -4 -8 0 -2 -4 0 -4 4 -4 3 0 -2 2 0 2 2 0 0 1 2 4 0 -2 -4 0 8 0 6 0 0 2 -1 0 0 0 0 0 -2 0 -4 -4 -4 0 0 2 -2 2 -4 0 0 0 0 -2 -2 -4 0 0 -2 -6 0 0 -2 -2 1 10 -3 0 -2 -2 -2 1 0 1 -10 2 2 -2 2 0 0 0 0 0 6 -2 0 1 0 1 -6 -4 0 4 -2 0 -5 0 0 6 0 -2 1 0 0 0 -4 0 1 -4 0 2 0 1 -8 0 2 -2 0 -2 0 0 4 7 4 0 -2 -2 0 2 -6 0 0 0 0 0 -2 0 0 54 4 -4 0 0 0 2 0 -4 6 2 0 0 0 2 4 5 -2 1 0 4 0 0 0 0 0 0 0 1 0 0 0 8 0 -6 0 0 0 0 6
-5 0 5 1 0 -1 4 -3 -1 -8 0 0 6 0 2 1 0 0 1 0 4 2 0 -1 0 -2 -4 0 2 -7 -6 2 0 -4 -1 0 -4 0 -6 -2 4 -4 0 0 -2 0 0 -2 0 4 0 -7 0 0 0 -2 -10 -2 1 0 -4 0 0 -2 -4 0 0 -1 0 3 0 0 0 0 2 2 1 -2 -1 -4 5 0 -1 0 -2 0 0 1 6 0 0 0 1 4 -1 0 0 3 0 0 0 4 0 0 2 -4 3 -2 0 -2 5 0 0 -7 2 2 0 0 1 2 -2 0 0 -2 -1 0 -1 0 -2 0 0 0 2 0 2 2 4 0 3 4 -2 0 0 2 -4 0 -4 -4 -2 -2 -2 1 0 0 1 0 6 1 2 -4 -6 2 1 8 0 6 1 -4 0 2 3 0 -1 6 2 2 2 4 0 0 -2 -2 0 2 0 4 0 8 0 0 0 -2 0 -2 -2 -2 -2 -3 8 0 4 4 4 0 -2 -6 0 0 0 0 2 3 0 0 6 0 5 -4 0 -2 0 -2 4 -1 0 0 0 0 0 -2 0 1 -1 -4 2 0 1 -4 0 6 -3 0 0 -2 1 0 4 0 4 0 2 0 0 0 0 3 -2 -3 -1 0 0 -4 0 -2 0 -2 4 2 3 0 2 -6 0 2 -5 0 2 0 0 -8 0 0 -6 0 -1 -6 2 -4 2 -1 4 0 0 0 -1 0 1 0 0 0 -1 0 2 2 0 -4 0 0 0 0 2 0 0 -4 2 -3 -1 0 0 2 0 5 3 -2 -8 -2 2 -6 -4 -2 1 0 -4 -4 0 -2 -4 2 4 1 -4 0 4 4 0 0 -1 -2 -1 -2 0 0 0 2 0 0 0 -1 -4 0 -2 -2 0 1 0 8 -2 4 -3 0 4 59 0 0 1 0 0 0 0 -5 0 0 2 0 -4 0 4 -2 0 2 1 -2 4 0 2 0 0 -2 0 4 4 -1 1 -2 0 -1 5 -3 -4 4
-2 0 4 0 -5 0 1 0 0 1 -5 -1 4 0 0 0 0 -4 0 4 0 0 0 0 0 2 -4 0 4 6 0 -2 -2 0 2 2 4 4 -2 4 2 -4 1 8 -4 4 -2 -1 0 0 0 0 4 2 0 0 2 0 0 0 6 0 -2 -2 0 0 -2 0 0 0 0 -4 4 -2 4 0 -4 2 0 2 0 4 -2 -2 0 -4 4 0 0 -4 4 -1 0 -2 0 0 8 6 2 0 2 0 0 0 0 -4 0 -4 0 0 -2 -3 -2 0 -2 10 1 4 0 4 2 -2 -2 2 6 -2 1 0 0 -2 0 4 0 -4 -2 0 0 -2 0 0 0 -4 0 5 7 0 4 0 -2 -2 0 -6 0 4 0 0 -1 0 0 0 0 -2 -2 0 0 -6 0 -2 0 -2 0 0 0 0 -2 2 -2 0 0 -4 -6 2 -4 -2 2 2 0 0 1 -2 -4 -2 -3 0 0 -1 0 0 4 0 -2 4 0 -2 0 0 5 -1 0 -2 4 0 -4 1 0 0 6 4 -4 2 0 -2 4 0 1 0 -4 0 0 -2 1 -2 -1 8 2 0 0 0 0 6 0 6 0 -4 -2 2 2 0 3 4 0 -4 -2 0 -4 -8 0 0 0 0 0 -2 2 2 -2 0 4 4 -4 4 2 8 -2 1 2 0 -2 0 2 2 0 1 -2 -6 4 4 4 0 0 0 0 2 0 2 -2 0 0 2 -1 -2 1 0 4 0 -2 0 4 0 -2 2 -2 0 0 3 0 4 -2 0 0 4 3 0 2 0 0 -2 10 6 0 8 0 0 -4 4 0 4 5 -2 -7 -4 5 0 4 0 0 1 0 0 0 -2 -3 0 -6 -5 -4 6 -1 -8 2 -1 0 0 0 4 0 0 0 0 -1 2 -4 0 68 0 0 10 -2 -4 -2 2 0 3 2 0 5 2 -3 0 -2 -2 0 0 0 -2 0 1 -4 -2 9 3 -4 4 -4 4 0 2 4 -2 -4 0
-2 8 0 -4 0 -2 -4 4 0 0 -2 2 0 0 0 0 5 1 -2 2 0 0 2 0 0 0 -2 0 0 0 -2 0 0 -2 0 0 0 -2 -1 0 -2 0 2 -4 0 4 1 0 0 0 -4 0 0 0 0 0 0 0 2 0 -1 0 0 -6 1 0 -2 0 4 0 0 0 0 4 0 0 0 0 1 0 -4 2 4 2 0 1 -4 0 0 0 0 -1 0 0 1 0 0 -6 0 0 0 2 -2 2 0 0 -8 0 0 0 4 4 4 4 1 0 0 2 2 0 0 0 0 0 0 -2 0 0 0 0 0 0 2 2 0 -4 -1 2 0 -1 2 0 -2 0 -2 0 0 0 0 2 2 -4 -2 0 0 -2 -6 0 5 1 2 0 -2 2 1 0 0 0 0 0 0 0 -2 -4 2 0 0 -2 0 -2 1 0 0 -1 -2 0 -2 4 0 2 0 1 0 -1 0 0 0 4 -1 0 1 0 0 1 0 -4 2 0 2 0 0 0 0 0 0 0 -2 0 2 0 -8 0 -4 0 0 0 0 -4 1 4 0 2 0 -1 0 0 0 0 0 -2 0 4 0 -2 2 0 0 4 -2 0 -1 0 2 1 4 0 -4 2 0 0 -1 0 0 2 0 0 0 0 4 1 -2 0 1 2 -1 0 0 -7 2 0 2 0 7 4 2 0 -4 0 -2 0 4 -2 0 0 -10 4 2 -4 0 -6 0 0 0 0 -4 0 0 2 0 4 -2 4 -4 -1 4 4 0 0 0 0 0 -4 4 4 4 0 0 0 1 4 0 0 0 0 0 -4 0 -4 0 2 0 6 0 -4 2 -2 0 -4 -6 -4 0 0 0 0 -2 -3 6 0 6 -1 -4 2 -3 0 0 0 2 0 0 0 0 0 0 50 -1 0 0 -4 0 0 0 0 0 -2 2 0 0 0 4 0 2 -2 -2 1 0 -4 0 4 -4 4 0 0 0 0 1 -2 0 -6 0 6
2 2 2 -4 0 0 0 -1 -1 -2 -4 0 6 4 8 2 1 0 -1 1 0 0 2 -2 6 0 4 0 -2 0 0 2 2 0 0 0 2 -4 -2 5 0 -2 2 6 1 -7 2 0 -2 0 4 0 0 0 -1 0 -2 0 2 0 0 2 4 0 0 -2 0 0 0 0 0 6 0 2 0 -4 0 -1 -5 -2 1 -2 -2 9 1 0 2 0 6 4 4 -1 0 -10 0 -4 0 0 0 0 -4 0 0 1 8 0 -2 -6 4 -2 0 -1 0 -3 2 2 2 4 0 -4 2 0 0 0 2 0 0 0 0 4 2 0 7 2 0 0 0 0 0 2 2 2 0 0 -6 -4 0 0 6 -3 -8 6 0 2 1 0 0 1 -1 0 1 0 1 0 0 0 2 -6 0 0 0 0 4 0 -3 0 -2 8 2 -2 -1 0 1 0 -1 5 2 0 0 4 1 2 4 -1 2 0 -1 4 1 0 -2 0 2 0 -2 0 5 0 0 0 4 1 0 -2 2 0 2 2 0 0 1 0 0 -1 0 8 0 5 0 -10 4 2 1 -1 6 -2 2 -4 0 0 5 0 -2 2 0 0 0 0 0 -4 3 0 0 3 0 6 0 6 -6 0 -2 0 4 0 0 0 4 4 0 2 0 0 0 1 5 0 8 8 0 1 -4 0 -3 0 -1 0 0 2 0 0 6 2 4 0 0 4 0 -3 0 -4 -2 0 0 0 0 0 -4 0 0 2 6 0 0 -2 0 0 -2 0 -2 0 -1 0 4 0 -2 -3 4 0 -5 0 5 8 0 0 2 1 0 4 -2 0 2 -3 5 0 -2 4 0 0 0 0 0 0 4 0 0 0 4 2 0 1 0 0 0 -1 -1 0 0 0 0 -4 0 1 0 -1 53 0 2 -6 2 -1 -4 0 -2 0 -1 -2 2 2 -2 0 2 -2 0 0 4 0 -2 0 -4 0 2 -1 -6 4 -6 2 -3 0 0 0
0 0 -2 4 0 -4 4 -3 0 2 2 0 6 0 4 -4 0 0 0 0 0 0 4 0 0 0 0 1 -2 0 2 2 0 0 2 0 0 -4 1 0 -1 -4 6 12 0 4 0 1 0 0 -2 -4 0 4 -2 0 2 0 0 -3 0 0 -4 0 0 0 0 0 0 0 2 -3 0 -1 4 -1 0 -2 0 2 4 0 -4 4 0 -2 0 0 0 0 0 0 6 -6 4 -4 6 -4 3 -2 0 -1 0 0 0 0 0 -6 0 2 0 0 4 -5 -2 3 0 4 0 0 0 0 0 0 0 2 0 0 0 0 -4 2 0 0 -2 0 0 2 0 0 0 1 0 4 -4 -4 0 2 4 -2 -1 0 -4 0 0 -1 4 0 2 0 -2 0 -2 0 -2 0 -2 -4 -2 -4 -2 1 0 -2 0 1 0 0 -2 4 0 0 0 -2 0 -4 0 -2 0 0 0 0 -4 2 -4 5 4 -1 0 2 0 0 0 0 0 1 4 2 -1 0 8 -4 0 -2 -4 4 2 0 4 0 0 -4 -5 2 4 -2 -4 4 0 0 1 2 0 0 -2 -4 0 0 0 0 0 1 0 0 0 0 0 0 0 -6 1 -2 2 -4 0 0 4 2 -4 0 0 0 0 0 6 -6 0 4 0 4 0 0 2 2 -1 0 0 0 -2 -3 2 0 0 0 -2 0 -1 -4 -1 0 0 0 -2 -2 0 -1 4 -2 -4 0 4 -2 -4 -2 0 2 -4 2 -4 0 2 2 0 -1 3 4 0 0 -1 2 0 -2 -3 0 0 0 4 2 4 4 0 2 0 -2 0 -2 0 -2 -4 -2 0 -2 0 0 0 2 0 0 0 0 2 0 -4 2 2 8 0 -2 4 2 0 0 0 -1 4 0 0 0 -4 0 0 0 10 0 0 51 0 0 0 -1 2 -5 0 0 0 0 0 0 0 0 4 0 0 -8 0 0 0 4 0 2 0 0 4 4 -2 0 -2 1 -6 0
0 -1 0 2 2 4 2 0 2 0 -4 -1 0 0 0 1 0 0 0 0 0 0 -4 0 0 0 1 2 0 0 0 0 0 0 0 0 0 0 0 0 0 -4 0 0 0 0 -2 2 2 -2 -2 0 0 0 0 -2 0 0 2 0 2 0 6 0 -1 -2 0 0 -1 0 0 2 -1 0 0 -2 0 0 0 -4 0 0 0 -1 2 0 0 -1 0 0 2 2 0 0 0 0 -4 0 0 -4 0 0 0 0 0 4 -4 2 0 0 0 2 1 0 -4 6 0 0 0 0 4 -2 0 0 -3 0 0 1 0 0 0 0 0 6 -2 -2 0 -4 -4 0 0 2 0 0 -4 0 0 0 2 1 0 2 0 -2 0 -4 -2 0 2 -2 0 0 -1 0 0 2 0 -1 1 0 2 -2 0 -2 0 0 0 4 2 0 2 -8 0 0 0 0 0 0 0 0 0 0 0 0 1 1 0 0 4 0 0 0 0 -2 0 0 2 0 0 0 0 0 0 0 1 -4 0 0 0 0 0 0 0 0 0 0 0 0 -2 0 0 0 -5 -4 0 0 2 0 0 4 -1 -2 0 2 4 0 0 2 3 2 -4 2 0 -5 0 0 0 0 0 0 0 0 0 4 4 0 0 0 0 0 -4 -4 0 -2 5 0 2 2 -1 0 0 0 0 2 0 0 0 0 0 0 2 4 0 0 1 0 0 -2 0 0 -4 0 0 1 0 0 6 0 -2 0 0 0 -2 -2 0 4 0 -2 2 -2 4 0 2 0 4 0 4 2 0 0 0 0 -4 1 0 0 0 0 -2 0 0 4 0 0 -1 -2 -2 0 0 0 2 0 0 0 0 0 3 0 4 0 0 1 0 2 0 -4 -1 0 0 -1 2 0 -2 0 2 0 22 0 0 0 -1 0 2 0 0 0 0 -4 -2 0 0 1 4 -1 0 0 0 4 2 -2 0 0 0 0 -4 0 -4 1 -4 0
-2 -2 -2 0 0 0 -2 0 0 -6 4 2 2 0 -2 3 -2 2 2 -6 4 0 4 0 -2 0 0 0 -2 3 2 3 1 0 -4 -1 4 4 0 0 -2 -2 0 -4 6 2 -6 6 4 0 0 1 0 5 4 0 0 3 0 -2 0 -4 0 1 0 0 0 1 0 -4 0 -1 -1 0 0 4 -1 0 -2 1 1 -4 4 1 0 0 0 -2 0 0 0 1 0 2 4 0 2 -2 2 0 0 1 0 2 0 0 1 -2 2 -2 -3 -2 -4 5 -2 -6 -2 -4 4 0 -1 0 4 6 -4 -4 4 0 5 6 -2 -3 7 -2 4 -2 4 2 2 6 -2 -6 -7 0 0 4 0 0 0 6 1 2 0 2 0 4 0 -2 4 -2 -5 -6 2 2 -2 0 0 1 -1 2 -8 4 4 6 -1 -1 0 1 0 -1 0 2 4 4 4 -2 4 -2 4 -8 -2 0 4 0 3 0 2 4 -1 0 0 -4 6 6 0 2 0 5 0 0 -2 -2 1 0 0 0 0 -4 -2 -6 0 0 6 2 0 -4 6 4 0 -4 -1 -5 -4 2 -6 4 0 0 4 0 7 0 -2 4 0 3 -4 0 0 5 0 4 0 -2 -5 -8 3 0 0 0 4 2 -2 0 0 -4 2 -6 -4 -2 0 -3 4 0 0 0 0 -2 2 0 2 -3 8 2 0 2 0 0 0 -4 0 -2 -4 -1 0 1 -2 2 8 4 -1 4 -1 -2 -4 0 4 0 0 0 4 -2 2 -3 0 3 -2 2 -2 0 0 -3 0 -4 -2 2 0 0 8 -3 6 -4 2 -2 -4 2 1 -4 -1 4 0 0 -5 0 -1 -2 -6 -1 3 0 0 5 -2 1 2 4 2 0 -2 4 -1 0 0 -4 2 0 -2 3 0 0 0 0 -4 -4 -6 0 0 75 -1 2 0 0 0 0 4 -2 0 0 0 0 0 -2 1 0 -11 1 0 -2 4 0 1 2 4 4 4 -4 0 0 0 4
4 0 0 0 0 0 0 1 -2 0 0 0 0 0 0 1 0 -2 0 4 4 0 0 0 0 0 0 -2 0 0 4 0 4 0 0 1 0 -2 0 0 -2 0 -2 0 2 0 4 0 0 0 0 0 0 -4 0 0 0 0 0 0 1 4 0 0 0 0 4 0 0 -2 0 1 0 4 0 0 0 0 0 0 0 0 4 -4 4 0 0 0 0 4 0 -2 4 -4 0 0 0 0 0 -2 0 -2 0 0 -2 0 2 1 -2 0 0 -2 8 -1 -2 0 0 0 0 -2 1 0 2 4 0 -4 2 0 -2 0 0 0 0 2 2 0 0 4 0 2 -2 1 0 0 2 2 0 2 -4 2 0 0 0 0 0 0 0 0 0 0 0 0 0 0 0 0 0 0 0 2 0 -4 -2 2 4 0 0 2 -3 -1 0 0 -4 2 0 0 0 0 -2 0 0 0 0 0 0 0 4 2 3 -2 0 0 0 2 0 0 0 6 4 4 4 2 1 0 0 0 0 0 0 0 0 0 0 0 4 1 0 -4 0 0 0 1 0 -2 4 4 0 0 0 0 0 -2 0 0 0 0 0 0 0 0 0 4 0 0 0 0 1 -4 -2 -4 0 0 -2 4 0 0 2 0 0 0 0 0 0 0 0 0 0 0 -2 0 0 0 -2 0 -2 -3 0 2 0 0 0 0 0 0 0 0 0 -4 0 2 -2 0 0 0 0 0 0 0 0 0 0 -2 0 -6 0 0 -4 0 0 0 -2 0 0 0 0 0 1 1 2 2 -4 2 0 0 0 -2 0 4 4 0 0 4 -4 0 0 -2 -4 0 0 0 4 -2 -2 -1 0 0 0 0 0 0 0 0 -2 0 0 0 4 2 0 -2 -4 0 -2 0 2 0 0 -1 27 -1 2 0 0 -4 -2 0 0 -2 0 4 0 0 0 0 0 -2 0 0 -2 0 0 0 0 0 -1 0 0 0 0 0
-2 4 -8 0 0 -4 0 -1 1 6 2 0 -2 2 0 1 0 2 4 0 -2 0 -2 -6 0 -2 -6 5 -2 4 0 0 1 0 -2 -1 14 0 0 0 -2 0 2 2 -4 4 0 6 4 -8 -4 0 0 4 0 0 2 0 0 0 -1 0 8 0 0 0 1 0 2 -2 -2 -1 0 1 -4 -4 -4 0 0 -2 -1 0 0 2 -2 2 0 0 0 -2 4 0 0 0 0 0 4 0 -2 0 0 -4 0 0 0 0 2 0 0 0 1 0 0 0 1 -3 0 -8 0 4 3 -8 0 0 0 0 0 3 2 -4 0 -4 -4 0 -4 0 0 -4 3 0 8 0 0 0 2 2 2 0 0 6 0 4 0 -2 1 2 0 0 0 -2 0 0 -2 0 4 4 0 2 3 0 0 0 0 4 0 0 2 -2 4 -3 8 -4 0 -2 2 0 0 0 -2 -2 -4 0 0 0 5 4 2 0 -1 16 0 0 2 0 0 0 2 0 -2 0 2 -1 -1 4 0 0 0 0 0 0 0 4 -4 9 0 2 0 2 0 0 0 2 2 2 4 0 0 -2 0 0 6 0 -2 4 -2 -2 4 -2 -4 4 4 0 0 -2 0 0 -1 -2 -2 4 8 0 -4 0 2 0 0 0 0 0 0 0 0 0 2 0 0 0 0 0 0 2 0 -4 5 2 0 0 -2 -2 0 0 0 2 0 2 6 2 -2 2 5 0 0 6 -3 -4 0 2 0 0 0 0 0 0 1 3 0 -2 -5 0 2 0 0 4 2 0 2 0 2 2 -2 0 0 -4 0 0 5 -4 -2 2 0 4 -2 -4 6 -2 2 4 0 0 2 2 0 1 0 0 4 2 4 0 0 2 0 -2 -6 0 -4 -1 0 0 6 -5 2 0 -1 -1 0 2 -1 70 2 6 -2 0 2 0 0 2 4 0 4 4 -4 2 0 0 0 0 0 0 0 3 0 2 0 0 0 1 0 -2
0 0 0 -2 0 0 0 0 0 0 -2 0 0 0 -4 0 4 -2 0 2 0 -4 0 0 0 0 0 2 2 0 -2 0 0 -2 0 0 0 0 1 -4 4 6 0 1 0 0 0 2 3 0 2 1 0 0 -5 0 0 -2 3 0 1 -1 0 -4 3 0 -2 -1 -3 0 -1 0 0 2 0 0 -2 0 0 0 2 0 0 1 -1 2 -2 0 -2 0 0 0 0 -3 0 4 0 -2 2 0 0 -4 0 4 -2 2 2 4 0 0 2 -2 -2 -2 -2 1 0 0 -2 -1 0 0 0 2 0 2 0 0 -2 0 -2 -2 -4 -2 0 0 0 0 2 0 0 -3 0 1 2 0 -2 0 0 2 0 0 -4 0 0 -1 0 0 0 2 0 -5 -4 0 2 0 4 2 2 0 0 0 -2 1 0 2 0 0 -1 -2 0 0 -2 0 0 -6 1 0 2 0 -2 -2 -2 -1 0 -1 0 2 -1 0 -1 -4 0 0 -2 1 0 -2 0 0 4 0 0 0 0 4 4 0 0 0 0 0 0 1 0 -2 -1 2 0 0 -5 -2 1 2 3 2 0 -3 -2 -2 0 0 -2 -2 -2 0 0 0 4 -2 -1 0 0 0 -2 0 -1 -2 -2 -2 -1 0 1 0 2 0 0 0 2 0 2 0 2 0 2 0 0 0 -4 0 2 -2 -6 -2 -2 1 -4 3 0 0 0 0 0 0 0 -2 0 0 -1 0 0 -2 0 1 0 0 0 0 -2 0 -1 0 0 -4 0 0 0 2 -2 -4 0 -6 1 0 -3 2 2 -2 0 2 -2 -4 0 0 -2 4 0 0 0 0 0 2 -2 2 0 2 0 4 0 4 -2 0 -1 0 8 0 0 1 0 2 0 0 0 0 0 0 0 4 0 0 2 0 0 0 -4 2 -1 0 2 2 34 0 0 0 2 -2 0 2 3 0 -6 1 0 -7 -2 -1 0 -2 0 0 0 0 6 2 1 0 5 4 -4 4
4 2 2 0 0 0 0 -2 4 -2 2 1 2 2 0 6 0 2 0 -2 0 4 0 -2 0 -1 4 0 2 -1 0 0 4 1 0 -8 6 0 0 0 1 0 -3 0 0 2 0 0 0 0 2 0 0 0 0 0 0 2 -4 0 0 0 0 4 0 0 0 2 0 0 0 -1 4 1 2 3 -2 2 0 0 0 4 0 0 -2 0 0 -2 0 0 0 0 4 0 0 -2 0 4 -1 0 0 -6 -2 0 0 0 4 0 0 0 0 2 0 0 2 -2 0 0 2 0 0 2 1 0 0 2 0 0 5 0 1 -2 0 0 2 0 0 2 -2 4 0 0 0 3 4 0 0 0 0 2 -1 4 2 4 2 1 -8 2 0 0 0 0 -2 0 3 2 2 0 -2 -1 4 -4 0 2 -2 -1 2 0 2 2 -4 0 0 0 2 1 -2 2 0 0 0 0 -5 0 0 0 -2 -2 -4 4 0 0 0 0 0 4 2 0 2 4 0 4 -6 -2 0 0 0 0 2 0 2 0 0 0 0 0 0 4 -2 0 -1 0 -3 0 -4 1 0 -2 0 0 -4 4 0 2 0 -1 0 0 -1 0 6 -2 -2 0 4 0 0 4 0 0 -1 1 0 4 0 -2 -2 0 0 0 0 2 2 2 1 0 4 0 -2 0 0 -4 0 -3 7 0 0 0 3 -1 2 1 -2 5 0 -1 0 1 0 2 4 0 1 0 0 4 6 0 4 0 0 0 0 0 -4 0 0 -4 0 2 -2 0 4 0 2 0 0 4 2 -4 0 0 0 0 0 0 0 0 -2 0 0 4 0 0 2 4 2 0 0 2 0 0 2 5 0 4 -2 2 -2 2 0 0 0 0 0 0 0 0 1 0 0 0 3 0 0 -5 0 0 0 6 0 38 0 0 -5 0 0 2 -1 2 -4 -2 0 0 0 2 0 2 -2 0 0 0 0 0 2 4 0 0 4 0
0 -3 0 4 0 2 -6 -6 -2 2 0 -2 8 0 4 2 -2 0 1 0 -2 4 0 1 0 0 0 0 0 -4 4 0 -8 0 -3 0 6 0 0 -4 -4 0 -4 4 2 -2 2 4 0 -4 0 4 0 0 4 0 -6 0 11 -1 -1 2 4 0 4 0 0 -2 -2 0 0 -4 0 0 -3 -8 2 0 0 0 2 0 -4 -4 2 -2 -2 -1 0 -4 0 0 0 0 0 0 2 0 4 0 0 0 0 2 2 -2 3 0 2 2 4 0 0 -2 2 2 0 4 -1 1 8 0 -10 -2 -1 0 -4 -4 -2 -2 4 0 -2 4 0 -2 -4 0 0 0 0 6 0 0 -2 4 -4 0 0 0 -2 0 0 0 4 0 0 9 -4 4 0 -4 2 2 0 0 -4 4 0 0 0 2 -2 4 -4 0 0 4 4 0 -4 0 -4 0 -4 -4 0 -4 0 -2 0 0 0 0 2 0 0 1 0 0 -4 -2 4 4 0 2 0 -8 0 -4 1 2 0 0 0 -2 4 4 -4 6 0 0 2 -2 0 0 -2 2 0 0 4 0 3 -2 4 0 0 0 4 0 0 1 10 -4 3 -2 2 0 -4 0 -4 4 0 0 8 2 -4 -6 0 0 -5 0 4 4 0 0 2 -2 2 0 -4 12 2 0 -2 0 -6 0 2 -6 0 0 0 0 -10 -2 3 0 2 -7 -4 0 0 2 0 4 1 0 0 -4 0 -2 0 0 -4 0 0 0 0 -4 3 0 2 0 0 4 0 -2 0 0 0 -1 0 0 0 0 0 3 2 -4 -5 0 -4 0 0 2 0 -2 1 -4 -2 4 0 2 0 6 -4 0 0 -2 0 0 2 2 0 -2 0 -4 0 -4 -2 0 4 0 4 0 -2 2 -4 0 0 2 2 0 -2 0 2 0 0 -2 0 0 70 0 0 4 0 4 -4 -4 0 8 0 0 -2 -2 -2 0 0 4 -4 -2 2 0 4 1 -2 4 4 0
0 2 6 4 0 0 4 0 2 2 0 -2 0 0 0 2 -4 0 0 2 -4 -1 0 0 0 0 4 0 -4 0 2 0 2 -2 0 -1 -2 1 2 0 -2 -1 -4 -2 -2 0 -4 0 0 0 1 0 2 -2 0 0 -1 1 -2 0 0 -2 0 0 -1 0 -2 0 0 0 0 2 0 0 0 0 -4 0 0 8 -4 0 0 2 1 0 0 0 -2 0 0 2 0 4 2 0 0 4 0 0 0 0 0 -2 0 2 0 -2 0 -6 0 -4 -8 2 -2 2 4 0 0 0 -2 0 -4 -4 0 0 0 0 4 4 0 0 2 0 1 -1 2 -2 -2 0 0 0 0 2 2 -8 -1 2 -5 -4 -1 0 0 2 0 2 -4 0 0 0 0 1 0 2 0 0 -6 0 0 0 0 0 2 -2 -1 0 -4 0 0 -2 -4 1 0 -2 0 5 -2 2 0 0 0 0 4 3 0 8 0 0 2 0 0 -1 -2 0 1 -4 2 0 0 0 -4 -4 0 2 -2 -2 0 -4 0 0 0 1 -2 0 0 2 0 0 -2 -2 0 0 2 0 0 -2 -2 0 4 0 0 0 -4 0 0 4 -4 -4 0 0 1 0 0 -2 -4 -2 0 0 2 4 2 -4 -2 0 0 0 0 -2 -4 2 0 0 -1 4 4 0 0 -2 2 3 0 0 0 0 4 -1 -1 -3 0 0 3 4 0 -2 4 0 -6 -1 0 0 6 0 0 5 0 -4 0 4 2 2 0 0 0 0 -4 0 0 2 0 2 2 -1 2 -1 -2 0 -5 4 6 -4 -6 2 -2 0 0 0 4 0 -2 2 0 0 0 0 0 -1 0 0 0 5 -8 0 0 0 0 2 2 1 -1 -2 4 0 1 -4 2 -2 2 0 -2 0 0 0 0 -2 0 0 0 0 -4 0 0 0 0 50 2 0 2 0 0 4 0 0 0 0 -6 0 4 0 -6 0 0 0 8 0 0 0 -4 -1 -4 0
-4 11 4 2 0 -2 2 4 -4 0 -2 1 0 0 0 0 0 2 -6 0 0 4 0 0 -2 0 0 -2 -2 8 -2 2 -4 0 4 4 0 0 0 0 -1 4 0 -1 -2 0 4 8 4 2 -2 0 0 0 -2 0 0 0 0 0 -4 -6 0 -2 -4 0 0 -2 0 6 0 4 -8 0 4 -2 0 0 -4 2 2 0 4 2 -2 0 1 0 0 0 14 4 2 2 0 0 2 0 0 0 0 0 -1 0 4 0 -6 -2 0 0 4 -2 2 0 0 -8 6 4 -2 0 -2 2 -2 0 0 -4 -4 0 -6 0 0 0 0 2 0 2 -4 -4 0 0 -1 0 0 1 1 0 2 0 2 4 4 -4 0 0 4 5 4 -2 2 0 -5 -2 -1 6 -1 -4 6 0 -2 -2 0 2 2 -2 0 -1 0 2 -2 -4 -1 0 0 -2 -2 0 -4 0 4 -2 -1 0 1 6 4 3 0 0 0 4 0 1 0 0 0 0 0 0 0 0 -2 4 0 2 -4 2 4 0 -2 2 0 4 2 4 0 -6 -6 -4 0 0 1 -2 -1 3 0 -1 -4 -4 2 0 -2 2 -2 -2 2 0 0 -4 -3 0 0 2 4 0 0 -8 -2 -2 2 4 6 0 0 -8 0 0 4 2 0 2 0 0 2 0 -2 0 0 -6 0 0 6 0 6 4 0 0 0 0 2 0 1 0 2 0 -2 2 0 0 4 0 2 0 0 2 2 -1 4 -5 0 -2 0 0 4 -4 0 0 -2 0 -2 -4 1 0 2 -2 6 4 0 0 -2 0 2 -2 -2 0 0 -1 0 2 -2 0 0 2 -3 -4 1 0 2 0 0 -2 0 0 0 -1 0 4 0 0 2 -2 4 -2 -4 4 1 0 2 0 -1 4 2 -4 5 2 -1 0 0 4 -2 2 2 -5 0 2 67 0 0 0 0 -2 -4 -1 0 4 0 -1 0 2 6 0 -4 0 4 2 -1 0 1 0 -4 1
0 0 0 0 2 1 0 0 2 0 0 -4 4 -2 -4 2 -4 0 0 0 0 -2 -2 0 0 0 4 -4 0 0 0 0 0 0 -2 0 0 0 0 0 0 0 0 4 0 0 -4 4 -1 0 0 0 0 -2 0 -4 0 0 -4 0 0 0 0 2 0 0 0 0 0 0 2 4 2 4 0 0 0 0 0 6 -4 0 0 -6 0 -4 -7 0 4 0 0 0 -2 0 0 4 0 0 0 0 2 -2 0 0 4 0 0 -4 9 -6 0 0 0 4 4 2 -2 0 0 0 -2 0 -4 0 -2 -6 2 0 0 0 -2 -2 4 4 2 0 0 0 0 0 0 -2 2 4 -1 2 2 0 0 0 -2 2 0 0 0 0 0 -1 -6 2 0 1 -4 0 0 -2 -6 -1 0 4 0 0 0 -1 -2 6 0 -2 -2 0 0 4 -2 -2 -4 -2 -2 0 -2 -1 4 0 0 0 0 4 -4 2 -2 4 0 -1 0 0 0 -6 0 -2 2 -8 4 2 2 0 0 -2 2 2 0 0 0 0 0 0 4 0 0 0 0 0 -2 0 0 0 0 -4 0 0 2 4 6 4 7 0 5 0 0 0 0 3 -2 0 0 0 2 0 0 0 0 0 -2 0 2 -4 0 0 -4 0 -2 0 0 2 -4 0 4 0 0 0 4 1 3 2 4 4 -2 2 1 7 0 0 -2 -1 0 1 0 0 4 0 2 0 2 0 3 0 2 0 0 0 0 -4 0 0 0 -4 0 0 -2 0 -6 2 0 0 0 2 0 -4 2 0 0 0 -2 4 4 -3 -2 0 2 -2 0 0 2 0 5 -6 0 0 10 0 0 -1 2 0 0 2 0 -1 -6 0 0 0 0 2 0 0 -2 0 0 -2 2 0 4 0 2 0 -2 0 0 -2 0 0 -2 0 4 0 0 45 4 0 0 -2 0 1 0 -2 -2 -4 0 0 2 2 2 -4 2 0 -2 0 1 0 0 0
3 0 -2 5 0 1 0 -2 0 -1 0 -2 0 2 -2 3 2 0 2 0 -1 0 0 -4 0 0 0 0 0 0 2 1 0 -4 0 0 4 4 0 -6 8 0 0 0 0 -2 6 0 0 2 2 2 0 2 0 0 2 0 5 0 -4 0 0 0 0 0 -4 -2 0 0 1 4 -2 -1 4 -2 0 0 -1 1 0 -2 2 0 -4 2 0 0 -1 2 0 4 0 -2 0 0 -7 1 0 0 -2 0 -4 0 0 -2 0 0 0 -7 -5 0 -4 0 0 2 2 -4 0 -2 -2 6 7 0 0 4 5 2 0 3 1 0 0 3 2 0 4 0 3 2 0 2 -2 4 0 4 -4 -2 6 0 -2 0 -2 0 0 4 2 0 4 0 4 0 3 0 -4 0 4 0 2 0 -4 0 0 0 0 4 -2 -2 2 -4 -4 0 0 -4 -4 4 0 -4 0 0 0 0 -4 0 0 2 0 0 12 6 4 -2 0 0 0 -4 -2 -4 -2 0 0 0 0 0 2 0 0 -8 5 2 0 2 -2 0 1 0 0 0 0 -4 0 -2 0 -5 4 -1 0 1 -2 0 6 -4 4 1 0 0 0 -2 -4 0 0 2 0 0 0 0 4 0 0 0 0 2 0 0 4 2 -4 0 2 0 0 -4 0 0 -2 0 0 -2 -2 -4 -4 -2 2 0 0 -2 0 0 -4 0 -2 0 4 8 -3 0 -2 2 0 -2 -1 -3 0 0 4 -4 2 0 0 -5 -2 0 0 0 4 0 -6 -4 4 0 2 0 2 2 0 -2 2 2 3 0 0 2 0 0 -2 -2 0 2 0 -2 0 0 -2 0 0 0 4 -4 0 -2 0 -2 0 0 -1 0 2 4 -2 6 0 -4 0 0 2 0 0 0 4 0 5 4 -3 0 2 0 0 0 0 0 0 0 0 2 0 4 52 -4 -4 -2 2 0 0 -8 0 -1 4 0 4 0 4 0 -1 0 -2 -1 -4 0 0 0
0 0 -4 -4 4 0 0 -2 2 -4 2 0 2 0 0 -2 0 4 2 0 0 4 4 0 -4 0 2 4 2 0 -4 0 0 0 -2 -3 0 2 0 0 0 0 0 8 4 0 -1 7 0 0 7 0 -2 0 0 0 0 -2 2 0 -2 0 0 0 0 0 -4 -2 -4 2 -2 -2 0 0 -4 -5 0 -4 0 0 0 1 -1 0 0 4 -1 2 -2 8 4 0 2 -8 -4 0 0 0 0 0 0 -6 -4 0 0 0 -2 0 0 0 1 -4 0 4 -1 2 0 12 -2 0 -2 0 0 2 0 0 0 0 0 -1 -2 0 0 2 -2 -2 -2 2 -6 -8 0 -1 4 0 0 4 0 0 -4 0 -1 0 0 0 0 0 0 -3 0 4 0 -4 0 -4 0 0 2 0 -2 0 4 0 -2 -4 0 -4 2 -2 -1 2 0 0 0 -4 0 0 -4 4 2 2 0 7 0 0 4 4 0 0 -6 -2 -2 2 5 2 0 2 0 2 0 0 -6 2 -2 0 2 4 -2 8 0 0 0 -4 -10 4 0 4 4 4 0 4 0 0 0 4 7 0 0 0 4 2 0 4 0 0 -4 -5 0 0 4 0 2 -2 0 0 -2 -3 -6 2 -2 0 2 0 2 0 0 0 0 0 4 0 0 5 -2 -1 6 0 2 0 10 -4 -2 0 -2 -2 4 4 0 -4 6 4 4 -4 8 -4 2 0 0 0 0 -4 2 6 4 0 0 0 0 2 -4 -4 2 4 2 -2 0 0 2 4 0 4 0 4 -2 0 -4 0 -2 4 1 0 2 4 0 2 -4 -2 0 0 0 0 0 0 2 4 -2 0 0 0 0 0 0 0 0 2 0 0 -2 4 4 -4 2 0 -2 0 0 4 0 0 0 2 -2 -2 0 0 2 0 -4 0 -2 2 2 2 4 0 0 0 -4 53 -4 0 0 0 -4 0 1 0 0 4 0 0 1 5 2 0 0 0 -2 0 6 0
-4 2 -2 -1 3 -4 0 0 0 0 -1 0 0 0 0 0 -2 1 0 4 2 -8 2 14 2 1 5 -2 -2 -2 -3 0 -8 4 -2 -4 2 0 0 4 -1 0 2 1 0 8 -1 -2 0 4 -6 -3 1 -2 -2 -2 0 -2 0 -4 0 -1 0 2 -2 2 0 -1 0 0 -2 4 8 0 -4 4 0 0 9 4 0 0 4 0 -2 0 -1 -2 5 -3 0 0 -2 4 -1 3 6 -3 2 0 8 0 -1 2 0 0 0 -4 0 2 2 8 0 -2 8 2 0 -4 0 0 2 0 -8 0 -2 0 -4 4 0 -3 -4 0 -2 2 -2 1 1 -2 0 -1 0 2 0 4 0 0 -4 -3 -1 -11 6 0 -1 6 -2 4 6 -2 -6 -6 0 2 0 2 3 0 6 7 -2 9 0 6 -17 -4 0 5 1 -4 0 -2 -6 0 -1 1 -2 4 8 4 3 0 -6 0 -2 -3 -2 -1 0 1 2 -4 -1 4 0 3 0 -4 -1 4 1 0 2 2 0 0 3 0 0 -4 -2 1 0 0 2 -5 0 5 -4 1 4 6 -12 0 0 -5 6 3 0 2 0 -2 4 0 2 6 -2 4 3 6 0 -14 5 2 -2 -3 6 0 -2 0 2 2 4 0 10 4 2 -4 -4 1 0 6 2 0 0 -2 -4 0 0 2 -2 0 0 12 0 12 4 -4 2 -2 1 0 -4 0 0 -3 0 5 0 10 0 -2 -4 0 -2 10 5 -8 -3 7 4 -4 5 3 -2 -2 0 -1 8 -2 -4 -2 3 -2 -11 0 -4 4 4 3 2 -2 -2 -4 -1 -5 0 -2 2 0 0 -1 3 0 0 -4 -4 7 0 1 2 6 0 4 0 1 0 -1 0 -4 4 -6 0 4 1 0 0 -2 2 6 0 4 1 0 -2 4 -2 0 -2 0 0 4 3 -1 -4 0 0 0 -4 -4 90 4 6 0 -6 8 -1 -2 0 4 0 0 2 4 0 0 0 4 0 4 -2 2
4 4 12 0 0 0 0 0 2 0 -1 0 1 2 2 -2 0 0 0 2 2 4 -4 0 0 -2 0 0 0 -2 -4 2 0 0 -1 0 -4 0 0 0 3 0 2 0 0 2 -4 -1 -6 0 0 -4 0 -4 -4 -4 2 0 0 0 8 4 0 2 0 4 2 -2 0 0 0 -2 2 4 0 2 0 0 1 0 -1 0 0 4 4 2 0 0 0 4 -1 0 0 0 0 0 0 0 0 0 0 -2 0 2 0 0 0 -4 -2 1 -1 -2 -2 0 -5 2 0 0 0 0 -4 2 3 0 -1 3 6 0 0 2 -2 -2 -4 2 -4 0 4 -4 0 1 0 0 -4 0 6 0 0 0 8 -2 4 0 4 4 1 0 -4 2 -2 0 4 0 -2 0 -2 0 -4 0 -2 0 0 -4 0 -1 0 -1 0 2 -2 -4 0 -2 0 1 1 0 -2 0 -2 2 0 0 2 0 0 0 2 4 0 0 0 0 0 0 0 2 -2 2 -4 6 0 0 4 2 4 0 5 0 -1 -4 4 0 4 0 -2 3 0 0 -4 0 0 0 0 2 1 0 2 0 0 0 -3 0 0 -4 0 2 -4 0 2 0 0 0 0 2 0 0 0 1 2 0 0 0 -4 0 0 0 0 0 -4 0 0 0 -3 0 0 0 5 0 -2 0 -5 0 2 -2 -4 0 0 0 2 0 4 5 -4 0 2 2 0 -4 0 0 0 0 0 0 0 0 6 -4 4 4 0 1 -2 -6 -4 0 -1 -4 -2 2 -2 4 0 1 0 -1 -1 0 0 0 -1 0 1 4 0 -2 -1 0 4 2 0 4 0 0 -3 0 -2 -2 0 4 0 0 4 0 -4 4 5 0 -2 -3 0 0 0 0 0 0 4 0 -4 2 0 2 -2 0 0 0 0 0 4 0 0 2 -4 4 -2 -2 -2 0 4 46 0 0 1 2 0 2 0 0 -4 0 5 2 2 1 0 1 0 -2 0 -4
0 0 -6 0 -3 2 2 0 0 0 -2 0 4 0 0 1 0 0 4 4 5 6 0 0 0 2 0 0 4 -2 4 4 4 0 4 4 0 0 0 0 -1 -3 0 0 0 -4 1 -4 0 0 0 0 -1 3 -2 0 0 0 6 2 2 -4 1 4 0 -4 0 1 4 -2 -1 2 2 1 2 0 0 -1 -2 0 0 2 -2 0 6 -2 1 4 2 1 -2 0 -7 0 0 0 2 5 4 0 0 0 0 -2 0 -4 -2 -4 0 1 0 0 -3 0 0 0 4 0 2 -1 0 -4 0 0 -2 0 0 4 2 4 0 0 -2 12 0 1 0 2 4 0 0 -4 -2 -2 4 0 0 0 -1 -7 -2 0 0 0 0 0 0 0 0 -6 2 0 2 0 -6 4 8 2 -3 -4 0 0 2 -4 2 2 0 0 0 6 -2 1 0 0 -6 0 4 0 -2 0 -4 -2 -2 -2 0 0 0 0 -2 -2 -6 9 0 0 4 -1 -2 4 -1 0 0 0 4 1 2 0 0 0 0 2 0 0 0 0 0 6 6 4 2 -18 0 0 -2 0 2 -4 2 4 4 0 0 -6 -2 4 2 0 0 0 0 -4 0 -6 0 -1 4 -4 2 0 -4 0 -2 0 0 0 4 0 0 2 0 0 0 0 -4 -4 2 0 0 0 2 -4 0 0 4 0 -4 0 0 0 -4 0 -2 0 0 -4 2 4 6 0 -6 -4 4 0 0 8 0 -4 0 2 -4 4 8 4 -4 -4 0 0 0 -4 0 0 -2 0 0 0 0 -2 2 0 -4 3 0 2 0 0 0 -4 -2 0 2 -1 0 5 -1 4 -1 -4 2 -4 1 -4 0 -1 2 0 -2 -6 2 1 2 -2 0 0 0 4 -2 -6 1 4 -3 0 4 1 0 2 2 4 0 0 0 4 -6 -4 0 0 -4 0 2 0 6 0 61 -4 -4 -2 0 0 0 -6 0 -2 0 0 -4 4 0 4 -5 -2 -2 4
-1 0 -2 -1 0 -2 4 -8 0 2 2 -3 0 -2 0 -2 -3 -2 6 0 0 0 0 0 0 -5 0 0 0 1 -1 0 -2 -4 -4 3 0 0 0 0 -1 0 0 4 4 0 0 4 0 -1 -1 0 0 0 2 0 0 0 2 -2 0 4 0 0 -1 4 4 -6 4 3 0 2 0 0 0 -2 0 8 0 0 0 -2 0 -2 0 -4 -1 4 0 -2 0 0 0 2 2 0 0 0 2 0 0 -2 4 0 0 5 -2 0 0 0 0 0 2 -2 0 5 0 4 0 0 1 0 -2 0 0 0 0 0 -2 0 0 0 0 4 -2 0 -4 -2 8 0 -2 4 -2 3 -1 2 0 0 4 1 0 0 0 -4 0 -4 0 -2 0 2 0 -4 0 0 -4 -2 2 3 2 3 8 0 -3 -1 -6 0 -4 2 2 1 0 0 -4 2 0 -2 0 4 0 -2 0 -4 0 0 1 2 0 2 -1 3 0 -4 2 -2 0 0 0 0 -4 0 0 -4 2 0 -2 0 0 0 -4 0 0 0 -2 0 0 0 1 0 2 4 -2 2 0 2 4 0 0 -1 4 4 -2 0 -4 -2 -4 0 -1 0 4 1 0 0 0 -2 0 0 0 -4 0 0 0 -2 3 0 0 0 0 0 1 -2 0 -1 0 -2 0 3 0 0 4 0 0 0 -6 -2 -6 0 0 6 -3 0 -2 0 -4 4 -2 -2 -1 2 4 -3 0 4 2 -8 0 -2 2 1 5 0 -2 -4 0 2 -4 -4 0 -4 0 0 0 0 -3 2 -1 0 1 -1 2 0 -2 -4 -2 0 0 -1 8 -2 0 0 0 2 -1 -2 0 0 2 0 0 0 -2 4 0 0 2 -2 3 -4 2 6 0 -4 1 1 0 4 -7 -2 0 6 0 -2 0 -2 -2 0 1 -2 0 4 1 -2 8 0 -1 1 0 0 0 0 -4 40 0 0 -2 0 0 -2 -2 2 0 0 2 1 0 0 1 0 4 -1
0 0 4 0 -7 2 -2 0 0 -4 -4 0 -1 -2 0 0 -4 4 0 0 4 0 -6 0 0 0 4 2 4 0 0 0 0 0 -2 2 2 0 4 0 2 0 4 0 0 10 0 6 0 -2 2 0 4 0 0 0 0 0 2 2 -4 0 2 5 -2 0 -2 0 0 0 0 0 -4 0 0 2 0 0 -1 0 3 0 -2 0 4 0 2 0 0 -2 -2 1 4 4 0 -2 -4 -4 0 0 -4 1 -4 2 1 0 1 0 0 2 0 0 0 0 0 0 0 4 0 -4 0 -1 -2 0 -4 6 0 2 0 -2 -2 -1 3 0 -4 0 -2 0 -4 1 -4 0 0 -4 -4 0 0 0 0 0 0 0 4 2 -1 0 2 0 0 4 0 -2 0 0 -4 -4 -4 0 2 0 2 0 1 6 0 -4 0 2 0 0 0 4 4 1 4 1 0 4 0 -1 0 0 4 0 4 0 0 0 8 6 0 1 -2 -2 -4 0 0 -2 0 0 0 0 0 -2 -4 0 1 2 4 0 0 0 -1 -2 0 0 0 4 -6 0 3 -6 0 6 0 0 0 0 0 0 0 -2 -2 -6 0 -1 -4 0 0 0 -4 3 0 2 -1 -2 -2 0 4 0 0 0 2 -3 2 -4 0 0 0 0 0 -8 6 0 0 0 1 0 0 -2 2 2 4 4 -2 0 2 2 4 0 0 5 -4 3 -4 2 0 0 0 0 4 0 -1 0 2 0 4 0 0 0 0 -6 -2 0 -3 0 0 6 0 6 -5 0 2 0 0 0 3 0 0 6 4 0 0 0 -2 0 0 0 0 2 0 3 4 4 0 2 2 0 0 0 -4 4 1 0 0 0 -4 0 2 1 2 0 -4 2 0 -4 0 0 -4 6 0 4 0 -2 0 0 4 1 0 -4 0 0 0 0 0 0 0 -4 -6 1 -4 0 46 0 0 -5 -4 0 4 0 0 0 2 -2 3 0 -4 2 2 0
-2 0 4 0 -2 -2 2 4 0 0 0 0 0 0 5 -2 0 2 0 -1 0 2 -4 -2 2 0 0 -2 0 1 0 0 0 -1 -4 4 0 0 -5 4 0 2 0 0 0 0 0 -2 -2 2 -2 0 0 0 0 0 0 4 -4 4 -5 0 0 7 0 0 -2 0 -3 0 -4 -4 4 -2 0 0 4 0 2 0 0 -4 0 -3 0 1 0 0 2 4 4 3 2 5 0 0 5 4 0 0 0 -2 0 0 0 4 0 0 -4 0 -4 0 -4 -6 -4 0 0 -2 0 0 0 2 0 0 0 -2 -2 0 -2 -4 -4 2 -4 2 0 0 -1 0 2 0 0 -2 0 0 0 0 -4 4 -6 0 12 1 -4 0 4 3 2 -2 0 2 -3 0 0 4 2 0 -3 3 -8 0 0 0 4 -6 -4 -2 2 0 0 0 4 -4 0 1 0 2 0 0 4 0 0 0 0 0 -4 2 0 0 0 -2 1 0 0 0 2 6 4 4 -2 2 -2 -2 -2 -4 -2 0 0 0 -6 0 1 -2 4 -2 -10 0 4 -4 0 8 0 5 1 0 -4 6 0 -4 0 0 -2 6 -1 0 -6 0 0 0 -6 4 2 0 -4 0 -4 0 0 0 0 0 -1 0 0 0 -6 4 0 -2 0 2 -6 -4 5 0 0 0 0 0 -4 0 0 4 -2 1 0 0 2 -4 4 0 0 1 -4 -4 1 0 4 0 4 4 2 -1 -2 1 0 0 0 2 4 -2 4 0 0 0 0 0 0 0 -6 1 -1 -4 2 0 -2 2 -6 0 1 -2 0 0 2 -3 0 4 0 -4 0 0 0 0 0 -1 2 0 0 0 0 0 0 2 -2 0 0 0 6 -2 1 0 0 0 -4 -1 -4 0 0 0 0 0 0 0 -2 1 0 -8 -1 0 0 2 -7 0 0 0 4 -2 -8 0 8 2 -2 0 0 54 0 4 0 -2 0 0 -4 0 0 -2 4 0 3 0 0 0
0 -4 0 -3 0 -2 0 0 0 0 0 2 0 4 -2 3 0 4 2 8 0 0 0 0 0 0 -2 0 0 0 1 0 -4 0 0 0 0 0 4 0 10 4 -4 0 -4 2 8 0 0 0 0 -2 -2 -7 0 0 0 4 0 -2 4 4 0 -7 0 0 0 0 0 0 0 0 0 1 0 -2 0 0 0 0 0 0 -2 2 -4 0 3 -4 0 4 0 2 2 0 0 0 0 -2 0 0 0 0 0 -4 0 0 0 0 -4 4 1 4 0 1 0 0 0 0 6 0 0 0 0 0 4 0 0 0 -4 -3 0 0 1 4 -4 0 0 -1 2 -2 0 -4 0 0 -2 -4 0 -1 0 4 4 -2 1 0 0 -2 0 4 0 -4 -2 4 2 0 0 0 -2 0 0 0 0 0 -4 0 10 -1 2 0 0 0 0 -2 4 2 0 -4 0 0 0 0 0 2 -2 0 -2 0 0 -6 0 2 4 8 0 -2 0 0 0 0 -2 0 0 0 0 0 3 0 0 0 0 0 0 0 0 0 0 0 -2 0 2 -3 0 0 0 0 -4 0 0 0 0 1 2 0 0 0 2 2 0 0 0 2 4 0 0 0 0 4 0 0 0 -2 0 -8 4 0 0 4 0 -2 12 0 0 1 -4 -4 -4 0 2 6 0 2 -1 4 -4 0 1 0 0 -4 4 0 3 0 0 0 0 0 6 0 -4 0 0 0 4 0 0 -4 0 1 -4 4 -4 0 0 8 0 0 2 0 -4 0 -2 2 0 0 0 2 0 -2 0 0 6 0 4 0 0 2 0 4 4 -4 0 -1 4 0 0 -1 0 0 0 -2 0 -8 0 4 0 0 0 0 0 0 0 -2 0 4 0 0 0 0 0 0 0 2 0 0 4 0 0 -11 0 0 -2 0 -2 -6 0 -2 0 1 -1 0 0 -2 0 0 52 0 0 0 0 0 0 0 -2 0 0 2 -2 0 4 -2
2 0 0 -2 0 0 0 2 -2 0 2 0 0 0 4 0 0 0 0 0 -8 2 0 -2 0 0 0 0 0 1 -2 -2 0 0 0 0 -2 0 0 0 0 0 1 0 0 -4 4 0 0 2 0 1 0 0 -2 4 1 -1 4 0 4 0 -2 0 0 0 2 0 0 0 0 -2 5 0 0 0 2 0 0 4 0 0 -1 0 0 2 4 0 0 2 0 0 -2 -1 0 -1 2 0 0 0 -2 0 -2 0 0 2 2 -2 0 4 2 0 0 3 0 0 0 2 -1 0 0 -1 4 0 4 -6 -1 0 -2 0 0 -1 -2 0 -2 0 -1 -2 2 0 0 0 0 0 0 -2 0 0 0 -1 0 4 -6 -1 -4 5 -4 0 0 2 -1 0 -1 0 3 2 0 0 -4 -2 0 3 0 0 0 -2 0 2 -4 0 0 0 -4 -1 0 0 0 -2 0 0 0 0 -2 0 0 0 -2 -2 0 0 0 0 0 0 8 -2 2 3 -2 0 2 0 0 -1 4 0 -1 0 0 -2 4 2 3 -1 -1 0 4 2 0 0 0 2 5 0 0 2 0 0 2 0 0 0 0 0 0 1 0 0 2 2 0 0 0 0 -2 0 2 2 1 0 -4 0 0 2 -2 4 0 1 0 -2 0 0 2 -4 0 0 0 -2 0 2 0 0 -1 -6 0 0 0 0 0 0 0 0 0 -2 0 -1 2 0 2 -1 0 0 0 0 0 0 0 0 2 4 2 0 4 5 -4 -4 0 0 6 0 0 0 0 -8 0 2 0 -4 -1 -2 2 0 0 2 0 0 0 0 0 0 0 0 0 0 0 0 2 0 -1 0 2 0 -1 -2 0 0 0 -1 -2 4 0 0 0 0 0 0 0 0 2 0 0 0 1 -4 0 0 0 1 -2 0 -1 2 -2 0 -1 -4 -1 0 -2 2 0 0 -5 4 0 29 4 0 -1 0 2 4 0 0 2 0 0 -6 0 -1
0 -2 0 0 0 2 2 -2 4 1 0 0 0 -2 -6 0 0 0 0 0 2 -2 0 -2 0 0 0 0 2 2 -4 2 2 6 -4 0 -2 0 4 -4 2 0 0 0 -4 0 0 0 0 0 2 2 0 0 0 2 -1 0 0 0 -6 0 0 4 -2 0 0 0 0 0 0 2 -1 2 0 0 0 -2 0 4 0 0 0 0 4 8 -2 0 0 0 0 0 0 0 0 0 -4 2 2 0 0 0 0 0 -4 2 2 1 0 0 0 2 2 4 -1 0 0 0 -4 2 5 -6 5 -4 4 -4 2 -10 0 0 2 0 1 -4 0 0 0 0 0 -4 0 0 0 -4 -2 -2 -4 0 -4 0 0 0 0 0 0 4 6 4 4 4 0 0 0 -4 6 0 0 0 0 4 0 -1 -1 0 2 0 0 -2 -8 0 2 2 -4 0 -4 0 -2 2 -2 0 0 0 2 0 0 0 0 0 1 2 8 0 4 0 4 0 4 -4 0 0 -4 -4 2 0 6 0 0 -8 0 0 -2 0 0 0 0 0 0 0 -4 12 0 0 0 -6 -2 0 0 0 0 0 4 0 0 0 0 0 -4 0 -2 0 -6 0 -2 0 0 0 0 0 0 0 2 2 4 1 -1 4 0 0 4 0 0 -10 0 4 -2 0 0 0 -8 -2 0 0 -2 -4 0 -4 0 0 2 0 -2 0 -2 -2 0 0 -2 0 0 0 0 0 0 4 -4 4 -4 2 2 0 0 0 0 4 0 0 0 0 2 0 0 0 0 -2 4 -8 2 4 0 0 -4 -4 0 0 0 0 -4 4 -2 -4 -4 0 -4 0 4 4 0 -2 0 0 0 0 0 2 2 0 0 4 0 0 0 4 -2 2 -2 -2 0 -2 2 0 0 0 -4 0 -2 0 0 0 0 0 0 0 -2 4 0 0 4 0 0 0 0 0 -4 0 0 4 47 0 2 0 -2 0 0 0 0 2 2 0 -4 -2
2 8 2 -4 2 4 -2 4 4 2 0 2 0 0 0 0 0 6 0 -2 0 -4 0 2 -4 -2 0 0 -6 0 2 -6 4 0 4 0 0 0 0 0 2 4 -2 -6 0 -8 0 2 0 0 -5 2 0 4 -6 0 0 0 2 4 -1 0 4 2 -2 0 0 -4 0 0 -2 0 0 -2 4 0 2 4 2 -6 2 5 1 4 -5 2 -4 0 0 0 5 2 1 0 0 0 -8 2 4 0 -4 -1 -4 0 0 4 4 -2 -1 0 0 0 0 4 0 2 2 0 0 0 6 0 0 0 -6 0 0 0 0 0 -4 0 6 -1 0 0 0 0 -8 -4 0 0 8 0 -8 0 0 0 4 4 0 -2 -2 0 0 -2 -2 0 4 0 2 4 -4 -4 2 0 -2 -4 0 10 0 0 0 -2 1 0 0 0 0 0 -4 -4 4 2 2 -2 -2 4 0 2 0 4 0 2 0 4 0 0 2 0 0 2 2 -4 0 -2 4 0 0 -2 -2 0 0 0 8 0 -2 0 8 0 -2 0 -4 0 -2 0 0 4 0 2 4 2 4 0 3 2 0 -2 4 4 0 0 0 0 0 0 -4 -4 4 -4 -4 0 0 0 6 -2 -2 2 0 -2 0 4 2 4 0 0 4 0 0 4 -4 2 0 -2 4 0 0 -4 -4 0 0 2 0 2 0 -6 0 -4 -4 0 1 0 2 2 -4 0 6 0 2 0 -2 0 0 2 0 0 0 4 0 4 -2 4 -4 2 0 0 4 0 0 4 -4 -2 4 0 4 1 5 2 2 -6 4 0 0 0 0 0 0 0 -2 1 0 0 -4 -4 -2 -2 0 0 1 0 2 0 0 -2 0 4 0 0 0 -2 0 0 -1 0 4 3 4 0 0 0 0 -2 -2 4 0 4 4 -2 0 0 -2 2 0 0 2 0 0 4 4 0 -6 -2 0 -2 0 0 0 63 4 -4 6 0 4 0 0 6 0 0 4 0
0 2 -7 0 -2 1 -3 -1 1 0 0 0 0 0 0 0 -2 0 4 0 0 0 0 0 -6 4 4 0 -1 4 2 -2 -2 -1 4 -6 2 4 0 0 -1 0 0 0 -1 0 0 -4 0 -1 3 0 0 1 -4 0 0 2 4 4 -4 -2 0 0 0 0 0 0 -6 1 -2 0 -2 3 4 0 0 -2 3 4 0 4 -2 0 1 0 4 0 -2 2 5 -2 2 10 -6 1 4 0 2 0 5 0 0 1 4 4 0 4 -1 0 4 0 4 5 2 2 0 0 0 4 4 0 -1 0 4 0 2 -1 -2 0 0 -2 3 0 0 2 0 4 3 0 1 0 6 -4 0 2 -4 0 -4 0 -1 -2 0 4 0 10 2 1 0 0 0 -2 4 0 0 -6 4 1 0 3 1 0 8 1 4 0 2 -1 -2 -2 1 2 4 -2 2 0 0 0 0 4 -4 -2 6 -2 0 0 3 0 4 10 0 -4 0 -5 0 0 6 4 -2 0 0 -1 3 1 4 -2 0 0 -4 0 4 0 2 0 0 -2 0 0 -2 -4 6 2 -1 -2 0 1 2 0 -2 -4 0 1 0 0 3 0 4 7 4 4 -4 -2 0 -2 0 -4 0 0 6 -1 -1 0 2 4 -6 0 0 0 2 -2 0 5 6 0 -4 -2 0 1 0 0 0 -6 0 4 0 -2 0 -7 2 -1 -2 -4 0 0 -6 1 2 7 0 2 -1 0 4 0 2 0 6 0 -2 0 1 0 1 0 6 0 0 2 0 8 0 -2 -1 0 2 2 2 3 -1 2 0 -2 -6 -4 2 2 4 0 0 -3 1 -1 0 0 -1 2 0 0 0 -4 -6 0 -4 0 2 -2 -5 2 0 6 -2 0 -4 0 0 -1 -1 -3 0 7 1 0 9 -4 -4 0 2 4 -2 0 0 -2 0 -6 6 2 4 0 0 -4 0 -2 4 0 0 -1 2 4 63 0 0 1 4 0 -2 1 -4 0 0 0
2 0 0 0 -2 -4 -2 -2 5 0 0 -2 0 0 0 0 0 0 0 4 6 0 0 1 0 0 8 0 0 0 0 4 0 0 0 2 -4 0 0 0 0 0 0 0 0 0 -4 0 -4 0 -4 4 0 0 -4 0 0 -6 4 2 0 0 2 0 2 -1 0 -4 0 2 8 2 -2 -1 0 -4 0 0 -1 8 -3 -2 0 0 -2 0 0 0 -2 0 0 -2 0 2 0 0 8 0 0 0 -2 -2 0 0 0 -4 0 0 0 0 -4 -4 2 -4 0 -2 0 0 0 0 -6 0 0 0 4 -2 0 0 0 4 1 4 -2 6 0 0 0 4 0 0 4 4 0 0 5 -8 0 2 -8 -4 -2 2 2 0 0 -2 4 0 0 0 0 0 0 0 4 2 -8 0 0 0 0 0 -2 0 0 -6 0 0 2 0 0 4 0 -4 0 0 0 2 0 0 0 0 0 0 2 0 0 -2 2 0 2 0 4 0 4 -4 -2 0 -2 4 -4 0 -2 0 0 -4 0 0 4 2 0 0 0 -6 0 0 0 4 0 0 3 0 0 4 2 0 0 0 0 -2 -6 4 0 4 0 0 4 0 2 0 2 4 0 0 -4 0 -2 4 0 0 0 -8 0 -8 0 0 -2 -6 4 -2 4 0 0 2 2 -5 -4 -4 2 0 6 0 0 0 -4 0 -2 0 0 0 0 0 0 0 -2 2 -4 0 4 -16 1 0 0 0 -4 0 8 0 0 -3 0 -4 0 -3 0 2 0 0 -2 2 0 0 2 4 4 -2 -4 -2 0 0 0 0 -6 2 -2 4 1 0 2 0 -4 4 -2 0 2 6 -4 0 0 -4 4 0 0 4 0 0 4 1 0 -2 0 0 0 4 0 4 -2 4 -2 0 0 4 3 4 0 2 -2 0 0 0 0 0 4 0 0 2 0 0 0 0 -2 2 0 0 0 0 0 -4 0 67 0 0 0 4 -4 0 0 -8 0 -2
2 0 4 -4 0 0 0 3 0 0 3 -2 0 0 0 0 0 1 0 -2 -2 -7 -2 0 4 4 0 4 0 0 0 0 -2 0 0 0 -3 4 -2 0 10 0 0 4 -2 0 4 3 0 6 0 0 -10 0 -7 0 0 0 0 0 6 0 0 -6 5 0 0 0 2 -2 -5 4 -2 -2 -1 -4 0 0 0 0 0 1 4 -5 0 0 -4 0 -3 0 0 0 -1 0 -2 0 0 0 0 0 -2 0 -4 0 4 -2 -2 0 2 -2 2 0 0 0 2 0 4 0 0 2 0 -1 0 0 -2 1 0 0 4 -4 -2 -2 0 4 -4 -2 0 0 -1 -4 -2 2 -1 2 0 0 0 -4 8 0 0 9 5 2 0 -2 -4 4 -2 -2 6 0 0 2 -2 0 0 0 2 7 -2 2 0 2 0 2 0 2 -1 0 -2 2 0 0 4 1 2 2 0 1 2 0 -4 0 0 -2 -2 0 6 0 0 0 -1 0 -2 -3 0 2 -1 -4 -4 0 0 0 2 0 -2 0 -1 0 0 6 -4 0 -2 2 -2 0 0 0 0 0 0 0 3 0 2 4 0 0 1 0 0 0 0 2 0 0 0 0 3 -2 0 0 3 0 4 10 2 -4 0 0 4 -4 4 -1 0 0 5 5 0 -1 0 0 0 2 -2 0 -4 4 -5 2 0 2 0 -2 -4 -2 0 -4 0 0 2 4 -2 0 0 0 0 0 0 4 0 2 0 0 -2 1 -1 -2 0 -2 1 0 4 0 4 0 -3 0 0 4 0 0 -6 0 1 -4 4 -1 -4 0 3 0 0 -4 0 0 2 -1 0 2 0 -2 -4 -2 -2 0 0 0 0 2 2 -4 4 -2 0 0 -2 0 -5 -2 0 -4 2 0 0 2 4 2 0 4 -4 0 2 0 0 1 0 0 0 0 -4 0 -4 2 4 1 2 5 0 0 0 -4 0 2 -2 6 0 0 52 0 0 0 0 0 7 -4 0 4
-4 -2 -1 0 -4 0 0 -3 -2 0 0 0 -2 4 4 0 0 0 2 0 0 2 0 -2 2 -2 2 0 -2 0 0 0 0 0 0 0 0 2 2 0 -1 0 2 0 0 0 0 -4 -4 0 0 0 0 0 0 4 2 0 0 -4 -4 4 0 0 0 0 0 0 6 0 0 2 0 0 0 0 0 0 0 0 -1 -1 -2 0 0 0 3 0 2 0 0 0 -1 -2 2 0 0 2 -2 -4 0 0 -2 0 0 0 0 0 0 2 2 0 0 0 2 3 0 -2 0 0 0 4 2 4 4 -2 0 0 0 4 -2 0 -1 2 -2 0 0 -1 0 0 0 -2 -2 0 0 0 0 0 0 2 0 0 0 4 -1 0 0 1 0 0 0 0 0 0 0 -2 0 0 -2 0 0 0 -2 -4 0 2 0 -2 -4 1 0 0 0 2 0 2 0 4 0 0 0 0 0 0 4 -2 1 0 4 0 0 2 4 0 4 0 0 0 -2 0 0 1 0 4 0 0 2 0 0 -2 0 0 -2 -1 0 0 -1 -1 0 0 -2 0 0 0 2 0 0 0 0 2 0 0 0 0 -4 -2 0 -4 0 -2 -1 0 0 0 -2 -1 0 0 -2 0 0 0 0 -2 0 0 0 0 0 0 0 0 -2 0 -2 0 0 0 0 -4 -4 2 0 0 1 0 -2 0 0 0 4 0 0 0 0 0 0 0 0 0 2 0 5 0 0 -2 0 0 0 0 0 0 0 0 0 -2 0 4 4 4 -1 0 4 0 -4 0 0 0 0 0 0 0 0 -4 0 -2 -2 0 0 1 -1 0 0 0 0 -2 0 0 0 0 2 0 2 0 0 0 0 0 0 0 2 0 0 0 2 0 -2 2 0 0 0 -1 4 0 -1 0 0 2 0 3 0 0 -2 0 0 -4 0 5 4 2 0 0 0 0 0 4 0 0 1 0 0 30 4 0 0 -2 0 0 -2 0
-1 0 -1 4 0 -2 3 0 0 0 -6 -1 2 0 0 5 -6 0 0 0 1 -4 0 1 0 0 4 0 1 -4 -2 -2 -4 2 0 0 2 -2 1 0 0 8 2 4 0 0 6 -2 0 0 0 -4 2 -2 0 0 -4 2 4 4 -6 0 4 0 4 0 -6 -4 2 -4 2 0 0 -3 4 0 0 4 0 2 8 0 0 0 2 -3 0 0 -4 0 0 0 0 2 6 -2 4 2 -2 0 4 0 -6 -2 2 2 0 8 2 0 3 0 0 -4 -4 0 0 0 0 5 2 0 2 -2 -4 2 -4 0 4 0 1 -4 0 10 -3 4 0 -2 4 0 0 -4 0 -2 -2 -6 -2 4 6 8 2 5 -4 0 0 0 2 0 0 -4 0 0 0 -2 6 4 0 -2 0 0 4 0 -4 -4 4 0 -2 0 0 0 0 -3 0 0 0 -2 -2 4 0 0 2 0 2 0 2 0 -4 4 4 0 -4 -2 4 -2 0 0 0 0 0 -4 8 -2 0 0 -2 4 0 0 0 0 0 0 0 -1 0 -8 -2 2 0 -2 0 0 6 -4 2 -2 -4 2 0 2 -6 4 0 -4 -4 4 0 -2 0 0 0 4 0 0 0 -4 -2 0 2 0 2 0 0 0 0 0 -2 0 -4 -2 0 3 0 4 0 0 -5 -2 0 0 0 0 -2 -2 -2 4 -2 -2 -2 0 3 0 -4 0 0 0 2 6 2 -4 0 2 -4 -2 1 0 -2 0 2 0 0 4 1 -1 0 0 0 -4 0 2 -2 -2 -4 0 0 0 -6 4 0 -4 0 2 2 0 0 -2 0 0 0 2 -2 0 2 0 2 0 0 0 0 0 0 2 -4 2 9 8 2 0 -3 2 6 -2 3 0 8 0 1 0 2 0 8 1 -4 0 -6 4 0 4 0 0 6 0 2 8 4 2 -1 2 0 2 -4 2 2 0 -2 0 0 4 4 0 0 4 70 4 0 0 0 0 -2 0
0 -4 0 0 0 0 2 -2 0 6 0 2 4 -1 -2 1 -2 0 2 2 4 0 -2 0 -2 0 0 8 1 0 0 0 0 0 0 0 0 -4 3 0 9 6 0 6 -1 2 -2 0 0 -1 0 0 -2 0 1 0 -2 -2 2 -2 5 -3 0 -2 -6 4 0 0 1 0 0 0 0 4 5 0 0 0 8 0 0 2 0 0 -2 4 0 0 -2 0 1 0 0 4 4 1 4 4 2 0 2 -2 0 0 4 -1 -2 6 0 1 2 0 1 -4 -1 0 2 0 0 0 -2 0 0 1 0 0 0 -6 0 1 -2 0 0 6 -4 0 2 0 0 0 6 2 0 0 0 -3 0 0 2 2 0 2 1 3 1 0 2 -4 0 0 0 0 -2 0 -2 -2 0 -2 0 0 0 0 4 0 2 0 0 8 -2 0 0 0 2 0 1 -1 1 -2 0 0 -4 4 3 2 4 2 -2 4 0 4 0 0 0 0 6 2 0 4 0 1 4 3 -8 0 0 0 -2 -4 0 2 -1 0 0 2 1 2 0 0 0 -4 0 2 -2 5 0 2 2 -2 0 0 2 0 0 -1 1 -2 0 0 4 2 -2 0 0 -4 0 -8 -1 4 -4 0 4 2 -1 0 1 0 0 0 0 -2 0 0 -2 0 -8 3 2 4 2 0 0 0 0 -2 2 4 -4 0 0 0 4 -1 -1 4 0 0 4 0 0 0 5 2 4 0 0 0 0 0 0 -4 4 1 0 -2 0 4 -4 0 2 1 0 -4 4 1 4 -2 7 9 0 4 -5 6 -4 -1 -4 -2 6 0 -4 -2 0 -6 0 0 0 0 0 0 -2 0 6 0 0 -2 8 0 0 2 -2 0 0 0 4 3 0 -2 0 -2 2 0 0 -2 4 0 4 4 0 4 0 2 2 0 0 0 2 0 0 0 0 1 4 1 -2 -2 0 0 0 0 0 4 0 0 4 52 2 0 0 0 2 -4
0 -2 2 0 -4 0 4 1 -6 0 3 4 0 -2 0 6 -6 0 0 0 5 0 0 0 2 4 0 0 -1 -2 2 0 -2 0 -2 2 0 2 4 0 2 0 0 0 2 4 -2 0 1 2 -4 0 -15 4 4 0 -4 6 -4 0 0 0 2 -6 0 4 4 2 0 0 -1 0 0 0 8 -4 0 0 10 -3 10 0 -4 -4 -2 0 -1 4 -4 0 4 0 2 13 6 6 0 2 -2 0 0 0 0 0 -2 0 1 0 -2 2 4 4 0 9 -2 -4 4 -4 -2 -2 -8 -2 4 0 0 4 0 4 0 -8 0 -4 5 0 0 -4 -3 6 0 6 -3 3 -1 2 2 0 -2 2 4 12 6 -6 0 0 0 -6 -2 -2 9 1 -4 6 0 0 2 5 0 4 0 0 -4 -2 -2 10 0 0 0 -2 5 4 0 8 0 7 2 0 3 4 3 2 0 2 5 4 2 -2 2 -2 4 0 0 -1 4 0 -2 2 4 0 4 0 0 -4 -4 -2 -4 4 2 -2 0 -2 0 0 0 4 -1 -2 10 2 0 2 5 -5 -2 5 -8 3 0 0 2 -2 6 0 -1 -2 -2 -2 0 -2 4 0 10 2 0 4 2 2 0 0 4 0 0 2 -6 5 1 -4 0 -4 4 0 4 4 0 6 2 0 4 0 -2 0 0 -4 4 0 4 0 0 4 2 -4 4 -1 0 4 2 0 4 4 2 -2 0 2 0 0 4 7 -4 -2 -1 -2 0 2 0 2 0 -7 0 0 4 4 3 0 4 0 -4 0 -2 3 -2 10 0 -2 4 1 -4 4 0 -4 0 0 0 3 0 2 4 -2 4 -3 0 4 -2 4 0 -6 -2 0 2 -2 4 0 -2 0 -6 -2 5 -4 0 2 -3 -2 -6 0 0 1 -6 -2 -4 4 -1 0 1 2 4 0 -1 -2 -2 0 0 0 0 0 3 4 0 2 0 0 -2 -4 0 0 0 2 79 2 -4 0 0 0
0 0 3 0 0 0 1 0 0 1 0 2 0 2 4 0 0 0 3 1 0 0 0 0 -4 -2 4 0 3 0 0 -4 2 0 0 -4 0 2 2 0 2 0 -2 0 0 -8 0 -4 -2 0 0 0 0 0 -3 -2 0 4 -3 1 4 6 2 4 0 0 0 4 0 -2 0 0 0 1 0 2 2 -2 -2 -2 0 6 0 0 -4 0 -2 -4 4 0 4 3 3 0 0 0 -1 2 0 4 0 0 0 0 -4 0 0 -2 -4 -3 0 0 0 0 1 0 2 0 -2 0 4 2 -2 -6 3 0 0 -3 0 -1 -2 0 -4 4 0 0 -2 0 -5 0 -4 0 2 0 -2 0 -2 3 0 0 0 -2 0 4 0 -1 0 -1 0 0 2 0 -4 0 0 2 0 0 0 -2 0 -8 0 0 4 2 0 0 -4 0 0 0 -2 0 0 1 4 0 0 0 0 0 2 0 0 -2 0 3 2 1 0 0 0 -1 -4 0 0 0 0 0 0 -2 2 2 2 0 1 0 4 0 0 0 0 0 0 0 0 4 -2 -4 0 4 -4 0 -4 0 0 -1 2 0 -2 0 0 6 1 0 0 -2 0 4 0 0 0 0 4 -2 0 0 0 0 0 6 3 0 0 0 2 0 4 0 0 0 2 0 4 0 0 4 0 0 -2 0 0 -2 4 0 0 2 -2 -1 1 0 2 0 0 0 1 0 0 0 0 -1 0 0 -2 -2 0 0 0 4 4 4 0 0 -4 -4 0 -8 0 2 2 -3 -4 0 0 1 0 0 -1 0 3 -2 0 0 0 0 -1 2 -2 -1 0 0 0 0 0 0 0 0 0 0 0 0 0 2 0 -3 0 -6 0 -4 0 0 0 -1 0 1 0 0 0 0 0 -1 2 -2 2 0 0 -4 0 0 0 4 1 0 0 0 -1 0 4 1 4 0 0 0 2 0 2 6 1 0 0 -2 0 0 2 36 0 0 4 2
0 -1 4 -4 0 0 0 0 0 1 0 0 0 2 1 2 8 0 1 -4 3 -5 2 -4 -2 -2 2 -2 4 0 4 0 4 2 0 0 -5 0 -7 0 2 6 4 -2 -2 -2 2 0 0 4 3 3 2 0 0 1 0 0 -6 2 0 -2 -8 -2 1 0 -2 0 -2 1 0 0 -4 2 4 0 2 0 0 0 -4 -2 3 -4 4 2 -2 0 0 -8 0 0 0 -4 0 -6 -2 2 4 2 4 -1 -4 0 0 0 5 4 0 -1 6 -2 4 0 0 4 0 0 -2 6 3 -1 0 -1 -2 2 -1 0 0 -6 0 0 6 -4 -2 0 -1 -2 3 4 0 0 4 0 0 2 0 -2 0 2 0 0 2 -4 0 4 0 2 0 4 0 -1 -5 -2 2 0 4 0 -2 4 -4 0 -2 -3 -2 2 0 0 0 0 -2 4 0 0 0 -4 4 0 0 0 1 0 3 2 0 2 0 2 -2 -1 -1 0 0 1 -4 5 0 4 -2 0 4 0 0 0 2 4 2 0 -1 0 -4 2 0 0 -2 0 2 2 0 2 0 0 4 3 0 2 0 0 0 4 -4 0 0 -2 -2 4 -2 4 0 -3 -2 0 0 4 -4 0 4 6 0 0 1 4 3 -3 -8 8 2 4 2 -2 0 0 4 0 -6 0 2 0 2 4 2 4 -5 2 0 0 5 -2 8 5 -2 0 0 1 0 -4 -2 -2 -4 0 0 -1 0 0 0 0 -3 -2 0 0 0 0 0 0 -4 2 0 2 -1 -6 -4 -6 4 -1 -4 -2 2 -4 0 -2 -1 -6 -2 2 -2 3 0 -10 1 -1 0 0 -2 -2 2 -1 0 4 -1 4 4 -4 -2 4 0 0 -4 -1 -2 -8 0 0 0 -1 0 0 0 -1 9 0 0 5 4 0 -3 -2 -4 0 0 0 5 0 -2 -4 1 1 -4 -2 0 0 -5 1 -4 3 -2 0 2 0 -4 0 7 0 0 0 -4 0 60 0 -2 -2
0 -1 2 4 0 0 0 0 0 0 1 2 0 0 0 4 -4 0 0 0 2 -4 0 0 0 0 8 1 -3 1 0 -4 0 0 0 0 0 4 2 0 -1 0 -1 0 0 0 0 0 0 -4 0 0 0 0 -2 0 0 2 0 -1 -4 -2 4 0 1 -2 0 1 -4 1 -4 2 -1 0 0 2 -2 -1 -2 2 0 -2 -8 0 0 2 0 4 0 0 0 -4 0 0 0 0 0 0 0 0 4 0 2 -2 0 0 2 2 0 4 0 0 1 4 0 -3 0 0 -2 0 0 0 0 0 1 -1 0 0 4 0 0 2 0 4 0 1 -2 0 0 0 0 -4 2 4 0 0 0 0 0 2 -2 0 0 -2 0 0 8 4 0 0 0 0 -2 1 2 -4 4 0 0 2 0 4 5 0 0 0 0 6 2 4 0 1 0 4 0 -5 0 -2 0 0 0 0 -2 0 0 0 2 0 -2 0 -2 -4 0 0 -4 4 0 -5 4 0 0 -4 0 0 4 4 3 0 0 -2 0 0 2 0 0 4 4 0 0 2 0 2 0 -1 5 0 -1 2 2 -2 -1 0 0 0 1 -2 0 0 0 0 0 2 -1 0 -2 0 -4 -4 5 0 0 4 0 0 3 0 -2 0 0 0 2 0 1 4 0 0 0 1 -2 -2 -6 0 -4 6 2 0 3 3 0 0 -2 0 0 4 -2 4 2 2 0 8 0 2 -2 -1 0 0 -4 -2 -2 0 4 2 0 4 5 0 0 0 -1 2 0 0 1 2 0 0 -2 0 2 0 0 0 8 0 0 2 0 0 0 4 2 -1 -2 0 -4 2 0 4 5 4 2 0 1 0 0 -2 -3 -2 0 2 0 0 0 -2 0 0 0 4 -8 -1 0 -3 -2 -6 0 1 1 0 0 1 4 0 4 -1 0 0 0 0 4 -2 -2 0 2 0 0 -6 0 0 0 -8 -4 0 0 0 0 0 0 40 6 0
2 -10 0 -6 2 2 -2 0 0 -2 2 6 -1 -4 0 0 0 4 0 2 -3 4 2 1 0 0 11 4 4 2 7 -2 0 0 0 -6 0 3 0 0 -4 4 0 0 -2 0 2 -3 2 2 -4 0 0 0 4 0 0 -3 4 -2 0 0 0 0 3 0 8 -2 -2 2 -2 0 -4 0 -6 4 0 0 -4 4 2 4 0 0 0 4 4 0 0 6 2 2 -2 2 -2 4 4 8 4 4 0 0 0 0 -8 -4 0 0 0 6 -2 6 0 8 0 -11 0 0 4 -2 2 -4 4 -3 4 1 -3 8 4 0 0 0 -2 6 0 0 4 -3 1 0 4 2 1 -4 4 6 0 2 8 2 0 4 0 2 4 0 2 0 -4 0 -4 4 -2 -4 -4 -5 2 -1 -1 -2 -1 -4 -4 4 0 5 0 3 4 0 0 8 0 2 0 4 4 0 0 -2 0 4 0 8 2 0 0 -4 -4 8 4 2 9 1 0 8 1 -2 4 0 -2 2 0 2 4 4 -2 0 0 -4 0 0 -4 0 4 0 0 0 0 4 4 -4 0 4 -2 0 -2 2 4 -8 4 1 0 0 -5 0 0 4 4 0 -1 -5 2 0 8 -2 0 1 4 4 0 2 0 -4 0 -4 -4 -4 2 0 4 6 0 4 0 -2 2 -2 -4 10 0 0 0 0 -8 -4 0 -4 2 -2 -2 -2 -2 0 -4 0 1 2 0 0 -2 0 -6 0 0 0 8 -8 0 4 0 -1 3 4 -4 0 0 -8 0 3 0 4 1 -2 4 0 2 0 -2 -2 0 4 1 -2 -4 0 0 0 2 -4 0 3 -10 0 -6 0 -4 0 0 0 -6 0 -2 4 -2 -9 -4 4 -2 4 2 -4 0 4 0 4 2 0 4 4 0 -4 -4 0 0 -6 -4 0 0 0 -4 4 4 -4 -4 0 0 6 -2 0 -2 4 2 0 4 0 -4 4 0 0 0 -2 -2 2 0 4 -2 6 89 0
-4 0 0 -2 0 0 0 0 -4 -4 0 0 4 0 4 0 4 2 -8 0 -2 -4 2 -2 0 0 0 0 2 2 -2 0 -4 0 0 4 4 4 4 0 1 -8 8 4 0 0 4 2 0 0 0 1 0 0 2 0 0 0 -4 4 -2 0 4 -2 8 0 0 6 -2 -4 0 0 0 0 0 0 0 0 0 0 -2 4 -1 0 -4 0 -2 2 0 0 8 6 0 -4 0 6 0 -4 0 0 -4 0 4 4 0 2 -6 0 0 -4 4 0 2 -4 0 0 8 0 1 0 -3 1 4 2 0 0 -2 4 -2 0 0 0 -8 4 6 0 9 0 0 -4 0 0 4 0 -6 -4 0 8 -4 -4 4 0 -2 1 0 -6 0 2 1 2 -6 -2 -4 2 -5 -2 0 4 6 0 0 -1 -4 6 0 3 0 1 0 0 0 0 0 -3 4 0 1 0 0 2 0 0 0 2 2 0 0 -4 -2 -1 0 0 -2 2 -4 0 0 4 0 -2 -6 0 4 0 0 4 -4 6 0 2 0 0 -2 0 -4 4 -2 0 0 0 0 0 -1 -2 0 0 -6 4 0 -4 -4 2 -2 -2 6 0 0 0 0 -2 0 4 1 4 4 -4 2 0 0 0 -5 0 0 0 0 0 4 0 2 6 4 0 2 -2 4 2 0 0 -4 0 4 0 1 0 -2 0 0 4 -4 0 2 0 0 0 4 0 4 0 -2 -5 0 0 -4 2 0 -2 0 1 -1 0 0 0 0 0 0 -10 0 0 0 0 0 -4 -2 -4 0 0 0 0 0 0 6 4 0 -2 0 0 -8 -4 0 0 0 2 -3 -4 0 -2 0 1 0 0 0 0 0 0 -6 -2 4 0 0 0 2 0 -4 0 0 0 -2 0 -4 0 6 4 0 6 0 0 0 4 0 -2 4 0 0 0 1 0 0 0 2 -4 4 -1 0 0 -2 -1 -2 0 0 -2 4 0 0 -4 0 2 -2 0 0 63

Q_cnstr 
19 0 0 0 0 -1 -1 0 0 -1 -2 0 0 1 1 -1 2 0 -1 -1 1 1 1 0 -1 0 0 1 0 0 -2 1 1 1 1 0 -1 0 1 1 0 0 0 -1 -2 0 0 0 0 0 0 0 0 0 0 -1 1 1 0 0 1 1 -1 -2 0 1 -1 0 1 0 0 1 3 0 0 0 2 -1 2 0 0 0 0 0 1 0 -2 -1 -1 0 0 0 -1 -1 0 2 2 0 -2 0 0 -1 -1 -3 0 -1 0 2 0 0 0 -2 0 -1 0 -2 0 2 -2 1 0 0 0 2 -1 0 0 0 1 0 -2 0 1 0 1 0 0 0 1 0 -1 -1 1 -1 0 0 0 -1 -1 -1 -1 0 0 -1 0 -2 -1 0 0 0 -1 0 1 -1 -2 1 1 1 -1 1 0 1 0 0 -1 -1 0 0 1 1 0 0 -1 -1 0 0 1 -1 -3 0 0 2 1 1 0 -1 0 1 1 1 0 0 2 1 0 1 0 -2 2 1 1 0 0 0 1 -1 -1 0 0 0 -1 0 0 0 1 0 0 1 0 1 1 1 1 0 1 1 1 0 3 1 0 0 0 2 0 -1 1 0 -1 0 0 1 0 0 0 0 0 -2 -1 2 0 0 0 -2 0 0 1 -1 -1 2 0 0 -1 1 1 -1 1 -1 -1 0 0 0 1 1 1 -1 -1 -2 -1 1 0 0 1 0 0 2 0 0 1 -2 0 -1 0 -1 0 -2 0 0 0 0 1 1 2 0 0 -1 -1 1 0 0 0 -1 0 1 1 -2 1 0 1 0 0 0 1 0 -1 0 0 0 1 0 -1 0 -2 0 0 1 0 1 0 -1 1 0 0 0 -1 1 -1 0 0 0 -1 -1 1 0 1 1 -1 -1 0 0 0 -2 -2 1 0 0 0 0 -2 1 0 -1 0 1 1 1 -1 0 -1 -1 1 -1 0 1 -1 0 1 -2 1 0 0 0 0 1 0 0 0 0 0 0
0 16 0 0 0 0 0 2 -1 0 -1 -1 -1 0 0 0 1 0 0 0 1 0 0 0 -1 0 1 1 0 1 0 0 0 1 -1 0 1 0 0 0 0 0 0 0 1 -2 0 0 0 0 0 0 0 1 0 0 0 0 -1 0 0 -1 -1 2 -1 0 0 1 -1 1 -1 2 0 -1 0 0 -2 -1 0 0 0 0 -1 -1 0 2 -1 2 0 0 1 0 0 0 0 0 0 0 -1 -1 0 0 0 -1 2 0 0 0 -1 0 3 1 0 0 1 0 -1 0 2 -1 -1 0 0 -1 0 1 0 1 1 3 0 0 1 0 0 -1 0 0 -1 -1 0 0 0 1 0 1 -1 1 1 -1 0 0 0 1 1 0 0 0 1 0 1 0 0 1 0 3 -1 -1 2 0 -1 0 0 0 -1 1 0 0 0 -1 -1 0 0 0 0 -1 0 2 0 1 0 0 0 -1 -1 0 3 0 2 1 0 1 1 0 -1 0 1 0 1 0 0 2 0 1 -1 0 0 -1 0 -1 0 0 0 1 0 0 0 0 1 0 0 1 1 -1 0 1 0 0 0 0 0 1 0 0 -1 0 0 1 0 -2 1 0 0 0 0 0 0 0 -2 0 1 -1 0 1 1 0 1 0 0 1 -1 2 0 0 2 2 1 1 1 0 0 0 0 0 1 1 1 0 1 1 -2 0 0 -2 0 0 1 1 3 0 1 0 0 0 0 0 0 2 -1 0 1 0 0 0 0 0 0 0 2 0 0 0 2 0 -1 0 0 0 -1 0 1 0 0 1 0 0 0 1 1 0 0 0 1 0 0 1 0 -1 1 1 0 0 0 0 0 -1 1 0 0 0 1 -1 0 -1 2 0 0 0 0 -1 1 0 0 0 -1 2 0 0 0 0 1 0 0 1 0 -2 -1 1 1 0 1 0 0 0 0 -1 0 -2 -1 -2 0 1 0 0 0 1 1 -1 -1 2
0 0 14 1 -1 2 0 0 1 1 0 -1 1 0 0 1 0 0 -1 -1 -1 1 -1 0 1 1 0 2 0 0 -1 0 0 1 1 2 -1 0 0 0 0 -1 0 0 -1 0 0 -1 1 1 2 1 0 1 0 1 -1 1 -1 0 0 0 0 0 0 0 -1 1 0 -1 0 0 0 2 0 -1 1 0 0 1 0 0 0 0 2 0 -1 2 0 -1 -1 0 0 0 -1 0 1 0 0 0 1 1 -1 0 0 1 2 0 0 0 -1 2 0 1 1 2 1 0 -2 -1 0 0 0 0 -1 1 0 -1 0 0 0 1 0 0 0 0 1 0 1 0 2 -1 1 1 0 1 -2 1 0 -1 1 0 2 0 1 0 1 -1 -1 -2 -1 0 -1 2 2 1 0 0 -1 0 -1 0 0 2 -1 0 2 0 0 1 1 -1 0 0 0 0 0 -2 0 0 1 -1 0 1 0 0 0 1 0 0 1 1 1 -1 0 2 0 -1 0 0 1 -1 0 0 0 1 0 0 0 1 0 -1 0 1 0 -1 0 0 0 0 0 0 0 -1 -1 0 0 0 -1 1 -2 0 0 0 1 0 0 0 1 0 2 1 0 0 1 0 -1 0 1 2 0 -1 0 0 1 2 0 0 -4 0 1 1 0 0 0 1 0 0 -1 0 1 0 0 0 -1 1 0 0 0 0 0 0 0 1 1 1 0 0 1 -1 1 0 0 -2 0 1 1 0 0 0 1 0 1 0 0 0 0 1 -1 1 -1 0 1 0 0 1 0 0 -1 -1 1 0 0 -1 0 0 1 1 0 0 0 -1 -2 -2 0 0 0 1 0 0 0 -1 0 0 -2 1 1 0 0 0 0 2 -1 0 0 -1 0 0 0 0 0 0 0 0 -1 0 -1 0 0 0 0 0 0 1 1 -1 0 0 0 -1 0 0 0 1 0 1 -1 0 0 -1 -1 0 0 -1 0 1 0 0 -1 -2
0 0 1 11 0 0 0 0 0 0 0 0 -1 -2 -1 1 0 1 1 1 -1 0 -1 0 0 0 0 0 0 0 -1 -1 1 -1 0 -1 1 0 1 0 0 0 1 0 0 0 0 0 -1 0 0 0 0 1 0 0 0 1 -1 -1 0 0 1 1 -1 1 0 1 0 -1 1 -1 -1 0 1 0 1 0 -1 1 0 2 0 -1 1 0 0 1 0 0 0 0 0 1 -1 0 0 0 1 -1 2 1 0 0 -1 2 0 0 0 0 0 -1 0 1 -2 0 1 1 0 1 0 0 0 0 0 -2 0 0 0 0 0 0 0 0 0 0 0 0 0 0 0 1 0 0 0 0 0 0 0 0 1 0 -1 0 0 -1 0 0 -1 0 0 0 0 2 1 0 0 0 -1 -1 0 1 0 0 0 0 0 0 0 0 0 0 0 -1 0 0 0 0 0 0 0 0 -1 1 0 1 -1 0 0 0 -1 0 0 0 0 0 0 0 0 1 0 -1 1 0 0 0 0 0 0 0 1 -1 1 0 0 0 -2 0 0 0 0 1 0 0 0 0 0 0 0 0 0 -1 0 0 0 0 -1 0 0 1 0 1 0 1 0 -1 1 2 3 1 1 1 1 2 0 0 -1 1 0 1 0 -1 0 0 -1 0 -1 0 1 -1 2 -1 0 0 0 0 1 -1 0 1 1 0 0 0 0 0 -2 0 0 1 0 0 0 0 -1 0 0 0 0 1 -1 0 0 0 0 0 0 -1 0 2 0 0 0 0 1 0 1 0 0 0 2 -1 1 0 1 0 0 0 0 0 0 0 0 0 0 0 2 0 0 0 -1 0 0 0 0 -1 0 1 -1 0 0 1 0 -2 1 -1 0 0 0 0 0 0 1 -1 -1 -1 1 0 0 -1 0 0 0 1 1 0 0 0 0 0 0 1 0 0 -1 1 -1 0 0 0 1 0 0 -1 -1 0 1 0 0 0
0 0 -1 0 14 -3 0 0 -1 0 1 0 0 0 1 0 0 1 1 1 0 -1 0 -1 0 0 0 -1 0 0 1 2 0 0 -1 3 1 0 -1 0 -1 1 1 0 0 1 0 1 -1 0 0 -1 0 1 0 0 1 0 -1 0 0 1 -1 0 1 0 0 0 0 2 0 1 0 -1 0 0 0 0 0 -1 0 0 2 0 -1 0 0 -1 0 0 0 0 0 0 0 0 0 0 0 0 0 0 -1 1 0 0 -1 0 0 0 -1 -2 1 0 -1 2 0 1 2 0 3 1 0 1 0 1 0 0 0 -1 0 0 0 0 2 0 1 -1 1 0 -1 -1 0 0 0 0 -1 0 0 0 1 -1 0 0 0 0 0 1 0 0 0 1 0 0 0 -1 0 0 0 0 2 0 0 0 -1 0 0 1 0 -3 0 0 1 0 -1 0 2 1 0 -1 1 0 0 0 1 1 0 0 2 0 -1 0 1 -1 0 0 0 0 2 0 0 0 -1 1 0 0 0 -1 -2 0 0 -1 -1 0 0 0 -1 0 0 -1 0 0 0 0 -1 0 0 -1 0 0 -1 0 1 0 0 0 1 -1 0 -1 0 0 1 0 0 1 0 1 1 -1 0 -2 0 0 1 0 0 0 -1 0 0 -1 -1 1 0 -1 0 -1 -1 0 0 0 0 1 2 0 2 0 2 0 0 0 -1 0 1 0 1 0 -1 0 0 1 0 0 0 0 0 -1 0 0 0 0 0 0 0 -2 0 -1 0 0 0 0 0 0 1 0 0 0 -1 0 1 0 0 1 0 1 0 0 0 0 0 -1 -1 1 1 0 0 0 -1 1 -1 0 0 1 0 -1 0 0 -1 1 -1 -2 0 1 0 -1 1 -1 1 0 -1 1 0 0 0 0 0 1 0 0 1 1 0 2 0 0 1 0 1 1 0 1 1 0 0 0 -1 1 1 1 0 0 0 1 0 0 0 0 0 -1
-1 0 2 0 -3 16 0 1 1 0 1 0 1 0 1 0 0 2 -1 -1 -1 0 -3 0 -1 0 -1 -2 0 0 1 -1 0 0 0 -1 0 1 1 0 2 -1 0 -1 -1 0 -1 0 1 0 1 1 0 0 0 0 0 0 -1 0 -1 0 3 0 -1 1 0 0 -1 0 0 0 -1 3 0 -3 0 0 -1 2 0 0 0 0 1 0 1 1 1 -1 0 1 0 0 0 0 1 0 -1 -1 -2 0 0 0 1 0 -1 0 -1 0 0 1 0 1 0 0 2 1 0 0 0 0 -1 0 0 0 0 0 0 0 0 0 0 0 -1 -1 0 0 0 -1 1 0 1 0 0 0 1 0 0 -1 -1 -1 1 0 1 0 0 0 -1 0 0 1 0 1 1 0 -1 0 0 -1 -1 0 0 1 -2 0 0 2 -1 1 -1 1 -1 0 0 0 0 0 1 0 0 2 -1 1 1 -1 0 0 1 0 1 1 0 1 -1 -1 0 -1 -1 0 1 -1 -2 0 1 2 0 -1 -1 0 1 -1 1 0 0 0 1 0 0 0 -2 0 -1 -1 1 -1 1 0 0 -2 -1 0 0 1 0 1 -1 0 1 1 1 0 0 0 -1 0 -1 -1 0 -1 0 1 1 1 -1 0 -1 1 -1 -2 0 -1 0 0 -1 0 0 2 -2 1 -1 1 1 0 -1 0 -1 0 0 0 1 0 0 0 0 1 0 1 0 0 0 0 0 0 0 1 1 -1 0 -2 0 0 1 0 0 1 0 1 0 1 0 0 0 0 -1 0 0 1 0 1 0 0 -1 0 0 2 3 0 0 0 0 1 0 0 0 -1 -1 1 0 1 -3 0 2 1 0 2 -1 2 -1 0 1 0 -2 -1 0 1 1 0 1 0 0 0 2 0 0 -1 0 0 1 0 -1 -1 -1 -1 0 0 1 1 0 0 0 0 0 1 1 0 -1 0 -1 -2 1 0 1 0 -1 1 0 0 0 0
-1 0 0 0 0 0 12 0 0 0 0 0 0 -1 1 1 -1 -1 0 0 -1 -1 0 -1 0 -1 -1 0 0 0 0 0 -2 0 0 0 1 -1 0 -1 0 0 0 -1 0 0 0 0 2 0 0 1 0 0 0 0 -1 0 1 -1 0 0 0 0 0 0 -2 0 0 0 1 0 -1 1 1 1 0 0 0 0 0 0 0 -1 0 0 0 0 0 0 0 0 0 0 0 0 -2 -1 -1 0 0 0 -2 0 1 0 0 0 0 -1 0 0 -1 0 0 0 -1 0 -1 0 0 0 0 0 0 -1 0 1 0 0 0 0 -2 0 1 1 0 0 0 0 0 2 1 0 0 0 0 0 0 -1 0 0 1 0 1 0 0 1 1 0 1 0 0 1 -1 0 1 0 0 1 0 0 0 -1 0 1 1 0 -1 0 0 -1 -1 0 0 0 0 0 -1 0 0 0 -1 0 1 0 2 0 -1 0 -1 0 0 0 0 1 1 1 0 1 0 0 0 -1 0 1 0 1 -1 0 0 -1 -2 -1 0 0 0 0 0 -1 0 0 -1 2 0 -1 1 0 -1 1 0 0 1 0 0 0 0 1 1 0 0 0 0 0 0 0 -2 1 1 0 0 2 -1 -1 0 -1 0 0 0 0 1 0 0 0 0 0 0 -1 0 0 0 1 1 0 1 0 2 0 0 0 0 0 -1 0 0 0 -1 0 -2 0 2 1 0 -1 -1 -1 0 0 -1 0 1 0 0 1 0 0 0 -1 1 0 1 0 -1 0 -1 -1 0 0 0 1 1 1 0 0 0 1 1 0 -1 1 0 -1 0 0 0 0 0 0 -1 1 0 0 -1 0 0 0 -1 1 1 0 1 1 0 0 0 0 0 0 0 0 -1 0 0 1 1 0 0 -1 1 0 0 0 0 0 0 0 0 0 0 0 0 0 -1 0 -1 1 1 0 0 0 0 1 1 0 1 0 1 0 0 0
0 2 0 0 0 1 0 18 0 0 0 -2 1 0 1 0 0 0 -1 1 1 -2 0 0 0 -1 -1 -1 0 0 1 0 0 0 0 1 0 0 1 2 2 0 0 0 -1 -1 0 0 0 -1 -1 0 0 0 0 -1 1 0 0 -1 -1 1 0 2 -1 -1 -1 0 0 2 3 0 0 -1 0 -1 0 0 0 -1 0 0 0 -1 -1 1 0 2 0 0 0 0 0 1 1 0 0 0 0 -1 0 -1 0 1 1 0 -1 0 0 1 2 2 1 0 -1 0 0 0 2 0 1 -1 0 0 1 0 -1 1 0 0 -1 0 -1 0 1 0 0 0 -2 0 1 0 -1 1 0 0 1 1 1 0 2 1 1 -1 0 -1 1 2 2 0 1 2 -1 0 0 1 -3 0 0 1 0 1 1 0 1 0 0 2 -1 1 1 1 -1 -3 -1 1 -1 -1 1 0 0 2 0 0 0 -1 0 -2 1 1 2 -1 0 0 -1 0 0 1 -1 0 -1 2 0 0 0 0 0 0 0 0 1 0 0 0 0 0 0 -1 0 1 0 0 0 0 0 1 1 0 0 0 0 1 -1 1 0 0 0 1 0 0 0 1 -1 0 -2 -1 1 0 1 1 0 -3 -1 0 -1 -2 1 0 0 0 -1 1 2 0 0 0 0 -2 1 0 -1 0 0 0 2 -2 2 0 1 0 1 -1 0 -1 -2 -1 -1 0 0 -1 0 -1 0 1 0 0 0 0 1 0 1 0 -1 0 0 0 0 0 1 0 2 1 1 0 0 -1 1 1 0 -1 -1 1 0 0 0 -1 1 0 -1 0 0 1 0 0 2 0 1 2 0 1 -1 0 1 0 1 0 1 1 0 0 -1 -1 0 0 1 -2 0 0 0 1 0 -1 0 0 0 0 0 0 -2 2 1 0 0 0 0 0 1 0 1 0 0 1 0 2 1 1 -1 1 1 0 -1 0 0 0 0 0 0 0 -1 -1
0 -1 1 0 -1 1 0 0 16 -1 0 -1 1 0 1 0 0 -1 0 2 -2 0 0 0 0 -1 0 0 1 1 0 0 0 0 0 -1 -1 0 0 -1 0 0 -1 -1 0 1 1 0 -1 0 2 2 0 -1 1 0 -1 0 0 0 0 1 0 -1 0 0 0 0 0 0 0 0 0 1 0 1 0 -1 0 0 1 0 -1 0 1 0 -1 0 0 1 0 0 0 -2 1 0 0 0 0 0 -1 0 0 -1 0 -1 0 -1 0 -1 0 -1 2 -2 1 0 0 1 0 0 -1 0 0 0 -1 0 0 -1 0 -1 0 0 0 0 0 -1 -1 0 1 0 1 0 0 -1 0 0 0 0 1 -1 -2 0 0 1 0 0 0 1 0 0 1 2 0 0 1 -1 0 0 1 0 0 0 1 1 0 1 1 0 1 0 1 -3 -1 0 1 0 1 0 0 0 0 1 -1 2 0 -1 0 0 0 0 0 -3 0 -1 0 0 0 -1 0 0 0 0 0 0 0 1 0 0 0 0 -1 0 1 -2 0 0 0 0 0 3 1 0 0 1 0 0 1 1 -1 0 0 0 0 1 1 2 0 0 -1 0 -1 -1 0 0 0 -1 0 0 0 0 0 -1 0 1 -1 0 2 -1 0 -1 -1 3 0 0 1 0 0 1 1 0 0 1 -1 0 -1 1 -3 2 1 -1 0 0 1 0 1 1 1 0 -1 0 -1 0 -1 1 1 0 2 0 0 1 0 0 0 -1 1 -1 0 0 1 1 -2 1 0 0 0 1 0 1 1 0 1 0 0 0 0 0 0 1 0 0 -2 1 1 -1 1 2 0 1 0 0 1 -1 -1 2 0 0 1 0 1 -1 0 1 0 0 0 0 0 -1 0 0 0 0 0 0 0 0 -1 0 0 1 -1 1 -1 -1 0 1 0 -1 0 0 -1 1 -1 0 0 0 -1 0 -1 -1 0 0 2 3 -1 0 0 0 0 -1
-1 0 1 0 0 0 0 0 -1 14 0 -1 1 2 -1 1 0 0 0 0 1 2 0 0 0 0 0 0 0 -2 0 1 0 0 0 2 0 0 0 -2 -1 0 1 0 0 0 1 -1 1 0 0 -2 0 2 1 0 0 -1 0 0 0 0 0 0 -1 -1 -1 0 0 0 0 -1 0 1 1 0 1 0 -1 -1 -1 1 0 0 -1 0 0 2 0 -1 -1 1 1 1 0 0 -2 0 0 0 0 3 0 0 0 2 1 1 -1 0 -2 -2 1 0 1 1 0 0 1 0 2 -1 -2 0 1 1 -1 -1 0 0 2 0 0 0 1 0 -1 0 1 1 2 0 -1 0 0 -1 -2 0 2 0 0 0 0 0 0 0 0 0 0 0 0 0 -1 1 0 0 0 0 -1 1 0 0 0 1 0 0 1 0 1 0 -1 0 -1 -1 1 0 0 1 1 0 2 -2 0 0 0 0 0 3 0 0 0 -1 0 0 0 1 0 2 0 0 1 -1 1 0 -1 0 1 1 -1 2 -1 0 1 0 1 0 0 0 0 -1 -1 0 0 -1 1 0 0 0 0 0 -1 0 -1 -1 1 0 0 0 0 1 2 0 1 0 -1 0 0 1 2 0 0 0 0 0 0 2 0 0 0 -1 0 0 1 0 -2 0 0 0 0 0 0 0 0 0 0 1 0 0 0 0 0 0 0 1 3 0 1 0 0 2 1 0 0 2 -1 0 0 -2 0 1 1 2 0 0 -1 0 -1 1 -1 0 1 0 1 -1 1 0 0 1 1 0 -1 1 1 0 0 1 0 0 -1 1 0 -1 0 -1 -2 1 1 0 0 -1 -1 -1 0 -1 0 0 0 0 0 0 -2 0 -1 0 0 0 0 0 0 0 0 2 -1 0 -1 0 0 0 0 0 0 0 0 1 0 -1 0 1 0 0 -1 0 0 0 0 -1 0 1 -1 0 -1 0 0 0 0 1 0 0 -1 -2
-2 -1 0 0 1 1 0 0 0 0 19 -1 -1 1 0 -2 -1 2 0 0 0 0 2 0 0 0 0 0 0 0 -1 -1 0 1 0 0 1 2 1 1 1 0 0 2 0 0 0 0 0 0 0 0 0 0 0 0 0 -1 1 1 1 1 3 1 0 1 0 0 1 2 1 -2 0 0 0 0 0 0 0 -1 -1 1 0 0 -1 0 -1 0 0 1 -1 0 1 0 1 0 0 0 1 -1 1 0 0 0 -1 2 0 1 -3 2 1 1 1 1 0 1 0 0 1 -1 -1 1 0 0 1 -1 1 -1 0 0 1 1 1 1 0 -1 2 0 -2 0 1 0 -1 0 0 0 0 1 -1 3 0 1 0 -1 0 0 1 1 0 0 1 -2 0 0 1 -1 1 -1 0 -1 -1 0 2 0 -1 -1 0 -2 -1 0 1 0 0 2 -1 0 0 1 1 -1 -1 0 0 0 0 0 0 -1 -1 1 0 0 0 1 1 0 0 1 0 1 1 0 0 0 1 0 1 0 -1 1 0 0 1 -1 2 0 -1 1 1 -1 0 0 0 2 0 0 0 1 0 -1 -1 -1 0 0 0 -2 0 -1 1 -2 1 0 0 0 1 2 0 0 0 0 0 0 0 0 1 0 -1 1 -1 0 3 2 2 1 0 0 0 0 0 0 0 1 0 -1 -1 -1 -2 2 0 0 1 0 -2 0 1 1 0 0 -3 1 -1 2 0 1 1 0 0 2 1 0 0 0 1 -1 0 -1 0 0 2 1 1 0 0 0 0 2 0 -1 1 0 -2 2 0 0 2 1 -1 0 -1 -1 0 0 -2 1 -1 0 0 0 0 1 -3 0 0 1 0 0 -1 2 2 1 1 1 -1 0 1 -1 1 0 0 1 -1 0 1 -1 1 3 2 -1 0 0 2 0 0 -1 0 0 0 0 0 0 1 0 0 1 0 2 0 1 0 0 0 -1 0 1 0 0 -1 0 0 -1
0 -1 -1 0 0 0 0 -2 -1 -1 -1 18 -1 0 0 0 0 -1 1 -1 0 1 -1 1 -1 -1 0 1 -1 0 0 0 0 -1 -2 -1 0 1 0 0 0 1 -1 -1 0 -1 -1 -1 0 0 -1 0 0 -1 0 -2 1 1 0 0 -1 -1 -1 -1 0 0 1 0 1 -1 0 0 0 0 1 -1 -1 0 0 1 0 0 1 0 0 0 0 1 -1 0 0 -2 -1 1 1 0 0 -1 0 0 0 1 0 0 0 0 1 0 0 1 0 -1 0 2 0 0 1 0 0 0 0 -3 1 0 1 0 0 0 2 1 0 0 0 -1 -1 2 0 1 1 0 1 0 0 0 0 0 0 -1 1 0 -1 -1 -1 -1 0 0 0 0 0 0 0 -2 1 0 1 0 1 1 0 0 3 0 0 1 1 1 -1 -1 0 0 -1 0 0 0 1 0 0 2 0 0 0 2 -2 0 0 1 -1 0 1 0 0 0 0 0 1 0 1 0 0 1 0 -1 0 0 0 0 1 1 -1 0 -1 -2 0 -1 -3 0 0 1 0 0 0 0 2 1 0 1 1 0 0 -2 2 0 0 0 0 0 0 0 -1 0 0 0 1 0 0 0 0 1 1 -1 0 -1 0 0 -1 0 0 0 1 0 0 0 1 0 0 -1 0 0 -1 -1 1 0 1 0 -1 0 -1 0 0 0 1 1 0 0 -1 0 0 0 0 1 1 -1 1 -1 1 0 -1 -1 0 -1 -1 -2 0 1 0 1 0 1 -1 0 1 -1 0 1 0 0 -2 -1 0 0 1 0 -1 1 -2 0 0 0 1 -1 0 0 0 -1 0 1 -2 1 1 0 0 0 0 -1 1 0 -1 0 0 -1 -1 -1 0 0 0 2 -1 1 1 -1 1 -1 1 0 -1 0 0 -1 1 2 -2 -1 0 0 0 0 0 0 0 0 1 1 -2 0 0 1 1 1 0 1 0 -1 0 0 1 0 0 0 2 0
0 -1 1 -1 0 1 0 1 1 1 -1 -1 23 0 1 -1 1 -1 0 0 -2 1 -1 0 0 0 1 1 1 -2 2 -1 0 1 2 3 0 0 0 1 0 -1 1 3 -1 0 0 0 0 0 2 0 1 0 0 -1 1 1 -1 0 0 0 3 0 0 -1 0 -1 0 0 1 1 1 0 -1 0 0 0 1 -1 0 0 0 0 0 -1 2 -1 3 0 1 2 0 0 -1 0 0 1 0 0 -1 0 0 -1 0 0 -1 1 1 0 0 -1 0 -1 1 0 0 0 0 0 0 0 0 -1 0 0 -1 1 1 0 0 1 0 1 0 3 2 0 -3 0 1 0 0 0 1 0 0 -1 0 0 1 0 0 0 1 0 1 0 1 -1 0 3 1 1 -1 -2 0 0 -1 0 0 1 0 0 0 -2 0 0 0 -2 2 0 1 -1 1 0 0 -1 0 0 1 0 0 1 0 0 1 -1 1 -1 1 1 -1 0 0 0 0 0 0 1 -1 1 3 0 0 1 -1 -1 0 0 2 1 -1 1 0 1 3 0 1 0 1 0 -1 -1 1 1 2 1 0 0 0 -1 0 1 2 2 0 0 0 -1 0 1 1 -1 1 -1 1 0 1 -2 0 -1 0 0 1 -1 -2 -1 0 0 0 -1 0 0 1 0 0 -1 0 0 0 0 0 2 1 -1 1 1 0 0 1 0 1 0 0 2 -1 0 -2 0 -1 0 0 2 0 0 2 0 1 -1 0 -1 1 1 0 1 0 0 0 0 0 0 1 1 0 0 0 0 0 -1 -1 1 0 0 0 -1 0 0 2 2 0 1 0 0 1 -1 -1 1 0 0 0 0 0 -1 0 3 1 0 0 0 1 1 0 1 1 0 -1 -1 0 1 1 -1 0 1 0 1 1 1 -1 1 -2 2 -1 1 -1 -1 0 1 -1 -2 -2 1 1 0 0 0 0 0 0 -1 0 1 -1 1 0 0 0 0 -2 -2
1 0 0 -2 0 0 -1 0 0 2 1 0 0 19 0 1 0 1 0 0 1 0 1 0 0 -1 0 0 0 2 1 0 0 -1 0 1 -1 -1 -1 0 -1 1 1 -1 0 -1 0 1 0 0 0 0 1 0 1 1 0 -2 0 1 0 2 0 -2 0 -1 0 0 -1 1 0 1 2 2 0 -1 -1 0 -1 0 0 1 -2 0 1 0 0 2 2 1 0 0 0 1 0 1 2 2 0 3 1 0 1 0 0 0 0 -1 0 0 0 1 0 -1 0 0 1 -1 1 1 0 1 -3 0 0 1 0 -3 0 -1 2 0 1 0 0 1 1 0 0 0 1 -1 1 0 0 -1 1 0 0 0 0 1 1 -1 0 1 0 0 2 0 -1 1 0 0 0 1 -1 0 2 0 0 0 0 -1 2 1 1 0 -1 0 -1 0 0 -2 0 0 0 1 0 1 3 -1 0 1 0 0 0 1 2 0 1 2 1 -1 -1 0 0 1 1 1 0 0 -1 1 -1 0 1 2 1 1 0 -1 -1 0 1 0 1 0 0 -1 -1 0 1 1 0 1 1 0 0 0 0 1 2 0 0 -1 2 2 0 -1 0 0 -2 0 -1 0 2 1 -2 0 0 -1 -1 1 0 0 0 1 0 -1 0 -1 0 0 1 -2 0 0 0 2 1 0 3 1 -1 0 -1 0 -1 0 1 1 0 0 1 1 0 0 0 0 0 -1 0 0 1 0 1 -1 0 -2 1 0 0 -1 -1 1 0 1 0 2 0 0 0 0 1 0 0 0 0 0 -1 0 -3 1 2 0 0 -1 1 0 0 0 0 -1 0 1 -3 2 0 -1 0 0 0 0 0 1 0 -1 0 1 -1 0 1 1 0 1 1 -1 0 0 0 0 0 -1 0 0 -1 1 -1 0 1 1 0 0 0 1 1 1 0 0 0 1 2 0 2 0 1 -1 0 0 0 -1 0 0 0 0 -1 0 0 1
1 0 0 -1 1 1 1 1 1 -1 0 0 1 0 14 0 0 -1 -1 1 0 2 0 1 0 -1 2 1 0 0 0 1 1 1 0 1 -1 -1 -2 0 0 0 2 0 -1 -1 0 1 0 0 0 -1 0 -1 0 0 0 1 0 0 -1 1 1 0 1 0 0 0 0 0 0 -1 0 -1 -1 -2 1 -1 0 0 0 -1 -1 0 0 0 -1 -1 0 0 0 1 -1 0 -1 1 1 0 2 0 0 -1 0 0 0 0 1 0 0 0 0 -1 1 0 1 1 -1 0 1 -1 1 0 2 0 0 0 0 0 0 0 -1 0 0 0 0 2 1 0 0 -1 0 0 1 0 0 1 1 -1 0 0 0 0 1 0 0 0 0 1 0 1 0 3 0 0 0 1 -4 1 0 -1 0 0 1 0 -1 2 0 2 0 0 0 0 -1 0 0 0 1 -1 0 0 1 0 1 1 0 0 1 -1 0 -1 0 0 0 0 0 1 -1 0 0 1 0 0 -2 0 0 1 -1 -1 0 0 1 1 0 0 0 1 0 0 -1 1 1 -1 1 1 0 0 1 0 0 0 -1 1 1 0 0 0 1 1 1 0 -1 0 0 1 2 0 0 -1 -2 0 -1 0 -1 -1 0 1 0 -2 0 0 1 1 0 1 0 0 0 -1 0 1 1 0 0 0 1 0 0 0 0 0 2 0 1 -1 1 1 0 -1 0 -2 0 0 -1 2 0 0 0 1 0 -1 0 0 0 0 0 -1 0 2 0 -2 2 -1 2 -1 0 1 1 0 -2 1 0 1 0 0 0 -1 0 1 0 0 0 0 2 0 0 -1 2 -1 0 2 0 0 1 0 0 0 1 1 1 0 1 0 0 0 0 0 0 -2 1 1 0 0 0 0 1 1 -1 1 0 0 0 1 0 -1 1 1 0 0 0 0 0 0 0 -1 0 0 0 0 1 0 0 0 1 0 0 0 0 0 0 0
-1 0 1 1 0 0 1 0 0 1 -2 0 -1 1 0 22 0 1 0 -3 2 1 1 1 0 0 0 0 0 2 1 0 0 -1 0 2 1 -1 1 -2 0 0 0 0 -1 0 0 -1 0 0 0 0 1 1 1 4 0 0 0 1 0 0 1 1 -1 -1 -1 2 1 0 0 0 -3 1 0 0 1 -1 0 0 1 0 0 1 0 0 0 2 0 0 0 0 0 -1 0 1 0 0 0 0 0 -1 -1 1 0 0 1 0 2 0 1 1 0 0 1 2 0 0 2 0 0 2 1 1 0 -1 -1 0 0 -1 0 -1 0 0 0 0 -2 0 4 -1 -1 0 0 1 0 1 0 1 0 -2 0 0 0 0 0 0 1 0 -1 0 0 -1 0 0 1 0 1 0 2 0 -3 0 0 0 2 0 0 0 -1 1 0 0 0 -1 0 1 0 0 0 -1 1 1 0 1 0 0 -1 1 0 -1 0 -1 -1 -1 0 0 -1 0 0 1 2 -1 0 -1 -1 0 0 1 -3 0 0 -1 1 0 -1 1 -1 0 1 -1 -1 1 0 0 1 0 0 1 1 -1 1 0 -2 0 0 0 0 1 1 0 -1 1 0 0 1 1 0 0 1 0 2 0 0 1 -1 3 0 -2 2 0 -3 0 0 0 1 0 -2 -1 0 0 0 -2 1 0 -1 2 -1 1 0 1 0 1 1 0 1 0 0 0 1 0 -1 0 1 1 -1 0 1 1 0 -2 1 1 0 2 0 0 0 1 2 0 0 0 1 -1 -1 0 1 0 0 0 -2 2 0 0 0 0 0 0 0 0 -1 0 0 -1 1 -1 0 0 0 0 0 -1 1 0 0 -1 -1 0 -3 -1 2 0 0 -2 0 0 0 2 0 -2 0 0 0 -1 -1 -2 1 0 1 0 -1 0 0 1 0 -1 0 0 0 -1 4 2 0 0 -1 0 -1 3 1 -3 -2 -2 0 0 0 2 0 0 0 -1
2 1 0 0 0 0 -1 0 0 0 -1 0 1 0 0 0 15 -1 2 0 -1 0 -2 0 2 -1 0 -1 -1 0 0 -1 -1 -1 0 0 0 0 0 1 0 -1 0 1 0 1 1 0 0 1 0 0 0 0 1 0 0 0 0 0 2 0 0 -2 1 0 0 0 0 1 0 1 1 2 -1 1 0 0 2 0 0 -2 0 0 0 1 1 0 -1 -1 -1 -1 0 0 0 0 2 0 -1 1 0 0 0 1 -1 1 1 1 1 -1 0 -2 0 0 2 0 1 0 0 0 0 0 0 0 0 -1 -1 0 0 0 -1 0 1 0 0 0 -1 0 0 0 0 0 0 -1 0 1 0 0 1 0 0 0 1 0 -1 -1 2 1 1 -1 0 1 -1 0 -1 3 0 1 -1 1 0 -1 0 0 0 -1 0 0 0 2 0 0 0 0 -1 0 -1 0 0 0 1 0 0 0 1 0 1 0 1 0 -1 0 -1 0 2 0 1 -1 1 1 -1 0 -1 0 0 -1 -1 0 0 0 0 0 0 0 -1 0 0 0 0 1 0 0 0 0 0 0 0 0 0 0 1 0 -1 0 1 -1 0 0 0 0 0 -1 0 -1 0 0 1 0 -3 0 0 0 0 -1 1 -1 -1 -1 0 1 0 2 -1 0 0 -1 2 0 1 1 0 0 2 0 1 0 -1 0 0 2 0 0 0 0 0 1 -1 -1 0 1 0 -3 0 0 -1 0 0 0 -1 1 0 0 0 1 0 -1 1 1 1 -2 -1 1 0 0 1 0 -2 0 0 -1 -3 -1 -1 0 1 -1 1 0 1 1 0 0 1 3 0 -1 0 2 0 -1 0 -1 -2 0 0 0 1 -1 1 0 0 0 -1 0 -1 2 0 0 0 0 0 0 0 1 0 0 -1 0 1 0 -2 0 0 1 -1 0 0 0 1 -1 0 0 0 -2 0 0 0 0 0 -1 0 0 0 2 -1 0 -1 -1 1 -1
0 0 0 1 1 2 -1 0 -1 0 2 -1 -1 1 -1 1 -1 19 -1 1 0 -1 2 -2 1 0 -1 -2 0 0 1 0 1 1 -1 1 1 1 1 0 0 0 0 -2 0 1 0 0 1 2 2 0 0 0 0 1 0 -1 0 -1 0 1 0 0 -2 1 0 0 1 0 0 0 0 0 -1 2 0 1 -2 0 0 0 -1 0 -1 0 0 0 0 1 -1 1 0 0 -1 0 -1 0 4 0 1 2 1 0 -1 0 0 0 -1 1 0 0 1 -1 -2 1 2 0 1 1 0 0 0 2 0 -1 0 0 0 0 0 1 0 1 0 -1 0 0 -1 0 0 0 0 0 0 -1 0 2 0 -1 0 0 1 0 2 0 -1 -1 0 -1 0 -1 1 2 2 1 -1 0 1 0 0 0 0 0 0 0 1 0 0 0 0 0 0 0 0 -1 1 3 -1 -1 1 -2 -2 1 0 0 0 0 1 1 1 -1 1 -1 1 -3 1 0 0 0 1 0 -2 -1 1 0 1 0 1 0 0 -1 1 1 1 0 -1 0 -1 0 0 0 0 -2 1 0 0 1 1 -1 0 1 1 -1 0 -1 0 -1 1 0 -1 0 0 0 0 -1 0 2 1 1 0 1 -1 1 0 0 -1 0 1 1 1 -1 1 -2 0 0 -1 0 -2 0 0 0 0 0 0 0 1 1 1 1 0 0 1 0 0 -1 0 0 1 -1 0 2 0 -1 0 0 0 0 0 1 0 1 0 -2 0 2 0 0 2 0 1 0 0 -1 0 -2 2 0 0 1 0 0 0 0 1 0 1 0 -1 0 0 -1 -1 1 1 -1 -1 0 1 2 0 2 1 0 0 0 -1 0 -1 0 0 0 1 -2 1 0 0 2 0 0 0 0 2 -1 -1 1 1 0 0 -1 1 -2 -1 2 0 0 0 2 0 0 0 2 1 1 1 0 0 1 1 0 -1 0 0 0 0 0 1 0 0 0
-1 0 -1 1 1 -1 0 -1 0 0 0 1 0 0 -1 0 2 -1 18 1 1 0 0 0 -1 -1 1 1 0 0 1 -2 0 0 0 0 0 -1 1 -1 1 2 1 0 -1 0 1 0 0 0 -1 0 0 1 0 1 1 0 0 0 0 0 0 1 -1 0 1 0 1 2 -1 0 0 -2 0 -1 0 0 0 0 0 0 0 2 0 0 0 0 0 1 -3 -1 1 2 0 -1 0 0 -1 0 0 0 1 0 -1 -2 3 0 0 0 0 -2 0 2 1 -3 -1 0 1 1 1 1 0 -1 0 -1 0 0 0 0 -1 0 -2 0 -1 1 -1 0 0 2 0 2 0 0 0 0 0 0 0 -1 0 0 0 1 -1 1 -1 1 0 -1 0 -1 -1 0 0 1 0 0 0 0 0 1 0 -1 0 0 0 2 0 -1 0 0 2 1 0 -1 3 1 0 0 0 0 1 0 0 0 -2 0 0 1 0 0 0 2 0 0 2 1 0 -1 0 -1 1 -1 0 5 0 0 0 0 0 1 -1 2 -1 0 -1 0 1 1 0 0 0 -1 0 -1 0 1 -1 0 0 0 0 0 0 1 0 0 -1 0 1 -1 0 0 0 1 0 1 -3 -2 -1 0 -1 0 0 0 -2 1 1 1 0 2 0 0 1 -1 1 0 0 1 0 2 2 1 -1 0 1 1 1 1 0 0 -2 0 1 -2 -1 0 -2 2 -1 2 0 0 0 0 0 0 0 1 0 1 0 0 0 2 -1 0 2 1 -1 0 -1 0 1 0 1 1 0 -1 -2 0 -1 0 0 -1 1 0 1 1 -1 0 1 0 0 1 0 -2 -1 -1 0 -2 -1 0 2 0 0 -1 0 1 0 1 1 0 -2 1 1 -1 2 0 -1 0 -1 0 1 0 -1 0 0 -1 0 0 0 0 0 -1 0 0 1 0 0 1 1 -1 0 -1 0 1 0 -2 0 0 0 0 2 1 1 -1 -1 0
-1 0 -1 1 1 -1 0 1 2 0 0 -1 0 0 1 -3 0 1 1 31 0 0 -1 0 1 0 1 0 -1 0 1 0 0 0 0 1 1 1 -3 2 -1 1 -2 -1 0 0 1 0 -1 0 -2 3 0 0 0 -1 0 0 0 0 0 0 2 1 0 1 1 -2 -1 1 -1 -1 0 1 0 1 0 1 -1 0 1 2 -1 0 0 -1 -1 1 -1 0 2 0 0 0 0 1 0 1 1 -1 1 -1 0 0 -1 1 0 0 1 -1 -1 -1 0 0 -2 0 -2 1 1 -1 2 0 -1 -1 0 0 -1 -1 2 0 0 0 0 1 0 -1 -1 0 1 1 0 0 0 0 0 -1 -2 1 0 0 0 1 -1 0 -4 -1 -1 0 1 -1 0 1 1 0 1 -1 -2 0 0 1 1 0 -1 -1 1 -3 4 0 1 2 1 0 0 1 0 -1 2 0 2 0 1 1 -1 2 0 -1 0 0 1 0 0 -2 1 0 1 0 1 1 0 1 -1 3 -2 -1 1 -2 0 0 0 0 3 -1 -1 -1 2 -1 -2 1 0 0 3 0 -2 2 0 0 1 -1 -1 1 0 2 1 0 1 1 0 -1 -1 0 0 -3 0 -1 -2 -2 -1 1 2 0 -1 0 0 0 0 -1 -2 0 1 0 0 2 1 0 0 1 2 -3 -1 0 -1 0 0 1 1 0 0 0 1 1 0 1 -2 -2 0 0 -1 0 -4 0 1 -1 -1 1 0 0 -1 0 1 1 -1 1 0 1 0 -1 1 0 0 0 -1 0 0 0 1 2 -1 1 0 -2 0 -1 -1 0 0 1 -1 1 -2 -1 -1 1 1 1 1 1 0 0 0 0 1 -1 0 0 0 -1 1 -3 0 0 -3 0 0 1 -1 -1 -1 0 0 0 -2 0 0 -1 0 0 0 1 -1 1 1 2 0 1 1 -1 -2 1 -1 -1 0 -1 1 0 1 0 1 3 0 4 1 2 1 2 1 0 0 0 -1 0
1 1 -1 -1 0 -1 -1 1 -2 1 0 0 -2 1 0 2 -1 0 1 0 16 3 1 0 0 1 0 -1 -2 0 -1 -1 0 0 0 0 0 0 2 -1 -1 1 -1 -1 0 0 2 0 0 0 -1 -1 0 0 0 1 2 0 0 0 0 0 -1 1 2 0 1 0 1 0 0 0 0 0 0 1 0 1 0 -1 0 0 0 0 -1 0 0 0 1 0 -1 0 1 0 1 0 0 0 1 0 -1 1 0 0 0 -2 1 0 1 2 0 0 0 0 -2 -1 -2 -1 -1 0 0 0 0 0 2 0 0 0 1 0 1 0 -1 0 0 1 -1 0 0 0 -1 0 0 0 0 0 -1 0 -1 0 0 0 0 0 0 0 0 -1 0 0 0 0 1 -1 1 2 1 0 1 -1 0 0 0 -1 -1 1 -1 2 1 0 1 0 0 0 0 -1 1 -1 -2 0 0 1 0 1 0 0 1 0 0 0 0 1 -1 1 0 1 1 0 0 0 0 1 2 0 0 0 1 1 1 0 0 -1 1 2 0 0 0 0 1 -1 2 0 2 -1 0 0 0 -1 1 1 2 0 0 0 -2 0 0 0 0 0 2 -1 0 0 -1 1 0 2 -2 2 0 -1 -1 1 -1 1 -1 -1 -2 1 -1 0 0 0 -1 0 0 0 0 0 -1 -3 0 0 0 -2 1 -1 0 -1 1 0 0 1 1 -1 0 -1 1 1 0 0 0 1 0 -2 0 0 -1 1 0 0 -1 0 0 0 0 0 -2 2 -1 0 -1 0 0 -1 0 1 0 0 2 2 1 -1 1 0 -1 0 1 0 0 -1 -1 0 -1 1 1 -1 1 -1 2 0 2 0 -1 0 0 0 -1 0 0 0 1 0 0 1 0 -1 2 1 0 0 0 0 -1 0 -1 1 -2 0 2 1 1 2 -1 0 0 2 0 0 2 -1 0 0 1 0 0 0 0 -1 1 -1 0 -1 0 -1 0 0 0 1
1 0 1 0 -1 0 -1 -2 0 2 0 1 1 0 2 1 0 -1 0 0 3 22 0 3 1 2 1 1 -1 0 0 1 0 1 2 1 0 0 1 -1 -1 1 -1 1 1 1 -1 -2 1 1 1 -1 0 1 0 1 0 0 -1 0 0 -1 0 1 1 0 1 1 0 -2 -1 0 1 1 0 -1 2 0 0 -1 0 0 -1 0 0 0 -1 -2 1 0 0 0 0 -1 1 1 0 0 -1 0 0 2 0 -2 -2 0 3 1 0 3 3 -1 1 -2 1 2 -1 0 -2 0 -1 -2 0 0 0 1 0 1 2 1 1 -1 2 1 0 2 1 1 2 0 -1 0 0 -1 -1 1 -1 -1 0 0 0 0 0 1 -1 0 0 3 0 -2 2 0 0 0 0 0 1 -1 1 -1 1 1 -1 1 -1 -1 0 -2 2 1 1 -1 0 0 1 0 2 1 0 -1 2 0 1 1 0 0 0 2 0 0 0 0 -2 0 0 3 0 0 1 0 0 0 2 -1 0 0 1 0 -1 0 0 1 1 -1 0 2 0 0 0 -1 1 0 1 -2 1 0 1 1 1 2 0 0 -1 5 -1 3 0 2 0 0 0 0 1 0 0 1 0 1 0 0 0 -1 2 0 0 4 0 0 1 0 0 1 1 1 1 1 1 -2 0 1 0 0 0 1 0 2 2 0 0 0 1 0 0 0 3 2 2 -1 0 -1 -1 0 -2 1 0 -1 1 0 -1 -1 0 1 0 0 0 1 -1 2 -2 2 1 2 2 2 0 1 -1 1 0 0 1 0 0 -1 1 0 2 0 3 -2 0 0 0 -1 -1 0 1 0 1 -1 1 -1 -1 -1 0 0 1 1 2 0 1 0 2 0 1 3 -1 -1 1 -1 -3 1 0 0 0 0 1 -1 2 0 1 0 1 2 1 -1 -1 0 0 1 0 0 0 -1 0 0 0 2 0 0 1 0 0 0 1 2 0 0 0 -1
1 0 -1 -1 0 -3 0 0 0 0 2 -1 -1 1 0 1 -2 2 0 -1 1 0 21 0 0 0 1 -1 -1 2 0 1 2 1 -1 -1 0 1 -1 0 0 -1 0 -1 1 0 1 0 0 0 0 0 -1 -1 0 1 -1 0 2 0 1 1 0 2 0 0 0 2 -1 1 -1 -1 0 0 1 0 0 0 0 0 1 1 0 0 1 -2 -1 -1 0 2 -1 0 0 0 -1 0 0 1 2 0 1 -1 0 1 0 -2 0 0 -1 1 -2 0 2 -1 0 0 1 -1 0 1 1 0 0 0 0 1 0 0 0 -1 0 0 0 1 3 0 -1 1 0 1 -2 1 0 -1 0 -2 -1 1 1 0 -1 0 -1 0 0 0 -1 0 0 -1 1 0 1 -1 0 0 -1 -1 1 0 -1 0 0 0 0 1 0 1 -1 1 1 -1 1 0 1 0 0 2 -1 -1 -1 -1 1 0 -1 0 0 0 -1 1 2 0 1 2 1 1 0 1 0 0 -2 0 1 1 1 0 0 1 0 -1 1 0 0 0 2 1 2 0 0 -1 2 1 0 2 0 1 -1 1 0 0 -2 1 1 0 0 0 2 -1 -2 -1 0 0 -2 0 0 0 0 1 1 2 -1 0 0 -2 1 0 1 -2 2 2 0 0 0 0 0 -1 -1 0 1 1 0 -1 -1 1 -1 2 1 2 0 1 0 1 0 0 0 -3 3 -1 -1 1 0 2 1 0 -1 0 -1 2 0 1 -2 1 -1 2 2 0 1 0 1 0 2 0 0 0 0 -3 1 1 0 0 0 -1 -1 0 1 -1 -1 -1 0 0 0 0 -1 0 1 -1 0 0 1 1 1 -1 -1 0 0 0 0 1 1 1 0 1 1 0 0 1 1 0 0 0 0 0 1 0 1 0 2 0 -2 0 0 0 0 0 0 0 1 0 0 0 0 0 1 1 -2 -1 2 1 0 2 -3 0 0 0 1 0 1 0 0 0
0 0 0 0 -1 0 -1 0 0 0 0 1 0 0 1 1 0 -2 0 0 0 3 0 16 1 0 1 0 -1 0 1 -1 1 0 1 1 0 -1 0 1 0 1 -1 0 0 0 0 -1 0 0 0 -1 0 0 0 -1 1 0 -1 1 0 -1 1 0 0 1 2 0 1 0 -1 0 0 0 0 -1 0 0 0 0 0 0 0 -1 0 0 1 1 0 0 0 1 0 0 0 0 0 0 2 0 1 0 0 0 -2 0 1 0 0 1 1 0 2 -1 0 -1 1 0 0 2 2 -1 0 0 -1 0 1 0 1 1 1 0 0 1 0 0 0 1 0 0 1 -1 0 0 0 1 0 0 0 0 0 0 0 0 1 0 0 0 -1 -3 0 0 1 0 0 0 1 0 1 -1 0 1 2 1 0 1 1 0 0 4 0 0 0 0 2 0 1 -1 0 0 1 0 1 -1 0 0 0 0 0 0 -2 0 -1 1 -1 0 1 1 0 0 -1 -1 -1 0 0 0 -1 1 0 -1 2 0 0 0 0 0 1 -1 0 0 1 0 0 1 0 0 0 1 1 -1 2 1 0 0 1 0 0 -1 0 1 -2 0 0 1 1 0 0 0 1 0 0 -1 1 0 0 0 0 0 1 -2 0 2 2 3 0 0 1 0 -1 2 -1 1 0 1 -1 1 1 0 1 0 1 0 0 -1 0 -1 0 0 0 0 -1 0 1 0 0 1 0 1 0 -1 0 0 0 -1 -1 0 0 1 3 0 2 0 1 0 0 2 0 0 0 0 1 -1 0 0 0 0 2 1 -1 1 -1 0 0 -1 0 1 0 0 -1 0 1 0 0 0 0 -1 1 1 1 0 1 0 0 1 0 1 -1 1 0 0 1 -1 0 0 1 -1 -1 0 1 1 1 0 1 0 1 0 0 0 0 0 0 0 0 0 -1 1 0 0 0 0 1 1 0 0 1 0 0 -2 -1 0
-1 -1 1 0 0 -1 0 0 0 0 0 -1 0 0 0 0 2 1 -1 1 0 1 0 1 27 -2 -1 1 0 0 1 -1 0 0 0 0 -2 1 -1 0 -2 1 0 2 0 0 -1 0 1 1 -1 -1 0 1 0 1 -1 1 -1 0 1 2 -1 0 3 0 -1 1 0 0 0 -1 2 -1 -1 1 -2 1 -1 -1 -2 0 2 0 0 1 2 -1 1 0 1 3 -2 0 0 2 0 0 -1 -1 3 0 0 1 -1 0 0 1 1 0 0 -1 1 -1 -2 0 0 1 -1 0 1 0 1 -1 1 -1 0 0 1 -1 0 0 1 1 0 -1 -2 0 -2 -2 -1 0 0 2 0 0 1 3 1 1 2 0 4 -1 -2 0 1 0 0 -1 0 1 -1 3 1 3 0 1 1 1 1 -2 1 1 2 -2 0 -2 2 0 0 -1 -1 0 -1 1 -2 -1 0 -1 1 -1 2 -1 -1 -1 -2 0 1 -4 3 1 0 -1 0 0 0 -2 -1 0 2 1 -1 -1 -1 -2 0 3 1 3 -1 -2 0 1 0 0 1 0 -3 1 2 0 -1 -1 -1 0 0 0 0 -1 1 0 -1 -2 0 -1 0 0 -1 1 -1 0 0 -1 0 0 -2 0 -1 0 0 0 -2 -1 1 -1 0 -1 0 2 1 0 1 0 1 0 0 -1 0 -2 2 2 0 1 0 0 1 2 0 0 0 0 0 0 0 2 1 0 0 -1 1 -1 0 -2 -1 0 -3 -1 1 0 0 1 0 1 0 -1 1 1 1 -1 -1 0 2 -1 0 0 -4 2 0 -1 1 -2 0 1 2 3 0 0 -2 -1 1 -2 -1 2 -1 2 -1 -1 -1 0 2 -1 0 0 -2 0 0 1 0 -1 0 -1 -1 1 0 0 0 -3 0 0 0 0 1 0 0 0 1 -1 0 -3 0 2 1 1 -1 2 0 1 1 0 0 -1 1 -1 0 0 1 -1 0 -1 0 0 0 2 -1 -1 0 0 2 -1
0 0 1 0 0 0 -1 -1 -1 0 0 -1 0 -1 -1 0 -1 0 -1 0 1 2 0 0 -2 21 0 0 0 0 0 -1 -1 0 1 2 1 0 -2 0 1 -1 -2 0 1 0 0 0 0 2 2 0 0 0 2 1 0 0 1 0 1 -1 -1 0 -1 0 2 -1 1 -1 -1 0 0 1 3 1 1 0 0 1 1 2 0 0 -1 1 1 -2 0 -1 0 1 0 0 0 0 0 0 0 -1 1 0 1 1 0 0 -1 0 1 2 1 0 0 0 2 -1 1 0 0 1 0 -1 0 0 0 0 1 0 1 2 1 0 -1 2 0 1 3 -1 2 0 -1 -1 -1 0 0 0 1 0 -1 0 0 -2 1 0 3 0 0 1 1 0 -1 -2 2 -1 1 0 2 -1 1 -1 1 0 0 1 0 -1 0 0 1 3 -1 0 1 0 -1 1 1 -2 -1 0 0 0 -1 2 1 1 1 0 0 1 1 0 0 1 0 0 0 0 0 2 0 -1 0 0 0 0 0 1 0 0 0 0 0 0 -1 3 0 0 0 1 0 0 -1 1 0 -1 0 -1 0 1 1 1 0 -1 -1 0 0 0 -2 1 0 1 0 1 0 1 1 0 0 3 1 -1 2 0 -1 2 1 3 0 0 0 1 -1 -1 0 1 0 0 0 0 -1 0 1 -1 -1 1 1 2 0 0 -1 0 0 1 0 2 0 0 0 1 0 0 -1 0 0 0 -1 3 0 -1 1 1 1 0 -1 1 1 1 -2 3 -1 0 -1 0 0 0 2 2 0 0 1 1 -1 1 -1 1 -3 0 2 0 0 -1 1 -1 -1 0 2 -1 1 -1 -1 1 1 0 -1 0 0 1 0 0 0 0 0 0 1 0 0 0 0 1 0 0 -1 -1 0 1 1 -1 0 1 -2 0 1 1 1 -3 1 0 0 -1 1 -2 0 1 0 0 -1 0 1 1 2 -1 0 -1 1 1 1 0 -1 0
0 1 0 0 0 -1 -1 -1 0 0 0 0 1 0 2 0 0 -1 1 1 0 1 1 1 -1 0 11 1 0 1 0 0 0 0 0 0 1 0 0 3 0 0 1 0 0 0 0 0 0 0 1 0 1 -1 1 0 1 0 1 1 0 0 1 2 -1 2 0 -1 0 0 1 0 0 0 0 0 0 0 0 0 0 0 0 1 0 -1 0 0 0 0 2 0 0 0 -1 1 0 1 -1 -1 0 0 0 0 0 0 0 0 0 0 0 1 0 0 2 1 1 -1 0 -1 0 0 0 0 0 0 0 -1 1 0 1 0 0 0 0 0 1 0 0 0 0 0 0 0 0 0 0 0 0 0 0 0 -2 0 -2 0 0 1 1 0 -1 1 0 0 0 0 -1 0 0 0 0 0 0 0 0 1 0 0 -1 0 1 0 0 0 1 2 2 0 1 -1 0 0 1 0 -1 0 0 0 1 0 0 2 -1 0 1 1 -1 0 0 0 0 1 1 0 0 1 -1 -1 1 0 0 0 1 1 0 2 0 0 -1 0 1 0 0 0 0 0 0 1 0 -1 0 0 -2 0 0 -1 0 -1 0 0 1 0 0 1 0 0 0 1 -1 1 0 -2 0 0 -1 1 0 -1 0 0 1 1 0 1 -1 1 1 0 2 1 0 1 0 0 0 -1 0 0 0 2 2 0 0 0 0 -1 0 -1 0 0 -1 1 1 0 0 -1 0 0 1 0 0 -1 1 -1 0 -1 0 0 2 0 0 0 2 1 0 1 0 0 0 0 -1 0 0 0 0 0 2 0 0 1 1 1 0 1 -1 -1 0 0 0 1 1 0 0 0 0 -1 1 0 1 0 1 1 0 2 0 1 0 -1 0 1 1 0 0 -1 2 1 -1 -1 -1 -2 0 1 1 1 0 0 -1 0 0 0 2 -1 1 0 0 0 0 0 0 0 0 0 0 0 0 -1 0 0 0 0
1 1 2 0 -1 -2 0 -1 0 0 0 1 1 0 1 0 -1 -2 1 0 -1 1 -1 0 1 0 1 22 1 -1 0 1 0 0 1 1 0 1 -1 1 0 0 -1 3 -1 -1 1 1 1 -1 0 0 0 2 1 1 0 1 1 0 -2 1 -2 1 1 -2 -1 -1 1 -2 2 0 0 -1 -1 0 -1 -1 1 1 -1 -1 0 0 0 1 0 -1 -2 0 0 1 -1 1 -1 1 0 0 -1 1 1 0 0 -1 0 0 1 0 0 0 0 1 0 1 2 -1 0 -1 -3 -1 0 -1 0 -1 0 0 1 -1 0 1 0 1 0 0 -1 2 1 0 -1 0 0 0 0 0 0 0 0 0 0 1 0 0 1 1 0 0 0 0 1 -1 0 0 0 1 0 0 2 0 0 1 3 0 1 1 1 -1 0 -1 0 4 1 -1 0 0 0 1 0 -1 1 0 0 0 -1 0 0 0 0 0 1 0 0 0 -1 0 -1 0 1 0 0 0 1 1 2 0 1 1 0 0 -1 1 1 1 1 1 -1 -1 0 1 1 0 0 0 0 1 0 2 -1 0 0 1 1 0 0 1 0 2 1 1 -1 1 0 0 0 0 1 0 0 0 0 0 0 -1 -1 0 0 0 2 0 1 0 1 1 0 2 0 1 -1 1 2 -1 2 0 0 0 0 0 -1 2 0 0 0 0 1 1 2 1 1 0 1 -1 0 0 0 0 2 0 1 0 -1 0 0 1 1 0 0 -1 0 0 0 0 0 1 0 1 -1 0 1 1 0 0 -1 3 2 -1 0 -1 0 1 0 0 0 -1 -1 0 0 0 0 0 0 -1 2 1 3 -1 0 -1 0 -1 1 -1 2 0 0 0 0 -3 1 -1 -1 -1 0 -1 0 0 0 1 1 0 0 -1 0 1 0 0 0 -1 -1 -1 0 -2 0 0 0 0 0 2 -1 0 -1 0 0 0 2 0 1 0 0 0 -1 0
0 0 0 0 0 0 0 0 1 0 0 -1 1 0 0 0 -1 0 0 -1 -2 -1 -1 -1 0 0 0 1 17 -1 1 -1 -1 0 -2 1 -1 0 0 0 1 1 0 1 0 0 0 -2 0 0 0 0 0 -2 -1 -1 -1 0 0 -1 0 0 0 1 -1 -1 -1 0 -1 0 2 0 -1 0 -1 1 0 0 0 1 -1 0 0 -1 0 0 -2 1 -1 0 0 0 0 -1 1 1 -1 1 -1 0 -1 -1 0 1 -1 0 -1 0 -2 0 0 1 -1 -1 0 0 1 0 1 -1 0 0 1 -1 0 -1 1 1 0 1 -1 0 0 0 -1 0 0 1 1 0 0 0 0 1 0 0 0 0 0 1 -1 0 0 0 0 0 1 -1 1 1 -1 0 0 1 0 0 -1 0 1 0 0 0 0 1 -1 1 -1 1 -1 -1 0 -1 0 0 0 1 1 0 0 0 0 0 -3 1 0 0 -1 0 1 -1 -1 0 0 -2 0 -2 1 1 0 0 0 0 -1 0 -1 3 0 0 1 0 1 0 0 -2 0 0 0 -1 0 0 0 1 -3 2 0 0 0 1 0 0 1 0 0 2 0 0 0 -1 0 0 1 1 1 -1 0 -1 -2 -1 -1 0 0 1 -1 1 1 -1 0 1 0 0 1 -1 -2 -1 0 -1 0 1 -1 0 1 1 0 0 0 0 -2 -1 1 1 0 0 0 0 0 1 0 1 0 0 0 0 -2 1 -2 -1 1 1 -1 -1 1 0 -2 0 0 0 0 -1 2 0 0 -1 0 0 1 0 -1 1 0 1 -3 1 0 -1 0 0 1 1 0 -1 0 0 0 -1 0 -1 -1 0 -1 0 1 -1 0 1 0 0 0 0 0 1 1 1 -1 0 -1 0 -1 0 -1 0 0 0 2 0 1 2 0 0 0 -2 0 0 -2 0 0 0 1 -1 1 0 -1 1 1 0 -1 -1 1 -1 0 -1 0 0 0 2 0 0 0 0 1 0
0 1 0 0 0 0 0 0 1 -2 0 0 -2 2 0 2 0 0 0 0 0 0 2 0 0 0 1 -1 -1 22 0 2 0 -2 2 0 0 0 -1 0 0 -1 0 0 0 0 1 2 1 0 -1 -2 1 1 0 0 -1 -1 1 0 1 0 0 1 1 1 0 1 -1 0 0 0 -1 1 0 -1 0 0 1 -2 2 -1 0 1 1 0 -1 -1 1 -1 1 -1 0 2 0 0 0 0 0 -1 1 -2 1 0 0 -1 0 0 -1 -1 1 1 1 0 1 1 4 0 0 0 -1 2 0 1 0 -1 1 -1 3 0 0 1 2 0 0 1 -2 0 0 2 -2 0 -1 0 0 0 0 0 0 0 0 0 -1 1 -1 0 0 0 1 -1 2 -2 1 0 0 -1 1 0 0 0 0 0 1 -1 2 0 1 0 0 -1 0 1 0 0 -1 0 1 -1 0 2 0 0 1 1 0 -1 0 0 0 0 0 1 0 0 0 0 0 0 0 0 0 1 0 0 1 -1 0 0 2 0 0 -1 0 0 -1 1 0 0 0 0 0 0 1 -1 0 0 -1 0 0 0 2 -1 0 0 2 0 -1 2 0 0 0 0 0 1 0 0 2 -1 0 1 0 0 -1 -1 -1 0 -1 -1 0 2 -1 2 0 -1 1 0 -1 -1 0 0 2 -1 1 0 -1 -1 1 -1 -1 1 0 0 0 0 -1 0 0 1 0 0 -1 -2 -1 0 2 0 0 0 0 0 0 1 0 -1 0 0 -1 1 0 -1 0 0 0 0 -1 0 -1 -1 1 -1 1 0 1 0 0 -1 0 1 0 1 3 0 0 -1 2 1 0 0 0 1 0 0 -1 0 0 -1 0 -1 -2 -1 0 1 0 -1 0 -1 1 1 0 0 0 -1 2 0 2 -1 0 1 -1 0 -1 1 2 -1 0 0 -1 1 0 0 2 1 -1 0 0 0 -2 1 -1 0 -1 -1 0 0 -1 0 1 0 0 0
-2 0 -1 -1 1 1 0 1 0 0 -1 0 2 1 0 1 0 1 1 1 -1 0 0 1 1 0 0 0 1 0 32 1 0 -1 1 0 0 0 -2 2 0 0 -1 -1 0 1 2 -1 1 0 1 0 0 -1 1 2 -1 0 -1 -1 1 0 1 2 1 0 0 1 -1 2 -2 0 0 -1 0 1 -1 0 1 0 3 0 1 0 0 -1 1 -1 -1 0 0 1 0 1 0 1 0 2 -2 -1 1 1 1 1 1 1 3 0 2 0 0 -2 1 2 -1 -1 0 -1 -1 2 0 1 0 0 1 0 -1 -1 0 0 0 0 1 0 1 2 0 -1 -1 0 0 0 0 0 -1 0 -1 0 0 0 1 -1 -1 2 -1 1 0 1 -1 -1 0 2 1 0 0 0 1 1 1 0 -1 -1 0 1 -1 0 1 -2 2 1 -1 0 0 -1 1 0 -1 0 0 -1 1 0 1 0 1 0 -1 1 0 0 0 1 1 -2 0 -1 1 0 0 -2 1 0 -2 -2 1 -2 0 0 0 0 0 0 0 1 1 0 1 0 0 0 1 -1 0 2 2 0 0 1 1 -1 0 0 0 0 1 1 -1 1 0 0 1 1 0 -1 1 0 2 0 -1 0 0 1 2 0 0 0 -1 -1 3 -2 -1 0 0 -1 0 -1 1 0 -2 0 0 1 0 0 -1 0 -1 3 3 0 0 2 0 0 -1 -2 0 0 2 1 0 0 -1 -1 0 1 1 0 0 -1 0 2 0 0 0 1 0 0 -1 2 0 0 2 0 -1 -2 1 0 -1 0 1 0 0 1 1 -1 0 1 2 0 0 0 1 0 1 -1 0 0 -1 1 0 -1 0 3 0 1 0 1 0 1 2 -1 -2 1 -2 0 0 -2 -1 0 0 -3 -1 -3 -1 0 0 0 0 0 0 1 0 -1 0 0 1 1 2 -1 -1 1 0 0 0 1 2 1 0 3 0 -1 0 -1 0 1 0 0 -2 -3
1 0 0 -1 2 -1 0 0 0 1 -1 0 -1 0 1 0 -1 0 -2 0 -1 1 1 -1 -1 -1 0 1 -1 2 1 23 0 0 0 2 2 0 -1 2 0 0 2 -2 -1 1 0 -2 -1 0 0 0 0 0 1 0 0 0 0 1 -2 0 0 -2 1 0 3 -2 -1 -1 0 -1 2 -1 0 1 2 0 -1 0 1 0 1 2 0 -1 0 -2 1 1 -1 0 0 2 0 0 -1 0 -1 -1 1 0 2 0 1 1 1 1 1 -1 0 0 1 0 -1 2 1 1 0 -1 1 1 0 1 1 0 0 2 1 0 1 0 1 0 -1 0 0 0 2 0 0 -1 -1 0 0 0 0 2 -1 -1 0 1 0 0 0 1 -1 2 1 0 -1 0 -1 0 0 -1 -1 1 -2 2 0 0 0 0 0 1 0 -2 0 -1 0 0 0 0 1 -2 -1 0 0 1 2 -1 1 -1 1 0 1 1 -1 0 0 -1 2 2 0 1 1 3 1 1 -1 -1 -1 0 0 -3 0 0 -1 -2 1 -1 0 1 0 0 0 0 1 -1 0 1 1 1 -1 -1 -1 1 -1 1 0 1 0 -1 0 1 1 0 0 0 0 -1 0 -1 0 0 -1 -1 0 -1 -1 0 0 0 0 2 0 0 1 1 0 1 0 -1 0 0 -1 0 -1 0 -1 -1 -2 0 0 0 0 -1 1 0 -1 0 0 1 0 -1 3 0 0 -1 0 -1 0 -1 0 1 -1 -1 0 -1 0 0 1 0 -1 -2 -1 2 0 -1 0 1 1 0 -1 2 0 -2 0 0 -1 -1 -2 0 0 0 -1 0 -1 0 0 0 0 0 0 1 -1 -1 -1 -1 -2 -3 0 0 -1 1 0 -1 0 0 0 0 3 1 0 -1 0 0 -1 -2 0 0 -1 0 0 -1 -1 0 0 0 1 -1 0 0 0 -1 -1 0 -1 -1 0 0 0 0 0 1 -1 0 0 2 -1 0 1 1 0 0 -1 -1 0 -1
1 0 0 1 0 0 -2 0 0 0 0 0 0 0 1 0 -1 1 0 0 0 0 2 1 0 -1 0 0 -1 0 0 0 14 1 0 0 0 0 -1 0 0 0 2 1 0 0 0 0 0 0 1 -1 -1 -1 1 1 0 0 1 0 -1 0 0 0 0 0 0 2 0 0 0 0 0 0 -1 0 0 0 0 -1 1 1 0 -1 0 -1 -1 0 0 2 0 0 -1 0 0 0 1 1 0 0 1 0 0 -1 -1 -2 -1 0 -1 1 0 -1 1 -1 -2 0 0 0 0 0 0 0 0 0 0 0 0 0 -1 0 0 0 2 0 -1 -1 -1 0 0 0 0 0 0 -1 2 0 0 0 0 1 0 0 0 1 -1 -1 0 0 0 1 0 0 0 0 3 0 1 0 0 -2 0 0 0 0 0 0 2 1 1 -2 0 1 0 0 0 1 0 -3 0 0 0 1 1 -1 1 0 0 0 0 0 0 0 1 0 -1 -1 0 0 0 0 -2 -1 0 -1 -1 0 0 1 -1 0 0 0 1 0 0 1 1 1 0 1 0 0 1 -2 0 0 0 0 0 0 -1 -1 0 1 1 1 1 1 0 0 -1 0 0 0 3 -2 0 -1 0 -1 1 1 -1 1 -1 -1 0 0 0 0 -1 -2 1 0 -1 0 0 -1 1 0 0 -3 -1 1 0 0 0 -2 1 0 1 0 0 0 0 0 0 -2 0 0 0 1 1 -1 2 3 0 -1 1 0 -1 1 0 1 1 0 1 0 -2 0 -1 1 1 -1 0 -1 2 0 0 0 0 -1 -1 0 0 -1 -1 1 0 0 -1 0 1 0 -1 0 1 0 -1 0 -1 0 0 0 0 0 0 -1 0 0 0 0 0 1 0 0 0 0 0 -1 0 0 0 0 -1 1 -1 0 0 -1 1 0 0 1 0 0 0 0 0 0 0 0 0 1 1 2 0 -1 1 0 1 -1 0 0 0 0 0 0 0 0
1 1 1 -1 0 0 0 0 0 0 1 -1 1 -1 1 -1 -1 1 0 0 0 1 1 0 0 0 0 0 0 -2 -1 0 1 17 0 1 0 0 0 -4 -1 0 -1 -1 0 -1 0 1 -1 1 0 0 1 1 0 0 0 -1 0 -1 0 0 -1 0 1 1 0 0 0 0 0 1 1 1 -1 0 1 -1 0 1 0 -1 0 -1 1 0 1 1 0 2 -1 0 1 0 0 1 0 0 0 0 1 0 1 0 0 1 2 0 -2 2 0 0 0 0 -1 0 0 0 0 0 0 0 1 -1 0 1 0 0 -1 0 -1 -1 0 0 -1 1 1 0 1 -1 1 -1 0 1 0 1 0 -1 0 -1 0 0 1 -1 0 0 1 0 1 -1 0 0 -1 2 2 -1 0 0 0 0 2 0 0 1 0 0 0 -1 -1 0 0 1 -1 2 1 0 1 0 0 0 1 -1 0 1 1 -2 0 0 1 0 2 0 2 0 0 0 1 1 0 -1 0 -1 0 -1 -1 0 0 0 0 0 0 0 0 0 0 0 1 0 1 0 0 0 -1 0 -1 1 0 1 0 1 0 2 0 1 -1 0 0 1 3 0 1 -3 0 0 0 0 1 -1 -2 1 1 -1 0 0 1 1 -1 0 0 0 0 0 2 0 -1 0 0 -3 0 1 0 2 -2 -1 0 2 0 0 0 0 0 0 -1 0 1 0 -1 0 1 -1 0 2 0 1 0 0 0 -1 1 1 0 -1 1 0 0 -1 0 -1 1 -1 -1 0 -1 0 0 0 1 2 1 -1 0 -1 0 0 -1 0 0 0 1 0 0 -1 -1 1 0 1 2 1 0 0 0 0 0 1 1 -1 1 0 -1 0 -1 0 0 1 -1 0 -1 2 0 2 -1 1 0 1 0 1 0 0 -1 0 1 0 0 1 0 0 0 0 -2 1 1 -1 -2 1 -1 0 1 0 0 0 -1 0 0 0 2 1 0 0 -1 -1
1 -1 1 0 -1 0 0 0 0 0 0 -2 2 0 0 0 0 -1 0 0 0 2 -1 1 0 1 0 1 -2 2 1 0 0 0 20 -1 0 -1 0 1 1 0 0 1 0 1 -1 1 0 0 0 -1 0 1 0 1 0 0 0 0 0 0 3 1 1 1 0 -1 -2 2 1 0 0 0 -1 1 0 0 2 0 0 0 0 0 1 0 1 -2 -1 -1 0 2 1 0 2 0 -1 1 -1 0 1 0 -1 -1 0 0 0 -1 -1 1 1 0 1 3 0 0 0 0 1 1 0 0 0 1 0 0 0 1 0 -1 0 -1 0 2 -2 -1 1 0 -2 0 0 0 0 -1 0 1 0 1 0 1 2 -1 1 0 0 0 -1 0 0 -1 1 -1 1 -1 0 0 2 1 0 1 -1 0 0 1 0 0 1 -3 0 0 -2 0 0 1 -1 0 -1 -1 -2 1 0 0 0 0 1 1 1 1 -1 1 0 0 -1 1 0 2 1 -1 1 0 -1 0 1 -1 2 -1 0 1 -1 1 1 1 -1 2 1 1 0 0 0 0 0 0 3 -1 0 2 0 1 1 2 0 0 0 1 1 0 0 1 1 -1 1 0 1 0 0 -1 4 0 -1 0 1 1 2 -1 0 1 0 0 -1 1 0 -1 1 -1 1 0 0 1 3 0 -1 0 0 0 0 0 1 0 -1 0 3 0 0 0 -1 1 2 0 -1 0 0 -1 -3 1 1 -1 1 1 0 -1 0 0 0 0 0 0 -1 1 2 0 0 1 -1 0 0 0 1 0 1 0 1 2 -1 0 1 0 -1 1 0 2 0 0 0 0 0 1 2 1 1 3 0 0 0 -1 2 0 -1 0 -1 0 0 0 0 0 1 0 -1 -1 3 0 2 -1 -1 0 1 -2 0 0 0 1 -1 1 0 -3 0 0 0 -1 0 0 0 0 0 0 0 1 0 0 0 1 3 0 -1 0 -1 1 1 0 0 -1
0 0 2 -1 3 -1 0 1 -1 2 0 -1 3 1 1 2 0 1 0 1 0 1 -1 1 0 2 0 1 1 0 0 2 0 1 -1 21 -1 0 -2 0 1 0 1 2 0 0 0 -2 0 1 0 -1 0 1 1 0 1 3 -1 -1 1 2 1 -1 0 -1 0 1 1 -2 0 1 0 -2 -1 0 1 -1 0 -1 1 -1 -2 0 -1 1 -1 1 1 0 1 0 1 1 -1 0 0 2 1 0 2 0 -1 2 0 -1 3 2 0 0 0 -1 0 -1 0 1 0 -1 3 0 3 0 1 0 0 1 0 1 0 -1 0 2 1 1 1 0 2 0 3 0 1 0 1 -1 0 0 0 0 0 0 2 0 0 -2 2 0 1 0 -1 -1 0 1 0 1 1 1 -2 0 0 0 1 0 0 2 0 -1 0 1 0 1 1 0 1 0 0 0 1 0 0 0 2 0 2 0 1 1 -1 0 1 0 1 1 1 0 1 2 1 -1 0 0 1 0 0 0 0 2 -1 -2 0 0 1 -1 -1 1 -1 0 0 0 1 0 0 0 0 -1 0 0 0 1 1 -1 1 1 0 1 1 1 0 -1 1 0 0 1 3 0 0 0 0 1 2 1 -1 -1 -1 -1 1 2 0 1 -1 0 0 0 0 0 -1 0 0 0 -1 0 2 0 1 -1 1 0 2 1 0 0 0 0 0 -1 2 0 -2 0 0 0 1 -1 -1 0 1 0 2 1 -1 1 0 2 1 0 0 -1 0 1 2 0 1 0 1 1 0 2 0 1 -1 0 0 0 0 0 0 0 0 0 0 0 1 -1 0 0 0 1 0 0 0 0 0 -2 1 0 0 -1 0 1 0 0 -1 0 0 2 0 0 0 2 -1 0 0 0 -1 0 0 -1 0 1 0 0 0 0 0 2 0 0 0 1 0 0 1 1 2 1 0 -1 -1 1 1 1 -2 1 0 1 2 1 0 0 0 -1
-1 1 -1 1 1 0 1 0 -1 0 1 0 0 -1 -1 1 0 1 0 1 0 0 0 0 -2 1 1 0 -1 0 0 2 0 0 0 -1 20 0 0 2 0 0 2 1 1 1 0 -1 1 0 2 0 0 0 1 0 0 0 -1 -1 -1 -1 1 1 0 -1 1 -2 0 1 1 0 1 1 1 1 2 0 -1 0 2 0 1 -1 0 1 0 1 1 -2 -1 1 0 1 1 0 -1 0 -3 0 0 0 1 1 -1 0 -1 0 0 0 1 2 0 1 0 2 2 1 0 -1 0 0 0 0 2 0 0 1 0 1 0 0 -1 0 0 0 -1 1 0 -1 0 0 0 1 0 0 -1 1 0 -3 -1 2 0 0 -1 0 -2 2 0 -1 -1 -1 0 0 0 -1 0 1 2 -1 -1 3 0 0 1 1 -1 -1 0 0 -1 0 1 -1 0 0 0 0 2 0 0 0 -1 0 0 0 2 0 0 1 -2 0 0 0 -1 -2 -1 0 0 3 0 0 0 0 0 -1 0 -1 -1 0 1 -1 0 1 1 2 1 0 2 -1 -1 1 0 1 0 -2 0 0 1 0 0 0 0 0 -1 0 1 2 0 0 1 0 -2 1 0 1 -1 2 4 0 2 0 2 0 -3 0 1 1 3 0 1 0 2 1 2 0 -1 0 2 1 0 -1 0 0 -1 1 1 -1 1 0 0 0 -2 0 0 -1 1 0 -1 0 2 0 0 0 1 0 0 1 0 1 0 -1 0 0 0 1 0 0 -1 2 -1 0 -1 0 3 2 1 0 -1 0 2 0 -2 2 0 1 0 0 0 -1 0 0 0 1 0 1 -1 1 0 2 -1 0 0 0 0 -1 1 2 0 -1 1 0 -1 0 1 -1 0 2 1 -1 1 -1 -1 0 -1 2 3 -2 -1 1 0 1 1 1 0 -2 0 0 0 1 4 1 0 0 0 1 1 1 0 -1 -2 -1 -2 0 -1 0 1 0 0 -1
0 0 0 0 0 1 -1 0 0 0 2 1 0 -1 -1 -1 0 1 -1 1 0 0 1 -1 1 0 0 1 0 0 0 0 0 0 -1 0 0 18 0 0 0 0 0 1 0 -1 3 0 0 0 -1 2 -1 1 -1 -1 0 0 0 0 0 -1 0 2 0 0 1 0 0 0 1 0 0 -1 0 1 1 0 0 0 0 0 1 -2 -1 0 0 0 -1 0 -1 1 0 -1 1 1 0 0 0 -1 -3 -1 0 -1 1 1 0 2 1 0 0 1 -1 1 1 -2 -1 -1 1 0 0 -1 -1 0 1 0 -1 0 1 0 0 0 0 0 0 0 0 0 -1 1 0 0 0 0 0 0 0 2 1 0 0 -1 1 -1 0 -1 0 0 -1 0 0 1 0 0 0 0 0 1 0 -1 2 0 1 0 0 0 -1 0 0 1 1 -1 1 -1 0 0 0 0 0 0 -2 1 0 0 -1 -2 0 0 1 2 1 0 0 0 0 0 0 2 0 0 1 -1 0 0 0 0 0 1 0 3 0 0 2 0 1 -1 1 0 1 0 -1 1 0 -1 1 0 0 0 0 1 -1 0 0 -2 0 1 0 0 0 0 0 0 0 2 0 1 0 -1 2 0 -1 0 -1 -2 1 -1 1 1 0 0 2 0 -1 0 -1 0 -1 -1 0 1 0 1 1 0 0 0 1 2 0 0 0 0 0 0 0 1 0 0 -1 1 0 -1 0 0 1 -1 -1 -1 0 -1 0 1 0 -1 1 0 0 0 1 0 0 -1 0 0 1 0 -1 -1 2 0 0 0 0 0 0 -1 0 1 0 0 -1 0 -1 0 0 1 0 1 0 0 3 0 1 0 -1 0 -1 1 0 0 1 0 0 -1 1 -2 1 0 1 1 -1 -1 0 0 0 1 3 0 -1 0 1 -1 1 1 0 1 -1 0 0 0 1 0 3 0 0 0 -1 1 0 0 1 0 0 1 1 0 -1 -1 -2 0
1 0 0 1 -1 1 0 1 0 0 1 0 0 -1 -2 1 0 1 1 -3 2 1 -1 0 -1 -2 0 -1 0 -1 -2 -1 -1 0 0 -2 0 0 24 -2 1 0 -1 -2 -2 1 0 0 1 -1 0 0 -1 2 -1 0 1 0 -1 0 0 -1 0 0 0 0 0 1 0 1 1 0 2 0 -1 2 1 1 0 0 1 -1 1 2 -1 0 0 0 0 0 0 0 1 -2 0 -1 -1 -1 -1 -1 -1 0 0 -1 1 0 0 1 1 0 1 0 0 1 0 -2 -1 -1 0 2 -1 -1 0 0 0 0 0 0 1 0 1 0 1 0 -3 -1 -1 -2 0 0 0 1 0 0 0 1 1 -1 -1 0 -1 1 0 0 0 0 0 0 1 0 -2 1 0 0 -2 1 0 -1 0 -1 -2 0 1 -1 0 0 0 -2 0 0 0 1 0 -1 2 1 -1 1 0 -1 -1 0 0 2 -2 0 0 -1 1 0 0 0 1 -1 -1 -1 0 0 0 0 1 -1 4 -2 0 1 0 0 0 -2 1 0 0 1 -2 0 -1 0 0 0 1 0 1 1 1 0 0 0 0 0 -1 -1 -2 1 -2 -2 0 0 1 0 -1 0 1 0 0 0 1 0 -2 0 -2 -1 0 2 0 1 0 -1 0 1 0 1 0 -1 -1 0 0 0 0 -1 -1 2 0 1 0 0 0 0 -1 0 0 0 0 0 0 -1 -1 0 1 -1 -2 0 1 0 0 0 2 0 -1 2 1 0 -1 0 0 -2 -1 -1 2 1 0 0 -1 0 -1 1 0 0 1 0 -1 1 -1 0 1 0 0 1 -1 0 0 0 -1 0 0 1 0 1 0 0 1 0 -2 0 0 0 -1 0 1 -1 0 -1 1 0 1 0 0 -1 3 -1 0 0 2 0 0 0 -1 -1 0 -1 0 0 1 -1 0 1 0 0 -1 0 -1 2 -1 1 0 0 0 0 -1 0 -1 0 0 2 0 0 0 0 0 0
1 0 0 0 0 0 -1 2 -1 -2 1 0 1 0 0 -2 1 0 -1 2 -1 -1 0 1 0 0 3 1 0 0 2 2 0 -4 1 0 2 0 -2 31 0 0 1 2 0 0 -1 -1 0 -1 -1 0 0 -1 1 -3 0 1 -1 0 1 0 0 0 -1 1 1 -1 1 0 0 0 0 0 1 0 2 0 -1 -1 2 0 1 4 1 0 0 -3 -1 -1 1 0 0 1 0 0 -2 1 1 1 0 -1 1 1 0 2 -1 0 1 0 0 0 -1 1 0 1 2 1 0 1 -1 -1 0 1 1 0 0 -1 0 -1 0 3 1 0 0 0 -1 0 0 1 1 0 -1 0 0 -1 -1 0 -1 1 1 1 0 -1 -1 0 1 0 -1 1 1 0 1 -1 1 1 -2 0 1 1 1 -1 1 1 -1 1 -2 -2 1 0 1 -1 2 -2 -1 0 -4 -2 2 0 1 1 0 -3 0 2 0 -1 -1 0 2 0 3 0 1 0 0 1 1 0 1 3 0 -1 1 -2 0 -2 1 -3 0 0 0 0 2 2 1 0 0 0 2 0 1 3 -1 0 2 -1 0 -1 -1 1 -2 0 -2 -1 0 -1 1 -1 -2 1 0 2 -1 1 1 0 4 1 -1 -1 1 0 -3 -1 1 1 0 0 0 0 0 2 1 0 1 2 1 0 -2 0 0 0 1 0 1 -2 -3 1 0 0 -1 0 -1 1 1 0 0 -1 1 -1 1 1 -2 2 1 -1 0 -2 1 0 0 -1 0 -3 0 0 -1 2 0 1 1 1 -1 0 0 -3 0 1 0 2 0 0 0 0 0 0 0 -1 0 1 1 5 2 -2 0 -1 -1 -2 0 0 1 1 1 0 -2 2 0 0 2 0 1 0 2 0 -1 -1 -2 0 2 0 -1 0 0 -1 0 -3 -2 -1 0 2 -1 0 0 0 1 0 2 -2 4 -1 0 -1 4 0 0 0 1 1 -1 0 -2 0 1 0 0 -1 -1 -1
0 0 0 0 -1 2 0 2 0 -1 1 0 0 -1 0 0 0 0 1 -1 -1 -1 0 0 -2 1 0 0 1 0 0 0 0 -1 1 1 0 0 1 0 18 0 2 0 1 -1 -1 1 0 0 -1 0 0 0 1 0 0 1 -2 0 0 0 2 0 0 0 0 2 1 0 -1 0 0 0 0 0 1 1 0 3 0 2 -1 -1 1 0 0 1 -1 0 1 0 0 2 0 0 0 1 0 0 0 -2 1 3 0 0 0 1 -2 -1 2 0 0 1 0 0 1 0 -2 0 0 2 0 -1 1 0 0 2 2 1 0 0 -1 0 -1 0 1 0 0 2 2 0 0 -1 0 -1 1 0 -1 0 -1 0 0 0 1 1 1 0 -1 1 0 1 0 -1 0 0 0 0 0 -1 -1 0 0 2 -2 0 0 2 -2 1 0 0 0 1 -1 -1 1 -1 0 0 0 0 -1 3 0 0 0 -1 1 1 0 1 1 1 1 1 1 0 -1 -1 1 1 -1 -1 1 3 -1 0 0 0 1 0 1 0 1 0 1 1 0 1 2 0 3 -1 1 0 0 1 0 -1 1 1 0 1 -3 0 0 0 -1 1 1 0 0 0 1 1 0 -1 -1 1 0 0 0 0 -1 0 0 1 0 0 0 1 -1 -1 0 0 0 2 2 1 -2 0 1 0 1 0 0 0 1 1 2 0 1 1 0 2 -1 0 -1 1 -1 0 1 0 -1 0 0 1 -1 -1 0 0 0 -1 0 0 0 1 -1 -1 1 0 -1 0 0 1 1 -1 0 1 0 -1 -2 2 1 0 0 1 0 0 0 0 2 1 2 -1 -1 0 0 0 1 0 -2 0 1 0 0 1 1 1 1 -1 1 0 0 -2 0 1 0 0 0 -1 0 -1 0 0 1 0 1 0 -2 0 0 0 0 0 0 -1 0 -1 0 0 0 0 1 0 -1 2 0 -1 0 -1 1 -1 0 1 -1 0 -1 0
0 0 -1 0 1 -1 0 0 0 0 0 1 -1 1 0 0 -1 0 2 1 1 1 -1 1 1 -1 0 0 1 -1 0 0 0 0 0 0 0 0 0 0 0 13 1 1 -1 -1 0 -1 -1 0 0 0 0 0 0 0 0 0 0 0 0 0 0 0 0 0 1 0 0 0 0 0 1 0 0 0 0 0 -2 0 0 0 -1 0 1 0 -1 -1 1 0 1 0 0 1 1 0 0 0 0 0 -2 0 0 0 -1 0 0 -1 -1 1 2 0 0 0 0 -1 -2 0 2 0 0 0 0 0 -1 1 0 1 0 0 0 -1 0 0 -1 0 1 0 0 0 0 0 0 1 0 2 0 0 0 -1 -1 0 0 0 -1 2 0 0 0 0 -2 0 -1 -1 0 0 -1 0 1 0 2 1 1 0 0 0 0 1 0 -1 0 -1 -1 0 0 1 0 1 0 1 0 1 0 -1 0 1 0 0 0 0 0 0 0 0 0 -1 1 -2 1 0 1 0 0 -1 0 1 0 0 0 0 -1 -1 0 0 0 0 0 0 0 0 0 0 1 1 0 0 0 0 2 0 0 0 0 0 -1 0 0 0 1 2 0 0 0 0 0 0 0 0 1 0 0 1 0 0 0 0 0 1 -1 1 0 0 1 0 0 -2 2 0 0 0 0 0 0 2 1 0 2 0 0 0 1 -1 0 0 -1 -1 1 0 0 0 0 -1 -2 1 0 0 -1 0 0 -1 1 1 0 0 0 0 0 1 2 1 0 1 0 0 1 0 -1 1 2 -2 2 1 0 0 0 1 2 0 -1 -1 -1 0 -1 1 0 1 0 0 0 0 1 0 0 0 1 0 1 -1 -1 1 1 2 1 0 0 -1 2 -1 1 0 0 0 0 0 0 1 0 -1 0 1 1 0 0 1 -1 0 0 -1 1 1 0 1 1 0 -1 0 0 1 -2 -1 -1 0 0 0 0 1 0 -1 0 0
0 0 0 1 1 0 0 0 -1 1 0 -1 1 1 2 0 0 0 1 -2 -1 -1 0 -1 0 -2 1 -1 0 0 -1 2 2 -1 0 1 2 0 -1 1 2 1 19 1 0 0 0 1 -2 0 -1 -1 -1 1 3 0 0 0 0 1 -1 1 2 0 0 0 0 1 -1 2 1 0 0 0 0 0 0 1 -1 1 -1 1 1 1 0 0 0 1 0 0 -1 2 0 1 -1 0 -1 0 1 0 2 0 1 0 0 1 1 0 -1 0 -1 2 1 -1 0 2 2 0 0 0 0 0 -1 0 0 -1 0 -1 1 0 0 0 0 0 0 0 1 -1 -2 -1 2 1 1 2 2 -1 0 0 0 0 1 1 0 0 2 1 -1 0 1 1 0 3 0 2 0 1 -1 1 -2 -1 -1 1 -1 0 0 2 1 0 0 -1 1 0 1 0 -1 -1 0 -1 0 1 1 -1 0 -1 0 0 -2 0 0 0 -1 0 -1 0 0 0 0 2 0 1 0 -1 1 -1 -1 0 -1 -3 0 0 1 1 -1 -1 1 2 0 0 1 1 1 0 0 0 1 0 0 -1 0 1 -1 0 0 0 2 1 0 0 -1 -1 -1 3 0 -1 1 1 1 0 1 0 -1 2 -1 0 -2 0 0 0 -1 0 0 0 1 0 0 0 0 0 0 0 0 -1 0 0 1 0 1 1 0 0 0 0 0 2 0 0 0 -1 -1 0 0 0 0 0 0 0 -2 0 0 1 0 1 0 1 -1 1 0 0 -1 -1 2 0 0 1 1 -1 0 0 0 0 0 -2 -1 0 1 0 0 1 1 0 1 -1 1 1 0 -1 1 1 0 0 -1 0 0 -1 -1 -1 0 2 0 1 1 0 0 0 0 -1 1 0 0 -1 2 1 0 -1 0 0 0 -1 -1 0 0 1 0 1 1 0 0 0 0 0 2 2 0 -1 -1 -1 -1 0 1 -1 1 -1 1 1 -3 0 0 1 -1 -1
-1 0 0 0 0 -1 -1 0 -1 0 2 -1 3 -1 0 0 1 -2 0 -1 -1 1 -1 0 2 0 0 3 1 0 -1 -2 1 -1 1 2 1 1 -2 2 0 1 1 22 0 -3 0 0 -1 -1 -1 0 0 2 0 0 0 1 0 0 -1 0 0 0 2 0 0 0 1 0 1 0 0 -1 0 0 0 0 1 0 -1 0 0 1 0 0 -1 -1 -1 0 0 1 1 -1 1 0 -1 1 -1 1 0 -1 0 2 0 0 -1 0 -4 1 0 1 1 -2 -1 1 1 -2 0 -1 2 -1 0 0 0 0 0 0 0 0 1 1 0 0 1 -1 1 0 -1 0 0 0 0 1 0 0 1 0 0 1 0 1 1 -1 -1 -1 1 -1 0 1 0 1 -2 0 0 0 1 -1 0 -1 1 1 3 1 0 -3 0 0 1 -1 0 3 1 0 0 0 -1 -1 1 1 -2 2 0 -2 1 0 -2 -1 -1 -1 1 0 -3 -1 0 1 -1 -1 0 1 2 1 0 1 -1 1 -1 -1 0 1 2 1 0 1 -2 1 0 0 2 0 0 -1 1 0 0 2 0 0 2 2 -1 1 0 1 1 -1 1 0 0 2 -1 2 1 1 0 1 0 0 2 1 1 0 0 -2 1 0 0 1 -1 -1 1 -2 -1 1 0 0 2 1 3 0 0 0 0 0 0 1 1 1 0 0 0 1 -1 -1 0 0 0 0 -1 1 0 -1 0 1 -1 1 3 1 -1 1 1 1 0 0 0 0 0 0 0 -1 0 0 1 -1 0 0 0 0 0 1 1 3 1 1 0 0 -1 0 0 -1 0 0 -1 1 -1 0 2 1 0 1 0 0 -1 0 1 0 0 -1 1 1 1 1 0 -1 0 -2 1 2 0 0 0 0 -1 0 1 1 1 0 0 0 -1 1 0 1 -1 0 2 -1 1 -1 1 0 0 -1 0 -1 -1 1 0 1 0 0 0 -1 1 0 0 0 0 -1
-2 1 -1 0 0 -1 0 -1 0 0 0 0 -1 0 -1 -1 0 0 -1 0 0 1 1 0 0 1 0 -1 0 0 0 -1 0 0 0 0 1 0 -2 0 1 -1 0 0 15 0 0 0 1 0 2 0 0 -1 0 1 1 0 0 1 1 -2 0 0 0 -1 2 -1 -1 0 0 1 1 -1 0 1 0 0 0 0 0 0 -1 0 0 1 1 0 -1 0 -1 0 0 0 0 0 0 -1 0 1 1 0 0 3 -2 0 0 0 -1 0 -1 -1 0 -1 0 1 0 0 -1 -1 -1 0 0 -2 0 0 1 0 1 1 0 0 1 0 0 -1 -2 0 0 0 0 0 0 -2 -1 0 -1 0 0 0 1 0 -1 0 1 1 0 0 -1 0 1 0 0 1 1 1 1 0 0 1 -1 1 -1 1 0 0 1 -1 1 -1 1 0 0 0 0 0 0 0 0 0 0 -1 1 0 0 1 2 0 0 0 0 0 1 0 1 1 0 -1 0 0 -1 1 0 2 -1 0 0 0 0 0 -2 1 0 0 0 0 0 0 -1 0 0 0 -1 0 -1 0 0 0 1 0 1 0 -1 -1 -1 0 -2 2 -1 0 1 -1 0 0 -1 0 0 0 1 1 0 1 1 1 0 1 0 1 0 -1 0 1 0 0 1 1 0 1 0 0 0 0 0 -1 2 0 0 -1 0 0 1 0 0 -1 0 -1 0 0 -3 1 0 0 1 0 -1 0 0 0 0 1 -1 1 0 -1 0 0 2 1 0 0 1 1 0 0 0 1 0 1 0 0 0 -1 -1 0 0 0 -1 0 -1 0 1 1 0 1 1 -1 0 0 1 1 1 1 -1 0 0 0 0 -1 0 1 0 0 0 -1 1 1 1 0 -1 -1 1 0 0 1 0 1 -1 0 -1 1 1 2 0 0 0 -3 0 0 1 1 0 -1 0 0 1 0 1 0 0 1 1 1 1 0 0 0 1 0 0 -2
0 -2 0 0 1 0 0 -1 1 0 0 -1 0 -1 -1 0 1 1 0 0 0 1 0 0 0 0 0 -1 0 0 1 1 0 -1 1 0 1 -1 1 0 -1 -1 0 -3 0 19 0 0 0 0 1 -1 0 -1 0 1 0 0 1 0 1 0 0 0 0 0 -1 0 0 -1 -1 -1 0 0 -1 1 -1 1 1 1 2 0 1 0 0 -1 1 1 0 -1 -2 1 -1 -1 -1 -1 0 0 0 0 1 3 0 0 0 -1 0 0 0 1 0 0 0 0 2 0 1 1 1 0 -1 -2 0 0 -2 0 0 1 -1 0 0 0 0 1 0 -3 -1 0 -1 0 -2 -1 0 0 0 0 0 0 1 1 0 0 1 3 0 0 0 0 1 0 0 0 2 1 0 -1 1 0 0 0 0 0 0 0 -1 0 0 0 1 0 1 1 0 0 0 0 1 0 0 -1 3 -1 -1 -1 0 0 3 0 -1 2 0 -1 0 1 0 0 -1 -2 0 0 0 0 1 0 0 0 0 0 -2 -1 0 0 0 0 3 1 -1 0 -1 0 1 0 0 0 -1 0 0 0 1 2 -1 0 0 0 0 3 1 -1 -1 1 1 0 0 -1 0 0 -1 1 -1 0 0 0 0 2 1 0 0 0 0 0 0 -1 1 0 1 0 0 1 1 -1 0 0 -1 0 0 -1 -1 1 1 0 0 1 0 -1 1 -1 2 0 0 0 -1 0 0 0 0 1 2 0 1 1 -1 0 1 0 1 0 1 0 1 1 -1 0 -1 2 -1 -1 0 2 -1 0 -1 -3 0 -1 1 0 -1 0 0 0 1 0 0 3 1 -1 1 0 0 0 1 0 -1 0 1 -1 -1 2 1 0 0 0 -2 0 0 2 0 0 0 -1 0 1 0 0 0 -1 0 0 0 -1 0 0 1 1 1 0 0 1 1 0 0 0 1 0 1 0 0 0 2 0 -1 0 0 0 0 -1 0 0 0 -1
0 0 0 0 0 -1 0 0 1 1 0 -1 0 0 0 0 1 0 1 1 2 -1 1 0 -1 0 0 1 0 1 2 0 0 0 -1 0 0 3 0 -1 -1 0 0 0 0 0 16 0 1 0 -1 1 0 1 1 1 0 0 0 -1 0 -1 0 1 0 -1 1 0 0 0 0 1 0 1 -1 -1 0 0 0 0 0 0 0 -1 0 0 0 0 -1 0 -1 -1 1 0 -1 1 -2 0 -1 -1 0 0 0 -1 0 0 0 1 1 0 -2 1 2 0 0 -1 0 -2 0 1 1 0 -1 0 1 -1 0 0 0 0 1 0 0 0 0 0 0 0 0 0 -1 0 -1 1 0 0 0 -1 2 0 -1 0 0 1 -1 0 -1 1 1 0 1 0 -1 0 1 0 0 -1 -1 1 0 0 0 -3 -1 1 0 1 0 -1 1 0 -1 0 -1 0 0 0 0 1 -2 0 0 3 0 0 -1 0 1 -1 -1 -1 -1 0 0 0 1 0 1 -1 0 0 -1 0 0 0 0 2 -1 0 -1 -1 0 0 0 0 0 0 2 -2 1 0 -1 -1 0 0 -1 -2 1 2 0 0 0 -1 0 2 0 -1 -1 0 0 0 -1 0 0 0 0 1 -2 1 0 0 -1 1 0 0 0 0 1 0 0 2 1 0 0 0 1 1 0 1 -1 0 0 0 0 0 -1 1 2 0 0 1 -1 0 0 -1 0 -1 0 -1 0 0 -1 0 -1 0 0 -2 0 2 1 0 -1 -1 1 0 0 0 -1 0 0 0 0 0 0 -1 0 -1 1 0 1 0 0 0 0 0 -1 0 0 1 -3 0 0 0 0 0 1 0 0 -1 2 -1 -2 0 0 0 0 0 0 -1 -2 0 0 -2 0 0 0 1 -2 1 0 0 0 0 0 -1 -2 1 -3 -1 0 2 0 1 0 1 -1 0 0 0 1 1 0 1 0 -2 -1 -1 0 1 0 1 0 0 0 -1 -1 -1 -1 -1
0 0 -1 0 1 0 0 0 0 -1 0 -1 0 1 1 -1 0 0 0 0 0 -2 0 -1 0 0 0 1 -2 2 -1 -2 0 1 1 -2 -1 0 0 -1 1 -1 1 0 0 0 0 14 0 1 -2 0 0 1 0 1 0 1 -1 0 0 0 0 0 1 0 -1 2 1 1 0 -1 0 0 0 0 0 0 1 0 0 -1 1 0 0 0 1 1 -1 0 0 0 0 1 0 0 0 0 -2 1 1 0 1 1 2 0 -1 -2 -1 0 0 0 0 1 1 -1 1 0 1 0 0 1 0 0 0 -1 0 -1 0 0 0 0 0 0 0 0 1 -1 -2 0 -1 0 0 0 0 -1 0 1 0 0 1 0 -1 1 0 0 0 -1 0 -1 2 1 0 2 1 0 0 0 0 0 0 0 1 1 1 0 0 -1 -2 1 0 1 0 -1 -1 0 0 0 -1 1 -2 0 -1 -1 0 1 0 -1 0 0 1 0 2 -1 0 -1 0 0 -1 0 0 0 1 -1 -1 2 0 0 0 0 -1 0 0 1 0 0 1 0 0 1 0 -1 1 1 0 1 0 -1 0 0 -1 0 2 -1 0 -2 0 1 1 0 0 -1 -1 -1 0 0 1 0 -2 2 0 -1 0 0 0 -1 0 0 -1 1 -1 0 0 0 0 0 0 0 0 0 1 0 1 1 0 -1 1 0 -1 1 0 0 0 0 -1 0 -1 1 0 0 1 1 0 1 1 0 0 0 0 0 0 0 1 0 0 -1 0 -1 0 -1 0 -1 -2 0 0 0 1 2 0 0 2 0 1 0 0 0 0 0 0 0 1 0 0 1 0 0 2 0 0 -1 0 1 0 0 0 0 1 -1 0 -1 0 0 0 0 0 -1 2 0 -1 1 0 0 2 0 -1 1 0 0 0 0 0 2 1 -1 1 0 0 1 -2 0 0 1 0 0 1 0 0 0 -1 1 1 0 0 -2 -1 -1 0 0 0 1
0 0 1 -1 -1 1 2 0 -1 1 0 0 0 0 0 0 0 1 0 -1 0 1 0 0 1 0 0 1 0 1 1 -1 0 -1 0 0 1 0 1 0 0 -1 -2 -1 1 0 1 0 16 0 1 0 0 0 0 1 0 0 0 0 0 -1 -1 0 -2 -1 -2 1 0 -1 0 1 0 1 0 1 0 0 0 0 0 -1 0 -1 1 0 1 1 1 1 -1 2 0 1 1 1 0 -1 1 -1 0 0 -1 0 0 -1 -2 2 1 0 0 -1 1 1 1 0 2 0 -1 0 -1 0 0 1 1 0 0 0 0 0 0 0 0 0 1 -1 1 0 0 1 -1 -1 -1 -1 -1 1 1 1 2 0 0 0 1 0 0 0 1 -1 1 0 0 0 0 1 1 1 -1 0 0 0 0 0 0 0 0 -1 2 0 0 0 -1 1 0 0 -1 1 0 1 0 -1 0 -1 0 0 -2 0 1 0 0 0 -1 0 0 1 0 0 0 0 0 1 -1 1 -1 0 0 1 0 1 0 3 0 0 0 0 -1 0 3 0 -1 -1 0 0 1 1 3 0 0 0 1 1 0 -1 0 -2 0 1 -1 0 0 1 0 -1 0 0 0 -1 2 0 -2 0 0 -1 0 1 1 -1 0 1 0 -1 1 1 0 0 0 -1 -2 0 0 0 2 2 0 0 -1 0 -1 1 0 0 0 0 0 0 1 -1 0 0 1 0 2 -1 0 0 0 0 0 -1 0 1 0 0 0 -1 0 -1 0 0 0 0 1 0 -1 -1 1 -1 0 1 0 1 2 0 0 0 0 0 0 0 1 -1 0 0 0 -1 1 1 0 1 0 0 2 1 0 1 0 1 0 -1 0 -1 1 -1 0 -1 0 0 1 0 0 -1 0 0 0 0 1 1 -1 0 1 0 -1 0 0 -2 0 0 -1 0 1 0 -3 0 -2 0 2 1 -1 1 1 -1 -1 1 -1 -1 0 0 1 0 0 0
0 0 1 0 0 0 0 -1 0 0 0 0 0 0 0 0 1 2 0 0 0 1 0 0 1 2 0 -1 0 0 0 0 0 1 0 1 0 0 -1 -1 0 0 0 -1 0 0 0 1 0 10 1 1 0 0 0 1 0 1 0 0 1 0 0 0 0 0 0 0 0 0 0 0 0 1 0 0 0 1 0 0 0 0 0 0 0 0 0 1 0 0 0 1 0 0 0 0 0 0 1 1 0 -1 0 1 -1 0 -1 0 0 1 1 0 -1 0 1 0 0 -1 1 0 0 0 0 0 0 0 0 0 0 -1 0 2 0 2 0 1 1 0 0 0 0 0 0 0 0 1 0 1 0 0 1 0 0 0 1 0 0 1 -1 0 0 0 0 2 1 2 0 0 1 0 1 0 0 1 -1 0 0 0 1 0 1 1 0 0 0 0 1 -1 0 0 0 0 -1 -2 0 0 -1 0 -1 0 0 1 0 0 2 1 0 -1 0 -1 1 -2 1 0 0 0 0 1 0 0 0 -1 0 1 0 0 0 0 0 0 0 0 0 0 0 1 0 0 0 1 0 0 0 0 1 0 0 0 1 0 0 0 0 -1 0 1 1 0 -1 0 0 0 0 0 0 0 -2 1 -1 0 0 0 0 0 0 0 0 -1 0 0 1 0 0 1 0 0 0 -1 0 1 0 0 1 1 0 1 0 0 0 0 1 1 0 -1 -1 0 0 1 1 0 0 1 1 -1 -1 2 0 0 0 0 0 1 1 0 0 1 -1 1 0 -1 0 -1 0 0 0 0 0 0 0 0 0 0 1 0 -1 0 1 -1 0 0 -1 0 0 0 0 0 -1 0 0 -1 1 0 0 0 1 1 0 0 0 1 -1 0 0 0 0 0 0 -1 0 -1 -1 0 0 2 0 -2 0 0 0 1 0 0 0 0 0 0 0 0 0 0 1 0 0 0 0 0 0 0 0 0
0 0 2 0 0 1 0 -1 2 0 0 -1 2 0 0 0 0 2 -1 -2 -1 1 0 0 -1 2 1 0 0 -1 1 0 1 0 0 0 2 -1 0 -1 -1 0 -1 -1 2 1 -1 -2 1 1 19 1 0 -2 0 0 0 0 1 0 -1 -1 0 1 -2 -1 1 -3 -1 0 0 0 0 0 0 0 0 0 -1 0 1 1 -1 0 1 -1 1 0 2 1 1 2 1 0 0 0 0 0 0 0 -1 0 1 -2 0 0 -1 0 0 0 0 0 0 -2 0 1 0 0 0 0 -2 0 0 1 0 0 0 0 -1 2 -1 1 0 1 0 0 -2 0 -1 0 1 0 0 0 0 1 0 0 1 -2 0 1 1 1 2 0 0 -1 0 -1 -1 0 1 1 0 0 0 0 1 -2 -1 0 0 1 0 -1 0 0 0 0 0 -1 0 0 0 1 0 -1 1 -1 1 -1 -1 1 0 0 3 0 1 0 -1 2 0 -1 0 0 1 -1 0 0 0 -2 -1 1 0 1 0 1 0 0 0 -1 0 2 0 0 0 0 -2 1 0 0 1 0 1 -2 0 -1 0 -2 0 -1 0 1 1 0 0 0 0 0 3 -1 0 -1 1 0 0 0 1 0 -1 0 1 1 0 1 1 0 0 0 1 -1 1 0 2 0 0 0 -2 0 0 0 0 0 1 2 -1 -2 0 -2 2 0 1 0 2 -1 1 -1 0 0 -1 -1 0 0 0 0 1 -1 0 1 -2 0 2 0 1 0 1 0 1 2 -1 0 0 0 0 0 1 1 0 1 0 1 -1 0 0 -2 2 0 0 1 2 0 0 0 -2 1 -2 -1 0 2 -1 0 0 0 0 2 1 -1 0 0 1 -1 0 1 1 2 0 0 1 -3 0 -1 0 0 0 3 0 -1 2 1 0 0 1 0 0 -2 0 1 0 -1 0 0 0 0 1 1 0 0 0 0 0 0 0 0 0 0 1 0 -1 0
0 0 1 0 -1 1 1 0 2 -2 0 0 0 0 -1 0 0 0 0 3 -1 -1 0 -1 -1 0 0 0 0 -2 0 0 -1 0 -1 -1 0 2 0 0 0 0 -1 0 0 -1 1 0 0 1 1 16 0 0 0 0 1 1 0 0 0 0 1 0 0 0 0 -1 2 0 0 1 0 0 0 1 1 0 1 0 0 1 0 0 1 0 0 0 -1 1 1 0 2 0 1 0 0 0 0 0 0 0 2 0 1 0 -2 -1 1 -1 0 0 -1 1 0 -1 -1 -1 0 -1 0 0 0 0 0 0 0 1 -1 1 0 0 0 2 1 -1 0 0 -1 -2 2 0 0 0 0 0 1 -1 0 -1 -1 0 0 1 -1 -1 0 0 0 -1 0 0 0 -1 0 1 0 0 0 0 0 0 -1 0 0 0 0 0 -1 0 1 -1 -1 0 0 0 0 1 0 1 -1 1 0 1 0 1 -1 -2 0 0 -1 1 1 -1 0 1 2 2 1 0 -1 -2 -1 0 0 1 -1 1 -1 1 0 0 0 0 1 -2 -1 0 1 2 -1 2 -1 0 0 0 -2 -1 0 2 0 1 -1 1 0 1 0 -2 1 -1 -2 0 -1 2 -1 -1 -1 2 1 0 -1 0 0 1 1 1 0 2 0 1 2 1 0 0 0 0 1 0 0 0 0 1 -1 0 -1 0 -1 0 1 0 0 0 -1 0 1 2 1 0 1 1 0 0 0 0 -1 0 0 -1 0 0 0 1 0 2 0 0 0 0 0 -1 1 -1 1 1 0 1 1 -1 1 0 -1 0 -1 1 0 1 0 0 1 0 -1 3 0 1 0 -1 -1 1 0 2 1 0 0 0 0 1 0 1 0 0 0 1 0 -1 1 2 0 0 1 0 -1 -1 0 1 1 0 1 -1 0 0 0 -1 0 -2 0 0 -1 -1 -1 0 0 -1 2 0 0 0 0 1 -1 -1 1 0 0 0 -1 0 0 0 -1 0
0 0 0 0 0 0 0 0 0 0 0 0 1 1 0 1 0 0 0 0 0 0 -1 0 0 0 1 0 0 1 0 0 -1 1 0 0 0 -1 -1 0 0 0 -1 0 0 0 0 0 0 0 0 0 11 -1 1 1 0 1 0 0 0 1 2 0 0 1 1 -1 -1 0 1 0 0 0 -1 1 0 0 0 0 1 0 0 0 2 1 0 -2 0 1 1 0 0 1 -1 0 0 0 -1 -1 1 0 1 0 0 0 0 0 1 0 0 0 -1 0 0 1 0 0 0 0 0 2 0 0 0 0 0 -1 0 0 0 0 0 0 -1 0 0 0 1 0 0 -1 0 0 1 1 1 -1 0 0 0 0 0 0 0 0 0 0 1 -1 1 0 1 2 -1 -1 0 0 0 1 0 0 0 0 1 0 0 0 0 -1 0 0 0 1 1 0 0 0 0 0 0 0 1 -1 0 0 0 0 0 0 1 0 0 1 0 -1 0 0 1 0 0 0 1 0 -1 1 1 -1 0 0 0 -1 -1 1 0 1 0 0 0 0 -1 -1 0 0 0 0 0 -1 0 -1 2 1 1 0 0 0 0 0 0 -1 1 0 0 1 -1 0 0 1 0 1 0 -1 1 1 0 0 -1 -1 -1 0 0 0 0 0 1 0 0 -1 0 0 0 0 0 0 -1 -1 1 0 -1 0 1 0 0 2 0 0 -2 1 1 1 0 0 0 0 -1 1 0 1 0 -1 -1 0 1 0 -1 1 0 0 0 0 0 0 -1 0 0 1 0 -1 0 0 0 -1 0 1 0 1 0 0 0 1 0 -1 -1 0 0 -1 0 1 -1 1 1 0 0 0 1 1 0 -1 -1 -1 0 2 0 0 0 0 0 0 0 1 0 0 0 0 2 0 0 0 0 0 0 0 1 1 0 0 -1 0 1 0 0 0 0 0 1 0 0 0 -1 0 0 0 0 -1 1 0 0 0 0 -2
0 1 1 1 1 0 0 0 -1 2 0 -1 0 0 -1 1 0 0 1 0 0 1 -1 0 1 0 -1 2 -2 1 -1 0 -1 1 1 1 0 1 2 -1 0 0 1 2 -1 -1 1 1 0 0 -2 0 -1 18 0 1 0 -1 1 1 0 0 0 1 -1 1 -1 0 0 1 0 0 0 -2 1 0 0 0 0 -1 -2 0 0 0 0 1 -1 -1 0 0 1 1 0 1 0 0 0 0 0 -1 1 -2 0 -2 1 1 1 1 -1 0 1 0 -2 0 1 1 1 0 0 1 -1 0 0 0 0 2 0 0 0 1 -1 0 0 0 0 0 0 0 -1 0 0 0 0 1 0 0 0 0 0 -1 1 0 1 0 0 0 0 0 0 0 0 1 0 0 0 0 1 -1 -1 0 2 0 0 1 1 -1 0 -1 0 0 -1 1 0 -1 1 -2 0 1 0 1 0 -1 0 -1 0 -1 -1 1 1 0 1 -1 0 -1 -3 0 -1 1 -1 0 0 0 1 0 1 0 -1 0 1 1 1 1 0 -1 0 0 0 0 1 0 -1 -1 -1 0 0 1 0 0 0 1 0 1 -1 0 1 1 1 0 2 0 -3 0 0 0 0 -1 1 1 1 -1 0 0 -1 0 0 1 0 1 0 1 1 1 0 0 -2 1 0 0 1 0 -1 1 0 0 1 0 2 2 0 0 0 0 1 -1 2 1 0 1 0 0 -1 1 -1 0 0 -1 1 0 0 0 1 1 -1 0 0 0 0 -1 -2 0 0 1 1 1 -1 0 0 0 0 0 2 0 0 0 0 1 0 1 0 0 -1 0 0 -1 -1 1 0 0 1 0 2 -1 0 -1 0 0 0 1 1 0 -1 -2 0 -2 0 0 0 0 0 2 0 1 0 0 -1 -3 1 0 -2 0 0 2 -2 0 0 -2 0 1 -1 0 1 -1 0 0 -1 0 -1 1 0 -1 -1 0 0 -1 0 1 0 1 -1 -1
0 0 0 0 0 0 0 0 1 1 0 0 0 1 0 1 1 0 0 0 0 0 0 0 0 2 1 1 -1 0 1 1 1 0 0 1 1 -1 -1 1 1 0 3 0 0 0 1 0 0 0 0 0 1 0 17 0 0 -1 0 1 0 0 0 0 -1 0 -2 -1 1 0 -2 0 0 1 -1 2 -1 0 -1 2 -2 0 -1 1 1 0 -1 -1 -1 0 0 -1 1 1 0 0 -2 0 0 0 1 0 1 0 0 1 0 -1 1 0 0 0 0 0 0 2 1 0 0 0 0 1 -1 1 0 0 1 -2 0 -1 0 -1 0 0 0 0 0 -1 -1 0 1 0 0 -2 1 0 0 -1 1 0 1 1 0 0 0 1 0 0 1 0 0 0 0 1 0 1 1 0 0 0 0 -1 -1 0 0 -1 1 0 1 -1 0 0 0 3 -2 2 0 -1 0 0 1 0 0 -1 1 1 0 0 0 0 1 0 -1 2 1 1 0 0 1 0 1 0 0 0 1 1 0 -1 0 -1 0 -1 -1 0 1 1 0 0 0 0 -1 -1 0 0 0 0 -1 0 0 0 1 2 -1 0 0 2 0 0 1 1 1 0 0 0 0 1 -1 0 -1 0 0 0 1 0 -2 0 1 -1 0 0 -1 1 -1 0 0 1 1 0 1 0 0 -1 0 0 0 0 1 4 2 0 0 0 0 0 0 1 -1 1 0 -1 0 0 -1 -1 -1 0 0 0 1 1 -1 1 0 0 -1 -2 0 2 0 0 0 -1 2 0 0 0 1 -1 0 0 0 0 0 1 0 -1 0 0 2 0 -1 0 1 3 0 -1 1 0 0 0 0 0 0 0 1 0 1 0 -1 1 1 0 0 0 -1 0 0 0 0 0 1 0 0 0 0 1 -1 -1 0 0 0 1 -1 -1 0 0 -1 1 -1 -1 3 -1 0 0 0 0 0 1 1 0 0 0 0 1 -1 1 0 1 0 0
-1 0 1 0 0 0 0 -1 0 0 0 -2 -1 1 0 4 0 1 1 -1 1 1 1 -1 1 1 0 1 -1 0 2 0 1 0 1 0 0 -1 0 -3 0 0 0 0 1 1 1 1 1 1 0 0 1 1 0 20 -1 0 2 0 0 1 -1 2 0 1 -1 0 0 0 3 1 -1 0 -3 1 0 0 0 0 0 0 0 0 1 0 0 -1 0 0 0 1 -2 1 0 0 1 -1 -2 0 0 1 0 0 2 0 1 0 0 1 2 2 2 0 0 0 0 0 1 1 0 0 1 0 0 0 1 0 0 0 0 -1 1 3 0 1 -1 0 1 0 -1 1 0 0 0 1 0 0 0 -1 0 0 1 2 -1 0 0 1 0 0 0 1 0 2 3 0 2 -1 0 0 0 0 0 0 0 0 2 0 0 -1 0 1 1 2 0 1 0 1 -1 1 0 -2 0 1 0 -1 0 0 1 -1 -1 0 1 0 0 -1 -2 -2 0 0 0 -2 1 0 -1 1 0 1 -1 0 0 -1 2 0 2 0 1 1 -1 0 0 0 0 -2 0 0 1 -1 1 1 -1 -1 -1 -2 1 -1 1 0 0 0 -1 -1 -1 0 0 0 0 0 -1 1 1 1 0 2 0 1 0 0 -1 -1 -2 2 0 0 1 0 0 -1 0 0 0 -1 0 0 -1 0 -1 0 1 0 0 0 0 0 0 3 0 0 0 0 -1 1 0 1 1 1 -1 1 0 0 -1 -1 0 0 0 2 0 0 2 0 0 1 1 0 0 0 0 0 0 0 -1 3 -1 0 2 0 0 -1 1 -1 0 -1 -1 1 -1 0 1 0 0 0 1 1 0 -1 0 1 -1 0 0 1 0 2 0 0 -1 0 0 0 0 -1 -1 0 0 0 -2 -1 0 0 -1 -1 0 0 0 2 0 1 0 0 -1 0 1 -1 1 0 0 0 1 0 0 -1 -1 0 1 -3 1 0 0 -1 1 -1
1 0 -1 0 1 0 -1 1 -1 0 0 1 1 0 0 0 0 0 1 0 2 0 -1 1 -1 0 1 0 -1 -1 -1 0 0 0 0 1 0 0 1 0 0 0 0 0 1 0 0 0 0 0 0 1 0 0 0 -1 14 0 0 0 -1 0 0 1 -1 0 1 0 2 0 -1 2 0 1 0 0 0 0 1 0 1 1 0 0 0 -1 -1 0 -1 0 0 0 1 0 0 -1 0 0 0 0 -1 0 0 0 -1 -1 2 -2 -1 1 0 0 0 0 -1 0 -1 0 1 -1 0 -1 0 0 0 0 0 1 0 1 0 0 0 0 0 0 0 1 0 0 0 -1 0 0 0 0 -1 -1 0 2 1 0 -1 1 0 -1 0 -1 0 0 0 -1 1 0 -2 1 0 0 0 0 0 1 0 0 1 0 0 0 -1 0 0 1 0 0 0 0 1 -1 0 1 0 0 0 -1 0 2 -1 0 2 0 0 0 -1 0 1 2 0 0 2 0 0 0 1 0 0 1 0 0 -1 0 -2 -1 0 1 0 0 0 0 0 0 0 -1 0 -1 0 1 1 0 1 -1 0 0 -2 0 -1 0 -1 0 0 -1 0 0 0 2 -1 2 -2 1 0 0 0 0 -1 0 -1 1 0 1 0 -1 -1 -1 1 0 0 0 1 1 -1 0 1 0 0 -1 0 -2 0 -1 0 0 1 0 0 0 3 -2 0 0 1 1 0 0 0 0 0 -1 0 0 0 0 0 0 0 0 0 -1 1 0 0 -1 2 0 1 0 0 1 -1 0 1 0 -1 -1 0 0 0 -1 0 -1 1 0 0 1 -1 1 1 1 0 0 0 0 0 0 0 -1 1 0 1 -1 0 0 0 -1 0 -1 1 -1 0 -1 2 -1 1 -1 0 1 0 0 2 0 -2 0 0 0 -1 0 0 0 0 0 -1 1 1 0 0 0 0 0 1 0 0 0 0 1 -1 1 0 0 1 0 0 -1
1 0 1 1 0 0 0 0 0 -1 -1 1 1 -2 1 0 0 -1 0 0 0 0 0 0 1 0 0 1 0 -1 0 0 0 -1 0 3 0 0 0 1 1 0 0 1 0 0 0 1 0 1 0 1 1 -1 -1 0 0 16 -1 0 -2 0 -1 2 1 1 1 0 1 0 1 -1 -1 -1 -1 0 0 1 0 0 0 -1 -1 0 1 0 0 1 -1 0 2 -1 0 1 0 0 0 1 0 0 1 1 0 1 1 0 0 1 0 0 1 0 1 2 0 0 -4 0 1 0 1 -1 1 1 1 -1 0 1 -1 0 -1 0 0 0 0 0 1 0 2 -2 1 0 0 0 0 1 0 0 1 -1 1 0 -1 -1 0 1 2 -1 0 0 -1 0 0 0 -1 0 0 -1 -1 0 1 0 0 3 0 -2 -2 -1 1 2 0 0 1 0 0 1 0 -1 1 0 0 1 1 0 0 0 0 0 0 0 0 1 1 0 2 1 1 -1 1 0 1 1 0 0 0 2 -1 -2 0 1 0 -1 0 1 0 -1 1 0 0 0 0 0 0 1 0 -1 0 -1 0 -1 0 -1 2 1 1 2 1 0 0 2 0 0 0 0 1 0 0 0 1 1 -1 0 1 0 0 0 0 0 -1 0 0 0 0 0 0 0 0 0 0 0 1 0 1 0 0 0 1 -1 -1 1 0 0 1 0 -2 0 -1 0 0 2 1 0 0 -1 -1 0 0 1 0 1 -1 1 0 0 -1 1 0 0 0 1 0 1 0 0 0 1 0 0 -2 -1 0 0 0 2 0 0 0 0 -1 -1 0 0 0 1 -1 1 2 1 1 -1 1 -1 0 0 0 2 0 2 0 -1 2 2 0 0 0 1 0 0 0 0 0 0 0 -1 0 -1 0 0 0 0 0 0 1 1 0 0 0 -1 0 0 0 1 1 1 1 1 0 0 0 0 0 0 0 -1 1 0 0 0 0 0
0 -1 -1 -1 -1 -1 1 0 0 0 1 0 -1 0 0 0 0 0 0 0 0 -1 2 -1 -1 1 1 1 0 1 -1 0 1 0 0 -1 -1 0 -1 -1 -2 0 0 0 0 1 0 -1 0 0 1 0 0 1 0 2 0 -1 15 0 0 1 -1 0 -3 1 -1 -2 0 0 3 -2 1 0 -1 0 -1 -1 0 -1 0 0 0 0 1 -2 0 -1 1 0 -1 -1 -1 0 0 0 0 0 -2 -1 -2 0 -1 -1 0 1 1 0 -1 0 0 0 -1 -1 0 -2 -2 0 1 2 1 -1 0 -1 -1 0 0 0 -2 0 0 0 0 0 0 0 -1 1 -1 0 0 1 1 0 1 1 -1 -1 1 1 0 1 -1 2 0 0 0 1 0 0 0 -1 1 -1 0 -2 1 0 1 0 0 0 1 -1 1 0 -1 0 0 1 1 0 -1 0 0 1 1 -1 -1 1 0 1 0 0 -1 1 -1 0 -1 0 1 -1 -1 1 2 -1 -1 1 1 0 0 0 0 1 0 0 -1 1 0 1 0 0 1 -1 -1 0 -1 1 0 1 -2 0 -1 2 0 0 0 -1 0 -1 0 -1 -1 -1 4 1 0 0 0 0 0 -2 0 0 1 0 0 0 2 -1 1 0 -1 0 0 1 0 -1 0 0 -1 0 0 0 1 0 0 0 0 0 2 1 0 -1 1 0 0 0 0 -1 0 0 0 0 1 -1 0 0 0 0 0 -1 0 0 -1 0 0 0 3 0 0 0 0 0 0 -1 0 0 -1 0 -1 0 1 1 -1 1 1 0 0 -1 -1 1 0 1 -1 0 0 0 0 0 -1 0 0 1 -1 0 0 0 0 1 -1 1 -1 0 0 -1 0 -1 0 0 1 1 -1 0 0 -1 0 0 0 1 0 -1 0 0 0 0 0 0 0 0 0 0 0 1 -1 0 1 0 -1 -1 0 -1 0 -1 0 0 0 1 -1 0 0 0 1 0 0 0 0 1 0 0
0 0 0 -1 0 0 -1 -1 0 0 1 0 0 1 0 1 0 -1 0 0 0 0 0 1 0 0 1 0 -1 0 -1 1 0 -1 0 -1 -1 0 0 0 0 0 1 0 1 0 -1 0 0 0 0 0 0 1 1 0 0 0 0 15 -1 -1 0 -1 -1 1 1 1 0 0 0 -1 0 0 0 -1 0 0 -1 0 1 0 -1 1 0 0 1 1 -1 0 0 0 1 1 0 0 4 0 0 0 -1 0 0 1 -2 1 -1 0 0 0 1 1 1 -1 3 0 0 1 -1 -1 -1 0 1 0 0 0 0 -1 0 0 0 0 0 0 -1 0 0 0 0 0 2 0 0 1 0 0 0 0 -1 1 0 0 -1 1 0 1 0 1 1 1 0 -2 1 0 0 0 1 0 0 3 -1 0 0 0 0 0 0 0 0 -1 0 1 1 1 0 0 0 0 0 2 2 0 1 1 -1 1 1 0 0 -1 0 0 0 0 0 1 -1 1 0 0 -1 0 1 0 -1 0 -1 -2 1 0 0 1 0 2 0 0 0 0 0 1 0 0 0 1 0 1 0 0 0 0 0 3 0 0 -1 0 -1 0 0 0 0 0 0 3 1 1 0 0 0 -1 1 -1 0 0 0 -1 -1 0 -1 0 1 2 -1 1 0 1 1 1 0 1 0 1 0 0 0 0 -1 1 0 0 0 0 0 1 0 1 0 1 0 0 -1 0 1 0 0 0 0 -1 0 0 0 0 0 0 -1 1 1 0 -1 0 1 0 1 1 0 0 -2 0 0 0 0 1 0 2 0 1 0 0 0 0 1 0 0 -1 0 -1 0 0 0 0 2 0 0 1 0 0 0 0 2 1 1 0 0 0 1 1 0 -1 0 0 1 0 0 -1 1 0 0 0 -1 1 0 2 0 0 1 0 0 1 0 0 0 -1 0 0 0 1 0 0 1 0 0 -1 -1 0 0 -1 0 0 0 0
1 0 0 0 0 -1 0 -1 0 0 1 -1 0 0 -1 0 2 0 0 0 0 0 1 0 1 1 0 -2 0 1 1 -2 -1 0 0 1 -1 0 0 1 0 0 -1 -1 1 1 0 0 0 1 -1 0 0 0 0 0 -1 -2 0 -1 18 0 1 0 -1 0 -1 1 0 1 -1 -1 0 1 1 1 -3 0 -1 -1 -2 0 0 0 0 0 0 -2 0 0 -1 1 0 -1 1 0 0 1 0 0 0 1 0 1 0 1 1 1 0 0 -2 -1 -1 0 0 0 1 0 0 0 0 0 0 1 -1 1 0 -1 2 0 -1 0 0 2 0 0 1 0 -1 -1 0 0 0 0 0 0 -1 1 -1 1 -2 -1 -1 0 0 0 1 -1 0 0 1 0 0 1 0 0 1 0 1 0 -1 -1 0 1 0 -1 1 0 1 1 0 0 1 -1 1 0 0 0 -1 -1 0 1 2 1 0 -2 1 0 -1 0 -1 0 0 -1 -1 -1 0 -1 0 0 0 2 -1 0 0 3 1 0 0 0 0 1 0 -1 0 0 0 0 -1 -1 0 0 0 1 0 1 -1 0 1 1 0 1 -2 -1 0 -1 -3 0 -1 -1 2 0 0 1 -1 -1 1 0 0 0 1 0 0 0 0 0 0 1 0 2 0 0 1 0 1 -1 1 0 1 0 1 -1 -1 0 -1 -1 0 -1 0 1 0 0 0 1 2 1 1 0 -1 0 -1 0 0 0 -1 -1 0 0 0 1 1 1 1 0 0 -2 -1 0 -1 0 0 0 0 0 0 0 -1 -2 0 1 1 0 2 1 0 0 -1 0 1 1 -1 0 1 2 0 -2 1 0 -1 -1 0 0 -1 0 -1 0 0 0 0 -1 -2 0 0 0 -2 0 0 0 -1 3 0 0 -1 0 0 -1 1 0 0 0 -1 -1 -1 0 0 0 0 0 0 0 0 0 0 0 0 -1 0 -1 0 0 -1 1 1 2 0 0 0 0 1 0
1 -1 0 0 1 0 0 1 1 0 1 -1 0 2 1 0 0 1 0 0 0 -1 1 -1 2 -1 0 1 0 0 0 0 0 0 0 2 -1 -1 -1 0 0 0 1 0 -2 0 -1 0 -1 0 -1 0 1 0 0 1 0 0 1 -1 0 15 0 0 1 0 -1 0 2 0 0 1 2 0 0 0 0 0 0 -1 0 0 -2 0 0 0 0 1 0 0 0 0 -1 0 0 0 0 0 1 -2 0 0 0 0 0 0 -1 -1 0 0 0 0 1 -1 0 1 0 1 2 0 1 1 1 1 0 0 0 1 1 -1 0 0 0 0 1 0 0 0 -1 0 -2 0 0 1 0 0 0 1 0 0 0 0 0 -2 -1 -1 0 0 0 -1 0 1 -1 0 -1 0 -1 -1 0 0 -1 -1 0 0 0 -2 0 0 1 0 0 -1 0 0 -1 0 0 0 0 0 3 1 1 0 0 -1 -2 0 1 -1 0 0 0 0 0 0 0 1 0 0 0 0 -1 1 0 0 0 0 0 0 -1 0 -1 0 0 1 0 -1 0 0 0 0 0 -1 -2 -1 -1 0 0 -1 0 2 1 1 0 0 1 1 0 0 0 1 -1 0 0 0 1 2 1 0 0 0 -1 0 0 0 0 -1 0 2 0 1 0 1 0 0 0 0 0 0 0 0 0 0 1 0 -1 0 0 -1 0 -1 0 0 0 1 0 1 1 0 0 1 1 0 0 -1 0 0 0 0 0 1 0 1 0 -1 0 1 0 -1 0 0 0 1 0 0 0 2 -2 0 -2 0 2 0 1 1 1 1 1 -1 1 0 0 1 0 1 1 0 0 -1 0 0 0 0 -1 0 1 0 0 0 0 2 0 1 -1 -1 1 1 0 2 0 -1 0 0 0 -1 1 1 1 -1 0 1 0 2 0 3 1 0 1 0 0 0 1 0 -1 0 0 0 1 -1 0 0 1 0 0 0 0 3 2 -2
-1 -1 0 1 -1 3 0 0 0 0 3 -1 3 0 1 1 0 0 0 2 -1 0 0 1 -1 -1 1 -2 0 0 1 0 0 -1 3 1 1 0 0 0 2 0 2 0 0 0 0 0 -1 0 0 1 2 0 0 -1 0 -1 -1 0 1 0 21 0 0 2 1 -3 1 1 0 1 -2 0 0 1 0 0 0 0 0 0 0 0 0 2 -1 0 1 0 1 2 1 1 -1 0 0 1 2 -2 0 1 0 1 -1 0 1 -1 0 -1 0 0 0 -1 0 1 -1 0 0 1 0 -1 0 0 0 -1 0 0 0 0 0 1 0 0 -1 -1 1 0 -1 0 0 -1 0 0 1 -1 0 0 -1 0 0 1 0 1 1 0 0 0 -1 1 1 1 0 1 2 0 0 0 0 1 -3 0 0 0 0 0 0 1 -1 0 2 0 0 0 0 1 0 0 0 0 0 0 1 2 1 0 0 -1 0 0 1 0 -1 2 -1 -1 1 1 0 1 0 0 3 0 0 0 1 1 0 1 2 1 -3 1 2 0 -1 0 0 0 0 -1 -1 2 0 1 1 -1 0 -1 -1 1 1 1 0 0 0 0 3 -1 0 3 1 0 0 -1 0 0 0 0 0 2 1 0 0 -1 -3 -2 0 0 1 0 0 0 0 0 0 1 0 2 -1 1 0 1 0 -1 0 1 0 0 3 0 0 0 1 0 -1 -1 -2 0 1 0 0 2 0 0 0 1 0 -1 0 1 2 0 0 1 0 0 1 2 0 0 -1 1 0 0 0 -1 0 0 0 0 0 -1 1 0 0 0 -1 2 0 0 0 1 -1 -2 0 0 -2 1 -3 0 0 1 2 3 0 4 -1 0 0 -1 -2 -1 0 2 0 0 0 1 1 0 0 1 1 0 -1 0 0 0 -1 0 1 0 0 0 -1 1 1 0 0 0 1 1 0 0 0 0 0 0 0 3 0 1 -2 0 0 0 0 -1
-2 2 0 1 0 0 0 2 -1 0 1 -1 0 -2 0 1 -2 0 1 1 1 1 2 0 0 0 2 1 1 1 2 -2 0 0 1 -1 1 2 0 0 0 0 0 0 0 0 1 0 0 0 1 0 0 1 0 2 1 2 0 -1 0 0 0 26 -3 -2 1 0 0 0 3 1 0 0 0 0 0 0 0 0 -1 1 0 -2 1 0 0 -2 1 0 2 0 -1 0 0 0 0 0 0 -1 -1 0 0 -1 0 0 1 0 0 1 2 1 0 0 0 -1 -1 0 1 0 -1 -1 1 -1 0 1 0 2 1 1 -1 0 0 0 0 1 0 1 -1 -1 0 1 0 0 0 1 -1 2 2 0 0 0 0 1 0 0 2 0 1 0 1 2 1 0 1 -1 2 0 -1 0 0 0 0 0 0 1 0 -1 -1 -1 0 1 0 1 1 3 2 -3 1 -1 -1 2 0 0 0 -1 -1 0 2 0 0 1 -1 0 0 2 -1 0 0 0 0 1 1 0 0 1 0 0 -2 0 0 0 2 0 1 0 0 0 0 -2 -2 -1 1 0 0 1 0 0 2 0 -1 1 -1 3 0 -3 0 0 1 0 1 1 0 -1 1 0 0 1 0 0 0 2 2 2 0 0 2 2 -1 -1 3 0 -1 0 0 2 0 0 1 -1 -1 -1 0 1 2 2 2 0 1 1 0 0 -1 1 0 0 0 2 0 0 0 0 0 1 0 1 0 1 0 0 2 0 0 -2 1 -1 1 -1 5 1 1 2 -1 0 0 1 0 0 2 0 1 0 1 1 0 0 1 0 -2 1 2 0 1 0 0 -1 0 1 0 0 0 0 1 -1 0 -1 0 1 2 0 4 0 0 2 0 0 0 1 0 0 -1 0 0 0 0 3 1 -2 0 0 2 -2 1 2 0 1 0 0 0 0 1 2 0 1 1 0 1 1 -1 1 2 0 0 2 1 0 1 0 -1 0
0 -1 0 -1 1 -1 0 -1 0 -1 0 0 0 0 1 -1 1 -2 -1 0 2 1 0 0 3 -1 -1 1 -1 1 1 1 0 1 1 0 0 0 0 -1 0 0 0 2 0 0 0 1 -2 0 -2 0 0 -1 -1 0 -1 1 -3 -1 -1 1 0 -3 22 1 0 2 -1 0 1 0 0 0 -1 0 1 1 1 0 -1 -1 1 0 0 1 2 1 -1 0 -1 -1 0 0 0 0 0 0 0 1 1 2 2 1 0 0 -1 -1 1 1 -2 0 1 1 -1 2 0 0 -2 -2 0 -1 -1 -2 1 1 0 -1 1 -1 0 0 0 0 0 0 -1 0 0 -1 -3 -1 0 1 0 -1 0 -1 -2 -1 2 0 1 -1 0 0 0 1 1 0 0 -1 -1 1 0 1 1 0 0 0 0 2 -1 1 -1 1 0 1 0 3 1 -1 0 0 0 0 -1 0 0 0 -2 1 0 1 0 -2 0 -1 0 -2 -1 1 1 0 -1 1 2 -1 1 -2 0 1 1 -1 0 -2 0 -1 0 1 1 1 0 0 -1 0 1 0 0 0 1 0 1 1 0 1 0 0 0 2 1 1 1 0 -1 0 0 -1 1 0 -2 0 0 -2 0 0 0 -1 -1 3 0 1 -1 -1 1 -1 0 -1 0 1 -1 1 -1 -1 0 0 0 0 1 1 0 2 0 1 0 -1 -1 -1 0 1 0 0 0 0 -1 1 2 -1 0 0 -2 0 0 0 0 0 0 0 -1 0 0 0 0 0 0 1 0 1 -3 0 -1 -1 0 1 0 1 0 0 0 -1 0 -1 0 -3 1 -1 -1 0 -1 0 1 1 -1 -2 -3 0 2 0 1 -2 1 0 0 0 0 0 -1 -1 -1 0 -3 1 1 1 -1 -2 0 0 0 0 0 0 0 0 0 1 0 1 0 0 0 0 0 3 0 -1 0 0 1 0 0 -1 0 0 1 0 -1 -1 -1 0 0 0 1 -1 0 0 0 1 2 0
1 0 0 1 0 1 0 -1 0 -1 1 0 -1 -1 0 -1 0 1 0 1 0 0 0 1 0 0 2 -2 -1 1 0 0 0 1 1 -1 -1 0 0 1 0 0 0 0 -1 0 -1 0 -1 0 -1 0 1 1 0 1 0 1 1 1 0 0 2 -2 1 21 0 0 0 1 0 -1 1 1 -1 0 0 0 0 0 -1 0 0 0 0 0 -1 0 -1 0 0 -1 0 -1 0 -1 0 1 -1 -1 0 -1 0 -1 0 1 -1 0 0 0 0 0 0 2 0 0 1 -2 0 1 1 0 -1 1 0 -1 1 -1 0 -1 2 0 0 0 -1 1 0 1 0 0 -1 -1 0 -1 1 1 3 1 1 0 0 0 -2 1 -1 1 0 0 -1 -1 -1 0 0 -1 -1 0 0 1 0 1 -2 1 0 1 1 0 0 0 -1 1 -1 0 0 0 2 1 0 1 1 0 1 -1 -1 -1 -1 -1 2 0 -1 1 0 0 -1 1 0 1 1 0 0 0 0 0 0 0 0 -1 0 0 0 0 1 0 0 -1 1 0 -1 0 0 1 0 1 -1 0 0 1 0 1 0 -1 1 2 0 0 1 0 0 -1 1 1 -1 -2 0 2 1 0 0 2 0 0 1 -1 -1 0 0 0 -1 0 0 -1 1 4 1 0 -1 1 2 -1 2 1 -1 2 1 0 -1 0 0 -1 1 0 -1 0 1 0 0 0 -1 0 1 2 -1 1 1 -1 -1 -3 0 -1 2 -1 -1 -1 2 -1 0 1 1 0 -1 2 0 0 0 1 0 -1 1 -1 2 0 2 1 0 0 1 -1 1 0 -1 -2 -2 0 -1 1 -2 1 3 1 0 0 -2 0 0 1 1 0 0 1 -1 0 -3 2 0 0 0 0 1 0 2 0 0 -1 0 0 1 -2 -1 0 0 -1 0 0 1 1 0 0 0 -1 0 0 0 -2 -1 0 1 0 -1 1 1 0 0 1 0 1 0 0 0 0 0 0
-1 0 -1 0 0 0 -2 -1 0 -1 0 1 0 0 0 -1 0 0 1 1 1 1 0 2 -1 2 0 -1 -1 0 0 3 0 0 0 0 1 1 0 1 0 1 0 0 2 -1 1 -1 -2 0 1 0 1 -1 -2 -1 1 1 -1 1 -1 -1 1 1 0 0 20 -3 -1 -1 0 0 4 0 0 0 0 -1 -1 0 2 0 0 2 0 1 1 0 0 0 0 1 0 0 0 -1 2 0 0 0 1 0 0 0 0 0 1 0 -1 2 0 -1 0 -1 -1 0 1 0 1 1 0 0 0 0 0 -1 1 0 1 1 2 1 -2 0 -1 -1 -2 0 1 0 0 -1 1 0 0 0 1 1 -1 -1 0 0 1 1 0 1 0 0 -1 -1 -1 0 1 -1 2 0 2 1 0 0 0 0 1 0 0 1 2 0 1 -1 1 1 0 0 0 0 0 1 1 1 1 0 0 -1 0 2 -2 0 -1 0 0 0 -1 1 0 0 0 0 1 1 0 -1 1 -1 0 -1 1 0 0 -2 1 0 2 3 -1 0 0 1 0 0 -1 0 -1 -1 -1 -2 1 0 -1 0 0 0 1 0 -1 0 0 0 0 0 0 2 0 1 -1 3 0 0 0 0 0 0 0 0 -1 2 0 1 -2 1 -1 0 2 0 0 1 0 0 0 0 -2 0 0 1 2 1 2 0 -1 0 0 1 -1 0 0 -1 1 -2 -3 2 0 -1 1 0 0 2 -1 0 1 -1 1 0 1 -1 1 0 0 -1 0 -2 0 0 0 0 -1 1 0 -1 0 1 0 0 -1 0 0 0 0 0 -1 1 0 1 0 -1 0 1 -2 0 1 0 1 0 0 1 0 0 0 2 1 1 0 0 2 -1 -1 1 0 0 0 -2 0 0 0 -2 0 0 1 -1 -2 0 1 -1 2 -1 1 0 0 1 0 1 -1 1 1 0 -1 -1 -1 -1 0 0 1 -2 0 0 2 -1 0 0 0 0
0 1 1 1 0 0 0 0 0 0 0 0 -1 0 0 2 0 0 0 -2 0 1 2 0 1 -1 -1 -1 0 1 1 -2 2 0 -1 1 -2 0 1 -1 2 0 1 0 -1 0 0 2 1 0 -3 -1 -1 0 -1 0 0 0 -2 1 1 0 -3 0 2 0 -3 18 1 0 0 0 -2 0 0 0 0 1 0 1 0 0 0 0 0 -1 -1 2 -1 0 -1 0 0 -1 -2 0 1 0 0 0 0 -1 1 0 0 0 0 0 1 0 -1 0 1 2 1 -1 -1 0 -2 -1 0 0 0 0 0 0 -1 1 0 -1 0 0 -1 0 0 0 1 1 0 0 -1 0 -1 -1 0 -1 0 0 -1 1 0 0 -1 0 0 1 0 -1 -1 1 1 0 1 1 -1 0 1 0 0 0 0 0 0 1 -1 1 2 0 -1 -1 -1 1 0 -1 0 0 0 1 -1 0 -1 -1 1 -1 -1 0 -1 0 0 0 1 0 1 0 0 1 1 -1 0 -2 0 0 0 -1 0 0 0 0 0 0 0 0 1 -1 -1 -2 1 0 -1 1 1 2 3 1 0 2 0 1 0 0 0 -3 0 -1 1 -1 -1 0 0 -1 0 -2 0 0 3 1 -2 0 -1 0 0 0 0 0 2 0 1 -2 1 0 -1 0 0 0 -1 -1 0 -1 -1 0 -1 -1 0 0 -1 0 1 2 0 2 0 1 0 1 0 0 1 0 2 -1 -1 0 0 -1 0 1 0 -1 -1 -1 1 1 0 1 0 0 2 0 0 0 0 -1 -1 0 0 -1 0 3 0 -1 0 -1 1 0 1 0 0 0 -1 0 1 0 0 -1 0 -1 1 0 0 -1 2 0 0 1 -1 0 0 -1 0 -1 0 0 1 0 0 1 0 0 0 1 -1 0 0 -1 -1 0 0 1 1 0 -1 -1 -1 1 1 0 2 0 0 -1 -2 2 0 0 0 -1 0 0 0 0 -1 -1 0 0 0 1 0 0 0 1
1 -1 0 0 0 -1 0 0 0 0 1 1 0 -1 0 1 0 1 1 -1 1 0 -1 1 0 1 0 1 -1 -1 -1 -1 0 0 -2 1 0 0 0 1 1 0 -1 1 -1 0 0 1 0 0 -1 2 -1 0 1 0 2 1 0 0 0 2 1 0 -1 0 -1 1 19 0 -1 1 1 0 0 0 1 2 0 0 -1 0 1 0 -1 1 0 0 0 0 0 0 1 0 -1 -2 1 1 -1 -1 -1 1 1 0 -1 -1 1 -1 -1 1 0 0 0 0 1 0 -2 0 0 2 1 -1 1 2 1 0 0 1 1 0 0 0 0 -1 -1 0 0 0 0 -1 -1 0 1 1 0 -1 0 1 0 1 0 3 0 0 1 -1 0 0 0 0 0 1 -1 -1 1 -1 1 0 0 -1 0 1 1 1 0 -1 0 0 0 1 0 1 0 0 0 0 0 0 1 0 1 1 0 -1 0 -2 0 0 0 0 0 -2 1 1 1 0 0 0 0 1 0 1 1 0 0 1 0 0 0 -1 0 0 0 2 0 -1 0 0 0 1 0 0 -1 1 0 0 0 1 0 0 1 -1 -1 0 0 0 0 -1 0 0 0 1 0 2 3 1 -1 0 0 1 0 0 0 0 0 -1 1 0 -1 0 0 2 0 1 2 2 0 0 0 0 -1 0 0 0 0 -1 1 1 1 1 -2 0 0 0 0 0 0 -1 1 0 0 0 2 0 1 1 0 0 0 0 0 0 1 0 0 -1 0 1 2 -1 1 -1 0 -1 0 -1 1 -1 0 -1 0 1 1 0 0 0 1 0 0 0 0 1 0 1 0 1 0 -2 -3 -1 0 0 0 1 0 2 0 3 0 0 1 -1 0 -1 -1 -1 0 0 1 2 1 -2 -1 0 0 0 0 0 1 -1 0 0 0 3 0 1 0 0 -1 1 1 0 1 -1 -1 0 1 1 1 0 -1 0 0 0 -1 0 1 -1 -1 0
0 1 -1 -1 2 0 0 2 0 0 2 -1 0 1 0 0 1 0 2 1 0 -2 1 0 0 -1 0 -2 0 0 2 -1 0 0 2 -2 1 0 1 0 0 0 2 0 0 -1 0 1 -1 0 0 0 0 1 0 0 0 0 0 0 1 0 1 0 0 1 -1 0 0 23 0 0 0 0 1 1 -1 1 -1 -1 0 0 1 1 -2 -1 0 -1 1 1 -2 0 1 0 0 0 -1 2 -2 1 0 -3 -1 -1 1 1 0 0 0 2 0 2 0 2 0 -1 -1 0 3 1 1 0 0 1 1 0 0 -1 -1 -1 -1 -1 1 0 0 2 0 0 0 -1 0 -1 0 1 0 1 1 0 -1 0 0 0 0 1 -1 0 -1 1 0 0 -1 2 0 0 -1 0 0 0 0 -1 -2 0 0 1 0 -1 0 1 0 1 -1 0 1 0 0 0 0 1 0 0 0 1 -1 0 1 -1 1 0 0 0 -2 -1 2 0 -2 1 1 1 0 0 -1 2 -1 2 0 -1 0 1 0 0 0 0 -1 0 0 -1 -1 0 1 1 1 0 0 1 0 0 0 1 0 1 0 0 0 1 1 -2 1 0 -1 0 0 1 0 0 1 0 0 0 0 -1 0 0 -1 -2 -1 0 0 -2 -2 -2 0 2 3 1 2 -1 2 0 -1 1 1 2 0 1 -1 -2 -1 0 0 -1 0 0 0 0 0 0 0 0 0 0 0 1 0 1 -1 -1 1 0 1 0 0 1 -1 0 0 0 -1 0 0 1 1 -1 -1 -1 1 -2 -1 0 1 1 -2 2 0 0 1 1 0 0 2 3 0 0 0 0 0 1 1 -1 -1 2 -2 -1 -2 0 0 0 -1 0 1 -1 1 -3 2 -1 0 0 -1 -1 1 0 0 0 0 -1 1 0 -2 0 0 0 1 1 -1 1 1 1 1 -1 1 -1 1 1 1 0 1 1 1 2 1 1 0 1 0 0 0 0 0 0 -2 -2
0 -1 0 1 0 0 1 3 0 0 1 0 1 0 0 0 0 0 -1 -1 0 -1 -1 -1 0 -1 1 2 2 0 -2 0 0 0 1 0 1 1 1 0 -1 0 1 1 0 -1 0 0 0 0 0 0 1 0 -2 3 -1 1 3 0 -1 0 0 3 1 0 0 0 -1 0 20 0 0 0 0 0 1 0 -1 -1 0 -1 0 -2 0 1 0 0 0 1 -2 1 -1 0 0 1 0 0 -2 1 0 -1 0 0 1 1 -1 0 0 0 0 1 -1 0 2 1 0 0 0 1 -1 -2 0 0 1 0 0 0 -2 0 0 0 0 -1 -1 0 0 0 1 -1 0 1 1 1 0 -1 0 0 1 1 1 0 0 1 0 0 2 1 0 0 0 2 1 0 -1 -1 3 -1 0 0 0 1 0 0 -1 0 -1 -1 0 -2 1 1 -2 0 1 3 1 0 -1 0 -1 1 0 -2 0 -1 0 0 -1 0 0 0 0 0 -1 0 0 0 1 0 0 0 0 0 -1 -1 0 1 1 1 1 0 0 -1 -1 0 0 1 0 0 -1 1 -1 0 0 2 0 1 0 -1 3 -1 2 2 1 0 1 0 1 -2 -2 0 2 3 0 -1 -1 -1 3 1 0 0 0 1 0 0 2 1 1 0 0 -1 1 0 0 0 -1 -3 0 0 0 1 0 0 2 0 -1 -1 -1 1 1 -1 0 2 1 0 0 0 0 0 -2 0 -1 1 0 2 -1 -1 1 0 0 -1 -1 -1 1 0 -1 1 1 1 2 1 -1 0 1 2 0 0 0 -1 -1 1 0 0 0 0 1 1 -3 0 0 -1 -1 1 0 0 0 2 0 0 0 2 1 0 -1 -1 0 0 -1 0 0 2 0 -1 1 0 0 2 1 0 1 -1 0 0 1 0 -1 0 0 -1 1 1 2 1 0 0 1 0 0 1 0 1 1 2 1 1 0 0 0 0 0 0 1 0 0 -1 0 0 0 0
1 2 0 -1 1 0 0 0 0 -1 -2 0 1 1 -1 0 1 0 0 -1 0 0 -1 0 -1 0 0 0 0 0 0 -1 0 1 0 1 0 0 0 0 0 0 0 0 1 -1 1 -1 1 0 0 1 0 0 0 1 2 -1 -2 -1 -1 1 1 1 0 -1 0 0 1 0 0 17 -1 0 0 0 0 0 1 1 0 0 0 -1 1 3 0 0 0 0 2 -1 0 2 0 1 0 -1 1 0 0 0 0 0 0 -1 0 0 -1 0 2 1 2 -1 0 2 1 0 0 0 0 -1 0 0 -1 0 0 0 2 0 0 0 1 0 0 0 0 0 0 0 -1 0 1 0 0 0 1 -2 0 -2 1 0 1 -1 0 0 1 0 0 -1 0 3 1 1 1 2 -1 0 1 0 0 0 -2 0 0 0 1 0 0 0 -2 0 -1 0 0 2 1 0 0 0 0 -1 0 0 1 0 -1 0 3 0 0 0 -1 1 -1 0 1 -1 0 0 0 0 -1 0 1 0 0 0 -1 -2 1 1 0 0 0 0 -1 0 -1 -1 0 1 -1 0 0 1 1 0 0 0 1 -2 1 0 0 0 -2 -1 -1 -2 0 0 0 3 0 2 -1 0 -2 0 1 0 -1 1 0 0 1 0 0 -1 0 1 -2 0 0 0 1 0 0 3 0 0 0 0 2 0 -1 0 0 0 -2 0 -1 -1 -2 1 -1 0 -1 0 2 0 1 0 1 0 0 0 -2 0 0 0 0 0 0 0 -1 0 1 1 0 0 0 0 0 0 -1 1 1 0 2 0 0 1 0 0 0 0 0 1 1 1 -1 -1 0 0 -3 2 0 0 1 -1 -1 0 0 -1 1 -1 0 0 0 -1 0 0 1 -1 0 1 0 0 -1 0 0 0 0 0 -1 0 0 1 0 0 1 0 -1 0 0 1 -1 0 0 0 0 2 0 -3 0 -3 0 0 0 0 -1 0 0 0 1 0 0 -3
3 0 0 -1 0 -1 -1 0 0 0 0 0 1 2 0 -3 1 0 0 0 0 1 0 0 2 0 0 0 -1 -1 0 2 0 1 0 0 1 0 2 0 0 1 0 0 1 0 0 0 0 0 0 0 0 0 0 -1 0 -1 1 0 0 2 -2 0 0 1 4 -2 1 0 0 -1 22 -1 0 1 1 0 -1 -1 0 0 1 2 0 0 0 0 0 0 0 1 -1 0 1 1 2 1 -2 -2 2 0 0 0 0 1 0 0 -2 0 0 0 0 -1 1 0 0 0 -1 0 0 1 1 1 0 1 2 -1 0 0 1 0 0 -1 -1 -1 0 0 0 0 1 -1 0 1 0 0 0 1 0 1 0 1 0 1 0 1 0 1 1 0 0 1 0 -1 0 1 0 1 0 0 0 0 2 1 -1 0 2 0 3 -2 0 0 0 2 1 -1 0 1 0 1 1 0 0 1 -2 0 0 0 1 0 0 1 2 2 2 0 1 0 1 1 0 1 -1 0 0 -1 1 0 0 0 -2 0 0 2 0 0 2 0 1 -1 0 1 0 3 0 0 0 1 0 0 2 -1 -2 0 -1 -1 3 1 0 1 0 1 1 0 -1 2 1 2 -1 0 0 0 0 0 0 1 1 2 -1 1 -1 1 4 1 1 -2 0 1 0 -2 2 1 2 1 0 0 0 0 0 0 -1 0 -1 0 0 1 0 0 2 0 0 -1 2 -1 0 0 -2 0 1 3 0 0 1 -1 0 -1 0 1 0 1 0 0 0 0 1 -1 1 0 3 -1 2 -1 1 0 0 1 2 0 0 0 0 0 0 0 0 1 0 0 0 -1 -1 0 -1 0 -1 0 2 -2 0 2 0 0 2 1 2 -1 0 0 0 0 0 0 -1 0 0 0 -1 0 0 -1 2 -1 1 0 1 1 -1 1 0 2 0 1 1 -2 -1 0 1 0 0 0 2 -1 -1 1 1 0 -1 0 0 -1
0 -1 2 0 -1 3 1 -1 1 1 0 0 0 2 -1 1 2 0 -2 1 0 1 0 0 -1 1 0 -1 0 1 -1 -1 0 1 0 -2 1 -1 0 0 0 0 0 -1 -1 0 1 0 1 1 0 0 0 -2 1 0 1 -1 0 0 1 0 0 0 0 1 0 0 0 0 0 0 -1 23 1 1 0 0 -1 1 0 2 0 -1 0 0 0 1 0 0 -1 -1 0 0 1 0 0 0 0 0 -2 0 -2 1 0 2 0 -1 -2 0 -1 1 2 0 0 1 2 2 2 -1 1 -1 -3 0 0 0 -1 -1 2 0 2 0 0 0 0 1 0 0 1 1 0 -1 1 0 0 0 -1 1 0 0 0 1 0 0 0 0 1 0 -1 0 0 0 -1 0 1 1 2 0 0 0 0 0 0 0 0 0 1 0 -3 3 1 0 1 1 1 1 0 0 1 0 1 -1 -3 1 0 0 1 2 -1 0 -1 0 1 -1 2 0 0 -1 1 2 1 0 0 -1 0 1 0 1 0 -1 -1 -2 -1 1 0 1 1 0 0 -2 0 0 -1 2 0 -1 0 1 0 0 -1 0 0 1 -1 0 1 0 2 0 2 0 0 1 -1 1 0 0 0 1 1 1 0 0 -1 0 0 -1 -1 0 0 1 1 1 0 1 0 2 -1 2 2 -1 0 1 0 0 0 -2 0 2 -2 0 0 0 2 0 1 0 1 1 1 -1 0 1 -1 0 -1 -1 1 -1 1 -1 0 1 0 0 0 0 0 -1 0 0 0 0 -1 0 -1 1 2 0 2 -1 0 0 0 0 0 0 0 0 0 -1 -1 2 1 0 0 2 0 0 -2 0 -2 -1 -2 1 1 -1 0 -1 -1 0 0 -2 0 0 1 -2 0 1 -1 0 1 0 -1 -1 -2 -1 -1 0 0 1 0 0 0 1 1 1 0 0 -1 -1 0 -1 1 0 1 -1 1 1 0 0 0 -1 -1 0 0 0 0 1
0 0 0 1 0 0 1 0 0 1 0 1 -1 0 -1 0 -1 -1 0 0 0 0 1 0 -1 3 0 -1 -1 0 0 0 -1 -1 -1 -1 1 0 -1 1 0 0 0 0 0 -1 -1 0 0 0 0 0 -1 1 -1 -3 0 -1 -1 0 1 0 0 0 -1 -1 0 0 0 1 0 0 0 1 16 0 2 0 0 -2 1 3 0 1 -1 0 0 1 0 -1 0 0 2 0 0 0 0 0 0 -1 0 0 1 0 0 2 1 0 1 -1 1 0 0 0 0 0 1 2 0 2 -1 0 -2 1 0 0 0 0 0 0 1 1 -2 -2 1 1 1 -1 1 2 -1 1 0 -1 0 -2 -1 1 0 -1 0 -1 -1 0 1 0 0 0 -1 0 1 -2 0 0 -1 1 1 0 0 1 0 -2 -1 1 1 0 1 0 1 0 0 0 0 -1 1 -1 1 1 3 0 0 1 0 1 0 -1 0 2 0 0 0 0 0 -1 -1 0 1 1 -1 1 0 0 0 -1 0 -1 0 2 0 1 0 1 -1 -1 0 0 -1 0 1 -1 1 -1 -1 1 0 -1 1 1 0 -1 -1 0 0 0 -1 -1 1 0 -1 0 0 2 0 0 -1 -1 0 1 2 1 0 0 1 -1 0 0 1 2 0 0 1 0 0 1 -1 -1 0 1 1 0 0 2 0 -1 0 0 1 1 -2 0 0 0 0 0 1 0 2 1 -1 3 1 1 0 1 -1 0 -1 0 0 0 0 0 0 0 0 0 0 2 -2 -1 1 1 0 0 1 -1 0 0 1 0 1 1 1 1 -1 0 0 -1 0 1 1 2 2 -2 1 0 1 -1 0 1 -2 1 0 0 0 -1 0 3 0 -1 -1 0 1 -1 0 0 0 -1 -1 0 0 0 0 0 1 -1 0 -1 -1 1 0 0 0 -2 1 -1 0 0 0 0 1 0 -1 0 0 0 0 0 1 0 0 0 0 -1 1 0 0 1 1 0
0 0 -1 0 0 -3 1 -1 1 0 0 -1 0 -1 -2 0 1 2 -1 1 1 -1 0 -1 1 1 0 0 1 -1 1 1 0 0 1 0 1 1 2 0 0 0 0 0 1 1 -1 0 1 0 0 1 1 0 2 1 0 0 0 -1 1 0 1 0 0 0 0 0 0 1 0 0 1 1 0 17 1 0 0 0 1 0 0 0 0 0 0 0 -1 1 0 0 0 0 -1 0 -2 0 0 0 0 0 -1 0 1 -1 0 0 2 0 0 0 -1 0 -1 0 0 -1 -1 1 0 0 1 0 0 0 0 0 0 1 1 0 0 1 -1 -2 0 -2 -1 0 1 0 -1 -1 0 0 -1 0 0 0 0 0 0 0 0 0 0 -1 0 0 0 1 0 0 0 0 1 1 1 0 0 -1 0 2 2 -1 -1 -2 1 1 2 0 0 -1 2 0 2 0 0 0 1 -1 -2 0 -1 -1 0 0 0 1 0 0 -1 -1 1 0 1 2 0 0 1 1 2 0 0 0 1 0 0 -1 -1 -1 0 2 1 0 1 0 -1 1 0 0 0 0 0 0 1 2 -1 0 1 0 0 0 0 -1 0 0 1 0 1 0 0 -1 0 0 -1 0 -1 0 -1 1 1 1 0 -1 1 -2 -1 1 1 -1 0 -1 0 0 0 0 0 -1 -1 0 0 0 -1 -1 1 2 0 0 1 0 0 0 0 -1 1 0 0 0 2 -1 1 0 -1 -1 0 0 0 0 0 1 0 0 0 1 0 0 1 0 0 0 -1 0 1 -1 0 0 0 0 1 0 0 1 1 2 -1 1 0 1 0 0 1 1 0 -1 2 0 0 1 0 -1 -2 0 0 0 0 0 0 0 -1 0 1 0 0 0 -1 1 1 2 -1 -1 0 0 -1 1 0 -1 1 -2 0 -1 -1 1 0 -1 0 0 0 0 1 0 2 -1 -1 1 0 0 0 0 1 1 0 1 0 0 0 0 0 0
2 -2 1 1 0 0 0 0 0 1 0 -1 0 -1 1 1 0 0 0 0 0 2 0 0 -2 1 0 -1 0 0 -1 2 0 1 0 1 2 1 1 2 1 0 0 0 0 -1 0 0 0 0 0 1 0 0 -1 0 0 0 -1 0 -3 0 0 0 1 0 0 0 1 -1 1 0 1 0 2 1 17 -1 0 0 5 0 1 1 0 0 -1 -1 -2 0 0 0 1 2 0 1 0 0 0 -1 0 -1 1 1 -1 0 1 0 0 0 1 1 0 2 0 0 1 1 -2 1 -1 -1 0 0 2 1 0 0 0 0 0 0 -1 0 -1 1 0 -1 2 2 0 0 0 0 0 -1 0 -2 0 -1 -1 -2 0 -1 0 0 -1 1 -2 0 0 -1 -1 -1 -2 0 0 1 0 0 0 1 -1 1 0 1 -1 0 -1 0 0 0 0 0 1 0 2 -1 0 1 1 0 -1 1 -1 0 -1 1 0 0 1 0 1 -1 2 1 0 0 1 1 1 0 0 -2 0 -2 -1 1 0 0 -2 0 0 1 0 0 1 -1 0 -1 0 1 0 0 1 -2 0 0 0 1 0 0 1 1 0 -2 -1 0 0 -1 1 0 0 1 1 0 0 0 4 1 -1 0 2 -1 0 1 0 0 0 0 0 -1 -1 1 0 -1 -1 -1 0 0 0 0 1 -1 0 2 -1 -1 -1 1 0 -1 -1 0 0 0 -1 1 0 0 2 0 1 3 0 0 -1 0 -1 1 1 -2 2 0 0 0 0 1 0 1 0 0 0 1 2 1 0 0 2 0 1 1 -1 -1 0 -1 -1 -1 -1 -1 0 0 -1 -1 0 0 -1 0 0 -2 0 -1 0 0 1 0 -1 1 0 0 1 0 0 0 1 -1 0 0 0 0 0 0 0 0 0 0 0 0 0 -1 1 0 1 0 0 -2 -1 0 1 0 0 0 0 0 1 0 0 2 1 0 0 0 0 0 1 1 -1 1 -2 0
-1 -1 0 0 0 0 0 0 -1 0 0 0 0 0 -1 -1 0 1 0 1 1 0 0 0 1 0 0 -1 0 0 0 0 0 -1 0 -1 0 0 1 0 1 0 1 0 0 1 0 0 0 1 0 0 0 0 0 0 0 1 -1 0 0 0 0 0 1 0 -1 1 2 1 0 0 0 0 0 0 -1 10 0 0 -1 0 0 0 0 0 0 0 0 0 1 0 0 0 0 -1 -1 0 0 0 0 0 0 0 -2 0 -1 0 0 0 0 1 1 1 0 0 0 0 -1 0 2 -1 0 0 0 1 0 0 2 0 1 -1 0 0 0 0 1 0 0 -1 0 0 0 1 0 1 0 1 -1 0 0 2 0 0 0 1 1 0 0 0 0 0 -1 1 0 0 1 0 0 0 1 1 -1 0 -1 0 1 0 0 1 -1 1 1 0 0 0 0 0 1 0 0 0 0 0 0 -1 0 0 0 0 0 0 1 1 0 1 0 0 0 0 0 0 -1 0 1 0 0 0 0 0 0 0 0 1 0 0 0 0 0 0 1 0 0 0 0 1 0 0 0 2 0 1 0 -1 0 0 0 -1 1 0 1 0 0 0 0 1 0 0 -1 0 0 1 0 0 0 -1 0 -2 1 0 0 0 0 0 0 0 0 1 0 0 0 0 0 0 0 -2 0 0 1 0 0 0 1 1 -1 1 0 -1 0 1 -1 1 0 -2 0 0 -1 1 -1 0 0 1 0 1 -1 2 0 0 -1 1 1 -1 0 0 0 0 -1 0 0 0 0 -1 1 0 1 1 0 -1 1 0 1 0 0 0 0 -1 1 0 -2 0 1 0 0 0 0 0 -1 -1 0 0 0 1 2 0 0 0 0 -1 0 0 0 -1 0 -1 0 0 0 0 0 0 0 1 0 1 0 1 0 0 0 -1 -1 -1 0 0 0 0 0 0 0 0 0 0 0 -1 -1 0 0 0 0 0
2 0 0 -1 0 -1 0 0 0 -1 0 0 1 -1 0 0 2 -2 0 -1 0 0 0 0 -1 0 0 1 0 1 1 -1 0 0 2 0 -1 0 0 -1 0 -2 -1 1 0 1 0 1 0 0 -1 1 0 0 -1 0 1 0 0 -1 -1 0 0 0 1 0 -1 0 0 -1 -1 1 -1 -1 0 0 0 0 15 0 1 0 0 0 0 0 0 1 -1 0 0 0 0 -3 0 1 -1 0 0 3 0 0 -1 0 0 0 0 2 0 0 1 -2 0 0 0 -2 0 0 0 0 0 0 1 0 0 0 0 1 -1 -1 -2 1 0 0 0 0 0 0 0 1 -1 0 0 0 0 0 0 0 0 2 0 -1 -1 1 0 0 -1 0 -1 -1 0 0 0 -1 0 0 0 0 -2 3 0 -2 0 0 0 0 1 0 -1 0 0 1 0 0 0 0 0 0 1 0 -1 0 -1 0 0 1 0 0 -1 0 0 0 -1 0 -1 0 0 0 0 1 0 -1 0 -1 1 1 -1 0 0 0 -1 2 0 0 0 1 1 0 0 3 1 -1 0 -1 0 1 0 0 0 1 0 0 0 0 0 -2 0 0 0 -1 0 0 0 1 -1 0 -1 0 -2 1 0 0 0 0 0 0 0 0 0 -1 0 -1 -2 0 0 0 2 0 1 0 -1 0 0 -1 1 0 -1 0 0 0 0 0 0 -1 2 1 -1 0 0 1 0 0 0 -1 1 0 1 2 0 1 0 1 0 -1 1 0 0 0 0 -2 0 0 0 0 -1 -1 0 -1 -1 1 -2 0 0 -1 0 -1 -1 0 0 0 1 1 0 1 0 1 1 0 0 0 0 0 0 0 1 0 -1 0 0 0 0 0 -1 0 -1 -1 1 1 0 0 -1 0 1 2 0 0 0 1 0 0 0 0 1 0 0 0 0 -2 -1 -2 0 1 0 0 0 0 3 0 1 0 1 0 0 1 0 0 1 0 -1 0
0 0 1 1 -1 2 0 -1 0 -1 -1 1 -1 0 0 0 0 0 0 0 -1 -1 0 0 -1 1 0 1 1 -2 0 0 -1 1 0 -1 0 0 0 -1 3 0 1 0 0 1 0 0 0 0 0 0 0 -1 2 0 0 0 -1 0 -1 -1 0 0 0 0 0 1 0 -1 -1 1 -1 1 -2 0 0 0 0 12 0 0 0 0 1 0 1 2 -2 1 -1 0 -1 0 -1 0 0 1 1 0 1 0 -1 0 0 -1 -1 0 0 1 0 0 0 0 0 2 2 0 -2 0 0 -1 0 0 -1 0 0 0 0 1 0 -1 -1 0 -1 0 0 0 1 -1 0 0 1 0 0 0 0 0 -1 0 0 0 0 0 0 0 0 0 0 0 -1 1 -1 1 0 -1 -2 0 0 0 0 0 0 0 -1 0 1 1 -2 0 -1 0 1 1 -2 1 0 0 -2 0 -1 -2 -3 1 0 0 0 0 0 0 1 0 0 1 1 1 1 -1 -1 0 0 -1 -1 1 0 2 0 0 0 0 1 -2 0 0 1 -2 0 -1 0 1 -1 0 -1 0 0 0 -2 -1 0 0 -1 1 0 0 0 0 0 0 0 1 1 1 -1 0 0 1 -1 0 0 0 0 1 1 0 1 0 0 -1 -1 0 0 -1 -2 0 0 0 0 2 0 1 1 0 0 0 0 0 1 0 1 0 2 0 0 0 1 1 1 -2 0 0 0 1 1 -2 0 1 -1 0 0 0 0 0 0 0 0 1 1 0 0 0 -1 -1 0 0 0 0 0 1 0 0 1 -2 -1 0 0 0 0 1 0 -1 1 0 0 0 -1 0 -1 0 0 -1 1 0 1 0 1 0 0 0 0 0 0 0 0 0 -1 -1 0 -1 0 0 1 0 2 -1 -1 2 0 0 0 0 -2 0 0 0 1 0 1 -1 1 -1 0 0 -1 0 -1 -1 0 1 0 0 -1 -1 2 0 0 1 0 0 0 0
0 0 0 0 0 0 0 0 1 -1 -1 0 0 0 0 1 0 0 0 1 0 0 1 0 -2 1 0 -1 -1 2 3 1 1 0 0 1 2 0 1 2 0 0 -1 -1 0 2 0 0 0 0 1 0 1 -2 -2 0 1 0 0 1 -2 0 0 -1 -1 -1 2 0 -1 0 0 0 0 0 1 1 5 -1 1 0 22 -1 0 1 0 -1 0 0 0 0 0 1 0 1 0 1 0 0 -2 0 -1 1 0 0 0 0 0 0 0 0 1 0 1 0 0 1 0 -1 0 1 -3 0 0 0 1 1 0 -1 -1 0 1 1 0 0 0 0 -2 -2 2 0 0 0 0 0 0 -2 0 1 0 -1 0 -1 0 2 0 -2 -2 1 -1 0 -1 -2 1 0 -1 0 0 -1 3 0 0 0 -1 0 4 1 0 2 -2 -2 0 0 -1 -1 1 1 0 -1 1 1 2 0 -1 0 -1 0 0 0 0 1 0 0 1 -1 1 0 0 0 2 0 0 0 2 1 1 -1 -1 0 1 0 1 -1 0 2 0 0 1 0 1 1 1 0 0 -1 0 -1 1 -1 0 0 0 0 1 2 1 0 0 1 0 -1 1 0 0 1 1 0 -1 -1 2 0 0 1 0 0 0 1 1 0 0 0 -1 0 -1 -1 1 0 0 -1 -1 0 -1 0 1 -1 0 1 -1 1 -2 0 0 1 0 2 1 1 0 1 0 2 1 1 0 1 0 1 1 0 0 1 0 0 1 0 1 -2 1 0 -3 1 0 2 0 1 1 0 0 3 -2 0 2 0 0 0 0 0 0 0 0 0 2 0 0 0 2 2 -1 0 1 0 -1 0 0 0 1 0 0 4 -1 -1 1 0 0 0 -1 2 0 1 -2 0 0 1 0 1 0 0 0 1 0 -1 -1 -1 1 0 1 0 0 0 0 0 2 0 1 0 0 0 0 1 0 -1 1 -2 0 2 2 0 0 1 -1 0
0 0 0 2 0 0 0 0 0 1 1 0 0 1 -1 0 -2 0 0 2 0 0 1 0 0 2 0 -1 0 -1 0 0 1 -1 0 -1 0 0 -1 0 2 0 1 0 0 0 0 -1 -1 0 1 1 0 0 0 0 1 -1 0 0 0 0 0 1 -1 0 0 0 0 0 -1 0 0 2 3 0 0 0 0 0 -1 13 0 0 0 0 0 1 0 1 1 1 0 1 1 0 1 1 0 -1 -1 0 1 0 0 1 -1 1 0 1 0 -1 0 0 -2 1 0 2 0 -1 0 1 -1 0 0 0 1 1 1 -1 1 0 0 1 0 0 0 1 -1 2 1 0 0 0 0 -1 -1 -1 0 0 -1 0 0 0 1 0 0 0 0 1 1 0 2 -1 1 1 0 0 0 1 -1 0 -1 0 -1 0 2 0 0 0 0 0 1 0 1 0 1 0 0 0 0 0 -1 2 -1 0 1 1 0 0 -2 0 -1 0 -2 1 0 0 0 0 1 -1 -1 0 0 1 0 1 -1 0 0 0 0 -1 3 1 -1 1 0 0 1 -1 0 1 1 0 0 0 1 0 -1 1 -1 1 0 1 0 0 -1 0 0 1 0 0 -1 0 0 1 0 0 1 0 -1 1 -1 1 1 1 0 0 0 0 0 0 0 0 0 1 0 0 0 0 0 0 -1 0 1 0 1 0 0 0 0 -1 2 0 1 0 0 1 0 0 0 0 0 0 0 3 0 -1 0 0 -1 1 1 0 2 0 0 1 1 1 0 0 0 0 0 -2 2 0 0 0 -1 0 -1 0 -1 0 1 0 0 0 1 0 -1 0 0 -1 0 0 -1 -1 0 0 -1 0 0 1 1 1 -2 1 1 0 2 1 0 -1 2 0 0 0 0 -1 -1 0 3 0 -1 0 2 0 0 1 1 1 0 0 0 0 1 0 0 0 0 0 0 0 1 0 3 0 1 0 0 0 0 0 -1 0
0 -1 0 0 2 0 0 0 -1 0 0 1 0 -2 -1 0 0 -1 0 -1 0 -1 0 0 2 0 0 0 0 0 1 1 0 0 0 -2 1 1 1 1 -1 -1 1 0 -1 1 0 1 0 0 -1 0 0 0 -1 0 0 -1 0 -1 0 -2 0 0 1 0 0 0 1 1 0 0 1 0 0 0 1 0 0 0 0 0 16 0 0 0 1 -1 0 1 0 1 0 0 0 0 0 2 -1 0 2 0 1 1 0 1 1 0 0 0 0 1 1 1 0 1 0 1 -1 0 0 0 0 1 0 -1 -1 0 0 0 0 0 0 0 0 0 -1 0 0 1 -1 0 0 1 1 -1 0 0 -1 0 1 -2 2 0 0 0 0 0 1 -1 0 1 -1 2 0 -1 1 1 0 1 0 0 1 0 -1 -1 -1 1 0 0 0 0 1 0 0 0 -1 -1 0 -2 -1 1 -1 0 2 -2 -1 -1 0 0 1 0 0 0 1 0 0 1 1 1 1 0 1 -2 0 0 0 1 -2 0 1 0 1 0 1 0 0 0 0 0 1 0 -1 2 1 1 1 0 0 0 0 -2 -1 -1 1 1 0 -1 0 0 -1 1 0 0 1 0 0 -1 0 0 0 0 2 0 -1 -1 -1 -1 -1 0 0 0 0 0 2 0 -1 0 -1 0 2 -1 0 2 0 0 0 -1 1 1 -1 0 0 0 0 0 1 0 0 0 0 2 1 1 0 -1 0 0 0 -2 0 -3 0 0 0 -1 0 -1 0 0 -1 -1 0 0 -1 1 0 -1 2 -1 1 2 0 0 1 1 0 -1 0 2 0 -1 0 -1 1 -1 1 0 1 1 0 0 -2 0 0 0 -3 1 -2 1 -1 -2 0 0 0 -1 -1 0 0 0 0 1 0 0 1 1 0 -1 0 0 0 0 1 0 -1 0 -1 0 1 1 0 1 -1 -1 0 0 -1 0 1 0 0 0 -1 1 0 -1 1 -1 -1 0
0 -1 0 -1 0 0 -1 -1 0 0 0 0 0 0 0 1 0 0 2 0 0 0 0 -1 0 0 1 0 -1 1 0 2 -1 -1 0 0 -1 -2 2 4 -1 0 1 1 0 0 -1 0 -1 0 0 0 0 0 1 0 0 0 0 1 0 0 0 -2 0 0 2 0 0 1 -2 -1 2 -1 1 0 1 0 0 0 1 0 0 20 -1 -1 -1 0 0 0 1 0 1 0 0 0 0 0 0 1 -1 -2 0 1 2 1 1 0 1 0 -2 1 0 -1 1 1 2 1 0 0 0 1 0 1 0 0 0 -1 0 -2 1 0 1 -1 -1 0 1 -1 1 0 -1 0 0 0 0 0 0 0 -2 1 2 1 0 0 1 3 -1 0 1 1 0 -1 0 0 1 0 0 -1 0 1 0 -1 2 -1 -1 0 2 0 0 -4 0 0 1 -1 1 0 0 0 1 1 -1 1 2 0 -1 2 -1 0 -2 0 1 0 0 0 0 0 1 0 2 -1 1 0 0 -1 0 0 0 0 0 0 0 1 0 0 -1 2 -2 0 0 1 1 1 -1 0 1 -1 1 0 0 1 -1 -2 -1 0 0 -2 0 0 -1 0 0 0 1 0 -1 2 0 0 0 -2 -2 0 2 0 -3 1 -1 0 1 0 -1 1 1 2 0 -1 -1 1 -1 -2 -1 0 0 0 -2 1 0 -1 -1 1 -1 1 0 0 0 2 1 0 1 1 -1 1 1 0 -1 3 0 0 1 1 1 -1 1 -1 0 -1 1 0 -1 0 -2 0 1 1 0 -1 0 0 -1 -1 -1 0 0 -2 0 -1 0 -1 1 0 0 0 -2 0 0 0 0 -2 0 -2 -1 -1 0 0 1 0 -1 -1 0 -1 0 2 2 0 -1 1 0 -2 -1 0 1 0 0 0 1 1 -2 0 -1 -1 0 1 -1 0 0 0 0 0 0 0 0 0 0 -1 0 -3 0 0 0 1 1 0 0 0 0 1 0 0 1 -1
1 0 2 1 -1 1 0 -1 1 -1 -1 0 0 1 0 0 0 -1 0 0 -1 0 1 0 0 -1 0 0 0 1 0 0 0 1 1 -1 0 -1 -1 1 1 1 0 0 0 0 0 0 1 0 1 1 2 0 1 1 0 1 1 0 0 0 0 1 0 0 0 0 -1 -2 0 1 0 0 -1 0 0 0 0 1 0 0 0 -1 14 0 1 -1 0 0 1 0 0 2 2 0 0 0 1 0 0 0 1 0 0 -1 1 -1 0 1 0 0 -1 -1 0 1 1 0 -1 1 1 1 0 0 -1 0 0 0 1 0 0 0 0 0 1 0 0 0 -1 1 1 0 0 1 0 0 0 0 0 0 -1 0 1 0 0 0 1 0 0 0 0 0 -1 1 0 0 0 0 1 -2 0 1 0 1 1 0 0 -1 0 -1 0 0 -1 1 1 2 0 0 0 0 1 1 0 2 1 0 1 0 1 0 0 0 2 -1 0 0 1 -1 0 0 0 0 0 0 -1 1 0 -1 0 0 0 0 1 0 0 0 0 0 0 0 -1 0 2 0 0 1 0 0 0 0 1 0 0 0 0 0 0 0 0 0 1 -2 0 0 0 0 2 1 1 1 0 1 1 0 0 1 0 2 -1 0 0 -1 -1 -1 1 1 0 0 0 0 1 -1 -1 0 -2 1 0 0 0 0 1 -1 0 1 1 0 0 0 0 0 0 0 0 -1 -1 1 0 0 0 0 0 0 1 -1 0 0 0 0 1 0 -1 0 0 0 0 2 0 0 1 0 2 -3 0 0 0 0 1 1 0 0 -1 1 0 1 0 -1 0 0 0 0 2 0 -2 0 0 1 1 0 -1 1 1 0 1 -1 0 0 0 1 0 -1 0 0 0 0 0 1 1 0 0 0 0 0 -1 -1 -1 0 0 0 1 0 -1 0 0 0 1 -2 1 -1 -1 0 0 0 0 0 -1 1 0 0 0 -1
0 2 0 0 0 0 0 1 0 0 0 0 -1 0 0 0 1 0 0 -1 0 0 -2 0 1 1 -1 1 0 0 -1 -1 -1 0 0 1 1 0 0 0 0 0 0 0 1 -1 0 0 0 0 -1 0 1 1 0 0 -1 0 -2 0 0 0 2 0 1 0 1 -1 1 -1 1 3 0 0 0 0 0 0 0 0 -1 0 0 -1 0 15 -1 0 0 -2 1 1 0 0 0 0 0 -1 -1 0 0 0 0 1 -1 0 -1 0 0 0 0 0 1 0 0 0 0 0 2 0 0 -1 0 -1 0 0 0 -1 2 1 0 1 0 0 0 0 -2 0 0 0 0 0 0 1 0 0 1 1 -1 -1 -1 0 1 1 1 0 1 0 0 0 0 0 -1 0 1 3 -1 0 0 0 1 0 1 0 1 0 -1 -1 0 0 -1 0 -1 1 0 1 -1 2 0 0 0 0 0 1 0 -1 0 0 1 0 -1 0 0 -1 -1 -1 -1 -1 0 0 0 0 1 0 1 0 0 -1 1 -1 1 0 -1 0 0 0 -1 0 -1 0 0 0 1 0 0 0 0 -1 0 0 1 1 1 0 0 -1 -1 0 0 0 0 3 0 0 0 -1 1 1 0 0 0 -1 0 0 0 -1 0 1 0 1 -1 0 1 0 -1 0 0 2 0 0 0 0 2 0 1 -1 1 1 1 0 -1 0 0 0 -1 0 -1 0 0 0 0 0 0 0 1 0 0 1 -2 0 -1 0 1 0 0 0 0 -1 0 0 1 -1 -1 0 0 1 0 -2 -1 0 1 0 0 0 0 1 -1 1 0 0 0 0 0 -1 0 0 0 1 1 0 0 0 1 0 1 0 1 1 -1 0 -1 -1 0 0 1 1 1 1 0 1 1 -1 -1 1 0 -1 -1 0 0 0 0 0 1 -1 0 0 -1 0 3 1 0 0 0 1 -1 -1 1 -2 0 -3 0 1 0 1 0 1 -1 0 0 -1
-2 -1 -1 0 0 1 0 0 -1 0 -1 0 2 0 -1 0 1 0 0 -1 0 -1 -1 1 2 1 0 0 -2 -1 1 0 -1 1 1 -1 0 0 0 0 0 -1 0 -1 1 1 0 1 1 0 1 0 0 -1 -1 0 -1 0 0 1 0 0 -1 0 2 -1 1 -1 0 0 0 0 0 0 0 0 -1 0 0 1 0 0 1 -1 1 -1 18 -2 1 0 0 1 -1 0 -1 0 1 0 2 0 0 2 0 0 -1 0 -2 -1 1 0 -2 0 -1 -1 -1 0 2 0 -1 1 1 1 1 0 0 0 -2 0 2 2 1 0 -1 0 0 0 0 0 -2 0 0 0 1 0 0 1 0 0 0 -1 0 -1 2 -1 0 0 0 0 0 -1 0 1 -1 0 2 1 -1 0 0 1 -1 0 -1 0 -1 0 0 0 1 2 0 0 1 -1 2 0 0 -1 0 1 -1 -1 -2 1 1 -1 1 -2 1 0 -1 1 1 -1 0 -1 0 0 0 1 -1 0 0 0 -3 0 -1 -1 0 0 1 0 0 0 0 1 1 0 0 1 0 -1 0 -1 1 -1 -1 0 -1 0 0 0 -1 0 -1 0 0 1 1 -1 0 -1 0 -1 0 0 2 1 0 2 0 1 -1 0 1 -1 0 0 0 0 1 -1 -1 0 0 -1 -1 -1 1 1 0 3 -1 -1 0 0 1 0 0 0 0 0 0 0 -1 1 1 0 0 0 -1 1 0 -1 -1 -1 -1 0 0 0 0 0 0 0 0 0 1 -1 1 1 0 0 0 0 0 1 -1 0 1 0 0 0 -1 1 0 1 0 0 1 3 1 0 0 1 0 1 1 0 1 0 0 1 0 0 0 1 0 1 0 0 2 -1 0 2 0 -1 -1 1 0 0 -1 0 -1 0 -1 -1 1 0 1 0 0 1 -1 1 0 1 -1 0 1 -1 -1 0 0 0 0 0 0 0 0 -1 1 0 0 0 0 -2 0 -1 -1 -1
-1 2 2 1 -1 1 0 2 0 2 0 1 -1 2 -1 2 0 0 0 1 0 -2 -1 1 -1 -2 0 -1 1 -1 -1 -2 0 1 -2 1 1 0 0 -3 1 -1 1 -1 0 1 0 1 1 1 0 0 -2 -1 -1 -1 0 1 -1 1 -2 1 0 -2 1 0 0 2 0 -1 0 0 0 1 1 0 -1 0 1 2 0 1 -1 0 -1 0 -2 26 0 -1 -2 0 0 1 -2 0 1 0 0 0 1 2 0 1 1 0 -1 1 -1 1 0 1 0 0 1 1 2 -1 -1 -1 0 -1 -1 0 0 -1 0 1 -3 -2 1 0 -1 0 0 -1 0 0 0 0 -2 0 -1 1 0 -1 -2 1 2 0 0 1 -1 0 1 -1 1 0 -1 -1 -1 1 -1 1 -1 0 2 0 2 -2 0 0 0 0 -1 0 3 1 0 -1 0 2 -1 0 -1 0 -1 3 0 -1 0 -3 -1 0 0 1 1 0 1 0 0 0 0 -2 1 0 0 0 -1 -1 1 -2 1 0 1 0 2 1 0 1 0 0 1 1 0 -2 0 0 0 1 1 0 1 -1 0 2 0 -1 -2 1 -1 3 0 1 1 -1 0 1 2 0 1 0 0 0 -1 0 -1 1 -1 -1 0 -1 -2 0 0 0 -1 0 -1 1 1 0 -1 2 -1 1 0 1 -1 2 1 -1 0 0 2 2 -1 -1 0 0 0 1 0 -2 0 0 -2 0 0 1 1 0 2 -1 1 -1 0 -2 1 0 0 0 0 0 0 0 0 0 -1 0 0 -1 0 0 0 0 0 0 0 -1 0 -2 0 0 1 0 0 1 -1 -1 -1 0 -1 0 -1 2 1 1 1 0 0 1 0 1 -1 -3 -1 0 0 0 -3 1 0 1 0 0 1 0 -1 0 1 1 3 -2 -1 0 2 -1 -1 0 0 0 1 0 1 0 1 2 0 0 0 2 0 0 1 0 -1 -1 0 0 -1 -1 0 1 0 -1 0 1 0 1
-1 0 0 0 0 1 0 0 0 0 0 -1 3 2 0 0 -1 0 0 -1 1 1 0 0 1 0 0 -2 -1 1 -1 1 0 0 -1 1 1 -1 0 -1 -1 1 0 -1 -1 0 -1 -1 1 0 2 -1 0 0 -1 0 -1 -1 1 -1 0 0 1 1 -1 -1 0 -1 0 1 0 0 0 0 0 -1 -2 0 -1 -2 0 0 0 0 0 0 1 0 16 0 1 1 -1 0 0 0 1 0 0 -1 -1 0 -1 -1 0 0 0 1 0 0 1 0 0 -2 0 1 -1 1 1 0 0 1 0 1 -1 1 1 1 0 -1 1 0 0 0 -1 2 1 0 0 0 -1 1 0 0 0 2 0 1 0 0 0 1 0 0 0 0 0 0 2 0 0 2 0 1 0 0 0 0 1 -1 0 0 0 -2 1 -1 0 0 1 -2 1 0 0 0 0 0 0 0 0 0 0 0 1 1 0 -1 1 0 0 -1 -1 1 -1 2 0 0 -1 0 1 1 -2 -1 1 1 -1 1 0 0 0 1 1 1 0 0 0 2 0 0 1 0 0 0 1 0 2 -1 1 2 0 -2 0 1 1 1 0 0 1 1 0 0 0 0 1 0 2 0 1 0 -1 0 0 0 1 0 0 0 -2 1 0 0 0 1 0 -1 0 -1 0 1 0 0 -1 0 0 2 0 0 1 1 0 -1 0 0 -1 0 0 0 0 0 0 -1 0 -1 0 0 1 -1 0 0 1 0 0 0 2 -1 0 -1 0 1 0 2 -2 0 0 0 0 1 0 1 -1 0 0 0 0 0 0 1 0 -1 0 0 1 1 0 -1 0 0 2 0 0 2 -1 1 0 0 1 1 0 1 -1 -1 1 0 1 0 1 -1 -1 0 0 1 -1 0 -1 0 1 0 0 0 -1 0 1 2 0 0 0 0 1 1 0 -2 0 1 -1 0 -1 -1 0 0 -2 -1 0 -1 -2 0 1 -1 1 0 1 2
0 0 -1 0 0 -1 0 0 1 -1 1 0 0 1 0 0 -1 1 1 0 0 0 2 0 0 -1 0 0 0 -1 0 1 2 2 -1 0 -2 0 0 -1 0 0 0 0 0 -1 0 0 1 0 1 1 1 0 0 0 0 0 0 0 0 0 0 0 0 0 0 0 0 1 1 0 0 0 -1 1 0 0 0 1 0 1 1 0 0 -2 0 -1 0 16 1 1 0 2 0 1 0 3 1 0 1 -2 1 -1 0 -1 0 0 0 0 0 1 1 0 -1 1 0 0 1 0 -1 1 0 0 1 1 0 0 0 -1 0 0 0 0 0 0 1 0 0 0 1 0 -1 0 1 0 2 0 1 0 0 0 0 1 0 0 0 0 1 -1 0 -1 0 -1 1 0 0 0 0 1 0 1 0 0 -1 1 1 2 -1 1 0 0 0 0 0 0 1 0 -1 0 1 0 -1 0 -1 -1 1 0 0 0 2 1 1 1 0 2 0 0 0 0 -1 0 -1 0 0 0 -1 -1 1 0 0 0 0 0 -1 0 0 0 0 0 0 0 -2 0 0 0 0 1 1 -1 2 0 0 2 1 2 0 0 2 -1 0 0 0 0 0 0 0 -3 0 0 0 0 0 1 0 0 -1 1 -1 -1 0 1 1 0 0 -1 0 0 0 0 1 0 0 0 0 0 -2 1 1 0 0 0 0 1 2 0 0 0 0 0 0 2 1 -1 0 1 1 0 0 0 0 0 0 1 2 1 -1 0 0 -1 0 0 0 0 0 0 1 2 2 -1 0 0 -2 3 0 0 -1 0 0 0 0 -1 0 1 1 0 -1 -1 0 1 1 -1 0 0 -1 0 -2 -1 0 0 0 1 3 1 0 0 1 0 -1 0 0 -1 0 0 2 1 0 1 0 0 1 0 0 0 0 0 0 -1 1 -2 0 0 0 1 2 0 -2 -1 0 0 0 0 1 1 0 0 2 0 0 0
0 1 -1 0 0 0 0 0 0 -1 -1 0 1 0 0 0 -1 -1 -3 2 -1 0 -1 0 1 0 2 0 0 1 0 -1 0 -1 0 1 -1 -1 0 1 1 1 -1 0 -1 -2 -1 0 -1 0 1 1 1 1 0 0 0 2 -1 0 -1 0 1 2 -1 0 0 -1 0 -2 -2 2 0 -1 0 0 0 1 0 -1 0 1 0 1 1 1 0 -2 1 1 19 1 0 0 1 -1 0 0 0 -2 0 -2 0 -1 -1 -1 1 0 0 -1 1 -1 2 -1 0 1 1 1 0 0 0 1 0 0 -1 0 0 0 2 0 2 0 0 0 1 0 2 0 0 1 2 -1 0 0 0 0 2 -1 -2 -1 -1 0 0 -1 0 0 1 0 2 1 0 0 1 -1 0 -1 -1 0 0 0 1 -1 0 0 -1 0 1 0 -1 1 0 0 -2 0 1 0 0 1 2 0 0 1 0 0 1 -1 0 1 2 0 0 1 0 1 -1 0 0 0 0 0 0 1 -1 0 0 0 -1 -2 0 -1 0 1 0 -1 0 3 0 0 -3 0 0 0 0 0 0 0 1 0 0 -1 1 0 -1 2 3 0 -1 0 2 0 0 1 1 0 0 0 0 0 1 0 -1 1 1 0 -2 0 0 0 0 0 -1 0 -2 0 -2 1 0 0 2 0 0 -3 1 0 0 0 1 0 0 1 -1 0 1 0 -1 0 0 0 0 0 1 0 -1 0 0 -1 0 2 -1 -2 1 -1 0 0 0 -1 1 0 1 0 0 0 2 1 -2 0 0 0 0 0 1 0 -1 1 0 1 0 0 -3 0 0 0 1 -2 1 3 -1 0 0 1 -1 -2 0 0 1 0 1 2 -2 0 1 1 0 0 1 1 0 0 -1 0 1 -1 0 0 1 0 1 -1 -1 0 0 2 0 0 0 0 -1 0 0 -1 2 0 0 0 0 -1 0 -1 0 0 0 1 0 -1 0 0 0 0 2 0
0 0 0 0 0 1 0 0 0 1 0 -2 2 0 1 0 -1 1 -1 0 0 0 0 1 3 1 0 1 0 -1 1 0 0 0 2 0 1 1 0 0 0 0 2 1 0 1 -1 0 2 1 2 0 0 1 -1 1 0 -1 -1 0 1 0 2 0 -1 -1 1 0 0 0 1 -1 1 -1 0 0 0 0 0 0 1 1 1 0 0 1 1 0 1 1 1 17 0 1 0 1 0 0 1 0 0 0 0 0 0 0 -2 0 1 0 0 0 3 0 0 -1 1 0 0 0 0 1 0 0 -1 2 1 0 0 0 1 1 1 2 1 -1 1 0 -1 0 1 -1 0 1 0 -1 0 2 0 0 0 0 2 -1 2 0 0 -1 0 0 0 2 1 2 1 2 0 0 0 1 2 0 0 0 0 0 2 1 0 0 0 0 0 0 0 0 0 0 1 0 0 -2 -1 1 -2 0 0 1 1 0 1 1 0 1 0 0 -1 0 0 1 0 -1 0 -1 0 0 0 1 0 1 2 1 -1 0 0 -1 1 -1 -1 0 1 0 -1 -1 1 0 0 1 2 0 0 -1 -1 -1 -1 -1 0 1 0 -1 2 3 0 0 0 -1 1 -1 2 0 0 1 -1 0 0 1 0 3 0 0 2 -1 0 0 1 -1 -1 0 -2 0 1 0 0 1 1 0 0 1 0 0 0 0 0 0 0 1 0 -1 0 -1 0 1 1 1 0 0 0 0 0 -1 0 0 0 0 -1 -1 0 0 1 0 0 0 -1 -1 2 0 0 0 0 2 1 0 0 0 2 0 0 0 0 0 0 -3 0 1 -1 1 0 0 0 0 1 1 2 0 0 1 0 1 -1 0 1 -2 1 0 0 1 1 0 1 0 1 0 0 0 0 0 2 0 0 -1 1 0 0 -1 1 1 0 0 0 0 1 0 1 0 0 0 0 0 1 -1 1 0 0 1 0 0 1 0 -1 0
-1 0 0 0 0 0 0 0 0 1 1 -1 0 0 -1 0 0 0 1 0 1 0 0 0 -2 0 0 -1 0 0 0 0 -1 1 1 1 0 0 1 0 0 0 0 1 0 -1 1 0 0 0 1 2 0 0 1 -2 1 0 -1 1 0 -1 1 -1 0 0 0 0 1 1 -1 0 -1 0 2 0 1 0 0 -1 0 0 0 1 0 0 -1 0 -1 0 0 0 14 1 1 -1 -1 1 1 0 0 0 0 0 0 0 2 0 0 1 1 0 -1 0 0 0 0 0 1 -1 0 0 0 1 1 0 0 1 0 -1 0 0 -1 0 1 1 0 0 1 0 1 0 -1 -1 0 0 0 -2 0 -2 1 0 0 -1 0 1 1 -2 0 0 0 0 0 1 -1 0 -1 -1 0 -1 0 0 -1 0 0 1 0 -1 0 -1 -1 0 -1 1 0 2 0 0 1 0 0 0 0 0 0 0 1 0 0 -1 0 0 0 1 0 1 3 2 0 0 0 0 1 0 1 0 -1 0 0 1 2 0 -2 3 0 0 -1 -1 1 0 1 0 0 0 0 0 0 0 0 3 0 0 0 1 -1 1 -1 -2 0 0 0 -1 0 1 0 2 1 1 0 1 1 0 1 1 1 0 0 0 0 0 0 1 1 0 0 0 0 0 0 2 0 0 0 1 0 -1 -1 0 0 0 0 0 0 0 1 -1 1 -1 0 0 1 0 0 2 -1 1 1 0 0 0 -3 0 1 0 0 0 0 0 0 -1 0 0 0 1 0 0 1 -1 1 0 -1 2 0 0 0 -1 0 1 0 0 -1 0 0 0 0 0 0 1 0 1 -1 -1 0 0 1 -1 -1 1 0 0 1 0 0 0 0 0 0 0 1 0 0 0 0 0 1 0 0 0 1 0 0 -1 1 -1 1 0 -1 0 0 0 0 0 1 1 0 0 0 1 0 0 0 0 -2 0 0 1 -1 1 0 0
-1 0 0 1 0 0 0 1 -2 1 0 1 0 1 0 -1 0 0 2 0 0 -1 0 0 0 0 0 1 -1 2 1 2 0 0 0 1 1 -1 -2 1 2 1 1 -1 0 -1 0 1 1 0 0 0 1 1 1 1 0 1 0 1 -1 0 1 0 0 -1 0 -1 0 0 0 2 0 0 0 0 2 0 -3 0 1 1 0 0 2 0 0 1 0 2 0 1 1 19 0 0 0 0 1 -2 1 -1 2 1 1 -1 1 0 1 1 1 0 0 1 -2 1 1 1 0 -1 -1 1 -1 0 1 0 0 -1 0 0 0 0 1 0 0 3 0 0 0 0 1 0 -1 0 1 0 -2 -3 -1 -1 1 0 0 0 0 0 0 -1 1 0 2 -1 -1 0 1 0 -1 0 0 1 0 0 -2 -1 0 0 -1 0 0 2 0 -1 0 0 0 2 0 0 0 1 1 -1 0 -1 -1 0 0 -1 2 0 0 1 2 3 2 0 0 2 -1 1 0 1 0 0 0 -1 0 -1 0 0 2 -1 0 0 1 0 0 0 1 0 1 1 0 2 0 0 0 0 1 0 -1 0 1 0 -1 1 1 0 0 0 1 0 -1 0 0 1 1 0 1 0 1 -1 -1 1 0 0 -1 2 0 2 0 1 1 0 0 0 -2 1 0 2 1 -2 0 1 0 0 1 -1 2 0 0 -1 0 1 0 0 -1 1 0 3 2 1 0 3 0 0 -1 -1 0 0 0 -1 1 0 -2 2 -1 -1 -1 1 2 1 0 0 1 2 0 1 3 -1 3 -1 0 0 0 1 1 0 0 1 0 0 1 0 0 -3 0 1 0 0 1 0 -2 -1 0 0 1 0 0 0 -1 1 2 1 1 -1 1 -1 -1 0 0 1 0 0 1 1 0 -1 0 0 0 0 -1 -2 -1 0 0 2 1 0 1 0 0 1 0 1 -1 -1 1 1 -1 0 0 -1 1 0 1 1 0 -1
0 0 -1 -1 0 0 0 1 1 0 1 1 -1 0 -1 0 0 -1 0 0 1 1 -1 0 0 0 -1 -1 1 0 0 0 0 0 2 -1 1 1 0 0 0 1 -1 1 0 -1 -1 0 1 0 0 1 -1 0 0 0 0 0 0 0 1 0 -1 0 0 0 0 -2 -1 0 0 0 1 1 0 -1 0 0 0 -1 0 1 0 0 2 0 -1 -2 0 0 1 0 1 0 16 0 1 0 1 -1 -1 -1 0 1 0 0 0 -1 -1 1 1 1 1 0 0 1 -2 1 1 -1 0 2 0 0 0 0 1 0 1 0 0 -1 -1 0 0 -1 0 -1 0 1 0 1 0 0 0 1 1 0 0 0 0 1 0 0 -1 0 0 0 1 2 0 -1 0 -1 0 0 1 0 0 0 0 0 1 1 -1 0 -1 -1 -1 0 0 0 2 1 0 0 0 1 0 0 1 2 0 1 0 0 1 1 1 -1 -1 0 -1 -1 -2 0 2 0 0 2 1 0 -2 1 0 0 0 0 0 0 -1 0 0 0 3 2 0 0 2 1 -1 1 0 0 1 1 -1 0 0 -1 0 0 -1 1 1 0 0 0 -1 0 1 -1 -1 0 0 0 2 -1 0 -1 1 0 0 1 1 1 0 2 0 -1 -1 0 1 1 0 1 0 0 0 0 0 -1 0 0 -1 1 -2 -2 0 1 0 0 -2 1 1 0 1 0 0 0 0 0 0 1 0 -1 0 0 0 -1 0 0 0 0 0 1 0 0 0 1 0 1 0 0 0 0 -2 -2 0 0 0 2 0 0 -1 -1 -1 0 -1 -1 0 0 2 0 0 2 0 1 0 -1 0 0 0 0 0 0 0 0 -1 0 2 0 0 0 0 0 0 -1 1 -1 0 0 0 1 0 1 -1 0 0 2 0 0 1 -2 0 0 -1 -1 1 1 -1 -1 0 1 2 0 1 0 -2 0 0 -1 0 0 0 1 0 0 -1 0
2 0 0 0 0 0 0 0 0 0 0 0 0 1 1 1 0 0 -1 1 0 1 0 0 2 0 1 1 1 0 1 0 0 1 0 0 0 1 -1 0 0 0 0 0 0 -1 1 0 1 0 0 0 0 0 0 0 -1 0 0 0 0 0 0 0 0 -1 -1 0 -2 0 1 1 1 0 0 0 1 -1 1 0 1 0 0 0 0 0 0 0 0 1 -1 1 -1 0 0 11 0 0 0 0 0 0 0 1 0 1 0 2 -1 0 0 1 0 0 0 0 1 0 -1 0 0 0 0 0 2 0 0 -1 0 0 0 0 0 0 0 0 1 0 0 0 0 0 0 1 0 0 1 -1 1 0 0 0 0 0 0 0 0 0 0 0 0 0 3 0 0 0 0 0 0 0 0 0 0 0 0 -1 0 0 0 0 0 0 0 0 -1 1 0 0 -1 0 0 1 0 2 -1 0 0 0 0 0 0 1 0 0 0 1 0 0 0 0 0 0 -2 0 1 1 0 2 2 0 2 0 1 -1 0 2 1 0 0 0 1 1 0 2 0 0 0 0 3 0 1 0 -1 1 0 0 0 2 0 0 0 1 0 0 1 -1 0 -1 1 0 0 0 0 0 1 0 0 0 0 0 0 -1 0 0 -1 -2 1 0 0 0 1 0 0 1 2 1 0 -1 0 1 0 0 0 1 1 1 0 0 0 -1 -1 0 1 0 0 0 0 0 0 1 0 0 -1 0 0 0 0 0 0 2 0 1 1 1 0 -1 0 0 0 0 0 1 0 0 1 0 0 0 1 0 0 -1 0 1 0 -2 0 0 0 0 1 0 0 0 -1 1 0 0 0 0 0 1 -1 0 -1 0 0 0 -1 0 0 -1 0 -1 -1 0 0 0 -1 1 0 0 -1 0 2 0 0 0 0 0 0 0 0 1 0 0 0 0 0 0 0 0 0 1 0 0 0 0 0 0
2 0 1 0 0 1 -2 0 0 -2 0 0 0 2 1 0 2 -1 0 0 0 0 0 0 0 0 0 0 -1 0 0 -1 1 0 -1 0 -1 0 -1 -2 0 0 -1 -1 0 0 -2 0 0 0 0 0 0 0 -2 1 0 0 0 4 0 0 0 0 0 0 2 1 1 -1 0 0 2 0 0 -2 0 -1 -1 0 0 1 0 0 0 0 1 1 1 0 0 0 -1 0 1 0 20 1 -1 0 0 1 0 0 0 -1 0 0 1 0 1 1 0 0 1 0 -1 1 0 0 0 0 0 0 0 0 0 0 0 0 -2 0 -1 -1 0 -1 0 0 0 0 0 -2 1 0 0 0 0 0 -2 0 -1 1 0 0 0 0 0 1 0 1 0 0 3 0 0 -1 1 3 0 0 0 0 0 -1 -2 0 1 0 0 -1 1 1 2 0 0 0 0 1 0 2 0 0 1 -1 0 0 1 2 2 0 0 0 -1 0 0 1 -1 0 0 0 -1 0 0 1 -2 -2 -1 1 2 0 -1 0 -1 1 0 -1 -1 0 0 0 0 0 0 2 0 0 0 0 -1 -1 0 -2 -1 1 -1 1 0 0 0 0 0 -2 0 2 2 0 0 0 -2 -1 0 0 -1 1 2 -2 0 0 -1 0 1 2 -2 1 0 0 0 1 -1 0 1 -1 2 -1 0 0 0 0 0 0 1 0 0 0 0 4 0 0 1 0 0 -2 1 0 0 1 -1 0 0 0 -1 -1 0 1 2 2 0 2 -1 -1 -1 0 1 0 2 0 -1 0 0 0 -1 1 -1 0 0 0 1 -1 -1 0 0 0 0 -3 0 1 -2 3 0 0 0 0 0 0 0 0 2 -1 1 0 1 1 -2 1 -1 0 0 -2 -1 0 1 0 1 -1 0 0 0 1 0 0 0 1 1 0 0 -1 0 1 0 0 -2 0 0 1 0 4 0 2 0 0 0 0 0 0 1 -1 -2 -1 0 0
0 0 0 0 0 0 -1 0 0 0 0 -1 1 2 0 0 0 0 0 1 0 0 1 0 0 0 1 0 1 0 2 0 1 0 1 2 0 0 -1 1 1 0 0 1 -1 0 0 0 -1 0 0 0 0 0 0 -1 0 1 0 0 1 0 1 0 0 1 0 0 1 2 0 -1 1 0 0 0 0 0 0 1 0 1 2 0 0 -1 0 0 0 3 0 0 1 0 0 0 1 13 0 2 0 0 0 0 -1 0 -1 1 0 0 -1 2 -1 -1 0 1 -1 0 -1 0 0 0 0 1 0 0 0 0 0 -1 0 0 0 0 -1 1 0 0 0 0 0 0 0 0 0 0 2 0 0 0 0 -1 -1 0 -1 0 1 1 0 0 -1 0 0 0 -1 0 0 0 0 0 0 0 0 1 0 0 0 0 0 1 0 0 0 0 0 0 0 0 1 -1 2 1 1 0 0 0 1 0 0 0 1 0 0 1 1 0 0 0 1 0 -1 0 -1 0 0 2 -1 -1 0 0 0 -1 0 1 0 0 0 0 2 0 0 0 0 1 0 0 0 0 0 -1 0 -1 -1 2 0 1 0 -1 0 0 0 0 0 0 1 0 0 0 0 0 0 0 2 -1 1 0 0 0 0 -2 0 -1 0 0 1 -1 0 1 0 0 1 -1 0 0 0 0 0 0 -1 0 1 0 0 1 0 0 0 0 0 0 1 -2 0 0 1 1 1 0 1 1 0 0 0 0 1 -1 0 1 0 0 0 0 0 0 0 -1 0 -1 0 -1 0 0 -1 3 0 0 0 0 0 0 0 1 0 0 1 -1 0 0 0 0 0 0 -1 0 1 0 0 2 0 -1 -1 0 2 1 0 -1 0 0 -2 0 0 1 0 -1 0 0 -1 0 0 0 -1 0 0 2 0 0 0 0 1 1 0 0 1 -1 2 -1 0 0 0 0 0 0 0 0 0 0 0 0 0 0
-2 -1 0 1 0 -1 -1 0 0 0 1 0 0 0 2 0 -1 4 -1 1 1 -1 2 2 -1 0 -1 -1 -1 0 -2 -1 0 0 -1 1 -3 0 -1 1 0 0 1 -1 0 0 -1 -2 1 1 0 0 -1 0 0 -2 0 0 -2 0 0 1 2 0 0 -1 0 0 -1 -2 -2 1 -2 0 0 0 0 0 0 1 -2 0 -1 0 1 -1 2 0 0 1 0 1 1 1 1 0 -1 0 26 -1 2 1 1 1 -2 0 1 0 -1 1 0 -1 1 1 -1 1 -1 0 0 0 1 0 0 -1 0 0 1 0 0 0 0 1 -1 0 1 1 0 -2 0 1 0 -1 -1 -3 -1 0 1 -1 0 0 0 0 0 -3 2 0 1 -1 0 0 0 0 1 0 2 2 -2 0 0 0 2 0 -1 -2 0 0 0 0 1 0 0 -1 1 1 0 -1 1 1 0 -2 2 -2 -2 0 -1 0 0 0 -1 1 0 0 1 2 1 2 0 0 -1 -1 -1 0 0 0 0 0 -1 -2 0 0 2 2 0 -1 1 1 0 -2 0 1 2 -1 -1 0 0 0 -1 1 1 0 -1 1 1 -1 0 0 0 -1 0 -1 -1 1 2 1 1 0 0 0 0 -1 -1 2 -1 2 2 0 -1 -1 0 2 1 0 1 0 -1 0 0 -2 0 0 1 0 -2 0 0 0 2 0 -1 0 0 -1 0 1 0 -2 0 -1 0 0 0 1 2 2 -1 0 -2 0 -1 0 0 0 0 -1 -2 2 1 0 1 0 1 2 1 0 0 -1 1 0 -2 1 0 0 1 0 0 -1 0 2 0 1 2 0 1 0 0 -1 1 1 0 0 1 0 0 1 0 0 1 1 2 0 1 0 -1 0 1 -1 1 0 0 -1 -1 0 2 0 -1 0 0 2 0 1 0 0 0 1 -1 0 0 1 1 0 -1 0 -1 2 1 0 0 1 1 0 0 1 0 -2 -1 0 0 0 -1 0
0 -1 0 -1 0 -1 0 -1 0 0 -1 0 0 3 0 0 1 0 0 -1 0 0 0 0 -1 -1 -1 1 0 -1 -1 -1 0 0 0 0 0 -1 -1 1 0 0 0 1 1 0 -1 1 -1 1 0 0 -1 -1 0 0 0 0 -1 0 0 -2 -2 -1 1 -1 0 0 -1 1 1 0 -2 0 -1 0 -1 0 3 0 0 -1 0 1 0 0 0 0 -1 0 -2 0 0 -2 -1 0 0 2 -1 16 0 0 -1 1 1 0 -1 1 -2 0 0 2 -1 0 -1 -1 0 0 1 -1 0 0 -1 -1 0 0 0 0 -1 0 -2 0 1 0 0 1 -1 0 1 -1 1 0 1 1 -1 0 1 0 0 0 1 1 0 0 0 1 0 0 -2 1 0 1 0 1 0 0 0 0 -1 1 1 0 0 -1 -1 0 0 0 1 2 0 0 0 0 0 0 0 0 0 1 1 -1 0 -1 0 2 1 0 -2 0 0 0 0 0 0 0 0 -1 0 0 1 -2 0 0 0 0 1 1 0 0 0 1 -1 1 -1 0 0 0 0 0 0 0 0 -1 0 0 0 0 0 1 0 -1 1 -1 -1 -2 1 0 -1 1 0 -1 1 -1 0 1 0 0 1 -1 0 1 0 0 0 0 0 0 0 -3 0 0 -1 0 0 -1 -1 0 0 1 0 -1 0 0 -1 0 0 0 0 -1 0 0 0 0 0 0 0 1 -1 1 0 0 0 -1 0 1 2 -1 0 0 1 0 -2 -1 0 0 -1 0 0 -1 0 -1 0 -1 0 1 -1 -1 -1 1 0 0 -2 0 0 -1 -1 0 -1 0 0 0 0 0 0 0 0 -1 0 0 0 1 0 -1 0 1 -1 -2 1 1 -1 1 2 0 -1 1 0 1 0 -1 0 0 1 1 -1 0 -2 0 0 -1 0 0 1 -1 0 0 1 -1 -1 0 0 0 0 -1 2 1 2 0 1 1 0 0 0 1 0 1 0 0 0 0
0 0 1 2 0 -2 0 0 -1 0 1 0 -1 1 0 0 0 1 0 1 -1 0 1 1 3 1 0 1 -1 1 1 1 1 1 1 2 0 -3 -1 0 0 -2 2 0 1 1 0 1 0 0 -1 0 1 1 1 0 -1 1 -2 -1 0 0 0 -1 1 0 1 0 -1 0 0 0 2 -2 0 0 0 0 0 1 -1 -1 2 -1 0 0 0 1 -1 1 0 0 0 1 -1 0 0 0 2 0 19 1 1 0 0 0 2 -1 -2 0 0 -1 1 0 -2 2 4 0 0 0 0 1 1 0 0 -2 1 -2 -1 0 0 -1 1 0 -1 0 1 -1 1 -1 0 0 0 1 -1 0 1 0 0 0 2 -2 0 -1 0 0 1 0 1 -1 1 0 0 2 1 1 0 0 0 0 -1 -1 -1 0 1 1 1 -1 1 -3 0 -1 3 0 0 -1 0 2 0 0 0 -1 0 -2 0 1 0 0 0 0 0 -1 1 0 0 -1 0 -1 0 0 -1 -1 0 0 0 -1 -1 -1 0 0 1 -1 -1 -1 0 0 -1 0 0 0 0 1 1 0 -1 0 0 2 -1 0 1 -1 -1 0 0 1 -1 -1 0 0 0 2 0 -1 0 -2 3 1 -1 0 -1 0 1 2 1 1 0 1 0 1 0 0 2 0 1 2 -1 -1 0 0 1 -1 1 0 0 0 1 0 -1 0 1 0 0 0 -2 0 1 0 0 0 0 0 0 0 -1 0 0 0 -1 1 0 -1 0 -1 -1 1 0 1 1 0 1 0 0 0 -1 0 1 0 -1 0 2 -2 -1 0 1 0 0 -2 -1 1 1 -2 0 -2 0 0 0 0 1 1 -1 0 0 0 0 -1 0 0 -2 1 -1 -1 0 1 1 1 -1 0 0 0 0 1 0 -2 0 1 -1 -1 0 -1 3 0 1 -1 1 0 -1 1 1 1 -1 1 -2 1 -1 2 0 0 2 3 1 0 0 -1 1 0 0 0 -1 -1
-1 0 1 1 0 0 0 -1 0 3 0 1 0 0 -1 -1 0 2 0 -1 1 2 -1 0 0 0 0 0 -1 -2 1 0 0 0 0 0 0 -1 0 -1 -2 0 0 -1 0 3 0 0 0 -1 0 0 0 -2 0 1 0 1 0 0 1 0 1 0 2 -1 0 -1 1 -3 -1 0 0 0 0 0 -1 0 0 0 1 0 0 -2 0 0 2 2 0 -2 -2 0 0 -1 -1 0 1 0 1 0 1 20 0 1 0 1 1 -2 0 1 0 0 1 0 1 0 -2 0 -2 0 0 -3 0 0 -1 1 0 1 -1 0 0 0 0 0 0 -1 -2 0 0 -2 0 0 0 0 0 -1 -2 0 0 1 0 0 0 0 0 0 0 1 -1 -3 -1 2 0 4 3 1 0 1 0 2 2 0 -1 1 1 0 0 0 3 0 -1 0 0 0 0 0 0 1 0 1 1 -1 0 0 0 1 0 0 0 2 0 -3 2 -1 1 0 1 0 -2 0 -1 -2 2 0 0 1 2 0 -1 1 -1 0 0 1 0 -2 0 0 0 1 0 -1 0 0 -2 1 0 0 0 1 0 1 0 -1 0 1 0 -1 1 0 2 -1 1 0 0 0 1 4 1 -1 0 0 -1 2 2 1 1 0 -2 0 0 0 0 -1 0 0 0 0 1 0 1 3 0 -1 1 0 1 2 0 0 0 -1 0 0 1 0 0 0 0 1 0 0 1 -1 -1 0 0 0 0 1 0 0 -1 1 1 1 -1 0 -1 3 0 -1 0 -1 0 0 1 0 -1 1 0 0 3 -2 0 1 0 -2 1 0 0 0 0 1 -2 1 2 0 0 -1 0 0 0 0 1 1 1 1 0 0 0 1 0 0 0 1 0 2 1 0 0 2 1 1 0 0 2 1 1 0 -1 -1 2 3 0 2 0 3 0 -1 1 0 0 0 0 0 0 -1 -1 -1 1 0 1 -1 1 -1 1 0 -1 -1
-1 0 -1 0 -1 0 -2 0 0 0 0 0 0 1 0 -1 0 1 1 0 0 0 0 0 0 1 0 0 0 1 1 2 0 1 -1 -1 1 0 0 1 1 0 1 0 0 0 0 1 -1 0 1 2 1 0 1 0 0 0 -1 0 0 0 0 0 2 0 0 1 1 -1 0 0 0 -2 1 -1 1 0 -1 -1 0 1 1 0 1 0 0 0 -1 1 0 0 0 2 0 0 0 0 1 -1 1 0 16 2 0 1 3 0 1 -1 1 1 1 2 0 0 2 0 0 0 1 0 0 -1 2 0 0 -1 0 1 -1 0 0 1 0 0 -2 0 0 1 0 0 0 1 1 -1 0 0 0 0 -2 0 2 0 -2 0 1 1 1 -1 1 -1 0 0 -1 0 1 1 1 -1 1 0 0 1 0 -1 0 0 0 1 -1 0 0 0 0 0 0 1 2 -1 2 1 1 0 1 0 1 -1 0 0 0 -1 1 0 0 -1 -1 2 0 -1 0 0 0 -1 0 1 0 1 1 0 0 2 0 0 0 0 0 0 0 1 1 0 0 0 0 0 0 0 1 -1 1 0 0 1 0 0 0 -1 -1 -1 -1 0 0 0 1 -2 0 0 0 1 -1 0 0 2 0 1 1 1 4 0 0 1 2 0 1 0 0 0 0 0 -1 0 0 0 0 1 0 0 0 1 0 0 0 1 -1 0 -1 1 -1 0 -2 1 0 2 1 0 0 0 0 0 0 0 2 0 -1 2 0 1 0 0 -2 1 0 1 -1 -1 0 0 -1 -1 -1 0 1 3 0 -1 0 0 1 1 0 1 1 0 0 -1 0 -1 0 -1 0 1 0 0 0 0 2 1 0 0 0 0 -1 1 1 1 1 1 1 0 0 -1 0 0 0 0 2 0 0 0 1 0 1 -1 -1 0 0 0 1 0 1 0 0 -1 2 0 0 0 0 0 0 0 0 0 0 0 -1 0 0 0
-3 -1 0 0 1 0 0 1 -1 0 0 0 -1 0 0 1 1 0 0 0 0 -2 1 0 1 1 0 -1 1 0 1 0 -1 0 -1 2 1 -1 -1 1 3 0 0 2 3 0 -1 1 0 1 -2 0 0 -2 0 0 0 1 -1 1 1 0 1 -1 1 -1 0 0 0 -1 0 0 0 1 0 0 1 0 0 0 0 0 1 1 0 1 0 1 -1 -1 -1 0 0 1 1 1 0 0 1 1 0 1 2 17 -1 0 0 0 0 0 -1 0 2 1 0 2 0 2 1 1 2 -1 1 -1 1 0 0 0 0 0 1 0 0 1 1 0 -1 0 0 0 1 0 2 0 0 -1 0 -1 -1 0 0 0 0 -1 1 0 1 -1 0 0 1 1 -1 0 1 0 -2 0 0 1 2 0 1 1 -1 0 -1 1 0 2 0 0 1 0 0 1 -1 0 1 0 1 0 1 1 1 1 1 -1 0 -1 0 1 0 -1 2 0 -1 -1 -1 0 1 1 0 0 -1 2 0 1 -1 0 1 0 0 1 0 0 2 0 0 1 0 -1 -1 2 0 0 0 0 1 -1 1 0 0 -1 0 -1 0 0 -1 1 1 0 1 0 0 1 0 0 0 2 0 -1 -1 1 0 0 0 0 2 0 0 -2 0 0 1 -3 1 2 -1 0 2 1 -1 0 0 0 0 -2 1 2 0 0 0 0 -1 0 -1 0 -1 0 0 -1 0 1 -2 0 0 0 0 0 0 1 0 0 -1 0 1 0 0 1 0 0 0 0 0 0 -1 0 -1 0 0 1 0 -1 0 0 1 0 1 0 0 0 0 0 1 -1 0 0 0 0 0 0 0 0 1 0 1 -1 0 0 0 1 -1 1 0 0 3 0 0 1 0 0 1 0 1 0 0 0 0 0 0 2 0 -1 0 2 1 0 1 0 0 0 0 0 0 0 -1 0 0 0 -1 0 0 -1 0 0 -1 1 0 -1
0 2 0 -1 0 1 1 1 0 0 -1 0 0 0 0 0 -1 -1 -1 -1 0 -2 0 -2 -1 0 0 0 -1 0 1 1 -1 0 0 0 -1 1 1 0 0 -1 0 0 -2 0 0 2 0 -1 0 1 0 1 0 2 -1 1 0 -2 0 0 -1 0 0 0 0 0 -1 1 1 0 0 0 0 1 -1 -2 0 0 0 0 0 2 0 -1 -1 1 0 0 -1 0 0 1 0 0 0 -1 -2 1 0 0 0 -1 21 -1 1 0 1 0 0 2 -2 1 1 1 1 0 3 0 1 0 -1 0 0 0 0 0 -2 1 -2 -1 -3 0 1 1 2 0 0 -1 0 1 1 -1 1 1 0 0 0 0 2 0 1 0 0 1 0 0 0 1 2 1 0 0 0 -1 1 -2 -1 0 0 -1 1 0 0 -1 -1 -1 0 0 1 0 0 -1 1 1 0 1 -1 -2 0 0 0 0 0 -1 2 0 0 1 2 -1 0 0 0 0 0 1 -1 0 1 -1 1 1 1 0 0 1 0 0 1 2 0 1 -1 -1 0 0 0 0 -1 0 0 -1 -1 -1 0 0 0 -1 0 1 -1 -1 -1 0 1 -1 -1 -1 1 0 1 -1 -1 1 2 2 0 -1 -1 -1 -2 0 -1 -1 1 -1 -1 -1 -2 1 0 0 0 -1 0 0 0 0 -3 2 0 0 -1 0 -2 1 0 0 -1 0 -1 1 0 0 0 1 2 0 0 -1 0 0 0 1 0 -1 0 0 0 -1 0 0 0 1 1 -1 1 0 -2 -3 -1 0 0 -2 1 1 -1 2 1 3 -1 -2 0 -1 -2 1 0 1 0 0 0 0 0 1 0 0 0 -1 1 0 0 0 0 0 -1 -1 0 0 -2 -2 1 -1 0 0 0 0 0 0 -1 0 1 0 1 1 -1 0 -1 0 -1 -3 2 -2 -2 0 0 1 0 1 -2 1 1 1 0 -2 0 0 0 0 1 0 -1 0 0 0 -1 0 0 0
-1 0 1 2 0 0 0 0 -1 2 2 0 0 0 0 0 1 0 -2 1 -2 0 -2 0 0 0 0 0 0 -1 1 1 -2 1 0 -1 0 1 0 2 0 0 1 0 0 -1 0 0 -1 0 0 0 0 1 1 0 -1 0 1 1 1 0 0 0 0 1 0 0 -1 1 1 -1 1 2 2 -1 0 0 0 -1 0 1 1 1 -1 0 0 0 0 -1 -1 0 0 -1 0 1 -1 0 0 0 0 1 1 0 -1 18 0 0 -1 -1 0 -1 0 1 0 0 -1 2 1 -2 -1 0 -1 1 1 0 0 0 0 1 1 -1 1 0 0 0 1 0 -1 -1 2 0 0 1 0 0 -1 1 2 0 1 0 1 0 0 0 0 0 -1 0 0 -1 0 0 -1 1 0 0 -2 1 0 -2 0 1 0 1 -1 -3 -1 0 1 0 0 0 0 0 -1 1 1 0 0 -1 -1 1 0 0 -1 0 0 -1 0 1 0 0 1 0 0 0 1 0 2 -2 -1 1 0 -2 0 1 0 0 0 0 0 -1 0 0 -1 0 0 0 0 0 -1 2 0 0 0 0 0 -1 -2 0 0 -1 0 -1 0 0 1 0 0 0 2 3 1 -1 0 0 1 -1 1 1 1 0 0 2 0 0 0 -1 0 2 1 1 2 0 1 -1 -1 0 1 1 0 0 0 1 0 0 0 0 -1 0 0 0 0 1 -1 0 0 0 -1 1 0 1 0 -2 0 0 0 0 1 0 1 -1 0 -2 0 1 -3 0 0 -1 0 0 -1 0 0 -2 -1 -1 -1 1 1 0 0 0 0 -1 1 0 1 0 0 2 0 -2 0 2 0 0 -2 0 -1 0 0 -1 1 0 0 -1 0 0 0 -3 1 -1 1 0 -1 -1 0 -1 0 0 -1 -1 1 -1 0 0 1 0 0 3 0 -1 0 0 -1 -1 0 -1 1 -1 1 1 -1 1 -1 2 1 0 0 0 0 0 0 0 0 0
0 0 2 0 -1 -1 0 -1 0 1 0 1 -1 0 1 1 1 0 3 0 1 3 0 1 0 -1 0 1 -1 0 3 1 -1 2 0 3 -1 0 0 -1 0 0 1 -1 0 0 0 -1 -2 -1 -1 -2 0 1 0 1 2 0 1 -1 1 -1 1 1 -1 -1 1 0 1 0 -1 0 0 0 1 0 1 -1 0 -1 0 -1 1 1 1 -1 -2 -1 0 0 1 -2 2 1 0 0 0 -1 1 -1 2 1 3 0 1 0 20 1 0 0 0 1 0 1 1 0 -1 1 -1 1 1 0 0 1 0 1 0 0 0 1 -1 0 0 -1 0 2 1 0 1 0 1 0 0 1 -1 0 -1 -1 0 0 1 0 2 0 1 0 0 0 0 0 1 0 1 -1 1 -1 1 1 0 0 0 0 0 1 0 0 0 0 0 1 1 0 0 1 1 -1 2 1 -1 -1 3 0 1 1 2 2 0 1 0 0 3 -1 -1 1 2 1 0 1 0 -1 1 1 2 0 0 -1 -1 0 0 1 1 2 0 1 0 2 -2 1 0 1 0 0 1 0 -1 -1 2 2 0 0 1 0 -1 2 2 2 0 1 -2 0 2 0 1 1 0 1 0 0 1 1 -2 1 0 0 0 3 1 -1 0 -2 0 2 1 0 1 1 0 -1 0 0 0 0 0 0 1 2 1 1 1 1 0 1 0 0 2 -1 0 0 0 0 0 1 0 2 1 0 0 2 -2 0 0 -1 1 0 0 1 0 1 0 -1 -1 0 1 2 -1 0 -1 0 0 -1 0 1 0 0 0 -1 0 0 -1 2 1 -1 0 -1 1 1 0 -1 0 0 1 -1 -2 0 0 -2 2 -1 0 0 2 1 0 0 -1 1 0 1 0 0 0 0 0 0 0 0 0 0 0 0 0 0 3 0 0 -1 0 1 -1 0 0 0 0 -1 0 -1 0 1 0 0 -2 1 0 0 0 1 0 0 1 -1
2 0 0 0 0 0 0 0 -1 1 1 0 1 -1 0 0 1 0 0 0 0 1 0 0 1 0 0 0 0 0 0 1 0 0 -1 2 0 2 1 0 1 -1 0 0 0 0 1 -2 2 0 0 -1 0 1 -1 0 -2 1 0 0 1 -1 -1 0 -1 0 0 0 -1 0 0 0 0 -1 0 0 0 0 2 0 0 1 0 0 -1 0 -1 1 1 0 0 0 0 0 -1 2 0 1 0 1 -1 -2 0 0 0 0 1 16 0 0 -1 -2 0 0 1 -1 2 -1 -1 0 0 1 0 0 1 1 0 -1 1 0 -1 1 0 0 1 1 1 0 2 0 0 0 1 1 0 0 1 -1 2 0 0 0 0 -1 1 0 1 0 1 0 1 1 2 0 0 0 0 0 -1 1 1 0 0 1 -1 -2 0 -1 0 0 0 1 0 0 -1 1 -1 -1 0 0 1 -1 0 0 -1 -1 1 1 0 -1 -1 0 1 1 1 1 -1 0 1 1 1 1 0 0 0 3 0 1 0 -1 2 0 0 1 0 2 0 1 0 0 1 0 0 -1 0 -1 0 0 2 -2 0 0 -1 -1 0 0 0 0 -1 0 0 0 0 0 1 -1 0 -1 1 0 0 0 0 0 0 1 -1 -1 0 0 -1 0 -2 0 -1 0 1 0 1 0 -1 1 -1 2 1 0 0 0 0 1 0 0 0 0 1 0 -1 0 0 0 -1 0 1 0 1 0 0 0 1 2 -1 0 0 -1 0 0 0 1 0 0 0 0 1 0 0 0 2 -2 0 0 0 -1 0 2 0 1 0 0 -1 -1 0 1 1 -2 1 0 0 1 1 0 1 -1 0 0 0 0 0 0 2 -1 0 0 0 0 0 -2 0 0 -2 0 0 -1 0 0 1 0 -1 0 -1 0 -1 -1 1 0 1 -1 0 1 0 -3 -1 0 -1 1 0 0 1 0 0 0 -1 -1 -1 1 0 1 0 0 0 -1
0 -1 0 0 0 -1 0 0 0 -1 -3 0 1 0 0 2 1 -1 0 1 1 0 -1 0 1 1 0 0 -2 -1 2 1 -1 -2 -1 0 0 1 1 1 -2 -1 -1 -4 -1 0 1 -1 1 0 0 1 1 -1 1 0 -1 0 -1 0 0 0 0 0 1 0 -1 1 -1 0 0 -1 -2 -2 1 2 0 0 0 0 0 0 0 1 0 0 1 -1 0 0 0 1 0 1 -1 -1 1 0 -1 -2 -2 0 1 0 1 -1 0 0 21 -1 -2 0 0 0 1 0 -1 0 -1 3 1 1 0 0 0 0 -1 0 0 -1 1 0 0 1 0 0 1 -1 -2 0 1 0 0 -2 1 0 0 1 -1 0 -1 -2 0 0 -1 0 0 0 -1 -1 0 1 0 -1 0 0 -1 0 0 1 0 0 -2 0 1 1 0 -1 3 1 1 0 0 1 0 0 1 0 1 -1 0 1 1 0 0 1 0 1 1 0 1 0 1 -1 0 1 0 1 0 -1 -1 2 -1 -1 0 -1 0 -1 0 0 -1 -1 0 0 0 -1 0 0 0 0 0 -1 0 0 0 0 0 -1 0 -1 1 -1 0 -1 -1 1 1 0 -1 -1 0 0 -2 0 1 0 1 1 0 -1 -2 1 2 3 0 0 0 -1 2 1 1 0 0 -1 0 0 -1 -1 -2 -1 0 0 0 0 -1 -1 0 1 -1 0 0 0 1 1 -1 0 0 0 1 -2 0 0 0 1 0 0 0 0 -1 -1 -2 1 2 1 0 1 0 1 1 0 0 -2 1 0 1 0 -1 0 0 0 -1 -1 0 1 -1 1 0 0 0 0 0 0 0 -1 0 0 0 0 0 -1 2 0 0 1 0 0 0 -3 0 -3 -1 0 0 1 -1 0 0 -1 0 0 -1 0 0 0 0 0 0 1 1 -1 -3 0 -1 2 0 0 -1 0 1 -2 2 0 1 0 0 0 0 1 1 0 -1 1 0 0 0 0 0 0 1 0
0 0 0 0 0 0 -1 1 -1 0 2 1 0 0 0 0 -1 1 0 -1 2 3 1 1 0 2 0 0 0 -1 0 -1 1 2 1 0 0 0 0 0 -1 1 0 1 0 1 0 0 0 1 0 -1 0 0 0 1 1 0 0 0 0 0 -1 1 1 0 2 0 1 2 0 0 0 0 -1 0 0 0 0 1 0 1 0 0 1 0 0 1 0 0 -1 0 1 1 1 0 0 0 1 0 0 1 -1 0 0 -1 0 0 -1 11 1 1 0 1 -1 0 0 0 0 0 1 -1 0 0 -1 0 0 0 0 0 0 -1 0 1 0 1 0 1 0 -1 0 0 0 0 0 0 0 0 0 0 0 0 0 0 0 0 0 1 0 -1 -1 -1 1 0 1 0 -1 0 0 -2 1 0 0 0 0 -1 0 -1 1 0 0 0 0 1 0 0 0 0 -1 0 1 0 0 -1 0 0 0 0 0 0 0 -1 1 0 0 0 1 0 0 0 -1 2 1 1 0 0 1 0 -1 0 0 0 1 0 0 0 0 0 0 0 -1 -1 0 -1 0 1 0 1 1 3 0 1 0 0 0 0 0 0 -1 1 -1 0 0 0 1 0 1 1 0 0 0 -1 -1 0 1 1 0 0 -1 0 0 0 2 0 0 0 1 1 0 0 0 0 0 0 0 -1 0 0 0 0 0 0 0 0 0 1 1 -1 0 -1 1 1 0 0 0 0 0 0 0 0 -1 0 0 0 -1 1 2 -1 1 1 1 2 0 0 0 0 1 0 1 0 -1 1 -1 -1 0 0 0 0 0 -1 0 0 0 0 -2 0 2 0 1 0 1 0 0 -1 0 0 0 1 0 0 1 0 0 0 1 0 0 0 0 0 -1 1 0 -1 0 1 1 -1 0 1 1 0 -1 1 0 0 0 1 1 0 0 0 0 1 -1 0 -1 0 1 0 0 -1 0 0 0 1 0 0 0 0
0 3 -1 0 -1 0 0 2 0 -2 1 0 0 0 0 1 0 0 0 -1 0 3 -2 1 0 1 0 0 0 1 0 0 0 0 1 0 1 0 1 0 2 2 -1 0 -1 0 -2 0 0 1 0 0 0 1 0 2 0 1 0 1 -2 0 0 2 -2 0 0 -1 0 0 0 2 0 -1 1 0 1 0 1 0 1 0 0 -2 0 0 -2 0 1 0 1 0 1 1 1 0 1 -1 0 0 0 0 1 -1 0 0 0 -1 -2 1 21 1 0 0 0 0 -1 0 1 1 -2 -1 0 0 1 0 1 4 0 1 -1 -2 0 1 -1 -1 0 1 0 0 0 0 0 0 0 1 0 -1 1 0 2 0 -1 1 -3 0 -1 1 0 0 -1 0 1 1 1 0 0 0 1 0 0 0 0 -1 0 1 1 0 0 2 -1 0 1 1 0 0 0 0 0 0 0 0 0 0 0 0 0 0 1 0 0 0 0 0 -1 1 0 1 -1 0 1 1 0 -1 2 0 0 1 1 0 1 1 -1 0 0 0 0 0 0 0 0 0 0 -1 0 0 2 0 2 0 0 -1 1 -2 -1 1 2 0 1 1 0 0 0 0 0 -1 -1 0 1 1 0 0 1 1 0 0 0 0 2 -1 -1 1 1 0 1 0 0 0 2 0 2 0 0 2 0 0 1 1 1 0 0 0 0 -1 0 1 -1 0 0 1 -1 0 -2 1 2 0 0 0 0 -1 2 0 0 0 -1 3 0 0 0 -2 -1 3 0 0 0 0 0 0 0 0 0 1 -2 2 0 0 0 0 0 -2 2 0 3 -1 0 1 1 0 0 0 -1 0 0 0 0 0 0 -1 0 0 2 -2 0 0 1 1 -1 1 1 1 -1 -1 2 0 1 0 1 0 0 0 0 -1 2 1 0 0 0 -1 0 1 2 1 0 0 0 3 0 2 0 -1 0 -2 -1 0 1 0 0 1 -2 3
-2 1 2 -1 -2 1 0 2 -1 -2 1 -1 -1 1 -1 1 -2 0 -2 -1 0 -1 0 0 -1 0 1 1 1 1 -2 0 -1 0 0 -1 2 1 0 0 0 0 2 1 -1 0 1 0 -1 0 0 0 0 0 0 2 0 0 0 1 -1 0 0 1 0 0 -1 0 0 2 1 1 0 1 0 0 1 1 -2 0 0 -1 1 1 0 0 0 1 0 1 -1 0 0 0 1 1 1 2 -1 2 -1 0 1 0 2 -1 1 -2 0 1 1 24 0 0 1 1 0 1 1 0 0 -1 0 0 0 0 1 0 1 1 0 0 -1 0 -1 1 2 0 -1 -1 0 0 0 4 0 1 1 1 0 -1 2 0 1 1 0 1 -2 0 0 0 2 0 -1 1 0 0 1 0 1 0 -2 0 -2 0 1 1 0 1 0 3 0 0 0 0 -1 1 1 0 0 2 0 1 0 2 0 2 2 -1 0 0 1 0 -1 0 -1 0 0 0 -1 -1 -1 0 0 0 1 -1 0 0 1 0 -1 1 2 0 2 2 0 0 0 -3 0 0 0 0 0 -1 1 0 1 0 2 1 1 0 0 0 0 1 -2 0 2 -1 -2 0 0 2 0 0 2 -1 0 0 0 -1 0 -1 1 2 0 -1 1 2 1 0 -1 1 0 0 0 0 -2 2 1 0 0 -1 -1 1 0 0 -2 0 1 -1 -2 1 0 1 1 -2 0 -1 3 0 2 0 -1 0 0 0 -1 -1 -1 1 1 1 -1 0 3 1 1 0 2 1 -1 0 -2 1 0 0 2 2 0 0 0 1 0 -1 -1 2 1 -1 0 0 0 -1 1 1 1 1 1 1 0 -1 -1 -1 -2 0 -1 0 0 2 1 0 0 -1 0 1 0 1 0 0 1 -2 1 0 -1 1 0 1 1 1 0 0 -1 1 -1 0 0 1 1 -1 0 1 1 -1 0 0 1 -1 -1 0 -1 -1 0 -1 0 0 0 1
0 0 0 0 1 0 -1 1 2 1 1 0 0 0 1 0 0 1 0 0 0 1 2 2 1 0 0 0 -1 1 1 1 1 0 1 0 0 -1 0 -1 0 0 1 1 0 0 2 0 1 -1 0 -1 -1 -2 0 2 0 1 -1 1 -1 1 0 0 1 0 0 1 0 0 -1 2 0 2 0 -1 0 1 0 0 1 0 1 0 -1 1 -1 0 0 1 2 3 -1 0 1 0 0 -1 1 -1 1 1 1 2 -2 0 0 0 0 0 0 0 23 3 0 1 1 1 0 -1 4 0 0 0 0 -1 1 -1 2 1 2 0 1 0 3 0 0 0 0 0 -1 -1 0 1 0 0 0 0 0 -1 -1 0 -1 0 0 0 -1 0 0 -1 1 3 2 0 2 0 -1 -1 0 0 1 1 1 -1 1 0 1 0 -1 0 -2 0 0 0 -1 -1 0 0 1 0 0 0 0 2 -1 0 1 0 3 0 -1 -1 1 1 1 1 1 -2 0 0 1 0 -1 -1 0 1 1 0 0 -1 -2 -1 0 0 0 2 -1 -1 0 0 1 0 0 0 0 0 0 0 4 -1 0 0 -1 -1 1 0 0 -2 0 1 0 1 -1 0 1 -1 1 -1 3 1 1 1 0 1 0 0 0 1 1 0 0 2 -1 0 1 0 1 2 -1 0 1 0 0 0 0 1 3 0 0 0 -1 1 -1 0 -1 0 1 0 -2 1 1 0 1 2 -1 1 -1 1 -1 -1 0 0 0 -1 0 0 1 1 0 -1 0 1 0 1 0 -1 0 1 -1 0 0 0 0 1 3 0 0 0 0 0 2 -1 -2 -1 1 0 2 2 1 0 0 -1 0 0 0 -1 1 -2 0 0 0 3 0 0 1 0 2 0 0 0 0 0 0 0 0 -2 0 0 0 2 -1 1 0 2 0 1 0 -2 0 -1 0 0 -2 1 0 0 1 -2 -1 0 0 0 0 -1 0 0 1 0 -1 -3
-1 0 1 1 0 1 0 0 -2 0 1 2 -1 -1 0 0 0 -1 2 0 0 -2 -1 -1 -1 0 0 1 -1 0 2 0 -1 0 3 -1 1 1 1 1 1 0 -1 -2 -1 0 0 1 1 0 -2 1 0 0 0 0 0 2 -1 -1 0 -1 -1 0 1 2 -1 2 0 2 0 -1 -1 0 0 0 2 1 0 0 0 0 1 -1 -1 0 -1 0 -2 0 -1 0 0 1 0 0 0 -1 1 0 0 0 2 1 1 1 1 0 0 1 0 0 3 20 1 -2 0 -1 1 0 2 0 0 0 1 -1 0 -1 -1 0 1 0 0 1 0 0 1 0 -1 -1 0 0 0 0 -1 -1 0 -1 1 0 0 0 0 0 0 0 -1 0 0 0 0 -2 -1 0 0 0 0 1 0 1 0 1 -1 0 0 0 0 -1 0 3 -2 0 1 0 -1 0 0 2 1 -1 -1 -2 0 -1 0 -1 -1 0 0 1 1 0 1 2 3 1 0 1 0 -1 1 1 -2 0 1 0 0 1 0 1 -1 0 0 1 0 0 1 0 0 0 -2 0 0 1 -1 0 -1 1 0 2 0 1 0 1 2 1 -1 -1 0 1 2 0 1 0 1 -1 0 0 0 -1 0 1 -1 0 -1 2 1 1 2 0 0 1 2 0 2 0 -1 0 0 0 0 0 0 0 -1 0 1 0 0 2 0 0 0 1 0 -1 -1 1 1 1 1 0 -1 0 0 -1 0 0 0 1 0 0 0 1 0 0 0 0 1 0 -1 0 -2 0 1 -2 0 -1 1 0 1 1 0 0 1 -1 -1 0 1 0 -2 0 0 0 0 -1 2 1 -1 -1 1 -1 -1 -1 0 0 -1 -4 1 0 1 2 -2 0 1 0 0 -1 2 0 0 -1 0 0 0 -1 0 0 -1 1 -1 -1 1 -1 -3 0 -1 -1 -1 -2 0 0 -1 0 1 2 -1 0 0 0 2 0 0 -1 0 0 -1 0 -2 0
0 1 1 -2 -1 0 0 -1 1 1 0 0 1 0 1 1 2 -2 1 -2 -2 1 0 0 -2 2 2 2 0 1 -1 -1 -2 -1 0 0 0 1 0 0 0 0 0 -1 0 2 0 1 1 1 0 0 0 1 0 0 -1 0 0 3 0 0 0 0 -1 0 -1 1 1 0 2 0 1 0 0 -1 0 0 0 0 0 -2 0 1 0 0 -1 1 0 -1 0 0 0 -2 0 0 1 0 -1 -1 -2 1 0 0 1 0 1 1 1 -1 0 1 0 1 20 1 1 -1 0 1 0 -1 1 1 -2 1 0 0 0 1 -1 0 1 0 -1 -1 2 -1 2 0 0 1 0 1 0 0 0 2 1 1 0 0 1 1 0 0 1 1 -1 0 1 0 1 0 -2 0 0 0 0 1 0 0 0 1 1 1 0 0 0 0 0 0 0 1 0 1 1 0 -1 0 2 -1 2 0 0 0 2 1 -1 2 1 -1 0 -1 1 2 -1 0 -1 0 0 0 1 0 0 4 -1 0 0 0 -1 2 0 0 1 0 1 0 0 0 -1 0 -1 0 -1 1 0 0 -1 0 0 1 0 1 0 1 0 1 1 0 1 1 0 3 0 1 0 0 2 0 -1 -1 0 0 0 1 3 1 1 0 0 2 0 1 0 1 -1 -1 1 1 -1 2 0 0 0 0 -1 2 0 1 0 0 1 2 0 0 0 0 1 1 0 -1 0 0 0 0 0 0 -1 0 0 -1 1 0 1 1 1 2 2 1 -1 1 2 1 0 -1 0 1 0 0 0 0 2 1 0 0 -2 0 1 0 0 0 0 -1 1 0 0 -1 0 -1 2 -1 0 0 0 0 0 -1 1 -1 1 1 0 -2 -1 2 0 -1 0 1 0 -1 2 0 4 2 1 0 -1 1 -4 1 1 1 -1 -4 0 0 0 0 0 0 1 -1 -1 -1 0 1 -1 0 -1 -1 0 0 0 1 1 0 0 -1
-2 0 2 0 2 0 0 0 0 1 1 0 0 0 1 2 0 1 -3 0 -1 2 0 -1 0 -1 1 -1 0 1 -1 2 0 0 0 1 2 -2 -2 1 0 -1 2 1 1 0 -1 -1 0 0 1 -1 1 1 2 0 0 0 -2 0 0 1 1 -1 2 0 0 -1 0 -1 1 2 0 1 0 0 0 0 -2 2 1 1 1 1 1 0 0 1 1 1 1 -1 0 1 1 0 0 1 1 -1 2 0 0 2 1 0 0 -1 0 0 0 1 1 -2 1 23 2 2 1 -1 -1 2 0 0 0 1 -2 1 0 0 1 0 -1 0 0 1 0 -1 2 0 0 -1 0 0 0 -1 0 -1 1 0 1 0 0 0 -1 -1 0 0 0 0 1 0 -1 1 0 -1 -1 -1 1 -1 0 0 -1 0 1 -1 3 0 -1 -1 0 0 2 0 1 1 1 0 0 0 1 -2 0 1 -1 0 4 1 0 -1 0 2 0 -1 1 1 -1 -1 -1 -1 -1 0 -1 -1 0 0 0 -1 -2 0 1 0 1 0 1 1 -1 0 0 -3 -1 0 0 -1 0 0 -1 1 0 -1 0 -1 1 1 0 2 1 0 1 -1 -2 1 1 0 0 2 0 1 2 1 0 1 1 0 0 1 1 0 0 -2 -1 0 0 0 1 -1 0 0 1 2 0 -2 0 -1 0 -1 0 -2 2 1 1 0 0 0 1 1 2 0 -1 0 0 0 -1 0 -2 1 -1 0 0 1 0 0 0 1 2 -1 1 1 -1 -1 0 -1 1 0 0 -1 -1 0 -2 0 2 0 -1 1 0 1 0 0 0 -1 4 0 0 -1 0 -1 0 1 1 2 0 0 0 0 0 -1 0 1 1 0 0 1 0 1 1 0 0 0 0 1 0 0 0 -2 -1 0 2 0 -1 0 0 2 -1 2 1 -1 0 0 0 1 2 1 0 1 -2 0 -1 2 0 0 -1 0 0 0 0 0 1 1 1 -2
0 -1 1 1 0 2 -1 0 0 0 0 1 0 1 -1 0 1 2 -1 -2 -2 -1 1 1 0 1 1 0 1 4 0 1 0 0 0 0 2 -1 -1 2 1 -2 2 1 0 1 0 1 2 0 0 -1 0 1 1 0 -1 -4 -2 0 1 0 -1 -1 0 1 1 -1 -2 -1 0 1 0 2 1 0 1 0 0 2 0 0 0 2 1 0 2 2 -1 0 1 1 0 1 -2 1 -1 -1 -1 0 4 -2 2 0 1 -1 -1 2 -1 0 -1 0 1 0 1 2 25 -1 -1 0 1 1 0 1 0 -2 0 -1 3 1 2 1 1 0 1 0 0 0 2 2 0 -1 2 1 0 -2 0 2 1 -1 2 0 1 0 1 1 0 0 1 -1 1 1 0 1 1 0 2 1 0 -1 -1 1 1 -1 -1 0 4 0 -1 1 0 1 0 0 0 1 0 0 0 0 0 -2 -2 0 0 1 -2 1 -2 -1 1 -1 1 0 -1 0 -1 -1 -1 2 0 -1 -1 0 0 1 -1 0 1 -1 0 0 0 -1 -1 3 1 0 -1 0 1 0 0 -2 0 -1 0 1 -1 1 1 1 -2 1 0 0 0 0 1 0 1 2 0 0 -1 -3 3 1 0 2 0 1 1 1 -3 0 0 1 0 1 0 0 0 0 0 0 -3 2 3 1 -1 -1 0 0 0 0 -1 1 1 0 1 0 0 0 0 1 3 0 0 1 0 0 0 -1 1 1 0 0 0 1 0 -3 0 0 0 -1 0 -1 1 0 1 -1 0 -1 0 -1 1 1 3 1 3 -2 -3 1 0 0 0 -1 0 1 1 0 0 -1 2 -2 0 0 0 0 0 0 1 0 1 -1 0 -1 0 0 -2 0 0 0 0 -1 0 0 -2 0 2 0 1 -1 1 0 0 -2 -1 0 0 1 0 -3 1 0 1 2 1 -1 2 1 -1 1 0 1 0 2 1 1 -2 0 0 0 -1 0 0 0 2 -1
2 0 0 1 1 1 0 0 1 0 0 0 0 -1 0 0 0 0 0 1 -1 0 -1 0 1 0 -1 -1 0 0 -1 1 0 0 0 -1 1 -1 -1 1 0 0 0 -2 0 1 -2 0 0 -1 0 -1 0 0 0 0 0 0 0 1 0 1 0 0 0 -2 0 0 0 0 0 0 0 2 2 -1 1 0 0 0 -1 2 1 1 0 0 0 -1 1 0 1 0 0 1 1 0 1 0 0 0 0 0 0 2 0 2 1 -1 0 0 0 1 1 -1 -1 2 -1 16 0 -1 0 -1 0 1 0 0 0 1 2 0 0 0 0 0 0 0 0 0 1 0 0 0 0 0 0 0 -1 -1 -2 0 0 0 0 0 0 0 0 0 -1 0 1 1 0 -1 0 -2 -1 0 0 0 1 -1 0 0 -4 -3 0 0 0 2 -1 -2 0 1 0 0 2 1 0 0 2 1 0 2 0 1 1 1 1 0 1 0 1 0 0 0 0 0 1 0 1 -1 -1 1 0 0 0 -1 -1 1 -1 0 0 -1 0 0 0 0 0 0 -1 0 0 0 1 -1 0 0 1 -2 0 1 0 0 0 -2 0 1 -1 0 1 -1 0 1 0 0 -1 -1 0 -1 0 0 1 0 0 0 0 0 0 0 0 1 0 1 4 -1 0 1 -2 0 1 -2 0 0 0 0 0 -1 1 0 0 0 1 -1 -1 2 1 1 0 0 1 0 0 0 0 0 0 0 0 -1 1 0 0 0 0 1 0 0 0 -1 0 0 0 1 0 0 0 1 -1 0 -1 -1 0 -1 0 0 0 -1 0 0 1 -1 -1 0 1 1 -2 1 0 0 1 0 0 0 0 -1 0 0 1 1 0 1 0 0 0 -1 0 -1 0 0 0 1 0 0 1 1 0 0 1 0 2 1 -1 1 1 1 1 0 0 0 0 0 0 0 0 0 0 0 1 0 0 0 1 0 0 1 1 0 2 0
-2 2 -2 0 2 0 -1 2 0 1 1 0 0 1 1 2 0 1 1 1 -1 -2 0 0 -1 0 0 -3 1 0 -1 0 0 0 1 3 0 1 0 0 -2 2 0 0 -1 1 0 1 -1 1 0 0 0 0 0 1 1 1 1 -1 0 2 0 1 -2 0 1 -2 0 3 0 0 -1 2 0 -1 -2 -1 0 -2 0 0 -1 0 -1 2 -1 -1 1 1 0 0 1 0 1 -1 0 -1 0 1 0 -2 0 1 3 1 -1 -1 -1 0 1 1 0 1 0 1 -1 0 24 0 1 -1 0 0 1 0 0 0 -1 -1 1 0 0 0 -1 0 1 0 0 -1 0 -1 -1 0 0 2 1 1 1 0 0 0 2 0 0 0 0 0 1 0 0 1 0 1 0 0 -4 -1 0 1 -1 0 0 -1 2 2 0 1 -1 -1 0 0 1 0 0 1 1 2 1 0 1 1 0 -1 0 0 1 0 -1 0 0 0 -2 0 0 -1 -4 1 1 2 0 -2 1 1 0 1 -1 0 0 0 2 0 0 0 0 2 0 0 0 0 -1 1 0 0 0 -1 0 1 2 1 0 1 1 -1 1 0 0 -1 0 0 0 1 0 -1 0 0 3 2 1 -1 0 -1 -1 0 -1 1 -1 1 0 1 -1 1 2 0 0 -1 0 2 0 0 1 0 1 0 0 -1 0 -1 1 1 0 0 0 -1 -1 -1 2 3 0 1 0 0 -1 2 -1 1 1 1 1 -1 0 1 0 0 0 -1 0 0 4 -1 1 0 2 -1 0 1 -1 2 -1 0 0 2 0 0 -1 -1 -1 0 0 0 0 0 1 1 0 3 1 0 0 1 -2 0 0 -1 1 0 -1 0 1 0 0 -1 -2 -1 -1 -1 0 1 2 1 0 0 0 0 2 0 1 1 -2 0 0 1 1 1 -1 0 0 -1 1 2 1 2 1 0 0 1 1 3 1 0 0 1 0 1 1 0 1 0 0 0
1 -1 -1 1 0 0 0 0 0 0 -1 0 0 1 -1 0 0 1 1 -1 0 0 1 2 0 1 -1 -1 -1 0 2 -1 0 0 1 0 -1 0 2 1 0 0 0 -1 -1 0 1 0 0 0 0 -1 0 1 0 1 -1 0 2 -1 0 0 1 0 -2 1 1 -1 2 1 1 0 0 -1 2 1 1 0 0 0 1 -1 0 0 1 0 1 -1 0 0 0 0 -1 -1 -1 0 0 0 0 -1 0 0 0 1 0 -2 1 0 3 0 1 0 -1 0 1 -1 0 -1 0 19 0 1 1 2 0 0 0 -1 0 0 0 1 0 0 0 0 1 -1 0 -1 1 1 0 0 0 0 1 0 0 0 0 -1 0 1 0 -1 0 0 -2 1 -1 1 0 -1 0 -1 2 0 2 0 0 0 1 0 1 1 0 0 2 0 0 0 0 -1 1 -1 1 1 0 1 1 0 0 0 1 0 -2 0 0 0 1 -1 2 1 0 1 0 1 -1 -1 0 0 1 0 -1 0 0 1 0 -1 1 0 1 -1 -2 0 0 1 0 0 -2 0 -1 0 1 0 2 -1 0 -1 0 -2 0 2 2 1 0 -1 -2 0 1 0 0 0 0 -1 1 1 2 1 -1 0 1 0 -1 0 2 0 1 -1 0 0 0 0 -1 0 1 0 0 1 0 1 0 0 0 0 2 1 -2 0 0 0 1 0 0 0 -1 0 0 0 1 -1 0 1 0 2 0 -1 0 0 1 -1 -1 -1 1 0 0 0 -1 2 0 0 0 0 0 -1 1 0 1 0 1 -1 1 1 0 1 0 -1 2 -1 -1 0 0 -1 0 0 1 -1 -1 0 0 1 0 1 0 0 0 0 0 0 2 -2 1 -1 0 1 0 -1 0 0 0 0 0 -1 1 -2 -1 0 0 0 0 3 0 0 0 2 1 0 0 -1 0 1 0 0 -1 -1 1 0 0 2 0 1 1 0 0 0 0 -2 -1 -1
0 -1 0 0 3 0 0 1 -1 2 -1 0 0 0 1 0 0 0 1 2 0 -1 1 2 1 0 0 0 0 -1 0 1 0 0 0 3 0 0 -1 -1 0 0 0 2 -1 -1 1 0 -1 0 -2 0 0 -1 0 0 0 1 1 -1 0 1 0 -1 0 1 0 0 1 1 -1 0 0 1 -1 0 -1 2 0 0 -3 0 0 0 1 0 1 0 0 -1 0 0 0 -1 0 0 0 0 1 0 0 0 1 2 1 -1 1 0 1 1 -2 0 4 2 0 -1 1 0 1 0 24 0 0 0 0 0 -1 0 1 2 0 -1 0 1 3 -1 2 0 0 0 -1 0 0 -1 0 1 1 2 0 0 0 0 1 -1 0 0 1 0 -1 0 0 1 -1 0 1 0 1 0 1 0 1 1 0 0 0 -2 -1 0 0 2 0 1 1 -1 1 0 -1 0 0 -1 1 1 1 0 1 -1 -1 0 -1 0 1 -1 1 2 1 0 1 1 1 1 -1 2 -1 0 0 0 -1 1 1 0 0 0 0 1 0 1 0 0 0 0 1 1 -1 0 0 -1 -2 -1 -1 -3 2 1 0 -2 1 -3 1 -2 -1 0 1 -1 -1 0 0 0 0 1 2 0 0 -1 -1 0 0 0 1 -1 0 0 0 0 1 1 1 -2 1 1 1 -1 1 0 0 0 -1 -1 2 -1 2 0 -1 0 0 0 -2 0 0 -1 0 -1 0 1 0 -1 -1 0 -1 0 0 1 -1 0 0 1 -2 2 -1 0 1 -1 -1 0 -1 1 0 -1 0 -1 -1 0 0 0 1 1 -1 2 0 -1 -1 0 -2 0 0 1 1 0 0 -1 -3 -1 0 -1 -1 1 0 1 0 0 0 0 -2 0 0 -1 1 -1 0 0 1 0 1 0 -1 -1 -1 -1 2 0 0 0 0 0 0 2 -2 1 1 -1 0 0 -1 0 1 0 -2 -1 1 1 1 1 -1 0 0 -2 0 0 0 0 0 -1
0 0 0 0 1 0 0 -1 0 -1 1 -3 0 1 0 2 0 0 1 0 0 -2 0 -1 0 -1 0 -1 0 2 1 1 0 0 0 0 0 -1 -1 -1 2 0 0 -1 0 -2 0 1 0 0 0 0 2 0 1 0 -1 -1 -1 0 0 1 -1 -1 -1 0 0 0 -1 0 -2 -1 1 -1 0 0 -1 -1 0 -1 0 1 0 1 1 -1 1 -1 1 1 1 1 0 1 2 0 0 0 0 0 1 -3 0 -1 0 0 0 1 1 -1 -1 -1 0 0 -1 2 1 -1 -1 1 0 17 0 0 0 -1 0 -2 0 -1 -1 0 0 0 0 1 1 -2 0 0 1 1 1 -1 0 0 1 1 0 0 0 0 0 0 0 0 0 0 -1 1 -1 1 -1 -1 1 -1 0 0 0 0 0 0 1 -1 1 0 0 0 0 -2 0 0 1 0 -1 -1 0 -2 0 0 0 0 2 0 0 0 -1 0 -1 0 -1 2 3 1 0 0 0 0 -1 0 0 0 -2 0 0 -1 0 -1 0 -1 -1 1 0 1 1 3 0 1 0 -1 -1 2 -1 -2 0 -1 0 0 -1 -3 0 -1 -1 0 0 1 -1 0 0 0 -1 0 0 0 0 -1 1 -1 0 0 0 1 -1 0 0 0 -2 0 0 0 0 1 0 -1 1 0 0 1 1 1 -1 0 0 0 -2 1 1 -1 0 1 1 1 0 0 0 -1 0 0 0 0 0 0 0 -2 -1 -1 0 1 0 0 -1 0 -1 -1 0 -2 1 0 0 0 -2 0 0 -2 0 1 0 -3 0 0 0 0 -1 1 0 0 0 0 0 0 -1 0 1 -1 2 0 1 -1 0 1 0 0 0 1 -2 -1 1 -1 -1 -1 1 1 1 1 0 -2 1 -2 0 0 -1 -1 -2 -1 1 0 -1 0 1 0 1 0 -1 -1 0 0 -2 -1 -1 -1 0 0 0 -1 0 0 0 0 -1 0 0 0 0 -1 -1 1 0 0 0 -1
0 0 0 0 0 -1 0 0 0 -2 0 1 0 -3 2 1 0 0 0 -1 0 0 0 0 1 0 0 0 1 0 0 0 0 1 0 1 0 -1 0 0 0 0 -1 0 0 0 -1 0 0 0 0 0 0 0 -1 1 0 1 0 1 0 1 0 1 -1 -1 0 0 1 0 0 0 1 -3 -2 1 0 0 1 0 0 -1 0 0 0 0 1 -1 0 0 0 0 0 -1 0 0 0 0 0 -1 1 0 0 1 -1 -1 0 0 0 0 0 0 0 0 1 0 0 0 0 1 0 0 12 1 0 0 0 1 1 1 -2 0 0 1 0 1 0 0 0 -1 -1 0 -1 2 0 1 0 0 0 1 0 0 0 0 0 -1 0 0 0 0 0 0 0 -1 0 0 1 0 0 1 -1 0 0 1 0 1 -1 0 0 0 0 0 -1 0 0 0 0 -1 -1 0 -1 0 0 1 0 0 0 -2 0 -1 1 0 1 0 0 0 0 0 0 0 0 1 0 0 -1 0 0 -1 0 0 0 0 0 0 -1 0 0 0 -1 0 1 0 0 0 0 0 0 -1 1 0 0 0 -1 1 0 0 0 0 0 0 1 2 0 1 2 -1 0 0 -1 0 0 0 1 -1 -1 0 1 -1 0 2 2 0 0 0 0 0 1 0 0 0 0 0 -1 0 0 0 0 0 1 0 0 0 1 -2 -1 0 -1 0 1 -1 0 0 0 0 1 0 0 3 0 1 0 0 0 0 1 -1 0 0 0 0 0 0 0 0 1 -1 1 0 -1 0 0 0 1 1 -1 -1 1 0 1 0 0 0 0 -1 0 0 1 -1 0 0 1 0 0 0 0 -1 0 0 0 2 1 0 0 0 0 0 -2 0 0 0 0 0 0 1 0 2 0 0 0 1 1 1 -1 0 0 1 0 0 0 0 0 -1 -1 0 -2 1 1 0 0 0 0 0 0 0 0 0 0 -1 0 -1
2 -1 0 0 1 0 0 0 0 0 0 0 -1 0 0 1 0 2 -1 -1 0 0 0 0 -1 0 0 -1 -1 1 0 1 0 -1 1 0 0 0 0 1 -1 0 0 0 -2 0 0 0 1 0 1 0 0 0 1 0 0 1 -1 0 1 1 0 -1 -2 1 0 0 2 1 0 0 1 0 1 0 0 0 0 0 0 0 1 1 0 -1 0 0 1 0 0 0 1 0 0 0 0 1 -1 -1 0 0 -1 -1 0 1 1 0 0 0 0 0 0 0 1 0 1 1 0 2 0 0 1 12 0 -1 0 -1 0 0 0 0 1 0 0 0 1 0 0 0 0 0 -1 1 0 0 0 1 1 0 -1 -1 0 0 0 -2 -1 0 0 0 -1 0 0 -1 0 -1 0 0 0 0 -1 -1 0 -2 0 0 0 0 0 0 0 0 0 0 0 0 1 1 -1 0 -1 0 0 0 1 0 0 0 0 0 0 0 0 2 0 0 0 1 0 1 0 0 0 0 0 -1 0 0 0 1 0 -1 0 0 0 0 0 0 -1 0 0 0 2 0 0 -1 0 0 0 0 -1 -1 -1 1 2 0 0 0 1 0 0 1 0 2 0 0 0 0 0 1 -1 0 1 -1 0 0 1 0 -1 0 0 0 0 1 0 0 -1 0 0 1 1 -1 0 0 -1 0 1 -1 1 0 0 0 1 0 0 0 0 0 1 0 1 0 0 0 2 0 0 0 0 1 0 0 1 0 0 0 -1 0 1 0 1 -1 0 -1 0 -1 1 0 1 0 0 0 1 0 0 0 1 0 1 0 -1 0 0 2 1 -1 0 0 0 1 0 1 0 0 0 0 -1 0 0 -1 0 0 2 -2 1 -1 -1 0 0 0 0 1 0 0 0 0 0 0 0 0 0 0 0 0 1 1 0 0 1 1 0 0 0 0 -1 0 0 1 1 1 0 0 0 1 0 0 2 0 1 0
-1 0 -1 0 0 0 0 1 -1 1 1 1 0 0 0 0 0 0 0 0 2 0 0 -1 1 0 0 0 0 0 1 1 0 0 0 0 2 1 0 1 1 -1 0 0 0 -2 1 0 1 0 0 0 0 0 0 0 0 1 -1 0 -1 0 0 0 1 0 0 0 1 1 1 -1 0 0 0 0 2 0 0 -1 1 0 0 0 -1 0 0 0 -1 1 -1 -1 1 1 0 2 0 0 0 0 0 -1 2 1 0 1 0 1 0 -1 1 0 0 1 -2 0 0 0 1 0 0 0 0 0 9 -1 0 0 0 0 0 0 0 0 0 1 -1 0 0 0 0 0 -1 0 0 -1 0 0 1 -1 0 0 0 0 -1 0 0 1 0 1 -1 0 1 0 0 0 0 0 1 0 0 0 0 0 0 0 0 0 0 -1 -1 0 0 0 -1 1 0 1 1 0 1 0 0 1 -1 0 0 0 0 0 0 1 1 1 0 1 0 1 0 0 0 1 0 -1 0 -2 0 1 1 0 0 -1 0 1 0 1 1 0 0 -1 0 0 1 1 0 -1 0 0 1 0 1 0 0 -1 0 0 1 0 0 -1 1 0 0 0 0 0 0 1 0 1 0 -1 0 0 0 0 -1 0 2 1 0 1 2 0 0 0 0 0 0 -1 0 0 0 0 0 1 1 -2 0 1 0 0 0 1 0 0 0 0 0 0 0 0 0 0 0 0 0 -1 0 0 0 0 -1 0 0 1 0 0 -2 0 1 0 0 0 0 0 0 0 0 0 -1 1 -1 1 0 0 0 0 1 0 0 -1 1 0 0 0 -1 0 0 -1 -1 0 -1 0 -1 0 0 1 0 0 -1 0 0 0 0 0 0 0 0 -1 0 -1 0 0 0 0 0 0 0 -1 -1 0 1 0 0 0 0 0 1 0 0 0 1 0 2 1 0 1 0 0 0 0 0 -1 0 0 0 0 0 0
0 1 1 -2 1 0 -1 0 0 1 -1 0 0 1 0 -1 -1 -1 -1 0 0 1 1 0 -1 0 0 0 -1 -1 0 0 0 1 0 1 0 0 0 0 0 1 -1 0 0 0 -1 -1 0 0 0 0 0 2 0 0 0 -1 0 0 1 0 -1 1 1 -1 -1 0 0 0 0 0 1 0 0 0 1 1 0 0 1 0 -1 0 0 0 0 -1 1 1 0 2 0 0 0 0 0 0 0 0 -2 1 0 0 0 0 1 1 0 0 0 0 -1 -1 1 1 -2 0 0 0 0 -1 0 -1 -1 18 -1 0 0 1 -1 0 1 0 0 -1 -1 1 2 -1 0 0 0 0 0 1 0 -1 1 0 -1 1 1 0 0 0 0 0 1 -1 0 1 -1 -1 0 1 0 -1 2 0 2 0 0 2 0 0 -1 0 0 1 0 1 -1 1 0 1 -1 0 0 0 1 0 0 1 -2 1 0 1 1 0 1 1 1 0 -1 1 -1 1 0 -1 0 0 1 2 0 1 0 -1 0 0 -2 0 0 2 -1 0 1 1 1 0 0 0 -1 0 0 1 -1 -1 2 -1 0 0 0 0 0 -1 0 0 -1 -1 1 0 0 1 0 -1 2 0 0 0 1 0 -1 0 0 1 1 1 0 -1 0 0 -1 0 0 -1 2 1 0 -1 -1 2 0 1 0 0 -3 0 1 0 0 0 1 0 1 1 0 0 3 -1 0 0 0 0 1 0 0 0 -1 0 0 0 0 0 0 0 0 2 -1 0 -1 -1 1 1 1 0 0 0 0 0 -2 0 2 0 -1 0 2 0 0 -1 0 0 0 0 0 1 -2 -1 -1 0 0 0 2 -1 0 0 0 1 2 0 0 -2 1 2 0 0 2 0 0 1 1 -1 0 0 0 1 2 1 0 -1 1 0 0 2 0 -1 0 2 0 0 1 0 0 0 0 0 0 1 -2 1 -2 0 -1 1 1 2 2 0 -1 0
0 0 0 0 0 0 0 -1 0 -1 1 0 -1 0 0 -1 -1 0 0 -1 0 0 0 1 0 1 0 1 1 1 -1 0 0 0 0 0 0 -1 0 0 0 0 0 0 1 0 0 0 0 0 0 0 0 0 1 1 0 0 0 0 0 0 0 0 0 1 1 -1 0 0 0 0 2 -1 0 0 0 0 0 0 0 1 -1 0 0 0 -2 0 1 0 0 1 0 0 1 0 0 0 1 0 1 0 0 0 0 0 0 0 -1 0 1 1 1 0 0 -2 0 0 0 0 -1 0 0 0 0 -1 10 0 0 0 0 0 0 0 -1 0 0 0 0 0 0 0 0 1 0 0 1 0 1 0 0 0 0 1 1 0 0 0 0 1 0 0 2 0 0 0 1 0 0 0 0 0 0 0 1 0 1 0 2 -1 0 0 0 2 -2 0 0 0 0 0 0 0 0 0 0 0 1 0 0 -1 -1 0 0 1 -1 0 0 -2 2 0 1 0 0 0 1 0 0 0 0 0 0 0 0 0 0 1 0 -2 0 1 0 0 0 0 0 0 1 0 1 0 1 1 0 0 0 -1 0 0 0 0 0 1 0 0 0 0 0 -1 0 0 0 0 -1 1 0 2 1 1 0 0 1 1 0 0 0 1 0 2 -1 0 1 1 0 0 -1 -1 0 1 -1 0 0 0 -1 0 0 0 0 0 0 0 0 0 0 0 2 -1 0 0 0 -1 0 0 1 -1 -1 0 0 0 0 2 0 0 1 0 0 0 0 0 0 0 -1 0 0 -1 -1 0 -2 0 0 0 0 0 0 1 0 0 1 -1 0 0 0 0 1 1 1 0 1 0 0 1 0 0 0 0 -2 0 0 0 0 0 0 0 1 0 1 0 0 0 0 0 1 0 1 0 1 0 0 0 0 1 1 0 -1 0 1 0 0 0 -1 0 0 0 0 -1 0 0 0 0 1 1
0 1 -1 0 0 0 1 1 -1 -1 -1 0 1 -3 0 0 0 0 0 -1 0 1 0 0 0 0 -1 -1 1 -1 -1 2 0 0 1 1 1 0 0 -1 2 1 -1 0 0 1 0 -1 0 0 0 1 -1 0 -2 0 1 1 0 -1 -1 1 0 2 -1 -1 0 1 1 -1 0 0 -1 -1 0 0 0 0 1 0 -1 1 0 -1 0 -1 0 1 1 0 0 0 1 -1 0 -1 0 0 0 0 -2 1 -1 0 0 0 0 -1 0 0 4 0 -1 -1 0 1 -1 1 0 -1 0 -2 1 -1 0 0 0 19 0 1 -1 0 0 0 0 0 0 2 0 0 -3 0 0 0 0 1 0 0 1 1 2 1 1 0 1 0 1 0 0 1 1 0 2 -1 -1 -1 1 1 -1 1 1 0 0 1 -1 1 0 0 0 -1 -1 1 -1 -1 0 -1 -1 0 -2 0 -1 0 0 -3 1 1 -1 0 0 0 1 -1 1 -1 0 1 1 -1 0 0 -1 0 0 0 0 0 -1 2 -2 1 2 0 1 0 0 -1 -1 0 0 -1 0 0 0 -2 0 0 -1 3 3 0 1 1 2 0 -3 0 1 1 1 0 0 -1 -1 -1 -1 0 -1 0 0 0 -1 1 -1 0 0 0 1 1 2 1 0 0 0 -2 0 1 0 1 1 0 -2 0 -1 1 2 0 1 1 2 0 0 0 0 -1 1 -2 2 0 0 0 0 0 0 0 -1 0 1 0 -1 0 1 2 0 1 1 1 1 0 2 -1 -1 1 0 0 1 0 0 1 1 0 -2 -1 -2 1 0 -1 0 -1 -1 1 0 -1 1 0 0 0 0 0 0 1 -1 0 0 0 -1 1 0 0 1 0 0 -2 0 0 0 2 0 1 0 0 0 0 0 0 1 -1 3 0 0 0 -1 -1 1 1 0 0 1 0 -1 0 0 0 3 0 0 -1 1 0 -1 0 0 -1 0 0 1 0 0 1 -1 2
1 1 0 0 0 0 0 0 0 0 0 2 1 0 0 0 0 0 0 2 1 2 0 1 1 1 1 0 0 3 0 1 -1 -1 0 0 0 1 1 0 2 0 1 0 1 -1 0 0 0 0 -1 -1 0 0 0 0 0 -1 -2 0 2 1 0 1 1 0 1 0 1 -1 -2 2 0 2 0 0 0 2 -1 0 -1 1 0 0 1 2 2 -3 0 0 2 0 0 0 1 0 0 0 0 -1 -1 -1 0 0 -2 0 0 1 0 0 0 1 2 -1 0 0 3 2 -1 0 1 0 1 0 0 0 0 0 20 2 1 0 1 1 0 0 0 0 0 2 1 0 1 1 -1 0 0 1 -2 -1 0 0 1 0 0 0 2 1 0 -1 1 0 1 1 0 1 1 1 0 -1 -1 0 0 0 0 0 1 0 1 4 -1 0 0 0 1 0 1 -2 0 0 1 2 0 1 1 -1 0 0 2 0 0 0 0 -1 0 1 0 0 -1 3 2 1 0 -1 1 0 1 0 2 -1 -1 0 0 0 0 0 0 1 0 0 2 0 2 0 0 -1 0 0 2 0 0 0 -1 1 -2 -1 -1 3 -2 1 1 0 1 0 0 1 1 -1 -1 1 0 0 0 -1 0 0 0 0 0 0 0 1 1 0 3 1 1 2 0 0 0 -1 1 0 0 0 2 1 1 1 -1 1 1 0 -2 1 1 1 0 0 0 0 1 0 1 0 0 2 -2 0 0 1 0 0 0 -1 0 2 0 0 2 1 -1 0 0 2 -1 -1 1 -1 0 -1 0 1 1 1 0 1 0 0 1 0 0 -2 2 -2 -1 1 1 0 1 0 -1 0 0 0 1 1 1 -1 1 1 2 0 1 -2 0 0 0 1 1 -1 0 -1 1 0 0 1 1 1 0 0 0 2 0 -1 -1 0 0 0 0 0 0 0 -1 -1 0 -1 0 -1 -1 0 1 1 0 0 0 0 2 0
0 3 0 0 -1 0 0 0 -1 0 0 1 0 -1 0 -1 0 0 0 0 0 1 -1 1 -1 2 0 1 1 0 0 0 0 0 -1 -1 1 0 0 -1 1 0 0 0 1 0 0 0 0 -1 2 1 0 1 -1 0 1 0 0 0 0 -1 0 1 -1 -1 1 -1 0 -1 0 0 0 0 0 1 0 0 -1 1 0 -1 0 -2 0 1 2 -2 -1 -1 0 0 -1 0 0 0 0 -1 0 0 0 0 1 0 1 1 1 0 -1 0 1 1 1 0 1 0 1 0 -1 0 2 -1 1 0 0 1 0 1 2 20 0 -2 0 0 2 0 -1 0 0 0 0 0 1 0 0 0 0 0 2 -1 -1 -1 1 1 -1 0 0 0 0 0 1 -2 1 -2 0 0 0 0 0 -1 1 1 -1 1 0 1 1 0 -1 2 1 0 0 1 0 0 1 0 -1 1 0 0 -2 1 0 1 0 0 1 0 0 0 1 -1 -1 0 1 2 0 1 -1 -1 -2 0 -1 0 -1 0 0 0 2 -1 0 0 0 0 0 0 0 0 -1 0 0 -1 0 -3 -3 -1 1 -1 1 0 -1 -1 -1 -3 1 2 0 -1 0 2 0 0 2 -1 2 1 0 2 0 1 0 0 0 -1 1 -1 0 1 1 2 0 0 0 2 0 0 -2 -1 0 0 1 0 0 0 1 0 2 0 0 -1 0 0 0 0 3 0 1 0 0 0 0 -1 1 -1 -1 0 -2 1 0 -1 1 -2 -1 -1 0 0 0 1 2 -1 -1 2 -1 1 -1 0 -1 0 0 0 1 1 -1 1 2 2 -1 -1 1 0 1 -1 2 0 -2 -1 0 0 1 -1 1 0 1 0 2 0 1 0 0 -2 1 -3 1 0 -1 -1 1 0 1 0 1 1 -1 2 1 0 0 1 0 0 0 1 -1 -3 0 1 0 0 -1 -2 0 0 -2 1 0 0 0 0 0 0 0 0 -1 1 1 -1 -1 0
-2 0 0 0 0 0 0 -1 0 2 1 0 0 2 -1 0 -1 0 -1 0 1 1 0 1 0 1 1 0 -1 0 0 1 0 -1 0 0 0 0 1 0 0 0 0 1 0 0 1 0 0 0 -1 0 0 -1 0 0 0 -1 0 0 -1 0 0 -1 0 2 2 0 0 -1 0 0 1 2 1 1 0 1 -2 0 1 1 0 1 0 0 1 1 1 0 2 1 0 0 0 0 -2 0 0 -2 0 0 -1 1 -2 1 -1 -1 1 0 -1 0 2 1 -1 1 2 0 1 0 0 -1 -2 0 0 -1 0 -1 1 0 21 0 0 0 1 0 1 0 0 1 -2 0 2 0 0 -1 1 -1 1 1 0 0 1 -1 0 1 1 -1 0 -1 0 0 -2 0 0 0 0 0 1 -1 0 1 0 0 1 0 3 -1 -1 -2 0 0 -1 1 1 0 1 2 1 0 0 0 1 1 0 0 1 1 -1 0 -2 1 -3 -1 0 0 -1 0 0 2 -1 0 -1 1 0 -1 0 2 -1 0 0 1 1 0 -1 1 0 0 1 0 1 -1 -1 0 1 -1 0 0 -1 1 -1 2 0 0 1 0 0 0 0 0 1 2 0 0 0 1 1 1 0 1 0 1 1 0 1 3 0 0 0 0 0 0 3 0 -1 0 1 1 1 0 -1 -2 1 0 -1 0 0 1 0 -1 2 0 0 -1 1 1 1 0 0 0 1 1 -1 1 -1 2 1 -1 1 -1 -1 -1 1 0 0 0 0 0 0 0 2 0 0 0 1 1 0 1 2 0 -1 1 0 0 1 0 2 0 -2 0 1 0 0 0 -1 0 -1 0 0 1 0 -2 0 0 1 0 1 -2 1 0 -2 2 -1 0 0 -1 1 0 0 1 0 0 1 -2 -1 -1 0 0 0 -1 1 2 -1 -1 0 1 1 0 -1 -1 0 0 2 0 0 -3 -1 -1 0 1 1 1 0 -1 0 -1 0 0 0 1
0 0 1 0 0 0 0 0 0 0 1 0 1 0 0 -1 0 1 0 0 0 -1 0 0 0 0 0 1 0 1 0 0 0 -1 -1 2 0 0 0 3 0 -1 0 1 0 0 0 0 0 2 1 0 0 0 -1 -1 0 0 0 0 0 0 1 0 0 0 1 0 0 -1 0 0 0 0 1 0 0 -1 1 -1 1 0 0 0 0 1 0 0 0 0 0 1 0 0 -1 0 0 0 1 0 -1 0 0 0 -1 -1 0 1 0 -1 -2 0 0 0 0 0 1 0 0 1 -1 0 0 0 0 0 0 0 0 -2 0 13 0 0 1 0 -2 0 -1 1 -1 0 0 1 0 -2 0 1 0 1 1 0 0 0 4 -1 -1 0 0 -1 1 -1 0 1 2 0 1 0 2 0 -1 0 1 1 0 -2 0 0 0 0 0 -1 0 0 0 0 -1 0 1 0 0 -1 -1 1 0 0 -2 0 0 0 1 1 1 0 1 0 0 -1 0 -1 1 1 0 -1 0 0 0 0 1 0 0 -1 0 0 0 0 1 0 0 0 1 0 0 0 0 1 0 0 -1 0 0 0 0 1 -1 0 0 0 1 0 1 1 0 0 0 1 0 0 1 0 -1 0 0 0 0 1 1 0 -1 0 1 0 -1 0 0 0 0 1 0 0 1 0 0 1 1 0 0 0 0 0 0 0 1 0 0 0 -2 0 0 0 1 0 1 1 0 0 1 1 -1 1 0 1 0 -1 1 0 -1 0 0 1 0 -1 0 0 0 2 2 0 0 0 1 0 3 0 0 0 0 1 0 1 0 0 0 0 1 0 0 -1 0 0 0 0 0 0 0 0 -1 1 1 0 0 -2 0 0 0 0 1 1 -1 1 -1 0 0 1 0 1 0 0 0 0 0 0 0 1 0 0 0 1 1 -2 1 1 0 1 0 0 0 -1 0 0 0 0 0 1 1 0 0 0 0 0
1 1 0 0 0 0 -2 -1 0 0 1 0 0 1 0 0 1 0 -2 0 -1 2 0 0 1 -1 0 0 0 2 1 1 2 0 0 1 -1 0 1 1 -1 0 0 0 1 0 0 0 0 0 0 0 0 0 0 1 0 0 0 0 0 0 0 0 0 0 -2 -1 0 1 0 1 0 0 -2 0 -1 0 0 -1 0 0 0 1 0 0 -1 -1 0 0 0 1 -1 1 -1 0 -1 0 -1 1 1 0 0 0 -3 1 0 0 0 0 0 -1 1 0 1 -1 1 0 0 0 0 0 0 1 0 1 0 0 1 0 0 0 14 0 -2 0 -2 0 0 0 1 0 -1 1 -1 1 0 0 0 1 0 1 0 0 -1 -1 1 1 0 -2 -1 1 0 1 1 1 0 -1 1 0 0 0 -1 0 0 -1 -1 -2 0 -1 0 -1 0 1 0 0 0 0 0 0 0 1 1 0 0 0 0 0 0 0 0 1 1 0 0 -1 -1 -1 1 0 0 0 0 0 0 -1 0 0 0 0 -2 -1 0 -1 -1 -1 1 1 0 0 1 0 -1 0 0 0 0 0 1 0 -1 0 0 1 0 0 0 1 1 0 -1 1 1 0 -1 -1 2 -1 -1 1 1 0 1 1 -2 1 0 2 1 0 -1 1 0 0 0 0 -2 0 -1 0 2 -1 0 1 -1 0 0 -1 0 0 0 0 1 -1 -1 1 0 0 2 -1 0 -1 -2 0 1 0 2 1 0 0 0 1 0 0 0 0 -1 1 0 0 0 1 0 0 0 2 -1 -1 1 -1 0 -2 0 1 1 1 0 0 0 0 0 -1 0 1 0 0 0 0 0 -1 0 0 0 -1 0 0 0 -2 0 0 -1 0 0 0 1 0 0 0 -1 -1 0 0 0 1 -1 -1 0 0 1 0 0 0 0 -1 0 1 0 -1 -1 0 0 -1 0 0 0 0 0 0 0 1 1 0 1 0 -1 1 1 -1 -1 -2
0 0 0 0 0 0 0 0 0 0 1 -1 1 0 0 0 0 1 0 1 0 1 1 1 1 2 0 0 0 0 0 0 0 0 2 1 0 0 0 0 0 0 0 0 0 1 0 0 0 2 1 2 0 0 0 3 0 0 0 0 2 0 0 0 0 0 0 0 -1 0 -1 0 -1 0 -2 1 0 0 0 0 0 1 0 -1 0 0 0 0 0 0 0 2 0 0 0 0 -1 0 0 0 0 0 1 1 0 0 -1 0 1 1 1 0 0 1 0 0 0 0 0 0 1 0 1 0 0 0 0 0 1 0 0 0 0 10 1 0 0 0 -2 0 1 0 1 0 0 0 0 1 0 0 0 0 1 -1 0 0 0 1 0 -1 0 -1 0 0 0 1 -1 0 0 0 2 0 0 1 1 0 0 0 0 4 0 0 0 0 0 1 0 0 -1 -1 0 -1 0 0 0 0 0 -1 0 0 -1 0 0 0 0 0 0 0 0 1 0 -1 0 0 0 0 0 1 0 1 1 0 0 0 1 0 1 0 -1 0 1 1 0 -1 0 0 0 -1 0 2 0 1 0 1 0 0 -2 0 0 -1 1 0 1 0 0 0 0 0 -1 0 0 0 0 0 0 1 0 1 0 1 1 0 0 0 1 0 0 0 0 1 0 1 0 0 -1 0 -1 -1 1 0 1 1 0 1 0 0 -1 0 -1 -1 0 0 -1 0 0 0 0 0 0 0 0 2 1 1 -1 0 0 0 2 0 1 1 0 0 0 0 0 0 0 0 -1 0 -1 -1 1 0 -1 0 0 0 0 -1 0 1 -1 0 1 1 0 0 0 0 0 -1 0 1 -1 -1 0 0 0 0 0 0 1 1 0 1 1 0 -1 0 0 0 0 0 1 0 0 0 0 0 -1 0 0 1 0 0 0 0 0 0 1 0 0 0 0 0 0 0 2 0 0 0 0 0 0 -1 1 0
1 0 0 0 2 -1 1 1 0 1 0 -1 0 0 0 0 0 0 -1 0 0 0 3 0 0 0 0 -1 -1 0 1 -1 -1 -1 -2 1 0 0 -3 0 -1 -1 0 1 0 0 0 0 1 0 0 1 -1 0 0 0 0 0 0 -1 0 1 -1 0 0 -1 -1 0 -1 0 -1 0 -1 0 1 -1 -1 0 0 -1 0 0 0 -1 1 0 0 0 -1 0 1 1 1 0 0 0 0 -1 1 0 -1 0 0 1 1 0 0 1 0 0 -1 -1 3 0 -1 0 1 0 -1 0 3 0 0 0 0 0 -1 0 0 2 1 1 -2 1 18 0 0 1 0 0 -1 0 0 0 0 -1 -1 0 1 -1 0 0 0 -2 1 1 0 0 0 1 0 1 0 -1 -1 1 0 -1 1 0 2 0 0 0 -1 0 0 1 -2 0 0 0 -1 -1 -1 1 0 0 0 0 0 -1 0 0 1 -1 -1 0 -1 0 -1 -1 1 0 0 2 0 1 0 0 -1 1 0 0 1 -1 -1 0 0 2 1 0 -1 -1 1 1 -1 0 0 0 -1 0 -1 0 0 0 -1 0 -2 1 -1 -1 0 -1 0 0 2 -1 0 1 1 2 -2 0 -1 0 -1 0 2 1 1 -1 -1 -1 1 0 0 -3 0 -1 1 -1 -1 0 0 0 0 -2 1 -1 2 1 0 0 -1 1 1 -1 0 0 -3 -1 0 0 0 -1 -2 0 0 0 0 2 0 0 -1 1 0 1 0 3 0 0 0 0 1 0 0 -1 -1 -1 0 -1 0 1 1 -4 2 0 0 0 -1 -1 1 -2 0 0 0 -1 0 -1 0 0 0 1 1 0 -1 -2 1 1 0 0 0 0 -2 0 1 1 0 1 1 -1 -1 -1 2 0 0 0 -1 -1 0 0 -1 0 1 -1 0 0 0 1 1 -1 0 1 -1 1 1 1 0 -1 0 0 3 0 -1 0 1 0 0 0 0 0 0 -1 0 0 0 0 0 0
0 -1 0 0 0 -1 1 0 -1 0 -1 2 3 1 2 0 0 -1 1 -1 1 2 0 0 -1 1 0 2 0 1 2 0 -1 1 -1 0 0 0 -1 0 0 0 0 -1 -1 -3 0 0 -1 1 0 -1 0 0 0 1 0 0 0 0 0 0 -1 1 0 1 -1 0 0 2 0 0 -1 1 1 -2 1 0 0 0 0 0 0 0 0 0 0 -1 2 0 0 -1 1 3 -1 0 -1 1 1 1 0 -1 0 0 1 0 2 1 0 1 -1 1 0 0 -1 1 0 0 0 0 -1 1 1 0 1 -1 0 0 0 0 0 0 0 0 0 18 0 0 1 0 0 0 1 -1 0 2 0 -1 0 -1 1 0 -1 0 0 1 1 1 1 0 0 1 0 0 -1 0 0 1 0 0 2 0 -1 0 1 0 -1 0 -1 0 -1 -2 -1 1 0 2 0 0 0 0 0 1 0 3 0 0 1 0 0 -1 0 1 1 1 0 0 -1 0 0 0 -1 -1 0 0 0 -1 0 -1 0 3 1 -1 0 -1 -3 0 1 0 1 -1 1 -1 -1 0 0 0 1 1 0 2 -1 0 1 2 1 1 -1 1 -1 0 0 -1 0 0 0 1 2 0 0 0 0 0 0 -1 -2 0 -2 -2 0 0 0 -1 0 0 -2 1 0 -1 0 3 1 -1 1 1 0 1 1 0 1 0 0 0 1 0 1 2 0 0 0 1 0 0 0 2 1 -1 0 -1 1 0 0 0 -1 0 -1 2 0 0 -1 0 0 1 1 1 2 0 0 0 0 0 0 3 -1 0 -1 -1 1 0 2 1 0 2 0 -1 0 0 2 0 0 0 0 0 1 -1 0 -1 -1 0 0 0 0 2 2 0 1 -1 0 0 0 1 -1 0 0 0 1 0 -2 1 -1 1 0 1 -1 2 0 1 0 1 0 -1 0 0 0 1 0 0 0 0 0 0 1 -1 0 -1 0 0 0 0 0 0
0 0 1 0 1 0 0 0 -1 -1 2 0 2 1 1 -2 -1 0 -1 -1 -1 1 -1 0 -2 3 1 1 0 -2 0 0 -1 1 1 2 -1 0 -1 -1 1 1 1 1 -2 -1 0 1 1 1 -2 0 0 0 0 -1 0 1 -1 0 1 0 1 0 -1 0 -2 1 0 0 0 0 0 0 1 0 0 1 0 0 -2 0 -1 1 0 -2 0 0 1 1 2 1 0 0 0 1 0 0 0 -1 1 -2 -2 -1 2 1 1 1 1 0 0 2 0 1 2 0 0 0 1 1 2 1 0 1 -1 -1 0 0 0 -1 1 -2 -2 0 0 0 24 -1 -1 -2 2 0 -1 0 0 1 0 1 0 3 1 -1 0 0 2 2 1 -1 1 1 0 0 1 -1 -1 -1 -2 -1 0 1 0 1 -1 2 0 1 1 -1 -1 1 1 2 0 -1 0 0 3 1 0 0 0 1 0 -1 2 0 0 0 -1 0 0 1 -1 0 1 0 1 -1 1 0 1 -1 -1 2 -1 0 -1 0 2 0 0 2 1 -1 -1 3 0 0 0 0 -2 0 2 1 0 2 1 0 0 0 0 1 1 1 0 2 1 0 0 1 0 0 1 -1 1 1 1 0 -1 0 -1 -1 0 -1 1 1 0 3 0 -2 2 1 0 0 -2 0 0 -2 2 0 0 0 0 -1 0 0 0 -1 0 0 0 0 0 1 -1 0 1 -1 2 -1 -1 1 1 0 0 0 0 1 1 0 0 0 0 0 -1 1 1 -1 1 0 0 0 1 2 1 -2 0 0 -1 -3 2 -1 -1 0 0 1 -3 -2 1 -1 0 -1 0 -1 0 -1 1 0 0 0 0 0 0 0 0 0 0 -1 1 0 1 1 1 0 1 -2 -1 0 -1 2 0 -1 0 -2 1 1 0 0 0 0 0 0 -1 0 0 -1 1 -1 -2 1 -1 1 0 0 0 0 -1 -1 0 2 2 1 0 -2 0 0 0 0 0 0
0 0 0 0 -1 0 0 0 0 0 0 1 0 0 0 0 0 0 0 0 0 1 1 1 0 -1 0 0 1 0 -1 0 0 0 0 0 1 0 -2 0 0 0 -1 0 0 0 0 -1 0 0 0 0 0 0 -1 0 1 0 1 0 0 0 0 1 0 1 0 1 0 0 0 0 0 0 -1 -2 -1 0 0 0 -2 1 0 -1 0 0 0 0 0 0 0 0 0 0 -1 0 0 0 -2 0 -1 0 0 0 0 0 0 0 -1 1 1 0 0 0 -1 -1 0 0 0 -1 0 -2 0 0 0 1 0 2 0 0 0 0 0 0 1 0 -1 8 0 0 0 0 1 2 0 0 0 0 0 0 0 0 0 0 0 1 0 0 0 0 0 1 2 0 0 0 0 0 0 0 0 0 0 0 0 0 0 0 -1 1 0 0 0 0 0 0 -1 1 0 0 0 0 0 0 1 0 0 0 0 0 0 0 0 2 0 0 0 0 0 0 0 0 0 0 0 0 0 1 -1 0 1 0 0 0 -1 0 0 0 0 0 -1 -1 0 1 0 0 0 1 1 0 0 1 0 -1 -1 1 0 0 0 0 0 0 -1 0 0 0 0 1 0 0 1 0 -2 0 0 0 0 0 1 0 0 0 1 0 1 0 0 1 0 1 0 0 0 0 0 -1 0 0 0 0 0 0 0 0 1 0 0 0 0 0 0 0 0 0 0 0 0 0 0 -1 0 0 0 0 0 1 1 -1 0 0 0 1 0 0 0 0 0 1 3 0 -2 0 0 -1 0 0 2 0 0 0 0 0 -1 0 0 0 -1 0 0 0 0 0 0 0 0 0 0 0 -1 0 0 0 0 0 0 1 -1 1 0 0 0 0 -1 0 0 0 1 0 0 1 0 -1 0 0 0 0 1 0 0 0 -1 0 0 0 0 0 0 0 0 0 -1 1 0 -1 1 0 0 0 0 0
1 -1 1 0 1 0 0 -2 1 1 -2 1 -3 0 0 4 0 -1 0 1 0 2 0 0 -2 2 0 -1 1 0 -1 2 0 1 -2 3 0 -1 0 0 0 0 -2 -1 0 -1 0 -2 0 0 -1 -1 1 -1 -1 1 0 2 -1 0 -1 -1 -1 -1 0 0 1 0 0 0 1 0 0 1 1 -1 2 0 0 1 2 -1 0 1 -1 0 -2 0 0 0 0 -1 1 0 0 0 0 0 0 1 1 0 0 0 0 -1 1 2 -2 0 0 -1 0 -1 2 2 2 1 0 0 0 0 0 0 0 2 0 0 0 0 0 -1 0 -2 0 1 -1 0 20 1 -1 0 0 0 0 0 0 0 0 -2 1 0 -1 0 0 1 1 -1 0 1 -2 1 0 0 -2 0 0 0 2 0 1 0 0 0 -1 0 2 1 0 0 1 -1 1 1 0 1 0 -1 0 0 2 1 -1 0 1 1 0 4 0 0 0 0 1 0 0 2 0 -2 1 0 0 -1 0 0 -1 1 0 1 -1 0 0 0 -1 -3 -1 0 0 0 1 -3 2 0 0 1 -1 -1 0 1 0 0 1 -1 2 2 -1 1 0 0 1 0 0 -1 0 0 -1 0 0 0 3 0 1 1 0 1 1 3 0 0 -1 -1 -2 1 0 0 0 0 0 1 0 1 0 0 1 0 -1 0 1 -1 -1 0 0 0 0 1 2 0 1 0 0 2 0 0 0 0 0 1 -1 -1 0 0 0 1 -1 0 0 0 0 2 1 1 0 0 1 -1 0 0 1 0 0 0 -1 -1 0 0 -2 0 0 0 0 0 0 0 0 -3 0 0 0 -1 0 0 1 -2 0 1 2 1 0 0 -1 0 0 1 0 2 0 0 0 1 0 -1 0 1 1 0 0 -1 0 0 0 1 0 -1 2 0 0 -2 1 0 0 2 0 0 -1 0 0 -1 1 2 1 2 -3 0 0 1 3 2 0 -1 1 -2
0 -1 0 0 0 -1 0 0 0 1 0 0 0 0 -1 -1 0 0 2 1 0 0 1 0 -2 0 0 0 0 2 0 0 0 -1 0 0 -1 1 0 1 2 0 -1 0 0 0 0 0 1 0 0 -2 0 0 0 0 0 -2 0 0 -1 0 0 -1 -1 0 0 0 -1 -1 -1 0 0 1 2 0 2 -1 1 -1 0 2 1 0 1 0 0 0 0 0 1 0 0 0 1 0 0 0 1 -1 -1 -2 1 0 -1 -1 0 0 0 -1 0 -1 0 -1 0 0 2 0 -1 -1 0 0 -1 0 0 -1 0 0 2 0 1 1 0 0 0 0 -2 0 1 18 -1 0 -1 0 0 -1 0 1 0 0 -2 -2 0 1 0 0 -1 0 0 0 2 0 1 -1 -1 1 1 1 0 -2 0 -1 2 0 -1 -1 1 0 -1 -2 0 -1 0 1 0 -1 1 -2 1 0 0 0 -1 1 0 -1 -2 1 0 1 0 0 0 -1 0 0 1 0 1 0 2 0 0 -2 1 2 -1 1 2 0 0 0 -1 -1 1 0 0 0 0 0 3 0 1 0 0 -1 -1 1 1 -1 1 0 -1 0 0 0 1 2 0 -1 0 0 0 0 -1 0 0 0 0 1 0 0 1 -3 1 -2 -2 2 0 0 0 0 -1 0 0 0 0 1 0 0 0 0 0 0 0 0 -1 0 -1 0 1 0 -1 0 3 0 0 1 0 1 0 1 0 0 0 -1 0 0 0 0 0 -1 -1 0 0 0 0 1 2 0 0 1 0 0 0 0 -1 0 2 0 1 0 0 -1 0 0 -1 2 1 1 0 0 1 1 1 0 0 0 1 0 0 -1 0 0 2 1 0 0 0 1 0 0 0 0 0 -3 0 0 0 0 0 1 -1 0 0 0 1 2 0 0 0 0 0 0 0 -1 -1 0 1 1 -2 0 0 0 1 0 1 0 0 1 1 0 0 -1 1 0 0 0 -1 1
-1 0 2 0 -1 1 0 1 1 2 1 1 1 1 0 -1 0 0 0 0 -1 -1 -2 1 -1 -1 0 0 0 -2 0 0 0 1 0 1 0 0 0 1 2 0 2 0 0 -2 -1 -1 -1 0 1 2 0 0 1 -1 0 1 0 2 0 -2 0 0 -3 -1 0 -1 -1 0 0 -1 1 0 -1 1 0 0 -1 0 0 1 -1 -1 1 0 0 -2 -1 1 2 1 1 1 0 0 0 0 0 1 0 0 0 1 0 2 1 0 1 0 0 0 -1 0 0 0 0 0 0 1 -1 1 -1 0 0 0 0 -3 1 0 -2 -1 1 1 -1 0 2 0 -1 -1 24 0 -1 2 0 0 1 0 -1 -1 -1 0 0 0 0 0 0 0 1 -2 -1 1 0 0 0 0 -1 1 0 0 0 0 1 1 -1 -1 0 0 -1 0 1 0 -1 0 3 -1 2 -1 0 1 2 0 0 0 0 -1 1 0 0 0 -1 2 -1 1 0 0 -1 3 0 -1 1 0 -1 0 0 0 -1 -3 0 0 -1 0 1 0 0 -2 1 1 0 0 0 -1 0 1 -1 -1 1 0 -1 -2 0 -1 0 1 1 0 -1 0 1 0 1 1 2 0 0 0 1 -1 0 0 -1 0 0 0 1 2 0 0 -1 -2 0 -1 2 1 -1 -2 0 0 -1 0 1 -1 -1 -1 2 0 0 0 -1 0 2 -2 0 0 0 -1 1 -1 0 1 1 -2 0 0 0 1 0 1 0 -1 0 -1 1 -1 -1 2 -1 -1 -1 0 0 -1 0 0 0 1 0 -1 -2 0 2 1 -2 1 0 2 0 0 2 -1 0 0 0 0 0 0 -1 0 -1 1 -1 1 2 -1 0 0 1 -1 1 -1 1 -1 0 -1 0 0 0 1 0 0 -1 0 0 0 0 -1 -1 0 0 1 0 -1 -2 -3 2 0 -1 -1 0 1 0 0 2 0 0 2 0 1 -1 -2 1 1 0 0 -1 0 0 -2 -1 -1
-1 0 -1 1 -1 0 2 0 0 0 0 0 0 -1 0 0 0 0 2 0 0 0 1 -1 0 -1 0 0 0 0 0 -1 0 -1 0 0 0 0 1 0 0 0 1 0 0 -1 0 0 -1 0 0 0 -1 0 0 1 -1 0 1 0 0 0 -1 1 -1 -1 -1 0 0 -1 1 0 -1 -1 1 0 0 0 0 0 0 0 0 0 0 0 0 0 1 0 -1 -1 0 0 1 0 -2 0 -1 0 0 0 0 0 1 0 0 0 0 0 0 0 -1 0 1 -1 -1 0 -1 1 0 1 0 0 0 0 0 0 0 0 0 0 0 0 0 0 0 0 0 0 0 13 1 0 0 -2 0 1 0 0 0 0 0 1 0 1 0 1 0 -1 -1 1 0 0 -1 1 -1 -1 0 0 -2 0 0 0 0 1 -1 0 0 0 0 0 0 0 -1 0 0 -1 0 0 0 0 0 1 0 0 -1 0 0 0 -2 0 -1 0 0 1 1 0 0 0 0 0 0 -1 0 3 0 0 0 -1 0 0 0 2 1 0 0 0 1 0 0 0 0 0 1 0 0 1 -1 -3 0 0 -1 0 0 2 0 0 0 0 1 1 0 -1 0 0 0 1 0 0 0 0 0 0 2 0 0 0 0 -1 0 0 0 0 0 0 0 0 0 0 0 1 -1 0 0 0 -2 0 0 0 1 0 0 0 0 0 -1 0 -1 1 0 1 0 -1 1 -1 0 0 -1 0 -1 1 0 1 0 0 -1 -1 2 0 1 1 0 0 -1 -1 0 -2 0 0 -1 2 1 -1 0 -2 0 0 0 0 0 1 1 0 1 0 0 -2 0 0 0 -1 0 0 0 0 -1 1 -1 0 0 0 0 0 0 1 0 0 0 0 0 0 -1 0 0 0 0 0 0 -1 0 0 0 -2 0 0 0 0 -1 0 0 0 0 -1 -1 0 1 0 -1 0 0 0 -1 0 1 0 1 0 0 1
1 0 1 0 0 1 1 -1 0 -1 -1 0 0 1 1 0 0 0 0 0 0 0 0 0 0 -1 0 0 0 -1 0 -1 0 0 0 1 0 0 0 -1 0 0 1 0 0 0 -1 0 -1 0 0 0 0 0 0 0 0 0 1 0 0 0 0 0 0 0 1 -1 1 0 1 1 0 1 0 -1 0 0 0 1 0 0 0 0 0 0 1 -1 0 -1 0 0 -1 -1 0 0 1 0 -1 1 0 0 0 2 1 0 0 1 0 0 0 0 0 0 0 0 2 0 -1 0 0 1 -1 -1 -1 0 0 0 1 1 2 0 -1 1 0 1 -1 1 0 -1 -1 1 16 0 0 1 0 1 0 0 0 0 1 0 0 0 0 0 0 0 1 1 0 0 1 0 -2 0 0 0 1 0 0 0 -1 2 0 0 0 4 0 0 -1 0 0 1 -2 0 -1 -1 0 0 -1 0 0 1 0 0 -1 -1 1 -2 0 0 0 0 1 -1 0 2 0 0 -1 1 0 0 0 0 0 0 -1 1 0 1 1 1 0 0 -1 0 -1 0 0 0 1 -2 0 0 -1 0 -1 0 -1 0 -1 0 0 0 0 0 0 1 2 2 0 0 0 0 1 1 0 0 -1 0 1 0 -1 0 0 -1 0 -1 -1 0 1 0 1 -1 0 0 -2 1 2 0 0 -1 0 0 0 0 2 0 0 -1 -1 -1 -1 0 0 0 1 0 0 -2 0 -1 0 1 1 -1 1 1 0 0 1 1 0 0 0 -1 0 0 0 0 0 0 0 -1 0 0 0 -1 -1 0 1 -1 3 0 0 0 0 1 0 -1 0 0 -1 1 0 0 1 0 -1 0 0 -1 0 -1 1 0 -1 -1 -1 -1 1 -1 1 0 1 1 0 -1 0 -2 0 -1 -1 0 0 0 0 0 0 1 0 1 0 0 -1 -1 1 1 3 -1 -1 -1 0 0 -1 0 -1 0 1 0 -1 0 -1 1 0 2
-1 1 1 0 0 0 0 1 -1 0 0 0 0 0 0 1 -1 0 0 0 0 -1 -1 0 2 0 0 0 1 0 0 0 -1 1 -1 -1 1 0 0 0 -1 1 2 1 -2 0 1 0 -1 0 0 0 0 1 -2 0 0 0 0 1 0 1 0 0 1 -1 0 -1 1 1 1 0 1 0 -1 -1 0 1 0 0 0 0 1 0 1 1 0 1 0 0 0 1 -1 0 0 1 0 0 -3 1 1 0 1 0 -1 1 1 1 -2 0 0 4 1 0 1 0 1 0 0 0 -1 -1 2 1 0 0 1 0 1 0 0 1 1 0 0 -1 0 2 0 0 2 0 0 20 -1 -1 2 1 0 0 1 0 1 2 1 -1 -1 2 0 0 0 1 1 0 0 0 0 0 0 2 -1 0 -1 1 0 0 0 0 -1 0 0 0 0 0 0 0 0 0 0 1 0 0 -1 0 -1 1 0 0 0 0 -1 0 1 -1 -2 -1 1 0 0 0 1 0 0 -2 -1 -1 0 1 0 0 0 0 -1 0 0 1 0 0 0 1 0 0 1 0 -1 -1 0 -1 0 -1 0 0 0 1 -1 0 1 2 1 0 2 4 -1 0 0 1 1 0 1 0 0 0 0 1 0 2 1 1 -1 1 -2 0 0 0 1 1 -1 1 -1 1 0 0 1 0 -1 1 1 -2 0 0 2 0 -1 0 0 0 -1 0 1 0 0 0 -1 0 0 1 -1 0 0 1 3 -1 0 1 0 1 -1 -1 0 1 0 -1 0 0 -1 -2 2 -1 0 0 1 -1 1 0 0 1 -1 -1 0 -1 1 -1 -1 0 0 -1 -1 0 0 -1 0 1 0 0 0 0 2 0 -1 1 0 0 0 0 -1 1 0 1 -1 0 1 0 -1 0 -1 0 -2 0 -1 0 0 1 0 0 1 1 0 1 1 -1 -1 0 0 0 -1 0 0 0 0 0 0 2 0 0 0 0 0 0 -2 -1
0 0 0 0 0 0 0 0 0 0 0 0 1 0 0 0 0 0 0 0 0 -1 0 0 0 0 0 0 0 0 -1 0 2 0 0 0 0 0 0 0 0 0 2 0 -1 0 0 0 -1 0 0 0 1 0 1 0 0 0 1 0 0 0 1 0 0 1 0 0 0 0 0 0 0 0 0 0 0 0 0 0 0 0 1 0 0 0 0 0 0 1 0 0 0 1 0 0 0 0 -1 -1 -1 0 1 0 1 0 -1 0 1 0 0 0 0 -1 0 0 0 0 0 0 0 0 0 0 0 0 0 0 -1 0 0 0 -1 0 0 0 0 0 0 0 0 0 0 -1 5 0 0 0 0 0 0 0 0 1 0 0 0 -1 0 -1 0 0 0 0 0 0 0 0 0 0 0 0 1 0 0 0 0 0 0 0 1 0 0 0 0 1 0 -2 0 0 0 0 0 0 1 -1 0 0 0 0 0 0 0 0 0 0 0 0 0 1 0 0 1 0 0 0 0 0 0 0 0 0 0 0 0 0 0 0 0 0 0 0 -1 0 0 0 0 -1 0 0 0 0 0 -1 1 0 0 -1 0 -1 0 1 0 0 0 0 0 0 0 0 1 0 0 1 0 -1 0 0 0 0 0 0 0 0 -1 -1 0 0 0 0 0 -1 0 0 0 0 0 0 0 0 0 0 0 0 0 1 0 0 -1 0 0 0 0 -1 0 0 0 0 1 0 0 0 1 0 0 2 0 -1 -1 0 -1 -1 0 0 0 0 1 0 0 1 0 1 0 1 0 0 0 0 0 0 -1 0 0 0 0 0 0 0 0 0 0 0 0 -1 0 0 0 0 0 0 0 0 0 0 -1 0 0 0 0 0 0 0 0 0 1 0 0 0 0 0 0 0 0 0 0 0 0 0 1 0 0 0 0 0 0 0 0 0 0 0 0 -1 -1 1 0 0 0 0 0 0
0 1 1 0 0 0 0 0 0 -1 0 0 0 -1 1 1 1 -1 0 -1 0 1 -2 1 0 0 0 0 0 0 0 0 0 1 1 0 0 0 1 -1 -1 2 -1 0 0 0 0 -1 1 1 1 0 1 0 0 1 0 1 1 0 0 0 -1 1 -1 1 0 -1 -1 1 -1 0 0 0 -2 0 -1 1 0 0 -2 -1 -1 0 0 0 1 -1 2 0 0 -1 0 0 1 0 0 0 0 0 0 -1 -1 -1 1 0 0 0 0 0 1 1 0 -1 0 -1 -2 0 2 0 1 0 1 0 -1 1 0 1 0 0 -1 -2 1 0 -1 2 1 0 0 -1 0 -2 1 -1 0 13 0 0 0 0 0 0 1 0 -2 1 3 0 0 0 0 1 0 -1 0 1 0 0 1 0 0 0 0 -1 -1 0 0 0 0 0 1 0 0 0 1 1 0 -2 0 1 0 1 0 -1 0 1 0 -1 0 -1 0 0 -2 0 0 0 -1 0 1 0 0 -2 0 1 0 0 0 -1 0 1 -1 0 1 0 0 0 -1 0 0 0 0 0 0 0 0 0 0 0 1 0 0 0 -1 0 0 0 0 1 1 1 0 -1 0 1 1 1 1 0 -1 -1 0 0 0 0 0 0 -2 1 0 0 0 1 1 0 0 -1 1 -1 0 0 0 1 0 2 1 0 -1 0 0 -1 0 0 0 0 -1 1 -1 0 1 -1 0 -1 -1 -1 0 0 0 2 1 -1 1 1 0 -1 -1 1 0 0 2 0 0 1 0 0 1 0 -1 0 -1 0 1 1 0 0 0 0 0 -1 0 0 0 0 -1 2 0 1 0 1 0 1 0 1 0 0 0 0 -1 0 2 0 1 0 0 1 0 -1 1 0 1 -1 -1 0 0 -1 0 0 0 -1 0 0 0 0 0 1 0 -1 0 -1 0 0 0 0 1 0 0 0 0 0 -1 -1 1 0 0 -1 1 0 0 -1 0 0
0 -1 -2 0 -1 1 0 1 0 -2 0 0 0 1 1 0 0 0 0 -2 -1 -1 -1 0 1 1 0 0 0 0 -1 0 0 0 0 0 -1 0 1 -1 1 0 0 1 -1 0 0 0 1 0 0 1 1 0 0 0 -1 0 -1 0 -1 0 0 -1 0 3 1 0 0 1 0 1 0 -1 -1 -1 0 0 0 0 0 -1 0 0 0 1 0 -2 0 2 2 0 0 -2 1 1 0 2 1 1 1 -2 0 0 0 -1 -1 1 0 0 0 1 0 0 0 0 0 -1 1 1 1 1 0 0 0 0 1 0 0 0 1 0 0 0 -1 0 0 0 0 0 1 0 0 2 0 0 17 0 1 1 0 0 2 0 -1 0 0 0 1 1 0 0 3 -1 -1 1 -1 0 0 -1 1 1 1 0 0 1 0 1 -2 1 -1 1 -1 0 0 1 -2 0 0 -1 1 1 -1 0 0 -1 0 0 -1 1 0 2 0 1 -2 0 0 0 0 0 0 1 -1 0 1 0 -1 0 0 0 1 0 0 0 -3 2 0 0 0 2 -1 1 -1 0 1 0 0 0 0 -2 2 0 1 0 1 1 0 0 0 1 0 -1 -1 0 0 0 1 -1 -2 -1 0 1 0 1 1 0 -1 0 -1 -2 -1 0 1 0 0 1 0 0 3 0 0 1 0 0 0 -1 -1 0 -1 0 0 0 0 0 -1 0 -1 0 -1 0 0 -1 1 0 -1 0 0 -1 0 -1 -2 -1 0 0 0 0 0 0 1 0 -1 0 -1 0 0 0 0 -1 0 2 0 1 0 3 0 0 -1 0 0 -1 0 1 0 -1 0 0 -1 -1 0 1 0 0 1 0 1 -1 -1 0 0 0 0 0 0 -1 0 1 0 0 0 0 0 -1 0 0 1 1 -1 1 2 0 0 0 0 0 1 0 -1 -1 0 0 -2 -1 -1 0 1 0 -2 1 2 -1 1 0 1 0 -1 -1 0 0 -2 0
-1 1 1 0 0 0 0 1 0 0 1 -1 -1 0 -1 1 0 2 0 1 0 -1 1 0 3 0 0 0 0 0 0 2 0 -1 1 0 1 2 -1 0 0 0 0 0 0 0 -1 1 1 1 0 -1 -1 0 -1 0 -1 0 -1 0 1 1 0 2 -1 1 1 0 1 0 0 -2 1 1 1 0 -2 1 0 0 1 -1 0 0 0 1 0 1 1 0 -1 2 -2 -3 0 -1 0 0 -1 0 0 0 0 -1 0 1 -1 -1 1 0 -1 1 0 -1 2 -1 2 -1 1 0 2 1 0 1 0 -1 0 0 1 0 -1 1 0 1 0 -1 1 0 0 1 0 1 1 1 0 0 0 20 1 1 0 0 0 1 0 1 0 1 -1 0 0 0 -1 2 1 1 1 1 0 0 0 1 1 0 2 -1 1 0 0 2 0 0 0 0 0 -1 0 1 1 0 1 0 0 -1 1 1 1 0 -2 0 0 -1 2 -2 0 0 2 0 0 2 0 0 1 0 0 0 0 0 0 2 -1 0 1 1 0 -1 1 0 0 0 1 1 0 0 0 -1 -1 1 1 -1 0 1 -1 -2 0 -1 0 1 1 -1 1 2 0 2 0 -1 1 0 1 0 0 -1 0 1 1 0 0 2 0 2 4 1 0 0 0 0 -2 0 1 -1 0 0 -1 1 1 -1 1 1 0 0 0 1 0 1 0 1 1 -1 1 1 0 1 0 -3 0 0 -2 0 0 0 0 0 0 0 1 0 0 0 2 0 1 0 -1 -1 2 -1 1 2 0 0 1 -1 0 1 0 0 0 1 0 1 1 1 -1 0 2 2 1 0 0 -1 0 0 1 0 -1 1 -1 2 0 -1 1 -2 1 -2 1 0 0 0 0 1 0 -1 -2 0 -1 2 0 -1 0 0 1 0 1 1 0 -1 0 0 0 0 0 -1 1 -1 0 0 1 1 1 -1 1 1 1 1 0 0 1 0 1 0
-1 1 0 0 0 0 0 1 1 2 -1 1 0 0 0 0 1 0 0 0 -1 0 1 0 1 -1 0 0 0 0 0 -1 0 0 0 0 0 1 -1 -1 -1 0 0 0 0 1 2 0 2 0 1 0 0 0 1 0 0 1 1 -1 -1 0 -1 2 -2 1 -1 -1 0 -1 1 0 0 0 0 0 0 -1 0 -1 0 0 -1 -2 0 -1 0 2 0 1 -2 0 0 -1 0 1 -2 0 0 0 0 0 0 -1 0 2 0 2 -1 0 1 0 0 1 1 1 1 -2 1 0 0 0 0 1 1 1 1 1 -2 2 1 0 0 0 1 0 0 0 0 0 -1 0 0 0 0 0 1 1 15 0 1 0 0 0 0 0 0 0 0 0 0 0 -1 0 0 0 0 0 0 1 1 0 -1 0 1 0 1 -1 -1 1 1 1 -1 0 0 1 0 0 0 0 0 -2 -2 0 -1 0 0 0 -1 -1 0 1 0 0 0 -1 -1 0 1 0 0 1 0 0 0 -1 0 1 -1 2 0 0 1 0 -1 0 0 0 0 0 -1 0 -1 -2 1 1 0 0 -1 -1 0 -1 0 0 3 1 0 0 1 0 1 0 0 0 0 0 0 0 1 0 0 1 -1 0 0 1 1 0 0 -1 0 -1 1 0 -1 1 1 0 0 0 1 1 0 1 -1 0 0 1 1 0 0 0 0 0 0 -2 0 0 0 -2 1 0 -1 0 2 0 1 -1 1 2 -1 -1 0 1 1 -1 0 0 1 0 0 -1 0 0 1 0 0 2 -1 0 1 1 0 3 -1 0 0 0 1 -1 1 0 1 2 1 -1 0 0 1 0 0 0 0 0 0 0 1 0 1 0 0 -1 -3 0 -1 0 0 0 0 0 0 0 1 0 0 0 1 0 0 0 1 -1 1 2 0 -1 0 0 0 1 0 0 0 0 1 -2 0 0 0 0 0 -1 0 1 0 -1 1 0 -1 0
-1 -1 -1 0 0 -1 -1 0 -1 0 3 0 0 0 0 -2 0 -1 -1 0 0 0 0 0 1 0 0 1 1 0 0 -1 1 -1 1 0 -3 0 0 1 0 -1 0 1 0 1 0 0 0 0 -2 -1 0 -1 0 -1 2 -1 1 1 1 0 0 0 -1 0 -1 1 1 0 1 -2 1 0 -1 0 -1 0 2 0 -1 0 0 1 0 -1 -1 0 0 0 -1 0 -2 -1 0 0 0 0 0 0 0 1 0 0 0 0 0 0 0 0 0 -1 -1 0 1 0 -1 0 0 0 0 0 1 0 -1 0 0 1 -1 -1 1 1 1 0 -1 -1 3 0 -2 0 -1 0 0 0 0 0 1 1 0 16 0 0 0 0 0 -1 3 0 0 0 2 -1 0 0 1 0 1 0 0 1 1 0 1 0 0 0 0 0 -1 0 1 0 1 1 0 -1 0 0 0 0 -1 0 1 0 0 1 -2 -1 -3 1 1 0 0 -1 1 -1 -2 0 0 0 0 1 1 0 0 2 1 1 1 1 -1 1 1 -1 -2 0 1 0 0 0 0 1 0 0 0 3 0 0 1 0 1 -1 -1 1 -1 -1 1 0 0 0 -1 0 0 3 0 -1 -1 -1 -1 -2 -1 0 1 0 1 0 0 0 -1 -1 2 -1 1 0 0 0 2 -1 2 -3 -1 -1 0 -1 0 -1 0 1 1 -1 1 0 0 0 3 2 0 0 0 1 -1 1 -1 -1 0 0 0 1 1 0 0 0 0 -1 0 0 0 -1 -1 0 1 0 -1 0 0 0 0 0 0 1 -1 -1 2 1 1 -1 -1 -1 0 1 0 1 0 1 0 0 2 -1 0 -1 0 -1 0 0 0 1 -1 -2 2 2 0 -1 0 -1 0 -2 0 0 0 2 0 0 0 0 0 2 0 1 0 0 0 0 -1 0 -1 0 0 -1 -1 0 0 1 0 -1 0 1 1 1 0 0 2 0 2 2 1 -1 1 1 -1 0
-1 0 1 1 1 -1 0 2 -2 0 0 -1 1 0 0 0 0 0 0 0 0 0 -1 0 2 0 0 0 -1 0 1 0 0 0 2 2 -1 0 -1 1 -1 -1 1 0 1 0 -1 1 0 1 0 -1 0 1 1 0 1 1 0 0 -2 0 0 0 2 0 0 0 0 0 1 1 0 0 0 0 -1 0 0 0 0 -1 1 2 -1 -1 0 0 0 0 -1 0 1 1 0 0 -1 0 0 1 2 0 -2 0 2 1 1 0 -1 0 2 2 -1 0 0 1 2 0 0 0 0 0 0 -1 0 -1 0 2 0 -1 0 1 0 0 0 1 1 0 1 -2 -1 0 0 1 0 0 0 0 1 0 19 2 1 0 2 0 0 0 1 0 1 -1 -1 1 1 1 1 0 -1 -1 0 0 1 2 0 0 1 -1 -1 0 1 0 1 0 0 0 -2 -1 1 0 0 0 0 -1 0 2 -1 -1 -1 -2 1 2 -1 0 0 1 1 -1 0 0 1 0 0 0 1 -2 0 -1 0 0 1 0 -1 0 0 0 1 0 0 0 0 0 0 -1 0 0 2 1 -1 0 1 -1 1 1 -1 0 0 0 1 0 0 0 0 -1 -1 0 3 0 0 0 -1 1 1 -1 -1 0 0 0 -1 -1 -1 0 0 -1 0 0 0 0 0 0 1 2 0 1 2 -1 2 0 1 0 0 0 0 0 0 -1 -1 0 1 1 1 -1 0 -2 -1 0 1 -1 1 0 0 0 -1 1 0 1 -1 0 1 0 -1 0 1 0 0 -2 1 2 -1 0 1 2 0 -1 0 0 0 1 0 4 1 0 -1 0 1 2 2 0 1 -1 0 0 2 0 0 0 0 2 0 -1 -1 1 1 1 0 0 0 0 -1 -1 0 1 1 0 1 0 -1 0 0 0 1 0 1 0 0 -1 -1 1 0 0 -2 -1 0 1 0 0 0 0 1 2 1 -1 -1 -1 0 -1 0 1 0 -2
0 0 0 0 -1 -1 0 1 0 0 1 -1 0 1 0 0 0 0 0 1 0 0 0 0 0 -2 0 0 0 0 -1 1 0 0 -1 0 2 -1 1 1 0 0 1 1 0 0 0 0 0 0 1 0 0 0 1 0 0 0 1 0 -1 0 1 0 0 0 0 0 3 0 0 0 1 1 -1 0 -2 2 -1 0 -1 0 -2 1 0 0 -1 1 1 0 0 0 0 0 1 0 1 -1 0 1 -2 0 0 0 0 0 0 0 -2 0 0 0 0 0 0 0 0 0 0 -1 0 0 0 -1 0 1 0 1 0 -1 0 0 1 0 0 0 -1 0 0 -2 0 0 0 0 0 0 0 0 0 0 2 13 0 0 0 0 0 0 1 0 0 1 -2 0 1 1 1 1 -1 0 -1 2 2 -1 -1 0 0 0 0 2 0 2 0 0 0 0 -1 0 1 1 0 -1 0 -1 -1 -1 0 0 0 0 0 0 0 3 0 0 0 0 0 1 0 0 0 1 -1 1 0 -1 1 0 1 0 0 2 0 0 0 0 1 0 0 0 -2 0 0 0 0 1 0 0 0 0 0 0 0 0 0 0 1 0 0 0 0 -1 0 1 0 0 0 0 0 0 -2 1 0 0 0 -2 0 0 0 1 0 1 0 0 0 0 0 0 0 1 -1 1 0 0 -2 0 2 0 0 0 -1 0 0 -1 0 0 0 0 1 0 0 0 -1 0 1 1 2 1 0 0 -1 0 0 0 0 0 1 0 0 -2 1 0 0 0 0 0 0 0 0 0 -1 0 0 -1 0 0 0 0 0 0 0 0 -1 0 0 0 -2 0 -1 0 0 0 0 0 1 -1 0 1 0 1 0 0 0 0 0 0 0 -1 1 -3 0 0 0 0 0 -1 0 0 1 1 0 -1 0 1 0 0 -1 -1 0 0 0 0 0 0 0 0 1 0 0 -1 0 0 0 0 0 0 0 -2
0 0 2 -1 0 1 1 1 0 0 0 -1 0 1 1 0 1 1 0 -1 0 0 -1 0 4 1 -2 1 0 -1 -1 0 0 1 1 0 0 1 0 0 0 0 0 1 -1 1 0 -1 1 0 1 0 0 1 0 1 -1 -1 -1 -1 -1 0 0 0 1 -2 1 -1 0 0 0 1 0 0 -1 0 0 0 -1 0 0 0 2 0 1 1 2 -1 0 0 0 2 0 0 0 0 0 -1 0 0 0 0 2 0 1 1 2 0 0 0 -1 1 -1 0 1 0 1 0 2 0 1 0 0 0 0 1 0 1 1 1 1 0 0 1 0 -1 0 0 -1 0 0 0 1 1 0 1 2 0 0 0 1 0 13 -1 1 0 2 0 0 1 1 1 -1 0 1 0 0 0 1 0 1 0 0 1 1 0 1 1 0 2 0 0 0 0 0 0 -1 0 -1 -1 0 -1 -1 0 2 -1 0 -1 1 0 3 0 0 0 -2 0 0 0 0 1 1 -1 0 0 0 1 0 2 0 2 1 0 0 1 1 1 0 0 -1 0 0 0 0 -1 0 -1 0 0 0 0 0 0 2 0 -1 0 0 1 0 -1 1 1 0 0 0 0 1 0 -2 0 0 1 -2 0 -1 0 1 0 0 0 1 0 1 0 2 0 0 0 0 0 -1 0 0 0 0 1 0 1 0 0 1 0 0 0 0 0 0 0 0 -1 0 0 0 0 0 -1 0 1 -2 0 1 1 1 0 0 0 0 0 1 1 -2 1 0 0 0 0 0 0 0 0 0 1 0 0 0 -1 0 0 0 3 -1 -2 0 1 0 -1 -1 0 1 1 1 1 0 0 0 0 0 1 0 0 1 -1 0 0 0 0 -1 1 1 0 0 0 -1 0 0 1 2 0 0 -1 0 0 0 0 -1 0 -1 1 0 0 1 -1 1 0 1 0 0 0 0 0 0 0 0 0 1 -1 0 0 0 0
-1 1 0 0 0 0 0 -1 1 0 -1 -1 0 -1 0 0 0 0 1 0 0 1 0 0 -1 0 0 1 0 1 2 0 1 -1 0 -2 0 -1 0 -1 0 0 0 -1 0 3 1 1 0 0 1 1 0 0 0 2 1 -1 2 1 0 -2 1 1 -1 1 1 0 0 1 1 -1 1 0 0 0 -1 0 1 0 2 0 0 0 0 1 -1 0 0 1 -1 -1 -1 0 0 0 0 0 -3 0 -1 0 0 -1 0 0 0 -1 0 0 1 1 0 0 1 0 0 0 0 1 -1 0 0 0 0 0 1 0 0 1 -1 0 0 -1 -2 0 0 0 0 1 0 1 0 2 1 0 0 1 0 0 0 0 -1 16 0 0 0 0 0 -1 1 -1 2 -1 1 0 1 0 0 0 -2 0 0 0 0 1 0 1 0 0 1 0 0 1 0 1 1 -1 0 2 1 0 0 0 0 3 0 0 0 0 0 0 0 0 -1 0 1 -1 0 0 0 0 0 0 0 1 0 1 0 0 0 1 1 1 1 0 0 2 0 0 0 1 1 0 0 -1 1 -1 1 -1 0 0 0 1 1 2 2 1 0 0 -1 -1 -1 0 0 0 0 2 -1 1 1 0 0 1 0 0 0 1 0 0 -1 0 1 0 0 0 0 1 0 0 1 1 1 0 2 0 0 0 1 0 1 2 0 0 3 0 0 0 2 0 0 0 0 -1 1 0 1 0 1 0 1 1 -1 0 1 1 0 0 -2 -1 0 0 2 1 0 0 1 0 0 0 2 0 1 -1 0 1 0 0 0 2 0 0 0 -1 2 -1 0 0 -1 0 0 1 0 0 0 0 0 1 1 0 0 0 0 0 2 2 1 0 0 -1 1 0 1 1 0 0 -1 0 0 0 0 0 2 0 0 0 0 0 0 0 0 1 0 0 1 0 1 0 0 0 -1 1 1 0 0 0 0 0 1 0
0 1 1 0 0 1 1 0 0 0 0 0 1 0 0 0 -1 2 -1 -4 0 -1 0 1 -2 3 -2 0 0 -1 -1 0 -1 0 0 2 -1 0 0 -1 1 -1 2 -1 1 0 -1 0 0 1 2 -1 0 0 0 -1 0 0 0 0 0 -1 1 0 0 -1 0 0 1 -1 0 0 0 0 1 0 0 0 0 0 0 1 0 1 0 1 0 1 0 0 0 2 0 0 -1 0 0 -1 2 0 0 0 -2 1 0 0 1 1 -1 0 -3 0 0 0 0 -1 1 0 0 0 0 0 0 0 -1 0 1 1 0 -1 0 4 -1 0 1 0 2 0 0 0 0 0 0 1 0 -2 -1 0 0 0 2 0 1 0 18 1 0 -1 0 0 1 0 1 1 -1 0 2 -1 0 0 0 1 0 0 0 2 -1 0 0 2 1 -1 1 0 1 -1 0 1 -1 0 0 -1 0 0 1 0 1 0 -1 1 0 0 2 0 0 -2 1 0 0 0 0 0 0 0 1 0 0 1 0 0 0 1 -1 0 1 0 0 -1 -1 -1 0 0 2 0 0 1 0 0 -2 1 0 1 1 1 0 0 0 1 1 -1 0 1 0 0 1 2 0 0 0 1 0 1 1 -1 0 1 2 1 -3 0 1 0 -2 0 1 0 0 1 -2 0 0 1 0 0 0 0 2 0 0 -1 0 0 1 1 0 -1 0 0 1 0 0 1 1 1 0 0 1 3 -1 0 1 1 1 1 -1 -1 0 0 0 2 1 -2 1 0 0 -1 3 1 0 1 2 0 1 -2 0 0 -1 0 -1 2 0 -1 -1 0 0 0 0 0 0 -1 0 1 1 0 0 0 -1 1 -1 0 2 0 2 -1 0 0 1 0 -1 0 0 1 0 0 0 1 0 0 -1 2 0 0 0 -1 0 -2 0 1 0 -1 -1 3 -1 0 0 0 0 -1 0 0 1 0 0 0 1 0 1 0 0 0
-2 0 0 -1 0 0 0 -1 0 0 0 0 0 1 0 0 -1 0 1 -1 0 0 0 0 0 0 0 0 0 0 1 1 -1 0 0 0 0 -1 0 0 1 2 1 -1 1 0 0 0 0 0 0 -1 0 0 1 0 -1 1 0 1 0 -1 0 0 0 1 1 1 -1 0 0 0 1 0 0 0 0 1 0 0 -2 0 0 3 0 0 0 -1 0 0 0 0 1 0 0 0 0 0 0 1 0 0 0 0 1 0 0 0 0 0 0 1 0 0 0 -1 1 0 0 -1 0 0 -1 -2 0 0 0 0 0 0 1 -1 -1 0 1 1 2 1 1 0 0 1 0 -1 0 1 0 1 0 -1 0 0 0 0 1 13 1 0 0 1 0 1 0 1 0 -1 0 0 1 1 0 -1 0 1 0 1 2 0 0 0 0 0 1 0 0 1 0 2 1 0 0 0 1 1 0 0 0 0 -1 0 0 0 0 -2 0 0 1 0 0 0 0 -1 0 0 0 0 0 0 0 0 0 1 0 1 0 0 0 0 0 0 1 0 0 0 0 0 0 2 0 0 0 1 0 -1 -2 2 0 0 0 0 2 0 0 0 2 3 0 1 0 1 0 0 0 0 2 1 -1 0 0 0 1 1 2 0 0 1 0 0 0 0 -1 1 0 1 0 2 0 2 0 0 -2 0 0 1 0 -1 1 0 -1 0 0 0 1 0 0 3 0 0 1 -1 0 0 0 -1 -1 1 0 1 1 1 0 0 1 0 0 -1 -1 -1 2 0 1 0 -1 0 0 -1 -1 -1 0 0 0 0 1 0 1 0 0 0 0 0 1 -1 0 0 1 0 0 1 -2 1 2 -1 -1 0 -1 0 0 1 0 0 0 1 -1 -1 0 0 -1 1 1 1 1 0 0 1 0 -1 0 1 0 0 0 1 0 0 1 -1 1 0 0 0 -1 1 0 -1 0 1 0 -1 0 0
-1 0 1 0 0 0 0 1 0 0 1 0 1 0 0 1 2 -1 -1 -1 0 0 -1 0 1 0 0 0 1 0 0 -1 0 1 -1 1 -2 0 0 1 1 0 -1 1 0 0 -1 0 1 0 0 0 0 0 0 0 0 2 0 0 1 0 0 2 0 0 0 0 0 -1 2 1 0 1 0 0 -1 1 -1 0 -2 0 0 -1 1 1 0 1 0 0 1 0 1 0 0 0 0 1 1 0 1 0 1 1 0 0 0 1 0 0 -1 -2 -1 -1 1 0 0 0 0 0 1 0 0 -1 0 0 0 1 2 0 1 -1 1 0 0 1 1 0 1 -1 0 0 0 -1 0 3 0 0 0 3 0 0 2 0 0 1 18 0 0 0 0 1 0 1 0 0 0 0 1 0 3 0 0 1 0 0 1 0 1 0 0 0 0 2 0 2 0 -1 2 0 1 1 2 1 1 0 -2 0 0 0 1 0 1 0 2 0 0 0 0 0 1 -1 0 0 0 2 0 1 0 1 1 0 1 0 -3 0 0 1 1 0 0 0 -1 0 -1 1 0 1 1 0 1 0 0 1 0 0 0 0 1 1 0 0 0 0 0 0 0 0 -3 0 0 0 1 1 1 0 1 0 1 0 0 1 1 0 -1 0 0 -1 0 0 1 0 0 0 2 0 1 0 0 -1 0 0 1 0 0 1 -1 0 0 1 0 0 0 0 0 0 1 1 -1 -1 1 0 0 -1 -1 1 1 0 1 0 2 2 0 0 0 2 0 -1 0 0 1 0 0 1 0 -1 0 -1 0 2 0 0 0 1 0 0 0 1 0 -1 0 0 0 0 0 2 1 0 1 2 1 0 0 1 1 1 1 1 0 -1 0 0 0 -2 0 0 1 0 1 0 0 0 1 0 -1 0 0 0 0 0 0 0 1 1 1 -1 0 0 0 0 -2 -1 1 0 3 0 -1 -1 1 0
0 0 -1 0 1 0 1 2 1 0 1 0 0 0 1 0 1 -1 1 0 -1 3 0 0 0 1 1 0 -1 0 1 2 0 0 0 0 2 0 0 0 0 0 0 -1 0 0 1 -1 -1 1 -1 0 0 0 0 1 -1 -1 1 1 -1 0 0 0 1 0 0 -1 0 1 1 0 1 0 0 -1 1 0 0 0 1 0 0 0 0 0 0 0 0 0 0 -1 -2 -1 0 0 1 1 -1 0 0 1 1 -1 0 0 0 0 0 1 1 0 0 0 1 0 0 0 0 0 0 0 0 0 1 0 0 0 1 0 -1 0 1 1 0 1 -1 0 -1 0 0 1 0 2 -1 0 0 1 0 0 0 0 0 0 -1 0 0 16 0 -1 0 0 0 0 0 0 0 0 1 2 1 0 -1 1 0 0 -1 1 -1 -1 1 0 0 0 0 0 0 0 1 0 1 1 1 0 1 1 0 -1 0 2 -1 -1 2 0 0 1 1 1 1 0 0 0 -1 0 0 0 0 0 0 0 0 -1 0 1 0 0 0 0 1 1 0 1 0 1 0 0 0 0 1 1 0 0 0 2 0 0 0 3 0 0 0 2 0 1 0 0 0 0 -1 0 0 -1 0 -1 0 1 1 0 2 -1 0 2 1 1 0 1 1 0 0 2 0 1 0 1 1 1 2 2 0 0 1 0 0 1 -2 2 0 0 0 0 0 0 0 -1 0 0 -1 0 0 0 4 1 0 0 -1 2 0 1 1 0 0 2 1 0 0 1 0 0 0 -1 1 0 -2 1 1 0 0 -2 0 2 0 0 1 0 0 2 0 0 0 -1 0 -1 -1 0 -1 0 2 2 0 1 -3 0 1 0 2 0 0 -1 0 -1 -1 -1 -1 0 1 1 1 0 -2 0 0 0 2 1 0 0 -1 0 0 0 0 0 -1 0 0 0 -1 0 0 0 0 0 1 1 0 0 0 0 0 -1
0 1 -1 -1 0 -1 1 2 0 0 0 0 1 2 0 -1 1 0 0 1 0 0 0 -1 0 1 1 1 1 1 -1 1 0 1 0 -1 0 -1 1 -1 -1 0 1 0 -1 1 1 0 1 -1 0 0 1 0 1 0 0 0 0 1 0 0 -1 1 1 -1 -1 -1 0 0 0 0 1 -1 -1 0 -2 0 -1 0 -1 0 1 1 0 0 0 -1 2 1 2 0 0 1 1 0 0 0 0 -2 1 -1 1 0 0 -1 0 1 -1 0 0 0 0 0 -1 0 1 -1 1 -2 -1 -1 0 0 0 1 0 0 0 0 0 0 0 0 0 1 1 0 0 0 1 0 0 0 0 0 1 -1 0 0 1 1 0 0 0 0 0 0 17 0 1 -1 1 0 1 1 0 0 0 1 0 0 1 0 1 -1 0 0 -2 0 0 0 0 0 0 0 -1 0 1 0 0 0 0 2 1 -1 1 0 2 0 0 0 -2 1 -1 0 -1 1 1 1 -1 1 0 0 0 0 -1 -1 0 1 1 0 0 0 0 2 1 0 0 0 0 0 -1 0 0 0 0 0 0 0 0 0 1 0 2 0 1 1 -1 0 0 0 0 -1 -1 -2 1 0 -2 0 0 0 0 0 1 0 -2 1 -1 1 -1 0 0 0 -1 1 1 0 2 0 1 0 0 1 0 0 -1 1 1 1 1 0 -1 2 0 0 0 0 0 0 0 2 0 -1 1 0 0 -1 1 0 0 -1 -1 0 -1 0 1 0 1 -1 -1 0 0 0 1 1 0 0 0 -1 0 -1 -1 0 0 0 0 0 2 0 -1 0 1 -2 0 0 1 1 0 0 0 0 0 -1 1 -1 -1 0 1 0 0 -1 0 0 0 0 -1 0 -1 1 -1 0 -1 0 1 0 -1 0 -1 1 0 1 0 0 0 1 -1 0 1 1 0 0 -1 1 -1 0 1 0 -1 0 0 -2 0 0 1 0 1 0 0 2
0 0 -2 0 0 0 0 0 0 0 0 0 -1 0 1 0 -1 -1 -1 -1 0 -2 -1 -3 -1 0 0 -1 1 -1 -1 0 1 -1 -1 -1 -1 0 0 1 1 0 1 1 0 0 0 -1 0 0 -1 -1 -1 0 0 0 0 0 0 1 0 -1 1 0 0 -1 -1 1 0 0 0 -1 0 0 0 0 0 0 -1 0 0 1 -1 1 0 0 -1 -1 0 -1 1 0 0 0 2 0 1 0 0 1 -1 -3 -1 0 1 0 0 0 -1 -1 0 0 -1 0 0 0 -1 0 0 1 0 1 0 0 1 -1 1 1 -1 0 -1 -1 -2 -1 1 0 1 0 1 0 -2 -1 0 0 -1 0 1 0 0 0 0 0 1 -1 0 1 0 -1 0 18 0 -2 2 -1 0 0 0 0 0 1 1 -1 -1 -2 0 1 0 0 1 -2 0 1 0 0 0 0 0 0 0 0 0 0 0 0 0 0 -3 0 0 -1 2 1 0 1 0 1 0 0 0 0 1 0 0 1 -1 -2 0 1 0 0 0 0 -1 -2 0 1 -1 0 -1 0 -2 0 2 2 0 0 0 -1 2 0 0 -1 -1 -1 0 -1 1 0 0 1 0 0 0 0 0 0 -1 -1 0 -1 0 1 -1 0 -2 0 -1 0 0 1 0 0 -1 0 0 1 -1 0 1 -1 -1 -2 -1 0 -1 0 -1 -1 -1 0 0 0 0 2 0 1 1 0 0 0 0 0 0 1 -1 1 -1 0 0 -1 0 -2 -1 0 0 -1 1 0 -1 1 -2 0 0 -1 0 -2 0 -1 1 0 0 -1 -1 -1 -2 0 -4 0 -1 0 -1 1 1 0 0 -3 0 -1 -1 0 -1 0 0 0 0 0 -1 0 0 0 1 -1 0 0 1 0 -2 -1 0 0 0 1 -1 0 0 0 -2 0 -1 0 -1 0 0 0 0 0 0 0 -1 1 0 0 1 0 0 -1 2 2 0 1 0 0 0 -1 0 0 0 0 1 1
-1 1 -1 0 0 0 1 1 1 0 1 0 0 -1 0 0 0 0 0 0 0 2 1 0 0 -1 -1 0 -1 2 0 -1 0 0 1 0 -1 0 -2 1 0 -2 0 0 1 0 1 2 0 0 -1 0 1 0 0 0 0 -1 0 0 1 0 1 1 0 -1 -1 1 0 -1 0 0 0 0 1 0 0 0 0 -1 -1 1 0 0 0 0 0 -1 0 0 0 0 0 2 0 0 0 -1 0 0 1 -1 1 1 2 0 1 1 0 -1 -1 2 1 0 1 1 1 1 0 -1 0 -1 0 -1 -1 0 0 1 1 1 0 1 -1 0 0 0 0 0 -2 2 -1 -1 1 0 0 0 0 0 0 2 1 0 1 1 1 0 0 0 1 0 17 -1 1 0 3 0 3 0 0 1 0 0 -1 -1 -1 0 0 -1 -1 2 0 0 0 0 0 0 0 2 -1 -1 -1 0 1 0 1 1 0 -1 -1 0 1 -1 -1 1 2 -1 1 1 2 0 0 0 0 -1 0 1 0 1 -1 0 -1 1 1 -1 2 1 0 0 0 0 0 0 -1 1 1 0 -1 0 1 0 1 0 0 1 0 -1 0 2 0 0 0 0 0 0 0 0 1 1 0 0 0 1 0 0 0 0 0 0 1 1 -1 1 0 1 1 1 1 2 0 -1 -1 -1 0 1 1 -1 2 1 1 0 1 -1 0 0 1 1 -1 1 0 0 0 0 1 0 -1 0 0 0 -1 1 0 -1 0 0 0 -1 0 1 0 1 0 0 1 1 0 0 -1 0 0 0 3 0 3 1 0 1 0 0 0 3 0 -1 1 0 1 -2 1 0 0 0 0 0 0 0 1 0 0 -1 0 -1 1 -1 0 -1 -1 0 0 0 0 1 -1 0 0 0 0 0 3 0 0 1 0 0 -1 -1 0 0 0 1 0 0 1 0 0 0 -1 0 1 0 0 1 1 0 0 0 0 0 -1 0 0 0
0 0 0 0 1 1 0 2 2 0 -2 -2 3 1 3 -1 1 -1 -1 1 0 0 0 0 1 -2 1 0 0 -2 2 0 0 0 -1 1 -1 1 1 0 1 0 3 1 0 0 0 1 0 0 0 0 0 1 0 1 -1 0 -1 -2 0 1 1 2 -1 0 0 0 1 2 2 3 1 0 -2 1 -1 0 0 1 -2 0 1 -1 0 0 1 1 2 -1 0 2 0 -1 -1 0 0 0 0 1 0 2 -1 1 1 -1 0 1 1 -1 0 0 3 -2 0 0 1 1 1 1 1 1 0 0 0 1 0 0 0 -2 0 -1 1 -1 1 1 0 1 1 0 1 1 1 1 0 1 0 0 0 -1 -1 1 1 -1 0 1 1 0 -1 -2 -1 25 0 2 1 1 -2 0 -1 -1 2 0 0 -1 -2 1 0 1 1 -2 -1 1 0 -1 0 1 1 1 -1 0 0 1 0 -1 0 0 0 0 0 0 1 0 1 0 1 0 -1 1 1 0 0 0 1 0 0 2 0 0 -1 0 2 1 0 2 2 2 -1 0 0 -1 1 -1 0 0 0 2 0 0 0 -1 1 -1 0 0 -1 0 0 -2 -1 -1 1 1 -1 0 1 1 2 1 0 0 0 0 -2 1 1 -1 0 -2 -1 0 1 0 -2 0 1 0 0 2 0 1 0 1 -1 4 1 1 2 1 -1 0 0 0 -1 0 0 0 1 -2 -1 0 -1 -1 3 0 0 0 1 0 1 -1 0 1 0 0 0 0 1 -1 2 0 1 1 1 -1 0 -2 0 1 3 0 1 0 -1 -1 1 -1 0 0 0 0 -1 0 0 1 1 0 2 0 0 0 1 0 -1 3 0 0 0 2 1 0 1 -1 0 1 -1 -1 0 0 1 1 -2 0 0 1 0 0 1 1 1 -1 -1 0 1 1 0 3 1 0 -1 -2 0 0 0 -1 0 0 0 0 1 2 -1 1 0 -3 1 0 1 0 -2 -3
1 0 -1 0 0 0 0 -1 0 -1 0 1 1 0 0 0 -1 1 -1 1 1 0 1 1 -1 2 0 0 0 1 1 -1 0 -1 1 0 0 0 0 1 0 -1 0 -2 0 2 -1 0 0 0 1 0 1 0 0 0 1 0 1 1 0 -1 0 1 -1 0 1 1 -1 0 1 1 0 -1 0 0 -1 -1 0 -1 1 2 -1 0 -1 -1 -1 -1 0 0 1 1 0 -1 0 3 3 0 1 0 0 0 0 -1 0 0 1 2 0 1 1 -1 2 -1 1 -1 0 0 0 0 -1 -1 0 0 1 -1 2 2 1 1 -2 0 0 0 0 0 1 2 0 1 0 0 0 1 0 0 3 -1 -1 0 -1 -2 -1 2 1 0 0 0 1 2 1 0 20 0 1 -1 0 0 0 0 0 -1 0 0 0 0 3 0 0 -1 0 -1 1 0 0 -1 0 0 -1 0 1 0 0 0 0 2 1 2 0 1 2 0 0 0 -1 2 0 -1 0 0 1 0 0 -1 1 1 0 0 1 0 1 0 -1 -1 0 1 0 0 -1 1 0 0 2 3 0 0 0 0 8 -2 3 0 -1 -1 -1 0 0 1 1 0 0 -1 1 0 2 0 0 -1 1 0 0 1 -1 3 0 0 0 1 0 0 -1 0 0 0 0 1 1 1 0 0 1 1 1 1 2 0 0 0 -2 1 1 2 0 1 -1 0 1 0 1 0 0 -1 0 -1 0 1 0 0 0 -2 -1 0 -1 -1 -1 -1 2 0 1 2 1 2 0 1 0 0 0 0 0 0 -3 -1 0 0 0 1 -2 0 0 0 2 -1 1 -1 2 0 -2 -1 1 2 0 1 0 0 1 1 0 1 0 0 0 0 0 0 1 2 -1 0 0 -1 0 0 1 0 1 -2 2 0 -1 1 0 1 1 1 3 0 2 0 -2 0 0 0 0 2 0 2 0 1 0 0 0 0 -1 0 0 1 0 0 -1 0
-1 1 2 2 0 1 1 0 0 1 0 0 1 0 0 0 0 2 0 0 -1 0 -1 0 3 -1 0 1 1 0 0 0 0 2 -1 1 0 0 0 -1 -1 -1 2 0 1 1 0 2 1 2 1 -1 2 0 1 2 0 0 -1 0 1 0 1 0 1 -1 -1 1 -1 0 0 1 -1 0 0 0 -1 1 -1 1 0 -1 2 0 1 0 0 1 1 -1 -1 2 1 0 -1 0 0 0 0 1 2 4 0 0 0 0 -1 0 -1 0 1 1 0 0 0 1 1 -1 1 -1 0 -1 -1 -1 0 -1 0 -1 1 -2 0 1 1 0 -1 0 -1 0 0 -1 0 0 0 0 0 -1 -1 2 0 0 1 0 0 -1 1 1 1 0 0 -1 0 2 0 20 2 0 0 0 2 2 -1 0 0 0 1 0 1 0 1 0 0 0 1 0 0 0 0 0 0 1 0 -1 1 0 0 -1 1 0 0 0 0 0 1 0 0 -2 0 0 -1 0 0 -1 2 -1 -1 2 2 -1 1 0 2 0 -1 1 0 0 1 0 -1 0 1 0 -1 1 1 1 0 0 0 1 0 0 0 -2 0 0 0 0 2 0 0 -1 0 0 0 0 0 0 -1 1 0 0 1 2 0 -1 -2 -1 -1 0 -1 -1 1 0 -1 0 -1 0 -2 0 1 0 0 1 -2 0 1 0 0 1 -1 0 0 2 -1 1 0 1 0 0 0 1 0 -1 -1 1 0 1 0 1 0 0 1 0 0 1 0 0 2 1 0 0 1 0 -1 1 -1 2 0 0 0 -1 1 0 1 0 -1 -1 -1 0 0 -1 0 0 -1 1 1 0 -3 -1 0 1 -1 -1 -1 2 -1 0 -1 -1 1 -1 0 0 0 -1 -1 2 -1 0 0 1 2 0 0 2 0 0 0 -1 -2 0 0 1 1 -2 0 2 -1 0 0 1 -1 0 1 0 2 -2 0 -2 -1 1 0 -1 1 0 1 1 0 -2
-2 0 2 1 0 1 -1 0 1 0 1 1 -1 0 0 1 -1 2 0 1 1 0 0 0 1 1 0 0 0 0 0 0 3 2 0 1 0 0 -2 1 0 0 0 0 1 0 1 1 1 1 0 0 -1 0 0 3 -2 -1 0 0 0 -1 2 1 0 -1 2 -1 1 -1 -1 1 0 1 -1 0 -2 0 0 0 -1 1 0 1 0 1 2 -1 0 1 0 1 -1 1 0 0 0 -1 2 0 1 3 -1 1 0 -1 1 0 0 1 1 0 2 0 -2 0 1 0 0 0 1 1 0 0 0 0 0 -1 0 0 0 2 1 0 -1 -1 -1 0 -2 -1 0 -1 1 0 0 0 -1 1 0 1 1 1 1 1 -1 0 0 0 1 0 3 1 1 2 21 1 0 0 0 2 1 0 1 1 -1 1 1 1 -1 1 0 -1 1 -1 0 0 -1 0 1 0 -1 -1 -1 4 0 1 -1 -1 1 0 1 1 3 0 0 -1 -1 -1 -1 1 1 0 0 -1 -1 0 1 -1 0 0 1 -1 1 1 2 1 1 1 0 1 0 0 0 0 0 0 1 1 1 1 0 0 -1 -2 0 -1 -1 0 0 0 1 1 0 0 -1 0 2 -2 -1 0 0 -1 0 4 -1 -1 -1 0 -1 1 -1 1 1 0 -1 0 0 2 0 0 2 -1 0 1 0 0 2 1 2 1 0 1 -1 -2 0 1 0 -1 0 -1 1 1 0 0 0 0 0 1 1 1 0 0 -1 1 0 0 1 -1 -1 1 0 0 -1 0 0 1 2 0 0 0 0 0 0 1 1 2 1 1 1 0 0 0 1 0 1 -1 1 0 0 0 0 -1 1 1 0 0 -1 -1 0 0 1 -2 0 1 0 -1 0 2 -1 -1 0 0 0 0 -2 -1 1 0 1 1 0 0 -1 1 0 2 0 1 0 -1 2 0 0 2 0 0 -2 0 0 -1 1 0 0 -2 -1 0 1 0 0 -2
1 3 1 0 -1 0 0 1 -1 0 -1 0 -2 1 1 0 3 1 1 -1 2 0 0 0 3 0 0 0 0 -1 0 -1 0 -1 0 1 -1 0 1 1 0 0 1 0 1 -1 0 0 1 2 0 1 -1 0 1 0 1 0 -2 0 0 0 0 -1 1 0 0 0 -1 0 -1 2 1 1 1 0 0 0 0 -1 0 1 -1 0 0 3 1 0 0 0 -1 2 0 0 0 0 -1 0 2 0 1 1 0 0 -1 1 -1 0 0 0 0 0 0 0 0 -1 0 -2 0 -1 0 -1 0 -1 0 1 0 -1 1 0 0 0 1 1 1 0 -1 0 0 1 0 1 0 0 0 1 1 1 0 0 1 1 0 0 0 -1 0 0 1 0 0 1 -1 0 1 20 -1 0 0 0 1 0 -1 1 2 3 -1 0 1 0 -1 0 0 1 0 0 0 -3 -1 0 1 -1 -1 0 0 0 -1 -1 2 1 0 2 0 2 0 1 0 -2 1 0 1 -1 0 -1 0 0 -2 1 1 -1 0 -1 0 1 1 -1 0 0 0 -1 0 0 0 0 0 0 0 1 0 0 1 0 -1 0 -2 0 0 0 1 0 0 0 0 0 -1 0 2 -1 -2 -1 0 0 -2 0 2 0 0 2 -2 1 0 2 0 0 0 0 0 0 1 0 2 2 2 0 0 -2 0 1 -1 0 0 0 0 0 0 0 0 1 1 0 2 1 1 -1 -1 -2 0 1 0 0 0 0 0 0 0 -2 1 0 1 -1 1 0 0 0 1 1 0 0 0 1 1 -1 0 0 0 -1 0 -1 0 0 0 0 -1 0 -1 -1 -1 0 0 -1 -1 -1 0 0 1 0 1 0 0 2 1 0 0 -1 1 2 1 0 2 -2 0 -1 0 0 0 0 -1 0 -1 -1 2 1 0 0 0 0 0 1 3 0 0 0 1 0 1 -1 0 -1 2 -1 2 0 0 0 0 0 0 -1 -1 2
1 -1 0 0 0 -1 1 -3 0 0 1 1 0 -1 -4 1 0 -1 0 -2 1 1 -1 1 0 2 -1 2 -1 1 1 -1 1 0 2 -2 0 0 0 -2 0 -1 -1 1 1 1 0 0 -1 0 0 0 0 1 1 2 0 0 1 1 1 -1 0 2 1 0 2 1 1 0 3 -1 0 2 1 1 0 1 0 -2 0 0 1 0 0 -1 -1 2 0 0 -1 0 -1 -1 1 0 1 0 -2 0 0 0 1 -2 1 0 1 0 -1 -1 0 1 -1 0 0 -1 2 -1 -4 2 1 0 1 0 0 0 1 1 1 0 0 1 0 -1 0 0 -2 0 0 1 -1 -1 -2 0 0 0 -1 1 0 1 1 1 0 1 2 0 0 0 0 0 3 -2 0 0 0 -1 24 1 1 0 0 1 -1 1 -1 -2 0 -3 0 0 1 2 -1 1 0 0 -1 1 0 0 -1 1 1 -1 1 0 0 1 -2 0 -1 0 -1 1 0 2 1 0 1 1 0 1 0 -1 0 -1 0 1 0 1 -3 0 2 0 -1 0 0 2 0 -2 2 0 0 -1 -1 0 1 0 0 -1 2 0 0 0 1 -1 2 1 0 0 0 0 0 1 0 0 -1 -1 0 0 0 2 0 0 -2 1 0 0 -1 1 0 0 0 1 0 1 0 2 1 0 -1 -1 0 0 0 0 0 1 -1 0 1 0 0 0 0 1 1 1 0 0 -2 1 1 0 2 0 0 -1 0 0 1 -1 1 1 1 0 -1 1 -1 1 -1 0 -1 0 0 0 -1 0 1 0 1 2 1 2 1 1 -1 0 0 4 -2 -1 -1 2 1 -1 -1 0 0 -1 1 1 1 1 0 -1 -2 0 1 1 0 0 1 0 -2 1 0 0 -1 0 1 0 -1 -2 0 -2 1 -2 -1 1 1 1 1 -3 -1 0 1 2 -1 0 1 1 1 1 0 1 3 0 0 1 2 0 1 0 0 -1 0 0 0 0
1 -1 0 0 0 0 0 0 0 0 -1 1 0 0 1 0 1 0 0 0 0 -1 -1 0 1 -1 0 0 0 0 1 1 0 0 1 0 1 1 -1 0 0 0 1 -1 0 0 -1 0 0 0 0 0 0 -1 0 -1 0 -1 0 0 0 -1 0 0 0 1 1 0 0 0 -1 0 1 0 0 1 1 0 0 0 -1 0 1 -1 0 0 0 0 0 0 0 0 -1 0 0 0 3 0 0 0 0 1 1 0 -2 0 1 0 0 0 0 0 -1 1 0 -1 1 0 -1 0 0 0 0 0 0 -1 0 1 1 0 0 0 -1 0 -1 1 -1 0 0 1 1 -1 0 0 0 0 0 1 0 0 0 1 0 0 -1 0 0 0 0 0 0 0 0 0 0 0 1 10 0 0 0 0 0 1 0 0 0 0 0 1 0 0 0 0 0 -1 0 -1 0 1 1 0 0 -1 0 0 -1 0 1 1 0 0 0 -1 0 1 -1 0 0 0 0 0 0 -1 0 -1 0 0 0 2 1 0 1 0 -1 0 1 0 0 1 0 0 0 -1 0 0 0 2 0 0 1 0 0 0 1 0 0 0 0 0 1 0 1 0 0 0 0 0 -1 0 -2 0 1 -1 0 0 0 -1 -1 0 0 0 0 0 0 1 0 1 0 1 0 0 1 0 0 0 0 0 0 0 0 0 0 0 0 1 0 0 -1 1 0 -2 1 0 0 -1 -1 -1 0 0 0 -1 0 0 0 0 0 1 1 0 1 0 0 -1 2 0 0 0 1 0 1 1 -1 1 -1 0 0 -1 0 0 0 0 0 0 0 0 0 1 0 2 0 0 1 1 0 0 1 1 0 -1 0 -1 -1 0 0 0 0 0 2 0 1 0 0 -1 -1 0 1 0 -1 0 0 0 1 0 0 0 0 1 0 0 1 0 0 0 0 0 0 -1 0 0 0 0 1 0 0 -1 -1 0 0 0
-1 2 -1 -1 0 0 0 0 1 -1 0 0 -1 2 0 2 -1 1 0 0 1 1 1 1 1 1 0 0 1 0 1 -2 0 0 0 0 2 0 0 1 0 1 -2 0 0 0 -1 0 0 1 1 0 0 -1 0 0 0 -1 1 0 1 0 0 -1 0 0 0 0 0 0 0 1 0 0 0 1 0 0 -2 0 3 0 0 0 1 0 0 2 1 0 0 0 0 0 0 0 0 0 0 -1 0 0 1 0 -1 -2 0 -1 0 0 1 1 0 0 0 1 0 0 0 2 1 0 0 0 1 2 0 -1 0 0 1 2 1 0 1 0 0 0 2 0 0 0 0 0 0 1 0 0 0 0 -1 -1 1 0 0 1 1 1 0 0 0 -1 0 2 0 0 1 0 17 -2 0 0 0 1 1 -2 0 0 0 2 0 0 0 0 0 1 0 0 0 -1 0 0 0 1 0 0 0 0 0 1 1 0 0 0 -1 0 1 0 1 -1 0 0 0 0 -1 0 0 0 1 0 -1 0 0 0 -1 1 0 0 -1 0 1 0 -1 1 0 1 0 0 1 0 1 1 0 0 0 1 0 1 1 -1 1 -1 0 0 0 0 -1 0 -1 2 1 0 -1 0 0 0 0 0 2 0 -1 1 1 1 1 0 0 -1 0 0 0 0 1 0 0 3 1 0 0 0 0 0 1 -1 0 1 0 1 0 0 0 -1 0 0 0 -1 0 2 0 0 0 1 0 -1 0 1 0 0 0 2 0 0 2 1 0 0 -1 0 0 0 0 -1 2 1 -1 0 0 0 0 -1 -1 0 1 1 1 0 -2 -2 0 1 0 1 0 1 0 0 -1 0 -1 0 0 -2 0 0 2 0 0 1 2 1 0 -1 1 -1 0 2 2 0 0 -1 1 0 0 1 -1 0 0 1 0 2 1 0 0 0 0 -1 2 0 0 0 0 0 0 -1 0 0 0 -1 0 0
1 0 0 -1 0 -1 1 1 0 1 -1 0 0 0 -1 0 1 0 0 1 -1 -1 0 -1 1 -1 0 1 0 0 0 2 -2 0 1 0 -1 -1 -1 1 -1 0 -1 -1 1 0 1 0 0 0 -2 0 1 0 0 0 0 0 0 3 0 0 1 0 0 1 0 0 -1 -1 0 0 0 0 1 0 0 0 3 0 0 1 1 1 -2 0 1 -2 -1 1 0 1 -1 1 0 0 0 0 0 1 0 2 -1 1 0 1 0 1 1 -2 0 0 0 1 1 -1 -1 0 1 0 0 0 1 0 0 0 0 1 -1 -1 -1 0 0 0 0 0 1 0 0 -2 0 0 0 2 0 0 -1 0 1 1 -1 0 0 0 0 1 0 2 1 1 1 -1 0 2 2 0 0 0 -2 19 -1 -1 -3 0 0 1 0 0 0 1 1 0 0 0 0 0 0 1 0 1 1 -2 0 -1 0 0 0 1 -1 0 0 0 0 0 0 1 0 0 0 2 -1 0 1 0 -1 0 0 1 -1 0 0 1 -1 0 2 -1 0 0 0 1 1 0 -2 2 0 2 0 0 0 1 0 0 0 -2 1 -1 0 1 1 0 4 1 -1 0 -2 1 -1 0 0 0 0 -1 -1 1 0 0 -2 -1 0 1 0 1 0 0 -1 -1 -1 0 2 0 0 2 0 0 0 -1 0 1 1 1 -1 0 1 0 -1 0 0 1 0 -1 0 1 0 0 1 0 0 0 0 1 3 0 0 1 1 0 0 0 0 0 1 0 -2 -1 0 0 2 0 0 -1 0 -1 0 0 0 0 -1 -4 -2 0 1 -1 0 -1 0 1 0 0 -1 0 0 0 0 0 0 1 1 -2 1 -1 -1 0 -1 0 0 0 0 1 0 0 0 0 1 2 1 -1 1 -1 -1 1 -1 0 0 0 0 1 0 0 -1 -1 1 0 0 0 0 -1 3 0 0 -1 0 1 0 0 0 0 2 0 0 0
0 -1 -1 0 2 -1 0 0 0 0 -1 3 0 0 0 -3 0 0 0 1 0 1 -1 0 1 1 0 3 0 0 -1 0 0 2 -1 1 -1 2 -2 1 -1 2 -1 1 -1 0 0 0 0 1 -1 0 0 2 0 0 0 1 0 -1 -1 -1 -3 0 0 -2 0 0 0 -2 0 0 0 0 0 0 0 1 0 0 0 -1 0 0 0 1 -1 0 0 0 1 2 0 0 0 0 0 0 2 1 -1 2 1 2 0 0 0 1 0 1 0 -2 1 0 0 0 -1 1 -1 0 1 0 -1 -1 0 2 0 1 -1 1 0 -1 0 2 2 2 0 0 1 0 0 -2 1 -1 0 0 1 0 1 1 0 -1 1 -2 0 0 3 1 0 1 0 2 0 -1 1 1 0 0 0 -1 20 0 0 1 2 0 0 -1 0 0 0 0 -1 0 0 0 0 1 1 0 1 0 -1 0 1 1 0 0 1 2 2 0 3 0 2 0 1 0 0 0 0 0 0 1 1 0 0 1 -1 1 -1 0 0 0 -1 0 0 0 0 0 0 0 0 0 -1 0 1 0 0 0 0 0 1 0 0 -1 0 0 1 0 1 1 0 0 0 0 0 0 1 -2 0 0 -1 1 1 -1 1 2 0 0 1 0 0 0 -1 -2 1 0 0 0 1 0 1 0 1 0 2 0 0 0 1 0 0 0 -1 1 -1 0 0 0 0 0 0 -1 0 0 -1 -1 0 -1 -1 2 0 0 -1 1 1 -1 -1 -1 0 2 0 0 1 0 -1 0 -1 1 0 -1 0 0 0 1 0 0 0 -1 0 0 0 1 1 0 1 1 1 -1 2 0 1 -1 2 -1 1 0 1 0 -1 -1 1 0 1 0 2 -1 0 0 -1 1 -1 0 0 0 1 1 -1 0 0 -1 0 2 0 2 0 0 0 0 0 0 1 0 0 0 -1 1 -1 2 0 -1 0 -1 1 0 -1 0 -2 0
1 0 0 1 0 0 0 1 0 0 0 0 1 0 0 0 -1 0 1 0 0 1 0 1 -2 0 0 0 0 0 -1 0 0 0 0 0 3 0 0 -1 0 1 1 1 1 0 0 0 0 0 0 0 0 0 -1 0 1 0 0 0 -1 -1 0 0 2 1 0 0 1 0 1 0 0 0 -2 -1 1 1 -2 0 0 0 0 -1 1 0 0 0 0 1 -1 0 0 0 0 0 0 0 0 0 -1 0 0 0 -1 -2 0 0 0 0 0 0 1 1 0 0 1 -1 0 0 1 0 0 -1 0 0 0 0 0 1 1 0 0 0 0 0 1 0 0 -1 0 0 0 0 0 0 1 1 0 0 0 2 0 0 1 -1 0 0 0 -1 0 0 -1 0 0 0 1 0 0 -1 0 13 0 -1 0 2 -1 0 0 2 -1 1 1 0 0 0 0 -1 -1 0 0 0 0 0 0 0 1 0 -1 1 -1 -1 1 1 -1 0 0 -1 1 0 0 0 0 0 0 0 0 -1 0 0 1 0 0 0 0 0 0 0 1 -1 1 1 0 0 1 0 -1 0 1 0 0 0 0 0 1 0 0 1 1 0 -2 0 0 1 -1 0 0 0 3 0 0 0 2 -1 -1 0 1 0 0 0 -1 0 1 -1 2 1 -1 0 2 0 1 -1 0 0 0 -2 0 0 1 1 1 0 0 -1 -1 -1 -1 0 -1 0 0 0 0 1 0 -1 0 0 0 1 0 -1 0 0 0 2 -2 0 1 2 1 -1 -1 0 2 3 1 0 0 -1 2 1 0 1 0 0 2 1 0 0 0 0 -1 -1 0 1 0 1 -1 0 1 0 0 0 0 0 1 -1 1 1 0 0 0 -1 1 -1 0 -1 0 0 0 -2 0 0 0 1 0 1 0 2 0 -1 1 0 1 -2 0 -1 0 0 -1 0 0 0 0 0 -1 1 -1 0 0 1 0 0 0 0 1 0 -1 -1
0 0 0 0 0 0 0 1 1 0 2 0 0 0 1 0 0 0 0 -1 0 -1 0 2 1 0 0 1 0 1 0 0 0 0 0 0 0 1 1 1 0 1 -1 3 -1 0 0 1 0 0 0 -1 0 0 -1 0 0 0 1 0 0 0 0 0 -1 0 1 0 1 0 0 -2 2 0 -1 0 -1 -1 0 0 -1 -1 1 2 0 1 -1 0 0 0 0 0 -1 -2 1 0 0 0 -1 0 -1 -1 0 1 1 0 0 0 -2 0 0 -2 1 -1 0 -1 1 0 0 1 0 1 0 0 0 0 0 0 0 -1 0 1 -1 0 0 -1 -1 0 0 2 1 0 0 -1 1 0 1 1 -1 1 1 2 0 0 0 0 0 -1 1 -1 -1 0 0 0 1 -1 -1 0 0 -3 0 0 15 0 -1 0 0 -1 0 0 0 0 0 -1 0 -1 -1 0 0 0 1 1 0 0 0 -2 0 0 0 0 0 0 0 -1 0 0 0 -1 0 1 2 0 0 -1 0 2 0 -1 0 -1 -1 0 0 0 -2 0 0 0 1 1 -1 0 1 0 0 0 1 0 1 -1 0 0 -1 -1 1 0 -1 0 1 1 -1 1 0 0 -1 -1 0 -1 0 0 1 0 1 -1 0 -3 0 -1 0 -1 -1 0 1 2 0 -1 1 0 0 -2 0 1 0 1 0 0 0 0 -1 0 0 0 -1 0 1 0 0 -1 0 1 0 -2 -1 -1 -1 1 1 0 1 0 0 -1 -1 -2 0 -2 0 -2 0 0 -1 -1 1 0 -1 0 0 0 0 1 0 0 0 -1 0 -1 1 1 0 -1 -1 0 -2 -1 0 2 1 -1 -1 0 -1 0 0 0 0 0 1 0 1 0 0 0 1 0 -1 -2 1 0 -1 0 1 0 0 0 0 0 -1 1 0 0 0 1 0 0 1 0 0 0 1 0 -1 0 0 -1 0 0 -1 0 -1 1 0 -1 -1 0 0 0 0 -1 -1 -2
0 0 2 0 0 1 -1 0 1 1 0 1 0 -1 0 0 0 0 -1 -1 -1 1 0 1 1 1 0 1 1 -1 1 0 0 1 1 2 0 0 -1 1 2 0 0 1 1 0 -3 1 0 1 1 0 0 1 0 0 0 3 -1 0 1 0 0 0 1 1 0 1 1 1 0 0 1 0 1 2 1 0 0 0 0 0 0 -1 1 0 0 0 -2 0 0 0 0 -1 1 0 -1 1 -2 -1 0 1 1 1 0 1 1 1 0 0 -1 0 -1 0 1 0 -1 0 -1 0 0 -1 1 -2 0 2 0 1 0 1 0 1 0 1 0 0 2 0 0 0 1 0 0 1 0 -1 0 0 0 0 2 -1 1 0 0 1 1 1 0 -2 -1 -1 0 0 1 1 1 1 1 0 1 -1 0 19 1 0 -1 0 0 3 1 1 0 0 0 0 0 -1 1 0 0 1 1 0 1 -1 -1 0 0 1 1 0 0 -3 -1 2 0 -1 0 1 2 0 -1 0 0 2 1 0 0 0 2 -1 0 1 0 0 2 0 0 3 0 0 -1 0 0 1 0 1 0 -2 0 1 1 0 0 1 1 0 0 1 1 0 0 0 0 1 1 0 0 1 0 0 1 0 -1 1 1 0 -2 -2 0 0 1 -1 -2 1 0 0 0 1 1 1 1 -1 0 1 -2 1 0 0 1 0 2 0 1 0 2 -1 2 1 1 1 0 0 0 -1 0 0 0 0 0 3 0 1 0 0 0 0 2 0 0 0 0 0 -1 1 0 0 0 0 0 0 0 1 0 0 1 0 0 0 0 0 0 0 1 1 0 0 0 0 0 -3 1 0 0 0 1 1 0 1 0 0 0 0 -1 0 0 3 1 0 1 0 0 0 0 0 1 0 0 1 0 1 0 1 1 -1 0 0 0 0 0 0 -1 1 1 0 1 0 0 1 0 -1 1 1 -1 0 0 0 -1 0
-1 -1 -1 0 -1 -2 0 1 0 0 -1 1 0 2 -1 2 0 0 0 1 -1 -1 0 0 2 0 0 1 -1 2 -1 0 0 0 0 0 1 0 0 -1 -2 0 0 0 0 -1 -1 1 0 -1 0 0 1 1 0 0 1 0 1 0 0 0 0 0 -1 1 0 -1 0 0 -1 0 -1 0 1 2 0 -1 0 -1 4 -1 -1 -1 1 1 -1 -1 1 -1 -1 0 0 0 -1 0 -2 0 0 -1 1 1 0 -1 0 0 0 -1 1 0 0 1 1 0 1 1 -1 -4 2 1 0 1 0 0 0 0 1 -1 0 0 1 0 0 1 -1 1 0 0 -1 -1 -1 0 -1 0 0 -1 0 2 1 0 0 -1 1 0 0 0 0 0 1 0 -1 -2 0 1 -1 2 -1 0 1 0 2 0 -1 1 22 1 -1 -3 0 2 -1 0 0 -1 0 0 0 -1 0 0 0 0 2 1 0 0 2 -1 2 0 0 0 1 0 -2 -2 -1 0 -3 -1 -1 -1 2 -1 0 -1 0 0 1 1 0 0 0 1 -1 0 0 0 -1 0 -1 0 -1 0 -1 0 1 1 1 0 2 1 0 -1 0 1 0 1 0 0 -1 0 0 0 1 -2 0 1 3 0 -1 0 -2 0 -1 -1 1 0 1 0 1 1 0 -2 0 0 0 -1 1 -1 0 0 2 -1 -3 0 1 1 -2 -1 0 1 1 1 0 -2 -1 0 0 0 1 1 -1 1 -1 -1 0 0 1 -1 -1 1 1 1 0 0 0 -1 0 0 1 1 1 -1 0 0 0 1 0 -1 -1 0 0 0 -1 -1 -1 0 1 -1 1 0 1 1 0 -1 1 0 0 0 0 -1 0 -1 1 0 1 0 -1 -2 -1 0 0 -1 0 0 0 1 0 0 0 0 -1 0 0 0 1 1 -1 1 -1 0 0 1 -1 -1 -1 0 0 2 2 0 -1 1 0 0 1 0 -2 0 0 1 -1 0 0 0 0 0 0 2
-1 1 0 0 0 0 1 0 1 0 -1 1 -2 1 2 0 -1 0 0 -3 1 -1 1 1 -2 -1 1 -1 1 0 0 1 0 0 0 -1 1 0 0 1 0 0 2 -3 0 0 1 0 -1 0 -1 0 0 -1 -1 0 0 -2 0 0 -1 -2 0 1 1 0 1 1 -1 -1 0 0 0 0 0 -1 1 0 0 0 1 0 -1 0 0 0 0 0 -1 1 0 0 1 0 0 -1 0 0 0 0 1 0 -1 0 -1 1 0 -2 1 -1 1 1 0 0 1 -1 0 -3 2 1 -2 0 1 0 0 0 0 1 0 1 0 -2 -1 0 0 0 1 0 0 -1 -1 1 2 0 0 0 1 -1 0 0 0 0 0 1 2 1 0 0 -1 1 0 1 0 0 1 3 -2 0 -2 1 0 2 0 0 1 27 0 1 0 -1 1 -1 0 -1 0 0 0 0 0 1 -1 0 0 0 -1 1 0 0 0 1 -1 0 3 0 0 -1 0 0 -1 -1 -1 -1 0 0 -1 0 0 2 0 0 2 0 0 0 1 0 0 1 0 0 0 0 1 0 -1 -1 0 2 -2 1 0 -1 0 0 0 1 0 0 1 0 -1 1 -1 2 -1 1 -1 2 1 1 0 0 0 -1 1 0 1 1 1 0 0 0 1 0 -1 0 -2 0 0 0 0 0 1 -1 -1 0 0 0 -1 -1 0 1 0 2 0 -2 0 0 0 0 2 2 0 1 0 0 0 1 0 1 1 0 0 0 0 0 -1 1 1 0 2 0 0 0 0 -1 1 -1 1 1 1 -1 0 0 0 -1 0 -1 0 1 0 0 0 -1 0 0 0 2 0 1 -2 -1 2 0 0 -2 0 -1 0 1 1 2 0 -1 0 3 0 -1 1 -1 0 1 0 0 0 0 0 1 0 1 0 0 -1 1 0 -2 0 0 -2 0 0 -1 1 -2 0 0 0 -1 0 0 0 -2 1 0 0 -1 0 0 -1 0
0 0 2 0 0 0 1 0 1 1 0 -1 0 1 0 0 0 1 0 4 -1 0 0 1 0 0 0 0 -1 1 1 0 2 0 1 0 -1 -1 0 -2 0 0 1 0 1 0 0 0 2 0 0 0 0 0 1 2 0 -2 -1 0 1 0 0 0 0 0 2 2 0 0 -1 1 2 1 1 -1 -1 1 1 1 0 2 -1 2 0 -1 0 3 0 1 1 2 0 -1 -1 0 1 0 0 0 1 0 0 -1 -1 -1 0 0 0 0 1 0 1 0 0 3 4 0 0 0 -1 0 -1 0 0 -1 1 0 1 1 3 0 -1 0 0 -1 1 0 2 1 0 -1 0 0 0 0 0 1 1 0 1 0 1 0 -1 2 1 -1 0 0 0 0 3 1 1 -1 0 0 0 0 0 -1 0 -1 -1 0 21 1 0 0 0 1 0 1 0 1 0 1 1 0 0 -2 0 0 0 0 2 2 -1 0 -1 0 0 -1 0 0 -1 -1 1 0 -2 -3 -3 -1 0 -1 0 1 0 1 0 1 0 1 0 -1 0 0 -1 0 1 -1 0 0 0 0 0 1 1 1 -1 -1 -1 0 1 0 0 1 0 0 1 1 1 -1 0 1 0 0 -1 1 0 1 0 3 0 3 1 0 1 0 -1 1 2 0 0 -2 1 -3 0 0 -1 0 1 1 3 1 2 1 1 0 1 0 -1 -1 0 1 3 1 -2 1 0 0 -1 -2 1 3 0 -1 1 1 2 1 0 -1 1 -2 1 1 -1 -1 1 -1 0 0 -1 -2 1 1 1 1 1 -1 -1 0 0 0 0 2 0 0 1 1 0 0 0 0 1 0 1 2 1 1 0 0 3 0 1 -1 0 0 -1 2 1 1 -2 0 -1 0 0 0 -1 0 0 -1 0 0 1 -1 0 0 1 1 0 0 1 1 0 0 -1 -1 0 1 0 0 0 1 0 0 0 0 0 0 0 0 1 0 0 0 0 0
0 0 0 0 1 2 0 2 0 0 -2 -1 0 0 2 0 0 0 2 0 2 -2 1 0 -2 0 0 -1 1 0 -2 -2 1 -1 -3 1 -1 0 -2 -2 2 1 0 0 -1 0 1 -1 0 0 0 0 0 -1 0 0 0 -1 0 0 0 0 1 -1 1 0 0 0 0 1 -1 0 0 0 0 -2 0 0 0 1 2 0 1 0 -1 -1 0 1 0 2 0 1 -1 0 -1 0 0 0 0 0 -1 0 0 1 -1 -3 0 -1 -1 -1 0 1 0 -1 0 0 0 0 1 0 0 0 0 0 0 0 0 0 0 0 -1 0 -2 0 1 0 -1 0 1 0 0 0 0 0 0 0 1 0 -1 0 -1 0 1 1 0 0 0 1 0 0 -1 1 0 0 1 0 -3 0 0 0 -1 0 -1 0 -3 1 1 17 -2 0 0 0 0 -1 0 0 2 -1 0 0 -2 0 0 2 0 0 0 -1 0 0 1 0 0 0 -2 1 -1 0 0 1 0 -1 -1 0 1 5 0 0 1 0 1 0 0 0 0 0 0 0 0 0 0 0 0 -2 0 -1 0 0 0 0 2 0 0 1 0 1 0 0 0 0 1 0 -1 0 0 0 -2 -1 0 0 0 -1 -3 -1 0 0 0 0 -1 -1 0 -1 0 0 0 0 0 1 0 1 1 0 0 1 2 0 0 1 0 0 0 0 0 0 3 1 -1 0 0 2 0 0 0 0 0 0 0 0 0 0 1 0 0 0 0 -1 0 1 0 0 0 -1 0 0 0 -1 0 2 1 1 1 0 0 0 0 0 0 -1 0 1 0 0 0 0 0 0 1 -1 -1 1 1 0 1 0 0 0 -1 0 -3 1 0 -1 0 0 -1 0 0 1 3 1 0 0 1 0 0 1 0 3 0 0 0 -1 0 1 0 1 1 -1 1 -1 0 0 1 1 0 0 -3 0 0 -4 -1 1 0 0 0 -1 0 0 0 0
1 0 0 0 0 -1 -1 -1 1 1 -1 0 0 -1 0 -1 0 0 0 1 1 2 -1 0 2 1 -1 0 -1 0 2 0 1 -1 0 0 0 0 0 1 -2 0 0 1 1 1 0 -2 0 1 0 -1 0 0 1 0 -1 1 0 0 1 1 -1 -1 0 -1 1 -1 0 0 0 0 3 -3 1 1 -1 0 -1 -2 -2 0 0 0 0 0 1 0 1 -1 -1 0 0 0 -1 0 0 0 1 1 1 3 0 0 0 -1 0 0 3 1 0 0 -1 0 0 -1 -1 0 -1 2 0 0 0 0 0 0 2 0 1 -1 -1 0 0 0 -2 -1 -1 -1 0 -1 -1 0 0 -1 0 0 -2 0 -1 -1 -1 0 0 0 0 0 1 -1 -2 1 -1 1 0 1 -1 1 0 0 0 0 0 0 0 0 0 0 0 -2 17 -1 -1 0 0 1 -1 0 1 1 0 -1 1 -1 2 -2 0 0 0 1 0 1 1 -3 1 3 1 0 0 -1 -1 0 0 0 1 0 0 -1 1 -2 0 0 0 0 0 0 0 0 0 0 0 0 0 0 1 -1 0 -1 0 1 0 1 1 1 -1 -1 0 2 1 -1 -1 1 0 1 2 0 0 1 2 2 2 -1 0 0 1 1 0 0 0 0 1 0 0 2 1 0 0 0 0 0 0 -1 2 1 -1 0 0 1 -1 0 0 0 0 0 0 1 0 0 0 1 0 0 0 -1 0 0 0 -2 0 0 0 0 0 1 1 -1 0 -1 0 1 1 3 0 0 2 -1 0 1 0 0 1 1 -1 0 1 1 -1 1 -1 1 2 0 -1 0 1 0 0 0 3 -1 0 -1 0 0 -1 1 0 0 0 0 0 1 1 0 0 1 0 0 0 0 0 0 0 1 -1 0 0 0 -1 0 1 0 1 1 0 0 0 1 -2 1 1 0 1 2 -1 -1 -1 0 0 0 1 0 0 0 -1 1 0 0 0 0 1 -1
1 -1 1 0 -3 1 0 1 0 0 0 0 -2 0 0 1 2 0 -1 2 0 1 1 4 0 3 0 4 -1 -1 1 -1 -2 0 0 1 0 1 0 0 1 -1 -1 -1 -1 0 -1 1 0 0 0 0 -1 0 -1 -1 0 2 1 -1 1 0 0 -1 3 1 -1 -1 1 1 -2 0 -2 3 0 1 0 1 0 0 -2 0 0 -4 -1 0 2 -1 -2 1 1 0 -1 2 0 0 -1 1 0 2 -3 0 1 2 0 0 1 0 1 0 2 3 0 3 0 -1 1 2 -1 0 2 -2 0 0 -1 1 -1 -1 4 2 -2 0 -1 4 0 0 1 1 0 -2 0 0 4 0 0 0 1 2 1 0 0 2 2 0 2 0 0 -1 0 -2 2 -2 -1 0 1 0 0 1 2 1 0 2 0 3 2 -1 0 0 -1 42 1 1 -1 0 1 0 1 -1 0 -1 0 0 -1 0 0 -1 0 -1 0 1 1 -2 0 0 -1 1 1 2 -2 2 2 -1 -1 -1 0 1 1 -1 -1 1 -2 1 0 0 0 1 1 0 -2 1 3 0 -1 2 1 2 0 2 1 1 1 0 2 2 1 0 1 0 -1 1 -1 1 1 0 0 1 0 -1 0 5 -1 -1 -1 0 -1 0 -1 -2 1 -1 0 1 -1 1 -1 -1 2 -1 -1 2 1 2 3 0 -1 0 -1 1 1 0 -1 3 1 -1 -1 -2 -2 -1 0 3 0 0 -2 1 3 -2 -1 2 -1 0 2 4 1 4 0 2 -1 -1 0 1 2 0 0 0 -1 2 0 1 1 -1 -2 0 1 1 0 -3 2 0 0 0 -1 0 0 1 1 -1 1 3 -1 1 0 0 -1 -1 -1 2 -1 -2 3 -1 1 -1 0 0 0 -1 -1 3 1 1 -1 -2 -2 -1 0 -1 0 0 2 1 2 -1 -1 0 1 -1 1 0 0 0 1 -1 -2 0 1 3 0 2 0 -1 -1 1 1 0 0 1 0 0 0 0
0 -1 1 0 0 -1 0 1 1 -1 1 -1 2 -1 0 0 0 0 0 1 1 1 1 0 0 -1 1 1 0 0 -1 0 0 0 -2 1 -1 1 0 1 0 0 1 0 1 1 1 0 -1 1 0 1 0 -1 0 0 0 0 1 0 0 0 2 0 1 -1 1 -1 0 -1 1 -2 0 1 0 2 0 -1 0 -1 0 0 0 0 0 -1 0 0 1 0 0 0 -1 0 0 0 1 0 0 0 0 -1 -1 0 1 1 1 0 1 0 -1 0 -2 -2 0 0 0 -1 0 0 0 0 0 0 -1 0 0 -1 -1 1 0 0 0 0 0 -1 1 0 1 0 1 0 0 0 1 1 -1 0 1 1 1 0 0 1 1 0 0 1 0 0 0 -1 0 0 0 -1 1 0 0 1 0 -1 0 1 -1 1 0 0 -1 1 15 0 0 0 1 0 1 -1 1 0 0 0 1 1 0 0 0 0 -1 0 0 1 -1 0 0 0 0 1 -1 1 1 0 2 0 0 0 0 1 0 1 0 2 0 0 0 0 0 0 0 1 2 0 -1 -1 0 0 2 0 -2 0 0 0 0 1 0 1 0 1 1 0 0 2 1 0 0 0 0 1 0 1 -1 2 0 1 0 0 -1 0 -2 0 -1 0 -1 1 1 0 0 0 -1 0 0 0 0 1 1 -1 1 0 0 -1 1 0 0 0 0 0 1 -1 -1 0 -1 0 0 0 0 -1 -1 -1 1 1 2 0 0 0 0 0 0 0 0 0 0 -2 0 1 0 0 0 1 -1 0 -1 0 2 -1 0 0 0 -1 -1 1 1 0 -1 2 1 -1 -1 0 0 1 0 -1 0 0 0 0 0 0 0 0 -1 0 -1 0 -1 2 0 0 0 0 -2 1 0 0 0 0 0 -2 -3 0 1 2 0 0 0 -3 0 1 0 0 0 -1 1 0 0 1 1 2 0 1 0 1 0 1 0 -1 0 0 0 0
0 0 -1 0 0 1 -1 1 -3 0 0 0 0 0 0 0 0 0 0 0 0 -1 -1 0 -1 0 0 -1 -1 1 0 0 1 1 0 0 0 -1 1 -1 0 -1 0 3 0 1 0 1 1 1 -1 -1 0 1 0 1 1 0 0 1 0 -1 0 1 -1 0 1 1 1 0 1 0 0 0 0 0 0 1 1 0 0 0 0 0 0 0 0 2 0 0 0 0 0 -1 0 0 1 0 -1 0 -1 0 0 0 0 0 0 1 0 0 0 0 0 0 0 0 1 -2 0 0 1 0 0 0 0 1 0 1 0 0 0 -1 -1 0 0 -2 2 0 -1 -1 0 0 0 0 0 0 1 0 1 0 0 2 0 0 -1 0 0 0 0 1 0 1 -1 0 -1 0 2 0 0 0 0 1 0 1 0 -1 1 0 0 1 0 14 -1 0 0 0 1 -1 1 1 0 2 0 -2 1 1 -1 0 -1 0 0 0 0 2 0 0 0 1 -1 0 1 -1 -1 0 0 -1 0 1 0 -2 0 0 1 3 -1 0 -1 0 0 -1 0 -1 0 2 0 0 0 0 0 -1 0 -1 0 -1 1 0 1 0 0 1 -1 1 0 0 0 0 0 0 -1 1 0 0 0 0 0 0 -1 0 -1 -1 -2 -2 0 0 0 0 0 -1 1 -1 -1 0 0 0 0 0 0 0 0 0 0 0 0 0 1 -2 0 0 0 0 0 0 2 0 0 2 2 0 1 0 0 0 0 -1 0 0 0 0 0 0 0 0 -1 -1 -1 -1 0 0 0 -2 2 1 0 1 0 0 -1 -1 -2 0 0 0 0 0 0 -1 0 0 -1 0 -1 0 0 1 0 0 0 0 0 0 0 -2 0 -1 0 1 0 1 0 -1 1 -1 0 -1 -1 0 0 1 -1 0 0 0 1 -1 0 0 1 1 -1 1 0 -1 0 0 1 0 2 0 1 0 -1 0 -1 -3 0 -1 0 0 0 0
-1 0 0 0 1 -1 -1 -1 -1 -1 0 0 1 0 -1 0 0 0 2 0 0 0 1 0 -1 1 0 0 0 0 0 0 0 -1 0 1 1 1 0 2 0 -1 1 1 0 0 -1 0 0 0 0 -1 0 0 0 1 0 1 -1 1 1 0 0 0 0 0 0 0 0 1 -2 -1 0 1 0 0 0 1 0 1 -1 1 1 1 -1 -1 1 -1 0 0 -2 0 -1 0 2 0 2 0 1 0 3 0 0 1 0 0 0 0 0 0 1 0 0 1 0 2 0 0 1 0 1 1 -1 0 0 -1 0 -1 0 0 -1 0 0 0 -1 -1 0 0 1 0 -1 0 -1 0 0 0 -1 0 -1 1 1 0 0 0 1 1 0 0 0 0 0 0 1 1 1 0 -1 0 0 0 -1 1 0 0 0 0 0 0 0 -1 0 -1 13 0 1 -1 0 0 0 0 0 -1 -1 0 0 0 1 0 0 0 0 1 0 0 0 -1 -1 -1 0 0 0 0 0 0 0 0 0 0 1 0 3 0 -1 0 2 0 1 -1 2 -1 0 1 0 1 0 -1 -2 0 0 0 -2 0 0 -1 -2 0 0 0 0 0 0 1 0 1 0 0 1 -1 2 0 0 0 0 0 2 -1 1 0 0 0 -1 0 0 0 1 1 -1 2 0 0 1 -1 1 1 -1 0 2 -1 0 1 0 0 -1 1 0 1 1 0 0 0 0 0 0 0 0 0 -1 1 -1 1 0 -1 0 0 -1 2 0 0 0 0 0 0 -1 0 0 -1 -1 0 0 1 1 1 0 -1 0 0 0 -1 1 0 1 -1 1 -1 0 0 0 0 0 -1 1 0 0 0 0 1 0 -1 0 0 2 0 1 1 -1 0 -1 -1 0 1 0 0 0 0 -1 0 1 0 -1 0 0 0 1 -1 0 0 0 0 1 -1 0 0 -1 -1 0 2 0 2 2 1 -1 0 0 -1 2 0 0 0 -1 0
-1 0 0 -1 0 0 0 -3 0 -1 2 0 -1 -2 0 -1 0 0 1 1 0 0 0 0 0 0 0 0 0 0 -1 0 0 2 1 0 -1 -1 -1 -2 1 0 0 0 0 0 0 -1 0 0 0 0 1 -1 3 2 0 0 0 1 -1 0 0 1 0 0 0 -1 0 0 0 0 2 1 -1 -1 0 0 0 1 -1 0 0 -1 1 1 -1 0 0 0 0 0 1 0 1 0 0 0 1 0 0 0 0 0 -1 0 1 0 1 1 1 0 0 0 1 0 0 1 0 -1 -1 0 0 0 0 1 2 -1 0 1 1 0 1 0 -1 1 -1 0 1 1 0 0 0 0 0 0 0 0 0 1 0 0 0 1 0 0 2 0 0 0 0 -1 0 0 -1 1 1 0 0 0 0 0 -1 0 -1 -1 1 -1 1 0 0 0 0 17 -2 2 2 0 -1 -2 1 0 0 1 0 1 -1 1 0 -1 -1 0 0 3 0 1 1 -1 0 0 0 -1 -1 0 2 0 0 0 0 0 -1 0 -1 0 -1 0 1 0 0 1 1 -1 0 0 0 1 0 -1 0 1 0 0 0 0 0 1 0 -1 1 0 0 1 1 0 1 1 1 0 -1 0 0 1 -1 0 0 1 -2 0 0 -1 1 0 0 0 0 0 0 1 -1 0 0 0 0 0 1 0 0 0 1 0 0 0 0 1 0 1 -1 -1 0 -1 -1 -1 0 0 1 0 0 1 0 0 -1 -1 1 0 0 1 0 0 0 0 0 -1 0 0 0 1 -1 -1 0 0 0 0 0 0 0 0 0 0 -2 0 0 -1 0 1 -1 0 -1 0 0 1 0 0 0 0 1 1 0 -2 1 2 0 1 0 1 0 -1 0 1 1 0 0 1 1 0 1 1 0 -1 0 0 1 1 1 -2 0 0 -2 0 0 0 1 0 0 0 0 0 1 1 0 0 -1 0 1 0 1 1 0 -1 1 2
0 0 0 0 -1 0 0 -1 1 1 -1 1 1 0 0 0 -1 0 0 0 0 1 1 2 -1 -1 1 0 0 -1 1 1 0 1 -1 0 0 0 2 -1 -1 0 -1 0 0 0 -1 -1 -1 0 0 0 1 1 -2 0 0 0 0 0 1 -1 0 1 0 2 0 0 0 0 1 0 1 1 1 2 1 0 0 -2 1 1 0 1 1 0 2 -1 0 0 1 0 0 0 0 -1 0 0 0 0 0 0 0 0 1 0 1 -1 0 0 0 -1 -1 -1 0 1 0 0 0 1 1 -1 0 0 -1 0 -2 0 1 0 1 0 0 0 -1 0 0 0 0 0 3 -1 0 0 0 1 0 0 0 0 0 0 0 0 1 0 0 0 0 0 0 0 0 0 0 0 0 0 0 0 0 0 0 0 0 0 0 0 -1 1 1 0 1 -2 13 -2 3 0 0 0 0 0 0 -2 1 -1 1 0 0 0 1 1 -1 -2 -1 -1 0 1 -1 0 0 0 0 0 -1 -1 0 0 0 0 0 1 0 0 0 -1 0 0 0 -1 0 0 1 1 0 0 1 2 0 0 -1 -2 0 1 1 -2 0 -1 0 -1 0 -1 0 1 0 -1 0 1 -1 0 -2 0 1 0 0 0 1 1 1 -1 -1 -1 0 0 0 0 0 -1 1 0 0 -1 0 0 0 0 1 0 1 0 0 0 1 0 0 -1 0 0 1 0 0 1 1 0 -1 0 0 3 0 1 0 -2 0 -1 0 1 0 0 0 0 1 0 0 0 0 1 0 0 0 0 3 -1 0 1 0 0 0 0 0 1 0 -1 -1 -1 -1 0 0 1 0 0 -1 0 0 0 0 0 0 1 1 0 0 0 1 0 1 1 -1 1 0 0 -1 0 -1 0 -1 -1 -1 0 -1 -2 1 -1 -1 0 0 0 0 0 0 1 -1 0 1 0 -1 0 0 0 0 0 0 0 0 2 2 -1 0 -1 0 -1
0 -1 0 0 0 0 0 1 0 0 0 0 0 0 0 1 0 -1 -1 -1 -1 0 0 0 1 1 2 1 1 0 0 -2 1 0 0 0 0 0 1 0 -1 1 -1 0 0 0 0 0 1 0 1 0 0 -2 2 1 0 1 1 0 0 0 1 3 0 1 0 0 0 0 3 2 -1 1 -1 0 0 0 0 1 1 0 0 0 2 1 0 0 0 0 0 0 2 2 0 1 0 0 -1 0 -1 0 0 1 1 0 -1 1 0 0 0 1 -1 0 1 1 1 0 1 -1 0 -1 0 0 1 1 0 -1 0 0 0 0 0 1 1 2 0 0 1 -1 -1 0 1 0 1 1 1 -1 1 -1 0 0 0 1 -1 1 2 0 0 0 0 1 -1 0 0 0 0 -1 1 0 0 0 -1 0 0 0 1 0 0 0 0 0 -1 2 -2 16 0 -1 1 -2 0 1 0 1 -1 1 0 0 0 -1 0 1 0 3 0 1 -1 0 0 0 0 -1 0 0 0 0 0 2 0 0 0 -1 0 0 0 0 0 0 -1 0 1 0 0 0 0 1 0 -1 0 0 0 0 0 1 0 0 0 0 0 1 1 0 0 1 0 2 1 0 0 0 2 0 0 1 0 0 1 -1 0 -1 0 0 0 0 0 0 0 -1 -1 2 0 3 -1 0 1 0 -2 -2 0 1 0 -1 0 0 0 1 0 0 0 -1 0 -1 0 0 0 1 0 -1 2 0 -1 1 1 0 0 0 0 0 0 0 0 -1 -1 0 0 0 0 0 1 0 0 2 2 -1 0 0 3 0 0 1 -1 0 -1 0 0 -1 0 2 0 0 1 0 0 0 0 -1 -1 0 0 0 0 0 1 2 2 0 0 1 0 1 0 0 1 0 1 3 0 -1 1 -1 1 -1 1 -1 -1 1 0 0 0 0 0 0 1 2 0 0 0 0 2 -1 0 0 0 0 -1 -1 0 0 0 -1
1 0 0 0 2 0 0 -1 1 0 0 0 0 0 1 0 -1 1 3 2 1 2 0 1 -2 1 2 0 1 1 -1 -1 0 1 -1 1 0 0 -1 -4 1 0 0 -1 0 1 0 0 0 1 0 0 0 0 0 0 1 0 1 0 0 0 0 2 -1 0 0 0 0 0 1 1 0 0 1 2 2 0 0 0 0 1 -1 0 0 -1 0 -1 0 1 0 0 0 0 0 0 0 0 1 0 0 0 0 -1 0 -1 2 -1 1 0 0 1 0 0 1 1 0 2 1 1 -1 0 0 1 0 -1 0 -1 1 1 1 -1 0 0 0 0 3 -1 0 1 2 0 -2 0 0 0 -2 0 0 0 -2 -1 -1 1 0 0 0 0 -1 0 0 1 0 0 -1 0 -1 0 0 0 0 0 -1 0 0 0 0 2 1 1 1 1 0 2 3 0 20 -1 -1 0 2 1 -1 0 0 2 0 0 0 0 1 1 -2 1 1 0 0 1 -1 0 0 -2 -1 0 0 4 0 0 -2 0 -1 -1 0 0 1 -1 -1 0 0 -1 -1 0 -1 1 0 0 0 1 1 0 0 -1 -1 2 2 1 0 -3 -1 -1 1 1 1 -1 1 1 0 1 -1 0 -1 0 -1 0 1 1 0 0 0 -1 0 0 -1 0 0 0 0 -1 0 0 1 1 2 0 0 1 1 -1 0 1 0 0 -1 2 1 0 1 0 0 0 2 1 0 0 0 0 1 2 0 0 0 0 1 -1 1 -1 0 0 1 1 1 -1 -1 0 0 0 1 3 -1 -1 2 -1 -1 1 0 0 -1 0 -1 0 0 0 1 0 0 0 0 1 0 0 0 0 0 0 1 -1 1 0 0 1 1 1 1 0 -1 0 -1 0 2 1 -3 0 -2 0 1 0 -2 2 -1 -1 1 1 0 0 0 0 0 0 0 1 0 0 2 0 1 0 0 2 0 -1 3 0 0 0 2 0 1 -1 0 1
-1 2 -2 0 1 0 0 -1 0 1 1 2 -1 1 -1 0 0 3 1 0 -1 1 2 -1 -1 -2 0 -1 0 -1 0 0 -3 0 -1 0 0 0 1 -2 -1 1 -1 -1 0 0 0 0 1 -1 -1 1 0 1 -1 1 -1 -1 -1 0 0 0 0 -3 0 1 1 1 0 1 0 0 1 0 1 0 -1 0 0 0 -1 0 -1 0 0 2 -1 3 0 0 1 0 0 0 1 0 1 0 1 0 2 1 1 0 1 1 1 -1 0 0 0 0 0 2 0 0 0 1 2 1 0 -2 -1 1 1 0 0 0 -2 0 2 0 0 0 0 0 1 1 -1 -2 -1 -1 0 0 -2 -2 0 1 0 0 -1 0 0 -1 1 2 -1 0 0 0 2 1 0 0 0 -3 1 -1 0 1 1 -1 0 -1 -1 0 1 -1 1 -1 -1 -1 0 0 0 -1 -1 23 1 -1 -1 -1 0 3 0 0 2 2 0 1 0 -1 0 1 1 -3 -1 2 0 -1 -3 0 -1 3 2 0 0 -1 0 0 0 0 0 0 0 1 0 -1 0 0 0 0 3 -1 0 0 0 1 0 1 0 0 0 0 0 0 1 -2 -1 0 1 0 0 1 0 0 0 3 0 -2 -1 -1 -1 1 1 2 0 -1 1 0 1 1 1 0 0 -1 0 2 0 0 0 -2 0 1 1 2 1 3 1 0 0 0 0 -1 1 -2 1 0 0 2 -2 0 0 2 -1 0 0 -2 -1 0 0 0 0 0 0 1 1 -1 1 0 1 -1 1 0 0 -2 -1 1 2 1 0 0 -1 1 0 1 0 1 1 0 0 0 -1 0 1 1 0 0 1 1 1 1 -1 1 1 0 0 2 -1 0 -2 -1 1 -1 0 1 1 0 -1 1 0 1 1 1 0 -1 1 -1 1 1 -1 0 0 -1 0 0 -1 0 1 0 0 2 0 -1 -2 0 1 1 0 0 -1 1 0 -1 0 0 0 0 0 0
-3 0 0 0 0 1 -1 1 0 1 1 0 0 0 0 0 0 -1 0 2 -2 0 -1 0 0 -1 1 1 0 0 0 0 0 0 -2 0 2 0 0 2 0 0 0 1 0 0 0 -1 0 0 1 0 0 0 0 -1 0 1 -1 0 -1 0 0 1 0 1 1 -1 1 0 -1 0 0 1 3 0 0 1 1 -2 1 0 0 1 0 0 0 0 0 -1 2 1 1 0 0 -1 0 1 0 0 0 0 2 1 -1 1 -1 0 1 -1 0 0 1 1 -1 0 0 0 1 0 0 0 -1 -1 1 0 0 -2 0 -1 1 1 0 -1 0 0 0 0 0 1 0 0 -1 0 0 0 0 1 0 0 1 1 -1 0 -1 1 2 1 1 0 -1 -1 -1 0 1 -1 0 0 0 0 1 -1 0 1 0 0 1 0 0 0 1 1 0 -1 0 1 -1 1 15 0 2 2 0 0 0 0 -1 1 0 0 0 0 0 0 0 0 0 1 0 0 2 0 -2 -1 0 1 0 -2 -1 0 0 0 0 1 -1 0 0 0 0 1 1 -1 -1 0 0 -1 1 1 0 -1 -1 1 0 0 0 1 1 -1 -1 1 0 0 0 2 0 0 -1 0 0 0 0 0 1 1 1 0 0 2 2 -1 1 1 1 1 0 0 1 0 0 0 1 0 1 0 0 3 -1 1 -1 0 -1 0 0 -1 1 1 -1 1 0 1 0 1 0 2 0 1 1 -1 2 0 0 0 0 -1 0 0 0 1 0 0 1 1 1 0 1 0 0 0 -1 0 -1 1 1 0 0 1 0 0 1 0 0 3 1 1 1 1 -1 0 0 -1 -2 -1 0 0 1 0 1 0 0 0 -1 1 0 1 0 -1 1 2 -1 -1 -1 1 0 0 0 0 -1 0 1 0 1 1 1 0 0 0 0 0 -1 -1 0 0 0 0 0 1 0 1 1 0 0 0 1 0 0 0 0 1 0 -1
0 1 0 0 -1 0 0 0 0 0 -1 0 0 1 0 -1 0 -1 0 0 0 -1 -1 0 -1 0 -1 0 0 2 -1 1 0 0 1 0 0 0 -1 0 0 1 1 1 0 -1 1 1 -1 0 -1 1 0 1 0 1 1 0 1 2 -1 0 0 -1 0 0 1 0 0 0 0 0 1 0 0 0 1 0 0 0 1 0 -2 1 0 0 1 -1 0 0 0 0 0 1 0 0 2 -1 -2 1 0 1 -1 0 -2 0 -1 0 -1 0 0 2 0 -1 0 0 0 0 0 1 -1 0 0 0 0 0 0 0 0 1 0 0 0 -1 0 0 0 0 0 0 1 0 -1 1 0 1 -1 0 0 0 0 1 -1 2 0 0 0 0 0 0 -1 0 0 1 0 0 0 1 -1 1 0 0 0 0 0 1 0 0 -1 -1 0 1 0 -2 0 -2 0 -1 0 14 0 0 0 0 -2 2 0 0 0 0 -2 0 0 -1 1 0 0 0 1 0 -1 0 0 0 0 0 0 0 0 0 -1 -1 1 2 0 0 0 0 1 -1 0 0 -1 0 0 0 0 0 0 0 0 -1 1 0 0 0 2 2 1 -1 -1 -1 -2 1 0 0 0 1 1 0 0 1 -1 0 0 0 -1 -1 0 1 0 0 0 -1 -1 1 -1 1 0 0 1 1 0 0 1 -1 1 -1 0 0 0 0 0 -1 0 2 1 1 2 1 1 1 1 0 -1 0 0 0 0 0 1 0 -1 0 1 1 0 0 0 0 2 0 2 0 0 0 0 0 0 0 0 1 0 0 0 1 0 -1 0 -1 0 0 0 0 0 1 0 0 0 0 0 0 1 0 0 2 0 0 0 1 0 3 0 -1 1 0 0 0 0 0 1 -1 0 0 0 -1 -1 0 -2 0 0 2 0 0 1 0 0 1 -1 -1 0 0 0 0 0 0 0 -1 0 0 1 0 0 0 2 0 1 1 0 0
0 0 1 0 1 0 0 0 0 2 -1 0 1 3 1 1 1 1 0 1 0 2 -1 1 1 0 0 0 0 0 1 2 0 1 0 2 0 -2 -1 1 0 0 1 -2 0 3 -2 -2 0 0 1 -1 0 0 1 0 0 0 0 2 0 3 0 -1 -2 1 1 -1 1 0 -1 0 1 1 0 1 1 0 -1 -1 2 0 -1 -1 1 0 -1 0 0 1 0 0 0 1 1 0 0 2 2 1 0 1 2 1 0 0 3 1 0 1 0 0 0 -1 2 1 0 2 1 1 1 0 -1 -1 1 1 0 -1 1 0 0 0 0 0 0 0 0 0 2 0 2 0 0 0 0 0 1 1 0 -1 0 0 0 1 0 0 1 1 0 0 -1 0 1 0 -1 1 -1 1 0 1 1 0 1 0 0 -1 0 -2 1 0 0 0 0 1 0 0 2 -1 2 0 18 0 0 -1 0 0 1 1 1 0 0 1 0 -1 1 1 1 1 0 0 0 0 -1 1 0 0 0 0 0 -1 0 0 0 2 1 1 0 0 0 -1 0 0 -1 0 0 1 0 1 0 -1 1 1 1 0 0 0 0 1 0 0 1 0 0 0 0 0 2 1 1 0 0 0 -1 2 0 2 0 0 1 -2 0 1 2 1 1 0 1 0 0 0 0 -1 0 0 0 1 -1 -1 -1 1 0 0 2 1 1 0 0 1 1 -1 0 -1 0 0 0 0 0 -1 1 0 0 0 0 0 -1 -1 1 1 0 0 1 1 1 1 0 -1 0 1 -3 0 0 0 -1 1 0 1 0 0 0 -1 1 0 1 -1 1 1 -3 0 -1 -1 1 0 -1 0 0 0 2 3 1 0 0 1 1 0 0 2 0 0 -1 -2 0 0 1 0 1 0 0 -1 0 0 0 1 2 1 0 -2 1 0 0 0 0 -1 1 -2 1 0 0 1 1 0 -1 0 -1 0 0 2 1 0 0 -1
2 0 -1 0 0 2 0 2 1 -2 0 2 0 -1 0 1 0 -2 0 1 1 0 -1 0 -1 0 0 0 0 0 0 -1 1 -1 0 0 0 1 0 1 0 1 -1 2 -1 -1 0 0 -1 0 -1 1 0 -1 0 -2 0 1 1 0 1 1 0 2 1 -1 0 -1 1 1 1 -1 0 -1 1 -1 0 0 0 -2 0 0 1 1 1 0 -1 -3 0 0 1 -2 0 -1 2 1 0 1 -2 -1 -1 -1 1 0 0 -1 0 -1 1 0 0 1 0 -2 -1 -2 -2 1 1 0 1 0 0 0 0 0 0 0 2 0 0 -1 1 -1 -1 1 1 0 1 0 0 0 0 0 0 1 1 0 -2 0 0 -1 -1 0 -1 0 1 1 0 0 0 1 0 -1 -1 -1 1 0 0 -2 0 0 1 1 0 0 -2 0 -1 0 0 2 -1 0 0 1 1 -1 2 0 0 17 1 -1 1 0 0 -1 0 0 0 0 -1 0 0 0 0 0 0 0 0 3 -1 0 0 0 0 2 -1 0 -1 -1 1 -1 -2 0 0 1 2 0 0 0 0 2 0 0 2 0 2 0 0 0 -1 2 0 1 -1 -1 -2 1 -3 0 -1 0 0 0 0 0 1 2 0 0 2 -1 -2 0 0 2 0 -1 0 -1 2 0 1 -1 0 0 0 -1 -1 -1 2 0 0 -1 0 0 0 0 0 0 0 1 -1 0 1 0 0 1 -1 0 0 1 -1 1 2 1 0 -2 -2 1 0 -1 0 0 0 1 0 0 -1 2 0 1 -1 0 -1 0 0 -1 0 2 1 0 -1 2 0 0 -1 1 -1 2 0 -1 0 -2 0 1 0 0 0 0 1 1 0 -1 -1 3 -1 0 -1 0 1 0 0 0 0 1 1 0 0 -1 -1 1 -1 0 1 1 1 1 0 1 -1 0 -1 0 1 -1 -1 1 0 -1 -1 0 2 0 0 -1 1 1 1 0 1 0 0 0 0 0 1 0
1 0 0 -1 0 -1 -1 0 -1 0 0 -2 0 0 1 0 0 -2 1 -1 0 1 1 1 2 -1 1 -1 -3 1 1 1 1 0 0 2 -1 0 0 0 -1 0 0 0 1 -1 0 -1 0 -1 -1 0 1 0 0 0 0 1 0 1 2 1 1 0 0 -1 0 1 0 -1 0 0 0 -3 0 -2 -1 0 -1 -3 -1 -1 -1 2 0 0 -2 -1 1 -1 0 -1 0 0 0 0 1 1 -2 0 0 0 1 1 0 -1 1 0 1 0 0 0 0 0 2 0 -2 0 0 0 1 2 0 0 0 0 0 0 0 -2 1 -1 1 0 0 0 0 0 -1 -1 0 0 -1 -1 0 0 -1 0 -2 1 0 0 -1 0 0 1 2 1 0 0 1 0 0 1 -1 -1 1 0 0 0 -1 0 0 1 2 0 0 0 2 -1 1 0 -1 0 0 0 -1 0 0 0 0 1 19 1 0 0 1 0 -2 0 2 1 0 0 -1 1 -2 0 0 -1 0 0 0 -1 0 1 1 0 0 0 -1 1 1 2 -1 1 0 1 0 1 0 0 0 -2 0 1 1 0 1 1 0 0 1 -1 1 0 -1 0 -1 1 -1 -1 0 1 0 1 -1 1 0 -1 -2 -1 0 0 -1 1 0 0 1 0 0 1 3 1 0 0 0 -1 0 0 0 0 0 0 -1 0 1 0 0 -1 1 0 0 0 0 1 1 0 0 0 -1 1 -1 -1 0 1 0 -1 1 1 1 0 1 1 -1 -1 0 0 0 0 1 0 1 -1 0 1 0 0 1 -2 -1 0 0 1 0 -1 0 0 0 2 -1 0 0 0 0 0 2 -2 -1 1 0 -1 -1 0 -2 0 0 1 1 -2 0 1 0 0 0 1 0 -1 0 0 -1 0 -2 0 2 0 1 0 -1 0 -1 1 1 -1 -1 0 -1 0 -1 0 0 -1 0 0 -1 -1 1 -1 0 1 -1 1 0 1 0 0 0 0 1 -1
1 -1 1 1 0 1 0 0 2 0 0 0 1 1 1 1 0 1 0 2 1 1 0 -1 -1 2 0 0 1 1 0 -1 -1 1 0 0 0 0 2 -3 3 -1 -1 -2 0 -1 3 -1 0 -2 1 1 -1 -1 -1 1 -1 0 0 1 1 0 2 0 1 -1 -1 -1 -1 0 -2 0 1 1 1 0 1 0 0 1 0 2 0 0 2 1 1 0 1 0 0 1 0 -1 1 2 -1 0 0 -1 -2 0 0 1 0 1 1 0 0 -1 0 2 2 -1 0 1 0 2 -1 0 0 0 1 0 1 1 0 -3 1 1 1 1 0 0 0 3 -1 0 0 1 0 1 0 0 0 -1 0 -1 0 0 -1 -1 0 0 0 1 1 0 2 0 0 -1 0 0 4 0 -1 -1 1 -1 0 0 0 0 1 0 0 2 -2 0 1 -2 0 1 -2 1 0 3 0 0 -1 -1 1 30 1 1 0 0 2 -1 -1 2 2 0 -1 0 0 1 0 0 -2 0 -1 0 1 0 0 -1 0 1 -1 0 0 -1 0 0 1 0 1 1 1 0 1 0 0 0 0 -1 1 1 0 2 0 1 2 0 0 2 1 -1 3 2 0 0 0 0 1 0 -1 -1 1 1 -1 0 0 -1 -2 -2 0 -1 0 3 -1 -1 0 -1 -1 1 0 0 2 -1 0 1 -1 0 -1 1 0 -2 -1 0 0 -1 1 4 2 -1 -2 0 0 2 -1 2 1 -1 1 0 0 0 0 0 -1 0 0 0 0 -1 -1 2 1 -2 -1 0 0 0 0 -1 0 1 -1 2 0 0 0 1 -1 3 4 0 1 1 2 2 0 0 2 0 0 0 1 -2 -2 0 0 -1 0 2 -1 2 0 -1 1 -1 1 -1 -1 1 1 2 0 0 1 0 1 0 1 0 -1 1 0 2 0 2 -1 1 -2 -1 0 -1 1 -1 1 2 0 -1 -1 2 0 -1 0 -1 0 1 0 1 0 0 0 -1
0 -1 0 0 1 1 1 0 0 0 0 0 0 0 0 0 1 0 0 0 0 0 -1 0 -1 1 -1 0 0 0 1 1 1 1 1 1 0 -1 -2 0 0 0 0 1 0 0 0 0 -2 0 0 0 0 0 1 0 0 0 -1 -1 0 0 1 0 0 -1 0 -1 0 1 0 1 -2 0 0 -1 -1 0 0 0 -1 -1 2 -1 1 0 1 0 0 -1 1 -2 0 -1 0 -1 0 0 -1 0 0 0 1 1 0 0 2 -1 0 0 0 0 -1 0 0 -1 0 0 0 1 1 0 0 1 -1 -2 0 1 1 0 0 0 0 0 1 0 2 1 1 0 0 0 0 -1 1 0 0 1 -1 0 0 -1 2 0 1 0 1 1 1 0 1 0 0 0 0 0 1 0 0 0 1 0 0 1 0 -1 0 0 0 0 0 1 0 0 1 -1 0 0 0 -2 0 1 0 1 14 0 1 0 0 0 1 0 1 -1 0 0 1 0 0 0 2 0 -2 0 0 0 0 3 0 0 1 0 0 0 0 1 0 0 0 0 0 0 1 0 -1 0 0 0 -1 1 0 0 1 1 1 2 -1 1 2 1 0 -1 -1 0 0 0 1 -1 -1 0 1 1 1 0 1 0 1 1 0 0 1 0 -1 0 0 0 1 0 0 1 0 -3 0 0 1 0 3 1 0 0 0 0 0 0 0 0 0 0 -1 0 0 0 -1 0 1 0 1 -1 -1 -1 0 1 0 1 0 0 0 0 0 0 -1 0 0 0 0 1 0 0 0 0 0 0 0 0 0 1 0 0 1 2 0 -1 0 0 1 0 0 0 0 0 -1 -1 -2 0 1 0 0 0 0 0 1 -1 -1 0 0 0 -1 1 0 0 0 1 0 0 1 0 0 0 0 1 0 0 1 0 -1 0 0 0 1 1 0 -1 0 0 0 0 0 0 0 0 -1 -1 0 -2 1 0 -1 0 0 -2
-1 0 0 1 1 -1 0 -1 -1 0 0 1 0 0 0 0 0 0 0 -1 0 0 0 0 -1 1 0 0 0 -1 0 0 0 -2 1 1 0 -2 0 2 0 1 0 0 1 0 0 1 0 0 0 1 0 -1 1 -1 2 0 1 1 -2 -1 0 -1 -2 -1 2 0 -2 -1 -1 0 0 0 -1 -1 0 -1 1 0 0 0 -2 2 0 -1 -1 1 -1 -1 -1 0 0 0 0 0 0 0 0 2 1 1 0 1 -1 0 2 -1 1 0 0 2 0 -1 0 0 1 1 0 0 -1 0 0 0 0 1 0 1 -1 1 0 0 0 0 -1 0 0 0 1 -1 -1 0 1 1 -1 1 -1 1 0 1 2 -1 -1 3 0 0 0 1 -1 0 1 0 2 -1 1 0 0 0 0 0 1 0 -2 -1 0 1 0 0 0 -1 0 1 0 1 -1 1 2 0 0 2 0 0 0 1 0 20 0 0 -2 -1 1 0 0 1 1 0 2 0 0 0 -1 -2 0 -1 0 0 0 1 -1 0 -1 -1 0 1 0 0 0 1 0 -1 0 0 1 1 0 -1 0 -1 1 -1 0 -1 0 1 -1 0 0 1 0 -1 0 0 0 1 -1 1 2 4 0 -1 0 1 0 1 0 3 0 1 -1 0 0 -1 0 0 0 0 0 1 -1 -1 -1 -2 2 0 2 1 3 0 -1 -1 1 1 0 -1 -1 0 1 1 1 -2 2 -1 1 0 0 1 1 0 0 0 0 2 -1 0 0 0 0 1 -1 0 1 0 0 0 1 -1 1 0 -1 -1 1 0 0 0 0 1 0 -1 0 1 0 -1 1 1 1 0 0 1 1 0 0 0 0 1 0 1 1 -1 1 0 0 0 0 1 4 3 1 0 -2 -1 0 0 0 0 0 1 0 -1 -1 0 1 1 1 -1 0 0 1 1 -1 0 0 0 1 0 0 0 2 0 0 1 0 0 0 0 1 -1 0 1 0 0
0 3 0 -1 0 0 2 0 0 0 0 -1 1 0 1 -1 1 0 -2 0 1 0 0 0 -2 1 0 0 -1 0 -1 1 0 0 1 -1 2 0 0 0 0 0 -2 -2 2 3 -1 0 1 -1 3 -1 0 -1 0 0 -1 0 -1 1 1 -2 0 -1 0 2 -2 -1 0 1 0 -1 0 1 0 0 -1 0 0 0 0 1 -1 -1 1 0 1 1 1 1 0 0 1 0 1 0 1 1 0 1 0 0 1 1 2 -1 0 1 0 0 0 2 1 -1 2 4 -2 1 1 -2 -1 -1 0 0 0 0 1 -1 0 0 1 -2 0 0 -1 1 0 0 0 -2 1 -1 0 0 0 0 0 1 0 -2 -1 0 0 0 1 0 -2 0 1 -3 0 0 1 1 -1 -1 0 -1 0 0 0 1 0 -1 2 0 2 0 0 0 0 -1 1 -1 1 0 0 2 -1 0 1 0 1 0 1 0 26 0 0 2 -2 -1 1 -2 -2 -1 0 -1 0 1 -2 0 -1 1 1 -1 1 0 0 0 1 1 1 2 2 0 0 0 1 -2 1 -1 0 0 0 -1 1 1 -1 0 0 3 0 0 -1 1 -1 1 -1 -1 1 -1 0 -2 2 0 2 -1 2 0 0 0 0 2 1 0 2 0 0 0 0 1 -1 0 2 -1 -1 1 0 0 -1 0 1 0 0 -1 1 -2 -1 0 0 -2 1 1 -1 -3 0 0 1 -1 -2 1 0 1 -1 -2 1 0 0 0 0 1 1 1 1 -1 0 1 -1 1 0 1 -1 1 0 -2 1 0 -1 0 -1 1 -1 0 0 0 1 1 -1 -1 1 -1 1 1 1 2 1 0 1 1 1 2 0 0 0 -1 0 1 1 -1 0 2 -1 0 2 2 0 -1 0 0 0 -1 0 0 -1 2 -1 0 1 1 0 1 0 0 0 -1 0 0 1 -1 -1 0 -2 -1 0 1 0 -1 0 0 -1 1 -1 0 -1 -1 0 -1 -1 0
1 0 1 0 0 0 0 -2 0 3 -1 0 -1 1 -1 1 0 0 0 0 0 2 0 0 0 0 0 0 0 0 1 1 0 0 1 0 0 0 -1 -1 -1 0 0 -1 0 0 0 -1 0 0 0 -2 0 1 0 0 0 0 0 0 0 0 -1 0 -1 0 0 0 0 0 0 0 0 2 2 0 1 0 0 0 0 1 -1 0 0 0 -2 0 0 0 1 1 0 -1 1 0 2 0 0 0 0 0 -1 -1 0 0 1 1 1 0 0 -1 0 0 1 1 1 1 0 0 0 0 -2 0 0 1 0 0 0 0 1 0 0 -1 0 0 0 0 4 1 0 0 0 0 0 -1 0 0 0 -1 -1 0 -1 0 0 0 0 -1 0 0 -1 0 2 0 -1 -1 1 0 0 1 0 0 0 0 -1 0 2 -1 1 -1 0 0 0 1 0 0 0 2 1 0 1 -1 0 0 0 0 0 10 0 0 -1 0 0 0 0 1 0 -1 1 0 0 -1 0 0 0 0 -1 1 0 0 -1 0 0 0 0 0 0 0 0 -2 0 -1 0 0 0 -1 0 1 -1 -2 1 -2 2 -1 1 1 0 1 0 0 2 -1 0 0 0 0 0 0 1 -1 0 3 1 1 1 2 0 0 0 0 -1 0 0 0 0 0 0 0 0 0 0 -1 0 0 0 0 0 -1 -1 0 0 0 0 0 2 0 2 0 1 1 0 0 0 0 0 1 0 -1 0 0 -1 0 0 0 0 1 0 1 0 0 0 0 1 -1 0 0 0 0 1 0 -1 -1 0 0 -1 0 0 0 -1 -2 0 -1 0 -2 -1 2 -2 0 -1 1 -1 -1 0 0 0 0 0 0 0 0 -1 0 0 0 0 1 0 0 -1 0 0 0 1 0 -1 0 0 0 0 0 0 1 0 0 0 -1 1 0 0 0 0 0 0 1 0 0 1 1 0 0 0 0 0 0 0 2 0 1 0 -1
1 2 0 0 2 1 -1 1 0 0 -1 1 1 2 0 0 1 1 0 1 0 0 -1 0 1 0 1 1 1 0 0 -1 0 1 -1 1 0 1 1 -1 1 0 0 -1 0 -1 1 0 0 -1 1 0 0 1 0 1 2 0 -1 0 -1 1 0 2 0 -1 -1 0 0 0 -1 3 1 -1 0 0 0 0 -1 0 0 0 0 -2 1 1 1 1 0 0 2 1 0 2 1 0 2 0 -1 -2 0 0 0 0 0 0 0 0 1 0 1 0 3 0 -1 0 -2 1 -1 0 -1 -1 0 0 0 1 0 0 2 1 -1 0 0 0 -1 0 -1 0 0 0 0 0 -1 0 0 0 -1 -2 -1 -3 -1 0 1 0 -1 -1 0 0 2 0 -1 0 0 0 1 2 -2 1 0 -1 1 -1 0 0 2 0 -1 0 0 0 -1 -1 0 0 0 0 0 0 0 0 1 0 -2 2 0 -2 0 0 18 0 0 1 1 1 -1 0 1 0 0 0 1 1 -1 0 0 -1 1 -1 0 0 0 -3 0 -1 0 -1 0 0 2 -1 1 0 1 -1 0 0 2 -1 1 -2 1 0 0 0 -1 0 -1 0 0 0 0 0 1 0 0 -2 2 0 -1 1 0 -1 -1 1 0 -1 0 2 0 -1 1 1 -2 1 0 1 1 0 -4 2 2 2 1 0 0 0 -1 1 1 1 -1 1 0 0 0 1 -1 1 0 0 1 -1 0 1 0 -2 0 -1 -2 -1 0 1 -1 -1 0 -2 0 2 1 0 1 0 1 1 1 1 0 0 1 0 0 -2 0 -1 1 0 1 1 0 0 0 0 0 -1 0 -1 -2 3 -1 0 0 0 0 1 0 -1 1 1 0 0 1 0 0 1 1 1 0 1 1 0 1 0 1 0 -1 -1 1 0 0 1 0 0 -2 2 0 0 -1 1 0 0 1 0 1 1 1 -1 0 -2 -1 0 0 0 -3 1 2 0 -1 0 0 0
1 1 0 0 0 0 0 1 0 0 1 0 -1 0 -1 -1 0 1 1 0 0 0 1 0 -4 1 0 0 -1 0 0 0 0 0 1 0 1 2 0 0 1 0 0 -1 0 2 -1 0 0 0 0 0 0 0 0 -1 0 0 0 -1 0 -1 0 0 -2 1 0 0 0 0 0 0 0 0 0 1 0 0 0 0 1 0 0 0 0 0 0 0 -1 0 0 0 -1 0 -1 0 0 0 1 0 0 2 0 -1 1 -1 0 -1 0 0 0 0 0 1 2 -1 -1 0 0 0 0 0 -1 0 0 0 -1 0 0 0 0 0 0 0 0 -1 0 0 0 1 0 0 -1 0 0 -1 1 0 -1 1 -2 0 0 0 1 0 0 2 0 -1 0 0 1 0 0 1 0 1 1 0 2 1 0 1 0 1 0 0 1 1 0 0 0 -1 0 -1 0 1 0 0 0 0 0 -1 0 -1 2 0 0 12 0 -1 1 1 0 1 0 1 0 0 0 0 0 0 1 1 0 0 0 0 0 0 0 0 1 0 0 0 0 1 0 0 0 -1 0 0 -1 1 0 0 0 0 0 0 1 2 0 2 -1 0 0 1 0 0 0 0 0 1 1 -1 0 -1 1 1 1 0 2 0 -1 0 0 0 1 0 1 0 -1 -1 1 0 0 1 1 -1 0 1 3 1 0 0 0 0 0 0 -1 -1 0 0 -1 2 0 1 1 -1 -1 -1 0 0 -1 0 2 0 0 0 0 0 0 0 0 1 0 1 -1 1 0 0 2 0 1 1 0 0 0 0 0 0 0 -1 0 0 -1 -1 -1 0 1 0 0 0 0 1 0 0 0 0 1 0 1 1 -1 1 -2 0 0 -2 0 2 1 1 2 0 0 0 -1 0 0 1 1 1 -1 1 0 -1 0 0 0 -1 0 0 0 1 0 1 0 0 0 0 0 0 0 0 2 0 1 0 1 0 1 0 -2 1
0 0 1 -1 -1 1 -1 2 0 0 0 0 1 1 0 0 -1 1 0 0 0 0 2 -2 3 1 0 0 -1 0 0 0 0 2 0 1 -2 1 0 2 0 0 -1 1 0 0 -1 1 -1 0 -1 -1 1 1 1 -1 0 0 1 0 -1 0 1 0 -1 0 0 1 0 -2 0 0 0 -1 0 0 1 0 0 1 0 -2 1 1 0 -1 -1 0 -1 2 0 1 0 0 -1 0 0 1 0 0 0 0 0 0 2 0 3 -1 1 0 0 1 -1 1 1 0 1 1 0 1 1 -1 1 0 0 1 -1 1 0 0 -2 1 0 -1 -1 0 0 0 0 0 -1 -2 1 -1 0 0 0 0 0 1 1 0 3 0 0 0 1 -1 0 2 1 1 2 0 1 0 -1 0 1 0 2 -1 0 1 0 -1 -1 1 1 1 0 0 0 -1 1 0 1 0 0 -2 0 0 2 -1 1 1 -2 -1 0 0 22 2 1 2 1 2 -1 -1 -1 -1 2 1 1 -1 0 0 0 1 0 1 0 0 1 0 -1 0 -1 0 -2 1 -1 0 0 0 -2 0 0 0 2 1 -1 1 0 -1 0 0 0 -1 -1 -1 2 -1 0 2 0 0 0 -1 0 0 -1 0 0 0 0 -2 1 -1 -1 0 2 -1 0 0 1 0 -1 -1 0 -1 1 0 1 1 0 1 -2 4 0 0 2 0 0 1 0 -1 -1 0 1 -1 1 1 0 -1 1 0 0 -1 0 0 0 1 0 0 0 0 1 1 0 0 -2 0 0 0 0 0 0 2 1 -1 -1 -1 -1 2 -1 -1 -1 0 0 -1 0 -1 0 0 2 -1 -1 0 0 -1 2 0 -2 0 2 0 -2 -2 0 1 0 -1 0 -1 -1 -1 0 0 -1 0 0 0 0 0 0 1 3 0 -1 0 -1 1 2 2 -2 0 1 1 0 -1 2 0 0 1 0 -1 -1 1 1 0 -3 -1 0 0 1 0 0 0 0 1
0 1 1 0 0 1 0 -1 -3 -1 0 0 1 2 0 -1 0 -1 0 -2 1 0 0 0 1 0 2 0 0 1 1 -1 0 0 0 1 0 0 0 0 1 0 0 0 0 -1 -1 0 0 1 2 1 0 -1 0 0 0 1 -1 0 0 0 0 1 1 0 0 0 -2 -1 0 0 1 0 0 0 0 0 0 0 0 0 0 0 0 0 1 0 1 1 1 1 0 1 0 1 0 0 0 0 -1 -3 -1 1 -1 1 -1 0 0 -1 0 0 -1 0 -1 2 -1 0 0 -1 -1 2 0 0 1 1 0 -1 0 0 1 1 1 0 -1 1 1 0 0 0 2 0 -2 0 0 0 2 -1 1 0 2 0 0 0 0 0 0 -1 0 1 -1 0 0 0 1 2 0 0 0 0 0 -1 0 0 0 0 0 0 -3 -2 1 0 1 0 1 1 1 -1 0 0 1 0 1 2 0 0 -1 0 1 -1 2 15 0 0 1 1 0 -1 0 -1 2 0 -1 0 0 0 0 0 0 0 1 -2 1 2 0 0 2 0 -1 -1 2 0 2 1 1 1 1 0 0 -2 0 -1 0 0 0 0 0 1 0 0 2 0 0 0 0 0 0 -1 -2 0 0 1 0 0 0 0 -1 1 -2 1 0 -2 1 0 0 -3 1 0 0 1 3 -1 0 2 0 -1 1 -3 0 0 0 1 0 0 0 1 0 0 1 0 1 1 0 -1 0 0 0 0 1 -1 0 -1 1 0 0 0 0 0 -1 0 -1 -1 0 1 0 0 0 0 -1 0 1 0 -2 0 1 0 1 0 2 1 2 0 0 0 -1 -1 -1 0 0 1 1 0 0 0 0 2 -1 1 0 0 0 1 0 3 0 0 0 0 0 0 0 -1 0 1 -1 1 3 -1 1 -2 1 -2 0 0 0 -1 0 0 0 0 1 -2 1 1 1 0 0 -1 -1 -1 0 0 0 -1 0 0 2 1 0 1
2 1 1 0 1 0 0 0 0 0 0 0 -1 1 0 -1 -1 1 0 1 -1 -2 1 -1 0 0 -1 -1 0 0 1 2 1 2 -1 1 0 0 1 3 1 0 -1 -3 1 0 -1 2 0 0 0 1 0 0 -1 1 -1 1 -1 0 0 0 -1 -1 1 -1 -1 1 1 2 0 -1 2 1 0 -1 1 1 -1 0 1 -1 0 0 2 0 1 0 -1 1 0 0 0 2 -1 0 -1 0 1 0 1 2 1 0 0 0 -1 1 1 1 0 -1 1 1 0 0 1 1 -2 2 1 3 1 0 1 1 0 1 0 1 -3 1 1 0 1 1 -1 0 1 0 -1 -1 0 1 0 -2 0 2 0 0 -1 0 0 0 2 0 1 2 -2 0 -1 1 0 1 3 0 -1 0 0 0 3 1 0 0 1 3 0 0 1 0 -1 0 0 0 -1 0 -2 0 0 0 0 -1 0 2 1 0 1 0 1 1 1 0 24 1 2 0 2 0 -1 -1 0 2 -1 0 -1 3 0 1 1 0 0 -1 0 0 0 0 1 0 -1 1 1 2 1 0 -1 0 -1 1 0 -1 -1 1 1 -1 -1 0 0 2 2 0 2 1 0 0 0 -1 1 0 1 2 -1 0 1 0 1 0 1 1 -1 2 -1 2 1 -1 1 -1 0 1 0 0 2 2 0 2 -1 1 -1 0 -1 1 -1 0 1 0 1 -1 -1 0 0 0 0 1 0 0 0 1 -1 -1 0 2 0 1 0 1 0 1 0 0 0 2 1 -1 0 0 0 1 4 1 1 -1 0 -2 0 0 0 2 0 0 2 -2 1 0 0 0 1 0 2 0 0 -3 1 0 -2 1 -1 0 2 0 0 1 1 -1 3 0 5 0 0 -1 0 -1 1 0 -2 0 0 2 1 0 1 1 1 -2 0 2 1 1 -2 2 0 -2 0 0 1 1 1 0 0 0 0 0 -2 1 -1 -2 1 0 1 1 0 -1
1 0 -1 0 -1 1 0 0 -1 0 1 0 0 -1 0 -1 0 -1 2 0 1 0 2 1 -1 1 0 0 -2 0 -2 2 0 0 1 0 0 0 -1 0 1 0 0 -1 0 1 0 -1 1 0 -1 -1 1 -1 2 0 0 0 1 0 -1 0 2 0 0 1 1 0 1 0 0 1 2 -1 -1 -1 -1 1 0 1 -1 0 0 0 -1 -1 -1 -2 2 1 1 1 1 3 -1 0 0 1 2 0 0 -1 0 -1 0 0 1 1 -1 0 0 0 1 2 -1 -1 0 0 0 1 2 1 0 2 1 0 1 -1 -1 -1 -1 0 0 0 0 1 0 2 0 -1 1 0 0 -1 0 0 1 -2 0 -1 0 3 0 0 0 -2 0 0 1 1 1 0 0 0 0 2 1 -1 0 0 0 1 -1 -3 0 0 -1 0 3 0 0 2 0 3 -2 3 1 1 0 -1 -1 0 0 0 -1 1 -2 0 1 1 2 0 1 26 0 1 1 1 0 0 0 0 0 -1 0 -1 0 0 0 -2 2 -1 0 0 -2 1 -1 0 0 -1 0 2 0 3 1 0 1 0 0 0 1 -1 0 -1 1 4 0 -2 0 0 0 0 1 0 -1 3 0 0 -1 -1 1 1 -1 0 0 0 -1 0 0 0 0 3 0 0 1 0 0 1 0 1 0 -2 0 0 -1 0 0 1 1 0 1 0 0 1 0 -1 0 1 -1 0 0 0 -1 0 0 -1 0 1 1 2 0 -1 2 -2 0 -1 -1 1 -1 0 0 -2 0 0 -1 -1 0 1 0 0 1 1 0 -1 0 1 0 0 0 0 -1 0 0 0 0 -3 0 1 -2 -2 -1 0 -1 0 1 0 0 -1 0 0 -1 0 4 1 3 -1 2 1 0 -1 0 -1 -1 0 1 1 -2 0 0 1 1 0 0 -1 0 0 0 0 0 1 0 0 2 1 0 0 0 0 1 0 0 0 -1 -2 0 -1 0 -2 0 1
0 -1 0 0 0 -1 0 -1 0 0 1 1 0 -1 0 0 2 1 0 1 0 0 1 -1 0 0 1 -1 0 0 0 0 -1 0 0 1 -1 0 -1 1 1 0 0 0 1 0 0 0 0 2 0 0 0 -3 1 0 1 2 2 0 -1 0 -1 0 -1 0 0 0 1 -2 -1 -1 2 2 -1 1 2 0 -1 1 1 -2 1 0 0 -1 0 1 0 0 -1 0 0 2 -2 0 0 1 1 0 0 1 0 2 0 1 2 1 0 0 -1 -1 1 3 1 1 -1 0 0 0 1 0 0 0 0 -1 -1 0 0 -1 0 1 0 0 0 0 1 0 0 0 0 0 0 -2 0 0 -2 0 0 1 0 0 -2 -1 0 0 2 0 -1 0 2 1 -1 0 0 0 0 0 -1 0 2 -1 0 -1 -2 0 0 -2 1 -1 0 0 0 0 -1 0 1 1 0 1 1 0 -1 -1 0 1 -2 0 -1 0 1 1 2 0 19 0 0 0 1 -1 -1 1 0 1 0 1 0 0 0 0 -1 -1 1 1 0 0 0 0 0 -1 -1 0 0 3 -1 -1 0 1 0 -2 0 0 -1 0 0 1 -1 0 -1 2 3 0 0 0 1 1 0 0 0 0 0 0 0 -1 0 1 0 0 1 1 0 1 0 0 2 -2 -1 1 1 0 2 0 0 2 2 0 0 0 0 1 -1 0 -1 1 -2 0 -1 1 0 3 1 0 1 1 -1 0 -1 0 0 1 -2 0 0 0 0 0 1 0 1 -1 -1 0 0 0 1 -1 0 0 1 -2 3 0 0 1 2 1 -2 0 0 0 0 0 0 0 1 -1 2 1 1 0 0 0 -2 0 0 1 1 -2 0 1 1 1 0 1 1 -1 0 0 0 0 0 0 0 0 -1 -1 1 0 -1 -1 -2 0 0 1 -2 1 0 0 -1 -1 0 -1 0 -3 0 0 0 1 2 1 0 -2 1 -1 2 1 0 1 1 0
1 0 2 0 0 -1 1 0 0 1 0 0 0 0 1 0 0 -3 0 0 1 3 1 0 0 0 1 0 -2 0 -1 1 -1 0 2 2 -2 0 -1 0 1 -1 0 1 1 0 0 -1 0 1 0 1 -1 0 1 -1 2 1 -1 1 -1 0 -1 2 1 1 0 1 0 1 0 0 0 0 0 0 1 1 0 1 0 1 0 0 0 -1 -1 0 0 2 0 0 1 0 0 1 1 0 2 0 -1 0 -1 0 0 0 1 1 1 0 1 0 1 1 2 1 0 0 -1 1 0 0 0 0 1 1 0 1 1 0 0 0 -1 0 2 0 0 0 2 0 0 1 0 -1 0 0 0 0 -1 -1 1 0 0 0 -2 0 0 1 0 1 -1 0 2 -2 -1 1 2 1 0 1 0 0 0 2 -2 -1 0 1 0 1 0 0 -1 1 -1 1 0 -3 0 0 1 0 1 0 0 0 -1 1 0 1 2 1 0 1 0 20 1 0 0 0 0 0 0 1 -1 1 -1 0 -2 0 0 -2 -1 0 0 0 -1 0 1 0 2 -1 2 0 -1 0 0 0 4 -1 0 1 0 -1 0 1 0 0 0 -1 3 0 1 1 1 1 1 -1 0 0 0 -1 -1 0 0 1 0 0 -2 0 1 1 0 2 0 0 1 0 0 0 1 2 0 1 1 0 -3 1 0 1 1 0 0 0 2 1 0 0 -1 0 0 0 0 -1 1 -1 0 -1 -1 0 1 0 0 0 2 0 1 1 -2 -1 0 0 0 0 0 1 1 0 2 0 -1 0 0 -1 1 0 0 0 2 0 0 0 0 -1 0 0 0 0 2 2 0 -2 -1 0 0 1 -1 1 3 0 0 0 1 0 0 0 -1 0 2 0 1 -1 -1 1 2 0 2 0 -1 -1 0 2 0 2 1 0 0 0 0 -1 0 -1 0 2 0 0 -1 3 0 0 -1 0 0 0 0 1 0 0 0 -1
0 1 0 0 0 0 1 0 0 0 0 1 0 0 -1 -1 1 1 2 1 1 0 0 1 0 0 -1 1 1 0 1 1 0 1 1 1 -1 0 0 0 1 1 0 -1 0 -1 1 0 0 0 1 2 0 -1 0 -2 0 1 -1 -1 0 0 1 -1 2 1 0 1 0 1 0 1 1 0 1 1 0 0 0 1 0 0 0 1 1 -1 0 0 -1 0 0 -1 3 0 2 0 -1 0 0 0 0 1 -1 -1 0 0 0 -1 0 1 0 0 1 0 -1 -1 -1 0 -4 0 1 0 0 0 0 -1 0 1 0 1 -1 0 -1 0 0 -1 1 0 0 1 -1 1 1 1 0 -1 0 2 -1 -2 1 0 0 1 1 1 0 1 -1 0 1 -1 0 0 -1 0 1 -1 1 0 1 0 0 0 -1 0 -1 -1 0 1 0 0 -1 1 0 -1 0 -1 0 0 1 0 -2 0 1 2 0 0 1 0 -1 0 2 1 0 1 18 1 -1 0 0 0 -2 0 -2 0 1 0 -1 1 1 0 -1 1 0 -2 -1 0 0 0 1 1 1 1 1 0 0 -1 0 -2 3 0 -1 0 -1 0 0 0 0 0 1 0 0 -1 0 0 0 2 -1 0 0 1 0 -1 0 0 0 1 0 0 1 2 -1 -1 0 0 1 -1 0 0 0 0 0 1 -1 0 1 -1 0 0 1 0 0 -1 1 0 0 -1 1 0 -2 0 0 -2 -1 -1 -2 0 -1 0 -1 0 0 0 0 0 1 1 -1 0 0 0 -2 1 0 -1 0 -1 0 0 1 -1 0 -1 1 -2 0 0 0 1 0 0 0 1 -2 0 -1 1 0 -1 1 -1 0 0 -1 1 1 0 -3 0 0 0 3 0 2 1 0 1 0 -1 1 -1 0 0 0 1 -2 0 0 0 0 -2 -1 -1 0 0 -1 0 1 0 -1 0 1 0 1 0 1 0 -1 2 0 0 0 0 0 2 0 -1 0 0
-2 0 -1 0 0 -1 1 1 -1 2 1 0 0 1 0 0 -1 0 1 1 0 0 1 1 -2 0 0 0 1 0 0 3 0 1 -1 -1 0 2 0 1 0 -2 2 -1 -1 -2 0 0 0 -1 -1 2 0 1 0 -2 0 -1 1 1 -1 1 1 0 -1 0 0 -1 0 1 0 -1 0 -1 1 2 0 0 0 -1 0 0 1 0 -1 -1 0 0 0 0 0 0 2 2 0 0 0 0 0 -1 -1 0 2 -1 1 0 1 0 1 0 1 0 -2 1 0 -1 -1 0 1 1 1 0 0 1 1 1 -2 -1 0 2 0 -1 -1 0 1 0 -1 0 -2 0 3 0 -1 0 0 0 0 0 0 0 -1 0 0 -1 0 0 0 1 1 0 1 1 -1 0 -1 -2 0 0 0 0 0 -1 -1 -1 0 0 -1 0 -1 2 1 1 -1 -1 1 0 1 2 1 0 1 0 0 1 0 0 -1 -1 0 1 -1 -1 0 1 0 0 1 19 -2 0 -3 -1 -1 0 0 -1 1 0 0 0 1 1 -1 0 0 -1 -1 0 1 1 0 0 0 0 0 2 -2 0 -2 1 0 0 1 0 0 2 1 0 1 0 -1 -1 0 2 1 0 0 1 -1 -1 -1 0 0 0 -1 0 -1 0 1 1 1 1 0 0 0 0 0 0 -1 1 -2 1 0 1 0 1 -1 0 1 0 0 0 0 1 1 0 -1 0 0 1 -1 1 1 2 -2 0 0 -1 0 -1 0 0 0 0 -1 1 -2 0 -1 0 1 0 -2 1 1 -1 0 0 0 1 -1 2 1 0 1 0 -1 1 0 0 -2 0 1 -1 1 0 1 0 -1 0 0 0 0 1 0 0 -1 2 1 0 1 -1 1 0 1 1 -2 0 0 2 -2 0 0 0 1 1 0 1 0 0 0 0 0 1 0 0 0 0 -1 0 0 0 1 -1 -1 3 1 3 1 0 1 0 0 0 0 0 1 1 -1 0
2 1 0 0 2 -1 0 -1 0 0 0 0 0 1 0 0 1 0 0 0 0 1 0 0 -1 0 0 0 0 0 0 1 0 0 1 0 0 0 0 1 -1 1 0 0 0 0 1 -1 0 0 0 1 1 -1 1 0 2 1 1 0 0 0 0 0 1 0 1 0 0 0 1 0 1 1 -1 0 1 0 0 -1 2 0 1 2 0 0 0 -1 1 0 0 0 0 -1 0 0 0 1 -1 0 0 -2 0 -1 -1 1 0 1 0 0 -1 -1 0 0 -1 -1 -1 1 1 -1 1 -1 0 0 0 0 2 0 -1 0 0 0 1 0 0 0 1 0 1 1 0 0 0 0 0 1 0 0 1 0 0 0 0 0 0 0 0 1 1 0 2 1 0 -1 -1 1 1 0 1 0 0 1 0 0 -3 -1 1 0 -1 -2 -1 -1 0 0 -1 0 -1 0 0 1 0 0 0 0 0 0 0 1 0 0 -1 0 -1 0 1 0 -1 -2 19 0 2 1 0 0 0 0 -1 0 0 0 1 -2 0 0 0 1 0 0 0 -1 0 0 0 1 2 0 -1 0 0 0 0 -1 0 0 0 0 0 0 0 -2 1 0 0 0 1 0 0 0 -2 0 0 0 2 0 0 0 1 0 0 0 0 1 -1 2 1 0 0 0 -3 0 -1 0 -1 1 0 0 -1 -1 -1 0 -1 0 -1 1 1 2 2 0 1 1 -1 -1 -1 -1 1 0 0 1 0 1 2 0 2 0 0 -2 0 0 1 0 1 0 1 1 0 1 0 -2 0 -2 0 0 -1 -1 0 1 0 -1 0 0 -1 0 -2 2 1 1 1 0 0 -2 -1 0 -2 0 1 0 -1 0 -2 1 2 1 0 0 -2 -1 0 0 0 -1 -1 0 -1 1 1 1 0 -1 0 0 -1 -1 0 1 0 0 0 0 0 0 0 0 0 -1 1 0 -1 -1 -1 0 2 0 0 -1 1 0 0 -1 -1 0
1 0 0 1 0 0 1 0 0 0 1 1 1 1 1 1 1 0 -1 1 0 0 0 0 0 2 0 0 0 0 -2 1 0 -1 0 0 3 0 0 0 -1 0 1 1 0 0 -1 0 1 -1 0 0 0 0 0 0 0 0 0 0 0 0 1 0 -2 0 1 -2 1 0 0 0 1 2 1 0 1 0 1 0 0 0 1 -1 0 0 1 -1 1 0 0 1 0 1 2 0 0 0 -1 0 0 0 -1 0 0 0 -1 1 -1 0 0 -1 0 -1 0 -1 2 0 2 -1 1 0 0 1 0 -1 0 0 3 1 2 -1 0 1 0 0 0 0 0 0 -1 0 2 0 1 0 0 2 0 0 0 1 1 0 0 0 0 0 1 0 0 0 0 0 1 0 1 0 -1 2 0 0 1 1 -1 -1 0 1 0 2 1 0 0 0 0 0 0 -1 0 0 0 0 -1 0 0 0 1 0 0 0 -1 -1 -1 0 -1 0 0 0 0 15 -1 0 0 1 0 0 0 0 0 0 1 -1 0 0 0 1 1 0 1 0 1 1 -2 1 0 -1 0 0 0 -1 0 1 0 0 0 -1 0 0 1 0 0 2 0 1 0 1 1 0 2 1 2 0 0 0 0 1 -1 0 -1 0 0 0 0 1 0 0 -3 0 1 0 3 0 1 0 1 0 0 1 0 0 1 1 -1 0 0 2 0 0 -1 -1 1 -1 0 1 1 0 0 1 0 -1 0 -1 0 2 0 -1 1 1 1 1 1 -1 0 -1 1 2 0 0 0 1 0 0 0 0 1 0 0 0 -2 0 0 0 0 0 1 0 -1 1 0 0 -1 1 0 -1 0 1 -1 1 1 0 0 0 0 -1 1 -1 1 0 0 0 0 0 0 0 1 -1 0 -1 0 1 0 0 0 -1 0 1 0 0 0 -2 0 1 2 0 0 0 1 1 1 0 0 -1 0 3 0 -1 1 0 0 0
1 0 1 0 0 1 0 -1 0 1 1 0 -1 0 0 2 -1 1 0 -1 0 0 -2 -1 2 0 0 1 0 0 1 -1 -2 0 -1 1 0 1 1 1 1 1 0 2 -1 0 0 0 -1 1 0 -1 0 0 1 0 0 1 0 -1 0 0 0 0 0 0 0 0 0 -1 0 0 0 1 0 1 1 0 0 0 0 1 1 1 0 0 -1 1 -2 -1 0 0 0 0 1 0 -1 -1 -1 1 -1 -1 0 1 1 2 1 1 -1 -1 1 -1 1 1 0 -1 0 1 0 0 -1 0 0 0 0 0 1 -1 2 -1 -1 1 0 0 -1 -1 1 0 0 2 1 0 0 1 0 0 0 0 0 0 1 0 1 0 0 0 1 0 -1 1 0 0 1 0 1 1 0 0 0 -1 0 0 2 2 -1 -1 -2 0 0 2 1 1 0 0 0 0 0 -3 2 -1 0 0 0 -2 2 -1 -2 0 1 0 2 2 0 0 -1 0 0 -3 2 -1 17 -1 0 -1 0 1 1 1 1 -1 -1 -1 0 0 -1 1 0 1 0 1 1 0 1 0 2 1 2 0 1 -1 0 -1 0 -1 -1 -1 0 1 0 2 -1 0 1 0 -1 0 -2 -1 0 0 0 0 1 0 -1 1 2 2 0 -1 -1 0 -1 1 1 2 1 0 -1 1 3 -1 1 -1 -1 1 1 -1 -1 0 0 1 0 0 1 1 0 0 1 2 0 0 0 -1 -1 -1 1 0 0 -2 3 0 1 -1 -1 1 -1 0 -1 1 -1 0 0 1 0 3 -1 -1 0 0 1 0 1 0 0 1 0 0 1 0 0 0 -2 1 0 -1 0 0 0 -1 0 -1 -1 0 0 0 -2 -1 1 0 1 0 0 0 0 -1 1 1 0 0 -1 0 0 -2 0 0 0 1 1 0 1 -2 2 0 0 0 0 0 0 1 1 1 0 1 1 0 0 0 -1 0 0 0 1 0 0 1 0 0 -1 0
0 2 -1 -1 0 -1 0 2 0 -1 0 -1 1 0 0 -1 0 0 -1 3 1 0 0 -1 1 -1 1 1 0 1 0 -1 -1 -1 0 0 0 -1 -1 3 1 0 -1 1 1 0 0 0 1 -2 -2 -2 0 0 0 -2 0 1 0 0 2 0 0 1 1 0 -1 0 1 2 0 0 1 0 0 1 0 0 -1 -1 0 -1 0 0 0 0 0 -2 -1 0 1 -1 0 1 0 0 0 0 0 -2 -1 -2 0 1 -1 -2 1 1 2 2 1 0 0 1 0 0 -1 -1 -2 0 2 0 1 0 1 0 0 0 1 -1 0 1 0 -1 1 -1 -1 0 -1 0 0 0 0 0 0 -2 1 0 1 1 0 0 -1 0 0 -1 -1 0 1 0 0 0 0 -1 0 -1 1 0 0 0 0 0 0 0 -1 -1 -3 -1 0 -1 0 -1 0 -1 0 -1 -2 0 0 0 0 3 0 0 0 -2 0 -1 1 0 1 0 2 0 1 0 0 -1 1 0 -1 19 1 -1 0 0 0 -1 0 2 -1 -1 0 0 -1 0 1 0 -1 0 1 -1 0 1 1 0 2 0 0 0 0 1 -1 0 -1 1 0 0 0 1 -1 -1 -2 1 -1 0 -1 0 0 1 0 -1 0 0 0 -1 1 -2 0 -1 0 0 4 0 1 1 1 1 0 0 2 -1 -1 -1 -1 -2 1 0 -1 2 0 0 1 -1 -1 1 0 0 0 -2 -1 0 0 2 0 0 -1 0 -1 1 -2 0 0 1 0 0 0 -1 1 0 0 0 0 0 1 0 0 1 1 0 1 1 0 0 0 1 0 -1 0 0 0 0 0 0 2 0 0 -1 0 -3 0 0 -1 0 0 -1 2 0 1 0 -1 0 -1 0 -1 -1 0 -1 -2 0 0 0 0 1 0 0 0 0 0 0 -1 -1 -3 1 -1 0 -1 1 -1 -1 0 -1 0 0 2 -1 0 -1 2 0 0 0 0 0 0 -1 0 1 0 0
0 0 0 1 -1 -2 0 0 0 1 0 0 3 -1 -2 0 -1 -2 1 -2 2 2 1 -1 -1 0 1 2 -1 0 -2 -1 0 0 1 0 0 0 4 0 -1 0 1 0 0 1 -1 1 -1 1 -1 -1 1 1 0 1 1 0 0 1 -1 -1 3 1 1 0 1 0 1 -1 0 -1 -1 0 0 2 0 -1 0 -1 2 -1 1 0 0 1 0 1 1 -1 -1 0 1 0 -2 -2 0 -1 0 0 0 2 0 0 1 -1 2 0 -1 1 0 0 -1 -2 1 -1 -1 -1 1 1 -1 -2 0 0 0 1 0 0 0 -2 -1 0 0 0 0 0 -1 0 0 0 -1 0 -1 0 1 0 -1 1 0 1 0 0 0 0 0 0 0 -1 0 0 0 1 0 2 0 0 0 0 0 1 0 0 0 -1 2 0 -3 -1 1 -1 2 -1 0 -1 0 0 -1 -1 -2 0 -1 -1 0 -1 -2 0 -1 0 -1 0 1 -1 -1 0 0 0 -2 -1 0 0 0 1 19 0 0 0 1 0 0 0 0 1 0 2 1 0 0 0 0 1 -1 0 -1 0 -1 1 2 0 1 2 0 -2 0 2 -1 0 0 0 0 -1 -1 1 1 0 0 1 0 1 1 0 0 -1 0 0 0 -1 0 -2 -1 2 1 -1 0 0 0 0 -1 -1 2 -1 0 0 -1 -1 -1 -1 1 0 0 0 0 0 0 1 0 -1 -1 0 -1 0 -1 0 0 1 0 2 -1 1 0 -2 0 -1 1 0 0 2 1 -2 0 2 0 1 0 1 0 1 0 3 1 -1 0 0 1 -1 0 -1 -1 -1 1 0 1 0 0 -1 -1 1 2 0 0 0 -2 2 1 -1 0 0 0 3 1 -1 1 -1 1 0 0 0 0 -1 0 1 0 1 0 1 0 0 1 -1 0 0 -1 -1 1 1 0 -2 0 1 0 1 0 0 0 0 0 -1 0 0 0 0 0 1 -1 1 0 0 0 0 0 0
0 1 0 0 1 0 -1 0 0 0 0 0 0 1 0 -1 0 -1 -1 -1 0 -1 1 0 -1 0 0 0 0 0 -2 0 -1 -1 -1 0 0 0 -2 -1 -1 -1 -1 1 2 0 0 -1 0 0 1 0 0 0 0 0 0 0 1 0 0 1 0 0 -1 0 -1 -1 0 2 0 0 0 -1 -1 0 -2 0 -1 1 1 0 -2 -1 0 0 0 0 1 0 0 -1 0 0 1 0 1 0 0 0 0 0 -1 0 1 1 0 0 -1 1 -1 0 -1 0 0 -1 0 1 1 0 0 0 0 0 -1 2 0 0 -1 0 1 -1 0 0 0 0 2 0 0 -2 0 -1 1 -2 0 1 0 0 0 0 0 1 0 0 0 0 0 0 0 1 -1 0 -1 -1 -1 -1 -1 -1 0 0 1 0 -1 0 -1 0 -1 0 0 -1 0 0 0 0 0 0 0 3 -1 0 1 0 -1 0 0 -1 1 0 0 0 -1 0 0 -1 1 1 0 0 0 1 -1 -1 0 18 -1 0 0 0 1 0 1 0 -1 1 0 0 -1 0 0 0 -2 0 0 0 -2 0 -1 0 2 0 -1 1 0 0 1 -1 0 0 -1 0 1 0 0 0 1 -1 0 0 1 0 0 -1 -1 -1 0 2 0 -1 0 0 0 2 1 2 0 0 0 1 1 0 0 0 1 -1 -1 0 -1 0 0 -1 1 0 1 0 -1 0 1 -1 0 0 0 0 1 0 0 0 0 0 1 -1 0 1 0 0 0 2 2 -1 1 0 0 0 0 0 0 0 0 0 -1 0 0 0 0 1 0 0 0 1 0 -1 0 1 0 1 -1 1 0 0 0 0 1 1 0 0 0 0 0 1 0 0 1 0 0 -1 1 1 2 0 -1 0 2 0 -1 0 2 -1 0 0 0 0 1 0 0 1 0 0 0 0 -1 0 0 0 2 -1 -1 1 -1 0 1 1 0 0 1 0 -1 0 1 1 1 2
1 -1 0 0 0 1 0 0 0 -1 1 0 0 -1 0 -1 0 1 0 1 0 0 1 0 -1 0 0 1 -1 1 1 0 -1 -1 2 0 0 0 0 1 1 0 -1 -1 -1 0 0 -1 0 0 0 0 -1 1 1 -1 0 0 0 -1 0 0 0 0 0 0 0 0 0 0 -1 1 0 0 0 0 0 1 1 0 1 0 0 0 -1 1 -3 1 -1 0 0 0 1 0 0 1 -2 0 0 0 0 0 0 -1 1 0 0 0 0 0 2 1 0 1 0 0 0 0 0 -1 0 0 -1 0 0 0 1 0 1 -1 0 0 0 0 1 0 -1 0 -1 1 0 0 0 -1 0 0 1 0 0 0 1 -1 0 0 1 0 0 0 0 -1 0 0 1 -1 -1 0 0 0 -1 -1 1 0 0 0 0 -1 0 1 0 0 0 0 0 2 -1 0 0 2 0 0 0 0 0 1 0 0 1 0 0 1 0 0 -1 0 0 -1 -2 0 0 0 0 0 0 -1 13 -1 0 0 1 0 0 0 0 1 0 0 0 0 0 0 1 1 0 1 0 0 0 0 0 0 0 0 0 0 0 0 0 0 0 0 1 1 -1 0 0 0 0 1 1 -1 0 1 1 -1 0 0 -1 0 1 0 0 -1 0 0 0 0 0 2 0 0 0 0 0 1 2 -1 0 1 0 0 0 0 0 0 0 0 0 0 0 0 0 0 0 0 1 -1 2 0 0 0 0 0 0 0 0 0 0 0 -1 1 0 0 1 0 0 -1 1 0 0 0 1 1 -1 -1 1 1 0 1 -1 -1 0 0 0 1 1 0 0 0 0 0 0 0 0 0 0 -1 0 1 0 0 -1 -1 0 0 -1 -1 0 -2 0 1 -1 -1 2 0 1 -1 0 0 0 1 0 -1 1 0 0 0 -1 0 1 -1 1 1 1 0 -1 1 -1 1 0 -1 0 0 0 1 0 0 0 1 -1 2
-1 0 1 0 0 2 1 0 1 0 0 0 1 0 1 0 -1 0 5 -2 0 0 0 0 -2 0 1 1 3 -1 -2 -3 0 0 -1 2 -1 0 1 -2 3 1 0 1 0 0 0 2 1 0 1 1 1 0 1 1 1 2 0 0 3 0 0 1 -2 -1 -1 0 1 -1 -1 0 -1 1 -1 0 -2 0 1 2 -1 1 0 0 1 0 0 0 1 0 0 0 0 -1 0 1 -2 2 0 0 -1 1 1 2 0 -2 -1 3 -1 0 0 -1 1 0 4 0 1 0 1 0 0 -1 0 -1 -2 1 0 0 0 0 -1 0 -1 0 -1 -1 0 0 1 2 0 3 0 -1 0 0 0 0 -1 2 -2 1 1 1 0 0 2 0 0 -2 1 2 1 2 0 0 -1 -1 0 0 0 0 2 2 -1 0 -1 5 -1 1 0 -1 0 0 -1 0 4 0 1 0 0 0 1 0 0 0 -1 0 -1 1 0 0 3 -1 1 1 0 -1 0 0 1 0 0 0 -1 28 0 0 0 0 0 0 0 2 1 0 1 0 0 3 0 0 -1 0 1 1 0 1 4 0 1 1 -1 1 0 1 0 0 1 2 1 -1 0 2 1 0 -1 0 0 0 0 0 -2 2 0 0 1 1 0 -1 1 0 -1 0 0 0 3 2 1 1 0 3 0 2 0 -1 0 1 0 2 0 0 0 1 4 1 -1 1 0 5 0 1 -1 0 0 0 1 1 -1 2 0 1 0 0 0 0 2 -1 5 0 0 2 0 0 -1 0 2 2 -1 2 0 0 0 2 0 -1 2 0 2 -1 0 1 0 0 0 0 2 -1 0 -1 0 -1 0 0 1 3 1 0 0 -1 0 1 0 1 1 0 2 0 3 1 0 -1 0 0 1 1 2 2 -1 -1 -1 0 -1 1 2 1 1 0 -1 -1 0 -1 0 1 0 0 1 1 0 -3 0 0 0 0 1 1 1 0 0 0
-1 0 0 0 0 0 0 0 0 1 1 1 -1 1 -1 0 -1 1 0 0 1 1 0 -1 0 0 -1 0 0 0 0 0 0 0 0 -1 0 0 0 0 -1 0 -1 -1 0 0 0 0 0 0 0 -1 1 -1 0 0 0 -1 -1 -1 1 0 1 0 0 0 1 0 0 0 0 0 1 0 0 1 -1 0 -1 0 -1 0 0 0 0 0 -1 2 0 -1 -1 0 -1 0 0 0 -1 -1 -1 1 -1 2 0 0 0 0 -1 0 0 1 0 0 1 0 -1 0 -1 0 -1 0 -1 0 0 0 0 0 0 -1 1 -1 0 0 0 0 -1 0 -1 0 0 -1 -1 0 0 0 0 0 -1 0 0 1 0 0 0 0 0 0 0 0 -1 0 0 0 0 2 1 -2 0 0 0 0 0 0 0 1 0 0 0 0 1 1 0 0 0 0 0 0 0 0 0 0 0 0 1 0 0 0 1 -1 1 0 0 0 0 0 0 -1 1 1 -1 0 1 0 1 0 0 0 10 0 0 0 -1 0 0 0 0 1 0 0 -1 -1 1 0 1 0 0 2 1 0 0 1 0 0 1 0 -1 -2 0 0 0 1 0 0 0 0 0 1 0 2 0 0 0 1 0 0 -2 0 0 1 -1 0 0 -1 1 -1 0 0 0 0 -1 0 1 0 0 0 -1 0 1 1 0 0 -1 1 0 0 0 0 -1 -1 0 0 0 0 0 0 0 0 -1 0 0 -1 0 0 0 0 0 0 -1 0 1 1 0 0 -1 -1 0 -1 0 0 0 0 0 1 1 0 2 0 0 1 0 0 0 0 0 0 -1 0 2 1 0 -1 0 0 0 0 -2 0 -1 0 -1 -1 0 1 1 1 0 0 0 1 0 -1 0 1 0 0 -1 0 0 0 0 0 0 -1 -1 1 1 0 0 1 -1 0 0 0 -1 0 1 1 0 0 0 1 -1 -1 0 1 0 0 0 -1 1 -1
0 -1 0 0 -1 -1 1 0 0 1 0 1 -1 2 -1 1 0 0 0 0 1 0 1 1 3 1 -1 0 0 0 0 0 1 0 1 -2 -1 1 0 -2 0 0 -3 -1 0 0 2 0 1 1 1 1 -1 0 -1 1 0 -2 1 -2 0 0 1 0 -1 0 0 0 0 1 1 0 0 1 2 0 1 0 0 0 0 1 1 0 -1 -1 -1 1 0 -1 -2 1 0 -1 0 2 1 -1 -2 1 -1 0 1 1 1 1 0 1 -1 0 1 0 0 1 0 -1 0 -1 0 1 1 -1 -1 0 1 -1 0 2 0 0 2 0 0 1 0 -1 0 1 1 1 -3 0 0 1 0 -1 0 0 1 1 -1 -1 2 1 1 0 1 0 -1 1 1 0 0 -1 -1 1 1 0 0 1 1 -1 -1 0 0 2 1 0 -2 -1 1 1 0 0 0 2 0 -1 -2 0 0 2 0 -1 3 1 0 1 -1 0 1 0 1 0 0 0 0 0 0 0 1 -1 0 0 0 0 0 22 0 0 0 0 0 0 0 -1 0 0 0 -1 1 0 -1 1 -1 0 -1 0 0 1 0 -2 1 -1 0 0 0 2 0 1 -1 0 -1 0 0 1 -1 2 0 1 1 1 0 -1 3 0 1 2 1 0 0 1 0 1 2 -1 0 0 -1 -1 -2 -1 0 0 0 0 1 -1 0 0 0 0 1 0 2 -1 1 -2 -1 1 0 0 0 -1 0 0 0 -3 0 1 -1 0 0 1 0 0 0 0 -2 0 -2 1 -3 0 -1 0 2 0 0 -1 0 1 0 -1 0 0 0 -1 -3 1 -1 -1 0 -2 -1 -1 0 0 0 0 -2 0 1 0 1 0 0 -1 0 -1 0 0 0 0 1 3 -1 1 2 0 -1 0 0 0 -1 1 1 1 -1 0 0 -1 1 0 -1 1 1 0 -1 0 -2 -1 0 0 1 0 0 0 0 0 0 0 -1 -1 2 -2 0 0 0 1
0 0 0 0 -2 -1 -1 0 0 -1 -1 -1 0 1 0 -3 0 1 0 0 1 -1 0 0 1 0 1 -1 1 2 0 -1 -1 0 -1 0 -1 0 0 1 0 0 0 0 0 -2 -1 0 0 0 0 -1 0 1 0 -1 -1 0 0 1 0 0 0 -2 0 0 0 0 0 0 1 -1 0 0 0 0 0 0 0 0 1 -1 -2 0 0 1 0 0 0 1 0 0 0 0 0 2 2 0 0 0 0 -1 1 -1 0 0 0 0 0 -1 1 1 0 0 0 -2 1 -1 0 0 1 0 0 0 1 0 0 -2 2 0 -1 1 0 0 0 0 2 -1 -1 2 0 0 0 0 0 0 0 0 -1 1 0 1 0 0 0 0 0 0 0 0 -1 -1 1 1 0 1 0 0 1 -1 -1 0 0 0 1 0 0 1 0 -1 0 0 1 0 0 0 -2 0 -1 0 0 -1 0 0 0 -1 0 0 0 0 0 0 1 0 0 -2 -1 0 0 0 1 0 0 1 1 0 0 0 14 0 0 0 0 0 0 1 1 0 -1 1 1 1 -1 0 0 0 -1 0 -1 0 1 0 1 -1 -1 0 0 2 0 1 0 0 0 0 0 -2 0 -1 0 0 -1 0 1 -1 0 -1 0 0 0 0 1 0 0 0 -2 -1 0 0 0 0 1 0 0 0 0 0 1 0 -1 0 0 0 1 0 -1 0 -1 1 1 0 -1 0 1 0 -1 0 1 0 0 1 0 0 -1 0 0 1 -1 0 0 -1 0 -1 2 1 0 0 -2 0 -1 0 2 0 0 0 0 0 0 2 0 0 0 -1 1 0 1 0 0 0 0 -1 0 0 1 0 -1 1 1 0 0 0 1 1 0 0 1 0 0 0 0 2 2 0 1 -1 0 1 -1 1 0 -1 0 0 0 0 0 0 0 0 0 0 0 0 0 0 0 2 0 0 0 -1 -1 0 0 0 0 0 0 0 0 1
0 -1 1 0 0 0 0 0 0 2 1 0 0 1 0 0 0 0 0 0 0 0 -1 -1 3 0 0 1 0 0 0 -2 0 0 1 0 0 3 -2 -3 0 0 0 1 0 -1 0 0 3 0 0 1 0 1 -1 0 0 1 1 0 0 0 1 0 1 0 -2 0 -1 0 1 -2 0 -1 1 -1 0 0 0 0 0 0 0 0 0 -1 0 1 1 0 -1 1 1 0 0 0 0 0 0 0 0 1 0 0 0 0 1 -1 0 0 0 0 -1 1 0 0 -1 1 0 -1 0 -1 0 1 0 0 0 1 -1 0 0 0 0 1 2 3 0 0 0 0 0 -1 0 0 0 1 0 2 2 1 0 0 2 0 0 0 1 0 1 0 0 0 0 0 0 -1 1 2 0 0 1 0 -1 0 1 0 1 0 0 1 1 -2 0 0 0 0 0 0 0 0 -1 0 0 1 0 0 0 0 0 0 1 0 0 -2 0 0 1 0 0 0 -1 2 0 0 0 0 0 0 0 16 0 0 0 0 0 -1 2 0 0 0 0 0 0 -1 2 -1 0 0 0 0 0 0 -1 1 1 0 1 0 0 2 0 0 1 1 0 0 1 0 0 1 0 0 -1 0 0 1 -1 0 0 -1 1 0 0 -1 0 0 0 0 0 2 2 0 0 0 -2 0 -1 1 1 0 2 0 0 0 1 2 0 0 0 0 0 0 -1 0 1 -1 -2 0 1 2 1 1 0 -1 0 0 0 0 -1 -1 0 0 0 0 4 0 0 2 0 0 0 0 0 0 0 0 0 0 0 0 0 0 0 2 -1 2 0 1 1 0 1 1 2 -1 0 0 -1 0 0 0 -1 0 -2 0 0 1 0 0 0 2 0 0 0 0 0 1 1 0 -1 1 0 1 0 -1 1 0 0 0 0 0 1 0 1 0 1 1 0 1 0 0 3 -1 0 0 1 0 0 1 3 0
-1 0 0 1 0 1 0 1 -1 -1 0 -1 2 0 1 0 0 0 0 3 0 0 1 2 -1 0 0 1 1 0 0 1 0 0 1 1 1 0 1 0 1 -1 1 2 -2 0 -1 -1 0 0 0 0 0 1 0 0 -2 0 0 0 0 -1 2 0 1 1 1 0 0 0 1 1 -2 -1 0 -1 -2 0 -1 1 1 0 1 0 0 1 1 0 1 0 0 2 2 2 -1 2 -1 0 2 0 1 -1 0 1 1 0 1 2 -1 0 1 -1 -2 -1 -1 1 0 -1 2 1 0 -1 0 0 0 -2 0 2 -1 2 0 0 -2 1 1 1 0 1 0 0 -1 0 -1 0 0 -1 1 -1 0 -1 1 1 1 0 0 0 1 0 1 0 -1 2 1 2 1 0 -3 1 -1 0 -1 1 -1 2 0 2 0 1 0 -2 0 0 3 -1 0 0 -1 0 0 -1 0 -1 -1 -1 1 -1 1 -1 0 0 0 1 0 2 -1 0 1 1 1 1 -1 -1 0 1 0 0 -1 0 0 0 27 0 0 -1 -1 0 0 0 1 0 1 1 0 1 0 0 -2 1 1 1 -1 2 1 1 0 1 0 0 0 -1 1 1 0 0 0 1 0 0 4 1 -1 -1 1 -1 2 0 0 -2 0 0 0 1 -1 0 0 2 -2 -1 1 2 0 -1 -1 3 -3 0 -1 2 2 0 0 1 0 0 1 0 1 1 -3 0 -3 1 0 2 0 0 0 -1 0 0 1 -2 0 0 0 0 1 0 1 1 -1 3 0 0 1 -2 1 0 0 0 2 1 -1 -2 0 -2 0 1 -1 1 1 0 0 -1 0 0 1 1 0 1 -1 0 1 0 -1 1 0 0 -1 1 2 0 0 0 -2 1 -1 0 0 -1 -1 -1 -1 2 2 0 2 0 0 0 -1 -2 -1 0 2 0 1 0 0 0 -1 0 0 0 0 0 0 0 1 0 -1 -2 0 2 0 0 0 0 0 1
0 0 -1 -1 -1 -1 -1 0 0 0 0 -2 1 -1 1 -1 0 -1 1 -1 -1 1 0 0 -2 0 0 1 0 -1 0 -1 0 0 1 -1 -1 0 0 0 0 -1 1 1 1 0 -1 0 0 -1 -1 0 -1 1 -1 -1 -1 -1 0 1 1 0 1 0 1 0 0 0 0 0 0 1 0 -2 1 -1 0 0 2 -2 -1 0 0 1 0 0 0 0 1 0 1 1 0 -1 0 0 0 -1 2 1 -1 0 2 0 2 0 2 0 -1 0 1 1 -1 0 2 0 0 0 0 0 0 1 0 -1 -1 0 0 0 0 -1 1 -1 -1 0 0 -1 2 0 0 0 0 0 1 0 0 0 0 0 0 1 0 0 0 1 1 1 0 -1 0 0 1 1 0 0 -1 -1 0 0 0 1 0 0 0 -1 0 0 1 0 0 1 2 0 0 0 1 -1 -1 0 0 -1 0 -1 1 0 0 -1 1 0 -3 0 0 -2 -1 -1 -1 -2 0 1 -2 -1 -1 -1 1 0 0 0 0 0 0 0 0 15 0 0 0 1 -1 0 -2 1 0 0 -1 -2 0 1 1 0 -1 1 0 1 0 0 0 0 -1 0 -1 0 0 0 0 0 1 0 0 -1 0 0 -1 3 -1 -1 0 0 0 1 1 -1 0 2 -1 0 0 0 1 1 4 1 -3 2 0 -1 1 0 0 2 0 0 -1 0 0 -1 -1 0 0 -1 0 1 -2 1 0 -1 0 0 1 1 0 0 0 1 0 -1 0 1 0 0 0 0 0 1 1 1 0 -2 0 -1 -1 0 -2 0 1 0 0 -2 -1 1 -1 -1 0 0 1 0 0 -1 2 -1 0 0 2 1 1 0 0 0 -1 -2 0 0 1 -1 0 0 0 0 0 1 0 0 0 0 0 0 0 -1 0 0 0 1 1 0 1 -2 0 0 0 -1 -1 0 -1 0 0 -1 0 -2 0 0 1 0 0 1 0 -1 0 0 -1 0 0 0
0 0 0 1 -1 1 -2 0 1 1 1 0 -1 -1 0 1 0 1 -1 -1 1 1 0 0 0 0 1 1 0 0 0 0 1 0 -1 -1 0 2 0 0 1 0 -1 0 0 0 0 0 0 0 0 0 -1 0 -1 2 0 0 1 0 0 -1 -3 2 0 0 2 1 0 -1 0 0 0 -1 -1 0 0 0 0 0 0 0 1 0 1 -1 0 1 0 0 0 -1 -2 0 0 1 -1 0 0 -1 -1 0 0 0 0 0 0 0 0 1 -1 2 0 0 0 1 0 0 0 1 0 0 0 0 0 0 0 1 0 0 1 0 0 0 -1 0 1 0 -1 -1 1 0 0 -1 0 1 0 1 1 1 -1 0 0 1 -1 0 1 0 0 -1 1 0 -1 -1 1 0 2 1 0 -1 0 0 0 0 0 0 0 0 0 0 0 1 -1 -1 0 0 0 0 0 1 0 1 1 0 0 0 1 0 0 0 1 1 0 0 1 -1 -1 -1 0 0 0 0 0 -1 0 0 0 0 0 0 0 0 15 0 1 1 1 1 0 0 0 1 0 -2 1 1 1 2 0 -1 0 -1 0 0 2 0 -1 0 -1 1 0 -1 0 1 0 1 0 -1 0 1 0 -1 0 0 1 2 2 -1 -1 0 0 0 1 0 -1 1 0 1 0 -1 -1 -1 -1 1 -1 0 -1 0 0 1 0 0 2 0 0 0 1 0 0 0 -1 0 3 -1 1 0 0 -1 0 -1 0 0 0 -1 0 0 0 0 0 0 0 0 1 1 0 1 0 1 1 0 1 1 1 0 0 0 0 0 1 0 0 1 0 0 0 0 0 0 1 -1 0 1 0 1 -1 -1 -1 0 0 0 0 1 0 -1 1 0 0 0 0 0 0 0 0 -3 -2 1 3 -1 0 0 1 0 -1 0 0 1 1 1 0 0 0 0 0 0 0 -2 -1 -2 -1 -2 -1 -2 1 1 0 -1 0 -1 0 1
0 1 1 0 0 0 -1 0 -2 0 -1 -1 1 0 0 0 0 1 2 -1 2 -1 0 0 1 0 1 1 -2 0 1 1 0 0 2 1 1 0 1 0 0 0 -1 1 0 0 0 1 0 1 2 0 1 -1 0 0 1 1 -1 2 -1 0 1 0 0 -1 3 -1 2 0 -1 0 2 1 -1 2 1 1 0 0 2 -1 0 0 0 0 0 1 0 0 -1 0 3 0 0 -1 1 1 -1 1 -1 1 0 1 1 -1 1 1 0 0 0 0 0 1 0 0 -1 -1 0 -1 1 1 0 0 1 2 0 0 0 0 0 0 -1 0 -1 -1 -1 0 -3 -1 0 2 1 0 0 0 0 1 0 -1 0 2 1 1 0 1 0 1 0 -2 -1 2 -1 1 1 1 0 0 0 0 0 0 0 1 1 0 1 0 0 0 0 3 0 0 0 0 0 0 1 2 2 -1 2 -1 0 1 2 0 -1 0 0 2 0 0 1 0 1 0 0 0 0 0 2 1 1 2 0 0 0 0 -1 0 0 20 1 0 0 -1 -1 0 0 0 -1 -1 1 -1 0 0 -1 -2 0 0 -1 0 -1 0 1 0 0 1 2 0 0 0 1 2 0 1 -3 0 1 0 0 1 0 1 0 -3 -1 -1 1 -1 3 0 2 1 0 2 0 0 1 1 0 0 1 0 2 0 1 0 2 0 0 1 0 -1 0 1 2 -1 0 0 1 -1 0 0 1 0 2 0 0 1 2 0 0 1 0 0 1 0 -1 -2 0 1 0 0 0 0 0 0 0 2 -1 1 1 0 1 0 0 1 0 -1 0 1 1 1 -1 -1 -1 1 0 0 0 1 0 0 0 3 -1 -2 1 0 0 -2 1 0 0 -1 0 0 1 -2 1 -1 0 0 0 -1 -1 -2 0 1 4 0 0 0 0 2 0 -1 1 0 1 0 0 1 0 -1 -2 0 0 0 -3 -2 0 -1 1 1 -1 2
1 0 0 0 0 0 0 0 0 1 2 -3 0 1 0 -1 -1 1 -1 2 0 0 2 0 0 -1 0 -1 0 -1 1 0 0 0 1 -1 1 1 -2 2 1 0 1 -2 0 3 0 0 -1 0 0 1 0 0 1 2 0 0 -1 0 0 0 2 1 -1 1 -1 -1 0 0 -1 0 0 0 0 1 0 0 0 1 0 3 1 -1 0 0 0 0 0 -1 0 0 0 1 3 0 0 0 1 -1 0 0 0 0 -1 0 0 0 0 0 0 2 0 0 1 1 -1 0 0 -2 0 1 -1 0 0 -1 0 0 0 0 -1 0 -1 1 1 -3 -1 -1 -1 1 0 1 1 0 0 0 -3 0 -1 -2 0 0 1 1 1 0 -3 0 0 0 2 2 0 0 2 1 -1 -1 -1 2 -1 0 -2 0 -1 1 0 0 0 0 0 -1 2 -1 0 0 1 0 -1 0 1 -2 -1 0 0 0 2 0 0 1 -1 0 0 -2 0 0 0 0 0 0 -1 -1 1 0 0 1 0 0 0 0 -1 0 1 1 22 1 0 0 0 -1 1 1 0 0 1 1 -1 0 -2 -1 -3 1 0 1 0 0 1 -1 0 0 1 1 -2 0 0 0 0 0 1 0 0 0 0 1 3 0 0 -1 0 1 1 0 0 0 0 0 0 1 1 0 -1 1 -2 0 0 0 1 -1 2 2 0 0 -1 1 0 0 1 0 0 0 0 0 2 1 0 -1 -1 2 0 0 0 2 1 0 0 0 0 0 2 0 1 0 0 1 0 0 0 -1 -1 0 0 0 0 0 2 -2 0 0 0 -1 0 -1 2 1 1 0 0 1 0 0 0 1 0 1 0 0 -1 3 0 0 1 1 -1 1 0 1 -1 -2 1 0 0 0 0 0 0 1 2 0 -1 0 -1 1 1 -1 1 0 -1 0 0 -1 2 -1 1 -1 0 1 0 0 0 1 0 0 -2 0 0 1 -1 -1 -1 1
0 0 -1 0 0 0 0 0 0 0 0 0 1 0 1 1 0 0 0 -1 0 2 1 0 0 3 2 -1 0 1 0 0 1 0 1 0 2 -1 0 2 0 0 2 1 0 1 0 0 0 0 0 -2 1 0 1 0 0 -1 0 0 0 1 0 0 0 0 0 -2 -1 -1 0 0 0 1 0 0 0 0 1 -2 0 1 0 2 0 0 1 -2 2 0 3 -1 0 0 2 2 -1 0 1 0 0 -2 0 0 -1 0 2 2 -1 0 0 2 2 0 0 1 3 0 2 0 1 3 0 0 1 0 1 -1 0 0 1 0 -1 0 1 0 3 0 0 0 -2 0 1 1 0 0 2 -1 0 0 0 0 1 0 0 0 0 0 2 1 1 2 1 0 1 -1 0 0 1 -1 0 0 0 0 0 0 -1 0 0 1 0 0 0 0 -1 0 -1 1 0 0 1 0 1 0 1 0 0 0 -1 0 0 0 0 1 0 0 -2 -1 1 1 1 0 0 0 0 0 1 -1 1 -1 0 1 1 0 1 19 0 0 0 1 1 1 1 -1 0 -1 1 2 -1 -1 1 -1 1 1 -1 2 1 -1 -1 0 0 1 -1 0 1 0 2 2 0 1 1 0 -1 1 -1 1 0 1 1 0 -1 0 0 0 -1 1 0 0 2 -1 -2 0 -1 0 -2 2 1 0 0 2 0 1 0 0 1 0 -1 -1 0 0 -1 0 2 0 0 0 0 1 0 0 0 0 0 1 0 0 1 0 1 1 -1 1 2 2 0 -1 0 0 0 0 0 0 0 0 -1 1 -1 1 1 -1 0 0 2 1 0 0 3 -1 0 0 0 0 -3 0 -1 -1 0 1 0 -1 -1 2 -2 0 1 -1 0 0 1 0 1 0 -1 -1 2 1 0 -1 -1 0 -1 1 0 1 0 0 0 1 1 0 2 0 -2 -1 0 0 0 -1 1 0 0 1 0 -1 0 1 0 0 -1 -1
0 0 0 -2 -1 1 0 0 0 0 -1 0 3 1 0 -1 0 -1 -1 -2 0 0 2 1 1 0 0 0 0 0 1 0 1 1 0 0 1 1 -1 1 1 0 0 0 0 -1 0 1 3 0 0 -1 0 0 0 1 0 1 -1 0 0 0 -1 0 1 -1 0 1 0 -1 0 -1 2 1 -1 1 1 0 1 0 1 -1 0 -2 0 -1 1 0 0 0 0 1 -1 0 0 1 -1 0 0 0 -1 0 0 2 0 -1 -2 0 0 0 0 0 -1 1 1 -1 1 0 0 0 0 0 0 0 1 1 0 -1 0 0 0 1 1 1 -1 1 0 0 0 0 1 0 0 0 0 -1 0 1 0 1 1 0 0 0 0 0 0 0 1 -1 0 -1 0 1 1 0 0 1 0 0 0 0 0 2 0 0 0 0 0 1 0 -1 1 1 0 0 -1 0 0 0 0 0 0 1 0 0 0 0 0 0 -1 2 1 -1 0 -1 -1 -1 0 1 0 1 0 -1 0 1 0 0 1 2 0 -1 1 0 0 0 12 0 1 0 0 0 0 1 1 0 0 0 0 0 0 1 1 1 0 0 0 2 1 1 0 0 0 0 0 -1 0 -1 0 1 0 0 0 0 -1 0 0 0 0 0 -1 -2 1 0 0 -3 0 0 0 2 1 -1 0 0 1 0 0 0 0 1 0 0 1 0 0 0 1 0 1 0 1 -1 0 1 1 0 0 0 0 0 0 0 0 0 0 0 0 0 1 1 1 1 0 0 1 0 0 1 0 0 1 0 0 -1 0 1 0 0 2 0 0 0 1 0 0 2 0 1 0 -2 0 0 1 0 0 2 0 1 0 0 0 0 0 1 0 0 0 1 0 1 1 1 0 0 0 0 0 0 0 0 -1 0 0 -2 0 0 0 0 0 0 0 0 0 0 1 1 1 0 0 -1 0 -1 0 -1 1 0 0 0 0 1
1 0 0 0 0 0 0 -1 0 0 1 1 0 0 0 0 0 0 0 1 0 0 0 -1 0 0 0 1 -1 0 0 0 1 0 0 0 0 0 0 0 1 0 0 0 0 0 0 0 0 0 0 0 0 0 0 1 0 0 1 0 0 -1 0 0 0 0 1 0 0 0 1 0 0 0 0 0 -1 0 0 -1 0 1 0 0 0 0 0 0 0 0 0 -1 -1 0 0 0 0 0 -2 0 0 0 0 0 0 0 1 1 0 0 0 0 -1 0 0 0 0 0 0 1 0 1 0 0 0 1 -2 0 1 0 0 0 1 0 0 0 0 0 0 0 1 0 0 0 0 0 0 0 0 0 0 0 0 2 -1 0 1 0 0 0 0 0 0 0 1 0 2 0 0 0 0 0 0 0 0 1 0 0 0 0 0 0 -1 0 0 0 0 -1 0 0 0 1 1 0 0 1 0 0 0 0 0 0 0 0 0 0 0 0 0 0 1 0 0 0 0 0 0 0 0 0 0 0 1 -1 0 0 0 6 0 0 0 0 0 0 0 0 1 0 -1 -1 0 0 0 0 1 0 0 0 0 0 0 -1 0 0 0 0 0 0 0 0 0 0 0 0 -1 0 0 0 0 0 0 0 0 0 0 0 0 0 1 0 -1 -1 0 0 0 0 0 0 0 0 0 1 0 0 0 0 0 0 0 0 0 0 -1 0 0 0 1 1 0 1 0 0 0 0 1 0 0 0 0 0 0 0 0 0 0 1 0 -1 0 0 0 0 0 0 0 0 0 0 0 0 -1 0 0 0 0 0 0 0 0 0 0 1 0 -1 0 0 0 0 1 0 0 0 0 0 0 1 0 0 0 -1 0 0 0 -1 0 0 0 0 0 0 0 0 0 0 0 0 0 0 -2 0 0 0 0 0 0 0 0 -1 0 0 1 0 1 0 0 0 0 0 -1 0
0 1 0 0 0 0 0 0 0 0 1 0 1 0 -1 1 0 -1 1 0 1 0 0 0 -3 0 -1 1 0 0 0 1 0 1 0 1 2 1 0 0 0 0 1 2 -1 -1 2 0 -1 0 -2 1 0 1 0 -1 0 0 0 0 -1 0 0 0 0 0 0 -1 0 1 0 -1 1 0 1 -1 0 0 0 0 1 0 0 0 0 -1 0 0 1 0 -3 -1 1 1 2 0 0 2 0 0 0 0 0 0 0 0 0 0 0 0 0 0 0 0 0 0 -1 0 0 0 0 0 -1 -1 0 1 0 0 0 0 1 0 0 -1 0 1 0 0 1 0 0 1 -1 0 0 0 0 0 0 0 0 1 -1 0 -1 0 1 1 0 -1 0 0 -1 -1 0 0 0 0 -1 0 0 1 1 0 -1 0 -1 0 0 -2 0 0 2 0 0 -1 0 0 0 1 0 2 0 1 0 0 1 0 2 0 -2 -1 -1 0 0 1 0 1 0 1 0 -1 0 0 0 0 -1 0 -1 0 1 -2 0 -1 0 0 1 0 14 0 -1 1 0 1 0 0 -1 0 -1 -1 0 1 0 2 -1 2 1 0 0 1 -1 0 0 0 0 1 1 0 2 0 2 0 0 0 3 0 0 1 1 0 0 -1 1 1 0 0 0 0 0 0 0 -1 -1 0 0 0 0 0 0 0 0 0 -3 2 0 0 0 0 0 2 0 0 0 1 1 0 2 0 0 1 0 0 -1 0 0 1 0 1 -3 -1 0 2 -2 0 1 -1 1 1 0 0 0 0 1 0 -1 0 -1 0 1 0 -1 1 0 -1 0 1 0 1 1 0 0 0 1 0 0 -1 0 3 1 0 2 0 0 -2 0 0 0 0 0 0 0 1 -1 0 -1 -2 0 0 -1 2 0 2 0 1 0 0 0 0 0 0 1 0 0 0 0 0 -1 1 0 0 0 -2 -1 -1 1 0 0 0 -1 -1
1 0 0 0 -1 0 -1 1 3 -1 -1 0 0 -1 1 -1 1 0 1 0 -1 -1 -1 0 1 1 0 0 0 0 0 -1 1 0 0 0 -1 0 0 0 1 0 1 0 0 0 -2 1 -1 0 1 2 0 0 0 0 0 0 1 1 -1 0 0 -2 0 1 0 1 1 1 0 -1 -1 -2 -1 1 -1 0 3 1 1 0 0 1 0 0 1 1 0 0 0 0 0 0 1 0 0 0 1 0 0 1 1 1 0 0 1 0 0 0 0 -3 0 0 0 -3 0 0 0 0 0 -1 0 0 -1 0 1 -1 0 0 0 0 0 0 0 -1 0 0 -3 0 0 0 0 1 0 0 2 0 0 0 0 0 0 0 -1 0 0 1 0 0 0 -1 1 0 1 -1 -2 1 0 1 0 -1 1 3 0 0 0 0 0 1 1 -1 -1 1 -1 0 -1 0 1 -1 -1 0 1 1 0 -1 -2 -2 -1 1 1 -1 1 -1 -1 0 0 1 -1 0 1 0 1 0 0 3 -1 -1 1 0 0 1 0 0 -1 1 0 0 0 18 0 0 1 -1 0 0 1 1 -1 1 -1 1 -1 0 3 1 0 0 0 1 0 -1 1 2 1 -1 -2 0 -1 0 -1 -1 -1 2 -1 1 0 -1 0 -1 0 0 1 0 0 1 1 0 0 0 0 1 0 0 0 0 -1 1 0 -1 0 0 1 1 1 2 -1 -1 1 2 -1 1 -1 0 0 1 0 -1 0 -1 0 0 0 1 0 1 1 -1 0 1 -1 0 -1 1 0 0 1 1 0 -1 -2 0 0 -1 -1 0 -1 1 0 -2 1 1 1 1 0 1 0 -2 0 1 0 0 0 0 0 1 1 -1 1 0 -1 1 -1 0 0 -2 0 -2 2 0 1 0 0 1 0 1 1 -2 1 0 0 1 0 1 2 1 0 0 -1 -1 0 0 -2 -1 0 -1 -1 -1 0 -1 0 0 1 2 -1 -1 1 1 -1 2
1 0 0 0 0 -2 0 0 1 -1 0 0 1 -1 1 -1 0 0 0 3 2 1 2 1 2 0 1 0 0 0 1 0 0 0 0 0 -1 -1 1 2 2 0 1 0 0 1 1 0 0 0 0 -1 -1 -1 -1 0 0 0 -2 0 0 0 0 -2 1 0 -1 1 0 1 -1 0 0 0 1 0 0 1 1 -1 1 1 1 1 -1 0 0 1 0 0 0 1 1 1 -1 1 0 0 2 0 0 0 1 0 -1 0 0 1 0 -1 0 0 1 -2 -1 -1 1 -1 -1 -2 1 -1 1 0 0 0 0 0 2 -1 1 1 1 1 -1 1 -2 -1 2 3 0 0 -1 0 0 0 -1 1 -1 0 0 0 0 0 0 1 0 0 0 -2 0 1 0 1 0 0 2 0 1 1 0 1 -1 0 -1 0 1 0 0 3 2 0 0 1 0 1 -1 0 1 0 0 0 0 1 0 0 1 0 1 0 -1 2 1 0 -1 2 1 0 0 1 1 1 -1 -2 1 0 1 1 1 0 1 0 0 0 1 1 0 0 -1 0 18 -1 2 1 1 1 2 0 0 0 -1 0 1 0 -1 0 1 0 -1 0 -1 1 1 0 0 0 1 1 -2 2 0 0 1 0 0 0 -1 0 0 0 -1 0 0 0 -1 -1 1 0 -1 0 -1 0 0 1 0 0 0 0 1 0 0 2 1 -3 0 1 0 0 0 0 -1 0 0 0 1 0 0 0 -1 1 0 0 0 1 0 1 -2 1 -1 0 1 0 -1 0 0 -1 0 0 0 0 -1 0 0 -1 3 0 1 1 0 1 0 -1 1 2 2 1 0 0 0 0 1 0 0 1 1 2 -1 1 2 0 -1 -1 0 1 1 0 0 1 0 0 1 0 1 1 0 0 2 0 0 0 1 1 -1 0 1 0 -1 0 0 0 1 0 0 0 1 0 1 1 0 0 -2 1 0 0 0 -1 0 0 -1 -1
1 1 0 1 0 0 0 0 0 0 0 0 0 0 -1 1 0 0 0 0 0 0 1 0 0 0 0 0 1 0 -1 1 0 0 0 0 1 1 0 0 0 0 0 -1 0 0 0 -1 0 0 0 2 -1 -1 -1 0 -1 0 0 0 0 0 -1 -1 0 1 0 2 0 0 1 1 1 0 -1 0 1 0 -1 0 0 -1 0 1 0 0 -1 0 0 0 0 0 0 1 1 1 0 0 -1 0 1 -1 0 -1 0 0 0 0 -1 -1 0 0 0 0 0 0 0 0 1 0 1 2 0 0 0 0 0 0 0 0 -1 0 0 1 0 -1 0 -1 0 0 -1 0 0 0 0 0 1 1 0 1 0 0 0 1 0 0 0 1 0 0 0 -1 0 0 0 0 0 0 0 0 0 1 0 0 0 0 -1 0 0 0 0 -1 1 -1 0 0 0 0 -1 0 0 0 0 0 0 0 -1 -1 0 0 0 0 2 2 0 -1 1 0 0 1 0 -1 0 0 1 0 0 0 1 0 1 0 1 0 1 1 0 0 1 0 -1 11 1 1 1 0 -1 0 -1 1 0 -3 -1 1 0 0 0 0 0 0 0 -1 0 1 0 0 0 0 3 0 0 -1 0 0 1 0 1 1 1 0 2 1 0 0 0 0 0 1 1 0 1 0 1 0 0 1 -1 0 2 1 0 1 -1 1 -1 0 1 0 0 0 0 0 -1 0 0 0 -1 -1 0 0 1 -1 0 0 0 0 0 0 1 2 0 -1 0 0 1 1 0 1 -1 0 1 0 0 -1 1 0 -1 0 0 0 0 0 0 0 0 0 0 1 0 -1 2 0 0 0 -2 0 0 0 0 0 0 0 1 0 2 -1 0 0 0 0 1 0 -1 0 1 0 -1 0 0 1 0 -1 1 0 0 0 0 0 2 0 0 1 0 0 0 0 0 0 0 0 0 0 0 2 0 1 0 -1 0 0
1 1 0 0 0 -1 -1 0 0 0 0 2 -1 1 1 0 0 0 0 -2 2 1 0 0 -1 -1 0 0 -3 1 0 1 1 -1 3 0 0 0 1 1 3 1 0 1 -1 0 -1 1 1 0 1 -1 0 -1 0 0 0 0 -1 0 0 0 -1 1 1 -1 -1 3 -1 0 -1 -1 0 -1 -1 0 0 0 0 -1 0 0 -1 -1 2 1 0 1 1 -2 0 -1 0 0 0 0 0 0 -1 0 1 0 0 -1 0 -1 1 0 0 0 0 0 0 0 -1 0 0 0 0 -1 -1 -1 0 2 1 -1 0 0 2 0 -1 0 -1 0 -1 -1 2 0 0 1 0 0 0 1 -1 0 -1 0 -1 0 0 -2 0 1 2 0 -1 0 -1 2 -1 0 2 -1 0 0 0 0 -1 -2 0 0 1 -1 -1 1 0 0 1 -1 -1 0 0 0 1 0 -1 3 -1 -1 -1 0 0 1 1 1 0 0 1 0 0 2 1 0 0 2 1 0 0 -2 1 0 -1 0 0 -1 1 -1 -1 0 0 -1 0 -1 0 1 0 0 0 1 2 1 21 0 0 1 1 -1 0 0 0 0 0 0 -2 -1 2 0 1 0 1 -2 0 0 1 1 2 1 -1 -1 0 -3 0 -1 0 0 1 2 -2 0 -1 1 -1 -1 0 0 0 1 0 0 -2 -2 0 0 0 0 -1 0 -2 -1 0 1 0 1 0 0 0 0 2 -1 -1 -2 -2 0 2 1 0 1 -1 0 0 0 2 0 0 -1 -1 0 1 1 0 0 -2 -1 -1 0 2 -1 1 0 1 0 -1 0 2 0 -2 1 0 0 1 -1 0 1 0 0 1 1 2 2 3 1 -1 1 1 0 -1 1 0 0 0 -1 2 2 2 -1 -1 0 0 0 1 1 -1 0 -2 0 0 0 1 2 -1 -2 0 1 1 0 0 0 2 0 0 2 -1 0 1 0 -1 2 0 0 0 0 -1 -1 0 0 0 0 0 0
0 -1 -1 0 0 -1 2 0 1 -1 2 1 -1 1 1 0 0 -2 -1 2 -1 -2 2 1 -1 1 0 1 2 -1 2 1 -2 0 -1 -1 1 -1 1 3 -1 1 0 0 0 0 -1 1 1 0 0 0 0 0 0 -2 -1 1 2 1 1 -1 2 0 1 0 -1 1 1 1 0 0 3 2 1 0 0 0 -1 0 -1 1 2 0 0 0 -1 -1 0 0 0 -1 0 2 0 2 2 1 0 -1 0 0 0 2 -1 2 0 -1 0 -1 -1 0 0 1 0 -1 -2 0 0 0 0 -2 0 0 1 0 0 -2 0 -1 0 0 0 -1 0 0 1 1 1 0 1 0 0 0 0 0 0 0 -2 0 -1 0 -1 0 0 0 0 1 0 2 1 0 3 1 0 0 -1 -1 1 2 0 0 0 0 0 0 0 -2 -1 2 -1 2 1 0 1 0 1 -1 0 0 0 2 -2 0 0 1 0 0 -1 -1 0 1 0 3 3 0 1 0 1 1 0 1 0 0 1 0 0 1 0 -1 1 -2 -2 -1 0 -1 1 0 1 -1 1 1 0 23 0 0 0 0 1 0 1 -1 0 -1 0 0 0 -1 1 0 -1 0 0 0 1 1 1 -1 0 2 1 1 0 0 0 -2 0 1 2 1 0 0 1 0 0 -3 0 1 -2 -1 2 -1 0 2 1 0 -1 1 0 0 -1 0 0 0 0 -1 1 0 0 1 2 0 0 3 -1 1 1 2 0 0 1 -1 0 0 0 0 0 0 1 2 0 0 -1 0 -1 0 0 2 1 -2 3 1 0 -1 0 2 0 0 -2 0 0 1 3 0 -1 -1 0 1 -1 0 0 0 -1 0 0 1 1 1 1 0 1 1 0 0 1 -1 0 -2 0 -1 0 -1 0 1 0 0 1 0 0 2 0 0 0 -1 0 0 2 1 -1 0 1 1 0 -1 1 3 1 1 0 1 -1 1 1 0 0 0 0 -1 1 0
1 0 -1 0 -1 1 0 0 0 1 0 0 1 0 0 1 0 1 0 0 0 1 0 0 -1 0 0 0 0 0 2 -1 0 -1 0 0 0 1 1 -1 1 0 1 0 -1 -1 0 0 3 0 1 0 0 0 0 0 0 0 0 0 0 -2 0 0 0 0 -1 0 0 0 0 0 0 0 0 0 1 0 0 0 0 1 1 1 0 0 1 0 2 0 0 1 0 0 1 0 0 0 0 0 -1 -2 0 0 -1 0 -1 0 0 0 0 0 0 -1 -1 0 0 1 0 1 0 0 0 0 0 0 0 0 0 0 1 0 0 0 0 0 0 0 -1 0 -1 1 1 -1 0 0 1 0 1 0 0 0 0 0 0 0 -1 0 0 0 1 0 0 1 0 0 -1 0 0 0 -1 1 0 0 -1 -1 0 0 0 1 0 0 0 0 0 0 0 0 0 0 0 0 0 0 -1 0 0 0 0 0 -2 1 -1 1 -1 -1 1 0 2 0 2 1 -1 -2 0 1 0 -1 0 2 0 0 1 1 1 0 1 0 0 0 1 1 0 0 13 1 0 0 -1 -1 0 -1 -1 0 0 0 -1 0 -2 1 -2 0 0 0 0 0 1 0 -2 0 0 0 1 0 -2 0 0 1 1 -2 1 -1 -1 -1 0 -1 2 0 -1 0 1 0 0 0 -1 0 0 -1 0 1 1 0 0 -1 0 1 0 0 1 0 0 -1 0 -1 0 -1 0 1 0 1 1 0 1 0 0 -1 -2 -1 0 0 1 0 0 1 1 1 0 0 1 0 0 0 -1 -1 0 -2 2 0 1 0 0 0 -1 -1 0 0 0 0 0 0 0 0 0 0 -1 1 -1 1 -1 0 0 -1 -1 0 0 -1 -1 0 0 0 0 0 0 -2 0 1 0 0 1 0 1 0 0 0 1 0 -1 0 0 0 -1 1 -1 0 0 0 0 1 -2 0 1 1 0 0 -1 0 0 -1 0 2
1 1 0 0 0 -1 -1 1 0 0 0 1 1 1 0 0 0 0 -1 0 0 0 1 0 0 -1 0 2 0 0 0 -1 0 1 2 0 -2 0 0 0 0 0 0 2 0 0 0 1 0 1 -2 0 0 1 0 0 1 -1 0 1 1 -1 1 1 1 1 -2 2 0 0 2 1 0 -1 -1 0 -2 1 1 0 -1 0 1 -1 1 0 -1 2 -1 0 0 0 0 0 1 0 0 0 0 0 0 1 0 0 -1 0 -1 -1 0 1 0 -1 0 0 1 0 -1 -1 -1 0 -1 -1 0 -1 -1 1 0 0 -1 -3 -1 1 0 0 0 0 2 0 -1 -1 -1 0 -2 -1 0 0 0 -1 1 3 0 0 -1 -1 1 0 1 0 0 0 0 2 0 1 0 0 0 0 1 2 0 0 0 1 0 -1 0 -1 -1 2 0 0 -1 1 0 1 0 0 -1 0 1 0 1 0 0 -1 -1 -1 0 0 0 1 0 0 -1 0 0 2 0 -1 1 0 1 0 0 1 2 0 0 -1 0 1 1 -1 1 -1 0 0 0 0 1 0 1 0 1 17 1 0 -1 3 1 0 1 2 1 -1 1 -1 1 0 0 -1 0 -1 0 0 1 -1 0 -2 0 0 0 0 0 0 0 0 0 0 0 1 0 0 0 1 0 -1 2 1 0 0 -1 1 1 0 -1 1 0 1 -1 2 3 1 0 1 1 0 0 0 -2 2 0 0 0 0 0 1 0 0 -1 1 1 1 0 0 0 0 0 1 2 -1 1 0 -1 0 -1 0 0 0 -1 0 1 0 2 -1 0 0 1 0 0 0 0 0 1 -1 2 2 0 0 0 1 -1 0 1 1 -3 -1 0 0 -1 0 0 1 1 1 0 1 1 1 0 0 0 0 0 0 0 0 0 0 0 0 0 0 -1 0 1 -1 0 0 1 -1 -1 1 1 0 -1 1 1 1 0 0 0 0 0 1 1 -1 -1 1
1 0 0 0 0 1 1 1 1 0 0 1 2 1 1 0 0 0 0 1 0 1 -1 0 0 0 0 -1 0 -1 0 -1 0 0 0 0 0 0 0 2 0 0 0 0 0 0 -1 0 0 0 0 -2 0 0 -1 1 1 0 0 0 -1 -1 1 0 0 0 1 0 0 0 0 1 0 0 1 1 0 0 0 -2 1 0 1 1 0 0 -1 0 1 0 1 0 0 0 -1 0 0 0 -1 0 0 0 0 0 0 0 2 0 0 0 2 1 0 -1 0 -1 0 0 0 2 -2 0 0 0 0 -1 1 -1 0 -3 0 0 0 0 -1 1 1 0 0 -1 1 0 0 0 0 0 0 -1 0 0 2 0 0 1 0 0 0 0 0 0 -1 0 0 0 1 0 1 0 0 0 1 -1 1 0 1 0 0 0 0 0 2 0 -2 0 1 0 0 0 1 0 0 2 1 0 0 0 1 0 2 -1 0 1 -1 1 0 0 0 -2 -1 0 2 2 2 -1 0 0 1 -1 -1 0 -2 1 1 0 -1 1 0 1 -1 1 2 -1 1 0 0 1 15 0 -3 0 0 -2 0 1 1 0 0 -1 -1 0 -1 -1 1 0 -2 0 -1 0 0 0 0 0 0 2 -2 0 1 -1 0 -2 0 0 0 0 0 0 0 -1 0 1 1 1 1 -1 1 0 1 0 -2 -1 0 1 1 -1 0 0 0 0 -2 0 0 0 0 1 0 0 1 0 1 -2 0 -1 -1 -1 0 0 0 0 0 0 0 0 2 1 0 0 0 0 0 0 1 0 -1 0 1 1 0 -1 1 0 0 0 0 0 0 0 0 0 0 0 -1 -1 0 0 0 1 -2 1 1 -1 -1 0 0 1 2 1 0 0 -1 0 -1 0 0 0 0 0 -1 -2 0 0 0 1 -1 0 0 1 0 1 -1 0 0 0 -1 0 1 -1 0 -1 0 0 -1 1 -1 0 1 0 0 -1 1 -1
0 0 0 0 -1 0 0 0 1 0 1 0 1 0 0 1 0 1 1 -1 -1 1 1 1 0 -1 1 0 1 0 1 1 0 1 1 1 0 0 0 -1 1 0 -1 0 0 0 -2 -1 0 0 -1 -1 -1 0 0 -1 0 -1 -1 0 0 0 -1 0 0 1 0 1 1 1 1 0 1 1 1 2 0 0 0 -1 -1 0 0 0 0 -1 0 -1 2 1 0 1 0 0 0 0 0 0 1 0 2 0 0 0 0 0 2 0 -1 1 0 0 0 1 0 1 1 0 1 -1 -1 0 -1 0 0 -1 0 3 0 -1 0 0 0 -1 0 1 0 1 1 1 0 1 0 -1 -1 0 0 1 0 0 1 1 0 -1 0 2 1 0 0 -1 0 0 0 0 1 1 0 2 0 0 0 0 0 1 1 2 1 0 1 2 0 0 0 -1 2 -1 1 1 1 0 1 0 0 -1 0 -1 1 1 -1 1 0 0 1 0 1 0 -1 0 0 0 0 0 0 0 0 1 0 0 0 0 1 0 2 0 0 2 0 0 0 1 0 0 -1 0 0 0 0 19 0 -1 1 0 0 -1 1 2 0 0 0 0 0 0 0 0 1 1 0 1 0 0 -2 0 1 0 1 0 1 0 2 0 -1 1 1 0 0 1 0 1 0 0 -1 1 0 0 0 0 0 2 0 2 0 0 2 0 0 -1 1 0 0 1 0 2 1 1 0 -2 0 -1 -1 -2 1 0 1 0 0 1 0 0 3 2 1 0 1 -1 0 0 0 0 0 1 1 0 0 0 0 -1 1 -1 1 0 1 0 0 -1 1 0 2 0 0 2 -1 0 -2 0 0 1 0 0 1 0 2 0 0 0 2 1 0 1 2 0 -2 0 -2 0 2 0 0 1 1 -1 1 -1 0 0 0 0 1 1 -1 1 0 0 0 0 -1 0 1 -1 0 -1 0 -1 0 1 1 0 0 1 0 0
3 0 -1 0 0 0 -1 0 -1 0 0 0 0 0 0 1 0 1 -1 -1 1 1 0 1 0 0 0 0 0 0 1 -1 0 0 1 1 1 0 0 0 0 2 0 2 1 1 1 0 1 0 0 0 0 0 0 1 1 0 0 0 1 0 0 2 0 0 -1 0 0 0 0 0 0 0 0 -1 0 0 0 0 0 1 0 0 0 0 -1 -2 0 1 0 2 0 1 0 3 -1 0 1 0 -1 0 1 1 0 0 0 2 0 1 2 1 4 0 -1 0 -1 1 2 0 -1 -1 1 0 1 2 1 3 2 1 -1 -1 1 0 -2 0 0 1 0 1 -1 -1 -1 0 0 1 0 1 -1 1 -1 0 0 1 -2 0 1 1 0 2 1 0 8 0 1 0 0 0 1 0 0 1 1 0 1 -2 1 0 0 1 -2 0 0 0 0 0 1 0 0 0 0 2 1 1 -1 1 -1 -1 1 0 2 0 0 0 0 4 0 -2 0 0 1 0 1 2 0 4 0 0 -1 0 1 -1 0 -1 -2 -1 0 -1 -1 -1 0 -1 0 1 -1 -1 -3 0 30 1 -1 2 0 0 0 -1 0 2 -1 1 1 2 1 0 2 0 1 -2 1 2 0 -1 -1 -2 -2 0 0 3 2 1 0 1 2 0 1 -1 4 2 -1 0 0 0 1 3 2 0 0 0 0 3 1 0 1 0 1 1 1 0 1 0 0 0 -1 2 0 1 0 1 0 -2 1 1 -1 -1 -1 0 2 0 2 0 2 2 0 0 0 0 -1 1 2 0 1 1 0 1 0 0 1 0 0 1 1 0 0 1 1 0 1 2 1 1 0 1 0 0 1 2 0 -1 1 1 1 1 2 0 0 0 2 0 1 0 1 -4 -2 0 3 0 2 2 -3 0 0 -2 2 4 2 0 0 -1 0 1 1 0 1 2 0 0 1 0 1 0 0 0 0 0 -1 0 1 0 0 -1
1 0 1 0 0 -2 1 0 0 0 -1 -2 0 0 0 -1 0 -1 0 1 1 2 0 -1 -1 1 -1 1 0 0 -1 1 0 1 2 -1 0 1 0 -1 -1 0 1 2 0 2 2 0 1 1 -2 2 -1 1 0 1 -1 -1 -1 0 1 -1 -1 0 2 -1 0 0 0 1 -1 0 0 0 -1 0 1 2 1 0 0 0 0 1 0 0 0 1 -2 -1 -1 0 3 0 -1 0 -1 -1 0 1 0 1 -1 -1 -1 -1 0 -2 -1 3 0 0 -1 2 0 -1 1 -2 1 -1 -3 -3 0 0 0 -1 0 0 0 -1 1 0 0 2 1 2 0 0 0 -1 -2 -3 0 -1 0 0 -2 -1 -1 0 0 0 0 -1 1 0 0 1 0 0 0 -1 -2 1 1 0 -1 0 0 1 0 0 -1 -2 0 1 1 0 1 1 0 -1 0 1 0 0 0 1 -1 0 -1 0 1 1 1 -1 0 -2 -2 0 1 -2 -1 0 -2 -1 -2 1 0 -1 -1 0 2 0 0 0 1 1 0 0 1 1 -1 -2 -1 -1 0 -1 -1 1 0 1 0 0 -1 3 0 -1 1 26 -3 2 2 0 0 1 0 0 0 0 -1 0 0 0 -1 1 2 0 -1 1 0 1 0 -1 1 -2 1 -1 1 1 3 1 -2 0 -1 0 0 0 1 0 -1 -1 0 -1 0 -1 3 0 0 0 -3 0 0 0 0 2 0 0 -1 0 1 0 0 1 -2 1 -1 1 -2 0 1 0 -1 3 -1 2 1 -1 0 0 2 1 -1 0 0 0 0 0 1 0 0 0 -1 -1 0 1 -1 1 0 2 0 -1 -1 1 -2 0 5 -2 -1 -1 1 -3 0 0 -1 -1 -1 -4 1 0 2 2 1 1 0 -1 0 -1 0 1 -2 1 -1 0 0 0 0 1 0 0 0 -1 0 2 0 -1 -1 0 0 -1 -1 0 0 -1 0 0 -3 0 1 0 0 2 0 1 -1 1 -2 -2 -1 -1
0 0 -2 0 -1 -1 0 0 0 -1 -1 2 0 0 -1 1 1 0 0 0 2 0 -2 2 1 1 0 1 1 2 0 0 -1 0 0 1 0 -1 -1 -1 1 0 -1 -1 1 -1 0 -1 0 0 0 0 2 0 1 -1 0 0 0 0 0 0 -1 -1 1 1 0 0 1 0 3 1 2 -1 -1 1 0 0 0 -1 0 -1 0 -1 1 1 0 -1 0 2 1 0 0 -1 0 1 0 0 -1 0 1 0 1 1 0 -2 1 0 1 0 0 2 0 0 0 0 1 0 0 0 2 0 0 -1 1 0 1 1 0 1 -1 0 -1 0 -1 -1 0 0 1 1 0 0 -1 0 0 0 2 0 0 1 1 0 0 0 0 0 1 0 0 0 1 1 3 0 0 1 2 1 1 0 0 0 0 0 2 0 -1 2 1 1 0 0 -2 0 -1 0 0 0 -1 0 1 0 0 0 0 0 0 1 1 0 -1 0 -1 1 0 0 3 0 0 0 0 0 0 -1 0 1 0 0 1 0 -1 0 0 0 -3 1 0 0 0 -1 -1 0 0 1 0 1 0 1 -1 -3 21 -1 -2 1 -1 0 -1 -2 0 0 -1 -2 1 0 1 0 1 0 1 0 0 1 -1 0 0 1 0 0 0 0 -1 3 0 -1 2 -1 0 0 0 -2 0 1 0 0 1 -2 -2 -1 0 0 -1 0 0 1 0 0 -1 0 1 1 -1 -1 0 -3 -2 -1 0 0 0 0 -1 -2 0 0 0 -1 1 0 2 0 0 -1 0 0 -1 0 -1 2 0 0 -1 0 0 0 -1 0 -2 0 0 1 0 -1 1 0 1 1 -2 -2 0 0 0 0 1 0 0 1 -1 -1 -1 -1 -1 -1 0 0 1 0 0 2 1 1 0 -1 1 0 0 -1 1 1 1 0 0 1 1 1 -1 0 0 0 0 1 0 0 1 1 0 0 1 -1 -1 -1 0 0 -1 0 -1 0 0 0 1 0
0 1 0 -1 0 0 0 1 0 0 -1 0 -1 1 1 0 0 1 0 2 0 0 1 1 0 1 0 0 0 -1 0 1 -1 2 0 1 0 0 -1 1 1 0 0 1 0 0 0 0 -1 0 -1 1 1 1 2 -1 0 -1 -1 3 1 2 1 1 1 2 0 -3 -1 0 -1 -2 -1 0 0 0 0 1 0 1 0 1 -2 -2 0 1 0 3 1 0 0 -1 0 0 0 0 -2 -1 1 -1 -1 1 0 0 1 0 0 0 -1 1 -1 1 0 1 1 -1 1 1 1 -2 1 -1 0 -1 0 0 1 1 0 0 2 0 0 1 -1 0 1 1 -1 0 -1 0 0 0 0 0 0 1 -1 -1 -1 0 0 0 1 1 0 0 0 -1 0 -1 0 0 0 0 0 0 1 0 0 0 0 1 1 -1 -1 0 1 0 0 -1 0 0 -2 0 -1 0 1 -1 1 0 0 2 0 -1 3 -2 0 0 1 -1 1 -1 0 1 0 0 -1 1 -1 1 -2 1 0 1 0 -2 0 0 2 1 -1 0 1 -1 1 0 1 1 0 -3 0 -1 -1 0 -2 0 2 2 -1 23 1 0 -1 0 0 2 1 2 0 2 0 0 -1 0 0 1 0 1 1 -1 -1 -2 -1 -1 -1 0 0 2 1 4 0 1 0 2 0 3 1 2 -1 2 -1 0 1 0 0 1 0 -1 0 -1 -1 0 0 0 0 1 0 0 -1 -1 0 0 0 -2 0 0 0 -1 0 2 1 1 0 1 0 0 0 0 1 1 1 0 0 -1 -1 0 1 2 -2 0 0 -1 0 0 0 0 -1 0 -1 0 1 1 1 0 2 0 0 -1 2 -1 0 0 2 -2 0 -1 1 0 1 1 0 0 -1 1 0 1 0 0 1 0 -1 0 1 -1 2 1 0 1 -1 0 0 0 0 0 -1 0 0 -3 0 -1 -1 0 0 -2 -1 1 0 1 0 -1 1 0 0 -1 0 1 0 1
0 0 0 0 1 0 1 -1 0 -1 0 0 0 2 1 -2 -1 1 0 1 0 -1 1 0 -1 0 -2 0 0 0 0 0 0 0 0 0 0 0 -2 -2 0 0 0 0 -1 0 0 2 0 0 0 -1 1 -1 -1 -1 -2 2 -1 0 -2 1 1 -1 1 0 1 0 -1 0 2 1 -2 0 0 0 1 0 0 0 1 -1 -1 -1 0 1 -1 0 1 0 -1 -1 0 1 -1 -1 -1 -1 1 1 -1 0 0 0 -1 0 -1 -1 0 0 1 1 -1 0 0 1 -2 0 1 0 0 -1 -1 -1 0 0 0 2 -1 -1 0 0 0 0 0 1 1 0 2 -1 0 -1 -1 0 0 -1 1 -1 0 -1 1 0 2 0 1 0 0 0 1 -1 0 0 -1 0 -1 -1 0 0 0 0 1 0 -1 1 0 0 -1 0 -1 2 0 0 0 0 0 0 -1 0 0 1 1 -1 1 0 1 0 0 2 0 0 0 0 1 0 -1 0 -1 1 0 0 0 -1 0 0 0 -1 1 1 1 -1 1 0 0 -1 0 1 1 0 0 -1 1 -1 0 0 -1 1 0 0 0 2 -2 1 21 0 0 -1 1 2 -1 0 0 -1 -2 0 0 1 -1 0 -1 -1 0 2 0 0 -1 0 0 0 0 1 -1 0 0 0 -1 -1 0 0 -1 3 0 -1 0 1 0 0 2 1 -2 0 -1 0 0 -1 0 -1 -2 0 0 1 0 0 0 2 0 2 0 -2 -1 0 0 1 0 2 0 2 -2 0 0 0 -1 0 0 0 1 0 0 2 -1 -1 -1 1 1 0 0 0 0 0 -1 1 0 -1 0 -1 -2 0 0 1 0 1 -2 1 0 0 -1 1 0 1 1 0 0 1 -1 0 0 0 0 1 0 1 0 0 0 0 1 0 0 1 0 0 1 1 1 1 -1 0 0 0 -1 0 0 0 0 1 0 0 0 1 1 1 -1 -1 0 0 1 0 0 1 -1 1
2 0 0 0 0 1 0 1 1 -1 0 0 1 0 0 0 0 -1 0 0 0 5 0 0 -2 -1 0 1 2 0 0 -1 1 1 1 1 0 -2 1 0 1 0 0 1 -1 0 -1 -1 -2 0 1 1 0 0 0 -2 0 1 -1 0 -1 1 1 3 0 0 0 -1 0 1 2 0 0 1 0 0 1 -1 0 0 2 1 -1 0 0 0 0 1 1 2 2 -1 1 0 1 1 1 2 -1 -1 0 -1 1 -1 -1 -1 2 -1 -1 0 -2 0 -1 1 1 1 1 0 -1 2 -2 0 1 1 -1 0 0 0 1 -1 0 1 1 1 -1 2 1 -1 2 0 1 0 0 1 -1 0 0 -2 0 1 1 0 0 1 1 -1 1 2 0 -1 1 0 -1 -2 -2 0 0 0 0 -2 0 0 -1 0 -1 0 0 1 -1 2 1 -1 -1 0 1 1 2 0 0 0 0 2 -1 1 1 1 0 -1 0 0 -1 0 -1 -1 0 -1 0 0 0 0 -1 0 2 0 0 1 0 -1 -1 1 1 0 0 0 1 1 1 0 2 0 0 1 0 -1 0 2 1 -1 0 0 1 0 0 24 0 2 0 1 2 0 -2 0 2 0 0 1 0 1 1 0 0 0 0 -1 -1 2 2 0 -1 0 1 -1 0 0 2 1 0 -1 0 1 0 -1 0 0 1 1 0 -1 1 -1 1 1 0 2 2 0 0 0 1 -1 0 0 -2 1 0 2 2 1 0 0 0 1 0 1 2 -1 0 0 0 3 1 3 0 2 1 -2 0 2 0 -2 -2 0 1 0 0 -1 1 0 2 1 0 1 0 0 -1 0 0 3 0 0 -1 0 -1 -1 1 0 0 2 0 0 0 2 0 1 0 2 1 0 0 0 -2 1 1 0 1 0 0 0 0 1 1 0 1 0 1 1 1 0 2 0 0 1 -1 1 0 0 0 -1 0 0 2 0 1 3 0 0 -1 0 1 0
0 -1 1 0 0 0 0 0 1 1 0 0 2 0 0 0 1 0 0 1 -2 -1 0 1 0 -1 0 0 0 2 1 0 1 -1 1 1 -1 0 -2 -2 -3 -1 2 1 -1 0 0 0 0 1 1 0 0 1 0 1 -1 1 4 -1 0 0 0 0 -1 1 -1 1 0 1 1 0 -1 -1 -1 0 0 0 0 0 1 0 1 0 0 0 -1 1 0 1 3 -1 -1 -1 1 0 -1 0 0 -1 0 0 0 0 -1 0 2 0 -1 0 -1 0 1 2 0 0 0 0 1 2 1 0 0 2 0 0 0 -3 -2 -1 1 -1 0 0 0 1 0 -1 -1 0 1 0 -1 -1 1 0 1 0 3 -1 -1 0 -1 1 0 -2 0 0 2 0 0 -1 -1 0 0 -2 1 1 0 1 0 1 1 0 0 0 1 0 0 1 0 1 -2 0 1 0 2 0 0 0 0 0 1 2 1 -1 -1 1 -1 1 0 0 -1 1 0 0 -1 0 0 0 -1 -1 -1 1 0 0 -1 0 -1 1 0 0 2 -1 0 -1 0 1 -1 3 -1 0 -2 0 0 1 1 1 0 0 -1 -1 0 0 21 1 -1 -1 -2 0 0 0 0 -1 0 0 0 -1 0 -2 -1 1 0 0 0 1 -3 -1 0 -1 -1 1 0 1 -1 0 0 -1 1 0 1 -2 1 1 0 0 1 1 1 0 0 0 1 0 0 0 0 0 0 1 1 0 -1 0 2 -1 0 0 2 0 0 0 0 1 0 1 0 0 0 0 0 0 2 1 -1 1 0 0 -2 -2 1 0 0 1 -1 1 0 1 -1 0 0 0 0 0 -1 1 -1 0 0 1 -1 0 0 -1 0 1 0 -1 1 0 -1 2 -1 0 0 1 0 0 1 0 1 0 0 0 1 0 -1 0 -1 0 -1 2 1 -1 0 0 0 0 0 0 0 0 0 0 0 -2 -2 0 -1 -1 0 -3 1 1 0 0 1 0 0 0
-1 0 0 0 0 1 0 0 2 0 -2 0 2 -1 0 0 -1 -1 1 1 0 3 0 0 -1 0 -1 2 0 0 1 1 1 0 0 1 0 1 -2 -1 0 0 1 -1 0 3 2 -2 1 0 0 1 0 1 2 -1 0 2 1 0 -1 0 0 -3 0 0 0 -1 0 -2 0 0 -1 0 -1 -1 -2 0 -2 0 0 1 1 -2 0 -1 0 -1 0 2 0 -1 1 1 0 0 1 1 0 -2 1 1 0 -1 0 -1 2 0 1 0 1 0 0 1 1 2 0 -2 0 1 -3 1 0 0 0 -1 -1 0 -1 -3 0 0 0 0 0 1 2 1 1 0 0 2 0 0 0 0 1 -1 1 -1 0 0 0 2 0 2 0 0 0 -1 -1 0 0 0 -1 0 -1 0 1 -1 -1 0 0 1 1 1 0 1 2 0 1 0 0 1 -2 0 1 0 1 0 0 1 0 0 2 0 1 1 0 2 0 0 0 4 1 1 0 2 0 -1 -1 1 0 -1 0 1 -2 0 0 0 1 0 0 0 0 2 0 0 2 1 0 0 -1 0 0 -1 0 2 -1 1 0 0 -1 2 1 27 0 -3 0 2 0 -2 1 0 0 2 0 0 -2 0 1 0 -1 1 1 0 0 0 1 -1 -1 1 1 -1 1 0 0 0 0 0 0 1 -1 2 2 0 0 1 0 0 0 0 0 1 3 -1 -1 0 0 0 -1 -1 -1 0 0 1 2 0 1 -1 -1 1 -2 3 2 1 0 0 -3 0 -1 0 0 2 0 -2 0 -2 0 0 2 0 -1 0 -1 -2 -1 0 1 -1 -2 0 1 -1 1 0 0 0 0 1 1 0 0 0 -1 0 1 1 -2 1 0 0 -1 0 0 2 0 1 0 1 0 0 -1 -1 -1 1 0 2 -1 1 -2 0 0 1 0 0 -2 2 -1 1 -1 0 -1 0 1 1 -3 -1 0 -1 1 1 2 -2 0 -1 -1 1 -2 1
1 0 0 -1 1 -1 0 0 0 0 0 0 0 2 1 0 0 0 0 0 0 0 2 0 0 0 0 1 0 -1 -1 1 1 0 0 0 1 0 0 0 0 0 0 1 -2 1 0 0 -1 0 0 0 0 1 0 1 -1 1 0 -1 -3 1 0 0 0 0 0 -1 0 1 1 -2 3 1 1 0 -1 0 0 0 0 0 0 0 0 -1 0 0 1 0 -1 0 -1 1 0 0 0 0 0 1 -1 0 0 0 1 0 0 0 1 0 2 0 0 -1 0 1 0 0 0 0 1 -1 0 0 1 0 0 1 -1 1 0 0 0 -2 2 -1 1 0 0 1 -1 0 0 1 0 0 0 0 0 1 0 0 0 2 0 0 0 0 1 1 0 0 0 0 -1 0 2 0 0 0 0 0 -1 1 0 0 0 0 1 1 0 1 0 0 0 0 0 1 1 2 0 -1 -1 0 -1 0 -1 0 -1 0 0 0 0 0 -1 0 0 1 0 0 0 0 0 0 0 0 0 0 0 1 0 -1 -1 1 1 1 0 0 1 0 1 0 2 0 -1 1 0 0 0 0 -1 0 1 0 -1 0 18 0 0 3 -2 0 0 0 0 0 -1 2 1 0 -1 -1 0 -2 1 0 0 1 0 -1 0 1 0 0 0 1 0 0 0 0 0 0 0 1 1 0 1 1 0 0 1 0 1 0 2 1 1 0 2 1 -1 4 0 0 0 1 0 1 1 0 1 0 0 0 0 2 0 0 0 0 0 1 0 -2 0 0 0 -1 0 0 -2 0 -1 0 1 1 1 0 0 -1 0 0 0 1 0 1 0 0 0 -1 -1 0 -1 0 0 1 -1 -1 1 1 0 0 0 0 2 0 0 0 0 1 -1 0 0 0 0 -1 -3 0 1 0 -1 0 2 0 0 0 1 0 1 0 1 1 1 0 0 2 1 1 1 -1 -1 -1 1 0 0 0 0 0 0 2
0 1 0 0 -1 0 1 1 0 0 -1 0 0 2 1 1 0 -1 0 -1 0 2 -1 -1 0 0 -1 1 -1 2 1 0 1 1 1 -1 2 0 0 -1 0 0 0 0 2 -1 -1 1 0 0 0 -2 0 0 0 0 0 0 0 0 0 1 0 0 -1 -1 0 0 -1 0 0 -1 1 0 0 0 0 -1 0 0 1 0 -1 0 0 0 1 1 1 0 0 1 -2 0 0 2 0 -1 -1 0 -1 -1 -1 0 -1 0 1 0 0 0 0 1 -2 -1 1 0 0 1 -1 -1 -2 0 0 0 0 0 0 1 3 2 0 0 1 0 -1 1 0 0 0 2 0 0 0 2 -1 1 0 1 0 0 0 0 1 1 1 0 0 3 1 0 2 -2 1 0 0 0 1 0 1 1 0 1 0 0 1 0 1 0 -1 0 1 0 0 -1 -1 0 -3 -2 -1 2 1 -1 0 2 1 1 1 1 0 2 -1 1 2 -2 0 0 0 0 0 0 1 0 0 0 0 0 0 2 2 0 0 0 0 0 -1 -1 2 0 0 0 0 0 0 -1 0 -1 -1 0 2 0 -2 2 2 1 -1 -3 0 18 2 1 2 1 0 0 0 -2 0 0 -1 -1 0 1 1 -1 -1 0 1 1 0 1 0 -1 1 0 1 0 0 -2 1 0 1 0 2 0 0 1 3 0 0 0 1 0 1 -1 0 0 1 0 1 -1 0 0 1 1 1 0 0 -2 -1 0 1 2 -1 1 0 -1 0 1 0 2 1 2 0 -1 0 0 0 0 -1 -1 0 -1 0 -1 0 1 0 0 0 1 1 -2 1 0 1 2 0 1 0 0 0 0 0 0 1 1 1 0 0 0 0 0 1 0 1 -1 0 1 0 0 1 0 0 0 0 1 1 1 -1 1 0 1 0 -1 0 -2 1 0 0 0 1 0 0 0 0 0 0 1 0 -1 1 0 1 0 0 0 2 1 1 1
-1 0 1 0 0 1 1 0 -1 0 1 -1 0 0 1 1 0 1 -1 -1 0 0 -2 0 -1 -2 0 -1 0 0 0 0 0 3 1 1 0 0 1 1 -1 1 -1 0 -1 -1 -1 1 0 1 0 1 0 2 1 0 0 0 0 0 -1 0 3 1 1 1 0 0 0 -1 1 -1 0 2 -1 1 0 1 0 0 0 -1 0 -1 0 0 1 2 0 2 2 0 0 0 -1 0 0 0 0 -1 0 1 -1 -1 -1 1 -2 -1 -1 -1 1 -2 0 0 1 1 1 -1 0 -2 -1 0 0 1 0 -1 0 1 -2 0 0 1 1 0 0 -1 0 0 1 0 1 0 0 1 0 1 0 1 1 0 1 1 0 0 1 0 1 0 -1 0 0 -1 1 2 0 1 0 0 1 1 1 1 1 0 0 1 0 0 -1 -1 1 0 0 1 0 0 -1 -1 -1 1 0 -2 -1 1 2 0 -1 0 0 -1 -1 0 2 0 -1 0 0 1 0 1 0 0 0 -1 0 1 0 0 0 0 0 -1 -1 0 0 -1 1 0 0 0 -1 0 1 1 -2 1 -1 0 -1 0 0 1 -1 2 -2 0 0 2 22 0 -1 -1 1 0 0 1 0 0 0 1 1 2 -1 0 2 -1 -1 0 -1 1 0 0 0 0 -1 2 -2 0 -1 0 1 0 0 -1 0 -1 2 0 -1 0 0 0 1 1 1 1 1 0 0 0 1 -1 -4 -1 0 0 0 0 1 0 1 1 0 1 0 0 -1 -1 3 2 1 -1 1 -1 0 0 1 0 -2 1 0 0 1 0 0 1 0 0 -1 -1 1 -1 0 0 1 2 2 0 -1 0 -2 0 0 2 0 1 0 0 0 1 0 1 -1 0 -1 0 0 0 -1 1 -2 1 1 2 0 0 3 0 -2 0 1 0 0 1 1 -1 0 0 0 0 0 -1 1 0 0 1 0 0 2 -1 1 1 -1 0 1 0 0 1 -1 0
0 -2 0 1 -1 1 0 0 0 1 -2 0 -1 -1 0 0 0 0 0 0 0 0 -1 1 1 1 0 1 0 0 0 0 0 0 -1 0 0 0 0 -1 1 2 -1 2 0 1 0 0 1 0 0 -1 -1 0 1 0 -1 2 0 0 -1 0 -1 0 0 1 0 -1 0 0 -2 -2 1 0 0 0 -1 0 -1 1 -1 0 0 0 0 0 -1 0 0 -1 0 -1 0 0 0 0 0 0 -1 1 0 0 -1 1 -1 0 0 0 -1 1 1 0 1 1 0 -1 0 0 0 0 0 0 0 0 -1 -1 0 0 1 -1 0 0 0 -1 1 0 1 0 0 -1 0 0 0 0 -1 1 1 -1 0 0 0 0 -1 0 -1 0 1 0 0 1 0 -1 0 0 0 0 0 0 -1 0 0 0 1 1 0 0 0 0 1 1 0 1 0 0 -1 1 -1 0 1 -1 0 1 1 -1 1 -1 -1 0 0 0 -1 0 0 0 2 -1 0 0 -2 0 2 1 -1 0 0 2 1 1 1 2 -1 0 1 1 0 0 1 0 1 1 0 0 0 0 1 0 0 0 1 0 0 2 0 0 0 2 3 1 0 15 -2 0 1 0 0 0 0 -1 1 0 0 0 1 -2 -1 0 0 1 0 -3 0 1 1 0 0 0 1 0 1 0 2 0 1 0 0 0 3 0 0 0 1 0 1 0 0 1 -1 0 0 3 0 -1 0 -1 -1 0 1 0 0 1 -1 0 -1 0 0 0 0 0 1 0 -1 1 -2 0 1 0 0 1 0 0 1 0 0 -1 1 0 2 0 -1 0 0 0 0 0 -1 0 2 0 0 0 0 0 0 0 -1 0 0 -1 1 0 1 2 -1 0 0 0 1 1 0 0 0 0 0 -1 -1 -2 -1 0 0 1 -1 0 1 0 0 0 0 -1 -1 -1 0 -1 0 0 -1 1 0 2 1 1 -1 -1 1 1 1 0 0 0 1 1
0 1 2 0 0 1 0 0 -1 2 1 0 0 0 -1 -1 0 -1 1 0 2 0 0 -2 -1 0 1 0 1 0 1 0 -1 1 1 0 1 0 -1 -2 1 0 -1 -1 1 1 0 0 0 0 3 -2 1 -3 1 -1 0 0 0 0 2 0 0 1 -2 -1 0 0 0 0 -2 0 0 2 0 1 1 1 0 1 1 0 -1 0 1 0 0 1 0 0 0 2 0 1 1 0 0 0 -1 0 0 2 -1 1 1 0 2 0 0 -1 0 2 0 2 1 -2 1 1 0 1 1 -1 1 0 1 1 0 0 1 0 1 1 -1 1 1 0 0 0 0 0 1 1 0 2 0 0 0 1 1 -1 0 0 1 -1 0 2 0 0 0 0 0 1 0 0 1 0 0 1 1 4 1 -2 -1 1 -1 -1 1 1 0 -1 0 -1 0 0 0 1 1 1 0 -1 1 -3 -1 3 0 0 1 2 0 0 2 2 2 0 3 3 1 -1 1 0 -1 -1 -1 1 1 1 0 -1 0 0 1 0 0 2 1 0 0 0 -1 0 -1 0 1 -1 -2 0 -1 0 1 -1 -1 0 0 -2 0 0 -2 2 -1 -2 29 2 -1 -1 0 1 0 0 -1 -2 0 -1 0 -1 1 0 1 -1 -4 1 0 0 0 1 0 0 -1 2 0 1 1 0 0 1 -1 2 -1 2 0 0 1 0 0 1 0 -1 0 2 -1 1 2 0 0 0 1 -1 0 0 0 1 1 1 2 1 1 0 2 1 1 0 -1 -1 0 -2 0 -2 0 -1 0 1 0 1 0 0 0 1 -1 -1 0 1 2 -2 -1 0 2 1 -1 -2 0 0 -1 0 -2 0 0 -1 1 -4 0 1 0 -2 0 2 -2 0 0 0 1 1 0 -1 0 1 0 2 1 0 0 -2 0 0 0 0 -1 2 0 1 0 -1 1 0 1 0 0 1 0 0 1 0 0 -1 0 -1 1 1 0 0 -1 1
1 0 1 1 0 0 0 1 -1 0 0 0 1 0 0 1 -1 0 -1 -3 -1 0 0 0 0 1 0 0 1 0 1 -1 0 -3 0 1 0 0 0 1 0 0 3 2 -1 0 0 -1 -1 0 -1 0 0 0 0 -1 0 0 -2 0 0 1 3 1 0 -2 2 -2 1 1 0 0 1 0 2 0 0 0 0 1 0 1 1 0 -2 3 -1 0 0 0 1 3 -1 0 -1 1 -2 0 1 -1 2 -1 0 0 0 0 0 0 0 0 0 -1 1 0 1 1 2 -1 1 0 -1 0 2 1 0 0 1 -1 0 2 2 1 1 0 2 -1 0 0 -1 0 1 1 1 4 1 -1 -1 2 0 0 0 0 1 -1 1 0 0 2 0 0 0 1 -1 -1 1 0 0 0 -1 1 1 0 1 0 0 1 1 0 1 1 2 1 1 1 -1 0 1 0 0 -1 0 0 -1 2 -1 0 -1 -1 0 1 -1 0 1 0 0 0 0 -1 0 2 0 -1 1 0 1 -1 0 0 0 0 1 0 -1 0 1 1 0 -1 0 -1 1 -1 -2 0 0 -1 -1 0 2 0 -2 2 -1 0 0 -2 0 1 -1 0 2 23 0 -1 -1 -1 3 1 1 2 0 0 0 -2 1 0 1 0 0 1 0 -1 1 0 -1 0 0 1 -1 0 1 -2 0 2 0 0 1 0 1 0 0 0 0 0 -1 0 1 -1 -2 0 0 0 0 -1 0 0 0 5 -1 0 2 -1 0 0 -1 1 0 -1 0 0 1 0 1 0 -1 -3 1 -2 0 0 2 1 1 0 1 0 1 0 1 0 0 0 1 1 1 -1 0 -1 0 0 -2 0 0 0 1 -1 1 2 0 1 0 -3 1 -1 0 -1 0 -1 0 -1 1 0 -2 -1 0 0 -1 0 -2 0 0 -1 0 -3 1 1 -1 0 1 0 0 1 1 -1 -2 1 0 0 0 -1 0 0 -1 0 0 1 0 0 0 -2
0 0 0 0 1 0 0 -1 0 1 0 1 1 -2 0 0 0 0 0 0 0 1 -2 0 0 0 0 0 1 0 0 0 0 0 1 3 -2 0 1 0 0 0 0 1 0 0 -1 -1 0 0 0 -1 0 0 0 -1 0 0 0 0 0 -1 1 0 0 0 0 0 0 0 2 0 1 0 0 0 0 0 0 -1 0 0 0 1 0 0 0 0 1 0 1 0 0 -1 -1 0 0 0 2 1 0 1 0 1 1 2 1 0 -2 0 0 -2 -1 1 0 1 0 0 0 0 -1 0 0 0 0 0 0 -1 1 0 0 0 1 1 -2 0 1 -1 0 0 2 0 2 -1 0 0 -1 0 0 0 0 0 0 -1 0 0 0 0 0 0 0 -1 1 0 0 0 0 1 0 -1 0 0 0 0 0 -1 1 -1 2 1 1 0 0 1 0 0 1 0 0 -2 0 -1 0 0 -1 0 0 0 1 0 0 0 0 1 0 1 0 0 0 0 1 -2 1 0 -1 0 0 -1 0 1 0 0 0 0 -2 -1 0 0 0 1 1 0 0 0 0 0 1 0 1 0 1 0 -2 2 0 1 0 0 1 1 -1 0 15 2 1 0 0 0 1 1 0 0 0 1 0 1 0 0 -1 -1 -1 0 -1 0 0 0 1 -1 -1 -1 1 0 2 0 -1 1 0 0 0 0 1 0 0 1 1 0 0 0 -1 1 0 -1 -2 0 0 0 0 -1 0 0 1 0 0 -1 1 -2 0 1 0 0 0 0 -1 1 0 2 0 0 0 0 0 1 0 0 -1 -1 0 1 0 0 0 0 0 0 0 0 0 1 0 0 -1 0 0 -1 1 0 0 0 1 -1 1 0 1 -1 0 2 0 0 0 0 0 -1 1 -1 0 0 0 0 0 1 0 1 0 0 0 0 0 1 1 0 0 1 0 0 0 0 0 0 -1 0 1 1 0 1 0 0 0 1 1 0
0 0 0 1 0 0 0 0 0 0 0 0 -1 0 1 0 -1 0 0 -1 0 0 0 1 -1 1 1 0 -1 1 -1 -1 0 0 0 0 1 2 0 2 0 0 -1 1 0 -1 0 -1 0 -1 -1 2 1 0 0 0 2 0 0 3 1 0 0 -1 -2 2 1 0 2 0 3 3 0 1 0 -1 1 0 1 0 1 0 0 0 0 0 -1 0 0 0 0 0 1 0 0 0 2 0 1 -1 -1 0 0 0 -1 3 1 0 0 0 0 0 0 0 3 0 0 1 -1 0 0 0 1 2 0 1 0 -1 0 0 0 0 0 0 0 0 -1 0 0 0 0 -1 2 0 0 1 0 2 0 3 -1 -1 0 0 0 0 0 1 -1 0 0 0 0 0 0 0 1 0 0 0 0 1 0 0 0 2 -1 0 0 0 0 0 1 0 1 1 -1 1 2 1 0 0 1 0 0 1 -2 0 0 0 2 0 0 0 0 1 -1 2 0 1 0 1 0 0 0 2 0 0 0 1 0 0 1 0 0 0 0 0 0 2 0 1 0 0 0 -1 0 0 0 0 0 0 0 0 -1 0 0 0 0 0 -1 -1 2 21 0 0 -2 -1 5 1 2 -1 1 0 -2 0 1 -1 -1 0 1 1 0 1 0 1 2 -1 0 2 1 0 0 0 0 0 0 0 1 0 1 0 0 0 3 3 -2 -1 1 2 1 1 1 1 0 0 0 0 -1 0 0 -1 0 0 2 1 -2 2 -1 0 0 1 1 0 1 2 0 0 1 1 1 2 2 1 0 0 0 0 0 0 0 1 -1 0 0 0 0 2 0 0 0 0 0 1 0 -1 0 0 1 1 0 1 1 -2 1 -2 0 -1 2 1 1 -2 -1 -1 1 0 0 0 -1 0 0 1 0 3 1 0 0 1 -3 -1 0 0 2 0 0 0 0 -1 0 0 0 0 0 0 0 -1 2 0 1 -1
0 0 1 0 0 -1 0 -2 0 -1 1 0 1 -1 2 1 0 0 0 -2 -1 0 0 1 0 0 0 1 0 0 1 0 3 0 0 0 0 0 0 -1 1 0 1 0 -1 0 0 0 0 0 1 -1 -1 0 0 0 -1 1 1 1 -1 0 0 1 0 1 -1 3 3 1 0 0 -1 -1 -1 0 1 0 -1 0 1 -1 1 -1 0 0 0 -1 2 0 0 0 0 0 0 1 2 1 1 0 0 0 1 0 -1 1 0 1 1 1 0 0 1 1 0 0 -1 0 0 0 0 0 2 0 0 0 0 -1 0 2 0 0 -1 0 -1 0 1 0 -1 -1 0 0 0 0 0 1 0 0 0 0 -1 0 0 0 1 2 0 0 -1 0 0 1 2 0 -1 -1 0 0 0 -2 0 -1 -1 0 1 -1 0 0 0 0 0 0 0 1 0 0 1 0 0 0 0 0 0 0 0 -1 2 0 0 0 0 0 0 -1 1 1 0 1 1 0 -1 -1 0 1 0 1 0 0 0 0 0 1 0 1 0 1 0 0 0 1 0 0 1 1 0 0 -2 1 2 -1 1 -1 0 0 0 0 0 0 0 0 0 -1 1 0 16 0 0 -1 0 -1 0 2 -1 1 1 0 0 -1 -1 0 1 2 0 0 1 0 2 1 0 0 0 0 0 2 1 2 0 0 1 1 -2 0 0 1 -2 0 -1 -1 1 -1 0 0 0 0 0 1 1 1 -1 -2 -1 0 2 1 0 -1 1 0 0 1 0 0 0 0 0 -1 0 0 -1 -1 -1 2 0 0 0 0 0 2 -1 0 1 0 2 -1 0 0 1 0 0 0 0 0 -1 0 1 1 0 3 0 -1 2 0 0 0 0 -1 0 0 1 0 1 -1 1 0 -1 1 0 0 0 0 0 2 0 3 1 0 0 0 1 -2 0 1 -1 1 0 3 0 0 1 0 -1 0 0 0 0 0 0 0 -1 1
0 0 0 -1 1 0 0 -1 -1 0 2 0 -1 0 0 1 0 -1 1 -2 1 1 0 0 0 1 0 0 -1 0 0 0 -2 0 -1 0 1 1 0 1 1 0 1 1 0 0 0 0 -1 1 0 -1 0 -1 1 0 2 0 0 1 -1 0 -1 0 0 0 3 1 1 0 -1 2 2 1 -1 0 0 1 0 1 0 0 0 2 0 -1 0 0 0 0 0 -1 2 1 0 -1 0 0 0 1 -2 0 -2 1 1 -1 1 -1 0 0 -1 2 -1 -1 1 2 -3 0 0 -1 0 -1 -1 0 0 -1 0 0 1 -1 1 1 -1 0 0 1 1 0 0 0 0 0 0 1 0 1 0 -1 0 -1 0 1 0 0 2 3 0 0 -2 0 0 1 0 0 0 0 0 0 0 1 0 0 -1 1 -2 1 1 0 1 1 0 0 0 1 -1 2 1 0 0 0 0 0 1 0 0 1 0 0 -2 0 0 0 -1 3 1 1 0 0 0 1 0 0 1 -1 0 0 1 1 -2 0 1 0 1 2 0 0 -1 0 1 -1 0 0 1 1 0 0 0 1 0 1 0 0 1 1 0 2 0 -2 1 0 1 -1 0 0 0 19 -1 0 0 1 1 0 0 -1 1 1 0 0 -1 0 0 1 1 1 1 -1 0 0 -2 2 0 0 0 0 0 0 1 1 0 0 -1 0 -2 0 1 -1 1 -1 -1 -1 0 -1 -1 -1 -1 1 -1 1 2 0 1 0 1 1 0 1 0 0 0 1 1 -2 1 0 0 -1 0 1 0 0 0 2 1 1 0 1 0 0 -1 0 1 0 -1 0 0 -1 0 0 0 0 0 0 -1 0 0 -1 0 1 1 0 1 0 1 0 0 0 1 0 1 0 -3 0 0 0 0 1 3 0 -1 0 -1 0 0 1 1 0 0 0 0 0 0 1 1 0 -1 -2 0 -1 1 0 0 -2 0 0 1 -1 0 0 0 -1
0 0 -1 1 0 -1 -2 1 0 0 0 0 1 2 0 0 1 0 0 -1 0 0 0 0 -2 1 0 0 -2 2 2 -1 0 1 4 0 -1 0 1 1 0 0 1 0 0 -1 0 1 2 1 0 -1 0 1 -1 0 -2 0 0 0 1 1 0 0 0 0 0 -2 -1 0 -1 -1 1 0 0 -1 0 0 -1 -1 -1 0 0 0 2 1 2 -1 1 0 0 1 1 1 2 0 0 0 0 0 3 1 0 0 2 0 0 0 1 1 -1 0 1 0 0 0 3 -1 3 1 0 1 0 0 0 2 0 -1 1 2 1 0 2 0 -1 2 1 0 0 0 1 0 0 1 0 1 1 1 0 -1 3 0 1 0 0 0 0 0 1 -1 1 2 0 0 2 2 -1 0 -1 -1 0 0 0 1 0 -1 0 -2 2 0 0 0 1 1 0 1 0 0 -1 0 2 0 -1 1 1 2 2 0 2 0 0 0 1 0 0 1 0 0 0 1 -2 -1 0 0 0 -1 0 -1 0 1 0 0 0 0 0 2 0 0 1 -2 1 0 2 1 1 1 -1 0 1 2 1 0 -1 0 0 0 -1 0 0 0 0 3 0 -2 0 -1 23 1 -1 0 0 -1 1 0 1 -1 -1 2 0 1 1 1 0 1 -1 -1 -1 1 0 0 0 3 0 0 -1 0 -1 -1 0 1 1 0 1 1 -1 -1 -1 1 2 -1 1 -1 1 0 1 -1 1 1 -1 0 -2 0 0 0 0 -1 0 0 1 1 0 0 -1 0 0 -1 1 1 0 0 1 1 0 0 1 0 0 1 1 2 0 -1 2 -1 0 1 1 0 0 -1 0 0 0 2 2 0 -1 1 -1 0 0 -1 0 1 1 0 0 1 1 1 1 0 -1 0 0 0 0 1 0 1 1 1 0 -2 0 0 -1 1 1 -1 -3 1 0 0 0 0 -2 2 0 0 0 0 -1 -1 -1 2 -1 0 -1 -3
-2 0 0 2 1 -1 1 0 0 1 0 1 0 1 -1 0 0 2 1 1 2 1 1 0 0 0 1 0 -1 -1 0 -1 -1 -1 0 1 2 -1 0 0 -1 0 0 0 0 1 1 0 0 0 0 2 1 1 0 0 1 0 0 0 0 2 0 1 -1 2 0 0 0 0 -1 0 2 0 1 0 0 0 0 0 -1 1 -1 0 1 1 1 1 0 -3 0 -1 1 0 -1 -1 0 0 0 0 1 4 0 0 2 0 0 -1 1 1 0 0 -1 0 0 1 1 -1 2 1 1 -1 0 0 1 0 -1 0 -1 1 1 0 -1 0 0 0 0 1 0 0 -1 1 0 0 0 0 -1 0 0 -1 0 0 0 2 0 1 0 0 0 -1 1 1 -1 0 -2 -1 -1 0 0 0 0 0 -1 0 1 2 0 -1 2 -1 1 0 -1 0 1 0 1 3 0 1 1 0 1 0 -1 4 -1 0 0 1 -1 -1 0 0 0 -1 2 1 0 0 -1 0 1 0 1 0 2 2 -1 0 0 -1 -1 1 0 2 -1 0 0 0 1 0 1 -1 0 -1 0 1 -2 0 0 1 0 1 -1 0 2 0 0 -1 0 1 0 -1 -1 0 1 21 2 1 0 1 1 1 0 1 0 2 0 -1 0 1 1 0 0 0 -1 0 0 -1 0 1 1 -1 -2 0 2 -1 1 -1 1 0 1 0 1 -1 0 0 1 0 0 0 1 -1 -1 -2 0 1 0 1 -1 0 -1 0 0 0 1 -1 0 2 1 -1 2 0 0 -1 1 0 0 0 2 1 1 -1 0 1 0 0 1 0 0 0 -1 -1 0 0 2 1 0 0 1 -1 -1 0 -1 -1 1 1 1 -1 -1 1 0 0 2 2 0 0 0 0 0 2 1 1 1 0 2 0 -1 0 -1 1 1 2 -1 1 0 1 2 1 0 1 0 -1 -1 0 3 0 0 0 0 1 0 1 0 -1 0 0 0 -1
-1 -2 1 3 1 0 1 1 0 2 0 1 1 -2 -2 1 -3 1 -3 2 -2 0 1 1 -1 0 -1 0 -1 0 -1 0 0 -2 -1 2 4 2 -2 4 -1 1 1 2 1 -1 -2 -2 -2 -1 1 1 0 1 -1 -1 0 1 2 0 0 1 0 0 -1 0 0 -1 0 0 3 -2 -1 0 2 -1 4 -1 -2 0 2 0 0 0 1 0 0 -1 -1 0 1 2 0 1 0 1 -2 0 0 1 -1 1 0 0 0 1 1 1 0 0 1 2 3 0 2 2 0 0 1 2 2 0 -1 0 0 0 0 0 -1 0 0 1 -1 -1 2 0 -1 0 3 0 0 0 1 1 0 -1 -2 1 1 -1 0 0 -2 -1 0 0 -3 -1 -2 0 0 0 1 -1 -1 -2 0 -1 -1 0 1 3 0 0 3 1 -1 0 2 0 0 -1 2 -1 -1 0 -1 0 0 1 1 1 0 -1 -1 0 2 1 -1 1 0 -2 1 -1 0 0 -1 -1 -2 2 0 0 1 1 1 0 0 0 0 0 4 0 0 -3 1 0 0 0 2 -1 -2 3 -1 0 -2 0 0 0 1 -1 1 0 -1 1 0 -2 1 -1 0 1 -1 1 1 5 0 0 -1 2 28 1 0 2 1 0 1 1 1 0 0 0 0 -2 0 1 -1 0 -3 0 1 -1 3 -1 -1 0 0 0 3 0 -1 0 1 0 -1 1 1 -2 0 0 -1 2 1 2 0 2 -1 0 0 -1 0 0 0 -2 0 0 1 0 1 1 -1 2 0 1 3 0 2 2 0 0 0 1 3 0 1 0 -1 1 0 0 0 -2 2 1 -1 -2 1 0 2 1 1 0 0 1 1 0 0 -1 -1 0 0 0 1 2 -1 -1 1 0 1 0 1 1 0 -1 0 0 0 -2 3 0 0 3 -1 0 1 2 1 -1 1 -2 1 -1 0 1 1 0 0 -1 1 1 1 1 -1 0 0 1 -1 1 1 1 0 -1
2 0 2 1 -1 -1 0 1 0 0 0 -1 -2 0 0 0 0 1 -2 0 2 0 2 0 0 3 1 0 0 1 0 -1 -1 1 0 1 0 0 0 1 1 0 0 1 1 0 1 2 0 0 0 0 1 -1 0 1 0 1 -1 -1 0 0 0 0 3 0 0 0 1 -1 1 0 0 1 1 0 1 0 1 0 0 0 0 -2 1 0 2 -1 0 0 0 0 1 0 -1 0 -1 0 -1 -1 0 -1 1 2 -1 -1 1 0 -1 0 1 -1 1 -1 0 1 2 -1 -1 1 0 0 0 1 1 0 0 0 1 2 1 0 1 0 1 0 0 0 0 1 0 0 1 0 0 -1 -1 0 0 -2 0 0 0 1 1 1 0 0 0 -1 0 0 0 1 0 -1 0 0 2 0 -2 0 0 1 0 1 1 0 -1 5 1 1 0 0 0 0 0 -2 0 0 0 2 -1 -1 0 -1 0 -1 1 -1 0 0 2 -1 0 0 0 -1 0 1 0 1 0 0 -1 0 0 1 0 1 1 0 1 0 0 1 1 0 0 0 2 0 -1 2 0 -2 0 0 2 1 0 1 -1 0 -2 0 0 -1 1 0 -2 2 1 1 -1 1 0 1 1 21 0 -1 0 -2 1 0 0 0 0 0 1 0 0 0 -1 0 0 1 -1 0 2 1 0 0 0 1 0 0 0 1 0 0 0 1 0 -1 -1 -2 -1 0 2 0 -3 0 1 1 0 2 0 1 1 0 0 -1 0 0 1 0 -1 -1 0 0 0 1 0 0 0 1 1 -3 1 1 0 0 0 0 -1 0 -2 -1 2 0 0 1 0 2 1 0 1 0 0 1 1 0 -1 -1 0 1 -3 0 1 0 0 2 1 0 1 0 -1 0 0 0 0 0 1 -2 2 -1 -1 1 1 1 1 1 0 0 1 0 0 0 1 0 0 -1 2 1 3 -1 0 0 -2 0 -1 -1 0 -1 0 0 2 -1
0 1 0 1 0 0 0 0 0 0 0 0 0 0 -1 2 0 0 -1 -1 0 0 -1 0 0 1 0 0 0 0 0 -1 1 1 1 -1 2 -1 -2 -1 0 0 -1 1 0 0 0 0 0 0 -1 -1 0 0 0 1 0 -1 1 1 1 0 0 0 0 1 0 0 0 0 0 1 0 1 0 -1 -1 0 0 0 0 1 0 -2 0 0 0 0 0 0 -1 0 1 1 1 0 0 0 -1 0 -1 0 -1 0 -1 1 -2 0 -2 0 0 0 1 0 -1 0 0 0 0 -1 0 0 0 -1 0 1 0 -1 0 0 0 -1 1 0 1 0 -1 1 1 0 -1 0 0 0 1 0 0 0 0 -1 -1 0 0 1 0 0 0 0 0 0 0 0 0 0 0 0 0 -2 1 0 0 0 1 0 -1 0 0 0 0 -1 -1 0 0 0 -2 2 -1 -1 0 0 0 0 -2 1 1 0 0 0 0 0 -1 0 -1 1 0 0 0 -1 0 2 0 0 0 0 0 0 0 1 -1 0 -1 -1 0 1 0 1 0 0 2 -1 0 0 0 1 0 0 0 -2 0 0 0 1 0 0 -1 1 -1 0 1 0 0 0 0 2 0 1 0 0 0 0 11 0 0 1 -1 0 0 0 0 0 -1 0 0 1 0 0 -1 0 0 0 0 0 -1 0 0 0 0 -1 0 0 0 0 -2 0 0 1 -1 0 0 0 1 -1 -1 -1 0 0 0 0 1 -1 0 0 0 0 0 0 -1 0 -2 -1 -2 1 0 1 0 0 1 0 1 1 0 0 1 0 0 1 0 0 0 0 0 0 0 0 0 0 0 1 0 0 -1 0 0 0 0 -1 0 0 -1 0 0 0 0 0 0 0 0 0 0 0 1 0 0 0 -1 -1 0 0 0 1 1 0 0 1 0 0 0 0 0 0 0 0 -1 0 0 1 0 -1 0 0 1 -1 -1 -1 0 0 0 0 0 -2
0 -1 -1 1 -2 1 2 -3 -1 0 0 -1 -1 -1 0 0 0 1 0 0 -1 -1 0 -1 0 -1 -2 -1 1 0 1 0 1 -1 1 -1 0 0 -1 -1 0 1 2 0 1 0 0 -1 -1 0 0 0 -1 0 0 1 0 0 0 -1 0 0 2 2 1 -1 0 0 0 0 0 0 0 1 0 1 0 1 0 1 1 0 0 0 1 -1 1 -1 0 0 1 1 0 -1 0 0 0 0 2 1 0 0 0 -1 -1 1 1 0 1 -1 0 0 1 1 -1 1 1 0 -1 0 -1 1 0 0 -1 0 0 1 0 1 1 0 0 0 -1 0 -1 0 1 0 0 0 0 0 0 0 1 -1 1 0 1 0 1 0 1 0 0 -1 0 1 1 0 1 0 -1 0 2 0 0 -1 0 0 0 0 0 0 1 -1 0 -1 2 0 0 1 0 0 0 -1 0 1 0 0 -1 1 1 1 0 3 -1 -1 0 1 0 1 0 -1 1 0 0 0 0 -1 -1 -1 1 0 1 1 0 0 -1 3 -1 0 0 0 0 0 0 -1 0 -1 -3 1 0 0 0 0 -1 1 1 -1 2 0 1 0 -1 1 2 0 -1 0 0 -1 2 0 -1 1 2 -1 0 19 1 1 0 0 0 1 1 0 1 -1 0 -2 0 0 0 0 -2 0 0 0 -1 0 1 -1 0 0 -1 0 1 0 0 0 0 0 1 -1 0 1 0 0 0 0 0 0 0 0 -1 0 -1 0 0 1 0 0 0 1 1 -1 0 -1 1 0 0 -1 -1 -1 -1 1 -1 0 1 0 0 0 1 0 -1 0 1 -1 1 -1 -1 -1 -1 0 0 1 0 -1 1 -1 0 0 0 -1 -1 1 2 2 0 0 0 2 0 0 -1 0 -1 0 1 1 -2 0 2 0 0 0 -1 1 -1 1 0 -1 0 0 -1 -1 1 -1 0 1 0 0 2 0 1 0 1 1 0 0 0 0 0 0 0 0
0 0 0 1 0 1 -1 -1 0 0 0 0 0 -1 -1 0 0 -1 -1 0 -1 2 0 1 -2 2 0 -1 -1 -1 2 0 -1 0 2 -1 2 -1 0 1 0 0 -1 0 1 0 -1 0 0 0 1 0 1 -1 1 0 -1 1 -1 0 0 -1 1 2 -1 -1 0 0 0 -1 0 -1 0 0 1 1 2 0 0 1 0 -1 2 2 1 0 -1 -2 1 0 1 -1 1 -1 0 0 -1 2 -1 0 1 -1 0 -1 -2 1 0 0 2 -1 1 0 0 -1 0 1 1 1 -1 1 -1 -1 1 1 0 -1 -1 -1 0 0 1 0 1 0 -1 0 0 -2 0 1 0 0 -1 0 0 0 0 0 -1 1 1 -2 -2 0 1 0 1 0 0 -1 0 -2 -1 1 0 -2 0 1 -1 -1 -1 2 1 1 -2 0 0 -3 1 -1 0 0 0 -1 1 0 -1 -1 1 -1 -1 2 0 -1 1 0 0 1 -1 1 0 0 1 -1 0 -1 0 0 2 0 1 0 0 -1 1 -2 0 0 1 -1 1 -1 0 0 0 -1 0 0 0 -1 1 0 0 0 1 0 0 1 -1 0 -1 -1 0 0 0 -1 0 1 -1 1 0 0 0 1 -1 0 1 1 1 0 0 1 23 0 0 0 1 0 0 0 -2 -1 0 1 1 0 1 -1 -1 0 0 -1 -1 1 0 0 3 -1 1 0 2 0 0 0 -1 0 1 1 0 1 -1 0 0 0 -1 0 0 0 -1 0 0 -2 1 0 0 0 -2 2 -1 1 0 -1 0 1 0 3 2 -1 0 0 3 0 0 3 1 0 2 -2 0 0 0 0 -1 -1 1 -1 2 0 0 -1 -1 0 1 0 1 0 0 0 0 1 3 0 1 -1 1 1 0 0 -1 0 0 1 0 0 0 0 -2 0 1 1 -1 0 0 1 1 -2 0 -1 1 1 0 1 0 0 -1 0 1 0 -3 2 1 1 0 1 -1 0 1 1 0 0
-2 1 0 2 0 1 -1 0 1 0 0 0 0 1 -1 1 -1 1 0 0 1 0 -2 0 -1 0 0 0 1 -1 0 0 1 0 -1 -1 0 -2 2 0 0 0 0 -2 1 2 1 0 1 0 1 1 1 0 0 2 0 0 0 0 0 0 0 2 -1 0 0 0 0 -2 1 1 0 0 -1 1 -1 0 0 0 0 1 0 0 0 0 0 0 0 1 0 0 1 1 1 0 1 -1 2 0 2 2 2 1 0 0 0 0 3 0 1 -1 1 0 0 0 1 0 0 0 0 0 -1 -1 0 0 1 0 -1 0 0 0 1 0 -1 -1 -1 0 1 -3 0 0 0 1 1 0 1 1 0 0 -1 1 0 1 -1 0 1 -1 0 0 0 1 3 2 4 0 0 -1 0 1 1 -1 -1 0 0 -1 3 -1 1 0 1 0 0 0 0 1 0 1 1 0 2 -1 0 0 0 1 2 1 1 1 0 0 0 0 -1 0 -1 0 0 0 0 0 0 -1 -1 2 0 -1 -1 0 -1 -1 0 1 1 1 0 0 0 2 0 0 -1 0 0 0 2 0 -2 -1 0 -2 0 -1 0 1 -2 -1 0 -2 -1 -2 1 0 1 -1 0 1 0 -2 1 1 0 19 -1 2 -1 -1 1 1 0 0 1 0 -1 1 0 0 0 0 1 -2 0 1 -1 1 0 -1 0 0 0 0 0 -1 0 0 2 1 2 0 0 0 0 1 0 1 1 -1 0 0 0 0 0 0 0 1 1 0 1 1 -1 1 0 2 0 1 2 0 -1 0 -2 0 0 1 -1 0 0 0 0 -1 0 0 0 -1 1 -1 -1 -1 0 -1 0 -1 0 0 1 1 1 0 0 -1 -1 1 0 1 1 1 1 1 1 0 0 0 2 0 0 1 0 -2 0 -1 -1 3 0 1 1 1 0 1 1 0 1 0 -2 1 0 1 0 -1 0 -1 1 1 -1 -1 0 0 0 0 -1 0
0 1 1 0 1 -1 0 -1 -1 0 1 -1 1 0 0 -1 1 0 0 0 -1 0 1 0 1 -1 -1 0 1 -1 0 0 -1 1 0 1 -3 1 0 -3 -1 0 -2 1 0 1 0 0 1 0 0 1 0 0 -2 0 -1 0 0 0 0 0 0 0 1 0 -1 2 0 -1 0 0 0 -1 0 0 0 0 0 1 0 -1 -1 -3 0 0 1 0 0 0 -2 0 1 0 1 1 2 1 2 0 1 2 0 0 -1 0 0 0 0 1 0 0 0 -1 0 0 -3 0 -1 -1 0 0 -1 0 0 0 0 0 0 0 1 0 -2 0 1 -2 1 0 1 1 1 2 1 0 0 0 1 1 0 1 -1 0 -1 0 0 2 1 0 1 -2 0 1 0 0 -1 2 -2 0 0 0 1 -1 0 -1 -1 1 0 0 0 -1 0 0 2 0 0 0 1 1 1 0 0 -2 -1 0 1 0 1 1 0 1 0 0 1 0 0 0 0 -1 0 0 -1 0 0 0 0 0 -2 3 0 0 2 0 1 0 3 -1 -1 -1 3 -1 0 1 0 0 -2 0 -2 1 -2 1 0 -1 -1 -1 0 1 1 -1 2 -1 1 1 0 -2 1 1 1 0 1 1 -1 0 0 -1 24 -1 0 1 -1 0 3 0 -1 0 0 0 1 -1 -1 0 0 2 0 0 0 2 1 0 0 0 -1 0 -2 1 0 0 1 0 -1 0 1 0 2 0 -1 1 0 -1 0 0 -1 0 0 0 0 3 2 0 -1 -1 2 0 1 1 0 -1 0 -1 -2 1 0 -2 0 1 0 -1 -1 0 0 -2 0 0 0 -2 1 2 -1 1 -1 0 1 0 0 -1 1 -1 0 -2 0 0 1 1 0 0 0 0 0 1 0 0 -3 1 -1 0 -1 0 0 2 3 1 0 -2 0 0 0 0 1 0 1 0 -4 0 1 -1 0 0 0 0 0 -2 -2 1 0 0 1 1 0 0 -1 0
0 0 2 0 0 0 -1 -2 0 2 0 0 -1 0 1 3 -1 0 0 -1 1 4 0 0 -1 2 1 0 -1 0 0 2 -1 1 1 2 0 -1 1 -1 0 0 0 0 1 0 0 -1 -1 0 1 1 0 1 0 1 1 0 1 -1 0 0 -1 0 -1 0 2 0 -1 0 0 0 1 0 0 -1 1 -1 0 0 1 1 -1 1 1 -1 -1 0 0 0 0 1 0 0 1 0 -2 0 0 0 1 1 1 0 -1 2 3 1 0 1 0 -1 0 2 1 1 0 0 1 0 0 0 0 0 0 1 2 0 0 -1 3 1 1 1 0 0 1 0 3 -2 2 0 0 2 -1 0 0 0 1 0 0 0 0 0 1 1 0 1 0 0 0 -1 0 -1 -1 0 1 0 0 0 -1 0 -3 1 -1 0 3 0 0 0 0 0 -1 1 0 0 1 2 0 0 2 0 1 -1 0 3 0 2 -1 0 -2 0 0 0 1 1 0 0 0 1 1 -1 -1 2 0 0 0 0 -1 1 0 0 2 1 0 1 0 0 0 1 0 0 0 -2 0 0 0 0 0 -2 1 -1 0 2 1 0 0 0 -1 0 0 0 1 0 0 1 -1 1 1 0 0 0 0 2 -1 18 0 0 0 0 -1 1 4 0 0 2 0 1 0 0 0 -1 0 0 0 0 2 0 0 0 2 0 0 0 1 1 0 0 0 0 -1 0 -1 1 0 1 1 0 1 -1 1 1 2 0 0 -1 0 3 0 1 -1 0 1 0 0 0 2 0 0 0 0 -1 0 1 -1 0 -2 -1 1 -1 0 0 0 -1 -1 -1 -1 0 1 1 1 -1 1 -1 0 0 2 -2 0 0 0 0 0 0 2 2 0 1 0 -1 0 0 0 -1 0 0 0 -2 0 1 0 0 0 -2 1 0 0 0 -1 0 2 1 0 -1 0 -2 0 0 -1 1 0 -2 1 0 1 1 0 0 0 -1
1 1 0 -1 0 -1 0 1 2 0 -1 0 -2 0 0 0 -1 -1 -2 -2 -1 0 1 0 0 1 0 2 0 -1 -1 0 0 -1 0 0 1 1 0 1 0 0 0 0 0 0 0 0 0 -2 1 0 -1 0 1 0 0 0 0 -1 0 0 -3 2 0 -1 0 1 1 0 2 1 1 0 1 1 0 0 0 0 1 1 -1 -1 0 0 0 -1 -2 -1 0 0 0 -1 0 0 0 0 -1 0 0 1 1 0 1 0 1 -1 0 0 0 1 0 1 3 1 0 0 -1 2 1 -2 1 1 -1 1 1 1 0 1 0 1 0 0 0 -2 0 0 0 -2 0 0 -1 1 0 -2 -1 0 1 0 0 0 1 0 2 -1 1 1 -2 -1 0 0 0 -2 -1 0 0 0 0 -2 1 1 0 1 1 1 1 0 0 -1 -1 -1 1 -2 1 1 0 0 0 -1 0 0 0 -2 1 0 2 0 0 2 1 -1 1 -1 0 0 0 -1 1 -1 2 1 0 0 -1 1 0 1 0 -1 0 0 2 0 0 0 0 0 0 0 -1 1 1 0 0 0 1 1 0 1 0 -1 0 2 -3 0 0 1 -1 0 1 1 0 1 0 0 -1 0 1 0 0 0 1 -1 0 0 18 0 1 -1 0 0 0 0 3 0 0 0 0 0 -1 0 0 -2 1 0 0 2 0 -1 0 -1 1 0 0 -1 2 0 1 0 0 -1 -1 0 0 0 0 0 -2 -1 1 0 -1 0 0 0 0 0 1 0 1 0 0 0 0 -2 1 1 0 2 1 1 1 0 0 1 1 -1 1 0 0 -1 0 -1 0 1 0 0 0 0 1 0 0 -1 -1 -1 1 0 0 0 0 0 2 -1 1 3 0 -1 0 0 0 0 -1 0 -1 1 1 1 0 1 1 -1 2 -1 -1 1 1 -1 0 0 0 0 0 1 -1 0 0 -1 0 0 -1 1 0 1 1 0 -1 0 0 0
-1 0 0 1 0 1 0 0 -1 0 1 0 -1 1 -2 -2 -1 0 1 0 -1 0 -2 0 -1 3 -1 0 1 -1 -1 0 0 0 0 1 1 1 -1 1 1 1 0 1 1 0 0 0 1 1 0 2 -1 1 -1 0 1 0 -1 0 1 -1 -2 2 -1 0 1 -2 0 -2 1 0 2 -1 2 -2 0 -2 0 -1 0 1 -1 0 2 1 0 0 1 1 0 3 0 2 2 0 0 0 -1 0 1 0 1 0 -1 0 -1 -1 -1 0 0 2 1 1 1 0 1 0 1 0 -1 0 -1 0 0 1 1 1 0 -1 0 0 2 1 -3 -2 3 0 0 2 0 0 0 1 0 1 0 2 0 0 0 -2 0 1 1 0 0 0 1 0 0 -2 1 -1 0 2 0 -1 0 -1 2 0 -1 0 0 1 0 0 0 -2 0 0 0 0 1 -1 0 -1 2 -1 0 2 0 -2 1 1 0 0 2 0 -1 1 1 0 0 0 1 0 0 0 2 -2 -2 -1 0 1 1 2 0 0 -2 1 -1 -3 -1 1 0 0 1 -1 0 1 2 1 1 0 -1 0 3 -1 0 0 0 0 -1 0 1 1 0 1 -1 0 0 -1 -1 0 2 2 0 0 0 1 0 -1 1 0 0 24 1 -1 0 1 0 -1 0 -2 1 -1 1 1 -1 0 1 0 1 1 -1 0 -1 1 0 1 -1 1 1 1 -1 1 0 1 0 1 -1 0 1 1 0 0 0 1 0 1 0 -2 0 0 0 0 1 -1 1 3 -1 0 2 1 -1 0 0 0 2 -2 -2 1 1 2 0 0 -2 -1 0 0 0 1 -1 0 -1 3 1 0 0 1 0 -1 0 0 -1 0 1 1 1 0 0 1 0 1 1 1 1 -1 -1 1 -1 1 0 -1 1 1 1 0 1 -1 0 -1 0 -1 1 -1 0 1 0 0 1 0 2 0 1 1 -1 0 2 0 0 -1 0 1 1 0 0 0
-1 0 -4 0 -1 -1 0 0 0 0 -1 1 0 0 0 2 0 1 1 1 -2 1 2 1 0 0 0 1 0 0 3 1 0 0 -1 -1 3 0 0 0 0 -1 -1 -1 0 0 1 -1 0 -1 0 0 -1 0 0 -1 0 -1 0 -1 0 0 0 -1 0 0 -2 1 -1 -2 1 0 -1 -1 0 -1 0 1 0 -1 0 0 -1 1 -1 0 0 -1 0 -1 0 0 0 0 0 0 -1 0 0 0 0 -2 4 2 -1 0 0 0 2 -1 2 0 1 2 1 0 0 0 0 1 0 0 0 -1 2 0 0 2 0 0 0 -1 1 0 0 0 0 1 -1 0 -1 0 0 -1 0 0 -1 0 0 -1 -1 0 0 0 -3 0 1 2 -1 0 1 -1 0 -1 -1 -2 -1 -1 2 0 0 0 0 -2 1 1 1 -1 1 1 -2 -1 0 0 1 0 0 1 2 0 1 0 1 0 0 -1 0 0 0 -1 -1 -2 -1 0 1 -2 0 1 0 -1 0 0 -1 0 1 0 -1 1 0 0 0 1 -1 -1 0 1 0 0 1 0 0 1 -2 2 1 0 0 2 2 1 0 0 0 -1 0 1 0 0 -1 0 -4 0 -1 -1 -1 -1 0 0 0 0 0 1 0 1 -1 0 1 1 21 0 0 0 2 -1 1 -1 -1 -1 0 -1 -2 0 0 0 0 1 -2 -1 0 2 0 1 0 -1 0 0 0 1 1 0 -2 -1 -1 1 1 -1 0 0 0 0 -1 0 -1 0 0 3 1 0 0 0 0 1 0 0 0 -2 0 0 -1 0 -1 -2 -1 2 0 0 0 0 0 -1 -1 0 2 0 0 -1 0 0 0 -1 0 0 0 -1 0 -1 1 -2 0 0 -1 1 -1 0 0 1 0 1 0 -1 -1 -2 -1 0 0 -2 2 -1 0 -1 0 1 0 -1 -1 0 -1 -1 -1 -1 0 1 1 -1 0 0 -1 1 0 0 -2 1 -1 0 1 2 -2 0 1 1
2 1 0 1 0 -2 0 0 -1 -1 0 0 0 -1 0 0 1 1 1 0 1 0 2 -2 2 0 0 0 0 2 -2 1 0 0 1 0 0 0 1 0 0 1 0 -1 -1 0 0 1 -1 0 0 1 0 1 0 -1 -1 0 0 0 2 2 0 -1 1 -1 1 0 0 -2 0 -1 1 0 0 1 0 0 -1 0 0 0 0 0 0 1 0 1 0 -1 0 0 0 2 -1 0 0 -2 2 -3 1 0 0 0 -1 -1 -2 0 1 0 -1 -1 0 0 0 -2 1 0 1 -1 0 0 2 0 1 -1 0 1 0 1 0 0 0 1 -1 0 -2 0 -1 0 -2 -1 -1 1 0 0 -2 2 -1 -1 -1 0 0 0 0 0 0 -1 1 1 1 0 0 0 1 1 1 0 0 1 0 0 -1 -2 0 0 0 -1 0 -1 0 -1 0 -1 -1 -1 -1 0 -1 1 -2 -1 0 -1 0 0 0 0 -1 0 0 1 2 0 1 0 0 1 0 0 -1 -1 2 0 0 -1 0 0 0 -1 0 -1 0 -1 1 0 0 0 0 -1 0 0 0 1 -2 0 -2 0 1 1 0 2 1 0 -1 -1 -1 1 1 -3 1 1 -1 0 0 0 1 -1 0 0 0 0 0 1 0 0 -1 -1 0 19 1 0 0 -1 -1 0 0 0 0 0 -1 -2 -1 2 2 0 1 0 0 1 0 0 0 1 0 -1 1 0 1 -1 0 1 0 2 0 0 -2 -1 0 0 1 1 1 2 0 -1 0 1 0 0 0 0 1 0 0 -1 2 1 1 -1 1 0 1 -1 0 0 1 0 1 1 0 0 0 -1 0 -1 0 0 1 0 1 0 0 0 0 1 1 0 1 0 -2 -1 0 0 -1 0 -1 -1 1 0 0 0 1 0 0 2 0 0 0 0 -1 0 0 -1 0 1 0 3 1 0 0 -1 1 0 -3 0 0 0 0 0 -1 0 0 -2 0 2 1 1 1 -1
0 -1 1 0 0 0 1 -1 -1 0 3 0 0 0 1 -3 0 1 0 0 -1 0 0 0 1 0 1 1 1 -1 -1 0 -1 0 0 0 1 2 0 0 0 0 0 1 0 0 0 -1 1 0 1 2 0 1 -1 -2 -1 0 -1 1 0 0 1 3 -1 1 -1 -1 0 0 0 0 -1 0 1 1 0 0 0 0 -1 0 0 -1 0 -1 1 1 0 0 -1 2 0 0 -1 0 1 0 1 0 0 0 0 0 -2 0 0 -1 1 0 -1 1 0 0 0 -1 0 0 -1 0 0 0 2 0 0 0 1 0 0 1 0 1 -1 1 1 0 2 0 -2 0 0 0 0 -2 0 0 -1 4 0 2 -1 0 1 -1 1 1 0 0 -1 0 -1 1 -1 -1 -1 0 0 0 -1 0 1 -1 -1 0 1 0 -1 0 0 0 -1 -2 -1 1 -1 0 0 1 1 0 0 0 0 0 1 0 0 -1 1 0 2 0 -1 0 0 1 1 1 0 0 -1 0 1 0 0 1 0 0 1 1 0 0 0 1 1 -1 -1 0 0 0 -1 2 -1 0 1 0 0 -1 0 3 -1 1 -1 1 -1 -1 0 0 0 0 0 0 -1 1 1 0 1 0 0 1 -1 1 -2 0 3 -1 0 0 0 1 20 0 0 0 -1 1 2 0 -1 0 0 2 -2 -1 1 1 0 1 2 0 0 0 0 0 1 0 0 0 0 0 1 1 -1 0 0 0 0 0 0 -1 -1 1 0 -1 0 0 0 0 1 -1 0 0 0 0 1 0 -1 0 1 1 0 0 0 -1 0 -1 1 0 0 0 0 0 0 0 -1 0 0 0 0 2 2 0 0 -1 -1 0 0 1 1 1 -1 0 0 1 0 -1 0 1 0 2 -1 1 1 0 2 2 1 -1 1 1 1 1 1 0 0 0 0 0 0 0 2 0 0 0 0 1 0 0 1 0 0 1 0 3 1 0 0 -2 0 1
0 2 1 -1 -1 -1 0 1 3 0 2 0 -1 -1 1 0 2 -1 2 2 0 1 0 2 0 1 1 1 -1 2 0 1 -2 0 -1 0 0 0 1 0 1 0 0 -2 1 -1 2 0 1 0 -1 1 0 1 1 2 -1 0 0 2 0 1 0 0 1 4 0 0 2 2 -1 1 1 1 0 -1 -1 0 -1 -1 0 0 0 1 -1 0 -1 0 1 1 0 -1 1 1 0 -1 2 -1 0 0 0 0 1 -2 1 2 2 0 0 0 1 2 2 1 2 0 0 1 1 0 0 1 0 0 1 0 1 0 1 2 0 0 1 0 -1 -1 1 0 1 0 -1 0 -1 0 0 1 0 1 -1 -1 0 1 0 0 0 1 1 2 0 0 1 0 0 -1 1 2 0 0 1 1 0 0 0 0 1 0 1 -1 2 1 0 -2 0 0 -1 0 0 1 1 0 1 -1 1 3 0 -1 1 0 1 0 -1 -2 2 3 1 1 2 1 1 0 0 0 -1 2 -1 0 -1 1 0 0 1 2 0 -1 0 0 -2 0 -1 0 0 1 1 0 -1 1 0 1 1 1 3 4 0 -1 1 1 1 -1 0 1 0 -1 0 1 2 1 1 1 -2 0 0 -1 -1 0 0 1 0 1 0 0 0 22 0 1 0 4 1 2 1 2 -2 1 0 0 -1 0 -1 1 0 0 -1 0 1 -1 1 3 1 1 0 1 -1 0 0 0 1 -2 -1 2 0 -1 -1 0 1 0 0 -1 1 0 2 0 1 0 1 0 -2 1 0 0 0 0 -1 2 0 0 0 0 1 1 -2 0 0 0 0 1 0 0 1 0 0 -1 1 -1 -2 0 0 -1 0 -1 1 -1 0 1 2 1 2 0 1 0 0 -1 1 -1 -1 0 1 0 -1 0 -1 1 -1 0 1 1 0 1 -1 0 -1 -1 0 -1 0 0 0 0 -1 2 0 2 0 0 0 1 0 1 1 -1 0 -1
-1 0 0 0 -1 0 0 2 0 1 2 1 0 0 0 0 -1 1 0 1 0 1 0 2 1 -1 0 0 -2 0 0 0 1 2 1 0 2 -1 0 0 -1 1 1 -1 0 1 1 0 0 0 1 0 0 0 -1 0 1 0 0 -1 1 0 0 -1 -1 1 2 0 0 3 1 -2 4 1 0 0 -1 0 -2 -2 -1 0 0 1 -1 1 -1 -1 0 1 -2 0 1 1 1 0 -2 0 1 -1 2 0 2 0 0 1 1 -2 0 2 1 1 -1 2 0 0 0 0 2 0 1 0 0 0 2 -1 0 0 1 0 3 -1 0 0 -1 0 0 1 0 -1 2 0 -1 0 0 1 1 0 1 1 0 0 1 1 -2 2 1 1 0 -1 0 -2 0 1 1 0 0 0 1 0 0 1 1 1 0 1 2 0 1 -1 -1 0 0 0 0 0 -1 1 1 0 2 2 3 -1 -1 0 -1 0 -2 1 0 1 1 0 0 0 -1 0 -1 0 -1 4 0 1 0 -1 1 0 0 0 -1 -1 1 3 0 0 1 0 1 1 0 0 -1 1 -1 0 0 1 2 -2 0 0 0 0 0 1 0 1 0 1 0 1 -1 0 0 1 0 1 0 0 0 0 0 1 -1 4 0 0 2 0 0 0 25 0 1 0 0 0 -1 0 0 0 0 -1 0 -1 1 0 1 0 1 0 1 0 -1 0 1 0 1 -2 0 1 0 2 0 2 -1 0 3 0 -1 0 3 2 0 1 0 0 0 0 0 0 -1 1 1 -1 -1 1 3 -1 0 2 0 1 0 2 0 0 2 0 0 0 2 -1 0 0 0 0 0 1 0 1 0 0 0 1 2 1 1 0 -1 0 0 -1 1 1 0 0 2 0 2 -1 0 0 0 0 2 -1 0 0 2 0 -1 -1 0 0 0 0 -1 2 1 1 0 1 0 -1 0 -2 1 -1 0 1 0 1 0 -2 0 2 0 1
1 0 0 0 1 0 0 0 0 0 1 0 0 0 1 0 0 -2 0 0 0 1 0 3 0 -1 1 2 -1 -1 -1 -1 0 0 -1 0 1 0 -1 2 -1 0 0 1 0 0 0 0 0 0 0 0 0 0 0 0 0 0 0 1 0 1 0 0 -1 0 0 0 1 1 0 0 1 1 1 -1 1 0 0 0 -1 0 0 2 -1 0 0 2 -1 0 0 0 0 0 1 0 1 0 0 0 0 -1 0 0 0 1 0 0 -1 0 0 0 0 0 1 0 0 1 0 0 1 -1 0 1 0 0 0 -2 0 0 0 0 0 0 0 0 0 0 0 0 1 0 0 0 0 0 0 0 0 0 -1 1 0 0 0 0 0 1 0 0 1 0 0 0 0 0 1 0 1 0 0 -1 2 -1 -2 0 0 0 0 1 1 0 0 0 0 0 0 0 1 -1 1 0 1 -1 0 0 0 0 1 0 0 0 -1 0 0 2 -1 0 2 1 1 0 0 2 0 0 -1 1 0 -1 0 0 0 0 0 0 0 0 1 0 0 0 -1 0 -1 0 0 0 0 0 -1 1 0 0 1 -1 0 0 0 0 1 0 0 1 0 1 1 0 1 0 1 -2 1 0 0 0 0 -1 -1 -1 0 1 0 11 0 -1 0 0 -1 1 1 1 0 0 -1 1 1 -1 0 0 1 0 -1 0 0 1 0 0 -1 0 0 0 0 0 1 1 0 -1 0 0 1 0 1 0 0 0 1 0 -1 0 0 0 1 1 0 -1 0 0 0 0 0 0 2 0 0 0 0 -1 -1 0 -1 0 -1 0 -1 0 0 0 -2 -2 -2 0 0 1 0 -1 -1 0 1 -1 2 0 0 0 0 0 1 -1 1 0 -1 0 0 1 1 -1 0 0 0 0 1 2 1 0 0 0 0 0 0 0 -1 -1 0 0 0 0 0 0 1 0 0 -1 1 -1 0 0 0 -1 -1 -1
1 2 0 -1 0 -1 0 0 1 -2 0 0 1 1 0 1 0 0 1 0 -1 1 0 0 1 0 -1 0 0 1 0 0 -1 -1 1 -1 2 -1 -1 1 0 0 0 0 1 1 0 0 0 0 2 0 1 -2 0 1 0 0 1 0 1 0 0 0 0 -1 0 -1 2 2 0 0 1 0 -1 0 0 0 0 0 1 0 2 0 1 -1 0 -1 0 0 -2 1 0 0 0 -1 0 1 -1 0 1 0 1 1 0 2 1 -1 0 0 1 -1 1 2 0 1 0 4 0 -1 1 1 0 0 0 0 0 0 3 0 -1 0 0 1 0 -2 -2 1 0 0 -1 0 1 1 -1 0 0 0 -1 0 0 0 2 0 1 0 -1 0 -1 0 1 1 0 -1 -1 0 0 0 1 -1 -1 2 0 -2 0 -1 0 0 0 -1 1 0 1 0 0 0 0 0 0 -1 1 1 0 0 0 0 2 0 0 1 1 0 1 1 2 0 0 0 1 0 1 1 0 0 0 0 0 2 -2 0 0 0 -1 2 0 -1 0 0 0 0 -1 0 0 0 0 0 0 0 1 -1 2 0 -1 2 -1 1 0 1 -1 0 0 -1 0 0 1 1 -1 0 -1 -1 0 0 1 -1 0 0 3 0 1 -1 -1 0 1 0 21 0 0 1 0 0 2 0 0 0 0 -1 -1 -2 0 -1 -1 0 1 1 0 -1 0 0 0 -1 -1 0 0 -1 -1 -1 0 0 1 0 0 -2 0 0 0 -1 0 1 1 3 -1 0 -2 -1 1 0 0 -1 0 -1 -1 0 0 0 1 0 2 0 1 0 0 -1 0 1 2 0 -1 1 0 0 1 0 -2 1 0 0 1 -1 1 0 0 0 0 -1 -1 0 0 -1 0 -1 -1 -1 -1 1 1 2 0 0 1 0 1 0 1 2 -1 -2 0 -1 0 0 0 0 1 -1 0 0 0 0 0 -1 -1 1 0 0 0 -1 0 0 1 1
-1 2 1 0 -1 0 0 0 0 0 0 -1 0 -2 0 0 -1 0 -1 1 0 1 -1 0 0 1 1 1 -1 0 -1 0 0 0 0 0 0 0 0 0 0 -2 0 0 1 0 0 0 -1 0 0 0 0 1 1 0 0 0 0 1 -1 0 0 2 0 1 1 -1 2 -1 0 0 -2 1 -1 0 -1 0 0 0 0 0 0 -1 1 0 -1 1 -1 -1 1 -1 0 0 1 -2 0 -1 0 -1 2 0 0 -3 -1 0 1 0 0 0 0 1 0 0 1 -1 0 -1 -1 0 -2 0 0 0 0 -1 1 1 1 2 0 0 0 0 0 1 0 0 0 0 -2 0 0 1 -1 -1 1 0 1 0 0 0 0 0 0 1 0 1 1 1 1 0 1 0 0 0 1 1 0 -1 -2 1 -1 1 0 0 -2 0 0 -1 0 0 1 0 0 0 0 -1 0 1 0 -1 0 -1 0 0 -1 0 1 0 0 -3 -1 0 -2 0 0 0 0 0 2 1 0 0 0 0 0 -1 -1 0 2 0 1 1 0 1 -3 0 0 1 -1 0 0 -3 -1 1 0 1 -1 0 -1 2 -1 1 0 0 1 0 2 0 0 0 0 1 0 -1 -1 0 0 0 0 0 0 1 0 2 0 -2 -1 0 1 4 0 -1 0 19 0 2 1 0 -2 -1 0 0 -2 0 1 1 0 1 -1 0 1 1 1 1 1 0 0 0 0 1 2 0 1 -1 0 -1 0 -1 -1 -1 0 -1 -1 -1 0 1 2 0 0 2 1 0 -2 2 0 -1 0 0 0 -1 1 0 -1 -1 0 1 -2 0 0 0 0 0 0 0 0 -2 0 0 1 0 0 1 -1 -2 0 0 -1 1 2 -1 0 -1 0 0 -1 0 0 0 0 0 1 -1 0 0 -2 1 -1 0 0 0 0 2 1 0 -1 2 0 0 0 -1 -1 0 0 0 0 -2 1 1 1 0 1 1 0 -1 0 0 -1 0
1 1 0 -1 0 0 0 0 0 0 0 0 0 0 0 -2 2 -1 1 2 0 1 -1 1 0 0 1 -1 0 -1 1 -1 0 0 0 0 -1 -1 0 1 0 2 0 2 0 0 1 0 -2 0 0 1 0 0 1 0 1 0 0 1 1 0 0 0 0 2 0 0 0 2 -1 1 0 0 0 0 -1 0 2 0 0 0 -1 -1 0 0 -1 0 0 0 0 -1 0 -2 0 1 0 0 0 -1 -1 0 0 1 0 1 0 1 -1 1 0 0 1 -1 -1 0 -3 0 0 1 1 0 1 -1 0 2 0 0 1 0 1 0 -2 0 0 0 0 0 0 0 0 0 1 -1 0 1 0 -2 1 2 0 0 0 0 0 0 0 1 1 -1 1 0 1 -1 0 0 0 0 0 -1 1 -1 1 0 0 -2 1 0 0 2 0 0 -1 0 0 0 0 0 1 -1 1 0 0 -1 1 0 -1 0 1 -1 -1 1 0 0 -1 1 1 0 0 -3 1 1 -1 0 0 3 0 0 0 0 -2 1 0 0 0 0 0 0 0 1 1 0 0 0 2 0 0 0 4 0 0 0 0 0 0 0 0 0 -2 1 -1 0 1 2 2 0 -1 -1 -3 0 -1 0 1 0 1 0 0 1 -1 0 2 1 0 0 0 0 20 0 -1 2 -2 0 0 1 2 0 1 -2 1 2 0 0 0 -1 2 1 0 0 1 0 0 -1 0 -1 0 0 0 0 0 0 0 2 0 0 0 0 0 0 -1 -1 -1 0 0 2 0 0 0 0 -1 0 -1 1 0 0 0 0 3 0 1 1 -2 1 0 3 -2 -1 0 0 0 0 0 -1 -1 0 0 0 1 1 1 1 1 0 1 2 -1 -2 1 0 0 0 0 -1 0 0 0 1 -2 0 0 0 1 0 0 2 2 0 -1 0 0 0 0 0 1 1 0 0 0 -2 -3 0 0 1 0 1 0 0 0 0 0 0
-1 1 0 0 -1 2 -1 -2 1 0 0 0 -1 0 -1 -1 0 0 0 -3 0 -2 0 0 -1 0 0 1 1 -1 0 0 -1 -3 1 0 0 -1 0 2 2 0 0 1 1 1 1 0 0 -1 0 0 -1 0 0 -1 1 0 0 1 0 0 1 0 0 -1 0 -1 0 0 -3 0 1 2 1 0 -1 1 0 2 -1 1 0 1 0 2 -1 1 1 0 0 0 0 1 0 0 1 1 -2 0 -1 0 0 2 0 -1 -1 0 -1 1 0 0 2 0 -1 0 2 1 2 0 1 1 0 0 0 1 2 1 2 0 1 1 0 0 -2 -1 -2 1 1 1 0 0 -1 1 0 -1 0 0 0 -1 0 0 0 1 1 0 -1 0 0 0 2 2 1 0 2 0 2 1 -1 0 0 0 0 0 -1 0 -3 1 0 -1 0 -1 2 1 -1 -1 -1 2 0 1 0 0 -1 1 0 1 1 0 0 -1 -1 0 1 1 1 0 -1 0 0 0 0 1 -1 1 2 2 0 0 0 0 -1 1 1 2 1 0 0 0 0 0 0 1 1 1 0 -1 -1 1 2 0 0 3 0 -1 -1 0 0 -2 0 0 2 1 -1 -1 1 0 1 0 0 1 0 0 -1 0 -1 1 0 -1 -1 0 0 2 0 0 1 2 0 23 0 1 1 -2 0 0 -1 -2 0 1 0 0 2 0 1 0 0 0 1 1 1 1 0 0 0 -1 0 -1 1 0 -1 -1 0 1 1 -1 -1 0 2 0 1 2 -1 1 0 0 0 0 0 0 1 1 -1 2 -1 1 1 1 -2 1 -1 0 0 1 1 0 2 0 1 -2 1 0 0 0 1 1 2 0 0 -1 0 -1 0 0 0 2 -1 0 1 -2 -1 1 3 1 1 -1 0 -1 0 0 -1 2 -1 0 -1 -2 0 1 1 1 2 -1 -1 0 -2 -1 -1 0 0 -2 -1 0 -1 0 -1 -1 -1 -1 0 0 1 0
-1 1 -1 1 -1 -2 0 1 1 0 0 -1 0 0 0 0 1 -2 0 -1 0 0 1 -1 0 0 2 2 -1 0 -2 -1 1 0 3 -1 2 0 0 1 2 0 0 3 0 1 0 0 0 0 -2 0 0 1 1 0 -1 0 0 0 1 0 0 1 1 2 0 -1 0 -1 0 0 0 -1 1 0 0 0 1 0 -1 0 -1 -1 0 0 1 -1 0 0 2 -2 0 0 0 0 -1 0 0 0 0 1 0 -1 0 -1 0 1 -2 0 2 0 -1 0 1 1 3 -2 0 0 1 1 0 0 0 0 -1 1 0 -2 1 0 -1 0 1 0 2 0 0 0 -1 0 0 -1 0 0 3 1 0 2 0 0 0 0 -2 0 0 0 2 1 0 0 0 -2 0 1 1 0 0 2 0 2 0 0 1 0 0 0 0 -1 -1 1 0 -1 1 -1 0 0 0 0 0 0 0 0 0 -1 0 0 -4 1 0 0 0 0 1 0 0 -1 -3 1 -1 0 2 1 0 1 -1 -1 0 0 1 4 0 0 1 2 0 1 0 0 -1 1 0 -2 -1 2 0 0 -1 1 0 1 -1 0 1 0 0 1 -1 1 0 -1 -1 0 0 -2 0 0 1 -1 0 -2 -1 0 -1 0 0 1 0 0 -1 1 -1 -1 0 1 -1 0 21 0 1 -1 0 0 0 1 1 1 1 0 0 0 0 0 -1 0 1 0 0 2 0 1 0 1 1 0 0 1 0 1 -2 -2 -1 0 2 0 1 0 0 1 0 3 0 -1 1 -1 1 0 1 0 2 -1 -1 2 -1 1 -2 1 0 0 -1 2 3 1 -1 0 3 0 1 1 1 0 0 0 2 0 1 2 0 0 -1 0 0 0 1 -2 0 0 0 0 1 0 0 0 1 -1 -2 -1 -1 -1 0 1 2 -1 0 1 0 -2 1 -1 2 -1 0 0 -1 0 1 2 0 0 0 0 0 -1 0 1 0 0 0 1
0 0 0 -1 0 1 0 0 0 0 0 -1 0 2 1 0 1 0 1 0 0 1 1 2 -2 0 1 -1 0 0 0 0 0 1 0 0 1 1 -1 0 1 0 0 0 0 -1 1 0 0 0 0 0 0 0 0 0 0 0 0 1 0 0 2 -1 1 1 0 0 0 1 0 3 -2 2 0 -1 0 0 0 1 0 0 0 -2 0 0 1 2 0 0 0 0 2 2 0 0 0 0 0 1 0 0 0 0 0 0 0 0 -1 0 0 0 0 0 1 2 1 0 0 1 -1 1 0 1 -1 -1 0 0 0 -1 0 0 0 1 -1 3 0 1 1 0 0 0 0 1 0 0 0 -1 0 -3 0 0 0 0 0 0 0 2 0 -1 -1 1 0 0 0 0 0 1 0 0 0 0 -2 1 -1 0 0 1 -1 2 0 -1 0 0 0 2 0 0 0 0 0 -1 0 0 1 -1 0 0 2 0 -1 1 0 1 0 0 0 1 0 0 1 0 -1 0 0 1 0 -1 0 2 2 1 -1 0 0 -1 2 0 0 0 0 0 0 -1 0 1 1 0 0 0 -2 2 3 1 0 0 0 0 0 0 1 0 -1 2 0 2 0 -1 -1 0 0 0 0 0 0 0 0 1 -1 0 0 2 0 1 0 0 2 1 0 15 1 0 0 0 0 0 0 0 1 0 1 1 0 0 0 0 0 0 0 0 0 0 0 2 0 0 -1 0 0 -1 1 1 0 0 0 1 0 0 1 0 1 0 2 0 1 1 0 0 1 0 0 2 -2 0 1 0 0 0 0 1 -1 0 0 0 0 -1 0 3 0 0 0 -1 1 0 0 1 -1 -1 1 0 1 0 1 1 0 0 0 0 0 1 0 0 0 0 1 -1 -2 0 0 0 1 1 1 0 0 0 1 0 -1 0 0 0 0 2 1 0 0 0 0 0 1 0 0 0 0 0 0 0 0 -1
0 0 1 2 0 -1 0 -1 0 0 0 1 0 1 1 0 0 0 0 -1 -1 0 0 -1 2 -1 0 2 1 2 0 -1 0 0 -1 2 0 0 -1 -2 -2 0 0 0 0 0 -1 1 2 1 0 0 0 -1 0 0 1 1 2 0 1 0 -1 -1 0 -1 -2 -1 -1 1 0 0 2 2 0 -1 0 0 -1 1 -1 0 2 -1 1 0 0 1 -1 1 0 1 0 1 0 1 1 1 1 0 1 1 -1 2 -3 1 0 -1 0 0 2 -2 1 0 -1 0 -1 1 1 0 1 -1 0 1 0 -1 1 -2 0 0 -1 1 2 0 2 1 0 0 0 0 1 0 -2 0 0 0 0 0 1 -1 1 0 -1 1 0 -1 1 0 1 -1 -1 0 1 1 2 2 -1 0 0 0 1 1 0 1 0 0 -1 1 2 1 0 -1 1 0 0 0 1 0 1 1 0 -1 0 2 0 -1 -1 0 2 0 1 3 2 0 2 1 0 -2 -1 3 3 2 0 0 0 0 1 -2 1 2 0 -3 -1 1 -1 -2 1 -1 0 0 -1 1 -2 2 1 0 1 -1 0 -1 0 -1 0 0 1 0 0 1 1 2 1 1 1 1 0 0 0 0 3 2 0 0 0 1 0 0 -1 -1 -2 -1 0 -2 0 1 2 -2 -2 1 1 1 24 1 0 -1 0 0 1 -2 -1 0 0 0 0 0 1 0 -1 0 0 0 2 1 -1 0 1 -1 1 -1 1 1 0 -1 0 0 0 -2 0 1 1 2 0 -2 3 1 2 3 0 0 1 0 1 0 1 1 -1 0 0 0 4 0 1 0 0 1 1 1 0 0 0 0 -1 -1 -1 1 -1 0 0 0 0 0 2 1 -1 0 2 -1 1 0 -1 -1 0 0 2 0 0 -2 1 0 0 -1 1 0 0 1 0 3 -1 0 1 0 -1 1 0 0 0 2 0 1 0 0 -1 0 0 1 0 0 2 0 2 0
0 0 0 -1 0 1 1 0 1 0 1 0 0 0 0 -2 0 0 2 0 -3 0 -1 1 2 0 1 0 1 -1 1 -1 -3 2 0 0 -1 1 2 0 0 0 -1 0 0 0 0 0 2 0 0 1 0 1 -1 -1 0 0 1 1 -1 0 1 -1 2 2 0 -1 0 2 1 0 1 -1 2 0 0 0 0 0 0 0 -1 0 -1 0 3 -1 0 0 -3 0 0 -2 -1 0 -1 -1 0 -1 -1 3 0 1 2 1 0 1 0 0 0 2 0 0 2 -2 -1 -2 0 1 0 0 0 -1 0 2 1 0 -1 0 -2 0 -1 1 1 -1 0 0 0 0 -1 1 1 0 -1 1 1 0 1 -1 2 1 0 1 1 1 0 1 0 -2 -1 1 1 0 -1 2 -1 0 0 2 0 -1 1 1 0 0 0 0 1 2 0 0 -1 0 -1 3 1 -2 0 1 -1 -1 0 -1 -3 -2 0 -1 2 1 0 -1 2 -2 0 2 0 1 0 0 -1 -1 0 0 0 3 0 -1 0 0 -1 2 -1 1 1 0 -1 -1 -1 1 0 0 -2 -1 0 0 1 1 0 -1 1 2 -1 -1 -2 1 0 0 0 0 0 -2 0 0 0 0 3 1 -1 1 0 0 -1 -2 2 -1 0 0 0 -2 2 1 0 1 0 -1 0 -2 -1 0 1 28 0 0 0 0 -5 0 0 1 -1 0 -1 0 0 0 -2 0 0 0 1 0 2 -2 -2 0 0 -2 0 -1 -1 1 1 0 -1 -1 -1 0 1 2 0 0 2 0 1 -1 0 0 2 1 -1 0 1 -2 0 1 1 -1 0 1 0 0 0 -1 -1 3 1 -1 0 1 0 0 -1 2 0 1 -2 2 0 -1 1 -1 -1 0 2 0 0 0 1 0 0 -1 -1 0 2 -3 1 1 1 -1 0 0 0 -1 0 2 0 0 -1 -2 -2 0 0 -1 0 -1 -1 0 0 -1 1 2 0 0 0 0 0 0 -1 -1
1 0 0 0 0 1 1 0 -1 0 0 1 0 3 0 1 2 0 2 0 0 0 -1 0 0 1 0 0 0 1 0 -2 -1 -2 0 1 0 1 0 0 1 0 0 0 0 -1 0 1 0 0 0 -1 0 0 0 0 0 1 0 0 -1 0 0 0 0 1 0 0 0 0 0 0 2 0 0 0 1 0 0 0 1 0 0 0 -1 2 -1 0 0 0 1 0 0 0 0 0 2 0 -2 0 1 0 0 -1 0 0 0 -1 0 0 0 1 0 0 0 0 0 0 1 0 0 0 -1 0 0 0 0 -1 1 1 1 0 0 0 0 1 0 0 1 0 -1 -1 2 1 0 0 0 -1 0 0 0 -1 0 1 0 0 0 0 0 -1 0 -1 1 0 0 2 0 1 1 0 1 0 0 1 2 1 1 0 -1 3 0 0 1 0 0 -1 2 0 1 0 0 2 0 0 0 2 1 0 1 1 1 0 0 0 0 0 0 0 -1 1 1 -1 -1 1 0 0 0 0 0 0 -1 0 -1 0 -2 -1 0 0 -1 0 0 1 0 0 0 -1 1 0 1 0 0 -1 0 0 1 -1 0 2 0 1 0 0 2 0 0 0 0 1 -1 0 -1 -1 -1 0 0 0 0 1 0 -1 -2 0 0 0 0 0 0 0 0 0 0 0 16 0 0 0 2 1 -1 0 1 0 1 -1 -2 1 0 0 0 0 2 0 0 0 0 -1 1 0 0 -2 1 0 0 -1 0 0 0 1 -1 1 1 0 0 1 1 -1 1 1 0 0 0 0 -1 0 1 2 0 0 -1 0 0 -1 1 0 1 0 -1 1 0 -1 0 0 0 0 2 1 0 1 2 1 0 1 1 1 0 1 1 2 0 0 1 0 -1 -1 0 -1 0 0 0 0 1 1 1 0 0 0 0 0 1 0 1 2 2 0 0 0 0 2 1 -1 0 0 1 0 2 0 -1 0 0 2
1 0 0 0 1 0 0 0 0 0 -1 0 2 1 0 0 0 0 1 1 0 1 1 1 1 -1 0 0 0 0 0 0 1 -1 0 -1 0 0 1 0 0 2 0 0 -1 0 0 1 0 1 0 0 0 0 0 0 -1 0 -1 0 0 0 1 1 1 0 1 0 0 1 0 0 1 1 -1 0 -1 0 -1 0 -1 0 2 0 0 0 -1 0 2 0 0 1 1 1 0 1 -1 0 0 0 0 -1 0 0 0 0 0 2 0 0 2 0 0 0 0 -1 0 0 0 0 0 0 0 0 0 1 0 1 0 0 0 1 1 0 0 1 -1 0 0 0 -1 0 0 0 0 2 0 1 1 -1 1 1 0 0 0 1 0 1 1 0 1 4 1 1 1 0 0 0 0 0 0 0 1 -1 -1 -1 1 1 0 0 1 0 1 0 0 0 0 1 0 0 0 0 0 1 0 0 0 0 0 -1 1 2 2 0 2 1 1 1 1 0 -1 -1 -1 -1 1 2 0 0 0 0 3 -1 1 0 0 0 0 0 0 0 1 0 0 2 0 1 -1 0 3 -1 0 0 1 0 1 2 1 0 -1 0 1 2 0 0 2 0 0 -1 0 0 0 0 1 1 0 0 -2 0 0 2 -1 0 -1 0 0 0 1 0 0 0 -1 0 0 16 2 1 0 1 2 1 0 0 0 0 0 0 0 -1 0 0 0 1 0 2 0 0 0 0 1 0 0 0 0 1 0 0 0 0 1 0 -1 0 0 0 0 -1 1 1 1 -1 3 0 0 -1 0 1 0 1 0 0 0 1 0 -1 1 0 -1 0 0 0 -1 0 0 -1 0 2 1 1 -1 1 -1 -1 0 0 0 -1 0 -1 1 0 0 -1 0 1 -1 1 2 -1 -1 0 0 0 0 1 1 0 0 1 2 -1 0 1 0 1 0 1 -1 1 0 1 -1 -1 0 0 0 1 1 0 0 2
1 1 -1 0 2 -1 1 2 -1 0 -1 -1 1 -1 1 -1 1 0 -1 1 0 0 -1 -1 0 -1 0 0 0 -1 -1 0 0 0 0 1 -1 0 0 1 1 1 1 0 2 0 0 0 -1 0 1 -1 -1 1 0 -1 0 0 1 0 -1 1 0 2 0 -1 2 -1 0 -1 2 2 0 0 0 -1 0 0 1 0 0 -1 0 -2 -2 1 0 2 0 0 0 1 0 0 -1 2 0 0 0 -1 0 1 0 0 -1 0 1 1 -1 0 0 0 0 -1 0 0 0 0 0 0 -1 -2 0 -1 0 0 -1 2 0 0 -1 1 -1 -1 -1 0 0 0 -1 0 2 0 0 -1 0 1 0 1 -1 0 2 0 0 2 0 0 2 1 0 -1 1 1 2 -2 0 0 0 0 0 0 1 0 0 0 -3 -1 3 2 0 -1 1 0 -1 1 0 1 0 1 0 1 0 0 -1 -1 1 2 0 0 0 0 0 0 -1 -1 2 1 -1 0 0 1 -1 -1 -1 -1 2 0 -1 0 0 -2 -3 1 -1 1 0 -2 1 0 0 0 0 0 0 1 -1 1 1 0 2 0 1 1 0 1 0 2 1 0 0 0 -1 0 -1 0 1 0 -1 -2 0 0 0 1 0 -1 0 0 1 1 0 2 1 -1 0 -1 0 -2 2 -1 0 0 0 0 0 2 23 -1 3 0 0 1 1 -1 -1 -2 0 0 0 0 -1 0 1 -1 1 1 -1 -1 0 0 0 0 0 0 0 0 0 0 -1 1 -2 0 0 -1 1 1 0 1 -1 -1 -1 0 1 0 1 0 2 1 2 0 0 1 1 -1 0 1 1 -1 0 2 1 2 1 2 0 0 0 1 0 0 0 2 -1 0 1 1 2 0 1 1 0 1 -1 0 0 0 0 1 -1 -1 -1 1 0 0 3 0 1 1 0 0 0 0 0 -1 1 2 0 0 -2 0 0 0 0 0 1 1 3 -1 0 1 1 1
-1 1 1 0 0 0 0 -2 1 1 -1 0 -1 0 0 2 0 0 0 0 -2 2 2 1 0 1 -1 0 0 -1 0 0 0 2 0 0 1 0 0 0 0 0 0 1 0 -1 0 -1 0 0 2 0 -1 0 0 0 -2 0 0 0 -1 0 -1 2 -1 0 1 0 -1 -2 0 0 0 0 0 -1 2 -2 0 0 1 0 0 1 1 -1 0 2 0 0 0 0 -1 0 1 1 0 0 0 0 0 0 1 0 0 1 2 0 -1 -1 0 -1 1 0 0 -1 0 0 -1 0 -1 1 0 0 1 0 -1 0 0 0 0 0 0 0 1 1 0 -1 0 0 0 0 -1 1 0 0 -1 -1 0 -1 -1 0 1 0 0 2 0 1 0 0 -1 1 0 0 0 -2 0 0 3 -1 0 -2 0 1 0 0 1 0 1 0 -1 0 0 0 0 0 1 2 3 -1 1 -1 0 0 0 1 -1 0 0 1 1 -1 1 0 0 0 0 1 0 0 1 -2 -1 0 -1 -1 0 0 0 0 0 0 0 0 0 2 0 0 0 0 0 1 0 0 0 0 0 0 0 -1 -2 0 0 1 0 0 0 1 -1 0 2 0 1 0 2 0 0 0 0 1 0 -1 0 1 2 0 0 1 1 0 1 0 -1 1 -1 0 0 -2 1 0 0 0 0 1 -1 18 0 0 0 1 -2 1 0 -1 2 0 0 2 0 0 0 0 0 1 0 2 0 0 0 1 2 0 0 0 0 0 1 0 0 0 -1 1 0 1 0 0 0 0 1 0 1 1 -1 0 0 0 -1 0 0 -2 -2 0 2 0 1 2 -1 0 1 -1 0 0 -1 0 0 -1 1 1 1 0 0 0 0 0 2 0 0 3 0 -2 0 2 0 0 0 0 -1 0 2 0 0 0 2 1 -1 1 0 0 0 0 0 1 0 0 0 0 0 1 0 1 1 0 0 0 0 1 1 0 0 0
-1 1 0 1 2 -1 2 2 -3 0 -2 -1 1 -1 0 -1 -1 1 1 0 1 2 1 1 1 1 0 -1 -2 1 -1 0 0 0 1 2 1 1 0 1 0 2 1 1 0 -1 -1 1 -1 0 -1 -1 1 2 1 -1 0 1 0 -1 0 -1 0 2 -1 0 2 1 1 -1 -1 -1 0 0 1 1 -1 0 -1 1 -1 1 0 0 0 1 1 -1 1 -2 1 0 -1 1 -2 0 0 0 2 0 1 1 0 0 -2 0 1 0 0 0 1 -1 3 1 -1 0 -1 0 0 2 2 1 0 1 1 -3 0 1 2 1 0 0 0 -1 1 1 0 0 1 -1 0 -2 0 1 0 -1 -1 1 0 0 2 -2 0 0 2 0 1 2 -1 -1 2 2 0 1 2 0 0 0 1 0 2 0 0 -2 1 0 2 0 -1 -1 1 0 2 0 1 -2 1 1 -1 1 -1 0 1 -1 3 3 1 0 -1 3 -2 1 -1 0 0 -3 1 -1 -1 0 1 1 1 -1 0 0 1 1 1 -1 -1 0 -1 2 1 1 0 0 0 -1 0 -1 -1 -1 0 -1 1 0 0 3 -2 0 2 0 1 0 1 3 2 3 -1 1 0 0 0 1 -1 2 3 0 0 0 3 0 1 2 0 -1 -2 1 0 -1 1 1 -1 1 1 0 1 0 1 -5 2 0 3 0 37 -2 -3 0 1 -1 -2 -1 -1 0 2 -1 -1 1 0 -2 2 -1 -3 1 1 0 -1 -1 4 2 0 1 0 2 2 1 -2 0 0 1 2 2 0 1 1 1 -1 0 2 -3 1 4 1 0 3 0 0 2 0 -1 -1 0 1 -1 3 0 -1 1 0 0 2 0 0 1 3 1 -1 0 2 2 1 0 4 0 1 0 0 1 -1 1 0 0 -1 -2 2 0 -3 2 1 0 2 1 -1 0 0 -1 0 2 0 0 1 0 0 -1 1 0 -1 3 0 -1 3 -2 3 1 0 -1 -1 0
-2 0 0 -1 0 0 0 0 2 0 2 0 1 0 0 1 0 1 1 0 -1 0 2 0 2 2 0 2 -1 -1 3 -1 -2 0 0 1 -1 2 0 -2 0 0 1 1 -1 1 1 0 1 -1 -2 0 0 2 4 0 -1 -1 0 1 -1 0 1 0 -1 -1 0 2 1 0 -1 0 0 -2 1 2 -1 0 0 0 1 0 -1 -1 0 1 0 -1 1 1 0 1 0 -1 -2 -1 0 0 0 0 0 2 0 -2 1 0 1 0 1 0 1 1 0 0 2 -2 1 -1 -1 1 -1 -1 0 -1 -2 0 1 1 1 0 1 0 -1 -1 -1 0 -1 0 -1 0 0 0 0 -2 0 0 0 1 1 1 0 0 1 0 0 2 0 2 1 -1 1 1 0 0 1 1 1 0 0 1 0 0 0 1 1 0 1 1 0 1 0 0 -1 0 0 -2 -1 3 1 -1 -1 0 0 1 1 0 -2 -1 1 1 4 -3 0 1 0 1 -1 0 -1 1 -1 0 0 0 1 1 1 -1 0 1 2 2 0 0 -1 0 0 0 0 1 0 0 0 1 -1 1 0 2 0 0 -1 1 1 -1 1 1 1 0 0 0 2 0 0 0 0 1 -1 -1 0 0 -1 0 -1 -1 0 0 2 0 -1 0 1 1 0 -1 -2 1 -2 1 1 0 -2 0 1 1 0 0 -2 23 1 -1 -1 1 0 -1 0 -1 1 1 -1 1 1 0 -1 2 2 0 1 0 -1 1 -1 1 0 0 0 0 0 1 3 0 1 0 1 -2 0 0 0 1 1 0 1 0 0 2 1 0 0 1 1 0 1 1 0 -1 2 1 1 0 1 1 1 0 0 0 1 0 1 1 0 0 0 -1 0 -1 -2 1 1 0 0 2 -1 0 0 0 0 -1 2 1 0 1 0 0 0 0 0 -1 1 1 0 -1 2 0 -1 0 -1 -1 -1 1 1 -2 1 -2 0 1 1 0 -1 0 0 2
-1 1 0 0 2 0 0 1 1 0 0 0 0 -1 0 0 0 1 1 1 0 0 0 1 0 0 0 0 1 -1 3 1 1 0 -1 0 1 0 -1 -3 1 0 0 0 0 1 2 -1 0 0 0 1 -1 0 2 1 0 -1 0 0 0 0 0 1 0 1 -1 0 1 0 -1 0 0 0 -2 0 -1 1 0 1 -2 1 1 -1 0 1 0 0 0 1 0 0 0 2 0 0 0 -1 -1 0 -1 0 0 1 0 0 1 0 -1 0 1 0 0 0 0 2 1 1 1 -2 2 0 1 1 0 1 -1 2 1 2 0 0 0 1 0 1 0 0 -1 -1 -1 0 0 0 0 0 -1 0 1 1 1 2 0 1 0 0 0 0 1 -1 1 -1 -2 0 2 -1 -1 0 0 1 0 1 -1 0 -2 -1 1 0 0 1 0 0 0 1 1 0 0 1 -1 0 -1 0 0 0 0 -1 -1 -1 1 0 0 0 -1 1 0 0 0 1 -1 0 -1 -1 0 0 0 0 0 0 -1 1 2 0 0 1 2 0 0 0 0 0 1 2 -2 0 0 0 -2 0 0 0 0 0 -2 1 1 0 0 0 -1 0 0 1 0 1 1 0 0 1 -1 0 0 -1 1 0 0 0 0 -1 0 0 2 0 1 0 0 0 1 0 1 1 -1 0 -1 2 0 0 -3 1 19 0 0 1 1 -1 1 0 1 0 0 0 -1 1 0 -1 0 -1 0 0 0 0 0 0 0 0 0 1 0 0 0 0 0 -1 1 0 0 -1 0 1 0 0 1 0 0 1 0 0 0 1 0 0 -2 0 2 -2 0 1 -1 0 -1 0 1 0 0 0 0 0 0 0 1 0 -1 -1 1 0 0 0 0 0 1 -1 2 -1 0 1 1 2 1 0 0 0 0 0 -1 -1 0 0 0 0 1 0 0 1 0 0 -1 1 0 0 0 0 0 0 1 3 -1 0 0 0 0 0
1 1 0 1 0 0 0 0 -1 0 0 0 0 0 0 1 2 1 1 1 -1 0 1 0 0 0 2 0 1 1 0 0 0 0 0 0 0 0 0 1 1 0 0 0 0 0 0 1 0 1 -2 0 0 0 0 0 0 1 -1 0 1 -1 0 1 1 0 0 2 1 -1 1 0 0 2 0 0 1 0 0 0 0 0 1 1 0 0 0 0 -1 0 1 0 0 0 1 1 0 0 0 -1 0 0 1 2 0 0 1 1 0 0 0 0 0 2 1 1 0 0 1 0 0 1 0 0 1 0 0 0 1 0 -1 0 0 0 0 0 0 0 0 0 0 0 0 0 0 -1 0 0 0 -1 0 0 0 0 -1 0 -1 0 1 0 0 0 1 1 1 0 0 0 0 1 0 1 0 0 -1 -1 0 0 0 0 -1 0 1 0 0 1 1 0 0 0 1 0 -1 -2 0 -1 0 0 1 0 0 0 1 0 1 1 0 0 0 0 0 2 0 -1 0 2 0 0 0 0 0 0 1 0 2 2 1 0 0 -1 0 1 -1 0 1 1 -1 2 3 0 0 -1 0 -1 0 0 0 0 0 0 0 0 0 0 1 0 1 -1 0 1 0 0 0 0 0 0 -1 1 2 1 0 0 0 0 -1 1 2 0 0 0 0 1 0 1 1 1 0 -1 0 11 0 1 0 0 0 -1 -1 0 0 0 0 -1 1 0 -1 0 0 0 0 1 0 0 0 0 0 0 1 0 2 0 -1 0 0 0 0 0 0 0 -1 0 -1 0 0 0 0 0 1 0 0 0 0 0 1 0 0 0 0 0 0 -1 0 2 -1 0 0 0 -1 0 0 0 1 0 0 0 0 -1 0 1 0 1 0 -1 1 0 1 0 0 1 -1 -1 -1 -1 0 2 2 0 -1 1 0 0 0 0 1 0 1 0 0 0 0 0 0 0 0 -1 0 1 1 -1 0 1
0 -2 0 1 0 1 0 1 0 0 1 1 1 1 2 0 0 0 0 0 1 1 0 1 0 -1 2 0 0 0 0 -1 1 0 3 0 0 0 0 0 2 1 0 0 1 0 0 0 0 0 2 0 1 0 0 0 1 0 0 0 0 0 3 0 0 -1 0 0 -2 0 1 -2 -1 -2 0 1 0 0 0 2 0 0 -1 -1 1 -1 0 0 0 0 -1 0 0 0 0 0 1 1 0 0 1 0 0 0 -1 -1 0 0 0 0 0 -2 -1 0 0 1 1 0 0 0 -1 1 0 0 0 0 0 0 -1 0 2 0 0 1 -3 0 0 0 0 1 2 1 2 2 0 0 0 0 0 1 0 0 1 1 0 -2 0 1 1 0 1 0 1 -1 0 0 1 0 0 -1 1 1 0 1 0 0 1 0 0 -1 1 0 0 0 0 0 0 0 -1 0 0 0 1 -1 0 1 0 0 -1 0 2 0 -1 1 -1 1 1 0 -1 1 0 0 0 1 0 0 -1 0 0 2 0 -1 0 2 0 0 0 0 0 0 0 0 0 -1 1 -1 0 0 1 -3 -1 0 -1 1 0 0 1 1 0 1 1 0 1 1 -2 -1 1 1 1 0 0 1 2 0 -1 2 0 0 0 0 0 -1 1 1 -1 -1 0 2 0 1 0 -1 1 0 1 -2 1 -1 0 0 20 0 0 0 2 0 0 0 -1 0 -1 0 -1 -1 -1 -2 0 -1 1 -2 0 0 0 0 0 2 1 2 0 0 -1 0 1 0 2 1 0 0 0 1 0 0 0 0 1 0 0 0 0 1 1 0 -1 0 0 -1 -1 2 1 2 0 1 1 -1 3 0 0 -1 2 0 0 0 0 0 -1 1 0 -1 0 1 0 -1 0 -1 1 -1 0 0 -1 0 -2 1 1 -2 0 0 0 0 0 0 0 2 2 1 -1 2 1 3 -1 1 1 -1 0 0 0 0 0 0 1 2
0 0 0 0 0 0 0 -1 0 0 0 1 0 1 0 1 0 0 0 1 0 0 1 0 0 0 0 0 0 0 2 0 0 0 0 0 0 0 0 0 0 -1 0 1 0 1 1 0 0 0 0 0 0 0 0 0 0 0 0 0 0 -1 0 0 0 0 1 1 0 0 -1 0 0 0 0 0 -1 0 0 0 1 0 0 1 -1 0 0 1 0 0 0 0 0 -1 0 0 0 0 -1 0 0 -1 0 0 0 0 1 0 0 0 0 0 1 0 0 0 0 0 0 0 0 1 0 0 0 0 0 0 1 -1 0 0 0 1 -1 0 0 0 0 0 -2 0 0 0 0 0 0 1 0 0 0 0 0 2 0 0 0 0 0 0 -1 0 2 0 1 0 0 0 0 0 0 0 0 0 1 1 0 0 0 3 0 0 0 0 0 -1 0 0 0 0 0 0 0 0 0 1 -2 0 1 0 0 1 0 0 0 0 0 0 0 1 1 0 0 0 0 0 1 0 0 0 1 0 0 0 0 1 0 1 0 0 2 1 1 0 0 2 1 0 0 0 0 -1 0 1 0 0 0 0 0 0 0 0 0 0 0 0 0 0 0 0 0 0 0 0 0 0 -1 1 1 0 0 0 0 0 0 0 0 0 0 1 0 0 0 0 -1 1 -1 1 1 1 0 7 0 0 0 0 0 0 0 0 0 0 0 0 0 0 0 0 0 0 0 0 0 1 0 0 1 0 1 0 0 0 0 0 0 0 0 0 -1 0 -1 0 -1 0 1 -1 -1 0 0 1 1 0 0 0 0 0 0 2 0 0 0 0 -1 0 0 1 -2 0 0 0 0 0 -1 1 0 1 0 0 0 -1 0 0 0 0 0 -1 0 0 0 0 0 0 0 0 1 0 1 0 -1 0 0 0 -1 0 1 0 0 0 0 0 0 0 0 0 0 1 0 0 0 0
1 0 0 0 -1 0 -1 0 1 0 -2 0 1 0 1 1 0 1 -2 -2 0 0 0 0 0 0 0 1 0 0 0 0 0 -1 0 0 -2 0 0 -1 1 0 0 -1 0 0 -1 0 0 1 1 -1 0 1 0 0 0 1 0 0 0 0 0 -1 0 1 -1 0 0 0 0 -1 -1 0 0 0 -1 1 0 0 0 0 0 0 0 0 0 0 -1 0 1 0 0 0 -2 0 0 0 0 0 0 0 0 0 -1 0 0 0 1 0 0 1 -1 0 1 0 0 1 0 1 0 0 1 1 0 1 -1 0 1 0 0 1 1 0 0 1 0 0 0 -1 0 0 0 -1 0 0 0 0 0 0 0 -1 0 0 1 0 1 0 -1 0 0 -1 0 0 -1 0 0 0 1 1 0 0 -1 2 1 0 -1 0 0 1 0 0 -1 0 1 0 -1 0 0 0 2 0 0 0 0 0 1 0 0 0 0 0 1 0 -1 0 0 0 -1 -1 0 1 0 1 0 0 0 1 1 0 0 0 2 0 -1 0 1 0 -3 1 1 -1 0 0 0 3 1 2 1 0 0 -1 0 0 1 0 1 1 1 1 0 0 0 0 0 -2 1 1 -1 0 -2 0 0 0 -2 0 1 -1 0 0 0 1 1 -1 1 1 0 1 0 0 0 -1 1 0 -1 0 -2 0 1 0 0 0 13 -1 2 1 1 -1 3 0 0 2 1 0 0 0 0 1 0 -1 0 1 0 0 0 -1 0 0 0 1 1 0 1 0 -1 1 1 0 0 0 1 0 1 -1 0 0 1 0 0 0 0 0 1 -1 0 0 -1 -1 0 0 0 1 1 0 0 2 0 0 1 0 -1 1 0 0 2 1 0 0 0 0 2 0 1 0 1 1 1 1 1 0 0 0 -1 1 0 0 0 0 0 0 0 -1 0 0 -1 0 0 0 1 -1 -1 1 0 1 -1 0 0 0 0 2
0 -2 1 0 0 0 0 -1 0 1 0 0 0 0 -1 0 0 0 0 -2 1 0 0 -1 0 1 0 1 0 0 0 1 0 0 0 -1 0 0 0 0 1 0 2 -1 -1 -1 0 0 0 1 0 0 2 -1 0 0 0 0 0 1 1 0 0 1 0 0 0 1 0 0 2 -1 0 0 0 0 0 1 -1 0 2 -1 0 0 1 0 0 -2 0 1 0 0 0 1 1 1 0 1 1 0 0 0 1 0 1 0 0 0 1 0 -1 -1 0 1 2 0 0 -1 -1 0 0 0 -2 0 1 0 0 -1 0 0 -1 0 -1 1 0 0 1 0 1 0 0 0 -1 0 0 0 0 1 0 0 0 0 0 0 1 1 0 1 2 2 0 0 1 2 -2 0 0 0 -1 0 0 -1 0 0 1 2 -1 0 1 -1 0 0 1 1 0 0 2 -1 -1 -1 1 1 0 -1 0 -1 1 0 0 0 1 0 0 1 1 0 -1 1 1 0 0 -1 1 0 0 1 0 0 0 0 0 -1 0 1 1 0 0 0 2 1 -3 1 1 0 -1 1 -1 0 0 0 1 0 -1 2 0 1 0 -1 1 0 1 0 1 0 1 0 1 0 1 1 0 0 0 -1 1 0 0 1 -1 1 0 -1 0 0 1 1 -1 0 0 0 0 0 -1 0 -2 -1 -1 -1 -1 0 0 0 -1 17 0 0 -1 -1 0 1 -1 1 0 -1 0 1 0 -1 0 0 -1 1 1 0 -1 -1 1 0 0 1 -1 0 -2 0 0 -1 1 1 0 0 0 0 0 0 0 0 -2 0 0 1 0 -1 0 0 0 0 0 1 -1 -1 0 0 0 0 -1 1 -1 1 -1 -1 3 1 0 0 -2 0 0 0 -1 0 -1 0 0 0 0 0 -1 0 0 0 -2 0 2 1 -1 -1 0 0 0 0 0 0 -1 0 0 0 1 0 -1 0 1 -2 0 -1 1 0 0 0 0 -1
0 0 1 0 1 0 0 -2 1 3 1 -1 0 1 1 1 0 0 1 0 1 3 0 0 0 0 0 2 0 -1 -1 0 0 1 -1 2 0 0 0 -1 0 -1 0 0 0 1 0 -1 1 0 2 1 0 2 0 0 3 -2 1 0 2 0 1 0 -1 0 0 0 0 0 1 -2 0 2 1 0 0 -1 2 1 1 2 0 0 1 -1 -1 0 0 2 -1 0 1 0 1 1 0 0 0 0 -2 1 -1 -1 0 0 2 1 -1 0 0 -2 -1 0 0 1 0 -1 -1 0 -2 0 -1 0 0 1 0 1 -2 0 1 0 -1 0 0 1 -1 1 2 3 0 0 -1 0 0 -1 -1 0 0 3 0 0 0 3 0 0 0 -2 0 0 1 0 -1 -1 0 0 0 0 0 -1 -1 -1 1 1 0 0 0 3 0 -1 0 1 0 0 0 0 1 1 1 0 1 -1 0 1 0 -1 -1 2 0 -1 0 0 1 0 -2 2 1 1 1 0 1 -1 0 -1 0 4 0 2 -1 1 1 -1 0 0 0 1 0 0 0 1 0 -1 0 0 0 0 0 0 1 0 0 0 0 2 0 3 2 0 1 0 0 -1 1 3 -2 1 -1 1 1 0 0 0 -1 0 0 1 0 1 0 0 1 1 -1 0 0 1 2 0 -1 0 1 0 -2 0 0 2 -1 0 1 0 2 0 2 0 23 2 1 -1 0 3 -2 2 0 1 0 0 1 -1 1 0 0 0 -1 1 1 -1 1 1 0 0 -1 1 1 0 -1 2 2 2 2 1 -1 1 0 0 0 0 1 1 0 0 0 1 0 0 -1 0 1 0 -1 -1 -1 -1 1 0 -1 0 -1 0 0 1 1 0 -1 0 -1 0 0 0 1 -1 0 0 0 0 0 2 1 2 1 0 -2 -1 0 0 1 -1 0 0 0 0 -1 0 0 0 2 0 2 1 0 -1 -1 2 1 1 0 1 1 0 0 -1
2 0 1 0 0 1 0 -1 1 0 1 0 2 1 1 0 1 -1 -2 0 -1 2 -3 -1 2 2 -1 1 1 0 -2 -1 0 0 1 0 -1 1 -1 1 2 -1 0 0 -1 -1 -1 0 -1 1 -1 2 0 1 1 3 -2 0 -1 1 1 1 0 0 1 0 -1 0 0 0 0 1 1 0 0 -1 0 1 1 1 1 0 0 2 0 0 1 0 0 0 0 1 -1 0 0 1 4 0 -2 0 0 0 0 0 0 1 -1 0 0 1 1 1 0 -1 0 1 1 2 -1 0 0 -1 0 0 0 1 0 -2 1 0 1 0 1 0 -1 2 0 0 0 0 -1 0 -1 0 1 1 0 1 -2 2 -1 -1 0 0 -1 -1 1 2 0 1 1 0 0 1 1 0 1 1 1 0 1 -1 0 0 -2 -2 1 1 0 -2 0 -2 1 1 -1 1 0 -2 1 2 0 0 1 4 0 0 -3 0 1 -1 -1 1 -1 -1 0 1 0 0 2 2 1 1 -1 0 0 1 0 -1 0 2 0 0 0 -1 0 0 0 0 0 2 1 0 0 -1 1 1 0 -1 1 2 0 0 -1 0 0 -1 1 0 1 1 -1 0 0 3 0 -1 -1 -1 -2 -1 1 0 0 0 0 1 -1 1 0 -1 0 3 0 1 -1 1 1 0 0 0 0 0 1 0 0 0 0 -1 0 -1 0 0 1 0 2 23 1 1 -1 2 -1 1 -1 0 0 1 -1 0 -1 -1 1 -1 1 1 0 1 0 1 -3 -1 0 0 -1 1 1 0 -2 0 1 1 0 1 0 0 1 2 1 0 0 0 0 1 -1 0 0 1 1 1 0 -1 0 -1 1 -2 0 1 0 0 1 0 1 1 1 2 0 -2 0 -1 -1 2 -1 0 0 1 0 -1 1 0 1 -1 -1 -1 -1 0 -1 3 0 0 -2 -1 0 -1 0 0 0 0 -1 1 0 0 3 0 0 1 1 1 -1 1 0 0
0 1 0 -2 1 0 -1 -1 1 1 0 0 -1 0 0 0 -1 0 -1 -1 0 2 3 0 1 0 0 1 0 0 0 3 0 -1 2 -2 1 0 -1 1 -1 1 0 0 0 2 0 -1 0 0 1 1 -2 0 -1 0 0 -1 0 0 1 0 -1 0 2 -1 1 1 0 0 0 -1 0 1 2 1 -1 0 -1 1 0 1 1 1 0 -1 1 -2 0 0 0 0 1 -1 1 0 0 0 0 0 1 0 -1 -1 0 -1 0 -1 0 1 -1 0 1 -1 0 2 3 1 2 -1 0 0 -1 0 0 0 0 2 1 3 1 -2 0 -1 -2 0 1 0 1 0 1 -1 -1 -1 0 -1 -1 1 0 0 -1 0 0 0 0 1 -1 0 0 1 -1 1 1 0 0 0 1 0 0 0 -1 -1 0 2 -1 0 3 -1 0 -2 1 0 1 -1 0 0 1 1 -1 1 0 1 1 2 0 1 0 2 -1 0 -1 0 -1 0 -1 0 0 -1 2 0 0 0 -1 1 0 -1 -1 1 -1 0 1 0 1 0 1 -1 1 0 0 -1 0 1 0 1 0 1 0 1 1 0 -1 0 -2 0 0 -1 1 1 1 -1 0 1 0 -2 -1 1 -1 0 0 -1 -1 1 1 2 1 0 2 -1 0 1 0 1 1 0 0 1 0 1 1 0 -1 -2 0 0 0 0 2 1 1 -1 0 0 1 -1 1 1 21 -1 0 0 0 0 -1 0 -1 1 0 -1 1 -1 1 -1 0 -1 0 -1 2 0 -1 0 3 0 2 0 -1 0 -1 1 1 0 1 1 -2 1 0 2 1 0 0 -1 -1 1 1 0 1 -1 0 -1 0 1 0 -1 0 0 1 0 0 1 0 0 0 0 2 0 -2 0 -1 0 1 0 0 0 -1 1 1 0 1 -1 -2 0 -1 1 -1 -3 0 -1 1 -1 1 1 0 -1 1 0 0 0 1 0 0 0 0 0 1 0 1 0 0 0 0 0
0 1 0 0 0 1 0 0 0 0 0 0 0 0 -1 0 -1 0 0 0 -1 -1 -1 0 0 0 -1 0 1 1 0 0 -2 0 0 0 0 0 0 0 0 0 -1 0 0 0 -1 1 0 0 -1 0 1 1 1 0 0 0 0 1 0 1 -1 2 -1 0 -2 0 -1 0 0 0 0 0 1 0 1 -1 0 -2 1 0 0 0 0 0 0 0 0 0 0 -1 -1 1 0 0 0 0 -1 1 0 0 1 0 1 0 0 0 0 -1 0 1 0 1 0 0 0 1 3 0 -1 0 0 0 0 0 0 0 1 0 0 0 0 0 0 0 -1 0 0 1 -1 0 0 0 0 0 0 -1 0 0 0 0 0 0 0 0 0 0 0 0 1 -2 0 1 -1 1 1 0 1 1 0 0 -1 -1 0 0 1 0 1 -1 -1 0 0 -1 0 0 0 0 1 1 1 0 0 -1 0 1 0 0 1 0 0 0 0 1 1 0 -1 0 0 0 0 0 0 -1 0 1 -1 -2 1 0 1 -1 0 1 0 -1 0 0 0 -1 0 0 0 0 0 0 0 0 0 0 0 1 0 0 0 0 0 0 0 0 2 -1 0 -1 -1 -1 1 0 0 -2 0 -1 1 1 0 0 0 1 1 0 0 1 0 0 0 0 0 1 0 0 0 0 0 -1 0 2 -1 1 0 0 0 0 -1 -1 -1 1 -1 13 0 1 1 1 0 0 0 0 1 0 0 -1 1 0 -1 0 0 0 -1 2 1 0 0 -1 0 0 0 -1 -1 0 0 1 1 0 1 0 0 1 0 0 0 1 0 0 -1 0 2 0 -1 0 2 0 -1 0 -1 0 0 0 0 -1 0 0 0 1 -1 0 1 -1 0 1 0 1 0 0 1 0 0 -1 0 0 1 0 0 -1 1 0 -1 0 0 0 -1 0 0 0 1 0 -1 0 0 0 0 -1 0 0 -1 0 1 1 0 1 0 0
1 3 1 0 -1 0 -2 0 -1 0 -3 0 -2 0 0 1 0 1 -2 -4 1 0 -1 0 0 0 0 1 0 0 2 0 0 1 -1 0 -1 -1 1 0 -1 0 -1 -1 -3 0 0 0 1 0 0 1 1 0 0 0 1 0 0 0 -1 1 -2 0 0 1 -3 2 1 0 0 -1 2 1 -1 0 0 0 0 0 0 0 0 1 0 0 0 0 0 0 0 0 0 0 0 0 1 0 0 -1 0 0 -1 -1 2 0 0 0 1 0 0 1 -2 1 1 -1 0 0 0 0 0 0 1 1 0 3 0 0 0 1 0 0 2 -1 0 0 2 0 0 0 0 -1 0 1 -1 1 -1 1 0 0 1 0 0 2 1 -1 0 0 0 0 0 -1 1 0 0 1 0 -1 0 0 0 -1 0 2 0 0 -2 0 0 0 -1 0 0 0 1 0 0 0 0 2 1 0 0 -2 -1 1 1 1 0 -1 1 1 0 -1 0 -1 1 0 1 -1 1 0 -1 0 0 0 0 -1 1 0 -3 0 0 2 0 0 1 0 0 1 0 0 2 0 1 0 -2 0 1 -1 1 0 0 1 0 0 2 1 0 0 -1 -2 -1 1 1 -1 2 1 -1 -1 0 0 0 2 -1 0 1 0 1 1 0 0 1 -1 0 0 1 1 0 0 0 0 0 0 -1 0 -1 -1 0 0 -1 0 3 0 0 -1 0 0 18 -2 0 0 0 0 0 0 0 1 0 0 -1 0 0 0 0 0 -1 0 0 1 1 0 1 0 0 -1 1 0 0 -1 -1 -1 1 -2 0 1 2 0 1 0 0 -2 1 -1 1 0 -1 0 0 -1 1 0 0 1 0 1 0 -1 0 0 -1 0 1 0 2 -1 -1 0 0 0 3 0 1 0 -1 1 -3 2 0 -1 1 0 1 1 0 1 0 1 0 0 0 1 0 1 -1 0 0 -1 0 -1 1 1 0 -1 -2 0 0 0 0 3
-2 0 -1 1 0 0 0 -1 0 2 1 1 0 0 -2 0 1 -1 2 0 1 -1 1 0 -1 1 0 -1 0 0 1 -1 0 -1 0 0 0 1 -1 -1 1 0 0 1 1 0 -1 0 0 0 0 1 1 0 -1 0 1 2 0 0 0 0 0 0 0 2 2 -1 0 0 0 0 0 1 3 0 0 1 1 0 2 1 0 1 0 0 0 1 -1 0 0 -1 0 3 0 -1 0 0 0 1 0 1 0 0 0 0 0 0 -2 -1 1 -2 1 1 1 0 1 0 1 0 -1 0 -1 0 0 -1 0 0 0 0 0 0 -1 -1 0 1 -1 0 2 1 1 1 0 0 0 -1 0 1 -2 1 1 0 -1 0 0 0 1 0 0 0 0 0 0 0 -1 0 0 1 0 -1 0 0 1 1 0 0 1 2 0 3 0 0 0 -1 0 -1 0 2 1 1 -1 1 0 0 0 -2 -1 1 0 2 -1 0 0 0 3 0 0 1 1 -1 2 -2 0 0 0 5 0 1 0 0 0 1 0 -1 0 0 0 0 2 2 0 0 -1 1 0 0 0 1 0 0 1 0 1 -1 1 0 1 -1 0 3 1 0 1 2 -1 -1 -1 0 2 0 0 1 1 0 0 0 0 1 0 -1 0 1 -2 0 -1 0 0 1 2 0 0 0 0 0 0 0 1 1 0 0 0 0 0 1 3 2 0 1 -2 19 1 2 0 -1 -2 -1 0 -1 -1 0 1 0 0 -1 0 2 0 0 0 -1 0 3 1 0 0 0 0 1 1 1 2 -1 0 0 0 -1 0 0 1 0 0 3 -1 -1 0 0 2 0 0 1 0 0 0 0 0 0 0 0 0 0 -1 3 1 0 0 1 1 0 3 0 0 0 0 0 0 -2 1 1 0 1 -1 1 2 0 0 0 0 -1 -1 0 0 -1 -1 0 0 2 1 1 0 0 0 0 0 0 2 2 1 1 0 0
0 1 1 0 0 0 2 0 -1 1 -1 1 -1 0 0 -1 0 0 -1 1 0 -1 0 -1 1 0 -1 0 0 -1 0 0 0 0 0 1 2 0 -2 1 -1 0 0 0 0 -1 0 1 2 1 -1 0 0 -1 0 -1 0 1 0 -1 -1 0 1 0 -2 -1 0 -1 0 0 -2 2 0 1 1 2 2 -1 0 0 1 0 0 -1 0 0 -1 1 0 0 1 0 1 2 0 -1 0 1 0 0 0 0 -2 0 0 -1 0 -1 0 1 -1 0 1 1 0 0 0 1 0 1 0 0 0 1 0 0 0 0 0 0 1 1 0 0 0 0 -1 0 0 0 1 0 1 0 0 0 0 0 1 -1 1 1 0 0 0 0 0 0 0 0 0 -1 0 0 1 2 -2 0 0 0 0 0 0 1 1 2 0 0 0 0 -1 0 0 -1 0 0 2 -2 0 1 0 -1 -1 0 0 2 -2 0 1 0 1 1 0 0 1 0 -2 -1 -1 1 0 -1 -1 0 0 0 0 0 -1 0 -3 -2 -1 0 0 -1 1 0 0 -1 -1 0 -1 2 0 -2 0 0 0 1 -1 -1 0 0 1 -1 -1 0 1 0 2 0 0 1 0 0 1 0 1 2 1 0 -1 0 1 -1 0 0 -2 0 1 -1 0 0 -1 0 0 0 0 0 2 1 2 0 1 0 0 1 -1 0 -1 0 0 -1 -2 -1 0 1 0 1 17 0 0 -1 0 1 1 1 0 0 0 0 0 0 0 0 -1 0 1 -1 1 0 0 -1 0 0 0 1 0 1 2 0 0 0 -1 2 0 0 0 0 0 0 1 -1 0 0 0 1 0 0 -2 -1 0 -1 0 -1 1 0 0 0 0 -1 -1 0 1 0 0 0 0 1 0 1 0 0 0 0 0 -1 0 0 1 1 0 1 1 0 0 0 0 0 -1 0 0 1 0 0 0 0 1 0 1 1 0 0 1 0 0 1 1 0
-1 0 0 0 1 0 1 -1 0 0 2 -1 0 -1 0 0 -3 2 2 -1 0 0 2 0 -1 0 1 0 0 -2 0 -1 1 2 -1 -1 0 -1 0 -1 0 -1 0 -1 0 0 0 1 -1 1 -1 0 0 1 0 1 0 0 -1 0 0 1 0 0 0 1 -1 0 0 1 0 0 -1 -1 1 -1 0 1 0 1 1 0 2 1 0 0 1 0 -1 2 0 1 0 1 0 0 -2 -2 1 0 0 0 1 -1 -1 1 1 0 0 1 0 -1 0 0 -1 0 0 0 0 -1 1 0 0 0 0 0 0 0 0 0 1 0 -1 0 2 0 1 0 0 1 -2 1 0 0 0 -1 -1 1 0 1 -1 0 0 0 1 0 0 0 2 0 0 -1 -1 1 1 1 1 -2 -1 1 0 0 -2 1 1 2 0 0 -1 0 0 0 0 -1 1 -1 1 0 1 1 -1 0 1 2 0 -1 1 0 -1 1 1 1 1 0 0 0 0 1 -1 -1 0 0 0 0 0 1 0 0 0 0 1 1 0 0 0 0 -1 0 0 1 0 0 -2 0 -1 2 0 2 0 0 -1 -1 0 0 0 -1 4 0 -1 -1 0 0 -1 1 0 -1 -1 0 2 0 -1 0 0 0 0 0 -1 1 -1 1 1 0 1 0 0 1 -1 0 1 0 1 0 0 1 -1 0 -2 0 1 -1 0 0 2 1 2 1 0 1 0 2 0 21 0 1 0 0 0 1 0 0 0 0 0 0 0 1 0 -1 -1 0 1 0 0 0 -1 1 2 1 1 -2 -1 0 0 -1 1 0 0 0 1 0 0 0 2 0 -1 0 0 -1 0 0 0 0 0 0 1 0 -2 1 0 2 0 1 -1 0 0 0 -1 0 1 1 0 0 -1 0 1 0 -1 0 1 -1 1 0 0 0 -1 0 1 0 0 1 1 0 0 1 -1 0 2 0 2 0 0 0 1 1 2 1 2 2 0 1
0 0 0 0 0 0 0 0 -1 0 0 1 0 0 -1 1 0 0 0 -1 0 -2 1 1 0 -1 1 0 -2 -1 -1 0 1 0 -3 -1 0 0 1 1 1 -2 0 0 1 0 -1 0 0 0 0 0 0 -1 -1 0 0 0 0 1 0 1 0 0 0 1 1 0 2 0 -1 1 2 0 0 1 1 0 0 1 0 0 1 1 0 0 0 2 0 1 -1 1 0 0 0 1 1 0 2 0 0 1 0 0 0 0 0 1 0 0 -2 3 1 -1 0 -1 0 0 -1 0 0 0 0 0 0 0 0 0 1 0 -1 1 -2 -1 0 0 1 0 0 0 0 0 0 -1 0 -1 1 0 -1 -1 0 0 0 0 1 1 0 0 0 0 1 3 0 0 0 1 1 1 0 0 0 0 -1 0 -1 0 -1 0 0 -2 0 2 0 0 1 0 0 0 0 1 0 0 -1 -1 -1 1 0 0 0 1 0 0 0 -1 1 0 0 1 -1 0 0 0 0 1 0 -1 0 0 1 -1 0 0 3 1 2 2 0 -1 0 -1 0 -1 -2 0 0 0 0 1 -1 0 0 0 0 -2 -1 -1 0 1 -4 0 0 0 -2 1 0 -1 1 1 0 -3 -1 0 0 0 2 -1 -1 -1 -1 0 -1 0 0 0 0 2 0 0 0 0 -1 2 0 0 1 0 2 -1 0 1 -1 0 1 0 0 -1 -1 0 0 0 0 0 19 0 -1 0 1 -1 0 -1 -2 0 0 0 -1 0 0 1 0 0 -1 0 1 1 0 1 0 0 1 1 1 -1 1 0 0 0 0 0 0 2 0 0 1 0 0 -1 -1 -1 0 -1 0 1 0 2 0 0 -2 1 0 0 1 1 0 -1 1 0 0 0 0 0 1 -1 0 -2 -1 1 0 1 1 -2 0 0 0 1 0 0 0 2 -1 -1 0 -1 0 0 0 0 0 -1 0 -1 0 0 2 -1 0 -1 0 0 -1 0
-1 0 -2 0 0 0 -1 1 1 2 1 -1 2 0 2 1 0 -1 0 1 1 1 0 0 -2 0 0 0 1 0 -1 -1 -1 1 1 0 0 0 0 1 0 1 0 1 0 0 0 1 0 -1 0 0 0 0 -1 1 0 -1 0 0 0 0 2 1 0 -1 0 -1 0 1 1 0 -1 1 1 0 3 -2 -1 -2 1 0 1 0 -1 0 -1 -1 0 -1 0 1 2 3 1 0 0 0 2 -1 0 -1 2 1 0 1 2 0 1 0 1 0 2 0 0 0 -1 0 2 1 -1 -2 0 0 0 0 0 0 0 -1 1 1 0 0 0 2 0 0 0 0 0 -1 -2 0 -1 -1 0 -3 0 -1 -2 0 0 -1 1 0 0 -1 -1 1 0 0 -1 -1 0 -1 0 0 0 0 -1 1 -1 0 1 1 -2 0 0 1 0 0 0 0 0 0 0 2 2 0 0 1 -1 2 0 0 1 0 1 -1 -1 -1 0 0 1 -1 -2 2 -1 1 -1 2 1 0 0 0 0 -1 0 0 2 -1 -1 -1 1 0 1 0 1 0 0 0 0 3 -1 0 1 1 2 1 -3 0 2 1 0 0 0 1 -1 -1 0 -1 0 1 0 -1 0 -1 2 0 -1 0 0 1 0 1 0 0 1 2 0 0 2 0 -1 0 -1 -1 1 2 0 -2 0 2 1 1 -1 2 -1 0 -1 0 0 -1 1 0 0 0 0 -1 -1 1 0 20 0 1 1 0 -1 0 0 1 1 1 0 0 0 0 1 1 2 0 0 0 1 1 0 2 1 -2 1 4 0 0 0 1 0 0 0 0 2 1 1 0 0 -1 0 1 0 1 -1 1 1 0 2 0 1 0 0 0 0 0 -1 0 0 0 0 -1 0 0 1 0 1 1 0 0 -1 0 0 0 0 1 0 -1 -1 0 1 1 0 0 2 1 0 0 2 1 0 1 1 0 0 0 0 0 0 0 0 0 -1 -1
0 0 0 -1 0 0 -1 0 1 -1 1 1 0 1 0 -1 -1 0 0 0 0 0 -1 0 -1 0 0 2 -2 2 0 0 2 0 1 1 1 1 0 -2 -1 0 0 -1 -1 0 -1 1 0 -1 0 -1 -1 0 -1 1 0 -1 -1 0 -1 0 0 0 0 -1 0 0 1 -1 0 1 0 -1 -1 -1 0 0 1 0 0 0 0 -1 -1 1 -1 1 1 0 0 0 -1 0 0 0 0 1 -1 0 -1 -1 1 -2 0 0 1 1 0 0 2 2 -1 0 0 -2 1 0 -1 0 -1 -1 1 2 0 1 2 -1 1 1 -1 0 1 0 -1 1 0 0 0 0 0 1 0 0 0 0 -1 0 2 0 -1 -1 0 1 0 0 0 0 1 -1 -1 0 0 -1 0 -1 2 0 0 1 0 0 -1 0 -1 0 1 0 0 3 0 0 0 1 -1 0 0 -1 0 -1 0 -1 0 1 1 0 -1 0 0 -1 1 0 0 0 -1 1 -1 -2 1 1 -1 0 0 0 1 0 0 0 -1 1 0 0 1 0 0 0 1 0 1 0 1 0 2 -1 0 0 0 0 0 -2 -2 0 0 0 2 0 0 1 0 -1 1 0 0 0 0 -1 1 -1 -1 1 0 0 -1 0 -1 0 0 1 1 0 0 1 0 1 -1 1 0 0 1 0 1 -2 0 0 -1 0 -3 2 0 -1 -1 0 0 0 0 0 -1 0 0 -2 0 0 -1 0 18 0 0 0 0 1 -1 0 1 1 0 0 -1 0 0 -1 0 1 -2 0 -1 0 2 -1 0 -1 -1 -1 -1 -2 -1 -1 0 0 0 -1 1 0 -1 0 0 1 -2 0 1 -1 0 0 0 0 0 0 1 -1 1 0 1 -2 -1 1 -1 0 1 0 0 -1 0 1 0 0 0 0 -1 -1 -1 1 0 0 2 0 0 0 0 1 1 1 1 1 0 0 0 0 0 1 0 -1 -1 -1 -1 0 0 0 0 0 1 1
-2 0 1 0 0 1 -1 0 0 0 0 0 0 0 0 0 0 0 0 0 -2 -1 0 1 0 0 -1 0 -1 0 1 1 3 0 -1 0 0 -1 0 2 0 0 0 1 0 1 0 0 0 0 0 0 1 -1 0 1 -1 0 0 0 -1 -1 0 1 0 -3 2 1 1 -1 2 0 0 0 0 -1 0 0 0 1 1 0 -1 3 1 0 -1 -1 -1 1 -1 0 1 0 -1 0 1 1 0 1 0 0 0 0 1 -2 0 0 0 0 0 0 1 -1 0 1 1 0 1 2 0 -1 0 0 0 0 -1 0 0 -1 2 0 0 0 1 -1 0 0 1 -1 1 -1 -1 1 0 0 0 0 0 0 0 0 -1 0 0 3 0 0 0 1 0 0 1 1 0 -2 0 -1 -1 0 0 -1 1 -1 -1 0 3 0 -2 -2 -1 2 0 0 0 1 0 0 1 0 0 1 1 -1 0 1 -2 1 -2 -1 0 0 1 -1 0 -1 -1 0 0 0 -1 0 2 0 -1 0 0 0 0 -1 0 0 0 0 -1 0 0 0 0 1 0 0 1 1 -1 0 0 -2 1 1 -1 -2 2 2 -1 1 1 0 0 0 -1 0 0 0 1 1 -1 -2 0 1 0 0 0 1 1 1 0 1 -1 0 0 -2 2 1 -1 -1 0 -1 0 0 -1 0 -1 0 -1 2 1 0 -1 0 -2 0 0 1 0 1 1 0 0 -1 1 0 0 1 0 18 0 -1 1 0 0 0 0 1 1 1 0 0 0 -1 0 1 -1 -1 0 -1 0 2 0 -1 0 -1 -1 0 0 0 -1 0 -3 -2 1 0 1 0 0 0 -2 0 -2 -1 -2 1 1 0 0 1 0 0 0 0 1 0 0 0 -1 -1 0 0 -2 0 0 1 0 0 0 -1 -1 0 2 -1 0 -2 0 1 0 0 2 0 0 0 -1 0 0 0 1 -1 1 0 1 0 0 0 1 -1 0 2 0 -1 -1 -2
0 0 1 0 0 1 0 0 2 0 0 -1 2 1 0 1 0 0 0 -1 0 1 -1 0 -3 -1 0 1 1 0 1 -1 0 0 1 2 0 -1 2 1 0 -1 -2 3 0 2 0 0 0 0 1 0 0 1 0 -1 0 0 0 0 0 0 0 0 0 0 -1 0 0 1 -1 0 -2 -1 -1 0 -1 -1 1 -1 1 0 0 0 0 0 -1 0 0 1 0 0 1 -1 0 0 -1 1 -2 2 0 0 0 0 0 0 0 0 0 0 0 -1 -1 0 0 -1 0 0 1 0 -1 0 0 0 0 0 0 1 0 -1 1 1 2 0 0 0 0 0 -1 0 0 0 0 -1 0 0 0 -2 1 0 1 1 0 1 1 0 1 -1 0 -1 0 1 0 0 0 0 0 -1 0 0 -1 0 1 0 0 0 0 0 0 -1 -1 2 -1 0 0 0 1 0 1 0 0 2 0 1 1 1 1 0 0 0 0 0 -1 0 -1 0 -2 0 0 0 1 -1 -1 0 2 1 -1 0 1 -2 0 1 0 1 -1 0 0 1 2 0 0 -1 0 1 0 0 1 0 0 -1 0 0 0 2 0 2 0 0 0 1 0 0 0 0 1 -1 1 0 0 0 0 0 0 1 0 1 0 0 0 -2 0 -1 -1 0 0 0 0 1 0 -1 1 0 1 0 0 0 1 1 0 0 0 0 0 0 1 -1 0 1 0 0 1 0 1 1 0 0 15 0 0 0 0 0 0 -2 1 -1 0 0 0 1 -1 1 0 0 -1 -1 1 1 -1 1 -1 1 0 0 0 0 0 1 1 0 -2 0 1 0 1 1 1 0 1 1 0 0 -1 0 1 0 -1 3 0 0 0 0 0 0 1 0 0 2 1 0 0 0 1 0 0 -1 0 0 0 0 0 2 0 1 0 2 1 -1 -1 -1 1 1 1 0 0 0 0 -1 0 -1 0 -1 1 -1 1 0 0 0 -1 0
0 2 0 0 -1 -1 0 0 0 -2 2 -1 0 -1 1 1 0 0 0 0 0 0 2 1 -1 3 0 0 1 0 0 -1 -1 -1 1 1 1 -1 0 -1 1 0 0 1 0 0 -2 0 -1 1 -1 -1 1 0 0 1 0 1 0 -1 0 0 1 1 0 -1 0 -1 0 0 -1 0 0 -1 0 0 0 1 2 0 0 3 0 0 0 1 0 -2 0 0 2 0 0 -1 0 0 0 0 0 -1 0 0 0 0 -1 0 2 0 0 0 0 0 1 0 0 0 0 0 1 -1 0 1 3 0 -1 0 0 0 2 0 -1 1 1 0 1 -1 1 0 -1 0 1 0 1 0 0 2 -1 0 -1 1 -1 1 1 0 3 0 1 0 -1 0 0 0 0 1 1 1 -1 -1 2 0 -1 0 0 0 0 1 -1 0 0 2 -1 0 1 1 3 -1 2 -2 -1 0 -1 1 -1 0 -1 0 0 -1 -1 0 -1 0 -1 1 0 -1 0 -1 1 1 0 0 1 0 0 1 0 -3 0 0 -1 1 -1 0 2 1 0 1 0 -1 0 -1 1 2 1 1 0 -1 1 1 0 0 -2 1 0 0 1 -2 0 0 0 5 -1 0 1 1 1 1 -1 2 0 0 0 -1 -1 0 0 0 0 -1 0 2 0 -1 0 -1 0 0 1 0 -1 -2 0 0 0 0 0 0 0 0 -1 0 1 -1 -1 0 -1 0 1 -1 1 1 -1 0 0 -1 0 22 0 0 -1 0 0 -1 0 0 1 0 1 0 1 -1 1 0 -2 1 0 -1 -1 0 1 1 0 0 1 0 -1 0 1 0 0 0 0 0 0 -1 1 0 0 0 -1 0 0 0 0 -1 -1 1 0 2 1 1 1 0 1 -2 0 0 0 -1 1 0 0 -1 -2 0 1 0 -1 0 -1 0 0 -1 0 -1 -1 -1 0 0 0 -1 1 0 0 0 0 0 0 0 1 0 1 0 0 0 0 -2 0 1
0 -1 0 0 0 0 -1 1 0 0 1 0 1 0 0 0 -1 0 0 1 -1 -1 0 0 1 0 1 -1 -1 0 0 0 1 1 0 -1 0 0 -1 0 -1 0 0 -1 0 1 0 0 0 1 0 0 0 0 1 0 0 0 3 0 0 0 0 0 -1 2 1 -1 0 1 1 -2 1 1 0 0 -1 -1 0 0 0 0 0 1 0 -2 0 1 1 0 -1 0 0 0 0 0 0 1 -1 0 -1 0 0 0 0 0 -2 1 -1 0 0 0 -1 0 -1 0 0 0 1 0 0 0 0 0 0 -1 0 -1 -2 -2 1 -1 0 0 0 1 1 0 0 0 0 -1 1 0 1 1 0 0 1 1 1 2 -2 1 -1 1 -1 0 1 0 -1 1 0 0 1 0 0 0 0 0 0 0 1 0 1 0 1 0 0 -1 1 1 -1 0 0 2 0 -1 2 0 1 0 1 0 -1 0 0 0 -2 -1 0 1 0 1 0 -1 -1 0 0 0 0 -1 0 1 0 -1 0 0 0 1 0 0 0 2 0 0 0 0 0 0 -1 0 -1 0 0 0 1 -1 0 -2 0 0 -1 0 2 1 1 -1 1 0 0 -1 0 -1 -1 2 -1 0 0 0 1 -1 -1 0 0 1 -2 0 0 0 0 0 3 0 1 0 0 -1 0 0 1 0 0 1 0 0 -1 -1 0 0 1 0 0 0 1 -1 1 0 0 -1 0 0 0 -1 0 1 0 0 12 0 0 0 0 -1 0 0 0 0 -1 0 -1 -1 2 0 0 0 1 0 0 -1 -1 -1 0 0 -1 1 0 0 1 -1 -1 2 0 1 0 0 0 0 0 0 0 1 0 0 0 0 -1 1 0 1 -1 0 -1 -1 0 -2 0 0 -1 0 0 0 0 0 0 0 0 -2 0 0 1 1 0 -1 0 0 0 0 0 0 0 0 0 0 0 1 0 1 1 0 0 0 0 0 0 -1 1 1 0 0
0 0 0 1 0 -2 0 0 1 1 0 -1 -1 -2 -1 -2 1 1 1 1 1 -1 1 -1 0 -1 0 0 -1 0 -1 -1 0 1 -1 1 1 -1 2 -2 -1 -1 1 1 1 1 2 0 1 0 1 0 -1 0 1 0 0 1 0 0 1 0 -1 0 0 -1 -1 -1 0 0 0 0 3 -1 0 0 1 0 1 0 1 -1 -2 1 0 0 0 0 0 0 -2 -1 0 0 -1 1 0 1 0 0 1 1 0 0 0 0 0 2 -1 0 -1 0 -1 1 0 1 1 -1 -1 0 1 0 1 1 0 0 -1 0 0 1 -1 1 0 0 3 0 0 -1 0 0 -1 0 -1 1 0 -1 -1 0 2 0 0 1 0 0 0 -1 -1 0 0 -1 1 -1 -2 1 1 0 0 0 0 1 -1 1 0 0 -1 1 1 0 0 0 1 0 1 0 1 0 0 0 0 0 0 -2 1 0 -1 0 0 0 -1 0 0 -1 2 2 1 0 0 -1 1 -1 -2 1 -2 -1 0 2 -1 1 1 2 0 0 -1 0 0 0 0 1 1 -1 1 0 0 0 1 0 -2 -2 -2 0 0 -1 0 0 0 -1 0 0 0 1 1 0 0 0 -2 0 0 1 0 1 -1 0 0 0 0 -1 -1 1 0 0 -1 -1 0 0 0 -1 0 -1 1 -1 1 -1 -2 0 0 1 -1 1 0 1 -2 0 -1 0 0 -1 -1 -1 0 0 0 0 -1 0 1 0 0 0 0 20 0 0 0 -1 1 0 0 0 0 -2 0 -1 -1 0 2 -2 2 1 0 0 0 -1 1 1 -1 -2 1 0 1 -2 0 0 0 1 0 1 0 1 0 -1 1 1 -1 0 -1 0 3 -1 0 -1 -1 0 -1 -1 0 0 -1 1 -1 -1 0 0 1 1 0 1 -1 0 -2 -1 0 1 0 0 -1 0 1 2 0 0 0 -1 -2 0 -1 0 0 0 0 1 1 1 0 0 0 -1 1 0 0 -1
1 1 1 -1 0 0 1 1 0 1 0 -1 0 1 0 1 0 0 0 -1 0 0 -2 0 0 1 0 0 1 0 0 0 -1 0 0 0 0 0 1 1 0 1 0 1 -1 -1 1 0 0 0 -2 0 -1 1 -1 -1 0 -1 0 0 1 0 0 2 0 -1 1 1 0 0 0 0 0 1 0 0 1 0 0 0 0 0 0 1 0 -1 0 0 0 0 1 0 -3 0 0 0 -1 0 0 1 0 0 0 0 0 1 0 -1 -2 -1 2 -1 0 0 0 0 0 1 0 1 -1 -1 0 0 0 0 0 1 0 0 -1 0 0 0 0 0 0 0 0 0 0 -1 1 3 0 1 -2 0 -1 0 0 0 1 1 1 0 1 4 0 0 0 0 -1 0 0 0 1 0 0 3 -1 0 0 0 -1 1 2 1 0 2 2 0 0 -1 0 -1 0 0 0 1 0 -2 1 0 0 0 0 -1 0 2 0 0 0 0 -2 1 -1 0 2 0 3 -2 0 0 0 0 0 -1 0 1 1 0 0 0 0 0 0 0 0 0 0 1 0 1 1 -1 0 1 1 1 -1 0 0 0 0 -1 1 1 1 -1 1 2 1 0 -1 1 -2 -1 0 1 0 -1 0 0 -1 1 1 0 -1 1 -1 -1 -1 1 0 -1 0 0 -2 1 0 -1 1 0 0 2 4 -1 0 0 0 0 0 -1 0 1 1 1 -1 1 0 0 -2 0 -1 0 0 -1 0 0 19 0 0 -1 1 0 0 0 -2 0 0 -1 1 1 0 -1 0 2 0 0 2 0 -1 -1 0 0 0 -2 0 1 0 0 -1 1 0 0 1 -1 -1 -1 0 1 0 0 -1 2 1 -1 3 0 0 0 0 0 0 0 0 0 0 0 0 0 -1 0 1 0 0 0 -1 0 0 -1 1 0 0 0 1 0 0 0 1 1 0 -1 1 0 0 0 -2 0 0 0 0 0 0 1 0 0 0 0
1 0 0 0 0 0 0 0 0 2 0 -2 -1 0 0 1 0 1 1 1 0 1 1 0 1 1 -1 1 0 1 2 0 1 -1 0 2 -1 1 0 0 0 1 1 1 1 0 0 0 0 1 0 1 0 1 1 -1 0 1 0 0 1 1 1 0 0 -1 0 1 0 1 -1 0 0 -1 0 1 -2 1 1 0 0 0 -3 -1 0 0 0 0 0 0 -1 0 0 -1 0 0 -1 0 0 0 -1 0 0 1 -1 0 -1 0 1 0 0 -1 0 0 -1 0 -3 0 1 -1 0 0 0 0 0 0 0 2 1 -1 -1 1 1 2 0 0 0 0 1 -1 -1 1 1 -1 0 1 -1 0 -1 0 0 0 1 1 1 0 0 1 -1 -2 -1 1 0 0 0 0 -1 -1 1 0 2 -1 -1 3 1 0 1 0 1 4 0 0 -1 -1 -2 1 0 0 0 0 0 1 0 0 1 2 1 0 1 0 1 -1 1 -1 0 0 0 0 0 -1 0 0 -1 1 0 1 0 0 0 1 -2 1 0 1 2 0 0 0 0 0 0 -1 0 -1 0 1 -1 0 1 0 -2 2 1 1 0 1 0 2 1 0 1 -1 0 -1 0 0 0 0 -2 0 0 0 -2 0 0 1 0 1 0 1 1 0 0 0 -2 -1 2 1 -2 1 -1 1 0 0 0 0 2 1 0 0 0 0 1 1 0 -1 -1 0 0 0 0 0 0 1 0 0 0 0 0 0 0 21 0 1 0 0 0 1 1 -1 1 1 0 0 0 -1 1 0 -1 -1 -2 -1 1 -1 0 1 0 2 -1 0 0 1 0 1 1 1 1 1 0 -1 1 1 0 0 0 0 -1 -2 1 0 0 0 0 -1 1 0 1 1 0 0 0 -1 -1 0 0 0 2 0 0 1 0 0 0 0 0 1 0 0 0 0 1 1 1 0 0 0 -1 0 -1 0 0 -1 1 0 0 0 0 1 -2 0
2 0 1 0 0 1 0 -1 0 0 1 0 1 0 0 0 0 0 0 0 -1 0 -1 0 0 1 1 1 -2 0 0 1 0 1 0 1 0 0 -1 0 0 0 0 0 0 1 -1 1 0 1 2 0 1 -1 0 0 0 0 0 0 1 0 2 0 0 2 1 0 1 -1 -1 0 1 0 0 0 2 0 0 0 1 -1 0 1 1 1 0 0 2 0 0 0 1 1 0 -1 0 0 0 -2 0 -1 2 0 0 1 1 0 2 0 0 -1 0 0 1 0 0 0 0 -1 0 -1 0 1 -1 0 1 0 0 1 1 0 0 1 0 -1 0 0 -1 -1 1 0 0 0 1 0 0 0 0 0 -1 -1 1 -1 1 0 0 0 -1 -1 0 0 -1 1 -1 0 1 0 0 0 0 0 -1 0 1 0 0 0 1 1 0 0 0 1 0 1 1 0 0 -1 0 0 1 -1 0 -1 1 0 -1 0 0 1 0 2 0 0 0 0 2 0 1 0 1 0 0 0 0 0 -1 0 0 0 0 2 1 0 0 0 -1 0 0 0 2 0 1 1 -1 1 -1 -1 0 1 0 0 0 -2 0 -1 0 -1 2 0 0 0 2 1 0 -1 0 0 0 0 1 0 0 2 -1 0 -1 1 0 1 3 1 0 0 0 1 -1 0 0 1 0 0 0 0 0 0 0 0 0 0 0 1 -1 1 0 -1 0 0 0 0 0 1 1 0 0 0 0 0 0 0 15 0 0 1 0 0 1 2 -1 0 -1 1 0 0 0 1 0 0 -1 0 0 1 0 0 1 0 -1 1 1 1 -1 0 0 0 1 -1 0 -1 0 1 1 1 2 1 0 1 0 -2 2 0 0 2 1 0 0 1 0 0 0 0 -1 0 1 1 0 0 1 0 -1 -2 0 0 0 -1 0 0 1 0 0 0 -1 0 0 0 -1 0 -1 0 0 0 0 0 0 0 0 0 0 1
0 0 0 0 0 0 1 0 -1 0 -1 1 1 -1 0 2 1 -2 0 1 0 0 2 -1 1 0 -1 0 0 -1 0 0 1 0 0 0 0 -1 0 -1 -1 0 1 0 -1 0 -1 0 -1 -1 0 2 0 0 0 0 0 0 0 0 0 1 0 -2 0 -1 -1 1 0 0 -1 0 -1 1 0 0 0 1 -1 0 0 1 0 -1 -1 0 0 0 -1 1 0 0 0 0 0 0 1 0 -1 -1 -1 1 0 0 0 -1 0 -1 1 0 0 1 -1 1 0 1 0 0 0 -1 1 -1 0 0 0 0 -1 1 0 -2 0 -1 0 1 0 0 0 0 0 0 -1 1 0 1 0 -1 0 0 1 -1 1 0 0 0 1 -1 -1 0 0 0 0 0 -1 0 1 0 1 0 -1 1 0 0 -2 1 1 0 -1 0 -1 4 0 -1 0 0 -1 0 -1 0 -1 0 0 -1 1 0 1 0 1 0 -1 0 0 0 1 -2 0 0 0 0 0 2 -1 1 0 0 0 0 0 1 0 -1 0 -1 -1 0 0 1 0 0 0 1 1 0 0 0 0 1 -1 0 -1 3 0 1 2 1 1 3 0 1 1 0 1 0 -1 0 1 1 0 0 0 -1 0 1 0 0 0 0 0 -2 0 2 -1 0 2 0 0 -1 0 -1 0 0 0 0 -1 1 0 0 1 0 0 0 0 1 0 0 1 1 -1 0 0 -1 0 0 0 1 1 1 -2 -1 -1 -1 -1 1 0 17 1 1 0 0 0 -1 -1 -1 -1 0 0 -2 -1 1 0 -1 -3 1 -1 0 0 3 0 1 1 1 1 -1 0 0 -1 0 0 0 0 0 0 -1 3 0 0 1 0 0 1 0 2 2 -2 1 0 0 0 -1 1 0 0 0 0 0 0 -1 2 1 0 0 -3 -1 0 1 0 0 0 1 0 -1 1 0 0 0 -1 0 -2 0 0 -1 -1 0 0 -1 0 0 0 1 0 0
0 0 0 0 0 0 0 0 1 -1 0 0 0 -1 0 0 0 0 0 0 0 0 2 -1 0 -1 0 0 0 0 0 -1 1 0 0 0 0 1 0 0 0 0 -1 0 0 1 1 0 0 -1 1 0 -1 0 -1 0 0 -1 0 -1 0 0 0 1 0 0 1 0 0 0 1 0 0 0 0 0 0 -1 1 0 1 1 0 0 0 0 0 0 0 2 0 -1 0 -2 0 0 2 1 -2 0 -1 1 -1 -1 0 0 0 0 0 -1 -1 1 0 0 1 2 0 0 0 1 -2 0 1 0 0 0 -1 1 0 -1 0 1 0 -1 1 -1 -1 0 0 0 -1 0 1 0 0 -1 0 1 1 0 0 0 0 1 -1 -1 -1 -1 -1 0 0 0 -1 0 0 0 1 0 0 1 -1 0 0 0 0 0 1 0 0 0 0 0 -1 0 0 0 1 0 0 1 -1 0 -1 0 0 0 1 0 0 0 0 0 0 0 0 2 0 -1 0 0 -1 0 0 0 0 0 0 0 0 0 0 0 0 0 0 0 0 1 0 0 0 0 0 0 0 0 0 0 -1 -1 0 0 0 2 0 2 0 0 0 0 1 -1 1 2 0 0 0 0 1 0 0 0 0 0 0 0 0 0 0 0 0 0 0 0 0 -1 0 -1 2 0 0 -1 0 0 0 0 0 0 0 0 0 0 0 -1 1 0 0 0 0 0 0 0 -1 0 0 1 1 0 0 1 1 0 0 1 10 -2 0 1 0 0 0 -1 0 0 0 -2 0 1 0 0 0 0 0 0 0 0 0 0 0 -1 0 0 0 0 0 0 -1 0 1 0 0 0 0 -1 0 0 0 0 1 0 0 1 0 0 0 0 0 0 1 0 1 -1 0 1 0 0 0 0 0 0 0 0 0 1 0 1 0 0 0 0 0 1 1 0 0 0 1 0 0 0 0 0 0 1 1 0 0 0 0 0
-1 0 0 0 -2 1 0 0 -1 0 -1 1 1 1 -1 0 -1 2 2 -1 0 1 0 0 -1 1 -1 -1 0 0 1 -2 0 -1 0 -1 1 0 -2 -3 0 0 1 0 0 0 0 -1 -1 2 0 0 1 0 -2 2 -1 1 -1 1 -2 -1 1 -1 1 1 0 0 -1 0 0 0 -1 0 0 1 0 2 0 1 -2 0 -1 -1 0 0 0 0 -1 1 -1 -1 0 2 1 0 2 -1 2 0 1 1 2 0 1 -2 1 0 1 1 3 1 0 0 1 -1 -1 1 -1 0 2 -2 -1 0 1 0 0 1 -1 -1 0 0 0 0 0 2 1 1 0 0 2 0 1 1 2 1 0 0 -1 0 1 0 0 1 -1 1 1 2 0 -1 -1 0 -1 1 0 -2 0 0 1 0 1 2 -2 0 0 0 -2 -1 -1 2 0 0 2 1 1 0 -1 1 0 1 -1 0 -1 0 0 0 -1 1 -2 0 0 0 1 -1 0 0 0 1 -2 -1 1 0 2 2 0 0 0 0 1 0 0 1 0 1 0 0 0 0 1 1 1 0 -1 0 -1 0 0 1 0 2 -1 1 2 -1 1 1 2 -1 0 0 0 1 -2 1 -1 1 -1 0 0 0 0 0 0 1 3 -1 0 0 3 -1 0 -1 1 0 -1 -1 0 0 0 1 -2 -1 0 0 0 0 2 0 1 0 2 0 -1 -1 -1 1 -1 0 0 2 0 1 0 0 0 1 -1 0 0 0 0 0 1 1 -2 26 0 -1 0 -1 0 2 -1 0 1 -2 -1 1 -1 0 1 0 -1 2 1 1 1 -1 1 0 0 0 1 -2 -1 1 0 0 0 0 0 0 0 -1 -1 0 0 -2 2 0 0 2 0 0 2 2 0 0 -1 0 -2 -1 0 -1 1 -1 0 1 1 0 0 -3 2 1 0 -1 0 0 1 1 -2 1 1 1 0 1 0 -1 0 -1 -1 -1 1 -2 1 1 0 0 -1 1
-1 0 0 0 0 0 0 0 0 -1 0 0 0 0 0 0 1 0 -1 1 0 -1 1 0 1 1 0 0 0 -1 0 -1 1 0 -1 0 0 0 -1 0 0 0 0 0 2 1 0 0 0 0 1 0 0 0 0 0 1 0 0 1 -1 0 0 1 0 1 0 2 0 -1 -1 -1 0 0 0 0 0 0 0 1 1 2 0 1 0 0 1 0 0 -1 1 0 0 -1 0 0 0 0 1 -1 0 -1 0 1 1 0 0 0 0 2 0 -1 1 0 1 1 0 0 0 0 -1 1 0 -1 0 0 0 1 0 0 0 -1 -1 0 0 0 1 1 0 0 -1 -1 0 -1 0 0 0 0 0 0 -1 0 0 0 0 0 1 0 1 1 0 1 2 0 1 1 -1 0 0 0 1 -2 0 0 0 -1 1 0 0 -1 0 0 0 0 0 0 0 1 0 0 1 0 0 0 0 0 0 0 0 0 1 0 0 -1 1 1 1 -2 0 1 -1 0 1 2 0 2 -1 0 -1 0 1 0 0 0 0 1 0 0 0 1 -2 0 -1 0 -2 0 0 0 2 1 1 0 -2 0 0 0 0 0 -1 0 2 0 0 -2 1 0 0 1 1 1 -1 0 -2 1 2 0 0 0 1 0 0 1 0 1 0 0 0 2 1 0 0 -1 0 0 -1 1 2 0 0 1 1 1 0 1 1 0 2 -1 -1 0 -1 0 0 0 -1 0 0 1 0 0 0 0 0 0 0 0 14 -1 1 0 -1 2 0 0 0 -1 0 1 -1 0 -1 -1 -2 1 0 -1 -2 0 1 -1 1 0 0 0 -1 0 0 0 1 0 0 1 1 0 0 0 0 0 0 0 0 0 0 1 1 0 1 0 0 0 0 -1 0 1 0 0 2 -1 -1 1 -1 1 0 0 -1 0 0 0 1 0 0 -1 0 0 0 0 0 0 0 0 0 -1 0 0 0 1 -1 0 0 1
1 0 1 -1 -1 1 -1 0 0 1 0 1 0 1 2 1 1 0 0 0 0 2 0 1 1 1 0 0 -1 1 0 2 0 -1 1 1 0 0 -1 0 1 1 0 0 1 0 0 -1 0 0 0 0 0 -1 2 0 0 0 0 0 0 1 0 -1 1 0 -1 0 1 0 1 0 1 0 2 0 1 0 0 0 0 0 -1 0 0 -1 -1 0 1 0 0 0 0 -1 0 0 2 1 0 0 1 0 1 0 -1 1 1 1 1 -1 0 0 1 0 2 1 -1 0 0 0 0 0 0 0 0 2 0 0 2 0 0 0 1 0 -1 0 -1 -1 2 1 -1 -1 0 -1 -1 0 0 0 0 -1 0 0 0 0 0 1 0 1 0 0 1 -1 0 0 -1 0 1 1 0 0 -1 0 -2 0 -1 1 1 1 1 -1 0 0 0 0 0 0 0 -1 1 0 1 1 0 -1 0 1 1 1 2 0 1 0 0 1 0 1 1 0 0 1 0 -1 -2 -1 0 -1 0 0 0 0 0 0 0 0 0 0 0 0 1 -1 1 0 0 0 -1 0 0 0 0 -1 0 0 0 0 0 0 0 1 -1 0 1 -1 1 2 0 0 0 -1 1 0 0 1 2 0 0 3 0 0 0 1 0 0 0 0 1 1 0 0 0 0 1 0 1 0 1 0 1 1 0 0 2 0 0 0 1 1 0 2 0 0 0 -1 1 0 0 0 0 0 0 0 0 1 0 0 1 -1 -1 14 1 -1 0 0 2 0 1 0 0 0 0 0 0 -1 2 1 0 1 0 0 0 1 0 0 1 -1 1 0 1 1 0 0 1 -1 1 0 1 0 1 0 -1 0 0 1 0 -1 1 0 0 0 1 0 0 -2 0 0 0 0 0 0 1 0 -1 0 0 0 0 0 0 0 0 0 1 0 1 0 0 0 0 1 0 0 -2 0 0 0 1 2 -1 -1 1 -1
0 2 -1 0 0 0 1 1 1 -1 2 -1 0 0 0 2 1 2 2 0 -2 -2 1 3 1 -2 2 0 2 0 -1 0 -2 1 2 2 -1 1 2 -1 -1 2 -1 0 0 1 -1 0 0 0 1 0 0 -2 0 2 0 0 -1 -1 -1 0 1 5 -3 -1 0 0 2 0 1 1 0 0 -2 1 0 -1 0 0 -3 0 0 -1 1 0 1 -1 0 0 1 1 0 -1 0 0 -1 0 1 0 1 -1 0 0 1 -3 0 0 1 1 0 3 0 1 2 -1 1 0 4 -1 1 0 0 1 -2 -1 0 2 0 0 0 0 0 2 -1 -1 1 0 1 2 -1 2 0 0 -1 2 1 2 1 -1 1 1 1 -2 0 1 1 1 1 -1 0 2 1 2 -1 1 -1 1 0 0 -1 1 0 2 0 1 -1 0 1 0 0 0 0 0 0 0 1 1 0 0 0 0 0 -1 0 -1 -1 0 1 0 0 -1 0 -1 1 -2 -1 -1 1 1 -1 1 0 1 -1 5 1 -2 0 -1 1 0 0 1 2 1 1 0 -3 0 -1 1 1 1 0 0 0 3 2 0 2 0 0 0 0 -3 0 0 3 1 1 0 0 -1 0 0 1 0 -1 -1 -2 1 -1 1 -1 0 1 1 0 0 1 2 0 -1 1 2 -1 1 0 1 1 1 -1 1 -2 0 -2 3 0 2 0 1 0 0 0 -3 -1 1 0 0 1 -1 0 1 0 0 0 1 -1 0 -2 1 1 0 0 0 1 1 30 0 3 1 1 -2 0 2 -1 2 1 1 -1 1 -1 0 0 -1 1 2 -2 1 2 -1 0 4 1 3 0 -1 -1 0 1 -1 0 0 0 0 -1 0 -1 1 1 1 -1 2 0 1 0 0 1 -2 0 0 0 1 1 2 1 0 1 0 1 -1 0 1 0 0 -1 0 0 1 -1 0 -1 0 -2 0 2 0 2 1 0 1 0 3 0 2 0 -3 0 0
0 0 1 2 0 1 0 0 1 0 1 0 0 2 -2 0 -2 0 1 0 2 2 0 0 -1 3 0 0 0 -1 2 -1 0 -1 0 0 2 0 1 2 -1 1 -1 -1 0 1 0 -1 0 0 2 -1 0 0 0 0 -1 1 0 0 0 -1 2 1 0 2 -2 0 -1 1 1 1 1 -1 -1 0 1 1 -2 0 1 1 0 0 0 0 1 0 2 -1 0 0 -1 1 1 2 -1 0 0 -1 0 3 0 1 0 0 -1 0 0 1 -2 1 -1 0 1 -1 0 -1 -1 2 -1 0 0 0 0 0 2 -1 0 1 0 1 0 0 -1 0 0 0 1 0 0 0 -1 1 0 0 0 0 0 0 0 0 1 -1 2 1 0 0 -1 1 1 0 2 1 1 -1 1 0 2 0 -1 2 0 0 0 0 -1 0 3 1 0 0 0 0 0 0 1 0 0 0 0 0 0 2 0 0 1 0 0 1 0 0 2 0 -1 -1 0 0 0 1 1 0 2 0 1 0 1 0 -1 -1 1 0 0 0 0 1 1 0 -1 1 0 2 1 2 0 1 0 2 0 0 0 0 0 3 0 0 0 2 2 0 0 0 0 0 1 1 1 2 2 -1 -1 -1 1 1 -1 1 0 -1 0 0 -1 0 0 0 3 0 -1 2 1 0 2 2 1 0 0 0 0 0 0 0 0 0 1 1 0 -1 0 0 1 -1 -1 0 0 1 -1 -1 1 0 0 -2 0 -1 2 -1 0 -1 0 -1 0 20 -1 0 0 0 1 1 1 0 0 -1 2 0 2 -1 0 2 -1 0 1 0 -1 -1 0 0 0 -1 3 -1 0 -1 -1 0 0 3 1 3 0 1 -1 0 1 0 0 0 1 -1 0 0 0 0 -2 1 -1 0 0 1 0 0 1 2 1 0 -1 1 0 -1 0 1 0 -1 0 -1 -1 1 0 0 1 -1 0 0 1 0 0 0 0 0 1 0 -2 -1
0 0 -1 0 0 0 1 2 -2 1 1 1 0 0 2 0 -1 1 -1 -1 -1 1 2 2 -1 -1 0 0 0 0 0 0 -1 -1 0 1 -1 0 0 0 1 0 2 0 1 -1 0 0 1 0 -1 1 0 0 0 0 2 0 -1 1 0 0 0 1 -1 0 0 0 1 1 2 0 0 0 1 0 0 1 0 -1 0 1 -1 -2 -1 1 0 0 -2 0 0 0 0 2 0 0 -1 0 1 0 1 0 -2 0 -2 0 -1 0 0 1 -1 1 0 -1 -1 0 1 0 1 0 -1 -2 0 1 1 -1 0 -1 2 2 2 0 0 1 0 0 0 0 0 0 0 1 0 0 -1 0 -1 1 0 1 -1 0 -2 0 1 0 2 0 -1 -2 0 1 1 0 0 1 -1 1 0 1 0 1 -1 0 1 2 1 0 0 2 0 0 0 0 1 0 1 1 1 2 1 -1 1 1 -1 1 0 0 1 0 -2 -1 1 0 -1 0 0 1 1 1 -1 0 0 0 0 0 0 -2 0 0 -1 0 0 -1 1 -1 1 0 0 -1 1 0 0 0 1 2 0 1 2 2 0 1 -1 1 0 -1 0 1 1 -1 -1 1 0 0 0 1 0 1 0 0 -2 0 0 -1 2 -1 1 1 0 0 0 1 0 0 -1 0 -1 -1 0 1 0 0 1 -1 0 -1 0 1 0 -1 -1 0 1 -1 -1 0 3 0 1 0 1 1 -1 2 0 0 -1 1 -1 0 0 1 -1 -1 0 0 -1 0 3 -1 19 0 1 -2 0 1 -1 0 1 0 0 0 0 0 0 1 2 0 0 0 2 0 0 1 3 -2 0 1 0 0 0 -1 -1 -1 1 0 0 2 0 0 -1 0 2 -1 1 1 0 1 0 -1 1 0 0 1 0 0 0 -1 0 0 1 0 0 -1 1 0 0 0 0 0 0 -1 0 0 0 1 0 2 2 0 0 2 1 0 1 0 0 0 0 -2
-1 0 0 0 0 0 0 1 1 0 0 -1 0 0 -1 0 1 0 0 0 0 2 0 0 0 0 0 1 -1 0 0 1 1 0 1 0 0 -1 0 1 0 1 0 0 1 0 0 -1 0 1 0 -1 0 1 -1 1 0 1 0 0 0 0 0 2 -1 0 0 -1 -1 -1 1 0 0 0 1 0 0 -1 0 -1 2 1 -1 0 0 -1 0 -1 0 0 0 0 0 1 1 1 0 0 2 -1 0 -1 1 0 -3 -1 0 0 -2 2 3 0 1 0 1 -1 -1 0 0 0 0 0 0 -1 0 -1 0 1 1 -1 0 -1 1 1 -1 1 0 1 0 1 -1 1 0 -1 -1 1 0 0 -1 0 0 -2 1 0 -2 0 2 2 0 0 0 1 2 0 0 0 0 0 0 0 2 -1 -1 0 1 0 -1 -1 0 0 -2 0 0 -1 0 -1 -1 -1 1 0 1 2 0 -2 0 0 1 0 0 1 0 -1 -1 -2 0 0 0 0 0 -1 0 0 1 0 0 2 0 1 -1 0 3 1 0 -2 0 1 1 0 2 0 0 -1 0 0 0 -1 0 0 2 1 -1 1 0 3 0 0 1 2 -1 1 -1 0 0 1 0 -2 0 -1 1 0 1 -1 -1 1 0 0 0 3 1 0 0 0 0 0 0 2 0 1 3 0 -2 0 0 0 -1 1 1 0 -1 0 0 0 0 0 1 0 0 -1 0 3 0 0 0 0 1 1 1 -1 -1 -1 -1 1 0 -1 -1 2 2 0 1 0 0 18 -1 0 1 -1 0 0 1 -3 -1 -1 -1 0 0 -1 0 0 -3 0 -1 0 0 0 0 1 1 0 1 -1 -1 0 1 0 -1 0 1 2 0 0 1 0 0 1 0 1 1 0 0 0 0 2 -1 0 0 -1 -1 0 0 0 0 0 -1 1 1 0 1 -1 0 1 -1 1 -1 0 1 1 0 -1 0 0 0 -1 1 0 0 0 -1 0 0 0
0 2 1 0 0 0 -1 1 0 1 0 0 1 0 2 1 0 0 -1 0 -1 2 0 1 2 -1 2 0 0 0 2 1 1 -1 -1 1 -1 0 -1 1 -1 0 0 1 0 -1 0 -2 -1 1 0 1 -1 1 2 1 1 0 1 1 0 0 -1 -1 0 0 0 -1 0 -1 -1 0 0 0 0 -1 0 0 0 0 0 0 0 1 0 -1 0 0 0 0 2 -1 0 0 0 1 1 0 1 0 0 0 0 0 -1 0 1 1 1 0 0 2 0 -2 2 1 0 0 2 0 -1 0 0 0 0 1 1 0 -1 -1 0 0 0 0 0 1 1 0 1 0 0 0 0 0 0 0 -1 -1 0 -1 1 1 0 2 1 1 0 1 0 0 1 1 0 1 -1 0 -1 0 2 -2 0 -1 1 0 1 0 0 0 2 0 0 -1 -1 0 0 -1 -1 1 1 2 1 0 1 -1 0 0 -1 1 1 -1 0 0 0 0 0 0 -2 -2 1 0 0 0 0 0 1 0 -1 -3 2 0 0 1 1 0 0 2 0 0 -2 -1 -1 0 -2 -1 0 1 2 1 0 -1 0 1 0 0 2 0 0 0 1 -2 0 1 -1 1 0 1 -1 2 3 0 0 1 0 0 1 1 0 -1 0 1 0 1 -1 1 -2 1 0 0 0 2 3 2 0 0 1 0 2 1 1 0 1 0 1 -2 1 -1 2 0 1 1 0 0 1 0 -2 -1 0 1 2 -1 1 0 -1 -1 0 -1 0 2 1 0 1 -1 21 1 -1 1 -2 0 1 1 0 0 1 0 -1 0 0 1 3 0 0 0 1 -1 1 0 0 0 -1 1 -1 0 -1 -1 0 1 -1 1 1 0 0 2 0 0 0 0 0 -2 -1 -1 1 0 1 0 1 0 0 1 -1 -1 0 2 1 -1 0 -1 -1 1 0 0 0 0 1 0 -1 0 1 0 0 1 -2 0 0 0 0 2 0 0 2 -2
1 0 0 0 0 0 0 0 0 -1 0 1 1 0 -1 -1 0 -1 0 0 0 2 0 0 -1 0 1 1 0 0 0 0 -1 0 0 1 0 0 0 1 0 0 1 -1 0 2 0 0 -1 0 0 1 0 1 0 0 0 0 1 1 0 1 1 0 1 1 0 0 -1 -1 0 0 0 0 0 0 1 0 0 0 1 0 0 1 0 0 0 0 0 0 1 -1 1 0 0 1 0 0 0 -1 0 -1 1 0 0 0 2 0 0 0 0 1 1 0 1 0 -1 1 -1 0 1 -2 0 -1 0 1 0 0 0 2 0 0 0 0 1 1 2 0 -1 0 0 0 0 0 0 0 0 -1 0 0 0 0 0 1 0 0 0 0 0 -1 1 -1 1 0 0 0 0 -1 1 -1 0 0 0 0 -1 0 0 0 -1 0 1 -1 0 0 0 0 0 0 0 0 1 1 -1 0 0 0 1 -1 1 1 0 1 0 0 0 0 1 1 1 -1 1 0 1 0 0 0 -1 0 1 0 0 1 1 1 1 2 0 0 0 1 0 0 -1 0 1 0 1 -1 0 0 0 0 0 2 1 2 -2 -1 -1 0 -2 0 1 0 0 0 0 0 0 1 1 0 1 2 1 0 0 0 0 0 0 0 1 1 -1 0 2 0 -1 0 1 0 1 0 1 1 2 -2 0 0 0 0 0 0 0 1 0 0 0 0 -1 0 1 0 0 -1 0 0 0 0 1 0 1 0 0 0 0 0 -2 0 -2 0 1 11 0 0 0 0 0 0 0 0 0 0 0 0 1 1 1 -1 0 1 -1 0 0 -1 -1 0 0 -1 0 0 1 0 0 0 -1 1 0 0 1 2 0 1 1 2 0 0 0 1 1 0 1 -1 -1 0 0 0 0 0 0 0 0 1 -1 0 0 1 0 0 0 0 0 0 0 0 0 -1 -1 -1 0 1 -1 0 0 0 0 1 0 0
1 -1 0 1 1 -1 -1 0 0 1 0 0 0 1 0 -1 1 0 1 1 0 0 0 0 0 0 0 -1 1 -1 -1 -1 0 0 0 0 3 1 -1 -1 0 1 1 0 0 -1 0 0 1 0 0 0 0 -1 0 0 0 0 -1 0 0 0 0 0 0 0 -1 0 0 1 1 0 1 -1 1 1 2 0 -1 0 1 0 -1 0 0 0 0 0 0 0 -2 2 0 1 0 0 2 0 0 0 -1 0 -1 0 0 -1 -1 0 1 0 0 -1 0 1 0 0 0 0 0 0 0 0 1 0 0 1 0 1 0 -1 1 0 0 0 1 2 1 0 0 0 0 -1 0 -1 0 1 0 2 1 0 0 0 0 0 0 0 0 0 1 0 0 0 0 -1 0 1 0 2 0 0 1 2 -1 -1 0 0 -1 0 0 -1 0 -1 0 0 0 0 0 0 1 0 0 -1 0 0 0 1 0 0 1 0 0 0 0 -1 1 0 0 1 0 1 0 1 0 0 0 -1 0 -1 0 4 1 0 0 0 0 0 1 0 1 0 0 1 -1 -1 1 -1 0 0 0 0 -1 0 1 1 -1 0 0 0 0 1 0 -1 0 1 0 0 0 0 2 0 0 0 0 0 0 0 0 2 0 0 1 -2 1 0 1 -2 0 0 1 1 2 1 1 0 0 0 0 0 0 0 2 0 -1 0 -1 1 -1 0 0 0 0 -1 0 1 -1 0 -1 -2 0 2 0 0 0 0 0 1 0 1 0 1 0 1 -1 0 12 1 0 1 0 0 1 0 0 0 0 0 -1 0 1 0 0 0 0 0 0 2 0 1 0 0 1 0 1 0 0 0 1 -1 3 0 0 0 -1 0 0 0 0 0 0 1 0 0 0 0 1 1 0 0 0 0 0 0 0 0 1 0 0 0 0 0 0 0 1 0 -1 0 0 0 0 0 1 0 0 1 0 0 -1 0 -1 0
-2 0 1 0 0 0 -1 -1 1 0 2 0 0 0 1 0 0 -2 0 2 -1 1 -3 2 0 0 1 0 0 0 -2 2 -1 0 0 2 2 0 1 0 1 0 -1 0 1 -1 -1 0 -1 1 0 1 1 0 0 0 1 1 1 0 0 0 0 1 1 -1 1 -1 -1 -2 2 0 -1 0 -1 -1 1 0 -1 0 0 0 1 -1 2 1 1 0 1 0 0 0 0 2 0 -1 0 -1 -1 1 0 0 -1 0 -2 0 0 0 0 0 0 0 -1 -2 -1 -1 -1 0 1 -1 -1 1 -1 -1 0 0 0 0 2 1 1 2 2 0 -4 0 -2 0 0 0 1 -1 0 -2 0 0 0 -1 0 0 -2 0 0 0 -1 -1 2 1 1 -2 0 -2 0 1 1 1 0 0 0 0 0 3 0 1 0 -1 -2 -1 1 2 0 -1 -1 1 1 0 0 -2 0 0 -1 0 1 0 1 -1 -2 0 1 0 0 0 1 -1 -1 1 -1 -1 1 2 3 0 1 0 -1 0 -1 0 0 0 -2 -2 1 0 0 -1 0 1 -1 0 -1 1 0 0 1 0 0 0 0 0 0 -1 0 -2 1 -2 0 0 0 0 -2 -3 2 2 -1 -1 -1 -1 2 0 0 -1 3 1 -1 0 -2 1 -2 -1 0 1 -1 -1 0 2 0 0 -1 1 3 -1 -1 -1 1 0 1 0 -1 0 1 0 1 -1 2 0 0 -1 -1 0 0 1 1 1 0 -1 -1 1 0 -2 -1 -1 0 -2 -2 -2 -1 0 2 1 1 -1 1 0 1 28 -1 -1 0 -2 0 -1 0 2 0 1 1 2 -1 0 0 0 0 0 -1 -2 0 0 0 0 0 -1 -1 -1 0 -1 1 -2 1 1 1 1 1 -1 1 -1 0 -1 -1 0 0 -1 1 -2 2 0 0 0 2 0 1 2 0 0 1 -1 0 0 1 0 1 0 -1 1 2 0 -1 0 -1 -1 0 2 1 4 0 0 1 0 0 0
1 0 0 1 0 0 0 1 0 0 0 -2 0 0 1 1 -2 2 1 -1 0 -1 1 0 -4 2 0 1 -1 -1 1 0 2 1 1 0 1 -1 0 0 1 -1 0 0 0 0 0 1 0 -1 1 1 0 0 1 0 -1 0 1 -2 -1 0 0 0 0 1 0 0 1 -1 0 -1 1 -1 0 0 0 -1 0 0 0 0 0 0 0 0 -1 0 0 1 0 0 1 0 -2 0 -1 0 1 -1 1 1 0 -1 1 0 -1 2 -1 1 0 -2 0 0 0 -1 1 0 -1 1 0 0 1 1 0 0 0 0 -1 -1 0 2 -1 0 2 0 0 0 1 -1 0 0 0 2 1 -1 0 1 0 0 1 0 0 1 3 -1 0 0 0 0 -1 0 0 -1 2 0 -1 0 -1 2 -1 1 0 0 0 1 1 0 0 0 0 0 -1 -1 0 0 1 -1 0 0 0 -1 0 0 0 1 1 0 0 2 0 0 4 0 0 1 0 0 0 0 -1 0 0 0 1 2 0 2 -2 0 1 0 0 0 0 0 0 0 1 1 0 0 2 0 0 -1 0 0 -1 0 -1 -1 0 0 0 0 0 0 1 0 0 1 0 0 0 0 1 1 0 0 1 -1 2 2 0 2 1 -1 0 2 -1 0 -1 0 0 0 0 0 1 0 0 0 1 1 -1 0 1 0 0 0 0 0 1 1 2 -2 -1 -1 1 0 0 2 0 0 2 0 1 0 1 2 0 1 0 -1 0 -1 0 0 -1 1 -1 0 -2 0 0 -1 18 1 0 0 0 -1 0 -1 0 -1 1 0 0 0 -1 1 0 0 0 0 2 0 1 0 0 0 1 0 1 0 1 1 0 1 0 0 0 -1 1 0 0 2 -2 -1 0 0 -1 0 0 1 0 -1 0 2 1 0 0 0 1 -1 0 2 0 -1 0 1 0 1 -1 0 0 1 0 0 0 1 0 -1 2 0 2 1 0 1
0 0 0 0 0 1 0 1 1 1 -1 -1 0 0 0 0 0 0 1 1 1 1 1 0 2 2 0 1 1 -1 0 -2 0 2 0 1 0 -1 0 -3 -1 1 0 0 1 2 -1 2 1 1 1 -1 -1 0 -1 0 0 0 0 0 -2 2 -1 0 0 -1 -1 3 -1 0 0 1 0 1 0 0 0 0 -1 1 3 -2 -1 0 0 -2 0 0 1 2 0 0 -1 1 -2 0 0 -1 0 -1 0 0 0 0 1 -2 0 -2 0 0 0 1 1 -1 1 0 1 1 2 0 -1 -3 0 0 0 0 0 1 -1 0 1 0 -1 0 0 0 0 1 0 0 -1 -2 -1 -1 0 0 -1 2 2 0 2 0 0 0 1 -1 -1 0 0 -1 0 1 0 2 0 0 0 0 0 0 0 0 0 0 1 -1 1 2 0 1 1 0 0 -1 0 0 3 1 0 0 1 0 0 -1 0 0 0 0 0 0 2 0 1 1 0 0 -1 0 -2 0 -1 1 3 0 0 2 0 0 0 2 0 -1 1 0 -1 0 1 -1 1 1 0 1 -1 2 0 0 0 0 1 0 2 0 2 2 0 -2 -1 0 0 1 -1 -2 0 0 0 1 1 0 0 1 0 -1 -1 0 -1 0 1 0 0 1 0 0 1 0 -1 -1 0 0 0 0 0 0 1 1 -1 0 1 1 1 0 0 0 0 1 2 0 1 0 0 1 1 1 0 2 -1 2 1 -1 0 1 2 0 1 1 1 1 1 0 2 0 0 0 0 0 1 -1 1 20 0 0 1 1 0 0 0 2 0 1 0 2 2 1 0 1 -1 2 1 0 0 0 0 0 1 0 0 0 1 3 0 -1 1 1 -1 0 -2 1 0 -1 0 0 0 1 1 1 0 1 1 1 -1 0 1 2 0 -1 0 -1 3 1 1 0 0 0 0 1 1 0 1 1 0 0 0 -1 1 -1 0 0 1 0 1 -1
1 -1 -1 0 -1 0 0 0 1 1 1 0 0 0 -2 0 0 0 0 0 0 0 0 0 0 0 0 0 0 1 -1 0 0 1 1 -1 -1 2 1 0 0 2 0 0 0 -1 1 0 0 0 0 1 0 0 0 0 1 -2 0 0 0 -2 0 2 0 2 0 0 0 1 0 1 3 2 1 0 2 0 -1 0 -2 2 2 -1 1 -1 1 0 -1 2 0 0 1 3 0 0 0 0 -2 -1 -1 -1 -1 -1 -1 -1 0 0 0 1 0 0 -1 1 0 -2 3 -1 -1 1 -1 0 -1 1 0 0 0 1 1 -1 2 0 1 0 0 0 -1 3 0 2 -2 0 0 0 0 -1 0 0 -1 0 -1 0 0 0 0 2 0 0 0 1 0 3 0 0 0 0 1 1 0 0 -1 0 0 0 0 1 1 1 1 1 -1 0 0 0 0 1 -1 2 -1 0 -3 0 1 0 0 -1 -1 1 1 1 1 -1 1 0 1 2 0 0 0 0 0 1 1 -1 0 -1 0 0 -1 0 0 -1 1 0 -1 0 0 0 0 0 0 -1 1 1 1 0 0 0 2 1 0 1 -1 0 -2 0 0 -1 -2 0 0 0 0 1 -1 0 0 0 0 1 1 -1 0 -1 -2 0 0 0 -1 1 1 0 3 0 0 0 -1 1 1 1 1 2 0 1 -1 1 -1 1 0 -1 0 -1 0 0 2 1 1 0 0 1 0 1 1 1 0 0 -1 -1 0 0 0 -1 0 0 0 -1 -1 0 1 0 1 1 1 0 0 0 0 0 19 -1 1 0 0 0 0 0 1 -1 0 0 -2 0 0 0 0 -1 0 0 0 1 0 -1 0 0 0 0 -1 0 0 0 -1 -1 1 -1 0 0 -1 -1 0 0 0 0 0 -1 0 1 0 -2 0 0 1 0 0 -2 -2 1 -1 1 0 -1 0 1 0 0 0 0 0 1 0 1 0 2 0 1 0 0 0 0 -1 -1
0 0 -1 0 0 1 1 -1 0 0 0 0 -1 0 1 0 -1 1 -1 -2 0 0 0 0 -1 0 0 0 1 -1 0 0 0 -1 0 0 0 0 0 1 1 -2 0 1 0 0 0 0 1 -1 1 0 0 0 0 0 0 -1 -1 0 1 0 0 0 -1 0 1 -1 -1 1 -1 0 -1 0 0 0 0 0 1 0 0 0 -1 -1 0 0 0 -1 0 -1 0 2 0 -1 0 0 0 -1 1 1 0 1 -1 0 2 -1 -1 0 0 0 0 0 0 0 0 0 1 0 0 0 0 0 0 0 0 0 0 0 -1 0 0 0 -1 0 0 0 -3 0 0 0 0 0 0 0 1 0 2 0 0 1 0 0 0 0 1 0 0 -1 -1 0 0 0 0 0 0 1 0 0 0 -1 1 -1 1 0 -1 1 1 1 1 -1 0 -2 1 0 0 0 -1 1 0 0 0 -1 -2 1 0 -1 0 0 0 1 -1 0 -1 0 -2 0 0 1 -2 1 0 0 -1 0 0 2 0 -1 0 0 0 0 0 0 0 0 0 0 0 -1 0 0 0 -2 0 0 0 1 0 0 0 2 -1 -2 -2 0 0 -1 1 0 1 0 0 1 -1 0 0 0 1 -3 1 1 0 0 1 0 2 0 0 -1 1 0 -1 0 -1 0 0 1 0 0 0 1 0 -1 0 0 0 0 0 0 1 0 0 0 1 1 0 1 -1 1 1 -2 1 -2 -1 -1 1 0 -1 0 0 -1 0 -1 0 0 0 0 1 -1 0 -3 1 0 0 -2 0 0 -1 15 2 2 1 0 0 0 0 0 2 0 0 1 0 0 0 0 0 1 0 0 1 0 0 0 0 0 -1 0 0 0 0 0 0 -1 -1 3 0 1 0 0 0 0 0 0 -1 0 0 2 0 0 0 0 0 -2 0 1 -1 -1 0 -1 0 0 0 1 -1 1 1 0 1 0 1 0 0 -1 0 0 -1 0 -1 0
0 1 1 2 1 0 1 -1 1 -1 -2 1 -1 -1 0 -2 -3 0 -2 0 2 1 0 1 1 1 -1 -1 -3 1 1 -1 0 0 1 0 2 0 -1 0 0 2 0 1 0 -1 1 2 2 0 0 -1 0 2 0 -1 -1 0 -1 0 1 -2 0 1 0 2 0 0 0 -2 -1 2 2 2 1 1 1 0 -2 1 2 0 1 -1 2 1 0 0 0 0 1 1 -1 3 0 0 -1 0 0 0 2 0 -1 0 1 -1 0 0 -1 -1 0 2 0 1 0 2 3 -1 0 1 0 0 0 0 -1 -2 -1 -2 0 0 -1 1 0 -1 -1 0 2 -2 -1 1 2 -1 0 1 0 1 0 1 1 -1 1 0 0 2 2 1 1 1 0 0 3 1 -3 0 0 1 1 1 0 0 0 2 0 0 -1 1 1 1 -1 -2 -1 2 1 0 3 0 2 0 -1 0 0 0 -1 -1 0 1 -1 -1 0 0 -1 1 0 1 3 -1 1 -1 0 0 1 1 0 0 1 0 0 0 2 0 2 -2 1 0 0 0 1 0 0 -2 -1 1 1 3 0 -1 1 1 1 0 -1 -2 -1 -2 1 2 -2 0 0 1 0 2 0 1 -1 0 1 2 3 1 0 -1 3 -2 0 0 1 2 -1 1 0 -1 0 0 -1 0 -1 -1 2 0 1 -1 0 3 1 1 2 1 1 -1 0 -1 1 0 -1 0 1 1 -1 2 2 -1 1 1 -1 0 -1 1 -1 0 2 -2 -1 -3 0 1 -1 0 -1 2 0 -1 0 0 1 0 0 1 1 2 30 0 0 1 0 2 -2 -1 1 1 -1 0 0 -1 0 0 3 2 0 0 1 1 0 0 0 -1 3 1 0 0 -1 -1 2 0 2 0 0 -1 0 1 0 0 -1 0 -2 2 -1 0 -1 1 1 -2 1 -2 -1 0 0 1 -1 1 0 -1 0 -1 0 0 2 -1 0 1 1 0 0 -1 1 1 0 -1 0 0
0 0 0 -1 0 0 1 1 0 1 2 0 1 0 1 2 -1 0 0 -1 2 0 -1 -1 -2 1 0 3 1 0 0 -1 -1 -1 2 0 0 0 1 2 -1 1 -2 3 -1 -3 0 0 0 -1 1 0 -1 0 0 3 -1 0 1 1 0 0 0 0 -1 1 0 -1 1 2 1 0 -1 -1 1 0 1 -1 0 -2 0 0 2 0 -3 0 0 -2 0 0 0 0 2 -1 2 1 1 0 0 0 -2 0 0 1 3 1 1 -1 -1 1 1 2 0 1 0 0 -2 -1 2 -1 0 0 0 0 1 0 0 -1 -1 0 1 0 -2 0 -1 3 -1 0 -1 0 1 2 -1 -1 1 1 1 -1 1 -1 2 0 1 0 0 0 0 0 -1 -1 0 0 -1 -1 0 -1 2 1 -1 -1 -1 1 0 0 0 -1 -1 0 0 0 0 1 1 0 -1 2 -1 0 1 1 0 2 0 2 0 0 1 -1 -2 0 -1 0 -2 1 0 0 -1 2 0 0 0 1 0 0 1 0 1 1 0 0 1 0 1 2 0 0 0 0 0 0 0 0 0 1 0 0 0 0 1 0 0 0 1 0 0 0 0 -1 0 0 1 1 1 2 2 2 1 1 0 1 0 0 0 0 -2 -1 1 -2 -2 0 0 2 2 0 0 -1 1 2 -1 2 0 0 0 0 0 1 -3 0 0 0 0 0 0 0 1 1 1 0 -1 -1 0 0 -1 4 -1 -1 1 1 -1 -1 0 -1 0 1 0 0 -1 -1 1 0 0 -1 0 0 0 -1 -1 1 0 2 0 20 1 1 0 0 0 0 0 2 0 1 1 0 0 0 1 0 1 0 -1 0 2 1 0 0 -1 1 0 0 1 0 0 0 -1 0 0 -1 1 0 1 -1 0 0 0 1 0 0 -2 0 0 1 1 -1 -1 1 -1 0 0 -1 0 -1 0 1 1 3 0 1 0 -2 0 0 -1 0 0 -2 0 0 -1 0
1 0 0 1 0 -1 0 0 0 1 0 -1 0 -3 0 0 -1 0 -1 -1 1 0 -1 0 0 -1 0 2 0 1 0 -2 -1 0 -1 0 -2 0 -1 0 -2 0 -1 1 -1 0 0 1 0 0 -1 -1 0 0 0 -1 0 0 0 0 2 2 0 1 0 0 -1 1 1 0 0 0 1 0 1 0 -1 1 0 -1 0 -1 0 0 0 0 -1 0 0 -2 -1 0 0 0 0 0 -1 -1 1 -2 -1 3 1 0 -1 1 0 0 0 -1 -2 0 0 0 2 -1 -3 0 0 1 1 -1 1 1 -1 2 0 -2 0 1 0 3 0 -1 1 -1 -1 0 0 0 -2 1 -1 1 0 0 0 0 0 2 0 -1 0 1 1 -1 0 -2 -1 -1 3 -1 0 1 0 0 1 -1 2 0 0 0 0 0 0 0 -1 0 1 1 2 0 0 0 0 2 -1 -1 1 0 -1 1 0 0 0 0 -1 0 0 0 -1 -2 0 0 0 0 0 1 -1 0 1 0 1 0 -1 0 1 0 0 0 -1 1 1 -1 0 0 0 0 1 0 0 0 -1 0 -1 1 -1 0 0 -1 0 0 1 1 0 -1 -1 0 1 0 0 1 0 2 0 1 0 1 1 0 1 1 0 0 0 0 1 -2 -1 1 0 0 0 2 0 1 0 -1 -1 -2 1 1 -1 0 1 -1 1 0 0 0 0 -1 1 0 0 0 -2 1 1 0 0 0 1 0 -1 -1 0 0 0 1 -1 1 0 -1 0 -1 -2 2 -1 2 0 -1 1 0 0 0 0 0 0 1 0 1 19 -1 -1 0 1 0 2 1 0 0 -1 1 0 -2 1 -1 0 -2 0 1 1 0 -1 -1 0 1 -1 -1 0 -1 0 -3 0 0 2 1 0 2 -1 1 0 0 0 0 1 1 0 0 1 0 -1 -1 0 1 0 1 -1 0 0 -1 0 0 -2 0 0 -1 1 0 1 0 1 0 0 0 0 0 -1 -1
0 1 -1 0 1 0 0 0 0 0 0 1 0 1 0 0 0 0 0 0 -1 -1 0 0 1 1 0 -1 -1 0 1 0 0 0 0 0 2 0 0 0 2 0 0 1 0 -1 0 0 0 0 0 1 1 0 1 0 0 2 1 2 1 0 -1 1 -3 0 0 0 0 0 0 1 0 0 1 1 -1 0 -1 0 0 0 0 -2 0 0 1 0 0 3 1 0 0 0 0 0 0 3 0 0 0 -2 3 -1 -2 0 0 2 1 -1 2 0 1 0 1 1 1 -1 0 1 1 1 1 0 1 0 -1 1 1 1 0 0 1 -1 -2 0 0 -1 0 -1 1 -1 0 0 1 0 3 1 3 1 -1 0 0 -1 -2 0 1 1 0 -1 1 -1 0 0 1 0 2 1 1 0 0 1 -1 1 0 0 0 0 1 1 -1 1 -1 0 1 -1 1 1 0 0 1 0 1 0 0 0 0 0 -1 0 2 0 0 -1 1 -1 -1 0 -1 0 0 0 -1 1 -1 2 0 -1 0 0 -2 0 0 1 0 0 -1 0 0 -1 -1 -1 0 -1 -1 0 0 0 1 -1 0 -1 0 0 1 0 0 -1 0 -1 0 0 0 1 0 1 0 -1 0 0 0 0 3 1 1 1 0 1 2 -1 -1 0 1 0 0 0 0 1 2 0 1 -2 0 -1 0 0 4 2 1 0 0 0 -1 0 0 0 1 0 -2 0 0 -1 0 0 -2 0 0 0 0 1 -1 -1 1 0 0 2 1 1 0 -1 0 0 0 0 0 2 -1 0 0 0 1 1 -1 20 0 1 0 0 0 0 0 0 2 0 1 0 0 1 1 2 1 0 1 0 -1 -2 0 2 -1 0 1 -1 0 0 -1 2 0 0 -1 0 -1 -2 -1 -1 -1 0 1 0 0 1 0 0 0 -1 0 -1 0 -1 1 0 1 0 0 0 1 0 0 1 0 0 -2 -1 0 1 0 0 0 0 0 -2
-1 0 0 1 0 0 0 0 0 0 2 -2 0 2 0 0 1 1 0 0 1 1 1 0 2 -1 0 0 0 0 1 0 0 -1 1 0 0 0 1 0 1 0 1 0 0 1 0 0 0 0 0 0 0 0 0 2 0 0 -1 0 0 1 1 0 1 1 0 1 0 1 0 0 0 0 -1 1 0 1 0 0 0 -1 1 0 0 0 0 1 0 0 0 2 0 0 -1 1 0 0 0 0 1 0 0 0 0 0 0 0 -1 0 0 0 3 1 0 0 0 0 -1 0 -1 0 -1 0 0 -1 -1 0 1 -1 1 0 1 1 0 -1 0 0 -2 0 0 0 1 0 0 0 0 0 -1 1 0 0 0 0 0 0 0 1 0 -2 0 1 0 1 1 0 1 -1 -1 0 0 0 0 0 -1 0 0 0 -1 0 0 0 0 0 0 0 0 0 0 0 0 -1 0 0 0 0 0 -1 1 0 -1 1 0 0 2 1 1 1 0 1 0 0 0 0 1 0 2 0 0 0 0 0 0 1 2 -1 0 0 -1 -1 3 1 2 0 0 2 1 0 0 0 -1 0 0 0 -1 -1 1 0 0 1 0 1 -1 0 0 0 1 0 -1 0 0 0 1 -1 0 -1 0 1 0 0 0 0 0 0 1 -1 0 1 -1 1 -1 0 1 0 2 0 1 1 0 0 1 1 0 0 0 1 0 0 0 0 -1 1 0 0 -1 0 0 1 -1 -1 0 0 0 0 0 1 0 0 0 0 0 0 -1 0 0 0 0 0 0 0 0 0 -1 0 10 0 1 0 0 0 0 -2 0 1 0 0 1 2 0 0 1 0 0 0 0 0 -1 0 1 1 0 1 1 1 0 0 1 0 0 0 0 0 0 -1 0 -2 0 0 0 0 0 0 0 0 -1 0 0 -1 0 0 0 1 3 0 1 0 0 0 0 0 0 0 0 0 0 0 0 0 0 0
0 0 0 0 1 2 1 -1 0 1 1 0 -1 0 -1 0 -1 0 -1 1 0 0 -1 0 3 1 0 -1 0 -1 -1 0 -1 0 0 0 1 -1 0 0 0 1 0 0 0 0 0 0 0 0 -2 1 1 1 -1 0 -1 0 0 1 0 1 0 0 -1 -1 0 0 0 1 0 0 1 0 0 2 -1 1 -1 0 0 0 1 -1 0 1 1 0 1 0 1 0 -1 1 -1 0 0 0 -1 -1 0 1 -1 0 -1 0 -1 1 1 0 0 1 0 -1 0 1 0 0 -1 1 2 0 -1 0 0 0 0 -1 1 1 0 0 1 0 0 -1 1 0 0 0 2 -2 -1 1 0 0 0 0 0 -1 0 -1 -1 1 0 -1 -1 0 0 0 1 -1 1 0 2 -1 1 0 0 0 1 0 -1 0 -1 -1 0 0 1 -3 0 0 0 0 0 0 0 1 1 1 1 2 -1 1 1 1 0 0 0 0 -1 0 2 1 1 0 -2 0 1 0 1 1 -1 0 1 -1 0 0 0 0 -2 -2 0 0 -2 1 1 0 0 0 0 0 0 2 -2 -1 1 -1 0 1 0 0 0 -1 1 -2 1 1 1 0 1 0 -1 0 0 1 0 1 1 0 1 0 0 0 -1 0 1 2 0 0 -1 0 2 0 0 -1 0 1 1 0 0 1 2 1 1 0 0 0 0 0 0 -1 0 0 0 2 2 1 1 -1 2 0 0 1 -1 0 0 0 1 -2 0 1 0 3 0 1 -1 1 -1 2 1 -1 0 0 0 1 -1 2 0 0 2 0 0 1 0 21 0 3 -1 0 2 1 1 1 2 -1 1 0 1 0 0 0 1 1 1 0 0 2 0 0 0 1 0 1 0 -1 0 0 0 1 0 0 0 1 1 -2 1 -1 1 -1 0 1 0 0 0 0 1 0 0 -1 1 0 2 1 -1 1 -1 0 0 -1 0 0 1 0 0 0 1 0 1 -1
0 0 1 0 0 3 1 1 0 0 -1 0 0 0 0 0 1 1 1 -1 -1 2 -1 2 0 -3 2 0 1 0 0 -1 -1 0 -1 0 0 0 0 0 0 2 0 -1 -1 -1 -1 0 0 0 2 0 0 0 0 0 0 0 0 0 -1 1 0 1 -1 1 0 0 1 0 1 0 2 0 0 -1 -1 0 -1 0 0 -1 0 0 1 -1 0 0 0 -1 0 0 0 1 -1 0 1 0 0 -1 0 0 0 1 -2 0 0 0 0 0 0 0 0 -1 -2 0 0 0 -1 0 0 0 1 1 0 2 -2 0 0 2 2 0 0 -1 0 1 -3 2 0 -1 0 0 3 -1 0 0 -1 0 0 -1 0 0 0 0 -1 -1 0 0 0 -4 0 0 -2 -1 1 0 -1 0 0 -1 0 2 1 1 -1 0 0 0 -1 2 0 -1 0 0 0 3 -1 0 0 0 0 0 0 -1 0 0 1 0 1 0 -1 1 0 0 -2 0 0 -1 0 0 0 0 -1 0 0 2 0 0 0 0 0 -1 0 1 0 -1 0 0 -1 -1 1 -1 -2 0 2 0 0 1 1 -1 -2 0 0 1 0 -1 1 0 0 2 -1 1 0 0 0 0 0 0 0 -1 0 1 2 0 -1 -2 1 0 0 1 1 1 0 0 2 0 3 -2 -2 0 0 1 0 0 2 -1 3 0 0 1 0 -1 1 -2 1 1 1 0 2 0 0 0 0 0 0 -1 0 -1 0 1 0 0 1 0 0 1 -2 0 1 -1 2 0 0 1 -1 1 1 0 1 0 -2 0 1 0 1 0 22 0 1 1 0 0 -1 -1 0 -1 -1 2 0 0 0 0 -1 0 0 0 2 1 0 0 0 2 0 2 1 1 1 0 0 0 -1 0 0 0 1 2 -1 0 3 -1 2 -2 1 0 0 1 0 1 -1 0 0 0 1 0 -1 0 -1 1 1 0 -1 2 0 0 0 0 0 0 1 0
0 1 1 0 0 0 0 0 1 0 0 0 0 -1 1 0 0 0 0 1 0 0 -1 1 0 0 0 1 1 1 1 0 1 0 1 0 0 1 1 0 1 0 1 0 0 0 0 0 0 0 0 0 0 1 0 -1 -1 0 0 0 0 1 0 0 0 0 0 0 0 0 1 0 0 0 -1 1 -1 -1 0 1 0 0 -1 -1 1 1 0 1 -1 0 0 0 1 0 0 0 -1 0 2 0 -2 -2 0 0 1 -1 0 0 0 0 0 -1 0 0 0 0 -1 -1 0 -1 -1 0 0 0 0 0 0 -1 1 2 0 1 0 0 -1 0 -2 0 0 2 0 0 0 -1 0 -1 0 1 0 -1 1 0 0 0 0 -1 -1 -2 0 0 0 0 0 -1 1 -1 0 -1 0 -4 0 1 1 0 0 -1 2 -1 1 0 -1 -1 -1 0 0 0 0 1 0 -1 0 0 0 3 0 -1 1 0 1 -1 0 0 0 0 0 0 0 1 -1 0 0 -1 -1 1 1 0 1 -1 2 0 1 1 0 0 0 1 0 0 0 1 1 0 1 0 0 0 -1 -1 0 1 0 0 0 0 1 0 0 0 0 0 -1 0 1 0 2 0 1 0 0 0 0 0 -2 0 0 -1 -1 0 0 0 0 1 0 -1 0 1 0 1 1 0 0 -1 0 1 0 0 0 1 1 0 0 0 0 0 1 0 0 0 0 0 0 0 0 0 0 0 1 0 0 0 -2 2 0 1 0 -1 0 0 2 0 0 0 1 1 0 2 0 1 -1 0 -1 0 0 0 0 3 0 16 0 1 0 2 1 2 1 1 3 0 1 0 1 0 1 1 0 0 -1 3 0 0 1 3 0 0 0 -2 0 1 0 1 1 -1 1 1 -1 -1 0 1 1 0 1 1 0 0 0 0 -1 0 0 0 0 0 -1 0 -1 1 -2 1 1 -1 0 0 0 2 -1 0 0 0 0 -1
1 1 0 0 0 0 -1 -1 0 -1 -1 1 2 1 0 0 1 -1 1 -2 1 3 0 -1 -2 2 0 0 0 0 2 -1 0 1 0 0 0 0 -1 0 0 -1 1 0 -1 0 0 0 1 0 0 1 0 0 2 1 1 -1 0 0 1 1 -1 -2 -1 -1 -1 -1 0 2 -3 0 0 0 0 0 -1 1 0 0 0 1 0 1 0 0 1 -1 0 0 -3 0 0 0 -1 1 -1 0 0 -1 -1 1 1 1 0 1 -1 -1 0 0 0 -1 0 1 1 0 0 0 0 2 -1 0 1 1 1 0 0 -1 0 -1 -2 0 0 0 0 2 1 0 0 1 2 0 0 0 0 0 0 0 1 0 0 0 0 0 -1 0 0 0 2 -1 0 0 0 -1 1 0 0 0 0 -2 0 0 0 0 1 0 0 0 2 0 -1 -2 1 -2 0 0 -1 1 1 0 0 -1 0 4 1 0 -1 -1 0 0 0 2 2 0 0 2 0 0 0 -2 1 0 1 0 -1 2 0 -3 0 0 -1 -1 1 0 0 1 2 0 1 0 0 0 0 -2 1 1 1 1 0 0 0 -1 -1 2 -1 1 0 0 -1 -1 0 1 0 0 -1 -1 1 1 0 -2 0 -1 0 0 0 1 1 -2 0 1 0 -2 2 -1 1 -2 1 -1 0 0 4 0 -1 0 0 0 0 1 0 0 0 0 0 0 0 0 0 0 1 1 0 1 0 0 0 -3 1 1 1 1 0 -1 -1 1 0 1 1 0 -2 1 0 -3 3 1 1 -1 0 0 0 2 1 0 2 0 0 -1 1 0 23 0 0 1 0 2 0 -2 1 0 1 0 0 -1 -2 0 1 0 0 1 1 0 1 0 1 0 2 0 0 1 0 0 0 0 -1 -1 0 0 0 1 0 -1 0 0 0 0 0 2 -2 1 0 1 1 -1 0 0 -2 1 0 0 0 -1 0 0 0 0 0 1 0 0 -1 0
0 0 0 0 0 0 1 0 0 1 -1 -1 2 0 0 0 1 0 1 -1 0 -2 0 1 -1 0 1 0 -1 1 0 0 0 0 2 0 -1 0 0 -1 0 -1 0 -1 0 0 1 0 -1 0 1 0 1 0 0 -1 0 -1 0 0 1 -1 2 1 0 -2 1 0 0 3 0 1 0 0 1 1 -1 0 0 -1 0 0 2 0 0 0 3 -1 0 0 0 0 0 1 -1 0 0 0 1 0 1 0 1 0 1 0 2 -1 0 -1 -2 2 0 0 0 -1 1 0 0 -1 0 0 0 0 0 -1 0 1 0 -1 0 1 0 0 -1 1 -1 0 0 1 -1 0 0 -1 0 0 -1 1 -1 1 4 0 3 2 2 0 2 2 0 0 3 0 0 0 0 0 4 0 -1 0 -1 0 -1 0 -1 1 0 1 0 0 1 0 0 0 1 1 0 0 0 -1 -1 1 2 0 2 1 -1 -2 0 0 -1 1 -2 0 0 0 1 0 0 0 0 0 0 -1 -1 -1 0 1 0 0 1 -1 0 1 -1 -1 0 0 0 -2 1 0 0 0 0 0 0 0 1 2 1 0 1 1 0 -1 -1 1 -1 0 1 0 0 0 0 0 2 0 -2 -1 0 0 0 -1 -2 -1 0 -1 -1 1 0 0 0 0 0 0 1 0 0 1 0 1 0 0 1 -2 2 0 0 0 1 1 0 1 0 0 -1 1 0 0 0 0 2 0 -1 -2 0 0 -1 -2 1 0 1 1 -1 0 -1 1 1 0 0 0 0 -1 0 0 0 2 0 0 1 2 1 0 0 0 1 1 0 21 1 0 0 0 1 -1 3 -1 1 2 0 -1 -1 0 1 1 -1 2 -1 1 0 0 0 2 -1 1 0 1 0 1 0 0 -1 0 -1 0 0 1 0 0 1 -2 -1 -2 0 0 -2 1 -1 0 -1 0 0 1 0 0 1 0 0 2 0 1 1 0 1 -2 0 0 0 -2
-1 0 0 0 0 0 0 0 -2 0 0 0 0 0 0 -1 0 0 -1 -1 0 0 0 -1 1 0 1 0 0 3 0 0 -1 0 0 1 0 -1 0 0 0 -1 1 0 1 1 -3 1 0 0 2 -1 0 -1 -1 0 0 0 -1 1 -1 1 0 2 1 -2 0 1 0 0 0 1 0 0 1 0 0 1 1 1 2 0 0 0 -1 0 1 -1 1 0 0 0 -1 0 0 0 0 0 2 0 1 0 0 0 0 1 1 0 0 0 2 1 2 -2 0 4 1 1 0 -1 -2 -1 0 -1 0 0 0 0 1 1 1 0 0 0 0 0 0 0 0 0 0 0 0 1 -1 0 0 1 1 0 1 0 -1 0 0 0 0 0 -1 -1 0 -1 2 0 0 0 -2 0 -1 1 0 0 -1 0 1 0 1 0 -1 -1 1 0 1 0 0 -1 0 0 0 0 1 -1 -1 1 0 0 1 0 0 -1 0 2 1 -1 0 0 0 -2 -1 0 0 0 1 0 0 0 0 -1 0 0 1 0 0 0 0 0 0 -1 -1 1 0 0 1 0 0 0 0 1 1 0 0 -1 0 0 0 -2 0 1 1 0 2 0 0 0 1 1 0 0 2 2 0 1 0 0 0 0 0 0 -1 0 0 0 0 -1 0 0 -2 0 -1 -1 1 0 0 0 1 -2 0 1 -2 0 1 1 0 0 0 0 -1 0 0 0 0 0 0 2 1 1 -2 0 -1 0 0 0 1 1 0 0 1 0 2 -1 2 -1 0 0 0 0 -1 2 -2 0 -1 0 0 0 0 2 0 0 0 1 14 0 0 0 0 0 0 0 1 1 0 1 0 0 0 1 0 0 0 0 0 0 -2 2 0 0 1 0 0 0 0 0 1 0 0 0 1 0 1 0 0 -1 1 1 1 -1 1 0 1 0 0 0 0 0 0 0 0 1 0 0 -1 0 0 0 0 0 1 0 1 -1
0 0 -1 0 -1 1 -1 1 1 -1 0 0 1 0 0 0 0 -1 0 1 -1 0 0 0 -2 -1 1 -1 0 0 0 0 0 -1 0 -1 0 0 0 1 0 0 -1 0 1 0 0 0 0 0 0 3 -1 0 0 -1 1 0 0 0 0 0 0 0 1 0 1 0 1 0 -1 1 0 -1 2 0 0 0 1 0 0 0 -1 0 1 0 0 0 1 -1 0 -3 0 0 0 -1 0 1 0 0 -2 0 1 0 0 0 -1 1 0 0 0 -1 -1 0 0 0 0 -1 0 0 0 0 0 0 -1 0 0 -1 0 0 0 0 -1 -1 0 2 -1 0 0 0 0 1 1 -1 0 0 1 1 0 1 0 0 -2 0 -1 0 0 0 0 1 -1 0 -1 -1 0 0 -1 0 0 -1 0 0 0 0 0 0 1 0 0 0 0 0 -1 -1 -1 0 0 0 3 0 0 2 0 1 -1 -1 -1 -1 0 -1 -1 0 0 0 0 0 0 0 0 0 0 0 0 1 0 1 0 -1 -1 0 0 0 1 -1 -1 0 0 0 1 1 -1 0 -1 1 0 0 0 0 0 -1 -1 0 -1 1 0 0 0 -2 -1 0 -2 0 0 1 0 0 -1 0 1 0 0 -1 0 0 0 0 -1 0 0 0 0 0 0 0 -1 0 1 1 2 0 0 0 -1 1 -1 0 -1 1 0 0 0 0 0 -1 1 1 1 0 -2 3 0 0 0 1 0 0 0 0 2 0 0 1 1 -1 0 0 0 0 -1 -1 0 0 0 1 0 0 1 1 0 1 0 1 0 0 -2 1 0 2 1 0 0 12 1 -1 0 -1 2 -1 0 0 0 0 0 0 2 0 0 1 0 0 -1 1 0 -1 0 -1 0 0 0 0 0 -1 0 0 0 0 -1 0 0 1 1 0 -1 -1 0 0 0 0 -1 -1 0 0 -1 0 0 0 0 0 -1 -1 0 0 0 0 -1 0 1 0 1 1
-2 1 -2 0 -1 0 0 0 1 0 -2 0 0 0 2 0 1 -1 1 1 -1 0 -1 0 -1 1 0 -1 0 0 1 0 1 -1 0 0 0 -1 -1 1 2 -1 1 -1 0 0 0 0 0 1 0 0 -1 0 1 -1 -1 0 0 0 1 0 0 1 -1 -1 0 0 0 0 -1 -1 0 -1 2 1 -1 0 0 0 0 1 0 -2 0 0 0 -1 0 0 1 0 0 1 2 0 0 0 1 0 0 0 1 0 0 0 0 1 0 0 3 0 -2 0 0 0 0 -1 1 0 0 1 0 0 1 0 0 1 0 1 0 0 0 0 0 0 0 -1 0 1 0 1 0 -1 0 -1 0 -1 1 0 -1 0 0 0 -1 1 0 1 1 1 1 0 1 0 1 -1 -1 0 1 0 0 -1 -2 0 1 0 0 0 1 0 -1 0 1 0 -1 -1 1 -1 1 0 1 0 0 2 0 1 1 0 0 -1 0 0 0 0 0 0 0 1 -2 0 -2 0 0 0 0 0 0 0 1 0 0 1 0 0 2 2 1 0 0 1 1 0 0 3 -1 0 0 0 0 -1 1 1 0 0 0 1 0 1 0 0 -1 1 0 -1 2 -1 2 -1 -1 0 0 1 -1 0 0 0 0 0 2 0 0 0 2 -1 0 0 0 1 3 0 0 0 1 0 0 2 -1 0 2 1 -1 0 1 0 0 -1 1 -1 1 -1 1 2 1 1 -1 1 1 0 0 0 -1 0 -1 0 0 1 0 1 0 0 0 0 1 -1 0 0 0 0 0 0 0 1 -1 2 0 1 -1 1 0 0 0 1 16 0 0 0 2 -1 0 1 0 0 0 0 2 1 1 2 0 1 -1 -2 0 0 1 0 -2 0 0 1 1 0 -1 0 1 0 0 0 1 0 0 0 0 -2 0 0 0 0 0 0 2 0 0 0 0 0 0 0 1 0 0 0 0 0 1 0 0 0 -1 2
0 0 -2 0 1 0 0 0 -1 -1 1 -1 0 -1 0 -1 3 1 0 1 0 -1 0 -1 2 -1 1 0 -1 -1 0 0 0 1 0 0 1 0 0 5 1 1 1 1 1 3 0 1 -1 0 0 1 0 -1 3 1 1 1 1 -1 2 1 1 0 -2 1 -1 -1 1 0 1 -1 0 2 -2 1 -1 0 1 0 0 0 -1 0 1 -1 1 0 -1 1 -2 1 0 0 0 1 -3 0 0 0 -2 1 0 0 0 2 -1 -2 -1 0 -1 0 -1 0 -1 -1 -1 0 1 -1 1 -1 -1 2 0 0 1 0 -2 -1 0 0 1 1 1 -1 -1 0 -3 1 0 0 -1 0 0 2 -1 0 2 1 0 0 1 -1 0 0 1 0 -2 0 0 1 -1 0 0 0 2 0 1 -1 1 -1 -1 0 1 -1 0 0 0 1 2 0 -1 1 -1 0 0 0 1 0 -1 -1 0 2 0 1 1 -2 -1 0 0 0 0 0 0 -1 1 -1 2 0 1 0 -1 1 1 0 0 -2 0 2 -1 0 0 1 1 1 0 0 -1 1 2 0 1 0 -1 0 0 -1 1 1 0 1 -1 0 0 -1 1 0 0 0 0 1 0 0 -1 0 -1 -1 -2 1 0 -1 -1 -1 -2 -1 -1 1 0 -1 0 1 -1 0 1 0 3 0 1 0 1 -1 0 -1 1 0 0 -1 -2 0 0 0 -1 0 0 0 0 0 -1 -1 -1 0 0 0 0 0 0 0 1 1 1 1 0 0 0 -2 0 -1 4 0 1 0 -1 0 0 0 0 1 0 0 -1 0 1 0 1 1 -1 2 2 0 0 -1 0 23 -1 -1 1 -1 0 0 1 1 0 0 0 1 -1 2 -1 1 1 0 0 0 -2 0 2 1 0 -2 0 0 -1 0 1 -2 0 -1 -1 -1 1 0 0 0 0 1 0 0 0 0 3 0 4 -1 2 1 1 0 -1 0 1 1 0 2 0 -1 0 -1 0 -1
0 0 0 0 1 0 0 2 1 -2 -1 0 1 0 0 1 0 1 0 1 -1 -1 1 0 -1 -1 -1 0 0 2 1 0 -1 0 0 0 0 0 0 2 2 0 0 -1 1 1 0 0 1 -1 -2 0 0 -1 0 -1 1 -1 -1 0 0 0 -1 0 -3 -2 0 0 0 0 0 0 0 1 1 0 0 0 0 -1 2 -1 1 0 0 0 0 -1 0 1 1 -1 0 0 0 0 0 1 0 0 0 -2 0 1 0 0 1 1 0 -2 0 0 1 0 1 0 2 1 0 0 1 2 0 1 0 0 0 0 2 2 -1 1 0 -1 1 0 0 0 0 1 0 1 0 0 0 0 0 2 1 0 1 -1 0 2 0 1 0 0 0 0 1 1 2 -1 1 -1 1 0 1 0 1 0 0 1 0 0 0 0 0 1 1 0 0 -1 -1 0 0 1 1 0 1 0 0 0 1 1 1 -1 0 1 2 -1 1 0 1 0 -2 1 1 1 0 2 -1 -1 1 0 -1 -1 1 -1 0 0 0 1 1 0 0 0 0 0 2 0 0 -1 0 1 0 1 1 -2 1 1 -2 -1 -1 1 0 1 1 -1 2 1 0 0 0 0 0 0 1 0 0 -1 1 1 1 -1 0 -1 0 0 -1 0 0 -1 2 0 -2 2 -1 0 1 -1 1 1 1 1 1 2 0 0 0 0 0 0 -1 0 1 2 1 0 0 -1 0 0 0 0 1 0 0 0 0 1 0 -1 0 -1 -1 1 1 0 3 0 1 0 0 -1 0 -1 0 0 0 0 0 1 0 2 0 1 0 1 0 0 0 -1 17 0 -1 0 1 0 1 0 0 1 1 -1 0 1 1 0 0 -2 1 -1 -1 -1 0 0 -1 1 0 0 -1 1 0 -1 0 0 0 1 0 0 0 0 0 1 0 -1 0 1 0 1 -1 0 -1 0 0 2 1 0 -1 0 0 -1 0 0 1 0 0 0
1 1 0 0 0 -1 0 0 2 1 0 1 -1 1 -1 -1 -1 -1 1 1 1 0 -1 1 2 0 -1 0 -1 1 -1 1 0 1 1 1 1 1 1 -2 -1 1 -1 0 -1 -1 0 0 1 0 1 -1 -1 1 -1 0 1 1 0 -1 -2 1 -2 -1 0 1 1 -1 1 1 0 0 1 0 0 -1 0 -1 1 0 2 0 -1 0 -1 0 1 2 0 0 3 1 0 -3 2 -2 1 -1 -1 0 0 1 -1 -1 1 -2 1 0 0 0 1 -1 0 -1 0 -1 -2 1 3 0 0 0 0 -1 0 1 0 0 -2 0 0 0 0 0 0 0 -1 0 0 0 0 0 0 -1 0 1 0 2 -1 0 2 0 -1 -1 0 0 0 2 0 -3 -2 0 0 1 -1 -1 -1 0 0 1 0 1 2 1 -1 0 0 0 0 -1 -1 -1 0 0 0 -1 0 1 1 1 1 -2 0 0 0 0 2 2 -1 0 -1 -1 0 -3 -1 0 0 0 1 0 -1 0 1 1 0 0 0 -1 0 2 0 -1 0 1 0 0 2 0 1 1 1 0 0 -1 0 -1 0 0 0 0 1 0 0 0 1 0 1 2 2 0 1 -1 0 0 0 -1 1 0 0 2 0 -1 -1 -1 2 -1 1 0 -1 -1 0 0 0 0 0 0 -1 0 0 -1 1 3 0 0 -1 2 -1 1 1 0 -1 0 0 0 0 1 -1 0 0 0 0 0 -1 -1 1 0 1 -1 0 1 0 1 0 0 0 1 0 0 3 -1 -2 1 0 -1 2 -2 0 2 -1 0 0 0 -2 0 0 -1 -1 1 -2 -1 0 -1 0 -1 0 22 -1 -1 0 -1 0 0 3 0 0 0 0 3 0 0 0 0 0 1 -1 0 1 0 0 -1 0 1 1 1 1 0 1 0 0 0 0 0 3 0 0 0 0 0 0 0 -1 1 -1 -1 0 0 1 0 0 0 1 0 0 -1 0 0 0 0 0 0
0 0 0 2 0 -1 0 1 0 1 0 -2 -1 -3 2 0 0 -1 0 0 1 1 0 0 -1 2 0 0 -1 0 0 -1 1 2 2 0 -1 0 0 0 -1 0 1 2 0 1 1 2 0 1 -2 -1 0 0 1 1 0 2 0 0 1 1 0 0 2 3 -2 1 0 1 0 -3 0 0 1 2 -1 1 1 -1 -1 0 1 0 0 0 1 1 2 -1 -1 0 0 0 0 0 -2 0 1 0 0 2 0 0 0 0 0 0 0 2 1 1 2 2 0 0 0 -2 1 1 0 1 1 0 -1 -2 1 0 -1 -2 -1 0 0 1 -1 2 1 -1 0 0 -1 0 -1 -1 0 0 -1 1 0 2 2 0 -1 0 0 0 0 0 1 0 1 2 -2 1 1 -1 -1 0 -2 0 1 0 1 0 1 0 1 1 3 1 -1 0 0 -1 0 0 0 0 -1 0 -3 0 2 2 0 0 1 -2 -2 0 -1 -1 2 0 2 0 -1 1 1 -1 0 0 2 0 0 2 2 0 0 0 1 2 0 -1 0 3 0 0 0 0 0 0 1 0 0 2 0 2 1 5 -2 2 0 0 -1 0 0 0 2 2 -1 0 0 0 1 0 1 2 2 1 0 -1 2 -1 -1 -1 0 -1 0 0 0 1 0 0 -1 0 0 1 3 0 0 1 -1 -1 0 -1 3 1 -1 0 -1 0 -1 0 1 1 0 -1 -1 2 0 0 -1 0 -2 -2 1 1 0 0 1 1 1 0 -1 0 0 1 0 3 0 1 0 -1 0 0 2 1 0 0 3 1 1 0 1 1 -1 3 1 3 0 2 2 1 -1 -1 23 0 1 -1 0 0 -1 1 1 0 0 1 -2 -1 1 2 1 0 1 -1 -1 1 0 3 -3 0 -3 1 1 -1 0 1 0 0 1 -1 -1 3 1 2 -1 -2 0 0 1 -1 -3 0 0 0 0 0 1 0 0 0 0 0 0 -1 0 0 0 -2
1 -1 1 0 0 1 0 2 1 0 0 1 1 2 -1 0 2 0 -2 0 -1 0 0 0 -1 -1 0 0 0 0 0 -1 0 1 1 0 1 1 1 -1 0 0 1 1 0 0 0 0 1 -1 -1 1 1 0 0 0 0 1 0 0 0 0 0 1 0 1 0 0 -2 -1 2 2 0 2 -1 0 0 0 0 0 0 -1 0 -2 0 1 0 1 0 -1 0 0 1 1 1 0 3 0 1 -1 0 0 -1 0 0 2 -1 1 0 0 0 1 2 1 -1 1 0 1 0 -1 -1 -1 -1 0 0 -1 -1 0 1 -1 0 -1 0 1 -2 0 0 0 -1 0 0 -2 1 0 0 1 -1 0 0 -1 0 0 0 0 0 0 1 0 1 -1 0 0 -1 0 0 0 0 1 -2 0 1 1 -1 0 0 2 0 -1 -1 3 0 0 0 0 1 2 1 0 0 0 0 1 -2 0 0 1 0 0 3 0 0 0 0 1 1 0 1 0 0 1 0 -1 0 0 0 -1 1 0 0 1 1 -1 0 -1 1 -1 1 0 1 -2 0 1 1 1 0 2 0 0 2 -2 -2 0 1 3 0 0 0 1 0 0 -2 -1 1 2 0 0 0 1 1 0 1 0 0 -1 1 0 0 3 0 0 0 0 0 0 1 -2 0 -2 0 3 0 -1 1 0 2 0 0 0 0 0 2 2 -1 1 0 1 -1 0 0 0 1 -1 -1 1 0 0 0 0 0 1 -1 1 -1 0 0 0 0 1 -1 -1 1 0 0 0 1 0 0 0 0 1 2 0 -1 1 2 0 2 0 0 -1 0 -1 -1 -1 0 -1 0 18 1 0 1 0 -1 -1 0 -1 0 -1 0 0 1 1 -1 1 1 0 0 1 0 -1 0 0 -1 0 0 0 0 0 0 3 -1 0 2 0 -1 0 1 -1 0 -1 -1 0 -1 3 1 1 0 1 -1 0 1 -1 0 0 0 0 -1 0 2 -1
0 1 0 0 -1 0 -1 0 0 0 0 1 0 0 0 0 0 1 -1 0 1 1 1 -1 -1 1 0 0 -1 0 -1 -1 -1 0 1 0 0 0 0 -1 0 0 0 0 1 0 0 0 0 0 0 0 -1 1 0 0 0 1 0 0 -1 0 -2 0 1 0 1 0 -3 -1 0 0 0 0 0 0 0 -2 0 0 1 0 1 0 0 1 1 1 0 0 0 0 0 0 0 0 0 0 0 0 1 0 0 0 0 0 0 1 0 1 0 1 1 -1 0 1 0 0 0 -1 -3 0 0 0 0 -1 0 0 1 0 0 0 0 0 1 0 0 0 0 1 -1 0 0 0 0 0 0 0 1 0 1 -2 1 -1 0 0 0 0 0 -1 0 0 1 -3 0 0 0 0 0 -1 1 -1 -1 0 0 0 1 -1 0 -1 0 -1 0 0 0 0 0 1 0 0 -1 0 -1 0 0 1 1 -1 -1 0 0 0 0 -2 1 2 0 -1 0 0 0 0 0 0 0 0 0 0 0 1 0 0 1 -1 0 0 0 0 1 0 0 0 2 -1 0 0 0 0 1 -1 0 0 0 0 0 0 0 0 -1 0 0 0 0 0 0 0 0 0 1 1 0 0 0 0 -1 1 0 1 0 1 0 0 0 -2 0 0 0 1 1 0 0 0 0 0 1 1 -1 1 -1 0 1 0 0 -1 -1 0 0 2 0 0 0 0 0 0 1 -2 1 0 0 0 -1 0 0 0 1 0 1 0 -1 0 0 1 -1 0 0 0 1 0 0 0 0 1 0 1 0 1 0 1 1 1 1 0 0 0 1 0 1 1 11 1 0 1 0 -1 0 0 0 1 0 0 -1 0 0 0 1 0 0 0 -1 1 0 1 -1 -1 0 -1 0 0 0 1 0 0 0 0 0 0 -1 0 0 0 1 0 0 0 -2 0 -1 1 0 -1 0 -2 0 0 0 -1 0 1 1 0
-1 1 0 0 1 1 1 1 0 -1 1 0 0 -1 2 0 -1 2 -1 0 -1 -1 1 0 0 -1 1 -1 0 1 1 -1 0 0 3 0 2 0 0 -2 0 0 0 1 1 0 -1 -1 0 0 2 2 1 0 0 0 0 -1 1 0 -1 -1 1 0 -2 0 0 -1 -1 2 0 0 -1 0 1 1 -2 0 0 -1 0 0 1 -2 0 0 0 0 2 1 1 0 1 0 -1 0 0 0 0 0 1 -1 -1 0 -1 0 0 0 -1 0 0 1 0 -1 -1 2 0 0 1 0 -1 1 0 1 -1 0 0 1 0 0 1 0 -1 0 1 0 0 0 0 0 1 0 0 -1 0 1 1 -1 0 -1 -1 0 1 0 -1 0 -1 -1 0 0 0 0 2 -1 0 -1 -1 2 1 0 -1 0 0 0 0 1 2 1 -1 1 1 0 -1 1 0 0 0 1 -1 0 -1 0 1 0 0 0 1 1 0 1 -1 1 -3 -2 0 2 -1 0 -2 0 -1 -3 0 0 0 -1 -1 0 -1 0 1 0 -1 1 0 0 -2 0 0 1 0 -1 2 0 0 0 0 2 1 -1 0 -1 1 0 1 1 -1 0 0 0 0 0 0 0 0 0 -1 0 0 0 0 1 -1 -1 0 1 0 0 -1 0 2 -1 1 -2 0 0 0 0 1 0 0 1 -1 0 2 -1 1 1 0 -1 2 0 0 -1 -1 -1 1 0 -1 1 0 0 -1 1 -1 -1 1 0 0 -1 -1 -1 -1 0 0 0 0 0 0 -1 0 -1 1 -1 0 0 0 0 1 0 0 0 -2 2 0 0 0 0 0 2 1 0 1 0 0 -1 -1 0 1 18 0 1 1 0 1 0 0 2 0 0 0 0 -2 -1 1 0 -2 0 3 1 0 -1 1 0 0 -1 1 0 -1 0 1 1 0 -1 0 0 1 -1 0 0 1 0 0 1 -1 0 1 0 -1 1 -1 0 -2 0 0 0 1 0 0 0
1 0 0 -1 -1 -3 0 -1 1 -1 -3 0 0 0 0 0 0 0 0 1 2 1 1 1 2 -1 1 2 1 0 0 -2 -1 0 0 0 -1 3 1 0 1 1 -1 0 1 1 2 0 2 -1 -1 1 1 2 0 1 0 1 -1 2 0 0 -3 0 1 -2 1 2 0 -2 0 1 -1 -2 -2 0 0 1 0 1 -1 -1 0 -1 2 0 0 0 -1 1 -1 1 -1 1 0 1 0 0 1 0 -1 0 0 0 1 -2 1 1 2 1 -1 1 0 1 2 0 0 1 -2 0 0 0 1 0 -1 0 0 -1 1 1 0 0 0 0 0 0 0 0 1 0 -1 0 1 0 0 0 0 0 0 0 0 -1 1 0 0 1 0 0 0 -1 0 1 0 0 0 -1 1 0 0 0 2 1 -1 0 0 -2 1 1 0 0 0 -1 1 0 -1 1 0 1 -2 0 1 0 0 1 -1 0 1 -1 0 0 2 1 1 -1 0 0 1 0 -1 -1 0 0 -2 1 0 0 0 -2 0 1 -1 2 0 0 0 0 0 0 0 0 1 2 3 0 0 0 -1 -1 0 1 0 2 -2 -1 -1 1 -1 0 -2 0 -1 -2 -1 0 0 0 0 1 0 0 -1 0 -1 0 1 1 1 0 0 1 2 1 0 -2 1 1 0 0 1 0 -1 0 0 -1 1 0 0 1 1 0 0 0 0 0 -1 0 0 -1 1 0 -2 0 0 -1 0 -2 0 -1 0 1 0 1 0 0 0 0 0 1 1 -1 0 -1 -1 0 1 0 0 0 0 1 1 -1 0 1 1 0 0 1 0 0 0 0 0 1 1 0 0 1 0 0 23 1 0 0 0 -1 0 0 2 1 1 0 2 0 -1 0 -1 0 -1 -1 1 0 0 0 1 1 2 -1 -1 2 0 1 2 -1 0 1 0 0 1 0 1 1 0 0 -2 -2 0 -1 0 0 -1 3 1 0 1 -1 1 0 0 -1
0 0 -1 0 0 0 0 0 -1 -1 0 0 0 0 0 -1 -1 2 -2 -1 0 -1 -1 0 -1 1 0 1 -1 0 -1 -3 0 0 0 -2 0 0 0 0 0 0 0 0 1 0 -1 1 1 0 0 0 0 -1 0 1 0 -1 1 0 0 0 0 0 0 0 0 0 0 -1 2 -1 0 0 1 -1 -1 0 0 0 0 -1 0 -1 0 0 1 1 1 -1 -2 1 -1 0 0 0 0 0 0 1 0 0 1 0 0 0 -1 -1 0 0 0 1 -1 -1 -1 0 0 0 0 1 -1 0 0 1 0 0 0 0 0 -1 -2 0 0 0 0 0 0 0 -2 -1 1 -1 0 1 0 1 0 0 0 -1 0 0 1 1 1 -1 0 -1 0 0 0 0 1 1 -1 -1 1 0 1 0 0 0 0 -3 -1 -1 1 0 0 0 -1 0 0 0 0 0 0 1 -1 0 0 0 -1 -2 -1 0 2 -1 0 0 0 0 0 0 0 -2 -1 0 0 1 -1 0 2 1 0 -1 0 0 0 1 0 1 1 0 1 0 0 1 0 0 0 0 1 0 0 1 -1 0 1 -3 0 -1 1 0 0 0 0 0 0 0 0 0 0 0 0 0 0 -1 1 1 0 -1 0 -1 0 -1 0 1 0 0 0 -1 1 0 0 0 -1 0 0 -1 -1 0 0 0 2 0 0 0 0 2 1 0 1 0 -1 -1 -1 0 0 0 -1 0 1 1 0 1 0 0 1 1 1 1 1 -1 0 0 1 -1 -1 0 -1 0 0 0 0 -1 0 0 -1 0 1 0 1 0 0 0 0 0 -1 -1 1 0 0 1 0 0 0 0 1 1 1 14 1 0 0 0 -1 3 0 -1 0 -1 1 -1 0 0 0 0 0 0 0 0 0 0 0 0 1 -1 0 0 0 -2 0 -1 1 1 0 0 0 1 0 0 0 -1 1 0 0 -1 0 0 1 0 1 0 0 -1 1 1 0 2
0 0 0 0 0 2 -1 1 -1 0 0 0 0 0 1 1 -2 1 -1 0 2 -1 -1 0 0 1 0 3 0 -1 0 0 0 0 0 1 0 1 -2 1 -2 0 0 -1 -1 -1 -2 0 0 0 0 0 0 0 0 0 0 0 -1 0 -1 0 0 1 0 0 0 0 0 -2 1 -1 -1 -2 0 -2 0 0 0 1 0 0 -2 0 -2 1 0 0 0 0 0 2 0 -2 0 0 0 -1 0 0 0 0 0 0 0 -1 -2 0 0 0 0 0 0 -1 0 0 1 0 0 0 -1 0 0 0 -1 2 1 0 -1 1 0 0 0 0 0 1 0 0 0 0 2 0 -1 0 0 0 1 1 0 0 2 0 0 0 1 0 0 -1 0 0 0 -1 0 -1 1 0 1 1 0 0 1 0 0 1 0 2 0 1 -1 -1 0 0 0 0 0 0 0 -1 0 1 -1 1 -1 -2 -2 0 0 0 0 0 -2 0 -2 -1 -2 -1 0 0 -2 0 -1 -1 1 0 0 0 0 1 1 2 1 1 0 0 0 -3 1 0 1 0 0 0 -1 -1 0 -1 0 -2 0 0 1 0 0 -1 0 0 -1 0 0 0 -2 0 0 0 -1 -1 0 -1 1 1 0 1 1 0 0 1 0 0 0 0 0 -2 0 0 -2 0 -1 1 0 1 -1 -1 0 0 0 -1 2 0 0 -1 1 -1 1 0 1 1 0 -1 0 0 0 0 0 1 0 1 -1 0 0 -1 0 0 1 3 0 0 1 1 0 0 -1 1 -1 1 1 -1 1 1 0 0 0 2 1 1 0 1 -1 1 -2 -1 0 0 0 0 0 3 -1 -1 0 1 0 1 21 0 0 0 0 1 0 1 2 0 0 0 0 1 0 0 1 1 1 0 0 0 -1 0 1 0 0 1 1 0 -1 -1 1 0 0 0 -1 0 0 0 1 2 2 0 0 0 -1 0 1 1 -1 0 1 0 0 0 0 1
0 0 0 0 1 1 0 0 2 -1 1 -1 -1 0 0 0 0 0 0 0 0 -1 0 0 0 0 0 -1 1 0 3 0 0 1 -1 0 0 0 0 1 0 0 -1 0 0 0 0 0 1 0 0 0 0 -1 0 -1 -1 0 0 1 0 0 1 -1 0 1 1 1 1 0 0 0 0 -1 0 0 0 0 0 0 0 0 0 0 0 0 0 1 0 0 0 0 0 -1 0 0 0 0 1 -1 0 0 0 0 0 0 0 0 1 -1 0 -1 0 -1 0 0 0 0 -1 1 1 1 0 0 0 -1 1 0 0 0 0 0 -1 -1 0 -1 0 0 1 0 -1 0 0 0 -1 0 0 0 0 0 0 0 0 0 0 0 0 0 -1 0 0 3 0 -1 1 0 1 1 1 0 -1 0 0 0 -1 0 0 0 1 -1 0 1 0 0 0 0 0 1 0 0 0 1 0 0 0 1 0 0 1 0 0 0 1 0 0 0 0 1 0 -1 0 0 -1 0 0 0 0 0 0 -1 0 0 1 1 1 0 0 -1 0 0 1 0 1 0 0 0 0 0 0 0 0 0 0 -1 -1 0 0 0 2 0 0 0 -1 1 0 0 2 0 0 0 0 -1 0 0 -1 -1 -1 -1 -1 0 -1 0 0 1 1 1 0 1 0 0 1 2 0 -1 0 0 0 0 0 0 -1 0 0 0 0 -2 0 0 1 0 -1 0 2 0 0 0 0 0 0 0 0 0 1 0 -1 -1 0 0 0 3 -1 0 -1 0 0 -1 0 0 0 0 0 1 0 0 0 1 0 1 0 0 0 0 0 0 1 0 1 -1 -1 0 0 0 0 11 0 1 0 2 0 0 1 0 -1 1 0 0 0 0 1 1 0 0 0 -1 0 0 0 1 0 -1 0 0 0 2 0 0 0 1 0 -1 -1 0 0 0 0 0 0 -1 0 0 -1 0 0 -1 -1 -1 0 0 0 -1
-1 0 -2 0 0 0 0 1 0 0 0 1 0 0 0 0 0 0 2 0 -1 0 0 0 -2 -1 0 0 0 0 0 -1 0 1 2 0 0 -1 0 1 1 1 -1 1 0 1 0 0 0 0 0 0 1 0 1 0 1 0 0 0 -1 -1 2 0 0 1 0 -1 0 0 -1 0 -1 -2 0 0 1 0 1 1 1 -1 0 1 0 1 0 -1 1 -1 1 0 1 0 0 -1 0 1 0 0 0 1 0 1 0 0 0 0 0 0 0 -1 0 0 0 0 1 0 1 0 0 -2 0 0 -1 0 1 -1 0 1 1 0 0 0 -2 0 0 0 2 2 0 0 0 0 0 0 1 -1 0 0 0 0 0 0 0 1 0 -1 1 0 1 0 1 -1 0 1 0 0 0 0 2 0 0 0 1 0 3 0 0 -1 0 0 0 1 0 0 1 1 1 0 0 0 -2 0 1 0 0 0 0 1 2 0 -1 1 0 0 -1 0 1 0 0 0 0 0 0 1 -2 1 -1 0 -1 0 -1 0 0 -1 0 0 0 0 1 -2 1 0 -1 1 0 0 1 -1 0 2 -1 1 0 -1 0 1 0 -1 0 1 1 0 1 0 2 -1 0 -1 0 0 1 1 1 0 -1 0 0 0 -1 0 0 0 0 -1 0 2 2 0 -1 0 2 0 0 0 0 1 0 0 3 0 0 -1 -1 0 1 0 0 0 0 1 0 2 0 0 1 0 0 -1 -1 0 2 0 0 -1 0 1 0 1 1 -1 0 0 0 0 1 0 0 0 0 0 -1 -1 0 1 0 0 1 1 0 2 2 0 1 0 1 0 0 1 0 0 0 0 15 0 0 1 0 2 0 -1 0 0 -1 0 0 0 1 0 0 0 0 0 1 0 0 0 0 0 0 1 0 0 0 0 0 0 0 0 1 1 -1 0 0 0 0 1 0 0 0 0 -1 -1 2 0 0 0 -1 2
1 -1 1 -1 -1 2 0 0 0 0 0 0 3 1 0 -1 0 0 0 -1 0 0 0 -1 0 0 -1 -1 0 -1 1 1 0 -1 0 -1 -1 0 0 0 0 0 -1 0 0 -1 0 0 1 0 2 1 1 0 0 1 0 2 -1 0 0 0 3 -1 0 0 0 0 2 0 -1 -1 0 1 -1 0 0 0 0 0 0 0 0 0 1 0 1 -3 1 0 0 1 -1 0 0 1 0 0 0 1 -1 1 0 0 0 -1 -2 0 0 0 0 -1 -1 0 0 -1 -1 -1 0 0 1 -1 -1 0 0 0 0 1 0 0 0 0 0 1 0 -1 0 0 1 1 0 0 -1 0 0 0 -1 1 0 1 0 0 0 0 0 0 2 0 -1 0 0 0 1 2 0 0 -1 0 0 1 -1 0 0 0 0 -2 0 0 0 2 0 0 1 1 0 -1 -1 0 0 2 0 -1 0 -1 0 1 -1 0 -1 0 0 2 0 0 1 1 1 0 0 1 0 -1 0 0 -1 3 0 0 1 0 1 0 -1 0 0 -1 2 0 -1 1 2 0 0 1 1 1 1 1 2 -1 1 -2 1 0 1 0 1 1 1 0 -1 -1 0 -1 1 -1 0 -1 -1 -1 -1 0 0 1 -1 0 -1 0 -1 1 0 -1 1 -1 0 -2 0 0 0 1 0 1 1 2 1 -1 1 0 0 0 0 1 2 1 0 1 0 0 1 0 -1 0 0 0 0 1 0 -1 0 0 2 0 1 1 0 0 0 0 0 3 0 0 1 0 0 -1 0 0 0 0 -1 0 -1 -2 0 0 0 0 0 1 1 0 1 1 -1 0 0 -1 0 0 -1 0 0 1 0 17 -1 1 1 0 -1 0 -1 0 0 1 0 0 0 1 1 -1 0 1 0 0 0 0 -1 0 0 0 0 0 0 0 1 0 0 1 0 0 0 1 0 0 2 0 -1 -1 0 0 1 -1 1 1 0 0 -1 0
-1 1 1 0 0 -1 -1 1 1 0 -1 -1 1 0 1 -1 1 -1 0 1 0 1 0 1 0 0 1 0 0 0 0 0 0 1 -1 0 1 -1 -1 -2 0 1 0 0 0 -1 0 1 0 -1 1 0 0 0 1 -1 1 0 0 0 0 1 0 0 -1 0 0 0 0 -1 0 1 2 1 0 0 -1 -1 -1 0 0 0 -3 -1 1 1 0 -1 0 -2 1 0 -1 1 0 0 2 0 1 -1 0 1 2 1 -1 1 2 0 0 0 0 -2 1 -1 0 0 0 0 -1 0 0 1 0 -1 0 0 1 0 1 2 1 -1 0 -1 1 -1 0 0 0 0 1 -1 0 2 0 -1 -1 -1 1 -1 0 1 0 0 -1 0 1 2 -1 -1 0 0 0 -1 -1 1 -2 1 -1 1 1 1 1 1 1 0 1 -1 0 -1 0 0 0 0 0 -1 1 0 1 0 2 -1 0 0 0 1 0 0 1 1 -2 -1 2 0 1 -1 1 -1 -1 -1 -2 2 0 0 0 1 -1 0 1 -1 0 -1 -1 0 -1 0 0 0 0 1 -1 0 -1 1 -1 -3 -2 0 0 -1 -1 0 0 0 0 1 -1 1 0 0 1 1 0 0 0 0 -1 1 -1 0 0 0 0 1 0 2 1 -1 1 1 0 0 2 -1 1 0 1 0 1 -1 0 -2 0 1 0 1 3 1 0 -1 0 -2 0 -1 -1 0 0 0 0 0 1 -2 -2 1 1 0 -1 -1 -1 3 1 -1 0 0 0 0 0 1 -1 0 0 1 -1 -1 1 1 1 1 -1 -1 3 -1 0 0 -1 0 2 -1 0 -1 0 0 1 -1 0 0 0 0 0 0 0 -1 0 0 0 -1 19 -1 0 0 -1 1 0 0 -1 0 1 0 0 0 0 0 1 0 1 2 0 0 0 0 1 0 0 1 2 -1 0 1 0 1 0 0 0 0 -1 -1 1 -1 0 1 0 1 0 0 0 0 -2 1 0 -1
0 0 0 1 0 2 1 1 0 0 2 0 0 -1 1 0 -1 0 -1 -3 0 1 1 1 1 1 0 -1 0 -1 1 -1 -1 0 0 1 2 1 0 2 1 -1 2 -1 -1 2 0 -1 -1 0 -1 1 -1 1 0 0 -1 2 -1 0 0 0 4 1 -1 1 2 -1 3 0 0 -1 -2 -1 3 0 1 -1 0 0 4 1 1 -1 0 1 1 0 1 -1 2 1 1 0 0 0 -1 2 1 -2 0 1 1 -1 -1 0 -1 0 -3 1 -1 0 -2 -4 -1 1 -1 0 0 0 0 -1 0 0 1 1 0 0 1 0 -2 1 -2 -1 1 0 -1 0 0 0 -1 1 -1 0 0 0 0 2 0 -2 2 -1 1 1 1 1 0 2 0 0 -1 2 1 0 -1 0 0 1 0 -2 0 -1 0 1 0 -1 -1 0 0 -2 0 0 -1 -2 1 0 0 2 0 0 3 3 1 2 0 -1 1 0 1 1 -2 1 0 -1 -2 1 0 2 0 1 -1 0 3 1 1 0 0 -1 0 0 0 -2 0 3 3 1 1 0 3 -1 1 0 1 1 1 -1 1 0 -1 -4 -1 -1 1 2 -1 1 -1 0 0 -1 -4 2 0 0 3 1 1 1 0 1 0 -1 0 0 -2 -2 0 0 -2 0 1 -1 1 0 -1 0 1 -1 2 -1 0 2 1 1 0 1 1 1 0 0 -1 0 0 1 0 0 1 -1 -1 0 0 1 1 0 -1 0 3 1 1 -1 -1 -2 1 0 0 -2 0 0 0 1 2 2 1 1 -1 -2 1 3 0 0 1 1 1 2 0 2 1 3 1 2 0 1 2 2 1 3 1 -1 1 2 0 3 1 2 1 1 -1 35 -2 -1 1 -3 -1 -1 0 2 -1 0 0 0 1 2 0 0 0 0 3 -3 -1 -1 2 0 1 1 1 0 0 0 2 1 3 1 1 0 -1 0 0 0 1 -1 -2 -1 -1 -2 2 0 1 1 0 0
0 0 0 -1 -1 -1 1 0 1 0 2 0 0 0 1 -3 1 -1 0 0 -1 2 1 1 0 0 1 1 0 -2 0 0 0 -1 -1 0 0 0 1 0 1 -1 0 1 0 1 0 0 0 0 0 0 -1 1 -1 0 0 0 0 2 0 0 -1 2 -1 -1 1 0 0 1 -1 0 0 0 0 0 0 0 0 0 -1 1 -2 0 -1 -1 0 0 -1 0 -2 -1 0 0 -1 0 1 0 2 1 -2 0 0 0 0 0 0 2 0 0 0 -1 0 1 1 1 0 1 1 0 0 -1 0 0 0 2 0 1 1 1 1 1 0 0 0 0 1 -1 -1 0 1 -1 1 -1 0 2 0 0 1 2 0 0 0 1 -1 -2 1 0 1 0 0 1 0 -1 0 0 1 0 -1 1 1 1 1 0 -1 0 0 -3 0 3 0 0 0 1 1 0 0 -1 0 0 1 -1 1 -1 0 1 1 0 0 -1 0 0 0 0 0 3 -3 1 -2 1 1 1 1 0 0 0 -1 0 0 0 -1 0 0 -1 0 0 0 1 1 1 2 0 0 1 -1 0 1 1 1 1 -1 1 1 0 1 -2 1 0 0 1 0 0 1 1 0 1 -1 1 0 -3 -1 -1 0 0 0 0 0 1 0 1 1 1 1 1 1 -1 1 0 0 1 0 0 2 -1 0 1 -1 0 1 0 2 0 1 -1 0 1 0 0 0 0 0 0 0 0 1 0 0 0 0 0 3 1 0 1 1 2 0 -1 -1 -1 0 0 1 0 3 1 0 0 0 0 0 0 -1 -1 1 0 0 0 1 -1 0 0 0 -1 1 0 -2 0 0 0 2 0 0 0 0 1 0 -2 23 -1 1 0 0 0 1 -1 1 -2 0 0 -1 0 1 -2 1 0 -1 -1 0 0 -1 1 1 1 0 1 0 0 -1 0 0 2 3 -1 -2 0 0 1 0 1 0 0 0 1 1 -1 1 1 0 0
0 0 0 0 1 0 0 0 -1 0 1 -1 0 1 0 -1 0 0 1 0 0 0 1 0 -1 0 0 -1 1 -1 1 0 0 0 0 0 -1 0 -1 0 1 1 1 1 1 0 -1 -1 -1 -1 0 0 -1 0 1 1 0 -1 0 1 -1 0 0 0 0 0 1 -1 0 -1 0 0 2 -1 -1 0 0 0 0 0 -1 1 1 -1 1 0 0 0 -1 0 0 0 0 0 0 0 0 -1 0 1 1 0 0 0 0 -1 0 -1 -3 0 0 0 0 0 -1 0 0 1 0 0 0 -1 2 -1 0 0 1 0 -1 0 0 0 0 0 1 0 0 0 0 1 -1 0 0 1 0 0 0 -1 0 2 -1 1 0 0 0 1 2 1 0 0 -1 0 0 -1 0 2 1 -1 0 -1 0 1 0 1 -2 1 0 1 1 -1 0 0 0 2 0 0 1 0 0 1 0 0 -2 2 0 0 -1 0 0 1 1 0 1 0 1 0 0 0 1 0 0 0 -1 0 0 -1 -1 -1 0 0 1 0 0 -2 0 -1 0 0 0 0 0 0 0 0 0 0 -1 0 1 0 -1 0 0 0 0 1 1 0 1 0 1 1 -1 1 -1 0 0 -1 0 0 0 1 1 -1 0 0 0 1 0 0 1 -1 0 -1 0 1 1 -1 0 0 0 -1 1 1 2 0 0 0 0 0 0 0 0 -1 1 0 0 0 0 0 0 2 0 0 0 0 0 2 1 -1 0 0 -2 0 0 0 0 0 1 0 0 0 0 0 0 1 1 -1 0 0 0 0 -1 0 1 0 0 0 0 1 0 0 1 1 0 0 -1 0 0 0 1 -1 1 0 2 0 0 -1 -1 15 -2 1 -1 0 -1 0 0 0 1 0 0 0 -1 0 0 1 0 -1 0 0 3 1 0 -1 0 1 0 0 0 1 0 0 1 0 0 0 -1 0 2 0 1 0 1 1 2 0 0 0 0 2
-1 1 0 0 -1 1 1 -1 0 -2 1 -1 1 -1 1 2 0 0 0 -3 0 1 0 1 0 0 1 2 1 0 2 0 0 -1 0 -1 1 1 0 2 1 1 1 1 0 0 -2 0 1 1 1 0 0 -1 1 0 0 2 1 1 -2 0 0 4 -3 -3 0 0 1 1 0 0 0 -1 -1 -1 1 0 0 0 1 -2 -1 0 1 -1 2 -3 1 0 1 1 1 -1 2 0 1 -1 1 -1 -1 0 0 0 -2 0 2 0 -1 1 2 0 0 1 1 0 -2 0 0 2 -2 1 1 0 -1 0 0 0 1 0 -2 0 -1 0 1 0 1 0 0 0 1 0 -1 0 0 1 0 1 0 0 -1 0 1 0 2 2 1 -3 0 1 1 1 0 1 1 1 0 0 0 -1 -1 0 0 0 -1 1 -1 0 1 1 -1 0 2 0 0 0 1 -2 -1 0 0 -1 0 0 1 0 0 -1 1 -2 0 0 1 -1 1 0 0 1 2 0 1 -1 1 1 -1 0 0 0 1 -1 2 1 0 1 1 -1 0 0 2 -1 -1 0 0 1 0 -1 -1 2 1 2 -1 1 0 0 -1 0 0 0 0 1 0 0 1 0 2 1 0 -1 1 1 0 2 3 -1 1 0 0 1 -1 -2 -1 0 -1 2 0 2 1 0 -1 1 2 1 0 -1 -1 0 2 0 -1 1 0 0 -1 3 1 1 0 0 -1 -1 0 0 1 0 1 1 0 1 -1 -1 0 0 2 2 0 0 0 0 1 1 -1 1 0 1 0 1 0 1 -1 0 -1 1 0 1 0 0 0 1 1 0 0 -1 -1 1 0 0 1 1 -1 0 1 0 2 1 0 -1 -1 1 1 -2 27 0 -1 1 0 1 0 0 0 -1 0 0 -1 0 1 -1 1 1 3 0 0 -1 1 3 0 -1 -1 0 1 -1 -1 2 0 -1 1 3 2 1 -2 -3 1 -1 0 0 0 0 0 -1 -1 -1
-1 -1 2 1 -2 0 1 -1 1 0 1 -1 1 0 0 0 0 0 1 0 0 0 1 0 -1 0 1 0 1 1 -1 0 0 0 0 0 0 0 -1 0 -1 2 0 1 0 0 0 0 -1 0 -1 1 2 -2 0 2 -1 2 1 0 0 2 -1 0 1 2 0 0 -1 -3 2 -1 0 0 0 0 0 1 0 0 0 1 -2 2 0 -1 -1 1 0 1 1 -2 0 1 0 1 1 0 0 1 -1 1 0 1 -2 0 1 0 0 0 -2 2 3 2 1 1 0 1 -1 -2 0 1 0 0 0 -2 0 -2 1 -2 2 -2 0 0 -1 2 1 0 1 0 -1 0 -1 0 0 0 0 -2 -1 -1 1 1 -1 0 0 -1 0 0 -1 -1 -1 -1 0 -1 -2 0 0 -1 -2 0 -1 0 0 0 0 2 2 -1 0 -1 0 -2 0 1 0 0 1 -1 1 3 1 0 1 -1 -1 0 2 0 0 0 -1 1 -1 0 1 0 0 -1 1 0 0 0 -1 0 -1 1 1 0 1 0 0 -1 1 0 1 2 0 0 0 1 -1 0 -1 1 -1 0 0 0 1 2 -1 1 1 2 2 0 0 0 1 2 -2 -3 0 1 0 0 -1 1 2 0 0 2 0 1 1 0 0 0 1 -1 0 1 0 0 0 -1 0 0 0 0 1 -1 1 -1 0 0 2 -1 -1 0 0 0 1 1 0 1 0 1 0 3 -1 1 1 0 -2 0 0 1 0 0 0 0 0 2 1 2 0 1 1 0 0 0 2 2 0 1 0 1 -1 0 -1 0 -1 -1 1 1 2 3 0 0 0 1 -2 0 -2 0 2 1 0 0 0 -1 0 0 -1 0 1 -3 0 1 0 23 0 1 0 0 1 0 0 0 0 -1 2 0 1 0 0 0 0 0 0 1 1 1 0 -1 0 -1 -1 -2 0 0 -1 0 0 0 -1 -1 0 -1 0 0 0 0 1 0 1 0 2 0
1 0 -1 0 0 -2 0 0 0 -1 -1 0 0 1 0 0 -1 1 1 0 1 2 1 0 -1 0 0 0 -1 0 -2 3 0 0 0 0 -1 0 1 1 1 1 0 0 0 -2 0 0 0 0 0 0 0 0 0 0 0 0 -1 0 0 0 -2 0 1 0 2 1 0 2 0 0 2 0 1 1 0 2 -1 0 0 1 0 2 1 0 0 0 1 3 0 1 0 2 0 -1 -2 2 -1 2 0 0 -1 -1 1 0 0 0 0 0 0 1 0 -2 0 0 0 0 -2 1 0 1 0 2 0 1 0 0 2 1 -1 0 0 0 -1 2 1 0 0 0 0 0 -1 0 0 0 0 1 -3 0 1 0 0 0 2 -1 0 1 0 0 0 0 0 0 0 0 1 -1 0 -1 1 0 1 0 0 0 1 0 0 0 -1 0 1 0 1 1 1 1 0 0 1 1 0 1 -1 0 -1 0 0 0 0 0 3 4 0 1 3 1 0 0 0 -1 1 0 0 0 1 0 0 -2 0 0 0 0 -1 -2 0 0 0 -1 0 1 2 0 -1 0 0 0 2 1 0 0 -1 0 -1 -1 0 1 -1 -1 0 1 1 1 0 1 0 0 -1 0 0 0 1 0 0 0 2 0 -1 0 0 2 0 0 0 0 1 0 0 1 -1 -1 1 0 1 0 1 0 1 0 0 -1 0 0 -1 1 2 -1 1 1 -1 -1 0 -1 -1 0 0 1 -1 -1 0 0 0 -2 0 0 0 0 -1 0 2 0 0 0 -1 1 0 -1 1 0 2 0 0 0 1 0 0 0 1 0 -2 0 0 0 1 0 1 -1 0 -2 2 1 0 -1 0 -1 0 -1 0 -1 -1 0 17 0 3 0 1 0 -1 0 0 0 -1 0 1 1 -1 0 -1 0 0 0 0 0 0 1 -1 0 0 0 -1 0 0 0 1 0 0 -1 0 1 1 -1 0 0 1 0 1 0 0 0
0 -1 0 -2 1 -1 0 0 0 0 0 0 1 1 0 -2 0 -2 0 1 0 0 0 1 1 0 2 0 0 -1 1 1 1 1 0 2 0 -1 0 0 0 0 0 -1 -1 0 -2 0 -1 0 1 -1 0 -2 0 0 -1 0 0 0 0 1 -1 2 1 0 -1 0 -1 -1 -1 0 1 -2 -1 0 0 0 0 0 0 0 0 0 -1 0 2 1 0 1 0 0 0 1 0 0 1 1 0 0 1 0 1 1 -1 -3 0 0 1 0 0 0 0 0 -2 1 0 0 -1 -1 -1 1 0 -2 0 2 0 0 0 -3 0 0 0 0 -1 0 0 0 2 0 -1 0 -1 0 0 1 -1 -2 0 -1 1 0 0 0 -1 0 1 0 0 0 -1 1 0 0 1 -1 0 0 0 0 0 -1 0 0 -1 -1 1 0 1 0 0 -1 1 1 0 2 0 -1 1 -1 0 0 0 -1 0 1 0 0 1 -2 -1 3 0 1 1 0 0 0 0 -1 0 0 0 -1 0 1 1 0 0 0 0 0 -1 -2 1 0 1 0 -2 0 1 0 2 0 0 1 1 0 0 1 0 0 0 1 0 0 0 0 0 0 2 -1 -1 -2 0 0 1 0 -1 2 0 0 -1 1 0 0 -1 1 0 0 1 1 -1 0 -1 -1 2 2 0 1 0 0 1 0 1 0 0 -1 0 0 0 1 0 0 0 2 0 0 0 0 0 0 -1 0 1 0 0 0 -1 -1 0 -1 2 1 0 0 1 -1 2 0 -1 1 0 1 0 -1 -1 0 -1 -1 0 0 -3 0 1 1 2 0 0 2 2 -1 0 0 -1 1 0 1 0 -1 0 -1 0 1 0 0 0 -1 0 0 1 1 0 19 0 0 1 1 -1 0 0 1 0 0 0 1 -1 0 3 0 0 -3 1 0 0 2 0 0 0 -1 1 0 -1 0 1 1 1 -1 0 1 0 0 0 1 2 0 -3 -1 1 -1
1 2 0 1 0 0 0 1 0 0 1 0 1 0 0 0 -1 1 -2 -1 0 1 0 0 0 1 0 0 -1 0 -2 0 0 -1 1 0 1 1 1 2 0 0 0 0 1 0 0 0 0 1 1 1 0 0 -1 -1 1 0 0 1 -2 -1 0 0 -1 0 -1 0 -1 0 1 1 2 0 0 0 1 0 -1 -1 -1 2 0 -1 0 1 0 0 1 0 1 0 0 1 0 -1 -1 0 1 -1 1 0 1 0 0 1 -1 0 -1 1 1 0 1 1 -1 1 0 0 -1 0 1 0 0 1 0 0 -2 0 1 1 0 0 1 1 2 1 1 0 0 0 0 0 1 -1 -1 0 0 1 -1 0 0 0 0 2 0 -1 1 2 0 1 -1 -1 1 0 0 1 -2 0 2 0 1 1 -1 -1 0 0 -2 -1 0 0 -1 0 -1 0 1 2 -1 0 0 1 0 0 0 1 0 4 2 0 1 0 -1 0 5 3 1 0 2 1 -2 1 0 -1 0 1 -1 1 0 1 1 0 -2 0 1 1 0 1 0 0 0 0 1 2 2 1 0 1 2 2 0 0 1 -1 0 0 0 0 2 1 -1 0 -2 0 0 1 0 0 1 2 1 1 0 0 1 1 0 2 1 0 0 -1 0 2 1 0 -1 0 -1 -1 1 0 2 2 0 0 2 2 4 -2 0 0 -1 0 2 -2 -1 0 -2 1 2 0 1 0 1 0 -1 -1 1 1 0 0 0 1 1 0 0 2 1 1 0 1 1 0 0 1 0 1 1 -2 0 -1 2 -1 0 -1 0 0 1 0 2 -1 0 0 1 -2 -1 -1 1 1 1 1 -1 0 0 0 -1 0 -1 0 1 -1 0 0 3 0 24 1 0 1 1 0 1 0 -1 0 0 0 0 0 0 0 1 -1 2 2 -2 3 -1 0 -1 0 0 0 0 2 -1 0 0 -1 0 0 -1 1 -1 0 0 0 0 0 0 0
1 0 -1 -1 -1 1 0 -2 0 0 -1 2 0 1 0 0 2 0 1 -1 1 3 1 1 0 0 1 -3 0 -1 0 -1 0 0 0 0 -1 -2 0 0 -2 -1 -1 -2 1 2 0 -1 0 1 2 2 0 0 0 0 -1 1 -1 1 0 -1 2 0 -2 0 1 1 -1 0 0 -1 -1 0 0 0 -1 0 -1 -1 2 1 -1 1 0 1 -1 0 -1 0 1 1 0 -1 0 0 0 -1 -1 1 1 1 1 0 0 -1 1 -2 0 0 1 -1 0 0 2 0 -1 -1 -1 1 -1 -2 0 -1 0 0 0 2 -2 0 -1 0 0 1 0 -1 -2 1 0 -3 0 1 -1 1 0 -1 1 0 0 -2 0 0 0 2 0 0 1 0 0 0 0 -1 2 -1 -1 2 1 0 0 0 0 -1 -2 0 0 3 0 0 0 -1 2 1 0 -1 1 0 0 1 -1 0 2 0 1 -1 0 3 2 1 1 2 -1 0 0 -1 -1 0 1 1 -1 -1 -1 -1 0 1 -1 0 0 3 0 1 1 0 0 0 1 -1 0 1 0 -2 0 -1 -1 -1 -1 1 1 1 0 -1 0 1 0 2 1 2 0 -1 0 0 0 -1 2 -2 -1 0 0 2 0 0 0 2 1 1 0 2 3 1 1 0 -1 0 1 0 0 0 -2 0 -2 0 -1 0 1 -1 0 0 0 1 0 -1 1 1 1 0 0 -2 0 -1 -1 1 0 0 0 0 0 -1 0 -2 -2 0 0 0 0 0 0 2 0 0 1 -1 1 1 0 2 0 -1 0 1 0 3 0 0 0 2 0 -1 1 -2 0 1 0 -1 0 0 -1 0 -1 0 0 0 0 0 1 0 0 1 0 2 -1 0 1 0 0 0 1 24 -1 -1 1 -1 0 0 -1 0 0 0 0 0 -1 0 1 0 0 -1 0 0 1 1 0 1 0 -1 1 1 0 0 3 -1 2 -1 2 1 0 1 1 -1 -2 1 0 0
-1 0 0 0 1 1 0 0 0 0 1 -1 -1 1 0 0 0 0 1 -1 0 -1 1 -1 0 0 0 1 -1 1 0 0 0 -1 -1 0 0 1 0 -1 0 2 1 1 1 0 0 2 1 0 0 0 0 0 0 0 0 0 0 0 0 1 0 0 0 1 0 0 0 -1 0 0 0 1 0 -1 0 0 1 0 0 0 -1 0 0 1 -1 1 -1 1 0 1 0 1 0 0 0 0 1 0 -1 0 1 3 0 1 0 0 0 0 -1 0 2 0 0 0 0 0 0 0 0 1 -2 -1 0 2 0 0 0 -1 1 1 0 0 0 0 -1 -1 0 0 0 0 1 0 0 1 0 0 0 0 0 0 -1 1 1 0 1 0 -1 -2 0 0 -1 -1 0 1 0 0 0 0 2 0 1 0 0 0 -1 0 0 -1 0 0 -1 0 -1 0 -1 1 1 0 0 0 0 -1 -1 1 0 0 0 1 0 0 0 2 0 -1 0 -2 0 1 1 0 0 2 0 2 0 -1 0 0 -1 0 0 0 -1 0 0 0 0 0 0 0 -1 0 -1 0 0 0 2 0 0 0 0 1 0 0 0 0 0 1 0 0 0 0 0 1 0 0 1 1 0 0 0 1 0 0 0 1 0 -1 0 1 0 1 0 -1 1 1 0 0 1 0 1 0 1 0 1 1 0 0 0 0 0 0 0 0 -1 0 -1 1 0 -1 0 0 1 0 0 0 0 -1 0 1 0 0 0 0 1 0 0 0 0 1 0 0 0 0 0 0 -1 0 0 0 2 0 1 0 1 0 0 0 1 0 -2 2 0 1 -1 0 0 -2 -1 0 0 0 0 0 1 -1 1 0 0 1 1 1 0 -1 12 -1 0 0 -1 0 1 -1 0 -2 0 0 0 0 0 1 1 0 0 0 0 0 1 0 0 2 3 0 1 0 0 -1 0 0 0 0 1 0 -1 0 0 0 0 1
-1 0 0 0 -1 0 0 0 -1 0 0 1 -1 -1 -2 2 0 2 -1 0 -1 -1 0 1 -3 0 -1 -1 0 1 -2 0 0 2 -1 2 2 0 -1 -1 1 -1 0 2 0 0 1 0 0 0 0 0 0 0 0 0 -1 0 0 -1 0 1 0 1 0 0 0 0 0 -1 2 1 0 -2 -1 1 0 -1 1 -1 1 -1 0 -2 1 1 1 0 0 0 0 0 0 -1 -1 0 -2 0 0 1 0 2 1 0 0 0 1 0 -1 0 1 1 0 -1 -1 0 0 -1 1 -1 0 -2 0 0 0 0 0 1 0 -1 0 1 0 1 0 0 0 1 1 0 1 0 0 1 0 0 0 0 0 0 0 0 1 0 0 1 1 -1 0 -1 0 0 0 2 2 0 0 0 1 1 -1 -1 0 3 1 -1 0 1 0 3 0 1 -1 1 1 1 0 0 2 0 0 1 -1 1 1 0 -1 0 1 1 0 0 -1 1 0 0 1 0 0 0 1 -1 -1 0 -2 0 1 1 0 0 0 1 0 -1 -2 0 1 0 0 -2 1 0 0 -2 0 1 0 1 0 -1 2 1 1 0 0 1 0 1 0 1 0 -1 0 -1 0 0 1 0 0 0 0 0 0 1 1 1 -1 1 1 -1 1 0 0 -1 -1 0 0 -2 0 0 0 0 2 -1 1 3 0 0 0 1 -1 0 0 0 0 -1 0 1 0 0 0 0 0 -1 0 0 2 0 0 1 0 1 1 -1 0 0 0 0 0 0 1 0 -2 0 0 -1 2 -1 -1 1 -1 -1 1 0 0 0 0 1 1 1 0 0 0 1 0 0 1 1 0 0 0 0 0 0 0 0 0 0 -2 0 0 0 0 1 1 -1 -1 19 0 1 0 2 0 0 -1 0 1 1 1 0 -1 -3 0 1 0 0 -1 0 -1 1 2 0 1 2 0 -1 0 2 0 -1 0 0 0 -1 2 0 1 0 1 0
0 0 0 0 1 1 0 0 0 0 0 1 0 0 1 0 0 0 2 0 2 1 0 0 0 0 0 -1 -1 0 -1 -1 0 0 3 -1 1 1 3 -2 0 1 0 0 -1 0 -2 -1 0 0 1 1 0 0 0 0 2 0 0 0 -1 0 0 0 0 2 0 0 1 1 1 0 0 0 -1 1 0 0 0 0 -2 2 0 -1 0 0 0 -1 0 -1 -1 1 1 -1 1 -1 -1 -2 0 0 0 1 1 0 0 -1 0 -2 0 0 1 0 0 2 0 0 -2 0 2 0 1 0 0 0 0 0 0 0 0 1 0 -1 -1 1 -1 0 -1 0 0 0 0 0 1 -1 0 1 0 0 0 0 -1 0 1 0 -1 0 0 0 -1 0 0 1 0 -1 -1 2 -1 2 2 0 0 0 -1 1 0 1 0 3 0 1 0 0 0 1 0 0 2 -1 -1 0 -1 1 0 1 0 -2 0 -1 1 2 -1 0 0 0 0 2 0 0 0 0 0 -2 0 -1 0 3 0 2 0 0 0 0 0 0 1 1 0 0 0 2 0 0 0 0 0 1 -1 2 1 0 1 0 0 0 1 0 0 0 -1 0 1 0 0 2 1 1 1 0 1 -1 0 -1 -1 1 0 0 0 1 0 1 0 0 2 1 0 0 0 -1 0 0 -1 1 0 1 0 0 0 0 1 0 0 0 0 -1 1 -1 1 0 0 3 0 1 0 0 0 -2 1 0 -1 -1 0 0 0 1 1 -1 0 1 1 0 0 0 -1 0 0 -1 -2 0 0 0 0 1 0 -1 0 0 0 0 0 0 0 0 0 0 -1 0 0 0 -1 3 -1 0 1 1 1 0 0 0 0 1 0 0 -1 -1 1 1 0 0 18 0 0 -1 0 0 0 1 0 1 0 0 1 0 1 1 0 2 0 -1 0 1 0 0 1 0 -1 0 0 0 1 -1 1 0 0 0 0 0 0 0 0 1
0 -1 0 0 0 0 0 1 0 0 1 -1 1 0 1 -2 0 0 0 0 1 -1 0 0 0 1 1 -1 0 0 0 -2 -1 2 0 0 -1 1 -1 0 0 0 -1 0 -1 -1 1 1 -1 1 -3 0 1 2 0 -1 -1 0 1 0 3 2 1 0 0 0 -2 1 2 0 0 0 0 1 0 2 0 0 0 0 0 0 0 0 -1 1 0 0 1 0 0 0 0 0 -1 0 0 0 -1 -1 0 0 0 1 0 -1 0 0 0 0 1 1 0 0 1 1 0 0 1 0 0 0 0 0 -1 1 0 0 1 0 1 1 -1 0 -1 1 2 0 -1 0 0 0 1 0 0 -1 0 1 0 2 -1 -1 0 -1 0 0 -1 -1 1 0 1 1 -1 0 -1 -2 0 0 1 0 0 0 0 0 0 -1 0 1 0 1 0 -1 1 0 0 1 1 1 -1 0 -2 0 0 2 0 -1 0 0 0 0 0 0 -1 -1 0 0 -1 2 -1 0 0 0 1 0 1 1 -1 0 2 2 -1 0 0 0 0 0 1 -1 0 0 0 0 0 -1 0 1 0 0 0 1 1 0 1 0 0 1 1 0 1 0 1 -1 0 1 0 0 1 0 1 0 0 0 0 0 0 -1 0 -1 -1 0 2 -1 0 0 -1 0 0 1 0 1 -1 0 0 0 1 -2 1 2 -1 1 1 -1 0 0 -1 2 0 1 0 0 1 1 0 0 -1 0 0 -1 0 -1 0 0 0 0 0 0 0 0 -2 0 -1 0 -1 1 1 0 -1 0 0 0 1 0 2 0 0 1 0 1 0 1 0 0 1 -2 1 -1 3 -1 1 1 -1 0 1 1 0 1 0 0 0 0 -1 0 0 0 0 -1 0 1 0 16 -2 0 0 0 0 0 0 1 0 0 0 0 -1 1 0 0 0 0 0 1 1 0 0 1 -2 0 1 0 0 -2 2 -1 0 0 0 0 0 2 0 2
0 1 0 0 -1 0 -1 0 0 0 -1 1 1 0 0 0 0 0 -1 -2 0 -3 0 1 0 0 1 0 0 0 0 0 0 -1 2 0 1 -1 0 2 0 0 2 0 1 0 0 0 0 -1 0 -1 0 0 1 -1 1 0 0 1 0 0 1 -1 0 0 0 -1 1 0 1 -1 0 -1 0 -1 0 0 -1 1 0 0 0 1 0 1 -1 1 -1 0 1 1 0 0 0 0 1 0 -1 0 0 0 0 0 -1 0 0 0 -1 -1 -1 0 0 0 0 0 2 0 0 0 1 -1 0 0 0 1 0 0 1 1 0 -1 0 -1 0 -1 0 0 0 0 -1 0 0 1 0 -1 0 0 0 0 0 1 0 1 0 0 0 -1 -1 0 -1 -2 0 0 0 0 1 1 0 0 -1 0 1 1 0 0 -1 0 0 -1 -2 1 0 0 -1 0 -3 0 -1 1 0 0 -1 0 0 0 0 0 1 0 0 0 1 0 0 1 1 -2 -1 0 -1 0 0 2 -1 0 0 -1 2 0 -1 0 0 1 0 1 1 0 0 1 1 1 1 0 0 0 -1 -2 1 -2 0 1 0 -2 1 0 -1 1 -2 0 0 1 0 1 1 -3 1 0 0 0 1 -1 0 0 -3 0 0 -1 -1 0 -1 1 2 -1 -1 0 0 3 1 0 0 0 1 0 -1 0 -1 -1 2 0 0 0 2 -1 0 -1 0 0 3 0 0 0 1 1 0 0 0 1 0 0 0 0 0 0 1 -2 0 0 0 -2 1 0 1 1 0 0 0 0 0 0 0 1 -1 -1 0 0 -1 1 0 0 0 0 1 0 0 0 -3 0 0 0 1 0 1 0 0 1 0 1 -1 0 0 0 0 0 1 0 -1 0 0 -2 16 0 1 -1 -1 0 0 0 -2 0 -1 1 0 -2 0 0 0 1 1 0 2 0 -1 0 0 0 0 -1 0 0 -1 1 0 0 -2 -1 0 0 0 -1
-2 0 0 0 1 0 0 -1 0 2 0 -1 -1 0 0 0 0 0 0 0 0 1 0 -1 0 0 0 -1 0 -1 -3 0 0 1 -1 0 -1 -1 0 0 -1 0 1 0 0 1 0 0 0 0 -1 -1 0 1 0 0 -1 0 -1 0 0 -1 0 0 0 -1 0 0 -2 0 -1 0 0 0 0 -1 0 -1 0 0 1 0 1 0 0 -1 0 1 0 -1 -1 0 0 1 0 -1 0 1 0 0 1 2 -1 0 0 -1 0 -1 0 1 -1 0 0 -1 -1 0 0 1 0 0 0 -1 0 1 -1 -1 0 0 -1 0 0 0 0 0 0 0 -1 0 1 1 0 0 -1 0 0 0 -1 -1 0 0 1 -3 0 0 1 1 0 -1 0 1 0 0 0 1 0 -1 0 0 -1 0 1 -2 0 0 0 1 0 0 1 -2 1 -1 0 1 0 0 0 1 1 -1 0 -1 0 0 1 0 -1 0 0 0 0 -1 0 -1 0 -1 -1 0 0 0 0 0 1 0 -1 -1 1 0 0 0 -1 0 0 -2 0 0 1 0 1 0 0 0 1 -1 0 0 0 0 -4 1 -1 0 0 1 0 0 0 0 1 0 -1 0 -1 -2 -1 0 0 2 -1 0 0 0 1 0 1 0 0 1 -2 0 1 -1 -1 0 -1 0 -1 1 0 0 0 -1 0 -1 0 2 1 0 -1 -1 -1 0 0 0 0 0 0 0 0 0 1 0 -1 0 1 1 0 0 0 0 0 -1 0 0 -1 -1 -1 -2 0 1 0 2 0 0 0 -1 0 1 0 0 0 -1 1 -2 0 0 0 -1 0 0 0 -1 0 0 0 1 0 0 1 -1 0 0 0 0 0 -1 0 2 0 0 0 -1 0 1 0 0 0 2 -1 0 0 12 0 0 0 0 -1 0 1 0 0 -1 0 -1 -1 0 0 1 1 2 0 0 -1 -1 0 -1 0 0 0 0 0 -1 0 -1 0 0 0 0 0 0
-2 0 0 1 0 2 0 0 0 -1 1 1 0 0 0 0 0 2 -1 0 0 0 1 0 1 -1 0 0 2 2 -1 -1 0 0 -1 -1 -1 0 2 -1 0 0 0 -1 0 0 0 2 0 0 0 0 0 0 0 0 0 0 0 0 -1 0 0 0 0 0 0 0 -1 0 0 0 -1 1 0 0 0 0 1 2 0 0 0 0 0 -1 -1 3 -1 0 0 0 0 0 0 0 1 0 2 1 0 1 0 1 1 0 0 0 0 0 2 1 0 0 2 0 1 0 0 0 -1 -2 0 0 0 0 1 0 0 1 1 0 0 0 -1 0 0 -1 1 -1 0 -1 0 -1 0 0 0 -2 1 0 1 0 -1 1 0 -1 0 -1 -1 -1 0 0 1 2 0 0 -1 0 1 1 -1 0 0 0 -1 0 0 1 -1 -2 0 0 0 1 -1 1 -2 1 0 0 1 -1 -2 1 0 0 0 1 1 -1 0 0 -2 -1 0 -1 0 0 -1 0 0 0 0 -1 2 0 0 0 1 0 -1 0 0 1 0 -1 0 0 -1 0 1 -1 -1 0 0 0 0 -2 -2 -1 1 -1 0 1 0 -1 0 0 1 0 0 -2 1 -1 1 0 -1 1 0 0 0 1 0 2 -1 0 -1 -1 -1 1 1 -1 0 0 -1 1 0 1 0 0 2 -1 -1 0 0 0 0 0 0 1 0 0 1 0 0 0 -1 1 1 0 0 -1 0 1 0 0 1 0 0 1 -1 -1 -1 0 0 0 0 0 0 -1 0 -1 1 1 0 1 -1 1 0 0 -1 0 0 -1 0 0 0 1 -1 -1 1 0 -1 -1 -1 1 -3 -1 -1 1 0 0 0 0 0 0 1 0 1 -1 -1 2 -1 0 -1 -1 1 0 0 0 1 0 16 0 0 2 0 0 0 -1 -1 2 3 1 0 -1 2 1 1 0 1 2 0 1 0 0 1 -1 0 0 0 0 0 -1 -1 0 1 0 0 0
1 0 0 -1 0 0 1 0 0 0 -1 0 1 -1 0 -1 1 -1 0 -1 0 0 0 0 0 -1 -1 0 0 0 -3 0 0 1 0 0 0 0 0 0 -1 0 -1 0 1 0 0 0 0 0 0 1 0 0 0 0 1 -1 0 -1 0 0 1 0 0 0 -2 -1 0 -1 0 0 0 0 0 0 0 -1 2 -1 1 -1 0 0 0 1 0 -2 0 0 0 0 0 0 1 -1 -1 -1 0 1 -2 1 0 0 0 0 0 0 0 -1 0 -2 0 0 0 -2 -1 0 0 -1 -1 -1 1 0 0 0 0 0 -1 1 -2 1 1 0 0 0 -2 0 0 0 0 0 -2 0 0 -1 0 0 0 0 0 0 0 1 0 -1 -2 0 0 0 0 1 0 0 0 0 -2 -1 -1 2 0 0 0 0 0 0 -1 0 0 -1 0 -1 0 0 0 0 0 1 0 0 0 1 0 0 0 0 0 0 0 0 0 1 0 0 0 1 0 0 1 0 -2 1 1 0 0 0 0 0 -1 0 2 0 -3 -1 0 -1 0 -1 0 1 1 0 0 1 -2 0 0 0 0 0 0 0 0 0 0 -1 0 0 2 -1 1 -1 -1 -1 0 0 0 1 0 0 0 1 0 0 0 -1 0 1 0 0 0 0 0 1 1 -1 0 -1 0 0 0 0 -1 1 0 0 0 0 1 0 -1 0 0 0 0 1 1 0 0 0 0 0 -2 1 0 0 0 -1 0 1 0 0 0 0 1 -1 1 0 1 0 1 0 0 -1 0 -2 0 1 -1 0 0 0 0 -1 -1 1 0 1 -1 0 0 0 0 0 1 1 1 0 -1 0 0 0 0 -1 0 1 0 0 -2 0 0 0 0 0 0 0 -1 0 0 0 -1 0 0 13 0 1 1 0 1 0 0 0 0 0 -1 0 0 -1 0 -1 0 -3 -2 0 1 0 1 0 0 -1 0 1 0 2 0 1 0 0 0 -1
0 -1 -1 -1 0 0 1 0 0 -1 1 -1 0 0 1 -1 0 -1 1 0 -1 0 1 1 0 0 2 0 1 2 -1 0 -1 0 1 0 -1 0 0 0 0 0 0 1 0 0 0 -1 1 0 0 1 2 -1 0 -2 0 0 0 1 0 0 1 0 0 1 0 -1 0 1 1 0 0 -1 1 -1 0 0 0 -1 0 -1 1 1 0 0 -1 -1 1 2 1 0 1 1 0 -1 0 0 -1 -1 0 0 0 1 1 -1 0 1 0 0 1 1 0 0 4 -1 1 1 2 1 -1 1 0 0 0 0 1 1 1 -1 -1 0 -1 0 1 1 1 0 0 0 0 0 0 -1 1 0 1 -1 0 0 1 0 0 0 0 0 0 1 1 0 0 0 1 0 -2 0 0 -1 0 1 0 0 0 0 0 0 0 0 0 0 0 -1 -1 1 -1 1 1 0 0 0 1 -1 2 1 1 0 -1 -1 -1 0 0 -1 0 1 -1 2 0 1 1 1 0 0 0 2 1 1 -1 -1 0 0 2 0 -2 0 0 2 0 0 -1 0 0 1 -2 0 0 0 0 2 3 0 0 1 1 1 1 -1 0 0 0 -1 0 0 0 1 -1 0 0 1 0 1 -1 -2 0 0 -1 0 -1 0 0 0 2 1 0 1 1 0 0 0 1 1 0 2 0 -1 0 0 -1 0 1 1 1 0 1 0 0 0 1 0 -1 0 0 1 -1 0 0 0 0 -2 0 0 1 0 1 0 0 1 0 0 1 0 0 0 1 -1 1 2 0 0 0 -1 -2 0 0 -1 0 1 1 -1 0 -1 0 0 1 1 0 1 1 0 0 0 1 0 -1 0 1 0 1 0 1 0 1 1 1 0 0 0 0 -1 0 0 -1 0 0 0 17 1 -2 0 0 -1 -1 0 3 0 0 -1 0 0 2 0 0 1 1 -1 0 0 0 0 0 0 0 0 0 3 0 0 1 0 0 0
0 2 0 -1 0 -1 0 0 0 0 3 0 1 0 1 -2 0 1 0 0 0 0 0 -1 0 1 1 1 2 -1 0 -1 1 1 -2 -1 2 1 0 -1 0 1 0 1 1 -1 -1 1 1 0 3 0 0 -3 1 -1 0 -1 0 0 -1 -1 0 3 1 -2 0 0 0 0 0 0 0 -1 -1 1 0 0 0 2 0 0 1 1 1 -1 -1 0 0 1 0 0 0 1 1 0 0 0 0 0 1 0 0 0 1 -1 0 0 0 1 0 0 -2 -1 2 0 0 1 0 -2 -1 0 2 0 0 1 0 -1 0 2 -1 1 -1 0 -1 0 1 0 -1 0 -1 0 -1 0 0 0 1 2 0 2 0 0 1 0 1 0 0 1 0 0 0 0 -2 2 -1 0 -2 0 2 -1 0 1 0 0 0 0 0 1 0 -1 0 0 0 1 -1 3 0 -1 0 -1 0 0 0 0 0 1 2 0 -1 1 1 1 2 1 -1 0 1 1 1 -1 0 0 0 -1 -1 1 0 1 1 1 0 -1 1 0 1 1 0 0 -2 1 0 0 0 0 1 0 0 0 0 0 -1 -1 0 0 0 1 -1 1 0 -2 2 0 0 0 1 1 0 0 -2 -2 -1 0 0 1 0 0 1 -1 -2 2 2 0 0 -1 2 0 1 -1 -1 -1 -2 -3 -1 1 1 0 -2 -1 2 0 -1 -1 1 0 2 -1 0 -1 1 -2 0 0 1 0 0 -1 -1 0 0 1 0 0 1 -1 0 -1 0 0 2 1 0 -1 0 0 1 0 1 1 1 0 2 1 0 0 -2 -2 2 -1 0 0 0 0 0 -2 -1 0 -1 0 -1 -1 1 0 0 0 0 0 2 0 0 1 -1 0 1 1 0 0 -2 0 1 0 0 0 2 1 1 21 0 -1 1 0 1 -2 0 1 0 -3 -1 1 1 0 -1 -1 -3 0 0 0 -1 -2 0 0 0 1 1 1 0 0 1 1 1 -1
0 0 -1 1 0 0 0 0 -1 0 2 0 1 -1 -1 1 -1 1 -1 0 -1 1 2 -1 1 1 -1 1 0 0 0 -1 -1 0 0 0 3 3 -1 0 1 0 0 1 -1 0 -2 0 -1 0 0 1 0 1 -1 0 2 0 0 0 1 1 -1 1 0 -1 1 0 0 -2 -1 -1 -1 -2 0 0 0 0 0 0 0 3 0 -2 1 -1 1 2 0 0 1 2 0 0 -1 0 0 -1 0 -2 -1 2 2 0 -1 1 0 -1 0 1 1 -1 0 0 1 2 0 0 1 -1 2 -1 0 0 0 2 0 3 0 1 0 0 0 1 0 -2 0 1 0 1 -1 0 -1 -2 0 0 -1 0 1 0 -1 0 2 -1 0 -1 1 1 -1 -2 3 1 2 0 1 -1 1 1 2 1 1 0 -1 1 1 0 1 0 -1 0 0 0 1 0 -1 0 -2 1 -1 -1 0 1 1 1 0 0 -1 0 1 1 3 3 1 -2 1 2 -2 0 0 0 0 0 1 0 0 2 0 1 -1 1 2 0 3 0 2 0 0 0 0 1 2 -1 0 1 0 0 -1 0 2 0 1 2 0 0 -1 0 -3 1 3 -1 1 -1 0 0 0 3 0 2 3 2 0 2 -2 0 0 0 1 1 2 0 1 -1 2 0 0 -2 -2 0 -2 -2 1 1 0 2 -1 -1 2 2 1 0 0 0 1 -1 1 1 1 0 -3 1 0 -1 0 -1 -1 -1 0 1 0 -1 0 2 0 2 0 0 2 0 1 0 0 -1 0 0 0 0 0 1 0 0 -1 0 1 1 0 1 -1 0 0 0 1 -1 0 0 0 1 0 0 0 1 2 1 1 0 0 0 0 3 -1 0 1 0 -1 -1 0 0 0 1 0 0 0 -1 0 1 -2 0 25 -2 0 0 0 0 -2 2 0 -1 0 -1 -1 0 3 -1 0 0 0 -1 0 0 0 0 -1 -1 0 1 1 0 1 2 0 1
0 0 0 0 1 0 -1 0 0 0 -1 -1 1 1 1 0 0 0 0 1 1 -1 0 0 -1 -1 -1 0 0 1 0 0 0 0 0 1 -2 0 -1 -3 0 -1 -1 0 0 0 1 0 0 -1 -1 -1 0 0 -1 0 0 0 0 0 0 1 0 -2 1 0 -1 1 0 0 0 0 0 -1 -1 -1 0 0 1 0 1 0 -1 0 0 0 0 -1 0 1 -1 0 0 -1 0 0 1 0 2 0 -1 1 0 0 0 -1 0 0 1 -1 0 1 0 0 0 0 -2 0 1 0 0 0 0 0 0 1 0 0 1 0 0 0 0 0 0 1 0 0 0 2 0 0 0 0 0 -1 1 -1 0 1 0 -1 0 0 0 1 0 0 0 0 0 1 0 0 0 0 -2 0 0 -1 1 1 1 0 1 1 -1 3 0 0 -2 1 0 -1 0 -1 2 -1 0 0 -1 1 0 0 0 -1 0 0 0 1 0 -1 0 0 0 0 0 1 -1 -1 1 0 -1 0 0 2 0 1 1 0 0 0 -1 -1 0 -1 0 0 0 -2 0 0 0 0 0 0 -2 1 2 1 1 1 1 0 0 2 0 1 0 0 0 0 0 0 0 0 1 0 0 -1 0 0 0 -2 2 -2 1 1 -1 0 -1 0 -1 0 0 1 0 0 -1 0 0 1 0 -1 -1 0 0 1 0 1 0 0 1 0 2 0 -1 0 2 1 -1 0 1 0 -1 0 0 0 -2 0 0 0 0 1 0 1 -1 0 0 0 -1 0 1 0 0 0 -1 1 -2 2 0 0 1 0 0 -1 0 1 1 1 0 0 0 -1 0 0 1 0 0 0 -1 -1 0 1 0 0 0 -3 -1 -1 1 0 0 0 0 0 0 1 1 1 0 0 0 0 0 -1 -2 16 1 0 -2 -3 0 2 0 1 0 1 0 0 -2 0 0 1 0 0 0 0 0 -1 1 0 1 -1 -1 0 -1 -1 -1 0
-2 0 0 0 0 1 1 -2 0 0 0 1 -1 -1 0 1 1 0 0 -1 -2 2 -2 1 0 0 -1 0 0 -1 0 0 0 -1 0 0 -1 -1 0 -2 1 0 -1 0 -1 0 -3 0 1 0 2 0 0 -2 0 -1 -2 0 0 -1 0 1 0 0 0 0 -2 1 1 0 0 0 0 -1 -1 1 0 0 0 0 0 -1 0 -1 0 0 1 -1 -1 0 -1 0 1 0 0 -1 0 0 0 0 0 1 0 0 -1 0 0 -1 1 0 0 0 0 -1 -1 -1 -1 1 -2 0 0 1 0 0 0 0 0 0 1 0 0 0 1 0 0 -1 0 0 0 0 0 0 0 -1 0 0 2 0 0 0 0 0 0 0 -1 1 1 -2 -1 -1 0 1 -1 0 1 -1 -1 -1 0 -1 -1 0 0 0 -1 0 0 0 1 2 -3 -1 -1 0 -1 1 -1 1 1 -2 0 1 -1 -1 0 -1 1 0 0 -1 -1 1 1 0 -1 -1 0 0 0 0 1 0 0 0 0 -1 0 -1 0 -1 0 0 0 -1 -1 -1 0 0 -1 1 0 0 1 0 1 0 0 1 -3 0 1 0 0 0 -1 -1 1 -1 -2 0 0 -2 0 -1 0 -1 0 -1 0 -1 0 0 1 0 3 0 0 1 0 0 1 -1 0 0 1 -1 0 -1 -1 0 0 1 0 -1 -1 2 -3 0 0 -1 -1 0 1 0 1 1 -2 1 0 0 0 1 1 0 -1 2 0 -1 0 -2 -1 0 1 0 0 1 -1 1 1 1 0 0 -1 0 0 2 0 -1 0 0 -1 -2 0 0 0 1 3 1 0 0 1 0 1 -1 0 0 0 0 0 -1 -1 0 0 0 0 -1 0 -1 0 0 3 0 -1 3 0 -1 0 1 0 0 -2 1 0 1 0 1 0 1 16 0 1 -5 0 0 0 -1 0 -1 0 -1 -2 0 -1 -1 0 0 -1 1 0 -2 0 1 0 0 -1 2 0 0 1 -1
1 0 0 -1 0 0 0 2 1 0 0 2 1 0 0 0 0 -1 -1 1 0 0 0 1 -3 1 -2 -1 -2 0 0 0 -1 0 1 0 1 0 -1 -1 0 1 0 0 1 -1 -1 0 0 -1 1 0 0 0 0 -1 0 0 0 1 0 -1 0 0 0 -1 0 0 -1 0 -1 1 -1 0 1 -2 -1 0 0 0 -1 0 0 -1 0 0 0 0 0 0 0 -1 0 0 2 1 0 0 1 -1 -1 0 0 0 0 0 0 0 -1 1 0 1 2 1 1 0 0 0 0 0 0 0 1 0 -1 -1 0 0 1 1 -1 0 0 0 1 1 0 1 1 0 1 -1 0 0 0 0 0 0 0 0 0 0 -1 0 2 1 0 0 1 0 1 -1 1 -1 1 -1 1 0 -1 1 0 2 0 1 1 1 0 0 0 1 0 0 0 0 -2 -1 -1 1 0 0 0 1 0 1 1 0 1 0 1 1 0 -2 1 1 -1 -1 0 0 0 1 0 0 0 0 1 -1 0 0 -1 1 0 1 0 -2 0 0 0 0 2 0 0 1 2 2 0 0 0 -1 0 0 0 1 0 1 0 1 0 1 0 1 -2 0 1 0 0 0 1 0 3 1 1 0 1 -1 1 1 1 0 -1 0 1 1 0 0 0 0 0 2 -1 0 -1 -1 0 0 1 0 2 1 0 -1 0 0 0 0 0 -1 0 0 -1 1 0 -1 -2 0 1 -1 0 0 0 -1 0 1 0 0 0 0 1 0 0 2 0 0 -1 0 0 0 2 0 0 0 1 0 0 1 0 -1 -1 0 -1 0 0 1 0 -1 1 0 0 3 1 0 2 0 1 -1 0 0 0 -1 0 0 0 0 0 0 0 0 0 0 0 0 0 0 -1 0 -1 0 0 0 0 15 -1 1 0 -1 0 -2 0 -1 0 0 0 1 -2 1 -1 0 0 1 -1 0 1 0 0 -1 0 0 1 0 1 -1
0 1 0 0 1 -1 0 1 -1 0 2 -2 -2 1 0 -1 -2 1 0 1 2 1 0 1 0 -2 0 0 0 -1 0 1 1 1 -1 0 0 1 0 0 -2 1 0 -1 1 0 0 0 -1 -1 0 0 0 0 0 0 0 0 0 0 -1 0 -1 2 0 0 1 -1 0 1 1 0 2 0 0 0 1 0 0 -2 -1 2 0 0 0 0 0 0 1 1 0 1 0 0 0 0 0 -1 0 0 3 -1 1 0 -1 1 0 -1 -3 1 0 1 -1 -1 -4 0 0 2 0 0 0 1 1 0 -1 1 1 -1 0 0 1 0 0 0 1 0 0 0 0 0 0 0 0 0 0 0 0 1 1 0 1 1 0 0 0 1 0 0 0 -1 0 -1 0 -2 0 2 1 0 1 -1 0 0 0 0 -1 0 1 0 1 2 1 0 0 1 1 1 1 -1 1 0 0 0 -1 0 0 1 0 0 0 0 -1 1 1 1 -2 0 0 0 -1 0 1 -1 -1 1 0 -1 0 0 0 0 -1 1 1 0 -1 -1 -1 0 0 0 1 0 -1 0 1 0 0 1 0 0 0 -1 1 1 -1 -2 -1 0 1 -1 0 0 0 0 0 -1 1 -1 -1 1 1 -1 -1 -1 0 0 1 1 0 -1 1 -1 2 1 1 0 1 -1 0 1 1 0 1 0 0 0 1 0 0 -1 -2 0 0 -2 -2 -1 -1 0 1 -1 1 1 0 0 0 0 0 -1 1 0 0 0 -1 -3 0 0 -1 -1 1 1 1 0 0 0 0 1 1 1 1 0 1 0 1 0 0 0 2 1 0 1 0 1 0 1 0 0 1 -1 0 1 0 0 1 0 0 0 1 2 -1 3 0 0 0 0 1 1 0 -1 1 0 -1 0 -1 0 -1 1 0 -2 1 -1 17 2 0 0 1 1 0 0 -1 2 1 1 0 1 0 1 1 0 2 0 2 1 0 2 0 -1 -1 0 0 1
-1 0 0 0 1 -1 0 0 1 0 0 -1 2 1 1 0 0 -2 0 2 1 0 0 0 2 0 1 1 0 1 1 -1 0 0 1 0 1 -1 0 2 0 0 1 1 2 0 2 2 0 0 0 -1 0 2 1 0 0 0 0 2 -1 1 0 -2 0 0 -1 -1 0 1 1 0 -1 1 0 -1 0 1 0 0 -1 0 0 1 0 0 1 0 2 0 2 0 -1 0 0 0 1 0 0 0 0 -1 0 2 -3 0 0 -1 0 0 -1 1 1 -1 1 2 1 1 1 3 0 0 1 0 0 0 0 -1 0 0 2 0 0 0 -1 1 0 -1 -1 0 -1 0 0 1 0 0 0 0 -1 0 0 1 0 0 0 0 0 0 1 0 0 0 1 0 0 1 1 0 0 0 -1 -1 1 1 0 0 1 -1 1 -1 2 0 0 1 -1 -1 1 0 1 2 1 1 1 2 0 1 1 1 0 -1 1 -2 -2 0 0 2 -2 0 -1 0 -2 -1 -1 0 -1 0 -1 -1 0 1 -2 0 0 1 1 1 0 0 2 1 1 -1 -2 0 0 0 1 -1 -2 -1 1 0 1 0 2 0 0 1 0 0 0 -1 1 1 2 0 1 1 0 1 0 1 0 3 -2 0 -1 -1 1 0 1 0 0 2 0 0 0 0 1 1 0 0 1 0 0 0 0 0 0 -1 1 0 0 0 -1 -1 1 -1 0 1 1 0 0 1 0 -2 2 0 1 1 -1 0 -2 -1 0 -3 1 0 -1 0 0 0 2 0 0 2 0 2 0 0 -2 1 0 0 0 1 -2 1 0 -2 -1 0 0 0 0 0 -1 0 0 1 1 -2 0 0 1 0 0 0 1 1 -1 1 0 -3 -1 0 1 -3 0 0 1 -1 2 0 0 -2 0 -3 -5 1 2 23 1 -1 0 0 2 0 0 -2 3 -1 -1 1 0 2 1 2 1 2 0 -1 0 0 -1 -1 1 0 0 0
0 0 0 0 0 -1 0 0 -1 0 0 0 -1 0 0 0 0 -1 0 0 1 1 0 1 1 1 1 0 -2 2 0 0 0 0 0 0 1 1 1 -1 0 0 0 0 0 1 0 1 0 0 1 0 1 -2 -1 0 -1 1 0 0 -1 0 1 1 0 1 2 -1 0 -1 2 1 1 0 0 -1 1 0 1 0 1 0 1 -1 -1 1 -1 1 0 0 0 0 1 -1 1 -1 1 0 0 1 1 2 1 0 2 0 3 1 -1 -1 2 0 0 1 1 -1 0 -1 1 0 0 -1 -1 0 1 0 1 1 0 0 -1 0 0 -1 0 -1 -1 0 2 0 -2 0 0 0 0 0 0 1 1 -1 1 0 0 2 0 0 1 2 0 0 -1 1 1 0 -1 0 1 1 0 0 0 1 0 0 0 -1 0 0 0 -1 0 1 1 1 -1 1 0 0 1 0 2 -1 1 0 1 1 0 0 -2 0 2 0 0 0 0 0 -1 0 0 0 2 -3 1 0 1 -1 -1 1 0 0 -1 1 -1 4 1 0 0 0 0 0 -1 1 0 0 0 0 -1 0 2 0 1 0 1 1 1 0 2 0 0 1 0 0 0 0 0 0 0 1 1 1 0 -1 0 0 0 0 2 0 0 0 1 1 -1 1 1 0 0 -1 2 1 0 0 1 0 3 2 2 0 -1 0 1 0 -1 2 0 -1 -1 1 1 2 0 0 0 0 2 0 0 0 0 0 1 0 0 0 0 2 0 0 0 -1 0 -1 1 0 0 0 0 0 0 0 1 1 -1 0 0 0 1 0 0 -1 1 -1 0 0 0 3 -1 2 0 0 2 0 -1 0 0 0 0 1 1 0 1 1 0 1 2 0 1 0 1 -1 0 0 3 0 3 0 -2 0 0 0 0 1 18 0 -1 0 0 0 0 0 1 1 0 1 0 0 0 1 0 1 0 0 0 -1 2 0 0 0 0 1
1 1 1 1 2 -1 0 0 -1 1 -1 0 1 0 -1 1 1 2 0 1 2 2 0 0 1 1 1 0 0 -1 -1 0 1 1 -3 2 1 1 -1 0 0 1 1 1 0 1 1 -1 -2 2 0 -2 1 0 -1 2 0 1 1 0 0 2 0 2 3 1 -1 1 3 1 1 0 0 0 -2 1 0 1 0 0 0 1 0 0 -1 -1 1 0 0 0 0 -1 -1 -2 -2 0 0 2 1 -1 -1 3 -1 -1 -2 3 0 0 2 1 1 0 2 -1 1 2 -3 1 1 0 2 -1 0 0 0 2 0 1 2 1 -1 1 -1 0 1 2 0 0 0 0 -3 -2 1 0 0 1 0 1 2 0 0 -1 0 0 -1 1 0 1 0 0 -1 1 1 1 1 0 -3 0 1 0 2 0 0 1 1 1 0 1 0 0 0 -1 -1 -2 0 -1 0 -1 0 0 1 0 -1 2 0 -1 0 0 2 0 2 0 2 -1 1 2 -1 1 1 -1 0 1 1 1 0 1 1 0 0 -1 0 -2 0 0 -1 1 -2 0 1 1 0 0 1 -1 0 0 0 0 4 2 1 0 1 0 -1 1 0 -1 1 0 0 -3 0 3 3 1 -2 2 2 1 1 1 1 1 0 -2 -1 -1 -1 -1 0 1 -1 0 2 2 2 -2 -1 0 1 -1 0 1 0 1 1 0 -1 2 -2 0 1 1 0 0 -3 0 1 0 1 0 1 -1 0 1 1 -1 -1 0 0 0 0 1 1 1 0 0 1 1 -1 1 -1 1 0 0 0 -1 -2 -2 -2 -1 -1 -1 0 0 0 0 0 -2 1 -1 -2 0 0 0 3 0 0 -1 -1 -1 -1 2 0 0 1 1 1 -1 3 1 0 0 2 -1 0 1 1 1 -2 -1 1 0 0 1 2 2 0 -1 0 -1 0 29 0 -2 -1 0 0 0 1 0 1 1 0 0 -1 1 -1 0 0 0 1 0 -1 -1 1 0 -1 0
1 0 1 1 0 0 0 0 0 0 0 0 -1 0 1 0 -1 0 0 1 -1 1 0 1 -1 1 0 0 0 0 0 0 0 0 0 0 0 0 0 0 0 -1 1 -1 0 1 0 1 0 0 0 0 0 0 0 0 0 0 -1 1 0 0 0 0 0 0 1 1 0 1 0 -1 1 0 1 0 0 0 0 1 1 1 -1 0 -1 0 0 1 0 0 0 1 1 -1 0 2 0 0 -1 0 1 0 -1 0 -2 0 0 1 0 0 0 -1 0 -3 -1 1 1 1 -1 0 -2 0 0 1 0 0 1 0 0 -1 0 0 0 0 -1 0 0 0 0 0 2 0 0 1 0 0 1 0 0 -1 0 0 -1 0 0 0 -1 0 0 0 0 0 3 1 0 0 -1 0 -1 0 0 1 1 1 -1 0 1 0 0 1 0 0 0 0 0 -1 0 0 0 1 0 -1 -1 -1 -1 0 0 0 0 0 -2 0 1 0 -2 1 0 0 0 0 0 -1 0 0 0 2 1 -1 0 1 2 0 0 0 1 0 0 0 0 2 1 0 1 0 1 -1 0 0 2 0 -1 0 -1 1 0 0 0 0 1 0 -1 1 0 1 1 1 0 -1 1 0 0 0 1 1 0 1 -1 0 -1 0 0 0 0 0 -1 1 2 0 0 0 0 0 0 1 1 -1 -1 0 0 2 0 1 0 -1 1 -1 0 -1 0 0 1 -1 0 -1 0 0 0 0 0 -1 0 0 0 0 0 0 -1 0 0 0 1 1 0 -1 1 1 1 0 -2 0 -1 -1 0 0 -1 0 0 0 0 0 1 0 0 0 0 0 1 -1 0 0 0 1 1 0 0 0 2 1 0 0 0 0 0 0 -2 0 0 0 0 0 0 -1 0 -1 0 0 0 0 0 0 1 0 -1 0 12 0 0 0 0 0 0 1 0 1 -1 0 0 0 0 0 0 0 0 1 0 0 0 0 0 0
1 -2 -1 0 0 0 0 0 1 -1 0 0 -1 1 1 -1 0 0 -1 -1 0 -1 0 0 2 -3 0 -1 0 0 0 -1 0 0 0 0 -2 1 1 0 0 0 0 0 -3 0 1 0 0 -2 -2 0 0 -2 0 1 0 0 0 0 0 3 0 1 -1 0 0 0 1 1 0 0 1 1 -1 -1 -2 1 0 0 0 1 0 0 0 0 1 0 0 0 0 1 0 0 0 0 -1 0 0 0 0 2 0 2 0 -1 -1 -1 0 0 0 1 1 0 -4 -1 0 1 0 2 1 0 1 1 0 -1 0 0 -1 -3 1 0 1 1 1 1 -1 0 -2 -1 0 0 1 1 0 -1 0 -1 -1 0 -1 1 0 0 -2 -1 0 0 1 0 0 3 0 -2 2 0 0 0 0 1 2 -2 0 -1 -1 -2 1 1 1 -1 -3 0 0 0 0 1 0 0 0 0 -2 0 0 1 0 0 -1 -1 0 -1 0 -1 1 0 1 0 0 0 0 1 0 0 -2 0 0 1 0 1 0 0 0 0 1 0 0 0 0 0 0 1 0 0 0 0 0 0 1 0 0 -1 0 0 0 1 0 0 0 -2 -1 0 2 1 0 0 0 0 0 1 -1 0 0 -1 -2 1 0 0 1 -1 0 1 0 1 0 0 -2 0 0 1 1 0 3 2 0 0 1 1 0 -1 0 0 0 0 0 -1 -1 3 -1 0 1 0 0 0 0 0 0 0 2 -1 0 0 0 1 -1 0 1 -1 0 0 0 -1 0 0 -1 0 0 -1 -1 -1 1 1 0 1 1 -1 0 0 1 0 2 0 -1 0 0 1 1 0 2 0 0 0 1 1 0 0 0 0 -1 0 1 1 -1 -1 1 2 3 0 0 0 2 0 0 0 -1 0 -1 -3 -1 1 -1 -2 1 0 0 -2 0 18 0 0 0 0 0 2 0 0 -1 0 0 -1 1 0 0 0 0 -1 0 -1 -2 0 0 1
-1 -1 0 0 1 1 0 1 0 0 0 0 0 1 0 0 0 0 0 -2 0 -1 1 0 0 1 -1 -1 1 -1 1 -1 0 0 0 0 0 -1 0 1 0 0 0 2 0 0 -1 0 -1 0 0 -1 -1 0 -1 0 0 0 1 0 0 1 -1 0 0 0 0 2 0 1 1 0 -1 1 0 0 -1 0 0 1 0 0 -1 0 0 -1 -1 1 1 0 -1 0 -1 0 -1 0 0 0 0 1 -1 0 0 1 0 0 0 0 -1 0 0 -1 0 -1 0 0 1 1 0 1 1 -2 0 0 0 0 0 1 -1 0 1 0 0 0 1 0 1 1 1 -1 -1 0 0 0 0 0 -1 0 0 0 -1 0 -1 0 0 0 0 -1 -1 0 0 1 2 0 0 0 1 0 0 0 0 0 0 0 -1 0 0 1 -2 1 0 1 0 -2 0 0 0 -1 0 0 1 1 -1 -2 0 1 0 1 -1 0 1 0 -2 0 0 0 -1 0 0 0 0 -1 0 0 -1 1 0 1 0 0 1 0 1 0 -1 0 0 0 0 0 -1 0 0 2 -1 1 0 1 0 -1 0 -1 0 1 0 -2 1 1 0 0 0 -1 0 0 0 0 -1 0 1 1 0 0 0 0 1 0 1 1 -1 0 0 -1 0 0 0 -1 -1 1 0 1 -1 0 0 0 0 0 0 1 0 -1 0 1 0 0 0 0 1 0 0 0 0 1 0 1 0 2 1 -1 0 1 1 0 0 0 0 0 0 0 -1 0 0 1 -1 0 0 0 0 3 -1 -1 0 -1 0 0 0 1 0 -1 -2 -2 1 0 0 0 0 0 -1 1 -1 1 0 0 0 0 0 1 0 0 0 0 -1 0 -1 0 -1 1 0 -1 0 0 0 0 2 0 0 -1 0 0 0 0 0 2 0 -1 0 0 11 0 0 0 1 0 0 0 1 0 1 -1 0 0 0 0 0 0 0 1 1 0 1 0
0 1 0 0 0 1 0 0 -1 1 0 0 1 1 0 0 0 2 0 1 2 0 0 0 1 0 0 -1 -1 1 1 0 0 0 -1 1 0 0 0 0 -1 -1 0 -1 0 1 0 1 0 0 1 -1 0 1 1 0 0 -1 0 1 0 0 1 0 0 -1 1 0 0 -1 0 1 1 1 0 0 0 0 -2 -1 0 0 0 0 0 0 0 2 1 -1 0 0 0 2 -1 0 1 0 1 -1 1 3 0 0 1 0 1 1 0 1 -1 0 -2 -1 0 0 2 0 -1 0 -1 -1 0 0 0 2 0 0 0 1 0 1 -1 0 1 1 -1 0 0 0 -1 0 0 1 0 -1 -1 0 0 -1 1 0 1 0 1 1 0 0 0 0 1 0 0 2 1 1 2 1 1 0 0 -1 0 0 0 0 0 -1 1 0 1 1 0 0 0 0 0 0 0 1 0 -1 0 -1 0 1 0 0 1 0 1 0 2 0 0 0 0 0 0 0 0 1 1 0 0 0 1 0 0 0 0 -1 1 2 0 1 0 0 0 0 0 0 0 1 0 -1 1 1 -1 0 0 0 0 0 0 2 0 0 0 -1 1 0 1 1 0 0 1 1 -2 0 0 0 -1 1 0 0 -1 -1 -1 3 0 0 0 0 -1 2 0 1 -2 0 0 0 0 1 0 0 -1 1 0 1 0 0 0 0 0 0 -1 0 1 -1 0 0 2 1 1 0 -1 -1 0 2 0 0 0 1 0 0 0 0 0 1 0 -1 1 1 0 0 2 1 1 -1 1 0 1 -1 -1 0 1 0 1 1 0 0 0 0 -1 0 -2 -1 0 -1 0 0 0 1 0 0 1 0 0 0 0 -1 0 0 0 1 0 0 -1 0 1 1 1 -1 0 1 -1 1 -1 -1 0 0 0 0 0 0 0 11 0 -1 1 0 0 0 0 0 0 -1 0 1 0 1 0 -1 0 -1 1 0 0 1
-1 1 0 0 1 0 0 1 0 0 0 0 -1 0 0 0 1 0 1 -1 0 0 0 0 1 0 0 0 1 0 2 -1 0 -2 0 0 0 0 -1 2 0 1 0 1 1 1 0 -2 1 0 0 -1 1 -1 -1 -1 -1 0 -1 0 0 1 1 0 1 0 0 0 -1 1 0 -1 0 0 0 0 1 0 -1 1 0 0 1 0 1 3 1 0 0 1 0 0 0 1 1 0 0 1 1 -1 1 0 1 1 0 -1 -1 0 1 1 0 0 0 -1 0 0 1 0 1 0 0 -1 0 1 1 0 0 -1 0 0 -1 1 -1 0 0 0 -2 0 0 1 0 -1 -1 1 1 0 0 0 0 -1 0 -1 0 0 0 0 0 0 1 -1 0 -1 -2 -1 0 3 -1 0 0 -1 0 0 1 0 0 -2 -1 1 1 0 0 -1 1 0 0 0 0 1 -1 -1 0 -1 -1 0 1 -1 1 0 0 0 0 0 0 0 -1 0 1 -1 0 0 0 -1 0 -1 1 -1 -1 -1 0 0 0 -1 0 0 0 1 0 -2 0 -1 0 2 2 -1 0 0 -1 -1 0 0 0 0 -1 2 0 -1 1 0 0 -1 0 1 1 -3 1 0 1 2 1 0 0 -1 1 1 1 -1 0 0 -1 1 0 -1 -1 0 0 0 0 2 1 -1 1 -1 1 2 0 0 0 0 1 0 0 -1 0 0 0 -2 1 -1 0 -1 0 0 -1 0 1 0 -1 0 0 0 0 0 1 0 0 1 1 0 0 0 0 0 0 0 0 1 0 1 0 0 -1 0 -1 1 0 0 -1 0 0 -1 1 -1 0 0 0 0 0 0 0 0 1 0 -1 0 0 0 0 2 -1 0 1 -1 0 0 -1 0 1 -1 0 0 1 1 1 0 2 1 -1 0 0 0 -1 0 0 0 0 0 0 0 17 1 -1 1 0 0 1 0 0 1 0 -1 -2 0 0 2 0 1 -1 -1 0 0
-1 0 -1 0 1 0 0 0 0 0 0 0 -2 0 0 -1 -1 0 0 -1 0 1 0 0 0 -1 0 -2 0 0 -1 -1 0 1 0 0 1 0 0 -2 -1 1 0 -1 1 0 0 0 0 1 -1 0 0 0 -1 0 1 0 -1 0 0 0 0 0 0 0 1 -1 1 -1 1 0 2 0 0 0 0 -1 -2 -1 0 0 1 0 0 1 -1 0 -2 -2 -1 0 0 0 1 0 0 1 0 0 1 -1 0 0 1 -1 0 -3 -2 0 1 1 -1 -2 0 1 -1 0 2 -1 0 -1 0 1 0 0 1 0 0 0 -1 -2 0 0 -1 -1 1 0 2 1 1 0 -1 -1 0 0 0 0 1 0 0 -1 0 0 -1 0 0 0 1 1 0 -2 0 0 -1 0 0 0 2 -1 0 0 0 0 2 0 -1 -1 0 0 0 1 -1 0 1 0 1 0 -1 -1 0 1 0 -1 1 0 -1 0 0 1 -1 0 -2 1 -1 -1 0 0 0 -2 1 -1 1 0 -1 -1 0 0 0 0 0 0 0 -1 -1 0 0 0 0 -1 0 0 0 0 0 0 0 1 1 -1 1 -3 0 0 0 1 0 0 0 -1 -1 0 0 -1 -2 0 -1 1 -1 0 0 -1 1 0 0 0 0 1 -1 0 0 -1 2 0 0 0 0 -1 -1 0 0 -2 0 -1 0 0 2 -1 0 0 0 0 0 0 0 -1 1 0 0 0 0 1 -1 0 1 0 -1 0 0 0 0 0 0 -1 0 1 0 0 1 -1 0 1 0 0 0 0 -1 0 -1 -1 1 -1 0 0 0 -1 0 0 1 0 0 -1 0 0 1 0 0 -1 0 0 0 1 0 -1 0 1 1 1 0 1 -1 -2 0 -1 0 1 0 1 1 1 0 2 0 -1 0 0 0 0 -1 0 2 -2 0 0 0 0 0 -1 1 13 0 1 0 0 0 0 2 -1 0 0 1 0 0 -1 0 0 0 0 1 1
1 1 0 0 0 0 0 0 -1 -1 1 1 -2 0 0 4 0 0 0 0 2 0 0 0 0 1 2 0 -1 2 -1 0 0 1 0 1 4 1 -1 4 0 0 2 1 0 0 1 0 -3 0 0 0 0 1 3 1 1 0 0 0 0 0 0 1 0 0 -1 -2 1 1 0 0 0 -1 1 1 0 -1 0 0 2 1 0 0 -1 0 -1 0 0 0 2 1 0 1 -1 0 -2 0 -1 0 -1 1 1 0 -2 0 0 -1 2 0 2 1 0 0 0 2 2 0 1 0 -1 0 0 0 0 1 1 0 0 -1 0 1 0 0 0 0 -1 -1 0 -2 0 0 1 -1 0 0 -2 0 0 0 -2 0 1 0 -1 0 0 0 0 0 1 0 0 0 2 0 1 1 1 1 0 -1 -1 0 2 0 0 0 1 1 0 0 0 1 -1 0 0 0 0 0 0 0 0 1 0 0 -1 0 1 0 2 1 0 0 0 0 -1 0 0 0 1 0 0 0 1 0 0 -2 0 1 -1 -1 0 1 2 2 0 0 1 0 1 0 0 1 -1 1 0 0 1 -1 0 0 0 0 0 -1 1 1 0 0 1 0 0 0 0 0 -3 0 0 1 0 1 0 1 -4 2 0 0 0 0 2 0 1 -1 0 0 0 -1 2 0 -1 -2 1 0 0 0 0 2 0 0 0 0 0 0 -1 0 0 0 0 0 -1 1 0 2 1 -1 1 0 0 0 1 1 0 1 0 -2 0 1 -1 0 0 -1 0 0 0 1 0 0 0 0 0 0 0 1 0 1 0 0 1 -1 0 0 2 3 0 -1 1 -1 1 1 1 0 0 -1 1 0 0 3 0 0 -1 0 -1 1 0 0 0 2 0 1 2 0 1 0 0 -1 3 -2 -2 0 1 3 1 1 0 0 1 1 -1 0 19 1 1 0 -1 1 1 1 0 -1 -1 -1 0 0 2 0 0 0 0 2
-1 0 0 1 1 0 0 1 1 0 0 1 1 1 0 2 0 2 1 -1 -1 0 0 0 -1 -2 -1 0 1 1 1 0 0 -1 0 1 1 0 2 -1 0 1 2 0 -1 0 1 1 0 0 0 -1 0 -1 -1 -1 0 1 -1 -1 0 0 0 2 -1 -2 1 2 0 1 1 0 1 -1 0 0 0 -1 1 0 0 0 1 0 0 0 0 2 1 0 0 0 0 0 -1 0 0 0 0 0 1 0 0 0 1 -1 0 0 0 0 1 -1 0 0 0 1 1 0 2 1 0 0 -1 0 0 0 0 0 0 -2 0 1 -1 0 0 0 1 0 0 0 0 0 1 0 0 0 -1 -1 0 1 -1 0 -1 1 3 1 0 0 0 0 0 0 0 1 0 0 1 0 0 0 0 0 0 0 0 -1 1 0 2 -1 -1 -1 0 0 0 0 0 2 0 0 -1 -1 -1 -1 -1 0 0 0 0 1 0 -2 0 0 -1 -1 0 0 0 1 1 -1 0 0 1 -1 0 -1 0 0 0 0 0 0 -1 0 0 0 0 0 0 1 2 1 1 -1 0 0 0 0 0 -1 0 1 0 0 1 0 -1 -1 0 1 1 0 1 1 1 1 1 0 0 -1 1 0 0 1 0 0 1 -1 0 -1 1 -1 0 -1 0 0 -1 0 1 0 2 1 -1 1 0 0 1 0 2 0 -1 0 0 -1 -1 0 1 -1 0 0 -1 1 1 0 1 -1 0 -1 1 1 0 0 1 1 -1 0 0 -1 -1 1 0 0 0 0 1 0 1 0 -1 -1 -1 0 1 0 0 0 -1 0 0 0 0 0 1 1 -1 0 0 0 1 0 0 0 1 0 0 1 2 0 2 0 0 0 0 -1 2 0 0 0 0 0 2 -3 1 -1 -1 0 0 1 1 -1 1 0 1 2 0 0 1 1 1 17 2 0 -1 0 0 0 -1 0 0 1 0 2 1 -1 0 0 0 1
0 0 0 0 1 0 -1 0 -1 0 0 -2 1 2 0 0 0 1 1 1 0 0 1 0 1 0 1 0 1 -1 0 0 0 -2 0 2 0 3 -1 0 0 1 0 0 0 1 0 0 -2 0 0 2 0 0 0 1 0 1 0 0 0 1 1 0 0 -1 1 0 1 1 1 0 1 0 -1 2 0 0 0 -1 1 0 -1 0 0 0 0 0 -1 0 0 1 1 0 0 0 0 1 -1 0 -2 0 0 0 1 1 0 -1 1 0 0 0 -2 -1 1 0 -1 0 1 0 1 0 -1 0 1 0 -1 3 0 0 2 0 0 1 3 0 0 0 -1 0 2 0 3 0 0 1 -1 1 0 0 0 0 1 0 -1 0 1 -1 -1 1 0 0 0 -1 0 1 1 0 0 0 1 0 0 -1 -1 1 0 1 -1 -2 1 0 -1 0 1 1 2 0 0 0 1 -1 0 1 0 1 -2 0 1 0 0 1 1 2 0 0 1 1 0 2 0 0 0 2 1 0 -1 0 0 1 0 0 0 1 1 -2 0 0 0 -2 0 0 -1 0 -1 -1 -1 0 1 0 1 -1 0 -1 0 -1 1 0 1 0 1 1 0 2 -1 1 0 0 1 0 -1 0 0 -2 1 0 0 1 1 1 0 0 0 0 1 -1 1 -2 0 0 0 0 2 0 1 0 1 -1 0 1 2 -1 0 -1 0 0 1 1 0 -1 0 0 0 0 0 0 1 1 0 -2 0 1 -1 0 1 1 0 1 -1 -1 0 -1 1 0 1 -1 0 0 0 0 0 0 0 0 3 2 1 -1 0 0 0 -1 0 4 -1 -1 -3 -1 0 0 0 0 1 0 -1 0 0 1 3 1 0 -1 0 -1 0 1 3 1 1 0 -1 -1 0 -2 1 -3 0 0 -1 -2 0 -1 0 1 0 0 0 0 0 0 1 2 19 0 0 -1 1 1 -1 0 0 0 -1 -1 0 0 0 0 0 2
1 0 1 0 0 1 0 2 0 0 1 0 0 0 -1 0 -2 1 -1 0 0 -1 1 0 -1 1 0 0 0 0 0 0 1 1 0 1 0 0 1 -1 0 0 -1 -1 0 0 1 0 0 0 0 0 0 0 0 0 0 1 -1 0 0 0 1 1 0 0 0 0 -1 0 2 2 -2 -1 0 -1 0 0 0 0 0 0 -1 -1 0 1 0 0 0 1 0 0 1 1 1 1 1 -1 2 -1 1 0 -1 0 1 -1 -1 1 0 1 0 1 1 0 -1 1 1 0 0 0 0 -1 0 0 0 0 0 0 0 0 0 1 0 0 0 1 0 0 0 0 0 -1 -1 0 0 0 0 -1 0 -1 1 0 0 0 0 0 1 0 1 0 0 -1 2 0 2 0 1 0 0 0 0 0 -1 1 1 -2 0 1 -1 0 0 0 -1 0 0 2 0 -1 0 0 -2 0 0 2 0 0 -1 1 1 0 1 1 1 1 -3 2 0 -1 -1 0 1 0 0 -1 0 1 0 0 0 0 0 -1 0 0 -1 -1 0 0 0 -1 0 0 0 -1 0 1 0 0 2 -1 1 0 1 1 0 0 0 0 0 0 0 -1 0 0 1 0 0 -1 0 -1 0 1 0 1 -1 -1 1 0 -1 0 0 0 1 0 -1 0 1 -1 0 2 0 -1 0 1 2 0 0 0 0 0 1 0 0 0 0 0 0 0 1 0 1 1 0 0 0 0 0 0 0 0 -1 0 0 0 0 1 0 0 0 1 0 0 0 0 0 1 1 1 0 1 -1 1 0 0 0 1 0 0 0 1 0 0 0 -1 0 -1 0 3 0 1 0 -1 2 0 0 1 0 0 -1 0 -1 0 0 0 2 1 0 2 0 1 0 -1 1 0 -1 0 0 1 -1 1 1 1 1 1 1 0 0 0 0 0 0 0 0 11 0 0 0 0 -1 0 0 0 0 0 0 0 0 0 0 0
-1 0 0 -1 0 1 -1 1 0 0 0 0 0 2 0 -1 0 1 0 1 1 0 -2 -1 0 0 0 0 -1 0 0 0 1 -1 0 0 0 0 0 4 1 -1 -1 0 1 1 0 1 2 0 1 0 1 -1 0 0 0 1 0 0 0 -1 0 1 1 1 -1 0 -1 1 1 0 -1 1 0 -1 1 0 0 -1 0 0 0 0 1 -1 0 1 -1 2 0 0 0 0 2 0 0 2 1 2 -1 0 2 0 0 1 0 0 0 -1 0 1 0 1 -1 -2 0 0 0 -1 -2 0 -2 -1 2 0 1 0 -1 -2 0 0 0 0 -1 0 0 0 0 1 0 -1 -1 -1 0 0 1 0 1 0 0 0 1 1 0 1 1 0 -1 0 -1 0 0 1 0 1 0 0 0 0 0 0 0 1 0 0 0 0 -1 1 0 1 0 0 -1 0 1 -2 0 0 1 2 -1 0 0 0 0 0 1 0 0 1 1 0 0 0 1 -1 1 0 1 2 0 -1 -1 0 1 1 0 1 0 0 0 0 0 0 1 0 0 0 1 0 1 1 0 1 1 -1 0 0 0 0 0 0 0 1 0 0 0 -1 0 -2 0 0 0 -1 0 -1 0 2 0 0 -1 0 0 0 -1 2 0 -3 0 0 0 0 0 0 0 -1 -1 1 0 0 0 0 0 0 0 -1 -1 1 -1 1 -1 0 2 0 0 -1 -1 0 0 -1 0 2 0 1 0 0 0 -1 1 0 0 -1 0 0 0 0 -2 0 0 1 -1 0 -1 2 -1 1 0 -1 0 1 -2 1 1 -1 -1 -1 -2 0 0 0 0 2 -1 0 0 1 -2 -1 -2 1 2 0 0 0 -1 -1 -2 0 1 0 1 1 -1 0 1 0 -1 -2 0 0 0 1 0 0 0 0 0 -1 0 0 0 0 -1 -1 1 0 1 0 -1 -1 0 0 15 0 -1 0 0 1 0 0 0 -1 0 0 0 0 0 0
0 -1 1 1 0 0 1 1 0 -1 2 1 0 0 0 0 0 0 -1 0 0 0 -1 1 0 0 0 2 -1 0 1 1 2 0 1 -1 1 0 0 0 0 0 -1 -1 0 0 -2 0 1 0 1 0 0 0 0 0 0 1 0 1 -1 0 0 0 0 0 -1 -1 0 1 1 -3 0 0 0 1 0 0 0 -1 0 0 0 -3 -2 -1 0 0 -1 0 -1 0 0 1 0 0 4 -1 0 1 2 0 0 0 -2 1 -1 0 0 0 3 -1 0 2 -1 0 1 0 1 -1 -1 0 1 0 1 0 0 -1 -1 1 -3 0 0 0 0 0 0 0 -1 0 2 0 -1 0 0 0 0 0 -2 1 0 0 0 0 0 -1 -1 0 0 -1 0 0 2 0 0 -1 1 0 -1 -1 0 0 0 0 0 0 1 0 0 3 1 0 2 0 0 0 0 0 1 0 0 0 -1 -1 0 0 1 0 -1 0 -1 0 0 0 0 0 0 3 0 0 0 -1 -1 1 1 0 1 0 2 1 0 -2 -2 1 1 0 1 0 0 -1 0 0 0 3 0 0 -1 0 0 0 0 -2 0 0 -2 1 2 0 1 1 1 1 0 0 3 -2 0 0 -1 1 1 0 0 1 0 -2 0 0 0 0 1 0 -1 0 0 0 0 0 0 0 2 -1 0 1 0 0 -1 -1 1 0 2 0 0 0 0 0 0 0 0 2 0 0 0 1 0 -1 0 0 1 0 0 0 0 0 0 1 0 0 0 0 1 1 0 0 0 0 0 0 0 1 0 3 0 0 0 1 0 1 1 0 0 0 0 1 0 0 0 1 0 0 -2 0 0 0 0 0 -1 0 0 0 3 0 0 1 0 0 0 -1 0 0 0 -1 0 0 0 0 -1 0 0 0 1 2 0 0 0 0 0 0 0 0 1 0 -1 0 0 16 1 4 0 -1 0 0 0 0 0 1 0 0 -1 0
1 0 -1 -1 -1 -1 1 -1 -1 0 0 1 0 1 0 -1 0 0 0 1 0 0 2 0 1 -1 0 -1 1 -2 2 -1 0 1 0 -1 1 -1 0 0 -1 0 -1 -1 1 0 -1 0 -1 0 0 0 0 -1 0 1 1 0 0 0 0 0 0 1 -1 -1 -1 0 1 1 0 0 1 1 0 0 0 0 3 0 0 0 -1 0 1 1 0 -1 0 -2 0 0 0 -1 1 0 0 0 0 2 0 0 0 -1 0 -1 0 1 0 -1 0 0 1 -1 0 -1 0 0 1 1 1 0 1 0 0 0 0 1 0 0 -1 0 0 0 1 0 -1 0 1 1 0 1 0 0 0 0 -2 1 0 1 0 0 0 1 0 1 0 -1 1 2 1 0 0 2 -2 0 3 0 2 3 -1 -1 -1 1 1 0 0 -3 0 0 1 2 0 1 0 0 0 1 0 0 0 0 1 -1 0 2 0 1 0 0 -1 0 0 0 0 -1 1 1 -1 1 0 0 0 -1 -1 1 0 0 0 0 0 0 -1 0 0 0 1 0 -1 -1 1 0 -1 1 0 -1 0 1 1 -3 1 -1 0 0 -2 -3 1 0 0 0 0 0 0 0 0 0 -2 3 1 3 0 2 1 0 0 0 0 1 -1 0 0 -1 0 0 0 0 0 0 1 0 0 -1 0 -1 -2 0 1 -1 0 0 1 0 0 1 2 -1 1 0 0 1 0 2 0 0 0 1 0 0 0 0 0 -1 -1 -2 1 0 0 0 2 1 0 0 1 0 0 -1 0 1 0 1 2 0 0 0 0 -1 -1 -2 0 1 0 0 0 1 0 1 0 0 -1 1 0 0 0 0 0 2 1 0 0 -1 2 -1 0 1 0 3 0 0 0 1 0 0 1 1 0 -1 0 0 -1 0 1 1 0 -1 0 0 1 0 0 2 1 0 1 0 -1 1 22 0 1 2 0 1 0 0 1 1 0 0 0 -1
-2 -2 0 0 1 0 0 1 0 1 1 1 0 -1 0 3 0 1 1 3 0 2 1 0 -1 0 0 0 -1 1 1 0 -1 0 0 1 1 1 0 0 2 1 0 1 0 0 -1 0 1 0 0 1 0 1 1 0 0 0 1 0 -1 0 0 1 -1 1 -1 0 1 2 0 -3 0 -1 0 0 2 0 0 1 1 0 0 0 -1 -2 0 -1 0 -1 -1 0 1 -1 0 0 2 0 1 0 0 -1 0 0 0 1 1 0 1 0 2 0 -2 0 1 2 2 0 3 0 1 0 0 1 1 1 0 0 -1 0 -1 -1 0 0 0 0 -1 0 2 0 1 0 0 0 0 0 1 1 0 1 0 0 0 0 -1 0 0 0 0 2 0 0 1 -2 0 -1 0 -1 0 0 1 1 0 0 0 -1 0 0 0 2 2 0 2 1 0 0 2 1 1 -1 1 -1 -1 2 0 0 -1 1 -2 0 1 -1 0 0 1 3 0 3 -1 1 0 -1 0 0 1 1 0 0 0 1 0 0 -2 -1 0 -1 0 -1 1 -1 1 0 2 1 1 1 -1 -1 0 0 -1 1 1 -1 0 -1 1 1 0 2 0 0 0 -1 0 -1 2 0 1 -1 -1 0 0 -1 0 0 -1 1 1 0 0 2 -2 0 0 -2 -2 -2 2 0 1 0 2 1 0 1 0 1 0 0 3 0 0 0 1 1 0 0 -1 1 0 0 -1 1 1 0 -1 0 1 0 0 0 0 0 0 -1 0 1 0 -1 2 -1 0 -1 0 0 1 1 1 0 -1 1 -1 1 0 0 1 1 0 0 1 0 0 0 2 0 0 1 1 0 -1 -1 0 -1 1 0 -1 0 1 0 1 -1 -1 -1 -1 -1 -1 2 0 0 -1 0 -1 0 0 -2 0 0 1 1 0 2 1 1 0 -1 -1 -1 1 -1 1 0 1 0 0 4 0 20 1 2 -2 -1 0 0 0 3 1 0 0 -1
1 -1 0 0 1 -1 0 1 -1 -1 0 0 0 0 1 1 0 1 0 0 0 0 0 0 0 1 0 -1 0 -1 0 0 1 0 0 1 0 0 -1 1 0 -2 1 0 0 2 0 -1 1 0 0 -1 -1 0 1 0 0 0 -1 1 0 1 0 -1 -1 1 0 0 1 1 0 0 0 1 1 0 1 0 1 0 0 1 1 0 -1 0 0 0 -2 0 0 1 0 1 -2 0 0 0 1 1 2 -1 0 0 0 -1 0 0 1 1 0 1 -1 0 -1 0 1 1 1 0 1 -1 0 1 0 -2 -1 -1 0 0 0 0 0 0 0 0 0 0 1 0 -1 -1 -1 0 0 -1 2 1 0 0 1 1 0 0 0 0 0 0 -1 0 0 1 0 0 0 2 0 0 0 0 -1 -1 -1 0 -2 0 0 0 1 0 0 1 2 0 0 2 0 0 1 0 1 1 0 0 0 0 0 0 -1 0 1 -1 0 1 2 0 -1 1 -1 1 -1 2 0 1 0 0 0 0 0 0 1 1 -1 -2 0 1 0 0 0 0 0 0 0 0 -2 1 0 0 1 1 -1 0 1 0 -1 0 1 0 2 1 1 0 -1 0 1 1 0 0 1 0 0 1 -3 0 0 -1 0 -1 0 0 1 0 1 1 0 1 -3 -1 0 0 0 0 1 0 0 0 -1 1 0 0 -1 0 1 -1 0 0 0 0 0 0 1 2 0 1 0 1 0 0 1 0 -2 -1 -1 0 0 0 0 0 2 0 2 0 0 -1 0 -1 0 0 0 1 0 0 1 0 0 0 1 1 0 0 0 -1 1 -1 1 0 1 -1 0 -1 0 0 -1 0 0 -1 0 1 0 2 -2 0 0 0 0 2 0 0 1 0 0 0 0 0 0 0 0 0 0 -1 2 1 0 -1 0 1 0 0 0 0 0 -1 -1 -1 0 0 1 1 16 1 0 0 1 0 2 -1 0 1 0 -1
0 -2 -1 0 1 -2 0 0 -1 0 0 1 -1 0 0 -3 -1 0 -2 4 -1 0 2 0 -1 1 0 0 -1 0 3 2 0 0 1 1 -1 0 0 1 -1 -1 -1 1 1 0 1 1 -1 0 0 -1 0 -1 0 -1 0 0 0 0 0 -1 0 1 0 0 0 0 0 1 0 0 0 1 0 0 0 0 0 0 -1 0 0 1 0 -3 -1 0 -1 0 0 -1 0 1 0 0 0 0 0 1 3 -1 0 0 0 2 0 0 0 0 -1 -1 0 0 0 0 1 0 0 2 1 0 0 1 0 1 0 0 -1 0 1 0 1 0 0 0 2 0 2 1 -2 0 0 0 0 -1 -1 -1 0 0 2 0 0 0 0 0 0 0 0 1 1 2 0 -2 -1 -1 1 0 0 -1 2 0 1 1 0 0 0 -4 0 -1 1 0 1 0 0 -1 -1 0 0 0 0 1 1 -1 0 1 0 0 0 0 0 -1 0 0 1 0 2 0 0 0 0 0 0 1 -1 -3 1 0 -1 0 0 0 -2 0 1 0 -1 0 0 -1 0 0 0 1 0 1 0 -1 0 0 -1 1 1 0 -1 -1 -1 -1 -1 1 0 -1 0 0 0 0 0 0 1 0 0 0 2 -1 -2 1 0 0 0 0 0 2 -1 0 -1 1 0 0 0 0 0 -1 -1 1 0 1 3 -2 0 0 1 0 -1 0 -1 0 0 -1 -1 0 0 0 -1 0 -1 0 -1 0 0 1 0 0 0 -1 0 -1 0 0 1 0 0 0 1 -1 0 -1 0 0 1 0 1 -2 0 0 0 -1 0 -1 -1 2 0 -1 0 0 0 0 0 0 -1 1 0 0 0 0 0 -1 1 -1 1 0 -3 -1 1 1 0 -1 0 -1 -1 -2 0 0 0 -1 0 0 0 -1 -2 0 0 2 1 0 0 0 0 1 -1 0 -1 0 0 0 1 -1 2 2 1 18 0 0 0 0 1 0 1 -1 0 0
0 0 -1 1 0 1 0 -1 0 -1 0 0 0 0 0 -2 0 -1 0 1 1 1 -3 1 0 2 0 0 0 -1 0 -1 1 -1 3 -2 -2 1 -1 -1 0 -1 1 0 1 -1 0 1 -1 1 0 1 0 -1 0 -1 0 0 0 0 -1 0 0 2 0 0 1 -1 -1 0 0 0 2 0 0 1 0 0 1 -1 1 3 0 1 0 0 1 -1 0 0 0 1 0 -1 0 0 0 0 0 0 1 1 0 -1 1 1 -2 -1 -1 0 0 -1 0 2 -1 -1 -2 0 0 0 -1 0 0 0 0 -2 0 0 -1 0 1 0 1 2 0 1 2 -1 -3 1 1 0 -1 0 0 1 1 1 0 2 1 0 0 -1 1 -1 -2 0 0 0 1 -1 0 -1 1 2 2 0 0 0 0 0 0 0 0 0 0 -1 0 -1 0 -1 -1 -1 0 0 3 -1 0 1 -1 1 -1 0 -1 0 -1 0 0 2 -3 0 -2 0 0 -1 0 1 2 0 0 0 0 0 0 0 -1 0 -1 3 -1 0 -1 0 0 0 0 1 0 0 -2 0 0 -1 1 0 -1 0 0 0 0 0 -1 2 0 1 -1 1 1 -1 0 0 1 0 -1 0 0 0 -1 -2 1 1 1 1 -2 0 -1 2 -2 -1 0 0 0 0 -1 1 0 -1 0 1 -1 1 0 -1 0 1 0 1 0 0 1 0 -1 1 -1 3 0 0 1 0 1 0 0 0 -1 0 0 1 0 1 0 0 0 -1 0 -1 0 -2 0 1 0 0 -2 0 1 0 0 0 0 1 1 0 1 -2 0 0 -1 0 0 0 -1 0 0 1 -1 1 0 1 0 -1 -1 1 1 -1 0 0 0 -2 0 1 1 0 1 0 -1 2 0 0 1 2 -1 0 0 0 0 0 -1 1 0 1 2 0 0 0 0 0 0 0 -2 1 -1 0 0 0 0 0 0 -2 0 0 20 0 2 -1 -1 -2 0 1 -2 1
0 1 0 0 0 0 1 0 0 0 -1 -1 1 -1 0 -2 0 0 0 2 -1 0 0 1 0 -1 0 0 0 -1 -1 0 -1 0 0 1 -1 0 0 0 -1 0 -1 0 1 0 1 0 1 0 0 0 0 0 0 0 1 0 0 -1 1 0 3 0 0 1 -2 -1 0 1 0 0 -1 0 0 1 0 0 0 -1 -2 0 0 0 0 1 0 -1 -1 0 1 0 0 0 -1 0 0 0 1 0 0 0 0 0 0 0 1 -1 1 -1 -2 0 0 0 -1 0 0 0 1 1 0 0 0 0 0 0 0 -1 0 0 1 0 0 0 0 -1 1 1 0 0 1 0 0 2 -1 0 0 1 -1 0 -1 -1 0 1 0 1 -1 0 -2 0 0 1 0 1 0 0 0 0 0 1 -1 1 -1 -1 1 -2 0 1 0 1 1 0 0 0 0 0 0 1 0 0 0 0 1 -1 -1 0 1 0 0 0 -1 0 1 0 -2 0 0 0 0 -1 0 0 1 0 0 0 -1 0 0 -1 -2 1 -2 0 0 1 -1 0 -2 0 1 0 0 1 1 0 1 -1 0 2 0 -1 -1 0 -3 1 -1 0 1 -1 -1 0 1 0 0 -2 0 1 0 0 -1 1 1 1 1 -2 1 0 1 0 1 0 1 -1 1 0 1 0 0 0 0 2 0 -1 0 0 -1 -2 0 0 -1 0 1 -2 2 0 0 0 1 0 1 0 0 0 -1 0 -1 0 0 1 0 -1 0 0 0 -1 -1 0 1 0 2 -1 0 1 0 2 1 -1 2 0 0 0 0 -1 0 0 2 0 0 1 0 0 0 1 0 0 0 -1 -2 0 3 0 1 0 0 0 1 -1 0 0 -1 0 -1 0 1 1 0 0 0 -1 1 -1 0 1 0 1 -1 0 1 0 1 -1 0 0 0 0 0 1 0 0 -1 1 0 0 0 0 1 -1 0 0 0 16 0 1 0 0 0 0 0 -1
0 0 0 0 0 1 1 0 2 0 0 0 -1 0 1 0 0 0 0 1 0 0 0 0 0 0 0 2 0 0 0 1 0 0 -1 0 -2 0 0 -2 1 0 1 0 1 0 0 0 -1 0 0 0 0 0 0 1 -1 0 1 -1 1 1 0 0 1 0 0 0 0 0 1 -1 -1 0 0 0 0 0 0 2 0 1 -1 0 0 0 0 0 -2 1 0 0 -2 0 0 0 0 0 0 0 0 1 0 0 -1 0 0 -1 0 0 -1 -1 0 0 0 0 0 1 0 1 0 0 0 0 0 -1 0 0 1 0 0 0 1 0 0 0 0 0 0 0 0 -1 1 0 -1 0 1 1 0 2 -1 0 0 1 0 0 1 1 0 0 0 0 -1 0 0 0 1 1 0 0 0 0 -1 1 -1 1 0 0 -1 1 0 -1 0 1 0 0 0 0 1 0 -1 1 0 0 0 0 -1 0 -3 1 0 0 -1 -1 1 0 0 0 0 0 1 0 -1 1 0 0 0 -1 0 0 0 0 1 -3 -2 0 0 1 -1 1 0 0 -1 1 0 0 -1 0 0 0 -1 1 0 1 1 2 1 1 -1 1 0 -1 0 0 0 0 -1 0 0 -1 -1 0 0 -1 0 1 0 0 -1 0 0 0 0 1 0 1 0 -1 0 0 0 0 1 0 1 0 3 0 1 0 0 0 0 0 1 0 1 -1 0 0 0 1 2 0 -1 1 1 1 0 0 0 1 0 0 0 1 0 0 0 0 1 1 0 -1 0 1 0 1 0 0 0 -1 1 0 0 1 0 0 0 1 0 0 0 0 0 0 0 0 0 -2 1 1 -1 0 -1 1 0 -1 0 1 0 0 0 0 -1 0 1 0 0 0 0 0 0 0 0 1 0 1 0 0 0 0 0 1 0 0 0 0 0 0 0 0 -1 0 0 0 0 0 1 0 2 0 14 1 -1 0 0 0 -1 0
1 0 -1 -1 1 0 0 0 3 0 1 0 1 0 0 0 2 0 0 2 -1 0 0 0 2 -1 0 0 2 0 -1 1 0 0 0 1 0 1 2 0 -1 0 1 -1 0 0 0 -2 -1 0 0 0 -1 -1 1 -3 1 -1 0 0 2 0 1 2 -1 1 0 0 0 0 0 0 1 -1 -1 1 0 -1 1 0 2 0 1 0 0 1 0 1 0 1 -1 1 0 -1 0 1 0 0 -2 1 -1 -1 0 -1 0 0 0 1 0 0 0 -1 -1 -1 0 0 0 0 1 0 -2 -1 0 1 -1 1 -1 0 1 0 -1 1 0 0 -1 -1 -2 -1 1 -1 0 0 0 0 1 -1 0 1 1 2 -1 0 0 0 0 -1 0 1 0 -1 0 -3 0 -1 -2 0 0 0 -1 0 -1 0 0 1 0 0 0 0 1 0 1 -3 -1 0 2 0 0 -1 0 0 0 0 1 1 -2 0 0 0 1 0 0 -1 -2 -2 -1 0 0 0 -1 3 0 0 1 0 1 0 1 -1 0 0 2 -1 1 -2 0 -1 -1 0 -1 2 0 2 -1 0 0 0 0 1 0 1 0 0 0 3 1 -2 0 0 0 1 -1 0 1 0 0 0 -1 1 1 -1 -1 0 1 -1 0 0 1 -1 0 -2 3 1 1 -1 0 1 1 -1 -1 0 1 0 0 0 1 0 -2 1 3 -1 0 0 1 -1 1 1 0 0 -1 0 0 1 -1 0 0 -1 -1 0 0 0 0 0 0 -1 1 -2 0 0 3 0 0 0 0 0 1 4 -1 -1 1 -1 -1 0 0 1 0 0 0 2 0 0 0 0 0 2 -1 -1 0 0 0 0 0 0 0 -1 -1 -1 0 -2 1 1 0 0 0 1 0 1 0 -1 0 0 0 -1 -1 2 3 1 1 -1 0 -1 2 0 -1 0 1 -1 0 -1 2 -1 0 2 -1 0 -1 0 0 0 0 0 -1 1 1 23 0 0 0 0 1 1
0 0 0 -1 0 -1 1 0 -1 0 0 1 0 0 0 0 -1 0 2 1 0 1 1 1 -1 1 0 1 0 -1 0 0 0 2 -1 2 -1 1 0 1 0 0 -3 1 0 0 0 -1 0 0 0 -1 1 0 -1 1 0 1 0 0 0 0 -2 1 0 0 2 0 -1 0 0 0 1 -1 1 0 1 -1 0 0 2 0 0 0 -1 0 0 0 1 0 0 0 0 1 0 0 1 0 -1 0 1 1 0 0 0 0 0 0 0 0 1 0 0 0 0 0 -1 0 1 0 0 -1 0 0 0 1 0 1 0 -1 0 1 -1 0 0 0 0 1 3 1 -1 1 -1 0 0 1 -1 0 0 1 0 0 1 0 1 0 3 0 1 0 0 1 0 1 -1 0 0 0 0 0 1 0 0 -1 0 0 1 0 0 0 0 0 2 1 2 -1 2 0 0 2 0 0 0 0 1 1 -1 0 2 1 1 0 1 0 2 0 0 0 1 0 0 0 0 -1 0 1 0 2 0 1 0 0 0 0 0 0 1 0 1 -1 0 0 0 0 -1 0 1 1 -1 -1 -1 0 1 0 0 0 0 0 1 1 1 0 0 0 0 1 -1 0 -1 0 0 0 -1 0 1 1 1 0 1 0 1 0 0 0 0 0 0 -1 0 0 0 0 2 0 3 0 3 1 -1 0 0 0 -1 1 0 1 1 1 -2 2 1 2 0 0 0 0 1 0 0 0 0 0 0 0 1 1 0 1 0 0 1 0 0 0 0 0 2 0 0 0 1 0 0 0 0 0 0 -1 0 1 0 -1 1 0 0 0 0 0 0 0 1 0 1 -1 2 1 0 2 1 2 0 1 1 2 0 1 -1 2 0 0 -2 0 -1 0 0 0 1 -1 -1 0 0 -1 2 -1 0 0 0 0 0 0 2 1 0 0 0 0 1 0 2 1 -1 0 -1 0 15 0 0 1 0 1
0 1 1 0 0 1 0 0 0 1 0 0 0 0 0 2 0 0 1 0 -1 2 0 0 -1 1 -1 0 0 0 1 0 0 1 1 1 0 0 0 0 1 1 0 0 0 -1 -1 -1 0 0 0 0 0 1 1 0 0 0 0 -1 0 0 0 0 0 0 -1 1 0 0 -1 0 0 0 0 0 1 0 0 1 0 0 -1 1 1 1 -2 -1 -1 0 0 0 1 0 1 0 -1 0 0 1 0 -1 0 0 0 0 1 1 0 1 0 -1 0 0 1 0 0 1 0 0 0 1 0 0 0 2 0 0 0 1 -1 0 1 0 0 0 0 0 2 0 0 0 0 0 0 0 -1 0 -1 -1 -1 0 -1 0 0 1 0 0 0 0 0 0 1 0 0 0 -1 -1 0 0 0 0 0 0 0 -1 0 -1 0 1 -1 -1 0 1 -1 -1 0 0 0 0 2 0 0 1 0 -1 -1 2 0 0 0 0 0 -1 1 1 2 0 0 -1 1 -1 0 0 0 1 0 -2 0 0 0 0 -1 -1 1 1 0 0 0 -1 -1 1 0 0 0 1 0 0 0 1 0 -1 0 0 0 -1 0 0 0 0 1 1 0 -1 0 -1 2 -1 1 -1 0 0 0 0 1 1 0 1 2 2 0 1 -2 0 -1 -1 0 -1 1 0 0 0 0 1 -1 1 1 0 0 1 0 1 0 0 1 1 0 1 0 2 0 1 -1 0 0 2 0 0 -1 -1 1 0 0 0 0 1 1 2 2 0 0 0 2 0 0 0 0 0 0 0 1 -2 0 0 0 0 0 0 1 -2 0 0 0 -1 0 0 -1 0 -1 0 -1 -1 0 -1 0 1 0 0 -1 0 0 0 0 0 0 -1 0 0 0 0 -1 0 0 1 0 0 0 0 2 0 -1 -1 0 -1 0 -1 1 -1 1 0 0 -1 0 0 0 1 1 3 -1 0 -2 0 0 0 0 11 0 -1 0 -2
0 1 0 1 0 0 1 0 0 0 -1 0 0 -1 0 0 -1 1 1 0 0 0 1 0 0 1 0 0 0 1 0 -1 0 0 1 0 1 -1 0 0 -1 0 0 0 1 0 -1 0 1 0 1 0 0 0 0 0 1 0 0 0 0 0 0 1 0 0 0 0 1 0 0 1 -1 0 0 0 -1 0 1 0 0 0 1 0 0 -1 0 0 1 2 0 1 -1 1 0 0 -2 0 0 0 0 1 -1 -1 -1 0 0 0 0 0 0 0 1 -1 1 1 0 1 1 0 0 0 0 2 0 2 0 0 0 1 0 0 1 0 0 0 0 0 0 0 0 1 -1 0 0 0 0 1 1 1 0 0 0 0 1 0 -1 0 1 0 -1 1 0 1 1 0 0 -1 0 2 -1 1 0 0 0 0 0 0 0 0 0 0 0 0 0 0 1 0 0 1 1 0 0 0 -1 0 0 0 -1 1 0 2 1 0 0 0 0 1 0 1 0 0 0 1 0 1 0 0 0 0 0 -1 0 1 -1 0 0 0 0 1 0 0 0 0 0 1 0 0 1 -2 0 0 0 -1 1 -1 0 2 0 0 0 0 0 2 0 0 -1 0 1 0 0 0 1 0 0 0 -1 1 -2 1 0 1 0 0 0 0 0 0 0 0 2 0 -1 1 0 1 0 -1 0 1 0 0 0 0 1 -1 0 0 0 1 0 2 0 0 0 0 0 0 1 1 0 0 0 0 0 0 -1 -1 0 1 0 -1 0 0 -1 1 2 1 0 -1 0 0 0 0 0 1 0 0 0 0 1 1 0 0 1 0 0 -1 0 1 1 1 0 0 0 0 -2 1 1 0 0 1 1 -3 0 -2 0 1 0 0 0 0 1 0 1 1 1 -1 0 1 -1 1 0 1 0 -2 1 1 -1 0 0 0 0 0 0 0 0 1 0 1 0 0 0 0 0 0 11 1 1 0
0 -1 0 0 0 0 0 0 0 0 0 0 0 0 0 0 -1 0 -1 0 0 0 0 -2 0 0 0 0 0 0 0 -1 0 0 0 0 0 -1 0 -1 0 -1 1 0 0 0 -1 0 0 0 0 0 0 1 1 -1 0 0 1 0 0 3 0 0 1 0 0 0 -1 0 0 0 0 0 1 0 1 0 0 0 1 0 -1 0 0 0 -1 1 0 0 0 0 1 1 0 0 -1 0 0 0 0 0 0 1 0 0 0 0 0 0 1 0 0 0 0 1 0 0 0 -2 0 0 -1 0 0 0 0 1 0 -1 0 0 -1 -1 0 0 0 0 -1 0 -2 0 1 0 0 -1 0 0 0 1 1 0 0 0 0 -1 -1 0 0 0 0 0 0 1 0 -1 0 0 -1 0 0 0 -1 0 0 0 0 0 0 0 0 0 0 -1 -1 0 -1 0 1 1 0 0 0 0 0 1 -1 1 0 0 0 1 1 -2 1 0 -1 1 -1 0 0 1 0 1 1 0 -1 0 0 1 0 0 -1 1 -1 0 0 0 0 1 0 -1 0 -1 -1 -1 -1 1 0 -2 0 1 1 0 0 1 0 1 1 0 0 0 1 0 0 0 0 0 1 0 0 0 1 0 0 0 0 0 0 1 -2 -1 2 -1 0 0 0 0 0 0 0 0 0 0 1 0 -1 0 0 -1 0 0 0 0 0 1 0 1 0 1 1 2 0 0 0 -1 0 -2 1 0 0 1 0 1 0 0 0 -1 -3 0 0 0 0 1 0 0 1 0 0 0 -1 0 0 0 0 0 0 0 0 0 0 0 0 -1 0 0 0 0 1 0 0 1 0 0 0 0 1 1 1 0 -1 0 0 -1 0 1 0 0 0 2 0 0 0 0 0 1 2 -1 0 0 0 0 0 0 0 0 0 0 -1 0 0 0 0 0 0 0 0 0 1 -1 1 0 0 0 1 -1 1 11 1 -1
0 -1 -1 0 0 0 0 -1 0 -1 0 2 -2 0 0 0 1 0 -1 -1 0 0 0 -1 2 -1 0 -1 1 0 -2 0 0 -1 0 0 0 -2 0 -1 -1 0 -1 0 0 0 -1 0 0 0 -1 -1 0 -1 0 1 0 0 0 0 1 2 0 -1 2 0 0 0 -1 -2 0 0 0 0 1 0 -2 0 -1 0 -1 -1 -1 1 0 0 -1 0 1 0 2 -1 0 0 -1 0 0 0 -1 0 -1 -1 0 0 0 0 1 0 1 0 -2 0 -1 -2 0 1 2 2 0 -1 0 0 0 1 0 -1 1 -1 2 -1 0 0 -1 1 0 0 0 0 1 -1 -1 0 0 -2 0 0 -2 1 -1 -1 0 0 0 1 0 0 1 0 0 1 0 -2 -1 0 0 -1 0 0 0 0 -2 -1 -1 -1 0 -1 0 0 1 0 0 0 -1 1 0 0 0 0 0 0 0 1 1 0 0 0 -1 0 0 -2 0 0 0 0 1 0 0 -1 -1 0 -1 0 0 1 -1 0 1 0 0 3 0 0 0 -1 -1 -1 0 -1 -1 -1 -1 0 0 1 0 -1 1 0 0 -1 1 0 -1 1 0 -2 0 1 -1 1 -1 0 1 1 -1 0 -1 0 0 2 0 0 0 -1 -1 0 0 0 1 1 0 0 0 -1 1 -1 0 1 0 0 2 -1 0 0 1 0 -1 0 0 0 1 0 0 0 0 0 0 0 0 0 1 0 -1 -1 1 -1 -1 0 0 0 0 -2 0 0 0 -1 0 1 0 -2 0 0 2 0 -1 0 0 1 -1 -1 0 -1 -1 0 0 1 1 0 -1 0 1 1 -1 0 0 0 0 2 1 0 0 0 0 0 -1 -1 0 0 0 0 -1 2 0 1 0 0 0 1 0 0 0 0 0 0 0 1 0 -1 1 1 0 0 0 -1 0 0 1 0 0 1 0 0 0 0 0 -1 0 0 0 0 -2 0 -1 1 0 0 1 1 15 1
0 2 -2 0 -1 0 0 -1 -1 -2 -1 0 -2 1 0 -1 -1 0 0 0 1 -1 0 0 -1 0 0 0 0 0 -3 -1 0 -1 -1 -1 -1 0 0 -1 0 0 -1 -1 -2 -1 -1 1 0 0 0 0 -2 -1 0 -1 -1 0 0 0 0 -2 -1 0 0 0 0 1 0 -2 0 -3 -1 1 0 0 0 0 0 0 0 0 0 -1 -1 -1 -1 1 2 0 0 0 0 -1 0 0 0 0 0 0 -1 -1 0 -1 0 0 -1 -1 0 0 3 1 -3 0 -1 -2 -1 0 0 -1 -1 -1 -1 0 0 0 1 2 0 0 1 0 -2 0 0 0 0 0 -2 1 -1 1 2 -1 0 0 0 0 0 0 -2 -2 0 0 0 0 0 -1 2 1 0 -3 0 -2 -2 2 0 0 0 0 0 -1 -2 0 2 0 0 0 -1 0 0 0 0 2 -1 -1 1 0 -1 0 -1 0 -1 -1 -2 0 0 -1 0 1 1 1 -1 1 0 -1 0 0 0 0 0 0 0 2 2 0 -1 1 1 0 1 0 1 2 1 -1 1 0 -1 2 -1 0 0 0 2 1 -1 0 -1 -1 0 1 1 0 0 1 2 1 0 1 1 -2 0 -1 1 -1 -3 -1 -1 -1 -2 0 0 0 0 -1 0 0 1 -1 1 -1 1 -1 1 0 0 0 1 -1 0 -1 2 2 1 0 0 2 0 1 2 0 2 -1 -1 0 0 0 3 0 0 1 0 -1 1 -2 0 1 0 -1 0 0 1 0 0 1 1 -1 0 -1 -2 0 -2 0 0 0 1 -1 -1 0 0 0 -1 -2 0 -1 0 -1 0 -2 -1 1 2 -1 0 0 -2 -1 0 0 -1 2 1 -1 2 0 -1 0 0 2 -1 0 0 -1 0 0 1 0 1 2 -1 0 0 -1 0 -1 1 0 -1 -1 1 0 1 0 0 1 0 1 0 1 2 1 2 0 0 0 -1 -1 -1 0 1 -1 0 1 1 -2 0 -1 1 22

