Q_obj 
41 0 0 6 0 2 4 -4 2 -3 0 -2 4 0 2 6 0 -2 1 -2 -2 0 -1 1 0 0 2 0 0 0 -2 0 0 0 2 2 2 4 -2 -4 2 -2 -4 0 0 0 -3 -1 -1 -1 -2 0 0 -4 1 2 8 1 4 2 -2 0 -3 0 1 0 -4 -2 6 4 -3 -1 2 -1 -2 0 -4 -2 0 0 2 -4 0 -4 11 0 -4 0 4 -4 -4 11 1 4 1 0 0 -2 0 -4 -6 -5 1 4 1 4 3 -5 1 0 -1 0 0 0 0 -4 2 0 4 0 -2 4 0 8 2 1 3 6 0 0 4 -6 -2 -2 -2 -2 -1 0 0 -2 0 10 1 1 2 2 1 2 0 -1 -1 1 -1 -1 0 -4 2 2 2 -2 0 2 -4 0 4 0 -3 2 2 0 2 -1 4 7 2 4 0 0 2 -1 2 0 4 0 0 -4 0 0 1 2 0 0 -7 6 0 4 -2 -3 2 0 -2 -1 11 2 0 -1 6 0 0 2
0 25 0 0 4 -2 0 0 -1 0 -4 -2 4 0 2 0 8 0 1 0 0 6 0 3 -2 0 -3 0 -2 -1 0 0 2 0 0 -6 0 2 4 -4 0 2 -6 -1 0 -4 3 -1 -1 0 0 -4 0 0 -12 4 0 0 2 -4 0 0 0 2 0 0 0 -2 0 0 0 2 3 0 -2 2 1 0 -2 0 2 2 0 -1 0 0 0 -4 0 0 0 0 0 -2 0 2 0 3 4 -4 0 -6 -5 -6 -2 0 0 3 0 -4 2 1 -2 -1 2 0 4 0 -2 2 0 0 1 0 4 4 0 1 -6 0 0 4 4 -2 0 -3 0 4 0 2 4 0 -4 0 0 4 4 0 -4 -4 0 -4 0 2 -1 -2 4 2 0 -2 2 2 6 2 -2 0 0 3 2 0 0 0 0 0 0 0 0 0 -1 -2 0 -2 0 0 0 0 0 0 0 -2 -4 1 -4 -2 0 0 0 -2 0 0 2 2 -6 0 0 0 -1 2 -7 0
0 0 38 0 6 4 -2 6 0 2 0 -2 0 4 -4 0 -3 2 -2 2 2 0 1 4 -1 0 -3 -3 -4 -4 0 -1 4 2 -4 -2 -4 4 -3 -2 0 0 -4 -2 0 0 2 0 -2 0 4 0 0 -4 -1 6 2 2 3 -2 2 0 4 4 0 0 0 2 0 2 -1 2 0 -1 -1 0 0 2 0 -1 3 -4 2 0 -4 0 -4 4 -2 -2 -1 3 2 -3 -1 1 -4 -5 4 8 4 0 0 0 4 4 0 -2 2 -2 0 5 1 1 -4 -1 6 0 0 0 2 -2 3 -6 0 2 0 3 -2 3 0 0 2 0 5 4 0 -2 0 0 0 -4 14 6 -2 -5 0 2 1 1 2 0 0 0 0 2 6 4 0 -2 2 0 0 2 0 0 0 0 1 2 -6 0 0 4 9 2 0 5 1 2 4 4 -2 8 4 -4 0 0 0 0 0 2 -4 -1 2 0 0 0 -4 5 0 2 0 -4 0 2 4 0 0 -2
6 0 0 59 0 0 4 0 -3 0 0 0 -2 -4 -4 8 -4 0 2 2 2 -12 8 -10 4 2 2 0 -2 -4 0 -2 7 0 0 2 0 0 2 2 -10 1 0 3 -7 2 -2 2 2 0 2 0 -2 -2 4 0 0 0 2 0 -2 0 2 -2 -2 -4 0 4 -3 -2 -4 -10 0 0 0 4 -10 -2 -2 -10 0 -6 1 -6 0 0 0 -4 -2 -8 -4 -4 -3 -4 0 -2 5 -2 0 0 -6 -7 2 6 4 -2 0 0 -4 2 2 4 3 0 -2 4 4 0 2 2 2 -4 0 -4 5 -2 0 3 2 0 3 4 -4 1 2 -6 -4 3 -2 -4 4 -1 6 0 0 -2 2 4 7 -2 -2 4 0 2 4 2 0 0 2 4 4 0 0 2 0 0 -1 2 0 -4 2 -4 2 -6 -3 -6 0 3 -2 2 2 -4 6 0 0 1 -2 4 2 -3 -6 0 -4 4 2 2 2 -2 -4 -4 -2 -2 4 0 2 -2 8 2 -4 2
0 4 6 0 47 -1 -6 0 -10 -2 -4 2 2 -4 0 4 4 4 2 1 5 0 -6 -6 0 -4 -3 0 2 -4 -2 6 10 -2 -2 2 0 2 -2 -9 -2 3 -4 -1 0 0 -6 0 -6 4 4 0 6 -2 -6 -4 5 0 2 -2 2 1 4 0 0 1 0 -2 4 1 0 2 -1 -2 -2 1 5 0 0 -1 0 -2 0 -2 0 2 -2 4 0 -3 0 4 0 -6 -2 0 0 -4 -4 -5 -4 -9 -1 1 2 -2 0 0 -2 4 -2 0 -4 0 -6 4 -2 4 0 0 2 -2 2 0 0 0 -4 0 0 -2 4 0 10 2 -2 2 5 -2 0 -1 0 0 8 0 0 0 0 3 -6 2 -2 -4 -3 0 -1 -1 4 2 -4 8 -6 -2 2 2 -2 0 1 -4 -1 -1 -5 1 0 0 6 -6 0 0 -2 -2 4 0 0 -2 -2 4 0 8 -1 0 -8 -1 0 1 2 2 -2 -1 0 6 -4 0 -8 0 1 4 4 0 -4 3
2 -2 4 0 -1 52 2 2 -4 4 -2 0 0 3 0 -4 -10 -4 0 0 6 4 2 5 0 -2 5 0 2 4 2 2 6 -2 0 -4 0 -2 0 -4 -3 3 8 11 0 2 10 -6 -4 4 0 2 0 0 0 0 -2 0 0 2 2 0 2 -2 0 0 1 4 0 -2 2 -2 -12 0 4 -4 2 0 0 -5 4 6 0 5 0 0 -2 0 4 0 0 -4 0 0 8 4 -8 -10 2 5 1 -7 0 4 -2 8 4 -6 -6 0 -2 -6 4 -1 -2 0 -6 0 0 -1 4 -4 2 1 2 0 0 8 0 -1 0 0 -4 0 0 -4 6 0 0 -4 0 0 10 0 0 0 2 -1 4 4 7 1 2 -4 5 1 6 -2 2 -6 -2 -1 -8 4 2 0 2 -4 -2 0 -2 -2 0 10 -2 2 2 0 -4 0 0 0 2 4 -2 -2 0 -2 -1 8 -1 2 -9 -4 -4 4 2 4 0 -2 -9 0 -8 8 -1 9 0 -2 4 -1
4 0 -2 4 -6 2 42 -4 5 2 0 2 0 2 4 -2 0 -3 0 -2 -4 0 0 -2 0 0 -2 0 0 9 0 0 -2 4 3 6 -2 -4 0 2 0 -4 0 -3 0 0 0 4 6 -5 4 -2 1 0 0 0 -1 0 3 4 2 5 -6 -2 -2 0 2 0 2 -4 0 -4 4 -2 0 2 -2 0 0 -4 0 8 4 0 -2 4 -2 0 4 2 2 10 1 0 -4 0 1 0 8 -2 -6 0 0 0 -4 -3 4 0 0 -3 0 -4 -2 -1 -4 0 -1 0 0 1 0 4 1 -2 0 -2 7 2 0 2 0 2 0 2 6 -2 2 3 2 -3 0 14 6 -4 0 5 2 -8 4 6 0 4 0 0 5 -3 -2 -6 0 -4 0 0 1 0 0 -2 0 6 0 0 -2 -2 2 0 -4 0 0 0 -9 -4 -4 -7 1 -2 8 -4 0 8 -2 -5 4 0 -8 -2 0 -1 -2 -4 -2 0 -2 0 0 0 0 -3 8 -3 -2 0
-4 0 6 0 0 2 -4 82 0 6 3 8 -1 0 -3 -4 -3 -8 1 0 -1 -4 -2 5 -1 2 -4 4 2 -6 -6 2 0 2 0 -4 -4 1 0 -8 4 2 2 9 0 1 0 -3 4 8 1 -1 -1 8 6 4 -4 1 -3 4 -6 -8 -2 -2 -2 4 6 -7 -2 2 4 -4 -1 0 6 8 -5 4 1 0 6 -3 6 0 -2 -7 -2 -2 2 -2 1 -2 -2 -3 -4 -4 -2 -2 -1 2 6 -2 0 6 0 1 0 -7 0 2 2 0 -4 -4 0 -4 2 0 5 4 -2 6 -2 1 -5 -6 9 -4 -5 0 2 1 -5 -2 3 5 0 -4 -2 3 -2 -3 -1 -4 -4 0 0 2 -8 2 8 -3 -2 1 2 0 2 -5 7 -2 4 0 -4 -2 3 0 6 2 2 -4 -8 0 -1 2 8 -4 6 2 4 0 -3 0 6 4 -7 0 0 -1 2 2 0 2 6 1 2 4 2 4 8 1 0 -2 0 -12 -2 2 -5 -8 0 -7
2 -1 0 -3 -10 -4 5 0 54 -4 2 4 -6 6 6 4 -2 -1 4 -2 -2 2 7 -4 0 2 0 0 0 3 -1 0 -2 1 -4 0 1 0 2 2 3 -4 6 4 1 4 2 0 4 8 0 0 -2 1 0 6 -3 1 4 -2 4 2 -5 0 -2 0 -2 -4 4 3 0 -2 -4 2 6 0 0 0 0 2 -8 -3 0 0 0 -2 4 -4 -2 3 4 4 -2 4 -4 3 1 6 0 -2 2 4 0 -1 3 0 0 -1 10 8 5 0 -2 -1 0 0 3 -1 0 2 -4 -4 6 0 4 2 8 0 2 0 0 0 -4 0 4 0 6 -3 -2 10 2 4 2 -2 4 2 2 2 7 2 -6 5 0 0 0 -2 0 4 -2 -5 6 0 11 0 1 -3 2 2 -2 -2 1 0 4 4 -2 -3 6 4 1 2 8 -3 0 2 4 4 0 6 -2 3 -4 3 -2 -4 -2 0 3 -2 8 -8 0 -2 0 -2 0 2 4 4 0 0
-3 0 2 0 -2 4 2 6 -4 53 0 4 1 -4 4 -2 0 2 1 0 0 -2 4 4 -5 2 0 2 4 -6 0 0 -2 4 0 0 -1 -2 0 4 0 2 2 -2 0 0 0 -2 0 0 0 4 0 2 0 12 -1 6 4 0 -4 0 6 4 5 0 0 0 -2 2 4 -2 0 0 2 2 4 -2 5 0 -4 8 4 2 -4 0 0 4 4 0 -4 -10 8 4 0 1 -1 0 0 2 1 6 -2 0 0 6 0 10 2 0 4 -6 5 3 2 0 2 0 0 2 0 0 6 -4 3 -5 -2 -7 -1 0 6 5 2 -1 10 -4 0 -6 -2 0 4 -5 4 6 0 2 6 0 0 3 0 0 0 1 2 6 0 -2 2 -6 -5 4 -6 6 0 4 0 -5 -2 0 -1 2 0 10 0 -8 1 4 4 4 -4 2 1 -8 1 2 6 3 0 -5 7 0 0 -6 2 -1 -2 -4 4 4 -2 -7 0 -9 4 -5 0 -2 6 0
0 -4 0 0 -4 -2 0 3 2 0 25 0 0 0 5 0 -3 1 0 -3 3 4 0 0 0 0 0 0 -2 3 1 -2 -6 -2 0 1 0 0 0 -2 3 2 -2 0 0 0 0 0 1 0 0 0 0 -2 2 0 0 0 2 3 4 0 2 -2 0 0 0 -2 1 0 2 4 0 0 4 0 -1 0 0 0 -4 2 -1 0 0 0 -1 0 -2 -2 2 0 -1 -4 1 -2 2 0 2 8 0 3 0 0 -1 -2 -2 2 0 0 0 0 -1 0 0 0 0 0 0 -2 0 4 0 0 0 -4 2 -2 0 0 0 2 2 0 0 -6 0 0 -2 0 2 0 -2 2 1 0 -4 0 0 0 0 -4 4 0 -1 0 1 2 0 0 0 2 0 -2 1 2 -2 5 1 -4 0 -1 0 0 2 3 0 2 0 0 0 0 0 2 0 0 0 4 0 1 2 0 0 0 -2 4 1 0 4 0 2 0 4 0 0 0 4 0 2 0
-2 -2 -2 0 2 0 2 8 4 4 0 59 4 -2 2 0 1 0 1 0 4 0 6 -2 2 0 0 -4 -3 0 0 0 -5 -4 0 0 0 0 1 -4 0 -4 6 -2 0 0 -4 0 4 -2 0 0 -3 4 0 0 -2 2 4 -2 4 0 2 0 2 8 0 1 -2 0 4 -4 0 -4 0 0 4 0 4 -4 0 -16 0 4 2 4 -1 -8 -6 2 6 -4 0 0 -4 -2 -2 4 0 6 6 0 4 0 -2 5 0 2 -6 0 4 -4 -5 0 -4 0 0 0 0 4 0 -4 4 -2 8 -6 -4 0 0 0 -6 8 1 -6 8 0 0 -2 -2 -4 -4 4 0 -2 0 1 0 -4 4 6 -4 2 2 0 -3 2 -2 8 1 0 -4 -6 -4 0 2 4 2 2 0 0 2 0 0 -4 0 -11 0 0 0 0 -4 0 4 -3 10 0 0 15 4 0 -4 0 -6 -2 -2 4 0 0 8 0 0 -1 0 -4 0 -2 0 2 0 0
4 4 0 -2 2 0 0 -1 -6 1 0 4 47 -1 5 -3 -1 1 -3 0 1 0 0 0 -5 -2 -1 0 4 -2 -2 -2 2 -2 2 0 6 -2 0 -4 -2 8 -4 -1 4 -6 3 0 -2 -3 -2 0 1 2 0 0 1 -1 -3 0 0 4 -2 3 0 2 2 -2 1 2 3 2 4 2 -3 5 2 2 -4 0 2 2 2 2 2 2 -2 -6 1 1 4 0 1 4 1 -3 1 3 -6 -3 6 7 -2 5 0 2 3 2 -9 2 -4 -2 2 0 3 -2 -2 -2 0 -4 2 -6 -4 0 1 0 -6 -6 2 0 -2 0 0 -1 14 -12 -6 4 2 7 -2 -1 3 2 -4 0 -5 1 -4 7 -1 0 2 4 -2 -5 4 0 -2 2 -1 2 -6 2 4 0 2 -3 2 -1 0 1 4 7 -2 0 -5 0 -2 -4 2 0 -2 -2 1 2 0 4 0 2 -2 -5 -3 -6 -2 8 0 2 2 -1 2 -5 -4 0 2 -2 4 -1 0 1
0 0 4 -4 -4 3 2 0 6 -4 0 -2 -1 28 0 1 0 0 0 -2 2 0 2 1 0 2 -1 0 -3 0 -2 2 -4 0 0 0 0 2 0 0 2 0 -4 0 0 -2 2 6 0 -2 0 0 -4 0 0 0 0 0 0 0 2 0 -1 5 -4 -2 -1 1 4 6 -1 0 -1 0 0 0 4 2 0 0 0 4 0 0 0 -2 0 -4 0 -1 0 0 0 0 -1 0 -4 2 -2 0 0 4 0 0 0 0 0 0 -4 2 0 -4 2 1 4 0 0 -4 0 4 0 -6 8 -1 0 0 0 0 4 -1 0 4 -2 0 -1 -2 -1 2 0 8 0 0 -4 -8 0 0 2 0 0 -4 7 -1 0 6 0 -5 1 -2 6 -4 0 -1 2 -2 -4 -4 0 0 6 0 -4 0 4 0 1 8 0 0 -4 0 5 -2 0 6 1 0 0 0 -4 -1 8 0 -4 -4 0 0 8 0 4 0 2 -2 6 4 -5 0 0 6 0 -2
2 2 -4 -4 0 0 4 -3 6 4 5 2 5 0 48 -2 4 0 6 1 0 4 0 -4 -2 0 -2 0 0 1 -2 0 -6 -4 6 7 6 0 0 -4 0 2 -4 0 4 4 0 2 0 4 -1 2 0 0 -4 2 2 0 -2 1 -5 4 6 8 0 0 -4 4 4 0 0 0 0 2 0 2 0 4 6 0 0 -2 0 0 0 0 0 -2 -3 4 -2 0 -2 6 1 0 2 0 -4 -4 1 2 4 2 0 -2 0 -3 2 0 0 0 0 6 0 4 -8 0 -4 1 0 -4 0 0 2 0 2 -2 0 0 0 -4 2 -3 -4 -4 8 4 0 4 4 2 -1 4 0 0 -2 0 0 0 2 -2 0 0 -1 0 6 0 -4 0 6 8 0 0 -2 0 0 0 0 -2 -8 5 9 -2 -2 6 -4 -2 -4 0 0 0 4 -2 -4 4 -4 0 2 -5 0 0 4 -5 0 -2 0 -6 0 -4 2 0 0 0 0 4 4 1 0 1
6 0 0 8 4 -4 -2 -4 4 -2 0 0 -3 1 -2 59 2 -2 2 0 0 -2 8 -1 1 -4 0 1 -1 0 -3 2 -8 -2 -2 -2 4 5 -2 -2 4 4 8 4 -4 0 6 2 2 -2 0 0 2 0 0 0 10 0 4 -2 -6 4 3 -8 7 0 -2 5 -1 0 0 6 6 2 2 5 2 -3 -3 -6 -10 0 0 -2 2 0 8 2 0 0 -4 0 0 4 -4 8 1 0 2 2 0 -2 -5 0 2 6 -2 7 0 8 0 0 -4 0 0 0 0 2 0 2 1 8 -2 4 4 1 0 4 0 2 8 1 -2 -1 2 3 -5 4 -2 0 0 -3 -4 2 2 -2 -2 -3 -6 -6 6 -2 -3 6 0 -2 0 1 -2 -4 6 -2 8 4 0 0 0 4 4 0 5 0 0 -2 2 1 -2 4 4 2 4 -2 -4 0 0 -2 4 -6 -2 4 -4 2 -8 -4 4 0 -4 2 8 0 8 0 7 0 6 0 0 2 -4 2
0 8 -3 -4 4 -10 0 -3 -2 0 -3 1 -1 0 4 2 52 0 -5 -1 5 -4 2 0 0 2 2 2 -8 -4 -1 0 0 0 2 2 2 4 1 2 0 0 -6 1 0 2 2 3 6 -3 4 -3 -1 -4 -8 0 1 -1 4 -1 -4 -1 -2 0 -4 0 -2 3 -4 0 0 1 8 -2 -4 -2 -1 -6 -1 4 2 2 1 0 2 -2 2 -4 2 -2 -2 6 -4 2 -2 -8 0 0 1 -6 10 -10 -4 -3 2 1 0 4 4 -10 0 0 0 -6 -6 4 -4 4 0 2 2 0 3 -2 -2 0 1 -1 -4 0 0 -4 0 1 -4 4 8 -2 -4 1 0 1 -2 0 4 1 4 2 0 -2 6 -2 2 2 0 0 4 6 -1 0 4 -2 6 0 -2 2 0 -1 1 2 0 4 0 0 -5 2 -8 3 5 6 -1 0 0 -1 -4 -8 0 0 0 -4 -2 -5 0 2 2 2 -4 4 0 6 2 0 0 -4 0 0 0 6 -4 0
-2 0 2 0 4 -4 -3 -8 -1 2 1 0 1 0 0 -2 0 33 0 -2 0 0 0 -6 0 2 6 0 0 -5 4 2 0 1 6 -4 2 -2 0 8 -2 4 0 -2 0 0 0 -4 3 -1 4 -4 4 0 0 0 -1 5 0 1 4 1 4 0 0 0 0 4 1 3 0 2 0 0 0 0 4 0 0 0 -4 0 -4 -2 0 0 1 4 0 4 6 -4 -2 -2 -3 0 4 0 -3 0 -2 0 0 0 0 -2 0 4 0 4 0 -1 0 -1 2 0 -4 0 0 0 0 0 -2 0 0 0 -4 5 4 6 -4 0 4 0 -2 -2 0 0 0 2 4 -2 -2 0 4 0 -4 -4 -2 0 -2 0 0 -4 -2 -4 4 -4 0 7 -2 0 2 4 -4 2 0 0 -2 0 0 0 0 4 4 1 -4 0 -5 0 -2 0 0 -2 0 8 -4 4 -3 -5 2 -6 0 0 0 2 1 0 -2 0 0 0 -2 -2 0 -1 0 4 -1 1
1 1 -2 2 2 0 0 1 4 1 0 1 -3 0 6 2 -5 0 41 2 0 -4 0 2 4 -4 -4 0 -4 0 -3 4 4 -1 0 0 2 -1 -1 -4 0 2 0 -2 6 0 -1 0 0 2 1 0 -1 2 4 -2 0 0 0 1 0 0 5 4 0 0 -4 3 6 0 0 5 0 0 6 0 2 0 7 0 -2 -3 -2 -2 0 4 1 2 4 -2 0 -4 0 6 2 2 0 0 0 2 -2 4 -2 0 -2 0 2 1 4 4 0 0 -8 2 0 -2 0 -2 -2 -2 -2 -4 7 5 4 0 4 0 0 2 0 -7 2 -2 0 5 0 0 4 0 0 -1 -2 -2 5 1 2 -1 2 -2 2 0 -3 9 2 0 2 -2 4 0 -2 -2 8 -4 -2 0 -4 2 0 -4 0 -1 4 2 0 0 0 0 6 -2 2 0 -5 -9 -2 2 0 0 2 0 1 2 4 2 2 0 0 -4 0 -2 -1 4 1 1 0 -3 2 -2 1 1
-2 0 2 2 1 0 -2 0 -2 0 -3 0 0 -2 1 0 -1 -2 2 48 5 -4 2 0 -2 0 0 -2 -2 4 -1 0 2 0 -2 4 -4 -9 -4 -1 -6 2 -8 2 0 4 -4 -4 -2 4 3 0 1 -2 -4 4 0 0 3 2 -1 0 0 -4 -4 3 0 2 -3 1 -8 4 4 0 0 4 -3 7 4 0 -3 -6 0 -3 0 0 0 -2 4 3 -1 3 0 -2 6 8 3 0 2 -1 0 -8 -3 -4 0 8 -4 -4 -2 2 0 0 2 1 2 -2 -5 3 2 3 0 4 2 0 -2 0 0 -10 0 0 -1 3 2 -3 10 10 -10 2 6 -3 0 2 3 0 -10 -2 -2 4 4 0 -2 0 0 2 3 6 0 -8 0 4 -2 -1 0 0 -2 -4 0 -5 4 0 0 2 5 -8 -6 -4 0 0 -4 -2 8 -4 0 0 3 -2 0 2 6 2 -4 0 6 1 -2 4 -2 -1 0 0 8 0 8 0 -1 4 6 0 0 -1
-2 0 2 2 5 6 -4 -1 -2 0 3 4 1 2 0 0 5 0 0 5 69 2 1 -5 4 -3 2 0 10 -2 -1 -2 0 0 4 -8 8 -10 0 6 -2 0 0 6 2 4 0 0 12 4 4 0 0 -8 4 -4 3 1 8 -2 2 -5 0 -8 -2 2 0 -4 -3 -2 -2 -4 -2 0 6 0 9 -6 0 1 -1 3 0 2 0 -1 -2 3 -4 2 -4 2 0 -10 0 6 -5 0 -2 4 2 -4 0 2 4 2 2 -5 0 -2 -2 -1 4 -3 -4 2 2 6 -4 0 2 2 6 0 2 -2 -1 4 -1 -4 -2 -7 -4 -4 -4 0 1 -2 6 2 4 2 11 0 0 2 0 1 4 5 5 4 7 8 3 2 1 2 2 0 0 -2 -2 -1 0 2 5 -1 4 -8 4 5 -4 3 -4 0 -5 10 3 0 2 -4 0 4 4 -4 0 -6 0 0 2 4 3 -2 4 4 6 -2 4 1 0 2 -2 2 -2 4 -4 4 1 -5
0 6 0 -12 0 4 0 -4 2 -2 4 0 0 0 4 -2 -4 0 -4 -4 2 60 0 0 2 -2 0 2 4 4 -2 4 6 0 0 0 -4 -6 -4 -4 14 0 16 -2 0 2 4 2 -4 0 4 4 4 -6 -4 -4 8 0 -4 -2 0 -2 -2 -6 4 0 -4 -4 0 0 8 8 -10 0 0 0 2 -4 0 6 -4 4 0 8 8 0 2 0 0 -2 -4 -4 0 2 -2 4 2 2 2 0 0 4 -2 -4 -4 4 2 -8 -4 -2 4 2 -4 0 -2 4 2 0 -2 4 -2 0 0 12 4 8 -2 6 0 0 0 0 4 -2 2 0 2 -4 0 2 4 -4 2 4 2 4 -2 0 0 -6 0 0 0 -2 0 0 0 4 -6 8 -4 14 0 4 -2 0 0 -2 -2 -2 -2 4 0 0 4 4 0 -12 6 -14 -2 0 -2 2 0 0 0 2 2 10 6 4 -4 0 0 -2 2 2 4 6 6 6 -8 -2 2 -2 -4 2 0 4
-1 0 1 8 -6 2 0 -2 7 4 0 6 0 2 0 8 2 0 0 2 1 0 48 -6 2 -1 0 0 -7 3 0 0 2 1 6 -1 3 5 0 2 0 0 8 4 0 -4 10 5 1 2 2 6 2 -2 0 -2 -1 -2 -1 0 0 2 0 -4 3 0 0 0 -2 2 0 -2 0 2 -1 -1 2 -2 -6 -6 -2 2 0 -2 -1 -1 -2 2 -4 2 -2 -3 -6 2 -2 3 0 0 6 3 6 -3 -2 -2 -3 1 4 10 0 2 10 0 0 -2 0 0 0 -2 -4 2 -1 -3 9 0 5 2 0 1 0 0 1 1 -2 0 6 -2 -3 -4 -4 2 0 -3 0 4 0 3 0 2 0 2 5 1 4 3 0 3 2 -2 5 0 -8 -2 3 -2 -2 0 2 0 4 -3 2 -1 1 0 -4 -9 0 1 0 2 4 2 -2 -1 -2 2 -2 4 0 2 0 -3 -9 0 -2 0 -6 2 6 -1 -1 1 4 -6 3 -2 0 6 4 6
1 3 4 -10 -6 5 -2 5 -4 4 0 -2 0 1 -4 -1 0 -6 2 0 -5 0 -6 59 4 0 -5 -2 1 6 -2 -2 0 0 4 -6 -2 2 0 2 0 0 -10 -10 -2 -2 4 -10 6 0 -4 6 -8 0 -8 2 -2 2 -6 2 0 -6 3 0 2 0 -2 -1 0 0 0 0 4 2 -2 0 0 3 2 0 8 4 0 -5 4 0 -2 -4 0 -4 -6 2 2 -6 0 5 -2 2 4 -6 6 -4 2 4 -2 -2 -4 0 -2 -6 -2 2 1 0 2 0 4 0 -4 0 0 0 0 0 -4 0 0 0 -1 -8 5 0 -6 4 5 2 2 -10 0 0 0 -8 -2 0 0 0 0 -1 -2 0 3 0 -2 -2 0 0 -4 2 0 -11 2 2 2 4 -2 0 2 3 -4 -2 0 0 -2 6 4 0 8 0 4 -4 0 -6 0 1 -7 -2 0 2 -2 -2 0 6 0 8 -2 2 2 0 -2 0 -2 0 0 2 4 4 -2 -6 6 0
0 -2 -1 4 0 0 0 -1 0 -5 0 2 -5 0 -2 1 0 0 4 -2 4 2 2 4 66 2 -2 2 8 -2 0 0 10 6 0 2 0 -2 0 2 4 -5 14 -2 -4 -6 3 2 4 2 4 4 -5 -4 5 -8 0 0 0 1 2 2 -4 2 0 4 -2 -5 3 0 -5 3 -7 2 -1 -2 0 0 0 -2 -4 0 -1 8 -2 0 -4 4 0 2 -3 6 -4 2 -2 5 3 0 0 -4 -1 -12 -7 4 -4 -2 -2 -10 -12 7 4 -4 -4 -12 3 5 0 3 -8 -4 0 -4 -4 0 -2 -4 -4 -5 2 2 -8 -10 0 -1 -9 14 0 2 -4 -4 -1 -1 4 4 0 0 1 0 -6 5 2 10 -4 0 -1 -8 -4 -2 0 -3 -5 0 4 -4 4 0 -4 1 2 2 0 0 4 0 0 -2 10 2 1 0 2 -4 2 -4 -2 -4 -4 2 4 8 2 6 0 4 0 -5 4 0 -2 0 -2 -5 -3 0 6 1 0 0 -1 0
0 0 0 2 -4 -2 0 2 2 2 0 0 -2 2 0 -4 2 2 -4 0 -3 -2 -1 0 2 52 4 1 -2 -4 0 -4 -6 -4 0 0 2 5 4 0 -4 2 4 0 2 -6 6 4 -2 -5 -4 -2 -2 1 -1 12 11 4 8 -2 6 0 0 4 0 4 -2 2 -8 0 -9 -2 -3 -4 -2 -4 2 10 -2 -1 0 3 -2 0 1 -4 -4 2 -2 0 0 3 -5 -3 -2 0 -1 2 -4 1 -7 6 -4 5 4 0 -4 1 -6 -4 0 0 0 4 2 8 4 -2 2 -7 0 -5 3 -2 0 -2 -1 -2 7 -2 0 3 -2 4 -4 -2 -1 5 -1 6 -2 0 -2 0 4 0 5 0 -2 0 -2 2 1 -1 1 4 0 6 2 0 5 0 -6 -8 -4 -4 3 0 3 1 2 -2 2 -5 0 -4 6 0 -1 6 -2 -2 4 5 -4 3 0 -5 0 2 0 0 3 0 1 -5 -2 3 1 3 8 -2 4 -2 3 4 -2 6 2 3
2 -3 -3 2 -3 5 -2 -4 0 0 0 0 -1 -1 -2 0 2 6 -4 0 2 0 0 -5 -2 4 49 2 -2 -2 0 0 -2 -2 -2 -4 0 0 1 -4 3 2 6 6 -2 4 7 3 -8 0 2 -4 -2 4 1 3 0 7 2 4 4 0 4 0 0 0 -2 11 -4 2 0 0 4 1 2 -2 4 -4 0 -2 0 3 0 3 2 2 6 4 8 -4 4 2 2 8 9 6 0 2 -2 -4 7 2 0 -1 7 0 2 4 -2 2 0 0 2 4 0 0 0 0 2 -2 0 -4 1 -1 4 0 -8 -2 4 2 0 4 -1 -2 2 -7 -5 2 0 0 0 -3 1 2 -1 6 1 4 4 4 0 0 0 2 6 4 3 -2 2 8 -2 4 -2 0 -2 4 -1 -2 2 0 -2 0 0 1 4 -2 -6 2 -4 -8 0 -1 1 2 -3 -4 0 -4 0 -1 0 -2 2 -2 0 -1 -2 10 4 0 -1 0 0 0 4 0 0 8 1 0
0 0 -3 0 0 0 0 4 0 2 0 -4 0 0 0 1 2 0 0 -2 0 2 0 -2 2 1 2 43 4 -4 -1 9 2 0 -6 -2 4 4 1 0 -2 4 4 6 0 2 0 0 4 -12 0 2 6 -2 4 -4 3 0 4 2 -8 0 -2 0 2 0 0 -2 6 -2 0 -8 -4 -1 -1 1 0 -1 4 2 3 7 -4 1 2 -5 4 -4 4 0 0 0 -2 9 3 -5 -6 -7 4 0 0 -2 -2 0 0 -1 0 2 0 -1 0 4 -3 -7 2 2 0 2 -2 -4 -1 6 -2 0 0 3 1 0 -4 -3 -4 4 -10 1 2 0 -2 0 -2 -2 2 -4 0 -6 4 1 1 -9 2 -2 -4 4 -1 -2 4 -1 2 -3 -2 -2 2 2 -2 -4 -2 -2 10 2 4 2 3 2 0 -6 2 3 -3 0 -5 0 -4 0 3 0 0 -6 2 -4 0 2 2 -1 1 3 2 0 0 -2 6 1 0 -2 -2 8 3 -4 1 0 0 0
0 -2 -4 -2 2 2 0 2 0 4 -2 -3 4 -3 0 -1 -8 0 -4 -2 10 4 -7 1 8 -2 -2 4 54 -4 0 0 -3 -1 4 2 8 -3 0 -2 0 0 6 6 0 0 0 -7 5 0 4 4 0 4 10 0 -4 2 -2 1 -4 -2 -5 -4 0 -2 5 -5 8 0 0 2 -5 3 -2 6 2 -4 0 0 8 4 -1 2 4 0 -3 2 0 -4 -2 4 4 -1 -2 4 0 4 -2 -2 -5 0 0 6 2 0 0 -6 -6 4 0 1 0 -6 2 2 2 4 0 4 1 0 2 2 0 0 0 -1 4 -6 -1 -2 -5 0 1 4 -5 -6 -4 6 1 -4 6 -1 -1 0 2 -4 -1 6 0 6 4 4 1 4 -6 0 -4 0 -5 8 0 5 1 0 8 2 -7 -2 0 2 0 0 0 4 4 0 6 8 -4 -6 0 -2 8 2 2 1 -4 0 4 6 0 0 -1 0 2 2 -2 2 -6 -1 -12 0 4 0 -4 2 7 4
0 -1 -4 -4 -4 4 9 -6 3 -6 3 0 -2 0 1 0 -4 -5 0 4 -2 4 3 6 -2 -4 -2 -4 -4 50 2 -4 -3 -1 -2 1 -4 -4 -4 0 0 -4 0 2 4 0 2 -1 -2 2 0 -4 0 0 -2 -4 0 -1 0 7 0 1 -4 -8 -2 0 0 4 4 -1 2 6 2 3 2 6 -6 0 0 -2 -6 7 0 7 0 0 0 -4 -2 1 0 4 6 2 5 4 -3 -4 4 -5 -2 -1 1 0 0 2 0 0 0 -1 0 0 -4 2 -4 -8 8 -2 -1 4 -2 0 0 0 -4 2 3 4 0 4 0 4 4 0 8 -4 0 0 4 -2 -2 2 2 -2 0 1 0 4 4 0 -2 0 -1 -2 1 2 -4 -1 -2 7 0 0 0 0 -6 2 -2 -4 0 -6 0 2 4 -2 -6 0 6 -4 2 -4 2 0 -5 1 0 -4 0 3 2 -3 0 4 0 6 1 0 -1 0 2 -4 8 2 6 2 -1 2 4 -4 0 0
-2 0 0 0 -2 2 0 -6 -1 0 1 0 -2 -2 -2 -3 -1 4 -3 -1 -1 -2 0 -2 0 0 0 -1 0 2 63 -9 -2 -3 -2 0 -6 0 -4 9 1 -4 0 0 0 0 0 -8 0 -4 1 0 4 -1 -2 0 8 4 -6 0 -8 -8 5 -12 0 0 -2 4 1 0 2 0 -6 2 -2 -2 -1 -9 2 6 4 2 0 4 -2 -2 0 -4 -4 6 2 -8 -6 0 5 -3 -3 -6 6 -4 2 -6 4 0 0 1 -4 0 0 2 -8 -2 2 2 0 -2 4 2 2 0 -5 2 0 4 4 -3 -4 -4 -4 -4 -4 0 8 1 -4 0 -1 4 -2 3 0 2 0 -3 0 3 -3 2 2 0 -4 1 4 -2 -2 -5 0 -5 0 4 4 -2 -6 6 -6 -1 2 1 -3 0 3 -5 2 -4 -8 4 4 -2 -2 4 4 0 6 0 9 -2 0 6 -8 -4 6 -2 4 -1 2 -2 -2 0 -6 0 -8 -2 -5 -1 2 -3 -6 1 -8 4
0 0 -1 -2 6 2 0 2 0 0 -2 0 -2 2 0 2 0 2 4 0 -2 4 0 -2 0 -4 0 9 0 -4 -9 55 2 -1 2 4 0 -10 -4 -9 12 4 4 -4 0 0 4 4 -2 -2 -2 0 2 -4 0 0 -14 0 2 2 0 0 8 0 6 0 0 0 0 4 0 2 4 0 0 0 4 -6 4 0 -1 6 0 -2 4 0 -2 2 0 0 0 0 -2 8 -3 4 0 -1 -10 4 -10 4 0 0 -8 3 4 -2 0 4 2 0 -9 -1 0 2 -2 4 -2 0 -6 12 2 0 0 2 -6 4 0 3 -2 -4 2 8 0 6 -3 0 2 -2 -4 -2 0 0 4 0 4 -8 4 -5 3 4 0 6 0 -2 -2 6 -6 4 -8 0 12 -2 0 2 0 4 0 0 4 -4 -2 4 12 9 0 -2 0 -4 4 -10 2 0 -6 -2 0 -4 -4 -5 -6 4 -4 5 6 6 0 0 2 2 -2 2 -2 4 -4 4 0 4 0 -5
0 2 4 7 10 6 -2 0 -2 -2 -6 -5 2 -4 -6 -8 0 0 4 2 0 6 2 0 10 -6 -2 2 -3 -3 -2 2 82 5 0 -2 0 -6 0 -1 10 -2 10 0 -2 0 6 2 6 8 0 0 6 -4 0 -4 -4 -2 -6 2 0 -4 2 6 8 -2 -4 8 -1 -4 -2 6 0 4 0 0 0 2 -4 -12 10 -4 -2 6 8 -4 1 0 2 -6 -4 -2 0 12 4 2 -2 -8 -2 0 0 -7 -4 2 -8 -1 4 -4 4 -2 -3 0 -8 0 0 0 1 6 -4 4 2 -10 4 0 -4 4 0 -2 0 2 0 -10 0 -2 -2 10 4 2 0 -2 -6 -4 2 4 -4 -2 0 -4 6 -1 2 0 -2 -5 8 -2 0 -5 -7 4 0 -10 -4 0 0 -8 0 -3 -4 0 4 8 4 4 10 2 0 -6 -2 -6 0 -4 -2 1 0 8 2 3 5 -4 -4 2 0 2 -11 2 2 4 0 0 -2 7 0 0 0 4 2 -6 -6 4
0 0 2 0 -2 -2 4 2 1 4 -2 -4 -2 0 -4 -2 0 1 -1 0 0 0 1 0 6 -4 -2 0 -1 -1 -3 -1 5 34 4 0 -2 0 0 3 2 2 0 -6 0 0 0 -3 0 4 4 0 2 0 0 0 0 1 -4 0 0 4 -4 4 0 0 2 0 -2 -1 -4 0 -2 5 0 -4 2 -2 2 0 -2 -2 0 0 -4 4 1 0 6 3 -3 6 0 -2 -1 -3 0 0 4 -4 0 0 0 -2 0 1 0 2 4 0 1 0 4 -4 0 -4 0 0 0 0 3 0 -6 0 -4 0 4 -4 -1 2 -4 0 -4 0 -2 3 0 2 6 -2 -2 0 -4 -4 -2 5 0 -4 0 1 0 4 2 0 -1 0 -2 2 -4 -11 0 -2 4 5 4 0 0 5 0 2 0 -4 0 2 -2 1 2 0 0 2 0 8 -2 0 2 2 -2 0 3 3 1 2 -4 2 4 -2 -1 -2 1 0 0 -4 0 -6 4 0 -6 -2 0 0
2 0 -4 0 -2 0 3 0 -4 0 0 0 2 0 6 -2 2 6 0 -2 4 0 6 4 0 0 -2 -6 4 -2 -2 2 0 4 46 -2 7 4 -8 0 4 0 4 -4 0 0 4 0 6 2 2 4 -7 2 0 -4 0 -2 -5 4 4 0 2 2 0 2 2 0 0 -2 0 4 -1 0 0 -2 0 4 2 0 2 6 0 0 4 0 0 0 4 -2 -1 0 4 0 -4 0 4 6 2 -2 -4 0 2 0 -4 -3 0 -4 -4 -6 0 0 3 8 1 2 2 -1 -2 -1 -4 0 -4 0 0 2 -4 2 1 2 4 -4 8 4 0 2 -5 -2 -2 0 6 0 0 8 4 6 2 -4 0 6 5 4 4 6 -1 -1 -4 -4 0 0 -6 4 1 0 -2 2 -1 4 -6 -2 1 -4 -6 2 -4 -1 4 0 12 -2 -2 -4 0 0 -6 0 -2 0 2 -4 4 -7 -5 2 0 4 -4 -5 -2 -4 -2 2 -2 -2 0 0 0 0 0 4
2 -6 -2 2 2 -4 6 -4 0 0 1 0 0 0 7 -2 2 -4 0 4 -8 0 -1 -6 2 0 -4 -2 2 1 0 4 -2 0 -2 48 -8 2 -4 -8 3 0 2 0 0 0 -4 4 -4 -2 0 2 0 0 2 -2 0 -4 2 0 -3 5 0 2 -2 0 -4 -8 0 4 -2 -2 0 -1 0 4 4 -8 0 0 0 1 0 0 -6 0 -2 -2 0 0 -2 4 -1 -4 4 -2 2 4 1 1 -1 6 4 0 -1 2 -2 -3 0 -4 -4 -4 -1 2 -4 0 -12 0 -2 2 -2 0 6 0 4 0 2 -6 4 0 0 2 0 0 -4 2 4 2 4 6 -4 -2 2 0 -8 -4 -6 0 4 -2 2 6 1 0 2 -2 0 0 0 -2 2 2 -6 1 3 2 0 0 -4 0 -2 -1 4 -4 -4 2 0 2 4 0 1 0 0 0 -8 4 4 0 2 2 -2 3 0 -2 1 0 -4 -6 0 1 -6 0 4 0 -9 0 8 0 0 0
2 0 -4 0 0 0 -2 -4 1 -1 0 0 6 0 6 4 2 2 2 -4 8 -4 3 -2 0 2 0 4 8 -4 -6 0 0 -2 7 -8 39 6 8 0 0 0 0 0 4 0 0 -4 -2 0 -2 2 0 4 0 0 0 0 2 0 0 0 0 0 0 0 8 0 2 0 -2 0 6 0 0 -4 0 4 -1 2 -4 -5 0 4 2 -2 2 -2 0 2 0 0 -2 0 -6 -2 0 0 -2 -2 0 4 -4 0 0 -2 4 -2 -4 -2 2 -2 -1 0 0 2 -2 0 0 -8 0 0 0 0 0 1 0 0 5 0 0 -3 -4 0 -4 0 -4 0 -4 2 0 0 0 2 0 -2 2 4 -4 0 -4 0 2 4 -4 -6 0 0 2 0 0 4 -3 -4 0 0 0 0 2 2 1 0 -4 6 0 -3 1 0 0 4 -2 -4 0 -2 1 0 0 -6 0 -2 -4 4 0 0 -6 5 0 6 -4 -4 -2 6 0 0 0 0 -4 0 0 4
4 2 4 0 2 -2 -4 1 0 -2 0 0 -2 2 0 5 4 -2 -1 -9 -10 -6 5 2 -2 5 0 4 -3 -4 0 -10 -6 0 4 2 6 70 4 -4 -2 4 -6 2 -1 0 0 4 5 -4 4 2 0 2 -2 -2 13 -2 -8 2 6 -6 4 4 0 0 0 0 0 0 -6 0 -7 0 0 -5 -2 1 -1 2 4 -2 2 1 7 0 -3 -2 -4 -4 2 -3 -2 0 -4 2 -2 -4 4 1 2 6 -4 10 4 -5 0 3 -2 2 4 2 0 6 -4 0 2 -2 0 0 2 0 2 -2 0 0 -2 -5 -4 2 0 8 -5 -4 2 5 -4 -2 -4 6 0 -4 -2 0 -1 0 1 4 -5 0 -3 2 4 -5 -2 -7 4 10 0 0 11 -2 4 -2 -2 0 4 -2 3 2 -4 -5 -4 -2 -4 0 1 0 6 10 -6 6 -2 4 0 2 0 6 -4 7 0 2 2 -4 2 -5 -4 6 4 -2 2 0 6 4 -5 -2 -2 -2 3 8
-2 4 -3 2 -2 0 0 0 2 0 0 1 0 0 0 -2 1 0 -1 -4 0 -4 0 0 0 4 1 1 0 -4 -4 -4 0 0 -8 -4 8 4 35 0 -4 0 2 0 0 -2 0 -2 4 -2 -4 0 -1 0 -4 0 -2 4 -4 -4 0 4 0 0 0 0 8 -2 -4 -4 -2 -8 0 1 3 -2 0 4 -2 0 2 0 0 -8 2 -1 -4 -4 0 0 0 2 -4 -2 -4 -8 0 2 2 0 4 -2 0 0 0 0 0 2 0 4 2 -2 0 -4 -2 4 0 0 0 -4 4 -2 0 2 4 4 0 0 4 0 -2 2 0 -2 0 -2 0 0 0 0 0 4 -2 0 -2 0 -2 5 -2 -4 -4 0 1 -4 0 4 4 0 0 2 2 -6 0 0 -2 0 0 4 -2 4 0 0 4 0 -3 -4 3 0 -8 4 0 4 0 -1 0 0 -2 0 0 0 0 0 1 -4 2 -4 0 4 -2 -4 -4 0 -2 -4 -2 -2 -3 0 -4 0
-4 -4 -2 2 -9 -4 2 -8 2 4 -2 -4 -4 0 -4 -2 2 8 -4 -1 6 -4 2 2 2 0 -4 0 -2 0 9 -9 -1 3 0 -8 0 -4 0 73 -6 -4 -4 -4 0 0 -4 -2 0 -1 2 -2 0 2 0 -4 2 4 0 0 0 -2 -4 2 -2 0 0 11 5 -1 0 -10 -2 -8 4 2 1 0 -2 -2 -4 6 6 -4 0 0 0 0 -2 7 0 -13 0 -8 1 -3 -5 4 -2 0 4 3 1 0 12 -1 6 2 8 4 4 -4 8 2 0 2 0 2 -2 4 -4 6 -6 2 0 0 6 2 -4 8 -6 -6 10 2 -2 4 -5 -13 0 0 4 -1 2 -5 4 0 0 6 4 -4 0 -2 3 2 2 -2 0 -2 2 4 0 -4 0 0 -2 -4 0 2 -3 -6 0 -2 -2 4 -14 7 3 1 4 6 0 -2 0 4 0 0 -2 8 -6 1 0 2 0 4 0 -2 0 -4 0 0 4 -4 4 0 3 2 -2 -6 6 -4
2 0 0 -10 -2 -3 0 4 3 0 3 0 -2 2 0 4 0 -2 0 -6 -2 14 0 0 4 -4 3 -2 0 0 1 12 10 2 4 3 0 -2 -4 -6 58 -5 10 1 0 0 8 1 0 -2 -3 0 2 3 0 2 -2 2 3 0 3 -2 4 4 7 -2 4 -2 -2 0 2 16 -6 0 0 0 6 -6 0 -1 -4 4 1 10 11 0 -1 0 0 -3 0 1 -1 6 -2 4 2 -1 -5 -1 4 4 0 -4 -11 0 -2 6 0 0 2 0 -9 -2 4 0 -2 -2 6 -3 0 -4 -5 0 0 4 0 -4 -4 0 3 -1 -2 -2 -6 2 -1 -2 4 7 -8 0 -6 2 0 0 -2 3 2 -2 4 0 0 2 -1 -7 0 9 -4 -2 0 4 -1 4 0 2 0 4 3 0 4 -4 0 2 8 6 0 -4 0 -7 2 -4 0 0 0 -1 0 2 2 -1 0 4 -2 6 2 2 -2 13 2 2 -1 8 4 -4 2 1 0 3 0 7
-2 2 0 1 3 3 -4 2 -4 2 2 -4 8 0 2 4 0 4 2 2 0 0 0 0 -5 2 2 4 0 -4 -4 4 -2 2 0 0 0 4 0 -4 -5 35 0 -1 0 -4 4 -4 4 7 2 0 2 2 -2 -4 0 0 0 0 -8 4 6 3 0 0 4 4 0 4 -4 6 -2 0 6 0 4 0 -2 1 4 4 0 -2 -4 2 8 0 0 0 2 0 -1 0 0 0 0 -4 4 1 0 1 0 0 0 4 0 2 -4 6 -2 0 0 4 4 0 0 0 2 3 4 -8 4 0 3 2 -4 0 -2 0 0 2 -2 -2 4 -6 0 5 0 0 1 -6 2 -2 -4 0 -4 7 0 2 -2 2 0 0 0 1 0 -6 0 0 0 0 0 2 2 0 3 -4 0 0 0 6 2 -4 4 -2 0 0 -6 0 0 2 -6 -4 0 8 0 -2 3 0 0 -4 4 -6 0 2 -2 0 0 0 0 6 -12 4 -4 -1 -2 4 0 -3
-4 -6 -4 0 -4 8 0 2 6 2 -2 6 -4 -4 -4 8 -6 0 0 -8 0 16 8 -10 14 4 6 4 6 0 0 4 10 0 4 2 0 -6 2 -4 10 0 77 3 2 0 12 8 4 2 -2 4 -4 2 16 -8 2 10 6 4 -2 2 -4 0 8 0 0 -10 -2 0 8 8 -10 2 8 2 4 -2 -4 0 -4 4 0 14 4 -2 4 8 4 0 4 -4 -1 10 -4 8 -2 0 0 4 -4 4 2 4 -4 6 -2 -6 -8 6 4 2 -6 -2 2 2 -2 0 -2 -8 -4 -2 0 0 4 2 -2 0 4 0 0 0 -4 0 -14 4 0 8 -4 -2 -4 2 0 4 8 4 0 -4 8 4 0 4 0 -10 2 4 -4 2 0 0 -14 4 0 -2 0 1 8 -4 -4 -2 4 4 2 0 2 6 2 -2 6 -6 -8 0 -4 -2 -8 -4 0 -8 8 2 0 4 -6 4 2 -1 2 8 2 2 -4 4 -8 4 8 -10 -4 8 -8 4
0 -1 -2 3 -1 11 -3 9 4 -2 0 -2 -1 0 0 4 1 -2 -2 2 6 -2 4 -10 -2 0 6 6 6 2 0 -4 0 -6 -4 0 0 2 0 -4 1 -1 3 68 0 4 4 -1 -9 5 4 -2 8 6 0 0 2 1 1 -2 -4 -2 -3 0 0 0 0 2 2 -4 -4 -2 -2 2 2 14 3 2 -4 7 -2 2 0 4 0 2 2 4 -2 0 0 -4 -1 4 2 -2 -2 -1 4 7 0 3 0 2 0 0 2 0 -1 0 4 1 -7 0 2 -6 -6 2 0 2 4 -2 1 0 4 2 4 -2 -2 -2 6 0 -6 -5 -4 -12 -2 -2 -8 6 1 3 0 -4 -2 4 5 -3 -6 -3 6 0 4 0 8 5 6 0 4 1 0 -2 0 4 5 3 4 1 0 -2 0 -2 2 -4 -9 0 -4 0 -2 2 9 -6 6 0 -2 -4 0 -4 0 2 -2 -1 2 2 0 1 6 4 6 1 2 4 -2 0 -8 7 5 -3 6 1
0 0 0 -7 0 0 0 0 1 0 0 0 4 0 4 -4 0 0 6 0 2 0 0 -2 -4 2 -2 0 0 4 0 0 -2 0 0 0 4 -1 0 0 0 0 2 0 23 0 0 2 0 0 -2 1 0 2 2 0 1 0 2 0 2 0 0 4 4 0 -2 0 0 0 0 0 3 -2 0 0 0 0 0 0 0 -2 0 2 0 0 0 0 2 0 1 -4 0 -4 0 0 -4 -2 0 0 0 2 -2 0 0 1 0 0 -4 -2 0 0 0 0 0 -4 0 -2 -2 -2 -4 -4 2 0 4 4 0 0 -2 -4 0 -4 0 0 -6 -7 -2 1 0 0 0 0 0 2 2 0 0 -2 -4 0 0 0 2 0 -2 -4 0 -2 0 0 0 0 0 0 0 0 0 0 2 2 -4 2 -4 -2 0 0 0 -2 6 -2 0 0 -6 -6 0 -2 -4 -2 0 0 0 0 0 0 0 0 0 2 2 0 0 -4 0 -4 -1 0 0 2 -6 -6
0 -4 0 2 0 2 0 1 4 0 0 0 -6 -2 4 0 2 0 0 4 4 2 -4 -2 -6 -6 4 2 0 0 0 0 0 0 0 0 0 0 -2 0 0 -4 0 4 0 35 -4 0 -4 6 0 4 0 0 2 0 2 -4 1 -2 -6 0 0 -6 -4 -2 -4 0 4 0 4 -4 2 -2 0 2 4 -4 8 0 0 -2 2 2 0 4 0 0 0 2 -6 4 0 3 0 8 0 0 2 2 0 -5 0 4 0 0 2 -14 0 0 -4 0 0 1 -3 0 -2 0 0 -6 0 4 -4 0 2 -2 0 0 0 0 -1 -2 -2 1 -2 -2 2 0 2 -4 2 0 0 4 0 0 -4 0 8 0 -2 -4 0 4 4 4 0 6 0 0 -2 -2 0 4 -1 0 2 -2 -2 0 -4 4 -3 0 0 8 -4 0 2 0 -2 -2 0 -1 0 0 -1 2 0 0 -3 4 8 4 0 4 0 -1 0 0 -4 -4 0 4 0 0 0 0 0 0
-3 3 2 -2 -6 10 0 0 2 0 0 -4 3 2 0 6 2 0 -1 -4 0 4 10 4 3 6 7 0 0 2 0 4 6 0 4 -4 0 0 0 -4 8 4 12 4 0 -4 46 -2 1 0 0 2 0 -4 0 0 0 0 0 -1 -2 6 0 -3 8 0 1 7 -6 2 -1 12 2 0 0 0 -2 0 -8 -5 4 6 -2 6 4 -2 -4 4 0 0 -2 2 2 6 2 4 -2 -2 0 3 2 -1 0 0 -2 0 0 5 1 2 0 -2 -2 1 0 2 0 -3 0 0 6 -6 1 0 7 2 0 4 -2 -1 0 2 -4 0 0 1 2 2 -1 1 -4 -1 -6 0 6 4 0 2 4 0 6 0 0 0 -2 6 4 0 0 -1 0 0 2 4 -4 0 0 0 0 -1 -2 0 2 0 4 5 -1 -2 0 2 3 -6 2 4 -3 -4 4 -4 0 4 2 0 -8 0 0 4 2 7 2 -2 0 8 2 4 0 11 0 3 3 8
-1 -1 0 2 0 -6 4 -3 0 -2 0 0 0 6 2 2 3 -4 0 -4 0 2 5 -10 2 4 3 0 -7 -1 -8 4 2 -3 0 4 -4 4 -2 -2 1 -4 8 -1 2 0 -2 72 -2 0 -4 2 4 0 2 4 6 -1 5 0 4 4 0 4 5 0 -6 0 4 0 0 -4 8 1 0 4 0 2 2 0 6 4 -2 3 8 0 -2 4 0 -4 -2 -6 1 -4 3 4 0 5 0 0 2 6 -1 0 0 1 4 0 0 0 0 -9 -6 0 4 0 0 2 0 0 0 4 4 0 0 0 0 6 4 2 2 0 1 6 -2 -4 1 2 -2 6 0 1 1 5 4 -6 1 -4 0 -2 2 -6 6 4 1 10 3 8 2 1 -6 2 2 -17 -5 4 -2 10 2 3 0 4 4 -4 -6 4 0 2 -2 -4 1 0 -1 -3 -4 -12 -2 -3 -6 2 0 -2 8 0 2 0 -4 1 9 0 6 -2 14 -2 0 -8 2 4 2 -2
-1 -1 -2 2 -6 -4 6 4 4 0 1 4 -2 0 0 2 6 3 0 -2 12 -4 1 6 4 -2 -8 4 5 -2 0 -2 6 0 6 -4 -2 5 4 0 0 4 4 -9 0 -4 1 -2 52 -1 0 4 -6 -4 2 0 -4 4 4 0 -4 2 0 -2 1 -2 3 0 2 -8 -2 2 0 2 4 -4 -3 -4 0 -4 10 0 0 -4 -2 -2 0 -6 -2 0 -6 4 2 1 -6 -4 0 -3 5 1 0 0 0 4 1 -2 -4 3 0 -3 0 -1 0 -4 -2 0 -2 4 2 2 1 0 -2 0 1 -1 2 3 -2 -6 -1 -2 -6 -4 0 4 -2 0 3 0 4 4 2 1 4 0 0 -6 14 6 4 5 1 2 -2 -1 -5 0 0 -4 4 -4 0 -4 0 2 6 -3 0 0 2 0 0 -4 0 4 1 0 -1 4 -6 -2 0 0 4 2 -4 6 0 -3 4 0 0 0 1 0 6 2 2 2 -2 1 0 4 -1 -4 5 1 0 -4
-1 0 0 0 4 4 -5 8 8 0 0 -2 -3 -2 4 -2 -3 -1 2 4 4 0 2 0 2 -5 0 -12 0 2 -4 -2 8 4 2 -2 0 -4 -2 -1 -2 7 2 5 0 6 0 0 -1 63 0 -2 4 4 0 4 -4 0 0 -4 -7 2 2 -2 -3 2 0 0 0 -4 0 -3 10 4 0 4 0 0 5 -4 0 -4 4 0 -2 0 0 2 2 1 0 0 -6 0 -8 1 -1 -2 9 -2 0 -4 4 1 1 2 1 -6 0 2 2 -4 0 2 6 0 6 4 2 4 4 3 3 0 12 2 1 0 4 4 3 -6 1 -1 0 0 6 2 -1 12 2 0 6 3 -2 1 -2 20 -3 0 4 -3 -1 0 -2 3 2 6 -2 -8 0 2 -2 0 4 2 0 -2 -4 -1 -3 2 4 -2 -1 -4 2 0 3 -4 4 0 -2 -4 -10 9 0 -4 0 0 -2 2 9 0 -7 0 6 -4 4 -2 -5 -3 -8 -2 -8 8 -3 -4 0 -1
-2 0 4 2 4 0 4 1 0 0 0 0 -2 0 -1 0 4 4 1 3 4 4 2 -4 4 -4 2 0 4 0 1 -2 0 4 2 0 -2 4 -4 2 -3 2 -2 4 -2 0 0 -4 0 0 40 -4 5 -10 4 0 -2 -2 2 0 0 -4 0 -6 -2 2 0 2 4 0 2 1 -2 0 0 1 0 -2 1 0 0 0 2 8 -2 0 2 3 -2 0 1 -2 -2 0 0 -1 -4 -3 0 -2 4 -6 10 0 4 2 -2 0 1 2 0 2 -1 -6 -6 1 2 3 2 5 0 0 6 0 0 0 4 0 -4 6 -2 -5 0 -3 0 1 0 -2 0 -2 -4 -3 9 -2 6 4 3 0 2 2 1 4 0 4 -2 0 8 -3 0 4 2 4 -3 -2 -2 3 -2 0 0 -4 -6 1 1 0 0 1 -3 0 -1 1 2 0 -2 -2 0 4 0 0 2 5 2 -2 -2 -5 6 -2 0 3 0 6 1 2 -2 -1 0 0 -2 -5 4 3
0 -4 0 0 0 2 -2 -1 0 4 0 0 0 0 2 0 -3 -4 0 0 0 4 6 6 4 -2 -4 2 4 -4 0 0 0 0 4 2 2 2 0 -2 0 0 4 -2 1 4 2 2 4 -2 -4 24 -4 0 4 -2 2 0 0 0 -4 -4 0 0 2 0 -2 -4 -2 0 0 -2 -4 2 0 2 4 0 4 0 0 0 0 4 2 0 0 0 0 2 -7 0 0 2 0 -4 0 1 7 2 -2 0 0 0 0 0 0 -8 0 -2 0 1 2 0 0 0 -4 2 -2 0 1 0 0 2 0 0 -1 0 4 -10 0 0 -1 0 4 5 0 -2 0 0 4 -4 -4 4 0 0 0 -2 2 0 0 4 2 0 0 0 -7 -2 0 -3 -6 4 2 0 2 0 -1 4 0 0 -2 5 0 -1 -2 0 4 2 0 -1 0 0 1 0 0 0 0 0 0 0 4 0 -2 2 2 0 0 -4 0 0 -8 0 0 2 1 -4 0 0 0 0
0 0 0 -2 6 0 1 -1 -2 0 0 -3 1 -4 0 2 -1 4 -1 1 0 4 2 -8 -5 -2 -2 6 0 0 4 2 6 2 -7 0 0 0 -1 0 2 2 -4 8 0 0 0 4 -6 4 5 -4 48 2 0 0 4 -4 -8 1 -5 4 2 -6 0 2 4 1 -3 -4 0 -5 -1 -1 -6 -4 -4 -2 0 4 2 1 1 0 2 0 -7 2 -3 -1 0 1 1 -4 -2 -2 -5 -14 0 0 0 -6 2 0 0 2 4 6 2 0 2 -2 -2 -2 0 -4 0 4 0 3 0 0 0 8 -6 0 0 3 0 6 -8 -4 -6 -5 -2 0 -3 2 -3 6 0 0 9 -2 0 7 0 -6 -6 -5 4 2 4 4 -1 0 8 4 -4 8 -2 -2 -2 -2 -4 0 1 -6 -5 4 -1 0 1 -4 2 -3 -10 2 -7 2 0 -1 0 -2 0 -4 4 0 4 0 -4 -1 0 1 0 0 4 4 4 -4 2 -4 -3 -2 0 0 0 -2 -3 1
-4 0 -4 -2 -2 0 0 8 1 2 -2 4 2 0 0 0 -4 0 2 -2 -8 -6 -2 0 -4 1 4 -2 4 0 -1 -4 -4 0 2 0 4 2 0 2 3 2 2 6 2 0 -4 0 -4 4 -10 0 2 54 3 0 -6 0 0 0 -2 0 6 0 -2 4 4 4 4 -2 -2 -2 2 0 2 6 2 4 0 -4 -2 2 0 0 6 0 0 0 4 -3 8 -2 2 4 -2 0 -1 2 0 2 0 4 -6 4 0 -4 10 0 0 6 0 4 -4 6 0 -4 -4 -4 4 0 -2 -1 2 -8 0 -4 0 -4 4 4 4 5 2 -4 0 0 0 -2 -6 0 4 0 -4 1 -4 2 0 -4 -8 10 -2 0 0 6 -2 0 0 6 8 0 -2 0 0 4 0 2 -3 0 -2 4 -8 -6 4 0 0 6 -2 2 4 4 -2 -4 0 -4 6 6 0 0 0 -3 -2 2 6 4 0 -2 -2 0 -2 0 -8 5 4 -4 6 0 0 -1 0 0
1 -12 -1 4 -6 0 0 6 0 0 2 0 0 0 -4 0 -8 0 4 -4 4 -4 0 -8 5 -1 1 4 10 -2 -2 0 0 0 0 2 0 -2 -4 0 0 -2 16 0 2 2 0 2 2 0 4 4 0 3 44 -4 2 -1 2 8 0 0 -4 0 0 2 2 -5 4 -2 4 2 2 0 3 0 1 0 0 2 -2 0 -2 4 0 0 0 4 4 -2 -1 -2 2 8 -2 0 0 -2 -4 4 -2 6 10 4 0 2 4 -2 -2 8 -1 0 0 -6 -4 -2 -4 -2 0 -4 0 -1 9 0 -4 -4 -1 -2 6 -2 0 1 -8 0 -4 4 0 6 0 2 -4 1 0 -1 4 1 -4 -6 2 4 -1 4 2 8 2 2 -2 0 0 0 -4 2 -6 0 0 4 6 -6 -2 0 0 4 0 0 0 -2 0 4 0 4 -8 0 0 0 2 -4 0 -4 8 4 4 -2 0 0 6 -2 8 0 0 0 -2 -1 2 0 2 0 0 2 -2 -4
2 4 6 0 -4 0 0 4 6 12 0 0 0 0 2 0 0 0 -2 4 -4 -4 -2 2 -8 12 3 -4 0 -4 0 0 -4 0 -4 -2 0 -2 0 -4 2 -4 -8 0 0 0 0 4 0 4 0 -2 0 0 -4 49 0 0 8 -2 0 0 -2 4 4 0 0 10 -8 0 0 -8 4 0 -4 -4 -2 0 0 0 -2 -2 4 0 6 4 -4 0 0 0 -4 0 3 -2 -2 0 0 0 4 -2 2 4 0 1 5 6 -2 2 8 -2 0 4 4 2 2 0 12 4 0 -2 0 4 4 2 4 0 -5 -6 -4 0 4 4 -3 0 6 -4 0 2 0 0 0 2 6 4 2 -2 4 0 2 0 -4 -4 0 -2 -2 2 2 10 2 -2 12 0 -2 4 2 -2 -2 4 0 0 0 0 0 0 4 0 6 12 -2 6 0 -1 6 4 2 -4 4 -4 -2 -4 -4 2 0 0 4 1 2 0 0 0 4 -2 8 0 4 2 -2 0 2 0
8 0 2 0 5 -2 -1 -4 -3 -1 0 -2 1 0 2 10 1 -1 0 0 3 8 -1 -2 0 11 0 3 -4 0 8 -14 -4 0 0 0 0 13 -2 2 -2 0 2 2 1 2 0 6 -4 -4 -2 2 4 -6 2 0 45 4 0 0 0 0 -3 4 3 0 -2 0 2 0 -4 5 -5 -2 -2 1 0 3 2 6 -4 0 -2 2 4 4 -4 2 0 0 -4 4 0 -3 2 -4 -2 -6 2 0 10 0 -2 -1 1 7 2 1 0 0 -3 0 0 3 1 0 -2 1 0 -2 0 0 2 12 -1 0 0 3 0 2 0 2 1 0 -6 0 -3 6 0 3 2 0 -2 0 0 0 -6 2 -4 -2 0 -1 1 -4 1 0 2 6 0 0 4 4 2 -1 0 -1 6 0 4 -2 7 2 -2 -2 0 -4 0 4 3 0 0 4 4 2 -2 -4 0 -5 -1 8 7 0 -2 0 3 0 0 -2 2 -3 4 2 6 -3 0 5 0 6 0 10
1 0 2 0 0 0 0 1 1 6 0 2 -1 0 0 0 -1 5 0 0 1 0 -2 2 0 4 7 0 2 -1 4 0 -2 1 -2 -4 0 -2 4 4 2 0 10 1 0 -4 0 -1 4 0 -2 0 -4 0 -1 0 4 37 3 2 0 0 0 0 0 0 -8 2 -2 -3 0 2 0 0 2 4 0 -2 0 -3 -1 0 -2 0 0 4 2 0 4 0 6 0 3 0 4 0 -2 -2 -2 4 4 4 2 0 0 2 0 4 4 2 0 0 0 -3 8 2 -4 0 0 0 -2 4 2 0 4 0 -1 2 -4 4 0 -1 0 2 -2 -2 0 -4 -2 4 0 0 0 0 8 2 1 8 2 0 -4 0 0 2 0 4 -2 2 0 -1 -4 0 0 0 1 2 4 0 1 2 4 0 4 4 0 6 0 0 0 -4 1 0 0 -4 0 2 -4 2 0 -2 0 3 0 0 0 0 -1 -2 0 3 -2 -2 -1 2 0 0 -2 4 -1 0
4 2 3 2 2 0 3 -3 4 4 2 4 -3 0 -2 4 4 0 0 3 8 -4 -1 -6 0 8 2 4 -2 0 -6 2 -6 -4 -5 2 2 -8 -4 0 3 0 6 1 2 1 0 5 4 0 2 0 -8 0 2 8 0 3 56 -4 -2 4 -2 0 0 0 0 0 2 -4 2 10 4 -6 0 0 0 -1 0 -4 -2 2 0 9 -2 2 10 2 0 0 -2 4 -2 -4 2 4 -1 0 1 8 -2 2 2 -4 2 5 -2 0 -4 0 -4 -2 0 1 2 2 2 0 -2 -4 0 0 9 -4 6 -4 2 -3 -6 0 4 3 -4 2 -4 2 0 4 0 0 0 9 -4 -1 2 -4 2 0 0 2 -4 0 4 2 1 2 0 4 -2 -4 0 -4 -8 -8 -6 -2 0 2 2 2 0 2 1 -4 0 0 0 -1 0 -4 3 -2 0 0 0 -2 0 -4 2 -2 0 -1 0 -2 -2 1 0 1 -4 10 -5 8 0 4 4 0 10 7 4 -3
2 -4 -2 0 -2 2 4 4 -2 0 3 -2 0 0 1 -2 -1 1 1 2 -2 -2 0 2 1 -2 4 2 1 7 0 2 2 0 4 0 0 2 -4 0 0 0 4 -2 0 -2 -1 0 0 -4 0 0 1 0 8 -2 0 2 -4 37 6 -2 -2 0 -1 0 0 0 4 0 0 1 1 0 0 2 0 0 2 3 0 4 -1 2 0 0 -2 -2 4 1 0 2 -3 -1 0 0 -8 -2 0 -3 -4 1 -1 -2 1 -2 0 2 1 1 0 -5 0 0 -2 0 -2 0 0 -2 -5 -2 0 0 0 1 3 2 0 -2 -3 0 4 0 -5 4 0 0 1 0 0 -2 4 -1 0 4 1 -7 2 -3 0 -3 -4 8 3 -1 0 -4 1 -2 -2 2 -2 -4 -6 5 0 0 3 6 -2 3 0 4 0 2 -2 6 0 0 -4 -4 2 -1 0 -2 0 2 4 -5 -2 2 -1 8 -1 3 -2 7 2 2 -2 -1 6 0 2 -2 1 -3 3 -2
-2 0 2 -2 2 2 2 -6 4 -4 4 4 0 2 -5 -6 -4 4 0 -1 2 0 0 0 2 6 4 -8 -4 0 -8 0 0 0 4 -3 0 6 0 0 3 -8 -2 -4 2 -6 -2 4 -4 -7 0 -4 -5 -2 0 0 0 0 -2 6 66 -5 0 8 0 2 -1 -2 -2 0 -6 2 0 0 0 -6 0 0 -4 2 -12 0 1 -2 0 4 -2 0 4 0 1 -4 4 -2 8 6 -2 3 -10 -1 -4 4 -4 -4 0 -2 -1 2 -2 5 0 4 0 4 -2 4 0 -4 -7 -1 0 0 6 -2 0 0 -2 0 1 2 0 -6 -6 -1 2 0 4 -6 2 -4 0 2 5 -4 0 4 4 -4 2 -6 -6 -6 0 3 4 0 0 -1 0 0 4 -6 0 -3 -2 6 -9 0 6 8 0 -6 -4 6 4 -2 4 4 2 -1 -3 4 0 2 8 4 0 10 -5 0 0 -6 -8 1 -3 -2 0 0 8 1 6 0 6 -2 -2 0 -2 -2 2 -3
0 0 0 0 1 0 5 -8 2 0 0 0 4 0 4 4 -1 1 0 0 -5 -2 2 -6 2 0 0 0 -2 1 -8 0 -4 4 0 5 0 -6 4 -2 -2 4 2 -2 0 0 6 4 2 2 -4 -4 4 0 0 0 0 0 4 -2 -5 42 0 0 4 1 -1 0 2 0 0 5 2 -1 0 -6 -4 -1 0 -2 0 -1 -2 -8 -2 2 -2 0 0 0 2 2 0 0 -2 2 2 -4 0 1 0 1 0 -2 4 4 0 6 -2 -4 -4 0 0 -1 2 0 0 0 0 -4 4 -2 0 0 4 2 1 4 0 4 0 0 2 2 0 0 -3 2 -4 8 0 14 6 -2 -2 0 0 0 -2 3 8 0 1 4 0 2 0 0 -1 -4 0 -4 2 -2 2 0 0 -6 0 0 -1 1 0 4 0 -4 -5 0 -11 4 0 6 -2 -2 0 -4 4 0 0 7 0 0 0 -2 2 0 -4 6 -2 -4 -1 0 -6 0 -1 -3 8 2 -4 0
-3 0 4 2 4 2 -6 -2 -5 6 2 2 -2 -1 6 3 -2 4 5 0 0 -2 0 3 -4 0 4 -2 -5 -4 5 8 2 -4 2 0 0 4 0 -4 4 6 -4 -3 0 0 0 0 0 2 0 0 2 6 -4 -2 -3 0 -2 -2 0 0 55 4 -2 4 4 3 2 4 0 1 -3 4 6 2 6 -2 6 -2 4 -4 0 -2 0 -2 4 0 -2 -5 -2 -6 2 4 0 5 0 -4 0 0 2 0 -2 -2 0 -2 0 0 2 0 0 -2 -2 2 0 0 2 4 2 0 -2 4 0 -4 0 -2 -6 -1 4 -6 2 0 6 -4 -1 4 0 -4 -2 0 1 -11 0 2 -2 -1 -4 2 1 -4 2 0 0 9 0 2 -2 12 -4 5 4 2 0 0 8 -2 -6 -4 0 -4 1 -10 0 4 12 6 0 0 2 -4 0 0 -4 2 0 2 0 1 4 -7 7 -2 6 0 -4 -2 2 2 4 0 4 2 -7 -3 -2 -2 0 4 2 6
0 2 4 -2 0 -2 -2 -2 0 4 -2 0 3 5 8 -8 0 0 4 -4 -8 -6 -4 0 2 4 0 0 -4 -8 -12 0 6 4 2 2 0 4 0 2 4 3 0 0 4 -6 -3 4 -2 -2 -6 0 -6 0 0 4 4 0 0 0 8 0 4 49 2 -8 0 0 3 0 -4 2 -6 0 2 0 2 5 0 5 2 0 -2 -2 -2 0 0 4 0 -5 -2 0 4 -5 0 -6 -2 -4 -5 4 7 14 -6 0 0 0 0 0 0 2 1 0 4 6 8 0 -4 3 -4 -3 4 -12 0 -2 0 0 2 -6 2 2 0 2 0 0 -4 -6 2 2 2 -2 -1 -1 2 4 -4 0 0 -2 -2 0 1 0 0 -4 4 -3 0 10 4 -11 0 -1 7 -2 0 -4 0 -2 2 0 -4 2 0 -4 4 2 2 3 6 4 3 2 -4 0 1 -1 -4 -2 -2 -8 0 0 -6 0 -6 -4 2 -6 0 0 0 -2 -1 0 -2 -1 2 -2 2 0
1 0 0 -2 0 0 -2 -2 -2 5 0 2 0 -4 0 7 -4 0 0 -4 -2 4 3 2 0 0 0 2 0 -2 0 6 8 0 0 -2 0 0 0 -2 7 0 8 0 4 -4 8 5 1 -3 -2 2 0 -2 0 4 3 0 0 -1 0 4 -2 2 42 0 0 0 0 0 0 4 0 -2 0 0 3 -4 -2 0 2 -6 -4 4 4 -6 -4 4 0 0 0 -4 -4 0 2 2 0 2 4 1 2 4 0 4 -3 2 0 -4 0 0 -4 0 -2 0 2 2 -4 2 2 0 -2 0 -4 6 1 -1 0 -1 -4 -4 -1 2 0 0 0 -10 -4 -2 0 4 -4 -2 -3 5 6 0 0 -2 -8 0 0 -1 1 -4 1 4 -2 2 0 0 0 4 2 4 -3 8 0 0 0 0 1 -4 -4 0 4 2 0 4 9 4 0 2 0 2 -2 0 4 -1 -1 3 -3 -6 -2 0 4 0 -4 4 2 0 4 4 2 -1 6 -6 0 -2 -8 0
0 0 0 -4 1 0 0 4 0 0 0 8 2 -2 0 0 0 0 0 3 2 0 0 0 4 4 0 0 -2 0 0 0 -2 0 2 0 0 0 0 0 -2 0 0 0 0 -2 0 0 -2 2 2 0 2 4 2 0 0 0 0 0 2 1 4 -8 0 23 6 0 -4 0 -5 0 2 0 0 0 0 3 0 -2 -1 -4 2 2 0 0 2 -4 0 2 0 0 0 0 0 4 0 2 7 -2 0 -2 2 -4 0 2 -2 -4 0 0 0 -2 0 0 -4 0 0 -1 0 0 0 4 0 0 0 0 0 0 0 0 -2 4 2 2 5 4 5 0 0 0 -2 0 -4 0 3 0 4 0 -6 0 -2 4 0 6 -1 2 0 4 0 0 0 1 -2 0 2 2 -4 0 4 0 -1 -4 2 0 0 -4 4 -2 0 0 -2 4 0 2 -3 0 2 4 0 2 2 -3 6 0 2 0 0 -4 2 0 4 0 0 -4 0 0 0 0 0 4
-4 0 0 0 0 1 2 6 -2 0 0 0 2 -1 -4 -2 -2 0 -4 0 0 -4 0 -2 -2 -2 -2 0 5 0 -2 0 -4 2 2 -4 8 0 8 0 4 4 0 0 -2 -4 1 -6 3 0 0 -2 4 4 2 0 -2 -8 0 0 -1 -1 4 0 0 6 40 -2 6 0 0 4 0 -4 -2 0 0 4 -4 4 0 2 1 0 0 -4 -4 -6 -4 0 -8 6 0 -4 -10 -4 0 4 2 0 5 -6 0 -4 4 1 0 3 -4 4 2 -1 4 -1 4 -2 0 0 8 0 0 -4 -4 1 -8 0 2 2 8 -5 -1 6 0 0 2 2 0 4 1 -1 -1 4 0 0 0 0 0 -4 -4 2 -2 1 0 2 -2 0 -4 6 0 4 0 -1 0 2 1 0 -2 0 -2 0 0 -6 -4 4 0 -9 3 2 -2 12 0 4 0 4 0 0 0 2 -1 -2 2 -6 0 0 0 2 4 2 1 -2 -2 4 -2 -8 -3 0 2 -1 6 4
-2 -2 2 4 -2 4 0 -7 -4 0 -2 1 -2 1 4 5 3 4 3 2 -4 -4 0 -1 -5 2 11 -2 -5 4 4 0 8 0 0 -8 0 0 -2 11 -2 4 -10 2 0 0 7 0 0 0 2 -4 1 4 -5 10 0 2 0 0 -2 0 3 0 0 0 -2 63 -2 4 0 4 5 -1 -3 0 -2 0 0 -7 0 -4 2 4 6 6 2 -4 -2 4 1 -7 7 -2 4 2 0 -4 0 0 2 2 0 6 4 6 4 2 0 0 -2 -4 2 7 -4 -5 6 -2 -4 6 4 -6 2 1 -3 0 -3 -2 -2 2 -2 -4 0 -2 3 -4 -6 0 0 0 0 0 6 0 -2 -1 2 4 10 2 0 -6 1 0 4 2 0 -2 -4 8 8 -12 -2 0 -2 -4 0 -2 -6 -3 -4 4 6 -4 -5 6 1 -10 0 6 1 -2 -6 -5 -1 0 -8 0 0 6 0 0 5 -4 4 2 -2 0 0 -2 8 0 2 0 4 0 0 0 2 -2
6 0 0 -3 4 0 2 -2 4 -2 1 -2 1 4 4 -1 -4 1 6 -3 -3 0 -2 0 3 -8 -4 6 8 4 1 0 -1 -2 0 0 2 0 -4 5 -2 0 -2 2 0 4 -6 4 2 0 4 -2 -3 4 4 -8 2 -2 2 4 -2 2 2 3 0 -4 6 -2 58 2 0 4 -3 -2 0 2 6 2 1 0 0 2 0 2 0 4 0 2 0 0 -3 0 0 5 -6 2 0 6 -3 -2 2 -3 -1 3 0 4 4 -2 0 8 -2 -4 0 2 14 -4 0 0 4 -1 1 2 2 -4 2 -6 4 0 3 0 -2 0 8 -1 -4 -6 1 0 -1 4 0 4 3 -6 -4 1 1 0 0 5 0 -2 0 0 0 2 0 4 4 -4 -3 3 2 -6 0 0 2 3 -6 0 -2 -2 4 6 -1 7 0 2 5 4 2 2 0 1 4 -1 -4 8 -4 0 -2 0 1 2 0 0 2 6 4 6 -2 -2 0 0 0 -4 8 -1 2 -1
4 0 2 -2 1 -2 -4 2 3 2 0 0 2 6 0 0 0 3 0 1 -2 0 2 0 0 0 2 -2 0 -1 0 4 -4 -1 -2 4 0 0 -4 -1 0 4 0 -4 0 0 2 0 -8 -4 0 0 -4 -2 -2 0 0 -3 -4 0 0 0 4 0 0 0 0 4 2 31 0 2 0 -2 0 0 1 0 0 -2 0 4 0 2 8 0 0 -2 0 -3 0 0 2 -2 2 4 0 1 -4 4 1 4 -1 0 0 0 -2 0 0 5 0 0 0 0 0 -4 2 -4 0 4 2 0 -2 0 -4 0 -4 -4 2 -2 -4 4 4 0 0 0 -2 0 0 2 -4 -2 -4 -2 -4 0 -4 2 4 0 -2 0 0 0 0 0 -8 -4 4 1 4 0 0 1 0 0 0 0 5 -8 0 0 2 6 4 -2 0 0 2 -2 0 4 -2 0 -2 4 8 0 0 0 4 0 0 0 4 4 1 4 4 0 4 -5 6 -2 -1 0 0 8 0 1
-3 0 -1 -4 0 2 0 4 0 4 2 4 3 -1 0 0 0 0 0 -8 -2 8 0 0 -5 -9 0 0 0 2 2 0 -2 -4 0 -2 -2 -6 -2 0 2 -4 8 -4 0 4 -1 0 -2 0 2 0 0 -2 4 0 -4 0 2 0 -6 0 0 -4 0 -5 0 0 0 0 39 0 -2 0 0 0 3 -9 0 -1 -3 4 0 4 0 0 -2 4 0 -1 9 -5 2 3 -2 0 -2 0 2 1 1 2 2 1 0 0 0 2 -4 0 1 -1 0 -5 0 4 1 -2 -4 -4 -4 0 0 2 -2 -2 -4 0 0 -2 -2 2 0 -2 0 -10 3 -1 0 2 0 -3 0 2 4 0 -4 -2 3 -2 1 -2 0 6 -1 -1 2 0 0 7 1 -1 -4 -2 -2 2 4 -6 -6 -1 1 0 -4 4 0 -2 -6 0 0 -4 -1 0 -2 -3 0 0 0 2 4 4 0 0 -2 0 2 2 10 -2 3 0 -4 -5 -8 -2 4 -7 -2 0 -4 0
-1 2 2 -10 2 -2 -4 -4 -2 -2 4 -4 2 0 0 6 1 2 5 4 -4 8 -2 0 3 -2 0 -8 2 6 0 2 6 0 4 -2 0 0 -8 -10 16 6 8 -2 0 -4 12 -4 2 -3 1 -2 -5 -2 2 -8 5 2 10 1 2 5 1 2 4 0 4 4 4 2 0 60 0 0 5 -4 2 -1 -4 3 -2 4 -1 8 6 0 6 0 4 1 0 0 3 4 1 10 2 2 -8 8 -2 4 0 -10 -4 0 0 6 -2 2 0 0 -7 1 10 0 -8 -3 2 -1 -2 -4 2 -4 -5 -4 2 -3 -4 0 0 0 3 0 0 0 0 -2 0 0 -6 -1 -8 0 2 0 2 6 8 0 -2 0 4 -1 -1 -2 -2 -6 -5 -2 -2 0 5 -6 0 0 2 -4 0 -8 0 0 -2 2 8 8 0 -8 7 -8 4 10 -3 -2 0 -2 -4 -2 0 -4 0 0 1 -2 0 -1 0 12 -4 -2 4 18 -3 0 0 1 8 0 1 14
2 3 0 0 -1 -12 4 -1 -4 0 0 0 4 -1 0 6 8 0 0 4 -2 -10 0 4 -7 -3 4 -4 -5 2 -6 4 0 -2 -1 0 6 -7 0 -2 -6 -2 -10 -2 3 2 2 8 0 10 -2 -4 -1 2 2 4 -5 0 4 1 0 2 -3 -6 0 2 0 5 -3 0 -2 0 64 0 -12 4 -8 0 -2 0 8 -6 -2 -4 0 0 -4 4 0 0 -2 0 0 0 0 -4 0 0 4 -4 -6 0 -1 -8 -2 1 4 3 6 -1 -2 0 0 0 0 0 4 -2 0 3 4 14 4 4 4 0 4 2 7 0 -2 0 -2 4 -2 2 0 -2 0 0 0 2 -10 5 4 2 3 0 -4 -6 -2 -2 1 4 0 0 0 0 -2 0 -4 2 0 -2 0 2 -1 0 1 2 0 1 4 0 4 1 -4 -6 -1 0 -2 0 4 0 -1 -10 0 -3 0 -8 -4 -5 4 -1 -2 2 0 1 0 -2 0 4 18 4 5 -3 0 2 0 -4
-1 0 -1 0 -2 0 -2 0 2 0 0 -4 2 0 2 2 -2 0 0 0 0 0 2 2 2 -4 1 -1 3 3 2 0 4 5 0 -1 0 0 1 -8 0 0 2 2 -2 -2 0 1 2 4 0 2 -1 0 0 0 -2 0 -6 0 0 -1 4 0 -2 0 -4 -1 -2 -2 0 0 0 27 2 0 0 0 2 0 -2 -3 0 1 -1 -4 3 0 -2 2 2 1 0 6 -2 0 1 -2 0 -3 0 1 -3 -2 0 1 -1 0 2 -4 0 2 0 0 0 -4 0 6 -4 0 3 0 0 2 -6 0 0 0 4 4 2 1 0 -2 0 2 1 -4 -4 2 0 0 -2 3 -4 0 2 -2 4 2 0 0 3 -1 0 0 2 -2 -4 0 -4 3 4 1 4 0 4 0 0 0 1 3 4 0 -3 0 2 0 -2 -1 0 -3 0 -6 0 0 -2 -2 -5 -2 4 0 4 2 0 0 0 -2 1 -1 -2 0 -4 2 2 -2 0 0 -4 4
-2 -2 -1 0 -2 4 0 6 6 2 4 0 -3 0 0 2 -4 0 6 0 6 0 -1 -2 -1 -2 2 -1 -2 2 -2 0 0 0 0 0 0 0 3 4 0 6 8 2 0 0 0 0 4 0 0 0 -6 2 3 -4 -2 2 0 0 0 0 6 2 0 0 -2 -3 0 0 0 5 -12 2 36 -2 4 0 0 -1 -8 2 -2 2 0 -3 8 0 0 0 1 -4 2 2 0 0 2 -1 0 0 -4 6 2 -2 2 0 1 2 2 4 2 -2 0 -4 0 1 0 2 0 0 -4 -4 0 4 0 0 0 -2 -2 2 0 0 2 0 0 0 -2 -2 0 -4 2 -4 0 -4 -4 -1 0 7 6 0 0 -4 1 2 1 2 0 -12 0 2 -2 0 0 2 0 -2 0 0 -2 -4 2 0 -4 0 -4 8 0 4 2 -4 0 0 -8 -2 8 4 -2 -2 0 -2 0 4 1 -2 -2 2 -2 0 4 0 2 0 -8 0 0 -2 -1 -4 2 0
0 2 0 4 1 -4 2 8 0 2 0 0 5 0 2 5 -2 0 0 4 0 0 -1 0 -2 -4 -2 1 6 6 -2 0 0 -4 -2 4 -4 -5 -2 2 0 0 2 14 0 2 0 4 -4 4 1 2 -4 6 0 -4 1 4 0 2 -6 -6 2 0 0 0 0 0 2 0 0 -4 4 0 -2 42 0 4 2 -2 4 4 0 0 1 -4 0 0 -2 0 0 -3 -2 1 6 -1 -1 6 4 7 2 6 -2 1 -4 -2 -4 0 0 -3 -6 0 -4 0 -5 -4 0 -2 0 6 -2 0 0 -4 0 0 0 0 -2 0 4 6 6 -4 4 -3 -1 -2 2 9 2 1 -6 2 5 -2 -4 0 -4 0 3 0 0 3 2 1 2 0 6 -4 4 2 0 4 0 4 0 6 4 -1 -2 4 4 0 0 4 1 0 5 0 6 -8 4 0 -8 5 0 -2 0 0 0 -2 4 0 -2 -1 0 -7 2 2 0 4 4 4 0 0 6 -3 2 0
-4 1 0 -10 5 2 -2 -5 0 4 -1 4 2 4 0 2 -1 4 2 -3 9 2 2 0 0 2 4 0 2 -6 -1 4 0 2 0 4 0 -2 0 1 6 4 4 3 0 4 -2 0 -3 0 0 4 -4 2 1 -2 0 0 0 0 0 -4 6 2 3 0 0 -2 6 1 3 2 -8 0 4 0 48 -8 4 -1 -4 0 -4 8 -6 0 2 6 -4 -1 1 4 0 2 -5 6 0 13 0 3 4 4 -1 0 -2 0 1 2 -4 2 -3 -3 2 -1 6 3 -3 4 -2 -2 -5 0 -5 0 2 -4 2 -1 9 -4 -2 0 2 2 0 -6 0 0 5 6 0 -6 -3 -2 -4 -2 0 0 0 6 0 -2 0 2 2 -8 0 -2 2 -6 -6 -6 4 0 4 0 3 0 -5 -2 -2 0 4 2 0 8 0 2 0 2 3 2 -5 -4 2 6 0 0 1 -4 -2 0 2 0 0 -2 1 2 8 4 0 -1 -10 0 1 -5 -4 -2 0 -2
-2 0 2 -2 0 0 0 4 0 -2 0 0 2 2 4 -3 -6 0 0 7 -6 -4 -2 3 0 10 -4 -1 -4 0 -9 -6 2 -2 4 -8 4 1 4 0 -6 0 -2 2 0 -4 0 2 -4 0 -2 0 -2 4 0 0 3 -2 -1 0 0 -1 -2 5 -4 3 4 0 2 0 -9 -1 0 0 0 4 -8 46 0 0 4 -2 0 1 2 -2 0 -2 -2 4 6 -1 -4 0 -5 -1 0 6 -6 2 -6 2 2 0 0 0 -1 -2 2 0 0 1 -1 6 0 -4 0 -2 4 -2 2 -2 -1 -2 -6 3 -2 1 -1 4 4 6 4 3 -1 0 2 2 -3 -9 0 2 -10 0 -5 1 4 -2 -3 2 -2 2 0 0 -1 7 -4 -3 -3 -1 -4 1 -8 -4 0 -2 -2 1 3 0 -1 2 2 4 0 -1 8 4 -1 2 1 -2 -3 2 2 5 0 -2 -2 2 0 0 -2 -4 -4 -6 -5 4 -2 -1 6 0 7 -4 -2 11 1 0 0 0
0 -2 0 -2 0 0 0 1 0 5 0 4 -4 0 6 -3 -1 0 7 4 0 0 -6 2 0 -2 0 4 0 0 2 4 -4 2 2 0 -1 -1 -2 -2 0 -2 -4 -4 0 8 -8 2 0 5 1 4 0 0 0 0 2 0 0 2 -4 0 6 0 -2 0 -4 0 1 0 0 -4 -2 2 0 2 4 0 28 0 0 -4 0 0 -2 2 0 -1 0 0 -4 0 -2 4 2 -2 0 0 0 0 0 -2 0 -1 0 0 0 1 0 -4 -4 0 -3 0 -4 -1 0 4 0 0 -4 10 -4 0 2 -5 0 0 -1 0 0 -2 2 1 0 1 -2 2 0 0 4 3 0 4 -2 0 1 4 0 0 0 0 0 2 2 -4 0 0 -2 0 -6 4 2 -4 0 -1 2 4 0 0 -6 -2 -2 -2 -1 3 1 0 5 -2 -4 -2 -2 -2 4 0 0 2 0 0 2 0 6 2 2 1 0 -6 -2 -2 -2 -6 -2 -2 -4 0 0 0 0 -4
0 0 -1 -10 -1 -5 -4 0 2 0 0 -4 0 0 0 -6 4 0 0 0 1 6 -6 0 -2 -1 -2 2 0 -2 6 0 -12 0 0 0 2 2 0 -2 -1 1 0 7 0 0 -5 0 -4 -4 0 0 4 -4 2 0 6 -3 -4 3 2 -2 -2 5 0 -2 4 -7 0 -2 -1 3 0 0 -1 -2 -1 0 0 42 -4 4 0 -2 -6 -2 0 -1 0 1 -1 2 -3 0 -1 2 0 -6 -2 1 4 -1 0 -2 0 0 6 -4 -2 1 1 1 0 0 0 -2 -5 1 -2 -2 0 -2 2 6 0 2 -1 0 -2 -2 -8 1 -5 0 -2 0 0 2 -1 4 0 3 6 -2 0 7 0 5 -8 -2 2 0 2 -4 -4 1 2 -2 0 3 -6 0 2 4 -1 0 1 -6 -6 2 4 0 -2 0 0 0 2 4 0 2 4 0 4 0 -6 -13 0 -6 1 0 4 -2 3 2 3 -3 0 -2 -2 1 1 2 1 2 -2 -6 0 -2 -2 1
2 2 3 0 0 4 0 6 -8 -4 -4 0 2 0 0 -10 2 -4 -2 -3 -1 -4 -2 8 -4 0 0 3 8 -6 4 -1 10 -2 2 0 -4 4 2 -4 -4 4 -4 -2 0 0 4 6 10 0 0 0 2 -2 -2 -2 -4 -1 -2 0 -12 0 4 2 2 -1 0 0 0 0 -3 -2 8 -2 -8 4 -4 4 0 -4 61 -2 3 -4 0 0 -4 0 0 0 0 2 -4 -6 6 3 -2 1 4 -2 2 2 4 6 0 -2 -8 -4 -4 -4 -4 2 1 0 2 0 -4 -1 2 0 6 0 -4 0 4 4 -2 8 -6 -3 -1 4 -2 0 -8 -2 8 -4 0 4 0 -8 0 -2 -2 0 1 2 7 1 5 2 0 -6 -1 6 0 0 2 -4 4 3 -2 0 0 -4 4 0 -1 2 -6 2 4 0 4 4 -10 -10 6 2 0 -2 0 8 -1 1 6 -2 0 -1 4 -4 2 -1 -2 2 4 2 -12 6 -4 2 -4 2 2 0 0 -2 -1 0
-4 2 -4 -6 -2 6 8 -3 -3 8 2 -16 2 4 -2 0 2 0 -3 -6 3 4 2 4 0 3 3 7 4 7 2 6 -4 -2 6 1 -5 -2 0 6 4 4 4 2 -2 -2 6 4 0 -4 0 0 1 2 0 -2 0 0 2 4 0 -1 -4 0 -6 -4 2 -4 2 4 4 4 -6 -3 2 4 0 -2 -4 4 -2 75 2 0 4 1 -1 0 2 -8 0 7 1 2 4 -4 0 0 -2 8 -2 3 -3 -1 -1 0 6 13 -2 1 1 -4 0 2 3 4 -12 -3 -4 0 0 -2 0 -7 1 0 -1 2 -4 0 2 4 -2 2 6 0 -10 -3 0 -6 2 0 2 2 -1 0 0 -10 0 1 3 1 5 1 -2 2 -2 -8 7 -2 6 -3 0 6 -8 -1 5 9 0 -2 -6 -1 2 3 -6 5 0 -4 -3 -6 -4 -9 1 -2 -4 -4 8 -8 -7 -2 8 3 0 2 -3 0 2 0 -4 3 0 0 2 0 -1 0 -2 0 2 -3
0 0 2 1 0 0 4 6 0 4 -1 0 2 0 0 0 1 -4 -2 0 0 0 0 0 -1 -2 0 -4 -1 0 0 0 -2 0 0 0 0 2 0 6 1 0 0 0 0 2 -2 -2 0 4 2 0 1 0 -2 4 -2 -2 0 -1 1 -2 0 -2 -4 2 1 2 0 0 0 -1 -2 0 -2 0 -4 0 0 0 3 2 22 0 0 4 2 -6 0 0 0 0 1 0 0 0 0 0 -1 0 3 -3 0 0 3 1 2 -6 0 -2 2 -1 1 2 -4 0 0 0 -2 3 0 4 2 -4 -2 0 0 1 -4 0 -1 0 0 0 6 0 0 0 0 0 -1 0 6 0 0 0 0 0 0 0 -2 0 0 -2 1 0 2 2 0 2 0 -2 0 3 2 -2 0 0 0 0 -4 0 0 0 0 2 0 -2 3 -2 1 0 0 0 0 0 -2 2 0 -2 4 0 0 -2 1 3 0 0 1 3 0 -4 1 0 -4 2 0 0 -1 0
-4 -1 0 -6 -2 5 0 0 0 2 0 4 2 0 0 -2 0 -2 -2 -3 2 8 -2 -5 8 0 3 1 2 7 4 -2 6 0 0 0 4 1 -8 -4 10 -2 14 4 2 2 6 3 -4 0 8 4 0 0 4 0 2 0 9 2 -2 -8 -2 -2 4 2 0 4 2 2 4 8 -4 1 2 0 8 1 0 -2 -4 0 0 54 4 0 4 -4 -4 0 4 -4 2 8 -1 8 -4 2 2 -4 4 7 -1 2 -4 3 0 -2 -4 -2 0 0 -4 -1 7 -8 -2 -2 4 -2 0 -4 2 0 -4 0 -2 -6 -2 -8 -1 2 2 -2 -4 -2 0 4 0 -2 -4 -14 -10 2 2 0 2 6 0 4 -7 0 -2 -6 2 -2 -4 2 -2 4 -6 4 -8 -4 2 0 0 2 2 -4 0 2 1 -4 -2 4 2 -2 8 -4 -4 2 -4 -3 4 -4 1 -3 4 0 -1 2 2 -4 -4 -4 4 15 0 3 6 6 2 0 -1 -6 -4 2 4 4
11 0 -4 0 0 0 -2 -2 0 -4 0 2 2 0 0 2 2 0 0 0 0 8 -1 4 -2 1 2 2 4 0 -2 4 8 -4 4 -6 2 7 2 0 11 -4 4 0 0 0 4 8 -2 -2 -2 2 2 6 0 6 4 0 -2 0 0 -2 0 -2 4 0 0 6 0 8 0 6 0 -1 0 1 -6 2 -2 -6 0 4 0 4 55 -4 -3 -2 0 -4 -2 -5 4 2 3 -2 0 2 0 1 -2 2 1 0 0 -2 -3 6 8 2 2 6 -6 4 0 0 4 0 2 3 -4 8 1 4 0 6 -6 -2 6 0 0 5 4 0 8 0 -10 -8 0 -5 -4 2 -10 4 4 -2 2 0 2 2 -1 2 4 -5 4 2 0 8 -2 0 4 -2 4 0 0 0 0 4 6 -8 2 4 -4 8 0 4 -2 4 4 -9 0 2 4 2 -2 -2 0 0 -1 2 4 4 0 0 4 7 4 4 8 0 0 4 10 6 4 4 0 0 2 6
0 0 0 0 2 0 4 -7 -2 0 0 4 2 -2 0 0 -2 0 4 0 -1 0 -1 0 0 -4 2 -5 0 0 -2 0 -4 4 0 0 -2 0 -1 0 0 2 -2 2 0 4 -2 0 -2 0 0 0 0 0 0 4 4 4 2 0 4 2 -2 0 -6 0 -4 6 4 0 0 0 0 -4 -3 -4 0 -2 2 -2 0 1 4 0 -4 36 0 2 2 0 4 2 2 -6 0 0 0 -4 0 1 -4 -2 1 0 0 2 0 1 0 0 0 0 2 2 0 -4 0 0 0 -2 0 -3 0 0 12 -2 0 -2 -2 0 0 -4 -4 0 0 -4 0 0 0 -8 0 0 0 2 -4 3 0 -1 4 0 -6 0 1 0 -2 2 -2 4 -4 2 -2 -6 2 -1 6 0 0 1 -2 -2 0 -4 0 -4 0 0 1 -2 -2 -8 -2 0 -2 -1 14 0 -2 4 2 0 -4 4 -6 2 6 -2 2 0 0 2 0 -4 0 -6 -2 6 1 0 4 -2
-4 0 -4 0 -2 -2 -2 -2 4 0 -1 -1 -2 0 0 8 2 1 1 0 -2 2 -2 -2 -4 -4 6 4 -3 0 0 -2 1 1 0 -2 2 -3 -4 0 -1 8 4 2 0 0 -4 -2 0 0 2 0 -7 0 0 -4 -4 2 10 -2 -2 -2 4 0 -4 2 -4 2 0 0 -2 6 -4 3 8 0 2 0 0 0 -4 -1 2 4 -3 0 46 2 4 0 0 -7 -2 2 4 4 1 4 1 0 0 8 0 -6 0 1 0 2 -4 4 4 2 0 4 0 0 0 0 0 1 0 -8 7 0 0 0 0 2 -6 0 6 2 4 2 -2 1 0 6 -8 -2 2 -2 2 -8 -6 0 0 12 -2 0 -8 0 0 2 1 -4 -4 -6 0 -2 0 0 -4 2 0 0 0 0 2 0 -1 4 0 -4 0 -3 -1 -2 -4 -8 -2 1 -4 -4 0 4 -4 -5 2 -9 3 -2 0 -2 0 0 -2 -4 0 2 0 5 -6 0 -3 -6 0 0 8 -2
0 -4 4 -4 4 0 0 -2 -4 4 0 -8 -6 -4 -2 2 -4 4 2 -2 3 0 2 -4 4 2 4 -4 2 -4 -4 2 0 0 0 -2 -2 -2 -4 0 0 0 8 4 0 0 4 4 -6 2 3 0 2 0 4 0 2 0 2 -2 0 0 0 4 4 -4 -6 -4 2 -2 4 0 4 0 0 0 6 -2 -1 -1 0 0 -6 -4 -2 2 2 46 0 0 4 -4 4 -4 0 0 0 0 0 4 -4 2 0 0 0 2 0 -2 0 4 0 1 4 0 4 1 3 0 4 -8 2 4 -6 4 0 -4 2 2 4 10 6 -4 2 0 -2 -4 4 0 0 -4 2 3 -2 4 -2 0 0 2 -6 2 4 0 2 -4 0 0 0 2 8 0 -2 0 6 -4 -4 1 0 0 2 2 -4 0 0 4 4 -1 -6 4 0 0 -4 -2 2 -4 -1 -2 0 -8 -2 -2 0 0 0 4 0 -4 -4 -4 -4 2 -4 4 0 -8 10 4 0 -2 0 0
4 0 -2 -2 0 4 4 2 -2 4 -2 -6 1 0 -3 0 2 0 4 4 -4 0 -4 0 0 -2 8 4 0 -2 -4 0 2 6 4 0 0 -4 0 -2 0 0 4 -2 2 0 0 0 -2 2 -2 0 -3 4 4 0 0 4 0 4 4 0 -2 0 0 0 -4 -2 0 0 0 4 0 -2 0 -2 -4 -2 0 0 0 2 0 -4 0 2 4 0 45 0 4 0 0 0 2 6 4 -4 0 0 -4 0 -6 -4 2 -4 0 0 4 0 0 -4 0 -8 0 2 -4 -4 0 0 0 0 4 0 4 2 0 2 0 0 2 2 -4 0 0 2 0 6 4 0 4 0 -4 2 4 4 -2 4 4 -8 4 2 -4 0 2 -4 0 -4 4 0 4 4 -2 0 -4 4 -4 -2 0 0 0 0 0 6 0 0 0 -2 6 -4 -4 4 2 -4 0 0 0 0 4 -2 4 0 -4 0 0 -4 0 0 -4 2 0 -2 8 0 0 0 4 3 4 -4
-4 0 -2 -8 -3 0 2 -2 3 0 -2 2 1 -1 4 0 -2 4 -2 3 2 -2 2 -4 2 0 -4 0 -4 1 6 0 -6 3 -2 0 2 -4 0 7 -3 0 0 0 0 2 0 -4 0 1 0 2 -1 -3 -2 0 0 0 0 1 0 0 -5 -5 0 2 0 4 0 -3 -1 1 0 2 0 0 -1 4 0 1 0 -8 0 0 -4 0 0 0 0 32 5 -4 -4 -2 -1 -4 0 2 4 0 -3 -2 -1 -2 0 2 -2 -2 4 -3 0 -2 0 0 0 -4 0 0 -2 0 -2 6 -2 -2 0 -2 1 0 -1 4 2 -4 3 0 -4 0 1 6 0 0 0 4 -2 -2 0 1 -2 2 0 -2 -1 0 -4 0 0 -1 4 -2 -4 -4 0 -2 -4 -2 -2 0 2 2 1 2 2 0 -6 6 -4 -2 0 0 0 0 -1 2 1 0 -3 6 -4 -2 -5 -1 0 0 2 -4 2 -1 -2 -6 0 0 -2 -2 0 0 -1 9 -4 -1 -2 -2
-4 0 -1 -4 0 0 2 1 4 -4 2 6 4 0 -2 -4 -2 6 0 -1 -4 -4 -2 -6 -3 0 4 0 -2 0 2 0 -4 -3 -1 -2 0 2 0 0 0 2 4 0 1 -6 -2 -2 -6 0 1 -7 0 8 -1 -4 -4 6 -2 0 1 2 -2 -2 0 0 -8 1 -3 0 9 0 -2 2 1 0 1 6 -4 -1 0 0 0 4 -2 4 0 4 4 5 47 -4 -4 -2 4 0 -2 0 2 3 -4 6 0 0 0 0 0 2 2 -3 2 0 0 -1 2 1 -1 -4 1 -2 -2 2 0 0 4 0 -4 0 -5 10 0 8 -2 -2 -1 1 10 0 -5 2 -4 0 -5 0 0 1 -2 4 -2 2 -3 2 0 -3 0 -4 6 -2 -4 8 -1 -6 -2 -6 0 0 4 -6 2 2 4 -3 0 8 -2 -2 -4 0 -4 -4 -2 0 0 -8 2 6 0 0 6 -2 0 2 1 -2 0 -2 0 5 -4 -2 0 -2 -4 0 -3 -4 -2 0 -6 0
11 0 3 -4 4 -4 10 -2 4 -10 0 -4 0 0 0 0 6 -4 -4 3 2 -4 -3 2 6 3 2 0 4 4 -8 0 -2 6 0 4 0 -3 2 -13 1 0 -4 -4 -4 4 2 -6 4 0 -2 0 1 -2 -2 0 4 0 4 2 -4 2 -6 0 -4 0 6 -7 0 0 -5 0 0 1 -4 -3 4 -1 0 2 2 7 0 -4 -5 2 -7 -4 0 -4 -4 62 -2 -5 -2 4 5 -2 0 -7 2 -6 -2 0 0 4 0 -6 0 0 -2 3 0 -2 0 6 -4 6 0 -2 4 0 -6 2 -6 2 4 0 2 4 4 1 -8 0 2 6 -2 4 8 -8 0 8 2 4 4 -2 -4 -2 -1 7 -3 2 -5 1 -2 6 0 0 4 0 0 0 8 2 4 0 -2 2 0 4 -3 -1 8 -6 6 10 -1 0 -2 6 2 3 0 2 0 0 0 -2 4 0 -4 0 2 8 0 7 0 -2 -2 0 -2 0 4 8 -2 8 0 6 2 4
1 0 2 -3 0 0 1 -2 -2 8 -1 0 1 0 -2 0 -4 -2 0 0 0 0 -6 2 -4 -5 2 -2 4 6 -6 -2 0 0 4 -1 -2 -2 -4 0 -1 -1 -1 -1 0 0 2 1 2 -6 -2 0 1 2 2 3 0 3 -2 -3 4 0 2 4 -4 0 0 7 0 2 2 3 0 0 2 -2 0 -4 -2 -3 -4 1 1 2 4 2 -2 4 0 -4 -4 -2 50 8 3 2 0 -2 0 -1 2 1 3 -1 2 4 2 2 -2 4 0 8 3 8 2 0 4 0 0 3 0 0 -1 1 -4 -4 -3 -1 2 0 6 -3 -1 2 10 0 -4 -5 -1 -6 2 0 3 2 -2 -2 2 -6 1 -1 0 0 0 0 0 6 -1 4 3 2 2 -2 -2 4 4 -2 -2 -2 0 -2 1 4 -4 -3 -2 4 1 2 3 -2 -2 3 -7 -12 5 -1 0 4 3 0 6 2 -1 2 -1 3 8 0 5 -2 -2 0 0 -2 4 -4 6 0 4 0
4 -2 -3 -4 -6 0 0 -3 4 4 -4 0 4 0 6 4 2 -2 6 -2 -10 2 2 -6 2 -3 8 9 -1 2 0 8 12 -2 0 -4 0 0 -2 -8 6 0 10 4 -4 3 6 -4 1 0 0 2 -4 4 8 -2 -3 0 -4 -1 -2 0 4 -5 0 0 -4 -2 5 -2 3 4 0 6 2 1 2 0 4 0 -6 2 0 8 2 -6 2 -4 0 -2 -2 -5 8 61 0 0 0 4 -1 -4 -2 2 2 2 -6 2 8 0 0 2 0 9 -4 0 0 0 -4 -2 0 0 0 8 6 0 -2 2 -2 -4 0 0 0 -4 0 -1 8 6 1 2 2 0 -4 -6 -4 2 4 2 2 -2 9 4 0 0 -6 -2 4 -3 4 -6 -6 2 0 1 0 0 1 0 0 -4 0 4 10 6 4 2 0 8 -2 1 -2 0 -2 2 4 -4 4 -3 8 4 2 0 10 -4 0 0 -5 -2 -2 2 2 0 4 4 0 4 6 -2 -2 0 0 2
1 0 -1 0 -2 8 -4 -4 -4 0 1 -4 1 -1 1 -4 -2 -3 2 6 0 -2 -2 0 -2 -2 9 3 -2 5 5 -3 4 -1 -4 4 -6 -4 -4 1 -2 0 -4 2 0 0 2 3 -6 -8 0 0 -2 -2 -2 -2 2 4 2 0 8 -2 0 0 2 0 -10 4 -6 2 -2 1 0 -2 0 6 -5 -5 2 -1 6 4 0 -1 3 0 4 0 2 -1 4 -2 3 0 46 -1 0 -4 0 2 5 0 3 -2 -2 2 1 2 0 2 -2 -4 0 2 -4 0 0 0 0 2 0 0 -2 4 8 4 -8 -2 -5 0 -2 4 3 0 5 0 -1 0 3 1 0 -8 0 1 -2 0 -6 0 4 -4 0 0 2 -2 3 2 1 -6 0 0 0 0 0 -2 -2 0 -2 -2 1 -1 -2 -1 4 2 3 3 -2 -2 -1 -6 2 2 0 1 2 0 0 -4 6 -1 0 -1 0 -4 0 4 0 -5 0 0 3 0 6 10 1 0 -2 0 6 1
0 2 1 -2 0 4 0 -4 3 1 -2 -2 -3 0 0 8 -8 0 2 8 6 4 3 5 5 0 6 -5 4 4 -3 4 2 -3 0 -2 -2 2 -8 -3 4 0 8 -2 0 8 4 4 -4 1 -1 -4 -2 0 0 0 -4 0 4 0 6 2 5 -6 2 4 -4 2 2 4 0 10 -4 0 0 -1 6 -1 -2 2 3 -4 0 8 -2 0 4 0 6 -4 0 4 2 0 -1 64 3 -1 0 -4 -11 4 -4 0 -5 -1 -4 0 -2 8 0 0 -6 1 7 -4 2 0 -8 -8 -4 5 9 0 -4 1 -6 4 -8 -1 4 1 -2 -1 0 5 4 -2 4 4 0 -5 4 5 0 3 6 6 1 0 -2 0 -4 6 -3 -1 -6 0 4 -5 -5 4 0 4 -4 2 -2 -2 -2 -9 -2 2 -1 2 8 3 1 0 4 -4 0 -6 -2 -4 0 -2 0 4 2 -1 -2 4 4 -1 2 -4 0 4 -1 0 11 1 3 2 0 -2 -2 3 -2 2
0 0 -4 5 0 -8 1 -2 1 -1 2 -2 1 -4 2 1 0 4 0 3 -5 2 0 -2 3 -1 0 -6 0 -3 -3 0 -2 0 4 2 0 -2 0 -5 2 0 -2 -2 -4 0 -2 0 0 -1 -4 0 -5 -1 0 0 -2 -2 -1 -8 -2 2 0 -2 0 0 0 0 0 0 -2 2 0 1 2 -1 0 0 0 0 -2 0 0 -4 0 0 1 0 4 0 -2 5 0 0 0 3 36 4 0 -4 -3 2 0 0 0 -4 0 2 0 0 0 2 2 -2 -1 4 -4 0 0 2 0 4 0 0 -2 -4 -3 -8 0 2 1 0 4 1 4 -4 -9 5 0 0 2 2 -4 6 0 -3 -3 6 0 1 -3 0 0 -8 -4 -3 -2 0 0 4 1 0 2 8 0 -4 0 1 -4 -4 1 0 0 -3 -2 -2 -2 -4 1 2 0 -1 5 -4 0 2 0 2 -3 1 0 0 6 0 -4 2 2 -3 -6 1 10 5 0 0 4 2 2 7 -2 -3
-2 3 -5 -2 -4 -10 0 -2 6 0 0 4 3 2 0 0 0 0 0 0 0 2 0 2 0 2 2 -7 4 -4 -6 -1 -8 0 6 4 0 -4 2 4 -1 -4 0 -1 -2 0 -2 5 -3 -2 -3 1 -14 2 -2 0 -6 -2 0 -2 3 -4 -4 -4 2 2 4 -4 6 1 0 2 0 -2 -1 6 13 6 0 -6 1 0 0 2 2 -4 4 0 -4 2 0 -2 -2 4 -4 -1 4 54 2 4 -5 12 -4 -2 0 0 -1 0 -2 3 2 -2 -1 5 2 2 -4 -4 2 0 0 0 0 0 2 0 -2 1 4 -5 2 2 3 2 4 -6 4 -2 4 0 0 4 -8 0 2 0 0 6 4 7 -2 -2 -2 4 1 0 -6 -3 0 -2 -2 -2 4 -3 4 0 -4 5 -4 0 -2 -2 2 5 -10 -2 5 -4 6 1 0 0 3 6 -2 0 0 2 0 -2 0 -2 2 -3 0 -2 -4 0 4 0 3 3 -2 -10 -2 0 -1 -2 4 -1
0 4 4 0 -4 2 8 -1 0 0 2 0 -6 -2 -4 2 1 -3 0 2 -2 2 6 4 0 -4 -2 4 -2 4 6 -10 -2 4 2 1 -2 4 2 -2 -5 4 0 4 0 2 0 0 5 9 0 7 0 0 -4 4 2 -2 1 0 -10 0 0 -5 4 7 2 0 -3 -4 2 -8 4 0 0 4 0 -6 0 -2 4 -2 -1 2 0 0 1 0 0 4 2 0 0 -1 0 0 0 2 63 4 -2 -7 0 -4 -5 -5 -2 -10 0 -12 -4 0 -1 -2 -4 -2 6 4 4 -2 6 4 4 6 4 4 3 0 -2 -2 0 6 4 -4 3 2 9 0 6 1 6 -4 -6 0 3 0 2 0 1 -8 4 6 2 -2 0 0 -2 -4 0 -8 2 -9 2 14 -1 2 2 6 -6 2 2 2 -2 0 -4 -1 0 1 0 2 -2 -2 2 4 -2 -3 0 0 0 0 6 0 18 0 2 -1 0 -4 1 4 -6 0 -6 4 2 -6 3 -4 0 1
-4 -4 8 0 -5 5 -2 2 -2 2 8 6 -3 0 -4 2 -6 0 2 -1 4 0 3 -6 -4 1 -4 0 -2 -5 -4 4 0 -4 -2 1 -2 1 0 0 -1 1 4 7 0 2 3 0 1 -2 -2 2 0 2 4 -2 0 4 8 -3 -1 1 0 4 1 -2 0 0 -2 4 1 8 -4 -3 0 7 3 2 0 1 -2 8 0 -4 1 1 0 4 0 0 3 -7 -1 -4 2 -4 -4 4 4 65 10 7 -1 0 -3 -2 1 0 1 -8 0 -2 0 3 0 -2 -1 -6 -2 -3 0 4 0 -4 4 -7 -3 12 -4 8 -7 3 1 0 -2 0 2 4 -2 2 0 0 -2 5 4 -2 -6 -3 2 6 5 1 10 -1 0 3 -2 2 -1 -4 0 -14 4 4 -2 3 9 1 0 2 2 -1 -1 6 4 4 -2 -4 2 2 0 -4 -2 -4 -2 4 4 -4 1 2 2 -1 -1 -2 2 3 2 1 4 4 -8 3 8 4 -3 11 11 -2 4 -3
-6 0 4 -6 -4 1 -6 6 2 1 0 6 6 0 1 0 10 -2 -2 0 2 0 6 6 -1 -7 7 0 -5 -2 2 -10 0 0 -4 -1 0 2 4 4 4 0 -4 0 0 0 2 2 0 0 4 -2 0 0 -2 2 10 4 -2 -4 -4 0 2 7 2 0 5 2 2 1 1 -2 -6 0 -4 2 4 -6 0 4 2 -2 3 4 -2 -4 0 -4 -4 -3 -4 2 2 -2 5 -11 -3 -5 -2 10 72 -2 2 0 2 1 2 2 -2 5 4 -3 6 -6 5 0 -6 4 4 -3 4 -6 -2 -4 2 -2 -4 0 2 4 -3 -4 0 -5 2 -4 1 0 0 6 -5 -4 4 6 0 -2 -14 4 -10 11 3 2 2 -8 1 9 11 8 0 4 3 -4 4 9 -3 2 8 1 0 0 0 0 6 -4 1 -6 -2 8 0 0 9 4 -6 0 -9 0 0 -2 2 3 -3 0 3 2 -2 6 -4 2 5 0 -5 0 0 0 0 2 2 4 6 5
-5 -6 0 -7 -9 -7 0 -2 4 6 3 0 7 4 2 -2 -10 0 4 -8 -4 4 -3 -4 -12 6 2 -2 0 -1 -6 4 -7 0 0 6 4 6 -2 3 4 1 4 3 2 -5 -1 6 0 -4 -6 0 -6 4 6 4 0 4 2 1 4 1 0 14 4 -2 -6 2 -3 4 2 4 0 1 6 6 4 2 -2 -1 2 3 -3 7 2 -2 8 2 0 -2 6 -6 1 2 0 4 2 12 -7 7 -2 66 2 -2 -1 4 -4 10 7 4 -2 0 -1 6 -3 4 0 -4 -2 -6 -2 -2 0 -2 -3 0 0 -6 -6 6 4 8 -2 0 0 -6 -6 -4 4 6 0 -2 -6 0 4 -4 0 1 16 0 -4 -2 1 6 2 -1 -4 8 0 0 0 4 -6 -4 5 4 0 0 2 -4 -2 -1 0 -2 -2 -2 0 1 4 0 0 2 2 -1 2 4 3 -2 1 2 1 1 -3 -2 0 -4 2 -2 0 0 12 4 8 0 -5 -5 -2 -2 6 -1
1 -5 0 2 -1 0 0 0 0 -2 0 4 -2 0 4 -5 -4 0 -2 -3 0 -2 -2 2 -7 -4 0 -2 0 1 4 0 -4 0 2 4 -4 -4 0 1 0 0 2 0 -2 0 0 -1 0 4 10 0 2 -6 10 0 -2 2 2 -1 -4 0 -2 -6 0 2 0 0 -1 -1 2 0 -1 -3 2 -2 -1 2 0 0 4 -3 0 -1 1 1 0 0 -6 -1 0 -2 3 2 3 -4 0 -4 0 -1 2 2 43 0 0 -6 -1 0 -1 1 -4 2 0 0 -2 -2 0 -2 0 4 0 0 0 0 2 1 -2 0 -4 0 0 -6 0 2 -1 -4 0 2 0 2 -4 0 0 -4 4 -2 3 -2 8 1 -2 0 4 -2 -2 2 0 -1 -2 0 4 2 -12 0 -2 6 0 1 -3 -2 0 2 4 -2 0 0 -6 4 -5 -3 2 0 4 4 -2 4 0 -1 4 0 0 -5 0 0 2 -2 2 -4 0 2 4 0 -4 0 3 2 0 0 -2 4
4 -6 0 6 1 4 0 6 -1 0 0 0 5 0 2 0 -3 0 0 -4 2 -4 -2 4 4 5 -1 0 6 0 0 0 2 -2 0 0 0 10 0 0 -4 0 4 2 0 4 0 0 4 1 0 0 0 4 4 1 -1 0 -4 -2 -4 -2 -2 0 4 -4 -4 6 3 0 1 -10 -8 -2 -2 1 0 0 -1 -2 6 -1 0 2 0 0 -6 0 -4 -2 0 0 -1 2 -2 0 0 -2 -4 0 0 -2 0 45 0 0 -2 -13 -6 4 -3 -2 0 0 0 -4 0 -1 0 0 2 0 0 0 -4 -4 -3 -6 4 0 -2 -4 -4 3 0 -6 0 -1 0 3 -4 0 8 0 0 0 0 0 -2 10 0 -1 0 0 0 4 4 10 0 0 9 -6 0 4 2 0 0 -6 -4 0 -2 2 10 0 1 0 2 -4 5 6 -2 -9 -6 -1 0 2 -2 0 0 10 -6 6 -2 0 0 1 2 1 1 0 0 -1 -4 4 4 -2 -2 0 4 0
1 -2 4 4 2 -2 -4 0 3 0 -1 -2 0 0 0 2 2 0 -2 0 4 -4 -3 -2 -4 4 7 0 2 0 0 -8 -8 0 -4 -1 0 4 0 12 -11 0 -4 0 0 0 -2 0 1 1 4 0 0 0 0 5 1 0 2 1 0 4 0 0 -3 0 4 4 0 0 0 -4 -2 0 2 -4 -2 0 0 0 0 -1 3 -4 0 0 0 0 2 0 0 0 2 -6 -2 -5 0 0 -5 -3 2 -1 0 0 33 4 0 -1 2 -2 1 0 9 2 0 0 2 1 0 2 -2 -4 -1 0 -1 1 -1 2 4 0 1 -2 -2 0 0 -2 2 2 0 0 4 0 8 -7 4 0 0 0 0 -2 0 -4 -1 2 0 2 4 2 2 6 2 0 -2 -2 -1 -2 -2 -6 0 -2 -3 0 -2 0 -6 -2 0 4 -2 2 2 3 0 0 2 0 0 -4 0 0 -4 -2 0 0 2 1 2 4 -2 2 4 -5 -1 -2 4 2 0 0 2 -4
4 0 4 -2 -2 8 -3 1 0 6 -2 5 2 0 -2 6 1 -2 0 8 2 4 1 -2 -2 0 0 -1 0 2 1 3 -1 1 -3 2 -2 -5 0 -1 0 4 6 0 1 0 0 1 -2 2 2 0 2 -4 2 6 7 2 5 -2 -2 4 -2 0 2 2 1 6 4 0 0 0 1 1 0 -2 0 0 0 0 -2 0 1 3 -2 2 1 2 -4 2 0 4 4 2 2 -1 -4 0 -5 -2 1 4 -6 0 4 45 0 0 4 4 0 -1 2 6 2 0 -2 2 0 -1 1 -4 0 10 -2 0 1 2 0 0 1 8 0 -2 2 6 1 6 2 -6 -1 0 12 3 0 0 2 0 0 0 2 0 -2 -4 0 9 1 2 0 1 -4 0 -2 -2 1 0 -1 -2 0 4 2 7 2 -4 -2 -1 4 2 -4 1 0 6 -2 -4 0 -6 4 -1 4 9 -4 1 -10 2 2 8 -4 4 1 -1 2 -1 4 -6 3 0 0 2 -4 -2
3 0 0 0 0 4 4 0 0 0 -2 0 3 0 0 -2 0 0 2 -4 2 2 4 -4 -2 -4 2 0 0 0 -4 4 4 0 0 -2 4 0 0 6 -2 0 -2 2 0 2 0 4 -4 1 -2 0 4 10 4 -2 2 0 -2 0 -1 0 0 0 0 -2 0 4 4 -2 0 0 4 -1 1 -4 1 -1 0 6 -8 6 2 0 -3 0 0 0 0 -2 0 0 2 8 1 -4 0 -1 -2 1 2 -4 -1 -2 0 0 32 -4 -4 2 4 0 0 4 0 -2 -4 0 -2 4 5 0 4 4 0 0 2 2 4 2 -4 -4 2 2 0 0 -2 0 0 0 0 0 4 0 0 4 -4 2 -2 0 0 -2 2 4 1 0 0 -4 0 8 -8 -4 0 2 -2 -4 3 0 -5 0 0 -4 -1 0 2 10 -3 -4 0 3 1 2 -1 -2 4 -4 0 0 -2 0 -4 0 0 0 0 2 -5 0 0 0 -2 0 6 4 2 1 1 0 2 0
-5 3 -2 0 0 -6 0 -7 -1 10 2 2 2 0 -3 7 4 4 1 -4 -5 -8 10 0 -10 1 4 2 -6 0 0 -2 -4 2 -4 -3 -2 3 2 2 6 2 -6 0 0 -14 5 0 3 -6 0 -8 6 0 -2 2 1 4 0 2 2 6 0 0 -4 -4 3 2 -2 0 2 6 3 0 2 0 2 -2 1 -4 -4 13 -6 -2 6 1 2 -2 0 -2 2 -6 2 0 2 0 2 0 -10 0 2 10 0 -13 -1 0 -4 69 10 4 5 4 -6 -2 4 0 1 -3 0 0 -2 -3 12 -4 2 0 0 0 0 0 3 13 -5 0 6 -5 -11 0 -5 3 0 0 -3 0 0 0 5 6 0 -4 7 -1 0 4 -1 -2 -1 -8 0 -6 -2 4 0 0 2 4 2 4 0 -4 -1 0 -10 2 -2 -15 -7 4 -3 -6 2 6 2 -8 1 0 4 5 -2 -4 4 -4 -4 -6 -4 -2 0 4 0 -2 6 2 6 -4 4 6 2 3 4 0
1 0 2 -4 -2 -6 0 0 10 2 0 -6 -9 -4 2 0 4 0 4 -2 0 -4 0 -2 -12 -6 -2 0 -6 0 0 0 4 4 -4 0 -4 -2 0 8 0 -4 -8 -1 -4 0 1 0 0 0 1 0 2 0 -2 8 0 4 -4 1 -2 -2 2 0 0 0 -4 0 0 0 -4 -2 6 2 2 0 -4 2 0 -2 -4 -2 0 -4 8 0 -4 0 4 4 2 0 -2 0 0 -2 0 -2 0 1 -2 7 -1 -6 2 4 -4 10 53 0 2 -2 -4 2 -4 -4 4 2 0 6 -8 12 5 0 -5 -1 10 4 -5 4 2 4 4 0 -2 6 12 -6 2 -2 0 2 -6 2 10 0 5 0 8 -6 0 2 -6 -2 0 4 2 9 -4 -2 4 2 10 4 7 0 -2 6 0 -6 6 2 -4 12 0 0 -4 8 -1 0 0 2 6 0 4 -2 2 2 3 -9 0 0 0 -4 0 -4 -2 -1 0 0 -4 10 14 0 -2 12 0 -3 0 0
0 -4 -2 2 4 0 -3 2 8 0 0 0 2 2 0 8 -10 4 4 2 -2 -2 2 -6 7 -4 2 -1 4 -1 2 4 -2 0 -6 -4 -2 2 4 4 0 6 6 0 -2 0 2 0 -3 2 2 -2 0 6 8 -2 0 2 0 1 5 -4 0 2 0 0 4 0 8 5 0 2 -1 -4 4 -3 2 0 -4 1 -4 1 -2 -2 2 0 4 4 0 -3 -3 0 4 2 2 8 0 3 -12 -8 5 4 1 4 -2 4 2 4 0 53 4 2 0 -2 4 0 -2 0 3 0 0 -2 -2 0 4 2 -6 -6 7 4 -2 -2 0 -2 3 0 -1 4 0 2 -4 3 2 -2 -2 3 -2 4 -4 1 -8 2 0 5 0 1 -4 2 0 2 -4 0 0 3 0 0 -2 0 0 0 -1 2 10 0 6 1 1 2 -6 4 4 0 -3 -4 4 4 0 2 4 0 4 0 -6 0 2 -2 0 0 0 -1 -4 -1 0 0 0 -2 -2 4 6 1
-1 2 0 2 -2 -2 0 2 5 4 0 4 -4 0 0 0 0 0 0 0 -2 4 10 -2 4 0 0 0 0 0 -8 2 -3 1 0 -4 2 4 2 4 2 -2 4 4 0 -4 0 0 0 2 0 0 2 0 -1 0 -3 0 -4 0 0 -4 0 1 -4 0 2 -2 -2 0 1 0 -2 0 2 -6 -3 0 -4 1 -4 1 2 0 2 0 4 0 0 0 2 -2 0 0 -2 0 0 2 -4 0 4 -2 -4 -3 1 0 4 5 2 4 33 0 2 0 4 1 0 1 0 4 -2 -6 1 4 -2 2 0 0 0 -4 -4 2 1 0 0 2 2 0 -2 0 0 -2 6 2 0 7 -4 4 -2 -1 -6 1 -2 -4 1 2 0 0 0 6 -6 4 5 -4 2 0 3 -5 -4 -2 1 -4 0 0 0 -10 0 4 -2 -6 0 0 -4 0 0 -4 -4 0 1 -8 -4 2 -10 -2 0 -2 0 4 2 0 4 0 1 -6 0 2 4 0 6 2
0 1 5 4 0 -6 -4 0 0 -6 0 -4 -2 -4 0 0 0 -1 0 0 -1 2 0 2 -4 0 0 4 1 0 -2 0 0 0 0 -4 -2 2 -2 -4 0 0 2 1 0 0 -2 -9 -1 -4 2 1 -2 4 0 4 0 0 -2 -5 4 0 -2 0 0 -2 -1 -4 -4 0 -1 0 0 2 -2 0 -3 1 0 1 2 -4 -1 0 6 0 2 1 -4 -2 0 3 8 9 -4 0 2 -2 0 -2 -3 0 2 -2 0 -1 0 4 -2 2 0 42 2 0 0 4 5 0 4 2 0 4 0 -2 2 2 -4 0 -6 -4 3 -2 1 0 2 0 -4 0 0 -4 1 0 0 0 0 0 2 2 -3 2 -4 0 -2 0 2 6 2 0 0 0 2 -2 4 6 3 0 0 3 4 -2 2 0 -4 -5 6 0 -2 4 2 2 4 8 5 2 -2 4 4 -2 -6 0 0 0 -2 6 -2 -2 4 4 -5 2 0 4 0 2 4 -6 1 0 1 2
0 -2 1 3 -4 4 -2 -4 -2 5 -1 -5 2 2 0 -4 0 0 -8 2 4 -4 0 1 -4 0 2 -3 0 -4 2 -9 -8 4 3 -1 -1 0 0 8 -9 0 -6 -7 0 0 -2 -6 0 0 -1 2 -2 -4 0 4 0 0 0 0 0 0 -2 4 -2 0 4 2 0 0 0 -7 0 0 0 -4 2 -1 -3 0 1 0 1 -4 -6 2 0 4 0 0 0 0 3 -4 0 -6 2 -1 -1 0 6 -1 0 0 9 2 0 -6 -4 0 2 2 35 3 4 4 2 -1 0 2 0 -2 -4 0 0 -1 -2 -3 3 -1 -4 -3 -1 3 0 -6 -1 2 0 0 4 -4 6 0 -2 2 -4 0 -2 1 0 0 4 0 1 0 4 -2 1 3 4 -2 -3 4 -3 -4 2 -7 0 2 -2 -2 4 2 -5 3 1 4 1 8 0 8 -2 2 3 0 0 0 -2 -6 0 0 -5 3 2 1 0 -2 -2 2 0 -12 0 2 0 0 2 0 6 -4
0 -1 1 0 0 -1 -1 -4 -1 3 0 0 0 1 6 0 -6 -1 2 1 -3 0 -2 0 -12 4 4 -7 -6 2 2 -1 0 -4 8 2 0 6 -4 2 -2 4 -2 0 0 1 1 0 -4 2 -6 0 -2 6 -6 2 3 -3 1 0 4 -1 2 6 0 0 -1 7 2 0 -5 1 0 0 -4 0 -1 6 0 0 0 2 2 -1 4 2 4 0 -8 0 -1 -2 8 0 2 1 -2 5 -2 3 -6 6 0 0 2 6 4 -2 2 -2 0 0 3 45 -1 -2 -1 -4 -8 4 2 -2 4 -1 -1 0 -4 4 2 2 5 2 6 0 0 -2 0 0 -4 -1 6 2 4 4 -2 2 3 2 2 3 5 -1 -2 2 0 8 0 4 0 6 0 -3 2 0 -6 -2 -6 0 3 5 0 -2 -5 -2 0 0 -2 -2 7 -2 5 0 1 4 -6 0 2 0 -1 -1 0 0 -1 -1 4 4 -4 -2 0 0 -3 4 5 0 -5 1 6 0 1 0
0 2 -4 -2 -6 -2 -4 0 0 2 0 -4 3 4 0 0 -6 2 0 2 -4 -2 0 2 3 2 0 2 2 -4 0 0 0 0 1 -4 0 -4 -2 0 4 4 2 2 0 -3 0 4 -2 6 -6 0 0 0 -4 2 1 8 2 -2 -2 2 0 8 2 -4 4 -4 14 0 0 10 0 0 0 -5 6 0 -4 0 2 3 -4 7 0 0 0 4 0 0 2 0 2 0 -4 7 -1 2 -4 0 5 -3 -2 0 0 2 0 4 -4 4 4 0 4 -1 50 0 0 2 0 -4 0 0 -4 0 -2 0 -2 -2 4 0 -2 -4 0 -1 0 -12 0 0 0 6 2 -2 0 -2 -1 0 -2 0 -4 1 0 0 0 -4 2 2 -4 -4 5 -8 -7 4 4 -6 2 -5 1 -3 -2 2 6 -4 4 0 0 0 0 4 1 0 -6 2 -1 -1 0 5 -5 -2 0 -8 -3 0 2 4 -5 0 4 7 4 2 0 -1 -3 0 0 -6 0 0 2 -2
-4 0 -1 4 4 0 0 -4 0 0 0 0 -2 0 4 0 4 0 -2 -2 2 4 0 0 5 8 0 2 2 -8 -2 2 0 -4 2 0 2 0 4 2 0 0 2 -6 -4 0 2 0 0 0 1 0 -4 -4 -2 0 0 2 2 0 4 0 0 0 2 0 -2 -5 -4 -4 4 0 0 -4 1 -4 3 -4 -1 -2 0 4 0 -8 0 -4 0 1 2 -4 1 6 0 0 0 -4 4 2 -2 -2 0 4 -2 -4 0 0 -2 0 -4 0 1 4 4 -2 0 40 -4 0 -4 0 -2 -2 -1 0 4 -4 0 0 -4 2 0 4 0 4 0 0 4 -2 0 -2 2 -5 0 0 6 -1 0 -2 2 0 0 0 -2 0 0 0 4 -2 -4 4 0 -2 0 0 -2 -1 -1 0 -2 5 0 0 4 -4 0 1 0 0 0 4 -1 0 4 0 -1 4 0 4 -4 2 0 2 4 0 0 2 4 0 -2 -2 -6 -4 -6 0 4 2 4 2 2 3
2 4 6 4 -2 -6 -1 2 3 2 0 0 -2 0 -8 0 -4 -4 0 -5 2 2 0 4 0 4 0 0 2 8 4 -2 1 0 2 -12 -2 2 0 0 -2 0 -2 -6 0 -2 0 0 -2 6 2 -4 0 -4 -4 12 -2 -4 2 -2 0 0 2 -4 -4 0 0 6 0 2 1 -8 4 0 0 0 -3 0 0 -5 -4 -12 0 -2 4 0 0 3 -4 0 -1 -4 4 -4 0 2 -4 -4 6 -1 -6 0 0 0 2 -2 -4 1 4 -2 0 5 2 -1 0 -4 57 0 3 2 -6 2 5 -2 6 4 -2 1 2 4 0 0 8 -2 8 0 2 -1 0 0 10 6 9 -2 2 0 0 0 2 -4 -1 0 -2 5 2 2 -1 4 -3 0 -2 0 -3 -6 0 -2 -2 0 0 -2 0 2 -4 6 2 -2 6 5 0 2 -4 5 -2 -4 10 -6 0 0 0 -4 0 0 2 0 2 -6 6 0 4 0 0 -4 0 0 4 -2 -10 1 2 -2
0 0 0 0 4 0 0 0 -1 0 0 0 -2 -4 0 2 4 0 -2 3 6 0 -2 0 3 -2 0 2 4 -2 2 4 6 0 -1 0 0 -2 0 2 -2 0 0 2 -2 0 -3 2 4 4 3 2 4 -4 -2 4 1 0 0 0 -4 0 4 3 2 -1 0 -2 0 -4 -2 -3 -2 6 2 -2 4 -2 4 1 -1 -3 0 -2 0 0 0 0 -4 0 -4 6 0 -2 0 0 0 -4 4 -6 4 -4 -2 -1 1 2 0 -3 2 0 1 0 -1 -4 2 0 0 29 0 0 0 8 -4 5 0 -2 2 0 2 4 0 -10 1 2 0 -2 0 -6 -4 -4 0 3 4 0 -4 0 4 -2 4 2 2 1 4 0 1 -2 -2 2 -8 -1 -8 -1 9 0 2 -2 2 0 -4 -2 -1 -4 0 0 0 10 0 8 4 2 0 -4 0 4 1 0 0 -3 -2 -2 -4 0 1 0 2 2 -2 0 0 0 -2 2 -10 2 0 -3 0 -2 2 2
4 -2 0 2 0 0 0 5 0 0 0 0 0 0 -4 0 0 0 -2 2 -4 -2 -4 -4 -8 2 2 -2 0 -1 2 -2 -4 0 -2 -2 0 0 0 -2 6 2 -2 0 -2 0 0 0 2 2 2 -2 0 4 0 0 0 0 -2 0 -7 0 2 -4 2 0 8 -4 4 0 -4 2 0 -4 0 0 -2 4 0 -2 2 -4 -2 4 2 0 0 4 0 -2 1 0 0 0 0 -8 0 2 4 -2 4 -2 0 0 0 0 -2 0 0 3 0 4 0 -8 0 -4 3 0 35 -4 2 0 -12 0 0 -2 2 -1 1 -4 4 6 4 0 0 -2 0 0 -2 0 -2 -2 -2 0 -4 -2 0 4 -4 0 -2 2 -2 -2 0 4 0 3 3 0 0 4 0 0 6 4 2 0 2 2 -6 -2 0 8 2 -2 0 3 -4 2 2 4 2 3 6 2 0 -4 0 0 0 0 4 0 -3 0 2 8 0 0 0 6 4 -2 -2 0 -4 0 6 2
0 2 0 2 0 -1 1 4 2 2 -2 4 -4 4 1 2 2 0 -2 3 0 4 2 0 -4 -7 -2 -4 4 4 0 0 4 0 -1 2 -8 0 -4 4 -3 3 -8 2 -2 -6 0 0 2 4 5 0 3 0 -4 -2 -2 0 -4 -2 -1 -4 0 -3 0 0 0 6 -1 4 -4 -1 3 0 0 6 -2 -2 0 -2 0 0 3 -2 3 -2 1 -8 0 0 -2 -2 3 0 2 -8 2 0 -2 -3 -3 -6 4 0 2 -1 4 0 6 0 4 2 2 4 -4 0 2 0 -4 38 0 2 7 0 0 0 5 1 -1 0 0 -2 3 1 4 2 1 2 -1 7 1 -4 3 -5 2 0 0 0 0 -3 0 0 -1 2 0 1 0 -2 -1 4 2 0 0 0 -2 -1 -2 3 -4 -4 0 2 3 -2 0 -4 0 -4 3 0 4 4 0 1 0 2 0 1 -1 0 5 0 -1 -9 2 3 4 -3 4 2 -1 0 1 0 -5 4 1 2 5 -1
-2 0 2 2 2 4 0 -2 -4 0 0 0 2 0 0 1 2 0 -2 0 2 -2 -1 0 0 0 0 -1 1 -2 -5 -6 2 3 -4 -2 0 2 4 -4 0 4 -4 4 -4 0 6 0 1 4 0 1 0 -2 0 0 0 -2 0 -5 0 4 -2 4 -2 0 0 4 1 2 -4 -2 4 3 -4 -2 -5 2 -4 0 6 0 0 0 -4 0 0 2 0 -2 -2 4 0 0 0 -4 0 0 6 0 4 -2 0 2 -2 1 5 -2 -8 0 -2 0 0 2 0 -2 -6 0 2 0 31 -4 2 4 0 3 0 1 4 4 -2 2 -6 -1 0 2 1 0 0 0 0 2 0 -1 -2 0 -2 6 4 0 2 -2 2 -4 2 5 -3 -3 0 -3 4 0 2 7 -4 0 1 0 1 4 -1 2 8 -4 0 -4 -3 -6 -2 5 1 6 -1 6 -2 -2 2 -2 0 4 0 0 0 -4 2 4 -1 2 -1 2 0 0 1 2 0 -1 -1 0 4 4
4 0 -2 -4 -2 -4 4 6 -4 0 4 -4 -6 -6 -4 8 0 0 -4 4 2 0 -3 0 -4 -5 -4 6 0 0 2 12 -10 0 0 0 0 0 -2 6 -4 -8 -2 -2 -4 4 -6 4 0 3 0 0 0 -1 -1 4 0 4 0 -2 0 -2 4 -12 0 4 -4 -6 2 0 0 -4 14 0 -4 0 0 -2 10 -2 0 -2 4 -4 8 -3 -8 4 0 6 2 0 0 8 0 5 4 0 4 4 -6 -2 0 0 -4 -4 0 -3 12 -2 -6 4 -2 -2 0 -2 2 8 0 2 -4 79 -8 0 -2 -5 0 4 -4 12 0 -3 2 4 8 4 -4 -6 0 -2 2 5 -2 7 8 1 4 -8 4 0 0 -4 0 0 2 -3 -2 4 0 -10 0 0 14 0 0 0 -3 14 4 1 0 -8 -5 2 8 16 0 2 10 0 -4 4 12 -4 -6 -8 8 -4 0 4 4 4 8 -2 0 4 -6 -4 -1 0 1 -1 8 0 0 6 -8 0 0 -4
0 1 3 0 2 2 1 -2 6 6 0 4 -4 8 0 -2 3 -2 7 2 6 0 9 0 -4 3 1 -2 2 0 0 2 4 -6 -4 6 0 2 0 -6 -5 4 0 1 2 -4 1 4 -2 3 6 0 0 2 9 4 2 2 9 0 6 0 0 0 -4 0 -4 2 2 -2 0 2 4 0 0 0 -5 -1 -4 2 -4 0 2 2 1 0 7 -6 4 -2 0 -6 -1 6 -2 9 0 0 4 0 -2 0 0 0 -1 0 4 12 5 -2 1 0 -4 4 -4 -1 5 -4 -12 7 2 -8 77 0 2 4 3 1 -2 0 2 0 -6 -2 0 -1 0 3 -3 3 2 0 6 -2 6 1 3 8 8 -3 2 4 0 4 2 4 4 0 0 0 -2 -4 1 4 -2 -3 -1 -2 -2 0 1 6 0 0 -2 -10 4 -1 -4 6 6 -1 0 -2 3 -5 0 4 -2 -2 4 5 1 -12 3 0 6 0 0 5 -8 4 -1 0 -8 0 0 4 7 0
8 0 -6 -4 0 1 -2 1 0 -4 0 -2 0 -1 0 4 -2 0 5 0 0 12 0 0 0 -2 -1 0 2 0 4 0 0 0 0 0 0 -2 2 2 0 0 0 0 0 0 0 0 0 0 0 2 8 -8 0 2 12 0 -4 0 -2 0 -4 -2 6 0 1 1 -4 0 2 -4 4 2 4 -4 0 -2 0 6 0 -7 -4 0 4 0 0 4 0 -2 0 2 1 0 4 0 0 0 6 -4 -4 -2 0 0 0 10 4 -4 0 0 4 -2 0 -1 0 0 -2 5 0 0 4 0 0 44 -1 4 1 4 2 1 -4 -2 0 0 0 2 0 0 0 0 0 0 -6 4 1 6 0 8 2 -8 0 -1 0 0 0 0 -2 -6 0 6 -4 -5 0 0 0 -2 -2 -8 -6 0 6 0 2 0 -2 0 0 -2 2 2 0 -2 -1 0 5 -4 0 -5 2 4 4 0 -8 -2 4 0 0 0 0 -2 9 4 -2 -2 5 -4 0 -4 6 2
2 4 0 5 0 2 0 -5 4 3 0 8 1 0 2 4 -2 0 4 -2 2 4 5 -4 -2 0 4 0 0 -4 4 0 -4 -4 0 4 0 0 4 0 0 3 4 4 4 2 7 0 1 12 0 0 -6 0 -4 4 -1 4 6 0 0 4 0 0 1 0 -8 -3 2 -4 -2 -5 4 -6 0 0 2 -6 2 0 4 1 -2 -4 0 12 0 0 4 0 4 -6 -4 -2 8 -4 -2 2 4 4 2 -3 2 -4 -1 -2 0 2 -5 4 -2 2 0 -1 -2 4 6 0 0 0 0 -2 2 -1 58 5 -1 2 2 0 1 0 4 -2 -2 -4 2 3 0 -4 4 -2 -2 3 -4 2 2 16 0 -6 4 1 5 2 -2 -6 4 0 -1 -2 0 -8 -4 2 -6 1 4 4 2 -4 0 0 2 -2 2 0 2 0 -2 -4 6 2 3 0 -1 0 6 -2 0 0 0 4 -7 0 -1 -4 0 -1 4 2 -6 -3 -1 4 -4 -4 0 2 8 4
1 4 2 -2 0 0 -2 -6 2 -5 -4 -6 0 0 0 1 0 0 0 0 -2 8 2 0 -4 -2 0 3 0 2 -3 2 4 0 2 0 1 0 4 0 4 2 2 2 4 -2 2 0 -1 2 0 0 0 -4 -4 0 0 0 -4 1 0 2 -2 0 -1 0 0 0 -6 0 -2 -4 0 0 0 0 -4 3 -5 2 4 0 0 0 6 -2 0 -4 2 -2 0 2 -4 2 4 1 -4 0 4 -7 -2 0 1 -4 1 0 0 0 -1 2 2 2 -1 0 0 -4 4 -2 -2 0 3 -5 4 4 5 34 -2 0 1 0 -1 1 4 -1 0 4 -2 -4 2 0 2 -1 0 3 4 -1 0 2 6 -5 0 -1 -5 0 0 6 -2 -4 -2 -2 0 4 -2 1 -2 0 -2 0 2 3 3 5 1 -2 0 -3 1 -2 -2 0 2 1 -5 2 -1 0 0 0 2 0 0 0 -4 0 2 3 -6 0 -3 0 1 1 0 6 -4 2 -5 0 4 2
3 0 0 0 -4 0 7 9 8 -2 2 -4 -6 0 2 0 1 -4 4 0 -1 -2 0 0 -4 -1 -8 1 0 3 -4 -6 0 4 -4 2 0 -2 0 6 0 -4 -2 4 0 0 0 0 2 1 4 -1 0 0 -1 -5 0 -1 2 3 -2 1 -6 2 0 0 2 -3 4 -4 -4 2 4 0 0 0 2 -2 0 -1 -2 -1 0 -2 -6 0 0 2 0 1 -4 4 -3 -2 -8 -6 -3 -2 3 -3 -4 0 -2 -3 -1 1 2 0 10 -6 0 -4 -2 -4 -2 0 -2 2 2 5 0 0 3 1 -1 -2 45 -2 2 0 2 -2 -6 4 -4 2 2 -6 1 -3 0 5 -4 -2 2 -3 7 0 2 0 3 0 -2 0 2 -4 -2 0 3 -4 0 0 4 0 0 1 4 2 0 0 -3 2 0 0 -2 8 1 -6 2 4 -4 3 -1 0 1 -3 0 4 -10 2 -2 -4 3 0 -1 -1 -2 0 0 0 -2 6 2 -2 -2 6 1 -10 2 0
6 1 3 3 0 8 2 -4 0 -7 -2 0 -6 0 -2 4 -1 5 0 -10 4 6 1 0 -5 -2 -2 0 -1 4 -4 4 -2 -4 2 -6 0 -5 0 2 -4 0 0 -2 0 0 4 6 3 0 0 0 3 -4 -2 -6 3 2 -3 2 0 4 -1 -6 -1 0 2 -2 0 -4 0 -3 2 0 -2 0 -1 1 0 0 8 2 1 -6 -2 -2 2 2 2 0 0 0 -1 -4 -2 4 -8 1 0 12 0 -6 0 -6 2 2 2 0 4 -6 0 0 -3 4 -2 0 1 0 -1 1 1 4 1 4 2 0 -2 50 0 4 2 0 -1 1 -6 4 16 0 -4 0 8 2 4 0 3 0 0 -4 -1 -2 4 0 2 -1 -3 -1 0 0 -3 -2 -5 2 4 0 -4 4 0 3 1 0 1 0 0 12 5 4 0 -2 1 -2 0 0 0 -4 -2 -2 -4 -7 0 -3 1 0 -6 0 4 1 0 -2 0 -3 -14 0 5 -1 -6 4 -1 0 -1 -2
0 -6 -2 2 0 0 0 -5 2 -1 0 0 2 4 0 0 -4 4 0 0 -1 0 0 -1 2 7 4 -4 4 0 -4 0 0 -1 1 4 5 -4 4 -4 -4 -2 4 -2 -2 0 -2 4 -2 4 -4 4 0 4 6 -4 0 -4 -6 0 1 0 4 2 -4 0 8 -2 3 2 0 -4 7 4 -2 -2 9 -1 -1 -2 -6 -4 -4 -2 6 -2 -6 4 0 -1 -5 2 2 0 -5 -8 0 4 -2 -4 2 -6 -4 4 4 0 4 0 -5 7 0 -6 3 2 4 -4 2 2 1 -1 4 -4 -2 2 2 1 2 0 44 -2 -2 -1 -2 0 0 0 -1 2 1 3 0 0 0 1 0 -2 -2 -3 0 0 3 2 1 5 3 2 -4 0 -2 0 -4 4 2 0 0 0 -2 0 1 -2 0 0 8 0 2 -4 -1 0 -1 -2 0 6 0 1 1 -2 0 -1 2 1 0 0 -3 0 -2 1 4 0 4 0 -4 -4 4 6 1 0 0 0 6 2
0 0 3 0 -2 -1 2 0 0 0 0 0 0 -1 0 2 0 6 2 0 -4 0 0 -8 2 -2 2 -3 -6 4 -4 3 2 2 2 0 0 2 0 8 0 0 0 -2 -4 0 -1 2 -6 4 6 -10 6 4 -2 0 2 4 0 -2 2 4 -6 2 -4 0 -5 2 0 -2 -2 0 0 4 2 0 -4 4 0 -2 -3 0 0 -8 0 0 0 10 0 4 10 4 0 0 0 -1 2 -5 -2 8 4 6 0 0 0 0 2 0 4 4 -4 -4 -1 2 0 2 4 4 -4 0 4 12 0 1 0 0 0 4 -2 48 0 -2 2 0 -3 4 -2 0 0 0 0 8 6 2 0 0 4 4 5 1 4 -1 2 4 -4 -4 6 2 -2 4 3 -3 4 2 -7 0 -4 -2 0 4 0 0 4 6 0 8 -8 0 4 4 0 0 -4 -4 -4 4 0 -6 0 8 -2 4 0 -1 4 0 -8 -8 -2 0 -3 -2 0 4 -1 6 -4 -2 4 4
4 0 0 3 4 0 0 2 0 6 0 -6 -2 0 0 8 0 -4 0 -1 -2 0 1 5 -8 0 0 -4 -1 0 -4 -2 0 -4 4 0 0 0 -2 -6 3 0 0 6 0 -1 0 2 -1 3 -2 0 -8 4 0 4 0 0 4 -3 0 0 2 0 -1 -2 -1 -2 -2 -4 -2 0 -2 2 0 4 -2 4 0 -8 -1 2 -1 -1 0 0 6 6 2 2 0 4 6 0 -2 4 1 2 0 -7 -3 4 0 -2 1 1 -4 3 2 -2 -4 3 -4 5 -2 0 0 0 4 0 -2 0 2 -4 1 -1 2 2 -2 0 42 1 -2 4 0 4 5 0 -6 0 3 0 0 3 -4 -4 2 -4 -5 2 0 -1 -5 -2 4 -4 0 0 4 -2 4 2 0 4 1 0 -2 4 0 -4 -6 0 -3 0 -2 -2 4 -4 0 0 0 -4 2 0 0 5 0 -4 2 -3 4 0 2 2 -2 2 -4 -3 -1 0 -2 -1 2 -4 -4 4 0 0 6 0
-6 4 0 4 0 0 2 1 0 5 2 8 0 4 -4 1 -4 0 -7 3 -7 0 1 0 -10 3 4 4 -2 4 0 -4 -10 0 -4 2 -3 8 2 -6 -1 2 0 0 -4 -2 2 0 -2 -6 -5 0 -4 5 1 4 2 -1 3 0 -6 0 0 2 2 4 6 -4 0 4 2 0 0 1 0 6 0 6 -2 1 4 4 0 2 5 -4 2 -4 2 -4 8 1 -3 -4 4 1 0 2 6 3 -4 8 -6 -4 -2 8 -4 13 4 -2 2 -2 -3 2 -4 4 0 -10 6 -2 2 -3 0 -2 0 1 -2 0 -1 -2 1 57 -2 0 8 2 6 2 4 2 -2 -4 -10 1 -2 2 0 4 -6 0 -4 4 0 -8 2 2 -4 0 6 0 2 7 6 2 3 4 5 0 4 0 0 2 4 1 0 -4 -2 4 -3 2 0 4 4 4 -1 -2 4 8 0 0 6 -2 4 -4 -2 -2 0 3 2 -1 -2 1 9 6 0 0 4 7 -2 5
-2 4 2 -4 10 -4 0 -5 -4 2 2 1 0 -2 2 -2 0 4 2 2 -4 4 -2 -6 0 -2 -1 -10 -5 4 8 2 0 -4 8 0 -4 -5 0 10 -2 -2 -4 -6 0 -2 -4 1 -6 1 0 -1 -6 2 -8 -3 1 0 -4 4 -6 2 6 0 0 2 0 0 8 4 0 3 -2 0 2 6 2 4 2 -5 -2 -2 0 2 4 -4 4 2 -4 3 -2 -8 -1 0 3 -2 4 3 4 1 0 -2 0 -4 -2 0 2 -5 4 0 1 1 -1 6 0 0 8 1 4 3 -6 2 -6 0 4 4 -6 -1 -2 2 -2 -2 52 2 0 4 -8 -1 -4 2 4 0 0 4 1 2 2 -2 -3 2 0 -3 0 4 -2 -1 -2 2 0 0 -9 0 1 0 -4 1 -4 4 1 -6 1 -2 0 3 -4 -7 0 4 4 -2 4 -3 -1 -2 -4 0 0 2 -4 -2 0 -4 2 0 4 3 -6 -4 0 6 0 0 0 -2 6 0 5 -2 -1 2
-2 -2 0 1 2 0 2 -2 0 -1 0 -6 -1 0 -3 -1 1 0 -2 -3 -4 -2 0 4 -1 4 -2 1 0 0 1 8 -2 0 4 0 0 -4 -2 2 -2 -2 0 -5 0 1 0 6 -4 -1 -3 0 -5 -4 0 0 0 2 2 0 -1 2 -4 0 0 2 0 -2 -1 0 -2 0 4 -2 0 -4 2 3 1 0 0 2 0 -2 0 0 2 0 0 0 -2 0 2 -1 0 -1 1 2 -4 0 -5 0 2 3 0 -2 2 0 0 -2 0 0 3 0 -1 4 -2 2 0 1 -1 4 -2 0 -2 -1 4 1 0 0 4 0 2 30 -4 0 -2 2 -4 4 -2 -6 -1 0 0 0 4 0 -4 3 2 0 0 0 0 -1 0 1 -4 0 -3 0 2 0 1 -2 4 1 -4 0 1 -4 -1 2 2 -1 4 0 5 2 0 0 -4 2 0 0 0 0 -6 2 -2 -2 -2 1 0 4 -4 -4 0 0 -2 -3 -1 0 0 6 0 4 4 -1
-2 0 5 2 -2 0 6 3 4 10 0 8 14 -1 -4 2 -4 -2 0 10 -4 2 6 5 -9 -4 2 2 1 8 -4 0 -2 -2 0 -4 -4 2 0 -2 -6 4 -14 -4 -6 -2 0 -2 0 0 0 4 -2 0 -4 6 -6 -2 -4 -5 2 0 -1 -4 0 5 2 3 -4 0 0 0 -2 0 0 4 0 -1 0 -2 -8 6 6 -4 8 0 -2 -2 0 -4 -1 2 10 8 5 0 4 4 3 -2 2 0 -1 0 0 2 0 6 -2 3 0 2 0 0 0 0 8 0 0 4 0 8 0 0 -2 0 -4 -6 0 -3 0 8 0 -4 62 -4 -10 -16 9 -4 -2 2 3 0 -1 -1 -3 0 1 6 -4 0 4 0 6 6 -2 -2 0 2 0 2 4 0 3 0 -4 -2 1 -2 0 -2 4 -4 -4 -8 8 -2 -1 -2 -2 0 0 -4 6 0 4 10 -2 0 10 -2 3 -8 0 4 -4 -2 2 -6 10 -2 0 -2 4 -6 0 -8 2 0
-2 -3 4 -6 2 -4 -2 5 0 -4 -6 0 -12 -2 -4 3 4 -2 5 10 0 0 -2 2 14 -2 -7 0 4 -4 0 6 10 3 2 2 0 5 -2 4 2 -6 4 -12 -7 -2 1 -4 4 0 1 5 0 0 4 -4 0 -2 2 4 0 0 4 -6 -10 4 2 -4 -6 0 -10 0 2 2 0 -3 -6 0 1 0 -2 0 0 -2 0 -4 1 -4 2 0 1 6 0 6 0 5 -4 -6 2 0 -4 -6 -4 -6 -2 6 0 -5 6 0 2 0 -6 -2 -12 0 0 -2 -2 2 2 4 -1 2 -4 4 2 4 0 4 4 2 4 0 -4 77 2 2 4 -2 0 -4 2 0 4 -2 -1 -2 2 0 -2 4 -10 -2 -2 -4 -6 -4 -2 2 2 0 0 -4 -4 -2 -4 2 -2 4 0 5 4 -2 0 -2 3 -4 0 2 2 0 -2 -4 -7 -10 0 0 4 0 7 4 2 6 -2 2 -8 2 0 0 -4 6 10 4 1 -2 -6 -5 1 6
-1 0 0 -4 5 6 2 0 6 0 0 0 -6 -1 8 -5 8 0 0 -10 1 2 -3 2 0 -1 -5 -2 -5 0 -1 -3 4 0 -5 4 -4 -4 0 -5 -1 0 0 -2 -2 2 2 1 -2 6 0 0 -3 0 0 0 -3 0 0 0 4 -3 0 2 -4 5 0 -6 1 -2 3 0 0 1 -2 -1 0 2 -2 0 8 -10 0 0 -10 0 0 4 0 1 10 -2 -4 1 -1 4 -9 4 9 2 1 -6 0 0 2 1 -2 -11 12 -1 2 -4 -1 0 0 4 2 0 0 1 1 -4 0 0 2 -2 2 16 -1 -2 5 6 -8 -2 -10 2 69 2 6 4 0 1 -2 -1 2 1 -8 4 2 -2 -5 0 -4 -8 1 2 2 4 -4 -3 1 -1 2 -1 0 0 2 -3 -3 0 1 3 2 14 2 10 0 -2 -5 -4 -2 2 0 -4 1 3 -2 3 4 -3 -2 0 2 -6 0 -5 0 1 -5 0 -20 2 -4 -2 -3 2 6 -2 0 4
0 4 -2 3 -2 0 3 -4 -3 -6 0 -2 4 2 4 4 -2 0 0 2 -2 -4 -4 -10 2 5 2 0 -6 0 4 0 2 2 -2 2 0 -2 0 -13 -2 5 8 -2 1 0 2 2 0 2 -2 -2 2 -2 6 2 6 -4 4 0 -6 2 -4 2 -2 0 4 0 0 0 -1 -2 -2 -4 -2 -2 0 2 2 2 -4 -3 0 4 -8 0 6 0 6 6 0 4 -5 2 0 -2 5 -2 0 4 0 -4 2 -1 2 6 0 0 -6 4 0 0 2 0 0 -2 -1 -6 0 2 0 -6 3 0 3 -4 -6 0 2 0 0 2 -1 2 -16 2 2 54 4 2 -2 5 -2 2 0 -2 -6 0 -8 -2 2 0 -8 0 2 -6 0 0 4 0 3 -6 -10 0 -2 -2 1 0 -2 3 5 6 2 -4 0 -6 -2 2 -10 2 0 1 0 -1 0 -2 0 -8 6 0 0 -2 -6 -4 -4 0 4 0 -1 0 -2 -1 4 0 -2 4 2 13 0 0
0 0 0 -2 0 0 2 -2 -2 -2 -2 -2 2 0 0 -2 -4 0 4 6 6 0 -4 0 -4 -1 0 -2 -4 4 -2 2 0 6 -2 4 -4 -4 0 0 4 0 -4 -8 0 2 -1 -2 3 -1 0 0 -3 -6 0 0 0 -2 0 1 2 -4 -2 2 0 0 1 0 -1 0 0 0 0 -4 0 2 5 -3 0 -1 0 0 0 0 0 0 -8 0 4 0 -5 8 -1 2 3 4 0 4 6 -2 0 4 0 0 0 2 0 -5 2 0 -2 0 0 -4 0 0 0 -4 -2 -1 0 0 -3 0 0 2 1 -4 1 0 -6 4 -4 -4 9 4 6 4 37 0 -2 -2 -5 0 8 -3 -6 0 6 -1 -2 -2 -4 -2 2 2 0 0 2 -2 7 0 0 0 -2 0 -4 -2 -1 0 5 0 4 0 0 9 1 -6 0 0 0 6 0 -1 0 3 0 0 2 4 0 4 4 -2 1 -2 0 2 0 0 0 0 8 4 4 0 -2 -4 -6 0
-2 2 0 -4 -1 -4 -3 3 10 0 0 -4 7 8 4 0 1 2 0 -3 2 2 2 0 -4 6 0 -2 6 -2 3 -2 -2 -2 0 6 2 6 0 0 7 0 -2 6 0 -4 1 6 0 12 -2 0 6 0 2 0 3 4 0 0 -4 8 0 -2 4 0 -1 0 4 2 2 0 0 2 -4 9 6 -9 0 4 4 -6 0 -2 -5 -8 -2 -4 0 0 2 -8 -6 0 1 4 0 0 1 2 6 6 2 3 0 -6 0 3 -2 2 0 -4 0 -1 6 -2 0 -4 0 7 0 -2 3 0 -4 0 -3 0 3 0 0 2 2 4 -4 -2 4 2 0 60 0 0 4 -4 0 3 0 4 -8 1 6 0 4 8 0 -6 2 2 0 -4 10 8 -2 0 -4 0 6 -1 -7 -1 2 -2 4 4 2 -2 -4 0 1 2 4 -2 0 2 -8 4 0 -2 4 1 6 -4 6 -4 0 0 4 3 4 0 -2 -4 -4 4 -4 -1 6 5 -8 -2
0 4 0 4 0 0 0 -2 2 4 2 -4 -2 0 4 0 0 4 0 0 4 4 0 0 -1 -2 0 2 1 -2 0 -4 -6 -2 6 -4 0 0 0 4 -8 1 -4 1 0 2 -4 0 4 2 -4 4 0 4 -4 0 2 0 0 0 0 0 1 -1 -4 -2 -1 0 0 -4 0 -6 0 0 2 2 0 0 4 0 0 2 -1 -4 -4 0 2 2 4 0 -4 0 2 -4 0 0 2 0 6 0 -5 0 -4 -4 4 -1 0 0 0 -4 0 1 4 6 2 2 10 0 -2 1 0 2 2 0 4 2 0 8 0 0 3 -2 4 -2 -2 0 0 -2 -2 0 28 0 6 4 4 0 0 0 2 -4 4 -2 0 2 0 0 0 -2 2 1 -4 4 0 0 -3 0 0 6 0 4 -4 4 -4 0 -4 -4 0 2 4 4 0 0 2 0 0 0 -4 -2 0 -2 0 0 0 0 0 0 2 -8 0 0 0 -4 0 0 0 0 2 0 2 -8
10 0 -4 -1 0 0 14 -3 4 -5 0 4 -1 0 2 -3 1 -2 -1 2 2 -4 -3 -8 -1 0 -3 -4 -4 2 2 -2 -4 0 0 -2 0 -4 4 -1 0 -6 2 3 0 0 -1 1 4 0 -3 -4 0 0 1 2 0 0 9 -2 2 14 -11 -1 -2 0 4 0 4 -2 -3 -1 2 0 -4 1 -6 2 3 3 -8 0 0 -14 2 0 -2 3 0 4 0 8 0 -6 -8 -5 2 4 -4 0 -4 -2 0 0 0 0 0 0 2 3 -2 0 -4 2 -2 -5 6 3 -2 -4 2 5 0 0 -2 -1 5 2 0 8 0 -4 0 -6 2 -4 1 5 -2 0 0 64 4 -2 -2 -1 0 -8 0 8 -1 -4 0 1 0 -2 -2 -4 4 -7 0 -8 -2 0 0 1 -4 -2 0 5 0 0 -1 -4 -8 -1 0 0 -8 4 -1 0 6 0 5 -4 0 2 -4 -2 0 -1 -2 0 2 -2 -10 0 -3 -3 -13 4 3 0 0 -2 10 0 -6 -2
1 -4 14 6 8 10 6 -1 2 4 -2 0 3 -4 -1 -4 -2 -2 -2 3 11 2 0 -2 4 -2 1 0 6 2 0 0 2 -4 0 2 0 -2 -2 2 -6 2 0 0 0 0 -6 1 2 6 9 -4 9 -4 0 6 -2 0 -4 4 5 6 0 2 -3 -4 0 6 3 -4 0 -8 -10 -2 0 -6 -3 -10 0 6 0 2 6 -10 -10 0 2 -2 -4 -2 -5 2 3 -4 0 4 -4 -8 -6 -2 4 -6 0 8 8 12 4 -3 -6 2 6 0 6 4 0 0 9 4 -2 3 0 -2 6 -6 -2 0 -4 4 0 6 0 -10 0 -1 3 2 -2 -2 -5 4 6 4 77 0 0 2 1 -4 0 10 3 0 -2 4 0 4 5 -2 2 4 -1 8 0 0 0 0 -1 -8 -14 4 -8 2 1 -5 -4 -14 0 8 -2 2 6 -2 0 0 -2 -10 -2 0 3 2 -10 2 1 1 2 4 0 -2 0 4 2 -9 -8 -2 -8 -2 0 -4 2 -5
1 0 6 0 0 0 -4 -4 -2 6 2 -2 2 -8 4 2 0 0 -2 0 0 4 4 0 4 0 2 -6 -1 -2 -3 0 4 -4 8 0 2 0 0 -5 2 -2 4 -4 2 4 0 5 1 3 -2 4 -2 1 -1 4 0 0 -1 -1 -4 -2 2 4 5 0 0 0 -6 -2 2 0 5 3 -4 2 -2 0 4 -2 -2 2 0 2 4 2 -8 4 2 -2 0 4 2 2 1 5 6 0 0 5 6 0 -4 0 -7 3 0 0 2 -2 2 0 0 4 -2 0 -2 0 0 -5 -1 7 -2 4 3 3 -2 0 1 2 3 1 4 0 0 0 -1 2 0 -4 4 -2 0 51 6 -2 0 0 0 4 -5 1 0 -6 -1 1 4 10 0 4 4 2 -2 -7 0 4 1 1 1 0 -4 4 -2 4 4 -1 2 0 12 0 -4 -2 0 -6 0 -4 -2 -1 2 1 -2 2 -4 2 0 2 -8 -11 -1 -2 -4 4 6 -4 3 2 0 4 0 -1
2 0 -2 0 0 0 0 -4 4 0 1 0 -4 0 0 2 4 4 5 -10 0 2 0 0 0 4 -1 4 -1 0 0 4 -4 -2 4 -8 0 -1 -2 4 0 -4 8 -2 2 0 6 4 4 -2 6 0 0 -4 4 2 0 8 2 0 0 -2 -2 -4 6 3 0 -2 -4 -4 4 2 4 -4 -4 5 -4 -5 -2 0 -2 -1 0 2 4 -4 -6 -2 4 0 0 4 -2 4 -2 0 0 2 3 4 0 4 4 0 4 0 0 0 10 -2 0 0 -2 -2 -1 6 2 -4 -4 2 -2 8 6 1 -4 4 2 3 0 0 -4 -2 1 0 -1 4 2 0 8 0 4 -2 0 6 49 2 2 -4 9 -2 0 -4 -4 2 -2 1 1 8 0 2 -5 4 6 -2 -2 6 -4 2 -3 2 6 0 0 0 0 0 0 -2 7 8 -2 4 7 -2 -8 -5 -4 0 2 4 0 -4 4 0 6 0 1 0 0 4 4 4 10 8 6 6 0 -2 1 0
2 4 -5 -2 0 0 5 0 2 2 0 1 0 0 0 -2 1 0 1 -2 2 4 3 0 0 0 6 1 0 1 3 0 -2 5 6 -4 -2 0 0 0 0 0 4 4 0 0 4 -6 0 1 4 0 7 2 1 -2 0 2 -4 4 4 0 -1 0 0 0 0 -1 1 0 0 0 2 0 -1 -2 -2 1 0 7 0 0 0 0 -2 3 0 0 4 1 1 -2 -2 2 0 3 -3 0 0 -2 -2 -4 -2 0 0 0 4 0 0 3 7 0 2 2 0 -1 0 0 -2 0 0 1 1 6 2 -1 -3 0 -2 0 -4 2 2 0 -1 -2 1 -2 -3 3 0 -1 2 -2 2 30 2 -1 -4 2 2 4 1 4 4 -1 0 -2 -4 2 -5 0 4 0 -4 4 1 -4 -1 1 0 -6 1 0 2 0 1 5 1 -2 1 -2 3 -1 0 -6 2 0 2 0 0 0 -7 2 2 -3 -2 -2 5 0 3 -6 -2 -4 0 1 3 0 0 2
1 4 0 2 0 2 2 0 2 6 -4 0 -5 2 -2 -2 4 -4 2 -2 0 -2 0 0 1 5 1 1 2 0 -3 4 0 0 2 -6 2 1 -2 0 -2 -4 0 5 0 -4 0 1 0 -2 3 0 0 0 -4 4 -6 1 2 1 4 0 -4 0 0 4 0 2 1 -4 -4 2 3 2 0 -4 0 4 1 0 1 0 0 2 2 0 0 0 -2 -2 -2 -4 2 2 -6 6 -3 0 2 -6 -14 0 3 0 0 2 -4 5 5 -2 -4 2 -4 3 -2 0 0 4 0 0 -2 4 3 0 2 0 7 0 -2 4 2 0 2 4 -3 -1 -8 -6 -6 0 0 0 1 0 2 2 44 -2 2 -2 2 4 2 10 -2 -2 -2 0 0 -6 -8 0 6 4 1 2 -5 0 1 4 0 1 -2 -2 -2 4 4 4 3 4 0 -2 2 0 -1 -6 4 0 -1 2 2 -2 2 4 0 0 0 0 2 -1 4 4 -10 -1 2 -2 -4 -1 -3 1
2 0 2 4 3 -1 -8 2 2 0 0 -4 1 0 0 -3 2 -4 -1 4 1 0 2 -1 0 0 4 -9 -4 4 2 -8 -4 -4 -4 0 4 4 5 6 3 7 -4 -3 -2 0 2 -4 -6 20 0 -2 -6 -4 -6 0 2 8 0 -7 -4 0 2 -2 -2 0 -4 4 0 2 -2 6 0 -2 7 0 0 -2 4 5 2 -10 0 6 0 -1 12 2 4 2 4 -2 -6 -2 0 6 6 6 0 -3 4 1 -2 0 0 0 2 6 0 4 4 2 0 2 0 -2 0 -2 4 0 6 -8 8 8 16 2 0 -4 -3 4 -4 4 -2 0 0 -2 4 0 0 4 0 -8 -4 0 -4 -1 -2 88 0 2 0 0 0 -2 -2 -1 2 8 4 12 -2 0 -4 0 2 -2 4 -8 -2 0 4 2 0 10 -4 -8 -1 -2 6 0 6 6 -4 3 -14 0 -2 4 -3 4 0 10 5 -6 -4 -4 -4 2 -4 0 6 14 -2 4 -6 3 1 0 4 1
0 -4 1 7 -6 4 4 -8 7 0 0 4 -4 0 0 -6 0 -2 2 4 4 0 0 -2 -6 -2 4 2 -1 4 2 4 6 0 0 4 -4 -5 -2 4 2 0 8 -6 -4 8 4 0 14 -3 2 2 -6 -8 2 2 -4 2 0 2 2 -2 1 -2 -8 -6 -4 10 0 4 3 8 -4 4 6 -4 0 -3 0 -8 7 0 0 0 2 4 -2 -6 4 0 -2 -1 1 9 4 1 0 4 1 2 -10 16 8 -2 0 0 -2 0 8 -4 -2 -3 -2 2 -4 2 2 4 -4 0 4 4 8 2 0 6 2 -1 0 5 -5 -6 -3 -4 1 2 2 -8 6 -8 2 0 0 0 9 -4 2 0 66 0 -2 -4 0 -2 2 3 -8 -4 -6 -2 -2 -6 0 0 1 0 2 -4 -1 -4 4 2 0 -2 -2 8 -2 0 1 4 -4 0 0 2 6 -1 0 2 4 1 4 6 -4 -4 4 4 0 4 -1 0 0 4 0 6 2 0 5 0 5 0
-1 -4 1 -2 2 4 6 2 2 3 0 6 7 -4 0 -6 -2 0 -2 0 5 -6 2 0 5 0 4 -2 6 0 0 -5 -1 1 6 -2 0 0 -4 -4 -2 2 4 -3 0 0 0 -2 6 0 2 0 -5 10 4 0 -2 0 2 -3 -6 3 -4 0 0 0 2 2 5 0 -2 0 -6 2 0 0 6 2 0 -2 1 1 0 4 2 0 0 2 -8 -2 2 7 -1 4 -4 0 1 7 -8 6 11 0 1 10 -2 0 0 -4 -6 1 -1 2 1 3 1 0 -4 2 0 -3 0 0 -3 -8 -6 -5 0 -2 0 1 2 0 2 3 6 0 -2 -2 -1 1 -4 8 10 4 -2 2 -2 2 0 45 0 2 2 -8 1 0 0 -1 -2 0 -3 0 0 0 7 0 6 -6 -1 4 -2 -1 6 2 -2 -4 1 0 2 0 0 -6 0 -1 0 0 0 6 -1 6 0 0 2 -3 0 4 -2 4 2 2 -8 3 -6 2 2 0 4 0 -4 0
-1 0 2 -2 -2 7 0 8 -6 0 0 -4 -1 7 2 6 6 -2 2 -2 5 0 5 3 2 -2 0 -4 0 -2 -4 3 2 0 5 2 -4 -3 -4 0 4 -2 0 6 0 -2 6 2 4 4 1 0 4 -2 -1 -4 0 -4 -4 0 -6 8 2 1 0 -2 -2 0 0 -2 1 -2 -2 0 0 3 0 -2 0 2 5 3 -2 -7 -1 -6 -8 4 4 -1 -3 -3 0 0 0 -2 -3 -2 4 5 3 -4 -2 0 0 2 0 7 0 -8 -6 -4 0 5 0 0 -1 2 -2 0 2 0 2 0 4 0 3 4 3 4 0 -4 0 2 -4 -2 -5 2 -2 6 4 -1 3 -5 0 2 2 0 -2 0 45 0 2 7 2 -5 5 0 0 -2 0 0 6 6 0 -2 0 -2 1 2 0 0 -4 9 2 -2 -8 2 -1 4 1 -4 2 4 -13 -2 4 -4 0 6 6 0 2 0 4 1 4 -1 4 5 0 -4 0 0 0 4 4 2 3 -2
1 -4 0 4 -4 1 4 -3 5 0 -4 2 0 -1 -2 -2 -2 0 0 0 4 0 1 0 10 2 0 4 6 0 1 4 0 4 4 6 0 2 0 -2 0 2 4 0 0 -4 0 -6 5 -3 4 4 2 0 4 -4 -1 0 0 -3 -6 0 0 0 -1 4 1 -6 -2 0 -2 0 -2 0 -4 0 -2 2 0 0 2 1 0 0 2 0 0 0 2 0 2 2 0 0 0 0 0 -2 6 1 2 -2 0 -1 -4 0 -2 -1 2 2 1 0 0 -1 0 0 0 1 2 0 -2 -4 4 -1 1 -1 0 0 2 -1 -1 4 -3 0 0 4 0 0 -2 0 -2 -4 0 1 -4 4 4 0 -4 2 0 32 1 -2 0 0 -4 4 0 0 -4 -3 0 2 0 1 4 -4 -4 -2 1 -2 0 0 0 0 4 6 0 -2 0 0 0 2 -2 0 0 0 2 0 4 4 0 1 0 -8 0 0 2 -4 -5 1 -2 4 -3 2 0 4 0 0
-1 0 0 0 -3 2 0 -2 0 0 4 2 2 0 0 -3 2 0 -3 0 7 0 4 -2 -4 1 0 -1 4 -1 4 0 -2 2 4 1 2 4 1 3 0 0 0 4 2 0 0 6 1 -1 0 2 4 0 2 0 1 0 4 -4 0 1 0 0 1 0 0 1 0 0 0 4 1 3 1 0 0 0 0 2 0 5 0 -2 4 1 0 2 -4 -4 0 -5 0 -6 2 -4 0 -2 2 10 2 1 4 0 -1 -2 2 0 -6 0 -2 -2 4 -2 0 -2 -2 4 -2 -1 2 0 0 0 5 -5 -2 2 1 2 -5 0 0 0 4 -10 -4 -8 -4 4 0 0 -2 0 -4 1 2 0 0 2 2 1 27 0 0 -4 0 2 -4 2 -6 -2 2 0 0 0 9 0 -1 -6 0 -2 4 2 -4 2 2 0 0 0 0 0 -2 2 -4 0 -2 -3 -2 0 0 -1 1 -2 6 0 0 -1 2 0 0 -1 -4 0 0 -2 3 2 -2 0
-1 2 0 2 0 -4 0 1 0 1 0 0 4 6 0 6 2 -4 9 2 8 -2 3 -2 0 -1 2 -2 4 -2 -2 6 -5 0 6 0 4 -5 -4 2 2 0 -10 0 0 4 0 4 2 0 4 0 4 6 8 -2 -4 2 2 8 3 4 9 -4 -4 6 2 0 0 0 6 -1 4 -1 2 3 2 0 2 -4 -6 1 -2 -6 -5 0 2 -4 0 0 -3 1 0 -2 -2 6 -8 4 -2 -1 -8 6 -2 0 2 -4 4 4 -2 5 -4 0 0 2 -4 0 5 0 -2 2 -4 0 4 0 2 0 0 -1 5 4 -2 -8 4 0 0 -2 -8 0 -2 8 2 1 4 -6 2 4 10 -2 -2 -8 7 -2 0 57 2 8 -2 6 1 -2 -4 -1 -6 -2 -4 8 -8 0 4 4 0 -6 -2 4 0 -2 -2 5 4 2 4 -4 -2 2 0 0 0 2 0 6 0 2 0 0 4 3 4 -2 4 0 2 -2 -1 0 -4 -1 -4 2 6 2
0 -1 0 4 -1 5 5 2 0 2 -1 -3 -2 0 -1 0 0 -2 2 3 3 0 0 0 -1 1 6 4 1 1 -2 0 8 -1 -1 2 -4 -2 0 2 -1 0 2 8 -2 4 -2 1 -2 -2 -2 0 -1 -2 2 -2 1 0 1 3 4 0 0 4 1 -1 -2 4 0 0 -1 -1 0 0 1 2 2 -1 2 -4 -1 -2 1 2 4 -2 1 0 2 0 0 -2 0 4 3 -3 -4 1 0 0 1 2 -2 0 0 0 1 -1 0 0 1 2 1 0 2 0 2 1 0 0 2 2 2 0 -2 0 2 -3 3 -4 4 2 -2 0 6 -2 1 2 2 0 0 0 0 -1 -2 4 -2 -2 2 1 2 0 0 2 29 1 0 -8 -4 1 -2 -1 2 0 -1 2 5 -2 1 4 0 0 2 4 -4 -2 1 4 3 0 -2 0 2 4 -2 0 0 1 -1 -1 3 -2 1 -4 -2 1 0 1 4 0 2 1 -1 0 -1 -4 2 0 5 0
-4 -2 2 2 -1 1 -3 0 -2 6 0 2 -5 -5 0 -2 0 -4 0 6 2 0 3 0 -8 4 4 -1 4 2 -5 -2 -2 0 -1 -2 -6 -7 4 -2 -7 1 4 5 -4 4 6 10 -1 3 0 0 0 0 2 2 0 4 2 -1 0 2 2 -3 4 2 0 2 2 0 -1 -2 0 0 2 1 -8 7 -4 1 6 2 0 -2 2 2 -4 0 -4 -1 -4 6 6 -3 2 -1 -3 0 0 3 9 -1 2 4 2 9 0 -2 4 1 2 6 0 8 2 0 2 -2 4 1 5 -3 4 0 -6 6 -4 -1 2 -4 -4 2 -1 -1 6 -4 2 -6 2 -6 0 -2 4 1 1 -1 -2 -1 3 0 -5 0 -4 8 1 61 4 7 0 0 -1 0 -2 -6 -2 4 0 1 3 3 -3 2 1 -8 0 -5 -2 4 0 0 3 4 0 4 -3 0 0 4 1 6 0 0 0 0 -3 8 0 4 -1 2 3 6 3 0 -2 3 0 -2 -1 3
2 4 6 0 4 6 -2 2 0 0 1 -2 4 1 6 0 4 4 2 0 1 0 2 -4 -4 0 3 2 -6 -4 0 -2 0 -2 -4 0 0 4 4 0 0 0 -4 6 0 0 4 3 -5 2 8 -7 8 0 -2 2 2 -2 0 0 0 0 -2 0 -2 0 -4 0 0 -8 2 -2 0 2 0 2 0 -4 0 2 0 -2 2 -4 0 -2 -4 0 0 4 6 0 -1 4 1 -6 -2 -6 -2 -2 11 -4 0 4 4 1 0 -1 2 -4 0 2 4 0 -4 4 -1 -2 0 0 -3 -2 4 -2 4 -2 -2 0 -4 6 0 -4 -2 0 -2 -6 2 0 0 2 0 -2 5 4 1 0 -2 2 -8 0 5 -4 0 -2 0 4 45 6 0 5 6 0 0 -2 -2 0 1 -2 4 4 -4 0 4 2 -1 -6 -8 2 -3 -1 4 0 4 0 -4 0 -4 -2 4 5 -6 0 -4 4 0 0 5 -4 2 2 -1 0 -2 4 0 -2 0 0 6 0
2 2 4 0 2 -2 -6 -5 4 -2 2 8 0 -2 0 1 6 -4 -2 -8 2 4 -2 2 -2 6 -2 -3 0 -1 -5 6 -5 2 -4 0 0 10 0 -2 9 -6 2 0 -2 6 0 8 0 6 -3 -2 4 6 0 10 6 2 4 -4 -1 0 12 10 2 4 6 -2 4 -4 0 -6 0 -2 -12 0 -2 -3 0 -2 0 -8 2 2 8 4 -6 2 -4 -2 -2 0 4 -6 -6 0 0 -3 -4 2 8 8 -1 10 2 2 -4 -8 9 2 0 0 -2 4 -4 -2 4 2 3 -2 -3 4 0 -6 0 -4 0 0 0 2 0 0 2 1 -2 -4 4 0 0 2 -2 -4 -2 10 8 -2 0 8 -4 -1 0 4 2 6 -8 7 6 85 -2 0 4 2 6 -6 4 2 0 0 7 -2 5 -8 2 4 4 -7 -2 4 2 5 -4 -6 4 1 -6 -4 -4 6 4 6 -4 9 -2 3 -3 -2 6 -8 6 0 1 -2 9 -4 -4 6 -2 8 4 4
2 0 0 2 -4 2 0 7 -2 2 0 1 -2 6 -4 -2 -1 0 4 0 2 -6 5 0 0 2 2 -2 -4 -2 0 -6 -7 -4 0 0 2 0 0 2 -4 0 0 4 0 0 0 2 0 -2 0 0 -4 8 0 2 0 0 -2 1 0 -1 -4 4 0 0 0 -4 4 4 0 -5 -2 -4 0 6 2 -3 -2 0 2 7 0 -2 -2 -4 0 8 4 -4 -4 4 3 -6 0 4 0 0 0 -1 0 0 -2 0 2 0 0 0 -4 0 0 0 1 0 5 -4 -3 -8 3 -1 0 0 0 0 -1 -2 3 -3 -2 -2 4 6 0 -4 0 -2 -4 4 2 0 2 4 2 0 0 -4 0 4 -6 -2 0 0 -4 1 -4 0 0 -2 37 -4 4 0 -2 0 -4 2 -5 0 4 0 -8 4 0 -2 -2 1 -2 5 -2 6 0 4 4 0 -2 0 0 0 -2 -4 4 0 2 4 -7 0 0 -2 0 0 0 4 8 0 0 -2 1 2 0 -2
-2 -2 -2 4 8 -6 -4 -2 -5 -6 0 0 2 -4 0 -4 0 7 0 4 0 8 0 -11 -3 0 8 -2 0 7 4 4 4 -11 0 -2 0 0 2 4 -2 0 0 1 0 0 -1 1 -4 -8 4 -3 8 0 0 -2 0 -1 -4 -2 0 -4 5 -11 0 0 4 8 -4 1 7 -2 0 0 2 -4 -6 -1 0 3 -4 -2 2 4 0 2 -2 0 0 -4 8 0 2 2 0 -5 4 -2 -8 -4 4 0 0 0 6 1 8 -6 -2 2 6 0 3 6 -8 4 0 -1 0 4 -3 -10 0 6 -2 -2 -4 -2 0 4 -2 0 0 0 2 2 -3 0 -2 -4 1 -7 4 4 2 2 -6 12 -2 0 -2 0 2 -2 1 0 5 0 -4 61 -6 -4 0 -4 -4 -4 1 -9 -8 0 0 -2 0 -6 0 0 -2 -6 -1 -3 0 2 -2 2 2 0 -4 10 2 0 0 0 4 0 6 -2 7 -2 -4 0 14 4 2 2 -2 1 6 4 0 4
0 2 2 4 -6 -2 0 4 6 -5 0 -4 -1 0 6 6 4 -2 -2 -2 0 -4 -8 2 -5 5 -2 2 -5 0 4 -8 0 0 -6 2 0 11 2 0 0 0 -14 0 0 -2 0 -6 4 0 2 -6 -2 -2 -4 12 4 -4 0 -2 4 0 4 0 0 0 0 8 -3 4 1 -2 -4 -4 -2 4 -6 -4 -6 -6 4 6 0 -6 4 -2 0 -2 4 0 -1 0 2 0 0 -5 1 -2 2 0 3 0 4 9 2 -4 -8 -2 4 -4 -6 2 4 0 -7 0 -2 -8 0 2 4 0 -2 -4 0 0 0 -5 -4 3 4 2 -9 -3 0 2 1 3 7 10 -4 0 -1 4 -5 -5 -8 -2 -2 -3 0 -4 -6 -4 -2 -1 6 4 4 -6 78 -4 -2 0 -3 0 -4 3 11 -1 -3 0 4 0 4 0 -8 -1 2 6 1 2 8 5 4 4 8 -4 0 0 2 4 -3 -4 -4 -5 4 -6 3 0 2 -2 4 2 -2 2 4 -2 1 2
2 2 0 0 -2 -1 0 0 0 4 2 -6 2 -1 8 -2 -2 0 -2 -1 -2 14 -2 2 0 0 4 2 8 0 -2 0 -10 -2 4 2 4 -2 -6 -4 4 0 4 -2 0 -2 0 2 -4 2 4 4 -2 0 2 0 4 0 -4 2 -6 -4 2 -1 4 1 -1 -12 3 0 -1 0 2 3 0 2 -6 1 4 0 3 -3 -2 4 -2 -6 0 0 4 -2 -6 0 -2 1 0 4 0 -2 -9 -14 -4 4 2 -6 0 0 -4 4 2 0 4 -2 -2 -3 4 -2 0 -1 4 0 0 0 -4 -5 -8 4 0 2 4 -3 2 7 0 0 2 0 -1 -6 0 8 4 -8 8 2 4 0 0 0 -6 0 0 -3 -2 -1 -1 0 0 2 0 -4 -4 56 -2 -2 2 6 -4 2 4 -4 -4 0 0 0 4 -4 0 3 4 -8 -6 0 0 2 -1 -5 0 0 4 -4 0 -6 -2 0 4 0 0 -2 -4 0 1 -2 2 0 -1 0 -6 0 -6 2
-4 6 0 0 2 -8 1 -4 11 -6 0 -4 -6 2 0 8 6 2 8 0 -2 0 3 2 4 -6 -2 -2 0 0 -6 12 -4 4 1 -6 -3 4 0 0 -1 0 0 0 0 0 2 2 0 -2 -3 2 -2 0 -6 -2 2 0 -8 -2 0 2 0 7 2 -2 0 -2 2 0 -4 5 0 4 0 0 4 -8 2 2 -2 0 0 -8 4 2 -4 6 -2 -4 -2 8 -2 0 0 0 2 4 2 4 4 -6 -12 0 -2 -2 0 0 10 0 5 4 -3 2 4 0 -3 9 0 0 2 14 1 0 -4 -2 4 4 2 4 0 6 1 2 4 0 2 -10 0 -2 0 -2 0 -2 6 4 6 -4 0 0 6 0 2 -6 2 -2 0 6 -2 0 -2 -2 66 10 4 -4 -2 2 -1 0 -2 -4 0 0 0 5 0 0 2 6 4 1 4 6 -4 -3 0 2 0 -4 -4 0 3 0 4 4 2 -4 0 0 0 2 -5 0 0 0 0 -1 4 0
0 2 2 2 2 4 0 -2 0 6 -2 0 2 -2 0 4 0 4 -4 0 -1 4 -2 4 -4 -8 0 -4 5 0 6 -2 0 5 0 1 -4 -2 0 0 4 2 -2 4 0 4 4 -17 -4 0 -2 0 -2 4 0 4 -1 0 -8 -4 -3 -2 0 -2 4 0 2 0 -6 1 -2 -6 -2 1 2 4 0 -4 -4 4 0 6 3 -4 0 -1 2 -4 0 -2 -6 2 4 0 -2 4 8 -3 14 4 9 -4 0 4 -2 -2 2 0 4 3 -4 6 4 0 -6 0 -6 0 0 0 7 0 4 0 2 1 0 0 0 2 4 2 0 0 0 -4 -1 0 0 0 0 0 0 -7 -2 0 4 0 0 0 6 2 0 -2 0 -6 -2 -6 0 -4 0 -2 10 66 -4 0 0 2 -6 2 -1 1 -2 -4 0 4 -2 0 4 6 3 -1 -3 5 8 2 6 2 -2 0 4 0 7 2 1 8 0 -2 -3 4 -6 -5 -3 6 2 4 -1 0 4 3
4 -2 0 0 -2 2 0 3 1 0 1 2 4 -4 -2 0 -2 -4 -2 -2 0 -2 -2 -2 4 -4 -2 -2 1 -6 -6 0 0 4 -2 3 0 -2 -2 -2 0 2 0 5 0 -1 -4 -5 0 4 -2 2 -4 0 0 2 0 1 -6 -6 -2 2 8 0 -3 2 1 -2 0 0 -2 0 0 4 0 0 4 0 0 -1 0 -8 2 2 0 6 0 -4 -4 -2 0 4 4 1 -2 -4 0 4 -1 -2 -3 5 -2 2 -1 1 -2 2 7 0 2 3 -3 -6 2 -2 0 2 6 -2 -4 0 -2 0 -6 -2 0 -4 0 -7 1 3 -4 1 3 -4 0 -2 -2 -4 -3 0 0 0 -2 -4 1 2 1 7 0 0 0 -4 -1 -2 -2 4 -4 -4 -3 2 4 -4 44 -3 0 -2 0 0 4 -2 2 8 0 -8 2 2 -2 -2 0 -2 0 0 4 2 0 2 5 6 0 1 0 -4 0 -2 10 6 1 0 0 4 -7 0 -6 -2 0 -1 4 -2
0 0 0 0 0 0 -2 0 -3 4 2 4 0 -4 0 0 2 2 0 -4 2 0 0 0 0 -4 4 -2 0 2 -1 2 -8 0 2 2 0 0 0 -4 2 0 1 3 0 0 0 4 2 2 3 0 0 2 4 -2 -1 2 -2 5 6 0 -2 -4 8 2 0 -4 0 0 2 0 2 0 -2 4 0 -2 -1 0 -4 -1 -2 0 0 0 0 1 4 0 0 0 -2 0 0 2 -4 0 2 3 2 4 6 0 -2 0 -4 4 0 0 0 0 -4 -2 -5 -1 -2 -2 4 -1 0 0 -3 -2 1 0 1 4 0 0 0 4 1 -2 0 -2 0 -2 0 0 0 1 0 4 6 4 2 -2 0 0 -2 1 0 8 2 4 0 2 2 -4 0 6 -4 0 -3 26 -1 0 2 4 0 0 0 4 0 -5 0 10 6 0 0 2 4 -4 -5 0 0 0 0 2 0 -3 0 1 3 -1 -4 0 4 0 0 2 4 0 0 0 1 0 2 0
-3 0 0 -1 1 2 0 6 2 0 -2 2 2 0 0 0 0 0 -4 0 5 0 2 2 -4 3 -1 10 8 -2 2 0 0 0 -1 0 0 4 0 0 0 3 8 4 0 2 0 -2 6 0 -2 -1 1 -3 6 -2 6 4 0 0 -9 0 -6 0 0 -4 -2 0 2 0 4 2 -1 4 0 0 3 -2 2 1 4 5 0 0 0 0 0 0 -4 2 4 -2 -2 0 -2 -2 0 -4 2 9 8 0 0 0 -2 -1 3 2 -2 -2 3 0 2 -6 1 -1 -2 2 2 -2 1 -3 -1 -2 4 -2 4 0 -2 -4 -2 5 -4 4 -4 -4 2 1 -4 6 0 -4 -1 1 -4 1 -5 4 2 6 0 4 9 -8 5 0 1 0 -5 1 -4 -4 -2 0 0 -1 33 -2 0 0 4 3 -1 3 0 -1 -2 -2 -2 1 -4 -4 0 -2 -2 2 0 0 -2 0 0 1 4 -2 -1 4 2 0 4 0 -4 1 -4 6 -2 4 4 6 -2 -2
2 3 0 2 -4 -4 6 2 2 -5 5 2 -3 0 0 4 -1 0 2 -5 -1 -2 0 3 1 0 -2 2 2 -4 1 4 -3 5 4 0 0 -2 4 2 4 -4 -4 1 0 -2 0 10 -3 -2 0 4 -6 0 -6 4 0 0 2 0 0 -6 -4 -2 0 0 0 -2 3 0 -6 -4 0 0 0 6 0 1 4 -6 0 9 0 2 4 1 0 0 -2 2 -6 2 -2 -4 -2 -2 1 5 6 1 1 0 1 -6 -6 -2 0 4 6 0 -5 3 -7 0 -3 0 0 0 0 3 0 14 -2 -8 4 0 2 3 0 -2 4 0 4 1 -2 2 -3 0 -2 -1 6 -2 -8 1 2 -4 0 -8 -4 -6 -2 -4 0 0 -2 1 -2 0 0 -9 3 2 2 2 -2 0 -2 52 5 -2 0 0 0 -2 2 0 0 0 5 -4 6 -2 4 -2 0 -2 0 0 -11 -4 2 2 0 2 -2 4 -6 -8 0 -2 -1 1 10 0 0 4 -3 -1 4 4
2 2 1 0 -1 -2 0 2 -2 -2 1 0 2 6 0 4 1 -2 0 4 4 -2 4 -4 2 3 2 4 -7 0 -3 0 -4 0 -6 -4 2 3 -2 -3 3 0 -4 0 2 -2 0 2 0 -4 0 0 -5 -2 -2 0 4 1 2 3 6 0 0 2 0 4 -2 -6 -6 5 -6 0 1 0 -2 4 -5 3 0 -6 -1 0 0 2 6 -2 2 2 0 1 2 0 0 0 1 -2 -4 -4 -6 0 0 2 -3 -4 0 0 -5 0 0 0 -4 4 0 3 -2 -2 0 -4 2 -4 1 4 -2 -6 2 2 0 1 1 0 0 4 1 -4 1 -2 -3 -2 -1 -7 0 0 -14 1 -3 -1 1 -2 -1 -1 1 -4 -1 4 1 3 4 7 4 -8 11 4 -1 -6 0 2 0 5 42 2 0 0 0 2 4 -2 -6 0 -1 -2 1 4 5 1 0 3 6 -1 -2 0 6 1 -4 -1 0 2 3 -1 2 0 0 -2 10 0 -4 -3 3 3 0 0
0 0 2 -4 -1 0 0 -4 -2 0 -4 0 -1 0 -2 0 2 0 -4 0 -8 -2 -3 -2 2 1 0 2 -2 -6 0 0 0 2 -2 0 2 2 4 -6 0 0 -2 -2 2 0 -1 3 0 -1 -4 0 4 4 0 0 -2 2 2 6 8 0 -4 0 0 0 0 -3 0 -8 -1 -8 2 0 -4 -1 -2 0 0 2 2 -2 0 -4 -8 -2 0 2 0 2 2 4 -2 4 -1 -9 -4 0 2 2 0 -4 -2 0 -2 4 0 -4 -6 0 -2 -2 2 5 2 5 -2 -2 2 -4 4 1 0 0 -4 3 0 0 -2 4 -4 0 -6 0 -2 4 0 3 0 -1 4 5 4 0 2 1 4 0 -4 4 2 -2 -6 4 4 3 4 -2 0 0 -1 -4 0 2 0 4 0 -2 2 46 -1 -2 3 4 -4 0 -2 0 2 11 -4 -4 2 -2 0 4 4 0 0 4 -4 0 3 0 -6 4 0 2 -2 3 -5 5 -2 0 0 -2 -2 0 -2 -7
2 0 -6 2 -5 -2 -2 -8 1 -1 0 2 0 -4 -8 5 0 0 0 0 4 -2 2 0 0 2 -2 3 0 0 3 4 4 0 1 -2 1 -4 0 0 4 0 4 0 -4 -4 -2 0 2 -3 -6 -2 -1 -8 0 0 7 4 0 -2 0 -1 1 -4 1 -1 0 -4 -2 0 1 0 0 1 2 -2 -2 -1 -6 4 -6 -6 -4 0 2 0 -1 -4 0 2 4 -3 1 10 -2 -2 1 -2 2 2 0 -2 0 -2 -3 2 0 -1 6 -1 1 2 -2 0 6 0 0 -1 -6 0 -1 0 1 6 0 3 -3 1 0 0 -6 0 1 1 0 0 1 5 5 2 -4 0 -8 -4 6 0 0 4 4 -2 0 1 0 0 0 -3 -4 5 -8 0 -3 -4 -2 -1 4 0 4 0 0 -1 42 -2 -2 4 0 -7 0 6 -2 2 -2 1 0 -5 0 -3 4 -1 3 1 1 1 -5 2 1 0 -4 6 3 -2 -2 3 1 5 2 0 0 4 0 0
-1 0 0 -4 1 -2 -2 0 0 2 -1 0 1 0 5 0 4 0 -1 2 5 4 -1 0 0 -2 0 2 2 2 -5 -4 8 -4 -4 -1 0 -5 0 -2 -4 6 4 -2 2 4 0 4 0 2 1 5 0 -6 4 0 2 0 2 3 -6 1 -10 2 -4 -4 -6 4 -2 0 0 0 1 3 0 4 0 2 -2 0 2 -1 0 2 4 -4 4 0 0 0 -3 -1 4 6 -1 2 0 -2 2 -1 0 -1 2 2 0 7 -4 0 2 2 -4 0 -2 -2 -4 0 2 -4 -2 2 2 -8 6 0 0 5 2 0 0 0 0 2 -2 -4 -2 5 3 6 0 -2 4 0 2 4 0 -6 1 2 2 -1 0 -2 -2 -6 0 2 0 -8 4 -2 0 0 -4 1 -2 0 3 0 0 -2 -2 36 2 -2 0 -4 -2 0 -8 -2 2 1 -1 -6 -1 -2 0 -2 3 -3 6 1 2 0 -4 0 0 -6 0 0 0 4 -1 7 2 0 -1 2 -2 -6
4 0 0 2 0 0 2 -1 4 0 0 0 4 4 9 0 0 0 4 5 -4 0 1 -2 4 2 0 0 0 4 2 -2 4 0 -6 4 -4 -4 4 -2 0 2 2 2 -4 -3 2 4 0 4 1 0 1 4 0 0 -2 4 1 0 -4 0 0 0 -4 2 -4 6 4 2 -4 -2 4 4 -4 4 4 2 -2 -2 4 2 0 1 -4 0 0 0 0 -6 0 8 -4 4 4 -1 0 2 -2 -1 6 0 4 10 -2 2 -1 -10 -4 10 0 -4 4 -5 4 4 -4 0 0 3 8 -5 0 2 2 1 0 0 8 4 -3 4 0 -1 4 4 2 2 4 4 -4 -1 1 -2 0 1 -2 0 0 6 -4 0 4 -2 2 1 4 2 0 0 4 0 0 -2 2 0 -1 0 0 3 -2 2 44 -2 0 2 -2 -8 -2 4 2 0 4 -2 0 0 0 2 2 -6 -2 0 -2 -1 0 -4 0 2 3 0 1 -2 4 4 0 -4 2 0 4 5
7 0 4 -6 0 10 0 2 4 10 0 -4 7 0 -2 -2 0 4 2 -8 3 0 0 6 0 -5 1 -6 0 -2 -4 4 4 2 2 -4 6 -2 0 4 2 -4 0 -4 -2 0 0 -4 -4 -2 0 -1 -4 0 0 0 -2 4 -4 4 6 4 4 -4 0 0 4 -4 6 6 4 2 0 0 0 0 2 4 -2 0 0 3 0 -4 8 -4 -4 4 6 6 8 -6 -3 2 2 2 -3 5 0 6 -4 -2 -2 0 0 -4 0 2 12 0 0 -5 2 -2 0 -4 6 0 8 -2 -4 2 0 0 -2 -2 0 12 0 6 0 1 3 2 -4 -2 14 -4 0 4 0 -4 -5 4 0 0 -2 10 -2 2 9 0 2 4 4 -8 2 4 -2 -6 0 0 0 -4 8 4 3 -2 2 4 4 -2 -2 71 4 4 -6 4 3 4 -4 -2 1 0 -2 6 0 -4 -4 0 4 0 -4 -4 0 2 2 0 4 1 -8 8 0 2 -2 6 0 -2 8 1
2 0 9 -3 6 -2 -4 8 -2 0 2 0 -2 1 -2 2 -5 4 0 -6 -4 4 -4 4 0 0 4 2 0 -6 -8 12 10 -2 -4 -4 0 -4 -3 -14 8 4 2 -9 0 0 4 -6 0 -1 0 -2 2 0 0 4 0 0 0 0 4 0 12 4 4 0 0 -5 -1 4 0 8 4 -3 -4 0 0 0 -1 0 4 -6 0 -2 0 0 0 4 0 -4 -2 6 -2 0 3 8 -2 -10 -4 4 1 -2 0 1 -6 -2 2 -2 0 6 0 6 -5 0 0 0 2 0 2 0 0 8 -2 -2 2 0 -2 5 2 0 -2 0 -4 2 -4 0 2 0 0 2 -4 -8 -4 4 0 2 -2 -4 -2 -2 2 0 -4 0 -4 0 -1 4 -2 0 4 4 0 0 0 0 0 2 4 -4 0 0 0 4 52 8 -2 2 -3 -8 -4 4 2 0 -6 4 4 -8 2 -3 2 0 -4 0 0 0 0 0 0 0 1 4 2 4 0 10 2 4 -2 4
4 0 2 -6 -6 2 0 -4 -3 -8 3 -11 0 8 6 1 2 1 0 -4 0 4 -9 0 -2 -4 -2 3 4 0 4 9 2 1 -1 2 -3 0 -4 7 6 -2 6 0 0 8 5 4 4 -4 1 0 -3 6 -2 0 -4 6 0 2 -2 -4 6 2 2 -4 -9 6 7 -2 -2 8 1 0 8 4 8 -1 3 0 4 5 2 4 4 0 -3 -1 0 -2 -2 10 4 8 3 3 -2 -2 -1 4 -6 -2 0 0 -2 -1 10 -15 0 1 -10 0 3 0 0 1 -2 10 -2 -4 -4 16 -10 0 0 -3 8 4 -4 8 -2 -4 -7 -1 -8 -2 10 -6 9 -2 -4 -1 -14 -1 0 0 4 -8 8 -4 -2 0 2 -2 -2 -5 -6 -7 1 0 0 -4 5 4 -8 -5 -1 0 -2 0 -7 -4 2 4 8 97 -1 -10 8 0 -2 2 -6 -4 9 2 0 0 -10 -3 2 7 2 8 -4 0 -4 4 4 0 -6 4 -3 16 6 0 0 -1 -8 2
0 0 0 0 0 2 0 6 6 1 0 0 -5 0 -4 -2 -8 -4 0 0 -5 0 0 8 10 6 -6 -3 4 6 4 0 0 2 4 0 1 1 3 3 0 0 2 -4 0 -4 -1 0 1 2 -3 4 -10 -2 0 6 0 0 0 -2 4 -5 0 2 0 4 3 1 0 0 -6 0 -4 2 0 1 0 8 1 2 -10 0 0 2 -2 1 -1 -6 0 0 -4 -1 1 -2 -2 1 -2 5 0 -2 -2 0 -6 2 0 4 -3 -7 -4 1 0 -2 1 -2 0 0 6 0 0 0 -3 0 4 0 2 1 1 0 -1 -8 4 -2 0 4 8 3 0 -2 1 -4 0 0 0 2 0 1 4 -1 -2 1 -8 4 2 -2 1 -2 -8 -2 -2 -2 -8 0 0 -2 2 0 -2 0 -6 -2 0 -2 -2 -6 -2 -1 41 0 0 2 0 0 -4 -2 -1 0 -2 0 0 3 0 4 1 0 4 -5 -4 -2 0 -8 2 -2 -2 -2 -3 4 -5 -4 2 0
0 0 5 3 0 0 0 2 4 4 2 0 0 0 -2 4 3 0 0 0 10 -12 1 0 2 0 2 0 0 -4 -2 -2 -6 0 0 2 0 0 0 1 -4 0 -2 0 -2 0 -2 2 0 0 0 2 2 2 4 12 4 0 -1 6 4 0 0 3 4 -2 2 -10 2 0 0 -8 -6 0 4 0 2 4 0 4 -10 -4 -2 -2 4 -2 -2 4 -2 0 0 0 2 1 -2 0 -4 -4 1 -4 8 1 4 -4 4 2 -4 4 8 2 4 4 4 -2 4 0 5 8 3 -4 -6 2 -1 -2 0 -2 -6 -2 0 0 -4 4 4 0 -2 -4 -2 2 -6 0 2 0 8 0 -2 5 4 -2 0 0 2 6 0 5 4 4 2 4 5 -6 -1 3 0 0 2 10 -2 0 0 0 6 0 -8 4 2 -10 0 57 -2 2 -1 4 0 4 -6 -1 2 0 2 -4 -4 0 -4 4 2 1 -2 -2 4 -1 0 -4 0 0 0 4 0 4 2 -2
2 -1 1 -2 -2 -4 -9 4 1 4 0 0 -2 -4 -4 4 5 -5 6 -4 3 6 0 4 1 -1 -4 -5 6 2 -2 0 -2 0 12 4 0 6 -8 4 0 -6 6 -2 6 2 0 -2 -1 3 -1 0 -7 4 0 -2 3 0 0 0 2 -11 2 6 9 0 -2 0 5 2 0 7 -1 -2 2 5 0 -1 5 0 6 -3 3 8 4 -2 -4 0 6 0 -4 -2 3 -2 -1 4 1 6 0 2 0 4 -5 5 -2 -4 0 -3 -1 -6 -2 2 1 7 1 0 0 4 -4 3 -2 10 -4 2 -2 -2 2 1 -1 4 0 -3 4 5 -1 0 -5 -10 0 1 4 -8 -2 12 7 1 3 6 1 2 -1 0 0 4 3 0 -3 2 -2 -1 2 4 2 4 -2 6 -2 5 -1 2 -2 -8 -2 3 -3 8 0 -2 70 0 2 4 -7 0 -9 5 0 -3 -9 4 2 0 1 0 0 -1 0 -6 -2 5 2 2 0 0 4 1 -2 -2 7 1
-1 -2 2 2 -2 0 -4 0 2 4 0 0 -4 0 0 2 6 0 -2 -2 0 -14 2 -4 0 6 -8 0 8 -4 4 -4 -6 2 -2 0 4 10 4 6 -7 0 -6 2 -2 0 2 -4 4 -4 1 -1 2 4 4 6 0 -4 -4 0 -1 4 -4 4 4 0 12 6 4 -2 -4 -8 0 -1 -4 0 2 2 -2 2 2 -6 -2 -4 -9 -8 -8 0 -4 0 -4 6 -2 0 -6 -4 2 1 2 2 0 0 -3 6 2 1 3 -6 0 4 -6 2 8 -2 0 4 2 2 2 0 5 0 6 2 -4 0 4 -2 -2 4 0 2 -2 2 -2 2 -4 2 0 2 4 4 2 0 8 -2 4 0 4 0 4 -2 0 2 0 0 -1 5 6 -3 6 -8 6 6 -2 0 1 -4 -2 11 2 -2 4 4 -8 0 2 2 0 60 -2 2 0 7 4 0 4 0 -6 2 0 0 4 0 2 0 -4 1 0 -1 -1 -2 2 -2 -2 -2 2 2 6 -4
2 0 4 2 4 0 -4 -3 8 -4 0 -4 2 5 0 4 -1 -2 2 8 2 -2 4 0 2 -2 0 -4 -4 2 4 4 0 0 -2 1 -2 -6 0 0 2 0 -8 9 0 -2 3 1 -6 4 2 0 0 -2 -8 0 0 1 3 -4 -3 0 0 3 0 -2 0 1 2 0 -1 4 -2 0 0 6 3 1 -4 4 0 -4 1 -4 0 -2 -2 -4 -4 -1 -2 2 -2 -2 2 0 0 0 -2 0 9 0 2 -2 2 0 1 2 0 4 0 4 0 5 -6 -1 -4 0 2 4 1 -4 6 0 6 2 -4 0 0 0 0 0 4 0 -2 2 -2 0 0 4 0 -1 6 -4 -2 1 0 6 -4 0 1 0 0 4 -2 3 4 -4 0 0 1 -6 4 3 0 0 -4 6 1 -4 -2 2 2 -4 -4 -2 0 -1 2 -2 43 0 3 2 -7 -4 0 -4 -4 -2 -4 -1 -1 -6 -1 -1 -1 -2 2 4 2 0 2 4 -4 -1 7 0 4 7
0 -2 4 -4 0 0 -7 0 -3 2 0 0 0 -2 0 -2 0 0 0 -4 -4 0 2 -6 -4 -2 -1 0 -6 0 0 -10 -4 8 -4 0 -4 6 4 -2 -4 2 0 -6 0 -2 -6 0 -2 0 0 0 -1 -4 0 -1 4 0 -2 -4 4 6 0 2 2 4 4 -2 2 4 0 10 0 -3 0 -8 2 -2 -2 0 -2 -9 0 2 2 0 1 -2 4 2 0 3 3 2 2 -6 -1 0 -2 -4 4 2 0 -9 3 6 2 6 2 0 0 8 8 0 2 0 5 -4 4 4 6 4 -1 -2 2 1 3 0 6 0 -4 4 -3 0 0 0 2 1 6 -2 0 0 -2 -2 4 -2 -2 6 0 -6 -4 0 0 -4 0 4 0 -6 4 2 2 0 1 -1 -2 2 -4 -2 4 -4 1 1 0 -2 4 2 0 4 4 2 0 52 -1 2 0 0 2 4 1 -2 2 -2 0 -4 4 -5 -4 2 4 -2 0 -4 3 0 0 0 -5 -3 2 6
4 0 -2 6 0 2 1 6 0 1 0 4 -2 0 4 -4 0 0 -5 0 0 -2 -2 0 2 4 1 3 0 -5 6 2 -2 -2 0 0 0 -2 0 0 0 -6 -4 6 -6 0 2 -1 0 -2 -2 1 0 0 0 6 4 0 0 2 0 -2 -4 -4 0 0 0 -6 0 -2 -2 -3 4 0 -8 4 -5 -3 -2 4 0 1 0 -4 4 -2 -4 2 2 1 0 0 -7 4 0 -2 5 3 2 -2 -6 2 4 -6 0 -2 -1 2 6 -3 -4 5 -2 1 -1 4 -2 0 2 0 -1 12 0 -1 3 -5 -1 0 0 -4 2 4 -1 -4 0 -2 0 0 0 0 2 6 0 0 7 3 2 -4 0 0 2 0 -2 -2 2 0 4 4 4 -2 8 0 4 -3 0 4 0 4 5 2 0 -1 4 1 2 -6 -4 0 -7 0 3 -1 44 6 -6 -4 6 2 0 -4 4 0 0 2 -4 -4 3 0 -2 0 2 4 9 -2 0 3 6 0 2 2
0 0 8 0 -2 4 -2 4 2 -8 2 -3 -2 6 -2 0 -1 -2 -9 0 4 2 -1 1 -4 5 2 0 -2 1 0 0 1 0 0 0 -2 4 -1 4 0 -4 -2 0 -6 -1 4 -3 0 -4 -2 0 -2 -4 0 4 2 -4 0 -1 2 -2 2 0 2 2 4 -5 1 0 -3 -2 0 -6 -2 0 -4 2 -2 0 8 -2 0 -3 2 -1 -4 -4 -4 0 -8 2 -12 -4 1 -4 -4 6 4 -4 0 -1 4 -1 0 -4 -2 -8 0 -4 0 2 2 4 -1 0 -4 4 3 1 6 -4 -2 0 0 2 0 -4 1 -4 0 4 -2 2 -4 -4 -4 -1 -1 2 0 0 0 -6 -2 -1 0 3 2 -1 4 2 2 2 4 4 0 1 0 2 5 2 6 5 0 -4 -2 -2 1 -2 -5 -6 -2 0 0 -4 -2 4 0 7 2 2 6 56 -4 0 1 0 -6 2 3 -2 -3 0 5 4 2 0 1 1 8 -1 0 2 -2 2 2 1 4 2
0 0 4 0 -2 -2 8 -7 4 1 0 10 1 1 -4 0 -4 0 -2 3 4 0 -2 -7 -2 -4 -3 0 8 0 9 -6 0 2 -6 -8 1 0 0 0 0 0 -8 -2 0 0 -3 -4 4 -10 0 0 0 6 2 2 -2 0 0 0 8 0 0 1 -2 -3 0 -1 4 -2 0 0 -1 0 8 -8 2 2 4 -6 -1 -4 0 4 -2 14 0 -1 0 -3 2 0 5 4 2 0 0 -2 -2 -2 -9 2 -2 0 2 0 4 1 4 4 0 -2 3 -6 0 -1 10 1 6 0 -2 -6 3 5 -1 -1 1 -2 1 -4 0 -1 -4 0 6 -7 1 0 0 -8 0 5 -2 0 -8 0 -1 -14 6 0 -13 -2 -4 0 -2 -3 -4 -6 -2 2 4 -1 -4 8 4 -5 -2 0 0 0 0 -1 0 -2 -6 9 -1 -6 -9 4 -7 0 -6 -4 68 -4 0 13 2 -10 -2 2 -10 -2 -4 -5 4 2 0 0 -4 -4 2 -1 -2 -2 -4 -4 1 -2
-4 0 -4 1 4 -2 -4 0 4 2 0 0 2 0 4 -2 -8 8 2 -2 -4 0 2 -2 -4 3 -4 -6 2 -4 -2 -2 8 2 0 4 0 2 0 0 -1 8 -4 -4 -2 0 -4 -12 2 9 4 0 -4 6 -4 -4 -4 2 -2 -2 4 -4 2 -1 0 0 0 0 -1 4 0 -2 -10 0 4 5 6 5 0 -13 1 -4 0 -4 -2 0 4 -2 0 6 6 0 -1 -3 0 -2 2 0 -3 4 0 4 4 2 0 -6 -4 0 -2 4 -4 4 0 0 5 4 -6 0 2 2 -2 -8 -5 -4 0 0 -3 -2 -2 4 5 -2 0 0 0 -10 3 -2 3 4 0 -4 -10 -4 -5 -6 -6 0 -1 0 -2 0 0 0 0 0 0 -4 0 0 4 -5 -3 2 2 0 2 -2 3 4 -3 -2 0 6 4 2 0 -1 5 0 -4 0 -4 0 -4 53 0 4 -4 3 4 0 3 -4 -3 2 4 -4 0 2 -2 0 -8 -2 0 6 0 0 2 0
0 0 0 -2 0 0 0 0 0 6 0 0 0 0 -4 4 0 -4 0 0 0 0 -2 0 -4 0 0 2 2 0 0 0 2 -2 -2 4 0 0 -2 -2 0 0 0 0 -4 -1 4 -2 -4 0 0 0 4 0 0 4 0 -4 0 0 0 4 0 -4 4 2 0 -8 -4 8 0 -4 0 -2 -2 0 0 0 0 0 6 8 -2 1 0 -2 -4 0 0 -4 0 0 0 8 0 0 0 0 0 4 0 3 0 -2 0 4 0 4 2 0 -4 4 0 2 -5 0 0 0 0 0 2 8 0 0 6 0 0 -4 0 0 0 4 0 0 4 0 -2 0 0 0 -4 0 -2 -2 -4 2 4 -2 0 0 4 0 -2 0 0 0 -4 -4 0 -4 8 0 0 6 0 0 0 0 6 4 4 0 0 0 4 0 -2 2 0 4 0 2 6 1 0 0 29 0 0 4 1 0 -2 0 -4 0 -4 3 -2 0 0 0 2 0 0 0 2 0 0 0
0 0 0 4 8 -2 8 -1 6 3 4 15 4 0 0 -6 0 4 0 2 -6 2 4 2 2 -5 -4 -4 1 3 6 -4 3 0 0 0 -6 6 0 8 2 -2 -8 -4 -2 2 -4 -3 6 -4 0 0 0 0 -4 -4 -5 2 -4 2 10 0 1 -2 -1 4 2 0 8 0 2 -2 -3 -2 -2 -2 0 -2 2 -6 -2 -8 2 -3 0 4 -5 -8 0 -2 0 -2 4 4 -4 4 2 2 0 -4 -2 -2 -1 0 -4 -1 0 5 2 2 0 -2 0 0 -2 4 0 -3 -4 1 -2 -4 4 -5 -2 0 4 -7 -1 -6 -4 8 2 0 10 0 3 -8 0 -2 -2 2 0 -1 0 0 0 4 2 6 -4 0 -3 2 1 4 -2 6 0 10 -4 0 2 2 2 0 0 0 -1 0 -1 -2 2 -4 -8 0 0 0 -3 0 -4 4 2 0 13 4 0 56 -6 1 -1 -1 -2 0 -8 4 4 3 6 0 -2 -5 0 -3 -3 -2 8 -2 -2 0
1 0 0 2 -1 -1 -2 2 -2 0 0 4 0 -4 2 -2 0 -3 2 6 0 2 0 -2 4 0 0 0 -4 2 -8 -4 5 3 2 2 0 -4 0 -6 2 3 8 0 0 0 0 -6 0 0 2 0 4 0 8 -2 -1 0 2 4 -5 0 4 -2 -1 0 -1 0 -4 0 4 0 0 -5 0 0 1 -2 0 1 0 -7 0 4 -1 2 2 -2 4 -5 6 4 3 2 6 2 -3 0 0 1 2 1 4 0 0 4 -2 -2 3 4 1 -6 -2 -1 0 -4 0 -2 0 -1 0 0 -2 2 0 2 -10 0 2 0 2 0 -4 -6 -2 4 4 6 2 4 0 -4 3 2 2 2 -1 -3 4 -1 0 2 -2 0 -1 1 4 4 -2 2 0 4 0 -2 5 0 -2 -11 -2 0 3 3 2 -4 2 -10 0 2 -9 -6 -4 1 0 -6 2 -4 0 -6 46 3 0 2 -4 0 2 1 6 0 -2 0 1 -1 2 4 -2 -4 -2 -1 2 -7
2 -2 0 -3 0 8 -5 2 3 -5 1 0 2 -1 -5 4 -4 -5 0 2 0 10 2 -2 8 2 -1 2 0 -3 -4 -5 -4 3 -4 2 -2 7 0 1 -1 0 2 2 0 0 4 2 -3 0 5 0 0 -3 4 -4 8 -2 -2 -5 0 7 -7 -8 3 2 -2 6 0 0 4 -4 -8 -2 -2 0 -4 2 0 0 -1 -2 -2 0 2 0 -9 -2 -2 -1 -2 0 0 0 -1 -1 1 -2 0 2 3 2 0 10 0 9 0 -4 -9 0 -8 0 -6 -1 -8 2 -4 -2 0 0 4 4 -2 4 0 0 2 -3 1 8 -3 0 -2 2 0 0 -3 0 4 1 -2 -2 2 1 4 0 2 4 1 6 6 0 0 6 -1 6 5 6 -4 0 0 -4 -4 0 6 2 0 -4 0 4 1 -3 -6 0 -3 -3 3 -4 4 2 -2 -2 -4 2 -10 3 4 1 3 69 1 8 -1 -4 2 10 0 0 4 0 1 2 -2 -1 3 1 -2 1 0 0
0 -4 0 -6 -8 -1 4 0 -4 7 2 -4 -2 8 0 -4 -2 2 1 -4 2 6 0 0 2 0 0 2 4 0 6 -6 -4 1 4 -2 -4 0 0 0 0 0 0 -2 0 -3 2 0 4 -2 2 4 -4 -2 4 -4 7 0 0 -2 0 0 7 0 -3 2 2 0 -2 4 0 0 -4 4 0 0 -2 0 2 4 4 8 4 -1 4 -4 3 0 4 0 0 -4 6 10 0 -2 0 0 6 2 -3 1 0 -6 -4 -4 -4 4 0 4 -4 0 0 0 -3 0 0 -4 0 5 0 4 4 4 0 0 -2 1 0 -2 4 6 0 -2 10 7 -2 0 0 6 0 0 -10 -2 0 0 2 0 4 0 6 4 0 0 3 0 -6 -4 4 0 2 0 -4 4 0 0 0 2 6 -4 1 6 -2 4 2 2 0 -4 2 0 -4 2 4 3 -2 4 1 -1 0 1 56 -4 7 -6 0 0 4 -7 0 0 -2 0 0 1 0 -2 0 4 0 2
0 1 2 0 -1 2 0 2 3 0 0 0 -5 0 0 2 -5 -6 2 0 4 4 -3 6 6 0 -2 -1 6 4 -2 4 2 2 -7 3 4 2 0 2 4 -4 4 -1 0 4 0 -2 0 2 -2 0 -1 2 -2 2 0 3 -1 2 -6 0 -2 0 -6 -3 -6 0 0 0 0 0 -5 0 4 -2 0 0 0 -2 -4 3 0 2 4 4 -2 0 0 0 2 0 2 -4 -1 4 0 -2 0 -1 0 1 -5 6 -2 1 0 -4 0 0 2 0 0 0 0 2 0 0 0 0 0 4 5 0 4 0 -4 0 0 4 0 -2 -4 -2 -2 4 0 -2 4 -4 0 -1 2 2 -4 0 -2 10 6 0 0 4 -1 2 -2 0 0 9 0 0 4 -6 0 0 1 -3 1 2 1 0 1 1 0 0 0 7 4 0 0 0 -1 -2 0 -2 2 0 0 -1 2 8 -4 44 -2 5 0 2 0 2 0 -2 -6 0 4 4 -4 0 0 0 4 -2
-7 -4 -4 -4 0 -9 -8 6 -2 0 0 -6 -3 -4 4 -8 0 0 4 6 3 -4 -9 0 0 3 2 1 0 0 4 -4 0 -4 -5 0 0 2 1 0 -2 4 -6 2 0 8 -8 8 0 9 -2 -2 0 6 0 0 -2 0 0 -1 -8 0 6 -6 -2 6 0 5 1 0 -2 1 4 4 1 4 2 -2 6 3 2 0 0 2 0 -6 0 0 -4 2 1 2 -1 0 0 4 6 2 18 -1 3 -3 0 -2 0 -10 0 -4 0 -6 -10 -2 -5 -1 2 4 2 1 4 -1 0 8 1 -8 -7 -4 3 -6 -3 0 2 4 2 -2 3 2 2 -6 4 6 0 -2 1 -4 4 -7 2 5 -4 2 2 0 1 0 1 0 -4 -2 2 4 -3 -2 3 7 0 0 4 0 -4 3 -5 2 -2 -4 -4 2 1 -4 1 4 -1 0 0 -3 -10 3 -2 -2 -4 -1 7 -2 57 -2 1 0 2 1 -2 0 -2 2 0 4 -2 2 -1 0 -6 -2
6 -2 -1 4 1 -4 -2 1 -4 -6 0 -2 -6 -4 -5 -4 2 0 2 1 -2 0 0 8 4 0 -2 3 0 6 -1 5 2 2 2 -2 0 -4 -4 4 6 -6 4 2 0 4 0 0 0 0 -5 2 1 4 0 0 0 0 -2 8 1 -2 0 0 0 0 0 -4 2 0 0 -2 -1 2 -2 0 0 -4 2 2 -1 2 -2 -4 0 2 -2 4 0 -4 -2 8 2 0 -4 -1 0 -3 0 -2 2 -2 0 0 0 2 0 -6 -4 0 -2 6 3 -1 4 0 0 0 0 -9 -4 -2 -12 -2 0 0 0 0 0 -1 2 -4 0 1 -8 6 -6 -4 -2 -4 0 0 1 2 0 2 4 -6 -4 -3 0 1 -2 0 -4 0 4 3 4 0 -4 0 0 2 -4 1 -2 2 -1 0 2 0 -1 -4 0 8 0 4 0 0 -6 -4 2 0 -2 -4 0 0 0 -4 -6 5 -2 45 0 10 -4 -2 2 2 0 -2 4 4 6 -7 0 2 0 1
0 0 2 2 2 -4 0 2 -2 2 -2 -2 -2 0 0 4 2 0 2 -2 4 0 -2 -2 0 1 0 2 -1 1 2 6 -11 4 0 1 -6 2 2 0 2 0 2 0 0 0 0 2 1 -7 6 2 0 0 6 4 3 0 -2 -1 -3 2 -4 -6 4 2 0 4 0 4 2 0 -2 0 -2 -2 0 -4 2 3 -2 -3 1 -4 4 6 0 0 0 2 0 0 -1 -5 0 2 -4 0 2 2 -2 0 2 0 2 2 0 -4 0 2 0 -2 2 4 -5 0 2 2 -3 2 2 0 3 4 -1 2 -1 4 -2 4 -2 -2 4 0 0 -2 0 -4 1 0 0 2 2 0 6 2 0 -4 4 0 4 0 6 4 -2 -3 0 -3 -7 6 -4 4 4 1 0 3 -1 -2 0 -6 1 -4 0 0 0 -4 4 2 0 2 -1 4 -4 5 -4 -3 -4 -8 2 2 0 0 1 0 45 -2 2 -4 -4 1 -4 -8 0 -2 0 -4 0 -2 -2 -2
4 0 0 2 2 4 -1 4 0 -1 4 4 8 0 -2 0 2 2 0 4 4 -2 0 2 -5 -5 -1 0 0 0 -2 6 2 -2 4 0 5 -5 -4 -2 2 2 -1 1 0 4 4 0 0 0 -2 0 0 -2 -2 1 0 0 1 3 -2 0 -2 -4 0 0 2 2 0 4 2 -1 2 0 2 -1 -2 -6 1 -3 2 0 3 -4 7 -2 0 -4 -4 -1 -2 7 3 -2 4 -4 2 -2 -1 3 6 -4 -2 1 1 8 2 -2 -4 -2 -2 -2 1 4 0 2 -6 2 0 3 4 4 0 0 -4 3 -1 1 1 0 2 -2 3 4 4 2 -5 0 -2 0 0 -2 4 2 0 -3 0 -4 4 4 1 -8 0 3 1 8 0 -2 0 -2 -5 0 4 8 -2 -1 4 4 2 4 0 0 -4 2 0 0 -5 1 -1 0 -1 -5 -4 4 -5 2 0 4 1 10 0 2 0 10 -2 46 2 -2 2 0 -5 0 1 2 0 4 0 0 -3 1
-2 0 0 2 -2 2 -2 2 3 -2 1 0 0 8 0 -4 -4 1 0 -2 6 2 -6 2 4 -2 -2 0 2 -1 -2 0 2 -1 -4 -4 0 -4 0 0 -2 -2 2 6 0 0 2 -4 6 6 0 0 4 -2 8 2 0 -1 0 -2 0 -4 2 2 -4 0 4 -2 2 1 10 0 0 0 -2 0 1 -5 0 0 4 2 0 4 4 2 -2 -4 0 -2 0 0 8 -2 0 0 2 -4 0 2 -4 2 2 2 2 -4 -5 0 -2 0 0 4 0 -4 4 4 6 -2 2 4 -1 -6 6 0 0 -6 -2 0 4 -8 -4 0 -6 -4 -4 -8 0 4 0 4 2 -10 0 -8 1 -2 0 -4 0 -2 4 0 0 4 0 0 5 6 0 7 4 0 2 0 10 -4 2 -6 3 0 -4 0 0 2 0 -4 -4 -2 0 -4 -1 -4 3 2 4 4 -4 4 6 0 4 0 2 -4 2 2 59 0 -2 0 4 2 -4 2 -4 -3 -5 2 -6 -6
-3 -2 0 -2 -1 4 -4 4 -2 -4 0 0 2 0 -6 2 4 0 -4 -1 -2 2 2 0 0 3 10 -2 2 0 0 0 4 -2 -5 -6 6 6 4 -4 13 0 8 4 2 -1 7 1 2 -4 3 -4 4 0 0 0 -2 -2 1 7 0 6 2 -6 4 -4 2 0 6 4 -2 12 1 -2 0 -7 2 4 -6 -2 2 0 0 15 4 0 -4 -4 0 -6 5 -2 0 2 -5 4 -3 0 -4 1 2 -2 -4 1 4 4 0 4 -1 0 4 4 -2 -2 7 0 0 0 8 -3 2 -4 0 0 -1 0 0 -2 0 -8 -3 3 -4 -4 -2 2 1 0 2 3 -8 0 -2 -11 0 -2 0 2 4 4 -1 0 -1 -2 1 4 -4 -8 -2 -2 -6 -2 -4 -2 6 0 0 -8 -1 2 6 -6 2 0 0 4 -2 -2 -6 1 -2 2 0 0 2 -4 3 3 0 0 -7 2 1 -2 -4 -2 0 63 -2 1 -4 6 2 -4 1 -6 -2 2 0 4
2 0 -4 -4 0 0 -2 8 8 4 4 8 2 4 0 8 0 -2 0 0 4 4 6 -2 -2 1 4 6 -2 2 -6 2 0 1 -2 0 -4 4 -2 0 2 0 2 6 2 0 2 9 2 4 0 0 4 -2 0 0 2 0 -4 2 8 -2 4 0 2 2 1 0 4 4 3 -4 0 1 4 2 8 -2 -2 -2 -12 -4 1 0 8 0 0 -4 -4 0 -4 -2 5 2 0 -1 -6 4 1 4 5 0 0 1 -2 1 0 0 0 0 2 -5 -2 0 4 -2 4 0 0 4 -1 -1 0 0 4 -3 0 0 4 -2 -1 2 0 0 2 0 -5 -1 0 4 0 -3 0 -1 0 5 2 -4 -1 2 4 2 2 4 4 -1 2 6 0 -4 3 -4 0 -3 1 4 4 0 2 -2 3 0 3 4 0 4 0 4 -2 0 2 4 -2 1 0 0 -2 6 -2 4 0 0 -2 2 -4 2 -2 -2 42 0 5 -9 4 0 -2 2 1 2 2 0
0 0 5 -4 6 -2 0 1 -8 4 0 0 -1 0 -4 0 6 0 -2 0 1 6 -1 0 0 3 0 1 2 -4 0 2 0 0 -4 1 -4 -2 -4 0 2 0 2 1 0 0 -2 0 2 -2 6 0 -4 0 0 0 -3 3 10 2 1 -4 0 0 0 0 -2 -2 6 0 0 -2 -2 -1 0 2 4 -1 -2 1 6 3 3 3 0 2 2 2 2 0 -2 0 -2 0 0 0 1 0 4 4 0 0 2 0 2 -1 0 -2 0 -1 0 2 2 0 2 -2 0 0 0 2 2 0 5 -2 2 0 0 -3 0 0 0 -1 6 0 -6 0 0 0 0 0 0 -3 4 -2 4 0 -1 0 0 2 5 -4 0 0 0 2 2 0 0 0 0 0 0 4 0 0 0 -2 0 3 -2 0 0 1 0 0 -8 -1 5 -1 4 -2 0 1 0 2 0 0 0 0 0 -2 0 2 1 0 0 1 0 28 2 -2 0 0 3 -2 4 -2 6 -5
-2 2 0 -2 -4 -9 -2 0 0 -2 2 0 2 2 2 8 2 0 -1 8 0 6 -1 -2 -2 8 -1 0 -6 8 -8 -2 -2 0 -2 -6 -2 2 -4 4 -1 0 -4 2 0 -4 0 6 -2 -5 1 -8 2 -8 -2 4 4 -2 -5 -2 6 -1 4 0 4 4 -2 8 -2 4 -4 4 0 -2 2 0 0 6 -2 1 -4 0 0 6 0 0 0 -4 0 -2 0 -2 -2 4 3 11 10 3 -6 -8 -5 12 4 0 4 2 -2 6 -4 -4 4 0 0 -3 0 -6 0 -2 0 -1 0 1 -8 9 -6 1 -2 -14 -4 -3 -2 -2 0 -2 10 -4 -20 -2 0 -2 0 -13 2 -4 4 3 4 6 0 -8 0 -5 0 2 2 3 -1 1 0 14 2 1 0 -6 0 0 -4 -1 0 -5 -2 0 1 -8 1 -6 2 0 2 -1 2 0 2 8 -4 -2 0 -2 1 1 -2 -6 -2 0 -4 -5 4 -4 5 2 64 0 6 -2 5 2 -4 -3 2 1
-1 2 2 -2 0 0 0 -2 -2 -7 0 -1 -5 -2 0 0 0 0 4 0 2 6 1 0 -5 -2 0 -2 -1 2 -2 2 7 -4 2 0 6 0 0 -4 8 6 4 4 -4 -4 8 -2 1 -3 2 0 -4 5 -1 -2 2 -2 8 -1 0 0 2 -2 4 0 4 0 -2 -5 -5 18 4 0 0 4 -1 0 -6 2 2 0 -4 6 4 -4 5 4 -2 -2 -2 0 0 4 0 1 5 3 0 3 0 4 0 -1 -5 -1 0 2 10 -1 0 4 -12 4 -1 -4 -4 2 6 0 0 -1 4 4 -3 1 6 0 -4 -2 -1 1 0 -3 -2 6 2 -1 0 -4 -4 4 -9 4 4 -6 4 14 4 3 -4 1 -1 -2 1 6 0 -2 4 4 -2 -2 2 -5 4 2 1 1 -2 5 3 4 -2 8 4 4 -2 -4 2 -2 0 -4 4 -1 -4 0 0 -5 -1 2 0 0 2 -2 -8 0 2 6 -9 -2 0 51 0 4 2 0 0 0 0 5
11 -6 0 4 -8 -8 0 0 0 0 4 0 -4 6 0 7 0 -2 1 8 -2 -8 4 0 -3 4 0 -2 -12 6 -5 -2 0 0 -2 4 0 6 -2 4 4 -12 -8 -2 0 0 2 14 0 -8 -2 0 -3 4 2 8 6 -1 0 6 6 -6 -7 -1 2 0 -2 2 0 6 -8 -3 18 -4 -8 4 -10 7 -2 1 -4 2 1 2 10 0 -6 0 8 0 -4 4 0 0 6 3 0 -2 -6 8 0 8 -4 -4 -1 4 6 6 14 0 1 0 0 5 -3 -6 0 -10 4 1 1 8 -1 -2 -1 0 2 5 4 0 2 9 0 -1 0 10 -4 4 8 -4 0 3 -8 6 10 -2 -10 -2 0 -6 0 -2 -4 -1 -1 3 -2 9 8 2 4 2 -5 -3 -7 4 -4 10 10 -2 1 -1 4 0 2 -3 -2 0 0 2 2 3 9 0 2 -8 2 0 2 -2 0 4 0 4 0 1 -4 2 4 0 6 0 61 4 -2 7 3 0 3 0
2 0 -4 0 0 8 0 -12 -2 -9 0 -4 0 4 0 0 -4 -2 1 0 2 -2 -6 2 0 -2 0 8 0 2 -1 4 0 -6 -2 0 0 4 -4 0 -4 4 4 0 -4 4 4 -2 4 -2 -1 2 -2 -4 0 0 -3 2 4 0 -2 0 -3 0 -1 -4 -8 0 0 -2 -2 0 4 2 0 4 0 -4 -2 2 2 0 0 0 6 -6 0 -8 0 0 0 8 -2 4 10 2 0 -10 4 4 0 0 0 4 -2 -6 4 -4 0 0 -6 2 2 0 0 0 0 2 -2 0 2 0 0 -2 4 6 -2 -1 6 4 -4 6 -2 0 -2 4 -2 0 4 4 0 0 -2 -4 8 -4 -1 4 6 2 0 4 0 0 0 0 4 -4 0 2 2 0 0 6 0 0 6 0 0 0 5 7 4 2 4 16 -2 0 0 -2 4 0 -2 2 -1 -2 0 -3 4 -1 1 4 4 4 -2 2 2 -4 0 0 -2 4 4 58 0 0 0 0 8 0
0 0 0 2 1 -1 0 -2 0 4 0 0 2 -5 0 6 0 0 0 -1 -2 2 3 4 6 3 4 3 4 -1 2 -4 0 4 0 -9 0 -5 -2 3 2 -4 8 -8 -1 0 0 0 -1 -8 0 1 0 6 2 4 0 0 4 2 -2 -1 -2 -2 6 0 -3 4 0 -1 4 0 5 2 0 0 1 -2 -4 -2 2 -1 -4 -1 4 -2 -3 10 0 -1 -3 -2 4 6 1 0 4 -2 2 -3 0 -5 3 4 4 3 2 4 -2 0 0 4 0 -5 0 4 4 0 -2 -5 0 0 -8 5 -4 -4 -2 -6 1 -1 -4 0 6 0 4 1 -3 -2 4 -4 0 0 -8 3 6 0 2 -6 2 2 0 -3 0 -4 -1 -2 0 -4 0 -2 -2 -1 0 2 -6 0 -2 0 -4 0 2 2 0 -2 0 6 -3 0 4 -2 -4 0 0 -2 -2 0 0 -3 -2 3 0 -4 -2 6 0 0 -4 1 -2 3 5 2 -2 0 47 -2 0 0 -4 2
-1 0 2 -2 4 9 -3 2 2 -5 0 -2 -2 0 4 0 0 -1 -3 4 4 -2 -2 4 1 4 0 -4 0 2 -3 4 4 0 0 0 0 -2 -2 2 1 -1 -10 7 0 0 11 -8 -4 8 0 -4 0 0 0 2 5 0 0 -2 0 -3 -2 -1 -6 0 0 0 -4 0 -7 1 -3 -2 -2 0 -5 11 0 -6 0 0 2 -6 4 6 -6 4 0 9 -4 8 -4 -2 0 -2 2 0 -6 11 2 -5 2 -2 2 0 1 6 12 -2 2 -6 0 1 -6 2 -2 -3 0 4 -1 6 0 -4 -4 2 6 4 0 6 4 0 0 6 -6 -2 2 4 0 -1 0 -2 -2 2 6 1 -2 3 0 0 4 2 -2 -1 -4 3 -2 6 -2 1 2 0 0 4 -2 0 4 4 -3 -2 0 0 -4 6 10 0 4 4 1 -2 -1 0 3 2 -2 6 0 -2 -4 1 -2 0 2 -7 -4 4 -3 -6 2 -2 2 0 7 0 -2 59 1 0 0 -1
6 -1 4 8 4 0 8 -5 4 0 4 0 4 0 4 0 0 0 2 6 -4 -4 0 -2 0 -2 0 1 -4 4 -6 0 2 -6 0 8 -4 -2 -3 -2 0 -2 -4 5 0 0 0 2 5 -3 -2 0 0 0 0 -2 0 -2 10 1 -2 8 0 2 0 0 2 0 8 0 -2 8 0 0 -1 6 -4 1 0 0 0 -2 0 -4 0 1 0 0 4 -4 -2 0 6 -2 -2 -2 2 -1 3 11 2 -2 0 -2 0 0 1 2 0 -2 4 1 2 6 0 4 -10 0 -4 1 -1 -8 0 0 0 -5 1 -1 0 -4 0 4 5 0 0 -6 6 2 -2 6 2 10 0 0 0 3 -4 1 5 4 4 0 3 -4 2 0 0 -2 1 6 4 -6 0 -1 0 1 4 -3 3 -2 0 -1 2 0 2 0 -5 0 -2 2 7 -5 6 2 -4 0 2 8 -2 -2 0 0 -1 0 0 0 -5 -2 1 4 -4 0 3 0 0 1 46 0 2 0
0 2 0 2 0 -2 -3 -8 4 -2 0 2 -1 6 1 2 6 4 -2 0 4 2 6 -6 0 6 8 0 2 -4 1 4 -6 -2 0 0 0 -2 0 -6 3 4 8 -3 2 0 3 4 1 -4 -5 0 -2 -1 2 0 6 4 7 -3 -2 2 4 -2 -2 0 -1 0 -1 8 0 0 2 0 -4 -3 -2 0 0 -2 -2 0 0 2 0 0 0 -2 3 -1 0 6 0 0 0 3 7 -2 -4 -2 4 -2 0 0 0 2 0 3 -3 4 0 0 0 0 0 2 1 -2 0 2 0 0 4 -4 2 0 -10 0 0 -2 0 7 -2 4 -8 -5 -2 13 -4 5 0 0 -4 4 -2 0 -1 0 0 0 2 4 2 2 0 -2 0 8 2 4 -2 0 -1 0 -1 0 6 -1 3 0 4 2 0 -2 4 -1 -4 4 -2 2 0 -3 0 1 -4 0 0 -2 -1 1 4 0 0 2 -2 0 2 2 2 -2 -3 0 0 0 0 0 0 36 -2 0
0 -7 0 -4 -4 4 -2 0 0 6 2 0 0 0 0 -4 -4 -1 1 0 1 0 4 6 -1 2 1 0 7 0 -8 0 -6 0 0 0 0 3 -4 6 0 0 -8 6 -6 0 3 2 0 0 4 0 -3 0 -2 2 0 -1 4 3 2 -4 2 2 -8 0 6 2 2 0 -4 1 0 -4 2 2 0 0 0 -2 -1 2 -1 4 2 4 8 0 4 -2 -6 2 4 0 6 -2 -2 4 0 4 6 6 -2 4 2 -4 2 4 0 6 6 1 6 1 2 2 2 2 6 5 4 0 7 6 8 4 2 -1 6 4 6 -2 -1 4 2 1 0 0 -6 -8 2 -6 2 0 1 0 -3 4 5 -4 3 0 -2 6 5 -1 6 4 0 0 1 -6 4 4 4 2 -2 4 0 -2 0 -2 4 8 -2 -8 2 2 7 6 4 2 2 4 1 2 0 -2 2 0 0 4 -6 0 -2 -3 -6 0 2 6 2 0 3 8 -4 0 2 -2 69 8
2 0 -2 2 3 -1 0 -7 0 0 0 0 1 -2 1 2 0 1 1 -1 -5 4 6 0 0 3 0 0 4 0 4 -5 4 0 4 0 4 8 0 -4 7 -3 4 1 -6 0 8 -2 -4 -1 3 0 1 0 -4 0 10 0 -3 -2 -3 0 6 0 0 4 4 -2 -1 1 0 14 -4 4 0 0 -2 0 -4 1 0 -3 0 4 6 -2 -2 0 -4 -2 0 4 0 2 1 2 -3 -1 1 -3 5 -1 4 0 -4 -2 0 0 0 1 2 2 -4 0 -2 3 -2 2 2 -1 4 -4 0 2 4 2 0 -2 2 4 0 5 2 -1 0 6 4 0 0 -2 -8 -2 -5 -1 0 2 1 1 0 0 -2 0 0 2 0 3 0 4 -2 4 2 2 0 3 -2 0 -2 4 0 -7 0 -6 5 1 4 2 0 -2 1 -4 7 6 2 2 -2 0 0 0 -7 0 2 -2 -2 1 -2 1 -6 4 0 -5 1 5 0 0 2 -1 0 0 8 41

Q_cnstr 
17 2 0 1 0 -2 -1 -1 0 -1 1 0 1 3 0 1 2 1 -2 0 1 0 4 0 0 1 -1 2 1 -1 -1 0 0 1 -1 -1 1 1 -2 0 -1 -1 1 1 -1 1 1 -1 0 0 1 1 0 1 0 -2 0 0 -1 2 2 0 -1 -1 0 0 0 0 1 0 0 0 1 0 1 -2 -1 0 0 0 0 2 -2 1 0 -1 1 0 -2 1 0 -1 0 1 2 1 -2 1 0 1 0 2 0 1 1 1 0 -1 -2 1 0 1 2 2 -2 1 0 -1 1 2 0 1 0 3 0 0 1 4 4 1 0 2 -1 -1 2 0 -1 1 -2 0 -1 0 0 -1 1 -1 2 0 0 0 -1 -1 -1 1 -1 0 -1 -2 0 -1 0 -1 -1 0 1 2 0 1 -1 0 -1 1 0 0 0 -1 0 -3 0 -1 -1 1 0 -1 1 -1 1 -1 0 0 -1 -1 1 1 -2 0 0 1 0 -1 -1 0 0 0 0 -1 1 -1 0 1
2 21 1 0 -1 2 1 -1 -2 -1 1 0 0 3 -1 1 0 -1 0 -2 0 2 0 2 2 2 1 0 2 0 0 2 1 0 0 -3 0 0 3 2 0 0 1 1 1 2 2 2 -2 1 -1 1 -1 -3 0 1 1 -1 -1 0 1 0 -1 -1 0 0 0 0 0 -1 0 -1 -1 0 -2 1 -1 0 -1 2 -1 -1 2 3 0 0 1 1 1 0 0 1 1 2 1 0 0 0 0 0 -2 2 -2 0 0 1 -2 0 1 1 1 0 0 1 0 2 0 0 2 -1 0 3 0 3 0 -3 0 -1 1 0 -1 -1 -4 0 -1 -1 1 0 3 1 -1 -1 2 -1 2 1 -1 -1 -1 2 1 1 1 -1 1 -2 1 1 0 -1 -1 1 -1 3 -1 0 1 0 0 1 -1 2 1 2 -1 1 0 -1 0 2 -1 0 1 0 1 3 -1 0 0 0 0 1 0 3 0 -1 1 0 -2 -2 2 0 0 1 -1 0 0 -2 2 -1
0 1 15 0 0 0 3 -1 0 0 0 0 0 -1 -1 0 0 1 -1 0 2 0 0 0 0 2 0 2 1 0 -1 2 -1 2 0 -1 -1 0 2 1 1 0 1 2 0 2 0 1 1 1 1 2 -2 0 -2 -1 1 0 1 -1 0 -1 1 0 2 0 0 -2 2 0 1 -1 -1 0 -2 0 0 1 0 -1 -2 1 0 2 -1 0 0 0 0 2 0 1 0 0 2 0 1 -1 -1 1 0 -1 0 1 -2 2 0 0 -1 2 1 1 2 0 -1 -2 1 -1 0 -1 0 0 -1 -2 1 1 1 1 1 2 1 0 -1 1 1 2 0 -3 0 1 0 2 -1 0 1 0 0 1 0 2 0 1 -1 0 1 0 2 0 -1 -3 -1 1 -1 -1 -1 4 -1 1 0 0 2 0 1 -1 1 -2 1 1 0 0 1 1 -1 -1 0 1 0 1 1 0 0 -1 2 1 1 1 0 1 1 0 -1 1 2 -1 0 0 -2 1 1 0
1 0 0 12 1 0 -2 -1 0 -1 1 -1 0 2 -1 1 0 -1 0 -1 1 0 1 0 1 2 0 2 0 -1 0 -1 0 0 1 -1 -1 -1 1 0 1 0 1 1 0 2 0 0 0 -1 1 0 1 -1 0 -1 1 -1 0 1 0 -3 0 0 0 1 0 1 0 1 0 1 2 0 1 0 2 1 1 0 -1 0 1 3 2 0 1 0 -1 2 1 -1 0 1 0 -2 -1 0 1 -2 0 1 0 0 0 1 2 0 2 0 0 0 -1 0 0 0 0 0 -1 0 0 0 1 2 0 1 -1 1 1 0 3 1 -1 1 1 0 0 0 0 0 0 2 0 1 0 2 0 1 -1 -1 0 2 1 0 -1 2 0 -1 0 0 -1 -1 1 0 0 0 0 2 1 1 -1 0 0 0 0 0 -2 0 1 0 0 1 0 1 0 0 0 -1 0 -1 0 -1 -1 1 2 0 1 1 1 1 -1 2 0 1 1 0 1 2 0 0
0 -1 0 1 19 -1 -1 0 0 0 0 0 1 0 0 0 2 1 0 1 0 2 0 0 -1 0 0 0 -1 -5 -1 2 -1 1 -1 -1 2 0 0 -1 0 -1 1 0 1 1 1 0 0 -1 0 0 -2 -1 1 -1 0 1 -1 1 0 -1 -1 -1 1 1 0 0 0 2 0 -2 2 1 -1 0 1 1 0 0 1 2 -1 2 -1 -2 0 0 0 -1 0 -2 1 1 0 0 -1 0 1 -3 1 -2 -1 0 1 0 -2 0 -1 0 0 1 0 0 -1 0 1 0 0 0 2 2 0 3 1 1 0 1 -4 -2 -2 -2 2 0 0 -1 -1 -1 -1 1 -1 0 0 0 0 -1 2 0 1 0 0 -1 1 0 -1 1 0 1 -2 0 -1 0 0 -1 0 0 -1 0 -1 0 0 -2 0 0 -1 -3 -2 1 1 1 1 2 -2 0 2 0 0 -1 1 2 -1 1 0 0 0 0 0 1 1 2 1 -1 2 1 -4 0 2 -1 1 1
-2 2 0 0 -1 17 2 0 0 1 1 0 -2 0 -1 -1 0 -1 2 -1 0 -1 0 2 0 1 -1 1 -1 1 1 0 -1 -1 -1 -2 -1 1 0 2 1 0 -1 1 1 0 1 -2 0 0 -1 0 -1 0 0 0 0 0 0 1 0 -1 0 1 0 0 -3 0 -3 0 0 -1 -2 -1 -1 3 -3 0 0 -1 0 0 1 0 1 -1 0 1 2 2 0 1 0 0 0 2 2 0 2 0 0 -1 0 -1 0 0 -2 2 1 0 2 0 2 -1 2 4 -1 1 0 0 0 1 0 -1 1 0 -2 0 -1 0 1 -1 0 1 0 2 1 0 1 1 -1 1 0 -1 0 5 1 2 0 -1 2 0 1 -1 0 -1 0 4 1 -3 0 0 -1 0 2 1 1 4 1 0 -1 -1 0 3 4 1 1 3 -1 1 1 -6 0 0 1 1 0 0 0 0 0 -1 1 0 0 2 1 -1 0 2 0 1 -1 -1 0 2 2 1 -1 -1
-1 1 3 -2 -1 2 22 1 -1 -2 1 0 -1 2 1 0 -2 0 -1 4 -1 1 -1 0 0 0 4 0 2 0 1 1 0 -1 1 0 4 1 1 0 0 -1 -2 -3 -1 2 0 0 1 3 0 2 0 0 -1 1 1 0 2 0 0 1 -2 1 1 1 0 0 3 0 -2 -1 -1 -1 -1 1 1 0 -1 -1 -2 -3 1 0 0 2 -2 1 0 1 0 -1 0 1 1 -2 3 1 -1 0 0 0 1 -1 -2 1 0 1 2 1 1 -2 4 -1 0 -1 0 0 1 2 2 3 -1 2 -1 -1 1 -1 -2 0 0 -1 0 -3 2 0 0 -1 0 1 -1 1 0 -1 0 0 2 1 -2 -1 0 1 -2 0 0 1 1 1 -3 0 -2 2 0 0 1 1 -1 1 3 0 -1 0 0 0 0 0 0 0 0 1 1 -1 1 0 1 -2 1 0 0 1 0 4 0 0 0 0 1 0 0 -2 1 1 0 -3 0 -1 4 1 -1 -1
-1 -1 -1 -1 0 0 1 14 0 0 0 0 -1 0 2 0 -2 1 0 0 0 -1 -1 1 1 -2 2 -2 1 0 1 0 -1 0 2 -3 1 0 0 0 -1 1 1 -1 0 1 0 0 1 -1 0 0 0 -1 1 0 0 -1 0 -1 -1 1 0 0 0 -1 2 0 1 0 -1 0 0 0 0 0 0 0 -1 1 1 1 1 0 -1 -1 2 -1 -1 2 -1 -1 -1 1 0 0 1 -1 1 -1 0 0 1 0 2 0 0 0 -1 0 0 0 1 0 -1 -1 0 0 0 -1 0 -1 -1 1 1 -1 0 -2 -2 0 0 -1 2 -1 2 0 1 4 1 0 -1 0 1 0 1 0 -1 1 -2 0 1 0 0 0 3 0 1 -1 0 -1 -1 -1 1 -2 1 1 1 1 -1 2 0 -1 0 -2 0 0 -1 1 0 1 0 1 -1 0 1 0 1 2 0 0 0 -1 0 -2 -1 0 0 -1 0 2 -1 0 1 0 0 1 0 1 -1 -2
0 -2 0 0 0 0 -1 0 14 0 2 0 -1 0 0 0 0 0 1 1 0 0 -3 1 -1 -1 -1 0 0 0 -3 0 2 -2 3 1 0 4 0 0 0 1 1 1 0 1 1 0 -1 2 1 0 0 3 -1 -1 -2 -1 0 4 -1 -1 0 0 3 1 0 -1 0 2 -1 0 0 0 1 2 1 0 -1 -1 1 1 1 0 0 -1 2 1 2 0 1 -1 -1 0 -1 2 1 0 0 0 2 -1 0 -1 2 -1 -1 0 0 0 -1 0 0 0 1 0 0 1 1 0 0 1 0 0 0 -1 -1 1 -1 0 1 1 2 -1 0 1 0 0 1 0 1 2 0 1 0 1 3 -1 0 0 0 0 0 0 0 2 -1 0 0 0 -1 -1 4 -1 2 -3 0 1 -2 0 1 0 0 0 1 -1 3 -1 -1 0 0 0 0 1 0 0 0 2 -3 -1 0 -1 1 0 1 0 -2 0 2 0 -1 0 1 0 0 -1 1 0 1 1
-1 -1 0 -1 0 1 -2 0 0 16 0 1 0 0 1 -1 0 -1 1 0 1 0 0 0 2 1 0 -1 0 0 -1 3 -1 -2 2 -1 -1 -2 2 -1 -1 1 1 1 2 -1 0 -1 0 0 0 0 1 1 1 1 0 0 -1 2 -2 0 1 -1 0 1 0 1 -1 1 3 0 1 0 3 1 0 1 -1 -1 0 1 -1 0 0 1 0 0 0 0 -2 0 1 1 1 0 2 0 1 0 -2 -1 0 0 -1 0 2 1 0 0 0 -1 -4 1 2 1 0 3 0 1 0 1 3 -1 1 2 -1 0 1 2 0 1 1 0 1 1 0 1 0 1 0 0 -1 -1 0 0 0 1 1 -1 0 2 1 1 1 1 1 -1 0 1 1 2 0 0 1 0 0 1 0 0 4 0 2 0 1 -1 2 3 0 1 4 -2 2 0 0 1 0 0 1 1 0 -2 1 0 0 0 0 0 1 0 0 0 0 0 0 0 2 1 1 0
1 1 0 1 0 1 1 0 2 0 17 0 -1 0 0 0 3 0 -1 0 1 1 1 -2 0 1 0 0 2 -2 0 0 0 1 1 -1 -3 0 1 0 -1 -1 0 2 -1 0 0 0 0 2 0 0 1 -1 -1 0 -1 2 0 -1 -1 1 -1 0 1 1 0 1 -1 0 2 0 0 -1 0 -2 0 1 0 1 0 0 3 -1 0 1 2 0 2 -1 1 0 0 0 0 -1 0 0 1 1 1 -1 1 0 1 -1 0 2 0 1 1 0 0 2 0 2 2 0 1 0 -2 2 -1 1 2 0 -1 -2 -1 0 0 1 0 0 0 0 0 1 -1 2 2 0 1 1 1 0 1 1 0 0 0 1 1 1 -1 0 -1 1 1 -1 -2 -1 1 -2 2 0 3 1 1 -2 -1 0 1 1 1 -2 2 0 0 1 1 0 0 1 0 1 1 -1 0 -1 1 0 0 0 1 -1 0 0 0 -1 0 -1 -1 1 0 0 -1 1 0 0
0 0 0 -1 0 0 0 0 0 1 0 11 -1 0 0 -1 0 1 0 -1 0 0 -2 1 0 -1 0 1 -1 1 0 0 -1 1 0 0 0 1 1 0 0 0 0 -1 0 -1 1 -1 -1 -2 0 1 0 0 1 1 0 0 0 1 0 0 0 -1 -1 0 1 -1 1 0 3 0 0 0 0 3 1 0 0 0 0 0 -2 0 0 0 0 1 -1 0 0 2 0 0 1 2 -1 0 0 0 0 -1 0 0 0 2 1 0 0 0 0 1 1 0 -1 0 0 -1 1 0 0 0 0 0 0 1 2 1 0 0 0 1 0 -1 0 1 -2 0 0 1 0 1 0 0 3 0 0 -1 -1 1 0 1 0 0 2 -1 1 1 1 1 3 -3 -2 2 0 0 0 1 1 -1 1 -1 0 -1 2 1 0 1 0 -1 0 -1 0 1 1 2 0 0 0 0 2 0 1 -1 -1 2 -1 0 1 0 -1 1 2 0 0 0 -1 -1 -1 0
1 0 0 0 1 -2 -1 -1 -1 0 -1 -1 20 0 -1 0 0 2 0 1 0 2 -2 -2 0 -1 -1 1 0 0 1 0 0 1 -3 3 1 0 -3 -1 0 -2 0 0 0 -2 -1 1 2 0 2 0 0 -2 -1 0 0 -2 -1 -1 0 1 0 -1 0 1 0 -1 -1 -2 -3 0 0 0 2 -2 0 0 2 -1 0 0 1 1 0 1 0 0 -1 1 1 1 -1 -1 1 -1 -1 -3 -1 0 -1 1 1 1 -3 2 -1 0 1 -1 1 1 -1 -1 1 -2 -3 1 -1 0 2 0 0 1 -2 2 0 2 0 0 -3 0 -3 -1 0 -1 -1 1 -1 0 -1 0 -1 0 1 1 0 2 1 1 -1 0 0 1 -1 0 0 0 0 3 0 0 2 1 -1 1 0 0 1 2 0 1 1 0 -1 0 -2 0 1 0 0 1 -1 1 1 0 0 1 -2 0 0 0 0 -1 0 2 -1 3 0 2 -1 1 -3 0 0 0 0 -1 2 0
3 3 -1 2 0 0 2 0 0 0 0 0 0 16 0 0 0 0 -1 1 -1 0 0 0 0 2 1 0 3 0 0 1 0 -1 1 0 -1 1 -2 1 1 -1 0 1 0 0 0 1 -1 0 1 0 -1 1 1 1 0 -1 -1 0 3 0 -1 -1 0 2 0 0 1 0 -1 0 0 0 1 -2 2 0 0 0 -1 0 -1 2 0 3 0 0 -1 2 0 -2 -1 1 0 1 -2 1 1 -1 -2 1 1 3 0 -1 -1 2 2 0 1 0 5 2 0 -1 -1 1 0 3 2 2 1 -1 1 1 0 2 1 -1 -1 3 0 -1 1 0 1 0 0 1 0 -1 0 -1 1 1 -1 -1 0 -1 -1 0 0 -1 1 1 2 -1 2 1 -1 1 1 0 1 1 1 0 1 0 -1 0 3 0 0 1 0 1 2 1 0 -1 -1 1 0 0 0 0 -1 0 0 -2 -1 1 1 -2 0 0 0 -1 0 0 0 0 0 1 1 2 0 1
0 -1 -1 -1 0 -1 1 2 0 1 0 0 -1 0 13 -1 -1 2 0 -1 0 -1 -1 0 2 0 0 0 0 0 0 2 0 0 2 0 2 0 -1 -1 2 1 1 0 0 -1 2 1 -1 -1 0 -1 1 0 1 0 -2 -1 0 3 -1 0 0 -2 0 0 1 -1 2 0 2 -1 -1 0 1 0 0 0 1 0 0 1 0 -3 1 1 2 0 0 1 -1 -1 -1 1 0 0 0 2 0 -1 -1 0 -1 0 0 2 0 0 1 1 0 0 -1 0 0 -1 0 0 0 0 0 -1 0 2 0 -1 -1 0 1 0 1 0 1 0 1 0 -1 0 0 0 1 -1 1 1 1 0 1 0 1 -2 1 0 -1 0 0 -1 0 -1 0 0 -1 0 0 -2 -1 1 1 1 -1 0 0 -1 -1 0 1 0 1 -1 1 1 1 0 0 1 0 1 2 0 1 0 0 0 -2 0 -1 1 0 -1 0 1 0 1 -1 -2 0 0 1 0 0 -1
1 1 0 1 0 -1 0 0 0 -1 0 -1 0 0 -1 6 0 0 0 0 0 -1 1 -1 -1 0 0 0 0 0 0 0 1 1 2 0 1 0 0 1 -1 0 0 -1 0 1 0 1 0 -1 -1 0 -3 0 0 -1 0 -1 0 0 1 0 0 1 -1 -1 1 0 1 0 0 0 0 0 -1 0 -1 0 0 2 1 0 0 0 0 -1 0 0 0 0 0 0 1 0 1 -1 0 -1 1 0 0 1 1 0 0 -1 0 0 0 0 1 0 1 2 0 0 0 0 0 0 0 0 0 0 -2 0 1 0 0 0 0 -1 0 0 0 0 0 0 0 -1 -1 -1 0 1 -1 0 1 0 0 0 0 0 0 0 -2 -1 0 0 0 0 1 0 0 0 0 0 0 0 -1 -1 0 0 0 0 0 0 -1 1 -1 0 2 2 -1 1 -1 0 -2 -1 0 0 -1 1 -1 0 -1 -1 0 1 0 -1 0 1 0 1 -1 -1 0 0 -1 0
2 0 0 0 2 0 -2 -2 0 0 3 0 0 0 -1 0 14 2 -2 -1 0 0 1 0 0 -1 0 -1 -1 0 0 0 1 1 0 -2 0 0 -1 1 1 -1 0 0 0 0 0 0 0 1 0 -1 1 0 -1 0 0 2 0 0 2 0 -3 -1 -1 -1 2 2 -1 0 1 0 -1 -2 0 1 -3 -1 0 -1 0 2 0 -2 0 0 2 -1 0 -1 0 -2 0 0 0 0 -3 -1 1 1 -1 -2 2 0 -1 0 1 0 0 0 0 2 0 1 2 2 2 0 0 0 2 -1 0 0 0 -1 0 0 -1 0 1 2 -1 0 -1 0 1 -1 -1 0 -1 -1 0 2 0 -1 2 0 2 0 1 1 1 0 0 0 -2 0 0 0 0 -1 -1 1 -1 0 1 1 1 2 0 0 0 -1 0 -1 0 1 -1 -1 0 0 0 0 0 0 0 1 0 0 0 -2 0 0 -1 0 0 0 -1 -1 0 0 0 -1 0 0 0 0 0 2
1 -1 1 -1 1 -1 0 1 0 -1 0 1 2 0 2 0 2 16 0 -1 0 0 1 0 0 0 0 -1 0 -1 0 1 -1 0 0 0 2 0 -1 0 -2 -2 0 0 1 -1 2 0 2 1 1 0 -1 -1 -1 1 0 -2 -1 0 0 -1 -1 0 -1 -2 1 -2 1 0 -2 -1 1 -1 2 -1 1 0 1 0 1 2 0 -2 -1 0 0 0 0 1 0 -2 0 -1 -1 1 0 -2 -2 0 -1 -1 0 2 -1 0 0 -1 -1 2 0 2 2 -1 0 -2 1 0 0 0 0 1 0 1 2 0 0 -1 -1 0 -1 1 1 0 2 0 -1 1 -1 -1 -1 -1 0 1 2 -1 -1 -2 0 2 -1 0 1 -1 1 0 -2 -1 -1 0 2 0 -2 1 0 2 0 0 0 0 1 0 2 1 0 -1 1 1 0 1 -1 0 0 1 0 3 1 0 -1 0 0 -1 0 -1 0 1 0 0 2 0 -1 1 0 -1 -1 2 -1 -1 0 0
-2 0 -1 0 0 2 -1 0 1 1 -1 0 0 -1 0 0 -2 0 19 3 1 0 -1 1 -1 1 1 2 -2 0 0 -1 0 0 2 0 1 0 3 0 1 0 1 1 0 -1 1 0 1 -1 1 0 1 0 2 -1 -1 0 1 0 1 0 1 3 -1 0 -2 0 -1 0 -1 0 0 0 2 1 0 0 1 4 0 0 1 1 0 0 0 0 0 1 -1 1 1 0 0 1 4 1 1 1 0 0 0 0 0 2 0 1 0 0 0 1 -1 -3 1 0 0 0 0 0 -2 0 0 1 -1 0 0 1 0 1 -1 0 0 0 1 3 0 0 0 0 0 -1 0 0 -2 2 3 0 0 1 3 2 1 0 0 0 0 0 0 -1 2 1 0 -1 2 0 -1 1 -1 3 2 0 0 2 0 2 -1 0 1 0 -1 0 -2 0 1 2 -1 0 0 -2 0 0 -4 -1 -1 0 0 0 0 0 2 0 -1 1 1 0 0 -1 0 1
0 -2 0 -1 1 -1 4 0 1 0 0 -1 1 1 -1 0 -1 -1 3 22 -1 0 0 1 0 1 2 -1 -2 0 0 1 1 1 2 1 0 4 -1 0 0 -2 -1 2 0 0 -3 -1 -1 1 1 0 -1 1 0 3 1 0 0 3 -1 1 2 0 1 1 0 -2 -1 -1 -3 -1 1 2 2 -1 1 0 -2 2 -1 2 0 -1 0 3 -1 0 -1 1 0 0 3 0 -1 2 -1 0 -2 1 4 0 1 0 1 0 0 0 1 1 -2 0 -1 0 0 1 1 -1 0 2 0 2 1 -1 -1 1 1 1 0 -1 -2 0 0 -2 4 0 -1 -1 2 1 0 0 -1 1 -1 -1 0 0 1 1 1 0 1 0 0 -1 1 0 1 3 4 3 5 -2 1 -3 -1 -2 2 2 1 0 1 0 0 0 -1 0 -2 0 -1 -2 -3 0 1 -2 1 1 -1 2 0 3 -1 -1 1 0 1 1 2 -1 3 -2 -1 -1 -1 0 0 1 2 2
1 0 2 1 0 0 -1 0 0 1 1 0 0 -1 0 0 0 0 1 -1 18 -1 0 0 -1 2 2 0 0 -2 1 0 1 0 -1 1 1 1 2 2 -1 0 2 -1 0 1 0 2 -2 -1 0 0 1 -1 1 -1 -3 1 2 -2 1 -1 1 -2 -1 -1 0 -1 -1 1 2 2 1 1 0 -2 -1 -2 -1 0 0 -1 1 2 1 1 1 1 -2 0 3 0 1 1 -1 0 2 1 -1 1 -1 1 -1 0 1 -1 -1 -2 1 0 1 0 -1 1 0 -1 -1 0 1 -3 0 0 -2 -1 -3 -1 -3 0 1 1 0 -2 0 2 -1 0 1 0 0 -1 -1 -1 2 0 1 -1 -2 2 1 0 -1 0 -1 1 0 -1 1 0 -2 0 -3 1 -1 -2 -1 1 -1 1 0 0 1 0 0 -2 1 0 1 -1 1 1 -1 1 0 1 -1 0 2 -1 0 3 -1 -1 1 1 1 0 1 2 -1 0 0 -1 1 0 1 0 0 0 0 -2
0 2 0 0 2 -1 1 -1 0 0 1 0 2 0 -1 -1 0 0 0 0 -1 18 1 1 0 -1 0 1 -1 -1 -1 0 0 1 1 -1 -2 0 0 -1 -2 0 4 -1 -1 0 1 0 3 0 1 0 -2 0 1 0 0 -2 1 0 1 2 1 0 1 4 1 0 3 0 0 0 0 0 -1 1 -1 0 -1 1 0 1 -1 -1 -2 0 1 1 1 1 0 0 0 1 -2 -2 1 1 0 -2 0 -1 1 0 -2 0 -1 0 -1 -1 -1 0 1 -1 2 0 0 0 1 0 -1 1 0 1 3 -1 0 1 0 1 -1 -1 0 -3 0 -1 0 -1 0 0 1 -1 1 1 1 1 1 1 2 1 0 0 2 -1 0 2 -1 2 -1 1 -1 2 0 1 0 0 0 0 3 1 -2 -1 1 2 0 -3 1 2 1 -1 0 4 0 0 1 2 0 1 0 1 0 2 0 1 -3 -1 -1 2 1 0 0 -1 -1 1 -1 0 -1 0 3 0
4 0 0 1 0 0 -1 -1 -3 0 1 -2 -2 0 -1 1 1 1 -1 0 0 1 19 1 -1 1 -1 1 1 0 -1 0 2 1 -2 0 2 0 0 -1 -2 0 4 1 0 -1 -1 0 1 -2 -1 0 0 1 0 -3 3 0 -1 1 2 0 1 0 -1 0 0 1 1 -1 -2 0 1 1 -1 0 -2 0 0 0 2 1 1 0 -1 0 -2 -2 -2 -2 0 -2 2 0 0 -3 -1 -1 1 2 0 -2 0 0 0 0 1 2 -1 2 -1 1 2 3 1 1 1 0 0 0 -2 -1 -2 2 3 1 1 0 3 0 1 1 1 0 2 -2 1 -2 0 0 -1 1 0 0 -2 0 -2 0 0 -2 -1 1 1 -1 0 1 -1 -2 -1 1 -2 -1 0 -1 0 -1 1 -3 1 1 -4 0 0 0 0 0 1 0 1 -1 -1 0 0 -1 2 -2 1 -1 2 0 -1 0 -1 1 -2 -1 0 1 -1 0 -1 0 1 0 0 -2 1 0 -1 0
0 2 0 0 0 2 0 1 1 0 -2 1 -2 0 0 -1 0 0 1 1 0 1 1 18 0 2 1 -1 -1 2 -3 0 0 1 0 -1 -1 0 0 1 0 0 -1 -1 0 1 1 -2 -1 0 -1 0 -1 0 3 -1 0 -1 2 4 -1 -1 1 0 1 0 2 0 1 2 -1 1 -1 0 -2 2 -3 1 -1 0 -1 1 -2 -1 -1 -1 0 1 0 0 1 0 0 -2 -1 1 -1 -2 0 -1 2 -1 0 0 -1 2 1 0 1 0 1 0 0 1 0 1 0 -1 1 0 0 1 0 1 1 -2 -1 0 1 1 0 1 -1 0 1 0 0 -1 2 0 1 1 -2 1 -2 1 0 2 0 1 1 1 0 0 1 -1 0 1 1 2 2 -3 1 1 -1 0 -1 0 0 1 -2 1 -1 5 0 1 0 2 0 -2 1 1 0 0 1 -2 2 1 -1 0 1 1 -1 1 -1 0 1 3 -1 0 1 0 2 0 2 0 1 1 3 -2
0 2 0 1 -1 0 0 1 -1 2 0 0 0 0 2 -1 0 0 -1 0 -1 0 -1 0 19 0 0 0 1 0 -1 1 0 1 0 -3 0 -3 4 1 1 2 -1 0 0 0 2 -2 1 1 -1 -1 0 1 0 0 1 -1 0 0 -1 -1 0 0 0 0 1 0 -1 1 -1 1 0 2 0 0 -1 0 -1 0 -1 -1 -1 0 0 2 -1 0 -1 0 -3 -2 0 1 3 -1 1 0 1 -1 0 4 -1 2 0 0 1 1 1 0 3 0 0 -1 0 2 0 0 0 -2 0 -2 1 4 0 2 0 -2 0 0 -1 3 1 -1 1 2 -2 1 2 0 1 0 0 3 1 -1 -2 2 1 1 0 2 -2 0 1 -2 2 2 1 2 -1 1 -3 -2 0 1 -1 1 -1 1 -2 -3 -2 0 0 -2 0 1 0 -1 -3 -3 2 0 0 2 0 1 0 -2 1 -2 0 0 1 1 2 -1 0 -1 0 0 -2 0 -2 0 -1 -3 2 -1
1 2 2 2 0 1 0 -2 -1 1 1 -1 -1 2 0 0 -1 0 1 1 2 -1 1 2 0 24 1 -1 3 0 1 1 -1 -1 0 -1 -1 -1 4 0 -1 0 3 2 1 1 -2 0 2 -1 -1 1 0 -2 0 1 -1 -2 3 3 2 0 2 0 3 -1 -2 1 1 -2 -1 0 1 0 1 1 0 0 0 1 -1 1 0 2 0 -1 -2 1 0 0 -1 1 2 1 -1 0 -2 0 1 0 -3 2 0 2 1 -1 0 -2 -1 -1 1 0 0 0 -1 1 -1 0 -2 0 -1 2 2 -2 0 1 -1 0 1 1 1 2 1 2 -1 1 -1 1 4 1 0 0 1 0 -4 0 -1 4 0 1 -1 3 0 0 2 0 1 1 2 0 1 0 0 1 0 3 -2 1 0 -1 -1 0 1 0 0 -1 0 1 0 2 1 1 1 1 0 -3 -1 0 1 0 0 -1 -1 2 0 -1 1 0 -1 -2 2 -1 1 0 0 1 1 1 0 -1
-1 1 0 0 0 -1 4 2 -1 0 0 0 -1 1 0 0 0 0 1 2 2 0 -1 1 0 1 13 -1 1 0 -1 1 1 0 1 -1 1 0 3 1 -2 0 -1 0 0 0 -1 1 -2 1 1 0 1 -2 0 2 -1 2 0 1 0 1 0 0 0 -1 1 0 -1 -2 2 2 -1 0 0 2 1 0 -1 1 -1 0 0 2 0 3 1 0 0 2 0 0 0 0 0 1 1 -2 2 1 -3 0 0 1 0 0 0 0 1 2 3 0 0 1 2 -1 1 0 1 -3 1 0 -1 -1 0 1 0 -2 -1 0 0 -1 0 -2 0 2 0 0 0 1 0 -1 1 1 1 -1 2 0 0 1 1 1 0 1 2 0 3 0 1 1 2 2 1 1 -1 0 -1 0 1 2 0 1 0 1 -1 0 -1 0 1 2 -1 1 0 0 0 0 0 2 0 0 0 1 -1 0 0 0 1 1 -1 1 -2 0 2 -1 3 0 1 0 -1 -1
2 0 2 2 0 1 0 -2 0 -1 0 1 1 0 0 0 -1 -1 2 -1 0 1 1 -1 0 -1 -1 15 -1 0 -1 -2 0 1 2 0 -1 -2 -1 -1 3 0 0 1 0 -2 0 0 0 -2 1 1 -1 2 0 -1 0 0 0 0 1 0 0 -1 0 1 -1 -1 -2 -1 1 0 2 0 -2 -1 1 1 1 1 0 0 0 0 1 0 1 0 0 1 0 0 0 0 2 0 1 0 0 -1 0 0 -1 2 -2 1 0 0 2 0 -1 0 1 -1 -1 -1 -1 0 2 0 1 0 -1 0 0 -1 1 2 1 0 1 0 -2 0 1 1 0 0 -1 1 -1 0 0 -1 0 3 -2 0 1 -2 0 1 -1 1 0 0 -1 0 0 -1 -1 3 0 -1 0 0 -1 1 1 2 -1 0 -1 0 0 -3 -1 -1 3 0 1 0 -1 -1 -1 1 0 -1 0 0 0 0 0 0 0 0 0 0 0 0 0 1 0 0 1 -2 1 -2 -1 0
1 2 1 0 -1 -1 2 1 0 0 2 -1 0 3 0 0 -1 0 -2 -2 0 -1 1 -1 1 3 1 -1 16 0 0 0 -1 0 0 -1 1 -1 0 -1 0 -1 2 1 0 0 1 0 1 2 -1 0 1 -2 0 0 0 -2 0 -1 3 1 0 0 0 1 -1 0 0 1 -1 2 0 -1 0 -2 2 -1 -1 0 -1 -2 1 2 0 1 0 0 0 0 0 -2 0 2 1 -2 0 -1 0 0 0 1 0 0 -1 1 0 1 2 0 0 1 0 1 0 1 -1 0 -1 -3 0 1 0 0 -1 3 -1 -2 1 1 1 1 0 -2 1 0 1 1 -1 1 0 0 1 -1 0 -1 1 2 -1 2 -2 1 0 0 0 0 1 0 1 -1 -1 1 0 -1 2 0 0 -1 -1 -1 0 0 -1 1 0 0 0 -1 2 0 1 1 1 1 0 1 0 0 0 0 0 1 1 1 0 -2 -1 1 0 0 -1 0 0 1 0 2 0 2 -1 -1
-1 0 0 -1 -5 1 0 0 0 0 -2 1 0 0 0 0 0 -1 0 0 -2 -1 0 2 0 0 0 0 0 16 0 -1 1 0 0 0 1 0 0 -1 1 2 -1 -1 0 0 -2 0 2 0 1 -1 1 2 2 1 1 -1 0 1 1 -1 0 -1 -1 -1 2 -1 1 0 1 0 0 -1 0 2 -1 0 -1 0 0 1 -1 0 0 1 1 1 0 1 -1 2 0 -2 -2 1 0 -2 0 0 0 2 0 -1 0 1 0 0 1 0 0 0 0 1 1 3 0 0 1 0 -3 -1 0 -1 1 2 0 1 3 1 1 2 0 2 1 1 1 0 0 0 1 0 -1 -1 0 3 -3 0 0 1 0 1 0 -1 0 1 0 4 -1 1 0 0 0 0 1 0 -1 1 0 0 0 -2 0 0 0 3 -1 0 0 -1 3 1 2 1 1 0 0 1 0 -2 -1 0 0 0 -1 0 1 0 0 0 0 1 1 0 1 0 -1 0 2 1
-1 0 -1 0 -1 1 1 1 -3 -1 0 0 1 0 0 0 0 0 0 0 1 -1 -1 -3 -1 1 -1 -1 0 0 12 0 -2 -2 0 0 0 -1 0 0 0 -2 0 0 1 2 1 0 1 -1 -1 0 -1 0 -1 1 -1 0 -1 -3 0 0 0 -1 -2 0 0 0 0 -1 0 -2 0 0 1 -2 1 -1 0 0 0 0 1 2 1 0 1 0 0 0 1 0 1 0 0 0 2 2 0 1 -1 0 0 0 0 0 0 1 0 0 0 0 1 0 -1 1 0 -1 -1 1 0 0 1 0 2 0 1 1 0 0 0 -1 -1 1 -2 0 1 0 -1 0 -1 -1 1 -1 1 0 -1 1 -1 1 0 0 0 0 1 0 -1 -1 0 -1 -1 -2 -2 -2 0 -1 1 0 0 0 1 -1 -1 -2 1 1 0 0 0 2 1 0 1 0 -1 0 1 -1 1 1 0 1 2 -1 -2 0 0 -1 0 0 1 1 -3 0 0 1 0 2 -1 2
0 2 2 -1 2 0 1 0 0 3 0 0 0 1 2 0 0 1 -1 1 0 0 0 0 1 1 1 -2 0 -1 0 20 -1 0 1 1 2 2 0 0 -1 -2 -2 2 1 4 0 0 0 1 -1 0 -1 -2 0 -1 0 -2 -1 0 0 0 2 -1 1 0 0 -1 -1 -1 1 -2 0 1 3 0 0 1 0 -1 -2 2 0 0 0 -1 1 1 0 2 0 1 0 -1 0 0 2 0 0 -1 -1 0 -1 -1 1 -2 -1 -1 -1 -1 1 -1 0 1 -1 0 0 1 -3 -1 -2 2 0 -2 1 0 0 0 0 2 -1 1 0 0 2 2 0 -2 1 0 0 -2 2 -1 -1 0 2 -3 1 1 -2 0 0 0 1 1 5 0 0 3 2 -2 1 0 0 0 -1 1 0 1 -1 0 0 -2 1 1 1 0 -1 1 3 0 -1 0 0 0 -2 3 1 1 0 1 0 0 -1 0 0 0 -1 -1 0 -1 2 0 -1 -1 1 0 2 0
0 1 -1 0 -1 -1 0 -1 2 -1 0 -1 0 0 0 1 1 -1 0 1 1 0 2 0 0 -1 1 0 -1 1 -2 -1 23 1 0 -1 1 1 0 1 -2 2 1 3 0 0 -2 0 0 1 0 -1 -1 1 0 1 0 -1 0 3 -1 2 0 -1 2 0 0 0 1 -5 3 -1 0 0 -1 1 0 0 0 2 0 0 0 -1 0 0 -1 -2 -2 -2 0 -2 -1 -1 0 -3 -1 -1 1 0 1 0 0 -2 1 -1 -1 -1 -2 0 -1 0 -1 3 0 0 -1 1 0 -2 1 -1 -1 0 0 -1 -1 0 0 1 0 1 -1 0 0 0 2 -3 0 -2 0 -1 2 1 0 1 -1 -2 0 0 0 0 0 -1 0 0 0 2 -4 0 -5 1 0 0 -2 -1 1 0 0 0 -1 0 -1 0 0 -4 -1 -1 -1 -1 -1 2 1 0 -1 0 1 -4 0 -2 -2 1 -2 0 2 2 -1 0 0 0 1 -3 0 -1 0 -1 -2 0 0 1
1 0 2 0 1 -1 -1 0 -2 -2 1 1 1 -1 0 1 1 0 0 1 0 1 1 1 1 -1 0 1 0 0 -2 0 1 25 0 -2 0 -1 1 -1 1 1 0 0 0 1 -1 1 -2 -2 1 -1 -2 2 0 0 0 0 2 -2 2 2 -1 1 0 1 -3 -1 -3 0 3 -1 -1 1 -2 0 -1 1 -2 1 0 1 -1 -1 -1 -1 2 2 0 0 0 -3 0 0 1 0 -1 -3 -2 1 1 1 2 2 0 0 -1 -1 -1 0 -1 0 -1 0 -1 0 0 -1 3 -1 1 0 1 0 -2 3 0 3 0 0 -1 2 -1 1 0 0 0 0 -3 0 2 -1 0 2 2 1 0 1 2 0 0 1 -2 -1 0 -1 0 0 1 4 0 -1 -2 0 1 2 0 1 -1 0 0 0 -2 3 3 0 -1 -1 -2 -5 -2 4 -1 0 -1 1 1 -2 0 0 -1 0 3 1 1 1 -1 1 1 0 -1 0 1 -1 -1 -1 -3 -1 0 -2
-1 0 0 1 -1 -1 1 2 3 2 1 0 -3 1 2 2 0 0 2 2 -1 1 -2 0 0 0 1 2 0 0 0 1 0 0 21 0 -1 3 0 -2 -3 2 1 -1 1 1 1 2 -1 0 -1 0 -2 5 0 -1 -1 -1 0 0 -3 0 1 1 0 0 0 0 0 0 2 1 0 0 1 0 1 1 0 1 2 2 1 1 -1 -2 1 -1 0 0 -1 1 1 1 -1 0 4 2 0 -4 -2 0 2 0 -1 -1 -1 0 0 -2 -2 -1 0 0 -2 -1 0 -1 2 1 1 0 0 -3 1 0 0 -2 -1 1 3 -1 2 -1 3 2 0 1 0 1 1 -1 -1 2 0 1 0 0 -1 0 2 0 0 0 0 0 -2 1 1 0 -2 1 -2 2 3 0 0 0 0 2 0 0 0 0 1 -2 3 1 -1 0 4 -2 -1 1 -2 0 -2 -1 1 -1 -1 0 0 -1 1 0 0 1 0 0 0 2 0 0 0 -1 -3 2 -2 0
-1 -3 -1 -1 -1 -2 0 -3 1 -1 -1 0 3 0 0 0 -2 0 0 1 1 -1 0 -1 -3 -1 -1 0 -1 0 0 1 -1 -2 0 21 3 2 -5 0 0 -1 -1 1 0 0 -2 -1 1 0 1 -1 0 1 1 0 -1 -1 2 1 1 0 2 0 0 0 -4 0 -1 1 0 -1 0 4 2 -2 2 0 2 0 1 1 0 0 -1 2 1 -1 0 -2 1 2 -3 0 -1 3 0 0 1 1 1 0 3 1 0 3 -1 0 -1 -5 1 0 1 0 2 -1 0 0 0 0 -1 0 0 -1 -3 -1 0 0 -1 -1 0 0 0 1 -1 0 -2 0 0 2 1 1 0 0 1 -2 0 0 2 -2 -2 -1 1 0 -2 0 -1 -1 1 1 1 1 0 1 0 -1 -2 0 1 -2 1 3 2 1 0 2 0 -1 1 0 -2 -1 -1 0 0 1 -2 0 0 0 1 4 -1 0 0 0 0 1 1 1 2 -2 1 -1 0 1 1 0 1 0
1 0 -1 -1 2 -1 4 1 0 -1 -3 0 1 -1 2 1 0 2 1 0 1 -2 2 -1 0 -1 1 -1 1 1 0 2 1 0 -1 3 26 0 2 -1 -1 0 1 -4 -1 0 2 -1 1 2 1 0 -2 -2 1 -1 0 1 -1 0 0 -2 -1 0 -1 -1 1 0 -2 -1 -1 -3 2 -1 4 0 1 0 -1 1 1 0 0 0 -2 2 3 1 -2 3 0 -1 0 1 -1 2 -1 -2 0 1 0 -1 -3 -1 0 1 3 -2 2 0 2 0 -5 0 2 0 0 0 -1 1 -1 2 -1 0 -2 0 0 0 -2 1 -2 -2 0 0 1 0 -1 0 -1 -2 -2 0 1 1 1 -1 0 0 -2 1 0 -1 -1 -2 0 2 2 -1 -3 2 0 0 0 -1 1 0 -3 0 -1 0 -1 -1 1 0 -1 0 1 -1 -1 1 0 1 0 1 1 0 1 -1 0 0 0 1 -2 0 -3 0 0 -1 2 1 0 1 0 -1 -2 0 1 -1 -1 1
1 0 0 -1 0 1 1 0 4 -2 0 1 0 1 0 0 0 0 0 4 1 0 0 0 -3 -1 0 -2 -1 0 -1 2 1 -1 3 2 0 24 -1 1 -2 -1 0 1 0 1 0 1 -1 -1 0 0 0 4 0 0 0 3 2 1 0 1 -1 -1 2 0 0 0 2 -3 -2 -2 -1 1 2 -2 1 -1 2 1 1 -1 0 -3 -1 0 1 -1 -2 0 0 1 2 -1 2 1 1 -1 -2 -2 2 -1 1 -3 1 -1 -1 1 -1 0 -4 1 1 0 0 -2 1 1 -1 -1 -1 1 -1 0 1 0 0 0 1 0 0 -1 -1 -3 -1 -1 0 -2 2 0 -3 -1 1 0 -3 2 3 -3 0 0 1 0 1 1 -1 2 -1 -1 0 -2 -1 -2 0 2 2 1 2 0 2 -1 0 2 1 0 0 2 1 -1 -3 0 0 -2 0 1 0 -1 3 -2 -1 -1 -1 2 -1 -1 1 0 0 1 -1 1 -1 2 1 0 1 -1 2 1 1 1
-2 3 2 1 0 0 1 0 0 2 1 1 -3 -2 -1 0 -1 -1 3 -1 2 0 0 0 4 4 3 -1 0 0 0 0 0 1 0 -5 2 -1 20 0 -3 0 0 0 0 -1 0 -1 0 0 2 1 1 -2 -1 -1 -1 -1 0 0 -1 -1 2 0 3 -3 1 0 0 -1 0 2 0 1 1 3 0 0 -1 0 0 -3 1 2 -1 1 -1 0 0 2 -2 0 3 0 -1 0 1 0 0 -1 0 2 -1 0 1 -2 2 0 2 3 1 0 -1 -1 -1 0 2 0 0 0 -1 0 0 0 1 0 -1 0 0 1 -1 0 1 1 1 -1 0 0 1 -1 1 0 1 1 1 1 2 0 1 2 1 3 -2 0 -1 2 1 2 0 3 -2 2 0 0 1 1 -2 1 0 2 -1 0 -1 1 -1 -2 0 2 0 0 1 2 0 1 -1 3 0 0 0 -1 -1 0 -3 1 0 1 0 -1 -2 0 -1 2 2 1 -2 1 0 0 0 0
0 2 1 0 -1 2 0 0 0 -1 0 0 -1 1 -1 1 1 0 0 0 2 -1 -1 1 1 0 1 -1 -1 -1 0 0 1 -1 -2 0 -1 1 0 18 0 1 1 0 1 0 0 -1 1 0 0 0 1 0 0 1 0 2 0 -1 1 1 -1 -1 1 0 1 0 2 1 -1 1 -2 1 0 2 -1 0 1 2 -1 2 4 0 0 1 -1 -2 0 0 0 2 0 -2 -1 1 -2 -1 2 2 0 0 0 0 0 0 1 -1 0 1 2 3 2 4 2 0 0 -1 2 -3 2 2 0 1 2 2 2 2 1 1 0 0 -1 1 0 3 0 1 0 0 2 -1 0 2 -1 2 0 -1 1 0 1 0 0 1 0 -1 0 1 0 -3 -1 0 0 0 1 0 0 2 0 0 1 0 1 3 3 0 2 0 -2 3 -3 0 1 0 0 0 0 1 -2 1 1 -1 -2 1 -2 -2 -1 2 -1 -3 0 1 -1 1 1 1 3 1 1 2
-1 0 1 1 0 1 0 -1 0 -1 -1 0 0 1 2 -1 1 -2 1 0 -1 -2 -2 0 1 -1 -2 3 0 1 0 -1 -2 1 -3 0 -1 -2 -3 0 17 -1 2 0 0 -1 1 -1 -3 -1 1 0 -1 -2 1 2 0 1 2 -1 1 0 -1 1 -1 1 2 -1 -1 2 -1 0 1 0 0 0 0 0 -1 0 -3 1 1 0 3 1 3 1 2 1 1 -2 -1 0 0 1 -2 -1 0 -1 2 0 1 1 1 4 -1 1 2 0 1 0 -1 -1 0 1 0 -1 -1 0 0 -1 0 -3 -1 0 1 1 0 -2 0 0 -2 0 0 0 1 -1 0 1 -1 0 -1 0 -1 1 0 1 0 -2 0 0 -1 0 0 0 1 0 2 -1 1 1 1 -1 -1 0 1 -1 0 1 0 0 1 0 1 2 -4 -2 0 0 1 -4 0 0 0 0 1 0 0 0 1 -1 1 0 2 2 0 0 1 0 1 0 1 0 1 0 1 0 0 0
-1 0 0 0 -1 0 -1 1 1 1 -1 0 -2 -1 1 0 -1 -2 0 -2 0 0 0 0 2 0 0 0 -1 2 -2 -2 2 1 2 -1 0 -1 0 1 -1 16 1 1 -1 -2 1 1 1 1 -1 -1 2 -1 -1 1 1 1 1 0 -1 0 0 1 -1 1 -3 0 0 0 2 0 1 -1 0 2 -1 0 -1 0 2 -1 0 0 0 -1 -2 0 0 0 0 1 1 0 0 -2 0 2 0 0 -2 1 0 0 2 -3 0 -1 2 -1 -1 1 0 1 0 0 1 0 2 -1 0 0 0 0 2 2 -1 -1 0 0 3 0 0 1 -1 -1 0 0 0 0 2 0 0 0 0 1 -2 0 -1 -4 0 1 1 -1 0 1 1 0 1 1 0 1 0 0 -1 0 0 1 0 0 0 1 -2 -2 1 0 0 0 1 0 -1 1 2 0 0 0 0 0 1 -2 1 0 2 0 0 0 0 0 0 0 -1 0 3 0 0 0 0 -1 -1 1
1 1 1 1 1 -1 -2 1 1 1 0 0 0 0 1 0 0 0 1 -1 2 4 4 -1 -1 3 -1 0 2 -1 0 -2 1 0 1 -1 1 0 0 1 2 1 27 1 -1 1 2 2 -1 0 0 2 -1 0 -1 2 -1 -1 1 0 1 -2 0 -1 0 2 1 0 1 0 1 1 0 0 0 0 0 0 -4 0 2 1 2 0 1 -1 2 -1 0 1 -1 0 2 4 1 -1 -2 1 -1 0 1 1 -2 0 3 1 1 0 -1 2 -1 1 -1 1 0 0 0 0 0 1 0 0 2 2 2 0 0 2 0 -1 0 2 0 0 1 0 1 2 1 0 -2 2 0 -1 -2 1 2 1 0 0 1 -1 2 -1 3 -1 0 -1 -1 -2 -1 2 -2 0 1 -1 1 -1 -1 -1 -2 -1 1 0 1 -1 0 1 0 1 1 3 0 1 0 0 4 0 0 1 0 1 1 1 -2 2 -2 0 3 0 0 2 2 -1 0 1 0 3 1 1
1 1 2 1 0 1 -3 -1 1 1 2 -1 0 1 0 -1 0 0 1 2 -1 -1 1 -1 0 2 0 1 1 -1 0 2 3 0 -1 1 -4 1 0 0 0 1 1 21 2 0 0 1 1 1 0 0 0 0 -2 -1 0 0 -3 0 0 0 3 -1 1 0 -1 2 0 -2 3 -1 0 4 2 0 3 2 0 -1 1 0 0 0 0 0 0 -1 0 0 0 1 -1 1 2 -1 0 0 2 0 1 0 0 0 1 4 2 1 -1 0 -1 0 2 0 -2 -1 2 0 -2 -2 0 0 2 -1 1 2 0 1 2 2 0 2 -3 2 0 1 0 -1 0 0 2 0 0 -1 0 -2 0 -1 2 0 0 0 1 1 0 1 1 1 0 -2 -1 2 0 2 1 -1 1 3 0 0 -1 1 0 -1 1 1 -2 0 0 0 -2 0 -3 -1 0 1 0 0 0 0 0 -1 -1 2 0 1 0 -2 -1 1 0 -1 0 -1 0 0 0 0 1 1
-1 1 0 0 1 1 -1 0 0 2 -1 0 0 0 0 0 0 1 0 0 0 -1 0 0 0 1 0 0 0 0 1 1 0 0 1 0 -1 0 0 1 0 -1 -1 2 12 0 1 2 -1 0 0 0 0 -1 0 -1 0 0 -1 0 1 -1 2 -1 -1 0 1 0 -1 0 1 0 -2 -1 -2 0 0 2 0 0 -3 2 1 1 0 -1 2 0 2 0 0 -2 0 0 0 0 -1 0 1 0 0 -1 1 2 1 0 0 1 0 -1 -1 0 -1 0 1 0 -1 0 2 -2 2 1 0 0 0 -1 -1 -1 0 1 1 2 -1 1 1 1 0 0 0 3 -2 0 -1 1 1 0 0 0 1 0 0 0 1 0 0 0 0 0 -1 -2 2 1 0 0 0 -2 -1 1 -1 0 -1 0 0 -1 1 0 1 1 -1 0 1 1 0 0 1 0 2 -1 0 2 -1 -2 -2 0 0 0 0 0 0 1 1 -1 -1 0 0 0 2 -1 1 0
1 2 2 2 1 0 2 1 1 -1 0 -1 -2 0 -1 1 0 -1 -1 0 1 0 -1 1 0 1 0 -2 0 0 2 4 0 1 1 0 0 1 -1 0 -1 -2 1 0 0 23 2 -1 0 1 0 1 -1 4 0 -3 1 1 2 0 -1 1 0 2 0 -2 -3 0 2 1 2 -2 -2 1 0 2 0 4 1 -1 1 0 -2 2 0 -1 0 1 0 2 -1 2 -1 0 -1 -1 3 1 0 -1 0 1 3 -1 4 0 0 0 -2 1 3 -2 2 -2 -2 0 0 -2 2 1 -1 1 0 -1 -2 0 0 2 0 1 1 0 1 2 0 -1 1 0 1 -1 -2 1 1 1 -1 1 2 0 1 1 1 0 2 0 -2 0 0 0 -1 0 0 -2 -1 1 1 1 1 3 0 -2 1 1 0 0 3 1 1 -2 0 -2 2 1 -2 -1 2 -1 0 0 -1 1 0 1 -2 2 1 0 0 2 2 -1 1 0 3 0 0 0 1 1 2 1
1 2 0 0 1 1 0 0 1 0 0 1 -1 0 2 0 0 2 1 -3 0 1 -1 1 2 -2 -1 0 1 -2 1 0 -2 -1 1 -2 2 0 0 0 1 1 2 0 1 2 15 1 1 1 -1 0 -1 1 1 -1 0 1 0 0 0 0 -1 0 -1 1 -1 0 2 2 2 -2 0 1 -2 1 1 0 1 -1 0 0 1 -1 0 0 0 0 1 2 1 -1 0 3 1 0 2 1 1 0 -1 0 1 0 1 1 0 1 1 2 -1 0 0 0 -1 1 -1 0 1 -1 0 1 0 1 0 -1 1 0 1 -1 2 0 0 -1 0 1 -1 0 0 -1 0 0 1 2 2 0 0 -1 -1 1 3 -1 0 0 0 0 0 0 1 -3 1 -1 -2 0 0 2 2 0 -1 0 0 -1 0 2 2 -1 0 0 0 0 -1 0 0 0 3 4 3 0 -1 1 0 0 1 0 0 0 -1 0 2 1 0 1 -1 2 1 0 1 -2 0 1
-1 2 1 0 0 -2 0 0 0 -1 0 -1 1 1 1 1 0 0 0 -1 2 0 0 -2 -2 0 1 0 0 0 0 0 0 1 2 -1 -1 1 -1 -1 -1 1 2 1 2 -1 1 17 -1 0 1 0 1 -1 0 0 0 1 0 -1 0 0 0 0 -1 -2 1 0 2 0 3 1 0 0 -2 1 1 2 0 0 -1 -1 2 2 0 -1 0 -2 0 -1 0 -2 -1 2 0 0 -1 1 2 -1 -2 1 1 1 -1 0 -1 0 0 1 -1 0 4 0 1 -2 0 1 1 -1 1 0 -1 1 1 0 -2 0 1 -1 0 2 0 -3 0 0 -1 -1 0 1 0 -1 -1 3 -1 0 -1 1 1 -1 2 -1 2 1 0 -1 1 0 0 -3 -2 0 0 2 0 0 0 0 0 -1 3 1 0 -1 0 1 -1 0 1 -2 -1 2 -1 0 -1 -2 1 1 1 0 0 0 0 2 0 1 1 0 1 -1 0 0 0 0 -1 0 1 0 -1 0
0 -2 1 0 0 0 1 1 -1 0 0 -1 2 -1 -1 0 0 2 1 -1 -2 3 1 -1 1 2 -2 0 1 2 1 0 0 -2 -1 1 1 -1 0 1 -3 1 -1 1 -1 0 1 -1 24 1 -2 1 1 2 0 0 4 -2 0 -2 -1 0 1 1 1 3 1 1 3 0 -1 -3 1 4 -1 1 -1 3 1 0 2 1 -1 -1 -2 1 1 1 0 2 -1 1 -1 0 -1 -2 -1 1 1 -1 0 0 0 -2 -2 2 0 1 0 1 -1 1 2 0 -1 2 0 0 -1 -3 -2 0 0 0 0 0 0 -1 1 -1 1 1 3 -2 -1 0 0 1 2 0 0 0 1 1 -1 0 -3 2 0 -1 0 1 -2 1 0 4 -2 1 -3 0 0 -1 1 0 1 2 2 -1 2 5 0 -3 1 -1 0 0 0 3 1 0 -1 1 -1 0 0 1 0 2 -1 -1 -3 4 1 0 -3 -3 1 0 0 0 -1 1 -1 2 0 1 -1 -1 2 -2
0 1 1 -1 -1 0 3 -1 2 0 2 -2 0 0 -1 -1 1 1 -1 1 -1 0 -2 0 1 -1 1 -2 2 0 -1 1 1 -2 0 0 2 -1 0 0 -1 1 0 1 0 1 1 0 1 22 0 0 2 -1 -2 -1 -1 -1 0 0 -1 -1 -1 0 0 3 2 0 0 0 3 0 -2 1 2 -1 1 -1 -5 -2 -1 -1 0 1 0 3 1 -1 2 1 1 1 -1 -1 1 0 -1 -1 0 1 -1 3 0 1 0 3 -1 2 2 -1 1 0 0 0 1 4 0 0 2 0 1 2 0 1 0 0 -1 2 0 0 -1 1 -2 -2 -1 1 1 0 -1 0 0 0 0 1 1 0 3 -3 -1 2 0 0 3 0 0 1 4 2 1 -2 3 3 0 -1 -1 -1 1 2 -1 1 2 2 -1 0 1 0 -2 1 0 0 1 0 0 2 0 2 1 2 -1 -1 1 -1 3 2 2 1 1 1 1 -2 0 -1 1 -1 -2 1 -1 0 1 1
1 -1 1 1 0 -1 0 0 1 0 0 0 2 1 0 -1 0 1 1 1 0 1 -1 -1 -1 -1 1 1 -1 1 -1 -1 0 1 -1 1 1 0 2 0 1 -1 0 0 0 0 -1 1 -2 0 12 0 0 1 0 2 0 -2 0 -1 1 -1 0 0 0 -1 -2 -1 -2 1 -1 1 0 -1 0 0 1 0 1 0 -1 2 0 0 -1 2 2 -1 -1 2 0 -1 0 0 -1 0 0 -1 2 -1 0 -1 1 0 0 2 1 0 1 0 0 0 3 -1 2 -2 1 0 0 0 0 1 1 1 0 -1 0 1 0 2 -2 0 -1 -2 2 1 0 1 -3 0 0 1 0 0 1 2 0 -3 0 -1 0 0 -1 1 0 1 0 0 0 -1 0 1 1 -1 1 2 0 2 0 1 -1 2 0 1 -1 0 0 -2 0 -1 0 -1 -1 -2 0 0 0 0 0 0 0 -1 -1 -1 0 2 -1 0 1 0 0 2 1 -1 0 1 0 1 2 4
1 1 2 0 0 0 2 0 0 0 0 1 0 0 -1 0 -1 0 0 0 0 0 0 0 -1 1 0 1 0 -1 0 0 -1 -1 0 -1 0 0 1 0 0 -1 2 0 0 1 0 0 1 0 0 8 1 1 0 0 1 0 1 0 0 1 0 0 1 0 0 0 3 -1 1 0 0 0 0 0 0 0 -1 0 -1 1 0 1 0 0 0 1 0 0 1 1 0 0 2 1 0 1 0 1 0 1 0 0 0 0 0 0 0 1 0 0 1 -1 -1 -1 -1 0 0 1 0 0 -1 0 0 1 0 1 0 -1 0 0 -1 0 1 0 0 0 1 0 -1 1 0 -1 -1 0 1 0 -1 1 0 2 0 -1 1 1 -1 0 -1 0 0 0 2 2 0 1 0 0 1 1 -3 0 0 -1 0 1 1 1 0 0 1 0 -2 0 0 -1 0 0 0 1 0 1 0 0 0 1 0 0 0 -1 -1 2 1 -1 0 0 0 0 0 1
0 -1 -2 1 -2 -1 0 0 0 1 1 0 0 -1 1 -3 1 -1 1 -1 1 -2 0 -1 0 0 1 -1 1 1 -1 -1 -1 -2 -2 0 -2 0 1 1 -1 2 -1 0 0 -1 -1 1 1 2 0 1 19 3 -2 0 0 1 -1 0 -2 0 -1 0 1 0 -1 2 2 -1 1 2 2 0 2 0 0 0 0 -3 1 -2 3 1 0 -1 -1 -1 -2 0 2 2 -2 0 1 0 -2 0 1 4 -2 0 0 -2 -1 -1 0 0 1 2 -3 -1 -3 -1 -1 2 1 0 0 -1 1 -2 -1 3 2 -1 -1 -2 2 -1 2 -1 -1 -1 0 0 1 1 0 0 1 2 0 0 0 0 -1 0 0 -1 0 -1 2 0 0 1 1 -2 -1 -1 -1 -1 3 0 0 -1 0 0 1 1 0 1 -1 -1 -2 2 0 -3 2 -3 -2 1 -1 1 -1 0 3 1 0 0 0 0 0 0 1 0 0 -1 -1 -1 0 0 -2 -1 1 0 3 -1 0 0
1 -3 0 -1 -1 0 0 -1 3 1 -1 0 -2 1 0 0 0 -1 0 1 -1 0 1 0 1 -2 -2 2 -2 2 0 -2 1 2 5 1 -2 4 -2 0 -2 -1 0 0 -1 4 1 -1 2 -1 1 1 3 24 0 0 1 -2 0 1 -1 1 -1 0 0 0 -2 0 1 0 1 -1 1 3 0 -1 1 0 1 -1 4 1 -1 -1 0 2 1 1 -1 0 1 -1 -2 0 1 0 3 0 -1 2 1 -2 0 -1 -2 0 0 2 -3 2 -1 -1 2 0 0 1 0 0 3 0 0 -2 0 -1 -1 -1 0 1 2 -1 0 0 3 -1 -1 -1 0 1 -1 -1 -1 2 -1 0 0 2 0 -2 1 -1 1 1 0 0 0 0 -2 0 0 2 -2 0 0 -1 3 0 1 1 0 3 0 -1 1 0 0 1 6 -2 0 -3 0 0 -2 0 -1 1 1 0 0 0 0 0 0 0 0 1 1 0 1 0 1 4 -1 0 1 0 1 0 1 2
0 0 -2 0 1 0 -1 1 -1 1 -1 1 -1 1 1 0 -1 -1 2 0 1 1 0 3 0 0 0 0 0 2 -1 0 0 0 0 1 1 0 -1 0 1 -1 -1 -2 0 0 1 0 0 -2 0 0 -2 0 16 -2 0 0 2 2 1 0 0 -1 -1 -1 1 -1 0 0 3 0 0 1 -1 -1 -3 0 1 4 -1 -1 -1 -1 0 -1 0 0 1 -1 0 0 -1 0 -1 -2 1 1 1 -2 0 0 0 -1 0 0 1 -1 0 -1 -1 1 2 0 0 2 0 0 2 0 1 0 0 1 0 -1 -1 0 2 -1 -1 -1 2 0 3 2 0 0 0 1 -2 -2 0 -1 0 0 -2 1 1 1 -1 0 0 1 0 -1 -1 1 0 -1 1 1 0 -1 0 1 -1 2 -2 0 -1 0 2 1 1 2 0 2 1 -1 0 0 0 0 1 0 -2 -1 1 1 1 1 -1 0 0 0 0 1 2 0 0 0 -1 1 0 -1 0 -1 0 -1
-2 1 -1 -1 -1 0 1 0 -1 1 0 1 0 1 0 -1 0 1 -1 3 -1 0 -3 -1 0 1 2 -1 0 1 1 -1 1 0 -1 0 -1 0 -1 1 2 1 2 -1 -1 -3 -1 0 0 -1 2 0 0 0 -2 22 1 -1 0 1 -2 3 0 -2 0 2 1 -2 -1 -1 -1 0 1 -1 -2 1 1 -1 1 0 0 2 -3 -1 1 3 0 0 0 2 0 0 0 2 2 3 -1 1 0 0 0 -1 -1 0 0 0 -1 0 3 1 -1 -1 2 1 2 0 2 0 1 0 0 1 3 -1 -3 0 0 -1 0 -1 -1 1 0 -2 -1 1 0 2 0 2 1 0 0 0 -3 0 -1 0 0 0 1 1 0 -1 4 0 -1 0 1 0 1 2 0 2 1 0 4 -3 1 0 2 0 0 1 0 -1 1 -2 -1 2 1 0 1 1 -2 0 3 0 0 0 1 2 1 0 1 0 1 0 0 0 1 4 2 -1 1 0 0 1 1 0
0 1 1 1 0 0 1 0 -2 0 -1 0 0 0 -2 0 0 0 -1 1 -3 0 3 0 1 -1 -1 0 0 1 -1 0 0 0 -1 -1 0 0 -1 0 0 1 -1 0 0 1 0 0 4 -1 0 1 0 1 0 1 12 0 0 0 0 1 0 1 -2 0 -1 0 1 1 -2 0 0 2 -1 1 0 3 2 0 0 0 0 -1 -1 1 0 0 0 0 0 0 1 2 0 -2 0 0 0 2 1 -1 0 -1 -1 0 0 2 1 0 -1 1 2 0 -1 0 2 0 -2 0 -1 0 0 0 1 1 0 -1 0 0 0 0 0 -2 1 -1 0 0 0 0 -1 1 -1 1 -2 0 -2 -1 -1 0 1 -1 0 0 1 2 1 -1 -3 1 0 0 0 1 1 2 1 0 3 0 1 0 1 -2 0 0 1 0 0 0 -1 0 1 0 0 -2 0 -1 1 -1 0 1 1 0 0 0 1 0 1 1 0 1 1 1 0 0 0 0 1 1
0 -1 0 -1 1 0 0 -1 -1 0 2 0 -2 -1 -1 -1 2 -2 0 0 1 -2 0 -1 -1 -2 2 0 -2 -1 0 -2 -1 0 -1 -1 1 3 -1 2 1 1 -1 0 0 1 1 1 -2 -1 -2 0 1 -2 0 -1 0 20 0 2 0 1 -2 1 1 0 0 0 -1 -1 2 -1 -1 -1 -1 1 -2 1 0 3 1 1 0 0 1 1 0 -2 0 -1 0 1 -1 -2 -1 1 -1 -1 3 2 1 1 1 -1 0 -2 2 0 -1 1 -2 -1 1 1 0 -2 1 0 2 -1 1 0 -1 -1 2 -1 0 -1 -1 -2 2 1 -1 0 -1 1 0 0 0 1 1 -1 0 2 2 0 -1 1 -1 -1 1 -2 0 2 0 0 1 -1 0 -2 0 0 -1 0 -1 0 1 2 2 -3 2 0 -2 0 -1 0 0 -1 0 2 -1 1 1 -1 1 -1 2 1 2 0 -1 -1 -2 0 0 -2 0 1 0 -1 1 -4 -1 2 2 -1 2 1 -1 1
-1 -1 1 0 -1 0 2 0 0 -1 0 0 -1 -1 0 0 0 -1 1 0 2 1 -1 2 0 3 0 0 0 0 -1 -1 0 2 0 2 -1 2 0 0 2 1 1 -3 -1 2 0 0 0 0 0 1 -1 0 2 0 0 0 16 0 2 1 0 4 1 1 -3 1 0 3 -1 -1 1 0 -2 1 -1 0 1 0 -1 3 2 -2 0 0 0 1 0 0 -1 -1 0 -1 0 -1 -1 2 -1 1 -1 1 1 1 2 2 -1 1 0 -1 2 1 1 -3 1 0 0 0 2 0 0 -1 0 -3 -3 -3 0 0 0 -1 -1 0 -1 0 0 -1 0 1 2 0 0 0 0 2 -1 1 0 2 1 0 0 2 0 0 0 1 1 -2 1 1 0 1 -2 2 2 3 0 0 1 -1 0 0 -1 0 3 0 -1 2 0 -1 -1 0 -1 1 0 0 0 0 0 2 2 1 1 1 1 0 0 1 1 -2 0 1 2 -1 0 0 0 1 2 -2
2 0 -1 1 1 1 0 -1 4 2 -1 1 -1 0 3 0 0 0 0 3 -2 0 1 4 0 3 1 0 -1 1 -3 0 3 -2 0 1 0 1 0 -1 -1 0 0 0 0 0 0 -1 -2 0 -1 0 0 1 2 1 0 2 0 20 1 1 0 -1 1 1 0 -2 2 -1 0 -2 -1 0 0 4 0 -1 0 1 0 2 0 2 2 0 0 1 1 -1 0 -1 0 0 0 2 -1 0 1 0 1 -1 0 1 0 0 -1 0 4 0 1 -2 1 0 1 0 0 1 1 0 1 0 0 3 -1 -2 -1 1 2 0 1 2 1 -2 0 1 -1 0 2 0 0 2 0 3 0 1 1 0 0 1 2 -2 0 1 -1 0 0 0 0 -1 1 0 4 0 0 -3 -1 -1 2 0 1 0 0 1 1 -1 1 0 0 1 1 2 2 0 1 0 0 1 0 0 1 0 -4 1 0 1 0 0 -1 0 2 -1 1 0 0 -2 2 0 2 1
2 1 0 0 0 0 0 -1 -1 -2 -1 0 0 3 -1 1 2 0 1 -1 1 1 2 -1 -1 2 0 1 3 1 0 0 -1 2 -3 1 0 0 -1 1 1 -1 1 0 1 -1 0 0 -1 -1 1 0 -2 -1 1 -2 0 0 2 1 20 0 0 1 0 2 -1 0 0 0 -2 -1 1 -1 -1 1 -1 -2 0 1 -1 -1 -1 2 0 1 0 1 0 0 -1 0 1 1 1 1 -2 0 -1 1 -1 1 0 1 -1 0 1 1 1 0 -1 1 4 1 4 -2 0 0 -1 -1 0 0 1 -1 -1 -1 0 1 1 0 -2 2 -2 1 1 -1 1 0 -1 0 0 0 1 0 1 -1 0 -1 2 -1 0 0 1 0 -1 0 2 -1 2 -1 0 0 2 2 -1 1 -1 1 0 0 0 -1 -2 0 -1 3 -1 0 -1 1 0 0 -1 0 0 0 -1 0 1 1 0 0 0 1 -1 -1 1 0 -1 -2 3 -1 1 0 1 0 0 1 0 1
0 0 -1 -3 -1 -1 1 1 -1 0 1 0 1 0 0 0 0 -1 0 1 -1 2 0 -1 -1 0 1 0 1 -1 0 0 2 2 0 0 -2 1 -1 1 0 0 -2 0 -1 1 0 0 0 -1 -1 1 0 1 0 3 1 1 1 1 0 14 0 1 1 -1 -2 0 2 -1 0 0 -2 0 -1 0 0 0 0 1 -1 0 -1 -1 0 1 -1 0 0 0 0 2 1 0 2 0 -2 -1 0 1 0 0 1 0 -1 -1 0 -1 -1 -1 1 1 2 0 0 -1 2 0 1 0 0 0 0 -2 -1 2 0 0 0 1 0 0 0 -2 -3 0 0 1 -1 0 0 -1 1 1 0 1 0 0 0 0 2 1 -1 -1 -1 -2 -1 0 1 0 -2 2 0 1 0 -2 0 -2 3 0 -1 1 0 1 1 -1 1 -1 -1 0 0 2 -1 -1 -1 1 0 0 0 0 1 2 1 0 0 0 -2 1 -1 0 1 -1 -1 -1 0 0 2 0 0 0
-1 -1 1 0 -1 0 -2 0 0 1 -1 0 0 -1 0 0 -3 -1 1 2 1 1 1 1 0 2 0 0 0 0 0 2 0 -1 1 2 -1 -1 2 -1 -1 0 0 3 2 0 -1 0 1 -1 0 0 -1 -1 0 0 0 -2 0 0 0 0 11 -1 1 0 -1 0 -1 0 0 1 0 2 0 0 0 0 -1 0 0 1 -2 1 -1 0 -1 1 0 1 -1 2 1 -1 1 0 -1 1 0 0 1 2 1 1 0 -1 0 1 2 -1 0 -1 0 0 0 -1 -1 -1 -1 0 -2 -1 0 -1 1 0 -1 0 1 1 0 -1 0 -1 1 0 0 -1 1 1 1 0 -1 2 0 0 -1 0 1 0 -1 0 0 0 0 0 0 0 0 -2 0 1 1 0 1 -1 -1 -2 0 -1 -1 0 0 -1 1 0 1 0 0 0 1 0 0 0 1 0 -1 1 1 1 0 1 -1 0 1 0 0 1 -1 0 0 0 2 0 0 0 -1 2 1 -2
-1 -1 0 0 -1 1 1 0 0 -1 0 -1 -1 -1 -2 1 -1 0 3 0 -2 0 0 0 0 0 0 -1 0 -1 -1 -1 -1 1 1 0 0 -1 0 -1 1 1 -1 -1 -1 2 0 0 1 0 0 0 0 0 -1 -2 1 1 4 -1 1 1 -1 16 1 -1 -1 2 1 1 -1 1 0 0 0 1 -1 1 2 1 -1 0 0 0 -3 0 -2 0 1 1 -1 -2 0 0 -1 -1 2 -2 0 0 0 1 0 1 1 0 -1 1 0 0 2 0 1 -3 0 1 0 0 0 1 -1 -1 -1 -4 -1 0 1 0 -1 0 0 -1 2 1 0 1 0 1 0 -1 -1 2 -2 1 0 1 0 0 -1 0 0 0 0 1 -1 0 0 0 2 1 1 1 1 0 2 0 -1 0 2 2 -2 0 0 2 2 0 -1 0 -3 -2 0 0 -2 0 1 -1 -1 1 0 0 2 0 0 0 1 -1 0 -1 1 -1 0 0 0 0 0 0 -1 1 1 0
0 0 2 0 1 0 1 0 3 0 1 -1 0 0 0 -1 -1 -1 -1 1 -1 1 -1 1 0 3 0 0 0 -1 -2 1 2 0 0 0 -1 2 3 1 -1 -1 0 1 -1 0 -1 -1 1 0 0 1 1 0 -1 0 -2 1 1 1 0 1 1 1 21 0 -1 -1 0 -1 1 0 0 2 -1 -1 0 -1 0 -1 1 1 0 1 0 0 -2 -2 0 3 -2 2 -1 -1 1 2 0 -1 1 1 3 1 -1 0 -1 0 0 0 -3 0 1 1 2 -1 0 -1 0 0 1 0 0 -1 1 -3 0 -4 -2 0 0 0 0 2 1 -1 0 3 1 1 2 0 0 3 0 -3 -1 2 0 1 -2 2 -1 -1 1 -1 2 0 -1 0 -1 1 -1 -1 1 0 0 -1 0 -2 -3 0 0 0 -1 0 -1 -2 1 0 0 0 1 0 0 0 1 1 2 1 0 0 1 1 0 1 2 0 0 -1 0 0 0 -1 -1 1 1 -1 4 1 2 0
0 0 0 1 1 0 1 -1 1 1 1 0 1 2 0 -1 -1 -2 0 1 -1 4 0 0 0 -1 -1 1 1 -1 0 0 0 1 0 0 -1 0 -3 0 1 1 2 0 0 -2 1 -2 3 3 -1 0 0 0 -1 2 0 0 1 1 2 -1 0 -1 0 19 0 -1 2 0 0 -1 0 1 0 0 2 -1 0 0 1 -1 0 0 -1 1 0 0 1 1 -1 0 -1 0 0 1 0 -2 1 -1 0 0 0 0 0 2 -1 2 2 -1 1 -1 0 1 1 1 -2 0 0 0 0 1 0 0 0 -1 -2 0 -1 0 -1 0 -2 0 2 -1 1 -1 1 3 1 -1 0 0 0 1 0 0 0 -3 -2 0 1 0 1 0 0 -2 -2 1 3 -1 2 2 0 1 2 0 0 2 1 -2 -1 0 2 0 0 0 1 -1 0 2 1 1 -1 0 0 -1 0 0 0 4 4 -1 -1 -2 0 0 1 -1 0 0 -1 1 1 1 1 0 2 -1
0 0 0 0 0 -3 0 2 0 0 0 1 0 0 1 1 2 1 -2 0 0 1 0 2 1 -2 1 -1 -1 2 0 0 0 -3 0 -4 1 0 1 1 2 -3 1 -1 1 -3 -1 1 1 2 -2 0 -1 -2 1 1 -1 0 -3 0 -1 -2 -1 -1 -1 0 23 1 2 0 -2 1 0 -2 0 -1 1 -1 -1 0 -1 -2 -1 1 0 -1 2 1 0 2 0 0 -2 0 -2 1 -1 -2 1 -3 2 0 -1 -2 0 1 0 0 -2 3 -1 1 0 2 0 1 0 0 1 0 1 0 -1 0 2 0 -3 0 3 0 -2 0 3 0 1 2 0 1 2 1 0 -2 -1 0 0 -3 0 0 0 3 0 0 -1 0 2 0 0 1 1 0 0 -1 -1 -1 0 1 1 1 0 3 -1 -1 2 -3 -1 2 -1 2 1 -1 1 0 0 1 0 -1 3 1 0 0 -1 0 -1 0 -1 -1 1 0 -1 -1 0 1 0 2 -1 -1 0 1 0 -2
0 0 -2 1 0 0 0 0 -1 1 1 -1 -1 0 -1 0 2 -2 0 -2 -1 0 1 0 0 1 0 -1 0 -1 0 -1 0 -1 0 0 0 0 0 0 -1 0 0 2 0 0 0 0 1 0 -1 0 2 0 -1 -2 0 0 1 -2 0 0 0 2 -1 -1 1 15 -1 0 -1 -1 0 -1 -1 0 1 0 0 0 -2 -1 0 0 0 1 1 0 -1 0 0 0 -1 1 -2 -3 0 0 2 1 -2 0 0 -1 0 1 1 -1 -3 0 0 -1 -3 0 0 2 1 0 -2 0 -1 -1 1 0 -1 -1 0 -3 1 -1 0 -2 -1 0 -1 -2 1 1 0 0 1 0 0 2 0 -1 0 0 0 0 2 0 -1 1 0 2 0 0 1 -1 0 0 0 1 1 1 0 1 0 0 -1 0 0 1 -1 2 -1 0 0 0 -1 1 0 0 0 0 0 0 0 0 -1 -2 0 0 0 0 0 0 -2 -2 0 1 0 -1 -1 1 1 0 0 -1
1 0 2 0 0 -3 3 1 0 -1 -1 1 -1 1 2 1 -1 1 -1 -1 -1 3 1 1 -1 1 -1 -2 0 1 0 -1 1 -3 0 -1 -2 2 0 2 -1 0 1 0 -1 2 2 2 3 0 -2 3 2 1 0 -1 1 -1 0 2 0 2 -1 1 0 2 2 -1 22 -1 2 -3 1 1 0 1 1 0 1 0 0 1 0 -2 -2 0 0 -1 -1 0 3 2 0 3 3 0 -1 -1 0 -1 0 0 2 -1 0 1 -1 -1 0 2 -1 0 5 1 0 -1 0 0 0 1 0 0 -2 3 1 2 1 1 3 -1 0 -1 0 2 1 0 -1 -2 1 0 1 2 0 0 0 0 -1 0 0 0 1 1 -1 0 0 1 1 0 -2 0 0 -4 0 4 -1 2 0 1 1 0 3 -2 0 1 0 0 0 -1 -2 -2 3 3 0 1 1 -2 0 0 0 1 0 2 1 3 -1 -1 1 1 1 -1 1 1 1 1 0 1 0 0 0 2
0 -1 0 1 2 0 0 0 2 1 0 0 -2 0 0 0 0 0 0 -1 1 0 -1 2 1 -2 -2 -1 1 0 -1 -1 -5 0 0 1 -1 -3 -1 1 2 0 0 -2 0 1 2 0 0 0 1 -1 -1 0 0 -1 1 -1 3 -1 0 -1 0 1 -1 0 0 0 -1 15 1 0 2 1 -2 -1 -1 1 0 -1 0 2 2 0 0 -1 0 1 0 1 0 -1 0 1 -1 0 0 2 -1 -1 1 1 0 -1 1 3 0 1 0 0 2 0 1 0 0 1 1 1 1 1 0 2 1 -1 -1 0 -1 2 0 -1 0 1 2 0 1 1 0 1 -1 1 0 1 -1 1 1 0 2 0 0 0 -1 -1 0 0 0 1 1 1 -1 2 -1 0 -2 -2 1 -1 -1 -1 0 -1 2 0 0 1 1 1 0 -1 0 -1 0 -1 0 0 1 2 0 2 -1 1 0 0 1 1 1 -1 0 1 2 0 0 0 1 2 -1 2 0 1 0 -1
0 0 1 0 0 0 -2 -1 -1 3 2 3 -3 -1 2 0 1 -2 -1 -3 2 0 -2 -1 -1 -1 2 1 -1 1 0 1 3 3 2 0 -1 -2 0 -1 -1 2 1 3 1 2 2 3 -1 3 -1 1 1 1 3 -1 -2 2 -1 0 -2 0 0 -1 1 0 -2 -1 2 1 25 -2 0 2 -2 0 0 -1 -1 1 0 -2 -2 -3 1 -3 2 0 0 2 -1 2 1 2 0 0 1 0 -1 -1 -2 3 1 -3 -1 -1 2 -1 -2 0 -1 -1 1 1 0 3 1 0 3 0 0 0 -1 -2 0 1 0 2 1 0 2 1 -1 1 2 3 0 -1 -1 0 -1 2 0 0 1 1 0 0 3 0 1 1 1 1 2 -2 1 2 1 -2 -1 0 -2 1 -2 0 0 1 0 -1 5 1 -2 0 3 0 -2 0 2 -2 0 0 -3 -1 -1 3 -2 0 2 0 1 0 -1 2 2 2 0 0 0 2 0 0 1 0 -1 0 1 2 -1 0
0 -1 -1 1 -2 -1 -1 0 0 0 0 0 0 0 -1 0 0 -1 0 -1 2 0 0 1 1 0 2 0 2 0 -2 -2 -1 -1 1 -1 -3 -2 2 1 0 0 1 -1 0 -2 -2 1 -3 0 1 0 2 -1 0 0 0 -1 -1 -2 -1 0 1 1 0 -1 1 -1 -3 0 -2 15 -2 0 0 -1 1 0 0 0 0 -1 0 3 0 1 -5 -1 0 -3 -1 1 1 -1 0 -3 0 -1 0 0 1 1 -2 1 -1 -1 -1 1 1 0 2 3 -1 0 0 1 0 0 0 0 0 -2 0 0 0 3 -1 0 1 0 1 1 1 -1 1 0 0 1 -1 0 -1 0 -2 1 -2 -1 0 0 -1 1 -1 2 0 1 0 -1 0 0 0 1 0 0 0 0 -2 -1 -2 -1 0 1 -1 1 0 1 0 -1 1 1 0 -2 0 -2 1 -1 0 -2 1 -1 -1 -1 0 0 -1 0 0 0 -2 1 -2 0 -2 1 1 0 0 0 1 0 0 -1
1 -1 -1 2 2 -2 -1 0 0 1 0 0 0 0 -1 0 -1 1 0 1 1 0 1 -1 0 1 -1 2 0 0 0 0 0 -1 0 0 2 -1 0 -2 1 1 0 0 -2 -2 0 0 1 -2 0 0 2 1 0 1 0 -1 1 -1 1 -2 0 0 0 0 0 0 1 2 0 -2 18 0 3 0 1 1 -1 -1 1 0 2 0 -1 -1 -1 1 -3 0 0 -1 0 1 0 -2 -1 0 0 0 1 2 -2 -1 2 -1 2 0 1 1 -3 -1 -3 0 -1 3 0 1 0 2 0 3 1 -2 -1 -2 1 -1 0 0 1 0 2 -1 0 -2 -1 0 1 -2 0 1 -1 -2 0 -1 -2 0 -1 1 0 1 -1 -1 1 1 1 -2 0 2 0 1 1 1 1 0 2 -1 1 1 -1 -2 2 1 -2 0 0 -1 1 0 0 -1 1 1 0 0 0 0 1 1 0 1 2 0 -1 0 2 -1 1 -2 0 -1 2 1 -1 1 -1 0 -1 -1
0 0 0 0 1 -1 -1 0 0 0 -1 0 0 0 0 0 -2 -1 0 2 1 0 1 0 2 0 0 0 -1 -1 0 1 0 1 0 4 -1 1 1 1 0 -1 0 4 -1 1 1 0 4 1 -1 0 0 3 1 -1 2 -1 0 0 -1 0 2 0 2 1 -2 -1 1 1 2 0 0 14 -1 1 1 2 0 0 3 1 -1 0 0 2 0 0 0 -1 0 1 1 0 2 1 0 0 0 0 2 3 0 1 1 1 -2 1 0 0 0 0 1 0 -2 1 -1 0 0 -1 0 0 0 0 -1 1 0 1 0 0 -1 0 3 -2 0 1 -1 -1 2 0 1 0 0 1 -1 -1 -1 1 1 1 0 0 0 0 0 0 1 0 0 -1 -1 1 0 1 -1 0 3 0 1 1 0 0 1 0 1 2 0 1 0 -1 -2 0 -2 0 0 0 0 0 0 1 0 2 0 1 -1 1 0 0 0 1 -1 0 0 0 -1 0 0 -2 1 -2
1 -2 -2 1 -1 -1 -1 0 1 3 0 0 2 1 1 -1 0 2 2 2 0 -1 -1 -2 0 1 0 -2 0 0 1 3 -1 -2 1 2 4 2 1 0 0 0 0 2 -2 0 -2 -2 -1 2 0 0 2 0 -1 -2 -1 -1 -2 0 -1 -1 0 0 -1 0 0 -1 0 -2 -2 0 3 -1 20 -1 1 0 -1 -1 1 1 2 1 0 -2 0 0 -2 -1 -1 0 0 1 1 0 1 1 -2 1 -1 0 -1 1 3 -1 2 -1 1 -1 1 0 -3 1 3 0 -1 1 -3 2 -1 0 1 -1 2 2 1 1 0 2 1 -1 -1 -1 1 -2 -1 1 1 0 0 -1 1 0 1 -1 2 -1 0 0 -3 0 1 0 0 3 1 -1 -2 4 3 0 1 0 2 -1 1 2 -1 0 1 0 2 -1 1 1 0 2 -1 1 1 0 1 2 -1 0 -2 -1 -2 -1 1 -1 0 0 -1 -1 1 -1 0 0 -2 -1 1 -1 0 2 -1 0 -1 3
-2 1 0 0 0 3 1 0 2 1 -2 3 -2 -2 0 0 1 -1 1 -1 -2 1 0 2 0 1 2 -1 -2 2 -2 0 1 0 0 -2 0 -2 3 2 0 2 0 0 0 2 1 1 1 -1 0 0 0 -1 -1 1 1 1 1 4 1 0 0 1 -1 0 -1 0 1 -1 0 -1 0 1 -1 27 0 1 0 -2 0 2 -2 -1 0 -1 2 1 0 -3 0 1 -1 0 0 3 1 0 4 0 -3 0 0 1 0 2 0 2 1 2 1 0 1 0 4 0 0 0 0 0 1 0 0 1 -2 2 3 2 -1 0 3 0 1 -1 -1 1 -2 -1 2 1 2 2 1 1 -1 1 2 1 1 0 2 1 1 0 0 1 0 3 2 2 3 0 5 1 2 0 0 3 2 3 3 -2 0 3 3 -2 0 4 -2 -2 1 2 1 1 0 -1 -2 5 0 1 2 0 -2 1 -4 3 -1 0 3 -2 -3 0 0 0 -1 -1 2 -2 -2 1
-1 -1 0 2 1 -3 1 0 1 0 0 1 0 2 0 -1 -3 1 0 1 -1 -1 -2 -3 -1 0 1 1 2 -1 1 0 0 -1 1 2 1 1 0 -1 0 -1 0 3 0 0 1 1 -1 1 1 0 0 1 -3 1 0 -2 -1 0 -1 0 0 -1 0 2 1 1 1 -1 0 1 1 1 1 0 18 1 0 0 -1 0 0 4 0 1 2 1 0 1 0 -1 -1 1 -1 3 3 -1 2 -1 1 -2 1 0 1 3 1 0 2 1 0 0 -1 0 -1 -1 0 0 -2 0 0 1 0 0 1 1 0 -1 -1 0 -1 0 -1 -1 -1 0 0 0 0 1 -1 0 0 1 1 0 0 -1 -2 -1 0 0 0 0 1 0 2 -2 -1 0 1 0 2 -1 1 -1 0 0 1 1 1 1 0 0 0 0 -2 -3 1 1 -2 -1 0 1 -1 2 1 -2 0 -2 1 0 2 0 2 1 -1 0 1 0 -1 1 1 -1 -1 1 2 2 0 2
0 0 1 1 1 0 0 0 0 1 1 0 0 0 0 0 -1 0 0 0 -2 0 0 1 0 0 0 1 -1 0 -1 1 0 1 1 0 0 -1 0 0 0 0 0 2 2 4 0 2 3 -1 0 0 0 0 0 -1 3 1 0 -1 -2 0 0 1 -1 -1 -1 0 0 1 -1 0 1 2 0 1 1 13 0 1 1 0 -1 0 -1 0 1 0 1 1 0 -1 0 0 -1 0 0 -1 1 0 1 0 0 1 1 1 2 1 0 2 1 -1 2 0 -3 0 1 0 2 -1 1 0 2 -1 0 0 1 -1 0 1 1 1 2 1 1 -1 -1 -1 0 1 1 0 -2 2 -1 -1 1 2 0 1 0 1 -1 0 0 2 0 0 -1 1 2 0 1 2 1 1 -1 1 2 0 1 0 2 1 0 1 -1 0 0 1 0 1 -2 0 0 -1 2 1 0 0 0 0 0 0 -2 0 0 0 0 2 0 0 1 0 0 0 0 -1 0 1
0 -1 0 1 0 0 -1 -1 -1 -1 0 0 2 0 1 0 0 1 1 -2 -1 -1 0 -1 -1 0 -1 1 -1 -1 0 0 0 -2 0 2 -1 2 -1 1 -1 -1 -4 0 0 1 1 0 1 -5 1 -1 0 1 1 1 2 0 1 0 0 0 -1 2 0 0 -1 0 1 0 -1 0 -1 0 -1 0 0 0 17 1 2 -1 1 -1 -1 0 0 1 0 0 1 2 0 2 0 -2 0 2 1 -1 -3 -1 -2 -1 -4 -1 1 0 0 0 -1 1 1 -1 0 -2 -1 0 -1 0 -1 0 -1 2 -1 -1 0 1 0 -1 -1 0 1 0 2 1 0 0 0 0 0 2 0 1 1 -1 -1 -2 0 0 2 -1 -1 1 -1 0 -2 0 -2 -1 -2 -2 0 0 0 0 0 1 1 1 1 -1 2 1 2 1 1 -1 0 -2 -1 0 0 1 0 -2 -1 -3 0 -2 0 1 -2 1 1 0 1 0 2 2 -1 0 -1 1 1 0 1 -2 1 1
0 2 -1 0 0 -1 -1 1 -1 -1 1 0 -1 0 0 2 -1 0 4 2 0 1 0 0 0 1 1 1 0 0 0 -1 2 1 1 0 1 1 0 2 0 0 0 -1 0 -1 -1 0 0 -2 0 0 -3 -1 4 0 0 3 0 1 1 1 0 1 -1 0 0 0 0 -1 1 0 -1 0 -1 -2 0 1 1 13 1 0 0 -1 0 1 0 -1 0 2 0 0 1 0 -1 0 2 -1 1 -1 1 0 0 0 0 -1 2 -1 0 0 0 1 1 1 0 -1 0 0 1 0 -2 -1 0 0 0 -2 0 0 -1 0 -1 0 -1 0 1 0 0 0 0 0 -2 -2 0 0 2 1 -2 1 0 0 0 0 0 0 1 -2 -1 1 0 0 1 0 0 -1 1 -1 -2 1 0 -2 0 1 -1 1 0 2 -2 -1 0 1 0 1 0 1 -1 0 -1 0 2 -1 -1 1 0 -1 -1 -2 0 1 -2 0 1 -2 -1 2 0 -1 0 -1 0 2
0 -1 -2 -1 1 0 -2 1 1 0 0 0 0 -1 0 1 0 1 0 -1 0 0 2 -1 -1 -1 -1 0 -1 0 0 -2 0 0 2 1 1 1 0 -1 -3 2 2 1 -3 1 0 -1 2 -1 -1 -1 1 4 -1 0 0 1 -1 0 -1 -1 0 -1 1 1 -1 -2 0 0 0 0 1 3 1 0 -1 1 2 1 15 -1 1 -1 -1 -1 -2 0 -1 -1 1 3 0 0 1 -1 1 0 -1 -1 1 0 -2 -1 0 -1 0 1 -1 1 -1 0 2 1 0 -2 0 0 1 1 -2 -1 0 0 2 -1 2 0 -1 -1 -1 -1 3 -1 2 -1 0 2 0 -2 0 0 0 0 3 -1 -1 1 0 -1 -1 -1 1 -1 -1 1 -5 0 -1 0 -3 0 -1 0 1 -1 1 1 -1 -1 0 0 0 0 0 1 2 1 1 0 -1 -1 0 1 -1 0 -1 0 0 0 0 0 0 0 -1 0 0 0 1 2 -1 1 0 0 0 -1 0 -3 0 0
2 -1 1 0 2 0 -3 1 1 1 0 0 0 0 1 0 2 2 0 2 -1 1 1 1 -1 1 0 0 -2 1 0 2 0 1 2 1 0 -1 -3 2 1 -1 1 0 2 0 0 -1 1 -1 2 1 -2 1 -1 2 0 1 3 2 -1 0 1 0 1 -1 -2 -1 1 2 -2 -1 0 1 1 2 0 0 -1 0 -1 25 1 0 0 0 2 -1 0 0 0 -1 0 1 0 2 0 1 0 0 -1 -1 1 1 4 3 -1 1 -1 0 -2 3 0 0 2 -1 3 0 1 0 -1 2 -1 0 -1 -1 1 0 1 0 -1 3 2 -1 2 2 0 1 0 2 1 0 0 2 1 1 1 -1 -1 -2 -2 1 1 0 3 2 -2 0 0 2 0 -1 0 1 1 1 3 -1 -1 1 -2 -2 0 1 1 -2 1 1 -4 0 2 -1 1 -1 3 1 0 1 1 3 1 -2 -1 -1 0 -1 0 0 2 -1 -1 -1 1 -1 1 1 -2 0 2 2
-2 2 0 1 -1 1 1 1 1 -1 3 -2 1 -1 0 0 0 0 1 0 1 -1 1 -2 -1 0 0 0 1 -1 1 0 0 -1 1 0 0 0 1 4 1 0 2 0 1 -2 1 2 -1 0 0 0 3 -1 -1 -3 0 0 2 0 -1 -1 -2 0 0 0 -1 0 0 2 -2 0 2 -1 2 -2 0 -1 1 0 1 1 20 2 1 0 1 -1 2 0 1 1 0 -3 0 -3 0 4 1 1 0 0 0 1 1 1 0 3 1 2 1 0 -4 0 1 -2 0 0 0 0 0 2 -1 -2 3 -1 1 -3 0 -1 0 0 0 0 0 1 1 2 0 -1 0 0 0 -1 1 0 0 0 -1 -3 0 -1 2 1 1 0 0 -1 -2 -2 -2 2 0 0 1 -2 1 -1 0 0 -1 1 0 -1 0 1 2 0 0 2 -2 1 0 1 1 -1 0 -1 0 1 0 0 -2 2 2 0 1 -1 0 1 1 0 -1 0 1 1 0 1 1 0
1 3 2 3 2 0 0 0 0 0 -1 0 1 2 -3 0 -2 -2 1 -1 2 -1 0 -1 0 2 2 0 2 0 2 0 -1 -1 1 0 0 -3 2 0 0 0 0 0 1 2 -1 2 -1 1 0 1 1 -1 -1 -1 -1 0 -2 2 2 -1 1 0 1 0 1 0 -2 0 -3 3 0 0 1 -1 4 0 -1 -1 -1 0 2 20 0 1 -3 0 0 1 -1 0 0 0 1 1 0 1 2 1 1 0 0 1 1 1 0 2 4 0 1 0 0 1 0 0 0 0 0 0 1 -1 -1 0 0 2 0 1 1 0 -1 0 1 -2 -1 2 0 0 0 0 -2 2 0 1 1 0 1 1 -3 2 2 0 2 0 1 0 1 -1 -1 0 -1 1 3 -2 -1 -1 1 1 -2 1 0 0 0 0 -1 2 -1 1 1 0 -1 1 1 -1 1 1 1 -2 0 1 -1 0 0 3 1 -1 1 0 0 -1 -1 1 2 0 1 0 -1 2 0 -1
0 0 -1 2 -1 1 0 -1 0 0 0 0 0 0 1 0 0 -1 0 0 1 -2 -1 -1 0 0 0 1 0 0 1 0 0 -1 -1 -1 -2 -1 -1 0 3 0 1 0 0 0 0 0 -2 0 -1 0 0 0 0 1 -1 1 0 2 0 0 -1 -3 0 -1 0 0 -2 0 1 0 -1 0 0 0 0 -1 -1 0 -1 0 1 0 10 0 1 1 1 -1 1 0 -1 0 -1 1 0 3 0 0 0 0 0 1 0 1 0 0 0 1 0 0 -1 0 0 -1 0 0 0 0 1 1 2 0 -2 0 -1 0 0 0 1 2 -1 1 -1 0 1 2 0 1 0 0 1 1 -1 1 0 0 0 0 0 0 0 0 0 0 1 0 0 1 0 0 1 -1 -1 -3 2 -1 1 1 0 2 0 0 0 1 -1 0 0 0 0 -2 0 0 0 1 2 0 0 0 0 -1 -2 0 2 2 0 0 -1 -2 0 0 -1 2 1 1 1 -1 -1 0
-1 0 0 0 -2 -1 2 -1 -1 1 1 0 1 3 1 -1 0 0 0 3 1 0 0 -1 2 -1 3 0 1 1 0 -1 0 -1 -2 2 2 0 1 1 1 -1 -1 0 -1 -1 0 -1 1 3 2 0 -1 2 -1 3 1 1 0 0 1 1 0 0 0 1 -1 1 0 -1 -3 1 -1 2 -2 -1 1 0 0 1 -1 0 0 1 0 24 -2 0 -1 1 2 2 1 -3 -2 2 1 -1 2 1 1 1 3 2 0 2 3 2 5 0 2 0 -1 0 2 1 0 1 -1 -1 1 0 2 -2 1 1 -1 0 1 1 -1 2 2 0 -2 0 0 0 -2 0 0 1 0 0 3 0 0 0 -2 -1 1 0 -1 2 0 0 2 0 1 2 0 1 1 0 -1 0 4 -1 1 0 -1 1 0 2 -1 0 0 -1 1 2 -2 -1 0 -1 3 -1 1 0 0 1 0 -2 0 -1 1 0 1 2 0 2 -1 2 3 1 2 0 0 0 0 1
1 1 0 1 0 0 -2 2 2 0 2 0 0 0 2 0 2 0 0 -1 1 1 -2 0 -1 -2 1 1 0 1 1 1 -1 2 1 1 3 1 -1 -1 3 -2 2 0 2 0 0 0 1 1 2 0 -1 1 0 0 0 0 0 0 0 -1 -1 -2 -2 0 2 1 0 0 2 -5 -1 0 0 2 2 1 0 0 -2 2 1 -3 1 -2 25 2 2 2 1 -2 0 -1 0 1 0 0 0 0 -2 -2 0 1 -2 2 -1 -1 -1 2 -1 -1 -1 1 1 1 0 0 0 -1 1 1 0 -1 0 -3 0 -3 -2 -1 0 0 -3 0 -1 1 0 1 0 1 0 -3 1 -1 -1 0 1 -1 1 2 -1 0 -1 -1 -1 3 3 -1 -2 0 2 -2 2 -1 2 1 0 3 0 3 1 0 1 1 -1 0 0 0 -1 2 2 2 0 0 -3 3 3 1 1 -2 0 -2 1 1 0 0 1 1 1 0 -1 1 -2 -1 1 0 -1 1 -1 1
0 1 0 0 0 1 1 -1 1 0 0 1 0 0 0 0 -1 0 0 0 1 1 -2 1 0 1 0 0 0 1 0 1 -2 2 -1 -1 1 -1 0 -2 1 0 -1 -1 0 1 0 -2 1 -1 -1 1 -1 1 0 0 0 -2 1 1 1 0 1 0 -2 0 1 0 -1 1 0 -1 1 0 0 1 1 0 1 -1 0 -1 -1 0 1 0 2 12 1 2 2 2 -1 0 -1 2 0 1 0 0 -1 0 -1 -1 1 0 -1 1 0 2 1 -1 -2 -2 2 1 0 0 0 0 -1 1 0 0 -2 1 -1 1 0 0 -1 -1 1 1 -1 -1 0 -1 0 0 0 0 0 2 1 0 -1 0 0 1 0 2 -2 -2 -1 1 0 0 -1 1 2 0 0 0 0 -1 -1 0 0 1 1 -1 1 1 2 1 0 0 1 1 0 0 0 1 -1 1 0 0 -1 0 0 0 1 1 0 1 0 1 2 1 0 0 2 1 0 -1 0 -1 1 -1
-2 1 0 -1 0 2 0 -1 2 0 2 -1 -1 -1 0 0 0 0 0 -1 -2 1 -2 0 -1 0 0 0 0 0 0 0 -2 0 0 0 -2 -2 0 0 2 0 0 0 2 0 1 0 0 2 -1 0 -2 -1 1 0 0 0 0 1 0 0 0 1 0 1 0 -1 -1 0 0 0 -3 0 -2 0 0 1 0 0 -1 0 2 0 1 -1 2 1 10 0 2 0 -1 0 -1 0 2 -1 0 0 1 0 0 2 1 0 -2 1 -1 0 2 0 -1 0 2 -1 1 0 1 -1 0 1 0 -1 -1 -1 0 -1 -2 0 0 1 0 1 0 0 1 0 0 1 1 0 0 -1 0 -1 0 -1 0 0 0 0 0 0 -2 -1 -1 1 0 -2 1 2 1 -1 0 0 0 -1 0 0 0 1 0 1 0 0 1 1 0 2 0 1 -1 0 1 0 -1 0 0 0 1 1 1 1 0 0 0 0 2 0 1 0 0 0 0 2 -1 -1 1 0
1 0 2 2 -1 2 1 2 0 0 -1 0 1 2 1 0 -1 1 1 1 0 1 -2 0 0 0 2 1 0 1 0 2 -2 0 0 -2 3 0 2 0 1 0 1 0 0 2 2 -1 2 1 2 0 0 0 -1 2 0 -1 0 -1 0 0 1 1 3 1 2 0 0 1 2 -3 0 -1 -1 -3 1 1 0 2 -1 0 0 1 -1 1 2 2 0 21 0 1 2 1 -1 2 1 -1 1 -1 0 0 -1 -1 0 3 1 0 2 2 -2 0 1 1 0 1 1 0 1 0 -1 -3 0 -3 0 -2 -3 0 0 0 1 -1 1 2 0 1 0 0 0 -1 -1 1 0 0 4 2 1 0 0 0 1 0 0 -1 3 0 0 -1 -2 0 2 -2 0 1 3 2 1 0 0 0 0 0 -2 0 0 2 -3 1 2 1 1 0 -2 1 0 0 2 3 -1 0 -1 0 -1 0 2 -1 0 1 2 3 0 3 1 -1 1 0 2 2 1 0
0 0 0 1 0 0 0 -1 1 -2 1 0 1 0 -1 0 0 0 -1 0 3 0 0 1 -3 -1 0 0 0 -1 1 0 0 0 -1 1 0 0 -2 0 1 0 -1 0 0 -1 1 0 -1 1 0 1 2 1 0 0 0 0 -1 0 -1 0 -1 -1 -2 -1 0 0 3 0 -1 -1 0 0 -1 0 0 0 1 0 1 0 1 -1 1 2 1 2 2 0 17 2 -3 1 0 1 1 -1 -1 2 -1 -3 -1 -1 1 0 -1 1 1 2 -1 0 0 1 0 0 0 0 0 -1 0 0 -1 3 1 0 0 1 -1 -1 1 -2 -1 2 0 0 1 2 -1 0 0 1 0 0 2 -1 -1 1 0 1 0 1 -1 1 -2 1 1 3 -1 0 2 -1 3 -3 -1 -2 1 -1 0 0 -2 0 1 1 0 1 0 0 -2 1 1 0 -1 1 -1 -1 1 -1 0 1 -1 0 1 0 -1 1 0 2 2 2 0 0 3 0 1 1 -2 -2 -1 3
-1 1 1 -1 -2 1 -1 -1 -1 0 0 2 1 -2 -1 0 -2 -2 1 0 0 0 -2 0 -2 1 0 0 -2 2 0 1 -2 -3 1 2 -1 1 0 2 -2 1 0 1 -2 2 -1 -2 1 1 -1 1 2 -1 0 0 0 1 -1 -1 0 2 2 -2 2 0 0 0 2 -1 2 1 -1 1 0 1 -1 -1 2 0 3 -1 1 0 0 2 -2 2 0 1 2 27 -1 -1 0 0 0 0 2 2 0 4 -2 -2 0 1 1 1 -4 0 0 1 0 2 3 0 0 0 -1 0 -4 2 0 0 0 1 0 2 1 0 -2 -2 1 3 1 0 -1 2 2 -2 1 2 0 -2 1 1 -2 0 0 1 0 0 0 0 1 0 2 2 1 -2 -2 -2 -1 3 -1 2 -1 3 -1 -1 3 1 0 -2 1 5 1 -2 1 2 4 1 -1 1 1 1 0 2 0 0 1 1 0 1 2 0 -2 3 0 1 0 2 5 1 0 -3 0 0 0 0
0 1 0 0 1 0 0 -1 -1 1 0 0 -1 -1 -1 1 0 0 1 3 1 0 2 0 0 2 0 0 0 0 1 0 -1 0 1 -3 0 2 3 0 -1 1 2 -1 0 -1 0 -1 -1 -1 0 0 -2 -2 -1 0 1 -1 0 0 1 1 1 0 -1 -1 -2 -1 0 0 1 1 0 1 0 -1 -1 0 0 1 0 0 0 0 -1 1 0 -1 -1 2 -3 -1 19 1 1 1 0 1 -2 0 0 2 -1 0 -1 -3 2 -2 2 0 -2 0 -1 1 0 3 0 0 1 1 0 -1 1 1 1 1 1 1 0 1 3 0 1 0 0 0 0 -3 0 0 2 1 0 1 -3 1 -1 1 0 2 0 0 0 0 1 1 1 -2 -1 0 -2 -1 -1 1 0 -1 0 -3 1 -1 1 -1 0 0 1 2 0 1 -1 1 0 1 1 -1 0 -1 -1 -1 0 1 -1 0 1 0 -1 -1 -1 0 -2 1 0 3 1 -2 0 0 0 0 0 -1
1 2 0 1 1 0 1 1 0 1 0 0 -1 1 1 0 0 -1 0 0 1 1 0 -2 1 1 0 0 2 -2 0 -1 -1 0 1 0 1 -1 0 -2 0 0 4 1 0 0 3 2 0 -1 0 0 0 0 0 2 2 -2 -1 0 1 0 -1 0 -1 0 0 1 3 1 2 -1 1 0 1 0 1 0 2 0 0 1 -3 0 0 -3 -1 0 0 1 1 -1 1 19 0 -1 1 1 -1 0 -1 1 -3 -2 0 2 0 0 -1 0 -4 0 2 1 1 2 2 1 0 -1 -1 1 -1 4 -3 -1 -1 -1 0 -2 0 -1 -1 1 3 -1 -1 0 0 0 -1 3 2 0 1 -1 1 1 0 1 2 -1 -1 0 1 -1 1 0 0 1 1 3 0 0 0 0 1 2 0 1 0 1 1 -1 -1 -1 -1 0 -2 1 0 -1 -2 1 -2 1 1 0 1 1 0 1 0 1 -1 0 0 -2 3 1 0 -1 0 -1 -2 1 -2 0 0 1
2 1 2 0 0 0 1 0 -1 1 0 1 1 0 0 1 0 -1 0 -1 -1 -2 0 -1 3 -1 0 2 1 -2 0 0 0 1 -1 -1 -1 2 -1 -1 0 0 1 2 0 -1 1 0 -1 1 -1 2 1 1 -1 2 0 -1 0 0 1 2 1 -1 1 0 -2 -2 3 -1 0 0 0 2 1 0 -1 -1 0 -1 1 0 0 1 -1 -2 0 -1 -1 -1 0 0 1 0 21 0 -1 0 0 2 -1 2 0 3 -1 2 0 1 3 0 0 1 1 0 0 -2 0 1 0 1 0 -2 1 2 -1 0 3 1 1 0 0 0 -2 -5 0 2 -2 -1 -1 0 -3 1 0 -2 -1 -2 0 0 -1 1 0 2 2 -1 0 -1 -1 -2 -2 -2 1 0 -3 0 -2 2 0 1 0 -1 -1 0 -1 0 0 0 1 3 -1 -1 0 1 0 0 -1 0 -1 -2 1 0 2 1 1 1 0 0 2 0 0 1 0 1 1 -3 0 -2 2 -2 0 -1
1 0 0 -2 0 2 -2 0 2 0 -1 2 -1 1 0 -1 0 1 1 2 0 -2 -3 1 -1 0 1 0 -2 1 0 0 -3 0 0 3 2 1 0 1 1 -2 -1 -1 0 -1 0 0 -2 0 0 1 0 0 -2 3 -2 1 -1 2 1 0 0 -1 2 1 1 -3 0 0 0 -3 -2 1 0 3 3 0 -2 0 -1 2 -3 1 1 2 1 2 0 2 1 0 1 -1 0 23 1 0 3 0 0 -1 3 0 3 3 1 0 -1 0 2 -1 2 -2 2 0 1 0 1 0 0 0 0 0 0 2 -1 2 -2 -1 0 0 2 2 -2 2 -1 0 1 3 3 -1 -1 0 -1 1 1 0 1 0 1 0 2 -1 3 -2 0 1 2 0 1 -1 0 0 1 -1 1 -1 0 0 4 0 0 1 2 1 0 0 2 2 -2 -2 -1 0 -1 1 0 1 0 1 0 0 1 -1 0 0 0 -1 1 0 0 -1 3 1 1 1 3 0 -1 0
-2 0 1 -1 -1 2 3 1 1 2 0 -1 -1 -2 0 0 -3 0 4 -1 2 1 -1 -1 1 -2 1 1 0 0 2 2 -1 -1 4 0 -1 1 1 -2 -2 0 -2 0 -1 3 2 -1 -1 -1 0 0 -2 3 1 -1 0 -1 -1 -1 -2 -2 -1 2 0 0 -1 0 -1 0 1 0 -1 0 1 1 3 0 0 2 1 0 0 0 0 1 0 0 2 1 1 0 0 1 -1 1 22 1 0 -2 -1 0 4 -1 0 -1 -2 0 -1 0 0 0 0 0 1 -1 0 1 0 -1 -3 1 -1 0 3 -1 1 -2 -2 0 -1 -1 0 0 1 0 1 0 0 -1 -1 -1 1 -1 -1 1 -2 1 0 1 -3 1 -1 0 0 1 -1 1 -1 1 -3 0 0 0 3 2 0 0 -1 2 0 1 0 2 0 0 2 1 0 2 0 -1 1 -1 0 0 -1 -1 1 -1 1 1 2 -2 0 0 0 -1 0 1 -1 1 1 0 0 0 -1 -1 -1 0
1 0 -1 0 0 0 1 -1 0 0 0 0 -3 1 2 -1 -1 -2 1 0 1 1 -1 -2 0 0 -2 0 -1 -2 2 0 -1 -3 2 0 -2 -1 0 -1 -1 2 1 0 0 1 1 1 1 -1 -1 1 0 0 1 1 0 -1 2 0 0 -1 1 -2 -1 -2 -2 0 -1 2 0 -1 0 0 1 0 -1 -1 2 -1 0 1 4 1 3 -1 0 1 -1 -1 -1 0 1 1 0 0 1 22 -1 -2 -2 -1 0 -1 0 -1 0 2 1 0 -2 0 0 -2 -3 -1 0 -1 -1 2 1 1 2 0 0 -1 0 -1 1 -1 2 1 0 0 0 0 0 1 1 0 1 0 1 0 2 -1 1 -1 1 -1 2 -2 0 1 0 2 0 -1 -2 0 -2 0 -2 0 -1 -2 5 -1 1 -2 -1 1 0 0 1 0 2 2 0 -1 0 0 2 0 0 0 2 -2 1 1 0 0 -2 1 2 -1 1 -3 -1 -2 0 -1 -1 0 0 0 -2 0 0 -1
0 0 -1 1 1 2 -1 1 0 1 1 0 -1 1 0 1 1 -2 1 -2 -1 0 1 0 1 1 2 0 0 0 0 0 1 -2 0 1 0 -2 0 2 0 0 -1 2 1 0 1 2 1 0 2 0 1 -1 1 0 0 3 -1 1 -1 0 0 0 1 1 1 2 0 -1 -1 0 0 0 -2 4 2 1 1 1 -1 0 1 2 0 2 0 0 0 1 -1 2 -2 -1 0 3 0 -1 20 0 -1 -1 5 1 1 3 3 0 0 -2 3 0 4 1 5 2 0 -1 -1 -1 1 2 2 2 1 -2 -3 0 -1 0 1 -2 1 0 1 3 1 -1 0 1 1 -1 0 3 -1 1 -1 0 0 -2 1 1 0 0 2 3 -1 1 2 -1 1 0 -1 1 0 1 1 4 1 0 0 0 -1 2 0 2 -1 -1 1 0 -1 1 0 1 -1 1 -1 2 1 0 0 -2 0 0 -1 1 0 0 2 -1 0 -1 1 2 -1 0 5 1 -1 1
1 0 1 -2 -3 0 0 -1 0 0 1 0 0 -1 -1 0 1 0 1 1 1 -2 2 -1 -1 0 1 -1 0 0 1 -1 0 1 -4 1 1 -2 -1 2 -1 0 0 0 0 -1 0 -1 -1 1 -1 1 4 2 -2 0 2 2 1 0 1 1 0 0 1 -1 -3 1 -1 -1 -1 0 0 0 1 0 -1 0 -1 -1 -1 0 1 1 0 1 0 0 0 -1 2 2 0 0 2 0 -2 -2 0 15 0 0 0 2 -1 -1 1 1 -1 1 -1 1 0 2 1 1 2 0 1 -1 0 -2 0 -1 -1 -1 2 0 1 0 0 0 -1 0 -3 1 -1 0 0 -1 1 1 0 0 0 -1 0 0 -2 3 0 0 1 1 1 0 3 -1 -2 2 2 -1 -1 -1 0 0 1 -1 -1 -2 3 0 0 -3 0 1 2 -2 2 1 0 3 0 0 0 1 2 0 1 0 1 1 1 0 -2 0 0 0 0 -1 0 0 0 -1 1 0 0 -1 0 0
0 -2 0 0 1 0 0 0 2 -2 1 0 -1 -2 -1 0 -1 -1 0 4 -1 0 0 2 0 -3 -3 0 0 0 -1 -1 1 1 -2 1 0 2 0 0 2 -2 1 1 0 0 -1 -2 0 -1 0 0 -2 1 0 0 1 1 -1 1 -1 0 1 0 3 0 2 -2 0 1 -2 1 1 2 -1 -3 1 1 -3 1 1 -1 0 1 0 1 -2 -1 1 0 -1 0 0 -1 -1 0 -1 -2 -1 0 17 0 1 -1 2 1 1 2 1 -2 1 0 1 0 1 1 2 -1 0 0 -1 0 0 0 0 -1 0 -1 0 1 -1 1 1 -2 1 -1 0 0 1 0 0 2 0 -2 0 0 1 1 0 -1 -1 -2 1 0 0 -1 -1 0 -1 -2 -1 0 2 -1 0 -1 1 0 -1 -1 -1 0 -2 0 -1 0 0 -1 0 -2 0 -2 -1 -1 1 0 1 -1 -1 1 0 2 0 0 0 0 0 1 1 2 1 -1 0 1 1 0 1 2 3 0
2 2 -1 1 -2 -1 0 0 -1 -1 -1 -1 1 1 0 1 -2 -1 0 0 1 -1 -2 -1 4 2 0 0 1 2 0 0 0 1 0 0 -1 -1 2 0 0 1 1 0 -1 1 0 1 0 3 -1 1 0 -2 0 -1 -1 1 1 -1 1 0 2 1 1 0 0 0 0 1 3 1 2 3 0 0 -2 0 -1 0 0 -1 0 0 0 1 -2 0 0 0 -3 4 2 1 2 -1 0 -1 -1 0 0 16 -1 3 0 -1 0 -1 0 0 1 -1 0 0 -1 2 -1 0 1 2 -2 1 1 0 -1 2 0 3 0 -1 0 2 -2 0 1 -1 -1 0 2 -1 2 0 -1 -1 0 1 -2 1 0 2 -1 1 -1 0 0 -1 1 1 2 -1 -1 2 -1 3 1 1 -1 2 0 0 0 1 0 -2 0 3 -2 -1 0 0 -1 2 -1 1 1 1 -1 2 0 -1 0 2 -1 0 1 1 0 0 -1 -1 1 0 1 0 -2 0 0 -1 1 -3
0 -2 0 0 -1 0 1 1 0 0 1 0 1 1 -1 1 2 0 0 1 -1 1 0 0 -1 0 0 -1 0 0 0 -1 0 2 2 3 -3 1 -1 0 1 0 -2 0 1 3 1 1 0 0 1 0 0 0 0 -1 0 1 1 0 0 1 1 0 -1 0 -1 0 2 0 1 -2 -2 0 -1 0 1 0 -2 0 -2 1 0 0 0 3 0 -1 0 -1 -1 -2 -1 -3 0 3 4 0 5 0 1 -1 22 1 1 -1 2 1 3 -2 2 0 1 -1 1 -1 0 -1 0 -1 2 1 0 -1 1 0 1 0 0 1 0 0 -1 -2 0 1 0 1 0 2 2 -1 0 2 -1 1 0 0 1 -4 0 0 1 -1 0 0 0 0 2 -1 1 0 -1 1 0 1 4 1 3 -2 -1 1 -1 0 0 0 -1 0 0 -1 -1 0 0 -1 0 0 -1 -1 0 0 0 0 1 0 0 1 1 0 -1 -1 -1 -2 2 0 1 0 -1 3 -1 0
1 0 1 0 0 -1 -1 0 -1 0 0 0 1 3 0 0 0 2 0 0 0 0 0 0 2 2 1 2 0 -1 0 -1 -2 2 0 1 -1 -3 0 0 1 0 0 0 2 -1 0 1 -2 1 0 0 -2 -1 -1 0 -1 -1 1 1 1 0 1 1 0 0 -2 -1 -1 -1 -3 1 -1 1 1 1 0 1 -1 0 -1 1 1 1 1 2 1 -1 2 -1 -1 -2 0 -2 3 0 -1 -1 1 2 -1 3 1 14 0 2 0 0 2 -1 5 1 1 0 1 -1 -1 -1 1 2 2 1 2 -1 1 1 3 1 0 0 -1 3 -1 0 -1 0 -2 0 0 1 0 0 -2 0 1 -1 -1 1 0 1 -1 0 1 0 0 0 0 -1 1 -1 2 1 0 1 2 0 0 0 1 0 -1 1 1 1 0 -1 0 0 1 0 -1 2 0 1 0 0 0 1 0 0 2 -1 -2 0 1 0 0 0 -2 0 0 0 0 -1 1 1 -1 -2 -1 1
1 0 -2 0 1 0 -2 2 2 -1 1 0 -3 0 0 0 -1 -1 0 1 1 -2 0 -1 0 1 0 -2 -1 0 0 1 1 0 -1 0 0 1 1 0 1 2 3 1 1 4 1 -1 -2 0 0 0 -1 -2 0 0 -1 0 2 0 -1 -1 0 1 -1 0 0 0 0 1 -1 -1 2 1 3 0 1 1 -4 0 0 4 1 1 0 0 -2 1 1 0 1 0 -1 0 -1 3 0 0 1 -1 2 0 1 0 17 1 0 1 -1 0 1 0 -2 0 1 1 1 0 0 0 -1 1 0 -1 -1 2 0 0 -1 0 1 0 3 2 1 0 2 0 1 1 1 -1 1 0 1 1 2 -2 -1 -1 -1 1 0 0 0 -2 1 0 1 1 2 0 0 -2 1 0 1 1 -2 -2 -2 0 0 0 1 0 -2 0 0 1 -1 -1 -1 0 2 1 -1 0 0 3 0 0 0 0 0 0 -2 0 0 0 -1 0 5 0 0 2 -1 0 -1 0
1 1 2 1 0 0 1 0 -1 0 -1 2 2 -1 2 -1 0 0 2 0 -1 0 0 2 0 -1 0 1 1 1 0 -2 -1 0 -1 3 1 -1 -2 0 4 -3 1 4 0 0 1 0 2 3 2 0 -1 0 0 0 0 -2 2 0 0 -1 -1 0 0 2 1 1 1 3 -1 -1 -1 1 -1 2 3 1 -1 -1 -1 3 1 1 1 2 2 0 0 3 0 1 -3 2 2 3 -1 -1 3 -1 1 -1 -1 2 1 26 1 1 3 -1 2 1 2 -1 0 2 2 0 -1 -1 -1 -1 1 1 -1 -1 1 -1 1 0 -2 -1 -3 -1 1 2 1 -1 -1 3 0 1 0 1 1 1 2 0 -1 1 0 2 2 1 0 0 -1 0 1 0 1 1 -1 1 1 -1 0 1 1 2 4 3 1 3 -1 2 -4 0 2 1 -2 -1 -1 2 1 4 2 2 -1 -1 1 0 -4 1 1 -1 0 2 3 -1 1 2 0 -2 1 0 1 3 1 1
0 -2 0 2 -2 -2 0 0 -1 2 0 1 -1 -1 0 0 1 0 0 0 -1 -1 1 1 1 0 0 0 0 0 0 -1 -1 -1 -1 -1 3 -1 2 1 -1 0 1 2 0 0 0 -1 0 -1 1 0 0 0 1 -1 0 2 -1 -1 1 0 0 -1 0 -1 0 1 -1 0 2 -1 2 -2 2 0 1 2 1 2 0 -1 0 0 0 3 -1 -1 -2 1 -1 1 2 0 0 1 -2 0 3 1 1 0 2 0 0 1 17 -1 1 0 -1 0 0 0 3 -1 1 0 0 0 1 -1 2 1 1 0 2 -1 0 2 1 1 0 0 1 1 -1 1 -2 0 0 0 -1 0 1 -1 -1 0 -2 0 0 2 0 0 0 1 0 -1 0 3 0 1 0 0 0 -1 -1 2 1 -1 -1 0 0 0 0 3 -1 -1 0 1 0 2 1 1 -1 1 0 0 1 0 0 -2 -1 0 0 -2 1 0 0 1 0 0 0 0 0 0 2 0 -1 2
-1 0 0 0 0 2 1 0 0 1 2 0 0 2 0 0 0 -1 1 0 -2 0 2 0 1 -2 0 0 1 0 1 -1 -1 -1 0 0 -2 1 0 -1 1 -1 0 1 1 0 1 0 1 2 0 0 0 2 -1 0 2 0 1 0 1 -1 1 1 0 2 0 -1 -1 1 -1 1 0 1 -1 2 0 1 0 -1 1 1 3 2 0 2 -1 1 1 0 1 1 -2 0 1 0 0 2 0 1 2 -1 1 0 1 1 -1 20 1 1 -1 0 3 0 2 0 2 1 0 0 -1 -2 -1 -1 0 0 0 -1 0 -2 0 1 1 1 0 0 1 1 -1 1 -2 0 -1 0 -2 0 2 -3 0 0 0 1 5 0 1 1 1 0 -1 0 3 2 1 -1 0 0 4 1 0 1 1 0 0 0 0 0 -1 1 0 0 0 -3 0 0 2 1 0 -1 1 0 0 1 -2 1 0 1 -1 0 0 2 0 0 0 1 0 -1 -1 2 0 -1
-2 1 -1 2 -1 1 2 -1 0 0 0 0 1 2 1 0 0 -1 0 1 1 -1 -1 1 1 -1 1 2 2 1 0 -1 -2 -1 0 -1 2 -1 2 0 2 2 -1 -1 0 -2 1 0 0 2 1 0 1 -3 0 3 1 -1 0 4 1 -1 2 0 -3 2 -2 -3 0 0 -2 1 1 0 1 1 2 0 0 0 -1 -1 1 4 0 5 -1 0 -1 2 1 -4 2 -1 3 -1 -1 1 0 -1 1 0 3 2 -1 3 1 1 22 0 2 0 1 0 -1 1 0 0 0 0 2 0 0 -1 0 0 0 2 -1 1 -1 -2 -3 -4 0 1 1 -1 0 1 -1 2 0 3 0 2 -1 0 -1 -2 1 -1 1 0 -2 1 1 -1 -1 0 2 1 5 0 -1 -3 2 -2 1 3 0 0 0 1 0 1 -3 -1 0 0 0 0 1 3 0 0 1 -1 -1 0 0 0 -2 0 2 -1 1 1 -1 1 -1 3 1 -1 2 -1 0 2 0 2
1 1 2 0 0 0 1 0 0 0 1 0 -1 0 1 0 0 2 0 1 0 -1 2 0 0 -1 2 0 0 0 0 -1 0 0 -2 -5 0 0 3 1 0 -1 2 0 -1 1 2 1 1 -1 0 1 2 2 -1 1 0 1 -1 0 0 -1 -1 0 0 -1 3 0 2 0 0 0 1 0 -1 2 1 2 0 0 1 0 2 0 1 0 2 2 0 2 2 0 0 0 0 0 0 0 -2 1 -2 0 -2 -1 0 -1 0 1 0 13 0 0 -1 0 -2 1 1 0 2 0 0 0 0 1 1 1 1 0 2 -2 -1 0 1 1 0 0 0 -1 0 -1 0 0 0 2 1 0 0 1 0 2 1 1 -1 1 0 0 2 -1 -1 1 1 -1 3 0 0 1 1 -2 0 3 -1 -1 1 1 0 -1 0 0 0 0 0 1 -2 -1 0 0 4 2 0 0 -1 1 0 0 0 0 0 0 1 0 -1 2 0 1 0 0 0 -2 -1 1
0 1 1 0 0 2 1 0 -1 0 1 0 1 1 0 1 0 0 0 -2 1 -1 -1 1 3 1 3 -1 0 0 0 1 -1 -1 -2 1 2 -4 1 2 1 -1 -1 -1 -1 3 -1 -1 -1 1 0 0 -3 -1 -1 -1 -1 -2 2 1 -1 1 0 2 1 1 -1 0 -1 2 -1 2 -3 0 1 1 0 1 -1 0 -1 -2 1 1 0 2 -1 1 2 -2 -1 0 -2 -4 0 2 0 -2 3 -1 1 1 2 5 1 2 -1 -1 2 0 24 0 2 -1 3 2 -1 0 0 -1 -1 1 0 0 -1 2 0 2 -1 2 -3 -1 0 0 -1 1 -1 -1 0 1 -1 0 0 0 -1 1 1 1 0 -2 0 0 0 -1 0 -1 1 1 2 -1 0 1 -3 0 0 1 -4 -1 0 -1 0 -1 -1 2 2 -1 1 -1 2 1 2 0 -1 1 1 3 -3 1 -2 0 1 -1 1 0 -1 1 0 1 -2 3 0 2 1 1 2 3 3 1 0 2
1 0 1 0 1 0 -2 0 0 -1 0 1 1 0 0 0 2 2 1 0 0 0 1 0 0 0 0 0 1 0 0 -1 0 0 -1 0 0 1 0 3 0 1 1 0 0 -2 0 0 1 0 0 0 -1 -1 1 -1 1 -1 1 -2 1 1 -1 0 1 -1 1 -1 0 0 -1 3 -1 0 0 0 0 -1 1 1 0 3 0 0 0 0 -1 -1 0 0 0 1 0 0 1 -1 0 0 0 1 0 -1 0 1 0 1 0 0 0 0 0 10 1 0 1 0 3 0 0 0 0 1 0 0 1 3 0 2 0 -1 -1 0 0 -1 1 1 0 0 0 0 -1 0 0 1 1 0 1 0 0 1 0 2 0 -1 0 0 -1 0 0 1 0 0 -1 -1 0 0 0 1 0 0 0 0 0 0 1 0 0 2 -1 -1 0 -2 0 0 0 0 0 0 0 0 0 1 0 0 0 0 -1 1 0 0 -1 1 0 0 0 1 1 0 0 2
2 0 2 -1 0 2 4 1 0 -4 0 1 -1 5 -1 1 0 2 -1 -1 -1 1 2 0 0 0 0 1 0 0 1 0 -1 -1 0 1 -5 1 -1 2 -1 0 -1 2 -1 2 0 4 2 0 3 1 -3 2 2 2 2 1 1 1 4 2 0 1 2 0 0 -3 5 1 1 -1 -3 1 -3 1 -1 2 1 1 2 0 -4 0 -1 -1 -1 -2 -1 1 0 0 -1 2 1 2 0 0 4 0 1 0 1 1 -2 2 0 3 1 -1 2 1 26 0 0 0 4 -1 1 0 0 0 -1 0 3 -2 1 1 0 -1 -2 0 1 0 2 4 -1 0 1 2 1 0 0 0 -2 1 1 0 1 0 -1 1 0 1 1 3 0 2 0 -1 -2 0 -1 1 2 2 1 3 0 1 2 0 -2 -1 2 2 -1 2 3 0 0 -2 -1 0 -1 1 -1 1 1 0 1 0 0 0 -1 0 1 0 0 2 1 2 0 1 1 1 3 1 0 3
2 1 0 0 0 -1 -1 0 0 1 2 0 -1 2 0 2 1 -1 -3 0 1 -1 3 1 -1 0 1 -1 1 1 0 1 3 0 0 0 0 0 -1 4 -1 1 1 0 0 -2 0 0 0 0 -1 -1 -1 0 0 1 0 1 -3 0 1 0 0 -3 -1 1 2 0 1 0 1 0 0 0 1 0 0 0 -1 1 1 0 0 1 0 0 1 -2 0 1 1 2 1 1 0 -2 0 -2 1 2 0 0 -1 0 0 -1 0 0 0 0 -1 0 0 13 3 0 0 0 0 -1 0 1 0 0 1 0 1 0 0 -1 0 1 -1 0 0 0 1 0 0 1 2 0 0 -1 1 0 0 -2 0 0 0 -1 0 0 0 1 1 0 0 1 0 -1 1 0 0 0 2 -2 -1 -1 2 0 1 0 -2 0 0 0 1 3 1 3 0 2 0 -1 0 0 0 0 0 0 1 0 -2 -2 0 2 -1 -1 0 1 1 1 1 -2 -1 0 -1 0
-2 0 -1 0 -1 2 0 -1 1 2 0 -1 1 0 0 0 2 0 1 0 0 2 1 0 0 -1 2 -1 0 1 -1 -1 0 -1 -2 2 2 0 -1 2 0 0 0 -2 1 -2 -1 1 -1 1 2 -1 -1 0 0 2 -1 0 1 1 4 0 0 0 0 1 0 0 0 0 0 0 -1 -2 3 4 -1 -3 0 0 0 2 1 0 0 2 1 2 2 0 0 3 0 1 0 2 1 -3 5 1 1 -1 1 1 1 0 3 2 -1 -2 3 1 0 3 24 1 0 2 1 -1 0 1 0 2 0 -1 -1 -1 1 1 -1 -1 -2 -1 1 -1 1 1 0 1 0 1 -2 -2 0 0 -1 -1 3 -2 -2 0 3 -2 0 2 -1 0 0 1 1 0 0 0 2 0 -3 1 -2 1 4 1 -1 1 1 1 2 -1 0 2 1 -1 2 1 0 1 -3 1 0 1 1 -1 0 1 0 0 0 1 2 2 0 -1 1 0 0 1 2 1 1 0
1 2 -2 0 0 4 -1 -1 0 1 2 0 -2 -1 -1 0 2 -2 0 1 -1 0 1 1 2 1 -1 -1 1 3 1 0 0 0 -1 -1 0 -2 0 0 1 0 0 -1 0 0 1 -2 2 4 -2 -1 2 1 2 0 0 -2 0 0 -2 -1 -1 1 -1 1 1 2 -1 1 3 1 3 1 0 0 -1 0 -2 -1 -2 -1 -2 0 -1 1 1 1 -1 1 0 0 3 2 -2 0 -1 -1 2 1 1 2 -1 -1 1 2 -1 0 1 1 2 0 0 0 1 21 -1 0 1 0 -1 0 -1 3 2 1 0 3 0 -1 1 -2 1 0 1 0 0 -1 2 1 0 1 0 -1 -1 2 0 2 2 2 1 1 1 1 1 -1 3 1 1 -1 2 -1 1 -3 1 -2 2 0 -1 1 0 -2 0 3 1 1 -2 0 0 -1 2 -1 2 -1 -1 2 0 1 0 0 0 1 4 0 0 0 -1 0 0 3 0 1 0 1 -2 1 2 0 1 -1
0 0 1 0 1 -1 0 0 0 0 2 0 -3 -1 0 0 2 1 0 1 -1 0 1 0 0 -1 1 -1 -1 0 0 0 -1 0 0 0 0 1 2 0 0 1 0 2 -1 0 -1 0 0 0 1 -1 1 0 0 2 2 1 0 0 0 2 -1 0 0 -2 0 1 0 1 1 0 0 -1 -1 0 0 1 -1 0 0 3 0 0 0 0 0 0 1 1 0 0 0 2 0 1 0 0 0 2 2 -1 0 -1 1 2 1 2 0 1 -1 3 4 0 0 -1 12 0 1 0 -1 0 2 -1 1 1 1 -2 1 0 -1 0 0 0 0 0 0 0 -1 1 1 0 1 0 0 -1 1 -1 0 -1 0 0 0 0 0 1 -1 0 0 2 -1 1 0 0 0 0 1 -1 0 0 2 1 0 1 -1 0 -1 0 1 0 0 0 0 -1 0 1 0 -1 2 0 0 3 -1 0 0 0 0 0 1 -1 1 1 1 0 0 1 -1 2 0 1
-1 0 -1 0 0 1 0 0 1 3 0 -1 1 1 0 0 0 0 0 -1 0 0 0 -1 0 0 0 0 0 0 -1 1 1 -1 -1 0 0 1 0 -1 -1 0 0 0 0 -2 0 1 0 0 0 0 0 0 0 0 0 0 0 1 0 0 -1 0 0 0 0 0 0 1 0 0 1 0 1 0 0 0 0 0 0 0 0 0 0 1 0 0 0 0 0 0 0 1 1 0 1 -1 -1 0 -1 0 -1 -1 0 0 0 1 0 0 0 0 -1 0 2 0 0 7 0 -1 0 -1 0 0 0 1 -1 -1 0 0 0 0 0 0 -1 0 0 0 0 -1 -1 -1 2 -1 0 0 0 0 0 -1 -1 0 1 0 0 1 0 0 0 3 -1 1 0 -1 0 1 -1 0 0 0 0 0 1 1 0 0 0 1 -1 0 2 -1 0 0 0 0 0 -1 -1 0 0 0 0 0 0 -1 0 0 0 -1 0 0 0 0 -1 0 0 0 0 -1
1 2 0 -1 0 0 1 0 1 0 1 1 -1 0 0 0 0 0 0 0 1 1 0 1 0 -2 1 2 -1 1 -1 -3 0 3 2 0 -1 -1 0 2 -1 2 0 -2 2 2 1 1 -1 2 0 0 0 3 2 1 -2 2 2 1 -1 1 -1 0 1 0 1 -2 0 1 3 0 0 0 -3 0 -2 2 -1 1 1 1 0 0 0 -1 0 0 1 1 0 -1 1 0 0 1 0 -1 -1 1 0 1 0 1 0 -1 0 0 0 2 0 0 1 0 1 1 1 0 15 -1 2 0 0 1 -2 -1 0 1 0 0 1 1 2 0 -1 0 0 0 0 1 1 0 0 2 1 0 -1 0 0 0 0 2 1 0 0 -1 -2 1 0 1 1 2 -2 1 0 -1 0 0 -1 1 2 0 0 -1 3 -1 1 0 2 0 0 2 0 -2 1 3 2 1 0 1 0 1 -1 3 0 -1 0 2 1 0 0 0 1 0 -1 -1 0 0 0 -1
2 -1 -1 0 0 0 2 -1 0 1 0 0 0 3 0 0 0 0 0 2 -3 0 0 0 -2 0 -3 0 -3 0 1 -1 -2 -1 1 0 1 -1 0 -3 0 -1 1 -2 -2 1 -1 -1 -3 0 0 1 -1 0 0 0 0 -1 0 0 -1 0 0 1 0 0 0 0 1 1 0 0 2 -1 2 0 0 -1 0 0 1 0 0 0 0 -1 -1 0 -1 0 -1 0 1 -1 1 0 -1 2 -1 -1 0 2 -1 2 0 -1 0 0 0 0 -1 0 0 -1 -1 0 0 -1 -1 13 -1 2 3 -1 1 0 0 4 -1 -1 -1 1 1 1 2 -2 0 0 0 0 -1 1 -4 -2 0 0 0 -1 -1 0 0 0 0 -1 0 0 -2 -1 -1 0 -1 -1 1 0 2 -1 0 0 0 -1 0 0 1 0 -1 0 -1 1 -2 -1 1 -1 0 0 0 -2 -1 -1 0 0 0 1 0 0 1 0 0 -1 0 -1 0 0 -1 -1 -1 -1 1 1 -1 1
0 0 0 0 2 0 2 0 0 0 -2 0 2 2 0 0 2 0 -2 0 0 -1 -2 0 0 -1 1 1 0 -3 0 -2 1 1 1 -1 -1 -1 -1 2 0 0 0 0 2 -1 0 1 -2 1 0 0 1 0 1 0 -1 1 0 1 0 0 -2 -1 0 0 1 -1 0 0 0 0 0 0 -1 1 0 1 -1 -2 -2 -1 0 1 1 1 1 -1 0 -1 0 -4 0 -1 0 0 -3 1 1 0 -1 -2 2 2 -1 -1 1 -1 2 0 -1 0 0 0 0 -1 -1 0 2 -1 15 1 1 -1 -1 1 0 0 0 0 1 3 1 -1 -1 1 0 1 0 1 -1 0 -1 0 1 -1 1 0 0 -1 1 -2 0 0 1 -1 1 0 -1 0 2 1 0 1 -2 0 1 1 2 0 0 -1 -1 1 0 -2 1 1 -1 0 1 0 1 -1 0 0 1 0 -2 1 1 -2 0 0 -1 1 0 -1 2 -2 -1 2 -3 -1 0 0 -1 0 -2 -1
1 3 0 0 2 1 3 -1 1 1 2 0 0 2 -1 0 -1 1 0 2 0 1 -1 1 -2 2 0 0 1 -1 0 2 -1 0 0 0 2 1 0 2 -1 0 0 0 1 1 1 0 0 2 1 0 -2 -2 0 1 0 0 -1 0 0 0 -1 -1 -1 1 0 -1 0 2 0 -2 3 0 0 0 1 0 0 -1 -1 2 2 -1 1 0 1 1 1 -3 0 2 -1 1 -2 0 1 1 2 -2 0 1 1 1 1 -1 -1 -2 0 0 1 1 0 1 1 0 0 -1 0 2 1 16 0 -1 1 1 -1 3 -1 0 -2 1 0 0 2 0 -1 1 1 0 2 0 0 -1 0 0 2 -1 -1 -1 0 0 0 0 -1 2 2 0 0 -1 -2 1 0 2 1 0 1 3 2 -1 -1 1 2 0 1 1 3 -1 1 1 1 -1 0 1 1 0 2 -1 -1 1 0 0 2 0 0 0 -1 0 2 -3 0 -1 1 2 0 1 1 0 0 1
0 0 -1 1 0 0 -1 -1 0 3 -1 0 0 1 0 0 0 0 0 1 -2 0 -2 0 1 2 -1 -1 0 0 1 0 -1 1 0 0 -1 -1 0 0 0 0 2 2 0 0 0 -1 0 0 1 -1 -1 0 0 3 0 -1 0 0 1 0 0 -1 1 0 -1 1 -2 1 -1 0 1 0 1 0 0 2 -1 0 0 -1 -1 -1 2 2 0 0 0 0 -1 0 1 -1 1 0 -1 2 2 0 0 1 0 2 0 1 2 -1 0 0 0 0 -1 0 0 -1 2 0 0 3 1 0 12 1 -2 0 0 0 0 1 0 3 0 0 -1 0 0 1 -1 0 1 1 -2 -1 -1 -1 0 -1 0 0 0 -1 -1 0 1 1 0 0 1 1 2 0 0 2 1 -1 1 -1 0 -1 1 0 -1 2 0 0 -1 0 -1 0 0 2 1 0 0 0 1 0 0 0 0 0 1 0 1 0 0 0 1 -2 1 1 0 0 0 0 -1 1 0 1
3 3 -2 2 3 -1 2 1 0 -1 1 0 1 -1 2 0 0 1 1 -1 -1 1 2 1 4 -2 -1 0 0 -1 0 -2 0 0 -3 -1 0 0 0 1 -3 0 2 -1 0 -1 1 1 0 1 1 0 3 -1 1 -1 0 -1 -3 3 -1 -2 -1 -4 -3 0 0 0 3 -1 -2 0 -2 0 -1 1 0 -1 2 0 0 0 -2 0 0 -2 -1 0 -1 -3 3 0 1 4 2 0 0 0 2 -1 0 0 -1 -1 -1 1 1 -1 -1 1 0 0 0 0 2 3 -1 0 1 -1 -1 -1 1 27 0 1 -1 0 2 -1 0 0 -2 -3 1 -1 0 0 -2 0 -1 2 0 1 -1 0 1 0 0 0 1 -2 -1 0 -1 0 -2 0 0 -5 0 -1 1 -3 0 -2 -1 0 -1 0 -1 -1 -2 1 0 -1 0 -1 0 0 -1 3 4 0 0 -1 1 0 -1 0 1 0 0 0 -1 -1 0 1 2 0 1 0 -1 -1 -2 0 1 -1 1 2
0 0 1 0 1 1 -1 1 0 1 2 0 -2 1 0 -2 0 2 -1 -1 -3 3 3 1 0 0 0 0 -1 1 2 1 0 -2 1 -3 -2 1 1 2 -1 2 2 1 0 -2 0 1 0 0 0 0 2 -1 0 -3 1 2 -3 -1 -1 -1 1 -1 0 0 2 -1 1 -1 0 0 -1 -1 2 -2 1 0 -1 0 2 -1 3 0 -2 1 0 -2 -1 0 1 0 1 -3 -1 0 3 0 1 -1 0 -1 1 1 -1 -1 1 0 0 1 -1 1 3 1 0 2 1 0 -2 1 -1 1 -2 0 27 0 2 0 1 0 -1 -3 -1 -1 2 0 0 0 0 0 2 -1 -1 -2 3 2 0 1 0 -2 -1 2 1 0 2 2 0 0 0 -5 -4 -1 0 -1 2 0 -1 1 0 -2 -2 0 -1 1 0 1 2 1 4 1 -1 0 1 0 0 0 1 1 1 -2 -2 -1 0 -2 -1 0 1 -2 1 3 0 -2 1 1 -1 1 1 3 0 4
0 -3 1 1 1 0 -1 -1 -1 2 0 1 2 1 -1 0 -1 0 0 1 -1 -1 1 -2 2 1 1 -1 3 2 0 0 -1 3 0 -1 0 0 0 2 0 2 0 2 -1 0 -1 0 0 0 -1 1 -1 -1 -1 0 1 -1 -3 -2 -1 2 0 0 -4 -1 0 -1 2 0 1 3 -2 1 2 2 1 0 -1 -2 -1 -1 -1 2 0 1 -3 1 -1 -2 0 1 1 -1 0 2 -1 -1 -2 -1 -1 2 0 1 2 -1 0 0 0 1 2 3 -2 0 -1 1 1 1 -1 0 1 1 0 1 0 23 2 4 1 0 1 2 2 1 1 1 -1 -1 -1 0 1 -1 0 2 0 3 1 2 0 -1 0 0 1 -1 -1 0 1 2 1 1 -2 0 0 -1 -1 0 0 0 1 0 1 -2 2 1 3 -1 -1 2 -4 -1 1 0 1 0 -1 -2 0 -1 -2 -1 0 1 0 1 0 1 -4 3 1 0 -3 5 0 -1 -1 2 -3 1 -3 -2
1 0 1 -1 0 -2 1 0 -1 -1 -1 2 0 0 -1 1 0 0 0 1 -3 0 1 -1 0 -1 0 1 -1 0 1 0 -1 0 0 0 0 0 -1 2 1 -1 0 0 -1 0 1 -2 0 -1 0 0 -1 0 -1 0 0 0 0 -1 0 0 -1 1 -2 -2 -3 0 1 -1 0 -1 1 0 1 3 0 1 0 0 2 1 1 0 -1 -1 0 -1 0 -3 0 0 1 -1 3 -1 1 0 -3 2 0 0 1 3 0 1 2 0 0 1 0 0 1 1 -1 0 1 -1 0 0 0 -1 0 -1 2 2 15 0 1 0 -1 0 -2 -2 0 1 -2 0 0 0 0 1 -1 0 0 -1 1 0 0 1 0 1 0 0 -1 0 0 0 0 -2 0 0 1 -1 0 0 1 -3 1 0 -1 -2 1 1 -1 -1 -1 1 -1 2 -2 0 0 -1 0 1 -2 1 0 -1 1 0 -1 -1 -3 0 0 -1 -1 0 -1 1 0 -2 0 -1 -4 -3 0 1
4 -1 1 1 1 0 -1 -2 1 0 -2 1 2 2 0 0 0 -1 1 1 0 1 0 0 -2 0 -2 2 -2 1 1 0 0 3 -2 0 0 0 0 2 1 -1 2 1 -1 2 0 0 -1 2 1 1 -2 1 0 -1 -1 -1 0 1 1 0 0 0 0 0 0 -3 1 2 2 0 -1 1 1 2 -1 -1 1 0 0 0 -3 1 0 0 -3 1 -1 0 1 2 1 -1 1 2 -2 -1 0 0 -1 3 0 1 0 -1 -1 -1 2 0 2 2 1 0 -1 3 -2 -1 1 4 0 3 0 0 0 4 0 22 0 0 -1 2 0 0 2 0 -1 -1 -1 0 0 0 0 0 -1 1 2 2 1 0 0 0 0 1 -1 1 1 2 2 1 -2 -2 -1 -4 -1 -1 -2 3 -1 -1 2 -1 0 0 4 1 -2 -1 -1 -3 1 2 -2 1 0 -1 0 1 -2 0 -1 1 3 0 0 1 -2 1 0 3 -2 1 1 0 -2 -1 3 1 0 2
4 1 1 1 -4 -1 -2 -2 -1 1 -1 0 0 1 1 0 -1 -1 0 0 1 0 3 1 0 1 -1 1 1 3 0 0 0 0 -1 -1 -2 1 0 1 0 0 0 2 0 0 1 1 1 0 0 0 2 2 2 0 0 -1 0 2 1 0 1 -1 0 -1 3 1 3 0 1 1 0 0 0 -1 -1 0 0 -1 -1 1 0 1 0 1 -2 0 -2 0 -1 1 0 0 1 -2 -2 1 -1 1 0 0 0 0 -1 1 0 0 -1 2 -1 0 0 0 1 0 1 0 0 -1 0 -1 0 2 1 1 1 0 16 1 0 1 0 0 2 2 0 0 -1 0 -1 0 0 1 0 0 0 0 1 0 -1 0 0 0 0 1 -1 0 1 -2 0 -1 -1 0 1 2 0 -1 -1 0 0 1 1 1 1 1 3 -3 0 -2 1 -1 1 -1 1 0 2 0 0 0 1 0 -2 1 0 0 0 0 -1 0 1 1 -1 0 1 -1 0 2 2 0
1 0 2 0 -2 0 0 0 0 2 0 0 0 -1 0 0 0 0 1 -1 1 1 0 1 0 1 0 0 1 1 0 2 1 0 1 -1 1 0 1 1 -2 0 -1 2 1 1 -1 -1 -1 0 2 -1 -1 -1 -1 -1 0 -2 -1 0 0 1 1 0 0 0 0 -1 -1 -1 0 0 0 0 2 0 0 1 -1 0 -1 0 -1 0 0 1 -1 0 0 0 -1 0 1 -2 0 -1 0 -1 0 0 1 -1 1 0 0 0 2 -2 1 -2 2 -1 -1 -1 1 -1 0 0 0 -1 0 0 1 -1 0 0 0 0 1 11 1 0 0 0 -1 2 0 0 -1 0 0 0 0 0 0 0 -1 1 0 1 0 0 -1 0 -1 0 0 0 -1 -2 -1 0 -2 0 0 0 0 1 0 -1 -1 0 0 0 1 0 1 0 0 -1 0 1 1 -1 0 0 0 0 0 1 0 -2 0 0 -2 0 0 1 -1 0 0 0 0 0 1 0 -1 0 1 0
0 -1 1 3 -2 1 0 0 1 0 0 0 -3 -1 1 0 1 -1 -1 -2 0 -1 1 0 -1 1 0 1 1 1 0 -1 0 -1 3 0 -2 0 -1 0 0 3 0 0 1 1 2 0 1 -1 -2 0 2 0 -1 -1 0 2 -1 1 -2 0 0 0 0 -1 -2 0 0 0 2 1 1 -1 1 3 -1 1 -1 -1 -1 -1 0 -1 1 -1 0 -1 0 1 1 -2 3 0 0 0 -1 2 1 0 -1 0 0 -1 1 -2 1 0 -1 -1 -3 -1 -2 0 -1 1 -1 0 1 -1 1 -2 0 0 -1 1 -1 -1 0 1 17 0 1 0 -1 0 -1 0 0 0 2 0 0 1 -1 2 1 1 -1 1 1 2 1 0 0 0 0 0 -1 -1 -1 0 0 -1 0 -1 0 1 2 -1 0 0 0 -1 2 -1 -1 1 -1 0 0 0 2 -1 0 0 0 1 0 0 -1 0 -1 0 0 -2 0 2 -1 -1 -1 -1 0 1 2 0 1 0 -2 -2
2 -1 0 1 -2 -1 -1 -1 1 1 1 1 0 3 0 -1 2 1 0 0 -2 -1 1 1 3 2 -1 0 1 2 -1 1 1 2 -1 0 -2 -1 0 0 0 0 2 2 2 0 0 2 1 1 0 0 -1 0 -1 1 0 1 0 2 2 0 -1 -1 2 0 0 -2 -1 1 1 1 0 0 -1 0 0 1 0 0 -1 3 0 0 2 2 0 -1 1 -1 -2 -2 0 -1 0 0 -1 1 -2 0 1 2 0 3 0 -1 1 1 -2 0 -1 0 0 1 -1 -2 0 0 1 1 3 1 3 0 -3 2 0 2 1 0 0 18 2 -1 0 0 0 1 1 1 0 2 -1 -1 1 0 -1 1 0 0 0 1 0 0 3 -1 0 1 0 1 0 -1 0 1 -1 -1 2 -1 0 2 0 -1 0 0 0 -1 2 0 -1 -1 0 0 2 -1 3 0 3 0 0 -2 2 -1 -1 1 0 1 0 0 1 -3 0 1 0 -1 1 0 -1 0 2 -1
-1 -4 -1 -1 2 0 0 2 2 1 0 0 -3 0 1 0 -1 1 0 0 0 0 1 -1 1 1 0 -2 0 0 -1 0 -1 -1 2 0 0 -1 1 -1 -2 0 0 -3 -1 1 0 0 3 -2 -1 -1 -1 3 2 0 0 -1 -1 1 -2 0 0 2 1 -2 3 -1 0 2 -1 1 2 3 -1 1 -1 2 1 -1 3 2 0 1 -1 2 -3 1 0 1 -1 1 1 -1 -2 2 0 0 1 -1 1 -2 -1 -1 3 -3 0 1 -3 1 0 0 1 -1 -2 1 0 0 2 1 1 0 0 -2 -1 2 -2 0 0 0 1 2 20 -2 1 2 -1 0 2 -1 1 1 0 0 -1 -3 1 0 -2 1 -1 1 -2 0 2 0 -3 0 0 0 -3 -1 -2 -1 1 1 2 -2 0 1 -1 -3 1 2 0 -1 5 2 1 0 0 -1 0 -1 3 0 -1 0 0 2 -1 -1 -2 0 1 0 0 0 1 2 -2 2 2 1 -1 0 1 1 -1 -2
-1 0 1 1 0 1 -3 -1 -1 0 0 -1 -1 -1 0 0 0 0 0 -2 2 -3 0 0 -1 2 -2 0 -2 2 1 0 0 1 -1 1 0 -3 1 1 0 1 0 2 1 2 -1 -3 -2 -2 -2 0 -1 -1 0 -2 -2 0 0 -2 1 -2 -1 1 -1 0 0 0 2 0 1 -1 -1 -2 -1 -1 -1 1 0 0 -1 -1 0 -2 1 0 0 1 1 2 2 3 0 1 -5 2 0 0 0 0 -2 0 -2 0 2 -1 0 1 -4 1 0 -1 0 0 -1 0 0 0 0 1 -1 0 0 -3 -1 1 -2 0 0 0 0 -1 -2 20 -1 0 1 -1 -1 0 1 -1 -1 -2 1 2 -2 0 2 1 -1 0 -2 0 0 0 -1 1 0 2 1 -2 -1 1 -2 0 -2 2 -2 0 -1 1 -1 0 0 0 -1 -1 -1 1 2 -1 -1 0 1 -1 0 -1 0 0 0 -2 0 1 -1 0 -1 -1 -1 2 1 -1 1 1 0 1 -2 -2 -2 1
2 -1 1 1 0 0 2 2 0 1 0 0 0 1 1 0 -1 2 1 4 -1 0 2 1 1 -1 0 1 1 1 -2 2 0 0 3 -1 1 -1 1 0 0 -1 1 0 1 0 0 0 -1 -1 2 1 0 -1 3 -1 1 -1 0 0 1 -3 1 0 0 2 1 -1 1 1 2 1 0 0 1 -1 -1 1 2 1 2 2 0 -1 -1 -2 -1 -1 0 0 0 1 0 3 0 -2 1 0 1 -3 1 1 0 -1 1 1 1 0 0 0 -1 1 2 0 1 1 0 -1 -1 2 -1 2 -1 1 2 1 0 2 2 -1 -1 0 1 -1 18 0 0 1 -1 1 1 1 0 2 1 1 -1 0 0 2 -3 0 0 0 0 1 0 0 1 -1 -1 1 0 -3 0 3 0 4 -1 1 -1 0 1 1 0 1 0 0 -1 0 0 -1 -2 0 0 1 0 -1 -1 0 0 1 0 -1 0 0 -1 0 1 0 -1 1 0 0 -1 0 1 1 0 2
0 -1 2 0 -1 2 0 0 1 1 0 1 -1 0 0 0 0 0 3 0 0 -1 -2 0 2 1 2 1 0 1 0 2 0 0 2 0 0 -1 -1 3 0 -1 0 1 1 -1 1 0 0 1 1 0 0 -1 2 1 -1 1 -1 1 -1 0 0 1 3 -1 2 -2 0 1 3 0 -2 1 -2 1 0 -1 1 0 -1 2 1 2 0 0 1 -1 0 1 0 0 0 -1 2 2 0 0 3 1 -1 -1 1 0 0 2 1 0 1 0 1 1 4 0 -1 0 0 0 0 -2 1 0 0 -1 0 1 1 0 2 2 0 0 2 0 0 16 0 1 -1 2 1 0 0 0 -1 0 1 0 0 4 2 -1 0 0 1 0 1 2 0 -2 2 1 -2 -1 -1 0 1 1 -1 1 0 0 0 2 3 0 1 0 0 0 0 -1 -1 -1 1 0 0 1 0 0 1 -1 -1 0 0 0 0 -1 0 0 0 1 -2 1 2 -1 1 1 1 0
-1 1 0 0 -1 1 0 1 0 0 0 -2 -1 1 -1 0 1 -1 0 -1 1 0 1 0 -2 -1 0 0 1 1 1 0 2 0 0 -2 -1 0 0 0 1 0 1 0 0 1 -1 -1 0 1 0 0 1 0 0 0 0 0 0 -1 1 0 0 0 1 1 0 1 -1 0 0 0 -1 -1 -1 -2 0 -1 0 0 0 0 1 0 1 0 0 0 1 0 1 -1 0 -1 -2 -1 1 0 1 -1 0 -1 0 -2 2 1 -1 1 1 0 -1 0 -1 1 1 0 0 0 0 0 0 -1 0 0 0 -1 -2 -1 0 0 -1 0 -1 1 0 0 10 0 0 1 0 0 0 1 0 2 -2 -3 0 -1 -1 -1 0 -1 0 1 0 1 0 0 0 0 2 -1 0 -1 -1 -2 -2 1 0 0 0 0 -1 0 -1 0 -1 1 1 0 0 0 -1 1 0 0 0 0 0 -1 1 1 0 0 0 0 -1 0 1 1 1 -1 1 -1 0 2 1 -1
1 0 -3 0 -1 0 -1 4 0 1 1 0 1 0 0 0 -1 1 0 -1 0 -1 -2 -1 1 1 0 0 1 0 0 -2 -3 0 1 0 0 -2 0 1 -1 0 2 -1 0 0 0 -1 1 0 1 0 1 1 0 2 0 0 1 0 0 1 -1 1 1 -1 1 1 -2 1 -1 1 0 -1 1 -1 0 -1 0 0 2 1 2 0 2 0 1 -1 0 0 2 2 -3 0 -1 0 0 1 -1 0 0 0 1 0 0 -1 1 1 -1 -1 -1 0 0 0 1 -1 0 0 0 0 1 1 1 0 0 -1 0 -1 0 0 0 1 0 -1 1 1 0 15 0 0 0 1 0 -1 1 0 -2 -1 0 0 1 0 0 0 0 0 0 0 0 0 1 0 0 0 2 0 1 1 0 -1 0 0 2 0 1 0 0 1 -1 1 1 -1 1 0 0 0 2 0 -1 0 0 -1 -1 -1 0 -1 0 -1 0 0 -1 0 -1 1 0 0 0 1 1 0
-2 3 0 0 -1 1 0 1 1 0 -1 0 -1 0 0 0 -1 -1 0 2 0 0 0 2 2 4 0 -1 -1 0 -1 1 0 -3 0 0 -1 2 1 0 0 0 1 0 0 1 0 0 2 -1 -3 1 0 -1 0 0 0 0 2 2 -1 -1 1 0 2 1 2 0 1 -1 -1 -1 1 2 1 2 0 0 0 0 0 0 0 0 0 -2 0 0 0 0 -1 2 0 0 -1 1 0 1 0 0 1 2 0 0 1 -1 -2 -1 0 0 0 0 1 0 0 2 -1 0 0 0 0 1 -1 -2 0 -1 0 -1 -1 -1 0 1 2 -1 -1 -1 0 0 11 0 1 1 1 0 -2 -1 -1 2 1 0 1 2 0 0 2 0 1 1 0 0 0 0 2 0 1 0 2 0 1 1 0 -1 1 -2 0 1 0 3 0 0 0 -2 0 0 0 1 0 1 -1 1 0 2 -1 0 0 0 1 -1 0 -1 0 1 0 0 0 1 1 0 1 -4
0 1 1 0 1 1 1 0 0 1 2 1 0 1 0 -1 0 -1 0 1 -1 0 0 0 0 1 1 1 1 0 0 0 -2 0 1 2 -2 0 -1 0 1 0 0 0 3 -1 -1 1 0 0 0 0 0 -1 1 2 0 1 0 0 0 0 1 -1 0 3 1 0 0 1 0 0 -2 0 0 1 1 1 0 0 -2 2 -1 0 1 0 1 0 1 -1 0 -2 0 0 0 3 -1 0 1 -1 0 -1 2 1 1 3 0 1 1 -1 1 0 2 1 1 1 1 -1 1 0 1 0 0 0 0 0 0 0 0 0 0 1 -1 0 1 2 1 0 0 12 0 0 -1 1 0 0 0 0 0 -1 -1 0 1 0 2 0 1 1 1 -1 3 0 1 0 1 -2 0 0 0 1 2 1 1 0 1 0 -1 0 0 0 1 -1 0 0 0 1 0 1 0 0 0 0 1 0 0 -1 0 0 1 1 -1 0 0 1 1 1 2 -1 0 0
-1 -1 0 0 -1 -1 -1 -1 1 0 2 0 -1 0 1 -1 -1 -1 0 0 -1 1 -1 1 1 0 0 -1 0 1 -1 0 0 2 1 1 -2 -3 1 2 -1 2 -2 2 -2 -2 0 0 0 0 0 -1 1 -1 -2 1 -1 1 0 0 0 0 1 -1 0 1 0 1 1 0 -1 -1 0 1 0 2 -1 1 0 -2 0 1 0 -2 0 0 0 0 1 -1 0 1 2 -1 -3 3 -1 1 1 1 0 2 2 0 1 0 0 -2 -1 0 -1 -1 1 2 0 0 1 -1 1 -1 -1 2 1 -1 2 1 0 0 -1 0 2 0 1 1 1 1 0 0 1 0 17 0 0 0 0 -2 0 -1 0 1 1 0 -1 0 -3 1 2 0 3 0 -3 -2 -1 1 1 0 1 -1 1 -1 1 -2 0 1 1 2 1 1 3 2 -3 2 -1 0 0 -1 0 1 0 0 0 1 1 1 -1 0 1 0 -1 -2 0 -2 1 0 2 1 -2 -1 0 -1
0 -1 2 2 0 1 1 0 2 0 0 1 0 -1 -1 -1 -1 -1 -1 0 -1 -1 1 1 0 0 -1 0 0 0 -1 -2 -1 -1 -1 1 0 -1 0 -1 0 0 2 0 0 1 0 -1 0 0 1 1 2 2 -2 0 1 -1 0 2 0 -1 0 2 3 -1 -2 0 2 1 2 0 1 0 -1 2 0 0 2 -2 0 0 0 2 0 1 -3 0 0 1 1 2 1 3 1 -1 -1 0 -1 1 2 0 -1 0 -1 1 0 0 2 0 0 0 0 0 1 1 0 -1 0 1 0 0 1 2 -1 -1 1 0 0 0 0 2 1 -1 1 0 0 1 1 0 0 14 -2 -2 1 0 1 -1 -1 0 3 0 0 0 2 -1 1 -1 0 -2 -1 -1 3 0 0 -2 2 0 0 1 2 0 0 0 0 0 1 -1 0 0 0 0 -1 0 2 0 1 1 0 0 2 0 -1 1 1 2 0 -1 2 1 -1 2 2 -1 1 -1 1 1 2 1
0 2 -1 0 0 0 0 1 0 -1 1 0 -1 0 1 0 0 0 0 -1 2 1 0 -2 0 1 1 0 1 -1 1 2 2 0 -1 0 1 1 1 0 -1 0 0 0 -1 1 1 -1 1 0 0 0 0 -1 0 0 -1 0 0 0 1 1 -1 -2 0 0 -1 0 0 -1 0 -2 -1 0 1 1 0 -2 0 0 0 0 0 0 1 0 1 0 0 0 0 0 0 2 0 -1 1 1 0 0 0 -1 0 -2 1 0 -1 -1 0 0 0 0 0 0 -2 0 1 2 0 -4 -1 0 -2 0 -1 0 -1 0 0 0 0 -1 0 -1 0 0 0 0 1 -1 0 -2 10 1 1 0 0 1 0 -1 -1 0 0 0 -1 1 0 0 -1 3 -2 1 -1 -3 -1 1 1 0 0 0 -1 0 0 1 0 -1 0 0 0 -1 1 0 -1 0 0 2 1 -2 -1 0 -1 1 0 0 -1 -1 -1 0 1 -2 0 0 -2 0 0 2 0 0 0 0
-1 -1 0 1 0 -1 -1 0 1 -1 1 0 0 -1 1 1 2 1 0 1 0 1 0 1 3 0 1 -1 -1 -1 -1 -1 1 2 2 0 1 0 1 2 0 0 -1 -1 1 1 2 3 1 1 0 -1 0 0 -1 0 1 2 2 3 0 1 2 1 -3 0 0 2 0 1 0 1 -2 1 0 1 1 2 1 0 0 2 -1 1 1 0 -1 2 -1 0 0 -2 1 0 -2 0 -1 0 3 0 -2 -1 2 0 0 1 0 0 3 2 0 1 0 -1 -2 -1 0 -1 2 -2 0 -1 -1 1 -2 2 0 0 1 0 1 -1 0 -2 2 0 1 -1 0 1 0 -2 1 21 0 1 0 1 0 4 2 1 0 2 -1 2 1 0 1 0 -1 0 0 0 -1 1 -2 1 3 -1 1 0 2 1 3 -1 -1 1 -3 -2 -2 0 1 1 -1 2 1 1 -3 -1 -1 -1 -2 1 -1 0 -1 2 1 -1 0 2 1 -1 -1 1 0 -1 0 0
1 2 1 0 0 0 0 1 0 0 1 3 1 1 1 -1 0 2 -2 -1 1 1 -2 -2 1 -4 1 0 0 0 1 -1 0 2 0 1 1 -3 1 -1 -1 0 -2 0 1 -1 2 -1 -1 1 1 -1 0 0 0 -3 -2 2 -1 0 1 0 0 0 -1 0 0 0 0 1 1 -2 0 -1 1 -1 1 -1 1 2 3 1 1 1 -1 3 -1 1 0 4 2 1 -3 1 -1 -1 -1 2 -1 0 0 0 -1 1 1 1 1 -2 0 1 -1 1 -2 1 0 -1 0 0 1 0 1 0 -1 -1 3 0 0 -1 0 0 -1 1 -1 1 1 -1 0 1 -2 0 0 1 1 0 21 1 -2 1 -1 -1 0 -1 -2 0 0 -2 -1 0 0 1 0 1 -1 0 -1 -1 0 1 0 -2 -2 1 -1 0 0 0 -1 0 1 0 0 0 0 1 1 2 0 2 0 3 0 -1 3 0 1 0 0 0 2 0 0 -2 -1 0 0 0 -1 -2 0 1
-1 1 0 2 -1 5 0 0 1 0 0 0 1 1 0 0 -1 -1 2 -1 -1 1 0 1 -1 0 -1 3 -1 3 0 0 1 1 1 -2 -1 2 1 2 1 1 1 -2 0 1 0 0 0 0 2 0 0 2 0 0 0 0 1 1 -1 1 0 1 2 1 -3 -1 0 0 1 -1 -1 -1 -1 1 0 -1 -1 1 -1 1 0 0 1 0 0 0 -1 2 -1 1 1 -1 -2 1 1 -1 1 -1 0 1 1 -1 1 1 -1 0 2 0 1 0 1 0 0 2 -1 0 0 0 -1 0 -1 0 2 3 -1 1 0 0 2 0 -3 2 1 0 2 0 -1 0 -2 0 0 1 1 17 -1 0 0 -2 1 1 0 -1 2 -1 0 1 1 -1 -2 0 2 -2 0 0 0 2 0 1 0 0 0 3 1 -1 0 0 -1 1 1 1 2 1 0 3 1 1 -1 -1 0 -1 -1 0 -1 0 -2 2 -1 0 1 3 0 1 1 0 1 2 1 1
2 -1 0 0 2 1 2 -1 3 0 1 0 0 -1 1 1 2 -1 3 0 -2 1 -2 0 -2 -1 2 -2 1 -3 -1 2 -1 0 0 0 0 3 2 0 0 -2 2 0 0 2 0 -1 -3 3 0 1 -1 0 -2 -1 -2 -1 0 1 0 0 -1 0 0 0 0 0 -1 2 0 0 -2 -1 2 2 0 1 -1 -2 -1 1 0 1 0 0 1 -1 0 1 -1 -2 -1 1 0 1 -2 1 -1 0 1 -2 0 -1 2 2 -1 2 -1 0 1 1 1 0 -1 0 1 0 -1 0 1 2 0 1 0 1 1 2 0 -1 1 -1 1 -2 -1 1 -2 -2 -1 0 0 1 0 0 -2 -1 21 0 0 0 2 0 2 1 0 0 0 0 1 0 2 2 1 0 0 -1 1 2 0 0 0 1 -2 0 1 -1 1 1 0 0 0 0 -2 1 0 1 -1 1 -1 0 0 0 -3 0 -2 1 0 0 1 0 -1 1 1 -2 1 1 0 1 -1 2
0 -1 1 1 0 2 1 1 -1 1 1 -1 2 -1 0 0 0 -2 0 0 2 1 0 2 2 4 0 0 2 0 1 -3 -2 1 0 0 0 -3 0 -1 1 0 1 -1 0 0 -1 1 2 -3 -3 0 0 -2 1 0 -1 1 2 0 -1 0 0 0 1 0 0 0 0 0 0 0 0 1 -1 1 -1 2 -2 1 1 -1 0 1 0 0 -1 0 -1 0 1 0 1 1 0 0 1 -1 0 0 1 1 0 1 -2 0 0 -3 0 1 1 0 0 -2 -1 2 -1 0 0 -1 0 -1 -1 0 1 2 0 2 0 1 1 1 0 0 0 0 -3 -1 2 0 -1 -1 1 1 1 0 0 19 2 0 -1 1 -1 1 0 -2 -1 1 0 0 -3 0 1 -2 -1 1 -1 2 0 0 -2 -1 0 0 1 0 -1 2 0 -1 0 0 -1 0 -1 -3 2 0 1 0 0 1 1 -1 -2 -1 1 1 -1 2 0 0 -2 0 0 2 1 -1 -1 -3
0 -1 0 -1 1 0 -2 -2 0 1 0 -1 1 0 1 0 2 0 0 1 1 2 0 0 1 0 0 1 -1 0 -1 1 0 2 -1 2 -2 0 1 1 0 -1 0 2 1 1 -1 1 0 -1 0 -1 0 1 1 0 -1 -1 1 0 2 0 1 -1 -2 0 0 0 0 0 3 -1 -1 1 0 1 -2 0 0 0 0 -1 -1 -3 0 -2 1 0 0 0 0 0 0 0 -1 1 0 1 0 -2 0 0 1 0 -1 -1 -2 0 -1 0 0 0 1 0 3 2 0 0 0 -1 0 -1 0 0 0 0 0 1 1 0 -1 0 -2 2 0 0 0 0 1 0 0 -1 0 0 -1 0 0 2 11 -2 0 0 1 0 -1 0 -1 1 1 0 1 2 1 1 0 0 0 0 0 0 1 0 0 1 1 0 1 1 0 -2 0 0 -1 0 -2 0 -1 1 0 1 0 0 -1 1 0 1 0 0 0 1 2 0 0 0 -1 0 1 1 2 -1
0 2 2 -1 0 -1 -1 0 0 -1 0 1 1 -1 -2 0 0 2 1 1 0 1 -2 1 1 1 1 -2 2 1 1 1 0 0 0 -2 1 0 2 0 -2 -4 0 0 0 1 1 -1 -1 2 -1 1 -1 -1 1 0 0 -1 0 1 -1 0 0 0 2 -3 3 0 0 0 0 1 1 1 0 0 -1 1 0 0 -1 -2 -3 2 0 -1 2 1 0 0 1 1 2 1 1 0 1 -1 -2 3 -1 2 -4 1 -1 1 0 0 -2 2 -2 1 0 0 -2 2 -1 -1 0 0 -1 -1 0 0 -2 -1 1 0 0 1 1 0 1 1 2 4 -1 0 0 -1 1 0 -1 4 -1 -2 0 0 -2 22 2 1 0 0 0 1 2 1 1 1 1 0 -1 1 1 1 0 -1 0 3 0 1 4 0 -1 0 -1 1 1 1 1 1 0 0 1 3 1 2 -2 0 0 0 -1 0 -1 0 -1 1 -1 -1 -1 0 0 2 -2 0 -1 -3 -1 1
-1 1 0 0 0 2 0 1 0 0 0 0 -1 -1 1 0 1 -1 3 1 -1 0 -1 1 0 -1 1 0 -2 0 0 -2 0 0 2 -2 0 1 1 1 0 0 1 0 0 1 3 2 0 0 0 0 0 1 -1 1 1 1 0 2 0 2 -1 0 -1 -2 0 2 1 -1 1 -1 0 0 -3 2 0 0 2 0 -1 -2 0 2 0 1 -1 0 0 1 0 0 0 2 0 1 -3 2 1 0 -1 -1 0 -1 -1 0 0 0 1 1 0 0 -1 0 -2 1 0 -1 0 0 1 0 0 1 -1 0 0 0 -1 0 1 0 -1 -1 -3 2 -1 1 1 -1 1 3 -1 2 0 1 2 -1 0 2 14 0 0 0 0 -2 0 0 2 -4 1 3 0 0 0 -1 2 1 3 1 2 -1 1 2 0 0 0 1 0 0 -1 -1 -1 0 1 0 1 1 1 1 0 0 -2 1 -2 1 1 -1 1 0 1 1 0 0 1 1 1 -1 0 1
-1 1 1 2 -1 0 1 0 0 2 1 1 0 0 0 0 1 0 2 0 0 0 1 1 2 3 1 1 1 1 0 0 0 1 0 -1 -1 0 3 0 0 1 -1 0 0 0 -1 -1 1 0 0 2 -1 1 0 1 -1 -2 2 -2 0 1 0 0 -1 0 0 0 1 -1 1 2 1 0 0 1 0 1 -1 0 -1 1 -1 0 0 0 0 2 0 0 1 0 0 -1 2 0 1 -2 1 0 -2 1 0 0 1 2 2 1 -1 1 0 2 1 -1 0 1 0 0 2 0 -2 0 -1 -2 2 0 1 0 0 0 2 1 1 0 0 -1 -1 0 2 0 0 0 0 1 -1 1 0 1 0 1 0 18 -1 -1 2 1 -1 1 1 3 0 3 0 1 1 1 -1 2 2 2 -1 0 1 0 0 0 0 1 1 0 0 -3 0 0 0 3 -1 1 1 -1 0 -1 -3 0 0 0 0 1 0 0 0 1 2 0 -1 -1 1 -1 0 0
-1 1 -1 1 1 1 -2 0 0 1 1 0 0 0 -1 0 1 1 1 1 -1 2 1 0 -2 0 0 -1 0 0 0 0 0 -2 0 1 -1 1 -2 0 -1 1 2 1 1 2 0 2 -2 3 -1 0 2 0 0 0 0 0 0 0 1 -1 0 0 1 1 -1 -1 -1 0 1 0 -1 0 1 1 0 -1 -1 0 1 1 2 2 0 -1 -1 -2 0 0 -1 0 0 -1 2 2 -1 0 0 1 1 -1 1 1 0 2 0 5 1 -1 0 0 0 0 3 1 0 1 1 0 0 0 -1 -1 1 1 0 0 0 -1 1 0 -2 -2 0 0 0 0 0 1 -1 0 0 0 -2 0 2 -1 1 0 0 -1 14 -1 0 0 1 0 0 0 3 1 0 0 0 -1 1 1 0 -1 3 1 0 -2 0 2 -1 1 1 -1 0 0 -1 1 1 0 0 -1 0 0 2 0 -1 0 1 1 0 2 2 0 0 0 0 -1 0 0 1 0 0 0
1 -1 0 0 0 -1 0 0 0 1 1 0 1 -1 0 0 0 -1 0 0 1 -1 -1 0 0 0 1 1 0 -1 0 0 -1 -1 0 0 -2 1 0 1 0 -1 -1 1 0 0 0 1 1 0 1 -1 0 0 1 -1 0 2 0 1 0 -1 0 1 -1 0 0 1 0 0 1 1 -1 0 0 0 0 0 1 0 -1 0 1 0 0 2 -1 -2 0 -1 1 0 0 0 -1 -1 0 1 0 1 0 0 -1 0 0 1 0 0 0 1 -1 -1 1 0 -2 1 0 0 0 -1 0 0 0 0 0 -1 0 1 0 0 0 0 0 0 0 0 -1 0 0 0 0 0 0 2 0 -1 1 1 0 0 0 -1 -1 9 0 -1 2 0 1 0 0 -1 0 -1 0 1 1 1 0 0 1 1 0 -1 0 -1 -1 -1 1 0 1 0 0 -1 0 -1 0 0 0 0 0 1 -1 0 1 -1 0 1 -1 -1 0 0 1 1 1 1 1 0 0 0
-1 1 1 -1 -1 0 0 3 0 1 -1 2 -1 1 0 -2 0 1 0 0 0 0 0 1 1 2 2 0 0 0 1 1 0 0 0 -2 0 -1 -1 0 0 0 3 0 0 -2 0 0 0 0 0 1 0 0 0 4 1 0 0 -1 -1 -1 0 -1 2 1 2 0 0 0 2 0 1 0 0 0 1 0 -1 1 -1 3 1 1 0 0 -1 -1 -2 3 -2 1 1 1 0 3 0 0 2 1 0 0 0 0 0 0 0 1 -2 0 0 0 1 0 0 1 0 0 0 0 1 -1 1 -1 2 -1 -1 -1 0 -1 0 3 2 0 0 1 0 0 2 2 -3 2 -1 -1 0 2 0 0 -1 0 0 2 0 0 16 -1 1 0 1 -1 1 0 1 1 1 1 2 1 0 2 1 -1 -1 -3 0 1 1 0 0 0 0 -1 2 0 2 2 0 2 0 0 1 -1 2 0 -1 1 0 -2 1 0 0 2 2 1 1 -1 0 2 1 -1
0 -2 0 2 1 -1 1 0 2 1 0 -1 0 1 -1 -1 0 0 0 -1 -1 2 1 -1 -2 0 0 0 0 1 0 1 0 -1 0 0 2 2 2 -1 0 1 -1 1 0 0 0 -1 4 1 1 1 1 0 -1 0 2 0 1 0 0 -2 0 0 0 0 0 2 1 1 -2 -1 1 0 3 1 0 2 0 -2 1 2 0 0 0 0 3 1 -1 0 1 0 1 -1 -1 -2 1 2 3 0 -1 -1 0 0 -2 0 1 1 1 0 -1 0 3 1 2 -1 1 1 -1 0 -1 2 1 0 2 0 0 1 1 0 0 -1 0 0 1 0 1 0 0 0 1 -1 1 2 -2 -1 0 -2 0 1 -2 1 0 -1 -1 15 -1 -1 -1 3 -1 0 1 2 2 1 1 1 1 1 1 0 1 1 0 2 0 -1 -1 0 2 1 2 2 0 0 2 0 -2 0 0 -3 1 0 0 -1 0 0 0 0 0 2 0 1 0 -1 0 0 0 1
-1 1 2 0 0 0 1 1 -1 1 -1 1 0 2 0 0 -2 -2 0 1 1 -1 -1 0 2 1 3 -1 1 0 -1 5 0 0 -2 -1 2 -1 1 0 1 1 0 1 0 0 0 1 -2 4 0 -1 1 -2 -1 -1 1 1 1 0 2 -1 0 0 -1 0 0 0 1 1 1 0 1 1 1 0 2 0 -2 -1 -5 -2 0 1 1 2 3 0 -1 0 1 2 1 1 -1 0 -1 0 -1 3 -1 1 0 0 1 -1 0 1 1 2 1 -1 0 1 -1 3 -1 0 -2 -2 1 2 0 -2 0 1 0 1 -1 0 0 0 -3 -1 0 1 0 0 1 1 2 1 0 1 -1 0 0 -1 -1 2 0 -1 1 2 1 -1 19 -1 0 1 2 -1 1 -1 -1 0 -1 2 0 -1 1 0 0 -3 1 1 -4 0 0 0 1 1 -2 0 -1 2 1 1 1 -1 0 0 3 1 0 1 0 1 -1 0 -1 -1 2 1 1 0 -1 0 -1 -1
-2 1 0 -1 1 4 1 -1 0 -1 1 1 0 -1 -1 0 0 -1 0 0 0 2 -2 1 2 1 0 0 0 4 -1 0 2 0 1 -1 -1 -1 2 1 0 0 -1 1 0 0 0 0 1 2 0 0 -2 0 1 0 -1 -1 -2 0 -1 0 0 0 0 -2 1 0 0 1 2 0 -2 0 -1 3 -2 0 0 1 0 0 -1 -1 0 0 -1 0 1 -1 3 2 -2 0 -2 1 1 -1 1 -1 0 1 0 -1 0 0 -1 0 -1 -1 1 0 2 0 0 1 0 0 1 -1 0 0 0 0 0 2 0 2 0 0 0 1 0 1 0 2 1 0 1 1 0 -1 0 0 0 1 0 1 1 1 0 1 0 0 0 -1 -1 13 0 1 -1 2 -1 -2 1 0 -1 2 0 1 0 -2 -1 0 1 -1 -1 2 -1 -1 4 -1 0 0 0 1 -1 1 0 -1 0 0 -1 0 0 2 1 0 0 1 0 -1 0 1 -2 1 -3 -1 1 0
0 0 -1 0 -2 1 -3 0 0 0 1 1 0 2 0 0 0 -1 0 1 -2 -1 -1 1 1 2 1 0 1 -1 0 0 -4 1 1 1 -3 0 0 0 2 1 -1 0 -1 -1 1 0 -3 1 0 -1 -1 0 0 1 -3 0 1 0 2 1 0 2 -1 -2 1 1 -2 -1 1 0 0 0 -2 2 -1 -1 -2 0 -1 0 -2 -1 0 1 -2 -1 0 -2 -1 1 -1 0 -2 2 -1 -2 2 -2 -1 2 2 1 1 1 0 -1 -1 -1 2 0 0 0 0 1 0 0 0 -1 -1 0 1 0 0 1 0 2 1 -1 -1 0 0 0 1 0 0 0 0 1 3 0 -1 1 0 1 1 0 1 1 2 1 0 1 1 -1 0 0 19 -1 2 2 0 1 0 1 0 0 0 -1 0 1 0 2 0 2 -1 0 0 0 0 -3 -2 1 1 1 -1 4 0 1 3 -1 2 0 0 2 0 0 -1 0 2 1 1 0 -1 0 -1 2 -1 0
-1 -1 -3 0 0 -3 0 -1 0 1 -1 1 3 1 0 0 0 0 -1 3 0 1 1 2 2 0 1 -1 -1 1 -1 3 0 4 0 1 2 -2 3 -3 -1 1 -2 -2 -2 0 -3 -3 0 -2 -1 0 -1 2 -1 0 1 -2 1 -1 -1 0 -2 1 1 1 0 -1 0 2 -2 1 2 -1 4 2 0 1 -1 0 0 2 -2 0 1 2 0 1 -2 0 0 -2 0 1 -2 0 1 0 -1 2 -2 -1 -1 -1 1 0 3 0 0 1 -1 1 -1 1 1 -1 2 3 1 0 0 -1 1 -5 -5 1 -2 1 -2 -2 -1 1 0 2 -1 -2 0 0 0 -1 0 -2 3 0 1 -1 0 0 0 1 -4 3 0 0 -1 3 1 1 -1 27 2 -1 1 1 -1 -1 -1 -2 0 3 -1 0 0 0 -1 0 -2 1 1 -5 3 2 0 1 -1 0 -1 2 -1 0 0 3 0 0 1 -2 0 0 0 -4 -2 -1 0 0 -2 0 -1 0 -2 -1
0 -1 -1 -1 -1 0 -2 -1 -1 1 -2 3 0 -1 -1 1 0 2 2 4 -3 -1 -2 2 -1 1 2 -1 -1 0 -1 2 -5 0 -2 1 0 -1 -2 -1 1 0 -1 -1 2 0 1 -2 0 3 0 0 -1 -2 1 1 0 0 0 1 0 -2 0 1 -1 3 0 0 0 -1 -1 0 0 -1 3 3 1 2 -2 1 -3 0 -2 -1 0 0 2 2 1 2 2 -2 -2 1 1 1 -3 -2 1 2 -1 -1 1 2 2 1 0 3 2 1 0 0 -2 0 1 2 -1 -1 1 -1 2 -2 2 0 -4 -2 0 -2 0 -1 -1 0 -3 1 -1 2 0 1 0 3 -3 -1 -2 -1 0 -2 2 -3 1 1 1 0 3 0 1 -1 2 -1 2 2 29 -1 1 1 0 0 3 0 -1 0 1 1 -1 0 1 1 -1 2 -2 0 1 -1 -1 1 0 0 1 2 0 3 3 -1 1 0 -1 3 1 0 1 1 -1 1 1 1 0 0 0 -1 0 2
-1 1 1 -1 0 0 2 -1 -1 2 -1 -3 0 1 0 0 -1 0 1 3 1 2 -1 -3 1 0 2 3 1 0 -2 -2 1 -1 1 1 0 -2 2 0 1 1 2 2 1 -2 -1 0 -1 3 1 0 -1 0 1 2 0 0 1 0 0 2 1 1 -1 -1 -1 0 -4 0 0 0 1 1 0 0 0 0 -2 0 0 -1 2 1 0 1 -2 0 2 -2 -1 -2 -1 3 0 -1 0 0 0 -1 0 2 0 1 0 1 1 2 1 -1 1 0 0 -1 0 -1 1 1 2 -1 1 1 0 -1 -1 0 0 -2 -1 0 0 -1 -1 -2 1 1 0 0 0 0 -2 -1 1 0 1 0 2 0 2 0 3 3 1 -1 0 0 -1 2 2 -1 -1 22 1 -1 0 -1 0 1 3 1 0 2 2 -1 -1 -3 0 1 1 2 1 0 -1 0 0 3 -2 1 0 3 0 -1 -3 1 0 -1 1 -1 2 -2 2 -1 -1 -2 -1 0 0 1 1 0
-1 -1 -1 1 0 -1 0 1 4 0 1 -2 2 1 0 0 -1 -2 0 5 -1 0 0 1 -3 0 1 0 0 0 -2 1 0 -2 -2 0 0 0 0 0 1 0 -2 0 0 -1 -2 0 1 0 1 2 3 0 0 0 0 -1 -2 4 2 0 1 1 1 2 -1 0 0 -2 -2 0 1 0 1 5 2 1 0 0 -1 0 0 3 1 1 2 0 1 0 3 -1 -1 0 -3 0 0 -2 -1 -1 2 -1 -1 0 0 -1 0 1 5 3 -3 -1 -1 1 0 1 0 0 -2 1 0 0 0 1 0 0 1 -1 -1 -2 0 0 -2 -1 0 -2 2 0 2 1 -1 3 -1 0 -1 2 1 1 1 -1 0 0 0 0 1 1 1 -1 0 1 1 1 24 -2 1 -4 0 1 0 6 -1 0 2 -1 -1 0 -3 0 -2 0 1 0 -1 0 0 -2 -1 3 -1 1 1 1 -1 0 0 -1 -1 0 1 -1 -1 -1 -1 0 1 0 1 0 1 2
0 3 -1 0 -1 0 0 -2 -1 0 -2 2 1 0 -2 0 1 1 -1 -2 -2 1 -1 1 -2 1 1 -1 -1 0 -2 0 0 0 2 1 -1 2 0 0 -1 0 0 2 0 1 0 2 0 -1 -1 2 0 -1 -1 2 1 0 2 0 2 1 0 0 0 2 -1 1 4 -2 1 0 1 1 0 1 -1 2 0 -1 0 1 0 -2 -1 0 -1 0 -1 1 -3 3 1 0 0 0 0 0 1 -1 -1 3 1 1 -2 1 0 -1 0 0 0 -1 1 0 0 -3 0 -1 1 0 1 2 2 -3 -1 -1 -1 -4 0 0 -1 1 -1 1 -3 -1 -1 0 0 0 1 0 -3 0 0 -2 0 -2 1 1 0 1 0 -1 1 2 -1 -2 1 1 1 -1 -2 22 1 2 0 -1 2 -1 1 1 1 0 0 2 0 -2 1 -1 1 0 -1 0 0 -1 -1 1 0 0 0 0 -1 1 2 1 0 0 0 -1 1 0 3 -1 1 -2 -2 -1 0 -1
1 -1 -1 0 0 2 1 1 2 1 2 0 -1 1 -1 0 -1 0 2 1 -1 0 0 -1 0 0 -1 0 2 1 0 0 -2 1 3 0 1 2 1 1 -1 -1 1 1 0 1 0 0 1 -1 1 0 0 3 0 1 1 -1 2 0 -1 0 1 2 0 0 0 1 -1 1 -2 -2 1 -1 2 2 1 1 0 1 1 1 1 -1 -1 -1 2 0 0 3 -1 -1 0 0 -2 1 3 -1 0 0 0 1 0 2 1 1 0 0 -1 0 0 0 2 0 2 1 0 0 0 2 -2 1 1 0 2 -1 0 -1 1 0 0 -1 1 -2 0 -1 0 2 1 1 1 0 -1 -1 -1 0 0 -1 0 1 0 1 0 0 1 2 -1 1 0 -1 0 0 1 1 15 0 -1 0 0 0 0 -1 1 0 1 1 1 -1 0 0 2 -2 -1 2 0 0 0 0 0 1 0 0 0 -1 1 0 -1 -1 0 -1 0 1 0 1 0 1 1 1 1 1
2 0 4 0 0 1 1 1 -3 0 0 0 1 1 1 0 0 2 0 -3 1 0 -1 0 1 3 0 0 0 0 -1 0 -1 2 0 -1 0 1 1 0 0 0 -1 -1 -2 1 2 0 2 -1 2 1 -1 0 1 0 2 0 3 -3 1 -2 -1 0 -1 1 1 1 2 -1 0 -1 0 0 -1 0 -1 1 0 -1 -1 1 -2 -1 -3 0 1 -1 0 2 -2 2 -1 0 2 -1 2 -2 1 0 -1 1 1 0 0 -1 -1 0 -3 1 1 0 2 0 0 -2 0 1 -1 -1 0 0 -1 -2 0 0 0 -1 2 0 -1 -1 1 0 3 0 -1 0 0 -2 0 -2 1 1 -1 0 -1 1 0 1 -1 1 -1 1 1 1 0 0 1 -1 0 -1 -4 2 0 17 -1 4 0 -1 0 0 1 0 0 -1 1 2 1 0 1 0 -1 -1 1 0 0 -1 1 0 0 -1 1 -2 -1 0 1 0 0 0 0 2 1 0 -1 0 -1 0 0 -1
0 1 -1 0 -1 1 -1 1 0 0 3 0 0 1 1 0 1 0 -1 -1 -1 0 1 -1 -1 -2 -1 -1 0 -1 1 -1 1 0 0 -2 -3 2 -2 0 1 0 1 1 -1 1 2 0 2 1 0 0 0 1 -1 4 1 1 0 -1 -1 0 -1 -1 0 2 1 0 0 -1 0 -2 2 3 1 0 0 -1 0 -2 1 3 1 1 2 4 0 -1 0 1 1 -1 0 1 0 1 0 5 1 1 1 -1 4 0 1 0 -1 4 2 1 -4 0 1 2 -3 2 1 -1 0 0 1 1 1 -1 -1 0 1 -2 0 0 0 2 2 -2 0 1 -1 1 2 0 1 2 1 -2 0 0 1 -1 0 0 2 -1 1 1 2 1 -1 -1 0 -1 3 0 0 0 -1 -1 26 -2 2 1 -1 0 1 0 -1 0 0 2 -1 2 -1 1 0 -1 0 1 4 0 1 -1 1 2 -1 1 1 1 1 -1 -2 -2 -3 3 0 1 2 -1 -2 1 0 -2
1 0 1 2 0 4 1 1 1 1 1 1 0 0 1 0 1 0 1 -2 1 0 -3 0 1 1 0 1 -1 1 0 1 0 1 0 0 0 0 1 2 -1 1 -1 3 1 3 0 0 -1 2 2 0 0 1 2 -3 0 2 0 -1 1 -2 -2 0 -2 0 1 1 1 -1 1 -1 -1 0 2 3 0 1 1 1 1 -1 -1 1 -1 -1 3 0 -1 0 -1 3 -3 2 1 -1 0 -1 4 -1 0 2 1 0 1 1 2 1 -2 -2 -1 1 3 -2 1 0 -1 0 0 0 1 3 -1 0 1 0 -3 3 -1 1 1 -1 -2 2 4 1 -2 1 0 0 -1 0 0 1 1 2 2 2 0 -1 1 2 1 1 1 1 2 2 0 -2 0 1 1 -1 0 4 -2 26 0 0 0 2 0 -2 5 1 -1 1 -1 -3 1 -1 0 1 -1 2 0 1 0 0 1 -2 0 1 -3 0 -1 0 4 -1 -1 -1 0 0 -2 1 3 -1 0 1
-1 0 0 1 -1 1 3 -1 -2 0 1 1 1 1 -1 -1 1 0 -1 2 0 3 1 0 -1 0 1 1 -1 0 0 0 0 -1 0 1 -1 2 0 0 0 0 -1 0 -1 0 -1 0 2 -1 0 1 1 0 -2 1 3 2 1 2 0 3 0 2 -3 0 0 0 1 0 0 0 1 1 -1 2 1 2 1 0 -1 -1 0 -2 1 1 0 0 0 0 0 -1 1 0 0 0 -1 1 1 -1 -1 0 3 1 -2 1 1 0 1 0 0 0 0 -1 -2 -1 0 0 -1 0 2 2 0 -1 0 1 1 -1 -1 0 2 0 0 -2 -1 -1 -2 0 1 0 1 0 0 3 0 0 0 0 0 0 3 2 0 0 0 1 0 0 0 0 -1 3 0 2 0 0 2 0 15 0 -3 2 2 0 0 0 1 1 -1 0 -1 -1 0 0 0 0 1 2 0 0 0 1 -3 -1 0 0 1 0 -2 -2 0 -1 -1 -1 0 1 0 0 0 0
0 1 0 1 0 0 0 2 0 0 -2 -1 2 0 0 -1 2 0 3 2 0 1 1 1 1 -1 2 2 -1 0 0 1 0 0 2 -2 0 -1 2 0 1 0 -1 0 0 -2 0 -1 5 1 1 1 1 3 0 0 0 -3 -1 0 0 0 -1 2 0 2 3 0 0 -1 -1 1 1 1 0 3 1 0 1 -2 -1 1 0 1 1 0 3 1 0 0 0 -1 -1 1 -1 0 2 -2 0 -2 -1 0 -2 0 -2 2 -1 1 3 3 -1 0 1 -1 1 1 0 0 1 -1 0 -1 -1 0 -2 0 0 -1 0 -1 -1 2 1 0 1 1 1 -1 1 1 -1 1 0 -1 -2 1 0 0 0 3 1 2 -1 0 2 1 -1 1 -1 3 0 1 6 -1 0 -1 1 0 0 22 0 0 3 0 -1 0 0 0 0 0 -1 0 -3 0 1 2 0 2 0 -1 0 1 0 0 -1 1 0 0 1 -1 -1 0 0 1 1 1 0 -1 0 1
-1 -1 2 -1 0 -1 -1 0 1 4 -1 1 0 -1 0 0 0 1 2 1 1 -2 -4 -2 -2 -1 0 -1 0 0 1 -1 -1 0 0 1 -1 0 -1 1 0 0 -2 -1 -1 1 0 3 0 2 -1 -3 0 0 -1 2 1 2 0 1 0 -1 -1 -2 0 1 -1 -1 3 2 5 -1 -1 0 1 3 1 1 1 0 0 -2 -1 0 0 -1 1 1 0 0 -2 3 1 0 -1 4 0 -1 0 3 -1 0 -1 -1 -2 4 -1 1 0 -1 0 0 2 2 4 0 2 0 2 0 0 -1 1 -1 -2 1 -1 2 0 -1 0 0 -1 -1 -1 0 0 0 0 2 1 2 -1 1 -2 0 0 -2 1 0 2 -1 3 1 1 1 1 0 0 -1 1 0 -1 1 0 0 -1 0 -3 0 27 1 1 -1 0 1 -2 -2 3 3 1 3 2 1 -1 2 -1 1 0 -1 0 0 3 2 0 -1 0 1 2 0 1 0 0 2 0 1 2 3 0 1
1 2 0 0 -2 -1 0 -1 0 0 0 -1 1 0 -1 0 0 0 0 0 0 -1 0 1 -3 0 1 0 0 -2 -1 0 0 0 0 3 -1 2 0 0 0 1 -1 1 0 1 -1 1 -3 2 2 0 1 -1 0 0 0 0 0 0 -1 1 0 0 0 -2 -1 0 -2 0 1 1 -2 0 0 -2 1 0 -1 1 0 -2 1 0 2 1 0 -1 1 0 0 1 -1 1 0 0 1 1 0 0 0 1 1 1 0 3 0 0 0 -1 -1 0 0 0 1 -2 1 0 0 0 -1 1 0 -1 0 -2 -2 -1 1 0 0 -1 -3 1 0 0 0 0 -1 1 -2 0 0 0 1 0 1 -1 0 1 -1 0 1 1 -1 0 0 -2 1 0 1 2 0 1 -1 0 0 2 2 0 1 14 0 1 -1 1 -1 -2 1 1 0 -2 -2 -1 0 1 0 0 0 -1 1 -1 -3 0 3 0 -1 1 -2 -1 0 -2 1 1 0 0 4 2 -1 1
0 1 1 0 0 0 0 0 0 2 1 0 1 3 -1 0 0 2 0 1 0 1 0 -1 -2 1 0 -1 -1 0 -1 0 -1 -2 0 2 1 1 -1 1 1 -2 1 0 0 0 0 0 1 -1 0 0 -1 1 2 0 1 -2 -1 0 -2 0 0 0 -1 -1 2 0 0 0 -2 0 2 1 2 0 0 2 2 -1 0 0 0 0 0 0 1 1 0 -2 1 0 0 1 -1 0 0 0 -1 0 -2 0 -1 1 0 1 0 0 0 1 -1 0 -2 1 -1 0 0 1 0 1 -1 2 -1 -2 -1 2 1 0 1 0 0 0 1 -1 1 0 0 2 1 1 0 0 0 2 -1 0 -2 0 0 4 1 1 0 0 -1 1 0 -1 0 0 -1 2 2 1 1 1 1 0 2 3 1 0 16 0 0 0 1 0 -2 2 -1 -1 0 1 1 1 1 -1 1 -1 0 1 -2 0 -1 0 -1 0 2 -1 0 0 0 0 0 2 -1 -2 0 -1
0 2 -1 0 0 3 0 -2 0 0 1 -1 0 0 0 0 -1 1 2 0 -2 2 0 5 0 0 1 0 1 0 -2 -2 0 3 0 1 0 0 1 3 0 -2 0 -1 -1 0 2 -1 -1 0 1 -1 -1 0 1 1 -2 0 0 1 0 1 -1 2 0 0 -3 1 1 1 0 1 1 0 -1 3 0 1 1 1 0 1 -1 0 0 2 1 1 1 0 1 -2 0 -1 0 1 2 0 2 -3 0 -2 0 1 0 3 0 0 1 1 2 0 -1 0 1 3 1 1 -1 0 1 0 2 1 1 1 1 0 1 0 -1 0 2 0 1 2 0 0 -2 0 1 0 1 1 0 3 0 0 1 0 2 0 -2 -1 -3 1 -3 0 2 0 0 -1 -1 0 0 0 0 -2 0 0 -1 1 0 22 0 -1 1 0 -5 0 -2 0 2 0 0 1 -1 -2 -2 0 0 1 -1 1 -1 -1 0 1 -1 0 1 2 -2 0 1 3 0 0 1 0
0 -1 1 0 -1 4 0 0 1 1 1 2 -1 0 1 0 0 0 0 0 1 0 0 0 0 0 -1 0 0 0 1 1 0 3 1 0 -1 0 -1 3 1 1 1 1 1 3 2 0 0 1 -1 0 -2 0 1 0 0 -1 3 1 -1 1 1 2 -1 2 -1 -1 0 1 3 0 -2 1 1 3 0 0 2 0 0 1 0 -1 0 -1 -1 2 0 0 0 1 1 -1 0 2 0 1 0 0 -1 0 0 0 1 -1 0 0 0 0 2 1 2 -2 1 1 -1 0 3 -1 0 1 0 0 0 3 -1 4 1 1 2 0 0 0 0 3 -1 1 0 1 1 0 0 3 0 1 1 1 1 -1 0 0 0 0 0 0 1 1 0 -1 1 -1 -1 0 1 0 -1 5 0 -1 0 -1 0 0 14 0 2 1 0 -3 0 -1 0 1 0 0 0 0 -2 1 1 -1 2 1 0 0 -2 1 3 1 -2 1 0 0 0 1 2 0 2 0
-1 1 -2 0 -3 1 0 0 -1 -1 -2 1 0 1 0 0 -1 -1 2 0 0 -3 0 1 -2 -1 0 -3 0 3 1 1 -4 0 -2 2 0 2 -2 0 2 0 -1 1 0 1 -1 1 0 0 0 1 2 1 2 -1 0 0 0 -1 3 -1 0 0 -2 0 2 2 0 1 0 -1 0 2 1 -2 0 1 1 2 1 -2 1 2 1 0 0 1 0 2 1 5 2 -1 0 1 0 0 2 1 0 3 0 -1 0 2 3 0 1 -1 -1 0 2 0 1 1 0 0 -1 0 -2 1 0 -1 1 -1 -1 1 1 0 -1 -1 -1 0 1 0 0 0 1 0 2 0 -1 -1 0 -1 -1 0 0 0 0 0 2 -1 1 2 1 -1 2 0 1 -3 0 2 1 -1 0 1 0 0 1 1 0 -1 0 16 -1 -2 1 -1 -1 0 -1 2 1 -1 0 1 0 0 -1 1 2 0 0 1 1 0 -2 0 1 2 3 0 0 0 1 0 0 0
0 0 1 -2 -2 1 0 -1 3 2 2 0 -2 0 1 -1 0 1 -1 -1 1 1 1 0 0 0 -1 -1 0 -1 0 1 -1 -1 3 0 1 1 0 2 -4 0 0 -2 1 1 0 -1 0 -2 0 1 0 6 0 1 1 0 -1 1 -1 1 1 -1 1 0 -1 -1 0 0 -2 1 0 0 0 0 -2 -1 1 -2 2 1 2 -1 -1 0 0 0 1 -3 0 1 0 -1 1 0 2 2 -1 2 0 -2 -1 0 -2 -4 -1 -1 -3 0 1 0 -1 0 2 -2 -1 0 1 -1 1 3 -1 0 2 -1 -1 -2 3 1 -1 2 5 -1 0 1 -1 0 0 -1 1 1 0 -1 -1 0 1 -1 1 -1 0 0 -1 -1 1 0 -4 -1 -1 -2 -1 0 -3 0 1 1 0 -1 1 0 -2 -1 1 1 2 -1 18 0 0 1 0 -1 3 1 1 -1 1 -1 0 1 1 -2 -1 0 -1 0 0 -1 2 -1 0 3 0 -1 1 1 0 0 2 0
-3 -1 1 0 1 3 0 1 -1 3 0 1 0 1 -1 1 1 1 0 0 -1 2 0 2 1 1 0 -1 -1 0 0 0 -1 -1 1 -1 -1 -1 2 0 -2 0 1 0 1 -2 0 0 3 1 -2 1 -3 -2 2 -2 0 -1 2 0 0 -1 0 0 0 0 2 0 -1 -1 0 1 -1 1 2 4 -3 0 -1 -1 1 1 0 1 0 -1 0 0 1 1 0 -2 1 0 3 0 1 2 -1 -2 -1 -1 0 0 0 0 -1 1 -1 0 -1 2 2 0 -1 0 0 1 0 1 1 -1 0 -1 1 2 1 -1 -3 0 1 0 2 -1 0 0 0 1 3 0 1 -1 0 1 0 0 1 2 1 1 1 1 1 -1 0 -1 0 2 0 1 2 1 0 -2 -1 2 2 1 1 0 -2 -2 0 0 1 -2 0 20 0 0 -1 -1 -1 -1 0 0 -1 1 -1 2 1 1 -1 0 -3 0 2 -1 2 0 -3 1 -1 0 -1 0 -1 0 -1 -3
0 0 0 1 1 -1 0 0 -1 0 0 0 1 2 1 -1 -1 0 1 -2 1 1 1 0 0 0 1 3 2 0 0 -1 -1 -2 -1 1 -1 -3 0 -2 0 1 0 0 -1 0 0 1 1 0 0 0 2 0 1 -1 0 0 0 0 -1 -1 0 -3 0 1 1 0 -2 0 2 0 1 0 -1 -2 1 0 0 0 1 -4 0 1 0 1 -1 1 0 2 -2 1 -1 -2 -1 2 0 0 1 2 0 0 0 1 0 2 0 0 0 0 2 -1 3 1 0 0 1 -1 2 -2 -1 1 -1 0 4 -4 -1 -1 0 0 -1 -1 1 -1 -1 0 -1 -1 0 0 3 0 0 -3 1 -1 0 0 0 1 0 1 1 1 0 -1 0 -1 0 1 -2 1 -2 1 0 1 -1 -1 -1 0 3 1 -2 -5 0 1 0 0 19 1 -2 2 -1 0 2 0 0 1 0 0 -1 0 0 0 1 0 1 1 0 1 0 -1 2 1 1 -1 2 0 -1 1
-1 2 0 0 1 1 1 1 0 1 1 -1 0 1 1 0 -1 1 0 0 1 -1 -1 -2 -1 2 2 0 0 -1 2 1 -1 -5 0 0 1 0 0 3 0 0 1 0 0 -2 0 -2 0 0 -1 0 -3 -3 -1 2 0 2 -1 1 1 0 0 -2 0 -1 -1 0 -2 -1 -2 -2 0 -1 1 -2 1 1 -2 1 0 0 2 0 0 2 2 1 2 1 1 2 1 1 -1 2 2 -1 0 1 -2 0 -1 0 1 1 1 0 0 0 1 -1 0 3 2 -1 0 0 0 -1 0 1 0 0 1 -1 2 -3 -2 -1 0 -1 0 1 0 0 1 1 0 0 2 0 -1 -2 0 1 0 -1 -2 1 0 0 -1 0 0 0 0 -1 0 -5 0 2 0 -1 0 0 2 -3 0 0 3 1 2 0 -3 -1 1 0 1 19 -1 1 1 1 -1 2 1 1 0 -1 0 -1 -1 -1 -2 -2 1 0 -3 1 1 1 3 -1 2 0 1 0 -1 1
-1 -1 1 0 1 1 1 0 0 4 1 0 0 0 1 2 0 -1 -1 -1 -1 0 -1 1 -3 1 -1 1 1 3 1 3 -1 -2 4 -2 0 0 1 -3 1 -1 1 -2 1 2 -1 -1 -1 1 0 1 -2 0 0 1 -1 -1 -1 1 0 0 1 0 1 0 1 -1 3 0 0 0 0 -2 1 1 -2 0 -1 0 -1 2 -2 -1 0 -2 2 0 0 1 1 4 0 0 0 -2 0 0 -1 0 0 -1 -1 -1 -1 -2 0 0 0 0 2 0 0 1 1 2 0 2 0 1 1 1 0 -1 -1 1 -2 1 1 0 0 0 0 2 0 0 1 1 0 1 -3 0 1 -2 0 1 0 0 0 1 -1 0 0 1 0 2 1 4 0 3 1 1 1 1 2 1 -1 1 -1 -1 1 0 -1 -2 0 -1 0 -1 -2 -1 22 0 1 1 0 0 1 -1 1 1 0 1 1 1 1 0 -1 1 1 0 0 1 0 0 -1 0 1 4 0 2
1 0 1 1 2 -6 -1 1 0 -2 0 -1 1 -1 0 2 0 0 0 -2 1 4 0 1 -3 1 1 0 1 1 0 0 2 4 -2 -1 1 -2 2 0 -4 1 3 0 1 1 0 2 1 0 -1 0 1 0 0 0 0 1 0 2 0 2 0 0 0 2 0 1 3 -1 0 -2 -1 0 0 2 -1 1 0 1 -1 -1 1 1 -2 -1 2 0 1 0 0 1 1 -1 1 -2 -1 0 1 3 -2 2 0 2 -1 -1 2 -3 0 1 0 -2 -2 3 -1 -1 0 -1 2 -1 0 -1 2 3 0 0 0 2 -1 1 0 0 -1 -1 -1 -1 0 -1 -2 -1 2 0 0 0 0 1 0 0 0 1 -1 -3 0 0 -1 1 1 -1 -3 2 -1 0 0 0 -2 0 1 -1 -1 0 3 -2 -1 0 -1 0 -1 -1 2 1 0 23 0 2 0 0 1 2 0 -1 -1 3 0 1 -3 -3 0 1 0 -1 -1 0 1 1 0 -2 -1 0 1 0
0 1 -1 0 -2 0 1 -1 0 2 0 0 -1 -1 0 -1 0 0 -2 -3 0 0 0 0 2 1 0 -1 1 2 1 -1 1 -1 -1 -1 0 0 0 1 0 2 0 -3 0 -2 0 -1 -1 0 -1 -2 -1 -2 0 1 1 1 -1 2 -1 -1 0 -2 0 1 0 0 0 0 -3 1 1 -2 1 1 0 -2 0 0 0 1 0 1 0 0 0 0 -1 -2 -1 -1 1 -2 0 -1 1 2 0 0 -1 -1 0 0 -1 -1 1 0 1 -2 -1 0 -1 0 2 2 0 0 0 0 1 0 1 4 1 1 0 -2 1 1 2 2 0 -1 -2 -1 0 1 0 0 -1 -1 -1 1 0 2 -2 -1 -1 0 -1 0 -1 0 2 2 -2 0 -2 0 -1 -1 -1 -1 -1 -1 0 0 0 -3 2 -2 0 2 0 -1 3 -1 -1 1 1 0 17 1 0 0 0 -2 0 -1 0 0 1 0 1 -1 1 0 1 -1 0 0 -1 0 1 -1 -1 0 0 -1
-1 0 -1 1 0 0 0 0 1 0 1 1 1 1 1 1 0 1 0 0 1 0 -1 0 0 1 0 -1 1 1 0 0 0 0 1 0 1 1 1 0 0 0 1 -1 0 -1 0 0 0 2 -2 0 1 0 0 1 0 -1 1 0 0 -1 0 0 0 1 1 0 1 0 -1 -1 1 0 2 1 1 0 1 1 1 -1 1 -1 0 -1 0 1 0 1 1 1 -1 1 0 0 -1 0 1 0 -1 1 -1 1 0 2 1 0 3 -1 1 0 0 2 1 -1 -1 0 -2 0 -1 1 0 0 0 0 -1 1 -1 -1 -1 -1 -1 0 0 -1 0 0 0 0 0 0 0 1 1 1 1 0 0 0 0 0 1 -1 0 2 0 0 1 1 1 0 0 0 2 -1 -1 1 0 0 1 -1 1 0 1 2 1 -1 0 1 1 2 1 10 -1 0 1 0 0 0 -1 0 1 0 0 0 1 1 2 -1 0 1 1 0 0 1 0 -1 0 1
1 1 0 0 2 1 1 1 0 0 0 1 1 0 0 -1 0 0 1 1 -1 1 2 1 0 0 0 -1 0 1 -1 0 -1 -1 -2 0 1 0 -1 0 0 0 0 0 1 2 3 -1 0 0 0 0 -1 -1 1 -2 0 1 0 1 0 -1 1 1 1 -1 0 0 1 1 -1 0 0 0 -1 0 -1 0 0 -1 -1 3 1 1 0 3 -3 -1 1 0 -1 1 0 -2 -1 -1 0 0 -1 0 1 1 0 0 2 1 -1 2 0 0 1 0 -1 0 0 -1 0 0 1 0 0 1 0 0 0 -1 0 0 1 0 0 3 3 1 0 1 -1 0 0 0 0 2 0 -1 1 0 0 -1 -2 1 1 0 1 0 2 0 -1 0 1 -1 0 0 0 0 0 1 0 -1 0 1 -1 0 1 0 0 1 1 0 2 -1 0 0 0 -1 13 -1 0 0 0 1 1 0 -3 -1 0 1 0 1 1 0 0 0 1 2 1 0 0 0 1 0
-1 3 1 0 0 1 -2 0 0 1 1 2 0 0 1 0 0 3 2 -2 0 2 -2 -2 2 -3 0 1 1 0 0 0 0 1 0 1 0 -1 3 0 0 0 0 1 0 -1 4 -2 1 2 0 -1 0 1 0 0 -2 -1 0 0 0 1 0 -1 1 0 -1 0 -2 2 3 -2 0 0 0 -1 2 -1 -2 0 0 1 -1 1 1 -1 3 1 0 0 -1 1 -1 1 0 1 0 0 1 1 0 1 0 0 1 4 1 1 0 0 3 0 1 -1 1 2 1 0 3 -2 0 0 0 -1 0 -2 1 -1 0 0 0 0 0 -1 1 0 1 0 1 1 -1 0 2 2 2 3 1 -3 0 3 0 3 0 -1 2 0 2 1 1 0 0 3 -2 -1 0 0 1 2 0 2 2 1 1 1 0 -1 -1 0 0 2 0 0 0 0 -1 19 0 3 -1 -2 0 -1 -2 1 0 -1 -2 0 1 0 0 1 0 1 -1 1 1 1 0 0
1 -1 0 0 0 0 1 1 0 0 1 0 0 0 2 -2 0 1 -1 1 2 0 1 2 0 -1 0 0 0 0 1 -2 1 1 -2 -2 1 3 0 0 1 0 4 0 2 0 3 1 0 1 0 0 3 1 -2 3 0 2 0 0 -1 0 -1 -1 2 0 3 0 0 0 -2 1 0 0 -2 -2 1 2 -1 -1 -1 0 0 1 2 1 3 0 -1 2 1 0 -1 1 -1 0 -1 2 -1 2 1 -1 -1 0 -1 2 0 0 1 4 -3 0 -1 0 -3 0 0 0 2 -1 1 2 1 1 1 0 -2 0 2 0 0 3 -1 0 0 0 0 2 0 0 0 1 1 1 0 1 -1 2 -1 1 1 -1 0 0 0 2 1 -1 -1 -1 1 -2 -1 -1 0 0 4 0 1 0 -1 0 1 -1 0 0 1 -1 0 1 1 1 0 1 0 0 17 -1 -1 0 0 0 0 0 1 0 0 0 0 -1 0 2 0 0 1 0 1 1 1 0
-1 0 1 -1 -1 0 0 2 2 0 -1 0 1 0 0 -1 1 0 0 1 -1 1 -1 1 1 0 2 -1 0 1 -1 3 -4 -2 -1 0 -1 -2 0 1 0 0 0 0 -1 0 0 1 2 2 0 0 1 0 -1 0 -1 1 0 1 0 0 1 1 1 -1 1 0 0 2 0 -1 0 0 -1 5 -2 1 -3 0 0 1 -1 -2 0 0 1 0 0 3 -1 2 -1 0 -2 1 -1 -2 2 0 -1 2 -1 1 0 2 0 -1 -1 2 1 0 1 0 1 1 -1 -1 1 -1 0 -1 0 0 1 -1 1 1 0 0 1 0 0 -1 -1 1 0 0 1 1 1 1 -2 1 2 1 1 0 1 2 1 1 -1 0 2 0 1 1 4 2 2 1 3 1 0 -1 0 1 2 2 1 0 -1 -2 0 1 -1 1 1 1 -1 2 -2 0 0 3 -1 18 0 1 0 0 -2 0 -1 -2 0 0 0 1 0 0 1 1 -1 -2 4 1 0 0
0 0 1 0 1 0 0 0 -3 1 0 0 -2 -1 1 0 0 -1 0 -1 0 0 2 -1 0 1 0 0 0 0 1 1 0 0 1 0 0 -1 0 -2 0 1 0 0 0 -1 -1 1 -1 -1 0 0 0 0 1 0 1 2 0 0 1 0 1 0 0 0 0 0 0 -1 2 -1 1 0 -2 0 0 0 0 2 0 1 0 0 0 0 1 -1 0 -1 0 0 0 1 1 0 1 1 1 1 -1 0 0 0 0 -1 1 1 -1 0 -2 0 1 0 0 0 2 -1 0 0 -2 -1 0 -1 1 -2 0 -2 0 0 0 0 0 0 -1 0 0 -1 -1 0 0 0 -1 -3 0 -1 -1 1 0 -2 1 1 0 0 0 -2 1 0 0 -1 0 0 -1 0 0 1 1 0 0 0 0 0 1 -2 -2 0 0 -1 0 0 1 0 0 0 0 -1 -1 0 11 0 0 2 -1 0 0 1 1 -1 0 2 2 -3 1 0 0 1 -2 0 -1 1
0 0 0 -1 2 0 1 0 -1 1 -1 0 0 0 0 0 0 0 -2 2 3 1 0 0 -2 0 0 0 0 -2 1 1 -2 0 -1 0 0 -1 -1 1 0 -2 1 0 2 1 1 0 -1 -1 0 1 0 0 1 0 -1 0 2 0 1 0 1 0 0 0 0 0 1 1 0 -1 1 1 -1 1 -2 0 -2 -1 0 3 1 1 0 1 -2 0 0 0 1 0 1 1 0 1 -1 1 0 0 1 -1 0 0 3 -1 0 0 0 0 0 0 0 0 1 0 0 0 1 0 1 1 0 0 -2 -1 -1 0 0 1 0 -2 2 0 0 0 0 0 1 0 0 0 0 -1 3 -1 0 0 1 0 1 -1 0 0 0 0 -1 -1 1 0 3 3 1 0 1 0 -1 0 0 -1 -1 -1 -1 0 1 0 1 2 0 -1 1 -1 -1 0 1 -2 0 1 0 12 0 0 3 1 0 0 0 0 1 0 1 1 0 0 0 1 2 0 0 -1
-1 0 0 0 -1 0 0 0 0 0 1 2 0 0 0 -1 0 0 0 0 -1 0 -1 1 1 0 0 0 0 -1 0 0 -2 -1 -1 1 0 -1 -1 1 1 1 0 0 -1 0 0 0 -3 1 0 0 0 0 1 1 0 -1 2 1 0 1 0 2 1 0 -1 -1 0 0 1 0 0 0 1 2 1 0 0 -1 0 1 0 -1 0 0 0 0 1 -1 -1 1 -1 0 2 0 1 0 0 1 0 0 0 2 0 1 0 0 0 -1 1 0 1 0 1 0 0 0 0 0 1 0 0 1 -2 0 1 -1 1 0 -1 2 -1 0 0 1 0 0 0 0 0 2 -1 -1 0 0 0 0 0 0 0 0 2 0 1 0 0 0 3 0 3 0 1 0 0 0 1 1 0 0 0 1 0 0 1 -1 1 1 -1 0 0 -1 0 -1 1 0 0 0 0 0 11 -1 1 0 0 1 0 0 1 -1 0 1 -1 -1 1 0 0 0 1 -1
-1 1 -1 -1 1 -1 4 -1 -1 -2 0 0 0 -2 0 1 -2 -1 0 3 -1 2 0 1 -2 -1 1 0 1 0 1 1 1 0 0 4 1 2 0 -1 -1 0 1 -1 -2 1 0 0 4 -1 -1 1 0 0 1 2 1 -1 1 0 0 2 1 0 1 4 0 -2 2 0 0 0 1 2 -1 0 0 0 1 1 0 -2 0 0 -1 -2 -2 0 1 0 0 1 0 1 1 0 1 0 -2 1 2 2 0 -1 0 0 -2 1 0 1 -1 1 0 0 -1 1 3 0 1 1 -2 0 0 0 -1 1 0 1 0 -2 0 -1 -1 -2 1 -1 -1 -1 2 0 1 0 1 -1 -1 -1 0 1 0 0 0 -1 0 1 -1 -3 0 0 -1 3 -1 -1 1 0 0 -1 2 -2 1 1 0 -1 1 1 -1 1 -2 1 0 -1 1 3 0 0 0 -1 0 0 2 0 -1 18 0 0 -1 -1 1 0 0 -2 1 0 1 0 0 2 1 1 0 -3
1 0 2 -1 0 1 0 0 1 1 0 1 0 -1 -2 -1 0 0 -4 -1 1 0 -1 -1 0 -1 -1 0 1 0 2 0 -2 3 0 -1 -2 -1 -3 -2 1 2 1 -1 -2 -2 1 0 1 3 -1 0 0 0 -1 1 1 -2 1 -4 0 1 -1 0 0 4 -1 0 1 1 -1 -1 2 0 0 -2 2 0 -2 0 0 -1 -2 0 -2 0 1 1 1 -1 1 0 1 0 1 1 2 -2 0 1 0 -1 1 -2 0 -4 -1 -2 -2 0 1 0 0 1 0 4 -1 0 -1 0 0 2 1 0 0 0 -1 3 -2 0 -1 -1 -2 0 0 -1 1 -1 -1 1 1 -1 0 -2 3 -1 -3 1 -1 -1 -2 -3 -1 -1 2 1 3 -1 2 0 1 -3 -1 -1 0 1 -1 0 -3 0 3 -3 -2 -1 2 2 -1 -1 0 -1 1 0 1 1 -3 -2 0 -2 -1 3 1 0 26 0 -2 1 0 -1 2 0 0 1 0 0 0 1 -2 -2 0 0
1 3 1 1 0 0 0 -2 0 0 0 -1 -1 1 0 0 0 -1 -1 -1 1 1 1 1 0 2 0 0 1 0 -1 0 0 1 -1 0 0 -1 1 1 0 0 1 2 0 2 0 2 0 2 -1 0 0 0 0 0 0 0 1 1 1 0 0 0 1 -1 0 0 3 1 2 0 0 1 0 1 0 0 1 -1 0 -1 2 3 0 -1 1 1 1 0 0 1 0 1 1 -1 -2 1 0 0 0 0 0 0 0 1 0 1 0 0 0 0 0 0 1 0 0 0 3 0 0 0 0 0 -2 1 -1 0 1 0 0 1 0 1 -1 0 1 -1 0 0 1 1 0 1 0 0 0 -1 1 0 1 0 0 0 0 0 1 0 0 0 0 1 0 1 -1 -2 1 1 -1 0 2 0 0 1 1 0 0 0 0 -1 1 1 0 0 -1 1 0 0 0 1 0 0 0 10 1 0 1 1 1 0 1 0 1 -1 0 0 0 2 1 -1
-2 0 1 2 0 0 0 -1 1 0 1 -1 0 1 -1 -1 -1 0 -1 1 1 -3 -2 -1 1 0 0 0 0 -1 -2 -1 2 1 1 0 -3 1 0 -2 2 0 -2 0 0 1 0 0 -3 2 0 0 1 0 0 1 0 0 1 0 -1 0 1 1 2 -1 -1 0 -1 1 2 0 -1 -1 -1 -4 2 -2 1 -1 -1 0 2 1 2 1 0 0 0 2 -1 2 -1 -1 0 0 0 2 -1 -2 0 1 0 1 0 1 0 0 2 0 -1 0 -1 -2 0 0 0 0 0 1 -1 0 1 -1 -1 0 -3 0 0 -2 0 0 1 -1 0 0 0 0 0 0 -1 1 -1 -1 1 -1 -2 -2 0 -1 -2 0 1 1 -1 0 0 0 0 1 -1 0 0 2 1 -1 1 -3 0 -1 0 3 -1 -1 0 0 -1 -3 1 -2 1 -3 1 0 0 0 1 -1 0 0 0 -1 -2 1 15 1 0 2 -1 1 0 -1 1 0 0 -1 1 4 -1 -1
0 -1 1 0 0 2 0 0 0 0 -1 2 2 -2 1 -1 0 1 0 0 0 -1 -1 0 1 -1 0 0 -2 0 0 0 2 1 0 0 0 0 1 -2 2 0 2 1 0 0 0 1 -3 1 2 1 0 1 0 0 0 -2 0 1 -1 0 0 -1 0 -2 -1 0 -1 -1 2 0 0 1 -1 3 1 0 0 -2 0 -1 0 -1 2 0 0 1 0 -1 1 0 -1 0 0 0 0 -1 1 0 0 1 1 0 0 -1 -2 1 -1 0 1 0 0 -2 0 0 0 -1 -1 0 1 0 0 -1 0 1 0 1 0 0 -2 1 0 0 0 0 0 -1 0 -1 0 2 -1 0 0 0 1 -1 1 0 1 0 1 -1 1 -1 1 2 2 -2 3 -1 -1 1 0 0 1 0 0 1 -1 0 0 -1 0 1 0 0 0 -2 0 -3 -1 0 1 -1 0 -2 1 0 1 -1 1 0 1 13 0 -1 1 3 -1 3 1 -2 -1 1 -2 -1 0 -1
0 1 0 1 0 1 1 0 -2 0 0 -1 -1 0 0 0 0 0 0 1 1 -1 0 1 2 1 1 0 -1 1 0 0 -1 -1 0 0 0 0 0 -1 0 0 -2 0 0 0 -1 1 1 1 -1 0 0 1 0 1 1 0 0 0 1 -2 0 0 0 0 1 0 1 0 0 -2 2 0 1 -1 -1 0 1 0 0 0 1 1 0 1 1 0 0 0 0 -2 -1 0 2 0 0 1 0 0 0 0 1 0 -2 0 1 -1 1 0 0 -1 1 0 0 -1 0 0 0 0 0 -1 0 0 1 -4 0 -2 0 0 0 0 0 -1 -1 0 0 0 1 0 1 0 -1 -1 0 -2 0 1 0 -1 1 0 0 0 0 0 0 1 0 0 1 1 -1 0 -1 1 1 -1 1 0 0 -1 -1 0 -2 1 0 2 1 1 -1 0 1 1 0 -2 0 0 1 0 0 1 0 1 0 0 9 -1 -1 0 1 -1 1 0 1 0 0 -1 1 -1
1 0 1 1 1 -1 0 -1 0 0 0 0 3 0 -1 1 0 0 0 1 2 2 1 3 -1 0 1 0 1 0 -1 0 0 1 1 1 -1 1 -1 2 0 0 0 -2 0 2 0 0 0 1 0 0 -1 0 1 0 0 1 1 0 0 1 1 -1 -1 0 0 0 1 1 0 1 -1 0 -1 0 0 0 0 1 0 0 -1 0 0 2 1 1 0 1 2 3 0 -2 0 -1 -1 -3 0 0 1 0 0 0 0 2 0 0 1 0 1 1 0 2 1 0 0 0 2 -1 -1 0 0 1 -2 3 -1 1 0 1 2 0 0 -1 0 -1 0 -1 -1 0 0 -1 0 2 0 2 0 1 0 1 -1 1 2 1 -2 0 1 0 0 0 0 -1 0 0 -1 0 -1 0 0 0 1 1 0 1 1 0 -1 -1 1 0 1 1 0 1 1 0 0 0 -1 0 0 0 -1 1 2 -1 -1 10 1 -1 0 1 2 1 1 -1 1 0 0 0
0 -2 1 1 1 0 0 0 2 1 0 1 0 0 0 0 -1 2 0 2 -1 1 -1 -1 0 -1 -1 0 0 0 0 -1 0 1 0 1 2 -1 -2 -1 1 0 3 -1 0 2 2 1 0 1 1 0 -1 1 2 0 1 0 1 -1 -1 -1 -1 1 0 1 -1 -2 1 2 0 -2 1 0 0 3 1 0 2 -2 1 2 0 0 -1 0 1 2 2 2 2 0 -2 3 0 1 0 -1 2 0 1 -1 -1 -2 0 3 0 0 -1 1 -2 0 0 -1 2 0 1 0 1 0 2 2 1 2 1 1 -1 0 -1 -1 -1 1 1 -1 1 0 -1 0 0 1 -1 2 1 1 2 -1 1 -1 0 -1 1 0 2 -1 1 0 -1 0 -1 0 1 2 1 0 0 0 -2 4 -2 1 2 -2 2 -1 3 -2 2 2 0 -3 1 0 1 2 1 1 0 0 0 1 1 0 2 1 -1 1 -1 1 19 -2 0 -1 -1 1 -1 2 -2 -1 1 1
-1 -2 0 1 2 2 -2 2 0 0 -1 0 2 -1 1 -1 -1 0 0 -1 0 0 0 0 -1 -2 1 0 0 0 0 -1 0 0 0 1 1 1 0 -3 0 0 0 1 1 -1 1 -1 0 -2 0 -1 -1 0 0 0 1 -1 -2 0 -2 0 0 -1 0 -1 -1 -2 -1 0 2 0 -2 1 0 -2 0 2 2 0 2 -1 1 -1 -2 2 0 1 0 3 2 1 1 1 1 0 1 -2 -1 -1 2 -1 -1 0 0 -1 1 2 1 0 3 0 2 -1 2 3 -1 -1 0 -1 -2 -3 -2 0 3 0 0 3 0 0 -1 -3 2 2 0 0 0 0 -1 1 -2 1 -2 -1 0 0 0 2 1 -1 0 0 0 -1 0 0 0 1 0 -4 1 -2 -1 -1 -1 0 -2 -1 -2 -1 0 -1 -1 0 1 0 -1 0 1 1 0 -1 -1 -1 0 0 -1 1 2 0 -1 -2 0 0 1 3 0 -1 -2 22 0 1 1 -1 0 1 3 2 0 1
-1 2 -1 -1 1 0 1 -1 -1 0 0 -1 -1 0 0 0 0 -1 2 3 0 0 -1 1 0 2 -2 0 -1 0 1 0 1 -1 0 2 0 -1 -1 0 1 -1 0 0 1 1 0 0 -1 0 0 -1 0 1 0 1 0 1 0 2 3 1 0 0 0 0 0 0 1 0 0 -2 0 -1 -2 -3 -1 0 -1 1 -1 -1 1 -1 0 -1 -1 0 1 0 0 0 0 0 0 0 -1 0 0 0 1 1 -1 0 -1 1 0 0 -1 -1 0 -1 1 0 0 0 1 0 0 0 -1 0 1 1 0 -3 -1 -2 1 0 -1 0 -2 1 -1 0 1 -1 0 -1 0 -1 0 0 0 1 -1 0 2 -1 1 0 0 0 0 0 -1 0 2 -2 -1 2 -1 1 0 0 -3 -1 0 -1 1 0 0 1 -2 1 0 -3 0 1 0 -1 0 0 0 0 0 0 2 1 0 1 0 1 0 -1 1 0 0 0 12 -2 -1 0 0 0 0 1 3 1
0 0 1 2 -1 1 1 0 0 0 -1 1 1 0 1 1 0 1 0 -2 -1 -1 0 0 0 -1 0 1 0 1 1 -1 -3 0 2 -2 1 2 2 1 0 0 2 -1 -1 0 1 0 1 -1 2 2 0 4 0 4 1 -4 1 -1 -1 -1 0 0 -1 0 1 1 1 0 0 1 -1 0 -1 0 1 0 0 -2 1 -1 0 1 0 2 1 0 0 3 0 2 3 -1 1 -1 1 -1 -1 0 -1 0 -2 0 0 2 0 0 3 2 2 1 2 1 -1 1 1 0 0 0 2 -1 1 0 -2 5 1 1 1 0 -1 1 2 -1 1 1 1 0 1 0 -2 2 0 2 -2 3 1 0 0 0 1 1 0 0 2 2 -1 -1 1 -1 1 -1 -1 0 1 2 3 -1 -1 0 0 -2 0 2 1 2 3 1 -1 1 1 0 0 1 0 1 2 0 -3 1 1 0 1 0 -1 3 -1 1 -1 1 -2 20 1 -2 1 0 0 0 0 -2
0 0 2 0 2 -1 0 1 1 0 -1 2 -3 0 -1 0 0 0 -1 -1 1 -1 1 2 -2 1 2 0 0 1 -3 2 0 1 0 1 0 1 2 -1 1 3 2 0 -1 3 -1 0 -1 1 1 1 -2 -1 -1 2 1 -1 2 1 1 -1 2 0 -1 -1 0 0 1 1 1 1 2 0 1 0 1 1 -1 -1 0 1 -1 2 -1 3 -2 2 0 1 3 5 1 0 1 3 1 -1 1 0 0 1 2 0 5 0 0 0 1 0 1 0 0 1 1 0 1 0 1 -1 -3 1 0 -1 1 0 0 1 -1 0 0 0 2 1 0 -2 1 -1 0 0 1 2 -2 1 -1 0 1 -2 0 0 0 2 0 1 2 0 2 0 1 0 1 -1 -1 3 0 1 0 0 -1 0 0 1 0 -2 0 3 0 -1 2 3 0 1 -1 1 1 0 0 1 1 0 -1 1 0 1 1 1 1 2 -1 1 -1 1 19 -1 0 0 0 2 -1 0
0 1 -1 1 1 -1 -3 0 0 0 1 0 0 0 -2 1 -1 -1 1 -1 0 1 0 0 0 0 -1 0 1 0 0 0 -1 -1 0 -1 -1 0 1 1 0 0 -1 -1 0 0 2 0 2 -1 -1 -1 -1 0 1 -1 1 2 -1 0 0 -1 0 0 1 1 2 -1 1 2 0 0 1 0 -1 0 -1 0 1 2 0 -1 0 0 2 1 -1 1 0 -1 0 1 -2 -1 -3 1 0 0 2 -1 1 0 0 -1 0 -2 0 1 -1 1 1 0 1 1 0 1 0 0 0 -1 -1 2 0 -1 1 -1 -2 0 0 0 1 -1 1 1 0 1 -1 1 0 1 0 -1 0 -1 0 1 -2 0 0 2 0 0 -1 1 1 1 1 1 0 0 1 -2 0 -1 1 0 1 0 -1 1 2 1 0 0 0 0 -1 0 1 -1 0 1 0 0 2 1 0 1 0 0 -1 0 0 -1 0 -2 0 1 1 -1 0 -2 -1 14 0 -1 2 -1 0 0
0 -1 0 1 -4 0 0 0 0 0 0 0 0 0 0 -1 0 -1 1 -1 1 -1 0 2 -2 0 3 1 0 1 0 -1 0 -1 0 0 -2 1 -2 1 1 0 0 0 0 0 1 -1 0 -2 0 0 1 1 0 1 0 2 0 0 1 0 0 0 1 1 -1 -1 0 -1 -1 0 -1 -1 0 -1 -1 0 1 0 0 1 1 1 1 2 1 0 0 1 1 0 0 -2 0 1 0 0 -1 1 1 -2 1 1 0 1 0 0 2 0 2 0 1 1 0 -2 0 -1 -1 -1 0 0 0 -2 -1 -1 0 -2 1 1 2 1 -1 0 -1 2 1 0 0 1 2 1 0 -1 0 1 1 0 -1 -2 1 -1 0 1 1 0 1 -2 -1 -2 0 -1 1 1 0 -1 2 -2 0 1 0 0 0 1 0 0 1 -1 1 2 -1 0 1 0 1 -1 1 -1 0 0 1 0 0 0 0 -1 1 1 -1 0 0 1 0 0 12 0 -1 0 0 0
-1 0 0 0 0 2 -1 1 -1 0 0 0 0 1 0 -1 0 2 0 0 0 0 -2 0 0 1 0 -2 2 0 1 -1 -1 -1 -1 1 0 -1 1 1 0 0 1 0 0 0 0 0 1 1 1 0 0 0 -1 0 0 -1 0 -2 0 0 0 0 -1 1 -1 1 1 2 0 0 1 0 2 -1 1 0 0 -1 -1 1 1 0 1 0 0 -1 2 0 1 -3 0 1 -2 1 0 0 0 0 0 0 0 1 2 0 0 -1 -1 0 3 1 1 -2 1 1 1 0 -1 -1 0 1 0 0 1 2 -1 -1 -1 0 0 0 0 1 0 -1 -1 0 1 1 1 -1 2 1 0 0 1 2 0 0 1 -1 0 1 -1 -1 0 1 0 0 0 0 0 -2 1 0 -1 1 1 1 1 0 2 3 1 0 1 0 -1 0 0 -2 -1 1 0 1 0 -2 1 1 0 2 1 0 -1 1 0 -1 2 1 0 0 0 -1 0 14 -1 0 -1 1
1 0 -2 1 2 2 4 0 1 2 -1 -1 0 1 1 0 0 -1 0 0 0 -1 1 1 -1 1 1 1 0 -1 0 1 -2 -3 -3 1 1 2 0 3 1 0 0 0 2 1 1 1 -1 -1 0 0 3 1 0 0 0 2 0 2 0 2 -1 -1 4 1 0 1 0 0 1 1 -1 0 -1 2 2 0 1 0 0 -2 0 -1 1 0 -1 0 -1 2 -2 0 0 -2 2 3 -1 -2 5 0 1 0 -1 -1 -1 1 2 -1 0 0 3 1 3 -1 2 2 -1 0 0 1 -1 1 -1 1 1 -3 -4 3 0 -1 1 -1 1 -2 1 1 0 0 1 2 -2 1 0 0 -1 1 0 1 1 -1 1 1 1 1 0 0 -1 -3 -1 -1 0 0 1 -2 1 -1 -2 3 0 0 2 4 -1 0 2 1 0 -1 2 1 1 -1 -1 0 0 1 1 4 -2 2 0 1 -2 0 1 -2 0 1 -2 3 0 0 0 2 -1 -1 24 4 1 1
-1 -2 1 2 -1 1 1 1 0 1 1 -1 -1 2 0 0 0 -1 -1 1 0 0 0 1 -3 1 0 -2 2 0 2 0 0 -1 2 0 -1 1 0 1 0 -1 3 0 -1 1 -2 0 -1 0 1 0 -1 0 -1 1 0 1 1 0 1 0 2 1 1 0 1 0 0 1 2 0 0 -2 0 -2 2 -1 -2 -1 -3 0 1 2 -1 0 1 -1 -1 2 -2 0 0 0 -2 0 -1 0 1 -1 2 -1 3 -2 0 3 0 2 2 -2 1 0 1 0 1 0 2 0 0 1 0 0 1 -1 3 1 -3 1 2 0 0 0 1 -2 1 1 2 1 0 -1 -1 1 0 -1 -2 2 1 -1 1 -3 -1 -1 0 0 2 0 0 -1 2 0 -1 1 0 -1 1 0 1 -1 0 -1 3 2 -2 0 0 0 0 0 0 0 4 0 0 -1 0 1 1 1 0 0 0 1 -2 2 4 -1 -1 0 -1 2 1 0 2 -1 0 0 4 21 0 0
0 2 1 0 1 -1 -1 -1 1 1 0 -1 2 0 0 -1 0 0 0 2 0 3 -1 3 2 0 -1 -1 -1 2 -1 2 0 0 -2 1 -1 1 0 1 0 -1 1 1 1 2 0 -1 2 1 2 0 0 1 0 1 1 -1 2 2 0 0 1 1 2 2 0 0 0 0 -1 0 -1 1 -1 -2 0 0 1 0 0 2 1 0 -1 0 -1 1 1 1 -1 0 0 0 0 -1 -1 0 -1 0 3 1 -1 -1 -1 1 -1 0 0 -1 0 0 0 -1 1 1 0 0 0 -1 -2 0 0 1 0 -3 0 0 2 1 -2 2 -1 -2 0 1 1 1 1 0 0 2 0 0 0 1 -1 -1 2 -1 0 0 0 0 1 0 -1 1 -1 -2 0 1 1 0 1 0 0 0 0 0 0 -1 0 1 2 0 2 -1 -1 -1 0 1 0 0 1 0 1 0 -1 0 1 0 0 1 -1 0 1 0 1 0 3 0 -1 0 0 -1 1 0 12 0
1 -1 0 0 1 -1 -1 -2 1 0 0 0 0 1 -1 0 2 0 1 2 -2 0 0 -2 -1 -1 -1 0 -1 1 2 0 1 -2 0 0 1 1 0 2 0 1 1 1 0 1 1 0 -2 1 4 1 0 2 -1 0 1 1 -2 1 1 0 -2 0 0 -1 -2 -1 2 -1 0 -1 -1 -2 3 1 2 1 1 2 0 2 0 -1 0 1 1 -1 0 0 3 0 -1 1 -1 0 0 -1 1 0 0 -3 0 1 0 1 2 -1 2 1 2 2 3 0 0 -1 1 -1 -1 1 -1 1 1 2 4 -2 1 2 0 0 -2 -1 -2 1 2 0 -1 0 -4 0 -1 1 0 0 1 1 2 -3 -1 1 1 0 0 0 -1 1 -1 0 0 -1 2 0 2 -1 1 -1 -2 1 0 1 1 1 -1 0 0 0 0 -3 1 1 2 0 -1 1 0 0 0 0 1 -1 -1 -3 0 -1 -1 -1 -1 0 1 1 1 -2 0 0 0 1 1 0 0 16

