Q_obj 
46 0 0 4 0 0 2 0 0 1 -1 0 0 -1 0 4 0 4 -2 0 0 2 2 1 -4 -4 1 0 0 4 1 0 0 0 1 0 0 -1 0 0 1 -4 0 1 0 -2 0 -6 -4 2 0 4 0 0 2 1 1 0 4 1 0 0 0 4 0 0 0 0 1 0 0 0 -2 0 0 2 2 0 4 2 0 -8 0 3 0 1 3 -1 0 2 0 -2 -4 0 -1 -2 0 0 -2 0 0 0 0 1 4 4 0 -4 -2 0 2 0 4 4 -4 0 0 1 0 2 0 0 4 -1 -4 0 0 0 0 -2 3 5 0 0 -1 0 -2 0 3 2 2 2 0 0 0 0 0 0 -1 2 2 -3 2 2 0 0 -4 0 0 2 2 0 0 0 -1 0 0 2 1 2 0 1 2 2 0 -1 0 -2 -1 0 -4 -2 2 0 0 0 2 0 0 -2 0 4 0 0 0 0 0 -4 4 0 0 2 -1 0 0 0 0 -1 -2 0 0 -1 -4 1 2 1 0 5 0 0 -2 -2 -2 0 0 0 1 0 -2 0 0 0 2 0 2 4 0 0 -2 0 0 0 0 -2 2 1 4 0 -2 0 0 0 0 -2 0 5 0 -2 2 0 -1 0 -4 4 0 0 0 -2 0 2 0 0 0 0 0 0 0 0 -4 0 0 2 0 0 6 2 1 2 0 0 -4 2 1 2 2 0 1 0 -6 0 0 0 3 3 0 0 1 1 -4 -2 0 -1 0 0 2 0 -1 0 0 0 2 0 0 -4 -1 -2 0 -1 0 4 -1 0 0 0 0 1 1 5 0 0 0 0 2 0 0 0 0 1 2 0 -1 0 0 -2 -1 0 0 4 -7 0 0 0 2 0 0 1 0 1 0 1 0 0 -4 -2 0 0 -6 2 -2 8 5 0 0 0 0 0 1 4 0 3 0 0 -2 0 0 0 0 4 2 -1 -2 0 0 2 0 -2 2 0 0 0 0 0 0 0 0 0 0 0 0 2 -3 0 0 2 3 2 1 -4 3 0 0 2 0 0 0 -2 8 -2 2 0 -2 0 3 2 1 0 0 4 1 -2 -1 0 1 -2 -1 0 0 -2 4 0
0 31 0 0 0 0 -1 0 -1 0 3 1 -2 0 0 0 0 -2 -1 1 0 4 -2 1 0 1 0 1 -2 2 -4 0 1 -2 0 1 -1 -1 -1 0 0 0 0 1 -3 0 0 0 0 0 0 0 2 -4 -4 0 -2 0 2 0 -4 -4 0 0 -1 0 0 -1 -6 0 -4 0 1 0 0 2 -2 0 0 0 0 0 0 -2 2 0 0 0 0 -1 0 0 0 0 0 0 0 0 0 -2 0 0 -2 0 1 -6 0 0 1 2 2 0 -1 0 -4 0 0 0 0 0 1 0 -2 -2 0 0 0 0 0 0 -4 -2 0 0 5 0 1 0 0 0 -1 0 -2 4 0 0 4 0 0 2 0 0 -1 2 0 0 0 0 -2 1 -2 0 2 0 -4 0 0 -2 -4 0 -2 0 0 0 0 -1 0 0 2 0 -1 0 -1 2 0 0 0 0 0 2 0 2 0 0 -1 -1 2 -2 -1 4 1 -1 -2 1 -1 1 0 -2 0 4 0 0 -1 0 0 0 0 0 0 1 5 4 0 0 1 -3 1 -1 1 2 2 0 0 0 -2 0 0 1 0 0 -2 0 0 -2 0 -2 1 2 0 -4 0 0 -6 0 -3 0 0 0 0 2 0 0 -1 0 6 2 0 -2 3 0 0 2 0 0 -1 4 -4 2 0 0 -1 0 -1 4 -1 0 0 1 2 2 0 -2 1 0 -2 -1 0 3 -2 0 -3 0 -1 7 1 2 0 0 0 2 0 1 0 0 -1 -2 0 0 0 -1 0 -1 0 0 0 1 0 -1 1 0 4 0 0 -2 2 1 1 -1 0 0 0 0 -3 2 0 0 -1 -4 0 -1 0 1 0 0 1 -1 0 0 0 0 0 -3 0 2 -1 4 -2 -2 1 0 3 0 2 0 0 0 0 1 2 0 0 -2 -1 3 0 2 1 0 0 -1 0 4 0 0 -2 1 0 0 0 0 -5 0 0 1 0 0 0 2 0 0 -1 0 0 0 0 -1 0 0 2 0 0 -6 -2 -1 -2 -1 0 -4 -2 0 4 4 0 0 0 0 0 0 0 1 0 2 0 0 0 0 0 -2 0 1 3 0 0 0 0 0 0 0 2 0
0 0 45 0 -1 0 0 -1 1 0 4 0 -1 -1 0 0 -4 0 0 0 0 0 -1 -1 -1 1 0 -2 -6 -1 0 0 0 2 -1 1 1 0 0 -4 0 -4 0 0 0 -4 0 2 0 -1 0 0 0 -2 1 0 0 0 0 2 -2 0 2 -3 2 0 2 1 6 2 0 0 1 -3 0 0 -1 0 4 0 -1 0 4 -2 2 0 0 -1 1 0 0 1 4 0 -4 0 0 -1 3 0 0 2 -3 0 -1 0 0 2 -1 1 1 0 0 -1 0 -1 4 5 0 0 2 -4 -1 -2 0 0 0 0 0 -1 1 0 0 2 1 -4 0 -2 0 2 0 -2 2 -4 0 0 0 2 0 -1 1 3 1 6 0 0 2 0 2 0 0 6 0 -3 0 -1 0 2 -3 0 0 1 3 -2 2 0 0 0 0 0 0 -2 3 -4 4 2 0 0 0 2 -4 0 0 3 2 0 -6 -3 4 0 0 0 0 3 0 0 -4 -3 0 0 -2 1 -2 1 4 0 0 1 2 -1 -4 1 0 0 0 -2 2 1 0 1 -2 -2 4 0 0 -2 2 0 3 0 0 4 -2 0 0 0 0 0 0 -1 0 0 0 1 4 -1 0 0 0 -1 0 2 0 0 0 0 2 2 0 0 -1 -2 0 -1 4 0 0 2 2 0 1 -2 0 3 1 0 -2 -2 0 2 3 3 1 -2 -2 4 0 0 -1 -4 0 3 -2 5 -2 0 0 0 2 1 2 0 -2 0 0 0 2 -4 -1 1 0 2 0 1 0 0 2 -1 -1 0 -1 0 -4 0 0 -1 0 0 0 0 1 0 -1 1 4 0 0 0 2 2 0 -2 -2 4 0 0 1 2 -1 0 0 2 0 -1 0 -2 0 -4 -1 -2 2 3 -6 4 0 1 0 -2 3 0 2 0 0 2 1 0 -2 0 -2 0 4 -4 0 1 2 0 0 2 0 -5 0 0 0 2 0 -1 0 0 4 -4 3 -2 1 -4 -1 0 0 0 0 0 2 2 0 0 0 0 2 0 -4 -2 -1 1 -1 0 2 0 -1 -4 1 0 2 0 0 -1 0 0 0 0 0 2 1 0 0 -1 4 0 0 2 3 0
4 0 0 30 0 0 0 0 0 0 -4 0 -1 0 0 -4 0 -1 0 -4 2 2 -2 0 0 0 0 -1 2 -2 1 0 0 0 0 -2 -2 -1 -1 2 -1 0 0 0 0 2 0 0 -4 0 0 0 0 0 0 -1 0 0 0 0 2 1 0 0 0 0 0 0 0 0 -1 -2 0 0 0 -2 0 0 1 0 0 -2 0 -2 0 0 0 3 -4 0 1 0 -4 -1 0 0 0 1 0 0 0 0 0 0 2 2 2 0 0 0 0 0 4 0 0 0 0 0 0 -2 2 0 0 1 0 2 0 0 2 0 0 0 0 0 -2 0 0 0 2 -2 0 2 0 4 0 -2 0 0 0 0 -2 1 0 -1 0 4 1 0 4 0 0 4 0 1 0 0 0 0 0 0 0 0 -4 2 0 0 0 -2 -3 1 -8 -2 0 0 -2 -1 -2 0 0 2 -4 0 0 -1 0 0 0 0 1 4 4 0 1 0 0 0 0 0 0 1 0 -2 4 -3 2 0 0 0 0 4 0 1 0 -2 0 1 0 -2 0 0 1 -1 0 0 0 0 0 0 0 -3 0 0 -2 0 2 3 0 0 0 0 0 -2 0 0 0 0 -1 0 2 0 0 1 -4 2 -4 0 0 -2 0 0 0 2 0 1 0 -1 0 0 -2 0 1 -1 0 0 2 0 -4 0 0 0 -4 0 0 0 1 2 0 0 0 -2 0 0 0 0 -2 0 0 4 0 0 0 0 0 3 0 2 0 0 0 -1 -1 0 0 0 1 0 0 0 1 -1 0 -1 0 -4 0 0 -2 -4 0 0 0 0 1 0 0 0 0 0 -2 4 0 0 0 -4 0 -4 0 0 -4 0 0 0 2 1 0 0 -4 0 0 0 0 0 4 0 0 0 2 0 0 6 0 -1 -2 1 -6 0 0 -2 6 0 5 0 -2 -1 0 -2 -2 0 0 0 0 0 -2 0 0 0 0 2 4 0 0 0 0 0 0 0 0 0 3 2 -4 0 0 0 0 2 0 -4 -2 0 -2 0 0 0 4 1 6 0 0 0 0 0 0 1 2 0 0 2 0 0 0 0 0 0 2 0 -4 0 0 0
0 0 -1 0 33 0 0 0 -4 0 0 0 2 0 0 1 -1 -1 4 2 -2 0 0 0 0 -2 0 0 -2 3 -1 0 0 0 1 1 4 0 0 -3 -3 0 2 0 0 -1 0 0 0 0 4 -2 -2 2 -1 0 0 0 0 2 -2 -2 0 4 0 0 1 3 0 0 0 0 0 1 1 0 0 1 0 0 0 0 0 0 0 0 0 4 2 0 0 0 0 0 0 0 0 0 -2 1 0 1 2 0 0 1 0 2 0 2 -2 1 0 1 3 -4 0 -2 -2 -1 0 0 -2 4 0 0 0 2 0 2 0 0 -4 1 0 -1 0 -1 0 2 -2 -2 0 -2 0 0 1 -2 2 0 8 -2 2 0 0 0 0 2 -3 2 -2 0 0 0 0 0 -2 2 -5 3 4 -2 0 -2 -2 2 0 0 6 0 0 -4 0 -1 0 0 -1 1 0 -1 0 1 1 -1 2 2 2 -2 0 0 0 0 -2 0 1 6 2 -4 0 0 1 0 -1 2 -2 1 1 0 0 0 0 -2 0 1 0 1 0 2 0 -1 -3 0 0 0 0 2 0 1 0 2 0 2 -3 -4 0 1 -2 0 0 0 0 0 -1 0 0 2 1 2 0 0 3 -2 -1 0 2 2 0 -2 0 0 -2 -1 -2 0 -2 0 2 0 2 0 -2 2 1 -1 1 0 -6 0 -2 3 2 2 -4 0 -2 0 0 0 -2 1 2 1 -4 1 2 0 -1 3 0 0 0 1 1 0 0 0 0 -1 0 0 3 0 0 -2 0 0 0 0 0 -2 1 -1 -2 2 2 -1 -4 0 3 0 -5 4 0 0 0 -2 0 2 0 2 0 0 0 4 2 -2 -2 -1 -2 0 0 1 0 -1 4 0 0 0 1 0 2 -2 0 0 0 0 0 2 0 1 0 0 0 0 0 -4 0 0 -2 0 -1 6 -4 0 -4 0 0 -1 -1 2 0 0 4 0 0 0 2 0 0 2 0 1 0 1 -2 0 -1 0 -4 0 0 0 0 1 4 -8 2 2 -3 -2 0 -1 5 0 0 1 5 4 -2 0 -2 0 0 5 2 -3 -1 0 0 0 0 -1 -4 -8 0 0 -3 0 0 0
0 0 0 0 0 46 -6 0 0 -2 2 0 1 2 0 0 2 0 0 -4 0 -4 0 -1 0 0 -2 0 0 0 0 0 0 0 2 0 -2 -2 0 0 0 -4 0 0 0 2 0 0 0 0 4 0 0 -4 6 2 1 0 0 0 -2 0 -4 0 0 0 0 0 2 0 0 2 -2 0 -1 0 -3 1 4 2 -6 6 -4 0 -2 -2 0 -2 0 1 2 4 2 0 0 4 0 -2 3 0 0 -1 1 -2 0 -3 1 0 0 -1 0 0 0 2 2 0 0 4 0 4 0 0 -1 -4 -4 0 6 0 0 0 -4 2 0 2 4 2 4 0 2 0 4 0 1 -4 1 0 -2 0 0 0 0 2 0 0 0 6 1 0 0 0 0 0 0 3 -2 0 0 0 0 -2 -8 0 2 -4 4 0 -4 2 -1 4 4 5 6 0 3 0 3 0 2 0 0 0 0 0 0 0 0 0 -2 0 0 2 -3 0 -4 2 2 0 0 0 0 -2 -4 0 0 6 0 -2 0 0 -2 0 0 2 -1 2 0 0 0 0 1 -4 -2 0 0 0 0 1 2 0 -2 2 0 0 -8 -2 0 -1 -2 0 0 0 2 4 2 0 0 -4 0 2 0 0 0 4 0 0 0 -2 -1 1 4 0 0 1 0 0 2 0 0 -6 2 -4 -3 0 0 -1 2 0 -1 0 0 0 1 -2 0 0 -2 4 0 0 0 -6 2 0 -1 2 -2 -4 0 0 4 0 -4 2 4 0 0 -1 0 0 2 0 0 -1 2 0 -4 -2 2 0 2 4 -4 0 0 0 0 0 0 0 2 0 0 2 1 0 2 0 -4 -4 0 0 0 0 0 2 2 0 0 0 0 -4 -1 -4 0 2 0 0 2 -2 1 -2 0 0 0 1 6 0 0 0 -2 -1 3 6 0 2 -2 -2 0 1 0 0 -2 0 0 -2 0 0 -4 -4 0 -2 1 2 0 2 -2 0 2 0 -1 1 4 0 0 0 -2 0 0 -4 0 0 0 0 2 -8 1 -3 -2 -2 0 -1 0 0 0 -1 -4 2 0 -1 0 -2 -1 -4 -1 0 0 0 0 -8 0 -1 0 2 2 0 0 0 4 -1
2 -1 0 0 0 -6 52 0 0 0 0 -5 0 1 -4 2 0 0 0 0 8 4 0 -2 0 -2 -1 0 0 -2 2 0 2 2 2 0 0 1 1 -1 0 0 0 1 0 0 0 4 0 0 -2 -2 6 2 -2 -4 2 1 2 1 0 0 0 0 0 0 0 6 2 2 6 0 0 0 2 0 0 0 0 3 -2 0 0 -3 0 0 0 -1 1 0 -2 0 0 -1 -3 0 0 0 -6 4 -2 -1 1 -4 0 0 -2 0 -1 0 6 -2 1 -1 0 0 2 0 0 0 -6 -2 0 0 2 0 0 0 2 0 -4 0 0 0 0 2 4 -5 -2 0 0 0 -2 -1 0 0 -2 4 0 0 -4 1 2 0 0 -4 -4 0 -4 8 6 2 0 -2 0 0 -2 -2 0 -2 2 0 0 0 -5 0 0 0 -2 2 6 0 0 0 -2 0 2 4 0 1 0 6 0 0 4 0 -3 4 0 -1 1 1 2 -1 2 -1 -2 0 0 -1 2 0 0 2 0 -4 5 -2 4 -3 4 -2 0 0 6 0 -5 -3 3 -2 0 2 0 0 0 -2 0 0 0 -1 0 -2 2 2 2 7 -2 0 0 0 0 0 1 0 -1 -2 1 3 4 0 0 0 2 0 0 2 0 0 0 0 0 0 0 -2 2 0 4 2 0 0 0 1 -1 0 0 0 3 2 3 2 -2 0 -5 -1 4 0 1 0 -1 3 -1 -2 -5 2 2 -2 -1 6 -1 0 -2 4 8 -2 0 -1 0 -1 0 3 0 0 0 0 1 0 0 3 -4 1 0 -3 0 0 -3 3 0 0 4 0 5 0 0 -4 0 2 0 0 0 6 4 1 -1 -1 0 -2 0 0 2 0 0 0 -2 -2 1 -1 -6 2 0 2 -3 1 -8 -2 -4 1 2 0 0 3 0 0 4 0 0 -8 5 0 0 0 0 -3 1 6 0 1 0 0 0 2 2 1 0 -1 2 0 0 0 -2 0 2 3 2 0 0 1 0 0 0 0 0 0 0 0 -2 -1 0 0 -3 0 4 -3 -1 0 0 0 5 0 0 2 0 2 4 0 -2 0 -2 4 -2 -1 0 -4 0 -3 2 0 0 0 -6 0
0 0 -1 0 0 0 0 24 0 0 0 0 1 0 0 0 0 0 0 -4 -2 0 0 0 0 0 0 0 0 0 0 0 0 0 0 0 0 0 1 0 1 0 2 -1 0 0 0 0 -1 0 -2 0 1 -1 0 0 0 0 0 0 2 0 -1 2 -1 0 0 4 2 0 1 0 0 -4 4 0 1 0 1 -2 0 0 0 3 0 0 0 0 0 0 4 0 -6 0 0 0 -1 1 -3 0 1 0 0 0 0 0 0 -2 0 -1 0 -1 0 0 0 1 0 0 6 0 2 0 2 1 0 4 0 2 -6 0 -1 0 0 0 0 2 0 2 1 -3 0 0 0 4 0 1 1 0 0 -1 2 0 0 -1 0 0 -1 0 0 2 1 0 0 0 0 0 0 -1 2 0 0 1 0 2 -2 0 0 0 -4 0 0 0 0 0 -2 5 1 1 0 0 -3 0 -2 -1 4 0 0 0 0 0 0 0 0 0 2 0 1 0 0 0 4 3 0 1 0 -4 0 2 0 0 1 0 0 0 0 0 0 0 0 0 0 1 0 0 -2 4 1 0 0 -1 0 0 0 0 -1 0 -1 0 0 0 0 -2 5 0 0 0 0 0 1 1 0 0 0 1 0 0 -3 -1 0 1 1 -2 2 0 2 0 4 0 -2 4 4 -2 0 0 0 0 1 0 0 0 -3 0 0 -2 3 7 0 0 0 2 0 0 4 0 0 0 -2 4 0 -4 0 0 -1 0 -2 2 -2 1 0 0 0 0 0 1 0 -2 0 -2 1 0 3 0 0 -4 0 0 0 0 0 2 0 0 3 2 0 -2 0 2 2 0 0 -4 2 2 0 0 0 0 0 0 0 0 0 0 -4 2 0 -4 -1 0 -2 0 0 -4 1 -1 0 0 0 -4 0 -2 -2 0 3 0 0 -2 -2 -1 -4 -2 0 0 -2 0 4 -2 0 0 1 0 2 0 0 0 0 -1 0 0 0 0 0 0 0 0 0 0 0 -4 2 0 0 -2 0 0 0 0 0 1 0 2 0 4 0 0 0 0 2 0 0 0 0 0 0 -2 1 0 0 0 0 4 2 4 1 2 -2 0 0 2
0 -1 1 0 -4 0 0 0 50 0 2 -1 -4 0 0 2 0 -2 4 2 0 0 0 0 0 1 -4 0 0 2 -4 0 -2 0 0 0 1 0 2 0 1 -4 2 0 -1 0 0 -4 4 0 0 3 0 0 0 0 0 0 -2 -4 0 -1 0 6 0 1 4 0 2 0 0 0 2 0 0 1 0 0 0 0 1 0 2 0 2 0 0 -7 1 0 -4 0 -1 0 2 -1 -2 0 2 0 -2 0 4 0 -1 0 -2 0 0 0 4 0 0 0 -2 2 0 0 -2 5 0 -4 0 0 0 0 0 -2 1 0 0 -2 0 0 2 -2 0 0 1 0 2 2 -2 -2 0 -1 -2 0 -4 -6 1 6 -1 0 0 0 0 -4 0 -3 -2 0 -1 0 0 -2 -1 0 1 -1 -2 0 -2 5 2 6 0 0 0 -2 0 -1 4 0 0 0 -1 0 -4 6 -2 0 -6 -6 -2 1 -1 2 0 2 4 -4 0 0 2 -6 0 0 0 -1 0 -2 0 0 0 2 0 0 0 0 0 -3 0 0 2 -1 -4 -3 -5 0 4 0 2 0 2 -4 0 -1 0 0 0 0 0 0 -4 3 0 0 1 -2 0 0 0 0 0 0 0 2 0 0 2 0 3 0 0 -2 2 0 0 0 0 4 0 0 1 0 1 0 0 2 0 0 4 -2 0 0 2 0 -6 0 0 0 2 2 3 0 -2 2 0 0 5 0 3 -1 4 0 0 -3 0 2 0 1 0 0 0 -2 0 2 6 1 4 0 -8 -1 1 -1 0 -3 0 4 0 0 0 0 -3 2 2 1 0 0 0 -2 0 0 0 -2 0 0 0 0 0 4 0 0 -2 0 -1 1 0 0 0 -1 -2 0 -3 -1 -2 0 1 0 2 5 -2 0 0 1 -4 0 -2 0 -2 0 2 1 -2 0 1 0 0 0 0 -1 2 0 0 -2 0 2 -1 1 1 0 0 -4 0 1 0 0 0 1 -2 -2 2 -1 0 4 2 0 0 0 0 0 0 -1 1 0 2 0 -2 2 -1 -2 -2 1 0 0 -4 0 0 -1 0 -2 0 0 -2 0 -2 -6 0 2 -4 1 0 0 0 -1 0 0 0 1
1 0 0 0 0 -2 0 0 0 31 -1 0 0 1 0 -4 0 0 0 -2 -2 5 -4 0 0 0 0 1 5 -2 -2 -2 0 0 -1 0 0 -4 3 2 0 0 2 0 0 -2 -2 -2 0 2 -1 0 -1 0 -1 0 1 1 -4 0 0 4 0 -3 0 0 -2 0 -2 4 -1 -2 0 0 2 -4 0 0 0 0 0 0 1 2 1 -2 0 0 0 -4 0 1 -2 2 0 0 0 0 0 1 0 2 1 3 0 3 0 0 0 4 0 0 0 -3 0 0 4 2 1 0 1 0 1 -1 0 0 0 0 0 0 0 0 1 0 -3 0 0 0 2 0 -2 4 0 -1 0 0 0 -2 -1 -1 0 0 0 0 2 -4 -4 0 0 4 4 0 -4 -1 0 1 0 0 -3 0 1 -2 0 0 0 0 2 0 -2 -2 0 0 -2 0 2 1 -4 1 3 2 -4 0 -4 0 3 0 0 0 5 0 -2 5 1 3 -2 2 -1 -2 0 0 0 0 1 2 0 2 0 0 0 2 0 -1 2 1 0 -2 0 -2 0 0 0 0 0 0 0 -2 -2 0 -2 0 0 0 0 0 0 0 -1 0 0 1 1 0 0 -2 2 -2 0 -1 0 -3 4 2 -2 0 4 2 0 0 0 0 0 0 -1 0 0 2 0 -4 0 -2 -1 -2 0 0 0 1 1 0 3 0 0 0 -2 0 0 -6 -2 -2 0 -4 0 0 0 4 0 2 1 0 -2 0 -2 0 1 0 1 0 0 0 0 -1 0 0 0 0 -2 0 0 -3 0 -5 0 0 1 -3 0 0 0 2 0 1 -2 0 -2 -6 1 0 4 0 0 -2 -2 0 0 -2 0 0 0 0 0 2 0 -2 -1 4 -1 2 0 0 0 0 0 0 0 0 0 0 0 0 0 0 0 1 0 -6 0 1 2 -2 -1 -1 -4 0 0 0 0 0 2 1 2 -1 -1 -2 0 4 -1 -1 0 0 2 0 -2 -1 -2 -2 2 0 0 0 0 2 0 0 0 -3 0 0 0 0 -3 0 -1 0 0 -1 2 0 2 -1 -1 0 1 0 -2 0 0 0 0 2 0 -2 0 0 0 3 0 2 -4 2 -2 0
-1 3 4 -4 0 2 0 0 2 -1 21 -2 0 0 1 4 0 0 0 0 -1 0 0 0 2 -3 0 -1 0 0 -2 4 -1 0 2 0 0 0 0 0 0 1 0 0 0 0 0 -1 0 -2 0 0 1 -2 0 0 2 0 0 0 -2 0 0 0 -1 0 0 -2 1 0 0 0 1 -2 0 2 -1 -1 0 1 0 2 0 -1 0 0 0 -1 1 0 0 0 2 0 -1 0 0 0 -1 0 1 0 0 -1 -1 0 0 0 1 0 0 0 -1 0 0 0 -1 4 1 0 1 0 0 0 2 1 -2 0 0 0 -6 0 1 0 3 -2 0 0 0 0 -2 -4 -2 0 0 -1 1 0 1 0 0 0 0 0 -1 -2 -1 2 -2 0 0 0 0 2 0 0 0 0 0 0 0 0 -1 2 0 0 1 -2 2 0 -1 0 1 0 4 0 1 0 0 0 4 2 -2 2 0 0 0 0 0 0 0 -2 -2 0 0 2 0 1 0 4 0 0 0 0 0 0 0 -2 0 0 0 0 0 0 1 -3 0 0 0 0 0 -3 0 0 0 0 0 0 0 0 0 0 0 0 0 0 1 0 0 -1 0 0 -2 0 0 -4 0 0 -2 0 0 0 2 0 0 0 0 0 0 -2 0 0 -1 0 0 0 0 -2 0 -2 -2 0 0 -1 0 0 1 0 0 2 0 -2 0 0 0 1 0 1 0 2 -1 0 0 0 0 1 -1 0 0 0 0 0 0 -2 0 0 1 1 0 0 0 -1 -3 0 2 0 0 -5 -1 -2 3 2 0 0 0 0 -1 0 1 0 3 0 0 0 0 0 2 0 0 1 0 1 0 0 0 0 -2 0 0 0 -2 0 -2 0 0 0 0 -2 0 0 0 3 1 0 0 0 0 0 2 0 0 0 0 2 1 0 0 0 -4 0 0 -2 -2 -1 0 0 0 0 0 1 0 0 0 0 0 0 0 -2 4 0 0 -2 0 -2 0 0 0 1 -1 0 0 0 0 0 0 -2 0 0 3 -3 0 0 1 0 0 0 -2 0 0 1 0 2 0 -2 0 3 -1 4 0 0 0 1 0 0 0 0 -1 0 0 4
0 1 0 0 0 0 -5 0 -1 0 -2 53 -1 2 -1 0 -3 0 2 0 0 0 0 -2 0 2 0 -1 -3 -2 4 -2 0 2 1 0 -3 4 -4 1 -2 -2 1 -2 0 0 0 -2 0 -2 4 0 -5 -2 2 0 0 0 1 0 0 6 0 0 0 0 -2 -4 1 0 0 0 0 0 2 0 0 2 0 -4 4 -3 -1 4 2 0 2 3 2 0 -1 4 0 3 2 0 0 0 0 -2 0 0 -2 2 -3 -2 0 0 8 0 0 2 -1 0 2 -4 -1 0 -1 -1 0 0 0 -2 0 0 0 0 0 -4 2 3 -1 0 0 0 4 0 0 1 -1 0 2 0 0 4 0 -4 0 3 1 0 -3 0 2 2 4 1 2 0 0 0 0 -1 -2 0 0 0 4 1 1 3 0 4 5 0 0 0 -2 2 1 3 0 0 -2 1 -2 2 1 3 -4 0 -2 0 1 0 1 -1 -2 1 -2 0 -1 -2 -1 0 -2 -4 2 -2 0 -5 0 0 -4 -1 -1 0 -1 1 -4 0 -3 0 1 1 -1 -5 0 0 0 -3 0 2 -4 0 3 5 -2 0 1 4 4 0 0 0 -2 0 2 0 0 0 0 -4 0 1 -1 -2 4 -3 -2 0 -1 2 0 -2 0 0 0 0 0 0 0 -2 -1 0 1 0 0 -1 -4 4 0 6 0 0 4 -5 0 -2 -1 1 4 0 0 -4 2 0 2 -2 1 -1 -1 -1 2 -2 -1 -1 -5 -2 0 0 3 0 0 -4 -4 -2 3 -2 -1 0 5 0 4 1 -4 3 3 -1 -2 2 -2 -1 0 0 -4 1 -4 -4 2 1 0 0 4 1 0 0 1 0 0 -1 0 3 2 -1 4 2 -4 -4 0 1 0 2 0 -2 2 0 4 0 0 -2 2 0 0 0 -6 0 2 -2 -2 4 0 0 -4 3 -1 0 0 -5 0 0 2 1 0 3 0 -2 0 0 2 0 1 0 0 0 -2 -1 2 0 0 2 0 2 0 0 -2 0 -6 0 -2 0 -3 1 -2 -4 4 0 -1 0 0 -2 2 1 0 2 0 -1 0 0 0 0 -5 -1 0 -1 0 -2 4 0 2 0 0 8 -6 0 0 -2 0 2
0 -2 -1 -1 2 1 0 1 -4 0 0 -1 32 -1 0 -4 0 4 -4 2 0 0 0 1 0 0 4 1 0 -2 0 0 1 0 0 1 -2 0 1 0 0 0 0 2 -1 0 0 0 -4 0 -2 0 0 -4 0 0 0 0 0 0 0 0 0 -2 -2 0 1 -2 2 0 0 2 0 0 0 -2 0 0 0 2 0 0 -2 1 0 0 0 1 0 0 0 0 0 0 0 0 4 0 3 0 0 4 0 0 -2 0 0 0 -2 -5 -3 0 0 0 2 1 0 -4 0 0 -1 0 0 -4 0 0 0 0 0 0 0 2 2 0 1 0 -1 0 0 -1 0 0 0 -1 0 1 0 0 4 0 4 0 1 0 -1 4 -2 0 -1 0 0 0 -1 1 -2 0 0 0 2 0 -2 0 -2 0 2 2 -4 1 0 -1 3 -2 -1 0 0 3 0 0 0 -4 0 -3 2 3 3 2 0 2 1 0 -1 0 1 0 1 0 5 -3 0 0 0 2 1 -1 0 -2 2 0 1 0 0 -1 1 0 0 0 5 -1 0 0 -6 1 0 1 0 0 0 0 2 0 3 2 0 2 4 0 4 0 0 0 0 4 1 -5 0 1 -2 0 0 0 6 -2 -4 2 -1 0 0 2 2 0 0 0 -6 0 1 0 1 0 0 0 1 0 0 0 3 0 0 -1 2 0 0 -2 0 4 2 1 0 0 2 0 0 0 1 2 -4 0 0 0 0 0 0 -2 0 0 2 -2 0 0 -2 1 0 0 0 0 0 1 0 2 -3 -1 0 0 0 -1 -2 5 0 -2 0 4 -4 -2 4 0 0 -4 -2 2 2 -2 0 -2 2 4 1 -1 0 0 0 0 0 0 -3 0 0 0 1 4 2 0 -2 0 0 5 0 0 4 0 0 -2 0 0 -2 0 0 -3 1 0 1 5 -6 0 0 0 0 2 0 0 0 2 -2 0 2 0 0 0 2 0 0 2 0 -1 0 -2 -2 0 0 0 -5 0 0 0 -1 0 0 -4 -1 2 0 0 -3 0 4 0 0 2 -3 4 0 0 -1 0 -2 0 0 0 1 0 0 0 0 2 -1 0 2 -1 0 0 0 2
-1 0 -1 0 0 2 1 0 0 1 0 2 -1 40 2 0 1 -2 2 0 1 0 0 2 2 0 -1 -1 1 1 -1 -3 2 -1 -2 3 1 2 -2 0 3 0 0 -2 2 3 0 2 0 0 5 -2 0 4 0 0 0 2 -1 0 0 2 0 -2 0 1 -2 0 0 5 2 -1 2 1 3 -2 -1 0 0 -2 -2 5 -4 0 2 0 0 2 0 2 0 4 0 0 0 2 -3 2 2 0 2 -3 0 0 -1 -2 2 2 3 0 2 0 -2 -1 2 3 3 -2 0 1 1 1 -2 2 -1 0 0 0 0 0 -2 0 -1 0 0 1 1 0 0 4 1 -2 0 1 0 -1 0 -2 0 -3 0 0 -2 0 -2 -2 0 0 1 0 0 0 2 0 0 1 0 0 -1 -2 -2 1 2 -4 0 -2 0 -2 0 0 0 -2 1 3 2 0 -4 0 1 1 0 2 -2 3 0 0 4 1 4 -1 -1 0 -2 0 -2 0 -1 -4 1 2 0 0 -3 1 -2 0 1 -2 4 0 0 0 0 -2 1 -2 2 1 0 -2 -1 1 2 0 0 0 -2 -2 -3 0 1 0 0 -2 -5 0 -1 0 0 1 1 2 1 -2 1 0 0 -1 -2 -1 -2 0 0 3 -2 0 0 0 -2 0 4 4 -1 0 -4 -3 0 -1 2 0 4 3 0 2 0 1 2 1 2 -2 1 0 0 0 0 -1 6 0 -2 1 0 -3 -1 -1 2 0 1 -1 -3 0 0 2 0 0 -3 0 0 -5 0 1 4 0 0 1 1 0 -8 0 2 -2 2 0 0 0 0 -2 1 0 0 2 0 -2 0 -6 -4 0 0 -2 -2 0 0 0 0 3 -1 -4 0 0 0 -1 -1 -1 0 2 0 -1 0 -2 -3 2 -2 -2 0 -4 0 -2 0 -2 2 0 0 1 5 -2 2 0 2 -3 0 0 1 -1 -4 2 -4 -1 3 0 -2 -2 -1 0 0 -2 0 2 0 0 0 0 0 2 -2 -2 1 0 4 0 0 4 -3 -3 -1 1 4 0 1 0 1 0 2 0 0 0 -2 0 2 -1 1 0 -4 1 -1 0 0 1 0 0 -1 -3 1 1 -1 -4 0 1 4 0 -1 1
0 0 0 0 0 0 -4 0 0 0 1 -1 0 2 40 2 0 0 0 2 2 0 0 0 2 0 0 0 0 -2 -4 2 -1 -4 -2 0 4 -2 0 0 2 -2 0 -4 1 0 0 0 4 0 2 0 0 -2 0 2 -3 -4 0 -2 -1 0 0 -2 0 2 2 -2 2 0 0 0 0 2 -1 0 1 -1 0 0 -4 -4 -2 0 0 0 0 0 -1 0 0 2 0 0 0 4 1 0 0 0 2 0 2 0 -2 0 0 0 0 0 2 0 -2 0 3 0 -6 -4 0 2 -2 0 4 2 -2 1 -2 1 0 -1 -4 0 1 -3 -2 -1 -4 0 2 0 -1 -6 -1 0 -3 0 0 -4 2 -2 0 -2 -2 0 -4 0 -4 -2 -2 -1 -1 0 1 -2 0 2 0 0 0 -1 0 -1 1 2 -2 0 0 2 0 1 0 -1 -2 0 0 0 0 2 0 2 2 0 -2 0 4 0 4 -1 0 0 0 -2 0 0 0 1 0 1 0 0 -2 0 2 0 0 -2 0 0 2 0 2 0 0 -2 -1 0 4 0 2 0 -3 6 0 2 2 0 0 2 2 -2 -4 -2 2 -2 0 1 -2 0 0 1 1 0 0 0 0 0 0 -1 -2 0 -3 0 -2 -2 -4 0 0 0 -4 0 2 -3 -1 0 0 0 -1 0 2 1 3 0 0 -2 0 0 1 0 -2 -4 -3 -2 0 -1 0 -1 0 0 0 0 0 -2 0 5 0 1 -1 -5 0 -1 0 0 0 2 1 0 0 0 -2 1 -2 0 -2 0 0 -4 0 0 0 2 0 -6 0 1 5 -3 -2 2 0 0 0 2 -2 0 -2 0 0 0 -2 0 0 0 0 5 0 1 2 2 0 2 2 0 0 0 0 0 0 0 0 1 2 2 3 0 0 0 -3 0 0 1 0 -1 1 0 0 -4 -4 0 0 0 4 -2 0 -1 0 0 -4 0 0 0 0 0 0 0 0 0 0 0 1 0 0 2 0 0 0 -1 0 0 0 0 0 0 1 -2 2 0 1 2 1 0 0 -1 0 0 0 0 0 -2 -4 0 2 0 0 0 0 0 -1 0 1 0 0 1 0 4 0 -1 2 2 0 -2
4 0 0 -4 1 0 2 0 2 -4 4 0 -4 0 2 49 0 -4 1 3 -3 0 0 3 -2 2 0 -2 -4 2 0 5 0 0 0 0 0 0 0 -2 0 0 0 4 2 0 0 3 0 -2 -2 -4 1 5 0 0 1 0 0 -6 0 0 -1 -2 1 0 1 0 2 -1 0 -2 0 -1 0 2 0 -2 0 2 0 -1 0 4 1 0 1 0 0 2 0 0 0 -1 6 0 0 2 0 0 0 -2 -1 0 0 -4 0 -1 0 2 -2 0 -3 0 0 -1 -1 3 0 1 0 3 0 1 0 0 -4 0 0 1 -1 -4 -2 1 2 0 4 -2 1 7 0 -6 0 -1 -1 4 0 -2 1 0 0 0 0 0 1 -4 -5 0 0 -1 -2 2 0 0 0 0 0 0 0 1 1 0 4 0 0 0 4 3 0 0 1 0 0 0 -3 -1 1 0 -2 -1 3 4 4 0 1 -2 2 -2 0 0 0 0 -2 -2 -4 2 0 0 0 0 0 3 0 -2 -2 0 -2 -2 2 2 1 -2 0 0 -2 0 1 -2 0 0 -2 0 -2 2 0 -2 0 -2 4 0 -2 0 0 0 2 0 2 0 -2 -2 -1 0 0 -1 0 1 0 0 -2 2 -2 -2 0 -2 0 -5 -1 0 0 -1 0 0 2 -2 -2 0 0 0 0 0 0 0 4 0 -1 2 1 1 0 0 4 0 2 1 0 4 -2 -5 0 1 0 0 4 1 3 3 0 2 -3 0 0 0 2 0 -4 0 1 0 0 -2 1 2 0 -4 -2 -1 0 2 2 5 0 -2 0 0 -1 0 -2 1 0 0 0 -2 0 0 0 0 1 0 0 -2 1 4 -3 2 0 0 -2 0 -3 0 -1 -1 -2 -2 2 0 0 -6 -2 1 0 2 1 0 0 0 0 1 0 -2 2 0 0 0 -4 0 2 0 -2 -4 2 0 0 0 0 0 -2 0 2 3 4 0 0 -1 0 0 4 -1 2 0 4 -2 -2 0 0 0 0 0 1 -4 -2 -1 -4 -2 3 -2 4 -1 0 0 6 0 -2 0 0 0 1 0 0 -1 1 0 4 -1 0 0 2 -2 -4 4 0 0 0 1 -2 0 0 1 6 0
0 0 -4 0 -1 2 0 0 0 0 0 -3 0 1 0 0 49 0 -1 0 0 -2 0 0 4 -4 -1 1 6 0 0 -1 -2 -2 0 2 0 0 0 1 0 0 0 0 2 0 0 0 2 -3 0 1 0 1 0 1 0 3 0 3 0 0 0 1 -1 1 2 1 1 0 0 0 0 4 0 0 -1 0 4 -2 4 0 0 0 1 -1 0 0 0 -1 0 3 1 0 1 2 -4 0 0 2 0 -2 5 0 1 -1 -2 0 -4 0 0 -4 0 0 -1 0 2 0 -2 0 -2 -3 0 0 -1 0 2 2 0 -3 0 0 1 0 -2 2 1 0 1 -1 -4 -1 0 6 0 -1 2 4 0 0 1 2 0 0 0 -1 2 6 -1 0 1 -3 -4 2 1 1 0 2 0 1 0 -1 -2 2 0 0 1 -1 3 -1 2 0 0 1 0 -1 2 3 0 0 0 -3 0 0 2 -2 0 -2 2 0 1 0 -9 0 -3 1 -1 0 0 0 2 0 0 -3 2 2 -1 0 1 -1 2 0 1 0 -2 -2 -2 -2 0 -1 2 -2 -1 0 0 0 -1 0 2 -2 1 0 1 -4 0 2 4 0 0 -2 7 -2 -2 1 -3 2 0 1 1 -2 1 2 2 -1 1 1 0 2 4 0 0 -1 2 3 -4 0 -4 0 -2 -1 1 2 2 3 -1 2 -2 0 3 2 2 3 2 4 -3 2 0 0 0 -1 1 2 0 -2 2 2 3 1 2 0 0 0 0 0 0 1 0 0 0 0 0 0 0 0 1 0 0 -5 0 0 1 0 2 0 6 7 4 0 0 0 -2 2 0 0 -3 0 0 0 -2 -3 0 0 -2 0 0 -1 4 2 2 -6 2 -1 4 1 0 2 0 0 0 0 -3 -4 1 0 -1 -2 -5 -2 -4 -3 4 -2 0 0 2 0 1 1 0 0 0 2 3 0 -4 2 -2 0 2 0 0 0 0 0 3 -4 -1 0 1 0 -2 1 1 1 3 -1 -1 2 0 0 0 4 0 0 0 2 0 5 0 0 -5 0 2 -2 0 -2 2 0 0 1 -8 -2 -1 1 -8 0 1 -1 0 0 -2 -4 6 0 -1 2 1 -1 -7 0
4 -2 0 -1 -1 0 0 0 -2 0 0 0 4 -2 0 -4 0 40 2 0 0 0 0 -3 0 0 0 0 0 0 -2 0 -3 0 0 0 -4 1 0 0 -2 0 0 0 -2 0 -2 0 0 2 -3 1 1 -4 1 0 0 4 -2 2 0 -2 0 5 0 2 0 2 4 0 0 0 -4 0 0 -1 0 0 0 1 1 -6 2 0 -2 0 0 8 0 -2 -1 -2 0 -1 0 1 0 2 0 0 -2 2 4 -1 -3 0 0 -6 -1 -2 -2 0 0 2 -1 0 -2 -4 0 0 0 0 1 -2 1 0 0 0 0 -2 0 0 0 0 1 0 -2 -4 0 0 1 0 2 0 6 -1 -4 2 -4 -4 0 0 -1 1 0 4 0 0 0 0 -2 0 2 0 0 0 0 0 0 1 2 0 0 2 0 4 0 3 0 0 0 0 0 1 0 -2 0 0 -1 0 0 -2 0 0 0 0 0 2 -1 -1 0 -1 2 0 0 0 0 0 -2 0 1 0 2 0 4 0 3 0 -2 0 0 -2 0 2 1 1 0 0 0 0 0 0 -8 0 0 0 0 0 1 0 1 4 1 -2 2 1 3 -2 0 0 0 0 3 0 -1 0 0 0 0 0 0 0 -2 5 -2 0 0 0 -2 0 0 0 -2 0 1 0 0 -6 0 0 0 -1 0 -2 0 -4 9 0 0 0 -1 0 0 0 1 0 3 1 1 0 0 -2 -2 -1 0 0 0 0 0 0 4 0 0 0 0 0 0 -1 0 -2 0 0 0 -2 -1 0 2 0 -1 0 0 1 0 4 -2 0 0 0 0 0 0 0 2 -2 2 2 2 0 0 0 0 0 0 0 0 4 1 -2 0 0 -1 2 -1 0 -2 -2 0 3 4 1 -1 1 0 0 0 4 0 2 0 4 0 1 -2 2 2 0 0 0 0 4 0 0 4 -3 2 0 0 4 3 0 0 -4 2 0 -2 0 6 0 0 0 2 0 2 0 0 0 1 0 -1 0 0 0 1 0 0 -2 0 2 0 0 0 0 1 -1 0 -1 0 0 0 -1 2 0 -2 0 0 0 0 0 0 0 -4 -6 1 1 0 4 -2 0 0 -4
-2 -1 0 0 4 0 0 0 4 0 0 2 -4 2 0 1 -1 2 52 3 -4 3 2 0 0 -4 -3 1 0 0 0 2 -2 0 -2 -2 4 0 -2 0 -1 0 7 2 4 0 0 1 0 2 -4 0 3 1 1 0 -2 1 1 0 -2 1 2 -3 -4 1 0 1 2 0 -4 -4 0 0 0 0 -1 2 6 0 2 -1 -2 2 0 0 -4 0 0 -3 0 1 0 0 0 0 -2 2 -1 -1 -1 2 2 0 0 1 -4 4 2 0 6 0 0 0 0 -4 -4 -1 0 0 -1 -3 0 1 0 -2 2 -3 6 1 0 0 0 -1 -2 0 2 -1 1 2 -2 0 -1 0 2 -1 0 0 2 -5 5 2 0 0 0 2 0 -4 -4 2 1 -1 0 4 0 0 0 0 1 0 0 0 -1 -4 -2 0 3 -4 4 0 0 2 0 0 -5 0 0 -2 -2 1 -2 -2 0 -4 -1 0 2 2 0 0 0 0 0 0 0 0 2 0 0 -1 -2 2 0 0 2 2 0 4 1 0 0 0 0 -8 0 -2 -4 0 0 -6 0 0 0 2 -1 2 0 4 0 0 0 0 0 0 -4 -1 0 0 1 0 0 1 0 -2 2 2 0 2 1 8 2 0 0 -2 3 2 2 1 0 0 -1 -2 0 4 0 -2 4 0 -4 0 -1 2 2 3 1 2 -1 -2 -2 0 -1 2 4 2 2 0 2 2 2 1 0 2 0 0 0 0 -2 2 -2 2 4 6 -4 1 1 -2 0 -7 4 0 2 1 2 0 2 -4 0 0 -1 -4 4 0 0 3 0 0 0 -2 2 -2 0 0 1 0 4 1 1 -2 2 0 0 0 -2 -4 6 2 1 2 -1 1 0 -1 -6 -2 0 0 0 -2 -1 -2 0 2 0 -2 0 -1 -4 0 -3 2 0 0 2 1 -2 0 0 -3 2 1 0 0 0 1 -6 0 0 2 0 0 0 0 2 -2 -3 3 0 0 0 0 1 2 0 -1 -2 4 0 0 -2 -4 -2 2 -1 0 2 -1 3 4 1 0 0 0 0 -2 0 10 6 1 7 -2 2 0 4 1 -2 -4 -2 -4 0 -2 1 0 0 -4 -2 0 1 -1 1 3
0 1 0 -4 2 -4 0 -4 2 -2 0 0 2 0 2 3 0 0 3 61 0 0 2 0 0 2 1 3 -1 0 2 0 0 0 1 -1 -2 -2 0 -2 0 0 1 0 0 0 -2 0 0 0 -1 1 3 6 -6 0 0 2 -4 1 0 -1 4 -2 4 -1 1 -4 0 -2 0 0 0 6 1 0 -3 0 0 3 4 2 -6 -1 2 -6 0 -2 5 1 0 0 8 3 2 0 0 2 -5 0 0 0 -2 -1 0 0 -2 0 0 -2 -2 0 0 0 -4 2 0 -6 1 -1 0 0 -2 1 8 0 1 6 0 1 4 0 0 3 -4 0 0 -1 0 0 -4 0 0 4 0 0 0 0 3 2 2 2 0 0 -2 0 -6 -2 2 1 -2 -5 2 0 -1 -4 -2 6 -1 0 -1 0 -2 2 0 -4 0 -2 0 2 0 5 2 0 2 -4 0 -2 -4 2 2 -4 2 0 -2 0 -1 0 2 0 -2 0 2 0 -8 2 0 -2 0 0 -3 0 1 -2 0 0 0 2 1 0 0 -2 0 0 0 -2 4 0 -1 0 -2 0 2 -4 2 -1 -3 1 0 0 0 5 0 2 2 0 2 0 2 0 2 1 0 -1 0 0 -2 0 0 -1 2 0 1 0 4 -2 0 -2 0 -5 -2 6 0 0 0 3 -4 0 -1 2 -4 0 3 2 6 0 -1 0 0 0 2 0 0 2 -1 -2 0 0 0 5 4 0 -10 1 2 0 0 -1 4 2 0 0 2 0 -1 0 0 0 1 0 1 0 0 0 0 1 2 0 0 0 2 -4 0 4 0 0 0 3 1 2 -2 0 0 0 0 0 -2 1 4 -4 0 2 4 2 2 -4 0 -3 0 6 0 0 -2 0 0 5 0 4 0 0 1 1 2 10 2 1 2 0 0 1 0 1 0 -2 -6 2 0 -2 0 -2 4 0 0 2 0 1 -4 3 0 1 1 0 0 0 0 0 1 0 1 1 0 -2 0 0 0 0 2 0 0 4 2 0 0 1 0 -5 -2 3 0 0 1 -1 1 0 0 2 -4 4 2 0 2 0 0 -2 -4 0 1 0 0 4 2 0 0 -4 0 2 2 2 0 8
0 0 0 2 -2 0 8 -2 0 -2 -1 0 0 1 2 -3 0 0 -4 0 44 0 2 -2 4 0 1 -1 0 -2 0 2 2 1 -4 0 0 3 0 -2 0 2 -2 2 -1 1 -4 -1 -2 0 1 0 1 -2 0 0 -1 -1 3 0 0 0 -2 2 1 0 0 4 0 4 2 0 0 1 -2 0 1 0 0 0 0 -3 0 -4 0 -2 -2 0 0 0 -4 0 0 0 -1 1 4 -1 -2 0 -2 0 0 0 1 0 0 0 -2 0 0 -2 0 0 0 1 -2 -2 5 0 0 -3 0 -2 -1 -2 0 0 4 0 -2 2 1 -2 -1 -2 0 0 -4 1 0 3 0 -2 0 4 -4 6 1 0 -8 0 0 0 -1 -1 -2 -2 2 0 5 2 0 0 0 0 0 0 -1 0 0 0 0 -1 -4 0 0 3 2 2 3 -4 0 -1 -2 0 -4 2 0 -2 0 0 0 4 0 0 4 0 0 0 1 -2 3 0 2 0 0 1 0 0 1 0 -2 1 0 4 0 1 -2 -2 0 0 0 0 1 -1 3 0 0 0 0 0 -2 -1 1 4 -4 0 0 0 0 0 1 6 1 0 -4 0 0 -1 0 1 4 1 0 -2 0 -2 2 0 -2 -1 0 0 0 -2 0 -2 0 1 0 1 -2 0 1 0 0 3 3 0 2 -2 0 0 0 0 0 0 -4 0 0 1 -2 0 0 0 0 1 1 5 1 0 -4 0 -4 0 0 0 -4 0 -2 6 0 -1 5 -4 1 -2 2 1 -2 0 2 -2 0 -1 2 0 -1 0 -6 -6 0 2 1 -1 -4 0 4 2 1 0 -1 -2 0 0 0 -6 -4 0 2 0 0 -2 -2 0 0 2 0 2 -2 0 1 0 4 -8 0 -2 -2 2 0 0 2 2 -4 -2 1 0 0 1 0 0 0 1 2 -2 0 2 -4 0 2 -3 0 0 4 0 -3 -1 0 0 0 -3 -6 0 0 0 0 -1 0 0 0 4 0 4 -1 0 0 -1 0 0 2 1 0 1 1 0 -3 -1 3 -3 0 -2 2 0 -2 0 2 0 -4 0 1 0 1 0 1 8 0 2 0 1 0 -6 0 7 0 0 0 1 0 -2
2 4 0 2 0 -4 4 0 0 5 0 0 0 0 0 0 -2 0 3 0 0 39 0 -2 0 2 0 1 0 0 0 1 0 0 0 0 1 0 0 0 0 0 2 -2 0 0 0 0 0 0 0 0 0 0 0 0 -2 1 6 0 -2 4 1 0 0 0 0 -4 0 -1 0 0 0 0 0 0 0 0 2 -1 2 0 0 0 2 -4 0 0 0 1 -2 0 0 -2 -2 -1 -2 0 0 1 -3 2 -2 0 0 -2 0 2 4 4 -4 0 0 -1 0 0 0 0 0 -1 1 3 0 0 -1 0 -4 0 0 0 0 0 2 0 -4 0 -2 0 -4 0 0 4 0 0 0 -2 0 -1 1 0 -1 4 0 4 0 -2 0 0 2 8 6 0 0 0 -2 0 0 -2 -2 -5 -3 0 4 0 0 0 0 0 -2 0 -4 -1 0 0 1 -2 -4 0 -1 0 -7 0 -4 0 4 0 2 2 0 4 0 4 0 0 -4 0 0 -4 0 0 -1 -1 2 0 0 2 4 0 0 4 0 4 0 -2 -1 0 0 0 0 0 0 -2 2 0 2 2 -2 0 0 -1 2 0 -1 0 0 -1 0 0 0 0 0 0 0 -2 0 0 4 -2 2 -1 0 0 0 0 2 2 0 0 -1 0 0 0 -2 0 2 0 2 0 -2 2 0 -2 0 -4 0 -1 1 0 0 2 2 0 0 -2 0 0 -2 0 0 6 0 0 0 4 0 2 0 2 0 0 2 0 -1 0 1 -2 0 -1 0 0 -2 0 0 0 -2 0 0 6 0 0 -2 0 -4 1 -2 0 -1 0 0 0 0 0 0 -3 0 0 0 0 0 0 0 0 0 0 0 1 0 2 -2 -2 0 -3 0 -2 -1 2 4 0 0 -1 0 2 0 -4 0 2 0 0 0 4 0 -3 0 0 -2 -3 2 -2 -3 2 -2 4 -1 0 0 1 1 0 2 0 0 0 -2 4 -1 2 0 0 1 -2 0 -1 -1 -1 0 2 -2 -1 0 0 0 -2 0 0 2 1 2 0 -3 0 4 0 0 -2 0 0 -1 0 0 0 0 -1 0 0 0 0 0 2 0 2 2 0 0 0 -1 2 0 0 0 0
2 -2 -1 -2 0 0 0 0 0 -4 0 0 0 0 0 0 0 0 2 2 2 0 33 1 -2 0 0 1 0 0 0 0 -1 1 0 0 0 4 0 -1 0 4 -4 0 -1 0 0 -3 0 -4 -1 1 1 0 -4 0 0 2 4 4 0 0 0 6 0 0 2 0 -4 4 0 0 -1 1 0 0 0 -1 -2 -4 0 1 0 2 0 0 0 0 2 0 0 0 -1 0 0 0 0 0 -1 0 0 0 0 0 1 0 -1 0 2 0 0 4 2 2 -2 -4 -8 -2 -2 2 -2 0 0 0 0 0 0 1 0 0 0 0 0 0 0 0 0 0 0 0 0 0 -6 -2 1 -2 -2 2 0 0 2 -1 2 1 -2 0 -1 -2 0 -2 -2 -2 0 0 0 0 0 0 6 0 0 0 0 2 0 0 0 2 0 0 0 0 4 -8 0 0 0 0 0 -4 0 0 0 0 -2 -2 0 -4 -4 0 0 0 6 0 0 0 0 2 0 0 0 0 0 0 -2 1 2 1 0 -3 -2 2 0 0 0 4 0 0 0 0 0 2 0 4 -2 2 0 4 0 0 4 0 0 0 0 0 -2 0 4 2 -4 0 0 0 -2 0 0 0 0 0 -4 0 1 0 -8 0 4 0 0 0 0 -2 0 0 0 0 0 4 -6 0 0 0 -1 0 2 0 0 -3 0 0 0 0 0 0 -4 2 4 1 -3 2 -2 0 -3 -2 1 0 0 1 -2 1 0 0 0 0 -2 0 0 0 0 0 4 0 0 0 0 -1 0 0 0 0 -2 -2 0 2 0 -2 -1 2 0 -2 0 0 3 0 0 0 4 0 0 0 -1 0 0 0 0 0 0 -1 -2 0 -1 4 0 0 0 0 6 0 0 0 0 4 -2 -4 0 0 1 0 0 -2 0 0 2 0 0 0 0 0 0 0 0 0 -4 -2 4 1 -2 0 0 0 0 2 -2 0 0 6 0 0 0 0 0 0 1 0 -2 0 0 0 0 0 -2 4 2 0 -2 0 0 0 1 0 5 0 0 0 6 0 -3 -2 0 0 0 0 2 1 4 2 0 0 0 -2 0 0 0 0 -1 0 4 -4 -1 -4
1 1 -1 0 0 -1 -2 0 0 0 0 -2 1 2 0 3 0 -3 0 0 -2 -2 1 28 -2 4 -4 -6 0 0 -1 0 -2 -2 0 0 2 -1 0 0 0 0 0 0 0 2 0 -2 0 0 -2 2 2 0 0 1 -3 0 -3 0 -1 0 0 0 0 0 1 -1 0 0 0 -1 -1 0 0 -2 0 0 -2 0 -1 2 0 2 2 3 -4 1 0 5 1 0 -2 3 1 0 -2 0 0 0 0 1 0 0 -1 -1 0 0 0 0 1 -2 0 1 0 -2 0 -4 0 10 -2 5 0 0 3 0 0 0 0 -3 -2 0 -1 0 1 0 0 -1 0 0 0 0 1 0 -1 -3 2 -1 -1 0 0 -1 0 0 0 0 -1 0 6 0 0 0 0 0 0 0 0 0 -2 0 -1 0 0 -2 2 2 2 1 3 2 0 -3 2 0 -1 0 0 0 0 0 0 0 5 0 0 0 1 0 0 0 0 0 0 1 0 0 1 0 0 0 0 2 0 0 0 1 0 0 6 4 0 0 0 0 0 -3 1 0 1 0 0 -2 4 0 0 3 0 2 0 0 0 -2 -2 0 -2 0 1 2 0 0 0 0 -2 1 0 1 0 0 -3 0 -2 -2 0 -4 0 0 2 -1 2 -1 0 0 -2 0 2 0 0 0 -2 0 0 0 -4 2 0 0 -1 2 0 4 2 0 0 1 0 0 0 0 -1 0 0 0 -2 -1 0 0 0 -1 -2 0 -1 5 0 -4 -1 0 -2 3 0 0 0 0 0 2 0 4 -4 2 0 0 0 0 0 0 -2 -1 2 2 4 0 0 0 1 0 0 0 -2 0 0 0 0 0 -1 0 0 -4 -1 4 2 2 -1 0 -1 -2 0 0 -1 1 -4 -1 -1 0 2 -4 0 0 -2 -2 0 2 0 0 2 -4 -6 4 1 0 0 0 0 2 0 -10 0 0 6 -2 0 2 2 6 -1 0 0 0 2 0 2 0 0 0 0 -2 0 0 3 0 0 0 -8 2 -2 1 0 2 0 1 0 0 0 0 0 2 -2 0 -4 0 0 1 0 1 -2 1 0 1 0 0 0 1 0 0 0 0 -2 0 0 2 -2 1
-4 0 -1 0 0 0 0 0 0 0 2 0 0 2 2 -2 4 0 0 0 4 0 -2 -2 30 0 0 0 6 0 0 2 0 -4 -3 0 0 0 0 0 -1 1 0 0 0 0 0 4 2 0 0 2 2 0 0 -2 4 0 0 2 0 0 0 -1 0 -2 -2 -5 0 5 0 0 2 0 2 0 0 -2 4 0 1 0 -2 -5 0 0 0 -2 0 4 -1 2 4 2 0 0 0 2 0 0 0 2 0 0 -4 -1 0 3 0 0 0 0 0 -2 -2 0 -2 0 0 0 -1 0 -2 0 -1 0 0 2 0 0 0 0 -1 -2 0 0 0 0 0 -2 0 0 0 4 0 0 0 0 -4 -4 0 2 0 0 -4 0 0 2 0 0 2 0 0 -1 0 -1 0 0 0 0 0 4 -1 0 0 0 0 2 0 0 0 0 0 0 0 -1 -4 0 0 0 0 0 -2 8 -1 0 -1 0 0 0 0 0 0 0 0 0 0 0 -1 0 0 0 0 0 1 -2 0 0 0 0 2 0 0 0 0 0 -2 0 0 0 0 -1 0 0 0 -7 -2 2 0 -1 -3 0 0 0 0 2 0 0 0 0 0 0 4 0 0 0 0 0 0 -1 0 0 0 0 2 2 0 -2 -2 0 0 -3 0 0 0 0 0 0 4 0 -1 0 0 1 0 0 0 -2 -4 0 -1 0 0 4 0 0 0 0 2 0 0 0 0 -5 0 0 0 0 0 4 2 4 0 0 0 0 1 0 -1 2 0 0 -2 0 -2 0 0 0 0 -4 0 -2 0 0 0 -1 0 -4 0 0 4 0 -2 0 0 -1 0 -2 -4 0 0 0 0 -2 -2 0 -4 0 -1 -4 0 -4 0 0 0 0 1 0 0 0 0 6 0 0 0 2 0 0 -1 0 0 2 0 0 -3 0 -1 0 1 1 0 -2 0 0 0 0 0 1 0 0 0 0 0 0 0 1 0 0 0 0 0 0 0 0 0 0 0 0 0 0 4 0 -6 2 0 -2 0 0 0 0 0 0 1 0 2 0 0 -4 0 2 -4 0 0 -2 0 0 2 0 0 0 0 0 0 0 0 0 -2 4 0 0
-4 1 1 0 -2 0 -2 0 1 0 -3 2 0 0 0 2 -4 0 -4 2 0 2 0 4 0 54 2 0 -1 0 0 -4 0 0 0 0 0 -2 -4 -1 0 2 0 0 0 0 -4 1 2 0 4 4 0 0 0 0 3 0 4 0 0 4 8 2 0 0 2 0 4 0 0 0 0 0 0 0 -1 -2 -2 -2 1 0 0 0 0 0 -4 0 2 0 0 -2 3 4 2 2 4 0 1 0 0 0 -5 0 0 0 0 0 1 0 0 -4 -1 -2 -2 0 0 0 0 0 -2 -2 0 -4 4 0 0 2 0 -6 4 -2 0 0 0 -1 0 0 0 -4 0 0 0 0 0 -1 0 -4 0 4 -2 1 0 0 0 0 -5 4 0 0 0 1 2 -2 0 -1 0 -2 -2 0 2 4 0 0 6 0 2 4 2 0 -2 0 1 0 6 0 -2 -4 0 0 0 0 0 0 0 0 0 0 2 0 0 0 0 1 0 0 0 0 4 -2 1 1 0 -4 0 0 0 -5 0 2 0 0 1 0 1 0 0 -1 -4 4 -2 2 -3 -11 5 0 2 4 2 2 0 2 0 -2 0 0 1 0 2 6 0 2 0 0 2 4 0 0 0 0 0 0 0 2 0 0 0 4 0 0 0 2 0 0 2 0 4 0 0 0 0 0 -6 2 -6 0 -2 0 -2 3 2 -4 0 1 0 -1 -8 1 -2 0 1 -2 0 1 0 0 -4 0 0 0 2 2 -2 4 0 0 0 0 0 0 -1 -1 0 -1 0 4 2 5 0 0 0 0 0 0 -4 -2 -4 4 0 4 2 -4 0 0 -4 2 -2 0 0 0 -4 0 0 2 0 2 0 2 0 4 -2 0 0 -3 0 0 0 0 -5 0 0 0 0 0 -2 0 0 0 1 -4 -2 0 0 2 -2 4 0 -4 0 0 0 -6 0 0 1 -2 3 0 0 1 -6 0 0 -2 0 -2 0 0 -2 0 0 2 1 2 0 0 0 -2 4 0 -1 -4 0 2 -8 2 2 0 -2 0 5 -1 0 0 0 0 0 0 2 0 2 2 0 -6 10 0 0 -4 2 2 -2 4 1 0 2 0 4 0 0 -4
1 0 0 0 0 -2 -1 0 -4 0 0 0 4 -1 0 0 -1 0 -3 1 1 0 0 -4 0 2 29 4 1 0 0 1 0 1 0 -2 0 0 0 0 0 -2 -2 4 -1 -1 0 0 -4 4 -1 0 0 2 0 0 0 0 1 0 0 0 0 0 0 0 0 0 0 0 0 0 0 1 -1 0 1 -4 0 0 0 -3 0 0 0 -1 -1 0 0 -2 0 0 0 0 -1 -2 4 0 0 0 -1 0 0 0 1 2 0 0 0 0 -4 1 -4 0 0 0 1 4 1 2 0 -3 -2 1 -1 0 0 2 0 0 1 0 0 2 0 0 -2 0 2 0 0 -2 0 0 0 -1 0 -2 0 1 -1 -1 1 0 0 0 -2 2 -1 0 -1 0 0 0 -2 0 -2 1 -1 0 1 -1 0 0 0 0 0 -2 0 0 0 -5 0 0 2 -3 -4 0 -2 0 0 2 0 4 -1 0 0 0 0 0 1 0 0 0 5 2 0 0 1 1 0 -2 0 -2 0 -2 -2 1 -2 0 0 0 0 0 1 1 4 0 0 0 0 0 -2 0 -1 1 0 0 0 1 0 0 0 0 7 1 0 0 0 2 -2 0 -2 -1 1 0 0 0 0 -1 0 0 -1 0 0 -2 0 0 1 -1 0 0 2 0 0 2 -2 1 0 0 0 2 0 0 0 0 -1 -1 2 0 -2 2 2 -3 2 0 0 0 2 0 0 0 0 -2 0 0 -1 0 1 0 1 -2 1 -2 6 0 0 -1 -1 0 0 -2 0 -4 0 -2 5 0 0 -2 0 0 0 1 4 -1 -1 0 1 0 -2 0 0 0 0 3 -1 0 0 -1 -2 0 0 0 0 0 0 0 0 0 -4 1 0 -4 0 2 0 0 -1 0 -1 0 0 4 -2 0 2 0 0 -2 0 0 -7 1 0 0 0 0 2 4 0 -4 0 0 0 -4 -7 0 0 0 -2 0 0 0 0 -2 2 1 -1 0 2 1 0 0 0 0 2 0 0 0 2 -1 0 -2 -2 2 0 0 2 0 0 0 0 -4 2 -4 4 -2 1 0 2 -4 0 2 1 -2 0 0 1 -4 0 -4 0 0 4 0 -1 0 0 1
0 1 -2 -1 0 0 0 0 0 1 -1 -1 1 -1 0 -2 1 0 1 3 -1 1 1 -6 0 0 4 48 0 0 0 0 -2 -2 -2 -4 0 -2 1 -2 0 0 -1 1 6 0 -2 0 1 2 0 2 -1 1 0 0 4 1 -4 0 2 -3 1 0 0 -3 0 -2 0 0 1 0 1 0 -1 -1 0 0 0 2 0 -2 0 0 0 2 0 0 3 0 0 0 2 2 0 0 0 0 2 1 0 2 0 0 0 0 -1 0 -6 0 0 3 2 0 2 -4 0 4 0 0 3 0 0 -6 2 -2 2 1 0 0 0 2 -2 0 0 0 -2 0 0 0 2 -1 0 5 1 1 -1 -2 0 -1 0 -2 1 -2 -2 -4 -1 2 -4 -1 6 -2 0 0 0 0 0 0 2 -8 0 0 0 1 -4 0 1 0 0 -1 2 3 4 2 0 1 2 2 -3 0 -2 0 0 0 1 0 0 2 0 0 -1 6 2 0 4 6 7 2 0 0 -2 0 6 0 0 -2 0 -4 0 5 0 0 0 0 0 0 0 0 0 0 0 3 -1 0 0 2 0 -4 1 0 0 -2 2 0 -2 1 1 0 0 -2 0 -3 -5 2 2 2 5 2 1 6 0 0 1 4 1 0 -2 6 0 2 0 0 -5 1 -2 0 0 0 -4 -1 1 1 -2 0 2 0 -2 -2 0 0 -2 0 0 0 0 0 0 0 0 2 -2 4 1 1 2 2 1 2 3 1 0 -4 0 0 4 -4 -2 2 0 0 0 0 0 -4 0 0 0 1 0 0 1 0 2 1 4 0 3 -4 -2 1 0 -1 1 0 2 1 2 0 0 0 1 1 0 1 4 2 0 2 -2 0 -6 -4 1 0 0 1 0 6 1 2 -2 -1 -1 1 1 1 1 0 2 -5 -4 1 0 0 2 0 5 -2 2 0 -2 -5 0 8 0 -2 -2 0 0 1 1 3 -2 0 -1 2 6 4 0 0 0 -1 0 3 0 0 -4 0 -2 0 0 0 -3 4 -2 -4 0 3 3 2 1 1 0 -2 0 0 -2 0 0 2 0 -2 0 -2 0 -2 -1 0 0 0 2 2 0 0 2 -1 0 1 0 0
0 -2 -6 2 -2 0 0 0 0 5 0 -3 0 1 0 -4 6 0 0 -1 0 0 0 0 6 -1 1 0 37 -4 -2 0 0 0 0 -1 -2 2 0 0 0 0 -5 2 2 0 0 1 0 -2 -1 0 1 -2 -1 0 0 0 0 -1 0 0 0 0 0 -1 -6 0 -4 0 0 0 0 1 -4 -6 -4 -3 0 0 0 1 0 -4 0 2 -1 -2 -2 0 1 0 -3 0 0 0 0 -4 1 -3 -5 0 0 -2 0 0 0 0 0 0 0 0 -4 0 0 0 -1 0 0 -4 1 0 1 4 0 1 0 2 0 1 0 -2 -1 2 0 0 -4 0 2 -6 0 0 0 4 0 2 0 0 -1 0 -2 0 2 0 0 -3 0 0 0 0 0 0 0 0 0 0 0 0 4 -4 0 2 0 0 -2 0 2 0 -2 0 -1 0 0 2 0 0 0 0 -4 2 0 0 0 4 0 0 -4 -2 0 1 2 0 -4 1 0 0 0 2 -2 0 0 1 5 0 0 0 0 0 0 1 4 -1 -3 0 3 -1 -2 2 0 0 2 0 0 2 -2 -2 -2 0 -2 -1 6 -1 0 0 0 3 0 0 0 2 -2 0 0 0 4 0 0 0 0 -1 -2 0 0 0 1 -2 0 -2 0 0 -2 -2 0 0 2 -1 0 0 0 0 0 0 1 -1 2 -1 4 0 3 7 4 -1 -2 4 0 0 0 -4 4 -1 -1 0 0 -4 0 0 0 0 0 0 0 -2 1 0 0 1 0 0 1 2 0 0 0 0 0 0 0 1 2 -1 1 0 2 0 -4 0 0 -2 0 -2 4 0 4 0 0 2 0 -1 0 -2 0 0 0 -5 0 -2 2 2 2 -2 0 -2 2 3 0 -4 -2 0 1 0 0 0 2 0 0 -1 0 0 0 0 0 0 0 -2 -1 0 1 4 2 2 0 0 -4 -1 0 0 3 0 2 -1 2 0 0 -2 2 0 -1 1 2 3 -6 0 0 1 0 0 0 0 2 0 -2 0 -2 -1 0 0 0 -3 -1 0 -1 0 -2 0 2 0 0 -2 -2 0 -2 -4 0 -2 0 1 0 0 0 -4 4 0 1 2 0 0 -2 0 0 0
4 2 -1 -2 3 0 -2 0 2 -2 0 -2 -2 1 -2 2 0 0 0 0 -2 0 0 0 0 0 0 0 -4 45 4 2 0 0 0 1 0 -2 -4 0 1 -2 0 6 -2 3 0 0 -2 0 2 0 0 0 0 0 1 1 0 -2 -1 2 0 0 -1 -4 0 0 1 -1 3 0 0 0 2 7 0 0 -2 0 0 2 0 -4 -3 0 2 -5 0 0 -2 0 0 0 -4 0 0 0 0 0 4 0 2 0 1 2 0 0 2 0 0 1 2 -2 2 0 4 -1 0 2 2 -3 -2 2 2 0 0 0 0 0 -1 2 -2 0 -2 0 2 0 -3 1 1 0 0 -2 0 -4 2 -2 1 0 1 -5 -2 -2 0 4 4 0 0 -4 0 2 0 0 0 2 -1 2 -1 0 2 0 0 -4 1 0 -2 3 -1 5 -2 0 0 -1 -1 0 4 2 -6 1 -1 -1 1 -1 0 -1 4 0 -1 0 -2 0 2 4 4 2 0 0 0 0 -1 0 -3 -1 5 1 -3 2 0 -4 1 -3 0 2 0 -2 0 4 0 0 0 0 0 0 -1 0 -1 0 1 0 -7 0 2 4 0 2 0 -1 -1 2 -1 0 0 1 0 2 0 1 0 0 0 -3 0 0 0 -1 0 0 0 -1 0 1 -2 0 -4 0 0 0 -1 2 2 3 0 5 -4 0 0 -4 0 2 -2 0 0 0 -2 4 3 1 -3 1 2 0 1 2 1 0 0 0 2 0 0 -2 0 -2 0 0 1 0 0 -3 2 0 0 4 -2 1 0 -4 -2 0 1 1 -3 2 4 -1 4 0 0 0 0 0 -8 0 0 -2 0 1 0 0 0 6 0 3 4 5 -2 0 -1 0 0 0 0 0 2 0 4 0 1 0 5 2 -1 2 -1 -4 1 0 0 2 0 -2 0 0 0 0 0 -1 -1 -2 -6 0 0 -1 0 0 2 -2 -2 0 -2 2 1 2 0 0 1 0 0 0 0 -1 -2 0 0 0 0 0 -2 -2 2 0 0 2 0 -1 -1 -2 -6 0 5 2 -1 -1 2 -2 1 0 0 -2 -7 0 3 0 -2 -2 2 1 -1 0 0 1 -1 -5 -4 -1 0 0 0 6
1 -4 0 1 -1 0 2 0 -4 -2 -2 4 0 -1 -4 0 0 -2 0 2 0 0 0 -1 0 0 0 0 -2 4 33 0 -3 6 0 -2 -6 0 -2 0 2 0 0 0 0 0 0 4 -2 1 2 0 -4 4 0 -1 1 4 1 4 4 3 0 0 2 -6 4 0 2 0 0 0 0 0 0 8 0 0 0 0 0 0 -2 2 0 0 0 1 0 0 0 4 0 -1 2 0 0 0 0 0 2 -1 0 0 0 0 0 0 0 0 2 0 0 -4 0 2 0 0 0 -1 -2 0 -4 0 0 0 0 0 0 0 6 0 0 0 -2 1 0 0 0 0 2 2 4 0 0 0 -2 0 0 4 0 0 -2 -2 0 0 0 -1 -2 2 0 0 0 0 0 0 0 0 0 0 0 0 1 0 0 0 0 0 0 0 0 4 1 1 -2 0 0 -2 0 0 -2 -2 0 2 0 0 -4 0 1 0 0 0 0 0 0 -1 0 -2 0 0 -2 0 -2 0 -3 0 -2 0 0 0 0 1 0 1 2 0 2 0 -2 0 1 0 0 0 0 -1 0 -3 0 0 0 0 2 2 0 -4 1 0 0 0 0 0 4 0 0 -1 -1 0 6 2 -4 1 0 0 0 -2 0 0 0 4 2 0 0 0 -2 1 0 0 -2 0 0 0 -4 4 0 -2 1 -4 -6 -2 0 4 0 0 -2 0 0 0 0 -6 4 -2 0 3 0 0 0 0 0 0 0 0 -3 0 0 2 0 -2 0 -1 0 0 0 4 0 2 0 4 0 2 -6 -2 2 0 4 1 0 0 0 0 0 0 -2 5 0 0 0 0 0 0 0 0 0 0 0 0 2 0 0 0 0 -1 0 0 0 -2 0 -3 4 2 -2 0 -7 0 -2 0 0 2 -4 0 0 -2 1 5 0 0 0 -1 0 0 0 0 0 0 0 0 -6 0 -2 0 -2 -1 0 0 0 -4 0 2 0 0 0 0 -2 0 0 -4 4 1 0 1 0 0 2 0 0 0 0 0 -1 4 0 0 0 0 -2 0 0 0 2 0 0 0 2 0 2 0 0 0 0 0 0 1 0 4 1 0 2 0 0 6
0 0 0 0 0 0 0 0 0 -2 4 -2 0 -3 2 5 -1 0 2 0 2 1 0 0 2 -4 1 0 0 2 0 33 0 0 -2 0 0 1 0 0 0 0 0 0 2 0 0 0 0 1 0 0 1 -1 0 0 0 0 1 -1 -1 -2 0 -2 0 -2 0 0 0 -5 -2 0 0 0 0 0 0 2 2 0 0 2 0 2 2 0 0 0 0 0 -4 0 0 0 -2 0 2 3 0 0 0 0 0 0 0 -1 -2 0 0 0 0 0 0 -4 -2 0 0 0 0 0 0 0 2 1 0 0 5 0 0 0 0 -2 -3 0 0 0 1 0 1 2 -1 1 0 -2 -2 -1 0 0 0 0 -2 2 -2 0 1 -2 0 0 0 -6 1 3 0 2 0 0 0 -1 0 0 0 0 2 0 -2 0 2 3 0 0 1 0 -2 0 -2 -1 0 0 0 0 2 2 2 0 -1 0 2 1 0 0 2 1 0 0 0 0 1 -1 -5 4 -1 0 -1 0 3 -1 0 0 1 0 0 1 0 4 -1 -1 0 0 0 -2 0 -2 0 0 0 0 0 1 2 -1 -2 -1 0 0 -1 1 1 0 0 -1 0 0 1 0 1 -4 4 0 0 1 0 0 0 0 2 2 0 0 0 1 0 -4 3 0 5 0 0 0 2 0 0 -2 0 0 0 0 -6 0 -2 -1 1 0 1 0 0 0 -2 0 0 1 0 -3 0 -2 2 -1 2 -2 -2 0 0 2 1 1 0 0 0 0 0 -1 -2 1 0 0 1 2 0 -7 0 1 0 0 0 0 0 0 0 0 0 0 0 0 0 2 0 -1 0 -1 -3 0 -4 -1 0 -4 -1 0 0 -2 0 0 0 6 0 3 0 1 0 -1 0 -2 3 2 -2 0 0 1 0 0 0 0 0 1 0 0 -1 -1 -2 0 -7 -1 1 -1 -1 0 4 -3 0 2 0 0 0 0 2 -2 2 0 4 0 0 0 2 -2 -2 -3 0 0 2 0 0 -6 0 2 0 0 -3 3 0 -1 2 0 4 0 0 -1 -1 0 0 0 0 -1 2 0 2 0 0 1 0 3 0 1 0 0 -2 0 0 -1 1 0 2 5
0 1 0 0 0 0 2 0 -2 0 -1 0 1 2 -1 0 -2 -3 -2 0 2 0 -1 -2 0 0 0 -2 0 0 -3 0 40 2 8 0 9 0 1 0 0 0 2 0 4 0 0 1 0 -2 -1 -2 -3 2 -2 1 0 -2 0 -1 0 4 0 0 0 -2 -1 -2 -6 -2 4 -2 1 0 1 0 2 2 0 -1 0 0 1 1 -2 -4 0 -1 0 2 0 -2 2 -1 -1 3 0 1 0 1 0 0 -4 0 6 2 0 0 4 0 -1 0 -2 -1 1 0 0 0 0 0 2 0 -2 0 0 -1 0 -1 4 0 0 1 -3 0 3 0 1 0 0 1 -4 2 0 1 0 0 0 2 0 2 0 -2 -2 0 -4 2 0 0 0 0 6 0 -2 0 -2 0 0 -2 0 2 0 0 -1 -2 -1 2 1 0 -2 2 0 -4 0 -2 2 2 0 0 0 0 1 2 0 0 4 0 0 0 0 -4 0 1 0 0 0 0 -5 0 0 -1 0 1 -2 0 2 -1 1 0 -2 0 0 4 0 -1 0 0 -1 0 0 0 0 4 0 0 0 0 0 0 0 0 0 -2 -6 0 2 3 0 0 0 0 0 2 1 3 0 0 -4 0 0 0 2 -1 0 0 0 -2 0 0 1 0 1 0 -4 0 0 0 0 2 0 0 0 2 -5 1 0 -4 -1 2 2 0 0 -4 0 0 2 -4 6 -1 0 1 0 0 3 0 -3 -1 -2 -2 -4 -2 -1 0 -2 0 0 -1 -2 4 0 2 0 0 4 0 0 0 0 -1 3 0 0 2 0 -4 0 0 0 0 0 0 0 2 -2 -2 -1 0 0 0 2 -1 0 2 0 -4 0 0 -1 0 0 3 1 0 1 -2 3 -1 0 2 0 1 3 4 -1 0 5 0 2 2 0 -2 -2 0 -1 2 2 0 -2 0 0 0 -1 -2 0 -1 0 0 3 -1 0 -3 2 0 0 0 0 0 0 0 0 -1 -2 -2 0 -1 0 -3 0 0 -4 5 -2 0 -4 0 2 0 0 -6 2 0 0 0 0 0 2 0 1 0 -3 0 -3 0 0 2 0 -4 1 0 0 -1 2 0 0 -2 0 0 0 0 -2 -1
0 -2 2 0 0 0 2 0 0 0 0 2 0 -1 -4 0 -2 0 0 0 1 0 1 -2 -4 0 1 -2 0 0 6 0 2 32 0 0 -5 -2 0 0 0 0 0 0 -2 -1 4 0 0 0 0 0 -2 0 -2 0 0 5 1 -4 2 -2 0 2 -4 -2 0 4 1 0 0 0 0 2 -2 0 0 0 0 -4 1 -1 -1 2 0 0 0 0 0 -6 0 2 -1 0 1 0 2 -2 2 -1 0 0 0 0 1 0 0 -4 0 0 0 2 0 0 2 0 0 0 0 -2 1 -3 0 2 -1 0 0 0 0 0 2 1 0 0 0 0 1 0 0 0 4 4 0 -2 0 0 -2 2 4 0 0 -1 2 0 -2 0 4 0 0 0 -2 0 4 0 -2 0 -2 -4 0 4 0 0 -1 0 -2 0 -1 0 0 0 0 2 -4 0 -1 1 -1 -2 5 -2 -1 0 0 0 2 -2 -8 0 0 0 0 0 -4 0 0 0 -2 0 0 0 -3 0 0 0 -2 -1 6 0 -4 -1 -3 0 0 1 0 0 0 -1 -2 0 0 2 -2 0 0 0 0 -2 0 2 0 -4 2 0 1 2 0 -1 0 0 0 0 0 -3 0 -2 0 0 -2 0 -2 4 0 0 2 -2 0 0 0 0 -1 -1 1 0 -1 -4 0 1 -2 0 0 -4 0 -1 -8 0 0 -2 2 0 0 -1 1 0 0 0 0 0 0 -1 0 -1 0 0 -1 -1 0 1 0 0 0 0 0 0 0 -1 0 1 0 0 0 -2 0 0 0 1 2 0 -2 0 -2 0 0 1 0 -3 -2 0 0 0 0 0 0 0 0 -2 0 0 -2 -1 -1 0 -1 0 0 0 1 -1 -1 4 0 0 0 0 0 2 0 0 2 0 -4 -2 0 -2 -1 0 2 2 -2 -3 1 2 -1 3 4 0 0 0 1 1 -1 -2 -4 -4 4 0 -1 -1 0 -3 2 0 0 0 0 0 0 -1 0 0 0 0 0 -1 0 0 0 0 0 0 2 -2 1 2 -1 0 0 0 0 -2 2 0 -2 0 0 0 0 4 2 0 0 0 0 0 0 0 2 0 -1 -2 2 1 2 4 -1 0 0 0 0 1
1 0 -1 0 1 2 2 0 0 -1 2 1 0 -2 -2 0 0 0 -2 1 -4 0 0 0 -3 0 0 -2 0 0 0 -2 8 0 32 2 0 0 0 1 0 -2 2 -4 4 0 -1 0 0 4 -1 0 0 3 0 -2 0 0 1 1 0 4 0 0 0 0 0 1 0 -1 0 2 2 2 0 0 -2 -4 0 2 0 0 -1 0 2 -4 0 -1 2 0 0 -2 1 -2 0 0 0 2 -1 0 -2 0 0 0 0 0 0 0 4 0 -3 0 -1 -1 -4 6 -2 5 -1 2 -2 2 3 1 4 0 -4 1 0 0 0 2 0 1 4 0 2 0 0 0 -5 -2 1 -2 -1 -2 -2 2 0 -2 1 0 -1 0 0 0 0 2 -4 -1 0 0 0 0 -1 -1 -4 0 0 -2 0 1 1 0 0 2 2 -3 0 2 0 0 3 0 0 -1 4 0 1 -2 0 0 -2 -4 0 0 0 0 -2 0 0 -1 0 0 -1 0 -4 0 -2 0 1 -4 0 0 -1 2 0 -6 0 0 -1 -4 0 0 0 -2 0 -2 0 1 0 2 0 0 -1 0 1 -2 0 0 0 0 4 0 0 0 0 0 0 0 0 0 -4 1 0 2 -1 -2 0 0 0 0 3 0 -2 1 0 1 0 0 0 0 0 0 1 -2 0 0 0 0 0 -2 -6 0 -2 0 3 0 3 1 -1 0 0 -1 -1 -2 4 0 2 4 -2 0 0 -1 0 0 2 0 6 0 -2 -4 6 0 2 0 -3 2 -2 3 1 0 0 0 2 -1 0 0 0 0 0 -1 0 1 1 0 2 0 -2 -1 0 2 0 0 -4 0 4 -2 4 -1 0 0 0 -5 2 0 0 0 0 -1 -4 -2 4 -2 2 0 -4 0 0 1 0 -1 -4 0 0 4 2 0 -2 -8 -3 -2 0 0 6 -1 -1 0 0 0 0 2 0 1 1 0 0 1 0 0 -2 0 0 0 0 2 0 0 0 0 -2 -1 0 0 0 0 0 0 0 0 -1 0 2 0 0 -2 0 0 0 0 0 -1 -1 0 2 2 0 2 -4 0 -2 0 2 0 0 0 -1 0 0 -4 0 -2 0 -2 0 0 0 0 0 0
0 1 1 -2 1 0 0 0 0 0 0 0 1 3 0 0 2 0 -2 -1 0 0 0 0 0 0 -2 -4 -1 1 -2 0 0 0 2 40 0 0 0 2 -1 2 -2 -2 -2 0 0 0 1 3 0 3 -2 0 2 0 0 4 4 -1 -1 0 0 -2 0 0 0 0 -1 -2 0 2 0 1 2 6 -3 -1 0 0 0 0 0 -2 0 0 0 3 0 0 0 0 -2 -2 2 0 0 -1 0 0 0 0 1 0 0 -2 -4 0 2 -1 4 2 -2 0 2 0 6 -1 -2 0 0 0 -3 2 2 -1 0 1 -6 0 0 0 0 0 1 2 2 -4 4 1 0 0 -2 -4 2 1 0 -2 0 -2 0 0 1 0 1 -1 -1 0 0 0 2 1 -1 -1 -2 1 1 0 -3 0 2 0 0 0 0 -1 2 -2 2 -4 4 2 0 0 0 0 1 2 0 2 0 0 0 -1 -2 0 0 3 0 3 -2 -1 -2 0 -4 -4 0 -1 0 4 0 -3 0 2 2 0 -2 0 0 0 0 0 2 0 1 -4 2 0 -2 2 4 0 -2 0 0 -2 2 0 0 1 2 0 0 0 4 -1 3 2 2 -2 2 0 0 -2 -6 1 0 1 -4 4 4 0 0 0 0 -2 0 -1 0 1 0 2 0 0 2 -3 0 0 2 0 0 1 -3 1 0 0 0 0 0 -2 3 0 0 0 0 0 0 0 1 3 0 -4 0 0 5 2 2 0 0 5 0 0 -2 -1 -1 0 0 0 -3 0 -4 0 0 0 0 0 0 -2 -2 0 1 6 0 1 -3 0 0 2 0 0 0 0 1 1 2 0 0 -2 2 0 -2 0 0 3 0 0 -2 2 0 -1 0 0 -2 0 0 -3 2 -4 1 0 0 0 0 0 0 0 -1 0 1 0 1 0 0 4 0 0 -4 1 0 0 1 0 -2 1 0 0 0 -6 1 -2 0 0 0 1 0 2 0 0 0 -4 0 2 0 -4 2 0 -2 0 2 0 2 0 -1 1 2 -1 0 0 0 -2 8 0 0 4 0 0 0 0 0 -4 0 1 0 0 0 0 -4 0 1 0 1 -4 1 0 0 -1 2 4 1 2
0 -1 1 -2 4 -2 0 0 1 0 0 -3 -2 1 4 0 0 -4 4 -2 0 1 0 2 0 0 0 0 -2 0 -6 0 9 -5 0 0 45 0 0 0 0 0 0 0 0 0 0 -2 0 -4 0 -4 2 0 0 2 2 -3 -6 3 0 0 0 5 -4 2 -2 0 1 1 0 2 0 0 0 0 0 0 0 0 1 0 1 0 0 0 -4 -2 2 -2 0 -2 10 0 1 0 -5 0 -4 2 -2 0 0 0 3 4 0 -1 1 1 0 0 -2 0 2 -2 0 0 0 3 -4 -4 0 0 0 0 0 0 2 -2 -2 0 -4 0 1 -2 4 0 0 0 0 -4 3 0 -2 -3 4 0 2 -2 1 -2 0 0 0 2 0 0 -2 0 0 -1 -2 -3 0 -1 0 0 0 0 4 0 0 0 0 0 0 0 0 0 2 -2 0 1 1 2 -1 2 -1 -2 -1 0 0 2 2 0 4 1 0 -4 0 0 0 0 0 0 0 -2 4 0 -2 1 -6 2 2 0 0 0 0 -2 0 0 -1 -6 0 -3 1 3 2 0 0 0 0 -1 4 0 -3 -1 2 0 0 -4 -6 -4 2 0 0 2 0 0 0 0 -2 -4 0 -1 -2 -1 0 0 2 -2 -1 0 2 2 0 0 4 -1 7 0 -4 0 0 3 0 0 4 0 2 0 0 -5 1 0 0 2 -2 -3 0 0 0 0 1 0 1 0 -4 0 0 0 1 -2 -2 2 0 -2 -1 0 0 0 -6 0 0 1 0 0 0 0 0 0 0 1 0 -3 -2 2 0 -3 0 2 0 0 0 0 0 -1 0 -2 -1 4 0 2 0 -2 0 0 5 2 0 0 0 0 -2 -3 -1 -4 0 -1 0 -1 0 0 0 -1 0 0 -4 2 2 0 0 -2 5 2 -4 0 2 -4 -1 0 0 0 2 0 0 0 -2 0 2 0 1 2 0 0 1 1 0 -2 1 4 -2 0 0 0 0 0 -1 -2 1 2 0 -2 0 4 0 0 -6 6 -2 0 0 1 2 -1 0 2 -1 0 6 0 0 0 -1 -2 0 0 0 2 -2 0 0 4 -5 -4 -2 0 -3 -1 1 2 -5 -4 0 0 0 0 3 1
-1 -1 0 -1 0 -2 1 0 0 -4 0 4 0 2 -2 0 0 1 0 -2 3 0 4 -1 0 -2 0 -2 2 -2 0 1 0 -2 0 0 0 45 0 2 -1 2 1 0 3 0 -6 0 0 -1 1 0 2 0 0 0 0 0 4 -2 1 4 4 4 0 -2 -1 2 2 1 -2 0 0 0 6 -2 -4 2 -4 0 -2 0 0 0 0 0 -1 1 -4 0 1 0 3 0 0 -4 1 -2 -2 4 -1 0 0 0 -2 -1 0 0 0 -2 -1 2 -2 -1 -3 -1 -6 -1 0 -2 -3 0 4 2 -2 0 0 -6 0 -2 1 -7 0 0 0 0 -1 -1 0 5 1 0 -2 9 -2 4 0 2 0 0 3 -1 1 0 0 4 2 0 -1 0 2 3 1 2 3 0 6 0 4 0 4 0 0 2 -2 0 0 3 -2 0 1 -1 -2 0 0 0 2 1 -2 -2 -1 3 -1 0 -4 0 -2 4 -4 0 2 0 0 0 0 -4 -1 0 0 -1 0 -2 0 0 0 -3 0 0 0 1 0 1 0 2 0 -1 0 3 0 0 0 -2 2 1 -2 0 -4 2 -3 0 0 0 0 5 2 0 2 -1 0 1 -1 0 0 3 0 0 2 2 1 -2 -4 -1 0 1 -4 0 -2 0 2 -1 2 0 0 4 1 -2 0 4 1 -4 0 1 0 -1 1 0 0 0 -2 0 -1 0 0 -5 1 -1 0 0 2 2 -2 0 -3 -9 0 -2 6 0 -2 -1 0 0 -1 1 -1 0 0 -8 0 -1 3 4 2 -4 5 0 2 2 1 -1 1 0 0 -1 -4 0 0 0 0 1 0 0 3 -1 -4 0 0 2 0 -2 0 0 0 0 0 -1 -1 0 -2 -2 0 2 0 2 -4 1 0 0 0 4 -1 0 2 -2 -2 2 0 0 0 -1 -3 3 0 0 -4 3 1 1 -2 -1 0 0 -1 -1 0 1 0 0 0 0 3 1 0 -3 0 0 0 0 0 0 0 0 0 2 0 0 0 0 -1 0 -2 3 0 0 0 0 2 0 2 0 0 0 0 0 0 -1 6 0 2 0 -3 0 2 0 2 9 -1 -6 0 2 0 -4 -4 1 0 1 0 0 0 0
0 -1 0 -1 0 0 1 1 2 3 0 -4 1 -2 0 0 0 0 -2 0 0 0 0 0 0 -4 0 1 0 -4 -2 0 1 0 0 0 0 0 38 2 -4 0 0 0 -2 -2 -2 0 0 0 0 -4 0 0 0 0 2 0 -4 0 0 -6 -4 -2 2 0 0 0 0 2 1 0 0 2 -2 2 0 0 0 0 4 0 0 -1 0 -4 0 0 0 0 -4 0 -2 0 0 0 0 0 0 1 0 0 1 2 -2 0 2 2 0 0 0 -2 0 -1 -3 -4 0 0 0 -2 0 0 0 -2 0 0 0 0 -2 2 -2 0 0 0 0 -2 -2 0 2 2 0 0 -4 0 0 0 -2 0 0 0 2 0 4 0 0 2 0 0 0 0 2 0 -2 -2 0 0 -2 -2 -4 0 1 -4 0 -1 0 0 0 0 -6 -3 0 0 0 -2 2 2 0 -1 4 0 2 0 0 -4 1 0 0 0 1 0 2 1 2 -1 4 2 2 0 0 0 -2 8 0 2 0 -2 0 0 0 0 0 0 2 0 0 0 -1 -4 -1 0 2 -1 0 4 2 0 -2 2 0 0 0 0 -4 0 4 1 0 0 2 0 0 0 3 0 0 0 0 0 -2 -2 0 0 0 0 0 0 0 0 0 0 -3 0 0 2 2 1 2 0 -2 -2 0 -4 0 -4 -2 2 -1 0 -7 2 -2 0 -1 0 2 0 -4 0 0 2 0 -1 0 0 -2 -1 0 0 4 0 -1 3 6 0 4 -4 0 -2 -6 1 0 0 -4 2 1 0 0 -1 0 0 0 0 -2 -2 0 0 0 0 0 -4 6 0 1 -2 -3 2 0 0 2 0 -4 4 0 0 -4 0 0 0 0 0 0 2 0 -2 1 -2 0 8 0 0 0 2 0 0 -2 0 0 -2 -2 -1 0 0 0 0 0 -1 -1 2 -4 -2 0 0 0 -2 0 2 -3 0 4 -4 -2 0 3 0 0 0 0 0 1 0 0 -4 0 0 0 1 0 0 5 2 0 0 0 -3 0 -2 -2 0 2 0 -2 0 0 0 2 0 -4 0 -2 0 4 0 0 0 0 0 0 0 -2 0 -2 -2 1 5 4 0 -4 2 -2 0
0 0 -4 2 -3 0 -1 0 0 2 0 1 0 0 0 -2 1 0 0 -2 -2 0 -1 0 0 -1 0 -2 0 0 0 0 0 0 1 2 0 2 2 31 0 -2 0 1 2 0 -3 -8 1 -1 0 0 0 0 0 0 0 0 0 0 0 2 0 0 0 0 -2 2 0 1 0 0 0 0 0 0 0 -1 0 0 0 -3 0 0 -2 0 -2 1 -2 0 -5 2 -2 3 0 -2 -2 2 0 1 0 0 2 0 0 1 1 0 0 0 -1 0 -2 2 1 0 0 0 0 0 0 0 0 2 0 0 -2 1 4 0 0 0 -4 4 0 0 0 -1 0 -2 -3 1 0 -4 2 -2 0 0 0 0 0 -1 1 -2 -2 -1 -1 0 0 1 0 0 0 0 1 0 -4 0 4 0 3 0 0 2 0 -1 0 0 2 0 4 4 0 4 5 2 1 1 0 -1 2 0 0 0 2 1 0 -2 2 0 3 0 2 2 0 1 2 0 2 0 0 0 1 4 -3 0 -1 0 0 0 0 2 4 0 0 0 0 0 0 1 0 0 -1 0 0 0 0 0 -1 0 -3 0 0 0 0 2 0 0 0 0 -2 0 -1 2 0 1 1 0 0 0 0 0 -1 0 -4 0 0 -1 0 0 -2 0 0 2 5 0 0 0 -2 0 -4 0 -1 0 0 0 -6 0 0 -1 0 -4 4 0 0 0 2 0 0 -2 0 -1 2 0 1 0 0 0 -1 0 0 -2 0 0 0 0 0 0 -1 -3 1 0 0 2 0 0 0 0 0 1 0 0 0 -10 0 0 0 0 0 0 0 0 0 0 2 -1 0 0 -4 0 2 1 0 -1 0 -1 -1 0 0 2 3 -4 -1 1 0 0 0 2 0 1 0 0 0 0 0 0 2 0 1 2 0 1 0 0 0 4 -1 0 1 0 -5 -2 0 2 2 0 2 0 2 0 -2 0 0 2 4 0 0 2 0 0 0 1 0 2 0 0 0 0 0 2 0 0 1 -2 -2 4 0 4 -1 2 -3 0 0 -1 4 0 1 -2 0 0 6 0 -3 0 -4 2 0 0 0 0 0 -4 -5 4 0 -1 0 0 -1 -1
1 0 0 -1 -3 0 0 1 1 0 0 -2 0 3 2 0 0 -2 -1 0 0 0 0 0 -1 0 0 0 0 1 2 0 0 0 0 -1 0 -1 -4 0 27 0 0 0 1 1 -2 0 0 1 -2 0 1 0 0 0 0 -1 0 0 0 0 0 1 2 1 1 1 0 -2 0 0 0 -2 -1 0 0 0 -1 -1 -2 0 0 0 0 0 2 -2 1 0 -3 0 0 0 0 0 2 0 0 0 1 -1 -4 -2 1 2 0 0 0 0 1 0 -4 0 0 4 0 2 0 2 0 0 4 1 0 0 0 -2 0 0 -4 0 0 0 0 2 -2 2 0 1 0 0 -2 0 0 -1 -1 0 0 0 0 -1 -1 0 0 0 0 -3 -1 0 1 -2 -1 0 0 -1 0 0 0 -1 0 1 0 0 0 0 0 0 0 0 0 0 -1 2 0 1 2 2 0 1 0 0 0 2 0 0 1 0 0 0 0 1 1 0 -2 -2 0 0 0 0 0 0 -1 1 1 0 0 0 0 0 1 0 0 0 -2 0 0 2 0 0 0 3 1 1 0 -1 0 -2 1 -2 0 0 2 0 0 -1 2 0 0 0 0 1 -2 2 0 4 0 -2 -1 -2 -2 0 0 -1 0 1 -4 0 -2 1 4 0 0 0 0 -2 0 0 0 0 1 -1 0 1 -4 0 0 0 0 -8 0 0 0 0 0 0 0 0 0 2 0 0 2 -1 -2 -4 0 -2 0 0 2 -2 -2 0 0 3 0 -3 0 0 0 0 1 0 1 -2 0 1 -1 0 -1 1 0 2 1 1 2 -1 -2 1 0 0 0 0 0 -2 1 4 0 0 0 0 0 4 -2 1 3 1 0 0 2 -2 4 -4 0 0 0 -3 -3 0 0 0 0 -1 0 0 0 0 -4 0 1 0 0 -3 -1 -6 0 -3 0 0 0 0 0 0 -1 -2 0 0 0 0 0 2 -2 0 4 1 0 0 0 0 0 0 0 -1 4 0 0 0 0 3 1 0 0 -4 0 0 0 0 2 0 -2 0 1 0 0 -2 0 0 0 0 1 -1 -2 0 0 0 0 2 0 0 -1 2 0 0 -2 -1 2 -2 0 -1
-4 0 -4 0 0 -4 0 0 -4 0 1 -2 0 0 -2 0 0 0 0 0 2 0 4 0 1 2 -2 0 0 -2 0 0 0 0 -2 2 0 2 0 -2 0 39 -2 2 0 0 -2 0 0 0 -4 0 0 0 0 -2 0 2 0 0 0 -4 1 -4 -2 0 0 8 0 0 0 0 0 0 0 3 2 0 -1 0 1 0 0 0 4 -1 0 7 -2 1 0 1 0 0 5 0 0 0 1 0 0 0 -4 0 2 -2 0 0 -1 0 0 -2 0 -6 0 0 -3 2 0 -4 0 0 0 0 2 0 2 0 1 0 0 -4 1 0 0 0 0 0 0 -1 1 0 0 0 0 4 0 2 1 0 0 2 0 0 0 0 1 -4 0 0 2 2 0 0 2 0 0 0 0 -1 0 -1 -3 0 -2 0 5 0 0 0 1 0 -4 0 0 0 -1 0 0 0 2 0 0 4 -5 0 0 0 1 2 0 -2 0 0 1 0 0 0 -1 1 0 4 -2 0 0 -2 2 -2 0 0 -2 2 2 0 -2 -2 0 0 3 0 0 -1 -1 0 -2 2 -2 0 1 0 -1 -4 -1 0 -2 0 1 0 5 0 0 0 0 0 0 0 1 4 0 3 -4 0 2 0 -4 0 0 0 0 0 0 3 -1 0 0 0 -2 -4 0 2 -2 -1 2 -2 -3 0 0 0 0 2 6 -4 -1 0 -4 0 0 0 0 0 -2 -2 2 2 2 2 0 0 0 4 -1 0 0 0 -3 -2 1 0 1 0 2 -2 -4 0 0 0 0 0 1 0 0 4 0 0 -4 4 0 -2 1 -2 0 0 2 0 0 4 0 0 0 -2 0 -4 0 3 0 4 0 1 0 0 0 4 0 0 0 -5 5 0 2 0 2 5 0 -6 0 0 0 0 3 0 0 0 2 0 2 -1 2 -2 1 0 -4 0 -2 2 0 0 0 0 0 0 0 0 0 -2 0 0 4 -2 -2 4 0 -2 0 -1 0 0 1 1 -2 0 0 0 0 0 -2 0 0 0 -1 -2 0 0 0 2 0 1 0 0 0 -2 1 0 0 -4 0 -1 0 0 0 4 0 0 1 0 1 2 0 0 0 0
0 0 0 0 2 0 0 2 2 2 0 1 0 0 0 0 0 0 7 1 -2 2 -4 0 0 0 -2 -1 -5 0 0 0 2 0 2 -2 0 1 0 0 0 -2 24 0 0 0 0 1 0 4 0 0 2 0 2 0 -2 0 0 1 1 3 -2 0 0 0 0 0 -1 0 0 1 0 0 2 0 0 0 0 0 0 0 0 0 0 -4 0 0 0 0 2 0 1 0 -2 0 0 0 -1 4 0 0 0 0 0 1 0 0 0 0 2 0 2 0 0 0 6 0 0 -4 1 0 0 0 0 0 -4 -2 2 0 0 0 0 0 -2 0 0 1 0 0 -2 4 0 2 0 0 0 0 1 1 2 0 -1 0 1 0 0 -1 0 2 0 0 0 0 0 0 0 -1 1 0 0 1 0 0 -4 1 2 0 -2 -2 0 0 0 0 0 -1 -2 -2 2 0 -2 0 -2 -6 0 0 0 0 0 0 0 4 4 0 0 0 -2 -2 2 -1 -1 2 0 0 0 0 0 0 0 0 0 0 0 0 0 0 -2 0 0 0 -2 0 0 0 0 0 0 0 0 0 -1 1 -2 0 0 0 0 0 0 -4 2 0 0 -2 -2 0 -1 0 0 4 2 0 0 0 2 0 0 1 0 0 0 0 -1 0 1 0 0 0 0 0 0 -2 -4 0 1 0 -2 0 -1 0 -4 0 0 0 0 0 -1 0 0 0 0 -2 0 0 0 0 -1 -1 0 0 0 1 1 0 2 0 0 -4 1 0 0 0 0 0 1 -4 0 0 0 1 1 0 0 0 0 0 0 0 -2 2 -2 1 1 -2 0 0 0 2 0 0 0 -1 -4 1 0 2 0 -2 1 3 0 -3 0 -1 -2 8 -3 -1 0 0 0 0 0 0 0 0 -2 0 -4 0 0 0 1 0 -1 0 0 0 0 0 -1 0 3 0 0 0 0 0 0 1 0 0 -2 0 -2 0 1 0 0 1 0 0 0 -1 0 0 0 0 -2 0 0 2 0 0 0 -2 0 5 0 0 -5 0 2 0 -6 -2 0 2 4 -1 0 0 0 0 0 0 -4 1 0 0 -4 0 0 0 0 1 2 0 0 5
1 1 0 0 0 0 1 -1 0 0 0 -2 2 -2 -4 4 0 0 2 0 2 -2 0 0 0 0 4 1 2 6 0 0 0 0 -4 -2 0 0 0 1 0 2 0 42 0 0 -2 -2 0 -2 2 0 0 1 0 -1 0 0 -1 0 0 2 1 -4 -2 0 2 0 -1 1 2 -2 0 2 0 -3 0 3 0 2 0 0 0 -2 -4 -2 -2 -4 0 1 0 2 0 1 2 0 -1 0 0 0 0 1 -4 0 2 -1 0 -2 -1 -6 2 0 -1 3 0 -4 4 0 0 0 -2 -2 2 0 0 0 2 -2 2 0 0 3 0 4 4 0 2 -4 0 2 -1 1 0 -1 1 2 -2 1 4 2 0 -3 0 0 1 1 -1 0 -2 -4 2 2 0 0 0 0 1 -3 1 0 0 -2 0 0 2 0 1 0 0 0 0 0 0 0 0 0 2 -1 -4 2 3 0 0 0 -4 0 0 0 0 0 0 0 0 4 2 3 -1 4 0 1 -1 0 3 -1 0 0 -5 -2 0 1 1 -1 -1 0 2 -2 0 -7 6 4 0 0 1 0 1 0 -5 0 0 0 0 0 0 0 -2 0 -1 -1 -1 -7 -1 2 -2 0 0 0 1 1 -1 -1 0 -2 0 0 2 -4 0 -1 0 4 -6 0 0 0 0 0 2 0 0 0 0 2 2 2 0 0 -3 -4 -2 0 3 0 -1 0 0 3 -1 -1 0 1 2 0 0 4 1 0 -4 2 -1 0 -1 4 1 -1 1 -2 1 0 3 0 0 0 -1 1 -1 2 0 0 0 2 0 -2 0 0 -4 0 1 -6 4 0 0 0 2 -2 4 0 0 4 0 -3 3 4 0 4 0 -1 -4 -1 1 1 0 0 -6 0 0 -2 6 2 0 0 6 0 -4 2 0 -4 0 0 -2 4 -1 0 0 0 -5 1 0 2 0 0 0 0 0 0 0 -2 0 0 0 0 0 0 0 4 0 -3 1 2 0 1 0 0 0 1 0 0 -2 1 0 2 0 0 -4 0 0 0 0 0 1 0 4 2 -1 0 0 2 -8 0 -1 5 4 -2 3 0 0 2 2 2 0 0 0 0 1 0 0 -1 1 0 0 0
0 -3 0 0 0 0 0 0 -1 0 0 0 -1 2 1 2 2 -2 4 0 -1 0 -1 0 0 0 -1 6 2 -2 0 2 4 -2 4 -2 0 3 -2 2 1 0 0 0 48 1 0 1 -1 2 0 1 1 2 -4 -2 6 0 -1 -1 2 0 0 -4 0 -4 1 1 0 0 0 0 0 -1 5 -2 0 4 1 -1 -2 -3 0 3 0 3 1 0 0 2 4 2 2 0 0 1 -2 0 0 -2 0 -1 0 0 0 4 0 0 0 -1 -6 0 0 3 0 0 0 4 0 0 3 1 0 1 2 -2 -2 2 0 0 0 0 0 0 6 -2 0 0 -1 -1 1 -1 -2 0 -1 1 0 0 2 1 2 -1 -1 1 2 -5 -4 0 2 0 2 0 1 -1 2 1 1 0 2 -5 0 0 0 0 0 2 1 0 -3 1 5 0 0 3 0 1 0 1 0 6 -1 0 4 0 0 0 -2 1 -2 0 6 5 0 -1 -4 3 -2 -4 0 0 0 -1 2 -3 0 3 -3 0 2 0 1 0 0 -1 0 0 -1 0 -1 0 -1 -2 2 1 0 0 -1 0 0 0 2 0 0 8 -1 3 4 0 -1 3 0 -2 0 6 0 4 0 6 -2 4 2 0 -1 -3 -3 0 0 2 -2 1 2 -2 0 4 3 0 3 0 0 0 -1 -2 -6 0 1 0 -1 -3 0 0 5 -2 0 2 0 0 6 1 2 4 0 3 0 0 0 -2 0 -1 1 2 0 -2 2 1 1 -4 -2 4 4 2 4 0 0 -1 4 1 -2 3 0 0 10 3 0 -5 -2 -4 4 0 0 -2 4 0 2 0 0 4 0 -2 -4 0 2 4 1 -4 2 -1 -1 4 2 0 1 0 -1 0 0 2 2 -2 -3 -2 0 0 -1 -2 0 0 2 0 1 -2 -1 0 1 1 1 0 -2 0 -2 -5 0 0 0 6 -4 2 1 3 0 0 1 1 0 -1 -2 2 0 1 0 2 4 0 0 1 0 0 0 -2 2 0 -4 1 1 1 -2 1 1 6 6 -4 -2 0 0 -3 0 -2 0 -3 0 0 0 -1 3 0 -1 0 0 0 0 -2 1 -1 0 0 1 0 0 0 0 -4
-2 0 -4 2 -1 2 0 0 0 -2 0 0 0 3 0 0 0 0 0 0 1 0 0 2 0 0 -1 0 0 3 0 0 0 -1 0 0 0 0 -2 0 1 0 0 0 1 22 0 -2 -2 0 2 0 0 2 1 0 0 0 -1 0 2 0 0 1 0 5 0 0 -6 0 0 0 -2 0 1 0 0 0 -2 0 0 3 1 0 0 0 0 0 0 -2 0 1 0 0 0 2 -2 0 2 0 1 0 0 1 -1 4 0 -1 0 0 -4 1 2 0 0 0 -2 -2 0 0 0 3 -1 5 1 0 0 0 0 0 0 0 0 0 0 0 0 0 1 0 0 0 0 -6 0 0 -3 -1 0 1 -2 0 -1 0 0 2 0 0 4 0 2 0 1 1 0 0 0 1 2 0 -2 0 0 0 0 0 -2 0 -2 2 0 0 0 0 0 0 2 1 0 1 0 0 0 0 -2 0 3 2 0 0 0 0 0 2 0 0 1 0 0 0 3 0 0 0 1 1 0 0 2 0 0 -1 0 0 0 4 6 -2 2 0 0 0 2 0 -1 -1 0 0 0 -2 0 0 0 4 -1 1 -1 0 0 -1 1 1 0 -2 -4 -2 0 -2 0 0 1 0 0 0 0 -1 0 0 0 -1 0 1 -1 0 0 -2 0 -1 0 1 2 0 0 1 0 0 0 -2 0 1 -2 0 0 0 1 0 0 4 0 4 4 0 -2 0 -1 4 0 0 -2 0 2 0 0 0 0 0 0 -2 0 0 -2 0 -2 0 -2 0 -2 0 0 0 0 0 0 3 0 0 1 0 -1 1 0 0 0 0 0 0 0 0 -5 0 0 0 0 2 2 4 1 0 -1 0 0 0 -1 -2 0 0 2 0 0 0 0 0 0 -2 0 0 2 0 0 2 0 0 1 1 0 1 0 -1 0 0 4 0 0 1 2 0 1 0 0 0 2 0 -2 0 0 1 0 4 -4 0 0 0 2 3 0 0 0 0 0 0 -2 1 0 0 -5 0 -1 -2 -2 0 2 0 0 0 2 2 -5 6 0 0 -2 0 0 0 0 2 0 -1 -2 -2 4 0 0 0 0 0 0 0 0 0
0 0 0 0 0 0 0 0 0 -2 0 0 0 0 0 0 0 -2 0 -2 -4 0 0 0 0 -4 0 -2 0 0 0 0 0 4 -1 0 0 -6 -2 -3 -2 -2 0 -2 0 0 31 0 0 -1 0 0 -4 0 0 0 0 0 0 0 0 -1 0 0 0 0 0 0 -4 0 0 0 -2 2 0 0 3 0 0 -4 2 0 0 0 -2 0 0 -3 0 -3 2 0 0 0 0 0 0 -1 1 0 0 0 -2 1 0 0 0 0 2 2 2 4 1 0 4 0 1 -2 0 0 1 0 -2 0 0 0 -2 2 -2 1 0 3 0 0 0 0 0 2 0 -4 -1 0 -2 0 -2 -4 0 -4 0 2 -1 0 0 0 0 0 0 -2 3 0 1 0 0 1 -4 -4 -4 0 0 0 -2 0 0 -1 0 0 -2 0 0 0 2 0 -4 0 -4 -2 1 1 4 0 -4 -2 0 0 -2 0 -1 -4 0 0 0 0 -4 -2 0 1 0 0 1 -2 2 -2 0 -4 -1 0 0 -2 0 0 4 0 -4 4 0 0 0 0 4 0 0 4 0 4 1 -4 4 0 -1 0 0 0 0 -2 0 0 0 0 0 0 0 -2 0 0 1 -1 -1 1 -1 0 1 2 2 0 0 0 0 0 -1 0 0 0 -1 -4 -2 0 0 0 0 0 0 -2 0 -2 -5 0 -2 0 3 1 -1 0 2 1 0 0 2 0 0 -1 0 0 -2 0 1 4 0 0 0 0 -4 0 0 1 -6 3 0 2 -2 0 2 0 4 4 -4 0 1 4 0 0 0 0 0 4 0 0 0 0 1 0 2 0 0 0 -2 0 0 0 0 1 0 -1 0 0 0 0 0 0 0 0 0 4 0 1 4 6 0 0 0 2 0 0 0 -2 -2 -2 0 0 1 0 1 -2 0 0 0 0 0 0 0 2 0 0 0 1 1 0 0 0 0 0 0 0 1 4 -2 0 -1 0 0 0 0 0 1 0 1 0 0 -5 -2 0 0 -2 1 0 0 0 0 0 0 0 0 0 0 0 -4 1 0 -2 0 0 2 0 0 0 0 -4 2 4 -2 4 0 2 0 -2 0 -1 -4 -1 1 0
-6 0 2 0 0 0 4 0 -4 -2 -1 -2 0 2 0 3 0 0 1 0 -1 0 -3 -2 4 1 0 0 1 0 4 0 1 0 0 0 -2 0 0 -8 0 0 1 -2 1 -2 0 53 -2 0 1 0 -1 0 4 0 2 4 2 4 0 4 0 -2 1 0 5 0 2 -6 0 0 2 0 1 0 0 3 5 4 0 2 -2 -2 0 0 4 2 -1 0 2 -4 2 -2 1 2 0 0 2 1 0 0 0 0 -4 -5 0 4 4 2 4 5 0 -5 0 0 0 0 -1 -2 0 -2 -4 0 -2 0 3 -1 -2 0 2 0 0 -2 0 0 -2 -3 0 0 0 -6 0 0 0 -1 0 0 0 2 -4 2 0 0 7 0 2 0 1 2 -4 0 0 -2 -1 0 0 0 -1 2 0 2 0 0 0 2 0 2 1 -1 1 -1 0 0 0 0 -2 -2 0 2 0 0 0 0 12 0 -6 6 0 0 0 2 0 -6 0 0 -2 -4 -2 5 0 5 0 -1 0 -1 0 0 0 0 0 2 1 1 0 2 0 4 -2 4 0 0 0 0 -1 -4 0 -4 -2 0 4 0 2 0 6 -2 8 0 0 3 -2 1 2 4 2 2 0 8 0 0 -4 0 0 -1 2 0 0 3 0 -2 0 0 2 0 0 0 -4 4 4 0 4 0 -1 0 1 0 6 -2 0 1 3 2 -2 0 0 0 -2 -1 2 5 0 1 1 0 1 0 -2 0 10 2 0 0 0 3 0 4 1 0 0 4 0 2 2 0 2 0 4 3 1 -2 0 0 2 2 0 0 0 -4 0 0 0 -2 -2 1 0 0 2 -2 0 2 -2 1 0 -1 0 4 0 0 0 1 -2 0 3 0 0 0 0 2 1 -4 0 0 2 1 -1 0 0 0 4 4 0 4 0 2 0 -2 0 0 0 0 2 0 0 0 -2 0 -1 -4 0 0 0 2 0 -10 0 4 0 0 0 0 -2 4 0 2 0 -1 0 0 2 0 4 0 0 2 0 0 0 -2 -1 4 -2 0 0 0 0 0 1 0 0 0 0 2 -2 -2 1 -2 0 0 -6 1 0 4 3 -4 0 0 0 4 2 6
-4 0 0 -4 0 0 0 -1 4 0 0 0 -4 0 4 0 2 0 0 0 -2 0 0 0 2 2 -4 1 0 -2 -2 0 0 0 0 1 0 0 0 1 0 0 0 0 -1 -2 0 -2 32 0 2 -2 -2 3 -5 0 1 0 0 0 -1 0 1 -2 0 0 -3 -1 -4 0 0 0 0 0 0 0 0 -1 -1 0 0 0 0 2 2 0 0 0 0 0 -1 2 1 0 1 0 0 0 1 0 -1 4 0 0 0 -2 0 -1 0 0 4 1 -4 0 4 -2 -6 -2 -2 0 -2 0 0 0 -3 0 0 1 0 0 0 0 0 -8 0 4 0 0 -2 0 0 -2 0 0 0 0 0 0 0 2 2 0 0 0 -8 0 -8 0 0 0 0 0 0 -6 0 2 2 0 2 0 0 0 -1 0 0 -1 4 2 0 1 0 2 0 0 2 0 0 0 -2 -2 0 0 0 -2 0 0 0 0 -2 0 0 0 0 0 0 1 -4 0 -4 0 0 0 0 0 -2 2 0 0 0 0 2 0 0 0 0 1 -5 -4 0 2 5 0 0 -2 0 0 0 0 0 -2 -4 0 0 0 -4 0 1 0 -2 0 0 0 0 1 -2 0 4 0 -4 -2 0 0 0 2 1 0 0 1 -6 0 0 -5 0 0 0 0 0 0 0 -2 0 0 1 0 0 0 -1 0 -2 0 4 0 0 0 0 4 0 -5 -1 0 0 0 0 0 6 0 0 -4 0 0 3 -2 0 0 0 0 0 2 0 1 0 0 0 0 0 2 2 -2 0 2 1 -8 0 0 -2 0 0 0 0 0 -4 0 -3 0 -2 0 -2 0 0 0 0 0 2 0 0 0 1 0 2 -2 0 0 -1 0 0 0 0 0 -3 1 0 0 -1 -2 0 -1 -4 0 2 -4 0 7 2 0 0 0 2 -2 -2 0 -1 0 0 -4 0 -2 0 0 0 0 0 2 1 3 1 1 0 1 0 0 -2 0 0 2 0 0 -2 0 0 0 0 -1 1 1 -2 -2 0 4 0 -1 1 0 -2 0 -2 0 -4 0 2 0 0 0 -2 0 0 0 2 -3 0 0 -1 -2 0 2 0 0 0 0 0 -1
2 0 -1 0 0 0 0 0 0 2 -2 -2 0 0 0 -2 -3 2 2 0 0 0 -4 0 0 0 4 2 -2 0 1 1 -2 0 4 3 -4 -1 0 -1 1 0 4 -2 2 0 -1 0 0 49 4 0 1 0 0 0 0 0 0 -1 0 -1 0 0 0 0 1 0 0 2 0 6 0 3 0 0 0 0 0 1 0 -4 -8 2 -1 4 0 3 0 0 2 0 -3 4 -5 -2 7 -1 0 -1 0 1 -1 2 0 -6 -2 -2 -4 0 -1 -1 -1 -1 -3 3 4 1 0 0 0 0 -1 -2 0 0 4 4 0 0 0 0 2 0 -2 -4 2 -4 0 5 0 -2 0 -2 0 -6 -4 0 -2 -2 0 1 1 -4 0 -2 -2 0 0 0 -2 2 0 0 -1 0 -2 1 -1 -3 0 -1 0 -3 -4 0 0 -1 1 -1 -1 1 1 1 1 -1 0 2 0 2 0 4 0 0 -2 0 0 0 0 0 1 4 -2 0 -2 -4 4 0 -1 -1 2 -2 0 1 3 0 -1 0 0 0 -5 -1 1 3 2 -2 1 -1 -1 1 2 -2 -4 0 0 0 1 0 0 0 0 0 0 0 0 -2 0 0 0 0 0 -2 0 -2 0 0 0 0 0 -2 0 0 -4 0 -2 0 0 1 0 0 -3 2 0 0 3 -1 0 0 0 0 -2 0 -1 2 -2 0 1 -2 5 0 -8 0 -1 -4 1 0 0 0 0 0 -8 0 1 -2 0 -2 2 0 4 0 2 -4 2 0 2 0 -2 2 -2 3 -4 0 0 -1 0 0 2 -2 0 0 -2 -4 4 1 2 0 6 -2 2 0 -1 0 0 2 -1 -4 0 0 0 0 0 0 0 -2 2 1 0 4 -2 2 0 0 4 0 0 1 -2 4 2 2 2 -2 -2 0 0 2 0 2 0 0 -4 0 -2 2 5 -1 -3 0 0 2 2 0 4 0 0 0 3 0 0 0 -2 -1 0 0 -2 0 1 0 1 0 1 0 0 0 0 0 0 1 4 -2 0 2 2 -1 0 -2 0 0 2 -2 -4 0 0 -4 -4 0 4 0 -2 4 0 -1 0 1 0 -9 -2 0 0 -2 1 -6 3 0 0 0 -2 0 1 6
0 0 0 0 4 4 -2 -2 0 -1 0 4 -2 5 2 -2 0 -3 -4 -1 1 0 -1 -2 0 4 -1 0 -1 2 2 0 -1 0 -1 0 0 1 0 0 -2 -4 0 2 0 2 0 1 2 4 44 0 -4 1 0 -1 0 0 0 -2 1 1 0 2 -4 -1 0 0 -2 -2 1 0 1 0 0 -1 -5 3 -2 -2 -2 4 -4 0 0 1 -1 -2 0 0 -1 4 -4 -2 -2 0 0 0 6 -2 4 -3 0 0 -2 -5 0 -2 2 -3 0 1 -4 -3 0 0 2 0 0 -1 2 0 -1 1 -3 2 0 -2 -2 0 1 2 -4 0 -1 0 0 -4 0 -2 1 1 0 -1 0 1 2 -1 3 4 0 2 0 1 2 -4 2 0 0 0 -2 2 2 0 0 0 0 -1 3 -2 0 -3 4 -2 4 -1 0 1 0 0 0 -1 1 -4 3 -1 2 -5 0 -1 2 2 -3 2 0 0 0 2 0 0 0 0 0 0 0 0 0 1 1 0 -2 -5 -3 3 0 -1 -1 0 0 1 0 0 0 2 3 3 1 2 0 4 0 0 0 -1 0 1 0 2 -2 0 0 0 -1 -2 -4 -4 2 -1 0 0 3 0 0 2 0 2 0 0 3 -2 2 0 -2 6 2 -1 -2 0 0 2 -2 0 0 0 -1 0 1 2 0 0 0 2 1 0 0 0 0 1 0 -1 0 0 0 0 3 3 0 0 -3 -2 1 0 -2 3 0 -2 0 -4 -6 -1 -2 0 4 2 -4 0 2 0 0 0 3 2 0 0 0 6 -4 0 0 -2 0 -4 0 0 0 0 0 0 0 -2 1 4 1 2 -2 4 0 0 0 3 -2 -2 0 1 0 2 -3 0 1 0 -1 0 0 2 0 0 -2 1 -1 1 -4 -2 3 2 1 0 -1 0 0 3 2 1 5 -1 2 0 -1 0 -5 -2 4 -2 -6 -1 0 -6 3 2 -1 -1 -3 -4 0 2 0 -1 -3 2 -6 -1 0 1 -1 4 0 0 -2 0 4 -6 0 -2 0 4 -4 0 -1 0 0 4 1 0 -2 0 -1 2 -4 1 -2 -1 0 1 0 2 0 0 -2 0 0 -4 -2 0 2 0 0 0 2 0 2 2
4 0 0 0 -2 0 -2 0 3 0 0 0 0 -2 0 -4 1 1 0 1 0 0 1 2 2 4 0 2 0 0 0 0 -2 0 0 3 -4 0 -4 0 0 0 0 0 1 0 0 0 -2 0 0 44 0 0 0 0 4 -2 4 5 0 4 4 7 -2 0 6 2 0 0 0 -2 0 1 0 1 0 0 0 -1 -2 -2 -2 -4 4 0 0 5 -2 0 0 0 0 2 0 0 2 0 0 0 0 0 0 1 0 0 0 -4 -2 0 4 0 4 0 -2 2 0 0 0 0 -2 0 0 3 2 0 0 0 0 -2 2 0 0 0 0 -1 0 0 4 -1 0 0 0 0 3 0 0 -4 0 -2 -2 1 0 1 0 3 1 -4 -1 -4 0 0 3 4 0 0 0 0 1 -2 0 0 -4 0 0 0 -2 0 0 0 0 1 0 0 0 0 -1 1 2 6 0 1 -4 0 0 0 -1 0 0 -1 2 2 0 0 -2 0 0 2 0 -1 -2 -6 2 -2 1 0 0 1 4 0 0 0 -2 0 -1 -8 -1 0 0 0 0 0 3 -3 0 -2 6 0 2 0 0 0 0 0 0 0 10 0 0 2 0 0 -4 0 0 0 -2 2 2 0 0 0 -4 2 3 4 0 2 -4 0 0 -2 2 1 -2 -2 0 4 -4 0 -4 -2 1 0 0 0 3 -1 0 2 0 0 0 0 0 0 -2 2 5 -2 0 2 -4 2 2 0 0 0 1 0 0 -1 -4 1 -4 0 0 0 0 -1 -4 0 0 -6 0 0 0 -2 0 2 0 4 0 -1 1 1 0 -2 0 4 0 0 0 -4 6 0 0 0 0 0 -2 0 0 0 0 -4 0 -2 0 0 1 2 -1 0 1 0 0 4 0 -2 0 0 -2 0 1 0 0 -4 0 4 -1 0 0 -4 -3 0 -6 0 0 0 0 0 -3 -2 0 -4 0 -2 1 2 0 0 0 -2 0 1 0 1 -2 -4 0 -1 2 -3 0 0 0 0 0 0 0 2 -1 3 0 2 0 0 1 1 3 2 0 -1 2 0 -3 -1 0 0 4 0 0 -4 -2 0 0 -1 6 0 -2 -2 0 -1 0 1 0 1 1 0
0 2 0 0 -2 0 6 1 0 -1 1 -5 0 0 0 1 0 1 3 3 1 0 1 2 2 0 0 -1 1 0 -4 1 -3 -2 0 -2 2 2 0 0 1 0 2 0 1 0 -4 -1 -2 1 -4 0 36 -4 1 0 -1 1 2 2 0 0 -1 -2 -1 2 0 0 0 2 3 0 0 -1 1 -1 -1 -3 0 -1 -4 1 0 1 -1 0 0 0 -1 2 1 0 0 4 0 -1 0 7 -1 4 3 -4 0 0 4 2 0 2 0 2 0 -1 2 1 -2 0 0 0 2 0 0 0 2 0 0 0 2 2 4 0 -6 0 -1 0 1 -4 0 0 1 0 -1 -2 0 -2 0 -6 4 0 -2 0 0 0 0 1 2 2 -8 1 2 0 0 -2 2 4 -2 -2 0 0 -4 -1 0 -4 0 -4 -4 0 2 0 0 -1 -1 4 0 1 0 1 -2 0 -2 2 0 1 2 0 4 0 -2 8 -4 -1 0 1 6 0 -2 2 2 1 0 0 1 2 0 1 0 0 1 4 3 -1 2 0 0 -1 3 0 0 2 0 -2 0 0 0 0 0 0 -1 -4 0 0 0 0 1 -2 0 -1 -3 2 0 0 0 0 -2 -1 0 -2 0 -2 2 3 0 -2 0 0 1 0 0 -1 0 -4 0 -1 -1 4 1 -2 2 0 0 0 -2 0 -1 -5 0 0 -1 0 0 0 -4 -3 4 0 5 0 2 1 0 -4 -3 -2 -1 -1 0 -4 0 0 0 2 0 2 0 1 0 0 0 3 0 -1 0 1 0 -7 4 -2 0 0 0 0 1 -3 1 0 0 0 0 0 -2 0 6 0 0 0 0 0 0 2 0 0 0 0 -2 -1 0 2 -2 -1 1 2 0 -1 0 0 -1 0 0 0 -3 0 0 5 -1 0 0 -1 0 0 0 -2 -2 -4 0 0 -4 -2 1 0 -2 4 0 -4 -2 1 0 -1 0 1 1 0 0 -2 -1 -5 1 0 0 -1 0 0 0 0 -1 0 0 0 2 0 -2 0 0 0 0 0 0 0 0 1 -2 -1 0 0 0 0 0 0 -1 -2 0 1 -4 -1 0 -1 0 3 0 -4 -2 0 0 0 -2 0 0 0 0 0 0 -2
0 -4 -2 0 2 -4 2 -1 0 0 -2 -2 -4 4 -2 5 1 -4 1 6 -2 0 0 0 0 0 2 1 -2 0 4 -1 2 0 3 0 0 0 0 0 0 0 0 1 2 2 0 0 3 0 1 0 -4 38 -4 0 0 0 -1 -2 0 0 5 0 2 2 0 1 -1 0 0 0 2 0 2 0 -2 2 0 0 6 2 0 0 2 0 0 0 0 -2 0 0 -2 0 0 3 0 2 2 0 -2 2 0 0 0 0 0 0 0 2 -6 1 0 0 0 0 -2 2 -2 0 0 0 0 3 0 0 0 0 0 0 4 0 0 0 -4 2 2 0 -1 -2 -4 -5 4 4 0 0 -4 2 0 0 0 0 1 0 0 -4 -3 0 2 -2 -4 0 0 -2 0 0 -4 0 0 0 0 0 -6 0 4 -2 2 0 0 0 0 0 0 0 0 0 2 0 -2 0 0 -2 0 0 0 0 2 4 0 0 0 0 0 0 2 0 -1 -2 0 0 1 0 0 0 -4 -1 0 2 -3 0 0 -4 0 0 2 -2 4 -2 1 0 0 0 0 0 0 0 0 0 0 0 0 2 0 0 0 0 1 0 2 0 0 0 4 0 0 0 0 0 -1 -2 0 0 1 -2 0 1 0 1 -2 4 -2 0 2 2 0 0 0 0 0 0 0 0 2 -2 0 0 2 0 2 1 2 4 0 0 1 0 4 0 -2 0 4 -4 0 2 2 0 0 4 0 0 0 0 0 -1 0 0 0 -2 0 0 2 -1 0 0 0 0 0 -1 0 0 -3 -1 0 2 0 0 0 0 2 0 -2 0 0 0 -1 2 -1 0 4 0 0 0 4 -1 0 2 -6 0 1 0 0 0 0 0 4 -2 0 -4 -1 0 0 0 -4 0 0 -2 4 0 -4 0 0 1 0 -2 0 0 2 0 2 -4 0 0 0 -3 0 -2 0 -6 0 0 1 2 0 -2 0 0 1 3 -4 0 0 -3 2 0 2 0 0 0 0 0 0 0 0 0 2 -2 0 3 0 1 0 0 0 0 0 -1 0 4 0 0 0 0 1 0 0 0 1 0 -1 0 2 0 0 -2 1 0 0 0 0 4
2 -4 1 0 -1 6 -2 0 0 -1 0 2 0 0 0 0 0 1 1 -6 0 0 -4 0 0 0 0 0 -1 0 0 0 -2 -2 0 2 0 0 0 0 0 0 2 0 -4 1 0 4 -5 0 0 0 1 -4 55 2 -1 4 1 -4 0 2 -6 2 0 0 -2 -2 10 -4 4 0 -4 0 0 0 2 0 2 2 -4 0 0 -2 -2 -1 -4 2 0 0 -2 0 -4 -4 0 0 0 0 2 -1 -2 0 0 0 0 4 0 -5 1 0 0 0 0 0 -1 2 0 1 2 -2 0 0 0 -2 0 0 2 -1 0 -2 0 2 0 2 4 1 0 -3 0 0 4 0 0 0 0 0 2 1 -2 1 1 2 0 0 0 2 0 0 1 2 -4 0 0 1 -4 -2 -2 9 1 -4 2 1 3 -2 4 0 -2 -1 0 2 0 -4 0 4 2 0 0 -1 0 0 0 2 4 0 2 0 0 4 0 -2 0 2 0 -1 0 0 2 -6 0 2 0 0 -2 -2 0 2 4 -4 0 4 0 3 0 0 0 -4 0 0 0 0 0 0 0 0 0 2 0 0 0 0 -4 4 0 2 0 -2 0 0 -2 0 0 0 1 -1 2 0 -4 0 0 2 0 0 0 0 1 0 0 0 0 0 2 -1 4 0 -6 -2 0 0 0 0 -1 0 -1 0 1 0 -3 0 -8 0 1 1 0 0 4 0 2 0 1 0 0 0 -2 0 -2 0 0 4 0 0 2 4 0 0 0 3 0 -1 0 0 0 0 0 0 0 -5 4 0 -4 0 0 0 0 0 0 2 4 -4 2 2 -4 0 0 0 0 2 0 8 -4 0 0 -2 -2 0 0 7 0 0 2 0 0 -3 -1 -3 0 2 0 0 0 0 2 0 -2 0 1 0 -4 2 -2 0 -2 -6 0 4 0 -2 0 0 4 1 0 4 0 1 1 0 0 2 0 6 3 -2 1 -1 1 -1 0 0 0 0 0 6 0 0 0 0 5 2 0 0 0 4 0 0 -2 2 -2 1 -4 0 0 0 -2 0 -4 -1 0 -2 1 -2 0 2 0 0 -4 0 2 0 0 4 0 2 5 0 0 -2 0 0 5 -4
1 0 0 -1 0 2 -4 0 0 0 0 0 0 0 2 0 1 0 0 0 0 0 0 1 -2 0 0 0 0 0 -1 0 1 0 -2 0 2 0 0 0 0 -2 0 -1 -2 0 0 0 0 0 -1 0 0 0 2 25 0 0 0 0 -3 -1 -1 0 -1 0 2 -1 1 -2 0 0 0 0 -1 0 0 -4 0 0 2 0 0 0 0 1 4 -1 -2 0 0 4 0 3 -1 0 0 0 0 0 0 1 1 0 1 0 2 0 -2 0 0 0 0 0 4 -2 -1 0 0 0 4 0 0 0 -1 0 1 0 1 0 4 0 0 0 0 0 1 -2 0 1 0 2 0 0 0 0 0 0 -1 8 0 0 0 -1 0 0 2 -4 0 0 -1 -1 0 -2 0 1 0 0 0 2 0 0 -2 0 0 0 1 0 1 0 -2 0 0 0 -1 2 0 0 0 0 0 -4 0 -2 2 2 0 0 -1 1 0 0 0 0 0 -2 4 1 6 0 0 4 -2 0 0 0 0 0 1 2 -4 1 0 0 0 -1 0 -2 -1 0 -1 0 0 0 1 4 -1 0 0 0 0 0 1 0 0 0 0 0 0 -4 1 1 0 0 0 0 1 1 0 0 2 -4 0 2 -1 0 2 0 0 0 0 1 -1 2 -1 -1 0 0 0 0 1 2 0 2 0 0 0 0 -2 1 -6 -1 0 1 2 0 0 0 0 0 1 -1 -1 4 -2 0 0 0 0 0 0 0 0 0 2 2 0 0 0 -3 0 0 0 1 0 2 0 -2 4 0 0 2 0 0 2 0 0 1 0 1 -2 0 0 0 -1 0 0 2 2 0 1 0 0 0 0 0 0 0 0 0 0 0 -4 0 -1 0 5 0 0 2 0 0 0 0 0 0 0 2 4 0 2 0 -6 1 -2 0 0 2 -1 -4 0 0 0 2 0 0 1 -4 0 0 0 0 0 0 5 -4 0 0 6 -1 -2 0 0 -2 0 0 1 1 0 1 0 0 4 1 5 0 0 -2 -1 0 0 -3 0 0 0 0 0 0 0 0 0 -4 0 0 0 1 -1 0 0 0 0 0 2 0 -1 0 0 0 0 0
1 -2 0 0 0 1 2 0 0 1 2 0 0 0 -3 1 0 0 -2 0 -1 -2 0 -3 4 3 0 4 0 1 1 0 0 0 0 0 2 0 2 0 0 0 -2 0 6 0 0 2 1 0 0 4 -1 0 -1 0 33 0 -1 0 0 2 2 0 2 0 2 -4 0 0 0 0 0 -1 0 2 0 -1 0 0 0 6 0 0 0 0 -2 0 2 1 0 0 0 0 0 0 0 -2 -2 0 0 0 1 0 -2 2 0 0 0 0 -2 2 0 -1 0 4 0 1 0 0 2 -2 -1 2 -1 0 2 1 0 -1 -2 1 0 0 0 2 0 0 4 0 0 0 0 0 0 0 0 -2 -1 0 -1 0 0 0 -2 0 0 0 -2 1 0 0 0 0 0 1 0 0 2 -2 2 -1 0 0 0 0 0 -1 -2 1 0 0 0 0 0 0 0 3 2 0 0 0 0 0 0 0 0 0 0 0 0 4 1 -2 -4 0 0 -1 0 0 -5 6 4 -4 0 0 0 0 0 4 0 0 0 0 0 0 -2 1 -2 0 0 0 4 -1 -1 -5 -2 0 2 0 0 0 0 2 0 0 0 0 -2 0 0 0 0 0 0 -1 0 0 2 -2 -1 0 -5 0 -1 0 0 4 -2 0 0 0 0 0 0 0 0 0 0 0 0 0 2 -4 0 2 2 -4 -2 0 0 0 0 0 -2 0 -4 0 0 2 0 4 0 1 0 0 0 1 2 0 0 -2 0 1 0 0 0 2 0 0 0 0 2 0 0 3 2 0 0 -4 0 0 0 0 0 1 2 0 0 0 4 -4 0 -2 2 0 2 0 0 2 -2 1 2 0 -2 -1 -4 0 0 0 0 1 0 0 0 0 0 4 0 0 0 4 -3 0 -2 1 0 0 2 0 -2 0 1 0 0 0 2 0 0 0 -1 0 0 -1 0 0 2 0 2 -1 -1 0 5 1 1 0 -2 2 0 0 1 0 0 4 -1 1 0 0 1 0 0 4 0 4 0 0 1 -1 0 0 1 0 2 -1 0 -1 0 -2 -1 2 -1 -2 2 0 0 0 0 0 0 -2 0 -3 -1 0 3 1 -2 1 0 0
0 0 0 0 0 0 1 0 0 1 0 0 0 2 -4 0 3 4 1 2 -1 1 2 0 0 0 0 1 0 1 4 0 -2 5 0 4 -3 0 0 0 -1 2 0 0 0 0 0 4 0 0 0 -2 1 0 4 0 0 31 0 0 0 0 0 0 -2 -2 0 0 -1 -4 -3 1 0 -1 0 0 -1 -1 0 0 -1 0 0 0 0 -5 0 1 -2 0 1 0 0 0 4 -1 0 -2 -2 1 0 2 2 0 2 0 0 0 3 1 -2 4 -2 0 0 2 0 -2 0 -2 0 0 -2 0 0 0 -4 0 0 0 2 -2 0 0 0 0 0 -4 0 0 0 2 3 -2 0 -1 0 0 0 0 1 2 0 0 2 -2 0 1 -2 0 1 0 1 0 0 0 0 1 -1 0 3 5 1 0 0 0 0 0 1 0 0 2 1 1 0 -2 3 -1 0 -2 0 0 0 -1 0 -2 -4 4 2 0 1 0 -2 0 -2 0 0 0 -2 2 -1 0 0 1 0 1 0 1 3 2 0 -1 1 -2 0 -3 -2 0 -2 -1 -2 0 -10 0 -1 0 0 -2 0 0 0 0 3 0 0 -1 1 2 2 0 -2 0 0 -2 -1 0 0 0 0 0 -3 2 0 0 -3 -4 0 0 2 0 -1 0 0 1 -3 1 0 0 -2 0 2 2 -1 2 0 -4 5 0 4 0 0 0 0 0 0 0 3 0 -2 -1 -1 -3 -1 -4 2 2 0 0 0 1 0 0 0 0 1 0 2 0 2 0 -1 0 0 1 0 2 4 0 0 -1 1 0 2 1 -5 4 0 0 -2 -1 0 0 2 -2 2 0 -1 0 1 0 0 0 -4 3 0 0 -2 1 0 -2 1 0 -2 1 -2 1 0 0 1 0 -4 0 0 -1 0 1 -1 0 -2 -2 1 0 0 0 0 0 0 -1 2 0 -2 -2 0 2 0 1 0 -4 0 4 0 0 0 0 -3 0 2 0 0 0 0 5 2 0 1 0 0 0 0 0 0 0 0 4 0 -3 0 1 -1 4 3 -2 0 0 -1 -1 0 0 3 0 -2 2 0 0 2 0 0 0 -2 0 4 0 6 0 0 0 -2 0 0 0
4 2 0 0 0 0 2 0 -2 -4 0 1 0 -1 0 0 0 -2 1 -4 3 6 4 -3 0 4 1 -4 0 0 1 1 0 1 1 4 -6 4 -4 0 0 0 0 -1 -1 -1 0 2 0 0 0 4 2 -1 1 0 -1 0 50 -1 -1 4 5 4 -2 0 0 0 1 0 0 0 -1 -2 -2 2 0 1 0 0 0 0 4 2 0 0 5 4 -1 -2 1 -1 0 0 -9 0 2 2 0 -1 0 0 0 0 5 2 0 0 0 0 2 1 -2 0 0 -1 -4 -1 0 2 0 1 0 0 -1 0 3 0 -2 -1 2 4 0 -2 0 0 0 0 1 0 0 1 0 -4 1 0 -4 2 0 4 -4 0 0 6 0 -5 1 0 -6 0 6 0 0 0 0 0 1 -4 2 0 1 0 0 0 0 0 2 0 0 0 -4 0 1 -2 0 0 0 0 0 -2 0 0 0 0 0 0 0 0 0 -1 2 0 0 -1 0 2 0 2 0 0 0 -6 0 0 0 0 1 0 -1 -1 2 1 0 0 -3 2 0 0 0 0 0 0 -2 -2 -4 1 0 2 0 0 2 0 1 -2 1 0 -2 0 1 0 -2 0 1 4 0 -1 2 0 0 1 -4 0 0 0 0 0 0 0 0 4 1 0 2 0 4 0 0 5 0 0 -2 0 -3 3 0 0 2 1 4 0 0 0 0 0 0 0 0 -1 0 -4 1 4 0 5 0 0 0 1 -3 0 0 0 -6 2 -4 -4 1 0 -2 0 0 1 0 -2 1 2 2 0 2 0 4 0 2 1 -1 1 0 -2 -1 4 -1 0 2 0 0 4 0 0 0 5 -1 0 1 0 2 0 2 -2 -1 0 -1 2 2 -1 0 0 0 0 0 -1 -2 0 -2 -4 0 -2 0 0 0 4 1 0 -1 1 0 1 0 0 0 3 -2 0 -2 2 0 2 -2 2 0 0 0 2 0 0 0 0 0 -1 0 0 0 4 -4 0 -2 0 0 0 1 0 0 -2 0 2 -1 4 1 -1 0 0 0 0 0 0 0 0 2 0 0 0 0 0 4 0 1 1 2 0 2 0 0 -2 0 0 1 -4 0 0 0 0
1 0 2 0 2 0 1 0 -4 0 0 0 0 0 -2 -6 3 2 0 1 0 0 4 0 2 0 0 0 -1 -2 4 -1 -1 -4 1 -1 3 -2 0 0 0 0 1 0 -1 0 0 4 0 -1 -2 5 2 -2 -4 0 0 0 -1 44 1 2 -1 -1 3 0 2 0 -5 0 2 0 1 0 -1 0 0 -2 0 0 0 0 0 -1 0 0 -1 0 0 4 0 0 3 2 0 0 0 6 -5 1 0 1 0 0 0 2 0 0 0 0 4 2 0 -4 0 1 0 2 -2 2 -2 2 -4 0 0 0 2 0 2 0 8 -2 2 -2 0 -2 -1 1 -1 0 -4 -2 2 -4 0 0 -1 0 1 4 0 0 0 0 0 3 0 0 -1 -2 0 -2 -2 -2 0 -1 -2 0 0 -4 1 0 -4 2 0 2 2 -1 0 2 -2 0 1 -2 0 -1 -1 0 0 0 0 0 -3 0 -2 0 2 1 2 0 0 0 -4 0 0 0 1 -2 0 0 2 1 0 0 1 0 3 -2 2 -1 1 0 0 -1 0 8 -1 5 0 0 -2 -4 0 0 0 -2 0 0 0 -1 4 1 0 0 0 -3 1 0 -1 0 2 -4 0 2 -1 -1 0 -1 3 0 1 0 0 1 1 4 0 2 -2 -1 1 -2 5 1 2 0 0 0 0 0 0 -2 -4 -1 -2 0 6 -2 0 1 -1 1 -2 -1 -5 -6 0 4 -2 0 2 -1 1 2 2 1 -1 3 -4 0 -4 6 -1 0 0 4 -2 0 0 2 0 0 2 0 -2 2 0 4 0 0 0 2 4 1 1 3 0 -2 0 2 -1 0 0 0 2 4 0 -1 1 2 -2 0 -1 2 2 0 1 1 -2 1 0 4 -2 0 0 -2 6 2 1 0 0 2 -6 1 3 4 -1 -1 0 5 -1 -1 0 0 0 -1 -3 0 1 2 6 1 -1 -2 -4 3 0 0 2 1 -2 1 -2 -1 0 2 1 2 0 1 0 0 0 2 0 -4 0 1 -4 1 2 1 0 1 2 2 0 1 -1 0 -2 2 0 0 4 0 0 -2 1 0 1 2 1 -4 2 1 -2 0 1 -2 1 0 -1 -4 0 0 0 0 0 0
0 -4 -2 2 -2 -2 0 2 0 0 -2 0 0 0 -1 0 0 0 -2 0 0 -2 0 -1 0 0 0 2 0 -1 4 -1 0 2 0 -1 0 1 0 0 0 0 1 0 2 2 0 0 -1 0 1 0 0 0 0 -3 0 0 -1 1 31 2 -1 -1 0 -4 0 1 3 0 0 0 1 1 6 0 1 -4 -4 0 0 0 0 0 0 -1 0 2 0 0 5 0 -1 -4 0 0 0 0 0 2 1 1 0 1 0 0 0 0 0 0 0 -1 0 0 3 2 0 -2 0 0 0 0 0 6 -1 0 1 0 0 1 0 0 0 0 2 -1 1 0 0 0 0 3 0 -2 0 0 0 -1 2 0 -2 0 0 0 0 -2 0 0 2 0 2 -1 1 0 1 0 1 -1 0 0 -2 0 2 0 -2 0 0 4 -2 0 0 -1 -5 0 -3 0 2 0 0 0 0 0 1 0 0 0 -1 5 1 0 0 0 0 0 0 0 0 1 0 0 0 0 0 0 0 -2 1 0 0 -4 -4 2 0 0 2 0 3 0 0 0 2 0 0 0 0 0 0 0 0 2 0 -1 0 0 -5 0 0 -2 -1 -2 2 -2 -1 0 3 -1 0 -1 4 1 3 2 0 0 0 -1 -2 4 0 -2 -2 0 1 0 0 -2 0 1 0 0 -2 -1 2 -6 4 2 0 -2 0 -1 0 -2 -2 0 0 -1 4 0 -1 -2 0 0 -1 0 0 -6 0 0 0 0 0 0 0 0 -2 0 0 2 0 -2 7 0 0 2 0 0 0 1 0 -2 1 0 0 -2 2 1 0 0 -1 1 1 0 -2 0 0 0 0 1 0 0 0 2 -1 0 0 0 -6 -2 0 0 -2 -2 -2 0 -2 1 3 0 0 0 0 -4 -2 0 0 0 -2 0 0 -1 0 0 0 6 0 -1 -1 0 4 4 0 3 0 -2 2 0 0 2 0 -1 8 0 2 0 0 -1 0 -2 -2 0 0 0 0 2 0 0 1 0 1 2 2 1 2 -2 -4 0 -2 -2 0 0 0 2 0 0 0 0 2 -2 2 0 0 0 2 0 4 2 1 -2 0 0 0 2 -1 2 -4 0 0 0 2 1
0 -4 0 1 -2 0 0 0 -1 4 0 6 0 2 0 0 0 -2 1 -1 0 4 0 0 0 4 0 -3 0 2 3 -2 4 -2 4 0 0 4 -6 2 0 -4 3 2 0 0 -1 4 0 -1 1 4 0 0 2 -1 2 0 4 2 2 47 4 2 -2 -2 0 0 5 -1 0 -1 1 0 2 -2 0 -2 0 1 0 0 0 0 -4 -3 0 -2 4 0 0 0 -1 -3 0 -1 0 -1 0 0 2 0 0 4 0 1 0 0 4 -2 -1 4 -1 4 0 0 0 0 0 4 -1 0 0 0 -1 0 0 0 4 -1 -2 4 0 0 -2 0 0 2 0 -1 -9 3 4 0 -2 -2 1 0 0 6 -2 -2 -2 0 2 0 0 0 0 5 0 0 0 0 3 0 0 1 0 -1 4 -1 0 1 0 -1 0 0 2 0 0 0 2 0 0 1 -4 2 -2 0 -4 0 -4 0 2 0 -2 0 2 0 -2 4 2 0 0 -6 -8 0 0 -4 -1 -6 2 0 -2 2 -2 0 0 0 0 1 0 0 0 -1 -2 0 0 0 -1 0 0 0 0 0 0 0 -2 0 1 4 0 -4 0 -3 0 0 -4 0 -4 1 0 0 2 0 -3 0 -2 0 -2 1 4 0 0 0 0 0 0 0 0 0 -2 0 -2 2 2 0 0 0 0 -2 -2 2 2 0 -1 -2 0 -2 0 -2 2 0 0 2 1 0 1 -2 0 0 -2 -2 -1 0 -3 -2 -4 -2 -2 -4 -4 0 -4 2 1 -1 2 -1 -2 0 9 -2 -1 -1 0 4 0 0 0 0 1 0 0 0 2 -2 -4 -4 0 2 4 -4 -2 -3 0 -2 0 0 -2 3 4 -1 -4 0 0 0 -3 0 0 1 0 -2 0 2 2 0 0 4 0 0 0 2 0 -4 0 0 1 1 0 2 1 -4 0 -1 2 0 2 0 -2 2 2 0 -1 -2 2 0 2 0 0 1 0 4 0 2 -1 -1 0 1 0 0 0 0 -2 -2 2 0 -4 1 -4 4 0 0 -1 1 5 0 0 0 0 -4 0 -8 -2 0 0 0 0 0 0 0 -2 -2 2 0 -1 4 2 0 0 2 0 0 -2 -1 0 8 -1 2
0 0 2 0 0 -4 0 -1 0 0 0 0 0 0 0 -1 0 0 2 4 -2 1 0 0 0 8 0 1 0 0 0 0 0 0 0 0 0 4 -4 0 0 1 -2 1 0 0 0 0 1 0 0 4 -1 5 -6 -1 2 0 5 -1 -1 4 28 0 -1 0 0 -2 1 1 0 0 -1 0 1 0 -2 2 -2 -2 4 -2 0 0 2 1 0 0 -2 0 0 0 -2 0 2 0 0 0 -1 0 0 0 -4 0 0 0 0 -1 2 0 0 2 0 -2 0 0 0 -1 -2 0 0 -4 0 0 -2 0 0 0 0 -6 2 1 0 -2 -4 -2 -3 -2 4 -2 -4 0 2 8 0 0 0 -8 0 1 -2 0 0 1 0 4 -2 0 0 0 0 0 0 2 0 0 -1 0 -2 2 1 0 -2 0 0 0 0 2 0 0 0 0 1 0 -1 1 0 0 -2 0 0 0 0 2 0 0 0 -1 0 0 0 -1 0 0 -2 0 0 0 2 0 0 -6 0 0 0 0 -1 4 -1 0 0 -3 0 2 0 -2 0 0 0 0 0 0 0 -4 4 -2 -2 0 0 0 0 0 1 0 -2 0 1 0 3 0 -2 -1 0 0 0 0 0 -1 -2 -2 0 0 0 0 0 0 1 0 0 0 -4 0 0 0 2 0 0 0 0 0 0 -2 2 0 -3 3 4 0 0 0 0 1 0 0 0 0 0 0 -1 -2 0 1 1 -4 0 0 0 0 -1 0 0 0 -4 0 -4 0 0 0 0 0 0 0 2 -2 0 0 2 0 0 0 1 0 0 0 -2 0 0 0 0 4 -1 0 0 -1 0 0 0 1 4 0 1 -2 1 0 0 0 0 4 0 0 0 1 2 0 1 0 -1 0 1 0 0 0 -2 -2 0 3 0 -1 0 0 0 0 0 -2 2 1 0 0 2 0 0 0 0 2 -2 0 4 0 0 -2 0 6 2 0 0 0 0 1 0 0 0 2 0 1 0 0 2 -1 0 0 -2 1 0 0 -2 0 0 4 0 1 0 3 0 0 0 3 4 2 0 1 0 -1 0 0 0 -1 2 0 2 0 0 0 0 0 3 0 1 0 0 4
4 0 -3 0 4 0 0 2 6 -3 0 0 -2 -2 -2 -2 1 5 -3 -2 2 0 6 0 -1 2 0 0 0 0 0 -2 0 2 0 -2 5 4 -2 0 1 -4 0 -4 -4 1 0 -2 -2 0 2 7 -2 0 2 0 0 0 4 -1 -1 2 0 54 -1 2 0 -3 1 -1 0 0 4 0 -2 0 3 0 2 -2 -1 -7 3 -4 -5 -2 0 6 0 0 -3 -1 -1 0 -2 -2 0 -4 1 0 0 0 0 0 0 3 0 -8 0 0 0 0 1 0 -4 0 -4 3 -1 0 3 0 2 0 1 0 0 0 2 -1 -1 0 -4 1 2 4 1 1 -2 -7 4 0 4 4 2 0 0 2 -1 2 -1 1 4 0 -4 1 2 0 1 0 -2 0 2 0 -1 -3 0 0 2 1 6 1 1 2 0 0 -8 1 0 0 0 1 0 1 1 0 0 -2 5 -4 0 0 -2 0 -2 0 1 4 5 -2 2 0 2 2 0 -2 1 2 0 -2 0 -5 2 2 -1 0 4 -2 -2 -2 0 -1 0 0 0 1 -2 0 -4 4 0 4 0 0 0 0 0 0 5 0 0 0 -2 -4 4 0 3 0 -1 7 1 0 0 -1 -1 0 0 -2 4 0 -5 0 -2 2 2 0 0 0 0 0 7 0 -2 -1 2 2 0 4 0 4 1 1 0 0 -2 0 0 0 1 0 0 1 0 -4 9 0 0 0 -4 0 0 0 0 0 0 0 0 0 1 0 -2 -4 -2 0 -2 4 0 4 0 -3 -1 -2 0 -1 -2 -2 -2 0 2 -2 -4 0 0 -2 3 0 -2 -2 -4 0 0 8 2 0 -2 0 0 0 -2 2 -2 -6 4 2 0 0 0 -2 -2 0 -2 2 1 0 0 0 -1 -2 0 0 -6 1 0 0 -1 0 1 0 -2 4 1 0 -2 1 -1 1 5 0 -2 0 0 0 1 -6 -4 0 0 0 -6 4 2 2 0 0 0 0 0 2 0 0 1 -1 4 0 -2 0 8 0 -1 -2 0 4 0 2 0 -2 0 1 0 2 -1 2 1 0 -2 0 0 -1 0 -2 0 0 2 2 0 0 -3 0 1 0 -2 -2 -2 -2 -2 2 0 -1 -3 -2
0 -1 2 0 0 0 0 -1 0 0 -1 0 -2 0 0 1 -1 0 -4 4 1 0 0 0 0 0 0 0 0 -1 2 0 0 -4 0 0 -4 0 2 0 2 -2 0 -2 0 0 0 1 0 0 -4 -2 -1 2 0 -1 2 -2 -2 3 0 -2 -1 -1 35 0 1 0 0 -2 -1 2 0 0 2 0 0 0 0 2 0 0 0 1 0 0 0 -2 2 2 0 0 4 0 -1 -2 2 0 0 0 3 0 0 -1 2 -1 0 0 2 0 1 0 0 0 0 0 2 0 0 0 -2 1 0 -1 0 -2 0 0 0 1 3 0 0 0 1 0 -3 4 1 3 -2 0 2 1 0 -2 -3 -4 -4 2 2 -2 0 0 0 0 0 2 1 0 2 -1 -2 2 0 0 0 1 -4 2 0 0 3 0 0 0 0 0 0 -1 0 0 0 1 1 -4 1 5 1 1 0 -1 2 2 0 2 -2 -2 0 0 1 -2 0 0 1 0 -1 -2 0 0 7 4 -1 0 -2 -2 -1 1 -1 -1 -1 -2 0 4 -2 0 0 0 0 0 2 0 0 2 0 0 -4 0 0 -1 0 0 2 0 0 0 0 0 0 0 0 0 2 3 2 0 0 0 1 3 0 0 0 2 2 0 0 0 -2 2 0 2 0 0 3 0 -5 2 0 0 -5 -2 0 -2 1 0 0 0 0 0 4 3 0 -3 -3 -6 -2 0 1 6 2 1 -4 -2 0 0 0 -4 -2 2 0 2 4 0 2 0 0 -1 0 0 0 1 0 4 0 -5 0 0 0 0 -4 1 1 0 1 0 -6 2 2 -3 0 -3 -1 -1 0 -4 -1 0 0 0 1 2 0 0 -1 2 2 0 0 0 -2 0 0 0 -1 -3 -1 4 0 2 0 0 -1 6 1 4 2 -1 2 2 -2 -3 1 2 2 2 -1 0 -4 0 4 1 2 0 -2 -1 0 -2 4 0 0 4 0 0 1 0 0 0 0 -2 0 -2 -1 0 0 -5 0 0 1 6 2 0 0 -4 0 1 1 2 0 0 -1 3 2 0 0 -2 2 0 2 0 0 1 0 -2 0 0 0 -1 0 6 -1 1 -4 -4 0 0 -4 -1 0 0
0 0 0 0 0 0 0 0 1 0 0 0 0 1 2 0 1 2 1 -1 0 0 0 0 -2 0 0 -3 -1 -4 -6 -2 -2 -2 0 0 2 -2 0 0 1 0 0 0 -4 5 0 0 0 0 -1 0 2 2 0 0 0 -2 0 0 -4 -2 0 2 0 26 0 0 0 1 0 1 0 0 -5 -2 0 1 0 0 0 0 0 0 0 -1 -2 0 0 -4 -1 1 0 0 0 2 0 0 2 0 -2 0 -1 1 0 0 0 2 0 0 -4 0 -2 4 0 0 -2 0 0 1 0 0 2 4 0 0 -2 0 0 0 -1 0 2 0 4 0 -2 1 0 0 -2 -2 0 -4 1 0 0 0 -2 0 0 0 1 2 0 4 0 0 -2 -1 -4 0 2 0 -1 0 0 1 0 0 -2 -2 1 0 4 5 0 0 0 0 0 0 1 0 0 0 0 1 0 0 0 -1 -6 0 -3 1 4 0 2 0 1 0 1 1 0 2 1 -2 0 0 2 0 0 0 0 0 2 2 0 1 1 -1 0 -1 1 0 5 0 3 0 0 -2 0 0 0 1 0 1 1 0 2 2 2 -4 2 -1 0 0 0 0 0 1 2 0 -4 -2 -2 -2 0 -2 -2 -1 0 0 -1 2 0 4 0 1 0 0 0 0 2 -1 0 0 1 0 0 2 0 -3 0 2 0 0 -2 0 0 0 0 0 4 2 0 0 0 0 0 0 1 0 0 0 0 0 1 0 0 0 0 0 -1 2 0 -1 0 0 1 0 -2 -4 1 -2 2 0 0 0 0 4 0 4 0 0 0 0 0 0 0 0 0 0 3 0 0 0 0 1 0 -4 1 2 -2 4 1 0 0 0 0 2 0 0 0 0 -2 1 1 -1 -1 -2 1 0 0 2 -2 0 0 0 2 2 0 0 -2 0 2 -1 0 0 0 0 0 1 0 4 0 0 2 0 2 0 0 0 0 -1 0 4 0 0 0 1 2 -1 0 2 0 0 -2 0 2 0 2 -2 -1 1 0 0 0 4 0 0 -2 0 1 1 0 4 -1 2 2 0 0 0 0 2 0 0 -2 -2 4 0 0 0 0 0 0 0 0 -4
0 0 2 0 1 0 0 0 4 -2 0 -2 1 -2 2 1 2 0 0 1 0 0 2 1 -2 2 0 0 -6 0 4 0 -1 0 0 0 -2 -1 0 -2 1 0 0 2 1 0 0 5 -3 1 0 6 0 0 -2 2 2 0 0 2 0 0 0 0 1 0 34 1 0 0 0 0 0 0 1 4 0 3 0 0 -4 0 0 0 -1 0 0 2 0 0 2 0 0 0 0 0 0 2 1 0 2 0 1 0 -2 2 -1 0 0 0 2 2 0 0 0 0 0 0 -5 1 -4 0 -4 0 1 0 0 0 2 4 0 0 0 0 3 0 -2 0 0 1 0 0 0 -3 0 0 -1 0 -2 0 0 2 0 0 4 0 -1 -2 -1 -1 0 0 4 6 0 0 0 -4 0 2 -3 0 0 1 0 2 0 0 2 0 0 0 0 -2 0 0 0 0 4 1 1 0 0 0 2 0 2 0 0 3 1 0 0 0 2 -2 1 2 0 0 0 3 -3 0 0 1 0 0 0 0 -3 0 0 2 0 1 0 -4 2 0 0 3 0 0 2 -2 -3 0 1 0 2 0 0 -4 0 -2 1 0 0 0 2 0 0 2 0 0 0 2 0 2 0 -4 3 -2 0 0 0 2 0 0 0 4 0 0 0 0 0 0 0 1 -2 2 0 0 -1 -2 2 0 -6 3 0 0 0 -2 -2 0 -2 1 -1 5 5 0 0 3 0 0 0 0 0 0 0 0 -2 0 0 0 0 1 1 0 0 0 0 2 0 0 0 0 -2 3 -2 2 1 0 0 0 -1 0 0 0 0 -2 0 0 4 0 -2 0 0 0 2 0 0 0 0 -1 0 0 0 0 -1 2 1 0 -2 0 0 0 0 -2 -4 -2 -1 0 -1 0 0 4 0 0 1 0 0 4 0 -2 -1 4 0 0 -2 5 0 0 0 2 -3 1 -3 0 0 0 -1 -4 0 1 0 0 1 -2 0 0 0 -2 0 1 0 0 2 0 0 0 0 0 1 1 0 -2 0 0 -3 1 -1 0 2 0 0 -1 -4 -1 2 0 0 -4 2 0 2 0 4 1 -2 4 0 -4 0 0 -2 0 0 1
0 -1 1 0 3 0 6 4 0 0 -2 -4 -2 0 -2 0 1 2 1 -4 4 -4 0 -1 -5 0 0 -2 0 0 0 0 -2 4 1 0 0 2 0 2 1 8 0 0 1 0 0 0 -1 0 0 2 0 1 -2 -1 -4 0 0 0 1 0 -2 -3 0 0 1 55 4 -2 0 0 0 0 2 0 0 0 0 2 0 0 4 2 0 1 0 0 3 -1 4 0 0 2 0 0 -2 0 0 2 -2 0 6 0 2 0 0 -4 -6 -2 4 -1 0 -2 0 2 0 2 0 4 -2 -4 2 0 0 4 0 0 -2 0 0 -2 0 0 4 0 0 -2 -4 0 -4 0 0 -4 0 0 0 4 1 -2 -2 0 1 0 4 0 4 -2 3 4 2 2 0 0 0 3 0 0 0 -2 2 1 -2 2 -6 0 3 0 4 -4 0 0 4 0 1 0 0 4 0 -2 2 4 1 -2 2 2 -3 0 0 0 2 0 0 0 2 1 4 0 0 -2 5 2 0 0 0 1 -4 2 -2 0 0 -2 0 0 -2 -1 0 -2 4 -2 4 0 2 0 0 0 0 0 0 2 0 -4 0 -2 0 0 0 -2 0 0 0 0 4 0 0 -2 0 3 0 0 0 4 1 -1 0 1 -2 6 0 0 4 0 3 0 0 0 0 -2 0 4 1 -4 0 0 2 0 -4 0 0 1 2 0 0 2 0 0 -2 1 0 0 0 -4 4 -2 0 2 -1 -2 0 0 -2 0 0 0 0 4 0 -2 0 -1 4 0 0 0 0 0 0 -2 1 4 0 -1 0 -2 -2 3 0 -2 0 0 -4 -4 1 -2 0 0 1 -2 -2 -2 2 0 -6 0 0 1 4 1 0 2 0 0 2 0 0 0 -4 0 -1 0 1 0 -3 -2 -4 0 2 0 2 0 0 0 0 0 1 2 0 0 0 2 0 0 0 5 0 0 0 2 0 -1 0 0 0 0 0 -1 0 -2 -6 2 -1 -1 1 2 0 0 -5 -2 0 0 0 2 0 -1 0 0 0 2 -2 0 1 0 -1 0 0 0 2 0 0 -2 1 0 0 0 0 0 0 0 0 0 -1 -4 -2 2 0 3 0 0 2 0
1 -6 6 0 0 2 2 2 2 -2 1 1 2 0 2 2 1 4 2 0 0 0 -4 0 0 4 0 0 -4 1 2 0 -6 1 0 -1 1 2 0 0 0 0 -1 -1 0 -6 -4 2 -4 0 -2 0 0 -1 10 1 0 -1 1 -5 3 5 1 1 0 0 0 4 64 2 0 6 0 0 3 0 0 0 0 0 4 0 0 -1 -2 4 1 1 0 0 1 2 0 0 -1 -1 -1 0 -1 1 -3 0 4 2 1 1 0 2 0 -7 2 -9 1 4 4 2 2 -4 2 -2 3 -1 0 -5 0 -2 1 2 0 0 -4 2 2 0 2 0 0 0 -1 -1 0 0 2 8 0 -2 3 0 0 2 1 0 0 2 0 -5 -2 2 0 5 2 0 0 2 5 0 -3 0 -4 3 0 -4 1 2 -6 -1 0 0 -2 0 -2 1 2 4 0 0 0 2 0 0 -2 1 -4 -2 0 0 0 0 0 0 0 -4 2 0 1 0 0 0 0 -3 0 2 0 0 0 4 0 1 0 -1 -2 0 0 0 -2 -6 -2 0 -5 0 2 3 2 -3 0 2 0 0 6 0 -4 2 1 1 2 -1 1 -3 0 0 0 0 0 0 8 -4 0 0 2 6 1 -2 0 2 0 2 -2 2 0 0 0 1 1 0 -2 2 2 -4 0 0 -2 0 0 -4 -2 0 2 -3 -2 0 0 -1 2 0 1 7 0 1 0 -5 -2 1 0 0 -2 -7 0 4 6 -1 2 2 0 1 3 4 0 1 0 2 -1 0 -1 0 5 0 0 5 -1 0 1 5 0 2 0 0 -2 0 -1 -3 0 0 3 -2 2 0 1 2 -1 1 0 0 2 2 -4 -2 0 0 0 0 0 -2 -2 -2 -2 4 -1 2 -2 0 -10 -1 4 0 -1 -2 0 0 0 0 5 -6 4 0 0 0 0 0 0 0 -5 0 4 0 0 2 2 0 0 0 1 0 2 0 5 -3 0 -2 0 0 7 0 0 -4 0 -1 0 0 5 0 -2 5 1 0 0 1 0 4 -2 2 -1 -4 4 -5 -4 0 2 -4 2 -3 6 0 -1 2 -6 -1 6 0 0 6 -4 -1 0 1 0 0 4 0 0 5
0 0 2 0 0 0 2 0 0 4 0 0 0 5 0 -1 0 0 0 -2 4 -1 4 0 5 0 0 0 0 -1 0 -5 -2 0 -1 -2 1 1 2 1 -2 0 0 1 0 0 0 -6 0 2 -2 0 2 0 -4 -2 0 -4 0 0 0 -1 1 -1 -2 1 0 -2 2 36 2 -1 -1 0 1 2 0 -2 0 -2 0 0 0 2 0 -1 -2 0 0 -2 -2 0 0 2 0 1 1 0 0 2 -1 0 0 2 0 0 0 0 -4 5 0 -4 2 2 0 0 -1 0 0 0 -1 1 -4 -4 0 0 -2 2 0 0 0 1 0 0 1 0 1 4 -2 1 0 0 0 0 1 2 0 -1 0 -3 0 -2 0 0 -2 4 -2 1 0 0 1 0 -2 0 0 -2 0 -1 2 0 -1 -2 2 -2 -2 0 0 2 0 0 0 -1 0 2 1 -1 -2 1 0 -1 0 1 0 6 4 1 -1 -4 4 0 1 -2 0 0 1 0 0 0 -1 -3 0 1 0 0 -2 0 0 0 0 1 0 1 0 0 1 0 1 0 0 0 2 0 0 2 0 -1 2 1 -1 0 1 0 1 1 0 0 -6 0 0 0 -1 0 2 1 0 0 0 -1 1 0 0 0 0 0 0 2 0 -1 1 1 -2 4 0 -1 -4 2 0 0 0 0 -2 0 -2 2 -1 0 -2 0 -2 0 -2 2 0 2 1 -1 0 2 -2 -1 0 -2 -2 -4 0 1 0 0 1 0 4 2 0 0 0 0 0 0 0 3 2 0 0 0 -1 0 -4 0 1 -4 0 0 0 0 0 -4 3 5 2 0 0 0 0 -1 0 0 4 0 -2 0 3 0 0 1 1 0 0 0 -1 0 0 0 0 0 1 0 1 0 0 3 0 0 -4 -1 1 0 0 0 -2 -4 0 1 -1 1 2 -2 2 0 3 1 0 -1 0 0 -4 -1 0 1 -1 0 -3 0 0 -1 0 3 0 1 2 -1 1 -3 1 0 0 0 2 1 0 4 0 1 -2 -2 0 0 -2 0 0 -4 -2 0 -4 0 -1 0 1 -1 0 -1 0 -2 -1 0 -2 0 1 0 -2 0 0 -2 -2 1 0 0 -3 1 -1 0
0 -4 0 -1 0 0 6 1 0 -1 0 0 0 2 0 0 0 0 -4 0 2 0 0 0 0 0 0 1 0 3 0 -2 4 0 0 0 0 -2 1 0 0 0 0 2 0 0 0 0 0 0 1 0 3 0 4 0 0 -3 0 2 0 0 0 0 -1 0 0 0 0 2 35 0 0 0 0 -3 2 0 0 4 0 0 0 -1 -1 1 2 2 0 0 0 0 0 0 -2 2 -3 8 -4 0 4 -4 0 -4 0 4 0 0 -2 -2 -2 -4 0 0 0 0 2 0 0 0 2 -2 1 2 0 0 0 0 -2 0 0 2 -1 0 0 2 -2 2 0 2 0 4 2 0 0 0 0 0 0 2 -2 2 0 0 -7 2 0 0 6 0 2 0 0 0 -1 0 0 0 -1 0 0 -4 0 0 1 0 0 0 -1 0 0 -4 0 -2 0 1 -2 0 -2 2 0 0 0 0 2 0 -4 0 0 0 0 0 4 0 2 0 -8 -1 0 0 0 2 1 0 -1 0 4 -4 0 -2 0 0 -1 3 2 -2 -2 0 0 -4 0 1 0 0 0 0 -2 0 0 0 0 0 0 0 0 4 -2 0 0 2 0 0 0 0 0 0 1 0 2 0 -1 -2 2 0 1 0 0 0 0 0 -4 2 -1 -5 4 0 1 0 0 0 -2 0 0 0 0 0 -2 0 -6 -3 0 1 0 -2 -1 1 2 -2 0 1 0 2 0 0 0 0 -4 0 -2 0 0 6 2 0 0 -2 0 0 0 2 0 0 0 0 0 1 0 2 0 0 0 0 -1 0 0 -2 0 -2 4 0 0 0 6 0 0 0 1 8 2 0 0 0 -1 4 0 2 -2 0 -2 4 0 0 0 0 1 0 0 0 0 0 0 0 0 0 0 0 -5 0 0 0 0 0 0 0 0 -4 1 0 0 0 2 0 2 2 -2 2 0 -1 0 0 2 2 3 1 0 0 -2 0 0 0 2 -4 0 0 2 0 0 0 -3 1 0 -2 0 2 0 0 -1 0 -2 0 -1 0 0 1 0 2 -4 0 -1 0 0 0 -4 2 -4 2 -2 0 0 0 0 0 0 0 0 0 0 0 -1 0
0 0 0 -2 0 2 0 0 0 -2 0 0 2 -1 0 -2 0 0 -4 0 0 0 0 -1 0 0 0 0 0 0 0 0 -2 0 2 2 2 0 0 0 0 0 1 -2 0 0 0 0 0 6 0 -2 0 0 0 0 0 1 0 0 0 -1 0 0 2 1 0 0 6 -1 0 37 0 1 0 0 0 0 0 0 0 0 0 4 0 4 0 0 0 0 0 0 0 0 -1 -3 3 0 0 0 0 0 -1 1 0 0 0 1 1 -2 0 0 -2 -2 8 -2 4 0 0 -3 0 0 0 -1 1 0 0 0 -2 0 0 0 0 0 -2 0 -3 2 0 4 0 1 1 3 -2 -2 0 0 0 0 1 -2 0 0 0 -4 0 0 0 0 0 0 1 2 0 -2 0 -1 0 0 -1 1 0 0 0 -2 0 -5 0 -3 2 1 1 0 0 -1 0 1 1 -2 0 0 0 0 0 0 -1 0 0 0 0 0 2 0 2 -4 1 0 0 0 0 -3 -2 0 1 0 0 4 0 -4 -4 -2 0 0 0 0 0 -2 -2 0 0 -1 -2 0 0 4 -3 0 0 0 -1 0 -3 0 2 -2 0 0 1 2 0 0 0 0 0 2 2 0 4 4 4 -1 0 0 0 1 0 0 1 0 -2 0 0 0 1 -4 0 0 3 0 2 -2 -1 0 0 0 0 0 5 -1 0 0 0 -2 -2 3 -2 0 -2 0 -4 -2 0 -3 -2 0 0 -2 0 3 0 2 0 0 3 -1 0 0 0 0 -4 0 0 1 1 0 0 0 -1 -1 0 2 0 0 0 0 -3 0 0 -2 0 0 0 0 1 0 0 0 0 0 0 1 1 0 -4 0 0 4 2 2 0 -5 2 -4 -2 2 0 0 0 0 -2 1 0 0 0 0 0 -1 0 0 0 -2 0 -4 6 0 0 0 -6 4 0 1 -1 -1 -2 1 -1 0 2 0 -2 0 0 0 0 0 -2 0 -1 0 0 0 -1 0 0 0 0 0 1 0 0 0 4 -2 1 -1 0 0 0 0 0 0 -4 -2 -1 0 -1 -2 0 0 0 2 0 -1 0 -6 4 0 0 -6 0 0 0 -4 0 -1 0 2 0 4
-2 1 1 0 0 -2 0 0 2 0 1 0 0 2 0 0 0 -4 0 0 0 0 -1 -1 2 0 0 1 0 0 0 0 1 0 2 0 0 0 0 0 0 0 0 0 0 -2 -2 2 0 0 1 0 0 2 -4 0 0 0 -1 1 1 1 -1 4 0 0 0 0 0 -1 0 0 28 0 1 -2 -2 -2 0 5 0 0 0 -2 0 0 4 2 1 -2 -4 0 6 0 0 1 0 1 2 0 4 0 0 1 -1 0 0 0 0 -1 0 -1 0 -1 0 0 -2 0 0 0 0 0 0 0 2 0 -1 0 2 0 0 2 0 0 0 0 0 0 0 0 -1 0 4 0 0 -1 1 0 6 0 0 1 0 2 0 -4 0 2 -2 1 -2 0 0 0 0 0 0 -4 0 0 -2 0 0 2 0 -4 1 0 0 0 0 0 -1 0 1 0 0 0 0 0 0 0 0 0 0 0 0 5 4 2 0 0 2 0 0 2 0 4 0 0 -1 0 -1 0 0 -1 2 -2 0 0 0 0 0 0 0 -1 1 0 0 0 0 0 0 0 0 -2 0 0 2 1 0 0 0 -2 0 0 -4 0 -1 -2 2 0 -1 0 0 0 0 0 3 0 0 0 0 0 0 0 0 1 6 0 0 0 2 0 -4 0 -1 0 2 0 0 6 0 0 0 0 0 -1 1 -2 0 -2 0 0 4 2 2 -1 1 6 -4 2 0 0 4 -1 1 0 2 1 -1 0 0 0 0 2 0 0 0 0 0 0 1 0 0 0 0 -4 -6 0 0 0 0 -2 0 -2 0 -2 0 0 1 4 -1 0 0 0 4 0 2 0 -2 0 -1 -1 0 0 4 0 1 0 -2 0 -2 0 0 2 1 0 -4 0 0 0 0 0 0 0 4 1 0 0 2 4 1 0 1 -1 4 1 4 0 0 0 0 -3 0 0 0 -2 -2 0 0 0 0 -5 0 0 -4 0 2 1 0 -4 -2 0 0 0 4 0 2 0 4 -3 0 0 2 0 2 0 0 0 0 0 0 2 2 -2 0 0 0 -2 0 0 0 1 0 -4 0 0 0 2 0 -2 0 0 0 2 0 2 -4 0
0 0 -3 0 1 0 0 -4 0 0 -2 0 0 1 2 -1 4 0 0 6 1 0 1 0 0 0 1 0 1 0 0 0 0 2 2 1 0 0 2 0 -2 0 0 2 -1 0 2 0 0 3 0 1 -1 0 0 0 -1 -1 -2 0 1 0 0 0 0 0 0 0 0 0 0 1 0 26 0 0 0 0 0 3 2 -2 0 0 1 2 -1 0 4 -2 0 0 3 0 0 0 0 0 2 0 -1 0 2 1 0 0 0 1 0 0 2 0 2 0 0 2 1 -5 0 0 0 0 -2 0 0 0 4 0 0 0 0 0 0 2 0 1 0 0 2 0 0 1 0 0 -1 0 0 2 3 2 0 2 0 1 -2 0 0 -1 0 0 0 0 0 0 -2 -2 -2 2 -2 1 0 -4 -4 0 0 0 0 1 0 -1 0 0 0 0 0 -5 0 0 -2 0 2 -1 2 -1 0 -4 0 0 0 -1 0 -1 4 0 2 -4 1 0 0 0 -1 0 -1 -1 0 2 0 1 0 -2 -1 0 0 4 1 0 4 -2 0 0 0 -1 0 0 0 0 1 0 0 0 0 0 -2 0 2 1 0 0 0 0 0 0 0 -5 -2 0 0 2 0 0 0 1 0 0 0 -2 0 0 0 0 0 2 0 0 -4 0 -4 0 0 0 -4 1 0 1 0 0 0 -2 -1 -1 4 0 0 0 0 -5 0 0 0 0 -4 0 -4 0 3 0 0 -4 4 2 0 2 0 1 -2 -1 -2 0 -1 0 2 0 0 1 -1 -1 0 3 0 0 -1 -4 0 0 6 2 4 0 2 0 1 0 0 0 0 0 0 -2 0 -1 0 1 2 -4 0 -1 -2 0 -1 0 2 0 0 0 1 2 0 5 -1 0 0 1 1 4 0 0 -3 -1 -4 -2 2 0 0 0 0 0 0 0 0 0 2 1 0 -1 0 0 -2 4 0 -3 -6 0 0 0 0 0 -1 1 -2 0 0 -2 1 0 0 0 0 -2 1 4 0 0 0 0 0 0 -1 0 1 0 2 0 0 0 0 0 0 0 4 0 3 1 0 0 -2 0 -4 0 -1 4 0 2 3 -4 -1 0 0 1 2 0
0 0 0 0 1 -1 2 4 0 2 0 2 0 3 -1 0 0 0 0 1 -2 0 0 0 2 0 -1 -1 -4 2 0 0 1 -2 0 2 0 6 -2 0 -1 0 2 0 5 1 0 1 0 0 0 0 1 2 0 -1 0 0 -2 -1 6 2 1 -2 2 -5 1 2 3 1 0 0 1 0 39 0 1 -1 1 0 2 0 -2 2 0 0 0 0 2 -2 4 4 0 0 3 1 1 6 1 -2 3 1 0 0 0 -2 0 2 2 0 -2 -1 0 -4 0 0 0 -2 1 0 2 0 0 2 0 0 0 0 0 0 0 0 0 3 0 -2 3 1 0 0 0 0 0 5 -1 0 3 0 0 0 0 1 0 1 0 0 0 0 2 0 3 1 0 2 2 0 -4 2 1 0 1 2 0 0 -2 0 0 0 -4 -3 0 1 -6 -1 -4 0 0 3 0 1 -1 1 3 2 0 0 0 -2 -2 0 -6 0 0 0 1 -4 -1 0 0 -1 1 0 -2 0 0 -2 1 0 -1 0 -1 -2 4 1 -2 -1 1 -4 0 0 0 0 0 0 0 -1 0 0 -2 0 0 0 2 1 0 1 1 0 0 0 1 -1 0 -4 1 0 -1 2 1 1 2 -4 4 0 0 4 0 2 0 -3 4 1 0 0 0 -2 0 0 0 1 0 -4 1 0 0 1 -2 0 1 -1 1 0 -1 0 0 -4 2 -2 1 2 -2 1 -1 -2 0 -2 -2 0 0 0 -2 0 1 1 2 0 0 -1 0 0 0 -4 4 1 -2 0 -2 0 -1 -1 2 0 0 0 -1 0 0 0 0 0 0 -2 2 3 -2 0 0 2 -4 -2 -2 2 0 0 3 0 -2 -1 0 0 0 0 -1 0 -3 0 1 0 0 2 -2 1 0 0 0 0 1 0 0 0 -1 0 1 4 0 2 2 0 -2 1 0 0 0 0 0 2 0 0 -2 0 0 4 0 0 1 4 0 0 4 -4 4 0 0 0 0 0 0 -1 2 0 -2 1 0 -4 2 0 0 3 -2 -4 0 3 -2 0 0 4 4 -2 2 0 -3 -1 3 -4 0 2 2 0 0 0 0 -1 -1 -1 -2 0 0 0 0 3
2 2 0 -2 0 0 0 0 1 -4 2 0 -2 -2 0 2 0 -1 0 0 0 0 0 -2 0 0 0 -1 -6 7 8 0 0 0 0 6 0 -2 2 0 0 3 0 -3 -2 0 0 0 0 0 -1 1 -1 0 0 0 2 0 2 0 0 -2 0 0 0 -2 4 0 0 2 -3 0 -2 0 0 36 0 0 0 -4 0 0 -2 -2 0 0 0 6 0 1 0 0 1 0 0 0 0 0 4 0 -2 0 0 4 0 0 0 0 0 2 4 0 0 -2 0 1 -2 0 0 0 0 -2 -5 0 0 0 0 0 0 0 0 0 -1 0 1 -2 1 0 -1 0 2 -1 0 0 0 -2 0 0 0 0 0 1 -2 -1 1 -1 2 0 -4 0 0 0 0 0 0 0 0 0 -2 0 0 0 0 0 1 0 1 0 0 1 -2 -1 0 0 0 0 -1 0 0 -1 2 -2 0 0 0 0 5 0 0 6 2 0 -1 0 0 0 1 0 0 0 -1 0 -4 0 0 0 -5 0 0 0 0 0 3 0 -2 0 6 0 -3 0 0 0 0 1 0 -2 0 0 0 0 -4 0 -1 -2 0 -5 3 0 0 -2 0 0 1 0 0 -2 -2 2 6 4 0 0 0 0 0 0 0 0 0 0 0 0 -2 0 -3 0 0 0 -1 1 0 -2 0 2 -3 -1 2 0 -7 1 -1 4 0 0 0 -3 0 0 -3 1 0 0 0 1 5 0 0 0 2 0 0 -4 -2 0 0 0 0 -2 0 -4 0 0 0 -1 0 0 0 -6 0 2 -2 5 -1 1 4 1 0 0 0 0 2 0 -4 4 0 0 0 0 0 1 4 0 0 2 0 2 0 0 -2 -1 -2 0 -1 0 1 0 0 0 0 0 0 0 -4 0 0 0 4 0 0 0 0 -2 -2 7 0 4 0 0 0 -2 0 0 0 -2 0 0 -5 0 -1 -2 -2 0 -1 2 0 1 0 -1 0 -2 0 0 0 -3 0 0 0 -1 0 0 0 2 0 0 0 0 0 0 -2 0 0 0 2 1 0 0 -2 0 0 -7 0 0 4 0 0 0 -4 0 0 2 -1 0 0 1 2 0 0 0 -1 2
2 -2 -1 0 0 -3 0 1 0 0 -1 0 0 -1 1 0 -1 0 -1 -3 1 0 0 0 0 -1 1 0 -4 0 0 0 2 0 -2 -3 0 -4 0 0 0 2 0 0 0 0 3 0 0 0 -5 0 -1 -2 2 0 0 -1 0 0 1 0 -2 3 0 0 0 0 0 0 2 0 -2 0 1 0 30 -1 0 -2 -2 -1 0 4 -1 2 0 -1 0 0 0 0 3 0 -2 -3 0 0 -1 0 0 1 0 2 0 4 2 2 -1 0 0 -1 5 0 1 1 -1 -3 0 4 0 0 -2 0 0 0 0 2 2 -1 1 6 0 1 0 0 -5 0 0 4 2 0 -2 -2 0 0 0 0 0 3 -2 -2 0 -2 -2 4 1 0 0 0 2 0 0 0 0 0 0 0 -4 0 0 -1 1 -1 0 1 0 -3 1 0 0 -5 -3 -1 0 0 0 -1 1 0 0 0 0 0 0 0 0 0 0 0 0 0 2 0 4 0 0 0 1 0 0 0 0 -1 0 0 1 0 0 0 0 0 0 0 -5 7 0 0 0 0 -2 0 0 0 2 2 0 0 1 0 -1 0 0 0 4 2 -1 0 -1 0 -3 0 0 -6 1 -2 -2 0 -5 0 0 0 1 0 0 0 -2 2 -2 -1 2 -2 -2 0 2 0 0 0 0 4 1 2 1 0 0 3 -4 0 2 1 -1 -2 1 2 0 3 2 3 0 -2 -1 0 0 0 0 -6 -1 0 0 0 0 2 0 0 -1 0 0 6 0 1 0 1 0 1 0 0 0 0 1 0 0 0 0 0 4 0 0 0 2 0 0 0 2 -2 0 -2 0 2 -2 2 0 -3 2 0 0 -2 0 2 0 2 2 0 -2 0 0 0 2 0 1 2 2 0 0 0 0 0 -3 0 2 5 4 -2 0 -1 0 0 -2 -4 0 1 -1 -2 7 0 -2 4 0 0 0 0 1 0 0 2 -2 0 2 0 0 0 0 1 1 0 -1 -2 0 0 -2 2 0 0 0 0 0 5 2 0 4 -4 0 1 0 0 0 1 2 -5 0 0 0 -2 1 0 2 0 0 0 2 0 2 1 -1 -2 -2 -2 0 0 1 -3
0 0 0 0 1 1 0 0 0 0 -1 2 0 0 -1 -2 0 0 2 0 0 0 -1 0 -2 -2 -4 0 -3 0 0 2 2 0 -4 -1 0 2 0 -1 0 0 0 3 4 0 0 3 -1 0 3 0 -3 2 0 -4 -1 -1 1 -2 -4 -2 2 0 0 1 3 0 0 -2 0 0 -2 0 -1 0 -1 35 0 0 1 -2 0 0 -2 -2 0 0 0 0 -1 2 0 0 -2 0 0 1 0 0 2 -1 0 0 0 4 -1 0 0 0 0 0 -1 -1 0 -4 0 -4 0 -2 0 -2 0 -1 0 -1 6 -5 0 0 0 0 0 0 0 2 0 0 0 0 0 1 -4 0 0 -2 0 0 -2 0 2 0 2 0 2 -1 0 0 1 0 0 4 0 0 2 0 -1 1 0 0 0 -4 -2 -2 -2 1 1 0 -1 0 2 0 4 0 1 2 5 0 0 -1 0 0 2 0 0 0 0 -2 0 3 4 6 0 0 0 0 2 -4 0 0 0 -4 0 0 -2 0 -2 -1 0 2 0 0 0 0 2 0 0 -4 0 0 1 0 2 -1 0 2 0 0 0 0 0 1 0 0 0 -1 5 -2 4 2 -2 0 2 0 0 0 0 0 -4 -2 1 0 0 -2 1 2 1 -2 -1 1 0 0 0 0 0 0 0 0 0 0 4 0 0 3 0 -1 1 0 0 0 5 2 1 0 2 0 0 0 -3 2 4 1 1 0 0 0 -4 0 1 0 0 -1 -4 5 0 0 0 1 1 4 0 2 0 -1 5 0 0 0 0 0 0 0 -3 0 2 0 0 0 0 0 -2 0 0 0 0 0 0 2 -1 2 0 0 4 0 2 0 2 0 0 0 0 2 1 4 0 0 4 0 0 -1 0 0 2 0 2 -5 0 0 0 6 1 0 0 -2 -4 2 -2 0 -2 -5 2 2 4 4 0 0 6 0 0 0 0 0 0 -3 -4 0 -2 0 0 0 4 0 0 -1 2 0 -2 0 1 0 -4 -2 -2 -1 0 0 -2 -1 0 0 0 -1 0 0 -2 0 -3 -1 0 0 2 6 -1 1 0 -2 1 0 0 2 -2 0 1 -2 2 0 0 -2 0 1
4 0 4 1 0 4 0 1 0 0 0 0 0 0 0 0 4 0 6 0 0 2 -2 -2 4 -2 0 0 0 -2 0 2 0 0 0 0 0 -4 0 0 -1 -1 0 0 1 -2 0 5 -1 0 -2 0 0 0 2 0 0 0 0 0 -4 0 -2 2 0 0 0 0 0 0 0 0 0 0 1 0 0 0 34 0 0 -4 0 -2 0 0 0 2 2 0 -4 0 2 0 0 2 0 0 1 0 0 0 0 -2 -2 0 0 5 -2 1 0 0 0 -2 0 0 0 0 -2 0 2 -2 2 0 0 0 3 2 4 -1 0 0 -1 0 0 0 0 2 -1 0 0 0 0 -2 -2 0 0 0 -1 -2 2 3 2 0 0 -2 -3 -4 2 0 0 0 0 2 0 0 0 2 0 0 0 2 2 2 0 0 0 -2 -1 -1 -1 0 0 0 -2 0 -2 0 0 0 0 -4 0 0 2 0 2 4 3 0 0 0 -1 0 2 0 0 -4 -1 0 0 1 -4 0 0 -1 0 -2 0 4 1 2 0 0 -2 0 0 -2 0 -2 0 0 0 1 0 -2 2 0 0 -2 0 0 -2 0 -1 0 0 0 0 0 0 0 2 2 0 2 0 0 0 1 0 0 0 -2 0 0 1 2 0 3 0 0 0 0 0 0 2 2 2 2 0 1 0 0 2 2 0 -2 0 0 0 2 0 0 2 0 -4 0 -1 0 0 -3 4 2 0 0 -4 0 4 2 1 0 0 1 0 0 0 0 0 0 -2 0 -1 0 -2 -2 -1 4 0 -3 0 -2 0 0 3 0 -2 -4 0 0 0 0 -2 0 0 0 0 0 2 0 0 0 0 -2 0 2 0 8 0 0 0 2 3 0 0 0 -2 0 0 -2 0 4 -4 0 1 -1 -4 0 0 -2 0 0 -2 2 2 -1 -2 -2 -2 -1 0 0 0 3 0 -3 0 0 0 0 -2 0 0 2 0 1 0 0 0 0 0 0 0 0 0 0 -1 0 1 -4 4 1 0 0 3 0 0 0 0 0 0 0 0 0 4 4 2 0 6 0 0 0 0 -1 0 -2 0 0 0 -4 1 0 2 0 2 0 0 4 -4 0
2 0 0 0 0 2 3 -2 0 0 1 -4 2 -2 0 2 -2 1 0 3 0 -1 -4 0 0 -2 0 2 0 0 0 0 -1 -4 2 0 0 0 0 0 -1 0 0 2 -1 0 -4 4 0 1 -2 -1 -1 0 2 0 0 0 0 0 0 1 -2 -2 2 0 0 2 0 -2 4 0 5 3 0 -4 -2 0 0 39 0 0 0 -1 -2 -3 0 2 3 0 3 -1 2 0 -2 0 0 0 -4 0 0 4 -2 -5 0 0 0 0 -8 0 0 -2 0 0 -2 0 2 0 0 2 -4 1 0 0 3 0 0 0 5 2 0 2 0 0 0 2 0 0 0 0 0 0 5 0 0 -1 -1 2 0 1 0 1 0 0 0 0 2 1 -2 0 -2 0 0 0 1 0 -4 3 -5 -1 -2 -2 -4 2 1 0 3 0 2 -2 0 0 0 0 0 -3 0 0 -2 4 1 -3 5 0 0 0 -2 2 4 0 2 -1 8 2 2 3 0 0 0 4 -1 0 0 -1 2 3 3 -2 0 0 -1 0 2 0 2 2 -4 -1 -2 0 0 -2 1 -4 -2 0 0 0 2 0 0 2 1 0 3 5 -4 -1 0 0 -4 1 2 0 0 0 0 2 2 1 0 0 0 0 -2 0 0 2 4 0 -2 1 2 0 -4 1 -2 4 0 0 -2 0 1 0 1 1 -3 -2 -1 -2 4 0 1 0 0 -4 0 -1 0 6 0 -2 0 1 1 -1 0 -3 -2 1 0 6 -2 0 4 -2 0 -1 0 0 -2 0 0 -1 2 0 0 1 0 2 -1 -1 0 0 -4 4 0 0 2 0 0 0 0 0 0 0 0 -2 0 0 2 0 0 0 0 2 0 -2 0 2 -1 0 0 0 0 0 0 3 2 0 1 0 1 5 0 0 -6 0 0 1 2 4 0 0 1 -3 -1 0 0 0 0 0 3 2 0 2 -2 0 1 0 2 0 0 -6 -2 -4 0 0 0 0 -2 0 -2 0 0 0 0 1 0 3 0 -2 1 0 5 2 0 0 1 0 0 0 0 1 0 -2 0 2 1 0 0 0 0 2 0 0 -3 1 0 2 0 0 0 -1 0 2 0 3 4 0
0 0 -1 0 0 -6 -2 0 1 0 0 4 0 -2 -4 0 4 1 2 4 0 2 0 -1 1 1 0 0 0 0 0 0 0 1 0 0 1 -2 4 0 -2 1 0 0 -2 0 2 0 0 0 -2 -2 -4 6 -4 2 0 -1 0 0 0 0 4 -1 0 0 -4 0 4 0 0 0 0 2 2 0 -2 1 0 0 33 0 2 0 2 -2 2 0 -1 1 -4 1 -4 0 0 -2 -4 5 -4 0 0 0 0 0 1 -2 0 0 0 0 -2 -2 0 0 1 0 0 -2 0 0 0 1 0 0 1 0 -2 1 0 0 0 0 1 -2 -4 0 4 1 2 -4 -4 0 -4 8 0 0 0 2 0 0 0 0 0 0 0 0 0 2 5 0 0 -2 -2 -2 1 0 -2 0 0 5 2 1 -5 2 -2 0 2 1 -1 0 -1 -1 0 0 -2 0 1 -4 -4 0 -2 0 0 2 -1 -2 0 -4 4 0 -2 0 0 -3 2 0 -4 -1 2 0 -1 1 2 0 0 1 0 0 -6 -2 -6 0 1 0 -4 -2 1 0 -4 0 0 -4 0 -2 0 0 0 0 -1 0 -1 1 -4 0 2 0 0 0 4 -2 0 0 0 -7 -2 0 0 0 3 0 2 0 0 4 0 0 0 4 -1 0 0 0 0 -4 -1 2 2 0 0 0 0 0 2 1 0 0 0 0 -1 -1 1 0 0 0 -6 0 -4 0 -1 0 0 4 0 -3 -1 2 0 0 0 2 2 0 0 0 0 0 1 0 0 -2 -1 0 -2 3 -4 0 2 0 0 -2 0 2 0 0 2 1 0 0 0 0 0 0 2 0 -2 0 -2 0 4 0 0 0 2 0 0 0 1 0 0 0 1 0 2 0 2 1 1 0 0 0 0 1 0 -1 0 -2 -2 0 -1 1 1 -2 -3 -2 0 4 0 0 1 0 0 -1 1 -3 -1 1 0 0 0 -1 0 0 0 1 0 -4 0 0 1 0 0 0 -5 0 1 -2 -2 0 1 0 0 1 0 0 0 -2 -2 2 0 0 -2 0 4 2 0 0 0 2 0 0 4 0 0 2 0 -4 0 2 2 0 0 0 2 0 0 0 2 0 0 6
-8 0 0 -2 0 6 0 0 0 0 2 -3 0 5 -4 -1 0 -6 -1 2 -3 0 1 2 0 0 -3 -2 1 2 0 2 0 -1 0 0 0 0 0 -3 0 0 0 0 -3 3 0 2 0 -4 4 -2 1 2 0 0 6 0 0 0 0 0 -2 -7 0 0 0 0 0 0 0 0 0 -2 0 0 -1 -2 -4 0 0 46 -4 0 3 -2 0 -4 1 2 1 4 1 -3 4 0 -6 0 -1 0 0 0 0 0 -1 0 -1 4 0 0 0 0 0 0 -2 6 0 1 0 -1 0 3 -2 0 -1 0 0 -2 0 0 -4 0 0 -1 -2 2 0 2 0 0 -2 0 0 2 0 2 0 2 -2 0 2 0 -2 0 1 2 3 0 2 -4 2 -2 0 0 1 0 0 0 2 -1 -4 0 -1 -4 0 0 0 -6 0 0 -5 0 0 0 -1 0 2 0 -1 2 0 -2 0 0 3 2 0 0 0 -1 -2 0 0 -2 -4 -2 0 0 -4 0 -4 0 -4 -4 0 0 0 2 2 -1 0 2 0 4 -1 1 -4 2 0 2 0 0 6 0 -2 -2 0 -2 -2 0 0 0 0 0 -3 -4 -2 0 1 0 0 0 0 -2 2 -5 0 -4 0 1 -2 0 -1 0 3 2 0 1 0 -2 -1 0 -1 -3 0 0 0 -1 0 -4 -2 0 1 -1 2 0 -4 0 0 0 2 -1 0 0 -4 0 0 0 0 0 -1 0 -4 4 1 0 2 0 0 0 0 0 0 -2 0 0 1 0 0 0 0 1 0 0 0 2 -6 -4 0 0 0 8 2 5 0 0 3 0 0 0 2 0 0 0 0 0 1 0 4 0 -4 0 0 0 0 0 0 0 0 0 0 -2 0 2 0 2 0 0 0 0 0 -2 -2 -2 -1 0 1 0 0 -4 0 0 5 -2 2 0 -1 0 -4 0 -4 0 -4 -2 2 -3 5 -6 0 0 -1 -4 0 0 0 0 0 0 0 0 0 -1 0 -2 0 0 0 0 1 0 -2 1 0 0 0 -2 0 -5 0 -2 1 -2 0 0 0 -2 -8 1 0 0 -2 0 0 -4 0 1 0 0 -2 0 2 0 0 0 0 0 2 -2 0 0
0 0 4 0 0 -4 0 0 2 1 0 -1 -2 -4 -2 0 0 2 -2 -6 0 0 0 0 -2 0 0 0 0 0 -2 0 1 -1 -1 0 1 0 0 0 0 0 0 0 0 1 0 -2 0 -8 -4 -2 0 0 0 0 0 0 4 0 0 0 0 3 0 0 0 4 0 0 0 0 0 0 -2 -2 0 0 0 0 2 -4 39 0 2 0 0 0 0 0 0 -5 0 -2 -1 0 -2 0 0 0 0 2 4 0 0 5 0 2 0 0 0 0 0 0 0 0 1 0 1 0 0 -4 0 0 2 0 0 -6 0 -2 0 0 4 2 0 4 0 0 0 2 0 0 0 0 0 4 4 0 0 0 0 -2 0 0 2 0 0 0 -2 -4 0 6 0 -2 0 -2 0 -4 0 2 4 -1 -2 6 0 0 0 2 0 -2 0 -4 6 0 1 0 2 0 -1 -2 -1 0 0 0 2 0 -2 -4 2 0 -4 0 0 4 0 0 1 0 0 0 0 3 4 0 -2 0 0 0 0 0 0 1 -2 0 0 0 0 0 0 0 4 2 0 -2 0 0 -1 -4 2 0 2 4 -2 0 0 -2 -3 0 0 -1 1 0 0 -2 -2 0 2 -5 0 2 4 0 -2 -4 2 0 0 0 0 4 0 0 0 0 -2 0 0 0 0 0 0 -1 -4 0 0 0 0 2 0 0 2 2 4 2 -2 0 0 0 -2 -5 0 3 2 0 0 0 0 -4 -4 2 0 6 -4 0 0 1 0 0 1 2 6 0 0 4 -2 0 4 0 0 4 0 0 0 2 -2 0 0 2 0 0 0 -4 0 0 2 2 0 -2 4 4 0 0 0 0 -2 0 -1 0 2 0 0 0 -1 0 -2 -2 2 0 -6 0 0 2 -2 0 1 -2 0 0 2 0 0 0 -4 0 0 2 0 0 0 1 -2 0 2 0 0 2 0 1 0 0 0 0 0 0 0 -2 0 0 -4 0 -2 0 -2 0 0 0 0 0 2 0 0 0 0 0 0 0 0 0 -6 0 0 0 0 0 0 -6 0 0 2 0 -2 0 0 -2 0 0 -2 0 0 0 0 0 0 -2 -4 0 0 0 -1 -1
3 -2 -2 -2 0 0 -3 3 0 2 -1 4 1 0 0 4 0 0 2 -1 -4 0 2 2 -5 0 0 0 -4 -4 2 2 1 2 0 -2 0 0 -1 0 0 0 0 -2 3 0 0 -2 2 2 0 -4 1 0 -2 0 0 0 2 -1 0 0 0 -4 1 0 0 2 -1 2 -1 4 -2 0 2 -2 4 0 -2 -1 0 0 0 43 0 0 -1 0 0 -1 0 0 -2 1 0 -4 0 4 -3 0 -2 2 0 3 0 0 -4 0 0 2 -2 0 2 0 0 0 0 0 0 4 4 4 0 -4 0 2 1 0 -6 0 2 -4 -1 -2 0 0 0 0 -1 8 0 0 2 -4 -1 0 2 0 0 1 5 -3 0 0 -1 6 -2 0 0 -1 0 0 -2 -1 0 0 0 -2 0 2 0 0 0 0 -3 1 4 0 -3 -7 -4 0 0 0 4 1 0 0 0 0 0 -1 2 1 2 0 0 0 2 0 0 0 -2 2 0 0 0 -1 -2 -1 4 2 0 1 0 3 0 -1 2 2 -2 0 0 2 -4 1 -6 0 -2 -4 2 1 0 -4 0 7 1 0 0 0 -1 -2 0 -4 0 -2 0 3 2 0 0 2 4 0 0 0 0 0 0 0 -1 0 0 -3 1 -1 0 -2 0 2 -2 1 1 -1 0 -2 0 0 -6 1 -1 1 0 0 0 2 -4 2 3 -2 4 2 0 0 0 -2 2 2 -2 -2 2 2 0 -5 0 0 0 0 -4 -3 2 2 0 0 0 0 -2 1 0 -2 2 2 0 0 -4 0 0 0 2 0 -2 0 0 -3 0 0 0 6 -4 0 -2 0 3 0 0 -2 2 0 2 0 -1 0 0 -2 0 0 0 1 -4 0 0 -4 -4 -1 0 -2 2 0 -2 -6 -1 0 -1 0 4 0 2 0 -2 -2 0 -2 0 4 0 0 1 -5 -2 4 -1 0 2 0 0 0 2 7 0 -2 0 0 0 0 0 0 0 0 0 2 0 -4 -4 0 0 0 0 0 -1 0 -4 0 0 0 0 0 0 -2 0 0 -2 2 2 0 -4 0 -1 0 1 0 0 0 -4 4 0 0 0 -4 1 -1 0 0 0 -2 0 1 -2 -3 2 0
0 2 2 0 0 -2 0 0 2 1 0 2 0 2 0 1 1 -2 0 2 0 2 0 2 0 0 0 0 0 -3 0 2 -2 0 2 0 0 0 0 -2 0 4 0 -4 0 0 -2 0 2 -1 0 4 -1 2 -2 0 0 0 0 0 0 -4 2 -5 0 0 -1 0 -2 0 -1 0 0 1 0 0 -1 -2 0 -2 2 3 2 0 35 1 0 2 0 -4 0 -1 -1 2 3 1 0 0 -1 0 -2 2 -1 0 0 -2 0 0 2 0 0 1 0 -4 1 2 0 -5 0 2 0 1 -1 0 0 0 -2 1 4 -3 0 4 1 0 -4 0 0 0 0 0 0 0 0 1 -2 4 0 -4 0 0 0 2 0 0 -4 -2 1 0 0 -2 0 2 0 -1 -1 6 2 -1 0 0 0 1 -1 0 2 0 0 0 -1 1 0 0 1 0 -1 0 0 0 -5 -1 -2 1 0 0 1 1 -2 -2 -4 0 -1 0 4 1 -2 2 0 -2 -2 0 2 -2 -4 0 0 -1 2 2 4 0 -3 1 -1 1 0 -5 0 0 0 4 0 -1 0 -6 -4 0 0 0 0 0 0 2 0 0 0 0 1 0 1 0 6 0 -4 0 0 0 -5 4 -1 0 0 1 -1 0 -1 1 1 0 2 -2 -1 0 0 0 0 0 0 2 0 -4 2 0 0 2 1 0 2 0 0 3 0 1 0 0 0 0 -6 1 0 0 1 1 -4 2 1 0 3 0 1 0 0 0 2 0 2 0 0 0 0 2 0 0 0 0 0 0 4 -4 0 0 0 0 1 0 0 0 1 0 -1 4 -1 0 0 2 -1 4 0 -1 3 -1 -2 -2 -4 0 0 2 2 0 0 0 2 -1 2 1 -2 -1 -2 2 0 -2 3 2 0 0 0 2 0 -6 0 -2 0 0 0 -7 -2 0 0 0 -2 0 0 1 -2 0 0 0 -1 1 -4 0 0 0 -2 0 0 -1 -2 0 0 0 0 -1 0 -4 0 -1 0 2 0 0 -2 0 2 0 0 -1 -2 1 -3 0 2 0 0 1 2 0 0 3 4 1 -4 0 0 -1 0 0 0 -4 1 -2 1 0 1 0 0 2 0 0 -1 2
1 0 0 0 0 -2 0 0 0 -2 0 0 0 0 0 0 -1 0 0 -6 -2 -4 0 3 0 0 -1 2 2 0 0 0 -4 0 -4 0 0 0 -4 0 0 -1 -4 -2 3 0 0 0 0 4 1 0 0 0 -1 1 0 -5 0 0 -1 -3 1 -2 0 -1 0 1 4 -1 1 4 0 2 0 0 2 -2 0 -3 -2 -2 0 0 1 64 0 0 6 -1 1 -1 0 2 1 -2 0 0 3 -2 -1 1 4 0 -1 -11 0 -3 -1 -6 8 5 4 4 1 -2 -1 0 0 0 -3 -2 1 0 1 -1 3 -4 -1 -1 1 1 -2 0 0 -1 -3 -4 0 1 10 0 0 0 0 -2 0 -2 -1 -2 0 -1 0 1 0 -2 -4 2 2 0 0 2 0 -2 -1 0 0 0 -1 -3 0 -3 -2 0 -2 0 0 -1 4 1 0 -1 0 -2 -2 2 -2 0 -5 -2 -3 0 0 4 0 0 0 0 0 0 -1 2 -3 0 5 -2 10 0 0 -1 0 -1 0 2 0 2 0 -1 0 0 0 -2 -2 3 0 -2 2 0 0 0 7 0 -2 4 -3 -2 6 0 0 0 0 0 1 0 3 3 0 0 -4 1 -1 0 0 0 2 0 1 1 4 0 -4 -1 0 0 1 0 2 -1 0 -2 0 0 0 -1 2 0 0 0 0 0 0 4 1 2 2 2 4 -1 6 0 4 0 2 3 -2 0 1 0 -3 -2 -4 0 0 4 0 0 2 1 -2 0 -1 2 0 0 2 2 1 0 -3 1 2 -1 1 -2 1 -1 0 0 0 0 0 1 0 0 4 0 0 1 6 -2 1 -2 0 0 1 -3 -1 3 0 0 3 -1 4 -2 -4 2 0 5 0 -5 0 0 4 0 0 -1 0 1 -8 -5 0 0 2 0 0 6 -1 0 0 -2 4 3 4 0 8 0 -4 0 -3 -6 0 0 1 -2 -1 2 0 2 -10 -3 -2 2 1 0 2 0 -2 1 -2 -2 0 0 0 -2 -2 0 -3 -1 -2 -3 0 0 0 2 0 1 0 -1 2 0 -1 -1 0 -4 0 1 0 -2 0 -1 -2 -2 0 3 -1 -6 0 1 1 2 3 3 2 -2 0 0 -2 4 -2 0
3 0 0 0 0 0 0 0 0 0 0 2 0 0 0 1 0 0 -4 0 -2 0 0 -4 0 -4 -1 0 -1 2 0 0 0 0 0 0 -4 -1 0 -2 2 0 0 -2 1 0 0 4 0 0 -1 0 0 0 -4 4 -2 0 5 -1 0 0 0 0 0 -2 0 0 1 -2 2 0 4 -1 0 0 0 0 0 0 2 0 0 -1 0 0 39 0 0 2 0 3 4 0 0 0 0 2 0 2 1 -2 0 0 0 -1 0 0 0 0 0 2 4 0 0 0 -1 0 0 0 0 4 0 2 0 0 -1 0 -2 7 2 -2 0 0 2 -2 -2 0 -1 -2 0 0 1 -2 1 -1 0 0 2 0 -2 0 0 0 0 0 3 -4 2 2 0 0 -4 1 -1 0 2 -3 2 0 0 -2 -2 6 2 -3 2 0 -2 0 0 -1 0 0 0 0 -4 0 2 4 0 0 -1 0 0 0 0 1 0 2 0 0 2 0 0 0 0 4 4 0 0 -1 0 2 0 0 0 2 0 -4 1 0 0 0 -3 0 1 0 0 0 0 0 0 0 1 -4 0 2 0 0 2 0 1 0 0 0 0 -1 0 -4 0 0 1 4 0 0 0 0 -1 0 5 0 2 0 1 2 0 0 0 -9 1 0 1 0 0 0 0 0 -2 0 2 0 4 4 0 0 1 0 0 -4 -2 1 6 1 0 0 0 0 0 0 0 0 0 0 0 0 0 0 0 -1 0 -3 0 0 2 6 0 -2 -1 0 -2 0 0 0 0 -4 0 0 0 0 0 2 0 0 0 -4 0 2 0 0 0 0 0 4 0 0 0 0 0 1 -1 0 -1 0 -4 0 1 0 -1 -2 1 0 0 2 0 1 -3 0 4 -2 0 0 0 0 0 -2 0 0 0 2 2 2 -2 0 0 -4 0 0 0 -2 -2 0 0 0 0 0 -1 -2 0 1 2 0 0 0 0 -2 0 -2 4 0 0 0 0 0 0 0 0 0 0 0 0 -4 0 -1 0 0 2 0 -4 0 0 0 4 0 0 -4 0 0 0 0 -2 0 0 0 1 -4 0 8 0 0 0 2 0 0 0 0 0 0 -4 0
-1 0 -1 3 4 -2 -1 0 -7 0 -1 3 1 2 0 0 0 8 0 -2 0 0 0 1 -2 0 0 0 -2 -5 1 0 -1 0 -1 3 -2 1 0 1 -2 7 0 -4 0 0 -3 2 0 3 -2 5 0 0 2 -1 0 1 4 0 2 -2 0 6 -2 0 2 0 1 0 2 0 2 0 0 6 -1 0 2 2 0 -4 0 0 2 0 0 46 0 0 1 0 0 0 0 0 0 2 1 0 0 0 0 0 -1 2 0 0 0 1 -3 0 -1 -3 -2 0 -3 -5 0 -2 -2 0 -4 0 0 0 0 0 0 -2 0 5 0 0 1 0 0 -4 0 1 2 -4 6 -2 4 2 0 0 0 -2 0 -1 0 0 0 0 -1 4 0 0 -3 0 1 1 1 0 0 1 -4 1 3 3 -1 4 0 0 2 0 2 0 0 -2 -1 0 0 0 -4 -1 0 2 0 0 0 -2 2 0 1 0 5 3 -2 -2 -2 0 1 2 1 -4 0 -1 0 0 -2 -1 4 0 0 0 0 0 -3 3 2 0 -1 4 1 -6 -2 2 -1 1 0 0 -6 4 1 2 3 0 0 0 -4 -2 0 0 6 0 0 2 1 0 0 0 0 -2 -3 0 3 4 0 1 -5 4 0 0 0 1 2 0 0 -2 2 0 -3 1 0 -4 0 -2 2 4 1 0 4 0 3 0 4 -1 0 0 0 -2 0 0 -2 -1 -1 2 0 0 1 6 4 0 0 0 -1 0 4 0 0 1 -2 0 2 0 0 -3 0 -2 1 0 0 2 0 0 1 3 0 2 0 -1 1 0 -6 -2 -1 0 0 0 0 1 0 4 -2 0 0 -2 0 0 0 -3 4 1 0 0 0 0 0 6 -1 0 4 2 0 0 0 -2 -2 -2 0 -5 0 4 0 1 4 4 0 2 0 1 1 0 3 0 0 0 -4 -2 0 0 0 2 0 2 -1 2 0 0 -1 -8 0 4 1 0 -2 4 0 2 -1 -4 -1 0 0 -1 1 1 0 2 0 4 -3 -1 0 1 -2 2 -1 0 2 0 0 -1 0 0 0 -4 2 0 -2 4 2 0 -4 0 0 2 -2 -4 -2 1 4 2 0 -1 2 0
0 0 1 -4 2 0 1 0 1 0 1 2 0 0 -1 0 0 0 0 5 0 0 2 0 0 2 0 3 -2 0 0 0 0 0 2 0 2 -4 0 -2 1 -2 0 0 0 0 0 -1 0 0 0 -2 -1 0 0 -2 2 -2 -1 0 0 4 -2 0 2 0 0 3 0 0 0 0 1 4 2 0 0 0 2 3 -1 1 0 0 0 6 0 0 34 0 3 0 7 -2 4 0 4 0 4 0 0 1 -4 0 1 -4 -2 0 2 2 2 4 0 -2 -4 1 0 0 0 4 -2 0 0 0 2 0 6 2 2 2 0 2 0 0 0 0 0 0 -2 0 0 0 0 -4 0 -2 -1 0 0 0 1 1 1 2 0 -4 -2 5 -1 2 0 -6 0 4 -2 0 0 0 0 1 0 -4 -2 0 3 0 1 0 0 0 1 0 0 0 0 0 0 0 0 -1 0 0 1 3 2 2 0 0 -2 1 -4 0 1 1 1 3 0 0 0 0 0 -1 0 0 0 0 1 -2 -2 2 0 -4 -1 0 1 -2 2 -4 0 -2 0 0 2 2 1 0 2 0 0 2 0 2 0 -2 0 0 -2 -2 -4 0 0 -2 0 0 0 0 1 0 0 -1 -2 0 2 0 4 0 0 2 0 1 2 0 0 0 0 0 3 0 0 0 2 -3 0 2 0 0 -4 0 0 -1 -1 3 0 0 0 0 0 0 -1 2 1 -1 2 0 0 0 -1 -1 0 0 0 0 0 0 0 0 0 -2 -1 0 2 0 2 1 0 0 -2 1 0 0 0 -3 -2 4 6 0 0 0 0 1 0 0 0 0 0 0 3 -1 0 0 4 0 4 -3 -4 -1 -1 -2 0 0 -2 0 0 0 2 0 -2 0 -7 -2 0 -1 0 0 0 -2 0 0 0 0 -2 1 0 0 5 0 -1 0 1 -2 0 0 2 -1 1 2 -1 4 0 -3 -6 0 0 0 0 0 0 0 2 0 0 -1 1 1 -2 0 0 0 -2 2 0 0 0 2 2 0 2 4 0 0 4 6 0 0 0 0 -7 0 0 0 1 0 0 0 -2 -1 0 0 0 0 3 0 -1 1 0 0 0 4 0 0
2 -1 0 0 0 1 0 0 0 -4 0 0 0 2 0 2 -1 -2 -3 1 0 1 0 5 4 0 -2 0 0 0 0 0 2 -6 0 0 -2 0 0 0 0 1 0 1 2 -2 -3 0 0 0 0 0 2 -2 0 0 1 0 -2 4 0 0 0 0 2 -4 0 -1 0 -2 0 0 -2 -2 -2 1 0 0 0 0 1 2 0 -1 -4 -1 2 0 0 41 0 0 1 -1 0 -2 -2 0 -2 -2 1 0 -2 -1 -2 0 0 4 -1 -4 4 2 0 0 2 0 2 1 0 0 -2 7 -1 -2 1 0 1 0 1 2 4 0 1 0 1 0 0 1 -1 0 3 0 0 4 0 4 0 2 -5 0 0 0 0 -4 4 0 2 -2 3 -2 2 0 2 -1 0 0 0 0 0 0 4 -2 0 0 0 0 5 0 -1 0 -2 0 0 0 6 0 0 0 0 -1 3 0 0 0 -2 0 2 0 -2 2 4 0 -2 0 -2 -1 1 0 0 1 -1 0 4 0 0 0 0 0 4 0 0 0 0 2 2 0 -4 0 -2 0 0 0 4 0 0 2 -2 0 0 0 0 0 0 0 -2 0 0 0 0 4 -2 0 0 -1 -1 0 1 -4 1 0 0 -4 0 1 0 -6 0 0 -4 0 0 0 -2 0 0 0 0 2 0 1 0 0 0 0 0 0 0 0 -1 0 3 0 -1 2 -2 5 0 6 0 -1 0 0 0 -2 0 0 0 0 0 0 4 2 1 2 1 2 -2 1 1 0 0 4 -7 0 -2 0 -4 0 1 2 0 0 0 -7 0 0 2 -1 0 0 0 -2 -1 0 2 0 -5 0 4 1 -2 2 2 0 2 -3 0 1 -2 -5 0 0 0 0 0 -3 2 0 1 -1 3 2 -2 -4 0 0 0 -2 0 2 0 -2 3 -3 -4 0 -4 0 0 -2 0 0 -4 1 0 -2 4 0 0 1 -2 -4 0 0 0 0 0 -4 3 0 0 0 0 0 0 -2 -2 0 0 -1 -8 2 0 0 4 0 3 -3 1 0 0 0 0 0 0 -7 -4 -8 -4 0 -1 0 0 0 2 0 0 0 2 0 -1 0 -1 0 0 0 2 -1 0 0
0 0 0 1 0 2 -2 4 -4 0 0 -1 0 0 0 0 0 -1 0 0 -4 -2 0 1 -1 0 0 0 1 -2 0 -4 0 0 0 0 0 1 -4 -5 -3 0 2 0 4 0 2 2 -1 2 -1 0 1 0 -2 0 0 1 1 0 5 0 0 -3 0 -1 2 4 1 -2 0 0 -4 0 4 0 0 -1 -4 3 -4 1 0 0 0 1 0 1 3 0 38 0 2 2 0 2 0 -2 0 0 0 1 0 1 2 0 0 0 0 1 0 0 0 0 0 -2 0 0 0 4 0 0 2 0 1 0 -1 2 0 0 0 0 4 0 0 0 0 0 -2 0 0 -2 9 4 0 0 0 0 -1 0 4 1 -1 0 2 0 0 0 0 0 0 0 0 0 0 1 2 1 2 0 -2 2 0 0 0 1 2 -2 -4 0 -3 0 1 0 -1 0 0 -1 0 2 0 0 0 -2 0 0 -1 -4 2 -1 0 -2 0 1 -4 1 0 0 -2 0 0 0 0 1 0 -2 0 -2 0 -7 -1 -2 0 -1 1 1 -1 0 2 0 -2 -2 2 0 0 0 0 0 0 2 -2 0 0 1 0 0 0 -2 -2 0 0 0 0 0 0 0 0 2 0 1 -2 0 0 0 0 -1 2 0 2 0 0 -1 0 -1 1 0 -2 0 0 0 -1 0 0 1 0 0 2 0 0 0 0 0 -1 0 -4 -1 8 0 0 2 -1 -2 2 0 0 4 0 -2 1 0 -6 0 -2 0 2 -9 2 -2 0 0 3 1 0 0 1 1 -2 -1 0 0 2 -2 2 0 0 1 0 -2 2 -1 0 -4 4 0 0 0 0 0 0 -2 4 0 0 1 0 1 0 0 0 0 0 -2 1 2 -4 2 0 0 0 -3 0 -4 0 0 0 -2 0 0 0 0 -2 0 0 0 1 3 -4 0 2 -2 1 -2 -2 0 0 1 0 -2 2 -1 0 0 2 -2 -11 1 0 0 0 0 0 4 0 -2 -1 0 -3 -1 1 0 -2 0 0 1 -1 -4 0 -1 3 0 2 0 1 -2 0 1 0 0 5 3 -4 -1 0 -2 0 -1 -1 0 0 0 0 4 4 -2 0 0 0 2 -2 3
-2 0 1 0 0 4 0 0 0 1 0 4 0 4 2 0 3 -2 1 0 0 0 0 0 2 -2 0 0 0 0 4 0 -2 2 -2 0 -2 0 0 2 0 1 0 2 2 1 0 -4 2 0 4 0 0 0 0 4 0 0 -1 0 0 0 0 -1 0 1 0 0 2 0 0 0 0 0 4 0 0 2 0 -1 1 4 -5 0 -1 -1 3 0 0 0 0 30 1 0 2 0 0 0 0 0 1 0 0 0 2 3 0 2 0 0 0 0 0 -2 0 -2 -2 0 2 0 -1 -1 0 1 -3 0 1 0 2 0 0 0 0 0 0 0 0 1 0 0 0 0 0 0 -4 0 0 0 0 0 2 0 0 0 -2 0 1 -4 -2 0 2 -1 0 -1 0 0 -2 0 0 -3 -4 1 0 -4 0 3 0 -2 0 0 0 4 -4 1 -2 0 0 2 0 1 -2 -2 0 2 -3 0 0 -1 0 0 1 0 1 2 0 0 1 0 4 0 0 0 -4 0 -4 0 0 0 0 1 -1 -1 0 -1 0 0 0 -2 0 0 0 0 0 0 0 0 0 0 -1 -1 -4 0 3 0 -4 0 -1 0 0 -7 1 -1 -1 -2 0 0 0 -1 0 0 0 0 0 4 0 0 0 2 -2 2 -1 -3 -1 0 -1 0 -2 2 0 0 -2 0 1 0 0 -1 -1 -4 0 2 2 1 1 0 0 4 1 1 0 -2 0 -1 0 -1 -3 0 -1 0 -2 2 0 0 -2 0 0 -2 1 0 -1 0 2 0 -2 2 -3 0 -4 1 0 -2 0 0 0 0 0 0 2 0 0 0 3 0 0 1 2 -1 0 1 0 0 1 0 -2 1 0 0 2 0 -1 -2 1 0 -7 -1 0 0 3 0 4 0 0 -2 -1 0 -2 -3 -2 0 1 2 -2 0 2 0 -1 1 0 0 -1 0 0 0 -2 2 0 -2 1 -2 -1 0 0 2 0 0 1 0 0 1 6 0 5 0 0 0 0 0 0 0 -1 0 -4 2 -2 -4 1 0 0 0 0 0 -2 0 0 0 1 -4 0 0 0 0 1 -2 0 0 -1 4 0 0 0 2 0 0 0 4 0 0 0 0 -3 2
-4 0 4 -4 0 2 0 -6 -1 -2 2 0 0 0 0 0 1 0 0 8 0 0 -1 -2 4 3 0 2 -3 0 0 0 2 -1 1 -2 10 3 -2 -2 0 0 1 0 2 0 0 2 1 -3 -4 0 0 -2 -4 0 0 0 0 3 -1 -1 -2 -1 4 0 0 0 0 0 0 0 6 3 0 1 3 0 2 2 -4 1 0 -2 -1 0 4 0 7 1 2 1 45 4 0 1 0 0 3 2 3 0 0 1 -1 5 -2 0 0 -2 0 0 1 -2 -3 1 0 3 0 2 -6 0 0 -2 0 0 -1 -3 2 0 0 0 2 1 3 -1 8 1 -2 2 2 -1 2 -2 0 -3 -1 0 2 2 0 0 -2 0 2 6 0 2 0 0 0 -4 0 0 0 0 -1 -2 2 -1 0 0 0 0 0 0 0 -1 0 0 0 4 0 1 5 -2 0 -2 1 1 2 0 2 0 -4 2 0 0 3 2 -3 0 0 0 -2 0 1 4 6 -1 0 -1 0 0 0 -2 -2 -2 0 1 1 0 -3 -2 -2 2 0 -1 1 0 1 -2 0 0 1 -3 -2 0 0 0 0 0 0 0 0 0 0 0 -5 0 0 0 0 -2 2 0 0 0 0 -2 0 0 2 0 2 0 -2 4 -2 -2 9 1 0 0 0 0 -6 -1 4 -3 -4 0 1 0 -1 1 -2 -2 -1 0 1 0 0 0 -1 0 1 2 2 0 0 0 -3 -2 1 2 4 -5 4 4 0 1 -4 0 0 0 0 0 0 2 0 0 0 0 0 2 0 2 0 0 0 4 0 6 0 -2 1 -2 0 0 2 0 -2 1 0 -1 0 -2 -2 1 1 1 0 -1 0 -2 1 -7 2 -4 1 1 -1 0 0 0 2 4 -3 0 0 0 -3 1 -2 -1 0 0 0 4 2 0 0 2 -4 1 -1 -2 0 2 0 -3 1 2 0 2 -3 -2 0 0 -2 0 0 0 1 0 0 0 2 2 -2 1 0 -3 0 0 -2 0 -4 5 4 -4 1 6 0 1 2 -1 1 0 9 2 0 -1 5 0 -4 -1 4 0 0 -2 0 -1 0 5 0 0 0 2 0 0 -7 -4 1 1 0 4 -4 -2
0 0 0 -1 0 0 -1 0 0 2 0 3 0 0 0 -1 0 -1 0 3 0 -2 0 3 2 4 0 2 0 0 -1 0 -1 0 -2 -2 0 0 0 3 0 0 0 1 0 0 0 -2 0 4 -2 2 4 0 -4 3 0 0 0 2 -4 -3 0 0 0 0 0 2 0 2 0 0 0 0 0 0 0 0 0 0 0 -3 -2 1 2 2 0 0 -2 -1 2 0 4 51 0 0 -8 0 0 2 0 4 0 1 0 -2 0 -1 2 -2 0 0 -1 0 -2 -8 2 0 2 1 0 0 0 0 2 0 -1 0 4 0 0 0 4 0 2 -2 0 -2 0 -2 -4 0 0 -4 0 0 -6 -2 -2 0 0 0 0 0 2 0 0 4 0 2 0 -2 0 0 -4 -2 0 0 4 -1 2 -2 0 0 0 0 0 0 4 0 0 2 0 0 -2 0 -2 0 -2 -2 1 0 -2 0 1 0 1 0 11 0 2 0 0 0 0 -2 4 0 0 0 0 4 0 0 0 0 -2 0 2 0 0 3 0 0 2 2 0 4 0 2 -1 -2 0 0 -4 0 0 6 0 -4 -2 0 0 0 -2 0 -2 0 -2 0 0 0 -2 0 0 -3 1 -3 0 -2 -2 -1 -4 0 -2 1 4 -2 0 -2 -2 0 0 0 0 -1 -4 1 0 0 0 -2 -1 5 2 0 -4 0 0 0 -3 0 2 -1 0 0 -2 0 -4 0 -1 0 -2 0 4 -1 2 0 -1 0 0 0 -4 0 4 0 -2 0 2 1 0 -1 0 0 0 2 4 0 0 -1 0 -4 0 4 0 0 -4 7 0 0 2 0 0 -2 -4 -2 1 0 0 0 -2 4 0 0 0 2 0 0 -2 1 0 0 0 0 0 -2 0 1 0 -1 0 0 -2 0 2 0 -2 -2 0 0 -2 0 0 -3 -6 5 0 0 0 -2 0 -4 0 0 0 0 0 -2 0 2 0 0 0 -4 0 -1 0 0 0 5 0 0 0 -8 0 4 -2 0 -6 -1 0 0 0 6 0 0 0 0 0 0 0 4 0 0 0 -4 0 0 0 0 0 0 0 -4 2 2 2 0 -4 2 0 0 -4 2 0 2 -2 1 -4 0
-1 0 -4 0 0 0 -3 0 2 0 -1 2 0 0 0 6 1 0 0 2 -1 -2 0 1 0 2 -1 0 0 -4 2 -2 -1 1 0 2 1 0 0 0 0 5 -2 2 0 0 0 1 1 -5 -2 0 0 0 0 -1 0 4 -9 0 0 0 2 -2 -1 0 0 0 -1 0 -2 -1 0 0 3 0 -2 -2 0 -2 0 4 -1 0 3 1 0 0 4 0 0 2 0 0 46 0 -2 0 0 -4 0 0 -2 0 0 -8 0 0 5 0 1 1 -2 0 1 2 -8 -2 -1 0 0 2 -4 0 0 0 -2 0 0 -1 2 -4 0 0 0 0 0 0 0 0 0 -2 0 1 0 4 0 0 -2 -5 3 2 0 -1 0 6 0 2 0 0 0 0 0 2 0 0 2 0 1 1 -2 1 -2 0 0 -2 0 3 -3 -3 -2 2 0 -2 1 0 0 0 -2 0 -1 -4 0 2 2 0 0 0 -2 0 1 -1 0 0 -4 1 3 0 0 1 0 0 4 -2 -6 2 0 0 -1 8 0 -2 -1 -2 0 -7 0 2 0 0 0 0 0 -3 4 -4 0 -2 0 1 2 0 3 0 -2 0 0 0 0 3 0 -1 0 0 1 0 0 0 0 2 -6 0 2 0 -1 0 0 0 0 0 -2 6 0 2 0 0 0 -4 0 -2 0 -2 3 0 0 0 1 -2 -4 0 2 1 2 0 0 0 -1 -2 0 -1 2 0 7 -3 0 0 -1 0 -2 0 1 0 1 2 -1 0 -1 2 0 1 0 -2 0 0 -4 -2 2 0 2 0 0 0 0 0 0 -1 0 2 0 0 0 0 0 0 0 -2 1 -6 0 -6 -6 0 2 0 -4 -4 1 0 0 0 0 -4 0 0 1 0 -1 2 -2 2 -2 2 0 -2 -1 2 2 0 -4 -2 -2 0 0 0 2 0 1 0 2 -1 -2 2 0 0 0 -2 0 -1 0 0 -4 -2 0 -2 0 0 2 0 -1 4 0 2 0 0 -1 0 0 0 4 0 0 0 -2 -2 3 0 3 4 2 0 0 3 2 0 1 1 0 0 1 0 0 0 2 -1 0 -3 2 -1 0 0 4 0 0 4 0 0 2 0 0 -1
-2 0 0 0 0 4 0 0 -1 0 0 0 0 2 4 0 2 1 0 0 1 -1 0 0 0 2 -2 0 0 0 0 0 3 0 0 0 0 -4 0 -2 0 0 0 0 1 2 0 2 0 -2 0 0 -1 3 0 0 0 -1 0 0 0 -1 0 -2 -2 2 0 0 -1 1 2 -3 1 0 1 0 -3 0 2 0 -2 0 0 -4 1 -2 0 0 0 -2 2 0 1 0 0 31 0 1 2 0 0 0 0 2 1 -4 6 1 -1 1 -2 0 -2 2 0 0 1 0 0 0 0 -1 0 -5 -1 0 0 0 0 -2 -2 0 0 0 0 0 5 1 -1 0 -4 2 2 -2 -3 0 -2 0 0 -2 0 -1 -1 0 -2 0 0 -2 0 0 1 -2 0 2 -2 0 1 0 1 0 0 0 -4 0 0 0 0 4 2 0 0 0 0 -1 1 0 0 0 -1 0 0 -2 0 0 2 0 3 2 -1 -1 0 -1 0 1 -4 -2 0 0 0 0 2 1 0 -2 0 0 1 1 2 0 0 0 0 0 0 -1 3 0 4 0 0 0 -2 0 0 0 2 0 0 0 1 2 1 -2 -4 0 0 0 -1 0 0 0 0 4 0 0 0 0 0 0 -1 0 -2 1 -2 0 0 0 3 0 2 0 -1 0 0 2 -3 1 -1 0 0 -4 0 0 0 1 0 0 -3 0 -1 -3 -2 0 -4 0 3 0 0 0 0 0 0 0 0 0 -1 -6 1 0 0 2 0 0 0 0 1 0 0 3 -2 0 0 0 0 0 0 0 1 -6 0 0 0 2 0 0 3 0 1 0 0 0 -2 0 0 0 0 0 0 -1 0 0 -2 0 -1 3 4 2 0 -2 2 4 -1 -2 1 -2 0 0 0 -2 0 0 0 0 0 0 4 0 0 0 -4 2 0 0 0 0 -1 0 0 -4 0 2 0 -1 -2 0 -2 0 0 0 1 1 0 0 0 -1 0 3 0 0 0 2 1 -2 0 0 0 0 0 -2 0 0 0 0 0 -3 0 -1 -4 0 1 0 1 2 -2 3 1 6 2 0 -2 0 0 0 -2 0 1 0 -3 0 2 0 1 0 0 0 0 -2 -2 2
0 0 0 0 0 0 0 -1 -2 0 0 0 4 -3 1 0 -4 0 -2 0 4 -2 0 -2 0 4 4 0 0 0 0 2 0 2 0 0 -5 1 0 -2 2 0 0 -1 -2 -2 0 0 0 7 0 2 0 0 0 0 0 0 2 0 0 0 0 0 2 0 0 -2 -1 1 -3 3 0 0 1 0 0 0 0 0 -4 -6 -2 0 0 0 0 0 4 -2 0 0 0 -8 -2 0 47 0 0 -2 1 2 -6 0 0 2 0 0 -5 4 0 0 4 0 0 0 0 0 0 5 -2 -4 1 -5 -2 0 0 5 0 0 0 -2 0 0 1 0 0 2 -2 6 4 0 -1 4 0 -2 -2 0 -2 0 -2 0 2 0 0 2 0 0 -4 -2 1 -3 -1 0 -1 1 0 -1 -2 -4 2 -1 1 0 2 0 0 0 -3 2 0 1 -2 0 -1 0 2 3 -1 2 2 5 4 -2 2 4 0 0 0 0 -2 0 0 0 1 2 3 0 0 1 2 0 0 -5 0 0 1 0 -4 2 0 0 1 4 4 0 0 0 0 -4 -2 0 -6 0 2 0 4 0 0 6 0 0 0 1 2 0 4 0 0 6 0 2 -1 0 2 0 -2 0 -1 0 1 0 -4 -4 -1 0 0 -4 -2 2 0 0 2 1 -1 -1 4 2 -2 0 -2 2 0 0 -2 0 1 0 6 0 -2 -2 0 1 6 -1 -3 0 2 0 -4 -2 0 -10 0 0 -4 1 0 -1 2 0 5 2 5 0 -1 2 0 0 -2 0 0 -1 0 0 4 1 1 1 0 0 0 2 1 1 -2 0 0 2 1 2 0 -1 1 -2 1 0 0 0 -3 0 2 0 0 0 0 6 0 0 0 2 4 0 0 0 0 0 0 2 2 0 1 4 0 0 1 0 0 -4 0 0 0 2 3 0 0 0 0 0 -4 0 0 -2 0 -1 -2 0 0 0 -8 2 0 0 0 4 2 0 0 0 1 -2 0 4 0 -2 0 0 0 4 4 -1 0 1 0 1 0 0 1 0 1 0 -4 -4 1 0 6 0 3 0 4 0 0 -2 0 -4 0 2 0 2 -2 0 2 3 -1 0 -2 2 0 2
0 0 -1 1 0 -2 0 1 0 0 0 0 0 2 0 2 0 2 2 2 -1 0 0 0 2 0 0 0 -4 0 0 3 1 -2 2 -1 0 -2 0 2 0 0 0 0 0 0 -1 0 0 -1 0 0 7 2 0 0 -2 -2 2 6 0 -1 0 -4 0 0 2 0 0 0 8 0 1 0 6 0 0 1 0 0 5 0 0 4 0 0 2 2 0 0 -2 0 0 0 0 1 0 36 1 0 8 -4 1 0 0 0 0 2 0 0 -1 -4 0 -4 0 0 0 1 0 0 0 0 4 1 2 0 0 0 0 -1 0 0 -2 2 0 0 0 2 2 2 1 1 4 0 2 0 0 0 -2 -2 -2 2 -1 -1 0 0 1 0 5 0 1 0 0 0 -2 0 0 0 3 -4 0 -4 -2 1 0 0 5 -2 0 2 1 0 2 0 1 0 1 -4 0 -2 0 0 0 -1 0 0 -2 0 0 0 -2 0 4 0 0 0 0 0 1 0 0 0 -4 0 2 0 1 0 -4 -2 0 1 4 0 0 -1 1 4 0 -4 0 0 0 0 0 0 0 0 -4 -1 0 1 0 0 0 0 0 0 0 0 0 0 0 0 0 0 0 0 2 0 0 0 0 1 0 0 0 1 -1 0 2 0 0 0 4 0 0 0 -2 0 0 -2 2 0 0 0 6 0 1 -2 0 0 5 -2 1 -2 2 0 -1 0 0 2 0 0 0 0 -4 0 0 0 -2 2 4 -2 0 0 0 0 1 -2 0 2 0 0 0 0 -2 0 -2 0 2 0 0 0 2 0 0 0 0 0 0 0 0 -1 0 0 -4 0 0 0 0 0 2 -2 0 0 0 0 -4 -2 0 0 4 0 0 0 0 0 0 0 0 1 -4 0 0 0 1 0 -1 2 0 -1 -4 -2 -2 0 0 -2 -2 0 0 1 2 -4 0 2 0 5 -2 2 0 2 0 -1 2 0 5 0 0 -4 -2 0 -8 0 1 0 0 0 -1 -1 -2 -2 0 0 2 2 -1 -2 0 2 0 0 -2 0 0 2 0 -2 0 0 2 0 4 0 0 3 0 0 4 1 0 -2 0 0 0 0 0 0 1 0
-2 0 3 0 -2 3 -6 -3 2 0 -1 0 3 2 0 0 0 0 -1 -5 -2 0 -1 0 0 1 0 2 1 0 0 0 0 2 -1 0 -4 -2 0 0 0 1 -1 0 0 2 1 2 1 0 6 0 -1 2 2 0 -2 -2 0 -5 0 0 -1 1 0 2 1 0 -1 0 -4 0 2 2 1 4 -1 0 1 -4 -4 -1 0 -3 -1 3 0 1 4 -2 0 0 3 0 0 2 0 1 35 0 0 0 0 4 -2 0 1 0 0 0 0 1 1 -1 3 0 -2 1 -2 0 -3 0 -2 1 -3 -1 2 1 2 0 2 5 1 1 3 -2 2 0 0 -2 2 0 0 -5 2 0 0 0 0 0 -3 3 0 2 1 0 2 0 0 -1 0 0 0 0 0 0 0 0 0 0 0 -4 0 0 4 1 -2 0 0 0 1 -2 0 -2 2 2 0 0 1 0 0 -2 0 0 4 0 2 0 -1 0 0 0 1 2 -1 0 3 2 1 0 -2 -1 4 0 0 -1 -3 0 0 0 -2 0 0 1 -2 2 9 0 1 0 2 0 0 1 1 -2 0 0 0 0 0 -3 0 0 0 -6 1 0 -1 -2 2 4 -2 0 0 2 -1 0 4 0 -2 2 0 0 0 0 0 2 2 0 1 0 -1 1 0 0 0 0 2 -1 0 -1 0 0 0 0 0 -1 1 0 0 0 2 0 1 0 2 0 1 0 0 -1 0 2 -2 0 0 -2 2 2 0 -4 0 0 0 -2 1 2 -1 0 1 0 0 2 0 0 0 -1 2 2 1 1 0 4 2 0 0 -1 0 -2 0 0 -1 2 2 -4 -2 -1 -6 -2 0 -1 2 -3 0 4 0 0 0 0 -1 0 -1 0 0 0 2 0 -1 -5 -6 -2 0 1 0 1 4 0 -1 2 -2 1 0 1 0 3 3 0 4 0 -2 0 -4 -2 2 -4 -2 2 0 1 -1 2 0 0 0 0 -1 4 0 1 -1 -3 2 -2 0 0 1 0 1 -2 3 2 0 0 2 2 4 -2 0 5 1 1 -3 0 2 1 0 -1 0 -1 0 0 0 -1 0 0 2 0 -1 0 2 2 2 0 0 -1 0 2 2 -2
0 -2 0 0 1 0 4 0 0 1 0 -2 0 0 0 0 2 0 -1 0 0 1 0 0 0 0 0 1 -3 0 0 0 1 -1 0 0 2 4 1 1 0 0 4 0 -2 0 0 1 0 -1 -2 0 4 0 -1 0 0 1 -1 1 2 0 0 0 0 0 0 2 1 2 0 0 0 0 -2 0 0 0 0 0 0 0 0 0 0 -2 2 0 0 -2 0 0 2 2 -4 0 -2 0 0 28 0 2 0 0 0 6 0 0 0 0 0 1 2 0 4 0 2 -2 0 0 -2 0 0 -2 0 1 0 0 0 1 0 -2 0 2 0 0 0 -1 0 0 -2 0 0 -4 0 -6 2 0 0 0 0 -3 0 0 0 4 -2 4 0 1 2 0 2 0 0 0 4 0 -2 2 0 0 0 -1 0 0 0 0 2 0 0 0 0 2 -6 1 0 0 -1 -1 0 0 0 -4 0 0 0 4 0 0 1 0 4 1 0 2 6 0 0 0 0 1 0 1 0 0 0 0 0 0 0 -1 0 -3 4 0 0 2 0 0 2 0 0 0 0 0 0 0 4 0 0 0 0 0 0 -1 0 -1 0 0 6 0 0 0 -3 0 0 0 0 -2 0 0 0 -2 0 2 0 0 2 -2 3 0 0 0 0 -2 0 0 0 0 2 0 1 -2 1 0 -2 0 0 0 -4 -1 2 -1 0 0 0 0 0 -4 0 0 0 0 1 -2 0 0 0 -1 0 0 -2 0 1 3 0 1 0 0 0 4 0 0 -1 0 0 0 0 0 -2 2 0 1 0 0 0 0 0 0 4 4 0 2 -4 -1 0 0 0 0 4 0 -1 0 0 0 0 0 -2 1 0 0 0 1 0 4 0 0 0 -2 0 0 4 0 0 0 -2 0 0 2 0 0 0 2 0 -3 0 -2 -1 -2 0 0 0 0 2 0 -4 0 0 0 2 0 0 0 1 0 0 -1 3 0 -2 -1 0 0 0 0 0 0 -2 1 0 2 1 0 2 0 0 2 -1 0 0 0 0 1 -2 0 -1 0 1 1 0 0 0 0 -3 0 0 0 0 0 -4 0 0 0 0 0 0 0 0 0
0 0 0 0 0 0 -2 1 -2 0 1 0 0 2 2 0 0 -2 -1 0 -2 -3 0 0 0 0 -1 0 -5 4 2 0 0 0 -2 0 -2 -1 0 0 1 0 0 0 0 1 0 0 -1 0 4 0 3 -2 -2 0 0 0 0 0 1 2 0 0 3 -2 2 -2 -3 -1 4 0 4 -1 3 -2 0 2 0 0 0 0 0 -2 -2 -1 1 0 0 1 0 1 3 0 0 0 1 8 0 0 41 -6 0 1 0 0 0 -1 0 -2 0 0 -4 -4 1 -2 -1 -2 1 0 -1 1 -2 0 0 3 -1 -1 0 0 -6 0 0 0 -2 0 0 2 0 1 1 0 -2 0 -2 1 1 -1 0 -4 -1 0 0 -2 1 2 2 0 4 0 -1 -1 5 4 -1 0 2 -3 3 0 -2 -2 1 0 2 -2 0 0 0 0 0 2 0 0 0 0 2 1 2 1 0 0 0 0 0 0 -1 0 0 -1 0 0 4 0 -1 0 0 5 2 1 -1 0 -4 0 0 0 -2 0 4 2 4 -2 4 2 -1 0 0 2 0 0 -2 0 0 0 1 2 0 0 0 0 0 0 -2 -1 -2 -2 0 0 -2 2 0 0 -2 0 0 0 0 -2 0 0 0 0 0 0 -2 1 0 0 -2 0 0 0 4 0 -2 0 0 0 0 0 4 0 1 8 -2 0 0 -1 0 -3 0 -6 4 0 -2 0 0 2 0 2 -2 -2 0 2 1 0 -2 0 -2 0 -2 2 -1 -2 -3 0 0 1 -2 2 2 0 0 5 0 -2 0 2 -3 0 2 -2 0 2 0 -1 0 0 -4 0 0 0 0 1 2 -2 0 1 0 1 -4 0 0 -2 0 1 1 0 0 -2 -4 3 -2 0 0 1 6 0 2 3 -2 0 -1 0 0 0 0 0 2 2 1 -3 0 -2 -2 0 0 1 0 0 0 -2 -1 0 0 -1 0 -1 -4 0 -2 2 0 0 -2 2 0 -1 0 -2 -2 2 -2 0 0 -2 0 0 -2 1 0 -3 -1 -2 -1 0 1 0 1 0 -2 3 -4 2 1 0 0 0 -1 -2 -3 0 0 0 1 0 0 -2 2 2 -1 2 0 -1 0 0 2 2 -2 8
0 0 2 0 1 -1 -1 0 0 2 0 0 4 -3 0 -2 -2 2 2 0 0 2 0 1 2 0 0 2 0 0 -1 0 0 0 0 0 0 0 0 0 -1 0 0 1 -1 0 0 0 4 1 -3 0 -4 2 0 1 0 2 0 1 1 0 0 0 0 0 0 0 0 0 -4 0 0 0 1 0 1 -1 0 4 0 0 2 2 2 1 -2 0 1 0 1 0 0 4 0 0 2 -4 0 2 -6 41 0 0 0 -2 0 -2 -6 1 2 0 0 0 0 -2 0 -2 0 0 0 -1 0 2 1 0 0 6 4 -1 0 0 0 -2 4 0 -1 0 0 0 0 0 -2 -1 0 2 2 0 -2 0 2 0 0 0 -2 2 -4 1 -3 0 4 4 0 -6 2 0 0 0 0 0 2 4 -4 1 0 0 0 2 1 0 0 0 -2 0 -6 0 0 0 -2 2 -2 -4 4 2 4 2 -2 -4 0 -1 2 0 0 2 0 1 0 0 -4 1 1 0 1 0 -4 -2 1 -2 -4 0 1 0 0 -1 -2 0 0 -1 0 -2 4 -3 0 -1 0 0 -1 0 0 5 0 4 0 0 0 -2 0 0 0 0 0 0 8 -4 0 0 0 0 -2 -2 -2 0 0 1 3 -1 2 2 0 -1 0 0 -1 2 -1 0 2 0 0 0 0 -4 1 4 0 1 0 -2 -2 0 -2 4 -7 0 0 3 0 -4 0 -1 0 0 0 0 -1 -2 -1 0 0 0 4 0 0 0 8 0 0 0 0 2 2 0 1 1 -1 0 0 0 0 0 0 0 0 2 0 0 0 -2 2 0 0 0 0 -1 6 -2 0 0 2 -2 0 0 0 0 0 0 -1 0 0 0 2 0 -2 0 0 -2 0 2 -5 0 0 0 0 3 0 -2 0 -2 1 0 -2 1 -1 -1 0 0 2 -6 0 1 -1 0 0 0 0 -2 0 -6 0 1 2 1 0 0 -2 0 2 0 0 0 0 -2 0 0 0 0 1 0 4 0 0 0 -2 1 0 2 0 -2 -6 0 0 1 0 0 1 0 0 0 1 -2 -2 -2 2 0 0 0 2 0 0 0 0 1 -1 1 -2 2 0 0 -2 0
0 -2 -3 0 2 1 1 0 4 1 0 -2 0 0 2 -1 5 4 2 -2 0 -2 0 0 0 -5 0 0 0 2 0 0 -4 0 0 1 0 0 1 2 -4 -4 0 -4 0 0 -2 0 0 -1 0 0 0 0 0 1 1 2 0 0 0 0 -4 0 0 -1 1 6 4 0 0 -1 0 2 0 0 0 0 0 -2 0 0 4 0 -1 4 0 0 -4 -2 0 0 0 0 -2 0 -6 1 0 0 0 0 45 0 -2 1 0 0 0 0 0 0 0 2 0 0 -2 -5 0 0 -2 -5 -4 4 2 0 0 -2 0 0 -1 0 0 0 2 1 2 4 0 0 0 0 0 0 0 0 0 0 0 0 0 0 -3 0 0 -2 0 0 0 0 -4 2 0 4 0 -2 0 -2 0 0 1 0 -2 0 0 0 -3 0 0 -2 2 1 3 0 1 -1 3 -2 0 -4 0 0 0 0 5 -2 0 0 3 0 0 0 -2 1 0 0 0 0 0 0 -1 0 0 2 0 0 0 0 2 0 -1 -2 2 0 -1 -2 0 1 0 0 5 1 0 0 -3 0 -1 1 0 0 0 0 2 4 0 1 5 0 0 0 4 0 0 0 0 2 -2 0 1 2 2 1 0 -4 0 0 -1 -3 0 -2 1 0 -1 0 2 -1 0 -4 0 -2 -3 2 0 -2 -1 0 4 0 0 0 -5 0 0 2 0 -1 0 0 0 1 -3 0 -1 3 4 0 0 0 1 2 0 0 2 0 0 0 0 -1 -1 0 4 0 0 0 -2 0 0 2 -2 0 2 -2 0 6 6 0 -1 2 4 -2 -4 -4 2 1 1 0 1 2 0 1 0 1 0 -1 2 2 -4 -4 4 -2 0 -2 0 0 0 0 0 -1 2 0 -1 -3 -2 0 0 1 0 0 -1 0 -2 -2 0 -2 0 0 0 0 -2 4 0 0 0 0 0 -3 -3 0 0 1 0 0 0 0 2 0 0 0 -4 0 0 0 0 0 0 1 2 2 1 -4 0 -1 0 -1 -2 0 0 4 -3 2 5 0 -1 0 2 0 -2 0 0 -2 -1 0 0 1 0 0 -2 0 2 0 -4 0 0 0 1 0 0 0 2 0
1 0 0 0 0 -2 -4 0 0 3 -1 2 0 0 0 0 0 -1 0 -1 0 0 0 0 0 0 0 0 -2 0 0 0 0 0 0 0 0 0 2 0 -2 0 0 0 0 1 1 0 0 2 0 1 0 0 0 0 0 0 0 0 1 4 0 0 -1 1 0 0 2 2 -4 1 1 1 0 4 2 0 -2 -5 0 0 0 3 0 0 0 0 0 -1 1 0 1 1 0 2 0 0 4 0 1 0 0 19 -1 0 0 1 0 2 0 0 1 0 0 0 -2 -2 0 2 0 0 0 -2 0 0 0 1 0 0 -4 0 0 0 -1 -2 0 0 0 2 0 0 4 0 1 0 0 -1 -1 0 0 0 1 -1 0 2 0 0 0 0 2 0 -1 1 0 0 0 0 -2 0 -2 0 -2 0 0 0 -2 0 0 -1 0 2 0 0 0 0 2 2 0 0 0 1 0 0 2 0 5 0 2 0 0 1 -2 1 0 -1 1 0 0 0 1 0 0 0 2 0 -4 2 1 0 1 0 0 0 -4 0 5 -2 0 0 0 -1 0 2 0 1 1 0 0 0 2 5 -2 0 2 -5 0 0 0 -2 0 0 -1 0 0 0 0 1 0 -2 0 0 -2 0 6 2 0 0 1 0 0 0 0 0 -2 0 -1 0 0 0 0 0 0 0 -1 1 -3 -4 -1 0 0 0 0 0 -2 1 0 2 0 0 0 3 0 0 0 2 2 -2 2 0 -2 -1 0 0 0 -1 0 0 0 0 -2 0 2 0 0 -1 2 -3 0 -4 -1 0 0 0 0 0 0 1 1 -8 0 1 0 0 0 -1 2 0 0 0 0 1 0 0 0 -2 0 0 0 -2 2 0 -1 1 0 0 5 1 0 0 0 1 0 0 -1 2 4 -1 0 0 2 0 0 0 -2 4 0 -1 -2 0 0 1 -2 -3 0 1 0 0 0 -1 0 0 1 -1 -2 2 0 0 0 0 0 0 0 0 0 0 0 0 1 0 -2 2 -1 0 0 1 4 0 0 0 0 0 0 -2 0 0 2 0 0 0 0 0 -2 1 0 -1 2 -2 0 2 0 0 0 -2 0 0 -2 2 0 0
4 1 -1 2 0 0 0 0 -1 0 -1 -3 -2 -1 -2 0 1 -3 0 0 1 0 1 -1 -4 0 1 0 0 1 0 0 6 1 0 0 3 -2 -2 0 1 2 0 2 0 -1 0 -4 0 0 -2 0 4 0 0 1 -2 2 5 0 0 0 0 0 2 0 -2 2 1 0 0 0 -1 0 0 0 0 0 -2 0 1 -1 0 0 0 -1 0 -1 1 -2 2 2 -1 0 0 1 0 0 -2 0 0 0 -2 -1 34 1 0 0 0 0 -2 0 0 1 0 1 1 0 0 0 3 -3 0 0 -1 0 0 0 0 0 -4 2 0 0 -2 0 0 0 -1 0 0 0 0 2 0 -5 -2 0 0 2 0 -1 0 1 1 0 -6 0 -2 0 1 0 -1 2 0 0 1 0 -3 2 0 0 0 -4 -4 0 0 0 1 0 0 6 0 -1 -4 0 0 0 0 -2 0 0 2 0 -6 0 0 0 0 -4 0 0 0 -3 -3 0 -4 0 2 2 0 2 0 2 -2 0 0 0 -2 0 0 -2 0 0 -3 -1 -2 -1 1 0 0 0 -2 -1 -2 2 0 -3 4 0 0 0 -5 0 3 2 0 2 -1 -2 0 -6 -2 0 0 2 -2 0 0 2 0 1 -1 4 0 0 0 1 0 0 0 0 1 2 0 0 -1 1 -2 0 2 0 0 0 1 -2 0 1 2 0 2 0 0 0 -3 0 2 -1 -1 0 0 2 1 0 -3 0 0 0 -6 1 0 0 0 6 0 0 0 4 0 1 0 1 0 0 0 2 2 1 2 -2 0 1 0 1 -1 0 1 0 0 0 -2 -1 1 -1 0 2 3 0 0 -1 0 0 0 0 2 -4 1 1 0 4 2 1 0 2 0 0 0 0 -2 0 3 -2 0 2 5 0 0 0 0 -6 0 -4 -2 1 0 0 -2 0 6 4 2 0 0 3 -1 2 -1 0 0 0 -2 0 -1 0 0 -2 1 0 1 2 0 0 -1 -2 0 -3 0 0 -4 4 -2 -1 0 1 -3 1 0 0 0 0 1 0 1 -1 -2 -2 2 0 0 0 0 0 0 2 0 -4 0 -1 0 -2 3 1 0 -1 0 -3 1 -1 0 0
4 -6 0 2 1 -3 0 0 0 3 0 -2 0 -2 0 -4 -1 0 1 0 0 -2 0 -1 -1 0 2 0 0 2 0 -1 2 0 0 -2 4 -1 0 1 2 -2 1 -1 4 4 0 -5 -2 -6 -5 0 2 0 4 0 2 0 2 2 0 1 0 3 -1 0 2 0 1 0 4 0 0 0 -2 0 4 4 0 0 -2 0 5 0 -2 -11 -1 2 -4 0 0 3 5 -2 -8 -4 2 0 0 6 0 -2 1 0 1 56 0 1 0 0 -10 -4 1 2 0 0 0 0 -2 0 0 0 0 6 0 0 4 -2 2 2 0 0 0 0 0 0 -4 1 1 3 -7 2 0 0 1 -9 0 0 0 2 0 -9 0 0 0 2 -4 -4 0 0 6 1 0 0 0 -1 -2 0 -3 -1 1 0 -2 -2 -2 -3 0 -4 0 0 0 -2 0 2 -2 3 1 -2 0 1 0 0 1 0 -4 0 0 -1 -2 0 0 0 0 4 3 0 -1 0 0 -1 0 5 1 0 1 0 -1 -2 0 1 0 -3 0 -1 0 0 0 -6 -2 0 -5 1 0 -2 3 4 0 -1 0 0 0 0 0 4 2 -4 -2 1 4 -3 1 0 0 -10 2 0 -2 -3 -6 0 0 0 0 -2 0 0 -2 -1 -2 0 2 2 0 0 -1 0 0 0 0 0 0 4 2 -1 0 0 -1 -2 0 -3 -1 0 2 2 3 0 2 0 3 -1 2 0 0 0 -1 2 0 0 -4 1 0 -2 -4 2 0 0 0 2 0 -1 0 0 -4 0 -4 0 0 -1 0 0 0 4 2 1 0 0 0 1 0 0 0 0 0 3 1 2 1 5 0 2 4 2 0 -1 4 3 -1 -2 -1 1 1 0 -3 0 0 0 0 0 2 0 1 0 0 0 0 -6 -6 2 -2 2 4 -2 0 0 0 1 0 0 2 2 -2 2 0 0 0 -1 0 0 5 1 0 0 0 0 0 2 0 0 0 0 0 0 0 0 4 1 0 0 -2 2 0 0 0 2 0 4 -4 -2 4 0 0 0 -2 0 2 0 -1 -4 0 0 0 0 0 0 2 0 0 2 4 -3 0 0 0 2 0 -1 -1 -4 -3 0
0 0 0 2 0 1 -2 0 -2 0 0 0 0 2 0 0 -2 0 -4 -2 0 0 -1 0 0 0 0 -1 0 0 0 -2 0 0 0 -4 0 0 2 1 0 0 0 0 0 0 0 0 0 -2 0 0 0 0 0 2 0 0 0 0 0 0 0 0 0 0 -1 0 0 0 0 0 0 0 0 0 2 -1 0 0 0 -1 0 -4 0 0 0 0 -2 0 0 0 -2 0 0 6 0 0 1 0 0 0 0 0 0 0 21 0 -1 0 0 0 0 4 2 0 -2 0 0 0 0 0 0 0 -1 0 -2 0 0 0 2 0 0 0 0 0 -2 2 0 0 0 0 0 0 -2 0 0 -1 2 0 0 -2 1 0 0 -2 2 0 0 0 0 2 0 0 0 0 0 0 0 0 0 0 0 0 0 -2 0 2 0 0 0 0 0 2 0 0 0 0 0 -1 0 -2 0 0 0 0 0 0 0 -1 2 0 2 0 4 4 2 0 2 2 0 0 0 -2 2 0 2 0 0 1 -2 0 0 0 0 0 0 0 2 0 -4 0 0 0 0 0 0 0 0 0 -2 0 0 0 0 2 0 0 0 0 -2 0 0 0 2 0 -2 0 0 0 -2 0 -1 0 -2 0 -1 -1 -4 0 2 0 0 1 0 2 0 0 0 0 0 2 0 0 0 0 4 0 -3 0 -3 -2 0 0 -2 0 0 0 0 0 -2 0 0 0 0 0 -2 0 0 0 0 0 0 0 0 0 0 -1 -1 2 0 0 0 0 0 -1 0 0 2 0 0 0 -2 -2 0 0 0 0 0 0 -1 0 0 0 0 0 0 0 0 0 0 0 0 0 -2 0 0 0 0 0 0 4 0 0 0 -2 2 0 0 0 0 0 1 0 0 0 0 0 0 0 0 0 -2 0 2 0 0 0 -2 -4 -4 0 2 0 -2 -1 -2 0 0 0 0 0 0 0 0 0 -2 0 2 0 -1 0 -2 0 -2 0 4 0 0 2 0 -4 0 0 1 0 0 0 0 0 -1 0 0 0 0 0 2 1 0 0 -2 0 0 0 1 0 2 0 0 -2 2 0 0 0 0 -2 0 0 4 -2
-4 0 2 0 2 0 0 -2 0 0 0 0 0 2 0 -1 0 -6 4 0 0 2 0 0 3 0 0 0 0 0 0 0 0 -4 0 0 -1 0 2 0 0 0 0 -2 0 -1 0 4 -1 -2 -2 -4 2 0 -5 0 0 0 0 0 0 0 -1 -8 0 2 0 -4 2 0 0 1 0 1 2 0 2 0 5 0 0 4 2 0 0 -3 0 0 0 4 0 2 0 -1 0 1 0 2 0 0 -1 -2 0 1 0 1 0 43 2 2 -2 0 0 -2 2 -2 1 2 0 0 1 -2 -3 6 0 -2 -1 -2 4 0 2 1 0 0 -2 -3 0 3 0 0 0 -4 0 0 0 0 0 0 -4 -5 0 0 1 0 -1 -2 2 -2 -4 0 6 0 1 1 4 0 0 0 -1 0 -2 0 0 0 -2 6 0 -3 0 -1 0 0 0 0 -2 0 0 2 0 1 -1 0 -4 0 0 0 0 0 2 0 0 0 2 0 0 0 1 -4 0 0 0 0 0 0 0 0 2 -1 0 0 0 2 0 -2 0 4 -1 -2 0 -2 3 0 0 1 0 1 2 2 2 0 0 0 -2 0 4 0 -4 0 0 0 1 0 -2 0 -4 1 0 -2 0 1 0 0 2 -5 0 0 -2 3 0 1 -5 0 0 1 0 0 0 1 -1 4 0 0 0 -3 -1 1 -2 -1 -1 0 2 0 0 4 -3 2 -2 0 -1 0 0 1 2 0 0 -5 0 0 -2 0 1 2 0 0 -2 -1 0 -6 0 -1 1 0 0 0 -2 0 2 0 -2 -2 0 0 0 0 4 0 0 4 -2 0 1 0 0 0 -2 -3 0 -1 1 0 1 5 -4 0 0 0 0 4 1 -5 0 -2 0 0 0 0 1 1 0 -2 4 3 2 0 -1 0 -6 -3 4 -4 0 1 2 0 -4 -1 -1 0 -2 0 0 0 1 3 5 0 0 -4 0 0 -7 -2 0 -4 0 6 0 -1 0 -1 0 0 2 0 0 -2 0 1 1 -2 0 1 0 0 2 0 2 0 0 0 0 -3 0 -2 2 1 2 -4 2 1 0 0 -2 -2 3 4 -1 0 0 1 5 -2 -4 0 0 0 1 0 0 0
-2 1 -1 0 0 0 -1 0 0 0 1 8 -2 3 0 0 -4 -1 2 0 -2 4 2 0 0 1 0 -6 0 2 0 0 4 0 4 2 1 0 0 0 0 -1 0 -1 0 0 2 4 0 -4 2 -2 0 0 1 -2 0 3 0 0 0 4 2 0 2 0 0 -6 0 -4 -2 1 0 0 2 0 -1 0 -2 -8 0 0 0 0 2 -1 0 0 2 -1 0 0 0 2 5 -1 -5 0 0 0 0 -6 0 0 0 0 -1 2 50 0 -3 6 -3 0 2 0 -2 0 2 0 0 0 0 0 0 0 0 -4 -5 -1 0 0 2 0 -4 0 -1 -4 -4 0 -4 0 1 0 0 -3 2 -1 0 1 0 -1 -1 2 0 0 -1 -4 -3 -2 0 0 1 4 0 0 0 -1 0 0 0 1 3 0 1 0 0 -2 -2 2 0 -2 3 0 0 0 -4 0 3 -2 -4 2 -6 4 -4 -4 0 2 -1 1 -2 3 0 2 -4 -1 -1 2 0 1 0 0 2 0 -2 2 4 2 -2 0 -2 -5 -2 -2 1 2 0 0 0 6 0 -2 0 0 -2 -3 0 0 0 -4 -1 0 -2 0 0 0 1 0 0 1 0 -2 -2 0 0 0 -1 -2 0 -4 -2 -4 0 -1 4 0 0 -1 2 0 0 -1 0 2 2 2 -4 0 6 0 2 -2 4 -6 0 0 4 0 -1 0 3 3 3 0 0 -1 0 1 0 2 1 2 2 1 0 -2 0 -2 0 0 1 0 0 0 -6 2 0 0 -1 0 0 -1 1 1 0 1 4 0 -1 -1 0 0 -4 0 0 -2 -2 4 -4 0 1 2 0 0 0 0 0 -2 0 0 0 0 0 -2 0 0 0 -3 0 -2 -2 0 1 -2 2 3 5 0 0 0 6 0 2 0 0 0 0 0 0 2 0 0 0 2 4 -2 0 -6 0 0 4 0 -2 -1 0 1 -1 2 -2 0 -1 0 0 0 0 0 -4 0 -2 -2 0 8 0 -4 -5 0 0 0 0 0 0 0 2 4 2 -2 0 4 1 0 2 7 -1 0 1 2 -4 -2 -1 0 -3 4 2 0 0 1 0 0 0 0 0 0 4 0 0 0 0 0 2 -2
0 2 1 0 2 -1 0 -1 0 4 0 0 -5 0 0 2 0 -2 0 -2 0 4 0 0 0 0 0 0 0 0 0 0 0 0 0 -1 1 -2 0 0 0 0 0 -6 -1 0 2 2 0 0 -3 0 2 2 0 0 0 1 0 0 0 -2 0 0 0 0 0 -2 -7 5 -2 -2 -1 0 0 2 0 0 1 0 0 0 0 2 0 -6 0 1 2 -4 1 0 -2 -2 0 1 4 0 0 0 -2 1 0 2 0 0 0 2 0 36 -4 0 0 -4 -2 0 0 2 0 0 0 0 0 0 -1 0 -2 6 2 0 0 -2 0 0 -4 -2 1 0 -2 -1 0 0 2 0 0 0 0 0 -4 0 -4 1 0 -2 -2 -2 0 0 4 0 0 -1 -4 0 -1 -1 0 1 0 0 -2 1 0 0 0 0 0 0 2 2 0 0 1 0 0 0 -3 -1 0 0 0 0 2 0 14 4 -2 0 5 0 0 0 -1 0 -4 4 0 -2 0 2 0 1 -2 1 0 -4 3 0 0 0 1 0 0 0 0 0 0 0 0 -4 -2 0 0 0 0 0 1 0 -2 4 0 0 0 0 -1 0 0 0 0 -2 0 0 0 0 1 -1 0 -3 1 -1 0 0 0 -1 2 2 1 0 0 0 0 0 1 0 -4 0 -2 0 0 2 0 1 0 -5 0 0 0 0 0 0 1 2 0 0 0 -4 0 0 0 2 0 -1 0 -4 1 4 -5 0 0 1 0 0 0 0 -2 0 3 0 0 -2 0 0 4 0 0 -2 0 0 0 -4 0 -4 0 0 0 0 0 6 0 0 0 0 -2 0 0 0 4 1 0 0 0 0 0 2 0 0 3 0 -1 -2 0 0 1 0 0 -1 4 -2 -1 2 0 0 0 0 1 0 0 0 0 -2 -5 3 -1 3 2 -2 0 0 4 1 0 -2 0 2 -1 0 0 4 0 0 0 1 0 -3 0 2 0 0 0 -3 0 1 0 4 -1 0 0 0 0 0 -4 -2 0 0 0 -1 2 0 -1 0 0 2 0 0 -2 -4 8 0 0 0 0 0 1 0 0 -2 -2 -1 -1 0 0 0 1 0 0 0 -4 2 0 0
2 2 1 0 -2 0 6 0 4 0 0 0 -3 2 2 -2 0 -2 6 -2 0 -4 0 1 0 0 -4 0 0 0 2 0 -1 0 -3 4 0 -1 0 -1 1 0 2 2 -6 -4 2 4 4 -1 0 4 0 -6 0 0 -2 -2 2 4 0 -1 0 0 1 -4 2 4 2 0 -2 0 0 2 -2 4 0 0 0 0 -2 0 0 -2 0 8 0 -3 2 4 0 0 0 0 1 -2 0 -1 0 0 0 2 0 0 -2 -10 0 -2 -3 -4 56 0 4 0 -1 0 2 0 0 0 -2 -2 -1 -4 0 0 2 0 0 -1 0 0 -2 -6 5 0 -1 2 4 -2 3 4 0 4 0 -2 -4 0 -2 -1 1 0 0 0 2 0 2 0 -5 2 4 0 0 0 -1 0 4 -1 0 0 6 -2 -1 0 0 2 4 0 0 4 0 -2 0 0 -1 0 1 2 0 4 3 0 0 -4 0 0 -4 0 0 -4 0 0 1 2 0 0 8 -4 2 0 2 0 0 0 2 2 -4 2 -1 0 3 4 0 -1 0 0 -4 1 0 0 4 0 2 0 -2 -2 0 0 1 2 0 0 0 -10 -4 4 -2 0 0 0 0 0 0 2 -2 -3 0 6 7 0 0 0 0 -3 0 0 0 0 2 0 0 1 0 2 0 0 0 0 0 0 0 0 -4 4 -1 0 2 1 -4 0 -2 2 -2 0 -2 -2 2 0 -1 0 4 0 -2 2 -1 0 2 -2 2 0 -2 4 0 0 0 0 0 0 1 4 -5 0 0 0 4 1 -4 -2 3 1 0 0 0 -4 4 2 0 0 2 0 0 0 0 0 0 -2 -2 -2 0 0 -2 -1 2 -3 0 -4 0 0 0 3 -1 0 -1 4 -4 -2 -6 0 -2 -1 -2 1 -4 -2 0 2 -4 0 1 2 -3 2 0 2 0 0 5 0 0 0 0 -2 0 4 0 0 0 -4 -4 -2 -4 0 0 0 1 0 -1 -4 0 -2 1 2 0 0 -1 0 0 4 0 0 4 0 -3 2 4 4 0 0 1 0 4 1 0 0 2 -2 0 -8 0 0 2 5 2 0 -1 0 0 0 6 2 -2 2 0 -2 2 4 0 0 -1 -1
0 0 0 0 1 0 -2 -1 0 0 0 2 0 0 0 0 -4 0 0 0 -2 0 4 -2 0 -4 1 3 0 1 0 0 0 2 0 2 0 2 -2 0 0 -2 0 0 0 1 4 5 1 -1 1 0 -1 1 0 0 2 4 1 2 -1 4 2 0 0 0 2 -1 -9 -4 -4 0 -1 0 -1 0 -1 0 0 -2 -2 0 0 0 1 5 2 0 4 2 0 0 0 0 1 0 0 -4 1 1 0 0 0 0 0 -4 0 0 6 0 0 31 0 0 6 0 0 2 -4 2 0 1 0 -1 0 0 0 -2 0 -1 2 0 0 2 0 0 0 -6 0 0 2 0 0 -4 0 -2 -2 0 0 0 -1 -2 0 0 0 0 0 0 0 -2 0 0 2 4 -2 0 0 1 0 0 3 1 0 0 0 0 -2 0 -1 1 2 1 0 -3 2 0 -2 1 0 0 0 0 0 0 0 0 0 3 1 0 1 2 0 0 0 0 -1 0 1 2 -1 -2 0 1 0 1 0 0 0 2 0 0 -1 0 1 4 0 0 4 0 0 1 0 6 0 0 0 -2 0 1 4 0 1 0 0 1 1 0 -3 0 -2 0 0 0 0 0 0 1 -3 0 -2 0 -1 2 0 -2 0 1 0 -2 0 0 -1 0 -4 0 0 0 0 1 0 0 0 0 0 0 2 0 2 1 1 2 2 2 -2 1 2 1 -2 0 0 0 0 0 1 0 4 0 -2 0 -1 0 -2 0 0 2 0 0 0 0 0 2 2 0 0 0 4 0 0 0 1 1 1 -1 0 -2 0 0 -2 0 -1 0 0 2 0 0 0 0 2 0 0 1 3 0 -2 0 0 -1 -1 0 0 4 2 0 0 0 -2 0 0 0 1 0 0 0 3 3 0 1 0 -2 0 2 0 0 0 1 -2 0 2 0 2 1 -4 5 2 -1 -2 0 0 0 0 -2 -2 0 0 2 -2 1 0 0 -2 4 -1 0 -2 0 0 0 -4 0 -2 -3 0 3 2 0 0 0 -2 5 -1 0 0 0 4 -2 0 0 0 0 -2 2 0 -1 4 -2 -1 0 1 -2 1 1 4 -2 0 -1 -4 5 0 0
4 -1 0 4 0 0 1 0 0 0 -1 -1 0 -2 -2 -3 0 0 0 0 0 0 2 0 0 -1 -4 2 -4 2 0 0 -2 0 -1 -2 -2 -2 0 -2 -4 0 2 -1 0 2 1 0 -4 -1 -4 4 2 0 0 0 0 -2 -2 0 0 -1 0 1 0 -2 0 0 1 2 0 -2 0 2 0 0 5 -1 0 0 0 0 0 2 0 4 4 -1 0 0 0 0 1 -1 -2 -2 4 0 1 2 -4 0 0 1 0 1 0 0 -3 0 4 0 38 2 -3 1 2 -3 0 2 0 0 0 -2 0 0 2 3 0 0 4 3 0 0 0 0 0 0 2 1 4 1 -2 2 1 0 0 2 0 0 -1 1 -2 2 0 5 1 0 0 0 0 -4 -6 0 2 0 -1 2 -4 1 0 0 0 0 0 1 0 0 0 0 4 3 -1 0 -2 0 0 0 -1 6 0 0 0 -2 0 0 1 0 0 0 0 0 2 0 0 -2 2 0 1 0 0 0 0 0 2 0 2 0 0 -2 -2 0 0 0 -5 2 0 0 0 -1 2 0 0 0 0 1 4 0 0 0 0 0 0 0 0 2 -5 0 0 0 1 0 0 2 -2 -2 -1 2 2 0 -2 0 0 0 1 0 0 0 -4 -2 0 2 0 0 -1 2 0 0 -4 0 -4 0 -1 0 0 1 -2 -1 2 0 -6 3 -2 5 -4 1 -2 2 3 0 -3 0 -2 0 -2 0 0 1 4 0 0 -3 0 1 2 0 -1 2 1 2 -2 1 -2 -2 1 0 0 0 0 1 0 0 0 0 1 0 2 0 1 0 2 0 0 0 2 -2 0 0 0 2 0 -1 0 -1 0 0 0 0 -4 1 0 0 -1 2 0 2 0 0 0 -1 0 0 -4 0 0 2 0 0 0 2 3 0 4 2 0 0 2 -2 0 0 0 0 1 0 0 0 0 0 -2 0 2 0 0 0 0 -2 0 0 0 0 -4 -4 0 0 0 0 0 0 0 0 0 0 0 4 0 0 -2 -3 0 0 0 0 4 0 5 0 0 0 1 0 4 -2 0 1 0 0 -2 2 0 4 -2 6 0 -1 0 0 0 0 0 0
4 0 -1 0 1 2 -1 0 0 -3 0 0 0 -1 0 0 0 2 0 0 0 -1 2 1 -2 -2 0 0 0 -2 -4 -4 -1 0 -1 0 0 -1 -1 2 0 -6 0 3 3 0 0 -5 0 -1 -3 0 1 0 0 0 -1 0 0 -4 0 4 -2 0 0 4 0 -2 4 2 0 -2 -1 0 -4 -2 0 -1 -2 0 0 0 0 0 -4 4 0 -3 -2 0 0 -2 -2 0 0 2 0 -4 -1 0 -4 0 2 0 1 2 4 -2 0 -4 0 0 2 38 0 0 0 -1 -2 0 0 1 4 0 1 0 -4 1 -1 0 0 1 0 0 2 0 1 0 0 2 -4 2 2 0 0 -4 0 2 0 1 0 -3 2 4 0 0 0 0 0 0 0 0 0 0 -1 0 0 0 1 4 0 1 0 0 0 0 4 0 2 0 0 0 4 0 -1 0 0 -1 -2 0 -2 0 0 0 0 0 0 0 0 0 0 -3 -2 0 -1 0 0 2 4 0 2 -1 2 1 0 6 0 0 -1 3 0 0 0 2 0 0 0 -3 1 0 0 0 -1 0 -2 2 2 0 0 0 0 0 -2 -2 0 1 -2 1 0 2 -4 0 0 0 0 0 0 -2 0 1 0 0 0 0 0 0 0 -3 0 1 1 0 0 -2 2 1 0 1 -2 0 0 6 -1 -4 0 0 4 1 1 -2 2 2 0 0 0 4 0 1 -1 0 0 2 -2 -2 0 -4 0 0 0 -1 4 0 0 0 4 0 0 1 0 5 0 2 0 -4 0 -2 0 0 0 0 0 5 -2 0 0 0 0 2 0 0 -5 0 1 0 0 -4 0 1 0 0 0 4 -1 0 0 -2 0 -2 -2 0 0 0 0 0 0 -1 0 0 0 0 0 -2 4 0 0 0 0 0 -2 -2 4 1 0 0 0 0 -2 0 -2 -2 0 2 0 0 0 0 -3 0 0 0 1 1 0 2 -4 -2 -4 0 -4 0 0 0 2 0 0 0 0 1 0 0 -2 0 0 4 2 0 0 0 0 0 0 0 2 -1 -2 -2 -1 0 3 2 0 0 -3 1 1 -1 0 0 0 -2 0 1 1 0 0 -2 0 -2 0 -4
-4 -4 0 0 3 2 0 0 -2 0 0 2 2 2 3 0 -1 -1 0 -4 0 0 -2 0 -2 -2 0 2 0 2 0 -2 1 2 -4 2 2 -3 -3 1 0 0 0 0 0 0 4 0 4 -3 0 -2 -2 0 -1 4 0 0 0 0 3 0 0 -4 0 0 0 0 4 0 0 8 0 0 0 0 1 0 0 -2 1 -2 0 0 1 1 0 -2 -4 2 0 0 -3 -2 1 0 0 0 3 4 1 0 0 0 0 0 2 2 2 -2 -1 6 -3 0 61 -1 1 -3 1 0 4 -2 -2 0 0 1 3 0 0 -2 -4 3 0 0 -2 -4 -6 0 -2 -2 0 -2 -6 0 2 0 2 0 0 4 -1 -1 0 1 0 2 0 0 1 0 4 4 -2 2 -1 0 0 2 0 0 0 0 -2 -1 -2 -4 -1 -1 -1 1 1 1 4 0 2 3 -1 1 0 -2 0 1 0 1 0 0 1 -4 2 2 5 0 2 0 0 0 0 0 3 2 2 -2 2 0 -4 2 0 0 4 0 -12 0 -1 -1 -3 0 4 3 2 0 2 0 0 2 1 4 0 0 -4 0 0 0 0 -2 0 0 2 -2 0 -2 1 0 -1 3 2 2 -1 -2 -2 4 0 0 -2 0 -6 -2 0 -2 0 -2 1 -2 -9 -6 0 -3 -4 2 -4 2 5 0 -2 -6 5 0 -3 0 2 2 6 -2 0 3 1 0 -2 1 1 0 2 -3 1 0 -4 2 0 0 2 0 0 0 -2 0 0 0 0 3 -1 0 0 2 -2 2 -4 0 0 -2 0 0 0 2 0 -1 -2 0 0 0 4 0 0 -4 2 1 0 -2 0 2 2 1 4 2 0 0 4 -1 2 6 4 -1 6 -4 -2 0 1 0 -4 0 0 4 -3 0 2 0 0 -2 1 0 3 -1 1 -2 0 4 -2 -1 0 0 1 -2 0 1 -4 0 -1 -5 -2 -2 2 -4 6 -2 -4 1 0 -4 0 -2 1 0 -1 -4 0 0 0 0 -5 0 -3 0 0 -5 5 0 0 -5 0 6 -8 2 -2 2 -4 0 -4 -2 3 0 1 0 0 0 0 -1 1 -2 -2 0 2 0 0 0 0 -4 0 -2 2 -2 0 0
0 0 -1 0 -4 0 0 1 2 0 0 -4 1 3 0 -1 0 0 -4 2 1 0 -4 -2 0 0 0 -4 0 0 2 0 0 0 6 0 -2 -1 -4 0 4 0 0 -4 0 0 0 0 -2 3 0 2 0 0 2 -2 4 2 -1 1 2 0 0 0 0 0 0 2 2 0 0 -2 0 2 0 1 1 -4 0 0 0 6 0 0 2 -2 0 0 1 0 -2 -2 1 -8 2 0 0 0 0 0 -2 -2 0 0 1 0 0 -2 0 0 0 0 1 0 -1 40 0 1 0 4 2 2 0 0 -2 0 -4 2 0 0 -1 0 3 0 0 4 2 0 0 0 -1 0 6 0 -1 0 0 0 2 1 0 0 -4 0 1 0 -2 0 -1 0 0 0 0 0 2 0 -3 0 0 0 -2 0 0 0 4 0 0 0 0 0 0 0 0 2 2 0 0 -1 0 -2 0 -2 0 3 0 0 0 4 0 0 0 0 0 0 -5 -4 -3 0 0 -2 -4 0 -2 -5 0 0 0 0 0 1 -1 0 0 0 0 -2 0 -2 0 0 0 0 4 0 0 0 0 -6 0 0 0 0 0 2 0 0 0 0 0 0 0 0 0 -2 1 0 -4 0 -1 0 0 0 -4 0 -1 0 -8 0 0 0 5 0 -2 2 0 2 0 0 4 0 -4 -2 0 -4 -2 0 0 3 0 -4 -1 0 0 -2 -1 0 -3 0 1 0 2 0 1 -2 -2 0 4 -2 2 0 0 3 2 0 -5 0 1 0 4 2 2 0 0 -1 0 0 0 0 1 1 0 0 0 1 -3 -1 6 0 1 1 0 -4 0 0 -4 0 0 -4 0 -1 -2 -2 2 -1 0 -4 0 0 1 -1 -2 -1 4 0 0 0 -4 -4 -2 1 2 -4 0 0 -2 4 2 0 0 -4 0 -3 0 2 8 0 -3 -2 4 4 0 0 0 0 -2 1 0 4 0 -2 -5 -2 -2 0 0 0 -4 0 4 0 1 0 0 4 0 0 -2 -1 2 0 0 0 4 -1 4 1 0 0 2 0 0 0 3 0 0 0 0 0 0 0 -2 -1 0 0 0 1 -1 0 0 3 2 2 1 2 0 0 0 0 4 2
0 0 4 0 0 0 2 0 0 4 -1 -1 0 3 -6 -1 2 -2 -4 0 -2 0 -8 0 -2 0 1 0 -1 4 0 0 0 0 -2 6 0 -6 0 0 0 -3 6 4 0 -2 1 0 -6 4 2 0 0 -2 0 -1 0 0 -4 0 0 0 0 -4 2 -2 0 0 2 -1 2 4 -2 1 0 -2 -1 0 0 2 0 0 1 0 0 -1 -1 -3 0 2 0 -2 0 2 -8 1 0 0 -2 2 -1 0 -2 -2 1 0 -2 1 -2 0 2 0 2 0 1 0 48 -4 1 0 2 -1 -2 -1 2 0 0 1 0 0 0 3 0 6 0 -1 3 2 2 0 0 1 0 0 -2 0 0 -2 4 0 -1 -2 0 0 4 4 4 0 0 0 1 1 0 4 0 2 0 0 -2 1 1 -1 3 0 -4 -2 0 -3 0 4 0 0 0 0 0 0 0 0 -2 1 0 0 0 -4 -2 0 -1 0 2 0 -4 -1 -6 0 -6 0 1 -2 1 0 0 3 -4 3 4 0 -1 4 0 -4 0 2 0 0 2 2 -5 4 -1 0 8 1 0 0 0 0 -1 0 0 2 5 0 -1 0 0 2 4 0 0 -1 5 0 0 0 -5 0 -1 0 1 -2 2 0 -2 0 4 -2 0 0 4 0 0 4 1 1 -2 0 0 0 0 0 2 0 0 0 0 0 0 0 1 0 3 -2 0 1 -3 0 0 0 -2 -2 2 0 -2 0 -6 -1 3 0 -3 0 0 2 -2 0 2 0 0 2 4 0 0 2 1 0 0 0 0 1 6 0 0 6 0 0 -2 0 0 0 -1 0 2 0 2 0 1 0 1 0 0 2 0 0 0 0 -2 2 -4 0 0 1 0 0 0 0 0 5 -3 0 -2 -2 0 -1 2 4 -1 -1 0 0 0 2 1 0 0 0 0 -1 -2 0 -6 1 5 0 3 3 -2 0 2 0 0 0 -1 0 0 3 0 0 -2 -2 0 -4 0 2 0 0 5 0 0 -1 -1 0 0 -1 0 0 1 0 0 1 0 2 -4 0 0 1 -5 -3 0 -2 1 1 2 0 -1 0 0 2 0 0 3 0 -4 0 0 0 0 3 0 0 -3 7
1 0 5 0 -2 4 0 0 0 2 4 0 -4 -2 -4 3 0 -4 -1 -6 -2 0 -2 -4 0 0 4 4 0 -1 0 0 0 0 5 -1 0 -1 0 0 2 2 0 0 4 -2 -2 0 -2 1 0 0 0 2 1 0 1 -2 -1 2 -2 0 -1 3 0 0 0 2 -4 0 0 0 0 -5 -2 0 -3 -4 0 0 -2 1 0 0 -5 0 0 -5 0 1 0 0 3 0 -2 0 0 1 1 -2 -2 -2 -5 -2 0 0 0 2 0 2 0 2 -3 -1 -3 1 -4 66 0 4 0 -2 8 -4 -1 0 0 0 1 0 0 -5 0 -1 2 0 6 -2 -4 0 0 -2 1 -3 1 2 0 5 -1 0 2 0 -1 1 0 -4 2 -2 0 0 0 -4 -2 0 -1 -2 -4 0 -2 -2 6 0 -3 0 0 0 0 -3 -1 -1 0 2 1 1 3 -1 -8 1 5 2 0 1 0 10 0 0 -2 4 7 0 0 5 0 0 -2 0 0 -1 -2 0 0 -1 -4 -2 0 1 -2 -6 0 0 4 0 0 0 0 -5 -6 0 0 0 0 -6 0 2 -3 0 0 -4 -1 0 0 0 4 0 0 0 0 0 -1 0 -5 0 -2 -2 0 1 2 -2 2 0 2 0 0 3 2 -1 0 4 0 0 1 0 -2 0 1 0 0 -2 0 6 -8 -3 -1 0 -4 0 2 5 -2 0 0 0 1 -2 -6 -1 0 0 2 1 2 0 3 -4 -4 -2 2 0 -2 0 -2 -4 -1 -5 -1 0 1 -4 1 2 0 -2 -4 0 0 -1 -2 0 0 0 0 2 0 0 1 0 -2 0 -1 0 0 -2 -1 2 6 0 0 -4 -2 -4 0 -2 -2 1 0 1 2 1 -2 -4 0 -1 1 -4 0 -7 -4 -4 -4 -3 -2 4 -11 0 -3 0 -2 -1 1 -8 -2 0 -2 3 0 0 -1 0 4 -2 -2 0 -10 6 0 -2 -6 0 0 -2 -4 -1 0 0 -1 0 2 0 -1 0 1 -7 0 0 1 -3 2 6 -4 -1 -1 2 0 0 2 0 1 -2 0 -8 -4 2 -1 0 0 0 4 -1 4 1 -1 -2 4 0 2 0 2 6 0 -2 1 0 0 0 2 0 0 -1 0 -4
0 0 0 0 -2 0 0 6 -2 1 1 -1 0 0 0 0 -2 0 0 1 5 0 -2 0 0 0 1 0 0 0 0 0 0 0 -1 -2 0 0 0 0 0 0 0 0 0 0 0 -1 -2 0 0 0 2 -2 2 0 0 0 0 -2 0 0 -2 -1 0 0 -5 0 2 0 0 0 0 0 1 0 0 0 -2 0 0 0 1 0 0 0 0 0 0 0 0 2 0 2 -1 0 0 0 -2 0 1 0 0 0 0 -2 0 0 2 0 0 -4 0 -2 1 0 1 0 20 -1 0 0 0 0 0 1 0 0 0 -4 -2 0 0 0 0 0 0 -2 -1 0 -1 0 0 2 0 0 1 0 0 0 0 0 0 0 0 0 -2 0 0 1 0 0 0 0 0 0 0 0 0 -2 2 -1 0 1 0 -2 0 -2 2 0 -1 -2 -2 2 0 0 0 0 -1 1 0 0 0 1 2 0 -2 0 2 0 1 0 0 0 -2 2 0 0 0 0 0 3 0 0 0 0 0 0 0 0 -1 2 0 -2 0 -3 0 4 0 0 0 -1 0 0 -1 5 -1 0 0 0 -2 0 0 0 0 0 -2 0 0 -1 0 0 0 0 0 0 0 0 0 -1 0 0 -2 0 2 0 -4 -2 0 0 0 -2 0 0 0 2 0 0 0 0 0 -1 0 0 0 0 2 0 0 0 0 1 0 0 2 0 0 0 -1 0 -4 0 0 0 -1 0 0 0 0 0 0 0 -2 -2 -2 0 -1 0 0 0 0 0 0 0 2 0 2 0 -1 0 -2 0 0 0 -1 0 -1 0 0 2 0 0 0 0 0 0 0 0 0 0 0 -2 0 2 0 0 0 0 0 0 0 -2 -2 0 0 2 0 -2 -2 0 -2 0 0 0 0 -2 0 -4 0 0 0 -2 0 0 2 1 0 -2 -5 1 0 -6 0 0 0 -1 4 1 2 0 0 -4 1 0 0 -1 0 -2 1 0 2 0 0 0 0 0 0 0 0 0 0 0 0 -2 -1 0 0 0 1 -2 0 4 0 4 -2 -2 -1 0 4 0 0 0 0 0 -1 3 -2 0 0 1 0 4 0 0 0 0 2 0 2 0
2 0 0 -2 -1 4 0 0 5 0 0 -1 0 1 2 1 0 0 0 -1 0 -1 2 10 0 0 2 0 -4 2 -1 0 0 -2 2 0 3 -2 -2 0 2 -4 -4 0 0 0 0 -2 0 0 -1 0 0 0 -2 0 0 -2 2 2 0 4 0 0 0 1 1 4 -2 0 0 -3 0 0 0 0 4 -2 0 2 0 -1 0 4 2 0 0 -2 4 0 4 0 2 1 0 0 5 0 0 0 0 0 0 2 0 0 0 0 0 0 0 2 2 0 0 4 0 4 -1 65 -5 0 0 -9 0 0 0 1 2 0 -1 2 0 0 8 1 0 0 0 4 0 -3 2 -4 0 0 -1 0 0 0 1 0 -3 0 -1 2 0 0 -2 -1 0 -2 0 0 -2 0 0 4 -4 -1 0 -4 0 1 10 0 0 0 0 5 2 1 4 -1 0 3 -2 1 -4 -1 -2 0 10 2 -1 0 2 0 0 0 0 2 0 2 -2 -1 0 0 0 -1 0 -2 -2 0 0 2 1 0 0 -2 0 -2 0 0 -4 2 0 -2 1 -2 0 0 2 0 0 2 0 2 0 0 6 0 0 0 -2 0 -2 -2 0 0 -1 0 -1 0 0 -1 0 -4 0 0 2 0 0 0 0 -1 0 0 0 0 2 0 0 0 1 0 0 0 1 0 0 0 -1 0 0 2 -4 0 0 -2 0 0 0 0 -4 0 4 6 0 0 0 -4 -2 0 0 0 0 -3 0 0 0 2 -1 -12 4 0 -5 -2 0 0 0 -2 0 0 -4 -2 0 5 1 0 2 -2 0 0 -2 0 0 0 0 0 0 0 0 0 2 -2 -1 0 0 0 4 4 0 0 0 -10 0 9 -8 0 0 1 -2 -2 0 0 0 -2 0 0 1 4 0 0 -1 0 0 0 0 2 0 0 0 0 -8 0 -1 -5 1 2 0 0 3 -10 0 1 6 2 0 0 0 10 -1 0 0 1 1 0 1 0 0 0 0 0 0 0 1 0 0 0 0 0 0 -1 1 6 0 0 1 0 0 0 0 0 3 0 1 0 -1 0 0 -1 0 2 2 0 0 -4 2 -5 0 1 0 -2 0 0 2 10 0 1
0 1 2 2 0 0 -6 2 0 1 1 0 -1 1 -2 0 -2 0 -1 0 0 1 -2 -2 -1 -2 0 3 1 2 -2 0 2 1 -2 0 -4 -3 0 0 0 0 1 -2 3 0 1 0 -2 0 2 -2 0 0 0 4 2 0 0 -2 0 -1 0 3 -2 0 -4 -2 3 -1 2 0 0 0 2 0 0 0 2 -4 0 0 0 4 0 -3 0 -2 -2 -2 0 -1 -6 0 0 0 -2 0 -3 -2 -1 0 -2 0 3 0 0 1 0 0 -2 0 0 0 4 2 2 0 0 -5 60 2 2 0 1 -2 -1 -2 0 0 -2 0 0 2 -6 0 -7 4 0 -9 0 -2 1 1 0 1 4 0 4 8 -1 -2 -1 2 1 0 -2 2 6 0 0 0 0 3 0 0 2 3 0 -4 0 1 -2 0 -4 0 -1 0 -2 -2 -3 2 0 3 -2 1 -3 0 1 -2 0 0 0 0 0 0 2 -2 0 0 0 2 5 -2 0 2 -2 2 -2 -4 -1 2 5 2 -5 2 -4 2 0 2 1 6 2 3 0 0 -2 3 -2 0 1 0 1 -1 -8 4 0 -2 0 1 -1 0 0 0 -2 -1 0 0 0 0 0 -8 2 0 2 0 0 -2 2 -1 -1 0 0 -2 -2 0 -2 0 1 0 -5 2 -4 -2 0 2 2 -4 2 0 1 -4 0 0 -1 1 1 1 3 2 6 0 0 0 1 4 -3 0 -4 -3 0 2 0 8 -2 4 0 0 1 0 0 0 -5 1 0 2 0 -1 1 -1 -2 -2 4 0 -5 2 -1 -4 2 -5 1 3 -2 0 2 -2 4 -4 0 0 2 0 2 2 -4 0 4 0 0 -1 -2 0 -4 -4 4 1 -6 2 3 0 2 -1 0 0 0 0 0 -2 2 0 4 1 6 2 0 0 2 0 6 0 2 1 2 2 -2 0 -2 0 1 2 0 0 0 1 0 0 1 -2 -4 -1 -1 0 0 5 2 -4 0 0 1 0 3 0 0 2 -1 0 0 1 0 0 0 -3 3 -2 -1 -3 -2 0 4 0 -10 -1 1 -2 0 4 -8 0 0 -2 0 0 0 -2 2 0 -2 0 0 0 2 0 2 0 2 0 -3 -2 0 0
0 0 -4 0 0 0 -2 0 -4 0 0 0 0 1 0 3 -3 0 -3 0 -3 3 0 5 0 -2 -3 0 0 -3 0 0 0 -3 2 0 -4 0 0 0 0 0 0 -2 1 3 0 -2 0 0 0 0 0 0 0 0 -2 0 1 2 0 0 -4 0 1 0 0 -4 -1 1 -2 0 0 0 0 -2 0 -2 -2 1 1 3 -4 4 1 -2 4 0 0 7 0 -1 0 0 2 -1 -4 0 0 0 1 -1 -5 0 -3 0 0 -2 0 0 -2 1 0 1 -2 2 -1 -2 0 0 2 42 0 0 4 0 -6 3 -2 3 2 -2 1 0 0 0 1 1 -1 0 -2 0 0 0 -3 0 0 2 1 0 -1 0 0 0 0 1 -2 4 6 0 2 0 -2 -1 0 0 3 0 2 0 -1 0 2 0 0 0 0 0 -1 0 0 0 -4 1 -1 -2 0 0 0 -7 0 2 1 0 0 0 0 -3 1 2 0 0 0 -1 -2 -2 0 0 0 -2 -1 0 0 0 0 1 0 1 6 0 0 0 0 5 0 1 -4 0 1 0 -4 0 6 -4 -2 0 1 0 0 -1 1 0 0 0 -5 0 -2 0 0 0 -3 0 0 7 0 0 0 -1 1 1 -2 0 2 0 1 0 -2 1 0 0 -4 0 -1 -1 -4 0 0 -6 1 1 0 0 -1 6 -3 -1 1 0 0 -2 0 0 0 -2 0 0 0 0 0 -2 1 -1 1 0 2 0 2 2 -1 -2 1 2 2 -1 0 1 0 1 0 0 -4 0 0 0 -2 0 -6 3 0 2 -1 1 -1 -3 0 2 3 -1 -4 0 0 4 0 0 -2 0 0 -1 0 -2 0 4 1 1 0 0 0 -4 0 1 -2 -2 2 0 0 0 -1 0 0 2 0 1 6 -6 2 3 0 2 0 0 2 -3 4 -3 2 0 -1 0 0 0 0 1 0 -2 0 0 1 0 -2 4 0 0 -2 0 -1 0 0 1 4 0 3 1 0 0 0 0 0 0 0 0 -6 3 0 0 2 1 -2 0 3 0 -1 0 1 -2 -1 -2 -6 4 -2 -3 -2 0 0 -2 0 0 -1 0 -1 0 0 -1 0 1 -4 -2 0 1 2 3
4 -2 -1 0 -2 -1 0 2 0 1 0 0 0 -2 4 0 0 1 0 -2 0 0 0 0 -2 0 -2 0 1 -2 -4 2 -2 0 3 -3 0 4 0 0 4 0 0 2 0 -1 -2 -4 0 -1 -1 0 2 0 0 0 -1 -2 0 -4 0 0 0 2 0 2 -4 2 0 -4 1 0 0 -2 0 -5 -2 0 2 0 0 -2 0 0 -1 1 0 -4 0 -1 2 0 0 0 -4 0 1 4 -2 0 -2 0 -4 0 0 0 0 -3 0 0 -1 0 0 4 -2 0 -2 8 0 0 2 0 43 4 1 -1 0 -2 0 0 0 -6 -1 0 1 0 0 0 0 -4 1 4 0 0 0 1 0 4 0 2 2 0 1 -1 0 1 2 0 0 0 0 0 0 0 1 2 0 0 2 0 0 0 2 0 0 2 0 0 2 4 2 1 0 0 -1 0 0 0 -2 0 0 0 0 -4 0 0 1 0 0 -2 0 0 0 0 2 0 0 4 -2 2 1 0 2 2 0 0 2 -4 -1 0 0 0 0 -1 0 2 0 -1 0 0 0 2 0 0 -2 1 0 0 -2 -1 0 0 3 -2 0 3 0 0 0 0 0 0 0 -1 0 1 2 0 0 -2 0 -2 0 2 0 0 0 0 0 1 0 -4 -1 0 1 1 0 0 -4 0 2 -2 0 -2 0 2 0 1 4 -2 0 0 0 0 2 4 2 0 0 1 0 0 2 -1 -4 0 0 -4 0 0 -4 0 2 -2 2 0 0 -4 0 -2 1 0 -4 -2 0 -1 0 0 0 -2 0 1 -1 0 0 2 0 -2 0 0 1 0 0 -4 1 0 -2 6 -1 -2 0 0 0 1 0 0 4 0 0 -1 0 0 0 0 1 0 2 -2 -2 4 0 -1 0 0 0 0 -3 0 0 -6 -2 -1 -1 -4 -1 0 0 -4 -2 0 0 0 0 1 1 0 0 3 1 1 -4 0 0 4 0 -2 2 0 0 0 -1 0 1 0 0 0 0 0 -2 -2 2 0 0 1 0 2 -1 0 -3 0 -4 -1 2 0 -4 1 2 2 0 1 0 0 2 0 0 0 0 0 0 2 0 2 3 2 0 0 2 0 0 -2
-1 -2 -2 1 4 -4 0 1 0 -1 0 -2 -4 2 2 1 0 -2 1 1 -2 0 0 0 0 -4 1 -6 4 2 0 1 0 2 1 2 0 2 -2 2 1 0 0 0 1 5 0 0 0 -2 1 3 0 3 -2 0 2 0 0 0 6 0 0 0 -1 4 0 0 -5 -4 2 -1 0 0 2 0 0 -1 0 0 0 0 0 -4 0 0 2 0 0 -2 0 1 -2 0 0 -5 -5 1 1 -2 0 2 4 -2 0 6 0 6 0 0 -4 -1 -2 0 0 0 -1 -4 0 -9 0 0 4 62 -1 0 4 0 0 0 1 0 0 1 0 -3 -2 1 2 -8 3 -2 0 -5 2 0 -1 0 0 -1 0 -1 0 -1 0 -8 -1 0 -2 -5 -2 3 2 4 4 0 -2 1 4 2 -2 -2 1 2 -4 5 0 0 2 3 0 -4 -2 0 -2 -2 2 -2 0 8 0 2 -2 -1 0 0 3 -2 0 0 0 -2 3 -2 1 0 -5 0 0 0 -2 0 -2 0 -3 0 1 -5 3 -2 0 -2 0 -1 4 0 2 0 -1 0 -3 -2 2 0 0 -2 2 4 0 0 0 0 -2 8 0 2 -5 0 -1 0 0 0 -2 -2 -4 0 2 0 -1 0 -6 2 4 -7 0 0 0 2 -2 -4 -1 0 0 0 -1 -2 0 0 -5 0 0 2 5 1 2 0 7 -1 0 0 0 2 -1 1 0 2 1 -4 -2 2 0 2 0 1 0 -4 0 0 -1 -2 0 -1 0 2 0 0 1 -4 0 0 1 0 0 2 -1 0 0 -3 0 0 0 0 0 8 2 -8 0 0 9 0 -4 0 0 0 0 -2 0 0 -1 0 -2 0 -2 2 0 0 -5 -4 6 0 0 0 2 2 2 -2 4 0 0 1 0 0 0 0 0 0 -4 1 0 4 2 0 -2 0 2 1 0 1 0 2 6 1 -4 -3 2 0 4 -6 0 0 7 -2 2 0 0 0 0 1 -2 -4 0 0 0 1 0 0 2 0 1 -1 0 0 0 -2 -4 -1 0 0 -2 0 5 2 0 -2 1 1 4 1 0 0 0 0 2 -1 1 -2 0 4 0 -4 3 8 -6 2 -4 1 0 -3 0 0
-4 0 0 0 0 -4 2 0 0 0 2 0 0 -1 -2 0 -1 1 0 8 -1 -1 0 3 -1 4 -1 2 0 2 0 0 0 -1 4 2 0 -2 0 0 0 2 0 0 2 1 0 -2 -3 0 -3 2 0 0 0 -1 -1 0 -1 0 -1 -1 -2 1 0 0 1 0 0 0 0 1 2 0 0 0 0 0 0 3 1 -1 2 0 0 1 0 0 2 1 1 -3 0 2 0 -1 -2 2 -3 0 0 1 2 0 -1 0 -1 0 0 -1 0 0 0 1 0 -2 2 -1 0 0 1 4 1 -1 27 0 0 0 0 0 0 0 0 2 0 0 1 0 0 -2 -2 0 0 0 0 -2 -2 2 -1 0 0 0 0 0 2 0 -1 4 -2 0 0 0 0 2 -2 0 0 0 0 1 2 0 0 2 0 -4 2 1 -2 -2 0 0 0 0 -2 0 -2 -1 0 0 0 0 0 0 -2 0 2 0 2 0 0 0 0 0 1 4 -2 0 2 0 0 0 2 0 1 0 0 -10 2 0 2 0 2 0 0 -1 0 0 0 0 0 0 0 -2 -2 0 0 0 1 1 2 4 0 0 1 0 0 0 3 0 2 0 0 0 -1 0 0 0 0 1 0 0 0 -3 0 0 2 0 2 0 0 4 -1 -1 0 0 2 -1 1 0 0 0 0 4 -1 0 0 0 1 -1 0 0 -1 2 0 2 0 1 0 4 4 -2 0 0 0 2 1 0 0 2 0 0 0 -4 2 0 -1 0 1 0 -1 0 0 0 0 0 0 0 -2 0 0 5 0 -1 0 0 1 0 0 0 0 0 2 0 0 0 2 2 0 2 0 0 0 2 0 -1 0 -2 0 0 -4 0 0 0 0 0 -2 -2 0 0 2 1 -1 2 0 0 2 0 2 0 0 -2 0 -1 2 0 -2 -6 0 -2 0 0 1 2 1 1 -1 -2 0 2 0 -1 0 0 0 0 2 0 -2 0 1 0 0 -4 0 2 1 -1 0 0 0 1 0 1 -1 0 -5 0 0 0 -1 -2 0 2 2 1 -4 0 0 0 2 0 0 0 -5 0 2 0 0 0 0 0 3 0 2 -1 0 2 -4 2
0 0 0 2 0 0 0 4 0 0 1 0 0 0 1 0 0 0 -2 0 -2 0 0 0 0 0 0 -2 1 0 0 0 -1 0 0 -1 0 0 0 0 0 0 0 0 -2 0 0 0 0 0 2 0 0 0 0 0 0 0 0 0 0 0 0 0 -2 0 0 4 -2 0 0 0 0 0 0 0 0 -1 0 0 0 0 0 2 0 -1 0 0 0 0 0 0 0 0 0 0 0 0 -1 1 3 0 0 0 0 0 0 -2 0 0 0 0 0 0 1 0 0 0 1 0 -2 0 -1 0 0 17 2 0 -4 0 0 0 1 0 0 0 0 0 0 0 -1 0 0 0 0 -1 0 0 0 0 0 0 0 0 0 5 0 0 0 2 0 0 0 0 0 0 0 0 0 0 0 2 0 2 4 -2 0 0 -2 0 -2 0 0 -2 0 0 0 0 0 0 4 0 -2 1 0 0 0 0 0 2 0 2 0 0 0 0 2 0 0 0 2 -1 0 0 0 0 0 0 0 0 0 0 0 0 0 0 0 2 0 0 -2 0 0 0 0 0 0 0 0 -1 0 0 -4 0 -4 -1 0 0 0 0 0 -2 4 0 0 0 0 0 0 -2 0 0 0 0 -4 0 0 0 0 0 0 0 2 0 0 -1 -2 0 0 2 0 0 0 -1 0 0 1 2 0 0 0 0 0 -1 0 0 0 0 0 -1 0 0 0 0 -1 0 0 -2 -2 -3 0 0 0 0 0 4 1 0 -1 0 0 0 -2 0 -1 0 0 -2 0 0 -2 0 0 -4 -2 0 0 -1 0 0 0 0 0 0 0 -1 0 0 0 0 0 -1 -1 -1 0 0 0 0 0 0 0 0 0 0 0 0 -2 0 0 0 -2 0 -2 0 0 0 1 0 0 0 1 -2 -6 0 -1 0 0 0 2 0 0 0 -2 -1 2 0 0 0 0 0 0 0 0 0 -4 0 0 1 -2 0 0 0 0 0 0 0 0 0 0 0 -2 0 0 0 0 0 0 0 -1 0 0 4 0 5 0 0 0 0 -2 1 0 0 0 0 2 0 -1 0 0 0 0 1 2 0 0 2 -3 0 0 0
0 0 0 0 0 6 0 0 0 0 -2 0 0 0 -2 -4 2 0 2 1 0 -4 0 0 0 0 0 2 0 0 0 5 0 0 -4 0 0 0 0 -2 0 2 -4 2 -2 0 -2 3 0 4 0 0 2 0 2 1 2 -4 3 2 1 0 0 0 0 -2 0 0 1 -2 0 0 -1 4 0 0 0 6 3 0 -2 0 0 1 -2 3 -1 0 6 1 -1 1 -1 -1 -2 0 0 0 2 0 -1 0 0 0 0 4 -2 -1 0 -2 2 0 2 -4 3 -4 0 0 0 0 -1 -6 0 4 0 2 50 -2 -2 1 0 0 -2 -2 -2 2 0 0 -1 2 0 2 0 -2 2 -4 -1 0 -2 0 -4 0 -2 0 1 -2 1 -2 0 -2 2 0 2 0 -3 0 -2 -1 -2 2 2 0 -2 0 0 2 0 0 0 0 0 -1 0 0 0 0 0 0 0 2 0 0 0 0 -2 -2 0 3 -6 0 0 0 2 1 1 0 0 -1 -5 0 0 -1 0 0 0 0 0 -2 0 0 -1 0 0 1 0 1 2 0 0 0 -1 0 -2 -4 2 4 1 0 0 0 1 -1 3 0 -7 0 0 0 1 0 0 0 1 0 1 0 2 0 0 1 -2 0 -4 0 3 -1 0 1 0 0 1 -1 -3 2 -1 -1 2 0 0 -2 2 -4 4 -4 2 0 -7 1 0 0 2 1 0 0 0 0 1 2 0 0 0 -3 0 2 -2 -1 -3 0 4 0 0 0 -4 4 0 2 0 0 -2 0 2 0 -1 -2 6 2 -1 -6 0 2 0 -4 2 2 5 0 4 -1 4 1 -2 0 0 -1 8 0 -2 4 0 2 -1 1 4 -2 0 0 0 0 0 0 3 0 -4 0 -1 -2 7 0 -4 -2 0 0 -3 0 0 -7 0 0 0 4 2 1 -2 0 -4 0 0 -1 0 0 0 0 -1 0 0 -3 -1 4 0 -6 -4 0 0 0 -1 0 4 -1 0 -2 2 -2 0 0 0 4 -2 1 -1 0 0 0 -4 2 -2 0 -4 0 -2 0 0 -1 0 2 0 2 2 0 0 -1 2 0 0 0 -2 -3 5 -2 -2 -2 0 0 0 -1 0 2 2 -3 0 -4
0 0 0 0 2 0 0 2 -2 0 0 0 0 0 1 0 2 0 -3 6 0 0 1 0 2 2 2 1 2 0 0 0 -1 0 1 1 0 -6 0 1 -2 0 -2 -2 2 0 2 -1 1 4 -2 0 2 0 -1 0 1 0 0 0 0 0 0 0 0 0 0 0 2 2 0 0 0 0 0 0 2 -5 2 0 1 -2 -6 0 1 -4 0 0 2 0 2 0 -3 0 0 0 5 0 1 0 -1 6 -2 1 0 -2 0 -2 -4 6 0 -2 3 1 0 2 1 0 0 1 -2 3 -2 0 0 0 -2 31 0 0 0 3 0 0 0 0 0 0 0 0 0 -1 0 0 0 0 0 0 0 0 -1 0 -1 0 1 -1 0 -4 2 0 1 -2 0 0 1 1 1 0 0 -1 0 0 1 0 0 0 1 0 0 2 1 0 -2 1 0 -1 -2 0 0 -1 0 0 2 0 8 4 0 0 0 0 1 0 2 0 -4 3 0 0 1 0 0 3 0 0 2 0 0 1 0 0 2 0 0 0 0 0 0 0 -2 -4 -2 -2 0 -2 1 0 0 0 0 4 1 0 0 0 -2 2 -2 0 0 0 -1 0 -1 3 0 2 -1 3 0 -2 1 0 0 0 -2 0 2 0 1 2 0 0 0 2 0 0 4 0 0 4 0 0 -1 2 1 0 1 0 0 2 0 0 0 0 -2 2 0 1 1 0 0 0 -1 0 0 2 -4 1 0 0 -1 0 2 0 0 -1 0 4 0 2 2 -1 0 0 0 1 2 0 0 0 0 0 0 -2 1 -1 0 -2 1 0 2 2 0 1 0 -1 0 -1 -2 1 0 0 2 0 0 -1 0 2 -2 4 0 1 1 -1 0 2 -2 0 0 0 0 0 -1 0 -3 1 2 0 2 -6 1 0 0 2 2 0 1 1 1 0 0 -1 0 2 0 -1 -3 0 0 0 0 0 2 1 0 0 1 0 2 0 0 0 0 3 2 0 5 -2 1 0 0 1 2 -4 0 0 0 2 1 0 0 0 0 0 1 0 0 0 0 0 -1 -3 0 -2 0 -4 2 0 0 0 0 0 4 0 0 0 2 1 0 0
0 0 0 2 0 0 2 -6 1 0 0 0 0 0 0 0 0 0 6 0 4 0 0 0 0 0 0 0 0 0 0 0 4 0 0 -6 2 0 -2 4 0 1 2 2 0 0 -2 -2 0 0 -2 0 4 0 0 1 0 0 -2 2 0 4 0 2 0 0 2 -2 0 0 -2 -2 2 0 0 0 2 0 4 5 0 0 0 -6 4 -1 -2 0 2 1 0 2 2 4 0 0 0 0 2 0 0 4 0 0 0 2 0 4 -5 2 0 0 0 -1 0 0 0 1 0 2 0 -2 0 0 0 -4 -2 0 46 0 0 0 0 4 0 -4 0 2 0 -2 0 -2 0 0 0 4 -2 2 0 0 2 0 0 0 0 -1 -2 -4 0 -2 0 -2 0 2 0 -2 -4 -2 2 0 0 0 -4 0 2 0 0 2 0 3 2 0 -2 0 -1 -2 -2 -4 0 2 2 -8 4 0 4 0 0 4 1 1 0 0 5 0 0 0 0 0 0 -1 -4 0 0 2 0 0 0 -4 0 -1 0 4 0 0 0 2 0 -3 1 0 0 0 1 0 1 2 -4 0 1 0 -4 0 -2 -2 -4 0 0 -1 0 0 1 0 -4 0 4 -2 1 -1 0 0 0 -2 4 0 -2 -2 -1 2 0 -2 -2 0 -4 0 0 0 0 2 -1 0 -4 0 0 -2 2 2 -2 -2 0 1 0 -6 -1 0 2 -3 0 0 0 0 0 -2 0 2 0 -2 0 0 0 0 -1 -4 0 0 4 0 0 -1 1 0 0 0 -1 1 0 0 0 2 -1 -4 0 -5 0 4 2 0 0 0 2 4 0 2 2 0 0 0 0 0 -4 0 6 0 4 -2 0 2 0 1 0 2 4 0 0 0 2 -5 0 0 0 1 0 0 0 0 -2 0 0 -4 0 4 -2 0 0 -2 0 0 0 2 2 0 0 -2 -2 0 0 0 2 0 -5 0 2 0 -4 -2 -1 0 0 0 0 0 0 -4 0 0 0 -1 2 0 0 -4 -2 0 -4 0 0 0 1 0 -2 0 0 -1 0 -4 0 4 0 2 4 -1 0 0 0 3 -2 0 0 2 -2 0 1 -1 -2 0 0 -2 0 4 0 0
-2 0 -1 0 2 0 0 0 0 0 0 -4 0 0 -1 1 -3 -2 1 1 0 0 0 -3 0 -6 0 0 1 0 0 0 0 0 0 0 -2 -2 2 0 0 0 0 0 0 0 1 0 0 0 0 -2 0 0 -2 0 -1 0 -1 0 1 -1 -6 -1 1 0 4 0 0 0 0 0 0 0 0 0 -1 0 -1 2 0 0 -2 0 -3 -1 7 -2 2 2 0 0 0 0 -1 -2 0 -1 0 1 0 -1 0 0 0 2 0 0 -1 0 -1 -1 0 0 -2 0 0 0 -4 0 0 3 0 0 0 0 1 0 0 31 -1 -3 0 0 2 0 0 2 -1 -3 -3 2 -4 -2 -2 0 0 0 1 2 0 0 0 0 0 -2 4 0 -1 2 0 -1 4 0 0 0 2 -1 0 2 -4 -2 -1 0 0 -2 2 0 -1 -1 0 1 2 0 2 0 0 0 -2 0 0 -4 1 0 0 0 3 0 -2 2 1 0 0 1 3 0 0 2 -1 0 -1 3 2 0 0 0 0 0 0 -2 -1 -2 1 1 0 0 0 0 0 0 0 0 -1 2 0 0 2 2 0 -1 0 -4 0 0 2 0 0 -4 0 0 0 0 0 2 0 0 0 0 0 0 0 -2 1 0 0 0 0 0 -4 3 0 2 3 0 0 0 0 0 0 0 1 0 7 2 0 -4 -6 0 0 -4 0 -1 0 1 0 1 2 0 8 2 4 0 0 2 1 0 0 2 0 0 -2 0 2 0 2 1 0 0 0 0 0 0 -1 1 0 -3 -1 0 0 -2 0 0 0 0 1 0 4 0 0 -2 0 0 -2 0 0 0 0 1 0 2 2 0 -1 0 0 0 -6 -4 0 0 0 0 0 3 0 0 -1 2 4 0 0 0 2 4 0 -3 -1 4 0 -1 2 -1 1 0 0 -4 -2 0 0 0 -5 6 0 -2 0 0 0 0 -2 1 1 4 0 0 0 4 -1 0 2 0 0 -2 0 0 0 0 0 3 0 0 -2 0 0 0 1 1 0 -2 0 0 0 0 0 2 -1 2 -2 0 -6 0 4 0 0 2 0 0 2 0 -1 0 0 1 -2 0 0 -2 -2 0 -1 0
3 -4 1 0 0 -4 -4 -1 0 0 -6 2 0 -2 -4 -1 0 0 0 4 -2 0 0 -2 0 4 1 0 0 -1 6 0 0 2 0 0 -2 1 -2 0 -4 0 0 0 0 0 0 2 0 0 1 2 -6 4 0 4 -2 2 2 8 0 -2 2 -1 3 -1 0 0 -4 0 0 0 0 0 0 0 1 0 0 0 0 -4 0 2 0 1 2 0 0 4 0 0 0 0 2 -2 0 0 2 0 -6 0 -1 -4 -4 0 2 2 0 0 0 2 4 0 -4 -1 0 0 -2 -1 -2 2 0 1 0 0 0 0 0 -1 51 0 0 0 0 -4 -2 0 0 -1 0 2 2 0 0 8 -4 2 0 4 -3 -1 -2 0 -2 0 7 0 0 0 0 0 0 0 0 -2 0 0 4 0 0 0 0 4 6 0 0 2 -4 0 0 -6 0 2 3 0 -2 -1 0 0 0 -9 -2 0 0 0 0 2 2 0 0 0 -2 0 1 0 4 -2 0 0 2 -5 0 0 0 0 0 -1 -4 0 -5 -2 0 0 2 2 2 -2 -1 0 0 0 0 -6 1 0 0 3 0 0 0 -4 0 4 2 4 0 -2 0 0 1 0 4 0 0 -4 0 2 0 0 -2 0 0 0 -2 -1 0 0 0 3 -1 0 0 2 2 0 0 0 -1 4 -4 2 0 5 2 0 0 2 -2 0 0 4 1 3 -2 1 1 4 0 0 6 2 0 0 0 -2 0 0 -1 -2 0 6 -2 3 -2 0 -4 -8 0 -2 2 0 -4 -1 -6 1 -4 -2 5 0 -4 -2 2 -2 0 0 2 0 0 10 -2 0 0 0 0 0 0 1 0 0 -2 0 0 0 2 0 2 0 -2 -4 0 0 0 2 0 -4 6 4 0 1 2 0 -2 2 2 4 -2 0 -4 0 1 4 -4 4 0 0 0 -1 0 -4 4 2 -4 1 2 -1 0 0 0 0 0 0 0 0 0 -2 0 0 4 0 -2 2 0 0 0 0 0 0 0 0 6 1 0 3 4 8 -6 0 0 2 -4 0 0 2 0 0 0 -2 1 0 0 0 2 1 1 -4 -1 0 2 0 2 2 0 0 0 0 -4 0 4 2
5 -2 0 0 0 2 0 0 -2 0 0 3 2 0 0 -4 0 0 0 0 2 0 0 0 0 -2 0 2 -2 2 0 -2 1 1 2 0 0 -7 0 0 0 -4 0 3 0 0 3 0 0 0 2 0 0 0 2 0 1 -2 4 -2 0 4 1 0 0 0 0 -2 2 1 2 0 2 0 0 0 6 0 0 2 0 0 0 -4 4 1 -2 5 2 0 0 0 0 0 -4 0 -2 0 5 -2 0 0 0 0 2 0 0 1 0 -2 0 0 3 1 3 0 3 -5 0 2 0 -2 -6 0 0 0 0 3 0 -3 0 50 0 0 -4 0 1 0 0 2 3 0 0 0 0 0 -2 1 0 5 -3 0 0 0 0 0 0 4 0 0 0 0 0 -1 1 0 0 0 0 0 0 0 0 0 0 0 1 0 -2 0 0 0 2 0 0 1 -2 0 0 0 0 0 0 0 2 0 0 0 2 0 0 1 0 -2 -1 4 0 0 1 -6 -2 -3 0 0 0 1 0 6 0 0 2 3 -4 0 2 -2 2 -2 0 4 0 1 2 -4 -5 0 -6 2 -2 0 0 0 0 0 0 0 0 -2 -4 0 2 2 0 -3 2 2 -7 -3 0 0 0 0 -3 0 -2 0 0 -1 1 0 -2 0 -2 -2 4 0 4 0 0 0 -4 0 -2 -2 4 0 0 0 3 0 0 0 1 3 0 4 -6 2 0 4 2 0 -7 4 -1 2 0 0 0 -2 0 0 0 0 4 -2 2 6 0 0 0 0 0 0 0 2 0 2 0 0 0 0 0 0 0 0 0 -2 0 0 2 0 0 2 0 2 6 -1 0 2 1 0 0 -2 4 0 0 0 2 0 -2 0 0 -2 0 0 0 2 0 0 0 0 2 0 0 1 -2 2 0 8 3 0 0 -4 6 0 0 4 0 0 0 0 0 1 0 2 0 0 0 0 0 0 -2 0 0 0 -4 0 0 0 0 0 0 -4 0 0 2 1 0 0 0 4 0 4 -4 0 0 0 -1 0 -2 -4 -2 -2 0 0 0 0 -2 0 -2 0 4 4 0 0 0 0 0 -2 0 2 -2 0 -2 0 1 0 0 -2
0 0 0 0 -4 0 0 0 0 1 1 -1 2 -1 1 -2 1 0 0 0 1 2 0 -1 -1 0 0 -2 -1 -2 0 -3 -3 0 0 0 -4 0 0 -4 0 1 0 0 0 0 0 0 0 2 -4 0 -1 0 0 0 0 0 0 2 0 0 0 -4 0 2 0 0 2 0 -1 0 0 0 0 -1 0 0 -1 0 1 0 4 -1 1 -2 0 0 0 1 4 0 2 4 0 0 0 -2 1 0 0 0 0 0 0 0 0 0 2 0 -2 0 0 0 0 3 0 0 0 0 0 1 -1 0 0 1 -2 0 0 0 0 0 27 0 0 0 0 1 0 0 0 -2 -2 0 2 0 -2 0 1 0 4 -2 0 0 2 -2 1 4 0 0 0 0 0 0 1 0 0 0 4 0 -4 -2 -2 2 0 0 0 -2 -1 0 -1 2 0 0 0 0 1 0 2 -2 0 -3 -4 0 -1 4 2 -1 5 0 -4 -4 0 -2 -7 0 0 2 -3 0 0 0 -2 -2 -1 1 0 0 0 0 0 -2 0 1 0 0 0 -2 0 0 0 -2 0 -2 -4 -1 0 0 0 0 -2 0 0 4 0 -3 1 0 -2 0 0 0 0 -1 0 0 -2 -4 2 -2 0 2 0 1 -5 2 0 0 0 0 0 -1 -1 0 0 0 -2 0 0 0 0 -4 2 -1 0 2 1 0 1 0 0 0 -2 0 -2 0 -4 0 1 0 0 2 0 1 0 0 0 2 0 0 1 3 0 0 0 1 0 -2 0 3 0 0 -2 3 -2 0 2 0 -1 1 0 1 1 0 0 -1 0 1 0 2 0 -4 0 0 0 0 0 0 0 -1 0 -1 0 0 0 0 0 1 0 0 -2 2 0 -2 -3 1 0 0 0 0 0 -2 -1 0 0 -1 0 0 0 2 0 -2 2 0 0 -1 -1 0 2 1 0 0 0 -2 0 0 0 1 0 0 0 0 -2 0 -4 -3 -2 0 0 4 0 1 -2 0 0 2 -1 -1 -1 0 0 0 5 -1 0 -4 0 0 0 0 0 4 2 0 0 -1 0 -1 0 0 -4 0 0 1 0 0 1 0 -2 2 -1 1 6 5 0 0 0 0 0 0
0 0 2 0 1 2 0 0 0 0 0 0 0 0 -3 1 0 0 -1 3 -2 0 0 0 -2 0 2 0 2 0 0 0 0 0 1 0 0 0 0 4 0 0 0 4 0 0 0 -2 -8 0 0 0 0 0 2 0 0 0 -2 -2 0 0 -2 1 0 0 0 0 0 0 0 0 0 2 3 0 1 0 0 0 -2 -1 2 -2 0 0 0 0 0 0 0 0 1 0 0 0 0 2 1 2 0 -2 0 0 0 0 0 0 0 0 -6 2 0 0 0 0 6 -1 0 0 2 0 0 1 2 0 -2 0 4 0 0 0 0 36 2 0 0 0 6 0 2 -2 0 -2 0 -4 4 0 0 0 2 0 0 0 6 0 2 0 0 -1 -2 2 0 1 2 0 -6 0 0 0 -2 0 1 2 0 0 0 -6 0 -4 0 0 1 0 1 0 -4 0 -3 0 -1 0 -2 -2 1 0 -1 -6 0 0 0 0 0 1 0 0 0 0 4 0 0 -2 2 2 -2 0 0 -2 1 0 0 -2 0 0 2 1 0 0 0 0 -4 2 0 0 0 0 0 0 0 2 0 2 -2 0 0 0 0 0 -1 0 1 0 -2 0 2 0 0 0 0 0 0 2 0 0 -4 -4 0 0 4 -4 -1 4 -2 0 0 0 -4 0 0 0 -2 0 1 1 0 0 -5 0 0 0 0 -3 4 0 0 -4 0 4 0 0 -4 1 0 3 2 0 -1 2 0 0 -4 0 0 0 1 4 0 0 4 0 1 0 0 0 0 0 0 0 0 0 4 6 0 0 -2 0 0 0 1 0 2 0 4 4 1 0 0 0 -1 -2 4 0 0 0 0 0 0 -2 0 2 2 0 0 0 2 -1 0 0 4 1 0 0 0 0 0 0 2 2 0 4 0 0 1 1 0 0 0 2 0 0 0 2 0 0 0 0 2 2 0 0 0 0 0 0 0 0 0 4 0 0 0 1 0 0 0 0 0 -2 -1 0 -4 0 0 -2 0 -2 2 -1 -2 0 0 -1 0 0 0 -2 2 -1 -4 0 1 -4 4 0 -2 0 0 -2 0 2 0 0 0 0 0 0 0 0 0 -2
-1 5 1 -2 0 4 0 0 2 -3 3 0 1 0 -2 2 -2 1 -2 -4 -1 -4 0 1 0 0 0 0 0 -2 -2 0 3 0 4 1 1 0 0 0 0 0 -2 4 6 0 0 0 0 -2 -1 0 1 -4 4 0 0 0 0 0 2 -2 -4 2 1 4 3 4 2 1 0 -2 0 0 0 1 0 0 0 0 -4 -2 0 0 -4 0 2 1 0 1 0 0 3 2 0 0 1 0 3 0 -2 4 2 -1 -2 0 0 -2 -4 -4 5 0 0 2 -2 0 0 2 0 8 -6 0 1 0 0 0 -2 0 0 2 0 -4 0 2 50 -4 -4 0 0 2 4 3 0 -5 2 0 -2 0 1 0 2 -2 0 1 2 -1 0 0 -2 -2 2 0 0 -3 -2 0 0 -1 -2 0 2 -3 2 0 2 6 0 0 0 1 0 -5 0 1 -2 2 1 0 2 -1 4 0 -6 0 -4 2 0 1 -2 0 3 -3 3 0 2 1 1 -1 0 4 1 1 0 -1 -2 2 -3 -4 0 1 2 -2 0 0 0 0 1 0 0 2 0 2 0 0 2 0 0 0 2 0 2 0 1 -2 0 0 0 0 -2 -2 0 2 2 3 -2 0 0 2 -4 0 0 0 2 0 4 0 -2 0 0 4 2 0 2 0 1 0 -4 0 0 1 -6 2 -6 4 -1 0 -1 0 -7 0 -4 2 -2 0 1 0 6 0 0 0 -2 0 0 -3 1 0 -1 0 -2 2 0 0 1 0 0 0 -2 4 0 0 0 0 -4 -2 -2 0 0 1 -1 0 1 1 0 1 0 -4 -1 0 2 0 0 0 -4 -2 6 0 -2 2 -3 -1 2 0 0 -4 2 0 -4 -4 -4 2 -5 2 -2 0 0 1 -4 -4 2 0 -4 0 0 0 0 2 -2 0 2 -6 -2 1 0 7 1 2 1 0 0 0 0 6 0 0 0 -2 6 -2 2 1 0 0 0 0 0 -2 2 -1 0 2 0 2 1 0 0 2 0 0 2 -1 2 -4 0 -2 0 0 -2 -8 1 0 2 4 0 0 0 0 -2 -2 -4 0 0 0 0 0 0 1 1 -2 0 0 1 0 0 0 -1 0 0 0 4 -6
0 0 -4 0 -1 2 2 2 -2 0 -2 0 0 1 -1 0 2 0 0 0 -2 0 0 0 0 -1 0 0 0 0 1 0 0 0 0 2 -2 0 -2 0 2 0 0 0 -2 0 0 0 4 -4 0 -1 -4 2 1 0 2 0 0 -2 -1 0 -2 4 0 0 0 0 0 0 2 0 0 1 -2 -2 0 2 0 2 0 2 4 0 0 -1 -2 0 0 0 0 0 -1 -2 0 0 0 0 -2 0 0 0 1 -2 0 0 0 -3 0 -2 0 0 0 0 -4 4 -1 0 0 1 0 0 0 -3 0 0 2 0 -4 0 -4 0 0 0 -4 37 4 1 0 2 0 -1 0 0 -2 4 4 1 0 2 -1 0 -2 0 0 0 -4 2 0 1 0 2 0 -2 0 3 0 2 1 0 0 1 1 2 0 0 0 1 -2 0 0 0 4 1 0 0 2 -2 0 -2 0 0 0 2 -4 0 -3 2 0 0 0 0 0 0 0 -1 -2 -1 0 0 -1 0 0 0 0 0 2 0 0 0 -2 1 0 0 5 0 -2 -3 0 0 0 0 -1 -2 0 0 0 0 0 0 0 0 0 0 -2 2 -1 0 0 1 0 -1 0 -1 0 2 0 2 2 0 0 0 0 0 2 0 0 -4 0 4 3 -1 0 4 -2 0 4 -1 0 0 0 0 -2 -2 3 -2 -2 0 0 -3 0 0 2 -6 4 -1 0 0 0 -2 -2 2 0 0 5 2 0 -1 -1 0 0 6 -1 0 0 0 0 4 0 -1 6 0 -2 -2 0 0 2 0 2 0 0 4 0 0 0 4 3 0 0 0 -4 0 0 0 0 0 -2 1 0 0 -4 -3 4 0 0 0 4 0 0 0 0 -1 1 0 0 2 4 2 -4 0 -4 0 -4 0 0 -2 -3 0 2 4 2 1 0 0 0 -3 0 -2 2 -2 -2 1 0 -3 -3 0 0 0 0 0 4 -2 2 4 0 0 0 0 -2 0 1 -1 0 -2 0 1 0 0 0 0 0 -1 0 2 -1 0 0 0 7 -1 1 -2 0 0 0 -1 -3 -1 0 0 0 0 -4 0 0 0 1 1 2 0 0 -1 4 0 4 1 2 0 0 0
-2 1 0 0 0 4 4 0 0 0 0 4 -1 1 -4 4 1 -2 2 0 0 -2 0 0 0 0 -2 -2 -4 2 0 1 1 1 2 2 4 -1 -2 0 -2 0 0 2 0 0 0 -2 0 2 0 0 0 2 0 1 0 0 0 -1 1 0 -3 1 -3 -2 -2 0 0 1 -2 -3 0 0 3 1 -5 0 0 0 4 0 0 0 0 -3 -2 0 0 0 0 0 8 0 0 5 0 0 2 0 0 -1 2 0 0 -4 -2 0 -1 1 -1 0 0 1 -6 2 3 6 0 0 -7 1 0 -2 1 0 0 0 0 0 -2 1 0 0 -4 4 37 -4 0 2 -2 0 0 -2 -2 -1 0 2 1 -3 1 2 -1 -1 0 -1 0 0 2 0 0 0 0 0 1 0 -4 2 1 0 0 0 0 0 0 1 -2 2 0 0 -1 4 -2 0 -1 1 2 0 0 0 -2 0 2 -2 2 0 3 0 -1 0 0 0 -2 0 -4 0 3 0 4 0 0 0 -1 1 0 0 -1 2 1 0 0 0 -2 -2 0 0 0 -6 4 0 2 -4 0 -1 0 0 2 0 0 0 -1 0 0 0 -3 -2 0 0 0 2 1 3 -1 -5 -1 0 0 1 6 2 1 0 0 1 0 0 0 0 2 1 6 0 1 2 -1 0 0 0 3 0 0 -3 -1 0 -5 -1 2 0 0 -2 0 -1 1 0 -2 0 -2 0 -2 2 0 -1 1 1 2 0 1 0 0 0 0 -2 4 0 0 0 0 0 0 3 0 0 0 0 1 0 0 0 0 0 0 0 1 2 2 4 3 0 -2 0 -2 2 -2 0 0 -2 0 -6 0 -1 0 2 0 2 0 1 -1 -8 0 0 0 2 0 0 0 0 2 1 -3 -4 0 0 -8 -2 0 0 4 0 0 4 -4 1 0 0 -2 4 -3 0 2 -3 0 0 0 0 0 0 -2 0 -2 2 -5 0 2 1 0 1 0 0 0 0 2 2 1 -3 0 0 4 1 1 -2 0 0 0 6 2 -2 0 -2 -3 -2 8 -3 2 0 0 0 3 5 0 2 0 0 3 0 -2 0 1 -1 -2 0 1 1 -2 0 0 1 0 0 -1 3
0 0 -2 0 -1 0 -5 2 0 0 0 0 0 0 0 -2 0 -4 -1 -1 0 0 0 -1 0 0 0 0 0 0 0 0 0 0 0 -4 0 -1 0 -1 2 0 1 -4 0 0 2 -3 0 -4 -4 0 0 0 -3 -2 0 -4 0 1 0 2 -2 1 4 1 0 -2 0 4 2 2 0 0 1 0 0 0 2 0 1 2 0 0 0 -4 0 -4 0 1 0 1 1 -2 0 1 2 2 0 -1 2 0 4 0 0 1 2 3 -4 0 2 -6 0 0 0 0 2 -2 -2 0 4 1 0 1 0 0 0 0 2 2 0 0 1 0 0 1 -4 35 0 0 0 0 0 2 -5 2 -2 1 0 4 0 0 1 0 0 0 0 0 -2 -3 2 0 0 -2 0 -2 0 -4 4 2 -2 -2 0 0 0 3 -2 -1 -3 0 0 1 0 0 0 0 -2 2 0 -3 -2 0 0 0 -2 -4 0 -4 0 0 -2 -2 1 0 -2 -2 -2 0 0 -3 0 2 0 0 -4 0 0 2 0 -1 0 3 0 -1 0 0 0 4 -4 0 0 1 0 0 0 -1 -2 0 0 0 0 0 0 0 -2 0 0 0 0 0 0 0 0 -1 0 0 0 0 1 1 -1 0 0 0 0 0 0 1 1 -1 0 0 -1 0 2 -2 -1 0 1 0 -2 0 0 0 1 0 -4 -1 0 0 -2 -1 0 -1 -1 0 0 0 0 0 -2 -1 0 0 -2 0 -2 0 1 0 -3 0 1 0 0 0 0 -2 2 0 0 0 0 2 -1 -4 -10 4 0 -2 0 0 0 0 2 0 0 0 0 0 0 0 0 -2 -2 -4 0 0 0 0 0 0 0 -5 -1 0 0 -2 0 1 0 0 2 0 0 -2 0 0 0 -2 0 0 4 0 0 -4 -2 0 -2 3 -5 -2 0 -4 0 0 0 0 -5 0 0 0 1 0 0 1 0 0 0 0 0 3 0 0 0 -2 -2 0 0 0 1 -4 0 0 0 0 -2 0 0 2 0 -4 0 -6 -2 0 0 0 0 0 -4 0 0 0 1 -1 0 0 0 -4 0 -1 0 0 0 3 1 0 0 4 0 4 -3 0 2 0 -4 0 0 0
3 0 0 2 0 2 -2 1 1 2 0 0 0 0 2 1 1 0 1 0 -4 -4 0 0 0 0 2 0 2 -3 0 1 0 0 0 4 0 0 2 0 0 0 0 0 -1 1 0 0 -2 0 0 4 1 -1 0 0 4 0 1 -1 0 0 4 -2 1 0 0 -4 -1 -2 0 0 0 2 0 -1 0 0 -1 0 2 0 0 -1 0 0 -1 0 -2 -1 -2 0 -2 0 0 -1 -2 2 0 0 0 0 0 0 -1 1 0 0 -4 -2 4 0 2 0 -2 0 2 -4 -1 0 0 -1 0 2 0 0 -1 0 0 -1 0 0 0 6 0 0 0 0 37 0 -1 0 -2 0 2 0 0 -2 0 -2 2 2 0 0 0 1 -2 0 0 6 -4 -2 0 0 0 0 -1 0 -1 2 2 0 0 0 4 -1 2 0 0 -1 0 1 0 0 0 0 1 -2 -4 5 0 -2 4 0 0 0 0 -4 0 0 0 2 0 -5 1 -2 -1 0 1 2 0 -2 4 0 1 0 0 2 1 0 1 0 0 1 2 -2 3 0 -1 -2 0 5 -1 0 -1 -4 1 0 0 0 -1 0 0 -2 0 0 0 0 1 0 2 0 0 0 0 0 0 0 0 0 1 0 -2 0 -2 -4 0 0 0 0 0 1 0 0 2 0 1 0 0 -2 -2 0 0 0 0 2 -2 4 1 0 -2 -5 0 0 0 -1 -2 0 0 0 0 0 0 8 -1 0 -2 0 0 0 0 0 0 1 0 0 0 0 2 0 0 1 1 0 1 0 1 -4 -2 0 1 0 0 -1 -1 0 0 0 0 0 0 0 0 0 0 0 0 0 0 -3 -1 -2 0 -1 0 -1 0 -2 -3 5 0 0 0 0 0 1 -6 0 0 2 -4 0 0 0 0 1 -4 0 0 2 0 -2 2 -1 0 0 0 2 0 0 0 0 0 0 0 1 0 -7 0 0 0 0 4 0 0 0 0 2 1 -4 0 0 -2 2 0 0 -1 0 0 1 2 2 0 0 -5 -1 0 -3 -1 2 3 -4 0 1 2 0 1 0 -4 0 6 -2 0 0 0 0 1 1 0 0 0 4 0 -2 2 0 0 0 0 0
2 0 2 -2 2 0 0 -3 0 0 0 1 -1 4 0 7 -1 0 2 0 1 0 0 0 -2 -4 0 0 -6 1 0 2 1 0 0 1 0 5 2 -2 1 -1 0 2 -1 0 -4 0 0 5 -2 -1 0 -2 0 1 0 0 0 0 0 -1 -2 -7 3 0 1 0 -1 1 2 4 0 0 0 0 4 0 0 0 -4 0 2 8 0 1 -2 1 0 0 0 0 2 -2 0 0 6 2 -2 0 1 0 0 2 0 3 0 0 0 -1 -2 0 1 2 -2 0 0 0 0 4 -9 0 -4 -8 -2 0 2 0 -2 -3 -1 2 0 0 2 2 2 0 0 53 1 0 0 -5 -2 1 -5 0 0 0 1 0 0 2 -1 4 -2 0 -3 0 1 3 -4 0 0 1 0 -2 -4 0 0 -2 0 0 4 -1 4 0 0 -4 0 0 -2 -1 -2 0 3 4 2 -4 -1 4 -2 2 -1 -2 0 4 -4 0 0 -1 -4 0 0 0 -4 0 -1 0 0 4 -2 2 -1 0 2 5 0 0 0 -1 -2 0 -4 -1 1 -2 2 -4 -2 0 -1 2 5 2 1 0 1 2 -1 4 0 0 0 -2 0 4 -1 2 0 4 -2 0 0 1 0 1 -4 0 0 -2 1 -2 1 0 0 0 0 -2 0 3 0 5 -4 -4 0 0 5 0 1 4 0 1 3 2 -5 0 4 0 4 2 2 -2 -7 -6 -2 4 -1 5 -4 1 0 2 1 -2 0 1 -3 0 0 2 6 2 2 0 0 -1 0 -2 -2 2 0 -2 4 -2 0 0 0 1 0 2 0 1 0 0 -4 0 0 -2 -2 0 0 -4 1 -3 0 0 3 0 0 0 0 -3 0 0 0 4 -6 0 0 0 2 0 -2 1 1 -2 0 2 0 -4 -2 0 1 -2 1 0 0 0 1 2 4 0 6 0 2 2 -3 0 0 4 2 0 -4 1 1 4 4 -1 0 -2 0 -1 0 -2 0 0 0 -1 -1 -4 -4 0 0 0 0 -4 -2 1 0 0 0 -2 3 3 0 -2 3 0 7 0 0 -4 0 0 0 0 0 1 -3 0 2 2 0 4 0 -6 0 2 0 -2 0 -2 -5 0 -2 1 2 0
2 -1 0 0 -2 4 0 0 2 -2 -2 -1 0 1 -1 0 -4 1 -2 -4 0 0 0 0 0 0 0 2 0 1 2 -1 -4 4 -5 0 0 1 0 -3 0 1 -2 -1 1 0 -1 0 0 0 1 0 -1 -4 4 0 0 0 0 -4 0 -9 -4 4 -2 -2 0 -4 0 0 0 0 -1 0 0 2 2 0 0 0 -4 -2 0 0 0 10 0 2 0 3 0 0 2 -4 0 -4 4 1 2 -2 1 0 0 0 0 -7 0 0 -4 0 3 2 4 -4 0 -1 0 0 -1 0 0 -2 1 3 -2 -1 0 0 0 -3 0 3 0 2 4 0 -2 0 -1 1 36 0 0 0 6 2 -2 0 0 -4 0 3 2 -3 0 0 2 -1 0 -3 0 1 3 -1 0 1 2 0 0 0 2 0 2 0 0 4 0 1 -4 0 0 2 -1 0 2 0 1 0 3 3 0 2 0 -1 0 0 0 1 0 0 -2 0 0 0 0 1 3 0 -1 -2 -5 0 0 2 2 0 2 -2 0 0 -1 0 -1 -2 0 2 0 -1 0 0 3 1 1 0 -2 0 0 0 -1 2 0 2 -1 2 0 5 -1 2 -3 2 2 0 0 0 0 2 2 0 2 0 0 0 0 0 1 0 0 0 -2 -2 4 -1 0 0 -1 0 0 0 0 1 0 2 0 2 3 0 6 0 1 0 1 2 0 0 0 1 -1 0 -4 0 0 -2 -1 -1 1 2 2 2 0 0 3 0 0 0 0 2 0 0 1 -2 0 0 0 2 0 0 0 2 0 0 0 -1 0 0 0 -6 -2 0 4 0 0 -2 0 0 0 0 -2 2 -5 1 -1 -2 0 -1 0 1 0 0 0 -1 0 0 0 0 0 0 0 -1 0 0 2 0 2 0 0 6 0 1 0 0 2 1 0 2 0 0 1 2 0 0 0 -2 -4 0 4 0 0 0 -5 0 2 -2 0 0 0 -1 1 0 0 0 -1 2 -1 1 0 0 0 -2 0 -1 0 0 1 0 0 0 1 -2 0 0 0 -2 0 1 0 0 -1 -4 0 -1 -1 0 0 0 -1 0 0 -2 0 0 2 -2 1 0 -1 1 0 2 1 -4
2 0 -2 2 -2 0 0 0 2 4 -4 0 0 -2 -6 -6 -1 0 0 0 3 4 0 0 0 0 -2 -1 0 0 2 1 2 4 -2 0 -4 0 0 1 0 0 4 1 -1 0 0 -6 -2 -2 1 0 -2 -5 0 2 0 2 1 -2 3 3 0 0 0 -2 0 0 0 0 4 1 0 1 0 -1 0 1 0 0 0 0 0 0 0 0 0 -4 0 0 -2 0 -1 0 -2 2 0 1 0 0 0 0 0 0 0 2 0 -4 0 0 4 0 1 2 -2 0 1 -2 0 -3 -2 0 4 -2 0 0 2 -1 -2 2 2 0 -2 -2 3 -1 0 0 0 0 0 39 0 0 0 -2 -1 0 0 0 -2 1 0 0 -2 0 2 -2 0 5 6 2 0 2 0 0 3 -1 2 2 1 -2 0 0 0 0 0 0 0 0 1 -6 0 -3 -2 1 -2 -2 0 0 -6 0 -4 0 0 0 -6 0 0 0 0 3 1 0 0 -1 1 4 5 0 -2 2 0 2 4 2 0 0 -2 0 0 3 0 0 0 0 0 2 -2 0 0 0 0 0 0 2 0 -2 0 0 0 0 0 0 0 1 0 0 0 -4 1 2 0 0 0 0 -1 0 2 0 0 0 0 1 0 -1 0 0 0 0 0 0 0 0 0 0 0 1 0 0 -2 -4 0 0 0 0 -2 0 0 -1 -2 2 1 0 3 1 0 1 -1 0 0 -5 0 -2 -2 2 0 -4 1 1 0 0 2 3 0 -2 0 0 0 2 -2 1 -1 0 1 4 0 0 0 0 0 0 -1 0 0 0 -2 0 2 0 2 0 -4 -4 -1 0 1 2 2 1 0 -2 0 0 -2 0 -4 -4 -2 4 -5 0 1 0 -5 6 0 -2 0 0 -2 0 2 0 1 1 -2 0 -5 -2 1 -1 0 1 -3 0 0 0 1 -2 -2 6 -2 2 -1 0 3 0 -2 0 0 0 0 8 4 -4 -1 0 -2 0 0 0 0 -2 0 2 -1 0 0 0 0 4 2 2 0 6 -2 -6 -1 0 0 0 0 0 -1 0 0 0 2 -2 2 -1 5 -1 0 1 -1 2 0 0 -1 0 0 0 0 2 4 0 0 0
0 -2 2 0 0 1 -2 0 -2 0 -2 2 0 0 -1 0 0 2 -1 0 0 0 -6 1 0 0 0 0 0 0 4 0 0 0 1 -2 3 -2 -4 0 -2 0 0 0 -2 0 -2 0 0 0 0 0 0 4 0 0 0 3 0 2 0 4 2 4 2 0 0 0 2 0 2 1 4 0 0 0 -2 -4 0 5 -4 0 0 2 0 0 1 6 0 0 9 0 2 0 0 2 -1 4 0 0 -2 -2 0 4 0 0 0 0 1 2 0 0 -2 2 -6 6 0 1 0 2 1 0 0 0 0 0 0 0 0 -4 2 0 -2 0 0 0 0 0 -2 0 0 0 59 0 -1 0 -2 0 0 2 -2 2 0 0 0 -2 -2 0 2 0 -6 0 5 2 -1 0 0 2 2 -2 -2 0 0 2 3 0 4 4 0 0 0 2 -1 4 -2 0 0 0 1 0 0 -2 0 -4 2 2 -1 2 12 -2 -4 -2 -2 2 -4 1 -2 2 0 -4 0 0 0 2 2 2 0 0 -2 0 2 0 0 2 -1 0 -4 2 2 0 -4 -2 0 2 0 0 -2 -2 6 0 0 2 2 4 0 1 -4 1 -2 1 0 0 4 0 2 0 0 1 7 0 0 0 0 0 13 0 -2 1 7 4 0 0 2 -2 -6 1 -2 0 4 0 0 7 2 0 0 4 2 0 0 -2 0 6 3 0 0 -1 3 0 -6 4 4 1 -2 2 0 0 0 -2 0 0 -2 1 -2 2 0 0 4 -1 0 1 -2 2 2 1 -4 0 0 -1 0 1 -4 0 0 -3 -4 2 0 0 0 -8 -4 0 0 0 0 0 -4 0 0 -2 0 0 0 2 0 1 0 -2 -1 0 0 0 0 0 0 -2 -2 0 0 -4 0 -2 -4 -4 0 0 -2 0 -4 0 0 4 -2 0 2 1 -3 0 0 -2 0 -4 0 0 -2 1 0 0 -2 2 0 2 -1 -4 -4 2 0 0 4 0 -6 2 -2 0 -2 0 0 0 -1 0 -5 0 -1 2 2 0 4 1 1 0 2 0 -1 -4 -1 -2 0 0 2 1 -2 -1 0 -2 0 0 0 0 -1 0 0 0 0 0 0 6 -4 0 0 3
0 4 -4 4 -2 -4 -1 4 -2 -1 0 0 -1 1 0 -1 6 0 0 4 -2 0 -2 0 4 0 0 5 4 -2 0 -2 1 -2 -2 -4 0 9 0 -4 0 0 2 -1 0 -6 0 0 0 -2 -1 0 -2 4 0 0 0 -2 -4 -4 -2 0 8 4 1 -4 -3 -4 8 0 0 3 0 0 5 0 -2 0 -2 0 8 2 0 -4 1 0 -2 -2 -4 4 4 0 -2 -4 1 -2 4 0 -5 -4 0 -1 0 0 2 0 0 0 0 0 4 -4 2 0 0 0 0 -3 2 -4 1 0 0 -5 0 0 -2 0 0 -2 0 0 0 -2 -5 0 -2 2 0 -5 0 0 0 62 0 0 2 1 0 0 0 0 0 -2 0 2 0 0 0 0 0 0 0 1 0 0 0 -1 2 0 1 0 -6 -2 0 -2 -4 -1 -7 -2 0 3 0 4 -3 0 0 -3 0 0 1 0 0 0 1 0 0 0 0 -1 -3 0 -1 2 -4 0 -3 1 2 0 1 -2 0 -4 0 -4 0 4 -8 2 3 1 0 2 0 -8 -7 1 -2 0 0 0 -1 0 0 0 -4 0 -4 0 -4 0 -2 -2 2 0 0 2 2 0 0 0 0 -1 0 0 0 0 0 0 -2 -1 -1 0 -2 1 0 1 0 1 0 1 0 0 -1 4 0 2 1 0 -1 1 5 4 -2 0 3 0 0 0 -2 2 0 4 2 0 0 -1 3 0 0 2 0 -12 0 2 0 0 0 0 0 0 0 -2 -1 0 0 -1 2 -2 0 -2 2 0 -2 0 2 0 2 0 2 0 2 -4 0 0 0 0 0 0 0 -4 3 0 0 0 2 2 4 4 0 -2 0 2 0 -8 0 0 2 0 1 -4 5 0 -4 2 0 2 0 0 2 -4 0 -2 0 0 0 0 0 0 -2 0 0 -4 0 0 3 0 0 0 2 0 -2 -4 0 0 -2 -4 0 1 -4 1 2 0 1 0 2 -2 2 0 0 -2 0 -2 -1 0 0 0 0 2 0 0 -4 0 0 -2 0 4 2 0 -2 0 -4 0 -4 -2 4 -5 5 1 -4 3 1 0 -4 2 0 0 6 2 -4 2 2 0 0 0 0 0 0 6
0 0 0 0 0 1 0 0 0 0 0 0 0 0 -3 -1 0 6 2 0 0 0 1 -1 0 0 0 1 0 0 0 -2 0 0 -1 2 -2 -2 0 2 0 0 0 1 -1 0 -2 0 0 0 0 3 0 0 0 0 0 0 1 0 0 -2 0 2 0 1 0 0 0 1 0 -2 0 -1 -1 0 0 0 -2 0 0 0 0 -1 -2 0 1 4 0 0 0 -4 0 0 0 -3 0 2 2 0 -2 0 0 1 0 1 -2 0 0 0 0 0 1 0 2 -1 -2 1 0 0 0 -3 0 2 0 0 2 0 0 -2 0 0 2 0 2 -2 -2 -5 2 -2 6 0 -1 0 28 -2 -2 0 2 -5 0 2 0 1 0 0 2 -1 0 0 0 -1 1 0 0 1 -1 -1 0 0 -2 0 -2 0 0 0 0 0 0 0 2 2 0 0 1 0 0 0 0 2 0 0 0 0 0 1 2 1 2 0 1 0 2 0 -2 4 1 0 0 0 1 0 1 0 4 0 -1 1 1 -4 2 0 0 -2 0 -1 2 0 0 0 -1 0 0 0 0 0 1 0 0 0 1 3 0 0 0 0 0 -1 0 0 -2 0 0 -2 0 0 0 0 -2 0 1 0 0 0 1 0 0 0 -1 -2 2 0 -2 0 -2 0 0 -2 0 0 0 -2 0 -2 1 0 4 1 2 -1 -4 3 0 0 -1 0 0 0 0 0 2 0 1 1 0 0 0 0 0 0 4 0 0 1 0 0 1 0 0 1 -2 0 0 0 0 0 0 -2 2 -2 0 0 0 0 -1 -4 -2 0 1 0 0 0 0 0 2 -2 0 0 0 0 -1 2 2 2 1 -1 0 -1 0 -2 3 0 0 0 0 0 0 -2 0 -3 0 0 0 0 0 3 3 0 0 -2 2 0 4 0 0 -2 0 0 2 0 0 1 0 0 1 0 0 -3 0 0 0 -4 1 0 0 0 2 0 0 -2 0 0 1 0 0 0 2 0 -2 2 4 0 1 -1 0 0 1 -1 1 0 0 0 0 0 0 4 0 -2 0 -1 1 0 -1 0 -2 0 1 0 0 0 0 -6 0 0 0 -1 0 -1 2 -3
0 0 0 -2 0 0 0 1 -1 0 -1 4 1 -1 0 4 -1 -1 -1 0 4 -2 -2 -3 0 -1 -1 1 2 -4 0 -1 0 0 -2 1 -3 4 0 -2 -1 4 0 2 1 0 -4 -1 0 -6 1 0 -6 0 0 0 0 -1 0 0 0 -2 0 0 -2 0 0 0 -2 2 0 -2 -1 0 0 -2 0 -2 0 -1 0 2 4 0 4 -2 -1 2 -2 4 0 0 -3 0 4 0 -2 0 0 -6 1 2 0 0 -5 -9 0 0 -3 0 -2 -2 0 -4 0 0 0 2 0 0 1 0 1 0 -2 -1 -4 0 4 0 8 0 0 -4 0 4 -1 2 0 1 2 -2 0 0 -2 50 6 5 0 2 0 2 1 0 -1 1 6 -5 2 0 2 0 0 0 0 0 2 0 6 0 -2 0 0 8 6 0 0 0 2 0 3 -3 0 0 4 0 5 2 1 -2 3 -2 -3 0 1 0 1 1 1 -1 0 1 0 0 2 -2 0 2 -3 2 0 0 -2 -2 0 -1 2 2 0 0 0 -1 1 0 0 2 0 -1 0 0 0 0 0 2 -2 0 0 7 -4 1 1 0 2 -2 0 -1 1 -3 -2 0 2 0 0 1 0 -2 2 0 0 2 -1 0 1 2 4 -2 0 0 2 4 -2 0 0 0 -1 1 0 0 0 0 0 0 -2 0 1 0 0 0 3 3 2 0 -6 4 0 0 -1 -2 2 1 1 0 0 4 -2 -1 0 0 -2 -4 -2 2 0 -2 2 -8 0 -7 2 1 3 0 -3 1 -4 -1 2 1 -3 0 0 0 0 0 -2 -2 6 -1 0 1 0 -4 4 -4 4 5 -2 0 0 -2 0 -3 2 1 2 1 3 3 0 -6 2 0 1 -1 2 -5 2 0 -3 0 -1 0 -6 2 0 0 -1 0 2 -4 -2 6 0 2 0 0 0 0 3 -5 -2 0 0 -1 0 1 5 0 -6 0 1 2 0 -1 0 1 2 -1 -2 0 2 -2 2 1 0 0 0 0 0 1 2 0 1 -2 -2 1 4 -2 1 0 -2 0 -1 0 0 0 2 1 0 0 0 0 0 -1 4 0 0 0 -2 2 -1 0 1 0 0 2 1 2 2 -1
0 4 0 0 1 -2 -2 1 -2 0 1 0 0 0 0 0 2 -4 0 0 -4 0 -2 2 0 0 0 -1 0 2 -2 0 0 -2 -2 0 4 0 -2 0 -1 0 0 -2 0 -3 0 0 0 -4 2 0 4 -4 2 0 0 0 -4 -1 0 1 0 0 -3 0 -1 0 3 0 0 0 1 0 3 0 0 0 0 -1 0 0 4 2 0 0 0 0 -1 0 0 0 -1 -6 0 -2 -2 0 0 2 1 2 0 0 -2 0 0 0 2 0 -4 -2 0 0 2 0 0 0 1 -1 4 0 0 -1 -2 0 -1 0 -2 0 -4 -2 -2 4 -2 4 0 -2 0 -5 -2 -1 -2 2 -2 6 48 0 0 2 4 0 2 0 -2 2 -1 -4 0 2 -1 0 -1 0 2 0 0 3 -2 0 -2 2 0 1 -4 0 -1 0 0 -6 -4 2 0 4 2 0 0 -1 2 0 1 2 -2 0 0 -2 0 2 0 2 0 2 -2 1 0 -1 4 2 0 0 1 2 0 2 0 1 -1 2 0 2 0 0 0 0 4 -4 0 0 0 0 0 0 0 0 -2 0 0 0 0 1 -3 -4 0 -8 0 0 0 2 1 0 0 -4 -2 0 2 0 0 0 3 0 0 0 0 -2 2 0 0 1 2 -4 0 0 0 0 -2 0 2 0 -2 1 0 -4 -2 0 0 0 -2 0 0 1 2 -6 0 0 2 2 -1 0 1 -6 -12 -4 0 -4 0 -6 -2 0 0 0 0 4 -2 0 0 2 0 5 0 0 4 0 3 -1 0 2 0 2 0 0 4 0 1 -4 -2 2 0 0 -4 0 2 0 0 6 0 2 -2 0 4 0 -4 -2 0 0 2 -4 -2 -2 0 0 2 -2 2 0 0 2 0 0 -4 -2 2 0 3 0 4 0 -4 -1 6 0 0 -1 0 0 -3 -1 0 0 0 0 -2 1 2 -2 -2 -3 0 0 -4 0 0 2 -1 0 1 -1 0 1 4 -2 0 -4 2 0 0 -6 0 -2 4 -1 -4 0 0 -3 -1 0 0 2 -2 0 0 0 -2 0 -2 0 0 0 0 2 -4 -4 4 0 0 -1 0 -4 4 -1 -1 -4 0 -3 2 4 2 -1 4 2
0 0 2 0 -2 0 4 0 0 -2 0 -4 0 -2 -4 -2 4 2 0 0 6 -1 2 -1 0 -4 -2 -2 0 -2 0 0 2 2 2 -2 0 2 0 0 0 2 0 1 0 -1 -4 0 0 0 -1 -4 0 2 1 0 -2 0 2 0 -1 0 -8 2 -4 0 0 4 0 -1 0 0 0 2 0 0 0 0 0 2 2 2 0 0 -4 -2 0 0 0 2 0 0 0 -2 0 0 0 0 0 0 -1 0 0 -1 0 0 -1 0 -1 0 0 0 2 2 0 0 -2 5 0 0 0 2 4 0 2 0 0 0 2 0 2 1 0 0 0 1 2 1 -2 0 0 0 0 1 0 5 0 33 0 -1 0 2 1 0 0 2 0 0 0 0 0 0 -1 0 0 0 0 0 2 -1 1 0 -2 0 0 0 0 -1 0 0 0 0 0 0 -2 0 -2 0 0 0 4 0 0 2 0 -4 0 0 0 0 1 0 0 0 0 0 0 1 0 2 0 1 0 1 -2 4 0 0 -4 0 0 0 0 0 1 3 -1 0 0 0 0 0 0 -1 -4 6 -4 0 0 0 0 0 0 0 0 0 -2 0 0 0 0 0 4 -3 -2 -2 4 1 0 2 -3 0 2 0 -2 2 0 1 0 0 2 1 0 0 -1 0 0 -2 0 0 0 -2 0 2 3 -1 -2 2 0 2 0 0 -2 0 0 0 0 1 0 1 1 0 2 0 -4 0 0 0 0 0 -2 0 0 0 1 -4 0 0 2 0 0 0 -3 2 0 0 0 0 0 0 -2 -2 0 0 -2 2 0 0 0 0 2 0 1 1 0 0 0 -1 0 0 -1 0 0 -4 0 0 4 -2 0 0 4 0 0 1 0 -4 -2 -1 -2 2 1 0 1 0 0 0 0 4 -4 -1 2 1 0 6 6 0 4 0 0 0 2 2 0 2 1 0 -4 0 0 0 0 -1 -2 0 0 0 0 0 0 0 0 -2 0 -1 -1 0 -2 1 0 0 0 -2 0 2 3 0 0 0 0 0 -4 0 0 2 0 -1 0 0 0 0 0 2 1 0 0 1 0 2 0 0 0 0 4 -4 -2 0 -1 0 0 0
-1 0 0 0 2 0 0 0 -4 -1 1 0 4 0 2 1 0 -4 2 3 1 1 0 -1 -4 0 0 0 -1 1 0 0 0 4 0 0 2 0 0 0 0 1 1 4 2 0 0 0 0 -2 3 0 -2 0 -2 -1 -1 0 0 1 2 0 0 -1 -4 -2 -2 1 0 0 0 0 6 3 0 0 0 -2 -1 0 0 -2 0 0 0 -1 2 0 0 -5 -1 0 2 -2 -2 0 -2 -2 0 0 0 -2 0 -1 0 0 2 -4 0 -4 -2 0 0 0 0 2 4 -1 0 0 4 1 0 0 -1 0 -2 0 0 1 0 0 1 0 1 0 1 0 0 0 0 0 0 0 2 0 0 0 31 0 2 0 0 0 1 0 -1 0 0 0 -2 0 0 0 1 1 0 -2 0 0 -1 0 0 0 0 -3 0 1 0 2 1 0 0 0 1 0 0 0 0 -2 -1 0 3 0 0 0 0 0 0 1 -1 -1 0 0 -1 4 0 3 0 0 -2 0 0 0 2 0 0 1 0 -2 -1 0 0 -2 0 0 2 0 0 2 -2 -4 -1 1 1 0 1 0 0 -1 -1 1 0 0 0 0 0 0 0 0 0 0 0 -1 0 0 -2 1 0 0 5 0 0 0 0 0 -4 0 0 2 2 0 0 0 0 0 2 0 0 0 1 0 0 -2 0 0 1 0 2 2 0 0 0 0 0 3 0 0 0 0 -4 -1 0 4 1 0 -1 0 0 0 0 0 -1 1 -2 0 0 -3 -2 0 0 0 0 0 -2 1 0 -1 1 0 1 -1 -2 0 0 -1 0 -4 -2 2 -2 0 0 0 0 0 0 1 0 0 0 2 0 2 0 1 -4 0 -2 4 0 0 0 0 0 2 1 0 -4 -1 0 -2 1 1 0 -1 4 0 0 0 3 -1 3 0 4 -1 -3 0 0 2 1 0 0 -2 0 0 -2 1 0 3 -4 1 0 2 0 1 -3 0 0 1 0 -4 0 2 0 2 0 -1 -2 0 0 -2 0 -1 0 -2 -1 1 0 -2 -1 0 2 2 -1 4 -10 8 0 0 1 0 0 0 2 1 1 0 0 -4 4 4 -2 0 -2 -2 0 1 0 0
2 2 -1 0 0 0 0 -1 -6 -1 0 3 0 -3 -2 0 0 -4 -5 2 0 0 0 0 -4 4 1 -1 0 0 4 0 2 0 -2 -2 -2 0 0 0 0 0 1 2 1 1 2 2 2 -2 4 -2 0 0 1 8 0 0 4 4 0 6 1 2 2 0 0 -2 2 -3 2 0 0 2 0 0 3 0 -2 1 0 0 0 1 0 -2 0 -2 0 0 0 0 2 0 -5 -2 0 -2 0 0 -4 0 0 0 2 2 0 -5 1 0 -1 0 0 1 4 1 0 0 0 0 8 0 2 -1 0 0 0 0 0 2 4 5 0 0 0 2 -3 4 -2 0 -4 0 2 0 -5 2 2 -1 0 45 -1 -1 -1 0 0 2 0 0 0 2 0 0 0 1 0 0 0 1 0 0 0 -1 -4 0 2 0 -2 2 0 2 0 -2 0 0 5 2 0 -1 0 0 1 0 1 0 0 0 0 0 0 0 0 0 0 0 1 0 -5 2 4 0 0 0 0 1 -8 0 0 -3 -4 0 0 1 0 2 2 3 -1 -2 0 4 0 0 0 0 -4 8 -1 2 0 0 0 0 0 4 2 1 0 0 0 -2 0 0 0 -2 0 0 -1 1 0 0 0 0 -2 2 2 0 0 -1 0 0 -1 1 0 -2 0 0 -2 0 0 0 -5 1 -4 0 -2 0 -4 0 4 0 2 0 -1 -1 2 0 1 2 -2 0 0 2 -4 11 0 -1 -1 -3 0 1 -4 0 0 0 0 4 0 2 0 -2 2 0 2 0 0 2 0 5 1 0 -1 0 2 -2 0 0 0 -2 -2 0 0 1 0 0 0 4 0 4 0 0 2 -2 2 2 4 0 0 1 0 0 0 2 0 -2 0 0 0 2 0 1 -2 0 0 2 0 -4 -2 0 6 0 1 0 0 2 0 0 0 0 0 -3 0 0 0 0 -2 2 0 -1 0 0 1 0 0 2 0 -11 -2 2 0 2 0 -2 2 0 1 -4 2 1 0 2 0 -2 8 2 -8 2 0 0 1 0 -2 0 0 0 0 0 0 -2 1 0 0 0 -1 0 1 0 -4 0 -1 1 -2 4 1 -2 0 0 -3 0 -1 0
2 0 1 -2 8 0 -4 2 1 0 0 1 4 0 0 0 1 0 5 2 -8 -1 2 0 0 -2 -1 0 -2 1 0 -2 0 0 1 0 1 3 2 0 0 0 2 0 2 -2 -1 -4 2 0 0 -2 0 0 1 0 -1 1 -4 0 -2 -2 -2 -1 2 0 0 -2 1 0 -2 1 0 0 0 0 -2 2 2 0 0 2 0 5 0 0 -2 0 1 0 4 2 0 0 3 0 -2 -2 -3 0 -1 2 0 0 0 0 0 0 0 -4 1 -1 -1 0 -1 0 -1 2 0 1 -1 -1 2 0 0 0 -4 -1 2 0 -3 -3 4 2 2 -1 1 0 2 1 0 -2 -2 0 0 0 4 0 2 -1 37 0 -1 0 -1 2 -4 0 -5 -1 1 0 0 0 0 0 -4 1 0 1 0 0 1 0 1 2 0 0 4 -4 -4 1 0 -1 2 0 2 0 0 0 0 -2 0 1 1 0 0 -2 1 0 2 1 -2 0 4 0 4 -7 -5 0 0 3 -6 0 0 0 0 0 0 0 0 0 0 -2 0 1 0 0 0 0 -2 0 0 4 -2 0 0 0 0 0 -4 4 -2 -4 0 0 2 0 2 -1 -2 0 -2 0 0 2 1 2 0 0 6 0 0 0 -3 2 0 0 0 0 -2 1 -2 2 4 0 1 0 -2 -1 -6 0 0 1 0 0 -3 0 -1 0 -2 -1 0 -1 0 3 0 -2 -2 1 0 3 -1 -2 0 -1 0 -2 2 1 2 -2 2 0 2 0 0 -2 0 0 3 0 0 1 3 -1 0 0 2 2 0 1 -1 0 0 2 -2 0 -2 -1 -4 0 0 0 -2 1 0 0 0 -1 2 0 0 1 0 -1 0 2 0 0 2 -1 0 0 0 -1 0 0 -2 -2 -1 -1 -2 1 3 -2 0 0 0 -2 -1 -1 0 1 2 0 0 -1 0 0 -2 -1 1 0 -4 1 3 -4 0 2 -1 0 4 0 -4 0 2 2 0 3 1 -4 0 -1 -1 -1 0 0 -6 0 4 0 0 0 0 -9 2 2 1 0 -1 2 4 0 0 0 3 6 2 0 -4 -2 2 2 -2 -6 3 -4 -2 -2 0 -1 4 -4 0 -1 1 0 0 -1
-3 0 3 1 -2 2 1 0 6 0 0 0 0 0 -2 0 2 0 2 2 0 4 -1 -1 2 1 -1 -2 0 -5 0 2 -2 -1 0 0 -2 -1 0 -1 -1 2 0 -3 -1 0 0 2 0 1 2 1 0 0 2 0 0 2 0 0 0 -2 0 1 -2 0 2 0 0 -2 2 -2 1 2 1 1 -2 0 3 1 0 0 -2 -3 2 -1 0 -1 1 0 1 0 0 0 2 -1 0 2 3 -3 0 0 0 0 -1 -9 -2 0 -1 1 0 -2 1 -3 -1 0 -2 0 0 0 -2 0 0 -1 0 0 0 0 0 0 -1 0 -2 0 -2 0 2 0 2 0 3 1 2 0 2 2 0 2 0 -1 0 28 0 0 0 -2 -2 -4 0 2 0 0 0 -2 0 0 0 2 3 0 -2 1 3 2 3 0 0 2 0 0 0 4 1 -4 1 -3 -3 -1 0 0 0 0 0 0 0 -2 1 2 2 0 2 -1 -1 -1 -1 -1 0 0 0 0 -1 -1 1 1 0 1 1 1 0 -1 0 0 0 1 0 0 0 -2 0 0 -2 0 0 1 0 -6 0 0 0 0 0 2 -2 0 -2 -1 4 0 0 0 2 2 0 -2 -1 0 4 2 0 0 1 0 2 0 1 0 0 1 0 0 -1 4 0 0 3 0 0 0 2 2 0 -1 0 -3 2 0 0 1 0 1 4 2 -1 -2 2 0 -1 0 1 2 0 0 0 1 0 -1 -2 0 6 1 0 -1 3 0 0 0 2 0 0 -2 0 0 0 -1 0 0 0 2 1 1 0 -3 -4 0 0 1 -4 -2 -4 0 0 0 -1 0 0 2 0 0 0 0 -2 -3 0 -1 -5 1 -1 0 0 1 1 0 0 0 -3 1 -2 0 0 -2 -1 0 0 1 0 2 -1 0 -3 0 -1 0 0 0 -1 0 0 0 0 0 0 -2 1 1 2 1 0 2 -2 3 4 1 0 0 0 1 0 0 2 0 1 -2 2 0 -1 0 0 0 2 -1 2 0 0 0 0 -3 6 1 -4 0 0 1 -2 -1 2 0 0 2 -1 0 1 0 0 0 -1 1 -1 0 -1 3 -1 0 2 0 2 1 0 2 -2 0
2 -1 1 0 2 0 2 0 -1 0 0 -3 1 -2 -2 0 0 -1 0 0 0 0 2 0 0 0 1 1 2 -2 -2 -2 -2 2 -1 1 0 1 4 1 -1 0 -1 0 -1 -1 0 0 0 1 0 0 0 1 0 0 0 0 0 0 0 -2 0 4 0 1 0 1 0 0 0 0 0 0 0 -2 0 2 2 0 0 -2 0 0 0 0 0 0 1 0 -1 0 -2 0 0 -1 2 -1 0 0 0 0 -3 1 0 0 1 1 -1 0 0 0 -2 2 0 -4 0 -1 0 -3 -1 0 1 0 0 0 -2 -1 0 0 -2 0 0 0 0 -2 -1 1 0 0 2 0 0 0 0 1 2 1 0 -1 -1 0 30 0 -4 0 0 0 0 0 0 0 0 0 0 0 0 0 -1 0 0 -6 0 0 0 0 1 0 0 0 1 0 0 -2 0 1 2 0 1 -1 0 0 0 -5 0 0 -3 0 1 1 0 1 0 1 0 2 2 0 2 0 1 0 2 0 1 1 4 2 0 -1 1 0 0 0 0 0 1 0 0 0 0 4 0 1 0 1 0 2 0 0 3 0 0 0 0 0 0 0 0 2 1 0 2 -1 0 3 2 0 0 0 1 0 1 -1 4 2 0 1 3 -1 -4 0 3 0 1 0 0 0 -2 0 0 3 0 0 1 0 5 -3 0 5 1 0 0 0 3 1 -1 0 1 0 -1 0 2 -2 0 1 1 5 3 0 0 0 0 2 0 1 0 0 -1 -1 1 1 1 0 -1 -3 4 2 -1 -2 -4 -1 -1 0 -2 0 -2 0 2 1 0 -1 2 1 -8 0 1 0 -1 0 -2 0 0 -2 0 -1 0 -2 -4 0 -1 2 1 1 0 1 0 4 0 -6 0 -1 1 0 1 2 0 0 1 0 -1 1 0 -1 -2 0 2 2 1 -1 0 1 0 -3 1 1 3 0 0 0 1 0 0 -1 0 -6 -3 0 0 -1 0 -1 0 1 0 0 -1 0 0 2 2 2 0 -1 2 1 0 0 -3 -2 0 0 -1 0 -1 0 0 -2 0 0 1 3 -2 0 0 0 0 0 0 2 -1 -2 0 -1 -2 0 -4 0 2 0
2 2 6 -1 0 0 0 -1 0 0 0 0 0 0 0 0 0 1 0 0 0 4 1 0 0 0 0 -2 0 -2 -2 0 0 0 0 0 0 0 0 -2 0 0 0 0 1 0 0 0 0 -4 1 1 1 0 0 -1 0 0 6 0 0 0 1 0 0 2 0 0 2 0 0 0 2 1 1 -1 -2 0 0 0 0 0 0 0 0 1 0 0 2 -4 0 0 0 0 -1 0 0 -1 2 0 -2 0 0 -1 1 0 0 0 2 -2 0 0 2 4 1 0 0 1 0 0 2 0 -1 -1 0 0 0 0 0 0 0 0 0 0 1 0 -1 0 0 2 -3 0 0 -2 1 0 0 0 0 0 0 0 0 25 0 0 -1 0 -2 2 4 1 0 2 0 0 0 0 -1 0 -4 0 1 -1 0 0 0 0 0 -2 0 -2 0 -2 0 0 0 0 -2 0 -2 0 0 3 0 0 0 0 0 0 0 0 3 0 0 0 -4 0 0 0 -1 0 -2 0 0 2 1 0 -1 -2 2 -2 0 0 0 1 0 0 0 0 0 0 3 0 0 0 0 0 0 1 0 0 1 -2 0 0 0 0 0 -3 1 -1 0 1 0 2 0 0 2 2 0 0 0 -1 2 0 0 0 4 0 0 0 0 0 1 2 0 0 2 0 2 -2 0 -2 1 0 -2 0 0 0 4 2 0 -2 0 -2 0 -1 0 0 0 1 1 -1 1 -2 0 0 0 0 -2 -2 0 0 1 -6 0 -2 0 1 0 0 0 -4 0 0 0 0 0 0 0 0 -4 0 0 0 2 0 -4 2 0 -1 0 1 0 0 4 0 0 0 0 0 0 1 0 1 0 0 0 -1 0 0 0 0 1 0 -1 -4 0 0 -2 2 0 -4 1 -4 5 2 0 -1 6 2 2 2 2 0 3 2 -2 2 2 0 -2 0 0 -1 0 0 1 -2 1 0 0 0 0 0 0 0 0 0 -2 0 0 0 0 0 0 0 -2 0 0 0 0 0 2 0 2 2 1 2 0 3 0 0 0 0 0 0 0 -1 0 0 0 0 0 0 0 0 0 0 0 0 0 0 0 0 0 0 1 -2
0 0 0 0 0 0 0 0 0 2 -1 2 -1 -2 -4 1 0 0 0 -2 -1 0 -2 0 -4 0 0 -2 0 0 0 1 -4 -2 0 1 0 0 0 -2 0 0 1 1 2 0 0 7 -8 0 2 0 2 0 0 0 -2 2 0 0 0 2 0 -4 0 0 4 4 0 -2 -7 0 0 -2 0 1 -2 2 0 0 0 1 2 -1 -4 0 0 0 0 4 2 -2 2 2 0 -2 0 0 1 0 1 -2 0 0 1 0 0 -1 0 -2 2 0 0 0 0 1 4 0 0 -1 1 0 0 0 2 0 1 1 0 0 -2 0 2 6 2 0 0 0 0 -1 0 -2 0 0 0 -1 -2 0 1 0 -1 0 -4 0 36 0 2 0 1 2 -2 0 0 2 -1 0 1 0 0 1 1 0 0 0 0 2 0 0 0 0 0 3 0 2 -4 0 -3 -2 0 4 -1 -2 -2 -1 2 0 0 -1 0 2 0 2 2 -2 -2 0 0 1 2 0 -2 -1 0 0 1 2 -6 -1 0 2 0 0 -1 0 0 1 0 0 0 4 -2 -4 0 5 0 0 0 -2 0 2 5 0 0 0 2 0 2 0 0 0 0 0 0 0 0 1 -2 -3 1 -2 -2 0 0 0 -5 0 0 0 4 4 2 2 -3 0 2 0 0 2 0 0 1 -3 3 2 1 0 5 0 2 2 -1 0 2 0 0 -2 0 2 1 4 0 -1 0 0 0 1 0 -2 -4 1 -2 1 0 0 0 0 0 -2 2 -2 0 1 0 -1 0 2 0 0 0 2 4 6 0 3 0 -2 2 2 -4 0 -2 0 2 -3 0 0 1 0 1 -1 2 0 4 0 0 2 2 3 3 -3 0 0 1 -1 0 1 -1 0 2 -2 0 -2 0 0 0 0 0 0 0 0 0 0 0 2 0 1 -1 2 0 0 1 -4 0 5 2 0 0 -2 0 0 -2 0 -2 -2 0 -2 0 0 0 1 0 0 0 -2 0 2 0 -1 -2 -1 0 0 1 2 0 0 2 0 0 0 0 0 1 0 0 0 1 -1 -5 -1 0 0 0 1 1 0 0 1 -4 2 0 4 0 -3 0 1 1 0 0 2
0 0 0 4 0 6 -4 0 0 -4 -2 2 4 -2 0 -4 -1 4 2 0 -1 -2 0 0 0 0 0 -4 -3 4 0 -2 2 0 0 -1 2 4 2 -1 0 0 0 1 -5 2 0 0 0 -2 -4 3 2 -4 2 0 0 -2 -5 3 -2 0 4 1 0 4 0 0 -5 4 2 -4 -4 0 0 -1 4 -1 -2 0 0 2 0 6 -2 -2 0 0 -4 0 0 0 6 0 6 0 2 0 0 4 2 2 -2 2 0 2 -2 -2 0 -2 0 0 5 0 2 0 4 -4 0 2 0 1 1 -8 0 5 -2 -1 -1 -2 0 0 -2 0 -1 0 -1 0 1 4 0 0 -2 2 0 1 2 2 0 2 2 -2 0 0 0 65 0 0 1 0 -4 0 -2 2 0 0 1 2 -4 0 -1 4 0 -2 8 1 -4 1 -2 3 -10 0 0 0 1 2 0 0 -6 4 -2 0 -2 0 0 0 0 0 0 2 0 -1 0 0 2 -1 0 -2 2 0 0 4 0 0 -5 2 -2 0 0 1 2 0 0 -2 -4 0 0 0 0 0 2 0 -1 0 0 0 2 0 2 -1 -1 2 0 -2 -2 -1 4 0 0 0 0 0 2 -2 -2 -2 0 -2 1 -2 0 -4 1 2 -1 0 0 0 -4 0 0 0 -6 -3 0 -3 0 0 -5 -1 -1 0 0 0 0 2 -5 2 0 0 0 2 0 0 0 0 2 7 4 -1 4 -2 2 -4 -4 2 0 -1 -1 0 4 2 -4 -1 0 0 0 2 0 0 -2 0 2 -2 1 0 2 -2 5 2 -3 4 -2 4 -2 -1 0 -2 -2 0 2 2 0 0 -2 -3 2 0 2 -3 -1 0 2 1 0 -1 -2 2 0 -2 0 0 -1 -4 2 0 -2 4 2 -1 0 2 -2 0 1 2 2 0 0 -4 -1 -2 -4 4 -1 -2 -1 -4 0 6 4 2 1 -3 0 3 1 -2 -2 0 0 0 0 0 -4 2 0 1 2 0 0 -6 4 -1 0 0 -1 0 -6 2 -2 0 0 0 6 -6 2 -3 1 0 -1 3 4 4 2 0 4 1 2 0 4 0 -2 2 2 4 0 -2 0 0 0 0 2 0 0 0 -2 -1 2 0
-4 0 2 1 0 1 -4 -1 0 -4 -1 4 -2 0 -4 -5 2 0 0 -6 -2 0 -1 -1 0 -5 -2 -1 0 4 0 0 0 4 0 -1 0 2 0 -1 0 1 0 -1 -4 0 0 2 -8 -2 2 1 -8 -3 0 2 0 0 1 0 0 0 -2 2 0 0 -1 4 -2 -2 0 0 0 0 0 2 1 0 -3 2 0 3 0 -2 1 -4 3 -1 -2 2 0 1 0 0 0 0 0 1 2 -2 2 -4 0 0 -6 -4 2 2 -1 0 2 0 1 0 0 -2 4 2 -2 0 -2 -2 2 -1 -1 0 1 0 -2 4 7 0 1 2 0 -4 0 0 -2 -2 2 2 -2 0 2 6 -1 0 -1 0 -4 -2 0 -1 2 0 62 -2 2 0 -2 0 0 4 0 0 4 0 5 2 -2 0 0 -1 4 0 -2 -2 2 2 1 -2 -1 0 3 -2 4 4 0 4 0 -2 -2 -3 -1 0 -4 1 1 -1 2 -2 2 1 1 -1 7 0 4 -1 0 -2 0 -2 0 1 0 -1 -2 0 -3 2 0 0 -4 0 -7 8 1 0 0 -1 0 0 -1 -2 0 4 2 -1 2 0 5 -2 0 3 -2 -2 0 0 2 -2 1 2 0 -6 0 0 3 -2 0 4 -1 1 -3 0 3 -1 1 0 1 0 1 3 -2 -1 -5 0 -2 2 6 -5 2 0 -7 -4 1 1 -3 0 0 5 0 0 1 1 2 3 1 3 -2 2 0 -4 -4 -3 2 1 -1 -2 -4 1 0 -1 1 0 1 -4 -2 0 0 1 0 2 0 2 0 2 1 -2 0 7 0 -1 1 0 9 2 0 -1 2 0 0 0 2 -4 2 -4 -2 2 0 0 2 3 0 0 2 0 0 -10 -1 0 0 0 0 0 0 0 8 -4 0 0 1 2 -2 2 0 0 0 0 0 3 -2 0 2 0 0 0 0 -4 -2 0 0 2 0 0 0 0 -1 2 0 1 0 2 -1 0 -1 -3 2 0 -1 0 0 0 0 -1 1 0 0 -3 0 7 -1 1 6 0 0 0 2 -1 -3 -1 0 -2 0 2 2 0 -2 3 -2 0 2 -1 -2 0 -2 0 4 1 0 -6 0 4 -5 1 0 -4 2 0
0 0 0 0 2 0 0 0 -4 0 2 1 0 0 -2 0 6 0 -4 -2 -2 0 -2 0 2 4 2 2 0 0 -1 0 0 0 2 0 0 0 0 0 -3 -4 -1 0 0 0 -2 0 0 0 0 -4 1 0 0 -4 0 1 0 0 0 0 0 0 2 0 -2 -2 2 1 0 0 2 -1 0 0 0 0 -4 1 2 0 0 0 0 2 -4 4 5 -2 0 -4 2 4 2 -2 0 0 0 4 0 1 0 0 0 -4 0 -2 -4 0 0 0 0 0 0 0 0 -2 0 0 2 4 0 0 4 0 -2 -4 -4 0 0 4 4 0 0 2 0 0 0 0 -1 -2 0 0 -1 -5 -4 0 0 0 0 -4 0 0 0 0 -2 59 -4 4 0 -2 -1 -2 0 1 0 0 0 4 4 0 0 0 1 0 2 1 0 0 0 0 -1 0 -4 1 0 0 0 -2 0 4 0 2 0 4 -4 -5 4 0 -2 1 -2 -2 -2 3 -4 0 -6 3 1 0 -2 -3 -3 0 2 -2 0 -2 0 -1 0 1 -4 -2 0 0 0 -2 1 0 0 0 -3 4 0 3 4 2 -2 2 2 0 0 -1 -4 0 -4 10 6 0 2 0 2 0 2 0 0 2 2 4 -2 2 3 2 4 2 0 0 -2 -4 0 0 0 0 -1 -2 -2 -3 0 2 0 3 2 -2 -6 0 2 4 -1 0 0 0 -6 0 -4 0 -2 -2 1 1 1 -1 6 1 -2 0 -2 -1 2 2 1 2 4 0 0 0 0 0 -5 0 -4 -1 -1 0 -2 0 0 4 0 0 4 -2 0 0 2 0 0 1 0 4 0 -3 -4 0 0 1 -2 0 -4 1 0 -2 -1 -2 0 -6 0 0 -6 0 4 2 4 -2 0 1 -2 0 -4 -2 2 1 4 0 -2 -2 4 -6 0 1 2 0 3 4 2 0 0 0 -2 -1 1 -3 0 2 -4 -2 0 0 -4 1 0 0 0 -4 0 0 -1 4 -2 2 0 -3 -2 -2 0 1 0 4 0 -2 -3 4 0 2 -1 2 0 0 0 2 6 0 -1 -6 2 2 -2 -1 0 -1 0 0 -4 2 0 -2 0 0 0 0 0 2 0 0 -2 0 0 0
0 -2 2 4 -3 0 -4 0 0 0 -2 2 -1 1 -2 0 -1 0 -4 2 2 2 0 6 0 0 -1 -4 0 0 -2 0 0 0 -4 0 -2 -1 0 0 -1 0 0 -2 2 4 3 1 0 0 0 -1 2 2 1 0 -2 -2 -6 -1 2 0 0 1 1 -2 -1 3 0 0 6 0 -2 0 2 -4 0 1 2 -2 5 2 -2 0 0 2 2 0 -1 3 0 -2 0 0 0 0 -4 5 0 0 4 -3 0 0 -2 0 0 -4 -3 4 -5 0 0 0 1 -1 0 0 0 -2 6 6 0 -2 -2 0 0 2 0 -1 0 0 0 0 -2 0 2 -2 0 -3 0 0 2 0 0 2 0 0 0 0 -5 0 0 -2 1 1 2 -4 49 0 0 0 0 5 -3 0 -2 4 0 0 0 -3 -1 0 0 -6 -1 -1 -6 0 -4 -3 0 0 0 -1 -3 0 1 1 -1 0 1 0 2 2 -4 -2 4 0 0 0 4 0 0 -4 0 -2 0 0 0 -1 2 0 -1 0 -2 6 3 2 -3 1 -2 2 0 1 0 0 0 -6 0 -2 4 0 0 2 -4 0 -1 2 0 1 0 4 -2 0 1 0 0 4 0 0 2 -2 5 -1 -1 -2 1 0 2 2 0 1 1 -2 0 -4 -1 -10 0 0 -4 -5 3 1 0 -2 0 0 2 -2 0 0 -2 0 -2 0 -4 0 -3 1 5 1 0 0 -1 0 -3 -1 0 0 -1 -3 -2 -1 -1 1 1 0 0 2 1 0 1 0 0 -1 0 0 -4 0 2 3 0 -1 -3 0 0 -1 0 0 0 0 0 -3 0 0 1 1 0 2 0 -1 -2 0 -2 0 -1 -2 0 1 2 0 1 2 0 2 -2 1 4 0 0 0 1 -2 0 0 0 3 -4 0 2 -5 -1 2 1 0 0 0 -1 0 2 -4 -6 2 0 0 0 2 0 0 -2 2 4 0 0 0 -2 0 -1 0 -4 0 0 0 -4 0 2 0 2 1 1 2 1 2 0 0 -4 0 -4 2 0 1 -2 0 -2 0 0 0 -2 0 0 0 -2 0 -9 0 -1 -2 2 1 -4 4 1 -3 0 2 -2 -1 0 0 0 5 -2 0 0 -1 0 1
2 1 0 0 2 0 8 2 -3 4 0 0 0 0 -1 -1 0 0 2 1 0 8 -2 0 0 0 0 -1 0 -4 2 -6 0 0 -1 0 0 0 0 1 0 0 2 -4 0 0 0 2 0 0 0 -4 0 -2 2 0 1 0 0 -2 0 5 0 0 0 -1 -1 4 5 0 0 0 1 0 0 0 0 0 0 0 0 -4 -4 -1 -2 0 2 0 2 -2 0 0 0 2 0 0 -2 0 -1 1 0 0 0 0 0 0 0 0 -2 0 2 -2 0 0 0 0 0 0 1 -1 0 0 0 -5 0 2 -2 0 -2 2 0 0 0 -1 -2 1 0 -3 6 0 -3 5 0 0 0 0 2 0 0 2 -1 2 0 2 2 0 0 4 0 36 2 -2 0 0 0 0 2 0 0 -4 -2 1 0 -1 0 -4 0 0 2 0 0 4 0 2 0 0 -4 0 0 -1 -4 0 -2 0 6 -3 -1 0 0 0 1 4 -2 -4 0 -2 2 -1 4 0 2 0 -1 0 6 2 2 5 -1 0 0 3 0 -4 0 -2 2 0 0 0 0 -2 0 -2 0 0 0 4 0 0 -2 0 0 0 4 -1 -4 0 0 -2 0 0 2 0 0 0 2 0 0 0 2 0 0 0 0 -2 0 0 2 0 0 -1 -1 0 0 0 2 0 -2 1 0 0 1 0 1 0 -7 4 2 0 0 0 0 0 2 0 0 0 -1 6 0 1 0 -1 -2 2 -2 2 0 -1 -1 0 0 0 0 2 0 0 0 0 -1 0 3 0 0 0 0 5 0 -4 0 -4 1 -2 -2 0 2 0 -1 0 0 0 0 -4 2 0 2 2 0 0 4 -2 0 0 0 0 0 0 -2 0 0 -4 0 -4 -2 4 -8 0 -1 0 -6 0 0 0 0 1 0 1 0 0 0 1 0 1 0 0 0 0 4 0 -2 0 0 0 0 0 0 0 0 0 -1 0 1 4 0 -1 0 1 2 0 1 2 0 0 0 -1 0 0 0 0 0 0 0 0 -1 2 0 0 0 0 0 -2 0 0 -2 4 2 0 -2 0 2 -2 0 2 -2 0 0 2 0 1 0 0 -1 0 0 4 0 0 0 0
2 -2 0 0 -2 0 6 1 -2 4 0 0 0 0 -1 -2 1 -2 1 -2 5 6 -2 0 2 0 -1 6 0 0 0 1 6 -2 0 2 0 2 2 0 1 2 0 2 2 2 1 -4 0 -2 -2 0 0 -4 -4 -1 0 1 6 0 2 0 0 -2 2 -4 0 2 2 1 2 0 -2 0 3 0 2 0 0 -2 0 2 0 0 0 0 0 -3 0 2 0 2 0 0 0 1 1 1 0 2 -1 4 -4 2 1 6 0 6 0 0 4 0 0 0 4 0 1 0 0 0 0 2 0 -2 0 0 2 1 0 0 0 0 0 -2 2 0 0 2 -4 1 0 6 -6 0 0 2 -1 0 -2 0 1 0 0 4 -2 -4 -2 0 0 2 49 3 -6 0 4 1 4 -2 -2 0 0 0 1 -1 -8 1 -4 -1 -4 2 -2 -2 -2 -1 0 0 0 4 -2 0 -1 2 -5 0 -5 0 -2 2 -2 2 0 1 -4 4 2 0 2 2 0 0 0 0 0 2 5 0 0 0 -2 0 0 2 0 0 2 1 0 -4 0 0 -2 0 0 -2 0 0 0 0 -5 0 0 -2 -1 2 -2 0 -2 0 0 -6 2 0 0 -2 2 0 4 -2 -5 2 -1 0 0 0 6 0 0 0 -2 0 0 0 -1 0 2 0 0 0 0 0 0 -2 -7 0 -1 0 -2 0 0 1 3 0 -2 -1 4 -1 0 0 2 0 0 0 0 -4 0 0 0 -3 -4 -1 -2 0 0 -2 4 -2 -1 1 0 1 -5 0 0 1 -4 -2 0 -2 2 0 0 0 0 4 -3 1 2 -1 -2 0 0 2 0 -6 0 3 0 0 0 0 0 4 0 -2 0 -2 0 2 0 0 2 -1 -2 -4 -2 -2 0 4 0 0 -1 1 1 -3 0 0 0 -2 0 0 -1 -2 0 0 -4 2 0 -4 0 2 0 0 -6 1 0 -3 0 0 2 -4 -4 2 0 2 -2 -2 0 0 2 0 1 -2 3 0 0 2 0 0 0 1 0 -2 -2 -4 -1 5 2 -1 -1 0 0 0 0 -2 0 1 4 -1 -2 0 -2 0 0 0 0 0 0 0 -2 2 0 -6 0 0 0 -3 -1 1 -5 -1
0 0 6 4 0 0 2 0 0 0 0 0 0 0 0 2 -3 0 -1 -5 2 0 -2 0 0 1 0 -2 0 2 0 3 0 0 0 1 -1 3 0 0 -2 2 0 2 0 0 0 0 0 2 2 0 -2 0 0 -1 0 0 0 -2 -1 0 0 0 -1 0 0 2 0 0 0 0 0 0 1 0 0 4 0 0 -2 -2 6 0 2 2 0 0 -6 0 0 -1 -4 -2 0 -2 -3 0 0 0 -1 4 2 0 0 1 2 0 0 -1 0 0 -4 0 4 0 1 -4 0 -2 0 0 0 3 0 0 0 -2 -2 -1 0 0 0 2 0 2 0 0 -2 3 1 2 0 0 -1 0 0 0 0 0 0 0 0 1 0 0 0 -2 0 -2 3 31 0 -2 -1 1 -1 0 0 -2 0 0 0 -1 -2 0 0 0 0 0 0 -4 2 -2 1 2 5 -1 0 -2 -3 1 1 2 -2 -1 -4 -4 0 0 4 0 -1 2 1 0 2 0 0 -1 0 0 0 0 0 0 -2 0 0 1 0 0 0 0 2 0 0 0 0 0 0 0 2 0 0 0 0 -2 1 0 -1 4 -1 3 -2 1 -1 0 0 3 2 1 2 0 0 1 0 2 0 1 0 0 -2 -2 -4 0 0 -4 0 -1 0 0 0 0 1 0 2 0 0 0 2 0 -3 3 0 0 0 0 0 -1 2 0 0 -4 11 0 -1 0 -1 -1 0 2 1 2 0 0 -1 -4 0 0 0 0 0 4 1 0 0 0 0 -1 1 2 0 0 0 2 0 0 1 4 0 2 0 -2 -2 -1 -2 -1 0 -2 -2 0 0 0 -4 1 -1 -1 1 0 0 0 0 0 0 0 -1 0 0 1 0 0 0 5 0 -1 0 0 0 0 0 0 0 0 2 -1 1 0 0 -1 1 0 -4 0 -1 0 0 0 -3 -4 2 0 0 0 0 -2 6 0 0 0 1 0 0 1 0 2 -2 0 0 0 0 -1 0 1 0 1 -2 0 1 -6 0 -1 0 -2 -3 0 1 0 -3 0 2 0 -2 0 -2 -2 4 0 1 0 -4 2 1 -1 2 0 0 1 1 -4 2 -4 0 -1 0 0 0 0 1 0
0 2 0 0 0 0 0 0 -1 -4 0 0 -1 2 1 0 -4 2 0 2 0 0 0 0 0 2 0 0 0 0 0 0 -2 4 0 -1 -2 1 -2 0 -1 0 0 0 1 1 0 0 0 0 2 3 2 0 0 0 0 1 0 -2 1 0 0 2 -2 2 4 0 0 -2 0 1 0 0 0 0 0 0 0 0 -2 0 0 -2 0 0 -4 1 0 2 0 0 0 0 0 0 -1 0 0 2 5 0 0 -1 -1 0 0 1 1 -4 0 2 -6 0 -2 0 0 -2 0 0 0 -2 0 2 0 0 2 0 0 4 0 0 0 0 0 0 0 0 0 -4 3 0 5 0 1 0 -1 -1 0 0 0 0 0 0 0 -2 0 -1 0 0 -6 0 32 4 0 1 0 -2 0 0 -2 0 2 0 -2 0 -1 0 4 0 0 2 2 0 0 0 2 0 3 0 0 -3 0 0 -4 0 1 3 -4 -1 0 -2 0 0 0 2 -1 2 0 -1 -4 0 0 -4 0 0 2 0 0 2 0 1 -2 -2 3 0 1 0 0 0 -1 0 0 0 0 2 -1 2 2 2 -2 -4 0 0 0 -4 0 -4 0 2 0 0 -2 1 0 0 0 0 0 0 0 0 0 0 -1 -2 0 0 2 6 1 0 0 0 0 1 1 0 2 0 2 0 1 0 0 0 0 -2 0 2 0 0 2 -4 -4 0 3 0 1 -2 0 0 -3 0 0 -1 0 0 0 0 2 0 0 1 -2 0 0 0 0 -1 2 0 0 1 0 0 2 1 0 3 0 0 0 -1 0 -6 4 0 0 1 3 0 0 0 2 -4 -4 0 0 0 2 -4 0 0 0 1 0 -1 0 0 0 0 0 4 -2 2 2 -2 0 2 0 0 0 0 0 0 0 2 0 0 0 3 0 0 1 0 2 0 0 0 0 -2 -4 0 5 1 0 0 -1 2 -3 4 0 -1 1 4 0 0 0 0 0 2 0 0 2 -2 0 4 0 0 0 2 1 1 -1 0 1 0 0 0 0 0 -4 0 -1 0 0 -2 0 0 1 0 0 -7 3 0 0 -2 4 1 2 0 0 0 0 3 4 0 4 0
0 0 -3 1 0 3 -2 0 0 -1 2 -1 1 0 -2 0 2 0 4 0 0 0 0 0 -1 -2 0 0 0 0 0 2 0 0 0 -1 -3 2 -2 0 0 0 0 0 -1 1 1 -2 -6 0 0 4 4 -2 1 -2 0 0 0 -2 0 0 2 0 2 0 6 0 2 0 0 2 0 0 2 0 0 0 2 0 -2 0 -2 -1 -1 -2 1 1 4 -1 0 -1 0 0 2 2 0 0 0 0 4 -6 4 1 2 0 0 1 4 0 0 4 0 0 2 0 4 0 0 0 3 -1 0 4 2 0 0 0 2 0 0 -1 0 1 -3 -2 0 -2 0 0 -1 2 2 1 0 0 0 0 0 1 0 -2 0 2 2 2 4 -2 5 0 0 -2 4 38 -2 0 0 1 0 0 0 -4 -2 0 0 0 -2 0 0 2 0 2 -1 0 -2 -2 2 -2 4 0 1 -2 0 4 -2 0 4 3 0 0 0 0 7 -3 0 0 2 3 0 3 1 -1 0 1 0 0 0 -1 1 2 -2 -4 -2 0 0 0 -2 4 0 0 0 -1 0 0 -1 0 0 0 0 1 2 -1 0 -2 0 1 0 0 0 0 0 -4 0 0 1 -2 0 0 7 2 0 0 1 -3 0 0 0 1 2 0 0 2 0 1 -4 0 2 1 -1 0 2 -1 0 1 -1 1 0 0 0 2 -1 1 4 2 -2 0 0 2 0 1 0 2 2 0 -5 0 5 -2 -2 0 2 2 -2 3 0 0 -1 1 3 0 0 0 4 0 0 0 0 0 0 -6 0 3 0 4 0 0 0 0 4 0 0 0 2 -4 5 0 2 0 -2 0 0 0 0 0 0 1 0 2 2 -3 1 0 -1 -1 2 1 -2 2 0 2 0 -1 4 0 0 2 0 0 -1 0 0 -3 0 2 4 0 1 0 2 3 1 1 -2 5 1 -2 0 0 0 0 0 -3 0 0 0 1 0 0 0 0 -2 -1 2 -1 0 0 4 0 -5 -2 0 0 0 1 0 0 1 4 3 0 -3 6 0 1 2 2 0 0 2 0 1 0 2 -4 0 -2 -2 2 4 0 -1 0 0 0 -2 0 0 -1 -2 2
-1 -4 0 0 0 -2 0 0 0 0 0 -2 -2 0 0 0 1 0 0 -1 0 -2 0 0 0 0 -2 0 0 0 0 0 -2 -2 -1 -2 0 3 0 1 0 2 0 0 2 0 -4 -1 0 -1 0 0 -2 0 -4 0 0 0 0 0 1 3 0 -1 0 -1 0 0 5 0 -1 0 0 -2 2 0 0 2 0 1 1 1 0 0 -1 -1 -1 1 -2 0 0 0 0 -4 0 -2 -1 -2 0 0 -1 2 0 0 0 0 0 4 0 -1 -1 -2 2 -1 -1 2 0 -1 0 -2 0 0 1 4 -2 0 -3 1 0 0 0 1 1 2 -2 0 1 0 0 0 0 0 -1 0 0 0 2 0 1 0 0 0 0 0 -1 0 0 0 -3 0 4 -1 0 -2 24 0 0 1 1 0 -2 4 1 0 0 2 1 -1 0 0 -1 2 0 0 -1 0 0 0 -2 2 0 -1 -2 0 -1 0 1 2 -2 -2 0 3 -1 0 1 0 -2 2 0 -2 -1 2 0 2 0 -1 1 -1 0 0 0 -2 0 -1 0 -1 -1 0 -2 0 0 -2 5 -1 1 0 0 0 0 0 0 -2 0 2 0 0 -4 -4 0 0 0 1 0 0 1 0 1 3 -1 0 0 1 2 0 -1 3 0 0 0 0 0 0 0 1 0 1 0 0 0 0 1 -1 0 0 2 2 0 0 -1 -1 0 1 -2 1 -3 0 -2 0 0 0 0 2 1 -2 -1 -4 1 0 0 -1 1 -1 0 0 -2 1 1 0 1 0 0 0 0 0 0 0 0 0 0 0 0 0 0 -2 -2 -2 2 0 -2 0 2 0 0 1 1 0 0 -1 -2 0 1 1 -3 1 0 0 -1 2 1 0 0 4 0 1 0 0 1 0 2 1 0 -2 1 1 -1 0 1 -1 -1 1 0 0 2 -2 2 0 -1 0 0 0 4 -3 0 0 0 -1 0 -2 0 2 -1 0 0 0 0 1 0 0 0 0 0 1 2 1 0 0 0 0 6 0 1 3 0 -1 0 0 0 0 1 -2 -2 -1 0 0 0 -2 0 0 0 0 0 0 0 0 2 0 0 0 0 4 -1 0 0 0 0 0 2 1 0 0
0 0 -1 0 0 0 0 0 -2 1 0 0 0 1 2 0 1 0 0 -4 0 0 0 0 -1 -1 0 0 0 2 0 0 0 0 -1 1 -1 0 0 0 -1 0 0 0 1 0 -4 0 2 0 0 0 -2 0 -2 1 1 0 0 -1 0 0 0 -3 0 0 0 3 0 -2 0 -2 0 -2 0 0 0 0 0 0 0 0 -2 0 6 0 0 0 0 0 1 0 0 -2 0 0 1 0 0 0 0 0 -2 0 0 -1 0 0 0 -1 0 0 0 0 0 0 2 -2 0 0 0 0 2 0 0 0 0 1 -2 0 -2 0 0 0 0 3 0 -2 0 1 1 0 0 0 1 0 0 0 1 0 0 0 0 0 0 0 0 1 0 0 1 1 1 0 0 21 4 2 0 0 1 1 1 0 0 0 1 0 0 1 0 0 -2 0 0 0 1 2 -4 2 0 4 0 -2 -2 2 1 1 -4 0 -1 0 0 0 0 5 0 0 0 0 -1 0 -2 0 2 0 0 1 0 -2 -6 0 0 -6 1 0 0 1 0 0 -3 -4 0 -2 0 -2 1 0 0 0 -1 0 0 -4 0 0 -1 0 0 0 0 0 0 -2 0 -1 -2 1 0 1 1 -2 -2 0 -1 0 2 4 0 1 2 0 1 0 0 2 0 0 0 -4 2 0 0 1 1 0 0 0 0 2 2 0 0 -1 0 0 0 0 0 0 1 1 4 0 0 0 0 1 0 -1 -2 0 0 0 4 0 0 0 0 0 -2 0 0 0 0 0 6 -6 0 0 0 2 0 -1 1 -2 0 -2 0 1 -2 2 0 0 0 0 0 -1 0 0 0 1 -4 0 0 2 0 0 0 0 -1 0 2 2 -2 1 0 0 0 0 0 0 1 0 -2 -1 0 0 2 0 3 0 0 0 -1 2 0 0 0 0 -1 0 0 0 0 1 0 0 0 0 0 1 0 1 0 1 0 0 2 0 1 0 0 0 -2 0 0 4 0 0 0 0 1 0 0 0 1 0 2 0 1 0 1 0 2 0 0 -2 0 1 0 0 0 0 0 0 0 -2 3 -2 0 0 1 2 -1 0 0 0 -4 0
0 0 0 0 -2 0 -2 0 -1 0 0 0 0 0 0 0 0 0 0 -2 0 0 0 0 0 0 -2 0 0 -1 0 0 0 -2 -4 1 0 6 -2 -4 0 0 0 1 1 0 -4 0 2 -2 0 0 0 -4 -2 0 0 0 1 -2 1 0 -1 0 0 0 0 0 -3 0 0 0 0 -2 -4 0 0 -1 0 -4 -2 0 0 0 2 0 2 0 0 0 2 -2 -1 0 2 1 0 0 0 4 2 0 0 0 1 -2 0 0 0 0 4 0 -1 0 0 -3 0 -4 0 0 2 3 0 -2 0 0 -2 1 -4 2 0 0 0 -6 0 0 -4 0 -1 0 2 3 0 0 -1 2 0 0 0 0 -4 0 0 0 1 1 4 0 -2 2 4 -1 0 0 0 4 39 -2 1 0 -1 0 0 0 0 0 0 2 0 0 0 0 0 0 1 2 2 0 -2 -2 0 2 -1 0 0 0 -2 2 0 0 0 0 2 -1 -2 0 -1 0 0 -4 0 0 0 0 4 0 0 -5 -2 0 -5 4 0 -6 0 0 -1 8 3 0 0 -4 0 0 0 -2 0 0 0 0 4 0 2 0 -4 0 0 0 -1 -2 0 0 2 4 -1 0 0 -3 0 0 0 2 -6 0 2 0 0 0 2 0 0 0 4 0 0 0 3 -4 0 0 2 0 -2 4 4 -2 0 0 0 0 4 2 -2 0 2 0 2 -1 0 0 0 0 -3 -2 1 0 0 -6 -1 1 0 -2 0 -2 4 2 0 2 0 -4 -2 4 0 0 -3 0 -2 -3 0 -2 0 0 0 -4 0 1 0 0 -6 0 -2 2 0 -4 0 0 0 4 0 -3 -2 0 0 0 0 0 0 0 -3 0 -4 -1 -1 0 -6 0 0 0 0 -2 0 0 4 2 0 1 -1 0 0 0 -1 3 0 2 0 0 2 1 -4 -2 0 0 0 0 0 -1 -2 0 0 0 4 0 0 2 0 0 0 -2 0 0 -4 -1 0 -2 0 0 0 4 2 0 0 2 0 0 6 4 1 0 0 0 1 0 1 -1 0 0 0 0 0 0 -1 0 0 4 2 0 0 0 2 -4 0 0 1 0 0 0 0 1 -2 2
2 -2 2 0 2 0 -2 -1 0 0 0 0 0 0 0 0 2 0 0 6 0 -2 0 0 0 -2 1 0 0 2 0 -1 -2 -4 0 0 0 0 -2 0 0 0 -1 -3 0 1 0 0 0 1 -1 0 0 0 9 0 0 1 -4 0 -1 1 0 0 1 1 -4 0 0 -1 0 -1 -4 2 2 0 0 1 2 3 0 0 -4 -2 -1 0 -3 1 0 0 1 0 -2 0 0 0 -1 0 0 0 -3 0 -2 0 0 0 0 0 -1 1 -1 1 2 0 2 0 0 0 0 4 3 0 0 1 0 0 -1 0 -2 -1 0 0 0 0 -1 2 2 -4 0 -2 0 -1 2 -1 -1 0 3 0 -2 1 1 2 0 0 0 2 0 0 4 0 -2 0 -2 1 1 2 -2 35 0 -6 0 0 0 0 0 0 2 0 0 2 0 0 1 1 2 -2 0 -1 0 2 1 0 1 0 0 4 -1 0 4 -6 0 1 0 0 0 0 1 -5 0 0 1 0 -2 2 0 3 0 2 0 -1 -1 -1 0 1 -1 0 0 4 -2 0 -1 0 0 0 -4 -1 6 0 0 0 1 5 -2 0 1 -1 2 0 0 0 -2 -4 2 1 -1 0 -3 -2 3 0 0 4 0 0 0 -1 0 0 0 -5 0 0 2 0 -1 0 -4 0 0 1 0 -1 0 0 0 0 1 0 -2 -2 -1 1 1 0 0 -1 1 0 -3 4 2 0 -4 -2 0 0 0 -2 2 1 0 -1 1 0 1 0 2 -1 0 0 -1 0 0 -2 -1 -1 1 -4 0 0 -1 0 0 0 2 4 2 0 1 0 0 0 0 2 0 0 0 0 0 -4 -3 0 0 1 6 0 0 2 -2 0 0 3 0 0 0 0 0 4 0 -2 2 0 -2 2 0 0 -4 0 1 2 2 0 0 -2 0 0 0 -4 0 0 0 -2 0 1 0 1 2 2 0 4 0 0 0 0 -1 -3 0 0 0 0 2 1 0 -1 -1 0 0 0 0 2 0 4 0 2 -1 -1 -2 0 1 0 -2 0 2 0 0 0 0 0 2 2 -2 -1 0 1 0 0 0 0 0 3 0 0 0 -4 -1 0 0 0 0 0
1 -4 -3 0 -5 0 0 2 1 -3 0 4 2 -1 0 0 0 0 1 -1 -1 -2 6 -2 0 -2 -1 2 4 -1 0 0 0 0 0 -3 0 4 -4 4 0 0 1 1 2 2 0 -1 2 -1 3 1 -4 0 1 0 2 -1 2 0 0 0 -2 2 -4 0 0 0 -4 2 -1 0 0 -2 1 -2 -4 0 0 -5 0 2 0 0 0 -1 2 -4 0 0 2 0 2 4 1 1 -2 3 0 -2 3 0 0 -2 -3 -3 0 -1 0 0 0 0 -4 1 0 0 -2 -2 0 -4 0 2 2 4 0 0 -2 0 2 0 4 0 4 0 -2 1 1 4 -1 -4 0 2 2 2 0 6 -2 2 0 0 0 3 -1 -1 0 -4 5 0 0 0 -2 0 0 0 1 0 1 0 50 -2 -2 -1 -7 4 3 0 0 1 0 -1 -2 6 0 -1 0 2 0 -3 0 -4 -1 0 -3 0 0 8 0 4 6 -2 -1 2 0 -1 0 0 0 5 0 -2 0 0 3 3 -2 -1 0 1 -3 2 4 -1 0 0 4 1 -2 0 1 0 -2 -1 0 2 -4 -4 0 4 0 -1 -4 0 0 0 -2 0 -1 0 -7 -2 0 0 -1 0 -1 -1 0 0 -1 -3 -2 0 1 0 -2 -1 1 4 -4 0 1 1 2 0 1 -2 -1 2 1 1 6 2 3 0 6 -3 3 -1 0 -2 -6 -3 0 0 0 4 1 -3 0 2 1 4 6 -2 1 0 1 3 1 -3 -1 -2 1 -4 -2 0 0 0 1 -1 2 0 0 2 0 0 -2 0 0 0 1 0 1 -4 1 -3 1 0 0 0 -6 0 1 -1 0 2 1 1 0 2 0 -4 0 -1 2 0 4 -2 0 -7 0 4 4 0 -2 -4 4 2 0 1 2 0 -2 -4 0 -1 1 0 -3 2 -1 5 0 -2 0 0 0 4 -2 -4 2 -3 -2 -2 1 -1 0 1 0 2 2 -1 -1 2 0 2 0 1 2 4 -2 0 -2 3 -1 -1 0 0 -1 -3 0 -2 2 2 -2 0 0 1 1 4 0 5 -1 -2 2 -1 2 -2 -2 1 0 0 2 -2 -2 2 0 0 4 -1 0 -2 1 6 0 0 0 -2 -1 0
2 0 0 0 3 -2 -2 0 -1 0 0 1 0 -2 -1 1 1 1 0 0 0 -5 0 0 0 0 0 -8 -4 0 0 0 2 4 -2 0 0 0 0 0 -1 -1 0 0 -5 0 0 2 0 -3 -2 -2 -1 0 -4 2 -2 0 0 -4 0 -1 2 1 2 0 2 -2 3 0 0 0 0 1 0 0 0 0 0 -1 5 -1 2 2 0 -3 0 1 1 0 0 -3 -1 -1 1 0 -4 -4 0 2 0 0 0 0 2 -1 0 0 0 0 0 0 1 4 0 0 1 -2 -2 -1 -4 0 0 2 1 0 2 -1 0 2 0 0 0 0 0 0 0 2 2 0 0 2 -2 0 0 0 0 -1 0 0 1 0 0 0 1 0 2 4 0 -4 0 -2 0 0 0 0 0 -6 -2 38 2 0 0 1 -1 0 0 1 2 0 -4 0 -2 -3 0 -1 0 -2 1 0 0 0 0 -2 -3 0 1 0 0 0 -1 -8 2 -2 3 2 -4 2 0 0 0 0 -2 -1 0 -2 0 0 0 -6 0 0 0 1 -4 0 0 -4 -4 2 0 2 0 0 0 -2 0 -2 1 0 -1 -2 -3 0 2 3 2 0 0 0 1 4 0 0 -3 1 0 0 0 0 0 0 0 2 -2 0 0 -2 0 0 0 2 0 0 -1 0 -1 0 2 -1 0 2 3 1 0 1 -6 2 2 -2 -3 0 -2 2 -6 2 0 0 0 -4 2 -3 0 -1 0 -1 0 0 -2 0 4 0 0 0 0 0 0 0 0 0 -1 1 0 1 0 0 2 0 0 0 0 0 0 0 2 0 -6 0 0 0 -2 0 0 -4 0 0 -1 -2 0 0 0 0 0 -1 -4 -2 0 0 0 1 0 0 0 0 0 2 0 -4 2 0 -2 -1 4 -1 0 1 4 6 -2 0 2 -1 -2 0 -2 0 0 0 0 0 -2 2 -1 -1 0 1 0 -2 -1 -4 0 0 2 0 -1 -4 0 -2 1 0 5 0 0 -1 0 -2 0 0 0 4 2 2 0 -4 1 -1 0 1 -2 0 0 0 6 0 -1 1 0 2 -1 0 0 4 -4 2 0 1 3 -2 -2 -2 -4 4 4 0 1 0 -1 0 0 0
0 -2 0 0 4 -8 2 0 -2 1 0 1 -2 -2 0 1 0 2 0 -1 0 -3 0 -1 0 2 1 0 0 2 0 0 0 0 0 2 4 4 1 3 0 0 0 0 0 -2 -2 0 0 0 0 0 0 0 2 0 2 3 1 1 -2 4 1 6 0 -2 -3 2 0 -1 0 -1 -2 0 1 0 0 0 0 -2 2 -4 4 0 0 0 0 3 0 4 -2 -4 0 2 -2 0 2 0 0 0 -2 2 1 -2 0 1 0 -2 0 -2 6 3 0 0 0 -2 1 6 2 0 0 -1 0 -2 2 0 2 0 0 -4 0 0 -4 -2 2 0 0 -2 2 0 2 1 -2 1 -2 -2 -2 1 -1 0 0 -2 0 -4 1 -1 -2 4 0 -2 0 0 -2 0 -2 1 -1 0 -2 2 43 0 0 4 0 0 0 3 0 4 0 1 -1 0 2 1 -4 0 0 -1 1 0 -1 2 1 0 -2 2 1 -4 -4 -1 0 1 -3 -6 -2 0 0 2 2 0 3 2 2 -4 -2 2 0 0 2 0 2 -1 0 0 -3 2 0 0 -2 5 0 0 0 2 -2 -2 0 3 -1 0 1 -4 4 0 1 2 0 6 -1 0 0 0 -2 0 0 -1 0 0 0 0 -1 -2 2 -2 0 0 -4 0 0 -3 0 -1 2 0 0 0 0 -1 0 0 1 2 0 1 2 4 0 0 -1 1 0 0 0 -2 -1 1 0 0 0 -1 -6 -2 -2 3 0 4 0 0 3 -2 5 3 1 4 0 -2 0 -2 -2 0 0 0 1 0 6 2 1 -1 0 0 0 -3 1 -1 0 -1 2 -2 0 4 0 -1 -3 0 -5 0 1 7 -2 0 0 0 0 0 0 1 -1 1 0 -2 0 0 2 0 -5 0 0 6 0 2 0 0 1 -1 0 -4 0 -4 -3 1 -6 -2 0 -1 6 0 -2 0 0 -2 2 3 0 2 -2 -1 1 4 0 1 2 -1 0 -1 2 1 -2 1 0 2 0 1 0 0 0 3 0 0 2 2 -2 1 2 1 -2 0 -2 2 0 -1 1 0 4 0 0 0 3 -1 2 4 -2 0 0 0 -3 4 -2 0 0 0 0 -1 1 4 1 0 0 0
1 0 1 0 -2 0 0 1 0 -2 0 3 0 1 -1 0 -1 0 0 0 0 0 0 0 4 4 -1 0 2 0 0 0 0 0 1 0 0 0 -4 0 1 -1 1 -2 0 0 0 2 0 -1 -3 0 -4 0 1 0 -1 5 0 0 0 -1 0 1 0 -2 0 1 -4 -2 -4 1 0 -4 2 0 -1 -4 2 -2 1 0 -1 0 1 -3 -2 3 -4 -2 2 1 0 -2 1 0 -1 -4 -4 0 -2 4 0 0 0 0 0 0 1 1 -2 1 0 1 0 0 -1 0 -1 -4 1 0 0 -2 0 2 0 0 0 -2 0 0 -2 0 -3 1 0 -2 0 -2 0 -2 0 0 0 0 2 0 0 -1 0 1 -6 0 0 4 0 0 -3 1 0 0 0 -4 4 1 0 0 -1 0 0 44 3 0 6 0 0 0 3 1 0 0 1 4 -2 -1 0 -3 -3 0 0 0 0 0 -1 0 3 0 2 0 -3 0 -8 0 0 0 1 -5 1 0 0 -1 -2 1 0 0 0 0 0 0 -2 -1 -1 -2 -1 0 -2 -2 0 0 -6 0 0 -2 -2 0 5 0 0 0 -2 0 0 0 -4 6 0 0 0 0 0 -2 1 0 0 0 0 0 -1 0 0 0 1 0 2 2 0 0 -2 2 0 -1 -2 0 1 0 0 0 0 0 1 0 0 0 0 0 3 4 4 0 -3 3 -4 0 2 -1 -1 -1 0 0 0 0 0 0 0 0 0 4 2 2 -3 0 1 0 0 0 1 0 1 -1 -2 -2 0 0 1 -1 0 0 0 0 0 -1 0 0 -8 1 2 -4 0 0 0 0 2 2 6 0 0 -1 -2 -2 3 1 -4 3 0 0 0 2 4 0 0 -5 0 0 0 0 -1 0 3 4 -1 0 -6 0 0 2 0 0 3 0 0 -3 -4 0 -2 -1 -2 0 1 -1 0 -6 -2 1 0 1 -2 -4 -4 4 5 2 0 -2 -4 7 -2 -2 4 0 1 0 0 2 -1 1 0 0 2 0 0 0 -4 2 0 -2 0 0 0 0 0 2 1 6 0 4 0 0 3 0 0 0 -1 -1 2 0 0 0 0 0 0 0 -5 0 1 1 2 0 0 0
2 0 3 -4 0 2 0 0 -2 0 -1 0 -2 2 1 4 -2 0 -1 -2 0 4 0 0 -1 0 0 0 0 0 1 2 -1 -1 1 0 0 0 0 0 0 -3 0 0 0 0 0 0 -1 0 4 -4 0 -6 3 -2 0 1 0 -4 2 0 -2 1 3 1 0 -2 1 2 0 0 0 -4 0 0 1 -2 2 -4 -5 -1 -2 0 -1 -2 -2 -1 -2 0 0 0 0 0 -2 -4 1 -2 0 0 1 -4 -2 -2 0 -2 0 0 3 0 -1 0 0 0 -2 0 3 -3 0 0 -2 2 2 1 0 0 -2 1 -4 -1 0 0 -2 1 2 1 0 0 0 0 2 0 0 -6 -2 0 0 -2 0 -4 1 3 0 1 0 0 0 0 -1 0 1 0 2 -2 1 1 0 0 -7 0 0 3 41 0 0 0 -2 0 0 3 2 -2 0 0 1 -3 -2 0 1 -2 0 4 0 -2 0 2 -2 4 2 0 0 -1 -1 -2 0 2 0 -2 -1 1 -1 0 -2 4 1 -1 0 -3 -2 1 -2 1 0 -1 1 4 -1 0 0 0 -3 1 0 0 0 1 0 0 0 0 2 -4 0 0 -4 0 1 -2 1 0 0 -1 -2 2 1 1 4 0 0 -1 -1 0 2 0 0 -4 0 0 4 1 0 1 1 0 3 2 0 2 0 0 2 2 -1 -1 2 0 4 2 0 0 0 2 0 -1 4 0 0 -1 0 2 0 0 -1 -4 0 0 0 5 0 -1 0 -2 0 2 -5 0 0 -4 1 0 0 1 -1 0 0 -1 0 2 0 4 0 0 -4 2 -1 -2 0 2 -1 0 4 2 0 0 0 0 0 0 -2 -3 0 0 -6 1 0 4 -1 2 0 6 -5 -1 0 0 0 5 -2 -1 2 4 0 -1 0 2 0 2 2 0 0 1 -1 4 1 1 0 -1 1 0 0 1 -2 -2 2 1 0 1 -2 1 0 2 -2 0 2 3 0 3 0 0 0 -2 1 3 0 0 -2 0 0 -1 1 -2 0 0 -3 0 -1 0 0 -1 -1 2 0 0 -2 -4 -3 0 0 -2 1 0 0 0 0 0 1 0 1 0 -2 2 0 0 -2 0 0 0 0 0 0 -2
2 0 -2 2 -2 -4 0 2 5 0 2 4 0 -4 2 0 2 2 -4 2 -1 0 2 -2 0 0 0 1 0 -4 0 0 -2 0 0 0 0 2 -1 2 0 0 0 0 0 0 -1 0 0 -3 -2 0 -4 0 -2 0 0 0 0 2 0 1 0 2 0 0 1 2 2 -2 0 0 2 0 0 0 -1 -2 2 2 2 -4 6 0 0 0 6 4 0 0 0 -4 0 0 0 0 0 1 0 -1 0 1 0 0 -4 -2 0 0 0 0 0 0 0 0 -1 0 0 0 1 1 0 0 0 2 2 2 0 0 0 0 4 0 2 2 0 2 0 0 0 0 0 0 2 -2 0 8 1 0 0 0 0 2 0 -1 0 -2 -1 0 0 -1 -1 -1 0 0 0 0 0 0 4 1 4 0 0 32 4 0 0 0 0 0 0 -2 0 0 0 0 -4 0 0 0 1 0 -6 0 1 0 0 0 2 0 0 -4 -1 0 0 -2 0 0 0 0 0 -2 4 0 -2 0 0 0 0 0 0 0 0 0 0 2 0 -4 0 0 -2 0 -1 0 0 0 0 4 3 0 2 0 -4 0 4 0 0 -2 0 0 0 0 0 0 -2 0 0 -2 1 0 0 0 0 -4 1 0 -2 0 2 0 0 0 3 0 -2 0 0 0 0 0 0 2 0 -2 4 0 4 0 0 -1 0 0 2 0 -2 0 -4 0 -1 2 0 1 0 0 0 0 0 0 0 -2 0 -2 0 0 -1 2 -1 -4 0 0 0 0 -4 0 0 0 4 0 2 2 2 -2 0 0 0 0 -2 2 0 1 0 0 0 0 0 0 0 0 0 0 0 -1 -4 -4 -4 0 2 2 0 -3 0 2 4 0 0 0 0 2 -2 0 0 2 0 1 -4 0 1 0 1 1 0 6 -4 0 1 1 0 0 0 -4 -5 0 4 2 0 3 2 1 0 0 -1 0 -1 -2 0 1 0 0 -1 0 0 0 1 0 0 0 0 0 1 0 2 0 0 0 0 1 1 0 0 1 0 1 0 2 2 -5 0 0 0 0 0 0 0 0 2 0 -2 4 0 0 0 4 -1 0 4 3 0 0 0 0
0 0 2 0 -2 4 -5 -2 2 0 0 5 2 0 -2 0 0 0 -2 0 -4 0 0 2 0 6 0 -4 -2 1 0 -2 -1 -2 0 0 0 -2 0 0 0 -2 -4 2 0 0 0 0 0 -4 4 0 -4 4 4 0 0 0 0 0 -2 0 0 0 0 4 0 -6 -6 -2 1 0 0 0 -2 1 0 -2 0 1 -2 0 0 -3 2 -2 2 0 3 0 0 0 0 0 0 0 2 0 4 0 2 0 0 0 -4 -2 0 -2 1 0 0 0 0 0 -2 4 -4 0 0 10 -4 0 0 -4 0 4 0 0 2 0 6 0 0 0 2 0 0 0 4 4 0 0 3 0 0 6 -4 0 0 2 1 3 0 0 0 8 4 1 0 0 -8 -2 -2 0 0 0 0 0 3 -1 0 6 0 4 58 -2 2 0 0 3 4 -2 0 0 0 0 0 -2 -1 0 0 -2 2 0 0 0 0 8 0 0 0 0 -2 2 -2 0 -2 -2 0 2 0 -2 0 -1 0 1 0 0 -2 0 0 -2 0 2 3 2 2 0 0 0 -4 1 0 2 4 1 0 0 0 0 4 6 0 0 -2 0 0 -2 0 1 0 4 0 -6 -2 0 -4 1 -2 -4 2 0 0 0 1 0 -4 5 0 0 2 -2 0 0 0 -1 1 0 4 -1 -2 4 -2 1 0 0 0 6 -4 1 1 0 0 8 0 -1 -4 0 0 1 0 2 2 5 0 -1 0 0 0 -2 0 2 2 -4 -4 0 -2 -4 0 -1 0 0 0 2 0 0 0 2 -2 0 0 0 -4 -1 -4 0 2 0 0 0 0 0 0 -2 0 0 0 0 0 0 2 0 0 -1 0 -5 -4 4 0 -4 0 0 0 0 0 0 2 0 0 0 1 -6 -4 2 0 0 0 -2 0 0 -4 0 -4 -1 -2 -2 0 0 0 -4 0 -4 -7 -5 2 4 -2 0 -6 4 0 4 1 0 -4 0 0 0 -3 0 0 -4 2 2 -4 0 0 0 0 -4 -1 -2 -2 -2 6 2 4 0 0 0 4 2 0 5 4 0 -4 1 0 0 -2 0 0 -2 0 2 0 0 -1 1 0 4 0 -2 -2 -2 -6 4 -1 -2
-1 -1 0 0 2 0 0 0 6 0 0 0 2 -2 0 0 0 4 0 -4 0 0 0 2 0 0 0 0 0 0 0 0 2 0 2 -1 0 0 0 -1 0 0 1 0 2 0 0 2 -1 0 -1 0 0 -2 0 0 0 0 0 2 0 -1 0 0 0 5 2 0 -1 0 0 -2 -4 0 0 0 1 1 0 0 0 0 0 1 0 0 -3 0 0 0 1 3 0 0 -2 0 0 0 1 0 -2 0 0 0 0 -3 -2 6 0 0 2 0 1 0 -4 0 -2 0 -2 0 0 0 2 5 -4 -2 2 0 0 -2 0 0 0 0 6 0 1 3 -1 -1 4 0 0 -2 0 0 0 0 -3 0 2 0 0 0 2 1 0 0 -6 -4 1 0 0 0 2 0 0 0 0 0 0 0 0 0 -2 35 0 1 1 1 0 0 0 -1 0 0 0 0 0 0 0 0 -5 -2 -4 2 0 -2 -4 0 0 -1 4 0 0 -1 2 -2 0 -1 0 1 0 0 0 0 0 0 0 1 2 -2 0 -3 -1 1 -1 -4 0 0 0 0 0 2 -1 0 0 0 2 0 0 -3 0 0 0 2 0 0 0 0 0 0 0 2 -6 0 0 0 2 1 1 0 0 0 0 0 0 6 2 0 0 -2 0 0 0 0 0 0 0 0 0 -2 -5 0 0 0 2 0 -4 2 1 0 0 -2 0 0 2 0 -1 2 0 0 0 2 2 0 0 0 0 0 0 0 0 0 1 0 -1 2 2 0 0 0 -4 0 -2 2 0 2 0 0 0 0 0 0 0 0 0 0 0 2 -2 2 0 0 0 -1 0 3 0 0 0 0 0 0 0 0 2 0 0 0 -1 0 1 -1 0 -3 2 0 4 -1 4 0 0 1 0 4 -11 0 0 0 -1 0 0 0 -1 2 0 0 0 0 1 0 1 0 0 -2 1 0 -2 1 2 0 0 -2 0 0 5 0 2 1 0 0 1 0 0 0 -2 0 -4 -1 2 2 0 0 0 -1 0 0 0 0 -1 -2 4 -2 3 0 -2 3 -2 0 1 0 0 0 -2 6 0 0 0 0 0 2 0 -2 0 0 0 0 0 1
0 0 0 0 0 -4 0 0 0 2 1 0 -4 0 0 4 1 0 3 0 0 0 0 2 0 2 0 1 2 -2 0 2 1 -1 2 2 0 0 0 0 0 5 2 1 1 -2 -2 0 4 0 0 -2 2 2 -2 1 0 0 2 2 0 0 0 -8 0 0 0 3 0 0 0 0 1 0 0 1 0 1 0 3 2 0 0 4 0 0 2 2 1 5 2 0 0 0 0 0 0 5 -2 0 0 0 -3 -2 0 0 0 0 0 0 4 -2 0 4 -1 0 0 0 0 0 -1 0 0 0 2 0 0 1 0 2 0 1 0 0 0 0 -2 -2 2 4 0 0 4 -4 0 0 -1 0 0 -2 0 0 1 0 0 -4 -2 2 -1 0 -4 0 -1 -2 1 1 0 2 0 0 0 0 -2 0 2 0 41 0 0 -4 0 0 0 0 0 -1 1 0 0 0 0 -3 0 -4 -2 2 0 0 0 2 0 -4 4 0 4 2 0 0 0 0 0 3 0 0 0 2 0 -2 2 0 0 -1 1 2 -2 0 -4 0 1 -4 0 0 0 -1 0 0 1 0 0 0 4 1 0 2 -4 2 1 0 0 0 0 -2 0 -2 0 0 0 0 0 1 0 -4 0 0 -4 0 0 0 -2 -2 0 0 3 -2 1 0 0 2 0 0 -1 0 0 0 1 0 2 0 -3 0 1 2 -1 6 0 0 0 -4 1 2 1 0 1 0 3 1 0 0 2 0 -3 2 0 2 0 0 0 0 2 3 0 4 0 0 0 0 0 0 1 2 0 2 0 -2 -2 0 0 0 0 -1 -4 0 1 0 0 6 1 0 0 1 0 0 0 -2 0 3 0 0 -2 0 -4 0 0 4 0 0 -4 0 1 0 3 0 0 -2 0 0 -4 0 2 0 2 -1 2 -4 3 -1 0 0 0 -1 1 -1 6 0 0 -4 0 4 0 2 1 0 0 -2 -4 -2 2 -2 4 0 -1 0 -8 0 -1 0 0 0 1 0 -4 1 2 0 0 0 0 -4 -1 0 0 0 0 2 0 -4 0 0 2 -1 -2 0 0 0 0 0 -2 0 0 0 1 -1 0 2 1 -1 2 0 -4 0
-2 0 0 -2 0 2 0 0 0 0 -2 0 1 -2 2 3 -1 3 -4 -2 3 0 2 1 2 4 -2 0 0 3 0 3 0 0 -3 -2 0 3 0 0 0 0 0 0 0 0 0 2 2 -1 1 0 0 0 -1 0 -1 0 0 -1 4 0 2 1 0 0 0 0 0 2 0 -5 0 1 0 0 -3 0 -2 0 1 -6 2 0 0 -1 0 0 0 0 -2 -2 -1 0 3 4 0 -2 0 0 0 2 0 0 0 -4 2 -3 -2 0 0 0 0 0 -1 0 -3 -3 -2 0 0 0 0 0 1 0 0 0 2 0 2 0 -2 -6 0 1 2 -1 0 0 1 0 4 -1 0 0 0 -1 1 2 0 2 0 0 0 1 -2 1 -1 0 -1 0 0 0 -1 0 2 0 1 1 3 0 0 0 0 1 0 40 -4 0 2 4 -1 0 4 0 -2 0 0 1 0 -2 2 -2 0 0 0 4 0 0 0 4 2 0 -2 0 0 0 0 0 0 2 2 -1 1 0 1 0 0 2 1 -1 0 4 0 0 2 1 0 4 -2 0 0 0 0 0 0 1 3 0 -1 0 0 0 -6 -2 0 0 0 2 -1 -2 3 5 0 0 0 0 -2 0 -2 -1 0 0 4 0 0 0 0 0 -2 0 0 0 0 0 2 0 0 0 -1 -2 1 0 6 0 2 -1 -2 0 0 0 -2 -2 1 1 -1 0 -2 0 0 0 -1 2 0 0 -2 0 -2 0 -2 2 0 5 0 0 -2 0 0 0 8 0 0 0 -6 -1 2 0 3 2 -4 -2 0 -1 0 -2 2 0 0 0 -1 0 -4 0 0 0 0 1 -2 0 -1 0 0 -1 -1 0 0 0 0 -1 1 0 0 0 0 0 0 4 0 -2 0 1 3 -1 0 0 2 -1 0 0 -2 1 -2 2 0 -2 1 0 0 -2 1 -3 3 0 -1 0 -1 -2 0 0 9 2 4 0 0 0 2 0 0 0 -1 0 0 0 -1 0 0 0 -2 0 0 -2 -2 1 -6 -4 -2 0 -6 0 0 0 2 0 -1 0 0 2 0 0 1 -1 0 0 -2 -3 0 1 -2 -1 -2 0 0 0 0 -1 0 0 0 -1
-1 2 0 -3 6 -1 -2 -4 0 -2 2 -2 0 0 0 0 3 0 4 0 2 -2 0 3 0 2 0 0 -2 -1 0 0 -2 0 0 2 0 -2 -6 2 0 0 -2 0 -3 -2 0 1 0 1 0 0 0 0 0 1 -2 1 0 0 -2 2 0 0 0 0 2 4 -2 0 -1 0 0 0 -4 0 1 -1 -1 2 -1 0 0 -3 -1 4 -2 2 0 -1 -4 0 0 4 -3 2 -3 0 0 2 0 1 0 0 1 0 0 0 -2 2 0 -1 0 2 -1 0 0 -1 2 0 -2 -1 2 2 -2 -2 0 0 0 -1 -4 -2 -1 0 0 -2 0 -3 0 0 -4 0 0 -7 0 2 0 0 0 0 4 0 0 0 0 -2 2 0 -6 2 -4 0 4 0 0 0 0 0 0 2 0 3 0 0 0 1 0 -4 43 0 0 0 -2 -1 -3 0 2 -2 -4 0 0 0 0 0 5 0 -4 0 0 -4 2 -2 -2 -2 2 0 4 1 0 1 0 0 0 3 0 4 0 0 0 1 -1 2 2 -1 0 0 2 0 -2 0 0 0 0 0 0 0 6 0 0 2 0 0 0 -4 0 -5 0 0 0 -2 0 -2 -2 1 0 0 0 2 -1 0 0 0 1 2 -2 2 0 3 0 -1 0 0 0 2 -2 2 -4 0 0 0 -1 1 0 0 2 1 -6 0 6 2 -2 0 1 1 -4 0 0 0 0 0 0 1 0 0 0 -2 -2 0 0 0 1 0 -1 -2 0 0 4 0 -2 0 2 0 0 1 6 2 0 2 -2 -2 -4 0 0 0 0 0 -2 4 2 -2 0 0 -2 4 0 -4 -1 -2 0 0 4 -4 0 2 0 0 -2 -1 0 0 -1 0 1 4 2 -1 4 -8 -2 2 0 -1 -4 0 0 0 -1 2 0 -2 0 4 0 -2 2 2 -2 0 -2 3 1 0 0 2 -6 0 0 0 -4 0 2 2 4 0 0 0 1 0 0 0 0 0 0 0 0 -2 2 0 0 2 4 0 0 0 0 1 2 0 5 0 0 1 0 2 -4 0 6 0 -1 0 2 0 0 -1 0 1 0 0 0 0 0 1 -1 -3 -2 0 4 -1 4 4
0 0 0 1 0 4 2 0 -2 -2 0 2 -1 0 1 0 -1 0 0 2 2 0 0 2 0 0 0 -1 0 5 0 0 2 0 2 -4 0 0 -3 0 0 0 -2 0 1 2 0 -1 1 -1 0 0 -1 0 2 0 1 0 0 2 0 0 0 0 -1 0 0 -4 0 0 0 -3 0 -1 -3 1 0 0 -1 -2 0 0 -2 -7 1 1 0 0 0 0 0 0 0 0 -3 0 2 2 0 0 0 0 -2 -1 0 0 0 -1 2 2 4 1 0 0 1 0 4 -1 0 5 -2 0 4 3 -2 0 0 2 3 -1 0 0 0 -4 1 0 0 0 -1 -4 0 0 0 -2 0 0 -6 0 2 2 -4 0 0 -2 0 3 2 0 0 0 2 0 0 2 0 1 0 2 -1 0 4 1 3 0 3 1 -4 0 0 37 2 0 -2 0 -1 -1 -1 1 0 0 0 -1 3 -2 0 0 -2 0 0 0 -3 -1 1 -1 -2 0 -1 0 0 0 0 -2 -4 2 2 -1 0 2 0 -5 0 0 -1 1 0 0 2 2 0 0 -2 0 0 2 0 0 -1 0 0 -2 -2 0 2 4 -3 0 0 0 -2 0 0 0 0 3 -2 0 2 0 0 0 -5 0 1 3 -1 0 0 2 0 0 0 1 0 0 -1 0 0 0 -5 0 2 0 -3 0 0 0 9 0 1 3 -4 2 0 -1 2 4 2 4 0 1 4 3 -2 2 0 0 2 1 0 -5 4 -2 0 -3 0 3 -2 4 0 0 -2 0 0 0 2 2 0 1 -1 0 0 0 0 0 3 -1 0 0 2 0 0 2 -1 0 0 0 0 0 -2 -2 0 -1 4 -2 0 3 0 4 0 0 0 1 0 -4 0 0 0 3 0 3 0 -1 1 0 -1 -2 0 1 2 2 -1 -2 -4 2 -2 0 0 -4 2 2 -4 0 0 -1 0 0 0 2 0 0 0 4 0 1 1 2 0 0 1 0 1 2 4 0 0 0 0 2 2 -3 2 0 0 2 -2 0 0 -1 1 0 0 -1 0 -3 0 0 0 0 -2 0 2 4 -4 -1 0 0 -1 2 0 0 0 0 0 0 0 2 0 -2 1 0
-4 -1 0 -8 0 4 6 0 0 0 -1 1 3 0 0 1 2 0 0 0 3 -4 0 0 0 -2 0 2 -1 -2 0 1 0 0 0 4 2 1 0 4 0 1 0 0 5 0 2 1 0 -1 0 0 -1 0 0 -2 0 0 -4 -2 0 0 0 0 0 0 0 0 -2 0 0 2 0 0 0 -2 0 2 -1 0 -1 -5 0 -4 0 0 0 0 1 -2 -3 0 0 0 -2 0 0 1 1 0 0 0 2 0 0 0 0 0 0 0 0 2 4 0 1 0 0 0 -1 2 -3 0 2 0 0 -2 0 1 2 0 0 0 -1 0 0 0 -1 0 0 0 0 1 0 0 2 3 -4 0 1 0 -4 0 1 0 0 -10 1 0 -4 0 -2 0 0 0 -1 0 0 0 -2 -4 0 0 2 0 4 0 0 2 0 2 45 2 0 0 -2 0 0 0 0 -2 0 0 0 0 0 0 -2 0 1 -3 0 0 -1 0 -1 2 0 -2 1 0 0 -1 -4 0 0 -2 0 -3 0 -5 0 1 0 2 1 3 0 -2 4 0 0 0 -2 3 0 0 0 0 0 2 2 0 0 4 0 3 0 0 -2 1 0 0 0 4 0 6 0 4 0 -1 0 0 0 0 1 0 0 0 0 0 4 0 0 3 1 6 0 0 2 0 2 -1 -2 1 1 0 2 0 1 0 0 3 1 -2 0 0 0 -4 2 2 -1 -1 -2 4 -2 0 0 -4 0 0 -1 -5 0 2 0 1 0 -2 0 1 0 0 0 0 -1 0 0 2 -4 0 0 1 -6 -4 -2 0 0 4 4 0 0 0 2 0 0 2 -2 0 -4 2 4 0 -2 0 -1 -1 0 0 1 0 -1 0 -2 0 0 0 2 2 0 2 0 -2 -4 2 -4 0 2 -4 0 0 0 0 2 0 6 -1 0 0 -4 0 0 -1 6 6 0 4 2 0 -4 0 1 0 0 -1 2 0 0 0 -2 0 -4 4 0 2 0 0 1 0 -2 -8 4 -1 -2 0 -1 0 -1 6 -3 0 0 -2 -4 0 0 0 1 0 0 0 2 0 0 0 0 -4 0 4 0 0 -1 0 -10 -1 0 0 2 0 0 2
-2 0 -2 -2 -4 5 0 0 -1 0 0 3 -2 -2 -1 0 0 0 2 5 -4 -1 0 -3 0 0 -5 3 0 0 4 0 -4 2 0 2 -2 -1 0 4 0 0 0 0 0 0 0 -1 2 1 -1 1 4 0 -4 0 0 2 0 0 -1 0 0 1 0 0 0 0 1 -1 -4 1 0 0 1 -1 -5 0 0 0 -1 0 -4 0 0 -1 -1 -2 0 0 0 4 4 2 2 0 1 0 -2 0 2 0 1 2 6 -2 0 0 -2 0 -2 1 3 0 1 0 0 2 -2 1 2 0 1 -4 0 0 -1 0 0 1 -6 0 2 0 -5 0 4 1 1 0 2 -6 2 3 2 -3 2 0 0 -2 1 4 0 -2 3 0 -2 0 -3 4 -2 -4 2 2 2 0 0 0 6 0 1 0 -2 -2 -2 0 0 4 0 0 2 47 -1 1 -3 0 2 1 2 -1 -2 0 1 0 0 0 1 0 0 0 -4 0 -1 0 -2 -2 0 1 0 0 1 2 -2 0 0 0 1 2 0 -2 5 0 -1 0 -1 1 -4 0 0 0 3 2 -1 0 1 -1 0 1 0 0 0 2 7 0 0 -3 2 1 -4 0 0 0 0 2 0 0 0 -2 0 1 -4 0 0 2 1 0 0 0 -4 0 0 0 1 0 -1 -2 0 0 0 0 0 -4 6 -2 0 0 1 -5 1 1 0 -2 -2 0 -3 0 -2 0 0 0 0 -2 4 0 2 0 0 4 2 1 0 -3 0 0 0 -2 0 3 0 0 -1 0 1 4 0 2 -2 1 2 -4 0 0 2 -5 0 0 0 4 -8 -4 1 0 2 1 4 0 4 2 0 0 0 1 0 0 -2 -4 5 2 -1 -6 4 2 2 0 -1 -2 5 4 6 -2 5 -1 0 0 -2 3 5 0 0 -1 -3 -2 2 0 2 6 -2 2 0 2 0 -6 1 3 0 0 -1 -3 -1 2 2 0 0 0 0 0 0 0 0 0 -4 0 -1 0 0 -2 -4 0 2 0 -2 0 2 -1 -2 -5 4 4 -4 4 0 0 0 -1 2 4 0 4 -2 1 0 0 -1 0 -3 0 0 0 4 2 0 2 0 6 0 2 0 0 -1 2
2 -1 3 0 0 6 0 0 4 -2 1 0 -1 1 -2 0 0 0 0 2 0 0 4 2 0 1 0 4 0 0 1 -2 0 -4 3 0 0 -2 0 0 -1 -4 0 0 0 0 -4 0 0 1 1 0 0 0 0 0 0 1 1 1 -5 2 1 0 0 1 0 4 2 0 0 1 -1 0 -6 0 -3 4 0 0 0 0 6 0 1 0 0 -1 0 0 1 -4 0 0 0 0 -2 2 0 0 0 -2 3 0 0 0 0 0 3 1 0 0 -1 4 4 0 0 1 -2 4 0 -4 0 -2 0 0 0 -2 -2 2 0 2 0 1 0 4 -2 0 0 -2 -1 0 -1 0 0 0 0 0 0 0 0 1 0 0 0 0 -1 -1 0 0 -2 2 2 -1 0 -2 0 1 0 -2 -1 1 0 0 0 0 0 -1 -2 -2 0 -1 39 -4 2 0 0 -1 -5 -3 -1 0 -2 0 -1 -2 -2 -3 -2 0 0 2 8 1 -2 0 0 0 0 -1 -2 -2 3 -1 0 2 -1 0 0 0 -2 0 0 1 3 0 0 2 0 0 2 -2 -1 -1 0 0 0 2 0 2 0 0 1 0 0 0 1 -2 1 0 -2 2 1 -2 -2 -2 2 -4 -2 0 2 -1 0 -2 -4 -1 0 -3 0 2 0 0 -4 0 0 3 0 0 -4 0 0 2 -2 1 4 -2 -2 1 0 0 0 1 2 2 0 -2 1 1 2 0 1 1 -2 -1 0 4 0 -2 0 2 -2 2 0 0 2 0 2 0 0 0 4 -1 1 -2 1 0 0 0 0 0 0 2 0 1 -2 0 2 0 2 0 -1 -4 0 1 2 0 4 0 1 0 1 1 2 1 -2 0 4 4 1 0 -1 -8 0 0 0 -1 4 2 0 2 -2 0 -4 3 0 0 0 2 0 4 0 0 2 1 0 1 0 0 2 -2 0 -2 0 -1 4 0 2 0 0 0 -1 1 -4 0 0 1 0 0 -8 0 -8 0 0 0 -1 0 -4 3 1 0 -3 3 2 4 0 -5 0 0 -4 0 0 -2 -1 0 0 0 -4 0 0 2 1 2 2 0 0 -2 0 0 0 -4 0 -2 2 1 4 0 0 2 0 0
0 2 -4 0 -1 0 0 0 0 0 0 0 0 3 0 0 1 1 0 0 -1 0 -8 0 0 0 0 2 2 -1 1 0 -2 0 0 0 1 0 -2 4 2 0 0 0 3 0 0 0 0 1 -4 0 1 0 4 0 0 1 -2 -2 0 0 0 1 1 0 -2 0 4 2 -2 0 0 0 -1 0 -1 0 0 0 0 0 0 0 0 -2 0 0 0 0 0 1 1 0 -2 -1 0 0 -2 2 0 0 0 0 -1 2 2 0 0 0 0 -3 0 0 0 2 0 1 2 -1 3 1 0 0 0 -2 0 1 0 0 2 0 0 0 1 1 0 0 0 -1 0 -3 4 4 0 0 4 0 0 0 -1 -4 -2 -2 2 0 0 0 0 2 -1 -2 0 0 0 0 0 1 -1 -3 0 4 0 0 0 -1 0 0 -1 0 0 1 -4 27 -1 0 0 0 0 2 2 0 0 2 2 2 0 0 5 0 3 1 -3 0 0 0 0 0 0 1 0 2 0 -2 -4 0 0 0 0 0 2 0 0 0 1 -4 0 0 0 0 0 0 -2 0 0 0 0 -1 0 0 -3 0 0 2 0 4 -2 0 0 0 0 -2 0 1 2 0 0 0 0 0 0 0 0 0 4 0 0 0 -2 0 2 -1 0 0 0 2 0 0 0 0 0 0 -1 2 0 0 0 0 0 0 -2 0 0 0 5 1 0 1 0 1 0 -2 0 2 0 0 0 3 3 0 0 2 0 0 0 0 -2 0 2 -1 0 0 0 0 0 0 0 0 0 0 2 1 1 0 0 2 2 -2 0 0 2 0 0 1 0 0 -4 0 0 0 2 2 0 -2 4 0 -1 1 0 0 0 -5 0 0 0 1 -4 -2 0 -1 1 0 0 0 1 1 -1 0 1 2 -2 0 -2 0 2 0 0 -1 0 -2 -2 0 0 -1 -4 -3 0 0 1 0 -4 0 2 0 1 -2 0 -2 4 0 0 0 0 0 0 0 2 0 2 1 0 -6 0 0 -2 1 -2 0 3 0 -1 0 0 0 -4 0 0 0 0 0 -1 -2 1 -2 -6 0 -1 0 1 2 1 0 -4 0 0 2 4 0 1 -2
0 0 4 -2 0 3 -2 -2 0 2 4 -2 0 2 0 -3 0 0 -5 2 -2 1 0 -1 0 6 2 0 0 -1 -2 -2 2 -1 0 0 1 0 2 5 0 0 0 0 0 0 -4 0 2 1 3 0 0 0 2 -1 0 0 0 0 -3 0 -1 1 1 0 0 1 0 1 0 0 1 0 -4 0 0 1 -2 0 -2 -1 1 4 -1 -2 0 0 0 6 -1 -2 5 -2 1 1 -1 1 2 -6 0 -6 1 0 -4 -2 0 -2 0 0 -1 2 -2 -1 2 2 0 3 0 0 -2 -1 -1 -2 -2 0 0 0 -1 2 3 0 0 1 -2 0 -1 0 0 -2 2 -2 -2 -3 1 4 2 -2 1 5 2 1 0 0 -4 1 3 -4 0 0 0 1 0 -2 -1 0 1 2 0 0 2 -2 1 0 0 0 0 4 -3 -1 -2 -3 2 -1 46 0 0 1 1 0 2 0 1 0 2 1 0 2 2 0 2 0 -5 6 0 0 0 0 0 -2 0 0 0 2 4 0 0 -2 0 1 -1 -2 4 0 2 0 1 0 0 4 0 0 0 -6 3 0 0 0 -5 0 1 0 -4 -2 0 -1 0 0 -1 0 -4 4 -4 3 0 0 0 0 0 -1 4 0 0 2 0 -6 -2 -2 0 -1 1 0 0 -2 4 0 -2 -2 -1 0 -4 0 -1 -2 0 -3 0 2 3 2 4 -2 3 -2 2 4 2 2 -2 2 0 0 -2 -2 0 0 0 -2 6 1 0 0 0 -6 -2 1 0 0 0 1 0 4 -4 -1 0 0 0 -2 1 4 -1 0 0 -4 0 0 0 0 -2 0 -1 -4 0 0 1 0 0 0 2 2 -3 2 2 1 0 0 1 2 0 0 0 -4 0 -2 0 0 0 2 -2 0 2 0 -4 4 3 0 1 0 0 0 0 0 -2 -1 0 0 -4 0 -7 1 -2 2 0 -1 0 0 6 3 0 -1 2 -4 0 0 -1 -4 -2 0 2 0 2 0 0 2 0 0 -1 -1 0 4 0 -1 0 -4 -2 0 0 0 0 0 -2 0 0 0 4 -4 -2 -1 1 0 2 -1 -2 1 4 0 0 -2 0 -1 -2 -3 1 -2 2 0 0 0 1 -3
0 0 2 -1 0 0 0 5 0 1 0 1 3 0 0 -1 -1 -2 0 -4 0 -2 0 0 -1 0 -3 1 0 0 0 -1 2 1 -1 0 2 0 2 2 1 0 -1 0 1 0 -2 0 0 -1 -1 0 1 0 0 2 0 -2 0 -1 0 1 1 0 -4 0 0 0 0 -1 1 -1 0 -5 0 0 0 2 0 -3 0 0 0 1 0 2 0 0 0 0 0 0 -2 0 0 0 0 0 2 1 0 0 -1 0 0 3 0 0 0 0 0 0 0 0 3 0 0 -1 0 3 1 -2 0 -2 0 0 0 -1 -2 0 0 1 0 0 2 0 1 0 0 0 0 1 0 0 0 0 0 0 0 2 0 -3 1 0 0 2 -2 1 -1 0 0 2 0 -2 0 0 2 -2 2 -1 1 -1 -3 0 0 0 -1 0 0 -1 0 0 0 0 0 17 1 1 0 0 -2 0 -2 0 3 0 -1 -1 1 0 0 1 -1 1 -2 0 0 0 2 0 0 3 0 3 -1 0 0 -2 -1 0 0 1 2 -1 0 0 0 0 0 0 0 1 4 0 0 2 0 0 0 0 1 0 0 0 0 -1 0 0 0 0 1 2 1 -1 0 0 -2 0 0 0 0 0 0 2 0 0 1 0 1 0 1 -2 -2 0 2 0 6 0 0 0 4 0 0 0 1 2 -2 0 0 0 -3 0 0 0 2 4 0 0 -1 -1 0 0 4 2 -1 1 0 4 0 -2 0 0 -2 2 0 -2 0 1 0 0 0 1 0 -1 -1 1 -1 -1 0 0 2 2 2 -4 0 1 0 0 -3 0 2 0 0 1 -2 -2 0 2 2 -1 0 -2 0 0 0 1 0 0 -4 -1 0 0 0 2 1 0 0 -4 -2 -1 0 0 -2 -4 1 -1 0 -1 2 -2 0 0 0 0 0 0 0 0 0 -3 -1 0 0 0 0 0 5 -1 0 -2 0 0 2 0 1 -2 -1 0 0 0 -2 -1 0 -1 0 0 -3 0 -3 -3 0 0 2 -1 2 1 0 0 0 0 0 1 0 1 1 0 -1 0 -1 1 1 0 0 -1 0 0 -1 0 0 -3 0 1 0 5 2 0 1 0 0 0
2 0 0 -2 -1 3 2 1 -1 -4 1 -2 0 -4 0 1 2 0 0 0 -4 -4 0 0 -4 -2 -4 2 0 4 0 0 0 -1 4 1 -1 2 0 1 2 -1 -2 2 0 2 1 -2 0 0 2 -1 -2 2 0 0 0 3 0 -1 2 -4 0 0 1 0 0 0 0 -2 -2 0 0 0 0 -1 0 5 -2 0 1 2 2 0 0 -2 -4 -4 0 0 0 0 0 -2 0 0 2 1 0 0 2 0 3 2 0 1 0 0 -4 -3 1 -2 0 0 -1 0 0 -8 0 -2 -3 0 0 2 -2 0 0 -2 -2 0 -2 -2 1 -4 1 2 2 -2 1 3 1 -2 0 0 0 5 0 -2 0 0 2 -3 2 0 -3 0 4 0 -3 -4 0 5 2 2 0 1 2 0 0 0 -4 0 -2 -4 0 0 1 -2 2 -1 0 2 0 0 0 1 41 0 -1 0 4 1 4 -4 -2 0 2 1 -2 0 -2 -4 3 0 4 0 0 0 -1 0 0 0 0 -2 0 -3 0 1 1 0 1 -1 1 -1 -1 3 4 3 2 -1 1 0 1 -1 0 0 4 -1 -1 0 0 1 5 -2 0 -1 0 0 -1 0 2 0 -2 0 0 0 0 -1 0 2 1 2 0 -2 -2 0 0 0 0 5 1 -1 2 2 -2 0 0 0 -2 -2 0 2 -2 2 -2 0 0 -4 10 0 1 0 -4 0 3 0 2 0 -3 0 0 1 -2 0 0 -2 0 1 4 0 0 -3 2 4 0 -4 0 0 0 2 0 4 0 2 2 2 0 0 -2 -1 0 6 2 2 0 0 4 -2 2 0 -1 0 0 2 -3 0 -2 2 4 0 1 0 2 7 2 2 0 0 3 0 0 0 0 7 -1 0 4 0 2 0 -1 0 -2 0 2 1 2 0 1 -5 1 -2 0 0 0 0 0 3 -3 -5 1 0 0 -2 1 0 6 -2 0 1 0 0 0 -4 0 0 4 0 0 0 0 0 -1 0 3 0 0 0 0 0 2 1 0 0 0 -2 0 0 1 -1 4 0 0 0 0 -1 -4 -1 2 1 -1 2 0 -9 0 0 1 -6 3 0 0 0 0 2 -5 -2 0 0 0 0
0 0 0 0 1 0 4 1 0 1 0 2 0 0 2 0 3 0 -2 -2 2 0 0 0 0 -4 0 2 0 2 -2 0 0 -2 0 2 2 1 -1 1 2 0 -2 -1 1 1 1 -2 0 2 -5 1 0 0 -1 0 3 -1 0 0 0 2 0 -2 5 1 0 4 2 1 0 1 0 0 3 0 -1 0 0 0 -4 0 0 0 0 0 0 -1 0 0 -1 2 -2 0 0 0 3 -4 0 0 1 0 -2 2 0 -2 0 2 0 -1 2 1 0 -1 1 -1 0 1 0 1 0 0 0 -2 -1 0 0 0 -4 0 -1 0 0 0 0 -2 0 2 -2 4 0 -2 0 -3 0 2 -1 0 0 -1 0 -1 0 0 -2 0 4 0 0 0 4 -1 0 -2 0 2 0 -1 -3 -2 0 -3 0 0 -2 0 0 0 -2 1 0 1 -1 0 1 1 0 32 2 0 -4 2 0 0 0 0 1 0 -2 0 0 2 0 0 1 0 0 0 0 1 1 -4 2 -1 -1 1 0 0 5 2 0 0 0 0 0 0 -1 0 1 0 2 0 -1 -1 0 0 -2 1 0 0 0 2 6 -3 4 1 0 0 -1 -1 0 -2 0 -1 -4 -1 0 0 0 -2 -2 0 0 2 2 1 0 2 0 -1 -3 1 0 -2 -3 0 -4 0 0 1 0 -1 0 0 -3 0 0 -2 0 2 1 4 0 2 -2 0 4 0 1 4 -2 2 0 -2 1 1 2 0 3 -2 0 1 0 0 1 0 -2 -4 2 2 -1 0 1 2 -1 -5 0 1 0 0 0 0 0 -2 -2 1 4 0 -2 -4 0 0 0 -1 0 -6 0 0 0 0 -2 1 -4 1 2 0 0 6 -2 -6 0 0 -1 0 0 0 1 4 0 2 3 0 0 0 1 2 0 0 1 -1 -1 1 0 2 4 0 2 0 0 0 0 2 0 4 3 0 0 0 2 0 -1 4 -1 0 1 3 0 1 0 0 0 0 4 1 1 0 -2 0 0 2 -2 5 1 -2 3 1 2 0 -2 0 -4 0 0 -6 0 0 2 -3 -2 0 -2 1 -1 0 -4 -2 0 0 -4 4 0 -8 0 -1 0 1 -4 -2 0 0
0 0 0 0 0 2 0 0 -4 3 0 1 0 1 0 -2 0 -1 -2 -4 0 -1 0 0 0 0 -2 -3 -4 -6 0 0 0 5 1 0 -1 -2 4 0 0 0 2 -4 0 0 4 0 -2 0 0 2 -2 -2 0 0 2 0 0 0 0 -2 -2 5 1 0 4 0 0 0 -2 1 0 -2 0 0 1 0 0 -2 -4 -1 -1 0 -5 -5 2 0 0 0 0 0 1 -2 -2 -1 -1 0 1 -1 2 -2 0 0 0 0 0 0 3 0 0 0 -1 -2 0 0 -2 5 -1 -4 1 0 -2 0 0 0 0 0 0 -2 0 0 2 -3 2 0 0 0 -4 2 3 0 1 0 0 1 2 0 0 0 0 0 1 -2 0 -6 0 0 1 0 -2 0 3 4 -2 -4 -2 0 0 1 0 -3 1 0 -1 0 0 0 -4 0 0 2 -5 0 1 0 -1 2 38 -2 2 0 0 -2 0 0 0 0 3 1 0 1 0 0 -4 -2 0 2 0 0 2 -3 0 2 0 0 0 -2 0 0 -2 0 -2 3 -2 1 -2 -3 0 0 0 0 0 2 2 -1 -5 0 0 0 -1 2 0 0 0 1 0 2 -1 0 1 -2 0 0 -2 0 0 0 0 0 0 4 2 -1 0 6 0 -1 1 -2 0 0 2 0 1 0 0 0 2 4 2 1 0 0 -4 0 -1 0 -1 2 -3 0 0 1 0 0 -5 -2 -2 0 0 0 0 0 0 0 0 0 0 0 0 0 2 0 -1 0 0 0 -3 -2 0 -2 0 2 0 0 -4 0 -1 -1 0 0 2 -1 0 0 -4 0 2 -1 0 0 0 -4 4 0 0 0 -2 2 -5 -4 0 0 0 0 0 0 1 1 0 0 1 0 -2 2 0 -1 0 0 0 -4 0 -2 0 2 -2 0 0 -2 0 2 0 1 0 -1 4 2 1 0 0 0 0 0 0 1 0 2 2 0 -2 -2 0 0 1 -1 0 -2 0 0 0 4 1 0 0 0 0 -2 0 0 0 -1 0 2 -1 0 0 0 1 0 0 0 -1 -2 -4 2 0 -1 -1 0 -6 0 0 -4 0 0 2 6 4 0 -2 0 0 0 0 0 0 -2 2 -2
-2 2 2 2 -1 0 1 0 6 2 0 3 -4 1 2 -1 0 0 1 2 -2 0 -4 0 0 0 0 0 2 1 0 0 0 -2 -2 2 -2 -2 0 -1 1 0 0 2 6 1 0 2 -2 2 -1 6 2 0 0 0 0 -2 -2 0 0 0 0 -4 1 0 1 -2 0 -1 2 -2 0 0 1 -1 0 -1 0 4 0 2 -2 0 -1 -2 4 2 -1 -1 2 1 1 -2 0 0 2 -2 0 -1 1 2 -4 0 -2 1 -1 1 -2 0 4 0 6 0 -2 -2 1 2 1 -1 -2 -7 0 8 0 0 2 -1 2 0 0 0 -2 0 -1 -2 0 -3 5 -4 3 0 0 0 2 -2 0 0 -2 0 0 0 -1 0 4 4 4 -2 1 -1 0 -2 0 0 2 2 -2 2 -4 0 -1 0 -2 0 0 0 0 1 0 0 -2 -1 -3 2 0 0 0 0 -2 58 0 -2 6 -1 1 -1 0 0 1 -1 0 2 -2 1 -1 0 -7 -4 2 2 0 -2 0 0 1 2 -5 0 0 0 0 4 0 -4 -2 0 -1 4 -1 0 2 -5 2 0 -1 0 4 0 0 0 0 0 0 0 2 0 -5 0 0 0 1 0 1 -4 1 -4 1 1 0 4 -2 2 2 -2 -1 0 1 0 -4 -3 4 1 0 1 0 -2 0 2 -6 -1 -11 -2 0 -2 -1 0 0 -1 -1 0 0 -3 0 0 -2 -1 -2 0 4 2 0 -1 -1 1 1 -1 -2 -2 -1 0 0 0 -5 0 2 -1 0 1 -1 2 4 0 0 -2 5 2 0 0 3 2 2 0 5 -1 0 -7 2 1 0 1 0 0 0 2 2 0 -1 1 0 -3 2 2 -2 0 0 0 0 3 2 1 3 0 -4 4 0 -2 -1 0 0 -2 0 0 0 0 -1 -2 -4 0 2 2 0 -2 -1 3 -2 2 2 -2 4 0 4 0 -4 8 -2 -4 0 1 0 0 5 0 0 -4 0 0 -2 -1 -1 0 -1 -2 0 0 0 0 0 0 0 3 0 2 -4 0 -4 -2 2 -2 -5 -4 0 0 0 0 4 0 -3 -5 0 1 6 0 0 0 0 -2 0 3 6 2 -1 4 1 3 2 0 0 -2 0 0
0 0 -4 -4 0 0 0 -3 -2 -4 4 -4 0 0 2 3 0 0 -2 2 0 -7 0 0 0 0 0 -2 0 -1 -2 2 1 -1 0 0 -1 -1 2 2 0 2 -2 3 -1 0 -4 0 0 0 2 0 0 0 0 0 0 0 0 0 0 -4 0 0 0 0 1 2 -2 0 0 0 0 2 -1 2 0 0 0 1 -2 0 -1 0 -2 -3 0 0 0 3 0 -2 2 1 -1 0 2 0 0 0 0 -2 0 0 0 0 0 -1 -4 0 3 0 0 -2 0 0 0 0 0 -2 0 0 0 0 0 4 0 0 2 0 0 0 0 -1 4 0 -2 -2 0 -1 0 -6 0 1 0 3 1 4 -1 1 0 0 0 -2 -1 -2 0 0 -1 -4 -1 -3 0 1 0 0 0 1 -1 0 1 0 0 1 0 0 0 0 0 0 0 -2 -1 2 2 -2 4 -4 2 0 30 0 5 0 -1 0 2 2 0 0 4 0 -1 -1 0 0 0 0 0 2 -1 0 0 0 0 -4 -2 -2 0 0 1 1 0 2 0 0 0 0 0 0 0 2 -1 0 0 4 -4 0 1 0 0 -2 -6 0 0 0 0 0 0 -1 0 -2 0 2 0 0 2 1 -3 0 2 0 0 -1 -4 1 0 0 0 0 0 1 2 4 0 0 -2 0 0 0 -2 2 0 1 0 0 0 2 0 0 1 -1 -2 0 0 -2 0 -1 0 -1 0 0 -2 1 0 -2 0 -2 0 1 -2 -2 1 0 1 -3 0 2 -2 -1 0 0 -2 -1 2 2 0 0 0 1 -1 -1 0 0 -2 0 0 0 0 0 4 0 0 4 -1 2 0 0 -1 0 0 -2 0 -1 0 1 -1 2 2 2 0 0 -2 2 0 -7 -2 2 -2 1 0 -2 0 2 -3 0 0 0 0 3 -1 0 -2 0 0 -1 0 0 2 0 0 0 0 0 0 0 0 1 0 0 -1 -2 2 -4 0 -1 0 -2 0 1 0 0 0 0 0 -2 0 0 0 1 0 0 0 2 0 0 0 0 2 0 0 0 0 0 0 0 0 0 1 0 1 0 0 0 0 0 0 0 0 -1 0 0 0 -4 0 -2 2 0 0 -2
4 2 0 0 1 0 6 0 0 0 2 0 -3 2 0 4 -3 -2 -2 -4 0 0 0 0 0 0 2 0 0 -1 -2 2 2 0 0 0 0 3 0 0 0 0 0 0 0 0 -2 0 0 4 2 1 1 -2 2 -4 0 0 0 0 0 0 0 0 -1 -1 0 4 1 1 0 0 0 -1 1 -2 0 0 -4 -3 0 -2 0 -1 1 0 0 0 0 0 0 -2 0 0 -4 -2 5 0 -2 0 0 -4 0 1 0 0 -2 0 2 0 0 0 0 0 1 -2 0 1 0 0 0 2 0 2 0 0 0 0 -8 -4 -9 0 -3 0 0 0 0 0 -2 4 2 0 -2 0 0 -2 2 0 0 0 -2 0 0 0 -2 0 -2 4 0 0 2 1 -3 -2 -1 4 2 0 0 0 0 0 4 0 -2 0 -3 -2 0 -1 0 0 0 0 0 0 1 2 0 -2 0 42 -4 0 -1 0 0 -6 0 0 0 0 -2 0 1 0 -4 1 0 -1 0 0 4 4 0 0 0 2 0 0 -1 1 0 -2 0 -2 0 0 0 0 0 0 0 0 0 2 0 0 0 0 -2 4 0 -1 0 -1 0 4 0 0 -1 0 -5 3 0 0 3 0 -2 0 0 -1 -1 0 2 0 0 4 0 -6 0 0 4 -2 -4 -2 0 -2 2 -2 0 8 0 0 -2 -2 -1 2 -4 0 7 -2 0 -4 0 -1 -2 -2 -7 0 -4 -2 1 -4 2 0 0 0 0 0 0 -2 0 1 -1 -1 0 4 0 0 0 0 0 -2 0 0 0 -2 -3 8 2 2 0 0 0 2 0 0 0 1 0 0 0 -1 0 -4 0 -1 0 0 -2 0 -2 0 0 -6 0 -4 0 0 3 2 1 0 -1 2 -4 -2 0 0 1 2 2 -2 -1 0 0 0 2 0 4 1 4 0 0 1 2 1 0 0 0 0 -3 -1 0 0 0 0 2 0 -2 -4 4 0 0 -2 0 0 -4 0 2 -1 0 0 2 -2 -1 0 0 4 -2 1 -1 -4 -2 -4 2 0 0 -1 0 0 -4 -1 0 -3 2 0 -4 0 1 0 0 -2 0 0 -1 0 1 -6 0 -2 -1 -2 0 1 -2 0 -1 0
0 0 0 0 1 0 0 -2 -6 -4 -2 -2 2 -2 -2 4 0 0 0 2 0 -4 0 5 -2 0 0 0 0 1 0 2 0 0 -2 0 0 -1 0 0 0 0 -2 0 4 0 0 0 0 0 -3 -4 2 0 4 0 0 0 0 -3 1 -4 0 -2 2 -6 0 1 -4 0 0 0 0 2 3 0 0 2 0 5 0 0 0 2 0 0 -1 0 1 0 0 0 2 -2 0 0 4 0 0 0 0 4 0 0 2 1 0 -4 -6 2 0 0 0 0 0 0 0 0 0 10 0 1 0 -2 0 -2 0 2 4 1 -2 0 -4 -2 -6 0 2 0 4 -2 0 -4 0 0 0 -3 -2 0 3 1 0 0 0 0 -2 -2 -2 0 1 -2 -5 1 0 0 -2 0 -1 1 -3 0 -1 0 0 -6 2 -5 0 2 0 3 0 1 -2 0 1 -2 4 0 0 6 5 -4 43 0 6 0 0 -2 -2 2 0 3 0 0 0 1 0 0 0 0 -1 -1 0 -2 0 -2 0 0 0 0 -1 2 0 0 0 0 0 0 0 -2 0 0 -1 0 0 2 1 -2 0 1 0 0 0 0 0 0 0 1 0 2 0 0 2 -2 -1 0 0 3 0 0 2 0 -2 0 0 -4 0 0 0 0 0 3 2 0 2 0 0 0 0 0 -2 -4 3 2 0 0 -2 -2 4 0 2 -3 0 0 0 -1 0 0 1 0 2 0 -1 -2 1 -2 0 -2 0 2 0 0 0 -4 4 0 -1 0 0 0 4 0 8 0 0 0 0 2 0 2 -1 0 0 2 1 -1 0 2 0 0 0 0 0 4 0 0 0 0 0 0 0 4 0 2 0 -6 -1 3 2 2 2 0 0 2 0 -2 2 2 -2 0 0 0 0 2 0 -2 -3 2 0 0 3 -3 1 0 -4 0 -2 0 0 2 2 0 0 -4 0 2 0 0 0 0 4 4 0 -4 0 2 0 0 0 0 0 0 -2 2 0 0 0 0 2 2 2 0 0 1 -4 2 1 0 0 -4 0 0 0 0 -1 0 0 0 3 0 1 2 -2 0 0 0 4 -2 2 1 0 0 -1 -2 0 -4 0 4 0 0
0 0 3 -1 -1 0 0 -1 -6 0 2 0 3 3 0 0 0 0 -4 0 4 0 0 0 8 0 4 0 4 -1 2 0 0 0 -4 -1 2 0 -4 0 2 4 -6 0 0 0 0 0 -2 0 2 0 0 0 0 -2 0 -1 0 0 0 0 2 0 2 0 0 -2 -2 6 0 0 0 -1 2 0 0 0 0 0 2 0 0 1 0 4 0 -2 3 0 -2 2 0 0 2 0 -2 -1 0 -4 0 2 0 0 0 0 0 0 4 0 -4 0 -2 0 1 3 -4 10 1 2 0 0 -4 -1 0 1 0 0 0 0 0 0 0 -2 0 2 -2 0 0 2 -1 0 -4 0 0 0 0 2 0 0 1 0 -5 3 -1 0 -3 2 0 0 0 2 0 4 0 -2 0 0 0 -2 2 0 -2 0 0 -2 -4 -2 0 -2 0 0 0 2 0 0 -4 0 -2 -1 0 0 0 42 -2 0 -2 0 0 0 0 -2 -4 0 0 -2 0 0 -2 0 0 0 0 1 -2 -2 0 0 -2 0 -4 -4 0 0 0 -4 4 3 0 0 2 -2 0 0 0 0 0 0 0 1 -2 0 0 -2 4 0 0 0 0 0 -2 -2 4 0 4 0 0 0 0 0 0 0 0 -1 -2 0 0 0 0 -1 4 0 -2 0 0 0 0 0 2 0 -6 -7 0 0 0 0 0 0 -2 -4 4 2 0 0 -1 0 0 -2 0 0 0 2 2 2 -3 0 0 -2 -4 4 6 2 -2 0 0 0 2 0 -3 0 0 0 -6 0 -2 0 0 0 0 -5 -1 2 0 0 0 -2 0 4 2 -2 0 2 4 0 0 0 -1 -2 -4 1 0 0 0 -2 -2 0 2 0 0 -2 0 -2 0 0 2 -8 2 -4 -3 0 -2 2 0 2 0 0 4 0 2 0 0 3 0 0 6 0 0 -1 1 2 0 -2 -4 0 0 0 0 0 0 0 0 0 0 0 0 -2 0 0 0 0 0 -4 0 0 0 0 0 2 -3 -1 0 0 0 0 0 0 0 2 2 -4 -2 8 -2 0 0 0 0 0 -1 0 -1 0 0 0 1 0 -1 0 0 0 5 2 -1 -2 0 0 4 0 0 0
0 -1 2 0 2 0 4 4 -2 3 0 1 3 0 4 1 2 0 -1 -2 0 4 -2 0 -1 0 -1 1 0 0 0 -1 4 2 0 -2 2 -4 1 2 0 -5 0 -4 0 -2 -2 12 0 -2 0 0 4 0 2 2 0 0 0 -2 0 2 0 -2 0 -3 2 2 0 4 2 0 0 0 0 0 0 0 2 0 -1 3 2 2 1 0 0 2 2 -2 0 -3 -4 1 2 2 2 0 4 0 0 4 5 2 -6 -4 0 0 -4 14 0 0 0 0 0 0 -2 0 2 -1 0 0 0 0 -2 0 -2 8 4 0 0 2 -1 1 -4 -4 2 -2 0 -1 0 0 2 1 0 1 0 0 0 0 1 0 0 0 2 0 -1 0 2 6 -5 -2 -4 -2 -1 -2 0 0 0 -3 1 -1 0 1 0 -4 -2 0 5 0 0 0 -1 2 2 3 -2 0 0 1 -1 -1 6 -2 55 3 -6 -2 7 0 0 0 -2 -4 0 2 -2 0 0 0 0 2 0 2 0 0 0 0 0 0 4 4 1 0 0 1 0 4 0 -2 0 0 0 0 0 2 2 -2 -4 4 2 2 2 -2 0 0 4 0 0 2 -2 6 0 2 1 -1 0 0 0 2 -2 0 1 0 2 2 0 1 2 0 0 0 -4 0 2 0 2 0 -2 4 0 1 1 -1 0 -2 0 0 4 0 -1 1 4 0 0 0 0 -1 0 4 0 -1 0 3 -2 0 -8 0 4 -2 0 0 0 0 -1 -1 0 0 0 0 0 1 6 0 4 0 0 0 0 -4 0 -5 0 -1 2 0 -2 4 0 1 0 0 -2 0 2 -3 3 2 2 -2 0 -1 0 1 0 5 0 0 0 0 0 -3 2 0 0 -3 -2 0 -2 0 -1 1 -1 0 2 -2 0 0 -1 -4 -2 4 -1 0 5 -2 0 0 -1 -2 -4 -1 0 0 -4 2 2 -2 0 0 -2 2 0 -2 0 0 0 0 0 0 0 -1 0 4 0 0 0 0 3 0 0 -2 0 0 2 1 0 1 -4 1 -1 1 0 2 -2 1 0 0 0 0 0 -2 0 0 0 -4 0 0 -4 2 0 4 2 1 -2 0 -3 2 2 3
0 -1 0 0 2 0 0 0 1 0 0 0 2 0 0 -2 -2 0 0 0 0 0 -2 0 0 0 0 0 0 -1 0 0 0 -2 0 0 0 0 0 1 0 0 0 0 0 0 0 0 0 0 0 0 0 0 0 2 0 -2 0 0 0 0 0 0 2 1 0 2 0 1 0 0 0 -4 0 0 0 0 0 0 -2 2 0 0 1 0 0 0 2 0 0 0 2 0 0 0 4 0 0 0 0 2 -2 0 0 0 0 0 -4 4 0 0 0 0 0 0 0 0 0 0 0 0 0 0 0 0 -2 4 0 0 0 0 4 0 2 0 0 -4 0 -2 0 0 2 0 1 0 -2 -4 0 0 0 -2 0 0 0 0 0 4 2 -3 0 -1 0 0 0 2 0 4 8 0 0 0 2 0 0 2 2 0 0 0 0 0 -2 2 1 0 0 0 0 -1 0 0 0 0 3 24 0 4 8 0 -2 0 -2 -2 2 2 0 0 -2 0 2 0 0 0 0 -2 0 0 0 0 1 -1 0 2 0 0 0 0 0 -4 -4 0 0 0 -4 0 2 0 -1 4 -1 0 0 0 0 0 0 0 -2 0 0 0 0 4 3 0 0 0 0 -4 0 0 0 0 2 1 0 2 0 0 0 0 2 0 2 0 2 0 0 0 4 0 0 -2 0 0 0 0 -2 0 0 0 0 0 0 0 -2 0 0 0 2 0 0 1 1 0 -1 0 0 0 0 0 0 0 0 0 0 0 0 1 0 0 -2 0 0 0 0 -6 0 0 0 0 0 0 0 -1 0 0 0 0 0 0 0 0 0 0 -2 0 0 2 -2 -4 0 1 2 0 0 0 0 0 -2 1 0 1 0 -2 -2 0 1 0 1 0 -2 0 0 1 4 0 4 2 2 4 -1 0 0 -4 0 0 -1 0 0 0 0 0 -2 3 0 0 0 0 1 0 0 0 0 0 0 0 0 4 0 1 0 4 0 0 0 0 0 2 0 -2 0 0 0 0 0 0 0 0 -2 4 0 0 0 0 0 0 0 2 0 0 -1 0 0 2 0 0 0 0 0 0 -4 2 -2 0 0 0 -5 0
0 2 -6 0 2 0 -3 0 -1 0 0 1 0 4 4 2 0 0 2 -1 4 2 0 1 -1 0 0 0 -4 4 -4 2 0 -8 0 0 4 -2 0 0 1 0 0 0 -2 3 -1 -6 0 0 0 -1 -2 2 0 0 0 -4 0 2 -1 -2 0 1 -2 4 2 -3 0 -1 -4 -1 0 0 0 5 0 0 2 -2 0 0 -2 0 -2 0 0 1 0 2 -1 0 0 1 0 3 0 -2 2 0 -1 -2 0 5 0 0 0 0 0 -2 -4 0 1 0 1 0 -1 -2 -2 2 2 0 1 3 2 0 0 0 0 3 0 0 2 -1 0 -3 3 0 0 0 0 -6 -1 0 2 1 0 0 0 0 0 1 -3 0 0 0 -4 -4 -4 -1 -2 -4 1 4 1 1 -2 -1 0 1 -2 3 -2 0 0 0 0 0 -4 -2 -2 1 -2 0 0 -1 2 1 0 0 2 0 0 -2 -6 0 48 5 0 0 -2 0 -2 -2 1 -2 0 0 0 0 2 1 0 0 -2 0 -2 0 6 2 0 -2 0 0 -2 2 4 1 2 0 0 -2 0 -3 0 0 2 0 0 -1 -4 -2 -1 2 0 -3 -2 0 0 -1 0 2 0 4 0 1 1 -4 -1 -1 -1 -6 0 0 0 2 0 -2 1 -1 0 1 0 0 -1 -4 4 0 2 0 1 4 1 0 3 0 0 -3 0 0 0 -2 0 3 -5 0 -4 0 -4 5 2 -2 2 1 -5 0 2 -1 0 0 -2 -2 0 0 0 0 -2 -4 0 -3 -1 0 3 2 0 -1 0 -4 0 -3 0 -4 -2 0 4 1 1 -2 1 0 0 0 -4 0 -2 0 0 -2 0 0 0 1 -1 4 0 2 2 0 1 -3 2 1 0 1 2 2 1 0 0 0 2 3 0 2 0 1 4 2 -1 2 0 -4 0 2 -1 1 0 0 1 -2 -2 6 0 1 0 -1 0 0 -3 1 -2 -2 0 2 0 0 0 0 2 0 1 0 0 2 0 0 0 0 -1 0 -2 1 -1 -1 -1 -2 0 0 4 0 -2 1 1 1 4 0 3 0 -4 0 2 0 0 0 0 0 2 -2 0 -3 0 0 0 -4 0 0 -1 0 0 -4
-4 -2 -3 0 -2 0 4 0 2 0 0 -1 2 1 -1 -2 -2 2 2 0 0 2 -4 0 0 0 0 2 -2 0 0 1 0 0 0 3 1 4 0 -2 0 0 0 0 1 2 -4 6 0 0 2 0 8 4 4 0 0 4 0 1 5 0 -1 4 -2 0 0 0 0 -4 0 0 5 0 -2 0 0 -2 4 2 -4 0 -4 0 -2 0 1 0 0 0 -4 -1 0 0 0 2 0 0 0 4 0 -4 0 0 0 -1 0 0 2 0 0 3 0 0 -4 4 0 4 0 0 -2 -3 0 -2 0 0 3 0 4 0 2 0 -1 -6 1 2 0 -4 -4 4 1 0 2 0 1 1 2 0 0 0 -2 2 0 0 -1 0 1 -5 -2 0 2 -4 3 3 2 1 2 0 4 0 2 0 4 0 8 -2 0 4 0 0 0 0 -3 0 2 -1 1 0 0 0 2 -6 -2 0 -2 4 5 64 -2 0 -2 2 2 -2 4 3 2 -1 0 2 0 1 -4 1 0 -1 1 2 0 0 0 -4 0 -2 6 3 0 0 0 0 -5 -4 0 0 0 0 0 -4 2 0 2 -4 1 0 -4 2 -2 0 -1 0 -2 -2 3 -2 0 0 2 0 2 -4 2 0 0 0 0 0 -4 5 0 0 1 0 1 4 1 -2 2 2 2 0 4 0 -2 -2 5 2 1 4 0 0 0 -1 0 0 4 0 -5 0 2 -1 0 0 0 -4 0 -9 2 0 2 0 0 0 0 0 -2 4 0 2 0 0 4 0 0 -4 4 0 4 1 0 -4 0 0 -2 0 -2 -2 0 -2 -1 0 5 4 0 0 0 4 -1 0 -1 2 -1 -3 3 0 2 7 -4 4 2 -2 -1 0 -2 0 -2 2 0 0 0 -2 0 -4 0 0 0 1 2 -1 2 0 0 4 -2 0 0 -9 2 0 0 -2 0 0 0 -2 0 4 -1 0 -2 0 2 0 4 -2 1 1 2 -1 -4 0 0 0 1 0 0 0 7 0 -1 -4 2 3 -2 0 4 0 1 0 4 4 2 2 0 -1 0 4 0 -3 8 -2 -2 2 0 3 1 4 0 -4 -1 1 1 -3 6 0 0 0 -4 0 3 0
4 -1 4 1 0 -2 0 0 0 5 0 -2 1 4 0 0 2 -1 0 2 0 0 -4 0 0 2 0 0 0 -1 1 0 0 0 -2 0 0 -4 1 2 0 1 0 0 -2 0 0 0 -2 0 0 0 -4 0 0 -1 0 2 0 2 1 2 0 5 0 2 0 0 0 4 0 0 4 0 -2 0 0 0 3 4 4 0 2 2 -4 0 0 5 -2 -2 2 0 3 11 -2 -1 0 0 -1 0 0 0 3 2 0 -2 0 2 -1 5 0 1 0 0 2 0 2 7 2 0 0 1 0 0 2 0 -6 0 1 -2 2 2 5 0 -2 0 -1 0 0 -4 0 0 12 0 2 1 0 0 0 0 1 2 1 0 0 0 1 4 4 0 -2 0 -4 0 -2 -4 0 4 6 0 1 2 2 2 0 -4 0 0 0 0 1 0 -2 5 2 1 -2 -2 3 1 0 0 -2 0 7 8 0 -2 62 1 -1 1 -4 -1 -2 -2 0 -4 0 -2 0 6 -4 4 0 0 0 -6 0 0 0 7 2 0 2 3 0 4 0 0 -7 0 0 0 -4 0 -2 -2 3 0 -3 4 0 4 0 0 0 0 -2 0 0 0 0 0 3 0 -1 -1 2 -2 -1 1 -4 -1 2 2 -1 0 4 0 0 0 2 -4 -2 3 0 0 0 4 1 4 0 0 -2 0 4 0 0 -2 -3 2 2 2 0 0 -3 0 -8 4 0 0 0 2 1 0 0 2 -2 -1 0 2 -4 0 -1 0 4 0 0 -3 0 0 0 4 -4 -1 -4 0 0 -4 0 2 1 -2 2 2 0 4 0 0 0 0 0 -4 -1 0 0 1 0 -3 0 -3 0 2 1 -6 0 4 0 0 0 -2 1 0 2 0 -5 0 -4 -4 -2 -2 -6 0 1 0 -4 0 2 0 0 4 0 -1 0 0 1 0 0 6 2 -6 0 2 -4 -2 0 0 -2 -2 -2 0 0 -2 -1 -1 0 0 0 4 0 0 -2 0 -2 -5 -1 4 -2 1 -2 -2 0 -1 0 -1 1 0 0 2 -1 0 -1 0 0 -6 8 0 2 0 5 0 0 -2 2 -2 -2 7 -3 0 -3 1 0 -1 0 3 -4 2 2 0
0 4 0 4 0 0 -1 0 2 0 0 1 0 -1 0 0 0 -1 0 0 0 4 0 0 0 0 0 0 1 0 0 0 -4 0 0 3 -4 0 0 0 0 2 0 0 0 0 0 0 0 0 0 -1 -1 0 -2 1 0 0 -1 0 0 0 0 -2 0 0 3 0 0 0 0 0 2 -1 0 6 0 3 0 0 0 -1 0 0 0 0 2 3 1 2 -1 0 2 0 0 -1 0 0 0 0 -1 -1 0 0 -4 0 -1 0 1 0 -4 0 0 0 2 0 0 0 0 0 0 2 -2 0 0 2 0 0 1 2 0 0 0 0 0 0 0 0 0 0 0 0 -2 -1 0 -1 2 0 1 0 0 0 1 0 2 2 -1 0 0 0 2 0 -1 0 -2 0 0 -6 -2 0 -4 0 0 0 0 0 2 0 -4 0 -3 0 0 0 0 0 0 0 1 -1 0 0 2 0 0 0 0 0 1 28 0 1 0 0 0 -2 0 -2 0 1 -3 0 1 0 0 0 0 0 0 1 -2 4 2 0 2 0 1 -5 -1 2 0 0 -2 0 1 0 0 0 -2 -4 -1 0 4 0 -2 2 2 0 0 -2 1 0 2 0 0 0 2 -1 -2 1 0 -2 0 -1 0 2 1 0 0 1 0 0 0 0 0 -2 0 1 0 0 2 0 -1 1 0 0 -2 0 0 3 1 1 0 0 0 2 -1 0 1 -3 3 0 0 4 8 0 0 0 4 0 0 0 0 -1 0 0 0 1 1 0 0 0 0 1 0 0 0 0 -1 0 0 4 -1 1 -1 -1 0 -4 -4 0 0 0 0 0 0 0 0 0 0 0 1 0 2 -2 0 0 0 0 0 0 0 -4 1 0 0 0 -4 0 0 0 0 0 4 2 -4 0 2 0 0 4 5 -2 2 0 -3 0 -5 2 4 0 0 4 2 -2 0 2 0 -1 -1 -2 0 0 0 0 0 0 1 0 0 0 0 0 0 -2 0 0 0 -2 2 -4 -2 -4 0 -1 0 0 2 0 -6 0 4 0 -1 0 -2 2 0 -1 -3 -4 0 -2 0 0 0 3 -4 0 0 2 0 0 0 0 0 -5 -4 0 0 0
0 1 0 4 0 0 1 0 4 -2 0 -2 -1 -1 0 0 1 0 0 -2 1 0 0 0 0 0 1 -1 2 -2 0 2 0 0 0 -2 0 2 2 3 0 0 0 0 6 0 0 0 0 1 0 2 0 0 0 0 0 1 2 0 0 -2 0 2 1 1 1 2 0 1 0 0 0 0 -6 2 0 4 0 2 -2 -2 -4 0 -1 -1 0 -2 -4 4 0 1 -3 2 1 0 -2 -2 0 1 0 2 0 0 0 0 2 0 -2 0 0 1 0 0 5 0 -4 0 1 0 0 0 0 0 0 0 0 1 0 1 0 0 -4 0 3 0 0 -2 0 0 -2 0 -4 -3 1 0 0 1 -1 0 2 2 0 0 0 0 2 -2 0 1 0 4 0 0 0 -1 0 0 -1 -1 -4 -3 0 0 0 0 0 0 2 -3 0 -4 0 3 2 0 -2 0 0 0 4 0 0 0 0 -2 -2 -2 -1 0 33 2 2 0 -1 4 5 -3 0 0 0 0 3 -2 -3 0 0 -1 3 2 0 0 1 0 2 0 0 0 0 0 2 0 0 2 0 -1 0 0 1 0 2 0 2 2 0 2 2 0 0 2 0 0 2 1 0 0 0 4 0 1 -2 0 -1 0 -6 -4 0 -4 0 0 -1 1 0 4 1 2 0 2 0 1 -1 0 -2 2 1 0 -4 0 -1 2 0 1 -1 0 2 6 0 2 0 3 0 -1 1 1 0 -2 0 -2 -1 0 2 -4 1 0 0 0 0 1 -2 -3 0 4 -4 -4 6 0 2 0 0 0 2 0 0 -4 -1 0 0 0 2 0 6 0 1 1 4 0 0 0 4 -2 0 4 0 0 1 -2 0 1 0 0 0 0 -2 0 0 3 0 0 0 -2 2 0 0 0 -4 1 0 0 0 2 0 -2 0 0 0 2 -4 0 0 -2 1 0 0 2 0 -7 0 1 1 0 -2 -4 2 0 1 2 1 0 1 0 3 0 4 0 -1 0 0 0 0 0 0 0 0 0 0 1 -2 -1 0 0 -2 1 -1 0 0 -4 4 0 0 0 0 -2 2 1 0 0 0 0 -2 0 0 0 -1 0 0 0 0 0 1 -2
2 -1 0 0 0 2 1 0 -4 5 -2 0 0 0 -2 0 0 -1 0 0 -2 4 0 0 0 0 0 6 0 0 0 1 1 0 -1 -1 0 0 1 0 1 -2 4 0 5 0 0 2 0 4 0 2 1 0 2 0 4 0 0 0 0 4 -1 0 -2 0 0 0 -4 -2 0 0 0 -1 0 0 0 6 0 -1 0 0 0 0 0 2 0 -2 0 0 -2 0 0 0 -1 -1 0 0 0 0 0 0 0 1 0 0 0 0 3 0 0 2 0 -3 0 0 -1 5 0 2 2 0 0 -2 0 2 0 0 0 0 0 1 -4 0 -3 0 0 -2 2 -1 0 3 -2 0 0 1 2 0 -1 0 1 -1 1 0 2 -1 -2 1 0 4 1 0 -2 0 3 0 0 1 2 -8 -1 0 -1 -4 0 -1 -4 4 -2 -1 0 0 2 1 0 1 -4 2 1 2 0 0 3 -2 0 0 0 2 1 1 2 40 0 0 -3 0 1 -2 0 1 -2 -2 4 1 2 3 0 -4 0 4 0 0 0 -2 0 -2 -1 0 0 0 0 -1 4 0 0 0 0 0 0 0 -1 0 -5 -2 2 1 0 -4 0 1 0 -4 1 -2 0 0 0 -2 0 0 0 0 -3 -1 0 4 0 4 0 0 0 0 -3 2 0 0 0 0 0 0 -3 0 1 2 0 0 -3 -2 0 0 1 -4 -1 0 2 0 -3 0 0 0 0 6 -1 0 0 -2 1 0 0 0 -1 0 0 0 2 0 1 -2 0 0 2 -2 3 -1 2 0 2 -2 -1 2 -1 0 0 0 -2 0 2 0 1 0 4 0 0 -6 0 2 0 2 -2 0 0 2 0 2 2 1 0 0 -2 0 0 -2 1 -4 1 -1 0 6 -2 0 0 1 0 0 0 0 -2 0 1 0 -1 0 -2 0 1 0 -1 0 0 -2 0 0 -2 0 0 0 0 0 -2 -1 0 0 0 4 4 0 0 2 0 0 2 0 0 2 0 1 0 1 -1 0 0 0 0 5 -2 0 0 0 2 0 0 0 -1 0 0 -1 2 -2 0 0 -1 0 0 0 0 0 0 2 0 -2 1 -6 2 0 0 2 0 0 0 0
-1 -2 0 1 -2 -3 2 0 0 1 -2 -1 1 -2 0 -2 -9 2 0 2 3 0 6 0 0 0 0 2 -4 2 0 0 0 -4 0 -2 0 0 2 2 1 0 4 0 0 0 -4 0 0 -2 0 0 6 0 0 0 1 -2 0 -4 0 2 0 2 0 1 0 0 2 0 4 2 2 4 0 -1 2 0 -1 8 0 0 0 -2 4 -3 2 -2 1 -2 0 1 0 0 0 0 0 4 1 4 4 0 -2 -2 0 0 2 2 0 -1 1 0 2 -2 2 0 -6 0 0 0 5 0 0 3 0 0 2 2 5 0 -2 0 0 0 3 0 -2 1 0 -4 0 1 -2 -1 2 0 -2 0 0 0 -2 -1 0 3 2 0 2 -2 4 -2 -4 -1 0 7 -1 0 2 0 0 2 0 -8 -1 -1 -2 4 4 2 -2 1 -1 -1 8 -3 -5 -1 3 0 0 -2 -1 -2 0 -4 -2 -2 -2 2 -4 0 2 0 67 0 4 -1 -2 0 0 -1 -3 0 0 0 -6 0 -3 0 2 -5 -2 0 0 -2 0 2 1 2 0 0 -4 2 0 0 0 0 -2 0 2 0 -2 0 2 2 0 2 -4 0 0 0 -4 2 4 -2 -6 0 -1 0 3 2 0 0 0 -2 -10 0 0 4 2 0 -2 0 -4 -2 -4 2 0 0 1 0 1 -1 2 0 4 0 1 0 -4 0 -6 2 2 0 2 0 0 -2 1 0 -1 0 0 0 3 -2 -2 -2 0 2 0 1 0 0 0 0 1 -1 -1 0 1 0 0 0 0 0 0 0 -5 -1 0 -2 2 1 -2 -5 2 0 4 4 -1 0 0 0 0 0 2 0 0 -2 0 0 2 0 -1 4 2 0 3 5 -2 0 -2 0 0 4 2 -2 -2 0 0 3 0 2 -4 0 2 -4 0 3 2 0 2 2 -1 0 2 2 2 0 -4 -2 8 -1 4 -2 0 2 -2 -3 -4 0 0 0 -2 0 2 1 -1 0 0 0 3 -4 -2 0 2 0 0 3 -2 6 2 0 4 -4 0 0 2 0 -2 -1 0 1 -1 0 -1 2 1 -1 1 0 0 -1 3 -1 -2 2 0 0 -5 0 0 2 -2 -2 0 0 4 -2
0 1 3 0 0 0 -1 0 0 3 0 -2 0 0 0 -2 0 0 0 0 0 0 0 1 0 1 0 0 1 4 0 0 0 0 0 0 0 0 -1 2 0 0 0 4 -1 2 -2 -6 0 0 0 0 0 0 -1 0 -2 0 -1 0 0 0 0 2 0 1 0 0 0 0 0 0 0 0 0 0 0 0 0 2 -3 -2 4 2 1 0 0 0 1 0 1 2 0 0 0 1 0 0 2 1 0 2 1 1 -3 4 0 0 2 0 2 0 0 0 0 0 0 0 0 2 -2 -1 0 -2 0 0 1 0 0 1 0 -2 -2 1 0 0 0 0 -5 0 0 0 2 2 0 0 1 0 0 0 0 -1 1 0 -2 0 1 -2 0 -4 4 2 0 -3 0 0 -1 0 -1 -2 1 0 -2 0 2 0 0 0 -2 -1 0 0 1 0 6 1 0 0 0 1 -1 0 0 0 -4 -2 -2 -2 -1 0 0 0 0 26 -2 2 2 0 0 0 0 0 0 -2 0 0 0 2 0 0 1 -3 2 0 0 0 1 -4 1 -4 0 0 0 0 2 0 0 4 0 0 3 2 0 -2 -1 -2 -6 0 0 -2 2 4 0 -4 0 -2 0 -1 0 0 4 0 -1 -2 0 1 0 1 1 0 0 0 0 -2 2 0 0 2 0 0 0 0 -2 1 0 0 -2 -3 0 0 0 1 0 0 0 1 3 0 0 0 0 1 0 1 0 0 0 0 -4 0 0 1 0 -6 0 1 0 0 0 0 0 -2 0 1 -3 -1 2 0 0 4 0 0 0 -2 0 0 0 0 0 0 0 0 0 0 2 0 -2 0 1 3 0 2 0 0 0 -2 -1 0 0 0 0 -2 -2 -1 0 -1 4 0 0 0 4 0 1 1 0 2 0 0 0 0 0 0 0 0 -2 2 0 0 -4 0 0 0 0 0 1 1 0 4 0 1 0 0 0 -1 0 0 0 0 1 -2 -1 -2 1 0 0 0 0 0 1 1 2 0 0 -1 1 2 2 0 -2 0 1 0 0 -1 2 0 0 0 0 0 -2 0 0 0 0 -1 0 0 4 1 0 0 0 0 0 0 0 0 -2 0
0 -1 0 0 1 -4 2 2 2 -2 0 -1 1 -2 0 -4 -3 0 0 -8 2 -4 0 0 0 0 5 4 0 4 0 0 0 0 -1 -4 0 0 4 0 -2 1 0 2 -4 0 0 0 0 -2 0 -2 -2 2 0 0 -4 -2 0 0 0 0 -2 0 1 0 2 2 1 1 2 2 0 2 1 0 4 0 2 2 2 -4 0 0 -2 5 0 1 1 -2 -4 0 -2 0 -4 -4 1 0 -1 0 -1 0 0 0 -3 3 4 0 -4 -4 0 0 0 -1 0 -5 -6 -2 -2 -2 0 -2 2 1 1 0 1 -4 0 3 1 -1 -7 0 2 0 -4 -2 1 0 0 0 -4 -4 -2 2 0 0 -1 1 4 -1 0 0 -2 2 1 -2 0 0 2 1 0 0 1 0 -2 0 0 3 -3 0 0 0 -2 0 4 -2 2 -2 -1 -2 -2 0 0 -2 4 1 -4 -1 0 1 0 0 0 2 1 4 -2 0 -1 -3 4 -2 54 0 0 0 -1 -1 4 1 0 -2 0 -3 2 -1 0 -5 0 0 0 -2 0 2 0 0 -2 0 -6 0 -4 0 0 0 3 0 0 0 -2 0 0 1 2 3 0 0 2 0 -2 0 0 0 2 -1 0 2 -2 2 2 -4 4 0 0 0 0 2 0 0 0 1 -2 0 4 0 2 0 0 0 -1 3 -6 0 1 0 -1 0 0 0 -2 0 0 1 2 0 1 0 0 0 2 0 1 2 0 0 -2 0 0 0 -2 0 1 0 1 0 0 0 0 0 0 0 -1 2 0 0 -1 0 -2 0 0 -1 -2 0 1 0 0 -4 0 0 0 0 0 -1 0 3 0 -4 0 3 2 0 0 0 1 -2 0 0 0 -4 0 2 0 0 2 -2 0 0 6 1 0 0 2 0 0 -1 0 2 0 -4 1 6 -2 0 4 -1 0 0 -1 0 -4 2 2 0 0 1 0 -6 -1 0 -2 0 1 0 0 2 2 -1 1 0 0 0 0 1 -2 2 -1 -2 1 0 4 1 2 0 1 0 0 0 2 0 -2 -2 0 2 0 -4 -2 0 -2 0 0 2 0 0 1 0 3 0 1 2 -2 -2 0 1 2 -2 -1 0 2 -2
0 1 0 0 6 2 -1 0 -6 2 2 0 0 0 1 2 1 0 0 2 0 0 0 0 0 0 2 6 0 2 -1 0 0 0 0 -4 0 -4 2 1 -2 0 0 3 3 0 1 0 1 -4 0 0 2 0 0 -2 0 0 2 0 0 -6 0 -2 0 2 -2 1 0 0 0 -4 2 -4 -4 0 0 0 0 3 0 -2 0 0 2 -2 0 2 3 -1 1 0 0 -2 1 -2 2 0 0 2 0 1 0 -1 0 0 4 0 -1 4 0 0 -2 0 0 -4 0 0 2 -1 2 -2 0 0 4 0 0 3 0 0 0 4 0 0 1 -1 0 -2 -2 0 1 -1 1 0 4 -2 -1 0 4 0 0 -1 2 0 0 -1 -1 3 -4 -2 0 0 2 0 0 5 0 0 0 2 -6 0 2 -2 0 -1 2 0 0 0 2 -2 0 0 0 0 0 0 -2 0 0 0 1 -2 2 2 -2 3 -2 -2 4 0 -1 2 0 41 3 0 0 1 -1 -2 0 0 -1 2 0 -4 -1 1 4 0 0 -2 2 -2 0 0 0 0 -1 -2 0 -1 0 -2 0 1 2 2 0 -1 0 0 0 2 0 0 0 -2 0 0 -1 2 1 -2 0 2 0 -2 0 0 0 -1 -1 0 -2 0 -2 4 0 0 0 2 -2 8 3 0 0 -2 0 0 0 0 0 0 -2 0 0 2 1 0 -3 0 1 0 0 0 0 3 0 0 4 2 1 1 -1 1 -2 0 0 0 -1 0 0 0 2 0 -2 1 0 0 2 0 0 -1 6 -1 0 2 0 0 -2 -2 -2 -2 -7 0 -2 2 2 0 0 0 4 1 4 0 -2 -2 0 1 0 2 0 1 0 0 0 2 -5 1 0 4 0 5 2 2 0 -4 4 0 0 -2 0 0 2 0 0 0 0 0 0 -1 3 0 0 1 0 2 0 -1 -4 3 0 1 0 0 0 -2 0 0 0 0 -1 0 0 0 0 0 0 0 -1 3 0 0 2 0 0 1 0 -2 1 0 2 -2 1 3 0 0 0 1 0 -1 1 0 0 0 0 1 -2 1 0 4 0 0 4 -1 0 0 4 -1 0 4 0 0 -2 0 0 0
0 0 -4 0 2 2 -2 1 0 -1 0 -2 5 -1 0 0 -1 0 2 0 0 0 0 1 0 0 0 7 0 0 0 1 -5 -2 -4 0 0 -1 2 2 0 0 -2 -1 -2 1 0 -2 -4 4 0 0 2 -1 2 4 0 0 0 1 0 -8 0 1 -1 1 1 4 0 0 -8 1 0 1 -1 1 0 2 0 0 -4 0 1 0 0 10 0 1 0 1 0 1 1 4 3 0 3 0 3 6 0 0 0 1 -4 -1 2 1 -1 0 8 -1 2 0 0 -3 1 0 0 0 -2 0 0 -5 -2 2 0 0 0 0 4 0 0 0 1 -2 3 -2 -1 -4 3 1 -2 -3 1 0 4 0 0 -5 4 0 2 -4 0 0 7 -4 0 2 2 2 -1 2 -2 0 -1 1 0 -4 -2 1 0 0 -2 2 0 0 4 -1 0 0 0 0 0 0 0 0 0 -7 0 -4 0 0 -2 0 0 2 0 0 5 1 -2 2 0 3 56 -2 0 0 4 0 0 1 0 0 -1 4 0 2 -4 -1 0 -6 6 0 1 -2 0 0 4 -1 -2 0 -4 0 1 0 1 -1 0 0 -2 0 2 4 5 0 0 0 1 -2 1 -2 1 0 -2 -1 7 -4 2 0 -4 -4 0 0 0 -4 0 0 0 0 0 8 0 -2 -3 0 0 1 2 0 0 0 2 0 -1 0 -4 0 -4 -2 6 -2 8 2 0 0 -2 -2 -4 2 1 2 -2 1 2 6 -1 -2 0 4 -1 0 0 -1 0 3 -4 0 0 0 0 0 -2 0 0 1 3 0 -4 0 4 1 0 6 0 0 4 0 4 -2 0 4 3 -4 1 -6 0 1 1 1 0 -6 0 4 0 0 1 -1 -1 1 -2 0 0 0 4 5 0 -2 -6 -1 0 0 0 5 0 -2 0 0 -4 -4 -4 1 -1 0 1 0 0 0 -4 1 2 1 2 1 0 0 -4 2 -4 2 0 0 1 4 4 0 4 0 0 6 0 0 -3 2 0 0 1 -1 0 0 -2 0 4 1 0 0 4 0 0 0 -3 2 0 0 -2 0 -4 4 0 0 7 0 4 0 -1 2 0 0 -1 0 -2 0 1 0 0 -1 3 0
-1 -2 -3 0 -4 0 0 0 0 -2 1 -4 -3 -4 1 0 0 0 0 -2 1 -4 2 0 0 0 0 2 2 0 -2 -1 0 0 0 -1 -2 0 0 0 0 0 -2 4 -4 0 0 -4 0 0 1 2 1 -2 -6 1 -1 0 2 -2 1 0 0 2 -2 -2 2 0 0 0 -1 0 4 0 0 0 0 -4 -4 0 -1 0 0 -1 -2 0 4 -4 0 0 0 0 4 0 0 0 0 0 2 0 5 0 0 0 0 0 0 -4 2 -2 -4 0 0 2 0 0 -2 -1 0 0 2 0 4 0 0 0 -1 0 0 2 -2 0 2 0 -1 -1 0 0 0 0 0 4 2 1 0 2 2 1 3 2 -7 0 0 0 1 -2 0 0 -2 -1 2 0 2 3 2 0 0 -5 5 2 0 -5 -2 0 -2 -2 0 0 1 0 -2 1 0 0 0 0 0 0 2 -4 0 1 0 0 0 0 0 -1 -4 -2 -3 -2 0 0 0 0 -2 37 -2 0 0 -1 5 2 0 0 0 0 0 0 0 -6 -1 0 0 0 -1 0 -2 2 4 0 0 3 0 0 0 0 -2 0 0 -3 0 0 -1 0 -2 0 0 -2 0 0 -3 0 1 0 2 0 0 1 -6 0 0 2 -3 -2 0 0 0 -2 2 1 0 0 1 0 1 2 0 0 1 0 0 0 -1 0 1 0 4 1 4 -4 0 1 0 1 0 0 4 1 -2 -1 0 -2 0 0 0 0 0 0 0 0 0 0 0 0 0 1 0 0 0 0 0 0 -8 3 4 0 -4 0 2 2 0 0 0 -2 -2 -2 0 -4 4 0 0 -2 -2 0 0 0 -1 0 0 0 0 -4 0 0 -2 -4 0 -1 0 4 0 -4 0 3 0 0 0 0 0 0 5 -2 0 0 0 2 -4 0 2 -1 0 0 0 0 0 0 0 0 0 -4 0 -6 0 -4 0 -2 0 -2 2 1 0 5 0 -4 -2 0 0 -2 -5 0 0 0 -1 -1 0 0 4 2 0 -4 4 0 -1 4 1 -2 3 0 -4 0 -4 0 0 2 -4 -4 -2 0 0 0 3 -2 2 1 0 0 -2 0 -5 0 4 0 0 -1 0 0 -7 0
-2 0 0 0 0 0 0 0 0 0 0 2 0 1 0 0 0 -2 0 0 0 0 0 0 -1 4 1 0 -2 0 0 -5 0 0 -2 0 4 0 0 2 0 -1 2 0 0 0 1 -2 -4 -1 1 0 0 0 0 6 0 -2 0 0 0 0 2 0 0 0 0 0 0 -1 0 0 0 0 0 0 1 0 -1 0 2 -4 0 -2 -2 0 4 0 0 0 -2 4 6 0 0 0 0 1 1 0 2 -4 0 0 2 0 2 0 0 0 2 1 1 4 3 0 1 -2 0 0 -2 0 -2 0 2 0 -5 1 0 -1 0 1 -3 4 0 0 4 0 1 -1 -1 5 0 2 0 -3 0 0 0 4 -5 0 2 0 2 2 4 -6 0 4 0 0 0 0 0 0 0 0 0 0 0 1 -1 0 0 0 0 0 0 0 1 0 0 0 0 2 -1 0 0 2 0 0 0 -2 0 -2 0 0 0 0 0 0 0 0 -1 0 0 -2 32 0 -2 -2 0 0 -1 0 0 0 0 2 0 2 -1 -3 0 0 0 0 0 0 -4 0 3 0 3 2 -1 0 1 0 0 0 0 0 0 0 -1 0 1 -8 0 0 0 0 0 0 -1 0 0 0 4 0 -1 -1 -2 -2 0 0 0 0 4 1 0 0 0 0 0 0 0 0 0 4 0 0 -3 2 6 0 0 -2 -2 2 1 1 2 -4 -1 4 0 0 0 -5 0 0 -4 0 -2 0 0 0 -4 0 2 0 0 0 0 2 0 0 0 0 1 0 2 -2 -1 6 2 0 0 2 -2 0 -1 0 0 0 0 0 0 0 -1 1 -1 0 0 0 0 1 4 -2 0 1 0 0 0 -4 0 0 0 -2 -4 0 1 3 -2 -2 1 0 -2 0 2 -2 0 1 0 0 2 2 1 0 -2 0 -2 0 0 0 4 -1 0 0 -2 4 0 1 -2 -1 0 0 0 0 0 0 3 -2 -6 0 2 0 0 0 0 -4 0 0 0 0 0 0 0 4 0 4 1 3 0 0 0 0 4 1 0 0 0 0 4 0 -2 -2 3 0 0 1 0 1 -1 0 2 0 1 0 -3 0 1 0 5 0 0 0
0 4 0 1 0 0 -1 0 -1 0 4 -2 0 2 0 0 0 0 -1 0 0 0 0 0 0 -2 1 0 0 0 0 4 -1 0 0 4 0 -1 0 0 0 1 -1 1 0 0 -2 5 0 -1 0 -1 0 0 2 0 0 2 0 0 0 -4 0 -2 0 0 0 -2 -3 -3 0 0 0 0 -1 0 0 0 0 4 0 0 0 -1 0 -1 0 -1 0 1 0 0 -1 0 1 0 1 0 0 0 1 1 0 0 2 -1 2 0 1 2 0 2 0 0 2 -2 0 0 0 -1 -4 -2 2 0 0 0 0 0 -1 0 0 -6 0 0 4 0 0 -3 2 0 -2 0 -4 0 0 2 0 2 0 0 0 0 0 0 0 0 -1 3 0 0 0 -1 -1 3 -2 0 -4 0 -2 0 2 0 1 0 2 -1 0 0 1 0 0 0 -1 1 -2 0 0 1 0 2 2 -1 0 0 0 0 0 2 -2 1 0 1 -1 0 -1 1 0 0 0 23 0 -2 0 -1 -1 0 0 0 0 0 0 0 0 -1 -1 0 1 0 -2 0 0 -2 0 0 0 2 -2 0 -2 1 0 0 0 -1 6 1 1 0 0 0 0 -2 0 0 -3 -4 1 2 -2 0 0 0 0 1 4 0 0 -1 -2 0 0 0 0 1 0 0 -4 4 0 0 1 0 -1 0 -1 0 -1 0 0 0 0 0 -1 0 0 0 -1 0 1 0 0 0 0 2 0 0 -1 0 0 2 0 0 1 4 2 -4 0 0 1 0 0 0 -3 0 2 0 2 -4 -1 -2 0 0 0 1 1 -1 0 0 0 0 0 0 0 0 0 0 -1 2 0 2 -2 0 0 1 0 0 0 3 0 -1 0 0 0 1 0 -3 0 -1 0 2 0 0 1 0 0 0 0 -2 0 -2 0 0 1 4 0 0 1 0 2 0 1 0 0 0 0 0 -2 2 1 -2 -4 1 0 -2 0 0 0 0 -3 0 -2 2 -1 -2 0 0 2 -1 0 1 0 -9 -2 0 0 1 0 0 0 2 0 4 0 0 -2 0 -2 0 1 -2 -1 1 0 0 0 0 0 2 0 0 0 2 2 -1 0 -1 0 0 0 3
0 0 -2 0 1 0 2 4 0 0 0 0 0 0 -2 0 2 1 -2 -3 1 -1 0 0 0 1 0 -2 0 -1 -2 -1 0 -3 1 0 -2 0 -2 0 0 0 -1 -1 0 3 2 0 0 2 -2 -2 1 1 0 0 -5 -1 0 2 0 -1 0 0 7 2 0 5 0 0 0 0 -1 -1 1 -1 0 0 0 -1 -1 -4 0 4 2 0 0 0 0 -1 0 0 0 0 0 2 2 0 -2 0 -1 1 -1 1 0 0 0 0 0 0 2 -1 0 2 2 -4 0 0 0 0 -1 -1 1 -2 0 2 0 0 -4 -1 2 -2 0 0 1 -1 0 0 0 0 -5 -2 0 1 1 0 1 0 -2 0 0 -1 1 -1 -2 0 0 1 0 2 0 0 -4 1 -1 -1 0 1 0 0 2 0 -1 0 0 0 0 0 0 0 0 1 -2 0 0 0 0 1 2 0 -1 0 -1 0 0 2 2 0 0 -3 0 -2 -3 0 4 -1 4 0 -2 0 27 0 -1 5 0 1 -1 3 1 0 0 0 0 2 0 0 0 -1 0 0 0 0 -4 0 0 0 0 0 0 -2 0 1 3 0 0 1 0 1 1 2 0 0 4 2 1 0 0 2 2 0 0 0 5 0 2 1 0 0 0 -1 0 0 2 0 2 -1 0 -1 0 3 -1 0 0 -1 -2 0 1 0 0 2 -2 0 0 0 1 -3 1 1 0 0 2 2 0 -1 -1 2 0 -2 0 -2 0 0 0 0 0 4 -1 2 0 0 0 0 -1 -2 0 0 -2 -2 0 -2 0 0 2 -4 1 3 0 0 2 0 0 0 0 0 0 0 0 0 -2 0 0 0 -2 -2 2 1 0 0 -1 -2 0 0 0 0 0 -3 0 3 0 1 0 -1 0 -1 0 0 4 -2 2 0 -5 0 0 0 1 0 4 0 0 0 0 3 5 1 -4 0 0 0 1 1 0 0 0 0 0 0 -1 0 -2 0 0 -1 1 1 0 -2 0 1 0 0 0 -2 0 1 0 0 -1 0 -2 0 -1 0 1 2 1 0 0 0 2 3 -2 0 -2 0 0 0 1 0 0 0 -2 0 -2 -4 0 4 -2 -3 0 -2
-1 0 1 -2 0 -2 0 3 -2 0 0 -5 2 0 0 3 0 0 2 0 0 -1 0 2 0 1 -2 0 1 0 0 0 1 0 -4 -3 1 -2 8 0 0 4 2 0 -1 0 -2 5 0 -2 -5 -6 2 0 0 4 6 0 -6 1 0 -6 -6 -5 4 0 3 2 2 1 2 -3 0 0 0 0 0 -4 1 0 1 0 3 2 -2 -1 -1 0 -1 0 0 0 -1 4 0 1 0 0 -1 1 0 0 0 0 2 5 0 0 0 1 0 -2 0 -1 -2 0 3 -1 3 -2 2 0 0 0 0 -1 -1 3 0 3 -5 -3 0 -2 1 0 0 2 -2 4 0 2 0 -2 0 0 2 1 0 0 3 -1 0 0 -1 4 -2 0 -1 0 0 0 0 -1 2 0 0 0 0 0 0 -1 0 -2 -2 1 3 2 0 -2 -1 2 -2 2 0 3 0 -4 -3 -2 0 0 -1 0 2 0 1 1 6 0 0 -2 0 0 1 -2 0 -1 -2 -2 0 55 0 0 2 -1 0 0 0 0 3 6 1 -1 -1 -2 0 6 0 -2 0 2 0 6 0 0 0 -2 4 0 0 0 1 0 -5 2 0 1 0 0 -1 0 0 0 4 0 2 2 0 1 0 -1 -5 2 0 0 1 2 1 1 -1 0 0 0 0 0 2 0 0 2 0 -3 0 0 3 0 1 0 -1 1 -3 2 0 2 2 0 -4 0 -6 6 0 0 1 2 0 1 -3 2 2 1 1 0 -2 0 2 -4 -1 2 3 -4 -2 0 0 5 1 2 0 -1 0 0 0 2 0 -2 -2 0 3 -1 0 -6 -1 -4 2 0 2 0 0 0 5 0 -1 0 0 -2 0 -2 -1 -2 0 4 1 2 0 0 1 0 0 0 1 0 2 0 0 1 -2 0 2 -2 3 -6 -1 -2 0 2 3 3 0 0 3 4 0 1 1 0 0 3 2 0 -2 0 0 0 5 0 4 0 0 -2 2 0 0 -6 1 3 0 -2 0 0 2 1 0 1 0 -4 2 0 0 0 0 0 0 0 2 2 0 -5 1 1 1 0 0 -3 0 0 1 -1 0 1 -1 2 1 0 1 0 -1 0 3 0 3 0
-4 -1 -2 4 -1 -4 0 0 0 1 0 0 1 -3 2 0 0 2 0 1 -2 2 0 0 0 0 0 6 5 -3 -2 -1 -2 0 0 0 -6 0 0 1 -1 -2 0 3 2 0 0 0 0 0 -3 2 0 0 -2 -2 4 0 0 0 0 2 0 2 -1 0 -3 0 0 0 1 -2 -1 -1 -2 -4 0 0 -4 0 2 -4 4 0 -4 0 0 -2 0 4 0 -4 0 0 4 0 0 -4 4 0 -4 1 0 0 0 1 0 0 2 -2 0 0 0 2 2 -2 -4 -4 0 -2 5 0 2 -2 2 0 0 0 0 2 0 0 -2 2 0 0 -1 0 4 -2 0 0 0 0 1 -2 0 0 0 0 -6 1 2 -2 0 0 0 -2 2 -1 0 0 0 0 0 -2 0 -2 3 -2 3 -2 -2 4 0 0 0 2 0 -4 -4 -2 3 0 0 0 0 2 0 0 0 4 0 0 0 0 0 -4 -4 1 3 4 0 0 0 0 0 5 0 0 -1 0 48 0 -5 0 -1 -2 0 12 0 -2 -4 0 0 2 0 0 0 0 0 3 -1 -1 0 -2 0 0 2 2 2 0 0 0 4 1 0 0 0 6 0 0 2 -2 -2 0 4 -2 -2 -1 0 2 1 -4 0 -1 0 4 -2 0 0 2 6 0 0 0 1 1 -2 1 0 4 0 0 0 1 0 -2 3 1 4 -2 0 0 0 1 0 0 2 0 -2 4 0 6 0 0 -2 4 2 0 1 -2 1 0 2 2 0 4 0 0 -2 0 1 2 -3 3 4 0 2 -5 1 0 0 0 0 2 0 -2 0 0 0 0 1 -2 2 -2 -2 0 -4 0 0 2 2 0 0 -5 -2 -2 0 4 4 -2 -2 0 -2 2 0 4 0 0 0 0 4 1 0 2 0 -1 0 0 -2 0 -2 -6 -4 0 0 0 2 0 2 2 0 -2 0 2 -2 1 2 2 2 -2 2 1 0 0 1 2 3 4 0 0 0 4 0 0 -2 2 0 0 0 0 0 4 0 0 0 0 0 0 0 -1 -5 -1 0 2 -4 -6 -8 0 0 4 2 0 0 0 0 0 0 0 0 -4 0 -1 0 -1 0 0 0 0
1 0 1 -3 2 0 2 1 0 2 0 0 -1 1 0 -2 -3 0 0 -2 1 0 0 0 0 -4 -2 0 0 -1 0 0 0 0 0 2 2 0 2 4 1 0 0 -1 -3 0 -4 -1 0 1 3 -2 1 0 -2 0 -4 1 0 0 0 0 0 2 0 0 0 0 0 0 0 0 0 -1 0 0 -1 0 0 -1 0 -4 0 1 0 2 2 -1 0 0 1 0 0 0 -2 -2 -5 0 0 1 0 0 2 0 2 0 -2 0 0 1 0 1 0 1 0 -5 3 -2 0 0 2 0 2 0 0 0 0 0 2 0 0 0 -2 2 -1 0 1 0 0 2 2 2 2 -4 0 -2 2 1 0 1 0 1 0 0 0 0 -2 -3 0 0 2 0 -4 1 2 0 0 2 3 -1 2 1 4 0 -1 0 0 -1 3 2 0 0 -1 -2 2 3 -2 -1 2 0 0 4 -2 1 2 0 0 1 4 0 -2 1 0 -2 -2 0 1 2 0 -1 5 0 0 44 0 0 -1 0 0 0 -1 0 4 0 1 0 1 1 0 0 0 1 -4 -1 -2 0 1 0 0 -2 1 4 0 -6 -2 0 0 5 1 -4 1 -4 1 0 -3 2 0 0 1 0 0 0 6 1 1 0 0 0 -4 -6 0 1 2 1 4 0 0 0 0 0 5 -1 2 0 0 0 7 0 0 0 1 0 2 0 2 -1 0 1 -4 -4 1 0 -2 0 1 0 3 0 -2 0 -2 0 -7 -1 -3 2 1 0 -4 0 0 0 0 -1 0 0 0 0 0 -3 -4 0 0 -4 0 2 -4 0 1 1 1 2 0 4 2 2 2 3 0 -1 1 0 0 1 0 6 -4 -1 -1 0 0 -4 0 1 0 -2 0 -1 -2 -2 0 0 -3 0 0 0 0 -3 -2 7 0 0 0 -1 1 0 0 0 1 4 -2 -2 -2 0 0 -4 0 0 -2 0 2 -4 -2 2 0 -2 0 2 -2 0 0 0 1 -2 0 0 0 -4 0 -2 -1 0 0 -1 0 -3 0 0 0 0 0 4 1 3 4 0 0 1 -2 0 6 -1 -3 0 0 0 -1 0 -1 0 0 -1 -2 1 1 1 0 0 -1 5
2 0 4 2 -2 0 0 0 0 0 0 -4 0 -2 0 -2 2 4 2 0 0 0 -2 0 1 0 0 0 0 5 -3 3 2 -2 -1 2 2 0 0 -3 1 0 0 0 0 1 -1 0 -2 3 0 1 0 -4 0 0 0 0 0 1 0 -2 0 -1 -2 0 0 0 0 -2 -1 1 0 0 0 0 0 -2 0 2 0 0 -2 0 0 0 0 4 0 0 0 -4 0 0 -6 0 0 2 0 0 0 -4 0 2 -2 1 2 0 -2 0 2 0 2 0 -4 0 4 0 0 0 -5 0 0 -3 1 0 0 2 0 0 0 0 -1 -2 -2 0 0 -4 1 -1 2 4 2 0 4 0 0 -2 2 -8 0 0 1 0 1 -5 0 -3 -1 6 5 0 0 0 0 2 4 0 -2 0 2 0 1 -2 0 0 0 1 0 2 0 0 0 -4 4 -1 0 -1 0 1 0 0 0 -2 0 0 -2 0 0 0 -3 2 -6 0 0 -1 0 0 -1 -1 0 2 -5 0 45 0 2 2 -2 -4 0 4 0 1 2 0 0 0 0 0 0 1 3 -1 0 -2 0 4 0 -2 -2 0 -4 0 4 0 0 0 1 0 0 0 -3 3 0 0 -3 0 0 -4 7 0 0 1 3 1 0 0 0 0 0 -1 2 1 2 0 0 0 -1 0 0 1 2 0 -3 0 2 4 1 -1 -4 -1 1 0 1 -1 0 0 0 4 0 0 0 -4 -1 0 0 1 0 2 4 0 0 1 0 2 0 0 0 -3 -1 0 -1 0 1 1 1 0 0 -3 0 0 0 0 0 3 0 0 -2 0 -2 2 0 1 0 0 0 2 -2 1 0 0 0 2 0 4 -2 2 -2 -2 1 0 2 0 -4 0 0 -2 -4 0 0 0 0 0 -1 4 -1 2 -2 0 0 1 0 2 0 0 -1 0 0 0 -2 0 0 0 3 2 0 3 4 0 2 1 0 0 2 0 1 0 0 0 0 0 0 0 1 0 0 0 -2 -1 0 0 0 -2 -3 6 0 -1 -1 0 1 0 0 2 2 4 0 1 -2 2 0 -2 -4 2 -2 0 1 1 0 0 0 -4 0 -5 0 -1 0 4 3 -2
1 0 0 0 1 6 -4 -4 2 2 0 -1 -2 0 -2 0 2 0 2 0 4 2 1 1 -2 0 -2 -2 0 1 0 -1 -1 -1 2 0 0 -3 -2 0 0 -2 0 0 3 1 0 -1 2 0 -1 0 0 -1 2 0 0 1 0 0 -2 2 0 0 -2 0 1 1 4 0 0 0 -1 2 -2 0 0 0 -1 3 1 0 0 3 -1 2 0 0 0 0 -2 0 -2 0 2 0 0 0 -1 0 0 -2 0 0 0 0 0 0 2 -4 2 1 0 6 2 0 0 1 0 2 2 1 0 0 0 0 0 0 0 0 0 1 1 0 2 0 0 0 0 0 0 2 2 -4 0 -1 1 4 0 0 0 1 1 2 2 2 1 0 0 2 0 0 0 0 -1 0 0 3 -1 -2 -4 0 -1 0 1 0 2 0 4 -1 -2 0 2 0 0 0 -3 1 0 2 -4 0 -2 -2 0 -2 0 -1 0 0 0 3 0 0 -3 2 0 0 0 0 1 -1 0 0 0 26 0 1 2 0 0 2 0 1 0 0 -2 0 0 1 0 -3 0 0 0 2 0 0 0 0 0 2 0 0 -2 0 1 0 0 2 0 0 0 -2 -1 -2 0 -2 1 -2 0 0 1 -1 0 1 -1 -1 0 0 -1 0 -1 -1 -1 0 0 0 -2 1 -2 -1 2 2 -1 0 0 1 -2 2 3 0 2 0 0 0 0 0 -1 0 0 2 4 0 0 -3 0 -4 -2 -1 0 1 -4 1 4 0 0 1 1 2 0 0 0 0 -2 0 0 -2 0 1 -2 1 0 0 0 1 -1 4 0 0 0 0 -1 -2 0 0 1 -2 0 -5 0 -1 1 -1 2 2 0 1 -1 0 1 -2 -1 -1 4 0 -1 0 0 -2 -1 1 0 -1 0 1 -4 0 -2 -1 5 0 1 2 0 2 0 0 -4 0 -1 2 0 1 0 1 1 2 0 -2 0 0 0 2 0 -1 -3 0 0 0 0 -1 0 0 0 1 0 0 1 0 -2 0 1 1 0 -1 0 0 1 0 0 0 1 0 -2 0 0 -1 -4 -1 -2 -2 0 2 0 0 0 1 0 -1 0 0 2 -2 0 1 0 -3 0 -2
0 0 0 0 1 0 5 0 0 0 0 -1 2 1 0 -2 -1 3 0 0 0 4 2 0 0 0 -2 0 0 -3 -2 0 1 6 0 -2 0 0 0 -1 0 2 0 -5 -3 0 0 0 0 -1 -1 0 1 0 4 0 0 0 1 3 1 -2 -1 4 -1 2 0 -4 0 0 4 0 2 0 1 -5 1 -2 0 3 0 0 0 0 2 0 0 0 1 0 0 0 -2 -2 0 1 1 1 -3 0 -2 1 0 -4 0 -1 2 2 4 3 -4 0 2 0 0 0 -1 -2 0 1 -4 0 2 1 0 0 0 0 0 0 0 0 0 0 -3 2 -1 0 0 2 2 0 0 0 -1 2 -1 0 0 0 0 1 4 1 -6 -2 0 2 -2 2 0 -2 2 0 1 0 0 0 0 0 -2 0 0 0 0 0 0 1 0 0 0 1 -1 0 0 0 0 0 0 -5 -2 0 0 0 0 0 -2 1 0 0 0 0 -3 0 2 0 -1 0 0 0 -1 0 -1 -1 2 0 31 0 0 -2 0 0 0 0 2 -1 -3 0 0 0 -2 4 0 0 0 0 0 0 0 1 -1 0 0 -2 1 4 -2 0 -1 4 3 0 0 0 1 0 1 -2 1 0 0 0 0 1 6 0 0 0 0 0 2 -2 7 2 1 0 0 0 0 0 0 1 -1 -6 -1 0 -2 0 1 1 1 0 0 2 -1 0 2 0 -1 0 0 -1 0 -1 0 0 -1 3 -2 0 0 2 0 0 0 0 0 0 0 0 0 0 0 -2 0 -2 0 2 -3 0 -2 0 0 0 0 0 -2 0 -2 0 2 0 0 0 5 2 0 0 0 0 -2 -2 -3 0 0 1 1 -3 -4 -2 -2 0 -2 0 0 2 4 1 1 0 0 0 0 0 2 0 -6 1 0 2 0 2 2 0 0 -7 0 0 0 2 -1 -1 -1 -5 2 0 0 0 5 2 0 0 0 0 0 2 0 0 1 -2 0 1 1 0 -1 0 2 0 0 -1 2 -1 0 1 2 6 0 0 0 -4 2 0 -4 1 0 0 1 0 0 1 0 0 -1 0 -4 0 -2 -1 -2 2 1 2 0 0 -2 0 0 3 1 -3
5 0 1 0 0 -2 -2 2 0 0 -2 0 0 -2 0 -2 0 0 4 2 1 0 1 0 0 -5 1 -4 0 2 0 0 0 0 -6 0 0 0 0 0 0 -2 0 -2 0 0 -2 0 0 0 0 1 4 2 -4 0 0 1 0 -2 0 0 4 -2 1 2 0 2 1 0 -4 4 -2 1 0 0 0 -1 -2 -2 0 2 0 -1 2 -1 2 0 -2 0 -2 0 -2 0 0 1 0 0 0 0 0 -2 0 2 0 -2 0 -1 2 0 2 0 0 0 0 0 4 -6 0 0 2 1 -4 -5 -10 0 -2 1 -4 0 -1 6 0 -2 -4 0 2 2 2 5 -2 0 0 4 1 2 2 0 1 -3 0 1 2 0 -1 0 -1 -2 6 5 0 0 0 -1 -1 1 -5 2 1 0 2 0 -3 0 0 0 -2 0 0 2 -3 2 0 0 -2 -2 1 0 -2 0 -2 2 0 0 0 0 0 2 -6 0 -1 -4 0 2 -1 -4 4 0 0 0 3 0 -2 0 2 1 0 54 2 -4 4 1 -2 -4 0 -3 4 2 0 1 0 0 2 1 2 0 0 0 -2 0 3 -2 2 0 -2 -2 1 2 2 0 0 1 2 2 0 -1 -2 0 4 0 6 0 0 0 2 0 0 0 0 0 -2 -2 1 8 -2 -3 -4 -1 1 1 -2 -2 0 1 5 -1 0 0 2 0 -2 -1 5 0 0 2 -3 1 0 -5 2 -1 0 2 0 -2 0 -1 0 -2 0 2 -2 0 2 4 0 2 2 0 -4 0 0 -4 4 -2 6 -1 0 1 0 -2 0 -2 1 0 0 0 2 0 0 4 0 0 0 0 -4 -4 5 2 -2 0 0 -8 0 -1 0 -2 0 2 5 0 1 0 -2 2 -4 0 0 1 2 0 3 0 0 4 3 0 -1 4 5 0 1 -8 -6 0 1 3 0 0 -2 0 0 0 0 1 0 2 0 0 0 0 0 -2 0 0 -2 0 0 0 6 4 1 2 -2 0 0 0 0 2 5 0 1 -2 -3 -1 0 2 1 0 -2 1 2 0 0 -2 -1 4 -2 -1 -6 2 4 0 -1 2 0 -4 -1 -2 0 0 -2 -1 -2 1 0 0 1 4
0 0 2 0 0 0 4 0 0 0 0 -1 1 4 2 2 1 -2 1 1 -2 0 0 6 0 0 -2 0 0 0 0 1 -2 -4 0 0 0 0 0 0 0 0 0 0 2 2 0 0 0 0 0 4 3 -3 0 1 0 3 -1 2 0 0 -1 -2 -1 0 0 -2 0 0 0 0 0 0 -1 0 0 0 0 0 -6 2 0 2 4 0 0 0 -2 4 0 0 0 2 -1 2 -4 -4 0 0 4 -4 2 1 -2 0 0 0 -2 0 -1 0 0 -1 4 0 0 0 0 0 0 6 -1 3 2 0 0 0 0 0 -4 0 0 1 0 0 1 0 1 0 0 -2 -2 -8 1 0 0 -4 0 -4 0 0 0 -1 0 0 -2 0 3 -1 -2 0 0 1 0 0 -2 0 -3 0 0 0 -2 0 -2 0 2 0 0 0 0 0 0 0 0 -1 1 5 0 0 0 0 0 -2 0 0 6 0 0 0 3 0 2 0 0 -1 0 0 0 0 1 0 0 0 -2 2 0 2 33 0 0 0 0 0 -2 -2 0 1 0 0 0 -2 4 0 0 0 0 0 0 0 0 1 4 -4 -2 -2 2 0 0 2 0 1 -4 1 0 1 0 -2 0 0 0 -2 0 -2 -2 0 0 0 0 0 -3 0 -2 -2 0 0 0 2 0 0 4 4 -2 2 2 0 1 -1 0 0 -2 -1 0 0 0 -2 0 0 0 0 0 -7 -5 1 0 0 0 0 0 0 0 0 0 1 0 0 0 0 0 5 1 1 0 0 0 1 -4 0 0 -2 0 0 0 2 -3 -1 2 0 3 0 -1 0 0 0 0 0 0 0 1 0 0 0 0 -1 0 0 0 0 3 -1 1 0 -6 0 1 0 1 2 0 -2 0 3 0 -3 0 5 0 -4 0 2 0 0 2 -6 -6 0 0 0 0 0 0 -1 0 6 -1 0 2 6 0 0 0 0 0 0 0 0 0 0 0 0 1 0 4 0 0 0 2 0 0 0 -4 2 0 0 0 -4 0 -3 0 0 -1 -2 0 1 0 0 -3 -2 0 0 0 0 0 0 0 -1 0 0 -4 0 0 0 0 -3 0 0 4 0 0 0
0 1 -1 4 0 0 -3 0 0 2 0 1 0 0 0 2 -1 0 0 0 -2 4 -3 4 0 2 0 5 1 -4 0 0 0 -1 0 0 -2 1 0 0 0 0 0 1 0 0 0 0 0 0 1 0 -1 0 4 2 4 2 -1 -1 -4 0 0 -2 -1 1 0 0 -1 1 -2 -4 0 -2 0 0 0 2 4 0 -2 -1 0 2 0 0 -4 0 2 0 -7 1 1 0 8 0 2 -2 0 0 2 0 0 0 0 1 1 0 0 0 0 2 -2 3 0 1 -4 0 0 -2 2 0 0 -2 0 0 0 0 -1 -2 0 0 0 0 1 0 0 -1 0 0 0 0 0 2 -4 0 2 0 -2 0 0 -1 -1 -2 2 1 0 -2 2 0 0 1 2 2 0 -2 0 -1 2 -6 0 0 1 0 0 1 0 2 1 -5 -5 -2 0 0 1 0 0 2 0 0 0 0 0 0 0 0 2 0 0 1 2 4 -5 0 -5 1 2 0 2 0 0 0 12 0 -4 0 -2 -4 0 40 0 0 0 0 2 -4 0 -2 0 2 0 -2 0 0 0 1 0 0 -1 -2 2 0 0 -2 0 0 0 0 0 -1 0 0 -1 0 0 0 0 0 0 -2 -2 0 0 -2 -2 0 0 2 0 6 0 2 0 0 0 0 0 1 -1 0 2 2 0 1 0 0 4 -2 0 2 2 1 -1 1 3 -2 -4 0 0 0 1 4 0 -4 -1 0 2 3 2 0 0 0 -1 0 -3 4 0 0 0 0 -3 0 0 0 0 2 0 -1 3 0 2 4 -3 0 0 0 2 0 -2 2 -5 0 0 1 0 0 1 4 0 0 0 0 -1 -1 0 -4 0 1 3 0 0 2 0 0 0 1 0 4 -4 0 2 4 1 0 2 2 -2 0 0 -1 -2 0 0 0 -4 0 -1 0 -1 0 2 0 -1 2 0 -3 -2 0 0 0 1 -2 0 0 2 3 2 2 2 0 -3 -2 -2 2 0 1 0 2 0 0 -2 0 -4 4 1 2 0 0 -6 0 0 1 -4 0 0 -2 0 -2 0 -1 0 0 0 0 1 -2 2 -1 0 -2 2 -3 0 0 1 0 0 0 -2 0
-2 5 -4 0 0 -2 4 1 0 0 0 -4 0 0 2 1 2 0 0 0 0 0 -2 0 2 0 0 0 4 1 0 0 0 -3 -1 0 0 0 0 0 1 -2 0 1 1 0 4 0 2 -5 0 0 2 0 0 -4 0 0 2 1 -4 0 0 0 -1 1 -3 0 -2 0 0 -4 0 -1 -1 0 0 0 1 -1 -6 0 0 -2 -3 0 1 -3 0 0 -1 -1 1 0 0 0 0 0 -2 0 4 1 -1 1 0 0 -2 0 -2 1 3 0 -2 0 -12 -1 0 4 -1 0 1 0 0 0 2 0 -1 2 0 -1 -5 2 0 0 2 -2 0 0 1 0 -1 0 2 3 2 0 0 0 -1 0 0 0 1 2 0 2 -3 0 -3 0 0 0 0 -2 0 -6 -5 -1 4 0 2 -2 -2 0 0 2 0 1 -1 0 0 5 -2 2 -1 0 1 0 -2 0 1 -1 -1 -4 4 1 0 0 0 -2 0 0 -2 1 0 4 -4 0 0 0 0 3 0 -1 0 0 0 4 0 0 53 2 0 5 0 0 -2 0 0 0 2 9 1 0 0 0 -3 0 5 1 4 0 0 2 -1 -1 0 1 -5 0 0 0 0 0 -1 0 3 0 -3 1 0 3 2 -1 0 1 1 -1 -3 1 1 0 2 0 1 3 0 0 0 2 0 -1 2 3 -3 -1 0 2 2 0 -2 1 0 3 -1 2 -1 1 0 -1 4 0 1 1 -1 3 -2 0 -6 -4 0 0 0 -1 -6 1 1 -2 0 2 0 2 4 -1 4 -1 2 7 -4 -1 0 -2 0 1 -2 -1 -4 0 -4 1 3 4 -4 0 0 0 -2 -2 0 0 0 0 -2 2 0 0 2 0 0 -4 -2 2 0 0 2 0 -4 -2 0 -2 0 1 -3 0 1 1 2 0 -2 -4 -1 1 2 -4 0 -2 1 2 -3 -2 0 0 2 0 -2 1 2 -1 -1 0 -6 0 0 -1 0 0 0 2 -3 0 -1 1 -1 0 0 0 0 -5 0 0 2 -2 0 -1 -3 -1 0 0 0 2 1 0 3 -1 3 0 2 2 0 0 -7 0 2 -1 -2 0 4 -2 -3 6 0 0 2 0 0 2 0 1 -3 1
-2 4 1 1 -2 0 -2 0 -3 -1 0 0 -1 0 0 -2 0 -2 0 -2 0 4 2 0 0 0 0 0 -1 -3 1 1 4 0 -4 0 0 1 0 2 0 2 0 -1 0 -1 0 2 0 -1 0 0 0 -4 3 1 0 -1 1 0 2 1 -3 -1 -2 -1 0 -2 0 1 0 -2 0 0 -2 0 0 0 2 0 0 2 1 0 1 -2 0 3 -4 0 -2 -1 0 3 -2 0 0 1 0 -1 -2 0 -2 0 -2 -3 0 2 -5 0 4 0 0 0 0 0 2 0 2 -2 6 0 0 -2 0 0 0 0 4 -2 -2 3 -2 -2 -2 1 0 3 0 -1 0 3 0 1 0 -1 0 0 0 1 0 0 0 -2 0 0 2 -1 1 3 2 0 1 -4 -2 0 4 -1 -1 0 0 -1 1 0 -2 -2 -1 -1 2 0 1 0 0 0 -2 1 -1 0 0 4 1 1 2 -4 4 -1 -2 -4 7 4 0 0 0 -3 0 0 -1 -6 2 0 0 6 -2 0 4 2 0 1 0 0 2 41 0 0 0 0 0 8 -2 0 1 0 4 0 -3 0 -2 0 0 0 -2 0 0 0 0 -2 1 0 2 1 -3 2 0 5 0 -4 -1 0 0 0 0 1 -4 0 -2 1 0 -1 0 0 -2 0 0 0 0 1 0 0 0 0 -2 6 -3 0 -1 2 -6 0 2 2 -2 -5 1 -4 0 -4 -1 -1 -6 -3 -1 -3 -4 2 -1 4 0 -4 0 -1 0 0 -6 0 0 -1 0 0 2 -1 -1 0 2 0 2 -1 0 0 0 -1 0 0 0 0 0 2 0 0 -2 0 0 0 -1 1 -1 0 0 1 0 0 1 -2 -4 -2 0 0 0 2 0 0 0 -4 1 -1 -3 0 2 0 -1 0 0 -2 0 -1 0 -1 0 0 0 0 0 1 0 1 -4 2 0 0 0 2 0 2 0 1 1 3 0 0 0 0 -2 -2 0 0 3 0 -2 0 0 0 0 0 0 0 2 0 2 1 0 1 0 -2 -4 0 -1 7 0 -4 -2 0 2 -5 0 0 0 -5 0 0 1 -1 3 0 0 -1 2 1 0 2 0 0 2 0 -2 2 0 1 2 -2 1 0
-2 0 0 0 0 0 0 0 0 2 0 -3 1 0 0 0 1 0 0 0 0 0 0 0 0 1 0 0 -3 0 0 0 0 0 0 2 -1 0 2 4 0 2 0 -1 0 0 -4 1 0 1 0 -2 0 0 0 0 0 1 0 0 0 0 0 0 0 0 0 0 0 0 -1 0 0 0 4 3 0 0 0 2 1 0 -2 0 -1 -2 0 2 -1 0 0 0 -3 0 -1 0 1 4 0 0 4 0 2 0 0 0 0 0 -2 0 0 -1 0 0 -1 0 0 0 0 0 2 0 0 0 2 0 0 0 0 1 0 -4 0 0 0 0 -2 0 0 -2 -1 0 0 0 0 1 0 0 0 0 0 0 0 0 -1 0 0 0 -2 0 0 0 -2 -2 0 0 0 0 0 0 2 -1 0 0 0 0 1 0 2 -1 0 -1 0 0 4 2 1 0 -2 0 0 0 0 0 1 0 0 0 2 2 1 0 0 2 0 0 0 -1 -1 0 0 1 -4 4 0 0 0 -2 0 0 0 0 15 0 0 2 1 0 -1 0 0 0 -1 0 -1 0 2 0 1 0 -1 0 0 0 0 0 1 0 1 0 0 0 0 0 0 0 0 0 0 1 0 0 0 0 -1 0 0 0 0 0 -2 1 0 1 2 0 0 0 0 0 0 0 0 0 -3 0 -2 0 2 -2 0 0 -2 0 0 0 0 0 0 0 0 0 0 0 2 0 0 0 0 0 0 0 0 0 0 0 0 0 0 0 0 0 0 0 0 0 0 -1 -2 0 0 2 0 -5 0 1 0 0 0 0 0 0 0 2 0 0 -1 0 -1 0 0 0 0 1 0 0 0 2 0 0 0 -4 0 0 0 0 -1 0 1 0 0 0 0 1 0 0 1 0 0 0 0 0 0 0 0 0 0 -2 0 0 0 0 0 0 0 0 1 0 -2 0 0 0 0 0 0 0 2 0 0 -4 0 0 0 0 0 0 0 0 0 0 0 0 0 -4 0 1 0 0 -1 0 -1 0 0 0 4 0 0 0 1 -2 3 0 0 1 0 0 -2 0 -2 0 0 0 2 2 3 0 0 0 0 0
0 0 0 -2 1 2 0 0 0 1 0 0 0 -2 -2 0 0 2 -8 0 0 -2 0 0 0 0 0 0 0 2 1 4 -1 1 0 0 -6 2 0 0 0 0 0 0 -1 0 4 1 0 3 2 0 -1 0 0 0 0 -2 0 -1 0 0 2 0 4 -1 2 0 0 0 3 0 0 4 1 0 0 0 0 0 0 4 0 2 1 3 0 0 0 2 -1 -1 -2 0 -2 0 4 0 1 -3 2 -1 0 0 0 -1 0 -2 -2 0 -1 0 0 2 -1 0 0 0 -2 0 3 5 -1 -1 0 0 1 0 0 1 0 0 1 0 0 0 -2 -1 1 0 -2 0 2 2 -2 0 0 0 -2 2 -2 1 0 0 0 -2 0 1 2 -4 0 0 -2 0 -1 -6 -6 1 0 1 -1 -2 -1 0 2 -3 2 4 -1 1 2 0 1 0 0 -1 -1 0 3 -4 2 -2 0 0 0 2 0 -2 0 0 0 -2 -2 0 -2 -2 -6 0 -3 -1 2 -1 0 0 1 1 0 -4 0 0 5 0 0 36 2 -2 1 -1 0 0 2 4 0 0 0 0 -1 0 0 0 0 0 0 1 0 0 0 0 0 0 0 0 0 4 2 0 3 0 0 1 0 4 2 -1 2 2 0 0 -1 0 -5 1 1 -5 0 0 0 0 0 0 0 2 -1 -2 0 0 0 0 0 0 3 1 -4 0 0 0 -2 0 0 0 2 1 0 -4 2 -1 2 0 1 0 0 0 4 1 -4 0 0 2 -1 1 3 -1 1 0 -3 0 1 0 0 0 0 -2 -1 0 1 4 0 0 0 0 0 0 -4 1 0 0 0 4 0 0 -4 0 2 3 0 2 0 0 1 1 0 2 -1 2 1 0 0 0 -2 -1 2 0 0 0 0 1 2 4 0 0 0 0 0 2 0 0 0 0 -4 1 -2 2 0 0 0 1 0 3 -3 -2 -2 -1 0 0 -2 0 0 0 0 0 0 -4 0 0 2 -4 0 -3 0 -3 0 -1 0 0 -2 0 -2 0 -2 0 0 0 0 0 -1 -2 2 4 -2 2 0 0 -4 0 -1 -2 1 0 -2 4 0 0 0 0 0 0 -1 0 2 1
0 1 0 0 0 -1 6 0 2 0 1 1 0 1 -1 -2 -2 1 0 0 1 -1 0 0 0 1 1 0 3 0 2 -1 0 0 0 1 0 0 0 0 -2 -2 0 2 0 0 0 0 0 2 3 -1 3 2 0 0 0 0 -3 0 2 0 0 0 -2 1 0 -2 -2 1 2 0 0 1 -2 -2 -5 2 -2 2 -4 -1 0 -4 0 0 -3 -1 1 2 1 0 -2 2 0 0 4 0 -2 4 -1 -2 -1 -4 -3 0 0 0 1 0 0 1 -5 0 -3 0 2 0 0 -4 0 0 0 4 0 0 0 0 0 0 2 2 0 2 0 5 0 0 2 -4 0 0 -1 0 0 0 4 1 0 2 0 0 0 0 0 -4 -4 -4 0 0 2 2 3 0 0 1 0 -1 4 -4 0 -1 1 0 3 -1 -2 0 0 0 1 -1 3 1 2 0 -1 0 -2 -2 0 0 0 0 0 0 -2 6 2 2 2 0 0 0 0 2 6 0 0 -1 0 -1 0 1 2 0 2 0 -2 2 0 0 0 2 35 1 0 -2 -2 0 -1 0 0 -1 -1 -1 0 -1 -2 1 0 0 0 2 0 3 -2 0 0 -2 0 0 0 0 0 0 0 1 -2 -1 2 0 0 -4 1 -4 2 -4 0 1 0 1 0 4 0 0 6 -2 0 0 0 0 -1 -1 1 -2 4 0 0 2 1 1 0 -2 6 2 2 0 1 -4 1 -1 -2 0 0 -4 0 0 -1 0 1 0 0 -1 0 0 0 0 1 -1 3 1 -2 0 0 0 0 1 0 0 0 0 -2 -1 -1 0 0 0 0 0 5 0 0 2 -1 2 2 -1 2 -1 -4 2 0 0 0 -2 -3 0 0 0 -1 -1 2 0 0 0 4 1 -2 1 0 -2 1 0 0 -1 -1 4 1 1 0 0 0 2 0 -1 -3 4 1 0 0 0 0 0 0 0 0 0 1 -3 -1 -4 0 0 2 5 0 2 -2 0 0 0 1 0 -2 2 0 2 0 0 0 -3 4 0 0 0 0 0 4 0 0 0 -6 0 0 -2 2 0 0 4 2 2 0 -2 0 -1 -1 2 -3 0 0 -2 0 0 0 1 -2 0 0 0
0 -3 -2 1 1 2 0 0 -1 -2 -3 1 0 -2 0 0 -2 1 -2 -2 -1 0 4 -3 0 0 1 0 -1 -2 0 -1 0 0 -2 -4 -3 -1 0 0 0 -2 0 -2 0 4 0 2 1 -2 3 -8 0 -2 -4 -1 0 -3 2 8 0 -1 -2 1 0 0 1 -1 -6 0 -2 0 -1 0 -1 0 7 0 0 2 -2 1 0 1 -5 -2 0 4 -2 0 1 0 2 2 -7 -1 0 -1 2 0 0 0 -2 0 -1 0 0 4 2 0 0 4 2 0 0 -2 2 -5 -3 2 0 1 2 0 -1 0 1 0 2 0 2 -2 0 1 0 0 0 0 -2 -1 2 0 0 -8 -1 2 -4 3 0 3 1 0 0 1 1 0 0 -2 1 -2 1 0 0 0 -1 0 0 0 1 0 0 0 4 2 2 1 0 0 0 0 3 1 0 -4 0 0 3 0 1 0 0 -2 0 -4 1 0 2 3 3 0 0 -2 2 0 2 -2 0 0 0 0 0 -2 2 0 0 0 -1 -3 -2 -4 0 0 2 -2 1 56 -2 1 0 -3 0 -2 0 1 -2 0 3 1 2 0 4 0 -5 0 0 0 -4 0 -1 5 -2 0 6 2 -4 1 0 0 0 -1 3 -1 -1 1 -2 0 -2 1 0 -8 1 -4 4 2 -4 2 0 -4 2 4 4 -1 0 -1 0 0 0 -2 3 0 1 1 0 0 -4 2 -2 -2 -2 5 0 1 3 8 -1 -5 0 0 0 0 0 -2 0 2 2 0 -1 0 0 0 1 0 2 -2 -1 4 0 1 1 0 0 -2 -2 2 4 -1 -1 1 -2 0 0 0 2 -1 1 3 -3 4 -4 0 1 2 0 0 2 1 -2 0 0 3 -2 4 0 -1 0 2 0 0 4 0 -4 0 1 0 0 0 3 4 4 5 0 0 0 5 4 1 2 -1 -1 0 5 -4 4 1 -2 4 -1 3 0 1 4 0 -2 0 -3 2 4 0 -2 3 0 5 0 6 -2 0 -1 -2 -3 0 0 0 0 3 0 3 2 -1 -1 4 3 2 0 -2 4 2 0 -3 2 -2 0 -1 0 -4 3 -3 0 0 -2 -2 -2 0 0 -4 1 1 1 0 0 -3
1 1 2 0 0 0 -5 0 -4 0 0 -1 5 2 4 1 -2 0 -4 4 3 0 0 1 -2 0 4 0 -2 0 2 0 -1 0 0 2 1 0 -1 0 0 0 -2 0 -1 6 0 0 -5 1 1 -1 0 4 0 0 -2 -2 0 -1 3 -2 0 -2 0 5 0 0 -2 1 -2 0 1 4 1 6 0 0 0 -4 1 -4 0 -6 0 2 1 1 2 -4 -1 0 0 0 0 3 0 1 9 0 0 0 0 5 -2 0 0 -1 0 0 -4 0 0 0 4 0 -5 -6 0 0 -2 -4 0 2 0 0 2 0 0 0 2 2 0 0 1 -2 0 0 3 1 0 0 -4 -7 2 0 0 -1 2 -1 0 0 1 0 0 0 -7 0 0 2 0 0 1 -2 -1 0 -1 0 -2 0 -3 -2 -1 0 2 -1 -4 2 2 2 0 -4 0 0 1 0 4 -1 -2 -1 0 0 0 4 0 0 4 0 0 1 0 -1 1 1 0 0 1 -1 0 1 0 0 0 1 0 -2 -3 4 0 0 -2 0 1 1 0 -2 39 0 2 0 -2 0 0 2 2 0 2 0 -2 0 2 -2 0 0 4 -6 0 0 0 -4 -1 0 -1 -2 0 0 0 0 0 0 1 0 0 0 -2 1 0 0 0 0 0 1 -2 -1 1 0 0 0 0 0 0 0 -1 -2 1 0 0 -3 3 1 0 0 1 -2 0 1 2 1 1 0 1 -1 -2 2 -1 1 0 0 5 0 1 -6 0 2 1 1 0 0 -3 0 0 0 -1 0 0 -3 2 -4 -1 -2 0 -4 0 5 3 0 0 -1 2 4 1 0 -1 4 -2 -2 -2 0 0 0 -1 -2 2 -1 0 4 0 -1 0 0 1 0 -1 2 -1 2 4 -1 -2 1 -2 0 1 2 1 1 8 0 0 1 2 0 -2 0 -1 4 2 0 0 0 4 0 0 -3 0 1 -4 -1 1 -4 0 0 2 -1 0 -3 0 5 0 -2 0 -1 0 0 0 -1 2 0 0 0 4 0 0 -1 -3 2 -2 0 0 2 2 0 0 3 0 2 0 4 0 -1 6 0 1 2 -1 0 2 -4 -6 0 4 0 0 0 0 -1 0 1 0 -2
0 -1 1 -2 2 0 -3 0 -3 -2 0 -5 -1 1 0 -2 -2 0 0 0 0 0 0 0 0 -1 0 0 2 4 0 0 0 -1 -2 0 3 3 -4 0 2 0 0 -7 0 -2 0 4 -4 -1 2 0 2 -2 0 -2 1 0 0 5 0 0 0 0 0 0 -4 -2 0 0 0 -2 0 -2 -4 0 0 -4 -2 -1 0 2 0 0 0 0 0 -6 -4 0 0 -2 -1 4 2 0 0 4 0 2 2 -1 1 -2 -1 -6 0 -2 0 0 1 0 0 -3 3 -2 4 0 4 -2 3 0 -1 0 0 2 0 0 -3 0 -2 -2 -2 0 0 -3 -6 4 0 -2 -1 2 2 1 0 -1 0 0 0 -2 0 -2 0 0 0 0 8 0 0 0 -4 0 0 4 0 1 8 4 0 -4 2 -2 0 -4 0 -4 0 1 0 2 -2 0 2 0 0 0 3 0 -3 4 0 0 0 3 4 0 1 0 4 -5 0 0 2 -4 0 0 -2 0 0 0 -1 6 0 1 0 0 0 2 1 -2 0 8 0 -1 -2 1 0 52 -6 -2 0 0 -1 -1 0 0 0 -1 0 0 0 0 10 -2 -4 0 2 1 0 2 -4 0 0 7 0 0 0 0 2 2 0 8 -7 0 1 0 0 2 1 0 -3 0 0 0 0 0 0 0 0 0 -4 -4 0 -4 -2 0 6 -1 0 -2 1 -2 0 0 1 -4 0 0 -4 -1 -2 2 0 -2 -8 0 0 0 4 0 -4 -4 -8 0 0 2 0 1 0 -2 0 2 0 -2 4 0 2 2 -2 -5 0 3 4 -1 0 0 4 1 0 -1 4 4 0 -4 2 -2 2 2 0 1 -4 -1 0 0 -2 0 0 0 -1 1 0 -1 2 0 0 0 0 -2 0 0 -4 -1 6 -2 0 2 0 2 0 2 0 0 0 0 0 0 3 -4 2 1 0 0 -4 4 -1 -1 0 0 0 0 2 0 0 0 0 0 0 0 0 0 -4 0 0 0 0 0 0 0 -2 0 -2 1 0 -1 1 0 0 0 0 0 -3 5 0 0 0 -4 2 -2 1 -2 0 2 6 2 2 2 -3 0 0 0 0 0 -1 -3 -4 0 0 0 2 0
-2 1 0 0 0 0 3 0 -5 0 0 0 0 0 2 0 0 0 0 -1 0 0 0 1 0 -4 0 0 0 0 -2 0 0 -2 0 -2 2 0 -1 0 0 3 0 6 -1 2 4 -2 0 -1 0 0 0 1 0 -1 -2 -2 0 0 0 0 0 -4 0 3 2 4 -5 0 0 -2 0 0 0 -3 0 0 0 -2 -4 0 0 -2 0 0 0 -2 0 -2 2 0 1 0 0 4 0 0 1 0 0 0 0 0 1 -2 2 0 0 0 0 4 0 1 2 0 -1 0 0 1 -2 1 0 -1 0 0 0 -2 1 0 -1 0 0 0 0 0 4 -4 -1 2 0 -2 2 -2 0 0 0 0 0 0 0 0 0 0 0 0 1 0 0 0 0 0 0 0 -2 0 3 -2 1 -4 0 0 0 0 0 0 1 0 -2 0 4 0 0 0 0 0 2 1 0 -1 0 0 0 0 0 0 2 0 0 -1 0 0 0 1 -2 0 0 -2 0 -2 0 0 0 0 0 0 0 0 0 0 0 -2 -1 0 -2 0 2 -6 28 0 0 0 4 4 1 0 -2 1 0 0 0 0 0 -2 -2 -1 -1 0 3 0 1 0 0 0 0 0 0 0 0 -1 0 -2 0 0 2 1 0 0 1 0 1 0 0 2 0 1 -1 -2 1 0 0 0 -1 0 0 0 0 1 1 1 0 0 0 -2 1 0 2 0 0 2 0 0 0 0 0 0 0 0 0 0 -2 1 4 0 0 1 0 0 0 1 0 0 0 1 -1 -1 0 0 0 2 0 -2 0 2 0 0 0 0 0 0 0 0 0 0 0 0 0 0 0 -1 -1 0 0 4 0 2 0 0 0 0 2 2 0 0 0 -1 0 0 0 0 3 0 -4 0 0 0 0 -4 2 0 0 0 0 0 2 0 0 2 0 -2 0 2 0 0 0 0 -1 0 0 0 1 0 0 1 0 0 0 0 0 0 1 0 0 1 0 0 0 0 -2 -4 0 -2 0 -1 0 1 0 0 -1 0 5 0 4 -1 0 1 -2 2 -1 4 0 0 0 0 0 -2 2 0 -1 1 2 0 -4 -2 0 0 -4 0 0 0
0 2 1 0 -1 0 -2 0 0 0 0 0 0 -2 0 0 -1 0 -6 0 0 0 0 0 0 4 0 0 0 0 0 -2 0 0 1 2 0 0 0 1 0 0 0 4 0 0 0 4 2 1 4 0 -2 0 0 0 0 -1 0 0 0 0 0 4 0 0 0 -2 0 0 -4 0 0 0 0 0 0 0 -2 0 0 2 0 -4 4 0 0 2 -2 0 0 0 0 2 0 0 -4 -4 0 0 0 -2 0 0 0 0 0 -2 6 -4 0 0 -1 0 0 0 0 0 0 -2 0 0 0 0 0 0 0 -4 0 0 0 4 0 0 2 0 0 0 -2 -4 0 0 0 0 0 0 0 0 2 4 0 0 0 0 4 0 0 -2 -6 0 0 0 0 0 0 0 0 0 0 2 0 0 0 0 0 0 -4 4 0 0 0 0 0 0 4 0 -1 0 0 0 0 0 -2 0 -2 -4 0 0 0 2 0 0 0 -4 0 0 0 2 0 0 0 -2 0 0 0 1 0 1 0 2 0 0 0 0 0 -3 0 -2 0 35 0 0 0 -4 -4 0 0 -4 0 -4 0 0 -1 0 4 0 4 0 0 -4 2 0 -2 0 0 2 -4 0 0 0 -5 -2 0 2 0 0 0 0 0 8 4 0 0 -1 1 0 -4 0 2 0 2 0 1 0 0 0 -2 0 2 4 0 0 0 0 0 0 -4 0 -2 -1 0 -1 0 0 2 0 2 0 0 0 -2 0 0 -2 0 0 0 0 -1 0 0 0 0 0 0 0 0 0 0 0 0 0 -2 0 0 -1 2 0 0 0 0 0 -4 2 0 0 2 0 0 0 0 0 0 2 0 0 0 -1 2 0 2 0 0 -1 0 2 0 0 0 0 6 0 0 4 0 1 0 2 0 1 0 0 0 0 0 0 -2 -1 0 0 1 0 0 0 0 0 0 -6 0 0 0 0 -2 0 0 -2 0 0 0 0 0 0 4 -8 -2 0 0 0 0 0 0 -2 0 0 -4 -1 0 2 0 0 0 0 0 0 0 1 0 0 -2 2 0 -4 0 0 4 0 0 0 -4 0 -2 -2 0 0 0 0 0 0 0 0
0 2 -2 1 -3 1 0 0 4 0 0 0 -6 -1 -3 -2 2 0 0 -2 0 0 0 0 0 -2 0 0 2 0 1 0 0 0 0 4 0 0 2 0 0 0 -2 0 -1 0 0 0 5 2 0 0 0 0 0 -1 0 -2 0 -2 2 -1 0 0 2 0 0 4 2 2 0 0 0 0 0 0 -2 1 0 0 0 0 4 2 0 7 0 -1 0 0 -2 0 1 -1 0 0 -2 0 2 2 -2 4 5 0 0 -5 -4 3 0 -2 4 0 2 0 2 0 8 0 0 0 1 -4 0 -3 0 -2 -1 -2 0 0 0 0 0 -4 0 0 2 0 0 -2 3 0 -4 0 -1 0 0 0 -2 0 -2 -2 0 0 -2 2 0 1 0 0 -2 0 -1 0 0 -3 0 -1 -2 0 -2 -6 -3 -2 -4 0 0 -2 0 -2 0 3 2 0 0 0 1 2 0 2 0 0 0 2 0 -4 0 -5 -7 0 2 0 -4 0 -6 -1 4 4 -4 0 0 0 0 0 0 0 -2 0 0 0 2 1 0 2 -1 0 -2 0 0 0 42 0 0 0 -2 0 0 1 0 0 2 -2 0 0 2 4 0 0 -2 0 4 0 0 2 -2 0 -1 0 4 4 -2 1 0 0 3 0 0 -6 -2 0 -2 0 0 2 0 1 0 0 0 0 -2 -2 1 0 0 0 -2 -1 0 0 2 0 0 2 0 4 0 -4 -2 0 0 -2 0 0 0 -2 2 -2 -4 2 4 -1 0 0 0 0 -4 0 0 -1 4 0 0 0 0 0 0 0 0 0 0 0 0 0 0 4 0 2 0 -4 4 -4 0 2 1 -2 0 -2 0 -2 0 4 0 -6 -2 2 1 0 0 -2 0 1 0 0 0 0 0 0 -2 0 1 0 0 -2 -2 5 0 0 0 0 0 -3 2 1 0 2 0 -2 0 0 2 6 -1 0 0 -4 0 0 -4 -1 0 0 0 2 2 0 -2 -2 -2 -2 -4 0 0 -1 4 0 0 0 4 1 0 0 0 0 0 6 -1 -2 -2 0 2 -1 -4 -2 1 0 -4 -2 2 2 0 0 0 1 2 0 0 0 6 0 0 0 2 2 0 2 0 0 -2 2
0 0 -2 -1 0 -4 2 1 0 0 -3 -3 1 1 6 0 -2 0 0 0 0 -2 2 -2 -1 2 0 3 0 0 0 -2 4 2 2 0 0 -2 -1 0 3 -1 0 0 -2 0 4 0 0 -2 0 0 0 0 0 0 0 0 0 -4 0 0 0 4 0 -2 3 0 3 0 1 -1 0 -1 0 0 0 0 0 -2 -4 0 2 1 -1 0 0 1 0 0 -2 0 -2 -2 0 0 0 0 0 0 0 -3 1 -1 0 1 0 0 -2 0 0 1 0 0 0 0 1 -6 -1 0 0 0 2 -2 0 0 0 -2 0 0 0 1 -2 2 2 0 -4 1 5 0 1 0 -2 0 0 0 0 0 -4 0 0 0 4 0 -4 0 -1 0 -2 -2 0 0 0 -1 -2 -4 -4 0 -1 2 5 0 1 0 1 0 0 0 0 0 0 2 -2 0 0 1 0 0 0 -5 2 0 0 -2 0 0 -2 -4 0 0 0 -1 2 0 0 -2 -1 0 0 -2 0 2 3 1 1 -3 4 0 -2 -2 9 0 0 4 0 -2 0 0 0 0 0 43 1 1 1 0 -1 -2 2 -2 0 0 7 0 -2 0 1 0 0 0 2 0 -2 4 0 2 4 0 -1 1 0 2 4 0 2 1 -1 0 0 -2 0 0 1 0 0 0 -1 0 1 0 0 0 0 -3 -1 -4 0 2 1 0 1 -1 -2 0 0 0 0 0 0 -2 -1 0 -4 6 0 0 -2 6 0 0 0 -4 4 0 -2 -3 0 0 0 -1 0 0 0 0 3 -4 0 8 0 2 -4 0 0 -1 1 0 -3 1 -3 2 2 0 1 0 0 1 0 0 2 4 -2 -1 0 0 0 -2 0 -2 -2 2 -2 0 2 0 2 2 0 -1 0 2 -2 0 -2 -1 0 0 0 -1 0 -8 2 0 2 0 0 -6 2 2 2 0 0 1 1 0 2 1 -1 -1 -2 2 4 0 2 0 0 0 0 0 1 0 -2 4 0 1 0 -3 0 -5 0 0 -1 0 0 0 0 0 0 0 -3 4 0 -4 0 0 0 2 2 5 -4 -1 0 3 -2 0 0 0 -1 -2 -2 4 0 -4 2 3 0 0 0 0 2 -4
2 0 4 0 0 -2 0 0 2 0 0 0 0 2 0 -2 -1 -8 0 2 -2 2 0 4 0 -3 -2 -1 0 0 0 0 0 -2 0 -2 0 2 0 -1 1 -1 0 1 2 2 0 0 0 -4 0 3 0 0 0 0 4 -10 -2 0 0 0 0 0 0 0 0 2 2 0 0 -2 0 0 0 0 0 2 0 1 0 6 0 0 0 -2 0 0 2 4 2 0 0 0 0 -2 -6 0 0 0 0 0 0 0 -2 0 0 0 0 0 2 0 0 -1 0 4 0 0 0 2 1 6 0 2 0 0 -2 0 1 -1 0 2 0 0 0 -1 0 0 -1 -1 1 0 0 -1 0 0 0 0 -1 0 0 0 0 3 0 -1 0 0 4 0 0 2 0 0 5 0 0 0 0 0 0 0 0 -1 0 0 0 0 0 0 -2 -1 -1 -2 0 4 1 -1 0 2 -1 0 -1 0 0 0 0 0 0 -2 0 4 0 0 -4 0 -2 0 3 0 -4 0 -1 -4 3 0 0 2 4 0 1 4 -1 0 0 0 0 -1 4 0 0 1 42 1 0 0 -1 0 -1 -1 1 0 0 2 -2 -2 -2 -5 3 -1 0 0 -2 2 0 0 0 0 0 0 0 0 -4 0 0 5 0 0 0 0 0 -1 -2 2 0 0 0 -2 0 1 1 0 0 0 3 8 -9 0 -2 0 2 0 0 0 -2 -1 -4 0 0 0 2 0 0 0 0 -4 0 0 0 0 0 0 0 0 0 0 0 -2 0 1 1 0 -1 0 0 0 -4 2 0 0 -1 -1 -2 -2 0 0 2 0 2 0 0 0 -4 4 -4 0 0 0 -2 0 0 0 0 0 0 1 -1 -2 0 -1 2 0 -1 1 4 0 0 -2 0 0 0 1 0 -5 0 0 0 0 0 -1 0 1 1 -1 -2 0 2 2 0 0 4 0 0 0 0 0 2 0 0 -1 1 0 0 -2 4 0 0 0 0 0 0 1 0 1 0 0 1 1 -1 0 -4 2 0 0 0 4 0 0 0 1 0 4 4 2 1 0 -7 0 0 -1 -1 0 -2 -4 0 2 0 -1 0 0 0 0 -1 -3 -1 2 4 0 0 0
0 0 0 0 0 0 0 0 0 0 0 2 1 0 2 2 0 0 2 -4 -1 0 4 0 0 -11 0 0 2 0 0 0 0 0 0 0 -1 1 4 0 1 0 0 0 1 0 4 0 -2 0 -1 -3 0 0 0 0 -1 0 -2 0 0 0 -4 0 2 0 0 0 -3 2 0 0 0 0 0 1 0 -1 1 -4 -2 0 -2 -4 -6 4 0 0 2 0 0 0 0 0 -3 0 0 0 1 0 0 -1 0 2 -1 -2 0 1 0 0 0 6 0 0 2 0 0 2 0 0 -1 -4 0 0 -2 0 -4 -2 0 2 -6 -4 -2 0 0 -2 -1 0 0 2 0 0 2 0 0 2 0 -1 1 0 4 1 1 0 5 0 0 0 0 -2 -2 0 0 0 -1 -2 0 0 2 0 0 -2 0 0 2 2 -1 0 0 2 3 0 -1 0 -6 0 -1 -1 2 0 0 0 0 0 0 0 -3 0 0 0 2 0 0 0 0 -1 0 3 0 0 0 6 -1 -1 -1 0 0 1 0 0 0 0 0 0 -1 1 2 -1 4 -4 0 1 1 43 2 0 0 1 0 -2 2 0 0 0 0 1 0 0 -2 0 -2 0 -2 2 0 0 4 2 0 0 -1 -2 -1 -1 2 1 0 0 0 2 2 1 0 0 0 0 0 0 0 2 1 0 0 0 3 4 1 -1 6 4 0 0 0 -1 1 2 4 -1 3 4 -1 -1 1 2 0 0 0 -1 -4 0 -1 -1 4 0 3 0 0 0 0 -2 1 -2 2 0 1 -1 -2 3 0 0 0 4 0 0 -2 -4 -4 -1 0 -8 -1 0 0 -2 -4 2 0 0 0 0 0 0 0 0 0 -1 0 0 0 0 -2 1 2 0 1 0 1 -1 0 0 0 0 -1 -3 0 0 0 -2 -1 3 0 -2 0 1 -2 0 0 0 -2 1 0 -2 0 0 0 1 0 0 0 0 -1 0 6 -1 0 7 0 0 0 -4 -2 -4 1 4 -1 -2 0 0 -3 0 -1 -1 0 0 0 0 2 0 0 0 0 1 0 1 -1 0 0 -2 0 -2 0 0 -3 0 2 0 0 1 -2 0 -1 2 0 -1 0 -2 -4 0 -4 0
2 -2 0 0 0 0 0 -2 2 0 0 -4 0 0 2 0 0 0 -1 2 1 2 -2 0 0 5 -1 0 -2 -1 0 0 0 0 -1 0 4 -2 2 0 0 -2 0 1 0 -1 1 -1 0 0 0 0 0 0 0 1 -1 -1 -4 0 0 0 4 0 0 0 2 0 0 0 0 0 0 0 0 0 2 0 0 -2 0 -2 0 0 -4 -3 1 -6 1 0 0 0 1 -4 4 0 2 0 1 0 1 0 -3 0 -2 3 0 0 -2 0 -2 0 0 -2 1 0 0 -3 -1 0 -8 -2 -2 0 -2 0 2 1 1 0 1 -5 -4 0 2 0 0 0 -1 5 -2 0 0 0 0 -2 -2 -4 1 -4 -2 0 0 0 0 0 -1 -3 0 0 0 0 0 -1 1 0 0 -4 -4 0 0 -2 0 0 4 -1 0 0 0 0 0 1 0 0 3 0 0 0 2 -1 0 0 0 0 0 -4 0 0 -4 1 0 0 0 2 0 0 -4 0 3 0 0 0 0 -2 0 0 0 2 0 0 0 -3 -1 0 -1 -2 2 0 1 -4 -2 1 0 2 32 0 -2 -2 0 0 2 0 0 0 0 -1 0 0 0 0 1 4 -2 -1 0 0 3 1 -5 -2 -1 -1 2 0 0 2 0 2 0 0 2 0 0 0 0 0 0 0 0 0 1 2 0 -2 0 0 -2 0 -3 0 0 -1 0 1 0 -2 6 0 1 1 1 0 3 -4 0 -2 1 0 3 -1 0 0 2 1 0 0 0 1 -3 0 -1 0 -2 1 0 -3 0 1 0 0 0 -2 0 0 0 -2 0 2 0 1 1 0 0 -6 -2 -3 0 0 0 2 4 0 2 0 -4 0 0 2 -1 0 -2 -2 0 0 0 0 0 0 -1 0 0 0 3 0 0 -2 0 -1 -1 2 1 0 0 0 2 0 -2 4 0 1 2 0 0 0 0 -2 1 -1 2 0 0 0 2 0 0 0 0 -1 1 -4 0 0 0 3 0 0 0 -2 2 0 0 1 0 1 4 0 -1 0 0 2 2 -4 0 0 0 -1 2 0 0 0 -1 0 0 1 0 -2 0 -1 0 0 0 0 -1 -2 0 0 0 2 0 0
4 0 -2 0 2 0 -2 4 -4 -2 0 0 0 0 0 -2 0 0 2 -1 4 2 2 3 -7 0 1 2 -2 0 -1 0 0 0 0 -2 0 0 0 0 -1 2 0 0 0 -1 -4 -4 0 0 1 -2 0 0 2 4 -5 0 1 -2 0 0 -2 0 0 1 -2 0 2 -1 0 4 -2 0 -1 -2 2 2 -2 0 0 -2 0 7 0 -2 -4 4 0 2 0 0 -3 0 -4 0 0 0 -2 0 2 0 0 1 2 4 0 1 -3 0 -2 0 1 2 4 0 0 0 5 2 4 0 1 -2 0 0 4 0 2 0 0 0 -1 0 0 0 0 -1 -4 2 0 2 0 0 0 0 0 6 0 8 0 -6 1 0 0 0 -2 4 2 0 0 0 2 0 0 -2 -2 -1 -4 -2 2 0 1 0 1 0 0 0 0 0 0 -1 0 0 0 2 0 0 -1 0 4 2 2 0 2 0 0 0 0 0 -1 0 0 0 0 -2 0 0 2 2 0 0 -2 0 -2 2 0 0 0 1 0 0 0 0 -1 0 0 0 0 0 0 0 0 0 0 40 -4 0 0 0 0 0 0 2 0 0 0 0 0 0 0 0 0 1 0 6 2 0 -2 -1 0 0 -2 0 0 -2 -4 -1 0 2 0 -3 0 0 -2 -3 0 0 -4 -2 0 0 0 0 0 -1 -3 2 -3 0 2 0 -2 0 1 0 0 4 -2 0 0 0 2 2 0 0 0 -1 -2 -2 -2 3 0 2 -1 -5 -2 0 2 2 2 0 -2 0 2 0 2 0 0 0 0 0 0 0 0 -1 2 4 0 0 0 0 2 2 0 -1 0 0 1 2 0 -2 0 2 2 0 0 2 0 0 0 0 -3 -4 4 -4 0 -1 0 1 0 0 2 0 0 0 -2 0 4 0 2 2 0 0 2 0 1 -2 0 -2 -4 -2 1 0 0 0 4 -4 0 0 -1 0 -4 0 0 -3 0 0 -2 0 0 0 0 -2 0 0 0 0 0 0 -5 -4 4 -2 0 0 -4 0 0 2 0 0 0 4 -4 2 2 0 0 0 0 2 -2 3 0 0 -2 -2 0 -4 0 4 0 -5 -3 0 0 -4 0 0
0 0 2 0 0 0 0 1 0 -2 0 3 0 -2 0 0 -1 0 0 -3 -4 -2 0 0 -2 2 0 0 -2 -1 0 0 0 0 1 2 -3 -4 -2 0 0 -2 0 -5 -1 0 4 0 0 1 0 6 -1 0 0 -1 -2 0 0 0 0 0 -2 0 -4 0 -3 0 0 2 -2 -3 0 1 0 0 0 0 2 0 0 0 -1 1 0 6 0 1 2 -2 0 0 -2 0 0 2 4 0 0 0 0 -1 -1 1 0 0 0 2 0 1 0 0 4 2 0 0 -1 0 -1 0 0 1 0 2 0 0 1 0 -4 2 0 -6 0 0 0 0 2 -2 1 1 0 0 -2 -4 1 0 0 -4 1 -1 0 0 0 0 0 2 0 0 -4 0 0 0 -1 0 0 1 0 6 0 0 -2 5 0 0 0 0 1 0 6 -1 0 0 0 0 0 0 4 -2 -5 4 -4 0 1 0 2 2 2 0 -2 0 0 0 -2 0 3 0 1 0 -1 -2 0 0 0 1 0 0 0 0 0 0 -3 -2 2 -1 0 3 2 0 -2 0 0 -1 -1 0 -2 -4 35 2 0 -1 0 0 0 0 1 0 0 1 1 0 -2 0 0 0 0 0 -2 -2 0 1 0 4 2 0 -2 0 1 0 -2 1 -1 0 1 2 -4 -2 0 0 -4 2 -3 1 0 0 0 0 0 0 7 -2 1 0 2 2 0 -1 -1 0 6 0 1 0 0 4 1 0 -2 0 0 0 2 2 2 0 -2 3 -1 0 -3 0 -2 0 1 -4 0 0 1 -3 0 2 0 0 0 0 1 0 6 2 -2 0 1 0 0 0 -2 0 -2 0 0 0 1 1 0 0 0 1 0 -2 -1 -2 0 0 0 0 2 5 0 1 0 0 0 1 0 0 1 -1 2 -1 0 -2 4 -3 1 0 4 -1 -6 -4 2 -2 0 0 0 -1 0 -2 0 -3 -8 0 1 0 0 -1 0 0 4 0 0 -2 0 -4 2 0 0 0 -2 -1 1 0 0 0 0 0 1 1 0 0 0 0 4 0 1 3 1 2 0 0 4 1 6 0 -2 -5 3 -2 0 0 0 1 0 0 2 0 -1 -2 0 0 -2 0
0 1 0 0 1 1 0 0 -1 0 0 5 0 -2 2 -2 0 0 4 1 0 0 4 2 2 4 0 -4 0 0 -3 1 0 -2 -2 0 -1 2 2 0 -2 0 0 0 0 0 0 -4 0 0 2 0 -4 0 0 0 0 -2 2 0 0 0 0 0 0 1 0 0 0 1 0 0 0 0 0 0 0 0 0 0 0 -2 -4 0 0 0 2 2 0 0 0 0 0 6 -2 0 0 0 0 0 0 0 1 0 -3 -1 0 2 0 0 0 -2 0 0 0 -6 0 -4 0 2 -2 0 0 4 0 0 0 0 0 2 3 2 0 0 0 0 0 0 0 0 0 -2 -2 0 0 7 0 0 0 2 0 0 2 0 -2 0 4 3 0 4 0 -2 2 0 0 0 0 0 4 -2 -2 0 0 4 0 0 0 1 0 0 0 1 2 -1 0 0 -1 1 0 0 0 0 -2 0 -2 0 0 -4 -2 0 0 0 0 4 0 1 0 0 0 0 0 -2 0 0 4 0 0 0 0 0 0 0 0 0 -1 1 0 -1 1 -4 1 -2 0 1 -2 0 2 30 0 0 0 0 -2 0 0 0 -3 -2 0 0 0 0 2 -1 0 -2 0 0 0 0 4 0 -1 -4 0 1 4 0 0 0 -4 0 0 0 0 0 0 0 -3 0 0 0 2 0 0 0 0 -4 0 2 0 0 0 0 0 0 4 0 0 0 0 0 -1 2 2 0 0 5 -2 -2 0 6 1 0 0 0 0 -4 0 0 0 -2 -2 0 -1 0 4 0 0 -4 0 2 0 2 0 0 1 3 4 0 2 0 0 2 -3 2 -2 2 -2 0 0 0 0 -1 1 4 2 0 2 -4 0 2 0 0 0 0 0 2 2 0 2 4 0 0 0 3 -1 0 0 4 0 5 0 0 0 0 0 0 0 -4 0 -1 0 -6 0 1 4 4 0 1 -2 0 0 -2 0 0 0 0 0 0 0 0 0 -2 0 0 0 0 0 0 0 0 2 0 -6 0 0 0 -1 0 0 0 0 0 -1 4 -2 0 -3 0 0 0 0 -2 6 0 0 0 6 2 0 -1 0 2 0 0 2 0 0 0
-2 0 3 0 0 2 0 0 0 -2 0 -2 2 -3 2 4 2 1 0 0 0 0 0 0 0 2 0 1 -2 1 0 2 0 0 0 0 2 -3 0 -1 1 1 0 0 0 0 -1 -2 0 0 -2 2 0 0 0 0 2 0 0 0 0 -2 0 5 0 1 1 0 6 -1 0 0 2 0 -2 0 1 0 0 2 -1 -2 2 0 0 0 0 3 0 0 0 -1 0 0 0 0 0 -4 0 4 0 0 0 0 4 0 0 2 0 -2 1 0 0 0 -4 0 0 -1 0 0 0 0 -2 0 1 0 0 0 1 0 0 -2 0 0 2 0 0 0 0 1 -1 0 6 -4 0 -4 0 0 0 0 0 0 0 0 0 2 2 4 -1 0 -5 1 2 0 0 0 0 0 0 1 0 0 0 3 0 2 0 3 0 0 0 0 0 0 -5 0 -1 0 0 0 1 0 0 0 -4 -1 0 2 3 -2 1 0 2 0 0 2 1 -2 1 -2 0 4 2 0 0 0 0 -2 0 -1 5 0 1 0 -2 2 -2 0 0 0 0 2 -1 0 0 0 0 0 36 0 -1 0 0 0 2 0 0 0 1 3 4 -2 0 2 -1 0 0 0 4 5 0 0 0 -5 0 2 -1 0 2 0 0 1 1 0 -2 0 0 0 0 2 0 2 2 0 -1 0 0 0 0 -1 0 0 1 0 0 3 0 0 -2 2 0 0 1 6 -2 -2 0 0 1 0 0 0 0 6 -1 0 0 1 0 -1 -1 0 0 0 2 0 2 1 0 1 0 0 0 -2 4 0 2 0 0 0 1 8 0 0 2 0 4 0 2 0 0 0 0 1 0 -4 0 0 -1 2 0 0 -2 -1 0 0 0 0 0 -2 0 1 4 0 0 0 0 0 4 0 1 0 0 0 2 -2 0 -2 -1 0 0 0 3 0 0 1 -2 0 -2 2 0 0 0 -2 -1 0 -4 0 2 0 0 -3 -1 -2 0 -3 0 0 -2 -2 0 4 0 2 0 0 3 2 0 0 6 0 4 0 0 -3 0 2 0 0 1 0 1 0 -4 0 0 0 0 0 3 0 -1 0 1 3 0 0 7 3
0 0 0 -3 2 0 -1 -1 0 0 0 0 0 0 -2 0 -2 0 0 0 0 -1 0 0 -1 2 1 0 -1 0 0 -1 0 2 0 1 0 0 0 0 -2 0 0 0 0 -2 0 0 -2 0 0 0 0 0 0 0 0 0 0 -1 2 0 0 0 -1 0 0 2 0 0 0 0 1 0 0 0 0 0 -2 0 0 0 0 0 0 0 0 0 2 0 2 -1 0 -4 1 0 6 -1 0 0 0 5 0 0 0 0 0 0 -4 4 2 1 0 0 0 0 2 0 0 0 1 -1 -1 0 1 -1 0 4 0 -1 0 0 0 2 0 0 0 0 0 2 2 0 0 0 0 1 1 0 -1 0 0 0 0 1 2 -1 -1 2 2 0 0 0 2 1 0 0 0 0 -1 0 3 0 0 0 0 0 0 0 2 -2 2 0 2 0 0 0 0 0 0 0 0 0 1 1 4 4 -1 0 0 -4 0 0 0 0 0 2 -1 0 0 1 -2 0 2 -2 -2 0 1 0 0 -2 1 0 0 0 1 0 0 0 0 -4 0 -2 -1 -2 0 0 -1 0 0 16 2 0 0 -2 0 -1 0 0 0 2 0 0 4 -4 1 0 0 0 -1 0 0 0 0 -1 0 -2 0 0 2 0 0 2 0 0 0 1 4 0 2 0 0 0 0 0 0 0 -1 0 0 0 0 0 0 0 -1 -3 1 -1 0 1 -2 0 0 0 -1 -2 -3 0 0 0 1 0 1 2 2 0 0 0 1 0 2 0 3 0 -2 0 0 0 0 0 0 3 0 0 0 -3 0 2 2 0 0 0 2 0 0 0 -1 0 2 0 -2 0 0 1 0 0 0 0 0 0 0 -1 -4 0 0 0 2 0 0 0 0 -2 -2 2 0 0 -1 1 0 -2 -2 3 1 -2 1 1 2 2 -1 0 0 -1 -2 1 2 1 0 0 0 0 -2 0 0 0 0 0 0 0 1 0 0 0 0 4 0 0 0 1 -1 1 2 0 0 0 0 1 0 0 1 0 0 0 0 0 1 0 0 0 1 0 0 0 4 0 0 0 0 0 0 0 1 0 0 2 0 2 2 1 0 0
0 -2 0 0 0 -2 0 0 0 0 0 1 3 1 -4 -2 1 1 0 0 0 2 4 0 -3 0 0 0 6 -7 0 -2 0 0 0 2 0 0 0 -3 0 -1 -1 0 2 0 0 4 -4 0 0 0 0 0 -4 0 0 0 2 4 0 1 0 0 0 2 2 0 -4 1 0 -1 0 0 0 -4 -1 0 0 0 -1 0 2 -1 0 0 2 0 0 0 -2 -4 0 -2 2 1 0 0 0 0 0 0 0 2 0 0 -2 0 -1 0 0 4 0 0 0 0 5 0 -2 6 -1 1 0 0 2 0 1 1 -4 0 0 0 -2 0 2 0 -1 0 -1 -1 0 0 0 -4 1 1 -3 0 -1 0 -4 0 3 0 5 -1 2 -2 0 -2 0 -1 -2 2 0 -1 4 1 -4 -1 -1 -2 2 2 4 0 4 -1 0 -2 2 0 0 -3 1 1 0 0 -1 0 0 -2 0 -2 2 -1 -4 2 -3 -1 2 -1 -2 3 -2 0 0 0 0 0 0 0 2 1 -2 0 -1 3 0 2 4 -2 -1 0 0 4 2 0 0 0 2 0 1 2 2 0 0 0 -1 2 35 0 2 0 0 0 0 -1 1 0 1 0 2 -6 -1 0 0 0 0 0 0 0 0 1 2 2 0 1 4 0 2 3 2 0 1 0 1 0 0 1 4 -1 0 0 2 0 2 0 0 2 2 2 2 8 -4 4 3 0 2 0 0 0 2 0 0 0 1 0 0 -2 0 0 0 1 0 2 -1 -2 2 3 0 0 2 0 -2 -2 4 6 1 0 -1 5 0 2 -4 -1 0 0 0 -2 4 0 6 1 0 0 0 0 1 0 -2 0 0 1 0 -3 0 0 -2 0 -2 5 -1 0 0 2 0 0 0 0 0 0 1 0 0 4 0 0 -1 0 4 0 0 0 -4 -2 0 0 0 2 2 0 -1 0 0 4 0 0 2 0 2 -1 -2 -2 1 2 0 -2 0 -2 -1 1 0 0 -3 0 1 0 2 2 4 0 0 0 4 2 0 0 0 0 -2 -2 1 0 4 0 0 0 0 0 -2 -2 -1 0 6 -1 0 0 -1 -2 0 0 0 -1 -2 -1 0 0 -4 1
0 0 4 0 2 2 -2 0 0 0 0 4 2 0 -2 0 0 4 0 5 0 0 0 -2 0 2 0 -2 -1 0 0 -1 -2 -4 0 0 -4 0 0 0 0 -4 1 0 0 0 0 0 0 0 0 0 0 2 4 0 0 0 0 1 -1 4 0 0 0 2 0 -4 2 0 0 0 0 0 0 0 0 1 0 2 1 0 4 -2 2 0 0 0 2 0 0 0 0 0 0 2 0 1 -3 0 0 4 0 5 0 0 0 0 0 0 0 0 0 0 0 0 0 0 0 0 0 0 0 0 4 0 -1 0 0 -4 -4 0 0 2 0 0 0 0 0 4 2 0 2 0 3 0 -4 0 1 0 4 2 0 0 0 2 0 2 1 0 -2 4 -4 -1 -2 0 0 5 0 -2 0 0 -4 0 6 -3 1 0 0 0 0 2 0 0 0 0 1 2 2 0 -2 4 0 0 2 0 -2 -4 4 0 0 0 0 2 0 -1 0 -3 0 0 1 0 0 4 0 2 0 -2 1 0 0 0 0 0 0 0 -2 0 0 0 -2 0 0 0 0 0 0 0 0 0 0 32 0 0 1 -2 0 2 0 0 0 0 1 0 -1 0 -2 0 0 -1 6 0 0 0 4 0 0 0 -3 -4 0 0 0 0 -2 0 2 0 0 -2 0 0 0 4 0 0 0 -2 -2 0 -1 2 0 2 -2 0 -2 0 -5 0 0 4 0 -2 0 -2 0 -2 0 0 0 0 0 0 0 0 0 -2 0 0 -2 0 2 0 0 0 0 2 0 -2 0 0 0 0 0 0 -4 0 0 -6 -2 0 0 0 2 0 0 1 2 0 -2 0 2 0 0 -2 0 0 0 -2 1 0 0 0 0 -2 2 -2 0 0 2 -4 0 1 0 0 0 0 2 0 0 0 0 0 0 0 0 0 0 0 0 1 0 -2 0 2 0 0 0 5 0 -8 2 -1 0 0 1 0 2 1 0 0 0 0 1 0 0 -4 0 0 -6 0 0 0 1 -2 4 -1 -4 0 -1 -2 2 -1 0 0 0 2 0 -2 -2 0 -2 0 0 0 0 0 0 2 0 0 0 0 0 0 0 0 0 -2
0 0 -2 -2 -3 0 2 0 0 0 0 4 0 0 2 0 1 1 0 0 1 -1 0 -2 0 0 0 2 0 2 2 0 -6 2 4 0 -6 0 -4 0 2 -1 -2 0 0 0 0 2 0 0 -1 0 1 0 0 1 0 3 1 0 0 0 1 -2 2 2 0 0 1 1 0 -3 0 -2 2 -1 0 0 -2 1 -4 0 -2 0 0 1 1 -4 0 0 0 3 0 0 3 1 0 0 0 0 -2 0 2 -2 -5 0 0 -2 -2 0 0 1 0 -2 0 0 -1 4 0 0 0 0 3 -2 0 -4 3 0 -2 0 0 0 0 -2 1 0 0 0 0 0 -1 0 2 -2 0 2 0 0 0 0 -2 -2 0 1 0 0 5 2 0 0 -1 -1 0 0 0 0 2 -2 0 -3 1 0 0 -4 0 0 0 0 0 2 0 7 1 0 -4 0 5 6 0 0 -6 0 0 0 2 0 -1 1 0 4 2 -5 2 0 0 0 -2 0 0 0 3 1 0 0 -4 0 0 2 4 0 0 0 0 0 0 -5 0 10 0 -1 0 7 0 0 0 0 0 -2 0 0 2 0 45 -2 -9 0 0 0 0 -2 0 2 3 -4 0 0 2 0 0 0 -3 2 0 2 5 0 0 2 1 0 -3 2 2 0 1 0 0 0 -2 0 2 -2 1 -1 -3 0 5 -2 4 0 -2 0 0 2 1 -4 0 0 2 -3 0 -6 2 -1 2 0 0 1 4 0 -4 -5 0 0 0 0 0 0 0 2 0 0 0 -1 0 -2 0 0 -2 -2 0 3 2 -2 2 1 7 1 0 0 0 0 0 0 0 0 0 0 0 0 -1 -2 0 4 0 0 2 1 -1 -2 -1 0 -4 1 1 0 0 0 4 0 -2 -4 -4 0 -6 2 0 2 0 -3 0 1 2 4 0 2 0 1 6 0 -1 0 0 7 2 0 -3 -2 -1 0 0 0 0 0 2 4 0 -1 0 0 -6 0 6 0 2 0 -2 0 1 -3 0 0 0 0 0 0 0 0 0 1 0 -2 -2 0 0 2 1 4 0 1 0 2 4 -2 0 3 2 1 -4 0 0 0 0 8 -4 0 0 0 0 0
-2 -2 0 0 -4 0 2 0 0 0 0 0 2 -2 -2 0 -4 -2 0 2 6 0 0 0 0 -2 0 0 0 4 2 0 0 0 0 0 -4 5 0 0 0 0 0 0 8 4 -2 0 0 0 -2 0 -2 0 2 0 2 0 -2 0 0 -4 0 -4 0 -4 -4 -2 1 1 0 0 -2 0 1 -2 0 0 0 0 0 0 0 -4 0 0 0 -2 -2 0 1 0 0 0 0 -2 1 0 0 0 -1 0 4 0 0 4 0 0 0 0 -10 0 0 -2 -2 2 0 0 0 0 0 0 -2 8 0 0 0 0 -2 0 4 0 4 0 -2 0 0 0 -2 0 2 0 4 -2 0 -2 -8 0 0 4 -4 0 0 -2 0 -2 -2 0 4 0 2 3 0 -2 2 -4 0 0 0 0 -4 0 0 0 0 0 2 0 -4 4 4 0 0 2 -2 0 -2 -3 0 0 0 -1 0 -2 -2 0 2 0 4 0 2 -2 2 -2 1 0 0 0 0 -1 0 0 0 -6 0 0 -2 0 -4 -2 2 0 0 1 2 0 0 -2 -2 0 0 0 2 0 0 2 0 0 0 -2 0 0 -2 58 0 2 0 0 0 -2 0 0 0 0 0 4 0 2 -4 0 0 0 -6 0 0 0 0 -6 -2 0 0 0 0 -1 -2 0 0 0 2 -2 -4 -2 0 4 2 0 2 -2 0 0 -2 1 0 0 -2 2 -4 2 0 4 4 2 0 2 -2 4 0 0 1 0 0 2 2 0 1 0 0 0 2 -1 2 1 -2 4 0 0 0 0 -1 2 4 -2 0 -2 0 -2 0 0 4 2 -2 -4 -4 -1 0 0 0 2 -4 -2 2 2 0 0 0 0 -2 2 0 0 0 0 -2 2 0 2 0 0 0 2 0 0 4 0 -2 0 0 0 -2 0 0 -4 0 0 0 0 0 0 0 0 0 4 0 0 -2 -4 0 0 -2 0 0 0 0 0 -2 0 0 2 -4 0 0 8 -2 2 0 0 0 0 0 0 0 1 -2 0 0 0 0 0 0 0 2 -2 0 4 0 0 2 4 1 -2 0 0 -2 0 0 0 2 4 -2 -2 -4 -2 2 3 -2 0 -4 -4 0 0
2 0 0 2 0 -8 2 -1 -4 0 0 0 4 -5 0 2 0 2 -4 2 1 0 0 -2 0 0 7 -2 0 0 0 -1 2 1 0 4 2 2 4 0 0 -2 0 -2 -1 -1 0 6 -4 0 -4 0 0 0 0 0 0 0 1 0 -5 0 -2 4 0 2 0 0 2 0 0 2 0 2 0 0 4 0 -1 3 2 -3 0 0 0 3 0 0 0 -2 0 -4 0 -2 -2 -4 2 0 0 0 -2 0 0 2 3 2 0 4 0 -1 -4 0 0 0 0 0 0 0 0 -2 -2 -5 0 0 1 -4 -7 -2 -4 2 2 0 0 0 0 -2 -3 -2 0 0 0 0 0 2 0 0 0 0 0 2 0 -2 0 0 2 -2 0 0 -2 4 -2 -2 0 0 0 0 -4 1 -2 2 4 -4 -4 4 -2 0 -4 -6 0 -3 0 0 0 0 0 0 0 4 0 2 0 0 0 4 0 0 0 -4 0 -2 0 2 0 -1 2 0 2 -1 0 6 0 -5 4 -2 4 -2 1 -2 -2 0 -1 0 0 0 0 0 4 -4 -2 4 2 -2 -2 0 0 0 1 0 2 0 0 1 -9 0 50 2 4 0 0 2 0 2 0 -4 -7 2 -3 2 0 -2 -4 0 -1 -4 0 0 -1 -2 0 -1 4 0 1 0 0 0 0 5 0 -2 0 4 1 0 -7 0 -2 -2 0 0 -1 0 2 2 0 0 2 0 0 2 0 0 0 0 -1 0 2 3 -2 0 0 0 0 0 0 -4 0 0 -2 0 -6 2 0 0 2 0 6 0 0 -6 0 0 0 1 0 0 -1 0 -2 0 0 0 0 0 0 0 2 2 0 4 0 2 0 2 0 -2 0 4 0 -2 0 0 0 0 0 0 2 1 0 2 0 4 4 4 1 2 0 -2 0 0 2 2 -3 1 -2 2 0 0 -4 1 2 0 4 -2 0 4 -1 -4 0 0 -4 0 -4 -2 4 0 0 0 1 0 -2 0 0 0 0 0 2 0 1 2 1 -1 0 0 3 4 0 0 4 0 0 -2 0 -4 0 1 2 -2 -2 0 0 0 0 2 2 2 -4 -1 -2 0 0 0 -2 0 0 0 0 0 0 0
1 -2 0 3 1 -2 7 0 3 0 0 0 0 0 1 0 2 1 -1 0 0 -1 0 0 2 0 1 1 3 2 -4 1 3 2 0 -1 0 0 1 2 -1 0 0 0 3 1 0 -2 0 -2 -4 0 -1 0 -2 0 0 -1 0 -3 0 -3 0 0 0 -1 -2 0 -1 0 4 -2 0 1 1 -5 2 -1 0 5 0 -4 -2 -2 0 3 0 0 0 0 0 0 0 0 0 0 0 0 -6 -1 -2 -2 1 -5 2 -4 2 0 0 0 4 1 2 1 0 0 2 0 0 0 -1 0 3 2 0 -1 0 2 0 0 4 0 -3 0 0 2 -2 0 0 -2 5 1 1 0 0 -1 0 0 0 1 0 -1 0 0 0 -1 3 -1 0 -1 0 1 -4 1 0 0 0 -1 0 3 0 6 0 0 0 2 2 -2 -5 0 3 -3 0 4 -1 -1 -1 1 1 0 0 -1 0 0 0 0 -3 2 0 2 2 1 2 -2 3 2 4 0 0 1 1 2 1 0 0 0 4 -2 -2 0 -1 -2 0 0 3 0 -6 0 -1 0 4 0 -2 1 -1 0 0 0 0 -1 0 -2 0 2 2 37 -1 0 -2 1 0 -2 2 2 0 4 0 7 4 -1 0 0 0 1 0 0 0 -2 0 0 1 0 0 4 0 0 0 0 0 1 -1 2 2 0 0 1 0 0 3 0 0 0 -1 1 5 1 1 0 -2 0 0 1 0 0 0 -2 0 1 3 0 -2 3 1 3 -1 -2 -2 0 0 -2 0 0 -1 -1 0 0 0 -2 0 -3 1 0 -1 -6 0 0 0 -4 0 0 0 0 0 -6 0 4 0 -2 -5 -1 1 6 2 -1 2 1 0 0 0 0 -2 0 0 -3 3 -3 -2 4 2 1 -1 0 2 0 0 5 1 0 0 0 -1 0 0 -2 -1 -4 0 2 4 -2 1 0 3 5 0 2 1 0 -4 -2 0 0 0 0 1 1 0 -3 4 0 0 1 1 2 0 4 0 0 0 0 -2 -1 -1 2 0 2 0 6 0 0 0 0 -2 1 0 0 1 -2 0 0 -4 1 0 1 1 0 -2 0 0 -1 0 0 -4 0 0 0 -2 0 -4 0
4 1 0 0 -2 0 -2 -1 0 -1 1 -2 4 -1 -2 2 4 3 0 2 -4 0 -2 1 0 1 0 1 0 0 1 1 0 0 0 3 0 2 0 0 2 1 0 -1 4 -1 0 8 1 0 2 10 -3 1 0 0 0 1 -2 1 0 0 1 3 0 0 1 0 1 -6 -2 0 -4 0 1 3 -1 5 0 -4 0 -2 -3 0 1 0 0 6 -2 0 0 -1 0 -2 0 0 4 0 1 0 0 0 5 0 0 -2 0 -4 1 0 -2 1 -5 -2 2 0 4 0 -2 -2 0 -2 0 -5 0 0 0 -2 0 0 0 0 1 0 0 -1 0 0 0 0 -1 0 -4 0 0 1 0 -2 0 0 2 4 0 0 2 4 -2 -4 1 -4 -2 -1 0 0 -4 -1 0 2 -1 2 1 0 1 0 0 0 1 0 0 0 0 2 1 -2 0 0 0 0 0 -5 0 0 0 0 4 0 -2 -2 0 2 2 0 -4 -6 0 0 5 -2 -1 1 0 0 0 0 0 1 -2 1 2 0 0 1 1 0 -2 -4 0 2 -1 4 0 1 -2 0 0 0 0 -3 0 0 0 0 0 0 4 -1 50 2 0 3 3 0 -2 -1 0 2 -5 1 1 0 -4 0 -6 5 0 -2 -3 -1 0 -2 0 0 0 -2 0 0 -2 3 0 0 -2 -2 4 -3 -2 0 4 0 1 -1 4 -2 0 1 2 -1 0 -1 2 0 3 -1 -1 0 0 5 0 2 7 0 0 0 1 0 0 0 0 0 0 0 0 1 -4 0 4 0 2 0 4 0 1 6 0 3 4 4 0 0 -4 0 0 0 0 0 0 0 4 2 2 -2 2 1 2 0 -3 0 -4 0 0 -2 1 2 1 -2 0 1 -2 0 1 1 -2 0 5 0 0 1 -1 -2 -2 8 0 1 1 0 -2 -3 0 -1 -2 0 -5 1 0 -4 0 0 -1 2 -2 0 -2 2 0 0 2 0 0 1 -2 0 4 -2 0 -3 2 1 -2 0 -1 0 0 0 2 0 -4 0 4 0 -5 1 0 2 0 0 -2 0 0 0 0 -3 0 2 0 0 0 4 -2 0 -6 0 -3 0 0 0 0 0 0 0 -1 0
0 2 0 0 0 -1 0 0 0 0 0 0 0 0 0 0 0 -2 0 0 0 0 0 2 0 0 0 0 0 -1 0 0 0 -1 0 2 2 -1 0 0 0 0 0 -1 0 0 0 0 0 0 -1 0 2 0 0 0 0 2 0 0 -2 0 0 0 0 0 0 -2 -3 0 0 0 0 0 0 0 0 -2 0 -1 0 0 0 3 0 0 -1 0 -2 0 -2 0 0 0 0 0 0 0 0 -1 0 0 0 0 2 1 0 0 0 0 0 0 0 1 -2 0 0 0 0 -2 0 0 0 0 0 0 0 0 -1 -4 -2 -2 0 0 0 0 0 0 0 4 2 0 1 2 -1 -3 2 0 0 0 0 0 0 0 0 0 -2 0 0 0 0 0 -4 0 -4 0 0 0 0 0 2 0 -2 -2 -2 0 0 0 0 0 0 1 -2 0 0 0 0 0 2 0 0 4 1 0 0 0 0 0 0 0 0 -4 0 0 0 0 0 0 0 0 1 1 0 5 0 0 0 2 0 0 1 0 0 0 0 0 0 1 0 0 0 0 -5 0 0 0 1 -2 0 0 -1 2 0 0 0 0 2 14 1 0 0 0 0 0 -1 0 0 0 0 0 0 0 0 0 0 -4 0 0 1 -4 0 0 0 0 0 2 0 0 0 0 0 1 0 2 0 0 0 0 0 0 -2 1 0 0 0 -2 -1 0 -4 0 0 0 0 0 0 5 0 0 0 1 0 0 0 -1 0 0 -1 5 0 0 0 0 0 0 0 0 0 0 0 0 0 1 0 -1 0 0 -4 0 0 0 -2 0 0 0 0 0 0 0 2 0 -4 0 0 0 0 0 -1 0 -1 2 0 0 0 0 0 -2 0 -2 0 0 0 0 0 0 0 0 -2 0 0 0 0 -4 0 -2 0 0 0 0 0 2 -2 0 0 0 0 0 0 0 0 0 -2 -2 -1 0 0 -2 0 1 0 0 0 0 0 0 0 0 0 -4 0 0 0 0 -1 0 0 0 0 1 0 0 0 0 1 1 0 0 0 0 0 1 0 0 -2 0 0 0 0 0 1 0 0 0 0 0 0 0 0 0 0 1
-2 0 0 0 0 -2 0 0 1 0 0 2 0 0 0 -2 0 0 1 2 0 0 4 0 0 2 0 0 0 -1 0 0 0 0 0 2 0 0 2 0 0 5 0 -1 -1 0 0 0 -2 0 0 0 0 2 -2 0 -2 2 1 -1 -1 -4 3 -1 0 0 0 0 0 0 0 1 -1 0 0 0 -1 4 0 0 4 1 0 2 1 -4 0 0 -4 0 -2 0 -5 -2 0 -1 0 0 -1 0 -2 0 0 0 -1 4 0 0 0 0 0 -3 0 0 0 0 0 -1 0 0 0 0 0 -1 3 0 1 0 0 0 0 -4 -2 -1 -2 0 0 0 1 -1 -3 0 -2 2 0 -2 1 0 0 0 2 0 0 0 0 0 0 -4 0 0 0 0 0 0 0 0 -1 0 -7 0 0 0 1 0 0 0 0 0 0 -2 -2 -4 1 0 -1 0 -1 -1 -1 0 0 0 0 0 0 -2 0 -1 -2 0 0 0 0 0 2 0 0 0 1 0 1 0 0 1 1 0 -1 2 0 0 -5 2 1 0 0 -1 0 0 3 0 -2 0 3 -2 0 0 1 0 1 0 1 0 0 0 0 -2 0 1 23 0 -6 0 0 0 0 0 0 0 -2 0 4 0 0 0 -4 0 0 1 4 0 -1 1 0 2 0 0 2 0 1 0 0 0 -2 0 -3 0 0 0 0 -1 0 0 0 0 0 -2 0 0 0 0 -2 -2 -2 0 0 0 0 0 0 4 0 0 0 0 0 0 -1 0 0 0 2 0 -4 0 0 0 0 0 0 0 0 0 0 0 0 4 0 0 0 -2 -1 0 0 0 0 0 0 0 2 0 -2 0 1 1 4 0 -2 0 -1 4 2 -2 2 0 0 0 -4 -2 0 0 0 0 1 -2 0 0 0 0 0 0 0 0 0 -1 0 1 0 -2 0 0 0 0 0 2 0 0 0 0 0 0 0 0 0 0 0 0 0 0 0 -2 4 -1 0 0 2 0 0 0 2 0 -2 -1 -2 0 1 -1 0 1 0 0 -1 -2 5 4 -2 0 -2 1 0 0 1 0 -2 0 0 -1 0 0 0 0 0 0 1 -3 1 -1 0 -2 0 2
0 -4 -1 0 0 0 0 0 -2 1 -1 0 0 1 1 -2 -2 0 0 0 -1 0 2 0 0 6 2 -2 2 2 0 -1 0 0 0 -2 0 1 0 0 0 0 -4 -7 3 -1 0 3 0 0 0 2 0 0 0 -4 0 0 0 0 -2 0 0 7 0 0 0 0 0 0 2 2 -2 0 0 -2 0 2 0 0 -2 0 -1 0 0 1 -4 2 0 4 0 -7 0 0 3 0 6 0 -2 0 2 0 0 -2 -2 -3 0 0 1 -2 0 0 0 2 -2 0 -1 0 -1 0 0 0 0 0 0 0 0 0 0 0 0 0 0 0 -2 1 2 0 0 2 2 -4 1 0 0 0 0 0 0 -2 -1 0 2 -3 0 0 0 10 4 -2 -6 3 2 0 0 0 -2 0 -2 0 6 0 0 0 1 0 0 2 -2 0 1 0 0 0 0 0 0 -1 0 0 -1 0 2 0 2 0 -1 0 0 -2 2 1 0 -2 0 -2 0 -2 -8 0 2 0 6 -4 0 2 4 0 2 -1 0 1 0 0 -2 5 -4 2 0 -4 0 0 -1 0 0 0 0 0 3 2 0 0 -2 -2 2 1 3 0 0 46 -1 1 2 2 2 0 0 2 4 0 -4 0 0 0 -1 0 0 0 -4 -8 4 -1 0 0 1 0 2 0 0 0 6 0 -1 0 -2 0 0 0 2 0 0 -2 -1 0 0 -3 -3 0 0 0 -4 2 2 0 0 -2 -3 -2 1 0 4 -2 0 8 4 4 -1 0 0 2 0 0 0 0 0 0 0 0 1 0 0 -1 0 3 2 -4 -3 0 -4 0 -1 0 0 0 0 1 -6 0 0 0 -4 2 0 -1 0 0 0 2 1 2 0 0 7 1 0 -4 1 2 0 0 -4 -2 0 0 0 0 0 -2 0 -4 2 0 2 -4 5 -3 0 0 -2 0 0 2 0 -1 0 0 -1 0 -2 4 -4 0 0 0 0 0 0 0 -4 -2 0 0 0 4 0 0 4 0 0 -2 0 -3 0 2 -2 2 2 0 -1 0 4 0 0 -2 2 0 0 -4 2 0 0 4 0 0 2 -3 -1 -2 1 2 0 2 -2 0 0 2 -2 0 1 -2
0 0 0 0 0 0 0 0 0 1 0 0 0 1 1 -1 7 0 0 2 0 0 -4 0 0 0 -2 0 -2 -1 0 0 0 0 0 2 0 -1 0 -2 0 0 2 -1 0 1 0 -2 0 0 3 0 0 0 0 1 0 -2 -2 2 2 -4 -2 1 0 0 2 0 0 -1 0 0 2 0 1 0 -3 -2 0 -4 0 0 1 0 6 -1 0 1 0 -2 0 1 0 0 0 0 0 0 2 6 0 0 4 0 0 1 -2 1 0 0 0 -2 1 -4 1 0 5 -5 0 -1 0 -3 0 0 2 0 0 -1 1 0 1 2 0 1 0 0 1 0 2 0 2 1 0 0 -2 2 0 0 0 0 -2 2 1 1 0 0 2 6 0 0 2 2 0 0 0 0 0 -2 0 1 -1 0 0 0 0 0 0 -1 0 0 0 0 -2 0 -4 1 2 0 1 1 0 -1 0 -2 -2 0 0 -2 0 1 0 0 -4 2 -2 0 1 0 0 0 0 -1 0 1 0 0 3 0 0 0 0 -3 0 0 0 -2 -1 -4 1 2 4 2 0 -2 1 0 -2 0 4 0 1 0 0 0 0 0 3 0 -6 -1 30 0 1 -1 -3 1 -2 0 6 0 0 -2 0 -2 4 2 0 -2 0 0 0 0 0 1 0 0 0 0 0 0 0 0 0 1 2 0 0 0 0 3 -1 0 0 0 2 1 -2 0 -1 0 4 0 2 2 0 1 0 0 -4 -2 0 0 0 1 1 0 0 0 0 0 -2 1 0 1 -2 1 0 0 0 0 0 0 0 0 4 -4 0 1 0 2 2 4 0 2 -6 4 2 1 0 0 1 -4 -2 0 0 3 0 0 0 1 1 0 -5 2 0 2 -1 0 0 -1 -1 0 4 4 0 0 0 1 0 0 0 0 1 0 0 -1 1 1 -1 -2 1 0 -3 -3 0 -2 -1 0 0 0 0 0 -1 1 2 0 -1 -1 2 0 -2 0 0 -2 1 0 -3 0 0 -1 6 2 0 0 -4 0 -2 3 0 2 0 -1 0 2 -2 0 -1 0 -1 1 0 1 0 0 -6 0 1 0 2 0 -2 0 0 0 0 3 0 0 -2 3
0 0 0 -2 0 0 0 -2 0 0 0 0 4 2 0 0 -2 0 1 1 1 0 0 0 0 2 0 -3 0 0 0 0 2 0 0 0 0 0 0 0 1 0 0 2 -2 1 -2 1 0 -2 0 0 0 0 0 1 0 0 0 -4 -2 1 -1 0 0 1 0 0 0 0 0 0 0 0 -1 0 0 0 0 1 0 0 0 2 0 0 0 0 -2 0 0 -1 0 0 -1 0 2 0 4 0 0 0 0 0 -6 0 0 0 -2 0 0 0 0 0 0 0 0 0 0 0 -8 0 0 0 0 -2 0 0 0 0 0 2 0 0 2 -1 3 0 0 4 0 2 0 0 0 0 -4 0 0 0 0 2 0 -1 0 0 -2 0 0 0 0 1 0 -4 1 0 0 -4 0 4 0 -2 -1 0 4 0 -2 -2 -2 0 0 0 2 -2 4 2 0 -2 -2 0 -2 0 0 -2 6 0 2 -2 0 0 0 -4 2 4 0 0 -2 0 0 -2 0 0 0 -4 0 0 0 1 1 0 0 2 0 0 0 0 0 0 0 0 0 0 0 0 4 0 0 0 -2 0 0 0 2 0 2 -2 0 0 0 1 0 23 -2 -2 0 0 0 0 -2 1 0 0 0 -2 2 0 0 0 2 0 1 0 -4 -2 1 -1 2 0 0 0 -2 6 -1 1 0 0 -2 0 0 0 0 -3 2 0 0 -2 -1 0 0 0 0 -2 -1 0 -2 0 -1 0 0 0 0 0 2 -6 0 0 0 -2 0 0 -2 0 0 0 0 0 0 0 0 4 0 0 0 0 1 0 -7 0 0 0 0 0 0 -4 0 -3 0 0 0 -2 2 0 0 2 -4 2 1 0 0 2 0 0 0 -2 -1 0 1 0 0 0 0 0 0 1 0 0 0 0 -2 1 0 0 1 0 -3 1 0 -1 -4 0 -4 0 0 1 0 0 0 0 0 0 -2 0 -2 0 0 0 0 0 0 0 0 0 0 -2 0 1 0 0 1 0 0 -2 0 0 -1 0 0 -2 -4 0 2 -3 0 0 0 0 0 1 0 0 0 0 0 0 2 0 -1 0 0 -1 -2 4 0 0 -2 0 0 1 0 0
0 -6 0 0 -1 2 1 5 0 0 -2 0 1 1 0 0 -2 3 0 0 4 0 0 -2 4 0 -2 -5 0 0 4 1 1 0 -4 0 -2 0 3 -1 -2 0 0 -2 0 0 0 2 0 0 0 -4 -2 4 1 0 0 0 1 0 -1 0 0 0 2 2 0 4 0 2 0 0 -1 0 0 1 0 2 2 2 0 0 0 4 -4 0 1 0 0 0 0 -1 0 -2 0 0 -1 0 -2 0 -2 8 0 -1 -2 0 0 -2 -2 0 0 0 0 0 -1 0 0 -2 0 -1 2 0 0 -2 0 4 1 -1 -4 0 4 0 0 -2 2 0 -1 0 0 -2 0 0 4 0 0 0 -2 4 0 0 -2 0 2 0 0 2 1 2 2 2 0 2 -2 0 0 0 2 2 -1 0 0 1 -2 0 0 0 0 3 -2 0 0 0 1 0 -4 1 -2 0 0 1 0 -5 2 4 0 0 0 3 0 2 2 1 4 0 0 -1 1 -3 0 0 4 0 2 1 -3 0 0 2 -4 -1 0 0 0 0 0 6 -1 0 0 -2 0 -2 -2 -2 -2 0 0 2 0 4 2 1 3 0 0 2 -2 0 0 2 1 -2 36 -6 -1 0 0 0 1 -2 0 0 0 0 1 -2 0 0 0 0 1 0 3 0 0 0 1 -4 -3 2 2 -4 0 0 -1 1 2 -1 -6 0 -1 7 -3 0 4 1 0 0 0 0 4 -3 4 0 -1 0 -1 -1 -2 -2 -1 4 -1 2 2 4 0 -1 0 -2 0 1 2 0 -4 1 0 -1 0 0 -4 0 -1 -4 0 0 -1 0 0 0 2 0 0 0 2 4 0 -2 -6 -2 -2 2 0 -2 -2 2 0 0 0 0 1 0 -4 0 1 -4 -1 0 0 2 -2 0 -2 2 -1 0 0 4 -4 2 0 2 0 2 3 0 -1 -1 -1 -2 0 -2 0 0 1 0 1 0 2 -2 1 0 0 1 0 0 1 -1 0 0 0 0 0 0 0 1 0 0 2 -1 1 0 0 0 1 0 0 -2 -1 0 0 0 0 0 -3 1 -4 0 0 -1 -1 1 2 0 1 2 0 0 0 -2 -1 0 1 2 1 2 0 0 -2 0
-2 0 1 0 0 4 0 0 0 -2 0 -4 -5 -2 0 -1 1 0 -2 -1 1 -2 0 1 0 0 -1 2 0 1 0 0 3 -3 1 -2 -4 3 0 2 2 0 -2 0 6 -2 0 4 1 -2 2 0 -1 0 -1 0 0 -2 4 2 0 0 0 -1 3 0 2 0 0 1 0 0 0 -5 -4 0 -6 0 2 0 -7 -2 -2 0 0 0 4 0 0 -1 0 -2 -2 0 0 4 0 0 0 0 0 -4 0 0 0 -10 0 0 0 0 2 0 2 0 3 -2 0 -2 0 0 0 7 -1 -2 0 0 0 3 0 2 0 -3 -1 0 3 -1 -5 -1 0 0 0 0 0 -1 -2 1 0 -3 -1 -2 0 -2 -1 1 0 -2 2 0 -2 0 -2 0 1 0 0 -2 4 1 0 0 0 0 2 0 -6 2 -2 5 1 3 4 2 -2 1 3 -1 0 -1 0 -4 2 3 -2 0 2 4 4 -2 0 0 1 -2 -2 -4 0 2 -2 0 0 0 2 0 -2 0 3 -2 0 2 1 0 0 5 0 4 0 2 -2 7 0 0 2 4 2 2 -1 1 0 -1 2 -4 -6 0 -4 0 -4 2 -1 0 0 2 -1 -2 -6 62 2 3 0 6 -1 -3 -1 0 2 -2 1 2 0 0 -1 0 -4 0 2 4 2 2 0 0 0 0 0 -4 -6 4 4 0 1 -1 1 0 0 -1 -2 -14 2 0 2 0 -1 2 0 0 -5 2 -1 0 0 0 2 0 -1 0 0 -1 0 0 -2 6 0 -4 0 0 -1 0 6 4 2 0 0 2 0 0 0 -6 1 2 -1 0 2 3 0 0 0 1 -2 4 0 3 -4 2 0 0 2 -4 2 0 0 0 0 1 -2 1 8 1 0 0 0 0 0 -2 -2 1 3 -2 0 -2 13 0 6 2 -4 5 0 2 0 -3 5 1 0 0 -3 0 -2 2 -1 1 2 0 1 0 2 0 1 1 0 -2 -1 0 0 0 -1 0 0 5 6 0 2 0 0 -1 0 0 -2 1 0 -4 -4 6 -4 2 0 1 0 0 0 0 0 6 -4 0 2 -1 -4 0 -2 0 0 0 -2 0 0 -3 -4 -4 0 3 0 -1 1 -2
0 -3 4 0 0 2 -1 0 0 2 0 0 0 1 0 0 -3 -1 2 0 0 0 -2 0 0 2 1 2 4 0 0 1 0 0 0 -6 0 0 0 0 0 0 -2 0 0 -4 1 2 -2 0 0 0 0 0 2 0 0 -1 0 -1 3 2 0 -1 2 -4 0 0 8 0 0 0 0 -2 1 0 1 0 0 0 -2 2 -2 0 0 2 0 0 0 -1 0 0 2 0 1 0 2 0 0 -3 0 0 0 0 0 2 2 -4 0 1 -2 0 -2 0 2 1 -5 0 0 0 2 0 0 -4 -1 0 1 0 4 0 0 2 0 2 -2 0 -1 0 0 0 0 0 2 0 0 0 2 -2 0 0 0 -1 0 0 0 -2 0 2 5 0 2 0 0 1 1 0 -1 -1 -1 -3 -2 0 1 -2 -2 -6 0 0 0 -2 0 0 -2 2 0 0 0 -4 -2 1 0 0 -1 4 1 3 0 0 3 0 0 0 -6 0 2 1 1 1 0 -3 1 4 -2 -3 0 -1 1 0 0 0 -1 0 0 2 0 -4 0 0 0 0 -2 0 0 0 0 0 0 0 -1 1 -1 -1 0 0 -7 0 0 -1 0 2 -3 0 -1 2 27 0 0 0 0 1 0 0 0 2 0 0 0 -2 0 0 0 0 0 0 1 -2 2 0 0 0 0 0 0 -3 2 0 -3 0 0 0 2 -2 0 0 0 0 -1 0 0 -3 -2 0 0 1 0 -1 -3 2 0 -1 1 2 1 2 2 0 0 1 0 0 1 0 2 0 2 0 -2 0 0 0 0 0 0 0 -1 -1 0 0 0 0 0 0 0 0 0 0 -3 -1 0 0 -2 0 0 -2 0 0 0 -5 1 0 -1 1 0 0 0 -5 -2 0 0 2 0 -1 0 0 0 0 6 0 2 -1 -1 -3 1 0 0 0 0 0 2 2 -5 0 0 1 -2 -2 0 0 0 0 0 0 0 0 0 0 0 -1 -1 0 0 0 0 -4 -1 0 0 -1 0 0 -2 0 1 -1 -1 2 0 -2 0 0 -2 -2 1 0 0 0 0 -2 -1 0 -1 -2 2 0 0 -4 0 1 0 0 4 0 -2 0 0 -1 0 0 1 -1
5 0 -1 0 2 0 -2 0 0 -2 -4 1 1 0 0 1 2 0 2 0 -2 0 0 1 0 4 0 2 0 2 -1 -4 0 -2 2 1 -1 0 0 1 4 0 0 0 4 -2 -1 2 0 0 2 0 -2 0 0 0 -1 0 -1 -1 -1 0 0 0 0 -2 0 -2 -4 0 0 2 0 0 0 -2 -2 0 2 0 0 -5 0 0 0 0 0 -2 0 0 0 0 0 -3 0 0 0 0 2 0 0 0 2 0 2 0 0 1 0 -1 -3 0 -2 0 2 0 0 1 0 -1 0 0 1 0 0 0 0 2 -2 0 -4 2 0 0 0 2 0 0 0 1 2 0 0 0 0 -2 0 -2 0 0 2 0 3 2 1 -2 -6 0 -1 0 0 1 0 -2 0 -1 0 0 -1 1 0 0 1 0 0 0 0 0 0 0 6 0 -2 0 0 0 0 -1 0 -4 0 0 0 0 -1 0 1 0 0 0 0 0 0 -2 -1 -2 0 0 0 -4 0 0 0 2 0 -2 0 -1 1 0 0 -4 0 0 0 1 0 0 0 2 0 2 0 0 0 6 0 -2 0 0 0 0 0 4 2 4 2 0 0 0 1 0 0 3 0 34 -4 6 0 0 0 0 0 0 0 1 0 0 0 2 0 0 0 4 0 -4 0 0 0 0 1 2 1 1 3 0 -1 0 0 0 0 1 0 0 1 -2 -2 -1 0 0 0 1 4 -3 -1 0 0 -1 0 0 0 -2 -1 0 0 0 0 0 0 2 2 1 2 0 -4 0 0 4 0 0 0 -2 0 -4 0 -1 0 0 1 -3 0 0 0 1 -2 3 1 0 -2 0 0 1 -2 0 4 1 0 0 0 0 0 0 0 -6 0 1 0 -2 0 0 2 0 0 1 0 0 2 0 -1 0 1 0 0 -4 0 0 3 0 0 0 0 2 -2 4 -3 -1 0 -2 0 0 0 0 1 1 0 0 2 1 -1 0 -2 0 0 3 0 0 0 0 0 -1 0 0 -1 -2 0 0 1 6 -1 2 -1 2 0 0 0 0 5 2 0 0 -4 0 -2 0 0 -2 -4 -4 -1 -4 0 0 1 -9 -1 0 0 2 0 -4
0 0 0 -1 1 0 1 0 0 0 0 -1 -2 0 0 0 0 0 0 -2 0 4 0 0 0 0 0 5 0 0 -1 4 -4 0 -1 0 -2 2 0 1 0 1 -1 1 0 0 -1 0 4 0 0 -2 0 0 -4 1 0 0 2 0 0 -3 0 0 0 -2 0 0 0 0 1 2 0 0 -1 -2 -2 0 0 0 0 0 2 0 -5 1 0 -3 1 1 0 0 0 1 0 0 -2 0 -1 0 0 0 -2 0 -2 -2 -2 0 -1 0 0 0 -1 0 -1 -4 -1 2 0 0 0 0 2 2 0 0 2 -1 1 0 0 -7 -2 0 0 0 0 0 0 0 2 -1 0 0 0 2 0 4 -2 -1 1 4 2 0 -2 0 0 2 -1 2 4 0 0 0 1 -2 0 -3 0 0 0 0 4 0 -4 0 0 0 0 2 0 0 2 0 0 -2 0 0 0 1 2 3 0 0 0 0 1 2 -1 2 0 0 -1 0 0 0 -2 2 -1 1 0 2 4 0 -3 0 1 -2 0 0 3 -1 0 3 0 0 0 0 0 -4 -1 4 0 4 3 2 -2 0 0 0 0 -2 2 0 -3 0 -5 0 0 0 -2 0 0 0 0 -4 40 0 -2 3 -1 -2 4 0 0 0 0 2 0 1 0 0 4 0 2 1 0 0 -2 0 0 6 0 -1 0 0 -2 0 -1 0 0 1 -1 -1 -1 2 4 0 -3 0 0 0 1 2 1 1 1 -3 1 0 -1 -6 -1 0 -1 -2 0 2 1 -1 0 0 -1 2 5 0 0 4 0 0 0 3 -4 0 0 0 0 0 2 0 3 -1 0 -2 2 0 0 0 -2 1 0 0 1 0 -5 0 0 1 -1 0 3 -2 0 0 1 -3 0 2 0 0 -4 0 0 0 -2 2 0 -2 0 0 -1 7 0 -1 0 0 0 0 -4 0 6 0 0 0 1 -6 0 0 2 -1 4 0 6 0 0 0 0 0 1 0 0 3 0 4 0 0 0 0 1 -3 1 0 0 0 2 -2 0 0 -1 0 0 0 -6 -2 0 1 0 0 0 0 4 0 -2 0 -2 2 4 0 -1 0 0 -2 1 -2 1 0 0 0 1 0
-2 0 0 0 2 -4 3 0 2 -1 0 -2 0 -1 -1 0 1 0 2 0 -2 -2 0 0 0 0 0 2 0 1 0 0 0 0 -2 1 -1 2 0 0 -2 4 0 1 6 -2 1 8 0 0 0 2 -2 0 0 1 0 0 0 -1 -1 0 -1 -2 0 -2 2 3 0 -1 0 0 0 2 2 2 0 0 0 2 0 -4 -5 0 4 1 0 0 0 -4 2 -1 0 -3 0 0 0 0 0 0 -2 0 0 1 0 -3 0 -2 -2 -3 6 1 2 -2 -2 0 0 -2 0 -4 -2 -1 0 0 0 0 0 3 -1 0 2 -3 -4 0 2 2 1 0 0 1 0 0 1 0 0 0 0 1 1 1 2 2 0 0 -3 -2 0 0 -2 0 -2 2 0 0 3 1 -3 -2 0 0 -1 0 0 -2 1 0 0 0 2 0 4 -2 -4 0 0 0 -1 0 0 1 1 0 3 0 0 0 -4 0 -1 -1 4 -2 0 -1 2 2 -1 0 0 2 2 2 -2 0 0 -2 -2 0 -2 0 0 0 0 0 1 0 0 0 0 0 0 0 0 2 1 0 -2 0 0 0 0 0 0 2 2 7 1 0 0 2 0 0 0 6 0 6 0 32 0 0 1 -2 0 0 1 1 0 1 1 -1 2 0 -1 4 0 0 0 0 0 0 -1 -1 0 3 2 0 0 0 0 1 -1 0 -4 0 2 1 2 0 1 0 0 2 3 0 0 2 0 -2 4 0 -2 -2 0 0 -4 -2 0 0 0 -1 1 0 0 -3 3 0 0 0 0 0 0 2 0 -3 0 -1 0 0 2 -1 0 0 0 0 0 2 0 -1 -4 1 0 2 -2 0 0 0 0 -1 0 1 0 4 1 1 2 1 -1 0 0 0 0 0 0 0 2 0 5 0 0 0 1 0 0 0 0 0 1 2 0 0 0 0 0 4 -2 2 0 0 0 0 0 0 3 0 -2 2 -2 0 0 1 -1 0 1 2 0 0 -2 -1 1 0 0 0 0 0 0 0 0 6 1 -2 0 0 0 0 0 0 2 0 4 0 0 0 0 0 0 -2 1 0 0 4 0 0 0 -2 0 -1 -3 1 1 0
2 0 0 2 0 0 4 1 0 0 -2 4 0 -2 -2 -2 1 0 1 0 2 2 0 -3 0 0 0 1 0 0 6 0 0 -2 0 -4 0 1 -2 0 -1 0 0 -1 -2 0 -1 0 -4 0 3 2 2 -1 0 0 2 0 0 3 4 -2 -2 4 1 0 0 0 2 1 2 4 3 0 1 6 -5 -4 0 2 3 0 0 0 -1 4 -1 3 0 1 0 0 0 0 0 0 -1 2 4 0 0 -2 1 0 0 -6 0 0 0 1 7 -3 2 0 -2 -1 1 2 0 0 2 1 0 -1 0 0 0 0 0 0 0 0 2 0 -4 2 6 1 0 -4 2 2 7 0 -2 0 3 0 0 0 0 0 0 2 1 1 3 0 1 0 -5 0 0 7 -1 0 0 3 -1 0 0 -1 0 1 -2 2 0 -2 -1 0 0 0 -2 0 0 0 0 0 0 0 -3 -2 0 0 0 0 -1 2 2 -2 0 0 3 0 -2 0 7 0 0 -2 2 0 -2 1 0 1 1 4 0 0 -3 0 0 0 -2 0 0 2 0 0 4 -1 0 0 -5 -2 0 0 4 -1 0 0 0 -4 0 4 1 0 -2 4 6 -2 1 -1 0 0 -2 0 44 0 4 0 0 1 0 0 -1 0 2 0 0 0 -1 0 -2 0 0 0 0 0 -2 0 2 2 -1 0 3 0 0 -1 0 2 2 0 0 -1 -2 0 -3 -2 -1 0 0 1 -2 0 0 2 -2 0 1 2 -1 2 2 0 0 -1 2 0 -4 0 2 -1 0 0 0 1 0 -1 0 0 0 -2 6 7 -1 0 0 0 4 4 -2 4 3 -2 1 0 0 0 1 0 -2 1 0 2 0 0 -2 2 -2 0 -3 0 0 0 0 4 0 0 -6 0 -6 0 0 5 0 -1 1 6 -1 -1 -1 -3 1 0 4 0 0 0 0 2 -2 -2 -2 -3 1 0 -6 4 0 0 -2 -2 0 -4 0 1 0 -1 0 0 -1 0 0 1 2 -1 -2 -2 4 6 0 0 0 0 1 0 0 8 0 0 2 0 0 -1 0 0 0 -1 0 2 5 0 0 -2 -1 0 0 0 -1 0 0 1 1 3 0 -2 0 1
0 2 -1 0 0 2 0 1 0 -3 0 -3 0 -1 0 2 -2 0 8 -1 0 -1 0 0 -1 0 -1 6 -1 0 2 1 0 0 0 4 0 -2 -2 0 -2 3 4 -1 4 0 0 0 -2 -2 -2 0 3 -2 2 0 -2 0 1 0 1 0 -2 0 3 -2 2 0 6 0 0 4 0 0 1 4 0 -2 1 1 0 1 2 0 0 0 0 4 -1 0 1 0 -2 -2 2 0 0 0 0 -2 0 -2 2 -2 2 0 0 1 -4 -1 0 0 0 1 4 0 -2 0 -1 0 -1 1 -2 0 1 -2 1 -2 0 0 0 0 -2 0 0 0 2 1 0 0 0 0 0 0 0 2 0 2 0 0 0 0 0 2 -2 -2 -2 2 0 0 2 1 0 2 0 1 0 0 -3 0 0 0 -1 0 -4 1 1 0 0 0 -1 1 0 0 -1 0 2 -2 0 4 0 0 0 0 2 -4 -1 -4 -2 1 1 0 2 0 2 -2 -4 1 0 0 0 1 -1 0 -4 -2 0 0 0 -2 1 0 1 1 -1 -1 0 2 -1 0 4 1 0 0 -2 -1 1 0 5 0 0 -1 0 0 -2 -1 0 0 0 0 0 1 -2 -3 1 0 3 0 0 39 2 0 0 0 2 0 3 -2 0 1 0 -1 0 0 1 -2 6 -2 1 2 -4 0 -5 -2 4 -2 -2 0 -3 2 3 -3 1 2 0 2 -1 0 0 0 -1 -1 1 0 1 0 -3 1 0 2 0 0 -1 0 0 0 0 -4 0 -1 0 -1 0 0 2 -4 -2 1 0 1 3 2 3 -1 0 0 -2 -3 0 0 -1 -2 0 2 0 4 0 -1 0 -3 0 6 -2 1 -2 2 2 -4 0 2 -1 -2 -2 -1 0 -2 0 0 0 0 0 0 0 -2 3 0 -1 0 -2 -2 0 -5 0 2 1 6 2 0 0 -1 -2 0 -2 0 -4 -5 -3 0 0 2 0 0 -2 -3 -2 2 4 0 2 2 2 -2 0 -1 -2 0 0 1 0 -1 0 -2 -2 0 -3 0 0 2 -1 0 2 0 0 -2 0 0 4 2 4 -4 0 0 0 -2 0 -1 -3 0 0 2 1 2 2 0 0 0 0 0 0 4
-1 0 0 0 3 0 0 0 2 4 0 -2 6 -2 -3 -2 1 0 2 2 -2 0 -4 -2 0 0 0 0 -2 0 -4 0 2 -2 0 4 2 -4 0 0 -2 -4 2 0 2 1 1 -4 0 0 2 0 0 0 0 2 -1 -3 -4 1 3 -2 0 -5 0 -2 0 0 1 0 -1 4 0 0 2 0 0 1 0 0 2 -2 4 -1 0 -4 5 0 -2 0 -2 0 0 -2 -6 -1 1 0 -2 0 0 -2 2 0 0 0 -2 0 -2 0 0 -2 -2 0 0 0 2 2 0 2 -1 -2 0 -6 0 0 -2 1 0 0 -2 0 0 0 0 0 1 -1 1 0 0 0 0 -2 1 -1 0 -3 5 0 6 1 1 0 -2 0 0 2 2 2 -1 0 0 0 0 1 0 0 -2 0 0 0 -1 0 2 1 0 -2 0 -5 0 -4 2 0 4 0 1 -2 0 -2 2 0 2 0 -2 0 -1 2 -1 0 -2 0 0 4 2 0 2 -6 4 0 0 0 0 0 7 0 0 6 0 -2 0 0 0 0 2 3 1 0 0 -5 -2 0 0 -1 -1 0 0 4 0 0 0 6 -3 0 -4 0 -4 0 4 -4 0 0 0 -1 0 0 -1 1 4 2 54 2 -2 0 4 0 0 0 0 0 0 0 0 0 -2 0 2 -4 0 -2 0 -1 -2 -1 2 0 0 4 2 2 -2 0 0 1 2 0 -2 0 0 -1 0 0 0 2 -2 -2 0 -1 0 5 0 0 0 1 -2 2 0 0 0 0 0 -2 -1 0 0 0 1 0 0 0 0 2 2 -2 -1 4 0 0 0 4 -4 2 -2 0 0 0 -2 0 0 0 0 2 1 2 3 -2 -2 3 1 2 -2 0 -4 0 0 1 -1 -4 0 0 -2 -4 -1 2 0 0 0 0 4 -1 0 0 -2 -6 0 4 -1 1 -1 3 -3 0 0 0 1 2 0 10 0 0 2 -2 0 0 0 1 2 0 2 2 -1 0 0 4 2 0 -2 -1 -2 0 0 0 0 -8 2 -4 0 2 -1 -2 -2 0 4 4 0 -1 0 4 0 0 0 2 -2 0 0 -2 0 0 4 -2 -4 0 0 -4 0 -2 0 2 4 -2
0 0 2 1 -2 0 0 0 0 2 0 0 -2 0 0 -2 2 0 0 0 -1 0 0 -2 0 0 0 0 0 -3 1 0 -1 4 0 0 -2 -1 0 0 0 0 0 -2 0 0 2 0 0 0 0 0 -2 0 0 -4 0 2 0 0 2 1 0 0 0 -1 -4 4 -2 0 -2 -1 0 1 -4 0 0 0 0 0 0 0 0 0 1 -1 0 1 0 -4 0 0 0 -1 0 0 0 0 2 0 0 0 1 0 1 0 0 0 -4 0 0 0 0 0 0 0 0 0 0 0 0 0 -2 2 0 0 0 0 -2 -2 0 0 2 2 0 0 0 0 0 -2 0 0 0 -1 0 0 0 0 0 0 0 0 0 0 0 -4 4 4 2 0 0 0 0 0 1 -2 2 4 0 0 0 0 0 0 0 0 -4 -1 0 0 0 0 -1 0 0 0 2 0 4 2 0 -1 0 0 0 0 -6 0 1 -2 0 0 0 0 -4 0 0 0 0 0 0 -1 2 0 0 0 0 0 -2 0 3 1 0 4 0 -1 0 8 -2 -2 1 2 0 -2 -1 0 4 0 0 0 0 0 2 0 0 0 0 0 0 0 -2 0 0 0 0 0 -2 -2 0 0 2 31 -3 0 0 0 0 0 0 1 -4 0 4 0 0 0 -2 0 -5 0 1 -4 0 1 -4 -2 0 0 4 -2 0 0 0 -2 0 -1 -4 0 0 -2 0 0 0 -1 0 0 1 0 0 0 0 0 0 0 -2 0 0 0 0 -1 0 1 0 -2 -2 1 0 2 0 0 0 -2 6 0 0 2 0 0 0 0 2 2 0 -4 0 0 0 0 -4 0 -1 0 1 0 2 0 0 2 0 0 0 0 0 2 -1 0 2 -1 0 -2 -2 0 0 -2 0 0 0 1 0 -4 0 0 0 1 0 0 0 -2 2 0 -2 0 0 0 0 0 -1 2 0 -1 0 0 -1 0 0 0 0 0 -4 3 0 0 0 0 4 0 0 -2 0 1 4 0 0 0 0 0 0 0 -2 0 2 0 2 0 0 -3 -2 0 0 1 -2 0 0 4 2 -2 -2 1 -1 2 1 1 0 2 0 0 0 0 1 0
-4 -1 0 -4 -1 0 2 0 3 -2 2 -1 -4 0 -2 0 2 -2 0 1 0 0 1 0 0 0 -1 1 0 0 0 0 0 0 3 0 -1 0 0 -1 0 2 0 0 -1 0 2 0 0 -4 -2 -4 0 1 0 0 -5 0 0 0 0 4 0 -2 0 0 3 1 0 0 2 0 0 0 4 0 1 0 0 0 0 -1 -2 0 -1 0 2 -5 2 0 0 0 2 -4 2 -2 -4 0 0 0 0 0 0 -2 -1 0 -1 2 0 0 0 -1 0 0 -2 -4 -2 0 -2 0 0 2 0 4 0 0 -4 0 4 1 0 -3 0 0 2 0 0 0 -2 1 0 0 0 -1 0 1 0 2 0 -2 0 2 1 0 0 1 -1 -2 0 0 0 -2 0 1 2 -2 -6 0 1 0 -1 1 2 0 0 0 0 0 1 1 0 0 0 0 0 0 0 0 2 2 0 -1 -2 0 1 0 0 0 -4 0 -1 -3 0 -1 4 0 -4 0 -1 0 5 -5 1 6 0 1 0 0 0 0 2 -4 0 2 0 -1 0 -7 0 0 0 4 -4 -1 2 -2 2 -1 0 0 0 0 0 -6 -1 0 -6 0 0 0 0 0 0 2 0 0 4 0 0 0 -2 -3 36 -2 2 1 0 2 0 -1 4 2 0 0 0 0 0 0 0 1 1 3 0 1 0 0 3 0 -2 1 0 2 0 0 -2 0 0 0 4 0 0 0 1 -2 0 0 -2 0 0 0 0 -4 4 0 -2 0 0 0 -2 0 -2 0 0 0 1 -1 0 4 0 0 2 -1 0 2 0 -4 0 1 0 0 1 -2 4 4 0 -2 0 0 0 -2 0 0 2 -2 -2 2 0 0 1 0 0 -2 0 0 -1 0 2 0 1 0 0 -1 0 0 0 -1 4 0 0 -2 0 0 0 0 0 -2 2 0 2 -2 1 0 0 1 0 0 0 -1 0 1 6 0 0 0 0 0 2 -2 0 0 0 -3 0 0 0 0 0 -2 0 -1 0 0 0 -1 4 0 0 0 0 0 0 0 -3 -4 0 4 -6 0 0 0 0 0 0 -6 0 2 0 0 -1 2 1 -3 1 -2 1 0 0 4 1 0
4 0 0 2 0 4 0 1 0 0 0 2 2 3 -2 -2 -1 5 -2 0 0 0 0 -4 0 2 0 4 0 0 0 0 0 0 0 0 0 1 0 0 -1 0 0 0 -3 0 0 -1 2 0 6 2 0 -2 0 2 0 0 0 1 0 0 0 2 2 0 -2 -1 2 0 0 0 0 0 0 0 0 -2 -2 0 4 0 -4 -3 0 0 0 4 0 1 0 4 0 0 0 1 -4 1 0 -2 0 1 -4 0 4 -2 0 -5 -1 -1 -3 2 0 0 0 0 0 3 0 0 -2 0 2 -7 -3 0 0 0 0 0 0 0 1 0 0 0 1 0 0 -2 0 1 0 0 0 2 -2 0 0 2 0 0 -1 -1 0 2 1 2 1 0 0 -2 0 -3 0 0 0 0 0 2 -2 0 0 -4 0 0 0 0 2 3 0 2 -2 0 2 2 -2 2 -1 -2 -1 0 0 -1 0 0 0 0 -1 -1 0 -1 -2 -2 0 -1 -4 2 -1 1 0 2 -4 1 1 -1 1 0 -2 -2 -1 0 0 -1 -4 1 0 0 0 2 0 0 0 -1 0 0 0 -4 -5 -1 1 0 2 0 -4 1 5 0 0 0 -2 -2 0 -2 2 0 0 0 1 0 0 0 -2 31 0 -1 0 4 0 0 0 0 -1 1 0 0 0 0 -2 0 1 0 0 0 0 0 0 0 1 0 -6 0 0 0 -4 2 1 -1 -1 0 0 -1 0 -1 0 0 0 0 0 0 -1 -4 0 2 0 0 0 0 0 -2 2 0 0 0 0 1 -2 0 -1 -3 0 -2 0 -6 0 2 0 0 -8 0 4 -2 0 -2 2 0 -2 0 0 0 0 0 0 0 0 1 1 0 -6 0 0 2 0 -1 0 1 0 2 1 2 0 -2 -1 0 0 0 0 0 0 0 -1 -1 2 -1 0 2 2 -2 2 2 1 0 -2 2 0 -2 -2 4 2 0 0 0 0 0 2 -5 0 0 -1 0 1 0 0 2 0 -2 -4 0 1 -1 0 -1 2 0 -2 0 0 -1 0 0 1 2 5 0 0 0 0 0 0 0 0 -2 -1 0 2 0 0 -2 -2 0 -4 0 0 0 0 0 0 0 -2 1
0 6 0 -4 2 0 0 0 0 4 0 0 -1 -2 -4 0 1 -2 3 4 0 2 -8 0 2 0 0 1 1 0 0 2 0 2 -2 0 2 -4 0 -4 0 -4 2 2 -3 0 0 2 1 -2 2 3 1 0 1 -1 -1 -3 0 1 0 0 0 2 2 -1 0 0 0 0 1 0 0 0 0 0 0 1 0 -2 0 3 2 1 -1 1 1 0 4 0 0 0 2 -2 -1 -2 -1 0 0 0 -2 3 0 6 0 0 -2 0 4 2 0 0 1 0 -6 -1 4 2 2 0 -2 1 0 0 0 -4 3 -2 -2 0 -2 -2 -5 -4 4 2 0 0 -2 1 1 0 13 -2 1 4 2 -2 0 2 -3 1 4 2 -5 -1 -3 3 1 0 6 -4 -1 0 -1 -1 2 0 -2 -2 2 2 0 1 1 0 -4 4 -2 -1 1 1 -4 4 0 0 -2 2 0 -1 -4 2 0 -2 2 2 0 0 2 0 -6 0 -10 0 0 -1 0 -3 -2 4 2 0 0 1 3 0 6 2 -2 -2 0 -2 -1 2 1 -2 -2 1 2 0 3 2 0 2 0 0 -2 0 0 0 2 4 5 0 0 0 0 0 -4 -1 4 2 1 1 0 0 0 1 0 2 4 0 2 0 59 0 0 0 0 0 -1 -1 3 1 -3 0 -4 -4 0 0 0 2 0 0 0 0 -2 -2 -1 0 0 4 0 -1 0 3 0 -2 0 -2 2 1 2 2 -1 0 -2 4 0 0 2 2 -2 0 0 -1 1 -2 0 1 -2 0 2 0 0 -4 0 2 0 1 -4 0 0 3 2 1 1 0 0 -7 0 2 -2 0 4 0 -3 3 0 0 -3 0 -2 0 0 -3 0 -2 -4 0 -1 -3 -2 0 0 0 0 0 -4 0 0 0 0 0 0 -1 -1 -2 -1 2 1 0 0 4 0 0 1 -5 -1 -1 -1 0 -6 -4 -4 2 -1 2 2 0 -1 -2 -1 -1 -1 2 -2 -1 -2 0 0 0 0 0 2 0 0 0 2 -2 -4 -8 -7 1 1 2 4 1 -1 -4 2 4 0 -4 0 0 -9 2 0 0 1 0 -4 2 -1 -1 -1 -2 -1 0 0 0 -3 -3 -2 0 -2 1 0 0
0 2 0 0 2 0 2 0 -2 2 0 -2 0 0 0 -5 1 0 2 -2 -2 2 0 0 2 0 -2 0 -2 -1 -2 2 -2 -2 1 -2 2 0 0 0 1 0 0 -4 0 -1 0 0 0 0 -1 4 0 1 0 0 0 -4 0 4 -1 0 0 0 0 2 0 1 2 2 0 1 0 -2 4 0 0 2 0 0 0 2 0 -1 1 0 2 0 0 -6 -1 0 0 1 0 0 0 0 0 2 1 -1 0 2 0 0 0 0 0 2 0 -2 0 0 -2 0 -2 -1 0 -1 0 0 0 0 0 0 -1 0 -2 0 -1 0 2 -4 0 0 0 0 -4 0 0 -1 0 1 0 -2 0 2 0 0 2 0 2 0 0 0 0 2 -2 -2 0 0 -2 0 3 0 0 -1 -1 0 -2 2 -4 0 0 0 0 0 2 0 0 0 -1 0 -6 0 0 1 6 0 1 0 -4 0 2 1 2 0 2 2 -4 4 0 1 0 0 0 -2 -2 0 1 0 -1 0 1 1 0 0 0 0 1 1 0 2 -4 0 1 0 1 0 0 1 5 1 2 -2 0 1 2 -2 2 0 0 0 0 0 -2 -4 0 0 2 0 -2 2 0 1 0 1 0 0 0 0 1 -1 0 27 0 0 0 0 0 -2 0 0 0 0 0 0 1 0 -1 -2 0 0 0 0 0 0 0 2 -2 2 0 0 0 -1 0 -3 0 0 0 2 0 4 1 -4 1 0 0 1 -2 0 0 0 0 1 0 0 -2 0 1 -4 3 0 1 -2 2 -2 0 -2 0 -1 0 0 0 0 0 -1 1 -1 0 2 0 0 -2 0 2 0 -6 2 -2 -4 0 -2 0 0 0 0 0 0 0 -1 2 1 -1 0 0 0 0 0 0 -2 2 -1 0 2 2 0 0 0 2 0 0 1 -2 0 4 0 -2 0 2 3 0 1 -2 4 -2 0 0 0 0 4 2 0 0 0 0 -2 1 0 -1 -1 0 0 0 0 0 0 0 0 2 0 2 -1 1 1 1 1 -1 0 2 0 0 0 0 4 2 0 -1 0 -4 0 -2 -1 -2 -2 0 2 0 0 1 0 0 -5 0 0 -2 1 0 0
0 0 2 0 0 0 0 -3 2 0 0 0 0 0 0 -1 0 0 2 0 0 0 4 2 0 0 0 -2 0 0 0 0 0 0 0 0 0 -2 0 0 -4 0 0 0 0 0 0 0 0 0 -2 0 0 0 0 2 0 0 0 0 -2 0 1 0 0 0 0 -2 -2 0 0 0 0 0 0 0 -2 1 1 0 0 0 0 0 1 2 0 0 0 0 2 0 -2 4 0 0 0 0 0 0 0 2 -1 0 0 -2 -1 -2 0 1 0 0 0 0 0 -8 0 0 -4 0 -2 -2 0 0 2 0 0 2 -1 0 0 0 0 0 -2 0 0 0 0 0 0 0 -2 0 0 0 0 0 -4 0 0 0 0 0 0 0 3 4 0 0 0 0 0 0 0 2 0 0 1 0 0 0 0 -2 -4 0 0 0 0 0 0 0 0 0 -2 1 0 0 0 1 0 0 0 0 0 0 0 -4 -1 1 0 0 0 0 0 -2 0 0 0 0 0 1 0 0 0 -1 0 0 0 0 1 0 0 0 2 -2 0 0 0 0 0 -1 0 0 0 -4 1 4 -1 0 0 0 0 0 -1 0 -3 0 0 0 0 0 0 0 0 0 0 0 -1 3 0 0 0 0 0 0 21 0 0 1 0 0 0 0 2 0 0 0 -4 0 2 0 0 4 4 0 0 -4 0 4 1 0 0 0 0 -1 4 0 0 0 3 0 0 0 0 2 -2 0 0 0 0 0 0 0 7 0 2 1 1 0 0 0 0 0 0 0 0 0 0 0 0 0 1 -2 -2 0 1 0 0 -2 0 0 0 0 0 0 0 -2 0 0 0 0 0 -2 0 0 0 0 0 0 -2 1 0 0 0 0 0 0 0 0 2 4 -2 0 1 0 0 -1 4 -2 0 0 0 0 0 4 0 0 0 -5 4 1 0 0 0 1 -5 -4 0 0 0 0 0 0 1 0 0 0 0 0 0 0 0 -4 -4 0 2 0 -1 0 0 0 2 2 -4 0 -1 0 0 -2 0 -2 0 -4 0 0 0 -1 0 2 0 0 0 0 0 -2 0 0 0 2 -3 -4 2 0 2 0 4 0 -4 0
-2 -2 2 -2 -2 -2 0 -1 0 0 0 0 2 0 0 0 2 0 1 -2 -2 0 0 -1 -2 4 0 6 -2 0 0 0 0 0 1 -1 0 0 0 -1 0 0 1 -1 2 0 0 3 1 1 0 2 -1 1 0 0 4 0 0 2 4 0 0 0 0 4 2 6 2 -1 0 0 1 0 2 0 2 -2 2 2 4 1 0 -2 0 -1 0 1 2 0 0 2 4 -2 0 0 -4 1 2 0 0 2 -3 0 1 -1 -1 3 -1 0 0 1 0 -3 -2 0 0 4 -2 0 0 1 0 2 0 0 1 0 2 0 0 -1 0 0 0 -4 0 1 0 0 0 0 1 1 0 0 1 1 0 -1 0 1 1 0 0 0 -1 2 -4 0 0 -4 0 1 0 4 0 0 4 -2 0 0 0 0 5 6 0 0 3 2 0 0 -3 0 -2 0 0 2 -1 0 0 4 0 0 1 2 -2 5 0 0 -4 4 4 1 2 0 -4 0 0 -1 0 2 4 0 0 -1 0 0 0 2 -1 -1 0 0 -4 1 0 2 0 0 -6 0 0 0 2 -1 0 0 0 0 1 0 2 -6 -2 -2 -1 0 1 0 -2 0 0 0 -2 0 2 1 0 -2 0 0 2 4 0 0 0 47 0 -2 2 0 0 0 -2 -1 1 0 2 0 2 0 2 0 3 2 2 -3 -3 0 5 0 -2 0 -6 -2 1 0 1 0 0 4 4 0 0 -5 0 0 4 1 -2 2 -2 0 0 0 0 0 -1 0 0 0 0 2 -2 0 2 0 0 0 1 0 0 2 -6 0 2 -2 0 0 0 0 -1 -1 0 0 -3 -1 0 4 -1 -4 -4 -1 2 0 -4 -2 0 2 0 4 2 0 0 0 0 4 1 0 0 -1 -1 0 -2 -1 -4 0 1 0 -2 5 0 2 0 -4 0 0 4 2 0 -4 0 0 0 5 0 0 0 0 0 2 0 0 -1 -4 0 3 0 -2 -2 0 0 4 0 -2 -1 -1 0 0 1 2 4 0 2 0 0 0 0 -1 0 0 3 0 4 0 2 -2 0 0 0 0 4 -3 0 3 0 -2 0 0 0 -2 -2 -1 -4 0 -1 2 0 0
0 3 0 0 0 -1 0 0 0 0 0 0 2 -2 -4 0 4 -2 0 0 0 -1 0 2 -2 0 1 0 0 0 0 0 1 0 0 0 4 2 0 0 -2 0 0 0 -2 0 -1 0 -6 0 0 -4 0 -2 0 0 -2 2 0 -2 0 0 0 0 -2 0 0 0 0 1 0 1 6 0 0 0 -2 -1 0 4 -1 0 0 0 2 0 0 2 0 -4 2 -2 -2 0 0 3 -2 -1 2 2 -2 0 0 1 0 -2 -4 0 2 0 2 0 -4 0 0 0 4 0 0 0 1 0 0 -2 2 0 0 1 0 -4 0 1 0 4 0 0 2 1 0 0 -2 0 7 0 -1 2 2 0 0 0 0 0 3 4 4 -4 1 0 -1 2 -2 0 2 2 0 0 2 0 -4 0 -4 -2 4 2 0 2 -2 0 0 0 0 -4 0 -2 0 1 0 0 1 -4 0 0 0 0 2 0 1 0 4 0 0 0 2 1 0 -2 0 0 0 -2 0 1 -2 -4 0 0 0 0 0 0 -3 0 0 -1 0 0 0 1 1 0 -2 0 0 0 0 0 -2 0 2 2 4 -3 1 -2 0 0 0 1 4 -4 0 2 0 -1 0 0 0 1 2 0 0 0 0 0 0 0 0 0 36 -1 1 4 -1 0 -4 2 0 0 4 0 4 4 -3 0 0 0 0 0 0 -2 -1 0 1 2 0 0 2 0 -3 4 0 0 0 0 -1 2 0 0 3 0 -4 1 0 0 0 -5 0 1 2 0 0 2 0 2 0 0 0 0 0 -2 0 6 0 0 0 0 3 0 -1 0 0 0 4 0 -2 -2 4 0 0 -3 0 0 -2 0 0 0 2 0 -1 4 0 -2 0 1 1 0 -4 0 0 -2 0 0 0 0 0 0 -2 2 0 0 -1 4 0 2 -2 0 0 0 1 -1 -1 0 0 0 0 2 0 0 -2 0 0 2 0 -3 -2 -4 0 0 0 0 4 4 1 -1 -1 0 -4 0 0 -2 0 5 -2 0 1 0 0 1 0 0 0 0 0 -2 -4 -2 1 0 0 1 -6 0 0 0 0 0 0 0 0 1 0 1 2 0 0 2 0 1 0 1
2 0 0 0 0 1 0 1 0 0 -2 0 0 0 0 -1 0 0 0 -5 1 0 0 -1 0 0 -1 2 0 -1 4 1 0 0 0 1 -1 -1 0 0 1 0 0 4 1 -1 0 -2 0 0 2 0 -4 4 0 0 0 0 4 -1 -2 0 0 0 2 1 0 0 0 1 0 0 0 0 -3 0 -1 1 3 0 0 -2 4 2 -2 -2 -9 0 1 0 0 2 -2 -2 0 0 2 0 0 -2 0 -1 -2 0 0 0 0 1 0 0 0 -2 -2 1 -2 0 0 0 0 0 0 0 1 -4 0 0 0 2 -2 3 3 0 0 -4 4 4 1 -1 0 -2 -2 0 4 1 -2 4 -4 0 2 0 0 0 -1 0 4 0 0 0 -10 0 0 -1 6 0 0 1 0 -5 0 0 0 2 1 0 0 0 -2 0 -1 0 0 0 2 0 -1 0 5 -1 -2 -3 0 -6 0 -1 0 0 -1 0 0 1 0 0 0 0 0 4 0 -2 0 0 -1 1 0 -6 0 0 0 0 0 6 1 0 0 0 1 -8 0 0 0 8 0 -2 0 2 0 2 1 0 0 0 0 -4 0 0 -1 0 -2 -4 0 -8 0 0 0 0 0 2 1 -1 0 1 0 1 -1 0 0 0 1 -2 -1 46 0 0 1 0 0 0 0 2 3 2 0 0 -1 1 0 -1 2 1 0 0 3 4 -3 -1 1 0 2 0 4 -4 4 1 4 -2 2 2 -2 0 -5 0 0 0 -2 0 -1 -4 0 -2 0 0 2 0 0 -1 -1 0 0 0 0 0 -4 2 0 0 0 0 8 0 0 1 0 0 0 -4 2 0 1 0 1 4 2 0 2 0 -2 0 2 -2 -1 0 0 2 0 0 0 3 1 2 0 1 8 0 -2 0 1 0 -2 0 -4 -6 2 0 0 0 2 0 0 0 0 -2 0 -2 0 0 0 0 0 0 0 0 -4 5 2 1 0 5 1 0 -2 0 0 -2 0 0 0 0 2 4 0 2 0 0 0 0 0 2 1 0 3 0 0 -1 -2 0 0 -2 0 0 -2 4 1 0 -1 0 1 0 0 -2 1 0 -1 0 3 1 1 0 0 0 0 0
0 0 -1 0 -2 4 0 1 0 0 0 0 0 4 2 0 0 0 -1 -2 0 0 0 0 0 0 0 0 -2 0 2 0 1 -1 0 0 7 2 -3 -2 4 0 0 -6 2 0 0 0 0 -3 -2 0 0 -2 2 0 0 -1 1 1 -2 0 -4 7 0 0 0 4 0 -2 -4 -2 0 0 4 0 2 0 0 -2 0 -1 0 -2 -1 0 1 0 2 0 0 -1 9 -2 -2 2 0 2 1 3 0 0 1 0 0 2 2 -5 0 0 0 0 0 1 1 5 0 1 0 2 -5 -4 0 -1 0 0 1 0 -2 0 -1 -2 0 -1 2 3 6 0 0 0 4 0 0 0 2 -2 0 2 2 -1 -2 -1 -4 0 2 0 1 -2 0 0 0 0 1 0 0 2 0 0 1 0 0 0 0 0 2 0 0 -2 0 0 4 0 0 2 1 1 1 -3 0 4 0 0 0 4 0 0 0 1 0 0 -1 0 -2 0 0 0 0 2 4 0 0 -1 0 0 0 -1 2 -2 -3 0 1 -2 -2 -5 0 1 0 -3 1 4 -2 0 0 2 2 0 -1 -4 0 0 2 0 -3 0 4 1 0 0 -1 4 0 1 1 -4 0 0 0 2 0 0 0 -4 4 0 -1 0 0 2 1 0 39 0 1 0 0 1 0 0 0 0 4 0 -2 0 0 0 4 0 3 -2 0 1 0 -2 2 0 0 0 0 0 -1 0 -1 0 0 1 0 -4 0 0 0 -4 -4 0 0 0 0 1 0 0 -2 2 0 0 0 0 -2 2 1 0 0 2 -2 0 1 -4 0 -2 -4 0 -1 -2 -4 4 2 0 -1 -2 -2 1 -3 -2 1 -1 0 -1 0 -4 -1 -1 -1 0 2 0 0 -1 0 -6 -2 0 -2 -1 0 -2 0 -1 0 0 0 0 0 0 0 1 0 1 0 -2 0 -3 0 -1 0 -2 -2 0 -4 0 -2 0 0 0 -2 1 0 0 0 -1 0 0 0 1 -2 -2 0 0 0 -2 -1 -3 0 1 2 4 2 0 2 -1 1 0 4 0 -3 0 0 0 0 -4 1 0 0 0 0 -2 2 0 0 -2 2 -1 0 2 -2 -1 0 0 2 0 0 -1
0 2 -2 2 -1 0 0 -2 4 0 0 0 0 4 -3 0 -1 0 -2 6 1 0 -2 0 -3 2 0 0 -2 1 0 -4 0 -1 0 2 0 0 0 0 0 3 0 0 -2 1 0 0 -5 2 0 -2 -1 0 -1 1 0 0 0 -2 0 0 0 0 2 0 4 0 1 4 2 0 0 2 1 0 -2 0 0 1 0 0 0 1 0 0 0 -2 0 0 -1 -3 1 0 6 0 0 0 0 0 0 0 0 0 0 2 0 0 -1 0 1 0 2 0 -2 0 4 0 -2 0 2 0 -4 0 4 0 -1 0 0 2 0 0 -1 4 0 -1 0 0 1 3 -1 0 0 1 0 0 0 1 0 1 1 4 0 0 2 0 0 -4 0 -1 0 0 0 2 0 0 0 0 1 2 -3 -1 1 0 -2 -2 0 0 0 1 0 0 0 -1 0 -2 -1 1 0 1 1 0 3 0 0 0 1 0 0 0 1 0 0 0 1 0 0 1 1 0 0 0 2 1 -1 0 -2 -2 0 2 0 0 1 1 1 -4 1 0 0 0 0 0 -1 1 0 -3 0 0 1 2 3 0 2 0 0 0 0 0 1 -1 0 0 0 0 0 0 0 0 0 -1 0 0 2 0 -1 -2 0 0 4 0 0 30 -2 0 -5 0 -2 -2 0 2 -2 0 0 0 -3 0 0 0 0 -2 0 0 0 0 0 -4 0 1 1 0 3 0 -3 -1 -1 0 0 -2 0 1 0 0 0 0 0 2 0 2 2 0 0 -1 0 0 0 2 0 0 2 0 -1 8 0 0 0 0 -2 1 0 1 -3 0 4 -1 -2 0 0 -2 0 -1 0 0 3 1 0 -1 0 0 -2 0 0 1 0 0 -4 -1 -1 3 0 0 0 0 1 0 0 1 0 2 -2 3 0 -1 0 2 2 0 4 -2 0 0 -4 2 2 0 -4 0 1 2 -1 -1 0 0 1 0 2 2 0 0 2 2 0 0 0 0 0 -1 0 1 4 4 0 0 0 1 0 -2 0 -3 -2 2 -2 2 0 0 0 0 1 0 -1 -1 1 3 0 0 0 -1 2 1 1 1 0 0 1 -2 1 -1 -1 0 0 2
0 0 0 0 -2 0 0 2 0 -1 -1 0 -6 -1 -1 2 2 -2 0 0 -2 -2 0 -2 0 0 2 -5 0 -2 0 3 -4 1 0 0 -4 0 0 0 0 -1 -1 0 0 -1 -1 2 0 0 0 2 -1 2 4 -1 0 0 2 5 1 -2 0 -2 0 0 0 3 1 0 -1 0 2 0 0 -2 -2 0 0 2 0 -1 0 1 0 0 1 2 0 -2 0 -1 0 0 0 -1 2 0 -1 0 4 -1 -1 0 1 0 0 0 0 1 0 -1 0 0 -9 -2 1 -2 0 0 -4 -1 -1 0 -1 2 -3 0 -4 3 0 -2 -1 -2 2 0 1 -1 0 0 0 0 2 0 -2 0 0 0 0 0 -2 0 3 0 -3 -6 1 0 -4 -1 -1 0 0 0 0 1 4 2 2 0 0 -2 1 3 0 0 3 0 0 0 0 1 -4 0 0 -2 2 0 2 0 2 4 2 -2 -4 2 0 1 2 0 0 -3 -4 0 -2 0 0 0 0 0 2 0 6 2 2 -1 7 1 -2 0 2 0 0 1 0 4 -2 0 0 0 0 1 -2 0 0 0 1 0 1 0 2 0 2 0 1 0 0 0 0 0 0 -4 3 2 0 0 4 -1 -1 0 0 4 0 -1 3 0 0 0 -1 1 1 -2 42 2 -2 0 0 1 4 1 4 7 0 4 -2 0 5 -1 0 -1 0 0 -2 0 0 0 -4 0 -2 2 1 0 2 0 4 -1 0 2 -2 -1 0 -3 0 -2 0 2 0 4 0 0 0 0 1 3 0 0 2 -1 -4 0 0 0 1 -2 0 4 -1 0 -4 0 0 0 -2 2 4 4 0 0 -4 3 -1 0 -4 0 0 0 -5 -5 1 0 -3 4 0 1 -1 3 0 -1 -1 -10 0 -1 0 2 0 2 -3 0 0 -1 1 2 -1 1 0 2 0 0 2 -2 3 2 2 0 0 0 -4 1 4 4 0 0 8 -4 0 -1 0 -1 0 2 0 4 0 2 0 0 4 1 2 0 2 -1 0 0 -1 8 0 -2 0 -1 2 0 -8 1 0 -1 2 0 0 1 0 0 1 0 -4 0 0 -1 -2 -4 0 -2 -1 -2 -1 2 0 4 -2 4
0 0 -1 1 0 1 -2 0 0 0 0 -2 0 0 0 -2 3 0 4 0 0 0 0 0 0 0 0 1 0 0 0 0 0 0 0 0 0 4 2 2 0 0 0 0 4 0 -4 0 0 0 0 1 4 2 0 2 0 1 0 1 0 0 0 -1 0 0 0 0 0 -1 -5 0 0 0 0 0 0 0 0 0 -4 -3 0 -1 0 -1 0 0 0 0 -1 0 0 0 2 0 1 0 1 0 0 2 0 0 2 0 1 1 2 0 2 0 0 -2 -6 2 1 0 0 0 -2 -1 0 0 -1 0 2 2 0 0 2 -2 0 0 0 4 2 0 0 5 0 0 -2 0 0 0 0 0 0 -2 2 0 0 0 0 -3 3 0 -5 0 0 0 0 1 1 0 0 0 0 0 -1 0 0 0 0 0 -2 0 2 0 3 0 0 0 -2 0 2 -2 0 1 4 -2 0 0 0 0 0 4 -4 0 4 2 -2 -2 0 2 8 0 0 1 0 0 0 1 1 -1 2 8 -2 0 0 0 1 -5 4 2 -1 0 2 -1 2 0 2 0 0 0 2 0 0 0 0 0 0 -1 0 4 -2 0 2 0 1 -2 0 4 0 4 0 4 0 0 0 0 0 1 1 0 0 0 0 0 0 0 2 29 -2 -2 4 -2 0 0 1 0 0 -3 0 0 0 0 1 0 0 -1 4 -2 0 0 0 0 0 0 -2 -1 0 2 -1 -7 0 1 -3 0 0 -2 0 3 0 0 1 0 -4 -1 0 -1 0 -4 6 0 0 0 2 -2 0 0 0 -4 0 1 2 1 0 0 6 0 0 0 2 2 -1 -4 -4 0 -5 0 0 -4 0 0 0 0 0 0 1 0 0 1 -2 0 5 0 0 -2 0 0 0 0 -5 -1 5 0 0 2 0 0 -2 0 2 0 2 0 2 0 1 0 0 4 0 2 0 -2 2 0 -1 0 2 -1 2 0 2 -1 2 0 -1 4 0 2 -2 0 0 0 1 0 0 0 0 0 2 3 0 6 6 0 2 0 2 0 0 0 -1 0 0 1 -4 0 4 -2 -1 4 0 -4 2 0 0 0 0 -1 0 0 0 1 2 0
0 -1 4 0 -2 0 2 2 1 0 0 -1 1 -4 0 -2 -4 1 0 0 1 2 0 2 0 2 0 -2 2 -4 -2 5 0 -1 1 2 0 1 2 5 0 0 1 0 3 0 -2 0 0 3 -1 -2 1 0 -6 -1 0 -3 4 2 0 -2 2 2 3 2 0 0 -2 -4 4 1 -4 -4 0 -3 2 0 0 -4 -1 0 -2 0 0 2 0 -3 0 0 1 -1 0 0 0 0 -1 4 0 0 -2 -1 2 -2 0 -1 0 0 2 -4 0 -4 -1 2 0 0 -2 1 0 1 0 -4 1 -1 0 0 -1 0 0 0 2 4 0 0 1 -2 -1 2 2 -4 -1 0 -6 -1 -2 -1 -2 -1 0 0 4 3 1 1 2 0 -2 0 3 0 2 1 0 -4 0 0 0 -1 1 -1 2 1 3 -2 0 0 1 0 -2 -1 1 -1 0 0 4 2 -2 -3 1 0 0 -4 2 0 2 2 -1 1 -2 0 1 0 -4 2 4 -2 0 1 0 0 2 0 0 4 2 -1 1 -2 0 0 1 0 2 0 0 -4 1 0 0 1 0 0 0 0 0 -2 -4 0 -2 0 1 -2 1 -2 0 0 0 0 0 1 0 1 0 2 1 0 2 0 -2 1 -2 0 0 0 -3 0 2 -2 -4 0 0 -5 -2 -2 50 2 2 2 0 0 0 -4 -2 -3 3 0 1 1 2 2 -4 -2 2 -3 1 0 -2 0 2 -2 0 -1 0 -1 -2 0 -5 0 0 0 0 -2 2 -2 0 -2 -1 0 -1 1 -1 0 -1 -3 1 0 0 3 0 0 0 5 -2 -4 -2 -1 -4 0 -2 4 2 0 3 0 2 1 2 -2 0 0 2 -4 0 0 0 -3 0 2 2 2 -1 -3 0 0 0 -1 -1 0 2 0 0 0 -4 1 0 -1 0 -2 1 3 -1 -3 0 0 -3 0 -4 0 0 1 1 0 4 -2 4 2 -2 -4 1 -4 1 5 0 3 -1 -1 -4 0 0 0 2 0 0 0 -1 0 0 -1 0 -2 6 -2 0 2 -3 2 -2 0 0 0 0 0 0 0 4 2 0 0 -2 4 2 0 2 2 2 2 1 0 0 1 0 0 -2 2 4 -2 0 2 -2 -2
0 4 0 -1 0 0 0 0 0 2 0 0 0 -3 0 0 0 0 -2 3 0 0 0 0 0 0 2 0 -1 0 1 0 0 -4 -2 -3 3 -2 1 0 -2 0 0 0 0 -2 0 0 0 -1 0 -2 -2 0 -2 -1 0 1 0 0 -2 2 0 2 0 -1 0 0 2 2 0 -4 0 0 -2 0 0 0 0 1 2 0 0 -2 0 0 0 1 0 0 0 0 0 -1 0 2 -1 0 0 -2 0 0 -1 0 0 0 2 0 2 0 0 0 2 1 -3 2 0 0 2 0 2 0 1 -2 0 -1 -1 0 0 0 0 0 0 0 0 0 0 -2 0 -4 0 0 1 4 0 1 0 0 0 0 0 0 0 2 0 -3 -1 0 1 0 0 0 1 0 1 2 0 0 -2 0 0 0 2 0 -1 0 0 0 2 0 6 -2 3 2 0 0 0 0 0 -2 0 -2 0 0 0 0 -4 -2 3 -2 2 0 2 0 0 8 -2 0 0 0 -1 0 0 0 0 0 0 -3 0 0 3 1 0 0 0 2 0 0 1 0 1 0 0 0 0 -3 -2 0 0 1 0 0 0 0 0 0 0 2 0 0 0 -1 0 2 -2 -4 1 0 0 -2 0 0 0 0 0 0 0 -1 2 0 1 0 0 -2 2 33 0 0 2 0 0 0 0 2 2 0 0 0 2 0 -2 4 0 0 2 1 1 -2 -6 -1 2 0 0 1 0 3 0 -1 6 0 0 -4 0 0 0 0 0 2 2 -2 0 0 0 3 0 0 4 0 0 -1 0 2 0 0 0 0 -2 2 0 2 0 0 0 0 1 0 0 0 0 0 -1 0 1 -3 -2 -2 -2 0 0 0 0 2 0 4 1 3 2 1 0 0 0 0 -1 1 0 0 -1 0 0 1 0 0 0 -3 1 0 0 2 -2 -2 0 0 0 -1 0 3 -1 0 0 0 -4 -1 0 1 0 0 -2 2 0 0 -2 2 0 2 0 0 0 0 0 1 2 0 -1 2 0 0 0 0 1 0 0 0 0 0 -1 0 0 0 0 0 2 0 0 0 -2 -2 1 2 0 8 0 0 0 4 0 0 2 1 0 0
0 -4 0 0 2 2 4 4 1 0 0 1 1 0 -1 0 -4 0 4 -4 0 2 0 0 0 4 -2 0 0 0 0 0 0 0 0 0 0 0 2 0 0 -2 0 2 3 0 0 -4 0 0 1 0 2 0 0 0 0 0 0 0 0 2 0 0 -5 0 0 0 2 0 1 0 -1 -4 0 0 0 0 2 -2 2 0 0 0 0 0 0 0 3 0 -2 -2 -6 -4 0 -3 4 0 0 0 0 2 0 -1 -1 0 0 0 -4 -2 0 0 0 0 -4 0 0 0 0 0 2 0 0 0 2 -2 2 4 0 0 0 4 -2 -4 -4 4 0 -1 1 0 0 0 -2 0 0 0 2 0 2 -2 1 0 0 0 0 0 -5 -1 0 2 0 2 1 2 0 0 3 -4 -1 -1 0 0 0 0 1 0 0 2 -4 0 0 0 0 0 -2 6 0 -4 0 0 -2 0 0 0 2 2 4 2 0 0 0 0 0 0 2 3 -3 1 0 -4 0 2 1 0 0 0 0 -4 0 0 0 0 0 0 6 0 0 0 -1 -4 0 -1 0 0 0 0 0 0 0 4 1 2 0 0 0 0 -2 0 2 2 0 2 1 0 2 0 0 0 0 6 2 -2 0 0 -4 0 0 1 0 0 0 -2 0 4 2 0 43 -2 -1 -1 2 0 -2 -1 0 0 0 0 0 0 -3 -4 -2 0 0 5 -3 0 0 0 -2 -4 4 1 0 -4 -5 4 0 -2 0 0 0 0 0 0 -2 2 0 0 0 0 0 0 2 1 -2 2 0 0 6 0 0 0 -1 0 -4 -2 -2 0 0 0 1 0 0 4 0 -2 0 0 -6 0 2 -1 0 -1 -2 0 0 4 0 0 0 0 0 0 3 -4 0 -2 0 -2 1 -4 0 0 0 -2 0 0 0 -4 0 -4 -2 -1 0 -1 0 0 0 0 0 -1 -2 0 0 0 0 0 0 -2 0 2 1 0 0 0 1 -2 -4 -2 0 4 0 0 0 0 0 -4 0 0 0 0 0 -1 -1 0 4 0 3 -6 0 -1 4 4 -2 0 2 -2 0 -1 0 0 2 -1 0 4 0 -4 0 4 0 3 0 0 0 0 0 -4
0 2 2 0 0 0 2 0 0 -4 -2 0 0 -1 0 0 0 -6 0 0 3 0 4 0 0 0 1 0 0 0 0 0 2 1 0 0 0 4 0 0 0 -4 0 0 0 -1 0 4 0 0 2 4 0 0 0 0 0 0 5 0 1 0 0 4 2 0 0 -2 -4 0 0 0 0 0 0 0 0 0 2 4 0 -1 0 0 2 0 0 -4 0 2 0 2 -1 1 -4 1 2 0 0 0 0 0 -4 0 1 0 0 1 0 0 0 0 0 1 2 0 0 -2 0 0 -4 -6 0 0 -1 0 0 0 2 0 0 0 0 0 0 -1 0 0 0 0 0 1 0 2 -2 0 0 -2 0 0 0 0 0 0 2 0 0 -2 -2 0 0 0 0 1 0 0 -4 0 2 0 0 0 2 0 0 0 2 0 0 0 0 0 0 0 -2 0 0 0 0 2 0 -2 0 0 0 0 0 2 0 1 2 0 0 2 0 0 0 2 0 4 -1 0 1 0 0 0 0 -1 2 1 0 0 0 0 -2 -4 0 0 -2 0 0 0 -2 0 0 0 0 0 0 0 0 0 0 0 5 0 3 0 0 0 0 0 -4 0 0 0 0 0 0 -2 -4 0 0 0 -4 0 0 0 0 2 0 -2 1 -2 2 0 -2 26 -1 0 0 0 0 1 0 1 0 0 0 -1 2 0 0 1 0 -1 0 0 0 2 1 1 -6 0 0 1 0 0 0 0 0 0 0 0 0 -2 0 0 0 0 0 2 0 0 2 0 2 1 2 -2 0 0 0 -3 0 0 -1 0 0 0 0 0 0 0 0 0 -2 0 0 4 2 0 1 0 0 1 0 2 0 0 0 0 0 0 0 0 -2 2 2 -2 2 0 0 6 0 0 0 -4 0 0 0 0 -1 -3 -4 0 -3 0 2 0 4 1 0 0 0 0 -1 0 0 0 0 3 0 0 0 0 1 0 -2 -4 -4 0 0 0 -2 0 0 0 0 -2 0 -1 0 0 0 0 1 -4 -2 0 0 0 0 0 0 0 2 0 0 0 -2 0 2 0 1 0 0 0 0 0 2 1 0 0 0 0 0 0 0 0
-4 0 2 -2 2 0 0 -2 0 0 0 0 0 2 2 0 -2 0 -4 -1 3 -2 -6 -2 4 0 0 -4 0 -1 -2 2 0 -2 0 2 4 1 -2 -2 0 0 0 0 0 0 0 4 0 0 0 -4 0 0 0 0 0 -2 0 0 0 0 0 0 0 1 0 0 0 0 0 3 2 0 0 -1 0 0 2 0 0 0 0 -6 0 0 -2 0 0 0 0 0 4 0 0 -1 -2 -2 2 0 0 0 0 0 -2 0 0 -1 6 0 0 0 -4 -2 -4 4 0 0 0 1 2 1 -4 -5 1 0 0 0 -1 0 -1 0 0 0 0 0 3 1 0 5 0 0 4 1 0 0 -2 0 0 0 -2 2 -2 2 0 -5 -2 -2 0 -2 0 0 2 -1 0 0 0 0 1 2 0 0 0 0 4 0 0 0 0 -5 2 0 -4 0 -1 0 -2 0 2 -6 0 2 0 2 -2 0 2 2 0 0 0 0 1 0 0 0 0 0 0 0 0 0 -2 0 -1 -2 0 1 0 -1 0 0 0 0 0 2 0 0 1 2 0 1 0 0 0 -4 -4 -3 0 2 0 0 -2 2 0 0 0 0 1 0 0 0 -3 0 0 0 -2 0 0 1 0 -5 0 -2 0 1 -4 2 4 3 0 0 4 0 0 2 -1 -1 35 0 4 0 0 -2 1 -2 4 2 -4 -1 1 0 0 0 -2 -4 -2 0 -2 0 0 -3 0 2 1 0 0 1 4 4 0 0 0 0 0 0 0 0 0 4 0 0 0 2 0 -1 0 0 -1 0 0 0 -3 0 1 -2 0 -4 2 0 -2 0 -2 0 0 0 0 0 4 0 1 0 0 0 0 -1 0 -8 0 0 -2 4 0 -2 0 0 0 -2 0 -3 5 -4 0 0 -2 0 0 0 0 2 0 1 4 0 0 0 1 2 0 0 2 0 0 0 -2 2 1 0 -4 2 0 0 4 0 0 0 0 0 0 0 0 6 0 0 -4 0 4 0 -2 3 4 0 -2 -1 5 4 0 0 4 0 0 -1 0 2 2 0 4 0 -3 0 -4 1 4 -2 0 2 0 0 0 0 1 -2 0 0 0 -1 -4 6 0 0
0 0 0 0 0 -6 0 4 2 -2 -2 -1 0 0 1 0 -1 0 0 2 0 2 0 0 0 0 0 -1 0 2 0 0 0 0 0 0 0 -4 -2 0 0 2 0 0 0 1 0 0 -2 0 0 0 0 0 0 0 0 0 0 0 0 0 0 4 0 0 1 4 0 0 0 0 0 0 1 1 4 0 2 0 0 -4 0 1 -4 0 0 -2 0 1 0 0 -3 0 -2 0 0 0 -1 0 0 0 -2 0 0 0 0 4 0 2 0 1 0 0 2 0 0 6 0 0 0 1 0 0 0 2 -2 4 0 0 4 0 0 0 1 0 0 0 -2 0 1 0 0 0 0 0 1 0 0 0 -1 2 0 0 0 -1 2 -3 0 1 0 0 0 0 0 -4 0 1 1 -1 -1 0 0 0 -1 0 0 0 0 0 0 0 0 0 0 0 -2 1 4 -1 0 -2 0 0 4 0 0 0 4 0 1 0 0 0 0 -2 1 0 0 0 3 2 1 0 0 1 0 1 0 0 2 0 0 0 0 4 0 0 0 0 0 0 1 2 0 -2 2 0 2 0 1 -2 0 -2 -2 1 0 0 0 0 0 0 2 0 0 0 0 0 0 2 -2 0 1 0 0 0 0 0 0 2 0 2 1 0 0 0 -1 0 0 23 0 0 0 -1 0 0 -2 0 -1 1 3 0 0 0 0 3 0 0 0 0 0 -1 0 -1 0 -3 -4 -1 0 -1 0 0 0 0 -2 2 0 0 1 -2 0 0 0 0 -1 0 -4 1 0 0 -1 -4 0 -1 4 0 0 0 0 0 -2 0 0 0 0 0 0 -1 0 1 0 0 0 1 2 2 0 0 0 -1 0 0 0 0 -2 -2 0 0 0 0 0 3 0 0 2 0 0 0 0 -4 0 1 0 1 4 0 0 0 0 -4 0 0 0 1 0 2 0 1 0 0 0 0 0 0 -2 0 0 0 0 0 0 0 0 0 0 -2 1 0 0 -1 0 0 0 1 0 4 2 0 -1 2 0 1 -1 0 -2 0 0 0 0 0 -2 0 0 4 0 -4 0 2 0 0 4 0 4 -2 0 1 0 0 0 0
0 -1 1 1 -2 2 0 4 0 -1 -2 -4 1 4 3 0 1 0 -1 -4 2 0 0 0 -1 0 0 1 0 2 0 0 0 0 0 0 2 0 0 -4 1 -2 0 0 -1 2 0 4 0 -2 0 -4 -2 0 -1 1 0 2 -2 0 -2 0 0 1 -5 0 -2 1 -2 -2 -2 2 0 -4 0 0 1 4 0 -2 0 -2 0 -1 2 0 2 2 2 0 -1 -2 -4 0 0 0 -2 0 0 2 4 0 -3 0 2 0 0 0 2 0 0 0 -4 0 5 -4 2 -8 0 0 1 0 2 0 0 0 2 0 -4 1 -4 -4 0 -2 -6 0 0 -2 -2 1 0 -2 0 -1 0 0 0 0 1 -5 -6 0 0 2 1 -1 6 0 2 0 0 2 2 2 1 2 2 0 6 0 0 1 2 0 -2 0 -1 -1 -1 2 2 0 0 0 -4 4 0 0 2 -11 -2 0 -2 -6 0 4 1 4 1 2 -1 -3 1 0 -1 0 2 1 0 1 -1 0 0 5 0 -2 0 -2 4 2 0 -2 0 0 0 4 0 -4 0 2 -2 0 1 1 1 0 -3 0 0 0 4 0 2 -4 0 -1 -2 0 0 6 0 -2 2 0 0 1 0 -1 -2 -4 0 1 1 1 0 -1 2 2 4 0 4 -2 4 1 0 0 2 0 4 0 55 0 2 2 2 0 3 0 2 2 -2 6 0 0 0 2 2 2 -2 0 1 -3 6 0 0 0 1 6 0 -2 0 0 -2 3 0 2 0 -1 -4 1 -3 0 2 2 0 0 0 -2 0 0 2 0 -6 6 0 -1 2 -2 -3 1 1 0 0 0 0 2 0 0 0 1 1 -2 0 0 1 4 2 2 0 0 0 0 0 1 0 4 0 -6 0 0 0 -1 -6 -4 0 0 5 1 0 1 4 2 0 2 -1 -2 -2 0 2 1 1 -4 8 0 2 -2 -4 0 0 -1 0 2 -4 0 0 2 4 0 -2 0 0 8 2 -2 0 -2 0 -2 2 -4 0 0 -2 0 2 0 1 2 0 4 0 4 1 0 -2 -1 -2 0 -2 2 -4 0 0 0 4 0 0 -1 2 -2 0 0 -2 6 -1 0 4 0 -1 0
2 0 -2 -1 2 -4 1 -2 0 -2 0 4 0 3 0 0 2 -1 2 0 -2 -2 0 0 0 0 2 1 0 3 0 -2 2 -4 -2 1 0 1 -4 0 -1 -1 -2 2 -2 0 -2 0 0 0 2 -2 0 0 0 2 0 2 0 -2 -1 -2 -2 1 -2 2 2 -4 0 0 0 -2 6 1 -4 -2 2 0 1 0 0 0 -1 1 0 4 0 4 -3 0 0 0 0 -2 -2 -4 2 -2 -1 0 0 -4 2 0 0 4 2 0 -2 1 0 0 0 6 0 -2 0 -3 -1 0 -4 0 -2 2 0 0 -4 0 0 0 2 0 -4 0 2 0 -3 0 0 4 2 -4 7 1 -2 0 -4 -2 0 1 0 -1 3 -2 -3 0 -5 2 -2 0 -2 0 0 -1 -1 0 0 -1 2 2 0 0 2 2 4 -2 0 -2 1 0 -1 -4 2 0 0 0 2 -1 1 -2 2 8 -4 -7 1 0 4 0 4 0 0 0 -1 0 3 0 0 0 4 0 0 -3 4 -1 1 -1 1 -2 4 2 -1 6 0 2 0 -1 0 -4 0 0 -2 0 0 0 2 0 1 0 2 0 -1 0 -2 -2 4 2 -2 1 0 0 0 6 -4 -4 0 2 6 -1 0 0 -1 -4 3 0 2 -2 0 0 4 0 0 0 7 0 -4 0 0 0 0 0 0 54 0 4 4 0 2 2 0 -2 -4 -6 2 2 0 -4 2 0 -1 4 0 -2 -2 0 2 0 1 1 -4 -2 2 -2 4 -1 -4 0 2 8 3 1 1 0 4 2 -1 -2 0 -1 -1 1 1 -2 -2 -1 0 2 0 0 2 0 -2 -1 -2 -2 4 0 0 0 2 0 2 -2 0 1 0 0 -2 0 1 0 2 0 0 1 0 -2 1 0 -1 0 0 -1 4 2 0 0 -2 0 2 0 2 2 -2 0 -2 0 5 0 0 -2 1 -4 0 0 0 0 0 0 0 0 -2 0 4 -6 0 -1 -6 0 1 0 2 1 -2 0 -1 0 -1 2 -5 0 1 0 -4 0 2 3 2 -4 4 2 -1 -6 -3 1 0 -1 3 -4 0 0 0 0 -2 2 2 0 -1 -1 3 -4 0 0 0 -4 -6 1 0 -2 0 0
0 -1 0 0 1 -3 -1 0 4 0 0 0 0 0 0 4 2 0 2 3 0 0 -1 -4 0 -6 0 -2 1 0 -4 0 -5 0 -6 -3 0 0 0 -1 0 2 -4 2 -6 0 0 -1 1 -1 1 1 -1 2 -1 0 2 -1 -3 -4 2 -2 2 0 0 0 0 0 0 -2 0 -1 0 0 1 0 1 0 0 1 2 1 -4 0 0 1 4 1 0 0 0 1 1 -1 3 0 0 2 0 1 1 1 0 0 0 2 0 0 4 0 -4 0 -1 -1 -2 0 0 -1 0 -1 0 -1 0 5 0 0 4 -1 0 7 0 -2 2 1 -6 -2 -1 0 0 0 0 0 2 5 0 -2 -2 0 0 -4 0 0 0 0 3 0 2 0 0 1 -7 -3 1 0 0 0 -2 0 3 3 1 0 -1 0 -2 -5 0 1 0 -3 -2 6 -2 -1 -1 0 -2 0 0 0 0 0 3 0 1 0 1 -2 0 -1 -2 1 2 -2 -6 0 0 0 0 -1 0 0 0 2 2 2 -1 0 -2 0 2 -3 0 -1 -1 0 -1 0 -1 1 1 0 0 0 0 0 0 2 2 0 0 0 1 0 1 2 4 0 -2 -1 0 -1 0 -6 0 1 0 0 2 -5 -2 0 0 0 0 0 0 2 -3 -1 -2 0 0 0 -2 0 -2 0 0 0 2 0 44 0 1 1 0 -1 0 -4 -2 2 -1 0 0 0 -5 -1 -1 0 0 3 1 1 0 -2 1 7 0 0 0 1 -1 1 -1 -3 3 -6 -1 -1 1 1 -2 1 0 -4 0 -4 1 -4 -2 0 0 -1 2 0 2 4 3 0 0 0 0 0 0 -1 1 2 0 0 0 -2 0 6 0 0 -1 1 0 -4 2 1 2 3 2 -1 2 1 4 0 0 0 2 0 0 1 0 0 0 2 3 0 0 0 2 -4 2 0 0 3 0 0 0 -2 0 0 0 -2 1 2 2 0 0 0 0 -2 -2 -2 0 0 -2 0 -2 0 0 4 -2 0 0 3 0 4 1 1 2 -2 0 0 0 0 -2 1 0 0 1 6 3 -2 4 0 0 0 0 4 -2 -2 4 1 0 -1 0 1 -1 0 -2 1 0 0 0 1
0 4 3 0 -1 0 0 0 -2 0 -1 6 0 2 -2 0 3 -2 3 2 0 -4 0 2 1 2 0 0 -1 5 4 0 1 -1 0 1 -5 -1 -4 0 1 -2 0 2 0 1 -2 0 0 2 0 0 -5 -2 0 2 -4 2 3 -1 -6 2 0 0 -2 -3 0 0 -4 2 0 0 0 1 0 2 0 3 0 0 1 -1 0 0 2 2 4 0 2 0 1 0 0 5 0 0 0 0 0 -2 8 4 -2 0 0 -1 0 -3 -6 -5 4 0 0 -4 -6 -4 0 0 0 0 0 6 -2 1 4 -1 -4 2 -2 2 5 -2 -1 1 4 -2 0 0 0 1 2 0 0 4 -2 0 0 2 -2 0 1 -3 0 -2 2 0 0 3 0 0 0 3 0 1 0 1 4 0 0 1 2 0 -1 -2 1 0 0 0 0 0 1 -2 1 2 -2 0 2 0 0 -2 1 0 2 0 -1 -2 0 -2 0 1 2 2 0 1 0 0 0 0 0 0 -1 0 0 0 0 2 -6 1 2 1 3 0 0 -2 -1 -1 -2 -4 0 0 0 -3 0 0 -2 0 0 0 0 0 0 4 -1 4 0 0 -3 2 0 0 1 1 0 4 -3 1 -1 3 2 -2 -1 1 1 0 0 0 4 0 0 1 0 0 4 -3 -3 2 -1 1 -2 -1 2 4 0 49 0 0 -1 0 2 0 -8 4 0 1 -2 1 0 0 0 -1 4 4 0 1 2 2 0 0 -10 0 0 0 0 -3 6 0 0 -2 4 1 0 0 6 4 0 0 -4 0 0 0 0 0 0 0 0 2 0 -1 0 0 -1 0 0 0 5 -1 0 1 1 0 2 -2 0 1 4 -1 1 1 -1 2 -3 0 0 1 -1 1 -6 0 0 0 -1 -2 0 2 0 1 -2 0 0 -2 2 -2 0 -4 0 2 3 -1 0 -4 -3 0 2 -1 0 0 0 -2 0 2 -8 0 0 1 0 -2 0 2 1 2 0 2 -2 -5 2 0 2 2 -3 0 2 0 -2 2 0 -1 -4 0 -3 0 -2 0 0 0 0 -1 0 0 0 -2 -3 0 0 0 -2 -1 3 0 2 -4 0 -3 3 0 -4 0 0 0 -3 10
6 -1 1 2 1 0 0 0 0 0 0 0 3 0 0 -1 -1 0 1 6 0 0 2 0 0 -6 0 2 2 -4 0 0 0 -8 -2 0 1 1 -2 0 -4 -3 1 0 1 0 -5 1 0 -2 0 0 0 0 1 0 0 0 0 -2 4 2 -3 -2 1 0 -1 2 -2 -1 0 0 0 0 0 -3 0 0 2 1 0 2 0 0 1 2 0 4 0 0 0 0 -1 2 0 0 -2 0 0 1 -2 0 -1 -1 1 0 0 -1 0 0 -1 0 0 0 5 -2 0 -4 0 0 -1 -3 0 2 -1 0 2 1 2 0 2 4 0 0 -1 3 -5 1 0 3 3 0 0 -2 1 1 0 3 0 -2 0 2 1 1 1 0 -7 2 -2 1 -1 0 0 -1 2 1 4 0 6 0 0 0 2 4 0 0 1 6 2 0 1 0 4 0 0 1 -2 -3 -4 -1 0 -2 0 0 0 0 3 5 -2 0 1 0 4 0 1 0 2 -1 -3 -1 -2 3 0 0 -3 -1 -1 5 2 0 -3 -1 -3 0 1 0 1 -2 0 0 0 -1 3 3 0 0 0 0 -1 0 2 0 -3 2 -7 0 -2 0 -3 -2 2 0 -1 4 2 3 0 2 -1 4 2 -4 0 0 0 0 4 3 0 0 0 -3 -2 0 3 2 0 0 1 0 2 4 1 0 53 -1 -4 0 0 2 3 0 -1 0 2 3 -2 0 2 0 5 1 0 0 -1 0 0 2 1 1 0 2 0 -1 0 0 0 0 0 -3 5 0 0 0 0 0 0 1 2 2 0 -2 1 -3 -2 -2 -3 0 4 0 -2 -1 2 0 2 0 0 3 3 2 -2 -1 0 -8 0 -1 0 -2 0 2 1 1 -1 0 0 0 0 1 0 0 4 0 2 7 1 -1 2 -1 3 2 0 1 0 2 0 0 2 5 0 1 0 1 0 4 0 -1 0 0 0 0 9 -2 4 -1 0 2 0 0 0 0 -2 -1 0 -2 -2 1 -6 -4 -1 0 4 0 -1 0 -2 0 -4 0 0 0 0 0 0 0 0 -1 2 -1 0 2 -2 0 0 2 -4 0 0 1 0 0 2 0 -4 -2 3 0 -2 0 2 2
2 0 0 0 0 -1 0 0 0 1 0 0 0 1 0 2 2 -4 2 0 0 -1 0 0 0 0 0 0 -1 0 -2 0 -4 0 0 0 0 0 2 0 0 0 0 0 0 0 0 0 0 0 0 0 0 0 0 0 2 -4 0 0 2 0 3 0 0 2 -2 0 0 0 0 0 0 0 1 -1 3 -1 2 1 0 0 0 2 0 2 0 0 0 0 0 -1 1 0 0 1 0 0 0 0 0 1 0 1 -2 0 0 1 0 0 0 0 1 0 0 0 0 0 0 2 1 -1 2 0 0 0 0 0 2 -4 0 0 2 0 0 -2 -1 0 2 2 0 0 4 0 0 0 0 -1 0 0 0 0 0 0 0 2 -4 -2 0 0 0 0 0 1 2 0 -2 0 -3 1 1 0 0 0 0 0 0 0 1 0 0 0 -2 0 -3 2 0 0 0 0 0 -2 0 0 -2 0 0 2 0 0 0 0 0 0 0 0 0 0 2 0 0 0 1 0 0 0 0 -1 0 0 -1 2 0 0 -2 0 0 0 0 0 0 -4 8 4 0 -1 0 0 0 0 0 0 0 0 0 1 0 0 0 0 0 0 1 0 0 0 0 0 0 -2 0 -2 0 0 0 0 0 2 0 -1 0 0 0 0 0 0 0 1 -2 0 0 0 1 0 -1 23 -6 0 3 0 1 0 -1 0 0 0 -2 1 -2 0 0 1 0 1 0 -2 0 -1 -2 0 0 1 1 0 0 2 0 0 0 0 0 -2 0 -1 0 -2 0 0 0 -1 1 0 -1 0 0 0 0 0 0 0 2 0 -2 -1 -2 -1 0 0 0 0 0 0 0 0 0 1 -2 2 0 0 0 0 -1 0 2 0 0 0 0 0 0 -4 3 -4 0 0 0 0 0 4 2 -2 0 -2 0 0 -1 -2 -2 1 0 0 1 0 0 0 1 0 1 -2 0 0 4 0 2 0 0 0 0 -4 0 2 0 1 0 4 0 0 0 -1 0 2 0 0 1 2 0 0 0 0 0 3 0 0 0 0 0 0 2 -2 0 -1 1 -1 0 0 0 0 0 0 -3 3 -1 -1 -1 0 2 0 2 0
1 0 -2 -4 -6 2 3 1 2 1 1 4 0 2 1 1 -2 9 -1 -1 0 1 0 -1 0 -2 -1 -2 4 0 1 -6 -1 0 3 0 0 0 -1 -6 0 0 -2 -3 -1 0 -2 6 -1 1 0 3 -1 2 -3 0 2 5 2 6 0 -1 4 0 0 0 2 -4 2 -2 -2 0 0 0 -2 2 -4 1 0 -3 0 -4 0 -4 2 4 1 3 -4 0 2 -1 -2 -4 1 0 1 6 0 -2 0 0 4 -3 0 -1 4 -2 4 0 2 2 -2 4 -3 0 0 2 2 -4 1 1 0 7 0 1 -7 1 -2 -6 0 0 1 -5 -1 -2 2 -4 -2 -5 6 -2 2 3 4 0 -2 -2 1 -4 -3 0 5 -2 5 -5 1 -6 -2 -7 -2 0 0 0 0 0 0 1 3 -6 2 3 4 4 0 2 2 2 -6 9 2 1 -2 0 0 -2 0 0 -1 0 0 -1 -2 0 0 0 0 1 4 -2 -4 -3 1 -2 -1 -2 -1 1 6 -1 1 1 0 7 2 0 -2 0 1 4 0 -6 -2 0 4 0 0 6 0 -2 -2 0 -9 1 -2 -3 0 0 0 -1 2 0 5 2 -2 0 4 0 0 0 0 -2 2 1 -3 -1 -2 0 3 -2 0 0 3 0 -2 0 0 2 0 2 4 0 5 0 1 0 0 0 4 -2 3 2 0 -1 -4 -6 89 0 2 2 -6 5 2 0 0 -3 3 -4 2 6 1 -2 0 2 0 0 3 5 0 0 -1 -2 -2 -2 -1 0 0 3 -2 0 -1 0 -2 0 -1 -2 0 0 0 -2 0 2 -4 1 2 2 2 0 1 0 0 0 0 0 2 2 1 2 0 -4 0 0 2 0 0 5 0 -2 0 0 -2 5 4 0 0 1 0 2 0 -6 0 -4 -2 -3 0 4 2 -2 2 2 -2 -2 0 -1 -1 1 0 2 0 4 0 -1 3 0 -2 -4 -1 0 -1 1 2 4 5 -3 -2 0 -6 -1 -4 -1 -4 -3 0 1 0 0 4 2 1 -4 2 0 1 2 5 -2 0 -3 -1 0 0 -2 -2 1 0 2 -2 -2 3 1 2 10 2 -4 3 0 -2 0 0 2 -4 1 1 -1 2 0 -1 0 2 3
2 1 -2 0 0 0 2 0 0 0 0 -5 -1 1 0 1 0 0 -2 0 0 0 -3 2 -2 0 -1 -2 0 -4 -4 0 2 -2 0 0 2 0 0 0 0 0 0 -4 -3 -2 0 -2 0 -2 1 -1 0 0 0 0 -4 0 1 -2 -2 -2 0 0 0 0 0 0 -3 0 0 0 -1 -2 0 0 0 0 -2 -2 0 0 2 2 0 -1 0 0 0 0 0 -4 -2 0 -2 0 0 0 -1 0 -1 -2 0 -4 1 -2 0 -1 0 0 1 0 -1 1 0 3 0 5 0 0 1 0 1 -1 0 2 1 0 -2 0 2 0 0 0 0 0 0 -1 4 0 0 0 0 0 1 0 0 2 0 0 0 1 -3 0 0 2 1 0 0 4 0 0 -2 0 0 0 0 0 -1 2 4 4 2 0 6 0 0 -1 0 0 0 -5 1 0 2 0 -4 -2 0 -1 2 2 -2 0 0 0 -3 4 0 0 0 -2 0 -3 0 0 0 0 0 0 0 0 -2 0 4 1 0 0 -1 -2 2 0 0 0 0 -2 -3 -1 1 0 -1 2 0 -1 0 2 0 -4 0 0 0 -2 -2 -2 -2 0 0 0 0 0 0 0 -1 -1 0 0 0 0 0 0 4 0 0 0 -2 0 -4 -3 0 1 0 0 -1 0 1 0 0 0 2 0 0 2 -1 0 0 0 0 25 0 0 0 0 0 0 0 0 -4 0 -1 2 2 0 0 0 0 0 0 0 -6 -1 0 1 0 0 -2 2 1 0 0 0 1 0 -1 0 0 -1 0 -1 0 0 0 0 0 0 -1 0 -2 2 -1 4 0 0 1 0 2 0 0 0 0 0 0 -2 0 1 0 0 -2 0 0 -1 -1 0 0 0 0 0 -9 -2 -4 1 -4 -5 -2 0 2 0 0 0 0 -2 2 -1 -2 0 0 0 0 0 0 0 0 0 -1 0 1 0 0 2 0 0 -1 0 0 0 -2 1 0 -1 0 0 -1 0 0 -1 0 0 0 0 0 0 0 0 -2 -2 6 0 -2 0 0 0 0 -2 0 3 -2 0 0 3 0 0 2 0 1 1 0 0 2 4 0 1 0 2 0 -2 0 0 -4 -2 0 -2
0 2 0 0 -2 -1 3 0 -6 3 0 0 2 2 -2 0 3 0 -2 0 -4 0 0 0 -4 -2 2 0 3 0 -6 -2 2 2 3 0 -2 -2 -7 0 0 0 -1 -2 0 0 3 0 -2 5 0 0 0 2 -8 -2 -2 4 4 0 0 0 0 1 0 -2 -6 0 -2 -2 -6 5 1 -1 1 -7 2 0 0 -1 -1 0 0 3 0 6 0 4 0 -1 0 0 -1 0 -4 -3 6 1 1 0 0 -2 0 -1 2 0 -3 -1 -1 0 -4 2 2 1 2 0 1 -2 0 0 3 0 4 0 1 0 0 0 0 0 -2 3 1 0 -7 0 0 0 1 4 1 0 0 0 2 3 0 0 2 4 -1 0 0 0 2 0 -3 2 -4 2 0 0 0 0 -1 0 0 -2 0 2 0 4 0 0 -4 -4 -3 -2 6 1 1 1 0 0 3 0 10 0 -1 -1 0 -4 4 -2 4 -2 0 0 0 0 -1 0 -4 0 0 0 -4 4 0 0 0 -1 3 0 1 -2 1 2 0 0 2 2 2 0 0 3 3 0 1 2 0 1 -2 6 -3 -3 7 0 0 0 0 -2 4 0 0 3 1 0 0 2 0 0 -6 1 0 0 -1 0 0 -3 2 4 -2 1 -1 0 0 -3 0 0 3 0 0 1 2 2 0 0 -4 -1 2 0 0 2 0 3 2 0 62 4 -6 0 1 1 0 -1 2 0 0 -2 -4 -3 -2 6 0 0 0 1 4 0 -1 -7 3 0 0 1 0 2 -1 -1 0 0 4 0 0 2 2 0 -4 -4 3 0 4 -1 0 2 -6 -2 0 0 0 0 -4 -6 -2 4 -2 2 4 1 4 -1 0 2 6 0 0 6 0 1 0 0 4 0 0 2 -1 -1 -2 0 -5 -1 0 1 0 -2 6 1 0 0 2 -4 1 -7 4 0 -4 2 2 2 -2 3 0 -2 0 5 7 0 -4 -2 0 0 0 0 0 0 3 0 -2 0 1 0 0 0 4 0 0 0 -2 1 0 -1 2 8 -4 0 0 1 -1 0 2 0 0 -2 2 -2 0 0 4 0 0 0 0 -4 3 -4 0 0 -2 -1 -1 0 0 0 0 0 -2 0 -2 0
0 2 2 0 3 0 2 0 0 0 2 -2 0 -2 -4 0 2 0 0 0 0 2 0 4 0 3 0 0 7 2 -2 -1 0 0 1 -2 -3 0 2 -1 -8 2 0 0 0 1 1 1 0 0 -1 2 0 1 0 1 0 0 0 1 -1 -2 0 0 0 0 3 1 0 0 -3 -1 -2 -1 -1 1 1 0 0 -2 -1 0 0 -2 3 0 -4 -1 -1 0 0 2 0 0 0 0 0 -2 0 0 -3 0 0 0 0 -3 0 0 0 0 0 1 0 -2 2 -4 0 0 0 -2 2 -2 -2 0 -1 0 0 2 1 -4 0 0 0 0 0 -3 -2 0 0 0 0 -1 -2 0 -1 3 1 2 2 0 0 1 5 0 2 0 0 4 0 0 1 -1 2 2 -1 2 0 -2 -2 -2 0 0 0 -1 1 2 0 0 2 3 0 1 0 0 2 0 0 2 2 0 0 0 0 -4 0 0 0 0 -2 3 2 0 0 0 0 2 0 1 -2 0 2 1 1 0 -1 2 1 0 0 2 0 2 -2 0 2 0 1 -2 1 4 0 0 0 4 0 0 -2 2 -1 0 2 0 0 0 0 0 -1 0 -1 0 3 0 0 0 0 0 0 1 -1 2 2 -2 1 0 0 2 4 0 -2 0 -2 -2 -1 0 2 0 0 -1 -1 1 2 -2 -4 0 2 0 2 0 4 33 2 0 0 0 0 5 0 0 0 -1 0 0 0 2 0 0 0 4 0 -2 0 0 2 0 0 0 0 0 0 0 0 0 0 1 0 4 0 -2 1 0 0 -1 0 -2 0 0 0 0 0 0 4 0 -4 0 2 2 0 -2 1 0 1 -2 0 -2 2 1 0 2 0 0 -4 0 0 -2 0 0 0 6 -3 0 0 0 0 1 0 -2 2 0 4 0 0 -2 0 0 0 8 2 4 -2 0 0 1 0 1 0 3 1 0 1 0 0 0 1 2 2 0 0 0 2 2 -2 -1 1 1 -4 0 0 0 0 0 0 0 0 -1 -1 0 0 0 -5 0 0 0 0 0 0 1 0 0 0 0 -2 -4 0 -2 4 0 0 0 2 0 1 -2 1 -4 0 1 -4 -2 -1 0
-4 0 3 -4 2 0 -2 -3 0 0 0 -1 0 1 -3 4 2 -1 -1 2 0 2 0 2 -1 2 -2 -2 4 -2 0 1 0 0 -1 3 0 -1 -2 0 0 6 -4 3 5 -2 -1 3 4 -8 0 0 -4 2 1 -6 0 0 0 -1 0 0 0 0 4 0 0 2 0 -2 0 0 0 4 1 -1 -1 5 0 4 1 2 2 4 0 4 -2 0 -1 3 0 2 1 -3 2 -1 -2 0 0 -4 0 -2 -5 0 2 -1 -3 2 3 1 -2 1 -6 2 6 -1 3 0 0 0 6 0 0 0 0 0 2 0 0 0 0 0 0 0 -4 0 0 -2 -2 4 1 -2 0 -2 -4 2 2 0 0 2 -2 4 1 4 -1 0 0 -1 -3 0 3 2 0 -1 0 2 4 -1 -6 -3 -1 -3 0 0 1 1 1 0 -2 -4 0 0 0 -2 4 -3 1 1 -3 0 1 7 2 4 -1 0 0 0 -3 1 0 1 -6 0 -2 1 -4 4 -2 0 -2 -3 4 1 -4 3 1 -2 -2 2 -2 -2 0 3 1 1 0 1 0 0 2 1 2 0 0 2 1 0 0 0 2 -1 -2 -2 -1 0 4 -2 0 0 -1 0 -1 0 2 0 0 -1 0 3 -2 0 0 -6 0 -2 1 5 -1 3 0 0 0 0 -4 -2 -3 2 1 3 -2 -4 -2 -8 3 1 -6 0 -6 2 78 -2 -1 0 -5 -2 -1 -1 3 -1 0 2 -3 5 5 1 -1 -3 4 2 1 0 -2 5 0 0 0 -5 -1 1 0 2 -4 -4 -6 3 1 0 -1 4 -2 0 -2 1 -4 0 4 -1 -5 0 0 0 0 1 0 2 0 2 2 0 0 1 -2 1 -4 1 0 -4 1 -3 -1 -1 -1 -1 0 0 2 0 -2 -9 0 0 7 4 0 0 0 0 1 -6 8 5 0 6 2 1 -1 0 2 -3 1 4 -1 -2 0 -1 1 0 -2 0 8 0 0 -1 -4 1 2 0 -1 -1 -3 -1 0 0 2 0 0 0 0 3 -4 2 0 -4 1 1 4 2 0 -2 0 0 -1 0 -2 -6 0 0 -2 -2 0 4 0 0 2 0 -1 -2 -2 2 5 2 2 -4 0 1 1 0 3 0
2 -2 3 0 2 0 0 0 0 0 -2 1 -2 0 -2 0 3 0 2 0 1 0 0 0 0 -4 2 0 -1 0 4 0 -4 -1 0 0 0 0 0 -4 0 -4 0 0 -2 0 0 2 0 0 0 0 -3 4 1 -1 0 0 0 1 -2 -2 1 1 3 0 0 0 -1 2 1 0 -2 0 0 4 -2 2 2 0 0 -1 2 2 1 0 1 0 3 0 0 1 0 0 1 -3 -2 0 0 -1 -6 4 0 0 0 0 -2 0 3 2 2 2 3 2 -2 0 -2 0 1 0 0 0 0 2 0 0 1 0 -6 -1 4 0 0 -3 2 0 -1 -1 -5 2 2 2 6 2 3 0 -6 0 0 0 -1 2 0 2 0 2 5 0 1 0 0 0 0 1 1 0 2 1 -3 0 1 3 2 0 0 0 2 0 0 2 3 -2 1 0 -2 0 0 4 0 -3 -1 -2 -3 2 1 0 -2 -1 2 1 1 -4 2 1 0 0 -2 -4 2 0 0 2 -2 0 -1 0 0 -1 -1 1 1 -5 0 1 1 1 0 -2 0 0 0 -1 0 0 -1 0 0 0 0 0 2 2 0 1 0 0 -2 1 0 -2 0 -3 7 -1 -2 1 1 0 2 -3 0 0 2 0 4 2 0 0 0 4 1 0 0 -1 -2 4 -4 0 0 0 6 -6 2 4 0 0 5 0 0 0 -2 39 -1 0 4 0 2 -1 -2 0 7 4 -1 0 0 1 3 1 1 2 0 -1 0 0 0 0 0 -3 0 1 -4 1 0 -1 0 -1 0 0 0 0 -4 0 -2 1 1 -2 4 0 0 0 -2 0 0 0 3 -2 0 0 1 -1 3 0 -1 2 1 0 0 3 -2 -4 -1 0 0 0 -1 -3 -5 -1 -2 0 0 0 -4 0 0 0 4 0 -4 0 1 0 -2 0 4 -2 -1 -2 1 0 2 2 2 1 1 0 -1 1 0 0 -1 0 0 0 -2 0 -3 0 -1 -2 -2 0 0 0 0 0 0 1 2 0 2 4 3 1 9 0 0 1 -2 -3 -4 3 0 0 0 0 -2 0 2 0 0 2 -2 2 -2 -1 -1 0 0 0 0 -4 0 0 0 0 0 0 0 0
1 1 1 0 -4 1 -5 0 2 -2 0 4 0 0 0 2 2 0 4 0 -2 0 0 0 0 0 2 0 -2 0 0 1 0 1 0 0 0 0 -1 4 0 -1 0 -1 0 0 2 -2 0 -1 0 0 4 0 0 0 0 0 0 -2 -2 2 0 0 0 0 0 0 2 0 0 0 0 0 -1 0 1 1 0 1 0 0 4 0 0 2 6 0 0 -1 -1 1 0 2 2 -2 0 5 2 2 4 -7 0 0 0 2 0 0 3 0 -2 2 -2 0 0 0 0 1 0 0 0 0 0 -1 -1 0 0 0 -1 0 1 1 -2 4 -2 2 1 0 0 2 0 1 3 0 0 -6 0 -2 0 -1 0 -1 0 0 2 0 0 0 5 0 -2 0 2 4 -2 0 -2 1 0 -2 0 -4 0 2 0 0 -1 -2 1 0 1 -2 2 0 3 0 -4 0 0 0 -2 0 0 0 4 0 0 0 2 0 -1 -1 2 0 0 -3 6 0 1 -1 0 0 0 2 1 2 0 5 0 -1 0 1 -2 -4 0 0 1 0 0 0 0 -2 0 0 0 -2 2 0 1 0 2 0 0 0 2 -1 0 0 0 -1 0 2 -3 -2 0 0 -1 -4 2 1 0 0 0 0 0 0 0 -2 1 -3 0 0 -2 4 2 0 -2 0 0 0 0 2 -1 0 -1 -1 2 0 1 0 -1 -1 35 1 -2 2 1 0 0 0 0 -1 2 2 1 2 0 -2 -2 0 2 2 -2 0 -1 6 0 -1 -1 -4 0 0 1 -1 0 0 1 1 0 2 0 0 0 2 0 -2 4 0 1 0 1 0 0 6 -2 -4 0 -4 2 -4 0 -2 0 -3 0 1 2 -1 -3 0 0 0 0 1 -1 4 2 -2 0 2 0 0 0 2 0 0 -4 0 0 4 1 0 0 0 0 1 0 0 0 -1 -1 0 4 0 0 1 0 0 0 -2 0 0 0 0 2 0 -1 0 0 0 4 5 0 -1 -2 -3 0 2 -2 0 0 0 0 0 -4 6 0 1 5 0 0 -1 0 0 0 0 0 -2 0 0 3 -1 3 -4 1 1 0 0 1 2 0 0 -1 0 -2 0 0 0 2 0
2 0 -2 0 0 -2 -1 -2 2 0 0 0 4 0 -1 1 4 0 2 2 0 -2 0 1 4 1 -3 0 4 0 0 0 0 0 -1 0 0 -5 0 0 0 0 0 0 2 0 1 0 0 -4 0 0 0 0 0 1 0 0 0 -1 0 0 0 -4 -3 0 -2 2 0 2 -2 -2 0 0 0 0 2 0 0 0 0 0 2 0 0 3 1 -2 0 2 0 0 0 -1 0 0 1 -2 0 -1 0 0 2 0 0 2 0 4 0 0 0 2 5 0 3 -2 1 -2 0 0 0 -2 0 1 2 -1 0 0 0 1 3 3 0 0 0 -6 0 -1 0 -2 0 0 0 4 0 4 0 0 0 -1 -1 -2 0 -2 0 0 0 0 1 0 -1 -4 -4 2 1 -1 0 0 0 2 0 0 -1 0 8 -2 6 -2 1 -1 -2 0 2 0 -2 0 0 2 1 0 0 -4 0 0 0 0 3 0 2 0 0 0 0 0 1 0 -2 1 1 0 0 2 0 0 0 0 2 0 0 1 3 -4 0 0 -2 0 -2 0 -2 0 2 0 0 -1 1 0 2 0 0 0 8 2 2 0 2 1 1 0 0 0 0 0 0 -14 0 0 -1 0 0 2 1 -2 0 0 -1 0 0 0 2 -1 -2 0 0 -2 -3 0 0 1 0 0 0 2 0 1 0 0 0 0 1 0 0 0 1 42 -8 0 1 0 0 0 1 0 4 -4 0 1 2 -1 0 2 0 0 -1 0 0 0 0 -2 0 0 2 0 0 1 1 0 0 0 -2 0 2 0 0 0 -1 1 6 0 2 -5 2 -2 0 0 2 1 0 0 0 1 2 4 -4 0 0 0 0 0 0 0 0 0 0 0 2 0 -3 0 0 1 4 0 -1 0 0 2 -4 2 1 1 2 -4 4 0 0 -4 0 0 4 0 0 0 -1 0 2 -1 0 0 -4 1 -2 -1 0 0 0 0 0 0 0 0 -2 0 3 0 -8 0 0 0 0 2 -3 0 0 2 0 0 0 0 0 0 0 -1 0 -1 0 0 3 -2 2 -1 -8 0 0 0 0 0 0 0 1 4 0 4 2 0 0 -4 0 0 0 0
2 -2 -2 1 -2 0 4 3 3 0 0 0 2 0 0 0 -3 1 2 -1 0 0 -4 0 0 0 2 0 0 -2 -2 0 2 0 -1 0 1 1 2 0 0 -4 0 0 0 1 0 0 0 1 3 0 5 1 4 2 -2 0 0 -5 0 0 0 9 -3 4 -2 0 1 1 -1 -2 4 0 0 0 0 2 2 0 -6 -4 -2 0 0 -2 0 0 0 -2 -4 0 -1 0 0 -4 6 1 1 0 -2 0 0 -2 -3 3 -2 -3 0 0 -2 -2 -4 0 1 -1 -3 -6 2 -4 1 0 2 0 0 0 0 -2 2 0 -2 0 -2 0 1 4 -2 -1 0 -7 0 3 0 2 -1 0 2 0 0 2 0 2 3 0 0 0 1 -6 0 2 4 11 -4 -2 -3 0 2 0 0 -6 0 2 4 -2 0 0 0 1 -4 2 0 -3 0 5 2 2 3 -2 0 -2 0 0 0 -1 0 0 -5 4 0 0 2 2 2 0 2 1 8 0 2 0 1 2 0 2 1 0 -1 0 0 3 -1 0 0 0 6 -4 0 1 1 0 0 0 -2 1 0 1 0 0 0 -1 -4 -2 1 -2 0 5 2 0 0 0 2 0 4 2 0 1 -1 2 0 0 2 0 -2 -4 0 0 0 -6 0 1 2 0 0 0 1 2 0 0 -2 0 0 0 0 -2 2 0 0 0 0 0 -5 4 -2 -8 56 2 0 0 -2 -1 0 0 1 -1 0 0 0 3 3 0 -2 -1 0 4 0 4 0 4 0 -6 1 2 0 -4 0 3 0 -2 2 4 0 1 0 1 0 2 0 0 0 0 0 4 0 -1 -6 4 3 2 1 0 0 0 5 0 1 2 0 0 4 4 -2 -4 0 0 3 -2 -4 4 -2 0 -4 4 2 0 2 0 -2 0 0 0 0 0 -6 1 0 0 3 -2 -1 -4 -2 -6 0 0 -3 -2 6 0 -1 0 3 0 2 0 2 5 -6 2 0 0 0 -4 2 0 0 5 2 0 1 -1 0 0 0 -2 -4 0 0 0 0 0 0 0 -6 -2 -6 1 0 2 0 -1 -2 0 0 6 -6 -2 -1 3 -1 -2 2 -6 0 0 0 0 0 0 -4 -2
0 -1 4 2 0 0 0 7 0 -6 1 -4 1 -1 -1 4 2 0 0 -2 0 0 2 0 0 -1 0 0 0 4 0 0 -4 0 -2 0 0 -1 0 0 0 0 0 3 0 0 0 0 4 0 3 0 0 0 0 0 0 0 0 -6 -1 2 0 0 -6 2 0 0 7 -1 1 3 2 -5 -4 -3 3 0 0 -4 0 0 0 -2 0 0 0 0 0 5 -1 4 0 0 0 0 -1 -2 0 0 0 3 -1 1 0 0 0 2 -1 -4 -2 1 1 4 0 0 0 -1 0 0 4 0 4 2 2 0 0 2 -3 1 1 4 0 -4 0 -1 0 0 -1 -6 1 1 -1 0 0 0 2 0 3 0 3 0 1 -2 -2 0 1 0 0 0 -1 0 0 0 0 0 0 -1 4 2 -2 -1 0 0 -1 0 0 1 0 4 0 0 -2 1 4 4 0 0 0 -1 -2 -1 -1 0 0 0 0 0 0 2 6 0 0 1 0 0 2 1 -4 0 -3 0 1 -1 -1 0 0 2 -2 -2 2 -4 0 0 2 2 1 -4 0 0 4 0 -1 2 -2 0 -1 0 3 -3 4 0 -4 2 0 1 -1 -2 -2 -3 1 -2 1 0 0 -2 2 1 -1 2 0 -1 0 2 3 -1 -1 -2 0 0 0 -4 0 0 0 1 5 -1 -4 3 2 -4 0 1 3 0 -3 0 -1 5 -2 0 2 0 2 53 -2 -3 0 0 1 1 4 1 1 -2 0 4 2 0 10 -2 -1 -1 -1 1 2 0 0 -1 1 5 -4 0 2 0 2 1 0 0 2 1 -1 0 2 -2 0 -2 -2 0 6 0 1 4 1 0 0 1 4 1 -5 1 1 0 -2 0 -2 0 2 -1 0 0 0 -2 -2 0 0 -3 -4 0 1 0 4 -3 -1 -2 0 0 0 0 4 -3 -1 -3 -3 0 -6 -7 -2 0 -2 1 0 1 0 -2 0 0 0 0 0 -4 0 1 1 2 0 0 2 2 6 0 0 0 0 -1 0 -1 2 -7 6 0 4 0 1 0 -2 0 1 0 1 0 0 -2 -1 -2 -6 -1 0 0 2 -6 0 0 -2 0 4 0 -2 2 1 -1 0 4 1 -2 -2 -1 -1 2
1 0 0 0 0 -2 1 0 -2 -2 0 2 0 6 0 -2 0 3 2 0 0 -2 4 0 0 -8 0 0 0 3 0 -2 6 0 4 0 1 0 -4 2 0 0 -1 -1 6 0 2 -2 0 0 0 -2 2 4 2 0 -4 3 0 0 4 1 0 0 -2 0 -2 -2 0 0 2 -2 2 0 2 0 2 0 -4 0 -4 0 0 2 -6 1 0 -2 0 0 8 1 1 -2 -1 3 -3 2 2 0 0 0 0 0 2 2 0 -2 0 0 2 2 -2 0 -2 -3 0 0 0 4 -3 0 2 1 0 0 1 0 0 2 1 -6 -4 0 6 0 -2 0 -2 -2 -1 0 3 0 0 -1 -1 0 0 1 0 -1 -1 0 0 2 2 -4 -1 0 0 -1 3 0 -2 0 2 1 1 0 -1 -1 0 -4 -4 2 0 -1 0 2 0 -2 1 0 2 0 2 4 -5 -2 0 -2 0 0 0 -2 -4 -5 -3 -1 0 -3 0 3 1 0 0 0 -1 -1 1 -4 0 0 0 0 2 -3 0 -4 -1 -1 0 -2 2 -2 2 0 2 -4 0 0 -4 4 6 0 -1 4 0 1 3 -2 0 -4 2 1 0 -1 0 -3 -2 -1 0 2 -1 -2 4 2 -2 -1 -2 -4 0 1 0 0 4 1 2 2 0 0 -4 0 -2 1 -3 0 -2 0 2 2 -5 0 -2 -2 3 -4 2 0 -1 2 1 1 0 -2 52 0 0 -2 0 -1 -4 0 2 0 2 0 0 0 -1 0 -1 -2 -3 0 -3 4 0 0 6 0 0 1 -1 0 0 0 1 -1 0 0 -2 0 0 1 4 0 1 0 0 2 1 -3 1 -1 1 0 0 0 3 -2 4 -4 0 -1 0 -3 -3 -3 -2 -1 -1 0 1 0 0 1 0 1 0 0 1 0 6 0 -2 -1 2 2 -1 0 0 2 1 2 0 0 2 0 0 -4 0 -2 2 3 2 -2 2 0 4 2 2 0 -1 1 0 0 1 -2 0 2 -3 4 0 0 0 2 -2 0 0 2 4 1 2 2 0 0 2 0 0 -3 2 -1 -1 0 0 -6 -5 0 -2 -1 -2 1 -1 0 0 0 2 1 0 -1 0 -1 0 -2 3 0 -2 0
0 3 0 0 0 4 0 0 2 -2 1 0 0 0 0 -5 0 1 2 0 1 0 1 0 0 1 0 0 -4 1 0 0 -1 0 0 0 0 0 0 0 0 0 0 -1 1 4 0 -1 -5 0 0 2 1 0 0 0 0 0 -1 4 0 0 0 0 0 0 1 1 1 2 -2 0 -1 0 -2 0 3 0 0 -1 0 0 0 2 1 0 0 -1 0 6 0 1 2 0 -2 0 0 0 0 0 2 -4 0 2 -1 0 0 0 1 0 0 1 2 1 1 0 0 0 0 6 0 0 0 -4 1 0 2 1 0 0 4 2 0 4 0 0 0 0 0 4 0 1 0 -1 0 -2 0 1 0 2 -2 0 0 -1 2 7 3 0 0 0 0 0 0 2 0 0 -1 0 -3 0 1 -1 -1 0 0 0 -4 0 0 4 -4 0 1 1 2 0 0 0 -2 0 -1 -2 0 -2 -1 0 0 0 0 0 2 0 -2 0 0 0 0 0 4 0 1 0 0 1 0 0 0 1 0 0 1 -1 0 0 0 -2 1 0 0 0 -4 0 0 -1 0 4 0 0 0 -1 0 0 0 2 0 0 -1 0 0 0 0 0 0 0 0 -1 0 0 0 0 0 0 0 -1 -2 -3 0 0 0 0 0 1 0 0 0 -2 0 0 0 0 2 0 -1 0 0 1 -4 0 0 0 -1 -1 0 0 0 -3 0 28 0 0 4 -2 -3 -1 -1 2 0 0 1 0 1 6 0 1 1 0 -2 0 0 0 0 1 -3 2 -1 0 0 0 0 -2 0 2 0 0 0 0 0 0 0 0 1 0 0 0 0 -2 0 -2 0 1 -2 4 0 0 2 -2 -1 0 -2 0 0 0 -2 -4 0 0 4 1 4 0 2 2 -3 0 0 0 0 0 0 -1 -1 0 0 6 2 0 -4 -2 0 2 0 0 -2 -1 0 -3 0 0 -1 0 0 -2 0 0 0 2 0 0 -2 0 2 0 5 -2 0 0 0 0 0 0 0 0 0 0 -1 0 -2 -1 0 0 -1 0 0 0 0 -2 1 0 -2 0 0 2 0 2 0 0 0 -2 0 0 2 -2 0 -2 0 2 0 0 0 0
-6 -2 -1 0 -2 0 -1 0 0 0 0 2 2 -2 0 0 0 1 2 0 1 0 -3 -1 2 -2 2 0 4 -3 0 0 0 0 2 1 -4 2 0 0 0 0 0 0 2 0 0 2 -1 0 -3 5 0 -2 1 0 0 -2 0 -2 -1 1 -1 -4 1 0 -1 0 0 -2 0 -2 1 0 1 -3 0 -3 -1 0 -1 0 -2 -2 0 -3 0 -1 -1 0 0 0 2 -4 0 0 2 -1 1 0 0 0 0 0 -1 3 0 -1 0 0 -1 -2 3 -1 1 1 -2 2 -1 0 -4 0 0 -2 0 0 0 1 0 8 0 0 1 0 0 0 -2 0 0 -1 -4 -1 -6 3 0 2 1 0 0 -2 -2 1 1 0 1 4 1 -2 -3 -1 2 -1 1 0 0 0 0 -3 0 0 0 0 0 -1 0 -1 1 -2 0 0 2 0 2 0 -2 -1 -3 1 -2 4 0 -7 1 0 0 0 -4 2 -8 1 0 0 1 0 0 0 -2 4 0 1 0 -6 2 -4 0 -1 -1 0 0 0 0 -6 0 0 1 -2 1 -4 0 -2 -2 0 0 3 1 -2 6 0 -2 0 2 -5 2 0 0 -2 2 -4 0 0 -1 0 0 -1 0 0 -3 1 -3 0 0 0 4 -1 0 0 0 1 -3 4 0 1 -2 0 2 -6 0 0 -2 0 -2 -1 -1 0 2 -2 2 -1 0 0 3 -2 0 0 -2 0 0 0 37 2 0 0 1 0 0 0 0 0 -3 1 1 1 4 -3 0 0 0 -1 -2 2 0 -1 0 -3 0 1 0 4 0 4 0 1 0 3 -5 -2 4 -2 0 0 0 0 3 0 2 3 0 0 0 0 2 0 -2 0 0 0 0 -4 0 0 -2 -2 0 -2 0 0 0 2 0 0 0 0 4 2 -1 -2 1 0 0 0 0 0 0 2 -1 -2 0 0 1 2 0 0 0 -2 0 -3 -3 0 3 -2 4 4 -1 -1 1 4 1 0 -1 0 -2 -5 0 0 -1 0 2 3 0 0 2 -1 0 -1 1 0 1 0 0 0 0 0 2 0 3 4 0 0 -2 0 4 0 0 -1 2 0 0 0 0 3 1 0 0 1 0 -1 0 2 0 0
0 0 -4 -2 1 0 3 2 0 -4 2 -2 0 1 0 1 -1 0 1 5 5 6 2 0 0 0 0 2 -1 1 -6 1 1 -1 4 3 0 2 2 -2 2 0 0 1 4 4 -1 5 0 0 -2 -2 -4 0 0 0 2 -1 -4 0 -2 -2 -2 0 6 0 5 0 -5 -1 1 0 6 0 2 1 -2 2 0 6 0 0 -5 -2 0 -2 0 2 2 -1 2 -2 0 0 -1 0 0 0 0 -4 2 -1 1 0 0 -1 0 0 2 2 0 0 0 0 0 0 -2 1 0 0 -3 -2 1 2 4 -1 0 0 0 2 0 4 0 0 0 -2 2 0 0 5 0 0 4 0 0 1 -6 1 0 0 1 2 0 0 4 -1 3 -2 -1 6 0 -1 -2 1 0 0 0 4 2 -4 0 0 2 2 1 2 2 0 0 1 2 0 0 1 2 -1 0 4 0 2 -1 0 0 0 4 0 5 -1 4 -3 3 0 0 0 0 3 -2 1 0 0 0 6 0 -4 4 0 0 -5 0 0 -1 -3 0 0 -4 5 0 -1 2 -1 0 -2 0 4 1 0 0 0 2 1 0 0 -3 4 2 0 0 0 0 0 0 0 0 2 -3 0 0 0 -2 0 -1 -2 0 0 -2 0 0 0 4 -4 0 0 2 0 -2 -1 0 2 0 0 0 4 0 -1 0 0 6 2 -2 -1 -1 0 0 0 -1 0 -2 0 2 58 0 1 -2 0 -3 2 0 2 0 0 0 0 8 0 2 1 0 -2 4 0 0 0 6 3 0 -4 0 1 0 -1 4 -4 -4 0 -6 -1 -2 2 0 -2 -4 -2 3 0 0 -4 4 -1 0 -4 0 0 2 3 2 0 -1 1 0 0 -4 0 2 -1 0 2 2 0 -2 0 2 0 0 -2 0 2 1 0 0 1 0 4 0 0 3 2 0 1 -2 -2 7 0 0 2 0 1 0 1 0 0 0 5 1 -8 -2 4 0 0 0 0 -1 -2 -2 8 -3 0 -4 0 1 2 2 1 0 -2 1 0 0 -2 1 -4 4 0 0 0 0 1 0 2 0 1 0 0 3 2 2 0 0 0 -1 5 0 4 0 -6 0 2 -2 0 -1 -3
0 -3 0 0 2 0 -1 0 5 0 -1 1 0 0 0 0 1 0 0 4 1 0 -2 0 0 1 0 -2 -1 2 4 0 0 0 -2 0 0 -2 0 0 0 -2 0 2 0 4 0 0 0 -8 1 0 -3 4 0 1 0 -1 1 2 0 0 0 0 2 0 5 0 -2 0 0 -4 -4 -4 -2 0 -1 4 0 0 0 -1 0 2 1 -4 0 0 1 0 -1 0 0 -1 2 0 -4 0 0 0 -2 0 -3 0 0 2 -2 0 1 0 4 0 -3 0 2 2 2 2 -4 0 0 1 0 0 4 0 0 0 0 4 6 2 0 -4 -2 -2 0 -2 0 -4 0 0 4 0 2 1 -12 1 -4 0 0 0 -1 0 0 4 -2 1 0 0 0 0 0 0 0 1 0 2 1 2 0 0 0 0 0 0 1 0 0 4 -1 0 1 0 0 0 0 -2 0 0 0 -4 2 0 0 2 2 0 0 3 0 0 -1 0 2 0 -4 -2 0 0 2 0 -2 1 0 0 0 2 0 1 4 -1 0 2 1 0 1 -2 0 0 0 -1 2 -1 1 0 1 0 0 -2 0 0 0 4 0 0 3 0 -2 -4 4 0 4 0 -2 0 0 0 -1 -1 0 0 0 0 2 0 3 0 0 4 -1 3 1 -2 0 2 -2 1 0 0 1 0 0 4 5 0 1 2 -4 0 0 7 0 1 0 1 0 4 0 0 46 0 0 0 -2 5 2 -2 -4 -1 0 0 0 -2 1 0 2 1 6 0 -1 -1 -2 0 1 0 0 -2 3 2 -4 0 0 1 0 -2 -3 0 -2 1 1 0 0 0 0 0 1 2 -4 -1 0 1 1 3 0 -4 -2 -2 0 0 0 0 -4 0 0 -3 -2 1 0 -2 8 2 1 5 0 0 0 4 -4 1 2 0 0 3 -2 0 -1 -2 -2 0 -4 3 2 2 0 -1 -1 0 -2 0 0 -2 0 0 0 0 -4 0 -4 1 0 0 0 -1 0 -1 0 2 -2 0 8 0 2 3 0 0 -4 0 -1 0 0 0 1 4 0 0 0 0 -4 2 2 4 -4 0 -4 5 8 0 0 2 -4 0 0 1 -1 0 -2 0 -2 4
0 0 3 0 1 -6 -2 0 0 0 0 -1 0 -3 -2 0 2 -2 2 0 0 0 0 0 0 -2 0 4 0 0 -2 -3 0 -1 0 -4 0 0 -1 -1 0 -2 -2 0 3 0 0 1 0 0 0 2 -2 -4 0 -1 4 -3 4 -1 0 0 1 0 1 0 0 -4 1 -2 2 -2 2 0 1 0 0 1 -3 -2 4 0 3 2 1 0 0 0 -1 0 -2 -1 0 0 0 0 -2 2 -1 0 -2 0 0 3 2 0 0 1 2 -1 0 0 0 2 -3 0 0 0 0 -4 2 -1 0 2 -2 0 -3 0 -2 0 2 0 2 1 0 2 -1 -1 0 1 -2 -5 1 2 0 0 -4 0 -1 2 3 0 0 1 -1 -2 2 1 0 1 0 2 0 2 2 1 0 0 4 -3 -1 0 0 1 2 0 0 0 1 3 -1 -2 1 -2 0 0 1 2 0 -1 0 -2 0 2 -1 0 -2 0 0 0 -1 6 0 1 0 0 2 -1 -5 0 2 0 4 0 0 2 -1 -1 -7 4 0 -3 0 1 -1 1 -1 2 0 -1 -2 0 0 -1 0 0 0 0 0 0 0 4 -6 2 0 1 -1 0 -2 2 0 -2 -3 0 0 1 0 2 0 -1 0 0 0 -1 1 2 0 4 0 1 0 0 0 -1 -1 0 -4 1 -3 -1 -3 -2 3 4 1 1 -2 0 -3 0 2 4 -1 0 0 1 -1 -2 0 1 0 49 1 -1 0 -3 4 0 2 -4 0 0 -2 1 0 1 0 2 0 -3 0 0 0 0 -2 0 0 -6 0 -2 0 4 0 -1 2 0 2 0 0 0 0 0 2 0 1 -1 0 0 0 0 -4 2 0 -1 0 0 1 2 0 -2 0 0 3 0 1 -4 2 10 -2 -2 -2 -2 0 0 1 -1 0 0 0 0 -1 0 0 2 5 1 -1 3 0 0 1 0 2 -2 0 2 0 3 0 0 0 0 0 -2 -2 0 0 2 0 0 0 0 -6 4 0 0 0 0 1 -2 0 -2 0 4 -2 -3 0 2 -1 0 -2 3 0 -4 0 2 0 -2 2 2 -3 0 0 0 -4 -1 0 0 4 6 0 -2 1 -2 0 -2 -6 -4 0 -1
3 -1 -2 0 -4 2 -5 4 3 0 0 -1 1 -1 0 4 0 -2 0 -10 -4 0 -3 -2 0 0 0 1 0 1 0 0 3 0 0 0 1 -3 0 2 2 2 0 0 0 -2 -2 1 0 1 -2 -4 -1 0 -2 -1 0 -1 0 1 -1 -2 1 0 -4 1 0 4 0 -2 0 0 0 -4 -1 0 0 1 4 0 0 -4 2 0 -4 0 0 1 2 0 2 0 -3 -2 7 0 0 0 0 0 0 0 -1 0 1 0 0 2 2 0 -2 0 -2 -2 1 1 -2 3 0 -2 0 1 2 0 0 0 0 -1 0 0 0 -7 0 0 0 0 1 0 0 0 -1 0 -2 0 1 0 0 2 0 -4 -1 0 2 1 0 2 0 1 -1 0 0 1 -3 2 1 4 -3 -4 6 0 -6 0 -1 0 2 0 1 -1 0 -2 -2 4 -2 0 -2 4 -2 0 0 -1 -2 1 -1 2 0 0 2 0 0 0 1 -1 0 0 1 4 1 0 0 0 0 1 0 -2 0 4 0 0 -5 0 1 -4 0 0 -2 3 -2 0 0 0 0 -4 0 1 3 2 0 -1 1 0 2 0 2 0 0 0 -1 0 -2 2 2 -1 4 -5 0 4 1 3 0 1 0 0 1 0 2 0 0 4 0 4 -1 -3 2 0 0 0 4 -6 0 0 6 -2 1 0 0 0 0 0 -2 0 -3 -1 2 4 1 4 -4 -3 1 -2 0 1 48 -1 -2 0 0 0 0 -3 0 -2 -5 0 -4 0 0 2 0 4 1 -1 0 2 0 -1 0 0 0 2 2 0 0 1 2 -3 0 1 0 0 -2 0 0 0 2 -2 1 -2 2 -4 0 2 -3 1 -3 2 0 2 0 0 0 1 2 0 1 0 -1 -6 0 0 0 1 -2 -5 -2 0 -3 4 -2 0 0 -1 0 4 2 5 -2 0 0 0 -2 5 0 0 -4 -1 0 0 0 -4 -2 0 0 -1 0 0 0 0 0 2 1 0 0 0 -2 0 0 0 0 -4 0 0 -2 -3 0 0 1 2 3 2 0 3 1 0 0 0 5 4 -2 0 -1 -2 0 2 -2 0 0 0 0 0 0 0 -1 5 0 -3 0 0 0 0
3 7 5 0 1 0 2 0 -1 4 0 -1 2 -1 5 1 -2 -1 0 1 0 4 -2 -1 -5 1 -2 1 -4 2 3 -2 0 0 -1 0 -2 -9 0 0 -1 2 0 4 0 0 0 0 0 -2 3 2 -1 2 0 4 1 -4 5 2 0 -2 -4 0 -2 0 3 -2 0 -4 0 -3 0 0 -2 1 0 0 2 1 -3 4 0 -5 2 4 0 6 0 -2 0 -1 -2 0 -3 0 -10 0 2 0 2 0 3 0 0 0 0 0 1 -4 2 0 0 -2 0 -2 0 -4 0 0 8 0 -1 1 0 0 2 0 2 2 0 4 1 3 -3 0 1 0 8 2 -1 -2 2 -12 1 4 -4 0 4 11 -2 1 -2 -1 0 -4 -4 -1 -3 -1 -4 2 0 0 -2 0 -2 -2 -2 -1 -2 0 -4 0 5 2 0 2 0 2 4 0 -1 2 -2 2 0 -2 0 1 1 -4 -2 2 3 1 1 -4 2 4 1 0 0 1 2 2 2 -2 0 2 -1 2 6 0 -4 0 -1 2 1 -4 1 2 0 -4 0 8 2 -2 0 0 0 6 0 2 -4 2 4 2 6 0 0 -2 -1 2 0 0 0 0 0 0 2 0 0 2 1 -3 2 0 1 0 2 -1 -2 -1 2 4 0 0 0 -2 0 -1 0 2 -1 1 1 0 2 -1 0 0 1 1 0 1 2 0 6 2 5 0 2 -4 -1 1 0 -1 0 0 0 -1 -1 68 1 1 -2 3 1 0 0 0 0 0 0 0 0 1 0 0 1 0 -2 1 4 4 -2 0 -4 3 0 1 0 -2 2 2 0 -7 5 -2 0 4 2 2 3 6 -4 -2 0 -2 2 0 1 -1 2 1 -5 0 0 6 0 -4 0 0 2 0 -2 1 4 2 -4 2 -1 1 -4 -2 0 0 4 0 1 -1 1 -2 0 -2 -1 0 -2 -2 0 4 2 1 -1 2 2 -2 0 1 4 0 0 2 0 -4 0 0 -1 0 0 4 0 0 -1 0 0 0 0 -2 0 -4 4 2 -1 2 0 0 -3 0 4 -4 4 0 0 4 -16 2 -4 -1 4 0 4 0 0 0 0 4 0 0 0 4 0 -4 1 0 2 0 2 -1
0 1 -2 -2 2 -1 2 0 4 0 0 2 -4 2 0 3 2 0 0 2 -4 0 1 0 0 0 0 2 0 1 0 2 -3 -1 0 5 -2 0 -2 1 -2 2 0 1 0 -1 1 1 6 0 0 2 0 2 -2 -2 0 2 0 2 0 -1 0 0 0 0 0 0 -2 0 0 -2 4 3 0 5 0 0 0 1 -1 1 0 0 1 0 0 4 0 0 0 -3 1 4 0 0 0 0 -2 1 1 -1 4 0 -3 -1 0 0 0 1 -1 1 -2 0 -4 -2 -6 -4 -1 0 -2 2 -4 0 0 -1 -2 0 0 1 0 -1 0 2 1 5 2 -2 -1 1 1 -2 0 0 0 -2 0 -4 1 0 0 0 0 1 0 -4 -4 6 -2 -2 0 0 0 -5 -1 0 1 0 1 0 -2 0 0 0 0 2 3 0 0 0 -2 2 0 0 0 -1 0 1 0 1 0 2 1 -3 -2 1 -5 0 1 8 0 0 3 0 0 1 -2 0 -4 0 -1 0 0 1 -1 0 0 0 0 -1 -1 -1 2 2 0 -1 -1 -8 0 2 0 0 0 0 0 0 1 2 -2 -1 0 0 2 -2 -1 0 0 0 0 0 0 -2 -1 -1 0 -1 1 0 -2 1 -2 0 0 0 -1 1 0 0 -1 2 0 -1 4 -1 -2 0 0 0 1 0 0 2 0 2 -1 0 0 0 0 0 5 0 1 0 0 1 2 -1 0 -3 -2 0 -2 1 40 0 1 1 1 0 0 0 2 -1 0 2 -1 0 1 1 0 0 -4 -2 0 1 0 -3 -4 3 2 5 1 -2 0 0 1 2 -4 0 -6 0 0 2 -2 2 -2 2 0 1 -2 0 0 2 0 -2 0 0 2 0 -2 1 3 1 0 1 0 0 2 0 5 0 -5 0 -1 -1 -2 0 1 2 4 1 2 0 -2 1 -2 -2 2 0 1 -4 0 -5 1 0 1 0 1 2 1 0 0 -2 0 0 0 0 -1 0 0 3 1 -5 0 0 -2 -1 2 -3 1 0 2 0 2 0 0 2 -1 1 6 -2 0 0 -3 1 -1 -2 0 -2 -1 0 -2 0 -1 -2 -2 -2 0 0 1 -1 2 0 0 -1 0 1 3 0
0 2 0 0 0 2 -2 0 0 2 1 -2 0 0 1 3 2 0 0 0 0 2 0 0 0 0 0 2 0 0 0 -1 -1 -1 0 2 2 -2 -1 0 -4 2 0 0 -2 4 4 0 0 -2 -2 0 -4 0 0 0 0 2 0 1 -6 0 0 0 0 0 0 2 -7 1 0 0 -1 0 -2 0 -6 0 0 -1 2 0 0 0 0 0 0 0 0 0 4 0 2 -1 0 0 0 0 0 -2 0 -2 0 2 0 2 0 -5 -2 4 0 0 0 -4 2 0 -1 -2 0 0 4 0 0 -4 2 0 -1 2 -2 0 -2 2 0 0 0 2 0 0 0 -2 2 2 0 2 0 -1 -6 0 0 -1 -1 -1 1 -2 1 2 -3 1 -1 2 0 0 -1 0 -4 0 0 0 0 -1 3 0 0 0 -1 0 1 0 -2 0 0 0 4 0 0 1 -2 1 0 -1 -2 0 -2 0 0 0 0 -9 0 0 -2 -2 -2 0 0 1 1 0 0 0 2 1 0 0 0 -3 0 -2 0 0 3 4 0 -1 -4 -5 1 0 0 0 -2 0 -4 0 -2 0 0 0 -2 -2 0 -2 0 4 0 -2 5 5 0 -2 1 0 0 0 -1 0 1 2 0 0 -2 0 0 0 0 -4 2 -5 2 2 1 0 -1 -7 0 3 -4 1 0 -3 0 0 -2 2 0 -2 0 0 0 0 1 1 2 1 0 -2 0 2 0 2 5 -3 0 1 0 40 1 1 0 0 -4 1 -2 0 0 -2 0 -1 2 -2 0 0 -2 0 -3 0 0 0 0 0 0 0 0 0 -2 0 0 -1 4 0 -4 -1 0 -2 0 0 3 0 -2 0 2 0 -4 1 0 1 4 0 -1 -2 -2 0 0 1 1 1 -1 0 0 2 0 2 0 0 3 0 0 0 0 -1 -4 0 0 -2 1 1 0 0 5 -2 -3 0 0 1 0 0 0 0 0 0 -2 0 1 2 -2 0 0 2 -5 0 0 0 0 0 0 2 -1 0 -2 1 0 -2 -1 0 -2 0 -2 0 -2 0 0 -2 0 0 0 0 -4 0 1 -1 2 0 -2 -2 0 -2 0 3 -2 0 -2 -2 2 0 4 1 0 2 0 0
1 0 0 0 -1 -2 -1 -2 0 1 -1 -1 0 1 -1 0 3 0 -2 0 0 0 0 0 0 -4 -1 1 0 0 0 2 -2 0 2 2 0 6 0 0 0 0 -1 -4 0 0 0 -2 0 2 0 0 0 0 0 0 0 0 0 -1 0 -3 0 0 0 0 0 -1 0 0 -4 0 1 0 -2 0 -1 -4 -4 0 0 2 0 0 3 2 0 0 -1 0 0 -1 4 2 -1 -1 -4 -4 0 0 -2 -1 0 2 0 0 -2 0 0 -5 2 4 0 0 0 4 3 2 0 0 0 2 0 0 1 0 -3 -4 0 0 0 0 0 -1 -1 0 1 -2 -2 0 2 0 0 0 0 0 -2 0 -1 -1 0 -2 1 0 0 0 2 -2 -1 -2 0 -1 0 5 1 0 0 0 1 0 0 0 0 0 0 0 0 -2 -2 2 0 0 0 0 0 0 0 2 0 -2 0 0 0 0 -8 -1 2 2 0 0 0 1 -2 0 -2 -1 2 0 -2 -1 0 -3 -2 3 0 0 -1 0 0 2 -2 0 0 2 0 0 0 0 0 2 2 -2 0 0 1 0 -2 0 0 -3 1 0 0 0 2 0 0 0 0 -3 0 -1 -1 0 -3 0 1 0 0 -3 0 1 -2 0 -2 1 -2 0 0 -2 0 0 0 0 -5 0 -5 0 0 -4 1 1 1 0 0 0 3 0 0 0 -1 3 0 2 0 0 2 0 0 0 2 4 0 -2 1 1 24 1 0 0 -1 0 1 -2 -3 0 -1 0 0 0 0 0 0 0 0 0 0 -5 0 0 -1 0 0 0 1 1 2 0 2 0 1 -1 0 0 -4 -1 1 -2 0 0 1 0 0 0 0 0 0 1 0 -4 0 1 4 1 0 0 -3 0 0 -1 1 0 0 0 -2 4 0 1 0 0 0 -2 -1 0 1 0 0 1 -2 2 1 0 -3 0 1 -2 0 0 0 -1 2 -3 0 -1 0 0 0 0 1 0 -2 0 0 -2 1 0 0 1 0 0 2 2 4 1 2 -1 0 0 0 0 -2 1 0 0 2 -1 2 0 1 0 -1 2 -2 0 -2 1 0 -1 0 2 0 -2 -4 0 0 1 0 0 -1 -1
1 0 0 4 3 -4 6 4 -3 0 0 -1 0 -1 -5 2 1 0 2 -1 0 2 1 -1 0 0 0 2 0 0 0 -2 -2 1 0 0 -2 0 0 0 -2 0 -1 2 -1 0 0 0 -4 0 -4 0 0 4 4 0 1 0 1 3 0 -2 0 0 -4 0 0 -2 4 0 0 -2 0 -4 0 0 0 0 0 -3 0 0 -4 0 0 1 0 0 -1 0 -2 0 -5 0 0 -6 1 0 -2 0 0 0 0 -2 0 0 0 0 -2 0 -2 0 1 0 0 -2 0 0 0 -3 0 2 -4 0 0 -2 0 1 0 2 0 0 2 2 0 -1 0 0 0 1 2 -4 -2 0 0 0 0 0 0 -3 -2 0 5 0 -2 -1 1 0 1 2 -3 -4 0 -2 0 1 -6 -2 3 0 4 4 5 0 0 0 0 0 0 1 -4 4 -2 3 -2 4 1 0 0 -2 -2 0 -2 -2 0 0 -1 0 2 0 -2 0 -2 0 0 1 6 0 0 0 -2 2 4 0 1 -4 3 -1 0 3 0 -4 0 0 0 0 0 0 0 0 -2 6 0 -1 0 -1 0 5 0 0 0 -2 1 0 3 1 2 0 0 -2 0 0 -1 0 2 -1 -3 -2 2 1 -1 0 0 0 4 0 0 0 0 0 -4 -2 2 1 0 -1 4 0 1 -1 6 1 7 0 2 -1 5 0 1 4 -3 1 -2 -1 3 4 0 0 0 2 -2 0 0 3 1 1 1 48 4 -3 0 7 5 0 0 0 -2 0 -3 2 0 0 0 2 0 -1 0 2 0 0 0 0 1 0 1 1 -1 -2 6 0 -2 1 0 0 2 0 0 3 2 4 0 2 0 0 0 0 0 -1 0 4 -3 3 0 0 3 0 0 -1 0 0 -2 -1 -2 -4 1 2 -1 0 0 0 -1 -6 0 0 -4 -2 2 1 4 2 0 -2 -2 -2 0 0 -1 0 2 6 0 1 0 0 0 -1 2 -2 8 0 1 0 -1 0 0 0 -2 0 0 -4 0 0 -1 0 0 2 0 0 -2 0 1 0 2 -2 0 4 2 0 -4 0 0 2 2 2 -2 0 0 1 0 -2 -1 -1 -4 4 0 0 0 1 0 0
-4 0 2 0 0 0 -1 0 0 -2 0 -5 0 -3 0 -3 2 0 -2 4 -4 0 -2 -2 0 0 1 3 0 2 0 -2 -4 0 6 0 -1 -2 4 -1 0 0 0 -1 1 -2 0 10 0 4 -6 1 0 0 0 0 2 0 -3 -4 0 -4 -1 1 -2 1 0 0 6 1 -2 0 2 4 0 2 0 1 4 -2 0 0 -4 -4 1 -2 0 -1 0 0 1 -2 4 -1 -2 1 0 0 2 0 -2 0 1 2 -6 -4 0 -2 0 0 2 -2 4 0 2 2 -3 -2 0 0 1 -1 0 -1 0 -2 4 0 0 0 -1 0 0 0 -2 -1 0 1 0 -3 0 1 0 0 0 -2 0 0 0 0 2 6 3 0 -4 -1 -1 -2 1 0 -4 0 0 -2 0 0 -1 2 1 -2 0 2 0 0 0 0 2 -2 0 0 0 2 0 3 6 0 4 3 0 -1 0 0 0 -4 4 0 0 2 -2 4 -1 0 0 -4 0 -2 -1 0 0 0 0 2 2 -2 0 -2 -2 0 0 2 -6 0 0 1 -1 0 5 4 0 0 -4 0 0 -4 3 -2 0 -2 1 0 0 0 4 1 -2 3 7 0 0 1 -4 0 -2 2 0 0 1 4 -2 0 0 0 0 0 0 0 0 4 3 -5 0 0 -2 -3 0 6 0 0 4 0 0 -4 0 -10 1 -2 0 -6 4 0 4 1 -2 0 3 2 0 1 -3 0 -4 2 0 1 1 0 0 4 65 2 0 -10 1 2 0 0 -4 -1 -4 3 0 1 -4 0 7 0 0 -2 0 -1 0 -2 -2 0 2 0 4 -8 -1 0 -2 0 -2 0 -4 0 0 2 4 -2 0 2 2 0 -1 0 2 0 0 0 2 0 2 0 0 0 2 2 0 2 0 0 0 2 -4 -5 2 0 -2 4 -3 -2 0 0 0 0 -4 0 0 0 -4 6 0 -1 0 0 0 0 -2 0 6 0 0 -2 -2 -3 0 1 4 0 3 -1 0 1 0 0 0 0 6 -4 6 2 0 2 0 -2 0 0 0 0 2 0 0 -1 6 2 0 -1 1 -2 -1 0 0 3 -6 4 -1 0 -6 0 0 -4 -3 0 4 0 2 5 0 -2
-2 2 1 0 0 0 0 -4 2 0 0 -2 0 0 -1 0 0 0 2 2 0 0 1 0 4 0 0 1 0 0 0 0 -2 0 0 5 0 -1 0 0 0 4 0 0 2 0 0 2 0 0 -1 0 2 0 0 0 0 1 0 0 0 -2 0 0 2 0 0 0 -1 0 0 3 1 2 0 0 0 0 2 1 2 0 2 -3 0 0 -1 0 0 0 0 2 4 0 0 0 -1 0 2 -1 0 0 2 0 1 1 0 0 0 1 0 0 0 -1 0 0 0 0 0 0 0 -2 0 -2 2 -3 0 0 0 0 -2 -2 0 0 2 0 0 0 0 0 0 1 0 0 0 -4 0 0 0 1 1 1 0 0 1 0 -2 -1 0 -1 -1 0 0 0 -1 -1 1 1 -3 0 0 2 -1 -2 -2 0 0 0 0 -5 0 1 2 0 1 -2 0 -2 0 0 1 0 2 4 -2 0 0 0 -1 0 0 0 2 0 0 0 -2 0 0 2 -2 1 0 0 2 -1 0 -2 0 0 -4 -1 0 0 0 0 0 0 0 0 2 0 0 0 -1 -2 0 -2 0 0 -2 0 0 0 0 0 0 1 4 0 -2 0 -2 0 -1 0 0 0 0 2 5 0 0 0 0 1 0 1 0 0 0 1 -1 0 0 0 -2 0 4 -1 -2 -2 0 0 1 0 0 -1 0 -2 2 2 0 2 0 0 0 0 1 0 -1 -4 -3 0 0 0 0 -3 2 18 0 0 0 0 0 -2 2 2 0 0 3 0 -4 0 1 0 0 1 0 0 1 2 0 2 -1 3 0 -2 0 -1 0 -2 3 0 0 1 0 1 0 0 0 0 1 0 0 0 -1 0 0 2 0 0 -1 0 -1 0 2 -2 0 0 0 0 -1 1 0 0 0 0 2 0 0 -2 0 4 0 0 0 1 2 2 0 1 0 0 -2 0 0 0 0 0 0 0 0 0 0 0 0 0 -2 0 -1 0 0 -2 0 0 0 0 0 2 2 -2 2 0 2 0 0 0 -1 0 0 2 0 3 2 0 1 0 3 -1 0 0 0 -2 -1 0 0 -1 0 1 0 0 0 -2 0 -3 0 6 0 0
0 0 2 0 0 4 -2 0 0 -2 0 0 0 0 0 0 0 4 4 0 -2 2 0 -1 2 2 1 0 0 0 0 0 -1 0 -2 0 0 0 -1 0 2 -1 0 -1 0 2 -4 0 3 2 -2 0 0 0 2 0 0 0 0 -4 0 -2 0 -2 0 0 0 -2 2 4 0 0 -1 0 -2 0 0 0 1 0 2 0 0 2 0 -1 0 4 0 4 -6 0 0 0 1 0 2 -2 0 0 -2 4 0 -2 0 0 0 1 1 0 -2 -1 0 4 0 0 0 -2 0 0 0 1 -4 0 0 0 0 -1 -1 -2 0 0 1 -4 0 0 0 -3 0 0 3 0 -2 0 4 -2 0 -2 0 -4 2 0 0 -2 -2 4 -4 2 0 -1 -2 0 2 2 1 -2 0 0 -1 4 3 -3 0 0 0 0 -3 -2 1 4 -1 0 -2 0 0 0 0 0 0 0 -2 0 0 6 0 0 -2 0 0 0 2 -1 0 0 -2 0 0 0 -4 0 0 1 1 -2 4 0 0 0 0 0 0 0 0 0 1 0 1 -4 -2 -2 4 0 0 -1 0 -2 2 0 0 1 0 0 -4 0 0 -2 0 0 0 4 0 0 -1 -1 1 0 -1 -2 1 0 0 0 0 -1 2 -2 0 -2 -4 0 0 0 0 0 0 0 0 0 0 0 0 2 0 0 0 0 -1 0 -1 0 1 0 2 0 -2 10 -1 1 1 0 0 0 0 0 0 -4 -1 0 0 0 32 0 1 2 1 6 0 0 -1 2 0 2 -1 0 0 0 0 1 0 0 0 0 0 0 0 -3 0 4 -2 0 0 0 0 2 0 -2 -3 0 2 0 -2 -1 0 0 0 0 0 -1 0 0 0 0 0 -4 -1 4 0 -2 -4 0 1 0 4 0 0 4 0 -1 0 0 0 -2 0 3 2 0 -1 -2 0 2 0 -1 0 0 0 -1 0 0 0 0 -2 -2 -2 0 4 1 2 0 -1 0 4 0 4 0 0 -1 -2 0 1 0 2 2 0 0 2 1 0 0 0 0 0 0 0 0 0 -2 -2 0 3 0 1 0 -4 0 0 0 0 0 0 0 1 -4 0 0 0 0 2 -2 6 0
-1 1 0 0 1 0 4 0 1 0 0 0 -2 2 0 0 0 0 6 0 6 0 0 5 4 2 -2 -4 -2 -2 0 2 0 0 -4 0 0 0 3 -2 -2 0 1 4 -2 0 0 0 -2 -4 0 -1 2 0 4 0 -2 0 0 6 0 -4 0 -4 2 0 0 0 2 2 6 2 0 2 0 -4 2 -1 0 6 0 0 6 2 0 2 -3 0 0 2 0 0 1 0 0 2 0 2 -4 0 2 0 0 -1 0 -2 0 2 0 0 4 0 -3 0 0 3 2 -4 0 2 0 2 0 -1 0 0 0 0 -4 0 6 0 3 0 0 6 -2 0 0 2 0 0 1 0 0 2 4 0 0 0 -2 -1 0 -2 1 2 1 2 2 0 0 0 0 2 -1 0 -2 -1 -2 0 -2 0 -2 -2 2 0 2 2 0 -2 -5 -3 2 2 0 0 -3 1 0 0 -2 -2 0 2 0 0 -2 0 2 0 -4 0 1 1 0 0 4 0 0 0 0 0 -2 0 0 1 2 2 0 0 0 0 0 0 0 -2 -6 -4 1 0 -1 -4 0 -1 0 3 2 6 0 0 0 0 -5 2 0 3 0 0 0 -2 0 0 4 0 2 -2 -6 -2 2 0 0 0 -4 -4 2 0 0 2 1 0 -4 0 -3 -2 -2 -4 0 0 0 0 0 -2 1 0 2 1 -2 1 -7 0 0 -1 2 0 -1 -2 0 6 1 0 0 0 -2 0 0 1 0 7 -10 0 0 54 0 0 0 -4 -1 -2 3 2 4 0 0 0 -4 0 0 2 0 1 0 2 2 3 -2 -1 0 -2 8 0 -2 0 -4 0 0 -1 0 -2 -4 0 -1 2 -4 -2 3 0 0 0 2 0 -2 2 -5 0 -1 0 1 1 -4 0 0 2 0 -1 4 4 -6 -2 2 3 0 -4 1 0 0 -6 0 -2 -2 0 2 -4 -1 -6 0 0 4 0 0 0 0 0 -3 0 0 -1 0 2 0 0 4 4 -1 1 0 0 -4 -1 1 2 -2 -2 0 0 1 4 0 0 0 -1 -2 0 4 4 -2 4 0 0 0 0 0 0 0 -4 1 0 -4 -2 2 3 1 2 0 0 0 0 0 -4 0 0
0 0 -2 0 1 -4 8 -1 0 1 0 3 0 0 0 2 0 0 -4 2 0 -1 0 0 0 -2 1 0 1 0 -3 1 -2 0 6 -2 -6 -1 6 0 -2 0 1 1 2 0 0 0 0 2 4 -4 0 0 0 0 0 0 -6 -1 0 -4 -4 -2 4 0 -2 0 0 0 2 0 0 0 1 -2 0 -4 0 -2 0 0 -4 0 2 0 0 0 0 1 -2 -2 -4 -4 1 0 5 4 0 -2 -1 0 2 0 0 -4 0 0 0 0 0 -2 0 0 -2 2 -2 -1 -2 -1 -5 2 2 0 0 0 -4 2 0 2 -2 0 0 0 1 -1 4 1 0 6 0 2 -2 0 0 0 -2 0 -1 0 2 3 0 0 0 -4 0 1 1 0 0 0 0 -2 0 0 0 1 1 0 5 1 0 0 2 0 0 0 -1 0 0 0 0 0 0 -2 2 0 2 -5 1 0 0 -2 0 0 0 0 -4 0 1 0 0 0 1 -1 -1 0 2 1 0 -2 1 -7 0 -4 0 -2 0 -1 0 -6 0 4 0 0 0 -8 4 0 0 4 0 4 2 0 2 1 0 1 0 0 0 2 0 1 1 0 0 0 0 2 -1 0 1 -1 -1 0 -1 -1 0 0 4 0 -2 0 0 -2 0 -2 -4 0 0 0 2 0 0 0 0 0 -2 4 -1 0 0 1 -2 0 3 2 -2 0 -2 -1 0 -1 -1 0 4 8 0 -2 -5 0 2 -2 1 5 1 0 1 0 38 2 6 0 0 1 2 0 0 0 0 2 0 0 -4 2 0 1 3 -4 0 0 0 -1 0 0 0 -4 0 0 0 -6 -4 -1 -1 -2 0 2 -1 -1 0 4 1 -1 0 1 0 2 0 1 4 0 0 3 -4 1 0 1 0 0 -2 0 0 4 0 0 -2 -5 0 0 0 -6 4 -4 2 1 -6 -4 0 0 0 0 0 5 2 0 0 4 -2 1 1 0 0 0 0 -1 0 0 1 -4 0 0 0 -2 0 0 4 -2 0 -2 4 0 2 1 0 0 -3 4 4 -2 0 0 0 4 0 0 -1 1 -2 2 1 0 0 1 0 0 -2 0 0 -1 0 0 -1 0 0 0 0 -2
0 0 0 3 0 2 -2 0 0 0 -2 0 0 0 2 0 0 0 1 0 -1 0 0 -4 0 4 -2 0 0 -2 0 1 0 0 0 -1 0 1 0 0 0 0 0 -1 1 0 1 3 0 0 2 1 1 -1 0 0 1 0 2 0 0 0 0 0 0 0 0 0 1 0 0 0 0 1 1 0 0 5 1 0 0 -2 0 0 0 0 0 1 0 2 0 0 0 0 2 0 2 -2 0 0 -2 0 0 0 6 2 0 0 0 0 0 0 1 0 0 0 0 -5 -2 -12 1 -1 -2 2 -4 0 4 0 0 0 3 0 0 0 0 0 0 0 1 2 0 3 2 -2 1 -2 0 0 1 0 0 0 2 0 0 -1 -1 2 0 0 -2 4 1 3 0 0 -2 0 -4 0 3 0 2 0 -4 0 2 5 -2 -3 2 0 0 0 -6 2 4 0 0 0 0 1 -4 0 0 0 0 0 0 -1 0 0 0 -6 0 0 0 0 0 4 0 0 0 -1 1 1 0 0 1 0 -1 0 0 1 -1 2 2 0 0 -2 0 0 0 0 1 2 0 0 6 2 1 0 0 0 0 3 0 -1 0 8 1 -6 2 -1 2 0 0 0 2 0 1 0 0 2 0 0 0 0 0 0 0 0 -2 3 -2 0 0 0 0 0 3 -1 1 -3 -1 0 -2 0 0 0 5 0 0 0 4 -1 -2 1 -3 0 -2 1 0 0 -1 0 -2 0 2 0 2 0 2 38 4 0 0 -2 0 0 2 3 0 0 -5 1 1 -3 2 -6 0 -2 0 0 1 -2 2 0 2 0 2 0 0 0 -4 0 2 -1 0 1 -4 0 0 -1 0 4 0 -2 -1 0 2 0 -1 7 0 2 0 4 0 -2 -1 0 1 -2 0 -1 0 0 0 -4 1 2 2 2 5 0 0 1 4 -4 5 0 0 3 0 0 4 2 -1 0 -4 -4 0 0 0 0 -6 0 -2 0 0 -1 -2 0 1 0 -2 -1 0 0 -2 2 0 -1 0 0 2 -1 -2 0 0 0 0 0 -2 -2 -2 0 2 0 2 2 0 0 2 -4 -1 0 -1 0 0 0 -2 0 0 1 0 -4 0 -4
2 -1 0 0 0 4 0 -2 0 1 0 0 2 -3 1 -4 0 0 1 -1 5 1 -2 -1 0 0 6 4 0 0 0 0 0 0 2 -1 0 -1 4 0 0 -3 2 1 1 0 -6 0 0 2 -4 -4 0 0 0 2 0 1 -4 0 -2 -4 -4 -2 2 -1 0 0 3 0 0 3 0 -2 2 0 -1 0 0 4 0 0 0 0 2 2 2 -2 0 1 2 0 0 4 -1 0 5 0 0 1 -3 8 0 0 0 0 0 -2 -6 -2 0 0 2 4 0 -5 2 -1 -2 4 0 0 2 0 2 0 0 0 4 2 -2 4 0 1 0 0 0 0 0 2 0 0 0 -1 0 2 0 1 -2 0 2 0 0 1 0 0 1 4 1 0 4 1 -2 0 -2 4 4 1 -2 0 1 0 -5 -1 -4 1 0 0 0 0 0 0 2 0 -2 0 0 1 -1 2 1 -1 4 0 -1 0 0 -2 -1 0 0 2 0 0 1 0 0 0 0 2 0 2 2 -3 0 4 0 2 0 -3 -6 0 0 -4 0 2 1 0 0 0 0 -2 0 3 0 -1 -2 0 -1 2 0 0 0 1 0 -1 0 0 0 4 1 0 2 0 2 0 -1 -4 2 0 -2 -2 -2 0 0 0 7 0 0 -1 0 0 0 0 0 0 0 0 0 -2 0 -4 -1 6 0 0 -1 -2 0 0 0 0 -1 0 0 -1 -3 1 0 2 1 0 -4 0 0 0 -3 0 0 0 1 0 6 4 41 -2 1 0 1 1 -3 0 -1 -2 0 0 0 -4 0 0 0 1 0 1 2 -2 0 0 0 -5 -1 2 0 -1 0 0 -2 2 0 0 -4 1 0 -1 0 0 0 1 0 3 -2 -4 0 0 -2 -3 -1 1 0 0 -2 0 1 0 0 0 0 0 2 -3 2 0 1 -2 1 0 0 -2 -2 -4 2 -3 2 0 0 2 -1 -4 0 2 -3 0 0 0 0 -1 -2 0 -2 0 0 -5 0 -4 0 1 2 4 -2 0 0 1 2 2 0 3 -1 0 -1 -1 -2 -2 2 -6 -2 0 2 0 0 0 0 -1 0 0 0 -4 0 0 0 -9 -1 -4 0 1 2 0 0 0 -6 2
0 -2 0 2 0 0 -1 2 -2 0 0 -4 -2 0 0 0 1 0 -2 0 -4 -2 0 0 0 0 0 -4 1 0 2 0 -1 -1 0 0 1 0 -4 0 3 -2 0 -2 -4 0 3 4 0 0 0 0 0 0 3 2 0 0 -4 4 0 2 0 4 0 2 0 4 4 0 -2 -1 2 -1 0 0 0 0 0 -2 0 0 1 0 0 2 6 0 0 2 -9 -2 0 0 0 0 0 0 -2 3 0 0 0 -1 0 0 0 -1 2 0 0 2 0 0 0 0 0 0 0 0 2 1 0 0 0 4 2 -1 0 1 0 -2 1 4 0 0 0 0 0 0 2 -2 0 0 0 -8 2 -4 0 4 0 0 1 -6 0 0 0 0 0 2 -2 0 0 0 1 0 2 0 0 0 4 0 0 2 0 0 0 0 0 3 1 -2 0 0 1 -2 -4 0 0 -1 -3 -1 0 0 -1 0 0 4 0 0 0 0 0 1 0 0 -1 0 0 -4 4 -4 2 2 2 0 0 4 0 4 1 -1 0 0 0 0 1 2 1 0 0 -3 0 0 0 -5 3 0 0 0 2 0 0 0 -4 -2 0 0 0 4 0 0 4 0 0 0 -2 -2 0 0 2 0 0 0 -1 1 0 0 -5 -4 0 2 2 0 -2 0 0 -2 0 2 2 0 -3 0 0 2 0 2 1 0 0 0 6 0 4 1 0 0 0 1 0 1 0 0 2 -2 0 0 0 -2 6 -4 0 0 -2 41 0 0 -2 0 0 0 4 0 -1 -1 2 2 0 0 0 0 2 -4 0 0 -1 1 -1 2 -4 4 -2 4 0 0 -4 4 -4 -1 0 -1 0 0 -2 0 -1 -2 0 0 0 0 2 0 0 6 0 0 -2 0 0 -3 1 2 1 2 0 -1 0 8 2 0 0 -2 -2 0 3 0 2 -1 0 0 0 1 0 1 0 1 -2 0 0 0 -5 1 4 0 0 2 0 0 1 -3 0 0 0 -2 4 2 1 0 3 0 0 0 0 1 -1 0 -4 0 0 0 0 0 0 -3 0 0 0 -4 0 0 0 2 0 0 2 2 0 0 0 -2 0 -2 0 2 0 -1 0 -1
-1 0 2 0 0 0 0 -2 0 0 1 -4 0 0 0 1 0 0 0 0 1 0 0 -2 1 0 0 -2 0 1 0 0 -2 0 -3 0 0 0 0 0 0 1 0 1 -2 0 0 1 0 -2 2 0 0 0 0 0 0 2 1 -2 0 1 0 0 0 0 0 0 0 0 0 0 0 -2 0 0 0 0 0 0 1 1 0 -2 0 1 0 2 0 -2 2 1 0 -2 -1 1 -1 0 1 0 0 0 0 0 0 0 0 0 0 3 0 0 -1 0 0 1 0 1 -1 -5 0 0 0 1 -1 1 0 0 0 0 -4 2 0 0 -2 0 0 0 0 0 0 0 4 0 1 0 0 0 0 0 0 2 0 0 0 0 1 0 0 0 -1 0 0 -1 1 0 0 2 0 0 0 1 0 -1 -2 -1 0 -2 4 -2 0 0 2 -2 0 0 0 -2 0 0 0 0 -1 2 0 0 -2 0 4 0 0 1 1 0 0 2 0 0 0 0 -1 -1 0 1 0 0 0 0 0 0 1 0 0 0 0 -1 0 0 0 0 -4 0 0 0 0 -2 -1 0 0 0 -1 0 0 0 0 -2 0 -1 -1 -1 0 0 0 -2 0 0 0 0 0 0 0 0 0 0 1 0 2 0 0 0 0 0 0 1 -1 0 -2 0 0 0 0 2 3 0 0 0 0 1 0 0 0 0 0 0 0 2 -3 -2 0 0 2 0 0 0 -1 0 -1 -2 -4 2 0 -1 0 0 1 0 15 -2 0 0 0 0 -2 0 3 0 0 -1 -1 0 0 1 0 0 -1 0 -1 1 -1 -1 0 0 2 0 0 0 0 0 0 0 1 0 0 4 -1 2 0 -2 2 0 0 0 0 0 0 0 -1 -2 0 -5 0 0 0 0 -1 0 1 0 1 0 2 2 0 0 3 0 0 0 1 0 2 -3 2 2 -1 0 -2 0 0 0 -1 -1 0 0 0 0 0 1 -2 0 0 0 0 0 -2 0 0 0 1 0 0 0 0 0 0 -3 0 0 1 -1 0 -1 -1 -3 -2 0 0 0 2 0 0 0 2 0 0 2 2 0 0 0 -1 -2 2 0 0 0 -1 -2 0 2
0 0 -4 0 -1 -1 -1 1 2 0 1 -2 0 -5 0 0 0 -1 -7 0 -2 -1 0 3 0 0 -1 2 0 0 -2 0 4 1 2 0 0 -8 -2 0 -3 0 -4 0 4 -2 2 0 2 2 0 0 3 -2 -1 0 2 0 0 0 2 -1 0 4 -1 -1 1 -2 1 0 0 0 0 0 -1 -2 6 1 0 -1 0 0 0 1 0 0 -2 0 -2 1 -2 0 0 0 2 0 2 0 2 1 1 0 -1 0 4 2 -1 -6 0 0 0 0 2 1 3 0 2 -4 0 -2 -1 1 -4 -4 0 0 0 4 -1 0 -8 6 -2 0 4 4 0 -2 0 -1 0 0 -1 -1 0 -7 5 0 -3 2 -2 0 0 -2 -2 2 -4 0 -1 0 1 0 0 1 0 0 2 -1 0 0 -2 0 -4 -4 -4 2 0 0 0 4 -2 3 0 0 0 1 0 -4 0 1 2 4 0 0 0 0 -4 2 0 1 1 -2 -1 0 0 0 3 1 2 0 2 2 4 0 0 1 0 2 0 0 -2 0 0 2 0 0 0 1 0 0 0 0 -2 0 1 0 0 -4 1 0 -2 -2 0 0 0 0 0 5 0 0 0 -2 -1 6 1 0 2 0 -1 -4 0 0 0 0 -2 0 1 0 1 -2 1 2 4 0 0 2 2 0 0 0 -1 8 -6 -2 0 0 3 0 2 0 -5 -3 -1 -2 4 0 4 0 -1 -2 1 2 2 1 0 -1 0 0 -1 2 0 -2 1 -2 0 0 -2 45 3 0 0 0 2 1 0 6 -1 0 2 0 2 1 3 -2 0 2 0 0 -1 0 -4 0 0 0 4 4 1 0 0 1 -2 -4 9 -7 0 1 -4 0 0 4 4 2 0 0 0 -3 0 2 0 -2 -4 0 1 0 0 0 -2 0 7 4 -2 -8 0 2 0 0 2 2 0 4 0 1 0 -2 -4 0 0 0 0 1 4 0 5 2 2 0 0 -1 0 0 -2 -1 0 2 0 -2 1 2 -2 -1 0 0 1 2 2 0 1 -1 1 0 0 0 -3 0 0 0 0 -1 -4 2 0 0 0 0 0 0 0 0 2 0 -2 0 1 -1 -2 0 2 -1 0 1
0 0 -1 0 0 0 0 0 6 0 0 3 -2 0 -2 0 0 0 4 1 2 0 0 0 -1 0 -1 0 1 0 0 0 0 0 -2 -3 0 0 -6 -1 0 1 1 3 4 0 -2 0 0 -2 0 0 0 0 0 0 0 2 -2 0 0 2 0 0 0 0 1 0 0 0 0 0 0 -1 0 0 0 1 0 0 0 0 1 0 0 -3 -1 0 -1 1 0 -1 0 2 0 0 0 1 -1 0 -2 0 -1 0 0 0 -1 0 -1 0 1 0 1 0 -1 4 4 1 0 0 1 0 0 0 1 -1 -2 0 1 0 0 0 0 4 0 0 0 2 2 0 1 0 0 2 0 2 0 2 -2 0 0 0 -1 0 2 0 -2 0 0 0 0 0 0 3 1 0 0 0 1 0 0 1 1 0 0 2 2 0 -2 0 0 0 0 2 0 0 0 2 -3 -1 -2 0 0 -3 0 0 0 0 0 1 -2 0 -1 0 0 -2 -4 0 0 1 0 3 0 -4 0 1 0 2 0 0 0 2 0 -1 1 0 -3 0 0 -1 0 0 0 0 -3 2 -3 0 0 1 2 0 0 2 -2 0 0 0 0 0 0 0 0 0 0 0 1 0 2 0 0 0 -2 0 0 -2 1 -1 2 0 0 2 0 -4 -1 2 0 0 0 1 -4 3 -1 4 0 0 -2 0 -1 0 -1 0 -1 0 0 0 0 0 -2 4 6 0 0 0 1 2 0 -3 -4 0 -1 3 2 0 1 -2 0 3 27 0 -1 0 3 0 -2 0 -2 0 0 1 4 3 1 0 -2 0 0 0 0 0 -4 0 2 -1 4 0 0 -1 0 -1 -2 0 -2 1 0 -4 0 3 0 0 0 0 0 0 0 -1 -1 0 2 1 6 1 2 -1 4 0 -2 0 1 -2 0 1 1 -2 0 1 6 0 -2 -5 0 0 0 0 0 2 0 -2 0 2 2 -2 -2 0 0 0 -4 1 0 0 0 0 0 0 0 0 0 0 -4 0 0 -2 2 0 0 0 2 0 0 2 0 -2 0 0 0 -2 -1 -1 0 0 2 0 2 0 0 0 0 0 0 2 0 2 0 0 -4 0 0 -2 0 -4
0 -1 1 -1 0 0 3 0 1 -1 0 -2 1 1 1 -2 0 -2 0 0 1 0 0 0 2 0 0 0 2 -3 -1 -1 2 0 3 0 0 -1 1 -3 0 0 0 0 2 0 0 4 1 3 0 -1 -1 0 0 -3 0 0 0 2 -2 -1 0 -3 0 0 0 -1 2 3 2 0 0 0 0 -4 1 4 0 0 -2 0 2 -2 2 1 0 -3 0 0 0 0 2 1 1 3 0 -2 0 0 2 2 0 0 1 -1 2 -1 0 -2 4 0 2 5 0 2 0 2 0 0 -1 0 -2 0 0 0 0 2 0 0 -2 0 3 0 0 -1 3 0 0 -2 -2 2 1 -2 1 1 0 0 0 -2 0 -2 -1 1 -2 0 0 0 0 0 1 -1 -1 0 0 0 -4 0 -1 0 -2 -1 0 0 -1 0 3 0 0 0 1 0 0 -1 1 0 2 2 -2 2 -1 0 0 0 0 1 -3 0 -3 0 -3 0 0 0 0 1 0 0 0 0 0 -4 0 0 -3 2 0 0 5 0 2 -1 0 1 -1 0 0 -2 1 0 -1 -1 1 -2 0 2 0 0 -1 0 3 0 2 -1 0 -2 0 0 0 2 0 0 -2 -4 0 2 -1 -1 0 -1 0 -1 0 -2 1 0 0 0 0 0 0 0 0 -1 1 -2 0 0 4 -2 1 1 -1 1 -3 0 0 0 -1 0 1 1 -4 0 -6 -1 0 0 2 0 0 -3 4 0 1 -2 0 2 3 0 2 2 0 0 1 0 0 0 0 36 0 1 0 4 0 -2 2 3 0 -1 0 1 0 3 -2 -1 0 1 2 -1 -2 0 2 0 0 -1 0 -4 4 0 0 0 0 1 0 -1 0 1 -1 2 -2 2 -3 -2 -2 -1 0 0 0 0 0 0 -4 0 0 1 0 0 0 0 2 -2 0 -3 1 0 -2 0 -1 -2 0 0 0 2 -3 0 -1 0 -4 0 -3 0 0 -3 -6 -3 0 0 0 0 2 2 0 0 0 0 0 0 0 1 0 0 0 0 0 0 0 -1 2 1 -2 0 -1 0 1 0 1 0 1 0 0 4 3 1 -2 0 1 -2 -1 -2 0 0 0 -2 0 -1 2 0 -1 0
2 0 0 -1 3 2 0 0 4 0 0 -1 0 4 -2 1 0 0 2 1 -2 -2 4 0 0 -1 0 0 0 2 0 -2 0 0 1 -4 0 3 0 1 0 2 0 0 4 -2 2 0 0 -4 3 -4 0 2 0 0 0 -1 0 0 7 -2 0 -1 0 1 0 4 -1 2 0 -4 0 2 0 0 0 0 -2 -2 -1 0 6 2 0 2 -2 0 2 0 3 2 0 0 0 -2 -2 0 1 0 2 2 4 -2 0 0 0 1 0 0 -5 0 -2 0 0 2 0 0 0 0 -2 -4 1 1 -1 0 2 2 0 0 2 0 0 1 0 6 0 0 0 -2 0 -2 -2 0 -2 3 4 0 0 2 3 0 1 0 0 -2 0 -5 -4 -1 -5 1 2 0 0 -2 -2 -1 2 -1 -2 -2 0 0 0 0 0 8 2 -2 0 -1 4 0 0 0 0 -1 0 4 0 0 4 0 0 0 -1 4 0 0 0 2 1 0 0 0 0 0 0 0 0 -2 -2 0 -1 0 0 -4 1 -3 0 -1 0 3 3 1 0 0 0 0 4 0 1 1 -1 2 -2 0 -1 2 0 -2 0 2 -6 0 0 0 2 0 -2 -2 0 0 1 2 0 1 -4 0 0 0 -2 2 -2 1 0 0 0 2 -2 0 0 0 -1 0 0 0 0 0 -3 1 1 0 5 0 -1 1 0 0 0 -4 0 2 1 1 6 0 0 0 -1 0 1 1 0 0 0 0 0 3 0 4 0 2 -3 0 0 0 -1 0 43 0 -1 0 -1 0 0 1 0 0 0 0 0 0 0 2 0 0 2 2 0 -8 -2 0 0 0 0 0 1 0 2 0 2 -1 0 0 -1 6 0 -2 0 -2 0 1 2 0 -1 0 -6 0 0 -5 -2 -2 -4 0 -6 0 2 0 0 0 2 4 0 0 0 0 2 0 -2 0 -1 0 -2 0 0 8 0 -2 1 0 6 0 0 2 0 0 -4 4 -2 0 0 1 2 0 0 -2 -1 0 2 0 0 -2 -6 -2 -1 0 -2 0 -4 0 -2 1 0 -1 4 -3 0 0 0 -2 1 0 -1 0 0 0 0 2 0 0 0 -2 0 0 0 -1 -1 0
0 -1 2 0 0 0 0 0 0 0 -1 0 0 0 0 2 0 0 1 0 0 0 0 0 0 -1 -2 0 0 0 0 1 0 -2 0 0 0 4 0 0 0 -2 0 0 0 0 0 2 0 0 2 0 1 -1 0 0 0 0 1 0 0 0 0 -2 1 0 0 0 0 0 0 0 0 0 -4 0 1 2 0 0 0 1 0 2 0 -1 0 -2 0 4 1 0 0 -1 -2 0 0 2 0 4 0 0 0 0 1 0 0 0 -1 0 0 2 1 2 2 0 2 -2 0 -2 -2 0 0 0 0 0 0 -1 0 0 0 0 0 0 0 0 0 0 1 2 0 1 2 -2 0 0 0 0 0 0 0 0 1 0 1 0 1 0 0 0 0 2 0 0 0 0 4 0 0 1 0 -2 1 0 0 0 4 0 0 0 0 0 -1 0 4 1 4 0 -2 0 0 0 0 0 1 0 0 0 0 0 4 -2 0 -2 0 0 0 0 0 0 0 0 0 0 0 0 0 0 1 0 2 0 0 -1 1 0 0 2 0 0 0 0 0 -2 0 0 0 -2 0 0 0 0 0 1 2 0 1 0 0 0 1 0 1 0 0 1 0 0 0 -1 -2 1 0 0 0 -4 0 0 2 0 2 -1 0 -1 0 0 0 2 0 0 0 0 1 0 0 -2 0 0 0 0 2 1 0 0 2 5 0 1 -1 0 -1 0 -1 0 0 0 0 0 1 0 2 0 0 3 0 0 0 0 0 1 0 15 -4 0 0 2 0 0 0 0 0 0 0 0 0 0 0 0 0 0 -2 0 0 0 -2 0 1 0 4 1 0 1 0 -1 0 0 0 0 -3 0 0 0 0 2 0 0 0 0 0 0 2 0 0 2 1 0 0 0 0 -2 0 0 0 -2 0 0 -5 0 -2 -4 2 0 0 0 0 -2 3 0 0 0 0 -4 -1 1 -2 0 -1 0 0 0 0 0 -2 0 0 0 -1 0 0 0 0 2 0 0 2 0 0 -1 0 0 0 0 0 0 -1 -4 -1 0 1 1 0 -1 0 0 0 0 0 0 -2 0 1 -1 0 0 0 0 0 0 0 0
0 0 0 0 0 0 0 0 -8 0 -3 5 0 0 -2 0 0 0 2 0 2 0 0 0 -2 0 0 0 0 0 0 0 4 0 0 0 0 2 -4 0 1 -4 0 -1 0 -2 4 2 0 0 0 0 0 0 0 0 2 0 0 2 0 9 2 0 0 -2 0 0 -1 0 0 0 1 0 4 0 0 0 -1 0 -2 0 0 0 0 1 0 1 2 -7 0 -2 0 0 0 0 0 0 0 0 0 1 0 2 0 -4 0 0 1 4 0 2 -2 0 -2 0 1 -4 0 0 4 0 -4 0 0 -2 -1 0 -1 -1 -4 0 -2 0 -4 -2 0 0 1 0 0 -1 2 2 0 -3 3 -3 0 2 0 0 1 0 0 2 0 -4 2 3 0 0 0 4 0 0 0 0 0 0 0 0 -1 -4 0 -4 0 0 0 0 0 1 1 0 -4 0 0 1 0 0 -2 0 8 -6 6 -2 3 0 0 0 -4 3 0 0 -1 2 0 0 1 -3 -1 0 1 0 -1 0 0 0 0 0 4 2 0 1 -2 2 -1 0 0 0 0 0 -1 2 -2 -2 1 -2 0 3 2 2 0 -2 0 -1 -4 0 -4 0 0 0 2 -1 2 2 -1 0 2 0 -1 0 0 0 2 3 0 0 0 0 0 0 1 0 -1 0 0 0 0 0 2 4 -2 6 0 0 -2 -1 4 0 -4 0 1 0 0 -4 0 -3 0 6 -2 0 0 -2 -4 -2 0 0 -4 -4 -1 0 0 0 -1 4 -2 2 3 0 -1 -4 44 0 -1 0 1 3 0 0 0 -6 1 0 -1 0 -2 0 -1 -4 0 0 -4 0 4 0 0 -2 -2 0 0 -2 0 0 -4 0 0 -1 0 0 0 0 -2 -1 0 5 -1 2 -2 0 -2 -1 -2 1 0 -1 2 0 0 0 0 0 -2 -3 0 0 8 2 -2 4 0 0 2 2 0 5 4 -4 0 0 2 4 0 0 0 1 0 1 2 0 0 2 0 4 -2 -2 0 -1 -5 0 -2 0 0 -1 -1 0 4 0 4 2 0 0 0 -1 4 4 2 0 0 0 0 0 1 0 0 0 2 0 0 0 0 -2 0 1 -4 0 0 2 0 0
-4 0 1 0 -2 -1 0 1 -1 0 0 0 0 1 0 -4 0 -2 0 0 -2 0 0 2 0 -1 -4 -4 0 4 4 0 0 0 0 0 1 -4 2 2 0 0 0 1 -1 0 4 0 0 -1 0 -6 -7 0 0 1 0 1 -2 0 2 -2 -2 -1 4 -4 2 0 0 0 0 1 0 1 1 -1 1 -1 0 -1 3 0 4 0 0 -2 0 0 1 0 0 2 0 0 0 0 -1 0 2 0 5 1 0 0 0 0 0 0 1 0 0 0 -2 -4 2 -1 0 0 0 0 0 0 -2 2 0 0 -2 0 1 1 -1 0 3 0 -2 -2 0 2 0 -2 2 0 1 0 0 1 -1 2 0 0 1 -1 0 -4 -1 -2 2 -1 3 0 1 0 1 0 0 0 0 -2 2 1 0 0 0 0 2 0 0 0 1 0 0 4 -2 0 -1 -1 2 2 2 -2 -1 -2 0 0 0 0 2 -4 4 1 -4 -1 0 1 2 0 0 0 0 0 -2 5 2 -1 0 0 -2 -4 0 0 -1 0 0 0 0 -2 0 -2 1 0 0 0 0 0 1 0 -4 0 0 0 0 0 -1 4 0 -1 0 0 0 0 1 0 0 0 0 0 2 -3 -1 0 0 -2 0 0 0 0 0 2 2 -1 0 0 3 -4 -3 3 0 0 2 0 2 2 1 4 0 -1 0 0 0 1 -4 -1 -1 1 -4 0 1 2 -3 3 0 0 2 1 -2 0 0 2 0 0 0 0 2 0 -2 0 0 1 0 4 0 0 0 30 -4 -2 0 0 0 -5 0 -2 0 -1 -4 1 0 0 2 -3 0 0 0 0 0 -2 0 -2 0 0 1 0 0 0 0 -1 -3 0 0 0 6 0 0 0 0 0 0 1 2 0 2 0 -2 1 0 2 -2 0 0 0 -6 -2 0 0 0 2 0 2 0 1 0 4 0 0 1 2 0 0 -4 1 0 2 2 2 0 -2 0 0 0 0 0 -2 -2 0 0 0 0 1 0 1 0 0 0 -2 -3 0 2 0 0 1 0 1 -2 4 -1 0 2 0 0 -2 2 3 1 0 -1 -2 0 4 -1 0 0 1 -1 -1 -4 0 -2 0 -4 4
-1 0 0 1 0 2 1 0 1 -2 2 4 0 1 0 -2 1 -1 2 0 0 -2 0 0 -2 0 0 0 0 -2 0 1 0 0 2 0 0 5 1 0 1 0 1 -1 4 -2 -4 2 0 0 0 0 4 0 0 0 0 0 1 -2 0 -1 0 -2 0 1 0 0 5 -1 0 1 0 -1 -2 0 0 5 -2 2 -4 0 -2 -4 0 1 0 0 0 -2 1 -3 0 0 -4 0 0 0 0 -1 0 -1 -2 0 0 -4 0 -2 0 0 4 0 1 0 -4 0 0 0 2 -4 -5 -2 0 -1 0 -1 6 0 0 0 -6 0 -2 0 -2 0 1 -1 1 4 0 1 -4 -2 0 -4 0 0 -2 0 3 0 -1 0 0 1 0 -1 0 0 -4 0 0 0 0 0 -3 -1 0 0 1 1 0 0 0 -2 0 -6 6 2 -1 0 1 0 0 -1 2 -1 0 5 2 0 0 -2 4 0 0 4 -4 0 6 2 0 -3 0 0 -2 -8 2 2 0 1 -3 0 1 -2 0 4 0 0 4 2 0 -3 0 -1 0 4 -1 0 0 3 0 1 0 2 0 -1 2 -2 -2 0 0 0 2 0 4 0 0 0 -2 0 -4 6 2 -4 5 3 0 2 0 -2 1 0 0 1 0 -2 0 -1 0 0 0 6 1 0 2 2 0 -1 0 -1 0 0 0 0 -1 0 0 0 -6 0 0 1 0 2 -1 -1 0 0 1 -2 0 4 0 -3 0 0 7 1 0 -4 0 -5 0 -1 3 0 -2 0 -1 0 -1 -4 42 0 -4 -2 2 2 3 4 0 0 0 0 -2 0 0 0 2 2 2 0 2 1 0 1 2 2 1 0 3 1 -4 -1 0 0 4 0 0 -1 6 4 -2 -3 -2 -2 0 4 -4 1 0 -1 -2 0 2 0 0 1 1 -1 0 -2 0 -2 0 0 0 0 0 0 3 4 -2 0 -1 0 0 -1 2 0 1 -3 0 0 0 0 0 1 3 2 0 -1 0 0 -1 0 1 0 0 0 -4 0 0 0 -2 0 2 0 0 0 2 -1 0 1 1 3 2 -1 0 -2 -2 0 -1 6 4 -4 4 -2 1 -2 1 -1 1 0 0 0 2 0
-2 1 0 0 0 0 0 -2 -1 0 0 1 1 0 -4 -1 0 0 -4 1 -1 0 -1 4 0 4 -2 0 0 1 2 2 0 1 -1 0 -3 0 0 0 -2 0 -4 2 1 0 0 0 2 0 6 0 -2 0 -5 2 3 2 2 2 0 -1 0 -2 -5 -2 0 0 0 0 1 0 0 -1 0 0 0 0 -2 0 0 2 0 0 0 -1 -4 2 0 0 1 0 2 2 -2 0 0 0 0 0 -2 0 0 -1 2 0 -1 0 1 -2 1 0 0 -2 0 0 0 -1 0 -2 2 0 -1 0 0 0 2 1 0 -3 1 2 0 0 0 0 0 -4 0 -2 0 4 0 0 0 -1 2 0 1 2 -1 0 -3 0 2 0 2 0 -1 0 -2 2 0 0 0 0 0 -1 0 0 0 -1 -1 0 0 2 0 -1 2 2 0 2 0 0 0 1 2 -5 0 2 2 0 0 0 0 0 -1 0 -1 0 0 0 0 -1 0 -1 0 3 -2 0 0 2 3 0 1 0 -2 -2 1 2 -1 -1 0 0 0 4 -3 0 -1 0 0 -4 0 -1 -3 0 0 0 0 0 -2 0 -2 0 0 0 0 0 0 0 1 0 1 4 0 0 0 0 0 -4 0 1 -1 1 -4 -2 0 0 0 0 0 2 0 0 0 0 1 0 -1 0 0 -2 -4 0 0 -2 -2 -1 2 4 3 -1 0 0 3 0 0 0 1 -4 0 0 -1 4 1 0 0 -1 0 0 0 0 0 1 0 -1 0 6 0 -2 0 2 0 -2 0 25 -2 0 0 0 2 2 1 0 0 0 1 -1 0 0 0 0 1 0 -2 6 0 0 0 0 1 1 4 0 2 -4 -2 -1 2 1 -1 3 0 0 0 0 0 0 -4 0 -1 1 0 0 1 -2 0 0 4 0 -2 0 0 1 2 5 0 0 0 -2 -2 -2 0 1 -1 0 5 0 0 0 1 -4 1 3 4 0 1 0 0 2 1 0 0 0 0 0 -3 0 0 -2 -2 0 0 6 -4 -1 -1 -2 0 0 0 1 0 0 -1 2 -5 -2 0 1 -1 -1 0 0 0 0 0 0 0 -4 1 -1 0 -2 1 1 4 -1 0 0
0 0 2 0 0 -4 0 0 0 0 0 -4 0 -8 0 0 0 2 0 2 2 0 0 -4 0 2 5 0 0 0 0 0 0 2 0 0 -2 2 0 0 0 0 0 0 -2 -2 1 4 2 2 -4 0 0 0 4 0 2 4 2 0 0 0 2 -2 0 2 0 0 0 -4 0 0 0 0 -2 0 0 0 -1 0 2 -6 4 0 4 0 0 0 -2 -4 -2 -4 0 4 2 0 4 -2 0 0 0 0 0 2 2 0 0 2 4 0 -4 4 0 0 0 0 0 -2 2 0 -1 -6 0 0 0 0 -1 2 0 -1 -4 0 2 0 0 2 0 -10 1 0 0 0 0 2 0 2 0 0 0 0 0 0 4 0 0 2 0 -2 -3 0 0 0 2 0 0 6 -2 1 -2 2 6 0 0 4 0 0 0 2 0 0 0 -2 0 0 0 -1 0 0 -4 0 0 0 0 0 0 0 0 4 -4 0 2 2 0 2 -1 6 0 4 -1 2 -2 0 4 0 1 0 0 6 -4 0 2 0 0 1 0 0 2 2 0 0 0 0 -4 -2 0 2 1 4 2 0 4 0 0 0 6 0 2 0 0 0 0 0 0 2 -2 0 0 0 0 -2 1 0 0 -2 0 2 0 2 0 0 -2 0 2 0 0 4 -2 2 0 -4 0 0 0 -4 0 0 0 0 2 0 1 0 1 0 0 2 0 0 0 0 0 0 0 -2 0 0 0 0 0 0 0 0 -4 1 0 2 0 -1 -2 2 0 0 1 0 -4 -2 43 0 -4 0 0 0 0 2 -1 0 -2 4 1 0 2 0 0 2 -4 0 0 0 0 0 0 2 0 0 0 2 0 2 0 0 0 0 0 -4 0 6 0 0 0 1 0 2 0 4 -2 5 0 0 2 0 4 0 -6 6 -4 0 0 0 4 0 0 0 2 -4 0 5 -2 0 0 0 -2 0 0 -2 0 0 0 0 0 0 2 5 0 0 1 0 0 -1 0 0 8 2 4 0 -1 2 0 0 0 0 2 0 0 0 2 0 6 0 0 0 0 2 0 -4 6 0 0 -2 -4 2 -2 0 4 0 0 0 0 0 0 0
-1 -1 -1 0 0 -2 3 -2 -3 -3 -5 3 2 0 0 2 -5 0 0 0 0 6 0 2 0 5 0 1 1 -4 4 -7 -1 0 0 -2 2 2 -1 0 1 0 0 0 3 0 4 3 -2 -2 0 -2 0 -1 0 -2 0 0 0 4 1 4 0 0 0 0 0 -2 5 0 2 0 -4 3 0 -6 0 0 4 1 0 -4 0 0 -4 0 0 0 1 0 -1 1 2 0 0 0 1 0 -1 0 2 0 2 -3 1 -1 0 0 0 0 -2 0 0 0 -2 0 1 0 0 5 -4 3 0 -3 0 -2 -6 0 2 0 -2 2 0 0 1 0 0 4 -4 0 2 0 -1 0 -2 1 2 0 -1 5 0 2 2 0 0 -2 2 0 0 5 -2 0 1 0 0 -6 -3 -4 0 0 2 0 2 0 2 2 0 0 2 1 2 1 0 0 -2 -1 0 1 0 0 0 -2 2 0 0 -6 -4 1 0 0 0 -2 0 0 0 -1 1 0 6 -4 -2 -1 0 0 0 -2 2 -1 0 -1 7 0 -1 0 1 1 -4 2 0 0 0 8 2 3 1 0 -3 0 1 0 6 2 0 0 0 -2 0 0 0 0 0 0 -1 0 0 4 4 0 1 1 0 2 4 0 2 -2 0 0 0 0 2 0 -1 0 3 0 2 1 0 1 -2 -1 -4 0 1 0 0 -1 0 -2 0 0 1 0 -2 1 0 0 4 1 -2 -6 0 0 -3 0 -5 2 -2 1 1 2 2 -3 -4 2 -1 0 0 3 1 0 3 0 -2 0 0 48 0 0 -1 0 0 2 -3 0 0 0 -2 -4 5 0 4 2 1 -2 1 0 0 2 5 -2 0 1 0 -3 0 2 -1 0 -2 -2 0 -1 1 0 -1 -2 1 0 -2 0 2 -1 0 3 -4 0 0 0 -4 0 0 0 -2 -3 2 -2 6 2 0 1 0 1 -1 0 -1 3 0 3 2 2 0 0 0 1 2 2 -2 2 2 1 0 1 0 -5 2 -4 0 0 -2 -1 0 2 0 1 2 0 -3 0 0 0 0 -3 0 0 -2 0 0 -2 0 1 0 1 0 1 -2 -4 -2 3 0 0 -1 0 2 -2 0 3 8 -2
0 1 -1 1 0 2 -4 1 0 0 -1 3 -3 2 0 2 0 -1 -1 0 -1 0 0 0 0 0 0 0 2 -2 0 0 3 -2 0 -2 0 1 0 0 -1 1 0 0 0 0 0 1 0 0 0 0 0 0 -4 4 0 0 2 0 0 0 0 2 0 0 -2 1 -1 1 0 -1 -6 0 -1 0 1 0 0 0 0 0 0 2 0 0 0 1 0 1 0 0 0 0 2 1 1 -2 2 0 -3 0 -2 0 2 0 2 -2 -1 0 3 0 0 0 0 1 6 0 -1 1 2 0 0 0 -2 0 0 0 -1 0 5 0 -1 0 -1 2 0 0 -2 0 0 0 0 2 2 -3 0 0 1 1 2 1 -1 0 0 5 1 0 0 0 2 1 0 0 0 0 0 0 0 0 1 0 0 2 -2 0 1 3 -2 -1 -4 2 0 0 1 0 -2 0 -1 3 0 -3 0 0 0 0 0 0 0 -1 0 -1 -5 0 -2 0 3 -4 2 -1 0 0 2 0 0 0 -3 0 0 3 -4 0 -2 0 0 1 -1 -2 0 0 0 0 0 0 0 0 0 0 0 0 1 0 -2 -1 0 0 4 0 0 1 0 0 0 0 0 0 0 0 0 0 0 0 0 -1 0 0 0 0 0 0 1 2 -4 2 0 0 0 2 -1 0 0 -1 1 0 2 0 0 0 -4 1 -1 0 0 -2 2 0 1 0 0 0 3 0 0 -4 -4 0 0 0 0 0 0 0 0 2 0 0 -1 2 0 0 0 0 0 0 2 0 -4 0 37 1 2 0 0 1 0 0 -1 0 -2 0 0 0 -1 -1 0 0 1 0 0 0 -1 -2 4 -2 0 0 -6 -1 0 0 1 0 2 4 0 -4 4 2 1 -1 1 0 0 0 2 0 0 0 0 2 0 0 -2 0 0 -1 -1 0 -6 0 0 0 0 5 -2 0 0 0 3 -2 3 0 0 0 0 0 2 0 4 2 -3 -2 0 0 0 0 1 0 -4 0 0 1 -4 0 4 2 0 -2 -1 4 0 1 5 0 0 0 2 0 0 0 -1 0 0 1 2 4 0 -2 6 0 3 -2 4 1 2 0 0 0 2 0
4 0 0 -1 -2 0 1 0 4 -5 -2 -1 -1 -2 2 5 0 0 -4 0 0 0 0 0 -4 0 -2 0 -1 0 2 1 0 0 0 0 -3 -1 0 1 0 0 1 2 0 0 0 -2 2 0 -2 2 0 0 0 0 -4 -1 0 0 -2 0 0 -2 0 0 3 4 0 -4 0 -1 0 0 -1 2 0 0 -3 2 -2 0 4 0 0 0 0 3 0 2 0 -2 0 -1 0 -6 1 0 2 0 0 0 0 -4 -2 0 0 -2 -1 -4 1 0 1 0 0 1 0 0 0 0 -5 2 -2 0 0 0 2 0 -4 -2 0 0 1 0 0 0 0 -2 0 1 0 0 1 0 -2 0 0 0 0 0 2 1 -2 0 2 2 -2 4 -1 -4 0 4 3 -6 0 0 -2 0 0 0 -1 0 4 2 0 0 2 2 -2 0 0 -4 0 0 4 0 -1 0 -1 2 1 8 2 -5 -4 0 -3 -4 -4 0 0 2 -1 4 0 2 0 0 0 -2 -2 0 -5 -3 -3 1 0 1 -2 0 -1 -1 0 0 0 0 -2 -5 2 0 0 2 0 0 0 0 2 -4 1 0 0 -2 -2 2 -6 -3 0 0 0 0 0 4 0 2 0 0 0 0 -1 1 0 0 0 -3 1 -2 0 0 -2 0 0 0 0 -2 0 -1 0 -2 0 0 0 1 -4 0 2 -1 -2 0 -4 0 4 0 2 0 4 0 -1 -2 4 -1 2 -2 2 3 3 0 0 0 -1 0 0 1 1 -6 0 0 0 0 1 -1 0 0 0 -5 2 0 0 0 1 45 -1 -1 0 4 0 -2 -2 -2 0 1 -4 -2 0 2 0 0 -4 -2 0 -3 0 0 0 0 0 -2 4 -4 0 4 -2 0 0 -2 0 -2 -1 0 0 0 0 -2 0 -1 0 -2 0 0 0 0 5 0 1 4 0 -2 2 0 -3 -1 -2 -4 0 3 0 -1 -2 0 2 0 0 0 0 0 0 0 0 0 0 2 0 -2 0 -2 0 0 0 0 0 4 0 0 0 0 3 0 2 0 0 0 2 0 -2 -2 1 -8 0 4 -2 -1 2 -4 0 -1 0 0 1 0 0 -4 0 0 -1 1 2 0 6 -2 4 -1
-1 4 -1 0 1 2 0 3 0 0 3 -2 0 2 0 0 1 0 4 2 -6 -2 -2 0 0 0 0 1 1 1 -6 0 0 -2 0 1 0 1 0 0 -1 0 1 0 10 0 0 0 1 -2 0 0 1 -3 0 0 0 1 4 0 1 0 1 -4 -4 0 -2 0 1 0 0 0 0 -1 2 -2 0 0 0 -1 0 0 0 -2 0 0 0 0 0 0 2 0 0 0 0 0 0 2 1 -2 2 0 2 -1 0 0 0 0 0 0 0 1 0 0 0 0 0 0 -2 2 1 -1 0 0 0 -2 0 0 0 0 -4 0 0 4 1 0 0 0 1 0 0 0 -4 2 0 0 4 -2 1 -1 0 0 -4 0 4 -3 0 0 0 0 0 0 0 0 0 0 0 -1 1 0 0 0 0 2 0 0 0 -4 -4 0 0 0 0 2 -1 2 0 0 0 2 -1 2 -1 -1 0 0 0 0 0 0 2 -1 0 0 0 0 -4 2 0 0 0 0 1 -4 0 -2 -2 0 0 2 0 0 0 0 0 0 0 0 0 0 0 -4 -1 0 0 0 0 0 0 0 -1 0 0 4 0 1 1 0 0 0 0 0 -4 0 0 0 0 0 0 3 0 0 2 0 -4 0 0 1 0 -4 0 -1 0 0 0 0 6 0 0 -1 2 1 -2 0 0 1 0 0 3 0 -2 -4 0 2 0 2 0 0 0 4 -4 0 2 0 2 0 -1 0 0 1 0 0 3 0 0 0 0 2 4 0 0 0 0 0 3 2 0 -1 2 -1 31 0 0 0 0 0 2 0 0 0 0 0 1 -2 0 2 0 1 0 0 2 0 2 0 0 -1 -2 2 4 0 2 0 0 0 -2 5 0 -2 2 0 0 0 2 -2 0 1 2 0 4 4 0 1 0 -2 0 0 0 0 2 -4 0 2 0 4 -4 0 2 2 0 1 0 2 0 0 0 0 0 1 0 0 0 0 0 0 0 0 -1 0 0 -2 0 0 0 0 0 4 2 0 0 1 2 0 0 -2 0 0 0 0 5 -2 0 0 2 0 -2 1 0 0 0 1 0 0 0 2 2 0 0 0 0 -3
0 0 0 -1 -1 4 -3 0 0 0 2 2 0 0 -6 -2 0 1 0 -4 -6 0 -2 0 -2 0 0 0 0 1 -2 0 2 0 -1 6 2 0 0 0 1 4 0 -2 3 0 0 0 -8 -4 -4 4 -3 -1 0 2 0 0 0 2 0 0 0 0 1 4 2 -1 5 0 0 2 0 -4 0 5 0 0 -2 -1 2 8 0 0 0 1 2 2 -3 0 -2 0 4 -4 0 0 0 0 1 2 -2 0 -2 0 1 4 0 0 0 -4 0 1 0 5 2 0 6 2 0 -2 3 1 1 0 5 0 -4 0 -5 0 -2 0 1 6 1 4 0 0 0 2 -1 0 0 0 0 0 0 -2 -1 0 1 -3 -1 0 6 4 7 0 0 -4 0 2 0 3 0 2 0 0 0 0 0 -1 0 -2 0 0 2 -2 0 0 1 0 2 1 0 2 6 0 0 0 -1 2 0 2 -5 0 -4 0 2 4 0 0 -2 0 -1 0 0 2 2 0 0 2 0 0 0 1 0 -2 0 4 -2 0 2 -2 0 -2 -4 3 -2 0 0 0 -1 4 -2 0 0 2 0 3 5 0 3 -2 0 0 6 1 0 -1 0 0 0 0 0 -2 3 2 0 2 2 -2 -1 -2 0 -1 0 0 6 2 2 8 0 0 5 2 0 0 0 -4 0 -2 0 0 -2 0 2 0 0 -1 0 0 0 0 1 1 0 2 1 -4 0 4 0 1 5 0 0 0 -2 2 0 2 -4 -2 1 0 1 1 3 1 0 0 -6 -2 4 2 0 0 0 -1 0 59 1 0 0 0 0 0 0 0 2 0 8 0 -2 0 0 2 0 0 -2 0 2 4 -4 -2 0 0 0 -2 0 0 -2 0 0 4 1 2 0 0 -4 0 -4 0 1 2 -6 0 1 0 4 -1 1 0 0 -1 -6 -2 1 0 -2 0 0 -1 0 0 4 0 1 0 0 0 0 2 0 0 0 0 0 0 -2 0 -1 -10 0 -2 1 0 -5 2 0 0 0 0 0 -3 0 0 -2 -2 -3 0 0 0 0 0 -1 0 2 -3 2 0 0 -7 0 0 -1 0 3 0 0 1 2 2 -2 -2 0 -2 -2 -2
0 0 -4 0 -2 -4 0 0 0 1 0 -2 0 0 0 0 2 0 0 0 0 -4 0 0 0 0 0 2 2 -3 2 0 0 0 0 0 0 0 -2 0 0 0 0 0 0 0 0 2 0 4 0 0 1 0 0 0 0 2 2 4 0 1 0 0 1 0 1 0 0 0 -1 0 0 0 0 -1 0 -3 0 0 0 2 0 0 1 0 0 0 -2 0 2 0 0 0 0 0 0 0 0 0 0 0 0 0 0 2 -2 0 -4 0 0 1 0 -2 0 0 0 0 0 0 -2 -1 -1 0 0 0 2 0 0 0 2 0 1 0 0 0 1 0 0 0 0 -1 0 2 0 0 1 0 -2 2 -1 -4 -1 -4 0 -2 0 4 0 1 0 0 0 0 0 0 0 0 1 0 0 0 -4 0 -4 0 0 0 0 0 -6 2 0 1 0 2 2 0 2 5 0 0 0 0 0 0 -2 -2 1 -1 0 0 2 0 -2 -2 4 0 -2 0 2 0 0 0 0 0 0 0 0 -3 0 0 0 -1 -2 -2 0 4 0 -2 0 0 -2 0 0 0 0 0 0 0 0 0 2 0 0 -1 0 0 0 0 0 0 -1 0 0 0 -4 0 0 3 2 6 0 0 0 0 1 0 0 0 -2 0 1 0 -2 0 0 0 -3 0 -6 -2 0 0 1 -1 -4 0 4 0 -2 -2 0 0 0 -1 -2 0 0 -4 0 0 0 0 1 0 0 1 -2 0 0 2 0 0 0 2 0 3 1 0 0 0 1 0 0 1 0 0 0 0 0 1 26 0 0 2 0 0 0 0 -2 0 0 0 0 0 0 0 0 0 0 0 0 0 0 0 0 2 0 0 0 0 0 2 -1 0 0 4 0 0 -4 -2 -1 0 1 0 0 0 0 -2 -4 1 0 0 0 0 2 2 0 0 0 0 -4 0 0 0 1 1 4 4 0 0 0 0 0 0 2 1 0 0 0 0 0 0 4 -2 0 0 0 3 0 0 0 0 -1 1 0 0 0 0 -1 0 0 2 0 -2 2 -1 0 2 0 0 0 -2 0 2 -1 0 1 0 -1 1 0 0 0 0 0 0 0 -2
0 -2 0 -4 2 0 0 -4 0 -3 0 -1 -1 0 1 0 0 4 3 4 2 1 2 0 0 0 1 1 0 2 0 0 -4 1 1 1 0 -1 -2 -10 2 0 0 0 -5 3 4 2 0 1 0 -1 0 2 0 0 0 1 1 1 -2 0 0 -2 0 4 0 -2 2 0 0 0 -2 0 0 1 0 0 0 0 0 5 2 -3 0 0 0 -1 4 -7 0 0 6 4 0 2 2 0 4 1 2 2 6 0 1 1 -2 0 0 0 -4 -1 0 0 -1 1 0 0 0 0 0 -3 0 8 -1 -4 2 -2 4 0 -2 0 0 0 1 0 2 0 -1 1 0 0 -3 -4 0 0 -4 0 0 -2 0 0 0 0 3 4 -1 -2 0 -2 4 -2 -1 4 -2 -1 -4 0 -4 0 -3 0 2 0 -1 0 -2 -1 0 0 -4 -5 1 0 -4 -4 2 -2 -1 -1 0 0 2 0 -1 0 0 0 -2 1 -4 0 1 -2 0 -2 1 0 0 1 -4 -2 0 -4 0 0 0 -2 2 0 1 0 -5 0 -1 2 5 -1 2 0 0 -1 -2 0 0 0 0 2 -2 0 2 0 -2 -2 1 -6 3 -1 0 3 0 0 -4 -6 0 -4 0 -3 -2 -1 -2 0 2 -6 3 0 -2 2 0 0 0 0 -2 -4 -4 0 0 -3 0 -1 6 -1 -1 0 -3 0 1 0 -1 -2 1 1 2 0 1 0 0 0 3 0 1 -1 1 -2 -2 0 0 0 0 2 0 3 0 0 1 -4 0 -2 0 3 0 0 0 -1 0 0 2 2 1 4 0 0 0 48 -1 -5 -1 0 6 0 -2 0 2 -2 -2 -2 2 -1 5 1 0 2 0 0 0 8 -2 0 5 -1 1 4 0 0 0 2 1 -1 -2 0 -2 0 -2 2 0 0 -2 0 -2 2 0 2 -1 2 -1 -4 -3 -2 -2 0 0 0 0 -7 0 -1 1 0 1 -2 0 0 0 0 -1 0 0 4 0 0 3 -1 0 -2 2 4 4 0 -5 -1 2 -3 0 5 -3 0 2 -2 0 -1 2 0 0 0 -4 2 -2 4 0 0 0 0 0 0 -1 2 0 0 -6 0 2 0 -2 -2 -2 -3 2 0 0 0
0 2 0 0 2 0 -3 0 -3 0 0 0 -2 0 5 -1 6 -2 0 0 1 -2 0 -2 0 -4 4 4 -4 4 4 0 0 0 1 -3 0 -4 0 0 1 -4 0 -4 -2 0 0 0 -2 2 0 1 0 0 0 2 0 -5 -1 1 2 0 -2 3 1 0 0 -2 0 0 0 0 0 6 -1 4 4 2 3 -4 2 0 -2 0 0 4 0 1 6 0 0 0 0 0 0 0 1 2 2 0 0 0 6 0 -1 0 0 4 0 0 4 0 1 0 -2 -3 -2 1 -1 -2 2 0 0 2 0 -2 5 1 2 1 0 0 0 -2 0 0 2 2 -1 0 0 0 -4 0 -1 -2 -2 -2 0 0 0 0 -2 0 0 -2 1 0 0 -2 -3 -2 0 0 -2 1 0 2 1 2 1 -8 -1 0 -4 0 -2 0 0 3 -2 0 -2 0 0 0 0 -2 0 0 -2 0 1 0 2 0 4 -2 2 -1 -1 -2 -2 0 1 -2 0 0 -1 1 1 -2 0 0 0 0 0 1 -3 0 -2 0 0 1 -1 4 3 0 0 0 0 1 0 -2 0 0 1 0 4 0 -4 0 2 0 0 0 4 0 0 2 4 1 0 1 -1 0 0 0 6 0 -1 0 0 0 2 0 -2 -6 0 0 1 0 0 0 -2 0 -1 0 1 4 0 0 2 0 -2 0 2 -1 0 0 -4 1 0 -1 0 2 0 0 -5 -6 0 2 2 2 0 -2 1 1 2 -1 0 -2 0 1 2 0 -1 0 -2 -2 0 0 -1 -4 0 0 -1 -3 0 0 0 0 0 -1 46 -1 2 2 1 0 0 2 -6 0 0 0 2 0 0 0 0 0 4 -3 0 2 0 2 0 -2 -4 0 4 0 0 0 0 0 -4 -1 -2 0 -3 0 0 -2 0 0 0 0 0 0 1 0 1 0 2 0 0 -2 0 0 0 -2 -1 -1 0 4 -1 -2 -6 0 0 2 0 -4 0 0 -2 0 1 0 -2 -2 0 -2 2 1 0 0 2 2 0 0 -1 0 2 0 1 4 0 0 0 -4 0 0 -2 0 0 0 1 1 -2 3 -2 -2 -2 0 2 0 2 0 0 0 2 0 0 0 -2 -2
1 1 -1 0 -1 0 3 0 2 0 0 0 5 -2 -3 0 7 0 0 0 -1 0 -2 -1 -1 -2 -1 0 0 -1 1 0 0 -3 0 0 0 0 0 0 1 4 0 0 -4 0 0 0 0 0 0 1 0 0 2 0 1 4 1 3 1 0 0 0 0 0 0 3 0 -4 -2 0 -2 2 0 1 0 0 0 4 1 0 0 0 0 0 -4 0 0 0 1 0 -2 0 -1 0 1 0 0 0 -1 0 0 0 0 0 0 0 -2 0 2 -2 0 0 0 -1 0 0 0 0 -2 2 2 -8 0 0 0 -1 0 0 0 0 -1 0 -4 4 4 0 0 0 -6 0 2 0 -4 -2 2 2 -1 0 2 1 0 0 -2 -1 0 0 -3 0 1 -1 -6 0 -2 -2 1 4 -3 0 -1 1 -2 0 0 0 0 -2 0 -1 0 0 0 2 0 1 0 1 0 -7 0 2 -1 -2 0 -1 1 -2 2 -1 0 0 -5 0 0 -2 6 -2 0 -1 3 0 2 2 3 1 0 0 -1 0 -1 2 1 4 0 -1 0 0 0 -1 4 0 0 -4 -2 -1 0 0 0 -3 -1 0 1 -2 0 0 4 0 4 -4 -4 0 0 2 -1 -1 0 -1 7 0 4 2 -4 2 1 0 0 0 0 0 -4 0 4 1 -1 0 0 0 -2 0 -1 2 0 2 -2 0 2 0 2 0 0 -2 -2 1 2 -2 1 0 -2 -1 -2 0 -3 2 0 0 1 1 0 3 -3 -1 -1 -2 -2 0 0 2 0 -1 2 0 0 1 0 0 0 0 0 -2 0 0 2 -5 -1 37 0 -2 -2 -2 2 -2 0 0 2 0 -1 0 -1 0 2 0 2 0 0 0 0 1 -2 0 3 0 0 1 0 1 -3 4 0 0 -2 0 -3 0 1 0 -4 -2 -2 4 0 -2 -1 0 -1 0 0 1 0 0 -5 2 4 0 -6 2 0 1 2 0 -2 0 2 0 0 -3 0 0 -1 0 -1 0 0 0 2 0 -2 1 0 0 0 0 -2 2 0 1 -4 0 -1 0 1 0 -1 0 0 -1 0 6 -1 0 0 0 2 0 -2 0 0 0 0 -2 -2 0 3 -1 3 0 0 1 4 0
1 1 0 -2 -4 0 0 0 2 0 -1 -4 0 1 -2 -2 4 0 0 0 -4 -1 -1 2 0 -4 -1 3 0 4 0 0 0 -2 2 0 0 0 0 0 2 0 0 1 4 1 0 0 0 6 0 0 0 0 4 0 2 0 0 0 0 2 0 -2 -6 0 -1 0 -2 3 0 -3 0 4 0 0 0 0 -2 0 0 3 0 0 1 0 0 -6 0 2 0 2 1 -4 0 3 -2 0 0 0 0 0 -1 0 1 0 0 0 -2 0 0 0 2 0 0 6 0 -2 -1 0 4 3 0 0 1 0 4 0 0 4 2 0 0 0 -1 3 3 0 0 -4 -2 -2 0 0 -2 6 0 0 0 0 -2 -4 -2 2 2 0 9 2 0 2 2 -2 4 0 2 0 0 2 1 -6 0 2 0 -2 2 0 0 2 -2 0 0 0 2 2 0 0 4 4 -4 2 0 0 0 0 -2 0 1 0 0 0 0 2 2 0 0 -7 0 -2 0 0 0 3 0 -4 0 -1 -2 0 2 2 -4 0 0 0 0 -1 0 4 0 2 0 -3 2 -4 0 2 6 1 2 0 0 -4 7 0 -1 0 0 -4 0 -3 0 -7 -1 -1 0 0 0 0 -1 -2 0 0 0 0 1 0 1 2 3 8 0 -2 -1 2 -4 -2 -4 -1 0 0 2 0 2 0 -3 0 2 -2 -6 0 4 4 4 6 0 0 4 0 4 -2 -3 2 0 0 1 0 2 -1 4 0 0 0 0 2 0 -1 -1 0 0 0 0 0 -2 0 -2 1 -2 0 -1 -2 2 0 0 -1 2 0 53 0 2 0 0 0 0 0 4 -2 0 1 0 0 3 0 0 2 4 -2 0 1 2 -4 1 0 0 0 3 1 0 4 0 2 4 0 0 -2 -2 0 1 0 2 0 0 2 1 -1 8 0 1 -1 6 1 0 -1 4 0 0 -1 0 0 -6 0 -2 4 0 0 0 2 0 0 0 0 2 0 3 -3 0 0 0 4 0 0 -2 5 0 -4 3 2 1 0 3 0 -4 0 0 0 0 0 1 0 0 2 0 0 0 -6 -4 -2 -4 0 0 -1 2 -4 0 0 -3 2 0 0 0 0
5 -1 0 -4 0 0 0 0 1 2 0 1 -2 0 2 1 0 0 -2 3 0 0 2 2 -4 4 0 -4 -2 0 0 0 0 0 0 2 -1 0 0 0 -1 -2 0 -6 0 0 0 -4 0 -2 0 -2 0 0 -4 1 0 0 -2 -2 0 -2 0 -2 2 0 0 -2 0 5 -2 0 -2 0 0 0 0 0 -4 0 0 0 2 6 0 1 2 -2 0 -1 -2 0 -2 7 2 0 0 0 -1 0 0 -2 2 1 0 1 0 4 4 6 0 0 0 2 0 0 0 0 0 0 -4 -1 -2 0 0 -1 -1 -2 0 0 0 -2 1 0 0 0 0 0 0 0 0 0 0 0 0 -1 0 0 -4 -2 0 -2 0 0 2 -2 2 0 0 0 -1 -1 0 0 0 -2 0 0 0 0 -1 -4 2 2 0 0 0 0 4 0 4 4 0 -2 0 0 -2 0 0 1 0 0 2 4 4 0 -2 -2 4 -4 0 0 0 0 -4 0 0 -2 0 0 0 -1 -2 0 0 4 0 0 0 0 0 0 0 0 0 1 -1 1 0 0 2 1 0 -1 2 4 2 3 0 2 0 0 1 0 0 -4 0 0 0 0 1 0 0 0 0 0 0 0 0 -3 0 0 1 0 0 -1 0 -2 0 0 -2 1 0 1 0 2 -2 0 -4 0 -2 0 4 -1 0 0 0 2 -2 0 -1 0 0 0 0 -2 0 0 -2 2 0 0 1 -7 2 -1 0 -2 -8 -2 4 -2 0 0 0 1 1 0 0 1 0 0 0 0 0 -1 4 0 0 -2 0 0 0 0 2 -2 0 36 0 0 2 0 0 0 -4 -1 2 0 0 0 0 -1 0 2 -4 -2 4 2 1 0 0 -1 2 0 0 0 3 1 0 -2 0 0 -4 0 -1 0 -2 0 0 0 1 0 0 0 4 2 1 0 -4 0 0 -4 0 2 0 -1 0 0 0 0 -2 0 0 -3 0 -4 -4 0 -2 0 0 0 0 0 0 0 -4 0 0 0 1 0 2 -1 3 0 2 0 2 0 0 0 -2 0 -4 -6 8 -2 0 1 0 0 0 0 6 0 -1 2 2 2 0 0 2 0 0 2 1 -3 0 0
0 0 0 0 3 0 4 0 0 0 1 -4 0 0 0 0 0 0 2 1 4 0 0 4 0 0 1 -2 0 0 0 0 0 0 -2 0 0 0 0 0 -2 1 -2 4 0 -1 1 0 0 2 0 0 -2 2 2 0 0 -2 -1 0 -1 -4 0 -4 2 0 0 0 -1 2 4 0 0 2 0 0 2 0 0 2 0 0 0 -4 -1 6 0 -1 0 0 2 0 0 0 0 1 0 0 0 0 -4 2 4 1 0 0 0 -2 -4 0 2 -2 1 0 4 1 -1 -1 0 0 0 -4 0 9 0 0 4 1 2 0 0 0 0 1 2 0 -2 0 0 0 4 2 0 0 1 0 -4 0 -2 -2 -2 -4 2 -4 -4 -2 0 0 1 -1 -2 0 0 4 -2 0 -6 1 0 0 2 0 -1 0 0 0 0 0 2 2 4 -8 2 0 -2 -3 2 -2 2 0 0 0 0 2 0 0 1 -1 0 -4 2 1 4 0 0 -2 4 0 0 0 2 0 0 1 -2 0 -2 2 3 -2 -4 -2 0 0 0 -2 2 0 0 0 0 -3 2 0 0 0 -2 4 0 2 0 0 0 4 -2 0 -4 0 0 -4 0 0 0 2 0 1 2 2 0 0 0 0 0 -8 0 1 0 0 -1 0 -4 0 -4 0 -2 0 -2 0 2 0 -3 2 3 0 4 0 1 -1 0 0 -5 0 1 2 0 -2 1 0 0 0 -2 0 0 5 -4 4 2 6 -1 0 -2 8 0 2 0 -1 -1 -1 0 2 2 0 -1 2 0 0 1 -2 -2 0 0 0 0 6 1 -2 2 0 48 -3 -4 -2 0 0 0 0 0 0 0 1 2 0 0 -1 4 -1 -2 -1 6 4 4 0 0 1 2 -2 0 2 0 4 0 1 0 0 -4 2 -4 1 0 4 -4 2 -2 0 0 0 4 0 0 0 0 0 -2 -6 -2 0 4 0 2 0 -2 0 3 0 -2 1 0 0 0 0 2 1 1 0 0 0 0 3 -1 2 0 0 0 0 -2 -2 -3 -2 0 -2 0 -2 0 1 2 0 2 0 0 0 4 0 0 0 0 -2 -2 6 1 0 0 1 -1 -2 0 4 0 -1 2 -4
0 0 0 0 0 0 0 2 0 1 0 -4 4 2 0 0 0 0 -2 2 2 0 -2 0 0 4 0 1 -2 0 0 0 0 0 -1 0 -2 1 -4 0 1 -2 2 0 -2 1 0 0 0 0 -2 4 0 0 2 1 0 -1 4 2 1 -4 4 0 -3 0 0 0 -3 0 0 -2 0 0 0 0 0 0 0 0 0 0 0 0 4 -2 0 0 1 0 -1 0 0 0 0 0 2 0 -2 0 0 0 -2 -8 0 0 0 0 0 0 0 0 0 0 0 1 0 0 2 0 0 0 0 0 0 0 1 0 4 -2 10 0 2 0 0 0 0 0 0 -2 0 0 -8 0 0 1 0 0 2 0 -1 0 1 2 0 0 -1 1 1 0 0 -2 1 0 0 1 0 0 0 0 -2 0 0 1 0 2 -1 0 -2 0 0 -4 0 0 0 0 0 -4 -1 1 0 1 0 -2 1 0 0 0 0 0 0 0 4 0 0 2 0 -4 0 0 0 -6 0 1 0 0 0 0 0 2 1 0 0 0 0 0 4 -1 0 0 -4 2 0 -8 1 0 0 0 0 0 -2 -6 0 2 0 0 0 0 -2 0 2 0 0 3 0 -3 0 -1 0 0 4 0 0 0 -7 -1 -2 0 0 1 0 1 0 0 4 2 0 0 0 0 1 0 0 0 0 0 0 4 0 0 0 0 0 -5 0 0 0 0 0 -2 1 0 0 -2 0 0 0 0 0 -1 0 0 -4 0 -5 2 -1 0 0 -1 2 0 -4 -3 0 0 0 -4 0 1 0 0 0 0 0 -2 0 0 -3 37 -6 -2 0 0 0 0 1 4 0 -1 0 -1 0 5 0 0 0 0 0 0 0 0 0 2 0 0 -4 0 0 0 0 0 0 3 0 -2 2 -4 0 0 0 1 0 -2 1 1 0 0 1 0 -2 -1 -2 0 2 -2 2 0 -4 2 0 0 -2 0 1 -4 2 0 0 2 0 4 -1 0 2 0 0 1 -4 2 6 0 0 0 0 -4 -9 2 -2 1 -2 1 4 6 0 0 -2 6 0 -1 2 0 4 0 0 2 2 0 2 2 -1 2 1 6 0 1 0 0 0 0
0 0 1 0 -5 2 5 0 0 -2 3 2 -4 0 0 0 -2 0 0 -2 1 0 0 0 4 2 -2 0 4 0 0 0 0 0 0 0 -1 0 6 0 0 0 -2 0 4 0 2 0 -4 -1 1 0 6 -2 -4 -2 4 0 -1 -1 1 0 -1 0 0 0 0 -4 0 0 0 0 1 1 0 2 0 -2 0 0 0 2 0 -2 -1 1 0 0 0 0 0 3 2 2 0 0 1 0 0 4 0 0 -4 0 -2 0 -1 1 1 0 0 -1 2 -5 0 0 2 0 0 0 2 0 1 -4 0 0 -2 2 0 0 -2 2 0 2 0 -4 -2 0 0 -2 0 2 -4 0 0 0 2 2 -2 0 -4 0 0 0 -2 2 2 0 0 0 0 -2 3 0 2 -2 -2 0 -6 -2 0 0 4 0 0 -2 -4 -1 0 0 0 1 -1 2 -1 2 -1 0 0 0 4 0 0 0 0 0 0 5 0 0 6 4 -1 0 0 2 4 4 0 0 0 -1 0 1 -2 0 2 0 -1 -5 3 0 0 0 5 0 1 4 0 0 4 2 0 -1 1 0 1 2 1 0 4 -2 0 -2 0 0 0 -2 -1 -1 2 0 2 0 0 0 3 0 4 -1 -4 2 1 4 0 0 0 0 0 0 -1 -3 0 6 2 0 0 0 -2 -2 1 -2 0 -1 -2 2 0 0 0 4 0 -2 1 2 0 6 0 1 0 -4 1 0 -2 0 -6 -4 1 -2 -2 0 0 -2 0 2 -1 -4 0 -4 -4 -2 0 -2 0 0 2 0 2 5 0 -4 0 2 -2 -2 0 2 0 2 -4 -6 54 0 0 2 1 0 2 -6 0 2 1 0 -1 -3 0 1 -4 0 -3 0 0 0 -2 -1 1 5 0 1 0 0 0 6 5 -2 -4 0 0 1 0 3 0 2 2 0 2 -3 0 0 0 0 2 -2 0 0 0 0 -2 0 0 -6 -1 0 2 -1 6 0 -2 0 0 -2 0 0 0 0 0 0 -4 -4 4 2 2 1 0 2 2 2 0 -2 4 -1 2 0 -2 0 0 -1 -4 -4 -2 4 0 -4 2 -4 3 -1 -4 -1 -3 7 -2 2 0 0 0 0 -2 0 1 0
0 0 0 0 4 0 0 0 -2 0 0 1 -2 -2 2 -2 2 0 0 0 0 0 0 0 0 -4 0 -1 0 0 0 0 2 0 2 0 4 0 0 0 0 0 1 0 0 0 0 -2 0 0 4 0 0 0 0 0 -4 0 0 0 0 2 0 8 -3 0 -2 -4 0 0 0 0 4 0 -2 0 0 0 0 0 0 0 -4 0 0 -2 0 0 0 -2 -4 0 0 0 0 0 2 0 0 4 0 0 -4 1 -1 0 0 0 2 0 0 0 0 0 -4 -4 0 -2 0 0 0 4 0 0 0 0 0 2 2 0 0 0 -4 0 0 0 2 0 0 0 -2 0 0 -4 0 -4 0 0 0 1 0 0 -1 -1 0 2 0 4 2 0 2 0 0 0 0 2 2 0 0 0 4 0 2 0 0 2 0 0 0 2 0 0 -4 0 -4 0 0 0 0 0 0 0 0 2 0 0 0 4 0 0 0 0 0 0 0 0 -2 0 0 0 0 -4 0 2 2 0 0 4 0 0 4 0 0 0 0 0 0 4 0 0 -4 0 0 0 0 0 0 0 8 0 0 0 0 -4 0 0 0 0 0 0 4 0 0 0 0 0 -1 0 4 -2 2 2 -2 -2 2 2 0 0 0 0 -2 0 0 0 0 0 0 0 0 0 0 -1 0 0 -1 0 0 0 0 0 0 0 0 -2 4 0 2 0 0 -2 0 0 0 4 0 -1 -1 1 0 -2 0 0 0 0 2 4 0 0 0 0 -8 0 0 0 2 0 0 0 0 -2 0 0 0 0 2 -2 0 0 -2 -2 0 31 0 -2 -4 0 0 0 0 2 0 0 0 0 0 0 0 0 0 2 0 0 0 0 0 0 0 0 0 0 0 0 6 0 1 0 0 0 0 0 0 0 0 -4 0 0 4 0 -2 0 0 0 2 0 0 0 -2 0 -2 0 0 0 0 0 0 0 0 0 6 0 0 -4 0 0 0 0 4 0 -2 0 0 0 0 -2 0 0 0 2 2 0 0 0 5 0 0 0 0 2 0 -2 0 2 0 4 -4 -2 -2 0 0 -2 0 -2 -2 -2 0 0 0 0 0 0
2 -3 -1 1 0 0 0 3 0 -2 0 0 4 0 -2 0 0 2 1 0 -1 0 3 1 -2 0 0 1 4 -8 -2 0 -2 0 0 1 0 3 1 0 0 2 1 2 2 0 0 -2 -3 0 1 0 0 0 0 0 0 2 2 0 -2 4 0 2 -1 0 0 1 3 0 6 0 -1 0 2 -4 2 0 -2 0 2 0 0 3 0 0 0 0 0 -1 4 0 -2 0 0 -2 0 0 -1 0 0 0 2 0 1 0 0 0 0 -2 0 0 0 1 2 0 2 -1 0 0 2 0 0 0 2 0 0 0 2 -2 0 0 0 4 -4 0 -2 0 0 0 0 -4 0 3 0 4 0 1 0 0 0 -1 2 0 2 0 0 0 0 0 0 0 0 2 0 0 0 0 1 0 0 2 0 0 0 0 1 -4 -2 -1 2 2 0 0 0 0 0 0 0 0 0 0 0 4 -2 0 -4 0 0 0 1 0 0 0 0 0 0 0 -1 0 0 2 1 0 0 -1 0 0 0 0 -4 -1 0 -4 0 2 -1 0 0 -4 0 1 -4 0 0 2 0 0 0 2 6 0 0 -4 0 0 0 0 0 0 0 0 0 0 0 0 0 0 -2 0 -2 0 4 0 -2 0 0 -1 4 0 -4 4 -2 0 3 0 1 0 -2 0 0 -2 0 0 2 -2 0 1 -4 -4 0 0 0 0 0 1 1 0 3 3 0 2 0 2 0 0 0 0 -2 3 0 -4 0 0 0 -2 2 0 2 2 -2 0 -4 0 2 1 0 4 -1 0 1 8 0 2 -6 0 0 0 0 0 0 0 36 -1 1 0 1 1 2 0 0 0 4 0 0 -2 2 4 0 0 4 0 0 0 -3 1 2 0 -1 0 -1 0 2 0 0 0 2 0 2 0 0 0 0 0 0 0 0 0 4 2 0 -4 0 0 0 0 0 0 0 0 2 1 2 -1 -1 2 0 -2 0 0 1 -4 0 0 -1 0 -2 0 1 0 -2 0 0 1 0 -1 -1 6 0 -2 0 -1 0 -4 -2 4 -4 0 2 0 1 0 1 2 -4 0 0 0 0 0 -1 0 0 0 0 0 -1 2 0 1
0 2 1 0 0 2 -4 2 0 -6 0 0 0 -6 0 0 0 -2 0 0 -2 -3 0 0 0 0 0 0 0 0 5 2 -2 0 0 1 2 -1 -2 0 0 0 -2 -2 0 0 0 1 0 2 2 -4 0 0 0 0 -2 -2 0 0 0 -4 -1 0 -1 0 0 -2 -2 -1 0 0 0 0 3 4 -2 0 0 0 0 0 0 0 2 0 4 1 0 0 0 1 1 -2 0 0 -1 -1 2 2 1 -1 1 0 -1 3 0 0 0 0 0 2 0 0 1 0 0 2 0 0 2 0 -4 0 0 0 -1 1 0 0 0 2 0 4 -2 0 0 -2 0 -4 0 -4 0 0 0 -4 6 1 0 0 0 0 1 1 -3 0 0 -3 -1 -4 -6 0 0 -4 1 0 -4 2 -1 -4 -1 2 0 0 -2 0 0 0 4 0 0 1 1 1 0 1 2 -1 -4 2 4 -1 4 0 0 0 0 0 -4 0 1 -6 0 0 -1 0 4 -2 1 0 0 0 -2 4 1 -2 0 0 0 1 0 1 2 1 2 -1 4 -4 0 2 2 0 4 -2 -6 2 0 2 0 0 1 0 0 -1 0 -6 0 0 0 0 2 -4 0 1 0 1 -2 0 4 2 0 -4 4 -2 0 0 0 -1 0 -4 4 -1 2 0 0 0 0 0 0 0 0 -2 0 0 0 -1 0 0 -6 0 1 0 6 0 -1 4 -3 0 0 0 0 0 0 2 2 -2 0 0 0 0 2 0 -6 0 -1 4 0 0 -1 0 0 0 0 0 0 0 2 2 -1 2 -2 0 0 -2 0 0 0 0 0 0 2 -2 -1 42 -3 -4 1 0 0 0 -2 -5 0 0 0 3 0 0 2 0 1 0 0 6 -1 0 0 -4 4 0 0 0 0 0 0 1 0 3 1 4 0 1 0 6 -2 0 3 0 2 0 2 0 -2 0 0 -2 -4 0 0 2 0 -1 -3 -4 2 2 0 0 0 0 -1 0 0 -3 0 -3 0 1 2 -1 0 -1 2 -2 0 1 0 0 0 0 0 1 -4 0 0 0 -6 0 0 2 2 -1 0 -1 1 0 0 -1 2 0 0 2 0 3 1 -2 1 0 4 0
0 0 4 0 0 1 0 0 0 1 0 4 0 -4 -2 0 -3 2 4 0 0 0 0 0 0 -4 0 2 0 0 0 0 -1 0 -4 2 0 -4 -3 2 0 0 0 4 0 0 -2 0 -2 -1 -2 6 0 -1 0 -1 2 2 0 2 0 -2 0 -2 0 3 4 0 2 0 0 1 0 0 -2 0 0 0 0 0 -2 0 2 0 -1 1 0 0 0 2 0 2 0 -4 0 0 1 0 2 -4 2 6 1 0 0 1 0 -2 0 0 0 0 2 0 0 -4 1 6 0 2 -4 -2 1 0 0 0 8 0 0 0 0 0 0 1 6 0 0 -2 0 1 0 -1 0 0 2 4 0 0 0 0 -2 0 -8 0 0 -2 2 -4 -2 2 0 -4 2 5 1 0 0 0 0 0 -3 6 0 0 0 0 0 0 0 0 0 4 2 0 1 -2 -3 0 4 2 -1 0 0 0 2 0 -2 0 -1 0 4 0 0 2 0 4 3 -2 -1 0 0 2 2 2 0 0 5 0 0 0 0 -1 0 0 -1 1 -2 2 0 0 1 0 -4 -4 -2 0 -2 -3 2 0 0 2 0 0 0 0 0 0 0 0 -6 0 2 -2 0 -2 2 0 3 0 0 0 0 2 4 -2 0 0 -2 2 2 -2 4 2 2 1 0 0 0 0 0 4 0 5 2 -2 2 2 -2 2 0 3 -2 2 -6 1 1 0 2 0 0 1 2 3 -2 0 -4 2 -4 0 0 0 -4 -4 0 0 0 4 4 0 0 -2 4 0 2 -2 -4 1 0 0 0 -2 0 -2 0 2 4 -4 0 0 1 -4 1 -3 56 0 1 2 1 -2 0 0 1 0 -2 0 0 0 0 2 0 -2 -4 -4 -1 -1 4 1 2 -2 -1 0 -2 0 0 -2 -2 0 6 4 2 2 2 0 -4 0 4 0 3 4 0 0 0 2 0 -2 -3 0 4 2 2 0 0 2 -1 4 4 0 -2 1 4 0 0 0 0 2 2 0 -3 0 0 0 -4 0 0 3 2 -4 -2 0 6 -1 0 0 4 0 0 0 0 0 4 -2 1 1 -6 0 1 0 6 0 2 2 0 3 -4 2 -1 0 6 0
0 0 0 0 -2 0 2 -2 -2 0 0 1 -4 0 0 0 0 2 1 0 0 0 0 0 -1 2 3 1 2 -2 0 -1 0 -2 0 0 -2 0 2 -1 -2 4 0 0 4 0 0 0 0 -4 4 0 0 2 2 0 0 0 4 4 0 -3 0 0 -4 0 0 0 0 0 0 0 0 0 0 0 -2 0 0 0 0 0 2 -2 4 -3 0 4 0 0 0 -1 -1 -2 -2 0 -2 0 -4 -1 -2 -2 0 -1 2 2 0 -3 0 0 -2 0 -2 -4 -2 0 0 0 0 -2 0 0 0 -2 0 -1 0 -1 0 0 0 2 0 0 0 0 -2 -4 0 -3 0 0 0 0 -2 5 2 0 0 4 1 2 0 0 0 -3 -4 0 0 0 3 1 -4 0 0 0 0 0 2 0 0 0 0 0 0 -1 6 0 -4 0 2 0 0 0 0 -2 0 -6 0 0 2 -4 0 0 -3 0 0 4 0 0 0 2 0 0 3 1 -4 0 0 0 0 0 -2 2 0 0 2 0 0 0 0 0 0 0 2 3 -2 -2 0 0 -2 1 0 2 -3 -1 0 2 0 0 0 0 0 0 0 4 0 0 0 1 4 -3 4 4 0 3 0 2 -2 4 0 0 -2 0 0 0 0 0 -2 0 0 0 4 2 1 0 4 0 0 0 2 0 -1 -1 0 -1 2 0 4 2 2 -2 -4 1 4 0 -1 -2 3 -4 0 -1 -2 6 2 0 -1 0 0 1 -2 -1 -1 0 0 0 0 4 0 -1 0 0 0 -2 1 6 0 -2 0 0 2 0 0 -2 0 0 -2 -1 0 0 0 0 0 -4 0 36 0 0 -2 2 0 0 1 0 4 6 0 0 1 2 0 1 1 -4 2 -2 0 4 0 0 -1 0 -2 0 0 -2 2 0 0 0 0 0 0 0 -1 0 -1 2 0 0 2 0 -1 2 -2 -3 0 0 2 0 0 -4 -1 0 0 0 2 1 -1 0 0 0 0 2 0 2 2 0 0 -2 0 -2 0 6 -6 1 0 3 0 0 2 2 0 1 0 -4 1 0 2 -1 -2 0 0 -1 1 0 -1 0 0 -4 0 0 2 1 2 2 5 0 -4 -1
0 -1 0 0 0 2 0 0 0 4 2 0 -2 0 0 1 0 2 1 -2 0 0 4 -2 0 -2 -1 2 0 0 0 0 0 0 4 0 0 0 0 0 1 0 0 0 0 0 0 2 -2 0 0 0 0 -1 0 0 2 -1 0 0 0 0 0 0 -1 0 -2 1 1 4 1 0 4 0 0 0 0 0 0 0 -2 1 0 2 0 -1 0 -2 3 -5 0 0 0 1 1 0 1 -4 -2 0 0 0 1 2 3 1 0 0 0 4 -2 0 0 0 0 0 1 0 0 -1 4 0 -2 0 2 0 -2 0 0 0 0 6 0 0 -2 -2 0 0 0 0 -2 1 -4 2 0 -2 -2 0 0 0 0 0 1 4 1 2 2 0 -2 2 0 -1 -4 2 0 0 0 0 1 -1 -5 0 0 0 0 0 1 0 -1 0 -2 4 4 -4 0 0 -2 0 0 -1 0 0 0 -1 3 -2 0 -1 0 0 0 0 2 -2 0 4 1 0 0 -1 0 0 -2 2 0 1 0 -4 0 1 -2 0 -1 0 2 -3 -2 2 0 2 0 0 0 0 0 0 -2 -2 4 -1 0 0 0 0 2 0 4 0 0 -6 2 0 0 0 -3 1 0 0 1 0 -2 0 0 -2 -3 2 0 -3 4 1 -1 0 0 -1 2 0 0 -2 0 0 0 0 1 0 0 0 1 0 -2 0 0 0 0 0 3 0 1 0 0 4 1 0 1 -4 -2 3 1 0 0 0 -3 0 -1 2 -2 -4 0 1 0 0 0 1 0 0 0 0 0 1 1 -4 0 0 0 2 2 -1 0 2 0 1 2 0 1 1 1 0 33 0 0 -1 2 0 1 1 0 0 0 0 0 -1 -2 0 2 0 0 0 4 0 -1 0 3 1 2 0 0 1 -1 2 0 2 0 0 4 2 2 0 -2 0 0 0 0 1 0 2 4 0 0 -2 0 -2 2 0 0 0 1 2 -6 0 1 0 1 0 0 0 0 1 -1 0 0 2 0 4 0 0 -2 -1 2 2 1 0 -1 0 -1 0 0 -2 0 0 -2 0 2 0 1 2 0 0 -1 1 -2 0 -2 0 -2 2 0 0 -4 2 0 0
1 -4 0 0 2 0 0 2 0 0 0 0 2 -2 0 0 0 0 -2 1 -6 0 0 0 -2 0 0 0 -1 1 0 -1 0 0 -2 -2 0 2 0 0 4 0 2 4 -2 0 0 -2 0 0 0 0 2 0 8 2 0 0 0 -1 1 -2 1 0 0 0 0 -2 2 0 8 0 0 -2 2 0 2 2 0 -2 0 0 -2 0 -1 3 0 0 -1 0 0 1 -2 0 -6 0 0 0 -1 0 1 0 2 0 0 5 0 -1 -2 1 -2 0 0 1 2 -4 0 -4 0 0 0 -1 6 0 2 0 4 -1 0 1 1 -1 0 0 2 1 -6 0 0 0 2 2 0 2 0 0 0 -1 1 4 0 0 0 0 0 0 -4 1 0 2 0 -1 0 0 -1 -1 4 0 1 -2 0 -1 0 0 0 3 0 1 -2 0 0 2 0 0 0 2 2 0 0 1 0 -1 0 -2 2 0 -2 0 1 0 0 2 0 0 -4 0 -6 0 0 2 0 0 0 3 2 -2 0 -4 0 4 -2 1 0 4 -1 4 0 2 0 0 -2 0 0 0 0 0 0 2 0 0 0 1 0 2 2 -2 2 0 0 0 1 0 -2 3 -1 0 0 -1 0 -1 0 0 0 0 3 0 -2 -1 0 0 -2 -2 0 -4 -2 0 -2 0 0 -1 0 0 2 1 3 0 2 0 2 -2 2 0 -4 0 2 1 0 -2 0 -1 2 0 -2 -2 2 0 -2 3 2 1 0 -2 -2 -1 2 4 0 0 -1 -4 0 0 -2 -2 1 0 0 0 0 -2 1 2 0 -1 0 0 1 0 0 4 -6 0 1 0 2 0 0 36 2 0 1 0 0 7 1 4 0 0 0 0 1 0 -2 0 -2 1 2 0 -4 0 1 -1 4 3 0 -1 -1 0 0 2 0 -2 0 2 -2 -2 2 -2 0 2 0 1 0 1 0 -3 0 0 0 1 4 0 0 2 2 -2 1 0 0 1 -2 -4 0 -2 4 0 2 3 -6 0 2 -2 -2 2 0 0 -2 3 -6 0 -1 2 2 0 1 2 0 2 1 -2 1 -2 -3 1 -2 0 3 -1 0 0 -2 0 1 0 0 0 1 0 0 3
2 0 2 -2 0 -4 0 2 0 0 0 1 2 -2 -2 0 -2 0 2 4 -4 0 0 0 -4 0 0 0 0 0 0 -3 2 -2 4 2 5 0 2 -4 0 0 0 0 -4 -5 0 0 0 0 0 0 0 4 -4 2 0 1 0 1 0 0 4 -2 0 0 0 -2 -1 -2 2 0 2 0 -4 0 -2 -1 2 0 4 4 4 2 3 0 0 0 0 4 0 0 -2 0 0 0 0 0 -6 0 0 2 0 0 0 0 0 1 0 0 0 2 0 0 2 0 0 -2 0 0 0 0 -1 -1 0 0 0 -2 -4 0 0 0 0 -1 -3 0 0 0 0 3 -5 2 0 4 0 0 4 0 0 0 0 0 -1 0 1 2 -2 -2 -1 0 0 1 0 -2 -2 0 0 0 0 0 1 -2 -2 0 0 0 0 -2 0 -2 -4 0 1 0 2 2 4 0 -2 0 -1 0 0 -4 2 0 0 -1 0 0 4 -2 0 1 0 -2 0 -1 0 0 -2 5 -4 0 -2 0 0 5 1 0 0 0 -1 0 2 -4 0 0 0 0 0 2 -2 0 0 1 0 -2 2 2 1 2 0 -4 0 -5 2 2 2 0 0 0 -6 -4 0 -2 -2 -4 0 0 0 -4 0 0 0 -6 0 0 0 1 -2 0 -4 -4 0 0 0 0 4 0 0 2 0 1 3 0 0 0 4 1 2 1 2 0 1 4 0 0 0 0 -4 0 2 0 0 -2 0 2 4 0 2 -4 0 0 0 -4 0 0 0 4 1 4 -2 0 2 0 0 0 0 0 0 0 0 5 0 -1 0 0 0 0 0 0 2 0 1 -2 0 2 39 0 0 2 0 2 2 0 0 0 0 1 -2 0 0 0 0 -1 1 0 0 4 2 0 0 1 0 0 -6 0 2 -4 0 -4 0 -2 0 0 -6 0 -2 0 -1 2 0 -4 -2 -4 2 0 -4 -2 0 -4 4 0 0 0 0 0 4 -2 0 -2 0 -2 0 0 0 0 -1 0 0 0 0 0 0 0 0 -4 0 0 1 0 0 0 2 -4 5 2 0 0 -1 0 4 0 0 0 0 0 0 0 1 0 0 -1 -2 0 0 0 3 4
0 -1 2 4 2 -4 6 0 0 -2 1 0 -2 0 0 -2 -3 0 0 -4 0 0 0 0 0 0 -1 0 -2 0 0 0 -1 -1 -1 0 2 -2 0 0 0 -2 0 -3 0 0 1 2 0 0 3 0 0 0 0 0 2 0 5 2 0 0 0 2 0 1 0 -2 1 0 0 0 0 -1 -2 1 2 2 0 0 0 0 4 0 -1 0 1 -2 0 1 -2 0 1 0 -6 -1 0 0 -2 0 1 -2 1 0 -1 2 0 0 0 0 0 0 2 0 1 -1 2 -4 0 0 -1 -2 -2 0 2 0 2 1 0 2 0 2 -1 -2 -1 0 -1 0 -3 0 1 1 -2 4 0 -2 0 0 0 0 -1 0 0 0 -1 -3 2 0 -2 0 0 0 0 0 0 0 -3 -4 2 0 7 -2 -3 0 0 0 1 0 0 -2 2 0 0 0 2 -1 0 0 2 -3 0 0 0 1 -2 2 0 2 -3 0 -2 0 -2 3 3 -2 1 0 1 2 0 0 0 -1 1 -5 0 2 0 0 0 0 0 0 -1 0 0 1 -1 0 -2 4 0 0 2 2 0 0 0 0 0 0 0 -2 4 -1 -2 0 0 0 0 -2 -2 2 0 0 1 1 0 -3 0 0 -2 0 0 2 0 4 -3 4 1 -1 3 0 0 0 0 4 0 1 1 0 0 0 2 0 -4 0 1 0 0 -1 -4 1 0 1 0 1 0 -4 -1 0 -4 -2 1 0 0 4 -2 0 0 0 2 1 0 -1 0 1 -1 0 0 1 0 0 2 0 0 2 0 -3 0 0 0 1 0 0 0 0 1 -1 2 2 0 0 -2 2 -1 0 0 30 0 -2 -1 -1 -1 -6 -4 0 0 -1 0 2 0 0 0 0 0 0 0 0 0 1 0 2 0 -1 4 0 0 2 2 2 0 1 0 -4 1 0 -1 0 7 -1 0 -1 0 3 0 0 0 4 0 0 0 0 0 1 -1 -1 2 -2 -1 0 0 1 0 4 0 -4 0 1 0 0 2 -1 0 0 -2 1 -2 0 0 0 0 1 0 0 -4 0 0 1 0 2 0 0 0 0 -1 0 0 0 0 -1 -2 -2 0 0 -1 0 0 0
-1 0 0 0 0 0 4 0 0 -2 0 0 0 0 0 1 0 0 0 0 2 0 -1 0 0 -4 -2 1 0 0 0 -4 0 -1 0 -2 0 0 -4 2 0 0 0 3 2 0 0 -2 0 0 -2 -2 0 0 0 1 -2 0 -1 -2 0 -2 1 -2 1 0 2 2 0 3 0 0 -2 0 -2 4 0 0 0 2 0 -4 0 -1 -2 3 -1 0 4 -2 4 1 1 -2 -6 0 -3 0 0 4 -4 0 0 0 0 4 0 1 0 0 -2 0 0 0 4 -2 0 0 0 4 -2 0 0 -2 0 0 -1 0 6 2 -2 1 0 4 2 -4 0 0 -1 0 -1 0 0 0 -1 0 -4 -1 0 2 2 -2 -2 0 2 -1 0 -4 0 4 0 0 2 0 1 0 -2 -3 0 0 -2 3 0 0 2 0 0 -1 4 0 4 0 1 2 -3 0 1 -2 -5 2 0 -2 0 0 0 -2 0 -1 0 1 0 0 0 0 2 0 1 0 4 -2 0 -1 0 1 0 0 -2 -2 0 0 0 1 0 -4 -4 1 -1 -4 -1 0 0 -2 0 0 4 0 1 0 0 -2 -2 -2 -1 2 0 1 2 -4 -2 -4 1 2 -2 0 -2 0 0 0 1 0 0 -1 0 0 -3 -2 0 -1 0 2 -3 0 -1 -5 2 -1 -6 2 1 0 1 2 0 2 -2 0 0 0 4 1 0 3 0 2 0 -5 3 -2 2 0 0 -4 0 2 -2 2 1 0 0 0 -2 -1 -1 -4 -4 0 1 -2 -2 0 2 0 0 1 1 1 0 5 -1 0 2 -2 0 0 0 2 3 0 2 0 1 0 0 -2 0 0 2 1 0 0 41 0 0 2 -1 2 0 2 1 0 1 -2 0 -2 0 0 -6 1 0 -1 -4 0 -1 0 -2 0 -2 1 0 4 0 -2 -2 2 1 0 -4 2 4 0 0 0 2 2 0 0 1 1 -4 0 6 3 0 0 0 1 2 1 2 0 0 2 0 0 0 0 2 3 -1 0 2 0 -1 0 0 -2 0 -2 -4 0 -2 -1 -2 2 0 -1 1 0 0 0 0 0 0 0 -1 0 1 1 0 0 -1 0 0 1 0 0 1 0 0 0
0 1 -2 0 0 0 1 -4 4 0 1 -1 -2 0 0 4 0 0 0 2 0 0 0 0 0 0 0 1 0 6 0 -1 2 0 0 0 0 0 4 1 0 -4 -1 4 4 0 -1 1 0 0 -2 0 0 0 -2 0 1 0 0 0 2 3 -2 -6 2 -4 0 0 0 0 0 1 0 1 2 0 -3 0 0 0 0 0 0 0 -2 -1 0 0 0 2 0 0 1 4 0 0 0 0 -1 0 0 0 1 1 0 2 0 5 0 0 -1 1 -1 4 2 -2 0 -2 -2 4 0 4 0 0 0 -1 1 0 0 0 0 0 -1 0 0 -3 2 0 -2 0 -2 -2 0 -2 2 -3 -2 0 2 -2 0 -3 0 0 0 0 0 1 1 -2 4 0 -4 0 1 1 0 0 -4 0 0 1 0 -1 0 0 0 0 -4 -1 0 1 1 2 2 -2 0 1 -4 2 -2 0 4 0 -1 -4 1 -3 -3 0 4 2 0 2 0 1 1 0 -2 0 0 0 2 0 0 -1 -2 0 0 0 0 -2 0 0 2 2 -2 -1 0 0 4 -1 0 0 0 -2 1 0 0 0 0 0 -2 2 2 6 1 0 0 2 -4 0 2 0 0 1 0 2 0 6 2 0 0 0 0 -4 0 -4 0 0 -2 0 0 0 -4 0 0 0 0 0 -2 -2 -2 -2 -1 0 0 -2 -1 -2 1 0 -2 4 0 1 -2 4 0 0 1 2 2 0 0 0 0 2 2 0 -1 2 -1 0 1 -1 0 -4 0 0 0 1 -2 0 0 1 2 -2 -2 0 0 0 0 2 0 0 0 -1 0 -1 0 0 0 -5 0 0 0 0 2 -2 0 40 -4 -1 -2 -2 0 -1 0 0 0 -2 0 -4 2 -4 4 6 0 0 7 5 4 0 0 0 0 1 -1 0 -1 -4 0 2 0 5 -6 0 -2 0 2 1 1 -1 3 -5 -2 0 0 4 -2 -2 0 0 0 3 2 -1 2 0 0 0 0 1 0 4 -2 0 1 0 0 -2 -2 2 0 0 0 0 0 -5 1 0 0 -4 0 -2 0 3 0 -1 -3 2 0 -1 -1 0 2 -4 -2 0 0 -2 -2 0 -4 -1 -1 0 -4 0
0 0 -2 0 0 0 -1 2 0 0 0 0 2 0 0 -3 -2 0 -2 4 0 0 0 -1 0 0 0 0 0 0 0 0 0 -1 0 0 0 0 0 0 0 0 -4 0 1 0 0 0 2 0 0 0 -2 4 -2 0 2 -4 1 -1 -1 4 1 4 0 1 0 -6 2 0 -1 1 -1 2 0 0 2 4 0 0 2 0 0 0 -4 4 -1 0 4 2 0 -2 0 0 2 -2 2 2 2 -1 0 0 0 0 0 0 0 -4 0 0 2 3 0 -1 0 2 0 -2 0 0 -4 1 0 -2 0 -1 4 2 4 -1 0 0 0 0 0 4 0 0 0 0 0 0 0 0 2 2 0 0 0 2 0 0 0 0 4 2 2 0 2 0 0 0 0 0 -3 -4 0 0 0 0 0 -4 -6 -4 0 0 0 0 0 4 -2 0 2 0 2 0 2 -4 0 -2 0 -2 0 0 0 0 -1 3 0 2 0 0 2 0 0 0 0 0 0 0 -2 0 2 0 0 1 -3 0 0 -1 -2 -4 0 2 0 0 2 0 0 0 0 0 0 0 2 0 0 0 0 0 0 2 0 0 0 2 2 0 1 0 -2 0 0 2 0 -2 1 -2 -2 -2 1 1 2 0 -2 0 0 -4 -2 2 1 3 -4 0 0 1 2 1 0 0 0 0 0 0 0 0 2 0 0 0 -2 -1 0 -4 5 1 4 0 -2 2 1 0 -3 1 0 -4 0 0 2 1 0 -4 0 0 0 0 0 9 -2 0 2 0 0 0 3 4 0 0 4 0 2 2 0 0 4 2 0 0 0 0 -1 0 4 0 1 1 1 0 0 -1 0 -4 44 -1 -2 -2 0 -2 0 0 0 2 0 0 0 -1 1 1 -4 -2 -6 1 0 0 6 0 0 0 4 0 0 0 0 0 0 1 0 0 2 0 -2 1 0 2 -6 0 0 4 0 -6 -4 -1 2 0 2 0 2 -2 -2 0 0 -4 -2 0 2 0 0 0 0 0 2 1 0 0 0 0 2 -2 1 2 0 0 3 -5 0 2 1 0 -2 -1 2 0 0 2 -4 0 2 0 1 0 0 -1 0 1 0 -2 0 4 0 0
-2 0 4 -4 4 0 -1 2 0 -2 0 3 4 3 5 2 0 0 -4 2 -2 0 0 0 -2 2 0 1 -5 3 0 -4 -4 0 -5 3 0 0 0 -1 4 3 1 4 -4 2 0 -1 0 -2 1 0 -1 -1 0 0 0 3 0 2 0 -1 0 2 0 2 0 0 2 1 4 0 -1 -4 0 2 0 0 -2 0 0 0 0 -2 0 -2 0 -3 -3 0 1 1 -1 0 0 0 0 -2 -3 0 -2 0 -1 0 0 -1 0 0 -2 2 -3 0 -1 0 0 -1 0 1 2 0 -4 1 1 2 2 -1 -2 0 -2 0 0 -2 0 0 -4 0 2 -5 -1 -3 -1 0 2 2 2 1 0 -4 2 2 1 -1 -2 1 0 1 3 -2 0 0 -2 0 0 0 1 0 0 1 -1 -1 0 3 1 -4 -1 0 -2 -1 2 -2 0 0 1 -2 1 0 7 1 0 0 -1 0 2 -2 1 1 4 0 2 -2 0 2 0 0 0 2 -6 -4 1 1 -2 -2 0 1 2 -1 0 -8 -1 -1 2 -2 1 3 0 0 -1 0 4 2 -6 0 0 0 0 2 0 -1 1 1 1 0 4 0 2 -1 0 0 1 -1 0 2 -2 -4 -2 0 0 0 1 1 2 0 -2 0 0 -2 -2 -1 0 0 -1 1 0 -4 0 -3 -1 0 0 1 0 1 6 1 -8 0 0 1 2 -2 1 2 -3 0 0 0 -4 0 0 3 3 -1 1 -1 2 1 0 0 0 0 0 -2 4 -1 -1 0 4 -7 1 1 -1 -1 0 0 1 0 0 1 -2 0 0 4 0 0 -3 0 2 2 -1 5 -3 0 0 0 0 0 1 7 2 -1 2 -1 -1 43 1 1 2 2 -1 -2 0 0 0 -1 0 0 2 0 2 -2 0 3 -6 2 0 0 -5 0 0 -1 2 -1 -1 1 2 0 -4 -4 -1 0 0 -1 0 0 0 0 2 -4 0 4 3 0 0 0 0 0 2 0 -1 1 2 -1 2 -2 1 0 0 0 -5 2 2 0 0 0 2 -5 0 3 0 1 0 1 5 2 1 0 0 4 4 2 1 0 -5 -2 1 0 2 0 0 -2 0 2 1 5 -3 0 2 0 -1 0
-1 1 0 0 2 0 0 0 -2 0 0 2 1 -1 0 0 0 0 6 2 -2 0 0 0 -2 0 0 4 0 4 0 -1 0 0 2 0 -2 0 -4 0 -2 0 0 0 2 2 0 0 0 2 0 0 0 0 0 0 -2 0 2 2 0 -4 0 0 -1 -2 0 0 -4 1 0 -4 0 0 3 0 0 2 0 0 0 0 -2 0 0 -4 -4 4 -4 2 0 0 0 0 -4 -1 0 0 0 0 0 0 2 0 2 4 -2 0 0 0 0 -2 0 0 4 0 -2 0 0 0 4 0 0 0 0 0 0 0 0 0 2 4 0 0 2 0 0 -1 0 0 0 -2 0 0 1 2 2 0 0 4 0 -5 0 0 0 0 0 -1 1 0 0 0 0 0 0 0 0 6 2 -4 0 0 0 -4 0 0 0 -1 0 0 -1 -2 -2 4 0 0 2 2 0 0 0 0 0 -2 0 2 0 2 1 0 1 2 -1 0 1 0 0 0 0 0 2 0 0 0 0 2 0 0 0 0 0 0 0 0 0 2 0 -2 0 0 -2 0 0 0 -4 2 0 1 0 0 0 0 0 0 0 2 -3 0 4 0 0 -4 -2 2 0 4 -5 0 0 -2 3 2 -2 0 0 0 0 2 0 -2 0 0 0 0 0 -2 0 0 0 2 1 0 0 4 0 0 0 0 6 2 -4 1 0 0 1 -2 0 2 0 2 0 0 -3 2 0 0 0 0 -1 0 0 3 1 0 0 -2 -1 0 0 0 0 0 -4 0 -4 2 0 0 0 0 0 -4 0 0 0 0 4 -4 4 0 0 0 0 0 -2 4 0 1 2 -1 -1 -2 -2 1 33 0 0 0 -1 0 0 2 -4 0 0 0 2 -4 0 0 4 0 0 0 0 0 0 0 2 0 0 1 0 0 2 -2 0 0 1 0 0 1 -2 0 1 4 0 0 2 0 -4 0 0 0 0 0 0 0 0 0 0 0 0 0 2 0 0 0 2 0 -2 0 0 4 -4 0 -4 0 0 0 0 0 0 0 1 4 0 0 0 0 -8 0 0 0 0 0 -5 -4 0 0 3 0 0 -4 0 0 0 -4 2 0
0 -1 0 -4 -2 2 -2 0 0 0 0 -1 -1 -4 1 0 -1 4 2 -4 0 1 0 -4 0 2 0 2 -2 5 0 0 0 0 0 0 -3 -1 0 -1 1 4 2 -1 -1 4 0 4 0 1 2 -4 2 2 7 0 -1 0 0 0 0 0 0 0 2 4 -1 1 -2 0 2 0 0 -1 0 2 -2 0 2 2 0 0 0 0 2 2 0 1 -1 -3 1 0 -2 2 -4 3 0 0 4 0 1 0 2 -2 -4 3 0 0 0 0 -4 0 0 -2 -1 -4 2 1 0 -10 1 0 0 0 -1 0 0 -1 2 0 0 0 0 0 0 0 1 0 -1 0 1 0 1 -8 -1 1 -4 0 1 0 -1 1 -1 1 2 -1 0 -2 2 0 -2 0 1 1 0 2 0 0 0 -2 0 0 4 0 -5 0 3 0 0 3 -1 -4 0 0 0 1 2 0 0 0 1 -6 -6 0 5 0 2 7 -6 0 -2 1 4 -2 -2 1 4 0 0 0 1 -2 -5 6 4 2 1 -1 0 -4 0 0 0 2 -2 1 4 0 2 0 2 -2 1 -1 0 0 1 4 -4 0 -3 -2 0 0 -2 1 0 0 0 0 3 2 2 0 0 1 0 0 2 2 -2 0 2 1 -3 0 0 0 0 0 -1 -1 0 0 -3 -2 -1 1 -1 2 4 0 0 -1 -1 1 5 0 0 1 1 0 1 0 2 0 -1 -2 0 0 -4 0 2 1 -2 1 0 0 0 0 0 0 -1 4 0 0 2 1 -4 -1 0 0 0 -1 -1 -4 2 -3 0 -2 -1 -2 0 8 2 0 -2 -2 -1 0 1 0 -2 3 0 6 0 4 0 -6 2 -2 -2 1 0 58 0 -1 0 0 -2 -1 0 0 0 0 0 0 2 1 -4 2 -1 0 0 0 0 -1 -2 0 0 0 0 0 4 -1 1 0 0 -1 -6 4 4 5 0 -2 0 0 0 0 -2 0 -1 -1 -1 0 4 4 -3 0 0 0 1 4 0 4 7 0 -2 -5 0 0 0 5 -4 -2 0 2 1 2 1 0 0 3 0 4 -4 4 2 0 0 -2 0 -2 1 0 0 0 -3 3 4 -1 2 6 0 -1 0 -4 0 0
0 0 1 0 -2 2 0 0 -1 0 -2 4 0 0 2 -2 4 1 1 0 0 0 0 -1 -4 0 0 0 2 -2 2 0 -1 1 0 -2 -1 -1 0 -1 3 0 0 -4 -1 1 0 0 1 0 -3 0 -2 -6 0 0 -4 -2 2 1 -6 0 0 0 2 1 0 4 0 0 -2 0 4 -2 -2 0 0 2 0 0 1 0 -1 0 2 0 1 0 -1 0 0 2 1 0 1 4 0 0 0 0 1 -1 -4 0 1 -1 0 0 0 3 0 0 0 0 2 0 -4 2 0 0 -6 0 4 -5 0 0 0 0 0 -6 2 0 0 0 -4 4 -1 0 0 0 0 -4 0 0 0 3 -2 4 -4 0 0 -1 0 0 2 -2 2 0 0 0 0 -1 0 0 -1 0 0 0 4 0 0 0 -1 2 -4 2 0 0 -2 0 0 5 4 -1 1 0 0 0 0 0 -1 0 -1 2 0 0 2 -4 0 0 0 0 2 -1 0 0 0 -2 0 0 0 -1 -2 -4 -2 0 1 0 0 0 2 0 0 0 -3 -2 0 0 0 0 1 0 -1 0 0 0 0 2 0 0 0 0 2 -2 0 0 -4 -1 -2 0 0 1 0 0 0 0 0 0 0 2 -2 0 0 1 0 0 0 -4 2 2 0 0 -5 0 0 -2 -2 0 0 0 2 -2 -1 1 0 -2 0 -2 0 0 0 0 2 0 0 -2 0 -1 0 -1 -2 1 0 -5 0 4 0 0 2 -1 0 0 0 0 0 -1 0 -4 0 0 -1 0 0 -3 0 -2 0 0 -6 4 -2 0 0 -2 0 0 0 4 -2 0 -4 0 2 0 0 0 0 0 0 -4 0 0 0 2 0 0 40 4 0 -4 4 1 0 -1 0 0 2 2 1 0 -1 -4 0 -1 -1 0 0 0 0 2 2 2 0 0 0 0 0 -1 4 -2 0 -4 0 4 -1 1 0 -1 0 -1 0 0 0 -2 0 -2 0 0 4 0 -2 2 -2 -2 0 0 0 0 2 0 0 0 1 0 0 0 0 4 0 0 -4 -2 -2 -2 1 -4 4 0 0 -2 -4 0 -3 0 0 -4 0 0 0 -2 0 0 4 2 4 -2 2 0 0 1
4 0 2 0 -1 0 0 0 1 0 0 2 0 0 2 0 2 -2 2 -3 2 2 -1 4 0 2 0 2 2 0 0 -2 0 -1 0 2 -4 0 0 0 1 1 -2 -1 4 0 0 0 0 4 0 -2 -1 0 0 0 0 1 -2 1 -2 0 4 -2 0 0 0 1 0 0 0 4 0 0 -1 0 2 0 8 -2 0 0 0 1 0 5 0 0 -2 1 0 0 -7 0 0 2 6 0 0 0 0 0 -4 0 1 -2 0 4 -3 0 0 -1 0 -2 6 0 0 1 0 9 2 -4 0 -4 -2 0 0 2 1 -4 0 0 1 -2 -4 0 -8 -2 -2 4 0 -4 -2 0 -1 3 -2 -2 0 1 2 0 -2 0 3 2 0 -6 2 0 2 0 -1 2 2 0 0 2 -2 0 1 2 2 2 4 0 0 0 -1 4 0 2 4 1 2 0 0 6 0 3 2 -4 3 0 0 0 0 4 4 0 1 0 0 0 0 0 0 -4 -4 3 0 -2 -2 -1 2 1 -3 -2 0 1 0 2 2 0 0 0 -1 0 0 -1 0 -2 -2 0 2 2 -2 0 0 0 0 0 1 2 4 0 0 0 0 2 0 0 0 0 -5 0 1 -1 0 -4 3 2 0 0 -2 0 0 -2 0 -2 -4 0 -5 0 2 0 0 2 -8 0 2 0 1 1 -2 2 -2 0 6 2 -4 3 -1 0 0 0 -3 0 -4 1 -2 2 2 0 0 0 1 -1 0 0 -1 0 1 -2 1 -2 -2 0 3 1 6 0 -1 0 0 -1 2 2 -1 -4 2 0 2 0 2 1 1 2 -1 0 0 0 4 0 0 0 0 0 0 0 2 -1 -2 2 0 -1 4 52 2 -4 5 -4 4 1 0 -3 0 0 2 4 -2 0 -4 2 -6 0 2 -1 0 -1 0 0 0 0 2 0 -2 1 0 -2 -1 -4 0 0 -1 1 6 3 0 0 -4 4 -4 0 0 -1 -2 0 0 2 0 0 2 2 4 0 -6 -3 0 -4 2 0 1 -7 0 -4 0 4 0 0 -6 0 0 -4 0 3 0 -1 6 0 1 2 -1 3 0 -4 0 0 -1 0 0 -1 2 0 1 0 0 4 0 -2
-7 0 -1 -4 -2 0 2 0 0 0 0 -4 0 0 0 -3 2 0 -1 0 0 -2 -2 2 -1 0 0 -2 2 -1 0 0 0 -1 0 0 0 -2 0 0 0 0 1 1 2 -1 0 0 2 -2 1 0 1 1 2 0 0 0 -1 -2 0 -3 0 -2 0 0 0 0 0 -1 -2 2 1 -1 0 -2 0 0 0 0 0 0 2 -4 0 0 -1 0 0 -2 0 -1 2 -2 0 0 0 -4 0 -2 0 0 4 0 0 -1 0 1 0 -1 0 -1 -4 -2 4 1 0 -2 0 -8 3 0 0 6 0 0 0 -2 0 0 -2 2 0 0 -4 0 0 0 -3 -6 0 -2 -1 2 0 0 0 0 -2 0 0 0 -4 0 3 0 0 0 -2 -2 0 0 0 2 1 0 -3 -2 0 0 -1 4 0 0 0 0 -2 0 0 0 1 -1 1 0 0 -4 3 -2 1 2 2 0 2 0 0 0 1 2 0 0 0 -2 3 0 0 0 1 0 0 0 -1 0 0 -1 -2 -1 -4 0 3 3 0 0 0 1 0 0 0 -1 0 2 0 -2 0 0 -1 0 -1 2 -1 0 -2 0 -1 0 0 0 0 -1 -1 1 0 0 0 0 1 0 -1 0 -2 0 1 0 1 -6 -4 0 0 0 -1 -1 -1 -2 1 0 2 0 0 0 0 0 0 1 0 -1 0 0 0 0 0 0 1 -2 -3 0 4 2 -3 -2 0 0 0 0 0 0 2 -1 0 0 0 0 0 2 0 -1 0 0 2 0 0 -1 0 -3 0 0 4 2 0 -1 0 0 4 0 0 5 0 -2 2 1 6 0 -3 0 0 2 0 1 0 0 0 0 1 0 0 -1 -1 0 0 2 33 0 2 -1 0 2 0 -1 -2 0 0 0 0 4 0 0 0 0 0 0 0 -2 0 -3 1 -1 0 0 0 0 3 0 1 -4 2 1 0 1 -2 -2 0 -1 2 0 0 -2 0 0 0 0 0 1 -2 2 2 0 0 0 4 0 1 0 0 -1 0 -1 -1 1 0 5 0 0 0 0 0 -1 -4 0 -2 0 0 0 0 0 2 0 0 -2 -1 -3 0 -2 -1 -2 1 0 3 -1 0 0 0 0
0 0 0 0 0 0 0 0 0 2 0 -4 0 -1 2 0 -6 0 1 6 2 -2 0 2 -4 4 0 0 -2 0 0 0 3 4 -1 -1 -1 -2 0 2 0 0 3 1 0 0 0 1 -2 2 0 0 2 0 0 0 0 -2 0 1 0 0 0 0 0 0 0 2 0 0 4 2 0 0 0 -1 2 0 0 2 0 0 0 0 0 -5 -2 0 0 -5 0 -2 -4 1 0 -2 0 -2 0 1 -2 0 -2 -2 4 1 0 -5 -2 -2 3 0 1 0 -1 -1 1 -4 0 0 0 1 -1 0 0 0 0 4 2 0 -4 0 0 2 2 0 0 1 5 0 -1 4 0 0 -2 -6 0 0 4 0 0 1 0 -1 -3 -2 -10 0 1 0 0 1 0 -3 0 0 0 0 -7 1 1 0 6 -3 -4 0 0 -1 0 0 0 -6 0 0 0 -1 0 -6 1 1 2 0 2 -2 0 0 -3 -2 0 0 0 0 5 0 -4 2 -1 -1 0 -1 -2 4 4 0 -2 0 -2 2 -1 0 -4 0 0 1 0 3 0 1 0 0 -2 2 -1 0 0 0 -2 -4 2 0 0 -2 -2 0 -2 0 -2 2 4 2 1 2 0 1 0 0 0 1 2 2 2 0 0 0 0 0 0 2 4 0 -1 0 0 0 2 0 4 0 0 -1 0 0 -4 2 2 0 0 -1 1 0 -3 -4 0 0 4 -1 -3 0 0 0 0 -2 0 6 0 -2 -4 4 0 2 0 0 2 0 3 0 0 4 0 2 -2 0 0 0 0 1 0 0 0 4 0 -2 0 -1 -2 0 -4 0 4 0 0 2 0 0 2 2 -1 0 1 -1 0 0 0 -2 0 0 -4 -4 0 42 -2 -2 0 0 0 4 -6 0 0 2 0 -1 0 0 0 0 0 0 2 3 0 -4 2 -3 -2 1 0 0 -1 4 -2 -2 0 -2 -1 -2 0 0 0 0 -1 0 0 0 -1 -1 0 0 0 1 5 0 0 0 0 0 5 0 3 0 0 -4 -2 -1 -2 0 0 -1 -1 0 6 -1 0 -2 -3 0 0 2 -4 0 0 1 0 -2 4 -1 0 0 0 -1 -1 4 0 -2 0 0 0 0 3 0
0 0 0 0 0 0 0 0 0 0 -2 0 0 -1 2 -1 2 -1 0 0 -2 0 -1 -1 0 -2 -4 -6 0 0 0 0 1 0 -4 0 0 0 0 3 2 0 0 0 1 0 0 -2 0 0 -1 1 0 0 0 0 0 1 -1 0 -2 0 0 -2 -2 0 -1 0 0 0 0 0 -2 2 0 -2 2 0 0 -1 1 0 0 0 2 0 1 0 -2 0 0 1 1 0 0 2 0 0 -1 0 -4 2 0 2 2 1 0 0 -2 0 -1 0 0 0 6 -2 0 0 0 0 2 -2 0 0 -4 0 3 0 4 0 0 -2 -2 2 -5 0 0 0 0 0 0 -5 0 1 3 2 2 4 0 0 2 1 -1 0 0 0 -1 -6 4 0 2 0 0 1 0 -1 -4 0 0 0 0 0 -5 0 0 -1 -4 1 -1 0 -1 4 -1 0 0 0 0 0 0 3 0 3 2 0 0 -2 2 -1 0 0 0 0 -2 0 0 -5 -1 0 0 0 0 1 4 0 1 1 -2 5 1 0 -2 0 0 0 -1 -2 1 0 2 2 0 -2 2 -2 -2 0 0 0 0 0 -2 1 -1 0 0 -2 1 0 2 0 1 0 1 -2 -1 0 3 0 -2 -1 -2 0 0 0 -1 0 -2 0 0 0 -1 0 -3 1 -1 0 0 0 -2 0 0 2 2 -3 1 0 -2 -1 0 -4 -1 -1 0 0 -2 0 -2 0 -2 -4 0 0 0 0 -2 -2 0 -3 2 0 0 -2 0 2 -2 0 0 4 0 -2 0 0 0 6 0 -1 0 -2 1 -2 2 0 0 1 -4 3 1 0 4 0 0 0 4 1 0 0 -2 1 -2 0 1 0 0 0 0 -2 4 5 2 -2 32 0 1 1 0 1 0 0 2 0 4 0 0 0 0 -2 0 1 -4 1 1 1 0 0 -2 -4 -1 0 0 0 0 1 -3 2 1 -1 1 0 2 0 1 0 3 0 0 0 0 1 0 0 0 -2 0 -2 2 0 0 2 -1 0 0 0 -1 0 0 0 0 4 -1 0 0 0 -2 4 0 0 -2 0 0 0 2 2 -2 0 -1 2 0 0 0 -4 0 0 2 -4 -1 0 0 -2 0 -4
0 -3 2 0 1 -4 0 0 -1 -2 0 1 0 -1 0 -1 -1 2 -1 0 0 -3 4 0 -4 0 1 -4 -2 0 -1 6 0 0 -2 0 -1 2 2 -4 -2 4 -3 0 0 0 4 0 0 0 0 2 -1 0 -3 0 1 0 2 4 -2 1 1 2 0 2 2 0 -2 0 0 -5 0 0 0 0 0 2 2 0 0 -2 0 -4 -1 0 0 6 0 0 -2 0 1 0 -4 4 2 0 0 0 3 0 -2 0 1 0 4 -2 0 0 0 4 0 0 -4 -1 0 -1 -2 1 -1 -2 0 0 0 0 0 1 0 0 0 0 2 0 2 -1 2 0 0 0 0 0 0 -4 0 0 -2 0 0 2 -1 0 2 0 0 0 0 0 0 -4 -1 0 0 0 4 0 -1 3 4 0 -2 -5 -1 2 0 0 0 0 0 1 0 2 -8 -5 -4 0 0 0 0 0 0 2 0 -2 -3 1 1 0 -2 -4 0 -2 0 -2 2 1 1 4 -2 0 0 2 -2 -4 0 -2 0 0 0 2 2 -4 -4 2 -1 4 0 -1 2 0 1 0 0 1 -2 0 0 2 0 -1 5 0 0 0 0 0 2 0 -2 0 0 0 0 1 1 0 -2 4 0 -2 0 0 -2 2 -3 -1 1 4 -2 2 0 1 4 0 -3 2 0 0 4 0 0 0 1 0 1 0 5 0 0 0 -1 0 0 0 -4 0 -1 0 -2 0 0 0 1 -4 1 0 1 3 0 0 0 2 1 0 -4 0 0 2 0 2 -2 0 0 0 -1 3 0 -2 0 0 0 0 0 4 0 0 0 -1 0 0 0 0 0 0 -2 1 0 0 0 2 -2 -2 2 0 2 -1 1 -4 -1 -2 0 39 0 1 0 -2 2 2 0 -4 2 2 -2 0 0 -2 0 -1 2 2 0 -3 0 0 0 -1 0 1 -1 -4 0 -4 0 -1 0 1 0 2 0 -2 0 0 3 1 1 2 0 0 0 0 -2 0 0 0 0 0 4 0 0 0 0 0 5 1 0 4 0 -1 1 0 -4 1 1 0 1 0 0 0 0 1 -2 0 0 0 4 0 0 0 0 2 -3 -1 0 -2 2 0 -3 0 0 1
2 0 0 2 0 -1 -2 0 -2 -1 -2 0 -3 0 0 -2 4 -1 -6 -2 1 0 0 -1 0 0 0 1 2 0 0 0 1 0 4 -2 0 0 0 -1 4 0 0 -6 -1 -1 0 3 -1 4 0 -1 0 0 -1 -4 0 -2 2 -2 -2 0 2 1 0 0 1 2 -2 0 0 2 -2 0 -1 -1 -2 1 3 0 2 0 -1 -4 2 4 0 -1 0 0 1 -7 -1 0 0 -1 4 4 -1 0 -2 -2 0 -1 0 -3 0 0 1 1 -1 2 -1 0 -2 4 0 1 -2 -2 0 2 0 2 0 0 -4 1 0 0 0 0 0 0 -2 1 0 2 0 2 0 1 0 5 0 1 2 0 0 0 0 0 1 0 1 -1 0 4 0 0 -2 0 0 -1 0 2 -1 0 4 0 0 0 0 4 0 1 0 0 1 0 -2 2 0 0 0 0 0 -1 1 -4 -2 1 0 0 2 0 0 -2 1 1 -2 1 -2 -2 0 0 -2 0 -4 0 0 0 -2 0 2 -1 -2 1 -6 0 0 1 0 -1 2 0 -1 2 0 0 0 2 -1 2 0 -3 0 0 -2 -4 -1 0 -4 -2 0 0 1 0 2 7 -5 0 -4 8 0 0 0 1 -3 -2 -4 0 0 0 -2 2 0 2 0 0 2 0 0 0 0 0 0 0 0 0 0 0 2 0 -1 -1 4 0 4 0 -1 0 0 0 0 0 -1 -2 0 2 -4 3 2 0 3 0 4 0 2 -1 0 -5 4 -1 0 2 0 0 0 -3 0 0 -2 0 6 0 0 0 2 0 0 -2 0 0 4 0 0 2 0 0 -2 0 0 0 -4 1 2 -2 0 0 0 0 0 0 -4 0 0 4 0 0 1 0 44 0 0 0 -4 2 0 1 2 0 0 -2 -1 2 0 0 0 -4 0 1 2 -2 8 1 -1 1 0 0 1 0 -1 -2 0 0 0 0 -2 0 0 0 0 0 0 0 0 1 -2 0 0 0 -4 2 0 0 0 0 0 0 -2 -2 5 0 0 0 0 -1 0 -1 0 0 -1 -4 0 -4 1 0 0 0 -2 0 -4 -1 0 -4 0 5 4 0 0 2 2 -3 0 0 0 0 -1 -1
0 2 -1 1 -1 -4 -2 0 0 4 0 2 0 2 0 -2 1 0 -2 0 0 -2 0 -2 0 -3 -4 0 3 0 0 3 -2 0 -2 0 0 2 -2 1 -4 0 -1 0 0 -2 1 0 0 0 2 0 0 0 -3 0 0 1 -1 0 0 -2 0 0 0 0 0 0 -2 0 0 -4 0 0 0 0 0 4 0 0 0 2 0 -1 1 0 2 0 0 0 2 -1 0 0 0 -2 0 0 0 1 0 0 0 1 2 0 0 0 -2 0 4 0 2 0 0 0 0 -4 0 -2 0 0 0 2 0 0 0 -1 0 3 2 -2 -2 0 0 0 0 0 0 0 0 0 0 0 0 -1 0 1 0 -2 0 0 1 0 -1 -4 0 2 0 -4 -4 5 4 -1 1 2 0 0 0 0 0 0 0 0 0 -1 4 0 4 -4 0 0 0 0 -2 2 7 0 0 4 2 0 2 0 0 1 1 0 0 0 0 -4 0 -1 0 4 0 -4 0 1 0 0 0 1 0 -1 0 0 0 0 0 -1 0 2 0 -1 2 0 0 -1 0 0 1 0 0 -4 0 0 -1 0 0 0 1 2 0 -3 -2 0 0 1 2 -2 0 1 0 -6 0 1 0 -1 0 2 0 -1 0 1 0 0 1 0 0 0 1 1 0 4 0 0 -2 0 1 1 3 1 0 0 0 0 0 -2 -1 0 1 0 0 -2 0 -4 -2 -1 0 0 0 0 1 1 1 0 0 0 -4 0 0 7 0 0 0 0 0 -2 1 2 -1 0 4 0 -4 -1 4 -2 0 0 2 0 0 1 0 0 1 2 -1 0 0 6 -4 -4 0 0 0 0 -2 -4 0 -1 0 0 -1 1 2 0 1 1 0 30 -2 -1 0 -4 2 0 -1 0 0 0 2 0 0 0 0 -1 0 0 0 -2 0 -2 2 1 -2 -6 1 0 0 4 0 0 6 0 0 0 0 0 1 -2 -2 -2 -2 0 0 0 -2 0 -4 1 2 -2 -2 0 0 0 0 0 -4 1 0 0 0 0 0 0 0 0 0 0 -2 -1 -2 0 0 0 2 2 0 0 0 0 0 -1 4 2 2 0 0 4 0 -1 0 1 2 0
0 -1 0 0 4 0 1 -4 -3 -1 0 0 0 0 0 2 0 -2 0 0 4 -1 0 0 0 0 0 0 0 2 0 0 3 0 2 0 0 -4 1 0 0 0 -2 0 0 0 4 0 0 0 0 1 -1 4 0 -1 0 -2 0 0 -2 0 1 0 -1 0 -2 0 -2 1 1 -2 0 1 -3 1 0 0 0 0 2 0 -2 0 -2 0 0 4 2 0 -4 0 0 0 1 1 0 0 0 0 0 0 0 0 0 0 0 0 2 0 -4 0 0 0 1 0 0 0 0 0 0 0 1 2 0 0 -1 0 2 0 0 0 -3 2 0 0 0 0 0 -2 0 -5 0 -4 0 2 0 0 0 0 0 -3 0 1 0 2 0 4 1 -2 -2 0 -2 2 0 -2 -6 0 -2 0 2 0 0 0 0 0 0 0 2 0 0 -1 0 0 0 1 -1 0 -2 0 0 -1 0 2 0 0 2 -2 2 0 0 1 0 0 2 0 0 0 1 0 0 1 -2 0 -4 4 0 -2 1 0 2 -3 0 1 0 0 -1 0 0 0 0 2 4 1 0 4 2 0 0 0 0 0 1 0 0 3 0 0 0 0 0 -1 1 0 0 0 1 2 0 0 0 -1 -1 0 0 -1 0 0 1 0 0 -4 -1 -2 0 1 0 0 0 -2 0 0 2 -1 0 2 0 0 0 0 0 -1 -1 2 3 -2 1 0 0 0 0 1 1 2 0 1 0 3 0 -1 -1 -1 0 0 -2 0 0 0 0 -2 2 0 0 0 -2 0 0 1 0 0 -2 0 -1 0 0 0 3 0 2 0 1 0 -3 -1 -1 2 0 -2 0 0 0 2 0 0 0 0 0 0 0 0 0 0 0 -2 21 -3 -1 2 0 0 0 0 0 0 0 0 0 0 0 0 0 0 0 0 2 0 -1 0 2 0 0 -1 0 0 0 0 0 -3 -2 0 0 0 0 1 1 1 0 0 -2 0 0 0 2 0 0 1 0 -2 0 0 0 0 -2 0 0 -3 0 2 0 0 0 2 2 0 0 0 1 0 -4 0 1 0 0 0 0 -2 0 2 -1 2 0 0 0 0 0 0 1 0 -1 -2
1 4 -2 0 0 2 -1 2 -1 2 0 -2 0 -1 0 0 2 -2 0 5 -8 2 0 0 0 0 2 1 -4 0 -2 1 -1 2 0 -3 -1 1 -2 0 0 -5 8 -2 2 0 6 0 0 1 0 0 0 -2 2 0 0 1 0 -2 1 2 0 0 -3 0 0 0 4 0 0 2 2 2 0 0 0 0 0 0 1 2 -2 -2 -1 -1 1 2 0 -3 2 0 0 -2 0 -2 0 0 0 4 1 -2 0 0 0 0 -2 0 3 -1 -2 0 2 -1 0 0 5 -7 2 0 0 0 0 -2 0 0 -2 2 -5 0 -4 0 1 -1 1 2 0 -2 1 1 0 6 -2 2 0 -5 2 -4 2 0 -1 1 1 0 1 0 0 -2 -2 4 -2 -1 2 1 0 1 0 0 -4 2 0 0 5 0 0 -3 0 0 -1 0 0 -2 -1 1 0 0 0 0 2 -2 -7 2 -2 -8 -3 -2 2 2 0 0 3 -1 4 -1 -2 5 0 3 3 -3 -3 0 2 -2 0 0 2 2 0 1 0 0 0 0 0 2 2 0 -1 2 0 2 0 0 0 -4 5 0 0 0 2 -2 0 2 0 -3 1 -2 0 -4 2 0 -4 0 -5 1 -3 1 0 -2 1 0 0 1 0 0 0 0 0 3 -1 -1 3 0 -1 3 0 0 0 -2 4 -2 -1 1 0 0 1 0 2 0 0 -3 4 0 -2 0 0 0 0 2 -3 -4 0 0 1 1 0 0 0 0 4 0 3 2 -3 6 0 -3 -1 -1 0 0 5 0 -3 0 6 0 -4 -2 5 4 0 2 0 1 1 0 -2 0 5 0 1 0 -1 -2 0 1 -1 0 0 -4 -1 0 0 0 0 -3 -1 4 1 -2 0 -1 -3 46 -2 -4 -2 0 2 -3 1 0 0 0 0 0 0 -1 2 4 0 -1 -4 0 1 0 0 0 -1 1 2 -2 0 -1 1 0 0 1 0 0 0 3 0 0 -2 0 0 -1 0 4 0 -1 0 -1 2 -2 1 0 0 4 2 0 0 -2 0 2 3 1 0 0 -2 1 -2 0 0 -2 4 -1 2 2 1 -3 0 0 0 1 -4 2 -5 0 3 0 0 1 4 0 2 -1
0 -2 0 -4 0 0 -6 0 -2 0 0 2 1 0 0 0 0 0 0 0 0 4 6 -1 1 0 0 0 -2 4 0 0 0 0 -4 2 0 0 0 0 0 5 -3 6 2 2 0 0 0 -2 -2 0 0 0 0 5 0 0 0 6 3 2 -1 -1 -1 -2 0 -4 -1 1 0 0 1 0 1 0 2 4 -2 0 1 0 2 2 -2 0 -3 0 -2 2 0 3 2 0 -1 0 0 0 2 0 6 0 0 5 0 0 2 1 5 4 -6 -2 0 0 -4 -4 -3 -4 0 0 0 -1 2 4 -2 -2 7 -2 0 -1 6 0 0 0 -4 4 2 0 -6 1 0 0 -2 0 0 2 0 -2 1 0 0 -2 0 -1 -1 -2 0 0 0 -8 0 0 2 -2 1 0 0 0 4 0 -5 -1 -2 0 2 2 -4 0 4 0 2 5 4 -4 0 0 4 1 0 -1 -2 -4 2 2 -2 -2 1 0 -5 -4 0 0 2 4 0 2 4 0 -2 0 0 0 0 0 0 -1 4 -4 1 0 -4 2 -1 0 4 0 4 0 0 0 0 0 0 1 0 0 0 0 0 2 0 2 0 0 2 -2 -2 0 -4 1 -1 1 -1 0 -2 0 0 -1 0 0 -1 2 2 0 0 0 0 0 -4 1 0 -1 0 5 -1 2 3 -2 0 0 0 1 2 -6 0 0 0 -9 -1 0 2 -5 2 -3 -4 0 0 4 0 2 -2 2 -1 -2 0 -1 -3 0 2 2 0 1 -4 0 -1 0 -1 0 -1 0 -1 0 -1 0 -2 0 0 -1 4 -1 0 1 0 1 0 -3 0 3 0 -4 0 0 2 0 4 0 4 2 1 0 -6 4 1 2 2 0 2 0 -2 -6 0 2 -4 0 -1 -2 58 0 2 2 4 0 -4 1 1 -4 0 0 1 4 0 0 -3 0 -4 -2 -1 1 -3 0 0 0 -6 2 4 0 -1 0 0 -1 0 0 0 -2 0 4 4 1 2 -2 -6 0 0 0 0 0 0 0 1 0 4 4 -2 0 2 0 2 -2 6 -2 2 -1 0 -1 4 0 0 0 0 -1 0 0 -1 -4 2 1 1 -4 -2 2 2 0 0 0 -2 0 4 0 4 -2
1 -2 -4 0 0 0 2 -4 0 0 -2 0 4 -2 0 -6 0 3 -2 4 -2 0 0 1 0 0 0 6 0 0 -3 -1 2 0 0 -4 0 0 8 2 -3 0 -1 2 -2 0 0 2 0 4 1 4 0 -4 0 0 4 0 0 2 0 0 0 -2 4 1 0 0 2 0 0 0 0 5 0 0 0 0 0 3 0 0 0 0 2 1 0 0 0 0 0 0 4 1 2 0 0 0 0 0 0 2 -1 1 0 0 0 1 0 -2 0 0 0 0 0 -4 0 -4 -2 -2 -2 0 -2 0 -2 0 0 0 0 2 4 2 0 0 -4 2 1 0 0 -2 -1 -2 0 2 -2 0 0 -1 0 2 0 0 4 -4 0 4 0 1 0 0 4 0 -2 2 0 0 0 4 2 -4 0 0 -1 2 0 0 0 4 -8 3 2 4 2 -2 2 -4 0 4 -1 0 2 -2 2 -4 0 0 0 0 0 0 0 6 -2 0 0 2 5 0 -2 -1 3 0 4 -1 -2 0 1 0 2 4 -2 0 0 0 1 0 -1 -2 0 0 0 -1 -2 -1 0 -1 1 2 0 0 0 -2 0 0 1 4 0 -2 -2 2 0 0 0 0 0 -2 2 0 4 0 -4 -1 0 2 0 0 0 4 0 2 -6 3 -1 0 0 1 -4 2 -2 0 -6 0 1 0 1 0 2 -2 -1 6 0 -1 -2 0 4 -3 1 1 2 0 1 10 -6 1 0 0 0 -1 2 -2 -2 1 1 4 1 0 -2 2 0 0 0 0 2 1 -2 0 0 -2 2 0 -2 2 4 -1 0 4 4 1 2 0 1 0 0 -4 1 4 0 0 0 0 1 6 1 0 -4 0 2 0 0 0 0 2 2 -4 2 -4 0 46 2 -3 -2 -1 0 4 0 0 0 -3 0 5 -6 0 -1 -2 1 2 -2 2 -2 4 0 0 1 -1 0 0 2 -2 0 2 2 2 0 0 0 1 0 2 0 0 0 0 0 3 0 2 -2 2 1 5 1 -2 0 7 -3 0 0 0 -2 1 0 0 0 -4 2 -2 0 -2 2 3 0 0 -2 0 -1 -4 2 3 0 2 0 -6 0 -4 0 2 -6 -4 -4 0
0 1 -1 0 1 2 0 -1 1 0 0 4 2 -3 0 -2 0 4 -1 0 -2 0 0 -4 0 -5 -1 1 1 1 4 0 0 2 0 1 -4 0 0 0 -3 2 0 0 -3 0 0 1 -3 2 -1 0 -3 -1 0 0 0 1 0 1 0 0 1 0 0 1 0 -1 -2 0 0 0 -4 -1 0 0 1 0 0 2 0 0 -6 -2 0 -8 4 0 -7 1 0 4 -3 0 -2 0 0 0 -1 0 2 -5 2 0 -2 2 0 0 0 -1 -2 0 0 0 0 -2 -2 -4 -2 0 2 0 -2 0 0 0 -4 0 0 4 0 0 0 4 2 -4 -3 0 0 0 0 0 0 0 0 -3 -4 -2 -4 0 -2 0 0 0 2 2 8 -2 0 -1 0 0 0 0 2 0 0 0 0 2 0 3 2 -2 0 4 1 0 -2 0 0 6 0 0 -2 -2 2 0 0 0 -2 0 -2 -3 -2 1 0 0 -4 0 0 -2 -2 0 6 0 0 0 1 0 0 1 0 -2 -4 0 1 0 0 -4 0 -1 1 -2 -2 4 -2 0 0 0 -2 0 0 0 -1 0 0 2 0 0 0 0 4 0 0 2 1 0 0 0 0 0 0 0 0 0 0 0 0 0 0 0 1 1 -4 0 0 1 0 0 -2 0 -1 0 2 0 0 2 0 0 0 -1 4 0 0 0 0 -4 -2 -3 -2 -2 0 0 -2 -4 0 4 0 -2 0 -2 0 4 2 0 0 0 0 0 -4 -4 0 0 0 -2 0 0 2 0 -6 0 -2 2 0 -4 0 1 1 0 2 0 0 -2 -4 0 0 0 0 0 0 0 -1 4 2 0 -1 -4 0 0 0 0 -4 2 0 2 1 2 0 0 2 0 0 2 0 -2 2 2 43 2 3 0 0 1 -2 4 -4 0 -2 0 0 1 0 0 0 -4 0 2 0 2 2 0 0 0 0 -1 1 -6 0 6 9 2 0 0 0 0 6 1 0 0 -1 0 0 1 0 0 0 0 0 0 0 0 0 -2 0 0 0 -2 0 1 0 0 0 -2 0 0 -2 0 -2 0 -1 2 -1 -2 2 0 0 0 4 0 -3 0 1 8 0 0 0 0 0 2
1 0 -2 0 0 -2 2 0 0 0 0 0 0 2 1 1 0 1 -2 0 2 -1 0 -1 0 0 0 2 0 0 2 -2 1 0 1 0 2 4 0 1 0 0 0 0 -2 0 2 -4 1 2 1 -2 0 0 0 2 0 0 -1 0 0 4 0 0 2 -1 -2 0 0 3 0 0 0 0 2 0 2 -1 -2 0 0 0 0 -6 -2 -5 -2 -2 -2 -1 -3 0 0 -1 2 -2 2 0 -5 -2 3 0 0 0 0 0 0 -2 0 2 -1 0 -1 0 4 1 -2 -3 0 0 0 2 4 1 0 0 -2 0 1 0 1 0 0 1 0 0 -4 -2 2 2 0 0 -4 0 -3 0 -2 2 -1 1 -2 -2 -6 0 -2 -1 -4 0 3 0 0 0 2 2 1 0 -2 -2 1 0 6 4 4 0 0 -1 0 -2 2 3 2 -2 2 -1 0 -1 0 2 0 -2 1 0 0 0 0 0 0 -2 -4 0 -2 0 0 0 1 -4 -2 0 0 2 1 0 0 -2 0 -2 0 1 -2 0 -2 0 0 -1 1 0 1 0 0 0 0 2 0 0 0 1 0 0 -2 0 0 0 0 2 2 1 1 0 0 0 -1 0 2 -2 2 0 0 0 0 0 0 -2 0 2 0 0 0 0 -2 1 0 0 -10 -2 0 0 -2 -2 -3 0 0 0 0 0 0 0 -6 1 0 0 -9 0 2 1 0 0 1 0 0 0 -2 -2 0 2 0 2 -1 0 2 0 0 0 1 -2 0 0 -5 -2 1 0 0 0 0 0 4 0 1 0 -1 0 0 0 0 0 -1 0 2 -2 4 0 0 0 0 0 -2 0 0 0 4 0 -1 0 -2 -2 0 1 0 4 0 2 0 -4 1 0 0 0 2 -3 2 47 0 0 2 0 0 0 -1 2 0 0 3 0 3 -2 2 0 0 0 -2 4 -1 4 0 2 0 0 -2 2 0 0 -3 0 -4 0 0 5 0 2 0 -2 2 3 0 0 2 -2 -4 0 0 0 0 0 0 0 -2 0 0 2 -2 0 0 -2 -2 0 -4 0 0 -2 -2 -2 0 0 0 0 2 0 -2 2 -3 0 0 -2 0 2 0 0 0 0 0 -1
0 3 2 0 2 1 -3 -2 2 0 0 0 -2 -2 2 0 -3 -1 0 1 0 0 0 -1 0 0 -1 -2 0 5 -2 3 3 -4 0 0 2 -1 0 0 0 2 0 6 0 0 0 0 0 2 -4 0 0 0 2 0 0 -4 -2 0 0 0 0 -6 0 -1 -4 1 -10 0 0 -2 0 0 -2 0 2 0 0 1 0 0 0 -1 3 0 0 -2 0 3 0 0 0 0 -2 0 2 0 -6 0 -2 0 -1 0 3 1 0 4 6 0 -2 1 0 0 -3 2 0 -2 -2 1 4 0 0 0 2 -2 0 0 0 0 2 0 0 0 -4 -4 0 0 -4 0 2 -2 0 2 0 -1 2 1 0 -2 -1 -1 0 -2 0 0 0 -4 -4 -6 -1 0 0 0 0 0 0 2 2 -2 0 -1 0 0 1 4 3 0 0 0 0 5 -2 1 2 0 -1 3 0 0 0 1 0 -2 -1 1 2 0 -2 0 2 0 0 4 0 4 -6 0 -2 0 0 2 0 0 0 -1 0 2 0 2 0 0 0 2 0 -4 -2 -4 3 6 1 -2 0 0 0 0 0 2 0 0 0 2 -2 0 0 -1 -2 0 0 -4 -1 0 -2 -2 0 2 -4 0 -6 0 -2 -2 0 0 0 0 2 0 0 8 -2 0 0 0 0 0 0 2 5 0 0 0 0 -1 4 0 0 -4 -5 0 0 0 0 4 -4 1 0 2 0 2 8 -2 0 -4 5 0 1 -2 0 0 1 0 0 -1 -2 0 0 -4 6 0 0 2 -2 2 -4 -1 0 -2 1 0 0 -4 -4 -2 -2 -2 4 0 0 0 0 0 -1 0 -1 -1 3 1 2 0 -4 7 -6 0 4 -4 -1 -2 0 0 4 2 2 -1 0 2 4 -2 3 0 51 0 2 2 0 1 -2 0 1 2 0 0 0 0 1 0 -6 -3 -2 0 2 0 4 0 4 0 -2 0 0 3 -2 -4 0 0 0 0 -4 -1 0 0 -1 0 1 0 -4 -2 0 0 -2 2 2 0 2 -1 0 -1 -2 -2 0 -4 0 -2 0 2 0 0 -4 0 -1 4 -7 1 0 0 -4 1 -3 0 2 1 1 -2 0 2 -1 2 -1 0 0 3
0 0 3 0 -2 -2 1 0 5 0 3 -2 0 -2 2 2 -4 1 2 1 0 2 4 0 6 0 0 -1 0 2 0 2 4 -2 -1 0 0 0 2 0 0 5 0 0 0 0 0 0 0 -2 -2 0 5 0 0 0 4 0 0 2 -4 0 0 1 0 -2 -2 0 -1 0 0 1 0 1 1 0 0 0 4 0 1 -2 2 0 2 0 0 -2 -1 2 -4 -2 0 0 2 0 0 1 -2 0 0 0 -3 1 -2 0 0 3 0 0 1 0 0 -2 0 -4 -1 4 0 4 1 1 -1 0 1 0 0 0 0 0 0 0 -2 0 0 0 0 0 0 -4 0 0 -2 -4 0 0 0 0 -2 0 -1 0 -1 2 -2 2 0 -2 0 0 1 0 0 -1 -2 0 0 0 0 -1 2 0 -1 2 -6 0 0 1 -1 -1 -2 -1 0 0 0 0 0 0 -4 0 -2 2 0 2 1 0 3 -4 -2 0 0 1 3 0 0 0 -1 0 0 0 -1 0 0 0 0 1 0 0 3 4 1 -2 0 0 -2 0 0 -1 0 0 0 0 1 0 0 0 1 4 1 -2 0 -4 -4 0 4 0 0 0 0 -2 0 0 0 1 -1 0 0 0 0 0 -4 0 -1 -2 0 -2 4 -1 0 0 -1 0 -1 0 0 0 -2 0 -4 3 -1 -1 0 -2 0 -4 -4 -5 -1 0 0 0 0 0 4 0 0 2 0 0 2 -2 1 2 0 2 0 -1 0 0 0 2 0 0 0 -3 0 0 1 0 -5 0 -1 0 1 1 2 0 0 -2 0 0 -2 0 0 0 0 0 1 0 6 0 0 0 0 0 1 -1 0 1 0 5 1 3 0 2 -4 0 4 -1 0 2 0 0 0 -3 0 -1 0 0 0 38 -2 0 0 0 0 -1 0 2 2 1 -2 1 -2 -2 0 0 -4 -2 0 -4 -1 0 -1 1 0 0 0 -1 0 0 0 0 0 0 0 0 -2 1 1 -4 0 -1 0 -4 0 1 0 0 0 0 2 0 -4 0 0 0 1 -2 1 1 3 0 0 2 0 -2 0 1 0 -2 0 0 0 -2 0 -4 0 -2 2 0 0 -1 0 0 2 0 0 0
-4 2 -6 4 0 0 -8 0 -2 0 1 2 0 0 3 1 1 0 0 2 2 0 -2 2 0 0 0 -1 2 -1 -7 -2 -1 0 -4 0 0 2 0 0 0 0 0 -4 -1 0 0 2 -1 -2 3 -2 -1 -4 -2 0 -3 0 -2 -6 -2 0 -2 0 -1 1 -1 -3 4 -4 0 0 0 1 0 -4 0 2 -4 1 0 -2 -2 -1 0 2 0 0 0 -2 0 -1 -3 -2 0 0 1 -4 0 4 -1 0 -2 0 0 0 1 2 2 0 -4 0 -4 4 2 0 2 -11 0 0 6 6 0 0 -1 -2 -3 -1 0 2 -2 2 -1 0 0 -4 -8 4 0 -2 2 2 -4 0 0 -6 3 1 1 0 -2 0 1 0 0 -2 1 2 2 0 1 0 0 4 1 1 4 -2 -2 4 0 -6 0 0 -4 0 0 3 -4 1 -4 0 -4 0 -4 -2 -2 0 0 0 0 2 0 0 -1 -2 0 0 -6 4 0 0 0 1 2 0 0 5 2 1 0 0 4 -3 0 0 0 3 0 1 -3 0 0 0 1 1 1 6 -4 0 0 -2 0 -1 3 2 0 0 4 -2 1 0 -4 4 4 2 5 0 1 0 4 0 -2 3 0 0 0 0 -6 0 -1 0 0 -1 0 2 -2 -1 0 -2 0 1 0 0 -4 -1 1 0 0 0 -6 4 2 0 2 3 -2 -2 0 0 7 -4 0 -1 2 4 1 -3 4 0 1 0 -2 -1 -5 0 0 -2 0 -1 4 0 -2 1 1 1 0 1 2 -4 -2 0 -2 -2 0 0 0 2 0 0 2 -4 -1 -2 -3 -3 0 -4 0 0 5 6 2 0 -2 -2 2 4 0 0 -1 4 0 -6 0 -1 0 -4 0 0 0 -2 0 0 0 1 -4 0 0 2 2 -2 63 0 0 2 2 2 2 5 2 2 5 0 0 0 4 0 4 0 2 0 2 0 0 4 -8 2 1 4 4 -1 2 0 4 4 -4 -2 6 -2 1 1 0 4 0 2 -4 0 0 0 -2 0 1 3 0 0 0 2 -3 -4 -3 -8 2 -4 -2 -1 2 0 -2 -4 1 0 -6 0 -4 -1 -2 0 0 0 0 0 0 -1 -6 0 -4 1 2 0
-2 0 4 0 0 0 -2 -4 0 0 0 0 5 -4 0 0 0 0 -2 10 2 -4 -4 -4 0 0 4 1 0 2 0 0 0 -2 0 0 -2 -2 0 0 -1 -6 0 2 -2 -2 -2 1 -2 0 2 0 0 0 0 0 0 -1 -4 1 0 2 -2 0 6 0 0 -2 0 -1 0 0 0 4 0 0 0 0 0 5 -1 -2 0 0 0 0 0 -5 0 -4 0 0 1 0 -2 0 4 0 1 0 0 3 0 0 2 0 0 0 0 0 -2 0 0 0 0 0 4 0 0 0 2 -6 0 0 2 0 0 0 0 4 2 0 0 0 0 0 -2 0 0 0 0 0 -4 -2 0 2 0 0 1 2 1 1 0 -4 0 0 2 1 -5 0 -3 0 0 0 1 0 2 2 -4 -1 0 0 2 1 2 1 -2 -1 0 0 2 0 3 0 4 -4 0 0 -2 0 2 -2 2 2 0 0 2 0 0 2 0 0 2 1 0 -2 0 -2 -2 0 -1 1 1 0 0 -1 0 0 -3 0 0 -1 1 0 0 0 2 -2 0 4 -2 -1 -5 -3 0 0 0 0 0 2 0 1 0 0 4 0 0 0 -2 0 4 1 2 -2 0 1 0 0 0 -2 2 -2 0 0 0 -1 0 0 0 0 -2 0 2 0 1 1 -4 6 0 0 -4 2 0 2 7 -4 -3 0 1 1 4 0 2 0 0 -3 0 0 2 -2 5 0 -5 1 0 0 0 -4 2 1 0 -1 0 -2 0 2 0 0 -1 0 -2 2 1 1 -1 0 4 -1 0 -1 -2 0 0 2 0 0 -2 0 0 3 -2 0 0 0 0 0 0 3 1 2 0 0 0 2 0 0 -1 2 0 0 0 0 -2 0 0 0 1 4 1 0 2 0 0 38 0 0 2 0 0 1 -2 0 -3 1 0 0 -4 -2 0 -2 4 0 2 2 1 1 -1 0 0 2 0 0 0 2 0 -2 1 0 0 -3 0 -2 1 1 0 0 0 0 -2 4 8 -2 0 -2 -3 -1 -4 1 0 0 -4 0 2 0 0 0 5 3 0 0 0 -4 2 -2 -4 0 1 0 0 2 0 0 1 -4 0 0 0 2 1 4
0 0 0 0 0 0 -4 1 0 0 0 0 0 0 0 0 -1 0 0 2 -4 0 0 0 0 -2 -2 1 0 -1 -2 0 5 -1 0 0 5 -2 -2 0 0 0 0 0 0 0 -2 -1 0 0 1 1 0 0 1 0 -2 0 0 3 0 0 0 -1 1 0 -1 -4 -1 1 0 0 0 0 0 0 0 2 1 0 0 -1 1 4 0 0 0 0 0 0 0 -2 -2 2 -1 0 0 0 0 0 0 0 0 -1 5 0 0 -1 0 1 0 3 0 0 0 -2 -1 -3 0 -1 0 2 0 0 0 0 0 -3 -2 0 2 0 0 0 0 0 0 0 0 1 0 1 0 0 0 0 4 0 0 0 3 0 1 1 0 1 -2 4 -1 0 0 2 0 0 -1 -2 0 0 0 0 1 0 0 -4 0 0 0 0 0 -1 -4 -2 0 1 3 1 2 1 0 -1 -3 -1 0 0 2 0 0 0 1 -4 -4 0 -4 0 0 0 0 0 0 0 0 -2 0 0 -1 0 2 0 0 2 1 0 0 0 0 0 1 0 0 0 -2 0 0 0 0 0 1 0 0 0 0 0 -6 -2 1 0 0 0 0 0 0 0 -1 0 0 0 -2 2 0 3 0 0 0 0 0 0 1 -2 0 1 0 0 0 -5 0 0 0 0 -2 2 0 0 0 0 1 0 0 2 0 0 0 0 0 0 2 -1 6 0 -1 0 0 1 -2 -4 -1 3 -2 1 -4 0 0 4 0 0 0 1 -1 0 4 0 -4 1 0 0 -2 1 -2 0 2 0 0 1 1 0 0 1 -2 -1 -4 0 -4 1 0 0 0 0 0 0 0 0 -2 0 6 0 0 0 -1 -6 0 0 0 0 -1 2 0 0 1 0 -2 0 0 0 0 0 30 2 -2 0 0 -8 0 0 0 0 0 0 0 0 -1 -3 2 0 0 0 0 0 3 1 2 0 1 0 -2 -1 0 0 -1 1 0 0 0 -4 -2 0 -2 0 -1 2 -4 4 -2 0 0 4 0 3 0 0 0 0 0 2 0 0 -1 -2 -1 0 0 -1 0 1 0 -2 -2 -6 -1 -4 -1 0 0 1 2 -2 0 -2 0 1 0 -1
0 0 1 0 0 1 1 -1 1 0 0 0 0 -2 0 0 -2 4 -1 1 -2 2 0 0 2 0 0 1 -1 -4 0 1 0 0 4 0 2 2 0 0 0 0 0 -4 0 0 -2 0 -1 2 0 0 -1 -2 0 0 1 1 -2 4 0 -4 3 0 4 2 0 0 -2 0 0 0 0 0 0 0 0 -5 -1 0 -2 0 -2 0 2 6 -2 4 -2 0 -2 -3 -1 0 2 0 0 0 1 0 0 -2 1 2 0 -6 0 0 0 0 2 3 2 0 -2 4 -1 0 -2 0 0 3 0 0 0 0 -7 1 0 -3 4 1 -1 0 2 -2 0 -4 1 -2 6 1 0 0 3 0 0 0 -1 -4 -2 2 2 -4 0 2 2 0 2 1 0 -1 0 2 0 -1 1 0 -1 1 -1 2 2 0 0 4 0 0 0 -2 0 3 0 1 0 -1 1 2 2 -2 0 0 -2 0 -2 1 1 1 0 0 1 0 0 2 -1 0 5 0 1 0 0 0 2 0 4 1 0 4 5 2 1 -1 0 1 -1 0 1 2 0 1 5 0 0 0 -2 0 -1 3 0 0 4 0 2 0 2 5 1 0 0 0 0 0 0 -2 0 0 2 0 5 0 0 0 -1 0 -1 2 0 -1 0 0 -1 1 2 -1 -1 0 0 0 0 0 0 0 1 1 -1 0 4 0 -2 -2 0 0 0 2 0 -2 0 0 -2 2 0 -1 0 -2 -1 0 4 2 -5 0 4 4 4 -1 0 2 0 0 0 1 0 0 -1 2 0 -2 5 3 0 -2 1 2 0 0 -2 0 0 0 2 -2 0 0 0 1 -2 -2 1 -1 0 -1 0 0 0 0 0 0 0 0 0 0 -2 -2 2 0 0 0 -4 0 4 0 1 0 2 0 2 38 -4 0 0 -4 4 1 0 0 0 0 0 0 2 0 6 0 0 5 0 2 0 2 -4 1 1 1 0 0 -1 0 2 1 0 0 1 1 4 0 0 0 0 0 0 0 4 0 2 1 1 3 0 0 0 1 -2 0 0 -1 0 2 0 0 -1 0 -3 2 1 -3 0 0 -3 0 2 1 0 -1 0 2 0 0 0 1 2 2
-6 0 0 2 0 6 2 0 -4 0 0 -6 4 0 -3 0 -5 0 -4 2 1 0 1 -2 0 0 2 1 0 1 0 0 2 2 2 -1 -4 0 0 2 0 0 -2 0 2 2 0 0 -4 0 -1 0 0 4 -4 0 0 -1 0 -1 -2 0 0 1 2 -2 0 2 0 0 -5 0 4 -3 1 4 -3 0 -4 -6 -2 1 0 2 0 -1 0 0 0 0 0 -2 0 -2 2 4 1 1 4 -2 0 0 0 4 0 -6 0 -6 0 0 -4 0 0 0 1 2 0 -2 0 0 2 0 -3 -4 2 1 0 2 0 -1 -2 -2 0 2 -2 -3 4 -2 -4 1 0 -2 -2 0 3 -1 -4 0 4 -2 0 -1 0 5 0 2 0 -2 1 0 0 1 0 0 1 0 -1 -4 1 4 0 0 2 1 0 -11 -4 2 -1 0 2 5 0 -1 1 0 2 0 -2 -4 0 0 -3 4 0 4 4 2 -4 2 0 -2 2 0 0 2 0 0 0 0 4 2 0 0 -1 -4 -6 3 0 -2 2 0 1 2 -1 3 8 0 0 0 0 0 0 0 0 -2 2 -1 0 -1 0 0 0 0 0 1 -1 -2 0 0 0 0 0 13 6 2 0 5 0 -1 0 0 4 0 -1 2 0 -4 -2 -2 0 0 -3 5 0 -1 0 0 0 0 5 -2 0 -2 2 0 2 0 6 2 0 4 -4 -4 -2 0 -2 0 1 1 0 0 -3 0 -2 0 0 -1 2 0 0 -6 0 0 0 0 1 -2 -2 0 -6 0 2 -2 2 0 0 -4 0 0 2 -6 0 -2 0 -4 1 -2 -4 2 0 0 2 0 -2 2 -1 -1 -6 4 -2 0 0 -5 0 0 0 2 0 0 0 0 0 0 0 0 0 0 -4 -1 -2 0 2 2 -2 -4 67 0 4 3 -4 0 -2 0 1 4 6 1 2 0 0 -1 0 3 0 2 0 1 -2 -4 -1 -4 2 0 0 0 -2 0 -2 0 0 -2 -1 4 0 4 0 -4 1 0 -2 2 0 0 4 -6 2 7 -4 0 0 0 0 2 -2 0 -8 4 1 -2 0 0 0 -2 0 -4 2 0 -2 -1 0 0 -5 -4 0 0 -2 -1 1 -2
2 1 -2 0 2 0 0 0 0 0 0 0 0 -2 0 1 -2 2 0 0 0 0 0 -2 0 0 0 0 0 0 2 0 2 2 0 0 0 0 -2 0 0 0 0 0 0 0 0 0 0 2 0 -4 0 0 2 2 0 0 0 -1 0 0 -1 0 -1 0 4 0 0 0 0 -1 1 -1 0 0 0 0 0 0 0 0 0 0 -6 0 0 1 0 -2 0 0 0 -2 0 0 0 0 0 0 0 -2 0 -1 0 2 0 -3 0 0 0 1 0 0 0 0 0 -1 -4 0 0 2 0 1 0 0 0 0 -4 4 0 2 0 2 0 0 0 0 0 0 1 0 0 0 0 0 -1 4 0 0 0 0 0 2 0 0 0 -2 0 1 -2 0 2 0 -1 0 0 0 0 6 -4 0 0 0 -2 0 0 -1 2 1 -4 0 2 0 0 -1 0 0 0 0 0 0 2 0 0 0 2 -1 0 0 0 0 -4 0 2 0 -2 2 0 -2 -2 -2 -1 -3 2 0 1 0 -4 0 0 0 0 4 4 4 0 2 -4 2 0 -1 0 -2 -1 0 -1 0 0 1 0 0 2 0 -2 0 -2 0 0 -2 1 0 4 0 0 0 -2 0 -1 0 0 1 0 0 -2 0 -1 0 2 0 0 2 0 0 -2 0 -2 -4 0 0 1 0 0 0 -1 0 -2 0 1 0 0 0 0 2 0 0 -1 0 0 0 4 0 4 0 0 0 1 0 0 0 -1 -2 0 0 0 -1 0 0 0 0 0 0 0 0 0 0 0 0 0 0 0 0 0 0 0 -2 0 0 1 -4 1 0 0 3 0 0 2 0 0 0 1 1 0 0 0 -1 0 -1 0 0 1 -1 0 0 0 0 0 -3 0 2 0 -1 2 0 0 0 0 27 0 0 0 1 0 7 4 0 0 0 2 0 -4 3 0 1 2 0 0 0 2 2 2 -2 -1 0 0 0 0 0 0 0 0 0 -1 -2 0 0 0 2 -1 4 2 0 4 0 0 0 0 0 2 0 0 0 0 0 0 -1 0 -2 -4 3 0 0 0 0 0 2 2 -1 1 0 1 1 4 0 -2 0 -2 1 0 0
-2 2 3 0 0 0 0 0 -2 0 2 2 0 2 0 0 -4 0 -3 0 0 0 0 0 -1 1 0 2 0 0 -4 0 0 -2 -2 1 2 0 -2 1 -4 3 -4 -2 1 0 1 4 2 0 0 0 0 -4 -2 4 2 -2 0 0 0 1 0 -2 2 0 0 2 0 -2 0 0 0 -4 0 0 2 0 0 0 -1 0 2 -2 0 0 0 4 0 0 0 1 0 0 -4 0 0 -1 -1 0 2 1 -1 0 0 -2 0 4 0 0 1 0 0 -2 3 0 0 1 0 0 6 0 0 0 2 0 0 2 0 0 -4 0 0 0 2 2 0 -2 0 0 0 -5 -4 0 0 2 6 -4 0 6 0 -3 1 0 0 0 0 4 0 0 0 0 0 -1 -1 2 0 1 -3 -2 0 3 0 1 0 0 2 0 0 2 0 0 0 1 0 2 1 1 0 2 0 2 0 2 -1 4 -1 2 2 0 0 1 0 0 0 0 0 -4 2 0 2 3 0 -2 -2 -2 0 -1 0 0 -2 0 0 0 1 4 0 0 2 0 0 0 0 -1 -1 4 0 0 4 0 -1 2 0 -2 0 0 -2 0 0 0 0 -2 -4 6 2 -1 0 0 1 -2 4 0 0 0 -1 0 4 1 0 -4 0 -2 0 0 1 0 0 0 0 0 0 2 0 0 3 0 2 0 0 4 1 -4 0 1 0 0 2 0 0 0 -4 0 -2 4 1 0 0 0 -2 2 0 2 -2 0 2 0 1 7 1 0 2 0 0 0 0 4 2 0 0 0 4 1 0 -2 0 -2 2 0 0 0 0 0 2 1 6 0 0 0 2 0 0 -1 4 0 2 -2 0 0 0 2 -4 2 0 0 0 0 1 0 -2 0 1 0 2 0 0 0 4 0 40 2 -2 0 0 2 2 4 2 0 3 -2 -1 -2 0 0 1 2 0 -2 0 0 0 0 2 -2 2 0 0 -1 0 0 0 0 0 0 -4 0 0 0 -6 0 -1 2 5 0 0 2 1 -2 2 -2 4 -1 0 0 0 0 0 -2 0 0 0 0 -2 0 0 0 -2 0 0 0 3 0 -6 0 -2 0 0 -1 6 0
8 0 0 6 1 0 3 -4 0 0 0 -2 -2 0 1 -2 -3 4 2 1 1 4 -2 2 0 -4 -2 -5 0 2 0 0 -2 -3 -8 0 -4 -1 -1 2 0 0 0 4 -2 2 0 4 -4 0 3 4 -2 0 0 0 0 -2 4 5 -1 1 0 4 2 0 0 0 0 -4 0 0 0 -2 0 0 5 6 -2 1 1 -4 0 -2 -2 -2 2 4 0 2 0 2 4 0 -2 0 -4 2 2 2 2 0 0 0 -6 2 0 -4 2 -2 2 -2 2 -2 -1 -4 2 -8 0 2 0 0 -6 4 0 0 4 -6 4 -1 0 8 2 4 -6 4 4 3 2 0 0 -2 0 0 -2 -4 0 -1 0 0 -2 0 0 -1 0 -4 0 -6 0 0 0 -1 0 0 1 0 0 2 2 0 -4 0 1 1 0 0 0 0 -2 2 0 -1 4 2 0 -2 -5 -1 -2 2 3 0 0 0 -4 2 2 0 0 4 2 0 3 0 -4 0 0 0 2 -2 0 -6 0 7 0 -1 2 4 2 -1 -4 0 0 0 1 5 1 2 0 1 0 -8 -1 3 2 0 -2 4 0 -2 0 0 -3 0 0 0 8 0 0 -4 0 1 2 2 -1 0 0 0 6 -2 -1 -4 -2 0 2 0 -2 0 0 -6 0 3 -1 2 3 1 0 0 2 -4 1 0 2 -2 2 4 2 -2 0 0 -6 0 4 1 0 0 2 -1 0 1 1 0 0 0 2 -1 0 0 4 0 0 3 -5 -4 -3 8 0 4 -2 0 0 -2 0 0 1 0 0 0 2 0 4 0 -2 2 0 4 0 0 4 0 3 0 0 4 4 0 2 2 -4 2 4 0 0 -1 0 0 2 -1 -2 3 1 2 -4 -1 0 -1 4 5 0 0 2 2 5 1 -8 -4 3 0 2 72 1 -4 0 0 -6 0 0 -1 -2 2 -1 -2 1 -8 -2 1 4 4 0 0 3 1 -1 0 0 0 0 0 2 -4 3 0 0 0 -2 0 -4 0 5 -4 2 0 -4 3 0 2 0 -2 0 0 0 4 0 0 4 3 4 -4 -2 -2 2 0 0 0 0 9 -1 2 0 0 -4 2 -6 -4 0 0 0 1 0 0
5 0 2 0 0 -2 0 0 -2 0 0 -2 0 0 0 2 4 0 0 0 0 0 0 0 0 -2 0 -4 0 0 0 0 -2 1 -3 1 -1 -3 0 0 1 0 0 -1 -1 0 1 0 0 -4 2 -1 -2 0 -2 2 -2 1 1 -1 0 0 0 1 -2 2 1 0 5 0 0 0 2 2 -1 0 4 1 0 2 1 0 0 0 0 4 2 0 -2 0 -2 -2 2 -2 -2 -4 0 0 -2 0 1 -2 -2 2 0 4 0 0 0 -5 -3 0 3 4 1 0 1 -2 0 0 2 2 -2 2 0 1 2 1 -2 2 1 3 0 0 -2 2 -4 -5 0 1 2 1 0 -2 2 -2 0 2 3 1 -1 -1 -1 6 0 -1 0 0 -1 0 -1 1 0 0 0 3 -1 2 -1 2 -3 0 -1 0 -4 -1 2 -2 0 -1 0 -3 0 -2 0 0 1 -1 0 0 -1 4 3 0 -2 2 0 0 0 5 0 -1 2 0 1 0 -4 2 1 0 -5 -1 -2 0 0 5 0 5 0 -2 -1 0 0 0 0 0 2 0 0 0 0 2 0 0 1 2 4 0 1 -2 4 0 0 0 2 -1 0 0 0 2 0 0 0 -4 -1 1 -1 1 -1 0 0 0 0 -1 1 2 0 -2 -1 2 0 0 1 0 -1 0 0 0 0 0 4 2 3 2 0 2 -2 2 2 0 8 1 1 2 0 4 -1 -1 0 0 2 -1 0 1 4 -4 0 -1 -3 0 0 0 0 1 2 2 2 -2 0 2 0 0 0 -6 1 -2 4 -4 0 5 0 4 -4 0 0 0 0 1 -4 0 0 0 0 0 2 0 0 0 0 2 0 -1 0 2 0 0 2 0 0 0 1 0 0 0 0 2 0 -6 0 3 0 2 2 -2 0 4 -4 0 -2 1 40 -2 2 0 -4 -2 -4 0 -4 0 0 0 0 0 -2 2 0 -1 2 -4 0 0 0 1 0 2 0 0 -2 0 0 4 -2 -1 0 0 0 -2 0 0 4 -2 0 -2 4 4 -5 0 3 0 0 0 0 0 -2 0 0 -1 2 0 0 0 0 0 1 0 0 0 2 0 0 2 5 0 -2 -4 -1 0 -2 -1
0 -2 0 -1 0 -1 0 -2 0 1 0 4 0 1 -1 0 -2 1 0 1 0 -3 0 0 2 0 0 1 0 -2 -2 1 0 2 -2 0 0 3 0 1 0 0 0 0 0 0 -2 4 7 0 1 0 -4 1 -6 0 0 0 0 -1 0 2 0 0 -3 2 0 0 -6 1 0 -2 4 0 0 -2 -2 0 0 4 -2 0 0 -2 0 3 2 2 1 -2 0 0 0 0 0 2 0 -1 1 0 -3 1 -2 0 -4 -2 0 1 0 3 2 2 0 1 -2 -3 0 0 -2 0 1 -3 -1 0 -2 -2 1 0 0 -1 4 0 -2 0 1 1 1 -2 -2 2 1 -1 4 0 0 6 -1 1 -1 0 -1 0 1 2 0 -2 3 1 0 1 -2 0 3 -3 0 0 3 0 5 -1 1 -3 4 6 0 0 -1 1 4 -2 0 -2 0 0 0 0 -2 1 2 -2 0 1 -3 3 4 4 -4 4 4 -2 -2 0 0 0 6 0 -4 -1 0 0 0 -2 0 0 1 0 2 0 0 0 1 1 0 0 0 0 0 0 0 0 -3 0 1 -2 0 2 -3 5 0 3 0 0 1 -4 2 0 1 -4 0 0 0 0 2 5 -3 0 7 0 -1 -5 0 0 0 -1 0 0 0 5 4 0 0 -1 2 0 -3 0 -4 0 1 1 2 2 0 -2 1 -2 -2 -1 -4 -2 5 0 0 -4 0 -3 0 0 0 4 0 0 -1 -1 1 0 -2 -6 -2 -2 -2 -4 0 2 0 0 2 -8 1 -2 0 0 0 -2 -1 0 0 0 0 0 1 -1 1 2 0 -2 2 0 2 1 2 0 0 1 2 0 0 -2 -4 2 -2 -4 0 -1 1 0 2 0 -3 -4 1 -3 1 0 0 4 0 0 1 0 0 1 2 0 0 1 0 1 0 -4 -2 48 3 0 0 -3 4 2 -4 -6 0 -2 -1 0 1 3 1 0 5 2 -1 4 -2 -4 2 0 0 1 0 0 1 1 -1 -1 2 1 4 1 -1 0 0 -2 0 0 0 -3 0 0 -1 1 0 -1 -3 -3 -4 -2 1 0 -1 1 1 1 -2 0 0 0 0 0 -2 0 4 0 0 0 -1 6 0 1 0 0
0 -1 0 -2 0 3 4 -2 2 0 0 0 -2 5 1 0 0 -2 2 0 0 0 2 2 0 0 -7 0 0 0 1 0 -1 -1 0 0 0 0 0 0 0 2 1 0 1 1 0 0 2 -2 5 0 0 0 0 -6 1 0 -1 0 0 1 0 -2 1 0 0 0 4 -1 0 0 1 0 1 -2 0 0 -2 0 -3 5 -4 0 0 4 -2 0 0 3 0 2 0 0 0 0 0 -4 0 0 0 -1 0 0 -2 0 -2 2 0 -1 0 0 4 0 0 0 0 -2 0 0 2 4 -1 -2 0 -6 -2 0 0 1 -4 0 2 1 0 0 0 0 2 4 0 0 -2 0 4 0 0 0 3 0 0 0 0 2 0 -4 -2 2 2 0 0 -4 0 0 2 0 0 0 0 -2 -6 -4 1 -4 -4 0 2 -2 0 -4 2 2 2 -2 -2 0 0 0 0 -1 -2 4 1 0 -1 -1 0 -2 0 2 0 -2 2 0 -2 0 -4 0 -2 1 0 0 -2 0 0 1 2 1 2 0 2 0 0 0 0 0 -2 0 0 0 2 2 1 0 0 0 1 0 0 1 0 0 2 0 -3 0 1 0 0 2 1 1 0 0 1 0 0 0 -1 0 -2 0 0 2 0 0 0 0 0 0 0 0 -1 -2 0 0 0 -1 4 0 0 -2 0 0 0 0 0 -2 1 0 0 -2 0 4 -6 -1 0 0 0 0 0 0 0 1 2 0 -1 0 0 0 0 1 0 2 1 0 0 0 1 0 2 0 -2 0 0 0 -6 0 -2 1 0 1 0 -1 1 -1 1 0 -2 0 2 0 0 0 2 0 4 0 0 0 -2 0 0 -1 0 0 0 0 1 2 0 0 2 0 0 0 -3 -1 0 3 0 -2 5 -3 0 0 -2 0 0 0 2 3 34 -2 0 -2 -2 4 0 0 0 0 0 -1 2 -2 -1 2 0 -1 -2 0 0 0 4 0 -2 0 -5 1 2 0 0 0 0 0 2 -1 -4 2 -2 3 0 2 -4 0 1 0 -2 0 0 -3 0 -4 -3 -1 -2 0 -2 0 0 0 0 0 -2 0 0 0 0 4 0 4 -1 0 0 -2 0 0 -4 0
0 3 2 1 0 6 0 0 1 -6 2 0 0 -2 0 0 0 2 1 -2 1 0 0 -4 0 2 1 0 -2 0 5 0 2 3 0 4 0 0 0 0 -3 0 0 0 1 1 0 2 0 2 -1 -4 0 -2 4 1 0 0 1 0 6 -4 -2 1 2 0 4 0 0 1 0 -4 0 0 4 7 -1 -2 2 0 -2 -2 0 4 -7 0 0 1 0 -3 0 0 2 -3 0 0 2 -2 1 2 -2 -1 -2 0 1 0 0 0 2 3 2 0 2 0 4 2 0 3 0 0 2 -3 -4 0 -1 0 0 2 -2 0 4 -4 0 1 7 0 0 -4 -1 0 2 1 0 -4 0 2 0 6 0 2 1 0 -1 2 2 4 0 0 -4 1 0 0 0 2 -2 0 2 -2 -2 0 -2 0 1 0 -1 0 -4 2 -2 2 0 0 1 0 -1 0 0 2 1 3 0 0 0 0 0 0 2 0 -1 0 0 0 2 0 0 -1 1 0 0 4 0 2 -6 -1 2 2 0 -8 -6 0 -4 1 0 2 2 5 0 0 0 0 1 0 -1 1 0 0 0 0 0 -2 0 0 4 0 1 -2 0 -2 -1 -4 0 0 2 2 0 -4 -1 0 -3 2 -6 1 0 -1 4 1 0 2 2 0 1 2 1 0 0 -3 -4 -3 0 1 2 0 0 -4 2 -2 -1 0 -7 0 6 0 0 0 1 -3 2 6 2 0 3 2 4 -2 0 -2 0 0 0 4 3 0 -6 2 -2 -2 0 2 -2 -3 4 -2 -3 0 -2 1 6 0 0 4 -2 0 0 2 0 0 -1 0 0 -2 0 -4 0 6 0 0 2 2 -2 1 2 2 0 1 0 0 0 0 -1 -3 0 0 -2 -2 0 -1 0 -2 0 -2 0 1 0 1 0 0 0 7 2 0 0 0 -2 58 4 0 0 2 4 2 0 -1 1 0 0 0 -5 0 2 0 4 0 0 0 4 6 0 -2 0 0 0 1 4 -5 0 0 0 0 0 0 3 -1 2 4 0 0 0 -1 1 -4 0 4 0 0 0 0 2 0 0 0 0 0 -2 0 2 2 0 -2 0 0 0 0 0 -1 0 0 0 0 2 -2
0 0 1 -6 0 0 0 3 -2 0 1 -4 0 2 0 -4 2 2 -2 -6 2 -2 0 -6 -3 -2 0 2 -1 0 0 -1 2 4 6 0 2 -4 0 0 -1 2 -1 -5 1 0 0 0 0 5 2 -3 -4 0 0 -2 0 0 0 0 0 0 2 -1 2 -2 0 1 0 2 0 6 1 0 0 0 0 -4 2 1 0 2 0 0 -2 8 0 1 5 -4 1 -1 -4 -6 2 0 3 -2 0 0 -2 0 0 -2 0 0 2 -4 4 2 0 0 0 0 -2 8 0 0 2 -8 -2 2 -1 2 2 -1 -4 2 0 0 0 6 0 0 1 0 -2 0 0 6 0 -3 2 0 0 0 -3 6 4 0 2 -1 -2 2 0 -1 2 3 -6 0 -4 -1 1 4 2 -1 0 0 0 -2 0 -2 0 1 -2 -1 3 0 2 -2 6 2 0 2 0 0 0 4 0 -2 0 0 -4 6 5 0 -1 0 0 -3 0 1 -1 -2 4 3 -1 0 -2 0 1 3 -4 1 0 0 0 -6 -6 -4 0 -4 0 0 0 4 -1 0 2 0 0 0 -2 -2 2 2 4 0 2 1 -4 0 0 0 -2 -1 -2 0 0 5 0 -3 3 0 0 0 0 0 1 1 0 0 0 0 0 -2 0 0 -2 2 0 2 0 2 -3 1 -2 -4 0 4 -1 -2 2 0 0 0 -1 0 4 0 2 4 0 0 0 -3 1 2 -1 3 -2 5 2 0 -2 1 1 -4 0 0 2 0 4 5 1 -2 3 0 0 1 0 0 0 0 0 2 -4 -2 0 0 0 0 0 -1 1 -1 8 4 0 1 2 0 0 -2 -4 -1 2 -2 0 0 1 0 0 2 2 4 0 2 0 -2 -2 0 8 0 2 -4 -4 1 0 2 1 -2 0 0 0 0 1 4 2 -6 -4 0 0 4 59 0 0 0 -2 -2 -2 -1 3 3 0 0 4 0 -1 2 -2 -4 0 0 0 -1 0 -1 -2 0 0 0 -1 1 0 0 -2 0 2 1 -2 0 4 3 0 -6 0 4 3 1 -2 7 -1 -2 0 0 0 4 0 1 -3 0 0 2 -2 -8 0 0 0 0 1 0 4 0 -1 1 0 -4 0 0
0 2 0 0 -4 2 -8 0 0 1 0 3 -3 0 -4 0 0 0 0 2 -2 -3 0 4 0 4 0 0 0 0 0 -1 0 0 -1 0 0 3 -1 4 -6 -1 0 1 0 1 0 -2 0 -1 0 0 -2 0 -2 0 0 0 1 -1 -1 -1 1 1 2 0 -2 2 0 -2 -4 0 -1 0 2 4 0 2 -1 -3 4 0 2 0 0 0 -4 0 0 0 3 1 1 5 0 0 0 0 3 -3 0 0 0 4 0 1 0 -1 -2 -2 0 1 0 0 -1 0 -1 0 1 0 0 0 0 1 0 0 0 0 0 -4 0 0 -1 0 2 -3 4 0 0 0 0 0 1 0 -2 0 -1 0 -1 0 0 0 0 0 1 -2 0 4 2 0 2 0 0 0 0 2 0 0 0 0 -1 -1 -1 1 -2 2 -1 -2 2 0 -1 6 1 0 0 0 0 0 -1 2 -1 1 0 0 -2 -4 1 -9 0 0 2 0 0 2 -1 0 0 0 0 0 0 3 0 0 0 2 -7 0 0 0 -2 2 0 0 -1 1 4 0 0 0 2 -6 0 0 0 0 -1 0 -2 1 -2 0 2 0 2 -4 -3 0 1 -3 -1 1 0 -3 0 0 0 0 0 6 4 0 -2 2 0 0 4 -4 0 0 1 0 2 0 0 0 -1 0 0 0 -2 0 -4 2 0 0 1 0 0 8 1 -2 1 -4 0 0 2 0 -2 2 0 1 5 -2 1 1 0 -2 0 0 0 -6 -4 0 0 0 0 0 1 0 0 0 0 2 -2 5 0 -3 -1 -2 0 -1 0 -4 0 0 0 2 0 1 -3 0 0 0 0 0 0 -2 0 -4 0 5 1 0 -2 -1 0 0 0 1 -4 -1 1 -2 0 0 -2 2 -4 0 0 -2 0 0 0 0 4 0 4 0 -2 -3 -2 0 0 36 -1 0 1 1 0 -2 0 0 0 -1 0 0 0 -2 -2 0 -2 0 -1 -1 0 0 -1 1 0 0 0 0 -2 0 -3 0 1 0 -2 1 0 0 -1 0 0 0 1 2 0 0 0 0 0 -2 0 1 0 0 1 -1 0 0 -2 0 2 0 0 0 0 0 -1 0 0 2 0 0 -1 2
1 1 -2 0 0 -2 5 0 1 2 0 -1 1 2 -4 2 1 0 0 0 0 2 0 1 -1 0 0 5 1 0 0 -2 -2 0 -1 -4 0 1 -1 -1 0 2 0 0 -2 0 0 0 2 -3 -1 -6 1 2 0 0 2 0 0 -3 -1 2 0 5 -1 2 -1 0 0 2 1 0 4 0 2 0 -2 -2 -2 -1 0 -1 0 1 0 -4 0 3 -1 -4 -4 0 -1 0 1 -1 0 0 3 0 0 2 0 0 -2 0 0 -1 0 0 5 -2 2 -2 0 -3 -2 -1 0 -1 -2 -1 0 0 -2 0 0 1 0 -2 0 0 -1 0 1 0 -3 0 0 2 1 0 -3 3 0 0 0 4 -3 0 0 0 2 3 -1 -1 0 2 0 0 0 0 2 1 -1 0 2 0 0 0 6 -2 1 0 0 0 0 1 -2 0 0 -2 0 0 -4 0 0 2 4 2 0 2 -2 0 0 0 0 2 1 -5 -4 -1 2 0 0 0 1 0 0 1 4 0 0 0 -1 0 0 1 0 -1 1 0 0 0 -3 2 2 3 0 -2 0 2 2 0 -2 1 -6 0 0 2 0 0 0 0 0 0 0 0 0 0 1 0 -1 5 0 3 0 1 4 2 -1 0 2 2 1 4 0 0 0 0 0 4 0 2 -4 0 0 -3 1 0 -2 5 2 3 2 -1 0 0 -4 2 -1 -1 0 0 3 -6 0 -4 0 0 -1 -1 -2 -1 -2 0 0 2 -4 0 -1 0 2 0 0 3 0 2 6 -2 0 -5 8 0 0 0 0 2 -1 2 0 -6 2 -3 2 0 1 1 4 0 0 4 0 3 4 -1 -2 2 -6 1 -4 -6 0 -4 0 1 0 -2 0 0 -1 0 -1 2 -1 1 -1 -2 0 0 -6 0 4 -4 0 0 6 0 2 0 -4 4 -2 0 0 -1 46 0 0 1 -2 0 -4 4 -2 1 0 0 2 2 0 4 0 -1 0 -1 0 0 -2 2 -1 -6 0 5 0 -1 4 2 -5 2 0 0 0 0 1 0 3 3 -1 4 2 0 0 -2 2 2 0 0 -4 -2 1 1 0 2 0 1 -1 0 0 0 0 2 0 -4 -4 4 0 -2 2 -1
4 0 0 -2 0 -2 0 -2 0 -2 0 0 0 -3 0 0 1 0 -3 -2 2 -2 0 0 0 -4 0 -2 4 -1 -1 0 0 0 0 1 0 1 2 0 -3 -2 0 2 0 -1 0 0 -2 0 0 0 0 0 0 2 0 -1 0 0 0 0 0 0 0 -1 4 0 0 0 0 0 1 0 0 0 -4 0 -2 0 0 0 0 -5 0 0 0 0 0 0 0 0 -2 0 0 0 0 -2 0 -2 1 -6 0 -1 0 0 0 0 -6 0 0 0 -2 0 0 -2 0 0 -2 -5 0 0 -4 1 -6 0 -1 1 2 0 -1 4 0 2 0 -2 0 0 2 2 2 0 0 0 0 0 0 0 0 0 -1 0 2 2 2 -4 0 0 0 0 -4 0 0 0 0 0 1 -4 4 0 0 0 0 0 0 0 0 0 0 -4 0 2 0 -1 0 0 3 0 2 -2 0 1 0 -1 0 0 0 0 0 2 0 0 2 0 0 1 0 0 0 0 0 0 0 0 0 0 0 3 0 0 2 0 -2 0 4 -1 0 -4 2 -1 -2 2 2 0 4 -2 -4 0 -2 2 0 0 1 0 0 2 -1 0 -2 0 1 -1 -1 1 0 0 0 2 0 0 1 -2 0 -2 -5 0 0 0 0 0 -2 -2 0 0 0 2 -1 0 2 0 0 0 0 -1 5 -2 2 0 2 4 0 -2 0 0 -2 -7 0 -2 0 1 -2 3 0 0 -2 0 1 1 0 1 -2 -2 1 1 -2 0 0 2 0 0 0 0 2 2 0 0 0 -2 0 0 0 -2 2 -2 0 1 -1 0 0 0 0 0 0 0 0 2 0 -2 0 0 2 0 0 -4 0 0 -1 1 0 0 0 1 1 1 0 0 1 2 2 0 -3 0 0 -2 0 0 1 0 0 -1 0 2 4 2 0 0 0 32 0 0 -1 0 -2 -2 0 0 0 -2 0 0 0 0 0 -1 2 0 0 0 2 0 0 2 0 1 2 0 0 0 -2 2 -2 0 0 0 0 0 2 0 1 4 0 0 0 0 0 -1 5 0 -1 0 -2 0 0 -2 2 0 -1 0 0 4 0 -1 -2 2 -2 0 -2 0 0 -2
0 0 -2 6 -2 0 0 -2 0 -1 -4 0 1 0 0 -2 0 0 2 0 -4 -3 0 0 1 0 2 2 2 -1 0 -7 0 1 0 0 -2 -2 -4 1 0 1 0 0 -2 0 0 0 -2 0 -5 0 -2 2 4 -1 0 2 0 1 4 2 2 -2 -4 0 0 0 0 3 0 -6 4 0 -2 0 0 -2 -2 0 1 -4 0 -2 -2 -3 0 0 1 0 2 -1 0 0 2 0 0 -2 4 -1 0 0 -2 -2 6 2 -2 -2 0 4 0 2 0 -2 1 4 -6 4 -5 1 1 0 -2 0 0 2 0 1 2 0 0 0 2 0 0 2 2 -5 0 -3 0 1 0 0 2 3 0 0 0 0 0 0 1 -2 0 0 0 0 0 4 0 -3 0 2 0 0 -4 0 -2 0 -2 1 0 0 0 0 0 0 -2 2 -4 0 2 0 -7 0 -3 0 1 4 2 0 0 1 -1 -1 1 0 0 4 0 0 2 -4 -1 0 0 0 4 2 0 3 2 1 0 -4 0 0 0 -1 -3 0 0 -4 1 -1 0 2 0 0 0 2 0 -2 0 0 2 0 -1 -1 0 0 6 0 -4 4 -2 0 0 -2 -1 -4 -1 0 2 0 -4 0 0 0 -1 2 2 2 -1 -2 0 4 1 0 0 0 2 2 0 -2 0 2 0 0 2 0 0 0 0 -2 0 0 2 -2 2 1 0 4 -1 -2 2 0 1 -2 -2 0 0 -2 2 5 -2 4 0 2 0 -2 -6 4 -2 2 1 0 -2 -1 2 -2 -2 0 0 0 4 6 -6 -3 2 1 0 -2 0 0 6 -4 0 1 0 -2 4 2 3 0 0 0 -2 -1 4 -2 2 -1 1 0 4 0 3 -1 0 -1 0 -2 2 0 -3 -2 0 -2 -2 -4 4 0 -1 2 2 2 3 -2 -4 -4 0 4 -2 1 0 0 57 3 2 2 0 0 1 3 -4 0 -4 1 -2 4 -1 0 0 0 1 1 -6 3 -2 -1 2 0 0 0 1 0 -2 3 -4 3 0 2 -1 2 0 0 -2 -2 -2 0 2 -2 1 0 3 0 1 1 0 -1 -1 0 0 -5 0 0 0 0 3 -1 1 1 0 0 -4 2 -1 0
3 -1 0 0 0 1 0 -1 0 -1 0 -5 5 0 0 -4 0 4 1 -2 0 2 0 0 1 0 4 0 2 -2 0 -1 0 1 0 0 0 -1 -2 0 0 0 0 0 -5 0 2 0 0 2 -2 0 4 -4 1 -4 0 0 3 2 4 0 0 0 0 0 0 2 0 1 0 4 0 0 1 -2 1 -5 -1 0 0 0 1 4 0 -6 -2 0 -2 -2 -2 0 2 -2 -1 -4 0 0 0 -2 0 1 4 0 4 2 -4 0 0 1 0 0 0 -2 -2 4 1 -2 1 2 2 0 0 2 -2 0 0 0 0 0 -4 0 1 0 0 -2 -3 0 0 0 0 -2 -2 0 0 -5 0 0 2 -3 0 0 -1 2 0 6 -4 0 2 0 2 -4 0 3 0 0 -2 0 -4 0 0 -1 1 -4 -4 0 -1 -2 3 2 0 2 -2 -2 1 -3 -5 0 0 0 0 0 2 2 -2 0 -2 -2 6 0 -2 -2 0 0 0 2 0 0 -1 0 0 4 0 4 0 0 2 0 0 0 -2 2 0 1 0 0 0 1 -2 0 0 0 0 1 1 -2 -2 -4 0 0 2 0 0 0 1 -2 0 2 0 0 -2 0 -2 0 2 0 0 0 0 -1 3 0 -2 2 -1 0 -5 2 -1 -2 -3 0 -2 0 1 -2 0 0 0 -4 1 -2 3 -4 1 1 4 0 2 0 -3 0 -1 0 -4 0 0 2 2 -2 0 0 0 -2 0 -2 2 2 0 2 2 0 -4 -4 -4 -1 0 4 -5 -2 0 -4 4 1 0 -2 0 2 0 -1 -4 0 0 0 -2 0 1 0 0 0 0 0 2 0 4 0 0 2 0 0 0 0 0 0 0 -1 -2 -2 0 4 0 -4 0 -6 0 0 0 4 2 4 0 -2 0 -2 -3 0 0 0 -2 2 0 -6 0 2 -2 1 1 0 3 42 0 0 0 2 0 -4 -4 5 0 -2 1 0 0 -1 0 3 2 0 0 0 0 0 2 4 0 0 0 0 0 0 0 -1 -2 -1 0 0 1 0 0 0 0 1 0 0 2 -2 4 0 0 0 0 -2 -3 0 0 2 1 0 0 0 -4 1 -3 0 -2 0 0 0 5 4
0 0 4 5 -1 0 0 -4 0 -4 0 0 -6 1 4 2 0 0 0 4 2 -2 0 0 0 0 0 -2 0 -6 0 1 -1 -1 0 1 2 0 0 -5 0 -4 -1 0 0 4 0 2 -1 2 4 0 0 0 0 0 -1 -2 -2 6 0 -2 0 0 4 0 -2 0 -5 0 2 0 0 2 0 0 -1 2 0 0 0 -4 -2 -1 0 0 -2 -4 0 0 1 0 0 0 -2 0 -4 0 -2 0 0 -1 0 0 2 -2 -4 0 4 0 0 2 0 0 0 0 5 -2 0 0 0 0 0 6 0 0 0 0 0 -5 4 0 0 0 0 -2 0 0 0 0 0 -2 0 2 0 -2 -2 2 1 0 -2 0 0 2 1 4 -2 -2 0 -2 0 2 0 1 4 -1 0 0 2 -2 0 0 -2 -5 0 1 1 1 1 -4 0 0 0 -2 -2 -1 1 0 0 4 0 0 2 0 -4 0 -2 0 2 0 1 0 -4 0 -4 0 -4 0 0 1 0 0 2 -2 -2 -1 -1 -2 0 2 0 0 0 -2 0 5 4 0 0 1 2 0 4 0 2 -4 0 0 0 0 2 0 -1 0 2 1 -5 -2 0 0 1 -4 0 -3 -5 0 6 0 0 -2 -3 -2 1 1 -1 2 4 0 -1 0 0 -4 3 1 1 0 0 4 2 0 1 1 0 -3 0 0 0 0 -2 0 1 2 -1 0 -2 -2 0 0 0 7 -4 1 -2 0 1 -3 1 0 -4 0 0 2 0 5 2 0 2 0 0 0 -2 2 0 0 0 -2 0 0 0 -2 0 -2 0 0 0 -5 0 0 0 -2 2 0 0 2 0 2 0 0 -1 7 0 2 -2 0 0 -6 0 -1 1 -2 0 0 1 1 0 -1 0 0 2 -1 2 0 2 4 2 6 0 -4 -1 -1 0 0 0 0 -2 0 -2 -1 2 0 50 -2 -1 1 0 0 -8 0 2 0 6 -1 0 -2 0 0 0 0 2 -4 0 0 0 5 -1 0 0 0 -2 2 0 0 0 0 4 2 0 -1 0 -2 0 -2 0 -4 0 1 0 2 4 0 2 0 0 -4 0 0 -4 -1 2 0 0 0 0 -2 0 0 2 2 -1 2
0 4 -4 0 6 0 -3 -2 -1 0 -2 0 0 -1 -2 0 2 0 0 0 -3 4 0 2 -2 -6 -4 -5 0 0 0 -1 -2 -2 2 0 0 0 0 -2 0 0 0 0 0 0 0 0 0 0 -2 0 -4 0 4 0 0 -2 0 1 3 2 0 0 1 0 5 0 0 -1 0 1 0 1 0 0 -2 2 0 0 -1 0 0 0 1 0 0 -2 0 0 -2 0 -3 -4 2 2 0 1 0 0 -2 0 0 1 0 2 0 0 0 -2 -2 1 0 2 1 0 0 0 -6 0 0 1 0 1 0 0 0 -1 -2 6 2 0 0 2 6 1 0 0 0 4 -2 6 -4 0 1 0 1 2 0 0 -1 -2 1 0 -4 2 0 -1 0 0 0 0 -2 1 -3 0 0 -2 -3 2 -2 -6 -2 0 -4 0 -1 -3 0 0 -1 -6 -2 0 2 0 0 2 0 0 0 0 0 -2 -1 0 6 0 -6 4 0 0 -2 0 2 -1 1 -4 0 0 3 1 2 -2 0 2 -1 0 -1 0 0 2 0 2 0 -4 0 0 2 0 6 1 0 -2 0 -2 0 -1 0 -1 0 1 0 4 0 0 1 0 0 2 0 0 -2 0 0 2 0 0 2 0 0 0 0 0 0 3 1 -4 0 -2 -1 2 2 0 0 0 0 1 0 0 -4 -4 0 0 1 0 -1 0 3 1 4 2 0 0 -6 1 -4 0 0 0 3 0 5 4 -4 0 0 -2 6 1 -1 -4 0 0 -3 0 -3 1 0 0 0 0 0 4 0 -2 0 1 0 -4 2 0 0 0 0 2 -1 -4 0 -1 -2 0 -4 0 0 0 1 1 2 -1 0 1 1 -1 1 4 -4 -4 -4 -2 1 -4 0 0 -1 1 0 0 0 4 0 -4 0 0 0 0 -1 3 -2 -2 0 -2 0 -1 -1 -2 0 0 2 0 -2 51 2 0 -4 3 -1 1 -2 0 2 0 0 0 0 0 0 0 -2 -1 0 0 0 -1 2 1 4 0 0 0 0 -1 0 0 0 2 1 -4 -1 -1 4 -1 1 3 1 0 0 2 -4 -1 0 4 0 1 0 4 2 0 0 3 1 -2 0 1 -2 -2 -4 -1 0 0
-2 0 0 -2 -4 -2 1 0 2 0 -2 2 0 -4 0 0 3 4 0 0 0 -1 -4 0 0 0 0 0 -4 0 0 -1 0 -4 0 -2 1 -1 0 0 0 -2 3 0 0 0 0 0 0 4 -6 -3 -2 0 0 0 0 0 -2 -1 0 2 0 1 2 0 0 0 4 0 2 -1 0 0 0 0 7 4 0 3 1 -4 2 2 -2 1 0 0 2 -4 -2 -2 1 0 0 0 0 2 -4 0 -1 0 0 -2 0 0 2 1 -2 0 0 -4 1 0 -4 0 3 -10 0 3 0 0 0 -4 1 -2 -1 0 -2 0 -4 0 0 0 0 0 0 1 0 2 -4 -2 0 -2 0 0 2 0 0 0 1 1 0 -2 0 1 0 1 -2 0 -6 0 -4 -2 0 0 0 0 -2 -1 2 -2 2 4 -7 1 6 3 0 0 6 1 0 0 0 0 0 0 0 -4 0 -3 0 -4 0 0 0 0 0 2 0 -2 8 0 2 -4 2 0 -2 0 5 1 0 -2 0 0 -1 0 0 -1 2 0 0 0 0 4 0 -4 0 0 -1 1 0 0 0 1 0 0 3 -2 -1 0 0 0 4 3 0 0 0 0 -3 0 0 -2 0 -2 0 0 -2 -2 0 0 0 -2 -6 0 0 0 0 0 0 2 2 0 4 0 0 0 0 0 8 0 0 2 0 1 3 -1 0 0 -1 2 4 -1 0 0 0 -2 0 0 2 2 0 2 0 0 -3 -2 0 0 0 -1 0 0 2 0 2 0 0 0 -1 0 2 0 3 0 2 0 0 0 0 0 -4 0 0 4 4 0 -2 -2 0 2 0 -2 0 -1 0 0 0 0 2 1 0 0 -2 4 0 0 2 0 -3 0 -1 0 0 2 -6 1 0 0 4 -1 2 2 0 0 0 0 0 1 0 -1 0 1 3 0 -4 -2 0 0 -1 2 46 0 -4 6 4 0 2 0 0 1 0 0 2 0 0 0 -1 0 1 4 0 1 -1 0 0 -2 2 2 1 -2 3 0 -2 1 0 0 0 0 -4 -1 2 1 -4 0 0 0 0 1 0 0 0 -3 0 -3 0 0 0 0 -4 0 0 2 0 -1 -2 -2 1 3
0 0 1 -1 0 0 6 0 0 0 -1 1 0 2 -1 0 0 -3 1 2 0 0 -2 -10 0 0 0 8 -1 -1 0 0 -1 -4 1 1 2 -1 -2 2 0 2 0 0 6 1 1 0 -4 0 -1 -2 1 -3 1 2 -1 2 2 -2 -2 0 2 -6 0 1 0 5 0 0 2 -1 -3 -1 0 -2 0 4 3 2 -3 -2 0 0 0 -2 0 0 -1 1 0 2 2 0 0 -1 -2 -4 -2 0 0 0 0 -3 3 0 0 3 -1 2 4 5 0 0 0 0 3 6 0 -10 1 -2 1 -3 2 -1 0 2 0 -2 1 1 -2 0 0 -3 0 0 0 0 0 2 0 -4 0 -1 -2 2 -2 0 0 1 -3 0 5 -3 2 -3 2 0 1 0 0 5 0 0 0 1 -2 -1 3 1 1 2 -5 0 0 0 2 -1 6 3 -1 -1 -1 0 -2 4 0 8 0 -1 -4 0 0 0 1 -2 2 -2 2 0 -1 0 0 3 1 -6 4 0 1 0 -2 0 0 1 -5 0 6 2 0 1 0 0 0 1 -3 4 0 0 0 0 0 0 0 0 -1 -6 0 1 0 -2 7 0 -2 5 -4 0 2 -1 -3 1 0 2 1 4 0 4 -2 0 0 0 1 2 -4 1 0 0 0 0 -2 0 0 4 -2 -1 -1 0 0 1 0 0 -2 -1 4 0 0 0 -2 1 -2 1 0 0 0 1 -2 -1 -2 2 2 -2 0 1 -5 1 0 -2 -1 0 0 -6 0 3 0 1 2 -2 0 2 0 0 2 0 4 1 -4 1 5 3 4 -1 0 -7 -2 0 0 2 -6 0 0 0 0 0 2 2 2 1 -4 -1 2 -1 2 0 0 5 4 0 1 -2 2 -1 -2 4 0 -2 2 -1 0 2 0 0 0 2 0 5 3 1 0 -8 0 0 -1 0 3 0 4 -2 0 2 1 0 0 54 0 3 -6 -2 0 0 -1 -4 0 0 0 0 0 0 0 0 0 -1 3 1 0 0 0 0 -1 0 0 -3 -4 0 -2 -2 -2 6 1 0 0 -1 -1 0 0 0 0 -2 1 -1 0 0 2 1 -2 0 -2 0 0 -2 3 3 0 -2 4 -2 3 -4 0 2
0 -2 2 0 -4 0 0 -2 0 0 0 0 0 -4 0 0 -4 2 -6 0 4 0 4 0 0 1 0 0 0 0 0 4 0 4 1 0 0 0 0 2 -1 0 0 0 -4 2 1 -2 0 0 0 0 0 0 1 0 0 0 0 -4 2 -1 -2 -4 -2 0 0 0 0 -4 -2 -2 0 0 0 0 -2 0 0 0 -1 2 0 0 0 -1 0 0 1 0 0 0 0 0 0 -2 0 0 2 2 0 0 0 0 -1 0 -2 5 0 -1 0 2 0 0 -1 -2 -2 0 0 0 0 0 1 2 1 2 0 0 0 0 2 0 0 0 0 -3 0 0 0 -4 4 -1 -2 0 1 0 -2 1 0 -2 -4 2 1 0 2 0 0 0 4 0 0 0 5 1 0 0 0 0 1 0 0 0 0 0 2 0 0 -1 -6 0 0 0 4 -4 0 0 1 3 0 -2 0 0 0 0 -4 -2 0 0 -4 0 0 0 4 1 0 0 2 0 0 0 -4 0 0 0 3 0 2 0 -1 0 -2 1 0 0 0 -2 0 -1 0 0 0 2 0 0 0 0 0 0 0 2 0 0 2 -2 0 0 0 0 0 0 0 0 1 -1 -2 -3 1 -2 -2 -4 1 0 0 0 -4 -2 0 0 0 0 -2 -4 0 0 4 0 -2 0 -2 0 2 0 0 0 0 0 -2 1 0 0 0 1 0 2 -3 0 2 0 0 0 0 0 -4 -1 1 0 1 0 0 -2 0 0 0 0 0 0 -1 -4 0 -3 -2 0 0 1 -2 -1 0 -1 -2 0 -4 0 0 0 -1 -6 0 0 -2 2 0 0 0 0 0 -2 4 0 -2 0 0 3 -6 0 1 0 -1 -1 0 -1 1 0 0 0 0 0 4 0 0 0 4 -1 0 1 0 0 0 2 1 -2 -2 1 2 0 0 0 -2 0 1 0 0 -4 -4 0 32 0 0 0 2 1 -2 -3 -4 0 0 0 0 0 0 0 -1 -2 1 0 0 0 0 0 0 -2 0 4 1 0 0 0 0 0 -1 0 0 -1 0 2 2 -1 -7 0 -4 2 0 0 -2 -1 2 4 -1 0 0 0 2 0 0 6 0 1 0 2 0 -2
0 1 0 -2 0 -2 1 0 -2 0 0 3 2 -1 0 0 2 0 0 1 0 1 1 0 0 -2 -4 -2 0 0 0 -3 0 0 0 0 0 1 2 0 -2 0 0 -2 2 0 0 0 -2 0 -6 -4 -1 -2 0 0 0 1 2 3 0 -2 0 0 -1 4 2 0 2 -1 2 1 0 0 2 0 4 0 -3 2 1 -3 2 0 0 2 0 2 2 -2 1 -2 2 0 -2 0 -1 2 -4 0 -1 -2 -3 1 2 -1 -1 0 1 0 0 -1 0 0 -5 1 0 -2 -1 1 0 0 0 0 1 0 -3 -1 0 0 -1 2 0 0 -2 0 0 1 1 1 0 0 1 0 0 1 -3 0 0 2 1 1 1 -1 0 3 0 2 0 0 -3 -2 1 -2 -1 1 -1 1 -1 1 2 1 1 3 4 -2 -4 0 0 0 4 0 0 -3 0 0 0 0 1 -4 0 0 2 0 2 3 -1 4 -2 2 -7 0 -2 1 1 1 1 -4 1 0 0 3 2 -4 2 1 0 1 0 -3 1 3 0 1 0 4 1 -1 0 0 -4 1 0 1 -2 0 -2 1 1 1 4 2 0 -4 4 2 0 0 0 0 -2 0 0 1 -2 -1 -6 2 -3 -5 2 0 0 -2 2 4 1 5 2 0 0 0 0 2 2 3 0 0 2 2 -2 0 0 0 -1 0 -4 0 5 3 -1 0 1 -1 -2 -2 3 -3 -3 1 -1 2 -1 2 0 0 -2 0 0 0 -1 0 5 0 2 1 0 0 2 0 0 -2 5 2 0 0 5 0 0 -1 0 0 0 -1 -1 2 -1 -1 0 -2 0 0 0 -2 -2 -3 0 -3 -4 3 0 -5 0 0 4 -2 1 1 1 -2 -1 1 0 0 0 -1 0 0 -1 0 0 1 4 1 0 2 2 0 2 1 2 3 -2 0 0 -1 1 0 3 -4 0 3 6 3 0 46 1 0 0 0 -1 3 1 0 0 -1 -3 -2 2 0 -1 0 -1 3 -2 1 -2 0 1 2 2 0 0 1 1 2 0 4 -1 -4 3 -4 1 0 1 6 0 1 0 -1 -2 0 0 1 2 1 0 0 -1 -1 5 2 0 0 -2 -2 0 1 1 0
0 0 0 -2 0 0 0 4 0 2 0 0 0 3 -4 -2 -2 0 0 -4 -3 1 -2 6 0 3 -7 -2 3 2 -6 0 3 -1 0 0 1 0 -3 2 0 0 0 0 1 1 0 -1 0 3 3 0 0 0 0 1 2 0 -2 0 0 2 4 0 0 0 -3 0 2 0 0 -1 0 -2 0 -5 0 6 0 -2 0 5 0 2 -1 0 -1 0 -1 4 0 1 -3 0 0 -2 -2 0 -2 -4 0 0 -3 0 -1 0 -2 0 -1 0 0 -2 0 -3 -2 0 2 -6 4 6 1 1 0 4 -1 0 -1 -3 2 0 0 0 0 2 6 0 -2 0 0 1 0 3 0 -2 0 5 0 -4 -2 0 3 0 3 0 0 1 0 -4 0 0 0 6 0 0 0 0 -2 2 0 0 -2 -2 -2 2 -2 1 0 -1 0 0 2 -1 2 0 6 5 6 0 0 0 0 0 0 0 2 0 0 -1 0 0 0 0 0 0 0 0 0 0 -2 -2 0 2 -2 0 0 1 0 0 2 -2 2 0 1 0 0 -1 -4 0 -1 0 0 -1 2 0 1 4 0 4 -2 0 0 0 -3 0 -1 1 -1 0 0 -1 -1 0 1 2 0 0 0 0 1 -3 0 -1 0 -2 -1 -2 -5 0 0 0 -4 1 -4 0 -2 -1 0 -1 1 0 -4 0 0 0 0 1 -1 0 7 1 1 -1 0 0 6 0 2 0 -3 0 -1 0 0 2 1 0 0 -1 0 0 0 4 2 4 -1 0 -2 0 0 -1 0 3 4 0 -1 5 -2 -1 0 -2 2 4 1 1 0 0 0 0 4 2 -2 -2 0 -4 -3 0 0 0 2 0 1 -2 0 2 0 0 0 6 -2 0 1 0 0 6 0 1 -1 2 1 -2 -2 0 -8 -1 3 0 0 0 0 4 0 1 -1 -5 4 0 0 0 -4 -4 -8 -1 4 -6 0 1 51 -4 0 1 4 0 0 0 0 0 -3 1 -3 -1 2 0 0 1 0 1 -3 -2 0 -1 -2 1 0 -2 0 -1 0 -2 4 2 -4 2 2 4 -1 0 -3 1 0 -1 -2 3 0 0 3 -1 0 0 0 0 1 4 1 0 0 0 0 -2 0 2
4 0 2 0 -1 0 0 -2 2 1 0 -2 0 0 0 0 0 4 2 3 -1 0 0 -2 1 0 0 0 0 -2 0 2 -1 -1 1 -6 1 0 0 0 0 0 0 0 3 0 0 -4 0 0 2 -2 1 -6 2 -4 0 -4 2 0 2 0 0 0 -2 0 1 2 0 1 -1 0 -2 4 0 0 0 0 0 0 0 -6 1 7 1 2 -2 2 4 0 -2 -2 -2 -2 -1 0 0 5 2 0 -1 -6 0 0 0 0 0 -4 2 4 -4 0 0 0 -2 4 0 0 1 2 -2 0 3 -6 -2 0 4 0 0 0 0 0 1 2 -2 0 0 0 -7 4 0 0 0 -4 -3 0 0 0 1 -1 -4 2 0 0 -2 -2 0 -2 0 0 0 0 0 0 -2 0 0 2 1 -2 -1 -4 1 1 0 0 4 -2 0 2 0 -3 0 0 3 -1 -2 0 2 1 1 0 0 0 -2 0 0 0 0 -1 1 0 2 4 -6 0 0 -2 -1 2 0 0 1 0 3 2 0 2 6 0 -1 0 0 3 0 3 -1 0 0 -6 0 -1 0 0 -1 -4 -3 4 0 0 0 0 -2 0 -4 0 2 0 0 0 0 0 0 0 0 -2 0 0 0 0 10 2 -1 4 2 0 -4 0 0 0 0 2 1 -2 -4 0 0 0 0 1 0 0 -2 -2 0 0 0 2 0 0 0 1 0 0 0 0 -2 0 0 1 0 3 0 -2 0 0 0 0 0 0 0 0 0 2 -4 1 0 0 -2 0 8 0 -4 0 0 0 0 3 0 0 2 0 1 0 4 1 0 0 0 0 0 0 0 0 0 0 -2 0 0 0 1 0 4 -4 0 0 -1 3 -2 0 0 2 0 0 -3 0 0 -2 -6 2 0 0 2 0 1 2 1 0 -2 4 -1 0 2 0 0 0 0 -2 0 5 0 1 0 -2 0 0 -4 48 0 -6 -8 0 0 0 0 2 0 0 0 6 0 0 -4 4 0 0 -2 0 0 0 -4 2 -2 -2 0 -2 0 -2 -4 -2 -6 3 -1 0 -4 0 -2 0 0 0 0 0 0 0 -2 0 -1 0 4 1 -2 0 0 -2 0 0 0 0 6 -1
2 0 0 0 -1 -4 0 0 -1 2 0 0 0 -2 0 2 2 3 0 0 0 2 0 0 0 0 0 0 2 -2 -2 0 0 0 0 1 0 0 4 2 0 0 0 0 0 0 0 0 0 0 -1 1 1 0 0 0 2 0 0 2 0 2 0 -6 4 2 -3 0 0 -1 0 2 -2 0 -2 -1 0 0 0 1 0 0 0 0 -4 -10 0 -1 0 0 2 -1 0 0 0 0 0 -2 0 0 -4 0 0 0 0 5 0 0 -2 0 -4 0 -2 0 2 0 0 0 2 0 -4 -2 1 0 0 0 0 0 -5 -2 0 0 0 0 2 0 -2 0 0 4 -5 -2 -2 0 0 -6 -4 0 0 0 0 -2 0 1 0 -2 -1 0 -2 0 2 0 -1 0 0 0 0 0 0 -1 1 -4 0 0 -6 -2 0 0 -4 0 -4 -1 0 1 0 0 0 2 2 0 0 2 0 0 0 0 -3 -2 -2 -1 1 -2 -2 0 -1 0 -4 0 0 1 1 -2 2 -2 4 0 5 0 0 0 -1 0 -2 -3 1 0 1 0 0 0 -4 -2 0 0 2 0 -8 0 -2 0 2 0 -1 -2 0 -4 -2 0 0 -2 0 0 2 1 0 0 2 0 -6 0 0 0 0 2 2 0 0 0 -2 0 -2 -1 4 2 1 0 0 0 -4 0 0 0 1 0 0 1 -1 0 -4 1 -2 0 0 -4 -1 0 2 -1 3 0 -2 0 0 0 1 0 0 2 -2 0 0 0 0 -1 0 -2 0 0 0 -4 0 0 0 -4 0 0 0 0 3 2 0 1 4 1 -1 2 -6 0 2 -4 0 -2 0 0 4 2 0 0 -4 0 -4 0 0 0 2 0 0 0 0 0 2 0 -2 0 -2 0 0 0 0 0 0 0 1 0 2 -4 -2 2 0 0 2 5 0 2 -1 0 2 0 -4 0 2 -2 2 0 2 0 0 0 39 -2 -4 0 0 0 0 0 0 0 0 2 0 2 -1 0 0 0 -2 0 0 4 2 -2 0 -1 1 4 -2 0 -2 0 2 0 2 -2 0 0 -4 -2 0 2 0 0 -4 -1 -4 0 -1 0 0 0 0 1 0 0 0 -1 1 2 -1 -4
-1 0 -5 0 2 -4 2 0 1 -1 1 0 2 -2 0 3 0 0 0 1 0 0 0 2 0 1 0 1 -1 0 0 0 -3 -3 0 -2 -2 0 -4 0 0 0 1 0 0 0 0 0 0 0 -1 2 0 0 6 0 -1 4 0 1 -1 0 -2 4 0 0 0 -1 0 0 0 0 0 -3 0 -2 0 0 0 0 -1 0 0 -2 0 -3 1 2 -3 1 -1 0 0 2 0 0 0 2 1 0 0 1 1 -1 0 1 0 0 0 0 -2 0 0 0 -4 -2 0 -2 0 0 -1 4 1 0 2 0 -6 0 0 1 0 0 0 0 1 0 2 0 0 -1 0 0 2 1 0 0 0 0 3 0 2 3 0 -2 0 0 2 0 0 0 -4 0 2 0 2 0 0 4 2 -4 4 4 2 0 4 1 2 0 0 0 0 2 0 0 -1 -2 1 0 0 0 0 0 0 0 0 0 1 0 -2 -2 0 -1 -3 1 0 -2 2 -2 0 -2 1 0 2 0 0 -2 2 0 0 0 0 0 0 -2 -3 1 -4 0 0 0 -1 2 -1 0 0 0 0 1 2 0 0 5 0 0 0 -2 0 0 0 4 0 0 -2 0 0 0 -1 0 4 2 0 -1 1 0 0 0 0 0 0 0 0 -1 4 0 -4 0 0 0 2 0 -1 0 2 2 0 -2 1 0 -2 0 0 0 -2 1 0 0 0 0 -2 0 0 0 -4 1 2 0 -1 6 0 0 0 0 4 0 2 0 0 1 2 0 -2 0 0 1 -1 0 0 3 -2 0 1 0 4 -2 -2 0 0 0 0 2 -6 0 0 2 2 0 -2 1 -2 4 0 4 -6 4 0 0 -1 0 -1 0 0 -2 0 0 0 1 -1 2 6 0 3 -1 4 2 0 1 -4 2 0 0 -4 2 -1 0 2 -2 2 0 1 -2 0 0 0 0 1 0 1 -6 -2 35 2 0 0 0 0 0 3 0 2 2 0 -4 1 -2 0 0 1 0 -2 -2 -2 4 0 3 0 -2 1 1 -2 -2 -1 0 0 0 0 1 0 2 0 -1 0 2 0 0 2 1 0 0 1 2 2 2 0 2 -5 2 0 0 -2 0
-2 -5 0 0 0 0 2 1 1 -1 0 2 -2 -1 0 4 0 0 0 1 0 0 0 2 0 -6 -2 1 2 -2 -2 0 2 2 -2 0 1 3 -2 -2 0 0 0 0 1 2 0 0 0 -2 -3 0 0 1 3 0 -1 0 0 -2 8 0 0 2 0 2 0 0 1 -3 2 -2 0 -6 0 -2 1 0 -2 2 0 -1 0 0 0 -2 2 0 -6 -2 0 0 -2 0 -4 1 -8 0 -1 2 -2 2 0 0 -2 0 0 -7 -1 0 -4 0 2 1 6 -5 -1 -4 0 0 -1 0 -4 7 0 0 -4 0 2 1 0 0 0 0 0 4 -5 0 0 0 2 0 0 -4 0 1 0 0 -4 1 -1 4 1 1 -2 0 0 -4 -1 -1 -4 1 -3 0 -1 0 4 0 2 0 0 5 -2 -1 0 2 1 9 2 0 1 2 -1 -4 2 0 0 -1 -2 5 -1 -2 4 0 -2 1 -2 2 -2 0 -2 0 -4 0 -2 0 -4 2 0 -4 0 0 2 2 2 0 0 0 0 1 -6 -2 0 -2 -1 4 0 2 1 0 0 4 1 -1 0 -1 1 -2 0 -2 2 0 0 0 -4 0 -2 -2 0 -4 0 -2 1 2 0 0 4 0 0 0 2 0 6 0 -1 0 0 0 0 -4 0 0 0 -1 1 -4 0 0 0 0 0 -2 2 -8 9 0 2 -1 0 0 8 -1 0 -2 3 0 4 0 4 0 0 0 -2 4 1 -2 2 0 6 0 -2 0 -2 -4 -3 0 -1 4 2 -3 1 0 2 0 2 1 -2 2 3 0 0 0 0 0 -6 -2 -2 -2 -2 0 -1 0 2 0 2 0 2 4 0 0 6 -2 -4 3 -4 -2 0 -4 2 -1 1 0 0 0 0 0 0 2 9 -3 -2 0 4 0 1 1 -1 2 0 3 0 -1 -2 4 -2 -2 0 0 -2 1 6 2 0 -1 -2 -1 4 -8 -4 2 60 0 4 0 0 -1 4 0 2 0 -2 4 -2 0 0 0 0 0 -2 0 0 0 -2 0 -4 -2 4 0 4 0 0 0 2 1 4 1 0 0 -2 0 0 0 0 2 -1 0 0 0 1 -1 -2 -2 2 0 2 0 0 0 -2 0
0 0 0 0 0 -2 1 0 0 -2 0 0 0 0 0 0 0 -4 0 0 -3 0 2 6 0 0 0 3 0 2 -1 0 0 0 0 0 4 1 0 0 2 0 0 0 1 0 0 2 2 -1 -4 0 -2 2 -2 0 0 0 2 1 0 1 6 2 4 0 0 0 0 0 2 0 0 0 4 0 0 0 0 0 0 -4 0 0 0 2 0 0 0 -4 0 2 0 0 -2 1 2 2 2 0 2 1 0 0 0 0 0 -2 0 1 0 -2 0 1 -2 -2 0 -1 -4 10 0 0 0 -2 -1 0 0 0 0 4 0 0 0 0 0 -2 0 3 0 -2 -2 0 2 1 -4 2 2 -1 1 0 0 1 0 0 0 0 1 1 0 0 2 0 4 -3 0 1 0 0 -1 0 1 2 0 0 4 0 0 2 2 4 0 0 1 0 -4 0 0 4 -2 0 -2 -4 4 0 2 0 -2 0 0 0 -4 0 0 0 0 0 2 1 0 1 0 0 -2 -4 1 0 0 0 0 -2 0 -2 0 -1 -4 0 0 0 0 0 0 0 0 0 0 0 0 0 0 0 -1 -8 0 0 0 0 2 -2 0 0 0 0 0 0 0 0 0 0 0 0 -2 0 0 0 -2 4 0 2 2 5 0 0 0 0 5 -1 -2 3 0 0 2 0 0 0 -2 0 4 0 0 0 0 0 0 -1 0 -4 2 -2 4 5 -2 0 0 0 0 0 -3 1 0 0 -2 0 1 -4 0 0 -1 0 -2 0 0 -4 4 2 0 -4 0 2 0 0 2 0 0 0 0 0 4 0 0 0 0 0 1 -1 0 -4 0 0 -4 0 3 -2 -1 0 0 0 0 4 0 0 0 0 0 0 0 0 0 2 2 0 -4 0 -1 0 0 1 -4 -2 0 1 0 4 0 0 -4 0 4 0 4 0 -1 0 1 -4 -3 3 0 0 0 0 0 35 -2 0 0 2 2 2 0 0 1 0 0 0 -1 0 0 3 0 2 -2 0 -3 -4 0 2 0 2 0 2 0 0 0 0 -2 4 0 0 0 0 0 0 1 0 1 1 0 0 0 4 0 1 0 0 0 0 -4 4 0 4
0 0 0 -2 4 1 0 2 0 0 0 1 2 0 0 0 0 2 2 0 -6 -2 -2 -1 0 0 0 -2 0 1 0 2 0 0 0 0 -2 0 3 0 -2 0 -2 0 0 -2 1 0 1 0 0 0 -1 0 1 0 5 0 0 -2 2 0 2 0 0 0 -1 0 2 0 3 0 0 0 0 -1 0 0 0 0 0 0 0 0 -2 1 0 -1 0 0 2 0 0 0 0 0 0 0 0 0 0 0 0 1 -1 0 0 0 0 0 0 -2 0 0 -4 -2 0 0 1 -1 0 -2 0 2 0 0 0 2 -4 0 0 -2 -2 0 0 2 2 0 4 0 0 0 -1 2 1 0 -1 -2 0 0 4 0 0 0 -2 0 0 0 -4 1 0 0 0 0 0 0 0 0 -1 2 2 0 2 -1 1 0 0 4 4 0 0 0 -4 2 0 2 0 -1 0 0 2 4 0 0 0 0 0 4 0 0 2 0 0 0 1 0 0 0 0 0 0 5 2 -2 0 0 0 0 0 0 0 0 0 0 0 -2 2 0 0 -2 0 2 0 6 2 -4 0 0 0 0 -2 2 0 0 -4 0 0 -1 0 0 -1 -2 0 1 0 1 6 3 -2 -2 0 -1 0 0 -1 2 0 0 0 2 -2 1 8 2 0 0 0 0 4 0 -4 4 0 0 4 4 5 0 0 1 0 0 0 0 2 0 2 0 -1 1 0 0 0 0 0 1 0 0 0 0 -2 -3 1 0 0 -5 0 5 -2 0 6 -1 0 2 1 1 0 0 0 0 0 0 0 0 0 2 0 0 3 -2 2 0 2 -3 0 -1 0 0 4 0 0 0 2 0 0 -1 0 -4 0 0 3 3 0 1 0 0 0 0 0 -4 0 0 2 0 -2 0 2 -1 2 -1 0 -2 0 0 0 -2 0 0 -1 0 0 0 0 0 -4 1 0 0 0 0 4 -2 33 1 -1 -1 0 -1 1 -2 0 0 0 5 0 0 4 2 -2 0 0 4 0 0 -3 4 2 -2 0 0 0 -2 -4 1 -2 0 4 -2 0 -2 0 -2 0 0 -2 -4 0 0 0 -3 -1 1 0 -6 2 0 0 1 -1 -1
2 1 2 0 0 2 -1 0 -4 4 0 0 0 -2 0 -1 0 0 -2 0 0 4 0 0 0 -2 0 0 -2 2 0 -2 0 0 0 1 0 -3 0 2 0 -2 0 4 -1 0 4 -10 3 0 2 -2 -5 -2 -1 0 1 0 0 -1 0 4 0 0 0 0 -4 0 0 -1 1 0 -5 0 0 2 2 -3 2 -6 1 0 0 0 0 0 0 -8 0 0 -2 0 0 -4 -2 0 0 -1 0 0 0 0 0 -1 0 0 0 -4 0 -3 0 0 0 2 1 0 3 0 0 0 5 0 4 0 0 0 0 1 -2 0 0 0 0 0 0 4 1 0 0 -1 0 8 -4 0 0 -1 0 0 2 2 0 0 -1 0 -2 0 2 0 0 4 2 1 -1 0 0 1 2 0 2 0 -1 -2 3 -2 0 -2 -2 0 0 1 -1 0 0 0 0 0 -4 0 0 -4 -4 0 -4 0 -2 0 2 -2 -2 0 0 4 0 -1 0 0 0 5 0 -2 0 0 1 2 0 2 0 -2 0 0 -1 0 0 0 0 0 -1 0 1 0 2 0 -2 -1 0 0 -1 -2 -2 0 -2 -1 0 0 -2 0 0 0 0 0 1 0 1 1 0 1 0 0 -2 -3 0 0 0 0 -1 0 0 0 -3 1 1 0 -4 -1 3 1 2 0 0 0 0 -6 0 1 -1 0 -3 0 0 2 -1 0 0 0 0 1 0 0 -1 -8 0 -2 -1 2 -2 2 -1 0 -2 0 0 0 0 0 0 1 0 2 0 -3 0 1 0 2 -3 3 -2 0 0 0 0 2 0 0 2 0 0 -3 0 0 -1 0 -1 -4 2 0 0 2 0 0 0 0 0 0 0 -1 -2 0 -2 0 0 1 0 -2 1 3 -2 0 0 0 0 0 0 2 -1 0 0 0 -2 0 1 -4 0 0 0 0 -1 -1 0 -1 -2 0 0 0 0 0 0 0 0 0 0 0 1 31 1 -4 0 -1 0 -2 1 -2 2 0 -1 0 0 0 0 0 0 0 0 0 0 0 -1 1 1 -2 0 0 0 0 0 4 -2 0 0 1 2 0 2 2 -3 -2 0 6 3 -3 0 -4 3 4 0 0 0 0 0 -2
0 0 0 0 0 0 2 0 0 -1 0 0 0 0 0 0 3 -2 -3 0 0 -1 0 0 0 0 0 -1 2 0 0 2 0 0 0 0 0 0 0 4 4 0 -2 0 -2 0 -2 0 1 -2 0 0 1 0 1 5 1 -3 0 0 0 0 0 0 1 0 0 0 5 0 0 0 0 0 1 0 -2 -4 0 -2 0 0 0 0 0 2 0 0 0 0 -11 1 1 0 0 0 0 2 0 1 -2 -2 2 -2 0 0 0 0 0 0 1 0 0 -4 0 0 0 -1 0 0 2 -1 0 0 0 -4 -1 0 -1 0 0 0 -4 0 0 0 0 0 0 0 0 4 -4 1 0 0 1 0 0 0 -4 0 0 0 0 -4 -1 0 0 0 -2 0 1 0 0 0 0 -1 0 -1 0 -4 0 0 -4 0 -4 0 0 1 2 0 0 1 -1 1 0 1 1 0 0 0 0 0 0 0 0 1 -1 0 1 4 -2 0 0 -1 1 0 3 0 0 4 0 0 2 0 0 0 0 2 0 3 0 -2 2 -3 0 0 0 0 2 0 4 0 0 0 0 0 -1 0 1 0 2 -2 4 1 2 0 0 0 2 0 0 0 0 0 0 -2 0 -2 0 0 0 2 -1 0 1 -1 -2 0 0 2 0 2 -1 0 1 0 0 -2 0 0 0 0 0 2 -2 -2 0 2 -4 -2 2 0 2 1 -1 0 1 -2 0 -2 0 0 0 -2 0 0 -2 0 4 0 0 0 0 4 0 2 0 -6 0 -2 0 0 0 4 0 0 0 0 0 0 0 -1 0 0 0 0 -2 1 6 0 -1 2 -1 0 1 2 0 0 0 0 2 0 0 -1 0 0 0 -1 0 1 0 -2 1 0 0 0 0 0 0 0 4 0 0 -1 0 0 2 0 0 2 4 4 0 -1 0 2 0 0 0 0 2 0 0 0 0 0 0 0 0 0 -1 1 29 2 0 0 0 0 -1 1 0 0 0 1 -1 1 0 0 0 0 0 0 -2 5 -1 -1 -1 0 0 -1 0 -4 0 0 0 0 -2 -1 4 -5 0 -1 0 2 1 0 0 0 -1 0 -4 0 0 0 1 -2 0 0
-2 0 -1 0 0 2 0 0 1 -1 0 0 0 2 0 0 -4 0 3 0 0 2 6 0 1 -2 -2 2 0 0 -4 0 0 0 2 2 0 0 0 0 1 0 0 -3 2 1 0 4 1 0 -1 1 0 0 -1 -4 0 0 0 2 -1 2 0 0 0 -1 1 -1 -3 3 0 0 0 0 4 1 0 0 1 -4 -4 0 -2 0 -1 0 -2 4 0 0 1 0 0 -1 0 -1 4 0 0 0 2 0 0 2 -2 2 0 6 0 2 0 2 -2 -2 -4 0 0 0 -1 1 -4 0 -2 0 0 0 0 0 0 4 -2 0 -3 0 -2 0 1 -2 0 -2 -1 -4 2 0 0 1 -1 0 1 -11 0 1 -6 0 -2 2 0 -4 0 -1 -2 2 4 1 1 1 0 -3 2 -4 -1 7 3 1 0 0 -2 0 0 2 0 0 1 -2 -4 -2 0 3 -1 0 -1 -2 2 -2 0 0 0 1 -1 0 2 0 0 0 2 0 4 -4 -2 0 0 0 0 -2 0 -1 2 0 0 3 0 0 0 0 5 2 -3 0 0 -2 0 0 0 7 0 -3 0 0 0 0 2 0 4 0 0 1 0 -2 0 0 0 0 0 -2 0 0 0 2 -4 2 1 0 0 -5 2 0 0 -4 -4 5 0 2 -1 0 -1 0 0 0 0 0 2 -1 -2 -2 2 0 0 1 0 0 1 0 0 0 5 2 1 2 4 4 0 0 0 -4 0 0 0 -1 -3 0 1 -1 0 0 -1 0 0 0 0 -3 2 0 1 -2 0 0 0 1 0 0 0 0 0 0 -4 -3 2 -4 1 -4 0 0 2 2 4 0 2 -2 0 1 1 3 0 0 0 0 -2 -1 0 -1 0 2 0 -2 1 0 4 1 0 5 0 0 4 -2 0 0 0 0 0 0 2 0 0 6 -1 -1 -1 0 0 3 0 0 0 0 0 -1 0 2 0 0 -1 2 -1 -4 2 40 2 0 0 -1 0 0 3 0 0 2 -4 2 1 0 -2 1 -5 2 3 0 2 0 0 -6 0 0 -5 0 2 0 0 -1 0 0 2 2 -3 -1 2 0 3 2 0 -1 1 0 -3 0 0 0 0 -2 -1 0
2 0 0 0 2 -2 0 0 0 0 0 -2 2 0 0 4 -1 6 0 1 0 0 0 2 0 0 2 6 -1 1 0 4 0 0 0 0 0 0 0 0 0 4 1 1 0 0 -1 0 0 1 -3 0 0 1 0 0 -2 2 0 1 0 -1 0 0 0 0 0 0 0 0 -2 -2 -4 -1 0 0 2 -2 0 0 0 0 0 0 -2 -2 0 1 0 0 0 0 0 0 2 0 2 5 -1 0 0 2 0 0 1 0 -2 0 -4 0 -1 -2 0 -4 0 -4 -2 2 0 1 0 0 2 0 2 0 4 1 0 -1 0 -4 -2 0 2 0 0 -2 0 0 1 -1 0 2 2 2 0 0 -3 -2 2 0 -3 0 0 0 -1 0 -4 0 0 -2 0 0 0 0 0 0 0 0 2 -2 0 0 0 5 2 2 1 0 0 0 0 0 -2 -1 4 0 0 -2 0 0 0 0 0 0 0 2 0 1 1 0 2 0 2 0 4 -2 -6 0 -1 0 1 0 1 -3 0 -2 0 2 0 -2 2 0 0 4 0 0 0 0 -2 0 0 0 0 0 4 0 -4 0 0 1 0 0 0 0 0 0 0 0 -1 0 1 -1 0 2 0 -2 0 4 2 0 2 0 -2 0 0 0 0 1 0 0 0 2 -4 -2 0 1 0 0 4 -6 -2 0 0 0 -6 0 3 0 2 -3 -1 0 -6 0 0 0 1 0 -4 0 0 0 0 0 0 2 0 0 2 0 0 -6 -2 0 0 0 -4 0 0 -1 0 0 0 1 0 2 2 0 0 0 2 0 0 0 0 -4 0 2 -2 0 0 0 4 2 -6 1 0 -1 2 2 2 2 0 4 0 -2 0 0 0 0 0 -2 0 -2 4 0 6 0 -4 0 -4 1 -1 2 -2 0 0 0 0 0 -2 0 0 0 0 0 1 2 0 0 0 0 0 -3 -3 0 0 3 4 2 0 0 0 2 39 0 0 1 0 0 0 0 0 0 1 0 -2 0 0 0 -8 0 -2 -2 -1 0 0 0 1 0 2 -2 1 0 1 4 0 0 0 -1 0 -10 0 0 0 0 0 0 0 -2 2 -1 1 0 0 1 1 0
0 2 0 2 0 0 0 -1 0 0 -2 -1 0 0 0 -1 0 0 0 0 -1 0 0 0 0 0 1 4 1 0 2 0 0 -1 0 0 0 0 0 2 0 -2 0 2 1 4 0 0 1 0 2 1 -1 3 0 0 2 0 -1 2 -2 -1 1 2 0 4 0 -2 -2 1 0 0 0 1 0 -1 0 0 0 0 0 0 0 0 0 1 -2 0 0 -4 0 1 0 0 0 3 0 0 4 -1 -1 0 0 0 0 0 0 -1 0 0 -4 1 0 0 -2 0 -2 0 -2 0 0 1 0 1 0 1 -1 0 0 0 0 0 0 4 -1 0 0 0 2 0 0 0 0 -2 0 -1 1 0 0 2 2 0 0 0 0 1 -3 0 0 1 0 0 0 0 0 0 -2 0 1 -2 1 -2 0 0 0 0 -2 0 0 0 0 0 0 -2 0 0 0 1 -2 -1 -2 0 0 0 0 0 0 -1 0 0 0 2 1 0 -1 0 0 0 0 0 0 -2 2 2 0 0 0 0 0 2 2 0 0 0 2 0 5 0 0 0 -2 0 0 0 -1 0 0 0 0 0 -2 0 -1 2 0 -3 1 1 0 0 -1 0 -1 0 -1 1 0 0 1 0 0 0 -2 0 -1 -2 0 3 0 0 -1 0 -1 -1 0 2 0 0 0 0 0 0 -2 2 0 0 -1 -1 0 0 0 0 0 0 2 0 0 0 0 0 0 2 0 0 0 2 0 -2 1 0 0 2 -1 0 0 2 1 -1 1 0 0 0 1 0 0 0 0 2 0 0 1 0 1 4 0 0 0 0 0 0 0 0 -2 0 0 1 0 0 0 -1 1 -1 -2 0 0 4 0 0 0 0 1 0 1 0 0 0 1 2 1 2 -1 0 -2 0 1 1 0 0 -1 0 0 1 0 -2 -1 0 0 0 1 0 0 0 0 0 0 -2 1 0 0 0 0 2 -1 -1 0 0 0 16 -3 0 0 2 0 0 0 -2 0 0 -1 0 0 0 -1 2 -4 0 0 0 0 1 0 2 0 2 0 2 0 3 0 -1 2 0 0 0 -1 0 0 0 -4 0 4 -2 2 0 0 0 -1 -2 0 0
0 0 4 4 0 2 -2 0 0 2 4 2 0 0 1 2 1 0 0 1 0 1 0 2 0 -2 -1 0 2 0 0 0 0 0 0 0 -1 0 1 0 0 -2 0 0 0 -4 0 0 0 1 -6 -2 0 -4 0 6 0 0 0 0 -2 0 0 0 0 0 1 -6 0 2 0 -1 2 -2 4 0 0 0 0 0 1 0 -4 0 0 -2 4 -2 2 3 0 6 2 0 -1 0 0 0 0 3 0 0 -4 0 1 0 2 0 -2 0 0 0 0 -4 1 4 0 -1 1 1 1 4 0 -2 -2 -2 0 2 0 2 4 0 0 0 0 -2 0 0 1 0 0 -2 4 2 0 -2 4 0 0 0 0 2 0 0 0 2 2 -1 2 2 2 0 0 0 0 2 0 0 2 1 -2 4 0 -1 -3 2 4 0 0 1 -2 0 -8 4 2 0 0 0 0 -1 0 -4 0 0 0 0 2 -4 0 0 1 0 -1 1 1 0 4 0 2 -3 -2 2 3 -2 0 0 1 0 0 2 -3 0 0 0 -2 -2 0 0 0 0 -2 1 0 0 1 -2 0 0 2 1 0 2 0 -4 1 4 -2 0 0 -4 2 0 0 0 -1 -1 1 0 0 2 2 -4 0 -1 -2 1 0 0 0 -2 0 2 0 2 0 0 1 -2 0 0 -2 1 0 1 0 0 -4 0 -2 2 -1 -1 0 0 0 2 1 -2 -1 0 -4 0 0 -1 -1 -5 1 8 4 -2 -1 0 0 -2 -2 0 -2 0 0 0 -4 0 2 0 0 0 0 -2 4 0 0 0 0 0 -2 -1 0 -2 0 0 0 6 0 0 -2 -1 1 0 4 2 2 2 -2 -1 0 -3 4 0 0 0 0 0 -2 0 -2 0 2 0 0 0 0 -2 6 0 0 0 -2 0 0 2 -2 0 -5 0 -2 -1 -2 2 -6 0 2 -2 -1 0 0 2 -3 0 0 2 2 0 1 0 0 0 0 -3 47 0 3 1 0 1 0 0 0 0 0 1 -4 0 0 -4 4 0 0 1 2 2 0 -1 -1 0 0 0 3 0 -1 0 0 0 0 0 0 2 0 0 0 0 0 0 -3 0 0 0 2 0 4 2
0 0 -4 0 2 0 0 0 1 0 0 0 2 0 0 0 0 0 0 1 0 -2 0 0 0 0 0 0 3 0 0 0 -1 0 0 -4 -2 0 0 0 0 4 1 1 2 0 0 0 0 0 -1 -4 0 0 0 -1 0 0 0 1 0 1 0 0 -2 0 -2 2 0 -1 0 0 1 0 -4 -2 0 0 0 0 0 0 0 2 0 -2 0 4 0 0 0 0 2 5 4 0 0 -4 1 0 -2 0 0 0 2 0 0 -1 -2 -3 -2 0 0 0 0 0 -4 0 0 0 0 0 0 -4 0 0 -2 0 0 0 0 0 4 0 2 0 0 0 -4 -1 0 0 0 0 -2 0 -2 0 1 2 3 0 -1 0 1 0 0 4 0 0 0 0 0 0 0 0 0 0 4 0 1 0 -2 0 0 1 0 0 0 0 0 0 0 0 0 0 0 0 0 0 1 0 0 0 0 4 0 0 4 0 0 0 0 -2 0 0 0 -2 0 0 0 0 4 0 0 0 -2 0 0 0 0 0 -4 0 0 3 -2 0 0 0 -2 0 0 -4 -4 0 -2 0 0 0 -2 1 0 0 0 0 0 0 -2 -2 0 0 0 0 0 0 0 1 -1 2 2 3 0 0 0 0 0 -2 0 0 0 2 2 0 0 0 -2 -4 0 0 0 0 0 2 0 -4 -1 0 0 2 -1 -2 0 0 0 2 -2 0 0 0 1 0 2 0 0 0 0 0 0 0 0 0 0 0 0 0 0 0 0 0 4 0 0 0 1 2 0 2 2 2 0 0 0 0 0 0 0 0 0 2 -2 0 0 0 1 0 0 1 -2 -2 0 0 0 1 0 0 0 2 1 1 0 0 0 0 0 -1 -2 0 0 -2 0 1 -2 -3 0 0 0 0 0 -4 0 0 1 0 0 1 2 0 3 0 -4 -1 0 0 0 0 -1 6 2 2 0 0 -2 -2 0 -1 1 0 0 25 0 0 0 -1 0 0 0 0 -2 0 0 0 0 0 0 -2 0 1 0 0 -5 4 2 0 0 0 0 4 0 2 0 -2 0 0 0 2 0 0 0 -2 2 -2 0 2 0 0 0 0 0 0
0 -1 3 0 0 -1 2 0 -2 -2 0 0 0 0 0 4 -2 2 1 0 0 0 0 0 0 0 2 0 -6 0 0 2 -2 0 -2 0 1 0 0 0 0 0 0 0 4 0 0 -2 -2 1 0 0 0 0 0 -2 1 0 0 0 0 0 0 1 0 0 0 -1 7 1 2 0 0 0 4 0 0 4 0 -2 0 0 -2 0 0 0 0 0 0 0 0 5 -2 0 0 0 1 -2 -1 -2 -2 0 0 0 0 0 -1 0 0 0 1 -2 -4 0 -1 1 0 1 2 0 3 3 -1 0 1 0 2 0 0 0 -2 0 0 0 0 1 2 1 0 -1 -1 0 -6 0 0 2 0 0 0 0 1 1 0 -2 0 0 -1 -2 2 1 1 0 0 -2 0 1 -4 2 -2 5 0 1 1 0 0 0 -1 -1 0 1 -4 -4 -8 0 2 -2 0 0 0 -1 0 2 0 0 0 0 1 0 0 0 3 2 0 -1 0 0 0 -5 0 -2 0 0 0 0 0 0 0 6 1 -3 -1 0 0 0 0 0 0 -4 1 0 -4 -2 0 -2 0 0 0 0 0 0 -1 0 -6 0 -2 0 4 0 4 0 -2 0 0 -1 0 -2 0 -1 0 2 -1 0 0 1 0 -1 0 -2 4 0 0 0 0 -1 2 -2 -4 -4 0 0 0 2 -2 0 -2 0 -4 -1 1 -2 -3 -2 4 -2 0 6 0 2 -2 -1 0 0 1 0 0 0 -2 1 3 -1 4 4 1 0 0 1 0 -2 0 2 -2 0 0 0 3 1 2 2 -3 0 0 -2 0 3 1 -1 2 0 2 0 0 0 1 -1 4 0 1 -2 0 -1 0 0 0 2 0 0 -2 0 -2 5 0 -2 0 -2 0 0 -6 0 -1 2 -1 1 1 0 0 1 0 0 0 3 0 1 2 0 0 0 -1 0 -2 0 0 0 1 0 -1 -1 2 0 0 0 -2 1 0 1 -1 0 0 0 3 0 39 2 0 0 0 1 0 0 0 0 2 0 -2 -4 -6 0 0 1 1 0 0 1 2 0 -2 0 0 -2 0 0 1 2 -4 0 -1 3 0 0 0 4 -1 0 0 -2 0 1 0 0 -2 0
0 0 -2 0 1 1 3 0 -2 -1 -2 2 -1 2 2 -2 1 0 2 -2 4 -1 0 0 0 2 1 -1 0 -1 0 -2 -2 0 -1 2 2 0 -4 1 0 -2 0 0 0 0 0 4 0 0 1 -1 0 -3 6 0 0 5 4 0 0 0 2 -1 -2 1 0 -1 0 -3 -4 0 -4 -2 0 0 1 0 0 0 0 -1 0 -4 -1 0 0 2 -1 0 4 0 1 0 2 2 -2 0 -3 -1 2 -2 0 0 0 0 0 0 8 1 2 4 -4 0 -4 0 2 -7 0 0 0 1 0 0 0 0 -2 0 -4 -2 2 0 1 1 2 -1 2 -4 0 -4 2 0 2 -2 0 -2 -4 -2 -4 -2 -4 -2 -1 0 0 -6 0 2 1 2 -2 -1 2 -1 1 0 -1 1 0 0 2 0 3 0 -4 0 0 0 0 2 4 0 0 0 0 -1 0 0 4 -2 0 -1 0 -4 -1 1 0 0 0 0 0 0 0 -2 0 0 6 0 0 2 -1 -6 0 0 0 -1 1 4 0 -2 1 0 0 -4 0 5 -1 0 0 0 0 4 1 -4 0 0 -4 0 -3 0 1 0 0 8 0 1 -2 0 -1 0 0 0 0 0 0 0 3 0 0 -2 0 0 -3 0 0 -1 0 0 4 -2 1 0 4 4 0 2 -2 0 6 0 8 1 0 2 -1 2 -3 0 0 -1 -1 0 5 0 -4 0 2 0 -5 -2 0 0 0 4 3 0 0 0 -1 0 0 4 -4 -1 -5 -3 0 -1 0 2 0 0 2 -2 2 0 5 1 -2 -2 0 0 0 -1 0 0 0 0 1 4 0 -4 -4 0 0 0 0 -4 -2 0 2 0 -4 -1 0 0 2 0 2 0 -2 0 0 0 0 4 0 0 0 3 0 -4 1 -2 -4 1 -2 0 0 0 4 1 0 1 0 0 -6 2 -1 0 0 0 4 -1 -2 0 0 0 2 -4 4 0 0 -2 1 0 0 2 1 0 2 50 -2 0 -2 2 -4 -2 2 2 0 0 0 2 -2 0 -4 -1 3 9 -2 -2 0 4 -2 -1 0 -1 0 2 -5 2 3 -2 0 0 0 3 2 0 0 -2 6 2 2 0 0 -3 -1 -2
0 0 1 0 0 4 2 0 2 -2 0 0 0 -2 0 -2 1 2 0 0 0 -1 1 0 0 1 0 0 0 -2 -2 -2 0 0 0 0 0 0 0 0 0 0 0 0 0 2 1 0 0 0 -1 2 -1 2 0 0 0 2 -4 0 0 0 0 4 -1 2 0 1 0 1 0 -1 -2 1 0 0 1 0 0 -2 -5 0 -2 -4 0 0 0 -1 1 0 0 0 0 0 0 1 0 -8 2 0 -2 0 0 0 -1 0 -2 2 0 0 0 -1 0 2 0 0 0 0 0 0 0 0 1 0 0 0 0 0 0 0 0 0 -2 0 1 0 1 0 -2 -4 -1 0 -2 0 1 2 2 0 0 2 0 2 0 0 0 4 0 0 1 0 3 0 0 2 2 0 0 0 -2 0 0 0 0 1 2 1 -8 0 0 4 0 -1 0 0 0 0 -1 4 1 0 0 0 -2 0 0 0 0 1 -2 0 4 0 3 1 0 -1 0 0 0 -1 1 1 0 1 0 0 1 1 4 -2 -1 0 0 0 1 0 0 0 0 4 0 0 0 1 0 0 2 0 -1 0 0 0 6 -2 0 1 0 0 0 0 0 0 0 0 0 0 0 1 -1 0 0 0 0 0 0 0 0 0 1 0 -2 0 0 0 0 0 0 0 0 0 2 -2 -2 -2 0 0 0 0 0 1 0 0 0 3 2 0 -3 5 0 -2 0 -6 0 0 1 0 0 -1 0 0 4 -1 0 -2 0 0 0 0 0 0 0 -2 0 -2 0 0 0 0 0 0 0 -1 0 0 -2 0 3 0 1 -1 0 0 0 0 0 0 0 0 0 0 0 0 -2 2 0 1 -2 2 2 0 0 0 -4 -4 2 0 0 0 0 0 1 0 0 1 -2 4 -1 -1 0 0 -2 -1 0 4 -1 0 0 0 2 2 0 0 0 3 1 -1 0 -4 -1 1 -2 0 0 2 0 3 0 0 0 0 0 -2 23 0 0 0 -2 0 0 -1 0 2 0 0 0 0 2 2 1 0 0 0 0 0 0 1 1 0 0 1 1 0 0 0 0 0 0 0 -5 0 0 -3 0 0 0 2 0 0 3 -2
0 0 -4 0 1 0 0 0 -1 -2 -2 2 -2 -2 0 0 1 0 -1 0 4 -1 0 -2 0 2 0 3 1 0 0 -3 -1 -1 0 -4 -2 2 0 2 -1 -1 -1 1 1 3 0 2 2 0 4 -3 0 0 0 -2 4 0 0 2 2 0 1 0 0 -1 -2 2 -4 0 0 0 0 0 0 -3 0 -1 0 0 0 -2 0 0 -4 -2 0 -4 1 0 -2 0 -3 -8 0 -2 4 0 -2 0 0 0 0 0 -2 0 0 0 -4 4 0 0 0 0 0 4 0 0 0 0 2 0 0 1 -4 0 0 3 0 0 0 -4 0 0 0 -2 -3 0 2 0 1 -2 0 -2 0 1 0 -1 2 0 -1 0 1 0 -2 -1 0 -3 2 0 0 1 0 -1 1 0 -2 -1 3 -1 1 2 0 0 2 0 0 0 0 0 2 0 0 0 2 -1 0 1 0 0 0 0 2 0 4 4 2 0 0 -2 0 2 -4 0 1 3 0 0 -4 -2 1 3 4 -2 0 0 0 2 0 2 0 0 0 0 0 6 0 0 1 -8 -1 1 1 4 3 -2 0 -2 -2 4 0 0 0 2 0 2 -3 0 0 4 -2 -2 0 5 -4 3 4 2 0 -1 4 0 0 2 0 0 -4 4 -1 0 -2 0 2 2 0 2 4 0 0 0 -2 0 0 -5 -2 1 1 -1 0 1 0 0 -1 0 0 0 4 -2 0 8 -1 4 0 0 -5 0 -2 0 1 -2 0 1 0 0 -4 0 0 2 0 0 1 0 4 0 -1 0 0 1 0 -2 0 -10 0 -2 -2 0 -3 0 0 0 0 0 0 -3 0 2 0 -2 -2 1 0 1 0 -2 0 4 -2 2 0 0 -2 0 2 1 0 -1 0 3 1 0 0 -1 4 1 0 0 4 -2 0 0 -1 -1 0 -5 1 0 5 1 0 4 5 -1 1 1 0 3 1 4 0 -2 0 0 5 0 0 0 0 0 1 -1 0 0 0 42 0 1 -2 0 1 0 0 0 0 -2 0 0 0 3 0 0 2 -2 0 0 0 0 0 -1 0 3 0 1 0 -1 0 0 2 -2 0 5 0 -3 1 0 1 0 -2 0 4 -2
0 0 -1 0 -2 0 0 0 0 2 0 0 -2 1 0 0 3 0 -2 0 -1 0 -2 0 0 0 0 0 0 0 0 0 0 0 0 2 0 0 0 0 4 0 0 0 0 0 1 0 0 0 0 0 0 2 0 0 -1 1 -2 0 0 -2 0 -2 0 0 0 0 0 0 2 0 0 0 0 0 -1 2 0 0 1 0 0 0 0 -2 0 -1 -2 0 -1 0 0 0 -1 0 0 1 0 0 0 0 0 0 0 4 -2 0 -5 -1 -1 -2 0 0 0 0 5 1 0 0 -1 0 0 0 0 0 0 2 0 0 0 0 0 0 0 0 0 0 0 0 0 0 -2 -1 0 0 0 -1 0 1 -1 -1 0 0 0 0 0 -2 1 0 0 0 2 0 0 -2 0 -1 -1 0 0 -1 -2 0 -4 0 -1 -1 0 0 0 0 -1 0 0 0 3 1 0 0 0 2 0 0 0 0 0 0 -2 0 -1 0 -2 0 -2 0 -3 -1 0 0 0 0 0 0 1 0 -1 -2 0 0 0 2 0 2 -2 -2 0 0 0 -2 4 0 0 -1 0 0 0 0 0 0 -3 1 2 0 0 0 2 0 2 0 1 0 0 6 -1 0 0 0 0 -2 2 4 0 0 2 0 -4 0 -1 0 0 0 0 -2 -1 0 0 -2 -4 0 0 -1 0 2 -2 0 0 0 4 -4 2 0 -2 -8 0 0 0 0 -1 -3 0 0 -2 -1 0 0 1 0 0 0 0 0 0 1 0 0 -2 0 0 0 2 0 -2 0 0 0 1 0 0 0 0 0 4 2 0 2 0 0 0 2 0 0 -1 0 0 0 0 4 0 0 0 0 2 1 2 0 0 4 0 0 2 0 0 2 0 0 0 0 0 2 -4 0 0 0 -2 0 0 0 -4 -2 0 2 0 0 0 -2 0 2 0 0 -1 2 -1 0 0 -2 0 0 0 0 0 -1 0 -1 0 0 0 0 0 0 0 -2 0 0 19 0 0 -1 1 0 0 0 0 -2 0 1 0 0 -1 0 0 0 0 0 0 -2 0 0 0 0 2 0 -3 0 0 0 0 0 0 0 0 0 0 0 0 3 0 -2 -1 1
0 -1 0 0 0 0 1 0 4 0 0 0 0 0 -1 0 -1 0 4 0 0 2 0 0 0 0 0 0 0 0 -4 0 -3 0 0 0 4 0 1 0 0 0 0 0 0 0 0 -1 0 0 0 0 0 0 0 0 1 0 0 -4 0 -2 0 0 -5 2 1 0 -1 0 0 0 0 0 0 0 -2 0 0 0 -2 0 0 0 -1 0 0 0 0 -2 0 0 0 4 0 0 -2 0 0 0 -2 0 1 0 -3 1 0 -2 0 0 0 0 0 0 0 0 0 -3 0 0 0 0 0 0 2 0 4 0 -1 0 0 0 2 0 2 1 0 0 0 0 0 2 0 0 0 0 -6 0 2 -4 -1 0 0 0 2 0 -1 -2 2 -1 2 1 -2 0 0 0 0 0 -1 -2 0 1 0 0 0 0 0 0 -2 0 0 -2 0 0 0 0 0 0 0 0 -2 -2 0 0 0 0 0 0 -5 0 0 1 0 0 2 0 2 -1 0 0 -2 -2 0 0 0 1 0 0 0 1 0 0 0 -4 2 0 -1 0 0 0 0 -3 0 -2 0 0 0 0 -3 0 0 0 0 0 0 4 1 0 0 0 0 1 1 0 0 0 0 0 1 0 0 0 0 -2 0 0 0 -2 0 0 0 -1 0 0 0 0 0 0 0 -2 -2 0 4 0 1 4 0 0 0 0 0 0 -3 0 5 -1 0 0 0 0 -1 0 0 0 0 2 0 0 0 0 -1 0 -2 0 1 -2 0 -2 0 0 0 0 -2 0 0 0 0 -5 0 0 0 -2 -2 4 -2 0 0 0 0 0 0 0 0 -3 2 2 1 0 0 4 0 4 0 0 0 4 0 0 0 0 0 0 0 -2 1 -1 0 2 0 -2 -2 -4 2 0 0 0 4 0 0 0 0 1 0 0 0 0 -1 0 0 0 0 1 0 0 0 1 1 0 0 0 0 0 0 0 1 2 0 -2 0 0 1 2 0 1 0 26 0 -4 -2 0 0 0 0 4 0 0 -1 0 0 0 0 0 -2 0 0 -2 -4 0 0 -1 -1 0 0 0 -2 0 0 1 -4 1 -1 0 0 0 0 1 0 0 -2 0
0 0 0 0 -1 -2 0 0 2 0 0 -2 0 4 0 0 -1 1 0 2 0 -2 0 3 0 0 2 -4 0 0 4 2 0 0 0 -2 0 0 0 0 0 1 0 -2 0 0 0 0 -2 0 -2 0 2 0 5 1 0 0 0 0 1 2 2 8 0 0 0 -5 0 2 0 0 4 0 0 0 0 -2 -1 0 -2 0 0 0 0 -3 0 0 0 -2 -3 0 -2 -2 0 0 0 0 1 0 0 1 2 0 0 0 4 0 0 0 0 0 0 0 -5 -2 0 2 0 1 0 0 0 2 1 0 -2 5 2 0 0 2 -1 0 0 0 4 -2 -1 0 0 -1 0 0 2 0 0 -2 0 2 0 0 -1 0 0 -1 1 0 0 0 0 -2 0 4 0 0 0 0 0 0 0 0 0 0 0 -2 0 0 2 0 1 -4 -4 2 -1 -3 0 -2 0 0 0 -1 0 0 0 0 0 7 -1 0 0 0 2 0 -1 2 0 0 0 2 0 0 -2 0 0 0 2 0 2 0 0 2 0 0 0 -1 2 0 0 0 0 0 1 0 0 0 -2 0 0 0 1 0 -2 0 2 0 -2 0 0 4 -3 0 0 2 0 0 0 -2 2 0 -2 0 0 -4 0 0 2 -1 -4 2 0 0 4 0 0 0 0 0 4 1 0 -1 -2 2 -6 0 4 0 0 0 0 0 0 0 2 0 0 0 2 -4 0 0 0 0 -2 -1 0 -2 0 0 -2 -4 0 -2 2 4 0 1 0 0 0 -1 0 0 -1 -3 0 2 1 0 -1 1 0 4 2 -2 0 -4 0 0 -4 4 -2 0 2 2 -1 2 0 0 2 -2 0 0 0 7 0 -6 4 5 0 4 0 -2 0 2 0 -2 0 -4 0 0 -4 0 -1 0 0 0 0 -4 0 4 2 0 -2 -3 4 0 1 0 0 4 0 0 0 -2 -3 -2 -2 1 0 0 4 0 -1 -4 1 0 0 0 0 -4 -2 -2 0 0 46 2 -1 0 0 -4 0 -1 2 4 0 0 0 4 0 0 0 0 1 0 1 0 0 -2 -2 -1 0 0 0 0 0 -2 0 0 0 -2 1 0 0 -2 2 0 -2 0
0 0 0 0 0 0 0 0 0 0 1 0 0 0 0 0 2 0 0 0 -1 -1 0 0 0 -2 0 0 0 0 1 0 0 0 0 0 0 0 0 0 0 1 0 1 -2 0 -5 0 0 1 0 0 0 0 2 1 0 0 0 1 0 0 -1 0 0 0 0 -2 0 1 0 0 0 -2 -1 -1 0 0 0 1 0 0 0 0 2 -1 0 -1 0 0 -1 0 0 0 0 0 0 0 0 0 0 0 2 0 0 0 0 1 0 0 4 0 0 1 0 -1 -1 6 0 0 1 0 0 0 -1 0 1 -2 0 3 0 1 -1 -2 0 0 1 0 0 -4 -2 0 0 0 0 0 -2 1 -1 1 0 0 0 0 -1 0 0 1 0 0 0 0 4 0 0 4 4 0 0 0 3 0 -1 0 0 0 0 0 0 2 0 0 3 0 -1 0 0 0 -2 0 0 0 0 2 0 0 0 0 4 -2 0 1 0 0 -2 0 0 0 0 -1 1 0 2 -4 0 0 0 0 0 2 -5 1 0 -3 2 -2 0 0 0 0 0 -5 1 0 -2 0 -1 0 0 1 0 -4 0 0 0 0 0 -4 0 0 0 0 0 0 -1 0 0 -1 -1 1 -1 -2 -2 0 0 0 0 -1 0 4 -2 1 1 0 -1 0 0 0 0 0 -2 2 0 2 -4 0 2 0 0 0 0 1 2 0 0 -1 2 0 3 0 2 0 0 0 -1 0 1 0 0 0 0 -1 0 -1 4 2 0 2 0 0 -2 0 -1 1 0 0 -1 -4 0 0 0 0 0 0 1 1 4 0 3 1 -4 0 0 1 0 0 0 3 0 -4 3 0 0 0 0 0 0 -3 0 0 2 0 0 0 -2 -2 0 2 0 0 0 1 0 0 2 0 -4 2 0 0 -2 1 -1 0 0 0 2 0 0 0 0 0 -2 0 0 0 -2 0 0 0 0 3 2 0 1 2 0 0 0 0 0 -2 0 0 -1 -4 2 21 -1 0 2 0 2 3 0 0 0 0 -2 -2 0 0 -2 0 1 0 4 0 0 1 1 2 -2 0 0 0 1 0 2 -6 0 0 0 -1 0 2 1 0 -2 0
0 2 0 3 -4 0 0 0 0 0 -1 -6 -5 0 0 1 0 -1 -2 0 0 0 0 0 0 4 0 -2 2 -2 0 0 -4 0 0 2 -6 -1 5 0 0 -2 -2 0 2 0 -2 2 0 4 4 0 -2 0 0 0 1 0 1 -4 1 -4 0 -1 1 -2 2 0 5 0 -3 1 2 1 2 0 -2 1 1 0 1 1 2 -1 0 -2 0 1 -2 0 1 -1 -4 -6 4 0 0 -1 1 -2 -2 4 1 1 -4 -2 0 1 0 0 0 -4 0 0 -3 2 -1 -4 0 0 0 0 -2 1 0 0 -1 1 0 0 0 0 -1 -1 2 0 1 0 0 -2 0 0 -1 0 -2 0 4 0 -2 0 -6 2 0 -2 -2 -6 0 0 -4 0 0 1 0 -5 6 0 2 0 -1 0 0 2 1 1 0 -4 1 -2 0 2 -2 2 1 2 0 -3 0 0 0 0 0 0 2 -3 3 0 -1 -1 -2 2 0 -1 0 1 1 0 1 4 0 0 0 2 0 0 -2 1 0 0 0 0 0 0 0 0 0 -3 0 -2 -2 0 4 0 -1 -3 2 0 1 0 -2 -1 2 0 1 0 1 0 -1 0 2 0 0 1 2 0 0 0 1 1 -2 0 -2 0 0 1 2 0 -1 0 0 0 -1 4 2 1 0 0 0 0 -2 0 2 -5 0 -3 -1 0 1 0 -2 0 0 2 -2 0 1 2 -2 0 0 1 -2 1 0 0 2 -2 0 0 6 0 1 1 4 0 -2 1 1 -2 -4 0 -1 0 -5 0 1 0 0 0 -4 0 0 -5 0 -5 0 0 0 0 -1 -4 4 -2 1 2 -3 0 0 -6 -1 0 -1 1 0 -5 2 -2 2 0 1 3 -1 0 0 0 0 1 1 1 0 0 -2 0 0 -2 -4 0 1 -1 -6 5 0 -1 -4 0 2 1 -5 -2 -2 0 -2 0 2 -1 0 1 0 0 0 -2 -2 0 -2 0 0 1 -2 -1 0 -2 0 2 0 1 1 -2 -1 -1 39 -5 1 1 0 -4 0 2 -2 -2 -2 0 2 0 -4 0 0 2 0 -4 -2 -1 -1 0 0 0 3 0 1 0 4 1 0 0 0 0 4 0 2 0 0 0
2 0 0 2 0 -4 0 -4 0 2 0 0 0 4 0 -4 0 0 -4 4 0 0 0 0 0 0 0 0 0 -2 1 -6 5 0 0 0 6 0 2 2 3 0 0 2 0 0 0 0 0 -2 -6 0 0 0 0 1 0 0 0 1 2 1 0 -2 6 0 0 0 0 4 1 0 0 4 0 0 2 0 -4 3 0 0 0 0 0 -3 0 1 2 -1 0 0 5 -1 0 -2 4 -1 -2 1 1 0 -4 0 4 2 2 -2 0 0 0 0 0 0 0 0 0 -1 0 0 0 0 -2 -1 0 0 0 0 -4 0 0 0 0 0 -1 0 -2 2 1 1 -1 0 0 2 2 1 -1 0 0 2 0 -1 2 0 -1 2 -3 4 0 0 1 -6 0 -2 0 0 0 2 -3 4 0 0 -2 0 -4 -1 0 0 2 -3 -8 0 0 1 4 -3 0 2 0 3 1 4 2 -1 0 2 0 -4 1 -4 0 0 3 1 0 1 -1 2 0 1 0 1 0 -2 -1 0 -1 2 0 0 0 1 0 -3 0 0 0 0 -4 0 1 0 0 0 0 0 0 0 -2 1 2 0 -3 0 2 0 0 0 0 -2 -1 0 -1 -1 0 -1 -3 0 -2 -1 0 1 -1 -1 -2 0 0 0 -2 2 -3 4 0 0 -2 1 -4 -2 3 -1 -4 0 3 0 0 -1 -4 0 1 0 3 0 0 2 -1 -7 0 0 0 2 0 -2 -4 -2 -3 1 0 -4 -4 2 0 2 -2 0 0 0 0 -1 0 1 0 0 0 1 0 -2 0 0 0 4 -2 2 3 -1 0 0 0 0 2 2 2 0 0 -1 0 -2 2 0 0 1 0 0 0 2 0 -5 0 -4 0 0 0 0 0 0 0 0 0 5 0 0 2 0 0 4 4 0 0 4 0 -4 0 0 2 0 1 0 2 2 3 0 2 0 2 0 -2 2 -1 0 4 -2 0 2 0 0 0 0 0 0 1 0 0 2 -1 0 0 0 0 0 -5 39 -2 -2 0 -2 0 0 0 0 1 -2 -4 0 0 0 0 -6 -2 0 -1 0 1 0 -2 0 2 -2 0 1 0 4 -3 0 4 -2 0 0 -2 0 -2 -2
-3 0 2 -4 0 0 0 2 0 0 0 -2 0 -3 0 -2 0 0 -2 2 2 0 -2 -8 4 -1 2 0 -2 2 0 0 -2 2 -1 2 -2 -2 0 0 1 0 0 0 -4 -2 0 4 0 0 0 0 0 0 0 0 0 0 0 2 2 -4 -2 0 2 2 0 0 -2 0 0 0 4 0 -2 0 0 -4 4 0 0 -2 0 -4 -2 0 0 0 0 -8 -2 -4 4 0 0 0 4 -2 3 0 0 0 0 -2 -2 0 0 0 0 -4 4 -2 0 -2 0 0 0 -1 0 0 0 -6 2 0 0 -2 0 0 -2 -2 6 0 0 -4 2 0 0 0 2 0 0 0 -5 0 4 2 -4 0 0 0 4 2 2 0 0 -2 0 0 -4 0 0 0 0 0 1 0 0 0 0 2 2 0 0 2 -1 2 -4 0 4 2 4 -2 -3 0 0 0 2 -2 0 0 0 -2 2 0 0 0 -2 2 -2 -2 0 0 -2 2 4 0 0 0 0 0 0 0 0 -1 0 -2 2 5 -4 -2 2 0 0 0 0 0 4 -2 0 0 0 -1 -4 -1 0 -5 0 0 0 2 4 -6 0 0 1 -2 0 0 -2 0 6 0 1 0 -2 0 1 0 4 0 0 4 0 0 -4 2 0 1 0 0 0 0 2 0 6 2 0 0 4 0 0 1 0 2 4 0 2 0 0 0 -4 2 0 -3 0 6 0 0 2 2 8 0 0 0 1 0 2 0 6 2 2 -2 0 -2 0 3 0 0 0 0 2 0 -2 0 0 -2 8 -2 0 0 0 0 0 2 2 0 -2 1 0 6 2 0 -2 0 0 0 0 2 0 0 2 0 2 2 -2 0 0 2 0 0 0 0 -2 0 0 0 4 1 0 0 2 0 -2 8 -2 4 -2 2 -1 2 4 0 -2 3 -2 -2 0 -2 -4 0 0 0 1 0 0 2 -2 -4 2 -2 0 -2 0 0 0 -2 0 0 -4 0 2 0 0 0 0 0 0 2 1 -2 49 0 0 2 2 2 -8 0 2 0 0 1 1 2 4 3 4 -1 0 0 2 4 -4 -2 -6 2 4 2 0 0 0 -2 0 0 0 0 4 4 0 4
0 -6 2 0 0 0 0 0 0 0 0 0 0 -3 0 -1 4 0 2 0 1 -2 4 2 0 -4 -1 0 0 0 0 2 0 -2 0 0 0 3 0 0 0 0 2 0 1 1 -2 0 -1 2 -2 2 0 0 4 0 4 0 -2 1 1 4 1 4 0 0 0 2 5 1 -2 0 -3 0 1 2 0 -2 1 -2 1 1 0 0 0 0 -4 2 0 2 0 2 -4 0 0 0 -1 -2 2 2 -3 0 -1 2 -1 0 -4 1 0 -2 0 -3 0 0 -5 0 -1 2 0 0 -3 3 0 0 1 0 0 1 0 0 1 4 0 0 -4 -1 0 -4 2 0 0 4 0 0 0 0 0 -2 -2 -2 0 0 2 0 0 0 7 -2 2 0 -2 -1 2 0 3 0 2 4 -2 2 2 0 0 0 -2 2 1 -2 0 0 -1 0 3 -6 -1 0 1 5 -1 2 0 1 0 0 -2 -2 1 3 -2 -4 0 0 6 0 1 -2 0 -4 4 -9 -2 1 0 0 0 0 -1 0 2 0 -2 -2 0 -1 -3 0 0 1 -2 -2 0 0 2 -1 1 -4 0 0 4 0 0 0 0 1 -1 -1 0 0 -1 -3 2 -2 0 0 0 0 0 0 6 -2 0 0 0 -1 -8 0 0 2 5 0 1 0 -1 0 -2 0 0 -1 0 0 0 0 4 0 0 2 0 0 -1 0 2 4 0 0 0 0 2 0 -1 1 0 -2 0 -4 0 -2 2 0 2 -2 2 -2 -2 2 1 0 0 0 -2 0 0 2 0 0 0 0 2 -1 1 0 0 0 0 -3 2 0 5 0 0 0 1 0 0 -1 0 -2 4 -2 0 0 0 -2 1 0 0 0 0 0 -1 -4 0 0 -2 0 0 4 4 -2 0 0 0 0 0 -2 0 0 2 0 2 0 -2 -2 3 -1 0 1 0 0 3 -1 0 -1 -2 -3 4 0 1 2 -2 4 0 0 4 0 0 1 0 0 0 0 0 0 2 0 0 0 -4 0 1 -2 0 44 0 2 7 0 -2 0 0 -4 -4 -4 0 0 0 0 0 0 0 -2 2 -2 0 1 -4 0 1 2 0 0 1 -6 0 1 2 2 6 0 4 0
0 -2 0 0 0 0 0 0 0 0 0 -3 -1 -1 1 -4 0 1 -1 0 0 0 2 -2 -6 0 0 -3 -2 0 2 0 -4 1 2 -1 0 0 0 1 0 0 0 -4 1 0 1 0 1 2 0 -1 0 0 0 4 0 0 0 0 2 0 0 0 0 2 0 0 1 -2 0 4 0 0 0 0 0 -2 0 1 0 0 0 0 2 0 0 0 0 0 0 -2 1 0 -2 0 0 0 0 1 -1 -2 0 -1 0 0 0 0 2 0 -3 0 0 0 5 4 0 0 0 0 3 0 0 0 0 0 -4 2 -4 0 0 0 5 0 0 0 0 0 0 0 1 2 -1 -4 1 1 0 0 0 8 0 0 0 0 1 0 -1 -3 0 0 -2 0 1 0 0 1 0 0 2 0 -2 -4 -3 0 -2 0 2 -2 0 0 -2 2 2 0 0 2 0 1 0 -4 0 -1 0 0 0 0 -1 -2 0 0 0 0 2 0 2 1 -2 4 0 -2 0 0 0 0 0 1 0 1 0 -4 0 -4 0 0 4 0 0 0 0 0 0 0 0 0 0 4 0 2 0 0 0 0 0 -2 0 -1 2 -1 -2 0 0 0 0 -2 1 -1 0 0 0 -2 0 0 0 2 -7 2 2 4 -2 0 2 0 0 0 0 -1 0 0 -2 0 -2 -4 1 -2 -1 0 1 -2 2 0 0 3 0 0 0 4 4 0 0 0 2 0 -2 4 2 -1 4 -1 0 2 0 0 4 0 2 0 0 1 2 0 0 0 0 0 -4 0 4 0 -4 0 0 0 0 0 0 -2 0 2 0 0 0 0 0 2 -4 0 0 -2 0 2 -1 -2 0 0 0 0 1 1 0 -2 -1 5 5 -4 -2 2 -2 0 0 0 2 2 1 0 0 2 0 4 5 -4 0 0 0 2 4 0 0 0 0 -2 0 0 3 -4 1 0 0 -2 0 0 -2 -3 0 0 0 -5 -8 -1 0 0 -2 0 0 0 0 0 0 2 0 0 0 0 37 -2 -2 0 1 0 0 0 0 0 0 1 1 0 0 -5 0 4 -2 0 0 -1 0 0 -2 0 -4 0 -2 0 2 1 0 0 2 0 0 0
2 -1 0 0 1 0 0 -2 -1 -3 0 1 0 1 -2 -2 0 0 0 1 1 0 0 1 2 2 -2 4 -1 2 0 0 0 2 0 1 1 0 -3 -2 -4 0 0 0 1 0 0 2 1 -1 4 3 0 0 0 1 4 4 2 1 -2 0 0 2 -4 -2 0 -1 0 -2 2 -2 0 0 -4 0 0 -1 0 0 0 0 0 0 0 2 -1 4 2 0 1 -4 6 6 -2 0 1 0 0 0 -2 1 -1 0 1 2 0 0 4 0 2 3 4 4 0 -1 0 0 -2 -1 -2 0 1 -2 1 0 2 -4 0 0 3 4 -1 -2 -2 2 6 -6 0 -2 0 2 2 0 -1 -2 -3 2 -1 2 0 0 -1 0 2 0 1 4 1 0 -4 -2 1 1 -1 0 0 2 2 -4 1 2 0 0 -2 0 0 1 0 2 0 -1 4 0 -4 -1 0 -2 2 0 2 -4 1 0 0 0 -1 0 -1 -1 0 5 0 -1 0 0 0 0 4 0 1 -4 4 -1 -2 1 1 -2 0 4 -1 0 -4 0 0 3 -1 -1 -1 0 0 0 0 0 1 -2 0 0 2 0 0 0 0 0 0 2 0 0 0 2 0 0 0 1 -1 -2 0 0 0 0 -8 0 -1 0 1 -1 2 0 0 0 4 1 0 0 2 2 0 0 -1 1 0 0 1 2 0 0 2 -2 8 -1 -4 1 0 2 -2 0 1 0 -1 -2 3 4 -3 2 0 0 1 0 2 0 0 0 0 -1 2 0 0 2 0 0 -2 0 -1 -2 0 6 0 2 0 0 0 0 0 5 0 2 -4 -1 0 0 2 -2 1 -2 0 6 0 2 0 -1 0 2 0 0 4 5 0 -7 -1 -1 0 1 0 1 0 0 0 7 -2 0 -1 0 3 -2 4 1 0 0 0 3 -2 0 2 4 3 0 0 0 2 -1 0 0 0 0 0 1 -2 -2 -1 3 0 -4 0 0 0 2 0 2 -4 0 -4 2 0 -2 -2 4 -1 3 -4 -2 2 2 -2 45 -2 0 0 1 -2 0 4 0 0 0 -2 0 0 -2 1 0 -2 2 -2 0 -2 -1 0 0 -4 -1 0 -2 0 -3 0 1 4 0 -2 0
3 -2 0 0 4 2 -2 0 1 0 0 -2 0 4 2 3 0 0 2 0 1 2 -2 0 0 -8 -2 -2 0 0 0 -3 2 -1 0 2 2 0 0 -2 0 -2 0 0 -2 -5 0 0 -2 0 -4 0 0 2 -2 5 0 0 -1 2 -4 -1 -2 0 0 -1 1 0 0 0 0 1 2 0 2 0 0 0 3 5 0 0 0 0 0 0 0 -3 2 4 -1 1 0 0 3 0 0 2 2 2 -1 0 -2 0 -3 0 1 2 2 0 4 2 0 2 0 4 1 2 -1 1 -1 2 0 -4 -1 0 -2 0 0 1 4 -4 0 0 0 -1 2 -2 -5 3 0 0 2 0 0 -2 -1 3 0 -8 0 0 2 2 0 6 6 0 -2 -1 -1 -3 -1 0 0 0 6 -1 -2 1 2 0 -1 0 6 0 0 -6 0 -2 -1 -2 0 -2 -2 2 0 3 -1 -4 0 -2 -4 0 2 0 -1 4 0 0 0 -2 4 1 1 2 4 -1 1 0 0 2 0 0 -3 0 2 -3 0 1 -3 -1 0 -2 0 0 -3 1 0 -4 0 0 0 0 4 0 1 -6 0 0 4 1 0 0 3 0 -4 0 1 -2 -4 -1 1 0 -1 0 2 0 0 -3 2 0 4 -2 1 1 -4 2 1 0 2 0 -1 2 -3 0 0 0 5 0 2 2 2 0 -2 1 5 6 -4 -1 1 9 -4 0 -4 1 2 -1 1 1 0 -2 0 -1 2 -2 2 0 0 2 2 1 2 0 0 0 0 2 0 0 -6 2 -1 -3 0 -4 -1 0 4 3 0 0 -1 -3 -1 0 3 3 -2 0 2 0 0 0 0 -6 -2 0 0 0 0 0 0 2 -4 -4 0 0 -1 -2 0 0 0 0 0 0 2 -3 0 -2 0 -4 0 -3 0 1 4 0 0 0 4 0 -4 0 0 -1 1 0 -1 0 4 0 -2 -2 0 1 0 0 1 0 -4 0 -3 0 -2 3 -2 -4 4 0 -6 -2 0 0 0 0 2 0 0 0 2 7 -2 -2 59 0 1 0 0 -1 -2 0 0 2 2 -2 -2 -3 0 1 0 0 0 2 1 0 0 2 2 -1 -2 -4 0 0 0 -1 -4 2 6 0
2 -1 0 2 -8 -8 -1 0 0 0 -2 -4 -4 0 0 -2 2 -2 -1 -5 0 1 0 2 -2 2 2 -4 0 -1 0 3 0 0 -2 -1 -1 0 -2 4 0 0 -2 0 1 0 0 0 -2 -2 0 2 0 -2 2 0 0 -3 4 2 0 1 0 -2 1 1 1 0 1 0 0 -1 0 0 0 0 5 0 0 2 -2 -2 0 0 -1 1 0 -1 0 0 -4 0 1 0 0 -3 1 2 2 0 0 2 0 1 1 4 0 0 -2 -1 4 0 0 0 -5 1 0 0 0 6 -3 1 2 -1 0 0 0 0 0 1 8 0 -4 -2 0 0 -2 0 -1 3 0 6 0 -2 0 1 0 0 -2 2 -9 -3 1 0 0 -6 0 2 0 2 5 0 0 0 0 0 4 -1 0 -1 1 -2 0 1 2 -1 0 -4 1 0 0 -5 -5 1 0 1 -2 1 0 -2 0 -4 2 0 1 0 -2 0 -1 0 1 0 -4 2 0 -2 1 4 3 1 0 0 0 -3 6 -1 6 -1 -4 2 -1 7 1 0 0 3 2 0 1 -1 6 0 4 0 0 0 1 0 0 1 2 -2 0 0 4 2 0 0 -1 2 0 0 0 -4 2 0 -2 0 0 0 -4 0 0 0 2 1 0 0 0 2 0 -2 8 3 2 0 -1 0 4 4 0 3 -2 -1 0 2 -2 0 0 0 1 0 6 0 0 0 2 0 0 0 0 -3 0 2 0 0 -1 2 -2 0 1 4 1 0 3 1 -3 0 0 0 -2 0 0 0 0 -1 2 1 2 0 4 -3 1 0 0 1 2 0 -2 -4 2 0 -1 1 3 1 -1 0 0 0 -2 0 0 -5 0 -2 0 -4 1 0 0 4 0 0 -3 -2 0 0 0 0 -1 0 0 -1 3 3 -6 0 2 2 4 -3 0 0 -6 0 0 0 2 0 2 2 1 -2 0 2 -1 -2 4 -2 -2 2 4 0 5 0 -2 0 0 -2 0 0 0 0 1 0 4 0 2 0 2 0 0 0 0 47 0 -2 4 2 4 1 -3 -1 0 0 0 -8 1 0 6 0 0 0 -2 2 -1 0 3 0 0 1 -4 0 0 0 2 4 0 -1
1 0 2 0 2 1 0 0 2 0 0 4 -1 1 1 4 0 0 3 -2 -3 2 0 0 0 2 0 0 0 -1 0 0 0 0 0 0 0 2 -2 0 0 0 0 0 1 -1 0 0 0 0 -1 0 0 0 -2 0 1 0 1 0 -2 5 0 0 1 0 0 0 0 -2 -1 0 2 -1 0 0 2 -2 0 0 -2 0 0 0 -2 0 2 0 2 3 0 0 2 0 3 0 0 -1 4 0 1 0 0 4 0 -4 0 2 0 2 0 0 -2 0 0 0 0 1 0 0 -2 -2 -1 0 -5 0 -4 0 1 0 -6 0 0 2 -2 0 0 0 0 0 1 -2 4 0 1 4 0 0 -1 0 2 6 0 2 2 2 0 -1 -2 0 2 1 1 1 0 1 1 -2 0 0 -2 0 0 1 4 0 0 -2 2 0 -1 4 0 -2 0 0 0 2 0 2 0 2 1 0 0 0 0 1 1 2 -2 0 0 2 0 1 0 1 0 0 -1 0 0 0 0 0 0 0 0 0 0 0 0 -2 0 2 -2 0 0 0 -1 0 0 2 -1 -4 0 0 3 0 0 4 0 0 0 0 4 0 0 2 -2 0 0 -4 0 1 0 0 1 0 0 0 0 0 4 1 -1 0 0 1 2 0 0 0 -2 0 -1 1 0 2 1 2 0 -4 -4 0 0 -2 0 0 4 0 0 0 0 -2 0 -2 1 0 -4 0 1 0 0 -2 0 0 0 0 0 0 0 2 -1 -1 0 1 2 0 -1 0 4 2 -2 -1 0 2 0 2 2 0 0 2 2 -4 1 2 -3 -9 0 0 -1 0 2 0 2 -2 0 -2 0 0 2 0 -4 0 0 0 0 0 0 0 0 0 0 0 2 0 0 0 -2 0 0 -4 0 0 2 0 1 0 -5 0 1 0 0 0 3 2 0 1 0 1 0 -2 0 0 0 0 -2 1 4 0 2 -1 -1 2 -1 0 0 0 0 -4 2 0 0 -1 0 0 -2 0 -8 -2 1 0 1 0 31 0 0 0 0 0 0 -2 0 -3 6 -2 -2 0 0 0 -2 0 4 -2 -2 0 0 1 1 0 -2 -2 -2 0 0 -1 -4 -4
-4 -4 0 -4 2 -3 0 0 0 0 0 0 2 0 2 -1 5 2 4 3 -1 0 0 1 0 0 0 3 -3 -2 0 -1 -6 0 0 0 2 0 0 4 0 0 5 0 6 -2 0 -2 4 0 0 0 1 3 1 -2 -1 1 -1 1 -2 0 4 1 2 0 -2 2 4 0 0 0 0 0 3 0 0 -1 0 0 2 -5 0 -2 1 -1 0 1 4 -3 -1 0 -1 0 4 -1 0 -2 -2 2 0 -2 4 0 0 -2 0 0 4 0 0 0 -3 0 6 0 1 -2 0 0 0 0 0 0 0 0 0 2 0 -2 0 0 0 -1 -8 0 -2 0 -3 -2 -2 -6 1 4 -1 -2 2 0 1 0 2 1 0 2 0 -3 0 2 0 0 -1 0 0 4 0 0 0 0 1 1 0 0 -1 0 0 0 -4 0 0 -1 6 4 0 0 0 0 0 0 0 -2 0 0 0 2 1 0 0 0 0 0 -1 0 0 0 0 3 0 -2 0 0 0 0 0 0 -1 0 0 2 -3 0 0 -4 0 0 0 -1 0 0 0 2 -2 0 0 0 0 0 0 0 2 0 0 -1 0 0 0 6 0 1 1 0 3 -2 -2 6 -2 6 0 6 0 2 2 0 0 -1 1 1 0 0 1 0 -1 -3 -2 6 0 0 0 -4 0 0 2 -4 0 0 0 0 -3 0 1 0 2 1 1 0 0 0 0 -1 0 -2 0 2 2 0 2 0 0 0 0 0 0 0 0 -1 0 0 0 -1 0 -1 0 -1 0 0 0 -2 0 0 -2 0 0 0 0 -2 0 0 0 0 -2 2 -2 2 6 0 -4 3 2 3 -4 1 -2 0 -2 3 0 2 4 4 5 -1 4 -1 -1 0 2 2 -2 0 -2 2 -2 0 2 1 0 0 7 0 -2 -2 0 0 0 -1 4 0 3 0 0 0 -1 -4 0 6 0 4 -2 -2 0 1 0 2 -2 1 -1 0 0 0 1 1 1 -1 2 3 0 0 0 0 -2 0 0 0 0 1 0 -2 0 37 0 0 -1 6 2 0 -5 0 -2 3 1 1 2 0 0 0 -2 0 0 -2 0 0 -4 -2 0 2 0 0 0 0 0 2
3 -2 -4 -2 -3 -2 -3 0 -2 -3 3 -1 0 1 1 0 0 0 1 0 3 -3 1 0 0 -2 2 3 -1 -6 -1 2 2 0 0 0 -1 2 2 -1 2 -1 0 1 6 -2 0 -1 0 2 0 1 -2 0 -4 -1 0 -1 0 -1 0 0 0 0 0 0 0 -2 -2 0 -2 0 0 1 -2 -2 4 0 0 1 0 0 -6 0 -3 2 -4 -2 0 1 3 0 1 0 2 -4 1 0 0 -1 1 -6 -3 0 0 4 0 0 1 -1 1 -2 0 0 -8 2 0 0 1 1 4 3 -3 -2 0 -1 -2 1 -2 0 0 -1 0 -2 1 7 -3 0 -1 3 0 -1 1 2 1 1 -2 0 0 1 1 -4 -3 1 0 1 2 0 0 0 -1 -3 0 3 1 2 0 1 1 -2 -2 0 -1 0 0 0 -1 -6 5 1 -3 -4 -4 3 0 0 1 -2 1 -5 2 0 0 2 -4 0 4 4 0 -6 0 2 2 -2 2 0 4 3 0 0 -2 0 0 0 -1 1 0 1 0 -6 0 -2 -1 -2 4 -1 0 0 -1 0 -2 -3 0 0 0 0 0 -1 0 1 0 -4 0 0 4 0 -5 0 0 -1 0 -4 -1 -4 0 -1 -1 1 0 -1 -1 -2 0 0 -1 -1 0 0 0 3 1 -2 0 6 0 1 4 -2 4 -1 0 4 0 -3 0 0 -1 0 -1 -5 0 -2 5 0 0 1 2 0 0 1 -1 -1 3 -3 -1 -2 0 -2 0 -1 0 0 -3 -2 -1 -4 1 1 0 2 -2 0 4 0 2 0 0 -3 -1 0 0 -2 0 0 1 -1 3 2 0 -2 4 2 0 0 -2 0 1 -6 0 -2 -4 0 1 0 0 1 0 0 0 -1 -1 1 0 0 0 3 6 -2 0 -2 0 1 -3 0 0 0 -4 2 2 0 3 -1 -2 1 3 1 -1 1 -2 0 0 -1 0 1 -1 -1 4 -4 -2 -2 4 0 0 1 -1 0 0 0 2 0 1 3 1 0 -1 0 0 -2 -2 1 2 0 0 -2 0 4 0 0 48 0 -2 0 1 0 4 0 1 -4 0 4 6 -1 4 0 2 7 0 -2 3 0 1 -3 3 5 0 0 4 0 1 2
0 0 -2 0 -2 -2 0 1 2 0 -3 0 0 0 0 0 0 0 0 0 -3 0 0 0 0 0 0 2 0 0 4 0 0 -2 0 -2 0 0 0 2 0 -2 0 0 -4 0 0 4 -1 -2 4 1 -1 1 0 0 0 4 0 0 0 0 1 2 0 4 0 0 2 -4 0 0 0 0 -4 0 -4 0 0 0 0 -2 0 0 0 0 0 2 0 0 0 0 0 0 0 0 0 2 5 0 0 0 2 0 0 0 0 0 0 0 0 5 0 0 2 0 2 -8 -2 0 0 0 0 0 0 0 0 0 0 0 2 0 0 0 0 -1 -2 0 2 0 0 0 0 0 0 0 0 0 -2 0 0 0 -2 2 0 0 -1 0 0 0 0 0 0 0 -2 0 0 0 4 0 2 0 2 1 0 0 0 0 0 0 0 4 0 0 0 0 -1 0 0 -4 0 -1 -4 -4 1 0 0 4 2 0 0 0 0 0 0 0 0 0 0 2 0 0 0 0 0 0 -4 0 0 0 2 0 0 0 0 4 2 0 0 0 0 4 1 0 2 2 0 0 0 0 0 0 1 0 0 0 1 0 0 0 2 0 0 2 0 2 0 -2 8 0 -2 0 0 0 -4 0 -2 -1 0 0 0 2 -1 0 0 0 0 0 0 2 4 2 0 0 0 0 0 0 0 0 -2 -3 0 0 0 0 0 0 0 -4 0 0 2 0 1 0 0 0 0 0 0 -1 4 0 -1 0 -1 0 2 1 0 0 2 1 0 0 0 0 4 0 1 -2 0 -1 4 0 0 0 -2 1 -1 0 -2 0 0 0 0 0 0 0 0 -5 2 1 0 2 0 0 0 0 0 0 -1 0 0 1 -2 1 1 0 -4 -2 -4 0 0 1 0 0 -2 0 0 1 0 -4 1 2 4 4 -2 0 -2 -1 0 0 0 -4 2 -2 0 -2 0 2 0 -2 0 -6 0 1 2 0 0 9 0 0 0 0 4 -2 0 -2 0 -4 0 0 -1 2 0 0 0 37 0 1 4 2 0 0 3 0 0 0 0 2 0 2 -1 0 -2 -1 2 0 0 2 4 0 0 0 0 0 0 0
0 4 -1 -2 0 0 4 0 -1 -1 0 0 -3 2 0 6 -5 0 0 1 0 4 5 0 0 5 0 1 -1 5 0 4 0 2 0 8 6 0 -2 -3 -2 0 -5 4 -2 2 0 -2 1 -4 1 3 0 0 0 0 1 3 0 -2 0 0 0 -1 -1 0 -3 1 -1 -2 -1 0 0 2 0 0 0 0 0 0 -2 1 0 -2 2 -1 0 -1 4 0 2 -2 9 0 0 1 1 0 1 0 -2 0 5 0 1 0 -1 0 2 0 4 -1 0 0 -2 0 -4 -4 0 0 -10 -1 -4 5 -1 0 0 0 0 0 -4 -2 0 0 2 1 8 -4 3 7 0 0 2 -2 0 -2 0 -4 -1 -2 -1 0 0 0 0 -1 -3 0 -2 0 0 2 0 -3 -2 1 1 -2 0 0 0 0 0 0 4 -1 0 0 0 0 0 0 0 -1 -2 0 4 -4 0 0 0 0 0 -2 -1 -2 -2 2 -1 4 -2 0 -2 1 -2 0 0 -4 4 0 -1 0 0 0 1 0 2 -2 -1 0 1 2 -1 0 0 3 2 -3 5 0 2 0 0 0 2 0 4 0 6 0 -2 -1 0 2 0 0 0 0 -1 4 0 2 0 0 -2 -1 0 0 0 2 -2 2 0 1 2 2 0 0 0 0 4 -2 2 2 0 0 3 0 0 0 0 -1 -2 -2 0 0 0 0 2 0 0 -4 0 0 0 1 0 -1 0 4 0 -2 0 4 6 0 -2 1 2 0 0 -2 4 0 -2 0 0 0 0 -2 -4 0 0 0 0 0 2 0 0 2 2 -3 -1 2 0 1 -4 0 0 -2 2 0 0 0 6 2 -1 -1 1 0 -2 1 0 0 0 1 -4 -6 0 6 0 -4 0 0 0 0 2 0 0 0 0 1 -3 -4 0 -2 0 0 4 0 0 0 0 0 -2 0 2 0 -2 0 0 4 -4 0 0 3 -4 -6 2 -1 0 0 0 0 0 0 1 0 0 -5 0 -2 0 2 0 0 0 0 2 -4 0 -4 0 4 -2 4 0 -1 -2 0 47 0 -2 -1 4 0 -3 -1 1 2 0 0 2 0 2 2 1 0 -1 0 4 3 -2 1 0 0 0 1 8 -4
2 4 1 0 -1 -1 -3 2 -2 0 0 -2 0 0 -1 0 0 0 0 -1 -2 0 0 0 0 -1 0 1 0 2 0 0 0 0 -1 0 0 0 0 0 0 0 0 2 0 0 0 0 0 0 0 2 0 0 0 -3 0 -2 0 2 2 -4 3 2 3 0 1 0 -4 0 0 0 0 0 3 0 1 -1 0 0 0 -2 0 2 0 -1 0 0 6 0 0 0 2 4 3 0 0 0 1 0 3 1 0 0 0 0 0 -3 7 2 1 0 0 0 2 0 0 2 4 0 -1 0 -1 2 -2 4 -1 0 -1 0 0 -4 4 -1 4 -2 -3 0 -4 0 -2 0 0 0 0 0 0 0 0 0 2 1 0 3 0 3 -1 2 0 -2 0 0 0 6 -1 0 0 0 5 0 -1 2 0 1 2 -2 0 0 1 -1 -2 0 -2 0 0 1 0 0 0 0 0 0 0 8 1 4 1 2 0 0 1 0 -1 0 -2 1 0 0 1 4 0 0 -1 4 0 0 0 1 -2 1 0 -5 0 0 0 2 0 5 0 0 -1 -4 4 1 -4 0 0 0 0 0 -2 -2 -2 -2 -2 0 2 0 -2 0 -1 -3 0 1 -2 2 0 0 0 0 0 0 0 2 4 0 -2 0 0 -1 0 2 0 0 0 0 -6 0 -1 1 4 -6 1 0 0 3 -2 -2 0 0 0 3 -1 -1 0 0 -3 0 0 0 0 3 3 -4 -2 -2 1 0 0 2 0 0 -2 0 -2 0 -1 0 -2 0 0 0 0 1 0 1 0 0 1 0 0 0 0 0 0 0 0 0 -2 1 0 0 -1 1 -1 2 0 2 0 0 -1 0 0 1 0 0 -2 0 0 -1 0 1 0 0 2 0 -1 0 0 -2 -2 1 -8 0 2 0 0 0 -1 4 0 -1 -3 4 7 0 0 0 0 1 -2 -1 -1 -1 -1 -4 2 3 0 0 0 0 -2 0 -1 0 0 2 -1 4 1 -2 0 -2 0 0 0 0 0 0 1 -4 0 0 0 1 0 6 0 1 0 36 -1 4 0 0 4 -2 2 0 -1 0 1 -1 2 2 0 -4 0 0 -1 3 -1 0 -2 0 1 0 0 0
0 0 -1 0 5 0 -1 0 -2 0 1 2 4 0 0 -2 2 1 0 1 2 0 0 0 1 0 0 0 -2 -1 0 0 0 -2 -1 0 0 0 0 0 1 0 2 -1 0 0 0 0 -2 0 -2 0 0 0 -2 0 2 0 0 0 0 0 0 1 2 -2 -1 -1 4 -4 0 -4 0 0 -2 2 0 0 0 0 4 0 0 2 0 0 4 2 0 0 1 0 0 0 2 1 -4 -2 -3 0 -4 0 -1 0 1 -2 0 0 -1 0 0 0 4 2 -4 3 0 -1 0 0 1 1 2 0 0 0 0 0 0 0 0 -2 2 0 0 0 2 0 0 0 0 0 -1 -4 0 -1 -2 0 2 0 4 -2 -1 0 1 4 0 6 0 0 0 -2 -4 0 0 1 1 2 -1 6 1 1 -2 0 0 4 0 2 0 0 -4 0 -1 0 0 0 0 0 -1 0 0 -4 0 -2 0 0 1 0 -1 -1 -1 -1 0 0 0 0 -3 -4 0 0 1 2 -5 1 0 1 -4 2 0 -4 3 0 0 0 -6 0 0 0 4 0 -4 0 4 0 0 0 1 0 4 0 1 2 -2 0 0 -2 0 1 5 0 0 0 0 0 1 0 -6 0 2 0 4 2 -3 5 0 0 0 3 0 -2 -3 0 -8 2 0 0 0 0 0 -1 1 -3 0 0 0 0 -2 0 0 0 -1 0 0 0 -6 0 2 0 2 0 1 0 1 4 0 0 0 2 0 0 0 4 0 0 2 0 -1 -3 0 -1 -2 0 0 -2 2 0 0 0 5 -2 0 0 0 0 0 -1 0 -2 0 4 -2 5 0 -4 0 0 -1 2 0 0 -2 0 3 5 0 0 -2 0 0 0 -2 1 -1 0 2 -2 0 0 0 -2 0 3 2 2 0 0 0 0 0 0 0 -3 0 0 -1 0 0 0 2 0 0 1 2 -1 0 1 2 -1 2 0 2 0 -4 0 0 -5 2 0 -1 2 2 0 0 0 0 -2 0 -2 -4 0 1 0 0 0 0 -3 0 2 1 4 -2 -1 37 1 0 0 -2 6 0 1 0 0 -4 2 0 0 0 -2 2 4 0 0 0 1 0 0 -1 0 -2 0
0 0 0 0 0 0 0 4 1 -1 0 1 0 0 0 0 -2 -1 -2 0 0 -2 0 2 0 0 -4 -2 0 -1 0 -1 0 0 0 4 0 0 0 -1 0 2 0 0 -3 0 0 0 0 -4 0 -1 0 0 0 0 -1 0 0 0 0 -8 0 0 0 0 0 0 -5 0 1 -2 2 0 0 1 0 0 0 1 2 0 0 0 1 -4 0 0 0 0 -2 0 -1 0 0 2 -4 0 0 1 2 0 0 -2 -1 0 0 -2 0 0 0 0 0 -1 0 0 1 0 4 0 -2 -2 0 -2 2 5 2 0 -4 2 2 -2 0 0 0 0 0 0 1 -4 1 0 -4 0 0 0 0 2 2 0 0 -1 0 0 0 4 -2 0 0 0 -2 0 0 1 0 0 -1 0 -2 0 0 6 -4 2 5 -2 2 0 2 -3 0 -1 0 0 0 1 0 -6 -2 0 0 -1 0 0 2 0 1 -1 0 0 0 0 1 -1 2 -1 2 0 0 0 2 2 -1 3 2 0 1 0 1 0 -1 0 0 0 0 -2 3 0 -1 0 -2 0 2 1 0 4 3 0 0 0 0 -1 0 4 -4 1 0 1 4 -2 2 0 0 0 0 0 -2 0 0 -2 4 0 -4 0 -4 0 -4 0 -2 0 0 0 1 0 0 0 -1 0 2 0 0 1 0 0 0 0 1 3 -2 0 0 0 0 -1 -2 -2 -1 0 0 0 4 -4 0 0 0 0 0 -2 -1 3 0 4 0 0 -6 0 -3 0 0 0 1 0 -1 4 -1 0 0 -3 0 -2 -2 0 2 0 -4 0 0 0 1 6 0 0 -4 0 0 1 0 0 0 1 2 -4 -5 2 0 3 -2 -4 -1 -2 4 0 -4 0 0 1 -1 -4 -2 0 2 0 -4 0 0 -1 2 0 0 0 0 -3 -4 0 -2 0 -2 0 -2 0 -4 3 1 0 2 0 4 0 -2 0 1 0 1 0 -4 0 -2 2 0 0 0 4 0 0 0 0 0 0 0 0 2 0 1 0 2 -1 -2 0 0 2 -1 4 1 36 0 0 -1 0 -1 1 2 2 -1 0 1 6 0 0 0 -1 0 4 -1 1 -2 -1 0 0 -1 0
0 0 2 4 0 0 0 0 0 2 0 0 0 -2 0 0 0 0 0 0 -2 0 6 -2 2 0 2 0 2 2 -2 -1 2 0 2 0 -1 0 2 4 0 0 -6 0 0 2 -4 0 -2 -4 -1 2 0 0 -4 0 0 -1 0 4 0 -2 0 -2 0 1 2 0 -4 -1 0 -1 2 0 0 0 0 -2 4 0 0 0 0 -4 2 0 0 0 0 0 0 1 5 0 1 -2 1 0 2 -2 1 1 2 0 -2 2 0 2 1 -2 2 4 5 -2 -4 0 -5 0 -2 3 0 -1 -4 1 2 0 0 1 0 -1 0 0 0 0 0 0 0 1 2 0 0 -1 -1 -4 0 0 -2 0 -1 0 0 2 -1 0 0 2 0 -1 -2 -2 0 -2 -1 2 0 2 0 0 2 -1 4 0 -3 2 4 3 0 -1 -4 0 0 2 0 -4 4 1 0 0 -4 4 0 0 -1 0 -2 0 4 0 0 -2 0 0 -1 2 0 1 0 0 0 -2 1 0 0 4 2 -2 0 0 0 0 3 0 4 -1 0 4 0 0 0 0 1 0 1 -1 0 -4 1 -1 0 1 4 0 0 0 0 0 -2 0 -2 2 -2 0 -3 0 0 0 0 0 0 0 0 0 0 0 0 0 0 4 -4 0 0 0 0 0 4 -1 4 0 2 -2 -2 0 1 0 0 0 0 -2 2 0 -2 0 0 0 -6 -1 -1 0 3 0 0 0 0 0 -3 0 2 0 6 2 0 -2 0 -2 -2 0 -2 0 0 1 0 -1 4 -1 0 -1 2 0 0 1 0 0 0 -4 0 0 0 -4 2 0 0 0 -2 0 4 0 0 1 2 0 0 0 0 1 1 0 1 0 -4 -3 0 1 0 -2 0 -2 4 2 0 -4 0 0 -2 0 -1 0 -2 0 0 4 -2 -4 -3 0 0 0 2 0 1 2 0 1 -4 0 2 1 -1 -4 0 0 4 -2 -2 0 0 2 1 0 0 0 -2 -2 0 0 0 0 1 1 0 0 4 0 1 -2 2 0 0 -5 4 0 4 0 0 0 36 0 3 0 -1 0 4 -1 0 -2 4 4 0 1 0 -2 2 0 0 2 0 2 0 4 0 -8
-2 0 0 1 1 -1 0 0 0 0 0 2 2 0 0 0 -2 -1 10 2 0 0 0 0 0 0 -4 0 0 -2 0 0 0 0 2 0 -2 -1 0 0 -2 1 -2 2 -2 2 1 0 0 0 2 0 0 -1 -1 0 -1 -1 0 0 0 0 3 0 -2 1 0 0 0 0 2 0 -2 0 4 0 1 0 4 -2 0 -2 -6 0 0 1 -4 -1 0 -7 1 -4 0 -4 1 3 0 2 1 0 0 0 0 0 -2 0 0 1 2 -4 -2 -2 0 -2 -2 0 -3 0 -2 0 4 -2 1 1 1 0 2 0 4 2 0 0 -1 -2 0 -1 0 -1 0 0 0 0 -2 -2 4 0 0 -1 4 0 0 0 0 0 0 0 2 -6 0 4 1 -2 0 2 -2 0 0 0 -1 1 0 4 0 -5 0 0 -4 0 0 0 0 4 0 0 -4 0 -1 0 2 0 0 -3 0 0 1 0 0 4 -6 2 -4 -1 0 0 -4 0 0 2 0 0 0 -5 2 0 4 0 0 -2 0 -2 0 -5 0 -2 -2 2 2 -4 1 1 0 2 0 0 -1 2 2 4 -3 0 0 0 2 0 1 0 0 0 0 0 0 0 1 0 0 0 1 0 -1 0 -1 -3 4 0 0 4 0 0 -2 -2 0 0 -1 0 2 0 4 0 0 0 -1 -1 6 -1 -1 0 2 0 -2 1 -6 0 0 0 1 -2 0 -2 4 1 0 2 0 4 1 0 -1 4 2 0 -2 4 4 -2 0 -3 0 0 -2 0 -1 -4 4 0 1 2 0 0 0 -8 0 0 -2 2 0 -1 0 -6 0 0 -1 0 4 0 0 -4 -2 2 -4 0 -1 -2 2 0 4 4 -4 3 0 0 0 0 -4 -1 0 0 0 -2 0 0 0 2 -1 0 -2 2 0 -1 0 3 0 -2 -1 0 0 -2 2 -1 0 -2 1 0 0 0 -1 6 0 0 0 1 1 4 0 4 0 0 0 2 0 0 0 -1 1 0 -2 -2 0 0 2 -6 3 0 0 0 -2 0 -3 0 0 0 0 0 0 0 0 42 -8 2 2 0 0 0 0 2 -2 1 2 -3 -1 0 2 -2 1 0 -2 -1 0 0 0 0
8 0 -1 6 5 -4 5 0 -4 2 -2 0 -3 2 0 1 2 0 6 -4 2 -1 -3 -4 0 0 4 -2 0 1 0 0 1 0 0 0 0 6 -4 1 0 0 0 -8 0 -5 0 1 -4 4 -4 -3 -1 0 0 0 0 0 2 0 2 0 4 0 2 0 0 2 2 1 -4 -1 0 0 4 -2 2 -3 2 0 0 -8 0 -1 0 0 0 0 -7 -4 0 0 -4 0 0 1 6 0 0 -1 0 0 -2 2 2 -1 2 2 -4 8 0 0 0 -1 3 0 0 4 -1 1 -8 -6 2 4 -4 0 2 0 0 -2 0 0 0 2 -2 -3 3 0 1 0 -1 0 0 4 0 2 0 0 -10 0 3 0 0 0 1 4 2 2 -9 2 4 4 0 0 0 0 0 0 2 0 0 0 0 0 -4 -2 0 0 6 0 1 0 -4 0 -2 -1 -4 2 0 -3 0 2 0 0 0 0 3 0 8 0 4 2 -1 0 -2 0 -2 -4 4 -2 0 1 -4 0 0 0 1 -1 -3 0 2 0 0 2 2 0 0 2 -2 0 -4 2 -7 0 2 2 0 -2 0 0 0 0 1 2 2 1 0 0 -2 0 -1 0 -4 0 0 5 0 2 0 4 0 -2 -6 0 -9 2 0 2 1 0 0 1 2 -1 0 0 -2 2 4 0 -2 3 3 0 2 0 -2 0 0 0 0 -2 0 3 0 -6 0 1 0 0 0 0 5 -16 -1 -4 2 2 0 1 -2 0 0 -2 2 0 0 0 -1 1 4 -1 2 2 1 -5 6 -2 2 0 0 -1 2 -2 -2 0 1 8 2 -2 -4 0 -4 -6 0 1 0 0 5 -4 1 0 1 0 0 -4 4 0 -2 0 -2 0 1 -2 1 0 0 0 -2 0 -4 0 2 5 -1 0 -8 0 0 4 0 1 -2 2 0 0 0 5 3 4 0 0 0 0 -7 0 -3 -2 -4 0 0 0 4 -2 0 0 1 0 3 0 0 0 1 0 0 -4 1 4 0 -2 4 0 0 0 -2 0 6 -2 1 3 -3 4 -2 -1 3 -8 76 0 1 -1 0 -1 4 0 0 -6 0 2 -4 0 2 -2 -2 -6 -4 0 0 0 0 0
-2 0 -4 0 4 2 0 0 0 -1 0 -1 4 -1 -2 0 0 0 1 4 0 0 -2 0 -4 0 -2 0 -2 0 0 0 0 4 2 0 0 0 0 -2 0 0 2 0 -3 6 -2 0 0 0 1 -1 -2 4 -2 0 -2 0 0 -2 -2 0 2 -1 0 4 -1 0 -4 -1 0 -2 0 0 -2 0 -5 -1 0 2 2 1 0 0 3 -2 0 0 0 -8 0 0 -1 0 0 6 0 -2 -1 0 0 0 0 0 0 -4 1 -4 -2 0 -8 0 0 0 0 0 -2 -1 0 0 0 4 2 1 0 0 0 0 2 0 -2 0 -1 -1 -2 -1 5 0 0 0 -4 0 0 -5 -2 1 0 0 8 -2 6 2 -2 0 -1 1 0 2 0 0 -1 0 -2 0 0 -2 0 0 -2 2 0 0 -2 0 1 3 0 2 0 0 0 4 0 0 -1 0 -1 -3 -1 -5 0 0 0 0 0 0 0 -3 0 -1 0 -2 2 0 0 0 0 -4 0 0 0 1 -6 1 1 -1 0 4 -2 -2 2 0 0 4 0 -3 4 -2 2 0 -2 5 0 -2 0 0 0 0 2 0 0 2 4 4 -2 -2 0 0 1 -4 0 1 0 6 -2 2 0 0 0 2 4 0 0 0 2 0 -1 -2 0 0 -4 0 0 0 0 0 0 0 0 0 0 -4 -2 0 -1 0 -2 3 0 0 0 0 -2 -2 2 -1 -6 0 0 2 0 -2 4 2 -2 0 0 0 -1 0 0 0 0 0 0 0 0 -1 -1 0 -3 0 0 0 3 -2 0 0 0 4 0 0 -1 4 0 6 0 -2 0 6 -4 2 0 0 0 0 0 2 2 0 0 3 0 4 0 4 0 -1 0 2 0 0 0 0 0 -2 0 -2 0 -2 0 -2 0 3 0 0 4 -2 -2 -4 -1 0 0 0 4 1 0 0 0 0 2 2 0 -2 0 1 1 0 -2 2 0 0 -2 0 0 -1 4 3 0 4 -2 -1 0 -1 0 0 0 0 -4 0 -1 0 -5 -2 -3 -8 -2 3 -4 0 -1 -2 6 0 0 2 0 41 0 0 0 -4 0 -1 -2 0 0 0 -4 -6 6 2 0 4 0 0 0 1 1 2
2 0 1 0 -2 0 0 2 0 -1 0 0 0 1 -4 0 0 0 7 2 -4 0 0 0 0 2 1 0 -2 0 2 0 -3 2 -4 0 0 2 -2 0 0 0 4 -1 0 0 0 0 2 -2 -2 0 0 0 1 0 -1 3 0 1 2 0 0 0 2 -1 -4 0 2 0 -1 0 0 4 2 0 0 0 6 1 0 0 2 1 4 0 0 0 0 -4 5 0 4 0 1 2 3 0 0 1 -1 1 0 0 0 0 0 2 -1 0 0 0 1 3 1 0 1 4 4 -1 0 -2 0 0 0 -2 0 0 4 -6 1 -2 0 -4 -4 0 0 0 -4 0 0 2 2 5 0 0 0 0 0 1 2 -1 0 0 -5 2 -2 -2 -1 -2 -2 1 0 2 0 0 0 2 -2 -1 3 3 1 0 0 -2 2 0 -1 -2 0 -2 0 0 1 -1 2 -2 -1 0 1 -4 3 -1 0 0 -4 8 2 -3 0 0 1 0 -2 0 -4 -2 -2 1 2 1 -8 -2 -2 -4 0 -2 0 0 0 1 1 -2 0 2 0 1 -1 -2 2 -4 0 0 0 0 4 -3 0 1 0 0 0 1 -2 0 0 0 0 2 -1 0 0 -4 -1 0 0 4 0 4 0 0 0 0 0 -1 0 0 0 -2 1 -1 0 0 -2 0 2 0 -3 0 -2 0 4 0 0 2 3 0 4 0 -2 2 0 2 0 0 -5 -2 -2 0 -4 2 -2 -4 0 1 1 -4 1 3 3 0 -1 2 0 0 2 -4 0 1 0 1 0 0 2 0 0 0 0 -2 5 2 0 0 0 -1 0 0 0 0 -2 0 2 0 0 2 -2 1 0 0 0 0 -2 4 0 2 0 6 0 -4 0 0 0 0 -4 4 0 2 -2 -2 -1 0 -2 0 0 -1 1 -4 0 -2 2 -1 -2 0 0 0 -4 -1 1 0 4 -4 0 1 -4 0 0 0 0 0 -2 0 0 0 -2 0 0 0 -1 0 0 0 0 0 0 0 0 0 -2 -1 0 0 0 1 0 1 -2 1 0 0 1 2 0 -1 -1 2 1 0 40 -2 0 2 0 -3 -2 0 -2 0 0 1 -2 0 0 -2 0 0 2 0 0 2
0 1 0 0 0 -1 2 0 -1 0 1 0 0 0 0 -1 1 -1 -2 0 0 0 0 1 2 0 0 2 0 -2 0 -1 0 0 0 -4 2 0 0 0 0 -2 -1 5 0 0 0 0 0 4 -1 0 1 0 -2 0 2 0 0 0 0 0 1 -2 0 2 -1 -2 -3 -1 0 0 -2 0 0 -7 0 0 0 0 0 0 0 0 1 -1 0 -4 0 0 3 0 0 0 0 0 0 0 -1 1 -2 -2 -2 0 0 0 0 1 0 0 0 0 0 2 0 0 1 1 0 0 -2 -3 1 0 0 1 -1 0 -1 0 0 0 0 0 0 0 2 -4 0 1 -1 -2 1 1 -1 0 2 0 0 0 0 0 0 -1 -1 0 3 -1 -2 0 0 0 0 0 0 1 0 2 1 0 -1 0 0 0 0 0 -1 0 0 0 0 1 2 0 0 1 1 0 0 1 0 0 0 0 0 2 0 -2 0 -4 0 0 -1 0 0 1 4 0 -2 -2 3 0 0 0 2 -1 1 -1 0 -1 0 -1 -2 2 4 -2 -1 -2 4 2 2 -1 -1 -2 0 0 1 0 0 0 0 -2 1 -2 0 0 -3 1 0 0 1 0 -1 0 0 0 0 0 -1 -4 0 1 0 0 0 0 2 0 1 4 0 -1 1 1 4 0 -2 0 0 0 2 0 0 -2 2 -2 1 0 0 0 -2 0 0 -1 -1 0 0 0 0 1 2 2 0 -1 -2 -1 0 0 -2 -1 0 0 1 0 0 -4 0 2 0 0 0 1 0 -2 -1 1 0 -2 0 -1 -2 -3 2 0 0 0 2 1 0 -1 4 -2 0 2 0 -1 0 -2 0 1 0 -1 -1 2 0 0 -2 0 0 0 0 1 0 0 0 -1 -1 3 0 -2 4 1 -4 0 -1 0 -2 3 0 -2 0 1 0 0 1 0 -2 0 1 0 0 -1 1 -1 2 -1 -1 0 2 -1 0 0 -2 1 -1 0 0 -1 0 2 0 2 1 3 0 -1 -2 1 -1 0 0 -2 4 0 1 0 0 1 4 0 2 0 1 1 0 0 -1 0 -2 23 0 0 0 -1 1 0 3 0 2 0 1 0 0 0 1 0 -3 0 -2 -1
-2 0 2 0 -2 0 0 0 0 1 0 0 -1 -4 2 1 -8 2 2 2 1 0 0 0 -4 2 2 0 -2 -7 0 2 -3 0 -2 0 -2 -3 4 6 1 1 0 4 0 -2 2 0 0 0 0 4 -4 0 0 0 -1 -2 0 1 0 0 0 0 0 2 2 1 6 0 0 0 0 3 -3 0 0 2 0 0 4 -2 -2 0 -4 -2 -2 2 1 -1 -4 1 0 0 0 -2 4 2 0 0 -3 -2 -1 0 0 0 -2 0 -3 0 2 -2 4 0 0 -2 2 -1 0 0 0 -2 0 0 2 0 2 -1 0 4 0 -2 -4 1 0 0 0 0 6 -3 -1 2 -2 -4 1 0 -4 0 1 0 -4 1 1 0 0 4 -2 0 2 2 -2 -4 1 1 0 0 -1 -2 0 0 2 0 0 0 -2 1 -2 1 2 2 2 0 1 -1 2 1 -1 -2 -6 6 1 1 1 -1 0 0 2 -2 5 0 0 -1 1 -2 0 -2 0 0 3 -1 -2 0 0 6 0 -2 0 -6 0 0 -7 3 3 0 2 0 6 0 0 0 0 0 -1 0 -1 0 6 0 1 0 -2 -2 0 0 0 -4 0 0 1 0 0 0 -1 2 -1 -4 4 0 0 0 0 -2 0 0 1 -4 0 0 -6 1 0 1 0 -4 2 2 0 -2 -4 -2 -4 0 0 -3 -2 0 2 2 0 -2 0 0 3 -8 -2 2 -2 0 4 0 2 -3 -1 4 -1 2 -1 0 -1 0 1 0 -2 2 0 0 0 0 2 0 0 0 0 2 0 -1 0 0 -1 2 0 2 0 0 1 0 0 0 4 2 0 0 1 2 4 -2 2 1 -1 0 0 -3 2 1 -8 0 -4 1 0 0 2 -2 -2 2 1 2 0 0 -1 0 -7 0 1 0 0 -3 0 0 0 2 0 1 0 0 -3 1 1 -2 0 0 2 0 0 0 0 -2 -2 0 0 0 0 0 0 2 4 2 0 2 0 0 1 -5 1 0 2 -1 -2 1 -1 1 2 2 -2 -2 0 6 0 2 6 0 0 -1 0 2 4 0 0 0 0 0 45 2 -2 0 0 -2 4 4 0 0 -2 0 -5 6 1 1 0 0 2 -2
0 2 0 0 0 -2 2 0 -2 0 2 0 0 1 0 0 -2 0 0 0 0 -1 0 1 0 2 -4 -2 -4 0 0 0 0 0 0 1 0 0 0 0 -1 0 0 -2 -1 0 0 2 0 -1 1 0 -1 0 2 -4 -2 2 0 2 0 0 -1 0 1 0 0 0 0 -2 0 2 0 1 -1 0 -2 6 0 0 0 0 0 0 0 -2 0 0 0 0 -1 -2 -2 0 0 0 0 0 0 0 0 -2 0 0 0 0 0 0 4 0 5 2 -2 0 0 -1 0 -2 0 -1 0 0 0 0 0 0 0 -3 0 0 0 0 0 -4 0 0 0 -1 -2 0 0 -1 -1 3 0 0 -4 2 0 0 -2 0 3 0 0 0 0 -1 1 -2 0 2 0 0 0 0 0 -1 0 4 4 0 0 0 0 0 0 -1 0 4 0 0 2 -2 -1 0 2 1 0 0 0 0 2 0 -2 0 0 2 0 -2 -2 0 0 0 2 1 0 0 0 1 0 -3 4 -1 -2 -2 0 2 0 0 0 0 0 0 2 -1 0 2 0 -4 0 3 0 0 0 2 0 0 0 0 -2 0 2 0 0 1 2 0 0 4 1 0 1 -1 -2 0 0 0 2 0 2 0 0 -2 0 0 0 0 0 0 0 3 0 0 0 0 -1 0 1 0 0 0 0 0 0 -1 10 0 0 -4 4 2 -1 0 0 -6 -1 2 0 0 4 0 -2 0 0 0 2 2 0 0 0 0 2 2 -1 0 0 0 0 4 -2 -1 0 3 -2 -1 2 1 0 -4 0 0 0 0 1 0 0 0 0 0 -4 2 0 -1 -2 0 0 -2 0 2 0 2 0 0 0 -2 0 2 0 1 2 0 0 2 0 2 0 0 2 0 1 -2 0 -4 1 2 0 0 0 0 0 1 0 0 0 -1 1 0 -1 -2 0 4 0 0 0 0 3 0 0 2 0 0 -2 0 -5 2 -1 0 0 -2 2 2 0 1 0 0 -1 2 0 0 4 -2 0 2 0 0 0 0 -1 2 0 0 0 2 -1 0 -1 -4 2 0 2 33 -4 0 0 0 0 0 0 3 0 0 2 0 -2 0 0 0 0 0
3 0 0 0 0 -1 4 0 0 -2 0 -5 -2 -1 0 4 -1 -2 4 0 1 0 2 -2 0 0 0 0 0 3 2 2 0 0 2 0 0 2 0 -3 -2 0 0 3 3 0 0 -2 -2 0 0 0 0 1 0 0 2 0 4 1 2 -2 0 2 0 0 0 0 -1 -1 -4 0 0 0 3 4 1 -1 0 0 0 0 0 -4 0 0 0 -2 0 0 0 0 0 0 2 0 0 4 0 0 0 2 0 -2 0 0 0 -2 2 1 2 0 0 -3 0 0 -1 4 0 0 0 0 2 2 0 0 0 0 0 0 2 4 0 4 0 -4 3 0 0 2 0 5 0 1 -1 0 4 1 0 -1 2 0 -2 0 0 -2 2 0 -4 0 0 1 0 2 0 0 0 0 2 -4 -2 -1 0 0 0 0 0 0 0 -4 0 -1 2 1 -2 0 0 -1 0 0 0 0 -2 0 0 -1 0 0 0 0 2 0 0 0 0 0 7 3 0 0 -2 0 2 -3 -4 0 -1 4 0 0 2 0 0 -4 0 0 1 6 0 0 0 -2 -2 -3 0 -2 -2 0 1 4 -1 -2 4 -2 0 0 0 -2 -2 0 0 0 2 -4 2 -2 -2 0 5 0 -2 0 0 -1 -4 -2 0 4 0 -1 0 0 1 4 2 0 0 2 4 0 0 -2 0 0 0 1 2 1 0 0 0 -2 3 0 0 0 -2 0 0 3 -4 0 0 4 -2 -2 -2 2 0 0 -4 0 1 0 0 0 2 0 2 3 1 0 1 1 -2 0 0 0 0 0 2 0 0 0 -2 2 0 0 0 4 2 0 1 0 1 0 1 -3 4 0 0 0 0 -5 0 0 -3 -1 2 0 -2 0 -4 0 0 1 -1 -2 -1 0 0 0 -6 2 0 1 0 0 -2 0 0 -2 0 -2 0 0 0 0 -1 -3 0 0 0 2 -2 0 0 0 -4 0 0 1 0 2 0 -3 0 0 0 0 -4 3 0 0 -3 0 0 -2 0 -2 -4 0 0 -2 0 0 -2 0 4 0 2 1 -4 -1 0 0 4 0 0 0 -2 -4 36 0 0 0 -1 0 0 0 0 1 0 2 0 0 0 0 1 -2
2 0 -1 1 5 -4 0 0 0 0 -2 -1 0 0 0 -1 1 0 1 -2 0 0 1 1 -2 -6 2 -2 -2 0 0 0 2 0 0 0 4 0 0 0 0 -4 0 0 0 0 0 -2 0 1 2 -4 -1 0 0 0 0 0 0 -4 0 -2 0 2 -2 0 -4 0 2 0 2 -1 1 0 -4 0 0 1 -1 2 2 -4 -2 4 -1 3 0 4 0 0 -2 0 -1 -4 -1 0 -2 0 -1 0 0 0 1 1 2 0 0 -2 0 0 0 -1 1 1 -1 0 0 0 0 2 -2 -2 0 -1 0 0 0 -2 3 2 1 4 1 0 0 0 0 0 0 2 0 -1 -2 0 0 -1 0 0 0 0 2 0 0 0 1 2 -1 0 4 2 0 -1 -7 -4 0 0 4 1 -2 2 0 -1 0 0 -2 0 0 0 -1 -1 0 0 0 -2 1 -1 -9 0 -4 0 0 -2 0 0 0 0 0 3 -2 0 1 0 -1 0 0 4 0 -2 1 0 0 0 0 0 2 2 0 0 0 0 -1 -1 1 0 -2 -4 2 2 0 0 1 0 -4 0 1 3 -5 -2 0 0 0 0 -2 0 2 1 0 0 0 0 0 0 0 0 0 0 0 0 0 -2 0 4 -6 0 2 -1 0 -3 0 0 -2 0 0 -2 2 0 0 0 -2 4 0 2 4 0 2 -1 -4 1 -4 -2 0 2 -4 0 6 0 1 2 -1 2 0 0 2 0 0 -2 0 2 3 -2 0 -4 0 0 0 2 0 0 0 1 0 0 0 0 0 0 -4 1 1 -1 0 -7 -2 0 3 0 -6 0 0 0 -4 4 2 -1 1 -1 2 1 0 0 0 -1 2 -2 0 -2 0 3 0 -2 0 0 -1 0 0 -3 -4 0 -2 0 0 0 0 -2 -2 -3 -2 0 0 0 0 0 0 0 2 0 2 -2 0 0 -4 1 -3 1 -1 1 0 0 -1 0 2 0 0 2 -1 -1 -10 0 0 0 0 -2 0 -1 0 0 0 0 0 0 -2 1 -1 0 2 0 0 0 0 2 0 -1 2 0 -2 2 0 -1 -3 -1 0 0 0 45 -6 0 2 0 -6 -2 0 -3 0 -1 2 -1 -1 -2 0 0
1 0 0 2 2 -1 -2 0 -2 0 0 0 0 0 0 0 -8 0 -2 -4 1 0 4 0 0 10 1 0 0 -2 2 0 0 0 0 0 -5 2 0 -4 0 0 0 0 -1 0 0 1 0 0 0 -2 0 0 -4 0 0 2 1 2 4 2 0 0 0 0 2 0 -6 -2 -4 0 0 -2 0 0 2 0 0 0 0 0 0 0 0 -1 1 2 -2 2 0 -1 0 2 0 -2 0 0 0 -3 1 0 0 0 0 2 1 3 0 0 -1 4 0 1 1 0 0 2 -1 2 2 0 0 1 -5 2 -2 0 -2 0 1 0 0 -2 0 0 -2 0 0 0 -1 0 0 -4 -2 4 0 0 2 1 -2 -1 0 0 1 2 -2 -4 1 -2 0 2 3 0 2 0 2 0 -2 0 0 2 1 2 0 -2 0 -2 0 0 0 -3 0 -6 4 0 0 -4 0 0 0 0 0 1 0 0 0 1 2 0 0 0 3 0 1 0 4 2 0 0 0 1 0 0 -2 0 -4 -1 0 1 -2 2 0 -1 0 3 -1 2 0 4 2 0 0 2 0 0 3 6 -4 0 6 0 0 0 2 1 0 0 0 2 -6 2 1 -2 0 0 -2 0 0 0 0 2 0 2 -1 -2 0 0 0 1 2 0 -4 -1 2 -2 2 1 0 0 4 2 -2 -2 -4 0 3 0 3 4 2 -2 1 0 -6 -2 -1 0 2 2 -4 -4 -2 0 -1 0 -2 -2 -6 -1 0 1 0 2 0 0 0 0 0 -2 -1 0 0 -1 -1 0 6 0 2 0 -2 0 0 -1 -2 -2 -4 6 0 0 3 -4 -4 1 -6 1 0 -2 0 0 -1 -1 -4 1 0 1 0 0 0 4 -1 4 0 0 0 0 2 -1 2 2 -4 0 -4 -4 -2 0 0 0 0 0 1 0 -2 2 -2 -2 0 2 0 0 0 0 0 -2 2 2 3 -2 -4 2 -1 1 -2 -3 0 2 0 -1 0 0 -1 0 0 0 0 -2 0 0 3 2 -6 -4 0 -2 1 -2 4 -2 2 -1 2 2 0 1 4 -2 0 -2 -2 1 0 0 0 -6 50 0 -2 0 3 1 0 5 0 0 0 0 0 -2 2 -4
0 0 0 0 -3 0 0 -2 0 0 3 -1 0 1 0 0 0 0 -4 0 8 0 2 1 0 0 -2 -2 1 -2 0 1 -4 0 0 0 -4 9 0 2 0 -1 0 2 0 2 -4 -2 0 -9 0 0 3 0 0 1 0 0 1 1 2 0 -1 0 0 2 0 0 -1 0 2 -6 -4 0 2 0 0 -2 -2 0 -4 1 0 0 0 -6 -4 0 -1 0 -1 4 5 2 -3 0 -4 3 0 0 0 0 0 -1 -4 0 0 4 1 -2 0 -2 0 -1 -2 1 2 0 3 0 0 0 0 -2 0 0 -3 -4 0 0 -4 0 0 0 1 0 0 3 0 4 0 1 0 2 0 0 -1 1 1 0 -6 1 0 0 0 4 0 2 -3 0 0 0 0 -2 0 0 0 0 2 1 0 0 0 0 2 6 0 -3 1 0 -4 0 -2 0 0 0 0 -2 0 -2 0 0 0 0 -4 2 0 4 -2 3 0 0 -1 -1 0 0 0 1 1 0 0 -1 0 0 0 0 0 2 -1 -2 0 1 0 -2 -1 -3 0 2 -2 0 0 0 2 0 -2 0 -2 0 0 0 -1 0 3 0 2 0 4 0 -1 -3 0 0 2 0 -4 -2 2 -2 -2 -1 -2 -2 2 0 -1 -2 -2 3 0 0 0 -1 0 4 2 -2 -1 0 2 -4 0 0 -2 -1 0 0 0 0 -4 0 0 -1 1 0 -2 0 0 0 0 0 5 -1 0 0 -2 -2 1 0 4 0 0 0 1 -4 -4 0 2 0 0 0 0 0 0 -2 6 0 0 1 4 0 1 0 2 2 -2 0 -2 0 -2 2 -1 -2 0 0 0 0 0 0 0 0 0 0 0 0 0 0 -4 -4 -2 -1 2 0 -4 0 -2 0 1 -4 0 0 1 -2 -1 0 -6 0 -4 2 0 9 0 0 0 2 -8 0 1 0 -5 2 0 4 -3 0 4 1 -1 0 0 1 0 1 -4 -2 2 0 0 0 2 2 3 0 0 0 0 0 0 0 0 -2 2 0 0 -1 0 2 -2 0 7 0 2 2 0 6 4 1 -6 0 0 0 -2 0 0 0 0 48 -2 -8 0 1 0 -4 -4 5 -1 0 0 0 0 -2
0 0 0 0 -1 0 -2 1 -2 0 -1 0 1 0 -1 2 1 0 -2 1 0 0 0 0 2 0 0 -1 0 2 0 0 1 2 -1 -4 -2 -1 0 0 0 0 -4 2 0 0 2 0 2 -2 -2 0 0 1 2 -1 0 0 2 -2 1 -1 2 -3 0 0 2 0 6 1 -2 4 0 -4 2 -4 0 1 0 -3 0 0 -2 0 0 0 0 -4 0 0 -1 0 0 2 2 1 0 0 2 0 0 2 -2 2 0 0 2 -1 0 -2 0 -1 -2 0 -2 -1 0 2 -2 0 -2 -1 0 0 2 -1 5 2 0 2 -1 0 1 0 1 1 1 1 1 0 0 -1 0 0 1 0 0 0 1 -4 3 -1 0 0 0 0 -2 0 0 0 0 0 0 -2 0 0 0 0 0 3 -3 0 1 -2 0 0 -2 0 0 -1 0 0 0 -1 0 -1 1 0 2 0 0 -1 4 -1 0 0 2 0 -2 -4 0 0 -2 0 3 4 -1 0 -1 0 1 0 0 -1 1 0 -2 0 0 2 4 0 -2 1 -1 0 2 -3 2 0 0 -1 0 0 0 -2 0 0 0 0 0 0 2 2 -4 -2 -2 0 0 -1 1 -1 0 0 0 -4 4 1 -1 -3 0 -2 0 0 -1 0 0 0 0 0 0 2 0 0 1 1 0 0 0 0 0 -1 4 3 0 0 -2 2 0 0 -1 -1 0 0 -1 4 0 0 0 0 8 0 0 0 -2 0 0 0 -1 0 0 -4 0 -1 0 2 2 0 0 1 0 0 2 0 4 0 0 -2 0 1 0 -1 -1 0 -2 0 -4 -1 -2 2 -4 -2 0 0 1 -1 -1 3 0 -1 1 2 2 2 -5 0 0 0 -1 0 0 0 0 0 0 0 1 2 0 -2 -3 0 -2 1 -1 -3 2 2 -2 -1 0 0 0 0 0 2 -1 -1 0 1 -4 2 0 -2 -1 0 0 -1 -1 0 0 0 0 0 1 3 0 0 0 0 0 0 0 2 0 0 0 1 1 0 4 1 -2 0 0 -1 -2 0 0 -2 1 0 0 0 0 2 0 0 -2 3 4 0 -1 2 -2 -2 30 0 -1 0 0 -2 1 1 0 0 -1 -1 0 2
4 -2 0 2 0 0 4 0 -6 2 4 -2 0 0 0 -2 -1 0 -4 0 2 2 0 0 0 -4 0 0 0 1 0 3 0 0 0 0 0 -6 0 0 2 0 1 2 0 -1 4 0 -3 0 0 -1 -4 0 0 0 0 0 0 0 -2 4 0 0 -1 0 0 0 0 0 0 0 0 0 0 0 0 0 0 1 2 0 0 -4 -4 1 8 0 0 0 0 0 0 0 -1 0 2 0 0 0 -2 0 0 -2 -1 2 0 0 0 -1 0 0 2 0 0 0 0 6 0 -4 0 0 0 4 0 0 -2 0 2 0 0 0 0 -2 -2 1 -1 0 1 -6 -2 2 0 0 0 0 -4 2 0 0 -4 0 0 0 1 -2 0 -2 2 2 0 1 -2 2 0 -2 0 0 0 -2 4 0 0 4 0 0 0 1 0 2 4 0 0 0 -2 0 -6 0 6 3 0 0 -2 0 0 0 -2 -4 7 0 0 2 2 0 0 -1 2 0 0 2 0 1 0 0 1 1 -1 -4 0 -1 -2 2 0 0 2 0 -4 0 0 0 0 -2 -1 1 -1 -2 0 0 0 0 0 0 1 4 -1 0 0 0 0 -2 0 0 0 0 1 -4 0 0 0 0 0 1 0 -2 -2 2 0 -2 0 -2 -2 1 -1 -4 0 2 4 0 0 2 -1 -1 1 0 1 0 0 4 0 0 -2 0 0 0 3 0 0 -2 0 0 0 0 0 4 -2 3 -1 1 0 -1 0 -2 0 0 0 2 0 0 0 -2 0 0 0 4 -4 0 -2 -4 -2 0 0 0 0 0 0 0 0 2 6 0 -1 0 0 -1 0 0 1 -1 0 0 1 -4 0 0 -4 0 0 0 -3 0 0 0 5 -1 2 1 -4 3 0 2 0 -4 0 0 -4 0 0 -1 0 2 0 0 0 -2 0 0 0 0 0 0 -1 0 0 0 0 0 0 0 0 0 0 0 0 6 0 2 0 0 0 0 0 3 0 -2 0 1 -2 0 0 1 2 2 0 0 2 0 0 -2 -2 -1 0 -4 -2 0 1 -3 2 0 0 0 4 0 0 0 0 -8 0 36 0 0 0 4 0 0 0 1 0 0 0 4
1 0 0 0 0 0 -2 0 0 0 0 4 0 -1 1 -4 0 0 0 0 0 0 0 0 0 2 1 0 0 -1 0 0 0 -1 0 1 -3 0 -2 0 0 0 0 0 0 -2 -2 -6 0 0 0 6 -2 -1 0 0 0 -2 2 1 0 2 2 1 0 -2 4 0 0 -2 0 0 0 -1 0 0 2 0 0 0 2 -2 0 1 1 1 0 0 0 2 0 0 0 -4 0 -3 0 4 -1 0 2 0 2 0 0 4 0 0 0 -1 6 1 0 0 2 0 3 0 0 2 0 -1 0 0 0 0 -2 0 -2 -1 2 0 -2 0 0 2 -2 0 0 0 0 0 -1 6 0 -2 4 0 0 -1 -2 -1 0 0 -4 0 4 0 -2 0 -2 1 4 4 0 3 2 0 4 -2 -2 0 -2 0 -1 0 0 -2 0 0 0 4 0 1 0 0 3 -4 4 6 0 1 2 0 -4 0 0 -1 -3 0 -2 0 0 4 1 0 0 -2 2 0 0 -1 0 -1 0 0 -2 -1 -4 0 -3 0 -2 -2 -3 -2 -6 0 -1 -4 6 -2 0 -2 0 0 0 6 0 0 -1 0 -4 -2 -2 0 -6 1 0 1 2 0 0 -2 0 -1 -1 0 0 0 4 -1 -1 -2 -1 0 0 0 0 1 2 1 -2 2 0 0 0 0 0 0 2 3 0 2 0 0 0 0 -2 2 -2 0 1 1 -1 -2 2 0 0 -1 0 4 0 0 0 -2 0 0 -6 0 0 2 -2 -1 0 0 0 2 0 -1 0 -2 0 -1 4 0 -4 -2 6 0 0 3 1 -6 2 0 0 2 1 2 -3 0 0 2 6 0 -2 0 0 0 0 -2 1 0 0 -3 0 -1 0 0 0 0 4 4 -1 -4 -2 0 4 -3 2 0 0 0 -1 2 -2 1 0 0 2 -2 0 0 0 0 0 0 0 0 2 0 0 0 0 -1 0 4 0 1 1 0 0 3 0 0 0 -4 0 0 0 2 -5 0 0 -4 0 2 4 0 0 0 -4 -4 2 3 0 0 3 2 -1 0 2 0 0 -1 -4 -4 0 2 0 0 0 -6 3 0 -1 0 38 -2 0 2 1 4 0 0 2 0 -1 0
-2 1 2 0 0 -8 -1 0 2 -2 0 0 0 -3 0 4 0 0 -2 4 1 2 -2 1 0 2 -4 0 -4 0 0 1 -1 -2 -4 0 -1 2 0 0 0 4 0 0 -2 -2 4 1 0 -2 -4 0 0 0 4 0 -2 0 0 -2 0 0 0 0 6 -2 1 0 6 0 0 -6 2 4 0 2 0 2 -4 2 0 0 0 -1 -2 2 0 2 0 0 0 2 2 2 0 0 2 1 0 0 2 0 0 2 -2 -3 -2 1 0 0 2 -2 4 -2 0 3 0 -2 1 -5 0 0 2 -4 0 0 -2 0 0 0 0 -2 2 2 0 0 0 4 0 2 0 0 0 2 0 2 -1 0 -4 1 -2 3 2 0 2 0 1 0 -1 1 2 -4 1 0 4 -2 -4 3 -1 -2 0 0 2 0 1 0 0 -1 0 0 0 2 -4 2 -1 -3 0 4 0 2 -1 -6 1 0 2 0 -3 1 0 2 0 -2 0 1 2 0 0 0 0 0 0 2 0 0 0 -1 2 -2 0 -2 6 0 0 4 0 -2 0 0 1 0 0 4 0 0 0 -4 1 2 0 0 -2 2 0 -2 0 -1 0 0 0 2 0 -1 -2 0 0 -4 0 4 0 2 -2 2 2 0 0 0 2 0 1 0 -1 1 -4 0 1 8 -4 0 0 0 -2 -4 -1 -4 0 0 2 1 -1 0 2 0 2 4 -2 2 1 0 3 5 2 6 0 0 0 0 2 -2 0 1 0 3 0 0 -9 0 0 0 2 -2 2 0 0 0 -2 -4 2 3 0 -4 1 0 0 0 0 -2 -1 2 0 2 7 -2 0 0 0 -4 0 0 0 0 0 0 0 -2 0 3 -2 0 -2 -1 -4 2 0 2 2 2 2 2 0 0 1 -2 0 2 0 1 -1 0 0 0 0 0 4 0 0 0 0 4 0 0 0 3 0 -2 0 -1 0 1 0 2 -1 4 -3 -3 0 -1 0 0 0 -2 4 0 0 5 0 1 0 -6 1 4 0 0 0 -1 -1 0 1 0 0 0 0 0 4 -1 -2 0 0 -6 1 0 0 3 0 -2 1 1 0 0 -2 53 -4 4 0 4 0 0 -4 0 2 0
-1 3 1 0 0 0 0 0 -4 0 0 2 0 1 0 0 -2 -4 1 2 0 2 0 0 0 -2 0 2 4 0 0 0 2 2 0 1 1 0 -2 0 -1 0 -4 0 1 4 0 0 -1 1 -2 -2 0 2 0 0 0 4 0 1 0 0 0 -2 -1 4 -2 -1 -4 0 0 0 0 0 0 -1 2 -2 1 0 0 2 0 0 1 3 0 -2 3 -1 0 0 0 0 4 2 -2 0 2 -4 -1 0 -4 0 3 0 2 5 0 0 -2 1 -2 0 0 2 -4 1 0 0 2 0 0 3 0 0 0 0 1 0 2 0 -1 0 1 0 1 0 0 0 2 -1 0 -4 0 -1 -1 0 4 -2 0 -1 -1 0 0 0 0 0 0 0 0 2 2 -1 -1 0 0 0 0 -4 0 0 0 0 0 0 1 -2 0 0 -1 0 0 1 -2 0 0 0 -2 -1 0 0 0 5 0 0 0 1 -3 0 0 1 -5 0 -2 4 -1 -5 1 0 -2 1 0 0 0 0 1 0 0 2 0 2 0 0 0 -2 4 0 2 -2 0 0 0 -1 0 0 0 0 3 1 0 0 0 -4 0 0 -3 0 0 0 -2 -2 -1 0 4 0 0 0 -1 1 -4 1 1 -4 0 1 -3 0 0 -1 0 0 0 0 0 0 0 2 1 4 0 0 0 0 2 -3 -4 0 -1 1 5 0 0 0 2 1 0 2 1 0 -4 0 0 0 1 -2 0 -1 0 0 1 1 0 0 -1 0 -1 -2 0 0 0 1 0 0 1 1 -2 0 3 0 0 0 -1 2 2 -2 2 0 0 -1 -2 0 -1 0 2 0 -2 -2 1 0 -1 0 0 0 3 4 0 0 -1 -1 0 -3 0 2 0 -5 2 0 -3 0 1 2 0 0 0 0 0 1 3 -4 0 4 0 0 1 0 0 0 3 -4 0 1 -4 3 2 5 1 -2 0 2 -2 0 -1 0 -1 1 0 4 0 2 -1 0 0 0 0 -1 0 0 0 -3 0 1 -2 0 -2 0 1 -4 1 0 4 -1 0 0 2 2 2 6 -2 1 -2 0 0 0 0 0 0 0 0 -4 33 -1 0 -1 0 0 0 1 3 0
0 0 0 0 -1 -1 -4 4 1 0 1 0 2 1 1 0 -4 -6 0 0 -6 0 0 0 0 4 -4 2 0 1 1 0 0 1 -2 -4 2 -4 -2 -4 2 0 0 0 -1 0 2 4 -2 -6 0 -2 0 0 2 0 -3 0 -2 0 2 2 0 -2 1 0 4 -4 -1 -2 0 0 -2 2 -1 0 1 0 0 0 0 0 0 0 0 3 2 -4 0 0 4 0 0 0 0 0 0 -2 2 0 2 1 0 0 1 0 0 -2 0 0 2 1 6 1 0 2 0 0 4 1 0 -1 2 8 0 1 0 0 -1 1 2 2 1 0 0 -1 1 4 4 -2 -2 0 0 2 -6 0 -4 0 4 4 -1 0 -2 0 4 0 -6 0 0 0 -6 -4 0 0 0 0 0 0 -2 4 0 0 0 4 4 2 -1 0 1 0 0 2 -2 0 -3 1 0 -8 0 4 0 -2 0 2 4 0 0 -3 1 0 0 -6 0 0 -2 -1 0 0 0 2 0 0 -4 -1 -4 0 2 0 0 -3 0 0 0 0 -2 0 0 0 0 -2 0 -4 0 2 0 4 0 -1 0 0 0 0 0 -2 0 0 0 0 0 2 0 4 0 -3 0 0 -2 0 0 2 0 1 -3 0 0 0 -4 -2 1 0 2 0 -2 0 0 0 4 1 -2 0 0 0 1 -3 0 3 1 2 0 -2 2 -4 0 4 -6 -1 -1 -2 0 4 0 -2 0 4 -1 -2 -2 -1 -4 0 -4 2 -1 0 -4 -2 -2 0 2 0 0 -1 -2 1 -2 -1 0 0 -2 0 0 1 1 0 0 0 -4 0 1 2 2 -2 0 2 2 0 0 0 0 -1 0 -2 -1 2 0 -1 0 -1 -2 4 0 -1 2 0 0 0 0 -6 0 -2 -2 0 0 0 1 -1 0 1 0 2 2 0 4 0 0 0 2 -1 -1 1 0 -2 0 3 0 2 4 0 1 2 -2 1 1 -4 0 0 -2 -2 0 -2 0 -2 -3 -3 0 0 -2 0 0 0 -2 -6 0 -2 -4 1 0 -2 -3 2 3 3 0 4 0 -2 -2 2 0 0 0 0 1 -3 5 -4 -2 4 2 4 -1 54 -3 -6 -4 -4 2 0 -2 2
1 0 0 0 -4 0 0 2 0 0 0 0 -1 -1 0 0 6 1 0 0 0 0 0 0 0 1 0 0 1 -1 0 -2 0 2 0 1 -5 -4 1 -5 0 1 0 1 0 0 0 3 0 3 2 0 -2 0 5 2 -1 6 0 -1 -1 0 0 -2 -4 0 0 -2 0 -2 0 0 0 3 -1 0 -1 1 2 0 2 0 0 0 1 2 0 -2 -1 -1 4 0 -7 -4 0 1 2 0 2 0 0 -1 0 0 0 0 0 -4 4 1 0 4 0 1 0 1 0 0 0 0 2 0 3 -6 3 2 0 4 -2 -2 0 -2 6 0 0 4 -2 -3 0 0 1 0 0 2 0 1 0 4 -2 1 4 2 0 0 0 2 0 0 0 -1 0 0 0 0 0 1 1 0 1 4 0 -5 -2 -1 0 0 0 0 -1 0 -10 0 2 -4 1 0 0 0 0 1 0 -1 -1 -1 2 -4 0 6 0 0 -1 2 0 0 0 0 -2 4 -3 2 -2 1 0 -2 0 2 0 -2 0 0 2 -2 2 0 0 0 0 -1 -4 0 2 2 -1 0 -1 0 2 0 -1 0 0 0 0 2 -2 -4 0 0 1 -2 0 0 1 -4 -2 1 1 0 0 2 0 0 1 0 -3 0 2 -2 2 3 -2 1 -1 0 -2 0 0 0 0 4 -2 0 -1 3 -4 -1 1 0 0 1 2 0 -1 2 0 0 0 0 0 0 0 1 -1 0 2 2 -4 -4 -3 0 0 0 0 -2 0 0 2 1 0 0 0 0 0 -1 1 0 4 -1 4 -1 0 2 0 -2 0 3 0 2 -1 1 0 -2 0 0 0 2 -2 1 0 -2 0 -2 0 1 0 2 4 2 1 0 2 0 2 0 0 3 0 0 1 0 0 0 0 1 2 0 -5 4 -6 -6 5 0 -1 0 4 -1 0 -2 1 -3 0 0 0 0 0 0 1 0 0 0 2 0 0 3 -4 -3 2 2 -3 0 0 6 0 1 0 0 1 0 0 4 0 0 2 0 0 -4 -2 0 3 4 -2 -1 0 -1 0 1 -2 0 0 0 -5 2 0 0 0 -4 1 0 1 0 0 -3 41 1 4 0 -2 0 0 0
-2 0 -1 0 -8 2 -3 4 0 3 0 8 0 -4 4 1 0 1 -4 -4 7 0 0 0 0 0 0 0 2 -5 4 0 -2 4 -2 0 -4 1 5 4 0 0 0 0 0 0 -2 -4 2 0 0 -1 0 -2 0 0 0 0 0 -4 2 0 0 -2 -4 0 -4 2 1 1 0 -4 0 -4 -1 1 -2 -2 0 -1 0 0 -2 -2 0 -2 0 1 1 0 -2 4 -4 2 4 0 3 0 0 0 -1 1 0 -2 -1 2 0 0 0 0 -2 -2 -1 0 -4 2 0 0 0 -2 0 1 2 2 0 0 -1 0 0 0 0 0 5 0 0 0 0 0 -2 -2 0 0 0 0 0 0 -3 -4 0 -2 -4 0 -1 0 -3 0 4 2 5 0 0 -1 0 0 0 2 0 -4 6 0 -1 0 0 0 -2 -2 2 0 -3 0 -1 6 1 0 -2 5 2 -1 0 3 -4 -2 -2 -2 1 2 -4 0 -1 0 0 0 2 0 1 4 0 0 0 -1 -4 0 -1 1 -5 -2 0 -1 -3 0 0 2 2 0 0 -4 0 -3 -2 0 2 3 -3 -1 -2 -5 0 2 0 2 -1 0 8 3 0 0 0 0 -3 0 0 0 2 -4 0 -9 -2 -2 1 0 -4 2 -2 0 -3 -5 0 -1 0 1 -1 -2 -2 -1 2 4 3 0 0 -2 6 -4 0 0 -2 -1 -1 -2 0 -4 -4 0 0 0 0 4 -1 -2 1 -6 1 -2 5 -4 0 0 0 4 0 -2 0 0 0 0 1 -2 0 -1 0 -2 -2 0 1 -1 -1 -2 0 0 1 1 2 2 0 -2 0 -1 0 0 -2 6 0 -2 0 3 3 1 2 0 -1 -2 1 0 1 5 -4 6 2 0 0 -2 -4 -2 -3 4 0 0 0 -4 8 2 2 -1 -1 -4 -2 2 -4 0 0 -4 0 0 0 -1 0 0 -4 2 1 0 -2 1 2 -2 6 0 0 -2 0 2 0 0 -6 4 0 0 -1 0 0 2 -2 2 0 0 0 0 0 -1 0 -2 0 1 1 -3 0 0 -2 2 5 0 1 0 1 1 2 0 -6 4 -2 0 6 0 2 -1 0 5 1 0 4 4 -1 -6 1 49 0 0 0 -1 0 0
-1 0 4 2 0 2 2 1 0 0 0 -6 2 0 0 -2 -1 0 -2 0 0 -1 -1 -2 0 2 4 2 0 -4 1 0 0 -1 0 0 0 0 4 0 -2 1 0 0 1 0 0 0 0 0 0 0 0 1 0 -1 3 0 1 0 -4 -2 3 -2 0 0 0 0 0 0 0 0 0 -1 -2 2 -2 2 2 0 0 0 -4 0 0 0 0 4 0 0 0 0 1 0 0 0 -1 0 0 0 0 -2 1 0 0 0 0 0 0 0 2 0 0 0 0 0 0 2 0 0 2 -4 0 -4 2 0 0 0 0 0 0 -2 0 0 -1 4 0 2 2 -5 -1 0 0 0 0 0 2 -2 -2 0 0 2 -2 0 0 0 -5 0 -2 0 0 0 0 -2 0 -1 0 -1 0 1 1 1 0 4 -2 0 1 0 -2 0 0 0 4 0 2 2 -5 0 0 2 0 0 0 0 -2 -2 0 0 0 0 0 0 -2 0 2 0 1 0 1 0 0 -1 0 1 0 0 -2 -2 0 1 0 0 3 0 0 1 0 -4 0 0 0 0 -1 0 0 -3 -1 0 1 0 -2 0 -4 -2 0 0 0 0 1 0 0 -2 1 0 0 -1 1 0 1 0 0 0 1 0 -2 0 2 -4 0 1 0 1 -1 0 4 0 0 0 0 0 -1 -6 -2 -4 3 -1 2 0 0 0 0 0 -2 0 0 1 0 0 0 0 -1 0 0 1 0 4 0 0 4 0 0 0 -1 0 2 0 0 -2 -4 0 0 0 -4 -4 1 1 0 2 2 2 2 -2 0 -2 2 3 -3 0 0 0 0 0 0 1 -4 2 0 0 -2 0 0 -4 0 -3 0 0 4 1 3 0 -1 2 0 0 0 0 -2 0 0 0 -1 0 -6 0 0 0 0 -2 -2 0 -2 -1 0 0 -1 0 -4 -2 0 -2 0 -2 0 4 0 -2 0 0 0 -5 2 0 2 0 0 0 1 0 0 0 0 2 0 1 0 0 0 0 4 0 0 2 0 0 0 0 -2 0 0 0 0 -2 0 -2 0 -2 -4 0 0 1 1 -2 0 2 0 -1 0 0 0 0 0 -4 4 0 29 0 0 2 2 0
0 0 0 0 0 0 0 2 -1 2 0 0 -1 1 -1 0 2 4 0 2 0 2 0 0 0 0 0 -1 0 -1 0 -1 0 0 0 -1 0 1 0 -1 -1 2 1 -1 0 0 -1 0 0 0 0 1 0 0 -2 0 1 0 -4 0 0 -1 0 2 0 0 0 3 0 0 0 -1 2 0 0 0 -2 0 0 2 0 0 0 1 2 0 0 2 0 0 0 0 1 2 0 0 0 0 -1 0 0 2 0 0 -3 -1 -2 0 0 0 4 -1 0 -2 -2 0 3 0 0 0 0 -2 0 1 -1 2 2 0 -2 -2 0 0 0 0 0 1 1 0 0 0 1 2 6 0 -1 2 4 0 -2 0 -1 1 0 0 1 0 1 0 0 4 -3 0 3 0 0 0 0 0 0 0 4 1 0 3 -2 0 -1 -1 0 2 0 2 0 2 0 0 -2 1 0 0 -2 1 -4 0 0 0 0 0 3 -5 0 2 -2 0 -2 0 0 -1 0 -1 4 0 -1 1 -1 1 0 1 0 0 2 1 0 0 1 1 -1 0 0 0 2 0 2 -2 0 0 -2 0 3 2 -1 0 0 0 0 0 0 0 -1 2 3 0 2 3 -1 0 0 -1 3 0 -2 0 0 0 0 0 0 0 2 0 0 -1 2 0 -2 0 0 0 -1 1 0 1 1 0 0 0 0 0 0 1 1 0 0 -4 0 -2 -2 2 -1 2 0 -2 -3 0 -1 1 1 0 0 -3 0 0 0 1 0 2 0 0 0 -1 0 0 0 0 0 1 0 -2 0 0 0 -2 0 -3 0 0 2 2 4 1 0 0 0 -2 2 2 0 0 0 0 0 -1 -2 0 0 -1 -2 0 -1 0 0 0 0 -1 0 1 0 2 0 0 2 0 0 0 -2 0 0 0 0 0 -4 6 -2 0 1 2 4 0 0 0 0 -2 -1 -2 1 -2 0 0 -1 2 0 0 0 0 0 0 0 0 0 0 1 0 2 0 3 1 -2 2 0 0 0 2 0 1 -1 0 0 0 0 0 0 0 0 -1 2 -1 0 0 0 0 1 0 0 -1 0 0 0 1 0 0 0 -4 0 0 0 20 0 -2 -1 1
0 0 0 -4 -3 0 0 -2 0 -4 -1 0 0 4 2 0 1 -2 1 2 0 0 4 0 -2 4 -1 0 -2 0 2 1 0 0 0 2 0 0 -4 0 2 0 2 1 0 0 -4 0 0 -2 2 0 0 0 0 0 -2 -2 0 0 0 0 1 0 -4 0 -2 0 4 -3 0 0 0 0 0 0 0 0 0 0 2 2 0 -2 0 -2 0 0 0 2 0 0 0 -2 2 0 -2 0 0 0 2 0 0 -2 1 -1 0 1 0 -4 0 -4 0 0 2 0 0 0 2 2 -3 0 2 0 0 -3 2 2 0 -2 -4 1 0 0 0 2 0 -4 0 -2 0 4 -4 0 0 1 2 -1 0 -3 1 0 -4 0 1 -2 0 -2 0 0 -1 0 4 0 2 0 0 0 0 -1 1 2 0 0 -6 0 2 0 4 0 2 0 0 4 0 1 0 -4 0 0 2 -2 0 4 -3 0 -1 -4 -4 -4 0 0 0 0 -1 -2 0 0 5 0 -2 3 0 0 0 0 0 0 4 0 0 2 0 -1 -2 1 0 0 -4 0 0 0 4 -4 0 0 0 2 0 2 0 0 0 -4 0 -2 0 0 0 -2 0 0 0 0 0 0 0 -3 0 0 0 0 0 0 -2 -2 4 -1 0 0 2 -1 0 0 0 2 0 0 -4 0 4 0 0 0 -2 2 -1 -4 -2 -4 1 0 0 0 0 -2 3 0 0 -2 -2 -6 0 2 0 0 0 0 2 0 2 0 0 0 0 0 -1 2 0 2 0 0 0 -2 0 4 0 0 0 6 0 0 0 2 0 0 0 1 0 0 -2 0 -1 1 -1 5 -4 1 0 -1 1 -1 0 2 0 0 2 0 0 0 0 -3 0 0 1 4 4 -6 0 0 -1 2 -4 0 0 0 -2 -2 0 0 -1 0 0 0 0 0 0 -2 -4 0 2 -4 -2 3 0 0 0 0 1 0 0 -4 0 0 1 0 0 -1 2 0 0 0 0 -2 0 0 2 1 2 -2 4 6 2 4 -4 2 0 0 4 0 0 1 -1 0 0 0 0 0 2 -3 0 0 0 -1 0 0 -1 0 2 -4 0 2 -2 0 0 0 38 -2 0 -1
-2 0 2 0 0 0 0 0 0 2 0 -2 0 0 2 1 -1 0 -1 2 1 0 -4 2 4 0 0 1 0 0 0 0 0 0 0 4 0 0 2 0 -2 0 0 0 0 0 -1 4 0 0 0 1 0 0 0 0 1 0 0 0 0 8 0 -1 -1 0 0 0 0 1 0 2 2 1 0 0 0 -2 4 3 0 -2 0 -3 0 4 0 -1 4 -1 2 0 4 1 0 -2 2 0 2 0 2 0 0 2 -1 -4 0 0 0 2 0 5 0 -2 -2 0 0 -1 0 10 -2 1 0 -3 2 0 -3 1 4 0 0 0 0 0 0 0 0 0 0 1 2 0 0 0 -1 2 -1 0 1 0 0 2 0 0 0 -1 -4 0 -1 0 1 0 0 -1 1 0 1 0 -2 0 0 0 0 0 4 0 0 0 -1 -2 0 0 2 0 0 0 0 -2 -2 -2 0 0 4 0 2 0 0 0 2 0 0 0 0 0 0 0 -1 0 0 0 -3 0 0 0 4 -3 3 0 0 0 1 -2 0 0 0 0 1 0 0 0 0 0 0 0 2 -4 0 0 0 1 0 0 0 -4 0 0 0 0 -2 0 0 1 0 -1 0 2 0 1 -2 0 2 0 4 0 1 1 0 2 1 0 0 0 4 1 2 1 0 0 6 0 0 -2 0 0 0 0 0 -2 0 -2 0 0 0 0 0 -1 0 0 2 0 0 -4 0 0 1 2 0 1 5 6 -2 -4 0 -4 0 -1 -2 -1 -2 0 -1 0 2 0 0 -1 0 3 0 -2 0 -2 0 0 0 1 0 -3 -1 0 0 0 2 0 0 0 2 0 0 0 0 0 4 0 -4 -4 0 4 0 0 -2 0 0 1 0 0 0 -4 0 0 0 0 1 2 1 1 -1 1 -1 1 0 1 0 0 -4 0 -2 0 2 0 2 -1 -2 -4 2 1 -2 0 2 0 0 4 1 0 -2 -2 1 -2 0 0 0 -3 0 0 -2 0 0 0 0 0 4 0 0 0 2 4 -1 0 0 0 1 0 0 0 4 0 0 1 0 0 0 0 0 -2 -2 0 -1 0 0 0 1 0 0 -1 2 -2 -2 30 1 2
4 2 3 0 0 4 -6 0 0 -2 0 0 0 -1 0 6 -7 0 1 0 0 0 -1 -2 0 0 0 0 0 0 0 2 -2 0 0 1 3 0 -2 -1 0 0 0 0 0 0 1 2 0 1 2 1 0 0 5 0 0 0 0 0 2 -1 0 -3 0 0 0 2 0 -1 -1 0 -4 2 0 -1 1 0 -4 4 0 0 -1 2 -1 -2 -4 2 0 0 -2 -3 -4 -4 0 -2 0 1 2 0 -2 -2 2 0 0 -3 4 0 2 0 -1 0 0 0 0 4 -3 0 2 0 0 2 0 0 -4 0 0 0 0 -1 4 0 0 0 4 0 -1 0 0 2 1 0 0 0 2 2 4 0 0 -1 0 -2 2 1 0 2 2 0 0 0 -5 1 4 -2 0 -4 -2 0 -1 0 0 0 0 0 -1 0 -4 0 4 1 0 -1 0 1 1 0 0 0 2 0 0 -1 0 0 2 -5 0 3 2 0 1 0 4 -2 2 0 3 -7 0 0 0 3 0 -1 3 0 1 1 0 -2 -3 1 0 2 0 0 0 2 0 0 -2 2 0 -4 0 0 -2 0 7 0 -4 0 0 0 0 -4 -1 0 0 1 -2 0 -2 1 1 0 1 1 0 0 4 1 1 -2 0 0 -4 0 0 0 0 0 -2 2 -2 0 0 0 0 0 -1 0 0 -3 2 2 2 0 -2 -1 3 0 2 0 -4 -1 -2 0 0 -1 -2 0 0 2 3 0 -1 0 0 0 6 0 0 0 -6 0 0 0 0 -1 -1 0 0 -4 2 0 0 8 2 4 0 -2 0 0 -2 4 0 0 2 0 1 0 0 4 6 -4 0 0 3 0 0 -4 0 -1 2 0 0 0 0 3 0 0 -1 2 -1 2 4 -4 0 0 0 0 2 1 0 2 1 0 6 0 -2 0 -4 2 0 -1 2 0 -1 5 -1 0 1 0 0 1 0 6 -1 -2 -2 0 -1 0 0 -1 1 0 4 0 -2 -1 3 4 -1 -2 -2 -2 0 -2 0 4 0 -2 6 0 -4 0 1 0 8 0 -2 -1 0 0 0 1 0 -2 2 0 1 0 2 0 0 0 -1 2 3 -2 0 0 2 -1 0 1 51 -1
0 0 0 0 0 -1 0 2 1 0 4 2 2 1 -2 0 0 -4 3 8 -2 0 -4 1 0 -4 1 0 0 6 6 5 -1 1 0 2 1 0 0 -1 -1 0 5 0 -4 0 0 6 -1 6 2 0 -2 4 -4 0 0 0 0 0 1 2 4 -2 0 -4 1 0 5 0 0 4 0 0 3 2 -3 1 0 0 6 0 -1 0 2 0 0 0 0 0 3 2 -2 0 -1 2 2 0 -2 0 8 0 0 0 0 0 -2 0 -2 0 -1 0 0 -4 0 2 7 -4 0 1 0 3 -2 0 2 0 -4 0 0 0 2 -2 0 -2 -6 0 3 0 0 0 -4 0 3 6 -3 -1 2 0 0 0 -1 0 0 -2 2 0 0 0 1 0 -1 0 0 2 0 0 2 0 0 0 0 0 -2 0 -2 1 0 -1 4 0 2 2 0 -2 -3 0 0 0 -2 0 -2 0 0 0 3 0 -4 0 0 0 -2 0 -2 0 -2 0 0 0 0 3 -2 0 0 5 -2 -2 -3 4 0 0 1 0 0 1 0 -3 -2 0 0 0 2 -4 0 0 0 0 0 0 3 0 1 -2 0 0 0 0 0 1 2 -2 3 0 0 -2 -1 -4 0 0 1 4 -2 0 0 1 0 0 0 0 1 0 -1 2 4 0 -2 0 -4 0 0 0 0 0 1 10 2 0 3 -2 0 0 0 0 0 0 -2 2 0 0 0 -3 4 -1 0 -1 0 0 -1 0 -2 0 0 0 -2 -4 2 -1 2 1 -4 0 0 0 0 4 0 0 0 -2 0 -1 -3 -2 -2 0 -2 0 0 0 -4 0 0 0 1 0 0 -1 0 3 4 0 0 0 0 0 0 0 1 -2 0 0 -4 1 -1 0 -2 -1 -2 0 2 -1 3 0 0 4 -1 2 -2 0 0 0 -1 0 0 -2 0 2 -1 -2 0 4 2 0 3 2 -2 0 2 -1 -4 0 0 4 -1 -2 0 0 0 0 2 0 0 -2 -2 -2 1 0 0 0 0 -2 4 0 0 0 0 -1 -4 2 2 0 -4 0 0 0 -8 0 0 2 2 -1 -2 0 -2 0 -4 -2 2 4 0 0 0 2 0 0 0 1 -1 2 -1 45

Q_cnstr 
16 -2 1 -2 -1 1 0 0 -1 -1 -1 -1 0 0 -1 0 0 1 0 -1 0 0 0 1 0 0 -1 -1 0 0 0 0 -1 0 -1 0 1 1 -2 0 0 0 -1 -1 0 0 0 0 0 0 0 -1 -1 0 1 2 0 1 0 0 -1 3 0 1 0 0 0 0 0 0 -1 1 0 0 -1 0 0 0 0 1 -1 0 1 0 1 1 0 0 2 1 -1 0 1 0 0 0 -1 0 1 0 0 0 1 0 -1 2 1 1 0 -1 0 0 0 0 0 0 -1 0 0 0 0 0 -1 0 2 0 0 0 0 -1 0 0 0 -1 0 0 -1 -1 0 -1 0 0 1 0 1 1 0 1 1 0 0 0 0 0 0 0 -1 1 0 0 0 1 0 0 0 0 0 0 -1 0 0 0 1 0 0 0 0 0 1 -1 0 -1 0 0 0 0 0 0 0 -1 0 0 0 0 0 0 0 0 0 1 0 1 -1 1 1 0 -1 0 0 0 0 -1 0 0 1 0 0 0 0 0 0 0 -1 0 1 0 1 0 0 -1 0 0 0 0 0 0 1 -1 0 0 -1 0 1 0 1 0 1 0 -1 -1 0 0 -1 -1 0 1 0 1 0 1 -1 0 -1 0 -1 0 0 0 0 0 1 0 0 1 1 1 0 0 0 -1 -1 -3 -1 0 0 -2 0 0 1 0 -1 0 -1 0 1 -1 1 1 1 -1 0 0 1 -1 1 0 -1 2 0 0 0 -1 2 0 0 -1 0 0 0 0 0 0 0 0 0 -1 0 0 0 0 0 0 0 1 0 -1 -2 0 -1 0 1 1 0 1 -1 0 1 0 1 -1 0 -2 0 -1 1 1 -1 -1 0 0 1 0 0 0 0 0 1 0 0 0 0 -1 1 0 2 0 0 -1 -1 1 0 1 1 -1 0 0 0 0 -1 0 -2 1 -1 -1 1 0 -1 1 0 1 0 1 0 1 -1 0 0 0 0 1 1 0 -1 0 0 0 0 0 1 0 0 0 -1 0 0 0 0 0 -1 0 0 0 1 1 0 0 0 -1 1 2 0 0 0 -1 0 0 0 -1 0 0 0 -1 0 1 0 1 0 0 0 1
-2 25 -1 2 -3 0 0 0 -1 0 -1 0 -1 0 -2 1 0 -3 1 0 1 0 0 0 0 1 1 0 -1 0 0 -1 0 0 0 1 0 0 1 0 -1 -1 1 0 -1 1 0 0 -1 0 0 1 2 -1 0 -2 -2 1 -1 1 -1 -2 2 0 0 0 -1 1 -1 -1 0 -1 0 1 -1 0 -1 0 0 -1 1 0 -1 2 -1 -2 0 0 0 -1 0 0 -1 -1 0 -1 -2 0 0 2 0 2 0 -1 -1 0 -1 -1 -2 3 2 0 0 -2 0 -1 0 1 1 0 0 0 0 -1 0 0 0 0 0 1 0 2 0 0 0 -1 -1 1 2 -1 -1 0 -1 1 0 1 1 0 1 0 -1 0 0 -2 0 0 -1 0 1 0 0 1 0 1 0 1 0 0 1 0 -3 0 0 -1 0 1 -2 -1 1 0 0 0 -1 0 1 -1 -2 0 2 1 2 0 0 0 1 -2 0 0 0 -1 0 0 1 -1 1 1 0 0 1 -1 0 -2 -1 -1 0 0 -1 1 0 0 0 0 -1 -1 -1 1 -1 0 -1 0 -2 1 1 0 0 0 0 -1 1 -3 1 0 1 0 0 -2 0 0 0 -2 -2 1 1 0 0 0 0 1 -1 0 0 0 -1 1 1 2 1 0 2 1 3 0 -1 0 0 0 -1 0 0 0 -1 0 0 -1 0 0 1 -1 -3 2 3 -1 1 0 1 1 0 -1 0 0 1 1 0 1 0 0 0 1 0 0 0 -1 0 0 0 -1 -2 2 0 2 0 -1 -1 0 0 1 -1 -1 -1 0 2 0 -1 1 0 1 0 0 0 -1 0 1 -1 0 -1 0 0 0 -1 0 0 0 1 0 1 0 0 0 0 -1 0 1 0 -1 -1 0 0 0 1 -1 0 0 0 1 -1 0 1 -1 0 -2 -1 1 0 0 2 0 0 0 1 2 0 0 -1 2 -1 -1 0 -1 0 1 1 0 0 -1 -1 -2 -1 1 0 1 0 0 0 1 -1 -1 0 0 2 -2 1 0 0 0 0 1 0 0 0 -1 0 0 0 0 1 0 3 0 0 -2 1 0 -2 -1 1 0 -1 0 0 -1 -2 0 -1 0 -2 0 0 -1 0 0
1 -1 21 0 0 -2 1 0 1 1 1 0 0 0 -1 0 -1 1 1 0 -1 0 0 1 0 -1 -1 0 1 0 -1 0 1 0 0 -2 0 -2 1 -1 -1 0 -2 0 2 -1 0 0 0 0 -1 1 0 0 1 0 1 -1 3 -1 -2 1 0 1 0 0 1 -1 1 -1 -1 0 0 0 -1 0 -2 -1 1 1 0 1 0 0 0 1 0 -1 2 0 -1 0 0 -1 -1 -1 0 0 0 0 0 0 0 0 0 1 0 0 0 -1 0 0 -1 0 0 0 0 -1 -1 -1 0 0 1 0 0 1 1 0 0 -1 0 0 0 -1 0 2 1 0 -1 0 1 1 1 1 0 0 0 1 0 0 -1 -1 0 -2 1 1 -1 -1 1 1 -2 0 2 0 1 0 1 1 0 1 1 -1 1 0 0 0 1 1 0 0 0 -1 -1 1 0 0 2 0 0 0 0 0 0 1 0 2 2 0 -1 0 1 0 -1 1 1 0 0 0 0 0 0 0 0 0 0 -1 0 0 0 1 0 1 0 0 0 2 0 0 1 0 1 0 0 -1 0 1 0 1 0 0 -1 0 -2 -1 0 -1 1 0 0 0 -1 -1 0 -1 0 1 0 0 -1 0 0 1 1 0 0 -1 1 1 1 -2 0 -1 0 1 0 -1 -1 -1 0 0 0 2 -1 1 0 1 2 0 0 -1 0 -1 0 0 -1 0 0 1 0 1 2 0 0 0 1 0 -1 1 1 0 -1 0 2 1 0 -1 1 0 2 -1 0 0 0 1 1 -1 0 0 2 0 0 -1 0 -1 1 1 0 -1 -1 -1 -2 0 0 -1 3 -1 0 1 0 1 0 0 0 -1 0 0 0 1 -1 -2 1 1 0 0 3 0 2 0 1 -2 -1 -1 1 1 0 0 0 0 -2 -1 0 0 0 0 2 0 -1 0 1 3 0 -1 0 0 1 0 0 -1 0 0 -1 0 1 0 0 -1 0 1 0 0 2 0 0 -1 0 1 0 0 1 1 0 0 0 1 -1 0 1 2 0 0 0 1 0 0 1 0 -1 0 0 1 -1 0 -2 1 0 0 1 1 -1 0 1 0 0 0 2 -1 -2 0 1 1
-2 2 0 17 0 0 0 0 2 0 0 0 1 0 0 1 -1 0 -1 0 -1 3 0 1 0 2 0 0 0 0 0 1 0 0 1 -2 0 0 3 -1 0 -1 0 1 1 0 0 0 0 0 1 -1 1 1 0 0 1 0 -2 1 0 1 0 0 0 0 0 -1 -1 0 -1 0 0 0 0 0 0 -1 0 -1 0 -1 0 -1 -1 0 1 0 0 -1 0 1 1 1 0 0 0 0 0 0 0 0 0 -1 0 0 -1 -1 0 -1 -2 0 0 -1 0 -1 1 1 0 -2 0 1 0 1 0 0 -1 0 -1 -1 0 1 0 1 0 0 1 -1 0 0 0 -1 -3 1 0 -1 0 -1 0 -2 -1 0 0 0 1 0 0 0 0 -1 0 1 -1 -1 1 0 -1 -1 1 0 0 0 0 0 0 -1 1 0 0 -1 0 0 2 0 0 0 0 -1 1 1 1 0 -1 0 0 -1 0 0 0 0 0 0 4 2 -1 0 0 0 1 2 0 1 0 -1 0 0 0 0 0 -1 -1 1 -1 0 0 -1 0 0 0 0 0 0 1 0 -1 0 0 0 0 -1 0 0 0 -1 0 0 1 1 0 1 -2 0 1 -1 0 0 -1 -2 0 0 2 0 -1 0 0 1 0 0 1 0 0 0 -1 0 1 -1 0 -1 0 1 2 0 -1 0 0 0 0 0 0 -1 3 0 0 0 1 0 -1 -1 -1 0 1 1 0 1 0 0 0 0 -2 0 0 -2 0 0 1 1 3 1 0 0 -1 0 0 0 0 1 -1 0 -1 1 -2 -1 -1 0 1 0 -1 -1 -1 0 -1 -1 0 -2 -1 0 0 1 -1 0 0 1 0 0 -2 0 1 1 0 2 0 1 0 -1 -1 -1 0 0 0 -1 -1 0 2 0 -1 0 0 0 0 -1 0 0 0 0 1 0 -1 1 2 0 0 0 -1 1 1 -1 0 1 0 0 0 1 1 0 0 0 -1 0 0 1 0 1 0 0 0 -1 0 1 1 0 0 0 1 -1 0 0 -1 -1 0 -1 0 0 -1 -2 1 2 1 0 0 -1 0 0 1 0 0 -1 0 -1 0 0 0 -1 1 -1 -1 1 -1 0 0 1
-1 -3 0 0 11 0 0 0 0 -1 0 0 0 0 0 0 -1 0 0 -2 -1 -1 -1 -1 0 -1 0 0 0 1 0 0 0 -1 0 0 0 0 0 0 0 0 0 0 0 0 0 -1 -2 1 0 -1 0 0 0 1 0 -1 0 0 1 2 0 0 -1 -1 -1 -1 0 1 0 -1 0 2 0 0 0 0 0 0 -2 0 0 0 0 0 0 1 0 1 1 1 -1 0 0 0 0 0 0 -1 0 1 -1 0 0 1 0 0 0 -2 -2 0 1 0 0 1 0 0 0 0 0 0 0 0 0 0 -1 0 2 0 0 1 0 1 0 -1 0 0 0 0 0 0 0 0 0 1 0 1 0 0 0 0 0 1 0 0 0 0 0 0 1 2 1 0 0 0 0 0 0 0 0 0 1 1 0 0 0 1 0 0 1 0 0 0 -1 0 0 2 1 0 -3 1 0 0 0 -1 1 0 0 1 1 -1 0 0 1 -1 0 -1 -1 0 0 0 1 -1 0 0 0 0 1 0 0 0 0 0 1 1 1 0 0 0 1 -1 0 -1 0 0 0 0 -1 0 0 -1 0 0 0 -1 0 0 0 0 0 0 0 1 0 0 -1 0 0 -2 0 0 0 0 0 0 0 0 -1 0 -1 0 0 0 0 1 0 0 -1 -1 -1 -1 0 2 1 0 0 0 -1 1 -1 0 0 0 -1 0 0 0 -1 1 0 1 1 0 -1 1 0 0 0 1 0 0 0 0 0 0 2 0 0 0 0 0 0 0 1 0 1 1 0 0 1 -1 -1 1 1 0 1 0 0 0 0 1 1 0 0 3 0 0 0 0 2 0 0 0 0 0 0 0 0 0 -1 0 0 1 0 0 0 1 0 0 0 0 1 0 0 0 0 0 -1 0 -1 0 1 -1 -1 0 1 0 0 -1 0 -1 -1 -1 1 1 0 1 0 0 0 0 0 0 0 1 0 -1 -1 0 -2 0 1 0 0 -1 0 0 0 0 -1 0 0 0 -1 0 0 0 -1 0 -1 1 1 -1 0 0 0 0 0 1 -1 1 0 0 0 0 0 0 0 1 1 0 2 0 2 1 0 0 0 0
1 0 -2 0 0 12 0 1 0 -1 0 0 0 0 0 1 0 0 1 0 0 0 0 0 0 0 0 0 -1 0 0 0 0 0 -2 0 1 0 1 1 0 0 0 0 1 2 0 0 0 1 0 -1 0 0 0 1 0 0 0 0 -1 0 0 0 0 0 0 0 0 1 -1 -1 0 -1 0 1 0 0 0 0 0 -1 0 1 0 -1 0 0 -1 -1 0 -1 0 0 -1 0 -1 0 0 0 1 0 1 0 -1 1 0 0 0 1 0 0 -1 0 0 0 0 0 1 -1 1 0 0 1 0 0 0 0 -1 0 0 0 0 0 0 0 0 0 0 0 1 -1 -1 0 0 1 0 -1 0 0 0 0 1 0 0 0 -1 0 2 -2 1 0 0 0 0 1 0 0 0 0 -1 1 -1 0 -1 0 0 1 0 -1 0 -1 1 -1 0 0 0 0 0 1 0 0 0 -1 0 0 -1 0 0 -1 0 2 0 0 1 0 -1 0 0 0 0 2 0 0 0 0 0 0 1 0 0 0 0 0 0 0 0 0 0 -1 1 0 0 0 0 0 0 0 0 -1 0 0 0 0 0 2 0 0 0 0 0 0 0 0 0 0 0 0 0 0 1 0 0 0 0 0 0 0 0 0 0 1 -1 0 1 2 1 0 0 0 0 0 0 0 -1 0 1 0 0 1 0 -1 0 0 -1 0 -1 1 0 0 -1 0 0 -1 1 0 0 0 0 -1 0 0 1 0 0 1 0 1 -2 0 0 0 0 2 -1 1 1 2 1 0 0 0 -1 1 0 0 0 1 1 0 -1 -1 1 1 0 1 0 -1 0 0 0 -1 1 0 1 0 0 -1 0 0 1 -1 1 0 0 0 0 -1 0 1 1 0 0 1 0 -2 -1 1 0 0 0 -1 0 0 0 0 1 0 0 1 0 0 1 0 -1 0 0 1 0 0 0 0 0 0 -1 1 1 -1 0 0 0 -1 -1 -1 1 0 1 0 1 0 0 0 0 0 1 0 1 -1 0 0 0 1 0 0 0 1 0 0 0 0 0 0 0 0 -1 0 0 0 0 0 0 -1 0 0 0 1 0 -1 -1 0
0 0 1 0 0 0 16 0 0 0 0 0 0 -1 0 1 0 0 1 0 0 0 -1 -1 0 0 1 0 -1 0 1 0 -2 -1 -1 0 -2 0 3 0 1 1 2 -1 0 2 1 2 0 1 0 0 0 0 1 0 0 0 0 0 0 -2 1 0 0 0 0 -1 0 0 0 0 0 0 0 0 0 0 0 1 1 -1 0 1 0 0 0 0 1 0 0 0 0 0 5 0 0 1 1 0 0 2 0 -1 0 -1 0 0 0 1 -1 -2 -2 -1 0 0 0 -1 0 0 1 0 0 1 0 -1 0 0 -1 0 0 0 0 2 0 0 0 0 0 0 0 0 1 0 0 2 0 -1 0 0 0 2 1 0 0 0 0 0 2 0 1 0 1 0 0 0 -1 2 1 -2 0 0 0 -1 0 0 0 1 1 1 0 -1 1 1 0 -1 0 0 -1 0 3 0 0 0 0 -1 -1 0 0 -1 -1 2 0 0 0 2 0 0 3 1 0 -1 0 2 0 -1 0 0 0 1 1 0 0 0 0 0 1 0 0 0 0 0 0 0 1 0 0 1 0 -1 0 1 0 -1 0 0 0 1 1 0 -1 0 0 0 2 0 -1 2 1 0 -1 0 1 0 0 0 0 0 0 0 0 0 0 0 1 0 1 2 0 0 1 0 0 0 -1 1 0 0 0 0 0 0 0 0 1 0 0 0 0 1 0 0 0 0 0 0 0 0 0 0 -1 0 0 0 0 1 0 2 0 3 0 -1 0 3 0 0 0 1 0 0 0 0 1 0 0 0 0 0 -1 0 -1 2 0 0 0 0 0 0 0 0 0 1 0 1 0 0 -1 1 -1 0 2 0 -1 0 0 0 0 1 0 -1 0 0 1 -1 2 1 0 0 -1 0 0 -1 0 -1 0 0 0 0 0 -1 0 0 1 0 0 0 2 0 -1 0 1 0 0 0 0 0 0 0 0 -1 0 1 -1 1 -1 1 1 0 1 0 0 -1 0 0 1 3 0 1 0 0 0 -1 0 0 0 1 0 -1 0 0 0 0 -1 0 -1 0 2 2 -1 -1 0 0 0 -1 0 0 0 0 0 1
0 0 0 0 0 1 0 23 0 0 0 -1 -1 2 0 0 0 1 0 0 1 0 0 0 0 0 1 0 -1 0 0 0 0 -1 0 -2 2 0 1 0 2 -1 1 0 0 0 1 1 0 0 0 0 0 0 -3 0 1 -1 0 1 1 -1 0 0 1 1 -1 1 0 0 0 0 0 1 0 1 0 0 -1 0 0 2 1 0 0 1 -1 0 1 0 0 3 0 1 -2 0 1 0 0 -2 -2 3 0 0 3 0 0 0 0 1 0 1 -2 0 1 1 0 1 0 0 1 0 1 0 0 1 1 0 0 0 1 0 -2 0 0 -1 -1 0 0 -1 0 -1 0 1 1 -1 -1 -2 1 2 0 0 1 0 -1 0 1 0 -1 0 0 0 -1 0 0 1 0 1 -2 0 -1 -1 0 0 0 0 0 0 0 0 1 0 0 1 0 1 1 0 -1 -1 0 -1 0 0 -1 0 -1 -1 -1 -1 0 0 1 0 0 0 -2 0 0 -1 1 2 0 -1 0 0 -3 -1 2 1 -1 0 4 -1 0 0 0 0 -2 0 0 0 -2 0 0 1 0 0 0 0 -1 0 1 0 0 -1 2 0 3 1 0 0 1 -1 0 0 2 0 1 1 0 1 1 1 -1 -2 2 0 1 0 -1 1 0 0 0 0 1 -1 0 -1 -2 0 1 1 0 0 1 0 -1 0 0 0 1 1 1 0 2 1 1 1 0 0 0 1 0 0 -1 0 1 0 -1 0 0 1 -1 -2 0 0 0 1 -1 0 -2 2 0 1 0 0 1 0 -3 0 0 -1 0 0 0 -2 -1 0 1 0 0 0 0 -1 1 0 -1 0 0 0 -2 -1 0 -1 0 -1 1 0 1 1 0 0 -1 0 -1 0 1 3 0 1 -1 1 2 0 0 2 0 1 0 -1 0 1 0 0 -2 0 -1 0 -1 0 0 0 0 -2 -1 0 0 0 0 0 0 0 0 1 1 -3 1 -1 -1 -1 0 2 0 0 0 0 2 1 0 -1 0 0 0 -1 0 -1 1 0 1 0 0 -1 1 0 0 0 -1 0 0 1 0 0 0 -1 0 0 -2 0 0 0 -1 -1 0 1 1 0 0 0
-1 -1 1 2 0 0 0 0 20 0 1 0 0 -1 2 -1 -1 1 0 0 0 1 1 2 0 2 0 0 -1 0 1 0 2 0 -1 0 -3 1 1 0 0 -1 0 0 2 1 -1 0 1 1 0 0 0 0 -1 -1 0 1 1 2 1 0 1 1 0 0 1 0 0 -1 0 1 0 -1 -2 0 0 1 -2 -1 2 -1 -2 0 0 -1 0 -1 -1 0 0 -1 2 0 -1 0 0 -1 0 2 0 -2 -1 1 0 -1 1 0 1 0 0 -2 0 1 1 0 0 0 0 -2 -1 1 -1 0 0 0 -1 0 1 -1 0 -1 1 0 -1 1 0 -1 1 0 1 0 0 0 -1 -2 1 3 0 0 -1 -2 0 0 0 -1 0 -1 0 0 0 -1 1 0 1 0 0 -1 0 1 1 0 0 -1 1 0 -1 0 -2 -1 -2 1 -1 0 0 0 0 0 -1 0 1 0 0 0 -1 0 1 0 -1 0 1 0 0 0 0 0 -2 0 2 -1 0 0 1 0 -1 0 0 -1 0 -1 -2 0 1 0 0 1 0 0 0 1 0 -1 1 0 0 0 0 0 1 1 0 0 0 0 0 1 -1 0 0 0 0 1 -2 0 1 -1 -1 0 1 0 1 0 1 0 1 0 0 1 2 -1 -1 0 -2 0 -1 -1 -1 0 0 0 1 0 -1 1 -1 0 0 0 0 0 1 0 -2 0 1 0 0 1 0 0 0 1 0 0 -1 0 0 -2 -1 0 -1 0 0 0 1 0 2 1 0 0 1 0 1 0 0 1 0 0 -1 -1 -1 0 0 0 0 1 0 0 0 -2 0 0 -2 0 -2 1 0 -1 0 0 -1 -1 0 2 0 2 -1 0 2 -1 0 -1 -1 0 1 -1 1 0 -1 0 -1 0 -1 -1 0 1 2 -1 0 -2 0 -1 0 1 0 0 0 0 0 -1 1 0 1 0 1 0 1 3 0 0 0 -2 -2 0 1 1 0 0 0 0 -1 0 1 1 1 1 1 0 0 0 0 0 -1 0 0 -1 2 0 1 0 0 0 0 -1 1 1 -1 1 0 0 1 0 4 1 -2 -1 1 -1 0 2 0 -1 1 0 -1 1 1 0 0 0
-1 0 1 0 -1 -1 0 0 0 23 -3 -1 0 0 1 -1 1 0 -1 -1 0 0 0 1 1 0 0 0 0 1 0 0 1 0 0 0 0 0 0 -1 1 0 0 0 2 0 0 0 0 -1 0 0 0 4 1 1 -1 -1 0 1 0 -2 1 1 0 1 -1 0 1 1 1 0 0 0 0 -1 0 2 1 -1 0 -1 0 0 1 2 0 0 1 0 -1 1 0 0 0 1 1 0 0 2 1 1 -1 0 1 1 1 0 0 2 0 0 1 -1 0 2 1 0 0 0 1 0 0 0 3 1 2 0 0 0 0 0 1 0 2 0 0 1 0 1 1 0 2 2 0 -1 0 0 1 0 0 1 -1 -1 1 -1 2 2 1 0 0 0 1 0 1 0 1 1 2 2 -1 0 1 0 -1 1 0 1 1 -2 0 0 1 0 -2 -1 -1 0 -1 -1 0 0 1 2 0 1 2 0 0 0 0 1 -1 0 0 0 0 -2 2 0 0 0 0 2 0 1 0 1 1 -1 0 0 0 1 2 0 -3 2 0 0 2 1 0 0 0 0 0 -1 0 0 0 2 0 0 0 0 2 -1 1 1 2 0 -2 0 0 0 -1 1 1 0 0 0 -2 0 1 1 2 0 1 1 0 0 0 0 0 0 0 1 0 3 0 0 3 2 0 1 0 0 -1 0 2 0 0 0 0 0 -1 1 0 -1 1 0 1 2 1 3 2 0 0 1 1 1 0 0 0 1 -1 2 3 0 0 -1 0 3 0 1 0 -1 0 0 -1 0 1 0 0 0 0 0 -1 1 0 0 -1 1 -2 -1 1 0 -1 -1 1 1 -1 1 0 0 0 0 -1 0 -1 1 3 1 0 0 1 0 0 0 0 0 0 2 0 1 1 0 0 1 1 3 1 1 3 0 2 0 0 -1 0 1 0 -1 1 0 0 0 1 0 0 0 0 2 -1 0 -1 0 0 1 1 0 -1 0 0 1 -1 0 0 0 0 0 0 0 -1 1 0 -2 -1 1 0 1 0 0 -1 1 1 0 0 0 1 -1 0 -1 1 0 1 2 0 0 3 2 -1 -1 -1 0 1 -1 -1 0
-1 -1 1 0 0 0 0 0 1 -3 18 0 0 0 0 2 0 0 2 0 0 0 0 0 1 -1 0 0 0 -2 -1 -1 -1 0 0 -2 0 0 0 0 0 0 0 0 0 0 1 0 0 -1 1 0 0 0 1 2 1 0 1 -1 -1 0 0 1 -1 1 1 0 0 0 2 1 -1 0 1 1 1 -3 0 1 -1 1 0 -1 0 -1 0 -2 -3 -1 2 0 0 0 1 -1 0 0 -1 -1 1 1 0 2 0 1 -1 0 0 1 0 0 0 1 0 1 0 1 1 -1 0 0 0 0 0 0 1 0 0 0 0 -1 0 0 1 1 1 0 0 0 -1 -1 0 0 0 0 0 0 0 0 0 0 0 1 0 0 0 1 0 0 0 0 0 0 0 0 0 -1 1 2 2 1 1 -1 0 1 0 -1 1 -2 -2 0 -2 -1 0 0 1 -1 1 0 -1 0 -1 0 1 0 0 0 -2 0 0 0 1 0 0 0 0 -2 -1 0 0 1 1 0 -1 1 0 1 0 -1 0 1 0 -1 1 1 1 0 -1 0 -1 0 -1 -1 0 0 0 0 1 0 0 -1 -1 0 -1 0 -2 2 1 0 1 0 1 0 0 0 1 -2 -1 0 0 0 2 0 0 -1 0 0 1 0 0 0 1 1 0 1 0 -1 -1 0 -2 0 1 0 0 0 -1 0 1 -1 0 0 -1 0 0 1 1 -1 0 0 -1 0 -1 0 -1 0 0 0 1 0 0 0 0 0 0 0 0 0 -2 0 0 0 0 -1 0 -1 1 1 0 0 0 -1 1 0 0 0 0 0 2 1 1 0 0 0 0 0 0 0 1 0 -1 0 0 -1 1 0 0 -1 0 0 2 0 -1 0 3 0 1 0 1 1 0 -1 0 1 0 0 0 0 1 -1 0 -2 0 0 -1 0 -1 0 1 0 0 0 1 1 -1 0 0 0 1 0 0 0 0 -1 -1 -1 0 0 0 0 -1 0 1 -1 -1 2 -1 1 -1 0 0 0 0 1 0 0 1 3 0 2 -1 0 0 2 -1 0 -1 -1 -1 1 1 1 1 0 0 0 0 1 0 1 0 0 2 -1 0 0 -3 1 0 0
-1 0 0 0 0 0 0 -1 0 -1 0 18 -1 1 2 1 -2 1 0 0 0 -1 0 0 -1 0 0 0 1 -1 0 0 0 2 0 -1 1 0 0 0 0 0 0 0 1 0 0 0 0 0 0 1 1 -2 1 0 2 0 1 0 2 0 0 -1 0 -1 0 0 1 1 0 0 1 1 0 -1 0 -1 -1 1 0 0 0 0 0 0 0 0 -1 0 0 -1 0 1 1 -1 -1 0 0 1 1 0 0 0 1 1 0 0 0 1 0 0 0 -1 0 0 -1 -1 -1 0 -1 0 0 0 0 0 0 0 1 0 0 1 1 0 -1 0 0 1 0 0 0 0 0 -2 0 1 0 0 0 0 0 0 0 1 -1 0 0 1 -1 1 0 1 1 0 0 -1 0 -1 -3 0 -1 1 -1 2 0 0 -1 -1 0 0 1 1 0 0 0 0 0 1 -1 0 -1 1 0 0 1 1 0 1 1 0 0 1 1 0 1 0 1 -1 0 0 -1 1 -1 2 0 -1 2 0 0 1 1 0 0 0 0 0 1 -1 1 0 -1 0 0 0 0 0 0 1 0 1 -1 0 0 0 0 0 0 -1 -1 2 -1 0 0 -2 1 1 0 0 -1 0 1 0 1 0 0 2 -1 0 0 0 0 0 2 0 0 0 0 1 0 -3 -1 0 -1 0 -2 0 1 0 0 1 0 0 -1 0 0 2 0 -2 0 0 0 0 1 0 0 1 -2 -1 0 0 -1 0 -1 0 0 0 1 2 -1 1 0 0 0 0 1 0 0 0 0 0 0 0 0 0 0 -1 0 -1 0 -2 0 0 0 1 0 1 0 2 1 0 0 2 0 0 -1 1 0 -1 1 -1 1 0 -2 0 1 0 0 0 0 0 0 0 -1 1 1 1 0 0 0 0 -1 0 0 1 -2 0 0 1 0 0 0 0 0 0 0 0 1 0 1 0 0 0 0 0 2 1 0 0 0 0 2 1 -1 1 -1 0 0 -1 0 0 0 0 1 1 1 -1 0 -1 0 0 1 1 -1 1 -2 2 0 1 1 1 0 0 0 1 0 2 1 0 0 0 -2 0 0 1 0 -1 0 1 1 -1
0 -1 0 1 0 0 0 -1 0 0 0 -1 12 0 -1 0 0 -1 0 0 1 -2 0 0 0 0 0 0 0 0 -1 0 0 2 0 0 -1 1 0 0 1 0 0 0 -1 0 -1 -1 1 0 0 0 0 0 0 1 1 0 0 0 -1 0 0 0 0 0 0 0 0 0 0 0 0 0 0 1 0 -1 0 0 0 0 1 0 0 0 0 0 1 -1 0 0 0 0 1 0 0 1 0 0 1 -1 0 0 0 1 -1 0 0 0 0 0 0 0 0 0 0 1 1 0 0 0 -1 0 -2 0 -1 -2 -1 0 -2 1 1 0 0 0 0 0 -1 0 0 0 0 1 -1 -1 -1 0 0 0 0 0 -1 0 1 0 -1 0 0 -2 1 -1 1 0 1 1 0 0 1 0 1 1 1 -1 0 0 1 0 0 0 0 1 1 0 0 0 0 -2 1 -1 0 0 1 0 -1 0 -1 0 1 0 0 0 -1 2 0 1 0 0 1 -1 0 1 0 0 0 0 -1 1 0 0 0 0 0 0 0 0 0 0 3 1 -2 0 1 0 1 0 1 -1 0 2 0 0 0 0 0 0 0 0 0 0 0 -1 0 0 0 0 0 0 0 -1 0 0 1 0 0 0 1 -1 1 0 1 2 1 0 1 0 1 0 0 0 0 0 0 -1 0 1 0 0 0 0 0 0 0 -1 -1 0 -1 -1 0 0 1 0 0 0 0 1 1 1 2 0 0 0 1 0 1 0 1 1 0 0 0 0 -1 1 -1 -1 1 0 0 0 1 0 -1 0 1 1 0 0 0 0 -2 0 0 0 0 0 0 1 -1 0 0 0 0 0 0 1 0 0 0 0 0 0 0 0 0 0 1 0 0 0 0 -1 1 0 0 0 0 0 0 1 0 0 0 1 0 1 2 0 1 1 2 0 -1 -2 2 0 0 0 0 2 0 0 0 0 0 2 -1 -1 0 0 0 0 -1 -2 0 0 -1 0 1 -1 0 1 0 0 0 0 0 1 0 0 0 0 0 0 -1 0 0 0 -1 0 0 0 1 1 0 0 0 0 1 0 0 0 0 0 0 -2 -1 0 0 0
0 0 0 0 0 0 -1 2 -1 0 0 1 0 16 -1 -1 1 1 0 -1 2 0 0 0 0 0 0 1 1 0 0 0 0 0 1 1 0 0 0 0 1 0 -1 0 0 2 1 0 0 1 -1 0 -1 0 0 0 2 0 -1 1 1 -1 -1 1 0 0 0 0 -1 -1 -1 1 -1 0 0 0 0 0 -1 0 0 -1 1 -1 -1 2 -1 0 1 1 0 1 1 -2 -1 0 -2 0 -1 0 1 0 0 0 1 1 0 0 0 0 -1 -1 0 0 1 1 0 0 0 0 1 2 1 0 -2 -1 -1 1 0 0 1 0 0 0 0 0 0 0 -1 0 0 0 0 0 -1 0 0 0 0 0 1 0 0 -2 0 1 -2 0 -1 1 0 0 0 0 0 0 0 0 -2 0 -1 0 0 0 0 0 0 0 0 0 0 0 1 -2 1 0 1 1 -1 1 1 0 -1 0 0 0 0 -2 0 0 0 0 0 0 1 0 0 0 -1 0 -1 0 3 0 0 -2 0 0 0 0 0 0 1 0 0 0 2 0 0 -2 -1 -1 -3 1 0 3 -2 0 1 0 1 0 0 0 0 -1 0 0 0 1 1 1 0 0 0 0 0 1 1 1 0 0 0 1 0 -1 0 0 0 0 -1 0 0 0 -1 0 1 0 0 0 -1 0 0 2 0 0 0 0 0 0 1 1 0 0 1 0 0 0 0 1 0 -1 0 0 0 0 0 0 0 0 1 0 0 0 0 -1 2 -1 0 1 1 0 -1 -1 1 1 0 0 1 0 0 1 0 0 0 -2 0 1 -1 0 0 0 0 1 1 0 0 1 0 -1 -2 1 -1 1 0 1 -1 1 -1 0 0 0 1 0 0 0 0 0 -1 0 0 1 1 0 -1 0 0 0 1 2 1 -1 1 0 2 0 0 0 0 1 0 0 0 0 1 0 0 0 1 0 -1 1 0 0 0 0 -1 0 0 -1 0 0 1 -1 -1 0 0 0 0 1 -1 1 2 2 1 0 0 -1 0 0 -1 -2 0 0 1 2 0 0 1 0 -1 1 1 -1 2 0 -1 0 0 0 0 2 0 1 1 0 -1 0 0 -1
-1 -2 -1 0 0 0 0 0 2 1 0 2 -1 -1 24 0 1 0 0 -1 0 0 1 2 0 0 0 0 0 0 0 -1 2 1 2 0 0 0 0 1 1 1 -1 -1 0 0 -2 0 1 1 1 0 1 0 0 0 -1 0 1 0 1 -1 -1 0 1 0 0 1 2 -1 1 0 2 0 -2 -2 0 0 0 -1 0 0 0 -1 1 0 0 0 0 0 2 2 1 0 -1 -1 2 0 0 0 0 -1 0 2 2 0 2 1 1 0 1 1 0 1 0 -1 0 0 0 0 -1 0 0 1 -1 0 1 0 1 0 0 1 0 0 2 1 1 0 1 1 0 0 0 0 1 -1 0 1 1 0 1 1 0 1 1 0 2 -1 3 -1 2 0 -1 1 0 -1 1 0 -1 0 -1 0 0 -1 1 -1 0 0 0 1 1 0 0 1 0 0 0 -1 -1 -1 0 -1 1 0 -1 3 1 1 0 1 0 1 -1 1 0 0 -1 1 1 1 0 1 1 1 1 1 1 2 0 0 -2 -1 0 -1 1 1 0 1 -1 0 0 0 -1 0 1 0 -1 0 0 1 2 0 -1 1 0 0 0 -1 0 2 0 0 1 -1 0 0 1 0 1 1 2 1 -1 -1 0 1 0 1 0 1 0 0 -1 -1 1 0 -4 -2 -1 2 -1 1 0 -1 0 -1 1 0 2 1 -1 1 -1 1 1 0 0 -1 0 -1 0 0 1 1 0 1 1 -2 -1 1 0 2 0 0 -1 2 0 2 1 0 0 -1 3 0 1 0 1 0 0 1 0 1 0 0 0 0 -1 0 0 0 -1 1 1 2 -1 -1 0 -1 2 0 0 1 0 0 1 1 0 1 -1 0 0 0 -1 2 0 1 -1 1 0 0 0 0 1 0 -1 0 2 0 -1 0 0 -1 0 0 0 -1 2 0 -2 -1 -1 -1 -1 1 -1 -2 0 0 -1 0 0 0 0 -1 0 1 -1 0 1 -2 -1 1 -1 1 0 1 1 -1 0 2 0 -1 -1 -2 0 0 -1 0 0 0 2 1 0 2 0 1 0 0 0 0 2 0 1 0 1 1 0 -1 1 0 0 1 -1 0 0 -1 2 0 0 -1
0 1 0 1 0 1 1 0 -1 -1 2 1 0 -1 0 23 0 -1 0 0 -1 -1 0 0 -2 0 0 -1 1 1 0 -1 0 1 0 0 2 0 1 0 0 1 0 0 0 1 0 0 0 1 0 0 0 -1 0 1 0 0 0 0 -1 1 -2 -2 -1 -1 -1 -1 0 1 2 1 1 1 1 0 2 -1 1 0 1 -1 -1 -1 0 0 -1 2 0 0 0 1 0 0 0 -1 0 0 2 0 1 0 -1 1 0 0 1 0 -1 1 0 0 0 0 0 0 -2 0 0 0 0 -1 0 1 -1 0 2 0 0 0 -1 0 1 1 0 -1 0 1 0 0 -1 1 1 1 1 2 -1 -1 0 1 -1 0 1 0 0 -2 -1 1 1 0 0 1 1 0 2 -1 -1 -1 -1 0 -1 1 0 1 0 0 1 -1 2 0 2 -1 1 0 1 0 0 -1 1 0 -1 0 0 0 1 -2 -1 1 -1 -1 0 0 0 0 0 -1 0 -2 -1 1 1 0 0 0 -2 1 0 -1 -1 3 1 0 1 -2 1 0 1 -1 0 1 0 1 1 -1 -2 0 1 0 0 -1 0 2 0 0 -1 0 0 1 -2 1 0 0 1 0 1 0 1 -1 1 0 0 0 -1 0 0 0 -1 -1 -1 -1 1 1 -2 0 -2 -2 0 -3 0 0 0 -2 0 -2 1 -1 -2 1 -1 0 1 -1 0 -1 0 1 0 1 0 0 0 2 -1 1 1 0 0 1 0 0 0 -2 0 0 1 0 1 0 0 0 0 0 0 1 -1 0 1 1 0 1 -1 0 0 -1 0 0 0 1 1 0 -1 1 2 -1 4 0 0 0 0 0 0 -1 0 1 0 1 0 -1 1 -1 0 0 1 1 0 0 0 -1 1 0 -1 1 1 0 0 0 0 2 0 -1 0 -1 0 1 1 0 0 0 1 0 0 -1 2 0 0 1 0 1 0 0 1 0 1 -2 0 -1 0 -1 0 0 1 -2 -2 0 0 1 2 -1 0 1 0 0 1 0 2 0 0 1 0 0 -2 0 -1 0 0 0 0 0 0 0 0 2 2 1 -1 -1 -1 0 -1 1 1 0 1 -2 0 -1 0 0 0 1
0 0 -1 -1 -1 0 0 0 -1 1 0 -2 0 1 1 0 19 1 1 0 0 0 0 1 0 0 1 1 -1 0 1 -1 0 -2 1 1 0 0 0 0 0 2 1 1 -1 0 0 1 0 0 0 0 1 0 -1 -1 0 0 -1 0 0 1 1 1 1 1 0 1 0 0 1 1 0 0 0 0 0 3 0 -1 0 0 0 1 0 1 -2 0 -1 1 0 0 1 -1 0 0 0 1 1 -1 1 -1 -1 1 -1 0 -1 -1 0 1 0 2 -2 0 1 1 1 0 1 1 0 0 1 1 -1 0 1 0 -2 0 -2 0 1 0 3 1 1 0 0 1 0 0 -1 0 1 0 0 0 -1 0 0 0 1 2 1 1 1 0 0 0 0 0 -1 0 0 1 1 0 2 0 1 -1 1 0 1 1 0 1 1 1 0 0 0 0 0 -1 0 0 0 -1 1 0 0 0 0 0 1 -1 1 0 0 1 0 1 -1 0 1 1 1 1 0 -1 0 1 1 0 1 0 0 -1 -2 0 0 0 0 0 0 0 1 1 -1 2 0 0 0 0 1 2 -1 1 1 1 0 0 0 0 3 -1 1 0 1 0 0 1 -1 1 1 1 0 2 0 0 0 0 0 0 1 0 1 0 0 0 -1 0 1 3 -1 -1 1 0 0 1 0 0 0 0 0 0 0 1 0 0 0 0 0 0 1 0 2 1 0 1 0 -1 0 1 -1 3 1 0 1 1 0 0 0 0 0 1 1 -1 -1 0 -1 -2 0 -1 0 0 2 1 0 0 0 0 0 0 0 -1 -2 0 0 1 0 -1 2 0 0 0 -1 0 -2 0 1 2 0 -1 -1 2 1 0 -3 0 0 0 0 1 0 -1 -1 0 0 1 2 1 1 0 0 0 0 1 2 2 0 -1 0 -1 0 1 1 0 0 0 2 1 3 0 0 0 0 -1 0 0 2 0 -1 1 -1 0 1 1 0 0 0 1 1 0 1 -1 0 0 1 -1 1 0 0 0 1 1 0 0 0 -1 0 1 1 -2 0 2 1 -1 0 0 0 -1 4 1 -1 1 0 0 -1 0 0 0 0 -1 0 0 0 1
1 -3 1 0 0 0 0 1 1 0 0 1 -1 1 0 -1 1 22 -2 0 2 2 0 1 -1 2 0 0 0 0 0 1 -1 1 0 1 1 0 0 0 1 0 -1 0 0 2 0 0 0 0 0 0 0 1 0 0 2 1 0 2 3 1 0 2 1 1 0 0 2 0 -2 0 1 2 0 1 1 1 0 2 0 1 1 -2 1 2 0 0 1 -1 0 0 1 -1 0 -1 0 0 0 0 2 0 0 0 1 1 -1 0 0 -1 0 0 0 -1 0 0 1 0 0 0 0 0 1 0 2 0 0 0 3 1 0 2 0 0 1 -1 0 -3 0 0 0 0 0 -1 -1 -1 0 1 1 0 1 -1 0 0 -1 -1 -1 0 0 1 0 1 -1 0 0 0 0 0 -1 0 0 3 -1 -1 0 -1 0 0 0 1 0 0 1 2 1 -1 2 2 0 1 -1 1 1 1 0 3 0 -1 0 0 0 -1 2 1 0 0 0 0 3 -1 0 -1 0 0 0 0 2 0 1 -1 -1 0 1 0 0 2 0 -2 -2 0 0 -1 -1 0 0 -1 0 0 -2 1 -2 1 0 2 1 2 1 1 -1 1 2 1 1 0 -2 0 0 0 0 0 0 0 0 0 -1 1 1 1 -1 0 0 -1 -4 0 0 2 0 -1 0 -1 -1 1 0 1 -1 -1 1 0 0 0 1 0 -1 0 0 1 0 1 0 -1 0 0 0 0 0 2 0 1 1 0 0 0 1 1 0 1 0 0 0 -1 0 0 1 0 0 0 0 2 -1 -1 -1 0 2 -1 2 -2 1 1 2 1 1 0 0 -1 0 1 0 0 0 0 0 1 -1 0 0 -1 -1 1 0 2 0 -1 0 0 1 1 1 0 1 -1 0 -1 -1 0 0 0 0 0 0 1 0 0 0 0 0 0 0 -2 1 -2 1 0 0 0 0 0 -1 2 1 0 0 2 -1 -1 0 0 -1 3 1 0 2 2 1 0 0 2 0 0 0 0 0 0 -1 0 -1 -2 2 0 0 1 0 -1 -1 1 -1 0 0 0 -1 0 0 0 1 -1 0 0 1 0 0 0 -1 -1 2 -1 0 2 0 0 0 0
0 1 1 -1 0 1 1 0 0 -1 2 0 0 0 0 0 1 -2 17 0 -2 0 0 0 0 1 -1 -2 -1 0 1 -1 0 0 -1 -1 0 0 0 0 0 0 0 0 0 0 0 0 0 0 0 0 0 0 0 1 2 0 1 -1 1 -1 0 0 -1 0 0 0 -1 -1 -2 0 0 -2 0 0 0 -1 0 0 0 1 2 2 -1 -1 0 0 -1 -1 0 -1 -1 0 1 -1 -1 -2 0 -2 -2 0 0 1 0 1 0 -1 0 0 -1 -1 0 -1 1 1 0 -1 0 0 1 0 1 0 1 0 0 0 -1 0 0 -3 0 -1 0 0 0 1 0 0 2 0 -1 0 0 0 0 0 0 0 0 0 0 1 0 1 0 1 1 0 0 -1 1 0 -1 -1 0 0 0 0 0 1 0 3 0 1 0 1 1 -1 1 0 0 0 -2 0 -2 0 0 0 0 2 -1 1 0 -1 -2 0 -1 0 1 0 0 0 -1 0 0 2 0 0 0 0 0 0 0 -1 1 0 0 2 -1 0 0 0 1 0 0 0 -2 0 0 -2 0 0 0 0 0 1 2 0 1 0 0 0 1 -1 1 0 1 0 0 1 0 0 0 0 0 -1 0 0 0 0 1 0 0 1 -1 0 -1 0 0 0 1 0 0 1 1 0 -2 0 -1 0 0 0 1 0 -1 0 1 0 -1 0 -1 0 0 0 0 -1 0 0 0 -1 -1 1 0 -1 0 0 -1 0 0 0 0 -2 0 1 0 0 -3 0 -1 0 0 0 0 -1 0 -1 0 -1 -1 1 -2 0 0 0 0 1 -2 0 0 -1 1 0 0 0 1 0 1 -1 -1 0 2 0 0 0 -1 -1 0 1 0 0 0 0 1 1 1 1 0 0 0 -1 0 0 0 0 -2 0 0 0 0 0 0 0 0 0 0 2 0 2 0 2 0 0 0 0 0 0 -5 0 1 0 0 0 -1 0 0 0 -1 -1 0 -1 0 0 0 -1 0 0 1 1 0 0 0 -1 0 0 0 0 0 2 0 0 -1 0 0 0 1 0 -1 0 1 0 -1 -1 -1 0 0 1 0 0 -1 0 0 -1 0 -1 0 0 -1 1
-1 0 0 0 -2 0 0 0 0 -1 0 0 0 -1 -1 0 0 0 0 13 0 -1 0 0 0 0 0 0 0 -1 0 1 0 0 1 1 0 0 0 0 0 0 0 0 1 0 1 0 0 0 0 1 1 0 -1 0 0 0 1 0 -1 0 0 0 0 0 1 1 0 0 0 0 0 -1 0 0 0 0 1 0 2 0 0 2 0 0 0 0 -1 -1 0 -1 0 0 0 1 -1 0 0 0 -2 0 0 0 1 0 1 1 0 0 0 0 -1 0 -1 0 -1 0 -1 0 0 -1 0 0 0 0 1 0 0 0 0 0 1 -1 1 0 0 0 0 0 -1 0 1 -1 1 0 0 1 0 0 0 0 0 0 1 -1 1 0 0 1 0 -1 0 -1 0 0 -1 0 1 0 0 0 -1 -1 0 1 0 0 0 0 0 1 0 0 1 0 0 -1 0 0 2 0 1 0 0 0 -1 -1 0 0 -1 0 1 0 0 2 1 1 0 0 0 0 -2 0 0 1 0 0 1 0 -1 0 0 0 0 0 0 1 -2 2 -1 -1 0 1 0 0 0 1 0 0 1 -1 0 -1 0 0 0 1 0 0 -1 -1 0 1 -1 0 1 1 0 1 0 0 0 0 0 0 0 0 0 0 0 0 0 0 0 -1 0 1 0 1 1 1 -1 -1 -1 0 0 0 0 1 0 0 0 0 1 -1 0 0 0 0 1 -1 0 0 0 -1 0 -1 0 0 0 0 0 1 0 0 -1 -1 0 1 0 1 0 1 0 -1 -1 0 1 0 0 0 0 1 0 0 1 2 1 0 0 0 -1 0 1 -1 1 -1 0 0 0 1 0 0 0 0 1 2 0 2 0 -1 -1 1 -1 0 0 0 0 2 0 -1 -1 0 0 0 -1 0 1 1 0 1 -1 2 0 -1 0 2 1 0 0 1 3 0 0 0 -2 0 1 1 0 0 0 -1 2 0 1 1 0 1 1 0 1 0 0 1 0 0 -1 0 0 0 0 0 1 0 0 1 -1 0 0 -1 -1 1 0 -1 -1 0 -2 0 0 0 0 -1 0 -1 -1 0 0 0 1 -1 0 -1 0 -1 0 0 0 0
0 1 -1 -1 -1 0 0 1 0 0 0 0 1 2 0 -1 0 2 -2 0 15 -1 0 0 -1 -1 0 1 1 0 0 0 -1 0 0 1 0 0 0 0 0 -1 -1 -1 0 1 0 1 0 0 0 0 1 1 -1 1 -1 0 -1 -4 0 -1 0 1 0 1 0 0 -1 -1 0 0 0 0 0 -1 -1 0 -2 0 0 0 0 0 0 0 -2 0 0 0 0 1 0 -2 -1 1 1 0 1 1 0 -1 0 0 1 0 -1 0 -1 3 0 -1 0 0 0 0 0 -1 -1 0 0 -1 0 -2 -1 0 0 0 0 0 0 -1 -1 0 0 1 0 -1 -1 0 0 0 -1 0 -1 0 0 0 0 0 0 0 0 0 0 0 0 1 0 0 0 0 -1 0 -1 0 0 -1 1 0 -1 0 1 -2 0 -2 -1 1 0 0 -2 1 0 1 2 0 1 -1 1 -1 1 0 0 0 -1 1 0 0 0 0 -1 0 -1 0 2 1 1 -2 -1 1 -1 0 1 0 0 0 -1 0 0 0 0 0 0 0 0 0 0 0 -1 -1 1 0 -1 0 0 1 -2 0 -1 -1 -1 0 -1 0 0 0 0 -1 1 0 1 0 0 1 0 0 1 1 1 -1 0 0 0 0 0 -1 0 1 0 0 1 0 0 0 0 0 1 1 0 0 1 0 1 1 0 0 0 -1 -1 1 0 0 0 -1 0 -1 0 -1 0 1 0 -1 0 0 0 1 0 0 0 1 0 0 0 2 0 0 0 0 0 0 1 0 -1 0 0 0 0 1 -2 0 2 0 1 1 -1 0 0 1 2 0 0 1 0 -1 0 -1 1 1 -1 -1 0 0 1 0 0 0 -1 0 1 -1 0 0 1 0 0 0 -1 0 0 0 0 0 -1 0 0 0 0 0 0 1 0 0 0 0 2 0 0 0 0 -1 1 0 0 0 -1 1 0 0 0 0 -1 0 0 0 -1 1 1 -1 0 0 0 0 -1 0 0 1 -1 0 0 0 -1 0 0 1 -1 -1 0 0 0 -2 0 -2 0 0 0 0 1 0 1 0 1 0 0 -1 0 0 -1 0 1 -1 1 0 0 1 0 0 0 0 1 0
0 0 0 3 -1 0 0 0 1 0 0 -1 -2 0 0 -1 0 2 0 -1 -1 20 0 2 -1 2 -1 -2 0 0 0 2 0 -1 0 0 0 0 1 1 -1 0 0 0 1 0 1 0 -2 0 0 0 1 0 1 -1 0 0 0 1 1 0 0 0 0 0 0 0 -1 0 0 1 0 0 0 0 -1 -1 0 0 0 0 0 0 1 0 0 0 1 1 -1 0 -1 0 -1 0 1 1 0 0 1 2 1 1 0 -1 0 0 1 0 0 1 1 0 0 1 1 0 2 0 0 0 0 0 1 0 -2 0 0 -1 0 1 0 1 0 0 0 0 0 0 0 1 0 0 -1 -2 1 0 0 1 0 0 1 0 1 1 1 0 -1 0 -1 1 0 0 -1 0 1 0 -1 0 0 0 -2 0 -3 0 0 0 0 1 0 -1 1 0 1 0 0 1 -1 0 -1 1 0 0 0 1 -1 0 -1 0 0 0 -1 1 -1 -1 0 0 1 0 -1 0 0 0 0 0 -1 1 0 0 0 0 1 1 0 0 0 0 0 0 0 -1 0 0 0 -1 1 0 1 1 -1 2 -1 1 1 1 0 0 1 0 1 0 0 -1 0 0 0 0 0 0 0 0 0 -1 0 0 0 0 1 0 0 0 -2 0 0 1 0 1 1 0 2 0 1 0 0 1 0 -1 1 -1 0 -1 0 -1 0 0 0 0 1 0 0 1 1 0 0 0 1 0 -1 -1 0 -1 0 0 1 1 2 1 -2 -1 0 0 0 0 0 1 0 0 0 1 0 1 0 0 0 1 0 0 -3 0 0 0 0 0 -1 1 0 0 -1 1 0 0 0 -1 -1 1 1 1 2 -1 2 2 2 -1 1 0 1 -1 0 -1 0 0 0 0 1 0 0 0 0 -1 0 -1 0 -1 1 0 0 0 -1 0 0 0 1 0 0 1 0 -1 -1 -1 0 0 0 0 0 -2 0 0 1 -1 0 1 1 0 0 1 0 0 1 0 1 2 -1 -1 -1 0 1 -2 -1 1 0 0 0 0 1 1 1 -2 1 1 0 -1 1 -1 1 -2 0 1 1 -1 0 0 1 0 -1 1 1 -1 0 0
0 0 0 0 -1 0 -1 0 1 0 0 0 0 0 1 0 0 0 0 0 0 0 17 1 -2 0 0 0 0 0 1 0 0 0 1 1 0 0 0 1 0 -1 0 -1 1 0 0 1 2 -1 0 0 0 -1 0 -1 0 0 1 0 0 1 0 0 1 0 0 0 -1 0 -1 0 0 0 -1 2 0 0 0 0 -3 1 0 1 -1 0 0 0 1 0 0 0 0 0 1 0 0 0 0 -1 0 -1 0 -2 -2 0 1 0 0 -1 0 0 -1 -1 0 0 0 0 0 1 -1 -1 0 0 1 0 0 0 -1 -1 0 0 0 -1 0 -2 1 0 -1 0 1 -1 0 0 0 1 1 0 0 -1 0 0 -1 0 1 0 -1 0 0 0 -1 0 0 0 0 -2 0 1 0 -2 0 0 0 0 -1 -1 0 0 -1 0 -1 0 0 1 -1 0 0 0 -1 0 -1 -2 1 3 0 1 0 0 0 0 0 0 2 0 0 0 0 2 0 0 0 0 0 1 -1 1 0 1 0 0 -1 0 0 0 -3 1 1 0 0 -1 0 0 0 0 -1 0 0 0 0 1 0 0 1 0 0 0 1 0 2 0 1 1 0 0 0 0 1 0 0 0 -1 0 1 0 1 0 0 1 -1 0 0 1 0 1 1 0 0 0 0 -1 0 0 0 0 1 0 0 -2 0 0 0 1 -1 0 1 0 0 0 0 0 1 0 0 1 1 -1 0 -1 1 0 0 0 1 -2 0 -2 0 1 2 -1 0 0 0 0 0 1 1 -1 0 0 0 -1 0 1 0 1 0 -1 0 0 0 0 -1 0 0 0 0 0 0 0 -1 1 2 1 0 0 1 -1 2 0 0 0 -1 1 0 1 0 1 -1 1 0 0 0 2 0 -1 1 -1 -2 0 1 0 0 -1 0 1 0 0 2 0 0 -1 0 1 1 0 1 0 -2 0 0 -1 0 1 0 0 0 1 -1 0 0 0 1 0 -2 0 -1 -4 0 0 2 0 0 0 -1 -1 0 0 2 0 -1 0 0 0 -2 -1 0 0 1 0 -1 0 0 0 1 0 -1 1 0 1 0 0 0 0 -1 2 0 0 0 0
1 0 1 1 -1 0 -1 0 2 1 0 0 0 0 2 0 1 1 0 0 0 2 1 20 0 3 0 -2 0 -1 -1 -1 -1 0 2 0 0 0 -1 0 0 0 -1 0 0 2 0 -1 0 -1 0 0 2 -1 -1 -1 0 0 0 1 -1 -1 0 0 -1 0 1 1 0 0 0 3 0 0 -2 1 1 -1 0 0 0 0 0 0 0 0 0 0 0 0 -1 0 1 0 0 0 -1 1 0 -1 1 -4 1 2 0 1 0 -1 0 2 1 1 1 1 -2 0 0 0 1 1 1 0 1 0 -1 1 3 0 0 1 -1 1 1 0 -1 -1 0 -2 -1 0 1 0 1 0 -1 -1 0 1 -1 -1 0 1 0 0 0 0 -1 0 1 0 0 0 -1 -1 -1 0 2 0 2 0 0 0 1 0 1 1 0 0 1 0 0 0 0 0 0 0 0 0 0 0 0 0 2 0 1 0 -2 -2 0 0 0 2 1 0 0 0 -1 0 2 1 -2 0 -1 -1 0 0 0 0 1 0 -1 -1 0 0 0 1 -1 0 0 -1 1 0 -1 0 -1 0 0 1 0 0 2 2 0 -1 1 1 0 0 3 0 0 0 1 -2 0 0 -1 0 0 2 -3 0 0 1 1 -1 0 0 0 0 0 0 -1 0 1 -1 -1 1 -1 0 -1 -1 0 0 0 1 0 0 0 0 1 0 1 1 1 0 -1 1 0 0 0 1 0 0 0 1 0 0 0 0 0 1 0 1 0 2 1 -1 0 0 0 0 1 0 1 0 0 1 -1 0 0 1 0 0 -1 0 0 0 1 0 1 -1 0 2 1 1 0 0 1 0 -1 -1 0 0 1 2 1 0 0 0 0 0 0 -2 1 1 1 0 -1 -2 0 0 0 0 0 0 1 0 0 -1 0 0 0 1 1 0 0 -1 1 0 -1 0 0 0 1 -1 -1 3 0 0 1 0 0 -1 0 1 0 0 0 1 1 2 1 0 0 0 1 0 0 0 -1 2 1 0 -1 0 0 -1 1 2 0 0 0 0 -1 0 1 -1 0 2 0 -1 2 0 0 1 0 0 0 -1 0 -1 1 1 0 1 0 0 0 1
0 0 0 0 0 0 0 0 0 1 1 -1 0 0 0 -2 0 -1 0 0 -1 -1 -2 0 12 1 1 1 0 0 0 -1 0 -1 0 0 -1 0 0 1 0 0 0 0 1 0 1 0 0 -1 0 0 0 0 0 0 1 0 0 3 -1 0 2 0 2 0 1 0 0 0 0 -1 0 -1 0 0 0 -1 0 0 -2 0 0 1 0 1 0 0 1 0 1 0 0 0 0 -1 -1 0 0 0 0 0 0 1 1 -1 0 0 1 0 0 0 0 0 1 0 0 0 2 0 1 1 0 0 -1 1 0 0 1 -1 0 0 -1 0 -2 2 0 0 1 0 0 0 1 1 2 0 0 0 -1 0 0 0 0 0 1 0 0 0 0 0 0 -1 0 1 -1 2 1 -1 1 0 -1 0 0 0 3 2 0 1 -1 0 0 0 0 0 0 0 0 0 1 0 1 -1 0 -1 0 0 0 -2 -1 0 0 1 0 0 0 0 -1 1 0 0 0 1 0 1 0 0 0 0 0 -1 0 0 0 0 0 0 0 0 1 0 0 0 0 0 1 1 0 0 0 0 0 -2 0 0 0 0 0 0 0 -1 0 0 0 0 1 0 -1 2 -1 1 0 0 0 0 0 0 0 -1 0 0 -1 -1 0 0 0 1 0 0 0 0 0 0 0 0 1 -1 1 0 0 1 0 0 0 1 0 0 0 2 0 0 0 1 0 0 0 0 1 0 0 0 0 0 0 1 0 0 0 0 0 0 0 1 0 0 0 0 0 0 0 0 0 0 0 1 1 0 1 -1 0 -1 0 -1 0 0 0 0 0 0 1 0 0 1 0 0 0 0 0 0 0 -1 0 -1 1 0 1 0 0 -1 0 1 1 -1 0 0 0 0 0 0 1 -1 1 0 1 0 0 0 0 0 -1 0 1 2 0 0 1 1 0 0 1 0 0 0 0 0 0 0 0 1 -1 0 1 0 1 0 -1 0 -1 1 0 0 0 0 0 1 0 0 1 0 1 0 0 1 0 1 0 1 1 0 0 0 1 0 0 0 0 0 1 0 0 1 1 0 0 1 0 -1 0 0 0 0
0 1 -1 2 -1 0 0 0 2 0 -1 0 0 0 0 0 0 2 1 0 -1 2 0 3 1 17 0 -2 0 -1 1 0 1 1 -1 0 0 1 0 0 -1 0 0 2 1 2 1 -1 1 0 -1 1 0 0 0 1 0 0 2 1 0 -1 1 0 1 -1 0 0 0 0 0 1 1 -1 -1 1 0 0 0 0 0 2 0 0 1 0 0 0 1 0 -1 0 0 0 0 0 0 0 0 -1 -2 -2 1 -1 0 0 1 0 0 0 1 0 1 0 0 -1 0 -1 0 0 0 1 0 0 0 0 -1 -1 1 0 1 0 1 1 0 0 -1 1 0 -1 0 0 0 0 -1 -1 0 0 1 -1 -2 0 0 0 0 0 -1 0 0 -1 0 0 0 0 0 1 0 0 1 0 -1 1 0 1 0 0 1 0 0 -1 0 1 0 0 0 0 -1 1 1 1 1 0 0 0 1 0 0 2 0 1 0 0 0 0 1 0 0 3 3 0 0 0 0 0 0 0 0 0 0 -1 -1 -1 1 0 0 0 0 -1 0 0 0 0 1 2 1 0 0 2 0 0 1 -1 0 1 1 0 0 0 0 0 0 0 0 -1 -1 0 0 1 0 -1 -1 -1 1 0 0 2 0 1 3 0 0 0 -1 -1 -1 1 1 1 0 0 1 1 -1 1 0 0 1 -1 0 0 1 2 0 0 -1 -1 0 2 0 1 2 2 0 0 0 0 0 0 1 0 -1 0 -1 -1 0 0 1 1 1 0 -1 1 1 0 0 0 2 0 0 0 -2 2 0 1 1 0 1 1 0 0 1 0 0 1 1 0 -1 0 1 2 0 -1 1 0 0 2 0 0 0 1 1 0 2 -1 0 0 1 0 -1 1 -1 -1 -1 0 -1 0 1 0 0 -1 1 0 0 0 1 0 -1 -1 1 0 0 0 2 0 0 1 0 2 1 0 1 -1 -1 0 -1 1 0 0 -1 2 0 1 0 2 1 0 0 0 -1 0 1 0 -1 1 0 0 0 0 0 1 1 0 1 -1 0 0 0 -1 0 0 0 0 1 0 0 0 0 0 1 1 0 -1 1 -2 0 1 0 0 0 0
-1 1 -1 0 0 0 1 1 0 0 0 0 0 0 0 0 1 0 -1 0 0 -1 0 0 1 0 18 -1 0 0 0 -1 2 0 0 2 1 0 0 0 1 -1 3 0 -1 1 1 0 0 0 0 0 -1 0 1 -2 1 0 -1 0 1 1 0 -1 0 0 -1 1 0 1 0 1 0 0 -1 0 1 2 0 1 1 0 0 1 0 1 0 -1 1 0 0 0 0 0 0 0 0 0 0 -1 0 2 0 1 1 -1 0 1 0 0 0 2 0 0 1 0 0 0 -3 2 1 0 0 -1 0 1 1 -1 0 0 -1 2 1 0 0 0 1 0 1 -1 1 0 1 0 0 0 -1 0 -1 0 0 -2 0 1 0 -1 0 0 0 1 1 5 1 1 0 0 1 0 0 1 0 0 0 0 3 0 -1 1 0 0 -1 0 1 1 0 -1 0 0 0 1 0 0 1 0 0 0 1 1 1 0 0 0 0 -1 0 0 1 1 1 -1 0 1 0 -1 0 1 0 0 0 0 1 0 0 1 -1 0 -1 0 0 0 -1 0 1 0 0 2 0 0 0 1 3 0 0 0 0 0 -2 1 0 0 -1 -1 0 0 0 0 0 -1 0 0 0 -1 1 1 1 0 -1 1 1 -1 0 0 -1 0 3 0 0 1 -1 0 0 0 0 -1 0 3 3 0 1 2 0 1 0 0 1 1 0 1 0 0 0 0 0 -2 1 0 0 0 2 1 -1 0 0 0 0 1 0 0 0 2 0 -1 0 1 0 1 0 0 0 0 1 1 0 0 0 1 0 0 -1 -1 1 1 -1 0 0 1 -2 0 1 1 -1 0 1 1 0 0 0 -1 -1 -1 0 -2 0 0 0 0 0 2 -1 1 0 0 2 0 0 0 2 -1 1 0 0 0 0 -1 -1 0 0 0 0 1 0 0 1 0 -1 1 3 1 1 1 0 0 0 0 0 0 1 0 1 -2 0 1 0 0 0 0 0 -1 0 0 0 0 0 1 0 1 1 1 -1 0 0 -1 0 -1 0 1 0 0 0 1 0 0 0 2 1 0 -1 0 0 1 1 0 0 0 -1 0 0 0 1 -1
-1 0 0 0 0 0 0 0 0 0 0 0 0 1 0 -1 1 0 -2 0 1 -2 0 -2 1 -2 -1 17 0 1 1 1 -1 1 -1 0 0 1 0 0 -1 0 0 -1 0 0 0 0 0 -1 1 0 1 -2 0 0 0 -1 -1 -1 0 -2 0 0 0 0 0 0 2 0 0 0 -1 2 0 0 1 0 0 -1 -1 1 -1 1 0 0 0 1 0 -1 1 0 1 -1 -1 1 0 0 0 -1 0 0 -1 0 0 0 0 0 2 0 -1 1 0 0 1 -1 -1 0 0 -1 -1 1 0 2 -1 0 0 -1 -1 -1 0 -1 -1 0 0 0 0 0 0 1 0 -1 -1 1 0 -2 0 0 -1 0 0 0 0 -1 0 2 0 -1 1 0 1 -1 1 1 0 0 -1 -1 0 -1 0 0 0 -2 -2 0 0 0 -1 0 0 0 0 -1 0 1 0 -1 0 0 0 0 0 0 0 0 1 -1 -1 0 0 0 0 0 0 0 0 -1 0 1 -1 0 -1 0 0 -1 1 0 0 0 -1 0 0 0 0 0 0 1 1 2 0 0 0 0 -1 -1 -1 0 0 0 -1 -1 0 0 -1 0 1 0 -1 -1 0 -1 0 -1 0 0 0 1 0 0 0 1 1 -1 -1 -1 0 0 0 0 0 0 -2 0 0 0 -1 0 0 0 -1 0 0 1 0 -1 -1 0 -1 0 0 -2 1 0 2 0 0 0 -1 0 -1 0 0 0 0 0 -1 0 0 0 0 -1 0 1 -1 1 -1 0 0 0 2 0 0 0 0 0 0 0 0 0 1 0 1 0 0 0 0 0 0 1 0 0 0 0 0 0 0 0 0 1 0 1 0 0 1 -1 0 0 1 1 -1 1 0 1 0 1 0 -2 0 0 0 1 0 0 -1 -2 0 -1 0 0 0 0 0 1 0 0 0 0 -1 0 2 1 1 0 0 1 -1 0 0 0 -1 0 -1 0 -2 0 1 0 0 0 -1 0 3 0 0 0 1 -1 0 -1 0 0 1 1 0 0 1 0 0 0 0 0 0 0 1 0 -1 1 1 0 0 -1 0 0 0 0 0 -1 1 0 0 -1 0 0 0 1 1 0 -1 -1
0 -1 1 0 0 -1 -1 -1 -1 0 0 1 0 1 0 1 -1 0 -1 0 1 0 0 0 0 0 0 0 20 -1 1 2 0 2 0 0 1 0 1 0 0 0 -1 1 -2 0 1 0 0 -1 0 1 -1 0 0 0 1 0 0 -1 -1 -2 0 -1 0 1 1 -1 0 -2 2 0 0 -3 0 -1 1 -1 0 0 0 0 0 -2 0 -1 0 -1 -1 -1 0 0 0 -3 -1 -1 0 -1 -1 -1 0 0 0 -1 0 -1 1 0 0 0 -1 -1 0 0 -1 -1 -1 -1 1 1 0 0 0 0 1 1 1 0 0 0 0 0 0 0 -1 0 0 1 -3 0 0 2 -1 0 0 0 0 1 0 0 0 -1 0 2 -1 0 0 0 0 1 0 1 0 0 0 -1 0 -1 0 1 0 -2 1 0 -1 1 1 0 0 2 1 0 1 0 1 0 1 1 2 0 0 1 0 0 1 1 2 2 2 0 0 -1 -1 0 1 0 1 0 1 0 -1 -1 -2 2 0 0 2 0 -2 0 0 -1 0 1 0 0 -3 -1 -2 0 -1 0 -1 1 0 0 -1 1 -1 -1 -2 -1 1 2 0 0 0 1 -1 0 0 -1 0 2 0 1 1 1 0 -1 0 -1 0 0 0 -2 0 0 0 0 2 0 0 0 1 0 -1 0 0 0 0 1 0 1 -1 1 0 0 -1 0 0 1 2 1 0 0 1 0 0 0 1 0 2 0 0 0 0 0 1 1 0 0 0 0 0 -2 0 -1 -2 -1 -1 1 0 1 0 1 0 -2 0 1 0 0 0 -1 0 1 1 0 1 0 0 0 0 0 0 -1 0 1 1 0 0 0 0 2 0 -1 1 -1 0 1 0 0 0 0 0 0 0 0 -1 1 -1 1 -1 0 0 1 1 1 1 0 0 2 0 3 -1 0 1 0 -1 -1 0 0 -2 0 -1 0 0 -1 -1 -2 0 -1 0 0 1 0 -2 0 0 1 1 0 -1 1 1 0 1 -1 0 0 0 0 -1 0 -1 -1 0 0 -1 -3 -2 0 -1 0 0 0 -1 0 0 2 -1 2 -1 -1 -1 0 -2 0 0 0 0 1 1 1 0 0 -1 1 -1 0
0 0 0 0 1 0 0 0 0 1 -2 -1 0 0 0 1 0 0 0 -1 0 0 0 -1 0 -1 0 1 -1 14 0 0 -1 0 0 1 0 0 0 1 0 1 0 0 -1 0 1 0 0 0 0 0 0 0 -1 0 -3 0 0 0 -1 0 0 1 0 0 0 0 0 0 0 -1 0 0 -1 0 0 1 0 0 0 -1 1 1 0 1 0 0 0 0 1 1 0 0 0 0 0 0 2 0 1 0 -1 0 0 0 1 -1 0 0 0 0 -1 0 1 0 1 0 -1 -1 1 1 0 0 0 0 0 -1 0 0 -1 1 1 1 1 0 0 0 0 1 1 1 0 0 1 0 1 0 0 1 0 0 0 -1 0 0 0 0 0 0 0 -1 2 1 0 -1 0 0 0 -1 0 0 0 1 0 -1 0 1 0 0 -1 0 0 0 0 0 -1 0 0 0 0 1 1 0 -1 -1 -1 1 0 1 0 -1 -1 0 0 -1 1 2 0 0 0 0 -1 0 0 2 0 0 0 2 0 0 0 -1 1 -1 1 0 0 0 0 0 0 0 0 0 0 0 0 0 1 -1 0 0 0 -1 0 -1 1 0 0 0 -1 2 0 0 -1 0 1 0 0 0 0 0 0 0 0 0 0 0 0 0 -1 1 -1 -1 0 0 1 -1 2 0 0 1 0 0 1 0 0 0 0 0 0 0 -1 -1 0 0 0 0 0 -1 -2 0 1 0 1 0 -1 0 1 0 0 0 1 0 0 1 1 0 0 0 0 1 0 1 1 -1 0 0 0 0 0 0 0 0 -1 0 1 0 0 0 1 1 1 0 1 0 -2 0 0 0 1 1 0 -2 0 0 0 0 -1 0 0 1 0 0 0 0 0 -2 0 0 0 0 0 1 0 0 0 -1 0 1 0 -1 1 0 0 1 -1 -1 0 0 0 -1 1 1 0 0 0 0 0 0 -1 0 -1 1 0 0 0 0 0 0 1 0 0 0 0 1 1 0 0 0 0 0 0 0 0 0 0 0 -2 1 1 0 1 0 1 0 0 0 1 0 -1 -2 0 0 1 -1 -1 0 -1 0 1 0 0 0 0 -1 -1 1
0 0 -1 0 0 0 1 0 1 0 -1 0 -1 0 0 0 1 0 1 0 0 0 1 -1 0 1 0 1 1 0 10 0 0 0 -1 0 0 0 1 0 0 1 1 0 0 0 0 1 0 -1 0 0 0 0 -1 0 1 1 0 0 1 -1 1 0 1 0 -1 -1 0 0 1 0 0 0 0 0 0 0 0 1 0 1 -1 0 1 0 0 0 2 0 0 -1 0 0 0 -1 0 0 1 1 1 0 0 0 0 -1 1 0 0 0 1 0 0 0 1 -1 0 -1 0 -1 0 0 0 0 0 0 0 1 0 1 0 0 0 0 0 0 1 0 0 0 0 0 0 0 0 0 0 0 0 0 0 0 0 1 0 1 0 0 1 0 2 0 -1 0 0 0 0 0 0 0 0 0 0 0 0 0 -1 1 1 0 2 0 0 1 1 0 -1 0 0 0 1 0 0 0 -1 0 0 0 2 0 0 1 0 0 -1 0 0 0 0 -1 0 0 0 0 0 0 1 -1 0 0 1 -1 0 0 0 0 0 0 1 1 0 0 1 1 0 0 0 0 0 0 -1 0 0 0 0 0 2 0 0 0 0 1 0 0 0 0 0 0 -1 0 0 -1 0 0 0 1 0 1 -1 -1 0 1 0 1 0 0 0 0 0 0 0 0 0 0 1 0 0 0 0 -1 0 2 -1 0 2 0 0 0 0 0 0 0 0 -1 0 0 1 0 -1 0 -1 0 -1 0 0 0 0 0 0 0 0 0 0 0 0 0 0 -1 0 0 0 1 -1 0 0 0 0 0 -2 0 2 0 0 -1 0 -1 0 1 0 0 1 0 3 1 0 0 -1 0 1 0 -1 0 0 0 0 1 0 1 0 1 0 0 0 0 0 0 0 0 0 0 0 1 0 0 -1 0 0 1 1 -1 0 0 0 0 0 0 1 0 -1 0 0 0 0 1 0 0 0 0 0 0 0 0 -1 1 -1 -1 0 0 0 0 0 0 0 0 0 0 1 0 0 0 0 0 0 0 1 0 0 0 2 0 0 0 0 0 1 0 0 0 0 1 -1 1 0 0 -1 0 1 0 0 0
0 -1 0 1 0 0 0 0 0 0 -1 0 0 0 -1 -1 -1 1 -1 1 0 2 0 -1 -1 0 -1 1 2 0 0 18 0 1 -1 1 0 0 0 0 -1 0 0 0 0 0 0 1 0 0 0 0 -2 -1 1 -1 0 -1 0 0 1 0 0 1 0 2 0 -1 0 0 0 0 0 -2 0 0 1 0 0 0 0 -1 0 -1 0 0 2 1 -1 1 0 0 0 0 -1 -1 1 0 -1 0 1 2 2 -1 0 0 0 1 0 0 -2 0 0 -1 1 0 0 0 0 1 0 -1 -1 2 1 0 0 0 1 0 -1 0 0 0 0 0 0 0 -1 0 -1 1 0 0 0 -2 2 0 0 0 0 -1 1 0 0 1 0 -1 -3 0 0 0 0 0 0 0 0 -1 1 1 -1 2 -1 0 -3 1 0 0 -1 1 -1 1 1 0 1 0 1 0 0 -1 0 1 0 0 0 0 2 0 1 0 0 0 1 0 1 0 -1 0 1 0 1 -1 -1 1 1 0 -1 0 0 -1 2 0 0 0 -1 0 1 0 1 1 0 -1 0 0 0 0 0 0 -2 -2 0 0 0 1 0 0 -1 1 -1 1 1 -1 0 0 0 0 0 0 0 -2 0 0 0 0 0 -1 1 0 0 1 0 0 0 0 0 1 1 0 1 1 0 0 0 0 0 1 0 1 -1 -1 -1 -1 2 0 1 0 0 1 0 0 0 0 2 -1 -1 -1 0 -1 1 0 0 0 0 0 0 0 0 0 0 0 0 0 0 0 1 1 2 1 1 2 0 1 0 -1 0 0 0 -1 -1 1 -1 2 0 0 -1 2 1 1 -1 2 1 1 0 -1 0 0 0 0 0 1 1 1 0 0 2 1 1 0 1 0 0 1 0 0 0 -1 1 0 0 3 0 -1 0 0 -1 0 0 0 2 -1 0 0 -2 0 -1 1 0 0 0 0 0 2 0 0 0 -1 -1 -1 0 0 0 0 1 -1 0 0 2 1 0 -1 0 1 0 0 -1 -1 2 -1 -1 -1 0 0 0 0 0 1 -1 -1 0 0 -1 -1 0 -1 0 0 0 0 0 0 0 -1 0 -1 0 1 0 1 0 0
-1 0 1 0 0 0 -2 0 2 1 -1 0 0 0 2 0 0 -1 0 0 -1 0 0 -1 0 1 2 -1 0 -1 0 0 22 1 1 0 1 0 2 0 -1 0 3 0 1 0 0 0 2 0 0 2 0 0 0 -1 0 -1 0 0 2 -2 0 1 0 -1 1 2 0 2 0 0 -1 1 0 -1 -1 1 2 1 0 0 0 -2 -1 0 1 0 1 -1 0 0 0 2 0 0 -1 0 0 0 0 0 1 -1 0 1 0 0 0 0 0 3 1 2 1 0 -1 1 0 0 0 1 0 0 -2 0 1 0 1 0 -1 2 -1 -2 0 2 0 1 1 0 -2 1 0 0 1 0 0 0 3 0 -1 -3 0 0 0 -1 -2 -1 0 1 1 3 3 0 0 0 0 1 0 1 0 1 2 0 -1 -1 0 0 -1 2 0 0 0 0 -1 2 0 0 0 0 0 0 0 0 0 0 0 1 1 0 0 0 -1 0 0 -1 3 0 -1 -1 0 0 0 -2 0 1 0 0 -1 0 0 0 0 0 0 0 0 -2 0 1 -1 0 0 1 0 0 1 0 0 -1 1 -1 0 0 0 0 0 0 1 0 -2 -1 -1 0 -1 0 1 0 -1 1 0 1 0 0 1 -1 1 -1 1 1 0 0 -1 0 0 0 0 -1 1 0 0 -1 0 -3 0 1 1 0 0 -1 1 1 0 0 1 0 0 1 -1 1 -1 2 0 -1 0 -2 0 0 0 1 0 1 0 1 0 -2 -1 0 0 -1 1 0 0 -1 1 0 1 0 0 0 0 0 0 0 0 2 0 1 0 -1 0 -1 -1 -1 0 -1 -2 -1 -1 2 1 -2 0 1 0 2 0 1 -1 1 -1 -1 1 2 -1 0 0 2 0 1 0 1 0 -1 0 1 1 1 0 1 0 1 0 2 -1 0 0 1 2 0 1 -1 -1 2 2 1 2 0 0 1 0 -2 0 1 1 0 2 1 0 0 0 0 -1 2 1 0 -1 0 0 -1 0 0 0 -2 0 -1 -1 -1 -1 1 0 1 0 1 0 0 0 0 1 1 -1 0 1 3 1 0 0 0 0 1 0 0 -1 0 0 0 2 0 0 -1
0 0 0 0 -1 0 -1 -1 0 0 0 2 2 0 1 1 -2 1 0 0 0 -1 0 0 -1 1 0 1 2 0 0 1 1 21 1 0 0 1 -1 -1 0 0 0 0 1 -2 0 -1 0 0 0 0 0 0 0 1 0 0 1 -1 1 0 -2 1 -1 1 -1 -1 0 0 -1 0 -1 3 0 2 2 1 1 2 0 0 0 0 0 0 2 -1 -1 -1 0 1 0 -1 0 0 1 0 0 -1 0 0 0 0 -1 0 1 0 1 -1 -1 -1 0 1 0 -1 0 0 -1 0 0 -2 0 1 1 -1 0 0 0 0 0 0 1 -1 0 -1 0 0 0 -2 0 -1 0 -1 0 -1 0 0 0 0 -1 0 2 0 -2 0 -1 1 0 2 1 -1 2 1 0 0 0 -2 0 1 -1 1 0 1 -1 0 -1 -2 0 0 0 1 0 -1 0 -1 0 -1 1 -1 -1 0 0 -1 0 1 -1 1 1 -1 0 0 0 0 1 1 -1 0 0 0 1 0 -1 0 0 -1 0 1 -1 1 0 0 0 0 0 0 1 -3 0 2 -1 0 0 -1 0 -1 0 -1 0 0 -1 1 0 0 -1 0 0 0 -1 3 0 0 0 -2 0 0 0 0 0 1 0 0 1 -1 0 1 0 0 0 -2 -1 0 0 0 0 1 1 0 1 1 -1 0 0 0 -1 0 0 0 1 3 -1 0 1 -1 0 0 -1 1 0 -1 0 2 1 1 0 1 0 -1 0 0 0 0 0 1 0 0 1 0 0 -1 0 1 0 -1 0 0 0 1 0 0 0 1 -2 -1 0 0 0 0 2 1 0 -3 0 0 1 0 0 1 0 0 0 0 0 -1 0 2 0 0 0 1 0 1 1 0 0 0 1 0 0 -1 0 -1 -1 -2 0 1 1 0 1 -1 0 0 0 1 0 1 -1 0 0 1 1 1 0 0 -1 0 0 0 -1 0 0 -1 0 1 1 1 0 -1 1 0 -1 0 2 2 0 0 2 0 0 -1 0 1 -1 0 -1 0 1 1 1 0 1 1 0 -1 -1 0 1 1 0 0 -1 0 -2 0 1 1 0 0 2 0 -1 0 1 1 0 1 -2 -1 -2 -1
-1 0 0 1 0 -2 -1 0 -1 0 0 0 0 1 2 0 1 0 -1 1 0 0 1 2 0 -1 0 -1 0 0 -1 -1 1 1 22 0 0 -1 1 1 0 1 -1 0 1 0 -1 0 0 0 1 0 0 0 0 0 0 2 -1 1 -1 2 -1 0 -2 0 0 0 0 -1 -2 0 0 1 0 1 0 0 0 0 -1 0 1 -3 0 1 0 -1 2 -1 1 3 0 0 1 1 0 1 0 -1 1 1 -1 1 1 -2 -1 -1 0 0 0 1 0 0 0 -2 -1 2 0 0 0 0 -1 1 1 1 0 1 1 0 0 1 -2 0 -1 0 0 -2 1 0 -1 2 1 0 1 0 0 0 1 0 0 0 1 2 0 0 1 0 -1 3 1 0 -2 0 1 -1 1 0 0 2 0 -2 0 0 1 1 1 -1 0 0 0 1 0 0 0 1 1 0 1 -1 0 0 0 0 -1 0 -1 -1 0 0 0 0 0 1 -1 0 4 0 -1 1 -1 0 0 0 0 -1 0 0 1 0 0 0 0 0 -1 1 -1 0 -1 -1 -1 0 -1 0 0 0 0 3 0 0 1 1 0 0 -1 -1 -1 0 2 1 0 0 0 -1 -1 -1 0 0 -1 1 0 0 1 0 0 0 -1 -1 0 0 0 0 2 1 1 -1 -2 1 1 -1 1 1 0 0 0 1 0 0 1 0 2 1 0 0 0 -1 0 -1 0 -1 0 0 -2 0 -1 0 1 -1 -1 1 1 2 1 0 2 1 -1 0 -1 1 0 1 0 -1 1 0 -1 1 1 1 0 -1 1 0 0 0 0 -1 0 0 0 0 0 2 1 0 0 -1 0 0 0 1 0 0 -2 0 0 0 0 1 0 0 -1 0 1 0 -1 2 -1 0 0 0 1 1 0 2 1 1 0 0 1 3 1 3 0 -1 0 1 0 1 -1 -1 -1 1 1 -2 0 0 0 0 0 -1 0 -1 2 1 1 -1 0 1 0 0 0 0 1 2 0 0 -1 0 0 1 1 0 0 0 1 1 0 0 0 0 -1 0 -1 1 0 1 0 1 -1 0 1 0 1 0 1 -1 0 1 1 2 1 2 1 -1 1 0 -1 -2
0 1 -2 -2 0 0 0 -2 0 0 -2 -1 0 1 0 0 1 1 -1 1 1 0 1 0 0 0 2 0 0 1 0 1 0 0 0 24 -1 -1 -1 3 0 1 1 -1 -2 1 0 0 -1 -1 0 1 -1 -1 -1 -1 1 -1 -1 1 -1 0 0 -1 0 0 -1 1 0 -1 0 1 0 0 0 1 0 1 0 0 0 -1 1 1 -1 2 0 0 0 0 -1 2 -2 0 -1 0 0 0 0 0 0 1 1 0 -1 -1 0 1 0 0 1 -1 2 0 -1 2 0 1 0 2 0 -1 0 1 2 0 -1 1 0 0 0 0 0 0 0 0 0 -1 1 -1 0 3 2 1 -1 0 0 1 0 -2 0 1 1 0 0 -1 0 0 -1 1 0 -1 0 0 0 0 1 0 -1 0 0 -1 0 0 1 -1 -1 1 -1 1 0 2 -1 0 1 -1 0 -1 1 0 0 0 0 0 -1 1 1 -1 -1 -1 0 2 0 -1 0 0 0 0 2 -1 1 1 0 1 -1 1 0 0 -1 1 -1 -1 1 1 1 0 0 -1 0 -2 -1 0 0 1 0 0 0 0 -1 -1 0 0 -1 1 0 1 0 0 -2 -1 2 0 1 4 0 0 2 0 2 0 -1 0 1 -1 0 -1 0 0 0 -1 -1 -1 -2 0 1 0 1 0 0 1 2 0 1 0 0 2 0 0 0 0 1 2 1 1 0 0 2 0 0 0 1 1 1 0 0 0 1 1 1 2 1 0 0 0 0 1 -2 1 0 1 0 0 0 1 0 1 3 0 -1 1 1 1 -1 1 0 -1 0 1 1 1 0 0 0 1 1 0 0 0 0 1 0 0 0 0 -1 0 0 2 2 1 0 0 -1 1 -1 0 -2 0 -1 0 0 1 1 0 -1 0 0 -1 1 -1 0 0 0 0 -1 2 1 0 0 -1 0 -1 2 -1 1 0 0 2 0 0 0 1 0 1 0 0 0 -1 3 1 1 1 1 0 -1 2 0 0 -1 1 0 1 0 -2 0 0 -2 1 -1 -2 1 -1 0 1 0 1 2 -1 -1 -2 -1 -1 0 0 1 0 0 -1 0 0 -1 0 -1 -1 -1 0 0 0 0 -1
1 0 0 0 0 1 -2 2 -3 0 0 1 -1 0 0 2 0 1 0 0 0 0 0 0 -1 0 1 0 1 0 0 0 1 0 0 -1 21 1 0 0 0 -1 0 0 -3 -2 0 0 -1 0 1 0 0 0 0 0 0 0 0 -2 3 -1 1 0 0 0 -2 0 0 1 0 1 2 2 1 1 0 0 0 0 0 2 0 1 -1 1 0 -1 0 0 3 1 0 0 0 0 0 0 1 0 0 1 0 0 0 0 0 0 -1 1 0 2 1 -1 0 0 0 -1 0 0 1 -1 0 0 1 0 0 0 -1 0 0 1 2 -1 0 1 0 2 -1 0 0 0 2 -1 0 0 -2 0 1 0 1 -1 0 1 0 0 1 1 0 1 0 1 0 0 1 1 -3 1 0 1 0 0 2 1 0 0 3 0 0 -1 1 0 0 -1 0 1 0 0 0 -1 1 0 0 0 1 0 -1 0 1 0 0 1 0 0 -1 -1 0 -1 -1 0 0 0 0 -1 1 0 0 0 0 0 0 0 0 0 1 -1 0 0 1 1 1 2 0 0 -1 1 0 0 0 -1 0 1 0 0 3 0 0 0 0 0 0 0 0 0 -1 2 0 -1 0 -2 0 1 3 0 1 1 0 0 0 1 0 -1 -1 0 -1 0 0 -2 0 0 0 0 -1 -1 0 2 1 2 0 0 0 0 1 1 -1 1 -1 -1 0 0 -1 -1 -1 0 2 0 0 1 0 0 -2 0 1 0 2 1 2 0 -1 0 -1 1 0 -1 0 0 0 0 1 0 -2 1 1 0 0 1 1 0 0 -1 1 0 1 1 3 -1 0 0 0 0 1 -1 -1 1 0 -1 0 -1 0 1 -1 1 2 -1 0 0 1 0 0 1 0 2 0 -1 -2 -1 -1 1 -2 0 0 0 0 0 0 0 0 1 1 0 0 -1 -1 0 0 -2 0 0 0 0 2 0 0 -1 0 -1 0 0 0 -1 1 1 0 0 1 0 0 0 1 0 -1 0 0 1 -1 -1 2 0 1 0 -1 0 0 0 1 0 -1 0 2 0 0 0 -1 0 0 1 -1 0 2 -1 -1 0 0 -1 0 1 0 0 1 -1
1 0 -2 0 0 0 0 0 1 0 0 0 1 0 0 0 0 0 0 0 0 0 0 0 0 1 0 1 0 0 0 0 0 1 -1 -1 1 14 0 0 -1 0 2 0 1 0 0 0 1 0 0 0 0 -1 -1 0 -1 -1 0 0 0 -1 0 1 -1 0 0 0 0 2 2 0 -1 0 0 1 0 0 0 0 0 1 0 0 0 -1 0 1 2 0 0 0 -1 0 -1 -1 0 0 1 0 1 0 0 0 2 1 1 0 1 -1 -1 1 0 -1 0 0 -1 2 1 1 1 0 0 0 1 0 0 0 0 -1 1 2 1 0 0 0 -1 0 0 -1 0 1 0 3 0 0 0 -1 1 0 0 0 0 -1 -1 0 -1 0 0 0 0 0 -1 0 0 0 0 0 0 0 0 -1 1 0 0 1 -1 0 0 0 2 0 0 0 0 1 -1 0 0 0 0 1 0 0 0 0 2 0 1 0 0 -1 1 -1 0 0 0 1 0 0 1 -1 0 0 1 0 0 1 0 0 0 1 -1 0 -1 -2 -1 0 0 2 -1 0 0 0 0 1 0 -2 0 0 0 0 1 0 1 -1 0 0 0 1 0 0 0 0 0 0 0 0 1 0 0 0 -1 0 0 -1 0 0 1 0 -1 0 0 0 -1 1 0 0 0 0 0 -2 -2 -1 0 0 0 0 0 1 0 0 0 -1 0 1 0 1 0 1 0 3 0 0 1 0 -1 1 1 0 0 0 0 0 -1 0 0 0 0 1 0 0 0 3 0 2 0 -1 0 0 0 0 0 0 0 1 0 1 -1 1 0 0 0 0 0 0 0 1 -1 -1 0 0 1 0 2 1 0 0 0 0 -1 -1 0 0 2 0 2 0 1 0 0 0 0 -1 1 1 0 0 -1 0 0 0 -1 1 0 0 0 2 1 1 1 0 0 1 0 1 0 2 -1 0 1 0 0 0 0 1 1 0 0 1 0 1 0 0 1 0 0 0 1 0 1 0 1 1 0 1 1 0 1 0 -1 0 1 1 3 0 0 2 1 0 0 0 2 0 -1 0 0 -1 3 0 -1 0 1 -1 0 1 -1 1 0 0
-2 1 1 3 0 1 3 1 1 0 0 0 0 0 0 1 0 0 0 0 0 1 0 -1 0 0 0 0 1 0 1 0 2 -1 1 -1 0 0 16 1 0 1 2 0 2 0 -1 1 0 1 -1 0 1 0 0 -2 0 -1 0 0 0 0 0 0 0 0 1 0 0 0 0 0 -1 1 -1 0 0 -1 -1 3 0 -1 2 0 0 0 -1 -1 0 -1 1 1 -1 0 1 -1 1 0 0 0 -1 2 1 0 0 0 0 0 0 1 0 1 -1 0 0 -1 1 1 0 0 0 0 0 2 0 -1 0 -1 0 0 -1 0 0 0 1 0 0 1 1 0 0 -1 0 0 1 0 0 -1 0 0 -1 0 0 0 0 0 1 0 2 0 0 0 -1 0 0 0 0 0 0 0 1 0 -1 0 0 1 1 1 0 1 0 1 0 0 0 1 0 1 1 0 0 1 -1 2 -1 0 -1 0 1 -2 1 1 1 1 0 0 1 0 1 1 0 1 0 0 0 -1 0 -1 0 1 1 0 0 0 -1 0 0 -3 0 1 0 0 1 2 0 0 -1 0 0 0 -1 -1 1 0 0 0 1 1 1 0 0 0 2 0 0 1 0 0 0 0 0 1 -1 -1 0 0 0 -1 0 0 0 0 1 0 1 1 0 0 2 0 0 0 0 0 -1 1 1 0 0 0 1 1 0 0 1 0 -1 -1 -1 2 0 0 1 0 0 0 0 0 -1 0 0 0 0 0 1 0 1 2 0 2 -1 1 0 0 0 2 1 1 0 1 0 -1 0 0 0 0 0 -1 -1 0 -1 0 -1 -3 0 0 0 0 -1 1 0 -1 0 0 -1 0 -2 1 0 0 0 0 0 0 1 0 0 0 0 0 -1 1 0 0 0 1 0 0 0 0 0 0 0 0 -1 0 0 0 1 -1 1 0 1 1 0 0 1 1 -1 -1 0 0 -1 0 -1 0 0 2 0 0 0 0 -1 0 1 0 1 0 2 1 0 0 0 0 0 0 -1 -1 0 0 0 0 0 0 1 0 0 1 2 1 0 0 -1 0 0 0 0 1 0 0 0 1 0 1 0 1 0 1 1 0
0 0 -1 -1 0 1 0 0 0 -1 0 0 0 0 1 0 0 0 0 0 0 1 1 0 1 0 0 0 0 1 0 0 0 -1 1 3 0 0 1 16 0 0 0 0 -1 2 0 1 0 1 0 1 0 -1 0 0 0 1 -1 -1 -1 0 0 0 0 0 0 3 -1 0 0 0 0 0 -1 0 -1 0 0 1 0 0 1 -1 -1 -2 0 0 0 0 0 -1 -1 0 0 -1 0 0 0 0 1 0 0 0 -2 0 1 2 3 0 1 1 0 -1 1 -1 0 1 1 2 0 -1 0 1 0 2 0 0 0 -1 0 -1 -1 0 1 0 0 -1 1 1 0 1 0 0 1 -2 0 0 -1 1 0 0 0 1 -1 -1 0 -1 0 0 1 0 1 1 -1 0 -1 0 0 -2 0 -1 0 0 0 1 0 0 1 0 0 0 0 0 0 0 0 -1 1 0 -1 0 0 1 0 0 0 0 0 0 1 0 -1 -2 1 0 0 0 1 0 -1 0 -1 1 1 1 0 1 0 0 1 -1 1 0 1 0 0 -1 0 0 0 0 0 0 0 1 0 0 0 0 1 1 0 1 0 0 0 0 2 0 0 1 1 3 0 0 1 1 0 -1 -1 -1 0 -1 0 -2 1 0 0 0 0 0 0 0 1 1 0 1 0 -1 2 1 0 0 0 2 2 0 1 2 0 1 0 1 1 0 1 0 0 1 0 0 0 0 0 0 0 1 1 0 0 -1 0 0 0 -2 -1 1 -1 0 0 -1 0 0 1 1 2 1 1 -1 0 1 0 1 0 0 0 0 1 0 0 2 0 1 1 0 0 0 -1 2 0 0 0 1 -1 0 0 1 1 1 0 -1 0 0 0 -1 0 -1 -1 0 1 0 0 0 0 1 1 0 0 0 -1 -1 0 1 -1 2 2 2 -1 0 -1 0 0 1 1 2 0 0 -1 0 0 -1 -1 -1 0 -1 0 0 1 1 1 1 -1 0 -1 0 1 1 1 2 0 0 0 0 0 0 1 0 0 0 0 0 0 0 1 0 0 0 0 -1 0 0 1 0 0 0 -1 -1 0 0 -1 -1 0 0 0 0 -1 0 0 0
0 -1 -1 0 0 0 1 2 0 1 0 0 1 1 1 0 0 1 0 0 0 -1 0 0 0 -1 1 -1 0 0 0 -1 -1 0 0 0 0 -1 0 0 15 1 0 -1 1 0 1 -1 1 0 1 1 0 0 0 -2 1 0 1 1 -1 -1 -1 0 0 -1 -1 0 0 -1 -1 -2 0 1 0 0 0 0 -1 0 0 -1 1 1 0 0 0 1 0 0 1 0 1 1 1 1 0 0 0 2 0 -1 0 2 0 0 -1 0 0 0 1 -1 0 0 1 1 2 0 0 0 1 -1 1 1 1 0 -1 1 0 0 1 0 0 0 0 0 -1 1 1 0 0 0 -1 0 0 0 0 0 -1 0 1 0 2 0 -1 0 0 1 0 0 2 0 0 0 1 0 1 0 -1 1 1 0 -2 0 2 0 0 0 0 0 0 0 1 0 0 2 0 0 -1 0 0 0 0 1 0 0 0 0 1 0 -1 0 0 0 0 0 -1 -1 -1 0 0 1 0 0 -1 1 0 0 0 0 0 0 0 1 0 1 0 1 -1 0 0 0 -1 0 0 -2 0 0 1 1 0 1 0 -1 0 0 1 0 2 0 0 0 0 1 0 0 0 0 1 1 0 0 0 0 2 0 0 0 -1 1 1 0 1 1 1 1 0 0 0 -1 1 0 2 1 0 2 1 2 1 0 -1 0 1 -1 0 0 0 0 0 0 1 -1 -1 2 -1 1 0 0 -1 0 0 0 0 0 1 1 0 1 0 1 0 -1 0 1 0 1 0 0 -1 1 -1 0 0 0 0 0 0 1 0 0 0 -1 0 0 -1 0 0 -1 0 0 0 0 -4 0 0 0 0 -1 -1 0 1 -1 1 0 -1 0 0 1 0 0 0 0 0 2 0 0 0 0 0 2 1 -2 1 1 -1 0 1 0 0 -1 0 0 0 -1 0 -1 1 1 0 0 -1 0 0 0 -1 0 0 1 1 -1 0 0 0 1 1 0 0 -2 -1 1 0 1 1 -1 0 0 1 1 -1 0 1 0 0 2 0 0 1 0 0 0 0 1 0 0 0 0 0 0 1 0 0 0 0 0 1 -1 2 0 0 1
0 -1 0 -1 0 0 1 -1 -1 0 0 0 0 0 1 1 2 0 0 0 -1 0 -1 0 0 0 -1 0 0 1 1 0 0 0 1 1 -1 0 1 0 1 18 -1 1 0 0 -1 1 0 0 -1 -1 0 -1 0 -1 0 0 1 -2 -2 0 0 0 0 0 0 -1 0 -1 1 0 1 0 1 1 0 0 1 1 0 0 -1 -1 0 0 4 0 1 0 0 0 -1 0 1 1 0 0 1 0 2 2 0 0 0 -2 0 0 -1 -1 1 1 0 0 1 0 -3 0 0 1 0 0 0 0 0 0 1 1 0 0 0 -1 1 0 0 0 0 0 -1 0 -1 0 0 1 0 0 0 2 -1 -1 0 1 1 0 0 0 -1 0 -1 0 1 -1 0 -1 1 1 1 0 0 0 1 0 1 0 -1 -1 1 0 0 0 2 0 0 0 0 0 0 -1 0 2 0 0 1 0 -4 0 0 0 1 0 0 0 0 0 1 0 0 0 0 0 -1 1 2 0 0 0 0 0 0 2 0 0 0 -1 0 1 0 0 -1 0 0 0 0 0 3 -1 0 1 0 0 1 0 0 0 1 0 0 -1 0 0 1 0 0 0 0 0 0 0 -3 1 0 -1 -1 0 -1 0 0 1 0 1 -2 0 0 0 -1 0 0 0 0 1 0 -2 -1 0 -2 0 1 0 2 0 0 0 -1 0 0 0 0 0 0 0 0 0 0 0 1 0 -1 0 -1 0 0 1 0 -1 0 0 0 0 -2 -1 -1 0 1 0 1 0 0 1 0 0 -1 0 0 0 0 0 0 0 -1 -1 0 0 0 0 0 0 -1 0 1 0 -1 0 0 -2 -1 0 0 1 0 -2 0 0 0 -2 1 5 0 0 1 1 0 1 -2 0 2 1 0 1 0 0 0 0 0 0 0 0 1 0 3 0 0 0 0 0 0 0 1 -1 0 -1 -1 0 0 0 -2 0 0 1 -1 0 0 0 -1 0 0 1 1 1 0 0 0 -1 2 0 1 2 0 0 1 0 0 0 0 0 1 -2 0 0 0 0 0 0 0 0 0 1 1 -2 0 0 0 0 0 0 -1 -1 -1 -1 0 0
-1 1 -2 0 0 0 2 1 0 0 0 0 0 -1 -1 0 1 -1 0 0 -1 0 0 -1 0 0 3 0 -1 0 1 0 3 0 -1 1 0 2 2 0 0 -1 16 0 -1 -1 0 1 0 0 0 0 0 -1 1 -2 0 -1 -1 1 -2 -1 0 0 0 -1 0 0 1 3 1 1 0 0 -1 -1 0 1 0 0 0 0 0 0 0 0 1 0 0 -1 0 0 -1 3 0 0 1 1 0 0 -1 3 -1 -1 -1 0 0 1 -1 -1 0 1 0 -1 -1 0 0 1 0 1 1 0 0 0 0 0 0 1 -1 0 0 0 0 0 0 -1 0 1 2 -1 -1 1 0 0 0 -1 0 0 0 0 0 -1 0 0 0 0 0 1 1 0 1 2 0 1 0 1 -1 0 0 0 -1 0 -1 1 1 0 -1 0 0 1 -1 0 1 0 -1 0 0 0 0 -1 0 1 0 -1 -1 -2 -1 0 1 0 0 1 1 0 -1 0 1 0 0 0 1 1 0 0 0 0 0 -1 0 0 1 0 -1 0 -1 0 0 0 0 -1 -1 1 1 0 0 0 0 0 0 1 -1 0 0 0 0 -1 0 1 0 0 -1 0 0 0 0 0 -1 0 0 0 -1 -1 2 0 -1 0 0 -1 0 0 0 0 0 0 0 0 0 1 0 0 0 -3 0 0 0 0 0 0 1 0 0 0 -2 0 0 -1 1 0 -1 2 -1 2 -1 2 0 0 0 0 0 -1 0 0 0 1 0 2 0 0 -1 1 1 -1 1 0 0 0 -1 -1 -3 0 2 0 0 0 -1 0 0 0 -1 0 0 0 0 0 0 0 -1 -1 -1 1 0 0 0 1 -1 0 0 0 0 -1 0 1 0 0 -2 1 0 0 2 0 0 1 0 0 1 2 0 0 2 0 0 0 -1 0 -2 0 0 0 1 0 1 0 0 0 -1 0 3 -1 1 1 0 -1 0 0 0 -1 0 0 0 -1 1 1 -1 0 0 0 -1 -1 0 0 0 1 0 0 0 2 0 -1 0 1 0 0 1 0 0 0 0 0 0 0 0 0 0 2 1 -1 -1 -1 1 0 -2 0 0 -1 -1 1 0 1 0 0
-1 0 0 1 0 0 -1 0 0 0 0 0 0 0 -1 0 1 0 0 0 -1 0 -1 0 0 2 0 -1 1 0 0 0 0 0 0 -1 0 0 0 0 -1 1 0 21 -1 0 -1 0 0 1 0 -1 -1 1 0 -1 1 0 1 1 -1 1 1 0 1 1 0 0 0 -1 1 -1 2 -2 2 0 0 0 0 -1 0 0 -1 0 -2 0 0 -2 0 1 0 1 2 2 0 1 0 -2 0 0 2 0 -1 0 -1 1 0 -2 0 0 -1 1 0 0 0 0 0 0 0 1 -1 2 0 0 0 1 0 0 -1 -2 0 -1 0 -1 -1 0 0 2 0 0 0 0 -1 0 -1 1 0 -1 0 -1 0 1 -1 1 1 1 -1 -2 -1 -1 -1 0 0 -2 0 2 -1 0 0 0 0 0 0 1 0 0 0 1 1 0 2 0 -1 1 1 -1 1 0 0 2 1 0 1 0 -1 -1 -2 1 0 -1 1 0 0 0 1 0 0 -1 1 -1 0 1 0 0 -1 -1 1 0 0 0 0 0 1 -1 -1 -1 0 1 0 0 0 0 0 0 1 0 0 1 0 0 0 1 0 2 0 0 -1 0 -1 0 0 0 0 0 -1 0 -1 1 1 1 2 1 0 0 1 2 0 0 2 -1 2 0 -1 -1 1 1 2 1 0 1 1 -1 -1 1 0 -1 0 0 1 0 1 0 0 1 -1 0 0 1 0 0 -1 1 0 1 0 0 1 1 1 0 0 1 0 -1 0 -1 1 -1 2 -1 -1 1 0 1 0 -1 2 1 0 1 -2 -1 -1 -3 1 0 2 0 1 -2 -1 0 0 1 1 2 1 0 1 0 1 0 0 1 0 -1 0 -1 1 2 -1 1 0 -1 2 2 -1 -1 0 0 0 0 0 1 0 1 -2 0 -1 0 0 -1 0 -1 0 0 0 -2 -1 0 -4 1 -1 1 0 0 -1 -1 0 -1 0 -1 -1 -1 -3 0 0 0 0 2 2 -2 0 0 0 0 1 0 0 -1 1 1 1 0 0 -2 2 -1 1 1 0 0 0 0 -1 1 -1 0 1 0 0 0 0 1 -1 0 0 -1 -1 1 -1 0 0 0 -1 1 1 0 -1 0
0 -1 2 1 0 1 0 0 2 2 0 1 -1 0 0 0 -1 0 0 1 0 1 1 0 1 1 -1 0 -2 -1 0 0 1 1 1 -2 -3 1 2 -1 1 0 -1 -1 25 1 2 0 -1 0 1 0 0 1 0 0 0 -1 2 1 0 1 0 0 0 0 1 0 0 0 0 -1 0 2 0 1 -1 0 -2 0 -1 -1 1 0 2 1 0 1 0 1 0 1 1 1 -1 2 0 0 -1 2 -2 1 1 0 1 0 1 0 0 -1 -1 0 -2 0 1 1 -1 0 0 0 -1 1 0 0 1 1 0 0 -1 0 0 1 0 1 -1 1 -1 0 0 1 0 0 0 0 -1 0 0 -1 1 0 -1 0 1 0 2 0 1 2 0 0 2 0 0 0 0 0 2 -1 0 1 0 1 0 1 0 1 1 0 0 0 1 1 4 0 -1 2 0 0 0 -1 -1 -1 -1 0 0 1 0 0 -1 1 -1 -3 2 1 2 0 1 -2 -1 -1 0 1 3 0 1 0 1 0 1 0 0 0 0 0 1 1 1 0 -1 0 0 1 1 0 0 0 0 0 0 3 0 0 -1 -1 0 0 1 1 2 0 0 0 1 -1 0 0 0 1 -2 0 0 0 0 0 -1 0 1 0 0 0 -1 0 0 -1 1 -1 0 1 2 1 1 0 0 0 0 -1 0 -1 1 3 0 0 -1 -1 -1 -1 0 0 2 0 0 1 1 2 1 1 -1 0 -2 0 0 1 0 0 1 1 0 2 0 3 2 -2 1 1 0 0 -1 1 -1 1 -1 0 0 -1 0 0 -1 0 0 1 -1 0 -1 -1 1 0 0 1 -1 0 -1 1 0 -2 0 1 1 0 1 0 0 0 2 0 1 1 0 1 1 -1 -1 -1 -1 1 1 2 0 0 0 0 1 1 0 -1 3 0 0 0 0 0 -1 1 3 2 1 0 2 3 -1 -1 0 0 0 1 1 1 1 0 0 1 0 -1 1 0 1 0 0 1 0 0 2 0 0 0 1 -1 1 2 1 0 2 1 2 0 -1 0 1 2 1 1 -1 -1 1 0 -1 0 3 0 0 1 2 1 3 0 1 -1 2 0 0 -1
0 1 -1 0 0 2 2 0 1 0 0 0 0 2 0 1 0 2 0 0 1 0 0 2 0 2 1 0 0 0 0 0 0 -2 0 1 -2 0 0 2 0 0 -1 0 1 22 0 1 0 0 0 -1 1 0 0 1 -1 -1 0 1 2 -1 0 0 0 0 2 1 -1 1 0 -1 1 0 -2 2 -1 0 0 1 -1 -1 0 -2 0 -3 2 0 1 2 0 0 1 -1 1 2 0 0 -1 0 3 0 0 1 1 1 0 1 0 2 -1 0 0 0 0 1 0 0 1 0 0 1 0 0 0 1 2 0 0 0 0 0 1 2 0 0 0 1 0 1 -2 0 -1 1 -1 0 0 0 0 1 0 1 0 2 1 -2 0 0 0 -1 2 1 -1 -1 0 0 1 0 1 -1 1 0 0 1 0 0 1 1 -1 -1 0 0 0 0 -2 -1 0 0 0 1 1 0 0 1 0 1 2 0 0 1 0 0 0 0 0 1 0 0 3 0 0 3 2 0 0 1 1 0 0 0 0 0 0 0 0 1 2 1 0 0 0 0 -2 1 0 0 0 0 0 0 1 -1 1 2 1 0 -1 0 0 0 -1 0 0 0 1 0 1 1 1 -1 1 -1 1 1 -1 0 2 -1 -1 0 0 0 -2 0 0 0 -2 1 0 0 1 1 0 -2 1 1 1 0 -1 0 2 0 0 0 0 1 0 1 0 1 1 -1 0 -1 0 0 1 -1 0 0 0 -1 1 0 -1 0 1 0 0 0 0 0 0 0 0 0 -1 0 0 1 -1 1 -1 0 1 0 0 1 2 0 1 1 0 4 1 0 -1 0 -1 2 -2 1 0 1 2 0 -1 0 1 1 1 -2 0 0 1 -1 0 1 0 0 3 0 0 1 0 0 0 0 0 -1 0 -1 0 1 1 -1 2 1 0 0 1 0 0 0 1 1 1 2 0 0 0 0 2 0 0 2 1 0 1 3 1 1 1 1 0 0 1 0 0 0 -2 0 0 0 0 1 0 1 0 0 1 0 -1 0 1 1 2 0 0 1 2 0 4 1 0 0 0 0 0 -1 2 -1 2 0 1 1 1 0 0 0
0 0 0 0 0 0 1 1 -1 0 1 0 -1 1 -2 0 0 0 0 1 0 1 0 0 1 1 1 0 1 1 0 0 0 0 -1 0 0 0 -1 0 1 -1 0 -1 2 0 17 0 -1 0 0 0 0 0 0 2 -1 0 1 2 -1 0 0 0 0 0 1 0 -1 1 2 0 -1 0 2 0 0 0 -1 0 0 0 1 2 0 0 0 1 0 0 0 -1 -1 1 -2 0 -1 0 -1 0 -1 1 -1 -1 0 -2 1 0 0 0 0 -1 0 0 0 -1 0 0 0 0 1 0 0 0 -1 0 -4 -1 0 0 0 0 0 1 1 1 0 0 0 0 0 0 1 1 0 0 1 0 1 0 1 0 2 0 0 -1 1 0 1 1 1 -1 -1 0 -1 0 0 1 0 0 0 0 1 0 0 1 -1 0 1 0 1 1 1 -1 0 2 0 1 1 0 0 1 0 0 1 0 0 2 0 -1 -1 0 0 0 0 0 1 1 0 0 0 1 -1 0 0 2 1 1 0 1 1 0 0 0 -1 0 1 0 0 0 0 -2 0 0 -1 0 0 1 0 0 1 0 -1 -1 0 1 -1 -1 1 0 0 0 0 0 0 0 0 1 0 0 1 0 -1 0 0 0 0 0 0 0 1 0 0 0 0 0 1 1 0 -1 1 0 1 1 0 0 2 2 0 -1 0 0 -1 -1 1 0 0 1 0 0 2 0 0 0 0 0 0 0 0 -1 0 0 0 0 -1 1 0 1 0 1 0 1 -1 0 -1 0 0 0 0 0 0 1 0 1 0 0 0 2 1 2 0 0 0 0 0 0 1 -1 0 -2 0 0 1 0 0 1 0 0 1 0 0 -1 0 0 -1 0 1 1 0 1 1 0 0 -1 0 -1 0 1 0 0 0 0 0 -1 1 0 0 0 0 0 -2 1 0 0 0 -1 1 2 -1 0 0 0 -1 -1 0 0 0 0 0 -1 0 1 1 0 0 0 -1 0 0 0 0 0 0 1 0 0 2 1 -1 0 0 0 0 1 0 0 0 -1 0 1 -1 1 0 -1 0 -1 0 0 0 -1 0 0 1 1 -1 0 0 0 0 0
0 0 0 0 -1 0 2 1 0 0 0 0 -1 0 0 0 1 0 0 0 1 0 1 -1 0 -1 0 0 0 0 1 1 0 -1 0 0 0 0 1 1 -1 1 1 0 0 1 0 18 1 1 0 0 0 0 0 -1 1 0 0 1 0 0 0 0 1 0 0 0 -1 0 0 1 -1 0 0 -1 -2 0 0 0 0 1 0 0 0 0 1 0 1 0 0 1 0 1 1 1 0 0 0 0 0 2 1 0 -2 0 -1 1 1 0 -1 -1 0 -1 2 0 1 0 1 0 -1 -1 0 1 2 1 1 0 -1 1 0 0 2 0 0 0 -1 0 0 0 -1 -1 1 0 4 0 -1 0 0 0 1 0 1 0 0 0 -1 -1 0 0 -1 0 0 -1 0 1 -2 0 1 -1 2 -1 0 0 0 0 1 0 1 2 0 1 1 0 0 0 0 -1 -2 0 1 0 1 -1 -1 0 1 -1 0 0 -1 0 2 -1 1 1 0 1 1 1 0 0 0 2 0 0 -1 0 0 0 1 0 0 0 0 2 0 0 0 1 1 3 0 0 0 0 0 0 1 -1 0 1 0 0 0 0 0 -1 0 1 0 1 1 0 0 0 1 -1 1 -1 0 0 0 0 -1 -1 1 0 0 0 0 0 -1 1 0 0 -1 2 -1 -1 2 1 0 0 0 1 0 -1 0 1 0 1 -1 0 1 0 1 0 0 0 2 0 0 0 1 0 0 0 0 0 0 0 0 0 -1 0 -1 0 0 0 0 0 0 1 -1 -1 0 -1 0 0 -1 1 1 0 0 0 0 1 -2 0 -1 1 -1 0 0 1 0 0 1 0 -1 2 0 2 0 -1 0 0 0 -1 -1 0 1 1 0 1 0 -1 1 0 0 0 0 0 0 0 -1 0 0 0 0 -2 0 0 0 0 1 0 1 -1 1 0 1 2 0 -1 1 0 -1 0 1 1 0 1 -1 1 0 1 0 0 0 0 0 2 0 0 2 -1 1 0 2 -1 1 0 0 0 -3 0 1 -1 -1 0 0 0 1 0 0 0 0 0 0 0 0 0 1 0 0 1 0 0 0 -1 0 0 -2 -1 0 0 0 0
0 -1 0 0 -2 0 0 0 1 0 0 0 1 0 1 0 0 0 0 0 0 -2 2 0 0 1 0 0 0 0 0 0 2 0 0 -1 -1 1 0 0 1 0 0 0 -1 0 -1 1 15 -1 -1 3 0 1 0 0 1 1 0 -1 0 0 0 -1 1 1 1 1 0 0 0 0 0 0 1 0 -1 0 0 0 0 1 0 0 0 0 0 0 1 0 0 0 0 0 0 0 0 0 0 0 -1 -2 0 0 1 1 -1 0 1 1 0 0 -1 1 0 -1 0 0 1 0 0 1 0 0 -1 0 0 1 0 -1 1 0 1 -1 0 1 0 2 0 0 0 1 0 0 1 0 1 0 1 0 1 -1 0 -1 0 0 -2 0 0 0 -1 -1 0 0 0 0 0 0 0 1 0 0 -1 0 1 0 0 1 1 0 0 1 0 0 -1 1 0 0 -1 0 0 -1 0 0 0 -2 0 2 0 0 0 0 0 0 -1 1 0 1 0 0 0 1 -1 1 -1 1 0 0 0 1 0 0 1 -1 0 0 0 0 0 0 1 0 0 0 0 1 0 0 1 0 1 0 1 0 0 0 1 0 0 2 1 0 0 2 0 0 0 -1 1 1 0 0 0 1 0 0 0 1 1 -1 0 0 0 0 0 0 0 0 0 -1 -1 0 0 0 0 1 1 0 -1 -1 1 2 2 0 2 0 1 0 0 -1 1 1 -1 1 0 -1 0 0 1 2 1 2 0 1 0 -1 0 -1 1 0 2 0 0 0 -1 2 0 -2 0 1 1 0 0 0 -1 1 -1 0 0 0 1 0 -1 0 1 0 0 0 0 1 -1 0 0 1 1 -1 0 -1 0 0 0 -1 1 1 1 0 0 0 0 1 -1 0 0 1 0 0 2 0 1 0 0 0 0 1 0 0 0 0 1 -1 0 -1 -1 -1 2 -2 0 2 -1 1 2 0 1 0 2 2 1 1 0 1 0 0 -1 0 0 1 0 0 0 0 0 -1 0 1 0 0 1 0 1 1 0 0 1 1 1 -1 0 1 1 0 0 0 1 0 0 1 -1 0 -1 0 0 0 -1 -2 -1 -1 0 0 0 0
0 0 0 0 1 1 1 0 1 -1 -1 0 0 1 1 1 0 0 0 0 0 0 -1 -1 -1 0 0 -1 -1 0 -1 0 0 0 0 -1 0 0 1 1 0 0 0 1 0 0 0 1 -1 13 1 -1 0 0 1 0 -1 -1 -1 0 0 1 1 0 0 0 0 1 0 0 0 0 1 0 0 -2 0 1 0 -1 1 -1 1 0 0 0 0 0 0 0 0 0 0 0 0 1 1 -1 0 0 0 0 0 1 0 0 0 0 1 0 0 0 0 1 1 0 0 1 0 0 1 0 0 2 -1 0 -2 0 0 0 0 0 -1 0 1 0 -1 -1 0 1 -1 0 0 0 1 1 0 -1 0 1 1 0 0 0 0 0 0 0 2 1 0 0 1 0 1 0 0 0 0 0 1 0 0 0 1 0 0 0 0 0 -1 0 1 -1 0 0 1 3 1 -1 2 0 0 0 -1 1 0 0 -2 -1 0 1 0 1 0 1 1 1 -1 0 0 0 1 0 0 0 0 0 0 0 0 0 1 0 0 1 0 0 0 0 1 1 0 1 -1 0 0 0 0 1 1 1 0 0 0 -1 0 0 0 1 0 1 1 0 0 0 1 0 0 0 0 0 1 0 1 1 0 0 0 0 0 1 0 -1 1 0 0 1 0 1 2 1 1 1 0 -1 1 0 1 1 0 -1 1 -1 0 -1 0 0 0 0 2 0 -1 0 -1 1 0 1 0 0 0 0 -1 0 0 0 1 0 0 1 2 0 0 1 1 0 -1 2 0 0 1 0 -2 0 0 -1 0 1 1 -1 -1 0 0 0 0 2 0 0 0 -1 0 0 0 1 0 1 0 1 1 -1 0 0 -1 0 0 1 0 -1 -1 0 0 0 0 0 0 0 -1 0 0 0 -1 -1 1 -1 0 0 0 0 0 0 0 0 0 0 0 0 0 0 0 0 0 0 0 -2 0 1 0 1 1 0 0 -1 0 -1 0 1 1 0 0 1 1 0 0 1 1 0 0 0 0 1 1 0 -1 0 1 1 1 0 0 0 0 3 0 2 0 -1 0 0 0 0 1 0 0 1 -1 0 0 0 0 1
0 0 -1 1 0 0 0 0 0 0 1 0 0 -1 1 0 0 0 0 0 0 0 0 0 0 -1 0 1 0 0 0 0 0 0 1 0 1 0 -1 0 1 -1 0 0 1 0 0 0 -1 1 10 -1 0 0 0 0 -1 0 0 1 -2 -1 0 0 -1 0 0 -1 1 -1 0 0 -1 0 0 0 0 1 0 -1 0 -1 -1 1 0 0 0 0 0 0 2 0 0 -1 0 2 0 0 0 -1 2 1 0 0 0 0 0 0 0 -1 -1 0 0 0 -1 -1 0 0 0 -1 -1 0 0 0 0 2 -1 0 0 0 -1 0 -1 0 -1 0 -1 -2 1 0 -1 0 -1 0 0 0 0 0 0 0 0 0 0 1 0 -1 0 0 0 0 2 0 -1 0 0 0 0 -1 0 1 0 0 0 0 0 0 0 0 0 -1 0 0 1 1 0 0 0 0 0 0 0 1 0 0 0 0 0 -1 1 0 0 0 0 0 0 0 -1 0 0 0 0 0 -1 0 0 1 0 1 0 0 0 0 0 0 1 0 0 1 0 0 0 0 -1 0 -1 -1 0 -1 0 0 0 0 0 0 -1 0 0 -1 1 0 0 0 0 0 0 0 0 -1 1 0 0 0 1 0 0 0 0 -2 0 2 0 0 0 0 0 0 -1 -1 0 0 0 -1 0 0 0 0 -1 0 0 0 0 -2 0 -1 0 0 0 0 0 0 0 0 0 0 0 0 1 0 -2 0 -1 0 0 0 0 0 0 -1 -2 0 2 0 0 1 0 0 -1 1 -1 1 0 -1 0 0 0 0 -1 0 0 0 0 0 0 1 -1 0 0 0 0 -1 0 0 0 -1 1 0 0 0 0 0 0 0 -1 0 0 0 0 0 0 0 0 0 0 0 -2 0 -1 -1 -1 1 0 0 0 1 0 0 0 0 0 -1 0 0 0 0 0 0 0 1 0 0 -1 1 0 0 -1 1 0 1 0 0 0 -1 0 1 0 0 0 1 0 0 0 0 0 -2 -1 0 -1 0 0 0 1 0 -2 0 0 0 0 0 1 0 0 0 0 0 0 0 0 -1 0 0 0 0 1 1 0 -2 1 0 0 0
-1 1 1 -1 -1 -1 0 0 0 0 0 1 0 0 0 0 0 0 0 1 0 0 0 0 0 1 0 0 1 0 0 0 2 0 0 1 0 0 0 1 1 -1 0 -1 0 -1 0 0 3 -1 -1 15 0 0 0 0 -1 0 1 0 0 -1 0 -1 0 0 0 3 0 0 0 0 0 0 1 0 0 0 -1 0 0 0 1 0 0 0 -1 0 1 0 0 0 0 0 1 -2 0 -1 -1 0 -1 0 0 1 0 0 0 1 0 0 2 0 -1 0 1 -1 2 0 0 1 0 -1 0 0 0 0 0 0 0 0 1 0 0 -1 0 1 0 0 0 0 -1 0 0 0 0 -1 0 0 -1 0 1 -1 0 0 0 0 2 0 0 1 0 0 0 0 -1 -1 0 0 0 -1 1 0 0 -1 1 0 0 1 1 0 1 2 0 0 1 -1 0 0 0 0 0 0 -1 0 1 -1 -1 1 0 0 0 0 0 0 -1 0 2 0 0 0 -1 -1 -3 0 0 0 0 0 0 0 0 -1 1 1 1 0 -1 0 0 1 0 0 0 0 -1 0 0 0 0 1 0 -1 0 0 0 0 1 0 0 0 0 0 0 2 0 0 0 0 1 0 -1 0 -2 0 0 0 0 1 0 -2 0 0 1 0 0 0 0 -1 1 0 0 0 0 -1 0 -1 0 0 1 0 -1 0 0 0 2 0 1 0 0 -1 1 0 0 0 0 0 -1 0 0 0 1 0 0 1 0 1 -1 0 0 0 1 0 -1 1 0 0 1 0 1 0 0 0 0 -2 0 1 0 0 1 0 -1 0 0 0 -1 0 -1 -1 0 1 0 0 0 0 -2 0 1 0 0 0 1 -1 1 0 1 -1 0 0 0 0 0 0 0 0 0 -1 1 1 0 0 0 0 0 1 -2 1 1 1 1 1 1 1 0 -1 -1 0 2 1 0 -1 1 1 -1 0 2 0 0 0 1 0 0 0 1 0 -1 1 1 1 0 2 0 0 0 0 0 0 0 0 -2 0 0 0 2 1 0 -1 0 0 1 0 -2 0 0 1 1 0 0 -1 -1 0 0 0 -2 0 0 -2 0 0 -1 -1
-1 2 0 1 0 0 0 0 0 0 0 1 0 -1 1 0 1 0 0 1 1 1 0 2 0 0 -1 1 -1 0 0 -2 0 0 0 -1 0 0 1 0 0 0 0 -1 0 1 0 0 0 0 0 0 14 -1 -2 -1 0 0 1 0 -1 -2 0 0 0 -1 -1 1 1 -1 0 0 0 0 -1 0 0 1 1 -1 0 0 -2 0 0 -1 0 0 -1 0 0 -1 -1 -1 -1 1 0 0 0 0 1 -4 0 1 -1 0 0 -1 1 0 1 1 -1 0 -1 -1 0 -1 0 -1 0 0 2 0 -1 1 0 0 0 0 -1 -2 0 1 0 1 0 0 0 0 -1 -2 -1 0 0 0 0 0 0 -1 0 1 -1 0 0 0 0 -1 1 1 0 -2 0 0 0 -1 0 0 1 0 0 0 -1 -1 0 0 1 0 1 0 0 -1 0 0 -2 0 -1 0 -1 -1 0 0 2 0 0 0 1 -1 -1 0 0 2 0 1 0 0 0 -1 0 1 1 1 0 -1 0 1 0 1 0 0 -1 0 -1 0 0 0 1 0 0 0 1 0 0 0 -1 -1 1 2 0 0 0 1 0 0 -1 1 1 0 0 0 0 0 1 1 1 0 0 0 0 1 -2 -1 0 0 0 2 0 -1 -2 -1 0 0 0 0 -1 0 0 0 0 0 0 0 1 0 -1 0 0 -1 0 0 0 -1 0 0 1 0 0 -1 0 0 -1 0 0 -1 0 0 0 1 1 0 0 0 0 1 0 0 -1 0 -1 0 0 0 -1 -1 0 1 -2 0 0 -1 0 0 0 1 0 0 0 0 2 1 1 -1 2 1 1 0 0 0 -1 0 -1 -2 2 0 0 -1 -1 -1 0 0 0 1 -2 -1 0 0 1 -2 0 -1 0 -1 0 2 0 0 -1 -1 0 -1 -1 1 0 0 1 0 1 0 0 1 0 0 0 0 0 0 0 0 0 0 0 -1 -1 -1 2 1 1 1 0 1 0 0 0 0 0 0 0 1 0 0 0 0 0 0 0 1 0 0 1 0 1 1 0 1 0 1 1 0 0 1 0 0 0 1 0 0 0 0 0 -1 1 -1 0 1 -2 0 0 -1 0 0
0 -1 0 1 0 0 0 0 0 4 0 -2 0 0 0 -1 0 1 0 0 1 0 -1 -1 0 0 0 -2 0 0 0 -1 0 0 0 -1 0 -1 0 -1 0 -1 -1 1 1 0 0 0 1 0 0 0 -1 14 0 2 0 1 -2 -2 0 0 -1 1 0 1 0 0 0 0 0 0 0 0 1 -1 0 0 0 1 0 -1 1 -1 1 2 0 -2 0 0 0 1 1 1 2 0 1 0 0 0 0 1 0 -1 0 0 0 0 0 0 0 -1 0 0 0 1 1 0 2 1 1 0 0 -2 2 0 0 0 0 0 1 0 0 0 1 0 0 0 1 -1 0 0 -2 0 0 -2 1 0 1 0 0 1 0 -1 0 0 2 2 -1 0 0 0 0 -1 1 0 0 0 1 1 0 0 1 0 -1 1 0 1 1 0 0 0 0 0 1 0 0 0 0 -1 0 0 0 1 -1 -1 1 0 1 0 0 0 1 1 0 0 0 0 1 0 0 1 0 0 0 1 0 0 0 -1 1 1 0 0 1 1 -1 0 -2 0 -2 -1 0 0 0 0 0 0 0 1 0 -1 0 0 0 0 -1 0 0 0 -1 0 0 0 -1 0 -1 0 1 -1 1 0 0 1 0 1 1 0 0 -1 1 0 0 0 1 0 0 0 0 2 0 0 2 1 0 0 0 0 0 0 0 2 0 -1 0 0 0 0 0 -1 0 -1 0 0 0 0 1 0 -1 2 0 0 0 0 0 2 0 0 0 -1 -1 0 0 1 0 1 0 0 0 0 0 1 0 0 0 0 0 0 0 0 0 0 0 -1 0 1 0 -1 -2 0 0 0 0 1 -1 -1 0 1 -1 2 -1 -1 0 1 -1 -2 1 1 0 0 0 -1 -2 0 -1 0 0 0 1 0 0 1 0 0 2 0 0 -1 0 0 -1 1 0 0 1 -1 0 0 0 -1 -1 1 1 0 1 -1 0 0 1 0 -1 -2 -1 0 0 -1 -1 0 0 0 0 -2 -1 0 -1 1 0 0 1 1 1 0 0 0 -1 2 2 0 1 0 1 0 -1 -2 -1 0 2 1 0 0 1 1 0 1 -1 0 0 0 1 0
1 0 1 0 0 0 1 -3 -1 1 1 1 0 0 0 0 -1 0 0 -1 -1 1 0 -1 0 0 1 0 0 -1 -1 1 0 0 0 -1 0 -1 0 0 0 0 1 0 0 0 0 0 0 1 0 0 -2 0 16 1 -1 0 0 0 -1 0 0 0 0 1 1 0 -1 -1 -1 0 0 0 0 -1 0 -1 0 0 0 0 0 1 0 -1 0 0 1 0 0 0 0 0 1 1 0 0 0 0 3 2 0 -1 0 1 1 1 0 0 1 0 0 0 0 1 0 1 0 0 0 0 -1 0 0 0 1 0 0 0 0 0 0 0 0 -1 0 1 1 0 1 0 0 0 1 0 2 2 0 1 0 1 1 0 0 0 0 0 -1 0 0 0 3 0 0 -1 0 -1 -1 0 -1 2 -1 0 0 0 0 -1 1 0 -1 0 3 0 -1 -2 1 1 0 1 0 0 0 0 1 0 0 0 -1 0 0 0 -1 0 1 0 0 -1 0 -1 -1 0 -1 1 0 0 2 0 3 0 1 0 0 0 0 1 1 1 2 1 -1 0 0 0 0 0 0 0 0 0 2 -1 -1 0 0 1 -1 1 0 0 0 0 0 -2 0 -1 0 0 -2 0 -1 0 1 0 0 1 0 0 0 0 1 0 1 0 2 0 0 -1 0 0 0 0 0 0 0 0 0 1 2 0 -1 0 -2 0 0 0 0 0 0 0 0 0 0 0 0 1 0 0 0 0 0 0 1 0 1 1 0 1 0 0 0 -1 0 0 0 -1 0 1 0 0 0 -1 0 1 0 -1 -1 -2 -1 0 0 1 0 0 -1 2 -1 -1 1 0 2 1 -1 -1 0 1 0 0 0 0 1 0 0 0 0 0 0 0 0 1 0 0 2 0 0 0 1 0 0 1 1 -1 1 0 -1 0 0 0 0 1 0 0 0 0 -2 0 2 0 1 0 0 0 1 0 -2 -1 -1 1 0 -1 1 1 0 -1 0 0 0 0 0 1 0 0 1 0 0 1 0 -1 -1 0 0 0 0 0 0 0 0 0 1 0 0 1 1 1 -2 1 0 1 1 1 0 -1 0 -1 0 1 0 0 0 0
2 -2 0 0 1 1 0 0 -1 1 2 0 1 0 0 1 -1 0 1 0 1 -1 -1 -1 0 1 -2 0 0 0 0 -1 -1 1 0 -1 0 0 -2 0 -2 -1 -2 -1 0 1 2 -1 0 0 0 0 -1 2 1 20 0 0 0 1 1 2 1 0 0 -1 1 0 0 0 1 -1 0 0 1 -1 0 0 -1 0 0 1 0 1 0 0 -1 0 1 1 -1 2 -1 -1 1 0 0 0 0 -1 1 1 -1 -1 2 2 0 1 -1 1 -2 -1 1 0 -1 1 1 1 2 0 0 0 0 0 -1 -1 0 1 0 -1 2 -1 -1 1 0 1 1 0 1 1 0 -1 0 0 0 -1 0 -1 2 1 0 1 0 1 -1 0 0 1 0 0 1 0 1 1 -2 -1 2 0 1 1 1 1 1 0 0 1 0 0 2 -2 -1 0 0 0 0 0 0 0 0 -1 -1 0 -1 0 0 0 0 1 0 0 0 -1 -2 1 -1 1 0 1 -1 0 0 3 0 0 -1 0 -1 0 0 0 0 0 0 0 1 0 0 0 0 0 1 0 0 0 0 0 1 0 1 0 -1 0 0 0 0 0 -1 0 2 0 0 0 0 0 0 0 1 1 1 0 1 0 1 -1 1 2 0 1 1 1 -1 0 0 0 0 0 0 0 0 0 1 0 -1 1 0 0 -2 -1 0 0 0 0 -1 0 0 0 -1 0 1 0 1 1 1 0 0 0 0 1 1 0 0 1 0 0 -1 2 0 0 0 0 0 1 -1 0 0 -1 0 0 -1 1 0 0 0 0 0 -1 -1 1 2 -1 -1 0 0 -1 0 0 1 0 0 0 1 0 2 -2 0 0 0 0 0 0 -1 -1 -1 1 -1 -3 -1 0 1 0 1 -2 -1 0 0 -1 0 0 0 1 0 0 1 2 1 0 1 0 -1 0 -1 1 0 -1 0 0 -1 0 0 0 0 1 0 -1 1 1 1 1 2 2 -1 -1 0 1 0 1 0 0 0 1 -2 0 0 1 -1 -1 -1 1 -2 2 1 1 0 0 0 0 1 -3 0 1 1 1 0 0 -1 0 0 1 -1 0 1 1 0 -1 1 2 -1 0 0 0
0 -2 1 1 0 0 0 1 0 -1 1 2 1 2 -1 0 0 2 2 0 -1 0 0 0 1 0 1 0 1 -3 1 0 0 0 0 1 0 -1 0 0 1 0 0 1 0 -1 -1 1 1 -1 -1 -1 0 0 -1 0 20 1 -1 3 1 0 0 -1 2 0 0 0 -1 0 -1 -1 1 1 0 -1 1 -1 0 0 0 0 1 -1 0 2 0 0 0 0 0 -1 -1 0 1 -2 0 1 -1 -1 -1 -1 0 0 1 2 -2 0 0 -1 0 0 1 1 0 1 0 0 1 1 2 1 1 0 0 -1 0 1 2 0 1 0 0 -1 0 0 1 1 0 0 1 1 -1 -1 -2 1 -1 0 0 0 1 0 0 -1 1 3 -1 -1 0 1 0 1 0 0 0 1 -1 0 -1 1 0 1 -1 1 1 1 0 0 0 1 1 0 0 -2 -1 0 1 0 -1 1 0 1 -1 0 0 0 0 -2 1 0 0 0 2 2 1 0 -2 -1 -1 0 0 0 1 0 1 -1 0 0 1 -1 0 0 0 0 0 1 -1 0 1 0 1 -1 0 0 -1 1 1 1 0 1 0 1 -1 0 0 0 0 1 0 0 0 1 1 1 1 0 1 0 0 0 0 1 1 0 0 1 0 0 2 0 -1 -1 1 0 0 0 0 1 -1 -1 0 1 1 1 0 2 0 -1 0 1 0 2 -1 0 0 -1 0 1 0 0 1 1 0 2 0 0 -1 0 2 0 -1 0 0 0 0 0 1 0 -2 0 0 0 -1 -1 1 -1 -1 1 0 -1 -1 0 1 0 1 0 -1 -1 -2 0 0 -1 0 0 2 -1 0 1 0 0 1 1 -1 0 -2 -1 1 -1 0 -1 0 0 0 0 0 0 0 0 0 0 0 0 0 0 0 0 0 0 1 0 1 -1 0 1 0 0 0 -1 0 0 0 1 0 1 1 0 0 -1 -2 2 0 -1 1 1 1 1 0 1 0 0 -1 0 -1 2 0 0 0 -1 0 0 0 0 0 1 0 -1 0 -1 0 0 0 0 1 1 -1 1 -1 0 0 0 0 0 1 0 0 0 1 0 1 -1 0 0 0 0 0 -2 0 1 1 0
1 1 -1 0 -1 0 0 -1 1 -1 0 0 0 0 0 0 0 1 0 0 0 0 0 0 0 0 0 -1 0 0 1 -1 -1 0 2 -1 0 -1 -1 1 0 0 -1 0 -1 -1 0 0 1 -1 0 0 0 1 0 0 1 14 0 0 -1 3 0 0 0 0 1 0 0 -1 0 -1 1 1 0 0 0 0 0 0 0 -1 0 0 -1 -1 0 -2 -1 2 0 0 -1 0 0 -2 0 0 0 0 1 -1 0 0 0 -2 -1 -1 0 -1 1 1 -1 0 0 -2 0 0 0 0 0 1 1 0 0 1 -1 0 0 0 1 0 0 -1 0 0 0 0 0 -1 0 0 -1 0 -1 2 1 0 1 0 0 -2 0 1 0 -1 0 0 0 0 0 0 -2 0 0 1 1 0 -1 0 0 1 1 -1 0 1 0 0 0 -1 1 0 0 0 0 -2 0 0 -1 1 0 0 0 0 0 -1 0 0 0 0 0 0 1 1 0 0 0 0 0 0 -1 0 -1 0 0 0 1 0 2 0 1 0 0 -1 0 1 1 0 0 -1 -1 0 0 0 0 1 1 -1 1 0 0 1 -1 0 0 1 -1 0 0 2 -1 0 0 0 0 1 0 0 0 0 0 0 0 1 -1 1 -1 1 0 -1 1 0 0 0 -1 -1 0 0 0 0 0 1 0 1 0 -1 0 0 1 0 0 1 -1 1 1 0 0 -1 2 -1 0 0 1 0 -1 0 -1 -1 0 0 0 1 0 -1 1 -1 0 -1 1 0 0 0 0 0 1 0 0 0 0 0 0 0 0 2 1 0 1 0 0 0 0 0 0 0 -1 -1 0 -1 1 0 0 -1 0 2 0 0 -2 0 0 0 -1 1 0 0 -1 0 0 0 -1 1 0 -1 1 0 1 -1 0 0 0 -1 0 2 -1 1 0 0 0 0 -1 0 -1 0 0 0 -1 0 1 0 0 1 0 -1 -1 1 0 -1 0 -1 0 0 0 0 0 1 0 0 0 0 0 0 -1 -2 -1 1 -1 0 0 0 1 0 1 0 0 0 0 0 0 -1 -1 0 0 0 0 -1 0 1 -1 0 0 0 0 1 -1 1 -2 0 0 0 0 0
0 -1 3 -2 0 0 0 0 1 0 1 1 0 -1 1 0 -1 0 1 1 -1 0 1 0 0 2 -1 -1 0 0 0 0 0 1 -1 -1 0 0 0 -1 1 1 -1 1 2 0 1 0 0 -1 0 1 1 -2 0 0 -1 0 20 0 0 0 0 2 0 0 0 -1 1 0 0 0 0 -1 0 2 0 -1 0 -1 -1 2 0 1 1 0 0 2 0 0 0 -1 -1 -1 -1 0 0 -1 0 -1 0 0 -1 0 0 -1 0 2 -2 0 0 0 0 1 1 0 -1 0 -1 -1 0 0 0 0 1 0 0 0 0 0 0 0 2 0 -1 1 1 1 -1 1 0 1 2 0 0 1 0 1 0 0 -1 0 0 0 1 0 -1 0 1 1 0 0 0 0 1 0 3 0 1 2 1 0 0 1 0 1 0 0 -2 0 0 -1 0 0 0 0 0 0 0 0 0 -1 0 1 0 1 0 2 -1 -1 0 -1 -1 0 1 0 1 1 1 0 0 0 0 0 -1 0 0 0 0 0 0 0 0 0 1 1 0 0 0 0 0 1 1 0 0 0 0 0 0 -1 0 1 -1 0 0 0 0 0 0 0 0 0 0 -1 0 0 1 0 0 0 2 0 0 0 1 0 1 1 1 1 1 0 -1 -1 -1 0 -1 -1 0 1 0 1 -1 1 0 0 -1 1 1 1 -1 0 1 0 -1 0 0 0 0 1 0 0 0 0 0 0 1 0 1 0 -1 1 0 -1 0 0 0 0 1 -1 0 0 -1 1 0 1 0 1 0 3 0 -1 1 0 0 0 0 0 1 0 -1 0 0 -1 0 0 1 1 2 1 0 -1 0 -2 0 0 0 -1 0 -2 0 0 0 1 2 2 1 0 3 0 0 0 0 1 0 1 0 2 -2 1 0 0 0 1 1 0 0 0 1 1 2 0 0 -1 0 0 0 1 0 0 1 -2 -1 0 0 1 0 0 -1 -1 1 0 0 0 0 1 1 -1 1 -1 0 1 0 0 0 0 2 0 0 1 0 1 2 1 -1 -2 -2 -1 0 2 -1 0 0 0 -1 0 -1 0 0 1 1 0 0 -1 1 0 0 0 0 0
0 1 -1 1 0 0 0 1 2 1 -1 0 0 1 0 0 0 2 -1 0 -4 1 0 1 3 1 0 -1 -1 0 0 0 0 -1 1 1 -2 0 0 -1 1 -2 1 1 1 1 2 1 -1 0 1 0 0 -2 0 1 3 0 0 32 -1 -1 -1 0 2 0 0 0 0 0 0 1 0 2 -1 3 0 1 0 0 0 -2 0 0 2 3 0 0 2 1 1 1 1 1 -1 0 -1 0 0 1 0 0 1 0 -1 0 0 0 0 0 0 0 0 0 1 -1 1 1 4 0 0 2 0 0 0 0 1 0 3 0 0 -1 0 -1 -1 0 -3 0 2 0 -2 1 0 0 1 1 0 0 1 -1 1 -1 0 1 0 0 0 1 1 1 0 1 0 -1 0 1 1 0 1 1 -2 -1 0 -1 1 3 -1 0 0 0 1 1 1 0 1 1 2 0 0 -1 0 0 0 -1 2 -1 -1 0 1 -1 0 1 3 1 0 0 0 0 2 2 1 0 0 0 -1 0 0 1 0 0 0 0 2 0 0 0 -1 1 3 0 1 0 0 0 1 1 0 0 -1 4 0 0 0 0 1 0 1 0 0 3 1 0 0 1 3 -1 0 -1 2 1 1 1 -1 0 1 1 1 1 0 1 0 0 -1 0 0 -1 2 1 1 -1 0 -1 -1 0 -1 0 0 0 0 -1 2 0 -1 2 1 1 0 5 -1 -1 0 0 0 0 -1 1 0 1 -2 0 1 1 0 1 0 1 2 0 -1 1 0 0 0 -1 -1 -1 0 -1 -2 -1 0 -1 0 1 4 0 0 1 0 0 -1 -3 1 0 -1 0 1 0 -2 -1 1 3 0 -2 -1 0 0 1 0 0 1 -2 -1 0 1 1 -4 0 0 0 0 -1 1 0 1 -1 1 0 0 -2 0 0 0 1 1 0 0 -2 -1 -3 0 0 0 1 2 -1 0 2 0 3 0 0 0 1 -1 1 -1 1 1 1 -1 1 -1 1 0 0 -1 0 0 1 0 0 0 1 0 0 0 0 -2 0 0 3 0 0 0 -1 1 -1 -1 0 0 1 3 1 1 0 0 1 1 0 1 0 0 0 -1 0 2 0 1 1
-1 -1 -2 0 1 -1 0 1 1 0 -1 2 -1 1 1 -1 0 3 1 -1 0 1 0 -1 -1 0 1 0 -1 -1 1 1 2 1 -1 -1 3 0 0 -1 -1 -2 -2 -1 0 2 -1 0 0 0 -2 0 -1 0 -1 1 1 -1 0 -1 28 0 1 -1 0 0 0 0 1 2 1 -1 1 0 -1 2 0 -1 0 1 0 1 0 0 0 1 0 0 1 1 0 0 0 -1 -1 0 -1 -1 1 -2 1 2 0 -1 1 1 -1 0 -1 0 -3 0 1 -1 0 2 1 -1 0 1 1 1 0 1 2 -1 1 -1 2 1 2 0 2 0 -1 0 1 0 0 2 -1 0 2 -1 -2 0 0 0 1 0 0 0 1 -1 0 1 -1 0 0 0 -1 1 0 0 0 2 -1 0 -1 0 2 -1 3 2 1 1 1 0 -1 0 1 0 -1 0 -1 1 0 0 -1 0 -1 1 0 0 0 0 0 0 2 0 0 -2 1 0 0 0 0 0 1 0 0 0 0 -1 2 -1 0 0 0 0 0 0 0 0 1 0 1 -1 2 -1 1 0 0 0 0 1 0 0 0 1 1 1 1 2 0 0 1 0 -1 1 1 0 0 0 0 0 -1 0 -1 -1 1 0 -1 -1 1 -1 0 2 0 2 -1 1 -4 0 -1 1 -1 0 -1 0 -2 2 0 0 1 0 0 0 0 0 0 1 0 2 0 1 0 -2 0 1 0 0 0 -2 1 0 1 0 1 1 0 0 0 -2 0 1 1 0 0 -1 -2 0 -2 1 1 1 -1 0 3 1 0 1 0 0 0 2 0 1 1 2 0 1 0 -1 1 0 0 -1 0 1 3 2 0 0 -1 2 0 0 0 -1 -1 1 0 2 0 -1 -1 0 0 -1 0 0 1 -1 0 0 0 1 1 0 0 1 0 0 -2 -1 0 0 1 -1 0 0 0 0 0 0 0 1 0 0 2 -1 0 0 0 2 1 0 0 0 0 0 2 1 0 0 1 0 0 0 0 1 0 0 -1 0 0 1 -1 1 -2 -1 0 0 0 1 0 0 -1 -1 0 1 0 0 4 1 0 0 0 -1 2 1 0 0 1 1 1 0 1 -1
3 -2 1 1 2 0 -2 -1 0 -2 0 0 0 -1 -1 1 1 1 -1 0 -1 0 1 -1 0 -1 1 -2 -2 0 -1 0 -2 0 2 0 -1 -1 0 0 -1 0 -1 1 1 -1 0 0 0 1 -1 -1 -2 0 0 2 0 3 0 -1 0 24 0 0 -2 0 0 -1 0 0 0 0 0 1 1 0 -2 -1 0 0 -1 1 -2 0 1 -1 1 -1 0 0 -1 -1 -1 2 -1 0 1 0 0 -1 0 0 1 0 -1 0 0 -1 1 -2 -3 0 0 0 1 -1 -1 3 0 0 -2 0 -1 1 -1 0 -2 0 0 0 -1 0 0 0 -1 0 2 1 -1 0 0 -1 0 -1 0 2 0 0 -1 0 0 -1 0 -1 0 -2 0 0 0 3 -3 1 -2 0 1 1 1 -1 0 1 1 0 0 0 1 0 0 -1 -1 -1 -1 0 0 0 0 -1 0 1 2 -1 -3 0 1 0 0 2 -2 2 -1 1 0 -3 -1 1 0 -1 1 0 -1 0 1 0 1 0 0 0 -1 -1 0 0 1 0 0 0 0 0 2 0 1 -1 0 0 -1 0 0 1 1 -2 1 1 0 0 -2 -1 -1 0 -2 0 -2 0 0 -1 0 0 -1 0 1 0 -1 2 1 1 -2 0 -2 2 -1 2 0 -2 -1 0 -1 0 1 0 1 0 1 0 0 -1 0 1 0 -1 0 0 1 0 1 0 -1 -1 -1 2 -1 1 1 -1 1 0 0 1 0 0 0 -1 1 0 2 0 1 0 0 -1 0 0 2 1 1 1 -1 -1 -1 0 1 0 0 0 0 -1 -1 1 0 0 0 -1 0 0 1 0 -1 0 2 0 1 2 2 -3 0 1 0 -2 0 0 0 0 0 1 -1 0 0 0 0 0 0 -1 1 -2 1 0 1 0 1 -1 0 0 0 -1 1 3 0 -2 -1 0 0 1 0 1 -1 0 -1 0 0 0 0 -1 0 0 0 0 -1 0 -1 -1 -1 0 2 0 0 -1 0 -1 0 0 -1 0 0 0 -1 0 0 0 0 0 0 0 0 0 1 0 0 -1 0 0 0 0 -1 0 0 0 -1 0 0 0 0 0 -2 2 0 0 0 3 1 1 0 0 0 -1
0 2 0 0 0 0 1 0 1 1 0 0 0 -1 -1 -2 1 0 0 0 0 0 0 0 2 1 0 0 0 0 1 0 0 -2 -1 0 1 0 0 0 -1 0 0 1 0 0 0 0 0 1 0 0 0 -1 0 1 0 0 0 -1 1 0 21 0 1 -1 0 0 -1 1 0 -2 -1 0 0 0 0 1 0 2 -1 1 2 1 0 0 0 -1 1 0 2 0 1 -1 1 1 0 -1 -1 2 1 1 -1 0 1 0 2 0 0 0 0 0 0 0 -1 0 1 -1 0 0 0 0 0 0 0 1 -1 0 1 1 0 0 1 0 0 0 0 0 -1 0 -1 -2 1 0 1 0 1 1 2 1 1 0 -1 3 1 0 0 1 2 0 -1 0 1 2 1 0 3 0 1 0 1 0 -1 0 0 -1 0 0 1 -1 1 -1 0 0 0 0 0 1 0 0 0 0 0 0 2 0 0 0 -1 0 0 0 0 1 0 -1 0 2 0 1 0 0 0 0 0 0 1 1 1 1 0 0 0 -1 0 0 0 1 1 -1 1 2 -1 0 1 1 0 -1 0 0 0 0 0 0 1 -1 -1 0 0 0 -1 0 0 0 1 0 0 1 -3 2 0 0 -1 0 -1 0 0 0 3 -2 0 1 0 1 1 0 -1 0 -1 -1 1 1 0 -1 0 -1 0 -1 -1 0 0 0 0 1 0 0 0 0 0 3 -1 2 0 0 0 0 3 1 1 0 -1 0 0 1 0 0 1 1 1 -1 1 0 0 1 1 -1 1 -1 0 0 0 0 1 2 1 1 0 -1 -1 -1 0 0 0 0 1 2 0 0 0 -1 1 0 0 1 0 0 0 0 2 0 -1 1 1 -1 -1 -1 0 0 0 0 0 2 -1 1 0 0 0 0 1 -1 0 0 1 0 -2 0 1 0 3 0 0 1 0 0 0 -1 0 -1 0 -1 1 0 0 0 2 -1 -1 1 0 1 2 2 -1 0 0 1 -2 -1 -1 0 0 -1 0 0 0 0 2 0 0 0 0 0 1 -1 -1 0 0 0 3 -1 1 -1 0 1 2 0 1 0 1 0 0 1 -1 -1 2 1 1 0 0 1
1 0 1 0 0 0 0 0 1 1 1 -1 0 1 0 -2 1 2 0 0 1 0 0 0 0 0 -1 0 -1 1 0 1 1 1 0 -1 0 1 0 0 0 0 0 0 0 0 0 0 -1 0 0 -1 0 1 0 0 -1 0 2 0 -1 0 0 18 0 1 0 -2 0 0 0 1 1 0 -1 0 0 0 -2 1 0 1 0 2 0 0 1 1 0 1 0 -1 1 -1 -1 0 1 0 0 2 0 0 0 0 -1 1 -2 0 -1 1 0 0 0 2 2 2 0 2 2 -2 1 0 -1 0 2 0 1 0 0 0 0 2 0 1 3 1 0 0 -1 0 0 0 0 2 0 0 0 0 1 0 -1 0 0 -2 -1 1 -2 1 0 0 0 1 0 0 1 -1 0 1 3 1 1 2 0 1 1 1 1 1 0 1 -1 -1 1 0 0 -1 0 0 -1 -1 0 0 0 0 0 1 0 1 0 0 -1 0 1 0 -1 0 -1 -2 2 0 1 -1 1 0 0 4 0 0 0 -1 0 1 0 1 1 1 -1 -1 1 1 -3 1 0 0 0 1 0 0 0 0 -1 0 0 0 0 -1 0 0 1 0 0 1 0 -3 -1 0 0 2 0 2 0 0 1 0 0 0 0 -1 1 3 -1 0 1 -1 -1 1 0 0 0 0 0 -1 1 0 0 -1 0 0 1 1 0 0 0 -2 -1 0 0 0 0 2 0 0 -2 1 0 0 1 -1 0 0 -2 1 1 1 0 0 -1 1 2 3 0 0 -2 0 0 0 0 1 0 0 0 0 -1 1 0 -1 0 0 0 0 0 1 0 -2 1 0 0 1 -1 -1 0 0 0 1 1 -1 -2 1 0 0 1 0 1 0 2 0 0 1 -2 -1 0 0 0 -1 1 -1 1 0 0 1 0 1 1 1 0 0 -1 0 0 1 1 0 -1 0 0 1 0 0 0 1 0 0 0 0 -1 -1 -1 1 0 0 0 0 1 0 -1 1 0 2 0 0 0 1 0 0 -1 1 0 -1 0 0 0 0 0 1 -1 0 -1 0 0 0 -1 -1 1 -1 0 1 0 0 0 1 2 0 0 0 0 0 -1 0 0 0
0 0 0 0 -1 0 0 1 0 0 -1 0 0 0 1 -1 1 1 -1 0 0 0 1 -1 2 1 0 0 0 0 1 0 0 -1 -2 0 0 -1 0 0 0 0 0 1 0 0 0 1 1 0 -1 0 0 0 0 0 2 0 0 2 0 -2 1 0 19 0 0 0 1 -1 1 -1 1 -2 0 1 0 -1 1 -1 -1 1 1 -1 0 2 0 1 0 1 2 2 1 0 -1 0 0 0 -1 0 -1 0 -1 -1 1 1 0 1 -1 0 1 0 0 -1 0 0 0 -1 0 0 -1 1 1 0 1 0 -1 2 2 0 0 0 0 0 -1 0 -1 0 0 1 0 -2 0 0 -1 0 0 0 1 -1 0 -1 0 1 0 3 0 0 0 0 -1 0 2 0 -2 3 1 0 0 1 0 1 0 0 2 0 0 1 0 0 1 0 0 2 1 -1 0 -1 -2 1 0 -1 -1 0 -1 1 1 0 0 0 0 2 2 1 1 0 -2 1 -1 -1 -1 0 -1 2 0 -1 0 -1 0 0 0 0 1 0 1 0 0 1 1 1 0 1 -1 0 2 1 1 0 -1 -1 -1 0 -2 0 0 1 0 1 1 0 0 1 0 0 1 0 0 0 -2 0 1 1 1 0 -1 0 1 0 4 0 -1 0 0 0 2 0 0 -1 0 0 0 1 1 1 0 -1 0 -1 0 1 0 0 0 2 0 -1 1 1 0 0 -1 0 0 0 1 0 0 0 1 1 -1 0 0 0 -2 -1 0 1 0 2 0 0 0 -1 -1 1 1 0 1 0 0 2 2 3 1 0 -1 0 2 -2 1 0 -1 0 1 1 0 0 2 0 -1 1 0 -1 0 -2 0 -1 0 0 0 0 0 0 -1 0 1 -1 0 2 1 0 0 0 0 0 0 0 0 -1 0 -1 0 1 0 1 0 0 0 0 0 0 0 -1 1 -1 0 0 0 0 -1 0 1 0 0 0 0 2 -1 1 -1 0 0 0 0 0 0 0 -1 0 0 0 0 1 0 1 1 0 -1 -1 -1 1 0 1 3 0 0 0 0 0 1 1 -1 0 1 -1 0 0 2 0 -1 0 -1 0 -1 2 0 0 0 -1
0 0 0 0 -1 0 0 1 0 1 1 -1 0 0 0 -1 1 1 0 0 1 0 0 0 0 -1 0 0 1 0 0 2 -1 1 0 0 0 0 0 0 -1 0 -1 1 0 0 0 0 1 0 0 0 -1 1 1 -1 0 0 0 0 0 0 -1 1 0 14 0 0 0 -1 1 -1 1 0 0 0 0 1 0 0 0 0 -1 0 0 1 -1 0 0 0 0 0 0 -1 -1 0 1 0 0 0 1 0 0 0 -1 1 0 -1 0 0 -1 -1 -1 1 1 0 0 -1 0 0 1 -1 -1 0 1 0 0 1 0 0 0 0 0 0 1 -1 1 0 -1 0 0 0 0 0 -1 0 0 1 -1 0 -1 0 2 0 2 1 0 0 0 0 0 -1 0 0 0 0 0 0 3 1 -1 2 1 1 2 0 0 0 0 0 -1 0 -1 1 2 -1 0 0 1 2 0 -1 0 0 0 0 0 1 0 0 0 2 1 0 -1 0 0 -1 2 0 1 -1 -1 0 0 -1 0 0 1 -1 0 0 1 0 0 1 0 0 0 0 -1 0 0 0 -1 1 -1 0 0 -1 1 1 0 1 0 -1 -1 1 0 0 1 0 0 0 -2 0 0 0 0 0 0 0 0 0 0 0 2 0 -1 0 0 0 0 0 0 3 0 0 0 0 0 0 1 2 0 0 1 3 0 0 -1 0 1 0 0 1 2 0 0 0 0 -1 -1 0 0 -1 0 0 0 0 0 1 0 0 0 -1 0 0 0 -2 0 0 0 0 0 1 -1 0 0 0 1 0 0 -2 -1 0 -1 0 -1 1 0 0 0 -1 1 -1 0 1 0 -1 0 0 0 0 1 -1 0 0 0 0 1 0 0 0 1 1 0 -1 1 1 0 0 1 0 1 0 0 0 1 -1 -1 1 0 0 1 0 -1 0 0 0 0 0 0 0 0 -1 1 0 -1 0 0 2 1 1 0 0 -1 -1 0 -1 0 0 -1 -1 0 0 0 1 0 -1 0 0 0 0 -2 0 0 1 0 0 0 -1 0 0 0 -1 0 0 0 0 -1 0 0 -4 0 0 0 0 -1 1 0 0 -1 0 0 -2 0 0 0 0
0 -1 1 0 -1 0 0 -1 1 -1 1 0 0 0 0 -1 0 0 0 1 0 0 0 1 1 0 -1 0 1 0 -1 0 1 -1 0 -1 -2 0 1 0 -1 0 0 0 1 2 1 0 1 0 0 0 -1 0 1 1 0 1 0 0 0 0 0 0 0 0 14 0 0 0 0 -1 0 0 -2 2 1 0 0 0 1 -1 1 2 -1 -1 0 0 0 -1 0 -1 0 -1 -1 1 0 0 0 -1 0 0 1 0 1 0 0 0 2 0 0 0 1 0 -1 1 0 0 1 0 0 0 0 0 0 -1 1 0 0 -1 0 0 -1 0 -1 1 0 0 -1 1 -2 0 -2 1 0 0 0 1 1 2 0 0 1 0 1 -1 0 -1 0 -2 0 -1 1 0 0 1 0 0 0 0 0 1 0 0 -1 0 0 0 0 1 0 -1 0 0 0 0 2 -1 0 0 1 0 0 0 0 0 0 0 -1 0 0 0 1 0 1 1 0 0 1 0 -1 1 0 0 0 0 0 -1 0 0 1 1 0 0 -1 1 1 -1 -1 0 0 0 0 -1 1 -1 0 0 1 0 1 0 0 0 1 0 -1 -1 0 1 -2 1 0 1 0 0 0 0 1 0 1 1 -1 0 0 -1 -1 0 0 -1 -1 0 0 0 0 -2 -1 0 0 -1 1 0 0 0 0 0 0 0 0 -1 0 -2 0 0 0 0 1 1 0 0 0 1 1 0 0 0 -1 -1 0 -1 0 0 0 -1 -1 0 0 0 0 0 0 0 0 1 0 0 0 0 0 0 0 -1 0 0 0 0 0 -1 -1 0 -1 0 -1 0 0 0 -1 -1 0 -1 0 0 0 2 0 1 1 0 0 -1 -1 -1 0 0 1 0 0 0 0 1 1 0 -1 -1 0 0 0 0 0 0 0 0 -1 0 0 0 0 0 0 -1 0 2 0 1 0 0 0 2 1 0 0 0 0 1 0 1 -1 0 0 0 2 1 1 0 1 -1 0 0 0 0 0 0 0 0 -1 0 0 0 0 0 -1 0 -2 1 1 0 0 0 1 1 0 0 1 -1 0 -1 -1 0 -1 -1 0 -1 0 1 -1 0 -1 0 0 0
0 1 -1 -1 -1 0 -1 1 0 0 0 0 0 0 1 -1 1 0 0 1 0 0 0 1 0 0 1 0 -1 0 -1 -1 2 -1 0 1 0 0 0 3 0 -1 0 0 0 1 0 0 1 1 -1 3 1 0 0 0 0 0 -1 0 0 -1 0 -2 0 0 0 13 0 1 0 0 -1 0 1 0 -2 0 0 -1 1 0 2 0 0 0 0 0 -1 -1 0 -1 0 -2 1 -2 -1 0 0 -1 -1 -1 0 1 -1 1 1 1 1 1 1 1 -1 -1 0 1 0 0 1 1 0 0 0 1 0 0 1 -1 1 0 0 0 0 0 0 0 0 0 1 1 -1 0 0 0 1 -1 0 0 0 0 1 1 0 0 0 -1 2 0 0 -2 0 1 0 0 -1 0 0 -1 0 0 0 0 -1 0 -1 0 -1 0 1 0 0 1 0 0 0 0 -1 0 0 -1 1 -1 0 0 0 0 0 0 0 0 -1 0 0 0 0 0 2 0 0 -1 0 0 0 -1 0 0 0 -1 0 -1 -2 -1 1 0 1 0 0 -1 0 0 1 0 -1 1 0 0 0 0 0 1 0 -1 0 1 0 0 2 0 0 0 1 1 1 2 0 0 1 0 0 -1 -1 0 2 0 0 1 2 0 1 -1 0 0 -1 0 0 0 -1 0 0 0 1 -1 0 -1 1 0 0 0 1 1 0 1 1 0 1 -1 0 -1 0 -1 0 -1 0 -1 0 0 0 0 0 0 1 -1 0 1 0 0 0 0 -1 0 0 0 1 -2 0 -1 2 0 0 0 -1 1 0 0 0 1 0 0 0 -1 0 0 0 -1 -1 -1 0 0 0 1 0 0 0 1 -2 0 0 1 0 1 0 0 0 0 0 0 0 -2 1 0 0 0 -1 1 0 -1 -1 -1 0 -1 0 -1 0 0 0 1 2 0 0 0 0 0 1 0 0 -1 1 0 0 0 0 0 0 0 0 0 0 0 1 0 0 0 1 0 1 1 0 0 0 0 0 0 0 0 0 1 1 0 1 0 0 -1 2 0 2 0 1 0 0 0 0 0 0 1 0 0 0 0 0 0 -1 0 0 0 0 1 0 -1 0 0
0 -1 1 -1 0 0 0 0 0 1 0 1 0 -1 2 0 0 2 -1 0 -1 -1 -1 0 0 0 0 2 0 0 0 0 0 0 0 0 0 0 0 -1 0 0 1 0 0 -1 -1 -1 0 0 1 0 1 0 -1 0 -1 0 1 0 1 0 -1 0 1 0 0 0 20 0 1 0 0 1 0 -3 1 2 2 -1 0 0 0 1 0 1 -1 0 -1 0 0 0 1 -1 1 0 0 0 -1 0 0 1 1 0 0 0 -1 0 0 0 2 1 3 0 0 -2 0 0 0 0 -1 1 1 0 0 2 0 1 1 1 -1 0 0 1 0 2 0 -1 0 1 0 2 0 2 0 -1 0 0 0 1 0 0 -1 0 0 -1 0 0 1 0 0 0 1 0 0 0 0 1 1 0 1 2 0 0 0 -1 0 -1 1 -1 0 0 -3 2 -1 0 1 0 0 0 0 0 0 -1 0 0 -1 0 0 0 0 1 -2 -1 0 1 -1 -1 0 -1 -2 2 0 0 4 1 1 0 0 0 0 0 0 0 0 0 0 1 0 3 0 0 0 0 0 0 0 1 -1 3 0 0 0 0 0 1 0 1 0 0 0 -1 0 0 0 0 0 -1 0 1 0 0 0 0 -1 0 0 1 0 0 0 0 -2 0 -1 0 0 1 0 0 -1 -1 0 1 0 0 1 0 0 0 1 -1 0 0 -1 -1 -1 1 0 0 0 0 0 0 3 0 0 0 0 0 -1 0 0 0 0 1 0 0 -1 1 1 0 0 0 0 0 0 1 0 -1 0 2 -2 1 -1 0 0 0 3 0 2 2 0 -1 1 0 0 1 1 1 0 3 0 0 -1 0 0 1 0 1 0 -2 -1 0 1 2 0 0 1 -1 0 -1 2 0 0 0 0 1 0 0 0 0 1 1 0 0 0 0 1 -1 1 0 0 -1 -1 -1 0 0 1 1 0 2 0 0 0 0 0 0 1 0 2 -1 2 0 0 1 2 -1 1 0 -1 0 0 1 1 0 1 1 0 1 2 1 0 1 0 0 0 0 -3 0 0 0 0 1 0 0 0 0 -2 0 3 1 0 0 0 0 0 0 -1 0
0 -1 -1 0 1 1 0 0 -1 1 0 1 0 -1 -1 1 0 0 -1 0 -1 0 0 0 0 0 1 0 -2 0 0 0 2 0 -1 -1 1 2 0 0 -1 -1 3 -1 0 1 1 0 0 0 -1 0 -1 0 -1 0 0 -1 0 0 2 0 1 0 -1 -1 0 1 0 19 1 1 0 0 1 1 0 -1 0 2 -1 0 1 -1 0 -1 1 0 0 0 1 -1 0 1 1 -2 1 0 0 1 0 0 0 -1 1 2 0 0 1 1 -3 1 0 0 0 0 -1 1 0 1 1 1 -1 0 0 1 0 -1 0 0 0 0 1 1 0 0 0 0 1 0 0 -1 3 -1 0 0 0 -1 1 1 0 0 1 0 1 -1 -1 -1 0 -1 -1 1 -2 1 0 -1 0 0 0 0 0 0 -1 1 0 1 -1 1 -1 -1 0 0 -1 0 -2 1 0 0 1 0 0 1 -1 1 2 1 0 0 0 0 1 0 1 0 -2 0 2 0 0 1 0 1 1 0 1 0 0 -1 0 1 0 0 -1 -1 0 0 0 0 0 1 0 0 2 0 0 -1 0 -2 0 -1 1 0 1 0 1 0 0 -1 -2 0 -2 0 0 0 0 0 0 0 1 0 2 -1 1 0 0 0 1 0 0 0 0 0 0 -2 -1 1 1 0 0 0 0 -1 1 -1 0 0 1 1 1 0 1 -1 0 0 -1 1 0 0 0 1 2 1 0 -1 0 0 -1 -1 1 -1 1 0 0 2 1 1 1 1 1 0 -2 0 -1 1 0 0 0 -2 0 0 0 0 0 0 1 -1 0 3 0 0 0 0 -1 0 1 2 0 0 1 1 0 1 -2 1 1 0 1 1 0 0 2 0 0 0 0 0 2 0 0 0 0 0 0 -2 1 0 0 0 -1 0 1 1 -2 0 0 0 0 0 -1 -1 1 0 1 0 1 2 0 0 -1 0 0 0 1 1 1 2 0 0 0 2 1 1 -1 0 -1 1 0 0 0 0 1 0 0 2 0 0 0 0 0 1 0 1 1 0 0 1 -1 0 0 0 -1 0 -1 2 1 0 1 0 0 -1 1 0 0 0 0 -2 0 1 1 0
-1 0 -1 -1 0 -1 0 0 0 1 2 0 0 -1 1 2 1 -2 -2 0 0 0 -1 0 0 0 0 0 2 0 1 0 0 -1 -2 0 0 2 0 0 -1 1 1 1 0 0 2 0 0 0 0 0 0 0 -1 1 -1 0 0 0 1 0 0 0 1 1 0 0 1 1 17 0 0 -1 2 0 0 2 -1 -1 0 1 -2 -1 0 -1 0 0 -1 2 0 0 0 1 -1 0 1 0 -1 0 0 1 0 -1 0 -1 1 -1 0 0 0 0 0 0 0 0 0 -1 2 0 0 1 -1 1 0 0 0 0 0 1 0 -1 0 0 0 0 0 0 0 0 0 -1 1 0 -1 0 0 -1 2 0 -1 0 0 -1 1 0 0 0 0 -1 0 0 -2 -1 0 1 0 0 2 0 0 0 2 0 0 3 0 1 3 0 1 0 0 1 0 0 0 0 1 0 0 0 0 0 0 -1 -1 3 2 0 0 0 0 0 0 0 -2 0 1 0 0 0 0 0 0 0 0 0 0 -1 0 1 1 0 0 -1 0 1 2 1 0 0 1 0 1 0 0 -2 0 0 1 0 -1 0 0 -1 0 0 0 0 1 0 0 0 0 0 0 2 -1 0 0 0 -1 0 -1 -1 1 0 0 0 0 1 0 0 -1 -2 1 0 0 0 0 -2 0 -1 0 0 -1 0 1 0 1 0 0 0 0 -1 -1 1 1 0 -1 -1 1 1 -1 0 1 -1 3 0 0 0 -1 0 -1 0 0 0 0 0 0 0 0 0 0 0 0 0 1 0 1 -1 0 0 -1 3 1 3 0 1 0 1 -1 -1 1 0 0 2 0 0 1 0 0 1 -1 0 0 0 0 0 -1 0 -1 0 0 1 0 -1 1 0 0 0 0 -1 0 0 -1 0 0 -2 -1 1 -2 0 -3 -1 0 0 -1 -2 -1 0 2 0 0 1 -1 0 0 0 0 -1 0 -2 1 0 1 0 1 0 2 1 0 0 1 2 0 1 0 0 0 0 -1 0 0 1 1 0 1 1 0 0 0 2 1 -1 0 1 -2 2 1 2 1 0 1 2 0 0 0 0 0 1 1 1 0 0 1 0 0 0
1 -1 0 0 -1 -1 0 0 1 0 1 0 0 1 0 1 1 0 0 0 0 1 0 3 -1 1 1 0 0 -1 0 0 0 0 0 1 1 0 0 0 -2 0 1 -1 -1 -1 0 1 0 0 0 0 0 0 0 -1 -1 -1 0 1 -1 0 -2 1 -1 -1 -1 0 0 1 0 17 -2 0 1 -1 0 0 0 0 0 0 -1 0 0 0 0 0 1 0 -1 0 0 -1 0 0 -1 0 1 -1 -1 -1 1 0 0 0 0 0 -1 0 -1 0 1 0 0 -1 -1 -1 0 -1 -2 1 0 0 0 1 2 -1 0 0 0 0 1 0 0 1 0 0 0 0 1 0 2 -2 0 0 -1 0 0 -1 0 1 0 1 -1 -1 -1 -1 -1 1 0 0 0 0 1 -2 0 0 0 0 1 0 0 0 -2 0 1 0 0 0 -1 0 0 0 1 -1 0 0 0 -1 0 0 -1 0 1 -1 0 0 -1 0 0 2 0 -1 0 0 1 0 1 0 0 -2 1 0 0 1 -1 -1 -1 0 0 0 1 0 0 -1 -1 0 -1 -1 1 0 0 0 0 1 0 0 0 0 0 -1 0 0 0 1 -1 1 0 0 1 0 0 -2 0 1 0 0 1 0 -1 0 1 0 0 -1 0 -1 -1 0 0 -1 -2 -2 -1 -2 0 -1 0 0 -1 0 0 -1 1 1 -1 -1 0 0 0 1 0 0 0 -1 1 -1 0 -1 0 0 0 -1 0 0 -1 1 0 0 0 -1 0 0 2 0 0 -1 1 0 0 0 0 0 -1 0 0 0 0 -1 0 1 0 0 0 0 0 1 1 -1 0 0 0 0 0 0 0 0 1 1 0 -1 0 1 0 1 1 1 1 1 0 -1 -1 -1 1 0 2 0 -1 1 0 0 0 -1 -1 0 0 0 1 1 0 1 -2 0 -1 0 0 0 0 -1 0 1 0 0 1 0 0 0 0 0 0 0 1 1 0 0 0 0 -1 2 2 -1 -2 0 -2 1 1 0 0 0 0 0 2 0 0 0 1 -1 0 0 0 -1 0 0 1 -1 -1 0 0 1 -1 0 0 0 2 0 0 0 0 0 0 -1 1 0 -2 0 -1 0 0 0
0 0 0 0 0 0 0 0 0 0 -1 1 0 -1 2 1 0 1 0 0 0 0 0 0 0 1 0 -1 0 0 0 0 -1 -1 0 0 2 -1 -1 0 0 1 0 2 0 1 -1 -1 0 1 -1 0 0 0 0 0 1 1 0 0 1 0 -1 1 1 1 0 -1 0 0 0 -2 19 -1 0 0 1 0 0 -1 0 0 0 0 1 0 0 -2 -1 1 0 2 0 1 0 -1 2 0 -1 0 1 0 0 0 0 2 0 0 -1 -1 1 0 0 0 0 0 -1 1 0 0 0 1 0 0 1 0 -1 2 0 0 0 0 2 0 -1 0 0 3 0 0 1 1 -1 0 -3 0 0 0 0 0 0 2 1 1 1 2 1 0 1 -1 0 0 -1 0 -2 1 -1 0 1 1 -2 1 0 -1 1 0 0 1 0 0 0 0 1 0 0 1 0 0 1 2 1 -2 0 0 1 1 1 0 0 0 1 0 -1 0 0 0 1 1 1 0 -1 -1 1 0 0 -1 0 0 1 0 0 -1 0 -1 3 1 0 1 0 0 0 0 1 1 1 -1 0 0 0 0 0 2 0 1 1 -1 0 -1 -1 0 0 1 1 0 0 2 1 0 0 0 0 -1 2 0 1 0 0 1 1 0 0 0 0 -2 0 0 0 0 0 0 2 2 0 2 0 0 2 0 0 0 2 0 0 0 0 1 0 -1 0 0 1 0 -1 1 0 1 -1 -1 1 1 -2 1 0 1 1 0 2 0 -1 0 -1 0 0 1 0 0 0 0 0 0 0 -1 0 0 0 -1 0 -2 0 1 0 1 0 0 2 -1 0 -1 1 0 0 0 0 0 0 0 0 0 0 -1 0 0 0 0 0 0 0 1 -1 0 0 0 0 1 1 2 -1 1 0 0 0 -1 0 0 0 -1 0 0 0 0 0 0 0 0 0 1 1 0 0 0 0 0 0 0 -1 1 -1 1 0 0 1 0 0 0 0 1 0 0 0 0 0 0 -1 0 1 0 0 1 0 0 2 0 0 1 0 0 0 0 -1 -1 0 0 2 0 -2 1 0 0 0 1 -2 1 0 1 0 -1 0 0 2 -1
0 1 0 0 2 -1 0 1 -1 0 0 1 0 0 0 1 0 2 -2 -1 0 0 0 0 -1 -1 0 2 -3 0 0 -2 1 3 1 0 2 0 1 0 1 0 0 -2 2 0 0 0 0 0 0 0 0 0 0 0 1 1 -1 2 0 1 0 0 -2 0 0 0 1 0 -1 0 -1 25 -1 2 0 0 0 1 -1 0 1 1 1 -1 2 0 1 -1 -1 0 0 0 0 0 0 0 0 1 -1 3 0 0 1 1 0 0 -1 -1 -1 4 0 0 1 0 0 0 0 0 1 -1 0 0 0 1 0 0 0 0 2 0 0 0 1 -1 -1 1 1 0 -2 0 2 0 0 -1 0 1 0 0 0 1 -1 1 0 -1 0 1 0 1 -1 0 1 0 -1 -1 1 -1 0 0 2 0 3 0 1 0 0 -3 -1 0 2 0 0 0 0 0 -1 2 1 0 -1 -1 -1 0 0 -1 -3 -1 0 0 1 -1 3 0 -1 0 -1 0 0 0 1 1 1 -1 0 0 0 0 1 -1 1 -1 -1 0 1 1 0 -3 -1 0 1 1 -1 -1 -1 0 0 -1 0 3 0 1 0 -1 0 -1 0 0 1 1 -1 1 0 -1 0 0 -1 -1 1 1 0 3 0 -2 -1 0 0 0 -1 -1 1 0 1 0 0 -1 -1 0 2 -1 0 1 0 0 0 0 1 0 0 1 -1 1 0 0 0 -1 0 -1 0 0 0 2 1 1 0 0 0 0 -1 1 1 0 0 2 1 0 2 0 0 1 2 0 0 -1 0 1 -1 -1 0 0 1 3 0 -2 0 -1 1 0 0 1 1 0 1 0 2 2 0 -1 -1 0 1 -1 -1 0 1 1 0 2 1 2 0 1 0 2 0 0 -1 0 0 0 1 0 2 0 0 1 1 0 1 0 -1 0 1 1 1 1 0 1 0 -1 1 0 -2 0 2 0 0 1 0 1 0 0 0 0 0 0 0 1 1 1 1 3 2 4 -1 -1 0 0 -1 0 -2 0 1 0 -1 -2 1 0 1 -1 1 1 1 0 -1 0 2 1 1 1 1 -1 0 0 0 0 2 0 1 0 0 0 0 1 0 1 -1 -1 0 0
-1 -1 -1 0 0 0 0 0 -2 0 1 0 0 0 -2 1 0 0 0 0 0 0 -1 -2 0 -1 -1 0 0 -1 0 0 0 0 0 0 1 0 -1 -1 0 1 -1 2 0 -2 2 0 1 0 0 1 -1 1 0 1 0 0 0 -1 -1 1 0 -1 0 0 -2 1 0 1 2 1 0 -1 12 -1 0 0 0 -1 -1 0 1 0 0 0 0 0 1 0 0 0 -1 0 2 0 0 0 0 1 0 0 0 -1 1 0 0 0 -1 0 0 0 -1 0 0 0 0 0 1 0 0 0 0 0 0 0 0 0 0 0 0 -1 0 0 0 0 0 0 -1 0 1 0 1 -1 0 1 -1 -1 1 -1 1 1 0 0 1 0 1 0 -1 1 0 -1 0 0 -1 0 0 0 0 0 1 0 0 0 -2 1 0 0 1 0 0 1 0 0 1 0 0 -1 2 0 0 0 -1 0 0 -1 -1 2 -1 -1 0 0 0 0 0 0 1 0 -1 0 0 -1 0 0 -1 0 0 0 0 0 0 0 0 0 0 -1 0 1 0 0 1 0 0 -1 -1 0 0 0 0 0 -1 0 0 0 0 0 -2 -1 0 0 0 0 0 1 0 -1 0 0 0 0 0 1 0 0 0 0 0 -1 1 0 0 0 0 0 0 1 2 0 0 0 0 0 1 0 1 -1 0 0 0 0 0 0 -1 0 0 1 0 0 0 -1 0 0 0 1 1 0 0 1 1 0 1 0 0 0 1 0 -1 0 1 -1 1 0 -1 0 0 -1 1 0 1 0 -1 0 0 0 0 0 1 1 1 0 -1 0 0 -2 1 0 0 0 1 -1 0 0 0 0 0 -1 0 0 0 0 0 -1 0 0 0 0 0 0 0 0 0 0 -2 0 0 -1 -1 0 0 -1 0 1 0 0 -1 0 0 0 0 -1 2 0 0 0 0 0 0 -1 0 0 0 0 0 -1 0 1 0 0 0 0 0 0 0 -1 1 1 0 0 0 0 0 0 0 0 0 0 1 0 1 0 0 0 -1 0 0 0 0 0 -1 2 0 1 0 1 -1 0 1 0 0 0 -1 0 1 -1 0 0 1 0 0 0
0 0 0 0 0 1 0 1 0 -1 1 -1 1 0 -2 0 0 1 0 0 -1 0 2 1 0 1 0 0 -1 0 0 0 -1 2 1 1 1 1 0 0 0 1 -1 0 1 2 0 -1 0 -2 0 0 0 -1 -1 -1 -1 0 2 3 2 0 0 0 1 0 2 0 -3 1 0 -1 0 2 -1 22 0 -1 1 1 0 1 0 0 0 1 2 -1 1 0 -1 -2 0 -1 -1 0 0 0 0 -2 2 0 0 0 0 0 1 0 0 1 0 -2 1 -1 0 -1 -1 0 0 0 1 1 -1 0 2 -1 -1 0 0 0 0 1 -1 -1 0 -2 -1 0 -1 -1 1 0 0 -1 -1 0 0 0 2 -2 0 0 0 1 0 0 0 0 0 -1 0 -1 -1 0 1 2 1 -1 1 1 0 -1 2 0 0 1 0 -1 0 0 1 0 0 0 0 0 0 0 1 1 0 0 0 2 -1 1 1 1 0 0 0 -2 1 -1 0 0 0 0 1 0 1 0 -1 -1 0 -1 -2 0 0 1 1 1 0 1 1 -1 1 0 3 -1 0 0 0 0 -1 -1 0 -1 0 2 1 0 0 0 0 0 1 -1 0 1 -1 1 0 0 1 0 0 0 -2 -1 1 -1 0 -1 1 -2 0 0 1 -2 0 1 0 0 0 2 0 -1 0 -2 0 1 0 0 -2 -1 2 1 1 -1 -1 1 1 4 0 1 1 0 0 2 0 0 1 0 2 1 1 0 1 0 0 0 1 1 0 -1 0 1 -1 0 0 0 1 0 -1 1 0 0 1 1 0 0 0 -2 2 0 0 0 1 3 0 -1 0 1 -1 1 -1 0 0 1 1 0 0 0 1 1 0 1 1 -1 1 2 -1 -3 -1 3 0 -1 0 0 1 0 -1 0 2 0 0 0 0 -1 0 0 0 0 0 1 0 1 1 0 0 -1 0 0 1 0 0 2 -1 0 1 -1 0 2 -1 -1 1 0 -2 0 -1 2 2 2 0 0 0 0 -1 0 1 2 -1 1 -1 0 1 -1 0 0 -2 1 1 1 1 1 0 0 0 0 -1 -1 0 0 1 0 1 -1 1 0 -1 -1 0 0 0 0 -1 0 1 -1
0 -1 -2 0 0 0 0 0 0 0 1 0 0 0 0 2 0 1 0 0 -1 -1 0 1 0 0 1 1 1 0 0 1 -1 2 0 0 0 0 0 -1 0 0 0 0 -1 -1 0 -2 -1 0 0 0 0 0 0 0 1 0 0 0 0 -2 0 0 0 0 1 -2 1 0 0 0 1 0 0 0 16 1 0 0 -1 -1 0 0 -1 -1 0 0 -1 1 0 1 0 -1 0 0 -1 1 0 0 0 1 0 0 1 -1 0 -1 0 0 1 0 0 0 -1 1 0 0 -1 2 1 -1 0 1 0 -1 2 0 0 1 -1 1 1 -2 0 -1 0 -1 0 0 1 1 -2 0 0 -2 0 0 0 0 0 0 0 3 0 0 -1 0 0 1 1 -1 0 0 1 -2 0 0 0 0 1 1 0 0 1 1 0 -1 0 0 -1 0 0 -2 0 0 0 0 0 0 0 0 0 0 1 -1 2 0 -1 0 0 0 1 0 1 1 0 0 1 1 0 1 0 -1 0 0 2 0 0 1 0 0 1 1 0 0 -1 0 0 1 0 0 2 0 -1 0 0 0 -1 0 0 1 3 0 0 0 -2 0 0 -1 1 0 1 -2 1 0 -1 1 0 2 0 0 1 0 0 0 -2 1 0 1 0 0 3 0 0 0 1 0 0 0 -1 -1 0 -1 0 0 0 0 0 0 0 0 -1 1 0 0 1 1 0 0 1 -1 0 2 2 1 1 0 0 1 0 0 0 -2 1 0 -1 0 -1 0 0 0 0 1 0 0 1 1 0 1 1 0 0 0 0 0 -1 -1 0 2 0 0 0 0 1 3 0 -2 0 -1 0 0 0 -1 -1 -1 1 1 -2 0 2 0 -1 0 0 0 0 1 1 1 1 0 0 0 0 0 1 0 0 0 0 1 0 0 0 0 0 -1 1 0 0 1 2 0 0 0 0 0 0 1 -1 1 1 -1 0 0 1 -1 1 0 0 0 0 -2 -1 0 1 0 0 -1 0 -1 1 0 0 0 2 0 0 0 1 0 0 1 -2 0 0 0 1 1 1 0 0 -1 -1 0 -1 0 0 0 0 0 0 0 -1 1 0 0 -1 0
0 0 -1 -1 0 0 0 0 1 2 -3 -1 -1 0 0 -1 3 1 -1 0 0 -1 0 -1 -1 0 2 0 -1 1 0 0 1 1 0 1 0 0 -1 0 0 0 1 0 0 0 0 0 0 1 1 0 1 0 -1 0 -1 0 -1 1 -1 -1 1 0 -1 1 0 0 2 -1 2 0 0 0 0 -1 1 22 -2 -1 2 -1 1 0 -1 1 0 0 -3 2 0 1 1 0 0 3 0 0 -1 0 -1 1 0 -1 0 0 1 0 1 0 0 1 -2 1 1 -1 0 -1 1 1 0 0 0 1 -1 0 1 1 -1 0 0 0 1 1 1 1 0 0 0 -1 0 0 -1 0 0 0 0 0 2 1 0 1 -1 1 0 0 0 -1 1 1 1 0 0 0 0 1 1 1 1 0 1 1 1 0 0 1 -1 0 1 0 -1 0 1 1 0 -1 -1 0 0 -1 -1 -1 1 -1 0 0 -1 1 0 0 -1 0 -2 0 -1 0 2 0 1 1 0 -1 0 0 1 0 -1 1 2 0 -1 1 0 2 1 -1 0 0 1 -1 1 0 1 -1 1 0 2 0 0 3 1 1 0 0 -1 -1 1 0 1 0 1 0 -1 2 0 0 -1 3 1 0 0 0 0 0 1 1 -1 2 0 -2 0 1 0 0 0 -1 0 1 -1 0 2 1 2 0 0 0 0 0 -1 0 0 0 0 -2 0 0 0 1 1 0 0 0 0 0 2 -1 4 -1 0 -1 1 0 0 -1 1 0 -1 0 2 0 1 1 -1 1 1 -1 0 0 1 0 -1 0 0 2 0 1 -1 1 0 -1 0 1 0 0 1 -1 1 1 0 -1 1 0 0 3 0 1 0 1 0 1 1 0 1 0 -1 1 0 -1 0 -1 -1 1 -2 1 0 0 0 0 2 0 0 4 0 0 0 0 -1 0 0 0 -2 1 3 -1 1 0 1 0 0 0 0 0 1 0 1 -2 0 -1 3 0 1 1 1 0 1 0 0 1 2 0 0 0 -1 0 -1 0 1 -1 0 1 0 -1 -1 0 -1 -2 1 -1 -1 1 0 1 1 0 1 0 0 0 -1 0 0 0 2 0 -1 -1 2 -3 0 -1
0 0 1 0 0 0 0 -1 -2 1 0 -1 0 -1 0 1 0 0 0 1 -2 0 0 0 0 0 0 0 0 0 0 0 2 1 0 0 0 0 -1 0 -1 1 0 0 -2 0 -1 0 0 0 0 -1 1 0 0 -1 0 0 0 0 0 0 0 -2 1 0 0 0 2 0 -1 0 0 0 0 1 0 -2 13 2 0 0 1 -1 0 0 1 0 -1 0 0 -1 1 -1 1 0 0 0 0 0 0 0 1 -1 0 0 1 0 1 -1 0 1 0 0 -1 0 -1 0 0 0 0 0 1 -1 0 0 -1 0 -1 0 -1 0 0 0 0 0 0 0 0 0 0 0 0 0 0 0 0 0 0 -1 0 -1 0 0 0 0 -1 -1 0 0 1 0 2 0 1 -1 0 0 0 0 -1 1 -1 0 -1 -1 -1 0 2 -1 2 -1 -1 0 0 0 0 0 0 1 0 0 2 0 1 0 0 0 0 0 0 1 0 0 1 0 1 2 0 0 0 -1 -1 0 1 -1 0 0 0 -1 1 0 0 0 0 -1 0 -1 0 2 0 -1 -1 0 0 0 0 0 -1 -1 0 0 1 0 0 0 0 0 -1 1 -1 -1 2 0 -1 0 -1 -2 -3 1 0 0 -1 0 0 0 0 0 1 1 0 0 0 0 0 0 0 -1 0 0 -1 0 -1 1 0 -1 0 0 0 -1 1 0 0 1 0 1 0 1 -1 -1 -1 1 0 0 0 0 0 0 1 1 1 0 0 -1 -1 -2 -1 -1 -1 -1 1 0 1 0 1 0 0 0 -1 1 1 0 0 -1 0 0 0 1 2 0 1 -1 0 1 0 0 -1 -1 0 1 1 1 0 0 0 1 2 0 0 0 0 0 0 0 0 0 2 -1 0 0 2 -1 1 -1 0 0 0 0 0 0 0 1 0 0 1 1 0 0 0 1 1 -1 -3 1 0 -1 0 0 1 0 0 0 1 0 1 0 1 1 0 1 1 0 0 0 -2 -1 0 0 -1 -1 0 0 1 0 -1 1 0 0 0 0 0 0 0 -1 2 1 0 -1 -1 -1 0 1 0 0 2 -1 0 0 0 0 0 -1 0 0 0 -1 0 0 0 1
1 -1 1 -1 0 0 1 0 -1 -1 1 1 0 0 -1 0 -1 2 0 0 0 0 0 0 0 0 1 -1 0 0 1 0 1 2 0 0 0 0 3 1 0 1 0 -1 0 1 0 0 0 -1 -1 0 -1 1 0 0 0 0 -1 0 1 0 2 1 -1 0 0 -1 -1 2 -1 0 -1 1 -1 1 0 -1 2 25 -2 1 4 0 0 -1 0 0 2 0 0 0 2 -2 1 0 0 0 0 2 1 2 0 0 0 -1 0 0 1 0 0 2 0 -1 -1 0 0 0 0 2 -1 -1 2 -1 1 0 1 0 0 0 0 5 -2 0 0 0 -1 0 1 -1 -1 -1 0 0 1 -2 1 0 -1 0 -1 0 1 -1 0 0 1 2 0 0 0 1 1 1 -1 -1 -1 -1 2 0 1 0 0 0 -1 0 0 2 1 1 -1 0 0 0 1 1 0 0 0 0 0 1 0 2 -1 1 1 0 1 0 -1 0 1 0 0 -1 0 -1 1 1 -1 2 -2 -1 0 -1 1 0 0 3 2 0 0 -3 -1 1 0 0 0 0 0 -1 -1 0 -1 1 0 -1 0 1 0 0 0 0 0 0 0 0 1 0 0 -1 5 -1 -2 0 0 0 0 -1 -2 0 0 0 -1 0 0 0 0 0 -1 -1 0 1 0 -2 0 -2 0 -1 0 0 0 -1 0 0 2 2 1 0 0 1 -3 0 1 1 0 -1 0 2 0 1 1 0 -3 -1 -2 -1 1 0 0 0 1 3 0 0 2 -1 1 0 -3 0 1 0 0 -2 0 0 -3 2 1 0 -3 2 2 1 1 0 -1 0 2 -1 0 2 0 1 0 0 0 0 1 2 0 -2 1 -1 -1 0 0 1 0 0 0 0 1 0 0 1 0 0 0 0 1 1 1 1 0 0 0 0 -1 0 0 0 0 0 0 -1 0 3 -1 0 -1 -1 1 2 1 0 1 0 -1 1 1 0 2 1 0 -2 0 -1 0 0 -1 1 -1 1 0 -1 0 1 -1 0 0 1 -1 0 0 0 -1 0 1 1 1 1 0 0 1 0 1 0 -1 0 0 0 4 1 -1 1 -1 0 0 0 1 1 1 0 -1 0 0 -1
-1 1 0 0 -2 0 1 0 2 0 -1 0 0 0 0 1 0 0 0 2 0 0 -3 0 -2 0 1 -1 0 0 0 0 0 0 -1 0 0 0 0 0 0 0 0 0 -1 -1 0 0 0 1 0 0 0 0 0 0 0 0 -1 0 0 -1 -1 0 -1 0 1 1 0 -1 0 0 0 -1 -1 0 -1 2 0 -2 18 0 -2 1 0 0 0 -1 -1 0 0 -1 -1 0 0 1 2 0 0 1 0 1 0 0 -1 0 0 0 -1 1 0 0 0 0 -1 0 1 0 0 0 1 0 0 0 -1 0 1 0 -2 2 0 -1 1 0 0 0 0 0 -1 1 0 0 0 1 -1 0 0 2 0 -1 1 0 0 0 0 -1 0 0 0 -1 0 1 -1 -3 0 0 0 0 0 -1 0 0 -1 0 0 0 0 -1 3 0 2 0 0 0 0 -1 0 -1 0 0 5 0 1 0 1 -1 0 1 0 0 -2 -1 0 -1 0 0 0 0 0 0 0 -2 0 -1 -1 0 -1 -2 0 -1 1 0 0 0 0 -1 0 0 0 0 0 0 1 1 0 0 0 0 1 -1 0 0 0 0 0 2 1 0 0 1 -2 -1 0 0 0 0 3 0 -1 0 2 0 0 0 0 0 -1 1 2 0 -1 0 0 0 -1 -1 0 0 -1 0 2 2 1 0 -1 0 0 -1 0 0 0 0 1 1 1 1 -2 0 0 0 0 -1 1 0 1 0 0 0 0 0 1 0 0 -1 2 0 -1 -1 -2 0 1 -1 0 1 0 0 -1 0 0 -1 1 0 0 0 -1 -3 0 0 0 -1 0 -1 1 -1 0 -1 1 0 0 -1 0 0 0 1 0 0 -1 0 -1 1 0 0 0 1 0 0 -1 0 0 0 0 1 0 -2 -1 2 0 0 1 0 0 -1 -1 0 0 1 0 0 1 0 -2 1 0 0 0 -2 1 -2 1 0 0 0 -1 0 -1 -1 0 0 0 0 1 0 1 0 1 1 3 2 -1 0 0 0 -1 0 1 0 -1 0 -2 0 0 -1 -2 -2 0 2 -1 0 0 -1 0 0 0 0 0 0 0 0 -1 -1 1 -1 1 -1 0 0 -1 0 0 1
0 0 1 -1 0 -1 -1 2 -1 -1 1 0 0 -1 0 -1 0 1 1 0 0 0 1 0 0 2 0 1 0 -1 1 -1 0 0 0 -1 2 1 -1 0 -1 0 0 0 -1 -1 0 1 1 -1 -1 0 0 -1 0 1 0 -1 2 -2 1 1 1 1 1 0 -1 0 0 0 1 0 0 0 0 1 -1 -1 0 1 0 19 0 0 1 2 0 0 1 -1 0 2 -1 0 1 -1 0 0 -1 1 1 -1 0 0 1 1 0 0 0 1 0 0 -1 -1 3 0 0 -1 -1 2 -1 0 0 -1 1 -1 0 0 1 1 1 0 1 0 0 0 1 1 -2 0 1 -1 1 0 0 0 0 0 1 1 0 0 -1 -1 0 1 -2 0 0 0 0 0 0 0 1 -1 0 0 0 1 0 0 0 0 0 0 0 1 1 -1 0 0 0 0 1 0 0 0 1 1 0 0 1 0 0 0 0 2 2 0 0 -2 1 1 0 0 0 2 -1 -2 1 1 0 0 0 0 0 -1 -2 1 0 0 0 1 0 1 -1 2 2 0 0 0 0 -1 0 0 0 0 2 -1 0 -1 0 0 0 0 2 0 2 0 0 0 0 0 -1 0 1 1 0 0 0 2 0 -1 1 0 1 1 0 0 0 2 0 -1 -1 0 0 0 0 1 1 0 -1 1 0 0 0 0 0 0 0 0 0 0 1 0 0 0 2 -1 0 1 0 0 0 0 2 0 4 0 0 -1 0 1 -2 -1 0 0 0 0 -1 0 0 -1 0 -1 0 -1 1 0 -1 0 0 0 1 1 3 -1 0 0 1 1 1 -2 1 0 0 2 1 -1 3 0 2 -1 1 0 0 0 0 1 -1 0 0 0 0 2 1 0 1 1 0 -2 1 0 1 0 0 1 -1 1 -1 0 0 2 -1 0 0 0 1 -1 0 -1 -1 0 1 1 0 0 0 0 0 -1 0 1 0 -1 4 -1 -1 1 1 0 0 1 0 0 -1 -1 0 0 1 -1 0 2 -1 0 1 0 0 1 -2 1 0 1 0 0 -1 0 -1 0 0 0 -1 1 1 0 1 1 -1 0 0 1 0 -1 1 1 0 0 1 -1
1 -1 0 0 0 0 0 1 -2 0 0 0 1 1 0 -1 0 1 2 0 0 0 0 0 0 0 0 -1 0 1 -1 0 0 0 1 1 0 0 2 1 1 -1 0 -1 1 0 1 0 0 1 -1 1 -2 1 0 0 1 0 0 0 0 -2 2 0 1 -1 1 2 0 1 -2 -1 0 1 1 0 0 1 1 4 -2 0 20 0 0 1 -1 2 -1 0 1 1 0 0 1 -1 -1 -1 -2 -1 -2 1 1 -1 1 1 3 -1 1 1 0 2 0 1 0 1 1 -1 0 2 0 1 1 1 2 -1 0 -1 1 -1 0 0 -1 1 0 0 0 0 1 1 0 2 2 0 0 -1 0 3 0 0 1 0 -1 0 -1 1 1 2 2 0 0 1 2 0 0 0 1 -1 -1 -1 0 -1 -1 0 0 0 1 0 2 0 0 1 1 0 1 0 0 0 0 -1 0 2 -1 2 1 1 -1 -1 1 0 -1 1 -1 0 -1 0 2 0 -1 -1 1 0 0 0 0 0 -1 0 1 0 2 0 -1 0 1 -1 -1 -2 0 0 0 -1 -1 0 -2 1 0 0 0 1 -1 0 1 0 0 0 -1 -1 0 1 -1 0 2 0 -1 0 -1 -1 0 0 0 1 -1 1 0 -1 1 0 2 0 1 0 1 1 1 0 1 1 1 0 -1 0 1 0 0 0 1 0 1 1 1 2 1 0 -1 -1 1 0 0 0 0 1 2 1 -2 0 1 2 1 0 0 0 1 0 0 1 0 0 0 -1 0 0 -1 -1 1 0 1 0 0 1 -1 0 0 0 0 1 0 1 -1 -1 -1 1 -1 -2 0 1 0 0 0 0 0 0 -1 -1 -1 0 0 0 0 0 0 -2 0 0 1 -1 0 0 -1 0 0 0 -1 0 1 -1 1 0 0 0 1 1 0 0 0 0 0 1 1 0 0 2 0 0 2 0 -1 2 -1 0 0 1 2 0 1 0 -2 0 1 0 1 1 0 0 0 0 0 0 1 1 0 0 0 0 -2 0 -1 1 0 0 0 0 1 1 -1 0 1 0 0 0 0 1 0 0 3 0 0 0 -1 0 -1 0 0 0 1 1 -1 -1 0 0
0 2 0 -1 0 1 1 0 0 0 -1 0 0 -1 -1 -1 1 -2 2 2 0 0 1 0 1 0 1 1 -2 1 0 -1 -2 0 -3 1 1 0 0 -1 1 -1 0 0 0 -2 2 0 0 0 1 0 0 -1 1 1 -1 0 1 0 0 0 1 2 -1 0 2 0 1 -1 -1 0 0 1 0 0 0 0 -1 0 1 0 0 32 -1 -1 -4 1 0 -1 1 0 0 0 1 2 -1 -1 1 1 1 1 0 0 -1 -1 0 1 0 0 0 -2 0 -1 2 0 0 1 2 0 -1 -1 1 0 0 1 -1 1 -1 0 -1 -1 1 0 -1 0 0 1 -1 0 1 0 -1 1 -1 0 -1 1 -1 1 1 2 1 1 1 -2 -1 0 0 0 -2 -2 0 0 -2 0 -1 -1 0 1 0 2 1 1 0 0 0 1 0 0 -1 0 1 2 0 0 -1 0 -1 0 -1 0 0 -1 0 -1 -2 0 -1 -1 0 -1 0 -1 0 0 -1 1 0 1 2 -2 -1 2 -1 1 0 0 0 0 0 0 0 0 1 0 1 0 1 -1 1 -1 1 -1 0 1 0 2 2 0 0 -1 1 0 1 0 1 0 -2 1 0 0 0 -1 1 0 1 2 1 1 -2 0 0 -2 1 1 -2 1 1 -1 0 -1 0 0 2 1 1 -2 0 1 1 -1 2 0 0 1 0 1 1 1 1 -1 0 -1 1 -1 -2 2 -1 0 2 1 -1 1 0 -1 -1 0 -1 0 -1 -1 2 2 -1 1 0 0 1 1 1 -1 -3 0 -1 0 -1 -1 2 0 0 0 -2 0 -1 0 1 3 -1 -3 0 0 0 0 1 -1 2 -3 -1 -3 2 0 1 3 4 1 -1 3 0 -2 0 0 -1 1 1 0 0 -1 2 -1 0 1 2 -1 -1 -2 -1 1 1 1 1 -1 1 -3 1 -1 1 -1 0 1 0 0 2 -1 1 -1 -2 0 1 0 1 2 0 1 -2 1 0 -2 0 -3 0 2 4 1 -1 -3 0 0 0 0 0 1 1 1 1 0 2 1 1 1 0 1 0 1 0 -1 0 0 0 0 0 0 1 -1 -1 0 0 0 1 -1 1 0 1 1 0 1 1 0 0 -1
1 -1 0 -1 0 0 0 0 0 1 0 0 0 -1 1 0 0 1 -1 0 0 1 -1 0 0 1 0 0 0 0 1 0 -1 0 0 -1 -1 0 0 -1 0 0 0 -2 2 0 0 0 0 0 0 0 0 1 0 0 0 -1 1 2 0 1 0 0 0 0 -1 0 0 0 0 0 1 1 0 0 -1 -1 0 0 0 1 0 -1 16 2 0 0 -2 0 0 1 0 -1 0 0 0 2 0 0 -1 0 0 0 0 1 0 0 0 0 1 0 0 0 0 0 0 0 -1 -1 0 -1 1 -1 0 -1 -1 0 0 1 0 0 0 0 2 -1 0 0 -1 0 -1 0 2 0 0 -1 0 1 1 0 0 0 0 0 -1 1 0 1 1 0 0 0 0 0 0 0 3 0 0 2 1 0 1 -1 -1 1 0 0 -1 0 -1 -1 1 -1 1 1 -1 0 0 -1 0 0 0 0 0 1 0 0 1 0 0 -1 0 1 0 0 0 0 0 0 -1 -1 0 0 1 0 0 2 2 -1 0 -1 1 0 1 0 0 1 -1 0 1 0 0 1 0 0 1 0 0 1 0 0 0 0 0 0 2 0 -2 0 0 1 0 0 1 0 1 -1 -1 0 0 -1 -2 0 -1 1 1 0 1 0 1 0 -1 0 0 -1 1 -1 2 0 -1 1 0 0 -1 0 0 -1 1 0 -1 1 0 0 0 0 0 -1 0 1 0 0 0 -1 0 0 2 1 0 -1 0 1 0 3 -1 1 0 -1 -1 0 0 -1 0 0 0 0 0 0 -1 1 0 0 1 2 0 0 -1 0 -2 1 0 0 0 0 0 -3 -1 1 -1 1 0 -1 -1 0 0 0 0 -1 1 1 0 1 1 1 0 0 -1 0 1 1 0 0 0 0 0 0 0 0 0 0 0 0 0 -1 1 -1 0 -1 -1 0 1 -1 0 0 1 1 0 -1 0 0 -1 -1 -2 1 1 -1 -2 2 0 -2 -4 0 0 0 0 -1 0 0 0 0 -2 1 -1 0 1 2 -1 0 -1 0 -1 0 0 1 0 0 0 0 0 1 0 0 -1 1 0 -1 2 1 0 1 1 1 0 0 1 0 2 0 1 0
1 -2 1 0 0 -1 0 1 -1 2 -1 0 0 2 0 0 1 2 -1 0 0 0 0 0 1 0 1 0 -1 1 0 0 0 0 1 2 1 -1 0 -2 0 0 0 0 1 -3 0 0 0 0 0 0 -1 2 -1 0 2 -1 0 3 1 -1 0 0 2 1 -1 0 1 -1 -1 0 0 -1 0 1 -1 1 0 -1 0 2 1 -1 2 23 -1 -1 -1 0 0 3 1 0 1 -1 1 0 0 0 0 0 -1 0 -1 1 -1 0 0 1 0 0 0 1 0 1 0 2 1 0 0 1 -1 0 -1 0 0 0 1 0 0 1 0 -1 1 0 1 -1 0 0 0 0 2 1 0 1 0 -1 2 1 0 0 2 -1 1 2 0 3 -1 0 0 -1 0 0 1 1 2 0 -1 1 0 -1 2 1 0 1 -1 2 1 1 -1 0 -1 0 0 -1 1 0 1 -2 0 0 0 0 0 0 0 -1 1 0 0 0 1 0 0 0 0 -1 1 -1 1 -2 0 0 0 1 -1 1 2 2 0 0 1 -1 1 1 1 -1 2 -2 0 -1 -1 1 0 1 0 2 -1 2 -1 0 0 0 -1 2 2 0 -2 0 2 -1 -1 1 1 -1 0 0 2 0 0 0 1 0 -1 1 0 0 2 0 0 2 -1 0 0 0 0 2 0 1 -1 1 1 2 0 1 0 0 0 0 0 0 2 1 0 1 0 0 0 -1 1 1 0 0 1 1 2 1 0 0 -1 1 0 0 0 1 1 1 -1 -2 0 1 0 -1 1 0 0 1 -1 0 -1 1 1 0 0 -1 0 0 -1 0 0 -1 -1 -1 0 -1 0 -1 -2 1 -1 1 0 0 -1 -1 0 -1 -2 1 -1 0 0 -1 1 0 0 0 0 0 -1 1 1 0 0 0 0 1 1 0 0 -1 0 -3 2 0 -1 0 0 -1 0 0 2 1 3 0 0 0 1 -2 0 1 0 2 -1 0 0 2 -1 -2 -1 0 0 0 -1 0 0 0 0 0 -1 -1 2 0 1 0 0 -2 2 0 1 1 -1 0 -1 0 1 0 0 0 0 0 0 1 1 0 2 0 0 0 0 0 0 -1 0 1 1 0 0 1
0 0 0 1 0 0 0 -1 0 0 0 0 0 -1 0 -1 -2 0 0 0 -2 0 0 0 0 0 0 0 0 0 0 2 1 2 0 0 0 0 -1 0 0 4 1 0 0 2 0 1 0 0 0 -1 0 0 0 -1 0 0 0 0 0 1 0 1 0 -1 0 0 -1 1 0 0 0 2 0 2 0 0 1 0 0 0 -1 -4 0 -1 14 0 0 1 0 0 0 2 1 0 0 -1 0 0 0 0 1 0 0 1 1 2 0 -2 -1 1 1 -1 1 0 -2 1 0 0 0 0 0 1 1 0 0 0 1 0 0 0 1 -1 0 -1 0 1 1 0 0 0 1 0 0 0 0 0 0 0 0 1 0 0 -1 1 0 0 1 0 1 0 0 0 1 1 1 -1 0 -1 1 0 1 1 0 0 0 0 0 0 1 0 1 0 -1 0 0 0 1 1 -1 0 1 0 -1 0 1 0 1 2 1 0 2 0 0 0 -1 1 0 1 0 1 1 0 1 0 0 0 -1 -1 0 0 0 -1 0 0 1 0 0 -2 0 0 0 1 1 -1 1 0 0 0 -1 0 -1 0 0 0 0 0 1 2 0 0 0 0 0 0 0 0 -2 0 0 0 0 0 -2 0 0 -1 0 0 -1 1 1 0 0 1 1 1 0 0 0 -1 -1 -1 -1 0 0 0 1 -1 0 0 0 0 1 -1 0 0 1 1 -1 1 0 0 1 0 0 -2 -1 0 0 0 0 0 0 0 0 0 -1 -1 0 0 1 0 0 0 0 0 -1 1 0 0 1 1 0 0 0 -1 0 0 0 0 1 1 1 0 -1 0 0 1 -2 0 0 -2 0 0 0 0 0 1 2 1 0 -1 1 2 1 0 0 1 1 0 -1 0 0 0 0 0 2 0 -1 0 1 1 -1 0 0 1 2 0 -1 0 -1 0 -1 0 0 -1 -1 1 0 -1 0 0 -1 0 0 1 -1 0 0 0 0 3 0 0 0 0 -1 -1 -2 0 -1 0 -1 1 0 0 0 0 1 1 0 1 1 0 1 1 -1 0 1 0 0 1 0 0 2 -1 -1 0 0 -1 0 0 -1 -1 -1 0 0 0
0 0 -1 0 1 0 0 0 -1 0 -2 0 0 0 0 2 0 0 0 0 0 0 0 0 0 0 -1 1 -1 0 0 1 0 -1 -1 0 -1 1 -1 0 1 0 0 -2 1 0 1 0 0 0 0 0 0 -2 0 0 0 -2 2 0 0 -1 -1 1 1 0 0 0 0 0 0 0 -2 0 0 -1 0 0 0 0 -1 0 2 1 0 -1 0 21 0 0 -2 0 -1 -2 0 0 0 0 0 1 0 -1 0 0 0 1 1 0 1 0 -1 0 0 0 0 1 -1 0 0 -1 1 1 0 0 1 0 -1 -1 1 0 -1 0 1 0 0 0 0 -1 0 0 0 1 1 0 1 -1 -1 1 0 1 -1 0 0 -1 1 1 0 0 0 1 1 1 0 0 0 -1 1 0 0 -3 0 1 -1 1 0 0 1 -1 0 2 0 0 1 0 1 1 -1 0 -1 0 0 0 -2 0 0 0 0 0 0 1 -2 1 -1 1 0 -1 -1 1 0 0 0 1 -1 0 0 -1 1 0 0 -2 0 1 -1 0 -4 -1 0 -1 1 1 0 0 2 0 -1 1 0 0 0 0 -1 2 0 -1 -1 -1 1 0 1 0 1 0 0 -1 0 0 1 -1 1 1 0 1 0 0 -1 2 1 -1 0 0 -1 1 0 0 -1 0 -1 0 1 -1 1 -2 0 -3 1 0 -1 0 -2 -1 0 -2 -1 -1 0 -1 4 1 0 1 -1 0 -1 0 1 -1 0 0 -1 0 0 1 0 0 1 1 1 0 3 1 1 0 0 0 0 0 2 1 0 -1 1 1 -2 0 0 1 -1 0 0 -1 0 1 1 0 2 1 0 2 1 0 -1 0 0 0 0 -1 0 -2 0 -1 0 0 0 -1 -1 0 0 1 1 0 0 0 0 1 -2 -2 0 0 0 0 0 1 0 0 0 0 1 0 -1 0 0 0 0 1 0 0 0 0 1 0 -1 0 0 -1 0 0 -1 0 0 0 1 -1 -1 0 -1 1 1 2 0 -1 -1 1 1 -1 -1 0 0 1 0 -1 -1 -1 -2 0 0 -1 1 0 -3 0 0 2 1 0 0 -1 1 -3 0 0 0 0 0 -1 1 -1 1 0 0 1
2 0 2 0 0 -1 1 1 -1 1 -3 -1 1 1 0 0 -1 1 -1 -1 0 1 1 0 1 1 1 0 -1 0 2 -1 1 -1 2 0 0 2 0 0 0 1 0 0 0 1 0 1 1 0 0 1 -1 0 1 1 0 -1 0 2 1 0 1 0 0 0 0 -1 -1 0 -1 1 -1 1 1 1 -1 -3 -1 2 -1 1 -1 0 -2 -1 0 0 22 1 0 -1 0 -1 0 0 -1 0 2 1 1 1 -1 0 1 0 0 2 0 -1 0 1 -1 -1 1 -1 0 -1 1 0 1 0 -2 0 1 0 -2 -1 0 0 1 0 -1 0 0 1 -1 -2 -1 -1 0 0 0 1 1 0 0 0 0 0 0 0 1 0 0 0 0 -1 1 -1 0 1 1 0 0 0 -1 0 0 -1 -1 -1 0 0 0 1 0 0 0 0 2 0 0 0 -1 -1 0 0 0 1 1 0 -1 1 -1 1 0 -1 0 -1 0 1 0 0 -1 0 -1 1 -1 0 0 1 0 0 0 0 0 -2 -1 0 1 0 0 0 0 0 -1 2 2 0 0 0 0 1 0 0 0 -1 1 0 0 0 -1 0 1 0 -1 -1 2 1 0 0 0 0 0 -2 -1 0 -1 0 0 0 0 0 0 0 0 -1 -1 0 -1 1 -1 -1 1 0 -1 -1 0 0 1 1 -1 0 1 -1 4 0 0 -1 0 1 -2 -1 0 0 0 1 0 0 2 1 0 1 1 1 0 0 -2 1 1 0 1 0 1 0 1 0 1 0 2 0 0 2 -1 0 0 -2 0 -1 1 0 0 1 1 2 -1 2 -4 0 0 1 0 -1 1 0 -1 0 0 -1 2 0 1 -1 2 1 -1 0 1 0 -2 0 1 1 0 0 0 0 0 1 0 1 0 1 0 1 1 0 -1 2 0 0 1 0 -1 0 2 1 0 -1 1 0 0 0 1 0 1 0 1 1 0 1 1 0 0 2 1 -2 -1 -1 1 -1 -1 1 0 0 0 0 1 0 2 0 -1 1 -1 0 2 0 -1 1 1 0 0 1 1 0 0 1 1 0 0 -1 0 1 2 1 0 0 -1 0 1 1 -1 -2 1 0 1 0 -1 -1
1 -1 0 -1 1 -1 0 0 0 0 -1 0 -1 1 0 0 1 -1 -1 -1 0 1 0 0 0 0 0 -1 -1 0 0 1 -1 -1 -1 0 0 0 -1 0 0 0 -1 1 1 2 0 0 0 0 0 0 0 0 0 1 0 2 0 1 1 0 0 1 1 0 -1 -1 0 0 2 0 1 -1 0 0 1 2 0 0 0 -1 0 -1 0 0 1 0 1 16 0 1 -1 1 0 -1 1 1 -1 1 -2 0 0 -2 0 1 0 0 0 0 0 1 0 1 0 0 1 0 0 2 1 1 0 0 0 0 -1 0 0 0 0 -1 0 -1 0 0 -1 0 1 -1 -2 1 0 -1 0 0 0 0 0 0 0 1 1 0 -2 2 0 0 0 -1 0 -1 -1 -1 0 -3 1 0 0 -1 1 0 0 0 1 0 1 2 1 0 0 0 0 -2 0 0 0 1 -1 1 -1 0 0 0 0 0 1 0 1 1 0 -1 1 0 0 -1 -1 0 -1 -1 -1 1 0 0 1 1 -1 0 0 -1 0 0 0 0 0 0 1 2 2 0 1 0 0 2 -1 0 2 0 0 0 -1 0 1 1 0 -1 1 0 0 0 0 0 0 0 0 0 0 1 0 2 0 0 0 1 -1 0 -1 0 0 -1 -1 0 2 0 0 1 0 0 0 0 1 0 1 1 1 0 0 0 2 0 1 0 0 2 0 1 0 1 2 0 2 0 3 1 -1 1 0 -1 -1 0 1 2 0 0 1 -1 0 0 2 1 0 -1 -2 -1 1 0 0 -1 -1 0 0 -1 0 4 -1 -1 -2 0 0 0 -1 0 0 0 -1 0 0 0 1 0 -3 0 0 0 0 0 0 0 0 0 0 0 0 0 0 0 0 0 -1 0 0 -1 -1 0 1 -1 -1 0 0 0 0 -2 1 0 1 -2 -1 -1 -1 0 -3 -1 0 0 0 1 0 0 -1 0 0 0 0 0 1 0 1 0 1 0 -1 0 0 0 0 0 1 0 -1 0 -1 0 -1 2 -2 1 0 0 0 0 0 0 1 0 -1 0 0 -1 0 0 0 -1 1 0 0 1 0 0 0 -1 1 -1 0 1 0 -1 1 0 1 1
-1 0 -1 0 1 0 0 0 0 -1 2 0 0 0 2 0 0 0 0 0 0 -1 0 -1 1 -1 0 1 0 1 0 0 0 0 1 -1 3 0 1 0 1 0 0 0 0 0 0 0 0 0 2 0 0 0 0 -1 0 0 0 1 0 -1 2 0 2 0 0 0 0 1 0 -1 0 -1 0 -1 0 0 0 0 0 0 1 1 0 0 0 -2 0 0 13 0 0 1 1 0 0 0 0 0 0 2 0 1 0 0 0 -1 0 0 0 0 0 -1 -1 0 0 0 0 0 0 0 -1 0 0 0 0 1 0 0 -1 0 1 -1 -1 1 -2 1 1 1 -1 0 0 1 0 0 0 0 1 0 2 0 1 1 0 0 0 0 0 0 1 0 1 0 -1 2 0 0 0 1 0 0 1 0 0 0 0 1 0 -1 1 0 -1 0 0 0 1 0 0 0 0 1 0 0 1 0 0 0 1 -1 0 0 -1 0 1 0 0 -1 0 1 1 0 0 0 0 1 1 0 0 0 0 0 0 1 1 0 -1 0 1 1 0 1 -1 0 2 -1 0 -1 0 0 0 0 0 0 1 0 0 0 0 1 0 0 0 0 1 0 0 0 0 0 0 0 1 -1 0 0 0 0 2 1 -1 0 1 1 -1 0 0 -1 0 0 1 -1 0 1 0 0 0 0 0 -1 1 0 0 0 0 0 0 0 0 0 -1 0 0 0 -1 0 0 -1 -1 0 0 0 0 0 0 1 1 0 -1 0 0 0 1 -1 0 0 1 0 0 0 1 0 1 2 0 0 0 1 0 -1 1 0 1 -2 -1 0 0 0 1 0 0 0 0 0 1 -2 0 0 1 0 0 -1 0 0 0 0 1 0 0 0 0 1 -1 -1 0 0 1 0 0 1 1 0 0 0 -1 0 0 0 0 -1 -1 0 0 0 0 -1 0 1 0 0 0 0 0 0 0 1 0 0 0 1 -1 -1 0 1 0 0 0 0 -1 0 0 0 0 1 0 0 1 1 0 0 0 0 0 1 0 0 -1 1 1 0 -1 0 0 0 0 0 0 0 1 0 0 0 0 0 0 -1 0 0 0 -1
0 0 0 1 1 -1 0 3 -1 1 0 -1 0 1 2 1 0 0 -1 -1 1 0 0 0 0 0 0 0 0 1 -1 0 0 1 3 2 1 0 1 -1 0 0 0 1 1 0 -1 1 0 0 0 0 -1 1 0 2 -1 0 -1 1 0 -1 0 -1 2 0 -1 -1 0 -1 0 0 2 0 0 -2 1 1 -1 0 -1 2 1 0 1 3 0 0 -1 1 0 21 0 0 1 -1 1 0 -1 -1 0 1 -1 0 0 1 0 1 0 0 1 1 -1 1 -1 1 -1 1 -1 1 -1 0 0 2 -1 0 -1 0 0 0 0 0 -1 -1 0 0 0 0 1 -1 0 1 2 0 0 0 0 -1 2 1 0 0 0 0 -1 0 1 1 -1 0 -1 -1 -1 1 1 0 3 -1 0 0 0 0 0 -1 0 1 0 0 0 2 -1 1 0 1 0 0 0 1 1 -1 0 0 1 0 -1 0 0 0 -1 1 -1 0 0 1 1 -1 2 0 0 3 0 1 2 0 -1 1 0 1 1 1 -1 0 0 -3 1 0 1 0 0 1 0 0 0 0 1 2 0 0 -1 1 0 0 0 1 -1 -2 0 1 2 0 0 0 0 0 0 0 2 0 1 0 -1 1 -1 0 0 0 0 1 1 -1 0 1 0 0 2 -1 0 0 2 0 0 -2 1 0 2 -1 -1 0 0 2 1 0 0 0 0 -1 0 1 1 2 1 0 0 0 0 -1 1 0 1 0 0 1 0 1 -1 1 0 -2 1 2 -1 0 -1 1 1 1 0 0 -1 0 -1 0 0 -1 0 0 0 -2 0 0 1 1 1 0 0 -2 1 0 -1 0 0 1 0 -1 0 1 0 -1 -1 2 -1 1 0 2 -1 1 0 1 0 2 0 0 0 0 -1 0 0 -1 0 -1 -1 0 1 0 1 0 0 -1 0 2 -1 -1 1 0 0 0 0 -1 -1 -1 0 1 0 1 -1 0 1 0 2 0 -2 0 0 0 0 0 0 1 -2 1 0 0 0 -1 0 -1 -1 1 1 0 0 0 1 -1 0 -1 1 0 -1 -1 0 0 1 0 2 0 1 2 0 0 1 1 0 0 0 1 2 0 -1 -2
1 -1 0 1 -1 0 0 0 2 0 0 0 0 1 1 0 1 1 -1 0 0 -1 0 1 0 0 0 1 0 0 0 0 0 0 0 -2 0 -1 -1 -1 1 -1 -1 2 1 1 -1 0 0 0 0 0 -1 1 0 -1 -1 -1 -1 1 0 -1 1 1 1 0 0 0 1 0 0 0 0 0 -1 0 0 1 1 2 -1 -1 0 0 0 1 0 -1 0 -1 0 0 17 1 1 0 0 0 -1 1 0 1 1 2 0 0 0 0 0 0 0 0 -1 0 0 0 1 0 0 0 0 0 0 0 -1 0 -2 0 1 0 0 1 0 -1 0 1 0 0 0 0 0 0 -1 0 0 -1 0 -1 0 0 0 0 0 0 0 1 0 0 0 -1 0 0 1 1 0 1 -2 0 2 0 0 0 1 1 -1 0 0 1 1 0 0 0 0 -1 1 0 1 1 1 0 0 0 0 0 0 0 0 0 0 0 -1 1 0 -1 -1 0 -1 -2 1 0 0 1 0 0 -1 0 1 0 0 1 0 0 0 -1 0 1 0 1 0 1 -1 0 0 0 1 -1 0 0 -1 0 1 0 -1 0 1 0 0 0 0 0 0 0 -1 -1 0 0 -1 -1 0 0 1 1 0 0 0 0 1 0 -1 0 0 0 -1 0 2 0 -1 0 1 0 -1 0 1 0 0 0 0 1 0 0 1 -1 0 -1 0 -1 1 2 0 0 0 0 0 -1 1 0 2 0 -2 0 0 -1 0 1 0 -2 0 0 0 0 1 0 1 -1 0 -2 0 0 1 1 0 0 0 -1 1 0 0 1 0 0 1 0 0 2 -1 0 1 0 -1 0 0 1 -1 0 0 0 0 1 0 2 0 0 1 0 1 1 0 0 0 1 0 1 1 0 0 0 0 0 1 -1 1 0 1 -1 1 1 0 0 0 0 1 0 0 1 0 0 0 2 1 0 0 0 1 0 1 -1 0 0 1 -2 0 1 1 0 0 -2 0 0 1 0 1 1 1 -1 1 0 0 1 0 0 1 1 2 1 -1 2 -1 1 0 -1 0 1 0 0 0 1 0 0 1 0 -1 0 2 0 0 2 1 0 1 0
0 -1 -1 1 0 0 0 1 0 0 0 1 0 -2 0 0 -1 -1 0 0 -2 0 0 0 0 0 0 -1 -3 0 0 0 2 -1 0 0 0 0 0 0 1 0 3 2 1 -1 1 1 0 0 -1 0 -1 1 0 -1 0 0 -1 1 -1 2 -1 -1 0 -1 -1 -2 -1 1 1 -1 1 0 0 -1 -1 0 -1 -2 0 0 0 0 -1 0 2 -2 -1 1 1 0 1 21 2 0 1 0 0 -1 -1 1 0 0 0 -2 0 0 -1 -1 2 2 -2 1 0 -1 2 3 0 0 0 0 -1 0 0 -1 1 1 -1 -1 0 -2 0 -1 0 -1 0 0 3 0 1 1 -2 1 0 1 0 1 0 0 0 0 0 -1 1 0 0 0 0 1 0 1 0 -1 1 1 -1 0 0 1 0 0 1 0 3 0 1 0 1 -1 1 1 0 0 -2 0 0 -1 -1 0 0 0 0 -1 0 -1 -1 1 0 0 0 0 0 0 -2 0 0 0 -1 0 0 -1 1 1 -2 0 -1 0 0 0 0 0 1 -1 0 1 0 1 1 0 0 0 2 0 1 -2 2 -2 0 -1 1 0 0 -1 1 0 0 0 -1 0 -1 0 0 -1 0 0 -2 0 0 1 -1 -1 -1 0 1 0 -1 1 0 0 1 0 2 2 3 1 1 2 -1 0 0 0 0 -1 -1 0 0 1 1 -2 0 0 0 0 -1 -1 1 0 0 -1 0 1 0 -1 -1 0 0 -1 0 0 0 0 -1 0 -1 0 -1 -1 0 1 -1 0 -1 0 0 0 0 0 0 0 0 0 2 0 0 -1 1 0 -1 0 1 -1 -1 0 -1 1 0 -1 -2 1 -1 1 0 -1 -1 1 2 -1 1 2 0 0 0 0 2 0 0 1 -1 -1 0 0 0 -1 1 0 -2 1 1 -1 1 0 1 0 -2 0 -1 -1 -1 0 -1 0 0 2 0 1 2 1 0 0 0 -1 0 0 0 0 1 0 0 0 1 0 0 1 1 -1 0 0 0 0 0 0 0 0 0 -1 -2 0 0 2 0 2 0 0 -1 1 0 0 0 1 0 0 0 2 1 0 4 0 0 1 0 0 0 2 1 -1 -1 0 0 -1
0 0 -1 0 0 -1 5 -2 -1 0 1 1 1 -1 -1 0 0 0 1 0 -1 -1 1 0 0 0 0 -1 -1 0 0 -1 0 0 1 -1 0 -1 1 0 1 1 0 0 -1 1 -2 1 0 0 0 1 -1 2 1 1 1 0 -1 -1 -1 -1 1 -1 -1 -1 -1 1 1 1 -1 0 0 0 2 -1 0 0 1 1 0 1 1 1 0 1 1 0 0 0 1 1 1 2 18 0 1 0 0 1 0 0 1 1 -1 2 -1 0 -1 -1 0 1 -1 -1 0 0 1 0 0 1 0 0 0 -1 1 0 0 0 -1 1 0 0 1 0 0 0 0 0 1 0 1 0 1 0 0 0 0 1 0 0 2 2 1 1 1 0 0 1 -1 0 0 0 2 -1 0 -1 -1 0 1 -1 1 2 0 0 -1 0 -1 0 0 0 0 1 0 0 0 -1 0 0 1 0 2 0 0 1 2 -1 0 0 1 0 -1 0 0 0 -1 0 2 0 0 2 -1 -1 0 2 0 0 2 0 0 -1 1 0 -1 0 -1 0 1 0 0 1 1 1 1 0 0 0 1 1 1 0 -1 0 1 0 1 0 -1 0 1 0 -2 -1 1 1 2 0 0 0 -1 0 0 0 1 1 0 1 0 0 0 1 1 0 1 0 0 0 0 1 0 1 1 0 0 -1 -1 1 0 0 1 0 0 1 -1 0 2 0 -1 0 0 0 1 0 0 -1 0 0 0 0 1 0 0 0 -1 -1 1 -1 1 1 0 -1 1 1 0 1 0 -1 0 0 1 -1 -1 0 1 0 0 0 0 0 0 -1 1 2 0 0 0 1 0 -1 0 2 0 2 0 0 0 0 -1 2 -1 2 1 0 -1 -1 -1 0 0 1 0 -2 0 0 -1 -2 1 1 -1 0 0 0 0 0 -1 1 -1 0 0 0 0 -1 1 0 0 0 0 -1 0 -2 1 0 0 0 1 0 -2 -1 2 0 0 1 1 0 0 0 -2 0 0 0 0 0 0 0 0 0 0 1 0 0 1 3 -1 1 0 -1 -2 0 0 -2 -1 0 0 0 -1 1 0 1 3 2 -1 0 0 0 1 2 0 0 0 0 1 -1
0 -1 -1 0 0 0 0 0 0 1 -1 -1 0 0 -1 -1 0 -1 -1 1 1 0 0 0 -1 0 0 1 -1 0 -1 -1 0 0 1 0 0 -1 -1 -1 1 1 0 1 2 2 0 1 0 1 2 -2 1 0 1 0 -2 -2 0 0 0 0 1 0 0 0 1 -2 0 -2 0 0 -1 0 0 0 0 3 0 0 1 -1 -1 2 0 -1 0 0 0 -1 0 -1 0 0 0 20 0 0 0 0 1 1 0 0 1 -1 0 -1 0 -1 -2 -1 0 1 0 1 1 0 1 -2 -1 0 0 0 0 2 2 1 1 -1 -1 -1 0 1 0 0 0 0 0 1 0 -1 -1 0 1 0 0 0 0 1 0 0 -1 0 1 -1 0 1 1 0 1 -1 -1 0 0 1 0 -1 0 0 1 0 0 0 0 0 0 0 -1 -2 -1 0 1 0 -2 1 0 -1 -1 0 0 -1 0 0 0 -2 -1 1 -1 0 0 -1 1 -1 -1 1 -1 -1 0 0 -1 0 1 1 0 0 0 1 1 1 1 1 -1 0 -1 -1 1 1 1 0 0 1 0 0 0 0 1 0 2 0 0 2 0 -1 0 1 1 -1 1 0 -1 0 0 0 0 0 0 0 0 0 0 -2 1 0 -1 0 0 0 1 1 0 1 -1 1 0 -2 1 1 -1 1 2 1 2 1 -1 0 0 0 1 -1 0 -1 0 0 -1 0 0 0 0 -1 -1 -1 -1 0 0 0 2 1 0 0 0 0 0 0 0 0 2 0 0 0 1 0 0 1 0 0 -3 3 -2 0 0 0 0 0 0 0 0 1 1 -1 0 -1 0 2 0 2 -1 -1 0 0 0 1 0 0 3 0 -1 0 1 0 1 0 0 0 -1 0 0 0 0 0 0 0 1 1 1 1 0 0 1 0 0 0 0 0 1 -1 -1 1 0 0 -1 1 0 0 1 -1 1 -1 2 0 0 -2 2 -1 -1 -1 0 -1 -1 -1 2 0 0 -1 1 0 0 0 0 -1 0 0 0 -1 1 0 1 0 0 2 0 1 -5 0 0 0 -1 -1 0 0 0 0 0 0 1 -1 0 0 0 1 1 0 2 -1 1 -1 0 -2 -1 -1
-1 -2 0 0 0 -1 0 1 0 1 0 -1 0 -2 2 0 0 0 -1 -1 1 1 0 -1 -1 0 0 0 0 0 0 1 -1 1 0 0 0 0 1 0 0 0 1 0 0 0 -1 0 0 1 0 0 0 1 0 0 0 0 0 -1 -1 1 0 1 0 1 0 -1 0 1 1 -1 2 0 0 0 -1 0 0 0 2 0 -1 -1 0 1 0 0 -1 1 0 1 0 1 1 0 16 0 -1 0 2 0 0 0 0 0 0 0 1 0 1 0 0 1 0 0 1 0 1 0 0 0 0 -1 -1 0 0 0 -1 1 0 -1 0 0 0 0 0 0 0 0 -1 0 0 0 0 -2 0 0 -1 0 0 0 2 1 0 1 3 0 0 0 0 0 -1 1 0 0 0 0 1 0 2 0 0 -1 1 0 0 1 -1 0 0 0 0 0 1 1 0 0 2 -2 0 0 0 1 -1 0 3 2 0 1 0 0 0 0 -1 0 1 0 0 1 1 2 2 0 0 1 1 0 0 0 2 0 0 -1 -1 0 0 0 0 0 0 0 0 0 0 -1 0 -1 0 -1 -1 0 -1 1 0 -1 -1 0 -1 1 0 0 1 0 0 0 2 1 0 2 0 0 0 0 -1 0 0 1 0 0 -1 0 1 0 0 1 0 -1 1 0 1 -1 0 2 0 1 1 -1 1 0 -1 0 2 0 0 1 0 2 0 0 0 0 1 0 0 0 0 0 1 -1 1 1 0 0 0 2 1 1 2 -1 1 0 0 0 0 1 0 0 0 0 1 1 0 0 0 -1 0 0 0 0 0 -1 -1 0 0 1 0 2 0 1 0 0 -1 -1 0 0 -2 0 1 -1 0 2 0 0 -1 0 0 2 -1 -1 0 1 0 -1 0 0 0 1 0 0 0 0 0 0 0 0 -1 0 0 -1 1 0 0 0 0 1 1 -1 0 -2 0 0 0 1 -1 0 -1 0 1 1 0 1 0 0 1 0 0 0 0 1 -1 0 -1 2 0 0 0 1 1 1 0 0 0 0 -1 1 0 0 -1 0 1 1 1 0 0 0 0 0 1 -1 1 -1 0 1 0 -1 0 0 1 -1
0 0 0 0 0 0 1 0 -1 0 0 0 1 0 0 0 1 0 -2 0 0 1 0 1 0 0 0 0 -1 0 0 0 0 0 1 0 0 0 0 0 0 0 1 -2 0 0 0 0 0 -1 0 -1 0 0 0 0 1 0 -1 0 -1 0 -1 0 0 0 0 0 0 0 0 0 0 0 0 0 1 0 0 0 0 0 -1 -1 2 0 -1 0 0 1 0 0 0 0 0 0 0 11 0 1 1 0 0 0 0 0 0 0 0 1 -1 0 0 0 -1 0 1 -1 2 1 1 0 0 0 0 -1 1 0 0 1 0 2 0 -1 0 0 1 1 0 0 0 0 -2 0 0 -1 0 0 0 0 0 0 0 0 -1 0 0 0 -1 1 0 -2 -2 0 -1 -1 2 0 0 0 -1 0 0 -1 0 0 0 0 1 0 -1 0 0 -2 1 0 0 0 0 0 0 -1 0 -1 0 0 1 -1 0 0 -1 0 0 1 0 0 1 0 1 0 0 0 0 0 0 0 -1 0 0 0 0 0 0 -1 -1 0 0 1 2 0 0 1 1 0 -2 0 2 2 0 0 0 -1 0 -1 0 0 1 0 1 -1 0 0 0 0 1 0 0 0 1 1 0 0 1 0 0 0 0 0 0 0 -1 0 0 0 1 0 -2 0 1 0 -1 1 0 0 0 0 1 -1 1 0 0 0 0 -1 0 0 0 0 0 0 0 0 0 0 0 0 1 -1 0 0 0 1 0 0 0 1 -1 0 0 1 -1 0 0 -1 0 -1 0 0 -1 2 0 0 0 0 0 -1 -1 -1 -1 1 0 0 0 1 0 -2 -1 1 0 0 0 0 0 -1 0 -1 0 0 0 0 0 1 0 0 -1 0 -1 0 0 1 1 0 2 0 1 0 0 -1 0 0 0 0 0 0 0 0 -1 0 0 0 0 -1 0 0 1 -1 0 -1 1 0 0 0 0 0 0 -2 0 0 0 -1 -1 -1 0 0 0 0 -1 0 0 -1 0 1 0 1 0 2 -1 0 0 0 1 0 0 1 -1 1 0 -1 0 0 0 0 0 -1 0 0 0 0 0 -1 -1 0 0 0 0 -2 1 0 0 0
1 0 0 0 0 0 1 0 0 0 -1 0 0 -1 0 2 1 0 0 0 1 0 0 0 0 0 0 0 -1 2 1 -1 0 0 0 0 1 1 0 0 0 1 0 0 -1 -1 -1 0 0 0 0 -1 0 0 0 0 -1 0 0 0 1 0 -1 0 -1 0 0 0 -1 0 -1 1 -1 0 0 0 0 -1 0 0 0 -1 -2 1 0 0 0 0 2 -1 0 -1 -1 0 0 0 -1 0 15 0 1 -1 -1 0 0 0 0 0 0 0 0 -1 0 -1 -1 0 0 0 0 1 0 -2 0 -1 1 -1 2 0 0 0 0 0 1 0 0 0 0 0 0 0 1 0 -1 0 1 1 1 -2 0 0 0 -1 0 0 -1 1 -2 0 0 1 2 0 2 1 0 0 -1 0 0 -1 0 1 0 0 0 0 0 0 0 0 1 -1 -2 2 1 0 0 0 -1 -1 0 1 0 -1 0 -1 -2 0 1 0 0 1 -1 -1 1 0 1 -1 0 2 0 -1 -2 0 0 0 1 -1 -1 0 -1 0 0 -1 0 0 1 -1 0 0 0 -1 -1 0 1 0 0 1 0 0 0 1 1 0 0 0 1 -1 0 0 0 1 0 1 0 0 -1 0 0 1 0 0 1 0 -1 0 0 0 -1 0 1 1 0 0 -2 2 1 -1 0 0 -1 -1 -2 0 0 0 0 0 0 1 -1 0 -1 0 1 0 0 -1 0 0 0 0 -1 0 0 0 0 0 0 1 0 2 0 0 0 -1 0 0 0 -1 -1 0 0 0 -1 0 1 -1 0 1 -1 0 0 0 0 0 0 0 0 0 0 0 0 0 1 -2 1 0 -1 1 0 0 0 1 0 0 0 0 -1 -1 -1 0 0 0 0 0 0 0 2 0 0 1 -1 0 0 2 1 1 -2 0 0 -1 0 -2 1 1 0 1 0 -1 0 -1 1 0 0 0 0 0 1 1 0 0 0 0 -1 0 1 0 -2 1 -1 -1 -1 0 0 0 -1 0 1 0 0 1 0 -1 0 0 1 0 2 0 0 -1 0 0 1 -1 0 0 1 0 1 0 -1 0 0 0 0 0 0 1 0 0 1 0 0 -2 -1 0 1 2
0 2 0 0 -1 0 0 -2 2 2 -1 1 0 0 0 0 -1 0 -2 0 1 0 -1 -1 0 -1 -1 -1 -1 0 1 0 0 -1 -1 0 0 0 0 0 2 0 0 0 2 0 0 0 0 0 -1 0 0 0 0 -1 -1 0 -1 1 -2 -1 2 2 0 0 -1 -1 0 1 0 -1 0 1 1 -2 0 0 0 2 1 1 -1 1 0 0 0 1 1 1 0 -1 1 -1 1 0 0 1 0 20 0 -1 0 -1 0 2 1 0 1 1 1 0 0 -1 1 1 0 0 2 0 1 0 -1 0 2 0 -2 0 0 0 0 2 0 0 1 0 0 -1 -1 0 1 1 1 0 -1 -1 -1 2 1 -1 0 0 -1 0 0 0 -2 0 2 1 0 1 1 1 0 -2 0 -1 0 -1 0 3 0 0 0 0 0 1 -1 0 0 0 0 0 1 0 0 0 0 -1 2 0 0 -1 1 0 1 0 0 0 0 0 1 1 -1 0 -2 0 -1 -2 -1 2 1 1 0 0 3 -1 -2 -1 1 1 0 -1 1 1 -1 2 0 0 1 1 1 0 0 1 0 0 0 1 -2 1 1 0 0 1 0 0 1 1 0 0 0 0 0 1 1 1 0 0 2 0 -1 0 1 2 0 -1 0 2 1 0 1 -1 1 0 2 1 1 1 0 -1 1 -1 0 -1 0 1 1 0 0 0 1 0 0 1 0 0 1 0 0 0 0 2 0 1 0 1 0 -1 0 1 1 1 0 1 0 1 1 1 -1 -1 1 0 0 -1 0 -1 1 -1 0 0 0 0 1 -1 1 0 0 0 0 0 0 1 0 0 0 -1 0 -1 -1 1 0 1 0 0 0 1 -1 0 1 0 1 0 1 0 0 0 1 1 0 0 0 0 0 0 -1 2 -1 1 -1 -1 0 -1 2 0 1 0 0 -1 0 -2 0 -1 0 1 0 -1 1 -1 0 1 -1 0 2 0 0 -1 1 0 1 0 -1 -1 -2 -1 2 2 0 -1 0 0 -1 0 1 0 0 -1 -2 0 1 0 2 -1 0 1 1 0 0 0 1 -2 0 0 -1 0 1 1 0 -1 -1 1 -1 0 -1 0 1 0 0 1
0 0 0 0 0 1 0 -2 0 1 1 1 1 1 0 1 1 2 -2 -2 0 1 0 1 0 -2 0 0 0 1 1 1 0 0 1 0 0 1 -1 1 0 2 -1 2 -2 3 -1 0 -1 0 2 -1 1 0 3 1 -1 1 0 0 1 0 1 0 -1 1 0 -1 0 0 0 -1 1 -1 0 2 0 -1 0 1 0 1 -2 1 -1 0 0 0 1 -2 0 0 0 -1 0 1 2 1 1 0 25 0 0 0 0 1 0 0 0 -2 0 0 0 0 0 0 -1 0 1 0 1 0 0 0 -2 1 1 2 0 1 0 2 0 0 -1 0 0 -1 0 0 1 0 -1 0 0 0 2 2 0 0 0 0 -1 1 0 1 0 0 -1 0 1 0 0 0 -1 2 0 0 0 1 0 -1 1 0 1 0 0 0 0 0 0 0 1 1 0 -1 0 -1 0 2 -1 -1 0 0 0 1 4 -1 2 0 0 0 -2 0 0 0 -1 -1 1 1 1 0 1 0 -3 -1 1 2 2 2 1 0 0 0 -1 0 2 0 2 0 0 1 0 -1 0 0 0 -1 0 -1 2 0 0 1 -1 2 0 0 0 0 -1 1 1 0 1 1 0 1 -2 0 -1 0 0 0 0 0 0 -2 1 1 0 2 0 1 1 0 0 0 1 0 -1 1 -1 1 -1 1 -2 0 1 0 0 -1 0 -1 0 2 1 1 0 1 -1 0 1 -1 1 1 1 0 1 0 0 1 1 0 0 1 1 1 0 -1 0 -1 0 2 -1 0 0 -1 0 0 0 0 0 -1 1 2 2 -1 2 0 0 0 0 0 1 1 0 2 0 0 1 1 0 -2 2 0 0 2 0 -1 -1 0 -1 -1 0 1 1 0 1 -1 1 -1 1 1 0 2 0 0 0 1 1 -3 0 -1 -2 1 1 0 2 -1 0 0 0 0 1 2 1 0 3 -1 -1 1 0 1 -2 -1 -1 0 -1 2 4 1 0 -1 0 1 -1 0 0 0 0 0 2 0 1 0 2 -1 2 2 -1 0 -4 1 -3 3 0 0 0 0 0 1 0 1 1 1 0 -1 1 0 0 1 0 2 0 -1 -1 0 0 0
0 2 0 0 1 0 2 3 -2 1 1 0 -1 0 -1 0 -1 0 0 0 -1 2 -1 -4 0 -2 2 0 0 0 0 2 0 0 1 1 1 0 2 0 -1 2 3 0 1 0 1 2 -2 0 1 0 -4 1 2 1 -1 -1 0 0 2 0 1 0 0 0 0 -1 1 0 1 -1 0 3 0 0 1 1 0 2 1 -1 1 1 0 0 0 -1 1 0 2 1 1 1 0 1 0 0 -1 -1 0 25 0 -4 0 -1 -1 0 -2 0 -2 0 2 0 0 1 0 0 0 2 0 -1 -1 0 1 1 2 0 -1 0 0 1 0 -1 0 -2 0 0 1 0 -3 0 0 1 2 -1 1 0 0 1 -1 0 1 -1 1 0 0 1 0 0 0 2 0 0 -1 0 -1 0 0 1 2 0 0 1 0 0 -1 0 1 0 1 0 1 -1 1 0 0 0 0 0 0 0 -2 0 0 1 0 0 1 0 -1 -2 0 0 0 0 -1 -1 1 -1 0 0 0 0 0 1 -2 1 1 1 2 0 0 0 1 0 0 0 -1 1 -1 1 -2 0 2 0 0 -1 0 0 0 2 0 0 0 0 0 1 0 -1 0 0 1 -2 0 0 -1 0 0 0 1 -1 1 -1 -1 -1 0 0 1 2 0 0 0 0 1 0 0 0 0 -2 0 3 1 1 0 -1 0 0 -1 -1 0 0 -1 0 0 0 0 0 0 0 -1 0 0 0 1 0 1 1 -1 0 0 -1 1 -2 0 2 -1 1 -1 0 0 -1 -1 0 0 0 1 0 0 2 1 0 1 0 0 0 0 0 0 -1 -1 2 -1 -2 -3 3 1 0 -1 0 1 1 0 0 0 0 0 1 1 1 1 -1 0 2 0 2 0 1 1 0 0 1 0 0 0 0 0 0 1 0 -1 0 -1 -1 -1 1 2 0 1 0 -1 0 0 0 -1 0 0 0 -1 -1 0 1 1 -1 -1 -1 0 0 1 -1 0 1 1 0 1 0 1 1 2 0 1 2 1 -1 0 2 0 0 0 1 0 0 0 0 0 0 0 1 1 0 0 0 0 0 0 -1 0 0 0 2 0 0 1 0 1 1 0 0 -2 0
1 0 0 0 -1 1 0 0 -1 -1 0 0 0 0 0 -1 -1 0 0 0 0 1 0 1 0 1 0 -1 0 -1 0 2 1 0 -1 1 0 0 1 0 0 0 -1 -1 1 0 -1 1 0 0 0 0 0 0 0 -1 0 0 -1 1 0 1 -1 0 -1 0 1 0 1 0 0 1 0 0 0 0 0 0 1 0 0 0 1 0 0 -1 1 0 -1 0 0 -1 1 0 1 0 0 0 -1 0 0 0 13 0 -1 1 1 -1 1 0 -1 1 0 0 0 0 1 0 0 0 -1 -1 0 0 1 0 0 -1 1 1 0 0 0 0 -1 0 -2 0 0 -1 0 -1 0 0 1 0 0 0 0 -1 0 1 1 0 0 0 0 -1 0 0 0 0 0 -1 0 1 -1 0 0 1 0 1 0 0 -1 0 0 1 0 0 0 1 0 0 0 0 0 -1 1 -1 -1 0 0 0 0 1 1 0 0 1 0 2 -1 0 1 0 0 1 0 0 1 0 -1 0 0 1 1 0 1 0 1 0 0 1 0 0 0 -1 0 2 0 0 1 0 1 0 0 0 0 1 0 0 0 0 2 1 0 0 0 1 0 0 0 -1 0 1 1 -2 0 0 0 1 0 0 1 0 1 0 0 0 0 0 0 0 1 1 1 0 1 1 0 -1 1 0 1 1 0 0 0 0 0 0 1 0 0 0 1 1 0 0 0 -1 1 -2 0 0 0 0 -1 0 0 0 0 0 0 -2 0 0 0 1 1 -1 0 0 0 0 2 1 0 1 0 0 0 1 0 0 -1 0 0 1 1 0 0 0 0 0 0 1 0 0 0 -1 0 0 0 1 1 1 0 0 2 -1 0 -1 0 1 0 0 -1 -1 0 -1 0 0 1 -1 0 -1 0 0 0 0 0 0 -1 0 0 0 0 -2 0 0 0 0 -1 0 0 1 1 1 0 1 0 0 -1 0 0 -1 1 0 1 0 -1 -1 0 0 0 1 2 0 0 0 0 0 -1 0 0 0 -1 0 0 0 0 0 1 0 0 -1 -1 1 -1 0 -1 0 -1 0 1 0 -1 0 0 0 0 -1 0 0 -1 0 0 0
0 -1 0 -1 0 0 -1 0 1 0 2 0 0 0 2 1 1 0 1 0 0 1 -2 2 1 -1 1 0 -1 0 0 -1 -1 0 1 0 0 0 0 0 2 0 -1 0 0 1 -1 0 0 1 0 1 1 -1 -1 -1 0 0 0 0 -1 0 0 0 -1 0 0 1 0 -1 -1 0 0 0 -1 0 0 -1 -1 0 0 0 -1 0 0 0 0 0 0 -2 1 0 2 0 1 0 0 0 0 -1 0 -4 0 20 1 1 1 1 1 1 1 1 0 0 0 1 3 1 1 0 2 -1 -1 0 0 0 1 0 0 0 0 1 0 0 0 2 -1 0 -1 0 0 0 2 1 1 1 0 0 0 1 1 0 0 0 1 -1 2 -1 -2 0 0 1 1 1 -1 1 0 0 0 0 1 0 0 0 2 1 0 1 0 -1 0 0 -1 0 0 1 1 0 0 0 0 0 1 -1 -1 0 -1 1 -1 0 0 1 -2 0 0 0 -2 -1 -1 0 0 0 0 0 0 -1 1 0 0 1 -1 -1 0 1 0 1 0 0 0 0 2 0 0 -1 0 0 0 0 1 1 0 -1 0 0 0 1 1 -1 1 0 -1 0 0 0 0 0 0 -1 1 1 -1 0 0 0 0 1 0 0 2 -2 0 -1 -1 0 0 2 -1 0 1 0 0 -1 1 0 0 0 1 1 -1 0 -1 -1 -1 0 0 -1 1 2 0 0 0 0 -1 0 -1 0 1 1 1 1 0 -1 -1 2 1 0 0 0 0 0 3 1 2 0 0 -1 0 0 0 -1 -1 1 0 -1 0 0 0 0 0 0 2 1 1 2 0 0 -1 -1 0 0 0 0 -1 0 1 0 0 0 0 1 0 -1 -1 0 3 2 0 1 0 0 0 -1 -1 0 0 0 2 -1 0 0 0 -2 0 0 -1 0 0 1 0 0 -1 1 1 0 1 -1 1 0 2 0 2 1 1 0 -1 0 0 0 0 0 0 0 1 0 0 1 0 1 -1 1 -1 1 0 -2 0 -1 0 0 0 2 0 0 0 0 1 1 1 0 1 0 1 0 4 2 0 -2 -1 0 1 0 0 0 0 -1 0 -1 1 0 0 -1
-1 -1 0 0 0 -1 0 3 0 1 0 1 0 1 2 0 -1 1 0 1 1 0 -2 0 1 0 1 0 0 0 0 0 0 -1 1 -1 0 2 0 -2 0 0 -1 -1 1 1 0 -2 1 0 0 0 -1 0 0 2 1 0 0 -1 1 -1 1 -1 1 -1 1 -1 0 1 0 0 0 1 1 0 1 0 0 0 -1 1 1 -1 0 -1 0 0 1 0 0 0 0 0 -1 1 0 0 0 0 0 0 -1 1 23 0 1 -1 0 -1 -2 0 0 1 0 0 0 0 0 -1 1 1 1 0 3 0 0 0 2 -1 2 1 0 -1 -2 2 -1 0 0 -1 0 1 1 1 1 0 0 -1 1 3 1 0 0 0 0 1 -1 0 0 0 1 -2 1 2 1 0 1 0 -2 1 0 0 -2 -1 1 1 1 0 0 0 1 0 1 1 0 -1 0 1 -1 0 0 1 0 -1 0 0 0 0 -1 -1 0 0 0 0 0 0 0 1 -2 0 -1 0 -1 -1 1 -1 2 -1 0 0 0 1 -1 0 2 0 0 0 0 1 -1 -1 -1 -1 1 0 -1 0 0 0 2 0 -1 0 1 -1 -1 0 -1 0 -1 1 1 -1 0 0 0 1 0 0 3 0 1 0 0 -1 0 1 1 1 1 -2 0 1 0 0 1 -2 1 0 -1 -1 -1 -1 1 -1 0 1 -2 -2 1 1 0 0 0 0 -1 0 1 0 -1 0 0 -1 0 0 0 -1 1 0 0 1 0 3 -2 0 2 0 0 0 3 0 0 3 -1 0 -1 -1 1 2 0 0 2 0 0 0 0 0 1 -2 1 0 0 0 0 0 0 0 -1 -2 0 0 -1 -1 0 -1 1 0 0 1 0 1 0 0 1 1 0 1 0 0 0 0 1 0 0 0 2 -1 0 1 1 0 -1 1 1 -1 -1 0 0 1 1 0 -2 -1 0 1 0 1 1 0 0 0 0 1 3 1 0 1 -1 1 1 0 -1 -2 0 1 1 2 0 0 0 0 -1 0 0 0 1 1 -1 -1 2 -2 -2 0 2 0 -1 0 1 1 2 0 0 0 -1 1 1 0 0 0 1 0 -1 -1 1 -2 0 0 0 -1
2 0 1 0 1 1 -1 0 -1 1 1 1 1 1 0 0 0 1 1 0 0 -1 0 1 -1 0 -1 0 -1 0 -1 0 1 0 -2 -1 0 1 0 0 0 -2 0 1 0 1 -2 0 1 0 0 0 0 0 1 2 2 -2 -1 0 1 0 0 1 1 1 0 1 0 2 -1 0 2 1 0 0 -1 0 0 -1 0 1 1 -1 1 1 1 1 0 1 0 1 0 -2 2 -1 0 0 0 2 1 -1 1 1 0 18 -1 1 1 0 -1 0 0 0 0 0 -1 0 2 1 -1 1 -1 0 3 1 0 1 0 0 0 1 0 0 0 0 0 1 0 0 2 -1 2 -1 0 0 0 0 1 0 0 1 1 -1 1 2 -1 0 0 -1 0 2 1 0 0 1 0 -1 -1 1 0 0 0 0 0 0 -1 0 2 -1 0 0 0 0 0 0 0 1 1 2 -1 2 1 0 1 0 2 0 1 3 0 0 0 1 0 0 1 0 -1 0 1 0 0 0 1 -1 0 0 0 0 0 0 0 0 3 0 1 -1 0 1 0 1 0 1 0 -1 0 0 2 0 -1 0 0 0 0 0 1 0 1 1 1 0 0 0 0 0 1 1 1 0 1 1 0 1 -1 0 1 -2 1 1 0 0 0 -2 1 0 0 0 2 -1 0 0 0 1 -1 1 0 0 -1 0 1 0 0 0 0 1 0 0 0 3 1 0 1 0 1 0 1 1 1 0 0 1 1 1 1 0 0 1 0 -1 0 0 0 0 0 -1 1 -1 -1 0 1 0 0 -1 0 -1 -1 0 -1 -1 0 1 -1 0 2 1 0 1 1 1 -2 -1 0 -1 1 -1 -1 1 0 -1 1 0 0 1 0 0 0 -1 0 -1 0 -1 0 -1 0 0 -1 -1 -1 2 0 0 -1 1 0 0 1 0 0 -1 0 0 0 0 0 0 -1 0 0 1 0 1 0 0 0 0 0 3 0 0 0 0 1 0 -1 0 0 0 -1 0 0 0 0 0 0 0 -3 -1 -1 2 0 0 0 0 0 0 0 0 1 1 1 0 0 1 0 0 1 0 0 0 -1 -1 0 0 0 0 -1 0 0 0
1 -1 0 -1 0 0 0 0 1 1 -1 0 -1 0 2 1 -1 -1 0 1 -1 0 1 0 0 1 0 0 1 1 1 0 0 1 -1 0 0 1 0 1 -1 0 0 0 1 0 1 -1 -1 0 0 0 0 0 1 0 -2 -1 0 0 -1 0 2 -2 0 0 0 1 -1 0 1 0 0 0 0 1 0 1 1 0 0 0 3 0 0 -1 1 1 0 0 0 0 0 0 -1 0 0 0 0 1 0 -1 1 1 1 -1 18 0 2 0 -1 0 0 -1 0 0 -1 -1 0 -1 0 0 0 1 2 0 0 0 1 -1 0 0 0 0 1 0 -1 1 0 0 1 -1 1 1 0 -1 0 0 0 0 0 0 0 1 0 0 2 -1 1 1 0 -1 1 2 -1 0 0 0 0 0 -1 1 -2 -1 0 -1 0 0 1 -1 3 0 1 1 1 -1 -1 0 0 -1 -1 0 1 0 0 1 1 1 0 1 1 0 -1 0 0 -2 0 1 0 -1 0 0 -1 0 -1 -2 0 0 0 1 2 0 0 -2 1 -2 0 1 0 1 0 1 2 0 0 0 0 -1 0 1 0 -2 2 0 0 -2 -1 -1 -1 1 -1 0 0 0 0 0 -1 -1 -1 0 0 0 -2 0 0 0 0 0 1 -2 1 0 0 1 0 0 0 -1 0 -1 -1 -2 0 -1 0 -1 0 0 1 0 0 0 0 1 0 1 0 1 0 1 -2 0 0 0 0 0 0 0 -2 0 0 0 1 0 0 0 0 1 1 1 2 1 0 1 0 0 0 0 0 0 0 0 1 1 0 1 0 1 1 0 0 1 1 2 0 0 -1 2 0 0 0 0 0 0 1 0 1 1 0 -1 1 0 0 1 0 1 0 0 0 1 0 1 0 1 1 0 1 0 1 0 2 2 0 -1 0 0 -1 1 -1 0 -2 0 0 -1 0 0 -1 1 1 -1 0 -1 0 0 1 0 0 0 0 1 1 0 0 1 0 0 0 -1 -2 1 0 0 -1 0 0 0 1 0 0 1 -1 0 0 0 1 0 0 0 1 0 0 1 0 1 -1 0 0 0 -1 0 -1 -1 0 -1 0 0 0 -1 -1 -1
1 -1 0 -1 0 0 0 0 0 0 0 0 0 0 1 0 -1 0 -1 1 0 0 0 -1 0 0 1 0 0 -1 0 1 0 0 -1 1 0 0 0 2 0 0 1 -2 0 1 0 1 0 0 0 1 -1 0 1 1 0 -1 2 0 0 -1 0 0 1 -1 0 1 0 0 -1 0 0 0 0 0 -1 0 0 0 0 0 -1 1 0 0 2 0 2 0 -1 1 0 0 0 -1 0 0 0 0 0 0 -1 1 -1 1 0 18 -1 -1 3 0 0 0 0 0 0 0 1 1 0 -1 0 0 0 1 0 0 1 0 0 0 0 1 -2 0 1 0 -2 0 1 1 1 0 1 0 0 0 0 1 0 1 0 -1 0 -1 0 -1 0 -1 0 1 1 -1 0 0 0 -1 -1 0 0 0 0 1 0 0 0 1 1 -1 0 1 0 0 0 0 0 0 0 0 -1 -2 0 0 0 0 0 0 0 1 0 -1 0 0 1 1 -1 2 0 0 -1 0 2 1 1 0 0 0 1 0 0 -1 1 0 0 0 1 0 0 0 0 1 0 0 0 0 0 0 1 0 1 0 0 -1 0 0 0 0 1 0 1 -1 0 2 0 2 0 0 1 -2 0 0 0 0 0 -1 2 0 1 1 0 0 -1 -1 1 2 -2 0 0 0 1 1 1 0 0 0 1 0 0 2 -1 0 -1 0 1 -1 2 1 0 -1 0 -1 0 1 2 0 0 0 -1 0 -1 0 0 1 0 0 -1 1 0 1 2 -1 -1 0 0 0 1 0 0 0 0 1 0 1 0 -1 -1 -1 -1 0 0 2 -1 1 0 1 -1 1 -1 1 -1 0 0 0 -1 0 -2 1 -1 0 1 0 0 0 0 0 0 0 1 1 0 0 0 0 -1 1 1 1 2 2 0 -1 2 1 0 2 1 0 1 -1 0 1 0 0 0 0 0 -1 1 1 0 -1 0 0 0 0 0 0 0 -1 0 1 0 3 0 0 -1 -2 -2 -1 0 -1 0 -1 -1 -1 -2 1 -1 0 0 -1 1 0 3 1 0 1 0 0 1 0 1 1 1 0 0 -1 1 0 1 0 0 1 0 0 0 1 1 -1
0 -2 0 0 0 0 0 0 1 0 0 0 0 0 1 -1 0 0 0 0 -1 1 0 0 1 0 0 2 0 0 0 0 0 1 0 0 -1 1 0 3 0 -1 -1 0 0 0 0 1 1 1 0 0 1 0 0 -1 0 0 -2 0 -1 1 0 -1 -1 0 2 1 0 1 0 -1 -1 -1 -1 0 0 1 1 1 -1 0 1 0 0 0 0 1 0 0 0 0 0 -1 -1 0 1 0 0 1 0 -2 1 1 0 1 2 -1 16 -1 0 -1 1 0 2 0 0 0 1 0 -1 0 -1 1 0 0 -1 -3 0 -2 -1 0 -1 0 0 0 0 -1 1 1 0 -1 -1 1 1 -3 0 0 0 1 0 0 1 0 1 1 1 -1 1 0 0 0 -1 1 -1 0 0 0 0 0 0 0 0 0 0 1 -1 0 -1 0 0 0 0 0 1 -1 1 0 0 -2 0 0 2 0 1 1 0 0 0 0 2 1 -1 0 0 0 1 1 0 0 0 1 0 1 0 -1 0 0 0 0 1 0 -1 0 2 -1 0 0 0 2 0 0 1 -1 -1 0 -1 0 1 1 0 2 2 0 -2 1 0 0 -1 1 1 1 1 0 0 0 1 1 1 1 -1 1 1 0 0 0 0 -1 0 -3 -1 0 1 0 0 0 1 1 0 0 0 -1 0 1 0 1 0 0 2 0 0 -1 1 0 1 1 0 1 0 1 2 1 0 -1 0 0 -1 -1 0 0 0 1 0 1 -1 -1 0 0 0 0 1 0 0 0 0 1 0 -1 1 -2 0 0 0 0 0 0 0 0 -2 0 1 0 0 2 -1 0 0 0 0 0 0 1 0 2 0 0 1 1 0 -2 0 -1 0 0 0 0 1 -1 -1 0 0 1 1 0 -1 0 0 -1 0 0 1 1 0 -2 0 0 0 0 -1 0 1 0 0 0 0 1 -1 2 0 0 0 0 -1 0 2 1 0 0 0 0 0 0 0 0 1 0 0 1 0 2 1 0 0 0 -1 0 0 0 0 0 0 0 -1 -1 1 0 0 1 -1 0 0 0 -1 0 0 0 2 0 0 0 -1 -1 0 1 -1 -1 1 -1 0 0
-1 3 -1 -1 -2 1 1 1 0 2 1 1 0 0 0 1 1 -1 0 0 3 0 -1 2 0 0 0 0 0 0 0 0 0 -1 0 0 1 -1 1 0 0 -1 -1 0 -1 2 0 0 1 0 -1 0 0 0 0 1 -1 -1 0 0 0 -2 0 1 0 0 0 1 0 1 0 0 -1 -1 0 1 0 0 -1 0 1 1 1 0 0 1 -2 0 -1 0 0 0 0 -1 -1 -1 0 1 0 1 -2 0 0 1 -1 0 0 -1 -1 25 0 0 1 2 0 0 0 1 1 0 1 0 0 0 -1 -1 2 -1 0 0 -1 0 -1 0 0 0 2 0 0 2 -2 0 -1 0 -2 2 0 -1 -2 1 0 0 0 -1 -2 -1 0 0 0 0 -1 -1 1 0 0 0 0 1 1 0 0 0 0 -2 1 0 0 0 1 -1 -2 0 0 0 0 0 -2 1 1 0 1 -1 0 0 1 -1 -1 0 0 1 1 2 0 -2 0 0 1 -1 1 -1 0 -1 0 0 0 0 0 -1 0 -2 0 0 1 0 0 1 -2 -1 0 1 1 0 0 0 -2 -1 0 0 0 0 -1 0 0 -1 0 0 0 -2 2 -1 1 1 -1 0 0 0 1 0 2 1 1 1 0 1 1 -1 0 -1 0 0 1 1 -1 0 -1 0 0 2 -1 0 0 0 0 -1 -1 1 0 -1 -1 1 1 1 1 0 0 3 -2 0 0 0 0 -1 -1 0 0 0 2 0 -1 0 0 -1 0 0 0 1 -1 0 -1 2 0 0 -1 -5 0 1 1 0 0 0 -1 0 1 0 -1 0 -1 1 0 1 1 0 0 -1 0 0 1 0 0 2 1 -1 0 1 0 0 0 -2 1 0 1 0 1 0 -1 0 -1 -1 -1 1 0 0 1 0 0 -2 0 0 0 0 0 0 -1 1 1 0 0 -2 0 0 1 0 0 -2 1 -1 -1 0 0 0 0 0 2 1 0 0 -1 -1 1 0 0 0 0 -1 0 1 -1 1 0 1 0 -1 1 0 0 -2 0 1 1 1 0 0 0 0 0 2 1 0 1 0 1 0 2 0 1 0 -3 0 -1 -3 1 0 -1 -2 0 1 1 0 1 0
0 2 0 -2 -2 0 -1 0 0 0 0 0 0 -1 1 0 0 0 -1 0 0 0 0 1 0 1 0 -1 -1 0 1 -2 0 -1 0 1 0 -1 0 1 1 1 0 -1 -1 -1 0 -1 0 0 -1 2 1 0 1 -2 0 1 0 0 -3 -3 0 0 1 -1 0 1 2 -3 0 -1 1 -1 0 0 1 0 0 0 0 0 0 0 1 0 -1 -1 0 0 0 1 0 2 0 -2 1 -1 0 1 0 -2 -1 1 -2 -1 -1 3 0 0 17 0 0 1 0 -2 1 0 0 1 1 0 0 -1 -1 -1 0 2 0 0 -1 1 -1 0 0 0 0 0 0 -1 0 0 -1 0 1 -1 0 1 0 0 0 0 0 1 0 -1 1 0 0 -1 0 0 1 0 0 1 0 0 0 0 0 0 0 0 0 0 -1 0 0 0 1 0 -1 0 0 -1 0 0 0 0 1 0 1 0 0 -1 1 0 0 1 0 1 -2 0 1 1 0 0 -1 0 0 1 1 0 -1 0 -1 0 0 0 0 -2 1 0 -1 1 0 0 0 0 0 0 0 1 1 0 0 -1 -1 1 0 0 0 0 1 2 0 0 1 0 1 -1 0 1 1 0 0 1 -2 1 -2 -2 -2 1 0 1 0 1 -1 0 1 0 1 2 0 0 0 0 0 0 -1 0 0 -1 -1 0 1 0 0 1 0 2 0 0 0 0 1 0 0 0 0 0 0 0 0 0 0 0 0 0 0 0 0 1 -1 2 -1 0 0 -1 -1 -1 1 0 0 -1 1 0 0 -2 0 0 0 0 0 0 0 -1 -1 0 3 0 0 0 -1 0 0 0 -1 1 0 -1 0 0 -1 0 0 0 -1 0 0 0 0 -1 0 1 0 1 0 1 0 0 -1 1 1 1 0 1 0 0 0 0 1 0 1 1 1 0 0 0 0 0 0 0 -2 -1 0 0 1 0 -1 0 -1 0 0 -1 -1 0 0 -1 -1 1 0 0 1 -1 -2 0 -1 0 0 0 0 1 2 0 -1 0 0 1 0 0 1 0 0 -1 1 0 1 0 2 0 1 1 1 0 0 0 2 0 -1 1 -1 1 0 0 0 0 1 0
0 0 0 0 0 0 -2 1 -2 0 0 0 0 -1 1 0 2 0 -1 0 -1 1 0 1 0 0 2 1 -1 0 0 0 3 -1 1 -1 2 1 1 1 -1 1 1 1 0 0 -1 -1 0 0 0 0 1 -1 0 -1 0 1 0 0 0 0 0 0 0 -1 0 1 1 1 0 0 0 4 0 -2 0 1 1 2 0 0 2 -2 0 0 1 0 1 1 0 1 0 2 1 -1 0 0 -1 0 0 0 1 1 0 0 0 0 -1 0 0 17 0 0 1 0 0 1 0 0 2 0 0 0 -1 3 0 0 0 0 0 0 -1 1 0 0 0 0 1 1 -1 0 0 1 0 0 -1 0 0 0 0 1 -3 0 0 0 0 0 0 0 -1 1 -1 0 0 0 0 1 1 1 0 -1 0 1 0 1 1 1 0 1 0 1 0 0 -1 -1 -1 0 0 0 0 0 -1 0 0 0 1 0 0 0 0 0 0 0 -1 0 0 0 0 0 -1 0 1 -1 1 1 0 0 1 0 0 0 0 -1 -1 0 -1 -1 1 0 1 0 1 0 -1 0 2 0 -2 2 0 1 0 1 0 0 -1 0 0 0 -2 0 1 0 -1 0 1 0 0 1 0 1 0 0 0 1 0 0 1 0 0 0 0 0 0 1 -1 0 1 0 -1 1 0 -2 1 -2 2 0 -1 0 -1 0 0 1 0 0 0 1 0 0 -1 0 2 0 0 0 -1 0 0 0 0 0 0 0 1 0 0 -1 1 -1 0 0 -1 0 1 0 0 1 0 1 0 1 0 3 0 0 0 -2 0 1 0 2 0 -1 2 0 -1 -1 0 2 1 1 -1 0 0 -1 0 0 0 1 1 -1 0 1 1 0 0 -1 -1 0 0 1 0 1 1 0 0 0 1 -1 0 1 1 2 -1 0 0 0 0 1 0 0 -2 1 1 0 -1 0 1 0 0 0 0 0 0 0 0 1 1 0 1 0 -1 0 0 0 1 1 0 0 -1 0 2 -1 0 1 4 -1 1 1 0 2 0 0 1 0 1 0 1 2 0 0 0 2 2 0 1 0 0 0 0 0 0 0 0 0 1 -1 0 -1
0 0 -1 0 1 -1 -2 -2 0 1 0 0 0 0 0 0 -2 0 0 -1 0 1 -1 1 0 1 0 0 0 -1 0 0 1 0 0 2 1 0 -1 0 0 0 0 0 -2 0 0 0 -1 0 0 -1 -1 0 0 1 1 -1 0 0 1 0 0 0 0 -1 1 -1 3 0 0 1 0 0 -1 1 0 -2 0 0 0 -1 0 0 0 0 1 0 -1 0 0 -1 -1 -2 -1 0 0 0 0 0 0 2 0 0 0 0 0 0 1 1 0 0 18 0 0 2 0 0 1 -1 0 0 0 0 0 1 1 1 1 2 -1 0 -2 -2 -1 0 0 -1 0 1 -1 1 0 0 -1 0 0 -1 0 1 0 -1 0 -1 0 0 -1 0 2 -1 0 1 0 0 -1 0 0 0 0 1 0 0 0 0 1 0 0 0 1 0 0 0 -1 0 0 2 0 0 0 0 1 1 0 0 0 1 3 0 0 0 0 0 -2 0 0 -1 -2 -1 -1 0 -1 1 0 -1 2 0 0 1 0 -2 2 0 0 0 0 -1 -1 0 -1 0 1 0 -1 0 0 -1 -1 0 0 1 0 3 0 0 0 0 -2 -1 1 -1 0 -1 0 0 -1 0 1 -1 0 0 0 -1 -1 -1 0 1 0 0 0 0 0 -1 1 0 -1 1 0 0 -2 0 1 0 -1 0 0 1 0 -1 -1 -1 0 -1 0 1 0 1 -1 0 -1 0 0 -1 0 0 0 0 1 -1 0 0 0 -1 0 1 -1 2 -1 1 0 0 0 0 0 -1 -1 0 1 0 0 0 0 1 -1 0 0 -1 0 0 1 0 0 1 0 1 -2 0 0 1 0 0 2 -1 0 0 -1 0 0 2 -1 0 -2 0 -1 0 -2 0 -1 1 0 1 0 0 0 0 0 0 0 1 1 0 -1 -2 0 1 0 0 0 0 2 -1 0 1 -1 -3 0 0 -1 0 0 1 0 0 -1 0 -1 0 -1 0 -1 0 0 0 0 2 0 -1 0 -2 -3 1 0 0 1 -1 1 -1 0 1 0 1 -1 -1 1 1 0 0 1 0 0 0 0 0 0 0 -1 -1 -2 0 0 -1 1 -1 0 -1 -1 1 0 0 0 0
0 -2 0 -1 0 0 -1 0 1 -1 1 -1 0 0 1 0 0 -1 -1 0 0 0 -1 1 0 0 0 0 0 0 0 -1 2 1 0 0 -1 -1 0 -1 0 0 -1 0 0 0 0 -1 1 1 0 0 0 0 0 0 1 0 1 0 -1 0 0 2 -1 1 0 -1 0 0 0 0 0 0 0 -1 0 1 0 -1 0 -1 1 -1 0 1 -1 0 -1 1 -1 1 0 1 -1 1 1 0 -1 -1 0 0 0 0 1 0 -1 0 0 2 1 0 0 17 2 0 0 1 0 -2 0 0 0 -1 -1 0 0 0 1 0 0 0 0 0 0 1 0 1 0 -1 0 1 0 -1 1 0 0 0 0 0 -1 0 0 0 0 1 0 0 -1 0 1 0 1 0 0 0 2 -2 0 2 1 2 0 -1 1 0 1 1 -1 1 -1 0 -1 -1 0 0 0 0 0 0 -1 0 0 0 1 0 -1 1 -1 0 0 -2 -2 1 -1 0 0 0 0 -1 0 0 2 0 -2 0 0 1 3 0 1 0 1 0 0 0 0 -2 1 0 -1 0 0 0 -1 -1 0 0 0 -1 1 0 0 -1 0 0 -2 0 0 -1 0 0 0 1 0 0 0 0 0 2 0 1 2 0 0 1 -1 1 0 0 0 0 0 0 0 0 0 2 -1 1 -2 0 0 -1 1 1 0 1 1 0 0 1 1 0 -2 0 0 1 -1 0 0 0 0 0 -1 0 1 -1 0 0 1 2 -1 0 0 1 0 -1 2 0 0 0 -1 -1 0 0 0 0 1 -1 0 0 1 -1 0 0 -1 -1 0 -1 1 -1 0 -1 1 0 0 1 0 2 0 0 0 0 0 1 0 0 0 -1 0 0 1 0 0 0 1 2 -2 0 0 0 1 -1 0 -1 0 -1 0 0 0 0 0 0 0 0 -1 0 0 0 0 0 -1 0 0 2 0 0 -1 0 -1 0 1 1 1 0 0 0 0 -1 -1 1 -1 0 0 1 0 0 0 0 0 0 0 0 1 -1 0 0 0 3 0 0 0 0 -2 0 -1 0 0 0 0 0 0 0 0 0 0 1 -2 1 1 1 0 1 0 -1 -1 0 0 0
0 0 0 0 0 0 0 1 1 0 0 0 0 1 0 0 1 0 1 -1 0 0 0 -2 1 0 1 1 -1 1 1 1 1 0 0 -1 0 0 0 1 1 1 -1 0 1 0 0 2 0 1 -1 1 -1 0 0 -1 0 0 1 1 0 1 -1 2 0 1 -1 0 0 0 0 0 0 1 0 0 -1 1 -1 -1 -1 3 0 2 0 0 1 0 1 0 -1 -1 0 0 0 0 0 -1 -1 1 0 0 0 0 0 0 0 0 2 0 0 1 0 2 17 0 0 0 0 0 0 0 0 0 1 1 -1 0 1 -1 0 0 0 1 1 1 1 0 0 -1 0 0 0 0 1 0 0 0 0 0 1 0 0 1 0 1 0 0 0 0 0 0 0 1 0 -1 0 0 0 0 0 0 0 0 0 -2 0 1 0 0 1 0 -1 0 0 0 0 0 0 1 0 0 0 0 -1 0 0 2 1 0 0 -1 0 1 -2 1 0 0 0 0 1 0 1 1 1 -1 0 0 0 -1 0 0 0 0 1 2 0 0 1 0 0 2 0 0 -1 0 0 0 1 1 0 1 0 0 0 0 1 0 0 0 0 2 -1 0 -1 0 0 0 1 0 0 0 0 0 1 0 0 0 -2 1 0 0 0 0 0 -1 1 1 0 0 2 1 0 2 0 1 0 1 0 1 0 0 1 0 -1 0 0 0 0 0 0 0 0 -1 0 0 0 -2 0 0 0 -1 0 0 0 0 0 1 1 1 0 0 -1 1 0 0 0 -1 2 -1 0 0 -1 -1 1 1 -1 -2 -2 -1 0 1 0 0 0 0 0 3 1 0 0 -1 0 1 0 0 -2 0 0 -1 1 0 1 0 2 1 1 0 1 0 0 0 0 0 0 0 0 1 0 1 0 0 0 0 0 0 0 2 1 0 1 0 0 0 1 2 0 -1 -1 0 1 -1 0 1 0 1 0 0 0 -2 0 0 0 0 0 0 1 0 0 -1 1 0 0 0 0 0 1 -1 -2 0 -2 0 0 0 0 0 0 0 0 0 0 0 1 0 0 0 0 0 0 0 0 1 0 0 0 1 1 0 0 -1
0 -1 0 -1 1 0 0 1 0 2 1 0 0 1 -1 0 1 0 1 0 0 1 0 0 0 -1 0 -1 -1 0 -1 0 0 -1 -2 2 0 0 -1 -1 1 0 0 0 1 1 -1 0 -1 0 -1 -1 -1 1 1 1 1 -2 0 -1 2 -1 0 2 0 0 1 1 -2 0 0 -1 0 0 0 -1 1 -1 0 0 0 0 1 0 0 1 0 1 -1 0 0 1 0 -1 0 1 0 0 0 1 0 1 0 1 0 0 0 0 0 0 -2 0 2 0 0 20 0 -1 0 0 1 1 0 0 0 -1 1 0 0 1 1 0 0 1 0 0 0 0 -1 1 0 4 1 1 1 0 0 0 -1 0 -1 0 2 -1 0 1 2 3 -1 0 0 0 1 0 -1 0 1 1 -2 0 0 1 0 1 2 1 0 -1 0 0 0 1 1 -1 0 1 0 0 -1 -1 0 -1 1 0 -1 1 1 0 0 0 0 0 0 1 0 0 -2 0 1 0 1 -1 1 0 0 0 0 -1 0 -1 -1 2 0 2 1 -1 1 -2 0 1 0 0 0 0 0 1 0 0 0 1 -1 1 1 0 1 0 3 0 1 -2 1 0 0 0 0 0 0 0 1 0 -1 2 3 -1 2 0 0 -1 1 1 0 1 2 0 -1 -1 -1 0 -2 1 1 -2 1 0 0 0 0 1 -1 -1 0 -1 0 1 -2 0 0 0 1 0 0 -1 0 1 0 -1 1 -1 0 1 1 0 0 0 0 2 -1 1 1 0 0 0 0 0 0 0 0 1 -1 0 0 0 1 0 0 0 0 0 -1 0 -1 0 0 0 2 3 0 -1 -1 1 0 0 0 -1 -1 1 -1 0 -2 0 0 0 -1 0 0 0 2 0 0 3 0 1 0 2 0 -1 1 0 1 0 0 0 0 0 1 0 0 -1 1 -1 1 0 0 0 1 2 0 0 1 -1 0 0 1 1 0 1 0 0 2 -1 0 -2 1 -1 -1 0 0 1 -1 0 1 0 1 -1 1 1 0 0 0 0 -1 -1 0 1 0 1 1 -1 1 -1 0 0 0 0 -1 0 2 2 1 -1 2 1 1 0 2 1 -2 0 0 1
-1 0 0 1 0 0 0 0 0 1 0 -1 0 0 0 -2 1 1 0 -1 0 1 0 0 0 0 0 -1 -1 1 0 0 -1 0 -1 0 0 -1 1 0 2 -3 0 0 -1 0 0 1 0 0 0 2 0 1 0 1 0 0 -1 1 1 -1 1 0 0 0 0 0 0 -1 0 -1 -1 0 0 -1 0 0 -1 0 1 0 1 0 0 0 -2 -1 0 1 0 -1 1 2 1 1 1 1 0 0 -1 0 1 3 0 -1 -1 0 0 0 1 0 0 0 0 0 20 1 0 1 3 -1 0 0 0 -1 -2 0 0 0 1 -1 0 1 -1 0 0 0 0 0 0 -2 -3 2 -1 -1 0 -1 0 0 0 0 1 0 1 -1 0 0 0 -2 0 0 0 0 0 0 -1 0 0 0 2 0 -1 0 1 -1 0 0 0 0 -1 0 0 0 0 0 0 0 0 -1 0 1 -1 0 1 1 0 2 3 -1 0 1 0 0 -2 0 -2 1 0 -1 0 1 -1 1 -2 2 1 0 0 -1 -1 0 0 1 -1 0 0 0 1 0 0 0 1 0 -2 0 0 1 0 1 0 0 1 0 1 0 0 -1 2 0 -2 1 1 0 0 0 -1 0 1 0 0 0 -1 0 0 0 0 0 0 -1 1 0 1 3 2 2 0 1 -1 0 0 3 0 1 1 0 0 0 -1 0 -1 0 0 0 0 0 -1 2 0 -1 2 0 1 0 -2 0 -1 2 0 0 0 -1 0 0 -1 2 1 1 1 0 0 0 0 0 0 1 0 0 0 0 -2 0 0 0 0 -1 0 -1 0 1 0 0 0 0 0 1 0 0 -2 0 0 0 0 1 -1 0 -1 0 0 2 1 -1 -3 1 1 -2 -1 0 0 -1 1 -1 -4 1 0 1 0 -1 0 0 0 -3 1 0 -2 0 -1 0 0 -1 1 0 0 -1 0 -1 0 1 0 0 0 1 0 0 -1 0 0 0 0 0 -1 -1 0 0 1 0 1 0 0 1 -1 0 -1 -1 0 0 0 0 -1 0 1 0 0 0 1 0 0 -1 0 -1 0 0 0 0 1 0 0 2 0 0 0 1 -1 0 2 0 0 0 1 1
0 1 -1 1 0 0 -1 1 0 0 1 -1 1 0 0 0 0 0 -1 0 -1 0 0 0 0 -1 0 0 -1 0 -1 0 1 0 2 1 -1 2 1 1 0 0 1 0 0 0 0 0 0 1 0 0 -1 0 1 1 0 0 0 1 -1 3 -1 2 -1 -1 0 0 0 1 -1 -1 1 0 0 0 0 -1 0 0 0 -1 -1 1 0 2 1 0 -1 0 0 1 0 3 0 0 0 -1 0 0 0 0 0 1 0 0 -1 0 0 1 0 1 0 1 0 -1 1 22 1 0 0 0 -1 1 0 1 0 1 0 -2 -1 1 1 0 1 0 0 0 2 0 1 0 0 1 0 1 -2 -1 0 0 0 0 1 0 1 0 -1 1 -1 1 0 0 -1 0 1 0 0 -1 0 0 -1 0 -1 0 0 0 1 0 0 1 0 0 1 1 -3 2 2 1 1 -2 -1 0 0 0 -1 1 0 1 -1 0 0 -1 0 -1 -1 0 0 -1 0 -2 -1 -1 0 0 -1 2 0 0 1 0 1 0 2 0 -1 1 0 1 0 1 -1 -1 1 1 0 0 1 -4 0 1 1 0 1 0 -1 1 -1 1 -1 0 -2 0 1 0 0 0 1 0 1 1 0 0 0 0 0 0 0 1 0 0 1 0 1 0 1 0 1 0 0 -1 0 0 0 -1 1 1 0 0 0 0 1 0 1 0 0 1 0 1 0 1 1 1 0 0 0 1 -1 1 0 0 0 0 0 1 0 0 0 1 -4 0 0 0 0 0 1 -1 -1 0 -1 1 1 0 -1 0 0 -1 0 -2 0 1 0 -1 -1 -1 0 0 1 -2 -2 1 -1 1 0 0 1 1 1 0 1 0 1 1 0 0 2 0 0 0 0 -1 0 0 0 0 0 0 1 0 1 -1 0 -1 1 0 0 -1 0 1 0 2 2 0 1 2 0 0 -1 0 0 1 0 -1 0 1 -2 1 -1 1 0 0 -3 -1 0 0 0 0 0 0 0 1 -1 0 0 0 0 -2 0 -1 1 2 0 1 0 1 2 -1 -2 0 -1 0 0 1 1 2 -1 0 1 0 2 0 0 -1 -1 0 1 0 0 1 0 0
0 1 -1 0 0 1 0 0 0 0 1 -1 1 0 0 0 1 0 0 -1 -1 2 0 1 2 0 -3 0 1 -1 0 0 0 -1 0 0 0 1 0 1 0 0 0 0 0 1 0 1 1 0 0 0 0 2 0 2 1 0 -1 4 0 0 0 2 0 0 1 1 0 0 2 0 0 0 1 0 -1 1 0 0 0 -1 0 2 -1 1 0 0 1 0 0 -1 0 0 0 1 1 2 0 2 1 0 0 1 0 2 0 1 1 1 0 0 1 0 0 0 0 1 20 0 0 1 -2 0 1 1 0 2 1 0 1 2 0 0 -1 1 0 1 1 -1 0 0 -1 1 0 -3 0 0 2 0 0 0 0 -1 0 1 -1 0 1 0 0 0 -1 0 0 1 0 0 0 0 0 0 0 0 0 2 1 0 1 0 0 0 0 -1 0 -1 0 0 1 1 0 -1 0 0 0 -1 1 -1 -1 0 0 -1 1 1 -2 0 0 -1 0 0 1 0 1 0 0 0 -1 -1 0 1 0 0 0 0 0 0 0 0 1 -1 -2 -1 1 0 0 -1 1 0 0 1 -2 0 2 0 0 1 1 -1 1 1 0 -1 0 0 1 0 0 1 0 0 0 0 2 0 0 0 1 -1 1 1 -1 0 0 0 0 1 -2 0 0 1 1 1 1 0 0 -1 0 0 0 -1 1 1 2 0 0 1 0 2 0 0 0 0 0 2 0 0 1 0 -1 1 0 2 1 0 1 2 -1 0 1 -2 0 -1 -1 0 0 -2 0 0 0 1 -1 -1 0 0 1 0 0 0 0 0 -1 0 0 1 0 0 0 0 0 0 0 1 -1 2 1 1 0 1 -1 -1 1 0 1 1 0 -2 0 -1 0 0 1 0 1 1 0 0 -2 1 1 -1 0 -1 0 0 0 0 0 0 2 -1 0 2 -1 0 2 -1 0 0 0 -2 0 2 2 -2 0 -2 0 1 1 0 0 0 2 0 -1 1 0 0 0 -1 0 0 0 -1 0 1 0 -1 2 0 1 1 0 0 1 0 2 -1 -1 2 1 1 0 1 -1 0 -1 1 0 0 0 -1 1 1 -1 -1 0 -2 1 1
0 0 -1 -2 0 -1 0 0 -2 0 -1 0 0 0 0 0 1 0 0 0 0 0 1 1 0 0 2 -1 1 -1 -1 1 0 0 0 2 0 1 0 2 0 1 1 1 0 0 0 0 0 0 -1 1 -1 1 0 0 1 0 -1 0 1 0 0 -2 0 0 0 1 0 1 0 -1 0 0 0 0 2 1 0 2 0 2 2 0 -1 0 0 -1 0 2 0 1 0 0 1 -2 0 1 1 0 0 2 0 0 -1 1 -1 1 0 0 1 0 -1 -2 0 0 1 0 0 16 1 -1 0 -1 1 0 1 0 1 0 0 1 1 -1 -1 -1 1 1 1 0 -2 1 -1 0 0 0 1 0 0 -1 0 0 0 2 0 0 -2 1 1 1 0 0 0 0 0 -1 -1 1 0 -1 0 0 0 0 0 -1 -1 0 1 0 1 0 0 -1 1 0 0 0 0 0 0 2 0 0 0 1 1 0 3 0 0 -1 0 0 0 0 1 0 1 0 1 0 -1 0 1 1 0 -1 -1 1 0 -1 1 1 0 0 0 0 0 0 0 0 0 0 -1 1 0 1 0 0 1 0 0 1 0 1 1 -1 0 -1 1 1 0 2 0 0 -1 1 1 0 -1 0 -1 1 0 0 0 0 -1 0 -1 -1 1 0 2 1 0 0 0 0 0 -1 0 0 0 0 1 0 0 2 0 1 0 0 0 0 1 0 1 1 2 1 2 1 0 0 1 1 1 0 0 0 0 -1 1 0 -1 0 0 -1 0 0 0 0 1 0 2 -1 0 1 0 0 0 1 0 1 1 0 0 0 0 0 0 0 0 2 0 0 1 -1 0 0 0 0 0 -1 0 2 1 1 0 -1 0 0 0 1 -1 1 0 1 0 0 -2 0 1 0 0 1 0 0 0 0 -1 0 0 2 1 0 1 0 0 0 0 -1 1 0 0 -2 0 -1 0 0 2 0 0 0 -1 -2 1 0 0 0 -1 0 0 0 0 -1 1 0 0 0 0 2 -1 0 -1 0 0 1 0 1 1 2 -1 -1 3 0 0 1 0 0 0 0 0 0 0 1 0 -2 0 0 0 0 1 -1 1 1 1 0
0 0 0 0 0 1 1 1 -1 1 0 -1 0 1 -1 0 0 0 1 0 0 0 -1 1 1 0 1 -1 0 1 0 0 0 0 0 0 1 1 0 0 1 0 1 -1 -1 0 1 -1 0 1 -1 0 0 1 0 0 2 0 0 0 1 -2 0 1 -1 1 0 0 -1 1 0 -2 0 1 0 1 1 0 0 -1 1 -1 0 -1 0 0 0 1 1 1 0 -1 0 0 0 -1 0 1 0 1 1 0 -1 2 1 -1 0 0 -1 1 1 2 0 0 0 1 3 0 0 1 22 -1 0 0 1 -2 -2 0 0 0 2 0 0 0 1 0 -1 0 0 -1 0 1 -2 2 0 0 -1 0 1 0 0 0 -1 -1 0 1 0 2 0 1 0 -1 0 0 0 1 0 1 0 0 0 0 0 2 1 0 1 0 -1 0 1 1 0 -2 0 -1 1 1 -1 0 0 -1 -1 0 -1 -1 -1 1 1 -2 0 0 0 0 0 0 -1 0 1 1 -1 1 1 0 -1 -1 0 -1 0 -1 -1 0 0 -1 -1 1 0 -1 -1 -1 1 -1 0 0 -3 0 0 0 -1 -2 1 0 0 0 -1 0 -1 -1 0 0 -2 0 0 2 -1 0 1 0 -1 0 1 -1 0 0 1 1 1 0 0 0 1 1 2 3 -2 3 0 0 1 -1 0 0 1 0 -1 -2 1 1 0 1 0 1 1 -1 0 2 0 1 0 0 1 0 0 1 0 0 1 -1 1 -1 1 0 0 0 1 1 0 2 -2 0 1 1 0 2 0 0 -1 -1 1 0 -1 1 0 0 0 1 0 0 2 1 0 0 1 -1 2 2 -1 0 0 1 0 0 -1 1 -1 -4 -1 -1 0 0 1 -1 -1 -1 0 1 2 -1 0 0 0 0 -2 2 1 0 0 1 2 0 1 1 1 0 0 0 0 0 0 0 1 0 1 0 0 1 0 -1 0 0 0 -1 0 0 0 2 1 0 0 0 2 0 -1 0 1 1 0 0 0 1 -1 0 1 1 0 0 3 0 3 0 -1 -1 2 1 -1 2 0 0 0 0 0 1 0 0 -1 1 0 0 0 -2 0 0 0 1 1 -2 0 0 0 0
0 0 0 1 0 0 0 0 1 0 0 0 0 2 0 -1 0 0 0 -1 -1 0 -1 0 1 1 0 1 0 1 0 -1 1 -2 0 -1 -1 0 0 -1 -1 0 0 2 1 1 0 -1 1 0 0 -1 0 0 0 0 1 1 0 2 1 0 0 0 1 -1 0 0 1 1 1 1 1 -1 0 1 -1 0 0 -1 0 0 1 -1 -1 1 0 1 0 1 0 0 0 0 0 0 0 0 -2 0 0 -1 -1 -1 1 1 0 -1 0 0 0 0 0 0 0 1 -1 0 1 -1 -1 19 0 0 -1 1 0 0 1 0 0 0 0 0 1 1 2 0 0 0 1 1 -2 0 -2 1 -1 1 1 -2 0 0 1 0 0 0 0 0 0 -1 0 0 -1 -1 2 0 0 -1 0 -1 0 -1 0 0 0 1 0 0 0 -1 1 0 1 0 -1 0 -1 0 0 1 0 0 0 1 0 0 0 0 0 0 0 0 1 0 0 -1 1 1 0 0 -1 1 1 0 -1 -1 1 0 -2 0 0 0 0 0 -1 0 1 1 1 0 -1 0 0 1 0 0 -1 0 0 2 -1 -1 -1 0 0 1 1 0 0 0 0 0 0 -1 1 -1 -2 0 1 1 -1 0 -1 0 0 0 0 1 -1 0 1 0 0 -2 0 -1 0 0 0 0 0 0 0 2 0 0 0 0 -1 -1 2 0 1 1 -1 0 0 2 2 1 1 0 1 -1 0 -1 0 1 0 0 0 0 0 0 1 0 0 0 1 0 2 -1 0 1 0 0 0 0 0 0 1 1 0 0 2 -1 0 0 0 0 -1 -1 0 0 0 2 0 2 1 0 0 2 0 1 0 0 -2 0 -1 0 -1 1 0 -1 -1 0 1 0 -2 0 0 1 0 0 0 0 -1 0 0 -1 1 1 -1 0 0 -2 -2 0 0 0 1 1 0 1 1 -1 1 0 1 0 -1 -2 -1 -1 0 1 0 1 0 2 1 -1 0 1 -1 0 0 1 0 -1 1 0 -1 1 1 0 -1 0 1 -1 0 1 0 1 0 -1 0 0 0 0 2 0 3 1 -1 -2 2 -1 0 0 -1 0 0 1 -2 0 2 0 0 0
-1 0 1 0 0 0 0 1 -1 0 0 0 -1 1 0 0 1 1 1 0 0 0 0 1 0 0 0 0 0 0 0 -1 0 0 -1 0 0 0 0 0 1 0 0 0 0 0 0 0 0 0 0 0 2 0 -1 0 1 1 0 0 0 -1 0 -1 1 -1 0 0 1 -1 -1 0 0 0 0 -1 0 0 1 2 0 0 1 1 1 -1 0 0 -2 0 -1 0 0 -1 0 0 0 0 0 -1 0 -1 0 -1 1 -1 0 0 -1 0 0 0 0 0 0 0 0 -1 -2 0 0 0 12 0 -1 1 0 0 0 0 0 0 -1 0 0 0 0 1 1 0 0 0 0 1 0 0 0 0 -1 0 1 0 0 -1 -1 0 0 1 1 0 0 -3 1 0 0 0 0 0 0 -1 0 0 -1 0 0 0 0 -1 1 0 0 0 -1 1 0 1 -2 0 0 2 0 -1 0 0 0 0 0 -2 0 0 -1 0 1 -2 0 0 0 0 -2 1 -1 0 0 0 0 0 1 1 0 -1 1 0 0 0 -1 0 1 0 0 0 0 0 -2 0 -1 0 1 2 0 0 1 1 -1 0 0 0 0 0 0 -1 0 0 2 0 -1 1 0 -1 0 1 0 0 0 0 0 0 0 1 -1 -1 1 0 -1 -1 -1 0 1 0 0 0 0 0 0 0 0 2 -1 0 0 0 -1 -1 0 0 1 0 -1 0 0 0 -1 0 0 0 0 0 0 1 0 -1 0 0 0 0 0 -1 0 0 0 0 0 0 0 0 0 1 -1 0 0 1 -1 0 0 0 1 0 0 0 0 0 0 -2 1 0 2 0 1 0 0 0 0 -1 -2 0 0 0 -1 0 0 0 -2 1 0 0 0 0 0 0 0 1 0 0 1 0 0 0 -2 0 0 1 -1 0 0 0 1 0 -1 0 -1 1 0 0 0 0 0 0 0 0 -1 1 0 -1 -1 0 1 1 0 0 0 0 0 0 0 1 0 0 0 0 0 0 -1 1 0 1 0 0 0 1 0 0 0 0 0 0 0 0 0 0 0 0 0 0 -1 -2 2 0 0 0 0 -1 1 1 0 0 -1 1 0 0 0 1
0 -1 0 1 0 1 1 0 0 0 0 0 0 0 1 1 1 0 0 0 -2 0 0 0 0 0 -1 2 0 0 0 2 0 1 1 1 0 0 2 1 1 0 0 0 0 0 0 1 0 2 0 0 0 -2 0 0 0 0 0 0 1 1 0 0 0 0 0 1 0 0 1 0 0 0 0 0 1 1 -1 -1 0 -1 1 0 -1 0 1 0 0 0 0 2 0 0 -1 0 -1 0 -1 0 0 0 0 0 0 0 1 0 1 0 -1 0 0 -1 0 0 0 1 0 -1 0 0 0 11 -1 0 0 1 0 0 0 -1 0 0 0 0 0 1 0 1 0 1 1 0 0 0 0 -1 0 0 0 0 0 0 0 0 0 -1 2 0 0 -1 -1 0 1 1 0 0 -1 -1 0 0 0 1 0 1 0 -1 0 0 0 1 1 -1 -1 0 0 0 0 -2 0 0 0 0 1 1 0 0 -1 -1 0 1 2 0 0 0 -1 0 0 1 0 0 0 0 0 0 0 0 0 0 -1 0 0 1 1 0 0 0 0 1 0 0 0 0 0 -1 0 0 0 1 0 0 0 0 -1 0 1 0 0 1 1 0 1 -1 0 0 0 1 0 0 0 0 -1 -1 0 -1 0 0 0 0 1 1 0 0 1 0 0 0 0 -1 1 -1 0 0 1 0 0 0 1 0 1 -1 0 0 1 0 0 0 1 0 0 0 0 0 0 0 0 0 0 0 0 0 0 -1 1 0 0 0 0 1 0 0 0 1 0 0 0 1 1 1 -1 -1 0 0 0 0 0 -1 0 1 -2 1 0 0 1 0 0 0 0 0 1 0 0 0 0 1 0 0 0 1 0 1 0 0 0 0 1 -2 0 0 0 0 1 0 0 0 -1 0 0 0 0 0 0 1 0 0 0 0 2 0 0 0 1 0 -1 1 0 0 0 0 1 0 -1 0 0 0 0 0 2 0 0 0 1 0 1 0 2 -1 0 1 1 1 -1 0 1 0 0 0 0 -1 0 0 0 1 0 -1 1 1 0 -1 0 1 0 0 0 1 0 0 0 0 0 -1 0 0 0 1 1 0 -2 0
2 0 0 0 0 0 0 0 0 3 0 0 -2 -2 -1 -1 -1 2 1 0 -1 1 1 -1 -1 0 0 -1 1 0 0 1 -2 1 1 2 1 1 0 0 1 0 0 0 1 0 -1 2 -1 -1 0 0 -1 2 0 -1 0 0 1 0 2 -1 0 2 1 1 0 0 0 0 0 0 1 0 0 2 0 -1 0 1 -1 1 2 0 0 -1 1 1 1 0 0 -1 -1 0 1 0 -1 0 1 2 -2 1 1 0 3 3 2 0 0 -1 -1 -1 0 -1 1 0 0 0 1 1 1 -1 -1 -1 22 0 3 0 0 -1 2 0 1 -1 1 0 -1 1 1 -1 0 0 0 1 1 0 0 0 2 -1 0 0 1 0 -1 1 1 0 0 0 -1 1 1 0 0 0 0 0 -2 2 0 -1 0 0 0 0 0 0 1 -1 1 -1 0 2 1 -1 0 1 0 -1 0 2 0 0 0 0 1 0 0 -1 0 1 0 0 0 -1 -1 0 1 0 1 -1 -2 0 1 -1 1 0 -3 -1 2 -1 -1 1 3 2 -2 1 0 -1 0 1 1 -1 -1 -1 -1 0 0 -2 -2 1 1 0 0 1 0 0 1 1 0 1 0 0 -1 0 0 2 1 0 2 0 1 1 0 0 1 -2 -1 1 1 0 -1 -1 0 1 1 0 0 0 0 0 2 -1 -1 -1 0 0 0 0 1 1 0 0 0 0 1 0 0 0 0 0 0 2 0 2 1 0 -1 0 0 0 2 0 -1 -1 1 0 0 0 -2 -1 0 3 -1 1 1 0 0 1 0 0 1 0 0 0 0 0 0 1 0 1 0 -1 0 1 0 -1 1 0 0 0 0 0 0 -1 -1 1 0 1 1 0 1 -2 0 0 0 1 1 0 0 0 0 2 1 0 0 -1 0 -1 1 0 0 0 -1 0 0 0 0 0 -1 -1 1 2 -1 -1 -1 1 -1 0 0 -1 1 0 0 -2 1 -1 -1 0 0 0 1 0 0 0 2 0 0 0 -1 0 -1 0 -3 0 0 -1 -2 -2 0 0 0 0 0 0 0 0 0 0 0 0 0 -1 -1 0 0 0 0 0 -1 0 0 1 0 0 -1 0 0 1
0 0 1 0 0 0 -1 1 0 1 0 0 0 -1 0 0 0 0 0 0 0 0 0 1 1 0 1 0 1 0 0 0 0 -1 1 0 0 0 -1 2 0 0 0 1 1 1 0 1 0 0 2 0 1 0 0 -1 -1 1 0 0 -1 0 1 0 0 0 -1 0 2 1 0 1 0 1 0 -1 -1 0 0 0 0 -1 -1 1 -1 0 0 0 0 0 0 0 0 -1 0 2 0 -1 -1 0 1 1 0 0 0 1 0 1 0 -1 -1 3 1 0 1 -1 -1 1 1 0 -2 1 1 0 0 12 1 1 0 -1 -2 0 0 0 0 0 0 0 0 0 0 0 1 1 0 0 1 0 0 0 0 0 0 0 1 -1 0 0 1 0 0 0 -1 0 0 -1 0 0 0 1 0 0 0 0 0 1 1 0 1 0 1 1 1 3 -1 0 0 0 1 0 0 0 0 0 0 0 1 0 -1 0 0 1 0 0 0 0 -1 -1 0 0 -1 0 0 0 1 0 0 2 2 1 0 0 0 0 0 0 0 1 0 0 0 1 0 0 -1 0 0 1 1 0 0 2 0 0 0 0 -1 0 1 0 0 0 0 0 -1 0 1 1 1 0 0 -1 0 0 -1 0 1 -1 0 1 1 0 0 -2 1 -1 0 0 -1 0 1 1 1 0 0 0 1 -1 0 0 0 -2 0 1 0 0 0 1 0 0 1 1 0 0 0 0 0 0 1 0 -1 0 1 0 1 0 0 0 0 0 0 0 -1 1 1 0 -1 1 0 0 -1 1 -2 0 0 0 0 -1 0 0 0 1 1 2 -1 0 1 0 1 1 0 0 -1 1 1 0 0 1 0 0 1 0 0 0 0 0 0 0 -1 -1 0 -1 1 -1 0 1 0 0 1 0 0 0 -1 2 0 0 1 0 0 0 0 0 -1 0 0 0 0 0 0 0 0 0 0 0 -1 1 0 0 0 0 1 -1 0 0 -1 0 1 0 0 0 -1 0 0 1 0 -2 2 1 1 1 1 3 -1 0 1 -1 0 0 0 0 0 0 0 0 0 0 1 0 1 0 0 0 0 0 -1 -1 0 0 -1 0
0 0 1 -1 -1 0 0 1 -1 2 1 0 -1 -1 1 2 1 0 0 1 0 -2 0 3 0 -1 1 0 1 0 0 0 1 0 0 -1 0 0 0 0 -1 1 0 0 0 2 -4 1 0 -2 -1 0 0 0 1 0 0 -1 0 1 1 -2 -1 1 -1 0 1 1 0 0 0 2 -1 0 0 -1 2 1 -1 1 1 0 0 -1 -1 0 0 -1 -2 -1 0 -1 -2 1 0 2 0 1 2 -2 1 2 0 1 0 0 0 0 -1 2 0 0 1 0 -1 1 -2 0 0 1 -2 0 0 0 3 1 28 0 0 0 0 0 0 -1 -1 -1 1 0 1 2 -2 0 0 -1 3 2 1 0 0 2 0 0 -3 0 1 -1 1 0 0 1 0 1 0 -1 -1 0 1 0 1 0 1 -1 1 0 1 1 0 2 1 0 -1 0 0 2 -1 -2 1 -2 -1 0 1 -1 0 0 1 0 2 -1 -1 0 0 1 1 -2 0 1 0 -2 0 0 1 -2 0 -2 0 0 -1 1 1 3 0 0 -1 0 0 1 -1 0 0 -1 0 3 0 -2 1 0 0 0 1 -2 0 0 2 0 0 2 1 0 1 0 0 0 1 1 0 0 1 1 2 0 1 -1 0 0 3 -2 1 1 1 1 0 0 0 1 0 -1 1 -1 0 2 -1 0 0 -1 -1 3 -1 -2 -1 0 0 0 1 1 1 1 1 -1 -1 0 -1 -1 0 0 0 2 1 -2 1 -1 0 -1 0 0 0 0 -2 -1 0 -1 -3 0 0 0 1 0 0 0 0 0 1 -1 1 0 1 0 2 -1 -1 0 0 0 0 1 -1 0 -1 1 0 3 1 1 1 0 -1 0 1 0 -2 0 0 0 0 0 1 0 -1 3 0 0 -1 -1 1 0 2 -1 1 0 0 0 1 0 -1 2 -1 -1 0 -2 1 1 0 2 1 3 1 1 0 1 1 1 0 1 3 -1 0 -1 0 -1 0 3 1 1 0 0 0 -2 2 -1 1 1 0 -1 3 1 1 0 3 0 0 1 -1 1 -1 0 -1 0 1 0 1 1 1 0 3 0 0 -1 -1 1 0 0 0 0 0 0 0 1 0 0 -1 1
0 0 0 0 0 0 0 0 0 0 0 0 -2 1 0 0 0 0 0 0 0 0 0 0 0 -1 -1 -1 0 -1 1 0 0 0 1 1 0 0 -1 0 1 1 1 0 0 0 -1 0 1 0 0 0 0 0 0 1 1 0 0 0 -1 0 0 0 2 1 0 -1 1 -1 0 -1 2 0 0 0 0 1 0 0 0 0 -1 1 0 0 0 -1 -1 0 1 0 0 1 0 1 0 0 0 0 2 0 -1 0 0 1 0 0 -3 -1 2 0 1 0 0 0 0 1 2 0 0 0 0 1 0 1 0 15 0 1 1 0 -1 0 0 0 0 3 0 -1 0 2 -1 0 0 0 0 0 0 1 0 0 1 0 0 1 -1 0 0 1 0 0 0 0 -1 1 0 0 0 1 0 0 0 0 1 0 -1 0 0 0 0 0 0 0 0 0 0 0 0 1 0 0 0 0 -1 0 0 -1 0 0 0 0 0 0 0 0 -1 -2 0 0 1 -1 2 0 1 -1 -1 1 0 1 1 0 1 1 0 0 -1 1 -1 0 1 1 -2 0 1 0 1 -1 0 0 -1 0 1 -1 1 -1 1 0 0 1 1 0 0 0 0 0 0 0 1 0 0 -1 -1 0 0 0 -1 2 0 0 0 0 1 1 -1 0 -1 0 0 -1 0 0 0 1 -1 0 0 0 0 -1 1 0 -1 0 1 0 1 0 0 0 0 0 0 2 -1 -1 0 -1 -1 0 0 1 -1 0 1 3 0 0 1 2 0 0 0 1 -1 0 -1 0 1 0 0 0 -1 0 0 -1 0 0 0 0 1 0 0 -1 1 0 0 0 0 2 1 0 -2 0 1 0 0 1 -1 0 0 0 0 1 0 1 0 0 1 1 0 0 0 1 1 2 1 2 1 -1 -1 -1 0 3 0 0 -1 1 2 0 -1 0 -1 -1 0 0 0 0 0 0 0 0 1 0 0 -1 -1 0 0 1 0 0 2 0 -1 0 -1 -2 0 0 -1 1 0 -1 2 0 0 0 1 0 0 0 -2 0 1 1 1 0 2 0 0 1 0 1 0 1 -2 0 0 0 0 0 0 0 0 0 0 0 0 0
0 0 0 -1 2 -1 -1 0 1 0 0 1 -1 0 1 0 -2 3 -1 0 0 0 -1 0 1 1 0 -1 0 0 0 1 1 0 1 0 -1 0 0 0 0 0 -1 -1 -1 0 0 -1 0 0 0 0 0 0 0 0 2 0 0 3 2 0 1 0 2 0 0 1 1 0 0 0 0 0 0 0 0 -1 -1 0 -2 1 1 -1 0 1 1 1 0 0 0 0 1 -1 -1 1 -1 0 0 0 0 -1 1 0 2 0 1 1 0 0 0 0 1 1 1 0 0 0 1 1 0 1 0 0 0 0 0 0 18 0 0 1 0 0 0 -1 0 -1 0 0 -1 1 0 1 1 0 0 0 2 1 0 0 0 0 0 1 -1 0 0 0 2 0 0 0 0 0 1 -1 1 1 1 0 0 1 -2 0 -1 -1 0 0 0 0 0 0 1 -1 1 0 1 1 -3 0 0 0 0 1 0 2 0 1 1 -2 1 -1 -1 0 0 -1 0 0 0 0 0 0 0 1 0 0 0 0 -1 0 0 0 0 0 0 1 0 0 1 0 0 0 0 0 0 0 -1 1 1 0 0 1 0 1 0 0 0 0 0 1 0 0 0 0 0 0 0 -2 0 1 -1 0 0 0 2 1 0 0 -1 -1 -1 0 1 0 0 0 -1 0 0 -1 0 2 1 0 0 0 -1 1 0 1 -1 1 0 -1 1 1 -1 1 1 0 0 -1 -3 2 -2 -1 0 0 0 0 0 0 0 0 1 0 0 0 1 0 2 -1 3 0 0 2 1 0 0 0 1 3 2 1 0 0 1 0 0 -2 1 1 0 0 -1 0 0 0 2 0 0 0 2 1 0 0 0 0 1 0 -1 0 -2 1 1 0 1 0 0 -2 1 2 0 0 0 0 0 -1 -1 -1 0 1 0 -1 1 0 1 -1 0 0 -2 -1 1 -1 0 1 0 1 -1 0 1 0 1 0 0 0 -1 -1 0 0 -3 1 0 1 0 0 1 -1 -1 0 1 0 0 0 2 1 -1 0 -1 2 0 1 2 1 0 0 0 1 0 0 0 0 0 1 0 0 1 0 -2 0 -1 0 1 0 0 0 2 -1
-1 1 -1 -1 0 0 0 0 -1 0 0 0 0 0 0 0 0 1 0 0 0 -1 -1 1 -1 0 0 -1 0 0 1 0 0 0 0 0 0 -1 0 -1 0 0 0 -2 0 0 0 1 -1 0 0 0 0 0 0 -1 0 0 0 0 1 0 1 0 0 0 -1 0 1 0 1 0 0 0 0 0 1 0 0 0 2 1 -1 0 1 0 0 0 0 0 0 0 0 -1 1 -1 1 1 0 0 1 0 1 0 -1 0 -1 0 -2 0 0 0 2 0 -1 1 0 -2 0 0 0 0 0 0 -1 -1 0 1 0 11 0 0 1 -1 -1 0 -1 0 -1 0 0 1 0 0 0 -1 0 0 0 0 0 0 -1 0 -1 0 0 1 1 0 0 0 -1 -1 0 1 0 1 0 0 0 0 0 0 1 0 0 0 1 1 -1 1 0 -1 0 0 0 -1 0 0 0 0 0 0 0 0 1 0 1 0 0 0 -1 0 0 0 0 -1 0 -1 0 0 0 -1 1 0 0 0 0 0 1 0 0 0 0 1 1 0 1 1 0 0 0 0 0 0 0 0 0 0 1 0 0 1 0 -1 1 0 0 -1 0 -2 0 0 1 0 0 -1 -3 0 0 0 0 0 -1 0 0 0 -1 1 -1 1 1 -1 0 1 -1 0 1 -1 0 0 1 0 0 0 0 0 0 0 0 0 0 1 0 0 0 0 0 0 0 -2 0 0 0 0 1 0 0 0 1 0 0 0 0 1 -2 0 0 1 1 0 0 0 -1 -1 0 0 0 0 0 1 1 0 -1 1 -1 0 0 0 0 -1 0 -1 0 -1 -1 0 0 -1 1 0 0 0 -1 0 0 1 -1 0 -1 1 -1 0 -1 1 0 0 0 1 0 1 -1 0 -1 1 0 1 1 0 0 0 0 1 -1 0 0 0 2 -2 0 0 0 -1 0 -1 1 -3 0 0 1 0 -1 0 -1 -2 0 0 0 0 1 1 0 0 -1 0 0 0 -1 0 0 -1 1 0 1 2 -2 0 -1 0 0 -1 0 0 -1 0 0 -1 -1 0 0 0 -1 0 -1 0 0 0 0 0 0 1 0 0 0 0 0 0 0 0
0 0 0 0 0 0 0 1 0 0 0 0 -2 1 0 -1 -2 0 0 0 0 0 0 -1 0 1 -1 0 0 -1 0 -1 -1 0 0 0 0 1 -1 0 1 0 0 0 0 0 0 0 1 0 -1 1 -1 1 0 2 1 1 0 0 2 -1 0 0 0 0 0 0 -1 0 0 0 0 2 0 0 -1 0 -1 0 0 1 0 -1 0 0 0 -1 1 0 -1 0 0 0 0 -1 0 0 0 0 0 0 0 0 2 0 0 0 -1 -1 -1 0 -1 0 0 1 1 -1 1 0 2 0 0 0 2 -2 0 1 0 0 13 0 -1 1 0 0 -1 0 0 -1 0 0 -1 1 1 1 1 0 1 0 0 0 -2 -1 0 1 0 0 -1 0 -1 0 0 0 0 0 0 0 -1 0 2 -1 1 0 1 0 1 0 0 -1 1 0 0 -1 1 -1 0 0 -1 1 0 -1 -2 0 0 0 1 -1 0 0 0 -1 1 -1 0 0 -1 0 0 1 0 0 0 0 0 0 0 -1 -1 0 0 0 0 0 0 0 0 0 -1 0 0 -2 0 0 0 0 0 1 0 -1 -1 -2 0 0 0 0 1 0 -1 0 -1 0 0 1 0 0 -1 0 1 0 1 1 0 -1 1 0 0 0 -1 0 1 0 1 1 -1 0 0 0 0 0 0 1 0 0 0 0 -1 0 0 0 -1 2 1 0 0 0 1 0 0 0 2 0 0 0 -1 0 0 0 0 0 1 0 0 -1 -1 1 0 -1 0 0 0 0 0 1 0 0 0 -1 0 1 0 0 2 0 0 0 0 -1 0 0 0 0 0 -1 2 0 0 0 1 0 0 0 -2 -1 0 0 0 -1 -1 0 1 0 0 1 -1 0 0 1 0 0 -1 0 0 0 0 0 0 0 1 0 -1 -1 0 0 1 0 0 0 0 -1 -1 0 1 1 0 0 0 0 0 -1 0 0 1 0 0 0 1 0 0 0 0 0 1 0 0 1 -1 1 0 1 0 -1 -1 -1 0 0 0 0 1 -1 -1 -1 0 0 0 1 0 -1 -1 0 0 0 0 1 -1 0 0 0 0 -1 1 0 0 1 0 1 0 0 1 0
0 2 0 1 1 0 0 0 -1 0 -1 1 1 0 1 0 0 2 -3 0 -1 1 0 1 0 0 2 -1 0 1 0 0 2 0 1 0 1 2 0 -1 0 -1 0 -1 1 0 0 0 0 0 0 0 -2 0 0 -1 0 0 0 -1 0 0 0 2 0 0 0 0 0 0 -1 0 0 0 -1 1 1 0 0 5 -1 0 0 -1 0 1 0 0 0 -1 0 0 1 -2 0 -1 -1 2 0 2 2 1 0 1 1 1 0 0 0 0 1 0 0 0 0 0 -1 1 2 1 0 0 0 -1 0 0 0 0 1 0 0 24 0 1 -1 -1 0 0 1 0 0 1 0 1 1 0 0 0 2 1 -1 -1 -1 0 -1 0 -1 0 2 0 1 3 0 2 0 -1 0 0 1 2 -1 0 0 3 -1 0 1 1 0 1 0 0 1 0 2 0 0 1 1 0 0 0 0 0 -1 1 3 2 1 1 0 -1 1 -1 3 0 0 1 -1 0 -1 -1 -3 0 1 -2 -1 0 0 1 0 0 0 0 -1 0 0 0 1 0 -2 1 1 -1 -1 1 1 -1 0 1 1 -1 1 0 1 0 0 0 1 -1 1 -1 1 0 -1 0 0 0 2 1 1 0 1 1 0 0 0 0 1 0 -1 -1 -1 0 0 -2 -2 -2 1 0 0 1 1 -1 0 -1 1 1 0 1 -2 2 0 -1 -1 2 0 0 0 0 1 1 1 -1 2 0 1 1 1 1 0 0 1 1 0 0 -1 2 2 3 -1 0 0 0 0 -1 0 0 -3 0 1 1 -1 -2 1 1 1 0 -2 -1 1 0 0 0 0 1 0 0 0 1 0 0 -1 -1 1 -2 1 3 0 -2 0 -1 3 0 0 1 1 3 1 -2 0 0 1 1 1 -2 -1 0 -2 1 -1 0 1 0 0 1 0 -1 0 1 1 -1 -2 -1 0 1 0 0 3 2 0 1 0 -1 1 -1 0 1 -1 0 0 0 1 0 0 1 0 -1 0 -1 1 1 0 -1 0 0 0 -1 -1 0 0 0 -1 0 0 0 2 1 0 0 0 0 -1 -1 0 -1 -1 -1 0 0 0 0 2 0 0 0 0 0 0 -1
0 0 0 0 0 0 0 -2 1 1 0 1 1 0 0 1 1 0 0 1 -1 0 0 1 -1 1 1 -1 0 1 0 0 -1 1 -2 0 2 1 0 -1 0 1 0 0 0 1 0 2 1 -1 -1 0 0 0 0 -1 0 0 2 0 2 0 1 0 0 0 -1 0 0 1 0 1 2 0 0 -1 1 1 0 -2 1 1 -1 1 0 0 1 1 -1 0 1 -1 0 0 1 0 0 0 1 0 0 0 0 0 0 0 0 0 -1 -1 -1 -1 -2 0 0 0 0 1 0 1 0 0 -1 0 1 0 0 -1 0 1 -1 0 17 0 1 0 0 3 -1 1 1 0 0 -2 -2 0 0 0 0 0 1 0 2 2 0 0 0 0 0 0 1 0 0 -1 0 0 -1 1 -1 0 0 0 0 0 0 0 1 -1 -1 -1 1 0 0 0 0 -1 0 0 0 0 -1 0 -1 0 2 0 1 1 1 0 1 0 0 0 0 0 1 -1 2 1 0 0 1 -1 -1 0 0 1 0 1 0 0 0 1 0 1 0 -1 0 1 0 1 1 0 0 1 0 -1 0 0 1 1 0 0 1 0 0 0 -1 0 1 0 -2 -1 2 1 -2 -1 0 1 0 1 1 0 0 -1 0 1 1 0 0 0 -2 0 0 0 0 -1 0 0 -1 0 -1 1 1 0 0 -1 1 -1 1 0 0 -1 -1 1 1 -1 0 -1 0 0 0 -1 2 0 0 0 0 0 -1 0 0 -2 1 0 2 0 1 0 0 1 1 1 0 0 -1 0 0 -1 0 1 0 0 0 1 0 0 0 0 0 0 0 1 1 0 1 -2 0 0 -1 -2 0 1 -1 1 0 -1 2 0 -1 0 1 -1 0 -1 1 -1 0 -1 0 0 0 -1 0 0 1 0 1 0 1 0 0 1 1 -1 0 -1 1 -2 -1 0 0 0 0 -2 0 0 1 0 1 0 1 0 0 0 1 0 -1 1 0 1 -1 0 0 1 2 -1 1 0 0 0 0 0 1 1 -2 0 0 0 0 0 1 -1 0 -2 -1 0 -1 1 1 0 0 0 -2 0 0 0 1 1 -1 0 1 -1 0 -2 0 0 1 0
-1 0 -1 1 1 0 2 0 0 0 0 0 0 0 0 1 0 0 -1 -1 0 1 -1 0 0 1 0 0 0 1 0 0 -2 -1 0 0 -1 0 0 0 0 0 0 -1 1 2 1 0 -1 0 0 -1 1 0 0 1 -1 -1 0 -1 0 0 0 1 0 0 0 0 1 1 0 0 0 0 0 -1 -2 1 0 0 0 0 1 0 0 -1 -1 0 0 -1 -1 -1 -1 -1 0 1 0 -1 0 0 0 -1 0 0 -1 0 0 1 0 0 0 1 -2 0 1 1 1 0 0 -1 0 0 0 0 -1 0 -1 0 0 -1 1 1 0 18 2 0 0 0 0 1 0 -1 1 0 0 0 1 0 0 1 0 2 0 0 -1 0 0 0 1 -1 0 1 0 0 0 1 0 2 0 1 0 0 -1 1 -1 -1 0 0 0 1 0 2 0 1 -1 0 0 0 0 0 0 0 -1 -1 0 0 0 1 0 0 0 1 0 1 -1 1 0 0 2 0 0 1 3 1 0 1 0 0 0 0 0 0 0 2 1 0 1 -1 0 -1 0 -1 0 0 0 0 0 1 0 1 0 0 -1 0 0 0 0 0 0 1 -1 0 1 1 1 1 0 1 0 0 1 0 1 1 0 0 0 0 0 0 1 0 -2 0 0 0 -1 -1 -1 1 2 1 2 0 0 -1 -1 1 0 1 -1 0 1 -1 -1 0 0 -1 0 0 -1 1 -1 -1 0 0 -1 1 -1 0 0 0 0 0 0 0 1 0 0 0 -1 -1 0 0 0 1 0 0 0 0 0 1 0 1 0 -1 1 -2 0 -1 0 0 0 0 1 -1 0 0 0 1 0 1 0 1 1 1 -3 0 2 0 1 0 1 0 0 -1 1 0 0 -2 0 0 0 0 0 0 1 0 0 0 0 1 2 0 1 0 0 0 -1 0 1 0 1 0 1 0 0 3 0 -1 0 0 1 0 1 1 0 0 2 0 0 0 0 0 0 1 0 0 1 0 0 1 -1 0 0 1 0 0 2 -1 -1 0 0 -1 2 -1 0 -1 0 0 0 0 0 0 0 0 1 -1 0 1 1 0 1 -1 2 1 0 0 0 -1
0 0 0 0 0 0 0 0 -1 2 1 -1 0 0 2 0 3 1 0 1 0 0 0 -1 -2 0 0 0 -1 1 0 0 0 0 -1 0 0 0 1 1 0 0 0 -1 -1 0 1 0 0 1 -1 0 0 1 0 0 0 0 -1 -1 -1 -1 0 3 -1 1 -1 0 0 0 0 0 -1 1 0 0 0 1 0 0 0 0 0 -1 2 1 0 0 0 0 -1 0 0 0 0 0 0 0 0 1 -1 0 -1 0 -2 0 1 -2 0 0 0 0 -1 0 1 0 -1 1 -1 -1 1 1 0 0 1 0 -1 0 0 -1 0 -1 1 2 25 -1 1 0 0 -1 0 0 0 0 2 1 0 2 -1 0 0 -1 0 -1 0 2 0 1 1 0 0 -1 0 0 1 -1 0 1 1 0 2 1 0 0 -1 0 0 -1 1 1 0 0 0 0 -1 -1 0 0 -1 1 0 1 0 0 0 0 -1 0 1 0 -1 -1 0 0 0 0 2 0 3 0 -2 -1 -1 0 1 2 1 1 -2 -1 -1 0 0 0 -1 1 -1 2 0 0 0 1 0 0 -1 1 0 0 -2 1 1 -1 -1 -1 0 -1 0 0 1 0 1 1 -1 -1 -1 -1 -1 -1 1 -2 -1 1 -1 0 0 0 1 1 0 0 1 1 -1 0 -1 1 1 0 0 1 -1 0 0 -1 0 0 1 0 1 1 0 0 0 -1 0 0 1 -2 -1 0 0 3 -1 0 0 0 0 2 0 0 2 0 0 0 -1 0 1 2 0 1 -1 -2 0 0 0 0 1 -1 1 -2 0 2 0 0 1 -1 -1 0 -1 4 -1 1 -1 -1 0 0 1 3 -2 0 0 -1 0 2 2 0 -2 0 2 0 0 1 1 0 -1 -1 0 1 0 0 0 -1 -1 0 0 -1 2 0 0 0 -1 -1 0 -1 0 -3 -1 1 -1 0 2 -1 3 2 0 0 1 0 1 1 1 -1 2 -1 0 0 -1 1 2 -2 -1 1 1 0 -1 -1 1 -1 2 0 0 1 -2 0 0 -1 0 0 2 -1 0 1 0 1 0 -1 0 0 1 0 1 1 1 -1 3 0 -2 2 0 -1 0 1 0 -1 0 0 1 0 0 0
0 -1 2 0 -1 0 0 -1 1 0 1 0 0 0 1 -1 1 -1 0 0 1 0 -2 -1 2 0 0 0 0 0 0 0 2 -1 0 0 1 0 0 0 0 0 -1 0 1 0 1 0 1 0 0 1 1 0 -1 1 0 0 1 0 0 0 0 1 0 -1 1 0 2 0 0 1 0 -1 0 -2 -1 1 0 0 0 0 0 0 -1 0 -1 0 1 0 1 0 1 -1 0 0 0 0 0 0 0 -2 0 2 2 0 0 0 0 0 0 0 0 1 1 0 0 0 1 -1 0 1 0 0 0 0 -1 0 -1 0 0 -1 0 0 -1 15 0 1 0 0 0 0 0 0 0 0 0 -1 0 1 1 -2 0 0 0 0 -1 1 0 0 0 -1 0 0 1 1 1 1 0 1 1 0 1 -3 1 0 0 0 0 0 0 1 1 0 0 0 0 0 -1 -1 0 1 0 -1 0 0 1 1 -1 0 0 0 -3 0 0 0 1 -1 0 0 -1 1 2 0 0 0 0 0 0 0 0 0 0 1 0 0 -1 0 1 1 0 1 0 0 0 0 0 0 0 1 0 0 0 0 0 1 0 -1 0 -1 0 -2 -1 0 1 1 1 0 0 0 1 0 2 1 1 1 0 0 1 2 0 -1 -1 0 -1 0 0 0 1 0 1 0 1 0 0 0 3 0 -1 -1 1 0 0 0 0 1 -1 1 2 0 0 0 0 0 1 -1 0 -1 0 0 0 0 0 0 0 0 0 1 0 0 2 1 1 0 0 0 0 0 0 1 0 1 -1 0 0 2 0 0 4 -3 0 1 1 0 1 -1 0 0 1 -1 -1 1 1 0 0 1 -2 -1 0 0 0 0 0 0 3 0 2 0 0 1 1 0 -1 0 0 0 0 0 -1 0 1 1 -1 0 0 0 0 1 1 0 0 1 0 1 0 -1 0 -1 1 0 0 -1 0 1 0 0 1 0 1 1 0 1 0 -2 0 0 0 2 -1 0 1 -1 0 0 -1 0 0 0 0 0 1 -1 0 1 1 0 -2 -1 0 -1 0 0 0 1 1 0 -1 0 -1 1 1 0 0 2 0 -1 -1 0 -1 0
-1 -1 1 1 0 0 0 -1 0 0 1 0 0 0 1 0 1 0 0 0 0 0 1 0 0 -1 1 0 0 0 1 0 0 0 0 0 0 -1 0 0 -1 0 0 0 -1 0 0 -1 0 -1 -1 0 0 0 0 1 1 0 1 -3 1 2 0 0 -1 1 0 0 0 0 0 0 0 -1 0 -1 0 0 0 -1 0 1 0 0 0 1 0 0 -1 -1 -2 0 0 0 0 0 0 1 0 0 0 0 -2 -1 -1 0 -1 1 0 2 0 0 0 0 1 0 0 0 0 1 -1 2 0 0 -1 0 1 0 0 -1 -1 0 0 0 1 0 15 2 -1 1 2 0 -1 -1 -1 0 1 0 -2 0 0 -1 1 1 0 -1 -1 -1 1 0 0 0 -1 0 -1 -2 2 0 1 1 0 0 1 0 0 0 0 0 0 0 -1 -1 0 0 0 0 0 1 -1 0 1 0 0 0 1 0 0 0 -1 1 0 1 0 0 -1 0 0 1 0 -2 0 0 0 0 0 0 0 0 -2 -1 0 0 -1 0 0 0 0 1 0 0 0 0 0 0 -1 1 0 0 0 0 1 -1 -1 0 0 0 1 0 0 1 0 0 0 0 0 -1 -1 1 0 0 2 -1 0 0 0 0 -1 1 -3 -1 0 0 -2 0 1 0 -2 0 -1 1 -1 2 0 0 1 0 0 1 0 0 0 0 0 -1 0 0 0 0 1 -1 1 1 0 -1 0 0 1 -1 1 1 -2 -1 0 0 0 0 -1 0 -1 0 -2 0 -2 -2 0 0 -1 1 0 0 0 1 -1 -2 0 0 1 0 0 1 0 0 -2 0 1 -1 0 0 0 -1 0 0 2 0 0 0 -1 -1 -2 0 0 1 0 -1 -2 -2 0 1 -1 0 0 0 1 0 -1 0 -1 1 0 -1 0 1 0 -1 0 0 0 0 2 2 2 0 0 0 0 0 0 -2 1 -1 0 -2 0 -1 1 -1 -1 1 0 -2 0 0 0 -1 0 -1 -2 1 0 1 0 0 0 -1 -1 0 -1 2 1 0 -1 0 1 -1 0 0 1 0 2 0 1 1 1 -1 1 1 0 0 -1 0 1 0 0 0 -1 1 1 0 0 0
-1 1 0 -1 0 0 0 0 -1 1 0 1 0 0 0 1 0 -3 1 0 -1 0 0 -2 0 1 0 0 1 0 0 0 1 0 -2 -1 2 0 1 -1 1 0 1 2 0 1 0 0 2 -1 -2 0 0 0 1 0 1 0 1 0 0 1 0 0 0 0 0 0 -1 0 0 0 3 1 0 0 -1 0 0 0 0 1 0 1 0 -1 1 -1 -2 0 1 0 0 0 0 0 0 1 0 -1 -1 0 0 0 0 1 1 0 -1 0 0 0 -1 1 0 0 0 0 1 1 0 0 1 1 1 0 0 3 -1 0 0 0 3 0 0 1 2 19 0 0 0 0 0 0 0 0 1 -1 0 0 0 0 1 0 0 1 -1 -1 0 0 0 0 1 0 0 0 2 0 0 2 0 2 -1 0 -1 0 0 0 -1 0 1 0 0 0 0 -1 -2 1 -1 0 -1 0 -1 0 -1 -1 0 1 1 0 0 0 -1 1 0 0 0 -1 1 0 0 0 0 0 0 0 0 0 1 2 1 0 1 1 0 -1 0 -1 0 2 0 0 -2 1 0 0 1 1 1 0 1 0 0 0 0 -1 1 1 0 0 1 0 -1 -1 0 2 0 1 -1 0 2 1 1 0 -1 0 0 0 1 0 1 0 -2 -1 -1 0 -1 0 0 0 0 1 0 0 -1 1 1 1 1 0 1 1 1 0 -1 1 0 -1 0 0 0 0 0 0 0 -2 1 0 1 1 -1 0 0 0 1 0 2 0 2 0 -1 0 0 -2 0 -1 -1 -1 -1 1 0 0 -1 -1 0 1 1 -1 -1 0 0 0 0 0 0 -1 -1 -1 0 2 1 -1 0 0 0 -1 -1 -1 0 0 0 0 1 1 -2 0 1 0 -1 1 1 0 0 1 1 0 0 -1 0 0 -1 1 0 1 0 0 0 1 2 1 0 0 -1 0 1 0 0 -1 0 -1 1 -2 1 0 0 -1 0 -1 0 0 0 0 1 0 -1 0 -2 -2 0 0 -1 1 0 2 0 0 -2 1 1 0 0 1 1 1 0 -1 0 0 0 0 1 3 0 1 -2 2 -1 1 0 0 -1 0 0 0 0 1 1 0 1 0
0 2 -1 0 0 0 0 0 1 0 0 0 -1 -1 1 0 0 0 0 0 -1 0 -1 -1 1 0 1 0 -3 0 0 -1 1 0 1 1 -1 0 1 1 1 -1 2 0 0 0 0 0 0 0 1 0 0 1 1 1 0 0 -1 2 0 -1 -1 -1 0 -1 -1 1 0 1 0 0 0 1 -1 -1 0 0 0 1 -1 -2 1 -1 -1 0 1 0 -1 1 1 1 0 3 1 0 0 0 0 -1 0 1 0 -1 0 0 0 -2 1 0 0 1 0 0 0 -1 0 2 1 1 0 0 1 0 1 0 1 0 0 -1 0 1 -1 0 0 0 -1 0 14 0 -1 -1 0 -1 1 -1 0 0 0 1 0 0 0 0 -1 0 0 2 1 0 1 0 -1 2 1 -1 0 -1 0 0 -1 0 0 0 2 0 -1 -1 0 1 0 1 -1 0 0 0 -1 2 0 1 0 0 0 0 0 0 0 -1 2 0 0 0 0 0 -1 0 0 0 1 0 -1 0 0 0 0 0 0 0 1 1 1 0 0 0 0 0 0 0 0 0 0 0 0 0 0 -1 1 0 0 0 0 0 -1 0 -2 0 -1 0 0 0 0 1 0 0 0 -1 0 0 1 1 0 0 0 1 0 1 0 0 -1 1 0 0 0 0 0 0 0 0 1 0 0 -1 0 -1 0 0 -1 0 0 0 1 1 -1 0 0 0 0 0 0 0 0 1 0 0 0 0 0 -1 -2 0 0 0 0 0 1 0 0 0 0 0 0 0 1 0 0 0 0 0 -1 0 1 -1 0 0 -1 0 0 -1 0 -1 0 -2 0 0 -1 1 1 -2 0 3 1 0 0 -1 0 0 0 1 0 0 0 -1 -1 0 0 -2 0 1 0 0 0 0 1 0 0 0 -1 -1 1 0 1 0 0 0 -1 -2 0 0 -2 1 1 1 0 0 -1 1 0 2 -1 1 0 1 2 -1 0 1 2 1 1 0 1 -1 0 1 0 1 0 0 -1 1 0 0 1 0 0 1 1 0 0 1 2 1 0 1 0 0 2 0 0 0 1 0 0 0 0 1 0 0 0 1 0 0 0 0 0 -1 1 -1 0 1
-1 -1 0 0 0 0 0 -1 0 1 0 0 0 0 1 0 1 0 0 0 0 0 0 0 0 -1 -1 1 0 1 0 0 0 -2 0 -1 0 -1 0 1 0 0 -1 0 1 1 0 0 0 1 0 0 0 -1 0 1 0 -1 1 0 2 0 0 0 1 0 1 1 1 0 0 0 0 0 0 -1 0 -1 0 -1 1 0 1 0 0 0 0 0 -1 -1 1 -1 0 0 0 1 0 0 0 0 0 0 -1 0 -1 0 0 0 1 2 -1 1 1 -1 -1 1 0 0 -1 0 -1 0 0 1 -1 0 2 -1 0 0 -1 0 1 1 -1 0 1 0 0 14 0 0 0 -1 -2 0 0 0 -1 0 0 1 0 1 1 0 0 0 1 -1 0 1 2 0 0 0 0 1 2 0 0 0 1 0 1 0 1 0 1 0 -1 0 1 0 0 0 0 -1 0 -1 1 0 0 0 0 2 0 0 0 1 0 -2 0 -1 0 1 0 0 0 0 0 -1 0 1 0 1 2 0 0 0 0 0 0 0 1 -1 -1 -1 0 0 3 0 0 0 0 0 0 0 1 0 0 1 0 1 0 1 1 0 1 0 2 1 1 1 0 0 0 0 0 0 0 0 -1 0 1 -1 0 -1 1 1 0 0 0 0 0 -1 0 0 0 -1 1 0 0 0 0 0 0 0 1 0 0 0 0 1 1 0 1 0 0 0 0 0 0 0 0 0 1 1 0 0 0 0 0 0 0 0 0 0 -1 -1 0 0 0 -2 0 0 0 0 1 0 0 0 1 1 0 0 0 1 0 -1 0 1 0 0 0 1 0 -1 0 0 0 1 0 -1 -1 -1 1 1 1 1 -1 -1 0 1 1 -1 0 -1 1 0 0 0 1 0 0 0 0 0 -1 0 0 1 0 0 1 0 0 0 -1 -1 0 3 0 0 0 -1 1 -1 1 0 0 0 0 0 -1 1 0 0 0 1 0 0 0 0 0 0 1 0 0 1 0 0 1 0 1 0 0 0 0 0 -1 1 -1 1 0 0 0 0 -1 0 0 0 0 0 1 0 0 0 -1 0 0 -1 0 0 1 0 0 0 -1 0
0 -1 1 0 0 1 0 0 1 1 -1 0 0 0 0 -1 0 0 2 -1 0 0 1 1 0 0 1 0 0 1 0 -1 -2 0 -1 0 0 0 0 0 0 -1 -1 0 0 -2 0 -1 0 -1 -1 -1 -1 0 1 0 1 0 0 -2 -1 0 -1 0 0 0 -2 -1 0 0 0 1 1 -2 1 1 1 0 0 -1 0 1 0 1 -1 0 0 0 0 -2 -1 0 0 1 1 0 -1 0 1 1 1 -3 0 0 0 2 1 1 0 -2 0 -1 -1 0 0 0 0 1 0 -2 0 1 0 0 0 0 -2 0 -1 0 0 0 1 0 0 0 2 0 -1 0 20 -1 1 -1 -1 -1 0 1 0 -2 0 -1 -1 0 1 1 0 0 1 0 1 0 0 0 1 1 0 0 0 -2 -1 1 0 0 0 1 0 0 1 0 -1 0 1 0 -2 0 0 0 0 0 0 0 0 0 2 0 0 0 0 0 1 2 0 -1 0 0 0 -1 -1 -1 -1 -2 0 1 0 -2 -1 0 0 1 -1 0 0 0 0 -1 0 0 0 0 0 0 3 1 0 0 0 0 1 0 2 2 0 -1 0 1 0 0 2 1 0 -1 0 -2 1 0 0 0 0 -1 0 -1 0 0 0 -1 -1 0 -1 0 0 -1 0 0 0 -1 0 0 1 0 0 0 1 1 0 1 1 1 1 1 0 1 -1 0 0 -1 1 1 1 0 -1 0 1 1 1 0 -1 0 0 0 -2 0 0 0 2 0 0 1 1 1 0 0 0 1 -1 -1 0 1 0 0 0 1 -1 0 0 0 0 -1 2 1 0 1 -1 0 3 1 1 0 0 0 -1 -1 0 1 0 0 0 0 -1 -2 0 0 -1 -1 1 0 1 0 0 -3 0 0 0 -1 0 0 2 1 0 1 0 1 0 -2 1 0 0 0 -2 -2 0 0 0 1 0 0 0 0 -1 -1 0 0 -1 1 -1 0 1 1 0 -1 0 0 1 0 -2 0 0 0 1 0 2 0 0 0 0 -1 0 -1 0 2 0 0 2 1 0 0 -2 1 -2 0 2 -1 -3 1 0 1 2 1 0 1 -1 0 1 1 -1 -1 0 1 -1 0
0 0 1 -1 0 -1 0 -1 0 0 -1 0 0 0 0 1 0 0 0 0 0 1 -1 0 0 0 0 -1 2 1 0 1 1 -1 2 3 0 1 -1 1 0 0 1 0 0 0 0 -1 1 0 0 0 -2 0 0 -1 1 0 1 1 0 -1 -2 0 -2 0 0 0 2 -1 -1 0 1 0 0 0 1 0 0 -1 0 -1 2 0 0 0 0 1 0 1 0 1 0 1 0 -1 0 0 0 1 0 0 -1 0 1 -1 -1 1 -1 0 0 0 1 1 0 4 -2 0 0 1 1 1 0 1 0 0 0 2 1 1 0 1 0 -1 0 0 0 0 -1 0 -1 19 1 0 0 1 0 0 1 2 0 0 1 0 0 0 0 0 0 1 1 0 2 0 -1 -1 0 0 -2 -1 -1 -1 1 0 0 0 0 0 -1 2 -1 2 0 -2 0 1 0 0 0 0 0 0 0 0 0 0 1 1 0 0 0 0 0 -1 0 1 1 0 1 0 0 0 0 0 1 0 0 0 0 0 1 1 0 1 1 0 0 -1 -1 0 0 1 0 0 0 1 0 1 -1 1 1 1 1 1 1 -2 1 0 0 -1 0 -1 0 0 0 0 0 0 0 0 0 0 2 0 1 -1 0 1 0 0 1 2 1 -1 0 0 0 1 0 0 2 -3 0 0 0 1 0 0 0 -1 -1 2 0 1 0 0 1 0 0 0 2 -1 0 0 0 0 1 1 0 1 0 1 0 0 1 0 0 0 1 1 1 0 0 0 -1 2 0 1 0 0 1 2 1 0 0 1 -1 0 0 0 0 0 0 0 0 -1 0 0 -1 1 0 0 0 0 0 1 0 1 0 0 -1 -1 0 0 1 0 0 1 1 0 -1 0 1 0 0 -1 0 1 1 0 0 0 0 1 0 0 1 0 0 0 0 0 -1 0 0 2 0 -1 -1 1 1 2 0 0 2 0 0 0 2 1 1 0 -1 0 -1 1 1 0 1 0 0 0 0 1 1 0 0 0 0 -3 -2 0 0 1 -2 0 0 0 -1 -1 -1 0 1 0 -1 -1 1 0 1 -1 0 0 1 0 0 -1 0 0 0 0
1 -1 1 -3 0 -1 1 0 0 2 0 0 0 0 0 1 -1 0 -1 1 -1 0 0 1 1 0 1 -1 -1 0 0 0 0 0 1 2 2 0 0 0 -1 0 0 -1 0 -1 1 1 0 0 -1 0 -1 -2 0 0 -1 -1 2 0 2 0 1 0 0 0 -2 0 0 3 1 2 -1 2 1 0 -2 -1 0 0 0 1 2 -1 2 2 1 1 0 0 0 2 -1 -2 1 -1 0 -2 -1 1 -1 0 0 2 1 2 1 1 -1 -1 -1 0 0 0 0 1 -3 0 -1 -1 -2 -2 0 1 0 1 0 -1 0 0 -1 0 0 1 0 0 -1 0 0 0 1 1 23 -1 2 0 0 1 0 0 0 0 0 0 1 1 -1 0 0 0 -1 1 0 0 -1 0 1 0 -1 -1 2 0 0 0 0 0 -1 0 -1 1 0 1 -1 1 0 -1 0 0 0 0 1 0 0 1 0 0 -1 1 0 0 0 0 0 0 0 1 -1 1 0 -2 1 0 1 0 2 0 0 0 0 0 1 -1 0 0 0 0 0 0 0 -1 1 0 0 0 1 1 1 -2 0 1 2 0 0 0 0 -1 -1 1 -1 1 -1 -1 0 0 -1 0 1 -1 1 0 -1 0 0 0 0 -2 2 0 1 0 -1 1 0 -2 -1 -2 1 0 1 0 -1 -1 0 -1 0 1 2 0 1 -1 -1 0 0 1 1 0 0 -1 0 1 -2 1 -1 -2 0 0 0 0 1 0 0 1 1 1 2 0 0 0 1 0 1 0 0 0 0 0 0 0 0 1 0 -1 3 0 0 1 1 0 1 0 0 0 -2 1 1 0 0 1 1 0 0 -2 1 0 1 3 0 -1 -1 -1 1 -1 1 1 1 1 1 0 0 -1 0 0 0 -1 0 -1 0 0 0 0 0 0 0 1 1 -1 1 0 -1 -1 -1 0 0 -1 1 0 -1 0 0 0 2 1 -2 -1 -1 0 -1 0 1 1 0 2 1 0 -2 1 -1 1 -1 0 -1 1 1 -1 -1 0 0 -1 -1 1 0 -1 1 -1 0 0 -1 0 -1 0 1 -1 1 0 2 0 1 1 -1 1 1 0 -1 0 1 1 0 0 0 0
0 1 1 1 0 0 0 1 0 2 0 -2 1 0 0 1 0 -1 0 -1 0 0 0 0 1 0 0 1 0 0 0 0 0 -1 0 1 -1 3 0 0 0 1 0 0 0 1 1 0 0 0 0 0 0 0 0 0 -1 0 0 0 -1 -1 0 2 0 0 1 0 2 -1 0 -2 0 0 -1 -1 0 0 0 0 1 0 0 1 0 1 0 0 1 -1 1 0 0 1 0 0 0 0 0 0 0 1 0 1 1 -1 1 0 1 0 0 1 0 -1 0 1 2 1 1 0 2 0 1 0 1 1 -1 0 1 0 1 1 -2 0 0 0 -1 0 -1 -1 -1 0 -1 17 0 0 0 0 0 0 0 0 1 -2 0 0 0 1 0 0 0 0 0 0 1 1 2 0 1 0 0 0 2 0 0 0 0 2 2 -2 4 0 -1 1 1 -1 0 -1 1 0 1 -1 1 0 -1 0 0 1 1 -1 0 1 1 -2 -1 -1 0 0 0 0 0 1 -1 0 0 1 1 0 -1 1 1 0 -1 -1 0 0 0 1 0 0 -1 2 2 0 0 1 0 0 0 0 -1 0 0 0 0 1 1 0 1 0 0 -1 0 -1 0 0 1 0 1 -1 0 0 0 0 0 0 0 0 0 1 0 0 0 0 0 0 1 0 -1 2 1 -1 1 3 1 1 0 1 0 -1 0 0 0 0 1 1 -2 1 0 0 1 0 0 1 1 0 0 -1 -1 1 0 0 1 -1 -1 1 -1 0 1 1 0 -1 0 1 1 0 0 0 0 0 0 0 0 1 1 0 -1 -2 -1 0 1 0 1 0 0 0 0 -1 0 0 0 1 0 0 2 0 0 0 0 0 0 0 -1 0 1 0 -1 0 1 0 0 1 2 1 1 0 0 0 0 0 0 0 0 -1 1 1 0 0 0 0 0 0 -1 0 1 0 0 0 0 0 0 0 0 0 -1 0 0 0 0 -1 1 0 1 0 1 0 0 0 1 0 -1 0 1 1 -1 0 2 1 1 0 0 0 0 1 2 0 0 0 0 0 -1 -1 0 0 -1 1 0 0 0 0 2 0 0 -1 -2 0 -1 0 0 0
1 0 0 0 0 0 0 1 -1 0 0 0 -1 -1 1 1 1 -1 0 1 -1 -1 0 -1 2 -1 0 0 0 1 0 0 1 0 1 -1 0 0 1 1 0 0 0 -1 -1 -1 0 4 1 1 0 0 0 0 1 0 -2 -1 0 1 -2 0 1 0 -1 -1 0 1 0 0 -1 0 -3 0 0 -1 0 0 0 1 -1 0 0 -1 0 0 0 1 1 0 0 0 0 0 0 1 0 0 1 -1 0 2 1 1 1 0 0 1 1 -2 1 0 -1 1 1 1 -1 0 0 0 0 -2 0 0 1 0 3 0 1 0 1 1 -2 0 2 0 -1 0 1 -2 -1 0 2 0 20 0 1 0 1 1 0 1 -1 0 0 0 0 0 -1 0 1 -2 1 0 1 0 -1 -1 0 0 3 -1 0 0 -1 0 -1 1 0 1 0 1 -1 0 0 0 1 -1 -1 -1 0 0 0 0 1 0 1 0 0 0 -1 -1 1 0 0 0 0 1 1 0 1 1 -1 0 0 2 -2 0 0 1 -1 0 0 0 -3 0 0 1 0 0 -1 1 0 0 2 0 1 0 0 -2 1 -1 0 -1 0 0 2 0 0 0 -1 0 0 0 0 0 0 -2 0 0 0 0 2 0 -1 0 0 -1 -1 0 0 1 0 1 1 1 0 1 -1 0 0 0 0 -2 -1 -1 0 0 0 0 0 0 0 -1 0 0 1 0 0 -1 -1 0 0 0 1 0 2 1 0 0 0 0 0 0 -1 0 0 -1 0 1 0 0 0 0 0 0 1 -2 0 0 0 -1 1 0 0 -1 -1 0 0 0 1 0 0 -1 -1 1 0 0 1 0 0 -1 0 -1 1 0 -1 1 -1 0 0 0 1 0 -1 2 0 1 0 1 0 0 0 0 1 -1 0 0 0 1 -1 0 2 0 1 0 1 1 -1 -1 1 1 0 2 0 0 -1 0 0 0 1 1 0 -1 -1 0 -1 -1 0 0 0 -1 0 -1 0 1 -1 0 1 0 0 0 1 -1 0 0 1 0 -1 0 -1 -1 -1 0 -1 0 0 0 0 0 2 1 0 0 1 -2 0 -1 -1 0 1 -1 0 0 0 0 0 0 0 1
1 1 0 -1 1 1 2 -1 -2 -1 0 1 -1 0 -1 2 0 -1 0 0 0 -2 1 -1 0 -1 0 -2 0 0 0 -2 0 -1 0 0 0 0 0 -2 0 0 -1 1 0 0 0 0 0 1 0 -1 0 -2 0 -1 1 2 1 1 0 2 0 0 0 0 0 -1 -1 0 0 0 0 -1 1 0 -2 0 0 -2 0 0 -1 0 -1 1 0 -1 0 0 0 0 -1 1 0 0 -2 -1 1 -1 0 -1 0 1 0 0 -1 0 -3 2 -1 0 0 0 0 0 -1 1 -3 0 0 1 0 0 0 0 2 0 0 -1 1 0 0 0 1 0 0 0 -1 0 -1 1 0 0 0 22 -1 -1 1 0 0 0 0 0 0 -1 -1 0 0 -1 -1 2 0 0 1 1 0 0 -1 0 0 0 1 0 1 -1 0 1 2 0 0 0 0 1 0 0 0 1 1 2 0 0 0 -1 1 0 0 1 1 -1 -1 1 0 0 1 0 1 0 -1 0 0 -1 0 0 0 0 1 0 0 1 1 0 -1 1 -1 1 1 -1 -2 -1 1 1 0 0 1 0 -1 2 0 -1 0 -1 -1 1 -1 0 1 0 0 -1 0 1 -1 1 0 0 0 0 2 0 0 0 0 1 2 0 0 1 0 0 0 -1 0 0 1 1 1 0 0 -1 0 1 0 0 0 0 -1 1 -3 1 -1 1 0 2 -1 0 0 -1 0 -1 1 0 0 0 1 0 0 1 1 0 0 -2 0 0 0 -3 -1 0 1 2 0 0 0 1 1 0 0 1 0 -1 -2 -2 -1 1 1 1 1 -1 1 0 -2 0 0 0 0 1 0 1 0 0 0 0 0 1 0 0 -1 -2 -1 -1 -2 -3 0 0 2 2 0 2 -1 -1 -1 0 1 0 1 -2 1 -2 -1 0 0 0 0 -1 0 0 1 -1 0 0 0 -1 1 0 1 0 0 -1 0 1 1 -1 1 1 1 1 0 -1 -3 1 1 0 -2 1 1 1 0 0 0 -2 1 -1 0 0 1 0 0 0 0 0 -2 0 1 0 0 1 1 0 0 1 -1 1 1 0 2 0 -1 -1 0 0 0 0 -1 1 0 -2 -1 0 0 0
0 1 0 0 0 0 0 -1 1 0 0 0 -1 0 0 -1 0 0 0 0 0 1 1 0 0 0 -1 0 0 1 0 2 0 0 0 0 -2 0 0 0 0 0 0 0 0 0 1 -1 1 0 0 0 0 1 2 0 -1 1 0 0 0 0 1 0 0 0 0 0 0 0 0 -1 0 0 -1 0 0 0 0 1 0 0 0 -1 0 0 0 -1 0 0 0 0 0 0 0 0 0 0 1 -1 2 1 0 0 0 0 0 0 0 0 0 -1 0 0 0 0 0 -2 0 1 -1 -1 0 0 0 1 1 0 0 0 1 0 0 1 0 0 1 1 0 0 0 0 0 0 1 -1 14 0 0 0 0 -1 2 -1 -1 0 0 -1 0 0 0 0 0 -1 0 0 1 1 0 2 0 0 0 -1 -2 0 -2 0 -1 -1 0 1 -1 0 0 0 0 0 0 1 1 1 -1 0 1 1 2 -1 -1 -1 0 1 0 0 0 0 0 2 0 1 0 0 0 -1 0 1 0 0 1 0 1 0 0 0 0 0 1 0 1 0 -1 -2 0 0 0 0 0 -1 0 0 1 -1 0 0 0 0 0 0 0 0 0 0 0 1 0 0 1 1 0 1 0 0 1 0 0 0 0 0 0 0 1 -2 0 0 0 -1 -1 0 0 2 0 0 0 1 -1 -1 0 -1 1 -1 0 -1 -1 0 0 0 0 0 0 0 0 1 0 -1 -2 0 1 -1 0 3 0 0 0 0 -1 0 1 0 1 1 0 0 -1 -1 0 0 2 -1 0 0 0 -1 0 2 0 1 0 -1 0 0 1 0 -1 0 -2 0 0 0 0 1 0 0 0 0 0 1 0 0 1 1 0 2 0 0 -1 0 1 0 -1 0 0 -1 2 0 1 0 0 -1 1 1 1 1 0 0 0 1 0 -1 0 -1 -1 1 0 1 0 -1 1 1 1 -1 0 0 0 -1 -1 0 0 0 0 0 0 0 1 0 -2 0 -1 0 0 0 0 0 -1 0 0 0 3 1 0 1 -2 0 0 0 0 0 1 0 1 0 0 0 0 0 0 1 1 0 0 0 1 0 0 -1 0 0 0 0 0 0
1 0 1 -1 1 -1 -1 -2 3 0 0 0 0 0 1 -1 0 1 0 1 0 0 0 1 0 0 0 0 1 0 0 0 0 0 0 1 0 -1 -1 0 0 2 0 -1 -1 0 0 0 0 -1 0 0 0 0 2 -1 0 0 1 0 0 0 1 0 0 1 1 0 0 -1 -1 0 0 1 -1 0 0 0 0 0 2 0 3 1 1 -1 0 1 0 0 0 -1 -1 1 1 0 0 0 -2 2 2 0 0 0 -1 0 0 0 0 -1 1 0 -1 0 0 0 -1 -1 0 0 0 1 0 -1 0 0 0 0 0 0 0 0 0 0 2 -1 0 -1 0 0 1 0 1 0 0 -1 0 22 0 0 0 0 0 1 1 0 4 -1 0 0 0 0 2 0 1 0 0 -2 0 0 0 -1 1 -1 2 0 0 1 1 0 1 0 0 0 0 -1 1 0 0 1 1 0 1 2 1 -1 0 -1 1 1 0 -1 0 0 1 0 -1 0 0 0 -1 -2 2 1 -1 0 1 -1 1 0 -2 0 -1 0 1 3 1 -1 -2 0 0 0 0 0 0 0 0 0 0 0 0 0 0 0 0 2 0 0 -2 0 0 1 0 1 0 1 -1 0 -1 0 0 -1 0 0 0 0 0 0 0 0 0 -1 -1 0 0 -1 -1 0 0 1 0 0 1 -1 -1 0 -1 1 1 1 -1 0 1 0 1 0 2 1 -2 1 0 1 2 -1 1 0 0 1 0 1 0 0 0 0 1 0 1 0 -2 -1 0 0 0 -1 0 0 0 -1 0 -3 0 -1 0 0 0 -1 0 0 -2 0 1 0 -1 0 0 1 0 0 0 0 -1 -1 0 1 0 1 0 0 0 3 0 0 0 0 1 -1 0 1 -2 -1 0 1 0 0 0 2 0 0 0 0 1 0 0 1 0 0 0 0 2 -1 0 2 -1 -1 0 1 0 0 1 0 1 0 -1 0 0 0 -2 0 0 -1 1 0 0 -2 0 1 0 0 0 -1 0 0 -1 0 -1 0 -2 0 -1 -1 0 0 -1 -1 1 0 0 -1 0 1 0 0 0 0 1 1 1 -1 1 1 0 0 0 0 0 -1 0 0 -1 0
1 1 0 0 0 0 0 1 0 1 0 0 0 0 1 0 -1 1 0 0 0 0 0 -1 -1 1 -1 -1 0 0 0 0 3 0 1 0 1 1 0 -1 -1 -1 0 0 1 0 1 0 1 0 0 -1 0 1 0 2 0 1 0 1 1 -1 2 1 1 -1 1 0 0 1 2 0 0 0 1 2 0 2 0 -1 0 1 0 -1 1 2 0 0 0 0 1 2 0 0 0 0 -1 0 0 1 0 0 0 0 1 1 0 0 0 -2 0 0 0 0 0 -1 0 0 2 0 1 1 -1 0 2 0 0 0 2 0 1 2 0 0 -1 0 -2 0 0 -1 0 1 0 0 1 1 0 0 18 0 0 -1 0 0 0 0 0 -2 0 0 1 1 -1 0 0 3 2 2 -1 2 0 0 1 0 0 2 -1 0 1 1 1 1 0 0 0 0 0 0 0 -1 0 0 1 0 1 0 1 3 0 -1 0 0 0 2 2 0 0 0 0 0 0 0 1 0 -1 0 -1 1 1 1 0 0 0 1 2 -1 1 0 1 0 1 1 0 0 1 0 0 0 0 2 1 0 -1 1 0 0 1 0 0 0 -1 0 0 0 -1 0 0 1 0 0 0 -1 0 0 0 1 0 -1 3 0 0 0 0 0 1 -2 0 0 1 -1 1 0 0 0 0 0 0 -2 -2 0 -1 1 0 1 0 0 1 1 0 0 0 0 0 -1 1 0 1 0 2 0 0 2 1 0 0 -1 0 0 1 0 0 -1 1 2 1 0 1 0 0 0 0 0 -1 2 1 0 -1 2 0 2 0 -1 0 0 0 0 -1 1 0 1 2 2 0 2 0 2 -1 1 -1 0 0 1 0 0 -1 0 1 1 1 -1 0 -1 -1 -1 0 0 0 0 0 1 0 0 1 0 0 0 0 -1 1 0 0 0 -1 0 0 0 0 0 -1 1 1 0 0 -1 1 0 2 -1 -1 2 -1 0 -2 1 0 2 0 0 0 0 0 1 -1 -1 -1 0 0 -1 0 -1 -1 0 0 0 0 -1 1 1 -2 1 0 1 0 0 -1 -1 1 1 3 1 1 1 1 0 0 0 1 0 0 0
0 0 0 -2 0 0 0 2 0 0 0 0 0 0 0 1 0 0 0 0 0 1 -1 -1 0 -1 0 0 0 1 0 0 0 0 0 -2 0 0 0 1 0 -1 0 -1 0 1 0 0 0 1 0 0 -1 0 1 1 0 0 0 -1 0 0 1 0 -1 0 2 0 1 1 0 -1 0 0 -1 -2 0 1 -1 0 -1 1 0 1 0 1 0 1 0 0 0 1 0 0 0 1 0 0 0 -1 0 1 -1 1 3 0 0 1 1 1 0 0 1 0 0 0 0 0 0 -1 0 -2 0 0 -1 0 2 1 1 0 0 1 0 1 0 1 0 0 1 0 -2 2 0 0 1 0 0 0 0 16 -1 1 1 0 0 0 0 0 0 -1 0 -2 1 3 1 0 1 0 0 1 1 0 0 0 0 0 0 0 1 1 -1 0 0 0 0 0 0 2 -1 0 -1 0 0 0 -1 0 0 1 0 0 0 0 1 0 0 0 0 -1 0 0 -1 1 1 1 1 0 0 -1 2 1 1 0 1 0 0 0 0 0 0 0 0 0 -1 0 1 0 0 0 0 0 -1 1 0 0 1 -3 -1 0 1 0 1 -1 0 1 0 0 -1 1 2 1 1 1 0 1 0 0 0 1 0 0 0 1 0 0 0 1 0 1 1 0 0 1 2 0 1 1 0 0 0 0 1 -1 0 -2 -1 0 0 0 0 -1 -1 0 -1 0 0 0 -1 -2 1 -1 -1 0 0 0 0 1 0 1 0 1 1 0 0 1 -1 1 0 0 0 0 -3 1 1 0 0 1 0 -1 -2 0 0 0 0 0 -1 -1 0 -1 0 0 1 1 -1 0 2 0 -1 0 1 0 0 -1 -1 0 0 -1 -1 1 0 0 -1 0 0 -1 0 0 1 1 1 0 0 -1 0 1 0 -1 1 0 0 2 -1 0 0 -1 0 1 0 0 -2 0 0 1 1 0 1 0 -1 2 0 -1 1 -1 0 -1 0 0 0 0 2 1 0 -1 2 0 1 0 1 0 1 0 0 0 -2 0 -1 0 0 0 1 0 0 1 0 0 0 -1 0 0 0 0 1 0 0 -1 1 0 1 0 0 0
0 -1 -1 -1 0 0 0 0 -1 0 0 0 0 1 1 -1 0 1 0 0 0 0 0 0 0 -2 0 0 0 0 0 0 -1 -1 0 0 1 0 -1 0 1 0 0 0 -1 0 1 1 1 1 0 1 0 0 0 0 1 0 -1 1 0 0 1 -1 0 -1 0 1 0 0 -1 0 0 0 1 0 0 0 0 -1 1 0 1 1 0 0 0 -1 0 0 2 0 0 0 2 0 0 0 0 0 0 -1 0 1 1 0 0 0 0 0 0 0 0 -1 1 -1 0 0 0 0 0 0 1 0 0 0 0 0 0 0 0 -1 1 0 0 1 0 0 0 0 0 0 0 0 0 0 0 0 0 -1 9 0 1 1 -1 0 2 0 0 0 0 1 -1 -1 -1 0 0 0 -1 -1 0 -1 -1 0 0 0 -1 0 0 0 0 0 0 0 0 0 0 0 0 0 0 0 1 0 1 -1 0 -1 0 0 0 0 0 0 0 1 0 0 -1 1 0 0 0 0 0 0 2 1 0 1 1 0 0 1 0 1 0 1 1 0 1 2 -2 0 0 0 0 0 0 0 0 0 0 0 1 0 0 0 0 1 -1 1 0 1 1 0 1 0 -1 -1 1 0 1 -1 1 0 0 0 0 0 0 0 0 0 0 0 0 -1 0 0 1 0 0 1 0 0 0 0 0 1 0 0 1 0 3 0 0 -1 0 -1 1 -1 0 0 0 1 0 -1 1 0 1 0 0 0 -1 0 -1 -1 0 0 0 0 1 0 0 0 -1 0 0 0 1 2 0 0 0 -1 0 1 0 0 0 0 1 2 -1 0 1 0 1 -1 0 0 -1 0 0 -1 0 0 -1 0 0 0 -1 -1 0 0 0 0 0 0 1 1 0 -1 0 0 0 0 0 1 1 -1 0 0 0 0 0 0 0 -1 0 0 -1 0 0 -2 0 0 0 1 1 0 1 0 0 0 0 1 1 0 0 0 0 0 -1 0 0 0 -1 0 1 0 0 0 0 0 1 0 0 0 0 0 0 0 0 0 -1 0 0 0 0 0 0 0 0 -1 0 0 0 0 0 0 0 0 -2 0 0 0 0 -1
0 0 -1 0 0 0 2 0 -2 1 0 0 0 0 1 0 0 -1 0 0 0 0 0 1 0 0 -2 0 -1 0 0 -1 -3 0 0 1 -1 0 0 0 0 1 -1 1 0 1 0 0 -1 0 0 -1 1 1 1 1 0 -2 0 -1 0 -1 0 0 -1 0 0 1 0 0 0 1 2 1 1 0 0 1 -1 0 0 0 0 2 0 0 1 0 0 1 0 0 0 0 2 0 0 0 -1 0 0 0 1 0 0 1 0 1 0 0 0 1 -1 0 0 0 0 0 0 0 0 0 0 0 0 0 0 0 0 0 0 -1 0 2 -1 -2 -1 0 0 1 -1 0 0 0 1 0 -1 0 -1 1 0 14 0 0 1 0 1 0 -1 -2 0 -2 1 -2 0 0 -1 -1 1 -1 0 0 1 1 -1 0 0 1 0 0 -1 -1 0 0 0 0 -1 0 2 1 0 -1 -1 0 -1 0 0 0 0 0 0 -2 0 -1 0 1 1 1 1 1 0 0 1 2 0 -1 0 0 1 0 0 -1 0 0 0 0 0 1 0 -2 1 0 0 0 0 0 0 0 0 -1 -1 0 0 0 0 0 1 -1 1 1 1 2 0 0 1 1 1 1 1 1 -1 0 0 -1 0 0 -1 0 -1 0 0 0 0 0 1 2 0 1 -1 0 0 0 0 1 0 1 -1 1 1 1 1 0 0 -1 -1 -1 0 0 0 0 0 -1 0 0 1 1 0 0 0 -1 0 0 0 1 0 0 0 0 0 0 -1 0 0 0 0 0 0 0 1 0 -1 -2 0 0 0 -3 -1 0 -1 0 0 1 1 0 -1 0 1 0 -1 -1 0 -1 0 -1 0 0 2 1 0 0 1 -1 0 0 0 0 -1 0 0 0 -1 0 -1 0 -1 0 -3 -1 1 0 0 0 2 0 0 -2 0 0 0 1 -2 -1 0 -1 0 -1 0 0 0 -1 0 1 0 0 -1 0 -2 0 0 0 1 0 0 1 0 0 0 0 1 0 0 0 1 0 0 2 -2 0 0 0 0 0 0 -1 -1 0 2 -1 0 -1 -1 0 0 -1 -1 1 3 0 0 0 0 1 0 0 0 -1 0 -1 0 0
0 0 0 0 0 1 1 1 0 -1 0 0 -1 0 0 1 1 0 0 0 0 1 -1 0 0 0 0 0 0 0 0 1 0 2 1 1 0 0 0 0 2 1 0 -1 1 0 2 1 0 0 0 0 -1 0 1 0 0 0 0 0 1 0 -1 0 0 2 1 0 -1 1 0 0 1 -1 0 0 0 -1 0 1 0 -1 -1 1 0 2 0 0 1 1 1 0 0 0 1 -1 2 0 0 -1 -1 1 1 0 0 1 0 0 1 0 0 -3 0 0 0 2 1 1 0 0 -1 1 0 0 1 0 -3 1 0 -1 -2 -1 2 0 0 0 1 1 0 0 -1 1 0 1 -1 0 2 0 0 1 1 0 25 1 0 0 0 -2 -1 -1 1 0 -1 0 0 1 0 0 0 2 -1 0 0 -1 0 0 -2 -1 2 1 1 0 2 0 0 3 -1 0 0 0 0 0 1 0 1 0 1 1 0 0 0 1 1 0 0 0 1 0 0 1 2 1 -1 0 0 2 2 -1 0 0 0 0 0 0 2 0 0 0 -1 1 0 2 0 2 2 0 0 0 1 0 -1 0 0 -1 2 -1 0 0 2 1 0 1 0 -2 1 0 1 0 1 -1 1 0 1 0 0 0 0 0 -1 -1 0 -1 -1 -2 0 2 -2 -2 1 -1 1 0 1 1 0 2 0 1 0 -1 1 0 2 0 1 3 0 1 1 1 1 0 0 -2 -1 -1 -2 -2 -2 1 0 0 -1 0 -1 0 0 1 0 -1 0 0 -1 1 0 1 1 0 1 1 -1 0 0 2 0 0 0 3 -1 2 1 0 -1 1 -2 1 0 -2 1 0 0 0 -2 1 0 2 1 0 1 -1 0 0 -1 1 -2 1 1 0 1 1 0 2 -1 -2 0 0 0 0 0 0 1 1 -1 1 0 0 1 0 0 2 -1 0 0 0 -1 0 0 0 0 -1 0 0 0 3 -1 2 0 -3 0 0 -1 -1 1 0 0 1 0 0 -1 0 1 0 0 1 -1 1 -1 1 0 1 -1 0 0 2 1 0 0 0 3 0 0 1 0 0 -2 3 0 0 0 1 0 -1 1 -1 0 0 0 0 0 -1
0 -2 -2 0 1 0 0 0 0 -1 1 1 0 -2 1 0 2 0 1 0 0 0 0 0 0 0 1 -1 2 -1 1 0 0 0 2 0 1 -1 0 1 0 0 0 1 0 2 0 0 -1 0 1 0 0 -1 0 1 -1 1 0 1 -1 -1 3 -2 1 0 0 0 0 0 -1 1 1 1 0 1 3 1 0 -1 0 -1 0 1 0 -1 0 -1 0 0 1 0 0 -1 1 0 1 0 0 0 1 -1 0 0 0 -1 1 -1 0 -1 1 0 -1 0 1 -1 0 0 -1 2 -1 0 -1 0 0 0 0 0 0 0 -1 0 2 0 -1 0 1 0 0 1 0 0 0 -2 0 0 -1 1 0 0 1 0 1 22 0 -1 1 0 -1 2 1 1 0 0 0 0 0 0 0 0 0 0 0 0 1 -1 1 0 0 0 2 0 0 0 0 0 1 0 0 -2 0 0 0 0 2 -1 1 3 0 1 0 -1 0 0 -1 1 1 0 1 2 0 3 -1 0 0 -2 2 0 1 -1 0 0 0 1 1 2 0 -1 0 -2 0 1 1 0 1 0 0 -2 -2 0 0 0 -1 1 1 3 0 0 0 1 -1 0 0 1 2 0 -1 0 -1 0 0 0 3 0 -1 0 0 1 -1 -2 0 0 1 1 2 0 -1 -1 0 -1 0 0 -1 0 0 -1 0 0 0 1 -1 0 -1 1 -1 0 1 -2 0 1 -2 1 2 -1 1 0 0 1 0 1 -1 0 -1 -1 1 2 1 -1 0 1 0 1 1 0 0 0 0 1 1 0 0 0 -1 0 0 0 0 0 1 -1 0 1 0 1 -1 1 0 1 1 0 0 -1 1 0 -1 0 -1 0 1 0 0 -1 0 -1 1 1 0 2 0 1 1 1 -1 0 2 0 2 0 -1 0 0 -1 0 0 -1 0 1 2 -1 -1 0 0 0 -1 0 -1 0 0 0 -1 -1 1 1 1 -1 0 -1 0 0 3 0 -1 -1 -2 0 0 0 0 1 0 1 0 0 -1 0 0 3 1 0 0 2 2 0 0 0 -1 0 0 0 1 1 0 -1 0 0 0 0 0 1 -1 -1 1 0 0 1 0 0 1 -1 -1
0 0 1 1 0 0 0 -1 0 1 0 -1 1 0 1 0 1 -1 0 1 0 1 1 0 1 0 0 0 -1 0 0 0 0 -2 0 0 0 -1 0 -1 -1 0 0 1 2 1 0 0 0 0 0 0 0 0 0 -1 1 0 1 0 0 0 1 -1 0 2 1 0 0 1 1 -1 1 0 1 0 0 0 0 0 0 0 -1 1 -1 1 -1 1 0 -2 0 -1 0 1 1 1 0 -1 -1 0 0 1 0 1 0 1 0 0 1 -2 0 0 0 0 0 0 1 1 0 0 0 0 -1 0 -1 1 1 0 0 -1 0 -1 0 -1 0 0 0 0 -1 1 1 0 1 0 0 0 -1 1 0 0 -1 1 0 0 17 -1 0 0 0 0 0 1 0 0 1 0 -2 0 1 -2 0 0 1 0 0 0 1 0 -1 -1 0 0 0 1 0 0 0 -2 0 0 1 -1 0 1 0 0 1 1 0 1 1 -1 -1 1 0 1 1 -1 0 -1 0 -1 1 0 0 2 0 0 1 0 0 -1 0 0 -1 0 2 1 0 0 1 0 1 0 0 0 0 1 1 0 3 0 -1 0 0 1 -1 -1 -2 0 0 0 1 0 -1 0 1 0 0 0 0 -2 -1 0 0 0 0 0 0 0 1 0 0 0 0 0 -1 0 -2 -1 1 1 0 0 -1 0 1 1 -1 0 0 -1 0 0 0 -1 1 -1 0 1 0 0 0 0 0 1 0 -1 0 0 1 0 0 0 0 1 1 0 0 -1 0 0 0 0 0 0 0 1 0 1 2 0 -1 0 1 -1 0 0 0 1 0 1 0 0 1 1 1 0 0 -1 -1 1 1 0 -1 0 0 1 0 -1 0 0 1 0 1 0 0 0 0 -1 0 0 2 0 0 1 0 0 0 0 -1 2 -1 -1 0 1 1 0 -1 0 2 2 0 1 2 1 0 -1 1 0 0 1 0 0 -1 2 -1 -1 0 0 1 -1 0 -1 0 0 -1 0 1 -1 0 0 1 -1 2 -3 1 1 1 0 1 0 0 0 -1 0 1 0 0 0 0 0 0 0 0 1 2 1 0 1 0 1 0 2 -1 -2 0 0 0 0
0 0 1 0 0 0 0 0 -1 -1 0 0 0 1 0 -2 1 -1 1 -1 0 1 0 0 0 0 -1 2 0 0 1 1 -1 0 0 -1 0 0 0 -1 0 0 0 1 0 -2 -1 0 0 0 -1 0 0 0 0 0 3 -1 0 0 1 -2 0 1 3 1 -1 -1 -1 -1 0 -1 2 -1 0 0 0 0 0 0 -1 1 1 -2 1 2 1 1 0 2 0 0 1 0 0 -1 1 0 1 0 1 0 0 -1 1 2 0 -1 1 -1 -1 0 0 1 1 1 -1 0 1 0 1 0 0 0 1 -1 -1 1 1 0 1 0 0 0 2 0 -1 1 0 0 1 0 1 0 0 -1 0 0 0 0 0 0 0 -1 -1 18 1 0 0 0 2 0 0 0 -1 1 0 1 0 1 0 0 0 0 1 -1 0 0 0 2 0 1 -1 -2 2 0 0 -1 -1 1 0 0 -1 0 1 1 2 0 2 0 -1 2 0 1 0 0 1 0 -1 1 -1 0 0 -1 1 -1 1 0 0 -1 0 0 0 0 1 -1 0 1 0 0 0 0 1 0 1 0 0 0 -1 -1 -1 2 0 0 0 0 2 0 -1 -1 0 2 0 0 0 0 0 0 0 0 0 2 0 0 1 1 2 0 2 1 0 0 1 0 -1 0 1 -1 0 0 0 0 1 1 0 0 0 0 1 0 0 1 1 1 1 -1 1 1 0 0 -3 2 0 1 0 0 0 0 0 0 2 4 0 1 0 0 0 0 0 0 0 -1 0 0 0 0 0 -1 0 0 1 1 1 1 0 1 -1 0 -1 1 0 1 0 1 2 0 0 2 0 0 -1 0 0 0 -1 0 1 1 0 -1 0 1 0 0 0 0 0 0 0 -1 0 0 0 0 0 -1 0 0 1 1 0 -2 0 -1 -1 -1 0 0 0 0 0 0 -1 0 0 -1 1 0 0 -1 0 -1 2 0 0 0 0 2 0 0 -1 0 0 0 -1 0 0 0 1 -2 0 0 0 -2 0 1 0 -2 1 0 -1 -1 -1 1 1 1 -1 0 -1 0 1 1 -2 1 1 0 1 0 1 0 -1 -1 0 0 1 0 0 0 0 0
-1 -1 -1 0 0 -1 0 1 0 2 0 0 -1 -2 2 -1 1 -1 0 1 0 1 -1 -1 0 -1 0 0 0 0 0 0 -2 -1 1 0 1 -1 1 0 0 -1 0 -1 1 0 1 -1 -2 0 0 2 0 2 0 0 -1 0 -1 0 -1 0 0 -2 0 0 0 2 0 -1 0 -1 1 0 1 0 -1 0 -1 1 0 -2 1 -1 0 0 0 0 0 0 0 1 0 0 0 0 3 0 -2 -2 0 0 0 2 -1 -1 2 0 1 0 1 0 -1 0 0 2 0 -1 -1 -2 0 0 0 0 1 0 1 -1 -1 0 0 -1 0 0 0 -1 -1 -1 0 0 0 0 -1 0 0 -1 0 4 0 0 2 1 0 1 0 1 23 0 -1 1 0 0 -1 0 -4 2 0 0 1 0 -1 -3 1 0 1 1 0 0 0 -1 0 2 -2 0 0 1 0 0 1 -1 0 -2 0 3 -1 -2 1 1 0 1 0 0 0 1 -1 0 1 -1 0 1 1 2 1 0 1 0 -1 0 0 0 -1 -1 0 0 1 0 0 -1 0 2 0 0 0 0 0 -2 0 1 0 1 -1 -1 -1 0 0 1 2 -1 -1 1 -1 -1 0 1 0 0 1 1 0 -1 -1 0 2 -1 0 1 0 0 -1 0 0 -1 1 0 0 -1 0 0 -1 0 1 1 2 1 0 -1 1 0 1 0 -1 -1 1 0 2 0 0 1 -2 1 -1 -2 1 -1 0 1 0 -1 -2 -1 0 1 0 -1 1 3 0 0 1 0 -2 0 1 1 0 1 -1 0 -1 -2 0 0 0 0 0 1 -1 0 -3 0 0 0 0 1 -1 0 0 0 -1 1 0 1 -1 0 -1 -1 0 0 1 0 -1 0 -1 0 -1 -3 1 0 -2 -1 0 0 0 -1 1 1 0 -1 0 0 1 2 0 -1 1 0 -1 0 0 -1 -1 1 0 0 0 -2 1 0 1 -2 0 -1 0 1 0 -1 0 -1 1 -3 -1 -1 -1 1 2 1 0 -1 -1 1 -1 0 -3 -1 0 1 -1 1 0 0 0 0 -1 -1 0 0 1 0 0 -1 2 0 0 -1 -1 1 2 1 1 -1 1 2 0 0 0 -2 1 0 -1 0
1 0 -1 0 0 0 0 0 -1 2 1 1 0 0 -1 1 0 0 1 0 1 0 0 0 0 0 0 -1 0 0 0 -1 -1 1 0 0 1 0 0 -1 1 0 1 -2 2 0 0 -1 0 0 0 0 -1 2 0 1 -1 0 0 1 0 0 1 1 0 0 -1 0 0 -1 0 -1 0 1 0 0 0 -1 -1 2 0 0 2 0 1 3 0 0 -1 0 0 1 0 0 1 1 0 0 0 0 0 1 -1 -1 0 0 -1 -1 -1 0 0 0 0 0 0 3 0 1 0 1 2 0 1 -1 0 0 0 0 0 1 0 0 0 0 1 1 -1 -1 2 0 0 0 0 1 0 0 -1 -1 -2 0 0 0 -2 0 0 0 0 18 0 0 0 -1 0 0 1 2 1 -1 0 2 -1 0 0 1 0 1 1 -1 0 -1 -1 0 0 0 1 -1 0 0 0 -1 0 0 1 1 -1 0 -1 0 2 0 -1 -1 0 1 0 0 2 -1 1 -1 -1 -1 1 1 0 2 0 -1 0 0 1 0 1 -1 2 0 1 0 1 0 0 1 0 1 0 2 0 0 0 1 1 1 -1 1 0 0 -1 0 0 1 1 -1 -1 0 0 0 0 -1 0 -1 -2 0 0 1 1 1 0 0 -1 0 0 1 1 0 0 -1 0 1 -1 0 0 -1 0 1 1 1 -1 2 0 0 1 1 1 0 0 -1 -1 -2 1 0 0 0 1 1 1 1 -1 0 0 0 0 1 0 -1 1 1 0 1 0 0 2 0 0 -1 0 1 -3 0 0 1 0 1 0 1 0 0 0 -1 1 -1 1 -1 1 -1 2 1 1 -1 -1 0 -1 0 0 -1 -1 -2 -1 1 0 0 0 -1 0 1 1 1 -1 1 0 0 0 1 0 1 1 0 -1 1 1 -1 0 0 0 0 1 0 1 0 0 0 0 0 1 0 0 0 0 0 1 0 1 0 2 2 -1 -1 0 1 0 0 1 -1 0 0 0 0 0 1 0 1 0 1 1 0 1 0 0 1 1 0 0 0 -1 0 0 0 1 0 0 0 0 0 0 -1 1 0 1 2 0 0 2 1 0 0 0 0 -1 0 0 2
0 1 1 0 0 2 2 -1 0 1 0 -1 0 -1 3 1 0 0 1 0 0 -1 0 1 0 0 0 1 0 0 1 -3 0 0 -1 -1 0 0 2 0 0 -1 1 -1 0 0 1 0 0 2 0 0 1 -1 -1 0 0 0 1 1 0 0 2 0 0 0 0 0 1 0 0 -1 1 0 -1 0 0 1 0 0 0 0 2 0 1 -1 1 0 1 0 0 -1 0 0 -1 1 0 -1 0 2 -1 0 0 -2 0 0 1 0 1 0 0 0 2 -1 0 -1 0 -1 1 1 0 0 1 2 0 1 0 0 0 1 -1 2 0 1 1 0 1 0 1 1 1 0 0 0 -1 0 0 0 0 0 0 -1 -1 -1 0 0 -1 0 18 -1 0 1 -1 1 0 0 0 1 1 0 1 0 0 0 1 0 0 1 1 0 0 0 0 0 -1 1 0 0 1 1 0 1 0 0 0 1 -1 0 1 -2 2 1 0 0 0 0 -1 -1 0 1 0 0 0 0 1 -1 0 1 0 1 -1 0 -1 0 2 0 0 2 1 1 0 1 0 0 0 -1 0 0 0 2 -1 3 0 0 0 0 -2 0 0 0 1 0 1 0 0 0 0 -1 -1 0 0 -1 -1 0 0 0 0 0 0 0 0 1 1 0 2 0 -1 -1 -1 0 1 0 0 0 0 -2 0 0 0 0 0 0 0 0 0 0 0 0 1 0 0 1 -1 0 0 0 1 0 -1 -1 0 0 0 0 0 1 0 0 0 1 0 0 0 1 0 0 0 1 -1 0 1 0 1 2 0 1 0 0 2 1 -1 -1 0 0 -1 -2 0 -1 1 -2 0 -1 0 1 0 0 0 2 0 0 -1 0 0 -1 1 1 1 -2 0 0 0 0 1 0 0 0 -1 3 0 0 0 1 0 0 0 -1 0 0 1 -1 0 -1 -1 0 -1 0 -1 1 -1 1 0 0 0 0 1 1 -1 0 0 -1 0 0 1 0 1 0 1 -1 2 1 0 0 -2 0 1 0 1 0 -1 -1 0 0 0 0 0 -2 0 1 0 0 0 0 -1 0 1 1 -1 1 0 -1 0 0 0 0 0 0 0 -1 -1 0
0 0 1 -1 0 -2 0 0 0 0 0 1 -2 1 -1 0 0 1 0 1 0 0 0 0 0 -1 1 0 1 0 0 0 1 2 3 1 1 0 0 0 0 0 0 -1 0 -1 1 0 0 1 0 1 1 0 0 0 1 0 1 1 0 3 0 0 0 0 -2 -2 0 -1 -1 1 -1 1 1 -1 1 1 0 0 -1 0 0 0 0 0 0 1 -1 -1 0 0 -1 1 0 0 0 1 1 1 0 0 0 0 0 -1 1 -1 0 0 -1 0 -1 0 0 0 -2 1 0 1 1 -1 0 0 0 0 1 1 0 0 0 0 0 -1 0 0 0 0 0 -1 0 1 0 0 0 -1 0 0 0 -1 0 -2 -1 2 0 0 1 0 -1 20 0 0 1 1 0 -3 2 2 0 0 1 0 0 0 0 0 0 -3 -1 0 0 1 1 -1 0 0 0 2 0 -3 1 0 0 0 1 -1 0 1 0 0 0 0 0 0 0 0 2 0 -1 0 1 -2 0 -1 0 1 1 1 0 0 0 0 0 0 0 0 0 -1 -2 1 0 -1 0 0 -2 0 0 1 0 0 -1 0 -1 -2 -1 1 -2 0 0 -1 -2 -1 0 0 0 1 2 0 0 0 0 0 -2 0 1 0 0 1 0 0 0 -1 1 0 -2 0 0 0 0 0 0 -1 0 -2 -3 1 0 0 0 0 -2 0 0 -3 1 2 0 0 0 0 0 0 -1 1 0 -1 2 -2 0 0 0 1 0 0 0 1 -2 0 0 0 0 2 0 -1 0 0 -1 0 0 0 0 1 0 0 0 -1 -1 1 1 0 1 0 0 0 1 0 -1 0 1 -1 0 2 1 0 -1 0 -1 0 0 -2 0 0 0 0 0 0 1 2 0 -2 0 0 0 0 0 0 3 0 0 -1 0 2 1 1 0 1 -2 1 -1 0 0 0 0 0 1 1 0 -2 0 0 0 0 1 -1 2 -2 1 1 0 2 -2 -1 0 -1 0 1 -1 0 0 0 0 0 1 2 0 0 1 1 0 1 0 0 2 1 0 -1 0 0 0 1 0 0 -2 1 -1 0 0 0 0 -1 0 3 0 2 0 -1 -1 1 0 0
0 0 -2 0 1 1 1 0 0 0 0 0 1 0 2 0 0 0 0 0 0 -1 -1 0 0 0 1 1 0 0 2 0 1 1 1 0 0 0 0 1 2 1 1 -1 2 2 1 -1 -1 0 2 0 0 0 0 1 0 0 0 0 -1 -3 -1 0 -1 0 0 0 0 -1 0 0 0 -1 0 0 1 1 1 0 0 0 0 -2 0 0 1 1 0 0 1 -1 0 0 0 1 0 0 2 0 1 0 0 0 1 0 0 0 0 -1 0 -1 0 1 0 0 0 0 0 0 0 0 0 0 -1 0 0 0 2 0 -1 1 1 0 0 0 0 0 1 0 1 1 -1 0 1 -1 0 0 1 0 0 0 1 1 0 2 0 0 0 0 16 0 0 0 1 0 0 0 1 1 0 0 1 0 0 0 0 0 0 0 0 1 2 0 2 1 0 -1 1 -1 0 0 0 0 0 0 0 1 1 0 -1 2 2 0 0 1 0 -1 0 -1 0 2 0 -1 0 0 2 0 0 0 0 0 0 0 0 0 0 0 0 2 0 0 0 0 0 -1 0 0 0 0 1 0 0 0 0 0 2 0 2 0 0 0 0 -1 0 0 -1 0 0 0 0 -1 -1 0 -1 0 -1 0 0 1 0 0 0 0 0 0 0 0 0 0 0 -2 -1 0 0 1 -1 1 0 -1 0 1 -1 -1 2 0 0 0 0 -1 0 0 0 0 0 1 1 0 -1 0 -1 1 0 -1 0 0 0 1 0 1 1 0 1 0 1 0 0 2 0 0 0 0 0 0 0 0 0 0 1 0 -1 0 0 1 -1 0 -1 0 0 0 0 0 0 0 0 1 1 0 -1 0 0 0 0 -1 -2 0 0 2 1 0 2 0 0 0 0 0 0 1 0 1 0 0 0 -1 0 0 1 0 -1 -1 0 1 -1 0 0 0 2 1 0 -1 0 0 0 0 1 2 0 -1 -1 0 0 0 -1 1 0 1 0 0 0 0 0 0 0 -1 0 1 0 2 -1 0 0 0 0 1 0 0 0 0 1 0 0 0 0 0 0 0 0 0 0 0 0 0 1 0 1 -1 0 0 0 0
1 1 0 1 2 0 0 0 -1 0 0 1 -1 0 0 1 0 1 -1 -1 0 1 0 0 -1 0 5 -1 1 -1 0 0 3 -1 0 -1 1 0 0 0 0 -1 2 0 0 1 -1 0 -1 0 0 0 -2 0 0 0 1 0 0 1 1 1 0 1 0 -1 -1 1 0 1 0 0 0 0 -1 -1 -1 0 0 1 1 0 1 -2 0 -1 0 1 1 -1 0 -1 0 1 0 -1 0 -2 0 1 0 2 0 1 -2 2 -1 1 0 -1 0 1 1 0 0 0 0 0 0 0 -1 0 -3 -1 1 0 1 0 0 0 0 3 0 1 -1 -1 0 0 0 1 0 0 1 0 -2 2 0 0 1 -2 1 -2 0 1 1 0 0 -1 1 0 0 21 0 0 0 1 0 0 0 1 0 0 0 1 0 0 1 1 -2 0 0 0 2 1 1 0 0 0 1 -2 1 1 0 0 1 0 2 2 2 1 0 0 -1 2 1 0 0 0 -2 1 0 0 0 -2 0 1 0 0 0 0 1 0 0 1 2 0 -1 -1 -3 0 0 -1 1 0 2 1 1 -2 0 0 -1 1 0 1 1 0 -1 1 1 1 -1 1 0 0 0 0 2 1 -1 -2 1 0 1 1 1 0 1 -1 2 1 -1 -1 0 0 1 0 0 1 -1 -1 0 -1 -1 1 0 0 0 0 0 1 -1 1 1 1 1 0 0 0 0 1 1 0 1 -1 0 0 -2 -1 0 0 0 0 1 1 0 -1 -1 -1 0 -1 0 0 0 0 2 -1 1 1 -1 0 3 0 0 0 1 0 2 0 -1 -1 -1 2 -1 0 0 2 -2 1 0 1 0 1 0 0 -3 0 1 1 -1 1 0 -2 2 0 1 0 0 3 0 -1 -2 0 1 -1 0 0 1 1 -1 0 1 1 0 1 0 1 2 0 0 0 0 -1 0 1 0 2 2 1 2 2 0 0 0 0 1 0 1 0 0 1 1 1 -1 1 0 0 -1 -1 0 0 0 0 0 -1 0 0 -1 0 -1 0 -1 1 1 -1 1 0 -1 0 0 1 0 0 0 3 0 0 -1 0 0 0 0 0 1 -1 1 2 0 0 1 0
0 0 2 -1 1 0 1 -1 1 1 0 1 1 0 -1 1 -1 -1 1 0 -1 0 0 -1 0 0 1 1 0 2 -1 0 3 2 -2 0 0 -1 -1 1 0 0 0 0 0 -1 -1 0 0 1 -1 0 0 0 3 1 0 -2 0 0 0 -2 1 0 2 0 1 0 1 -2 -2 0 -1 1 0 -1 0 0 2 1 -1 0 2 0 0 0 0 0 1 -1 1 -1 1 0 2 -1 -1 -2 2 1 0 0 0 1 1 1 1 1 -1 1 1 -1 0 1 0 1 0 -1 -1 0 0 -1 1 -1 1 -1 0 0 0 -1 0 0 0 0 0 0 -1 1 -1 2 0 2 0 0 1 0 0 2 -1 1 -1 1 -1 0 0 0 -1 0 -1 1 0 0 21 1 0 -1 -1 0 1 -1 0 2 1 0 0 0 3 -1 0 0 0 -1 -1 0 0 1 0 0 0 -1 0 -1 0 0 1 0 -1 1 0 0 0 -1 0 -2 1 0 0 0 0 0 -1 0 -1 1 1 0 2 0 0 0 0 0 2 0 1 1 1 -2 0 1 1 -1 -1 0 1 0 1 0 0 0 0 2 0 0 1 0 0 1 1 1 0 -1 0 2 0 0 -1 -1 0 -1 0 1 1 0 0 0 0 0 1 3 2 0 -1 0 1 0 2 1 -1 0 1 -1 0 0 0 1 0 0 0 1 -2 0 0 0 -1 0 1 1 0 0 -1 1 0 0 1 0 0 2 2 0 -1 -1 1 0 0 -1 1 1 1 0 2 0 0 0 0 1 1 0 2 -1 0 2 0 0 0 0 -1 1 0 -3 0 1 0 -2 1 1 0 0 0 0 0 0 0 -1 0 -1 1 0 0 2 -1 1 1 2 0 0 0 0 0 0 0 0 -1 0 1 0 1 -1 -1 1 -1 -1 0 -1 0 1 0 0 0 0 1 0 2 0 2 2 0 1 1 0 0 0 0 0 1 0 0 0 1 0 -1 1 0 1 0 1 0 0 0 0 0 0 1 1 0 0 1 1 -1 0 0 -1 0 0 -1 1 0 0 -2 -1 0 0 -1 1 -1 1 0 0 0 0 0 0 0 0 0 1 -1 0 0 0
0 1 0 -1 0 0 0 0 0 0 0 0 0 0 1 0 0 0 0 -1 0 0 0 -1 1 0 1 1 0 1 0 0 0 1 0 0 0 0 0 1 0 -1 1 -2 0 -1 0 -1 0 0 0 0 0 -1 0 1 0 0 0 -1 0 0 2 0 0 0 0 0 0 1 -1 0 0 0 0 0 0 0 0 1 -3 0 0 0 0 0 0 0 0 -1 0 1 1 -1 -1 0 1 0 1 1 0 0 -1 1 2 0 2 -1 1 0 0 0 0 0 1 0 0 0 0 0 0 -1 0 0 0 0 -1 0 0 -1 0 2 -1 0 0 0 0 0 2 0 0 0 0 0 0 0 -1 0 0 3 -1 -2 0 0 0 0 0 0 1 1 0 0 1 11 0 -1 1 -1 0 1 -1 0 -1 -1 1 0 0 0 0 0 0 -1 0 0 0 0 0 1 0 -1 0 0 0 0 -1 0 1 1 0 0 0 0 0 0 0 -1 0 0 0 0 0 1 0 1 -1 1 1 0 0 1 0 0 0 -2 0 1 0 -1 0 0 0 0 0 0 0 0 0 1 0 0 -1 0 0 1 0 -1 -1 0 0 0 1 0 0 0 0 0 -1 1 0 1 0 0 0 0 -1 0 0 -1 1 0 0 0 0 0 0 1 -1 0 1 0 0 0 0 0 0 0 0 1 0 0 -1 0 0 0 -2 0 0 0 0 0 -1 0 0 0 1 0 0 0 0 0 0 0 0 1 0 0 -1 1 0 1 0 0 0 0 0 -1 0 0 -1 0 0 1 1 0 0 1 -1 0 0 0 -1 0 1 1 0 -1 0 0 0 1 0 0 0 0 0 0 0 0 1 -1 0 -2 0 0 1 0 0 1 0 0 0 0 0 0 0 1 2 0 0 -1 0 0 0 -1 0 1 0 1 -1 1 1 0 0 0 0 2 0 0 0 1 0 0 0 0 2 0 0 1 0 0 -1 0 0 0 1 0 0 0 1 0 0 0 0 0 0 0 1 0 -1 0 0 1 1 0 0 0 0 0 1 0 0 0 0 0 -1 0 0 0 0 0 -1 0 0 0 1 0 -1 0 0 -1
0 0 1 1 0 0 0 0 1 1 0 0 1 0 0 2 0 0 -1 0 -1 -1 0 -1 -1 0 0 0 0 0 0 0 0 0 1 0 1 0 0 -1 1 1 0 0 0 0 -1 0 0 1 0 -1 0 1 0 -2 0 0 1 0 0 1 1 1 -2 0 0 -1 0 0 0 1 -2 -1 -1 1 1 0 1 -1 0 1 0 -2 0 1 1 0 0 0 -1 1 0 1 0 0 0 -1 0 0 -1 -1 0 -1 1 0 -1 0 -1 0 0 0 -1 0 0 -1 0 1 0 0 0 2 0 1 0 0 -1 -1 0 0 0 0 0 0 1 1 -1 0 1 0 1 -1 -1 1 1 1 0 1 0 1 -1 0 0 0 1 -1 -4 1 0 0 1 0 0 0 17 -2 1 0 0 -1 -1 0 -1 0 -1 -1 0 0 0 0 1 -1 2 0 0 0 0 1 1 -1 0 0 0 -1 0 1 0 0 0 0 -1 -1 1 0 0 0 1 0 0 0 0 -1 -1 0 -1 1 1 0 0 1 0 1 2 0 0 0 0 1 0 0 -2 0 0 0 -1 0 0 0 0 1 0 1 0 0 -2 1 0 0 -2 0 0 1 -1 -1 0 1 0 1 0 -3 0 1 -1 1 0 0 0 -1 -1 0 1 1 0 0 1 0 0 0 1 1 0 0 0 0 0 1 -2 1 -1 -1 1 0 0 0 -1 0 1 0 1 -1 0 -1 0 0 0 0 1 1 0 1 -1 -1 0 -1 0 0 1 0 1 0 2 -2 1 -1 0 0 0 0 0 2 -2 -1 0 -1 1 -1 0 -1 2 1 -1 0 0 0 -1 2 -1 0 0 0 -1 0 0 1 0 1 0 0 1 1 1 0 0 0 1 1 0 0 1 0 0 0 0 0 0 0 1 0 0 0 -1 2 0 0 0 0 -1 0 0 1 0 0 1 1 0 1 2 0 0 1 -1 0 0 -1 0 0 0 0 -1 1 0 0 -1 -1 -1 1 -1 1 0 -2 1 -2 0 0 0 1 2 0 2 -1 0 -1 0 1 0 -1 0 0 0 0 0 0 -1 1 0 0 1 0 0 1 0 0 0 -1 0 -2 1 0 0 0
0 1 0 0 0 1 0 1 0 0 0 -1 1 0 -1 -1 1 0 -1 0 0 0 -2 0 2 1 0 0 -1 -1 0 0 0 0 -1 0 1 0 0 0 0 1 1 2 0 0 0 1 0 0 0 -1 -1 0 -1 -1 1 1 0 1 2 1 0 -1 3 0 1 0 0 -1 1 -2 1 -1 0 2 -2 1 -1 -1 0 -1 0 0 0 1 1 -1 0 -3 2 0 1 1 -1 1 0 -1 0 -2 2 0 1 1 0 1 0 0 0 0 1 0 0 0 -1 0 0 0 1 -1 1 0 0 1 0 -1 0 1 0 1 0 -1 0 1 -1 1 -2 0 -1 0 1 -1 0 1 0 1 0 0 3 0 0 0 1 0 0 1 2 2 0 -3 0 1 -1 -1 -2 23 -1 1 0 1 0 -1 2 0 2 0 1 1 0 -1 0 1 0 1 0 0 1 -2 -1 3 0 1 1 -1 -1 0 0 -1 1 0 -1 1 0 0 1 0 0 -1 0 0 0 0 0 -1 -1 0 -2 -3 1 1 -1 0 0 0 1 -1 1 -2 1 0 0 0 0 0 4 1 0 0 0 -1 1 0 -1 0 1 0 0 0 0 2 1 0 -1 0 0 0 0 0 -3 -1 1 0 0 0 0 -1 0 0 3 0 -3 0 -1 2 0 1 0 1 0 0 0 0 0 2 1 0 0 0 1 0 1 0 0 0 0 0 0 -1 0 1 -1 2 2 -1 2 0 -1 0 0 -1 -3 0 0 0 -1 0 0 -1 0 0 0 0 0 1 1 0 0 1 2 1 0 0 0 3 1 1 0 0 0 -1 0 0 0 0 2 0 -1 1 0 1 3 -1 -1 0 -1 0 0 -1 0 -1 -1 1 0 -1 0 2 0 -1 0 1 0 0 0 1 1 0 -1 -1 1 0 1 0 1 0 1 1 0 1 2 -1 0 0 3 1 1 0 1 1 2 -1 1 -2 0 0 -1 0 -1 -2 0 1 1 -1 -1 0 2 0 0 1 1 1 0 1 -2 -2 0 0 0 -1 1 0 -1 0 1 0 2 -1 -1 1 -1 0 1 0 0 0 1 0 0 -1 1 1 0 -1 0 0 1 1 -1 -2 0 1
0 0 1 -1 0 0 -1 0 0 1 0 0 0 0 1 -1 1 0 0 -1 0 1 0 2 1 0 1 -1 0 0 0 0 0 0 1 1 -3 0 0 -1 1 1 -1 -1 2 1 0 -2 0 0 0 0 0 0 0 2 -1 1 3 1 -1 1 3 0 1 0 0 0 0 0 0 0 -1 1 0 1 0 1 0 -1 0 0 1 -1 3 2 1 1 -1 1 0 3 -2 -1 -1 0 0 2 -1 0 0 -1 -1 0 1 0 0 0 0 0 0 0 0 2 0 1 -1 0 0 -1 0 0 0 0 0 0 1 0 1 0 0 0 -1 0 0 1 2 2 0 0 0 0 1 2 -1 0 1 0 2 1 0 -1 0 0 -2 0 0 1 0 2 0 0 -1 1 1 -1 20 -1 0 3 0 0 1 -1 0 2 -1 1 -1 0 1 -1 1 0 0 0 0 1 0 -1 -1 1 0 1 0 0 0 0 -1 0 0 -1 0 2 1 0 0 1 0 0 0 0 -1 0 0 0 0 2 1 0 0 1 0 0 1 0 0 1 0 0 0 1 -1 0 1 1 0 1 1 1 -1 0 0 0 0 1 1 1 1 1 0 0 0 0 1 0 3 2 -1 1 2 0 0 0 0 1 0 1 1 0 0 0 -1 -1 2 -1 -1 2 2 2 1 2 0 1 1 -1 0 0 0 1 0 0 1 0 1 0 -1 0 1 0 0 1 0 -1 0 -1 2 1 1 1 1 3 0 -1 0 1 0 -1 0 2 0 -1 0 -1 1 1 0 0 -1 2 0 1 1 -1 0 0 -1 -3 1 0 1 -1 0 1 0 -1 -1 0 0 0 0 0 0 -1 1 0 0 -2 0 -1 0 0 0 -1 0 -2 1 0 1 3 1 -1 1 0 2 0 0 0 1 0 0 0 0 -1 1 0 0 0 0 2 0 0 -1 1 1 -1 0 0 0 0 -1 -1 1 0 3 -2 0 1 0 1 -1 1 -1 0 0 1 0 0 0 0 -1 0 0 0 -1 2 1 0 0 0 1 0 0 1 0 -1 0 -1 1 3 1 0 0 0 0 0 2 1 0 0 1 0 0 0 -1 1 0 0 0 1
0 0 1 -1 0 0 2 1 -1 1 -1 -1 0 0 0 -1 0 0 0 0 -1 0 1 0 -1 0 0 -1 -1 0 0 -1 1 -2 0 0 1 0 0 0 0 0 0 0 -1 0 1 0 0 0 -1 0 0 0 -1 0 0 0 0 0 0 -1 0 1 0 0 0 -1 1 0 0 0 0 -1 0 -1 0 1 0 -1 0 0 -1 -1 0 0 -1 0 0 0 0 -1 0 0 0 -1 0 0 0 -1 0 0 0 0 0 -1 0 -1 0 1 0 1 0 -2 0 1 0 -1 0 1 1 -1 0 0 0 0 0 0 -1 1 0 0 1 2 1 1 0 0 -1 1 0 0 0 0 -1 0 1 -2 2 0 0 -1 0 0 0 1 0 -1 1 2 0 0 0 -1 0 1 -1 16 0 0 0 -1 0 -1 0 0 1 -1 1 1 0 1 -1 0 0 0 0 0 -2 0 1 0 0 0 -1 0 1 0 0 -1 0 1 0 0 0 0 0 -1 1 0 2 0 0 -2 0 2 -2 1 0 0 0 0 0 2 0 0 -1 -1 0 1 1 0 0 0 1 0 0 0 0 -1 0 0 0 0 0 -1 1 0 0 -1 0 0 0 0 0 0 1 1 0 0 -1 0 -1 1 0 -1 0 -1 -1 1 -1 -1 0 0 -1 -1 0 0 1 0 1 0 1 0 -2 0 0 0 -1 0 0 0 1 0 0 2 0 1 0 0 0 0 0 0 0 0 0 0 0 -1 -1 1 0 -1 -1 -1 -1 0 1 0 0 0 0 0 0 0 1 -1 3 -1 1 1 -1 3 0 1 0 0 1 1 0 1 0 0 1 0 0 0 0 -2 1 1 0 3 0 1 -2 0 0 -1 0 -1 0 0 -1 0 0 0 0 -1 0 0 0 1 0 -1 1 1 -1 1 0 0 0 -1 -1 1 0 0 0 0 -1 0 0 0 0 -1 0 1 0 0 1 0 0 -1 0 0 0 0 0 0 -1 0 0 -2 -1 1 -1 -1 1 0 0 0 0 0 0 1 0 0 1 -1 0 0 0 1 0 -1 0 0 0 0 0 0 0 0 1 -1 -1 0 0 -1 0 0 0 0 0 0 1 0 0 0
-1 1 0 1 0 0 1 -2 0 2 1 -3 1 -2 -1 -1 2 -1 0 1 1 -1 0 2 1 1 0 0 0 0 0 1 0 0 0 -1 0 0 0 0 -1 0 0 0 0 1 0 1 0 0 0 0 1 1 -1 1 -1 -1 1 1 -1 0 1 3 0 3 0 0 1 0 2 0 1 0 0 1 0 1 0 2 0 0 -1 0 0 -1 0 0 0 0 0 0 2 0 1 0 1 0 0 0 0 0 0 0 -2 -1 0 -1 0 1 0 1 0 0 0 -2 0 0 0 0 0 0 0 -1 -2 0 1 0 1 0 -1 1 -1 0 1 0 1 0 0 2 0 -2 -1 1 0 -1 0 0 -1 0 -1 1 0 0 1 0 1 0 1 0 1 0 1 0 0 0 0 0 18 1 0 0 3 1 0 1 0 0 1 1 -1 0 -1 0 0 0 0 -1 2 0 2 -1 0 0 0 0 0 1 0 1 -2 2 0 -1 -1 1 0 0 3 1 0 0 0 0 0 1 0 0 0 0 0 1 0 0 0 1 -1 0 0 1 1 1 1 0 0 0 0 0 0 0 1 0 0 1 1 0 0 0 1 -1 -1 0 2 1 -2 0 0 0 0 0 0 0 0 0 1 -1 1 1 0 1 0 -1 -1 0 0 2 0 0 0 0 1 1 -1 0 1 1 0 0 0 0 1 0 1 -1 0 0 0 2 0 2 0 0 0 0 -1 0 1 0 0 0 -1 0 0 0 0 0 1 0 1 0 0 0 0 -1 0 0 0 0 1 1 1 0 0 1 0 1 0 2 0 2 1 0 0 -1 0 -2 1 0 0 0 3 2 1 0 0 -1 1 1 -1 1 0 0 0 1 0 0 0 0 1 -2 0 0 0 1 1 0 0 0 0 -1 -1 2 1 0 0 0 0 1 1 1 0 0 0 0 0 0 0 1 0 0 0 0 0 0 0 0 -1 0 0 0 0 1 1 0 1 0 0 1 0 0 0 1 0 0 -2 0 0 2 0 1 0 0 0 1 0 -1 0 0 -1 1 -1 -1 1 -1 2 0 0 1 -1 0 1 0 1 -1 0 0 0 0 0 0
0 0 1 0 0 0 -2 0 1 2 2 0 0 0 0 0 0 0 0 0 0 0 -2 0 0 0 1 -1 1 -1 0 1 1 1 2 0 1 0 0 -2 1 0 0 0 1 -1 0 -1 1 0 1 -1 0 1 0 1 1 0 2 1 0 1 0 1 1 1 0 0 0 0 0 0 1 0 0 1 0 0 0 0 -1 1 -1 1 2 1 -1 -3 -1 -1 1 0 0 1 -1 0 0 0 -1 -1 1 1 1 0 1 1 0 0 0 0 0 1 1 2 0 0 0 0 0 -1 0 -1 -1 -1 2 1 0 1 1 0 0 2 0 1 0 1 1 2 0 0 -2 -1 -1 0 0 0 2 0 2 1 -1 -1 2 0 -2 1 0 2 0 0 1 1 -1 1 -1 1 3 0 1 21 1 0 0 0 1 0 0 0 0 -1 -1 0 1 0 1 0 0 0 0 0 1 1 0 0 -2 1 2 3 -1 -1 0 1 -1 1 0 0 -1 0 0 0 1 -1 1 0 -1 0 -1 0 0 0 0 1 1 0 5 0 -4 0 0 0 0 0 -1 -1 -1 0 0 -2 0 1 1 0 0 0 0 0 -1 1 -2 0 1 0 0 0 0 0 -1 0 1 0 0 0 1 -1 2 1 0 1 3 0 0 -2 0 0 1 -1 -2 1 -1 1 0 1 1 2 0 1 0 1 0 0 1 1 1 0 -2 0 -1 0 0 -1 1 0 0 -1 0 -1 0 0 0 1 0 3 0 0 -1 1 0 0 1 1 0 0 -1 -2 0 1 0 0 0 2 -1 0 1 0 0 1 0 0 -1 1 0 0 -1 0 0 0 0 -1 0 0 2 0 0 0 0 -1 0 1 1 -1 0 0 1 1 0 0 1 1 -1 0 0 0 0 -1 0 0 0 0 1 0 2 1 1 1 1 0 0 -2 1 1 0 0 -2 -1 0 0 0 0 0 1 0 -1 1 1 2 -1 1 -2 -1 0 -1 -1 -1 -1 0 1 -1 -1 0 1 -1 2 0 0 0 0 1 1 0 0 -1 1 0 1 0 0 1 0 1 2 0 1 0 0 2 0 1 1 1 1 2 0 0 0 1 1 0 0 1 -1
0 -3 1 0 0 -1 0 -1 1 -1 2 -1 1 -1 -1 -1 1 0 0 0 -1 0 0 0 -1 -1 0 0 0 0 0 -1 0 -1 0 0 0 0 1 0 1 1 -1 0 0 1 0 2 0 1 0 1 0 0 -1 1 0 0 1 -2 2 1 1 1 0 -1 0 0 1 0 0 1 -2 2 1 0 1 1 -1 1 0 0 0 0 1 0 1 0 -1 1 0 0 0 0 1 1 2 -1 0 0 0 2 0 1 0 0 -1 0 0 0 0 0 0 1 0 0 2 -1 0 0 0 0 0 0 0 0 1 0 1 0 2 -1 0 0 2 1 0 0 -1 0 -1 -1 2 0 3 0 0 0 0 1 0 0 -1 0 0 0 -1 -1 1 1 0 0 0 -1 -1 0 0 0 0 1 20 0 2 0 0 0 0 0 -2 1 0 0 1 0 0 -1 -1 0 0 -1 0 1 -1 0 -1 -1 -1 1 -1 0 0 -2 1 1 0 0 -1 0 2 2 0 1 2 -2 -1 1 1 0 0 0 1 -1 -1 0 -2 0 0 0 0 0 1 0 0 0 1 -1 0 0 0 2 0 1 0 1 0 0 -2 0 2 -2 0 0 0 0 0 0 3 1 1 1 1 0 1 -1 0 -1 1 1 1 0 0 0 0 1 0 0 0 1 -1 0 0 2 0 0 0 1 0 0 0 0 0 0 0 0 0 0 1 0 0 0 2 1 0 0 -1 -1 1 0 0 0 0 0 0 -1 0 1 -1 -1 0 -2 2 0 0 0 1 -1 2 0 0 1 -1 -1 1 1 0 0 0 -1 0 0 -2 -1 0 -1 1 1 -1 0 0 1 -1 -2 0 0 1 0 -1 0 0 0 0 0 0 1 1 0 2 1 0 0 0 1 0 0 0 0 1 0 0 0 -1 -1 0 0 0 0 1 0 0 0 0 1 1 -1 0 -1 0 0 -1 -1 1 2 0 0 1 1 1 0 2 0 0 1 1 -2 0 1 0 0 1 0 -1 1 1 0 1 0 1 0 1 0 0 -1 0 0 0 0 -1 1 1 0 0 0 2 3 1 0 1 0 0 0 0 -1 0 1 0 0 -1 0 1 0
0 0 -1 0 0 1 0 -1 0 0 1 1 1 0 0 1 -1 3 1 0 0 0 0 0 0 1 0 0 -2 0 0 2 1 1 -2 -1 0 -1 0 -1 0 0 0 0 1 0 0 -1 0 0 0 0 0 0 2 1 1 1 0 -1 -1 0 0 2 1 2 1 0 2 0 0 0 1 0 0 -1 1 1 1 0 0 0 -1 2 0 -1 0 1 -1 0 0 0 0 0 2 0 0 0 1 3 -1 0 1 0 0 0 1 0 0 0 0 -1 0 2 0 1 0 0 0 0 0 -1 0 0 -1 0 -1 0 0 0 -1 0 0 0 1 0 0 2 0 0 1 -1 0 0 -1 0 0 -1 0 0 -1 0 0 0 0 0 -3 0 0 0 0 0 2 0 0 -1 0 -1 0 0 0 18 -1 0 -1 0 0 1 1 -1 0 0 1 2 0 -1 0 0 -1 -1 0 0 0 -1 2 1 -1 0 -1 0 0 0 1 2 1 0 -1 0 -1 -1 -2 0 0 1 -1 0 3 0 2 0 1 1 0 0 1 0 0 -2 -1 1 -1 0 0 0 0 1 -1 0 1 3 0 0 0 0 0 1 0 2 1 0 0 1 0 -1 0 0 0 0 -1 0 0 1 0 0 0 3 0 0 0 1 0 1 0 0 0 0 1 -1 0 0 0 -1 0 0 0 0 0 0 1 0 0 0 -2 0 0 0 -1 1 0 0 0 1 -1 -1 0 -3 -1 -2 1 0 0 0 0 0 1 0 0 1 -1 1 0 0 1 -1 0 -1 2 2 0 1 0 0 -1 -2 0 0 0 0 1 0 0 0 0 -1 1 0 -1 -2 0 -1 0 0 0 0 0 2 0 0 0 0 0 0 1 0 -1 2 0 0 3 0 0 -1 0 -1 0 -2 0 0 0 0 0 0 0 0 1 0 0 0 0 0 2 -1 -1 -3 -2 0 0 0 0 0 -1 2 1 0 0 0 0 0 0 0 1 0 -2 -1 -1 0 -1 1 1 0 0 0 0 0 0 0 2 0 0 4 0 0 1 1 0 0 0 -1 0 0 1 0 -1 0 -2 1 0 0 -1 0 0 -1 0 0 -1 0 0 0 0 0
1 0 1 0 1 -1 0 0 0 1 1 -1 1 0 0 0 1 -1 0 -1 1 -2 0 1 0 0 0 0 1 0 0 -1 2 0 0 0 2 1 -1 0 -2 1 -1 0 0 0 1 0 -1 0 0 0 -1 1 -1 1 -1 1 0 0 3 0 -1 0 0 1 0 -1 0 -1 2 0 0 3 0 2 0 1 -1 0 -1 0 -1 1 1 2 1 -1 0 0 1 0 1 1 0 0 0 0 0 0 1 0 0 0 -2 0 -2 0 0 0 0 0 0 0 0 0 -1 -1 0 0 0 0 -1 0 0 0 1 0 0 0 1 0 0 -1 0 1 1 -1 0 1 0 1 0 2 0 1 0 1 1 0 -1 1 0 0 1 0 1 0 0 0 1 0 1 -1 -1 2 1 0 3 0 2 -1 21 -1 1 0 0 1 -1 1 1 1 0 0 0 1 0 -1 0 2 -1 0 0 0 1 0 1 1 0 0 1 0 1 -1 0 1 0 0 1 0 0 -1 0 1 1 -1 1 0 0 1 -1 0 0 0 0 -1 0 0 0 -3 1 0 1 -1 0 1 0 0 0 1 0 0 0 0 0 0 2 0 0 1 0 0 -1 -1 0 0 0 1 2 -1 -1 0 1 0 0 -1 0 0 -2 0 0 0 -2 0 0 0 0 1 -1 1 0 1 1 3 -1 1 0 0 1 -1 0 2 0 0 0 0 0 1 0 1 1 2 0 0 2 0 1 1 0 0 0 0 0 0 0 -1 0 0 -1 0 -1 0 0 0 0 1 0 0 3 0 0 0 0 1 0 -1 0 -1 -1 0 0 1 0 0 0 1 1 -1 0 0 1 0 1 -1 1 0 0 0 -1 0 0 2 -1 -1 -2 -1 -1 1 0 2 -1 0 1 0 0 0 -1 0 0 -1 -1 1 0 0 1 -1 0 1 1 0 0 0 -1 0 1 0 0 0 0 0 2 1 0 0 -1 0 -1 -1 -1 0 0 1 1 1 0 -1 -1 0 1 0 -2 0 -1 0 0 0 0 1 0 0 -2 1 0 1 -2 0 1 0 0 0 -1 -1 1 -1 1 1 0 -1 0 0 0 2 0 1 -2 0 0 0 0 0
0 -1 0 0 1 0 -1 0 -1 0 -1 2 -1 0 -1 1 0 -1 3 -1 -2 0 0 0 0 1 0 -2 0 1 0 0 0 1 0 0 1 0 0 0 0 0 1 1 1 1 0 0 0 0 0 -1 -1 0 0 0 1 -1 1 -1 2 0 0 1 0 1 0 0 0 1 0 0 -1 0 0 0 0 0 0 0 0 0 0 1 -1 1 1 1 0 0 0 -1 1 0 0 0 -1 -1 0 0 0 1 0 0 -1 0 -1 1 0 -2 0 1 0 -1 0 1 0 0 0 0 2 0 0 1 0 0 0 0 1 0 0 3 0 1 0 -3 0 0 0 0 0 0 0 0 0 0 -1 -1 0 0 0 1 -1 0 0 0 0 1 0 0 0 1 0 -1 0 0 -1 -1 1 0 0 0 -1 14 0 0 1 1 -1 0 -1 0 0 0 -1 1 0 0 1 1 0 0 0 0 0 0 -3 1 0 0 0 0 0 0 0 0 0 2 0 0 0 0 0 0 0 -1 0 0 0 1 0 0 0 1 0 0 2 -1 0 -1 -1 1 0 0 0 0 0 -1 0 0 0 1 0 -1 0 0 -1 0 0 1 0 0 0 0 -1 0 -1 0 0 0 0 0 1 -1 0 1 0 0 0 -1 -1 -1 1 0 0 1 0 0 -1 -1 0 0 0 0 2 0 0 1 1 1 -1 0 0 -1 -1 -1 1 0 0 0 0 0 0 0 2 0 0 0 0 0 0 0 0 -1 1 0 0 0 0 0 -1 0 0 0 1 0 0 0 0 0 -1 2 0 -1 0 0 0 0 -1 0 0 0 1 0 3 0 0 0 0 0 0 1 -1 0 0 -2 0 2 0 -2 0 0 1 0 0 1 1 -1 0 -1 0 0 -1 0 0 0 -1 1 1 0 0 0 2 0 0 0 0 0 0 0 0 0 0 0 0 0 1 0 0 0 1 0 1 0 0 0 -1 0 0 0 1 0 -2 3 0 -1 0 0 0 1 0 2 1 0 0 0 0 0 0 0 0 0 0 0 0 -1 1 0 1 0 0 0 -2 -1 0 0 1 -1 0 0 1 0 1 0 1 0 0 0 -1 1
0 0 0 0 0 -1 0 0 1 -1 0 0 0 0 1 0 1 0 0 0 0 -3 -1 1 3 0 3 -2 -1 0 0 -3 -1 -1 1 1 0 0 0 0 2 -1 1 0 0 0 0 0 1 1 0 1 0 -1 0 0 1 0 0 1 1 1 0 1 2 2 -1 -1 0 0 0 -2 1 1 -2 0 1 0 -1 -1 0 0 0 0 -1 0 0 0 0 1 0 0 -1 3 -1 0 1 0 0 0 1 0 -1 2 1 0 0 0 0 1 0 0 1 1 0 2 1 0 0 0 1 0 0 0 0 0 1 1 -2 1 1 -1 0 -1 -1 1 0 -1 2 1 0 0 0 0 -1 1 -2 2 0 0 0 -1 0 1 0 1 1 0 1 0 0 0 0 1 -1 2 0 0 0 1 0 -1 1 0 19 1 1 0 0 0 0 1 0 0 0 -1 0 0 1 2 0 -2 1 -1 0 0 1 0 0 0 0 0 -1 0 -2 0 -2 0 -1 0 0 2 0 1 0 -1 1 0 0 0 0 0 0 0 1 1 0 -1 1 0 0 0 0 0 0 0 0 0 0 1 0 0 1 0 0 -1 0 0 0 0 1 0 0 1 0 0 -1 0 1 3 -2 -1 1 0 1 0 -2 1 1 0 0 -1 3 0 0 -1 -1 0 -1 0 0 0 0 1 0 0 0 1 1 2 0 0 0 1 1 -1 0 -1 0 0 1 -1 -1 1 0 0 0 1 -1 0 0 2 0 1 0 1 0 -1 1 1 0 0 -1 0 0 2 -1 -1 0 0 1 0 0 0 -1 -1 -1 -1 0 -1 0 1 0 0 1 0 0 0 2 0 0 0 0 -1 -1 2 0 0 -2 -2 0 -2 -1 0 0 -1 0 0 -1 0 0 0 2 -1 0 1 1 0 2 -1 0 -2 0 -1 -1 0 -1 0 1 0 0 0 0 -1 1 0 0 1 0 1 0 0 1 0 -1 0 1 0 1 1 1 0 0 1 0 2 0 1 -2 2 0 -1 0 0 -1 0 -1 0 1 0 0 -1 0 0 0 -1 1 1 0 0 0 3 0 0 0 1 -1 0 0 2 1 0 -1 0 0 -2 0 0 -1 1
0 1 0 -1 0 0 0 0 0 1 1 0 0 0 -1 0 1 -1 1 1 -2 0 -1 1 2 0 0 0 1 -1 0 1 -1 0 1 -1 0 1 1 1 0 -1 0 0 1 0 1 0 0 0 0 0 0 1 0 1 1 1 1 3 1 0 -1 1 0 0 0 0 -1 1 3 0 0 0 1 1 1 1 -1 0 0 0 0 0 1 1 0 0 1 0 0 1 0 0 0 0 0 0 0 0 0 0 0 1 1 0 -1 0 1 0 0 1 0 0 -2 1 -1 0 2 -1 0 1 0 1 0 1 1 0 0 0 0 0 0 -1 0 0 0 0 0 0 1 0 0 0 0 -1 0 0 2 0 0 0 0 -1 0 -1 1 1 0 0 0 0 0 0 -1 0 2 0 1 0 0 0 0 0 1 19 -1 0 1 0 0 0 1 0 -1 0 -1 0 1 -2 0 1 0 0 1 -1 0 1 0 1 2 0 1 1 1 0 0 0 1 1 0 -1 1 0 1 2 0 2 1 0 1 0 0 0 2 0 0 0 1 1 0 0 1 0 1 0 0 1 1 2 1 1 0 0 0 -1 0 0 4 0 1 0 0 1 1 0 1 2 -1 0 0 0 0 -1 0 1 0 0 -1 1 1 -1 0 -1 0 1 1 0 0 0 -1 0 0 0 -1 0 1 1 0 1 0 0 1 1 1 0 0 1 1 1 1 0 0 0 1 0 0 -1 2 0 2 1 0 1 1 1 0 -1 0 -1 1 0 -1 0 0 0 0 0 2 0 1 0 0 0 2 -3 0 2 -1 1 0 1 0 0 1 0 1 0 -1 1 0 3 0 0 0 0 0 0 0 0 0 0 0 0 0 0 1 0 -1 1 0 0 0 -1 0 0 0 0 0 0 0 0 0 1 -1 0 0 -2 0 2 0 0 2 1 1 2 -1 1 1 0 0 -1 0 1 0 0 0 2 0 0 -1 -1 1 0 1 0 1 2 0 1 3 0 -1 2 1 1 1 -1 1 0 1 1 -2 1 2 -1 -1 2 -1 1 -1 1 0 0 0 1 0 1 0 0 1 1 2 -1 0 -1 0 1 0 0
0 -2 1 1 0 0 0 0 -1 0 0 -1 1 0 0 1 0 0 0 0 -1 0 0 0 0 1 -1 0 1 0 -1 0 0 -1 1 -1 3 -1 1 0 0 1 -1 0 1 1 -1 1 0 0 0 0 1 0 0 0 0 0 0 -1 1 0 0 1 0 0 0 -1 0 -1 0 1 0 0 0 0 0 -1 -1 0 0 0 1 0 0 -1 0 1 0 1 0 0 0 1 -1 0 0 0 0 0 0 -1 0 0 1 -1 0 0 -1 0 -1 1 0 1 0 0 0 1 1 -1 1 0 0 0 0 1 0 -1 -1 0 1 1 1 0 0 0 0 0 -1 1 0 0 -1 0 -1 0 -2 0 -1 0 -1 0 -2 1 1 0 0 1 0 0 0 1 3 0 0 1 -1 1 0 0 0 0 0 1 1 -1 18 1 1 0 -1 1 0 0 0 1 0 0 -1 -1 0 -1 -1 1 0 0 -2 -1 0 0 0 0 0 0 -1 0 0 -2 -1 0 -1 0 -1 0 1 2 1 -1 0 0 -2 0 0 0 0 0 1 1 0 0 1 0 2 1 -1 0 0 0 1 0 1 0 0 1 2 0 1 0 0 0 0 -1 -1 -1 0 1 0 1 0 2 0 -1 0 0 0 0 -1 -1 1 4 0 0 0 0 0 1 1 0 0 0 0 0 1 -1 3 -1 -1 0 1 1 0 1 1 0 -1 0 0 0 0 -1 -1 0 0 0 1 0 0 0 1 -1 -1 1 1 0 2 0 -1 0 1 1 0 -1 -2 0 1 -1 0 1 2 0 -1 2 0 0 0 0 0 0 -1 -1 -1 -1 2 0 2 0 0 0 0 -1 0 -1 -2 1 -1 -2 1 0 0 0 0 1 1 0 0 -1 0 1 -1 0 -1 0 0 -1 -1 0 -1 1 0 0 0 0 0 0 1 1 0 0 0 0 0 0 1 0 1 1 1 0 0 0 0 0 0 0 1 0 1 1 -1 0 2 1 -1 0 1 0 1 0 0 1 0 0 1 -2 0 0 -1 1 1 0 0 1 0 1 -1 0 0 0 -2 0 0 0 0 1 0 1 0 0 0 -2 1 0 0 0 0 0 0 -1 -1 0
0 -1 1 0 1 1 1 0 0 1 -1 -1 0 0 0 -1 1 0 1 0 1 0 0 0 1 0 1 0 0 1 1 0 0 -2 -1 1 0 0 1 0 0 0 0 1 0 1 0 0 1 0 0 1 0 1 -1 0 0 0 0 0 0 -1 0 1 1 0 0 0 -1 1 1 0 1 -3 0 -1 -1 0 0 2 -1 1 0 1 0 2 0 -1 0 2 1 0 1 0 0 0 1 0 0 1 0 0 1 1 0 0 0 1 0 0 0 1 0 1 1 -1 0 0 0 0 0 0 -1 -1 0 0 2 0 -1 0 0 1 -1 0 -1 0 0 0 -1 0 0 0 0 2 1 1 0 1 0 0 0 1 -1 0 0 0 0 -1 1 -3 0 1 -1 0 0 1 1 -1 0 0 0 1 1 1 0 0 1 18 1 0 2 0 0 1 0 0 1 0 0 0 0 0 0 0 1 -1 -1 0 0 0 1 1 0 0 0 0 1 0 0 0 -1 0 -1 0 0 -1 0 0 1 4 0 0 0 -1 1 2 0 1 0 -1 0 0 0 -1 2 0 0 -1 1 -1 -1 0 0 1 0 2 2 0 0 0 1 1 0 3 0 0 1 1 1 1 0 0 1 0 0 0 0 0 0 0 -1 0 0 0 0 1 1 0 0 2 0 0 1 1 1 0 1 1 1 1 1 0 1 0 2 -1 0 2 -1 -1 0 0 0 -2 1 1 0 0 1 2 0 1 0 1 0 0 2 0 1 0 -1 -1 -1 -1 0 -1 1 1 0 0 0 -2 -1 1 1 -1 0 0 0 -1 0 1 0 1 0 -1 -1 0 -1 1 0 0 1 1 2 -2 -1 1 -1 -1 0 0 0 0 2 1 -1 1 0 1 0 -1 0 -1 0 -2 0 0 0 0 1 0 0 -1 2 -1 -1 1 0 0 -1 0 0 -1 2 2 0 0 -1 0 0 0 0 0 1 0 1 0 -1 0 1 0 -2 -1 -1 0 -1 0 2 1 0 0 0 0 0 0 1 0 1 0 0 0 1 0 -1 0 0 -1 0 0 1 0 -1 1 0 -1 0 -1 0 0 0 0 0 -1 -1 -1 1 0 1 -1
1 1 0 0 0 0 1 0 -2 1 1 0 0 0 0 2 1 0 1 0 0 0 -1 1 -1 0 0 -1 0 0 1 -1 -1 0 0 -1 0 0 0 1 0 0 0 1 0 -1 1 1 1 0 0 1 1 1 1 2 0 0 -2 0 -1 -1 1 0 0 0 0 1 1 -1 3 0 0 -1 1 0 0 1 2 1 3 1 2 0 -1 1 0 0 0 1 0 0 1 1 0 -1 -1 1 0 -1 0 1 0 0 0 2 1 1 -1 1 0 0 1 -1 0 0 0 0 1 1 -1 0 1 0 1 1 1 0 0 1 0 0 -1 0 1 0 0 -1 0 1 1 -1 -1 2 0 2 -1 1 1 1 0 0 2 0 -1 0 0 0 1 -1 0 -2 0 0 0 0 -1 1 1 0 -2 1 -1 -1 0 1 1 1 26 -2 4 0 -1 0 0 0 0 1 1 1 1 0 1 0 0 0 0 1 0 0 -1 2 0 -1 -1 0 1 0 0 0 0 0 -1 -1 0 0 0 0 1 0 0 -1 1 -1 1 0 1 0 1 1 0 1 1 -1 1 0 -1 3 3 0 -1 0 -1 0 0 0 3 0 1 1 3 0 2 2 -1 -1 -2 0 1 -1 0 0 0 0 -1 1 0 -1 -2 0 1 1 1 0 1 0 0 0 -1 -1 1 -3 1 -1 0 1 0 0 -3 1 0 0 -1 0 0 0 4 -1 0 -1 1 1 1 -1 1 0 -1 -1 2 0 0 -1 0 1 1 0 -1 0 -1 1 -1 0 -1 -1 0 -1 2 -1 0 1 0 0 -1 -1 0 0 0 2 -2 0 1 0 2 0 -1 0 0 2 -1 -1 2 1 1 0 -1 0 -1 0 0 1 -1 0 0 2 1 2 -1 -1 1 0 0 -2 1 1 1 0 1 -1 1 -1 1 0 -1 -1 -2 1 2 1 2 2 -3 1 0 0 2 -1 -1 0 -1 0 1 0 1 -1 1 -1 1 1 2 0 1 0 0 0 2 -1 1 1 0 1 0 0 1 0 -1 1 -3 0 0 1 0 0 1 0 1 2 0 0 -1 0 1 1 1 0 2 1 0 0 0 0 0 0 1 -1 0 1 -1 0 -1 0
-1 0 0 -1 0 -1 1 0 -1 -2 -2 0 0 0 1 0 1 1 -1 0 0 1 0 0 0 -1 0 0 2 0 0 1 2 0 0 1 -1 0 1 0 0 0 1 0 0 -1 0 2 0 0 -1 0 0 0 0 -2 1 -1 0 0 0 -1 -1 1 0 0 1 0 -1 -1 0 0 0 0 0 0 0 0 -1 1 0 -1 0 0 0 1 0 2 0 0 -1 2 0 -1 0 -2 0 0 0 0 0 0 0 -1 0 -1 -1 -1 0 -1 0 1 0 1 0 0 0 1 0 0 0 -1 0 0 -1 0 0 0 0 1 -1 1 -1 1 1 0 0 0 1 0 0 2 1 -2 1 0 -1 0 1 1 0 0 1 0 -1 2 -1 -1 0 0 0 0 0 0 0 -1 0 1 1 -1 1 -1 1 0 0 0 0 0 -2 16 0 0 1 0 0 0 0 1 0 -1 1 0 1 0 0 0 1 0 0 0 0 -1 -1 0 0 0 2 0 2 -1 1 0 1 0 -1 -1 0 0 -1 0 -1 0 0 0 -1 1 0 -1 0 1 0 0 1 0 0 0 -1 0 -2 1 0 1 0 1 0 -1 0 0 -1 0 -2 0 0 0 0 0 0 0 0 -1 0 -1 0 0 0 0 0 0 0 0 0 0 0 0 0 1 0 0 0 -2 -1 0 1 -1 0 0 0 0 0 0 -1 1 1 0 0 0 2 1 -1 2 0 2 -1 -1 -1 -1 -1 1 0 0 1 0 0 0 0 -2 -1 0 1 0 0 0 0 2 -1 1 0 0 0 0 0 0 -1 1 -1 1 0 -1 -1 0 0 0 0 0 1 0 -1 1 -1 0 0 2 0 1 -1 0 0 0 -1 1 0 0 0 2 -1 0 0 0 0 -1 0 2 -2 -1 0 1 1 0 0 0 -1 -1 0 0 0 -2 1 -1 0 2 1 0 0 0 -1 0 0 0 -2 1 0 1 0 0 -1 1 0 1 1 0 -1 0 0 -1 0 2 0 0 0 0 0 0 1 -1 1 1 0 -2 0 -2 0 -1 1 0 -1 0 0 0 -1 0 -1 0 0 0 1 0 -1 2 0 0 -1 0 1 0 0 0 2 0 0 0
0 0 0 0 1 0 0 1 -2 0 -2 1 0 0 1 2 0 0 1 0 -2 0 -1 0 0 0 -1 0 1 -1 2 -1 0 0 0 0 1 2 0 0 0 2 -1 2 1 0 1 0 0 -1 0 1 0 0 -1 -1 1 1 0 1 1 -1 1 -1 1 -1 0 0 0 0 1 -1 0 2 0 1 -1 -1 2 -1 2 0 0 -1 -1 -1 1 0 2 0 1 -1 0 1 0 -1 0 -1 1 0 0 1 0 0 1 0 3 0 0 -2 1 0 0 -1 1 0 -1 0 0 1 1 1 0 0 1 1 -1 0 0 -1 1 0 1 0 0 0 -1 1 0 -1 -1 -1 0 4 0 0 0 1 1 -1 0 -1 1 2 0 0 0 -1 0 0 0 0 0 0 1 0 1 0 -1 -1 0 0 1 -1 0 0 -1 2 4 0 22 0 0 1 1 -2 0 0 0 0 0 0 0 0 0 -1 1 0 2 -1 0 0 0 -1 -1 -3 0 0 0 1 0 0 -1 0 -1 -2 1 0 1 0 2 0 0 -2 1 1 0 -1 0 1 0 0 2 0 1 0 0 0 0 1 -2 0 -1 0 1 2 2 0 0 2 0 0 0 -1 -1 0 0 0 -2 1 2 1 -1 0 -1 0 1 0 -1 -1 1 0 0 -1 0 0 0 0 -3 1 -1 -2 -2 1 0 -1 0 0 0 -1 1 0 0 1 0 0 -1 0 0 -1 0 0 0 -1 0 0 0 0 0 2 1 0 0 -1 0 0 1 0 0 0 0 0 1 2 0 0 0 -1 0 0 0 0 -2 -2 0 0 0 2 -1 0 -1 0 3 0 0 0 0 1 0 0 1 0 1 0 0 0 -1 1 2 0 -1 1 0 3 0 1 -2 -1 1 -1 1 1 1 0 0 0 0 0 -1 0 0 1 -1 1 0 1 0 2 0 -1 -1 0 0 -1 1 -1 -1 0 -1 0 0 -1 0 0 -1 1 2 0 -1 1 0 0 1 1 2 0 -1 1 -1 1 0 -1 0 1 1 0 0 0 1 1 0 0 0 0 1 0 1 0 2 0 -2 0 0 1 -1 1 0 0 0 -1 -1 0 0 -2 0 -2 1 0 0 0
-1 0 -1 0 0 -1 -1 0 1 0 0 1 1 0 0 -1 0 0 0 1 1 -1 0 0 0 1 0 0 0 0 0 1 0 1 1 2 0 0 1 0 0 0 0 0 1 0 1 1 1 0 0 2 -1 0 0 0 0 0 -1 1 0 0 -1 -1 0 0 -1 1 0 0 0 0 0 0 1 0 0 0 -1 0 0 0 1 0 -1 0 0 0 0 0 0 1 0 1 1 0 0 0 -1 0 0 0 1 0 0 0 0 1 0 0 0 1 0 0 0 1 0 0 0 0 1 0 0 1 -1 1 0 0 0 1 0 0 0 2 0 1 -1 0 1 0 0 2 1 0 1 0 1 0 1 0 0 -1 0 0 0 1 2 0 0 1 1 0 -1 -1 -1 1 -1 1 0 0 0 0 1 0 1 0 1 0 0 0 0 12 0 0 0 0 0 -2 0 0 0 0 0 0 0 0 2 1 0 -1 0 1 0 0 0 1 1 0 0 0 0 0 1 0 0 0 0 0 0 0 0 0 0 0 0 0 0 0 1 1 0 -1 1 0 0 0 0 1 0 1 1 -1 0 0 0 0 0 0 0 0 1 0 0 2 0 1 1 -1 0 0 1 0 1 1 0 -1 0 0 0 0 1 1 1 0 0 1 -1 0 0 1 0 -1 1 0 0 0 0 1 -1 0 0 0 0 0 1 0 0 0 0 -1 0 0 0 0 0 0 0 -1 -1 0 1 1 0 0 1 0 0 1 0 0 0 0 0 0 0 0 0 0 0 0 0 1 0 0 0 0 0 -1 0 0 0 -1 0 0 0 0 0 0 1 1 0 2 0 -1 -1 1 -2 0 0 0 0 1 0 0 0 1 1 0 0 0 -1 0 1 0 0 0 0 0 1 0 0 2 0 2 -1 0 0 1 -1 -2 0 0 0 0 0 0 0 2 0 0 0 1 -1 0 0 1 1 -1 0 0 1 0 0 1 1 1 0 0 0 0 0 0 0 0 0 0 1 1 1 0 1 1 0 0 0 0 0 1 -1 -1 0 0 0 0 0 1 0 0 1 0 0 0 0 0 0 -1 0 0 0 0
0 -1 -1 2 0 1 1 0 -1 1 -2 0 1 1 0 1 0 1 0 0 0 1 0 0 0 0 1 0 1 0 0 1 0 0 0 -1 0 0 0 0 1 0 1 -1 4 0 1 1 0 1 1 0 0 0 3 0 0 0 0 1 -1 0 0 1 0 -1 0 0 -3 -1 0 0 1 0 0 0 0 1 -1 0 0 0 1 1 1 -1 1 1 0 0 -1 0 0 0 0 1 0 0 -2 0 1 1 0 -1 1 0 1 0 0 0 -1 0 -1 -1 -1 1 0 1 0 0 0 1 -1 1 0 1 0 0 0 0 0 1 0 0 0 1 0 0 -1 1 1 0 -1 -1 -1 0 -1 0 0 0 0 0 2 0 0 -1 -2 0 0 1 2 2 -1 0 2 0 1 -1 -1 1 1 1 0 0 0 1 0 0 -1 1 0 0 23 0 -1 3 -1 1 0 -1 1 0 1 0 -1 0 1 0 0 0 -1 -1 0 1 1 0 1 -1 0 3 -1 -1 2 0 -2 0 0 0 2 1 0 0 -1 0 0 -1 -1 0 -1 0 0 0 1 -1 0 0 0 0 0 0 -1 -1 0 -2 0 2 0 1 4 1 0 3 -2 -1 1 0 0 0 0 -1 -1 1 -2 0 0 0 0 -1 0 0 0 1 0 0 2 0 0 0 0 0 2 0 1 -1 0 -1 -2 0 -1 1 0 0 1 -1 2 -1 0 0 1 0 0 0 0 0 -1 1 0 1 0 0 1 -1 1 1 0 1 0 2 -1 1 2 -1 0 2 0 -1 -1 1 0 2 0 -1 0 1 0 -1 0 2 3 0 -1 0 0 -1 0 1 0 -2 0 0 0 0 0 -1 -1 1 0 0 0 -1 -1 0 1 0 -2 1 0 1 0 1 0 0 0 0 1 0 0 0 1 0 0 2 1 1 1 1 1 2 1 0 1 0 0 -1 -1 0 2 1 -1 0 0 0 0 1 0 0 0 2 0 0 -1 2 0 -1 0 0 -1 1 0 0 0 0 0 2 1 2 0 -2 0 0 1 1 0 1 1 0 1 0 1 0 0 0 1 2 0 0 -1 0 0 -1 -1 -1 1 0 0 1 0 -1 0 0
0 0 1 0 0 -1 1 1 0 0 -1 0 0 -2 1 0 0 2 0 0 1 0 1 0 0 0 1 -1 0 0 1 0 0 -1 0 0 -1 0 0 0 0 0 0 1 0 0 -1 0 0 -1 1 0 0 0 0 0 -2 0 0 0 0 0 0 0 2 1 0 0 2 0 1 0 0 0 0 0 -2 1 0 0 0 0 0 2 -1 0 0 0 0 -2 0 1 -1 0 0 0 0 -2 2 0 1 -1 0 0 1 0 1 0 0 0 0 0 0 -1 0 -1 0 1 -1 -1 -2 0 1 -1 2 3 2 0 0 -1 -1 0 0 1 0 0 0 0 0 0 0 -2 1 1 0 1 0 0 0 0 0 0 0 0 1 -2 0 0 0 -1 0 1 0 0 0 1 0 0 0 0 0 2 0 0 0 0 0 1 0 0 1 0 0 13 0 0 0 1 -1 0 0 0 0 0 0 0 -1 0 0 0 0 0 0 0 0 0 -1 0 1 0 1 -2 1 0 0 0 1 -1 0 0 0 0 0 0 0 0 0 -1 0 -1 0 1 0 0 1 1 0 0 0 1 0 0 0 0 0 0 -1 1 0 1 0 0 0 1 -1 0 0 0 0 0 0 0 0 0 -1 0 0 0 0 0 1 0 -1 0 2 0 1 -1 -1 -1 -1 0 -1 0 0 1 0 0 0 1 0 -1 0 0 1 0 -1 1 0 0 0 0 0 -1 0 -1 -1 0 1 0 -2 0 1 0 -2 0 0 1 0 2 -1 0 0 0 0 1 0 0 0 0 0 0 -1 -1 0 0 2 0 0 0 1 1 0 0 1 -1 1 0 0 1 0 0 0 0 0 1 0 0 0 -1 0 0 -1 0 0 1 0 0 1 -1 0 0 1 -1 1 1 0 0 -1 0 1 0 0 0 -1 0 0 0 0 1 0 0 0 0 0 0 0 1 0 0 0 2 0 0 -1 1 -1 0 -1 0 1 -1 -1 0 -1 -1 -1 0 0 0 -1 0 0 0 0 -3 2 1 1 1 2 1 0 -1 1 -1 0 -1 0 0 1 0 0 0 0 0 0 0 -1 1 0 0 -1 0 0 0 0 0 1 0
0 1 0 0 -1 0 0 0 0 -2 0 0 0 1 0 1 0 1 -2 1 2 1 -1 0 0 0 0 0 1 0 1 1 -1 0 0 1 0 0 0 0 0 0 -1 1 -1 -2 0 0 -1 0 0 1 -2 1 -1 0 -1 0 0 1 -1 0 0 0 1 2 0 0 -1 -2 0 1 0 0 1 0 0 0 0 1 0 1 1 0 1 0 -1 1 -1 0 0 0 1 -2 0 -2 1 1 1 1 0 1 0 0 0 0 1 0 1 0 0 -1 0 0 0 0 0 -3 0 1 0 -1 0 -1 1 -1 -1 0 1 0 1 2 0 -1 -1 0 0 0 0 0 -2 0 0 1 0 0 0 0 0 0 0 0 0 0 0 2 0 1 -1 0 2 1 0 0 0 0 0 0 0 1 0 0 0 -1 0 -1 0 0 0 0 1 0 -1 0 15 -2 0 0 1 -1 0 -1 -1 -1 0 0 0 0 1 0 0 1 1 -1 1 -1 0 2 1 0 0 0 0 0 -1 0 0 -1 -1 0 3 0 1 0 0 0 -1 0 0 1 0 0 0 0 0 1 -1 0 0 -2 0 -2 0 0 0 -2 1 0 -2 0 2 1 0 0 -1 0 1 1 0 0 0 2 -1 0 0 0 1 0 1 0 0 0 -1 0 0 0 1 0 -1 0 1 -1 0 2 0 0 0 0 0 0 -1 1 0 0 2 -1 1 1 0 -1 0 -1 0 0 0 -1 0 2 0 0 0 -1 0 0 -1 1 0 0 2 0 1 0 0 -1 0 0 1 0 0 -1 0 0 0 0 0 0 0 1 0 -1 0 0 1 -1 1 1 0 1 1 -1 0 -1 0 0 0 0 0 2 0 0 0 -2 1 1 0 0 -1 1 0 0 0 1 2 0 0 0 -1 0 0 1 0 1 0 0 1 0 0 0 0 0 0 -1 0 0 -1 1 0 0 1 0 0 0 1 -1 0 -1 0 0 0 0 1 0 0 0 1 0 0 0 1 0 -1 1 0 -1 -1 0 0 1 0 -2 0 -1 0 1 0 0 0 0 0 0 0 1 0 -3 0 -1 -1 0 1 0 -3 -2 0 0 -1 0 0 0 1 0
0 -1 0 0 0 0 -1 1 0 -1 0 0 0 0 0 0 -1 -1 0 0 0 0 0 0 0 0 -1 1 0 0 0 0 2 -1 1 -1 1 1 1 0 2 0 0 -1 2 -1 2 0 1 0 0 -1 0 0 -2 0 0 -2 0 1 1 -1 0 -1 -1 -1 0 0 0 1 0 -1 1 0 0 0 0 -1 0 1 -1 0 0 0 1 -1 0 1 -1 0 0 0 0 0 -1 1 1 0 0 0 -1 0 0 1 -1 0 -1 0 -1 0 -1 -1 2 0 0 1 0 2 -1 0 -1 0 1 0 -1 0 -2 0 -1 0 -1 0 -1 0 -1 0 0 -1 0 0 0 1 -1 -1 0 0 0 -1 0 0 0 0 3 0 0 0 1 -1 1 0 1 0 1 0 0 0 0 0 0 0 -1 -1 1 1 -1 0 1 0 0 0 -2 0 3 0 -2 20 0 0 0 0 2 0 0 1 0 0 0 0 0 0 -1 0 0 1 0 0 0 1 -2 1 0 2 2 0 1 0 0 1 -1 0 0 0 -1 1 -1 -1 2 0 -2 1 0 0 -1 0 0 -1 0 0 0 0 -1 -2 0 -2 1 0 1 0 3 -1 1 1 0 1 0 0 -1 -1 0 0 -1 0 1 0 -1 1 -2 0 0 1 1 0 0 -1 0 0 0 -1 1 -1 2 1 0 1 0 -1 0 1 -2 0 0 -1 2 0 -2 0 0 1 0 0 0 0 0 0 0 0 0 2 0 1 0 0 0 0 0 0 -1 1 -1 2 0 0 0 0 1 0 0 0 0 0 1 0 1 -1 0 -1 0 2 0 0 0 0 -1 1 1 0 1 0 0 -1 0 1 -2 0 0 2 0 1 0 0 -1 0 0 -1 1 0 1 0 0 0 0 0 -2 0 0 0 -1 0 0 0 0 -1 1 0 -1 0 1 1 -1 0 0 0 1 1 2 -2 0 0 0 -1 1 -1 0 0 0 1 -1 1 0 0 0 0 0 1 0 -1 0 0 -1 0 0 1 0 1 1 -1 0 2 0 2 0 0 2 2 1 0 -1 0 1 0 0 -1 1 0 -1 0 -1 0 1 0 0 0 1 1 1 0 0 1 0 0
0 -2 2 0 0 0 0 1 0 -1 1 0 0 1 0 0 0 2 -2 0 1 0 0 0 0 -1 0 0 1 -1 -1 1 0 0 1 0 0 -1 0 0 0 0 0 1 0 0 0 0 0 1 0 0 -1 0 1 0 1 0 0 2 0 0 0 0 0 0 2 -1 1 0 0 0 0 -1 0 0 0 -1 0 0 0 0 0 -1 -1 1 0 -1 0 0 1 0 1 0 0 0 0 0 0 0 0 0 0 1 0 0 -1 0 1 -2 0 -1 0 0 0 0 0 2 0 0 1 -1 -2 0 0 0 1 0 1 0 0 0 0 0 0 0 0 -2 -1 0 0 0 0 0 1 0 0 1 0 0 0 -1 -1 1 0 0 0 0 0 0 0 0 0 0 0 1 0 0 0 0 -1 0 0 0 0 -1 0 1 0 0 0 0 -1 0 0 0 12 0 0 0 0 1 0 0 0 1 0 0 -1 0 0 -1 1 0 1 0 0 -1 0 0 1 1 0 1 0 0 0 0 0 -1 0 1 0 0 0 2 0 0 0 0 0 0 1 -2 0 1 -1 0 -1 0 -1 0 1 0 0 1 0 1 0 3 0 -1 1 1 0 0 1 0 0 0 0 1 1 0 0 -1 0 0 0 0 0 0 1 1 0 -1 0 0 0 0 0 0 1 0 0 0 0 0 0 0 1 -2 0 0 1 0 0 1 -1 0 1 1 0 0 -2 2 0 0 0 0 -1 0 0 0 0 0 1 0 -1 0 1 0 0 -1 0 -1 0 1 0 1 0 -1 0 0 0 0 0 -2 2 0 -1 0 0 0 0 -1 0 0 0 0 1 0 0 1 0 0 0 0 0 -1 0 0 0 0 0 1 -1 0 0 0 0 -1 0 0 1 0 2 1 0 1 1 -1 0 0 0 0 0 0 0 -2 0 0 0 1 0 0 0 0 1 0 0 0 0 0 0 0 0 0 0 0 0 1 0 0 0 1 0 0 0 1 0 0 0 0 0 -1 0 0 -1 0 0 0 1 -1 0 0 -3 0 1 0 0 1 0 1 0 0 0 0 1 -1 0 0 0 0 0 0 -1 2 0 0
0 0 0 -1 2 0 0 0 0 0 -1 1 -2 1 -1 -1 0 2 0 -1 -1 1 0 0 0 1 0 -1 1 0 0 0 0 -1 0 -1 0 0 1 -1 0 -1 0 0 0 0 1 -1 0 3 0 0 0 0 1 0 0 0 0 0 0 1 1 0 -1 0 -1 0 0 0 0 0 0 2 -1 0 0 0 0 0 -1 0 0 0 0 0 0 0 0 1 0 1 1 -1 0 -1 0 0 0 0 -1 0 -1 0 1 1 0 0 0 1 0 0 0 0 0 0 0 1 0 0 1 0 0 0 1 0 -2 0 0 -1 0 1 0 0 0 0 1 1 2 -1 0 0 0 -1 -1 1 0 0 0 2 0 0 0 0 -2 -1 0 0 0 2 -1 0 0 1 1 -2 1 0 -1 0 0 0 -1 0 0 0 0 0 1 1 0 -2 1 1 0 0 0 15 1 0 1 0 0 0 1 0 -1 0 1 0 0 0 1 0 -1 -2 0 1 0 0 1 -1 2 0 -1 0 1 0 1 1 0 0 0 0 0 0 0 -2 0 0 0 0 0 2 0 -1 0 1 -1 1 0 0 -1 0 0 -1 1 1 0 0 0 -1 -1 -1 0 0 1 1 0 0 1 0 1 0 0 0 0 0 0 0 0 0 0 -1 -1 1 0 1 1 -2 0 -1 0 0 0 1 1 0 0 0 0 -1 1 -1 0 0 0 1 0 0 1 0 0 0 0 0 1 -1 -2 0 0 0 0 0 1 -1 1 1 0 -1 -1 0 0 0 0 0 -1 0 0 1 1 0 -1 -1 -1 -1 1 1 0 0 0 0 0 0 -2 0 0 0 0 1 1 0 0 0 0 0 0 0 0 0 0 0 0 0 0 -1 0 0 -1 0 0 0 -1 0 0 0 0 0 -1 1 1 1 2 -1 0 -1 -1 0 0 2 0 -1 0 -1 -1 0 0 1 -1 -1 0 1 1 0 1 0 1 2 0 0 0 1 0 0 0 0 -1 0 -1 1 0 0 1 1 0 -2 -1 -1 0 1 1 0 2 -1 0 0 1 0 1 0 0 1 -1 0 0 0 1 0 0 0 0 1 0 0 0 0 1 0 0 0
0 2 0 1 1 0 -1 -1 -1 -1 1 -1 1 -1 -1 1 0 0 0 0 1 -1 -1 0 1 1 0 0 2 0 0 0 0 1 1 1 0 0 1 1 -1 0 0 0 0 0 1 -2 -1 1 0 0 -1 0 0 0 -1 -1 0 0 -1 2 0 -1 -2 1 0 0 0 1 1 0 1 1 2 1 0 0 0 0 0 1 0 -1 0 1 1 -1 0 -1 0 1 1 -1 1 -1 2 0 -1 0 0 0 1 0 -1 1 0 0 0 1 0 0 0 0 0 -1 0 1 1 0 -1 0 0 0 0 1 -1 0 1 0 -1 1 0 0 -1 -1 -1 -1 0 0 0 0 0 1 -1 1 0 0 0 -1 0 2 0 0 0 -1 1 0 1 0 1 1 0 0 1 -1 0 -2 2 0 0 -1 0 1 1 1 -1 0 1 0 0 0 0 -1 1 0 0 1 22 0 1 0 0 0 0 0 -1 1 0 0 0 1 0 1 0 0 3 1 -1 1 0 0 0 -2 1 0 0 0 -1 -1 0 -1 -1 0 0 0 2 1 0 0 0 0 1 0 0 -2 0 1 -1 2 -1 0 0 1 0 1 -1 0 0 0 0 0 1 1 0 1 1 1 1 0 1 1 -1 -1 0 -2 0 1 1 -1 0 0 1 -2 0 1 1 1 0 0 2 1 0 -1 1 0 0 0 0 0 0 0 0 0 0 -1 -1 1 -1 0 1 -1 0 0 -1 1 1 0 0 0 2 -1 0 1 2 0 2 2 0 -1 0 2 0 0 1 1 1 0 0 0 1 -1 -2 0 0 0 1 1 0 0 0 -1 2 0 0 -2 0 1 1 0 2 0 0 0 -2 1 0 3 0 2 0 0 1 0 0 0 0 0 0 0 0 0 0 -1 -1 -1 0 0 1 0 0 0 0 -1 0 0 0 0 0 0 0 0 -1 -2 0 0 0 0 0 0 -1 2 -1 -1 -2 0 1 -1 0 2 0 0 -1 2 1 1 -1 0 0 0 0 -2 -1 0 1 0 -1 1 -1 0 -1 0 0 0 -1 0 3 1 -1 1 -2 2 -1 0 -1 0 0 0 0 -1 -1 0 2 -1 0 0 0 0 1 1
-1 1 0 1 0 1 0 -1 0 -1 0 0 -1 1 -1 0 -1 1 0 0 -1 0 0 0 0 1 1 0 0 0 0 -1 0 -1 -1 0 -1 0 0 0 0 2 -1 2 -1 1 0 0 0 -1 0 0 -1 -1 1 -1 1 1 0 -1 0 -1 0 -1 1 2 0 -1 0 0 0 -1 2 0 0 1 0 -1 1 0 0 1 -1 0 -1 -2 1 0 1 1 0 -1 0 0 0 0 -2 0 -1 -1 2 0 -1 0 0 2 -1 0 -2 0 0 0 0 0 1 -1 -1 -2 1 0 0 1 2 -2 -1 0 0 1 1 0 1 0 0 0 1 -1 0 0 1 -1 0 0 0 0 -1 2 1 1 -1 0 0 1 0 -2 0 1 -1 -1 1 -3 -1 -2 -1 -1 -1 3 -1 0 0 0 -1 -1 2 1 2 -2 -1 0 1 -1 0 0 -1 0 -1 0 0 0 0 20 0 0 0 0 1 -1 0 1 0 0 0 -1 -1 -2 -1 0 0 0 1 1 0 -1 -2 0 0 -1 1 0 0 1 0 0 0 0 -3 0 0 1 0 -1 -1 0 -1 0 0 0 0 -1 0 -2 1 0 0 0 -1 -1 -1 0 0 1 -1 0 -1 0 -2 1 -1 -3 -1 -1 0 0 0 0 1 -1 -1 1 1 -1 -1 0 0 0 0 0 -1 0 0 0 0 1 0 1 -1 1 0 1 0 0 0 0 -1 0 0 0 0 -2 -1 1 0 0 0 1 1 0 0 0 0 0 0 0 -1 0 0 -1 0 0 -1 -2 -1 0 1 -1 0 1 -1 -1 1 0 0 -1 0 -1 2 -1 0 0 -1 0 0 -1 0 0 0 0 0 0 1 0 0 0 -1 0 0 0 0 -1 -1 0 -1 0 -1 -1 1 1 1 -1 -1 1 0 -2 -1 0 0 1 -2 -1 0 0 0 -1 0 0 -1 -2 0 1 2 -1 -2 0 -2 0 1 -1 0 0 0 0 0 2 0 -1 0 0 -1 0 0 0 2 0 1 1 -1 0 0 0 -1 -1 0 0 1 0 0 0 0 -2 0 0 0 0 0 -1 0 1 -1 0 0 0 0 0 1 -1 0 -1 -1 -2 0 1 0 0 0 -2 0 0 1 -2 0 0
0 2 0 1 -3 0 3 0 1 0 -1 -1 0 1 0 -1 1 -1 0 2 1 -1 -1 0 1 1 0 0 0 0 1 0 0 -1 0 0 1 0 0 -1 0 0 0 1 -1 1 0 1 0 2 0 0 0 0 0 -1 0 0 0 0 -1 -3 0 0 0 0 1 1 0 0 0 0 1 -1 0 0 0 -1 0 0 5 0 0 -1 0 0 -1 0 1 -1 0 0 0 0 2 0 0 0 0 2 -1 0 -1 0 0 -1 -1 -1 0 1 1 0 1 -1 0 0 0 -1 0 0 0 0 0 0 0 0 1 0 -3 0 0 0 -1 0 0 0 1 -1 0 1 0 0 1 1 0 0 1 1 0 -1 0 0 0 0 1 0 0 0 0 1 0 1 0 0 0 0 -1 1 2 1 0 0 -1 0 0 0 0 0 1 1 0 0 1 0 0 2 0 1 1 0 17 0 0 0 0 0 0 0 0 -1 -2 1 0 1 0 1 0 2 0 1 1 0 2 -1 0 0 0 -1 -1 -1 1 -1 0 0 0 0 0 0 0 0 0 0 0 2 -1 1 0 0 1 -1 0 0 0 0 0 2 0 0 0 -1 -1 0 0 1 0 0 1 0 0 1 2 0 1 0 0 1 0 0 1 0 1 -1 1 0 -1 -1 0 1 0 1 2 2 -1 -2 0 0 1 0 -1 0 0 0 2 0 0 -1 0 0 0 1 1 -1 0 0 0 0 0 -1 1 0 -1 0 0 0 1 0 0 0 2 1 -1 0 0 1 1 0 0 0 0 0 1 0 0 -1 0 -2 0 1 0 0 0 1 0 -1 1 -1 0 0 1 0 0 1 2 2 -2 1 -1 1 0 1 -1 0 1 0 0 0 0 2 -1 -1 0 0 -1 -1 0 1 0 0 -1 0 1 -1 0 0 1 0 0 0 1 0 0 0 1 0 0 0 0 0 1 -1 1 0 0 0 0 1 0 0 0 1 1 0 0 0 0 -1 1 1 0 0 0 0 0 1 1 0 -1 0 -1 0 1 -1 0 0 0 1 1 0 1 0 1 0 0 0 0 0 0 1 0 -2 1 0 0 1 0 1 0 0 0 2
0 0 0 0 1 0 0 -1 0 0 0 1 0 0 -1 0 0 1 2 0 0 1 -2 0 -1 0 0 0 1 1 0 1 0 0 0 0 0 1 1 0 0 0 1 0 -1 0 1 0 -1 0 1 0 0 0 0 0 1 0 -1 0 1 0 0 0 -1 -1 0 -1 0 1 0 0 -2 -1 0 0 0 -1 0 1 0 0 2 0 0 0 0 0 0 0 1 0 0 0 0 -1 0 -1 1 0 -1 0 0 0 1 2 0 -2 0 -1 0 0 1 0 0 -1 1 0 -1 2 -1 0 -1 0 2 0 -1 0 0 0 -1 0 0 0 1 1 0 0 0 0 0 0 0 -1 0 0 1 0 0 0 0 -1 0 0 -1 0 -2 0 1 0 0 1 -1 0 0 1 1 0 -1 1 1 0 0 0 -2 1 -1 0 0 0 0 0 0 0 -1 0 1 0 0 0 0 16 0 0 0 0 0 1 1 0 -1 -1 0 0 0 0 -1 1 1 1 2 -1 0 0 0 0 0 0 -1 0 0 0 0 0 0 0 -1 0 0 -1 0 -1 0 0 -1 -1 0 0 0 0 1 0 0 1 0 0 -3 -1 1 2 0 1 0 0 0 0 -1 1 0 -1 0 -2 -1 0 1 0 -1 -1 -1 0 0 -1 1 1 -1 1 0 0 1 0 0 0 0 0 -1 0 1 1 0 -1 0 0 0 0 0 0 0 0 0 1 0 0 2 1 -1 -1 0 2 0 0 0 0 0 1 0 1 0 -1 -1 0 0 0 0 0 0 0 0 -1 0 0 0 -1 0 0 1 0 1 0 1 0 0 0 0 0 0 0 0 -2 -1 0 0 0 2 0 1 0 -1 0 0 1 0 1 0 0 0 0 0 1 0 0 0 0 -1 0 0 -1 1 0 -1 0 0 -1 -1 0 0 0 0 0 1 0 0 -1 0 1 0 1 0 0 1 0 0 0 -2 0 0 0 0 0 0 0 0 -1 1 0 0 0 0 1 0 1 0 0 0 0 0 0 -1 0 -3 -1 0 0 0 0 1 -1 0 0 1 1 0 -1 0 -1 0 -1 0 0 0 -1 -1 -1 1 1 0 1 0 1 0 1
0 0 0 -1 0 0 0 0 0 1 -1 0 1 -1 1 0 0 1 -1 1 0 0 1 2 0 0 1 0 0 1 0 0 0 0 0 0 0 0 -1 0 0 1 0 1 -1 0 0 1 0 0 0 -1 2 0 0 -1 -1 0 0 0 0 1 0 0 -1 0 0 0 0 -1 0 -1 0 -1 -1 0 0 1 2 0 1 1 -1 0 0 0 1 -2 -1 0 0 1 0 0 0 0 0 0 0 0 0 -2 0 1 0 1 1 0 2 0 1 -1 0 0 0 1 -1 0 0 0 -1 0 0 0 0 0 0 0 0 0 -2 0 -1 -1 0 0 0 -1 0 0 0 0 0 1 0 0 -1 1 1 0 1 -1 1 0 0 -1 0 1 0 0 0 0 0 0 0 1 0 0 0 0 -1 0 0 0 1 0 -1 0 1 1 0 0 1 0 -1 0 0 0 0 0 0 0 13 0 -2 0 0 1 0 0 0 0 -1 0 1 0 1 -1 0 -1 0 0 0 0 0 1 1 0 0 1 1 0 0 -1 1 0 0 0 0 1 0 1 -1 0 1 0 0 0 0 1 1 0 0 0 0 0 0 -1 1 0 2 -2 -1 0 -1 0 -1 0 0 0 -1 0 -1 1 0 0 -1 1 0 -1 0 0 0 0 0 0 0 0 0 0 0 -2 0 1 0 1 0 1 -1 0 0 0 0 0 1 1 -2 0 0 0 1 1 0 1 0 0 0 -1 2 0 1 0 0 1 -1 -1 -1 -1 1 0 0 0 1 3 0 1 -1 0 0 0 1 0 0 0 1 0 0 0 0 0 1 -1 0 2 0 0 0 0 1 0 1 1 0 0 0 1 1 0 0 -1 0 2 -1 0 0 1 1 0 0 0 1 -2 0 0 0 0 1 0 0 0 0 1 0 0 0 0 0 1 1 1 0 0 -1 -1 0 0 0 -1 0 1 0 0 0 0 -1 0 0 1 1 0 1 0 1 1 -1 0 0 0 -1 0 1 0 0 0 0 0 -2 0 0 0 0 0 1 -1 0 0 0 1 1 0 0 -1 0 0 1 0 0 0 -1 0 1 -1 0 0 -2 1 0 -1 0 0
0 0 1 0 0 -1 0 0 0 2 0 0 0 0 0 0 0 1 1 0 0 0 3 0 -1 0 0 0 0 0 0 0 0 -1 0 0 0 0 2 1 1 0 -1 0 0 1 0 -1 0 0 0 0 0 1 0 0 0 0 1 -1 0 0 0 0 0 0 0 0 -1 1 0 0 0 0 0 2 0 -1 0 2 0 0 2 -1 0 0 0 0 1 0 0 0 0 -1 1 0 1 -1 -1 -1 0 0 0 -1 -1 0 0 0 0 0 0 0 0 0 0 0 0 0 0 0 0 1 0 0 0 0 0 0 0 0 0 0 0 -1 0 -1 0 0 0 0 0 0 1 0 0 -1 0 2 0 0 0 0 0 0 1 0 3 1 0 0 0 0 0 0 -1 -1 1 0 0 0 0 -1 0 0 -1 0 1 0 0 0 0 0 0 0 -1 1 0 0 0 0 0 0 0 10 0 1 1 1 0 0 1 -1 1 0 0 0 1 0 0 0 0 0 1 0 0 1 -1 0 0 0 0 0 0 0 -2 0 1 0 0 0 0 -1 0 1 0 -1 0 -1 0 0 0 -1 0 0 1 0 0 0 0 0 0 0 0 0 0 0 0 0 0 0 0 0 0 -1 1 0 1 0 0 1 0 0 0 0 0 1 0 -1 0 0 0 1 1 1 0 0 2 0 0 0 0 0 2 0 1 1 0 1 0 1 1 0 1 1 0 0 0 1 1 0 0 0 1 -1 0 0 0 0 2 0 0 0 0 1 0 2 0 0 0 0 1 0 0 0 1 0 0 0 -1 0 0 0 -1 0 0 0 0 1 0 0 0 1 -1 1 1 0 0 -1 0 0 -1 0 0 1 0 0 1 0 -1 0 0 0 0 1 0 1 0 0 0 0 0 0 -1 0 0 0 0 0 0 -1 0 2 0 0 1 0 0 0 -2 0 0 0 0 0 0 -1 0 1 0 1 0 1 0 0 0 0 0 -1 0 1 0 1 0 0 0 1 -1 0 0 0 0 0 -1 0 -1 1 0 0 0 0 0 0 0 -1 1 0 0 1 0 0 0 0 0 1 0 1 0 1 0 0
0 1 0 0 0 0 0 -1 -1 0 1 1 -1 0 -1 1 0 0 0 0 -1 0 0 1 0 1 0 0 1 -1 -1 0 0 0 -1 -1 1 0 -1 0 0 -4 -1 -1 0 0 1 -1 0 -1 0 1 0 -1 1 0 0 0 0 2 0 0 2 0 -1 0 0 0 0 2 0 1 1 0 0 -1 1 0 1 -1 1 0 1 0 0 0 -1 0 -1 0 1 -1 0 0 2 0 -1 0 0 1 0 0 0 -1 0 1 0 0 1 1 0 0 0 1 -1 -1 1 -1 0 0 -1 0 0 1 0 0 1 -1 0 0 0 -1 2 0 0 0 1 -1 0 0 2 0 0 -1 1 1 1 1 1 -1 1 -1 1 2 0 1 -1 -1 0 1 0 1 1 -1 0 -1 0 -1 0 -2 -1 2 1 0 0 1 0 1 0 0 0 0 -1 0 0 0 0 1 0 1 0 0 -2 0 19 0 0 0 1 0 0 1 0 -1 -1 0 0 0 -1 2 -1 -1 -1 0 0 0 0 0 0 0 -1 0 -1 1 0 0 0 -1 0 -1 -1 1 2 0 0 0 -1 0 0 0 0 1 0 0 1 1 1 0 -1 0 -2 0 0 0 1 0 1 0 -1 0 0 0 1 0 0 0 0 0 0 0 1 0 0 0 0 1 0 -1 0 -1 -1 1 -1 0 0 0 0 -2 0 0 0 0 1 -1 1 0 1 2 0 0 1 1 0 0 1 0 0 1 1 0 0 0 0 0 0 0 0 0 0 0 -1 0 0 2 -1 2 0 0 1 0 0 -1 1 0 0 -1 0 2 1 2 1 1 0 -1 2 0 0 0 0 0 0 0 0 1 0 1 0 0 -2 1 0 -1 1 -1 0 -2 0 0 0 -1 0 1 1 -1 1 0 0 0 0 0 1 -1 0 0 1 0 -2 0 0 -1 1 1 0 1 0 -1 -1 1 1 0 0 1 0 0 1 0 0 0 0 1 1 0 0 2 -1 0 -2 1 0 0 1 -1 0 0 0 0 3 1 0 0 1 0 0 0 0 0 -1 0 0 0 1 0 -1 -2 -2 0 0 0 0 0 0 1 0 -1 1 -1 0 0 0 0
0 -2 2 -1 -1 0 -1 0 0 1 0 1 0 0 3 -2 0 3 -1 0 1 1 1 0 0 0 0 0 1 -1 0 0 0 1 0 1 0 0 0 0 0 0 -2 -1 1 1 0 0 -2 1 0 -1 0 -1 0 0 0 -1 1 -1 0 2 0 1 1 0 0 0 0 1 -1 -1 1 -1 -1 1 -1 0 0 1 -1 0 1 -1 1 0 0 0 1 0 0 0 0 -1 -1 -2 0 0 -1 0 1 1 1 0 0 0 1 0 1 -1 -1 0 1 0 0 1 1 1 -1 1 -1 0 0 1 0 0 0 0 1 0 0 1 0 0 0 0 0 -1 0 2 0 0 0 0 0 0 1 -1 0 0 -1 0 0 -1 0 1 -2 0 1 -1 0 0 0 0 1 0 0 0 0 1 -1 1 0 0 0 -1 0 -1 0 0 -1 0 0 0 0 0 1 0 0 -1 0 0 0 1 0 18 0 0 -1 0 0 0 0 0 0 -1 0 1 -1 0 -1 -1 1 1 0 0 1 1 0 0 0 0 -1 2 0 -1 0 -1 1 0 0 2 1 0 1 -1 0 0 0 3 0 0 0 0 1 2 0 0 0 0 0 2 1 0 -1 0 0 -1 0 0 0 1 0 -1 1 1 0 0 1 0 0 -1 0 0 3 0 0 -1 0 0 1 1 0 -1 0 0 1 0 1 -1 0 0 -1 0 -1 1 0 0 0 2 2 1 3 0 0 2 0 -3 0 0 -1 0 1 1 0 0 -1 1 2 2 0 0 0 0 0 0 1 0 1 1 1 1 1 0 1 0 0 0 1 0 0 0 0 1 0 0 1 0 2 0 0 1 0 -1 2 0 1 2 0 0 0 1 0 0 -1 0 1 -2 0 1 0 -1 0 0 -1 0 0 -1 -1 -1 1 0 0 0 -2 0 1 -1 -1 1 2 0 1 1 0 0 0 0 -1 -1 1 1 0 0 0 2 -1 1 0 0 -2 0 -1 0 0 1 0 0 0 1 1 1 0 -1 0 0 0 0 0 0 0 1 1 1 0 0 0 0 0 0 0 0 0 0 1 -1 0 0 0 0 0 1 -1 0 0 0 0 0 -1 0
0 0 2 0 1 -1 -1 -1 1 2 0 0 -1 0 1 -1 1 0 -2 -1 0 -1 0 -2 0 0 1 1 2 -1 0 2 0 -1 -1 1 -1 2 -1 0 0 0 -1 -2 0 2 0 1 0 0 0 -1 1 1 0 0 0 0 0 -1 0 -2 0 0 1 0 0 0 -1 0 -1 0 1 -3 -1 1 2 -1 0 1 0 0 -1 -2 0 0 1 0 0 1 0 0 0 -1 0 -1 3 1 -2 1 4 0 1 -1 0 2 1 0 0 -1 1 1 3 -1 0 1 0 0 1 1 -1 0 0 0 1 1 2 0 0 1 1 3 1 0 -1 1 0 0 0 0 0 1 -1 0 1 0 2 0 1 0 0 0 1 1 1 2 1 -1 -1 0 0 2 -1 1 0 0 0 1 0 2 -1 -1 1 -3 1 0 -2 -1 0 1 1 2 1 -1 0 0 0 -1 -1 0 0 0 0 1 0 0 28 0 0 0 0 0 0 -1 0 1 -1 1 -1 0 0 0 1 0 -1 3 -1 -1 0 -1 2 1 0 -1 -1 0 -1 0 0 -2 0 -1 0 0 0 -1 0 0 -1 -3 1 -1 0 2 1 -1 0 0 0 0 0 -1 0 1 1 0 1 0 0 0 1 -1 0 0 0 0 0 0 -1 1 0 0 2 0 0 -1 -2 -1 1 0 0 1 3 1 0 3 1 1 -1 0 0 1 0 1 -1 1 1 0 0 2 0 -2 1 -2 -1 0 -1 0 -1 1 0 -1 1 0 -2 -1 -1 -1 3 -1 -1 -1 0 2 -1 2 0 -1 0 0 2 -1 0 1 1 -1 -2 -1 -1 0 0 1 -1 0 -1 1 0 1 0 2 0 1 0 0 -1 1 0 0 -1 -1 -2 1 0 1 0 -1 1 2 -1 -1 0 1 0 1 2 -2 0 -1 0 0 1 1 -1 2 0 0 1 0 1 0 2 -1 -1 1 1 0 0 1 1 0 -2 0 0 -1 0 0 -1 0 -1 0 -1 -1 0 0 0 1 1 -1 -2 0 1 -4 1 0 0 2 0 1 1 0 0 1 0 0 1 2 0 0 0 0 0 0 0 0 -1 0 0 -1 0 0 1 0 0 -1 0 0 -1 1 1 -1
0 0 0 0 0 0 0 -1 0 0 0 1 0 -2 1 1 -1 -1 0 -1 0 0 0 -2 -2 2 1 -1 2 1 0 0 1 1 -1 -1 0 0 0 0 0 0 0 1 0 0 2 -1 2 0 -1 1 -1 0 0 1 -2 0 2 0 0 2 0 1 0 1 0 0 0 0 3 0 0 -1 2 1 0 1 0 0 1 2 -1 0 0 -1 0 0 -1 0 0 0 0 1 0 1 2 -1 0 0 -1 0 0 1 0 0 1 0 0 0 0 0 0 1 2 0 2 1 -1 0 1 0 -2 0 0 0 -1 -1 2 0 -1 2 1 1 0 1 0 1 -1 0 0 1 1 1 0 1 -1 -1 3 1 -1 0 1 3 1 0 1 0 0 1 1 2 1 1 0 -1 0 0 1 3 1 0 1 1 0 1 -1 0 1 0 0 1 0 0 0 0 0 0 1 1 0 1 1 1 0 0 0 20 1 1 0 -1 -1 -1 0 0 2 1 1 1 1 1 0 0 0 -1 0 0 0 0 1 0 1 0 0 0 0 0 3 0 0 0 1 0 0 0 0 -2 0 0 2 1 0 0 0 0 -1 -1 -1 1 -1 0 1 -1 -1 1 1 0 0 -1 1 0 0 1 1 0 0 2 0 -1 0 -1 1 0 0 2 1 -1 0 -1 0 -1 1 2 0 0 1 1 0 0 -1 1 1 0 -1 0 0 1 0 0 1 0 0 0 1 0 0 -1 2 0 0 0 0 1 0 1 -1 0 1 1 0 1 1 0 0 2 0 1 0 0 0 0 0 0 1 0 0 1 1 0 -2 1 -1 -1 0 0 0 1 0 0 0 1 3 -1 0 0 -1 -1 0 -2 0 -1 0 0 -1 0 1 2 0 0 0 -1 -3 0 1 0 1 0 0 -2 0 1 0 0 -1 0 0 -1 0 0 0 0 -2 -1 0 1 1 0 0 0 1 0 -1 -1 1 -1 0 0 1 1 0 -1 -1 0 2 2 1 0 0 0 0 1 0 0 0 0 1 0 -2 0 0 1 1 -1 0 -1 -1 0 0 0 1 2 -1 -1 0 0 0 0 1 0 0 0 1 0 1 0 0 0 -1 -1
0 0 -1 0 0 0 0 -1 -1 0 -2 1 1 0 0 -1 1 0 -1 0 0 -1 0 0 -1 0 1 -1 2 0 2 1 1 1 0 -1 1 1 1 0 1 1 1 0 -1 0 0 0 0 -2 1 0 -1 1 -1 0 1 0 -1 1 2 -1 -1 0 0 0 -1 0 0 0 2 -1 0 0 -1 0 -1 0 0 1 0 2 1 -1 1 1 1 0 0 1 1 -1 0 0 1 -1 0 0 1 0 2 1 0 -1 -1 1 0 0 0 0 0 0 0 -1 1 0 3 -1 -1 3 1 0 0 -1 0 -1 -1 0 0 1 0 1 1 0 1 -1 -1 1 2 0 0 0 0 1 0 1 -1 1 0 0 0 0 0 0 0 2 0 2 1 0 1 2 0 0 0 1 -1 0 0 -1 -1 -1 0 0 0 0 0 0 0 0 2 0 0 0 1 0 -1 1 0 0 0 1 0 0 1 -1 0 1 18 0 0 1 0 0 1 0 0 -1 0 0 0 0 -1 0 2 0 0 0 0 -2 0 0 0 0 0 0 0 -1 2 1 -1 0 0 2 1 0 1 1 0 0 -1 0 0 0 0 0 3 0 0 -1 -1 1 0 0 0 1 0 0 0 -1 -1 -1 -1 1 0 -1 1 0 0 2 0 1 1 0 0 0 0 0 0 0 1 -1 -2 1 -1 2 0 1 0 1 0 1 1 -1 0 0 0 1 0 0 -1 -1 1 0 1 0 1 0 -1 -1 0 0 0 1 0 0 0 0 0 0 -2 0 0 0 1 0 -1 -1 0 1 -1 0 1 0 0 1 0 1 -1 0 0 0 0 -1 -1 0 -1 1 0 2 1 0 0 1 -1 1 0 2 0 0 -1 -2 -2 0 0 -1 0 1 0 0 0 0 -2 -1 1 0 0 1 0 2 0 1 0 1 -2 0 0 -1 1 -2 0 0 -1 0 0 0 0 1 1 -1 1 -1 1 1 1 2 1 1 1 0 1 1 0 2 0 0 0 0 0 -1 0 0 0 0 0 0 -1 -1 0 0 0 0 0 1 0 -1 1 1 0 0 0 0 0 0 1 1 0 0 1 -1 0 2 0 2 1 -1 1 1 0 0
1 -1 0 0 1 -1 -1 -1 0 0 0 0 0 0 1 -1 0 0 0 0 0 0 0 0 0 1 0 0 0 1 0 0 0 -1 0 -1 0 0 -2 0 0 0 0 -1 1 1 -1 0 0 -1 0 0 0 0 0 0 0 0 -1 -1 0 1 0 0 0 0 0 0 0 0 0 0 0 0 -1 0 0 0 0 0 0 0 0 -1 0 0 2 1 -1 1 -1 1 0 0 0 0 1 0 0 0 0 0 1 0 -1 3 1 1 0 1 1 0 0 0 0 0 -1 0 0 0 -2 0 0 -1 -1 0 0 0 1 0 0 1 0 0 0 0 1 0 0 1 0 0 0 -1 0 -1 -1 1 -1 0 0 0 0 1 1 0 1 0 -2 0 0 1 0 0 0 0 0 -1 1 -1 0 0 0 0 0 1 0 0 0 0 -1 -1 0 0 0 0 0 0 0 0 -1 0 0 0 0 0 0 1 0 11 0 -2 0 0 1 0 0 0 0 1 0 0 0 0 2 0 0 0 0 0 -1 0 0 0 0 0 0 0 0 0 0 1 0 1 0 0 0 1 0 0 0 0 0 0 0 1 1 0 0 1 0 0 0 -1 0 0 0 0 0 0 0 0 0 1 -1 0 0 -1 0 0 -1 0 0 0 -1 0 0 0 0 -2 0 0 0 0 0 0 0 -1 -1 1 -1 0 0 0 0 -1 0 0 0 2 1 0 0 0 1 0 0 0 -1 0 0 0 0 0 0 1 0 0 0 -1 1 0 1 -3 0 0 1 -1 -1 0 1 0 0 0 0 0 -1 0 -1 -1 1 1 0 3 1 1 0 1 0 -1 -2 0 0 0 0 0 0 0 0 0 1 0 1 0 0 0 0 0 0 0 0 0 0 0 1 1 0 -1 1 0 0 1 0 0 1 0 1 0 0 1 0 0 0 0 0 0 0 -2 0 1 0 0 0 0 0 0 -2 1 0 0 0 0 0 0 0 0 -1 0 -1 0 0 0 0 0 -1 0 -2 0 0 0 0 0 1 0 1 0 0 0 0 0 1 0 0 -1 1 0 0 0 1 0 0 0 1 0 0 0 -1 0 0 0
0 0 1 0 1 0 -1 0 1 0 0 0 0 0 0 0 0 0 1 -1 -1 0 0 0 0 0 0 0 0 0 0 0 0 0 0 0 0 0 1 1 -1 0 0 1 -1 0 -1 -1 0 0 0 0 0 0 0 0 0 0 0 0 0 0 0 -1 0 0 0 -1 0 1 0 0 1 1 0 0 0 -1 0 -1 -2 0 -1 0 0 0 1 -2 0 0 0 -1 -1 0 -1 0 0 -1 0 0 0 -1 0 0 0 0 1 0 2 1 0 0 0 0 0 0 0 0 0 0 0 0 -1 0 0 0 0 0 1 0 0 0 1 0 -1 0 0 0 0 0 1 0 0 0 -1 -1 0 0 0 0 0 0 0 0 1 -1 0 -1 2 0 -1 0 0 0 -1 -1 0 0 -2 0 0 0 1 0 0 2 0 1 -1 0 0 0 -1 0 0 -1 0 0 0 0 -2 -1 0 1 0 0 0 0 0 0 12 0 -1 0 0 0 -1 1 -1 -2 0 0 0 0 0 -2 0 0 0 1 0 0 0 0 1 0 0 0 0 0 0 0 0 -1 0 0 0 0 0 0 0 0 1 1 0 0 0 0 -3 0 1 0 -2 0 1 0 -1 0 0 -2 0 -1 0 -1 0 0 0 -1 0 0 0 0 1 0 0 0 1 0 0 0 -1 -1 -1 1 0 -1 1 0 0 0 0 0 0 0 1 1 0 0 0 1 0 1 -1 -1 0 0 -2 0 0 0 1 0 0 0 0 0 1 -1 0 -1 0 0 0 -1 0 1 0 0 0 -1 1 0 1 1 0 0 0 0 0 0 0 0 0 1 0 1 -1 0 0 0 -1 -2 0 0 0 0 2 1 1 -1 1 0 0 0 2 0 2 -1 0 1 0 -1 1 0 0 1 0 0 -1 0 0 0 0 0 0 -1 0 0 -1 0 -1 0 -1 0 0 1 -2 0 -1 0 0 0 0 0 0 1 0 0 0 0 0 0 -1 0 0 0 0 0 1 1 0 0 0 1 0 0 0 -2 0 0 0 1 0 0 0 0 0 1 -1 0 -1 0 -1 0 -2 0 0 0 0 0 -1 0 0 0 0 0 0 0 0 0
1 0 0 0 -1 2 2 0 0 1 0 1 0 0 1 0 1 -1 0 0 0 0 0 2 1 0 0 0 -1 -1 1 0 0 0 0 2 1 -1 1 0 0 0 1 0 -3 0 0 0 0 1 0 0 2 0 0 -1 0 0 -1 1 -2 -3 0 0 2 2 0 0 1 0 0 2 0 -1 0 -2 0 0 1 0 -1 -2 1 -1 -1 0 0 1 1 -1 0 0 1 0 0 -1 0 0 1 0 0 -2 2 1 0 0 0 -1 1 2 1 0 0 -2 -1 0 1 -1 -1 -1 0 0 0 1 1 1 1 0 -2 0 -1 -1 0 1 -1 0 1 0 0 -2 2 0 0 1 -1 1 1 -1 0 0 0 -2 1 -1 -1 2 0 -1 1 0 2 0 -1 0 -1 1 -1 1 2 1 -2 0 0 0 0 0 0 1 2 -1 0 1 -1 0 1 0 -1 0 1 -1 1 -1 0 -1 1 0 0 -1 1 -2 0 26 0 0 0 0 0 0 0 0 1 0 -1 -1 0 0 1 0 0 0 0 0 0 0 1 0 2 0 0 1 0 0 0 0 0 0 0 0 1 1 1 0 0 0 0 0 1 0 2 0 0 1 0 -1 1 0 0 -1 0 0 -1 1 0 1 0 0 1 -2 -2 -2 -1 0 0 0 1 2 0 0 0 0 0 -1 1 0 -1 0 0 -1 -1 -1 0 0 0 0 1 -1 1 0 0 -1 -1 0 0 0 1 0 -1 -1 0 0 -1 0 0 1 1 0 0 0 0 -1 0 0 -3 0 0 0 1 1 0 0 0 1 0 1 -1 1 0 0 0 0 0 0 1 1 0 -2 0 0 1 0 2 0 0 1 0 0 0 0 -1 0 1 1 -3 -2 1 0 -2 0 -1 0 0 1 0 0 -1 0 0 0 1 0 1 0 1 0 -2 0 1 -1 -1 -1 0 1 0 1 0 0 0 -1 0 0 1 2 1 0 0 1 0 -1 0 0 2 -1 0 1 0 0 1 2 1 0 1 0 0 -1 -1 0 1 0 -1 0 0 0 0 2 1 -2 0 1 0 0 -2 1 0 0 1 1 0 -1 2 0 0 0 -1 -1 -1 0 0 1 -1 0
-1 1 -1 4 0 0 0 1 0 -1 1 1 -1 0 -1 0 0 2 0 1 -1 -1 2 1 0 0 0 0 -1 -1 0 1 -1 0 0 0 0 1 1 -1 0 0 1 0 2 0 0 2 0 0 0 0 0 1 -1 -2 2 1 -1 3 1 -1 0 1 2 1 1 0 -2 1 0 0 -1 3 0 1 1 -2 0 1 0 1 -1 0 0 1 2 -1 0 1 -1 0 0 0 0 1 0 0 -1 1 -2 0 -1 -2 0 0 -1 0 -1 0 -2 0 -2 -2 0 0 0 0 1 0 0 1 1 2 0 0 1 0 1 -1 1 1 0 0 0 -3 0 -1 0 0 0 0 0 1 1 0 0 0 0 1 0 0 1 0 -1 0 0 0 0 0 2 -1 0 0 1 0 0 0 0 -1 1 1 1 0 -1 1 0 0 0 -1 0 0 0 0 1 0 1 1 0 -1 0 0 -1 1 0 0 0 -1 0 0 -1 0 27 0 0 0 0 1 0 2 -1 2 1 0 0 0 2 -2 0 -1 0 0 -1 0 -2 0 0 0 0 0 0 1 0 0 1 0 0 1 0 1 0 0 1 -1 1 -3 0 1 0 2 0 0 2 0 0 0 1 -1 0 0 1 0 0 0 -2 0 0 1 1 1 0 0 0 0 -1 -2 0 0 0 0 4 -1 2 0 1 0 -1 1 1 -1 2 2 0 1 3 1 0 1 0 0 -2 0 1 1 0 0 0 1 0 0 -1 -1 0 -1 0 1 0 -2 -2 2 0 0 0 -1 0 0 0 0 0 2 -1 1 0 0 1 -1 0 0 -1 1 -1 -2 1 1 0 2 0 -1 1 0 -1 2 -1 0 1 1 0 1 0 1 0 2 0 -1 -1 0 0 0 1 0 0 0 2 -2 0 0 -1 1 0 -1 -1 -1 0 1 1 0 0 -1 2 0 0 0 0 2 1 1 1 1 -1 0 0 1 2 -1 1 0 0 1 0 0 0 1 1 -1 0 0 -1 -1 -1 -1 0 -1 0 -1 1 -1 1 1 -1 -2 -1 2 0 0 -1 0 -2 2 2 -1 0 -1 0 -1 0 0 2 0 1 1 0 -2 0 2 0 3 0 1 0 -1
1 -1 1 2 0 0 0 0 0 0 0 0 2 0 1 0 1 1 0 0 0 1 0 0 0 0 -1 0 0 0 0 0 0 0 1 -1 0 -1 1 -2 0 0 0 0 1 0 0 -1 0 1 0 0 1 1 0 1 2 1 0 1 0 1 1 0 1 0 0 0 -1 0 0 -1 0 0 0 -1 0 0 0 0 -1 1 0 -1 1 0 0 1 0 0 0 1 -1 0 0 -1 0 1 -1 1 0 0 0 0 0 1 0 0 0 -2 0 0 0 1 1 1 0 -1 1 0 0 0 -2 0 0 0 -2 0 -1 0 -1 -1 0 1 0 0 0 1 0 -1 -1 -1 0 -2 0 0 0 0 2 0 0 -1 0 0 1 1 1 1 0 0 0 2 -2 0 0 0 2 0 -1 1 1 2 -1 0 0 1 0 0 -1 0 -1 0 1 0 -1 1 0 0 1 -2 1 0 0 0 -1 0 -1 -1 0 0 0 0 0 14 0 0 0 0 1 -1 0 1 0 -1 1 0 0 0 1 0 -1 0 0 1 1 0 1 0 0 0 0 1 -1 0 1 0 0 2 0 3 -1 0 -1 0 0 0 0 0 0 -1 0 0 1 0 0 0 0 1 0 0 1 1 0 0 -1 3 0 -1 0 0 0 1 0 0 1 -1 -1 0 1 0 1 2 -1 0 0 -3 0 0 0 0 0 -1 0 -1 0 -1 -1 -1 0 0 0 0 -1 0 0 0 0 0 0 0 0 1 1 0 1 1 1 1 0 -1 0 0 0 0 0 -1 1 0 -1 1 0 0 -1 0 0 0 0 -1 0 0 0 0 -1 1 0 1 0 1 -1 0 0 0 0 0 -3 0 -1 0 0 -1 1 1 1 -1 0 0 1 0 0 -1 0 1 -1 0 0 0 0 0 0 0 0 0 0 1 1 0 1 -1 0 0 0 0 -1 -2 0 -1 0 0 0 -1 0 0 1 0 0 0 0 0 1 1 -1 -1 -1 -1 -1 0 -2 0 -1 0 0 0 -1 0 0 0 -1 0 -1 1 -1 0 -1 0 1 0 1 0 1 1 0 1 1 1 0 -1 1 1 0 0 2 1 0 1 0 1 0 0 0 1
1 1 1 -1 1 1 0 0 0 0 0 1 0 1 0 0 -1 0 -1 0 2 -1 0 0 0 1 0 0 1 0 -1 1 0 1 -1 0 -1 0 0 1 0 1 -1 1 2 0 0 1 -1 0 0 -1 0 0 1 -1 1 0 1 0 0 0 0 -1 1 -1 1 0 0 -2 0 0 0 -1 0 0 1 -1 1 0 0 0 -1 0 0 0 0 0 -1 0 1 1 -1 -2 -1 -1 -1 0 1 -1 0 0 1 0 0 0 0 1 0 0 1 -1 0 -1 -2 0 -2 -1 -2 0 0 0 0 0 0 0 0 0 -1 0 0 3 0 -1 0 0 -1 0 -1 0 0 0 0 -1 0 1 0 1 2 0 0 0 0 -1 0 0 -1 0 0 0 0 1 1 0 0 1 1 0 -1 0 0 1 0 0 -2 1 -1 0 -1 0 -1 0 1 0 1 0 1 -1 0 -1 0 0 1 0 -1 0 0 0 1 1 0 0 0 0 16 0 0 0 0 0 0 -1 1 0 2 -1 0 0 0 -1 0 0 0 -1 0 1 1 0 0 1 0 -1 -1 0 3 2 -1 0 0 1 0 -1 0 0 0 1 -2 -1 1 -1 2 1 0 1 0 -1 0 0 0 0 0 0 -1 0 0 0 2 0 2 1 0 0 0 0 1 0 1 1 0 0 0 0 -1 0 0 0 0 -1 0 2 -1 1 -1 0 0 0 0 1 0 -1 0 -1 1 0 1 0 -1 -1 2 1 1 -1 0 0 0 -2 0 0 -1 1 0 0 0 0 0 -2 2 1 0 0 0 0 1 0 1 0 1 0 2 0 0 0 0 0 1 0 0 1 0 -1 0 0 -1 -1 0 0 1 0 -1 0 0 1 1 0 0 0 1 1 1 -1 0 0 -1 -1 1 0 1 -1 -1 0 0 0 0 0 0 0 0 -1 0 1 0 1 0 1 -2 1 0 -1 3 2 0 0 -1 0 -1 1 1 0 -1 1 -1 0 0 -1 0 0 0 0 1 -1 1 0 0 -1 0 0 0 0 2 -1 0 -1 0 0 0 0 0 1 0 0 0 1 1 -1 0 1 -1 -1 1 1 1 0 2 0 -1 1 0 1 0 0
0 1 0 0 -1 0 2 0 0 0 0 0 1 0 0 -1 0 0 0 2 1 -1 0 0 0 0 0 0 0 -1 0 0 -1 1 0 0 -1 0 0 0 0 0 0 0 0 1 0 1 1 1 0 0 0 0 0 1 0 0 0 0 0 -1 -1 0 0 0 1 0 1 0 0 0 0 0 0 0 1 0 0 -1 0 0 0 0 0 0 0 -1 0 -1 0 -1 0 0 0 1 0 0 0 0 0 0 0 0 0 0 -2 1 0 0 1 0 -1 0 1 0 0 0 0 0 0 -1 0 0 -1 0 1 0 0 0 0 0 0 1 0 0 0 0 0 1 0 1 1 -1 0 0 0 0 0 0 1 1 0 1 1 0 0 0 0 0 1 0 0 -1 0 0 0 0 1 0 0 0 1 0 0 0 0 0 0 0 -3 1 0 0 -1 0 0 -2 0 0 1 0 0 0 0 -1 1 0 0 0 0 0 0 0 0 9 0 0 1 0 0 0 0 1 2 0 0 0 0 1 -1 0 1 1 0 1 0 0 0 0 0 1 -1 0 0 0 0 0 0 0 1 0 0 0 0 1 1 0 0 -1 0 1 0 0 2 0 0 2 0 0 0 0 0 0 1 0 0 0 0 0 1 0 1 0 0 -1 0 1 1 -1 1 2 0 1 -1 0 0 0 -1 1 0 0 1 0 1 0 1 0 0 0 1 0 0 0 0 1 0 0 0 0 0 0 0 1 0 1 -1 1 0 0 0 0 0 0 0 0 0 0 0 1 0 0 0 0 0 0 0 0 0 0 0 0 -2 0 1 0 0 0 0 0 0 0 0 0 0 0 0 0 0 -1 1 -1 0 -1 0 0 1 1 0 0 0 -1 0 0 0 0 1 0 0 0 0 0 -1 1 0 0 0 0 0 0 0 1 0 0 0 0 0 -1 1 1 1 0 0 0 0 1 0 1 0 0 1 -1 0 0 -1 0 1 0 0 0 1 0 0 0 1 1 0 1 0 -1 0 -1 -1 1 0 0 0 0 -1 0 0 0 0 0 -1 0 0 0 0 0 1 0 0 0 -1 0 0 0 0 0
-1 0 0 0 0 -1 0 -2 -2 0 0 1 0 0 -1 0 1 0 0 1 1 0 0 -1 -1 0 1 0 1 1 0 -1 3 -1 4 0 0 0 1 0 -1 0 1 0 1 0 1 0 0 1 -1 2 0 0 0 0 -2 0 1 0 0 1 0 -1 -2 0 0 2 -1 2 -2 1 1 -1 1 0 0 2 1 0 0 0 2 -1 0 0 -1 -1 -1 -1 0 2 -1 0 2 -1 1 1 1 -2 -1 -1 0 -2 0 1 0 -1 1 1 0 0 -2 0 0 -2 -2 0 0 1 -1 1 0 -1 -1 -1 0 -1 0 0 -1 0 1 0 2 1 0 0 0 0 0 1 -1 0 0 1 0 -1 0 0 0 1 1 1 1 1 1 2 -1 2 0 0 0 0 1 0 0 0 0 -1 -1 -1 0 0 -2 0 0 1 1 2 0 1 1 -1 0 0 0 0 3 0 0 -1 1 1 0 0 -1 2 0 0 -1 0 0 0 0 0 23 0 1 0 0 0 1 0 0 0 0 -1 -1 -1 -1 -2 0 0 1 0 1 0 0 2 -1 1 1 0 -1 0 0 3 0 -1 0 -2 1 0 0 -1 -2 -1 0 0 1 0 0 1 0 0 1 0 -1 0 0 0 0 0 0 -1 0 1 0 -1 0 0 -1 0 0 0 0 1 0 0 2 -1 1 0 0 0 0 1 0 0 1 1 1 -1 0 0 -1 0 1 0 0 1 -1 -2 1 0 1 -1 0 0 1 0 0 0 3 -1 0 0 -1 0 1 1 -1 -1 0 1 1 -1 0 2 0 -1 -1 0 0 1 0 1 1 0 0 0 0 -2 1 -1 0 1 0 0 0 1 0 0 -2 0 0 0 1 -2 -1 0 0 3 0 1 -1 0 0 0 0 0 0 0 0 0 0 0 0 0 0 4 0 1 1 -1 0 1 0 0 0 0 0 1 0 0 2 0 0 -1 0 -1 2 0 0 -1 2 0 0 3 0 0 -1 0 1 0 -2 1 1 -1 1 1 1 -1 1 0 -2 0 0 0 -2 -1 1 0 -2 0 0 -1 0 0 -2 1 0 1 1 1 -2 1 0 0 0 2 2 0 0 -2 1 0 0 -2
0 0 0 0 -1 0 0 0 0 -2 -2 -1 0 0 1 -2 1 0 2 1 -2 0 2 0 1 3 1 -1 0 2 0 0 0 0 0 0 -1 1 0 0 -1 0 0 -1 -2 0 1 1 1 1 0 0 -1 0 -1 1 -1 0 1 0 0 0 2 -2 1 -1 0 0 -1 0 0 0 1 0 0 0 0 0 2 -1 0 2 0 1 0 -1 1 1 1 0 -1 0 -2 0 0 -1 0 0 -1 0 -1 -1 1 -1 1 0 1 2 1 -1 0 0 -1 0 0 0 1 -1 -1 0 0 1 0 0 0 -1 -2 -2 -1 -1 0 1 -1 0 0 -1 1 -1 0 0 -1 0 1 0 1 0 2 0 0 -1 0 1 0 0 -1 0 -1 -1 -1 0 -1 0 0 0 0 -1 1 -1 0 0 0 0 0 2 0 0 -2 0 0 0 0 0 -1 0 2 1 -1 1 1 0 2 1 -1 0 0 1 1 1 -1 0 1 0 1 0 0 0 0 21 1 -1 0 -1 -1 1 -1 -1 1 -1 -1 -1 -1 0 0 1 0 -1 0 0 0 -2 0 0 1 1 0 0 0 0 -1 0 1 -2 1 0 1 0 -1 0 0 1 0 1 0 1 -1 0 0 1 1 2 0 1 2 -1 1 2 0 0 1 -1 0 0 1 -1 0 0 -2 0 0 0 1 1 -1 0 0 -1 2 -1 0 -1 0 0 0 0 0 -1 0 0 0 0 1 0 0 -1 1 -2 1 0 0 0 0 -1 0 0 -1 0 0 -1 0 -1 -1 0 0 0 0 0 2 -2 0 -1 0 -1 1 0 0 0 0 0 0 0 0 0 -2 0 2 0 0 0 1 0 -2 0 3 0 -1 -1 1 2 -1 0 -1 0 0 0 -1 0 1 0 -1 -1 0 -2 1 0 -1 -2 -1 -2 1 0 0 0 1 0 -1 0 -1 1 0 0 1 0 0 1 0 1 0 -1 1 0 0 0 -1 -1 1 1 0 1 0 1 1 0 0 2 0 -1 0 0 0 0 0 -1 0 1 -2 0 -1 0 0 0 0 -1 -1 0 0 0 2 0 -1 -1 1 0 0 -2 0 -1 3 0 0 0 -1 0 0 0 0 -1 -1 0 1 1
0 1 0 1 -1 0 3 0 2 2 -1 0 1 -1 1 -1 1 3 0 0 -1 1 0 2 0 3 1 0 1 0 0 1 -1 0 -1 2 -1 0 1 1 -1 0 0 1 -1 3 0 1 0 -1 0 0 0 1 0 -1 -1 0 1 2 1 -1 0 2 -1 2 1 0 0 0 1 1 1 0 -1 1 1 1 0 1 0 -1 -1 0 0 1 0 0 -1 -1 0 0 1 -1 0 0 0 1 0 -1 1 1 0 -1 -2 -1 0 0 0 1 -1 0 -1 0 0 1 0 0 0 1 1 0 -2 0 1 0 0 0 0 0 0 -1 2 2 3 0 0 1 1 0 -1 1 0 0 1 -1 0 0 0 0 -1 1 0 1 0 -1 0 1 0 -1 0 -2 0 0 0 0 0 1 3 0 2 -1 1 0 -1 1 -1 0 0 2 0 0 0 1 1 -2 0 0 -1 1 0 1 0 0 -1 -1 -1 1 0 0 -1 0 0 1 0 1 1 1 21 0 2 -1 1 1 0 0 1 1 0 -1 0 0 2 2 -1 1 -1 -2 1 0 0 0 1 1 1 0 0 1 -1 0 2 0 0 1 0 0 0 0 0 0 0 -1 0 0 0 1 -1 2 1 -1 0 1 0 0 0 0 1 0 0 0 0 0 -2 0 0 1 1 1 0 -1 0 0 1 0 0 1 1 0 1 1 1 0 0 0 0 1 0 0 0 -1 0 0 1 0 1 0 0 1 0 0 -1 0 0 -2 1 0 1 1 1 1 -1 -1 0 0 0 0 1 0 0 -1 0 0 1 -1 0 1 1 0 0 1 0 1 0 -1 1 0 0 0 1 0 0 -1 1 0 0 -1 -2 -1 0 0 1 -1 -1 0 0 0 0 0 0 0 0 1 1 0 1 -1 3 0 0 -1 -1 2 0 1 0 -1 1 0 0 0 0 0 0 1 1 0 0 2 0 0 0 0 1 0 -1 0 -1 1 1 0 2 0 0 1 0 2 0 0 2 0 0 0 0 1 -1 2 0 -1 0 -1 0 0 -2 0 0 1 -1 0 1 1 -1 -1 2 0 0 0 0 0 0 1 -1 -2 2 0 0 1 0 0 1 0
0 -1 0 2 0 0 1 -1 -1 0 0 0 -1 0 1 1 1 -1 0 0 1 0 0 1 0 0 -1 1 0 0 -1 0 -1 0 1 -1 0 0 1 0 0 0 0 -1 -1 0 0 1 0 0 0 0 1 0 -1 0 0 0 0 2 0 0 1 0 -1 0 0 -1 -1 1 0 0 0 0 0 0 1 1 0 1 0 -2 -1 1 0 -1 1 0 0 -1 1 3 0 0 2 0 1 0 2 -2 1 -1 0 0 0 0 -1 0 0 -1 0 0 0 -1 0 0 -1 -2 0 0 1 0 1 1 0 0 0 0 0 -1 1 0 1 0 0 0 -2 0 0 0 -1 0 -2 0 0 0 1 0 0 0 1 1 1 2 -1 1 1 -1 1 0 -1 1 0 0 0 0 0 0 1 0 2 -1 0 0 0 1 0 0 0 -1 1 0 3 0 0 1 0 0 1 1 1 1 -1 0 2 0 0 1 0 1 -2 0 2 -1 0 0 0 -1 0 22 -1 0 -1 0 0 -1 -1 0 1 0 0 0 -1 -1 -1 -1 0 0 -1 0 0 -1 -1 -1 0 0 -1 0 0 0 1 2 0 -2 0 1 0 0 2 2 -1 1 -2 0 1 1 1 1 0 0 0 2 1 0 -1 1 1 2 1 0 1 0 1 0 -1 -1 1 -1 0 2 1 0 1 1 0 -1 -1 0 -1 0 -1 0 0 -1 1 0 0 1 0 1 1 -1 1 1 0 0 0 -1 0 0 1 1 0 0 0 1 1 0 0 -1 0 0 1 2 0 0 0 -1 0 0 0 -1 0 0 0 0 -1 0 0 1 -1 0 2 0 2 0 0 1 -1 0 0 1 0 0 0 -1 0 0 0 1 -1 0 0 0 0 0 1 0 0 -1 0 2 1 -1 1 -1 0 1 0 0 0 0 0 0 1 0 0 1 1 -1 -1 0 2 0 -1 -1 0 1 0 0 -1 1 1 0 1 2 1 1 0 1 0 0 0 -1 0 0 0 0 0 0 0 0 0 2 1 1 1 -1 0 -2 1 1 0 0 1 0 0 0 2 0 0 1 0 0 0 0 -1 1 2 -2 0 -1 0 0 1 -1 0 0 0 0
0 0 0 0 0 0 0 1 0 0 0 -1 0 -1 0 1 0 0 0 0 -1 -1 0 -2 0 0 0 -1 -1 0 0 1 0 1 -1 1 0 1 0 -1 0 -1 1 0 0 0 0 0 0 0 0 -1 1 0 -1 0 0 -1 0 1 0 1 0 1 -1 1 -1 0 -2 0 0 0 -1 1 0 1 0 0 0 -1 0 1 1 2 -1 1 0 0 0 -1 1 0 0 0 -1 -1 1 0 0 -1 1 0 1 0 -1 1 0 -1 0 0 0 -1 -1 0 1 1 0 -1 1 1 -1 -1 -1 0 1 -1 1 1 0 0 0 -1 0 0 -2 -1 0 0 -1 0 -1 0 1 0 1 0 0 -1 0 -1 0 0 2 0 0 -1 1 -1 0 1 0 0 -1 0 0 0 0 2 0 1 0 -2 0 0 0 0 -1 -1 0 1 0 0 -1 1 0 0 1 1 0 0 1 2 0 0 -1 -1 0 1 0 0 0 1 -1 0 0 0 0 0 2 -1 17 1 1 -1 -1 1 -1 1 -2 0 1 0 0 1 0 0 -1 -2 1 0 0 0 1 0 0 0 1 1 0 0 0 -1 0 0 -1 1 0 0 -1 1 0 -2 0 0 0 0 0 -1 0 0 -1 0 0 0 0 -1 0 -1 0 0 -1 0 2 1 1 2 0 1 0 0 0 0 1 -1 -1 0 -1 0 0 0 1 0 2 -1 0 1 0 0 0 1 0 0 0 0 -2 0 0 0 0 0 0 0 0 -1 0 1 0 0 2 0 1 0 -2 -1 -1 0 1 -2 1 1 0 -1 2 -1 1 -1 1 0 -1 1 0 0 0 0 1 0 0 0 0 -2 0 -2 1 -1 1 0 -2 0 -1 -1 0 -1 0 0 0 0 0 1 1 1 0 0 0 1 0 1 2 0 0 0 0 0 -1 -1 0 0 0 0 -1 -1 -1 0 -1 0 0 0 0 1 0 0 1 1 0 1 0 0 1 -2 0 0 -1 0 0 0 1 0 -1 0 0 0 0 0 0 -1 1 1 0 0 0 0 0 0 1 -1 -1 0 -1 0 -1 0 0 0 0 0 1 -1 0 1 -1 0 -1 0 0 -1 0 1 0 1 0 1
-1 -2 0 1 0 2 -1 2 0 0 1 1 1 0 1 0 -1 -1 0 0 0 0 0 0 1 0 1 0 -1 0 0 -1 0 0 0 1 0 -1 1 0 1 1 1 1 1 3 1 0 1 0 0 -1 1 1 0 3 0 0 0 0 0 0 0 -1 0 -1 1 0 2 1 0 -2 -1 1 -1 0 1 -1 -1 2 -2 1 0 -2 -1 -2 1 1 1 1 0 1 1 -1 -1 0 2 0 -1 2 0 0 0 0 0 0 0 0 1 -1 1 0 1 0 0 -1 1 -1 0 0 1 1 0 0 -1 0 -2 -1 0 0 0 -1 0 1 -1 1 0 0 0 -1 -2 0 0 1 1 -1 0 -2 0 1 0 0 1 3 -1 0 2 -1 0 -2 2 0 0 1 -1 0 0 0 0 -1 1 0 -1 0 2 -1 0 0 0 0 0 0 -1 -2 0 2 1 -1 0 -1 0 -1 0 0 -1 -1 0 1 0 0 0 0 2 1 -1 0 0 -1 -1 0 1 26 1 0 0 1 2 -1 -1 1 0 0 0 -1 -1 3 0 0 2 0 -2 -1 0 0 1 0 0 1 0 2 -2 -2 -1 1 0 1 0 0 2 1 2 -2 1 0 0 0 1 -1 0 0 0 0 1 0 -1 1 1 1 0 0 -1 1 -1 0 0 0 0 1 1 0 0 -1 -1 0 0 0 -1 1 1 -1 -1 0 0 1 -1 0 0 -1 1 -1 0 0 0 0 0 1 -1 1 0 2 0 0 1 0 -1 1 0 -1 -1 2 -1 1 1 0 1 0 2 0 0 0 1 0 -2 0 1 0 0 0 1 1 0 -1 1 2 -1 -1 0 0 2 -1 1 2 -1 -2 0 1 0 -2 0 -2 0 -1 0 -1 -1 0 -1 0 1 0 1 0 -1 2 1 0 -1 1 0 1 -1 0 0 0 2 0 4 1 1 -1 0 -1 1 -1 0 0 -1 0 0 -1 0 0 -1 0 1 1 2 -1 2 0 0 0 0 2 2 0 1 0 -2 0 -1 0 0 0 0 0 0 0 0 1 0 0 2 0 1 0 0 0 0 1 1 0 0 0 -1 0 -1 0 0 0 1 0 -1 -1 -1 1 0 0 0 -1
0 -1 0 0 1 0 0 0 1 0 1 -1 0 3 1 0 0 0 0 -2 1 0 0 -1 0 0 0 -1 -2 -1 0 -1 0 -1 0 0 0 0 0 -1 0 2 0 0 3 2 -1 0 -1 1 -1 -3 0 0 -1 0 1 -1 0 0 0 1 0 1 -1 -1 0 0 0 1 0 1 1 1 0 -1 0 0 -1 -2 0 0 0 -1 0 0 1 -1 0 0 0 2 0 1 0 1 2 0 -2 1 1 0 -1 0 -1 0 -1 2 0 0 1 1 0 2 1 1 -1 0 1 -1 1 1 0 0 -2 0 0 2 0 0 0 -3 1 3 -1 2 0 0 0 0 0 0 1 -1 -1 0 0 2 1 1 0 1 -1 -1 1 0 1 1 0 0 0 0 -1 0 -1 0 -1 0 0 1 2 0 0 0 0 1 -1 -1 -1 1 -1 1 2 1 0 2 0 2 0 -2 2 0 0 1 -1 1 1 0 -1 0 0 -1 1 0 1 0 1 -1 1 -1 1 1 25 0 -2 -1 0 0 0 0 0 0 0 -2 0 0 2 -2 0 0 1 1 0 0 3 1 0 0 1 1 1 0 1 0 1 0 -1 0 0 0 1 2 0 1 1 1 0 0 1 2 1 -1 0 1 0 0 0 1 1 0 -2 -2 0 0 0 2 0 0 0 0 0 0 -1 1 0 1 0 -1 1 1 1 0 3 0 -2 0 0 2 0 0 -1 0 1 0 0 -1 -1 -1 0 -1 0 0 0 0 0 0 1 0 2 3 0 -1 -1 0 1 0 -2 1 3 -2 1 0 0 0 1 -1 1 0 -2 0 0 0 0 0 0 0 0 -1 1 2 0 1 1 0 -1 3 -3 0 0 0 0 1 1 2 1 1 1 0 -2 0 0 2 1 0 1 1 0 1 0 0 2 1 2 1 1 0 0 -1 1 0 -1 1 0 0 1 0 1 -1 -2 -1 0 0 1 1 0 1 1 0 1 -1 1 1 1 -1 0 0 -1 0 0 0 0 0 0 0 3 0 -3 0 0 1 1 0 2 -2 0 1 -2 0 0 0 0 -1 1 1 -1 -1 0 0 1 1 1 0 1 1 1 0 -1 0 1 0
0 -1 0 -1 -1 0 2 -1 0 2 0 2 0 0 1 0 1 0 0 0 0 0 1 -1 1 0 -1 0 2 0 0 1 -2 0 0 1 -1 0 0 1 0 0 0 0 0 0 0 2 1 0 0 0 -1 0 1 0 0 0 0 0 -1 0 0 0 2 0 0 -1 0 0 0 0 0 -1 0 -1 -1 0 0 -1 -1 0 0 2 0 0 0 0 0 0 0 0 0 1 2 1 0 0 0 1 0 0 0 0 -1 0 0 1 1 0 0 -1 -1 0 1 0 1 0 0 0 0 0 0 0 0 0 -2 0 0 -1 0 0 -1 1 0 0 0 0 0 1 1 0 0 0 0 0 -1 1 0 1 0 2 0 0 0 -1 0 1 0 -1 -1 -2 1 1 0 -1 0 -2 0 0 -2 1 1 0 1 0 0 0 -1 0 0 0 0 0 0 0 1 0 -2 0 -1 0 0 0 0 1 0 0 0 0 0 -1 0 -1 0 1 0 1 1 0 -1 0 0 12 0 -1 2 0 0 0 0 0 0 0 0 0 0 0 0 0 0 0 0 0 0 0 0 0 0 0 0 0 0 0 0 0 1 0 0 1 1 -1 0 0 1 0 -1 1 0 -1 -2 0 0 0 -1 1 -1 -1 0 0 1 0 0 0 0 0 0 1 0 0 0 1 1 1 0 -1 0 1 0 0 0 0 0 0 -1 0 0 0 0 0 1 0 1 0 1 0 0 1 0 0 0 0 0 0 0 0 0 1 0 1 0 0 0 0 -1 0 0 -1 2 0 0 0 1 0 0 -1 0 0 0 -1 0 1 -1 0 0 0 1 -1 0 0 -1 2 0 0 2 -1 0 -1 0 1 1 0 -1 0 0 0 0 -1 0 0 0 0 0 0 -1 1 -1 1 0 1 0 0 0 0 0 0 1 0 -1 -1 1 -1 0 -1 0 0 0 0 0 0 0 0 0 0 -1 0 -1 1 0 0 1 0 0 2 0 0 0 0 0 0 0 0 0 0 0 0 -1 0 0 0 -2 1 0 0 0 0 -1 0 0 0 0 0 0 -1 -1 1 1 1 0 0 0 1 0 0 -1 0 0 1 0 -1
1 0 0 0 0 0 0 0 -1 0 -1 0 0 0 1 -2 1 0 0 0 0 0 -1 0 0 0 0 0 0 0 0 1 0 0 0 -1 1 1 0 1 -1 0 0 -1 1 0 0 0 -1 0 0 0 0 0 0 -1 1 0 -1 -1 2 0 0 0 0 0 0 0 4 1 0 0 0 0 -1 0 0 1 1 0 -1 0 0 -1 1 0 1 0 0 1 0 -1 -1 -2 0 0 0 0 0 0 -3 0 0 0 1 1 -1 1 0 0 -1 1 2 -2 1 0 -2 -1 0 1 -1 -1 0 0 1 1 0 1 0 1 0 1 -1 0 1 0 0 0 0 0 0 1 2 0 0 0 0 -1 -1 1 0 0 0 0 0 1 1 0 1 0 0 0 1 -1 -1 -1 0 0 0 -1 -1 -1 1 0 0 1 1 0 0 -1 -1 0 -2 0 -1 1 0 -1 1 0 0 0 0 0 0 0 -1 0 2 2 0 0 0 1 2 2 0 -1 0 0 -1 0 -2 0 18 -1 0 0 0 -1 0 0 0 1 0 0 0 0 1 1 1 0 -1 0 0 1 1 0 0 1 1 0 0 0 1 -2 2 0 0 -1 1 -1 0 1 0 -1 0 0 1 0 0 0 0 0 0 0 0 2 -1 1 0 -1 -1 -2 -1 0 0 -2 1 0 -1 2 0 1 0 -1 3 0 0 1 0 1 0 0 1 -1 0 -1 0 0 -1 0 0 0 3 1 0 -1 1 0 0 0 0 0 1 1 0 0 1 2 -1 0 -1 0 1 0 0 0 0 0 -1 1 -1 3 0 0 -2 0 0 -1 0 1 -2 1 1 0 0 1 1 -1 0 0 0 0 0 -1 0 2 0 0 0 1 0 -1 1 0 1 0 0 0 0 0 -1 0 0 0 0 1 0 1 -1 0 -2 2 0 0 0 0 1 1 -1 -1 -1 -1 1 -1 1 0 0 0 0 0 0 0 0 -1 1 0 0 -2 0 0 0 0 -2 -1 1 0 -1 -1 0 0 -1 0 0 0 0 -1 1 0 0 -1 2 0 2 1 2 1 1 0 0 0 1 -1 0 2 -1 0 0 -1 3 0 1 1 -1 0 2 0 0 0
0 0 -1 0 0 0 -1 0 0 1 1 -1 0 -2 1 1 0 0 -1 1 0 0 1 0 0 0 1 -1 0 2 0 0 1 -1 -1 1 0 0 -1 1 1 0 0 -1 0 1 2 0 1 0 1 0 1 1 0 0 -1 0 0 0 -1 0 0 4 -1 -1 0 0 1 0 0 1 -1 0 0 -1 0 0 -1 -1 0 0 0 1 0 1 0 -1 0 1 1 1 0 0 0 0 1 0 0 0 -1 1 1 -1 -1 -1 -2 0 -1 0 0 1 0 0 -1 0 2 2 0 1 -1 -1 0 0 -1 0 0 -1 1 0 0 -2 0 1 2 0 0 0 0 1 -2 0 0 1 2 0 1 0 0 0 0 -1 2 -2 2 -1 0 2 -1 1 0 1 0 1 1 0 0 2 1 0 1 0 -1 -1 -1 2 2 -1 0 -1 -2 0 0 0 0 0 0 0 0 -1 0 0 1 1 0 0 3 -1 0 0 -2 0 0 0 -1 0 0 -1 0 -1 1 1 -1 -1 -1 27 0 0 0 0 0 0 0 -1 1 0 0 2 0 2 0 1 -1 1 1 -1 1 2 -1 0 2 0 -1 1 1 0 -1 0 1 1 -1 -1 -1 0 0 0 2 0 0 1 1 0 -2 0 1 0 1 -1 -1 2 0 0 0 -2 0 0 0 1 0 0 0 0 1 -3 1 2 0 1 0 0 0 0 0 -2 1 0 -1 0 0 1 2 0 0 0 0 0 0 -1 -2 -1 -1 -1 -1 -1 -1 0 -1 0 1 -1 1 -1 0 1 0 1 0 0 0 0 1 0 1 4 0 0 -1 1 1 3 -1 0 0 -2 -1 0 -1 0 1 1 0 0 -1 2 0 0 0 -1 1 0 -1 -1 -1 1 -1 0 0 2 0 0 0 -1 0 -2 1 0 1 0 -1 0 0 0 1 0 0 1 0 1 1 0 0 0 1 0 1 1 0 0 1 -1 1 0 0 0 0 1 1 0 0 2 0 0 0 0 -1 -1 0 1 -2 0 1 0 0 -2 0 1 0 0 1 0 0 0 0 1 2 1 1 0 0 0 0 -1 2 0 0 0 0 -1 -2 -1 1 -1 0 -2 -1 0 0 0 0 0
0 -1 0 0 0 0 0 -3 0 0 0 2 -1 0 1 0 1 2 1 0 -1 -1 0 0 0 0 0 1 2 0 1 -1 0 0 0 0 0 0 0 0 0 0 0 1 1 1 1 -1 0 0 0 0 0 0 2 -1 0 1 0 0 0 -1 1 0 0 0 0 0 1 0 0 -1 0 0 0 -2 2 -1 0 1 -1 0 -1 0 0 -1 0 1 0 -1 1 0 1 -1 2 0 1 -1 1 3 1 -2 1 1 2 0 0 0 0 0 -1 0 0 0 0 0 1 0 -1 0 0 1 1 0 1 0 -1 -1 0 0 0 -1 0 0 1 0 0 0 0 2 -1 0 0 1 -2 1 0 1 -1 0 2 0 2 2 0 1 -1 0 0 1 2 0 2 1 1 -2 0 -2 0 -1 1 3 1 0 1 0 1 0 0 0 1 0 0 1 0 0 0 1 0 1 0 0 1 -1 0 1 -1 0 0 0 0 1 2 0 0 0 0 1 1 -1 -1 2 0 2 0 0 27 1 0 2 1 0 0 1 0 1 0 -2 1 1 1 1 1 0 -1 0 -1 -1 0 2 0 0 0 0 2 0 1 0 1 1 0 1 0 0 0 1 0 0 0 2 1 0 0 -1 0 2 0 2 1 1 2 1 -1 0 1 1 1 -1 1 0 1 -1 -1 0 1 0 0 3 -1 0 0 0 0 0 2 1 -1 -2 0 0 -1 0 -1 1 0 0 0 -1 0 0 0 0 0 1 0 1 0 0 0 0 -1 -1 1 1 0 -1 1 0 1 1 0 4 1 -1 2 0 1 0 0 -1 1 1 1 2 0 2 1 2 1 -2 0 -1 0 1 0 0 0 0 1 3 1 1 0 -1 0 -1 0 0 1 1 0 0 1 1 0 0 1 -1 0 0 0 1 0 0 -2 0 0 0 0 0 0 -1 2 1 0 0 1 0 0 2 0 0 -1 1 0 0 1 1 0 1 3 0 2 -2 0 0 1 0 -1 -1 0 0 0 -1 2 -2 2 0 0 0 0 0 1 0 0 0 0 1 -1 0 -1 0 0 1 -3 2 0 -1 -1 0 1 1 0 0 -1 1 -1 0 0 -1
0 1 0 0 0 0 0 -1 -1 1 1 0 1 0 2 -1 0 0 0 0 0 1 1 0 0 0 0 0 0 0 -1 0 0 1 0 0 0 1 -1 1 0 0 -1 0 0 0 1 0 0 0 1 0 1 0 0 0 0 0 0 1 0 -1 1 0 -1 0 -1 -1 0 -1 0 -1 0 0 0 0 0 1 0 0 -2 -1 0 0 2 1 0 0 -2 0 0 1 0 0 0 1 0 0 -1 -1 2 1 0 0 -1 0 0 0 0 -1 0 0 1 1 0 -1 0 0 -1 -1 -1 0 1 0 0 2 1 1 0 0 -1 0 1 0 1 0 0 0 0 0 0 0 0 0 0 0 0 -1 1 -1 1 0 -1 0 0 0 0 -1 1 1 0 0 0 0 0 -3 2 1 0 0 0 0 0 0 0 2 -1 0 0 0 0 0 0 -1 -1 1 0 0 0 0 -1 0 0 0 0 1 -1 0 0 0 0 0 -2 0 0 0 -1 -1 1 0 1 -1 0 0 0 0 1 14 2 1 1 0 0 0 0 0 0 1 0 1 0 1 0 0 -1 0 0 -1 0 0 1 2 0 0 -1 0 0 0 0 1 -1 0 0 1 0 0 1 1 -1 0 -1 0 0 0 0 0 0 0 1 1 2 0 0 0 1 0 0 1 0 0 0 0 0 -1 -2 0 1 0 0 1 -1 -2 1 -1 1 0 1 0 0 0 0 0 0 0 0 0 1 0 0 -1 2 0 0 0 -1 0 1 0 1 -1 0 -1 0 0 0 -1 0 0 0 0 0 1 0 0 0 2 0 0 0 0 0 2 0 2 -3 -1 2 0 0 -1 0 1 0 0 2 1 -1 1 0 0 1 0 0 0 0 0 2 0 0 0 0 -1 0 0 -1 0 1 0 -1 0 0 0 0 0 -1 0 0 0 0 0 0 0 1 2 0 -1 0 0 -1 1 0 0 -1 0 0 0 0 0 0 0 -3 2 1 0 0 1 -1 -1 1 0 0 1 0 0 0 0 0 0 1 1 0 0 0 1 0 -1 -1 0 0 0 0 0 0 -1 0 -1 0 1 1 0 0 0 0 0 -1 -1 0 1 -1 0
0 0 0 0 1 1 0 2 0 1 0 0 0 0 0 -1 0 1 0 1 0 0 0 1 0 0 0 0 -2 0 0 0 -1 -1 1 -1 0 0 0 0 0 0 0 0 1 0 0 0 0 0 0 0 0 0 3 0 1 2 0 0 0 0 1 0 0 1 0 0 0 0 0 -1 1 1 0 0 0 2 0 0 0 -2 1 0 2 2 -1 0 -1 0 0 1 0 0 0 1 0 0 -1 -2 2 1 1 0 0 0 0 1 0 0 0 1 0 3 0 0 0 1 0 -1 0 -2 0 0 -3 2 1 0 0 0 -1 0 0 0 -2 0 -2 1 1 0 0 0 0 -1 0 0 1 1 1 2 0 1 0 1 1 0 0 0 0 0 0 0 0 0 0 1 1 0 0 0 0 2 0 0 0 1 0 1 1 -1 1 0 2 0 -1 -1 0 1 -1 0 -1 -1 0 0 0 0 0 0 0 0 0 0 0 1 0 0 -1 -1 0 1 -2 -1 0 0 0 0 0 2 17 1 0 1 2 0 1 1 1 -1 1 0 1 1 -1 0 1 0 0 0 1 0 2 3 0 0 0 -1 0 1 2 0 0 1 0 0 0 0 1 0 0 0 0 0 0 0 0 2 1 1 1 0 0 0 0 0 0 0 0 1 0 0 -1 0 0 0 0 0 0 0 1 2 0 0 -1 1 0 -1 1 0 -1 0 0 -2 0 0 0 0 0 -2 1 1 -2 0 0 1 1 -1 1 0 -1 0 0 0 0 1 2 -1 0 1 0 0 -1 -1 0 2 0 0 -1 0 0 0 0 0 1 1 -2 1 0 0 0 2 1 0 0 -1 0 0 1 0 0 -1 0 0 0 0 1 0 0 0 0 1 0 0 2 0 1 0 0 -1 0 1 1 1 0 -1 0 1 -1 1 0 0 0 1 1 -1 1 -1 1 1 1 0 0 1 1 0 0 0 0 1 0 0 0 1 0 0 0 0 1 0 0 1 0 0 2 0 1 0 -1 0 -1 2 0 1 0 1 0 0 0 0 0 0 -1 0 -2 0 -1 0 1 -1 0 0 0 0 0 -1 0 0 -1 0 -1 -1
0 0 1 -1 0 0 1 1 -1 -1 -1 1 0 0 0 3 -1 -1 2 0 0 0 0 0 -1 -1 0 0 0 2 0 -1 0 1 0 1 0 0 1 0 0 2 0 0 0 0 1 0 1 0 0 0 0 -1 0 0 -1 0 0 0 0 0 1 -1 0 -1 0 -1 0 1 -1 0 0 -1 0 1 1 0 -1 3 -1 1 0 0 -1 2 -1 -2 0 -1 0 1 1 0 -1 1 0 0 0 -1 2 1 0 1 0 0 1 0 0 -2 0 0 -2 0 -1 -1 -1 0 1 1 -1 0 -1 0 -1 1 3 1 0 0 0 1 1 0 -1 0 -1 2 1 0 1 0 0 1 1 1 0 0 1 1 1 0 0 -1 0 -1 0 0 1 0 0 0 0 1 1 1 0 0 0 0 0 0 1 1 0 0 0 4 0 0 0 0 1 0 0 0 -1 1 -1 1 -1 0 1 0 0 0 -1 0 -2 0 1 0 -1 0 -1 1 -1 -1 -1 0 0 1 0 0 -1 0 2 1 1 23 1 0 2 -1 0 -1 2 -1 -1 1 -1 1 0 0 1 0 0 0 0 0 0 0 1 0 0 1 1 -1 -1 1 0 0 -1 0 1 -1 -1 -1 0 0 1 0 0 0 0 -1 -1 0 0 0 -1 0 -2 0 0 -1 0 0 0 -1 -1 0 0 0 -1 0 0 1 1 0 0 0 1 0 1 0 2 0 0 2 1 0 -1 0 2 0 0 1 1 1 0 0 0 2 1 0 0 0 1 1 -1 -1 0 2 0 -1 -2 1 0 2 0 2 0 1 1 0 0 1 2 -1 -1 0 0 3 0 1 1 -1 -1 -1 1 0 1 -1 1 0 0 0 0 0 1 0 0 -1 1 1 0 1 0 -1 0 0 0 1 1 1 1 0 0 -1 1 1 0 -1 1 0 -1 1 2 1 0 0 3 -1 1 0 0 0 -2 1 1 1 2 0 0 0 -1 0 -1 0 1 0 1 0 0 1 1 -2 2 2 0 -1 1 1 1 0 0 -1 0 0 0 1 0 0 0 -1 1 0 0 0 1 -1 -2 1 -1 -2 0 0 -1 0 0 0 1 -2 -1 -1 -1 -1 0 0
0 0 0 -1 0 0 1 -1 -2 0 0 1 0 0 -2 1 -2 -1 -1 -1 0 0 -1 -1 0 -1 1 -1 0 0 1 2 0 0 0 -1 0 0 1 1 0 0 1 0 0 0 1 1 0 0 0 0 -1 1 1 0 0 1 0 0 0 1 0 0 0 0 1 -2 0 0 0 0 0 1 0 1 0 -1 1 2 1 0 2 0 0 0 0 0 1 0 0 -1 0 0 1 1 2 0 -1 1 1 2 1 -1 0 0 2 0 1 0 0 0 2 1 0 -1 -1 1 0 0 -1 0 1 -1 2 0 0 1 -1 1 0 0 0 0 -1 0 0 1 1 0 -1 1 1 1 -1 1 1 -2 0 1 1 0 0 0 0 0 -1 1 -1 0 0 1 0 0 0 -1 0 0 0 0 1 1 -1 0 0 1 -2 0 0 -1 2 0 0 0 3 0 0 0 0 0 1 0 1 0 -1 0 2 1 0 -1 0 0 0 -1 0 -1 -1 -1 0 0 1 0 0 0 0 0 1 1 0 1 20 0 0 0 -1 0 1 -2 3 1 0 -1 0 0 0 0 0 -2 0 -1 0 0 0 0 0 -1 -2 1 0 1 0 -2 0 1 0 1 1 1 -1 1 0 1 -1 1 0 0 0 1 -1 0 1 0 0 0 0 -1 1 -1 1 0 -1 -1 0 1 -1 2 0 1 0 -1 0 1 1 0 0 0 0 1 0 0 0 0 2 0 0 1 0 0 1 0 1 0 0 0 -1 0 0 -1 1 0 1 0 0 0 -2 0 0 0 0 0 1 1 0 0 1 0 0 0 0 -1 0 1 0 1 0 2 -1 1 -1 2 0 0 0 0 0 0 0 0 0 -3 0 0 0 -1 1 -1 0 2 0 2 1 1 3 0 0 0 0 1 1 0 0 1 0 0 -1 0 0 0 -1 -1 0 0 0 0 1 0 2 3 0 1 0 0 2 1 0 0 0 1 -1 0 0 0 -2 0 0 -1 0 1 0 -1 0 0 0 1 -1 0 2 0 1 2 0 0 0 0 0 2 0 0 2 1 0 1 0 1 -1 0 0 0 0 0 1 -1 0 1 0 1 -1 1 0 0
0 0 1 1 0 0 0 0 0 0 1 0 0 0 -1 0 0 0 0 0 0 0 0 -1 0 -1 0 0 -1 0 -1 0 0 0 0 -1 0 1 0 -1 0 0 0 0 0 0 0 0 0 0 0 -1 0 1 0 0 0 0 0 0 0 0 0 1 0 0 1 -1 0 0 1 0 -1 -1 0 1 0 1 0 0 0 0 0 0 -1 0 0 1 0 0 0 0 0 0 0 1 0 0 0 1 0 0 0 -1 1 0 0 -1 0 0 -2 0 0 0 0 2 0 0 0 -1 0 0 0 0 -1 0 0 0 0 0 0 0 0 0 0 0 0 0 0 0 0 1 -1 0 0 0 0 0 0 0 0 -1 0 0 -1 0 -1 0 0 0 0 0 0 0 1 0 1 0 1 1 -1 1 0 0 0 0 0 0 -1 0 0 0 0 0 0 0 1 0 -1 0 -1 0 0 0 0 0 1 0 0 0 0 0 0 0 0 0 -2 0 0 0 0 0 0 0 0 0 0 0 1 0 0 7 -1 0 0 0 0 -1 0 0 -1 0 0 -1 1 1 0 0 0 0 0 0 0 0 0 0 1 1 0 0 -1 0 0 -2 0 0 -1 0 0 -1 2 1 0 0 0 -1 0 1 0 0 0 0 0 0 0 0 -1 0 1 0 0 -1 0 0 0 0 0 0 0 -1 0 -2 0 0 0 0 -1 0 0 0 0 -1 0 0 0 -1 0 1 0 0 0 0 0 0 0 0 1 0 1 0 -1 0 0 0 0 -1 -1 1 0 0 0 -1 0 0 0 0 0 0 0 1 -1 0 0 0 0 0 0 1 0 0 0 0 0 0 0 0 0 0 0 -1 0 0 -1 0 0 0 0 0 0 0 0 0 0 0 0 -1 0 0 0 0 0 1 0 0 0 -1 -1 1 0 0 0 1 0 0 0 0 0 0 0 0 -1 0 0 0 1 0 0 0 -1 0 1 -1 -1 0 -1 0 0 1 0 0 1 -1 0 0 0 0 0 0 0 1 0 0 -1 1 0 0 0 0 0 1 0 0 -1 0 0 -1 1 0 0 -1 0 -1 0 -2 0 1 -1 0 0 -1
-1 -1 0 -1 0 0 0 4 1 0 0 0 0 1 0 1 0 1 0 0 0 1 0 0 0 1 0 0 0 0 0 0 0 0 0 1 0 -1 0 1 0 0 -1 1 0 0 0 0 1 1 0 1 -1 0 0 0 0 0 0 2 0 0 0 0 1 1 0 1 0 -1 1 1 0 -1 0 0 1 0 0 0 0 0 -1 0 1 1 0 -1 0 0 0 0 0 1 -1 -1 0 0 0 0 0 0 0 0 -1 0 0 1 -1 1 1 0 0 1 0 0 0 2 0 1 0 0 0 0 -1 0 -1 1 0 0 0 0 0 0 0 0 -1 1 0 0 0 0 0 -1 0 -1 0 -1 0 1 0 0 0 0 0 0 0 1 -1 0 0 0 2 0 2 0 0 0 0 1 -1 0 0 0 0 0 0 0 1 0 0 0 -1 0 1 -1 0 0 -1 0 0 0 0 0 -1 -1 0 1 0 0 0 0 -1 0 0 1 0 0 2 -1 0 0 0 0 0 0 0 0 2 2 0 -1 15 0 0 0 0 1 1 0 0 0 -2 1 0 0 2 -2 0 -1 1 1 0 1 0 -1 1 0 -1 1 2 -1 0 1 0 0 0 0 0 0 -2 0 0 0 0 0 1 0 0 0 1 0 -1 0 1 0 2 0 0 -1 0 0 0 0 0 1 0 -1 0 1 0 0 0 0 -1 0 2 1 0 -1 0 -2 0 0 0 0 -1 1 1 0 -2 0 -1 1 0 -1 1 0 1 0 1 0 0 -1 0 0 1 0 0 2 -1 1 0 0 0 0 0 0 -1 -1 0 0 -1 0 0 1 -1 0 0 2 0 1 0 0 -1 0 1 -1 2 0 1 0 0 0 0 0 0 0 -1 1 0 0 0 0 0 -1 1 0 0 1 0 -1 0 0 0 1 0 0 -1 0 0 0 2 0 0 -1 0 0 0 0 1 0 0 0 0 0 1 -1 0 -1 1 0 0 0 0 1 0 0 0 1 0 0 0 0 0 -1 -1 0 0 1 0 0 -1 -1 0 0 0 0 0 0 0 1 0 1 -2 0 0 1 -1 0 1 -1 1 0 1 0 1 0 0 0
0 -1 0 0 0 0 0 -1 0 1 -1 0 0 0 -1 -2 0 0 0 0 0 1 0 0 0 0 1 0 1 -1 0 0 0 0 0 1 0 0 0 0 1 -1 0 -1 0 0 0 0 -1 0 0 1 0 0 0 0 0 -1 0 0 0 0 -1 1 0 0 0 0 0 -1 0 0 -1 0 0 1 1 2 0 -3 0 1 0 0 0 -1 -1 0 0 0 1 -3 -1 -1 0 0 -1 -1 -1 -1 0 0 1 1 0 0 -2 0 0 0 0 -1 0 0 0 2 1 0 0 1 -1 0 0 1 1 0 0 1 0 0 0 0 1 2 0 1 0 1 0 0 0 1 0 -1 0 1 0 0 1 0 1 0 0 1 0 0 0 -1 0 0 0 1 0 -2 0 0 0 2 0 0 0 0 0 1 0 0 0 -1 -1 0 -2 0 0 0 0 1 0 0 0 0 0 0 -1 0 1 2 -1 0 0 0 0 0 0 1 -1 1 0 1 2 -1 1 -1 -2 0 1 -1 1 0 0 -1 0 0 0 14 0 -1 0 0 0 -1 0 1 1 0 0 -2 0 0 0 0 0 0 0 0 1 1 1 0 1 -2 -1 0 0 0 0 0 -1 1 0 0 0 0 1 -2 1 0 0 0 0 0 1 0 0 -1 1 0 0 0 1 0 2 2 1 0 0 0 0 -1 -1 0 0 0 0 1 0 0 0 1 0 0 1 0 0 0 1 1 0 0 0 0 0 -1 0 -2 1 0 0 1 0 1 1 0 1 0 0 1 0 0 0 0 0 1 0 0 -1 2 0 1 0 0 0 0 0 -1 1 0 0 0 1 0 2 0 1 1 0 1 -1 2 0 0 -1 -1 0 -3 -1 -1 1 -1 0 0 -1 -1 -1 0 0 0 1 -1 0 2 0 0 0 1 -1 0 1 0 1 0 1 0 -1 0 0 -1 0 1 0 0 0 0 1 0 1 -1 0 0 -1 0 1 1 0 0 -1 1 0 -1 0 0 1 2 0 0 -1 1 0 -1 0 0 -1 0 -1 0 0 0 1 0 0 2 0 1 -1 0 0 -1 0 0 1 0 0 0 0 1 1 0 1 0 0 1
1 -1 0 0 1 0 0 0 0 2 1 0 0 0 1 1 0 0 1 0 0 0 -3 0 0 0 -1 0 0 1 0 -1 0 0 -1 1 1 -1 -1 1 0 0 -1 -1 1 0 -1 0 0 0 1 1 0 1 0 1 0 0 1 0 1 0 0 1 1 0 -1 1 0 0 0 0 3 1 0 1 0 1 0 -1 0 0 1 1 1 1 0 -4 0 0 1 1 0 0 -1 -1 -1 -1 0 1 -1 1 0 0 2 3 1 0 2 0 -1 -1 0 0 1 1 -1 -1 0 0 -1 -1 -1 1 3 0 0 0 0 0 0 -1 0 1 -1 0 0 0 0 1 0 1 0 0 -3 -1 0 1 2 0 0 0 2 1 -1 1 1 2 2 0 0 2 1 0 0 1 1 0 0 5 -2 1 0 0 1 2 0 1 1 -1 1 0 0 0 0 -1 0 0 0 -3 0 0 1 -2 0 0 -1 0 0 0 1 1 -2 1 0 0 1 0 -1 -1 0 -1 0 0 0 1 0 0 1 0 -1 0 0 0 19 1 -1 0 0 1 0 1 -1 0 0 0 0 0 1 3 -1 1 0 0 0 0 0 1 0 0 1 1 1 1 0 0 0 1 0 -1 0 0 -1 0 1 0 0 -1 -1 1 0 -2 0 -1 0 -1 1 0 -1 0 2 0 0 0 0 1 -2 1 1 1 1 1 0 1 0 0 -1 -1 0 0 1 0 -1 0 0 0 0 -1 0 1 0 1 1 1 0 1 1 0 -1 0 0 0 -1 0 0 1 -1 0 0 0 0 0 1 0 0 0 0 0 -1 1 0 0 0 0 0 -1 0 -2 0 -2 0 -1 0 1 0 -1 0 2 0 1 1 0 0 2 1 0 0 -1 0 0 -1 0 0 -1 0 0 0 1 0 0 0 1 1 0 1 0 0 -1 1 -1 0 -1 0 -3 0 2 0 0 0 0 -1 0 1 2 0 1 0 0 1 0 -1 -1 -1 0 0 0 1 1 0 2 1 0 0 -1 0 0 -3 0 -1 -1 0 0 1 1 1 -1 1 0 0 0 0 -1 -1 0 0 1 1 1 0 0 1 1 0 -2 0 -1 0 0 0 -1
0 1 2 -1 1 0 0 0 1 0 1 0 0 0 1 0 0 2 0 0 0 0 1 1 0 0 0 0 0 -1 0 0 0 0 1 0 -1 -2 0 0 1 1 0 -1 1 1 0 2 0 1 0 0 0 1 1 0 1 1 1 0 0 0 0 1 0 1 1 0 0 0 -1 -1 1 1 -1 -1 0 -1 -1 1 -1 1 -1 0 0 1 0 -1 0 0 0 0 1 1 0 -1 0 0 0 1 0 0 0 1 0 0 -2 0 -1 1 1 0 -1 0 2 -1 0 1 0 0 1 0 0 0 2 0 1 0 0 1 0 0 1 0 1 0 0 -1 0 -1 -1 0 0 0 0 1 0 3 -1 0 1 0 0 2 0 -1 0 0 0 0 0 0 1 1 0 -1 0 0 1 0 0 0 -1 0 1 0 0 2 0 1 1 0 -1 0 0 -1 2 0 0 0 0 0 0 0 0 -1 0 0 0 0 0 0 0 0 1 1 0 -1 1 -1 0 3 0 0 0 0 1 0 1 -1 0 0 0 -1 1 14 0 0 0 -1 0 1 0 0 0 -1 0 0 0 0 0 0 0 1 0 1 0 1 0 0 0 1 1 0 -1 0 1 0 1 0 0 0 3 0 1 0 1 2 -2 0 0 0 -1 0 0 1 0 1 0 -1 -1 1 0 2 0 0 0 1 -1 2 0 0 1 -1 1 0 0 -1 0 -1 1 0 0 0 -1 1 0 1 0 1 -1 -1 0 1 0 0 -1 1 -1 1 -1 0 0 -1 0 -1 0 0 -1 0 0 0 0 0 1 -1 0 -2 0 1 0 0 0 0 0 0 0 0 0 0 -1 0 0 0 0 0 0 0 0 -2 0 -1 0 0 3 0 0 0 1 -1 0 0 -2 0 0 0 1 0 0 0 0 0 0 1 0 0 0 -2 0 0 0 -1 0 0 0 1 0 0 1 0 0 0 0 0 1 0 0 2 0 0 -1 0 0 0 0 0 0 0 0 0 1 -1 1 0 -1 0 0 0 0 0 2 -1 1 0 0 0 0 0 1 1 0 0 2 -1 1 0 -1 0 1 0 0 0 0 0 -2 0 0 1 0 -1
1 -1 0 0 1 0 1 0 0 -3 1 1 0 2 0 1 0 0 0 0 0 0 1 -1 0 0 -1 0 -3 1 0 1 0 1 -1 0 0 -1 0 0 0 0 0 0 1 2 1 0 0 0 0 -1 1 -1 1 0 -1 1 0 -1 1 2 0 -1 0 0 1 0 0 0 0 -1 0 0 0 1 -1 0 0 0 0 -1 -1 1 0 1 1 0 -1 1 -1 1 0 0 1 1 0 0 1 -1 2 0 0 0 0 1 0 1 0 -2 0 -1 -1 0 0 1 0 0 0 0 0 1 1 0 -2 0 -1 -1 0 1 0 0 0 1 -1 -1 0 0 0 -1 0 0 0 0 0 1 1 1 1 0 0 0 0 0 2 0 0 1 0 0 0 -1 1 0 0 1 0 -1 -1 -4 0 0 0 2 0 0 1 0 1 0 0 0 -1 0 -1 2 0 0 2 0 0 -1 0 1 0 0 -1 0 0 0 0 2 0 1 1 0 1 0 -1 0 -1 0 2 0 0 0 0 0 1 2 1 0 0 0 -1 0 18 -1 0 -1 -2 -1 0 1 1 0 0 0 1 0 2 0 -1 1 0 0 0 0 -1 0 0 0 0 1 1 0 -1 0 0 0 0 0 2 0 -2 1 -1 -2 -1 -2 1 0 -1 -2 0 0 2 0 1 1 0 1 2 0 0 -2 0 1 0 0 -1 0 0 0 -1 -1 0 0 0 1 0 0 0 0 1 0 0 0 1 0 0 0 0 1 0 -1 0 0 1 -1 1 0 -1 0 0 -1 0 1 -1 0 0 0 0 1 0 1 0 -1 2 -1 0 0 1 0 2 -1 0 1 0 1 -1 2 0 0 0 1 -2 2 0 0 -1 0 0 0 0 0 1 0 0 0 0 1 1 0 0 0 -1 0 0 1 0 -2 0 -2 0 0 0 0 0 0 0 0 1 0 2 0 0 1 2 -1 1 2 1 0 0 1 -1 1 0 0 0 0 1 1 0 0 0 2 0 0 -1 0 0 0 2 1 1 0 1 0 0 0 0 -1 0 -1 1 0 -1 0 -1 0 0 1 0 0 1 1 0 0 1 0 2 1 1 0 -2 0 -1 0
0 0 0 0 0 0 0 0 0 2 0 -1 0 0 1 -1 0 -2 0 1 0 0 0 0 0 -1 0 1 -1 0 0 0 -2 -3 0 -1 0 0 -3 -1 1 0 0 1 0 1 0 0 0 0 1 0 0 0 1 0 0 0 0 1 -1 0 1 -1 1 0 -1 -1 1 0 1 0 1 -3 1 0 0 0 -1 0 0 2 -2 0 1 -1 0 -1 2 2 0 0 1 1 0 1 0 1 -1 2 0 0 -1 0 0 -1 1 0 0 -1 0 -1 0 -2 0 -2 0 1 0 0 -1 1 0 0 1 1 0 1 1 0 0 0 -1 -1 2 0 1 -1 0 -1 0 -1 0 1 1 -1 0 -1 0 0 1 1 0 -1 1 1 -1 0 2 -1 0 -1 -2 -1 1 -2 1 -1 0 0 0 -2 0 -1 -1 0 1 1 0 -1 -1 0 0 -1 0 0 0 -2 1 1 0 0 0 0 -1 -1 0 0 -1 0 0 0 0 0 0 0 0 0 -2 0 -2 0 -2 0 0 2 -2 1 -1 -1 -2 -1 1 0 0 0 -1 20 0 0 1 1 0 -1 0 -1 1 -1 0 -1 0 -1 0 -1 0 -1 -2 -1 1 0 -1 0 0 -1 0 -1 1 1 -1 -1 1 0 -1 0 0 -1 0 0 0 1 0 0 1 -2 0 0 -1 0 -1 3 0 1 1 0 1 -2 0 -1 1 0 1 -1 -1 0 1 0 1 -1 1 0 0 -2 -3 2 -1 1 0 0 0 1 0 0 0 0 -1 1 0 1 -1 1 1 -2 0 1 0 0 -2 -2 0 0 0 -2 0 1 0 0 0 0 -2 1 0 0 1 2 -2 -1 0 0 1 -2 0 1 1 0 3 0 1 0 1 0 0 1 0 0 -1 2 0 0 1 0 0 0 0 1 0 2 -2 1 0 1 0 0 0 -1 0 -1 1 0 0 1 -1 0 0 -1 -2 0 0 -1 0 2 0 0 0 0 0 -1 0 -1 0 -1 0 0 1 0 1 -2 0 -2 0 0 0 0 1 -1 1 0 3 0 0 0 0 1 -1 1 2 1 0 0 -1 -1 0 0 2 0 0 0 -1 1 0 0 0 -1 -1 -1 0 -1 3 0 1 0
0 -1 1 0 0 0 0 -2 0 0 -1 1 3 0 -1 0 1 -2 -2 -2 -1 0 0 0 1 0 0 1 -2 0 1 1 0 0 -1 0 1 0 0 0 -1 -1 0 0 -1 0 0 0 0 0 0 0 0 -2 2 0 1 0 0 3 2 1 1 1 1 0 -1 0 0 0 2 -1 0 -1 0 3 0 1 0 0 0 2 0 1 -1 2 0 1 2 2 1 0 0 1 0 1 0 2 0 0 2 -1 0 0 0 0 0 0 0 0 0 1 -1 1 1 0 1 0 1 0 -1 1 0 0 0 0 0 -1 0 1 -1 1 0 0 0 1 0 0 0 0 0 -1 0 0 0 -2 1 -2 1 0 1 0 -1 0 0 0 0 1 1 -2 0 -3 0 0 0 1 0 0 0 0 0 -1 0 0 1 1 0 0 1 0 0 1 -1 0 0 -2 0 0 0 0 0 0 0 0 0 1 0 3 2 0 0 0 0 0 0 0 0 0 1 -1 1 2 0 0 1 0 1 0 1 -1 3 0 1 0 0 0 0 0 23 1 1 1 1 1 -1 1 2 0 0 1 1 0 0 0 0 0 0 0 -1 0 3 0 0 -1 1 0 0 1 0 -1 0 0 1 -1 0 0 1 1 0 -1 0 2 1 0 1 0 0 0 0 -3 2 0 0 -1 0 1 0 0 0 -1 0 -1 -1 2 0 0 0 1 0 0 -1 0 1 0 1 2 1 1 0 0 0 0 0 0 0 1 0 0 1 1 0 0 -2 0 -1 0 0 0 1 0 1 1 0 3 1 0 0 1 0 0 0 0 1 -1 0 -1 0 2 1 -1 2 1 0 -1 0 0 0 -2 0 -5 0 1 0 0 1 0 1 -1 0 -1 1 0 2 1 0 0 0 0 0 0 0 0 0 0 -1 0 0 -1 0 0 1 -1 0 0 2 1 3 1 0 0 1 0 0 0 0 2 2 0 1 0 1 -2 1 -1 0 1 1 0 -1 -2 0 3 -1 0 0 0 2 0 0 1 1 1 -1 0 0 0 0 0 2 -1 0 0 0 0 2 1 0 1 0 0 0 1 0 2 0 -1 -1 0 -1 0
-1 0 0 0 0 -1 0 0 1 0 0 0 1 -2 0 1 1 0 0 2 -1 0 -1 -1 0 0 0 2 0 0 1 1 1 2 -1 -2 1 2 1 0 0 0 -1 0 0 0 0 1 0 0 0 1 0 0 1 0 0 -1 0 0 -1 -1 -1 1 1 0 0 0 3 1 1 -1 0 0 0 -1 1 -1 2 0 0 0 0 -1 0 -2 -2 1 0 0 1 1 1 0 1 0 0 0 0 0 0 1 2 0 1 1 1 0 2 1 0 0 0 0 0 1 0 1 -1 0 -1 0 0 1 -1 0 -1 0 0 1 0 0 1 -1 0 1 0 2 0 0 0 0 -1 0 0 -1 0 0 0 0 0 -2 1 -2 0 0 2 0 1 1 2 0 1 0 0 0 0 1 1 0 0 1 -3 -1 0 1 0 -1 1 1 1 1 0 -1 1 1 0 0 0 -1 0 -1 1 0 -1 0 -2 0 1 0 0 1 0 0 1 0 2 -2 0 0 0 0 0 0 1 2 1 1 0 1 1 0 0 -1 1 -1 -1 0 1 22 -1 0 0 0 0 0 0 1 1 0 0 0 1 0 0 -2 1 0 0 -1 1 -1 0 1 0 1 0 0 -1 0 0 0 -1 1 0 0 1 1 1 3 0 0 1 -1 -1 -1 0 0 0 0 1 -1 0 -1 0 0 0 1 -1 1 0 0 0 -1 1 1 1 2 0 0 3 0 0 -1 0 -1 0 -1 0 1 0 0 0 -1 0 -1 2 1 0 2 0 1 0 -1 -1 -1 0 0 -1 0 -1 2 0 0 0 2 0 0 0 0 1 0 0 0 0 1 -1 2 -1 0 0 1 0 0 -1 1 0 0 1 0 0 -1 0 3 0 0 4 -1 -1 1 1 -1 0 -2 0 1 0 1 0 0 0 1 -1 2 0 1 0 1 1 0 2 1 0 -1 0 1 0 0 1 1 0 -1 1 0 1 0 1 0 2 0 0 1 1 -1 1 0 1 2 0 -1 1 -1 -1 0 2 0 -2 1 0 0 -1 0 0 -1 2 0 -2 1 -1 0 0 1 0 1 -1 0 0 1 1 0 0 -2 0 0 0 0 0 0 -1 0
0 -2 1 0 1 1 0 0 0 2 -1 -1 -2 -1 0 0 -1 0 0 -1 1 0 0 1 0 0 -1 0 -1 0 0 0 -1 -1 -1 -1 1 -1 0 0 0 0 -1 0 0 0 0 1 1 1 0 0 1 -2 -1 1 1 -1 0 1 1 0 1 -3 0 -1 0 1 0 0 0 1 0 1 1 0 0 1 0 0 0 0 0 1 1 0 0 0 0 1 0 0 -1 0 1 0 0 0 0 1 0 -1 0 2 -1 0 0 0 0 1 0 1 1 -1 0 0 0 -1 -2 0 1 -1 0 0 0 0 0 1 1 0 0 -2 0 0 0 0 0 0 0 3 0 0 1 -1 -1 1 -1 0 1 0 1 1 0 0 1 0 0 0 0 0 0 0 1 0 -2 0 0 1 1 0 1 -1 1 -1 0 0 1 0 0 0 0 0 0 0 0 0 0 0 0 -1 0 0 0 0 -1 0 0 0 -1 0 0 0 0 0 0 0 -1 0 0 0 0 -2 1 0 1 0 1 0 1 -1 0 -1 0 0 0 0 -2 1 1 -1 18 0 0 0 -2 0 1 0 0 -1 0 0 -1 1 0 0 1 0 1 1 1 1 0 1 1 0 0 0 0 1 -1 0 -1 0 1 1 -1 1 0 1 0 -1 -2 0 -1 1 0 -1 0 -1 1 0 1 0 0 1 0 -1 0 0 1 1 0 1 1 -1 0 0 -1 -1 -1 1 0 0 -1 0 0 0 0 0 1 0 0 0 0 0 1 0 1 -1 2 0 -1 0 0 0 0 -1 0 0 -1 0 -2 4 0 0 0 0 1 0 1 0 0 0 0 0 0 0 0 0 1 -2 1 -2 1 0 1 0 0 0 0 0 0 0 -1 1 0 0 2 0 0 0 0 0 -1 0 0 0 -1 -1 -1 -2 0 -2 1 0 0 -2 0 -1 -2 0 0 -1 1 0 0 0 0 0 1 0 0 0 -1 0 1 1 -1 0 0 1 1 0 0 0 0 0 0 0 -2 1 1 0 0 0 1 0 0 -1 -1 1 0 0 0 0 0 0 0 1 0 0 0 2 0 0 0 0 0 -1 0 0 -1 1 1 2 1 0 -1 0
0 1 0 0 -1 0 0 0 -1 1 0 0 0 -1 0 1 2 -1 -2 -1 0 -1 0 0 0 0 0 0 0 0 0 -1 0 0 0 0 2 0 0 0 0 0 1 0 1 0 -2 3 0 1 0 0 0 -1 0 0 -1 0 1 0 0 0 2 1 1 0 0 0 0 0 0 0 0 1 0 0 0 0 -1 -1 0 0 -1 -1 0 -1 0 0 0 0 1 0 0 0 1 1 0 1 -1 1 1 1 0 0 -1 1 1 1 0 0 0 0 0 0 2 0 0 -1 -1 0 -1 0 0 0 1 1 3 1 0 0 -2 1 1 -1 1 1 0 0 0 0 0 1 0 2 1 1 -2 0 1 0 2 0 2 1 0 0 0 1 1 -1 0 -1 -1 0 0 0 1 0 1 0 0 0 0 1 0 0 0 0 1 0 0 -1 0 1 0 0 0 0 0 0 0 -1 1 -1 1 2 -1 0 0 1 0 0 1 1 -1 1 1 0 0 -1 0 -1 1 0 0 1 1 1 1 1 -1 0 0 1 1 1 -1 1 1 0 0 19 1 0 0 0 0 0 1 0 0 2 1 -1 2 0 0 0 1 0 1 2 0 -1 1 0 1 -1 0 0 0 -1 1 0 2 0 0 0 1 -1 -1 0 -1 0 1 0 0 -1 1 -2 1 0 0 0 1 2 0 -1 0 1 0 0 0 1 0 0 0 0 1 1 2 0 0 0 1 1 0 0 0 0 -1 -1 0 -1 1 1 -1 1 2 2 0 0 0 0 0 0 0 0 0 0 1 1 0 0 0 0 -1 -1 -1 2 0 0 1 1 0 1 0 1 1 2 -1 1 0 1 1 0 0 1 1 -2 -1 -1 0 -1 0 0 -1 -1 1 1 0 0 0 0 0 0 0 0 -1 0 2 1 1 1 -2 1 0 0 0 0 0 -1 -1 1 0 -1 1 -1 1 0 1 0 0 0 0 1 0 1 1 1 1 0 -1 0 0 0 1 -2 0 0 3 0 1 0 0 0 -2 0 -2 1 0 0 0 0 0 1 1 0 2 -1 0 -1 0 0 1 0 -1 0 0 1 0 0 0 0 -2 0 0 0 -2 -2
0 1 0 1 0 0 0 -2 1 0 -1 0 1 -3 -1 1 0 -1 0 0 -1 0 0 -1 0 1 1 0 -1 0 1 0 0 0 -1 0 0 0 1 0 -1 0 1 0 1 -2 0 0 0 0 -1 0 0 0 0 0 0 0 1 0 0 -1 -1 0 -1 0 0 -1 0 2 1 0 1 -1 0 0 2 1 -1 -1 1 0 -1 1 0 -1 0 2 0 0 -1 0 0 2 1 0 0 1 -1 1 0 -2 1 0 -1 0 2 0 1 0 0 1 -1 0 0 0 1 1 1 0 0 0 -2 0 1 0 0 -2 0 0 0 1 1 0 0 0 0 -2 0 0 3 0 0 2 0 0 0 0 0 -1 -2 0 0 1 1 1 0 0 0 0 0 1 -1 0 0 0 -1 0 1 -1 0 0 1 0 0 1 2 0 1 1 2 1 1 0 0 -1 1 0 1 -1 0 0 -1 0 2 1 0 1 0 0 0 0 0 -1 -1 -1 1 1 1 -1 1 0 0 0 -1 -1 1 0 -1 0 0 0 -2 1 -1 0 0 0 1 0 0 1 16 0 1 -1 1 0 0 0 0 1 -1 0 2 1 0 0 1 1 -1 0 0 0 0 0 -1 0 -1 0 0 0 1 0 2 0 0 0 0 0 1 0 0 0 1 1 0 -1 -1 0 1 -1 0 -1 0 0 0 0 0 0 0 0 1 0 0 0 1 1 0 0 1 1 0 1 1 0 1 0 -2 0 1 0 0 -1 2 0 0 1 1 0 1 0 -2 1 0 0 0 0 0 0 1 0 1 0 1 0 0 0 0 1 -1 1 1 -2 1 0 0 0 0 0 0 0 1 1 0 0 0 2 0 -3 0 0 1 1 0 0 -1 0 0 1 -2 -1 1 0 0 0 -1 -1 0 -1 0 1 0 0 -2 1 0 -1 -1 0 0 0 1 0 0 0 0 0 0 0 0 0 0 1 0 0 0 0 -1 -1 0 0 -1 0 0 0 0 0 1 -1 1 1 0 0 1 0 0 0 0 1 -1 1 1 0 0 -1 -1 0 -1 1 -1 0 0 1 0 0 1 0 0 -1 0 0 0 -2 -1 -2 0 0 0 0
0 0 -1 0 -1 0 0 0 0 0 -1 0 0 1 0 -1 0 0 0 1 0 0 0 0 0 2 0 0 1 0 1 0 1 -1 0 1 0 0 2 0 0 0 0 0 0 1 0 0 0 1 0 0 0 0 0 0 0 0 0 0 0 0 0 0 0 0 -1 1 0 0 0 0 1 -1 -1 0 0 -1 0 0 1 -1 0 -1 1 1 1 0 1 2 0 0 0 0 0 0 0 0 0 0 -1 0 0 -1 -1 1 0 0 -1 0 1 0 0 0 0 0 0 1 0 0 0 1 0 0 -1 0 -2 0 0 0 0 -1 0 0 0 0 0 1 0 0 1 0 0 0 0 0 0 0 0 0 0 0 2 0 0 0 0 1 0 0 0 0 0 0 0 0 0 0 0 -1 0 0 -1 0 0 0 1 -1 -1 0 0 0 -1 0 0 0 -2 2 0 0 2 0 0 1 0 0 0 0 2 1 -1 0 0 0 0 0 0 1 1 -1 0 0 0 0 0 1 0 0 0 0 0 -1 1 0 0 0 1 -1 1 0 0 0 0 10 0 0 1 1 0 0 0 -1 0 1 1 0 1 1 -1 1 0 -1 0 -1 0 1 1 0 0 1 -1 -1 1 1 -1 1 0 -1 1 1 0 0 1 -1 0 1 1 1 0 0 1 1 0 0 -1 2 1 0 0 0 0 2 1 0 0 0 0 0 1 1 1 -1 0 0 0 -1 0 -1 -1 0 0 0 0 0 0 0 -1 0 0 0 -1 0 0 0 1 -1 0 0 -1 1 0 2 0 1 0 0 0 0 0 0 0 0 0 0 1 0 0 1 0 1 -2 0 0 0 0 0 0 0 0 1 0 -1 0 0 0 0 1 0 -1 0 0 1 -1 -1 0 0 0 1 0 0 0 0 0 1 0 0 0 0 0 0 0 0 1 0 0 0 0 0 0 -1 0 0 0 0 0 1 -1 1 0 0 -1 -1 0 0 0 1 -1 0 0 0 -1 0 0 1 0 0 -1 0 0 0 1 -1 -1 2 0 0 0 0 0 0 0 0 0 0 0 1 0 0 0 1 0 1 0 1 0 0 0 1 0 0
0 0 0 -1 0 0 1 0 0 0 0 0 1 0 1 -2 0 0 0 0 0 0 -1 -1 1 1 0 -1 0 0 0 0 0 0 0 0 -1 0 0 0 0 3 0 1 0 0 -1 0 0 -1 -1 -1 -1 0 0 0 -1 0 0 1 0 0 1 0 2 -1 1 0 0 0 1 0 1 -1 -1 -1 -1 1 0 -1 0 0 -2 0 0 0 1 -1 0 -1 2 1 1 1 0 0 0 -2 1 0 0 2 1 0 1 0 0 0 -1 -2 1 -1 0 -1 -1 0 -2 0 0 -1 -3 0 -1 0 -1 -1 1 1 0 0 0 -1 0 0 -1 0 -1 0 0 0 0 0 1 0 2 1 0 0 1 1 0 0 2 1 0 1 0 0 0 -2 0 2 1 0 -1 4 1 1 0 -1 1 0 0 0 0 1 -1 2 1 0 1 0 0 1 0 0 0 0 0 0 -1 -1 1 0 0 1 0 0 1 0 0 0 1 1 3 0 -1 0 1 0 0 1 3 0 0 1 -1 -1 1 1 0 1 0 0 0 0 1 0 -1 0 -2 0 1 0 19 0 0 0 0 -1 0 1 0 1 3 0 0 0 0 0 1 0 0 0 0 -1 -1 0 -1 -1 1 -1 0 0 -1 -1 0 2 2 0 -1 0 -1 0 0 1 0 0 0 1 0 -1 -2 0 2 1 1 -1 0 0 1 0 0 1 0 0 0 0 0 0 0 0 0 -1 1 0 -1 -1 -1 0 0 1 0 0 0 -1 0 0 0 0 -1 -1 0 1 0 -2 2 0 1 0 1 1 2 2 1 0 0 1 1 -1 0 0 0 2 0 0 0 1 0 0 0 0 -1 -1 0 0 1 0 0 0 -1 1 0 0 0 1 0 0 1 1 -1 0 -1 -1 4 1 0 1 -2 0 1 -1 -1 -1 0 0 2 1 -1 0 -1 1 1 -1 0 0 0 0 0 0 0 0 0 2 0 0 0 0 0 1 1 0 0 -1 0 0 0 1 0 0 0 0 0 -1 2 1 0 0 0 1 -1 -1 -1 -1 1 0 -1 0 0 1 1 0 1 0 0 0 0 0 1 1 0 0 0 -3 -1 1 -1 0 0 -1
0 0 1 0 0 0 0 1 0 0 0 0 0 3 0 0 0 -1 0 0 1 -1 0 0 1 0 2 -1 0 0 0 0 0 -1 0 0 1 1 0 1 -2 -1 0 0 0 0 0 0 1 0 -1 0 -1 0 0 0 1 1 0 1 1 1 1 1 1 1 -1 0 0 -1 0 1 -1 0 0 -1 0 0 0 1 0 0 1 1 0 1 -1 1 0 0 -1 2 -1 -2 0 0 -1 0 0 1 0 0 0 0 0 -1 0 0 0 -1 0 0 -1 -1 0 1 0 0 -1 1 0 0 0 -1 -1 0 0 0 0 0 0 1 1 0 1 0 1 0 -1 0 0 1 1 1 0 0 0 0 0 0 0 0 0 0 0 0 -2 2 -1 0 -1 1 0 0 0 1 1 0 0 0 -1 1 1 0 0 0 0 0 0 0 0 0 0 1 1 -1 1 -1 -2 0 1 -1 0 -1 0 -1 -1 0 0 0 0 0 0 0 2 0 0 0 0 0 0 0 1 0 1 -1 0 0 0 0 0 1 0 -2 0 -1 0 -1 1 0 0 0 -1 0 0 15 -1 0 0 0 0 0 0 0 0 0 1 0 0 1 2 1 0 0 0 0 0 0 -1 0 0 1 0 2 0 1 0 0 0 -1 0 0 0 0 2 0 1 0 0 1 -2 1 -1 1 1 0 0 0 0 1 1 2 0 1 1 0 0 0 0 0 0 0 0 -1 1 -1 0 0 3 1 0 1 0 0 -1 -1 1 -1 0 3 0 0 0 0 0 0 0 1 1 0 0 2 0 0 0 0 0 0 0 -1 1 0 0 0 2 1 1 1 0 -2 1 -1 0 -2 0 0 0 0 0 0 1 0 0 1 0 0 -1 1 1 1 0 0 0 1 0 0 0 0 0 -1 0 0 0 0 1 0 0 0 1 2 0 0 0 0 -1 0 0 -1 1 0 1 0 1 0 0 -1 0 -1 1 0 0 0 0 -1 -2 0 0 1 0 1 -1 0 0 0 2 0 0 -1 0 -1 -1 -1 1 -1 0 -1 0 0 0 0 0 1 1 0 1 1 0 -1 1 0 0 0 0 -1 0 2 1 0 0 0
1 0 0 0 0 0 0 0 0 0 0 0 1 -2 -1 1 1 0 0 0 -2 1 0 0 0 0 0 -1 -1 0 0 0 1 0 0 0 0 0 -1 0 0 0 0 0 0 0 0 0 0 0 0 0 1 0 0 1 1 1 0 0 0 1 0 0 1 -1 0 0 0 0 0 0 0 0 0 0 0 2 0 0 0 0 0 0 1 0 1 0 0 2 0 0 0 2 1 1 0 2 0 0 0 0 0 0 -1 0 0 0 -1 0 0 2 -1 0 0 0 0 1 1 0 0 -1 1 0 -1 0 0 1 0 0 0 1 0 0 0 0 0 1 1 0 0 0 1 0 1 -1 0 0 0 0 0 0 0 0 0 0 0 0 0 0 0 1 1 0 0 0 0 0 0 0 0 -1 0 0 0 0 0 0 -1 -1 0 0 0 0 -1 0 -1 0 0 0 0 0 0 0 -1 0 0 0 1 0 0 0 0 0 -1 0 0 0 0 -1 1 0 0 0 1 1 -1 0 0 0 0 0 2 0 0 0 0 1 2 0 1 0 1 1 0 -1 9 0 0 0 0 0 -1 0 0 0 0 0 0 0 -1 0 0 1 0 0 0 -1 0 0 -1 0 1 0 0 0 0 0 1 -1 0 1 1 0 0 1 0 0 0 0 0 0 0 -1 0 0 0 -1 1 0 0 0 0 0 0 0 0 0 1 -1 -1 1 1 0 0 1 0 0 0 0 0 0 0 0 0 0 -1 0 1 0 0 0 -2 0 1 0 0 0 0 1 0 0 0 2 0 0 0 0 -1 0 0 0 0 0 0 0 0 0 1 1 0 -1 0 -1 0 0 0 0 1 0 1 0 0 0 0 0 1 -1 0 0 0 -1 0 0 0 -1 0 1 0 0 -1 1 0 1 -1 0 0 0 -1 0 -2 0 0 0 1 0 0 0 0 0 1 0 0 0 0 0 0 0 0 -1 0 -1 0 0 0 0 -1 1 0 -1 0 1 0 -1 0 0 1 0 0 1 0 1 -1 0 0 0 0 0 -1 0 0 0 0 1 0 0 1 0 -1 0 0 0 0 0 0 0 1 0 0 0
-1 -1 1 0 0 0 1 0 0 -1 0 1 -1 0 0 0 2 0 1 1 0 0 0 1 0 2 0 0 1 0 0 0 0 -1 3 0 0 -2 0 0 0 1 0 1 0 0 1 0 0 0 -1 0 2 0 0 0 1 -1 0 0 0 -2 -1 0 0 0 0 0 1 -2 -2 0 0 -1 0 -1 0 0 0 -1 0 0 0 2 0 2 0 0 -1 0 -1 0 0 -2 1 0 -1 2 1 0 -1 -1 0 0 0 0 -1 0 0 0 -1 0 0 0 0 0 1 -4 0 1 0 0 2 0 0 1 0 -1 0 0 1 -1 -1 1 0 0 0 1 0 0 0 1 -2 0 0 2 -1 0 0 0 0 0 0 -2 1 0 1 0 0 1 0 -2 0 1 0 0 1 0 0 -2 0 0 0 -1 0 1 0 -1 3 0 0 1 0 0 0 0 0 1 1 -1 0 0 0 -1 0 0 0 -2 1 1 0 0 1 2 0 0 3 0 1 0 1 1 0 0 0 2 -1 -1 0 0 -2 0 -2 0 0 0 0 -1 0 1 0 0 0 1 0 0 0 22 0 0 0 0 0 1 0 0 1 1 1 0 1 0 0 0 0 0 0 1 1 1 0 1 0 0 -1 0 -1 0 0 1 0 1 1 -1 0 2 0 1 0 0 1 1 0 0 -1 2 0 0 0 1 0 0 1 0 2 -1 -1 1 0 0 1 0 0 -1 1 0 0 2 -1 0 0 1 1 0 1 0 -1 1 -2 0 -1 0 0 -1 0 -1 0 0 0 2 0 1 0 0 -1 0 0 -1 0 0 -1 0 3 4 1 0 0 -1 0 1 0 -1 1 -2 -2 -1 -2 0 0 0 -1 -2 0 0 0 0 -1 0 0 -1 0 1 1 0 1 1 0 0 1 -1 -2 0 0 0 0 0 0 0 0 0 0 0 0 0 1 -1 0 0 0 -2 0 0 0 0 2 0 1 0 0 0 0 -1 0 0 2 0 0 1 0 0 -1 0 0 2 0 0 0 1 0 0 -1 0 0 0 -1 0 0 -1 0 1 -1 0 1 0 -1 0 0 1 -1 0 -1 0 1 1 -2 0 0 0 -1 0
0 1 0 0 -1 0 0 0 1 0 1 0 0 1 0 0 -1 -2 2 0 -1 1 0 0 0 0 0 0 -1 0 0 -2 0 0 0 -1 0 0 0 0 1 0 0 0 0 0 0 1 1 0 0 0 0 0 0 1 0 1 0 -1 0 1 0 0 -1 0 1 0 -1 0 0 0 0 0 0 0 -1 0 -1 0 1 2 0 2 0 -1 0 0 1 0 0 -1 -1 0 1 2 0 0 0 0 0 0 0 1 0 2 0 1 1 0 -1 -2 0 0 1 0 0 0 0 0 -1 0 0 0 0 1 1 0 -1 0 0 0 0 0 -2 0 0 1 0 1 1 -1 0 0 0 0 0 0 0 0 0 0 1 -2 1 -1 0 0 0 0 0 0 0 0 0 0 1 0 0 0 0 1 0 0 0 1 1 1 3 -2 0 0 0 0 0 0 -1 -1 -1 0 1 0 0 0 0 0 -1 0 0 0 0 1 0 0 0 0 0 -1 -1 0 0 0 1 0 0 -1 0 0 1 0 0 0 0 0 1 0 1 0 0 1 0 1 0 0 0 0 0 0 11 0 1 0 0 0 0 0 1 0 1 1 1 1 0 0 -1 0 0 -1 0 0 0 0 0 0 0 0 0 -1 -1 0 0 0 -1 0 0 -1 1 0 0 0 2 1 1 0 -1 1 0 0 1 0 0 0 0 0 1 0 0 0 1 0 1 -1 -1 0 0 -1 0 -1 1 0 -1 0 0 0 1 -1 1 0 0 0 0 0 -1 0 0 -1 1 -1 0 0 0 0 -1 0 0 0 0 1 -3 -1 0 -1 1 0 1 0 0 -1 0 0 0 0 0 0 1 0 -1 0 0 -1 0 0 1 1 0 0 0 -1 0 0 0 0 0 0 1 0 0 0 0 0 0 0 -1 0 0 1 1 0 0 1 0 1 1 0 1 0 0 -1 1 0 1 -1 -1 0 -1 0 2 -1 0 -1 1 0 0 0 0 -1 0 -1 0 0 1 0 0 0 0 0 -2 0 0 2 0 1 -1 1 0 0 0 -1 0 0 1 0 0 0 -1 0 1 -1 0 0 0 1 0 0 1 0 0 0 0 0
0 -3 0 -1 0 -1 -1 0 1 0 0 1 2 0 1 -1 1 1 0 0 -1 1 1 0 0 0 1 0 -1 0 0 -2 -1 0 0 -1 -1 0 0 0 1 0 1 0 3 0 0 -1 0 1 0 1 0 1 0 0 1 0 -1 4 1 1 0 0 -1 -1 0 1 3 -1 0 0 0 3 0 2 0 3 -1 1 -1 -1 1 0 1 2 0 0 0 0 0 1 0 -1 0 0 -1 0 0 1 -1 0 1 1 0 0 1 0 1 0 1 2 1 -1 1 1 1 1 1 0 -2 2 0 1 -2 0 -2 0 1 0 -1 1 0 1 1 1 0 0 0 0 0 1 1 0 -2 -1 0 0 2 0 0 -1 0 0 0 -1 1 1 2 0 0 0 0 0 1 -1 1 -1 0 1 2 3 1 0 1 2 0 -1 0 1 1 1 0 1 -2 0 0 1 2 -2 -1 0 1 0 0 3 -3 0 0 0 0 1 1 3 1 0 -1 0 0 0 0 2 1 0 1 0 2 0 0 0 -1 0 -1 0 3 0 0 -1 1 0 -1 0 0 0 -1 0 0 0 0 27 1 0 0 0 0 0 1 -1 0 0 -1 0 -1 -1 1 0 0 0 2 1 0 0 0 0 0 1 0 0 0 -1 0 0 0 0 0 -1 0 1 -1 0 1 0 -1 0 0 -1 1 0 1 0 -2 1 -2 1 0 0 0 1 0 1 1 -2 -1 0 1 0 0 -1 0 1 0 1 0 0 2 1 0 2 0 1 0 0 0 -1 0 0 0 0 -2 1 1 0 -3 -2 1 -1 0 -3 -1 1 0 -1 0 -1 0 -1 0 -2 -2 -1 0 3 0 1 0 2 1 1 0 1 0 1 1 0 0 0 0 -1 -1 0 0 0 -1 0 0 0 0 0 1 -2 -2 0 0 0 0 0 0 -1 1 0 1 1 -1 -5 1 -1 0 -2 1 0 0 1 0 1 0 0 0 1 1 0 -1 0 -2 1 0 1 -2 0 0 2 0 0 0 0 1 -1 -1 0 0 -1 0 0 0 0 -1 -1 1 1 0 2 0 -1 1 1 1 0 1 1 1 1 2 2 -1 0 -1 0 1 0 0 0
-1 1 -1 0 0 0 0 -1 0 0 0 -1 0 1 2 0 1 -2 1 1 -1 -1 0 2 0 1 3 -1 -2 1 -1 0 1 -1 1 0 0 0 -1 1 0 1 -1 0 0 1 1 0 1 1 0 0 0 0 2 -1 0 0 0 0 1 0 0 -1 -1 1 1 0 0 1 1 0 0 0 -1 1 0 1 0 0 0 0 -1 0 0 -1 -1 -1 0 -1 0 0 1 1 -1 0 -1 0 0 -2 2 0 0 0 2 -1 0 1 0 -1 0 0 0 1 0 -1 0 1 -2 1 1 -1 1 0 -2 0 0 -1 1 1 -1 1 1 0 1 0 1 1 0 0 2 1 2 -1 1 0 1 0 1 -1 0 -1 -1 0 3 -1 -1 1 -1 -1 1 -1 0 -1 0 1 -1 0 1 1 0 0 0 0 0 1 1 -1 -1 0 -2 1 -1 0 0 -1 -1 0 -1 1 0 1 1 0 0 0 1 2 -1 0 0 1 0 -1 0 1 0 1 2 1 0 -2 1 0 1 2 0 1 2 0 0 0 1 0 -1 0 2 0 1 0 0 0 0 0 0 0 0 0 1 1 22 0 0 0 0 -1 -1 0 -1 1 -1 0 -1 1 0 0 -1 -1 0 1 0 0 0 0 0 0 0 1 0 -1 0 0 -1 -1 1 0 1 0 0 -1 0 -1 2 0 0 1 3 1 1 1 0 1 -1 -2 0 0 0 0 0 0 0 -1 0 -1 0 -1 0 -1 0 -1 -1 0 -1 0 0 0 -1 0 1 0 1 -1 0 1 0 -1 0 0 1 0 0 0 -1 1 0 0 0 0 -1 1 0 0 -1 0 0 1 0 1 1 0 0 0 2 0 -1 0 1 1 0 0 -1 1 0 0 2 1 1 1 -1 -1 0 1 3 0 0 0 1 0 0 1 0 0 0 1 0 0 0 0 -1 1 1 0 0 2 1 0 2 2 1 0 1 1 -1 -1 1 1 1 0 0 0 0 0 -1 0 0 0 0 0 0 0 0 0 1 0 1 0 -2 1 -2 1 0 -1 2 -1 1 0 0 1 -1 0 0 0 0 -1 -1 1 0 0 0 0 1 -1 0 1 0 -2 0 0 -1 0
0 0 0 0 -1 0 1 0 0 2 -1 0 0 0 0 2 1 1 0 -1 0 2 0 2 -2 -1 0 -1 -1 -1 0 0 -1 1 1 0 1 0 -1 1 1 0 0 1 0 -1 0 1 0 1 0 -1 1 -1 -1 0 1 1 1 0 1 0 0 0 0 1 0 -1 0 0 0 -1 2 1 0 0 1 1 0 0 0 -1 0 -1 0 0 0 2 0 0 0 0 0 0 0 2 0 -1 1 1 0 2 0 -1 0 0 -2 0 2 0 0 1 3 0 1 1 0 0 0 0 0 -1 1 0 1 2 0 0 0 0 -2 -1 1 0 -1 0 -1 0 0 1 2 1 0 0 -1 -1 -1 0 0 1 0 0 0 0 0 2 -1 1 3 0 0 1 2 0 1 0 0 0 0 0 1 0 0 1 0 1 0 0 0 1 0 -1 -1 0 -2 -2 0 0 0 0 0 0 0 -1 1 0 -1 1 0 0 0 0 0 0 -1 0 -2 -2 0 2 -1 -2 0 0 0 0 0 2 3 0 0 0 1 0 1 0 0 -1 0 0 0 2 1 -1 1 0 0 0 0 0 0 22 0 1 -1 0 0 -1 1 0 1 0 0 1 0 0 -1 0 1 1 0 -2 0 0 2 0 0 0 2 0 0 0 2 -1 0 -1 1 0 0 0 1 0 0 -1 1 1 0 0 1 -1 1 0 0 1 0 0 0 1 0 -1 0 0 -1 1 1 0 -1 1 0 -2 0 1 0 0 1 0 1 0 2 -1 1 0 0 1 1 1 0 1 0 0 0 1 0 0 -1 0 -1 0 -1 0 0 0 1 2 0 0 0 0 -1 1 -1 -1 0 1 -1 -1 0 0 0 0 -1 1 0 0 -1 0 0 0 0 -1 0 0 0 0 0 0 0 1 0 0 -1 -2 0 -1 1 0 1 0 0 0 0 -1 1 -1 0 1 0 0 -2 1 0 0 0 0 1 1 0 0 1 0 1 0 -2 -1 0 0 1 -1 1 0 0 0 2 -1 0 0 0 0 -1 1 0 -1 0 -2 0 0 -2 0 -2 0 0 -1 -2 1 -1 0 1 0 0 -2 0 0 -1 0 0 -1 0 -1 -1 1
1 1 -2 0 0 0 0 1 0 0 -1 0 0 0 -1 0 0 0 0 0 -1 -1 1 0 0 0 0 0 1 0 0 0 0 0 0 -1 0 1 1 0 0 0 0 0 -1 1 -1 0 1 0 0 0 0 0 -1 0 -1 -1 -1 0 1 -2 0 0 -2 0 0 0 0 1 -1 0 0 0 0 0 3 0 1 0 0 0 1 1 0 0 -1 0 -1 1 0 0 -1 0 1 0 -1 0 1 1 0 0 0 0 -1 0 2 0 2 0 0 0 0 0 0 1 1 1 2 0 0 -1 -1 0 1 0 2 1 0 0 0 1 0 -1 -1 0 -1 0 -1 0 0 1 0 0 0 -1 0 0 -1 0 0 0 0 -1 -1 0 -1 -1 0 -1 0 0 0 0 0 -1 0 0 0 0 0 0 0 0 1 0 0 0 -1 0 -1 0 0 0 0 0 1 -1 0 0 0 0 0 0 0 0 0 0 0 0 1 0 1 -1 0 0 1 1 0 0 0 -1 1 0 0 -1 0 0 0 1 0 0 0 0 0 0 -1 0 0 1 -1 1 -1 0 0 0 -1 0 0 0 0 0 16 0 0 -1 0 0 -1 0 1 0 0 0 0 1 0 0 1 0 0 0 0 0 0 0 0 0 1 1 0 0 1 0 0 0 0 1 0 0 -1 1 0 1 0 0 0 0 0 0 0 1 0 2 0 2 0 0 0 0 2 -1 1 0 0 0 -1 1 1 0 -2 0 0 0 0 0 -2 0 0 3 -1 -1 0 0 0 0 0 0 1 0 -1 0 -1 0 0 0 0 -1 0 0 0 1 0 2 -1 0 0 -1 0 2 -1 0 0 2 0 0 2 -1 -1 0 1 0 -1 1 0 0 1 0 0 2 0 0 0 1 1 0 0 0 0 0 0 0 0 0 -1 0 0 0 2 -1 -1 0 0 0 1 0 -1 1 -1 0 0 0 -1 0 1 0 1 -1 0 3 0 0 1 0 -1 0 2 -1 0 -2 0 -1 -1 0 0 0 0 -2 0 0 -1 0 -1 -1 -1 1 0 0 1 0 0 0 0 0 -1 1 -1 0 0 0 -1 -1 1 0 0 0 0 0 0 1
0 0 -1 -1 0 0 -1 0 0 0 0 0 0 0 1 0 0 2 0 -1 0 1 0 -1 0 1 0 0 2 0 0 1 0 0 0 1 0 0 0 1 -1 0 0 2 -1 2 -1 0 0 0 0 0 0 0 0 0 0 0 0 0 2 -1 0 0 0 1 0 1 0 0 0 0 1 -1 0 0 0 0 0 0 0 0 0 0 0 0 0 -1 0 1 0 1 0 -1 0 -1 1 -1 0 0 1 0 0 0 0 0 0 -1 0 -1 0 1 0 -1 0 0 0 0 0 1 0 0 0 0 0 0 0 -1 1 1 0 0 0 0 -1 0 0 0 0 1 -1 1 0 0 -1 1 0 0 1 0 0 0 -1 1 0 0 0 1 0 -2 0 1 0 1 0 0 0 0 1 0 1 0 0 -1 0 0 1 1 0 1 0 0 -2 0 0 -2 0 0 1 0 0 1 0 0 0 0 2 0 0 0 1 0 -1 0 0 0 0 0 1 -2 0 1 0 0 0 1 0 0 0 0 0 0 1 0 0 1 1 -1 0 0 1 -1 0 1 1 0 0 1 0 0 0 1 0 13 0 -1 0 0 -2 0 1 -1 0 0 0 0 0 1 0 0 0 -1 2 0 0 0 0 0 -1 1 0 0 0 0 0 2 0 -1 1 -1 -1 0 0 0 1 0 0 0 0 0 0 0 0 1 0 -1 0 0 0 0 2 0 0 0 -1 0 0 0 0 0 0 0 0 0 0 -2 0 -1 0 -3 0 0 0 0 1 0 0 0 0 0 0 0 -1 0 0 1 0 0 1 0 0 0 0 3 0 -1 0 0 0 1 1 0 0 0 -1 0 0 0 0 0 -1 -1 0 0 2 0 0 0 0 0 0 0 -1 0 0 0 0 0 0 0 0 0 0 -1 0 0 2 -2 0 0 0 0 0 0 0 0 -1 0 0 0 0 1 -1 -1 1 0 0 1 0 1 1 1 0 0 0 0 0 1 0 0 1 0 0 0 0 0 0 -1 0 -1 -1 -1 -1 0 0 -1 0 0 0 1 -1 0 1 0 0 0 0 0 0 0 0 0 0 -1 0 0 0 0 1 -1
1 0 0 0 0 0 0 0 0 0 -1 0 0 0 0 -1 0 1 1 0 0 1 0 1 0 1 0 -1 0 0 0 0 0 -1 -1 0 3 1 0 0 0 1 0 0 0 1 0 0 0 0 -1 0 -1 0 0 0 0 0 0 1 0 -1 1 0 0 0 1 0 0 1 0 0 1 0 0 0 0 -1 0 0 0 0 0 1 0 -1 0 -1 1 0 1 -1 1 1 1 0 0 0 0 0 -1 0 2 0 1 0 0 0 -2 0 1 0 0 0 0 1 1 -1 0 0 -1 0 0 -1 0 0 0 1 0 0 0 1 1 0 0 0 0 0 -2 0 0 1 0 0 0 -1 0 0 0 1 1 0 2 1 0 0 0 0 0 -1 0 1 1 0 -2 1 0 0 1 0 0 0 0 0 0 0 2 0 0 0 1 0 0 0 0 1 0 0 0 -1 0 0 0 1 1 1 1 0 0 0 0 0 1 0 0 0 0 1 0 0 -1 0 1 0 1 1 2 -1 0 0 0 0 0 1 0 0 0 0 0 0 0 2 2 1 3 0 0 0 0 0 0 -1 0 0 12 -2 0 0 1 0 0 -1 0 0 1 -1 0 0 0 0 1 -1 1 0 1 0 0 2 0 1 0 0 -1 0 0 1 0 -1 -1 1 0 -1 -1 0 2 1 3 0 0 0 1 0 1 0 0 0 0 0 0 0 0 0 0 0 0 0 0 0 -1 0 0 0 0 0 0 0 1 0 0 1 -1 -1 0 1 0 0 0 0 0 0 0 1 0 0 0 0 -1 2 -2 0 0 0 0 0 0 0 0 0 0 0 0 0 -1 0 0 0 1 1 0 0 -1 0 1 -1 0 0 0 0 0 0 0 1 0 -1 2 0 -1 0 -2 -1 0 0 0 0 -1 1 0 1 0 0 0 0 0 -1 0 -2 1 1 0 0 0 0 0 1 0 0 0 1 1 0 1 2 0 0 0 0 1 0 1 0 0 0 0 0 1 0 1 0 0 0 0 0 0 1 2 0 0 0 1 0 0 0 1 0 0 0 0 0 0 -1 0 0 1 -1 0 1 -1 1 0 -1
0 -2 -1 0 -1 2 0 -1 1 0 0 0 0 -1 0 0 0 2 -1 0 0 1 0 1 0 0 0 0 0 -1 0 0 0 0 -1 1 0 -1 0 0 0 0 -1 0 0 0 1 0 0 -1 0 0 1 0 1 0 0 1 0 0 0 0 -1 -1 1 -1 0 0 1 0 -1 1 -1 -1 0 0 0 -1 0 0 2 0 0 0 0 2 0 -1 0 -1 0 -2 0 0 0 1 -1 0 0 1 2 0 1 1 -1 0 -2 0 1 0 2 0 0 0 0 0 0 1 1 1 0 1 0 0 1 0 2 -1 1 -1 0 0 0 0 -1 1 0 -1 0 1 1 -2 -1 1 0 0 0 2 0 -3 0 0 -1 3 1 0 1 0 0 1 0 0 0 -1 1 0 1 -1 0 0 0 1 0 0 -1 -1 0 2 0 -1 2 0 2 0 -2 0 1 -1 1 -1 2 0 0 0 1 2 -1 0 0 1 0 0 -3 0 1 1 -1 0 0 1 1 1 0 0 -2 0 0 0 -1 1 -1 0 -1 1 0 1 0 -1 0 -2 0 0 1 0 0 0 0 0 0 0 -1 0 -1 -1 -2 21 0 0 0 1 0 2 0 1 1 1 0 0 0 1 0 0 0 0 0 0 1 -3 1 0 0 1 0 0 2 1 1 0 0 0 2 2 0 1 -2 0 -2 0 0 0 -1 -2 0 0 0 0 -2 0 0 0 0 1 2 -1 0 2 0 0 0 -2 1 0 0 0 0 1 0 0 -1 -1 0 0 1 -1 1 0 1 2 0 0 1 -1 1 0 0 -2 0 0 3 0 0 0 0 0 1 0 0 -1 0 1 0 0 1 0 0 0 -1 0 0 -1 0 0 -1 0 0 -1 0 -1 0 2 0 0 0 -1 1 0 1 -1 -1 0 0 -1 -2 -1 1 0 0 0 0 -1 0 0 0 1 -1 0 0 -1 1 -1 0 0 0 0 -1 0 0 0 -1 0 0 0 -2 -1 0 0 1 1 1 0 0 -1 0 0 1 0 0 -1 -1 0 1 0 -1 0 1 1 1 -1 0 0 1 -1 -1 2 0 -1 0 0 1 -1 0 0 0 0 -1 0 0 0 0 1
1 0 1 1 0 0 0 2 -1 2 -2 0 0 0 0 0 3 1 1 0 0 0 1 0 0 0 -2 1 0 0 2 -1 0 0 -1 0 0 0 1 0 1 0 0 -1 1 -1 -1 0 1 0 0 1 1 -1 -1 -1 0 -1 0 1 1 -2 -1 0 0 -1 -1 2 0 0 0 -1 0 0 -2 1 -2 1 0 0 1 2 -1 1 2 2 0 1 -1 1 0 0 0 0 -1 1 -1 1 1 0 0 0 0 1 -1 1 -1 0 0 0 0 -1 -2 -2 1 3 0 -1 1 1 -1 1 0 1 0 -1 1 1 0 1 1 0 0 0 0 0 1 1 -1 1 0 1 -1 1 2 1 0 0 1 -1 0 1 0 0 -1 2 2 -1 -2 -2 2 -1 0 -1 0 0 1 1 0 -1 -2 0 2 -1 0 0 1 2 3 0 2 0 0 -1 1 1 0 1 -1 -1 0 -3 0 0 1 0 0 -1 3 1 0 1 0 0 -2 1 -2 -1 0 0 0 0 -1 1 2 -1 1 0 0 1 -2 1 1 1 0 0 0 -2 0 1 1 0 0 1 0 1 0 1 1 1 -1 0 0 0 0 0 27 1 0 1 2 0 0 -2 2 1 -1 1 1 0 -1 0 2 0 -1 1 0 0 0 -1 0 0 0 0 0 0 0 0 0 0 0 -1 1 3 -1 0 -1 -1 -1 0 1 0 1 1 0 -1 2 1 0 -1 1 0 0 -1 0 0 -1 0 1 0 0 1 0 2 0 0 0 0 1 1 -2 -1 0 0 0 0 0 1 -1 2 -1 -1 -1 0 0 -1 -1 2 -2 0 -1 -1 0 1 -2 0 0 1 0 1 1 0 0 1 0 1 -1 1 -1 0 0 1 0 0 -3 2 -1 -1 0 1 0 0 2 0 0 0 -2 1 -1 1 -1 0 0 0 1 0 0 1 0 0 1 0 1 0 1 -1 0 0 0 -2 1 -2 1 1 0 -1 0 1 -1 0 0 1 1 0 -1 0 1 0 0 1 1 0 -1 -1 0 2 -3 -1 0 0 -1 0 0 0 0 0 1 0 0 0 -2 0 0 1 -1 0 2 1 1 -1 -1 -1 0 1 -1 -1 2 0 0 1
0 0 0 1 0 0 1 0 0 -1 2 -1 0 0 -1 1 -1 1 0 1 -1 0 0 0 0 0 1 0 1 -1 0 1 0 0 0 0 0 0 1 0 0 -1 1 0 1 0 -1 -1 0 0 -1 0 0 0 1 0 1 0 0 0 0 0 0 0 1 1 -1 0 1 -1 0 1 -1 0 -1 -1 0 0 0 0 0 0 -1 0 0 0 0 0 -1 0 0 1 0 0 0 -1 0 0 -1 0 0 1 0 -1 0 0 -1 0 0 -2 0 0 -1 0 0 0 -1 1 -1 -1 -1 0 0 0 0 0 0 0 0 0 0 0 0 0 0 -1 0 1 0 0 0 0 1 0 0 0 0 0 0 0 0 -1 0 0 -1 0 -1 0 0 0 0 1 1 0 0 0 1 0 0 1 0 2 0 0 0 0 0 0 0 0 0 0 1 1 0 0 1 1 0 0 0 -1 -1 0 0 0 0 -1 0 0 0 0 1 0 -1 0 -1 0 0 0 0 0 0 0 0 0 0 0 1 -1 1 1 0 0 1 1 0 -1 0 0 0 0 0 1 0 0 0 1 0 -1 0 -1 0 0 0 0 1 12 0 0 0 -1 1 0 0 1 0 0 0 0 -2 1 2 0 -1 0 0 0 0 0 0 -1 0 0 2 -2 0 -1 1 0 0 0 0 0 0 1 -2 0 0 0 0 0 1 0 0 -2 0 -1 0 0 0 0 0 0 0 -2 0 0 0 0 -1 0 1 0 0 1 0 0 0 0 -1 -1 0 0 0 0 0 0 0 1 0 1 0 1 0 0 0 -2 0 0 0 0 0 0 0 -1 0 0 0 1 0 0 0 0 0 -1 0 -1 0 -1 -1 0 -1 0 1 1 0 -1 1 0 -1 0 1 0 -1 0 0 0 0 0 0 -1 0 0 0 0 0 0 -1 0 -1 -1 1 1 -1 0 0 1 0 -1 0 1 0 0 2 0 1 0 0 -1 -1 1 -1 0 -1 0 0 0 0 0 0 0 0 2 0 1 1 0 0 1 0 1 0 1 0 0 0 0 0 1 0 0 0 0 0 -1 0 0 1 0 0 0 0 0 0 1 0 1 0 0
-1 0 0 0 0 0 1 3 0 1 1 -1 0 0 0 -2 1 -1 1 0 1 1 2 3 0 0 0 -1 -1 1 0 -1 1 -1 2 -2 0 0 1 2 2 0 0 -1 2 0 1 0 0 0 1 0 0 0 0 2 0 0 0 0 -1 -2 0 1 1 0 0 0 0 -2 0 0 -1 1 0 0 0 1 -1 1 0 2 0 -2 -2 -2 1 1 2 0 0 2 0 -1 1 1 -1 1 0 1 0 0 0 1 -1 1 -1 1 -1 2 1 0 1 0 0 1 2 -1 1 0 0 0 0 0 1 1 1 0 0 0 -1 1 -1 0 1 0 0 0 0 1 2 0 -1 1 0 0 0 -2 0 1 0 1 2 0 -2 -1 -1 0 0 0 2 1 1 0 -2 0 1 0 1 -2 2 1 0 0 0 4 0 0 1 -1 0 0 4 0 -2 3 0 0 0 0 0 1 1 0 -1 0 0 -1 0 0 -3 2 0 0 1 0 0 0 0 2 -1 2 0 0 0 1 1 0 2 -1 0 0 -1 1 0 0 -1 1 -1 0 1 1 1 -1 0 0 0 1 1 0 -1 1 -1 -2 1 0 0 0 27 -1 0 1 -1 1 0 0 1 0 0 2 0 1 0 0 2 -2 1 0 -2 1 0 1 0 -2 2 0 0 1 0 1 2 2 1 -1 0 2 -1 0 0 0 0 0 -1 0 0 -1 -1 0 1 0 1 0 0 3 0 0 1 -2 0 1 0 1 0 0 2 -2 0 0 0 2 0 -1 0 1 1 -1 0 1 -1 0 0 0 0 0 0 0 0 -3 0 0 0 0 1 0 0 -1 0 0 0 1 1 -1 0 -1 0 0 -1 0 -1 0 -1 0 -1 0 -2 0 -1 1 0 3 0 -2 1 1 1 0 0 -1 0 0 -1 0 0 1 -2 0 -2 0 0 0 0 0 -1 -1 0 -1 1 0 -1 1 0 -1 0 0 -1 0 3 0 -2 -1 0 0 1 2 0 0 1 0 -1 1 4 0 2 0 0 1 -1 0 -1 2 0 -1 0 0 1 0 0 0 0 1 1 0 0 0 1 0 -2 1 0 0 0 1 1 -1 0 1 0 0 0 0
-1 -2 0 1 0 0 0 1 0 1 0 2 0 1 2 1 0 1 0 0 0 0 0 0 -1 0 0 -1 0 0 0 1 0 3 1 -1 0 1 0 0 0 0 0 0 0 0 0 1 2 1 0 0 0 0 0 0 0 2 0 3 1 0 0 0 0 0 1 0 0 0 0 0 0 1 0 1 -1 0 1 0 1 0 1 1 0 0 2 0 1 0 1 0 0 0 0 0 1 -1 0 1 0 -1 1 0 0 1 1 0 1 -1 0 0 -1 -1 0 -2 0 0 1 -1 0 0 -1 1 1 0 0 1 0 -1 0 -1 0 1 0 -1 1 0 0 0 1 -1 1 0 0 -1 0 0 0 0 1 1 1 1 0 -1 1 1 0 -1 0 1 1 0 0 2 1 -1 -1 0 -2 0 1 1 0 0 0 0 1 0 2 0 1 1 0 -1 3 0 0 1 -1 2 0 0 0 0 0 1 -1 1 0 0 2 -1 -1 -1 0 1 0 2 1 1 0 1 -1 1 1 1 0 1 1 0 1 -2 0 0 0 0 0 -1 1 0 1 1 0 1 0 0 1 0 1 0 0 0 0 1 1 0 -1 19 0 1 0 0 0 0 0 -1 1 1 1 0 1 0 0 2 0 0 0 -2 -1 0 0 1 0 1 1 0 -1 0 1 -1 1 0 -1 0 0 0 0 0 0 0 1 -1 3 0 0 1 1 0 -1 1 1 -1 -2 1 -1 -1 -1 0 -1 1 0 1 1 1 1 0 0 0 2 0 1 0 0 2 0 1 2 1 0 2 -1 1 0 -1 1 0 1 0 -1 0 1 0 0 0 1 1 0 0 1 1 0 0 0 1 0 1 -1 0 0 -1 0 1 1 1 -1 0 0 1 0 0 1 0 2 0 0 1 1 0 0 1 1 0 0 0 1 0 1 0 1 0 0 0 0 -1 0 3 1 0 0 1 0 0 1 1 0 -1 0 0 0 0 0 2 2 0 0 0 0 2 -1 -1 0 1 -1 0 1 0 0 -1 0 1 1 -1 2 0 1 0 -1 0 1 1 1 1 0 1 1 1 1 1 -1 0 0 -1 -1 1 0 0 0 0
0 -2 -1 -2 0 0 -1 0 0 2 1 -1 0 1 0 0 1 2 0 -1 1 1 1 0 0 0 -1 0 0 0 0 1 -2 0 0 2 0 0 0 0 0 1 -1 0 0 -1 0 0 1 0 0 0 0 -1 0 0 0 -1 0 1 1 0 -1 0 0 1 -2 1 0 -2 1 1 0 -1 0 -1 1 1 -1 0 -2 0 -1 0 0 2 0 1 0 0 0 0 0 -1 -2 -1 0 0 0 0 -1 0 0 -1 -1 1 -1 1 1 1 1 -2 0 0 0 1 -2 -2 0 1 -2 0 0 1 0 0 0 1 0 0 -1 1 1 -1 1 0 0 1 0 2 0 0 -1 0 -1 0 0 0 -1 1 -1 1 0 -1 0 0 -1 1 1 -2 0 -1 0 1 0 1 0 0 -1 1 0 0 0 0 1 1 0 1 3 -2 0 1 0 0 2 1 0 0 0 -1 -1 0 2 0 -2 0 0 -1 -1 0 1 0 0 0 2 0 1 0 0 -1 0 2 1 1 1 -1 0 -1 0 0 0 -1 2 -1 1 0 0 -1 3 1 1 1 -1 0 1 2 -1 1 1 -1 -1 1 1 1 0 0 2 0 0 0 21 1 0 1 0 0 -2 -1 2 1 -2 1 1 0 -1 0 -1 -1 1 0 -1 1 -1 0 0 0 0 -1 0 1 -1 -1 1 3 0 0 -1 0 0 0 1 0 0 1 -2 0 2 -2 1 -3 2 -1 0 1 0 0 0 0 0 1 0 0 0 0 0 0 -1 0 -1 0 0 1 0 -2 0 0 2 0 1 -1 0 0 0 1 0 1 -1 0 -1 1 0 0 0 0 1 -1 2 0 0 -2 0 -2 0 -1 -2 0 0 0 1 -3 -1 0 1 2 2 1 0 -1 0 1 0 0 2 2 0 0 -2 0 1 1 0 0 0 0 1 0 1 0 1 0 -1 -1 3 -1 1 0 0 0 1 0 0 -1 0 0 -1 1 0 0 2 -1 1 0 1 0 0 0 1 0 -1 0 0 1 -2 0 1 0 -2 0 0 -1 1 -1 1 1 0 -1 1 1 0 0 0 0 1 -2 1 3 -2 -1 0 0 0 -1 1 0 -2 1 0 0 -2 0
0 1 -1 0 0 0 0 0 1 0 0 0 -1 1 0 0 0 1 1 -1 0 0 1 0 0 0 -1 -1 -1 0 1 -1 -1 0 0 0 0 0 0 1 0 0 0 0 0 0 0 1 0 1 0 0 0 0 0 0 1 0 0 0 0 -1 0 1 1 0 1 1 -1 0 0 0 1 1 0 1 0 0 -1 -1 -1 0 0 0 1 -1 0 0 0 0 0 0 0 0 -1 0 0 0 1 0 1 0 0 0 1 0 0 -1 1 1 -1 0 -1 0 2 0 1 0 -1 1 0 0 0 0 1 0 0 0 1 -2 0 -1 0 0 1 -2 0 0 1 1 -1 -1 -1 -1 0 1 0 1 0 -1 1 2 1 0 0 2 -1 -1 0 -1 0 1 -1 0 1 0 0 0 0 0 0 1 0 0 0 0 -1 1 0 0 0 0 3 0 1 1 -1 -1 0 0 0 1 -2 0 0 2 -1 0 1 0 0 1 0 0 1 1 0 1 -1 1 -2 -2 2 -1 -1 -1 1 0 1 0 -2 0 -1 0 1 1 0 0 0 -1 1 2 0 -1 0 1 0 0 1 0 0 0 0 -1 -1 2 0 -1 1 1 1 18 0 1 0 1 0 0 1 1 0 0 0 0 1 1 1 -2 -1 -4 -1 1 0 0 2 1 0 0 0 -1 0 1 0 1 0 -1 -3 0 0 2 0 1 1 1 1 -1 1 0 0 0 1 1 0 0 0 1 1 1 0 0 0 0 -1 1 0 -1 0 0 -1 0 -1 0 0 -1 1 1 1 0 0 0 0 -1 0 0 0 -2 0 0 0 1 1 0 0 0 0 0 0 0 0 0 0 0 0 1 0 0 -1 0 0 0 0 -1 1 0 0 0 -1 0 0 0 0 0 -1 0 -1 0 -1 -2 -1 -1 0 0 0 -1 0 0 0 0 1 2 0 0 0 1 -1 1 0 2 0 0 1 0 1 0 2 2 -1 1 0 -1 0 0 1 0 0 0 -1 0 1 0 1 0 -1 -1 -1 1 1 0 1 0 0 0 0 1 1 -1 1 1 1 0 0 1 2 0 0 0 0 -1 2 0 -1 1 0 0 0 0 0 -1 0 0
-1 1 0 1 0 0 0 1 -2 -2 1 0 0 0 1 1 0 1 0 0 0 0 0 1 0 0 0 0 0 -1 0 0 -1 0 0 1 0 0 2 1 0 0 0 0 1 0 0 1 0 1 0 0 1 0 0 0 1 0 0 0 0 0 0 0 0 0 0 1 0 0 0 0 1 0 0 0 1 -1 2 5 0 0 2 0 0 -1 0 0 0 0 0 0 -1 0 1 0 1 0 0 0 1 1 0 0 1 0 0 0 1 -1 0 1 0 0 -1 0 1 1 0 0 0 0 2 1 0 0 1 0 0 0 0 1 -2 1 -1 -1 0 -1 0 1 0 0 0 0 0 -1 0 0 0 0 0 0 0 0 1 0 0 -1 1 0 0 0 0 0 -1 -1 0 0 2 0 0 0 -1 0 0 0 -1 0 2 0 0 0 -2 0 0 0 1 -1 1 -1 0 0 -1 0 0 1 0 1 0 0 -2 0 2 1 0 0 0 0 0 -2 0 1 0 0 0 -1 0 0 0 -1 0 0 0 0 1 1 0 0 0 0 0 0 0 0 0 0 0 0 0 -1 -1 0 0 0 0 0 0 1 -1 0 0 0 14 0 -2 0 1 0 0 0 0 -1 1 0 0 -1 0 0 0 0 0 -1 1 0 0 0 -1 -1 0 -1 0 0 -1 0 0 0 0 0 1 0 1 0 0 0 0 0 0 -1 0 0 1 1 0 0 -2 1 -1 0 1 0 -1 0 0 1 0 0 1 1 -1 0 0 1 0 -1 0 2 0 0 0 2 0 0 0 0 0 -1 0 0 1 0 0 0 0 0 0 1 0 0 0 0 2 3 0 -1 0 0 -1 1 0 0 0 0 0 0 0 0 0 -1 0 -1 0 0 0 0 0 1 0 0 0 0 0 -2 0 0 0 0 0 -3 0 2 0 0 -1 0 0 0 0 2 0 0 0 1 0 -1 -1 0 0 -1 1 0 -1 0 0 1 0 0 0 0 0 1 0 0 0 -1 0 -1 1 1 -1 0 0 0 1 0 0 0 -1 0 0 -1 0 0 0 0 4 0 1 0 1 0 0 0 0 1 0 0 0 1 1 -1
-1 0 -1 -1 1 0 0 -1 0 0 0 -2 0 0 -1 0 1 0 0 1 1 -1 0 -2 0 -1 0 -1 2 2 0 0 0 -2 -1 4 0 0 0 3 1 0 0 0 -1 0 0 0 2 0 0 2 1 0 -2 0 1 0 -1 1 0 0 0 -3 0 0 1 2 0 0 0 -2 0 -1 1 0 -2 2 0 -1 0 0 0 -1 0 1 0 -1 0 0 0 0 -1 -1 1 0 0 0 1 0 0 -2 -1 0 -1 0 0 2 0 0 1 0 0 1 0 0 0 0 0 2 2 -1 0 -1 0 0 1 0 0 0 1 0 -1 1 -1 0 0 -1 0 1 -2 0 0 -1 0 1 1 1 0 1 1 0 -2 1 0 0 1 0 0 0 -1 0 2 0 -1 0 0 0 1 0 0 -1 -1 0 1 1 -1 3 2 0 -1 2 -1 1 0 1 1 -1 1 0 1 0 0 0 0 0 1 -1 0 -1 0 -1 0 0 1 0 1 1 0 0 0 0 1 0 1 0 0 1 0 0 1 -2 1 0 1 0 1 -1 -1 1 1 -1 0 -1 0 0 1 0 0 -1 1 1 0 0 0 1 -2 0 1 0 1 1 0 23 0 1 0 0 2 0 -1 0 0 0 1 0 0 0 0 1 1 1 0 0 2 0 0 1 -1 2 1 2 0 -1 -1 1 0 1 -2 1 0 1 2 0 1 0 3 0 -1 -1 0 1 2 0 0 1 0 0 1 0 2 0 0 0 0 0 -1 0 -1 0 0 0 0 0 -1 1 2 -2 1 0 0 -2 0 0 0 1 0 0 0 0 0 1 0 0 1 -2 0 2 -1 1 0 1 0 0 -1 -2 0 1 -2 1 0 0 0 1 0 0 2 -1 0 1 -1 -1 0 1 0 1 0 0 0 0 1 1 0 0 -1 1 1 1 0 -1 2 -2 0 0 1 2 -1 1 -2 -1 0 0 1 1 0 0 0 0 1 0 -1 1 -2 0 1 -2 -1 0 0 0 0 -1 0 0 0 0 1 1 1 0 0 0 1 -1 1 0 0 0 -2 0 1 0 0 0 1 0 -1 0 -1 0 0 0 0 0 0 -2 -1 1 1 1
0 0 0 0 0 0 2 0 1 0 0 1 0 0 0 1 -1 -2 0 -1 0 0 0 0 1 -1 0 0 0 0 0 0 -1 0 -1 0 -1 0 0 0 0 0 0 -1 0 1 0 0 0 0 0 0 1 -1 0 0 1 0 0 3 0 -1 1 -1 1 -2 0 0 0 0 0 0 0 0 0 1 1 0 -1 -2 0 -1 -1 1 1 1 0 0 0 0 1 0 0 0 2 0 0 1 0 0 1 0 0 0 0 0 0 0 0 0 1 -1 -1 0 -1 0 0 0 1 0 -1 1 -1 0 -1 -1 0 0 0 1 0 -1 2 1 -1 1 0 0 0 0 1 0 -1 0 0 0 0 0 -1 0 1 1 1 2 -1 0 0 0 0 0 0 0 0 0 0 0 1 0 -2 0 0 0 0 -1 0 1 0 0 -1 0 -1 0 1 -1 -1 0 0 0 0 -2 0 0 -1 0 1 -1 1 -1 0 0 1 1 0 0 0 2 0 -1 0 1 0 0 1 1 0 0 0 0 0 1 0 0 0 0 0 -1 1 0 1 0 1 1 0 0 0 0 0 0 -1 1 0 0 0 0 1 1 2 0 0 0 0 0 -2 0 11 0 0 2 0 0 0 0 1 0 0 0 -1 0 0 0 -1 0 1 0 0 -1 0 0 1 0 0 0 0 -1 0 -1 0 -1 0 0 1 0 0 1 0 0 0 1 0 0 0 0 1 0 1 1 0 0 -1 0 0 0 0 0 0 1 0 1 0 0 0 0 -1 0 0 0 0 0 0 -1 0 0 0 1 0 -1 0 -1 1 -1 0 -1 0 0 0 0 -1 0 0 0 -1 0 1 0 0 1 0 0 0 0 1 0 0 -1 0 0 -1 1 0 1 0 2 0 -1 0 0 1 0 0 -1 0 -1 0 0 0 1 0 0 -1 -1 0 1 0 0 1 -1 0 0 0 0 -1 0 0 2 0 -1 1 1 0 0 0 1 0 0 0 0 0 0 0 0 0 0 0 0 1 3 0 -1 -1 0 0 1 0 0 0 0 0 0 0 0 0 0 0 3 -2 0 0 0 0 0 0 0 0 1 0 0 0 0 0 -1
1 0 1 0 0 0 0 0 -1 0 0 1 0 0 0 0 1 0 0 0 0 0 0 0 0 0 0 0 1 0 0 0 0 0 -1 0 2 0 1 0 0 0 0 0 0 0 0 0 0 0 0 0 0 0 -1 0 0 1 0 -1 0 0 0 0 0 0 0 0 0 0 0 1 2 0 -1 0 0 0 0 0 0 0 0 0 0 -1 0 0 -2 0 0 0 0 0 0 0 0 0 0 1 1 0 1 0 0 0 0 2 0 0 0 0 0 0 0 0 0 0 0 0 0 -1 1 0 0 0 0 0 0 0 0 0 1 1 -1 1 -1 2 -1 0 0 0 0 0 0 0 0 1 0 0 0 1 0 0 0 0 0 0 0 1 0 0 0 0 1 0 0 0 0 0 0 0 0 0 0 0 1 0 -1 0 0 1 0 0 0 0 0 0 1 1 0 0 0 0 0 0 0 1 1 0 0 0 0 0 -1 0 0 0 1 1 0 0 1 0 -1 0 1 0 0 -1 1 0 0 0 0 0 0 -1 0 1 0 0 0 1 -1 0 0 0 0 0 0 0 1 0 -1 1 1 1 0 0 0 1 0 1 0 10 1 0 0 0 1 0 0 1 0 0 0 -1 0 0 0 1 0 0 1 1 0 0 0 0 0 0 1 0 -1 1 -2 0 0 0 0 0 1 0 0 1 1 -1 0 0 0 -1 0 0 0 0 0 1 0 0 -1 0 0 0 -1 0 1 1 0 0 -1 0 0 0 0 0 0 0 0 1 0 -1 0 0 1 0 0 -2 0 0 0 0 1 0 0 0 0 0 -1 1 -1 0 0 2 0 0 -1 0 0 0 0 1 0 0 0 0 1 0 0 1 0 0 0 0 -1 1 0 0 0 0 -1 1 0 0 0 0 0 0 0 -1 -1 0 0 0 1 1 0 0 0 0 0 1 1 0 0 0 0 -1 0 1 1 0 -1 1 0 0 -1 0 0 -1 0 -1 -1 0 0 0 -1 1 -1 0 0 0 -1 0 1 0 0 1 0 1 -1 0 -1 0 1 0 0 0 0 0 0 2 0 1 0 0 -1 0 1 1
0 0 0 -1 -1 0 -1 2 -1 -1 1 0 0 0 1 1 1 0 0 1 1 0 1 -1 -1 0 0 0 1 -1 0 0 1 0 0 2 0 0 0 1 0 0 -1 -1 0 1 0 1 0 1 0 0 0 -1 0 1 1 0 1 0 -1 1 0 0 0 0 0 1 0 0 0 0 1 -1 0 0 -1 -1 -1 0 3 1 -1 1 1 0 0 1 -1 0 0 2 -1 -2 0 0 2 0 -1 1 0 -1 1 0 0 1 -1 0 1 1 0 1 1 0 0 0 -1 1 0 -1 1 -2 0 0 0 1 1 0 0 0 -1 0 -2 0 -1 1 -1 0 0 0 0 0 1 1 0 0 1 -1 0 -1 1 1 1 -1 1 0 1 0 0 2 -1 2 -1 -1 0 0 3 1 0 -1 3 0 0 -1 -1 1 0 1 -2 0 0 1 0 0 1 -1 1 1 1 -1 1 -1 -1 0 1 0 1 1 0 0 -1 0 1 0 0 0 1 0 -1 1 0 1 0 -1 0 2 0 1 1 -1 1 -1 0 -1 0 1 -1 1 0 0 0 1 -1 1 -1 0 0 0 0 0 -1 -1 0 0 0 0 -1 0 1 0 -2 0 1 0 0 1 19 2 -1 0 2 0 1 0 1 0 1 1 0 0 1 0 -1 0 -1 0 -1 0 0 1 1 0 1 -1 0 1 0 0 0 1 0 0 0 0 3 1 -1 1 1 1 0 -2 0 0 -1 1 0 -1 0 1 -1 1 0 2 -1 0 0 -1 -1 -1 0 -1 -1 -2 0 -1 1 0 0 0 1 -1 0 1 0 -2 0 -2 0 0 0 0 2 0 0 -2 0 0 1 1 0 0 0 0 1 -1 1 0 1 -1 -1 0 0 0 0 -1 0 0 1 2 0 1 0 0 0 0 1 0 0 1 0 1 0 0 0 1 0 -1 0 0 -1 0 0 1 0 1 0 0 0 0 0 2 -1 0 -1 0 2 0 2 0 -1 0 0 1 -1 2 1 -1 -1 0 0 -1 0 0 1 -1 2 0 0 0 0 0 0 1 0 -1 -2 0 0 -2 -1 1 -1 1 0 1 0 0 0 1 0 0 0 0 0 -1 -1 1 0 0
1 1 0 -2 0 0 2 0 0 1 -2 0 0 1 0 -1 1 0 -1 1 1 0 0 0 2 1 -1 1 1 0 0 0 0 0 0 0 -1 0 0 1 0 0 0 1 1 1 1 -1 -1 0 -1 0 0 0 0 1 0 0 0 -1 0 0 1 2 0 0 0 0 -1 0 2 0 0 -1 0 0 1 3 -2 0 0 1 -1 2 -1 0 0 -1 0 1 0 0 -1 0 0 0 1 0 0 1 1 0 -2 -1 1 1 -1 0 1 0 1 0 -1 0 0 0 0 0 1 1 0 0 -1 1 2 1 1 0 0 -1 0 0 -1 1 -1 0 1 1 0 0 0 0 -1 0 -2 0 1 0 1 1 0 1 0 0 0 0 1 -1 -1 0 0 1 -1 1 1 0 2 1 0 0 1 0 1 0 0 2 1 1 0 0 0 -1 0 0 1 -1 0 1 1 -3 0 1 0 0 0 -1 0 0 0 0 0 -1 -1 1 0 2 0 1 2 1 -1 -1 0 1 0 0 0 1 0 -1 1 0 0 1 1 0 0 1 1 0 0 -1 0 0 0 0 -1 1 -1 0 -1 0 0 1 0 0 1 0 0 -1 -1 0 0 0 2 0 2 20 0 1 0 -1 1 0 0 0 0 0 0 3 0 0 1 -1 0 0 0 2 0 1 2 0 0 2 0 -2 1 -1 -1 1 0 0 0 -1 1 0 0 3 1 0 1 1 1 0 0 0 0 0 1 1 0 0 1 1 0 2 0 1 1 0 -1 -1 0 -1 0 0 0 0 1 0 -1 0 0 -1 0 0 4 0 0 0 -1 2 0 0 1 1 0 0 0 -1 1 1 0 1 1 1 0 2 0 0 2 0 0 1 -1 -1 0 0 1 1 0 0 1 -1 1 0 1 0 1 1 0 1 0 -1 0 1 0 -1 0 1 -1 1 3 1 0 1 0 0 -1 0 -2 -1 0 0 2 -1 1 0 1 0 2 0 0 0 1 0 0 0 1 0 -1 0 0 2 0 1 2 -1 1 0 0 1 0 3 0 0 0 1 3 0 0 0 0 0 0 1 2 1 2 0 0 -1 0 2 1 0 1 0 0 0
0 -1 -1 0 0 0 1 1 1 1 -1 -1 0 1 1 1 0 0 0 0 1 0 0 0 -1 0 0 0 0 1 -1 0 -1 0 -1 2 0 1 0 0 1 -3 0 1 -2 1 0 1 1 0 1 1 0 1 -2 1 0 0 0 2 -1 -1 -3 0 -2 0 1 0 0 1 -1 1 0 1 0 -2 0 1 -3 0 -1 0 0 1 -1 2 -2 1 -1 0 0 1 0 0 -1 0 0 1 0 0 -2 0 0 1 0 1 -1 1 1 2 -2 0 0 0 1 1 1 1 0 1 -1 1 0 0 1 1 2 1 0 -3 1 2 0 0 1 0 0 -1 1 0 0 0 1 1 0 2 0 -1 0 2 -1 1 1 -1 0 0 0 0 -1 0 0 -1 0 0 0 -3 -1 0 0 1 1 -1 2 0 1 -1 0 1 1 0 -2 0 0 0 0 0 0 0 1 -1 0 0 0 0 -1 0 0 0 0 0 0 0 0 0 0 0 -1 1 1 0 0 0 1 0 1 0 0 -1 0 0 -1 0 0 0 0 1 0 -1 0 -1 0 0 -1 0 -1 -1 0 1 0 2 0 1 1 0 0 0 1 0 0 1 2 1 0 2 0 0 -1 0 20 1 0 0 0 0 1 0 0 1 -1 -1 -1 -1 -1 -2 0 -1 0 1 0 1 1 -1 2 1 1 1 0 0 -2 1 -1 0 0 -1 -1 0 0 0 0 -2 1 1 0 0 0 0 -1 0 -1 -1 0 0 0 1 1 1 0 2 1 2 0 0 -2 0 0 1 0 0 1 0 -1 1 -1 -1 1 0 1 -1 -1 1 0 0 0 2 -1 2 2 -1 0 1 -1 0 0 1 0 0 0 0 -1 -1 1 -1 0 1 1 -1 0 1 1 0 -1 0 1 -1 0 -1 0 0 0 1 -1 -1 -1 0 1 -1 0 -1 -2 0 1 1 0 -2 2 1 0 2 0 0 0 1 0 0 1 2 -1 0 1 1 -1 1 1 1 0 2 0 0 1 1 0 0 0 -1 -1 -1 -1 0 0 0 0 0 -1 1 0 2 2 1 0 0 0 -1 0 -1 1 0 0 1 0 0 0 0 0 0 -2 0 -1 0 0 0
1 0 0 0 -2 0 0 1 0 0 0 0 -1 1 1 0 2 0 0 1 -1 0 0 2 1 -1 0 0 -1 0 0 -2 1 1 1 0 -2 0 0 -1 1 1 0 1 0 -1 0 -1 1 0 0 0 1 -1 0 0 0 0 0 1 -1 2 2 2 0 0 0 -1 1 0 0 0 0 1 0 -1 2 0 1 -1 0 0 0 1 0 0 0 1 0 2 0 0 0 1 0 0 2 1 1 0 0 0 0 1 0 0 0 -2 1 1 1 1 0 2 0 0 0 1 0 0 0 1 1 0 0 0 0 0 -2 0 0 1 1 0 -2 0 0 0 1 0 -1 0 0 -1 0 0 1 0 0 1 -1 1 -1 0 0 0 -1 -1 0 0 0 -2 -1 1 -3 -1 1 0 0 0 1 0 -1 0 3 0 2 1 -1 -1 1 0 -1 0 0 0 0 0 0 -1 1 -1 0 0 0 0 0 -1 -1 0 -2 0 0 0 0 0 0 2 -1 0 0 0 2 -1 0 1 2 0 0 0 1 -1 0 0 -1 0 0 -1 -1 0 1 0 0 1 -1 0 0 1 0 1 1 1 0 0 0 1 0 0 2 1 1 1 0 0 0 0 0 1 1 25 1 0 -1 0 0 2 -3 0 0 0 0 0 2 0 1 0 1 -1 1 -1 -1 1 0 -2 0 -1 0 -1 3 0 2 0 0 -1 0 0 0 2 0 0 0 1 -1 1 -1 0 1 0 0 0 1 3 0 0 0 -1 1 1 2 -1 1 2 -2 2 0 0 0 0 -1 1 0 0 0 -1 -2 -1 -1 -2 0 -2 1 -1 0 1 0 -2 1 0 1 -1 -1 0 0 -1 0 0 0 -1 0 -1 0 -1 0 -1 -1 0 0 1 -2 0 0 0 2 -1 1 1 -2 -1 2 -1 0 3 0 1 0 0 -3 0 0 0 1 0 0 0 0 -1 -1 0 -1 1 0 0 0 1 2 -1 1 1 0 0 1 1 0 1 1 0 0 -1 0 2 -1 0 1 -1 1 1 -4 1 0 1 1 -1 -1 0 -3 1 2 0 0 0 0 1 0 0 -1 0 1 -1 -1 1 2 -1 -2 2 1 -1 0 -1 0 1
-1 0 0 2 0 1 -1 0 1 0 0 1 0 0 2 0 0 0 0 0 0 0 -1 -3 0 -1 0 0 0 0 0 0 0 0 0 -1 0 0 0 -1 0 0 -1 2 0 1 1 0 0 0 0 -1 -2 1 -1 1 0 0 2 1 1 1 0 0 1 0 1 -1 0 2 0 -1 0 0 0 1 0 0 0 -2 2 0 0 -2 0 0 0 0 0 0 0 -1 1 -1 0 0 0 0 0 2 -1 1 0 -1 3 1 0 0 -1 1 -2 0 0 0 0 -1 0 0 0 -1 1 -1 0 0 2 0 1 0 0 0 1 1 0 1 -1 1 2 2 0 0 0 0 -1 0 0 0 0 0 0 1 1 -1 1 0 0 0 -1 -2 0 0 0 1 0 0 0 1 2 -1 0 0 1 0 -1 0 -2 0 0 0 0 0 2 1 -1 0 0 -1 0 1 1 0 2 0 -1 0 0 0 1 1 -1 0 0 -1 1 1 0 0 0 0 0 0 -1 0 1 -2 0 1 1 -1 0 1 0 2 -2 0 0 0 0 1 0 0 -1 0 0 -1 1 0 -1 0 0 0 0 0 0 0 1 0 -1 -2 0 1 -2 0 0 -1 0 1 2 0 0 1 21 1 -1 0 1 0 1 0 0 1 0 1 -3 -2 -1 2 0 0 1 2 0 3 0 -3 0 1 1 0 1 -1 1 0 0 0 3 2 -1 0 0 0 0 -1 0 0 0 0 2 0 0 0 1 0 0 -1 1 -2 2 2 -2 -1 -2 2 0 1 -1 0 -1 0 0 1 0 1 0 -2 -1 0 0 -1 0 -1 -2 0 0 -1 0 0 1 1 0 -1 0 0 -1 0 -2 -1 -1 0 0 1 1 1 1 1 0 1 0 1 0 0 0 0 1 -1 2 1 0 -1 -1 1 0 1 0 -1 0 -1 0 0 0 0 0 0 -1 -1 1 -1 -1 0 0 1 -1 -1 0 0 0 0 1 0 0 2 1 -2 -1 0 1 -1 2 1 0 0 1 -1 1 0 1 -1 -1 0 -2 0 0 1 -2 0 0 4 0 0 0 0 0 0 -1 1 0 -2 0 0 0 0 0 0 0 0 -1 0 0 0 1 1
0 0 1 0 0 0 0 1 0 0 0 0 0 0 1 0 0 0 0 0 0 0 0 0 0 -1 -1 1 -1 0 -1 0 1 0 0 0 1 0 1 -1 0 -1 -1 1 0 -1 0 0 0 0 0 0 -1 0 0 0 1 0 0 1 0 1 0 0 1 0 1 0 0 -1 0 0 -1 3 1 -1 0 0 0 0 0 2 1 0 -1 0 0 1 0 0 0 1 1 -1 0 -2 0 0 0 0 0 -1 1 0 0 1 0 0 1 1 -2 1 -1 1 0 2 0 0 0 0 -1 0 0 0 0 -1 -1 -1 1 0 1 0 1 0 1 0 -1 1 0 0 -1 0 0 0 0 0 0 -1 -1 1 0 0 0 0 -2 2 0 0 -1 0 -1 0 1 0 1 0 0 0 0 0 0 1 0 0 -1 0 -1 0 0 -1 1 0 1 0 2 0 1 0 1 0 0 -2 0 0 0 1 -1 0 -1 0 -1 1 0 1 0 0 0 1 1 2 0 0 -1 0 0 0 0 0 0 0 1 1 0 0 0 0 0 0 0 0 0 -1 0 -1 -1 1 0 1 0 0 0 -2 0 -1 -1 0 0 1 1 0 1 0 -1 0 0 0 0 -1 0 0 1 15 1 0 -1 0 1 -1 0 -1 0 0 1 0 1 0 1 0 1 1 0 0 1 -1 0 0 -1 0 0 0 1 -2 0 0 0 0 0 0 0 0 0 0 1 1 0 0 0 0 0 2 0 0 0 0 0 0 0 1 1 0 1 0 0 0 0 0 2 0 0 0 -1 0 0 0 0 1 0 0 0 0 -1 0 0 -1 2 -1 2 0 1 0 1 -2 0 -1 1 0 0 1 1 -1 0 0 0 1 0 1 0 0 0 0 0 0 0 0 -2 -2 0 -1 -1 0 0 0 0 1 0 0 0 0 1 -1 0 0 0 1 0 -1 0 1 0 1 0 1 1 0 0 0 0 2 0 1 0 1 0 0 0 -1 0 0 0 0 0 -1 1 1 -1 1 1 -1 1 -1 0 1 -1 0 1 1 0 0 1 1 1 0 0 0 0 0 -1 0 0 -1 -1 0 0 -1 0 0 1 0 2 0
-1 -1 1 -1 0 0 1 1 1 -2 2 1 1 0 -1 -1 0 0 1 0 0 0 1 0 0 1 1 1 0 0 0 0 0 1 1 1 3 -1 -1 0 0 -1 2 0 0 1 -1 0 0 1 1 -2 0 0 1 1 1 0 0 -1 -1 -2 -1 1 1 0 -1 2 0 1 -1 1 2 0 0 0 1 0 -1 0 0 0 -1 0 -2 1 0 0 0 0 1 -1 0 -1 1 1 0 1 1 -1 0 1 0 0 1 0 -2 0 1 0 -2 0 -1 2 0 3 -1 0 2 -1 0 -1 0 -1 1 0 0 -1 -1 0 0 1 1 1 -1 2 0 1 0 -1 0 2 0 0 2 0 1 0 0 0 1 0 1 3 -1 0 2 0 -1 -2 -1 1 1 0 -1 0 0 -1 0 1 1 0 1 1 1 0 0 1 0 0 -1 1 -2 0 -1 1 1 1 -1 0 1 -1 -1 0 1 0 0 0 -1 0 0 0 0 0 -1 0 0 2 0 1 0 1 0 0 0 -2 0 0 0 0 -1 0 0 1 -1 3 2 -1 1 -1 -1 1 1 1 0 0 1 0 0 0 0 0 0 2 1 0 2 2 0 1 1 0 1 0 1 0 1 1 0 -1 -1 1 25 0 1 1 0 0 2 0 0 0 0 -1 1 0 0 1 -1 0 1 1 0 1 1 1 1 0 0 0 -1 0 1 1 -2 -2 0 -1 0 -1 2 0 0 0 1 -1 1 -1 0 1 -1 1 1 0 1 1 1 0 0 1 0 0 0 -2 -1 0 1 -1 -1 0 -1 1 0 0 0 0 0 -1 1 -2 0 0 -1 0 1 0 0 2 1 1 -1 0 0 -1 0 -1 0 0 0 -1 -1 0 0 -1 1 0 1 0 -1 2 -1 1 -1 0 -1 0 0 -1 0 0 0 0 0 0 0 0 0 -1 1 0 0 0 0 1 0 -1 -1 1 1 -1 0 0 1 0 0 0 1 1 0 -2 1 1 1 -2 0 2 -1 0 0 -1 -1 1 0 0 -2 1 3 0 2 0 2 0 0 0 0 0 -2 -1 0 2 0 0 0 0 0 2 0 1 1 2 0 0 2 -1 -1 -1 -1 1 0 -2
0 1 0 0 0 0 0 1 0 0 0 0 0 1 -1 0 0 0 0 0 0 -1 0 1 0 0 1 -1 0 0 0 0 0 -1 0 -1 0 0 -1 -1 0 0 0 0 0 1 0 0 1 0 0 0 0 1 0 -1 0 1 0 0 -1 0 0 0 0 0 0 0 0 0 0 0 0 -2 0 -1 0 0 0 0 0 -1 1 -2 0 0 0 0 0 1 -1 0 0 0 1 0 0 0 0 0 0 -1 0 0 0 1 0 0 0 1 1 0 -1 0 0 -1 0 0 0 1 0 0 0 -1 1 0 0 0 0 0 -1 1 0 1 0 1 0 0 1 0 0 0 0 0 0 1 0 0 0 1 -1 -1 0 0 0 0 -1 1 0 0 0 1 0 0 1 0 0 1 0 -1 -1 0 0 -1 0 -1 0 0 0 0 0 1 0 0 0 0 0 0 -1 0 0 0 1 -1 0 -1 0 1 1 1 -1 1 0 0 0 0 0 -1 0 0 0 0 1 0 0 0 -1 0 0 0 1 0 0 -2 0 0 0 0 -1 1 0 0 0 1 0 2 0 0 0 0 0 0 0 0 0 0 0 0 0 0 0 0 0 0 0 1 0 0 0 0 0 0 0 8 -1 0 0 -1 0 0 0 0 0 0 0 0 0 0 0 0 -2 -1 1 0 0 0 -1 0 0 0 0 1 0 0 -1 1 0 0 0 0 0 0 0 0 0 0 0 1 0 0 0 1 0 0 0 -1 0 -1 0 0 0 0 -1 0 0 0 0 0 -1 -1 -1 -1 0 0 0 0 0 -2 0 -1 1 0 -1 1 1 1 0 0 -1 0 -2 0 0 0 0 0 -2 0 0 0 0 -1 0 -1 0 0 0 1 0 0 0 0 0 0 0 -1 0 0 -1 0 0 0 -1 0 0 0 0 0 0 0 0 0 0 0 0 0 0 0 0 0 0 0 1 0 0 0 -1 1 0 0 0 0 0 -2 0 0 0 0 1 -1 -2 -1 0 1 0 0 0 0 0 0 0 0 1 0 0 0 -1 0 0 0 0 0 0 0 0 1 -1 0 0 0 0 0 0 0 0 0 -1 0 0 0
-1 1 0 0 0 0 0 -1 1 1 0 0 0 0 0 0 0 -1 0 0 0 0 1 1 0 0 1 -1 0 0 0 0 1 0 0 0 1 0 0 0 2 -1 -1 1 -1 -1 0 -1 0 1 0 0 0 0 0 1 0 -1 1 1 1 -2 -1 0 -1 0 0 0 -1 0 -1 0 1 -1 0 1 0 1 0 -1 0 1 0 1 -1 -1 -2 -1 0 -1 0 0 0 1 0 -1 -1 0 -1 1 0 -1 1 0 0 -1 0 0 0 1 0 0 0 0 1 2 0 0 0 0 1 0 0 0 0 -1 3 0 0 -1 1 0 0 0 0 1 0 -1 0 1 0 1 0 0 -1 2 0 0 0 0 1 0 0 -1 0 1 0 1 0 1 -1 1 0 -1 0 0 0 0 1 2 0 0 0 0 1 0 0 0 -1 0 -1 0 0 -1 0 -1 0 0 0 1 0 1 0 1 0 1 0 1 0 -1 0 0 -2 -1 0 1 0 1 0 -1 0 -1 0 -1 0 1 0 0 0 0 0 0 0 1 1 1 -2 0 0 0 1 2 2 -1 -1 0 0 -1 0 0 0 2 0 0 1 0 -1 -1 2 0 -1 1 0 1 0 0 1 0 1 0 1 -1 1 -1 15 0 1 2 0 2 0 0 1 -1 -1 0 1 -2 1 0 0 1 0 1 0 2 0 1 0 1 0 1 2 0 1 0 0 0 0 -1 1 0 0 0 0 1 0 0 0 0 1 0 0 0 0 0 -1 0 0 0 0 1 0 0 0 1 0 0 1 1 0 -1 1 0 1 0 1 -1 1 -1 -1 0 0 0 -1 0 -1 0 0 1 2 0 0 0 0 0 1 1 -1 -2 0 -1 0 0 1 -1 0 1 -2 0 -1 -1 -1 0 0 -1 1 -2 1 0 0 0 1 0 -1 0 0 -2 0 0 0 -1 0 0 0 1 1 0 0 0 1 -1 0 0 -1 -1 2 0 1 0 0 -1 0 0 0 -1 0 -1 0 0 3 1 1 -1 -1 -1 -1 0 0 0 -2 -1 0 0 0 1 0 -1 0 0 -1 0 0 1 0 -1 0 0 0 0 0 0 0 0 -1 0 1 0 0 1
0 2 -1 1 0 0 0 -2 0 1 -1 2 0 -1 1 0 0 1 1 0 -1 0 0 -1 0 2 0 -1 -2 0 1 -1 -1 1 0 -1 1 -1 0 -2 0 0 0 2 0 0 0 -1 0 1 0 0 2 1 1 2 1 1 0 1 -1 2 0 0 0 0 -1 1 0 0 -1 -1 0 0 0 -2 0 1 0 0 0 0 -1 1 1 1 0 2 0 0 0 0 0 0 1 0 0 0 0 2 0 -1 0 1 -1 0 0 -1 0 -1 1 1 1 1 0 0 0 0 0 0 1 0 0 -1 0 0 -2 0 0 0 0 0 -1 0 0 1 0 0 1 -1 -1 -1 -2 0 0 0 0 0 1 0 0 0 0 0 0 1 1 1 0 0 0 0 0 0 0 -1 1 -1 -1 1 -1 3 -1 1 0 1 0 0 1 0 0 -1 0 0 0 1 -1 0 -2 -1 1 0 0 0 0 1 0 0 -1 0 0 0 0 3 0 0 -1 2 0 1 -1 1 0 1 0 0 2 0 2 -1 0 -1 0 0 0 0 1 -1 0 0 1 0 0 1 -1 1 0 0 0 1 0 0 0 0 0 0 1 0 -2 2 0 1 -1 0 0 0 0 0 0 2 0 0 1 0 0 18 0 0 0 -1 1 -1 1 0 0 -1 1 0 1 1 0 0 1 0 0 -1 0 0 0 0 1 2 0 0 0 0 0 0 0 0 0 0 1 1 -1 1 0 0 0 0 0 1 0 -1 0 1 0 1 1 0 0 1 0 1 0 0 2 1 0 0 -1 2 -1 0 0 0 0 0 2 -3 1 0 0 0 0 0 0 2 0 0 0 2 0 -1 0 -1 -1 1 0 1 0 0 1 -2 0 1 0 0 1 0 0 0 -1 1 0 -1 0 -1 0 -1 0 0 0 -1 1 0 1 -1 0 1 0 0 0 2 0 -1 0 0 0 0 0 -1 1 1 0 0 0 0 -1 0 -1 -1 0 -1 -1 -1 0 1 0 -1 0 0 -1 0 -1 1 0 0 1 1 0 1 0 -1 0 0 2 0 0 0 0 0 -1 1 -2 1 2 0 -1 1 1 1 0 0 0 0 1 -1 0 0
0 1 1 0 0 0 0 2 0 2 0 -1 1 0 0 -1 1 1 -1 0 0 0 0 0 0 0 -1 0 0 0 0 1 1 0 -1 0 0 0 0 1 0 0 0 0 1 2 0 1 0 0 0 0 0 1 0 0 0 -1 1 1 0 -1 0 0 1 2 -1 2 0 1 1 0 0 0 0 0 -2 -1 0 0 -1 1 1 -2 1 0 0 1 0 -1 0 0 1 -1 0 0 0 0 0 0 0 0 1 0 0 1 0 2 0 0 0 0 0 -1 0 0 0 0 1 0 1 0 0 0 1 1 1 -1 2 0 0 0 0 0 1 0 -1 0 0 0 -1 0 2 0 0 0 0 0 0 0 0 -1 0 0 0 2 0 0 0 0 -1 1 0 0 0 0 0 0 1 0 1 0 0 0 -2 0 -1 0 0 0 1 0 0 0 1 -2 0 0 0 -1 0 -1 -1 1 0 0 0 0 1 0 0 1 0 0 2 0 0 0 1 1 0 1 0 -1 0 1 0 0 1 -1 0 0 1 0 0 1 -1 0 1 1 -1 0 0 0 0 0 0 -1 0 0 0 0 0 0 0 1 0 0 1 0 -1 1 0 0 -1 0 1 0 0 -3 1 1 0 0 1 0 12 0 0 1 0 0 0 0 1 2 0 0 0 0 1 0 0 -1 0 1 0 0 -1 1 0 0 0 0 1 -1 2 1 0 0 0 0 0 -1 0 1 1 1 2 0 1 -1 0 1 0 -1 0 0 0 -1 0 0 1 -1 0 0 1 1 0 0 0 1 0 0 0 1 0 0 0 1 0 1 0 -1 0 0 -1 3 0 2 1 0 -1 1 0 -1 0 1 1 0 0 0 0 1 0 0 0 0 1 1 0 0 0 1 1 0 1 0 0 1 0 0 0 1 0 0 1 0 0 -1 1 1 0 0 -1 -1 0 0 0 1 0 0 1 0 0 1 1 0 0 2 0 1 -1 -1 0 0 0 0 2 -2 0 0 0 0 -1 0 0 0 1 0 0 0 0 1 2 0 0 -1 0 0 0 1 0 1 1 0 1 0 1 0 -2 0 0 0 1 0 0 0 0 0
0 0 1 0 0 0 0 0 1 0 0 0 -1 0 1 -1 0 1 0 0 1 0 1 0 -1 1 1 0 0 0 1 0 -1 0 -1 0 0 0 -1 0 0 1 -1 0 0 -1 0 0 1 0 -2 1 -1 0 0 1 0 1 1 1 2 2 0 -1 0 0 0 0 1 0 0 -1 1 0 -1 0 1 2 0 0 1 1 0 1 0 0 -1 -1 -1 0 0 1 0 1 0 0 1 0 0 -1 -2 0 0 0 1 -2 0 0 -1 -1 1 0 0 1 0 -1 0 1 -1 0 0 1 1 0 -2 -1 1 2 1 0 0 0 1 0 1 0 1 0 0 -1 0 1 0 0 -1 1 0 0 -1 1 0 0 0 1 0 0 0 0 0 1 0 -1 0 -1 -1 0 1 -1 1 1 1 0 0 0 1 0 -1 0 -1 0 0 0 -1 0 0 0 0 0 1 1 0 -1 1 0 0 0 0 2 0 -1 -1 -2 1 -1 0 0 1 0 0 2 -1 1 1 -1 2 -1 2 0 1 0 1 1 0 0 -1 2 -2 0 1 1 1 0 0 -1 2 0 0 0 -1 0 1 0 0 0 2 -3 0 0 0 0 -1 -2 0 0 0 -1 1 0 1 0 0 -1 0 -1 2 0 0 19 1 0 0 -2 -1 1 -1 0 0 0 0 0 0 -1 -1 1 2 1 3 0 0 0 0 0 0 0 1 0 0 0 1 -1 -1 0 1 0 0 0 -1 1 -1 0 1 0 -1 0 0 2 0 0 1 1 -1 0 1 1 -1 0 0 0 1 0 0 1 0 0 1 0 1 0 -1 0 1 -1 -1 0 -1 0 0 1 1 1 2 1 2 1 0 1 0 1 0 0 -1 0 1 0 0 0 0 1 0 -2 0 -1 0 -1 1 -2 3 2 1 0 0 1 0 1 0 0 -1 -1 0 1 -1 0 0 -1 0 -1 1 0 0 0 -1 0 0 0 0 0 1 0 1 0 0 0 1 -2 0 0 1 0 0 0 1 0 0 1 2 0 1 0 0 1 1 -1 2 0 0 -1 0 0 2 0 0 1 0 0 2 0 0 1 1 0 0 0 0 -2 0 1 0 0 0 -1
0 2 1 1 -1 0 0 1 2 1 1 0 1 0 0 -1 1 -1 -1 0 0 1 -1 0 0 3 1 0 0 0 -1 0 1 0 0 0 0 1 0 0 -1 0 0 2 0 -1 0 0 1 0 0 0 -2 0 0 1 2 0 1 0 0 0 3 1 4 -1 0 1 0 0 0 -1 1 -1 1 1 0 0 1 0 2 0 2 1 1 2 0 0 -1 0 2 1 -1 0 0 1 0 0 -1 0 1 1 0 2 1 1 1 1 0 0 -1 1 0 0 -2 1 0 0 1 -1 0 -1 -1 0 -1 0 1 0 0 -1 -1 1 1 0 0 1 -3 1 -1 1 -1 0 1 0 -1 0 0 0 3 0 0 -1 -1 -1 0 2 -1 -1 0 0 0 2 1 1 -1 3 1 -1 0 3 1 0 -2 0 1 -1 1 0 -2 0 -1 0 0 0 1 0 0 0 1 1 1 -1 0 0 0 1 -1 0 0 0 0 -2 1 0 2 0 0 1 0 1 0 0 1 0 -1 -1 1 1 1 0 -1 0 0 0 -1 -2 -1 0 0 1 0 1 0 1 2 0 1 0 -1 0 0 2 1 -1 0 1 0 0 -2 0 1 -1 0 0 0 0 0 0 -1 0 0 0 2 0 0 0 0 1 24 1 0 0 1 0 0 -1 1 1 1 1 1 0 -2 2 1 -1 1 -2 0 0 0 1 0 1 -1 0 0 1 0 0 0 2 0 2 0 0 1 1 1 0 0 1 1 0 -1 0 -1 0 1 0 1 0 1 0 2 0 3 0 0 0 0 1 1 2 0 0 0 0 -1 -1 -1 1 -1 2 -1 -1 -1 0 1 0 0 0 1 1 -1 0 1 0 1 0 0 -2 1 1 1 0 2 -1 0 1 1 0 -1 -1 0 1 2 1 0 0 0 -1 0 2 0 1 -1 1 1 1 -1 0 0 1 2 1 1 0 1 0 0 0 1 0 -1 0 2 -1 0 3 0 1 1 0 -1 0 1 1 -1 0 -2 0 0 1 0 0 1 -1 -1 1 0 0 0 -1 0 1 -2 0 -2 0 0 0 0 1 0 1 -1 0 2 1 -1 0 0 0 1 0 -2 0 -1 -1
0 1 -2 0 0 0 0 0 -1 1 0 0 0 0 1 -1 0 0 0 0 0 0 0 0 0 0 -1 0 0 0 -1 1 1 -2 0 -1 1 0 0 0 1 1 0 -1 0 0 0 0 -1 0 2 -2 -1 -1 0 1 0 -1 1 1 2 -2 -2 3 0 0 -1 -1 0 0 0 0 0 -1 0 -2 1 -2 1 0 0 0 0 -1 0 0 0 0 0 -1 1 -1 0 0 1 1 0 0 0 2 1 2 0 -2 1 1 -2 1 -3 0 0 0 0 0 1 1 -1 0 1 0 0 0 -1 0 1 1 1 0 0 1 0 0 0 0 0 2 -1 0 1 1 0 0 0 1 0 0 0 0 0 0 0 0 -1 -2 0 1 0 0 0 0 1 1 3 0 0 0 0 1 1 0 0 1 0 -1 0 1 4 0 0 0 -1 0 0 0 0 1 0 0 -1 -1 0 0 -1 1 0 0 1 -1 2 0 0 -2 1 0 1 0 -1 -1 0 0 0 0 0 0 1 2 1 1 0 0 0 0 0 0 1 0 -2 1 -1 3 1 -1 0 1 0 -1 -1 1 0 -1 -1 0 1 1 1 0 -1 0 1 -2 0 -4 0 1 0 0 0 3 -1 0 1 -1 0 0 2 -1 1 0 1 22 1 -1 0 -1 0 -1 1 0 0 0 0 0 0 0 0 -1 0 0 0 2 1 -1 0 -1 -1 1 1 0 0 0 -2 -1 0 0 0 -1 0 -1 0 0 0 0 2 -2 0 0 0 1 -1 0 0 -1 1 1 0 -1 -1 0 0 1 0 0 0 -1 0 1 0 0 -1 -3 0 0 0 0 -1 0 0 1 0 -2 0 0 0 0 1 -1 1 -1 -1 0 1 2 0 1 1 0 1 0 0 1 0 1 0 -3 1 2 0 0 -1 2 0 1 -2 0 1 0 0 0 0 -1 2 -1 -1 1 0 0 0 -1 0 0 0 -1 0 0 -2 0 0 2 1 -1 0 1 -1 -1 -1 -2 -1 1 0 -4 0 0 2 0 0 0 -3 -1 1 0 0 0 -1 2 -1 0 -1 -1 -1 0 1 0 0 0 0 1 -1 0 0 0 0 0 0 0 0 0 0 1 0 1
1 3 0 0 -1 0 0 -1 -1 0 0 0 1 -1 0 1 0 0 0 0 1 0 0 0 -1 0 0 0 2 0 0 0 0 -1 0 -1 0 -1 0 0 1 -2 0 2 -1 0 1 0 0 0 0 0 0 1 1 -1 -1 1 1 0 -1 -1 0 -1 -1 0 -1 0 0 0 0 0 0 1 0 0 0 0 0 -1 -1 0 1 0 1 0 -1 -1 -1 -1 -1 0 0 1 1 0 -1 -1 1 1 0 0 0 0 1 0 1 0 -1 1 1 0 0 0 0 0 1 1 -1 -1 1 1 1 1 1 1 0 0 -1 -1 1 -1 0 1 1 0 0 1 0 0 0 1 -1 0 0 0 1 0 0 0 0 0 0 0 1 0 0 0 0 0 0 -1 2 0 1 -3 0 -1 0 0 0 0 0 -1 0 1 0 -1 1 0 1 1 0 1 0 1 0 0 0 -1 1 0 0 0 1 0 0 0 0 -1 0 -1 0 0 0 1 0 0 0 1 -1 -1 -2 1 0 0 2 2 0 -1 1 0 1 1 0 0 1 0 0 0 0 -1 1 0 -1 0 0 0 0 0 0 0 0 0 0 0 0 0 0 -1 -1 -1 0 1 -1 0 1 0 -1 0 0 0 0 0 0 1 0 0 0 1 18 1 0 0 0 1 0 0 -1 -1 -1 0 -1 -2 1 0 0 1 -3 -2 0 0 0 0 0 0 1 0 0 -1 0 -2 0 -1 -1 0 1 0 0 -1 -1 1 0 1 1 0 0 -1 1 -2 0 0 0 1 -1 -1 0 0 -1 1 -1 0 1 -1 0 0 0 0 0 1 0 1 0 -1 0 -1 1 1 0 0 1 0 -1 1 0 0 0 0 0 1 0 1 0 1 -2 -1 1 0 0 0 0 0 0 0 1 2 1 0 0 0 -1 0 0 1 0 0 0 0 -1 0 -2 0 -1 1 0 0 -1 0 0 0 1 -1 -1 0 -2 0 0 0 0 -1 1 0 0 -1 -1 0 -1 -1 0 0 0 2 0 0 0 -2 1 0 2 0 0 0 0 0 -1 -1 1 -1 0 0 2 2 -1 0 -2 0 1 1 0 -1 0 0 0 0 0 0 1 0 0 0
0 0 -1 0 0 1 0 1 0 0 0 0 2 0 0 1 0 -1 0 0 0 0 1 0 -1 0 0 0 0 0 1 0 0 0 0 -1 -1 0 0 0 0 0 0 0 0 0 0 0 0 1 0 0 0 0 0 0 -1 0 0 0 1 0 1 0 0 0 0 0 0 0 1 -1 0 0 0 1 0 1 0 -1 0 2 0 -1 0 2 1 1 1 0 0 1 0 0 0 1 0 0 1 0 2 0 0 -1 -2 0 0 0 0 1 0 0 -1 0 0 1 0 0 0 -1 1 0 0 1 0 0 0 0 -1 1 0 -1 0 0 1 -1 0 0 0 0 -1 2 1 0 1 -1 -2 -1 0 1 0 0 -1 0 0 0 -1 1 1 -1 0 -1 0 0 1 0 0 -1 -1 -2 0 1 0 -1 -1 -1 0 0 1 0 0 1 1 0 0 0 0 0 0 0 -1 -1 0 0 0 -1 0 -1 1 0 0 0 0 1 0 0 0 0 0 0 0 1 -2 0 -1 0 1 0 0 0 0 0 0 0 -2 0 0 0 2 0 -1 0 0 0 0 0 1 1 0 0 0 0 0 0 0 1 0 -1 1 0 1 1 -1 1 0 1 0 0 -1 0 1 0 0 0 0 -1 0 -2 0 -1 1 16 1 0 1 1 0 1 0 -1 0 -1 0 -1 -1 -1 -1 -1 0 -1 0 -1 -1 -1 0 1 0 -2 1 0 1 0 -2 0 0 0 2 0 0 0 0 0 0 -2 0 -1 0 1 -4 -1 -1 0 0 -1 -1 0 -1 0 0 1 0 0 0 -1 0 1 0 -1 2 0 -1 0 1 -1 0 2 0 0 -1 0 1 0 0 0 0 1 0 0 -1 0 0 0 0 0 0 0 1 -1 1 1 0 1 0 2 1 1 0 0 1 0 -2 1 0 0 -2 -1 0 2 0 -1 0 -1 1 1 0 1 0 0 -1 0 0 1 0 -1 0 0 1 -1 1 0 1 -1 0 0 1 -1 -1 0 0 0 -1 0 0 0 0 0 2 0 1 0 0 0 -3 0 0 1 -1 0 -1 -1 0 1 1 0 1 -1 0 0 -1 0 1 1 0 1 0 1 0 0 -1 2
0 -1 0 -1 0 -1 0 0 -2 0 1 2 1 0 -1 -2 -1 -4 1 0 0 -2 0 -1 0 -1 -1 -2 0 -1 0 0 -1 0 2 -2 -1 0 1 0 1 0 0 -1 0 -2 0 -1 0 0 0 1 0 0 1 0 1 0 -1 -1 -4 -1 0 1 0 0 0 -1 -2 0 0 -2 0 1 0 0 3 0 0 0 0 0 1 0 -1 -1 1 0 -1 2 1 0 -1 2 1 -1 1 0 0 1 0 0 0 -1 0 0 0 -1 1 -1 1 0 1 0 0 2 1 1 0 1 2 0 -1 0 -1 0 0 1 -1 1 1 -1 -2 -2 -1 -1 -2 -2 0 0 0 1 0 0 0 0 0 -1 0 0 0 0 -1 1 0 1 1 1 1 1 0 0 -1 0 0 -1 -1 0 -1 0 0 0 -2 1 3 0 0 0 1 0 0 1 0 -1 -1 0 1 0 1 0 1 1 0 0 0 0 2 1 1 0 1 0 0 0 0 1 -1 1 -2 1 2 -1 0 0 -1 0 -1 0 0 -2 0 0 -1 0 0 -1 -1 1 1 1 -2 -1 0 1 -1 0 1 1 -1 0 -1 2 1 0 -1 0 0 0 0 0 -1 0 1 0 1 0 -1 1 -1 2 -3 1 0 0 1 1 0 -1 1 0 0 1 25 2 1 0 1 0 0 -2 0 -2 0 1 0 0 -2 1 1 0 0 0 0 1 0 0 0 -1 0 0 3 -1 0 1 -3 0 -2 -2 0 0 1 2 0 0 0 1 -2 1 1 0 0 1 -1 0 1 1 1 0 0 1 0 -1 2 0 0 -1 -1 -1 -1 0 1 -1 1 0 0 0 0 1 1 0 1 0 0 -1 -2 0 0 1 -2 -2 2 0 -1 1 -1 0 1 3 -1 0 0 0 0 -1 0 0 1 1 0 0 -1 1 0 2 0 0 -1 2 0 0 0 -1 0 0 -2 1 1 -2 0 1 -1 1 -1 1 0 0 0 0 0 1 -1 -1 -1 -1 0 -2 -2 1 -1 2 0 -1 1 0 0 0 -1 0 0 -1 0 0 0 1 -2 0 -1 1 0 0 0 0 -2 0 -1 0 1 1 0 -2 0 1 -2 1 0 -2 0 0 1 1
1 0 1 0 0 0 0 0 0 0 1 0 0 0 -1 0 0 0 0 0 0 0 1 0 0 -1 0 0 0 1 1 0 0 0 1 0 0 0 0 0 1 0 0 -1 -1 0 0 1 0 -1 0 0 0 0 0 0 0 0 -1 0 0 0 1 -1 0 0 0 0 0 -2 0 -2 -2 0 0 0 0 0 0 1 0 -1 1 0 0 0 0 0 -1 0 1 0 0 2 0 1 0 0 0 -1 1 0 0 0 1 -2 1 -1 0 0 2 0 0 0 0 0 3 0 0 0 3 -2 -1 0 -1 -2 1 1 0 -1 1 0 0 0 0 0 0 -1 0 0 0 -1 -2 0 1 0 0 0 0 0 0 0 -2 1 0 0 0 0 0 0 0 0 0 0 0 2 -1 0 0 0 1 0 0 0 0 -1 0 0 0 0 -1 0 0 0 0 -1 1 -1 -2 0 0 1 0 0 0 0 0 0 0 0 0 0 0 0 0 0 0 -1 0 0 1 0 0 0 -2 -2 0 0 0 0 0 0 0 -1 -1 0 -2 -2 0 -1 0 0 0 -1 0 0 0 -1 0 0 -1 -1 0 0 0 0 0 0 -2 1 0 0 0 0 0 0 0 -1 -2 0 -2 0 -1 0 -1 0 0 1 0 -1 0 0 2 14 0 2 0 0 -1 -3 -1 -2 -2 0 1 0 -1 0 0 0 1 0 0 1 0 1 0 0 0 0 -2 0 0 -2 -1 -1 -1 0 0 0 0 0 0 0 -1 1 0 0 0 0 -1 1 0 -1 0 0 0 0 0 0 0 0 0 1 0 0 0 0 0 0 1 0 0 0 0 1 0 0 -2 0 0 0 1 1 0 0 0 -2 1 0 0 0 -1 0 0 0 0 1 1 0 0 -1 0 2 0 0 1 0 0 -1 0 0 2 0 1 0 0 0 1 0 0 0 0 0 0 -1 0 0 0 0 -1 1 0 1 0 0 0 0 0 0 0 0 0 0 2 0 0 -1 0 0 0 0 -1 0 0 0 0 0 1 0 -1 0 0 0 0 0 0 0 1 0 0 0 0 0 1 0 0 0 0 0 1 0 0 0 2 0 0 0 0 0
1 0 0 1 0 1 1 0 -1 0 0 0 1 -1 1 -2 1 0 0 0 0 0 1 1 0 -1 3 0 1 -1 0 0 0 0 1 1 -1 -1 1 1 1 -1 0 1 1 0 0 0 0 1 0 0 -1 1 2 0 0 -1 -1 0 -1 1 1 -1 2 0 0 0 -1 -1 -1 -1 0 0 0 0 0 0 0 0 -1 -1 1 2 0 0 0 -1 1 0 -1 2 2 3 0 0 0 1 -2 1 1 1 1 0 0 1 0 1 0 -1 0 0 -1 0 0 -1 2 1 0 2 -2 0 -1 1 0 1 0 -1 1 0 -1 0 0 0 -1 -1 1 -1 0 0 0 0 -1 0 1 1 0 0 1 0 0 1 0 2 0 -1 0 0 2 -2 0 1 1 0 1 0 2 -1 0 1 0 0 0 0 0 0 0 0 1 0 0 0 2 2 0 0 0 -1 0 0 -1 -1 0 0 0 3 0 0 0 -1 0 1 -1 1 1 0 0 0 0 -1 1 0 0 0 -1 0 1 1 0 0 0 0 1 1 0 0 0 0 1 -1 -1 1 1 0 0 2 0 0 0 0 1 0 0 0 0 2 0 2 2 0 0 2 0 2 0 1 -1 0 0 1 -1 1 1 0 -1 0 1 -1 0 0 0 1 1 0 21 1 -1 1 0 0 0 2 1 0 0 0 -3 -1 0 1 0 0 -1 0 -1 0 0 0 1 0 1 0 2 -2 0 1 1 1 1 0 -1 0 1 0 0 1 -1 0 0 5 0 -1 0 2 1 0 0 1 1 1 1 2 0 0 0 -1 0 -1 0 0 0 -1 -1 1 1 0 0 0 0 -1 0 0 -1 -2 0 0 2 0 0 1 0 0 0 0 0 0 -1 0 0 2 0 -1 2 0 0 1 0 0 -1 2 1 0 1 -1 -1 0 1 0 -1 1 1 0 0 0 -1 -1 0 1 0 -1 0 1 0 0 1 1 0 0 0 -2 0 3 -1 0 0 -1 0 0 0 0 0 0 0 -1 1 1 1 1 -1 0 1 1 -1 0 0 0 1 0 0 1 0 0 1 0 0 1 0 0 0 1 -1 0 0 0 1 0 1 0 0 0
1 0 -1 -1 1 2 0 0 -1 0 1 0 0 0 0 -2 3 2 1 -1 0 1 0 -1 1 1 0 0 0 -1 0 1 0 1 -1 0 0 1 1 1 1 0 0 1 -1 0 0 0 0 0 0 0 0 0 0 0 0 -1 0 -1 1 0 0 1 0 3 -2 0 0 1 -2 -2 0 -1 1 2 0 -1 0 -2 -1 0 0 1 -1 0 1 0 0 1 0 -1 0 1 0 -2 1 0 2 0 0 0 1 2 0 0 0 2 0 0 0 1 1 0 -1 -1 2 0 1 1 3 -1 0 0 1 -1 -1 0 0 1 0 -2 0 0 1 0 0 0 0 -1 -1 0 -2 0 1 1 -1 -1 -2 1 0 2 2 0 0 0 -1 -1 0 0 0 0 0 1 0 1 -1 -1 2 -1 0 0 0 1 -1 1 1 1 0 1 0 1 0 0 0 0 -1 1 1 0 -1 1 0 1 1 0 -1 2 0 0 0 2 -2 -1 0 -1 0 0 1 -1 2 0 2 0 0 0 1 0 0 -1 -1 0 0 0 -1 1 0 0 0 -1 1 0 1 1 1 0 1 2 -1 -1 0 -1 0 2 1 1 0 -2 0 1 0 1 0 0 -1 1 0 0 -1 0 2 0 0 0 0 -1 2 0 -1 -1 1 1 0 2 1 23 1 0 0 -1 -4 -1 0 0 0 0 1 0 0 1 0 -1 1 0 0 1 0 1 0 0 0 0 -1 -1 2 1 0 2 2 0 0 0 0 1 -1 -1 -2 1 0 -2 1 1 -2 0 0 1 1 1 2 0 -1 0 1 2 1 -2 0 1 0 2 -1 0 0 -1 -1 0 0 0 0 0 1 0 0 -1 0 -1 -2 1 0 -1 1 -1 0 0 0 0 0 1 0 3 0 0 -3 2 1 1 0 0 1 0 0 1 4 0 -1 0 0 1 1 0 -2 -1 0 0 0 0 0 1 -2 0 0 1 -1 1 -1 0 -1 2 -1 0 0 1 -1 1 2 0 0 1 1 0 0 1 0 0 -1 0 1 0 -1 0 1 -1 1 0 0 0 0 -1 0 0 -1 0 0 -1 0 0 0 -1 0 0 -1 -1 0 -2 0 0 0 1 0 0
0 -1 -1 0 0 1 1 1 -1 0 0 0 1 1 -4 0 -1 0 1 0 1 0 0 -1 0 1 0 -1 -1 0 0 1 0 1 -2 1 0 0 0 0 0 0 0 2 0 -2 1 -1 0 0 -1 0 0 0 0 0 0 0 -1 2 -1 1 -1 0 0 0 -1 -1 0 1 1 0 0 -1 2 0 1 0 0 0 0 0 1 1 1 0 1 -1 -1 0 0 0 -1 1 0 1 0 -2 1 2 0 0 1 -1 1 0 0 -2 1 0 0 -1 0 0 1 -1 0 1 -2 0 0 0 1 0 1 0 1 -1 0 -1 0 -2 0 -1 1 0 -2 -1 0 0 0 0 1 1 0 1 -1 -1 0 0 0 0 -2 -1 -1 1 0 0 -1 0 0 0 2 -1 0 0 -1 0 0 -2 0 1 0 0 -1 1 1 1 0 0 0 -1 0 1 1 0 0 0 1 -1 0 0 0 0 0 0 -2 1 0 0 1 0 0 -1 1 0 0 -2 1 1 0 0 0 0 0 0 1 0 0 0 1 -1 2 0 1 0 2 -1 0 0 0 0 0 1 0 1 0 0 1 0 1 1 0 0 0 1 0 0 0 1 0 0 -1 0 0 0 -1 0 0 1 0 1 0 0 1 1 0 0 1 1 0 0 1 0 -1 1 21 1 0 0 -1 -1 3 0 0 2 0 0 1 1 0 2 0 0 0 0 -2 3 0 1 1 -1 0 1 0 0 0 0 3 0 0 -1 2 0 0 -1 1 0 1 0 0 0 0 0 0 1 2 0 -1 -2 1 1 1 0 1 1 1 1 0 0 0 -1 1 -2 1 1 0 0 0 -1 0 0 0 0 0 0 0 0 2 2 1 0 0 0 1 -1 1 0 1 0 0 0 0 0 1 -3 0 0 -1 0 0 0 0 -2 0 0 1 -1 -1 0 0 0 1 0 1 1 0 1 0 0 0 0 0 0 -1 0 1 1 0 0 -1 0 -2 -1 0 0 1 1 1 1 -1 0 0 2 1 1 1 -2 0 1 1 0 -1 0 -1 0 0 0 -1 -1 0 0 0 0 0 -1 -1 0 0 1 -2 0 0 0 0 0 1 0 0 0
0 0 -1 -1 0 0 2 -1 0 1 -1 1 0 0 -2 -3 -1 -1 0 1 1 1 0 1 0 1 1 0 0 0 0 0 -1 0 1 0 -2 0 0 1 0 0 1 1 1 1 1 2 0 1 -1 -1 0 0 -1 0 1 0 -1 1 0 0 0 0 -1 0 0 0 1 0 0 -1 0 0 0 -1 0 1 -1 -2 0 0 1 -2 -1 2 1 0 -1 0 -1 0 0 2 1 1 -1 0 -1 1 0 0 0 0 -2 0 -1 0 1 2 0 0 0 2 1 0 1 0 0 0 0 0 0 0 0 0 -1 0 0 0 0 -2 -1 -1 0 0 0 0 0 0 0 1 0 0 1 0 0 0 0 1 -1 1 -2 -1 0 -1 0 1 -1 0 0 1 1 0 0 1 2 0 0 1 1 -1 1 0 0 0 0 0 0 0 0 0 0 -1 0 -1 0 1 1 0 1 0 0 -1 -1 -1 -1 -1 0 0 0 0 0 0 1 1 1 0 1 -1 1 1 0 1 -2 1 -1 1 1 0 -1 0 0 0 0 1 0 0 0 0 -1 -1 -1 1 0 0 0 1 0 1 0 0 1 -1 -1 0 0 -1 1 0 -1 0 -1 1 0 0 0 2 1 -1 0 0 1 0 -2 0 0 0 1 0 0 1 0 0 1 0 1 21 -3 0 3 1 0 0 0 2 0 0 0 0 1 0 -1 0 0 -2 0 1 0 -1 1 0 0 -1 0 0 1 0 0 0 0 0 -1 -1 1 1 0 0 -1 1 0 1 0 0 0 1 0 -1 1 -1 0 -1 1 -1 -1 1 1 1 -1 0 1 0 0 -1 0 1 1 0 0 0 0 1 0 2 -1 0 0 0 -1 1 1 -2 2 1 1 0 0 0 -1 1 1 -1 -1 0 0 0 0 0 0 0 1 0 0 -1 0 1 0 2 0 0 1 1 0 1 0 1 0 0 -1 2 0 0 0 1 0 1 0 0 0 2 1 1 0 -1 0 1 0 -1 0 0 -1 0 1 0 0 3 -1 0 0 1 1 0 0 0 -2 0 0 0 0 1 0 -1 0 -1 2 0 1 0 0 0 0 1 1 0 -1 0 -1 0 1 2
0 0 0 0 -1 0 0 0 0 0 -1 0 0 0 -1 0 1 0 -2 0 0 1 0 -1 0 0 -1 0 0 1 0 1 1 1 1 0 0 0 2 0 0 0 0 0 2 0 0 -1 0 0 0 1 0 0 0 0 -1 0 0 1 -1 1 -1 0 0 0 0 0 0 0 0 0 0 2 0 0 0 -1 0 0 -1 0 1 0 2 0 0 1 0 0 0 2 1 -1 0 -1 1 1 0 1 1 0 1 1 1 2 0 0 0 -1 0 1 -2 -1 0 -2 -1 0 0 0 1 0 0 0 0 -1 0 0 -1 1 0 1 0 -1 0 1 -1 0 1 0 1 0 1 -1 -1 0 0 0 1 1 0 -1 1 0 -2 0 -1 -1 -1 0 0 -1 -1 1 1 0 2 1 0 -1 -1 0 -1 -1 -1 0 0 0 -1 0 -3 0 0 -1 -1 1 0 1 0 0 0 1 0 0 0 0 1 0 0 0 0 0 0 1 0 1 0 0 0 0 0 1 0 0 1 0 1 0 0 0 1 1 0 1 -1 0 1 -1 0 0 0 1 -1 0 0 0 0 0 0 -1 0 0 0 1 -1 0 0 1 0 -1 0 0 0 -1 1 0 0 0 0 1 1 1 -1 0 1 1 0 0 1 0 -1 0 0 -1 0 0 0 -3 15 0 0 1 0 0 -1 0 0 0 0 1 1 0 0 0 0 1 -1 0 1 0 -1 0 2 0 0 -1 0 1 0 0 0 0 0 1 0 -1 0 1 0 0 1 0 0 1 0 0 1 0 0 0 0 -1 1 -1 0 0 0 -1 1 -1 0 0 -2 0 0 0 -1 2 0 1 -1 0 0 -1 0 -1 0 -1 0 -1 0 -1 0 -2 2 1 0 0 0 0 0 0 -1 0 0 0 2 0 -1 1 1 0 0 0 0 0 0 0 0 -1 -1 0 0 2 1 1 0 1 0 -1 -1 1 -1 -1 2 -1 0 1 0 0 0 1 0 1 -1 0 0 1 0 -1 1 0 0 0 0 2 0 0 -1 0 1 0 0 0 0 1 -1 1 1 1 0 0 0 0 -2 -1 0 -1 -1 0 0 -1 0 1 1 1 0 0 0 0
-1 0 0 1 -1 0 0 -1 0 3 0 -3 0 0 2 0 0 -1 0 1 0 0 -1 0 0 0 0 0 0 -1 0 1 0 1 -1 1 0 0 0 -1 -1 1 0 1 1 0 -1 -1 -1 1 0 0 0 2 0 0 -1 0 1 -1 0 0 -1 0 0 0 -1 0 0 0 0 0 0 -1 0 -2 0 0 0 -1 0 1 0 1 0 1 0 -1 0 0 0 0 0 0 1 1 0 0 0 1 0 -2 1 0 0 -1 -1 0 0 0 0 0 0 1 0 1 0 -1 1 0 -1 0 0 -1 0 0 2 -1 0 -1 0 0 0 1 1 0 1 0 0 -1 0 0 0 2 0 -1 2 1 -1 0 0 0 -1 -1 -1 0 0 0 0 0 0 -1 0 0 1 0 2 0 0 1 0 0 1 -1 0 0 0 2 -1 -2 1 1 0 -1 0 -1 0 -2 0 0 1 0 0 0 -1 0 0 -1 0 -2 0 0 0 0 0 -1 0 0 -1 2 0 0 0 0 0 0 0 0 0 -1 0 0 -1 0 0 -1 1 3 -3 0 -1 -2 0 0 1 1 0 0 0 0 -1 0 0 -1 1 0 0 0 1 0 1 -1 -1 2 0 0 1 1 1 -1 2 1 0 0 0 1 0 0 1 0 -1 -1 -2 -3 0 -1 0 0 0 20 1 1 1 1 1 1 0 0 2 0 1 0 0 0 1 0 -1 0 0 -2 0 0 0 2 0 1 1 -1 -1 2 0 0 -1 -1 -2 0 1 -1 2 1 0 -3 0 0 1 0 -1 0 0 -1 -1 0 0 -1 0 0 -1 -1 0 -1 -1 -1 0 0 0 -1 1 0 0 1 -1 -1 2 -1 1 0 0 1 -1 2 0 0 1 0 0 0 1 0 1 0 0 0 1 2 1 0 -1 0 -1 1 0 -1 0 -2 1 0 -1 0 -1 0 0 0 1 -1 0 0 -1 1 1 1 -1 -1 1 -1 0 -2 0 -1 0 0 0 -1 0 -1 0 0 1 1 1 0 0 -1 0 0 1 1 3 0 1 0 0 1 0 0 0 0 -1 0 -1 0 0 -1 0 0 0 0 -1 0 0 0 0 0 0 -1 -1 0 -1 0 1 0
-1 -1 0 2 -1 0 1 -2 1 0 -2 -1 0 -1 -1 0 0 -1 -1 1 1 2 0 -1 0 1 0 -1 0 2 0 0 0 -1 1 2 0 0 0 2 1 0 0 1 1 1 1 2 -1 2 0 0 0 0 0 1 0 0 0 0 -2 0 1 0 0 0 1 1 -1 0 0 -1 2 0 0 0 -1 2 -1 0 2 1 -1 1 -1 -1 0 1 1 1 1 0 -1 0 1 2 1 -1 -1 0 -1 0 0 0 -1 0 -1 1 0 0 -1 -1 1 -2 2 1 0 0 1 0 0 0 0 1 0 1 -1 0 0 0 0 0 -1 2 -1 1 -1 0 0 1 0 2 -1 1 0 0 0 0 1 0 1 0 1 0 1 0 1 0 1 0 0 0 1 0 0 0 1 1 1 0 0 0 0 0 0 -1 0 0 1 -1 -1 0 2 -1 1 2 0 0 2 0 2 0 0 0 -1 1 0 0 1 0 -1 0 4 1 0 1 2 1 0 1 0 0 0 0 -1 0 1 0 -1 -1 -1 0 0 2 2 -1 0 0 2 1 1 1 1 1 0 -2 0 1 2 1 0 1 -1 -1 0 2 0 0 2 1 -1 0 0 1 0 0 1 2 1 -1 0 0 1 -2 0 0 1 0 1 0 -1 0 0 -1 0 -4 -1 3 0 1 22 2 1 0 -1 1 1 0 0 1 0 0 0 0 1 -1 0 2 1 1 1 0 0 -1 0 0 1 0 -2 0 2 -2 0 1 2 0 2 2 1 1 1 0 0 0 0 1 0 0 0 1 0 2 -1 -1 0 0 1 0 0 -2 -1 0 1 0 1 2 1 -1 2 -1 0 0 0 3 0 0 0 1 1 1 0 0 0 0 -1 0 0 0 -1 0 0 0 1 0 0 0 0 0 0 0 0 0 -1 1 0 1 0 0 1 0 1 2 0 0 0 1 2 -2 0 0 0 0 1 -1 1 1 2 -1 3 2 2 0 0 0 1 1 0 0 -1 0 1 1 0 -1 0 -1 -1 2 -1 -3 -2 1 -1 1 0 -1 0 -1 0 0 -1 0 0 1 -1 -1 0 0 0 0 0 -1 1 1 0 2 0 0 0 -1
-3 0 2 0 -1 0 0 0 0 0 0 0 0 0 1 -2 1 1 0 1 0 0 0 -1 0 1 0 0 1 0 0 0 -1 0 1 0 0 -2 0 1 0 -2 -3 -1 0 1 0 1 0 1 -1 0 0 0 0 0 1 1 1 -1 2 -1 1 -1 1 0 0 -1 -1 -1 -2 0 2 1 0 1 -1 1 0 0 2 0 0 -1 1 1 -1 -2 1 0 -1 -2 0 0 0 1 -1 1 -1 -1 1 3 -1 -1 -1 0 -2 1 -1 0 0 1 0 0 1 -2 3 0 1 -1 0 0 0 -1 0 1 0 0 -1 0 1 1 0 1 0 0 2 1 -1 0 0 -3 -1 -1 0 1 0 0 0 1 0 0 0 0 1 0 1 -1 0 -1 -2 -1 -1 0 0 0 2 0 1 1 2 -1 1 0 0 0 0 0 -3 0 -2 -1 0 0 -1 1 0 -1 1 1 2 0 -2 1 1 1 1 -1 -1 0 -1 -1 -1 2 0 2 -1 1 0 0 0 -1 0 1 2 0 -1 0 0 0 -1 -1 0 2 0 1 1 1 0 -1 0 0 -1 1 -1 1 0 1 1 0 -1 0 1 0 -1 2 -1 0 2 -1 -1 1 0 2 0 0 0 0 -1 1 3 0 1 -1 1 0 0 -1 0 0 0 -1 -2 -2 2 -1 -1 1 1 1 2 25 2 2 -1 0 3 0 -1 0 0 1 0 1 0 0 -1 -1 0 1 2 0 1 0 1 0 2 1 2 0 0 1 1 -2 0 0 -1 0 0 1 0 -1 0 0 0 -1 0 -1 0 2 0 0 0 0 1 0 0 -1 1 0 -3 0 -1 -1 3 0 1 -1 0 0 0 1 -1 0 1 -1 0 0 0 0 2 -2 0 0 0 -2 1 0 -2 1 0 1 -1 1 0 1 -1 -1 2 -1 0 -2 -1 0 0 1 0 -1 1 1 1 0 0 0 0 -1 -2 -1 1 0 0 -2 0 -1 1 0 0 0 -2 0 1 0 1 0 0 0 1 -1 -2 0 0 0 -1 0 1 1 0 0 0 0 1 0 -1 0 -1 0 0 0 -1 2 0 0 1 -1 1 0 -1 0 2 0 0 0 1 1 1 1 0 0 0 1
-1 0 -1 -1 0 0 0 1 -1 3 1 -1 0 0 0 0 0 0 0 -1 1 1 0 0 0 -1 0 0 0 0 0 0 0 0 0 1 -1 -2 0 0 2 -1 0 -1 0 0 1 0 0 1 0 0 1 2 0 -1 1 0 -1 -1 0 0 0 1 1 1 0 0 0 1 0 0 0 0 1 0 0 2 -1 0 1 -1 1 2 0 1 -1 0 -1 1 0 1 1 0 0 2 0 0 -2 1 -1 1 1 1 -1 0 0 1 0 0 0 0 -1 0 0 1 0 0 1 0 1 0 0 0 2 1 0 0 0 1 0 1 -1 2 0 1 0 0 0 0 1 0 0 1 0 0 0 1 0 2 0 0 1 -1 0 1 2 0 0 0 -1 -1 0 0 0 0 0 1 -1 1 0 0 1 0 0 0 1 1 1 1 -2 1 1 -1 0 0 1 0 0 0 -1 0 0 1 -1 0 3 1 -2 0 -1 1 2 -1 -1 0 1 -1 1 1 1 -1 -1 1 0 1 -1 0 0 0 0 0 0 1 0 0 2 1 0 0 1 0 0 0 -2 -1 0 0 1 -1 2 0 0 0 -1 0 1 0 1 1 1 0 -1 0 0 1 1 0 2 0 0 1 0 1 0 1 0 -1 -2 0 -1 0 0 -2 1 0 3 0 0 1 1 2 22 1 0 0 1 1 0 1 0 0 -1 0 0 0 1 0 0 0 0 -1 0 2 0 1 2 0 0 0 0 -1 0 1 1 0 -1 0 1 0 2 -1 -3 2 0 1 1 0 -1 1 1 0 -1 1 0 0 -1 -1 2 1 0 0 1 -1 1 0 1 -2 0 0 -1 0 -1 1 2 0 -3 0 -1 0 0 0 1 1 1 1 1 0 0 -1 0 2 0 1 0 -3 1 0 2 -1 0 1 0 -1 2 1 1 -1 -1 0 1 0 0 1 1 -1 1 0 0 0 1 0 0 0 0 -1 0 0 1 -2 -1 1 0 -1 0 1 0 0 -1 -1 0 -1 0 0 0 2 1 -1 -1 0 0 1 -1 0 1 1 0 -1 -1 0 0 0 0 0 0 -1 1 0 0 1 0 0 1 1 -1 0 1 -1 0 -1
0 -1 1 0 2 0 0 1 1 2 0 0 -1 2 -1 -2 0 1 0 -1 1 0 0 0 0 1 -1 1 1 1 0 0 -3 0 0 0 -1 -1 0 0 1 0 0 1 0 -2 1 0 0 1 0 -1 0 1 0 1 1 1 1 0 0 1 -1 0 1 2 0 -1 1 -1 -1 -1 2 0 0 0 -1 0 1 -1 0 1 0 0 0 2 -1 -3 0 1 1 0 0 -1 -1 1 2 0 0 -1 1 1 0 0 -1 1 -1 0 1 -1 -1 -2 0 -1 2 0 1 -1 0 0 0 2 0 0 -1 0 -1 1 2 0 0 -1 1 0 -1 0 0 0 -1 0 1 0 -1 3 -2 0 1 -1 0 0 1 1 1 0 0 1 1 1 0 -2 0 1 0 0 0 2 1 0 0 2 0 0 3 0 1 0 -1 1 -1 -1 1 0 -1 0 2 1 0 0 -1 1 -2 0 1 1 0 -1 1 2 1 0 1 0 0 0 0 1 0 0 0 1 -1 0 1 1 1 -3 0 -1 0 0 1 0 0 0 0 2 0 0 -1 -1 0 0 -1 0 0 1 -1 0 0 0 0 -1 1 0 0 1 3 0 -1 0 3 1 0 -1 -1 0 -1 2 1 -2 -3 -1 1 0 1 0 -1 1 2 0 -2 -1 1 0 0 0 0 0 0 1 0 2 1 23 -1 -1 0 1 0 1 0 0 2 1 -1 0 0 0 0 -1 1 0 1 0 0 1 -2 0 1 -2 0 1 0 0 -1 1 -2 1 0 1 2 -2 1 0 3 2 -1 0 0 1 0 -1 0 0 2 -2 0 0 0 1 0 0 -1 0 -1 2 1 -1 0 -2 0 1 0 0 -1 1 0 0 1 -1 0 -1 0 0 1 0 1 -2 -1 -1 0 0 2 0 1 0 0 0 1 0 0 -1 0 1 2 0 -1 0 0 -1 -1 0 -1 0 0 -1 1 0 1 -1 -1 -1 0 -1 0 -1 -2 1 1 0 1 0 0 1 -1 -1 -1 0 0 0 1 1 -2 2 -1 0 0 0 1 -2 1 0 0 0 1 -1 -1 0 1 0 -1 0 0 -2 0 0 -1 0 1 0 1 -2 1 1 -2 0 0 0 0 2
0 0 0 0 1 -1 -1 0 -1 0 0 -2 0 0 0 1 0 -1 1 -1 0 0 1 0 1 0 0 0 -1 0 1 0 0 -1 0 0 0 0 -1 0 0 -2 0 0 0 1 0 0 0 0 0 0 -1 0 0 0 0 0 0 -1 1 0 0 0 0 0 0 1 0 0 0 1 0 0 1 -2 0 0 0 0 -1 0 0 0 -1 0 -1 1 1 1 0 2 0 -1 -1 -1 0 0 0 0 -1 0 1 0 1 -1 0 0 0 -1 -1 1 0 1 0 0 1 1 0 0 -1 0 0 1 -1 0 -1 -1 1 0 0 0 1 0 0 0 1 -1 0 0 0 0 0 1 -1 0 -1 -1 0 1 0 0 0 0 -1 0 0 1 0 -3 0 0 0 0 0 1 1 -2 1 0 0 0 -1 2 0 -1 3 1 0 0 0 0 0 0 0 0 0 0 1 -1 0 -1 0 0 0 0 0 0 -1 0 0 -1 1 0 0 -1 0 0 0 0 -1 0 0 0 0 1 1 -2 0 -1 -1 0 0 0 0 0 0 1 0 0 0 1 0 -1 2 1 0 -1 -1 0 0 1 0 1 2 -2 -1 0 0 -1 0 0 0 -1 0 -1 0 0 1 0 0 0 1 0 0 0 0 2 1 0 1 -1 0 1 0 0 0 0 -1 1 -1 -1 0 -1 14 0 -1 0 -1 0 1 0 -1 0 0 -2 0 0 0 -1 0 0 0 0 0 0 0 0 -1 0 0 0 0 -1 1 0 1 -1 2 1 1 -1 0 1 1 0 0 0 0 -1 0 2 0 0 0 0 -1 0 0 0 0 -2 1 1 1 -1 0 0 0 0 0 -1 1 2 0 -1 1 0 2 0 -1 0 0 1 0 -2 1 1 0 1 0 0 0 -1 0 0 -1 1 -1 0 0 0 1 0 1 0 0 0 0 0 0 -1 0 -1 -1 0 1 1 -1 1 0 0 0 0 0 0 1 0 0 0 1 0 -1 0 0 0 1 0 0 0 0 0 1 0 -1 0 1 0 0 0 0 0 0 -1 0 -1 0 0 0 0 0 0 0 0 0 0 0 1 0 0 1 -1 0 -3 0 0 0 -1 -1 0
-2 0 1 0 0 0 1 0 0 1 0 0 1 0 -1 -1 0 -1 0 0 0 1 0 1 -1 0 3 -1 1 0 0 1 1 0 1 2 2 0 1 2 2 0 0 -1 -1 1 0 1 1 -1 0 -1 0 0 0 0 2 -1 0 0 0 -1 -1 -1 -1 0 0 0 0 0 0 1 0 0 -1 -1 0 0 -1 0 0 0 0 1 0 1 0 0 -1 0 0 -1 0 0 1 0 1 0 0 -1 1 -1 1 0 -1 1 -1 0 1 1 0 -2 1 1 1 0 0 1 -1 0 -2 0 2 0 -1 0 3 0 0 0 0 -1 0 -1 0 0 0 1 0 0 1 1 1 1 -1 0 -1 0 0 1 0 1 2 -1 0 0 -1 1 -2 1 1 0 1 0 1 0 -1 0 1 1 1 0 1 0 0 0 -1 0 1 0 -1 0 -1 1 0 -1 0 1 0 1 0 0 1 0 0 0 3 0 2 0 -1 0 0 -3 0 0 0 -1 1 -1 0 0 1 -1 -1 2 0 0 0 0 2 0 1 0 1 0 -2 -2 1 0 1 2 0 2 1 0 0 2 1 -1 1 1 0 0 1 0 0 1 2 0 0 -1 0 1 -1 1 1 -2 1 -1 1 0 1 0 2 -1 1 1 -1 -1 0 -1 0 0 0 0 2 2 0 1 1 0 0 -1 0 20 0 1 0 0 0 1 1 0 0 0 -1 1 0 0 2 -1 1 0 0 0 0 -1 0 -1 0 0 0 0 0 -1 0 1 1 0 -1 -1 0 0 0 1 0 0 0 1 0 0 1 0 0 1 -1 0 -3 2 0 0 0 1 1 1 -1 2 -1 4 0 0 0 -1 0 1 1 0 0 -2 -1 -1 0 1 -1 -1 -1 3 0 0 -1 1 1 0 1 0 1 0 -2 0 0 -1 1 1 0 -2 0 0 1 0 0 -1 0 -1 1 3 1 0 -1 1 0 0 0 0 0 0 0 0 -1 0 -1 1 -1 0 0 0 0 0 1 0 0 0 1 1 0 0 -2 2 0 1 0 0 0 0 -1 1 0 0 0 0 0 -1 0 1 0 0 0 0 0 0 -1 1 0 0 0 0 0 0 1 -1
0 1 2 0 0 1 0 1 0 0 -1 1 0 0 1 -2 0 1 -1 0 0 0 0 0 1 1 3 -1 0 1 0 0 1 0 0 0 1 0 1 2 1 1 0 0 0 1 2 0 1 1 -1 0 0 0 0 -2 0 0 -1 0 0 0 0 0 0 1 0 0 1 1 -1 -1 2 1 0 2 0 0 0 2 0 0 1 0 0 0 0 -1 4 0 0 -1 0 0 0 0 1 1 0 0 -2 0 0 1 0 0 0 1 0 0 1 2 0 0 0 0 0 0 0 1 1 0 -1 0 0 1 -1 0 0 0 -1 1 0 -1 1 3 0 1 -1 0 1 0 2 0 0 -1 0 -1 0 0 0 -1 0 0 1 0 1 -1 0 0 -1 0 0 0 -2 0 0 0 0 0 0 0 0 0 0 1 -1 1 0 0 0 0 -2 0 0 0 0 1 0 0 1 1 0 2 0 1 1 1 0 0 1 0 -1 0 0 0 0 2 1 -1 -1 -1 0 0 3 0 0 1 0 0 0 0 0 0 -2 0 0 0 0 0 0 0 0 1 1 0 0 0 0 1 3 0 0 0 3 -2 -1 -2 -1 0 -1 -3 0 0 0 -2 0 1 0 0 1 -1 1 -1 0 0 0 3 1 0 0 -1 -2 -1 -3 1 0 0 0 0 1 3 1 0 -1 0 20 0 0 0 0 0 0 0 1 1 1 2 0 1 2 0 0 0 1 0 0 0 0 0 0 0 1 0 0 0 0 2 1 -1 0 -1 1 -1 0 0 0 0 -1 1 1 0 -1 0 1 1 0 0 -1 0 0 3 0 0 1 1 -1 0 0 0 -1 1 1 0 1 1 -1 0 0 0 2 0 0 0 0 0 0 0 -1 0 1 0 -1 1 2 0 2 0 0 0 0 0 0 0 0 0 0 0 1 0 0 1 0 2 1 -2 2 -1 1 0 0 0 -1 0 0 0 -1 -1 0 0 0 1 1 -1 0 0 1 0 1 0 0 0 0 2 0 0 1 0 0 1 1 0 1 1 0 1 0 0 -1 0 0 0 0 0 1 0 1 0 0 1 0 0 0 2 0 -2 -1 0 0 -1
0 -1 0 0 0 0 0 0 0 0 0 0 0 0 0 1 0 0 0 0 -1 -1 -2 0 0 -1 0 0 0 0 0 1 0 0 0 0 2 0 0 0 2 0 0 0 -1 0 2 -1 0 0 0 0 -1 0 1 -1 -1 0 1 0 0 0 -1 0 -1 3 0 0 0 1 0 -1 0 0 0 1 0 0 0 2 -1 0 0 1 -1 0 0 0 0 0 0 0 1 1 0 0 -1 -1 0 1 0 0 0 1 1 0 0 0 0 -1 0 0 -1 1 1 1 0 0 0 0 1 0 0 0 0 -1 -2 0 0 0 0 1 -1 1 0 0 1 1 0 0 1 0 0 1 0 1 -1 1 -2 0 0 1 1 0 1 0 0 2 0 0 1 0 0 1 1 0 0 0 0 1 0 0 0 1 1 1 0 1 0 0 0 1 0 0 0 1 0 0 0 1 0 1 1 0 -2 0 1 1 1 -1 0 -1 1 0 -1 0 1 -1 0 0 0 1 -1 1 0 1 3 0 0 1 1 0 -1 -1 1 1 1 -1 0 1 -1 -1 0 0 -1 0 -1 0 0 0 1 0 0 0 0 0 -1 0 0 0 0 0 0 1 -1 0 0 -1 0 -1 0 0 0 0 1 0 0 0 -2 0 1 -1 1 0 -1 0 0 0 0 0 0 0 1 1 0 1 0 14 -1 0 -1 0 1 0 0 0 0 0 0 0 0 -1 0 1 0 0 0 0 0 0 0 0 0 2 0 0 1 0 0 0 -1 0 0 -1 0 0 -1 0 0 0 0 0 0 -2 1 -1 0 1 0 1 0 0 0 1 0 1 0 -1 1 1 -1 0 -2 0 0 0 1 0 -1 0 0 -1 0 0 1 0 2 0 0 0 0 1 1 0 -1 0 0 0 -1 0 0 0 0 0 0 0 1 0 0 0 0 -1 0 0 0 1 1 1 1 -1 0 0 0 0 1 -1 -1 0 0 -1 -1 0 1 -1 0 0 0 1 -1 -1 0 1 0 0 0 0 -1 0 1 0 0 0 1 1 1 0 -1 0 1 0 0 0 0 -1 0 0 0 0 -1 1 0 0 0 0 0 -1 -1 0 0 0
1 -3 0 0 -1 0 0 -1 0 -1 1 0 0 0 2 -1 0 0 1 0 -1 1 0 0 0 0 1 -1 -1 0 0 -1 0 1 1 0 0 0 0 1 1 2 1 1 1 -1 0 0 -1 1 0 1 0 0 2 0 0 1 1 0 0 1 -1 1 0 0 0 1 0 1 1 0 0 0 0 1 0 -1 0 1 0 0 1 1 1 0 1 -2 0 2 0 0 0 1 1 1 1 1 0 1 1 -1 0 -1 -2 -1 1 0 2 -1 0 -1 -1 1 0 -1 -1 0 0 0 0 -1 0 1 0 0 -1 0 -1 0 0 0 1 0 1 -1 0 1 0 1 1 0 1 0 0 -3 1 1 -2 0 0 1 0 0 -1 1 1 0 0 0 0 0 0 0 -1 1 0 -1 0 0 0 1 1 1 1 0 1 1 -3 0 0 -1 -1 0 0 -2 0 0 0 0 -1 0 -1 0 0 1 -1 0 0 -1 0 -1 1 0 0 -1 0 0 1 -1 0 1 1 0 0 0 -1 0 1 1 0 0 0 -1 1 -1 0 1 0 -1 0 0 0 0 0 0 1 0 1 1 1 1 0 0 0 0 -1 0 0 0 0 0 1 -2 0 0 0 -1 -2 3 1 0 0 0 0 0 -1 0 0 0 -3 0 1 0 0 0 1 0 0 2 0 -1 0 0 -1 0 0 -1 19 0 0 0 -1 0 1 0 -2 -1 -1 0 0 -1 -1 0 1 0 -1 0 0 0 1 2 1 -1 0 0 0 0 0 1 -2 0 -1 -1 0 0 -2 0 0 -1 -2 0 0 1 0 -1 0 1 -2 -1 0 -1 0 0 0 -2 1 -2 0 -1 -1 -1 0 -2 0 0 0 -1 1 0 0 0 0 -1 0 0 -1 0 -1 0 0 0 1 -1 1 0 -1 0 0 -1 0 0 0 -1 1 0 -2 -1 0 0 -1 0 0 0 0 0 3 0 0 0 -1 -1 -1 0 -1 0 1 1 1 -2 0 0 0 -1 0 1 0 -2 0 2 0 0 0 0 0 0 -1 1 0 2 0 1 1 1 -1 0 -1 -1 -1 0 0 -1 -2 1 0 0 1 -2 -2 0 1 0 0 2 0 0 1 0 0 0
0 2 -1 -1 1 1 0 0 0 0 -1 1 0 0 1 0 1 0 0 1 1 -1 0 0 1 0 2 0 0 0 -1 -1 -1 3 0 0 0 1 0 2 0 0 0 0 3 0 -1 1 -1 1 0 0 0 0 0 0 1 0 1 -1 0 0 0 1 1 0 -1 1 0 0 0 0 0 1 0 -1 0 0 -1 0 0 0 1 1 0 0 -1 -1 -1 0 -1 2 0 -2 0 -1 0 0 1 0 0 -1 0 0 -2 0 0 2 0 1 1 0 -1 0 1 -1 0 0 -1 2 1 -1 0 0 0 0 0 -1 1 0 0 1 -1 1 1 -1 0 0 0 0 1 -1 -1 -1 0 1 -1 1 0 0 1 1 -1 1 0 0 0 0 0 0 -1 1 1 0 -1 0 1 0 0 0 0 0 -1 1 2 1 1 1 1 0 -1 0 1 1 0 0 0 0 0 0 0 -1 0 0 0 -1 0 0 1 1 0 -1 -1 0 2 1 0 -1 1 0 0 -1 1 0 1 0 0 1 2 0 -1 -1 1 0 1 2 0 0 -1 1 0 1 0 0 0 1 0 1 0 0 1 -1 0 0 0 0 0 0 0 0 0 2 0 1 0 0 1 1 1 0 -1 0 0 0 1 0 1 0 0 2 -2 -1 0 0 1 1 1 0 1 0 1 0 1 1 0 0 0 0 0 17 0 0 1 0 -1 -1 0 0 0 1 1 1 0 0 1 1 -1 1 2 1 0 0 1 1 -1 0 -1 2 1 2 -1 -1 -1 1 1 1 1 0 0 0 0 1 -1 1 0 0 0 0 0 0 -1 1 0 0 -1 1 1 1 1 0 0 0 0 0 -1 0 0 0 -1 -2 0 -1 1 0 1 0 1 0 0 0 0 0 -1 -1 0 1 1 0 0 0 0 0 0 0 0 1 1 1 1 1 1 1 1 0 1 0 0 1 0 0 1 0 0 0 0 0 1 1 2 0 0 0 -1 2 0 0 0 0 1 -1 2 0 0 0 0 -1 0 0 3 0 0 1 1 -1 -1 -1 0 2 -1 0 0 1 0 0 -1 1 -1 0 1 1 0 0 1 1 -1 1 0 0 0 0
-1 3 0 3 -1 0 0 0 1 2 0 0 0 1 -1 1 0 1 -1 0 0 0 0 1 0 1 0 0 0 0 0 -1 1 -1 2 1 0 0 1 0 -1 0 0 1 0 2 0 0 1 0 0 -1 0 0 -1 0 0 0 -1 2 0 1 0 0 0 -1 0 0 1 1 1 0 2 -1 0 -1 0 0 1 0 0 0 1 1 -1 0 0 0 0 1 1 1 1 0 0 0 -1 0 -1 0 0 0 0 -1 1 1 0 -1 0 1 0 -1 0 0 0 0 -1 1 1 0 0 2 -1 1 1 0 0 1 0 0 -1 -2 1 -1 0 1 0 1 1 0 0 -1 -1 0 0 -1 0 -1 -1 1 0 1 1 -1 0 0 -1 1 0 -2 0 -1 -2 -1 1 1 0 0 1 1 0 0 0 -1 0 0 0 1 0 -1 1 0 0 0 -1 0 1 0 0 0 0 0 0 0 0 0 0 -1 0 -1 0 0 2 0 -1 0 1 0 1 -1 1 -1 1 0 0 0 0 -1 0 0 0 0 0 0 1 0 -1 1 0 0 1 0 0 0 1 1 0 0 0 -2 0 1 0 0 1 -1 1 0 0 0 1 0 1 0 1 0 0 0 -1 2 1 1 -1 0 0 1 0 0 0 1 0 0 0 1 0 0 0 1 1 1 0 0 0 0 1 0 0 -1 0 0 15 0 0 0 0 0 0 1 0 0 -1 1 -1 1 -1 0 0 0 0 1 0 0 0 0 0 -1 1 0 0 0 0 0 -1 1 0 1 0 0 0 0 0 -2 0 1 -1 0 -1 2 2 0 0 0 0 0 0 0 1 -1 0 0 0 0 0 -1 0 0 0 1 -1 0 0 -1 0 -1 0 0 0 -1 0 0 0 0 0 0 -1 0 1 0 1 -1 0 1 0 0 1 -1 0 0 0 0 -1 -1 -1 1 0 -2 0 2 0 0 0 -1 2 1 0 0 1 0 1 0 2 1 -1 0 0 -1 0 0 0 -1 0 0 0 0 2 1 0 0 0 0 0 0 -1 0 0 0 0 1 0 -2 -1 0 2 2 0 0 0 0 -1 0 0 0 0 1 0 0 1 0 0 1
0 -1 -1 0 0 -1 0 0 0 0 0 0 0 1 1 -1 0 0 0 0 0 -1 1 0 0 2 1 -2 1 0 2 -1 1 0 1 2 0 0 1 1 0 0 0 0 0 0 0 1 2 -1 -2 0 -1 2 0 0 2 1 0 0 1 0 0 0 0 0 -2 1 -1 -1 0 1 0 1 0 1 0 0 0 1 0 0 2 -1 1 0 0 -2 1 0 0 0 -1 0 1 -1 0 0 0 0 -1 0 0 -1 1 0 0 0 -1 1 2 0 -1 1 0 -1 0 0 1 1 1 0 -1 -1 1 -2 0 0 1 0 2 2 0 0 0 0 0 1 1 0 1 2 0 0 0 1 -1 0 1 -1 0 0 0 0 -1 1 -1 1 0 0 1 1 0 0 0 0 0 0 0 1 0 0 2 0 0 0 1 0 0 1 0 0 0 -1 1 -1 -2 -1 0 0 0 0 0 0 0 0 1 1 1 0 0 0 2 -1 1 0 1 0 0 0 0 0 0 0 1 0 0 -2 0 0 1 -2 0 0 1 0 0 -1 -1 0 1 0 0 2 0 2 0 0 0 1 1 0 1 0 0 -2 0 0 0 0 0 1 0 1 0 0 0 0 0 0 0 -2 0 1 1 2 0 0 1 -1 0 -1 0 0 0 -1 2 0 0 0 0 1 0 0 0 1 0 0 0 0 0 16 0 1 0 0 0 0 0 0 1 0 1 1 0 0 0 0 1 2 1 1 0 0 0 -1 0 0 1 1 0 0 0 -1 0 0 1 0 0 0 0 2 1 0 0 0 0 -1 0 -1 2 0 0 -1 1 1 0 0 0 0 0 0 1 1 -1 0 0 1 0 3 0 -1 0 1 -1 0 0 2 0 1 0 0 0 1 0 -1 0 0 1 0 0 0 0 0 0 0 0 0 2 0 0 0 -1 0 1 0 0 0 0 0 0 0 2 2 1 0 0 0 0 0 -2 1 0 0 -1 1 -1 0 0 0 0 -2 0 0 0 0 0 0 0 0 -1 -1 2 0 0 1 -1 0 0 0 0 -1 1 0 0 2 -1 0 0 1 -1 0 0 1 1 1 2 0 0 -1
-1 1 0 0 0 0 0 1 -2 0 -1 -1 0 0 -1 0 0 -1 -1 0 0 0 -1 1 0 0 0 1 2 0 -1 2 0 1 0 1 1 0 0 0 1 -1 -2 0 -1 0 -1 -1 2 1 0 0 0 0 -2 -1 -1 -1 1 -1 0 -1 0 0 0 1 0 1 0 0 0 0 0 0 -1 1 -1 0 0 -3 1 0 1 0 0 2 0 -1 -2 0 0 0 0 0 -1 0 2 0 -1 1 0 -1 1 -1 0 0 0 -1 1 1 0 0 0 1 1 0 0 1 2 0 1 1 0 0 0 0 1 -1 -1 0 1 0 0 1 0 0 0 1 -1 0 -1 0 0 0 0 0 -1 1 0 0 1 0 2 -1 0 1 1 1 0 0 -1 1 0 0 0 0 1 1 1 1 0 -2 0 0 0 1 1 1 -1 1 0 0 1 0 0 2 0 1 0 -1 2 0 0 2 1 -1 0 1 1 0 0 0 0 0 -1 1 1 0 0 0 2 0 3 0 0 0 0 1 -1 1 1 0 0 0 0 1 0 -1 -1 0 0 0 1 1 0 0 0 1 0 -2 -1 0 0 0 1 0 1 1 -1 1 0 1 0 2 0 1 0 0 0 0 0 0 1 0 2 0 0 0 0 0 0 -1 0 0 -1 1 0 -1 0 0 0 0 -1 2 -1 1 0 1 -1 1 0 0 20 0 1 1 0 1 0 0 0 0 1 -1 -1 1 0 2 0 -1 0 1 0 0 0 0 -1 1 0 -1 -2 -1 0 0 0 1 0 -1 2 1 -1 0 0 -1 0 2 0 0 0 0 1 0 0 0 -1 0 1 0 0 0 0 0 0 1 1 0 -1 0 0 -1 1 1 1 0 1 0 1 1 -2 -1 -1 1 -1 0 0 0 -2 1 0 1 1 0 0 -1 0 1 0 0 1 0 0 0 2 0 1 0 -2 1 -1 -3 1 0 0 1 0 -1 0 1 0 0 -1 1 3 0 0 -1 0 1 0 0 1 1 0 0 0 0 -2 0 1 -2 0 0 1 0 0 0 0 0 0 0 -1 0 0 -1 0 0 1 2 0 -2 0 1 0 1 -1 1 0 0 0 0
0 0 0 0 0 0 0 1 0 0 0 0 -1 0 1 -1 0 0 0 0 -1 -1 0 1 1 0 0 0 1 0 0 0 0 -1 0 1 1 -1 0 1 -1 0 0 1 -1 0 -1 0 0 -1 -1 0 0 -1 0 0 0 1 0 2 2 -1 1 -2 2 0 0 0 0 0 0 0 0 0 0 4 1 -2 1 0 1 0 0 -1 0 1 0 -1 -1 2 0 0 -1 0 0 0 0 -1 0 0 -1 0 0 0 0 0 1 0 0 0 0 1 1 0 0 1 0 0 0 0 -1 1 0 0 0 1 1 0 1 1 0 -1 -1 -1 -1 0 -1 0 0 1 0 1 1 0 -1 2 0 0 1 -2 0 -1 0 1 0 1 0 0 0 -3 -1 1 0 0 0 0 0 0 -1 0 0 0 0 -1 1 1 0 0 0 0 1 0 -1 0 0 0 0 -1 0 0 0 0 0 0 -1 0 1 0 -1 0 0 0 1 -1 0 0 -1 0 0 -1 -1 1 0 0 0 -2 0 -1 1 0 0 0 0 1 1 -1 0 0 2 -1 1 1 0 0 1 1 0 0 0 1 -2 1 2 1 0 0 1 0 0 -1 1 1 0 0 1 0 0 -1 -1 -1 0 0 1 0 0 0 0 0 1 -1 0 -1 1 1 0 0 0 0 0 0 0 1 0 1 0 0 0 0 0 0 0 1 0 16 0 0 0 1 0 0 -1 -1 2 0 1 0 -3 1 0 1 1 1 0 0 0 -1 -2 0 0 -1 -1 -1 0 0 2 0 0 1 1 0 0 0 0 0 1 1 0 0 1 0 0 -1 0 0 -1 -1 0 0 0 1 0 1 0 0 -1 -1 0 -1 -1 0 -1 1 -2 0 0 0 -1 -1 -1 0 0 1 0 2 -1 0 0 0 0 -1 0 -2 -1 1 0 1 2 0 0 0 -1 0 -1 0 1 0 -1 0 0 0 1 -1 0 1 1 1 1 0 0 0 1 1 0 0 0 0 3 -1 -2 -1 0 -1 -1 0 0 0 0 0 0 0 -2 1 -1 0 1 0 0 0 0 1 0 -1 0 0 0 1 0 0 -1 1 -1 -1 -1 0 0 0 0 0 -1 0
1 1 -1 1 -1 -1 1 1 1 0 0 0 -1 1 1 0 0 0 0 1 0 0 1 1 0 -1 1 2 0 -1 2 1 1 0 0 0 -1 0 1 1 0 0 0 -1 -1 0 1 1 2 0 0 2 1 0 0 0 0 1 -1 1 0 -1 0 -1 0 0 0 1 -1 -1 0 0 0 0 0 0 0 0 0 1 1 1 -1 1 0 0 1 0 0 0 0 0 0 -1 2 -1 0 0 1 0 0 0 0 0 0 0 0 1 1 0 0 0 0 -2 -1 -2 0 0 0 0 0 -1 1 1 0 0 1 1 0 0 0 -1 -1 -1 0 0 0 -1 0 1 0 0 1 1 0 -1 0 1 0 -1 3 -1 1 -1 0 1 2 0 0 1 2 1 -1 -2 -1 0 1 0 0 -2 0 0 0 -1 1 1 -1 2 0 0 0 1 2 1 2 -2 1 0 0 0 0 0 1 1 1 -1 -1 -1 0 0 1 1 3 0 0 1 0 0 0 1 0 -1 -2 -1 1 1 2 1 0 1 0 0 -1 0 0 1 -1 1 0 1 1 0 0 0 0 1 0 2 1 0 0 0 0 0 0 0 0 0 0 3 -2 1 0 1 0 0 3 1 -1 0 3 0 -2 -1 1 0 1 1 -1 -1 0 0 0 0 -1 0 0 0 0 1 1 0 0 -1 0 0 1 0 1 -1 0 0 1 0 18 0 0 1 0 0 -1 0 0 0 0 0 0 2 -1 1 2 0 -1 0 0 0 1 -1 -1 -1 0 -1 0 -1 0 1 0 0 0 1 2 2 1 0 0 -2 0 1 0 0 0 1 0 0 -1 0 1 -1 0 -1 0 -2 0 0 2 1 -1 1 -1 1 0 0 -1 0 0 0 0 1 1 -1 0 0 0 -1 2 2 2 0 0 0 -1 1 0 0 0 0 0 0 0 -1 0 0 -1 0 -1 -1 0 0 0 1 0 0 -1 0 0 -1 2 0 1 0 0 0 0 0 -1 0 0 0 -1 2 0 0 0 0 0 0 2 0 1 -1 0 -1 -1 2 1 0 -1 -1 1 0 0 1 0 1 1 -1 -1 0 -1 0 0 -1 -1 1 -3 0 0 0 0 0
-1 1 0 0 0 0 0 0 0 0 1 2 0 0 0 1 0 1 0 -1 -1 0 0 0 0 -1 1 0 0 -1 0 0 0 0 -1 0 1 1 0 0 0 0 -1 0 -1 1 0 0 0 -1 0 0 0 0 0 0 -1 0 0 1 1 2 0 0 -1 1 0 -1 -1 1 -1 -1 1 -1 1 1 0 0 1 1 1 0 -1 -1 0 1 -1 -1 0 1 0 -1 -1 -1 0 0 1 0 0 1 2 0 0 -1 0 1 1 -1 1 3 0 0 1 0 0 0 0 1 1 0 2 0 0 0 0 0 1 0 -1 0 0 2 1 0 0 1 0 1 0 0 -1 0 0 1 0 0 0 0 0 0 0 -1 3 0 -1 -1 0 -1 0 2 0 0 0 0 0 0 0 2 0 0 0 0 0 -1 -1 0 0 -1 0 0 0 0 -1 0 -1 0 0 0 -1 0 -1 0 1 1 0 1 1 0 0 -1 1 -1 1 -1 0 0 0 -1 1 0 1 0 0 0 -1 0 1 0 -1 0 0 0 0 0 0 0 -1 0 0 1 -1 0 0 0 0 0 0 -1 0 0 0 0 2 -1 0 0 -1 -2 -1 0 0 -1 0 0 0 1 1 0 0 0 2 0 -2 1 0 0 -1 0 0 1 0 1 0 1 0 1 0 -2 1 0 -1 0 0 0 -2 0 1 0 0 -1 0 0 1 0 0 14 -1 -1 0 0 0 0 0 0 0 0 0 -1 -1 0 -1 0 1 -1 0 0 -1 2 0 0 0 0 0 0 0 0 0 0 0 0 0 0 0 0 1 0 1 -1 0 0 -1 0 0 0 0 1 0 1 0 -1 0 0 0 0 2 -1 1 -1 0 0 1 0 0 0 0 0 1 0 1 -1 0 0 0 1 1 -1 0 0 -2 1 0 0 -1 0 0 0 0 -1 0 0 0 0 -1 -1 0 0 0 -1 0 0 0 1 -1 1 1 -1 -1 -1 0 0 0 0 0 -2 0 0 0 0 -1 0 0 0 0 1 1 0 0 0 0 0 -1 -1 -1 -1 0 1 -1 0 0 0 0 -1 0 1 0 1 -1 0 -1 0 -1 0 0 1 0 0 0 0 1 0
1 0 0 -1 0 -1 0 2 0 -1 1 0 -1 0 0 0 1 0 0 0 0 0 0 -1 0 0 0 0 1 0 0 0 0 -1 0 2 -1 0 -1 1 0 0 1 0 0 0 0 1 1 0 0 1 0 0 0 -1 0 0 0 0 0 -1 0 0 1 2 1 0 -1 0 -1 1 0 0 0 1 1 0 0 0 -2 0 1 -2 0 0 0 4 0 0 0 0 1 1 -1 0 0 0 0 0 1 0 1 1 -1 0 0 2 0 -2 1 0 -1 0 0 0 -1 0 0 1 0 0 -1 0 1 0 1 1 1 0 1 0 1 0 1 -1 0 0 0 1 1 1 0 -2 1 0 0 2 1 0 0 0 0 1 1 1 0 -1 0 0 0 0 1 0 1 0 -1 0 0 -1 1 -1 0 1 0 0 0 0 4 2 -1 0 0 -1 1 0 0 0 -1 0 0 0 -2 0 1 0 1 0 0 0 0 1 0 -1 0 1 -1 0 0 0 0 0 0 0 0 -1 -1 1 1 2 0 -1 2 0 -1 0 0 1 0 1 0 0 1 0 0 0 0 -1 0 0 0 0 0 0 0 -2 2 0 -1 0 2 1 0 3 0 1 -1 0 0 0 -1 0 0 0 0 0 2 0 0 1 1 0 0 0 0 0 -2 0 -1 -1 0 -1 1 0 0 -1 1 0 -2 0 0 0 0 0 0 -1 19 -1 0 0 -1 1 0 -1 0 0 0 0 1 2 0 0 -1 1 -1 -2 -1 0 1 0 0 0 0 0 0 0 1 0 0 1 1 0 0 0 0 0 0 0 0 1 0 0 0 0 -2 0 0 0 0 0 -1 0 0 0 0 0 0 0 0 1 0 -1 0 1 1 1 0 0 0 1 0 0 0 1 1 1 1 -1 0 0 0 1 0 0 0 1 0 0 0 0 0 1 3 3 0 -1 2 0 0 0 1 0 2 0 0 0 -1 -1 3 1 0 0 0 -1 0 0 1 0 1 -1 1 0 0 -1 0 0 -1 0 0 -1 0 0 0 1 1 1 0 0 -1 0 0 1 0 0 1 -1 1 0 1 1 -1 -1 0 1 0 -2 0 0 0 0
1 -1 1 -1 0 1 0 1 1 1 -1 -2 -1 0 -1 1 0 1 -1 0 -1 0 0 1 2 2 1 0 0 0 0 1 1 1 -1 0 -1 1 -1 0 0 0 0 1 0 1 1 0 0 0 0 0 -1 0 0 0 1 -1 0 5 -2 1 0 0 1 0 1 -1 1 0 1 -1 -1 -1 0 0 1 1 1 -1 0 0 0 2 -1 0 0 1 1 1 0 1 2 0 0 0 2 0 -1 0 1 0 1 2 0 0 1 1 1 0 0 1 0 1 0 0 2 1 2 0 1 2 0 0 0 1 -1 0 1 0 0 0 -1 -1 -2 1 0 -1 0 0 1 0 -1 1 0 -1 0 1 1 0 -1 0 1 -2 -1 1 1 -2 0 0 0 0 1 0 0 -1 0 1 2 0 0 1 1 0 -1 1 0 2 -1 1 0 0 0 1 1 1 1 1 1 -2 0 0 0 1 2 0 0 1 1 0 0 0 1 -1 1 0 0 0 0 1 0 -1 2 0 -1 0 -2 0 0 0 1 0 1 1 -1 -1 0 -1 1 2 0 0 1 0 0 0 0 1 0 1 0 1 0 0 0 0 1 -1 0 1 -2 0 -1 0 1 -1 1 3 0 2 0 0 -1 0 0 0 1 0 1 0 0 -2 -1 0 0 1 3 1 0 0 2 -1 0 0 0 1 2 0 -1 0 1 0 1 1 1 -1 -1 20 0 0 1 1 1 0 0 0 0 1 1 0 1 0 1 0 0 -1 1 0 0 0 1 0 0 1 0 -1 2 1 0 -1 -1 1 0 -1 0 1 1 2 -1 1 0 1 0 -1 3 1 -1 1 0 0 1 1 0 1 0 3 0 1 0 -1 0 0 0 0 -1 0 0 0 -1 1 1 0 0 -1 0 -1 1 0 0 -1 0 1 0 0 0 0 0 0 0 0 0 3 0 0 -1 0 0 1 1 0 0 0 0 0 0 0 1 1 0 1 1 2 0 -1 0 0 0 0 0 1 -1 0 0 1 0 0 -1 1 0 0 -1 1 0 0 -2 0 0 -1 0 0 0 1 1 1 -1 0 0 0 1 0 1 -1 1 2 0 1 2 0 -1 -1
1 0 0 -1 -1 0 0 1 0 0 0 0 0 0 0 0 2 0 0 0 0 1 0 0 0 0 0 -1 0 0 0 0 -1 0 0 0 0 0 -1 0 0 0 -1 0 2 0 0 0 0 0 0 0 0 0 0 1 0 2 0 -1 0 1 0 0 0 0 0 0 0 0 1 0 0 0 0 0 0 1 -1 0 0 2 0 -1 0 0 1 0 0 2 0 1 0 0 0 0 0 0 0 1 0 0 0 0 1 0 0 0 0 0 0 0 -1 -1 0 1 0 0 0 1 0 2 0 1 0 0 -1 0 -1 0 0 0 0 0 -1 2 1 0 0 0 1 0 0 0 0 0 0 -2 0 0 0 0 1 0 0 0 -2 1 1 0 0 0 0 0 1 0 1 0 0 0 0 0 0 0 0 1 0 -1 0 -1 0 0 1 0 0 0 -1 0 -1 -1 0 0 0 0 0 0 0 0 0 0 0 0 0 0 0 0 1 0 0 0 0 1 0 0 0 0 0 0 -1 0 0 0 0 0 0 0 0 1 0 0 -1 1 0 1 0 0 1 0 1 0 0 0 0 0 0 0 0 0 1 1 1 0 0 -1 0 0 1 1 0 0 0 0 0 0 0 0 0 1 0 0 0 1 0 0 1 0 0 0 1 0 1 0 0 0 0 0 0 0 -1 0 0 0 0 0 0 0 0 0 8 -1 0 0 1 0 0 -1 0 0 0 0 0 0 0 0 1 0 0 0 0 0 0 0 0 0 0 0 0 0 1 1 0 1 0 -1 0 0 1 -1 1 0 0 1 1 0 1 1 0 0 1 -1 -1 1 0 -1 0 0 0 0 0 0 0 0 0 0 1 1 1 0 0 1 0 0 0 0 1 -1 0 1 0 0 0 1 0 0 0 0 0 0 -1 0 -1 0 2 1 0 1 0 0 0 0 0 -1 0 0 0 0 1 0 1 1 0 -1 0 1 1 0 0 1 0 0 1 0 -1 0 -1 0 0 0 0 0 1 -1 0 2 0 -1 0 0 -1 -1 0 0 0 0 0 1 0 0 -1 0 0 0 0 0 0 0 0 0 0 0
-1 0 1 0 1 0 1 1 0 -1 0 0 0 1 -1 0 1 -1 0 0 1 0 0 0 0 1 0 0 0 0 0 0 1 -1 -1 0 0 1 2 1 0 0 2 0 0 1 0 0 -1 0 0 -1 0 -1 0 0 0 -1 1 -1 1 -1 3 2 0 0 0 -1 0 1 0 -1 0 0 -1 2 0 0 -1 2 0 -1 0 0 1 -1 1 1 0 0 0 2 0 -1 0 -1 0 0 0 0 1 0 0 0 0 3 1 -1 1 0 0 0 0 0 0 0 -1 1 0 1 0 1 0 0 0 0 0 0 1 0 0 0 -1 0 0 0 -1 0 0 0 0 0 1 0 -1 -1 0 1 0 -1 -1 0 1 1 1 0 1 0 0 0 -1 1 0 0 -1 1 0 0 2 -1 0 0 1 0 0 1 -1 -1 -1 2 -1 -1 0 0 -1 0 0 0 0 1 1 1 0 1 0 2 2 0 0 2 1 -1 0 0 -1 0 0 0 -1 1 1 -1 0 0 0 1 0 0 0 2 0 0 -1 0 0 -1 1 0 0 0 -1 1 0 1 0 0 -1 0 0 1 0 -1 0 0 0 0 -1 0 0 0 -3 0 0 -1 0 0 1 0 -2 0 0 0 -1 0 -1 0 0 -1 0 0 -1 0 0 0 0 0 1 -1 0 -2 1 1 0 -1 -1 0 1 0 0 1 0 0 0 0 0 0 0 0 -1 17 0 0 -1 -1 1 0 0 -1 0 0 -2 0 0 1 0 0 0 0 0 -1 0 0 0 1 0 0 1 -1 -1 1 2 0 0 3 0 1 0 0 0 0 -1 1 0 0 1 1 1 0 -1 0 -2 1 0 -1 1 0 0 0 1 1 0 1 0 -1 -1 1 0 0 0 -1 0 1 1 1 1 2 0 0 0 -1 1 2 -1 0 -1 0 0 0 2 2 0 0 0 0 0 0 0 1 1 0 0 -1 0 0 -1 1 -1 1 1 0 -1 0 0 1 0 1 0 0 -1 1 -1 0 -1 1 1 -1 1 -1 0 0 0 0 0 0 0 0 0 0 0 -1 0 -1 0 0 0 0 0 0 0 0 0 1 0 0 2 1 -1 1 0 1
0 1 2 1 0 -1 0 0 0 1 -1 0 1 0 0 0 0 0 0 1 0 0 1 0 0 2 0 -1 1 0 0 0 -1 0 0 1 -1 0 0 0 1 0 -1 -1 0 1 2 2 1 2 0 1 -1 0 0 1 1 0 0 0 0 1 -1 0 -1 0 0 0 0 2 -1 0 1 0 0 0 1 0 -1 0 0 0 0 2 0 1 -1 -1 2 2 -1 1 0 0 1 -1 0 0 0 0 -1 -1 0 0 -1 1 -2 0 2 0 0 -1 0 0 0 0 2 1 0 2 1 1 -1 0 0 1 -1 0 1 0 2 1 0 -1 0 0 1 0 0 0 -1 2 -2 1 -1 1 0 0 0 -1 1 0 1 -2 0 -3 -1 0 0 0 0 1 -1 -1 0 -1 0 0 0 1 2 0 1 0 1 1 -1 0 1 0 0 0 0 0 0 0 1 1 1 0 1 0 1 1 1 2 0 1 -1 1 0 -1 -2 0 0 1 0 1 0 1 0 0 -1 1 -1 2 -1 0 0 1 0 0 0 1 1 1 0 0 -1 3 -1 2 1 1 0 0 -1 1 1 1 0 0 2 2 0 0 1 0 1 -1 2 1 1 0 0 0 0 1 1 0 0 0 2 0 1 0 0 -1 0 -2 0 1 3 -2 1 0 1 1 -1 0 1 2 0 1 0 2 2 0 0 1 -1 1 0 -1 -1 0 -1 1 0 0 21 0 0 2 -1 1 1 -1 0 0 0 0 2 0 0 -1 0 2 2 0 -1 2 0 0 1 1 0 -1 0 0 0 0 -1 0 1 1 -1 -1 -1 0 -1 0 -1 1 1 1 0 0 0 0 0 1 0 2 1 -1 0 -1 0 -2 -1 0 0 2 -2 -1 1 0 -1 2 -1 0 1 2 0 1 -1 0 0 -1 2 -1 0 0 0 0 1 0 1 0 2 1 2 -1 1 0 0 -1 0 1 1 1 0 0 0 2 0 0 0 0 1 1 0 0 -1 1 0 1 0 2 1 0 0 2 0 0 -2 2 -1 0 0 0 1 1 -1 0 1 -1 0 1 0 0 0 0 0 1 -1 1 0 -2 0 1 0 0 -1 -3 0 0 2 0
0 1 0 1 1 0 0 0 1 0 0 0 0 -1 0 2 1 0 -1 -1 -1 1 0 1 1 2 0 0 0 -1 0 0 2 2 0 1 -1 3 0 0 -1 0 2 1 1 -1 0 0 1 0 0 0 0 -1 0 1 1 0 0 0 0 0 2 0 0 -1 1 -1 0 1 -1 0 0 2 0 0 -1 0 1 1 -1 1 1 1 0 1 1 0 1 0 0 0 0 1 0 -1 0 0 0 0 0 0 -1 0 0 0 0 -1 1 -1 0 0 -1 0 0 -1 0 1 0 1 0 0 0 0 0 1 -1 0 0 -2 0 1 0 1 3 0 1 0 1 0 0 -1 1 0 0 0 1 1 0 0 -1 -1 0 1 0 2 -2 0 1 0 0 0 1 0 -1 2 1 0 0 0 1 1 2 0 -1 0 0 0 1 2 0 0 0 0 -1 0 1 0 -1 0 -1 0 1 0 1 1 -2 0 -1 0 1 0 0 0 -1 0 1 0 0 -1 0 0 0 0 0 0 0 0 -2 0 0 -1 -2 0 0 0 0 -2 0 0 1 0 1 -1 0 0 1 0 -1 -2 -1 0 -1 0 0 1 0 0 0 1 -1 1 1 1 0 -1 -2 1 1 1 -1 0 0 0 0 0 0 0 2 -1 -2 0 -1 0 0 0 -1 0 0 0 0 0 -1 0 0 -1 0 -1 -1 1 1 0 0 -1 0 0 1 1 0 0 0 17 2 1 0 0 0 1 1 0 1 0 0 0 -1 -1 1 -1 0 0 1 0 0 1 0 2 1 0 0 1 0 1 -1 0 0 0 0 0 0 0 0 0 -1 -1 1 1 0 0 1 0 1 0 1 0 1 1 0 0 1 0 0 -1 2 0 1 0 0 0 1 1 0 -1 1 0 0 1 0 0 1 0 0 0 0 1 -1 -1 0 0 0 0 1 0 -1 0 0 1 0 3 0 -1 1 -1 1 0 1 1 -1 0 0 1 1 1 0 0 1 -1 0 0 1 0 -1 2 -1 1 0 1 1 -1 1 0 0 2 2 0 1 0 -1 1 1 -1 0 0 3 1 3 1 0 0 1 0 -1 0 0 -1 0 2 0 0 0 0
1 0 0 0 1 0 0 0 0 1 -1 1 0 0 1 -1 0 0 -1 0 0 1 0 0 0 0 0 0 2 -2 0 2 0 1 -2 1 -1 0 1 0 -1 0 -1 0 1 0 0 0 -1 -1 0 0 0 0 0 1 0 1 0 0 0 0 0 -2 0 -1 1 0 0 0 1 0 -1 1 0 1 0 0 0 1 1 0 2 -1 0 0 0 -1 0 3 0 0 0 0 0 -1 1 0 -1 0 1 0 1 -1 0 1 0 0 0 -1 0 2 0 0 0 0 1 0 0 2 0 1 0 0 0 0 0 0 0 0 0 1 0 -1 -1 0 0 0 0 0 1 0 -1 0 0 0 0 2 0 -1 0 0 0 2 0 0 1 1 -1 -1 0 1 0 0 0 2 0 0 0 0 0 -1 0 0 -1 0 0 0 1 -1 0 0 0 0 0 0 0 0 0 0 0 2 0 1 0 3 1 0 1 0 -1 0 1 -1 1 0 -1 0 1 1 0 0 1 1 0 0 -1 0 0 -1 2 0 0 0 -1 0 0 -3 1 0 0 0 0 0 0 0 1 0 -1 -1 0 -1 1 0 0 2 0 0 0 1 0 0 0 2 1 0 0 1 0 -1 0 1 0 0 0 1 0 1 0 0 0 -2 0 0 2 -1 0 0 2 0 0 1 0 1 0 1 0 0 -1 0 -1 1 1 2 0 0 0 1 1 -1 0 2 16 0 0 1 -1 1 0 0 0 0 0 0 0 0 0 -1 0 0 0 -1 0 0 0 -1 0 0 1 -1 0 0 -1 0 1 -1 1 -1 -1 1 0 1 -1 -1 -1 1 0 1 3 1 0 0 0 -1 0 0 -1 0 0 -1 0 0 0 0 0 0 0 0 -1 2 0 -1 0 0 0 -1 0 0 -1 0 0 -2 0 0 0 1 1 -1 -1 -1 -1 2 -1 2 0 1 0 1 1 -2 0 1 -1 2 2 0 1 1 0 0 0 1 -1 0 0 0 1 1 0 0 0 0 -1 0 -1 0 0 0 0 1 0 1 1 0 0 1 0 0 2 1 0 -1 0 0 0 1 -1 0 0 0 -1 -1 1 1 0 1 0 0 0 0
-1 1 0 1 0 -1 0 1 0 2 0 0 0 0 1 1 -1 0 1 0 0 0 1 0 0 0 -2 0 0 0 -1 -1 -1 1 0 0 0 0 0 0 2 0 2 1 2 -1 0 0 1 0 0 0 -1 0 0 0 2 0 0 0 -2 1 0 1 0 0 0 -1 0 -1 1 -1 1 1 1 0 2 0 0 0 0 0 1 1 -1 0 0 0 1 1 0 0 -1 -1 -1 0 0 0 0 2 -1 0 -2 0 -1 0 0 1 -1 0 0 0 0 0 -1 1 0 0 2 1 1 -1 0 0 2 0 0 2 -1 0 0 -1 -1 -1 0 0 -1 0 0 0 1 0 -2 1 0 0 -1 -1 -1 0 0 0 -2 -1 0 1 -1 1 0 1 0 -1 0 0 0 -1 -1 0 0 -1 0 -1 0 0 1 0 0 -2 -1 -1 -1 0 0 -1 0 0 0 0 0 1 0 1 1 1 0 0 -2 0 0 0 -1 0 1 0 0 0 -2 -1 0 1 0 0 0 0 0 0 1 0 0 0 0 0 0 0 0 0 0 2 0 -1 0 0 1 0 -1 -1 0 -1 0 0 -1 1 0 0 0 -1 -1 0 3 -1 1 0 0 0 0 0 0 0 0 1 0 1 0 0 0 1 -1 0 2 0 -1 0 1 -2 -2 -1 1 -1 0 2 -1 0 2 0 0 0 0 1 0 0 1 1 -1 0 0 0 -1 0 0 -1 2 1 0 20 0 2 2 0 -2 -1 0 0 0 0 0 1 0 0 1 -2 1 -2 1 3 0 -1 0 -1 -1 0 1 0 0 -1 0 -1 -1 -1 1 1 -1 1 0 0 1 0 0 -1 1 1 0 1 -1 1 0 -1 1 1 0 -1 0 0 2 0 1 -1 0 0 2 0 0 0 -1 3 0 1 1 0 0 0 0 -1 0 0 0 0 0 -1 1 -2 1 1 0 1 1 0 0 -2 0 0 0 0 1 0 0 -1 -1 0 0 -2 0 0 3 1 -2 -1 1 -1 -1 0 0 0 0 1 0 0 0 -1 -2 0 2 0 -1 1 0 0 0 2 0 -1 0 -1 0 0 0 0 -3 0 0 -1 -1 0 -2 0 0 -1 0 0 0 0
1 0 1 0 -1 1 0 0 -1 1 -1 0 0 0 0 1 0 0 0 0 0 0 1 0 0 0 1 0 0 1 0 -1 0 0 -1 0 2 1 0 0 -1 1 0 0 1 0 0 1 0 -1 0 0 0 0 0 0 0 -1 0 -1 1 0 0 0 1 0 0 0 3 0 -1 0 0 0 1 2 2 2 0 -3 1 0 -2 0 0 1 1 1 1 -1 -1 0 1 -1 0 0 0 0 0 0 1 1 0 -1 0 1 0 2 0 0 0 0 0 -1 0 0 -2 0 0 0 0 0 0 0 0 0 0 -1 -3 0 -1 2 2 0 0 1 0 0 0 0 1 0 0 1 1 1 -2 1 1 0 0 1 -1 1 0 0 0 1 0 0 0 0 1 1 0 2 0 0 -1 0 -1 0 2 2 0 1 1 1 1 -1 0 0 -1 0 0 0 -2 0 -1 1 0 -1 0 0 1 0 -1 1 1 1 0 1 0 0 1 0 1 1 1 0 -2 0 0 1 3 0 0 0 0 2 0 0 0 1 0 -1 1 -1 1 0 -1 1 1 0 1 1 0 1 0 1 0 1 0 -1 0 0 0 0 0 -2 0 0 -2 0 1 0 -1 0 0 -1 0 0 1 0 0 -1 0 0 0 0 -1 0 -3 -1 0 2 0 0 0 0 0 1 0 0 0 0 1 0 1 1 -1 0 -1 1 0 0 0 0 0 1 -1 0 0 0 17 -1 1 1 0 0 0 0 0 -1 2 -1 -2 0 -1 0 -1 0 0 0 -1 0 0 0 1 -1 0 2 0 0 0 0 -1 0 0 0 -2 1 0 0 2 0 1 0 -1 0 -1 0 0 -2 0 -3 0 1 0 0 0 0 1 -1 1 0 1 0 0 0 1 1 -1 0 0 0 -1 1 1 0 0 0 1 0 0 1 0 0 2 0 0 1 0 0 1 0 0 0 0 0 1 0 1 0 0 0 0 0 0 0 2 0 0 0 1 0 0 0 1 0 1 1 0 0 -1 0 0 0 1 0 -1 0 0 0 1 0 0 1 0 1 0 0 -1 -1 -2 0 0 -2 0 0 2 0 2 0 -1 0 0 0 -1 0
0 0 0 0 1 0 0 0 0 3 0 1 1 0 1 0 1 2 -1 -1 1 0 -1 1 0 0 0 0 0 0 0 -1 -2 1 0 0 0 0 0 0 1 0 0 0 1 0 0 0 -1 1 0 0 0 0 1 0 0 0 0 1 0 0 0 0 0 -1 0 0 0 0 0 0 1 0 0 1 1 -1 0 -1 0 0 0 -1 0 1 0 -1 1 1 0 -1 0 0 0 0 0 0 0 1 1 0 0 0 0 0 0 0 0 0 0 0 0 0 0 -1 0 1 0 0 0 -1 0 0 2 0 2 -1 2 0 0 0 0 0 0 -1 0 -2 0 0 0 0 0 0 0 0 0 0 0 0 1 1 -1 0 1 0 1 1 0 -1 1 0 0 0 0 0 -1 0 0 -1 -1 -3 0 0 0 0 0 1 0 -1 0 0 1 -1 -1 0 2 0 1 0 0 -1 0 0 0 2 0 0 0 0 0 0 0 0 0 1 0 -2 0 0 0 1 -1 0 1 0 0 0 0 0 1 -1 0 1 0 1 0 1 2 -1 0 1 0 -1 0 -1 1 0 -1 0 -1 0 0 0 0 2 0 -2 0 1 0 1 1 1 1 0 1 0 0 0 0 0 -1 0 1 1 1 0 0 -1 0 0 0 -1 1 1 0 0 -1 1 0 0 1 1 0 0 0 0 0 1 0 0 1 0 0 0 0 0 -1 0 1 0 1 2 -1 13 0 0 0 0 0 0 0 0 0 0 -1 3 1 0 0 -1 -1 1 1 0 0 2 1 0 1 -1 1 2 0 -1 0 -1 1 0 0 0 1 0 0 0 0 0 0 0 1 2 0 0 0 1 0 0 0 -1 0 0 1 -2 0 -1 -1 0 -1 0 0 -1 0 2 0 0 1 0 0 1 0 0 0 0 0 0 2 -1 0 -1 0 0 0 0 1 0 0 1 0 0 1 0 0 0 -2 1 0 0 -1 0 0 1 0 0 0 1 0 0 0 0 1 0 0 1 -1 0 1 -1 -2 -1 0 1 0 -1 0 0 0 0 0 -1 0 0 0 1 0 1 0 0 0 0 0 1 0 0 0 -1 -1 0 0 0
-1 0 -1 0 0 0 0 -1 0 2 0 -2 1 0 1 0 -1 0 0 0 0 1 0 0 1 0 0 -1 0 1 1 0 0 0 1 1 0 -1 0 0 0 -1 0 1 -1 1 0 0 0 0 1 -1 0 1 0 0 -1 -1 1 0 1 0 3 1 0 0 -1 0 0 -1 1 -1 -1 0 0 1 1 4 0 -2 0 2 1 -1 2 2 0 0 0 0 0 1 2 0 0 2 0 1 0 0 1 1 0 1 0 1 0 0 -1 2 0 -1 1 1 0 1 -1 -1 1 1 1 0 0 0 1 0 1 0 -2 1 0 1 0 -1 0 0 1 1 0 1 -1 1 0 0 2 0 1 0 1 -1 0 0 -2 0 0 0 0 -1 1 2 1 -2 0 0 1 -1 2 0 1 0 1 -1 1 0 0 0 0 0 -1 -1 0 0 0 -1 0 0 0 1 1 0 0 0 0 0 0 0 -1 0 1 0 -2 -1 0 0 -1 0 1 1 0 0 0 -1 -1 0 0 0 0 1 0 0 0 0 -1 0 0 0 0 0 1 0 0 0 1 0 -1 0 0 0 0 0 0 -1 -1 0 0 0 -1 0 1 -1 0 1 -1 0 0 0 0 0 -1 1 2 0 1 0 0 0 1 -1 1 0 1 2 -2 -1 1 0 0 1 0 1 1 2 2 -2 0 0 0 0 -1 -1 0 0 0 -3 0 0 0 0 0 0 1 0 -1 2 1 0 21 -1 -2 0 1 -1 0 1 0 0 -1 0 0 1 1 1 0 0 0 0 1 -1 0 0 1 0 0 0 0 0 -1 -1 0 0 -1 0 0 -1 1 1 1 1 0 0 1 0 0 0 0 -1 0 2 0 1 -1 0 3 0 1 0 0 0 0 2 0 0 0 0 0 0 0 0 1 0 0 2 2 1 0 1 0 0 0 -3 0 2 0 0 0 0 1 -1 1 0 0 -1 1 -1 1 -3 0 0 0 0 1 1 1 -1 0 -1 -2 0 0 -1 0 1 0 1 0 0 1 1 0 0 -1 0 -1 1 -3 0 1 -1 1 0 2 0 2 1 1 -1 0 0 0 -1 0 2 1 -1 1 0 0 -1 0 -1
2 1 1 0 0 0 0 0 -2 0 0 -1 1 0 -2 1 3 1 0 -1 0 0 -1 0 0 0 0 0 0 0 0 -1 0 -1 -1 1 1 1 0 1 0 0 0 1 0 -1 0 0 0 1 0 0 1 0 0 1 0 -1 0 1 0 -1 1 -1 0 0 -1 0 0 -1 -1 1 -1 0 1 0 0 -1 0 -1 0 0 2 0 1 1 -2 0 0 -1 -1 0 0 -1 0 1 0 -1 0 1 0 1 0 1 -1 1 0 0 -1 0 0 0 -1 -1 -2 -1 2 1 0 1 -1 1 1 0 0 0 -2 -1 -1 0 0 1 0 1 2 -1 -1 0 -1 1 0 1 0 -1 1 1 -1 1 0 -2 -1 0 -2 1 -1 0 -1 0 0 -2 0 -1 2 0 1 0 1 0 0 0 0 -2 1 0 1 -1 0 0 -1 1 0 -1 1 0 2 2 0 -1 0 0 -1 2 -1 1 1 -3 0 -1 0 0 0 -1 1 0 -1 0 -1 0 1 -1 0 1 -1 1 -1 -1 -1 0 -2 1 0 1 1 0 -1 1 0 0 1 -1 0 0 0 -1 -1 0 0 2 -1 -1 -1 1 1 0 0 0 0 0 -2 -1 0 1 0 0 0 1 -1 0 0 0 0 0 -1 1 0 0 1 1 1 -1 0 0 -2 0 1 2 0 0 1 -1 0 1 0 0 0 -1 0 0 0 1 0 0 2 1 2 -1 0 1 0 -1 -1 1 1 0 1 0 -1 25 1 0 1 0 0 0 -1 0 1 0 -2 -1 1 0 -1 0 0 -1 0 1 0 -2 1 -1 1 -1 0 -1 -1 0 0 -2 1 1 0 0 1 -1 0 -1 -3 0 -1 -3 0 0 1 0 -1 1 1 -1 0 -2 1 0 1 -1 -1 0 -1 -1 0 0 -1 0 0 0 0 -1 0 2 -3 -1 1 -3 0 -1 1 0 0 0 1 0 1 1 0 -1 0 1 0 0 1 0 0 0 0 -1 0 1 0 1 1 0 0 0 0 1 0 0 1 0 -2 0 -1 -1 0 0 -2 1 -1 0 -1 0 -1 0 0 -1 0 0 0 1 0 0 1 1 1 -2 -1 1 2 1 0 -2 1 0 0 2 0 0 0 0
0 0 1 -2 0 0 0 1 -1 0 1 0 2 0 -1 0 1 1 -1 0 0 -1 1 0 0 1 2 0 1 -1 -1 1 0 0 -1 1 0 1 -1 1 -1 -1 0 1 -2 0 0 0 1 0 -2 0 1 -1 0 1 2 0 1 -2 1 1 1 0 1 0 0 0 0 1 3 0 1 -1 1 1 0 0 1 1 0 4 1 -1 0 0 -1 -1 -2 -1 -1 1 -2 0 1 0 1 0 0 0 1 -1 -1 1 1 1 -2 -1 0 -1 0 0 0 0 0 0 0 0 -1 1 1 0 0 0 -1 1 1 -1 0 0 0 1 0 -1 0 0 1 1 -2 0 0 0 1 -1 0 1 0 0 2 1 1 0 -2 0 0 0 -2 0 -1 0 -1 0 2 0 0 0 1 0 0 0 0 1 0 0 -1 2 1 1 2 0 0 -1 0 1 0 0 0 -2 0 0 1 0 2 1 1 0 -1 2 -1 -1 0 0 0 0 2 0 0 0 0 0 0 0 0 0 1 -2 0 0 1 1 1 0 1 0 0 0 1 0 0 0 0 0 -2 -1 -1 3 0 -1 1 0 0 0 1 0 -1 0 1 0 0 -1 0 0 1 1 -1 0 0 1 -1 0 0 0 0 0 0 0 2 -1 1 0 0 0 0 0 1 2 3 0 0 -1 -2 2 0 1 -1 0 0 0 0 2 0 1 0 0 -1 -1 1 1 0 0 0 1 0 -2 0 0 -2 1 21 1 -1 0 1 0 -3 -1 0 -1 1 3 -1 1 0 0 0 1 1 1 0 0 0 1 0 -2 1 1 2 2 0 1 1 0 0 0 2 0 0 -1 0 0 0 0 0 0 0 0 0 -2 0 1 -1 0 0 1 0 2 1 0 0 1 1 -1 0 0 0 -1 0 -1 -1 -1 0 -1 0 2 -1 0 1 0 2 1 0 -1 0 1 0 1 1 -1 0 0 0 -1 1 0 0 -1 0 0 1 2 0 1 -1 -2 -1 1 0 -1 1 0 0 0 0 1 0 0 0 0 0 0 0 2 0 0 -2 1 -1 -1 -2 1 -1 1 1 0 1 -2 0 1 0 0 0 0 1 2 0 1 -1 0 0 0
0 0 0 0 1 -1 0 0 0 1 0 0 0 0 1 0 0 0 0 0 1 -1 0 0 0 0 1 0 1 0 0 0 1 0 1 2 0 0 0 0 0 0 -1 0 0 0 -1 0 2 0 0 0 0 2 0 0 0 0 0 0 1 0 0 0 1 0 -1 0 0 -1 0 0 1 1 0 0 1 -1 1 0 0 0 0 0 -1 0 0 0 1 0 0 0 0 0 0 0 -1 0 1 -1 0 0 0 1 0 0 0 0 0 0 0 0 0 0 0 1 0 0 1 0 -1 0 -1 0 0 0 -1 0 0 0 0 1 0 0 0 0 1 1 0 0 0 1 0 1 0 0 3 1 0 -1 0 -1 1 1 0 0 -1 0 -1 0 0 0 0 0 1 -1 1 -1 0 1 0 0 0 0 0 0 -1 2 0 0 2 0 0 0 0 1 0 0 0 0 0 0 0 0 0 0 1 0 -1 0 0 0 0 0 1 0 0 0 0 0 0 2 -1 0 0 -1 0 -1 1 1 0 0 0 0 1 1 0 1 0 1 0 0 0 0 0 1 0 0 0 1 -1 -2 0 0 0 -2 0 0 1 0 1 0 0 0 0 0 1 1 -1 0 0 2 1 0 0 0 0 0 0 0 -1 0 0 0 0 0 0 0 0 2 0 0 0 -2 0 -1 0 0 0 1 1 2 -1 1 1 0 2 0 0 0 0 0 0 -1 0 0 0 0 1 17 0 0 0 0 1 -2 1 0 -1 0 0 -1 -1 -1 0 1 1 0 -2 0 0 0 0 0 0 -1 0 -1 1 0 0 0 0 0 1 1 2 0 1 0 0 -1 1 -1 2 0 0 -1 0 1 -1 0 0 1 0 0 0 -1 1 0 1 0 0 1 -1 1 0 -1 -1 0 0 2 0 -1 0 1 0 0 1 -1 0 0 0 -1 0 -2 1 0 0 1 0 2 1 0 0 0 2 0 0 0 0 0 -1 0 0 1 -1 0 -1 0 0 -1 0 -1 1 0 2 0 1 2 -1 0 0 1 1 1 0 0 2 0 0 1 0 1 0 0 0 -1 0 2 1 0 0 0 0 0 0 0 0 0
0 0 -1 0 0 0 -1 -1 -1 1 0 -1 0 1 0 0 1 0 0 0 0 0 0 0 0 -1 -1 0 0 1 -1 0 0 0 1 1 -2 0 0 0 0 0 0 0 0 0 0 0 1 0 -1 1 0 0 0 0 -1 0 -1 1 0 2 -1 -2 -1 0 0 1 -1 1 0 0 -2 1 1 0 0 1 1 0 1 0 0 -1 0 -1 0 0 1 1 0 0 0 0 0 0 1 0 0 0 0 0 0 0 0 0 0 -1 0 0 0 0 0 1 0 1 0 0 0 0 1 0 0 0 0 -1 0 0 0 1 1 0 -1 0 2 0 -2 -1 0 0 -2 0 0 0 0 0 0 0 0 -1 1 0 0 -1 1 2 0 0 0 0 -1 0 -1 0 -1 -3 1 -1 -1 0 0 0 0 0 0 2 -1 0 0 1 1 1 1 -2 0 0 -1 0 2 0 -1 0 1 0 0 -1 0 0 0 0 1 -1 -1 0 1 0 1 0 -1 1 0 0 0 0 0 -1 0 2 -2 0 1 0 -2 0 0 -1 0 0 0 0 1 -1 1 0 0 0 0 0 -1 0 -1 0 -2 0 0 1 0 -1 0 -1 0 0 -1 2 0 -1 -1 0 0 1 1 0 -1 0 1 0 1 1 0 0 -1 0 1 0 -1 0 0 0 0 0 2 0 0 0 0 0 0 0 1 0 0 1 0 1 2 -1 0 1 0 -2 0 1 0 0 0 0 1 1 -1 0 15 1 1 0 0 0 -1 0 0 -1 0 0 0 1 -1 0 0 -1 0 0 1 0 1 -1 0 -1 0 2 0 0 0 -1 1 0 0 0 1 1 0 -1 0 1 0 0 0 0 0 2 1 0 0 0 0 1 0 0 0 0 0 0 0 0 0 -1 0 0 0 0 1 0 0 1 0 1 -1 -1 0 1 -1 -1 1 0 -1 -1 0 1 0 -1 0 1 -1 -1 1 1 0 0 0 0 1 1 1 0 0 0 0 1 0 0 0 -1 0 0 0 1 0 0 0 0 0 0 -1 -1 -1 1 0 1 1 0 0 0 -1 1 0 0 1 0 -1 1 -1 0 1 0 0 1 0 0 0 0 -1 0
-1 -1 0 -2 0 0 0 0 0 1 0 0 0 0 2 -2 1 0 0 0 0 -1 0 1 0 0 0 -1 0 0 0 0 1 0 2 0 0 0 0 -1 0 1 0 1 1 -1 0 0 2 0 0 0 0 0 0 1 0 1 1 1 0 0 0 1 0 1 0 -1 0 0 0 -1 1 0 0 0 0 0 0 0 0 -1 0 -1 1 1 0 1 0 2 0 1 -1 0 0 0 1 1 2 1 1 -1 0 -1 1 1 0 0 1 -1 0 0 -1 2 -1 0 -1 0 2 0 0 0 0 0 0 0 -1 1 0 0 0 0 0 0 0 0 -1 0 0 0 0 1 1 0 0 -2 0 0 2 0 0 0 0 0 0 4 1 1 0 1 1 0 -1 0 -1 0 3 1 0 3 0 0 0 0 2 1 1 1 -1 0 0 1 -1 0 -1 0 0 0 -1 0 0 0 0 0 0 0 -1 0 0 0 0 0 -1 1 -1 0 0 -1 0 1 0 0 0 0 0 -1 0 0 0 0 0 0 0 -1 1 -1 0 0 0 0 0 -1 0 0 1 1 0 1 0 1 0 1 0 0 0 0 1 0 1 1 0 0 0 0 0 0 1 0 0 3 0 0 1 1 0 1 -1 0 1 0 1 0 2 0 0 0 -1 0 0 0 -2 1 -1 1 0 0 0 0 2 0 0 1 1 1 0 0 0 0 0 0 0 0 0 0 0 0 -1 0 0 0 1 13 0 0 0 1 0 -1 1 0 0 0 -1 0 0 -1 0 -1 -1 1 0 1 0 0 0 -1 0 -1 0 0 0 0 0 2 1 -1 0 0 -1 0 -1 0 0 0 0 0 0 0 0 -2 0 0 0 0 -1 0 0 2 -1 2 0 0 1 -1 0 2 -1 1 0 0 0 -2 0 -2 0 0 -1 -1 -1 0 -1 0 -1 0 0 0 0 0 0 -1 0 0 -1 1 1 0 0 1 0 0 -1 -1 -1 0 0 2 0 0 0 0 -1 0 0 1 0 0 -1 0 1 0 1 0 -1 0 -1 -1 0 0 -1 1 0 0 -2 0 0 1 2 2 0 0 2 1 0 0 0 -1 0 0 0 1
2 0 2 0 0 1 0 0 0 0 0 -1 1 0 0 0 0 1 0 0 0 0 1 0 0 -1 0 0 0 0 -1 0 0 0 1 0 1 0 0 0 0 0 0 0 0 1 0 0 0 -1 0 0 0 0 1 0 0 0 0 0 0 1 0 1 0 0 0 0 0 0 -1 0 0 0 0 1 0 0 0 1 0 0 1 2 0 0 0 0 1 0 0 0 0 -1 -1 0 0 0 0 1 1 1 0 -1 0 1 1 0 0 0 0 0 0 -1 0 0 0 0 1 0 0 0 0 0 2 1 0 -1 0 0 0 1 0 0 0 0 0 0 0 0 0 0 1 1 0 0 0 0 1 0 0 0 -1 -1 0 0 0 0 0 0 0 1 1 0 0 0 0 0 0 0 0 0 0 0 0 0 1 0 0 0 0 0 1 1 0 0 0 0 0 -1 0 0 0 1 0 1 1 0 0 0 0 0 0 1 0 0 0 0 0 0 0 1 0 0 0 -1 0 0 0 0 0 0 -1 0 1 0 0 0 0 0 0 0 0 0 0 0 0 1 0 0 -1 0 0 0 0 0 0 1 0 0 0 -1 0 0 0 0 0 1 0 0 0 0 1 0 0 0 0 -1 1 2 0 0 0 0 1 0 2 -1 0 -1 0 1 0 0 0 0 1 0 1 1 0 0 0 0 -1 1 -1 1 0 0 2 0 0 0 0 0 0 0 1 0 1 0 9 0 0 1 0 1 1 0 0 -1 0 0 0 0 0 0 0 0 0 0 -1 0 1 1 0 0 0 0 -1 -1 0 0 1 0 1 0 -1 -1 0 0 0 0 1 0 0 -1 0 -1 1 0 1 0 0 0 0 0 0 1 0 0 1 2 0 -2 0 0 0 0 1 1 0 0 0 0 1 0 0 0 0 0 -1 0 0 0 0 0 0 0 0 0 0 0 -1 0 0 0 1 -1 0 1 0 0 1 0 0 1 0 0 -1 0 0 1 0 1 0 1 0 0 0 0 0 1 -1 0 0 1 -1 0 0 0 0 0 0 0 0 0 1 0 0 0 0 1 0 0 0 0 0 0
0 0 1 0 0 0 0 1 0 0 0 0 0 0 0 0 0 1 -2 1 2 0 -2 1 1 -1 0 1 0 0 0 0 1 1 0 0 0 0 0 0 0 -1 1 -1 0 0 0 0 1 0 0 1 1 0 0 0 0 -1 -1 1 -2 0 1 1 0 0 -1 1 0 2 0 0 1 2 0 1 -2 -1 -1 3 -1 1 0 2 3 0 0 0 0 0 0 1 1 0 -1 0 0 0 0 1 0 -2 0 2 3 1 0 1 1 0 1 0 1 0 0 0 0 1 0 -1 0 0 0 -1 0 0 0 0 0 0 -1 1 -2 0 0 0 0 0 0 0 0 0 1 -1 0 0 0 0 0 0 0 1 0 -1 0 1 -1 -1 0 0 -1 1 0 1 -1 0 -1 -1 0 0 -1 0 0 -1 1 1 0 1 1 0 -1 0 1 0 0 0 0 0 1 0 0 1 1 -1 0 1 0 1 1 0 0 1 -1 0 0 1 0 0 -2 0 -1 0 0 0 0 -1 1 0 1 2 0 0 1 -2 1 1 1 0 0 -1 0 -1 -1 0 0 0 0 0 0 0 0 0 0 0 0 0 2 0 0 1 0 1 1 0 0 0 2 1 1 0 -1 0 0 0 0 -1 1 0 0 -2 1 -2 0 0 0 1 0 -1 1 -1 1 -2 1 0 -1 0 0 2 -1 1 0 0 0 0 0 -1 1 0 0 1 0 0 0 0 -1 0 1 0 0 0 0 0 0 14 -1 0 0 0 -1 0 0 0 -1 0 0 -1 0 0 0 0 1 0 0 0 1 -1 1 1 0 0 1 0 0 2 0 0 1 1 -1 1 0 0 0 -1 0 0 0 2 0 0 0 0 0 0 0 0 -1 0 0 0 0 0 0 0 0 0 2 0 1 0 0 0 1 0 0 0 0 -1 0 0 1 0 0 -1 1 1 2 0 1 0 0 0 -1 0 1 0 -1 2 1 0 0 0 0 2 0 0 0 1 -1 0 0 0 0 0 0 -1 0 0 -1 -1 0 0 1 1 1 0 1 0 0 -1 0 0 0 2 -1 -1 2 0 0 0 0 0 0 -1 2 0 0 0 1 -1
0 0 0 1 0 0 0 -1 1 0 0 0 1 0 -1 1 0 0 0 0 0 1 0 0 0 0 0 -1 0 1 0 0 0 0 2 0 2 -1 1 0 1 0 0 0 1 -1 -1 -1 0 0 0 0 0 0 1 -1 0 1 0 0 0 0 0 0 -2 0 -1 0 0 1 -1 2 1 1 1 0 1 1 -1 0 2 -2 0 -1 -1 0 0 1 1 1 0 -1 0 -1 1 0 0 0 0 0 0 0 0 1 -2 1 0 0 -1 0 -1 1 -1 0 0 0 -1 0 1 1 1 1 0 1 -1 1 0 1 0 0 -1 0 1 0 -1 0 0 1 1 0 2 1 2 -1 -1 0 -1 1 0 0 -1 0 -1 1 0 0 1 1 0 0 0 0 0 0 0 -1 0 -1 0 -1 0 1 0 1 0 1 2 0 1 0 0 1 0 -2 -1 0 0 1 2 0 1 0 -1 0 0 0 -2 0 0 0 0 1 0 1 0 0 3 -1 1 0 0 -1 0 0 1 -1 0 -1 1 1 -1 0 0 1 0 0 0 -1 0 0 0 1 2 0 0 -1 0 1 1 2 0 1 0 0 0 0 0 0 2 1 0 0 0 0 0 -1 -1 0 1 0 1 0 1 0 0 0 0 0 -1 0 1 0 0 -1 0 -1 0 1 0 -2 2 0 1 -1 1 0 0 0 0 -1 0 0 0 0 0 0 -1 0 1 0 0 -1 0 0 2 0 0 -1 -3 1 0 0 0 -1 16 0 0 2 -1 -2 0 0 0 0 0 -1 0 0 0 0 -1 0 -1 0 0 0 0 0 1 0 -1 0 1 -1 3 0 0 0 1 0 2 -1 -2 0 0 -1 0 2 0 0 0 0 -1 0 0 0 0 0 0 -1 -1 0 0 -1 1 2 0 1 0 -1 1 1 -1 0 0 0 0 0 1 0 0 0 -1 -2 0 -1 0 0 0 0 0 0 1 0 0 1 1 1 -1 0 1 0 -2 0 0 1 0 0 1 1 2 1 2 -1 -1 0 0 0 -1 0 -1 0 0 -1 -1 1 1 -1 0 1 -1 1 0 0 0 0 0 0 0 1 0 0 1 0 -1 0 2 0 0 0
-1 -1 -1 1 0 1 1 -2 0 1 0 0 0 -1 2 0 0 1 1 0 0 1 -2 2 0 0 1 1 -2 0 0 0 -2 0 1 1 1 0 0 -2 1 0 2 -1 1 0 1 0 -1 0 0 1 0 2 1 2 0 -1 0 1 1 -1 0 0 -1 -1 0 0 1 1 0 0 0 0 0 -1 0 0 -2 0 0 -1 1 1 1 1 0 1 0 -1 1 1 -2 0 -1 0 2 1 -1 1 1 2 -2 0 0 0 0 0 -1 1 2 0 2 1 0 2 2 0 2 0 1 0 -1 0 -1 0 0 3 0 1 1 0 0 0 0 0 0 0 0 0 0 0 0 1 0 -3 0 0 -1 1 0 0 0 2 1 0 3 1 1 1 0 -1 -1 0 0 0 1 -1 0 1 1 0 -1 0 1 1 0 0 0 -2 0 0 1 0 1 0 0 -1 0 -1 0 1 -1 0 0 0 -1 1 0 1 0 0 1 1 -2 1 -1 0 0 1 1 1 0 0 1 0 1 0 -1 0 0 0 -1 0 1 0 -1 1 1 -1 0 1 0 0 -1 -1 0 0 -1 1 0 0 0 -2 0 1 0 1 -2 1 0 -1 0 0 1 0 0 2 1 -1 -2 0 1 -1 0 1 -1 2 0 0 0 -1 1 1 1 -1 -1 1 -1 0 0 0 0 1 0 -1 0 0 0 0 -1 -1 0 -1 0 0 -2 -1 0 0 -1 -1 0 1 -1 0 0 0 -1 -2 0 1 1 0 0 22 0 1 0 1 0 -1 1 0 -1 0 0 0 -1 -1 1 1 1 0 1 -1 0 0 0 0 0 0 0 0 0 0 0 0 0 0 -1 0 0 0 0 0 0 1 1 -1 1 0 0 0 0 -1 0 1 0 0 1 0 0 -1 0 0 0 2 2 0 0 -1 0 1 0 1 0 -1 0 0 -1 2 0 -2 -1 2 0 0 -1 -2 -1 2 0 1 -1 0 -2 2 2 -1 -2 -1 2 0 0 1 0 -2 1 1 1 1 0 0 1 1 1 0 1 2 2 0 -1 0 0 0 3 0 0 -1 2 0 0 0 0 0 0 2 1 -1 1 1 0 0 0 0 -1 0 0 0
0 -2 1 3 2 0 0 0 2 -1 0 1 1 2 0 1 0 0 0 -1 0 2 0 1 0 1 0 -1 0 0 0 0 -1 1 -1 -2 2 0 1 -1 0 0 0 1 0 1 0 -1 0 1 0 -1 -1 0 0 0 1 0 0 2 1 0 1 -1 0 0 0 0 0 1 0 0 2 2 -1 0 -1 -1 -1 2 -1 0 0 0 0 1 0 1 1 0 1 0 0 -1 1 2 1 -1 0 0 1 -1 0 0 2 0 0 -1 0 -1 -1 0 -1 0 0 -1 1 0 -1 -1 0 0 0 0 1 0 -2 0 1 -2 0 -1 2 1 1 0 -1 2 0 0 0 0 0 -1 0 -1 1 1 0 0 -1 0 0 1 1 0 0 0 0 -2 0 -1 1 -1 1 0 0 -1 1 0 -1 0 0 0 0 0 -1 2 -1 -1 1 0 0 0 0 -1 1 1 2 0 0 0 -1 0 0 -1 -1 -1 0 0 1 0 0 1 0 -1 0 0 1 1 0 0 1 0 0 -1 0 1 1 0 0 1 1 0 1 -1 0 0 0 2 1 -1 0 -1 0 1 -1 -1 1 0 -1 1 -2 0 1 0 0 0 0 1 -1 0 1 -1 0 1 0 0 0 1 2 0 1 0 -1 0 0 0 -1 0 0 0 -2 0 -1 -2 1 0 0 1 2 -1 -1 -2 1 0 0 1 0 -1 1 0 -1 -2 1 -1 -1 1 0 0 0 1 0 0 -2 -1 -1 1 0 1 -1 0 0 0 0 0 19 0 1 -1 1 1 0 -1 -1 1 0 0 0 0 0 1 -1 0 0 0 0 0 -1 -1 1 0 0 0 0 2 -1 0 0 1 0 0 0 1 1 1 -2 0 2 1 0 2 2 0 1 0 2 0 0 1 0 -1 2 0 0 0 0 -1 -1 0 0 0 0 -2 0 -2 -1 1 0 -1 0 0 0 -1 0 0 0 1 0 0 -1 0 1 0 -1 0 0 -3 0 -1 0 2 -1 0 -1 1 1 0 1 1 -1 1 -1 1 0 0 0 0 0 0 0 1 -1 0 0 0 0 0 0 0 0 2 1 1 1 0 0 0 1 0 -1 1 0 -2 2 1 0 0 2 0
0 2 0 1 0 1 2 0 1 2 0 2 1 -1 2 0 1 0 0 -1 0 1 1 -1 0 1 0 0 -1 1 0 0 0 0 0 1 0 0 2 1 1 0 0 -1 2 0 1 0 -1 0 -1 0 0 0 1 0 0 -1 0 0 0 0 1 1 1 0 0 0 0 1 0 -1 0 0 0 1 0 0 -1 -1 -1 0 0 0 -1 1 0 0 0 0 0 -2 0 -1 1 0 1 0 0 1 1 1 0 0 0 1 1 1 0 0 0 -1 1 -1 1 1 1 1 0 0 2 0 0 0 0 0 -1 0 0 0 -1 2 0 0 2 1 0 0 0 0 1 0 0 0 -1 0 0 0 0 1 -1 0 1 -1 0 0 0 1 0 0 1 -1 1 1 0 -1 -1 0 0 0 -1 1 0 0 -1 -1 0 0 0 0 0 1 2 1 0 1 0 1 2 0 0 -1 -1 0 0 1 -1 0 0 0 -1 0 -2 1 0 1 0 -1 1 0 0 -1 0 1 0 0 0 0 0 0 -1 0 0 1 0 1 0 1 0 1 0 1 1 0 0 -1 0 1 0 2 0 0 0 -1 0 0 0 0 0 0 0 0 1 0 1 1 -1 1 2 1 2 1 0 -1 0 1 0 0 0 1 -1 1 1 0 0 1 0 0 1 -1 2 0 0 1 -1 1 2 0 0 2 0 0 1 0 -1 2 0 0 0 0 2 -1 -1 0 0 3 0 0 -1 0 0 -1 1 0 2 1 0 19 0 1 0 0 0 1 0 1 0 0 1 0 -2 1 -1 0 0 1 0 -1 0 -1 0 1 0 -1 0 2 0 0 -3 -1 0 1 0 0 0 -1 -1 0 1 -2 1 0 0 0 0 0 1 1 0 -1 -1 0 0 0 1 0 2 0 -1 1 1 0 0 0 0 0 1 0 0 -1 0 0 0 -3 0 0 1 0 0 1 1 1 0 1 -1 0 0 1 -1 0 0 1 -1 2 1 0 -1 0 1 0 2 -1 0 0 1 0 1 1 0 0 0 1 0 0 1 1 2 1 0 0 0 0 0 1 0 -1 0 0 0 0 0 0 0 -1 -1 0 0 0 0 1
0 0 2 0 0 -2 0 0 0 3 -2 -1 0 0 1 0 1 0 -3 0 0 -2 2 0 0 1 0 0 -2 1 0 0 0 0 -1 0 -1 0 0 -1 0 -2 -1 2 0 0 0 0 1 0 -2 0 -1 0 0 0 -2 1 1 -1 0 2 1 2 0 0 0 -1 -1 1 0 1 -1 0 1 -1 -1 2 -1 1 -2 0 0 1 -1 -1 -1 3 1 2 -1 1 0 0 0 0 2 0 0 1 0 -1 0 0 0 0 1 0 0 -1 0 1 0 2 1 1 1 -4 1 0 -2 1 0 0 0 0 0 1 0 0 0 2 1 0 0 0 -1 2 0 -1 1 1 1 1 0 1 1 -2 1 0 0 0 0 0 0 0 1 0 0 0 0 0 1 0 1 0 0 1 1 1 0 -1 -1 0 1 0 1 1 -1 1 0 0 -1 0 2 -1 -1 0 0 -1 2 -1 1 2 0 2 3 1 0 0 0 0 -2 0 -1 0 -1 0 1 0 2 -1 2 0 1 1 0 1 -1 1 1 1 1 0 -1 -1 1 -1 1 0 1 2 1 0 0 0 1 -2 0 0 1 2 0 0 0 -1 1 0 0 0 -1 -1 -1 -1 0 0 -1 1 1 2 -2 1 0 0 0 1 0 1 1 -1 1 -4 1 0 0 0 1 -1 0 2 1 0 1 0 2 1 1 0 0 1 0 1 0 0 -1 0 1 0 0 0 2 0 0 1 -1 1 0 -2 1 -1 0 1 1 -1 -1 0 1 0 29 2 1 -1 -2 3 0 2 1 1 0 0 0 0 -1 4 1 -1 0 0 0 -1 0 1 -1 0 1 0 0 3 3 1 0 0 -1 4 1 0 -1 0 1 0 -3 0 1 3 0 -1 0 2 -1 1 0 0 0 4 -1 -2 2 0 -1 0 2 1 0 0 1 0 -1 -1 0 -1 -2 -1 -1 0 3 3 0 1 1 0 1 0 0 0 -1 0 1 -1 0 1 2 1 0 0 -2 1 -1 0 1 1 1 0 0 0 0 1 0 0 1 -1 0 0 1 0 -1 -2 1 0 -3 0 0 -1 -1 1 1 1 0 0 -1 0 0 0 0 -1 0 0 0 -1 1 0
0 2 -1 0 0 0 3 1 0 0 0 1 0 1 0 0 -1 -1 0 1 0 -1 -1 0 0 0 2 0 -1 0 0 0 -1 -1 1 1 0 1 2 0 1 -1 1 -1 3 0 1 0 0 1 0 0 0 -1 0 0 0 0 -1 1 -1 1 -1 3 2 -2 0 0 1 0 0 0 0 1 -1 0 0 0 -1 0 0 0 -1 1 0 -2 -1 1 0 1 0 2 0 1 -1 0 -1 1 -1 1 -1 0 1 0 0 -1 1 1 0 2 -1 -1 0 0 1 0 0 0 -2 -1 0 0 0 1 0 0 -1 2 0 1 0 3 0 0 1 0 0 0 0 -1 1 1 0 1 1 2 1 -1 0 1 0 0 -1 1 -1 0 0 0 1 0 1 -1 0 1 0 0 2 0 0 1 -2 1 0 0 1 -1 1 0 1 0 0 0 1 2 0 2 0 -1 -1 -2 1 0 0 0 0 2 -1 1 0 -1 -1 -1 2 -1 1 0 0 -1 1 -1 0 2 3 1 2 -1 0 -1 0 1 0 0 0 1 0 1 -1 1 1 2 -1 2 0 0 0 3 0 0 0 1 0 -1 3 -3 1 -1 1 0 2 0 0 0 0 0 0 0 -1 0 2 -1 -1 0 1 0 0 0 -1 1 0 0 -2 -1 0 0 5 -2 0 1 0 1 1 1 0 1 1 0 -1 0 1 2 0 1 -1 -1 -1 0 0 0 0 -1 0 0 0 -2 0 0 1 -1 3 0 -1 0 0 0 -2 1 -1 1 2 26 0 0 -1 0 0 2 0 1 0 -1 1 3 -1 0 0 0 0 0 0 0 1 0 0 1 1 1 1 1 1 -1 -1 -1 0 0 2 1 0 0 0 0 0 0 1 0 -1 0 0 1 0 3 0 -1 2 0 2 0 0 0 1 0 1 0 1 1 1 0 0 -1 0 2 0 0 0 -1 0 -1 1 1 0 1 0 -1 0 -2 0 -1 0 1 0 1 0 0 1 0 0 1 1 -1 1 0 0 1 0 0 3 0 0 1 -1 -1 0 0 0 -1 0 3 0 0 0 1 1 -1 1 -1 0 0 -1 0 0 0 0 1 0 0 -1 0 0 0 0 -1
0 0 0 -1 0 0 0 -1 1 0 0 0 0 1 0 0 -1 0 -1 0 1 0 0 0 0 -1 0 2 -1 0 0 0 1 0 0 0 -1 0 -1 0 0 -1 1 -1 2 0 0 0 2 2 2 1 0 -1 0 0 0 0 0 0 -2 1 1 0 0 0 0 0 1 -2 0 0 -1 2 1 0 0 1 1 -3 1 -1 0 1 0 0 0 1 2 0 0 -1 1 -1 1 1 1 -1 -1 -1 0 0 1 3 3 0 2 2 1 0 -1 0 0 0 0 0 0 0 0 0 1 2 0 0 -2 0 -3 0 1 1 0 -1 0 -1 -1 2 -2 -1 0 0 0 1 1 0 0 0 0 0 0 1 0 -1 0 0 0 0 -2 2 0 0 1 0 2 0 2 0 0 0 0 0 2 0 -1 -1 0 1 0 -1 -1 0 0 0 2 -1 1 0 1 -1 0 -1 -1 0 0 0 -1 0 -1 0 -2 1 0 0 0 0 0 0 1 -1 -1 0 1 -1 0 0 -1 1 -1 0 0 -1 1 -1 1 1 0 -1 1 1 0 0 2 0 1 -1 -1 0 0 -1 0 0 1 1 -1 0 -1 0 -2 -1 0 2 0 -1 0 0 0 -1 0 -1 0 1 -2 1 0 0 0 0 0 -1 1 0 0 -1 0 -1 0 1 0 0 1 0 1 0 2 2 1 -1 0 -1 -2 -1 0 0 -2 -1 0 0 0 1 0 0 -1 1 0 1 -1 0 1 1 -1 0 0 0 0 0 0 0 1 0 1 0 21 -1 -1 0 0 1 0 0 1 0 3 0 1 1 1 -1 0 1 2 0 0 0 -1 0 1 2 0 1 -1 0 0 0 0 2 1 0 0 0 1 0 1 -1 0 0 1 3 0 0 1 0 0 2 1 0 -1 -1 2 -1 1 0 1 1 0 0 1 0 -1 0 0 0 0 0 0 0 0 -1 1 0 1 2 2 0 0 0 -1 1 -1 0 0 1 0 1 1 -1 -1 1 0 0 0 0 0 1 0 0 0 0 1 0 0 -2 0 -1 -1 1 1 -1 -2 0 0 0 0 0 1 2 1 -1 -1 0 0 0 0 -2 1 -1 1 0 1 0 0 0
0 -1 0 0 0 0 -1 0 0 -1 0 0 0 0 -1 0 0 0 0 1 0 0 0 0 1 1 -1 0 1 0 0 0 0 1 1 0 1 0 1 -1 -1 0 -1 1 -2 0 1 0 0 0 0 0 0 0 -1 1 0 0 0 0 0 1 0 0 0 0 0 0 0 0 0 0 0 0 0 0 0 1 0 0 -1 0 0 -1 -1 1 0 0 0 -1 0 0 0 0 1 0 0 0 0 -1 -1 -1 -1 1 0 0 1 -1 0 0 -1 0 0 0 0 0 0 0 -1 0 1 -1 0 0 -1 0 0 0 0 0 0 0 1 -1 -2 1 0 0 0 0 0 0 0 -1 0 0 0 0 -1 0 0 0 0 1 0 -1 0 0 0 2 0 0 0 0 -2 0 -1 0 0 0 0 0 0 0 0 0 -1 -1 0 0 0 0 -1 0 0 0 0 0 2 0 0 0 0 0 0 0 -1 1 0 0 0 0 0 0 0 0 1 0 -1 0 0 1 -1 0 0 -1 -1 -1 0 -1 0 0 0 0 0 0 0 -2 0 1 0 0 0 0 -1 0 0 0 0 0 -1 0 -1 0 -1 0 -1 -1 -1 0 1 0 1 0 0 0 -1 -1 0 2 2 0 0 0 1 1 0 0 0 -1 0 0 1 1 -1 1 0 1 0 -3 0 -1 -1 -2 -1 -1 -1 0 0 -1 0 0 -1 -1 -1 0 0 0 0 0 2 0 -1 -2 0 -1 1 0 1 -1 0 0 -1 0 0 -1 1 0 -1 0 -1 12 0 0 0 1 0 0 0 0 0 0 0 0 -1 1 2 0 2 -2 1 -1 0 0 1 -1 0 0 0 0 0 0 0 0 -1 0 -1 0 0 1 0 -1 -1 0 0 0 0 0 -1 2 0 0 -1 -1 -1 0 -2 0 1 0 0 1 0 1 0 0 1 0 -1 0 0 0 0 0 1 -1 -1 0 0 1 0 0 0 1 -1 0 0 0 0 2 0 -2 0 0 1 0 0 0 -1 0 0 0 1 0 -1 -1 -1 0 -1 1 0 0 0 -1 0 2 0 -1 0 0 0 0 -1 0 0 0 0 0 0 0 0 1 0 1 0 0 0 0 0 -1
0 -1 0 0 0 0 0 -2 1 0 0 0 -1 -1 3 0 -1 1 0 0 -1 0 0 1 0 1 0 0 0 0 0 0 0 0 0 0 0 0 0 0 0 1 1 0 1 0 -1 0 0 0 0 -1 -1 0 0 -1 -1 0 -1 0 -2 -1 0 -2 0 0 0 1 0 -1 0 0 0 0 -1 1 0 -1 1 1 0 0 -1 -3 0 0 1 0 0 -2 1 -1 1 -1 0 0 0 0 0 1 0 -1 0 2 0 0 0 -1 0 -1 1 -1 0 -1 -1 0 0 0 -1 0 0 0 0 0 0 -1 0 0 2 0 0 0 1 0 0 1 -2 0 1 0 0 0 0 0 0 0 -1 0 1 0 1 0 -1 1 0 0 1 0 0 0 1 0 0 0 1 0 0 0 0 -1 0 1 0 0 -1 -1 -2 -1 -1 0 1 0 0 0 0 0 0 0 0 1 0 0 1 0 0 0 0 1 0 1 0 -3 0 0 0 0 -1 0 0 1 -2 1 -1 0 -1 0 1 0 0 0 0 0 0 1 -1 0 -1 0 -2 0 -1 0 -2 0 0 0 -2 0 -1 0 0 0 0 0 0 1 0 0 0 1 0 0 0 0 -1 0 -1 0 -2 -2 0 0 0 -1 0 0 1 1 1 1 0 0 -1 0 0 -2 0 0 0 0 0 0 -3 1 0 0 1 0 -1 -1 -1 0 0 0 0 0 0 0 0 0 0 0 0 1 0 -1 0 -1 0 -1 0 -1 0 -1 0 1 0 0 -2 -1 -1 0 14 -1 0 0 0 0 -2 0 0 1 -1 -2 0 2 0 1 0 0 0 -1 0 1 0 0 -1 -2 1 1 0 0 0 0 0 0 0 0 1 0 0 0 0 0 0 0 1 -1 2 -1 0 -1 0 0 2 0 0 -1 0 0 0 -2 0 0 0 0 0 0 1 0 1 0 0 0 -1 -1 0 1 0 0 0 0 0 -1 0 -1 0 0 -1 0 0 1 0 0 0 0 0 0 -1 0 0 -1 0 1 0 1 1 -1 1 0 1 -1 0 0 1 0 1 0 0 0 1 -1 0 0 0 -1 0 0 1 0 -3 0 0 1 0 0 0 0 0 0
0 0 1 0 0 2 3 2 0 3 -1 0 1 -1 0 1 -2 0 0 1 0 0 0 0 0 0 1 0 1 1 0 0 -1 -1 -1 1 -1 3 0 0 1 0 0 1 1 0 0 1 0 1 1 1 -1 1 0 0 -1 0 1 -1 1 -1 1 0 -1 0 1 -2 0 1 0 0 1 -1 0 0 1 1 0 0 1 -1 -1 0 0 -1 0 0 2 -1 -1 1 -1 0 1 1 0 -1 0 0 2 0 0 0 3 0 1 0 0 -5 0 0 -1 -1 1 0 0 0 0 0 2 1 0 1 3 1 0 1 -1 0 1 0 1 0 0 0 -2 -2 0 -2 1 0 0 1 0 1 -1 -1 2 1 0 0 1 0 0 0 1 -1 1 -1 0 0 0 0 -1 1 -1 0 -1 -2 0 -1 0 0 0 0 0 -1 -1 2 2 0 2 0 -1 0 -1 0 0 -1 1 0 3 1 2 0 2 0 0 -3 -1 0 -1 0 0 0 -1 0 0 2 -1 0 0 0 0 1 1 0 1 2 0 0 -1 0 0 -1 0 1 0 -1 0 0 1 0 1 0 0 -1 0 -1 1 1 0 0 1 -1 0 0 1 0 -2 -1 -1 0 0 0 -2 -1 0 2 1 0 -2 0 0 1 -1 1 0 1 1 -1 0 -1 2 0 0 0 1 0 0 0 2 0 1 0 -1 -1 -1 1 1 -1 0 0 -1 0 0 1 0 1 0 1 0 3 0 1 0 0 0 -1 1 0 0 0 0 0 -1 1 3 0 0 0 -1 23 0 1 0 1 1 0 0 0 0 1 0 0 0 1 0 0 -1 1 0 1 1 0 0 2 0 -1 0 1 -1 1 0 -1 1 -1 -1 0 0 0 1 0 1 0 0 0 0 -1 0 0 0 1 0 2 0 1 -1 0 0 1 0 1 0 0 0 2 0 0 1 0 1 0 1 0 0 1 0 1 0 0 -2 1 0 1 3 0 0 0 2 0 0 1 -1 1 2 0 -1 -1 1 -1 0 -1 1 2 -2 0 -3 0 0 1 -2 -2 0 1 2 0 0 0 0 0 -1 -1 -4 0 0 -1 -2 0 1 0 0 -2 0 -1 0 -1 1 1
0 0 1 0 1 -1 0 0 0 0 0 1 -1 1 1 -1 0 0 0 0 0 0 0 1 0 0 0 0 0 0 0 1 1 0 1 0 0 0 0 1 0 1 0 0 0 0 -1 -1 -1 1 0 0 0 0 0 0 1 1 0 -1 1 -1 1 0 -1 0 0 0 0 0 0 -1 0 0 0 -1 0 1 1 0 0 0 1 -1 0 1 0 0 -1 1 0 1 0 0 0 0 0 0 -1 0 -1 0 0 0 -1 0 0 0 0 0 0 1 -1 0 0 0 0 1 0 1 0 0 0 0 -1 1 1 -1 3 -1 0 0 0 0 0 0 0 0 0 0 -1 -1 0 1 0 1 0 0 1 -1 0 0 0 0 0 0 0 0 0 0 1 2 0 0 0 1 1 0 0 0 1 0 0 1 0 0 1 0 0 -1 0 0 0 0 0 1 0 0 1 0 1 0 0 0 -1 0 -1 0 1 0 0 0 0 0 0 0 0 0 0 0 -1 1 1 -1 1 0 0 0 2 0 -2 0 0 0 0 0 0 0 -1 -1 0 0 0 1 0 0 1 0 0 0 0 1 0 1 0 1 0 0 1 0 0 1 0 -1 0 0 0 0 0 0 -1 0 -1 0 0 0 0 -1 2 0 -1 -1 1 0 1 0 0 0 0 1 0 0 0 3 1 0 0 0 0 1 0 0 0 2 0 0 0 0 0 0 1 0 0 0 -1 1 0 0 0 0 -1 0 0 0 0 -1 -1 0 0 0 0 0 0 0 12 0 -1 2 0 0 1 -1 0 0 0 -1 0 1 0 0 0 -1 1 0 0 1 0 0 0 1 1 -2 0 0 0 2 0 -1 0 0 0 -1 -1 0 1 0 0 0 -1 0 0 0 0 -1 0 0 0 0 -1 0 -1 0 1 1 1 0 1 0 0 0 0 0 0 1 0 0 0 0 0 0 0 -1 0 -1 0 0 1 -1 0 0 1 1 -1 1 0 -1 1 0 0 0 0 0 0 1 -2 0 0 0 -1 1 0 0 1 0 3 0 0 0 0 0 0 0 0 0 0 0 0 0 0 0 1 0 0 0 1 0 1 -1 1 0
-1 1 -1 1 0 1 0 1 1 1 -1 0 -1 1 0 0 -1 0 -1 -1 0 1 1 0 0 0 1 0 1 1 0 1 0 0 0 1 0 2 2 1 1 0 0 -1 0 0 0 -1 2 0 0 0 1 1 -1 -1 -1 0 1 -1 1 0 -1 0 1 1 0 -1 0 0 0 0 0 1 -1 1 0 -1 0 -2 0 -1 0 0 0 0 0 0 0 0 0 1 -2 0 -1 0 1 -1 0 -1 0 0 0 -1 0 -1 0 0 1 1 -1 0 0 0 0 0 1 -1 -2 0 0 0 1 0 1 0 0 0 0 -1 0 -1 0 1 0 0 0 -1 0 0 -1 2 0 0 0 0 0 0 0 1 0 0 1 0 0 0 1 1 0 0 0 -1 1 -1 0 0 1 0 0 1 -1 -1 1 0 2 0 -1 -1 -1 1 0 0 -1 1 0 0 -1 0 1 1 0 0 1 2 2 0 2 2 0 0 1 0 0 -1 -2 0 1 0 0 0 0 0 0 0 0 1 -1 -1 -1 -1 0 -1 0 1 1 -1 -1 0 0 -1 0 0 0 -1 -2 0 0 -1 -1 0 -1 1 0 0 0 0 0 0 -1 2 0 1 2 1 0 0 -1 0 1 0 0 0 0 0 1 0 0 0 0 -1 -1 0 1 0 0 1 1 1 0 0 1 -1 1 2 0 1 0 0 0 1 1 0 1 0 1 0 0 -1 0 0 1 2 -1 -1 0 0 0 -1 1 1 0 -1 0 -1 -1 0 1 1 2 2 1 1 0 1 0 19 -1 0 2 0 0 1 0 0 -2 -2 -1 2 0 0 1 0 0 -2 1 1 0 -1 0 0 0 0 0 1 0 1 -1 -2 -1 0 -2 -1 0 1 1 0 0 -1 0 0 0 1 0 0 0 0 1 1 1 0 0 -1 0 1 0 0 -1 0 0 1 0 -1 -2 -1 1 0 0 2 -3 0 0 1 1 0 -1 1 -1 -1 1 0 1 0 -2 1 1 -1 0 0 0 0 0 1 0 0 0 1 2 0 0 -3 0 1 -1 0 2 1 0 1 0 -1 -1 0 0 -1 1 0 0 -1 -1 0 0 1 -1 1 0 -1 0 0 1 1
0 -1 0 -1 1 1 0 0 0 0 1 0 1 0 1 1 0 0 0 -1 0 0 1 0 0 2 0 0 0 1 0 2 1 0 -1 3 0 0 1 2 0 0 -1 2 -1 -1 0 0 0 -1 -1 1 -2 0 0 0 -1 0 0 0 -1 1 1 0 1 -1 0 2 0 0 0 0 0 -1 1 0 1 0 0 0 -1 0 1 -1 0 0 0 2 0 0 1 0 0 0 0 -3 0 0 1 0 0 1 2 0 -1 1 0 1 0 1 1 0 1 0 0 0 0 -1 0 2 -1 0 -1 0 1 -1 0 -1 0 0 0 0 -1 0 1 0 -1 -1 0 0 0 0 0 0 1 0 2 0 1 0 -1 0 1 0 0 0 -1 -3 0 -1 0 1 1 0 0 0 0 1 0 0 2 2 0 0 -1 0 0 1 2 0 0 0 -1 0 1 0 0 -1 1 -1 0 0 -1 0 0 1 0 0 -1 1 0 1 0 1 2 0 1 2 1 0 1 2 -2 0 0 0 1 0 0 -2 0 -1 1 0 -1 0 0 -2 0 0 0 0 0 0 2 0 0 0 1 0 0 0 0 0 0 1 0 0 0 0 2 1 0 2 0 0 1 0 0 0 -1 2 1 0 0 2 1 0 3 -1 0 -1 1 0 0 1 2 0 1 -1 0 0 1 -1 0 0 0 -1 -2 1 0 1 0 0 0 0 1 2 0 1 0 1 0 0 0 0 1 0 1 1 0 0 0 0 0 0 0 0 1 0 0 0 0 0 -1 -1 17 0 0 1 0 0 0 2 0 1 0 -1 -1 1 0 1 0 -2 1 1 1 2 1 0 0 0 0 0 -1 0 -1 0 1 0 0 0 2 -1 0 0 0 0 0 0 0 1 -1 0 -1 -2 0 0 -1 0 0 1 -1 0 0 2 3 1 0 0 0 0 1 1 -1 0 0 0 0 0 0 1 -1 0 -2 0 0 -2 2 0 -1 0 -1 -2 -1 -1 0 0 1 -1 0 0 0 -1 0 0 0 0 0 -1 -1 0 1 0 -1 0 1 -1 0 0 0 0 1 1 -1 0 0 -1 0 0 -1 1 0 0 1 1 0 0 0 0
0 -1 0 0 1 2 1 0 0 -1 1 0 0 0 0 1 0 2 -1 0 1 0 -1 1 0 0 0 0 -2 -1 -1 1 0 1 1 0 0 -1 1 1 0 1 -1 1 1 0 0 -1 -2 2 1 0 0 0 1 0 1 0 1 -1 0 0 -1 1 0 0 0 0 1 -2 0 0 0 -1 0 0 1 0 0 0 0 -1 0 -1 0 1 0 1 -2 -1 0 0 0 0 0 3 0 0 -1 -1 -1 0 1 0 -1 -1 0 0 -1 0 0 1 0 0 -1 1 0 0 0 -1 -1 0 0 1 0 1 0 0 2 0 -1 0 0 0 -1 0 1 -1 0 0 1 1 0 0 -2 1 -1 -1 0 0 0 0 0 1 1 -1 0 0 1 0 2 1 0 0 0 1 0 -1 0 0 0 2 0 0 -1 0 1 1 -1 0 -1 0 1 0 0 0 1 0 0 -1 0 -1 0 0 0 0 -1 1 -1 -1 0 1 0 0 1 0 -1 -2 0 -1 -2 0 1 -1 0 0 0 0 1 1 0 1 0 0 0 0 1 -2 0 0 -1 0 0 0 0 1 0 0 -1 0 0 1 0 0 0 2 1 0 1 1 0 0 0 -2 0 0 0 0 0 0 0 0 -1 0 0 1 1 0 0 0 0 0 0 0 1 1 0 -1 0 0 0 -1 0 0 0 0 0 0 0 0 0 0 -1 1 0 0 0 1 0 -1 -1 0 0 -1 0 2 -1 1 1 0 -1 -1 0 0 0 0 0 0 1 1 0 0 0 1 2 0 0 15 -1 1 0 0 1 0 0 0 0 0 2 0 -3 0 1 0 0 0 0 0 0 1 2 0 0 -1 -1 1 0 1 0 0 0 0 0 0 0 0 -1 0 -1 0 1 0 0 0 0 -2 0 0 0 0 0 0 1 2 0 0 -1 0 0 -1 -1 1 -1 0 -1 0 0 0 -1 0 0 -1 0 -1 1 -1 0 -1 0 0 0 0 0 -2 -1 1 2 1 1 1 0 0 0 0 1 0 0 0 -1 0 1 1 0 0 0 0 0 -1 0 0 0 0 0 0 0 0 1 0 0 1 0 0 1 0 1 0 -1 -1 0 0
0 -1 2 -1 0 1 0 1 -1 0 0 0 0 1 0 0 2 -1 0 1 -2 0 0 -1 0 0 0 0 0 0 0 1 0 0 1 -1 1 0 0 1 -1 0 -3 0 -1 0 0 0 0 0 -1 1 0 0 0 -1 0 0 0 -2 3 0 0 0 1 0 0 0 0 0 1 0 0 0 1 1 0 1 -1 -3 0 1 0 2 -1 -1 -1 0 0 -1 0 -1 1 0 1 -2 0 -1 0 1 0 0 0 0 1 -1 0 0 1 0 0 0 0 1 2 -1 0 -1 0 0 1 0 0 1 0 0 0 1 1 0 0 -3 0 0 1 0 0 -1 -1 1 0 0 0 0 0 0 0 0 0 0 0 1 1 1 0 0 -1 0 -1 0 0 -1 2 -1 0 2 -1 3 1 0 0 0 3 0 0 2 2 0 0 0 0 0 0 0 0 0 0 0 0 1 0 0 0 0 1 1 0 0 0 -1 0 0 0 -1 0 0 0 0 0 0 1 0 3 2 0 0 1 0 0 0 0 0 0 0 0 -1 -1 0 1 -1 0 0 0 -1 1 1 0 0 0 -2 1 0 1 0 0 0 -1 0 -1 2 1 0 0 1 0 0 0 1 1 -1 0 0 -1 -1 1 0 0 1 0 0 -1 0 0 0 1 2 -1 1 0 0 0 0 -1 0 0 0 -1 0 0 0 0 0 2 1 0 0 0 0 1 -1 0 0 1 -1 1 1 0 0 0 -2 0 -1 0 0 0 -1 0 1 0 0 1 0 -2 1 0 2 0 -1 20 -1 -1 0 1 0 1 -1 0 0 0 -1 0 2 0 1 0 0 1 0 1 1 3 1 0 1 0 0 0 0 -3 0 0 1 0 0 1 0 0 0 0 1 0 0 0 0 0 0 0 2 0 1 1 0 0 0 -1 0 1 1 1 0 0 0 2 0 0 1 0 1 -1 -1 1 0 0 0 -1 2 1 -3 0 2 1 1 2 0 1 0 1 0 0 0 1 1 -2 0 1 0 1 3 0 0 -2 1 0 1 0 0 -2 1 0 0 0 0 0 0 0 2 0 -1 -1 0 0 0 0 -1 0 0 1 0 0 0
0 0 0 1 0 0 0 0 -1 0 0 0 0 0 1 1 1 -1 -1 0 0 1 0 0 0 0 0 0 1 0 0 2 0 0 1 1 0 0 1 -1 1 0 0 1 1 1 0 0 1 0 1 0 -1 0 0 1 -1 0 3 -1 1 0 0 0 0 0 0 0 -1 0 0 -1 0 0 0 1 1 0 1 2 -1 0 1 0 1 0 1 -1 -1 0 0 0 1 0 -1 0 0 2 1 -1 0 2 1 -1 2 0 0 0 -2 0 -2 1 0 -1 -1 0 0 1 1 1 0 0 1 1 1 0 0 0 0 0 1 0 -1 0 -2 1 0 1 0 0 0 0 1 0 0 -1 0 -3 0 0 0 0 1 0 1 0 -2 1 0 0 0 0 -1 0 2 1 2 -1 1 2 1 1 0 0 0 0 0 0 1 0 0 0 2 0 -1 0 1 1 0 0 0 0 0 0 0 1 0 0 1 0 -1 0 2 1 0 1 2 -1 -1 0 1 0 -2 0 0 0 1 0 0 2 0 0 2 0 0 0 0 0 0 0 0 0 0 1 0 0 1 2 0 1 0 0 0 0 0 0 2 1 0 1 -1 0 2 0 -1 1 0 0 0 1 1 0 0 -1 1 0 0 0 0 1 1 1 1 0 1 0 -2 -1 0 -1 1 2 1 1 -1 1 1 0 -1 0 0 0 1 0 1 0 1 -1 1 1 0 1 -1 0 -1 0 0 -2 0 0 0 1 0 0 0 -1 0 0 0 -1 0 0 0 0 0 0 1 1 -1 17 0 0 0 0 0 0 0 -1 1 1 -2 0 0 0 0 0 0 0 0 1 2 1 0 -1 0 0 0 0 1 0 1 2 0 1 0 1 0 0 1 0 0 0 0 0 0 0 1 0 0 -1 0 0 0 1 0 0 0 0 1 1 2 -1 1 0 1 -1 0 -1 0 -1 1 0 0 0 0 0 -1 -2 0 0 -1 0 0 0 0 0 0 1 0 0 0 1 0 0 -1 0 0 0 0 0 0 -1 1 0 0 0 -1 0 1 2 0 0 0 0 1 0 0 0 0 0 0 1 -1 0 0 1 2 0 0 0
0 2 0 -2 1 0 0 -3 -1 -1 0 0 1 0 0 -1 0 -1 -1 0 2 0 0 0 0 -2 1 1 0 0 0 0 0 0 0 1 -2 0 0 0 -1 -1 2 -2 -1 -1 0 -1 1 1 0 0 0 0 0 0 -1 0 0 0 0 0 0 0 0 1 0 -1 0 0 1 0 0 1 -1 0 1 -1 1 1 1 -1 -1 0 0 -1 0 1 1 0 1 -1 0 0 -1 0 1 0 -1 0 0 1 0 -1 0 1 0 0 0 -1 0 0 0 0 0 0 -2 1 -1 0 -1 1 -1 -1 0 -1 1 0 0 0 0 1 0 0 0 0 0 0 1 0 0 1 0 0 0 -2 0 0 0 -3 1 -1 -1 0 2 1 0 0 1 0 0 3 0 0 -2 0 0 1 1 -1 -1 0 0 -1 1 1 -1 0 0 0 0 0 0 0 0 1 0 1 1 0 1 0 1 1 0 1 2 0 -1 1 1 0 -1 0 0 0 0 0 0 0 0 1 1 0 -1 1 0 0 -1 0 1 0 -1 0 0 0 0 0 1 -1 -1 1 1 0 1 0 0 0 0 1 0 0 -1 0 0 1 -1 0 0 0 0 0 0 0 0 0 1 -1 -1 0 0 -1 -1 -1 0 -1 0 0 0 0 -1 0 0 0 1 -1 1 0 0 -1 0 0 1 0 0 0 1 0 -2 0 0 0 -1 0 2 0 1 -1 0 2 0 0 0 1 0 1 1 1 0 0 1 0 0 1 -1 1 0 -2 0 1 3 0 0 0 1 0 0 0 -1 0 19 1 0 0 0 -2 0 1 0 0 0 0 0 1 0 2 0 0 -1 1 0 0 1 -1 0 1 0 1 -1 0 0 -1 1 0 0 0 0 0 1 -1 1 0 1 0 0 -1 0 0 0 0 -1 3 1 0 -1 0 2 0 -1 0 2 0 -1 0 0 0 0 0 0 1 0 0 1 0 0 2 0 0 1 1 0 0 0 0 -1 0 0 -1 0 1 0 0 0 1 0 0 0 0 -2 0 0 0 0 0 0 0 -1 0 0 0 0 0 0 0 0 -1 -2 0 0 0 0 0 0 1 0 0 -1 0 0 0
0 0 -1 -1 -1 0 0 0 0 0 -1 0 0 1 1 0 0 0 1 0 0 1 -1 1 0 2 1 0 0 0 1 1 0 1 -1 1 1 0 -1 1 0 0 0 -1 0 1 1 1 0 0 -1 0 0 1 -1 0 0 0 -1 -1 1 -1 0 0 2 0 -1 1 2 0 -1 1 -1 3 0 0 0 0 0 0 0 0 0 0 0 1 0 1 0 -1 0 0 0 0 0 0 1 0 0 0 0 0 0 1 0 0 0 1 0 0 0 1 1 0 0 0 0 0 -1 0 1 1 0 -1 0 1 -1 0 0 1 0 1 1 1 2 1 1 0 -1 0 1 2 -1 0 -1 -2 -1 -1 0 1 2 -2 0 0 0 1 0 1 0 1 0 0 2 1 -1 0 1 1 0 0 -1 0 0 2 0 0 2 -2 0 0 0 1 -1 0 0 0 -1 0 -1 -1 0 -1 0 0 -1 1 -1 0 0 0 0 1 1 0 0 0 -1 -1 0 -1 -1 0 0 0 1 0 4 1 -1 2 1 -1 1 1 0 0 0 -2 1 2 0 1 0 2 1 2 0 1 0 0 0 1 0 0 1 -1 -1 1 0 2 0 -1 0 -2 0 -1 -1 0 1 0 1 0 1 -1 -1 2 1 1 1 0 0 0 -1 0 2 0 1 -1 -1 0 2 0 0 -1 2 0 0 0 0 1 -2 2 0 0 2 0 0 1 1 0 0 1 0 0 2 -1 0 -1 1 0 0 1 0 0 0 1 1 1 0 3 0 0 1 0 -1 1 0 0 0 0 1 21 0 0 0 0 0 2 0 0 2 1 1 2 2 2 1 1 0 -1 0 1 0 1 0 -1 -1 1 2 2 1 1 0 -2 0 -1 1 0 0 1 0 1 -1 0 0 0 2 2 1 0 0 -1 0 1 -1 1 0 0 -1 1 2 0 1 0 1 -1 1 0 0 1 0 -1 1 0 1 0 1 0 1 0 0 0 0 0 0 0 2 0 -1 1 -1 0 1 1 1 -1 1 0 1 0 0 0 0 1 1 0 0 1 -1 -1 1 1 -1 0 0 -1 0 -1 0 1 0 0 0 0 -1 1 1 0 -1 -1
0 -1 0 -1 -1 -1 1 0 0 1 1 0 -1 0 0 0 0 2 -2 0 1 0 0 0 0 0 0 1 0 0 -1 0 0 -2 1 -1 1 0 0 0 0 0 0 -1 0 -1 0 1 0 -2 0 0 0 0 0 0 1 0 1 0 0 -1 1 -1 2 0 0 0 -2 0 0 0 0 0 0 0 0 0 0 -3 0 0 0 -2 1 1 1 -2 0 0 1 0 0 2 1 0 0 0 0 0 0 1 0 0 2 0 1 0 0 1 0 0 -1 1 -1 1 0 -1 0 0 0 0 0 0 1 -2 1 -1 1 1 2 -1 0 0 0 -1 -1 -1 0 1 -1 1 3 0 1 -1 0 0 -1 1 0 0 0 -1 -1 1 0 0 1 0 0 0 0 1 0 0 1 -1 0 1 1 -1 0 0 0 0 0 -1 -1 -1 -2 0 0 -1 0 1 0 -1 -2 0 0 0 0 0 1 1 0 0 1 0 1 0 0 -1 1 0 -1 1 1 0 2 -2 0 1 -1 1 1 0 0 0 0 0 0 0 1 0 0 0 0 0 -2 0 1 0 2 0 0 0 -1 -3 -1 0 -1 -1 0 1 -1 0 0 -1 0 0 0 0 0 0 0 0 -1 0 0 0 0 0 1 -1 0 0 1 0 1 0 2 0 0 1 1 1 1 0 -1 0 -1 0 0 1 -1 0 0 -1 0 1 0 0 1 0 0 0 0 0 -1 -1 -1 0 0 1 0 1 0 0 1 0 -1 0 -1 1 -1 -1 -1 -1 1 0 -1 0 0 0 0 1 1 0 0 0 18 0 1 0 0 0 0 -1 0 1 0 0 0 0 -1 -1 1 -1 0 -1 -1 0 0 0 1 1 0 0 1 -1 -1 0 1 -1 1 0 0 1 0 0 0 -1 1 1 1 0 1 0 0 0 0 1 0 -1 0 -1 0 -1 -1 -1 1 2 -1 0 0 0 1 0 0 -1 0 1 0 -1 0 0 0 0 0 1 0 0 -1 1 1 0 0 0 0 0 0 0 1 2 -1 0 -1 1 -2 -1 1 0 0 0 -3 0 1 0 1 -1 0 -1 0 -1 2 0 -1 0 0 0 0 -1 1 0 0 0 0 0
1 1 -1 0 1 1 0 -1 0 0 0 0 0 0 0 -1 0 -1 0 1 1 0 1 0 1 1 0 0 -1 0 0 -1 0 -1 0 1 0 0 0 1 0 0 0 -3 -1 0 1 0 0 0 0 -2 1 0 1 0 0 2 0 1 0 1 2 1 3 -2 0 0 1 0 0 0 0 -2 0 -2 0 2 -1 2 0 0 0 0 2 0 1 0 1 4 2 -1 -1 0 0 0 0 0 0 0 -1 0 1 -1 0 -1 1 1 0 0 0 3 0 -1 -1 0 0 0 0 1 0 0 0 0 0 0 0 0 3 0 0 -2 0 1 0 0 -2 -1 0 1 0 0 0 1 0 1 2 0 2 0 0 0 2 0 0 1 0 1 2 0 0 0 0 0 -1 3 -1 3 1 0 1 -2 1 -1 0 0 0 1 -1 1 -2 0 1 -1 0 -1 0 -1 0 -1 -1 0 0 0 0 0 1 0 0 0 1 1 0 0 0 0 0 0 -1 0 -1 0 0 0 3 4 -1 0 2 1 0 0 0 0 0 0 1 1 3 0 4 0 0 1 2 0 2 0 0 -2 1 0 0 0 0 0 0 1 0 1 1 0 0 0 1 0 1 -1 -1 -1 -2 0 0 0 0 0 0 0 2 -1 -1 -1 0 1 0 2 0 -1 -1 -1 -1 0 1 0 0 0 0 -2 1 1 1 0 -1 0 0 0 0 -1 -1 3 0 0 0 -1 0 2 0 -1 -2 0 -1 0 0 0 0 0 0 0 4 0 1 0 -2 1 0 0 2 0 0 0 0 0 0 23 0 1 -2 -1 2 0 0 0 0 0 0 -1 0 3 0 0 1 0 1 0 0 -1 -1 0 1 0 0 -1 0 0 -1 0 0 0 0 1 0 0 0 3 0 0 0 1 1 0 0 -1 1 0 0 0 0 1 0 1 -3 -1 1 -1 2 0 1 2 0 1 0 1 0 1 -1 1 2 -1 -1 0 -2 -1 -1 0 -1 1 0 0 1 -1 -1 0 -1 1 0 1 3 -1 0 0 -1 1 1 0 2 0 1 0 -1 1 1 -1 0 1 0 1 0 0 0 0 0 0 1 0 0 1 0 0 0 0
0 0 1 1 1 0 0 0 0 0 0 0 1 0 0 0 0 2 0 0 -1 0 0 -1 1 1 0 0 0 0 0 0 0 0 0 0 0 0 0 0 0 0 -1 1 0 1 0 0 -1 0 0 0 0 0 0 0 1 1 0 4 0 0 1 0 1 -1 0 0 -1 1 -1 0 0 0 0 2 0 0 0 2 -1 1 0 -1 0 0 0 0 1 -1 0 0 1 0 0 0 0 0 0 1 1 0 0 0 0 0 0 0 0 -1 0 0 0 0 1 0 0 0 1 0 0 2 1 0 0 0 1 0 2 -1 0 1 0 0 1 0 0 0 -1 0 0 0 0 1 0 1 0 0 1 0 0 0 0 0 1 0 0 0 0 0 0 1 0 0 1 1 0 0 0 0 0 0 0 0 -1 2 0 1 0 -1 0 0 0 0 0 0 0 -1 0 2 0 1 1 1 0 1 1 1 0 0 0 -1 1 0 1 0 0 0 0 0 1 1 1 0 0 0 2 0 0 1 1 0 0 -1 0 1 0 0 1 0 0 0 1 0 1 0 0 -1 0 1 0 -1 0 0 0 0 0 0 0 0 0 0 0 0 0 1 0 0 1 -2 -1 0 0 0 1 0 0 1 0 0 0 0 0 0 0 1 1 -1 0 0 0 1 0 2 0 0 1 1 0 0 -1 0 0 1 0 1 0 0 0 0 1 0 1 0 0 0 0 0 1 0 0 0 1 1 0 1 0 0 1 0 1 -1 0 0 0 -2 0 0 1 0 0 0 1 0 10 -2 2 0 0 1 -1 -1 0 1 0 2 0 0 0 0 0 1 0 1 1 0 0 0 0 0 0 1 0 0 0 0 1 1 0 2 0 -1 1 1 0 -1 1 0 -1 -1 0 1 0 0 0 1 -1 -1 1 0 0 0 0 1 2 2 1 0 1 1 0 0 -1 0 1 0 -1 1 0 0 0 0 1 0 -1 0 0 0 1 0 0 0 0 0 1 0 0 0 0 -1 0 1 1 0 0 -1 -1 0 0 0 0 0 0 0 1 0 0 0 0 0 1 1 1 -1 0 1 -1 0 0 0
-1 1 1 0 0 0 0 0 1 0 0 -1 1 -2 0 0 0 -2 0 0 0 1 1 0 0 0 1 0 1 0 0 0 2 0 0 -1 1 1 0 0 0 0 0 0 0 0 0 0 1 -1 0 1 0 0 -1 -1 0 0 0 0 2 0 1 -1 0 0 0 1 0 -1 3 0 -1 -1 0 0 0 1 0 1 -3 1 1 0 0 -1 0 1 2 -1 0 0 0 -1 0 0 -1 -1 0 -1 2 0 0 0 0 -1 1 -1 0 0 0 0 -1 0 1 0 -1 -1 0 1 1 -1 0 0 0 0 0 -1 1 1 0 1 1 -1 -1 2 0 1 0 0 0 1 1 0 -1 1 1 -1 0 1 -1 -3 0 0 -1 1 1 0 1 -1 0 0 0 1 -1 1 0 1 1 1 0 0 -1 0 -1 -3 0 -1 0 1 0 0 -1 0 0 -1 0 -1 0 -1 -2 0 0 0 -1 0 -1 0 1 0 0 1 -1 0 0 0 1 0 1 0 -1 0 -1 -1 0 0 0 2 0 0 0 0 0 2 0 -1 1 0 0 2 0 0 0 0 0 0 0 0 0 -1 0 0 0 1 0 -2 -1 0 0 -1 1 -2 -1 1 -1 0 -2 0 0 -1 0 1 0 0 0 0 1 0 0 1 0 1 -1 0 -1 -2 1 1 0 0 0 0 0 -2 0 1 1 -1 -1 0 0 0 2 1 -2 0 0 1 0 1 1 0 -1 -1 0 -1 0 -1 1 -1 -1 -1 1 -1 0 -1 0 1 -1 0 -1 1 2 0 -1 -2 1 0 -1 0 -2 0 0 1 -2 23 1 0 0 -1 1 0 0 -1 0 -2 0 0 0 0 2 -1 0 1 0 0 0 1 2 -1 -1 0 0 1 0 0 1 -1 2 -1 -1 0 0 2 1 -1 -1 0 0 -1 1 0 -2 0 -1 -1 3 1 1 0 -1 0 1 1 1 -2 0 -1 -1 0 0 -2 1 0 0 1 0 0 0 0 1 1 1 -1 1 1 -1 -1 1 -1 0 0 0 -2 -2 1 3 -1 2 1 -2 0 1 2 -1 0 2 0 -1 2 1 0 0 -1 2 0 1 1 -1 0 -1 0 1 0 0 0 0 0 0 0
-2 0 0 -1 1 0 0 0 0 0 0 0 0 0 -1 0 0 1 0 1 0 0 0 0 1 1 0 0 1 -1 0 0 0 0 0 0 1 0 0 0 0 0 0 2 -1 0 0 0 -1 0 -1 0 0 0 -1 -1 -1 1 0 0 0 0 0 0 -1 -1 0 0 0 0 1 0 0 1 1 0 -1 -1 0 1 0 3 0 1 -1 0 0 -1 -1 -2 0 0 0 1 0 0 0 -1 0 1 2 0 -1 0 0 -1 0 -1 0 -1 0 0 0 -1 -1 0 0 0 0 1 0 0 0 0 0 0 2 0 0 -1 0 1 0 1 -1 0 1 1 0 0 0 -1 1 -1 -1 1 0 0 -1 0 0 -1 0 0 0 -1 -1 0 0 -1 0 2 -1 -1 0 0 -1 0 0 0 0 0 0 0 -1 0 0 0 0 0 0 0 0 2 0 0 0 1 1 0 0 1 0 0 0 0 -2 0 0 -1 0 0 0 0 1 0 0 0 1 -1 1 0 1 0 -2 -1 1 0 -1 0 0 0 0 0 0 0 0 0 0 0 0 -1 0 0 0 0 0 0 0 0 0 -1 0 0 -1 0 -1 0 0 1 -1 0 0 0 0 0 0 4 1 -1 0 0 0 0 1 0 0 1 0 0 0 0 -1 0 0 0 1 1 0 -1 1 0 -1 0 -1 -1 0 0 0 0 -1 0 0 0 0 1 0 1 1 0 -1 0 1 -1 -1 0 -1 -1 2 0 0 0 0 1 0 0 0 0 0 0 0 2 0 0 0 -1 0 0 0 0 0 0 0 -2 2 1 13 1 0 0 0 0 0 -1 0 2 0 0 0 -1 0 0 0 1 0 1 0 1 0 0 0 0 0 1 0 0 0 1 0 1 0 0 1 0 0 -2 0 1 0 -1 0 0 -1 0 0 1 0 -1 0 0 0 1 0 2 0 1 0 1 1 0 0 0 -1 0 0 0 0 -1 0 1 2 0 1 0 0 0 0 -1 0 0 0 0 1 0 0 -1 0 0 1 0 0 1 -1 0 0 1 0 0 0 0 0 0 -1 1 1 -1 0 1 0 1 0 0 1 1 1 2 -1 0 0 0
0 0 -1 -1 0 1 0 -2 0 0 0 -1 0 1 0 1 -1 1 1 2 1 0 -1 0 -1 1 0 0 0 0 0 -1 1 0 -1 1 0 1 -1 0 1 0 0 0 0 1 2 1 0 1 0 0 0 0 -2 1 -1 0 0 1 1 -1 -1 0 0 0 -1 0 0 3 3 1 -2 0 1 0 -1 1 1 0 0 -1 1 3 0 0 -1 0 2 0 1 -2 1 0 0 1 0 -1 0 0 -1 0 0 0 0 0 1 -1 0 1 -1 -2 0 -1 -2 0 -1 -2 0 0 0 0 0 -1 0 -1 -1 0 0 0 -1 0 0 -2 0 0 0 -1 -1 1 -1 0 0 -2 0 -1 -1 0 2 -1 1 0 3 0 0 0 0 -1 0 1 0 0 1 0 -1 0 -3 0 2 0 -1 0 -1 0 -1 2 0 0 2 -1 2 -1 2 0 1 2 -2 1 1 0 1 0 0 0 2 0 -1 1 1 0 0 0 0 -1 0 0 1 0 0 0 0 0 0 0 0 1 0 0 0 1 0 0 0 1 0 -2 -1 0 1 0 0 -1 0 0 1 0 0 -1 1 -3 0 0 -1 0 2 0 2 -2 -3 0 0 0 0 0 -1 -2 -2 0 -1 -2 -1 0 -1 -2 -1 0 0 0 0 0 0 -1 -1 0 -1 1 1 1 -1 -1 0 -1 -1 0 0 0 0 1 1 0 2 -1 0 0 1 -1 0 2 -1 0 -1 0 -1 -1 0 -1 -1 0 2 -1 2 -1 0 1 0 0 0 -1 0 0 1 0 1 1 1 2 -1 0 0 -1 1 2 0 -1 0 0 1 26 1 1 0 -1 0 -1 0 0 0 -3 2 0 1 0 -1 1 0 2 2 1 0 0 0 0 1 2 0 1 0 0 2 -2 0 1 -1 0 0 0 -1 0 -1 -1 1 2 0 0 0 0 1 1 -1 0 1 -1 2 0 0 0 -1 2 -1 -1 0 -2 0 -2 0 0 -1 0 1 1 0 1 0 -1 0 0 0 0 -2 0 0 0 0 1 -1 1 0 1 0 2 1 0 1 1 1 0 1 0 0 -1 -1 1 1 -1 0 0 -1 0 0 0 1 0 2 -1 1 0 0 -1 -1 0
-1 0 -1 -1 0 1 -1 -1 0 -1 2 0 0 -1 0 1 -2 2 -2 1 2 -3 0 1 0 0 -1 0 1 1 -2 -1 0 2 0 1 0 -1 -1 1 0 -1 -1 1 0 2 1 -2 0 1 0 1 2 0 -1 2 -2 0 1 0 1 0 -1 0 2 -1 -1 0 3 0 0 1 0 0 1 1 0 0 2 -1 0 0 -1 -1 -2 -1 0 0 -4 0 0 0 0 -1 0 1 0 -1 0 0 2 0 0 0 1 -1 1 -1 -2 0 -1 0 1 0 -2 -1 0 0 0 0 2 0 0 0 0 0 -1 0 1 0 0 -2 0 0 -1 4 0 -1 0 0 2 0 1 -1 0 1 0 -2 0 -2 0 -1 -1 1 0 -1 -3 1 2 1 1 -1 0 0 2 0 1 1 0 -1 0 1 -1 -1 0 -1 -1 0 -2 -1 -1 0 3 0 0 0 2 0 0 -1 0 1 0 -1 1 1 -1 1 -1 -1 0 0 -1 0 2 0 1 0 0 0 -1 1 -2 0 0 1 0 0 0 2 0 0 -1 0 -1 0 2 -2 0 0 1 -1 0 0 1 0 -1 0 -3 -1 -1 -1 0 1 -2 3 -2 0 0 1 -1 0 1 0 1 0 0 0 -1 0 0 0 1 0 1 2 0 -1 -1 -1 0 2 -1 0 0 0 0 -1 1 0 0 1 2 0 0 -3 -1 0 -2 0 2 0 0 1 0 0 0 -1 1 0 -1 0 -1 1 0 1 0 0 0 1 0 0 0 0 1 0 -1 0 0 0 2 2 0 0 0 0 -1 2 0 1 0 0 0 2 0 0 0 1 26 0 0 1 0 1 1 1 0 -1 0 0 0 0 0 -1 1 0 1 0 -1 1 1 -2 -1 -1 0 1 1 -1 1 -1 2 -1 -1 0 1 1 0 1 1 0 0 0 0 0 1 1 0 -2 0 -1 0 -1 0 0 -1 0 -1 2 1 -1 0 0 0 0 0 0 2 1 0 5 -1 -1 2 0 0 1 0 2 -1 0 -1 0 0 0 -1 0 5 1 0 0 0 -1 -1 0 0 0 0 -1 -1 -1 1 0 -1 2 0 -1 0 0 0 0 2 -1 1 1 -1 0 -2 0 -2 0
0 -1 -1 0 0 0 0 0 -2 1 1 -2 0 0 0 0 0 1 0 0 0 0 0 0 -1 0 -1 1 0 0 0 1 -1 1 0 1 -1 1 0 0 0 -1 0 -2 1 0 2 0 0 -1 0 0 1 0 0 -1 0 0 0 0 2 0 -1 0 -2 1 0 -1 0 0 1 -1 1 1 0 3 2 -1 0 0 -1 0 -1 -3 1 0 0 -1 0 0 -1 0 0 0 -1 -1 0 1 0 0 0 -1 1 0 -2 -1 0 0 0 1 0 1 0 -1 -1 0 1 1 0 0 1 0 0 1 1 0 0 0 0 0 0 -1 0 -1 4 -3 1 0 -1 -1 1 0 0 0 0 0 0 0 2 0 0 0 2 -1 1 1 0 -1 1 0 0 -1 -3 0 1 -1 0 1 2 1 0 0 0 0 -1 1 -1 -1 0 0 0 0 0 0 -1 0 0 0 0 0 0 0 0 0 2 0 0 0 0 -1 0 0 1 0 0 0 0 0 1 1 1 1 0 -1 -1 3 -1 0 0 -1 -1 1 -1 0 1 1 -1 1 0 0 0 2 1 0 -1 -1 0 0 -1 1 1 0 0 0 0 0 0 0 0 0 1 1 0 0 -1 0 0 0 1 -2 -1 0 -2 -1 -1 -3 1 0 -1 -3 1 0 0 0 0 2 0 0 -1 -1 -2 0 1 1 0 2 0 1 -1 0 0 -1 0 0 0 0 1 1 0 0 0 0 1 1 0 0 0 -2 1 0 0 0 0 0 0 0 -1 -1 -1 0 0 -2 0 0 0 0 1 0 -1 1 0 0 -1 0 1 -1 0 1 0 23 -1 1 0 -1 1 -1 0 -2 1 3 0 0 -1 -1 0 2 0 0 -1 -1 0 -1 -1 1 -2 0 -2 -1 0 0 0 0 1 -1 0 0 1 1 0 0 -1 1 2 0 0 0 0 1 0 0 0 0 0 -1 0 1 1 1 0 -1 0 1 0 -1 2 0 0 -1 1 -1 0 1 1 0 -2 -1 0 1 0 1 0 0 0 -1 0 0 0 0 0 -1 2 0 0 2 1 -1 1 1 0 0 0 0 0 -2 1 -2 0 1 1 -1 0 0 0 0 0 0 1 0 1 0
1 0 -2 -1 0 -1 -1 1 0 0 1 0 -2 0 -1 -1 0 1 0 0 0 0 0 1 0 1 1 0 0 0 2 -1 0 0 0 0 1 0 -1 0 0 0 0 -1 -1 1 0 -1 1 -1 0 -1 1 0 0 -1 0 0 -1 -1 0 1 0 0 1 0 -1 0 2 0 0 0 0 1 -1 0 0 0 1 2 0 1 -1 0 0 0 0 0 0 -1 1 1 1 1 1 0 0 0 0 0 0 -1 1 2 1 0 0 0 1 1 3 0 0 1 0 -1 0 0 -1 0 0 -1 0 -2 0 0 0 1 0 0 0 1 0 0 -1 0 0 0 0 0 0 0 0 1 1 -2 1 1 0 0 0 0 1 0 0 0 0 1 -1 1 -1 -1 0 -1 -1 0 1 0 1 0 -2 0 0 0 0 0 -1 0 1 0 -1 0 -1 1 0 0 -1 0 0 0 0 0 1 0 1 0 0 -2 0 1 0 0 -1 0 0 0 0 0 0 -1 0 0 0 0 0 -1 1 0 0 -1 0 -1 0 0 0 0 0 0 0 1 1 0 -1 0 0 1 0 -1 0 0 0 0 0 0 0 0 -1 0 0 -1 0 1 0 0 0 0 0 -1 0 1 -2 -1 0 1 -1 1 0 1 -1 0 0 -1 1 1 0 -1 0 1 0 -1 -1 -3 0 0 0 0 0 0 0 -1 0 2 1 0 0 -1 0 0 0 -1 -1 0 0 -1 -2 0 -1 1 1 0 0 0 -1 1 -1 0 1 0 0 1 0 1 0 -1 0 1 0 -3 0 -2 0 2 0 0 -1 1 0 0 0 -1 20 0 0 1 0 -1 0 -2 0 1 1 0 0 0 0 1 0 -2 1 2 0 1 0 0 0 0 0 0 1 2 0 0 1 -1 0 0 -1 0 0 1 0 -1 0 0 0 0 1 1 -1 1 0 -1 0 0 -1 0 -1 0 2 0 0 1 0 2 0 0 0 2 0 0 -1 0 0 0 0 0 -2 1 0 -1 -1 0 0 -1 -2 0 0 1 0 3 1 -1 0 0 1 1 0 0 0 0 1 0 0 0 0 -1 0 0 0 1 0 1 0 -1 0 2 1 0 0 0
1 1 0 -1 1 -1 2 0 0 0 0 0 0 0 1 1 1 0 -1 0 1 0 0 -1 -1 0 1 0 0 0 0 2 -1 -3 0 0 0 0 0 2 -1 0 0 0 0 1 0 1 0 0 0 0 -1 0 1 0 -1 0 0 -3 1 0 0 1 0 0 0 0 2 0 1 0 1 0 0 -1 0 1 -1 -1 -1 1 1 0 0 -1 0 1 1 0 0 1 0 -1 2 -1 -1 0 0 0 0 2 0 1 0 1 1 2 0 0 0 2 1 -1 1 0 0 -1 0 0 0 -1 -2 1 1 1 0 0 -2 -1 0 0 0 0 1 1 0 0 -2 1 1 0 0 0 0 0 0 0 -1 0 0 1 0 1 1 1 0 -1 -1 0 0 2 1 0 0 0 -1 1 0 0 -1 0 1 0 1 1 -1 1 0 0 0 -1 0 1 0 0 0 0 -1 -1 1 0 -1 0 1 0 1 1 0 1 0 0 -2 0 0 0 0 0 1 0 0 -1 0 1 1 0 1 2 0 0 1 0 0 0 0 0 0 0 0 0 0 0 1 0 0 0 0 0 -1 -1 0 0 1 0 0 0 -1 0 0 0 0 0 0 1 -1 0 0 2 0 -1 0 0 0 0 0 0 1 -1 1 0 1 0 -1 0 -1 0 -1 0 0 -1 0 0 0 0 -2 0 3 0 -1 1 0 0 0 -1 1 0 0 1 1 1 0 0 1 1 1 0 0 1 0 0 -1 0 -1 0 0 0 0 1 1 0 0 -1 -1 1 -1 0 1 0 2 0 0 1 1 0 -1 0 0 -1 1 1 0 17 0 0 1 1 -1 1 -1 -1 1 1 0 1 0 0 0 1 0 -1 1 -1 -1 0 0 0 0 0 0 -1 0 0 0 -1 2 1 2 0 0 1 0 0 0 0 -2 0 1 0 1 0 -1 0 1 1 -1 1 -1 1 1 0 1 0 0 1 -1 -1 0 -1 0 1 0 0 0 -1 -1 0 0 1 1 0 0 0 -1 0 0 0 0 0 0 0 -1 -1 0 1 1 -1 0 -1 0 0 0 0 0 1 0 1 0 0 -2 1 1 0 0 0 0 0 0 1 0 -1
0 -1 0 0 1 1 0 0 -2 -1 0 0 0 0 1 2 0 0 1 -1 0 0 -1 0 0 0 -1 0 0 1 0 0 -1 0 0 0 1 0 -1 0 0 0 0 0 -1 0 0 -1 -1 0 0 0 2 0 0 0 0 0 0 1 0 -1 0 0 -1 0 -1 0 0 -1 -1 0 0 1 0 0 0 0 0 0 1 1 -1 0 0 -1 1 1 0 0 1 1 0 -1 0 0 -1 0 0 0 0 -1 0 1 0 -1 1 -1 0 0 0 0 0 0 0 0 0 -1 0 0 1 0 1 0 0 1 0 0 1 0 0 0 0 0 -1 1 -2 0 0 0 -1 0 -2 1 0 0 -1 -1 0 0 1 1 -1 0 0 0 0 1 0 0 0 -1 0 1 0 0 0 0 0 -1 0 0 0 1 0 0 2 0 2 0 3 0 0 0 1 -1 0 0 2 0 0 0 0 -1 0 0 -1 -1 0 0 0 1 1 -1 0 -2 0 -2 0 2 0 1 0 -1 -2 0 1 0 1 0 0 0 -1 0 0 0 1 1 1 0 0 1 1 0 0 0 0 3 1 0 -1 1 0 0 0 0 0 0 1 1 0 0 0 0 0 1 2 0 0 0 0 0 -1 -1 0 0 0 -1 -1 0 0 1 1 0 -1 0 1 0 -2 0 1 -1 1 -1 1 0 0 0 0 0 0 0 0 0 0 0 0 0 1 0 -1 -1 -1 0 0 1 0 0 0 0 1 0 0 0 1 0 0 0 -1 0 -1 0 0 0 1 0 0 1 0 0 0 1 0 0 0 0 0 0 0 0 0 0 12 0 2 0 0 -1 1 0 2 0 1 -1 0 0 0 1 1 0 0 0 0 2 0 0 -1 0 0 1 0 0 1 0 0 0 0 1 0 0 -2 0 0 0 0 0 1 0 0 2 -1 0 0 -1 0 0 0 -1 0 1 0 1 0 0 0 0 1 -2 0 0 1 -1 -1 1 1 0 0 0 0 0 0 0 1 0 1 0 0 0 -2 0 0 2 0 0 0 0 0 0 -2 -1 -1 0 -1 0 -1 0 1 0 -1 0 -1 0 0 -1 0 0 -1 0 0 0
1 0 -1 -2 0 1 0 0 0 1 0 1 0 1 2 -1 -1 -1 0 0 -1 0 0 2 0 1 0 0 0 1 -1 0 -1 0 2 1 1 0 -3 1 0 0 0 1 -1 4 0 0 0 0 1 0 1 -1 0 -1 0 0 -1 0 -1 0 0 -2 0 -1 0 -1 -1 0 -1 0 0 0 -2 1 0 0 1 2 -1 -2 -2 0 0 -1 1 0 -1 0 -2 0 2 0 0 2 0 1 0 1 0 -2 0 2 0 0 2 1 2 -1 0 -1 1 -1 0 0 0 -1 1 0 -1 0 0 0 -1 2 1 -1 1 -1 -1 0 1 0 -1 0 0 0 0 0 0 0 1 0 -1 0 0 0 0 0 2 0 1 1 0 1 1 -1 0 0 1 0 -2 1 0 0 1 0 -1 0 -1 -1 0 0 0 0 0 1 0 0 0 0 -1 0 -1 1 0 0 0 0 -1 0 2 0 -1 1 0 -1 -1 3 1 1 1 1 0 0 -2 0 -1 0 0 2 0 0 1 -2 2 2 1 3 1 0 0 -1 0 0 0 2 -1 0 0 1 -2 0 2 0 0 4 0 -1 0 2 2 3 0 0 1 0 0 0 0 0 0 0 0 0 0 0 2 1 -1 -1 0 1 0 0 -1 0 2 0 -1 -1 0 0 1 -1 -2 -1 0 0 0 -1 -1 0 1 1 0 1 0 0 0 -1 0 0 0 0 0 -1 0 0 1 -1 -1 0 0 0 -1 0 0 0 0 2 0 2 -1 0 0 -1 0 1 0 0 1 1 0 -2 -2 0 1 0 1 2 0 0 1 -1 -1 -1 1 -1 1 0 0 26 -3 0 0 1 0 1 -1 -1 0 0 1 0 1 0 1 0 2 1 -1 -1 0 -1 1 0 0 0 2 0 1 0 0 2 0 0 1 0 0 -2 -1 -2 1 -1 1 -2 -1 1 0 -1 -1 0 0 0 1 0 0 1 0 0 1 -1 2 0 1 0 1 2 -1 0 1 1 -1 0 1 0 0 0 2 0 0 0 1 -1 -1 0 0 1 0 0 0 0 1 1 0 -1 -1 1 0 0 0 0 -1 0 1 0 1 0 -1 -1 0 0 0 -1 0 0 -1 0
-1 -1 3 -1 0 0 0 0 -2 -2 0 0 0 1 -1 4 2 0 0 1 0 -1 0 1 0 1 0 0 0 1 0 -1 0 1 1 1 3 0 0 1 -1 0 0 1 1 1 0 0 1 0 -1 -1 1 0 -1 0 2 -1 0 -1 1 2 1 1 1 1 0 -1 1 1 1 0 2 2 1 -1 1 1 0 0 0 1 0 1 0 0 1 2 1 -1 -1 0 -1 -1 0 0 0 0 1 0 1 -3 0 0 0 2 0 0 -1 0 -1 2 -2 1 0 2 0 0 0 0 2 0 2 1 0 -1 -1 1 0 0 2 0 1 1 0 1 1 0 -1 0 3 0 1 0 -1 0 -2 0 0 -1 -1 -1 -2 -1 1 2 -1 2 -1 1 -1 0 1 0 -1 2 0 1 0 0 1 1 0 3 1 1 2 0 -1 1 0 0 0 1 1 1 0 -2 0 0 1 0 0 0 2 0 -1 0 -1 1 0 0 0 0 1 1 1 2 1 2 1 -1 0 0 1 -1 0 -3 -2 0 0 0 0 1 0 0 2 -2 0 0 0 0 1 1 0 2 0 1 1 0 0 0 -1 0 0 1 -2 0 0 0 1 0 0 1 0 0 0 1 -1 0 0 2 1 1 -1 0 0 -1 -1 -1 0 0 0 0 1 -1 1 0 0 0 1 3 1 -1 1 1 1 0 0 -1 0 1 -1 -1 -1 0 -2 3 1 1 1 1 -1 1 2 0 1 1 2 1 0 1 1 0 3 0 0 0 1 1 1 1 0 1 0 1 1 0 0 0 0 2 0 0 0 0 0 0 1 1 0 1 2 -3 26 0 1 0 0 0 -3 -1 0 1 0 -1 -1 -1 0 -1 -2 0 1 0 0 0 -1 0 0 -1 0 0 0 0 0 0 1 2 0 -1 0 -1 -1 0 2 0 0 0 0 0 0 0 1 0 1 1 0 -2 1 0 0 -1 1 0 1 1 -1 1 0 0 4 0 -3 -1 0 1 -1 0 0 0 -2 0 2 1 1 1 0 1 1 -2 0 0 -1 2 0 -1 0 1 0 0 1 0 1 1 1 1 0 -1 -1 -1 1 2 2 0 1 1 -1 0 2 0
0 0 -1 0 3 1 0 -1 1 -1 0 1 0 0 -1 0 0 1 0 -1 -1 1 0 1 0 0 1 0 -1 0 -1 2 -1 0 0 0 -1 0 0 0 0 0 0 2 0 0 0 1 0 2 0 0 0 1 2 0 -1 -1 0 0 0 0 2 0 1 -1 0 -1 0 2 0 0 -1 2 0 1 3 -1 0 1 -1 0 1 -1 -3 -1 0 1 0 0 0 -2 0 1 1 2 1 -2 -2 0 1 3 0 0 0 1 0 1 0 0 0 0 0 0 0 3 1 0 0 2 2 2 0 0 1 0 0 0 0 -1 0 1 0 -1 0 -1 -1 -1 1 1 1 -1 0 0 1 1 0 1 0 -1 0 0 1 1 1 0 0 1 -2 0 0 2 1 -1 2 0 -1 0 -2 0 1 0 1 0 0 0 0 -1 0 0 0 0 1 -1 1 0 -1 0 -2 0 -1 0 0 0 0 0 1 0 0 1 1 -2 2 1 0 0 -1 0 0 0 0 -1 0 0 0 0 2 -1 1 1 2 0 1 0 -1 0 -1 -1 -1 1 0 1 0 0 0 1 0 0 0 -1 1 0 0 -1 0 0 0 -1 -1 0 -1 0 1 -2 0 0 -2 1 2 -2 0 -1 0 1 0 0 0 0 -1 0 -1 2 0 1 0 0 1 1 0 -1 2 0 0 2 -1 1 1 1 -2 1 0 1 0 -1 0 1 0 1 1 1 1 1 1 0 0 0 1 -1 0 1 0 -1 0 0 0 0 2 2 0 1 2 -1 0 0 1 1 1 0 0 0 2 2 0 -1 2 -2 2 0 1 -1 -1 1 0 0 0 26 0 0 1 1 -1 0 0 0 0 0 0 1 0 0 3 -2 -1 0 1 0 3 0 0 2 0 1 1 0 1 -1 1 0 0 0 -1 0 0 1 0 1 0 -2 0 -2 1 2 1 -2 0 -1 1 1 0 0 0 0 1 -3 0 1 1 0 0 2 1 -1 1 -1 -1 -1 1 0 0 0 0 1 1 0 0 0 2 0 -2 0 -1 1 0 1 1 2 1 0 1 0 1 0 0 1 2 0 0 0 1 -1 0 0 0 1 0 3 -1 0 -1 -1
1 0 0 0 0 0 0 1 0 1 0 0 0 0 0 0 0 0 1 1 1 0 0 0 0 -1 -2 0 0 1 0 1 -2 0 0 0 0 0 0 0 0 -1 -1 1 0 -1 1 0 0 0 0 -1 0 0 -1 1 0 0 1 1 0 1 0 0 0 0 -1 0 0 0 0 0 0 0 0 -1 0 1 -1 0 1 0 0 2 -1 0 -1 0 -1 0 0 1 1 0 0 -1 0 -1 1 0 0 1 0 -1 0 0 -1 -1 0 1 0 -1 0 0 0 0 0 1 0 0 -1 0 1 0 0 1 -1 0 -1 -1 0 0 1 0 1 0 0 -1 1 0 1 0 0 0 0 0 0 0 -1 0 1 1 0 0 1 0 0 1 0 -1 -1 -2 0 0 -1 -1 -1 0 1 0 -1 -1 1 0 0 1 0 -1 0 -1 0 0 0 1 0 1 0 0 0 0 0 0 0 0 0 1 0 0 -1 0 -1 0 0 0 0 0 0 0 0 0 0 0 0 1 0 -1 1 2 0 1 -1 0 -1 0 0 0 0 0 0 -1 0 0 0 0 0 1 0 0 0 0 0 0 0 0 0 0 0 0 0 1 2 0 0 0 -1 0 0 0 2 1 1 2 0 0 -1 0 -1 0 -1 0 1 0 0 0 0 0 0 1 -1 1 1 1 1 1 0 -1 -1 0 1 1 1 0 1 0 1 0 0 -1 0 1 0 0 0 0 1 0 1 0 0 2 1 0 1 1 0 0 -1 0 0 1 0 0 -1 0 0 0 1 0 1 0 0 1 -1 0 0 0 0 0 0 0 0 -1 0 0 1 0 12 0 0 -3 0 -1 0 0 1 0 0 0 0 0 0 0 0 0 0 0 0 -1 0 -2 0 1 0 0 0 0 -2 0 0 1 0 1 0 0 1 1 0 0 0 -1 0 0 -1 0 0 -2 0 0 -1 1 0 1 0 0 -1 1 -1 0 2 0 -1 -1 2 0 0 0 0 0 0 0 0 0 0 0 1 -3 1 0 2 0 0 0 0 1 0 0 0 0 0 0 1 -1 0 -3 1 -1 0 0 0 0 0 1 2 1 -1 1 0 0 0 2
0 0 1 1 0 -1 0 0 -1 0 0 2 1 1 -1 0 0 0 0 -1 1 0 0 0 0 0 0 0 1 0 1 1 -1 1 -1 0 0 1 0 0 -1 0 -1 0 1 0 -1 0 0 0 0 -1 0 -1 -1 0 1 -1 1 0 -1 2 0 1 0 1 -1 0 1 0 2 0 -1 -1 0 0 -2 1 -1 0 0 2 0 -3 1 -1 0 2 0 0 0 0 0 -1 -1 -1 2 1 0 -1 2 0 1 -1 0 1 2 1 0 0 0 -1 1 1 3 -1 0 -2 0 0 0 2 0 0 -1 0 1 0 0 0 0 0 -2 0 3 0 0 -1 -2 -1 0 0 1 -1 0 1 0 0 1 -1 0 0 -2 1 0 2 0 -1 -1 0 0 1 0 0 0 1 0 0 0 -1 0 -2 -1 0 0 0 0 0 2 1 1 0 -2 0 1 0 0 0 1 0 0 -2 0 1 0 0 1 1 1 1 0 0 -1 1 1 0 1 0 0 1 0 0 -1 -1 1 0 2 0 0 -1 1 1 0 0 -2 0 1 0 2 2 0 1 0 1 1 1 0 -1 -1 -2 1 0 -1 0 0 -1 1 0 0 1 0 0 0 2 0 0 0 0 -1 0 1 0 2 0 0 2 3 1 0 1 1 0 1 0 0 0 0 0 2 0 -1 -1 -2 -1 0 2 0 -1 -2 1 -1 0 0 0 -1 1 0 1 0 0 0 0 1 -1 0 0 1 -1 -1 0 1 0 0 1 0 0 0 0 3 1 1 0 -2 2 0 -1 2 0 0 0 0 1 -1 3 0 0 0 -3 -1 -2 -2 1 -1 1 0 0 0 26 -1 0 -1 0 1 -1 -2 -2 -2 0 2 -1 0 1 1 -2 1 1 0 0 -1 -1 0 0 -1 1 0 1 0 0 0 0 0 0 0 0 -1 0 -1 2 1 -1 0 2 1 1 1 1 1 0 -1 2 0 0 0 0 0 0 0 0 -1 2 0 0 0 0 0 -1 0 0 1 -3 0 1 0 1 1 -1 0 0 1 0 -1 -1 -1 -1 1 2 1 0 -1 1 0 1 0 0 1 1 -1 0 -2 0 -1 0 0 0 1 -2 0 0 0 -2
1 -1 0 -1 0 0 0 -1 0 -1 1 1 -1 0 2 0 -1 0 1 0 -1 -1 0 1 1 1 1 0 1 -2 0 -1 -1 0 0 0 0 -1 -1 -1 0 1 -1 1 -1 -1 0 1 0 0 0 0 -1 -2 1 0 0 1 2 -2 0 2 0 -1 2 0 0 0 1 1 0 1 1 -1 1 0 0 0 0 0 0 1 0 -1 -1 -2 0 1 0 1 1 -1 -1 -2 0 0 0 0 -1 0 0 -1 0 0 -1 1 0 -1 0 0 -1 0 0 0 1 -1 -2 -2 0 1 0 1 0 0 1 1 0 0 0 0 1 0 0 0 -2 1 0 0 0 0 0 -1 1 0 1 0 0 0 0 0 1 -1 1 1 0 0 -1 -1 1 1 0 0 0 0 0 0 0 0 0 0 0 0 0 0 2 -1 0 -1 -1 -1 0 1 0 0 1 0 0 0 1 1 1 -1 1 0 0 2 0 0 0 0 0 1 1 -1 0 0 0 1 1 -1 0 2 1 0 1 1 1 0 0 -1 -1 0 0 1 0 0 0 1 1 -1 0 1 0 0 0 0 1 0 0 -2 1 -1 0 0 0 0 0 0 0 0 0 0 0 -1 0 -1 1 0 0 1 0 1 1 -1 0 0 0 1 1 0 0 -1 1 -2 0 0 0 0 0 0 2 0 0 0 0 -1 0 1 0 1 0 0 0 0 0 0 0 0 1 -1 0 1 3 1 -1 0 0 -3 0 1 0 -1 -1 -1 1 0 0 -3 3 1 -1 0 1 0 0 0 1 0 1 0 -1 0 1 0 0 0 0 2 0 1 0 -1 1 0 0 1 0 -1 20 0 0 1 -1 0 0 1 0 1 0 -3 0 0 0 0 -1 1 0 0 0 1 0 -1 0 0 0 1 0 0 0 0 1 1 -1 1 -1 0 0 0 -1 0 -1 0 1 1 -2 0 0 0 0 -2 -1 0 -1 -1 0 0 0 0 0 0 1 1 1 0 -1 2 1 -2 -2 0 0 1 0 0 0 0 0 -1 0 1 -1 0 0 1 -1 -1 -1 0 0 0 0 1 0 0 -1 0 -1 0 0 2 -2 -1 0 0 -1 1 0 0 0 -1
-1 0 1 0 0 0 0 0 0 -1 0 0 0 -1 0 0 0 0 -1 0 -1 1 0 0 0 2 1 1 0 0 0 2 2 0 0 1 0 -1 1 2 0 0 1 0 0 2 -2 0 1 -1 -1 1 0 0 0 0 0 0 1 -1 1 -3 -1 -1 0 -1 -1 1 1 1 0 1 0 0 -1 1 -1 -1 1 0 -1 -1 0 -3 1 1 1 0 -1 0 0 0 0 1 2 0 1 0 1 -1 0 0 0 0 -2 1 0 1 0 2 1 2 0 2 0 1 0 1 0 -1 1 0 0 0 0 1 3 2 0 -1 0 1 0 1 0 -1 -1 2 3 0 0 1 0 0 0 0 1 0 1 0 -1 -1 0 0 -1 0 1 0 -2 -1 0 1 0 1 0 1 0 -2 0 0 1 -1 0 0 0 1 -1 1 -1 0 0 1 0 1 -1 -1 0 1 0 0 0 0 0 0 0 0 2 0 2 -1 0 0 0 0 -1 0 0 0 0 0 -2 -1 2 0 -1 1 -2 -1 2 -1 2 0 2 0 -2 0 1 -2 -1 0 0 2 0 1 0 -2 1 1 0 -1 0 1 2 1 0 1 1 1 1 0 -2 0 0 1 0 1 1 -1 1 -1 -1 0 1 0 1 0 2 1 0 -2 0 0 0 0 -1 0 -1 0 1 1 -1 0 0 -2 0 4 0 1 -1 0 0 0 0 1 -1 -1 0 0 -1 0 0 0 1 1 0 0 0 0 0 0 -1 0 -1 1 0 0 1 -1 1 -1 0 0 1 -1 1 0 0 1 1 1 1 -1 -1 0 0 0 -1 0 0 3 1 -1 0 1 0 1 -3 0 0 23 0 0 0 -1 0 1 0 0 0 -2 0 -1 0 0 -1 0 0 1 -1 1 0 0 0 0 -1 -1 2 -1 0 0 0 -2 0 1 -2 0 0 0 -1 0 2 -1 1 0 0 3 0 1 1 -2 1 -1 0 0 0 0 1 1 -2 2 0 0 2 0 0 0 2 -1 0 0 0 0 0 1 0 -1 2 0 1 2 0 1 -1 -1 1 1 0 0 -1 0 -1 0 0 3 0 0 1 1 -1 0 1 1 0 -1 2 -1 0 0 1 0
0 0 0 0 2 0 0 0 -1 1 -1 0 0 -2 0 0 -2 0 -1 0 0 0 -1 -1 0 0 -1 0 0 0 1 1 1 0 0 0 1 0 0 0 0 -1 0 1 -1 -2 0 -1 -1 0 0 0 -1 0 2 1 1 0 0 1 3 0 1 0 -1 0 0 0 0 0 1 0 0 1 0 1 0 1 1 1 0 3 0 2 0 -1 -2 -1 2 -3 0 0 0 -1 0 0 0 0 0 -1 1 1 0 0 0 -2 0 -1 0 1 0 1 2 0 0 0 0 -1 0 0 0 0 0 1 0 0 1 1 2 1 0 0 -1 0 0 -1 0 1 1 0 -1 0 0 0 0 0 0 -1 2 1 0 0 0 0 -1 -1 0 -1 0 0 0 0 0 0 -1 3 0 1 3 2 -1 0 1 0 0 0 0 0 2 0 1 0 0 0 0 0 1 1 2 0 0 0 1 0 0 0 0 0 1 -2 -1 2 -1 0 0 0 0 -2 0 0 0 1 0 -1 0 0 0 0 1 1 0 0 0 2 0 -1 -1 0 2 0 1 -1 0 -2 0 1 0 0 0 0 0 -1 -1 1 0 0 1 0 1 1 0 0 2 0 -1 -1 0 1 -1 -1 0 1 -1 -2 2 0 1 2 0 0 1 1 1 0 0 1 0 0 -1 -1 0 0 -1 0 0 0 -1 -1 -1 0 0 0 0 0 0 0 -1 1 -1 -2 0 1 0 0 -1 1 1 -1 0 0 0 -1 0 0 2 -1 0 0 0 -1 0 0 0 0 1 0 0 2 3 2 0 0 0 1 0 2 0 1 0 0 1 1 2 -1 -3 -1 0 -1 0 0 19 1 0 1 0 3 0 2 1 0 0 1 0 2 -3 0 0 0 1 0 0 0 0 0 0 0 0 0 0 1 0 0 0 2 -2 0 0 0 1 1 0 0 -1 -2 0 0 -1 0 0 1 1 1 1 0 -1 -1 2 -3 -1 1 1 0 0 1 0 0 0 0 0 3 1 2 0 0 -1 0 1 -1 -1 1 -2 0 2 0 0 -1 0 0 1 1 -1 1 0 0 3 0 -1 0 1 0 0 1 0 -2 1 2 4 0 0 0
-2 0 0 1 0 -1 1 0 -1 1 0 2 0 1 1 -1 0 1 0 1 0 0 1 -1 1 -1 0 1 0 0 0 1 -2 0 1 0 -1 0 -1 0 0 0 0 0 1 1 0 2 0 0 0 0 -2 0 1 0 1 -1 -1 3 2 1 0 0 1 0 0 0 3 1 0 -1 0 -1 0 0 0 0 1 2 0 0 0 0 -1 1 0 0 0 0 0 1 1 1 2 1 0 0 0 1 1 1 -1 0 0 -1 0 0 1 -1 -1 1 -1 0 -1 0 0 1 1 0 0 2 -1 0 0 0 1 0 0 0 0 0 -2 1 -1 1 0 -1 0 1 -1 0 -2 1 -1 0 0 -1 2 1 0 -1 0 -1 1 0 1 0 -1 2 0 1 0 0 0 -1 0 1 2 0 -2 0 0 1 0 3 -1 0 1 2 0 2 0 0 -1 1 0 0 0 0 1 0 1 1 0 1 1 1 0 0 -2 0 2 0 0 0 1 0 -1 1 -2 2 1 2 0 0 -1 1 0 0 0 0 1 0 -1 0 2 1 1 1 -2 1 0 0 0 -1 -1 -1 0 3 0 -1 0 0 0 0 0 0 -1 1 -2 0 3 1 0 0 0 1 0 0 0 -2 0 0 0 2 0 1 0 0 0 0 0 0 0 0 0 1 0 -1 0 1 0 1 -1 0 1 0 -1 0 0 0 0 1 -2 0 0 1 1 1 1 0 0 1 0 2 0 -3 0 -1 1 0 0 0 -1 0 0 1 0 -1 0 0 0 1 -2 0 0 0 1 1 0 1 -1 0 1 -1 0 0 0 0 0 1 0 -1 -1 0 -1 0 1 0 1 23 0 1 -1 0 1 1 -1 1 1 0 1 -1 1 0 0 0 0 -1 0 0 0 -1 0 0 0 0 0 -1 3 2 0 1 -2 0 1 0 1 2 0 0 0 1 2 0 0 -1 -1 0 -1 1 2 0 1 0 -1 0 1 0 0 0 0 2 0 1 0 0 0 0 1 0 0 1 0 0 0 0 0 0 0 2 0 -1 -1 0 0 2 0 -3 0 0 0 0 2 0 0 2 1 1 2 1 1 1 2 -1 -1 1 0 0
0 1 0 0 0 1 0 -2 0 -1 0 0 0 -1 0 0 1 -1 2 0 1 0 2 0 0 1 1 0 0 1 3 0 0 0 0 0 -1 1 0 0 -4 0 0 0 0 0 1 0 0 0 0 0 2 0 -1 2 -1 0 0 0 0 0 0 0 0 0 0 0 0 -2 0 0 0 -1 0 0 0 0 0 0 0 2 -1 1 -1 0 0 0 1 0 0 0 -1 0 0 0 -1 0 0 0 0 0 0 -1 -1 0 0 0 0 0 0 -1 0 0 0 0 0 0 -1 0 -1 0 -2 0 0 -1 1 -2 0 0 -2 -1 0 0 0 1 2 0 0 0 0 0 1 0 0 0 0 0 0 -1 -1 0 -2 1 1 0 -1 0 0 1 0 0 0 0 0 -1 0 0 1 0 0 0 1 -1 0 0 -2 1 1 0 1 0 0 0 0 -2 0 0 0 -1 2 2 0 -1 0 0 0 3 0 0 0 0 -1 0 -1 0 0 3 1 0 1 -1 1 0 0 -1 0 0 0 1 0 0 0 1 0 0 0 1 0 0 1 0 1 0 -1 0 0 1 0 0 2 0 0 0 -1 1 0 0 0 0 0 0 0 0 1 0 0 0 0 0 -1 0 0 0 0 0 -1 2 1 0 -1 0 0 1 -1 0 0 0 0 2 0 -1 -1 0 1 0 1 -2 0 0 0 1 0 0 0 0 0 0 0 0 0 1 0 -1 0 0 0 0 0 1 0 0 0 0 -2 0 0 0 -1 0 0 0 0 -1 0 0 0 0 0 0 1 0 -1 1 0 0 0 -1 0 -1 0 0 1 0 0 0 0 1 -1 0 0 0 18 2 0 0 -2 0 2 0 -1 0 0 0 0 1 0 2 0 0 0 0 0 1 0 0 0 0 0 0 -1 1 0 1 0 0 -1 1 3 1 0 0 0 0 1 1 0 0 -1 1 0 1 -1 -1 0 -1 1 0 0 0 -1 -1 0 0 0 0 0 0 1 0 0 -1 0 3 0 0 -1 0 -2 0 0 0 1 -1 0 0 0 0 2 0 0 0 0 -1 -1 0 0 0 -1 0 -1 0 0 1 0 0 -1 0 0 0
-1 0 -1 0 0 0 1 -1 2 1 -1 0 0 1 0 1 2 0 0 0 0 -1 1 0 0 0 1 0 2 1 1 -1 1 -1 0 0 1 0 0 1 0 -2 1 1 -2 1 0 2 1 1 -1 0 0 1 -1 -2 0 2 -2 -2 0 -2 1 1 -1 0 2 1 0 1 1 1 0 0 0 0 -1 3 0 -2 1 -1 -1 3 0 0 -2 0 -1 0 0 -1 0 -1 0 0 -1 -1 1 1 -2 0 0 0 -1 -1 0 0 2 1 0 0 0 0 1 -1 1 0 2 0 1 1 0 0 0 1 0 0 0 0 -1 -1 1 1 2 0 0 0 -1 -1 1 0 0 0 -1 1 0 1 2 0 0 -1 1 0 0 0 0 -1 1 0 0 0 -1 0 1 0 -1 3 0 0 0 0 -1 0 -1 0 1 1 0 1 0 -1 -1 0 0 0 1 0 0 0 2 0 0 1 1 -1 0 -1 1 0 0 1 0 0 -1 0 0 0 0 0 -1 -2 0 0 0 2 1 0 -1 -1 0 0 0 1 1 0 0 0 -1 0 -2 1 1 0 -1 -2 -1 -2 0 1 0 1 2 0 0 0 1 0 -1 0 -1 1 -1 0 0 2 0 1 1 -1 0 -1 -1 0 0 -1 1 1 1 0 1 0 -1 1 -2 -1 0 2 -1 -1 3 0 1 0 2 -1 0 0 -2 0 -1 1 1 0 0 0 0 1 -1 -1 2 0 -1 1 -2 0 0 0 0 -1 0 0 0 -1 0 0 1 0 4 0 2 0 0 1 0 1 0 -1 1 -1 -1 1 0 0 1 1 1 1 -1 -1 0 1 -1 0 1 0 0 -1 0 -1 1 1 2 24 0 1 -1 1 3 1 -2 1 0 3 -1 -1 1 1 -2 0 0 0 -1 0 -1 -1 0 0 1 0 3 1 -1 0 0 0 0 1 0 0 0 0 1 1 2 0 0 -1 -1 1 1 0 0 0 0 0 -2 0 1 0 0 0 1 -1 -2 0 2 -1 0 0 0 0 0 0 -1 1 -1 -1 3 -1 -1 -1 0 0 1 0 0 0 3 0 1 0 1 0 1 0 -1 0 2 0 1 1 1 0 -1 -2 1 0 0 2
1 1 0 -2 0 1 0 0 0 0 1 -1 0 0 1 0 0 0 0 0 0 -1 0 1 0 0 0 1 0 0 0 0 0 0 -2 -1 0 2 -1 -1 0 -1 -1 0 0 2 0 0 1 0 1 -2 0 -1 0 0 -2 0 0 -1 -1 0 0 1 0 1 0 -2 -1 1 -1 0 0 1 0 1 -1 0 0 1 0 1 -1 4 0 -1 0 0 2 0 1 0 0 -1 0 3 0 0 0 0 2 0 0 1 0 1 1 -1 0 0 -1 0 -1 0 0 -1 -1 1 1 0 -1 0 0 0 0 1 -1 1 2 -1 0 1 -1 1 2 0 0 0 0 -1 0 0 1 2 1 0 0 0 0 2 0 0 0 -1 -1 -1 -1 -1 0 -1 0 -3 0 0 0 -1 1 0 0 0 1 0 1 0 -1 0 -1 2 -1 -1 0 -1 -1 0 0 0 0 0 -2 0 -2 1 0 1 0 2 -1 0 -1 0 0 0 1 -3 0 0 -2 -1 0 0 1 0 -1 2 0 0 0 2 0 1 0 0 -1 0 0 0 0 3 0 -1 1 1 0 0 0 0 0 -2 1 0 -1 -1 0 -1 0 0 0 0 0 0 -2 0 0 -1 0 0 1 1 0 0 -2 1 0 0 0 0 0 0 -1 1 0 0 -2 0 0 0 0 -1 0 1 0 1 2 -1 0 0 1 0 0 -1 0 -1 1 -1 2 2 0 0 0 1 1 1 0 0 0 0 0 1 0 2 0 0 1 0 0 0 1 0 1 2 1 -1 0 0 0 0 -1 -1 0 0 0 0 0 0 1 0 0 0 1 0 0 0 0 1 0 0 1 -2 0 0 0 -1 0 0 18 0 -1 0 1 0 1 0 -1 0 -1 0 0 0 1 1 0 0 0 0 -1 1 0 0 -1 0 0 -1 -1 -2 0 -1 -1 -1 -1 0 0 0 0 0 1 0 0 0 -1 0 1 1 0 0 -1 0 1 0 -1 -2 -1 1 1 0 0 0 0 0 1 0 -1 2 -1 0 0 0 4 2 1 0 0 0 -2 1 0 0 0 0 0 0 0 0 1 0 1 0 0 0 0 0 0 0 0 -1 0 0 0 1 0 -2
1 0 0 0 0 0 0 -1 2 0 0 1 1 1 1 1 -1 -1 0 0 0 1 0 2 0 2 0 -1 -1 -2 0 0 2 2 0 0 -1 1 0 0 0 0 0 -1 1 0 1 -1 -1 1 0 0 -1 -1 1 0 -1 0 0 0 2 0 0 -1 -2 -1 1 0 0 0 0 1 0 1 -1 1 -1 1 1 -1 0 0 0 1 0 -1 0 -1 1 0 -2 1 0 1 0 0 0 -1 0 0 0 0 1 0 -1 -1 0 0 0 0 0 -1 0 1 0 1 0 1 1 -1 -4 0 0 1 -1 0 0 0 1 0 0 -2 1 1 0 1 0 -1 0 -1 0 1 3 0 0 0 1 1 2 0 -1 0 2 0 0 0 -1 -2 0 0 1 0 -1 0 1 0 0 1 -1 -1 0 2 0 -2 2 0 -2 -2 0 0 0 1 1 1 0 2 0 0 1 0 1 0 1 0 1 0 1 0 1 0 0 0 1 0 0 0 0 -1 -1 -1 0 1 3 -1 -1 0 0 1 0 0 0 0 0 1 -1 0 1 0 0 1 0 0 0 0 0 0 0 -1 0 2 0 -1 0 0 0 0 1 -1 0 1 0 0 0 -2 1 0 -1 1 0 0 -1 0 -1 0 0 -1 -1 1 0 -1 0 1 0 0 0 -1 0 0 -1 0 0 -1 0 1 -1 1 1 0 0 0 0 0 0 -1 1 -1 0 3 0 0 -1 1 0 -1 -3 1 -1 0 0 0 0 0 0 0 -1 0 1 -1 0 1 0 0 0 -1 2 1 0 1 0 0 1 -1 0 -1 0 0 1 2 0 2 1 0 0 0 -1 0 0 -2 1 1 3 0 0 1 0 18 0 1 0 0 1 -1 1 0 -1 0 1 0 1 0 1 -1 0 -1 0 0 1 -1 1 0 -1 -1 2 0 1 0 0 0 1 0 0 1 0 1 -1 0 0 1 0 0 0 0 0 0 0 0 0 -1 1 0 0 3 2 0 0 0 0 0 0 0 0 0 -1 0 -1 0 0 -1 -1 2 0 0 2 -1 2 0 0 0 0 -1 0 -1 1 1 1 -1 0 1 2 1 0 0 0 0 1 1 1 0 0 0
-1 0 0 1 0 0 -1 0 -1 0 0 0 0 -1 0 0 -1 -1 -1 1 -1 1 1 1 0 0 0 0 1 0 -1 0 0 0 0 0 0 0 -2 0 0 0 0 0 1 -1 0 0 0 0 0 1 -1 0 0 0 1 -2 0 0 0 0 0 -2 0 0 1 0 0 1 0 1 0 0 0 0 1 0 2 -1 -1 0 0 -1 0 0 0 0 -1 0 0 0 0 2 -1 -1 -2 0 0 0 0 0 1 0 1 -1 1 -2 1 0 0 0 0 0 -2 -1 -1 1 0 0 -1 -2 -1 0 -1 0 1 0 0 0 0 1 0 -3 -2 -2 -1 -1 0 1 0 0 0 0 -1 -1 0 0 -1 -1 0 2 1 -1 0 1 0 -1 0 -1 1 1 1 0 0 0 0 -2 1 0 -1 0 0 0 0 0 1 -1 -1 0 -1 -2 0 0 0 0 0 0 0 0 -1 -1 1 0 0 1 0 -1 0 0 2 0 0 -1 1 0 0 1 -2 0 -2 0 -3 0 0 0 0 -1 1 0 0 0 1 -1 0 0 -2 1 0 0 1 0 0 0 1 0 0 -2 -1 1 1 0 2 0 1 -1 -1 0 -1 0 0 -1 -1 0 0 -1 1 0 0 0 -1 0 0 -2 1 -1 0 0 1 1 0 0 0 0 2 -2 0 0 0 0 0 0 -3 0 1 1 -1 1 0 0 0 0 -1 0 -1 1 0 0 0 0 0 0 -1 1 0 0 0 -1 0 0 0 0 0 0 0 0 -2 -1 -1 0 0 -1 0 1 0 -1 -1 0 0 0 0 -1 1 -1 0 0 0 2 1 0 0 0 0 1 -1 0 0 -2 0 0 0 1 -2 -1 -1 0 19 0 0 0 1 0 -1 0 0 -1 1 0 0 0 0 -1 0 -1 0 0 -1 0 0 0 1 0 0 0 0 0 0 -1 0 0 -1 0 0 0 -1 0 0 0 1 0 0 1 0 1 2 0 0 1 0 1 1 0 0 0 0 -1 0 0 0 0 0 0 1 -1 0 -1 0 -1 -1 0 0 0 -1 0 0 0 0 0 1 0 -1 0 -1 0 0 0 0 0 0 1 0 -1 0 0 0 1 -1 0 -1 0
-1 0 1 1 0 -1 1 -1 0 0 -1 -1 0 1 1 -1 2 1 -1 2 0 1 -1 0 0 0 -1 0 -1 0 0 0 1 0 0 2 -1 0 1 1 -1 1 0 -1 0 0 0 0 -1 1 0 0 -1 1 0 0 -1 0 -1 1 0 0 0 1 -1 0 0 1 1 1 0 1 0 2 0 1 1 1 0 0 0 0 0 3 -1 -1 0 -2 0 0 0 -1 1 -1 2 0 0 0 0 1 2 1 1 0 0 1 1 1 1 -2 0 0 2 0 0 0 0 0 1 2 -1 0 0 0 1 1 0 1 0 1 -1 3 -1 0 0 -1 -1 -1 1 1 0 1 -1 0 1 -2 0 0 1 0 0 1 0 0 1 1 0 1 2 0 0 1 0 0 0 -1 -2 0 1 1 0 0 0 2 0 0 0 1 0 0 1 0 0 0 2 1 0 0 3 -1 1 0 0 -1 0 2 0 -1 2 0 1 0 1 0 0 0 0 2 -1 0 0 -2 0 -1 2 -1 0 1 0 0 0 0 -1 2 2 0 2 0 -2 0 0 1 2 0 0 0 0 0 0 1 1 0 -1 0 1 0 1 -1 0 1 0 0 1 1 0 0 0 2 0 -1 0 1 0 0 1 1 1 1 0 -1 0 0 1 -2 0 1 0 0 -1 1 1 0 0 0 0 0 0 0 -1 0 1 1 0 -1 1 -1 0 1 0 0 -1 0 0 1 1 0 2 1 -2 -1 2 0 -1 2 2 1 0 0 0 0 0 0 0 -1 -1 -2 0 1 0 0 1 1 1 0 0 1 1 1 0 0 -2 1 1 0 -1 1 0 0 1 0 2 1 0 1 0 1 0 25 1 2 1 -1 0 2 0 0 1 0 0 -2 1 -1 -1 -3 1 0 1 0 2 2 0 0 1 1 -1 0 0 1 1 -1 0 0 2 -1 0 0 -1 0 1 1 0 1 3 0 0 -1 0 0 0 1 -1 0 1 2 -2 -2 0 0 1 2 0 1 1 0 2 0 0 -1 0 0 0 0 0 0 0 -2 1 0 -1 -1 0 0 -1 -1 1 -1 1 2 1 0 0 -1 0 -1 0 0 1 0 0 0
0 0 -1 0 0 0 -1 1 2 -1 0 1 0 -1 -1 1 1 0 0 0 1 2 2 0 0 0 -1 1 0 0 1 0 -1 0 0 2 0 0 0 1 -1 0 0 1 1 1 1 0 0 1 0 0 0 -1 0 0 0 0 0 0 0 0 2 0 0 0 0 0 0 0 0 1 0 1 0 1 -2 0 0 0 -1 0 0 0 1 -2 0 0 1 0 1 -1 0 1 -1 1 1 0 -1 -1 0 1 0 0 0 0 0 -1 0 1 -1 0 -1 0 0 -2 0 1 -1 1 0 -1 0 0 0 0 -2 -1 0 -1 -1 0 2 2 2 0 -2 0 0 1 -1 0 -1 0 -1 -1 1 0 -1 1 -1 0 1 1 0 0 1 0 0 0 -1 -1 0 1 1 0 0 0 -1 1 0 0 -1 0 -2 0 0 -1 0 -1 2 0 0 0 0 0 0 0 0 -1 0 0 0 0 -2 0 -1 0 0 0 1 -1 0 0 -1 0 1 -1 0 0 -1 0 0 0 0 1 1 0 0 0 0 0 2 0 0 0 0 1 0 1 0 1 0 0 0 0 1 0 0 0 0 0 -1 0 0 0 -1 0 -1 -1 1 0 0 -2 0 0 1 0 -1 0 0 1 0 0 -1 0 1 0 1 -1 0 -1 -2 1 0 0 2 -1 0 -1 1 0 -1 1 2 0 0 -1 1 -1 -1 0 0 -1 -1 0 0 0 0 1 0 1 0 0 0 0 0 1 0 0 1 0 0 0 0 1 2 1 1 0 1 0 1 -1 0 -1 1 0 -3 1 -1 2 0 1 0 2 0 0 -1 -1 1 0 1 1 0 0 0 2 0 0 1 -1 2 3 1 0 0 1 18 -2 -1 2 1 1 0 -1 0 0 -1 1 0 0 0 0 1 0 0 0 0 0 1 0 0 1 -1 1 0 0 0 0 -1 1 1 0 0 0 1 1 0 0 0 -1 0 0 0 0 0 0 0 0 0 0 0 0 -1 2 2 -1 1 0 0 1 -1 2 1 -1 1 -1 0 0 0 0 0 0 0 0 2 0 1 0 -1 0 0 1 1 0 0 -1 0 0 0 -1 0 -1 1 -1 1 0 0 -2
0 -1 -2 2 0 0 0 0 -1 0 0 -1 0 0 0 -1 0 2 1 2 -1 -1 0 0 -1 1 -1 1 1 0 0 1 1 1 1 1 1 0 0 1 0 -2 -1 2 0 1 0 -1 0 -1 0 0 0 2 0 0 -1 0 -2 0 -1 1 0 0 0 0 -1 1 1 0 0 1 -1 2 0 -1 0 1 0 1 1 1 0 -2 1 1 1 -1 0 0 0 2 2 2 2 0 -1 0 -1 0 -1 1 0 1 1 -1 -1 0 -2 0 0 1 0 -1 -1 0 2 0 -1 1 0 0 0 1 1 0 0 0 0 0 0 -2 0 0 0 0 0 0 0 1 -2 0 -1 0 0 -1 1 3 0 0 0 0 -1 0 -1 -1 0 0 0 -2 0 1 2 -1 1 -1 -1 -1 1 -1 0 0 0 -2 -2 0 0 -1 1 1 0 0 -1 -1 0 0 -1 0 2 0 1 1 -1 0 1 0 -1 -2 0 0 -1 0 1 -1 0 -1 -2 0 0 1 -1 -2 0 1 0 0 3 0 -1 0 -3 -1 0 0 1 -2 0 0 -5 0 0 -2 -3 1 0 0 0 0 -1 1 0 0 0 0 0 -1 0 -1 0 0 -3 0 0 1 0 0 -1 0 -1 -1 1 -1 -1 0 -2 1 0 0 0 0 1 0 -2 0 1 -1 2 1 -1 2 1 0 0 -1 0 -2 0 0 0 -2 0 3 -1 0 1 0 1 -1 0 1 -2 0 -1 -1 0 -1 1 -1 1 1 0 -2 -1 0 0 -1 1 -2 0 0 0 1 0 0 0 0 0 0 0 0 0 2 0 0 0 -1 0 0 1 -1 2 -1 0 0 -1 0 0 -1 -3 -2 0 1 0 1 0 0 0 2 -2 27 0 1 0 0 0 0 0 0 0 0 1 0 0 0 0 0 0 -1 0 0 0 1 0 0 0 0 0 1 0 -1 0 1 1 0 1 0 -1 0 0 0 -1 0 -1 0 0 0 0 -1 3 1 0 -1 1 0 2 -2 1 0 0 0 -3 -1 0 -1 0 -1 1 0 0 -1 1 0 0 0 0 2 -2 0 -2 0 1 -1 0 0 -1 0 0 1 0 0 0 0 0 -3 3 1 2 0 -1 0
1 0 1 0 -1 1 2 1 0 -1 2 1 0 0 0 0 -3 0 0 0 0 2 0 0 0 1 0 -1 0 -1 -1 1 -1 0 0 0 -1 -1 0 0 1 0 0 -1 0 1 0 -1 0 0 0 1 0 -1 1 -1 0 -1 0 1 -1 -1 -1 1 0 1 -1 0 0 2 -1 0 0 0 0 1 2 1 0 0 0 -1 0 0 0 -1 2 0 -2 0 0 -1 0 0 1 1 0 0 -1 1 -1 1 2 0 0 1 1 1 0 1 0 1 -2 0 1 0 1 1 1 0 1 -1 -2 0 1 1 0 0 1 -1 1 0 -1 1 0 0 0 0 0 -1 0 -1 1 0 0 -2 0 0 0 0 0 1 0 0 0 0 -1 0 -1 0 0 0 -1 0 1 -1 0 0 0 0 0 0 0 0 0 0 0 0 -1 0 -1 0 -1 0 0 -1 0 0 0 -1 -1 0 0 -1 0 0 -2 0 -1 1 1 1 0 1 0 1 -1 -1 1 -1 0 0 0 1 0 -1 1 1 0 1 0 0 1 -1 1 0 -1 0 0 0 0 -1 0 0 -1 1 1 -1 0 0 -1 -1 1 -1 -1 0 0 -1 -1 0 -1 0 0 0 1 0 -1 2 1 0 1 0 -1 0 0 0 0 -1 0 1 0 0 2 0 0 1 1 1 0 0 0 2 0 0 -1 -1 2 0 0 0 0 0 1 -1 0 1 0 0 0 0 -1 0 0 0 0 0 -1 0 -1 -1 0 0 1 0 0 1 0 1 -3 0 1 0 0 0 0 -2 0 0 0 1 0 1 1 0 0 -1 0 0 1 0 0 1 0 2 -2 3 0 0 0 0 0 1 -1 -2 1 1 1 1 -1 0 19 0 0 -2 0 0 2 0 0 0 1 0 0 0 1 0 0 0 1 0 -1 1 0 0 1 0 -1 -1 0 1 0 0 2 0 -1 0 0 0 0 1 0 0 0 0 -2 -1 0 0 0 0 -2 -1 1 0 0 1 -1 2 -1 0 1 0 0 0 0 0 0 1 0 0 1 0 -1 0 0 0 0 1 -1 -1 0 0 -1 0 -1 0 1 1 1 0 0 -1 0 0 0 0 0 0 1 0
0 1 1 1 0 -1 0 1 -1 1 0 0 0 0 0 0 0 -1 0 -1 0 2 0 0 -1 0 -2 1 0 0 0 1 -1 1 0 0 1 -1 0 -1 -1 0 1 1 0 -2 -1 0 -1 0 0 -1 1 -1 0 -1 0 1 0 -2 1 0 1 0 0 0 -1 0 -2 0 0 -1 0 1 -1 2 0 0 0 0 0 0 -2 0 1 0 1 0 0 0 -1 1 0 0 0 0 2 1 0 0 0 -1 -1 -1 1 0 0 0 -1 0 0 -1 0 0 0 0 -1 1 0 -1 -1 1 1 1 0 0 0 0 0 1 0 -1 0 0 1 0 1 0 -1 -1 0 -1 -1 0 0 -3 2 0 1 -1 0 -1 0 -1 0 1 0 -1 0 0 0 -2 1 -2 0 1 0 -1 0 0 0 0 2 0 -2 0 1 0 0 0 1 1 0 0 -2 0 0 0 0 0 0 1 2 0 -1 1 1 -1 -2 0 0 1 2 1 1 -1 0 0 -1 0 -1 -1 1 0 1 -1 1 0 0 0 0 0 0 -1 0 -1 0 1 1 -1 0 -1 0 -1 1 0 0 -2 0 1 1 1 0 -1 0 0 1 0 0 -1 0 -1 0 0 0 1 0 0 -1 -1 1 0 0 -1 -1 0 0 0 -2 2 1 0 0 0 0 -1 0 -2 -1 0 0 -2 0 -1 0 -1 0 -1 0 -1 -1 -1 1 1 0 0 -1 0 0 1 0 -1 0 0 0 0 0 -2 0 0 0 0 0 0 0 0 2 0 0 0 -1 -1 0 0 -1 -1 0 0 1 2 -1 1 -1 -1 1 0 0 0 -2 -1 1 -1 0 1 0 -2 0 1 0 -1 1 0 0 1 0 -1 0 -1 2 1 0 20 0 0 -3 0 0 -1 1 0 -1 1 0 1 0 0 -1 0 0 0 0 1 -2 -1 0 0 -1 0 0 0 0 0 1 0 0 0 0 -3 0 -1 1 0 -1 0 -2 -1 0 -1 0 -2 -1 1 0 1 -2 0 0 0 -1 0 0 1 -1 0 0 -1 -1 0 0 1 -1 0 0 0 -1 0 1 0 1 0 0 -1 -1 0 0 1 0 0 2 -1 1 2 -1 0 -2 0 1 0 0 -1
0 0 0 0 0 1 -1 0 -1 3 -1 -2 0 1 -1 1 0 0 0 -1 1 2 -1 0 1 2 0 0 0 0 0 0 1 1 -1 -1 2 0 0 0 1 0 0 0 2 0 0 1 1 -1 -1 1 -2 0 0 -1 0 0 0 -1 0 0 1 1 0 0 0 0 -1 0 -1 -1 0 0 0 -1 -1 1 0 0 0 0 0 -1 1 0 0 0 1 0 0 0 1 0 -1 0 0 0 0 1 -1 0 0 -1 0 0 0 0 0 1 0 0 -1 1 1 -1 -3 0 1 0 -1 0 0 0 1 0 0 0 -1 -1 0 3 1 1 1 0 0 1 -1 0 -1 0 1 -1 1 0 0 0 0 -1 -1 0 -1 0 1 0 -1 0 0 0 0 2 1 0 0 0 0 0 0 1 0 1 -1 1 -1 0 1 0 0 0 0 0 1 -1 1 0 0 0 1 -1 1 0 -1 0 1 0 0 0 -2 1 0 -3 0 1 1 0 0 0 -1 0 0 0 1 -1 0 -1 0 0 0 0 0 -1 0 0 0 0 0 0 0 0 0 0 1 0 0 0 0 0 1 1 0 0 -1 0 1 -1 0 -1 -1 0 1 1 0 0 0 0 0 0 0 0 1 0 0 0 0 1 0 1 1 0 0 0 -1 -1 0 0 0 2 0 1 0 0 1 0 0 0 0 0 0 1 0 0 1 -2 -1 0 0 0 0 0 0 2 0 2 1 1 3 1 0 0 0 0 1 0 -1 0 2 0 1 1 0 -1 0 1 -1 0 2 0 0 0 1 0 -1 0 0 0 0 1 -1 -1 0 -1 0 -1 1 -1 0 1 0 0 0 1 0 0 -1 1 -1 0 1 0 0 0 18 0 0 0 1 0 0 1 0 1 1 1 0 -1 0 0 0 0 1 0 2 0 1 1 0 -1 -1 1 1 1 0 0 0 0 0 0 0 0 1 0 0 0 0 -2 -1 -1 0 0 -1 1 0 0 1 1 -1 0 1 0 -1 2 -1 0 0 0 -1 0 0 0 -1 0 1 -2 -1 -2 0 1 0 0 1 0 0 0 1 -1 0 0 1 -1 0 1 1 -1 1 0 -1 -1 0 1
0 -1 0 -1 1 0 0 0 0 1 0 0 0 0 2 1 0 0 0 1 0 -1 1 -2 0 -1 0 1 0 1 0 0 2 0 0 1 -1 0 0 0 0 -2 0 -1 0 0 0 1 1 0 0 0 -1 1 0 1 0 0 1 0 2 0 -1 0 0 0 0 0 0 0 0 -1 0 2 0 -3 0 0 0 0 1 0 0 1 1 -1 -1 -1 1 0 0 2 0 0 -1 0 0 0 0 0 -1 2 -1 0 0 1 1 0 0 0 -1 1 0 0 0 0 1 0 1 0 -1 -1 0 0 -2 0 0 1 0 0 1 0 -1 0 0 0 -1 1 0 1 -1 0 1 0 0 0 0 0 0 0 -1 0 1 -1 0 0 0 1 -1 0 -1 0 2 0 0 -1 -1 0 1 1 1 0 -1 0 0 0 0 0 2 2 3 0 0 0 1 -1 0 0 0 -1 0 0 0 1 -1 0 1 0 0 0 0 -2 -1 -1 0 -1 3 0 0 0 0 -1 2 0 -1 1 -1 0 0 -1 -1 0 0 -3 2 0 0 0 0 3 0 -1 1 0 0 1 0 0 1 0 0 0 1 0 -1 0 0 0 0 1 2 0 0 1 -1 0 0 1 1 -1 1 1 -1 -1 0 -2 1 0 1 1 1 0 1 0 0 0 0 1 -2 0 0 0 1 0 1 1 0 0 -1 0 -1 1 0 0 0 0 1 0 0 -1 2 0 0 0 -1 -2 0 0 1 1 1 0 0 0 0 0 0 0 3 0 0 0 0 0 0 1 -1 0 0 1 0 -2 0 0 0 1 1 2 -1 1 0 0 2 -1 0 0 0 -2 0 0 2 -1 0 3 0 0 0 2 1 0 -2 0 0 18 0 -1 0 0 1 1 0 -1 1 1 0 0 -1 -1 0 0 0 0 0 1 0 0 0 0 0 0 0 0 2 -2 2 1 1 0 0 1 0 0 0 0 0 0 0 0 3 1 -1 0 1 0 0 0 0 0 0 1 1 0 0 -2 1 1 -3 0 0 1 0 0 0 0 0 2 0 -1 0 1 0 0 0 -1 1 -1 -1 2 1 0 0 0 0 -2 1 0 2 0 0 1
0 -1 3 -1 0 0 0 -1 1 0 3 1 0 0 0 0 0 1 1 -1 0 1 0 1 1 0 0 0 0 0 0 2 -1 0 1 -1 0 2 1 0 -1 1 -2 2 1 1 -1 0 1 0 0 1 0 -1 0 -1 0 -1 2 1 0 0 -1 2 -1 1 1 0 1 0 0 1 0 0 0 -1 0 -1 0 1 0 0 1 1 0 1 1 -1 0 0 0 -1 1 2 -1 -1 -1 -1 0 1 0 0 0 3 1 0 0 0 0 -1 0 1 -2 0 2 0 1 2 0 0 0 -1 0 0 0 0 1 0 -2 -1 -1 0 0 0 -1 3 -2 -2 0 1 1 1 1 1 -1 2 -1 1 -1 0 0 0 -2 1 1 0 -1 1 1 0 -2 1 0 1 1 0 0 -1 0 0 1 -1 -2 0 0 0 0 2 1 -1 0 0 -2 0 0 1 0 0 0 1 0 0 0 0 0 -1 0 -1 0 0 2 1 -1 0 0 0 0 -1 0 0 0 -1 1 0 1 -1 0 0 1 1 1 0 0 -1 1 3 0 -1 1 0 -1 0 0 0 0 0 0 0 0 0 2 -1 0 2 0 0 -3 1 -2 1 2 0 0 0 0 0 0 -1 1 -1 0 0 1 0 1 0 0 0 1 1 -2 0 -1 0 0 0 1 1 2 0 -1 0 1 1 0 -1 0 1 0 1 0 -1 1 0 0 0 1 -1 1 -1 -2 1 0 1 1 0 1 1 0 0 0 -1 0 0 0 0 1 0 0 -1 1 0 0 1 1 1 0 0 1 0 0 0 1 -1 0 0 0 0 0 -2 0 0 0 0 0 1 0 1 -1 -1 -3 1 0 -1 -1 -1 0 0 0 0 0 -3 0 0 23 2 2 -2 0 -1 0 0 -1 0 0 0 1 0 0 0 1 0 0 0 0 0 0 0 0 -1 -1 0 0 2 0 0 0 2 -1 0 1 0 1 0 1 2 0 -1 1 0 1 0 -1 -1 0 0 3 0 1 -2 1 1 0 1 -1 0 2 -2 -1 0 2 0 0 1 2 0 0 1 1 0 0 -1 3 0 0 -1 0 1 0 2 1 0 0 0 0 -1 -2 0 -1 -1
0 0 0 -1 0 0 0 0 -1 0 0 0 0 0 1 0 1 1 1 0 0 0 1 1 0 0 0 1 0 0 1 1 0 0 0 0 0 0 0 -1 0 5 1 2 1 -1 0 1 0 1 0 -1 0 -2 0 -3 0 0 2 1 -1 0 -1 0 0 1 0 0 2 0 1 0 0 0 0 3 0 1 0 0 0 2 -1 0 0 0 2 0 0 0 0 1 1 0 0 0 0 0 0 0 1 2 1 2 1 0 1 0 0 0 1 0 0 0 1 0 -2 0 -2 1 1 0 0 0 0 0 0 1 1 1 0 1 -1 -1 -1 0 -2 0 -2 -1 0 0 1 0 2 2 0 -1 0 -1 0 0 1 1 0 0 -3 1 1 0 0 0 0 0 1 2 -2 0 0 0 0 2 -1 1 -1 0 -1 1 2 0 1 1 1 1 0 0 1 -1 0 1 0 0 1 0 -2 0 -1 0 -1 0 0 0 0 0 0 0 1 0 0 0 0 0 1 0 0 0 -1 0 0 1 -1 0 0 -1 0 0 0 2 0 0 1 0 0 0 1 0 0 0 0 0 1 0 0 0 0 -1 2 1 0 1 1 0 0 0 0 0 -1 -1 -1 0 1 1 0 0 -1 1 0 0 0 0 -1 0 0 0 0 0 -1 0 1 0 0 -2 1 0 -2 -1 0 0 0 0 0 0 0 0 0 0 1 0 1 1 -1 0 0 -1 0 -1 0 -1 2 0 0 0 0 0 0 -1 0 0 -1 0 3 0 0 0 0 0 0 0 0 1 0 -1 -1 0 0 0 0 1 1 0 0 0 0 -1 0 0 0 1 1 0 0 0 1 -1 0 0 -1 0 -1 0 0 0 0 -1 2 18 0 0 2 -1 0 0 0 0 0 0 1 0 -2 0 0 0 -1 0 0 0 0 1 1 -1 -2 -2 0 0 0 0 -2 -1 -1 0 0 -1 0 2 -2 0 -1 -1 -2 1 0 0 1 0 0 -1 -1 1 0 0 0 1 1 0 0 1 1 0 0 1 -2 0 0 0 0 1 -3 0 0 0 -2 0 0 1 0 1 0 -1 0 0 -1 0 0 0 0 0 0 0 1 0
1 0 2 0 0 0 0 -1 1 1 1 0 1 0 -1 0 0 1 1 0 -1 1 0 1 0 1 0 0 0 0 0 1 0 1 -1 -2 1 2 0 0 0 0 0 -1 0 0 1 0 0 0 0 0 1 1 0 -1 0 0 1 -4 -1 0 0 0 1 0 0 0 0 2 0 2 0 -1 0 0 0 0 2 0 -1 1 0 0 -1 0 1 0 0 0 1 0 0 0 0 0 0 -1 0 0 1 0 0 0 0 0 0 0 1 -1 0 0 -1 1 1 2 -1 0 0 -1 2 1 0 1 0 0 -1 0 1 0 0 1 1 1 0 2 0 1 0 0 1 0 1 -1 0 0 1 0 1 -1 0 -1 1 0 0 0 1 -1 1 1 0 0 0 0 0 0 1 0 0 1 2 0 -1 1 0 1 0 -1 -1 0 -2 1 0 0 -1 1 -1 0 0 1 0 0 1 1 0 1 1 1 0 0 2 -2 0 1 1 1 -1 1 0 1 0 -1 1 0 1 0 0 2 0 0 0 0 0 1 0 0 1 0 1 4 0 -1 -1 1 0 -1 1 -1 0 0 1 0 1 0 0 0 -1 0 -1 -1 0 -1 0 2 -1 1 0 0 0 0 0 0 1 0 0 0 0 0 2 1 1 1 1 0 -1 0 1 0 0 1 0 1 1 1 1 -1 0 2 -1 1 0 0 1 -1 0 1 0 0 1 0 1 0 0 0 1 -1 0 -1 1 0 0 0 0 -1 0 0 2 1 0 0 0 0 1 0 0 0 0 -1 0 0 0 1 1 0 1 1 0 0 1 -2 0 0 -1 1 -1 3 0 0 0 0 0 0 0 1 0 1 1 1 0 0 2 0 1 0 2 0 19 -2 0 0 1 -1 -1 -1 0 0 -1 0 0 0 0 1 0 0 0 1 0 0 2 1 2 0 2 0 1 1 0 1 0 0 1 0 1 0 1 1 1 0 0 1 -1 0 -1 0 -1 0 0 1 -1 0 1 0 0 1 0 1 2 0 2 0 0 0 0 1 1 1 -2 2 0 1 0 0 0 -2 0 0 0 2 1 0 -1 0 1 1 0 0 -2 0 -2 1
0 0 0 0 1 -1 1 0 0 0 0 0 0 0 1 -1 -1 0 1 0 0 -1 1 0 -1 0 2 -2 0 0 1 0 2 0 2 0 0 0 0 -1 1 0 0 -1 1 1 1 -1 0 -1 0 0 -2 1 0 0 0 0 0 0 0 -1 0 1 -1 -1 0 -2 0 0 -1 0 1 0 0 -1 1 -1 -1 1 0 0 0 -1 0 0 0 1 0 0 0 1 0 1 1 0 2 0 0 0 0 1 0 1 1 -1 0 0 -1 -1 1 -1 1 2 0 0 0 0 -1 1 -1 0 0 -2 1 0 3 0 0 0 1 3 -1 0 1 0 1 0 1 -1 0 1 0 0 1 2 0 1 1 1 0 0 0 2 0 0 0 1 -2 2 2 3 0 1 0 -1 0 0 0 1 1 0 1 -1 0 0 1 1 -1 0 -1 0 1 0 1 0 0 0 0 -1 2 1 0 0 0 -2 2 2 1 0 -1 0 0 0 1 1 0 0 0 0 1 0 0 -1 0 2 0 0 0 1 2 0 0 -1 -1 0 0 0 -1 -1 0 -1 0 0 0 1 -1 0 -1 -1 1 0 0 0 0 -1 -1 -1 1 0 -1 0 -1 -1 1 0 0 0 1 1 1 0 0 1 1 0 0 1 -1 0 0 -1 3 1 0 1 0 0 0 0 0 0 0 -2 1 3 0 0 0 0 -1 2 1 -1 1 0 0 0 0 0 0 0 0 0 0 0 0 0 0 -1 0 2 0 0 0 1 0 1 2 1 0 0 -1 0 0 -1 0 0 0 0 0 0 0 0 1 -1 1 0 -1 -1 0 0 0 0 0 0 -1 0 0 1 0 0 2 1 0 0 0 0 0 0 0 -1 0 0 -2 0 -2 18 -1 0 -1 0 0 -1 0 0 2 0 -1 0 -1 -1 0 0 0 -1 -1 1 1 0 0 0 -1 1 0 3 1 1 1 0 0 0 0 0 0 0 -1 0 -1 0 0 0 0 0 1 0 0 0 1 0 0 0 0 -1 0 0 -1 2 0 0 0 0 1 -1 -2 0 -1 0 0 0 0 0 1 1 0 0 0 0 0 -1 1 1 1 -1 0 3 0 1 0 -1
0 1 1 0 0 0 0 1 -1 0 1 0 0 -1 0 1 -1 1 0 0 0 0 -1 -1 0 -1 -1 0 -1 0 0 1 0 0 -1 -1 0 1 0 -1 0 1 2 0 1 0 0 1 0 -1 0 0 0 0 0 1 0 -1 3 0 0 1 0 -2 0 1 0 1 1 0 1 -1 -1 0 0 0 1 0 0 0 0 1 -1 2 1 0 0 1 0 -1 0 0 0 -1 0 0 -1 0 2 1 1 1 -1 0 0 0 0 1 -1 -1 0 -1 0 -2 1 0 0 0 0 0 0 -2 0 0 1 -1 0 1 1 0 0 1 0 0 0 0 -1 -1 0 1 0 1 0 1 0 -1 -1 -2 1 0 0 0 1 0 0 0 -2 0 0 0 1 0 0 0 1 0 1 0 1 -1 0 3 0 0 -1 -1 -1 0 1 0 1 0 0 1 0 0 0 -1 0 -1 -1 0 0 -1 0 0 -1 0 0 0 0 -1 1 0 1 0 0 -1 0 0 1 1 -2 0 0 0 1 0 0 0 0 0 -1 0 0 1 0 1 0 -1 2 1 0 -1 1 1 0 0 0 -1 -1 0 0 0 0 0 0 1 0 0 0 0 0 0 0 0 1 1 1 -2 0 0 -1 0 -2 1 1 0 0 0 0 1 -1 1 0 0 1 -1 0 1 -1 -2 0 -1 0 0 -1 0 -1 0 0 0 -2 -1 1 1 0 -1 0 0 -1 1 -1 2 0 -1 0 -1 0 1 0 -1 0 0 0 0 0 0 -1 0 1 -1 2 0 -1 0 0 -1 0 1 1 0 0 0 0 2 0 2 1 0 1 0 0 0 0 0 0 -1 0 -1 1 0 0 -2 1 1 0 0 -1 0 0 1 0 1 0 2 0 -1 16 0 0 0 0 1 0 1 0 1 -1 0 0 -1 -1 -3 1 0 1 0 0 0 0 -1 0 0 0 -1 -1 0 0 1 0 2 0 0 0 -1 1 0 -1 0 0 0 0 0 0 0 0 0 0 -1 0 0 0 -1 -1 2 5 -1 1 2 0 1 1 1 1 0 0 0 0 0 0 -1 -1 0 -1 0 -1 -1 1 1 -3 0 0 -2 1 1 0 0 0 0
0 -1 -2 -1 0 1 -1 3 0 0 1 0 0 0 0 0 0 -1 0 2 0 -1 1 -2 1 1 1 0 1 -2 1 0 1 -1 0 0 1 0 0 0 0 1 0 0 -1 0 1 0 1 0 0 0 -1 0 1 0 0 1 0 0 -1 -2 0 -1 2 1 1 0 -1 0 0 1 0 0 0 0 1 -1 0 0 0 1 0 -1 1 0 1 0 1 0 0 2 1 -1 -2 0 -1 1 0 1 -1 0 -1 0 0 -1 1 1 0 1 1 0 1 0 0 3 -1 -1 0 1 0 0 1 0 0 -1 0 1 0 1 0 -2 -1 -2 0 1 0 1 0 0 -3 0 -1 0 1 -1 0 -1 -1 0 0 0 1 1 -1 -1 -1 0 0 -2 0 -1 0 0 0 1 3 -1 -2 0 0 0 2 -1 0 1 0 1 0 -1 -1 0 1 -1 0 0 0 0 0 1 -1 0 0 0 -1 1 -1 0 0 0 1 0 0 -1 -1 0 0 -1 0 -1 1 0 0 0 0 0 1 0 1 -1 2 0 1 0 0 -1 0 0 -1 1 0 1 1 0 1 1 0 -1 0 0 -1 -1 2 0 0 2 1 0 3 1 1 0 -1 1 1 1 2 1 0 0 0 0 2 0 0 0 1 -2 1 1 0 1 0 0 2 3 0 1 0 0 0 1 -1 -1 1 0 0 0 0 0 0 1 -1 0 -1 -1 1 1 1 -1 2 1 2 0 0 0 2 -1 1 0 0 2 1 0 -1 0 1 -1 1 3 0 2 -1 -1 0 0 0 0 1 0 -1 1 1 1 2 -1 1 -2 -1 0 2 -1 1 0 -1 2 -2 -1 1 1 0 -1 0 0 1 0 0 -2 1 0 0 0 1 1 -1 -1 0 0 0 25 0 0 0 3 0 1 -1 1 0 0 -1 1 0 0 -1 0 -1 0 2 1 -1 1 0 0 1 -1 1 0 0 0 0 0 0 1 1 -1 1 -1 -2 0 0 1 -2 0 0 0 0 0 -1 -1 0 0 0 0 1 2 -2 0 -3 0 0 0 0 0 -1 1 -1 0 0 0 0 0 0 0 1 1 -1 0 2 0 1 1 -1 -2 0 2 0 0 0 -1
0 0 -1 -1 0 1 0 0 -1 0 0 0 0 0 0 -1 0 0 0 0 0 0 0 0 1 -1 0 0 -1 0 0 0 0 0 0 0 0 0 -1 1 0 0 0 0 -1 3 1 0 -1 0 0 0 0 0 0 1 0 0 0 0 0 1 0 0 1 0 1 0 0 0 0 0 0 1 0 1 1 -1 2 0 0 0 0 0 0 -1 1 0 0 0 0 0 0 0 0 0 0 1 0 0 1 0 0 0 0 0 0 0 0 0 0 0 0 0 0 0 1 0 1 0 0 0 0 0 0 0 -1 0 0 0 -1 0 0 0 0 1 0 1 0 0 0 -1 0 0 0 -1 0 0 0 -1 1 -1 0 1 0 0 0 0 0 0 2 -2 0 0 0 0 1 0 0 0 0 0 -1 0 0 0 -1 0 0 0 1 -1 0 0 0 0 0 0 0 0 0 0 1 0 0 0 0 0 0 0 0 0 0 0 0 0 0 0 0 0 0 1 0 0 0 0 0 0 0 0 1 0 0 -1 -1 0 0 0 1 1 0 0 -2 0 -1 0 0 0 0 0 0 0 0 0 0 0 0 -1 0 0 0 0 0 -1 0 0 0 0 -1 0 0 0 -1 0 -1 0 0 0 1 0 0 0 0 0 0 0 0 1 0 0 0 0 0 0 0 -1 1 0 0 0 0 0 -1 0 0 0 0 1 0 0 -1 0 0 0 1 0 0 0 1 1 0 0 0 0 -1 1 0 -1 0 0 0 0 0 0 0 0 0 1 0 0 1 0 0 0 0 -1 0 0 2 0 0 0 0 2 0 0 0 0 0 0 0 0 0 0 0 1 0 1 0 1 1 -1 0 0 0 0 1 -1 0 0 7 0 0 0 0 0 0 0 0 0 0 0 0 0 0 1 0 1 0 0 0 2 -1 0 0 0 0 0 0 0 0 0 1 0 -1 0 1 0 1 1 -1 0 1 0 -1 0 0 0 -1 0 -1 0 0 0 0 0 0 0 0 0 2 0 0 0 1 0 0 0 0 -1 1 0 0 0 0 0 0 0 0 0 0 0 0 1 0 0 0 0 0 0
-1 0 -1 0 0 0 0 1 0 0 -1 0 -1 1 0 1 1 -1 -1 -1 0 0 0 0 -1 -1 0 1 1 0 0 1 1 -1 0 1 2 0 1 0 0 1 1 0 -1 0 0 0 0 0 0 0 -1 -1 0 -2 0 -1 0 -1 0 0 2 0 0 0 0 0 -1 0 0 0 0 0 0 0 0 1 -1 0 1 -2 0 1 0 1 0 0 1 -1 1 0 1 0 0 0 1 0 1 0 -1 1 -1 -1 0 -1 1 0 1 0 0 1 0 0 0 1 -1 0 0 0 0 1 0 0 0 -1 -1 0 -2 1 0 0 0 0 -1 0 0 0 0 0 0 0 0 1 0 0 -1 1 -1 0 1 0 2 1 0 0 0 1 0 0 0 0 0 0 0 0 -1 0 0 0 1 -1 0 0 0 0 0 -1 -2 2 1 0 0 0 1 0 -1 0 0 -2 0 0 -2 0 1 -1 1 -1 0 0 -1 1 0 1 0 -1 0 -2 1 2 0 0 2 0 0 -1 0 -1 0 0 1 0 0 -1 0 0 1 0 0 -1 0 0 -1 1 0 0 -1 1 0 0 1 0 0 0 1 0 0 0 -2 0 0 0 0 -1 2 0 1 0 0 0 0 0 1 0 -1 0 0 -1 0 1 0 1 0 -1 -1 0 0 -1 0 0 0 1 2 0 0 1 0 1 0 0 0 0 1 1 0 0 0 0 0 1 0 -1 -1 0 1 -1 0 0 -1 0 0 0 0 0 0 0 -1 0 0 -1 2 0 -1 0 0 1 1 0 0 0 0 1 0 0 -1 0 0 1 -1 0 0 0 0 0 0 1 1 0 -1 0 0 0 0 0 0 -1 -1 -1 0 0 0 1 1 -1 0 0 -1 0 0 0 0 15 0 1 1 1 0 1 0 0 0 1 0 0 1 1 0 0 -1 0 2 0 0 0 0 -1 0 0 0 -1 1 0 0 0 -1 0 -1 -1 0 -1 -1 -1 1 0 0 0 -1 0 -1 0 0 0 1 0 0 0 1 0 0 -1 0 0 0 1 2 0 0 0 1 0 -1 0 0 0 0 0 -1 0 -1 0 0 0 1 1 1 0 0 0 0 -1
1 0 1 2 1 0 1 -1 -1 0 0 -1 1 1 1 1 2 -1 0 -1 -1 0 0 0 0 -1 2 0 -1 0 0 0 0 -1 1 1 0 0 0 0 0 -2 0 0 -1 0 0 0 0 0 0 0 0 -2 2 -1 0 1 0 1 1 1 -1 0 0 1 -1 -1 2 0 0 0 0 2 -2 -1 0 -2 1 1 0 1 -1 2 0 1 -1 0 0 -1 -1 0 1 0 -1 1 0 2 -1 0 1 0 0 -1 1 0 0 0 1 1 -1 0 0 1 0 0 -4 0 1 -2 -2 0 1 1 0 1 1 0 1 -1 0 1 0 0 -1 -1 1 0 1 1 0 1 0 2 0 1 2 0 -1 0 0 -1 -1 -1 2 0 0 0 1 0 0 1 -1 0 0 0 1 0 0 0 0 0 1 -1 2 0 0 0 1 -2 1 1 0 1 2 -2 0 -1 0 -1 -1 -1 0 0 1 0 0 -3 -2 0 1 0 2 -1 -1 0 0 1 1 1 0 -1 1 0 -1 0 1 0 2 0 3 0 0 -1 0 -2 1 0 2 0 0 0 1 -1 -1 0 0 1 0 -1 3 0 0 -1 0 0 2 1 1 1 2 -1 0 0 0 0 0 1 1 2 1 0 -1 0 -1 -1 0 0 -1 0 0 0 0 0 2 -3 0 -1 -1 1 1 -1 0 2 0 1 -1 1 1 -1 0 0 -1 0 0 0 0 0 0 1 1 1 0 -1 -1 0 0 -1 0 0 0 1 1 0 0 0 2 0 0 2 1 -1 0 0 0 0 -1 0 0 0 1 -1 0 0 1 0 1 -1 -1 1 1 0 1 1 0 1 0 -1 0 0 0 0 0 -1 0 0 0 -1 0 0 0 0 1 1 -1 0 -1 0 0 0 0 0 25 0 1 0 0 0 0 2 0 2 0 -1 0 1 0 1 -1 0 0 1 -2 0 2 -1 1 3 1 2 0 1 1 0 0 0 1 0 0 -1 1 -1 0 0 0 1 1 0 2 0 0 0 1 1 3 0 0 2 -2 -3 1 2 0 0 0 2 0 1 -1 0 0 0 -1 0 0 1 -1 0 -1 0 0 -2 0 0 1 0 -2 0 0 1
0 1 1 0 0 1 -1 1 -1 2 1 1 0 0 0 0 1 0 0 0 0 0 2 0 0 0 0 0 0 0 0 0 -1 -2 1 0 -1 -1 0 0 2 0 0 1 1 1 -1 0 1 0 0 0 2 0 0 0 0 0 1 0 -1 0 1 -1 0 0 -1 1 0 -2 -1 -1 1 0 0 0 0 1 -1 1 -2 0 0 -1 0 0 0 1 1 0 -1 0 0 -1 -2 1 -1 0 0 0 1 0 0 0 0 -1 1 0 0 0 1 1 0 -1 0 2 1 0 1 0 2 0 0 0 2 -1 0 1 2 0 0 1 -1 0 0 0 0 1 0 0 -1 0 -1 1 0 0 0 0 -1 -1 -1 0 -2 0 0 0 -1 1 0 0 0 -1 0 0 0 1 0 1 1 -1 0 -1 0 0 -1 -1 -1 -1 1 -1 0 0 0 -1 0 0 0 0 -1 0 -1 0 0 1 -1 0 1 0 -1 0 0 0 -2 0 -1 0 0 0 0 -1 1 2 0 0 0 -2 1 0 0 1 0 0 0 0 -1 0 0 1 1 -2 0 0 0 -1 -1 1 0 0 0 0 0 0 1 0 -1 -1 0 0 1 0 2 0 0 1 -1 0 0 -1 -1 -1 -1 0 0 0 0 1 1 -1 -1 -3 0 2 -1 2 0 2 0 0 0 2 0 1 1 0 -1 0 1 0 -1 -1 0 1 0 2 -1 1 1 -1 0 1 2 0 0 3 0 2 0 0 0 1 -1 -1 2 0 -1 -1 0 0 4 0 0 -1 0 1 -1 0 0 0 0 0 0 0 -1 3 1 2 0 0 0 -1 -1 -1 0 0 0 0 0 1 0 0 0 -1 1 0 0 -1 -1 -3 0 0 0 1 1 1 0 0 -1 -1 1 3 0 1 0 22 0 -1 0 -1 1 0 0 1 1 -1 0 0 1 0 0 0 -1 0 0 1 2 0 0 0 2 0 0 -1 -1 -1 0 0 0 -1 0 0 1 -1 0 -1 1 1 0 -2 0 -2 0 0 0 0 1 0 1 0 0 0 1 0 1 2 1 0 0 0 0 0 0 -1 0 0 -1 1 -1 -1 -1 1 -1 0 0 0 1 -1 0 0 0 1
2 -1 0 -1 0 0 2 2 0 0 0 1 0 -1 -1 0 1 0 0 0 0 1 0 0 0 -1 0 -1 0 0 0 0 0 0 0 -1 -2 1 0 0 0 2 1 0 1 0 0 0 0 0 -2 0 0 -1 0 0 0 1 0 1 0 1 0 1 0 1 0 0 0 1 0 -1 1 0 0 2 0 0 0 1 -1 1 1 -1 0 0 0 -2 0 1 0 -1 0 1 1 1 0 1 0 0 0 0 1 0 0 0 1 -1 -1 0 1 1 0 0 0 0 0 0 0 1 1 0 0 0 1 0 2 1 0 -1 0 1 0 0 0 0 -1 1 0 0 0 0 0 1 1 1 1 0 0 0 0 -1 0 2 0 0 1 1 0 0 0 0 1 0 0 1 2 0 1 0 0 0 0 0 0 0 -1 0 1 0 0 0 1 1 0 0 1 0 -1 0 0 0 0 0 1 -1 2 1 1 1 0 -1 0 0 1 0 0 -1 1 1 0 1 1 -1 0 1 0 -1 1 1 0 0 0 0 0 0 0 0 0 0 -1 0 0 0 4 0 0 1 1 0 0 0 1 0 2 1 0 -1 1 2 0 -1 0 0 0 -1 0 1 0 1 2 -2 -1 0 0 0 1 1 0 1 1 1 0 0 0 1 1 0 0 1 0 0 0 1 0 1 2 -1 1 0 -1 0 0 -1 2 1 1 0 1 1 0 0 0 0 0 0 0 0 0 -1 0 0 0 0 1 0 0 1 -1 2 -1 -1 2 0 0 0 -1 0 0 0 0 0 1 0 0 1 0 0 1 0 0 2 0 0 0 1 0 0 0 -1 0 0 0 -1 -1 0 0 1 1 0 1 0 0 0 0 0 0 0 0 0 0 1 1 0 18 2 0 1 0 0 0 1 1 0 0 0 -1 1 0 0 0 1 -1 0 1 -1 0 2 1 0 0 -1 0 0 -1 -1 0 -2 1 0 0 0 0 0 -1 1 0 -1 0 0 0 1 1 2 1 0 2 0 0 0 0 1 0 2 1 2 0 -2 0 0 1 0 0 0 0 0 0 1 0 0 0 0 0 0 0 0 -1 0 0 0
0 0 0 0 0 -2 1 0 1 1 0 1 0 0 0 0 0 0 0 0 0 0 -1 0 0 0 0 -2 1 1 0 -1 1 1 2 0 -1 1 1 1 0 1 2 1 2 0 -1 0 0 0 0 -1 0 0 0 -1 0 -1 1 -1 0 -1 0 -1 0 0 0 -1 0 0 0 0 2 1 -1 0 0 0 0 1 2 0 -1 -2 0 0 0 -2 1 -1 0 0 0 0 1 1 0 0 2 0 2 0 -1 0 0 0 0 1 0 -2 1 0 0 -1 0 -1 1 0 0 0 0 0 0 0 0 1 -1 2 0 1 0 -2 0 0 -1 0 0 0 0 0 0 -1 -1 0 -1 -2 0 2 0 0 0 0 0 0 1 -1 1 0 0 0 0 0 0 1 0 0 0 -1 0 0 0 -2 0 0 1 0 0 -2 0 1 0 0 0 1 0 0 0 0 -1 1 1 -1 0 1 0 0 -2 0 0 1 1 0 0 0 0 0 0 -2 -1 -1 1 0 1 1 0 0 0 0 0 1 0 -1 -1 0 0 0 0 2 0 1 0 0 0 0 1 0 -1 1 0 0 0 0 0 0 0 0 0 0 0 0 0 0 1 1 0 1 0 0 -1 1 1 -2 0 -1 -1 -1 0 -2 1 2 2 1 0 0 1 1 -3 0 0 0 0 1 -3 0 0 0 0 0 0 1 0 -1 0 0 2 -1 1 -1 -1 2 1 1 -1 1 0 0 0 0 -1 1 0 2 -2 0 2 0 0 0 -2 0 -1 0 0 2 0 0 -2 -2 0 0 -1 0 1 0 -1 -1 -2 0 1 0 0 1 0 2 0 -1 0 1 1 -1 0 0 0 -1 1 0 0 0 0 0 0 0 -1 0 0 0 0 0 1 1 0 1 0 -1 2 22 0 1 0 0 0 1 0 0 0 0 -1 1 1 -1 -1 1 0 0 1 1 1 0 0 0 0 0 0 0 1 0 0 -1 0 0 0 0 1 1 1 1 0 -1 -1 0 0 2 0 -1 1 0 0 1 0 0 0 0 0 -1 -1 1 0 0 0 0 0 0 0 -1 -1 0 0 1 0 1 -1 1 0 -1 0 0 -1 0 0 0
0 1 0 0 0 -1 0 0 2 1 0 0 0 0 2 0 0 0 -2 -1 0 0 1 1 0 1 2 0 1 0 0 1 1 1 1 0 -1 0 0 1 0 0 0 -2 0 0 0 -1 2 -1 -1 1 -1 0 1 0 0 0 0 1 0 0 0 1 0 0 0 -1 0 0 -1 0 -1 1 -1 0 1 0 0 0 0 0 1 -1 0 0 0 0 1 -1 1 0 0 -2 -1 0 0 0 1 -1 0 0 0 2 2 -1 1 1 0 0 0 0 0 0 0 1 0 1 -2 0 0 -1 -2 -1 0 0 1 1 0 0 0 -1 1 1 2 0 -1 0 -1 0 2 0 0 0 0 1 0 0 0 1 0 -3 0 2 0 0 0 -1 -1 3 0 1 1 2 1 -1 0 1 0 0 1 0 -1 -1 1 0 -1 0 1 1 0 0 0 0 -1 -1 2 0 0 -2 0 1 1 0 0 0 0 1 0 0 0 0 -1 0 1 1 0 -1 3 0 2 -1 0 -1 0 1 1 1 0 1 0 0 1 1 0 1 -1 -2 0 0 0 0 -1 0 0 0 0 0 0 0 1 0 0 0 -1 1 -2 0 0 0 -2 -1 0 0 1 0 1 1 0 -2 0 0 0 0 1 0 1 3 2 0 1 0 1 1 0 0 0 0 2 -1 0 -1 1 0 -1 1 2 0 -1 1 1 0 -2 0 2 0 1 1 0 0 -1 0 0 1 -1 1 0 0 0 0 0 -1 0 2 0 0 0 2 2 0 2 -2 0 0 0 1 0 0 0 1 0 2 1 0 1 -1 0 -1 0 1 -1 2 0 0 1 1 -2 0 0 2 0 0 0 0 0 1 -1 1 0 0 0 -1 0 -1 1 1 -1 2 0 -1 0 0 0 0 0 0 19 0 0 1 0 0 0 0 0 0 -1 0 0 -1 0 0 0 2 1 1 1 0 1 1 1 0 1 0 -1 0 1 0 0 0 -1 -1 0 -2 -1 1 0 0 1 0 0 0 0 0 0 0 1 0 -1 -1 1 0 1 0 0 -2 -2 1 0 -1 0 0 -1 3 0 0 0 -1 0 1 0 1 0 -2 1 0 -1 2 1 -1
-1 -1 0 0 0 1 0 2 -1 0 0 0 0 0 0 2 0 0 0 0 0 0 -1 0 0 0 -1 -1 1 0 0 0 1 0 1 -1 1 0 0 0 0 1 0 0 0 0 1 0 0 0 -1 1 -1 0 0 0 0 0 2 0 1 0 0 0 0 0 0 -1 1 0 0 0 1 0 0 0 0 0 0 0 0 1 0 1 0 1 0 0 0 0 0 -1 0 1 0 0 1 -1 1 2 0 0 -1 -1 -1 -1 0 1 -1 0 1 0 1 -1 1 0 -1 0 1 1 1 0 0 0 -1 0 0 2 0 1 0 0 0 0 0 0 1 -1 -1 0 1 1 0 0 0 -2 -1 0 0 1 0 -1 0 0 0 0 -1 1 3 0 1 1 -1 0 0 -1 0 1 0 0 0 0 0 1 0 0 1 0 -1 0 0 0 0 0 0 0 1 0 0 -1 0 0 0 0 0 -1 -1 0 1 -1 0 0 1 0 -1 0 0 -2 0 1 0 1 1 1 1 0 -1 0 -1 0 1 0 0 -1 1 0 0 1 0 1 0 0 -1 1 1 0 1 0 0 0 0 1 0 0 0 -1 1 0 -1 1 0 -2 0 0 0 0 0 0 0 -1 -1 -1 -1 0 -2 -1 0 2 1 0 0 0 1 0 0 0 0 0 0 0 0 -1 0 0 1 0 0 0 0 0 0 0 1 0 0 0 -1 0 1 0 0 0 0 0 1 0 0 -1 -1 -1 0 1 0 0 1 2 -1 0 0 0 -1 0 -1 1 0 1 0 0 2 0 0 2 0 1 0 0 1 0 1 1 0 0 1 0 2 0 0 0 0 -1 0 0 0 0 0 -1 0 0 0 -1 0 0 0 -1 0 0 0 0 1 1 0 1 0 -1 1 1 0 13 1 1 0 0 0 3 1 0 0 0 0 -1 0 0 -1 -1 0 0 0 1 0 -1 0 0 0 0 0 2 0 -1 -1 0 1 0 -1 0 0 0 0 0 1 0 0 0 1 0 2 -1 2 0 -2 0 0 0 0 0 0 -1 -1 0 0 0 0 0 0 0 0 1 0 1 -1 0 1 0 0 0 0 0 -1 1 0 0
-1 0 -2 0 -1 0 -1 0 0 0 1 0 0 1 -1 0 0 0 0 1 0 0 -2 0 1 0 1 0 1 0 0 0 0 1 0 1 -2 -1 0 0 0 0 2 -1 0 0 0 0 1 0 -1 0 0 1 0 0 1 0 -2 0 1 0 1 0 0 1 0 0 0 -1 0 1 0 1 0 0 0 2 0 0 1 -1 0 1 0 1 2 0 -1 0 0 0 1 1 0 1 0 0 -2 -1 0 1 0 0 0 -1 1 2 0 0 0 1 1 0 0 1 0 1 1 0 2 0 0 0 0 1 0 1 0 1 1 -2 1 0 0 -1 0 0 1 -1 0 1 0 0 0 -1 1 0 0 1 0 1 0 -1 0 1 0 1 0 0 0 -1 -1 0 0 1 1 -1 0 1 0 0 0 1 2 0 0 0 1 0 -1 1 1 -1 0 0 0 -1 1 0 -1 -1 0 0 0 -1 0 0 0 1 -1 1 0 0 -1 0 0 1 0 0 0 0 0 0 0 -1 0 -1 0 0 1 0 0 0 0 0 0 0 0 0 -1 -1 0 0 -2 0 0 1 0 1 0 0 0 0 -2 -1 -1 0 0 1 1 -1 0 0 0 0 0 1 0 2 -1 -1 0 -1 1 0 0 1 0 -1 0 1 0 0 -1 1 -1 0 -1 -1 0 2 2 1 -1 -2 0 -1 0 0 1 1 0 0 0 -2 0 0 0 0 0 1 -1 0 1 0 1 0 -1 -1 1 0 0 1 0 2 -1 -1 -1 1 1 1 0 -1 -1 1 -1 0 0 0 0 1 1 1 -1 0 0 -1 1 0 0 0 0 1 0 0 0 0 0 0 0 0 0 1 -1 1 0 2 0 0 1 0 0 0 0 -2 0 -1 -1 0 0 0 0 1 0 0 0 1 16 -1 0 1 1 2 -2 0 0 -1 0 0 0 1 -1 0 0 -1 -1 0 0 1 0 -2 1 -1 0 0 0 0 1 0 2 0 0 2 0 -1 0 0 -1 0 -1 0 0 0 0 0 0 0 0 0 0 -1 0 0 0 0 1 0 -2 0 1 0 1 0 1 0 2 0 0 0 0 0 0 1 -1 0 0 0 -1 0
1 -2 -1 -1 0 0 0 1 -2 1 -1 0 1 2 0 -1 1 1 0 1 1 -1 0 -1 -1 -1 0 0 0 -1 0 3 1 -1 0 -1 0 0 0 0 2 0 0 0 0 -1 0 0 0 0 1 0 -1 0 1 1 0 -1 1 -2 0 -1 -1 1 -1 -1 0 -1 0 0 -2 1 0 0 -1 -1 0 0 0 0 0 1 0 1 0 0 0 0 2 0 1 -1 -1 -1 0 0 0 0 0 1 1 0 0 0 1 2 0 2 0 0 0 -1 0 0 1 0 0 -1 -1 0 0 -1 1 0 -1 0 0 -1 -1 0 0 1 0 0 0 0 -1 0 0 0 1 0 0 0 1 0 1 0 1 0 1 0 0 0 0 1 0 -1 0 -1 1 0 1 -1 0 0 0 1 -1 0 0 0 -1 0 -1 0 0 0 -1 0 0 0 0 0 1 0 1 1 0 0 0 0 0 0 0 -1 0 -2 2 0 0 0 -1 0 0 0 0 0 -1 0 0 1 0 1 1 0 0 0 1 -1 0 0 1 2 0 0 1 1 0 0 -1 0 -1 0 0 -1 0 -1 0 -2 1 0 0 0 -1 0 1 0 0 0 1 -1 0 0 -1 0 1 1 1 -1 1 0 0 0 0 -1 1 0 0 2 0 0 0 -1 2 0 0 0 1 1 0 -1 -1 0 0 0 0 0 -1 0 -1 0 1 -1 0 1 0 -1 0 -1 -1 0 0 0 0 1 0 2 -1 0 0 0 0 0 -1 0 0 1 0 0 0 0 0 0 0 0 0 0 1 -1 0 0 0 0 -1 -1 -1 -1 0 0 1 1 0 0 -1 0 1 0 0 0 1 -1 0 0 0 0 0 2 0 0 0 0 0 0 0 0 0 0 0 0 0 0 2 0 0 0 1 1 -1 15 1 -1 1 -1 0 0 1 0 0 -2 1 0 -1 -1 0 0 0 0 1 0 0 2 0 0 0 1 0 -1 -1 0 1 -1 1 1 -1 0 0 0 0 -1 0 0 1 0 2 -1 0 -2 -2 0 0 -1 0 1 0 0 -1 0 0 0 0 0 -1 0 0 0 0 0 1 0 0 -1 0 0 0 -2 1 1 0 0
0 -1 0 0 -1 0 0 0 0 1 0 -1 0 1 0 0 2 0 0 0 0 0 1 0 1 1 0 0 0 0 0 0 0 0 1 0 0 0 0 -1 1 0 0 0 1 0 0 0 0 -1 0 0 -1 0 1 0 1 0 0 0 0 1 0 0 0 -1 0 0 0 1 -1 0 0 -1 0 0 0 0 0 -1 0 -1 1 1 0 0 -1 0 0 0 1 -1 1 1 0 0 0 0 0 -1 1 -1 0 0 1 0 2 0 1 0 0 0 -1 0 0 0 0 0 0 0 1 1 -1 0 1 0 1 -1 -1 0 -1 -1 1 0 -1 1 0 -1 1 0 0 0 0 0 -1 0 1 1 0 0 1 0 1 0 -1 0 1 0 0 0 0 1 -1 0 -1 1 0 0 -1 2 -1 0 -1 0 0 0 0 1 1 -1 0 0 0 1 0 0 1 1 0 0 1 0 0 0 1 1 1 0 0 0 0 1 -1 0 0 0 0 0 -1 0 0 -1 2 0 -1 0 0 0 1 1 0 0 0 0 0 0 0 0 0 0 -1 2 0 0 1 0 -1 -2 0 -2 0 -1 0 0 0 0 -1 0 -1 0 0 0 0 1 0 -1 0 0 -1 0 0 0 0 0 0 0 0 0 0 0 -1 -2 -1 0 1 0 0 1 1 0 0 0 0 0 0 0 0 0 0 0 0 0 1 0 -1 0 0 0 0 1 2 0 0 0 0 0 0 -3 0 0 0 0 1 0 1 0 0 1 2 1 1 0 0 0 -1 0 0 0 1 0 -1 0 0 0 0 1 0 1 0 -1 0 0 -2 0 0 -1 0 0 1 0 0 3 -1 3 0 -1 1 0 1 0 -1 0 1 0 1 0 0 -1 0 -1 0 0 0 0 0 0 0 0 0 1 13 1 0 0 0 0 -1 -1 0 1 0 0 0 1 0 0 0 0 0 0 0 -1 1 0 0 0 -2 1 1 0 0 -1 0 0 0 1 1 -1 -1 1 1 0 0 0 0 0 0 0 0 0 1 0 1 0 -1 0 0 0 2 -1 0 0 0 0 0 0 0 0 1 1 0 0 0 0 1 -2 -1 0 0 0
1 1 0 0 0 -1 -1 -1 -1 3 -2 0 0 -1 -1 -1 2 0 0 1 0 -1 0 0 0 0 0 0 2 1 1 -1 1 0 3 0 0 0 0 -1 -2 0 0 -1 1 -1 0 -2 0 -1 0 0 1 1 -1 0 -1 2 0 0 1 3 0 1 -1 1 0 -1 0 1 1 1 -1 0 1 0 1 4 1 0 -1 0 1 -1 0 -1 0 1 0 -2 0 0 0 0 0 0 0 0 -1 -1 -3 0 0 -2 0 0 2 -1 1 0 0 1 -2 0 0 0 -3 -1 -1 0 1 1 0 0 0 0 0 -1 -1 0 -1 0 0 1 -1 1 1 1 0 1 1 0 0 0 0 0 1 0 0 -1 -1 0 1 -1 2 -2 2 0 1 2 0 1 -1 0 2 0 0 0 2 1 -1 0 1 0 -2 0 0 0 0 -1 1 2 2 0 1 -1 -1 1 0 -1 -1 -1 1 0 -1 0 1 1 1 1 0 0 -1 0 0 0 4 0 2 0 0 0 1 0 0 0 1 0 1 1 1 1 -1 0 1 0 -2 0 0 1 -2 1 1 0 -1 0 1 0 0 0 0 -2 0 0 0 -1 0 -1 0 1 0 0 -2 1 -1 1 1 1 -1 3 1 0 0 0 0 0 0 1 -1 1 0 1 1 0 0 1 0 0 0 -1 0 -2 1 -1 0 -1 0 0 0 0 1 0 0 -2 1 0 1 1 1 2 -1 0 -2 -1 0 0 2 -1 -1 2 1 -2 1 0 1 -1 0 0 1 0 1 1 -2 1 0 -1 1 0 0 0 3 -1 0 -1 1 0 0 2 0 1 -1 0 0 -2 -1 0 1 0 1 -2 0 2 1 1 -1 -1 0 0 0 1 1 1 0 0 0 0 1 -1 -1 1 0 1 2 1 1 1 0 0 1 -1 1 26 0 2 1 0 0 2 0 0 0 1 -2 1 0 0 0 0 0 1 0 -2 0 1 1 0 0 0 3 0 1 0 0 2 0 0 -1 0 -1 0 1 0 0 0 -1 0 -1 0 0 0 0 1 0 1 -1 -1 1 0 0 -1 0 1 0 -1 0 1 0 0 -1 1 2 0 0 0 0 -1 0 -1 0 -2
1 0 0 0 1 0 0 0 0 1 0 0 0 1 0 0 0 0 0 -1 0 0 0 0 1 0 0 0 0 0 0 0 0 0 1 0 0 -1 0 0 1 0 -1 0 0 0 0 0 0 1 0 0 0 0 1 1 0 -1 0 0 0 0 1 1 0 0 -1 0 1 -2 -2 -2 0 1 0 0 0 0 0 0 -1 0 0 1 0 0 1 0 1 1 0 1 1 1 -1 0 0 0 0 0 0 -1 0 0 -1 -1 0 2 0 -1 1 1 0 0 0 0 1 1 0 -1 1 -1 0 0 0 -1 -1 0 0 0 0 1 0 2 0 -1 0 0 0 0 0 0 0 0 2 0 0 0 1 0 0 2 -1 0 -1 0 0 0 0 1 0 0 0 0 0 1 0 0 1 1 0 0 0 2 0 0 0 0 -1 0 -1 0 1 0 0 1 0 2 0 0 0 -1 0 -1 0 0 -1 0 0 0 0 1 0 0 0 -1 0 1 0 0 -1 0 2 0 -2 1 0 0 0 0 0 0 0 0 1 0 0 0 0 -1 0 1 0 0 -1 0 0 0 -1 0 0 0 0 0 0 -2 0 0 0 1 0 0 0 0 0 0 0 0 -1 0 0 0 0 -1 1 0 0 0 0 -2 0 0 0 2 1 4 0 0 0 0 -1 -1 0 0 1 1 0 0 0 0 0 0 0 -1 0 -1 0 0 0 -1 0 0 0 0 1 0 2 1 0 0 0 0 0 1 -1 0 0 0 0 1 0 0 0 0 1 0 -1 1 0 0 1 0 0 1 0 -2 -1 0 0 2 0 0 0 -1 -1 0 0 0 -1 0 0 0 0 -1 -1 2 0 1 0 0 0 -2 2 0 0 -1 0 0 -1 0 0 0 0 1 1 0 0 0 1 1 0 0 12 0 0 0 0 0 0 0 0 0 0 0 0 0 1 1 -1 0 0 0 0 0 0 -1 0 0 0 0 -1 0 0 2 1 0 -1 -1 0 0 0 1 0 1 -1 -1 0 0 -1 1 0 0 2 0 0 0 1 0 0 0 1 0 0 0 0 -2 1 -1 -1 0 0 0 0 -1 1 0 0 -1 0 0
-1 0 0 0 -1 0 -1 1 1 1 0 1 1 0 0 1 -1 0 0 2 0 -1 -1 1 0 0 -1 1 3 -1 0 0 2 1 3 0 0 1 0 1 1 0 0 -1 -1 1 -1 0 1 -1 1 1 0 0 0 2 1 1 1 1 0 -2 0 1 1 0 0 0 1 0 0 0 0 1 0 0 0 0 0 0 0 2 0 -3 -1 -3 1 0 0 0 0 0 -1 0 1 0 0 0 -2 -1 -1 -1 0 0 1 1 -1 1 -2 1 0 2 1 0 0 0 0 0 0 0 0 0 0 1 0 2 2 3 1 1 0 0 1 0 -1 0 -1 1 0 0 -2 1 1 -1 0 -1 0 1 0 1 0 0 1 0 -1 -1 -1 0 0 1 -1 1 -1 -1 0 0 -1 -1 0 1 0 0 0 0 -1 1 0 -1 -1 0 1 2 1 0 0 0 0 -1 -1 0 0 0 0 0 0 0 2 0 1 0 0 0 1 1 0 1 1 0 1 0 -1 0 1 0 2 0 0 0 -1 -1 0 0 0 1 0 1 -2 -1 0 2 -2 1 0 1 -1 0 1 0 0 0 1 -1 0 -1 0 -1 0 0 1 0 0 -1 0 0 0 0 0 -1 0 1 -1 1 0 0 0 -1 1 1 2 0 1 0 2 0 -1 0 -2 -1 0 -2 1 0 -1 1 0 1 0 0 -1 0 0 0 -1 1 0 0 0 0 0 0 0 1 0 0 0 0 1 -3 2 -1 1 -2 0 0 0 1 -2 0 0 1 0 1 0 1 1 1 0 2 0 1 0 1 1 0 0 0 0 0 0 0 0 0 0 -2 0 1 0 0 1 1 2 1 1 0 -2 0 0 1 1 0 0 -1 0 1 0 0 0 0 -3 0 0 0 -1 -1 0 0 0 3 2 -1 0 2 0 20 0 0 0 2 1 0 0 0 -3 -1 -1 1 0 0 -1 2 0 -2 1 0 1 1 0 -2 0 2 0 0 0 0 0 0 0 -1 -1 0 -1 1 -1 1 0 0 -1 0 -2 0 -1 0 0 -1 0 0 1 0 1 0 0 0 3 0 0 0 -2 0 -1 0 1 0 0 0 0 0 0 0 0 -1
0 2 2 1 -1 0 0 0 0 3 -1 -2 0 2 0 1 0 0 0 0 2 1 0 1 0 1 -1 0 -1 1 -1 -1 -1 0 0 -1 0 0 -1 -1 -1 0 -2 0 3 1 1 0 0 0 0 -2 1 2 -1 1 0 0 1 1 -2 -1 -2 0 0 1 0 0 0 0 -3 -1 0 1 -1 0 0 0 1 0 0 -1 0 1 1 2 -1 0 -1 1 -1 1 1 -2 -1 1 0 0 1 2 -2 -1 -1 -1 1 0 0 0 0 1 1 -1 0 0 0 1 -2 0 0 0 0 0 1 0 -1 0 -1 0 0 -1 1 0 1 1 0 0 0 0 -1 1 1 0 1 1 1 0 0 0 0 0 0 0 0 -1 0 -1 1 1 0 0 0 0 0 0 0 1 1 -1 0 1 0 1 1 0 -1 -1 1 2 -2 0 0 -1 1 -1 1 -1 0 0 0 -1 1 0 0 0 1 -2 0 -1 -2 1 0 -2 1 1 0 0 1 -1 0 1 0 2 1 0 0 0 -2 -1 0 1 -1 0 0 -1 1 0 0 0 -1 0 1 -2 -2 0 0 1 -1 0 0 0 0 1 -1 0 -1 1 1 0 -2 0 1 0 0 -1 0 0 0 0 1 0 0 0 0 0 -1 1 0 0 0 1 0 -2 0 1 -1 -1 0 0 0 1 0 0 2 2 1 0 0 0 1 0 1 0 0 0 0 0 0 0 0 -1 0 -1 0 0 0 0 0 0 -1 0 -1 0 0 0 0 0 0 0 1 1 1 0 0 0 1 0 0 0 -1 0 -1 -1 0 0 0 -1 0 0 1 0 0 -2 0 1 2 0 1 -1 -1 -2 -2 -2 0 0 0 1 0 -1 -1 0 1 0 1 0 0 0 0 0 1 -1 0 1 0 0 0 0 0 1 -2 0 0 1 0 0 20 0 0 -1 0 0 0 -1 0 1 0 0 0 0 0 0 0 -1 0 1 1 0 0 0 0 -1 -2 -1 0 0 0 -1 0 0 0 -1 1 0 -1 0 0 0 -1 0 1 -1 0 0 1 0 0 0 2 -2 1 -1 3 -2 -1 -1 -2 -2 0 1 0 -2 2 0 0 0 0 -1 0 -2 1 1
0 0 0 0 0 0 0 0 0 0 0 0 1 0 -1 0 -1 0 0 -1 0 0 1 0 0 0 0 0 0 0 0 0 0 1 -1 2 0 0 0 2 0 0 0 0 0 -1 0 0 0 0 0 1 0 0 0 0 0 0 0 0 -1 0 0 0 1 0 0 1 0 0 -1 0 -1 1 0 1 0 0 1 0 1 0 0 -1 -1 0 0 0 0 -2 0 0 1 0 0 -1 0 0 1 0 1 1 0 0 -1 0 0 2 0 0 1 0 0 0 0 0 0 -1 0 2 0 -2 0 0 0 0 -1 0 -1 0 0 1 -1 0 -3 0 0 0 -2 0 0 0 -1 1 0 0 1 0 0 -1 0 -2 0 0 1 -1 0 0 -1 1 0 1 1 1 0 1 0 1 0 0 0 0 -1 0 0 0 1 -1 1 -2 1 0 1 0 0 0 0 -1 0 -2 0 0 0 0 0 0 0 0 0 0 -1 0 0 0 0 0 -1 0 -1 0 0 0 0 0 0 1 0 0 1 0 0 -1 1 0 0 0 0 -1 0 1 0 1 1 0 0 0 0 0 1 0 0 0 0 0 1 0 0 0 0 0 0 0 0 1 1 0 1 1 -1 0 -1 0 0 0 0 0 0 0 1 0 0 -1 0 0 0 0 0 1 0 0 1 1 1 0 0 -2 0 0 0 1 -1 0 1 1 0 0 1 0 0 0 0 -1 1 0 1 0 1 -1 0 1 -1 0 0 0 0 1 -2 0 0 0 0 0 0 0 0 0 2 0 0 0 0 1 -1 0 1 -1 1 0 1 0 0 0 0 -1 0 1 1 0 0 0 0 0 0 0 -1 0 0 0 1 0 0 0 1 0 0 0 1 -1 0 0 1 1 1 0 0 0 0 0 0 0 0 0 0 0 0 11 1 0 0 0 1 2 0 0 1 0 1 0 0 0 0 0 -1 1 0 0 0 0 1 1 0 1 1 0 -1 0 0 0 0 0 0 0 1 0 0 0 0 0 0 0 0 0 1 0 1 1 2 0 1 0 0 0 -1 0 -1 0 0 -1 0 -1 0 0 1 0 0 0 -2 0 0 0
0 0 -1 -1 1 1 0 -2 0 2 -1 0 2 0 2 0 0 0 0 0 0 0 0 0 0 -1 0 0 1 0 0 0 0 -1 0 1 0 0 0 2 1 1 0 0 0 2 0 1 0 0 0 1 1 0 0 1 0 0 0 0 0 0 1 -1 0 -1 0 2 0 0 0 0 0 0 0 0 0 -1 0 0 0 0 0 1 0 -1 0 1 2 -1 0 0 0 -1 0 -1 -1 -1 0 1 1 2 0 0 -1 1 -1 1 0 0 1 0 0 -1 0 0 -1 0 0 1 0 -2 -1 0 0 1 0 -1 1 0 0 0 0 0 -1 0 0 0 0 0 0 1 1 0 1 1 0 0 0 1 0 0 1 1 1 0 -1 1 0 -2 1 2 0 0 -1 0 0 0 0 0 1 0 0 0 -1 0 0 -1 2 1 0 0 1 0 0 1 0 -1 0 0 0 0 0 0 -2 1 1 0 0 1 0 1 0 1 0 0 0 -1 1 0 0 4 0 1 0 0 0 0 -1 -1 0 -1 0 1 0 0 0 1 0 0 0 0 0 0 2 0 0 0 1 0 0 1 0 2 0 0 0 0 -2 1 1 0 0 1 0 0 0 0 0 -3 0 0 0 0 0 1 1 -1 -1 0 0 0 -1 0 1 0 1 0 0 -1 0 0 1 -1 0 0 0 1 -2 1 0 0 0 2 0 0 0 0 0 0 1 0 1 0 0 2 0 1 1 0 0 -1 1 0 0 0 -1 1 -1 0 -1 1 0 0 1 -1 3 -1 1 0 2 0 0 0 -1 3 0 1 0 0 1 1 1 1 0 0 0 -1 0 0 0 1 -1 0 -1 0 0 0 0 0 -1 -1 0 0 0 0 0 -1 1 -1 0 0 0 1 -1 -1 -1 0 0 1 -1 0 0 0 0 1 16 0 0 0 1 0 0 0 0 0 -1 0 -1 -1 0 1 0 1 0 1 0 1 1 1 1 1 -1 -2 1 0 1 1 0 -1 0 0 1 0 0 0 2 0 0 1 -1 2 1 1 1 1 0 0 0 1 0 0 1 1 0 0 0 0 0 0 -1 0 -1 1 0 0 1 0 0 0
0 0 0 1 0 0 0 0 0 0 0 1 0 0 0 0 1 -2 2 2 0 0 0 -1 0 -1 0 0 0 1 1 0 1 0 1 0 1 2 0 2 0 0 0 -2 0 1 0 0 0 0 0 1 0 -1 0 0 -1 0 0 -2 0 1 0 0 0 0 0 0 0 0 0 0 0 1 0 1 -1 0 0 -1 0 0 1 -1 -1 0 1 0 1 -1 0 -1 0 -1 0 1 0 0 1 0 0 0 0 1 0 0 1 0 0 -2 0 0 0 0 2 -1 0 1 0 0 0 0 0 0 0 0 -2 1 0 0 0 -1 -1 0 1 1 0 1 0 0 0 0 0 0 1 -1 -1 0 -1 0 0 0 0 2 0 0 0 0 0 1 0 0 0 1 0 1 0 0 1 -2 0 0 1 0 0 -2 0 1 1 -1 2 1 2 0 0 1 0 0 0 1 0 0 1 0 0 -1 0 -1 -1 0 0 -1 -1 -1 -1 0 1 1 0 1 0 1 -1 0 0 1 0 0 1 1 0 1 0 0 -1 -2 0 0 -1 1 -2 0 -1 0 1 0 0 0 0 -1 0 0 0 -2 1 0 1 0 0 0 0 0 -3 1 0 0 -1 -1 -1 0 0 0 -1 0 -2 -1 0 -1 1 0 0 2 2 0 0 1 -1 2 0 0 0 -1 -1 0 0 0 0 0 -1 1 0 0 0 0 0 -1 0 0 0 0 0 0 -1 -1 0 -1 0 0 0 0 1 -1 0 -1 0 -1 1 0 -1 -1 0 0 0 2 0 0 1 0 1 0 0 0 -1 1 -1 1 -1 1 -2 1 1 0 0 -2 0 -2 0 2 0 0 0 0 1 1 -1 0 -1 1 0 1 -1 0 -1 0 0 1 0 1 0 0 1 0 1 0 1 1 0 0 -1 0 -1 2 0 2 -1 0 0 17 0 0 0 0 2 0 1 0 0 0 -1 0 0 -1 1 0 0 0 0 -1 -1 0 2 1 0 0 0 -1 0 0 1 0 -2 0 0 0 0 0 -1 0 1 0 1 2 0 1 1 0 0 0 1 0 1 0 0 0 -1 0 -1 -1 -1 0 -2 -1 0 -1 0 -1 0 -1 0 1
-1 1 1 2 0 0 0 -1 0 0 1 0 1 0 -2 1 1 1 0 1 0 -1 2 1 -1 1 0 -1 -1 -1 1 2 2 0 0 0 1 1 1 -1 0 3 1 -1 0 0 0 1 1 0 0 1 0 0 0 -1 0 -1 1 -1 1 0 3 0 0 0 0 0 1 -1 -1 0 0 0 0 1 1 0 0 0 1 1 1 0 -1 0 2 -1 0 -1 0 0 0 -1 0 0 0 0 0 0 2 1 0 0 0 0 -1 1 -1 0 0 0 2 0 1 1 0 0 2 1 0 0 -1 2 0 0 1 2 1 2 0 0 1 -1 -1 1 2 2 -2 -1 -2 0 -1 0 -1 0 0 2 1 0 0 0 0 -1 -1 0 0 0 1 -1 -1 0 0 -1 0 2 0 0 1 1 0 0 1 0 1 0 0 0 2 0 0 -1 1 0 0 -1 0 0 0 2 1 1 1 0 0 -1 1 0 1 0 -1 -1 2 0 0 0 0 0 0 1 -1 1 1 -1 1 1 0 0 0 2 -1 0 -1 1 1 0 0 0 0 1 0 0 -1 0 -1 1 -1 0 0 1 -1 0 2 0 0 0 0 -1 0 1 1 1 0 0 -1 0 0 0 -2 0 0 1 1 0 0 0 0 0 1 0 -1 0 0 1 -1 1 -1 0 0 -1 1 1 -1 0 0 1 1 0 0 1 0 2 1 0 0 0 0 0 -1 2 1 0 -1 1 2 0 0 0 2 1 -1 -1 0 0 1 0 0 0 0 0 0 -1 1 0 0 0 0 0 1 1 -1 -1 0 0 1 1 0 -1 0 0 -1 1 0 -1 0 0 0 1 -1 -1 1 1 3 0 -1 1 0 1 0 0 0 0 -1 0 0 1 2 1 0 2 0 -1 -1 0 0 1 0 0 0 0 0 0 0 1 0 0 0 0 22 2 0 0 -1 0 1 -1 1 -1 0 0 0 1 1 0 0 -1 -1 0 0 -1 0 2 2 -1 -1 0 -1 -1 -1 0 0 -1 1 -1 0 0 -2 0 -1 -2 0 0 0 -1 0 -1 1 0 2 0 0 1 1 0 0 1 -1 -1 1 0 1 -1 -1 0 0 1 1 0 1 -1
0 2 3 0 -1 1 -1 0 -1 -1 0 0 1 1 -1 0 0 -2 2 0 -1 0 0 0 0 0 1 0 -1 -1 -1 -1 0 1 1 -1 0 1 -1 0 -1 0 0 0 0 0 0 -1 -1 0 -1 1 1 0 1 0 0 0 1 -3 -1 1 0 1 0 0 -1 0 -1 -1 -2 -1 0 -1 -1 0 0 0 1 3 0 -1 0 1 0 -1 0 0 -1 0 -1 2 0 0 -1 0 -1 0 -1 -1 -1 0 -2 0 1 -1 0 -1 0 0 0 1 -1 0 0 -1 -1 2 -1 0 0 0 1 0 0 0 1 0 -1 -2 -1 1 -2 0 0 0 2 1 1 -1 -2 0 -1 0 -1 0 -1 -1 0 2 -1 1 2 -1 0 0 -1 0 -1 0 -1 0 0 1 1 -1 2 0 1 1 0 0 0 0 0 2 0 0 2 2 -1 -2 0 1 0 0 -2 2 0 -1 0 0 1 -1 -1 1 0 0 -2 1 0 -1 0 0 1 0 0 0 0 -1 -1 -1 0 -1 1 0 0 0 0 1 -1 0 0 0 -1 0 0 1 0 0 -1 0 0 0 0 2 0 0 1 0 1 0 -1 0 0 -1 0 0 0 0 0 2 2 -1 -1 -1 0 1 0 0 0 -1 0 0 0 1 -1 1 1 -1 0 -1 0 0 1 0 0 0 -1 0 0 1 0 -1 0 0 0 0 0 1 0 0 0 0 -1 0 0 0 0 2 0 0 -1 -2 0 -1 -3 0 1 -1 -1 0 0 0 0 0 -1 -1 -1 2 0 0 0 0 0 1 0 -1 0 1 0 1 -1 1 0 0 0 0 -1 0 1 0 2 1 0 -2 -1 -1 0 0 1 2 1 0 0 0 0 -1 0 -1 1 0 1 0 -1 -1 1 0 0 1 0 0 0 0 0 -1 -1 -1 0 -2 1 0 0 0 0 0 0 0 2 19 0 -1 0 0 0 0 0 -2 0 1 0 0 1 0 0 0 0 1 0 -1 -1 -1 0 -2 -1 0 0 0 0 1 1 1 1 0 1 1 -1 -1 1 0 0 0 1 -1 0 0 1 1 0 -1 -1 0 0 0 1 0 0 -1 0 0 0 -1 1 1 0 1 0 -1 0 -2
-2 0 0 0 0 0 0 -1 1 0 0 0 2 0 -1 0 0 1 0 0 1 0 0 -1 1 0 0 2 0 0 0 0 1 1 -1 0 0 1 1 -1 0 0 1 -4 -1 1 -2 1 0 0 0 1 0 -1 0 -1 0 -1 2 0 0 -1 0 1 0 0 0 0 1 1 -1 0 0 1 2 0 0 -2 1 -1 -2 0 0 0 1 0 -1 0 1 -3 -1 -1 1 -1 1 -1 1 0 0 0 0 -1 0 -1 1 0 -2 0 1 1 0 0 0 0 1 1 1 2 0 0 1 1 0 0 -1 0 0 -1 0 0 -1 1 -1 1 2 0 2 0 1 0 0 0 -1 0 1 0 -1 0 0 -1 0 -2 -1 0 2 0 -1 0 0 0 0 0 1 1 0 0 0 -1 0 0 0 2 0 0 0 0 0 -1 -3 1 -1 0 1 0 0 0 0 0 0 -2 0 0 0 0 1 2 2 0 0 0 -1 0 0 0 0 0 0 1 0 -1 -1 0 -1 1 -1 0 0 0 0 0 0 0 0 1 0 0 0 -1 1 2 -2 0 0 0 -1 0 -2 0 0 1 1 0 -1 0 0 0 1 -1 0 1 -1 0 0 2 0 -1 -1 -1 1 1 0 0 0 0 0 0 1 -1 -1 2 -2 0 0 0 1 -2 0 1 -1 0 1 1 1 -1 0 0 0 0 -1 1 -1 0 0 -1 0 0 0 0 -1 0 2 1 -1 1 0 0 0 1 0 0 1 -1 0 1 0 -1 0 0 -2 0 0 0 1 1 0 0 0 -1 0 2 2 2 -1 -3 0 -1 0 1 0 0 0 -1 -1 0 0 1 0 0 -1 2 0 0 0 0 0 0 -1 0 -1 0 0 0 1 0 -1 -2 2 0 0 -1 0 2 0 -1 0 -1 0 0 0 1 0 0 0 0 0 1 1 0 0 0 23 0 1 0 -1 2 1 0 1 1 0 -1 0 0 1 3 -1 1 0 0 -1 0 0 0 0 -1 0 0 0 0 0 -1 1 0 0 0 0 1 1 0 0 0 0 1 1 0 1 0 -1 2 2 0 0 0 0 0 0 1 0 -1 0 0 -1 0 0 0 1 0 0 0
1 0 -1 0 -1 0 0 0 0 1 0 0 0 0 -1 -1 0 0 2 1 0 0 -1 0 2 0 0 1 0 0 0 0 -1 1 -1 -1 -1 0 0 0 0 0 0 1 1 0 1 0 -1 0 0 1 0 1 0 1 1 0 0 0 0 0 1 0 0 0 2 0 0 0 0 1 0 0 0 -1 1 1 -1 0 1 -1 2 0 -1 0 0 0 0 -1 0 -1 0 0 0 1 0 -1 -1 -2 0 0 0 1 0 0 0 1 0 0 0 0 1 0 0 0 0 0 2 0 0 1 0 0 -1 0 2 0 0 0 0 -1 0 0 -1 1 0 0 1 3 0 0 0 0 1 -1 1 2 0 0 0 -1 0 0 2 0 1 0 -1 0 1 -1 0 0 0 0 0 0 0 0 1 -1 0 0 0 0 0 0 1 0 0 0 0 0 -1 0 0 -1 0 0 0 -1 0 2 1 0 -1 0 0 0 0 1 0 0 1 1 0 0 0 0 0 -1 1 -1 -1 0 -1 0 1 0 0 1 0 0 -1 -1 0 0 -1 1 0 -1 0 0 1 0 0 0 1 1 0 -1 0 0 0 0 0 -1 0 0 -1 0 0 -2 1 0 0 1 1 0 0 0 0 0 -1 0 1 0 0 -1 0 -1 -1 0 0 -1 0 1 0 0 2 0 0 0 -1 -1 1 -1 0 1 -1 0 0 0 0 0 1 3 0 0 1 0 2 1 1 0 2 0 -1 0 0 0 0 0 0 2 0 0 -1 0 0 0 0 0 0 -1 0 1 0 -1 0 0 -1 -1 0 0 1 -1 -1 0 -1 0 0 -1 0 2 0 2 0 -1 0 0 0 0 0 1 0 0 1 1 0 0 1 0 0 -2 0 0 -1 1 2 0 1 0 1 1 0 0 1 0 0 1 0 0 -1 2 0 0 0 -1 0 16 0 0 0 0 0 -1 0 0 0 2 0 0 0 0 0 0 0 1 2 1 1 0 0 2 -1 0 0 0 0 0 1 0 1 0 1 0 1 1 1 0 -1 1 -1 0 1 0 0 0 2 0 0 0 0 0 -1 0 0 0 0 -1 0 0 0 0 0 0 0 -2
-1 -1 0 -1 -1 1 1 0 1 0 1 0 -1 0 -1 2 2 0 0 3 0 1 0 0 0 2 1 1 -2 0 0 -2 -1 0 -1 2 -1 0 1 0 0 0 0 -1 3 0 0 1 -1 0 0 0 0 0 0 0 0 0 0 0 0 -1 0 -1 0 0 0 1 0 1 2 0 0 -2 0 0 2 3 -3 -1 0 -1 0 2 0 2 -1 0 0 0 0 1 0 0 0 0 0 0 1 0 0 0 0 1 -2 0 0 0 0 0 0 -2 -1 -1 0 0 0 1 -1 0 1 0 0 1 1 -1 1 -1 -2 0 1 -2 0 1 3 0 0 -1 0 0 0 -1 0 -1 0 1 0 -1 -1 0 -1 0 0 0 0 -1 0 1 -1 0 -1 0 2 0 1 3 -1 0 0 -2 1 -1 -1 0 0 2 1 0 0 0 0 0 0 0 0 1 0 0 -1 -2 1 0 -1 0 0 1 -1 -2 -1 0 -1 0 0 -1 0 0 0 0 0 2 -1 1 0 0 -1 1 2 1 1 3 0 0 2 -1 0 0 1 0 0 0 0 -1 1 1 1 0 0 0 1 -1 0 1 0 0 0 0 1 1 -1 0 3 0 -1 0 0 0 0 3 0 0 -1 0 0 0 0 0 0 0 0 -1 -1 1 0 0 0 0 1 0 0 1 0 0 0 -1 0 0 0 0 0 1 -1 -1 2 -1 -1 -1 3 0 2 0 2 -1 -1 0 0 0 0 1 0 0 -1 -1 -1 0 -1 0 0 0 -1 0 0 0 0 1 0 -2 1 -1 2 1 -1 1 1 1 0 1 0 2 0 0 0 1 0 -1 1 1 -1 1 1 1 -1 0 0 1 0 0 0 2 1 1 2 1 0 2 0 0 2 -1 0 0 -1 0 -2 0 -1 0 0 -1 -1 -1 0 -2 0 -3 0 0 0 2 -1 0 1 0 24 3 0 2 1 1 0 0 0 -3 -1 0 -2 1 1 0 0 0 -1 0 3 0 3 0 1 0 0 1 0 -1 -2 0 0 -1 0 1 1 0 0 -1 1 1 0 -1 -1 2 0 0 0 -1 1 -1 0 0 0 1 0 -1 0 0 0 -1 1 0 0 0 0 0
-1 2 0 1 -1 0 0 0 0 -1 1 0 -2 0 1 0 1 0 0 0 0 0 1 0 0 0 0 0 0 -1 0 0 2 0 1 -1 0 1 1 1 -1 0 0 1 2 0 0 2 -1 0 0 -1 0 0 0 -1 1 0 -1 1 0 0 0 0 -1 0 1 0 -1 0 0 0 0 0 0 0 0 -1 1 -1 0 0 0 -1 0 1 0 1 0 0 0 0 1 2 0 0 0 0 0 -1 0 0 0 0 -1 0 -1 0 0 -2 0 1 -3 0 0 0 -1 2 0 -1 0 1 0 0 2 0 3 -1 -1 -1 1 -1 0 0 2 1 0 0 0 0 1 0 -1 0 2 0 1 -1 0 -1 0 -1 0 -1 1 0 0 0 0 0 0 1 0 0 1 1 1 0 0 -1 -1 -3 0 0 -1 1 0 -1 0 0 -1 0 -1 0 0 1 1 -1 -2 0 0 1 -1 0 1 1 1 -1 0 0 0 1 2 -2 1 0 1 1 1 0 0 -1 0 -1 -1 0 1 2 -1 -1 0 0 0 0 -3 0 0 -1 0 -1 -1 1 0 0 -1 0 0 0 0 -5 2 -1 0 0 -1 1 0 1 -1 0 -1 1 0 0 0 0 1 1 -2 0 -1 1 1 0 0 2 0 -1 1 1 1 1 0 0 0 0 0 1 2 -1 0 0 1 0 -1 -1 2 0 0 0 1 0 0 0 0 -1 3 0 1 0 -1 0 2 1 0 0 0 1 1 -1 -1 0 0 -1 -2 -2 -1 -3 0 -1 0 0 0 0 1 -1 1 0 0 0 0 0 2 -1 1 1 2 0 0 -1 0 1 -1 0 0 -2 0 1 1 0 -2 1 0 1 0 1 0 -1 0 0 0 0 0 -2 2 0 0 1 0 0 0 0 0 1 0 0 2 -1 0 -1 1 1 0 -1 1 0 0 0 0 0 0 0 3 21 0 1 1 1 1 0 1 -2 -1 0 0 0 0 1 1 0 -1 0 3 -1 0 -1 2 0 1 -3 1 0 0 0 -3 0 2 0 1 0 1 0 0 0 0 0 -2 1 1 -1 0 0 1 0 -1 0 1 -1 1 1 0 0 1 2 0 0 0 1 0 1
1 -1 1 1 1 -1 0 0 1 1 -1 0 2 1 -1 0 3 0 0 0 -1 0 1 1 1 0 -1 0 -1 1 0 -1 2 -1 1 1 0 0 0 1 0 0 -1 0 1 1 0 0 2 0 0 -1 0 1 -2 0 1 -1 0 2 0 0 0 0 1 0 0 0 -1 1 0 1 0 2 0 1 0 1 0 1 0 1 2 1 1 3 -1 0 1 0 0 0 0 0 0 1 0 1 0 0 1 -1 -1 1 0 0 0 0 0 1 -2 1 0 0 1 1 0 0 2 1 0 1 0 -1 -1 0 1 0 1 0 0 0 0 1 0 0 0 1 -1 0 0 0 1 1 0 1 0 0 0 0 0 0 -1 0 2 0 0 0 -1 1 0 0 2 0 0 1 1 0 0 0 0 -2 1 0 1 1 1 2 2 -1 1 0 -1 0 -1 2 0 -1 0 1 0 0 0 1 0 0 1 0 0 0 0 0 1 0 -2 0 0 0 1 -1 0 0 1 0 1 1 0 0 1 1 1 0 0 0 0 0 2 -2 2 0 1 0 0 0 0 -1 1 1 1 1 1 0 1 0 0 -1 1 -1 0 0 1 -1 0 1 1 1 0 0 2 0 1 0 0 0 0 0 -1 0 2 0 0 0 -2 0 -1 0 1 0 1 0 0 0 1 0 -1 1 1 0 0 1 0 1 1 1 -1 0 0 -1 0 0 1 0 0 1 1 1 0 0 0 0 0 0 0 1 0 -1 0 0 3 0 0 1 -1 1 0 1 -1 -1 0 1 0 1 -1 2 2 1 0 0 -1 0 -1 -1 0 0 1 0 0 1 -2 0 0 2 1 2 1 -1 -1 0 0 1 -1 0 0 2 0 0 1 0 0 1 0 0 2 2 1 1 1 0 0 0 0 0 0 -1 0 1 0 1 1 0 -1 0 0 0 19 0 0 -1 0 0 -1 1 2 0 0 1 -1 0 0 2 0 -1 0 2 -1 1 0 1 0 0 0 0 1 0 0 0 1 0 0 1 0 1 0 0 -1 2 0 1 -1 1 0 0 -1 -1 0 1 -1 -1 0 0 0 0 1 0 1 0 -1 0 1 1
0 -1 0 -1 1 0 0 -2 0 0 0 0 0 0 -2 1 0 0 0 0 1 1 0 -1 1 1 1 1 0 1 0 1 1 0 -2 0 -2 1 0 2 -1 0 0 0 0 1 -1 -1 -2 0 0 0 0 -1 0 0 0 0 0 -1 0 0 -1 1 -1 -1 0 -1 -1 2 1 0 1 0 0 0 0 0 -1 2 -2 1 0 -1 1 0 0 0 0 1 -1 0 0 1 -1 -1 1 -1 0 1 2 0 0 -1 1 0 0 0 1 -1 -1 0 0 2 2 2 -1 0 -1 0 1 -1 0 1 -1 0 1 0 -1 -1 0 1 -2 0 0 -1 0 0 1 -1 0 2 0 0 0 0 -1 1 0 1 -2 -1 0 -1 1 -1 -2 0 0 1 0 2 2 2 1 0 -1 -1 0 0 -1 0 0 0 0 2 1 2 -1 0 -1 0 0 0 1 -2 0 0 0 -1 0 1 0 0 -1 0 0 1 0 0 1 0 1 -1 1 0 0 1 0 -1 0 0 0 0 -1 1 0 -1 -1 0 0 0 -1 -1 2 1 0 0 1 1 0 -1 0 0 0 0 0 -1 0 -1 0 1 0 0 -2 0 -1 0 -1 -1 0 1 0 2 -1 1 1 1 1 -1 -1 -1 -1 0 1 -1 -1 -1 1 0 0 1 1 -1 -1 0 1 1 1 0 1 -1 -1 -1 0 3 -2 1 0 0 -2 0 0 0 -1 0 -1 0 1 0 0 1 1 0 0 0 0 -1 1 -2 1 0 0 1 -1 2 0 0 3 -1 -1 -1 -1 0 0 0 0 0 1 -1 0 -1 0 0 2 -2 1 0 0 1 0 1 0 0 1 -1 -2 1 0 3 0 0 1 0 0 0 0 0 0 0 0 0 0 1 0 0 1 3 -1 -1 0 -1 -1 0 -1 1 1 0 -1 0 0 0 0 1 0 0 0 0 -1 0 2 0 2 1 0 21 -1 0 0 -1 0 -1 -1 0 1 0 1 1 0 1 0 0 1 0 1 0 -1 0 0 1 0 0 -1 2 0 0 0 0 1 0 0 0 0 1 -1 -1 0 2 -1 -1 -1 0 0 0 -1 3 0 1 0 0 1 0 1 0 1 1 -2 0 0 1
-1 0 0 0 0 0 2 -1 1 0 0 1 0 0 0 0 0 -1 0 -2 0 0 1 -1 0 0 3 -1 0 0 1 0 2 0 0 0 0 0 1 0 1 1 3 -1 2 1 1 1 0 0 0 2 0 0 2 -1 0 1 0 0 0 0 0 0 0 1 0 1 0 0 -1 0 1 0 0 0 0 1 0 1 1 0 -1 -2 0 0 0 0 1 0 0 0 0 2 0 1 1 0 0 0 1 0 0 1 0 -1 -1 0 -1 -1 0 -1 -1 0 0 0 0 -1 0 0 0 1 0 0 -1 0 0 0 0 1 0 0 0 0 1 0 0 0 0 1 0 0 -1 0 -1 0 1 0 0 0 0 0 0 0 0 1 1 0 -1 0 2 2 0 0 2 1 0 0 0 0 0 0 0 1 0 -1 1 0 -1 0 -1 0 2 0 0 0 0 0 0 0 0 0 0 0 -1 0 0 1 0 0 -2 0 1 0 0 0 2 0 0 0 0 -1 1 0 1 0 1 0 1 0 2 0 0 0 0 0 0 0 3 0 0 1 0 0 0 0 0 0 0 0 2 0 -1 -1 1 0 0 0 1 0 0 0 0 -1 0 0 0 0 0 -1 -1 0 -1 0 1 0 0 1 1 0 -1 0 1 0 0 0 0 0 0 -1 2 -2 1 1 1 1 2 1 3 0 0 0 -2 -1 0 0 2 0 0 0 0 0 0 0 0 0 1 0 1 1 0 0 0 2 0 0 0 1 0 1 1 -1 0 0 0 0 0 0 0 0 0 1 0 1 1 0 0 -1 -1 1 -1 -1 0 1 0 1 0 1 0 0 -1 0 0 0 0 0 0 -1 1 -1 0 0 0 1 0 -2 0 1 -1 1 0 0 1 0 0 1 1 0 -1 0 0 0 1 0 0 1 -1 0 1 0 1 0 1 1 0 -1 18 -1 0 0 0 0 0 -1 0 0 1 0 1 0 0 0 -1 -1 -1 0 1 -1 0 -1 0 0 0 -1 1 -1 0 1 0 -1 0 0 0 0 0 1 1 0 1 0 1 0 0 2 0 -2 1 0 0 1 0 0 1 2 0 -1 -1 0 0 0
1 -1 -1 1 1 1 0 0 3 0 0 0 0 0 0 1 0 2 0 0 0 -1 0 3 0 2 1 0 -1 0 0 0 0 0 0 2 0 2 1 0 1 -1 -1 -1 3 2 2 0 2 0 1 1 0 0 0 0 -1 0 1 2 1 -1 -1 0 0 0 2 0 0 0 0 0 0 1 -1 2 0 0 0 0 -2 0 2 0 -1 0 -1 0 0 0 1 -1 2 1 -2 -1 -1 -1 0 -1 0 0 1 0 1 0 1 -1 2 0 0 0 0 0 -1 0 1 0 0 -2 -1 0 0 0 1 0 1 0 1 -3 0 0 0 3 0 -1 -2 -1 2 -1 0 -1 0 0 0 -1 1 0 0 0 0 0 0 0 -1 0 0 0 1 -2 1 1 1 0 0 1 0 1 1 0 0 0 0 0 1 1 0 0 0 0 0 2 1 1 0 0 0 1 0 0 0 0 -1 0 1 0 1 0 1 -2 0 -1 1 0 -1 -1 0 -1 2 1 1 0 -1 0 0 0 0 0 1 0 3 0 0 1 0 0 1 -1 1 0 0 -1 0 0 0 -1 0 0 -1 -2 2 0 1 0 1 -1 0 1 0 3 0 2 2 1 0 0 0 0 2 0 0 1 1 0 0 0 0 0 0 -1 0 0 -2 0 1 1 1 0 1 1 -2 -1 0 0 1 0 -1 1 0 1 2 0 1 0 0 -1 0 1 0 1 -1 3 1 -2 0 1 -1 1 -1 0 -1 0 0 0 0 0 1 0 1 1 0 0 1 1 0 2 0 0 1 -1 0 0 0 2 0 -1 1 2 2 1 0 1 -1 0 -2 1 0 0 0 1 0 -1 0 -1 0 1 0 0 1 0 0 -3 0 0 2 -1 1 1 0 0 0 0 3 0 2 0 0 1 0 0 0 0 1 0 0 0 0 0 -1 -2 0 -1 1 1 -1 0 -1 22 -1 0 0 1 0 -1 2 3 3 2 1 0 0 1 0 2 2 0 0 0 1 0 0 0 0 0 0 0 6 1 1 -1 1 1 1 -1 3 0 0 2 1 0 0 0 3 0 0 2 0 0 0 1 0 -1 1 0 1 2 0 0 0 0
0 0 0 0 0 0 -1 0 0 1 1 1 0 1 -1 0 0 1 -5 1 0 -1 -2 0 1 1 1 0 -1 0 -1 0 0 -1 0 0 0 -1 -1 -1 0 0 1 0 -1 0 -1 -1 -1 0 0 0 0 0 1 0 -2 0 0 0 0 0 0 0 0 -1 1 0 1 -1 0 0 0 0 0 -1 0 0 1 1 1 0 -1 1 0 1 -1 1 1 -1 0 -1 1 0 1 2 0 1 1 1 3 -1 1 2 1 0 1 1 0 0 1 1 0 -1 -1 1 0 0 0 0 0 1 -1 0 -1 0 1 0 0 0 0 3 1 0 1 1 1 0 -1 1 -1 -1 0 0 0 0 1 1 -1 -2 0 0 0 0 1 0 1 1 -1 0 0 2 1 0 0 2 0 0 0 0 -1 0 0 0 0 1 0 -1 -1 -2 -1 0 -1 0 1 0 1 -1 0 0 1 1 0 -2 1 -1 1 0 1 0 -1 0 -1 0 3 1 0 1 0 0 0 0 -2 0 0 1 0 -1 1 -2 0 0 0 0 0 1 2 0 0 1 0 1 0 0 0 1 0 0 1 1 1 -2 -1 0 0 1 0 0 -1 1 1 0 0 -2 0 0 0 -1 0 -1 0 0 1 0 0 0 0 0 1 0 0 -1 0 0 0 -2 0 -1 0 1 0 1 0 1 -1 -1 1 1 0 0 0 0 -1 0 0 0 0 1 0 1 0 0 1 0 0 0 1 0 0 0 0 0 0 1 0 -1 0 0 1 0 1 0 0 0 0 -3 0 -1 -1 0 0 0 1 0 1 -1 1 -1 1 0 2 1 0 0 1 0 -1 -1 0 1 0 -1 -1 -1 -1 0 1 1 0 0 0 0 0 0 -1 -1 0 1 0 0 0 0 1 2 1 0 1 0 0 1 0 0 -1 -1 0 0 -1 -1 0 0 1 0 0 1 0 0 0 -1 17 0 0 -1 -1 0 -1 0 0 0 0 0 2 0 1 1 0 0 -1 2 -2 0 0 0 0 0 3 0 0 1 0 0 -1 0 -2 1 1 0 0 0 -1 0 0 0 1 1 0 0 0 -1 0 0 1 0 1 0 0 0 0 0 0 -1
1 1 0 0 0 0 0 0 0 0 0 0 2 0 0 0 -1 0 0 1 0 -1 0 0 0 0 1 0 -2 0 0 0 1 0 0 0 0 0 -1 0 0 -1 1 -1 -1 0 0 0 1 0 0 -1 0 -1 0 0 2 1 0 3 0 0 -1 1 0 0 0 0 1 0 0 0 0 1 0 0 1 0 0 0 0 0 0 0 0 -2 1 0 1 0 0 -1 0 0 0 0 -2 0 1 -1 -1 -1 1 0 0 1 -1 1 0 0 0 0 1 0 0 -1 0 1 -2 -1 0 0 1 0 0 0 1 0 1 0 -1 2 0 -1 1 0 -1 -1 1 0 -1 1 0 0 0 1 -1 0 1 0 1 -1 -1 -1 0 -1 -2 0 1 0 -1 2 0 1 1 -1 0 0 0 1 -1 0 0 0 1 0 0 0 0 1 0 0 0 0 0 -1 0 -1 0 0 -1 0 1 0 0 -1 0 0 -1 1 0 0 0 -1 2 1 -1 0 0 0 0 -1 -1 0 0 -1 2 1 0 1 1 0 0 0 0 0 -1 2 0 1 0 0 0 -1 0 0 0 -2 0 0 0 1 0 0 0 -1 -2 -1 1 0 0 0 0 -1 0 0 0 0 0 1 1 1 -1 0 0 0 1 0 0 0 0 0 1 0 -1 0 0 2 -1 1 0 0 0 -1 1 1 0 -1 0 0 0 0 -3 0 1 0 0 0 0 0 1 -1 -2 0 0 0 0 0 0 1 1 -1 0 0 0 -2 0 1 0 1 2 1 0 1 0 0 0 0 -1 -1 1 1 0 1 1 0 0 -1 -1 -1 0 0 1 1 0 0 1 2 -2 -2 1 0 1 1 0 0 0 1 0 0 1 -1 0 1 0 0 0 0 1 0 0 -1 2 0 0 0 1 -1 1 0 0 1 0 2 0 0 -1 0 0 1 1 0 0 0 0 -1 0 0 0 15 0 0 0 0 0 0 1 0 -1 1 0 -1 1 0 0 0 1 -1 2 0 0 0 0 -1 0 0 1 0 -2 -1 0 0 0 -1 1 0 0 0 -1 0 0 0 0 0 0 -1 -1 -1 0 1 1 0 0 -1 -1 0 0 0 1 0
0 1 -1 0 0 0 1 0 0 0 0 0 0 -1 0 1 0 0 1 0 -1 0 0 1 0 1 0 -1 0 0 0 0 0 0 0 0 2 1 0 0 -1 -1 0 0 0 0 0 1 2 0 -1 1 0 -1 0 0 0 0 1 0 2 0 1 0 -1 0 0 0 0 0 0 0 0 0 0 1 -1 0 0 -1 0 0 0 1 -1 0 0 -1 0 0 0 0 0 0 0 0 0 0 0 0 -1 0 0 2 0 0 0 0 0 0 -1 0 0 -1 1 0 0 0 0 0 0 -1 0 1 0 0 0 0 -1 1 0 0 1 0 1 0 0 1 0 0 0 1 2 0 1 1 0 1 1 0 1 0 0 -1 0 0 0 1 0 0 0 0 0 0 -1 1 -1 1 0 0 1 -1 2 1 0 0 0 0 1 0 0 0 0 0 0 1 0 0 -1 0 1 0 0 0 0 1 -2 1 1 0 0 1 0 0 0 1 0 0 0 -1 1 0 0 0 0 1 0 0 0 1 0 -1 1 0 -1 0 1 0 1 0 1 1 0 0 0 1 1 0 1 0 1 0 0 0 0 0 1 0 0 0 0 1 0 0 -1 0 0 -2 0 0 -1 0 0 0 1 0 0 -1 0 0 1 0 -1 -1 0 0 0 0 -1 -1 0 0 1 -1 0 0 0 0 -1 1 0 0 1 1 0 0 1 0 0 0 1 1 0 0 1 1 0 1 0 0 -1 0 0 0 0 -1 -1 1 1 0 2 0 0 0 0 0 0 0 1 1 0 0 0 0 0 0 0 0 0 0 0 1 0 0 0 0 0 0 -1 1 1 -1 0 1 1 0 0 0 0 -1 0 1 1 0 1 0 1 0 0 0 0 1 0 0 0 0 1 0 0 0 0 0 0 0 0 0 0 0 0 0 0 0 0 1 -1 0 0 0 0 0 12 0 0 0 0 0 0 0 0 0 0 1 1 0 0 0 1 0 0 0 0 2 -1 -1 0 0 0 0 0 0 -1 0 1 0 0 -1 0 0 -1 0 0 0 2 0 -1 0 0 0 0 0 0 0 0 -2 -1 0 0 0 -1 0
1 0 0 1 0 0 0 0 -2 0 0 0 0 1 0 0 0 2 0 0 0 0 -1 0 0 -1 0 0 -1 0 0 2 -2 -1 -1 1 0 0 0 -1 0 0 -1 -1 0 0 0 1 0 0 1 1 -1 1 0 1 -1 -1 -2 0 -1 0 0 0 0 2 0 0 2 0 -1 0 0 0 0 -1 1 0 0 1 0 -1 1 2 -1 1 -1 0 1 0 0 1 0 -1 0 -2 0 0 0 1 1 1 1 1 0 1 -1 -1 0 0 0 0 0 0 -1 0 1 -1 2 0 -1 -2 -1 0 -1 0 1 0 0 0 0 1 0 0 -1 -1 -2 -2 1 0 0 2 1 0 1 -1 0 0 0 1 0 1 0 1 1 -1 -1 0 0 0 0 0 0 0 0 -2 -1 0 0 -1 2 2 1 0 0 -1 0 0 0 1 -1 1 0 2 0 -1 0 1 2 2 0 0 0 0 1 1 0 0 -1 0 0 2 1 0 0 0 -1 0 0 1 1 0 0 0 0 0 0 0 1 1 0 0 0 0 0 0 2 0 0 -1 0 0 0 0 0 0 0 0 -1 1 1 0 0 1 0 0 -2 1 -1 1 -1 0 1 0 0 1 2 -1 1 0 -1 1 0 0 -1 -1 0 0 0 -1 -1 1 1 1 1 1 0 0 1 -1 0 -2 0 -1 0 0 0 0 -1 0 -1 0 0 -1 0 1 0 0 -1 -1 1 -1 1 0 0 0 -1 0 -1 2 -1 0 0 0 0 2 0 1 0 -1 0 0 0 0 -1 1 1 -1 0 0 0 -1 -1 1 0 -2 0 -2 0 1 1 0 1 0 -1 0 1 0 0 -1 1 1 1 0 1 0 1 1 -1 0 0 0 0 0 0 -1 0 0 2 0 0 0 1 -1 -1 0 0 0 -2 2 -1 -2 0 -2 -1 0 1 -1 1 0 -1 2 -3 -2 1 -1 0 1 -1 0 0 18 1 -1 1 0 0 0 2 0 -1 0 0 -1 -1 1 -1 2 1 1 0 -1 3 0 2 0 2 0 -1 1 2 1 0 -1 0 -1 1 -1 0 -1 -1 0 -1 0 0 -1 0 0 0 0 0 1 0 0 0 0 -1 0 0 0
0 0 1 1 0 0 0 0 -2 0 0 0 0 0 0 1 2 -1 0 0 0 0 0 0 0 -1 0 -1 0 -1 0 0 0 0 0 0 0 0 -1 -1 0 0 0 -1 0 2 -1 0 1 0 0 -1 -1 1 1 0 1 -1 -1 0 0 -1 0 0 1 1 0 0 0 1 0 1 0 0 0 0 1 1 1 1 -1 0 2 0 -2 0 0 0 1 0 0 0 1 0 1 2 0 0 0 -1 0 1 0 1 0 0 0 0 -1 2 -1 0 -1 1 0 1 0 0 2 2 0 -1 -1 -1 1 0 3 1 1 -1 1 0 1 1 2 0 0 1 2 0 -1 0 -2 0 0 1 0 -1 0 1 1 0 0 1 0 2 0 2 0 1 0 0 0 0 0 0 1 0 0 1 0 1 0 1 1 0 0 0 1 0 0 -1 0 0 1 0 0 1 -1 0 0 -2 0 0 0 0 0 -1 1 0 0 1 2 1 -1 0 2 -1 1 1 0 -1 1 0 0 0 -1 -1 1 2 2 0 0 1 1 0 1 0 0 1 0 0 0 0 0 1 0 0 -1 0 -1 0 -1 -1 0 0 1 0 0 0 0 1 0 1 0 1 -1 0 0 0 0 1 1 1 0 1 1 0 1 0 -1 0 -1 0 0 -1 0 0 -1 1 1 0 0 0 0 0 -1 0 -1 0 2 2 0 0 -1 -1 2 0 0 0 0 1 -1 1 1 0 1 0 1 1 1 -1 0 -1 1 0 1 0 0 0 0 0 0 -2 0 1 -1 0 0 0 1 1 0 0 -1 1 -1 0 0 0 0 0 0 1 1 1 0 0 -1 0 1 2 -1 0 0 0 0 3 0 -1 0 -1 0 0 1 0 1 0 0 0 1 0 1 -1 0 0 1 0 1 0 1 0 0 1 0 -1 0 1 1 1 0 0 -1 -1 2 -1 0 0 -1 0 0 1 17 0 0 1 0 -1 1 1 0 0 -2 1 -1 0 0 0 2 2 0 -2 1 -1 0 0 0 1 1 0 0 1 0 1 1 0 1 2 1 1 0 1 2 1 3 0 -2 2 2 0 0 0 0 0 1 -1 0 0 0 1
1 -1 0 0 0 0 0 0 0 2 -1 0 0 0 -1 -2 0 -1 0 -1 0 0 1 -1 0 0 0 0 0 0 1 0 1 1 -1 1 -1 0 0 -1 0 0 0 -1 1 0 -1 1 0 -2 0 0 -1 0 0 -1 1 1 0 1 0 0 0 0 0 1 1 0 0 1 -2 1 0 0 -1 2 -1 0 0 0 0 1 0 1 1 2 0 -1 0 0 0 1 0 0 0 -1 1 0 0 0 1 -1 0 0 1 0 0 0 0 1 0 0 0 1 1 1 0 1 -2 0 0 -1 0 0 0 0 -1 0 0 0 0 -1 0 0 -1 1 -1 0 -1 0 1 0 -1 0 -1 1 -1 0 -1 0 0 0 3 1 0 0 1 2 0 -1 0 0 0 0 -1 0 0 -1 0 1 0 0 0 0 0 1 0 0 -1 0 0 0 1 0 -1 0 0 0 -1 -1 0 0 0 0 0 0 -1 -1 1 0 0 0 -1 0 0 0 0 -1 0 0 1 0 1 0 0 0 1 0 0 0 1 0 0 0 2 0 0 0 0 0 0 0 1 0 2 0 0 0 0 1 -1 0 0 -1 1 0 1 0 0 0 0 0 -1 1 2 0 0 0 0 1 0 0 0 0 0 1 0 0 0 0 0 -1 1 1 0 1 0 1 -1 -1 -1 -1 0 -1 0 0 0 0 0 0 1 2 1 1 0 1 0 0 0 0 0 0 2 0 0 0 -1 0 0 0 1 1 0 0 0 1 0 1 0 -2 0 1 -1 1 -1 0 0 -1 0 0 0 0 1 1 0 0 0 -2 0 -1 2 1 0 -1 0 -3 0 0 -1 0 0 0 -1 0 0 0 1 0 0 0 0 0 0 0 0 2 0 0 0 1 0 0 0 -1 0 0 0 0 -1 0 0 1 0 0 1 1 1 0 0 0 0 0 0 0 0 0 -1 -1 0 0 0 -1 0 16 -1 0 0 0 -1 0 0 0 0 1 1 -1 0 0 0 0 0 0 0 0 1 0 -1 -1 0 2 -1 0 0 0 0 1 -1 0 1 -1 -1 -2 0 1 0 1 0 1 0 -1 0 1 -1 -1 0 0 0 1 0 -1
-1 -1 0 0 0 -1 0 0 1 -1 -1 2 0 0 0 0 -1 0 -1 2 -1 0 0 0 0 -1 0 -2 1 -1 0 0 1 1 2 0 0 0 -1 0 -1 -2 0 -3 1 0 0 -1 2 0 -1 2 2 1 -2 1 1 0 0 -1 0 -1 2 -1 0 0 0 0 0 1 1 0 -1 0 0 -1 0 1 1 2 -1 0 1 -2 1 -1 -1 0 0 1 0 -1 1 0 -2 -1 -1 0 -1 2 -2 -1 -1 -1 3 0 1 0 2 0 0 0 -1 1 0 0 -1 -2 0 0 0 0 1 0 0 -1 0 0 1 -1 0 1 0 1 0 0 1 0 0 -1 -1 2 -1 -1 -1 1 -1 0 1 1 0 -1 -1 -1 -1 0 0 -1 1 2 1 1 1 2 0 -1 3 0 0 2 1 0 -1 0 -1 0 1 1 1 -1 -1 0 0 -1 0 0 0 1 -2 0 0 0 -1 0 1 0 0 1 1 0 0 0 1 0 -1 0 0 1 -1 1 0 1 0 -1 0 0 0 0 0 0 0 1 0 1 0 1 0 0 0 1 -1 0 0 0 0 0 0 2 -1 0 1 1 1 1 0 -1 0 2 -1 1 -1 2 -1 0 0 0 -1 2 1 2 0 0 0 0 -1 0 0 0 -1 -2 -2 0 0 0 1 -1 -1 0 2 0 1 1 0 0 0 0 0 1 -1 0 0 1 0 1 0 1 0 0 0 -1 0 1 2 0 0 -2 1 0 0 0 0 1 -1 1 0 -1 -1 -1 -1 0 -1 -1 0 0 0 -1 -2 1 -1 0 0 1 0 -1 1 0 0 0 0 2 0 -1 0 2 1 0 -1 0 0 0 -1 1 0 0 -1 0 2 0 0 0 -2 -2 0 0 1 -2 1 0 0 1 -1 -1 0 0 -1 1 -1 0 0 0 0 1 0 1 1 0 0 0 0 0 1 0 -2 0 0 1 0 2 -1 0 0 1 0 -1 23 0 1 1 1 -1 1 3 -1 -1 1 0 0 0 0 0 0 0 -1 1 0 2 1 2 -1 0 1 0 0 0 0 0 0 1 1 2 0 0 1 -1 0 -1 0 0 0 -1 0 0 -1 1 1 0 0 0 -1 0
0 -2 -1 0 1 1 0 1 1 0 -1 1 2 0 1 -1 1 0 0 0 1 -2 0 1 0 1 0 0 0 1 0 -1 0 1 1 0 -1 1 0 -1 0 0 -1 0 1 2 0 1 2 1 1 0 1 -1 -1 1 1 -1 1 1 2 -1 -1 -1 0 0 1 0 0 2 0 0 1 0 1 -1 0 -2 0 1 -1 -1 0 1 -1 0 0 0 2 0 1 0 -1 0 -1 -1 0 -2 0 0 -1 -1 0 0 1 0 0 0 1 0 -1 0 0 0 1 1 0 1 -2 0 2 1 1 0 -2 1 -1 -1 0 -2 0 -1 0 1 0 0 -1 -1 1 1 0 0 0 0 0 1 0 0 0 0 0 0 2 0 2 0 -1 -1 1 -2 2 0 0 0 0 0 -2 0 0 -1 1 0 0 0 0 0 0 0 -1 1 1 1 0 1 -1 1 0 0 0 0 1 0 0 -1 0 2 0 -1 2 0 1 1 0 0 1 1 -1 1 0 2 0 1 1 0 -1 1 0 0 0 0 0 0 0 -1 1 0 1 -1 2 0 0 1 0 1 0 -1 0 0 0 0 1 1 0 0 0 0 -1 0 0 1 1 2 0 0 -1 0 0 -1 2 -1 0 0 0 0 -1 0 1 0 0 0 0 0 0 0 1 0 0 1 -1 -2 1 0 -1 -1 0 0 0 -1 0 0 0 0 -1 1 -1 -1 0 0 0 1 2 1 0 -1 0 1 -3 -1 -1 0 0 0 0 0 1 0 0 0 0 -1 1 0 -1 1 0 1 0 -1 2 0 2 0 -1 1 0 1 0 0 0 0 0 -1 0 0 1 1 1 0 0 0 -1 0 -1 0 0 0 0 -1 0 0 -1 -1 -2 0 2 0 1 0 -1 -1 0 0 0 0 -1 0 0 2 0 1 0 0 -1 1 0 0 1 0 -1 0 3 0 1 0 1 0 0 3 0 0 0 0 1 0 0 19 0 -1 0 1 0 -1 0 1 1 1 1 0 0 0 1 -2 0 0 0 -2 3 0 0 0 1 0 2 1 1 0 0 2 0 1 0 0 1 0 1 0 0 0 -1 -2 2 0 2 0 1 -1 1 1 -1 0
0 -1 0 -1 0 1 0 1 0 -1 0 0 -1 -1 -1 0 -1 -1 0 1 1 0 0 0 0 0 1 1 -2 0 0 -1 2 0 1 0 0 1 0 0 0 0 0 0 1 1 0 0 1 0 0 0 1 0 -1 1 0 0 0 -1 1 -1 -1 -1 0 -1 -1 0 0 0 1 0 -1 0 0 1 1 0 1 0 0 4 -2 0 -2 0 0 -1 1 1 0 1 0 1 2 0 -1 0 1 0 -1 0 0 0 0 0 0 0 0 -1 -1 0 -1 0 0 0 0 -1 0 -1 1 0 0 0 1 0 0 -1 0 0 1 0 1 0 -1 1 -1 0 2 0 1 0 -1 0 -1 0 0 -2 2 -1 0 -2 0 -1 -1 0 0 0 -1 1 0 1 0 0 0 -1 0 0 -1 1 1 0 -1 -1 1 0 1 1 1 0 2 1 0 -1 0 -1 0 1 1 -1 0 0 0 0 0 -1 -1 0 1 -2 0 0 0 0 1 0 2 0 -1 1 1 2 1 -1 1 1 1 0 0 -1 0 0 1 0 0 0 -1 0 2 1 1 0 0 -1 0 0 0 1 2 0 1 0 1 0 0 0 0 1 3 0 0 -1 0 0 1 0 2 1 -1 1 1 0 1 -1 2 0 1 1 2 0 0 1 0 0 0 -1 1 0 0 0 2 0 0 -2 1 0 -1 -1 1 1 1 0 0 1 2 -1 -1 1 1 -1 0 -1 1 -1 0 0 0 0 0 2 0 0 0 -1 1 -2 0 0 1 0 -1 0 0 3 1 -1 0 0 1 -1 0 1 0 2 -1 0 0 -1 2 0 0 0 1 1 -1 1 -1 0 0 1 2 -1 1 -2 1 0 0 0 0 0 0 0 -1 0 0 -1 1 -1 1 1 1 -1 1 0 0 0 1 0 0 0 -2 0 0 0 0 0 0 0 -1 0 -1 0 1 0 -1 1 1 3 0 1 0 0 0 0 1 0 19 -1 0 1 1 0 0 1 0 0 1 0 -2 0 1 0 0 -1 1 0 0 0 0 2 0 1 0 -1 1 0 0 0 -2 0 0 0 0 2 -2 1 0 0 -1 1 0 0 1 2 0 0 3 0 0 0
0 1 1 0 -1 -1 0 -3 0 0 0 0 -1 0 0 -1 0 3 0 1 -1 0 1 0 1 0 0 0 0 0 0 -1 1 -1 -1 -1 0 0 2 0 1 1 0 0 0 0 0 1 1 1 1 0 1 0 1 1 1 -1 0 1 0 0 1 1 2 -1 0 0 0 0 0 0 1 1 0 0 -1 -1 1 -2 0 -1 0 -2 2 2 1 0 -2 0 0 0 0 0 0 -1 0 0 0 -1 0 0 -1 0 1 3 0 0 0 -1 0 1 0 0 0 0 0 1 1 -2 0 1 0 0 -1 0 -1 0 0 0 0 1 0 0 1 0 1 -1 1 0 1 0 0 0 -1 -1 0 0 -1 2 1 0 -3 0 -1 2 -1 1 0 1 -1 0 0 1 0 -2 1 0 0 -2 0 0 -1 0 0 2 1 0 1 1 0 -1 2 0 0 1 0 2 -1 0 0 0 1 1 0 1 0 0 1 1 0 -1 1 0 0 1 0 1 1 1 -2 -1 0 1 0 0 1 0 1 0 1 0 -1 0 0 2 1 -1 0 0 1 1 0 1 0 -1 0 0 -1 1 0 0 -1 1 1 0 1 0 0 -1 0 1 -1 0 1 -1 0 0 0 1 0 2 1 1 0 0 0 0 -1 2 0 -1 0 0 0 2 1 0 1 -1 -1 0 0 1 0 0 -1 0 1 1 0 0 1 0 0 -1 -1 1 0 1 0 0 1 0 0 0 0 1 0 0 0 1 0 2 1 2 -3 1 -1 1 0 0 0 0 -1 -1 -2 -1 -3 -2 0 0 0 -1 1 0 -1 0 1 -1 2 -1 -2 0 1 0 0 0 0 1 -3 0 0 0 0 -1 1 0 0 -1 0 -1 -1 0 -1 -1 0 0 0 -1 0 -1 0 -1 -2 -1 0 -1 0 -1 1 0 0 -2 0 0 1 -1 0 1 1 0 0 1 0 1 0 2 0 0 0 0 -1 0 1 -1 -1 22 0 1 0 0 1 0 0 0 0 1 0 1 0 -1 2 -1 0 1 0 -1 1 -1 1 -1 -1 1 1 0 -1 0 1 1 0 0 -2 1 0 -1 1 -1 1 0 0 -1 0 0 -2 1 -1 1 0 0
0 0 0 0 -1 0 0 1 0 0 0 0 0 0 1 0 1 1 -1 0 0 1 -1 0 -1 -1 1 0 0 0 0 0 0 1 0 3 0 0 0 1 1 -1 0 0 0 1 0 0 0 1 0 1 0 1 0 2 0 0 -1 1 0 2 0 0 -1 0 0 1 1 0 1 -1 0 1 0 -2 1 3 0 0 0 -1 1 0 0 -1 -1 0 -1 1 0 2 1 0 0 -1 1 0 -2 1 -1 1 1 0 -1 0 0 0 0 1 0 1 -1 0 0 2 0 0 1 1 0 0 0 2 -1 0 0 0 -1 0 0 -1 -1 2 2 1 0 0 1 0 0 2 1 0 0 -3 0 0 -1 0 1 0 0 0 0 0 1 0 0 0 -1 0 1 0 -1 0 0 0 0 -1 2 0 -1 0 1 0 -1 -1 2 1 -1 0 0 -1 0 0 0 0 0 0 0 0 1 0 0 0 -1 1 1 0 0 0 0 1 -1 0 0 0 1 0 0 2 1 0 0 0 0 0 0 -1 -1 -1 0 -1 1 0 0 0 1 2 -1 1 -1 0 0 1 0 0 0 1 0 1 0 0 1 -1 -1 0 -2 0 2 0 1 1 0 0 2 1 1 0 0 0 0 0 1 -1 0 1 0 1 0 1 0 0 0 -1 0 0 0 0 3 -2 1 1 0 -1 0 0 1 2 1 0 0 0 1 0 3 0 1 1 0 0 0 0 0 -1 0 0 1 0 1 0 1 1 -1 2 0 -1 0 0 0 0 -1 0 0 1 2 0 0 0 1 1 0 -1 0 0 0 1 0 1 0 0 0 1 0 0 2 -1 0 -2 -1 1 0 1 -1 1 0 0 0 3 0 0 0 3 1 -2 0 -1 -1 -2 1 0 0 0 1 0 0 -1 1 -1 1 3 0 0 0 1 1 -1 0 0 0 0 0 1 0 0 1 1 0 -1 0 2 1 -1 1 0 0 0 19 0 0 1 1 0 -1 -1 1 0 1 0 1 0 0 0 1 -1 -1 0 0 -1 2 0 1 1 1 0 1 0 0 -2 1 1 1 0 -1 -1 0 0 -1 -1 0 0 1 3 0 3 1 0 -1 1
1 1 0 1 0 0 -1 -1 0 1 0 0 0 -1 -2 0 1 0 -1 1 0 -1 0 1 0 2 -2 0 1 0 0 0 0 0 1 1 -1 1 0 1 -1 0 -1 2 1 3 -1 0 1 0 0 0 1 0 -1 2 0 0 -1 1 0 0 1 0 1 -1 0 0 0 2 0 2 0 1 0 0 0 0 1 -1 0 1 0 -3 -2 -2 0 0 -1 0 1 0 -2 0 1 -1 1 -1 1 0 2 -1 0 0 1 0 1 -1 0 0 -1 0 0 -1 -2 -1 0 0 0 0 0 2 0 0 0 0 3 1 -1 0 0 0 1 0 -2 1 -2 0 0 1 -1 1 1 -1 0 1 0 -1 2 -1 0 0 0 3 0 0 -3 0 -1 2 0 1 0 0 1 1 1 0 0 0 0 0 0 0 1 0 0 0 0 0 1 0 0 0 0 0 0 0 2 0 1 0 0 1 1 0 0 1 0 0 0 0 0 1 1 0 3 1 0 1 0 0 -1 0 -2 2 1 0 0 0 0 0 -1 0 0 0 0 -1 0 0 0 1 -1 0 1 0 -1 0 -1 0 0 0 3 1 0 0 0 -1 -1 0 -1 -1 0 0 0 1 0 0 1 0 2 1 -2 0 0 0 2 0 3 -1 -1 0 1 0 -2 0 0 2 0 0 2 0 -2 0 0 0 0 -1 -2 0 0 0 0 0 0 0 1 1 1 0 0 1 0 -2 0 0 0 1 2 0 1 0 -1 0 0 -1 -1 0 1 1 1 2 0 0 0 0 0 0 2 0 1 0 0 0 0 0 1 1 5 -1 0 1 0 2 0 2 0 2 0 2 1 0 0 0 -2 0 1 1 0 1 0 -2 0 1 0 1 1 0 0 0 1 -1 -1 0 0 0 0 0 0 0 0 0 0 2 -1 1 1 0 -1 -1 0 1 0 0 2 1 0 0 0 1 0 0 1 0 -1 1 1 1 0 19 1 -1 -1 0 0 0 1 1 0 0 1 0 1 1 0 -1 0 0 0 0 -2 -1 -1 0 -1 1 0 0 0 1 -1 0 -1 0 1 -1 0 0 1 0 0 -1 1 0 -1 0 -2 0 -1 2
1 0 2 0 -2 0 0 -1 -1 1 -1 2 0 0 -1 1 0 2 0 1 0 0 0 1 1 0 0 -1 1 0 0 0 0 -1 0 1 1 0 0 1 0 0 1 2 0 1 0 0 0 0 0 0 0 -1 1 -1 -1 0 1 -1 0 0 2 0 -1 0 2 0 2 1 2 2 1 1 0 -1 0 1 1 0 1 1 1 0 -4 -1 0 1 1 -1 -1 -2 0 1 1 2 0 -1 -1 1 4 0 1 0 1 0 1 0 0 0 -1 1 0 -1 0 0 -1 -3 0 0 2 1 0 0 0 1 1 0 0 1 0 0 0 0 -1 0 0 0 1 0 0 1 0 1 0 1 0 1 -1 1 0 1 -1 0 1 -1 -1 1 0 -2 0 1 -1 -1 0 1 -1 -1 0 -1 0 1 0 1 1 -1 2 1 1 -1 0 1 -1 1 1 0 0 0 0 2 1 0 1 0 1 -2 -1 0 1 0 0 2 0 -1 -1 1 0 1 2 0 -1 0 1 1 0 0 3 -3 0 1 0 1 1 1 -1 -1 0 0 1 0 0 1 0 -1 1 0 0 0 1 -1 0 1 0 1 1 0 0 -1 0 0 1 0 -1 -1 0 1 -1 2 -1 1 1 0 1 0 0 -1 0 0 0 0 1 1 -1 0 0 0 -1 1 0 0 2 1 -1 1 1 -1 0 -1 0 0 2 -2 -1 1 0 0 0 1 0 -1 1 1 0 0 2 0 1 1 0 0 1 -1 0 0 1 -2 0 0 2 0 0 0 0 2 1 1 -1 0 1 -1 0 0 0 -2 0 1 2 0 -1 0 -1 0 1 -1 4 1 -1 0 1 0 1 0 -1 0 -1 0 1 -1 0 0 -2 -1 -1 -1 1 0 -1 0 0 0 -1 -1 1 1 0 0 -1 1 2 1 0 1 -1 0 -2 0 1 2 0 -1 -1 2 -1 -1 0 0 0 0 2 0 0 -1 0 0 1 0 1 0 0 1 21 2 -2 0 0 1 0 0 0 0 0 0 2 0 0 -1 1 0 0 0 1 0 -2 2 -1 1 0 0 0 1 0 0 1 1 0 2 0 -2 -1 -1 0 -1 1 0 0 0 0 -1 0 0
0 0 0 1 0 -1 1 -1 0 0 0 1 0 0 1 -2 0 2 -1 0 0 1 0 2 0 1 1 0 0 0 0 0 0 0 0 1 1 1 0 1 0 0 1 -2 -1 1 1 0 0 -1 -1 0 0 -2 1 -1 0 0 0 1 0 -1 2 0 0 0 1 0 -1 1 1 -1 0 3 0 2 0 1 0 0 0 0 1 2 0 0 0 -1 -1 0 -1 0 1 0 0 0 1 -1 -1 0 1 1 0 0 0 0 0 1 0 0 1 0 0 1 0 -2 -1 -1 0 0 0 -1 0 0 0 -1 1 0 0 1 0 0 1 0 1 1 0 0 -1 0 0 0 2 0 -1 0 0 0 0 -1 0 0 -1 -1 -1 0 -1 -1 0 -1 0 1 1 0 0 -1 1 0 1 -1 1 0 1 0 0 -1 1 0 0 0 0 0 2 -1 0 0 1 1 0 0 0 -1 0 1 0 0 -1 -1 1 0 0 -1 1 -1 0 -1 0 0 0 0 0 0 1 0 0 0 0 2 1 0 0 -1 0 1 -1 0 0 0 -2 1 1 0 0 -1 0 0 -1 -1 0 0 0 0 0 1 2 0 1 1 0 0 0 0 0 1 1 0 0 0 1 1 -2 1 1 0 -1 -1 1 0 1 1 0 -1 -1 0 3 1 0 1 1 -1 0 0 1 0 0 1 1 0 0 0 1 1 1 1 0 0 0 2 -1 0 1 1 1 0 0 1 1 0 1 0 0 -1 1 0 0 -1 2 1 1 0 1 -2 1 0 1 0 0 0 1 0 0 0 1 -1 0 1 0 1 -1 1 0 0 -1 0 0 -1 -1 0 1 0 0 0 -1 0 1 3 0 0 0 -1 -1 1 1 0 0 0 0 0 0 1 0 -1 -1 -1 0 0 -1 0 0 -1 -1 0 0 0 -1 1 1 1 2 -1 0 1 0 0 -1 0 0 1 0 -1 1 0 0 0 3 -1 0 0 1 -1 2 19 2 0 0 0 -2 0 -1 1 -1 0 0 1 0 2 -1 0 -1 1 -1 0 1 -1 0 0 -1 0 1 1 0 -1 3 0 1 1 0 -1 1 -1 -2 -1 1 1 0 2 0 0 1 -1
-1 0 0 0 1 -1 -1 0 1 -1 1 -1 -1 1 -1 -2 0 1 0 1 -1 1 1 1 1 0 0 3 -1 1 -1 1 -1 2 0 1 0 0 -1 -1 0 -1 -1 0 1 1 1 0 -1 0 0 1 0 -1 0 0 -1 0 0 -1 2 0 -1 1 0 -1 1 1 2 -1 0 -2 0 2 0 2 0 1 0 -1 1 0 0 4 0 0 0 -1 -1 0 0 0 1 0 0 0 0 0 -1 -1 0 1 -1 1 -1 1 0 0 0 0 0 -1 0 -1 0 1 0 0 2 -1 -1 0 0 1 1 0 0 2 -3 0 1 1 -1 0 1 0 0 1 0 0 1 -1 1 1 0 -2 1 0 -2 0 0 0 1 -1 0 0 -1 0 1 0 -1 -1 0 0 -1 -1 -1 0 1 -1 1 -2 1 -2 0 1 -1 -2 0 0 1 0 0 -1 0 0 0 0 -1 1 0 1 1 0 0 -1 0 -1 0 0 -1 0 1 -1 0 0 -1 0 0 0 0 0 1 0 0 0 2 1 0 1 -2 -1 0 0 -1 0 1 1 1 1 1 -1 -1 0 0 0 0 0 0 -2 -1 -2 1 0 0 -2 1 -1 1 0 1 1 0 -2 0 -1 0 0 1 0 -1 0 1 0 0 0 -1 1 1 -1 0 0 -1 0 -1 -1 -2 0 0 0 0 1 0 0 -1 -1 1 1 0 -1 -1 0 3 0 0 0 0 0 0 0 0 0 -1 3 0 0 1 0 -1 -1 0 -1 0 0 -2 2 -1 -1 0 1 1 0 0 0 -1 -2 -1 0 2 0 0 0 0 -1 1 1 1 0 2 1 0 0 -1 1 -3 1 2 0 1 2 0 0 0 1 1 2 0 1 0 1 1 0 0 1 -1 1 -1 0 0 -2 1 1 0 0 0 1 0 -1 0 1 0 0 0 0 0 1 -1 0 2 0 0 1 3 3 0 1 -1 0 1 1 1 0 -2 0 -1 0 0 1 1 -1 -2 2 23 0 -1 -1 2 -1 -1 1 -1 1 -1 0 0 0 0 0 0 0 0 0 -1 0 0 1 0 1 0 -1 -1 0 1 -1 0 1 -1 1 0 0 0 0 3 1 0 2 -1 0 0 -1
0 1 -1 0 0 -1 1 2 1 0 -1 1 -2 -1 1 0 1 0 0 0 0 0 0 0 0 2 0 0 1 0 1 -1 2 2 0 0 0 0 0 0 1 0 0 0 0 1 0 2 0 -1 1 0 0 0 -1 1 2 1 0 1 1 -1 0 0 0 -1 0 0 0 0 0 0 0 4 -1 2 -2 0 0 1 0 1 0 1 0 0 3 0 1 0 1 0 0 1 0 -1 0 0 0 -1 -1 0 -1 0 -2 0 1 3 0 -1 0 0 2 0 0 -1 0 0 0 0 0 1 1 0 0 0 0 0 1 0 0 0 0 0 0 -2 -1 0 1 0 0 0 0 0 -1 1 0 -2 1 -1 0 1 0 -2 -1 0 1 0 0 -1 1 1 1 0 -1 0 0 -2 0 -1 -2 -1 1 3 1 0 0 -1 0 -1 1 1 -1 0 0 1 0 0 2 1 0 0 1 0 2 0 0 0 2 0 0 1 -1 -1 -1 0 0 2 1 -1 0 2 -1 2 0 0 -2 0 0 0 0 0 0 0 0 0 1 0 -1 -1 0 0 0 0 -1 -1 0 0 0 1 0 -1 0 0 0 -1 0 0 2 2 0 0 1 0 0 1 1 0 1 1 0 0 -2 -2 0 -1 -1 -2 0 -1 -1 0 -1 0 0 1 -1 -1 1 -1 0 0 -1 1 0 0 -1 -1 -1 2 0 0 0 0 0 -2 -1 -1 1 1 0 0 0 1 0 0 -1 0 -2 0 0 0 0 2 0 0 0 2 0 0 -1 0 0 1 1 1 -2 -2 0 0 0 0 0 0 0 -1 0 -1 0 0 0 -1 1 1 -1 -1 0 0 0 0 1 2 0 -1 0 0 0 2 0 0 0 1 0 0 -1 0 0 0 0 0 0 0 0 -1 0 1 -2 0 2 1 0 2 2 0 0 0 -2 0 -1 -2 0 0 0 -1 2 0 -1 2 1 0 0 -1 1 1 -1 1 1 0 0 0 0 0 0 24 0 0 0 0 -2 1 0 -2 -1 0 0 -1 -2 1 0 0 -2 0 0 1 1 0 2 4 -1 0 0 0 -1 -1 0 0 1 0 0 -1 0 -1 0 -2 0 0 0 0 0 1
0 -1 0 0 0 1 -1 0 1 0 -1 -1 0 -1 0 0 1 0 0 0 0 0 -2 0 -1 1 0 0 1 0 -1 0 1 0 1 -1 1 1 1 -1 1 0 0 0 1 0 0 0 0 0 0 -1 0 0 0 0 0 0 0 0 0 0 0 -1 0 0 1 1 0 -1 1 -2 0 -1 1 0 -1 1 -2 -1 1 0 0 -1 0 -1 0 -1 0 0 0 0 0 1 -2 1 1 0 0 -2 0 1 0 0 0 -1 0 0 1 0 1 0 0 0 0 -1 1 0 -1 0 1 -1 0 1 0 -1 0 -1 0 -1 0 0 0 0 -1 0 0 -1 0 0 -2 -1 -2 1 0 1 -2 0 0 0 -1 0 0 0 0 -1 2 0 1 0 0 0 0 1 -1 2 0 -1 1 0 0 -1 0 0 0 1 1 -1 2 0 2 1 0 -1 1 0 0 0 1 -1 0 0 -1 0 -1 0 0 2 0 0 0 0 0 -1 0 -1 1 0 0 0 1 2 0 0 -2 -1 0 0 0 0 0 -1 0 -1 0 0 0 1 0 1 0 0 0 0 0 -2 0 2 0 0 0 0 -1 0 0 0 -1 -1 0 2 0 0 0 1 0 0 -1 1 0 1 1 0 0 0 0 -1 0 0 -1 -1 -1 1 0 2 0 2 0 0 -1 0 1 0 0 -1 0 0 0 0 0 0 0 -1 0 0 -1 0 0 0 1 0 -1 1 0 -2 1 0 0 0 -1 0 0 0 1 0 0 0 -1 1 -2 0 -1 1 0 -1 0 1 -1 -1 1 0 -1 0 -1 -1 -1 1 0 0 0 -2 0 -1 1 -1 0 -1 0 0 -1 0 0 0 0 -2 0 0 0 -2 -1 2 0 -2 1 0 0 0 -1 1 0 0 -1 0 0 1 -1 1 -1 0 0 -1 0 0 1 0 0 -1 1 0 -1 -1 0 0 3 0 -1 1 -1 2 0 0 0 -1 -1 1 1 1 0 0 -1 0 0 0 -1 0 16 0 0 -1 0 0 0 0 -2 -1 0 0 1 1 0 1 0 0 0 0 1 0 -2 3 0 0 0 0 1 0 -1 0 0 1 1 0 0 0 0 0 2 0 0 0 0 0
0 -1 1 -1 -1 0 1 0 1 1 2 0 0 0 1 1 0 2 -1 1 1 1 0 0 0 0 0 0 0 0 -1 0 0 0 2 2 0 0 0 0 0 1 0 0 0 0 0 0 1 1 0 1 0 -1 0 1 0 0 1 0 0 0 1 1 0 0 -1 1 1 1 2 1 1 -1 1 0 0 0 -1 1 1 0 0 -3 -1 0 0 1 0 0 0 0 -2 -1 0 0 0 0 0 -1 1 0 0 1 1 0 0 0 0 1 -1 0 -1 1 0 0 0 0 1 0 1 0 0 0 0 0 -2 0 1 0 1 1 1 1 -1 0 -1 0 1 0 0 1 1 0 1 1 0 1 2 0 0 0 1 0 0 0 1 0 0 1 1 0 1 0 1 0 1 1 0 1 1 0 -1 -1 2 0 0 0 -1 2 0 1 0 -1 0 -1 1 0 1 0 -1 0 0 0 0 1 1 2 0 0 0 0 0 0 0 0 0 -1 2 0 0 0 0 0 -1 -1 0 1 0 1 -1 0 1 1 0 0 0 -2 1 0 0 0 0 1 0 0 0 0 -1 1 0 0 0 0 0 0 0 0 0 0 0 0 0 -2 0 0 2 0 2 0 -1 -1 2 0 -1 -1 0 0 0 -2 0 -1 -2 0 -1 0 0 1 0 0 1 0 1 -1 0 0 0 0 1 0 -1 1 -1 0 0 0 0 0 0 1 1 -1 0 -1 0 1 -1 1 1 1 1 2 0 0 1 1 1 0 1 1 1 0 0 1 -1 -1 -1 1 0 0 0 0 1 1 0 1 0 0 1 -1 0 0 0 0 1 -1 0 -1 2 0 0 1 0 0 0 0 -1 -2 2 -2 1 0 1 0 0 -1 0 0 0 0 0 0 1 1 1 1 1 0 -1 0 1 0 0 0 -1 0 0 -1 0 0 -1 2 0 -1 1 0 0 0 0 0 0 1 0 -1 0 1 0 0 -1 0 1 0 -1 0 0 19 0 0 0 1 1 0 -1 0 0 1 0 -1 0 0 1 -2 1 0 -1 -1 0 0 -1 1 0 1 -1 1 0 1 0 0 0 1 0 0 2 0 0 -2 -1 0 0 -1
0 0 0 0 0 1 1 0 1 -1 -1 0 -1 0 1 2 1 0 0 0 -1 0 -1 1 -1 0 0 1 1 0 0 2 -1 2 0 0 0 0 1 1 0 1 -1 1 0 1 -1 2 0 1 0 1 0 -1 0 0 0 0 1 -1 1 -1 -2 0 0 0 0 0 2 0 0 1 0 0 0 0 1 0 0 0 3 -1 0 0 0 0 0 1 0 1 0 0 0 0 0 0 0 -1 -1 2 -1 1 0 0 1 0 0 -1 0 -1 -2 1 0 0 1 0 1 0 0 0 0 0 0 2 2 1 2 -1 0 0 -1 0 2 0 1 0 -2 -2 0 1 0 1 -1 0 -1 0 -1 0 0 0 0 0 0 0 -1 0 0 0 1 -1 0 -1 0 0 -1 0 0 -1 0 -1 0 -1 -1 0 0 1 1 -1 1 0 -1 0 -1 -1 0 0 0 -1 -1 0 1 0 0 0 -2 0 1 1 0 -1 0 1 -1 -2 0 1 -2 0 0 0 -1 1 -1 0 1 0 1 -1 1 1 0 0 0 0 1 0 0 0 1 1 0 1 0 -1 0 0 -1 0 0 -2 0 1 2 0 1 1 1 0 1 0 1 -1 0 -1 0 -1 1 0 0 0 2 0 -1 0 0 0 0 1 1 -1 -1 -1 -2 0 0 0 1 0 0 1 0 1 0 -1 1 0 1 0 0 0 0 -1 0 3 0 0 1 0 0 0 0 0 1 1 0 0 -2 0 0 -1 0 0 0 0 0 0 1 -1 -1 1 0 0 0 2 1 0 0 2 1 0 0 2 1 0 0 -1 0 0 0 0 -2 0 0 1 -1 1 0 0 1 2 0 0 0 2 0 0 0 0 2 1 -1 0 -1 0 3 -1 0 0 0 0 0 -1 1 0 0 0 0 0 0 0 1 -1 -1 0 0 0 1 0 -1 0 0 -1 1 2 0 -1 1 0 -1 1 1 -1 0 0 0 1 1 0 1 1 0 -2 2 0 0 0 19 -1 1 0 0 1 -1 0 1 0 1 -2 -2 -1 1 0 1 -1 1 1 0 0 -1 0 -1 -1 -1 0 0 -1 0 0 0 1 0 -1 0 -1 0 0 0 0 -2 1
0 0 0 1 0 0 0 0 0 0 1 -1 0 0 -1 -1 -1 0 0 0 0 0 -4 0 1 0 -1 -1 -1 1 0 1 0 0 0 0 0 0 0 1 -2 1 -1 0 1 0 0 -1 0 0 1 1 1 0 0 0 -1 0 -1 0 0 0 -1 2 0 1 0 0 -1 0 1 0 0 0 0 0 0 1 0 -1 2 -1 0 0 0 0 0 2 0 0 0 1 0 0 0 0 0 0 0 2 0 1 1 1 2 0 -1 -2 1 1 0 1 -2 0 0 1 0 0 0 -1 0 1 0 -1 0 0 -1 -2 0 0 1 -1 -1 0 -1 2 1 -2 0 0 0 0 1 0 0 0 0 0 0 0 0 0 0 0 0 0 -1 1 -1 0 0 -1 0 0 1 1 0 -1 1 -1 0 1 0 0 1 2 0 0 1 0 1 0 1 0 0 0 0 0 0 0 1 1 0 -1 1 0 -1 0 0 0 0 2 -1 0 0 0 1 0 0 0 0 0 0 0 0 1 0 -1 0 -2 1 1 0 -1 1 0 2 -2 0 2 0 -2 0 0 1 1 1 1 -1 0 0 -1 -1 1 0 1 0 0 0 0 0 0 0 0 0 0 -1 0 0 -1 1 0 0 0 -1 1 0 0 1 1 -1 0 1 -1 0 1 1 -1 1 1 0 -1 0 0 0 0 0 1 -2 0 0 0 1 -1 0 0 0 0 1 0 1 0 1 -1 0 0 0 0 -1 0 0 0 1 1 0 -2 0 0 0 -1 0 0 0 0 0 0 0 1 0 1 -1 0 0 0 0 -1 -1 0 2 1 1 1 0 0 0 0 0 0 -2 -1 0 0 0 -1 0 0 0 0 -1 0 2 0 0 0 0 1 1 0 0 0 0 0 0 -2 -1 -1 0 0 0 0 -1 0 -1 -1 0 0 1 0 -1 0 0 0 0 0 1 0 -1 0 2 -1 0 2 0 0 0 0 0 1 0 1 0 0 -1 0 -1 0 -1 17 0 0 0 -1 0 -1 0 1 0 1 -1 0 0 -2 -1 -2 1 0 -1 0 -1 0 -1 -1 0 0 0 1 2 -1 0 -1 0 0 0 0 0 0 -1 0 -1 0
1 2 1 1 0 1 1 2 0 0 -1 0 1 0 0 0 0 0 1 -1 0 1 0 0 0 -1 0 0 0 1 0 0 0 0 -1 -1 1 1 2 1 -1 0 0 0 0 0 0 1 0 0 0 0 0 0 0 0 0 0 1 0 0 0 -1 0 -1 0 0 0 1 0 0 0 0 -1 0 -1 0 2 -1 0 -1 0 1 0 0 0 -1 0 1 -1 -1 -2 1 0 0 0 0 0 1 0 0 2 2 -1 0 -1 -2 -2 0 0 -1 0 -3 0 0 -1 0 0 0 1 0 0 0 0 0 0 1 0 1 -1 0 0 1 1 2 -1 0 0 -1 0 1 1 -1 1 1 0 0 0 0 2 -1 1 -1 1 1 1 -1 0 2 0 0 0 0 1 0 1 0 1 0 0 1 1 1 0 -2 0 0 2 0 0 -1 0 0 0 1 -1 0 -1 0 -1 0 0 -1 0 0 0 -2 0 0 -1 1 1 -1 -1 1 0 1 0 2 0 0 -2 0 0 -1 -2 -1 1 0 2 0 0 0 0 0 0 0 0 -1 0 0 0 1 0 0 0 0 0 0 0 0 1 0 0 1 1 0 0 -1 0 -1 1 0 0 0 0 -1 1 1 0 0 0 0 1 0 0 2 0 -1 0 0 0 -1 0 0 1 1 0 0 1 -1 -2 -1 0 0 1 1 -1 0 1 0 0 0 -2 -1 -1 1 0 0 -1 0 1 0 -1 1 0 0 1 1 -1 0 0 0 -1 1 1 1 1 1 1 0 -1 -1 -1 0 0 1 1 0 0 0 -1 0 1 1 1 0 -2 -1 0 0 1 0 0 0 0 0 1 -2 0 0 0 1 0 1 0 0 1 1 0 -1 -1 1 0 1 0 -1 1 0 -1 -1 -1 2 0 0 -1 1 1 -1 0 -1 -1 0 -1 0 0 0 1 -1 0 0 0 0 1 0 0 0 1 -2 2 0 1 2 0 0 0 -2 0 1 0 0 -1 -1 -2 0 0 1 0 17 0 0 1 0 0 0 0 1 -1 0 -1 0 1 0 -1 0 0 0 -1 0 1 0 1 -1 0 0 0 1 1 0 0 -2 0 0 0 0 0 -1 0 0 0
0 -2 1 0 0 0 0 1 0 0 0 0 -1 1 2 1 0 0 1 0 0 0 0 0 0 0 0 -1 0 0 0 -1 -1 -1 0 1 0 0 1 2 1 0 0 -1 0 0 0 0 0 1 0 2 0 0 1 1 0 0 -1 1 0 0 0 0 0 -1 0 0 0 0 0 0 0 0 0 0 -1 0 -1 1 0 0 1 0 0 0 -1 -1 0 0 0 1 0 0 0 -1 1 -1 0 -1 0 0 0 1 0 0 1 -1 2 1 0 0 1 0 -1 0 1 1 -1 0 1 -1 0 1 0 0 1 0 -1 0 1 -1 0 0 0 0 1 0 1 1 0 0 0 0 0 -2 0 -1 0 1 0 0 0 0 -1 -2 1 1 1 0 0 0 0 0 -2 1 0 0 0 1 0 0 0 1 2 1 1 1 1 0 1 0 0 0 0 0 1 1 0 -1 0 1 0 1 0 1 0 0 -1 0 1 0 -1 0 -1 0 -1 0 0 0 0 0 0 0 -1 0 -1 0 1 2 -1 0 1 0 2 0 0 0 -2 -1 0 0 -1 0 0 1 -1 0 0 2 0 0 -2 0 0 0 1 0 1 2 0 0 1 0 0 -1 0 0 1 2 0 0 -1 -1 0 -1 -2 0 0 -4 0 0 2 0 0 0 1 0 -1 0 0 0 -1 0 0 0 0 -1 2 -1 -1 0 0 -1 2 0 -1 1 0 1 2 0 0 0 0 0 -1 0 0 0 -1 0 0 0 1 1 1 0 1 0 0 0 0 -1 0 0 -1 1 0 0 1 1 0 -1 0 -1 0 0 0 1 -1 0 0 0 0 0 0 -3 0 0 3 0 0 0 0 0 0 2 0 0 0 0 0 1 -2 0 0 0 -1 -1 0 0 0 -2 0 0 0 0 0 -1 1 0 0 0 -1 0 -1 0 0 1 0 0 1 -3 0 1 -1 0 0 0 0 1 2 0 0 0 0 1 0 0 0 1 1 1 0 1 0 0 0 14 0 -1 1 0 0 0 -1 1 -1 -1 0 0 0 0 -1 0 0 0 0 0 -1 1 0 0 1 0 -1 1 1 -1 1 0 0 -1 0 1 0 0 0 0
0 1 0 0 -1 0 0 0 0 0 0 0 0 -1 0 0 1 0 0 0 -1 1 2 -1 0 1 0 0 0 0 0 0 0 0 0 0 -1 1 0 0 0 0 0 1 2 -2 0 2 0 1 0 0 0 0 0 -2 0 -1 0 0 0 -1 0 0 0 0 0 0 -1 1 0 0 0 -2 0 1 0 0 0 -1 0 1 0 0 -2 -1 -2 -1 2 -1 0 0 1 0 0 0 -1 0 0 0 0 1 0 -1 0 0 0 0 1 0 0 -1 0 0 1 1 -1 -1 0 0 -1 1 -1 1 -1 -1 0 -1 -1 0 0 1 0 0 0 1 0 -1 0 0 2 0 -1 -1 0 1 0 0 0 0 1 0 1 1 0 0 -1 0 0 0 0 0 0 0 1 0 -1 0 0 -1 -1 0 -2 0 0 3 0 0 0 0 0 0 0 -1 -1 0 0 0 0 0 0 0 1 0 1 1 1 0 0 0 0 1 0 0 1 1 1 0 0 0 0 -1 0 0 0 1 0 0 0 0 0 1 0 1 1 1 -1 0 0 1 -2 3 1 -1 0 -1 0 -1 1 0 0 0 0 1 0 0 1 0 4 -1 0 1 0 0 0 0 0 -1 0 -1 1 0 -1 -2 3 0 0 1 -2 0 0 -1 0 0 0 0 -1 -1 1 0 1 0 0 1 0 0 0 0 0 2 0 0 1 0 0 0 1 -1 1 -1 1 -1 0 0 1 1 0 -2 0 0 0 -1 -1 0 2 1 -1 2 1 0 0 0 0 1 0 0 0 0 1 0 0 -1 0 -1 0 0 0 0 -1 0 -1 0 0 2 -2 0 0 0 0 0 1 1 0 0 -1 0 0 0 0 -3 1 0 -1 1 1 0 1 0 0 0 -1 0 0 0 0 0 0 0 -1 0 1 1 0 -1 1 0 0 -2 0 1 0 0 0 1 0 0 0 0 0 0 0 0 0 0 0 1 1 0 1 1 0 -1 -1 0 0 1 0 0 0 0 17 0 0 -2 0 0 -2 -1 1 0 0 0 0 0 0 0 0 1 0 -1 -1 0 -2 0 0 -2 0 0 0 0 0 0 1 0 -1 -1 1 0 1 0
0 0 0 0 0 0 -1 -1 0 0 0 0 1 1 -1 0 -1 0 0 0 0 2 0 2 0 0 0 0 0 0 0 1 0 1 1 1 0 0 0 0 1 -1 1 1 0 0 0 -1 -1 0 0 0 0 -2 0 0 0 -2 1 0 1 0 -1 1 0 0 0 0 0 0 0 0 0 0 0 2 -1 0 0 0 0 -1 0 1 1 -1 0 1 0 0 0 0 1 0 0 0 0 1 1 0 0 2 0 1 0 0 0 -1 0 -1 0 0 0 0 0 0 0 0 0 0 0 0 1 1 0 0 -1 1 0 -1 -1 1 0 1 1 -1 0 1 0 0 0 0 1 0 0 -1 0 0 1 -1 0 0 0 0 0 0 0 1 0 0 0 0 0 0 -2 1 0 0 1 2 1 0 0 2 -1 0 0 0 0 0 -1 0 0 0 1 1 0 0 -2 0 0 0 0 1 -1 1 -4 1 0 0 0 0 -1 0 0 0 1 -1 0 0 0 0 0 0 0 0 0 1 0 -1 0 -1 0 2 0 -1 0 0 3 -1 1 0 1 0 0 0 1 0 0 0 0 0 -1 0 0 -1 0 0 0 -1 1 0 0 -1 0 -1 -1 0 0 0 -1 -1 1 -1 1 0 0 0 0 0 2 0 -1 0 0 1 0 0 0 -1 1 0 -1 1 0 0 0 1 0 0 0 -2 1 -1 0 0 0 0 0 0 0 2 0 0 1 0 1 0 0 -1 0 0 0 0 1 1 1 -1 0 1 1 0 -1 -1 0 1 0 0 1 1 0 0 0 0 0 0 0 0 0 0 0 0 0 0 0 1 0 1 1 0 2 0 -1 0 2 0 0 1 1 -1 0 1 2 0 1 1 0 0 0 0 0 0 0 0 1 2 0 0 0 0 0 0 1 1 0 0 0 0 -1 1 -1 0 -1 0 0 0 0 0 0 0 2 -1 -2 0 0 -2 0 -1 0 0 0 0 1 -2 0 0 1 -1 1 -1 0 15 -2 -1 0 0 0 -1 -1 0 -1 0 0 0 -1 0 1 -1 0 0 0 1 1 0 1 -1 0 0 0 0 0 0 0 1 0 -1 0 0 0 -1
-1 0 0 1 0 0 0 0 -1 0 0 1 0 2 -1 1 1 -1 0 0 0 -1 0 1 0 -1 0 1 -1 0 0 0 0 -1 1 0 0 1 0 0 1 2 0 1 0 0 0 1 0 0 0 0 0 -1 1 0 0 -1 0 0 0 0 0 0 0 0 0 0 0 0 -1 2 -1 1 0 -1 1 -1 1 0 -1 0 0 1 -1 2 -1 1 -1 -1 0 0 1 0 0 0 -1 0 0 -1 2 1 0 0 -1 0 -1 0 0 1 0 2 1 0 0 1 -1 0 0 0 1 -1 0 -1 -1 0 3 0 1 1 -1 0 0 -1 -2 0 0 0 1 1 0 0 1 1 1 0 -1 -1 -1 2 0 1 0 0 1 0 -3 1 -2 1 0 0 1 0 0 -2 0 0 0 0 1 0 -1 1 0 -1 1 0 1 1 0 0 0 0 0 0 0 1 -1 1 0 0 0 0 0 0 1 0 0 0 0 0 0 -1 0 0 1 0 0 0 0 0 0 0 -1 0 0 0 2 1 0 0 0 0 0 1 0 1 -1 -1 1 1 0 0 0 0 0 0 0 0 1 2 -1 0 0 0 -1 0 2 0 -2 -1 0 0 0 -1 0 0 0 1 1 1 0 0 1 -1 0 0 0 2 0 0 1 -1 0 0 0 1 0 0 0 -1 0 -2 1 1 0 0 0 0 0 0 0 -1 0 0 0 0 -1 -1 0 -1 -1 0 0 0 0 -1 0 0 0 0 0 0 2 0 -1 0 0 0 0 1 0 0 0 0 0 0 -2 0 0 1 0 -1 0 0 1 0 0 0 0 -1 1 0 2 1 0 0 0 0 0 0 0 0 -1 -1 1 1 -1 0 0 -1 -1 0 0 1 0 0 0 0 0 1 1 0 1 0 0 1 0 1 0 0 0 -1 -1 1 1 0 1 1 1 1 -2 0 1 -1 0 0 0 0 -1 3 1 0 -1 0 0 2 0 1 2 0 -1 -1 -2 -1 -1 0 0 1 0 -2 14 0 1 0 0 -1 0 0 1 1 0 -1 1 2 0 -1 0 0 0 0 0 0 0 -1 0 0 0 0 -1 1 0 0 0 0 0 0 1 -1
0 0 1 -1 0 0 0 0 0 0 1 1 0 2 -2 0 0 0 -1 0 1 -1 0 0 1 1 1 1 0 0 0 0 -2 0 0 -2 1 1 0 0 -1 0 0 0 0 0 1 0 1 1 -2 0 0 0 0 1 1 1 0 1 0 0 0 0 1 0 0 0 1 2 0 0 0 0 0 1 0 0 0 1 0 2 0 1 0 0 0 -1 1 2 1 -1 -1 0 0 -1 2 1 -1 0 0 -1 0 -2 0 0 0 -1 0 0 1 -1 -1 0 0 -1 -1 0 -1 2 1 1 1 0 0 1 1 -1 0 0 -1 -1 0 0 0 0 -1 2 0 0 0 1 -1 1 -1 0 0 0 -1 0 0 0 1 -1 -1 -2 -1 0 0 2 -1 -1 1 0 0 -2 0 0 0 0 0 0 0 0 0 2 -2 0 0 -1 1 0 2 0 -1 1 0 1 0 0 1 0 0 0 0 -1 0 0 0 0 1 -1 -1 0 -1 0 -1 1 1 2 -1 0 0 0 0 -2 -1 0 0 1 1 0 0 0 -1 0 0 -1 0 0 0 0 0 1 -1 0 -1 2 0 0 0 -1 0 0 0 0 -1 2 0 1 0 -1 -1 0 0 0 0 2 -1 -1 0 1 0 1 -1 0 0 1 1 0 0 0 0 0 -1 0 2 0 0 0 -1 0 0 2 0 1 2 0 0 0 0 0 0 0 0 1 -1 1 0 1 2 1 0 1 0 1 1 -1 1 -1 1 1 1 0 -1 0 1 0 0 0 0 0 1 -1 1 0 -1 0 0 0 1 1 0 1 0 -2 0 1 0 -1 -1 0 0 0 1 0 0 1 0 1 0 1 3 0 0 0 -1 0 2 -1 0 0 0 -2 1 0 1 -1 -1 0 0 0 1 0 2 -1 0 0 0 0 0 0 1 1 0 0 0 0 -1 0 0 0 0 0 0 2 -1 0 0 -1 -1 0 -1 0 1 0 -1 -1 0 1 0 1 0 0 -1 0 0 -1 0 0 -2 -1 0 20 0 1 2 0 -1 1 0 1 0 3 0 0 0 0 0 0 -1 0 0 -1 0 2 -1 1 1 -2 0 0 0 0 0 -2 -2 0 0 0
0 0 -1 0 -1 1 1 0 0 -1 0 1 0 1 0 2 0 -1 0 1 -1 -1 -1 -1 0 0 0 0 -1 0 0 -1 0 -1 0 0 -1 0 0 0 0 1 0 0 1 0 0 0 0 1 -1 0 0 -1 0 -1 0 -1 0 0 -1 0 0 -1 0 -2 -1 0 1 0 0 0 1 -1 0 -1 0 -1 -1 -1 1 -1 -2 1 1 1 -1 -1 -1 -2 0 0 1 0 0 1 0 0 0 1 1 0 -1 0 0 0 0 -1 -1 0 2 0 1 1 0 1 0 0 0 -1 0 1 0 1 -3 0 1 2 0 1 0 0 1 0 0 -1 -1 0 0 1 0 1 -1 -1 0 1 0 -1 -1 1 0 0 -1 0 2 0 0 1 1 0 0 0 0 0 0 0 -1 0 -2 0 1 0 0 0 -1 1 0 0 -1 1 1 0 1 0 -1 1 0 0 1 0 1 0 0 0 0 0 0 0 0 -1 0 -1 1 0 0 1 1 -2 -1 1 1 0 3 0 0 0 2 0 1 1 -1 0 0 -1 0 -1 2 1 0 2 0 0 1 0 2 2 0 0 0 1 1 0 0 0 1 1 0 0 0 -1 1 -1 0 0 1 0 1 0 -1 1 1 -1 -2 0 -1 -1 -1 2 0 0 0 0 0 0 1 -1 1 0 0 1 0 1 0 -1 -1 0 0 0 0 0 2 0 0 0 0 1 0 0 -1 1 0 0 -1 0 -1 -1 0 0 0 1 0 0 0 0 -1 1 0 1 0 3 0 -1 0 1 -2 0 0 1 1 -1 0 1 1 0 1 -2 0 -1 -1 0 -2 0 1 1 1 0 1 1 0 0 -1 0 0 -1 0 -1 0 2 1 0 0 0 0 1 -1 0 0 0 -1 1 0 0 3 1 1 1 0 2 0 2 0 -1 -1 0 0 0 0 0 0 1 0 1 0 -3 0 0 1 0 3 0 0 2 0 1 0 0 1 0 1 0 0 0 0 0 0 0 1 0 0 0 0 0 1 0 18 0 1 0 0 -2 0 0 -1 1 -1 0 -1 2 -1 -1 0 0 0 2 0 0 0 0 0 0 -1 0 0 0 0 0 0 0 0 0
0 1 0 0 0 0 3 -1 -1 1 0 -1 0 0 0 0 0 -2 0 0 -1 0 -1 0 0 0 1 0 -1 0 0 -1 -1 0 0 0 -1 1 0 0 0 2 2 -2 -1 1 0 0 0 0 0 0 1 1 1 -1 -1 0 0 0 0 0 0 1 1 0 0 1 0 0 1 0 0 -2 0 0 0 0 1 0 0 0 0 0 2 0 1 0 0 1 0 -1 0 -1 1 0 0 2 0 0 0 2 0 -1 0 0 0 -1 0 -2 0 1 -1 -1 0 1 0 -2 1 0 0 0 0 0 0 -2 0 0 0 2 0 0 1 1 -1 0 0 0 1 0 -1 0 0 0 0 0 0 0 0 0 0 2 1 0 -3 1 1 0 0 0 1 0 0 0 1 0 2 1 0 0 0 0 0 0 0 1 0 0 1 1 0 0 2 -3 0 -1 -1 -2 0 0 0 0 0 1 0 0 2 0 0 0 0 0 -1 0 0 1 0 0 2 1 1 0 0 0 0 1 -2 0 0 0 0 0 -1 1 0 0 1 0 0 0 0 0 0 0 1 0 0 0 0 -1 0 0 0 0 0 0 2 1 1 0 0 1 -1 0 3 0 -1 1 -1 1 -1 1 1 0 -1 1 0 0 0 0 -2 0 0 0 1 0 1 3 2 1 -1 1 2 0 0 0 0 0 0 -1 1 0 0 0 0 0 0 0 0 -1 0 1 0 0 0 0 0 0 0 0 0 0 1 -1 0 1 0 0 1 0 0 -1 1 2 0 1 0 0 0 0 0 -1 2 1 0 1 -1 1 0 0 0 0 0 -1 1 0 -3 -1 0 -1 0 0 0 1 0 0 -1 0 -1 -1 0 -1 0 1 0 1 1 0 2 2 0 0 0 0 0 0 0 -1 0 -1 0 0 -1 0 0 0 0 0 0 1 0 0 -1 0 0 0 -1 0 0 0 0 0 0 0 2 -2 0 1 -1 -1 -1 2 0 -1 0 1 0 1 0 0 0 0 0 1 0 17 -2 -1 -1 0 0 0 0 0 2 1 1 0 0 0 0 0 0 -1 0 1 -1 -1 1 0 -1 0 0 -1 0 0 0 -1 0 1
0 0 1 -1 0 1 0 0 2 0 1 0 0 0 -1 0 1 2 0 0 0 1 0 0 1 0 1 1 0 0 1 2 -1 1 1 -2 2 1 -1 1 1 0 0 2 1 0 2 -3 1 0 -1 0 0 0 0 -1 0 0 2 0 0 0 2 0 1 0 0 1 1 0 1 1 0 1 1 1 2 1 0 0 -1 1 -1 2 -1 0 0 0 2 0 1 -1 0 -2 0 1 0 -1 1 0 2 0 0 0 1 -3 1 -2 0 0 -1 4 0 0 1 0 0 0 0 -1 3 -1 0 0 0 2 3 0 2 -2 0 0 -2 0 0 0 -1 -2 1 0 0 0 0 2 1 0 3 -2 0 1 1 -2 -1 3 1 0 -1 0 1 1 0 -1 1 1 2 0 1 0 0 1 1 2 0 0 -1 1 -1 1 -3 0 0 1 0 2 0 0 0 -1 -1 0 -1 -1 -2 -1 3 0 0 1 -1 -2 0 1 1 -1 0 0 -2 -1 0 1 0 0 -3 -1 0 0 2 0 -1 0 2 0 -1 0 -3 0 1 3 2 -2 1 -2 0 -1 0 0 1 0 -2 -1 -2 0 0 0 1 0 -3 1 -1 1 -2 1 1 1 0 -1 2 2 -1 -4 -1 1 3 0 -1 0 0 1 1 -3 1 2 -1 0 1 1 1 -1 0 3 -1 0 1 0 1 -2 1 -1 -1 0 0 0 -2 0 2 0 -1 -1 0 1 -2 1 0 0 0 1 1 -2 0 2 0 -1 0 0 0 1 0 1 0 0 1 -1 1 -2 0 2 0 0 1 0 0 1 -1 3 0 3 0 0 5 0 0 0 0 -1 0 2 1 0 0 2 1 0 -1 -1 4 0 0 0 1 1 0 -1 -1 -3 2 1 2 -1 5 -2 0 1 0 1 2 0 1 2 0 0 0 -1 0 -1 -1 0 2 -1 -2 -1 0 1 0 2 1 0 0 6 0 1 0 2 0 -1 1 3 0 0 -1 0 1 -1 0 -2 1 0 1 0 1 -1 -2 0 0 2 1 -2 35 0 4 2 1 0 0 2 2 1 -1 1 0 0 0 0 0 0 1 0 0 0 0 1 -1 0 0 -1 0 0 -1 0 -1 -2
0 0 2 -1 0 -1 1 -1 0 -2 3 -1 1 -1 0 1 1 0 0 1 0 -2 0 -1 0 0 1 0 0 0 0 -1 -1 1 1 1 0 0 -1 0 1 0 -1 -1 2 1 1 0 0 0 0 0 0 0 -1 1 -1 0 0 0 1 0 0 -1 0 1 0 0 1 0 0 -1 1 0 0 -1 0 -1 0 0 0 0 1 1 0 -2 0 1 0 0 1 1 1 0 0 0 1 0 0 -1 -1 0 0 0 1 -1 0 1 0 1 0 -1 1 0 -1 0 0 -1 -1 0 0 0 1 0 -1 1 0 0 1 0 0 -1 0 0 0 0 2 1 0 0 -1 0 -1 1 0 0 1 0 -1 0 0 0 1 1 1 -2 1 1 0 1 2 0 1 0 0 -1 0 0 2 1 0 0 1 0 0 -1 1 0 0 -2 0 1 -2 1 1 2 0 -1 1 -2 0 0 0 0 1 0 1 0 -1 0 -2 0 1 0 0 1 0 0 -1 -1 0 0 0 0 -1 0 0 0 0 -1 0 0 0 -1 0 0 0 0 0 1 0 0 0 0 0 -1 0 1 0 0 1 0 -2 -1 0 -1 -1 0 0 0 0 0 1 1 -1 1 0 -1 0 1 0 -1 0 0 0 0 0 0 -1 -1 0 0 0 0 1 0 -2 0 0 0 2 0 -1 0 0 2 0 0 1 0 0 0 0 0 0 0 0 1 0 -1 2 -1 0 -1 0 -1 1 1 0 0 0 0 1 0 0 0 0 1 0 1 0 0 -1 0 0 0 0 0 3 0 0 0 0 -1 0 -1 0 1 1 0 1 0 0 0 1 0 0 0 -1 0 -1 0 0 -1 2 -1 -1 -1 -1 0 1 0 0 0 -2 0 0 2 -1 0 0 0 2 0 0 1 0 0 0 -2 0 0 0 0 0 0 0 0 0 -1 1 0 1 0 0 0 1 1 1 0 0 0 1 -1 2 0 0 -1 0 0 0 0 0 1 1 -1 -2 1 -1 1 -1 -1 -1 0 0 -1 0 18 0 0 -1 0 0 1 0 0 0 1 0 0 0 1 0 -1 0 2 1 0 -1 0 1 1 -1 0 0 0 -1 1 0 0
-1 0 0 0 -1 0 0 1 1 -1 0 0 0 0 0 0 0 0 0 -1 0 -1 2 1 1 0 -1 0 -1 0 0 -1 -1 1 0 -1 1 1 0 0 -1 1 0 1 1 0 -1 1 1 0 0 -2 1 1 -1 -2 0 1 0 -2 -1 0 0 0 -1 0 0 1 0 0 1 0 0 1 1 0 0 0 0 -1 -2 0 0 1 -1 2 0 0 -1 0 0 1 0 0 1 0 1 0 2 -2 2 0 -1 0 -1 -1 0 -1 0 1 0 1 0 0 -2 0 -1 1 2 0 3 1 0 0 -2 1 0 1 -1 -1 1 -1 0 2 2 0 1 1 0 0 0 0 -1 1 -1 0 0 -1 0 1 0 0 0 0 1 1 0 1 -1 0 -1 -1 -1 -1 2 1 0 1 0 0 1 0 0 0 1 1 1 1 0 0 1 1 0 1 0 0 -1 0 -1 0 -1 -3 0 0 0 0 1 -2 0 0 0 -1 -1 -1 2 0 0 0 0 0 0 0 0 0 1 1 0 1 -1 0 1 0 0 0 -1 0 1 0 0 0 0 -2 0 0 0 0 0 0 0 0 -2 -1 0 0 0 -1 0 0 -1 0 0 1 -1 1 -1 -1 0 1 0 0 -2 1 2 0 0 1 1 0 -1 1 2 1 0 1 -1 -1 0 0 -1 1 -1 0 -1 1 0 0 0 1 0 3 0 0 1 0 1 0 0 0 0 0 -1 1 0 -2 1 -2 0 -1 0 1 0 1 0 -1 -1 1 0 0 1 -1 0 -1 1 -3 -1 0 0 -1 0 0 -2 1 -1 0 0 2 1 0 0 0 0 0 -2 0 1 -2 2 1 0 1 -1 0 -2 3 1 -1 -1 0 0 0 0 0 0 0 -1 0 2 0 1 -3 0 0 -2 0 0 0 -1 -2 0 -2 0 0 -1 -2 1 0 0 1 -1 1 1 1 1 1 0 1 0 1 0 -2 0 -1 1 0 -1 0 0 1 0 0 0 -1 0 0 0 0 -2 -1 0 -1 1 -1 0 -1 0 -1 4 0 21 1 1 0 0 2 0 -1 1 1 0 0 2 1 1 1 0 1 1 0 0 1 -1 0 2 -1 -1 -1 2 -1 0 3
0 -1 0 -1 0 0 0 0 0 1 2 0 0 0 0 0 0 1 2 0 -2 1 0 2 0 1 0 0 -3 0 0 -1 1 0 0 -2 0 0 0 0 0 0 1 1 0 0 0 -1 1 1 0 0 0 1 0 2 0 0 1 0 1 0 0 0 -1 0 0 0 1 1 1 0 0 -1 0 0 0 1 0 0 0 1 0 1 0 0 0 -1 1 0 0 0 0 2 3 2 1 0 0 0 2 1 0 2 -1 2 1 0 0 1 1 1 1 3 0 0 0 2 0 1 0 -1 0 -1 -2 1 1 0 0 0 -1 0 0 -1 -1 0 0 0 1 0 2 -3 1 0 0 0 1 -1 -1 0 0 0 1 0 0 0 0 0 -1 1 0 0 0 0 -1 0 0 -1 1 0 0 4 0 0 0 0 0 0 1 -2 1 0 0 1 -2 2 0 1 0 0 0 -1 0 0 0 0 0 0 0 0 0 0 -2 1 -1 -1 0 0 -1 -2 0 1 1 0 0 0 0 1 2 0 2 1 1 0 -1 0 0 0 1 0 -1 1 1 0 1 -1 1 0 2 -1 1 1 0 -1 0 0 0 1 2 -1 -1 0 0 0 0 0 0 0 0 1 0 -1 0 0 0 1 0 1 1 0 0 0 -1 0 0 0 1 1 0 0 -3 0 0 -2 0 1 1 0 2 0 0 0 -2 0 -1 0 -1 0 0 0 0 0 1 0 0 -1 0 0 0 2 0 0 0 -1 0 2 0 0 -1 -1 -2 1 0 0 1 -3 -1 0 0 0 0 0 1 0 -1 1 0 2 0 -1 3 0 0 1 -2 0 0 0 1 2 1 0 0 -1 0 2 0 0 0 -1 0 1 0 1 0 1 0 0 2 0 0 -1 -3 0 0 0 -1 0 0 0 0 0 1 0 -1 0 1 0 -2 0 0 1 0 0 1 0 -1 -1 0 -1 0 1 0 2 0 0 2 -1 -1 0 0 1 0 0 1 0 -1 0 -1 -1 0 0 0 1 -2 0 2 0 1 21 0 1 1 0 1 2 0 0 2 0 2 0 0 1 -1 1 1 0 0 0 0 1 0 -2 0 0 0 0 -1 -1
0 0 0 0 -1 0 0 1 0 0 -1 1 0 -1 2 -2 0 0 0 0 0 0 -1 0 0 1 0 0 -2 -2 0 0 0 1 0 1 -1 -1 0 0 1 0 0 0 2 1 0 -1 0 1 1 0 1 1 0 1 0 1 0 0 -2 1 0 0 -1 0 -1 0 2 0 0 0 2 1 0 -2 1 0 0 1 0 -2 0 0 -1 1 1 -1 1 0 0 0 1 0 -1 0 0 1 0 1 -1 0 0 0 2 0 -1 0 0 0 0 0 -1 0 -2 -1 1 0 1 0 -1 0 0 0 0 1 -1 0 -1 0 -1 0 0 -1 0 1 -1 0 2 -1 0 -2 0 0 -1 -2 -2 0 -1 0 0 0 -1 2 1 -1 0 0 0 0 0 -1 0 0 0 -1 1 0 0 -1 0 0 -2 0 0 1 0 0 0 0 0 1 1 2 0 0 0 1 -1 0 1 0 0 0 1 0 0 0 0 0 0 0 -1 -1 0 0 -2 0 0 1 0 0 1 -2 0 0 0 0 0 0 0 0 0 -1 0 2 0 0 1 -1 -1 0 -1 1 -1 -1 0 -1 0 0 0 0 -1 -1 0 1 -1 0 0 0 1 0 0 0 0 0 0 0 0 1 0 0 2 0 -2 0 0 1 0 0 0 0 0 -1 1 1 1 1 1 0 -2 1 0 1 0 0 1 0 0 0 0 -1 0 -2 0 -1 0 -1 1 0 0 0 0 2 -1 0 -1 -1 0 -1 -1 1 0 0 -1 2 0 0 0 0 0 0 1 0 0 0 -1 1 -2 0 0 0 -2 -1 0 -2 0 1 0 2 1 -1 0 0 0 -1 0 -1 -1 0 -2 0 0 -1 0 0 0 0 0 1 1 -1 -1 0 2 -2 0 0 0 0 2 0 1 1 0 0 1 0 0 0 1 0 0 -1 0 0 -1 1 0 0 0 1 0 1 0 0 0 1 -1 0 -1 2 0 -1 1 1 0 1 2 -2 1 -1 0 -2 0 1 1 0 0 0 0 -1 1 0 0 0 1 -1 1 0 17 1 0 1 0 0 1 0 0 -2 3 -1 0 0 0 0 0 0 0 0 -1 0 -1 0 0 -1 0 0 0 1
0 0 1 0 1 1 -1 0 0 1 0 1 0 -2 1 0 -1 -1 0 -1 -2 0 0 0 1 0 -1 0 0 1 0 0 1 1 0 -1 0 0 0 0 0 0 0 0 1 0 0 0 0 0 0 0 1 0 0 1 0 0 1 3 -1 0 0 0 1 -1 0 -1 1 1 0 -1 0 1 0 1 0 -1 0 1 -1 1 0 1 0 1 1 -1 0 0 0 0 1 2 1 1 0 0 -1 0 0 0 0 0 -2 0 0 -1 0 0 0 2 -1 0 0 -1 0 1 1 1 -1 1 0 0 0 3 1 0 2 -1 -1 0 0 0 1 -1 0 1 1 1 0 0 -1 0 -1 0 0 0 0 0 0 0 0 2 0 -1 0 0 0 0 0 1 -1 1 -1 0 0 0 0 1 -1 0 1 0 -1 1 1 0 0 -1 0 1 1 1 -1 0 0 0 0 0 -1 0 0 0 0 1 1 1 0 0 1 0 2 0 -1 -1 -1 -1 0 1 0 0 0 1 -1 0 0 0 1 1 0 0 0 0 0 -1 0 1 1 0 1 0 1 -1 -1 -1 1 0 1 0 -1 -1 0 -1 0 0 0 1 -1 1 -1 0 0 0 1 0 0 1 0 -1 1 1 0 0 -1 1 0 -1 0 0 0 0 0 0 1 -1 0 0 0 1 1 0 1 0 0 0 0 0 1 1 0 -1 0 1 -1 -1 0 1 -1 0 0 2 1 0 0 1 0 0 2 0 -1 0 0 0 0 0 1 1 0 0 -1 0 -1 1 0 1 0 1 1 -1 0 0 -1 1 1 0 1 0 -1 0 -1 -1 2 0 0 1 0 -1 0 1 0 2 0 -1 0 0 0 0 0 0 0 0 0 0 0 0 0 0 1 0 0 0 2 0 1 0 0 0 -1 -1 0 1 0 0 0 0 2 2 0 0 0 0 -1 0 1 0 0 1 0 0 0 1 1 0 0 0 1 -1 0 -1 0 0 0 0 0 -2 0 -2 1 0 0 0 1 1 0 0 0 0 0 1 1 15 0 1 0 0 0 0 0 0 0 0 0 1 -1 0 2 1 0 0 -1 0 0 0 1 0 0 0 1 0
1 0 0 -1 1 0 0 0 0 0 0 -1 0 0 0 -1 0 -1 -1 -1 0 0 0 0 0 1 0 0 -1 1 0 0 0 0 -1 0 0 1 0 0 0 0 1 0 2 -1 0 0 1 -1 -2 2 0 0 0 0 1 0 2 0 0 0 1 0 0 0 -2 2 0 1 0 0 0 1 -1 1 0 -1 0 1 -2 0 1 0 0 -1 0 -2 0 1 0 1 2 0 0 -5 0 0 0 2 -4 0 0 0 -2 0 0 1 -1 0 1 0 1 0 0 0 0 0 0 1 2 0 0 0 0 -1 -1 -2 0 0 0 -1 1 0 0 0 1 1 0 -1 2 0 1 0 -1 1 0 -1 0 -2 0 0 0 0 0 -1 -1 -1 0 2 0 1 0 1 0 1 0 0 0 0 0 1 0 0 0 -2 0 1 1 1 0 0 0 0 0 2 1 2 0 0 0 0 1 -1 0 1 0 1 0 1 0 0 0 -1 0 -1 1 -1 -2 0 1 2 2 0 2 0 1 0 0 0 0 -1 -1 -1 1 1 0 -1 -1 0 0 0 1 -1 -1 1 -1 0 -1 0 2 0 -1 -1 0 -1 0 0 0 1 1 0 1 1 0 -1 0 0 -1 -1 -2 -1 0 1 0 0 0 2 0 -1 0 -3 0 0 -1 1 -1 0 0 0 -1 -1 -1 0 0 0 1 1 1 1 -1 2 1 -1 -1 -1 0 0 0 0 1 2 1 -1 0 0 -1 -1 0 0 -1 -1 0 1 0 -1 -1 0 1 0 -1 0 0 -2 1 -1 1 0 0 1 0 0 1 1 1 1 -1 1 -1 0 0 0 0 0 -1 0 0 -1 0 -1 2 0 1 0 -2 2 -1 0 0 0 -1 0 1 0 0 0 0 1 1 0 0 0 0 1 0 0 1 0 0 0 1 0 2 0 1 1 1 0 0 1 0 -1 1 0 0 0 0 1 -2 0 1 0 0 0 0 2 0 -1 1 -1 -2 1 -1 0 0 1 1 -1 0 0 0 0 0 0 -1 0 0 0 0 1 0 0 22 -1 0 -2 -1 0 1 0 0 -2 0 -1 0 1 1 -1 1 -1 -2 0 1 -1 0 3 0 0 0 -1
1 0 0 -2 -1 0 0 -1 -1 0 2 1 0 0 2 0 1 1 0 1 0 0 0 0 1 -1 -1 0 0 0 0 0 1 -1 0 1 0 1 0 0 2 0 0 0 0 0 1 0 1 0 0 1 1 0 0 0 1 0 1 0 0 -1 -1 1 1 0 1 0 1 0 2 0 1 0 0 1 1 0 -1 1 -2 1 1 1 1 0 1 0 1 0 1 -1 1 0 -1 0 0 1 0 -1 1 0 0 0 0 0 0 0 -1 0 0 0 1 0 0 1 0 1 0 2 1 1 0 1 0 0 0 0 1 0 0 0 -1 -1 1 1 -1 1 1 1 1 1 -1 1 0 0 0 -1 0 0 0 -1 2 0 0 1 -1 0 0 1 1 -1 0 0 1 0 1 1 1 1 0 1 1 0 0 1 1 0 0 0 0 0 1 -1 1 2 -1 -1 0 -1 0 0 -1 0 0 1 0 -1 1 0 0 2 0 0 0 1 0 0 0 0 -1 0 -2 0 0 1 0 1 1 0 0 1 -1 0 1 0 -1 1 0 -1 0 0 0 2 -1 -1 0 0 1 0 -1 -2 -1 0 1 0 0 1 0 -1 1 1 0 -1 0 0 1 3 1 0 0 0 0 0 0 -1 1 0 -1 2 0 0 1 0 0 0 0 0 0 0 1 0 0 0 -1 0 1 1 1 -1 0 0 0 0 2 -1 1 0 2 0 1 0 0 1 0 -1 1 0 0 1 1 0 1 1 -1 0 0 0 0 -1 1 -1 0 -2 0 0 0 0 1 0 0 1 0 0 0 2 0 1 0 2 0 1 0 0 2 1 1 -1 1 -1 0 -1 -1 0 1 -1 0 0 0 0 0 0 -2 0 1 0 1 -1 1 0 0 1 0 2 2 -1 0 0 0 1 0 1 0 -1 0 0 1 1 -1 -1 1 1 1 0 0 1 0 -1 1 -1 0 -1 1 0 0 1 -1 1 1 0 2 -1 0 1 0 0 -1 -2 -1 0 0 0 -1 3 1 0 2 1 2 0 1 1 -1 19 -2 -1 1 1 0 0 0 1 0 0 1 1 0 0 0 -1 -1 0 0 0 0 -2 0 1 0 0
0 1 1 1 0 0 0 1 1 -1 -1 -2 -1 1 0 0 1 -1 0 0 0 1 -2 -1 0 0 0 1 0 1 1 0 0 -1 -1 0 1 3 1 1 0 1 0 -1 -1 1 0 1 1 1 0 0 0 -1 0 0 -1 0 -1 0 0 0 -1 -1 3 0 1 2 0 0 1 1 0 -1 0 1 -2 -1 2 0 0 0 -1 0 0 -1 1 0 1 -1 0 0 -1 -1 -2 0 -1 -1 1 0 -3 0 1 1 2 0 1 3 1 0 0 1 0 -2 0 0 1 2 1 -1 -1 0 0 0 0 1 -1 1 2 -1 0 0 0 2 0 1 0 0 0 0 0 -2 0 2 -1 0 0 1 0 -1 0 -1 1 0 -1 1 0 0 0 0 0 1 -1 0 0 2 0 0 0 0 0 0 -2 0 0 2 -1 -1 1 -1 1 0 1 1 0 1 0 0 -1 0 0 1 0 -1 0 0 1 0 0 1 0 1 -1 1 0 0 -2 0 0 1 -1 1 0 0 2 2 0 0 0 0 0 0 0 0 1 0 0 2 0 2 0 0 0 0 1 0 0 -1 0 -1 1 0 -1 0 2 1 0 0 1 2 0 1 0 1 0 1 0 0 0 -3 0 1 0 0 0 0 2 0 0 -1 -1 0 -2 0 0 0 -1 -2 0 0 0 -1 1 1 0 -1 0 1 -1 -1 0 0 0 1 1 0 1 -2 0 0 -1 1 0 0 1 0 -3 0 -2 1 0 -1 -1 1 -1 0 0 1 -1 0 1 0 1 0 3 2 -1 0 0 0 0 1 0 2 0 -1 0 1 0 1 1 1 0 1 0 1 0 1 -1 1 0 -1 0 1 0 2 0 0 0 0 0 -1 -1 0 2 0 1 -2 1 -1 1 2 0 1 1 -1 0 0 0 0 -1 -1 0 0 0 1 1 1 0 0 1 -1 0 0 -1 -1 0 3 1 1 0 0 1 0 0 1 1 1 1 -1 -1 0 0 1 1 -1 1 1 0 -1 0 -1 1 0 -1 2 2 0 0 1 0 0 0 -2 22 -1 0 2 2 0 0 0 1 0 1 0 -1 0 0 1 0 0 -1 0 0 0 1 0 0 0
0 0 0 2 0 1 1 0 1 1 0 2 0 2 1 0 -2 0 0 -1 0 1 -1 0 1 0 1 0 0 0 0 1 0 0 1 1 0 0 0 0 0 -2 0 1 0 1 0 0 -1 1 0 -1 1 2 0 0 1 0 -2 -1 1 0 0 0 0 -1 0 0 0 1 -1 -1 0 0 0 1 0 -2 1 0 2 0 0 -1 0 0 0 -1 0 0 0 -1 2 1 0 0 1 1 -1 1 3 0 0 1 0 0 0 1 0 2 -1 0 0 0 0 1 0 -1 0 -1 2 -1 0 -1 0 -1 0 1 1 0 1 0 -2 -1 -1 0 0 -1 0 0 0 0 0 0 0 1 0 0 -1 0 0 0 0 -1 0 1 0 0 -2 -1 0 0 1 0 -1 -1 -1 -1 -1 0 0 0 0 -1 -1 -1 0 0 2 0 0 0 0 -1 0 0 0 0 0 1 1 -1 0 1 0 0 2 -1 -1 0 0 -2 0 0 0 0 0 0 1 0 0 0 1 0 1 1 0 -1 0 -1 2 0 0 0 -1 0 -1 1 0 0 0 1 -1 0 0 -1 0 0 0 -1 0 0 1 -1 0 1 0 0 0 0 -1 -1 0 0 0 0 -1 0 2 1 4 1 0 0 1 0 0 -1 1 0 -1 1 0 0 0 0 0 0 1 0 -1 0 1 -1 -1 1 1 0 0 -1 0 1 0 0 0 1 1 0 -1 0 0 0 1 0 0 0 0 -1 1 1 1 -1 0 0 1 0 0 1 -2 3 -1 2 0 1 0 1 0 0 0 0 0 0 0 0 -1 0 1 0 0 -1 1 -1 0 1 -1 2 0 2 -1 1 -1 0 0 0 0 0 0 -2 0 2 0 0 -2 2 0 1 1 0 0 1 0 0 2 0 2 1 -2 -1 0 0 0 -1 0 0 0 1 1 0 -1 0 0 0 -1 0 2 -1 1 0 0 0 -1 -1 0 1 0 0 0 0 0 1 1 0 1 0 0 -1 1 0 0 0 0 0 2 0 0 1 1 0 -1 2 0 0 -2 -1 -1 18 1 -1 1 0 1 0 0 -1 0 -2 0 0 0 0 0 0 0 1 0 0 0 0 1 0
0 3 -1 1 0 0 0 0 -1 1 -1 0 0 0 0 0 0 0 1 -1 1 1 0 1 1 0 0 -1 -1 1 0 -1 0 1 0 2 -1 0 0 0 1 0 0 -1 1 2 0 0 0 1 0 0 1 2 0 1 -1 0 -2 1 0 0 0 -1 0 0 0 1 0 -1 0 -1 0 2 0 0 0 1 0 1 -1 -1 1 0 0 1 1 1 0 0 -1 1 -1 0 0 -1 0 0 0 1 0 0 0 1 -1 0 0 0 0 1 1 1 1 -1 0 1 0 -2 2 3 0 0 0 1 0 0 1 1 0 0 0 2 -1 0 0 -2 1 0 2 0 -2 0 -1 0 0 1 1 0 1 0 -1 2 0 0 1 -1 1 1 0 0 0 -1 0 0 0 -1 0 0 0 1 -1 0 1 1 1 -1 0 0 0 0 1 0 1 0 0 -1 -3 1 3 -1 1 0 0 0 -1 0 0 -1 1 0 0 0 -2 1 0 0 0 2 -1 0 -1 0 -2 -1 2 1 0 -1 0 1 0 0 0 1 1 0 1 0 0 -2 0 1 -1 0 -1 0 0 0 0 1 0 -2 0 0 0 1 1 0 0 1 1 1 -1 0 0 0 -2 0 2 2 0 0 -2 -1 0 2 0 0 -2 -1 1 -1 -1 0 1 0 0 0 -1 -1 0 0 0 -1 0 0 0 -1 -1 0 0 -1 0 0 -1 -1 0 0 0 0 1 -1 0 0 0 0 1 0 -1 0 1 0 0 1 1 3 0 2 1 0 -2 0 1 2 0 0 1 0 -2 -1 -1 0 -3 1 -1 2 0 1 0 1 0 0 0 0 0 1 0 1 -1 0 0 0 0 0 0 0 0 1 2 -2 0 1 0 0 0 -3 -2 -1 0 -1 0 0 0 0 0 0 -2 -1 1 -1 0 1 1 1 2 2 0 0 1 1 1 1 -1 -2 0 0 1 0 0 0 0 1 1 -1 0 0 0 -1 1 0 0 -1 0 2 -2 0 0 -1 0 0 0 1 0 0 -1 1 -1 0 1 0 1 0 -1 1 0 1 20 0 1 0 2 2 2 0 0 0 1 1 -1 -2 1 1 0 0 -2 -1 2 -2 0 0
-1 0 0 0 0 0 -1 0 1 0 -1 1 0 0 0 0 2 0 0 0 0 -2 0 -1 0 -1 0 1 0 0 0 -1 0 1 1 -1 0 2 1 0 0 0 0 0 2 0 -1 0 1 0 0 0 0 0 0 -3 0 -1 -1 -1 0 0 0 0 0 0 0 0 0 0 1 0 0 1 0 0 0 -1 -1 0 0 0 0 0 0 0 1 0 1 -1 1 0 1 0 -2 -1 0 -1 0 0 0 1 -1 0 0 0 0 1 1 0 0 0 0 0 0 -1 -1 0 -1 0 0 0 0 1 0 0 0 0 0 -1 -1 1 0 -1 0 -1 0 0 0 0 1 0 0 0 0 0 0 -1 1 0 0 -1 0 0 0 0 0 0 1 0 0 0 0 0 0 1 -1 0 0 0 1 -1 0 0 1 2 0 -1 0 0 0 1 0 -1 0 0 0 0 1 0 0 0 1 0 0 0 0 0 1 0 1 1 2 0 1 0 -1 0 0 0 0 0 0 0 1 0 1 0 0 0 0 0 0 0 0 0 0 0 0 1 0 0 0 0 0 0 0 -1 -1 1 1 0 0 0 0 -1 0 0 0 0 1 1 0 0 0 1 0 1 1 0 0 0 -1 0 -1 0 -1 0 0 -1 -1 0 1 0 0 -1 0 0 1 0 -1 0 -1 0 0 0 0 0 -1 2 1 0 0 0 -1 0 0 -1 0 0 -1 1 0 2 1 0 -1 0 -1 0 0 0 1 0 -1 0 0 1 0 0 0 -1 0 0 0 1 -1 -1 1 0 0 1 0 0 0 0 0 0 -1 1 0 -1 0 -1 1 0 0 0 0 0 0 2 0 0 0 0 0 0 0 0 1 0 1 -1 1 0 2 0 0 0 0 0 1 0 -2 0 1 0 0 0 0 0 0 0 -2 0 0 0 0 1 0 0 2 1 1 2 0 2 0 0 0 -1 2 0 1 2 0 0 0 0 0 0 1 4 3 0 0 0 -1 0 1 -1 -1 0 2 0 1 1 1 0 0 0 0 1 2 -1 0 14 0 -1 0 0 1 0 1 2 0 0 2 0 0 0 1 0 0 0 0 1 0 0
1 0 0 0 0 0 0 -1 0 0 -1 1 -1 1 0 0 1 -1 -1 -2 1 1 1 0 0 0 0 1 0 0 2 0 1 0 0 -1 2 1 2 0 0 0 0 1 1 0 0 0 1 0 1 1 0 1 1 0 0 -1 0 -1 -1 -1 3 0 0 0 1 0 -3 0 -2 0 -1 1 -1 0 1 -1 -1 1 0 -1 0 0 0 0 -1 -3 1 0 1 -1 0 0 -1 0 -1 0 1 0 0 1 -1 1 1 1 1 0 -1 1 1 1 0 0 0 1 0 -1 -1 0 0 0 0 0 0 0 1 2 0 -1 -1 0 -1 0 1 0 2 0 0 -1 -2 -1 -1 0 0 0 1 0 -2 1 0 0 3 0 0 -1 0 0 0 0 1 0 -2 1 0 -1 1 0 -1 1 1 0 0 1 0 -1 -2 0 -1 -1 2 -1 1 0 0 1 1 1 -1 0 1 1 1 0 0 0 0 0 0 0 -1 0 2 1 0 -1 0 -1 1 2 -1 0 0 0 1 0 -1 0 0 0 2 0 0 0 0 1 -1 -1 2 -1 0 2 -1 0 0 0 -1 0 0 0 -1 -2 1 0 1 0 0 0 0 -1 0 1 0 -2 0 0 0 3 0 0 0 1 0 0 0 0 0 2 -2 -1 0 -1 0 1 0 0 -1 0 1 -1 0 -1 -1 1 0 0 -1 1 -1 -1 0 0 0 0 1 0 -1 0 -1 0 0 1 2 0 0 0 1 0 -2 2 0 -1 -1 0 0 0 0 0 -3 0 0 0 0 0 0 0 0 0 0 1 0 -1 1 -1 0 -1 0 0 -1 0 0 0 -2 -1 0 1 0 -1 0 -1 1 0 2 3 0 0 1 -1 1 -2 -1 1 0 0 1 0 0 0 0 0 0 1 -1 0 0 0 0 0 -2 0 2 0 0 1 1 1 0 1 2 0 -1 0 0 1 -1 -1 1 1 -1 -1 -1 0 1 1 1 0 -2 1 0 0 0 1 0 -1 0 -1 -1 -1 0 0 0 0 0 0 -1 0 0 0 0 2 0 0 1 0 2 1 1 0 22 0 0 -1 2 0 0 0 -1 0 3 1 0 0 -1 1 0 2 0 0 0 0
2 -2 1 -1 1 0 0 0 0 0 1 1 0 0 0 0 -1 0 0 0 0 1 0 2 0 0 1 0 2 0 0 0 1 0 1 -2 0 0 1 -1 0 0 0 0 1 1 1 0 0 0 0 0 1 0 0 1 0 0 2 0 -1 0 -1 0 0 0 1 0 0 0 2 1 -1 1 2 0 1 1 -1 0 -1 0 0 0 1 0 0 0 0 0 0 -1 -1 1 0 0 0 0 0 0 0 0 1 0 1 1 0 0 0 0 0 2 0 0 0 -1 -1 0 2 1 0 0 0 -1 0 0 1 0 1 0 0 0 1 0 0 -1 0 0 0 0 0 -1 0 0 0 1 0 1 1 0 0 -1 0 1 0 0 -1 0 0 1 0 1 -1 0 0 0 3 0 1 2 0 0 0 0 0 1 0 0 0 0 0 -1 0 0 0 0 0 0 1 0 0 1 0 0 0 0 0 0 0 0 0 0 -1 1 0 0 0 -1 1 0 0 1 0 0 0 0 0 0 0 0 1 1 0 2 0 1 0 -1 -1 0 1 -1 1 0 1 0 0 1 0 2 0 0 0 1 0 0 0 1 1 0 0 0 -1 0 0 1 -2 0 0 0 0 1 2 0 0 0 0 0 0 0 0 -1 0 0 1 0 -1 1 1 0 0 2 0 0 0 0 0 0 0 0 -2 0 0 1 0 0 0 0 -1 -1 1 -1 1 -1 1 -1 0 1 1 0 0 1 0 -1 1 -1 0 0 0 1 0 0 0 0 0 -1 0 0 0 2 0 -1 0 1 0 2 0 -1 -1 0 0 0 -1 1 0 0 0 1 0 0 1 -3 0 0 0 -1 0 -1 0 0 -1 0 0 1 0 0 1 0 0 0 -1 0 0 0 0 0 -1 0 0 0 -1 -1 0 0 -1 0 1 0 0 -1 2 0 0 -1 1 -1 0 0 0 0 0 -1 1 -1 2 1 0 1 -2 1 1 1 -1 0 0 1 0 0 1 0 -1 0 0 0 -1 0 0 0 0 0 -2 0 0 0 0 0 0 -1 0 13 0 1 0 0 0 -1 0 0 0 0 0 -1 1 0 -1 1 1 0 0 0
0 1 -1 0 -1 0 0 0 1 1 1 0 0 -1 2 0 0 0 1 0 1 0 -1 0 1 0 0 0 -1 1 0 -1 -1 -1 -1 -1 0 0 0 0 0 0 0 0 -1 2 -1 0 0 0 0 -2 0 1 0 1 0 0 -1 0 0 0 1 -1 1 -1 0 0 0 -1 1 -1 0 1 0 -1 1 0 0 -1 0 0 0 0 0 0 1 0 0 0 -1 0 0 0 0 0 1 0 1 1 0 0 -1 1 2 1 0 1 0 1 2 0 0 0 0 0 0 0 1 0 0 2 0 0 0 0 1 0 0 0 0 0 1 0 1 0 1 1 1 0 2 -1 1 -1 2 -1 0 0 0 0 0 -1 0 1 0 1 2 0 0 0 0 0 0 0 0 1 1 0 -1 0 0 1 -1 0 0 -1 0 1 1 -1 -2 0 0 1 0 0 0 0 -2 0 1 0 0 0 1 0 0 1 0 1 -1 -2 0 0 0 0 -2 1 -1 0 0 1 0 0 0 0 -1 0 -1 1 0 0 0 0 0 0 -1 0 0 0 0 0 -1 0 1 0 0 -1 1 0 0 0 0 -1 0 1 -2 0 1 1 0 0 0 1 0 -1 -1 0 0 0 0 1 0 0 -1 0 0 0 0 1 2 0 0 0 0 -1 0 0 0 0 -1 0 0 -1 0 0 0 0 0 0 -1 0 -1 0 0 0 0 0 0 0 0 0 0 0 0 0 2 0 -1 0 -1 0 0 0 -1 2 0 0 0 1 0 0 1 0 0 -1 0 0 0 0 0 1 1 1 0 1 0 -1 1 0 1 0 -1 0 1 1 1 0 0 -1 -1 0 0 1 0 0 -1 0 -1 1 0 0 1 0 0 -2 0 0 0 0 1 -1 0 0 1 0 0 0 1 0 0 0 1 0 3 0 0 1 0 -1 2 2 0 0 0 -1 1 0 0 0 0 -1 0 -1 0 0 0 0 1 -1 0 0 -1 0 0 0 -1 -1 0 -1 -1 0 0 -1 0 0 0 0 2 2 3 0 0 0 0 1 2 0 0 0 15 0 1 0 0 -2 1 0 1 -1 0 0 0 0 0 1 1 0 0 1
0 0 0 0 1 0 0 1 0 -1 1 0 0 1 0 2 0 0 0 0 0 -1 0 -1 0 0 0 -1 2 0 0 -1 0 0 0 -1 0 0 0 0 1 0 0 0 -1 0 1 0 0 3 0 0 0 0 1 1 0 0 0 1 1 0 -1 -1 1 0 0 0 0 0 2 0 0 -1 1 -1 0 1 1 0 0 0 1 0 0 0 0 2 -1 -1 0 0 1 0 0 0 1 0 0 -2 1 0 0 0 0 0 1 0 0 0 0 0 0 0 0 0 0 1 1 0 1 0 0 1 0 0 0 1 0 0 0 0 0 0 1 0 1 3 0 0 -1 0 -1 -1 1 1 0 0 1 1 0 0 1 0 0 1 0 0 0 0 0 0 0 0 0 0 0 0 -1 1 0 0 -1 0 3 1 0 0 1 0 0 0 0 0 1 -1 1 1 2 0 0 -1 -1 0 0 0 0 2 0 0 0 1 -1 1 1 0 1 0 -1 1 0 0 -1 0 0 -1 0 0 0 -1 1 0 1 1 -1 0 0 0 0 1 0 -1 0 0 0 1 0 0 0 -1 0 -1 0 0 0 -1 0 0 0 1 0 1 0 0 0 0 1 0 -1 1 0 0 0 0 0 0 1 1 0 0 2 1 0 0 0 0 0 -1 0 -1 0 0 0 0 0 -1 0 0 -1 1 0 -1 0 -1 1 -1 1 1 0 -1 0 0 -1 -1 0 0 0 0 1 1 1 0 0 0 1 0 2 0 -1 -1 0 0 -1 0 0 0 0 0 0 0 0 1 -1 -1 0 0 0 1 0 0 0 0 0 0 0 0 -1 1 1 0 1 0 0 0 0 -1 0 0 0 -1 0 -1 0 0 -1 0 0 0 -1 0 0 0 0 -1 0 0 0 0 0 0 0 1 0 0 -2 0 0 0 1 0 0 0 -1 0 0 0 0 0 0 0 0 0 1 -2 0 0 0 0 1 0 0 -1 0 0 0 1 -1 -1 1 1 0 1 0 0 0 0 0 1 1 0 -1 0 -2 1 0 0 2 0 -1 1 0 12 0 1 -1 0 0 0 1 1 1 -1 1 0 0 0 1 0 0 1
0 -2 -2 1 0 0 -1 0 4 0 1 0 1 1 1 2 0 1 -1 0 0 1 0 2 0 1 0 0 -1 -1 0 0 1 -2 1 0 -1 2 -1 1 0 0 0 0 1 4 0 0 1 0 0 0 0 -1 1 0 1 0 0 3 0 -1 0 1 -1 0 1 0 0 -1 1 0 2 0 0 0 0 1 0 0 0 -1 0 1 -1 0 0 1 0 1 0 1 0 0 -1 0 1 0 -1 0 0 0 -1 4 0 0 0 1 -1 2 1 0 0 0 1 0 0 1 0 0 0 3 -1 0 0 0 3 0 0 -1 0 -1 0 0 1 0 1 0 0 0 -3 1 1 0 0 1 0 0 0 0 0 0 0 -1 0 -2 0 0 -1 -2 0 0 -1 0 -1 0 0 0 1 0 2 -1 1 -2 0 0 0 -1 1 0 0 0 1 0 0 1 0 -1 -1 1 0 0 0 0 -1 0 0 -1 0 0 -1 0 0 1 1 0 0 0 2 0 0 0 1 0 1 2 0 0 -2 -2 0 -1 0 -1 -1 2 0 2 0 0 0 0 0 0 1 1 0 1 0 1 0 -2 0 1 1 -1 0 0 0 1 1 2 0 0 0 -1 -1 0 0 0 -1 0 0 0 0 -1 0 0 0 0 -1 1 -2 0 1 0 0 0 0 0 0 1 0 0 0 0 0 0 -2 0 2 1 0 0 0 0 0 1 0 0 0 3 0 0 -1 0 2 1 1 0 0 -2 0 0 0 0 1 0 -1 1 1 -1 0 -1 0 0 1 0 0 0 0 -1 0 0 0 0 -1 1 -1 0 0 0 -1 0 1 0 0 0 0 0 0 0 0 1 1 1 -1 -1 0 0 -1 -1 0 0 3 0 0 1 -1 0 0 0 -1 0 0 0 -1 0 1 -1 0 0 0 3 -1 -1 1 0 1 0 0 0 1 1 -1 0 0 3 1 0 2 -1 2 0 1 1 0 -2 1 -1 1 3 1 -1 1 -1 -1 0 -1 0 -2 1 0 0 0 0 0 0 1 0 0 0 0 0 1 0 2 1 2 0 1 0 19 1 0 0 -2 0 1 0 0 0 1 0 0 2 3 0 0 -1
-1 -1 1 0 0 0 0 0 1 -1 0 1 1 -1 0 1 -1 -1 -1 -1 -1 -1 0 0 0 0 2 0 -1 -2 0 -1 3 0 0 0 0 0 0 0 0 0 2 1 0 1 -1 0 0 2 0 1 1 -2 1 0 0 -1 0 1 0 0 1 -1 0 -4 -1 1 1 2 0 0 0 0 1 0 -1 0 0 0 0 1 0 -1 1 1 1 0 1 0 0 0 0 2 1 0 0 -1 0 0 1 0 0 2 0 1 1 1 0 0 1 2 0 0 0 0 0 2 1 0 0 1 -2 0 -1 0 0 1 0 0 1 -1 0 0 -1 1 -1 1 0 0 1 0 0 0 0 0 0 0 0 0 0 -1 0 0 0 1 -1 -1 0 1 0 3 1 0 1 0 0 0 -1 0 3 0 -1 -1 0 0 1 1 0 0 1 0 2 0 -3 0 1 0 0 -1 0 -1 0 -1 -2 0 0 -1 0 -1 0 0 -1 1 -1 0 1 -2 0 0 0 0 1 -1 -1 0 1 -1 0 1 1 0 1 0 0 -1 1 0 0 1 2 0 1 0 0 0 1 0 0 1 -1 1 0 0 0 2 1 0 0 1 -2 0 0 0 3 0 1 0 -1 0 1 0 0 0 1 1 1 0 1 0 0 0 0 0 0 -1 0 -1 0 0 1 -1 0 -2 0 1 0 -1 1 0 2 0 -1 0 1 1 0 1 0 0 0 1 0 0 -1 1 1 1 0 1 0 0 0 2 0 0 1 1 1 -1 2 0 0 -1 0 -1 1 0 0 0 0 0 -1 1 0 -1 1 -1 2 -2 0 1 0 0 1 1 -3 0 0 3 0 0 -1 0 0 1 0 -1 1 0 0 0 0 -1 0 1 -2 1 0 0 0 0 0 0 0 -1 3 0 0 0 0 -1 0 0 -1 0 1 0 0 0 0 0 -1 0 -1 0 2 0 1 0 0 0 1 1 -1 0 2 1 0 0 1 0 -1 -1 0 1 0 0 0 0 0 0 0 -1 2 -1 0 -1 1 1 0 1 -1 0 0 -1 0 0 0 0 0 1 1 17 -1 0 2 -1 0 0 0 -1 0 1 1 0 0 0 0 -1
0 1 0 0 0 -1 -1 0 -2 1 0 0 0 2 1 -1 4 0 -1 0 0 1 1 0 0 0 1 0 -1 0 1 0 1 1 1 1 0 -1 0 0 0 0 1 -1 -1 0 0 1 0 0 0 1 0 -1 -2 -1 0 0 -1 1 4 0 2 0 1 0 0 0 0 1 1 2 -2 0 -1 1 -1 1 2 4 0 1 3 -1 0 1 0 0 2 0 0 2 0 1 0 1 0 0 0 -1 1 0 -1 0 -1 0 -1 1 0 1 1 2 -1 0 0 -1 1 -1 -1 0 -1 -1 2 0 -1 0 0 0 0 -1 -1 0 -2 0 3 1 1 -2 0 1 0 -1 2 -1 1 2 0 1 -1 0 0 -1 -2 0 0 1 -1 1 1 -1 0 0 -1 -1 0 1 0 1 2 2 1 -2 1 0 0 0 0 0 2 1 -1 0 0 0 0 -1 0 0 -1 0 0 0 1 1 -2 1 -1 0 1 1 -2 1 0 0 0 -1 1 0 0 0 1 -1 -1 -1 0 0 -3 0 -1 -1 -1 0 -2 0 0 1 0 0 2 -1 0 1 0 0 0 1 0 -1 -1 1 -1 -1 -1 0 0 0 -1 0 1 0 1 0 4 1 -2 1 0 0 1 -1 0 0 0 0 0 -2 1 2 0 0 -2 1 -1 1 0 0 0 2 -2 0 -1 1 0 0 0 0 1 0 0 -1 0 0 0 0 1 0 1 -1 0 0 0 3 0 0 -2 0 1 1 1 0 1 0 0 -1 0 0 1 0 1 0 1 0 0 -4 0 1 -1 0 0 1 0 0 0 0 1 2 1 0 0 1 0 0 -1 -1 1 2 1 1 -1 0 3 2 -1 1 1 1 0 1 1 -1 -1 0 1 1 0 0 0 0 -1 1 0 0 0 -1 0 -1 0 0 1 0 0 0 0 0 -2 -1 0 -1 0 1 0 0 0 -1 0 -1 0 0 0 0 -1 0 3 0 0 1 -2 0 -1 1 0 1 0 0 -1 0 0 0 0 1 0 1 0 0 0 0 1 0 0 -1 0 -1 0 1 1 0 0 1 0 0 0 -1 0 -1 24 -1 -1 2 1 0 0 2 0 2 -1 0 0 0 -1 -1
0 0 0 -1 0 0 0 -1 -1 0 0 2 0 0 1 -1 1 0 0 -1 0 -2 0 1 0 0 0 0 0 0 0 0 0 1 0 0 1 0 0 0 0 1 -1 0 0 0 -1 0 1 -1 0 0 0 0 1 0 0 1 0 0 1 0 0 1 -1 0 -1 0 0 0 2 0 1 0 0 0 0 0 -1 1 0 0 0 0 -1 0 0 -1 1 1 0 0 1 0 1 -1 0 0 0 0 1 -1 0 -2 1 0 0 0 0 0 0 0 -1 0 0 0 0 0 0 0 1 -2 0 1 0 0 -1 1 1 0 0 -1 0 0 0 0 1 2 1 0 1 -1 0 1 -2 0 1 1 -1 -1 -1 1 3 0 1 0 1 0 1 0 0 0 1 0 0 0 0 -1 0 0 0 1 1 0 1 1 1 -1 1 0 1 1 0 0 -1 0 0 0 0 -1 0 -1 0 0 0 -1 0 0 1 0 0 1 0 -1 1 0 1 -1 0 0 -1 0 -1 1 2 0 2 -1 0 -2 0 -1 0 -1 1 0 0 0 1 0 0 0 0 1 0 1 0 0 0 0 1 0 1 0 0 -1 0 -1 0 1 3 0 0 0 0 0 1 1 0 0 -2 0 2 1 -1 1 0 0 1 1 0 -1 0 0 1 0 -1 0 -1 0 -1 0 -1 0 0 0 0 0 0 1 0 2 0 1 -1 1 -1 0 1 0 1 1 1 0 0 1 -1 -2 -2 0 0 1 0 -1 0 0 0 -1 1 0 -1 0 -1 0 0 0 0 0 2 0 -1 -1 -1 1 0 0 -1 0 -1 -2 -1 1 0 0 1 0 -1 1 0 0 0 0 0 0 0 -1 0 -1 0 0 0 1 -1 -1 -1 1 0 0 0 1 0 0 1 1 0 0 0 1 0 0 0 1 -2 0 -2 0 0 0 1 0 0 0 0 0 1 3 -2 2 0 -1 0 -1 0 1 -1 0 1 -1 -1 -1 2 1 1 0 0 1 -1 1 0 0 -2 -1 -1 2 0 1 0 2 1 1 0 0 1 1 0 -2 0 2 0 -1 -2 0 0 0 -1 20 -2 0 0 0 0 1 0 0 0 -1 0 1 0 -1
0 -1 1 0 0 0 2 0 1 1 0 1 0 -1 0 -1 -1 1 0 -1 -1 0 -1 0 1 0 -1 0 -2 1 0 0 0 0 1 0 -1 0 0 -1 0 1 -1 0 3 0 0 0 -1 0 0 0 0 2 0 0 1 -1 -1 0 0 0 1 0 0 0 -1 0 0 1 0 0 0 2 1 1 -1 0 0 -1 0 1 0 0 2 2 2 1 0 0 0 1 0 4 3 0 0 0 0 1 0 0 1 -1 1 1 0 0 2 -3 0 1 -2 0 0 2 0 1 -1 0 0 2 0 0 0 1 -1 -2 0 0 0 -1 0 1 -2 -1 0 -1 0 0 2 1 1 0 0 -1 1 1 1 0 0 3 0 0 2 1 2 1 -1 0 0 -1 0 0 1 0 2 -1 0 1 1 0 0 1 -1 0 0 0 0 -1 0 0 -1 0 -1 -1 0 1 0 -1 0 0 0 0 0 0 0 0 0 0 0 0 2 1 -1 0 -2 3 0 -1 0 -1 0 1 -1 0 0 0 1 0 0 1 0 0 1 -1 1 -1 0 0 0 -1 1 0 0 0 1 0 1 1 0 1 -1 0 0 0 2 0 -2 1 -2 0 1 -1 0 0 0 2 0 1 0 -1 0 -1 0 2 1 0 -1 -1 1 0 1 0 0 0 -1 1 0 -1 0 -1 1 -1 0 0 1 0 1 -1 0 -1 1 0 -1 -1 1 0 0 0 -1 0 -1 -3 0 0 0 -1 0 0 -1 2 0 2 0 0 0 0 0 -1 -1 0 0 0 0 0 0 1 0 0 -2 0 2 0 0 1 0 -1 0 0 0 0 1 1 0 0 0 -1 -1 1 -1 0 0 -1 0 0 0 1 0 0 1 0 0 -1 0 0 0 0 -1 -1 0 -1 -1 -1 0 0 0 0 2 0 0 0 1 -2 0 0 0 -1 -1 0 0 -1 0 1 -1 0 1 0 0 -1 0 0 -2 0 0 0 0 1 0 0 0 0 -1 1 0 0 0 2 1 -1 0 0 0 -1 0 -1 0 1 1 1 0 2 1 0 -1 0 1 0 -1 0 1 0 -2 2 -1 -2 18 0 0 1 0 1 0 1 1 -1 0 0 0 0
-1 0 1 -1 0 0 2 0 -1 2 1 0 0 0 -1 0 1 0 1 0 0 1 1 0 0 0 0 -1 0 -1 0 0 0 0 -1 -1 0 -1 1 -1 0 -2 -1 -1 0 0 0 1 0 0 -1 -1 0 1 1 1 0 0 0 1 0 0 0 0 0 0 0 0 0 0 0 0 0 0 0 -1 0 0 0 1 0 1 0 0 1 0 -1 -3 0 0 0 2 0 0 2 0 0 0 0 1 -1 0 0 0 0 0 0 -1 0 0 0 0 0 1 0 2 2 0 1 1 0 -1 0 0 0 0 1 0 0 0 0 -1 0 -1 2 0 0 1 0 0 1 0 1 0 -1 -1 0 -1 1 0 0 0 0 0 1 0 1 2 1 0 0 0 0 0 0 -1 1 0 1 1 0 0 -1 -1 0 1 0 -1 0 2 0 0 0 0 0 0 0 0 0 -2 1 0 0 1 0 0 -1 0 0 0 0 -1 0 1 -1 0 1 0 0 1 1 0 0 1 0 -1 -1 1 -1 0 0 0 1 0 1 0 1 1 1 1 0 0 0 0 0 -1 0 1 -1 1 0 0 0 0 0 0 1 0 1 1 -1 -1 0 0 0 0 0 1 1 -1 0 0 1 0 0 0 0 1 0 0 1 0 1 0 0 -1 0 0 -1 0 0 0 0 0 1 0 0 0 -2 0 0 0 2 0 0 0 0 0 0 0 1 0 0 0 -2 0 0 1 1 -1 1 2 0 0 0 2 0 0 0 0 0 0 0 -1 0 -1 -1 0 -1 0 0 -1 0 0 0 1 1 0 0 1 0 0 0 0 -1 0 0 0 0 1 0 2 0 0 0 1 0 2 -1 1 1 0 0 2 1 -1 2 0 -1 0 0 0 0 -1 1 1 -1 1 0 0 0 0 -1 0 1 -1 0 -1 -1 -1 1 0 1 -1 -1 1 0 0 -1 -1 0 0 2 1 0 0 0 -1 0 0 -2 -1 1 0 1 0 0 -1 1 1 0 0 0 1 0 -1 0 0 0 0 0 1 -1 0 0 0 1 0 0 0 0 0 0 -1 2 0 0 15 0 0 2 2 0 2 0 -1 -1 0 0 0
0 0 -1 0 0 0 -1 -2 0 0 0 0 1 0 1 -1 0 0 0 0 1 1 0 0 0 1 0 1 0 -1 0 0 0 2 0 0 2 3 0 0 1 0 1 -1 0 0 0 0 -1 0 0 -1 0 0 1 -1 1 0 0 1 0 -2 1 0 2 -1 -1 0 -2 0 0 0 0 1 0 1 0 -1 0 -1 -1 -1 -1 1 0 0 -1 0 -1 0 1 0 1 0 -1 0 1 0 0 0 1 0 -1 1 0 0 -1 1 0 -1 2 0 0 -2 0 1 0 2 0 0 0 0 0 0 0 1 0 0 1 0 0 0 1 0 0 -1 -1 0 0 -1 0 1 -1 0 -1 0 0 1 3 0 0 0 0 1 0 1 1 0 0 0 0 0 0 0 0 1 0 0 -1 1 0 -1 0 0 0 0 0 0 0 0 0 1 0 -1 1 1 1 0 0 0 0 0 -1 0 0 0 0 1 1 1 0 2 1 0 1 0 0 0 0 2 -1 0 1 0 0 -2 -1 1 0 -1 0 0 -1 1 0 1 0 0 0 1 0 0 0 0 1 1 -1 -1 0 1 0 0 0 0 0 1 1 1 0 1 0 2 1 -1 0 0 0 2 0 -1 0 0 1 0 0 -1 1 1 2 0 0 -1 0 0 0 0 0 0 -1 0 0 2 0 1 0 0 0 -1 -2 1 -1 0 0 -1 -1 -1 1 1 -1 0 0 1 0 0 0 0 0 2 0 0 -1 0 1 0 0 1 1 0 -1 0 0 0 1 -2 0 -1 0 0 -1 0 0 0 -1 0 0 -1 0 0 0 1 0 -2 -1 1 -1 1 0 -2 0 -1 1 1 -1 2 0 2 0 1 0 0 1 2 1 1 0 0 1 0 1 2 0 -1 -1 -1 0 0 0 -1 0 1 1 -1 -1 -1 0 0 0 -1 1 0 0 0 0 1 0 0 0 0 0 0 0 0 2 0 0 -1 -1 1 -1 1 -1 1 0 0 1 0 0 0 0 1 0 0 0 1 0 1 0 -1 0 0 0 0 1 0 0 0 -1 2 3 0 1 1 1 0 1 0 0 0 19 0 -2 0 0 -1 0 2 1 1 0 0
0 -1 0 0 1 0 -1 0 2 0 1 0 0 0 0 1 0 0 0 0 -1 -1 1 -1 1 1 1 0 0 0 1 0 1 0 1 0 -1 0 0 0 0 0 0 1 1 -1 -1 0 0 0 0 0 -1 0 1 0 -1 0 1 0 -1 2 0 1 0 1 -1 0 0 -1 0 0 1 0 0 0 0 0 0 0 -1 0 0 -1 1 0 0 0 0 -1 0 0 0 1 0 1 -1 -1 1 -1 0 2 0 0 0 0 0 0 0 -3 0 0 -1 1 0 -1 0 0 0 -2 -2 0 -1 0 0 0 0 0 0 0 -1 0 1 1 -1 1 0 0 1 0 1 -1 1 0 0 0 0 1 1 0 0 0 1 -1 1 0 -1 0 -1 -1 0 0 0 0 1 1 0 -1 0 1 0 0 0 0 2 0 -2 0 0 0 -1 0 -1 1 0 0 -1 0 -1 1 -2 -1 0 0 0 0 0 0 -1 0 0 0 1 0 1 0 0 0 1 -2 0 0 1 0 -1 -1 0 0 0 0 0 -1 0 0 0 0 0 0 0 0 -1 1 -1 1 1 0 0 0 0 1 0 -2 0 0 -1 -1 -1 0 0 1 0 0 0 0 0 0 1 0 0 1 0 -1 2 0 0 1 0 0 1 0 -1 0 -2 0 1 0 1 0 0 0 0 0 1 0 0 0 1 1 0 1 0 1 -2 1 0 0 1 0 0 0 -2 0 0 -1 0 0 -1 1 0 2 0 0 0 0 1 -1 0 0 0 0 0 0 0 0 0 0 0 1 0 0 0 1 0 0 0 0 1 0 0 -1 1 1 0 0 -1 -1 0 0 2 0 0 1 0 0 0 1 1 0 0 0 0 -1 -1 0 2 0 0 -1 1 0 0 0 0 1 0 1 1 0 0 0 1 1 0 0 -2 -1 0 0 0 0 -1 0 -1 1 0 0 1 1 0 1 0 0 0 -1 -1 -2 1 0 -1 0 -1 -1 0 -1 0 1 1 -1 0 -1 0 0 0 -2 0 0 1 0 1 0 0 0 -1 -1 1 0 -2 0 1 0 -1 1 0 0 0 0 1 0 0 14 0 0 0 1 0 -1 0 0 0 0
0 -2 1 0 1 0 0 0 0 3 0 -2 0 0 0 1 -1 -1 -1 1 1 0 0 0 1 0 1 0 0 -1 -1 0 0 -1 1 -1 -1 -1 0 -1 0 0 -2 -1 2 2 0 0 0 1 0 0 1 1 0 1 0 0 1 1 2 0 0 2 -1 0 0 -1 3 1 0 0 -2 0 -1 -1 0 0 0 0 1 0 -1 1 1 0 0 0 1 1 0 1 -1 0 0 1 1 -1 0 -1 0 0 0 0 1 -1 -1 1 -1 1 -1 0 1 1 0 2 0 0 0 0 0 -1 1 0 -1 0 0 0 -2 0 1 0 -1 1 0 1 1 -1 0 0 -1 0 1 2 1 0 1 0 1 1 0 0 0 -1 0 -1 1 2 0 0 0 0 0 -1 0 0 1 0 1 2 0 0 0 1 1 1 1 0 0 -1 -1 0 -1 0 -3 0 0 0 -1 0 1 -1 1 0 0 0 1 0 0 0 -1 0 0 2 1 1 0 -1 -1 0 -1 1 1 0 3 1 1 0 0 0 1 0 1 0 1 0 1 0 0 0 0 0 0 0 0 0 0 -1 0 2 1 0 -1 0 0 0 -1 0 0 -1 0 -1 0 0 0 0 0 0 0 2 0 -1 0 0 0 1 -2 0 -1 0 0 1 0 1 -1 -1 -2 0 0 0 0 0 0 1 1 -1 0 0 1 0 0 -1 0 -1 0 -1 -1 1 0 0 0 -1 -1 -1 2 0 0 0 0 1 1 2 0 0 0 1 -1 0 0 0 0 0 -3 1 1 0 -1 0 0 0 0 0 0 0 1 -1 0 1 2 0 0 1 -1 -1 1 0 0 -1 -2 1 0 2 -1 1 0 0 0 0 0 0 0 1 0 0 1 -1 -1 1 -3 1 0 0 0 -1 0 -1 0 1 0 0 0 2 0 1 2 0 -1 -2 1 0 0 0 0 0 0 1 0 0 1 1 0 0 0 0 0 2 0 0 0 0 0 -2 0 0 0 0 0 0 -2 1 0 0 -1 0 -1 -1 -1 1 -1 0 -1 -1 -2 -1 0 0 1 0 0 0 0 1 0 0 0 0 0 2 -2 0 18 2 1 1 1 -1 0 0 -1 1
-1 0 0 -1 0 -1 0 0 -1 2 0 0 0 2 1 0 0 -1 0 -1 0 0 0 -1 0 -1 0 -1 1 0 1 -1 0 0 2 0 0 0 1 -1 0 0 0 0 1 -1 0 -1 0 0 0 0 -1 1 -1 1 0 1 0 0 1 0 1 0 0 0 -1 0 1 0 1 -1 1 0 0 -1 0 0 -1 0 -1 1 0 0 1 0 -1 0 1 -1 0 1 0 0 0 0 -1 0 0 1 1 0 0 0 0 -1 -1 0 -1 0 1 0 -1 1 1 1 1 -1 -1 0 0 0 1 -1 0 0 0 0 0 1 0 0 0 0 1 0 0 0 0 -1 0 0 0 0 -1 0 0 0 1 0 0 1 -1 1 1 -1 2 1 0 3 0 0 0 0 0 -1 0 0 0 0 -1 -1 2 0 0 1 0 0 0 0 0 0 -1 0 -2 0 0 1 0 0 0 -1 -1 0 1 1 0 0 2 0 0 0 -2 1 0 0 2 0 -2 -1 0 0 0 1 0 -1 1 0 0 0 -1 -1 -1 0 1 0 0 -1 1 -2 0 0 0 1 0 0 0 0 1 2 -1 0 -1 0 0 0 -1 0 1 0 -1 1 0 0 0 2 0 -1 0 -1 0 0 0 0 0 1 0 0 0 0 0 1 1 0 0 -1 0 1 -1 0 -1 0 0 -2 -1 1 0 0 0 0 0 0 1 -1 -1 0 -1 -1 0 1 1 0 -1 0 0 1 2 -2 0 0 0 1 0 0 0 1 1 0 0 1 -2 1 0 0 0 1 1 0 0 1 0 0 0 0 1 0 0 0 -1 0 1 0 0 -1 2 0 1 0 -1 1 1 1 0 1 0 0 -1 -1 -1 0 -1 2 1 0 0 0 0 1 0 1 0 0 -2 0 0 1 1 0 0 -1 0 0 0 0 0 0 0 -1 -1 -1 0 -1 0 0 0 0 0 -1 0 0 0 1 0 1 0 0 0 -1 0 -1 -1 -1 0 -1 0 0 -1 0 0 0 0 0 1 0 0 0 0 1 0 1 0 0 0 0 0 0 1 0 0 -1 0 -1 0 -1 2 1 1 2 0 0 2 16 -1 0 1 -1 0 1 0 -1
0 -1 0 1 2 0 0 -1 1 -1 2 0 0 0 -1 1 0 2 0 0 0 1 0 1 0 1 0 0 1 1 0 0 -1 1 1 -1 0 1 0 0 0 0 0 0 3 2 1 0 -1 0 1 -2 0 0 0 0 0 -1 0 0 0 0 -1 0 -1 -1 0 0 0 0 1 1 0 0 1 0 0 2 0 1 1 0 0 1 0 0 0 0 -1 0 0 0 2 0 1 2 0 0 1 -1 0 1 0 0 -1 0 0 0 0 -1 -1 0 0 0 0 1 -1 -1 1 0 0 0 0 0 0 0 0 0 -1 0 0 2 1 1 0 0 0 0 0 0 1 1 -1 0 0 -1 0 0 1 0 0 0 1 0 0 0 0 0 0 0 1 1 0 0 0 0 0 0 1 0 0 0 0 1 -1 2 0 0 1 1 0 0 1 -1 0 1 0 0 2 0 0 1 0 0 0 -1 0 1 0 1 0 -1 0 0 2 0 2 0 2 0 0 -1 1 0 1 0 0 0 0 1 0 0 1 0 0 0 2 -1 0 0 -1 0 0 0 0 0 0 1 0 -1 0 -1 1 0 1 0 0 0 1 0 1 0 0 0 0 0 0 0 0 -2 0 0 2 0 0 0 0 0 0 0 0 0 -2 0 0 0 0 1 0 0 1 1 1 1 0 0 0 0 0 1 0 0 0 -1 -1 0 0 1 0 0 0 0 1 -2 2 0 1 1 1 0 0 0 0 0 1 0 0 0 0 0 1 0 0 0 0 -1 0 1 0 -1 0 0 0 1 1 1 1 2 1 0 0 0 0 0 2 0 2 0 0 0 0 1 0 1 0 0 0 0 0 0 0 -1 1 0 0 0 1 1 0 -1 0 1 0 0 0 0 0 0 0 0 0 0 0 0 0 1 -1 0 -1 1 -1 0 0 1 1 1 1 1 1 0 0 0 0 -1 -1 2 1 0 1 1 1 1 3 0 0 2 0 0 0 0 1 0 0 0 0 0 0 -1 2 0 -1 0 1 0 -1 0 0 1 -1 1 0 1 1 0 0 0 0 0 0 0 1 -1 12 0 1 2 -1 0 0 1
1 0 0 -1 0 0 -1 -1 0 -1 -1 1 0 1 0 -2 0 -1 -1 -1 1 0 0 1 1 -2 0 0 1 0 0 -1 0 1 2 -1 -1 -1 1 0 0 0 -1 0 0 0 1 0 -2 1 1 0 1 1 -1 -1 0 1 -1 0 0 3 -1 0 0 0 1 0 0 0 1 0 1 1 -1 0 0 0 0 1 -1 -1 0 1 0 -1 0 -1 -2 1 0 0 0 2 2 -1 1 0 0 0 2 0 -1 -1 -1 0 -1 1 1 -2 1 0 -1 1 0 0 0 0 1 0 1 1 0 0 1 0 0 0 0 0 1 0 -1 -1 -1 2 0 0 0 0 1 0 0 -1 0 1 -1 0 0 -1 0 0 -1 0 2 0 0 0 0 2 0 -1 0 0 -1 0 0 0 -1 0 1 0 1 0 0 -1 0 -1 -1 0 -2 0 0 0 0 1 0 0 -1 -2 1 1 0 1 -1 0 -1 0 2 0 0 -1 2 1 0 0 0 0 0 0 -1 -1 1 0 1 -2 0 0 -1 -2 1 -2 0 1 -2 0 1 -1 2 0 1 0 -2 1 -3 -1 0 1 0 0 1 0 0 -1 -1 0 1 0 -1 -1 0 0 1 0 1 1 0 2 0 2 0 -1 -1 0 0 0 0 -2 0 0 0 1 1 0 0 -2 0 0 1 -1 1 1 1 1 -3 0 2 0 2 1 1 1 1 0 1 1 1 2 0 0 0 -1 1 0 0 0 -1 0 2 0 1 0 1 -1 0 0 -2 -1 -1 0 -1 1 1 -2 0 1 0 0 -1 0 1 0 -1 0 -1 0 1 -1 1 0 -1 0 -1 0 0 1 1 0 0 -1 -2 1 1 0 -1 0 0 -1 -1 -3 0 0 -1 -2 0 0 1 -1 -2 -2 1 1 0 0 0 -1 -2 0 1 0 0 0 -1 0 0 0 1 -1 0 1 0 0 -1 2 0 0 2 0 0 -1 -2 0 0 -1 1 0 2 0 3 0 0 1 1 -2 0 0 -1 0 0 -1 0 1 0 0 0 -1 -1 0 -1 -2 0 0 -1 0 0 1 0 0 1 0 0 0 0 1 2 0 1 2 -1 1 1 0 0 24 0 -2 -1 0 0 0
0 -2 2 -1 2 0 0 0 -1 -1 0 0 0 1 0 0 0 0 0 0 0 -1 -1 0 0 0 -1 0 0 0 -1 0 0 0 1 -1 0 0 0 0 1 -1 -1 -1 1 1 -1 -2 -1 -1 0 0 -2 -1 0 1 0 -2 1 -1 1 1 2 0 -1 0 -1 0 0 0 0 -2 0 0 0 0 -1 -1 0 1 0 1 1 0 1 0 -1 1 1 0 0 0 0 1 0 1 0 0 0 -1 0 1 0 0 1 0 0 0 -1 0 0 0 -1 0 0 2 2 1 -1 1 1 -2 -1 0 0 -1 0 0 1 0 0 0 0 2 0 0 -1 0 0 1 -1 0 1 -2 0 0 0 0 0 1 -2 0 0 1 -1 1 0 0 0 0 1 1 0 1 0 1 -1 0 0 1 0 -1 -2 1 0 0 0 -1 0 0 0 0 0 0 -1 1 0 0 0 0 0 0 -2 0 1 0 0 1 1 0 0 -1 0 0 -1 -1 0 0 0 1 0 -1 1 -1 -1 -1 -1 -1 0 -1 0 0 1 1 0 -2 1 0 0 0 1 -2 -1 0 -1 0 0 -2 1 -1 0 0 0 0 0 -1 -1 0 0 -1 -2 0 0 0 0 0 0 1 -2 1 -1 0 -1 0 -1 0 1 0 1 0 0 0 0 2 1 0 0 -1 1 -1 0 1 -1 -2 0 0 0 0 0 -1 0 1 -1 0 -3 0 0 0 0 2 -1 0 0 0 -1 0 1 0 0 0 0 0 0 2 -1 0 2 -1 0 -1 1 0 0 0 1 0 1 1 0 0 0 -1 1 0 0 0 1 1 -1 0 0 0 0 0 1 0 -1 1 -1 2 1 2 0 -1 0 1 0 0 1 3 0 -2 1 1 0 0 0 0 1 0 0 1 1 1 0 0 1 0 -1 0 1 0 1 0 0 0 0 0 0 0 0 0 1 0 1 1 0 1 0 -1 -1 0 1 0 1 1 0 -2 0 -1 0 0 0 0 2 0 0 0 0 0 -1 0 0 0 0 0 0 0 -1 0 0 1 0 0 0 0 -2 0 0 -1 0 0 0 1 -1 0 1 0 0 0 1 1 1 0 16 0 0 0 0 1
1 0 -1 1 1 1 0 1 1 0 0 -1 -2 0 -1 -1 -1 2 -1 -1 0 1 2 1 -1 1 0 1 0 0 0 1 0 1 -1 0 1 1 1 0 -1 -1 1 1 -1 1 0 -1 -1 0 -2 -2 0 0 1 2 -2 0 0 0 1 1 1 0 2 -2 0 1 0 -2 0 0 -1 1 0 0 1 -1 -1 0 0 1 1 1 0 1 -1 -1 0 -1 -1 1 2 -1 0 -1 -1 -2 -2 0 -1 1 0 -1 -2 0 0 0 -1 1 0 0 1 -1 1 1 0 0 -1 -1 -2 0 1 1 0 -1 1 0 0 0 1 0 -2 1 0 -1 1 1 -1 0 -1 -1 1 0 0 -2 0 -1 0 0 0 -1 0 0 -2 0 -2 0 0 -1 -1 2 1 0 -2 1 1 0 0 1 0 0 0 0 -2 -1 0 -1 1 0 -2 -1 1 0 0 0 0 0 0 0 1 1 1 1 -1 0 0 0 -1 0 0 0 3 1 1 0 -2 -1 1 -1 1 1 0 0 0 0 1 -1 0 -1 1 1 0 0 -1 0 0 -1 -1 0 2 0 -2 0 1 2 0 0 0 0 -2 -1 0 0 1 0 -1 1 1 1 1 0 0 -2 0 0 -1 0 0 -1 0 0 -1 0 0 0 0 1 0 0 0 1 -2 0 0 0 0 0 1 0 2 1 0 0 0 0 -2 -1 0 1 0 1 1 0 0 0 -2 1 0 1 -3 2 1 -1 0 -1 0 2 1 0 0 -1 0 0 0 0 1 0 0 0 0 0 0 -1 0 -1 1 0 0 1 0 1 0 1 1 0 2 0 0 0 2 0 0 -1 1 3 1 -2 1 -1 2 -1 0 -2 0 1 1 0 -1 1 0 0 0 0 -1 0 0 3 1 2 0 0 0 -1 0 0 0 0 0 -2 -2 -1 0 0 -1 0 0 -1 1 1 0 0 0 0 0 1 -1 2 0 0 0 0 -1 0 0 -1 0 1 3 0 0 2 2 0 0 -2 0 0 0 1 -1 -1 0 -2 0 0 0 0 -1 0 -1 0 3 -2 0 0 -1 0 2 1 1 0 2 0 0 -1 -1 -1 2 -1 -1 -1 2 -2 0 23 0 0 -2 -1
0 0 -2 -1 0 0 0 1 1 1 -3 0 -1 -1 2 0 0 0 0 0 0 1 0 0 0 0 0 1 -1 0 1 0 2 -2 1 0 0 -1 0 -1 2 -1 0 1 2 1 0 0 0 0 1 0 0 0 0 -1 0 0 0 2 1 0 1 -1 0 0 -1 0 0 0 1 -1 0 -1 1 -1 0 2 0 -1 -1 0 -1 1 2 1 -1 1 1 1 0 2 1 -1 0 0 0 1 -1 1 -1 0 -1 1 0 -1 0 0 1 1 0 1 0 -1 1 -2 0 0 0 1 0 2 0 1 -1 0 0 0 0 0 0 0 0 0 1 -1 1 1 1 0 0 0 0 -1 0 -1 0 0 1 1 0 0 0 0 0 0 1 -1 0 -1 0 0 -1 -1 1 -1 0 1 0 0 -1 0 0 0 0 0 0 1 -1 2 1 0 0 0 0 0 -1 1 0 1 0 0 0 0 0 0 -1 0 1 -1 0 0 0 0 0 0 1 -1 0 0 0 0 -1 0 2 0 -1 0 -1 -1 -1 -1 1 1 0 0 -2 3 -1 0 1 0 0 0 -1 1 1 0 0 1 0 0 0 0 -1 0 2 0 0 0 0 0 0 -1 0 -1 -1 1 -1 0 0 1 -1 -1 1 1 0 0 -2 0 1 0 0 0 1 0 1 -1 0 -1 0 0 1 0 0 0 -1 -1 1 0 1 2 0 0 0 0 0 2 0 -1 0 0 0 0 0 -1 0 0 -1 0 0 0 0 0 2 -1 0 0 0 0 1 0 0 0 1 0 0 -1 1 2 -1 1 0 0 -1 0 -1 0 -2 1 1 0 -1 0 -1 -1 0 0 0 0 4 -1 -1 1 0 1 -1 1 1 2 0 1 -1 2 -2 0 -2 0 0 0 0 0 -2 0 -1 -1 -1 -1 0 1 -1 0 0 0 0 -2 1 0 1 0 1 0 0 0 -1 -2 -1 0 0 0 0 -1 0 0 0 1 3 -1 1 -2 0 0 -1 0 0 -1 0 -1 -1 0 1 0 0 -2 0 0 -1 -1 2 0 0 0 0 0 1 0 2 0 0 1 1 1 3 0 0 0 0 -1 1 0 0 0 -1 -1 0 0 18 0 0 0
0 -1 0 0 0 -1 0 0 0 -1 1 1 0 0 0 0 0 0 0 0 0 -1 0 0 0 0 0 0 1 -1 0 1 0 -1 0 0 0 1 1 0 0 -1 1 0 0 0 0 0 0 0 0 0 -1 0 0 0 1 0 0 0 0 0 0 0 0 0 0 -1 0 1 0 0 0 -1 0 0 0 -3 0 0 0 0 -1 0 0 0 0 0 0 0 0 0 0 0 0 -2 0 0 0 0 0 0 0 0 0 0 -1 1 -1 0 0 -1 0 0 0 0 0 1 -2 1 0 0 0 0 0 0 0 0 0 0 0 0 0 0 0 0 0 0 -1 0 1 0 0 0 0 0 0 0 0 0 0 -1 0 1 0 0 0 0 -1 1 0 0 0 0 0 -2 0 0 0 0 0 0 0 0 0 1 -1 0 0 0 0 0 -1 0 0 1 2 0 0 -2 0 1 -1 1 0 0 1 0 1 0 0 1 1 0 1 0 0 0 0 0 1 0 0 1 0 0 0 1 0 -1 1 0 0 0 0 1 0 0 0 0 0 0 0 1 0 0 0 0 0 0 0 -1 0 0 1 0 0 1 0 0 0 -1 1 1 0 0 1 0 0 -1 0 0 1 0 0 -1 0 0 0 1 0 0 0 0 0 1 0 0 0 0 0 0 -1 0 -1 0 0 0 0 0 0 0 0 0 0 0 0 0 0 1 0 0 0 0 0 0 -1 0 0 0 0 0 0 0 0 0 0 0 -1 0 0 0 0 -1 -1 0 0 -1 0 0 0 0 0 0 0 0 0 -1 0 0 0 1 0 0 0 0 0 0 0 0 0 1 0 0 1 0 0 0 0 0 0 0 -1 0 0 0 0 1 0 0 0 0 0 0 0 0 2 1 0 1 0 -1 -1 0 -2 0 0 -1 0 -1 0 0 0 1 0 0 0 0 0 0 0 0 0 1 0 1 0 1 0 0 -1 0 0 0 0 0 0 0 0 0 0 0 0 0 0 -1 0 1 -1 0 0 0 0 1 0 0 -2 1 0 0 0 0 0 0 0 1 0 0 1 0 0 1 0 0 0 0 0 7 0 0
0 0 1 0 0 -1 0 0 0 -1 0 1 0 0 0 0 0 0 -1 0 1 0 0 0 0 0 1 -1 -1 -1 0 0 0 -2 -1 0 1 0 1 0 0 0 0 -1 0 0 0 0 0 0 0 -1 0 1 0 0 1 0 0 1 1 0 0 0 0 0 0 0 -1 1 0 0 2 0 0 1 -1 0 0 0 0 1 0 0 1 0 0 0 -1 1 0 -1 1 0 1 -1 1 0 1 0 0 -2 0 0 0 0 -1 1 0 1 1 0 0 0 0 0 1 0 1 1 0 0 0 -2 0 -1 -1 0 2 0 1 0 1 0 0 -1 0 1 0 -1 -1 0 0 0 0 0 0 -1 0 0 0 0 0 -1 0 0 -1 0 -1 0 0 1 0 0 0 0 0 0 0 1 1 0 0 -1 -1 0 -1 1 -1 0 0 0 0 1 1 0 0 0 1 0 0 0 0 0 0 -1 1 -1 0 0 0 -1 0 0 0 0 0 1 1 0 0 0 1 0 0 0 0 -1 -1 0 0 0 0 0 0 0 -1 1 -1 -1 -1 -2 0 0 0 0 0 -1 0 0 -1 -1 0 1 0 0 0 0 0 0 -2 0 1 1 0 1 0 0 0 0 1 2 0 0 0 0 0 0 -1 0 0 -1 1 0 0 0 0 1 0 1 0 0 0 0 -1 1 0 0 0 0 0 0 0 -1 0 1 0 -1 0 0 2 0 0 0 -1 0 0 0 0 0 -1 0 0 1 0 0 2 0 1 0 0 0 0 1 1 1 0 0 0 0 0 -1 0 0 0 0 0 -1 -2 1 0 0 0 -1 2 -1 0 0 0 1 0 0 0 0 0 0 -1 0 0 -1 1 0 0 0 -1 1 -2 0 0 0 0 0 0 0 0 0 1 0 -1 0 0 0 0 0 1 0 0 0 1 0 0 0 0 0 1 0 0 0 0 1 -1 0 0 0 -1 -1 0 0 -1 -1 0 1 0 0 0 0 -2 -1 0 0 1 0 1 0 0 0 -1 0 0 -1 0 1 0 0 0 1 0 0 0 0 0 0 0 0 -1 0 0 0 0 0 -1 0 0 0 0 -2 0 0 12 0
1 0 1 1 0 0 1 0 0 0 0 -1 0 -1 -1 1 1 0 1 0 0 0 0 1 0 0 -1 -1 0 1 0 0 -1 -1 -2 -1 -1 0 0 0 1 0 0 0 -1 0 0 0 0 1 0 -1 0 0 0 0 0 0 0 1 -1 -1 1 0 -1 0 0 0 0 0 0 0 -1 0 0 -1 0 -1 1 -1 1 -1 0 -1 0 1 0 1 -1 1 -1 -2 0 -1 -1 -1 -1 0 2 1 0 0 0 -1 -1 0 -1 -1 0 0 0 -1 0 0 -1 1 1 0 1 0 0 0 1 0 1 0 1 0 -1 0 0 -1 0 -1 0 0 0 0 1 0 0 0 0 0 1 0 0 0 0 0 -1 0 -1 -1 0 0 0 2 0 0 0 0 0 -1 0 1 1 0 0 -1 0 0 0 1 1 0 0 -1 0 0 0 0 0 0 0 0 0 0 1 0 2 1 0 0 0 0 -1 -1 0 0 0 0 -1 1 0 0 -2 1 0 0 1 -1 0 -1 0 0 -1 0 -1 0 0 -1 0 1 -1 -1 0 0 0 0 0 -2 0 0 -1 0 0 0 0 0 0 1 1 -1 -1 1 1 0 0 0 0 0 -1 1 -1 1 0 0 0 1 1 0 -2 0 1 0 0 -1 -1 1 0 2 1 0 0 0 0 2 0 0 -1 1 -1 2 0 -1 -1 0 0 0 1 -1 0 0 0 0 0 -1 0 1 0 0 0 0 0 0 -1 0 0 0 0 1 0 -1 0 0 0 1 0 -1 0 -1 0 1 0 1 0 0 0 0 0 -1 0 0 0 0 0 0 0 0 0 -1 0 0 0 -1 2 -2 -1 0 0 0 0 2 -2 0 0 0 -2 0 0 -1 1 1 -1 0 1 -1 0 -1 0 -1 1 1 0 0 -1 0 0 0 0 -2 0 -1 1 0 0 1 -1 -2 0 -2 0 1 1 1 0 0 -1 0 0 0 1 -1 0 0 0 0 1 2 0 -1 -1 1 0 -1 1 0 0 0 0 -1 -1 0 0 1 -2 0 3 -1 1 0 -1 0 0 0 0 0 0 0 1 1 -1 -1 -1 -1 0 0 0 0 1 -1 1 0 1 -1 0 0 0 15

